YEAR,DOY,HOUR,MINUTE,SECOND,SPACECRAFT,PLANET_NUMBER,RESPONSE,L_OR_M_MODE,SHORT_OR_LONG,THRESHOLD_CURRENT,SAVE_PLOT,FIT,ITERATIONS,CHANNELS_CUPA,CHANNELS_CUPB,CHANNELS_CUPC,CHANNELS_CUPD,TOTAL_NUMBER_OF_FITTED_CHANNELS,CHI_SQUARE,VARY_V1,VARY_V2,VARY_V3,VARY_DENSITY,VARY_TEMPERATURE,VARY_KAPPA,ANALYTICAL_VPHI,V1,V2,V3,COMMON_TEMPERATURE,COMMON_KAPPA,DELAMERE_COMPOSITION,SPECIES_1,SPECIES_1_A,SPECIES_1_Z,SPECIES_1_N,SPECIES_1_T,SPECIES_1_KAPPA,SPECIES_1_N_UNCERT,SPECIES_1_T_UNCERT,SPECIES_2,SPECIES_2_A,SPECIES_2_Z,SPECIES_2_N,SPECIES_2_T,SPECIES_2_KAPPA,SPECIES_2_N_UNCERT,SPECIES_2_T_UNCERT,SPECIES_3,SPECIES_3_A,SPECIES_3_Z,SPECIES_3_N,SPECIES_3_T,SPECIES_3_KAPPA,SPECIES_3_N_UNCERT,SPECIES_3_T_UNCERT,SPECIES_4,SPECIES_4_A,SPECIES_4_Z,SPECIES_4_N,SPECIES_4_T,SPECIES_4_KAPPA,SPECIES_4_N_UNCERT,SPECIES_4_T_UNCERT,SPECIES_5,SPECIES_5_A,SPECIES_5_Z,SPECIES_5_N,SPECIES_5_T,SPECIES_5_KAPPA,SPECIES_5_N_UNCERT,SPECIES_5_T_UNCERT,SPECIES_6,SPECIES_6_A,SPECIES_6_Z,SPECIES_6_N,SPECIES_6_T,SPECIES_6_KAPPA,SPECIES_6_N_UNCERT,SPECIES_6_T_UNCERT,SPECIES_7,SPECIES_7_A,SPECIES_7_Z,SPECIES_7_N,SPECIES_7_T,SPECIES_7_KAPPA,SPECIES_7_N_UNCERT,SPECIES_7_T_UNCERT,SPECIES_8,SPECIES_8_A,SPECIES_8_Z,SPECIES_8_N,SPECIES_8_T,SPECIES_8_KAPPA,SPECIES_8_N_UNCERT,SPECIES_8_T_UNCERT
1989,238,8,6,54.5,2,8,0,-1,0,0,1,1,25,0,0,0,1028,0,0,0,0,0,1,1,0,0,0,178.1719524,0,0,0,0,3,1,1,1,100,0,0,0,3,1,1,0.1,3000,0,0,0,0,0,0,0,0,0,0,0,0,0,0,0,0,0,0,0,0,0,0,0,0,0,0,0,0,0,0,0,0,0,0,0,0,0,0,0,0,0,0,0,0,0,0,0,0,0,0,0
1989,238,8,7,17.42,2,8,0,-1,1,0,1,1,25,0,0,0,1028,0,0,0,0,0,1,1,0,0,0,178.210505,0,0,0,0,3,1,1,1,100,0,0,0,3,1,1,0.1,3000,0,0,0,0,0,0,0,0,0,0,0,0,0,0,0,0,0,0,0,0,0,0,0,0,0,0,0,0,0,0,0,0,0,0,0,0,0,0,0,0,0,0,0,0,0,0,0,0,0,0,0
1989,238,8,8,30.5,2,8,0,-1,0,0,1,1,25,0,0,0,1028,0,0,0,0,0,1,1,0,0,0,178.3334285,0,0,0,0,3,1,1,1,100,0,0,0,3,1,1,0.1,3000,0,0,0,0,0,0,0,0,0,0,0,0,0,0,0,0,0,0,0,0,0,0,0,0,0,0,0,0,0,0,0,0,0,0,0,0,0,0,0,0,0,0,0,0,0,0,0,0,0,0,0
1989,238,8,8,53.42,2,8,0,-1,1,0,1,1,25,0,0,0,1028,0,0,0,0,0,1,1,0,0,0,178.3719806,0,0,0,0,3,1,1,1,100,0,0,0,3,1,1,0.1,3000,0,0,0,0,0,0,0,0,0,0,0,0,0,0,0,0,0,0,0,0,0,0,0,0,0,0,0,0,0,0,0,0,0,0,0,0,0,0,0,0,0,0,0,0,0,0,0,0,0,0,0
1989,238,8,10,6.5,2,8,0,-1,0,0,1,1,25,0,0,0,1028,0,0,0,0,0,1,1,0,0,0,178.4949025,0,0,0,0,3,1,1,1,100,0,0,0,3,1,1,0.1,3000,0,0,0,0,0,0,0,0,0,0,0,0,0,0,0,0,0,0,0,0,0,0,0,0,0,0,0,0,0,0,0,0,0,0,0,0,0,0,0,0,0,0,0,0,0,0,0,0,0,0,0
1989,238,8,10,29.42,2,8,0,-1,1,0,1,1,25,0,0,0,1028,0,0,0,0,0,1,1,0,0,0,178.5334542,0,0,0,0,3,1,1,1,100,0,0,0,3,1,1,0.1,3000,0,0,0,0,0,0,0,0,0,0,0,0,0,0,0,0,0,0,0,0,0,0,0,0,0,0,0,0,0,0,0,0,0,0,0,0,0,0,0,0,0,0,0,0,0,0,0,0,0,0,0
1989,238,8,11,42.5,2,8,0,-1,0,0,1,1,25,0,0,0,1028,0,0,0,0,0,1,1,0,0,0,178.6563746,0,0,0,0,3,1,1,1,100,0,0,0,3,1,1,0.1,3000,0,0,0,0,0,0,0,0,0,0,0,0,0,0,0,0,0,0,0,0,0,0,0,0,0,0,0,0,0,0,0,0,0,0,0,0,0,0,0,0,0,0,0,0,0,0,0,0,0,0,0
1989,238,8,12,5.42,2,8,0,-1,1,0,1,1,25,0,0,0,1028,0,0,0,0,0,1,1,0,0,0,178.6949258,0,0,0,0,3,1,1,1,100,0,0,0,3,1,1,0.1,3000,0,0,0,0,0,0,0,0,0,0,0,0,0,0,0,0,0,0,0,0,0,0,0,0,0,0,0,0,0,0,0,0,0,0,0,0,0,0,0,0,0,0,0,0,0,0,0,0,0,0,0
1989,238,8,13,18.5,2,8,0,-1,0,0,1,1,25,0,0,0,1028,0,0,0,0,0,1,1,0,0,0,178.8178447,0,0,0,0,3,1,1,1,100,0,0,0,3,1,1,0.1,3000,0,0,0,0,0,0,0,0,0,0,0,0,0,0,0,0,0,0,0,0,0,0,0,0,0,0,0,0,0,0,0,0,0,0,0,0,0,0,0,0,0,0,0,0,0,0,0,0,0,0,0
1989,238,8,13,41.42,2,8,0,-1,1,0,1,1,25,0,0,0,1028,0,0,0,0,0,1,1,0,0,0,178.8563954,0,0,0,0,3,1,1,1,100,0,0,0,3,1,1,0.1,3000,0,0,0,0,0,0,0,0,0,0,0,0,0,0,0,0,0,0,0,0,0,0,0,0,0,0,0,0,0,0,0,0,0,0,0,0,0,0,0,0,0,0,0,0,0,0,0,0,0,0,0
1989,238,8,14,54.5,2,8,0,-1,0,0,1,1,25,0,0,0,1028,0,0,0,0,0,1,1,0,0,0,178.9793128,0,0,0,0,3,1,1,1,100,0,0,0,3,1,1,0.1,3000,0,0,0,0,0,0,0,0,0,0,0,0,0,0,0,0,0,0,0,0,0,0,0,0,0,0,0,0,0,0,0,0,0,0,0,0,0,0,0,0,0,0,0,0,0,0,0,0,0,0,0
1989,238,8,15,17.42,2,8,0,-1,1,0,1,1,25,0,0,0,1028,0,0,0,0,0,1,1,0,0,0,179.017863,0,0,0,0,3,1,1,1,100,0,0,0,3,1,1,0.1,3000,0,0,0,0,0,0,0,0,0,0,0,0,0,0,0,0,0,0,0,0,0,0,0,0,0,0,0,0,0,0,0,0,0,0,0,0,0,0,0,0,0,0,0,0,0,0,0,0,0,0,0
1989,238,8,18,54.499,2,8,0,-1,0,0,1,1,25,0,0,0,1028,0,0,0,0,0,1,1,0,0,0,179.3829728,0,0,0,0,3,1,1,1,100,0,0,0,3,1,1,0.1,3000,0,0,0,0,0,0,0,0,0,0,0,0,0,0,0,0,0,0,0,0,0,0,0,0,0,0,0,0,0,0,0,0,0,0,0,0,0,0,0,0,0,0,0,0,0,0,0,0,0,0,0
1989,238,8,19,17.419,2,8,0,-1,1,0,1,1,25,0,0,0,1028,0,0,0,0,0,1,1,0,0,0,179.4215218,0,0,0,0,3,1,1,1,100,0,0,0,3,1,1,0.1,3000,0,0,0,0,0,0,0,0,0,0,0,0,0,0,0,0,0,0,0,0,0,0,0,0,0,0,0,0,0,0,0,0,0,0,0,0,0,0,0,0,0,0,0,0,0,0,0,0,0,0,0
1989,238,8,20,30.499,2,8,0,-1,0,0,1,1,25,0,0,0,1028,0,0,0,0,0,1,1,0,0,0,179.544434,0,0,0,0,3,1,1,1,100,0,0,0,3,1,1,0.1,3000,0,0,0,0,0,0,0,0,0,0,0,0,0,0,0,0,0,0,0,0,0,0,0,0,0,0,0,0,0,0,0,0,0,0,0,0,0,0,0,0,0,0,0,0,0,0,0,0,0,0,0
1989,238,8,20,53.419,2,8,0,-1,1,0,1,1,25,0,0,0,1028,0,0,0,0,0,1,1,0,0,0,179.5829826,0,0,0,0,3,1,1,1,100,0,0,0,3,1,1,0.1,3000,0,0,0,0,0,0,0,0,0,0,0,0,0,0,0,0,0,0,0,0,0,0,0,0,0,0,0,0,0,0,0,0,0,0,0,0,0,0,0,0,0,0,0,0,0,0,0,0,0,0,0
1989,238,8,22,6.499,2,8,0,-1,0,0,1,1,25,0,0,0,1028,0,0,0,0,0,1,1,0,0,0,179.7058933,0,0,0,0,3,1,1,1,100,0,0,0,3,1,1,0.1,3000,0,0,0,0,0,0,0,0,0,0,0,0,0,0,0,0,0,0,0,0,0,0,0,0,0,0,0,0,0,0,0,0,0,0,0,0,0,0,0,0,0,0,0,0,0,0,0,0,0,0,0
1989,238,8,22,29.419,2,8,0,-1,1,0,1,1,25,0,0,0,1028,0,0,0,0,0,1,1,0,0,0,179.7444414,0,0,0,0,3,1,1,1,100,0,0,0,3,1,1,0.1,3000,0,0,0,0,0,0,0,0,0,0,0,0,0,0,0,0,0,0,0,0,0,0,0,0,0,0,0,0,0,0,0,0,0,0,0,0,0,0,0,0,0,0,0,0,0,0,0,0,0,0,0
1989,238,8,23,42.499,2,8,0,-1,0,0,1,1,25,0,0,0,1028,0,0,0,0,0,1,1,0,0,0,179.8673506,0,0,0,0,3,1,1,1,100,0,0,0,3,1,1,0.1,3000,0,0,0,0,0,0,0,0,0,0,0,0,0,0,0,0,0,0,0,0,0,0,0,0,0,0,0,0,0,0,0,0,0,0,0,0,0,0,0,0,0,0,0,0,0,0,0,0,0,0,0
1989,238,8,24,5.419,2,8,0,-1,1,0,1,1,25,0,0,0,1028,0,0,0,0,0,1,1,0,0,0,179.9058982,0,0,0,0,3,1,1,1,100,0,0,0,3,1,1,0.1,3000,0,0,0,0,0,0,0,0,0,0,0,0,0,0,0,0,0,0,0,0,0,0,0,0,0,0,0,0,0,0,0,0,0,0,0,0,0,0,0,0,0,0,0,0,0,0,0,0,0,0,0
1989,238,8,25,18.499,2,8,0,-1,0,0,1,1,25,0,0,0,1028,0,0,0,0,0,1,1,0,0,0,180.028806,0,0,0,0,3,1,1,1,100,0,0,0,3,1,1,0.1,3000,0,0,0,0,0,0,0,0,0,0,0,0,0,0,0,0,0,0,0,0,0,0,0,0,0,0,0,0,0,0,0,0,0,0,0,0,0,0,0,0,0,0,0,0,0,0,0,0,0,0,0
1989,238,8,25,41.419,2,8,0,-1,1,0,1,1,25,0,0,0,1028,0,0,0,0,0,1,1,0,0,0,180.0673531,0,0,0,0,3,1,1,1,100,0,0,0,3,1,1,0.1,3000,0,0,0,0,0,0,0,0,0,0,0,0,0,0,0,0,0,0,0,0,0,0,0,0,0,0,0,0,0,0,0,0,0,0,0,0,0,0,0,0,0,0,0,0,0,0,0,0,0,0,0
1989,238,8,26,54.499,2,8,0,-1,0,0,1,1,25,0,0,0,1028,0,0,0,0,0,1,1,0,0,0,180.1902594,0,0,0,0,3,1,1,1,100,0,0,0,3,1,1,0.1,3000,0,0,0,0,0,0,0,0,0,0,0,0,0,0,0,0,0,0,0,0,0,0,0,0,0,0,0,0,0,0,0,0,0,0,0,0,0,0,0,0,0,0,0,0,0,0,0,0,0,0,0
1989,238,8,27,17.419,2,8,0,-1,1,0,1,1,25,0,0,0,1028,0,0,0,0,0,1,1,0,0,0,180.2288061,0,0,0,0,3,1,1,1,100,0,0,0,3,1,1,0.1,3000,0,0,0,0,0,0,0,0,0,0,0,0,0,0,0,0,0,0,0,0,0,0,0,0,0,0,0,0,0,0,0,0,0,0,0,0,0,0,0,0,0,0,0,0,0,0,0,0,0,0,0
1989,238,8,30,54.498,2,8,0,-1,0,0,1,1,25,0,0,0,1028,0,0,0,0,0,1,1,0,0,0,180.5938827,0,0,0,0,3,1,1,1,100,0,0,0,3,1,1,0.1,3000,0,0,0,0,0,0,0,0,0,0,0,0,0,0,0,0,0,0,0,0,0,0,0,0,0,0,0,0,0,0,0,0,0,0,0,0,0,0,0,0,0,0,0,0,0,0,0,0,0,0,0
1989,238,8,31,17.418,2,8,0,-1,1,0,1,1,25,0,0,0,1028,0,0,0,0,0,1,1,0,0,0,180.6324283,0,0,0,0,3,1,1,1,100,0,0,0,3,1,1,0.1,3000,0,0,0,0,0,0,0,0,0,0,0,0,0,0,0,0,0,0,0,0,0,0,0,0,0,0,0,0,0,0,0,0,0,0,0,0,0,0,0,0,0,0,0,0,0,0,0,0,0,0,0
1989,238,8,32,30.498,2,8,0,-1,0,0,1,1,25,0,0,0,1028,0,0,0,0,0,1,1,0,0,0,180.7553293,0,0,0,0,3,1,1,1,100,0,0,0,3,1,1,0.1,3000,0,0,0,0,0,0,0,0,0,0,0,0,0,0,0,0,0,0,0,0,0,0,0,0,0,0,0,0,0,0,0,0,0,0,0,0,0,0,0,0,0,0,0,0,0,0,0,0,0,0,0
1989,238,8,32,53.418,2,8,0,-1,1,0,1,1,25,0,0,0,1028,0,0,0,0,0,1,1,0,0,0,180.7938736,0,0,0,0,3,1,1,1,100,0,0,0,3,1,1,0.1,3000,0,0,0,0,0,0,0,0,0,0,0,0,0,0,0,0,0,0,0,0,0,0,0,0,0,0,0,0,0,0,0,0,0,0,0,0,0,0,0,0,0,0,0,0,0,0,0,0,0,0,0
1989,238,8,34,6.498,2,8,0,-1,0,0,1,1,25,0,0,0,1028,0,0,0,0,0,1,1,0,0,0,180.916774,0,0,0,0,3,1,1,1,100,0,0,0,3,1,1,0.1,3000,0,0,0,0,0,0,0,0,0,0,0,0,0,0,0,0,0,0,0,0,0,0,0,0,0,0,0,0,0,0,0,0,0,0,0,0,0,0,0,0,0,0,0,0,0,0,0,0,0,0,0
1989,238,8,34,29.418,2,8,0,-1,1,0,1,1,25,0,0,0,1028,0,0,0,0,0,1,1,0,0,0,180.9553178,0,0,0,0,3,1,1,1,100,0,0,0,3,1,1,0.1,3000,0,0,0,0,0,0,0,0,0,0,0,0,0,0,0,0,0,0,0,0,0,0,0,0,0,0,0,0,0,0,0,0,0,0,0,0,0,0,0,0,0,0,0,0,0,0,0,0,0,0,0
1989,238,8,35,42.498,2,8,0,-1,0,0,1,1,25,0,0,0,1028,0,0,0,0,0,1,1,0,0,0,181.0782167,0,0,0,0,3,1,1,1,100,0,0,0,3,1,1,0.1,3000,0,0,0,0,0,0,0,0,0,0,0,0,0,0,0,0,0,0,0,0,0,0,0,0,0,0,0,0,0,0,0,0,0,0,0,0,0,0,0,0,0,0,0,0,0,0,0,0,0,0,0
1989,238,8,36,5.418,2,8,0,-1,1,0,1,1,25,0,0,0,1028,0,0,0,0,0,1,1,0,0,0,181.1167609,0,0,0,0,3,1,1,1,100,0,0,0,3,1,1,0.1,3000,0,0,0,0,0,0,0,0,0,0,0,0,0,0,0,0,0,0,0,0,0,0,0,0,0,0,0,0,0,0,0,0,0,0,0,0,0,0,0,0,0,0,0,0,0,0,0,0,0,0,0
1989,238,8,37,18.498,2,8,0,-1,0,0,1,1,25,0,0,0,1028,0,0,0,0,0,1,1,0,0,0,181.2396576,0,0,0,0,3,1,1,1,100,0,0,0,3,1,1,0.1,3000,0,0,0,0,0,0,0,0,0,0,0,0,0,0,0,0,0,0,0,0,0,0,0,0,0,0,0,0,0,0,0,0,0,0,0,0,0,0,0,0,0,0,0,0,0,0,0,0,0,0,0
1989,238,8,37,41.417,2,8,0,-1,1,0,1,1,25,0,0,0,1028,0,0,0,0,0,1,1,0,0,0,181.2781996,0,0,0,0,3,1,1,1,100,0,0,0,3,1,1,0.1,3000,0,0,0,0,0,0,0,0,0,0,0,0,0,0,0,0,0,0,0,0,0,0,0,0,0,0,0,0,0,0,0,0,0,0,0,0,0,0,0,0,0,0,0,0,0,0,0,0,0,0,0
1989,238,8,38,54.498,2,8,0,-1,0,0,1,1,25,0,0,0,1028,0,0,0,0,0,1,1,0,0,0,181.4010965,0,0,0,0,3,1,1,1,100,0,0,0,3,1,1,0.1,3000,0,0,0,0,0,0,0,0,0,0,0,0,0,0,0,0,0,0,0,0,0,0,0,0,0,0,0,0,0,0,0,0,0,0,0,0,0,0,0,0,0,0,0,0,0,0,0,0,0,0,0
1989,238,8,39,17.418,2,8,0,-1,1,0,1,1,25,0,0,0,1028,0,0,0,0,0,1,1,0,0,0,181.4396397,0,0,0,0,3,1,1,1,100,0,0,0,3,1,1,0.1,3000,0,0,0,0,0,0,0,0,0,0,0,0,0,0,0,0,0,0,0,0,0,0,0,0,0,0,0,0,0,0,0,0,0,0,0,0,0,0,0,0,0,0,0,0,0,0,0,0,0,0,0
1989,238,8,42,54.497,2,8,0,-1,0,0,1,1,25,0,0,0,1028,0,0,0,0,0,1,1,0,0,0,181.8046837,0,0,0,0,3,1,1,1,100,0,0,0,3,1,1,0.1,3000,0,0,0,0,0,0,0,0,0,0,0,0,0,0,0,0,0,0,0,0,0,0,0,0,0,0,0,0,0,0,0,0,0,0,0,0,0,0,0,0,0,0,0,0,0,0,0,0,0,0,0
1989,238,8,43,17.417,2,8,0,-1,1,0,1,1,25,0,0,0,1028,0,0,0,0,0,1,1,0,0,0,181.8432258,0,0,0,0,3,1,1,1,100,0,0,0,3,1,1,0.1,3000,0,0,0,0,0,0,0,0,0,0,0,0,0,0,0,0,0,0,0,0,0,0,0,0,0,0,0,0,0,0,0,0,0,0,0,0,0,0,0,0,0,0,0,0,0,0,0,0,0,0,0
1989,238,8,44,30.497,2,8,0,-1,0,0,1,1,25,0,0,0,1028,0,0,0,0,0,1,1,0,0,0,181.9661159,0,0,0,0,3,1,1,1,100,0,0,0,3,1,1,0.1,3000,0,0,0,0,0,0,0,0,0,0,0,0,0,0,0,0,0,0,0,0,0,0,0,0,0,0,0,0,0,0,0,0,0,0,0,0,0,0,0,0,0,0,0,0,0,0,0,0,0,0,0
1989,238,8,44,53.416,2,8,0,-1,1,0,1,1,25,0,0,0,1028,0,0,0,0,0,1,1,0,0,0,182.0046567,0,0,0,0,3,1,1,1,100,0,0,0,3,1,1,0.1,3000,0,0,0,0,0,0,0,0,0,0,0,0,0,0,0,0,0,0,0,0,0,0,0,0,0,0,0,0,0,0,0,0,0,0,0,0,0,0,0,0,0,0,0,0,0,0,0,0,0,0,0
1989,238,8,46,6.497,2,8,0,-1,0,0,1,1,25,0,0,0,1028,0,0,0,0,0,1,1,0,0,0,182.1275461,0,0,0,0,3,1,1,1,100,0,0,0,3,1,1,0.1,3000,0,0,0,0,0,0,0,0,0,0,0,0,0,0,0,0,0,0,0,0,0,0,0,0,0,0,0,0,0,0,0,0,0,0,0,0,0,0,0,0,0,0,0,0,0,0,0,0,0,0,0
1989,238,8,46,29.417,2,8,0,-1,1,0,1,1,25,0,0,0,1028,0,0,0,0,0,1,1,0,0,0,182.1660865,0,0,0,0,3,1,1,1,100,0,0,0,3,1,1,0.1,3000,0,0,0,0,0,0,0,0,0,0,0,0,0,0,0,0,0,0,0,0,0,0,0,0,0,0,0,0,0,0,0,0,0,0,0,0,0,0,0,0,0,0,0,0,0,0,0,0,0,0,0
1989,238,8,47,42.497,2,8,0,-1,0,0,1,1,25,0,0,0,1028,0,0,0,0,0,1,1,0,0,0,182.2889745,0,0,0,0,3,1,1,1,100,0,0,0,3,1,1,0.1,3000,0,0,0,0,0,0,0,0,0,0,0,0,0,0,0,0,0,0,0,0,0,0,0,0,0,0,0,0,0,0,0,0,0,0,0,0,0,0,0,0,0,0,0,0,0,0,0,0,0,0,0
1989,238,8,48,5.417,2,8,0,-1,1,0,1,1,25,0,0,0,1028,0,0,0,0,0,1,1,0,0,0,182.3275153,0,0,0,0,3,1,1,1,100,0,0,0,3,1,1,0.1,3000,0,0,0,0,0,0,0,0,0,0,0,0,0,0,0,0,0,0,0,0,0,0,0,0,0,0,0,0,0,0,0,0,0,0,0,0,0,0,0,0,0,0,0,0,0,0,0,0,0,0,0
1989,238,8,49,18.497,2,8,0,-1,0,0,1,1,25,0,0,0,1028,0,0,0,0,0,1,1,0,0,0,182.450401,0,0,0,0,3,1,1,1,100,0,0,0,3,1,1,0.1,3000,0,0,0,0,0,0,0,0,0,0,0,0,0,0,0,0,0,0,0,0,0,0,0,0,0,0,0,0,0,0,0,0,0,0,0,0,0,0,0,0,0,0,0,0,0,0,0,0,0,0,0
1989,238,8,49,41.416,2,8,0,-1,1,0,1,1,25,0,0,0,1028,0,0,0,0,0,1,1,0,0,0,182.4889396,0,0,0,0,3,1,1,1,100,0,0,0,3,1,1,0.1,3000,0,0,0,0,0,0,0,0,0,0,0,0,0,0,0,0,0,0,0,0,0,0,0,0,0,0,0,0,0,0,0,0,0,0,0,0,0,0,0,0,0,0,0,0,0,0,0,0,0,0,0
1989,238,8,50,54.497,2,8,0,-1,0,0,1,1,25,0,0,0,1028,0,0,0,0,0,1,1,0,0,0,182.6118256,0,0,0,0,3,1,1,1,100,0,0,0,3,1,1,0.1,3000,0,0,0,0,0,0,0,0,0,0,0,0,0,0,0,0,0,0,0,0,0,0,0,0,0,0,0,0,0,0,0,0,0,0,0,0,0,0,0,0,0,0,0,0,0,0,0,0,0,0,0
1989,238,8,51,17.417,2,8,0,-1,1,0,1,1,25,0,0,0,1028,0,0,0,0,0,1,1,0,0,0,182.6503655,0,0,0,0,3,1,1,1,100,0,0,0,3,1,1,0.1,3000,0,0,0,0,0,0,0,0,0,0,0,0,0,0,0,0,0,0,0,0,0,0,0,0,0,0,0,0,0,0,0,0,0,0,0,0,0,0,0,0,0,0,0,0,0,0,0,0,0,0,0
1989,238,8,54,54.496,2,8,0,-1,0,0,1,1,25,0,0,0,1028,0,0,0,0,0,1,1,0,0,0,183.015378,0,0,0,0,3,1,1,1,100,0,0,0,3,1,1,0.1,3000,0,0,0,0,0,0,0,0,0,0,0,0,0,0,0,0,0,0,0,0,0,0,0,0,0,0,0,0,0,0,0,0,0,0,0,0,0,0,0,0,0,0,0,0,0,0,0,0,0,0,0
1989,238,8,55,17.416,2,8,0,-1,1,0,1,1,25,0,0,0,1028,0,0,0,0,0,1,1,0,0,0,183.0539167,0,0,0,0,3,1,1,1,100,0,0,0,3,1,1,0.1,3000,0,0,0,0,0,0,0,0,0,0,0,0,0,0,0,0,0,0,0,0,0,0,0,0,0,0,0,0,0,0,0,0,0,0,0,0,0,0,0,0,0,0,0,0,0,0,0,0,0,0,0
1989,238,8,56,30.496,2,8,0,-1,0,0,1,1,25,0,0,0,1028,0,0,0,0,0,1,1,0,0,0,183.1767951,0,0,0,0,3,1,1,1,100,0,0,0,3,1,1,0.1,3000,0,0,0,0,0,0,0,0,0,0,0,0,0,0,0,0,0,0,0,0,0,0,0,0,0,0,0,0,0,0,0,0,0,0,0,0,0,0,0,0,0,0,0,0,0,0,0,0,0,0,0
1989,238,8,56,53.415,2,8,0,-1,1,0,1,1,25,0,0,0,1028,0,0,0,0,0,1,1,0,0,0,183.2153325,0,0,0,0,3,1,1,1,100,0,0,0,3,1,1,0.1,3000,0,0,0,0,0,0,0,0,0,0,0,0,0,0,0,0,0,0,0,0,0,0,0,0,0,0,0,0,0,0,0,0,0,0,0,0,0,0,0,0,0,0,0,0,0,0,0,0,0,0,0
1989,238,8,58,6.496,2,8,0,-1,0,0,1,1,25,0,0,0,1028,0,0,0,0,0,1,1,0,0,0,183.3382112,0,0,0,0,3,1,1,1,100,0,0,0,3,1,1,0.1,3000,0,0,0,0,0,0,0,0,0,0,0,0,0,0,0,0,0,0,0,0,0,0,0,0,0,0,0,0,0,0,0,0,0,0,0,0,0,0,0,0,0,0,0,0,0,0,0,0,0,0,0
1989,238,8,58,29.415,2,8,0,-1,1,0,1,1,25,0,0,0,1028,0,0,0,0,0,1,1,0,0,0,183.3767473,0,0,0,0,3,1,1,1,100,0,0,0,3,1,1,0.1,3000,0,0,0,0,0,0,0,0,0,0,0,0,0,0,0,0,0,0,0,0,0,0,0,0,0,0,0,0,0,0,0,0,0,0,0,0,0,0,0,0,0,0,0,0,0,0,0,0,0,0,0
1989,238,8,59,42.496,2,8,0,-1,0,0,1,1,25,0,0,0,1028,0,0,0,0,0,1,1,0,0,0,183.4996254,0,0,0,0,3,1,1,1,100,0,0,0,3,1,1,0.1,3000,0,0,0,0,0,0,0,0,0,0,0,0,0,0,0,0,0,0,0,0,0,0,0,0,0,0,0,0,0,0,0,0,0,0,0,0,0,0,0,0,0,0,0,0,0,0,0,0,0,0,0
1989,238,9,0,5.416,2,8,0,-1,1,0,1,1,25,0,0,0,1028,0,0,0,0,0,1,1,0,0,0,183.5381628,0,0,0,0,3,1,1,1,100,0,0,0,3,1,1,0.1,3000,0,0,0,0,0,0,0,0,0,0,0,0,0,0,0,0,0,0,0,0,0,0,0,0,0,0,0,0,0,0,0,0,0,0,0,0,0,0,0,0,0,0,0,0,0,0,0,0,0,0,0
1989,238,9,1,18.496,2,8,0,-1,0,0,1,1,25,0,0,0,1028,0,0,0,0,0,1,1,0,0,0,183.6610378,0,0,0,0,3,1,1,1,100,0,0,0,3,1,1,0.1,3000,0,0,0,0,0,0,0,0,0,0,0,0,0,0,0,0,0,0,0,0,0,0,0,0,0,0,0,0,0,0,0,0,0,0,0,0,0,0,0,0,0,0,0,0,0,0,0,0,0,0,0
1989,238,9,1,41.415,2,8,0,-1,1,0,1,1,25,0,0,0,1028,0,0,0,0,0,1,1,0,0,0,183.699573,0,0,0,0,3,1,1,1,100,0,0,0,3,1,1,0.1,3000,0,0,0,0,0,0,0,0,0,0,0,0,0,0,0,0,0,0,0,0,0,0,0,0,0,0,0,0,0,0,0,0,0,0,0,0,0,0,0,0,0,0,0,0,0,0,0,0,0,0,0
1989,238,9,2,54.496,2,8,0,-1,0,0,1,1,25,0,0,0,1028,0,0,0,0,0,1,1,0,0,0,183.8224482,0,0,0,0,3,1,1,1,100,0,0,0,3,1,1,0.1,3000,0,0,0,0,0,0,0,0,0,0,0,0,0,0,0,0,0,0,0,0,0,0,0,0,0,0,0,0,0,0,0,0,0,0,0,0,0,0,0,0,0,0,0,0,0,0,0,0,0,0,0
1989,238,9,3,17.415,2,8,0,-1,1,0,1,1,25,0,0,0,1028,0,0,0,0,0,1,1,0,0,0,183.8609839,0,0,0,0,3,1,1,1,100,0,0,0,3,1,1,0.1,3000,0,0,0,0,0,0,0,0,0,0,0,0,0,0,0,0,0,0,0,0,0,0,0,0,0,0,0,0,0,0,0,0,0,0,0,0,0,0,0,0,0,0,0,0,0,0,0,0,0,0,0
1989,238,9,6,54.496,2,8,0,-1,0,0,1,1,25,0,0,0,1028,0,0,0,0,0,1,1,0,0,0,184.2259662,0,0,0,0,3,1,1,1,100,0,0,0,3,1,1,0.1,3000,0,0,0,0,0,0,0,0,0,0,0,0,0,0,0,0,0,0,0,0,0,0,0,0,0,0,0,0,0,0,0,0,0,0,0,0,0,0,0,0,0,0,0,0,0,0,0,0,0,0,0
1989,238,9,7,17.415,2,8,0,-1,1,0,1,1,25,0,0,0,1028,0,0,0,0,0,1,1,0,0,0,184.2645008,0,0,0,0,3,1,1,1,100,0,0,0,3,1,1,0.1,3000,0,0,0,0,0,0,0,0,0,0,0,0,0,0,0,0,0,0,0,0,0,0,0,0,0,0,0,0,0,0,0,0,0,0,0,0,0,0,0,0,0,0,0,0,0,0,0,0,0,0,0
1989,238,9,8,30.495,2,8,0,-1,0,0,1,1,25,0,0,0,1028,0,0,0,0,0,1,1,0,0,0,184.3873693,0,0,0,0,3,1,1,1,100,0,0,0,3,1,1,0.1,3000,0,0,0,0,0,0,0,0,0,0,0,0,0,0,0,0,0,0,0,0,0,0,0,0,0,0,0,0,0,0,0,0,0,0,0,0,0,0,0,0,0,0,0,0,0,0,0,0,0,0,0
1989,238,9,8,53.415,2,8,0,-1,1,0,1,1,25,0,0,0,1028,0,0,0,0,0,1,1,0,0,0,184.4259034,0,0,0,0,3,1,1,1,100,0,0,0,3,1,1,0.1,3000,0,0,0,0,0,0,0,0,0,0,0,0,0,0,0,0,0,0,0,0,0,0,0,0,0,0,0,0,0,0,0,0,0,0,0,0,0,0,0,0,0,0,0,0,0,0,0,0,0,0,0
1989,238,9,10,6.495,2,8,0,-1,0,0,1,1,25,0,0,0,1028,0,0,0,0,0,1,1,0,0,0,184.5487706,0,0,0,0,3,1,1,1,100,0,0,0,3,1,1,0.1,3000,0,0,0,0,0,0,0,0,0,0,0,0,0,0,0,0,0,0,0,0,0,0,0,0,0,0,0,0,0,0,0,0,0,0,0,0,0,0,0,0,0,0,0,0,0,0,0,0,0,0,0
1989,238,9,10,29.414,2,8,0,-1,1,0,1,1,25,0,0,0,1028,0,0,0,0,0,1,1,0,0,0,184.5873034,0,0,0,0,3,1,1,1,100,0,0,0,3,1,1,0.1,3000,0,0,0,0,0,0,0,0,0,0,0,0,0,0,0,0,0,0,0,0,0,0,0,0,0,0,0,0,0,0,0,0,0,0,0,0,0,0,0,0,0,0,0,0,0,0,0,0,0,0,0
1989,238,9,11,42.495,2,8,0,-1,0,0,1,1,25,0,0,0,1028,0,0,0,0,0,1,1,0,0,0,184.7101708,0,0,0,0,3,1,1,1,100,0,0,0,3,1,1,0.1,3000,0,0,0,0,0,0,0,0,0,0,0,0,0,0,0,0,0,0,0,0,0,0,0,0,0,0,0,0,0,0,0,0,0,0,0,0,0,0,0,0,0,0,0,0,0,0,0,0,0,0,0
1989,238,9,12,5.415,2,8,0,-1,1,0,1,1,25,0,0,0,1028,0,0,0,0,0,1,1,0,0,0,184.7487049,0,0,0,0,3,1,1,1,100,0,0,0,3,1,1,0.1,3000,0,0,0,0,0,0,0,0,0,0,0,0,0,0,0,0,0,0,0,0,0,0,0,0,0,0,0,0,0,0,0,0,0,0,0,0,0,0,0,0,0,0,0,0,0,0,0,0,0,0,0
1989,238,9,13,18.495,2,8,0,-1,0,0,1,1,25,0,0,0,1028,0,0,0,0,0,1,1,0,0,0,184.8715692,0,0,0,0,3,1,1,1,100,0,0,0,3,1,1,0.1,3000,0,0,0,0,0,0,0,0,0,0,0,0,0,0,0,0,0,0,0,0,0,0,0,0,0,0,0,0,0,0,0,0,0,0,0,0,0,0,0,0,0,0,0,0,0,0,0,0,0,0,0
1989,238,9,13,41.414,2,8,0,-1,1,0,1,1,25,0,0,0,1028,0,0,0,0,0,1,1,0,0,0,184.9101011,0,0,0,0,3,1,1,1,100,0,0,0,3,1,1,0.1,3000,0,0,0,0,0,0,0,0,0,0,0,0,0,0,0,0,0,0,0,0,0,0,0,0,0,0,0,0,0,0,0,0,0,0,0,0,0,0,0,0,0,0,0,0,0,0,0,0,0,0,0
1989,238,9,14,54.495,2,8,0,-1,0,0,1,1,25,0,0,0,1028,0,0,0,0,0,1,1,0,0,0,185.0329657,0,0,0,0,3,1,1,1,100,0,0,0,3,1,1,0.1,3000,0,0,0,0,0,0,0,0,0,0,0,0,0,0,0,0,0,0,0,0,0,0,0,0,0,0,0,0,0,0,0,0,0,0,0,0,0,0,0,0,0,0,0,0,0,0,0,0,0,0,0
1989,238,9,15,17.414,2,8,0,-1,1,0,1,1,25,0,0,0,1028,0,0,0,0,0,1,1,0,0,0,185.071498,0,0,0,0,3,1,1,1,100,0,0,0,3,1,1,0.1,3000,0,0,0,0,0,0,0,0,0,0,0,0,0,0,0,0,0,0,0,0,0,0,0,0,0,0,0,0,0,0,0,0,0,0,0,0,0,0,0,0,0,0,0,0,0,0,0,0,0,0,0
1989,238,9,18,54.495,2,8,0,-1,0,0,1,1,25,0,0,0,1028,0,0,0,0,0,1,1,0,0,0,185.436449,0,0,0,0,3,1,1,1,100,0,0,0,3,1,1,0.1,3000,0,0,0,0,0,0,0,0,0,0,0,0,0,0,0,0,0,0,0,0,0,0,0,0,0,0,0,0,0,0,0,0,0,0,0,0,0,0,0,0,0,0,0,0,0,0,0,0,0,0,0
1989,238,9,19,17.414,2,8,0,-1,1,0,1,1,25,0,0,0,1028,0,0,0,0,0,1,1,0,0,0,185.4749802,0,0,0,0,3,1,1,1,100,0,0,0,3,1,1,0.1,3000,0,0,0,0,0,0,0,0,0,0,0,0,0,0,0,0,0,0,0,0,0,0,0,0,0,0,0,0,0,0,0,0,0,0,0,0,0,0,0,0,0,0,0,0,0,0,0,0,0,0,0
1989,238,9,20,30.495,2,8,0,-1,0,0,1,1,25,0,0,0,1028,0,0,0,0,0,1,1,0,0,0,185.5978391,0,0,0,0,3,1,1,1,100,0,0,0,3,1,1,0.1,3000,0,0,0,0,0,0,0,0,0,0,0,0,0,0,0,0,0,0,0,0,0,0,0,0,0,0,0,0,0,0,0,0,0,0,0,0,0,0,0,0,0,0,0,0,0,0,0,0,0,0,0
1989,238,9,20,53.414,2,8,0,-1,1,0,1,1,25,0,0,0,1028,0,0,0,0,0,1,1,0,0,0,185.6363699,0,0,0,0,3,1,1,1,100,0,0,0,3,1,1,0.1,3000,0,0,0,0,0,0,0,0,0,0,0,0,0,0,0,0,0,0,0,0,0,0,0,0,0,0,0,0,0,0,0,0,0,0,0,0,0,0,0,0,0,0,0,0,0,0,0,0,0,0,0
1989,238,9,22,6.494,2,8,0,-1,0,0,1,1,25,0,0,0,1028,0,0,0,0,0,1,1,0,0,0,185.7592257,0,0,0,0,3,1,1,1,100,0,0,0,3,1,1,0.1,3000,0,0,0,0,0,0,0,0,0,0,0,0,0,0,0,0,0,0,0,0,0,0,0,0,0,0,0,0,0,0,0,0,0,0,0,0,0,0,0,0,0,0,0,0,0,0,0,0,0,0,0
1989,238,9,22,29.414,2,8,0,-1,1,0,1,1,25,0,0,0,1028,0,0,0,0,0,1,1,0,0,0,185.797756,0,0,0,0,3,1,1,1,100,0,0,0,3,1,1,0.1,3000,0,0,0,0,0,0,0,0,0,0,0,0,0,0,0,0,0,0,0,0,0,0,0,0,0,0,0,0,0,0,0,0,0,0,0,0,0,0,0,0,0,0,0,0,0,0,0,0,0,0,0
1989,238,9,23,42.494,2,8,0,-1,0,0,1,1,25,0,0,0,1028,0,0,0,0,0,1,1,0,0,0,185.9206121,0,0,0,0,3,1,1,1,100,0,0,0,3,1,1,0.1,3000,0,0,0,0,0,0,0,0,0,0,0,0,0,0,0,0,0,0,0,0,0,0,0,0,0,0,0,0,0,0,0,0,0,0,0,0,0,0,0,0,0,0,0,0,0,0,0,0,0,0,0
1989,238,9,24,5.414,2,8,0,-1,1,0,1,1,25,0,0,0,1028,0,0,0,0,0,1,1,0,0,0,185.9591429,0,0,0,0,3,1,1,1,100,0,0,0,3,1,1,0.1,3000,0,0,0,0,0,0,0,0,0,0,0,0,0,0,0,0,0,0,0,0,0,0,0,0,0,0,0,0,0,0,0,0,0,0,0,0,0,0,0,0,0,0,0,0,0,0,0,0,0,0,0
1989,238,9,25,18.494,2,8,0,-1,0,0,1,1,25,0,0,0,1028,0,0,0,0,0,1,1,0,0,0,186.0819967,0,0,0,0,3,1,1,1,100,0,0,0,3,1,1,0.1,3000,0,0,0,0,0,0,0,0,0,0,0,0,0,0,0,0,0,0,0,0,0,0,0,0,0,0,0,0,0,0,0,0,0,0,0,0,0,0,0,0,0,0,0,0,0,0,0,0,0,0,0
1989,238,9,25,41.413,2,8,0,-1,1,0,1,1,25,0,0,0,1028,0,0,0,0,0,1,1,0,0,0,186.1205254,0,0,0,0,3,1,1,1,100,0,0,0,3,1,1,0.1,3000,0,0,0,0,0,0,0,0,0,0,0,0,0,0,0,0,0,0,0,0,0,0,0,0,0,0,0,0,0,0,0,0,0,0,0,0,0,0,0,0,0,0,0,0,0,0,0,0,0,0,0
1989,238,9,26,54.494,2,8,0,-1,0,0,1,1,25,0,0,0,1028,0,0,0,0,0,1,1,0,0,0,186.2433795,0,0,0,0,3,1,1,1,100,0,0,0,3,1,1,0.1,3000,0,0,0,0,0,0,0,0,0,0,0,0,0,0,0,0,0,0,0,0,0,0,0,0,0,0,0,0,0,0,0,0,0,0,0,0,0,0,0,0,0,0,0,0,0,0,0,0,0,0,0
1989,238,9,27,17.414,2,8,0,-1,1,0,1,1,25,0,0,0,1028,0,0,0,0,0,1,1,0,0,0,186.2819094,0,0,0,0,3,1,1,1,100,0,0,0,3,1,1,0.1,3000,0,0,0,0,0,0,0,0,0,0,0,0,0,0,0,0,0,0,0,0,0,0,0,0,0,0,0,0,0,0,0,0,0,0,0,0,0,0,0,0,0,0,0,0,0,0,0,0,0,0,0
1989,238,9,30,54.494,2,8,0,-1,0,0,1,1,25,0,0,0,1028,0,0,0,0,0,1,1,0,0,0,186.6468285,0,0,0,0,3,1,1,1,100,0,0,0,3,1,1,0.1,3000,0,0,0,0,0,0,0,0,0,0,0,0,0,0,0,0,0,0,0,0,0,0,0,0,0,0,0,0,0,0,0,0,0,0,0,0,0,0,0,0,0,0,0,0,0,0,0,0,0,0,0
1989,238,9,31,17.414,2,8,0,-1,1,0,1,1,25,0,0,0,1028,0,0,0,0,0,1,1,0,0,0,186.6853573,0,0,0,0,3,1,1,1,100,0,0,0,3,1,1,0.1,3000,0,0,0,0,0,0,0,0,0,0,0,0,0,0,0,0,0,0,0,0,0,0,0,0,0,0,0,0,0,0,0,0,0,0,0,0,0,0,0,0,0,0,0,0,0,0,0,0,0,0,0
1989,238,9,32,30.494,2,8,0,-1,0,0,1,1,25,0,0,0,1028,0,0,0,0,0,1,1,0,0,0,186.808205,0,0,0,0,3,1,1,1,100,0,0,0,3,1,1,0.1,3000,0,0,0,0,0,0,0,0,0,0,0,0,0,0,0,0,0,0,0,0,0,0,0,0,0,0,0,0,0,0,0,0,0,0,0,0,0,0,0,0,0,0,0,0,0,0,0,0,0,0,0
1989,238,9,32,53.414,2,8,0,-1,1,0,1,1,25,0,0,0,1028,0,0,0,0,0,1,1,0,0,0,186.8467325,0,0,0,0,3,1,1,1,100,0,0,0,3,1,1,0.1,3000,0,0,0,0,0,0,0,0,0,0,0,0,0,0,0,0,0,0,0,0,0,0,0,0,0,0,0,0,0,0,0,0,0,0,0,0,0,0,0,0,0,0,0,0,0,0,0,0,0,0,0
1989,238,9,34,6.493,2,8,0,-1,0,0,1,1,25,0,0,0,1028,0,0,0,0,0,1,1,0,0,0,186.9695788,0,0,0,0,3,1,1,1,100,0,0,0,3,1,1,0.1,3000,0,0,0,0,0,0,0,0,0,0,0,0,0,0,0,0,0,0,0,0,0,0,0,0,0,0,0,0,0,0,0,0,0,0,0,0,0,0,0,0,0,0,0,0,0,0,0,0,0,0,0
1989,238,9,34,29.413,2,8,0,-1,1,0,1,1,25,0,0,0,1028,0,0,0,0,0,1,1,0,0,0,187.0081058,0,0,0,0,3,1,1,1,100,0,0,0,3,1,1,0.1,3000,0,0,0,0,0,0,0,0,0,0,0,0,0,0,0,0,0,0,0,0,0,0,0,0,0,0,0,0,0,0,0,0,0,0,0,0,0,0,0,0,0,0,0,0,0,0,0,0,0,0,0
1989,238,9,35,42.493,2,8,0,-1,0,0,1,1,25,0,0,0,1028,0,0,0,0,0,1,1,0,0,0,187.1309507,0,0,0,0,3,1,1,1,100,0,0,0,3,1,1,0.1,3000,0,0,0,0,0,0,0,0,0,0,0,0,0,0,0,0,0,0,0,0,0,0,0,0,0,0,0,0,0,0,0,0,0,0,0,0,0,0,0,0,0,0,0,0,0,0,0,0,0,0,0
1989,238,9,36,5.413,2,8,0,-1,1,0,1,1,25,0,0,0,1028,0,0,0,0,0,1,1,0,0,0,187.1694782,0,0,0,0,3,1,1,1,100,0,0,0,3,1,1,0.1,3000,0,0,0,0,0,0,0,0,0,0,0,0,0,0,0,0,0,0,0,0,0,0,0,0,0,0,0,0,0,0,0,0,0,0,0,0,0,0,0,0,0,0,0,0,0,0,0,0,0,0,0
1989,238,9,37,18.493,2,8,0,-1,0,0,1,1,25,0,0,0,1028,0,0,0,0,0,1,1,0,0,0,187.2923218,0,0,0,0,3,1,1,1,100,0,0,0,3,1,1,0.1,3000,0,0,0,0,0,0,0,0,0,0,0,0,0,0,0,0,0,0,0,0,0,0,0,0,0,0,0,0,0,0,0,0,0,0,0,0,0,0,0,0,0,0,0,0,0,0,0,0,0,0,0
1989,238,9,37,41.412,2,8,0,-1,1,0,1,1,25,0,0,0,1028,0,0,0,0,0,1,1,0,0,0,187.3308471,0,0,0,0,3,1,1,1,100,0,0,0,3,1,1,0.1,3000,0,0,0,0,0,0,0,0,0,0,0,0,0,0,0,0,0,0,0,0,0,0,0,0,0,0,0,0,0,0,0,0,0,0,0,0,0,0,0,0,0,0,0,0,0,0,0,0,0,0,0
1989,238,9,38,54.493,2,8,0,-1,0,0,1,1,25,0,0,0,1028,0,0,0,0,0,1,1,0,0,0,187.453691,0,0,0,0,3,1,1,1,100,0,0,0,3,1,1,0.1,3000,0,0,0,0,0,0,0,0,0,0,0,0,0,0,0,0,0,0,0,0,0,0,0,0,0,0,0,0,0,0,0,0,0,0,0,0,0,0,0,0,0,0,0,0,0,0,0,0,0,0,0
1989,238,9,39,17.413,2,8,0,-1,1,0,1,1,25,0,0,0,1028,0,0,0,0,0,1,1,0,0,0,187.4922176,0,0,0,0,3,1,1,1,100,0,0,0,3,1,1,0.1,3000,0,0,0,0,0,0,0,0,0,0,0,0,0,0,0,0,0,0,0,0,0,0,0,0,0,0,0,0,0,0,0,0,0,0,0,0,0,0,0,0,0,0,0,0,0,0,0,0,0,0,0
1989,238,9,42,54.493,2,8,0,-1,0,0,1,1,25,0,0,0,1028,0,0,0,0,0,1,1,0,0,0,187.8571062,0,0,0,0,3,1,1,1,100,0,0,0,3,1,1,0.1,3000,0,0,0,0,0,0,0,0,0,0,0,0,0,0,0,0,0,0,0,0,0,0,0,0,0,0,0,0,0,0,0,0,0,0,0,0,0,0,0,0,0,0,0,0,0,0,0,0,0,0,0
1989,238,9,43,17.413,2,8,0,-1,1,0,1,1,25,0,0,0,1028,0,0,0,0,0,1,1,0,0,0,187.8956317,0,0,0,0,3,1,1,1,100,0,0,0,3,1,1,0.1,3000,0,0,0,0,0,0,0,0,0,0,0,0,0,0,0,0,0,0,0,0,0,0,0,0,0,0,0,0,0,0,0,0,0,0,0,0,0,0,0,0,0,0,0,0,0,0,0,0,0,0,0
1989,238,9,44,30.493,2,8,0,-1,0,0,1,1,25,0,0,0,1028,0,0,0,0,0,1,1,0,0,0,188.0184691,0,0,0,0,3,1,1,1,100,0,0,0,3,1,1,0.1,3000,0,0,0,0,0,0,0,0,0,0,0,0,0,0,0,0,0,0,0,0,0,0,0,0,0,0,0,0,0,0,0,0,0,0,0,0,0,0,0,0,0,0,0,0,0,0,0,0,0,0,0
1989,238,9,44,53.413,2,8,0,-1,1,0,1,1,25,0,0,0,1028,0,0,0,0,0,1,1,0,0,0,188.0569934,0,0,0,0,3,1,1,1,100,0,0,0,3,1,1,0.1,3000,0,0,0,0,0,0,0,0,0,0,0,0,0,0,0,0,0,0,0,0,0,0,0,0,0,0,0,0,0,0,0,0,0,0,0,0,0,0,0,0,0,0,0,0,0,0,0,0,0,0,0
1989,238,9,46,6.493,2,8,0,-1,0,0,1,1,25,0,0,0,1028,0,0,0,0,0,1,1,0,0,0,188.1798303,0,0,0,0,3,1,1,1,100,0,0,0,3,1,1,0.1,3000,0,0,0,0,0,0,0,0,0,0,0,0,0,0,0,0,0,0,0,0,0,0,0,0,0,0,0,0,0,0,0,0,0,0,0,0,0,0,0,0,0,0,0,0,0,0,0,0,0,0,0
1989,238,9,46,29.412,2,8,0,-1,1,0,1,1,25,0,0,0,1028,0,0,0,0,0,1,1,0,0,0,188.2183542,0,0,0,0,3,1,1,1,100,0,0,0,3,1,1,0.1,3000,0,0,0,0,0,0,0,0,0,0,0,0,0,0,0,0,0,0,0,0,0,0,0,0,0,0,0,0,0,0,0,0,0,0,0,0,0,0,0,0,0,0,0,0,0,0,0,0,0,0,0
1989,238,9,47,42.491,2,8,0,-1,0,0,1,1,25,0,0,0,1028,0,0,0,0,0,1,1,0,0,0,188.3411871,0,0,0,0,3,1,1,1,100,0,0,0,3,1,1,0.1,3000,0,0,0,0,0,0,0,0,0,0,0,0,0,0,0,0,0,0,0,0,0,0,0,0,0,0,0,0,0,0,0,0,0,0,0,0,0,0,0,0,0,0,0,0,0,0,0,0,0,0,0
1989,238,9,48,5.412,2,8,0,-1,1,0,1,1,25,0,0,0,1028,0,0,0,0,0,1,1,0,0,0,188.3797123,0,0,0,0,3,1,1,1,100,0,0,0,3,1,1,0.1,3000,0,0,0,0,0,0,0,0,0,0,0,0,0,0,0,0,0,0,0,0,0,0,0,0,0,0,0,0,0,0,0,0,0,0,0,0,0,0,0,0,0,0,0,0,0,0,0,0,0,0,0
1989,238,9,49,18.492,2,8,0,-1,0,0,1,1,25,0,0,0,1028,0,0,0,0,0,1,1,0,0,0,188.5025456,0,0,0,0,3,1,1,1,100,0,0,0,3,1,1,0.1,3000,0,0,0,0,0,0,0,0,0,0,0,0,0,0,0,0,0,0,0,0,0,0,0,0,0,0,0,0,0,0,0,0,0,0,0,0,0,0,0,0,0,0,0,0,0,0,0,0,0,0,0
1989,238,9,49,41.412,2,8,0,-1,1,0,1,1,25,0,0,0,1028,0,0,0,0,0,1,1,0,0,0,188.5410686,0,0,0,0,3,1,1,1,100,0,0,0,3,1,1,0.1,3000,0,0,0,0,0,0,0,0,0,0,0,0,0,0,0,0,0,0,0,0,0,0,0,0,0,0,0,0,0,0,0,0,0,0,0,0,0,0,0,0,0,0,0,0,0,0,0,0,0,0,0
1989,238,9,50,54.492,2,8,0,-1,0,0,1,1,25,0,0,0,1028,0,0,0,0,0,1,1,0,0,0,188.6639014,0,0,0,0,3,1,1,1,100,0,0,0,3,1,1,0.1,3000,0,0,0,0,0,0,0,0,0,0,0,0,0,0,0,0,0,0,0,0,0,0,0,0,0,0,0,0,0,0,0,0,0,0,0,0,0,0,0,0,0,0,0,0,0,0,0,0,0,0,0
1989,238,9,51,17.412,2,8,0,-1,1,0,1,1,25,0,0,0,1028,0,0,0,0,0,1,1,0,0,0,188.7024248,0,0,0,0,3,1,1,1,100,0,0,0,3,1,1,0.1,3000,0,0,0,0,0,0,0,0,0,0,0,0,0,0,0,0,0,0,0,0,0,0,0,0,0,0,0,0,0,0,0,0,0,0,0,0,0,0,0,0,0,0,0,0,0,0,0,0,0,0,0
1989,238,9,54,54.492,2,8,0,-1,0,0,1,1,25,0,0,0,1028,0,0,0,0,0,1,1,0,0,0,189.0672832,0,0,0,0,3,1,1,1,100,0,0,0,3,1,1,0.1,3000,0,0,0,0,0,0,0,0,0,0,0,0,0,0,0,0,0,0,0,0,0,0,0,0,0,0,0,0,0,0,0,0,0,0,0,0,0,0,0,0,0,0,0,0,0,0,0,0,0,0,0
1989,238,9,55,17.412,2,8,0,-1,1,0,1,1,25,0,0,0,1028,0,0,0,0,0,1,1,0,0,0,189.1058056,0,0,0,0,3,1,1,1,100,0,0,0,3,1,1,0.1,3000,0,0,0,0,0,0,0,0,0,0,0,0,0,0,0,0,0,0,0,0,0,0,0,0,0,0,0,0,0,0,0,0,0,0,0,0,0,0,0,0,0,0,0,0,0,0,0,0,0,0,0
1989,238,9,56,30.491,2,8,0,-1,0,0,1,1,25,0,0,0,1028,0,0,0,0,0,1,1,0,0,0,189.228632,0,0,0,0,3,1,1,1,100,0,0,0,3,1,1,0.1,3000,0,0,0,0,0,0,0,0,0,0,0,0,0,0,0,0,0,0,0,0,0,0,0,0,0,0,0,0,0,0,0,0,0,0,0,0,0,0,0,0,0,0,0,0,0,0,0,0,0,0,0
1989,238,9,56,53.412,2,8,0,-1,1,0,1,1,25,0,0,0,1028,0,0,0,0,0,1,1,0,0,0,189.2671548,0,0,0,0,3,1,1,1,100,0,0,0,3,1,1,0.1,3000,0,0,0,0,0,0,0,0,0,0,0,0,0,0,0,0,0,0,0,0,0,0,0,0,0,0,0,0,0,0,0,0,0,0,0,0,0,0,0,0,0,0,0,0,0,0,0,0,0,0,0
1989,238,9,58,6.492,2,8,0,-1,0,0,1,1,25,0,0,0,1028,0,0,0,0,0,1,1,0,0,0,189.3899807,0,0,0,0,3,1,1,1,100,0,0,0,3,1,1,0.1,3000,0,0,0,0,0,0,0,0,0,0,0,0,0,0,0,0,0,0,0,0,0,0,0,0,0,0,0,0,0,0,0,0,0,0,0,0,0,0,0,0,0,0,0,0,0,0,0,0,0,0,0
1989,238,9,58,29.411,2,8,0,-1,1,0,1,1,25,0,0,0,1028,0,0,0,0,0,1,1,0,0,0,189.4285014,0,0,0,0,3,1,1,1,100,0,0,0,3,1,1,0.1,3000,0,0,0,0,0,0,0,0,0,0,0,0,0,0,0,0,0,0,0,0,0,0,0,0,0,0,0,0,0,0,0,0,0,0,0,0,0,0,0,0,0,0,0,0,0,0,0,0,0,0,0
1989,238,9,59,42.491,2,8,0,-1,0,0,1,1,25,0,0,0,1028,0,0,0,0,0,1,1,0,0,0,189.551326,0,0,0,0,3,1,1,1,100,0,0,0,3,1,1,0.1,3000,0,0,0,0,0,0,0,0,0,0,0,0,0,0,0,0,0,0,0,0,0,0,0,0,0,0,0,0,0,0,0,0,0,0,0,0,0,0,0,0,0,0,0,0,0,0,0,0,0,0,0
1989,238,10,0,5.411,2,8,0,-1,1,0,1,1,25,0,0,0,1028,0,0,0,0,0,1,1,0,0,0,189.5898471,0,0,0,0,3,1,1,1,100,0,0,0,3,1,1,0.1,3000,0,0,0,0,0,0,0,0,0,0,0,0,0,0,0,0,0,0,0,0,0,0,0,0,0,0,0,0,0,0,0,0,0,0,0,0,0,0,0,0,0,0,0,0,0,0,0,0,0,0,0
1989,238,10,1,18.491,2,8,0,-1,0,0,1,1,25,0,0,0,1028,0,0,0,0,0,1,1,0,0,0,189.7126695,0,0,0,0,3,1,1,1,100,0,0,0,3,1,1,0.1,3000,0,0,0,0,0,0,0,0,0,0,0,0,0,0,0,0,0,0,0,0,0,0,0,0,0,0,0,0,0,0,0,0,0,0,0,0,0,0,0,0,0,0,0,0,0,0,0,0,0,0,0
1989,238,10,1,41.411,2,8,0,-1,1,0,1,1,25,0,0,0,1028,0,0,0,0,0,1,1,0,0,0,189.7511902,0,0,0,0,3,1,1,1,100,0,0,0,3,1,1,0.1,3000,0,0,0,0,0,0,0,0,0,0,0,0,0,0,0,0,0,0,0,0,0,0,0,0,0,0,0,0,0,0,0,0,0,0,0,0,0,0,0,0,0,0,0,0,0,0,0,0,0,0,0
1989,238,10,2,54.491,2,8,0,-1,0,0,1,1,25,0,0,0,1028,0,0,0,0,0,1,1,0,0,0,189.8740121,0,0,0,0,3,1,1,1,100,0,0,0,3,1,1,0.1,3000,0,0,0,0,0,0,0,0,0,0,0,0,0,0,0,0,0,0,0,0,0,0,0,0,0,0,0,0,0,0,0,0,0,0,0,0,0,0,0,0,0,0,0,0,0,0,0,0,0,0,0
1989,238,10,3,17.411,2,8,0,-1,1,0,1,1,25,0,0,0,1028,0,0,0,0,0,1,1,0,0,0,189.9125324,0,0,0,0,3,1,1,1,100,0,0,0,3,1,1,0.1,3000,0,0,0,0,0,0,0,0,0,0,0,0,0,0,0,0,0,0,0,0,0,0,0,0,0,0,0,0,0,0,0,0,0,0,0,0,0,0,0,0,0,0,0,0,0,0,0,0,0,0,0
1989,238,10,6,54.49,2,8,0,-1,0,0,1,1,25,0,0,0,1028,0,0,0,0,0,1,1,0,0,0,190.2773601,0,0,0,0,3,1,1,1,100,0,0,0,3,1,1,0.1,3000,0,0,0,0,0,0,0,0,0,0,0,0,0,0,0,0,0,0,0,0,0,0,0,0,0,0,0,0,0,0,0,0,0,0,0,0,0,0,0,0,0,0,0,0,0,0,0,0,0,0,0
1989,238,10,7,17.411,2,8,0,-1,1,0,1,1,25,0,0,0,1028,0,0,0,0,0,1,1,0,0,0,190.3158802,0,0,0,0,3,1,1,1,100,0,0,0,3,1,1,0.1,3000,0,0,0,0,0,0,0,0,0,0,0,0,0,0,0,0,0,0,0,0,0,0,0,0,0,0,0,0,0,0,0,0,0,0,0,0,0,0,0,0,0,0,0,0,0,0,0,0,0,0,0
1989,238,10,8,30.491,2,8,0,-1,0,0,1,1,25,0,0,0,1028,0,0,0,0,0,1,1,0,0,0,190.4386975,0,0,0,0,3,1,1,1,100,0,0,0,3,1,1,0.1,3000,0,0,0,0,0,0,0,0,0,0,0,0,0,0,0,0,0,0,0,0,0,0,0,0,0,0,0,0,0,0,0,0,0,0,0,0,0,0,0,0,0,0,0,0,0,0,0,0,0,0,0
1989,238,10,8,53.411,2,8,0,-1,1,0,1,1,25,0,0,0,1028,0,0,0,0,0,1,1,0,0,0,190.4772163,0,0,0,0,3,1,1,1,100,0,0,0,3,1,1,0.1,3000,0,0,0,0,0,0,0,0,0,0,0,0,0,0,0,0,0,0,0,0,0,0,0,0,0,0,0,0,0,0,0,0,0,0,0,0,0,0,0,0,0,0,0,0,0,0,0,0,0,0,0
1989,238,10,10,6.491,2,8,0,-1,0,0,1,1,25,0,0,0,1028,0,0,0,0,0,1,1,0,0,0,190.6000322,0,0,0,0,3,1,1,1,100,0,0,0,3,1,1,0.1,3000,0,0,0,0,0,0,0,0,0,0,0,0,0,0,0,0,0,0,0,0,0,0,0,0,0,0,0,0,0,0,0,0,0,0,0,0,0,0,0,0,0,0,0,0,0,0,0,0,0,0,0
1989,238,10,10,29.411,2,8,0,-1,1,0,1,1,25,0,0,0,1028,0,0,0,0,0,1,1,0,0,0,190.6385506,0,0,0,0,3,1,1,1,100,0,0,0,3,1,1,0.1,3000,0,0,0,0,0,0,0,0,0,0,0,0,0,0,0,0,0,0,0,0,0,0,0,0,0,0,0,0,0,0,0,0,0,0,0,0,0,0,0,0,0,0,0,0,0,0,0,0,0,0,0
1989,238,10,11,42.491,2,8,0,-1,0,0,1,1,25,0,0,0,1028,0,0,0,0,0,1,1,0,0,0,190.7613653,0,0,0,0,3,1,1,1,100,0,0,0,3,1,1,0.1,3000,0,0,0,0,0,0,0,0,0,0,0,0,0,0,0,0,0,0,0,0,0,0,0,0,0,0,0,0,0,0,0,0,0,0,0,0,0,0,0,0,0,0,0,0,0,0,0,0,0,0,0
1989,238,10,12,5.411,2,8,0,-1,1,0,1,1,25,0,0,0,1028,0,0,0,0,0,1,1,0,0,0,190.7998833,0,0,0,0,3,1,1,1,100,0,0,0,3,1,1,0.1,3000,0,0,0,0,0,0,0,0,0,0,0,0,0,0,0,0,0,0,0,0,0,0,0,0,0,0,0,0,0,0,0,0,0,0,0,0,0,0,0,0,0,0,0,0,0,0,0,0,0,0,0
1989,238,10,13,18.49,2,8,0,-1,0,0,1,1,25,0,0,0,1028,0,0,0,0,0,1,1,0,0,0,190.9226949,0,0,0,0,3,1,1,1,100,0,0,0,3,1,1,0.1,3000,0,0,0,0,0,0,0,0,0,0,0,0,0,0,0,0,0,0,0,0,0,0,0,0,0,0,0,0,0,0,0,0,0,0,0,0,0,0,0,0,0,0,0,0,0,0,0,0,0,0,0
1989,238,10,13,41.41,2,8,0,-1,1,0,1,1,25,0,0,0,1028,0,0,0,0,0,1,1,0,0,0,190.9612124,0,0,0,0,3,1,1,1,100,0,0,0,3,1,1,0.1,3000,0,0,0,0,0,0,0,0,0,0,0,0,0,0,0,0,0,0,0,0,0,0,0,0,0,0,0,0,0,0,0,0,0,0,0,0,0,0,0,0,0,0,0,0,0,0,0,0,0,0,0
1989,238,10,14,54.49,2,8,0,-1,0,0,1,1,25,0,0,0,1028,0,0,0,0,0,1,1,0,0,0,191.0840244,0,0,0,0,3,1,1,1,100,0,0,0,3,1,1,0.1,3000,0,0,0,0,0,0,0,0,0,0,0,0,0,0,0,0,0,0,0,0,0,0,0,0,0,0,0,0,0,0,0,0,0,0,0,0,0,0,0,0,0,0,0,0,0,0,0,0,0,0,0
1989,238,10,15,17.41,2,8,0,-1,1,0,1,1,25,0,0,0,1028,0,0,0,0,0,1,1,0,0,0,191.1225416,0,0,0,0,3,1,1,1,100,0,0,0,3,1,1,0.1,3000,0,0,0,0,0,0,0,0,0,0,0,0,0,0,0,0,0,0,0,0,0,0,0,0,0,0,0,0,0,0,0,0,0,0,0,0,0,0,0,0,0,0,0,0,0,0,0,0,0,0,0
1989,238,10,18,54.49,2,8,0,-1,0,0,1,1,25,0,0,0,1028,0,0,0,0,0,1,1,0,0,0,191.4873407,0,0,0,0,3,1,1,1,100,0,0,0,3,1,1,0.1,3000,0,0,0,0,0,0,0,0,0,0,0,0,0,0,0,0,0,0,0,0,0,0,0,0,0,0,0,0,0,0,0,0,0,0,0,0,0,0,0,0,0,0,0,0,0,0,0,0,0,0,0
1989,238,10,19,17.41,2,8,0,-1,1,0,1,1,25,0,0,0,1028,0,0,0,0,0,1,1,0,0,0,191.5258569,0,0,0,0,3,1,1,1,100,0,0,0,3,1,1,0.1,3000,0,0,0,0,0,0,0,0,0,0,0,0,0,0,0,0,0,0,0,0,0,0,0,0,0,0,0,0,0,0,0,0,0,0,0,0,0,0,0,0,0,0,0,0,0,0,0,0,0,0,0
1989,238,10,20,30.49,2,8,0,-1,0,0,1,1,25,0,0,0,1028,0,0,0,0,0,1,1,0,0,0,191.6486643,0,0,0,0,3,1,1,1,100,0,0,0,3,1,1,0.1,3000,0,0,0,0,0,0,0,0,0,0,0,0,0,0,0,0,0,0,0,0,0,0,0,0,0,0,0,0,0,0,0,0,0,0,0,0,0,0,0,0,0,0,0,0,0,0,0,0,0,0,0
1989,238,10,20,53.41,2,8,0,-1,1,0,1,1,25,0,0,0,1028,0,0,0,0,0,1,1,0,0,0,191.68718,0,0,0,0,3,1,1,1,100,0,0,0,3,1,1,0.1,3000,0,0,0,0,0,0,0,0,0,0,0,0,0,0,0,0,0,0,0,0,0,0,0,0,0,0,0,0,0,0,0,0,0,0,0,0,0,0,0,0,0,0,0,0,0,0,0,0,0,0,0
1989,238,10,22,6.49,2,8,0,-1,0,0,1,1,25,0,0,0,1028,0,0,0,0,0,1,1,0,0,0,191.8099861,0,0,0,0,3,1,1,1,100,0,0,0,3,1,1,0.1,3000,0,0,0,0,0,0,0,0,0,0,0,0,0,0,0,0,0,0,0,0,0,0,0,0,0,0,0,0,0,0,0,0,0,0,0,0,0,0,0,0,0,0,0,0,0,0,0,0,0,0,0
1989,238,10,22,29.41,2,8,0,-1,1,0,1,1,25,0,0,0,1028,0,0,0,0,0,1,1,0,0,0,191.8485014,0,0,0,0,3,1,1,1,100,0,0,0,3,1,1,0.1,3000,0,0,0,0,0,0,0,0,0,0,0,0,0,0,0,0,0,0,0,0,0,0,0,0,0,0,0,0,0,0,0,0,0,0,0,0,0,0,0,0,0,0,0,0,0,0,0,0,0,0,0
1989,238,10,23,42.49,2,8,0,-1,0,0,1,1,25,0,0,0,1028,0,0,0,0,0,1,1,0,0,0,191.9713062,0,0,0,0,3,1,1,1,100,0,0,0,3,1,1,0.1,3000,0,0,0,0,0,0,0,0,0,0,0,0,0,0,0,0,0,0,0,0,0,0,0,0,0,0,0,0,0,0,0,0,0,0,0,0,0,0,0,0,0,0,0,0,0,0,0,0,0,0,0
1989,238,10,24,5.41,2,8,0,-1,1,0,1,1,25,0,0,0,1028,0,0,0,0,0,1,1,0,0,0,192.0098211,0,0,0,0,3,1,1,1,100,0,0,0,3,1,1,0.1,3000,0,0,0,0,0,0,0,0,0,0,0,0,0,0,0,0,0,0,0,0,0,0,0,0,0,0,0,0,0,0,0,0,0,0,0,0,0,0,0,0,0,0,0,0,0,0,0,0,0,0,0
1989,238,10,25,18.489,2,8,0,-1,0,0,1,1,25,0,0,0,1028,0,0,0,0,0,1,1,0,0,0,192.1326237,0,0,0,0,3,1,1,1,100,0,0,0,3,1,1,0.1,3000,0,0,0,0,0,0,0,0,0,0,0,0,0,0,0,0,0,0,0,0,0,0,0,0,0,0,0,0,0,0,0,0,0,0,0,0,0,0,0,0,0,0,0,0,0,0,0,0,0,0,0
1989,238,10,25,41.41,2,8,0,-1,1,0,1,1,25,0,0,0,1028,0,0,0,0,0,1,1,0,0,0,192.1711382,0,0,0,0,3,1,1,1,100,0,0,0,3,1,1,0.1,3000,0,0,0,0,0,0,0,0,0,0,0,0,0,0,0,0,0,0,0,0,0,0,0,0,0,0,0,0,0,0,0,0,0,0,0,0,0,0,0,0,0,0,0,0,0,0,0,0,0,0,0
1989,238,10,26,54.489,2,8,0,-1,0,0,1,1,25,0,0,0,1028,0,0,0,0,0,1,1,0,0,0,192.2939395,0,0,0,0,3,1,1,1,100,0,0,0,3,1,1,0.1,3000,0,0,0,0,0,0,0,0,0,0,0,0,0,0,0,0,0,0,0,0,0,0,0,0,0,0,0,0,0,0,0,0,0,0,0,0,0,0,0,0,0,0,0,0,0,0,0,0,0,0,0
1989,238,10,27,17.409,2,8,0,-1,1,0,1,1,25,0,0,0,1028,0,0,0,0,0,1,1,0,0,0,192.3324528,0,0,0,0,3,1,1,1,100,0,0,0,3,1,1,0.1,3000,0,0,0,0,0,0,0,0,0,0,0,0,0,0,0,0,0,0,0,0,0,0,0,0,0,0,0,0,0,0,0,0,0,0,0,0,0,0,0,0,0,0,0,0,0,0,0,0,0,0,0
1989,238,10,30,54.489,2,8,0,-1,0,0,1,1,25,0,0,0,1028,0,0,0,0,0,1,1,0,0,0,192.6972238,0,0,0,0,3,1,1,1,100,0,0,0,3,1,1,0.1,3000,0,0,0,0,0,0,0,0,0,0,0,0,0,0,0,0,0,0,0,0,0,0,0,0,0,0,0,0,0,0,0,0,0,0,0,0,0,0,0,0,0,0,0,0,0,0,0,0,0,0,0
1989,238,10,31,17.409,2,8,0,-1,1,0,1,1,25,0,0,0,1028,0,0,0,0,0,1,1,0,0,0,192.735736,0,0,0,0,3,1,1,1,100,0,0,0,3,1,1,0.1,3000,0,0,0,0,0,0,0,0,0,0,0,0,0,0,0,0,0,0,0,0,0,0,0,0,0,0,0,0,0,0,0,0,0,0,0,0,0,0,0,0,0,0,0,0,0,0,0,0,0,0,0
1989,238,10,32,30.489,2,8,0,-1,0,0,1,1,25,0,0,0,1028,0,0,0,0,0,1,1,0,0,0,192.8585345,0,0,0,0,3,1,1,1,100,0,0,0,3,1,1,0.1,3000,0,0,0,0,0,0,0,0,0,0,0,0,0,0,0,0,0,0,0,0,0,0,0,0,0,0,0,0,0,0,0,0,0,0,0,0,0,0,0,0,0,0,0,0,0,0,0,0,0,0,0
1989,238,10,32,53.409,2,8,0,-1,1,0,1,1,25,0,0,0,1028,0,0,0,0,0,1,1,0,0,0,192.8970472,0,0,0,0,3,1,1,1,100,0,0,0,3,1,1,0.1,3000,0,0,0,0,0,0,0,0,0,0,0,0,0,0,0,0,0,0,0,0,0,0,0,0,0,0,0,0,0,0,0,0,0,0,0,0,0,0,0,0,0,0,0,0,0,0,0,0,0,0,0
1989,238,10,34,6.489,2,8,0,-1,0,0,1,1,25,0,0,0,1028,0,0,0,0,0,1,1,0,0,0,193.0198435,0,0,0,0,3,1,1,1,100,0,0,0,3,1,1,0.1,3000,0,0,0,0,0,0,0,0,0,0,0,0,0,0,0,0,0,0,0,0,0,0,0,0,0,0,0,0,0,0,0,0,0,0,0,0,0,0,0,0,0,0,0,0,0,0,0,0,0,0,0
1989,238,10,34,29.409,2,8,0,-1,1,0,1,1,25,0,0,0,1028,0,0,0,0,0,1,1,0,0,0,193.0583549,0,0,0,0,3,1,1,1,100,0,0,0,3,1,1,0.1,3000,0,0,0,0,0,0,0,0,0,0,0,0,0,0,0,0,0,0,0,0,0,0,0,0,0,0,0,0,0,0,0,0,0,0,0,0,0,0,0,0,0,0,0,0,0,0,0,0,0,0,0
1989,238,10,35,42.489,2,8,0,-1,0,0,1,1,25,0,0,0,1028,0,0,0,0,0,1,1,0,0,0,193.1811508,0,0,0,0,3,1,1,1,100,0,0,0,3,1,1,0.1,3000,0,0,0,0,0,0,0,0,0,0,0,0,0,0,0,0,0,0,0,0,0,0,0,0,0,0,0,0,0,0,0,0,0,0,0,0,0,0,0,0,0,0,0,0,0,0,0,0,0,0,0
1989,238,10,36,5.409,2,8,0,-1,1,0,1,1,25,0,0,0,1028,0,0,0,0,0,1,1,0,0,0,193.2196627,0,0,0,0,3,1,1,1,100,0,0,0,3,1,1,0.1,3000,0,0,0,0,0,0,0,0,0,0,0,0,0,0,0,0,0,0,0,0,0,0,0,0,0,0,0,0,0,0,0,0,0,0,0,0,0,0,0,0,0,0,0,0,0,0,0,0,0,0,0
1989,238,10,37,18.489,2,8,0,-1,0,0,1,1,25,0,0,0,1028,0,0,0,0,0,1,1,0,0,0,193.3424565,0,0,0,0,3,1,1,1,100,0,0,0,3,1,1,0.1,3000,0,0,0,0,0,0,0,0,0,0,0,0,0,0,0,0,0,0,0,0,0,0,0,0,0,0,0,0,0,0,0,0,0,0,0,0,0,0,0,0,0,0,0,0,0,0,0,0,0,0,0
1989,238,10,37,41.409,2,8,0,-1,1,0,1,1,25,0,0,0,1028,0,0,0,0,0,1,1,0,0,0,193.3809679,0,0,0,0,3,1,1,1,100,0,0,0,3,1,1,0.1,3000,0,0,0,0,0,0,0,0,0,0,0,0,0,0,0,0,0,0,0,0,0,0,0,0,0,0,0,0,0,0,0,0,0,0,0,0,0,0,0,0,0,0,0,0,0,0,0,0,0,0,0
1989,238,10,38,54.488,2,8,0,-1,0,0,1,1,25,0,0,0,1028,0,0,0,0,0,1,1,0,0,0,193.5037587,0,0,0,0,3,1,1,1,100,0,0,0,3,1,1,0.1,3000,0,0,0,0,0,0,0,0,0,0,0,0,0,0,0,0,0,0,0,0,0,0,0,0,0,0,0,0,0,0,0,0,0,0,0,0,0,0,0,0,0,0,0,0,0,0,0,0,0,0,0
1989,238,10,39,17.407,2,8,0,-1,1,0,1,1,25,0,0,0,1028,0,0,0,0,0,1,1,0,0,0,193.542269,0,0,0,0,3,1,1,1,100,0,0,0,3,1,1,0.1,3000,0,0,0,0,0,0,0,0,0,0,0,0,0,0,0,0,0,0,0,0,0,0,0,0,0,0,0,0,0,0,0,0,0,0,0,0,0,0,0,0,0,0,0,0,0,0,0,0,0,0,0
1989,238,10,42,54.488,2,8,0,-1,0,0,1,1,25,0,0,0,1028,0,0,0,0,0,1,1,0,0,0,193.9070104,0,0,0,0,3,1,1,1,100,0,0,0,3,1,1,0.1,3000,0,0,0,0,0,0,0,0,0,0,0,0,0,0,0,0,0,0,0,0,0,0,0,0,0,0,0,0,0,0,0,0,0,0,0,0,0,0,0,0,0,0,0,0,0,0,0,0,0,0,0
1989,238,10,43,17.407,2,8,0,-1,1,0,1,1,25,0,0,0,1028,0,0,0,0,0,1,1,0,0,0,193.9455205,0,0,0,0,3,1,1,1,100,0,0,0,3,1,1,0.1,3000,0,0,0,0,0,0,0,0,0,0,0,0,0,0,0,0,0,0,0,0,0,0,0,0,0,0,0,0,0,0,0,0,0,0,0,0,0,0,0,0,0,0,0,0,0,0,0,0,0,0,0
1989,238,10,44,30.488,2,8,0,-1,0,0,1,1,25,0,0,0,1028,0,0,0,0,0,1,1,0,0,0,194.0683093,0,0,0,0,3,1,1,1,100,0,0,0,3,1,1,0.1,3000,0,0,0,0,0,0,0,0,0,0,0,0,0,0,0,0,0,0,0,0,0,0,0,0,0,0,0,0,0,0,0,0,0,0,0,0,0,0,0,0,0,0,0,0,0,0,0,0,0,0,0
1989,238,10,44,53.408,2,8,0,-1,1,0,1,1,25,0,0,0,1028,0,0,0,0,0,1,1,0,0,0,194.106819,0,0,0,0,3,1,1,1,100,0,0,0,3,1,1,0.1,3000,0,0,0,0,0,0,0,0,0,0,0,0,0,0,0,0,0,0,0,0,0,0,0,0,0,0,0,0,0,0,0,0,0,0,0,0,0,0,0,0,0,0,0,0,0,0,0,0,0,0,0
1989,238,10,46,6.488,2,8,0,-1,0,0,1,1,25,0,0,0,1028,0,0,0,0,0,1,1,0,0,0,194.2296057,0,0,0,0,3,1,1,1,100,0,0,0,3,1,1,0.1,3000,0,0,0,0,0,0,0,0,0,0,0,0,0,0,0,0,0,0,0,0,0,0,0,0,0,0,0,0,0,0,0,0,0,0,0,0,0,0,0,0,0,0,0,0,0,0,0,0,0,0,0
1989,238,10,46,29.407,2,8,0,-1,1,0,1,1,25,0,0,0,1028,0,0,0,0,0,1,1,0,0,0,194.2681142,0,0,0,0,3,1,1,1,100,0,0,0,3,1,1,0.1,3000,0,0,0,0,0,0,0,0,0,0,0,0,0,0,0,0,0,0,0,0,0,0,0,0,0,0,0,0,0,0,0,0,0,0,0,0,0,0,0,0,0,0,0,0,0,0,0,0,0,0,0
1989,238,10,47,42.488,2,8,0,-1,0,0,1,1,25,0,0,0,1028,0,0,0,0,0,1,1,0,0,0,194.3909004,0,0,0,0,3,1,1,1,100,0,0,0,3,1,1,0.1,3000,0,0,0,0,0,0,0,0,0,0,0,0,0,0,0,0,0,0,0,0,0,0,0,0,0,0,0,0,0,0,0,0,0,0,0,0,0,0,0,0,0,0,0,0,0,0,0,0,0,0,0
1989,238,10,48,5.408,2,8,0,-1,1,0,1,1,25,0,0,0,1028,0,0,0,0,0,1,1,0,0,0,194.4294093,0,0,0,0,3,1,1,1,100,0,0,0,3,1,1,0.1,3000,0,0,0,0,0,0,0,0,0,0,0,0,0,0,0,0,0,0,0,0,0,0,0,0,0,0,0,0,0,0,0,0,0,0,0,0,0,0,0,0,0,0,0,0,0,0,0,0,0,0,0
1989,238,10,49,18.488,2,8,0,-1,0,0,1,1,25,0,0,0,1028,0,0,0,0,0,1,1,0,0,0,194.5521935,0,0,0,0,3,1,1,1,100,0,0,0,3,1,1,0.1,3000,0,0,0,0,0,0,0,0,0,0,0,0,0,0,0,0,0,0,0,0,0,0,0,0,0,0,0,0,0,0,0,0,0,0,0,0,0,0,0,0,0,0,0,0,0,0,0,0,0,0,0
1989,238,10,49,41.408,2,8,0,-1,1,0,1,1,25,0,0,0,1028,0,0,0,0,0,1,1,0,0,0,194.590702,0,0,0,0,3,1,1,1,100,0,0,0,3,1,1,0.1,3000,0,0,0,0,0,0,0,0,0,0,0,0,0,0,0,0,0,0,0,0,0,0,0,0,0,0,0,0,0,0,0,0,0,0,0,0,0,0,0,0,0,0,0,0,0,0,0,0,0,0,0
1989,238,10,50,54.488,2,8,0,-1,0,0,1,1,25,0,0,0,1028,0,0,0,0,0,1,1,0,0,0,194.7134849,0,0,0,0,3,1,1,1,100,0,0,0,3,1,1,0.1,3000,0,0,0,0,0,0,0,0,0,0,0,0,0,0,0,0,0,0,0,0,0,0,0,0,0,0,0,0,0,0,0,0,0,0,0,0,0,0,0,0,0,0,0,0,0,0,0,0,0,0,0
1989,238,10,51,17.407,2,8,0,-1,1,0,1,1,25,0,0,0,1028,0,0,0,0,0,1,1,0,0,0,194.7519921,0,0,0,0,3,1,1,1,100,0,0,0,3,1,1,0.1,3000,0,0,0,0,0,0,0,0,0,0,0,0,0,0,0,0,0,0,0,0,0,0,0,0,0,0,0,0,0,0,0,0,0,0,0,0,0,0,0,0,0,0,0,0,0,0,0,0,0,0,0
1989,238,10,54,54.487,2,8,0,-1,0,0,1,1,25,0,0,0,1028,0,0,0,0,0,1,1,0,0,0,195.1167044,0,0,0,0,3,1,1,1,100,0,0,0,3,1,1,0.1,3000,0,0,0,0,0,0,0,0,0,0,0,0,0,0,0,0,0,0,0,0,0,0,0,0,0,0,0,0,0,0,0,0,0,0,0,0,0,0,0,0,0,0,0,0,0,0,0,0,0,0,0
1989,238,10,55,17.407,2,8,0,-1,1,0,1,1,25,0,0,0,1028,0,0,0,0,0,1,1,0,0,0,195.1552115,0,0,0,0,3,1,1,1,100,0,0,0,3,1,1,0.1,3000,0,0,0,0,0,0,0,0,0,0,0,0,0,0,0,0,0,0,0,0,0,0,0,0,0,0,0,0,0,0,0,0,0,0,0,0,0,0,0,0,0,0,0,0,0,0,0,0,0,0,0
1989,238,10,56,30.487,2,8,0,-1,0,0,1,1,25,0,0,0,1028,0,0,0,0,0,1,1,0,0,0,195.27799,0,0,0,0,3,1,1,1,100,0,0,0,3,1,1,0.1,3000,0,0,0,0,0,0,0,0,0,0,0,0,0,0,0,0,0,0,0,0,0,0,0,0,0,0,0,0,0,0,0,0,0,0,0,0,0,0,0,0,0,0,0,0,0,0,0,0,0,0,0
1989,238,10,56,53.407,2,8,0,-1,1,0,1,1,25,0,0,0,1028,0,0,0,0,0,1,1,0,0,0,195.3164967,0,0,0,0,3,1,1,1,100,0,0,0,3,1,1,0.1,3000,0,0,0,0,0,0,0,0,0,0,0,0,0,0,0,0,0,0,0,0,0,0,0,0,0,0,0,0,0,0,0,0,0,0,0,0,0,0,0,0,0,0,0,0,0,0,0,0,0,0,0
1989,238,10,58,6.487,2,8,0,-1,0,0,1,1,25,0,0,0,1028,0,0,0,0,0,1,1,0,0,0,195.4392739,0,0,0,0,3,1,1,1,100,0,0,0,3,1,1,0.1,3000,0,0,0,0,0,0,0,0,0,0,0,0,0,0,0,0,0,0,0,0,0,0,0,0,0,0,0,0,0,0,0,0,0,0,0,0,0,0,0,0,0,0,0,0,0,0,0,0,0,0,0
1989,238,10,58,29.407,2,8,0,-1,1,0,1,1,25,0,0,0,1028,0,0,0,0,0,1,1,0,0,0,195.4777802,0,0,0,0,3,1,1,1,100,0,0,0,3,1,1,0.1,3000,0,0,0,0,0,0,0,0,0,0,0,0,0,0,0,0,0,0,0,0,0,0,0,0,0,0,0,0,0,0,0,0,0,0,0,0,0,0,0,0,0,0,0,0,0,0,0,0,0,0,0
1989,238,10,59,42.487,2,8,0,-1,0,0,1,1,25,0,0,0,1028,0,0,0,0,0,1,1,0,0,0,195.6005562,0,0,0,0,3,1,1,1,100,0,0,0,3,1,1,0.1,3000,0,0,0,0,0,0,0,0,0,0,0,0,0,0,0,0,0,0,0,0,0,0,0,0,0,0,0,0,0,0,0,0,0,0,0,0,0,0,0,0,0,0,0,0,0,0,0,0,0,0,0
1989,238,11,0,5.407,2,8,0,-1,1,0,1,1,25,0,0,0,1028,0,0,0,0,0,1,1,0,0,0,195.6390621,0,0,0,0,3,1,1,1,100,0,0,0,3,1,1,0.1,3000,0,0,0,0,0,0,0,0,0,0,0,0,0,0,0,0,0,0,0,0,0,0,0,0,0,0,0,0,0,0,0,0,0,0,0,0,0,0,0,0,0,0,0,0,0,0,0,0,0,0,0
1989,238,11,1,18.487,2,8,0,-1,0,0,1,1,25,0,0,0,1028,0,0,0,0,0,1,1,0,0,0,195.7618369,0,0,0,0,3,1,1,1,100,0,0,0,3,1,1,0.1,3000,0,0,0,0,0,0,0,0,0,0,0,0,0,0,0,0,0,0,0,0,0,0,0,0,0,0,0,0,0,0,0,0,0,0,0,0,0,0,0,0,0,0,0,0,0,0,0,0,0,0,0
1989,238,11,1,41.407,2,8,0,-1,1,0,1,1,25,0,0,0,1028,0,0,0,0,0,1,1,0,0,0,195.8003424,0,0,0,0,3,1,1,1,100,0,0,0,3,1,1,0.1,3000,0,0,0,0,0,0,0,0,0,0,0,0,0,0,0,0,0,0,0,0,0,0,0,0,0,0,0,0,0,0,0,0,0,0,0,0,0,0,0,0,0,0,0,0,0,0,0,0,0,0,0
1989,238,11,2,54.487,2,8,0,-1,0,0,1,1,25,0,0,0,1028,0,0,0,0,0,1,1,0,0,0,195.9231159,0,0,0,0,3,1,1,1,100,0,0,0,3,1,1,0.1,3000,0,0,0,0,0,0,0,0,0,0,0,0,0,0,0,0,0,0,0,0,0,0,0,0,0,0,0,0,0,0,0,0,0,0,0,0,0,0,0,0,0,0,0,0,0,0,0,0,0,0,0
1989,238,11,3,17.407,2,8,0,-1,1,0,1,1,25,0,0,0,1028,0,0,0,0,0,1,1,0,0,0,195.961621,0,0,0,0,3,1,1,1,100,0,0,0,3,1,1,0.1,3000,0,0,0,0,0,0,0,0,0,0,0,0,0,0,0,0,0,0,0,0,0,0,0,0,0,0,0,0,0,0,0,0,0,0,0,0,0,0,0,0,0,0,0,0,0,0,0,0,0,0,0
1989,238,11,6,54.486,2,8,0,-1,0,0,1,1,25,0,0,0,1028,0,0,0,0,0,1,1,0,0,0,196.3263045,0,0,0,0,3,1,1,1,100,0,0,0,3,1,1,0.1,3000,0,0,0,0,0,0,0,0,0,0,0,0,0,0,0,0,0,0,0,0,0,0,0,0,0,0,0,0,0,0,0,0,0,0,0,0,0,0,0,0,0,0,0,0,0,0,0,0,0,0,0
1989,238,11,7,17.406,2,8,0,-1,1,0,1,1,25,0,0,0,1028,0,0,0,0,0,1,1,0,0,0,196.3648086,0,0,0,0,3,1,1,1,100,0,0,0,3,1,1,0.1,3000,0,0,0,0,0,0,0,0,0,0,0,0,0,0,0,0,0,0,0,0,0,0,0,0,0,0,0,0,0,0,0,0,0,0,0,0,0,0,0,0,0,0,0,0,0,0,0,0,0,0,0
1989,238,11,8,30.486,2,8,0,-1,0,0,1,1,25,0,0,0,1028,0,0,0,0,0,1,1,0,0,0,196.4875777,0,0,0,0,3,1,1,1,100,0,0,0,3,1,1,0.1,3000,0,0,0,0,0,0,0,0,0,0,0,0,0,0,0,0,0,0,0,0,0,0,0,0,0,0,0,0,0,0,0,0,0,0,0,0,0,0,0,0,0,0,0,0,0,0,0,0,0,0,0
1989,238,11,8,53.406,2,8,0,-1,1,0,1,1,25,0,0,0,1028,0,0,0,0,0,1,1,0,0,0,196.5260815,0,0,0,0,3,1,1,1,100,0,0,0,3,1,1,0.1,3000,0,0,0,0,0,0,0,0,0,0,0,0,0,0,0,0,0,0,0,0,0,0,0,0,0,0,0,0,0,0,0,0,0,0,0,0,0,0,0,0,0,0,0,0,0,0,0,0,0,0,0
1989,238,11,10,6.486,2,8,0,-1,0,0,1,1,25,0,0,0,1028,0,0,0,0,0,1,1,0,0,0,196.6488493,0,0,0,0,3,1,1,1,100,0,0,0,3,1,1,0.1,3000,0,0,0,0,0,0,0,0,0,0,0,0,0,0,0,0,0,0,0,0,0,0,0,0,0,0,0,0,0,0,0,0,0,0,0,0,0,0,0,0,0,0,0,0,0,0,0,0,0,0,0
1989,238,11,10,29.406,2,8,0,-1,1,0,1,1,25,0,0,0,1028,0,0,0,0,0,1,1,0,0,0,196.6873527,0,0,0,0,3,1,1,1,100,0,0,0,3,1,1,0.1,3000,0,0,0,0,0,0,0,0,0,0,0,0,0,0,0,0,0,0,0,0,0,0,0,0,0,0,0,0,0,0,0,0,0,0,0,0,0,0,0,0,0,0,0,0,0,0,0,0,0,0,0
1989,238,11,11,42.486,2,8,0,-1,0,0,1,1,25,0,0,0,1028,0,0,0,0,0,1,1,0,0,0,196.8101193,0,0,0,0,3,1,1,1,100,0,0,0,3,1,1,0.1,3000,0,0,0,0,0,0,0,0,0,0,0,0,0,0,0,0,0,0,0,0,0,0,0,0,0,0,0,0,0,0,0,0,0,0,0,0,0,0,0,0,0,0,0,0,0,0,0,0,0,0,0
1989,238,11,12,5.406,2,8,0,-1,1,0,1,1,25,0,0,0,1028,0,0,0,0,0,1,1,0,0,0,196.8486223,0,0,0,0,3,1,1,1,100,0,0,0,3,1,1,0.1,3000,0,0,0,0,0,0,0,0,0,0,0,0,0,0,0,0,0,0,0,0,0,0,0,0,0,0,0,0,0,0,0,0,0,0,0,0,0,0,0,0,0,0,0,0,0,0,0,0,0,0,0
1989,238,11,13,18.486,2,8,0,-1,0,0,1,1,25,0,0,0,1028,0,0,0,0,0,1,1,0,0,0,196.9713877,0,0,0,0,3,1,1,1,100,0,0,0,3,1,1,0.1,3000,0,0,0,0,0,0,0,0,0,0,0,0,0,0,0,0,0,0,0,0,0,0,0,0,0,0,0,0,0,0,0,0,0,0,0,0,0,0,0,0,0,0,0,0,0,0,0,0,0,0,0
1989,238,11,13,41.406,2,8,0,-1,1,0,1,1,25,0,0,0,1028,0,0,0,0,0,1,1,0,0,0,197.0098903,0,0,0,0,3,1,1,1,100,0,0,0,3,1,1,0.1,3000,0,0,0,0,0,0,0,0,0,0,0,0,0,0,0,0,0,0,0,0,0,0,0,0,0,0,0,0,0,0,0,0,0,0,0,0,0,0,0,0,0,0,0,0,0,0,0,0,0,0,0
1989,238,11,14,54.486,2,8,0,-1,0,0,1,1,25,0,0,0,1028,0,0,0,0,0,1,1,0,0,0,197.1326544,0,0,0,0,3,1,1,1,100,0,0,0,3,1,1,0.1,3000,0,0,0,0,0,0,0,0,0,0,0,0,0,0,0,0,0,0,0,0,0,0,0,0,0,0,0,0,0,0,0,0,0,0,0,0,0,0,0,0,0,0,0,0,0,0,0,0,0,0,0
1989,238,11,15,17.406,2,8,0,-1,1,0,1,1,25,0,0,0,1028,0,0,0,0,0,1,1,0,0,0,197.1711566,0,0,0,0,3,1,1,1,100,0,0,0,3,1,1,0.1,3000,0,0,0,0,0,0,0,0,0,0,0,0,0,0,0,0,0,0,0,0,0,0,0,0,0,0,0,0,0,0,0,0,0,0,0,0,0,0,0,0,0,0,0,0,0,0,0,0,0,0,0
1989,238,11,18,54.485,2,8,0,-1,0,0,1,1,25,0,0,0,1028,0,0,0,0,0,1,1,0,0,0,197.5358125,0,0,0,0,3,1,1,1,100,0,0,0,3,1,1,0.1,3000,0,0,0,0,0,0,0,0,0,0,0,0,0,0,0,0,0,0,0,0,0,0,0,0,0,0,0,0,0,0,0,0,0,0,0,0,0,0,0,0,0,0,0,0,0,0,0,0,0,0,0
1989,238,11,19,17.405,2,8,0,-1,1,0,1,1,25,0,0,0,1028,0,0,0,0,0,1,1,0,0,0,197.5743138,0,0,0,0,3,1,1,1,100,0,0,0,3,1,1,0.1,3000,0,0,0,0,0,0,0,0,0,0,0,0,0,0,0,0,0,0,0,0,0,0,0,0,0,0,0,0,0,0,0,0,0,0,0,0,0,0,0,0,0,0,0,0,0,0,0,0,0,0,0
1989,238,11,20,30.485,2,8,0,-1,0,0,1,1,25,0,0,0,1028,0,0,0,0,0,1,1,0,0,0,197.6970736,0,0,0,0,3,1,1,1,100,0,0,0,3,1,1,0.1,3000,0,0,0,0,0,0,0,0,0,0,0,0,0,0,0,0,0,0,0,0,0,0,0,0,0,0,0,0,0,0,0,0,0,0,0,0,0,0,0,0,0,0,0,0,0,0,0,0,0,0,0
1989,238,11,20,53.405,2,8,0,-1,1,0,1,1,25,0,0,0,1028,0,0,0,0,0,1,1,0,0,0,197.7355744,0,0,0,0,3,1,1,1,100,0,0,0,3,1,1,0.1,3000,0,0,0,0,0,0,0,0,0,0,0,0,0,0,0,0,0,0,0,0,0,0,0,0,0,0,0,0,0,0,0,0,0,0,0,0,0,0,0,0,0,0,0,0,0,0,0,0,0,0,0
1989,238,11,22,6.485,2,8,0,-1,0,0,1,1,25,0,0,0,1028,0,0,0,0,0,1,1,0,0,0,197.8583331,0,0,0,0,3,1,1,1,100,0,0,0,3,1,1,0.1,3000,0,0,0,0,0,0,0,0,0,0,0,0,0,0,0,0,0,0,0,0,0,0,0,0,0,0,0,0,0,0,0,0,0,0,0,0,0,0,0,0,0,0,0,0,0,0,0,0,0,0,0
1989,238,11,22,29.405,2,8,0,-1,1,0,1,1,25,0,0,0,1028,0,0,0,0,0,1,1,0,0,0,197.8968335,0,0,0,0,3,1,1,1,100,0,0,0,3,1,1,0.1,3000,0,0,0,0,0,0,0,0,0,0,0,0,0,0,0,0,0,0,0,0,0,0,0,0,0,0,0,0,0,0,0,0,0,0,0,0,0,0,0,0,0,0,0,0,0,0,0,0,0,0,0
1989,238,11,23,42.485,2,8,0,-1,0,0,1,1,25,0,0,0,1028,0,0,0,0,0,1,1,0,0,0,198.0195909,0,0,0,0,3,1,1,1,100,0,0,0,3,1,1,0.1,3000,0,0,0,0,0,0,0,0,0,0,0,0,0,0,0,0,0,0,0,0,0,0,0,0,0,0,0,0,0,0,0,0,0,0,0,0,0,0,0,0,0,0,0,0,0,0,0,0,0,0,0
1989,238,11,24,5.405,2,8,0,-1,1,0,1,1,25,0,0,0,1028,0,0,0,0,0,1,1,0,0,0,198.058091,0,0,0,0,3,1,1,1,100,0,0,0,3,1,1,0.1,3000,0,0,0,0,0,0,0,0,0,0,0,0,0,0,0,0,0,0,0,0,0,0,0,0,0,0,0,0,0,0,0,0,0,0,0,0,0,0,0,0,0,0,0,0,0,0,0,0,0,0,0
1989,238,11,25,18.485,2,8,0,-1,0,0,1,1,25,0,0,0,1028,0,0,0,0,0,1,1,0,0,0,198.1808472,0,0,0,0,3,1,1,1,100,0,0,0,3,1,1,0.1,3000,0,0,0,0,0,0,0,0,0,0,0,0,0,0,0,0,0,0,0,0,0,0,0,0,0,0,0,0,0,0,0,0,0,0,0,0,0,0,0,0,0,0,0,0,0,0,0,0,0,0,0
1989,238,11,25,41.405,2,8,0,-1,1,0,1,1,25,0,0,0,1028,0,0,0,0,0,1,1,0,0,0,198.2193469,0,0,0,0,3,1,1,1,100,0,0,0,3,1,1,0.1,3000,0,0,0,0,0,0,0,0,0,0,0,0,0,0,0,0,0,0,0,0,0,0,0,0,0,0,0,0,0,0,0,0,0,0,0,0,0,0,0,0,0,0,0,0,0,0,0,0,0,0,0
1989,238,11,26,54.485,2,8,0,-1,0,0,1,1,25,0,0,0,1028,0,0,0,0,0,1,1,0,0,0,198.3421018,0,0,0,0,3,1,1,1,100,0,0,0,3,1,1,0.1,3000,0,0,0,0,0,0,0,0,0,0,0,0,0,0,0,0,0,0,0,0,0,0,0,0,0,0,0,0,0,0,0,0,0,0,0,0,0,0,0,0,0,0,0,0,0,0,0,0,0,0,0
1989,238,11,27,17.405,2,8,0,-1,1,0,1,1,25,0,0,0,1028,0,0,0,0,0,1,1,0,0,0,198.3806011,0,0,0,0,3,1,1,1,100,0,0,0,3,1,1,0.1,3000,0,0,0,0,0,0,0,0,0,0,0,0,0,0,0,0,0,0,0,0,0,0,0,0,0,0,0,0,0,0,0,0,0,0,0,0,0,0,0,0,0,0,0,0,0,0,0,0,0,0,0
1989,238,11,30,54.484,2,8,0,-1,0,0,1,1,25,0,0,0,1028,0,0,0,0,0,1,1,0,0,0,198.7452297,0,0,0,0,3,1,1,1,100,0,0,0,3,1,1,0.1,3000,0,0,0,0,0,0,0,0,0,0,0,0,0,0,0,0,0,0,0,0,0,0,0,0,0,0,0,0,0,0,0,0,0,0,0,0,0,0,0,0,0,0,0,0,0,0,0,0,0,0,0
1989,238,11,31,17.404,2,8,0,-1,1,0,1,1,25,0,0,0,1028,0,0,0,0,0,1,1,0,0,0,198.7837281,0,0,0,0,3,1,1,1,100,0,0,0,3,1,1,0.1,3000,0,0,0,0,0,0,0,0,0,0,0,0,0,0,0,0,0,0,0,0,0,0,0,0,0,0,0,0,0,0,0,0,0,0,0,0,0,0,0,0,0,0,0,0,0,0,0,0,0,0,0
1989,238,11,32,30.484,2,8,0,-1,0,0,1,1,25,0,0,0,1028,0,0,0,0,0,1,1,0,0,0,198.9064788,0,0,0,0,3,1,1,1,100,0,0,0,3,1,1,0.1,3000,0,0,0,0,0,0,0,0,0,0,0,0,0,0,0,0,0,0,0,0,0,0,0,0,0,0,0,0,0,0,0,0,0,0,0,0,0,0,0,0,0,0,0,0,0,0,0,0,0,0,0
1989,238,11,32,53.404,2,8,0,-1,1,0,1,1,25,0,0,0,1028,0,0,0,0,0,1,1,0,0,0,198.9449759,0,0,0,0,3,1,1,1,100,0,0,0,3,1,1,0.1,3000,0,0,0,0,0,0,0,0,0,0,0,0,0,0,0,0,0,0,0,0,0,0,0,0,0,0,0,0,0,0,0,0,0,0,0,0,0,0,0,0,0,0,0,0,0,0,0,0,0,0,0
1989,238,11,34,6.484,2,8,0,-1,0,0,1,1,25,0,0,0,1028,0,0,0,0,0,1,1,0,0,0,199.0677263,0,0,0,0,3,1,1,1,100,0,0,0,3,1,1,0.1,3000,0,0,0,0,0,0,0,0,0,0,0,0,0,0,0,0,0,0,0,0,0,0,0,0,0,0,0,0,0,0,0,0,0,0,0,0,0,0,0,0,0,0,0,0,0,0,0,0,0,0,0
1989,238,11,34,29.404,2,8,0,-1,1,0,1,1,25,0,0,0,1028,0,0,0,0,0,1,1,0,0,0,199.106223,0,0,0,0,3,1,1,1,100,0,0,0,3,1,1,0.1,3000,0,0,0,0,0,0,0,0,0,0,0,0,0,0,0,0,0,0,0,0,0,0,0,0,0,0,0,0,0,0,0,0,0,0,0,0,0,0,0,0,0,0,0,0,0,0,0,0,0,0,0
1989,238,11,35,42.484,2,8,0,-1,0,0,1,1,25,0,0,0,1028,0,0,0,0,0,1,1,0,0,0,199.2289721,0,0,0,0,3,1,1,1,100,0,0,0,3,1,1,0.1,3000,0,0,0,0,0,0,0,0,0,0,0,0,0,0,0,0,0,0,0,0,0,0,0,0,0,0,0,0,0,0,0,0,0,0,0,0,0,0,0,0,0,0,0,0,0,0,0,0,0,0,0
1989,238,11,36,5.404,2,8,0,-1,1,0,1,1,25,0,0,0,1028,0,0,0,0,0,1,1,0,0,0,199.2674693,0,0,0,0,3,1,1,1,100,0,0,0,3,1,1,0.1,3000,0,0,0,0,0,0,0,0,0,0,0,0,0,0,0,0,0,0,0,0,0,0,0,0,0,0,0,0,0,0,0,0,0,0,0,0,0,0,0,0,0,0,0,0,0,0,0,0,0,0,0
1989,238,11,37,18.484,2,8,0,-1,0,0,1,1,25,0,0,0,1028,0,0,0,0,0,1,1,0,0,0,199.3902164,0,0,0,0,3,1,1,1,100,0,0,0,3,1,1,0.1,3000,0,0,0,0,0,0,0,0,0,0,0,0,0,0,0,0,0,0,0,0,0,0,0,0,0,0,0,0,0,0,0,0,0,0,0,0,0,0,0,0,0,0,0,0,0,0,0,0,0,0,0
1989,238,11,37,41.403,2,8,0,-1,1,0,1,1,25,0,0,0,1028,0,0,0,0,0,1,1,0,0,0,199.4287116,0,0,0,0,3,1,1,1,100,0,0,0,3,1,1,0.1,3000,0,0,0,0,0,0,0,0,0,0,0,0,0,0,0,0,0,0,0,0,0,0,0,0,0,0,0,0,0,0,0,0,0,0,0,0,0,0,0,0,0,0,0,0,0,0,0,0,0,0,0
1989,238,11,38,54.484,2,8,0,-1,0,0,1,1,25,0,0,0,1028,0,0,0,0,0,1,1,0,0,0,199.5514591,0,0,0,0,3,1,1,1,100,0,0,0,3,1,1,0.1,3000,0,0,0,0,0,0,0,0,0,0,0,0,0,0,0,0,0,0,0,0,0,0,0,0,0,0,0,0,0,0,0,0,0,0,0,0,0,0,0,0,0,0,0,0,0,0,0,0,0,0,0
1989,238,11,39,17.404,2,8,0,-1,1,0,1,1,25,0,0,0,1028,0,0,0,0,0,1,1,0,0,0,199.5899556,0,0,0,0,3,1,1,1,100,0,0,0,3,1,1,0.1,3000,0,0,0,0,0,0,0,0,0,0,0,0,0,0,0,0,0,0,0,0,0,0,0,0,0,0,0,0,0,0,0,0,0,0,0,0,0,0,0,0,0,0,0,0,0,0,0,0,0,0,0
1989,238,11,42,54.484,2,8,0,-1,0,0,1,1,25,0,0,0,1028,0,0,0,0,0,1,1,0,0,0,199.9545581,0,0,0,0,3,1,1,1,100,0,0,0,3,1,1,0.1,3000,0,0,0,0,0,0,0,0,0,0,0,0,0,0,0,0,0,0,0,0,0,0,0,0,0,0,0,0,0,0,0,0,0,0,0,0,0,0,0,0,0,0,0,0,0,0,0,0,0,0,0
1989,238,11,43,17.404,2,8,0,-1,1,0,1,1,25,0,0,0,1028,0,0,0,0,0,1,1,0,0,0,199.9930536,0,0,0,0,3,1,1,1,100,0,0,0,3,1,1,0.1,3000,0,0,0,0,0,0,0,0,0,0,0,0,0,0,0,0,0,0,0,0,0,0,0,0,0,0,0,0,0,0,0,0,0,0,0,0,0,0,0,0,0,0,0,0,0,0,0,0,0,0,0
1989,238,11,44,30.483,2,8,0,-1,0,0,1,1,25,0,0,0,1028,0,0,0,0,0,1,1,0,0,0,200.1157944,0,0,0,0,3,1,1,1,100,0,0,0,3,1,1,0.1,3000,0,0,0,0,0,0,0,0,0,0,0,0,0,0,0,0,0,0,0,0,0,0,0,0,0,0,0,0,0,0,0,0,0,0,0,0,0,0,0,0,0,0,0,0,0,0,0,0,0,0,0
1989,238,11,44,53.402,2,8,0,-1,1,0,1,1,25,0,0,0,1028,0,0,0,0,0,1,1,0,0,0,200.1542887,0,0,0,0,3,1,1,1,100,0,0,0,3,1,1,0.1,3000,0,0,0,0,0,0,0,0,0,0,0,0,0,0,0,0,0,0,0,0,0,0,0,0,0,0,0,0,0,0,0,0,0,0,0,0,0,0,0,0,0,0,0,0,0,0,0,0,0,0,0
1989,238,11,46,6.483,2,8,0,-1,0,0,1,1,25,0,0,0,1028,0,0,0,0,0,1,1,0,0,0,200.27703,0,0,0,0,3,1,1,1,100,0,0,0,3,1,1,0.1,3000,0,0,0,0,0,0,0,0,0,0,0,0,0,0,0,0,0,0,0,0,0,0,0,0,0,0,0,0,0,0,0,0,0,0,0,0,0,0,0,0,0,0,0,0,0,0,0,0,0,0,0
1989,238,11,46,29.402,2,8,0,-1,1,0,1,1,25,0,0,0,1028,0,0,0,0,0,1,1,0,0,0,200.3155239,0,0,0,0,3,1,1,1,100,0,0,0,3,1,1,0.1,3000,0,0,0,0,0,0,0,0,0,0,0,0,0,0,0,0,0,0,0,0,0,0,0,0,0,0,0,0,0,0,0,0,0,0,0,0,0,0,0,0,0,0,0,0,0,0,0,0,0,0,0
1989,238,11,47,42.483,2,8,0,-1,0,0,1,1,25,0,0,0,1028,0,0,0,0,0,1,1,0,0,0,200.438264,0,0,0,0,3,1,1,1,100,0,0,0,3,1,1,0.1,3000,0,0,0,0,0,0,0,0,0,0,0,0,0,0,0,0,0,0,0,0,0,0,0,0,0,0,0,0,0,0,0,0,0,0,0,0,0,0,0,0,0,0,0,0,0,0,0,0,0,0,0
1989,238,11,48,5.403,2,8,0,-1,1,0,1,1,25,0,0,0,1028,0,0,0,0,0,1,1,0,0,0,200.4767584,0,0,0,0,3,1,1,1,100,0,0,0,3,1,1,0.1,3000,0,0,0,0,0,0,0,0,0,0,0,0,0,0,0,0,0,0,0,0,0,0,0,0,0,0,0,0,0,0,0,0,0,0,0,0,0,0,0,0,0,0,0,0,0,0,0,0,0,0,0
1989,238,11,49,18.483,2,8,0,-1,0,0,1,1,25,0,0,0,1028,0,0,0,0,0,1,1,0,0,0,200.5994965,0,0,0,0,3,1,1,1,100,0,0,0,3,1,1,0.1,3000,0,0,0,0,0,0,0,0,0,0,0,0,0,0,0,0,0,0,0,0,0,0,0,0,0,0,0,0,0,0,0,0,0,0,0,0,0,0,0,0,0,0,0,0,0,0,0,0,0,0,0
1989,238,11,49,41.402,2,8,0,-1,1,0,1,1,25,0,0,0,1028,0,0,0,0,0,1,1,0,0,0,200.6379888,0,0,0,0,3,1,1,1,100,0,0,0,3,1,1,0.1,3000,0,0,0,0,0,0,0,0,0,0,0,0,0,0,0,0,0,0,0,0,0,0,0,0,0,0,0,0,0,0,0,0,0,0,0,0,0,0,0,0,0,0,0,0,0,0,0,0,0,0,0
1989,238,11,50,54.483,2,8,0,-1,0,0,1,1,25,0,0,0,1028,0,0,0,0,0,1,1,0,0,0,200.7607274,0,0,0,0,3,1,1,1,100,0,0,0,3,1,1,0.1,3000,0,0,0,0,0,0,0,0,0,0,0,0,0,0,0,0,0,0,0,0,0,0,0,0,0,0,0,0,0,0,0,0,0,0,0,0,0,0,0,0,0,0,0,0,0,0,0,0,0,0,0
1989,238,11,51,17.403,2,8,0,-1,1,0,1,1,25,0,0,0,1028,0,0,0,0,0,1,1,0,0,0,200.799221,0,0,0,0,3,1,1,1,100,0,0,0,3,1,1,0.1,3000,0,0,0,0,0,0,0,0,0,0,0,0,0,0,0,0,0,0,0,0,0,0,0,0,0,0,0,0,0,0,0,0,0,0,0,0,0,0,0,0,0,0,0,0,0,0,0,0,0,0,0
1989,238,11,54,54.483,2,8,0,-1,0,0,1,1,25,0,0,0,1028,0,0,0,0,0,1,1,0,0,0,201.1637978,0,0,0,0,3,1,1,1,100,0,0,0,3,1,1,0.1,3000,0,0,0,0,0,0,0,0,0,0,0,0,0,0,0,0,0,0,0,0,0,0,0,0,0,0,0,0,0,0,0,0,0,0,0,0,0,0,0,0,0,0,0,0,0,0,0,0,0,0,0
1989,238,11,55,17.403,2,8,0,-1,1,0,1,1,25,0,0,0,1028,0,0,0,0,0,1,1,0,0,0,201.2022905,0,0,0,0,3,1,1,1,100,0,0,0,3,1,1,0.1,3000,0,0,0,0,0,0,0,0,0,0,0,0,0,0,0,0,0,0,0,0,0,0,0,0,0,0,0,0,0,0,0,0,0,0,0,0,0,0,0,0,0,0,0,0,0,0,0,0,0,0,0
1989,238,11,56,30.482,2,8,0,-1,0,0,1,1,25,0,0,0,1028,0,0,0,0,0,1,1,0,0,0,201.3250215,0,0,0,0,3,1,1,1,100,0,0,0,3,1,1,0.1,3000,0,0,0,0,0,0,0,0,0,0,0,0,0,0,0,0,0,0,0,0,0,0,0,0,0,0,0,0,0,0,0,0,0,0,0,0,0,0,0,0,0,0,0,0,0,0,0,0,0,0,0
1989,238,11,56,53.401,2,8,0,-1,1,0,1,1,25,0,0,0,1028,0,0,0,0,0,1,1,0,0,0,201.363513,0,0,0,0,3,1,1,1,100,0,0,0,3,1,1,0.1,3000,0,0,0,0,0,0,0,0,0,0,0,0,0,0,0,0,0,0,0,0,0,0,0,0,0,0,0,0,0,0,0,0,0,0,0,0,0,0,0,0,0,0,0,0,0,0,0,0,0,0,0
1989,238,11,58,6.482,2,8,0,-1,0,0,1,1,25,0,0,0,1028,0,0,0,0,0,1,1,0,0,0,201.4862454,0,0,0,0,3,1,1,1,100,0,0,0,3,1,1,0.1,3000,0,0,0,0,0,0,0,0,0,0,0,0,0,0,0,0,0,0,0,0,0,0,0,0,0,0,0,0,0,0,0,0,0,0,0,0,0,0,0,0,0,0,0,0,0,0,0,0,0,0,0
1989,238,11,58,29.401,2,8,0,-1,1,0,1,1,25,0,0,0,1028,0,0,0,0,0,1,1,0,0,0,201.5247357,0,0,0,0,3,1,1,1,100,0,0,0,3,1,1,0.1,3000,0,0,0,0,0,0,0,0,0,0,0,0,0,0,0,0,0,0,0,0,0,0,0,0,0,0,0,0,0,0,0,0,0,0,0,0,0,0,0,0,0,0,0,0,0,0,0,0,0,0,0
1989,238,11,59,42.482,2,8,0,-1,0,0,1,1,25,0,0,0,1028,0,0,0,0,0,1,1,0,0,0,201.6474678,0,0,0,0,3,1,1,1,100,0,0,0,3,1,1,0.1,3000,0,0,0,0,0,0,0,0,0,0,0,0,0,0,0,0,0,0,0,0,0,0,0,0,0,0,0,0,0,0,0,0,0,0,0,0,0,0,0,0,0,0,0,0,0,0,0,0,0,0,0
1989,238,12,0,5.402,2,8,0,-1,1,0,1,1,25,0,0,0,1028,0,0,0,0,0,1,1,0,0,0,201.6859594,0,0,0,0,3,1,1,1,100,0,0,0,3,1,1,0.1,3000,0,0,0,0,0,0,0,0,0,0,0,0,0,0,0,0,0,0,0,0,0,0,0,0,0,0,0,0,0,0,0,0,0,0,0,0,0,0,0,0,0,0,0,0,0,0,0,0,0,0,0
1989,238,12,1,18.482,2,8,0,-1,0,0,1,1,25,0,0,0,1028,0,0,0,0,0,1,1,0,0,0,201.8086885,0,0,0,0,3,1,1,1,100,0,0,0,3,1,1,0.1,3000,0,0,0,0,0,0,0,0,0,0,0,0,0,0,0,0,0,0,0,0,0,0,0,0,0,0,0,0,0,0,0,0,0,0,0,0,0,0,0,0,0,0,0,0,0,0,0,0,0,0,0
1989,238,12,1,41.401,2,8,0,-1,1,0,1,1,25,0,0,0,1028,0,0,0,0,0,1,1,0,0,0,201.8471781,0,0,0,0,3,1,1,1,100,0,0,0,3,1,1,0.1,3000,0,0,0,0,0,0,0,0,0,0,0,0,0,0,0,0,0,0,0,0,0,0,0,0,0,0,0,0,0,0,0,0,0,0,0,0,0,0,0,0,0,0,0,0,0,0,0,0,0,0,0
1989,238,12,2,54.482,2,8,0,-1,0,0,1,1,25,0,0,0,1028,0,0,0,0,0,1,1,0,0,0,201.9699078,0,0,0,0,3,1,1,1,100,0,0,0,3,1,1,0.1,3000,0,0,0,0,0,0,0,0,0,0,0,0,0,0,0,0,0,0,0,0,0,0,0,0,0,0,0,0,0,0,0,0,0,0,0,0,0,0,0,0,0,0,0,0,0,0,0,0,0,0,0
1989,238,12,3,17.401,2,8,0,-1,1,0,1,1,25,0,0,0,1028,0,0,0,0,0,1,1,0,0,0,202.0083978,0,0,0,0,3,1,1,1,100,0,0,0,3,1,1,0.1,3000,0,0,0,0,0,0,0,0,0,0,0,0,0,0,0,0,0,0,0,0,0,0,0,0,0,0,0,0,0,0,0,0,0,0,0,0,0,0,0,0,0,0,0,0,0,0,0,0,0,0,0
1989,238,12,6,54.482,2,8,0,-1,0,0,1,1,25,0,0,0,1028,0,0,0,0,0,1,1,0,0,0,202.3729491,0,0,0,0,3,1,1,1,100,0,0,0,3,1,1,0.1,3000,0,0,0,0,0,0,0,0,0,0,0,0,0,0,0,0,0,0,0,0,0,0,0,0,0,0,0,0,0,0,0,0,0,0,0,0,0,0,0,0,0,0,0,0,0,0,0,0,0,0,0
1989,238,12,7,17.401,2,8,0,-1,1,0,1,1,25,0,0,0,1028,0,0,0,0,0,1,1,0,0,0,202.4114382,0,0,0,0,3,1,1,1,100,0,0,0,3,1,1,0.1,3000,0,0,0,0,0,0,0,0,0,0,0,0,0,0,0,0,0,0,0,0,0,0,0,0,0,0,0,0,0,0,0,0,0,0,0,0,0,0,0,0,0,0,0,0,0,0,0,0,0,0,0
1989,238,12,8,30.481,2,8,0,-1,0,0,1,1,25,0,0,0,1028,0,0,0,0,0,1,1,0,0,0,202.5341621,0,0,0,0,3,1,1,1,100,0,0,0,3,1,1,0.1,3000,0,0,0,0,0,0,0,0,0,0,0,0,0,0,0,0,0,0,0,0,0,0,0,0,0,0,0,0,0,0,0,0,0,0,0,0,0,0,0,0,0,0,0,0,0,0,0,0,0,0,0
1989,238,12,8,53.401,2,8,0,-1,1,0,1,1,25,0,0,0,1028,0,0,0,0,0,1,1,0,0,0,202.5726508,0,0,0,0,3,1,1,1,100,0,0,0,3,1,1,0.1,3000,0,0,0,0,0,0,0,0,0,0,0,0,0,0,0,0,0,0,0,0,0,0,0,0,0,0,0,0,0,0,0,0,0,0,0,0,0,0,0,0,0,0,0,0,0,0,0,0,0,0,0
1989,238,12,10,6.481,2,8,0,-1,0,0,1,1,25,0,0,0,1028,0,0,0,0,0,1,1,0,0,0,202.6953736,0,0,0,0,3,1,1,1,100,0,0,0,3,1,1,0.1,3000,0,0,0,0,0,0,0,0,0,0,0,0,0,0,0,0,0,0,0,0,0,0,0,0,0,0,0,0,0,0,0,0,0,0,0,0,0,0,0,0,0,0,0,0,0,0,0,0,0,0,0
1989,238,12,10,29.4,2,8,0,-1,1,0,1,1,25,0,0,0,1028,0,0,0,0,0,1,1,0,0,0,202.7338611,0,0,0,0,3,1,1,1,100,0,0,0,3,1,1,0.1,3000,0,0,0,0,0,0,0,0,0,0,0,0,0,0,0,0,0,0,0,0,0,0,0,0,0,0,0,0,0,0,0,0,0,0,0,0,0,0,0,0,0,0,0,0,0,0,0,0,0,0,0
1989,238,12,11,42.481,2,8,0,-1,0,0,1,1,25,0,0,0,1028,0,0,0,0,0,1,1,0,0,0,202.8565843,0,0,0,0,3,1,1,1,100,0,0,0,3,1,1,0.1,3000,0,0,0,0,0,0,0,0,0,0,0,0,0,0,0,0,0,0,0,0,0,0,0,0,0,0,0,0,0,0,0,0,0,0,0,0,0,0,0,0,0,0,0,0,0,0,0,0,0,0,0
1989,238,12,12,5.401,2,8,0,-1,1,0,1,1,25,0,0,0,1028,0,0,0,0,0,1,1,0,0,0,202.8950732,0,0,0,0,3,1,1,1,100,0,0,0,3,1,1,0.1,3000,0,0,0,0,0,0,0,0,0,0,0,0,0,0,0,0,0,0,0,0,0,0,0,0,0,0,0,0,0,0,0,0,0,0,0,0,0,0,0,0,0,0,0,0,0,0,0,0,0,0,0
1989,238,12,13,18.481,2,8,0,-1,0,0,1,1,25,0,0,0,1028,0,0,0,0,0,1,1,0,0,0,203.0177936,0,0,0,0,3,1,1,1,100,0,0,0,3,1,1,0.1,3000,0,0,0,0,0,0,0,0,0,0,0,0,0,0,0,0,0,0,0,0,0,0,0,0,0,0,0,0,0,0,0,0,0,0,0,0,0,0,0,0,0,0,0,0,0,0,0,0,0,0,0
1989,238,12,13,41.4,2,8,0,-1,1,0,1,1,25,0,0,0,1028,0,0,0,0,0,1,1,0,0,0,203.0562804,0,0,0,0,3,1,1,1,100,0,0,0,3,1,1,0.1,3000,0,0,0,0,0,0,0,0,0,0,0,0,0,0,0,0,0,0,0,0,0,0,0,0,0,0,0,0,0,0,0,0,0,0,0,0,0,0,0,0,0,0,0,0,0,0,0,0,0,0,0
1989,238,12,14,54.481,2,8,0,-1,0,0,1,1,25,0,0,0,1028,0,0,0,0,0,1,1,0,0,0,203.1790013,0,0,0,0,3,1,1,1,100,0,0,0,3,1,1,0.1,3000,0,0,0,0,0,0,0,0,0,0,0,0,0,0,0,0,0,0,0,0,0,0,0,0,0,0,0,0,0,0,0,0,0,0,0,0,0,0,0,0,0,0,0,0,0,0,0,0,0,0,0
1989,238,12,15,17.401,2,8,0,-1,1,0,1,1,25,0,0,0,1028,0,0,0,0,0,1,1,0,0,0,203.2174886,0,0,0,0,3,1,1,1,100,0,0,0,3,1,1,0.1,3000,0,0,0,0,0,0,0,0,0,0,0,0,0,0,0,0,0,0,0,0,0,0,0,0,0,0,0,0,0,0,0,0,0,0,0,0,0,0,0,0,0,0,0,0,0,0,0,0,0,0,0
1989,238,12,18,54.481,2,8,0,-1,0,0,1,1,25,0,0,0,1028,0,0,0,0,0,1,1,0,0,0,203.5820139,0,0,0,0,3,1,1,1,100,0,0,0,3,1,1,0.1,3000,0,0,0,0,0,0,0,0,0,0,0,0,0,0,0,0,0,0,0,0,0,0,0,0,0,0,0,0,0,0,0,0,0,0,0,0,0,0,0,0,0,0,0,0,0,0,0,0,0,0,0
1989,238,12,19,17.4,2,8,0,-1,1,0,1,1,25,0,0,0,1028,0,0,0,0,0,1,1,0,0,0,203.6205003,0,0,0,0,3,1,1,1,100,0,0,0,3,1,1,0.1,3000,0,0,0,0,0,0,0,0,0,0,0,0,0,0,0,0,0,0,0,0,0,0,0,0,0,0,0,0,0,0,0,0,0,0,0,0,0,0,0,0,0,0,0,0,0,0,0,0,0,0,0
1989,238,12,20,30.48,2,8,0,-1,0,0,1,1,25,0,0,0,1028,0,0,0,0,0,1,1,0,0,0,203.7432155,0,0,0,0,3,1,1,1,100,0,0,0,3,1,1,0.1,3000,0,0,0,0,0,0,0,0,0,0,0,0,0,0,0,0,0,0,0,0,0,0,0,0,0,0,0,0,0,0,0,0,0,0,0,0,0,0,0,0,0,0,0,0,0,0,0,0,0,0,0
1989,238,12,20,53.401,2,8,0,-1,1,0,1,1,25,0,0,0,1028,0,0,0,0,0,1,1,0,0,0,203.7817032,0,0,0,0,3,1,1,1,100,0,0,0,3,1,1,0.1,3000,0,0,0,0,0,0,0,0,0,0,0,0,0,0,0,0,0,0,0,0,0,0,0,0,0,0,0,0,0,0,0,0,0,0,0,0,0,0,0,0,0,0,0,0,0,0,0,0,0,0,0
1989,238,12,22,6.48,2,8,0,-1,0,0,1,1,25,0,0,0,1028,0,0,0,0,0,1,1,0,0,0,203.9044155,0,0,0,0,3,1,1,1,100,0,0,0,3,1,1,0.1,3000,0,0,0,0,0,0,0,0,0,0,0,0,0,0,0,0,0,0,0,0,0,0,0,0,0,0,0,0,0,0,0,0,0,0,0,0,0,0,0,0,0,0,0,0,0,0,0,0,0,0,0
1989,238,12,22,29.4,2,8,0,-1,1,0,1,1,25,0,0,0,1028,0,0,0,0,0,1,1,0,0,0,203.9429012,0,0,0,0,3,1,1,1,100,0,0,0,3,1,1,0.1,3000,0,0,0,0,0,0,0,0,0,0,0,0,0,0,0,0,0,0,0,0,0,0,0,0,0,0,0,0,0,0,0,0,0,0,0,0,0,0,0,0,0,0,0,0,0,0,0,0,0,0,0
1989,238,12,23,42.48,2,8,0,-1,0,0,1,1,25,0,0,0,1028,0,0,0,0,0,1,1,0,0,0,204.0656149,0,0,0,0,3,1,1,1,100,0,0,0,3,1,1,0.1,3000,0,0,0,0,0,0,0,0,0,0,0,0,0,0,0,0,0,0,0,0,0,0,0,0,0,0,0,0,0,0,0,0,0,0,0,0,0,0,0,0,0,0,0,0,0,0,0,0,0,0,0
1989,238,12,24,5.4,2,8,0,-1,1,0,1,1,25,0,0,0,1028,0,0,0,0,0,1,1,0,0,0,204.104101,0,0,0,0,3,1,1,1,100,0,0,0,3,1,1,0.1,3000,0,0,0,0,0,0,0,0,0,0,0,0,0,0,0,0,0,0,0,0,0,0,0,0,0,0,0,0,0,0,0,0,0,0,0,0,0,0,0,0,0,0,0,0,0,0,0,0,0,0,0
1989,238,12,25,18.48,2,8,0,-1,0,0,1,1,25,0,0,0,1028,0,0,0,0,0,1,1,0,0,0,204.2268127,0,0,0,0,3,1,1,1,100,0,0,0,3,1,1,0.1,3000,0,0,0,0,0,0,0,0,0,0,0,0,0,0,0,0,0,0,0,0,0,0,0,0,0,0,0,0,0,0,0,0,0,0,0,0,0,0,0,0,0,0,0,0,0,0,0,0,0,0,0
1989,238,12,25,41.399,2,8,0,-1,1,0,1,1,25,0,0,0,1028,0,0,0,0,0,1,1,0,0,0,204.2652968,0,0,0,0,3,1,1,1,100,0,0,0,3,1,1,0.1,3000,0,0,0,0,0,0,0,0,0,0,0,0,0,0,0,0,0,0,0,0,0,0,0,0,0,0,0,0,0,0,0,0,0,0,0,0,0,0,0,0,0,0,0,0,0,0,0,0,0,0,0
1989,238,12,26,54.48,2,8,0,-1,0,0,1,1,25,0,0,0,1028,0,0,0,0,0,1,1,0,0,0,204.388009,0,0,0,0,3,1,1,1,100,0,0,0,3,1,1,0.1,3000,0,0,0,0,0,0,0,0,0,0,0,0,0,0,0,0,0,0,0,0,0,0,0,0,0,0,0,0,0,0,0,0,0,0,0,0,0,0,0,0,0,0,0,0,0,0,0,0,0,0,0
1989,238,12,27,17.4,2,8,0,-1,1,0,1,1,25,0,0,0,1028,0,0,0,0,0,1,1,0,0,0,204.4264944,0,0,0,0,3,1,1,1,100,0,0,0,3,1,1,0.1,3000,0,0,0,0,0,0,0,0,0,0,0,0,0,0,0,0,0,0,0,0,0,0,0,0,0,0,0,0,0,0,0,0,0,0,0,0,0,0,0,0,0,0,0,0,0,0,0,0,0,0,0
1989,238,12,30,54.48,2,8,0,-1,0,0,1,1,25,0,0,0,1028,0,0,0,0,0,1,1,0,0,0,204.7909933,0,0,0,0,3,1,1,1,100,0,0,0,3,1,1,0.1,3000,0,0,0,0,0,0,0,0,0,0,0,0,0,0,0,0,0,0,0,0,0,0,0,0,0,0,0,0,0,0,0,0,0,0,0,0,0,0,0,0,0,0,0,0,0,0,0,0,0,0,0
1989,238,12,31,17.4,2,8,0,-1,1,0,1,1,25,0,0,0,1028,0,0,0,0,0,1,1,0,0,0,204.8294778,0,0,0,0,3,1,1,1,100,0,0,0,3,1,1,0.1,3000,0,0,0,0,0,0,0,0,0,0,0,0,0,0,0,0,0,0,0,0,0,0,0,0,0,0,0,0,0,0,0,0,0,0,0,0,0,0,0,0,0,0,0,0,0,0,0,0,0,0,0
1989,238,12,32,30.48,2,8,0,-1,0,0,1,1,25,0,0,0,1028,0,0,0,0,0,1,1,0,0,0,204.9521844,0,0,0,0,3,1,1,1,100,0,0,0,3,1,1,0.1,3000,0,0,0,0,0,0,0,0,0,0,0,0,0,0,0,0,0,0,0,0,0,0,0,0,0,0,0,0,0,0,0,0,0,0,0,0,0,0,0,0,0,0,0,0,0,0,0,0,0,0,0
1989,238,12,32,53.4,2,8,0,-1,1,0,1,1,25,0,0,0,1028,0,0,0,0,0,1,1,0,0,0,204.9906677,0,0,0,0,3,1,1,1,100,0,0,0,3,1,1,0.1,3000,0,0,0,0,0,0,0,0,0,0,0,0,0,0,0,0,0,0,0,0,0,0,0,0,0,0,0,0,0,0,0,0,0,0,0,0,0,0,0,0,0,0,0,0,0,0,0,0,0,0,0
1989,238,12,34,6.48,2,8,0,-1,0,0,1,1,25,0,0,0,1028,0,0,0,0,0,1,1,0,0,0,205.1133739,0,0,0,0,3,1,1,1,100,0,0,0,3,1,1,0.1,3000,0,0,0,0,0,0,0,0,0,0,0,0,0,0,0,0,0,0,0,0,0,0,0,0,0,0,0,0,0,0,0,0,0,0,0,0,0,0,0,0,0,0,0,0,0,0,0,0,0,0,0
1989,238,12,34,29.4,2,8,0,-1,1,0,1,1,25,0,0,0,1028,0,0,0,0,0,1,1,0,0,0,205.1518569,0,0,0,0,3,1,1,1,100,0,0,0,3,1,1,0.1,3000,0,0,0,0,0,0,0,0,0,0,0,0,0,0,0,0,0,0,0,0,0,0,0,0,0,0,0,0,0,0,0,0,0,0,0,0,0,0,0,0,0,0,0,0,0,0,0,0,0,0,0
1989,238,12,35,42.478,2,8,0,-1,0,0,1,1,25,0,0,0,1028,0,0,0,0,0,1,1,0,0,0,205.2745595,0,0,0,0,3,1,1,1,100,0,0,0,3,1,1,0.1,3000,0,0,0,0,0,0,0,0,0,0,0,0,0,0,0,0,0,0,0,0,0,0,0,0,0,0,0,0,0,0,0,0,0,0,0,0,0,0,0,0,0,0,0,0,0,0,0,0,0,0,0
1989,238,12,36,5.399,2,8,0,-1,1,0,1,1,25,0,0,0,1028,0,0,0,0,0,1,1,0,0,0,205.3130438,0,0,0,0,3,1,1,1,100,0,0,0,3,1,1,0.1,3000,0,0,0,0,0,0,0,0,0,0,0,0,0,0,0,0,0,0,0,0,0,0,0,0,0,0,0,0,0,0,0,0,0,0,0,0,0,0,0,0,0,0,0,0,0,0,0,0,0,0,0
1989,238,12,37,18.479,2,8,0,-1,0,0,1,1,25,0,0,0,1028,0,0,0,0,0,1,1,0,0,0,205.4357469,0,0,0,0,3,1,1,1,100,0,0,0,3,1,1,0.1,3000,0,0,0,0,0,0,0,0,0,0,0,0,0,0,0,0,0,0,0,0,0,0,0,0,0,0,0,0,0,0,0,0,0,0,0,0,0,0,0,0,0,0,0,0,0,0,0,0,0,0,0
1989,238,12,37,41.398,2,8,0,-1,1,0,1,1,25,0,0,0,1028,0,0,0,0,0,1,1,0,0,0,205.4742283,0,0,0,0,3,1,1,1,100,0,0,0,3,1,1,0.1,3000,0,0,0,0,0,0,0,0,0,0,0,0,0,0,0,0,0,0,0,0,0,0,0,0,0,0,0,0,0,0,0,0,0,0,0,0,0,0,0,0,0,0,0,0,0,0,0,0,0,0,0
1989,238,12,38,54.479,2,8,0,-1,0,0,1,1,25,0,0,0,1028,0,0,0,0,0,1,1,0,0,0,205.596932,0,0,0,0,3,1,1,1,100,0,0,0,3,1,1,0.1,3000,0,0,0,0,0,0,0,0,0,0,0,0,0,0,0,0,0,0,0,0,0,0,0,0,0,0,0,0,0,0,0,0,0,0,0,0,0,0,0,0,0,0,0,0,0,0,0,0,0,0,0
1989,238,12,39,17.399,2,8,0,-1,1,0,1,1,25,0,0,0,1028,0,0,0,0,0,1,1,0,0,0,205.6354147,0,0,0,0,3,1,1,1,100,0,0,0,3,1,1,0.1,3000,0,0,0,0,0,0,0,0,0,0,0,0,0,0,0,0,0,0,0,0,0,0,0,0,0,0,0,0,0,0,0,0,0,0,0,0,0,0,0,0,0,0,0,0,0,0,0,0,0,0,0
1989,238,12,42,54.479,2,8,0,-1,0,0,1,1,25,0,0,0,1028,0,0,0,0,0,1,1,0,0,0,205.9998882,0,0,0,0,3,1,1,1,100,0,0,0,3,1,1,0.1,3000,0,0,0,0,0,0,0,0,0,0,0,0,0,0,0,0,0,0,0,0,0,0,0,0,0,0,0,0,0,0,0,0,0,0,0,0,0,0,0,0,0,0,0,0,0,0,0,0,0,0,0
1989,238,12,43,17.399,2,8,0,-1,1,0,1,1,25,0,0,0,1028,0,0,0,0,0,1,1,0,0,0,206.0383692,0,0,0,0,3,1,1,1,100,0,0,0,3,1,1,0.1,3000,0,0,0,0,0,0,0,0,0,0,0,0,0,0,0,0,0,0,0,0,0,0,0,0,0,0,0,0,0,0,0,0,0,0,0,0,0,0,0,0,0,0,0,0,0,0,0,0,0,0,0
1989,238,12,44,30.479,2,8,0,-1,0,0,1,1,25,0,0,0,1028,0,0,0,0,0,1,1,0,0,0,206.1610673,0,0,0,0,3,1,1,1,100,0,0,0,3,1,1,0.1,3000,0,0,0,0,0,0,0,0,0,0,0,0,0,0,0,0,0,0,0,0,0,0,0,0,0,0,0,0,0,0,0,0,0,0,0,0,0,0,0,0,0,0,0,0,0,0,0,0,0,0,0
1989,238,12,44,53.399,2,8,0,-1,1,0,1,1,25,0,0,0,1028,0,0,0,0,0,1,1,0,0,0,206.1995487,0,0,0,0,3,1,1,1,100,0,0,0,3,1,1,0.1,3000,0,0,0,0,0,0,0,0,0,0,0,0,0,0,0,0,0,0,0,0,0,0,0,0,0,0,0,0,0,0,0,0,0,0,0,0,0,0,0,0,0,0,0,0,0,0,0,0,0,0,0
1989,238,12,46,6.479,2,8,0,-1,0,0,1,1,25,0,0,0,1028,0,0,0,0,0,1,1,0,0,0,206.3222465,0,0,0,0,3,1,1,1,100,0,0,0,3,1,1,0.1,3000,0,0,0,0,0,0,0,0,0,0,0,0,0,0,0,0,0,0,0,0,0,0,0,0,0,0,0,0,0,0,0,0,0,0,0,0,0,0,0,0,0,0,0,0,0,0,0,0,0,0,0
1989,238,12,46,29.399,2,8,0,-1,1,0,1,1,25,0,0,0,1028,0,0,0,0,0,1,1,0,0,0,206.3607268,0,0,0,0,3,1,1,1,100,0,0,0,3,1,1,0.1,3000,0,0,0,0,0,0,0,0,0,0,0,0,0,0,0,0,0,0,0,0,0,0,0,0,0,0,0,0,0,0,0,0,0,0,0,0,0,0,0,0,0,0,0,0,0,0,0,0,0,0,0
1989,238,12,47,42.478,2,8,0,-1,0,0,1,1,25,0,0,0,1028,0,0,0,0,0,1,1,0,0,0,206.4834226,0,0,0,0,3,1,1,1,100,0,0,0,3,1,1,0.1,3000,0,0,0,0,0,0,0,0,0,0,0,0,0,0,0,0,0,0,0,0,0,0,0,0,0,0,0,0,0,0,0,0,0,0,0,0,0,0,0,0,0,0,0,0,0,0,0,0,0,0,0
1989,238,12,48,5.399,2,8,0,-1,1,0,1,1,25,0,0,0,1028,0,0,0,0,0,1,1,0,0,0,206.5219034,0,0,0,0,3,1,1,1,100,0,0,0,3,1,1,0.1,3000,0,0,0,0,0,0,0,0,0,0,0,0,0,0,0,0,0,0,0,0,0,0,0,0,0,0,0,0,0,0,0,0,0,0,0,0,0,0,0,0,0,0,0,0,0,0,0,0,0,0,0
1989,238,12,49,18.478,2,8,0,-1,0,0,1,1,25,0,0,0,1028,0,0,0,0,0,1,1,0,0,0,206.6445972,0,0,0,0,3,1,1,1,100,0,0,0,3,1,1,0.1,3000,0,0,0,0,0,0,0,0,0,0,0,0,0,0,0,0,0,0,0,0,0,0,0,0,0,0,0,0,0,0,0,0,0,0,0,0,0,0,0,0,0,0,0,0,0,0,0,0,0,0,0
1989,238,12,49,41.397,2,8,0,-1,1,0,1,1,25,0,0,0,1028,0,0,0,0,0,1,1,0,0,0,206.6830768,0,0,0,0,3,1,1,1,100,0,0,0,3,1,1,0.1,3000,0,0,0,0,0,0,0,0,0,0,0,0,0,0,0,0,0,0,0,0,0,0,0,0,0,0,0,0,0,0,0,0,0,0,0,0,0,0,0,0,0,0,0,0,0,0,0,0,0,0,0
1989,238,12,50,54.478,2,8,0,-1,0,0,1,1,25,0,0,0,1028,0,0,0,0,0,1,1,0,0,0,206.8057712,0,0,0,0,3,1,1,1,100,0,0,0,3,1,1,0.1,3000,0,0,0,0,0,0,0,0,0,0,0,0,0,0,0,0,0,0,0,0,0,0,0,0,0,0,0,0,0,0,0,0,0,0,0,0,0,0,0,0,0,0,0,0,0,0,0,0,0,0,0
1989,238,12,51,17.398,2,8,0,-1,1,0,1,1,25,0,0,0,1028,0,0,0,0,0,1,1,0,0,0,206.8442513,0,0,0,0,3,1,1,1,100,0,0,0,3,1,1,0.1,3000,0,0,0,0,0,0,0,0,0,0,0,0,0,0,0,0,0,0,0,0,0,0,0,0,0,0,0,0,0,0,0,0,0,0,0,0,0,0,0,0,0,0,0,0,0,0,0,0,0,0,0
1989,238,12,54,54.477,2,8,0,-1,0,0,1,1,25,0,0,0,1028,0,0,0,0,0,1,1,0,0,0,207.2086989,0,0,0,0,3,1,1,1,100,0,0,0,3,1,1,0.1,3000,0,0,0,0,0,0,0,0,0,0,0,0,0,0,0,0,0,0,0,0,0,0,0,0,0,0,0,0,0,0,0,0,0,0,0,0,0,0,0,0,0,0,0,0,0,0,0,0,0,0,0
1989,238,12,55,17.397,2,8,0,-1,1,0,1,1,25,0,0,0,1028,0,0,0,0,0,1,1,0,0,0,207.2471781,0,0,0,0,3,1,1,1,100,0,0,0,3,1,1,0.1,3000,0,0,0,0,0,0,0,0,0,0,0,0,0,0,0,0,0,0,0,0,0,0,0,0,0,0,0,0,0,0,0,0,0,0,0,0,0,0,0,0,0,0,0,0,0,0,0,0,0,0,0
1989,238,12,56,30.478,2,8,0,-1,0,0,1,1,25,0,0,0,1028,0,0,0,0,0,1,1,0,0,0,207.3698685,0,0,0,0,3,1,1,1,100,0,0,0,3,1,1,0.1,3000,0,0,0,0,0,0,0,0,0,0,0,0,0,0,0,0,0,0,0,0,0,0,0,0,0,0,0,0,0,0,0,0,0,0,0,0,0,0,0,0,0,0,0,0,0,0,0,0,0,0,0
1989,238,12,56,53.398,2,8,0,-1,1,0,1,1,25,0,0,0,1028,0,0,0,0,0,1,1,0,0,0,207.4083474,0,0,0,0,3,1,1,1,100,0,0,0,3,1,1,0.1,3000,0,0,0,0,0,0,0,0,0,0,0,0,0,0,0,0,0,0,0,0,0,0,0,0,0,0,0,0,0,0,0,0,0,0,0,0,0,0,0,0,0,0,0,0,0,0,0,0,0,0,0
1989,238,12,58,6.478,2,8,0,-1,0,0,1,1,25,0,0,0,1028,0,0,0,0,0,1,1,0,0,0,207.5310359,0,0,0,0,3,1,1,1,100,0,0,0,3,1,1,0.1,3000,0,0,0,0,0,0,0,0,0,0,0,0,0,0,0,0,0,0,0,0,0,0,0,0,0,0,0,0,0,0,0,0,0,0,0,0,0,0,0,0,0,0,0,0,0,0,0,0,0,0,0
1989,238,12,58,29.397,2,8,0,-1,1,0,1,1,25,0,0,0,1028,0,0,0,0,0,1,1,0,0,0,207.5695136,0,0,0,0,3,1,1,1,100,0,0,0,3,1,1,0.1,3000,0,0,0,0,0,0,0,0,0,0,0,0,0,0,0,0,0,0,0,0,0,0,0,0,0,0,0,0,0,0,0,0,0,0,0,0,0,0,0,0,0,0,0,0,0,0,0,0,0,0,0
1989,238,12,59,42.478,2,8,0,-1,0,0,1,1,25,0,0,0,1028,0,0,0,0,0,1,1,0,0,0,207.6922018,0,0,0,0,3,1,1,1,100,0,0,0,3,1,1,0.1,3000,0,0,0,0,0,0,0,0,0,0,0,0,0,0,0,0,0,0,0,0,0,0,0,0,0,0,0,0,0,0,0,0,0,0,0,0,0,0,0,0,0,0,0,0,0,0,0,0,0,0,0
1989,238,13,0,5.398,2,8,0,-1,1,0,1,1,25,0,0,0,1028,0,0,0,0,0,1,1,0,0,0,207.73068,0,0,0,0,3,1,1,1,100,0,0,0,3,1,1,0.1,3000,0,0,0,0,0,0,0,0,0,0,0,0,0,0,0,0,0,0,0,0,0,0,0,0,0,0,0,0,0,0,0,0,0,0,0,0,0,0,0,0,0,0,0,0,0,0,0,0,0,0,0
1989,238,13,1,18.477,2,8,0,-1,0,0,1,1,25,0,0,0,1028,0,0,0,0,0,1,1,0,0,0,207.8533646,0,0,0,0,3,1,1,1,100,0,0,0,3,1,1,0.1,3000,0,0,0,0,0,0,0,0,0,0,0,0,0,0,0,0,0,0,0,0,0,0,0,0,0,0,0,0,0,0,0,0,0,0,0,0,0,0,0,0,0,0,0,0,0,0,0,0,0,0,0
1989,238,13,1,41.397,2,8,0,-1,1,0,1,1,25,0,0,0,1028,0,0,0,0,0,1,1,0,0,0,207.8918424,0,0,0,0,3,1,1,1,100,0,0,0,3,1,1,0.1,3000,0,0,0,0,0,0,0,0,0,0,0,0,0,0,0,0,0,0,0,0,0,0,0,0,0,0,0,0,0,0,0,0,0,0,0,0,0,0,0,0,0,0,0,0,0,0,0,0,0,0,0
1989,238,13,2,54.477,2,8,0,-1,0,0,1,1,25,0,0,0,1028,0,0,0,0,0,1,1,0,0,0,208.0145276,0,0,0,0,3,1,1,1,100,0,0,0,3,1,1,0.1,3000,0,0,0,0,0,0,0,0,0,0,0,0,0,0,0,0,0,0,0,0,0,0,0,0,0,0,0,0,0,0,0,0,0,0,0,0,0,0,0,0,0,0,0,0,0,0,0,0,0,0,0
1989,238,13,3,17.397,2,8,0,-1,1,0,1,1,25,0,0,0,1028,0,0,0,0,0,1,1,0,0,0,208.0530051,0,0,0,0,3,1,1,1,100,0,0,0,3,1,1,0.1,3000,0,0,0,0,0,0,0,0,0,0,0,0,0,0,0,0,0,0,0,0,0,0,0,0,0,0,0,0,0,0,0,0,0,0,0,0,0,0,0,0,0,0,0,0,0,0,0,0,0,0,0
1989,238,13,6,54.477,2,8,0,-1,0,0,1,1,25,0,0,0,1028,0,0,0,0,0,1,1,0,0,0,208.4174287,0,0,0,0,3,1,1,1,100,0,0,0,3,1,1,0.1,3000,0,0,0,0,0,0,0,0,0,0,0,0,0,0,0,0,0,0,0,0,0,0,0,0,0,0,0,0,0,0,0,0,0,0,0,0,0,0,0,0,0,0,0,0,0,0,0,0,0,0,0
1989,238,13,7,17.397,2,8,0,-1,1,0,1,1,25,0,0,0,1028,0,0,0,0,0,1,1,0,0,0,208.4559053,0,0,0,0,3,1,1,1,100,0,0,0,3,1,1,0.1,3000,0,0,0,0,0,0,0,0,0,0,0,0,0,0,0,0,0,0,0,0,0,0,0,0,0,0,0,0,0,0,0,0,0,0,0,0,0,0,0,0,0,0,0,0,0,0,0,0,0,0,0
1989,238,13,8,30.477,2,8,0,-1,0,0,1,1,25,0,0,0,1028,0,0,0,0,0,1,1,0,0,0,208.5785867,0,0,0,0,3,1,1,1,100,0,0,0,3,1,1,0.1,3000,0,0,0,0,0,0,0,0,0,0,0,0,0,0,0,0,0,0,0,0,0,0,0,0,0,0,0,0,0,0,0,0,0,0,0,0,0,0,0,0,0,0,0,0,0,0,0,0,0,0,0
1989,238,13,8,53.397,2,8,0,-1,1,0,1,1,25,0,0,0,1028,0,0,0,0,0,1,1,0,0,0,208.6170629,0,0,0,0,3,1,1,1,100,0,0,0,3,1,1,0.1,3000,0,0,0,0,0,0,0,0,0,0,0,0,0,0,0,0,0,0,0,0,0,0,0,0,0,0,0,0,0,0,0,0,0,0,0,0,0,0,0,0,0,0,0,0,0,0,0,0,0,0,0
1989,238,13,10,6.477,2,8,0,-1,0,0,1,1,25,0,0,0,1028,0,0,0,0,0,1,1,0,0,0,208.7397431,0,0,0,0,3,1,1,1,100,0,0,0,3,1,1,0.1,3000,0,0,0,0,0,0,0,0,0,0,0,0,0,0,0,0,0,0,0,0,0,0,0,0,0,0,0,0,0,0,0,0,0,0,0,0,0,0,0,0,0,0,0,0,0,0,0,0,0,0,0
1989,238,13,10,29.397,2,8,0,-1,1,0,1,1,25,0,0,0,1028,0,0,0,0,0,1,1,0,0,0,208.778219,0,0,0,0,3,1,1,1,100,0,0,0,3,1,1,0.1,3000,0,0,0,0,0,0,0,0,0,0,0,0,0,0,0,0,0,0,0,0,0,0,0,0,0,0,0,0,0,0,0,0,0,0,0,0,0,0,0,0,0,0,0,0,0,0,0,0,0,0,0
1989,238,13,11,42.477,2,8,0,-1,0,0,1,1,25,0,0,0,1028,0,0,0,0,0,1,1,0,0,0,208.9008982,0,0,0,0,3,1,1,1,100,0,0,0,3,1,1,0.1,3000,0,0,0,0,0,0,0,0,0,0,0,0,0,0,0,0,0,0,0,0,0,0,0,0,0,0,0,0,0,0,0,0,0,0,0,0,0,0,0,0,0,0,0,0,0,0,0,0,0,0,0
1989,238,13,12,5.397,2,8,0,-1,1,0,1,1,25,0,0,0,1028,0,0,0,0,0,1,1,0,0,0,208.9393737,0,0,0,0,3,1,1,1,100,0,0,0,3,1,1,0.1,3000,0,0,0,0,0,0,0,0,0,0,0,0,0,0,0,0,0,0,0,0,0,0,0,0,0,0,0,0,0,0,0,0,0,0,0,0,0,0,0,0,0,0,0,0,0,0,0,0,0,0,0
1989,238,13,13,18.477,2,8,0,-1,0,0,1,1,25,0,0,0,1028,0,0,0,0,0,1,1,0,0,0,209.0620509,0,0,0,0,3,1,1,1,100,0,0,0,3,1,1,0.1,3000,0,0,0,0,0,0,0,0,0,0,0,0,0,0,0,0,0,0,0,0,0,0,0,0,0,0,0,0,0,0,0,0,0,0,0,0,0,0,0,0,0,0,0,0,0,0,0,0,0,0,0
1989,238,13,13,41.397,2,8,0,-1,1,0,1,1,25,0,0,0,1028,0,0,0,0,0,1,1,0,0,0,209.1005261,0,0,0,0,3,1,1,1,100,0,0,0,3,1,1,0.1,3000,0,0,0,0,0,0,0,0,0,0,0,0,0,0,0,0,0,0,0,0,0,0,0,0,0,0,0,0,0,0,0,0,0,0,0,0,0,0,0,0,0,0,0,0,0,0,0,0,0,0,0
1989,238,13,14,54.476,2,8,0,-1,0,0,1,1,25,0,0,0,1028,0,0,0,0,0,1,1,0,0,0,209.2232022,0,0,0,0,3,1,1,1,100,0,0,0,3,1,1,0.1,3000,0,0,0,0,0,0,0,0,0,0,0,0,0,0,0,0,0,0,0,0,0,0,0,0,0,0,0,0,0,0,0,0,0,0,0,0,0,0,0,0,0,0,0,0,0,0,0,0,0,0,0
1989,238,13,15,17.396,2,8,0,-1,1,0,1,1,25,0,0,0,1028,0,0,0,0,0,1,1,0,0,0,209.2616771,0,0,0,0,3,1,1,1,100,0,0,0,3,1,1,0.1,3000,0,0,0,0,0,0,0,0,0,0,0,0,0,0,0,0,0,0,0,0,0,0,0,0,0,0,0,0,0,0,0,0,0,0,0,0,0,0,0,0,0,0,0,0,0,0,0,0,0,0,0
1989,238,13,18,54.476,2,8,0,-1,0,0,1,1,25,0,0,0,1028,0,0,0,0,0,1,1,0,0,0,209.6260763,0,0,0,0,3,1,1,1,100,0,0,0,3,1,1,0.1,3000,0,0,0,0,0,0,0,0,0,0,0,0,0,0,0,0,0,0,0,0,0,0,0,0,0,0,0,0,0,0,0,0,0,0,0,0,0,0,0,0,0,0,0,0,0,0,0,0,0,0,0
1989,238,13,19,17.396,2,8,0,-1,1,0,1,1,25,0,0,0,1028,0,0,0,0,0,1,1,0,0,0,209.6645503,0,0,0,0,3,1,1,1,100,0,0,0,3,1,1,0.1,3000,0,0,0,0,0,0,0,0,0,0,0,0,0,0,0,0,0,0,0,0,0,0,0,0,0,0,0,0,0,0,0,0,0,0,0,0,0,0,0,0,0,0,0,0,0,0,0,0,0,0,0
1989,238,13,20,30.476,2,8,0,-1,0,0,1,1,25,0,0,0,1028,0,0,0,0,0,1,1,0,0,0,209.7872234,0,0,0,0,3,1,1,1,100,0,0,0,3,1,1,0.1,3000,0,0,0,0,0,0,0,0,0,0,0,0,0,0,0,0,0,0,0,0,0,0,0,0,0,0,0,0,0,0,0,0,0,0,0,0,0,0,0,0,0,0,0,0,0,0,0,0,0,0,0
1989,238,13,20,53.396,2,8,0,-1,1,0,1,1,25,0,0,0,1028,0,0,0,0,0,1,1,0,0,0,209.8256971,0,0,0,0,3,1,1,1,100,0,0,0,3,1,1,0.1,3000,0,0,0,0,0,0,0,0,0,0,0,0,0,0,0,0,0,0,0,0,0,0,0,0,0,0,0,0,0,0,0,0,0,0,0,0,0,0,0,0,0,0,0,0,0,0,0,0,0,0,0
1989,238,13,22,6.476,2,8,0,-1,0,0,1,1,25,0,0,0,1028,0,0,0,0,0,1,1,0,0,0,209.9483691,0,0,0,0,3,1,1,1,100,0,0,0,3,1,1,0.1,3000,0,0,0,0,0,0,0,0,0,0,0,0,0,0,0,0,0,0,0,0,0,0,0,0,0,0,0,0,0,0,0,0,0,0,0,0,0,0,0,0,0,0,0,0,0,0,0,0,0,0,0
1989,238,13,22,29.396,2,8,0,-1,1,0,1,1,25,0,0,0,1028,0,0,0,0,0,1,1,0,0,0,209.9868424,0,0,0,0,3,1,1,1,100,0,0,0,3,1,1,0.1,3000,0,0,0,0,0,0,0,0,0,0,0,0,0,0,0,0,0,0,0,0,0,0,0,0,0,0,0,0,0,0,0,0,0,0,0,0,0,0,0,0,0,0,0,0,0,0,0,0,0,0,0
1989,238,13,23,42.476,2,8,0,-1,0,0,1,1,25,0,0,0,1028,0,0,0,0,0,1,1,0,0,0,210.1095134,0,0,0,0,3,1,1,1,100,0,0,0,3,1,1,0.1,3000,0,0,0,0,0,0,0,0,0,0,0,0,0,0,0,0,0,0,0,0,0,0,0,0,0,0,0,0,0,0,0,0,0,0,0,0,0,0,0,0,0,0,0,0,0,0,0,0,0,0,0
1989,238,13,24,5.396,2,8,0,-1,1,0,1,1,25,0,0,0,1028,0,0,0,0,0,1,1,0,0,0,210.1479863,0,0,0,0,3,1,1,1,100,0,0,0,3,1,1,0.1,3000,0,0,0,0,0,0,0,0,0,0,0,0,0,0,0,0,0,0,0,0,0,0,0,0,0,0,0,0,0,0,0,0,0,0,0,0,0,0,0,0,0,0,0,0,0,0,0,0,0,0,0
1989,238,13,25,18.476,2,8,0,-1,0,0,1,1,25,0,0,0,1028,0,0,0,0,0,1,1,0,0,0,210.2706562,0,0,0,0,3,1,1,1,100,0,0,0,3,1,1,0.1,3000,0,0,0,0,0,0,0,0,0,0,0,0,0,0,0,0,0,0,0,0,0,0,0,0,0,0,0,0,0,0,0,0,0,0,0,0,0,0,0,0,0,0,0,0,0,0,0,0,0,0,0
1989,238,13,25,41.396,2,8,0,-1,1,0,1,1,25,0,0,0,1028,0,0,0,0,0,1,1,0,0,0,210.3091289,0,0,0,0,3,1,1,1,100,0,0,0,3,1,1,0.1,3000,0,0,0,0,0,0,0,0,0,0,0,0,0,0,0,0,0,0,0,0,0,0,0,0,0,0,0,0,0,0,0,0,0,0,0,0,0,0,0,0,0,0,0,0,0,0,0,0,0,0,0
1989,238,13,26,54.475,2,8,0,-1,0,0,1,1,25,0,0,0,1028,0,0,0,0,0,1,1,0,0,0,210.4317959,0,0,0,0,3,1,1,1,100,0,0,0,3,1,1,0.1,3000,0,0,0,0,0,0,0,0,0,0,0,0,0,0,0,0,0,0,0,0,0,0,0,0,0,0,0,0,0,0,0,0,0,0,0,0,0,0,0,0,0,0,0,0,0,0,0,0,0,0,0
1989,238,13,27,17.395,2,8,0,-1,1,0,1,1,25,0,0,0,1028,0,0,0,0,0,1,1,0,0,0,210.4702674,0,0,0,0,3,1,1,1,100,0,0,0,3,1,1,0.1,3000,0,0,0,0,0,0,0,0,0,0,0,0,0,0,0,0,0,0,0,0,0,0,0,0,0,0,0,0,0,0,0,0,0,0,0,0,0,0,0,0,0,0,0,0,0,0,0,0,0,0,0
1989,238,13,30,54.475,2,8,0,-1,0,0,1,1,25,0,0,0,1028,0,0,0,0,0,1,1,0,0,0,210.8346433,0,0,0,0,3,1,1,1,100,0,0,0,3,1,1,0.1,3000,0,0,0,0,0,0,0,0,0,0,0,0,0,0,0,0,0,0,0,0,0,0,0,0,0,0,0,0,0,0,0,0,0,0,0,0,0,0,0,0,0,0,0,0,0,0,0,0,0,0,0
1989,238,13,31,17.395,2,8,0,-1,1,0,1,1,25,0,0,0,1028,0,0,0,0,0,1,1,0,0,0,210.8731139,0,0,0,0,3,1,1,1,100,0,0,0,3,1,1,0.1,3000,0,0,0,0,0,0,0,0,0,0,0,0,0,0,0,0,0,0,0,0,0,0,0,0,0,0,0,0,0,0,0,0,0,0,0,0,0,0,0,0,0,0,0,0,0,0,0,0,0,0,0
1989,238,13,32,30.475,2,8,0,-1,0,0,1,1,25,0,0,0,1028,0,0,0,0,0,1,1,0,0,0,210.9957797,0,0,0,0,3,1,1,1,100,0,0,0,3,1,1,0.1,3000,0,0,0,0,0,0,0,0,0,0,0,0,0,0,0,0,0,0,0,0,0,0,0,0,0,0,0,0,0,0,0,0,0,0,0,0,0,0,0,0,0,0,0,0,0,0,0,0,0,0,0
1989,238,13,32,53.395,2,8,0,-1,1,0,1,1,25,0,0,0,1028,0,0,0,0,0,1,1,0,0,0,211.0342509,0,0,0,0,3,1,1,1,100,0,0,0,3,1,1,0.1,3000,0,0,0,0,0,0,0,0,0,0,0,0,0,0,0,0,0,0,0,0,0,0,0,0,0,0,0,0,0,0,0,0,0,0,0,0,0,0,0,0,0,0,0,0,0,0,0,0,0,0,0
1989,238,13,34,6.475,2,8,0,-1,0,0,1,1,25,0,0,0,1028,0,0,0,0,0,1,1,0,0,0,211.1569148,0,0,0,0,3,1,1,1,100,0,0,0,3,1,1,0.1,3000,0,0,0,0,0,0,0,0,0,0,0,0,0,0,0,0,0,0,0,0,0,0,0,0,0,0,0,0,0,0,0,0,0,0,0,0,0,0,0,0,0,0,0,0,0,0,0,0,0,0,0
1989,238,13,34,29.395,2,8,0,-1,1,0,1,1,25,0,0,0,1028,0,0,0,0,0,1,1,0,0,0,211.1953847,0,0,0,0,3,1,1,1,100,0,0,0,3,1,1,0.1,3000,0,0,0,0,0,0,0,0,0,0,0,0,0,0,0,0,0,0,0,0,0,0,0,0,0,0,0,0,0,0,0,0,0,0,0,0,0,0,0,0,0,0,0,0,0,0,0,0,0,0,0
1989,238,13,35,42.475,2,8,0,-1,0,0,1,1,25,0,0,0,1028,0,0,0,0,0,1,1,0,0,0,211.3180484,0,0,0,0,3,1,1,1,100,0,0,0,3,1,1,0.1,3000,0,0,0,0,0,0,0,0,0,0,0,0,0,0,0,0,0,0,0,0,0,0,0,0,0,0,0,0,0,0,0,0,0,0,0,0,0,0,0,0,0,0,0,0,0,0,0,0,0,0,0
1989,238,13,36,5.395,2,8,0,-1,1,0,1,1,25,0,0,0,1028,0,0,0,0,0,1,1,0,0,0,211.3565189,0,0,0,0,3,1,1,1,100,0,0,0,3,1,1,0.1,3000,0,0,0,0,0,0,0,0,0,0,0,0,0,0,0,0,0,0,0,0,0,0,0,0,0,0,0,0,0,0,0,0,0,0,0,0,0,0,0,0,0,0,0,0,0,0,0,0,0,0,0
1989,238,13,37,18.475,2,8,0,-1,0,0,1,1,25,0,0,0,1028,0,0,0,0,0,1,1,0,0,0,211.4791806,0,0,0,0,3,1,1,1,100,0,0,0,3,1,1,0.1,3000,0,0,0,0,0,0,0,0,0,0,0,0,0,0,0,0,0,0,0,0,0,0,0,0,0,0,0,0,0,0,0,0,0,0,0,0,0,0,0,0,0,0,0,0,0,0,0,0,0,0,0
1989,238,13,37,41.395,2,8,0,-1,1,0,1,1,25,0,0,0,1028,0,0,0,0,0,1,1,0,0,0,211.5176507,0,0,0,0,3,1,1,1,100,0,0,0,3,1,1,0.1,3000,0,0,0,0,0,0,0,0,0,0,0,0,0,0,0,0,0,0,0,0,0,0,0,0,0,0,0,0,0,0,0,0,0,0,0,0,0,0,0,0,0,0,0,0,0,0,0,0,0,0,0
1989,238,13,38,54.475,2,8,0,-1,0,0,1,1,25,0,0,0,1028,0,0,0,0,0,1,1,0,0,0,211.6403106,0,0,0,0,3,1,1,1,100,0,0,0,3,1,1,0.1,3000,0,0,0,0,0,0,0,0,0,0,0,0,0,0,0,0,0,0,0,0,0,0,0,0,0,0,0,0,0,0,0,0,0,0,0,0,0,0,0,0,0,0,0,0,0,0,0,0,0,0,0
1989,238,13,39,17.394,2,8,0,-1,1,0,1,1,25,0,0,0,1028,0,0,0,0,0,1,1,0,0,0,211.6787795,0,0,0,0,3,1,1,1,100,0,0,0,3,1,1,0.1,3000,0,0,0,0,0,0,0,0,0,0,0,0,0,0,0,0,0,0,0,0,0,0,0,0,0,0,0,0,0,0,0,0,0,0,0,0,0,0,0,0,0,0,0,0,0,0,0,0,0,0,0
1989,238,13,42,54.474,2,8,0,-1,0,0,1,1,25,0,0,0,1028,0,0,0,0,0,1,1,0,0,0,212.0431307,0,0,0,0,3,1,1,1,100,0,0,0,3,1,1,0.1,3000,0,0,0,0,0,0,0,0,0,0,0,0,0,0,0,0,0,0,0,0,0,0,0,0,0,0,0,0,0,0,0,0,0,0,0,0,0,0,0,0,0,0,0,0,0,0,0,0,0,0,0
1989,238,13,43,17.393,2,8,0,-1,1,0,1,1,25,0,0,0,1028,0,0,0,0,0,1,1,0,0,0,212.0815988,0,0,0,0,3,1,1,1,100,0,0,0,3,1,1,0.1,3000,0,0,0,0,0,0,0,0,0,0,0,0,0,0,0,0,0,0,0,0,0,0,0,0,0,0,0,0,0,0,0,0,0,0,0,0,0,0,0,0,0,0,0,0,0,0,0,0,0,0,0
1989,238,13,44,30.474,2,8,0,-1,0,0,1,1,25,0,0,0,1028,0,0,0,0,0,1,1,0,0,0,212.2042566,0,0,0,0,3,1,1,1,100,0,0,0,3,1,1,0.1,3000,0,0,0,0,0,0,0,0,0,0,0,0,0,0,0,0,0,0,0,0,0,0,0,0,0,0,0,0,0,0,0,0,0,0,0,0,0,0,0,0,0,0,0,0,0,0,0,0,0,0,0
1989,238,13,44,53.394,2,8,0,-1,1,0,1,1,25,0,0,0,1028,0,0,0,0,0,1,1,0,0,0,212.2427252,0,0,0,0,3,1,1,1,100,0,0,0,3,1,1,0.1,3000,0,0,0,0,0,0,0,0,0,0,0,0,0,0,0,0,0,0,0,0,0,0,0,0,0,0,0,0,0,0,0,0,0,0,0,0,0,0,0,0,0,0,0,0,0,0,0,0,0,0,0
1989,238,13,46,6.474,2,8,0,-1,0,0,1,1,25,0,0,0,1028,0,0,0,0,0,1,1,0,0,0,212.3653811,0,0,0,0,3,1,1,1,100,0,0,0,3,1,1,0.1,3000,0,0,0,0,0,0,0,0,0,0,0,0,0,0,0,0,0,0,0,0,0,0,0,0,0,0,0,0,0,0,0,0,0,0,0,0,0,0,0,0,0,0,0,0,0,0,0,0,0,0,0
1989,238,13,46,29.393,2,8,0,-1,1,0,1,1,25,0,0,0,1028,0,0,0,0,0,1,1,0,0,0,212.4038485,0,0,0,0,3,1,1,1,100,0,0,0,3,1,1,0.1,3000,0,0,0,0,0,0,0,0,0,0,0,0,0,0,0,0,0,0,0,0,0,0,0,0,0,0,0,0,0,0,0,0,0,0,0,0,0,0,0,0,0,0,0,0,0,0,0,0,0,0,0
1989,238,13,47,42.474,2,8,0,-1,0,0,1,1,25,0,0,0,1028,0,0,0,0,0,1,1,0,0,0,212.5265042,0,0,0,0,3,1,1,1,100,0,0,0,3,1,1,0.1,3000,0,0,0,0,0,0,0,0,0,0,0,0,0,0,0,0,0,0,0,0,0,0,0,0,0,0,0,0,0,0,0,0,0,0,0,0,0,0,0,0,0,0,0,0,0,0,0,0,0,0,0
1989,238,13,48,5.394,2,8,0,-1,1,0,1,1,25,0,0,0,1028,0,0,0,0,0,1,1,0,0,0,212.5649722,0,0,0,0,3,1,1,1,100,0,0,0,3,1,1,0.1,3000,0,0,0,0,0,0,0,0,0,0,0,0,0,0,0,0,0,0,0,0,0,0,0,0,0,0,0,0,0,0,0,0,0,0,0,0,0,0,0,0,0,0,0,0,0,0,0,0,0,0,0
1989,238,13,49,18.474,2,8,0,-1,0,0,1,1,25,0,0,0,1028,0,0,0,0,0,1,1,0,0,0,212.6876259,0,0,0,0,3,1,1,1,100,0,0,0,3,1,1,0.1,3000,0,0,0,0,0,0,0,0,0,0,0,0,0,0,0,0,0,0,0,0,0,0,0,0,0,0,0,0,0,0,0,0,0,0,0,0,0,0,0,0,0,0,0,0,0,0,0,0,0,0,0
1989,238,13,49,41.394,2,8,0,-1,1,0,1,1,25,0,0,0,1028,0,0,0,0,0,1,1,0,0,0,212.7260936,0,0,0,0,3,1,1,1,100,0,0,0,3,1,1,0.1,3000,0,0,0,0,0,0,0,0,0,0,0,0,0,0,0,0,0,0,0,0,0,0,0,0,0,0,0,0,0,0,0,0,0,0,0,0,0,0,0,0,0,0,0,0,0,0,0,0,0,0,0
1989,238,13,50,54.474,2,8,0,-1,0,0,1,1,25,0,0,0,1028,0,0,0,0,0,1,1,0,0,0,212.8487463,0,0,0,0,3,1,1,1,100,0,0,0,3,1,1,0.1,3000,0,0,0,0,0,0,0,0,0,0,0,0,0,0,0,0,0,0,0,0,0,0,0,0,0,0,0,0,0,0,0,0,0,0,0,0,0,0,0,0,0,0,0,0,0,0,0,0,0,0,0
1989,238,13,51,17.393,2,8,0,-1,1,0,1,1,25,0,0,0,1028,0,0,0,0,0,1,1,0,0,0,212.8872127,0,0,0,0,3,1,1,1,100,0,0,0,3,1,1,0.1,3000,0,0,0,0,0,0,0,0,0,0,0,0,0,0,0,0,0,0,0,0,0,0,0,0,0,0,0,0,0,0,0,0,0,0,0,0,0,0,0,0,0,0,0,0,0,0,0,0,0,0,0
1989,238,13,54,54.473,2,8,0,-1,0,0,1,1,25,0,0,0,1028,0,0,0,0,0,1,1,0,0,0,213.2515394,0,0,0,0,3,1,1,1,100,0,0,0,3,1,1,0.1,3000,0,0,0,0,0,0,0,0,0,0,0,0,0,0,0,0,0,0,0,0,0,0,0,0,0,0,0,0,0,0,0,0,0,0,0,0,0,0,0,0,0,0,0,0,0,0,0,0,0,0,0
1989,238,13,55,17.393,2,8,0,-1,1,0,1,1,25,0,0,0,1028,0,0,0,0,0,1,1,0,0,0,213.2900058,0,0,0,0,3,1,1,1,100,0,0,0,3,1,1,0.1,3000,0,0,0,0,0,0,0,0,0,0,0,0,0,0,0,0,0,0,0,0,0,0,0,0,0,0,0,0,0,0,0,0,0,0,0,0,0,0,0,0,0,0,0,0,0,0,0,0,0,0,0
1989,238,13,56,30.473,2,8,0,-1,0,0,1,1,25,0,0,0,1028,0,0,0,0,0,1,1,0,0,0,213.4126549,0,0,0,0,3,1,1,1,100,0,0,0,3,1,1,0.1,3000,0,0,0,0,0,0,0,0,0,0,0,0,0,0,0,0,0,0,0,0,0,0,0,0,0,0,0,0,0,0,0,0,0,0,0,0,0,0,0,0,0,0,0,0,0,0,0,0,0,0,0
1989,238,13,56,53.393,2,8,0,-1,1,0,1,1,25,0,0,0,1028,0,0,0,0,0,1,1,0,0,0,213.451121,0,0,0,0,3,1,1,1,100,0,0,0,3,1,1,0.1,3000,0,0,0,0,0,0,0,0,0,0,0,0,0,0,0,0,0,0,0,0,0,0,0,0,0,0,0,0,0,0,0,0,0,0,0,0,0,0,0,0,0,0,0,0,0,0,0,0,0,0,0
1989,238,13,58,6.473,2,8,0,-1,0,0,1,1,25,0,0,0,1028,0,0,0,0,0,1,1,0,0,0,213.573769,0,0,0,0,3,1,1,1,100,0,0,0,3,1,1,0.1,3000,0,0,0,0,0,0,0,0,0,0,0,0,0,0,0,0,0,0,0,0,0,0,0,0,0,0,0,0,0,0,0,0,0,0,0,0,0,0,0,0,0,0,0,0,0,0,0,0,0,0,0
1989,238,13,58,29.393,2,8,0,-1,1,0,1,1,25,0,0,0,1028,0,0,0,0,0,1,1,0,0,0,213.6122348,0,0,0,0,3,1,1,1,100,0,0,0,3,1,1,0.1,3000,0,0,0,0,0,0,0,0,0,0,0,0,0,0,0,0,0,0,0,0,0,0,0,0,0,0,0,0,0,0,0,0,0,0,0,0,0,0,0,0,0,0,0,0,0,0,0,0,0,0,0
1989,238,13,59,42.473,2,8,0,-1,0,0,1,1,25,0,0,0,1028,0,0,0,0,0,1,1,0,0,0,213.7348817,0,0,0,0,3,1,1,1,100,0,0,0,3,1,1,0.1,3000,0,0,0,0,0,0,0,0,0,0,0,0,0,0,0,0,0,0,0,0,0,0,0,0,0,0,0,0,0,0,0,0,0,0,0,0,0,0,0,0,0,0,0,0,0,0,0,0,0,0,0
1989,238,14,0,5.393,2,8,0,-1,1,0,1,1,25,0,0,0,1028,0,0,0,0,0,1,1,0,0,0,213.7733472,0,0,0,0,3,1,1,1,100,0,0,0,3,1,1,0.1,3000,0,0,0,0,0,0,0,0,0,0,0,0,0,0,0,0,0,0,0,0,0,0,0,0,0,0,0,0,0,0,0,0,0,0,0,0,0,0,0,0,0,0,0,0,0,0,0,0,0,0,0
1989,238,14,1,18.473,2,8,0,-1,0,0,1,1,25,0,0,0,1028,0,0,0,0,0,1,1,0,0,0,213.895993,0,0,0,0,3,1,1,1,100,0,0,0,3,1,1,0.1,3000,0,0,0,0,0,0,0,0,0,0,0,0,0,0,0,0,0,0,0,0,0,0,0,0,0,0,0,0,0,0,0,0,0,0,0,0,0,0,0,0,0,0,0,0,0,0,0,0,0,0,0
1989,238,14,1,41.393,2,8,0,-1,1,0,1,1,25,0,0,0,1028,0,0,0,0,0,1,1,0,0,0,213.9344582,0,0,0,0,3,1,1,1,100,0,0,0,3,1,1,0.1,3000,0,0,0,0,0,0,0,0,0,0,0,0,0,0,0,0,0,0,0,0,0,0,0,0,0,0,0,0,0,0,0,0,0,0,0,0,0,0,0,0,0,0,0,0,0,0,0,0,0,0,0
1989,238,14,2,54.473,2,8,0,-1,0,0,1,1,25,0,0,0,1028,0,0,0,0,0,1,1,0,0,0,214.057103,0,0,0,0,3,1,1,1,100,0,0,0,3,1,1,0.1,3000,0,0,0,0,0,0,0,0,0,0,0,0,0,0,0,0,0,0,0,0,0,0,0,0,0,0,0,0,0,0,0,0,0,0,0,0,0,0,0,0,0,0,0,0,0,0,0,0,0,0,0
1989,238,14,3,17.393,2,8,0,-1,1,0,1,1,25,0,0,0,1028,0,0,0,0,0,1,1,0,0,0,214.0955678,0,0,0,0,3,1,1,1,100,0,0,0,3,1,1,0.1,3000,0,0,0,0,0,0,0,0,0,0,0,0,0,0,0,0,0,0,0,0,0,0,0,0,0,0,0,0,0,0,0,0,0,0,0,0,0,0,0,0,0,0,0,0,0,0,0,0,0,0,0
1989,238,14,6,54.472,2,8,0,-1,0,0,1,1,25,0,0,0,1028,0,0,0,0,0,1,1,0,0,0,214.4598703,0,0,0,0,3,1,1,1,100,0,0,0,3,1,1,0.1,3000,0,0,0,0,0,0,0,0,0,0,0,0,0,0,0,0,0,0,0,0,0,0,0,0,0,0,0,0,0,0,0,0,0,0,0,0,0,0,0,0,0,0,0,0,0,0,0,0,0,0,0
1989,238,14,7,17.392,2,8,0,-1,1,0,1,1,25,0,0,0,1028,0,0,0,0,0,1,1,0,0,0,214.4983343,0,0,0,0,3,1,1,1,100,0,0,0,3,1,1,0.1,3000,0,0,0,0,0,0,0,0,0,0,0,0,0,0,0,0,0,0,0,0,0,0,0,0,0,0,0,0,0,0,0,0,0,0,0,0,0,0,0,0,0,0,0,0,0,0,0,0,0,0,0
1989,238,14,8,30.472,2,8,0,-1,0,0,1,1,25,0,0,0,1028,0,0,0,0,0,1,1,0,0,0,214.6209755,0,0,0,0,3,1,1,1,100,0,0,0,3,1,1,0.1,3000,0,0,0,0,0,0,0,0,0,0,0,0,0,0,0,0,0,0,0,0,0,0,0,0,0,0,0,0,0,0,0,0,0,0,0,0,0,0,0,0,0,0,0,0,0,0,0,0,0,0,0
1989,238,14,8,53.392,2,8,0,-1,1,0,1,1,25,0,0,0,1028,0,0,0,0,0,1,1,0,0,0,214.6594391,0,0,0,0,3,1,1,1,100,0,0,0,3,1,1,0.1,3000,0,0,0,0,0,0,0,0,0,0,0,0,0,0,0,0,0,0,0,0,0,0,0,0,0,0,0,0,0,0,0,0,0,0,0,0,0,0,0,0,0,0,0,0,0,0,0,0,0,0,0
1989,238,14,10,6.472,2,8,0,-1,0,0,1,1,25,0,0,0,1028,0,0,0,0,0,1,1,0,0,0,214.7820793,0,0,0,0,3,1,1,1,100,0,0,0,3,1,1,0.1,3000,0,0,0,0,0,0,0,0,0,0,0,0,0,0,0,0,0,0,0,0,0,0,0,0,0,0,0,0,0,0,0,0,0,0,0,0,0,0,0,0,0,0,0,0,0,0,0,0,0,0,0
1989,238,14,10,29.392,2,8,0,-1,1,0,1,1,25,0,0,0,1028,0,0,0,0,0,1,1,0,0,0,214.8205426,0,0,0,0,3,1,1,1,100,0,0,0,3,1,1,0.1,3000,0,0,0,0,0,0,0,0,0,0,0,0,0,0,0,0,0,0,0,0,0,0,0,0,0,0,0,0,0,0,0,0,0,0,0,0,0,0,0,0,0,0,0,0,0,0,0,0,0,0,0
1989,238,14,11,42.472,2,8,0,-1,0,0,1,1,25,0,0,0,1028,0,0,0,0,0,1,1,0,0,0,214.9431817,0,0,0,0,3,1,1,1,100,0,0,0,3,1,1,0.1,3000,0,0,0,0,0,0,0,0,0,0,0,0,0,0,0,0,0,0,0,0,0,0,0,0,0,0,0,0,0,0,0,0,0,0,0,0,0,0,0,0,0,0,0,0,0,0,0,0,0,0,0
1989,238,14,12,5.392,2,8,0,-1,1,0,1,1,25,0,0,0,1028,0,0,0,0,0,1,1,0,0,0,214.9816447,0,0,0,0,3,1,1,1,100,0,0,0,3,1,1,0.1,3000,0,0,0,0,0,0,0,0,0,0,0,0,0,0,0,0,0,0,0,0,0,0,0,0,0,0,0,0,0,0,0,0,0,0,0,0,0,0,0,0,0,0,0,0,0,0,0,0,0,0,0
1989,238,14,13,18.472,2,8,0,-1,0,0,1,1,25,0,0,0,1028,0,0,0,0,0,1,1,0,0,0,215.1042828,0,0,0,0,3,1,1,1,100,0,0,0,3,1,1,0.1,3000,0,0,0,0,0,0,0,0,0,0,0,0,0,0,0,0,0,0,0,0,0,0,0,0,0,0,0,0,0,0,0,0,0,0,0,0,0,0,0,0,0,0,0,0,0,0,0,0,0,0,0
1989,238,14,13,41.392,2,8,0,-1,1,0,1,1,25,0,0,0,1028,0,0,0,0,0,1,1,0,0,0,215.1427455,0,0,0,0,3,1,1,1,100,0,0,0,3,1,1,0.1,3000,0,0,0,0,0,0,0,0,0,0,0,0,0,0,0,0,0,0,0,0,0,0,0,0,0,0,0,0,0,0,0,0,0,0,0,0,0,0,0,0,0,0,0,0,0,0,0,0,0,0,0
1989,238,14,14,54.472,2,8,0,-1,0,0,1,1,25,0,0,0,1028,0,0,0,0,0,1,1,0,0,0,215.2653826,0,0,0,0,3,1,1,1,100,0,0,0,3,1,1,0.1,3000,0,0,0,0,0,0,0,0,0,0,0,0,0,0,0,0,0,0,0,0,0,0,0,0,0,0,0,0,0,0,0,0,0,0,0,0,0,0,0,0,0,0,0,0,0,0,0,0,0,0,0
1989,238,14,15,17.392,2,8,0,-1,1,0,1,1,25,0,0,0,1028,0,0,0,0,0,1,1,0,0,0,215.3038449,0,0,0,0,3,1,1,1,100,0,0,0,3,1,1,0.1,3000,0,0,0,0,0,0,0,0,0,0,0,0,0,0,0,0,0,0,0,0,0,0,0,0,0,0,0,0,0,0,0,0,0,0,0,0,0,0,0,0,0,0,0,0,0,0,0,0,0,0,0
1989,238,14,18,54.471,2,8,0,-1,0,0,1,1,25,0,0,0,1028,0,0,0,0,0,1,1,0,0,0,215.6681243,0,0,0,0,3,1,1,1,100,0,0,0,3,1,1,0.1,3000,0,0,0,0,0,0,0,0,0,0,0,0,0,0,0,0,0,0,0,0,0,0,0,0,0,0,0,0,0,0,0,0,0,0,0,0,0,0,0,0,0,0,0,0,0,0,0,0,0,0,0
1989,238,14,19,17.391,2,8,0,-1,1,0,1,1,25,0,0,0,1028,0,0,0,0,0,1,1,0,0,0,215.7065858,0,0,0,0,3,1,1,1,100,0,0,0,3,1,1,0.1,3000,0,0,0,0,0,0,0,0,0,0,0,0,0,0,0,0,0,0,0,0,0,0,0,0,0,0,0,0,0,0,0,0,0,0,0,0,0,0,0,0,0,0,0,0,0,0,0,0,0,0,0
1989,238,14,20,30.471,2,8,0,-1,0,0,1,1,25,0,0,0,1028,0,0,0,0,0,1,1,0,0,0,215.8292193,0,0,0,0,3,1,1,1,100,0,0,0,3,1,1,0.1,3000,0,0,0,0,0,0,0,0,0,0,0,0,0,0,0,0,0,0,0,0,0,0,0,0,0,0,0,0,0,0,0,0,0,0,0,0,0,0,0,0,0,0,0,0,0,0,0,0,0,0,0
1989,238,14,20,53.391,2,8,0,-1,1,0,1,1,25,0,0,0,1028,0,0,0,0,0,1,1,0,0,0,215.8676805,0,0,0,0,3,1,1,1,100,0,0,0,3,1,1,0.1,3000,0,0,0,0,0,0,0,0,0,0,0,0,0,0,0,0,0,0,0,0,0,0,0,0,0,0,0,0,0,0,0,0,0,0,0,0,0,0,0,0,0,0,0,0,0,0,0,0,0,0,0
1989,238,14,22,6.471,2,8,0,-1,0,0,1,1,25,0,0,0,1028,0,0,0,0,0,1,1,0,0,0,215.9903129,0,0,0,0,3,1,1,1,100,0,0,0,3,1,1,0.1,3000,0,0,0,0,0,0,0,0,0,0,0,0,0,0,0,0,0,0,0,0,0,0,0,0,0,0,0,0,0,0,0,0,0,0,0,0,0,0,0,0,0,0,0,0,0,0,0,0,0,0,0
1989,238,14,22,29.391,2,8,0,-1,1,0,1,1,25,0,0,0,1028,0,0,0,0,0,1,1,0,0,0,216.0287738,0,0,0,0,3,1,1,1,100,0,0,0,3,1,1,0.1,3000,0,0,0,0,0,0,0,0,0,0,0,0,0,0,0,0,0,0,0,0,0,0,0,0,0,0,0,0,0,0,0,0,0,0,0,0,0,0,0,0,0,0,0,0,0,0,0,0,0,0,0
1989,238,14,23,42.471,2,8,0,-1,0,0,1,1,25,0,0,0,1028,0,0,0,0,0,1,1,0,0,0,216.1514052,0,0,0,0,3,1,1,1,100,0,0,0,3,1,1,0.1,3000,0,0,0,0,0,0,0,0,0,0,0,0,0,0,0,0,0,0,0,0,0,0,0,0,0,0,0,0,0,0,0,0,0,0,0,0,0,0,0,0,0,0,0,0,0,0,0,0,0,0,0
1989,238,14,24,5.391,2,8,0,-1,1,0,1,1,25,0,0,0,1028,0,0,0,0,0,1,1,0,0,0,216.1898658,0,0,0,0,3,1,1,1,100,0,0,0,3,1,1,0.1,3000,0,0,0,0,0,0,0,0,0,0,0,0,0,0,0,0,0,0,0,0,0,0,0,0,0,0,0,0,0,0,0,0,0,0,0,0,0,0,0,0,0,0,0,0,0,0,0,0,0,0,0
1989,238,14,25,18.471,2,8,0,-1,0,0,1,1,25,0,0,0,1028,0,0,0,0,0,1,1,0,0,0,216.3124962,0,0,0,0,3,1,1,1,100,0,0,0,3,1,1,0.1,3000,0,0,0,0,0,0,0,0,0,0,0,0,0,0,0,0,0,0,0,0,0,0,0,0,0,0,0,0,0,0,0,0,0,0,0,0,0,0,0,0,0,0,0,0,0,0,0,0,0,0,0
1989,238,14,25,41.391,2,8,0,-1,1,0,1,1,25,0,0,0,1028,0,0,0,0,0,1,1,0,0,0,216.3509564,0,0,0,0,3,1,1,1,100,0,0,0,3,1,1,0.1,3000,0,0,0,0,0,0,0,0,0,0,0,0,0,0,0,0,0,0,0,0,0,0,0,0,0,0,0,0,0,0,0,0,0,0,0,0,0,0,0,0,0,0,0,0,0,0,0,0,0,0,0
1989,238,14,26,54.471,2,8,0,-1,0,0,1,1,25,0,0,0,1028,0,0,0,0,0,1,1,0,0,0,216.4735858,0,0,0,0,3,1,1,1,100,0,0,0,3,1,1,0.1,3000,0,0,0,0,0,0,0,0,0,0,0,0,0,0,0,0,0,0,0,0,0,0,0,0,0,0,0,0,0,0,0,0,0,0,0,0,0,0,0,0,0,0,0,0,0,0,0,0,0,0,0
1989,238,14,27,17.391,2,8,0,-1,1,0,1,1,25,0,0,0,1028,0,0,0,0,0,1,1,0,0,0,216.5120457,0,0,0,0,3,1,1,1,100,0,0,0,3,1,1,0.1,3000,0,0,0,0,0,0,0,0,0,0,0,0,0,0,0,0,0,0,0,0,0,0,0,0,0,0,0,0,0,0,0,0,0,0,0,0,0,0,0,0,0,0,0,0,0,0,0,0,0,0,0
1989,238,14,30,54.47,2,8,0,-1,0,0,1,1,25,0,0,0,1028,0,0,0,0,0,1,1,0,0,0,216.8763031,0,0,0,0,3,1,1,1,100,0,0,0,3,1,1,0.1,3000,0,0,0,0,0,0,0,0,0,0,0,0,0,0,0,0,0,0,0,0,0,0,0,0,0,0,0,0,0,0,0,0,0,0,0,0,0,0,0,0,0,0,0,0,0,0,0,0,0,0,0
1989,238,14,31,17.391,2,8,0,-1,1,0,1,1,25,0,0,0,1028,0,0,0,0,0,1,1,0,0,0,216.9147622,0,0,0,0,3,1,1,1,100,0,0,0,3,1,1,0.1,3000,0,0,0,0,0,0,0,0,0,0,0,0,0,0,0,0,0,0,0,0,0,0,0,0,0,0,0,0,0,0,0,0,0,0,0,0,0,0,0,0,0,0,0,0,0,0,0,0,0,0,0
1989,238,14,32,30.47,2,8,0,-1,0,0,1,1,25,0,0,0,1028,0,0,0,0,0,1,1,0,0,0,217.0373872,0,0,0,0,3,1,1,1,100,0,0,0,3,1,1,0.1,3000,0,0,0,0,0,0,0,0,0,0,0,0,0,0,0,0,0,0,0,0,0,0,0,0,0,0,0,0,0,0,0,0,0,0,0,0,0,0,0,0,0,0,0,0,0,0,0,0,0,0,0
1989,238,14,32,53.389,2,8,0,-1,1,0,1,1,25,0,0,0,1028,0,0,0,0,0,1,1,0,0,0,217.0758452,0,0,0,0,3,1,1,1,100,0,0,0,3,1,1,0.1,3000,0,0,0,0,0,0,0,0,0,0,0,0,0,0,0,0,0,0,0,0,0,0,0,0,0,0,0,0,0,0,0,0,0,0,0,0,0,0,0,0,0,0,0,0,0,0,0,0,0,0,0
1989,238,14,34,6.47,2,8,0,-1,0,0,1,1,25,0,0,0,1028,0,0,0,0,0,1,1,0,0,0,217.1984708,0,0,0,0,3,1,1,1,100,0,0,0,3,1,1,0.1,3000,0,0,0,0,0,0,0,0,0,0,0,0,0,0,0,0,0,0,0,0,0,0,0,0,0,0,0,0,0,0,0,0,0,0,0,0,0,0,0,0,0,0,0,0,0,0,0,0,0,0,0
1989,238,14,34,29.389,2,8,0,-1,1,0,1,1,25,0,0,0,1028,0,0,0,0,0,1,1,0,0,0,217.2369284,0,0,0,0,3,1,1,1,100,0,0,0,3,1,1,0.1,3000,0,0,0,0,0,0,0,0,0,0,0,0,0,0,0,0,0,0,0,0,0,0,0,0,0,0,0,0,0,0,0,0,0,0,0,0,0,0,0,0,0,0,0,0,0,0,0,0,0,0,0
1989,238,14,35,42.47,2,8,0,-1,0,0,1,1,25,0,0,0,1028,0,0,0,0,0,1,1,0,0,0,217.359553,0,0,0,0,3,1,1,1,100,0,0,0,3,1,1,0.1,3000,0,0,0,0,0,0,0,0,0,0,0,0,0,0,0,0,0,0,0,0,0,0,0,0,0,0,0,0,0,0,0,0,0,0,0,0,0,0,0,0,0,0,0,0,0,0,0,0,0,0,0
1989,238,14,36,5.39,2,8,0,-1,1,0,1,1,25,0,0,0,1028,0,0,0,0,0,1,1,0,0,0,217.3980112,0,0,0,0,3,1,1,1,100,0,0,0,3,1,1,0.1,3000,0,0,0,0,0,0,0,0,0,0,0,0,0,0,0,0,0,0,0,0,0,0,0,0,0,0,0,0,0,0,0,0,0,0,0,0,0,0,0,0,0,0,0,0,0,0,0,0,0,0,0
1989,238,14,37,18.47,2,8,0,-1,0,0,1,1,25,0,0,0,1028,0,0,0,0,0,1,1,0,0,0,217.5206339,0,0,0,0,3,1,1,1,100,0,0,0,3,1,1,0.1,3000,0,0,0,0,0,0,0,0,0,0,0,0,0,0,0,0,0,0,0,0,0,0,0,0,0,0,0,0,0,0,0,0,0,0,0,0,0,0,0,0,0,0,0,0,0,0,0,0,0,0,0
1989,238,14,37,41.389,2,8,0,-1,1,0,1,1,25,0,0,0,1028,0,0,0,0,0,1,1,0,0,0,217.5590901,0,0,0,0,3,1,1,1,100,0,0,0,3,1,1,0.1,3000,0,0,0,0,0,0,0,0,0,0,0,0,0,0,0,0,0,0,0,0,0,0,0,0,0,0,0,0,0,0,0,0,0,0,0,0,0,0,0,0,0,0,0,0,0,0,0,0,0,0,0
1989,238,14,38,54.47,2,8,0,-1,0,0,1,1,25,0,0,0,1028,0,0,0,0,0,1,1,0,0,0,217.6817135,0,0,0,0,3,1,1,1,100,0,0,0,3,1,1,0.1,3000,0,0,0,0,0,0,0,0,0,0,0,0,0,0,0,0,0,0,0,0,0,0,0,0,0,0,0,0,0,0,0,0,0,0,0,0,0,0,0,0,0,0,0,0,0,0,0,0,0,0,0
1989,238,14,39,17.39,2,8,0,-1,1,0,1,1,25,0,0,0,1028,0,0,0,0,0,1,1,0,0,0,217.7201711,0,0,0,0,3,1,1,1,100,0,0,0,3,1,1,0.1,3000,0,0,0,0,0,0,0,0,0,0,0,0,0,0,0,0,0,0,0,0,0,0,0,0,0,0,0,0,0,0,0,0,0,0,0,0,0,0,0,0,0,0,0,0,0,0,0,0,0,0,0
1989,238,14,42,54.47,2,8,0,-1,0,0,1,1,25,0,0,0,1028,0,0,0,0,0,1,1,0,0,0,218.0844067,0,0,0,0,3,1,1,1,100,0,0,0,3,1,1,0.1,3000,0,0,0,0,0,0,0,0,0,0,0,0,0,0,0,0,0,0,0,0,0,0,0,0,0,0,0,0,0,0,0,0,0,0,0,0,0,0,0,0,0,0,0,0,0,0,0,0,0,0,0
1989,238,14,43,17.39,2,8,0,-1,1,0,1,1,25,0,0,0,1028,0,0,0,0,0,1,1,0,0,0,218.1228635,0,0,0,0,3,1,1,1,100,0,0,0,3,1,1,0.1,3000,0,0,0,0,0,0,0,0,0,0,0,0,0,0,0,0,0,0,0,0,0,0,0,0,0,0,0,0,0,0,0,0,0,0,0,0,0,0,0,0,0,0,0,0,0,0,0,0,0,0,0
1989,238,14,46,6.469,2,8,0,-1,0,0,1,1,25,0,0,0,1028,0,0,0,0,0,1,1,0,0,0,218.4065536,0,0,0,0,3,1,1,1,100,0,0,0,3,1,1,0.1,3000,0,0,0,0,0,0,0,0,0,0,0,0,0,0,0,0,0,0,0,0,0,0,0,0,0,0,0,0,0,0,0,0,0,0,0,0,0,0,0,0,0,0,0,0,0,0,0,0,0,0,0
1989,238,14,46,29.389,2,8,0,-1,1,0,1,1,25,0,0,0,1028,0,0,0,0,0,1,1,0,0,0,218.4450098,0,0,0,0,3,1,1,1,100,0,0,0,3,1,1,0.1,3000,0,0,0,0,0,0,0,0,0,0,0,0,0,0,0,0,0,0,0,0,0,0,0,0,0,0,0,0,0,0,0,0,0,0,0,0,0,0,0,0,0,0,0,0,0,0,0,0,0,0,0
1989,238,14,47,42.469,2,8,0,-1,0,0,1,1,25,0,0,0,1028,0,0,0,0,0,1,1,0,0,0,218.5676259,0,0,0,0,3,1,1,1,100,0,0,0,3,1,1,0.1,3000,0,0,0,0,0,0,0,0,0,0,0,0,0,0,0,0,0,0,0,0,0,0,0,0,0,0,0,0,0,0,0,0,0,0,0,0,0,0,0,0,0,0,0,0,0,0,0,0,0,0,0
1989,238,14,48,5.389,2,8,0,-1,1,0,1,1,25,0,0,0,1028,0,0,0,0,0,1,1,0,0,0,218.6060818,0,0,0,0,3,1,1,1,100,0,0,0,3,1,1,0.1,3000,0,0,0,0,0,0,0,0,0,0,0,0,0,0,0,0,0,0,0,0,0,0,0,0,0,0,0,0,0,0,0,0,0,0,0,0,0,0,0,0,0,0,0,0,0,0,0,0,0,0,0
1989,238,14,49,18.469,2,8,0,-1,0,0,1,1,25,0,0,0,1028,0,0,0,0,0,1,1,0,0,0,218.7286969,0,0,0,0,3,1,1,1,100,0,0,0,3,1,1,0.1,3000,0,0,0,0,0,0,0,0,0,0,0,0,0,0,0,0,0,0,0,0,0,0,0,0,0,0,0,0,0,0,0,0,0,0,0,0,0,0,0,0,0,0,0,0,0,0,0,0,0,0,0
1989,238,14,49,41.388,2,8,0,-1,1,0,1,1,25,0,0,0,1028,0,0,0,0,0,1,1,0,0,0,218.7671508,0,0,0,0,3,1,1,1,100,0,0,0,3,1,1,0.1,3000,0,0,0,0,0,0,0,0,0,0,0,0,0,0,0,0,0,0,0,0,0,0,0,0,0,0,0,0,0,0,0,0,0,0,0,0,0,0,0,0,0,0,0,0,0,0,0,0,0,0,0
1989,238,14,50,54.469,2,8,0,-1,0,0,1,1,25,0,0,0,1028,0,0,0,0,0,1,1,0,0,0,218.8897666,0,0,0,0,3,1,1,1,100,0,0,0,3,1,1,0.1,3000,0,0,0,0,0,0,0,0,0,0,0,0,0,0,0,0,0,0,0,0,0,0,0,0,0,0,0,0,0,0,0,0,0,0,0,0,0,0,0,0,0,0,0,0,0,0,0,0,0,0,0
1989,238,14,51,17.389,2,8,0,-1,1,0,1,1,25,0,0,0,1028,0,0,0,0,0,1,1,0,0,0,218.9282218,0,0,0,0,3,1,1,1,100,0,0,0,3,1,1,0.1,3000,0,0,0,0,0,0,0,0,0,0,0,0,0,0,0,0,0,0,0,0,0,0,0,0,0,0,0,0,0,0,0,0,0,0,0,0,0,0,0,0,0,0,0,0,0,0,0,0,0,0,0
1989,238,14,54,54.469,2,8,0,-1,0,0,1,1,25,0,0,0,1028,0,0,0,0,0,1,1,0,0,0,219.2924351,0,0,0,0,3,1,1,1,100,0,0,0,3,1,1,0.1,3000,0,0,0,0,0,0,0,0,0,0,0,0,0,0,0,0,0,0,0,0,0,0,0,0,0,0,0,0,0,0,0,0,0,0,0,0,0,0,0,0,0,0,0,0,0,0,0,0,0,0,0
1989,238,14,55,17.389,2,8,0,-1,1,0,1,1,25,0,0,0,1028,0,0,0,0,0,1,1,0,0,0,219.3308896,0,0,0,0,3,1,1,1,100,0,0,0,3,1,1,0.1,3000,0,0,0,0,0,0,0,0,0,0,0,0,0,0,0,0,0,0,0,0,0,0,0,0,0,0,0,0,0,0,0,0,0,0,0,0,0,0,0,0,0,0,0,0,0,0,0,0,0,0,0
1989,238,14,56,30.468,2,8,0,-1,0,0,1,1,25,0,0,0,1028,0,0,0,0,0,1,1,0,0,0,219.4534994,0,0,0,0,3,1,1,1,100,0,0,0,3,1,1,0.1,3000,0,0,0,0,0,0,0,0,0,0,0,0,0,0,0,0,0,0,0,0,0,0,0,0,0,0,0,0,0,0,0,0,0,0,0,0,0,0,0,0,0,0,0,0,0,0,0,0,0,0,0
1989,238,14,56,53.388,2,8,0,-1,1,0,1,1,25,0,0,0,1028,0,0,0,0,0,1,1,0,0,0,219.4919527,0,0,0,0,3,1,1,1,100,0,0,0,3,1,1,0.1,3000,0,0,0,0,0,0,0,0,0,0,0,0,0,0,0,0,0,0,0,0,0,0,0,0,0,0,0,0,0,0,0,0,0,0,0,0,0,0,0,0,0,0,0,0,0,0,0,0,0,0,0
1989,238,14,58,6.468,2,8,0,-1,0,0,1,1,25,0,0,0,1028,0,0,0,0,0,1,1,0,0,0,219.6145624,0,0,0,0,3,1,1,1,100,0,0,0,3,1,1,0.1,3000,0,0,0,0,0,0,0,0,0,0,0,0,0,0,0,0,0,0,0,0,0,0,0,0,0,0,0,0,0,0,0,0,0,0,0,0,0,0,0,0,0,0,0,0,0,0,0,0,0,0,0
1989,238,14,58,29.387,2,8,0,-1,1,0,1,1,25,0,0,0,1028,0,0,0,0,0,1,1,0,0,0,219.6530145,0,0,0,0,3,1,1,1,100,0,0,0,3,1,1,0.1,3000,0,0,0,0,0,0,0,0,0,0,0,0,0,0,0,0,0,0,0,0,0,0,0,0,0,0,0,0,0,0,0,0,0,0,0,0,0,0,0,0,0,0,0,0,0,0,0,0,0,0,0
1989,238,14,59,42.468,2,8,0,-1,0,0,1,1,25,0,0,0,1028,0,0,0,0,0,1,1,0,0,0,219.7756249,0,0,0,0,3,1,1,1,100,0,0,0,3,1,1,0.1,3000,0,0,0,0,0,0,0,0,0,0,0,0,0,0,0,0,0,0,0,0,0,0,0,0,0,0,0,0,0,0,0,0,0,0,0,0,0,0,0,0,0,0,0,0,0,0,0,0,0,0,0
1989,238,15,0,5.388,2,8,0,-1,1,0,1,1,25,0,0,0,1028,0,0,0,0,0,1,1,0,0,0,219.8140784,0,0,0,0,3,1,1,1,100,0,0,0,3,1,1,0.1,3000,0,0,0,0,0,0,0,0,0,0,0,0,0,0,0,0,0,0,0,0,0,0,0,0,0,0,0,0,0,0,0,0,0,0,0,0,0,0,0,0,0,0,0,0,0,0,0,0,0,0,0
1989,238,15,1,18.468,2,8,0,-1,0,0,1,1,25,0,0,0,1028,0,0,0,0,0,1,1,0,0,0,219.9366861,0,0,0,0,3,1,1,1,100,0,0,0,3,1,1,0.1,3000,0,0,0,0,0,0,0,0,0,0,0,0,0,0,0,0,0,0,0,0,0,0,0,0,0,0,0,0,0,0,0,0,0,0,0,0,0,0,0,0,0,0,0,0,0,0,0,0,0,0,0
1989,238,15,1,41.387,2,8,0,-1,1,0,1,1,25,0,0,0,1028,0,0,0,0,0,1,1,0,0,0,219.9751376,0,0,0,0,3,1,1,1,100,0,0,0,3,1,1,0.1,3000,0,0,0,0,0,0,0,0,0,0,0,0,0,0,0,0,0,0,0,0,0,0,0,0,0,0,0,0,0,0,0,0,0,0,0,0,0,0,0,0,0,0,0,0,0,0,0,0,0,0,0
1989,238,15,2,54.468,2,8,0,-1,0,0,1,1,25,0,0,0,1028,0,0,0,0,0,1,1,0,0,0,220.097746,0,0,0,0,3,1,1,1,100,0,0,0,3,1,1,0.1,3000,0,0,0,0,0,0,0,0,0,0,0,0,0,0,0,0,0,0,0,0,0,0,0,0,0,0,0,0,0,0,0,0,0,0,0,0,0,0,0,0,0,0,0,0,0,0,0,0,0,0,0
1989,238,15,3,17.387,2,8,0,-1,1,0,1,1,25,0,0,0,1028,0,0,0,0,0,1,1,0,0,0,220.136198,0,0,0,0,3,1,1,1,100,0,0,0,3,1,1,0.1,3000,0,0,0,0,0,0,0,0,0,0,0,0,0,0,0,0,0,0,0,0,0,0,0,0,0,0,0,0,0,0,0,0,0,0,0,0,0,0,0,0,0,0,0,0,0,0,0,0,0,0,0
1989,238,15,6,54.468,2,8,0,-1,0,0,1,1,25,0,0,0,1028,0,0,0,0,0,1,1,0,0,0,220.5003901,0,0,0,0,3,1,1,1,100,0,0,0,3,1,1,0.1,3000,0,0,0,0,0,0,0,0,0,0,0,0,0,0,0,0,0,0,0,0,0,0,0,0,0,0,0,0,0,0,0,0,0,0,0,0,0,0,0,0,0,0,0,0,0,0,0,0,0,0,0
1989,238,15,7,17.388,2,8,0,-1,1,0,1,1,25,0,0,0,1028,0,0,0,0,0,1,1,0,0,0,220.5388421,0,0,0,0,3,1,1,1,100,0,0,0,3,1,1,0.1,3000,0,0,0,0,0,0,0,0,0,0,0,0,0,0,0,0,0,0,0,0,0,0,0,0,0,0,0,0,0,0,0,0,0,0,0,0,0,0,0,0,0,0,0,0,0,0,0,0,0,0,0
1989,238,15,8,30.468,2,8,0,-1,0,0,1,1,25,0,0,0,1028,0,0,0,0,0,1,1,0,0,0,220.6614454,0,0,0,0,3,1,1,1,100,0,0,0,3,1,1,0.1,3000,0,0,0,0,0,0,0,0,0,0,0,0,0,0,0,0,0,0,0,0,0,0,0,0,0,0,0,0,0,0,0,0,0,0,0,0,0,0,0,0,0,0,0,0,0,0,0,0,0,0,0
1989,238,15,8,53.387,2,8,0,-1,1,0,1,1,25,0,0,0,1028,0,0,0,0,0,1,1,0,0,0,220.6998964,0,0,0,0,3,1,1,1,100,0,0,0,3,1,1,0.1,3000,0,0,0,0,0,0,0,0,0,0,0,0,0,0,0,0,0,0,0,0,0,0,0,0,0,0,0,0,0,0,0,0,0,0,0,0,0,0,0,0,0,0,0,0,0,0,0,0,0,0,0
1989,238,15,10,6.467,2,8,0,-1,0,0,1,1,25,0,0,0,1028,0,0,0,0,0,1,1,0,0,0,220.8224978,0,0,0,0,3,1,1,1,100,0,0,0,3,1,1,0.1,3000,0,0,0,0,0,0,0,0,0,0,0,0,0,0,0,0,0,0,0,0,0,0,0,0,0,0,0,0,0,0,0,0,0,0,0,0,0,0,0,0,0,0,0,0,0,0,0,0,0,0,0
1989,238,15,10,29.386,2,8,0,-1,1,0,1,1,25,0,0,0,1028,0,0,0,0,0,1,1,0,0,0,220.8609476,0,0,0,0,3,1,1,1,100,0,0,0,3,1,1,0.1,3000,0,0,0,0,0,0,0,0,0,0,0,0,0,0,0,0,0,0,0,0,0,0,0,0,0,0,0,0,0,0,0,0,0,0,0,0,0,0,0,0,0,0,0,0,0,0,0,0,0,0,0
1989,238,15,11,42.467,2,8,0,-1,0,0,1,1,25,0,0,0,1028,0,0,0,0,0,1,1,0,0,0,220.9835506,0,0,0,0,3,1,1,1,100,0,0,0,3,1,1,0.1,3000,0,0,0,0,0,0,0,0,0,0,0,0,0,0,0,0,0,0,0,0,0,0,0,0,0,0,0,0,0,0,0,0,0,0,0,0,0,0,0,0,0,0,0,0,0,0,0,0,0,0,0
1989,238,15,12,5.387,2,8,0,-1,1,0,1,1,25,0,0,0,1028,0,0,0,0,0,1,1,0,0,0,221.0220018,0,0,0,0,3,1,1,1,100,0,0,0,3,1,1,0.1,3000,0,0,0,0,0,0,0,0,0,0,0,0,0,0,0,0,0,0,0,0,0,0,0,0,0,0,0,0,0,0,0,0,0,0,0,0,0,0,0,0,0,0,0,0,0,0,0,0,0,0,0
1989,238,15,13,18.467,2,8,0,-1,0,0,1,1,25,0,0,0,1028,0,0,0,0,0,1,1,0,0,0,221.1446021,0,0,0,0,3,1,1,1,100,0,0,0,3,1,1,0.1,3000,0,0,0,0,0,0,0,0,0,0,0,0,0,0,0,0,0,0,0,0,0,0,0,0,0,0,0,0,0,0,0,0,0,0,0,0,0,0,0,0,0,0,0,0,0,0,0,0,0,0,0
1989,238,15,13,41.386,2,8,0,-1,1,0,1,1,25,0,0,0,1028,0,0,0,0,0,1,1,0,0,0,221.1830513,0,0,0,0,3,1,1,1,100,0,0,0,3,1,1,0.1,3000,0,0,0,0,0,0,0,0,0,0,0,0,0,0,0,0,0,0,0,0,0,0,0,0,0,0,0,0,0,0,0,0,0,0,0,0,0,0,0,0,0,0,0,0,0,0,0,0,0,0,0
1989,238,15,14,54.467,2,8,0,-1,0,0,1,1,25,0,0,0,1028,0,0,0,0,0,1,1,0,0,0,221.3056523,0,0,0,0,3,1,1,1,100,0,0,0,3,1,1,0.1,3000,0,0,0,0,0,0,0,0,0,0,0,0,0,0,0,0,0,0,0,0,0,0,0,0,0,0,0,0,0,0,0,0,0,0,0,0,0,0,0,0,0,0,0,0,0,0,0,0,0,0,0
1989,238,15,15,17.387,2,8,0,-1,1,0,1,1,25,0,0,0,1028,0,0,0,0,0,1,1,0,0,0,221.344102,0,0,0,0,3,1,1,1,100,0,0,0,3,1,1,0.1,3000,0,0,0,0,0,0,0,0,0,0,0,0,0,0,0,0,0,0,0,0,0,0,0,0,0,0,0,0,0,0,0,0,0,0,0,0,0,0,0,0,0,0,0,0,0,0,0,0,0,0,0
1989,238,15,18,54.467,2,8,0,-1,0,0,1,1,25,0,0,0,1028,0,0,0,0,0,1,1,0,0,0,221.7082723,0,0,0,0,3,1,1,1,100,0,0,0,3,1,1,0.1,3000,0,0,0,0,0,0,0,0,0,0,0,0,0,0,0,0,0,0,0,0,0,0,0,0,0,0,0,0,0,0,0,0,0,0,0,0,0,0,0,0,0,0,0,0,0,0,0,0,0,0,0
1989,238,15,19,17.387,2,8,0,-1,1,0,1,1,25,0,0,0,1028,0,0,0,0,0,1,1,0,0,0,221.7467212,0,0,0,0,3,1,1,1,100,0,0,0,3,1,1,0.1,3000,0,0,0,0,0,0,0,0,0,0,0,0,0,0,0,0,0,0,0,0,0,0,0,0,0,0,0,0,0,0,0,0,0,0,0,0,0,0,0,0,0,0,0,0,0,0,0,0,0,0,0
1989,238,15,20,30.467,2,8,0,-1,0,0,1,1,25,0,0,0,1028,0,0,0,0,0,1,1,0,0,0,221.869318,0,0,0,0,3,1,1,1,100,0,0,0,3,1,1,0.1,3000,0,0,0,0,0,0,0,0,0,0,0,0,0,0,0,0,0,0,0,0,0,0,0,0,0,0,0,0,0,0,0,0,0,0,0,0,0,0,0,0,0,0,0,0,0,0,0,0,0,0,0
1989,238,15,20,53.387,2,8,0,-1,1,0,1,1,25,0,0,0,1028,0,0,0,0,0,1,1,0,0,0,221.9077667,0,0,0,0,3,1,1,1,100,0,0,0,3,1,1,0.1,3000,0,0,0,0,0,0,0,0,0,0,0,0,0,0,0,0,0,0,0,0,0,0,0,0,0,0,0,0,0,0,0,0,0,0,0,0,0,0,0,0,0,0,0,0,0,0,0,0,0,0,0
1989,238,15,22,6.466,2,8,0,-1,0,0,1,1,25,0,0,0,1028,0,0,0,0,0,1,1,0,0,0,222.0303616,0,0,0,0,3,1,1,1,100,0,0,0,3,1,1,0.1,3000,0,0,0,0,0,0,0,0,0,0,0,0,0,0,0,0,0,0,0,0,0,0,0,0,0,0,0,0,0,0,0,0,0,0,0,0,0,0,0,0,0,0,0,0,0,0,0,0,0,0,0
1989,238,15,22,29.386,2,8,0,-1,1,0,1,1,25,0,0,0,1028,0,0,0,0,0,1,1,0,0,0,222.06881,0,0,0,0,3,1,1,1,100,0,0,0,3,1,1,0.1,3000,0,0,0,0,0,0,0,0,0,0,0,0,0,0,0,0,0,0,0,0,0,0,0,0,0,0,0,0,0,0,0,0,0,0,0,0,0,0,0,0,0,0,0,0,0,0,0,0,0,0,0
1989,238,15,23,42.465,2,8,0,-1,0,0,1,1,25,0,0,0,1028,0,0,0,0,0,1,1,0,0,0,222.1914031,0,0,0,0,3,1,1,1,100,0,0,0,3,1,1,0.1,3000,0,0,0,0,0,0,0,0,0,0,0,0,0,0,0,0,0,0,0,0,0,0,0,0,0,0,0,0,0,0,0,0,0,0,0,0,0,0,0,0,0,0,0,0,0,0,0,0,0,0,0
1989,238,15,24,5.386,2,8,0,-1,1,0,1,1,25,0,0,0,1028,0,0,0,0,0,1,1,0,0,0,222.2298528,0,0,0,0,3,1,1,1,100,0,0,0,3,1,1,0.1,3000,0,0,0,0,0,0,0,0,0,0,0,0,0,0,0,0,0,0,0,0,0,0,0,0,0,0,0,0,0,0,0,0,0,0,0,0,0,0,0,0,0,0,0,0,0,0,0,0,0,0,0
1989,238,15,25,18.466,2,8,0,-1,0,0,1,1,25,0,0,0,1028,0,0,0,0,0,1,1,0,0,0,222.3524459,0,0,0,0,3,1,1,1,100,0,0,0,3,1,1,0.1,3000,0,0,0,0,0,0,0,0,0,0,0,0,0,0,0,0,0,0,0,0,0,0,0,0,0,0,0,0,0,0,0,0,0,0,0,0,0,0,0,0,0,0,0,0,0,0,0,0,0,0,0
1989,238,15,25,41.385,2,8,0,-1,1,0,1,1,25,0,0,0,1028,0,0,0,0,0,1,1,0,0,0,222.3908928,0,0,0,0,3,1,1,1,100,0,0,0,3,1,1,0.1,3000,0,0,0,0,0,0,0,0,0,0,0,0,0,0,0,0,0,0,0,0,0,0,0,0,0,0,0,0,0,0,0,0,0,0,0,0,0,0,0,0,0,0,0,0,0,0,0,0,0,0,0
1989,238,15,26,54.466,2,8,0,-1,0,0,1,1,25,0,0,0,1028,0,0,0,0,0,1,1,0,0,0,222.5134865,0,0,0,0,3,1,1,1,100,0,0,0,3,1,1,0.1,3000,0,0,0,0,0,0,0,0,0,0,0,0,0,0,0,0,0,0,0,0,0,0,0,0,0,0,0,0,0,0,0,0,0,0,0,0,0,0,0,0,0,0,0,0,0,0,0,0,0,0,0
1989,238,15,27,17.386,2,8,0,-1,1,0,1,1,25,0,0,0,1028,0,0,0,0,0,1,1,0,0,0,222.5519348,0,0,0,0,3,1,1,1,100,0,0,0,3,1,1,0.1,3000,0,0,0,0,0,0,0,0,0,0,0,0,0,0,0,0,0,0,0,0,0,0,0,0,0,0,0,0,0,0,0,0,0,0,0,0,0,0,0,0,0,0,0,0,0,0,0,0,0,0,0
1989,238,15,30,54.466,2,8,0,-1,0,0,1,1,25,0,0,0,1028,0,0,0,0,0,1,1,0,0,0,222.9160826,0,0,0,0,3,1,1,1,100,0,0,0,3,1,1,0.1,3000,0,0,0,0,0,0,0,0,0,0,0,0,0,0,0,0,0,0,0,0,0,0,0,0,0,0,0,0,0,0,0,0,0,0,0,0,0,0,0,0,0,0,0,0,0,0,0,0,0,0,0
1989,238,15,31,17.386,2,8,0,-1,1,0,1,1,25,0,0,0,1028,0,0,0,0,0,1,1,0,0,0,222.9545301,0,0,0,0,3,1,1,1,100,0,0,0,3,1,1,0.1,3000,0,0,0,0,0,0,0,0,0,0,0,0,0,0,0,0,0,0,0,0,0,0,0,0,0,0,0,0,0,0,0,0,0,0,0,0,0,0,0,0,0,0,0,0,0,0,0,0,0,0,0
1989,238,15,32,30.465,2,8,0,-1,0,0,1,1,25,0,0,0,1028,0,0,0,0,0,1,1,0,0,0,223.077118,0,0,0,0,3,1,1,1,100,0,0,0,3,1,1,0.1,3000,0,0,0,0,0,0,0,0,0,0,0,0,0,0,0,0,0,0,0,0,0,0,0,0,0,0,0,0,0,0,0,0,0,0,0,0,0,0,0,0,0,0,0,0,0,0,0,0,0,0,0
1989,238,15,32,53.386,2,8,0,-1,1,0,1,1,25,0,0,0,1028,0,0,0,0,0,1,1,0,0,0,223.1155652,0,0,0,0,3,1,1,1,100,0,0,0,3,1,1,0.1,3000,0,0,0,0,0,0,0,0,0,0,0,0,0,0,0,0,0,0,0,0,0,0,0,0,0,0,0,0,0,0,0,0,0,0,0,0,0,0,0,0,0,0,0,0,0,0,0,0,0,0,0
1989,238,15,34,6.466,2,8,0,-1,0,0,1,1,25,0,0,0,1028,0,0,0,0,0,1,1,0,0,0,223.2381537,0,0,0,0,3,1,1,1,100,0,0,0,3,1,1,0.1,3000,0,0,0,0,0,0,0,0,0,0,0,0,0,0,0,0,0,0,0,0,0,0,0,0,0,0,0,0,0,0,0,0,0,0,0,0,0,0,0,0,0,0,0,0,0,0,0,0,0,0,0
1989,238,15,34,29.386,2,8,0,-1,1,0,1,1,25,0,0,0,1028,0,0,0,0,0,1,1,0,0,0,223.2765998,0,0,0,0,3,1,1,1,100,0,0,0,3,1,1,0.1,3000,0,0,0,0,0,0,0,0,0,0,0,0,0,0,0,0,0,0,0,0,0,0,0,0,0,0,0,0,0,0,0,0,0,0,0,0,0,0,0,0,0,0,0,0,0,0,0,0,0,0,0
1989,238,15,35,42.465,2,8,0,-1,0,0,1,1,25,0,0,0,1028,0,0,0,0,0,1,1,0,0,0,223.3991857,0,0,0,0,3,1,1,1,100,0,0,0,3,1,1,0.1,3000,0,0,0,0,0,0,0,0,0,0,0,0,0,0,0,0,0,0,0,0,0,0,0,0,0,0,0,0,0,0,0,0,0,0,0,0,0,0,0,0,0,0,0,0,0,0,0,0,0,0,0
1989,238,15,36,5.385,2,8,0,-1,1,0,1,1,25,0,0,0,1028,0,0,0,0,0,1,1,0,0,0,223.4376324,0,0,0,0,3,1,1,1,100,0,0,0,3,1,1,0.1,3000,0,0,0,0,0,0,0,0,0,0,0,0,0,0,0,0,0,0,0,0,0,0,0,0,0,0,0,0,0,0,0,0,0,0,0,0,0,0,0,0,0,0,0,0,0,0,0,0,0,0,0
1989,238,15,37,18.465,2,8,0,-1,0,0,1,1,25,0,0,0,1028,0,0,0,0,0,1,1,0,0,0,223.5602182,0,0,0,0,3,1,1,1,100,0,0,0,3,1,1,0.1,3000,0,0,0,0,0,0,0,0,0,0,0,0,0,0,0,0,0,0,0,0,0,0,0,0,0,0,0,0,0,0,0,0,0,0,0,0,0,0,0,0,0,0,0,0,0,0,0,0,0,0,0
1989,238,15,37,41.384,2,8,0,-1,1,0,1,1,25,0,0,0,1028,0,0,0,0,0,1,1,0,0,0,223.5986628,0,0,0,0,3,1,1,1,100,0,0,0,3,1,1,0.1,3000,0,0,0,0,0,0,0,0,0,0,0,0,0,0,0,0,0,0,0,0,0,0,0,0,0,0,0,0,0,0,0,0,0,0,0,0,0,0,0,0,0,0,0,0,0,0,0,0,0,0,0
1989,238,15,38,54.465,2,8,0,-1,0,0,1,1,25,0,0,0,1028,0,0,0,0,0,1,1,0,0,0,223.7212493,0,0,0,0,3,1,1,1,100,0,0,0,3,1,1,0.1,3000,0,0,0,0,0,0,0,0,0,0,0,0,0,0,0,0,0,0,0,0,0,0,0,0,0,0,0,0,0,0,0,0,0,0,0,0,0,0,0,0,0,0,0,0,0,0,0,0,0,0,0
1989,238,15,39,17.385,2,8,0,-1,1,0,1,1,25,0,0,0,1028,0,0,0,0,0,1,1,0,0,0,223.7596954,0,0,0,0,3,1,1,1,100,0,0,0,3,1,1,0.1,3000,0,0,0,0,0,0,0,0,0,0,0,0,0,0,0,0,0,0,0,0,0,0,0,0,0,0,0,0,0,0,0,0,0,0,0,0,0,0,0,0,0,0,0,0,0,0,0,0,0,0,0
1989,238,15,42,54.465,2,8,0,-1,0,0,1,1,25,0,0,0,1028,0,0,0,0,0,1,1,0,0,0,224.1238218,0,0,0,0,3,1,1,1,100,0,0,0,3,1,1,0.1,3000,0,0,0,0,0,0,0,0,0,0,0,0,0,0,0,0,0,0,0,0,0,0,0,0,0,0,0,0,0,0,0,0,0,0,0,0,0,0,0,0,0,0,0,0,0,0,0,0,0,0,0
1989,238,15,43,17.385,2,8,0,-1,1,0,1,1,25,0,0,0,1028,0,0,0,0,0,1,1,0,0,0,224.162267,0,0,0,0,3,1,1,1,100,0,0,0,3,1,1,0.1,3000,0,0,0,0,0,0,0,0,0,0,0,0,0,0,0,0,0,0,0,0,0,0,0,0,0,0,0,0,0,0,0,0,0,0,0,0,0,0,0,0,0,0,0,0,0,0,0,0,0,0,0
1989,238,15,44,30.465,2,8,0,-1,0,0,1,1,25,0,0,0,1028,0,0,0,0,0,1,1,0,0,0,224.2848486,0,0,0,0,3,1,1,1,100,0,0,0,3,1,1,0.1,3000,0,0,0,0,0,0,0,0,0,0,0,0,0,0,0,0,0,0,0,0,0,0,0,0,0,0,0,0,0,0,0,0,0,0,0,0,0,0,0,0,0,0,0,0,0,0,0,0,0,0,0
1989,238,15,44,53.384,2,8,0,-1,1,0,1,1,25,0,0,0,1028,0,0,0,0,0,1,1,0,0,0,224.3232927,0,0,0,0,3,1,1,1,100,0,0,0,3,1,1,0.1,3000,0,0,0,0,0,0,0,0,0,0,0,0,0,0,0,0,0,0,0,0,0,0,0,0,0,0,0,0,0,0,0,0,0,0,0,0,0,0,0,0,0,0,0,0,0,0,0,0,0,0,0
1989,238,15,46,6.465,2,8,0,-1,0,0,1,1,25,0,0,0,1028,0,0,0,0,0,1,1,0,0,0,224.4458741,0,0,0,0,3,1,1,1,100,0,0,0,3,1,1,0.1,3000,0,0,0,0,0,0,0,0,0,0,0,0,0,0,0,0,0,0,0,0,0,0,0,0,0,0,0,0,0,0,0,0,0,0,0,0,0,0,0,0,0,0,0,0,0,0,0,0,0,0,0
1989,238,15,46,29.384,2,8,0,-1,1,0,1,1,25,0,0,0,1028,0,0,0,0,0,1,1,0,0,0,224.4843179,0,0,0,0,3,1,1,1,100,0,0,0,3,1,1,0.1,3000,0,0,0,0,0,0,0,0,0,0,0,0,0,0,0,0,0,0,0,0,0,0,0,0,0,0,0,0,0,0,0,0,0,0,0,0,0,0,0,0,0,0,0,0,0,0,0,0,0,0,0
1989,238,15,47,42.465,2,8,0,-1,0,0,1,1,25,0,0,0,1028,0,0,0,0,0,1,1,0,0,0,224.6068984,0,0,0,0,3,1,1,1,100,0,0,0,3,1,1,0.1,3000,0,0,0,0,0,0,0,0,0,0,0,0,0,0,0,0,0,0,0,0,0,0,0,0,0,0,0,0,0,0,0,0,0,0,0,0,0,0,0,0,0,0,0,0,0,0,0,0,0,0,0
1989,238,15,48,5.385,2,8,0,-1,1,0,1,1,25,0,0,0,1028,0,0,0,0,0,1,1,0,0,0,224.6453428,0,0,0,0,3,1,1,1,100,0,0,0,3,1,1,0.1,3000,0,0,0,0,0,0,0,0,0,0,0,0,0,0,0,0,0,0,0,0,0,0,0,0,0,0,0,0,0,0,0,0,0,0,0,0,0,0,0,0,0,0,0,0,0,0,0,0,0,0,0
1989,238,15,49,18.464,2,8,0,-1,0,0,1,1,25,0,0,0,1028,0,0,0,0,0,1,1,0,0,0,224.7679198,0,0,0,0,3,1,1,1,100,0,0,0,3,1,1,0.1,3000,0,0,0,0,0,0,0,0,0,0,0,0,0,0,0,0,0,0,0,0,0,0,0,0,0,0,0,0,0,0,0,0,0,0,0,0,0,0,0,0,0,0,0,0,0,0,0,0,0,0,0
1989,238,15,49,41.383,2,8,0,-1,1,0,1,1,25,0,0,0,1028,0,0,0,0,0,1,1,0,0,0,224.806363,0,0,0,0,3,1,1,1,100,0,0,0,3,1,1,0.1,3000,0,0,0,0,0,0,0,0,0,0,0,0,0,0,0,0,0,0,0,0,0,0,0,0,0,0,0,0,0,0,0,0,0,0,0,0,0,0,0,0,0,0,0,0,0,0,0,0,0,0,0
1989,238,15,50,54.464,2,8,0,-1,0,0,1,1,25,0,0,0,1028,0,0,0,0,0,1,1,0,0,0,224.9289416,0,0,0,0,3,1,1,1,100,0,0,0,3,1,1,0.1,3000,0,0,0,0,0,0,0,0,0,0,0,0,0,0,0,0,0,0,0,0,0,0,0,0,0,0,0,0,0,0,0,0,0,0,0,0,0,0,0,0,0,0,0,0,0,0,0,0,0,0,0
1989,238,15,51,17.384,2,8,0,-1,1,0,1,1,25,0,0,0,1028,0,0,0,0,0,1,1,0,0,0,224.9673853,0,0,0,0,3,1,1,1,100,0,0,0,3,1,1,0.1,3000,0,0,0,0,0,0,0,0,0,0,0,0,0,0,0,0,0,0,0,0,0,0,0,0,0,0,0,0,0,0,0,0,0,0,0,0,0,0,0,0,0,0,0,0,0,0,0,0,0,0,0
1989,238,15,54,54.464,2,8,0,-1,0,0,1,1,25,0,0,0,1028,0,0,0,0,0,1,1,0,0,0,225.3314906,0,0,0,0,3,1,1,1,100,0,0,0,3,1,1,0.1,3000,0,0,0,0,0,0,0,0,0,0,0,0,0,0,0,0,0,0,0,0,0,0,0,0,0,0,0,0,0,0,0,0,0,0,0,0,0,0,0,0,0,0,0,0,0,0,0,0,0,0,0
1989,238,15,55,17.384,2,8,0,-1,1,0,1,1,25,0,0,0,1028,0,0,0,0,0,1,1,0,0,0,225.3699337,0,0,0,0,3,1,1,1,100,0,0,0,3,1,1,0.1,3000,0,0,0,0,0,0,0,0,0,0,0,0,0,0,0,0,0,0,0,0,0,0,0,0,0,0,0,0,0,0,0,0,0,0,0,0,0,0,0,0,0,0,0,0,0,0,0,0,0,0,0
1989,238,15,56,30.464,2,8,0,-1,0,0,1,1,25,0,0,0,1028,0,0,0,0,0,1,1,0,0,0,225.4925081,0,0,0,0,3,1,1,1,100,0,0,0,3,1,1,0.1,3000,0,0,0,0,0,0,0,0,0,0,0,0,0,0,0,0,0,0,0,0,0,0,0,0,0,0,0,0,0,0,0,0,0,0,0,0,0,0,0,0,0,0,0,0,0,0,0,0,0,0,0
1989,238,15,56,53.384,2,8,0,-1,1,0,1,1,25,0,0,0,1028,0,0,0,0,0,1,1,0,0,0,225.5309508,0,0,0,0,3,1,1,1,100,0,0,0,3,1,1,0.1,3000,0,0,0,0,0,0,0,0,0,0,0,0,0,0,0,0,0,0,0,0,0,0,0,0,0,0,0,0,0,0,0,0,0,0,0,0,0,0,0,0,0,0,0,0,0,0,0,0,0,0,0
1989,238,15,58,6.464,2,8,0,-1,0,0,1,1,25,0,0,0,1028,0,0,0,0,0,1,1,0,0,0,225.6535243,0,0,0,0,3,1,1,1,100,0,0,0,3,1,1,0.1,3000,0,0,0,0,0,0,0,0,0,0,0,0,0,0,0,0,0,0,0,0,0,0,0,0,0,0,0,0,0,0,0,0,0,0,0,0,0,0,0,0,0,0,0,0,0,0,0,0,0,0,0
1989,238,15,58,29.383,2,8,0,-1,1,0,1,1,25,0,0,0,1028,0,0,0,0,0,1,1,0,0,0,225.6919659,0,0,0,0,3,1,1,1,100,0,0,0,3,1,1,0.1,3000,0,0,0,0,0,0,0,0,0,0,0,0,0,0,0,0,0,0,0,0,0,0,0,0,0,0,0,0,0,0,0,0,0,0,0,0,0,0,0,0,0,0,0,0,0,0,0,0,0,0,0
1989,238,15,59,42.464,2,8,0,-1,0,0,1,1,25,0,0,0,1028,0,0,0,0,0,1,1,0,0,0,225.8145393,0,0,0,0,3,1,1,1,100,0,0,0,3,1,1,0.1,3000,0,0,0,0,0,0,0,0,0,0,0,0,0,0,0,0,0,0,0,0,0,0,0,0,0,0,0,0,0,0,0,0,0,0,0,0,0,0,0,0,0,0,0,0,0,0,0,0,0,0,0
1989,238,16,0,5.384,2,8,0,-1,1,0,1,1,25,0,0,0,1028,0,0,0,0,0,1,1,0,0,0,225.8529815,0,0,0,0,3,1,1,1,100,0,0,0,3,1,1,0.1,3000,0,0,0,0,0,0,0,0,0,0,0,0,0,0,0,0,0,0,0,0,0,0,0,0,0,0,0,0,0,0,0,0,0,0,0,0,0,0,0,0,0,0,0,0,0,0,0,0,0,0,0
1989,238,16,1,18.463,2,8,0,-1,0,0,1,1,25,0,0,0,1028,0,0,0,0,0,1,1,0,0,0,225.9755522,0,0,0,0,3,1,1,1,100,0,0,0,3,1,1,0.1,3000,0,0,0,0,0,0,0,0,0,0,0,0,0,0,0,0,0,0,0,0,0,0,0,0,0,0,0,0,0,0,0,0,0,0,0,0,0,0,0,0,0,0,0,0,0,0,0,0,0,0,0
1989,238,16,1,41.383,2,8,0,-1,1,0,1,1,25,0,0,0,1028,0,0,0,0,0,1,1,0,0,0,226.0139941,0,0,0,0,3,1,1,1,100,0,0,0,3,1,1,0.1,3000,0,0,0,0,0,0,0,0,0,0,0,0,0,0,0,0,0,0,0,0,0,0,0,0,0,0,0,0,0,0,0,0,0,0,0,0,0,0,0,0,0,0,0,0,0,0,0,0,0,0,0
1989,238,16,2,54.463,2,8,0,-1,0,0,1,1,25,0,0,0,1028,0,0,0,0,0,1,1,0,0,0,226.1365639,0,0,0,0,3,1,1,1,100,0,0,0,3,1,1,0.1,3000,0,0,0,0,0,0,0,0,0,0,0,0,0,0,0,0,0,0,0,0,0,0,0,0,0,0,0,0,0,0,0,0,0,0,0,0,0,0,0,0,0,0,0,0,0,0,0,0,0,0,0
1989,238,16,3,17.383,2,8,0,-1,1,0,1,1,25,0,0,0,1028,0,0,0,0,0,1,1,0,0,0,226.1750055,0,0,0,0,3,1,1,1,100,0,0,0,3,1,1,0.1,3000,0,0,0,0,0,0,0,0,0,0,0,0,0,0,0,0,0,0,0,0,0,0,0,0,0,0,0,0,0,0,0,0,0,0,0,0,0,0,0,0,0,0,0,0,0,0,0,0,0,0,0
1989,238,16,6,54.463,2,8,0,-1,0,0,1,1,25,0,0,0,1028,0,0,0,0,0,1,1,0,0,0,226.5390899,0,0,0,0,3,1,1,1,100,0,0,0,3,1,1,0.1,3000,0,0,0,0,0,0,0,0,0,0,0,0,0,0,0,0,0,0,0,0,0,0,0,0,0,0,0,0,0,0,0,0,0,0,0,0,0,0,0,0,0,0,0,0,0,0,0,0,0,0,0
1989,238,16,7,17.383,2,8,0,-1,1,0,1,1,25,0,0,0,1028,0,0,0,0,0,1,1,0,0,0,226.5775307,0,0,0,0,3,1,1,1,100,0,0,0,3,1,1,0.1,3000,0,0,0,0,0,0,0,0,0,0,0,0,0,0,0,0,0,0,0,0,0,0,0,0,0,0,0,0,0,0,0,0,0,0,0,0,0,0,0,0,0,0,0,0,0,0,0,0,0,0,0
1989,238,16,8,30.463,2,8,0,-1,0,0,1,1,25,0,0,0,1028,0,0,0,0,0,1,1,0,0,0,226.7000981,0,0,0,0,3,1,1,1,100,0,0,0,3,1,1,0.1,3000,0,0,0,0,0,0,0,0,0,0,0,0,0,0,0,0,0,0,0,0,0,0,0,0,0,0,0,0,0,0,0,0,0,0,0,0,0,0,0,0,0,0,0,0,0,0,0,0,0,0,0
1989,238,16,8,53.383,2,8,0,-1,1,0,1,1,25,0,0,0,1028,0,0,0,0,0,1,1,0,0,0,226.7385387,0,0,0,0,3,1,1,1,100,0,0,0,3,1,1,0.1,3000,0,0,0,0,0,0,0,0,0,0,0,0,0,0,0,0,0,0,0,0,0,0,0,0,0,0,0,0,0,0,0,0,0,0,0,0,0,0,0,0,0,0,0,0,0,0,0,0,0,0,0
1989,238,16,10,6.463,2,8,0,-1,0,0,1,1,25,0,0,0,1028,0,0,0,0,0,1,1,0,0,0,226.8611052,0,0,0,0,3,1,1,1,100,0,0,0,3,1,1,0.1,3000,0,0,0,0,0,0,0,0,0,0,0,0,0,0,0,0,0,0,0,0,0,0,0,0,0,0,0,0,0,0,0,0,0,0,0,0,0,0,0,0,0,0,0,0,0,0,0,0,0,0,0
1989,238,16,10,29.383,2,8,0,-1,1,0,1,1,25,0,0,0,1028,0,0,0,0,0,1,1,0,0,0,226.8995454,0,0,0,0,3,1,1,1,100,0,0,0,3,1,1,0.1,3000,0,0,0,0,0,0,0,0,0,0,0,0,0,0,0,0,0,0,0,0,0,0,0,0,0,0,0,0,0,0,0,0,0,0,0,0,0,0,0,0,0,0,0,0,0,0,0,0,0,0,0
1989,238,16,11,42.463,2,8,0,-1,0,0,1,1,25,0,0,0,1028,0,0,0,0,0,1,1,0,0,0,227.022111,0,0,0,0,3,1,1,1,100,0,0,0,3,1,1,0.1,3000,0,0,0,0,0,0,0,0,0,0,0,0,0,0,0,0,0,0,0,0,0,0,0,0,0,0,0,0,0,0,0,0,0,0,0,0,0,0,0,0,0,0,0,0,0,0,0,0,0,0,0
1989,238,16,12,5.383,2,8,0,-1,1,0,1,1,25,0,0,0,1028,0,0,0,0,0,1,1,0,0,0,227.0605509,0,0,0,0,3,1,1,1,100,0,0,0,3,1,1,0.1,3000,0,0,0,0,0,0,0,0,0,0,0,0,0,0,0,0,0,0,0,0,0,0,0,0,0,0,0,0,0,0,0,0,0,0,0,0,0,0,0,0,0,0,0,0,0,0,0,0,0,0,0
1989,238,16,13,18.463,2,8,0,-1,0,0,1,1,25,0,0,0,1028,0,0,0,0,0,1,1,0,0,0,227.1831155,0,0,0,0,3,1,1,1,100,0,0,0,3,1,1,0.1,3000,0,0,0,0,0,0,0,0,0,0,0,0,0,0,0,0,0,0,0,0,0,0,0,0,0,0,0,0,0,0,0,0,0,0,0,0,0,0,0,0,0,0,0,0,0,0,0,0,0,0,0
1989,238,16,13,41.383,2,8,0,-1,1,0,1,1,25,0,0,0,1028,0,0,0,0,0,1,1,0,0,0,227.2215552,0,0,0,0,3,1,1,1,100,0,0,0,3,1,1,0.1,3000,0,0,0,0,0,0,0,0,0,0,0,0,0,0,0,0,0,0,0,0,0,0,0,0,0,0,0,0,0,0,0,0,0,0,0,0,0,0,0,0,0,0,0,0,0,0,0,0,0,0,0
1989,238,16,14,54.462,2,8,0,-1,0,0,1,1,25,0,0,0,1028,0,0,0,0,0,1,1,0,0,0,227.3441172,0,0,0,0,3,1,1,1,100,0,0,0,3,1,1,0.1,3000,0,0,0,0,0,0,0,0,0,0,0,0,0,0,0,0,0,0,0,0,0,0,0,0,0,0,0,0,0,0,0,0,0,0,0,0,0,0,0,0,0,0,0,0,0,0,0,0,0,0,0
1989,238,16,15,17.382,2,8,0,-1,1,0,1,1,25,0,0,0,1028,0,0,0,0,0,1,1,0,0,0,227.3825558,0,0,0,0,3,1,1,1,100,0,0,0,3,1,1,0.1,3000,0,0,0,0,0,0,0,0,0,0,0,0,0,0,0,0,0,0,0,0,0,0,0,0,0,0,0,0,0,0,0,0,0,0,0,0,0,0,0,0,0,0,0,0,0,0,0,0,0,0,0
1989,238,16,18,54.462,2,8,0,-1,0,0,1,1,25,0,0,0,1028,0,0,0,0,0,1,1,0,0,0,227.7466203,0,0,0,0,3,1,1,1,100,0,0,0,3,1,1,0.1,3000,0,0,0,0,0,0,0,0,0,0,0,0,0,0,0,0,0,0,0,0,0,0,0,0,0,0,0,0,0,0,0,0,0,0,0,0,0,0,0,0,0,0,0,0,0,0,0,0,0,0,0
1989,238,16,19,17.382,2,8,0,-1,1,0,1,1,25,0,0,0,1028,0,0,0,0,0,1,1,0,0,0,227.7850581,0,0,0,0,3,1,1,1,100,0,0,0,3,1,1,0.1,3000,0,0,0,0,0,0,0,0,0,0,0,0,0,0,0,0,0,0,0,0,0,0,0,0,0,0,0,0,0,0,0,0,0,0,0,0,0,0,0,0,0,0,0,0,0,0,0,0,0,0,0
1989,238,16,20,30.462,2,8,0,-1,0,0,1,1,25,0,0,0,1028,0,0,0,0,0,1,1,0,0,0,227.9076194,0,0,0,0,3,1,1,1,100,0,0,0,3,1,1,0.1,3000,0,0,0,0,0,0,0,0,0,0,0,0,0,0,0,0,0,0,0,0,0,0,0,0,0,0,0,0,0,0,0,0,0,0,0,0,0,0,0,0,0,0,0,0,0,0,0,0,0,0,0
1989,238,16,20,53.382,2,8,0,-1,1,0,1,1,25,0,0,0,1028,0,0,0,0,0,1,1,0,0,0,227.9460578,0,0,0,0,3,1,1,1,100,0,0,0,3,1,1,0.1,3000,0,0,0,0,0,0,0,0,0,0,0,0,0,0,0,0,0,0,0,0,0,0,0,0,0,0,0,0,0,0,0,0,0,0,0,0,0,0,0,0,0,0,0,0,0,0,0,0,0,0,0
1989,238,16,22,6.462,2,8,0,-1,0,0,1,1,25,0,0,0,1028,0,0,0,0,0,1,1,0,0,0,228.0686174,0,0,0,0,3,1,1,1,100,0,0,0,3,1,1,0.1,3000,0,0,0,0,0,0,0,0,0,0,0,0,0,0,0,0,0,0,0,0,0,0,0,0,0,0,0,0,0,0,0,0,0,0,0,0,0,0,0,0,0,0,0,0,0,0,0,0,0,0,0
1989,238,16,22,29.382,2,8,0,-1,1,0,1,1,25,0,0,0,1028,0,0,0,0,0,1,1,0,0,0,228.1070546,0,0,0,0,3,1,1,1,100,0,0,0,3,1,1,0.1,3000,0,0,0,0,0,0,0,0,0,0,0,0,0,0,0,0,0,0,0,0,0,0,0,0,0,0,0,0,0,0,0,0,0,0,0,0,0,0,0,0,0,0,0,0,0,0,0,0,0,0,0
1989,238,16,23,42.462,2,8,0,-1,0,0,1,1,25,0,0,0,1028,0,0,0,0,0,1,1,0,0,0,228.2296141,0,0,0,0,3,1,1,1,100,0,0,0,3,1,1,0.1,3000,0,0,0,0,0,0,0,0,0,0,0,0,0,0,0,0,0,0,0,0,0,0,0,0,0,0,0,0,0,0,0,0,0,0,0,0,0,0,0,0,0,0,0,0,0,0,0,0,0,0,0
1989,238,16,24,5.382,2,8,0,-1,1,0,1,1,25,0,0,0,1028,0,0,0,0,0,1,1,0,0,0,228.2680518,0,0,0,0,3,1,1,1,100,0,0,0,3,1,1,0.1,3000,0,0,0,0,0,0,0,0,0,0,0,0,0,0,0,0,0,0,0,0,0,0,0,0,0,0,0,0,0,0,0,0,0,0,0,0,0,0,0,0,0,0,0,0,0,0,0,0,0,0,0
1989,238,16,25,18.462,2,8,0,-1,0,0,1,1,25,0,0,0,1028,0,0,0,0,0,1,1,0,0,0,228.3906096,0,0,0,0,3,1,1,1,100,0,0,0,3,1,1,0.1,3000,0,0,0,0,0,0,0,0,0,0,0,0,0,0,0,0,0,0,0,0,0,0,0,0,0,0,0,0,0,0,0,0,0,0,0,0,0,0,0,0,0,0,0,0,0,0,0,0,0,0,0
1989,238,16,25,41.382,2,8,0,-1,1,0,1,1,25,0,0,0,1028,0,0,0,0,0,1,1,0,0,0,228.4290471,0,0,0,0,3,1,1,1,100,0,0,0,3,1,1,0.1,3000,0,0,0,0,0,0,0,0,0,0,0,0,0,0,0,0,0,0,0,0,0,0,0,0,0,0,0,0,0,0,0,0,0,0,0,0,0,0,0,0,0,0,0,0,0,0,0,0,0,0,0
1989,238,16,26,54.461,2,8,0,-1,0,0,1,1,25,0,0,0,1028,0,0,0,0,0,1,1,0,0,0,228.551603,0,0,0,0,3,1,1,1,100,0,0,0,3,1,1,0.1,3000,0,0,0,0,0,0,0,0,0,0,0,0,0,0,0,0,0,0,0,0,0,0,0,0,0,0,0,0,0,0,0,0,0,0,0,0,0,0,0,0,0,0,0,0,0,0,0,0,0,0,0
1989,238,16,27,17.381,2,8,0,-1,1,0,1,1,25,0,0,0,1028,0,0,0,0,0,1,1,0,0,0,228.5900394,0,0,0,0,3,1,1,1,100,0,0,0,3,1,1,0.1,3000,0,0,0,0,0,0,0,0,0,0,0,0,0,0,0,0,0,0,0,0,0,0,0,0,0,0,0,0,0,0,0,0,0,0,0,0,0,0,0,0,0,0,0,0,0,0,0,0,0,0,0
1989,238,16,30,54.461,2,8,0,-1,0,0,1,1,25,0,0,0,1028,0,0,0,0,0,1,1,0,0,0,228.9540827,0,0,0,0,3,1,1,1,100,0,0,0,3,1,1,0.1,3000,0,0,0,0,0,0,0,0,0,0,0,0,0,0,0,0,0,0,0,0,0,0,0,0,0,0,0,0,0,0,0,0,0,0,0,0,0,0,0,0,0,0,0,0,0,0,0,0,0,0,0
1989,238,16,31,17.381,2,8,0,-1,1,0,1,1,25,0,0,0,1028,0,0,0,0,0,1,1,0,0,0,228.9925183,0,0,0,0,3,1,1,1,100,0,0,0,3,1,1,0.1,3000,0,0,0,0,0,0,0,0,0,0,0,0,0,0,0,0,0,0,0,0,0,0,0,0,0,0,0,0,0,0,0,0,0,0,0,0,0,0,0,0,0,0,0,0,0,0,0,0,0,0,0
1989,238,16,32,30.461,2,8,0,-1,0,0,1,1,25,0,0,0,1028,0,0,0,0,0,1,1,0,0,0,229.1150728,0,0,0,0,3,1,1,1,100,0,0,0,3,1,1,0.1,3000,0,0,0,0,0,0,0,0,0,0,0,0,0,0,0,0,0,0,0,0,0,0,0,0,0,0,0,0,0,0,0,0,0,0,0,0,0,0,0,0,0,0,0,0,0,0,0,0,0,0,0
1989,238,16,32,53.381,2,8,0,-1,1,0,1,1,25,0,0,0,1028,0,0,0,0,0,1,1,0,0,0,229.153509,0,0,0,0,3,1,1,1,100,0,0,0,3,1,1,0.1,3000,0,0,0,0,0,0,0,0,0,0,0,0,0,0,0,0,0,0,0,0,0,0,0,0,0,0,0,0,0,0,0,0,0,0,0,0,0,0,0,0,0,0,0,0,0,0,0,0,0,0,0
1989,238,16,34,6.461,2,8,0,-1,0,0,1,1,25,0,0,0,1028,0,0,0,0,0,1,1,0,0,0,229.2760617,0,0,0,0,3,1,1,1,100,0,0,0,3,1,1,0.1,3000,0,0,0,0,0,0,0,0,0,0,0,0,0,0,0,0,0,0,0,0,0,0,0,0,0,0,0,0,0,0,0,0,0,0,0,0,0,0,0,0,0,0,0,0,0,0,0,0,0,0,0
1989,238,16,34,29.381,2,8,0,-1,1,0,1,1,25,0,0,0,1028,0,0,0,0,0,1,1,0,0,0,229.3144967,0,0,0,0,3,1,1,1,100,0,0,0,3,1,1,0.1,3000,0,0,0,0,0,0,0,0,0,0,0,0,0,0,0,0,0,0,0,0,0,0,0,0,0,0,0,0,0,0,0,0,0,0,0,0,0,0,0,0,0,0,0,0,0,0,0,0,0,0,0
1989,238,16,35,42.461,2,8,0,-1,0,0,1,1,25,0,0,0,1028,0,0,0,0,0,1,1,0,0,0,229.4370494,0,0,0,0,3,1,1,1,100,0,0,0,3,1,1,0.1,3000,0,0,0,0,0,0,0,0,0,0,0,0,0,0,0,0,0,0,0,0,0,0,0,0,0,0,0,0,0,0,0,0,0,0,0,0,0,0,0,0,0,0,0,0,0,0,0,0,0,0,0
1989,238,16,36,5.381,2,8,0,-1,1,0,1,1,25,0,0,0,1028,0,0,0,0,0,1,1,0,0,0,229.475485,0,0,0,0,3,1,1,1,100,0,0,0,3,1,1,0.1,3000,0,0,0,0,0,0,0,0,0,0,0,0,0,0,0,0,0,0,0,0,0,0,0,0,0,0,0,0,0,0,0,0,0,0,0,0,0,0,0,0,0,0,0,0,0,0,0,0,0,0,0
1989,238,16,37,18.461,2,8,0,-1,0,0,1,1,25,0,0,0,1028,0,0,0,0,0,1,1,0,0,0,229.5980359,0,0,0,0,3,1,1,1,100,0,0,0,3,1,1,0.1,3000,0,0,0,0,0,0,0,0,0,0,0,0,0,0,0,0,0,0,0,0,0,0,0,0,0,0,0,0,0,0,0,0,0,0,0,0,0,0,0,0,0,0,0,0,0,0,0,0,0,0,0
1989,238,16,37,41.381,2,8,0,-1,1,0,1,1,25,0,0,0,1028,0,0,0,0,0,1,1,0,0,0,229.6364712,0,0,0,0,3,1,1,1,100,0,0,0,3,1,1,0.1,3000,0,0,0,0,0,0,0,0,0,0,0,0,0,0,0,0,0,0,0,0,0,0,0,0,0,0,0,0,0,0,0,0,0,0,0,0,0,0,0,0,0,0,0,0,0,0,0,0,0,0,0
1989,238,16,38,54.461,2,8,0,-1,0,0,1,1,25,0,0,0,1028,0,0,0,0,0,1,1,0,0,0,229.7590212,0,0,0,0,3,1,1,1,100,0,0,0,3,1,1,0.1,3000,0,0,0,0,0,0,0,0,0,0,0,0,0,0,0,0,0,0,0,0,0,0,0,0,0,0,0,0,0,0,0,0,0,0,0,0,0,0,0,0,0,0,0,0,0,0,0,0,0,0,0
1989,238,16,39,17.381,2,8,0,-1,1,0,1,1,25,0,0,0,1028,0,0,0,0,0,1,1,0,0,0,229.7974554,0,0,0,0,3,1,1,1,100,0,0,0,3,1,1,0.1,3000,0,0,0,0,0,0,0,0,0,0,0,0,0,0,0,0,0,0,0,0,0,0,0,0,0,0,0,0,0,0,0,0,0,0,0,0,0,0,0,0,0,0,0,0,0,0,0,0,0,0,0
1989,238,16,42,54.46,2,8,0,-1,0,0,1,1,25,0,0,0,1028,0,0,0,0,0,1,1,0,0,0,230.1614776,0,0,0,0,3,1,1,1,100,0,0,0,3,1,1,0.1,3000,0,0,0,0,0,0,0,0,0,0,0,0,0,0,0,0,0,0,0,0,0,0,0,0,0,0,0,0,0,0,0,0,0,0,0,0,0,0,0,0,0,0,0,0,0,0,0,0,0,0,0
1989,238,16,43,17.379,2,8,0,-1,1,0,1,1,25,0,0,0,1028,0,0,0,0,0,1,1,0,0,0,230.1999111,0,0,0,0,3,1,1,1,100,0,0,0,3,1,1,0.1,3000,0,0,0,0,0,0,0,0,0,0,0,0,0,0,0,0,0,0,0,0,0,0,0,0,0,0,0,0,0,0,0,0,0,0,0,0,0,0,0,0,0,0,0,0,0,0,0,0,0,0,0
1989,238,16,44,30.46,2,8,0,-1,0,0,1,1,25,0,0,0,1028,0,0,0,0,0,1,1,0,0,0,230.3224588,0,0,0,0,3,1,1,1,100,0,0,0,3,1,1,0.1,3000,0,0,0,0,0,0,0,0,0,0,0,0,0,0,0,0,0,0,0,0,0,0,0,0,0,0,0,0,0,0,0,0,0,0,0,0,0,0,0,0,0,0,0,0,0,0,0,0,0,0,0
1989,238,16,44,53.38,2,8,0,-1,1,0,1,1,25,0,0,0,1028,0,0,0,0,0,1,1,0,0,0,230.3608929,0,0,0,0,3,1,1,1,100,0,0,0,3,1,1,0.1,3000,0,0,0,0,0,0,0,0,0,0,0,0,0,0,0,0,0,0,0,0,0,0,0,0,0,0,0,0,0,0,0,0,0,0,0,0,0,0,0,0,0,0,0,0,0,0,0,0,0,0,0
1989,238,16,46,6.46,2,8,0,-1,0,0,1,1,25,0,0,0,1028,0,0,0,0,0,1,1,0,0,0,230.4834388,0,0,0,0,3,1,1,1,100,0,0,0,3,1,1,0.1,3000,0,0,0,0,0,0,0,0,0,0,0,0,0,0,0,0,0,0,0,0,0,0,0,0,0,0,0,0,0,0,0,0,0,0,0,0,0,0,0,0,0,0,0,0,0,0,0,0,0,0,0
1989,238,16,46,29.379,2,8,0,-1,1,0,1,1,25,0,0,0,1028,0,0,0,0,0,1,1,0,0,0,230.5218717,0,0,0,0,3,1,1,1,100,0,0,0,3,1,1,0.1,3000,0,0,0,0,0,0,0,0,0,0,0,0,0,0,0,0,0,0,0,0,0,0,0,0,0,0,0,0,0,0,0,0,0,0,0,0,0,0,0,0,0,0,0,0,0,0,0,0,0,0,0
1989,238,16,47,42.46,2,8,0,-1,0,0,1,1,25,0,0,0,1028,0,0,0,0,0,1,1,0,0,0,230.6444176,0,0,0,0,3,1,1,1,100,0,0,0,3,1,1,0.1,3000,0,0,0,0,0,0,0,0,0,0,0,0,0,0,0,0,0,0,0,0,0,0,0,0,0,0,0,0,0,0,0,0,0,0,0,0,0,0,0,0,0,0,0,0,0,0,0,0,0,0,0
1989,238,16,48,5.38,2,8,0,-1,1,0,1,1,25,0,0,0,1028,0,0,0,0,0,1,1,0,0,0,230.6828511,0,0,0,0,3,1,1,1,100,0,0,0,3,1,1,0.1,3000,0,0,0,0,0,0,0,0,0,0,0,0,0,0,0,0,0,0,0,0,0,0,0,0,0,0,0,0,0,0,0,0,0,0,0,0,0,0,0,0,0,0,0,0,0,0,0,0,0,0,0
1989,238,16,49,18.46,2,8,0,-1,0,0,1,1,25,0,0,0,1028,0,0,0,0,0,1,1,0,0,0,230.8053952,0,0,0,0,3,1,1,1,100,0,0,0,3,1,1,0.1,3000,0,0,0,0,0,0,0,0,0,0,0,0,0,0,0,0,0,0,0,0,0,0,0,0,0,0,0,0,0,0,0,0,0,0,0,0,0,0,0,0,0,0,0,0,0,0,0,0,0,0,0
1989,238,16,49,41.38,2,8,0,-1,1,0,1,1,25,0,0,0,1028,0,0,0,0,0,1,1,0,0,0,230.8438284,0,0,0,0,3,1,1,1,100,0,0,0,3,1,1,0.1,3000,0,0,0,0,0,0,0,0,0,0,0,0,0,0,0,0,0,0,0,0,0,0,0,0,0,0,0,0,0,0,0,0,0,0,0,0,0,0,0,0,0,0,0,0,0,0,0,0,0,0,0
1989,238,16,50,54.46,2,8,0,-1,0,0,1,1,25,0,0,0,1028,0,0,0,0,0,1,1,0,0,0,230.9663716,0,0,0,0,3,1,1,1,100,0,0,0,3,1,1,0.1,3000,0,0,0,0,0,0,0,0,0,0,0,0,0,0,0,0,0,0,0,0,0,0,0,0,0,0,0,0,0,0,0,0,0,0,0,0,0,0,0,0,0,0,0,0,0,0,0,0,0,0,0
1989,238,16,51,17.379,2,8,0,-1,1,0,1,1,25,0,0,0,1028,0,0,0,0,0,1,1,0,0,0,231.0048037,0,0,0,0,3,1,1,1,100,0,0,0,3,1,1,0.1,3000,0,0,0,0,0,0,0,0,0,0,0,0,0,0,0,0,0,0,0,0,0,0,0,0,0,0,0,0,0,0,0,0,0,0,0,0,0,0,0,0,0,0,0,0,0,0,0,0,0,0,0
1989,238,16,54,54.459,2,8,0,-1,0,0,1,1,25,0,0,0,1028,0,0,0,0,0,1,1,0,0,0,231.3688059,0,0,0,0,3,1,1,1,100,0,0,0,3,1,1,0.1,3000,0,0,0,0,0,0,0,0,0,0,0,0,0,0,0,0,0,0,0,0,0,0,0,0,0,0,0,0,0,0,0,0,0,0,0,0,0,0,0,0,0,0,0,0,0,0,0,0,0,0,0
1989,238,16,55,17.379,2,8,0,-1,1,0,1,1,25,0,0,0,1028,0,0,0,0,0,1,1,0,0,0,231.4072382,0,0,0,0,3,1,1,1,100,0,0,0,3,1,1,0.1,3000,0,0,0,0,0,0,0,0,0,0,0,0,0,0,0,0,0,0,0,0,0,0,0,0,0,0,0,0,0,0,0,0,0,0,0,0,0,0,0,0,0,0,0,0,0,0,0,0,0,0,0
1989,238,16,56,30.458,2,8,0,-1,0,0,1,1,25,0,0,0,1028,0,0,0,0,0,1,1,0,0,0,231.5297774,0,0,0,0,3,1,1,1,100,0,0,0,3,1,1,0.1,3000,0,0,0,0,0,0,0,0,0,0,0,0,0,0,0,0,0,0,0,0,0,0,0,0,0,0,0,0,0,0,0,0,0,0,0,0,0,0,0,0,0,0,0,0,0,0,0,0,0,0,0
1989,238,16,56,53.379,2,8,0,-1,1,0,1,1,25,0,0,0,1028,0,0,0,0,0,1,1,0,0,0,231.5682102,0,0,0,0,3,1,1,1,100,0,0,0,3,1,1,0.1,3000,0,0,0,0,0,0,0,0,0,0,0,0,0,0,0,0,0,0,0,0,0,0,0,0,0,0,0,0,0,0,0,0,0,0,0,0,0,0,0,0,0,0,0,0,0,0,0,0,0,0,0
1989,238,16,58,6.459,2,8,0,-1,0,0,1,1,25,0,0,0,1028,0,0,0,0,0,1,1,0,0,0,231.6907494,0,0,0,0,3,1,1,1,100,0,0,0,3,1,1,0.1,3000,0,0,0,0,0,0,0,0,0,0,0,0,0,0,0,0,0,0,0,0,0,0,0,0,0,0,0,0,0,0,0,0,0,0,0,0,0,0,0,0,0,0,0,0,0,0,0,0,0,0,0
1989,238,16,58,29.379,2,8,0,-1,1,0,1,1,25,0,0,0,1028,0,0,0,0,0,1,1,0,0,0,231.7291811,0,0,0,0,3,1,1,1,100,0,0,0,3,1,1,0.1,3000,0,0,0,0,0,0,0,0,0,0,0,0,0,0,0,0,0,0,0,0,0,0,0,0,0,0,0,0,0,0,0,0,0,0,0,0,0,0,0,0,0,0,0,0,0,0,0,0,0,0,0
1989,238,16,59,42.458,2,8,0,-1,0,0,1,1,25,0,0,0,1028,0,0,0,0,0,1,1,0,0,0,231.8517186,0,0,0,0,3,1,1,1,100,0,0,0,3,1,1,0.1,3000,0,0,0,0,0,0,0,0,0,0,0,0,0,0,0,0,0,0,0,0,0,0,0,0,0,0,0,0,0,0,0,0,0,0,0,0,0,0,0,0,0,0,0,0,0,0,0,0,0,0,0
1989,238,17,0,5.379,2,8,0,-1,1,0,1,1,25,0,0,0,1028,0,0,0,0,0,1,1,0,0,0,231.8901508,0,0,0,0,3,1,1,1,100,0,0,0,3,1,1,0.1,3000,0,0,0,0,0,0,0,0,0,0,0,0,0,0,0,0,0,0,0,0,0,0,0,0,0,0,0,0,0,0,0,0,0,0,0,0,0,0,0,0,0,0,0,0,0,0,0,0,0,0,0
1989,238,17,1,18.459,2,8,0,-1,0,0,1,1,25,0,0,0,1028,0,0,0,0,0,1,1,0,0,0,232.0126882,0,0,0,0,3,1,1,1,100,0,0,0,3,1,1,0.1,3000,0,0,0,0,0,0,0,0,0,0,0,0,0,0,0,0,0,0,0,0,0,0,0,0,0,0,0,0,0,0,0,0,0,0,0,0,0,0,0,0,0,0,0,0,0,0,0,0,0,0,0
1989,238,17,1,41.379,2,8,0,-1,1,0,1,1,25,0,0,0,1028,0,0,0,0,0,1,1,0,0,0,232.0511194,0,0,0,0,3,1,1,1,100,0,0,0,3,1,1,0.1,3000,0,0,0,0,0,0,0,0,0,0,0,0,0,0,0,0,0,0,0,0,0,0,0,0,0,0,0,0,0,0,0,0,0,0,0,0,0,0,0,0,0,0,0,0,0,0,0,0,0,0,0
1989,238,17,2,54.459,2,8,0,-1,0,0,1,1,25,0,0,0,1028,0,0,0,0,0,1,1,0,0,0,232.1736559,0,0,0,0,3,1,1,1,100,0,0,0,3,1,1,0.1,3000,0,0,0,0,0,0,0,0,0,0,0,0,0,0,0,0,0,0,0,0,0,0,0,0,0,0,0,0,0,0,0,0,0,0,0,0,0,0,0,0,0,0,0,0,0,0,0,0,0,0,0
1989,238,17,3,17.379,2,8,0,-1,1,0,1,1,25,0,0,0,1028,0,0,0,0,0,1,1,0,0,0,232.2120867,0,0,0,0,3,1,1,1,100,0,0,0,3,1,1,0.1,3000,0,0,0,0,0,0,0,0,0,0,0,0,0,0,0,0,0,0,0,0,0,0,0,0,0,0,0,0,0,0,0,0,0,0,0,0,0,0,0,0,0,0,0,0,0,0,0,0,0,0,0
1989,238,17,6,54.458,2,8,0,-1,0,0,1,1,25,0,0,0,1028,0,0,0,0,0,1,1,0,0,0,232.5760683,0,0,0,0,3,1,1,1,100,0,0,0,3,1,1,0.1,3000,0,0,0,0,0,0,0,0,0,0,0,0,0,0,0,0,0,0,0,0,0,0,0,0,0,0,0,0,0,0,0,0,0,0,0,0,0,0,0,0,0,0,0,0,0,0,0,0,0,0,0
1989,238,17,7,17.378,2,8,0,-1,1,0,1,1,25,0,0,0,1028,0,0,0,0,0,1,1,0,0,0,232.6144984,0,0,0,0,3,1,1,1,100,0,0,0,3,1,1,0.1,3000,0,0,0,0,0,0,0,0,0,0,0,0,0,0,0,0,0,0,0,0,0,0,0,0,0,0,0,0,0,0,0,0,0,0,0,0,0,0,0,0,0,0,0,0,0,0,0,0,0,0,0
1989,238,17,8,30.458,2,8,0,-1,0,0,1,1,25,0,0,0,1028,0,0,0,0,0,1,1,0,0,0,232.7370318,0,0,0,0,3,1,1,1,100,0,0,0,3,1,1,0.1,3000,0,0,0,0,0,0,0,0,0,0,0,0,0,0,0,0,0,0,0,0,0,0,0,0,0,0,0,0,0,0,0,0,0,0,0,0,0,0,0,0,0,0,0,0,0,0,0,0,0,0,0
1989,238,17,8,53.378,2,8,0,-1,1,0,1,1,25,0,0,0,1028,0,0,0,0,0,1,1,0,0,0,232.7754617,0,0,0,0,3,1,1,1,100,0,0,0,3,1,1,0.1,3000,0,0,0,0,0,0,0,0,0,0,0,0,0,0,0,0,0,0,0,0,0,0,0,0,0,0,0,0,0,0,0,0,0,0,0,0,0,0,0,0,0,0,0,0,0,0,0,0,0,0,0
1989,238,17,10,6.458,2,8,0,-1,0,0,1,1,25,0,0,0,1028,0,0,0,0,0,1,1,0,0,0,232.8979943,0,0,0,0,3,1,1,1,100,0,0,0,3,1,1,0.1,3000,0,0,0,0,0,0,0,0,0,0,0,0,0,0,0,0,0,0,0,0,0,0,0,0,0,0,0,0,0,0,0,0,0,0,0,0,0,0,0,0,0,0,0,0,0,0,0,0,0,0,0
1989,238,17,10,29.378,2,8,0,-1,1,0,1,1,25,0,0,0,1028,0,0,0,0,0,1,1,0,0,0,232.9364239,0,0,0,0,3,1,1,1,100,0,0,0,3,1,1,0.1,3000,0,0,0,0,0,0,0,0,0,0,0,0,0,0,0,0,0,0,0,0,0,0,0,0,0,0,0,0,0,0,0,0,0,0,0,0,0,0,0,0,0,0,0,0,0,0,0,0,0,0,0
1989,238,17,11,42.458,2,8,0,-1,0,0,1,1,25,0,0,0,1028,0,0,0,0,0,1,1,0,0,0,233.0589555,0,0,0,0,3,1,1,1,100,0,0,0,3,1,1,0.1,3000,0,0,0,0,0,0,0,0,0,0,0,0,0,0,0,0,0,0,0,0,0,0,0,0,0,0,0,0,0,0,0,0,0,0,0,0,0,0,0,0,0,0,0,0,0,0,0,0,0,0,0
1989,238,17,12,5.378,2,8,0,-1,1,0,1,1,25,0,0,0,1028,0,0,0,0,0,1,1,0,0,0,233.0973849,0,0,0,0,3,1,1,1,100,0,0,0,3,1,1,0.1,3000,0,0,0,0,0,0,0,0,0,0,0,0,0,0,0,0,0,0,0,0,0,0,0,0,0,0,0,0,0,0,0,0,0,0,0,0,0,0,0,0,0,0,0,0,0,0,0,0,0,0,0
1989,238,17,13,18.458,2,8,0,-1,0,0,1,1,25,0,0,0,1028,0,0,0,0,0,1,1,0,0,0,233.2199157,0,0,0,0,3,1,1,1,100,0,0,0,3,1,1,0.1,3000,0,0,0,0,0,0,0,0,0,0,0,0,0,0,0,0,0,0,0,0,0,0,0,0,0,0,0,0,0,0,0,0,0,0,0,0,0,0,0,0,0,0,0,0,0,0,0,0,0,0,0
1989,238,17,13,41.378,2,8,0,-1,1,0,1,1,25,0,0,0,1028,0,0,0,0,0,1,1,0,0,0,233.2583447,0,0,0,0,3,1,1,1,100,0,0,0,3,1,1,0.1,3000,0,0,0,0,0,0,0,0,0,0,0,0,0,0,0,0,0,0,0,0,0,0,0,0,0,0,0,0,0,0,0,0,0,0,0,0,0,0,0,0,0,0,0,0,0,0,0,0,0,0,0
1989,238,17,14,54.458,2,8,0,-1,0,0,1,1,25,0,0,0,1028,0,0,0,0,0,1,1,0,0,0,233.3808746,0,0,0,0,3,1,1,1,100,0,0,0,3,1,1,0.1,3000,0,0,0,0,0,0,0,0,0,0,0,0,0,0,0,0,0,0,0,0,0,0,0,0,0,0,0,0,0,0,0,0,0,0,0,0,0,0,0,0,0,0,0,0,0,0,0,0,0,0,0
1989,238,17,15,17.378,2,8,0,-1,1,0,1,1,25,0,0,0,1028,0,0,0,0,0,1,1,0,0,0,233.4193034,0,0,0,0,3,1,1,1,100,0,0,0,3,1,1,0.1,3000,0,0,0,0,0,0,0,0,0,0,0,0,0,0,0,0,0,0,0,0,0,0,0,0,0,0,0,0,0,0,0,0,0,0,0,0,0,0,0,0,0,0,0,0,0,0,0,0,0,0,0
1989,238,17,18,54.457,2,8,0,-1,0,0,1,1,25,0,0,0,1028,0,0,0,0,0,1,1,0,0,0,233.7832653,0,0,0,0,3,1,1,1,100,0,0,0,3,1,1,0.1,3000,0,0,0,0,0,0,0,0,0,0,0,0,0,0,0,0,0,0,0,0,0,0,0,0,0,0,0,0,0,0,0,0,0,0,0,0,0,0,0,0,0,0,0,0,0,0,0,0,0,0,0
1989,238,17,19,17.377,2,8,0,-1,1,0,1,1,25,0,0,0,1028,0,0,0,0,0,1,1,0,0,0,233.8216934,0,0,0,0,3,1,1,1,100,0,0,0,3,1,1,0.1,3000,0,0,0,0,0,0,0,0,0,0,0,0,0,0,0,0,0,0,0,0,0,0,0,0,0,0,0,0,0,0,0,0,0,0,0,0,0,0,0,0,0,0,0,0,0,0,0,0,0,0,0
1989,238,17,20,30.457,2,8,0,-1,0,0,1,1,25,0,0,0,1028,0,0,0,0,0,1,1,0,0,0,233.9442203,0,0,0,0,3,1,1,1,100,0,0,0,3,1,1,0.1,3000,0,0,0,0,0,0,0,0,0,0,0,0,0,0,0,0,0,0,0,0,0,0,0,0,0,0,0,0,0,0,0,0,0,0,0,0,0,0,0,0,0,0,0,0,0,0,0,0,0,0,0
1989,238,17,20,53.377,2,8,0,-1,1,0,1,1,25,0,0,0,1028,0,0,0,0,0,1,1,0,0,0,233.9826481,0,0,0,0,3,1,1,1,100,0,0,0,3,1,1,0.1,3000,0,0,0,0,0,0,0,0,0,0,0,0,0,0,0,0,0,0,0,0,0,0,0,0,0,0,0,0,0,0,0,0,0,0,0,0,0,0,0,0,0,0,0,0,0,0,0,0,0,0,0
1989,238,17,22,6.457,2,8,0,-1,0,0,1,1,25,0,0,0,1028,0,0,0,0,0,1,1,0,0,0,234.1051741,0,0,0,0,3,1,1,1,100,0,0,0,3,1,1,0.1,3000,0,0,0,0,0,0,0,0,0,0,0,0,0,0,0,0,0,0,0,0,0,0,0,0,0,0,0,0,0,0,0,0,0,0,0,0,0,0,0,0,0,0,0,0,0,0,0,0,0,0,0
1989,238,17,22,29.377,2,8,0,-1,1,0,1,1,25,0,0,0,1028,0,0,0,0,0,1,1,0,0,0,234.1436016,0,0,0,0,3,1,1,1,100,0,0,0,3,1,1,0.1,3000,0,0,0,0,0,0,0,0,0,0,0,0,0,0,0,0,0,0,0,0,0,0,0,0,0,0,0,0,0,0,0,0,0,0,0,0,0,0,0,0,0,0,0,0,0,0,0,0,0,0,0
1989,238,17,23,42.457,2,8,0,-1,0,0,1,1,25,0,0,0,1028,0,0,0,0,0,1,1,0,0,0,234.2661267,0,0,0,0,3,1,1,1,100,0,0,0,3,1,1,0.1,3000,0,0,0,0,0,0,0,0,0,0,0,0,0,0,0,0,0,0,0,0,0,0,0,0,0,0,0,0,0,0,0,0,0,0,0,0,0,0,0,0,0,0,0,0,0,0,0,0,0,0,0
1989,238,17,24,5.377,2,8,0,-1,1,0,1,1,25,0,0,0,1028,0,0,0,0,0,1,1,0,0,0,234.304554,0,0,0,0,3,1,1,1,100,0,0,0,3,1,1,0.1,3000,0,0,0,0,0,0,0,0,0,0,0,0,0,0,0,0,0,0,0,0,0,0,0,0,0,0,0,0,0,0,0,0,0,0,0,0,0,0,0,0,0,0,0,0,0,0,0,0,0,0,0
1989,238,17,25,18.457,2,8,0,-1,0,0,1,1,25,0,0,0,1028,0,0,0,0,0,1,1,0,0,0,234.4270782,0,0,0,0,3,1,1,1,100,0,0,0,3,1,1,0.1,3000,0,0,0,0,0,0,0,0,0,0,0,0,0,0,0,0,0,0,0,0,0,0,0,0,0,0,0,0,0,0,0,0,0,0,0,0,0,0,0,0,0,0,0,0,0,0,0,0,0,0,0
1989,238,17,25,41.377,2,8,0,-1,1,0,1,1,25,0,0,0,1028,0,0,0,0,0,1,1,0,0,0,234.4655052,0,0,0,0,3,1,1,1,100,0,0,0,3,1,1,0.1,3000,0,0,0,0,0,0,0,0,0,0,0,0,0,0,0,0,0,0,0,0,0,0,0,0,0,0,0,0,0,0,0,0,0,0,0,0,0,0,0,0,0,0,0,0,0,0,0,0,0,0,0
1989,238,17,26,54.457,2,8,0,-1,0,0,1,1,25,0,0,0,1028,0,0,0,0,0,1,1,0,0,0,234.5880286,0,0,0,0,3,1,1,1,100,0,0,0,3,1,1,0.1,3000,0,0,0,0,0,0,0,0,0,0,0,0,0,0,0,0,0,0,0,0,0,0,0,0,0,0,0,0,0,0,0,0,0,0,0,0,0,0,0,0,0,0,0,0,0,0,0,0,0,0,0
1989,238,17,27,17.377,2,8,0,-1,1,0,1,1,25,0,0,0,1028,0,0,0,0,0,1,1,0,0,0,234.6264553,0,0,0,0,3,1,1,1,100,0,0,0,3,1,1,0.1,3000,0,0,0,0,0,0,0,0,0,0,0,0,0,0,0,0,0,0,0,0,0,0,0,0,0,0,0,0,0,0,0,0,0,0,0,0,0,0,0,0,0,0,0,0,0,0,0,0,0,0,0
1989,238,17,30,54.457,2,8,0,-1,0,0,1,1,25,0,0,0,1028,0,0,0,0,0,1,1,0,0,0,234.9903995,0,0,0,0,3,1,1,1,100,0,0,0,3,1,1,0.1,3000,0,0,0,0,0,0,0,0,0,0,0,0,0,0,0,0,0,0,0,0,0,0,0,0,0,0,0,0,0,0,0,0,0,0,0,0,0,0,0,0,0,0,0,0,0,0,0,0,0,0,0
1989,238,17,31,17.377,2,8,0,-1,1,0,1,1,25,0,0,0,1028,0,0,0,0,0,1,1,0,0,0,235.0288255,0,0,0,0,3,1,1,1,100,0,0,0,3,1,1,0.1,3000,0,0,0,0,0,0,0,0,0,0,0,0,0,0,0,0,0,0,0,0,0,0,0,0,0,0,0,0,0,0,0,0,0,0,0,0,0,0,0,0,0,0,0,0,0,0,0,0,0,0,0
1989,238,17,32,30.456,2,8,0,-1,0,0,1,1,25,0,0,0,1028,0,0,0,0,0,1,1,0,0,0,235.1513442,0,0,0,0,3,1,1,1,100,0,0,0,3,1,1,0.1,3000,0,0,0,0,0,0,0,0,0,0,0,0,0,0,0,0,0,0,0,0,0,0,0,0,0,0,0,0,0,0,0,0,0,0,0,0,0,0,0,0,0,0,0,0,0,0,0,0,0,0,0
1989,238,17,32,53.376,2,8,0,-1,1,0,1,1,25,0,0,0,1028,0,0,0,0,0,1,1,0,0,0,235.1897691,0,0,0,0,3,1,1,1,100,0,0,0,3,1,1,0.1,3000,0,0,0,0,0,0,0,0,0,0,0,0,0,0,0,0,0,0,0,0,0,0,0,0,0,0,0,0,0,0,0,0,0,0,0,0,0,0,0,0,0,0,0,0,0,0,0,0,0,0,0
1989,238,17,34,6.456,2,8,0,-1,0,0,1,1,25,0,0,0,1028,0,0,0,0,0,1,1,0,0,0,235.3122894,0,0,0,0,3,1,1,1,100,0,0,0,3,1,1,0.1,3000,0,0,0,0,0,0,0,0,0,0,0,0,0,0,0,0,0,0,0,0,0,0,0,0,0,0,0,0,0,0,0,0,0,0,0,0,0,0,0,0,0,0,0,0,0,0,0,0,0,0,0
1989,238,17,34,29.376,2,8,0,-1,1,0,1,1,25,0,0,0,1028,0,0,0,0,0,1,1,0,0,0,235.3507141,0,0,0,0,3,1,1,1,100,0,0,0,3,1,1,0.1,3000,0,0,0,0,0,0,0,0,0,0,0,0,0,0,0,0,0,0,0,0,0,0,0,0,0,0,0,0,0,0,0,0,0,0,0,0,0,0,0,0,0,0,0,0,0,0,0,0,0,0,0
1989,238,17,35,42.456,2,8,0,-1,0,0,1,1,25,0,0,0,1028,0,0,0,0,0,1,1,0,0,0,235.4732335,0,0,0,0,3,1,1,1,100,0,0,0,3,1,1,0.1,3000,0,0,0,0,0,0,0,0,0,0,0,0,0,0,0,0,0,0,0,0,0,0,0,0,0,0,0,0,0,0,0,0,0,0,0,0,0,0,0,0,0,0,0,0,0,0,0,0,0,0,0
1989,238,17,36,5.376,2,8,0,-1,1,0,1,1,25,0,0,0,1028,0,0,0,0,0,1,1,0,0,0,235.5116588,0,0,0,0,3,1,1,1,100,0,0,0,3,1,1,0.1,3000,0,0,0,0,0,0,0,0,0,0,0,0,0,0,0,0,0,0,0,0,0,0,0,0,0,0,0,0,0,0,0,0,0,0,0,0,0,0,0,0,0,0,0,0,0,0,0,0,0,0,0
1989,238,17,37,18.456,2,8,0,-1,0,0,1,1,25,0,0,0,1028,0,0,0,0,0,1,1,0,0,0,235.6341765,0,0,0,0,3,1,1,1,100,0,0,0,3,1,1,0.1,3000,0,0,0,0,0,0,0,0,0,0,0,0,0,0,0,0,0,0,0,0,0,0,0,0,0,0,0,0,0,0,0,0,0,0,0,0,0,0,0,0,0,0,0,0,0,0,0,0,0,0,0
1989,238,17,37,41.375,2,8,0,-1,1,0,1,1,25,0,0,0,1028,0,0,0,0,0,1,1,0,0,0,235.6725998,0,0,0,0,3,1,1,1,100,0,0,0,3,1,1,0.1,3000,0,0,0,0,0,0,0,0,0,0,0,0,0,0,0,0,0,0,0,0,0,0,0,0,0,0,0,0,0,0,0,0,0,0,0,0,0,0,0,0,0,0,0,0,0,0,0,0,0,0,0
1989,238,17,38,54.456,2,8,0,-1,0,0,1,1,25,0,0,0,1028,0,0,0,0,0,1,1,0,0,0,235.7951184,0,0,0,0,3,1,1,1,100,0,0,0,3,1,1,0.1,3000,0,0,0,0,0,0,0,0,0,0,0,0,0,0,0,0,0,0,0,0,0,0,0,0,0,0,0,0,0,0,0,0,0,0,0,0,0,0,0,0,0,0,0,0,0,0,0,0,0,0,0
1989,238,17,39,17.376,2,8,0,-1,1,0,1,1,25,0,0,0,1028,0,0,0,0,0,1,1,0,0,0,235.8335431,0,0,0,0,3,1,1,1,100,0,0,0,3,1,1,0.1,3000,0,0,0,0,0,0,0,0,0,0,0,0,0,0,0,0,0,0,0,0,0,0,0,0,0,0,0,0,0,0,0,0,0,0,0,0,0,0,0,0,0,0,0,0,0,0,0,0,0,0,0
1989,238,17,42,54.456,2,8,0,-1,0,0,1,1,25,0,0,0,1028,0,0,0,0,0,1,1,0,0,0,236.197468,0,0,0,0,3,1,1,1,100,0,0,0,3,1,1,0.1,3000,0,0,0,0,0,0,0,0,0,0,0,0,0,0,0,0,0,0,0,0,0,0,0,0,0,0,0,0,0,0,0,0,0,0,0,0,0,0,0,0,0,0,0,0,0,0,0,0,0,0,0
1989,238,17,43,17.376,2,8,0,-1,1,0,1,1,25,0,0,0,1028,0,0,0,0,0,1,1,0,0,0,236.2358921,0,0,0,0,3,1,1,1,100,0,0,0,3,1,1,0.1,3000,0,0,0,0,0,0,0,0,0,0,0,0,0,0,0,0,0,0,0,0,0,0,0,0,0,0,0,0,0,0,0,0,0,0,0,0,0,0,0,0,0,0,0,0,0,0,0,0,0,0,0
1989,238,17,44,30.456,2,8,0,-1,0,0,1,1,25,0,0,0,1028,0,0,0,0,0,1,1,0,0,0,236.3584051,0,0,0,0,3,1,1,1,100,0,0,0,3,1,1,0.1,3000,0,0,0,0,0,0,0,0,0,0,0,0,0,0,0,0,0,0,0,0,0,0,0,0,0,0,0,0,0,0,0,0,0,0,0,0,0,0,0,0,0,0,0,0,0,0,0,0,0,0,0
1989,238,17,44,53.375,2,8,0,-1,1,0,1,1,25,0,0,0,1028,0,0,0,0,0,1,1,0,0,0,236.396828,0,0,0,0,3,1,1,1,100,0,0,0,3,1,1,0.1,3000,0,0,0,0,0,0,0,0,0,0,0,0,0,0,0,0,0,0,0,0,0,0,0,0,0,0,0,0,0,0,0,0,0,0,0,0,0,0,0,0,0,0,0,0,0,0,0,0,0,0,0
1989,238,17,46,6.455,2,8,0,-1,0,0,1,1,25,0,0,0,1028,0,0,0,0,0,1,1,0,0,0,236.519341,0,0,0,0,3,1,1,1,100,0,0,0,3,1,1,0.1,3000,0,0,0,0,0,0,0,0,0,0,0,0,0,0,0,0,0,0,0,0,0,0,0,0,0,0,0,0,0,0,0,0,0,0,0,0,0,0,0,0,0,0,0,0,0,0,0,0,0,0,0
1989,238,17,46,29.374,2,8,0,-1,1,0,1,1,25,0,0,0,1028,0,0,0,0,0,1,1,0,0,0,236.5577629,0,0,0,0,3,1,1,1,100,0,0,0,3,1,1,0.1,3000,0,0,0,0,0,0,0,0,0,0,0,0,0,0,0,0,0,0,0,0,0,0,0,0,0,0,0,0,0,0,0,0,0,0,0,0,0,0,0,0,0,0,0,0,0,0,0,0,0,0,0
1989,238,17,47,42.455,2,8,0,-1,0,0,1,1,25,0,0,0,1028,0,0,0,0,0,1,1,0,0,0,236.6802767,0,0,0,0,3,1,1,1,100,0,0,0,3,1,1,0.1,3000,0,0,0,0,0,0,0,0,0,0,0,0,0,0,0,0,0,0,0,0,0,0,0,0,0,0,0,0,0,0,0,0,0,0,0,0,0,0,0,0,0,0,0,0,0,0,0,0,0,0,0
1989,238,17,48,5.375,2,8,0,-1,1,0,1,1,25,0,0,0,1028,0,0,0,0,0,1,1,0,0,0,236.7186999,0,0,0,0,3,1,1,1,100,0,0,0,3,1,1,0.1,3000,0,0,0,0,0,0,0,0,0,0,0,0,0,0,0,0,0,0,0,0,0,0,0,0,0,0,0,0,0,0,0,0,0,0,0,0,0,0,0,0,0,0,0,0,0,0,0,0,0,0,0
1989,238,17,49,18.455,2,8,0,-1,0,0,1,1,25,0,0,0,1028,0,0,0,0,0,1,1,0,0,0,236.8412112,0,0,0,0,3,1,1,1,100,0,0,0,3,1,1,0.1,3000,0,0,0,0,0,0,0,0,0,0,0,0,0,0,0,0,0,0,0,0,0,0,0,0,0,0,0,0,0,0,0,0,0,0,0,0,0,0,0,0,0,0,0,0,0,0,0,0,0,0,0
1989,238,17,49,41.374,2,8,0,-1,1,0,1,1,25,0,0,0,1028,0,0,0,0,0,1,1,0,0,0,236.8796325,0,0,0,0,3,1,1,1,100,0,0,0,3,1,1,0.1,3000,0,0,0,0,0,0,0,0,0,0,0,0,0,0,0,0,0,0,0,0,0,0,0,0,0,0,0,0,0,0,0,0,0,0,0,0,0,0,0,0,0,0,0,0,0,0,0,0,0,0,0
1989,238,17,50,54.455,2,8,0,-1,0,0,1,1,25,0,0,0,1028,0,0,0,0,0,1,1,0,0,0,237.0021447,0,0,0,0,3,1,1,1,100,0,0,0,3,1,1,0.1,3000,0,0,0,0,0,0,0,0,0,0,0,0,0,0,0,0,0,0,0,0,0,0,0,0,0,0,0,0,0,0,0,0,0,0,0,0,0,0,0,0,0,0,0,0,0,0,0,0,0,0,0
1989,238,17,51,17.375,2,8,0,-1,1,0,1,1,25,0,0,0,1028,0,0,0,0,0,1,1,0,0,0,237.0405665,0,0,0,0,3,1,1,1,100,0,0,0,3,1,1,0.1,3000,0,0,0,0,0,0,0,0,0,0,0,0,0,0,0,0,0,0,0,0,0,0,0,0,0,0,0,0,0,0,0,0,0,0,0,0,0,0,0,0,0,0,0,0,0,0,0,0,0,0,0
1989,238,17,54,54.455,2,8,0,-1,0,0,1,1,25,0,0,0,1028,0,0,0,0,0,1,1,0,0,0,237.4044733,0,0,0,0,3,1,1,1,100,0,0,0,3,1,1,0.1,3000,0,0,0,0,0,0,0,0,0,0,0,0,0,0,0,0,0,0,0,0,0,0,0,0,0,0,0,0,0,0,0,0,0,0,0,0,0,0,0,0,0,0,0,0,0,0,0,0,0,0,0
1989,238,17,55,17.374,2,8,0,-1,1,0,1,1,25,0,0,0,1028,0,0,0,0,0,1,1,0,0,0,237.4428945,0,0,0,0,3,1,1,1,100,0,0,0,3,1,1,0.1,3000,0,0,0,0,0,0,0,0,0,0,0,0,0,0,0,0,0,0,0,0,0,0,0,0,0,0,0,0,0,0,0,0,0,0,0,0,0,0,0,0,0,0,0,0,0,0,0,0,0,0,0
1989,238,17,56,30.455,2,8,0,-1,0,0,1,1,25,0,0,0,1028,0,0,0,0,0,1,1,0,0,0,237.5654029,0,0,0,0,3,1,1,1,100,0,0,0,3,1,1,0.1,3000,0,0,0,0,0,0,0,0,0,0,0,0,0,0,0,0,0,0,0,0,0,0,0,0,0,0,0,0,0,0,0,0,0,0,0,0,0,0,0,0,0,0,0,0,0,0,0,0,0,0,0
1989,238,17,56,53.374,2,8,0,-1,1,0,1,1,25,0,0,0,1028,0,0,0,0,0,1,1,0,0,0,237.6038238,0,0,0,0,3,1,1,1,100,0,0,0,3,1,1,0.1,3000,0,0,0,0,0,0,0,0,0,0,0,0,0,0,0,0,0,0,0,0,0,0,0,0,0,0,0,0,0,0,0,0,0,0,0,0,0,0,0,0,0,0,0,0,0,0,0,0,0,0,0
1989,238,17,58,6.454,2,8,0,-1,0,0,1,1,25,0,0,0,1028,0,0,0,0,0,1,1,0,0,0,237.7263296,0,0,0,0,3,1,1,1,100,0,0,0,3,1,1,0.1,3000,0,0,0,0,0,0,0,0,0,0,0,0,0,0,0,0,0,0,0,0,0,0,0,0,0,0,0,0,0,0,0,0,0,0,0,0,0,0,0,0,0,0,0,0,0,0,0,0,0,0,0
1989,238,17,58,29.373,2,8,0,-1,1,0,1,1,25,0,0,0,1028,0,0,0,0,0,1,1,0,0,0,237.7647494,0,0,0,0,3,1,1,1,100,0,0,0,3,1,1,0.1,3000,0,0,0,0,0,0,0,0,0,0,0,0,0,0,0,0,0,0,0,0,0,0,0,0,0,0,0,0,0,0,0,0,0,0,0,0,0,0,0,0,0,0,0,0,0,0,0,0,0,0,0
1989,238,17,59,42.454,2,8,0,-1,0,0,1,1,25,0,0,0,1028,0,0,0,0,0,1,1,0,0,0,237.8872569,0,0,0,0,3,1,1,1,100,0,0,0,3,1,1,0.1,3000,0,0,0,0,0,0,0,0,0,0,0,0,0,0,0,0,0,0,0,0,0,0,0,0,0,0,0,0,0,0,0,0,0,0,0,0,0,0,0,0,0,0,0,0,0,0,0,0,0,0,0
1989,238,18,0,5.374,2,8,0,-1,1,0,1,1,25,0,0,0,1028,0,0,0,0,0,1,1,0,0,0,237.9256781,0,0,0,0,3,1,1,1,100,0,0,0,3,1,1,0.1,3000,0,0,0,0,0,0,0,0,0,0,0,0,0,0,0,0,0,0,0,0,0,0,0,0,0,0,0,0,0,0,0,0,0,0,0,0,0,0,0,0,0,0,0,0,0,0,0,0,0,0,0
1989,238,18,1,18.454,2,8,0,-1,0,0,1,1,25,0,0,0,1028,0,0,0,0,0,1,1,0,0,0,238.0481831,0,0,0,0,3,1,1,1,100,0,0,0,3,1,1,0.1,3000,0,0,0,0,0,0,0,0,0,0,0,0,0,0,0,0,0,0,0,0,0,0,0,0,0,0,0,0,0,0,0,0,0,0,0,0,0,0,0,0,0,0,0,0,0,0,0,0,0,0,0
1989,238,18,1,41.373,2,8,0,-1,1,0,1,1,25,0,0,0,1028,0,0,0,0,0,1,1,0,0,0,238.0866024,0,0,0,0,3,1,1,1,100,0,0,0,3,1,1,0.1,3000,0,0,0,0,0,0,0,0,0,0,0,0,0,0,0,0,0,0,0,0,0,0,0,0,0,0,0,0,0,0,0,0,0,0,0,0,0,0,0,0,0,0,0,0,0,0,0,0,0,0,0
1989,238,18,2,54.454,2,8,0,-1,0,0,1,1,25,0,0,0,1028,0,0,0,0,0,1,1,0,0,0,238.2091082,0,0,0,0,3,1,1,1,100,0,0,0,3,1,1,0.1,3000,0,0,0,0,0,0,0,0,0,0,0,0,0,0,0,0,0,0,0,0,0,0,0,0,0,0,0,0,0,0,0,0,0,0,0,0,0,0,0,0,0,0,0,0,0,0,0,0,0,0,0
1989,238,18,3,17.373,2,8,0,-1,1,0,1,1,25,0,0,0,1028,0,0,0,0,0,1,1,0,0,0,238.247528,0,0,0,0,3,1,1,1,100,0,0,0,3,1,1,0.1,3000,0,0,0,0,0,0,0,0,0,0,0,0,0,0,0,0,0,0,0,0,0,0,0,0,0,0,0,0,0,0,0,0,0,0,0,0,0,0,0,0,0,0,0,0,0,0,0,0,0,0,0
1989,238,18,6,54.454,2,8,0,-1,0,0,1,1,25,0,0,0,1028,0,0,0,0,0,1,1,0,0,0,238.611416,0,0,0,0,3,1,1,1,100,0,0,0,3,1,1,0.1,3000,0,0,0,0,0,0,0,0,0,0,0,0,0,0,0,0,0,0,0,0,0,0,0,0,0,0,0,0,0,0,0,0,0,0,0,0,0,0,0,0,0,0,0,0,0,0,0,0,0,0,0
1989,238,18,7,17.373,2,8,0,-1,1,0,1,1,25,0,0,0,1028,0,0,0,0,0,1,1,0,0,0,238.6498352,0,0,0,0,3,1,1,1,100,0,0,0,3,1,1,0.1,3000,0,0,0,0,0,0,0,0,0,0,0,0,0,0,0,0,0,0,0,0,0,0,0,0,0,0,0,0,0,0,0,0,0,0,0,0,0,0,0,0,0,0,0,0,0,0,0,0,0,0,0
1989,238,18,8,30.454,2,8,0,-1,0,0,1,1,25,0,0,0,1028,0,0,0,0,0,1,1,0,0,0,238.7723372,0,0,0,0,3,1,1,1,100,0,0,0,3,1,1,0.1,3000,0,0,0,0,0,0,0,0,0,0,0,0,0,0,0,0,0,0,0,0,0,0,0,0,0,0,0,0,0,0,0,0,0,0,0,0,0,0,0,0,0,0,0,0,0,0,0,0,0,0,0
1989,238,18,8,53.373,2,8,0,-1,1,0,1,1,25,0,0,0,1028,0,0,0,0,0,1,1,0,0,0,238.8107562,0,0,0,0,3,1,1,1,100,0,0,0,3,1,1,0.1,3000,0,0,0,0,0,0,0,0,0,0,0,0,0,0,0,0,0,0,0,0,0,0,0,0,0,0,0,0,0,0,0,0,0,0,0,0,0,0,0,0,0,0,0,0,0,0,0,0,0,0,0
1989,238,18,10,6.453,2,8,0,-1,0,0,1,1,25,0,0,0,1028,0,0,0,0,0,1,1,0,0,0,238.9332565,0,0,0,0,3,1,1,1,100,0,0,0,3,1,1,0.1,3000,0,0,0,0,0,0,0,0,0,0,0,0,0,0,0,0,0,0,0,0,0,0,0,0,0,0,0,0,0,0,0,0,0,0,0,0,0,0,0,0,0,0,0,0,0,0,0,0,0,0,0
1989,238,18,10,29.373,2,8,0,-1,1,0,1,1,25,0,0,0,1028,0,0,0,0,0,1,1,0,0,0,238.9716744,0,0,0,0,3,1,1,1,100,0,0,0,3,1,1,0.1,3000,0,0,0,0,0,0,0,0,0,0,0,0,0,0,0,0,0,0,0,0,0,0,0,0,0,0,0,0,0,0,0,0,0,0,0,0,0,0,0,0,0,0,0,0,0,0,0,0,0,0,0
1989,238,18,11,42.453,2,8,0,-1,0,0,1,1,25,0,0,0,1028,0,0,0,0,0,1,1,0,0,0,239.0941747,0,0,0,0,3,1,1,1,100,0,0,0,3,1,1,0.1,3000,0,0,0,0,0,0,0,0,0,0,0,0,0,0,0,0,0,0,0,0,0,0,0,0,0,0,0,0,0,0,0,0,0,0,0,0,0,0,0,0,0,0,0,0,0,0,0,0,0,0,0
1989,238,18,12,5.373,2,8,0,-1,1,0,1,1,25,0,0,0,1028,0,0,0,0,0,1,1,0,0,0,239.132594,0,0,0,0,3,1,1,1,100,0,0,0,3,1,1,0.1,3000,0,0,0,0,0,0,0,0,0,0,0,0,0,0,0,0,0,0,0,0,0,0,0,0,0,0,0,0,0,0,0,0,0,0,0,0,0,0,0,0,0,0,0,0,0,0,0,0,0,0,0
1989,238,18,13,18.453,2,8,0,-1,0,0,1,1,25,0,0,0,1028,0,0,0,0,0,1,1,0,0,0,239.2550926,0,0,0,0,3,1,1,1,100,0,0,0,3,1,1,0.1,3000,0,0,0,0,0,0,0,0,0,0,0,0,0,0,0,0,0,0,0,0,0,0,0,0,0,0,0,0,0,0,0,0,0,0,0,0,0,0,0,0,0,0,0,0,0,0,0,0,0,0,0
1989,238,18,13,41.372,2,8,0,-1,1,0,1,1,25,0,0,0,1028,0,0,0,0,0,1,1,0,0,0,239.2935099,0,0,0,0,3,1,1,1,100,0,0,0,3,1,1,0.1,3000,0,0,0,0,0,0,0,0,0,0,0,0,0,0,0,0,0,0,0,0,0,0,0,0,0,0,0,0,0,0,0,0,0,0,0,0,0,0,0,0,0,0,0,0,0,0,0,0,0,0,0
1989,238,18,14,54.453,2,8,0,-1,0,0,1,1,25,0,0,0,1028,0,0,0,0,0,1,1,0,0,0,239.4160095,0,0,0,0,3,1,1,1,100,0,0,0,3,1,1,0.1,3000,0,0,0,0,0,0,0,0,0,0,0,0,0,0,0,0,0,0,0,0,0,0,0,0,0,0,0,0,0,0,0,0,0,0,0,0,0,0,0,0,0,0,0,0,0,0,0,0,0,0,0
1989,238,18,15,17.373,2,8,0,-1,1,0,1,1,25,0,0,0,1028,0,0,0,0,0,1,1,0,0,0,239.4544274,0,0,0,0,3,1,1,1,100,0,0,0,3,1,1,0.1,3000,0,0,0,0,0,0,0,0,0,0,0,0,0,0,0,0,0,0,0,0,0,0,0,0,0,0,0,0,0,0,0,0,0,0,0,0,0,0,0,0,0,0,0,0,0,0,0,0,0,0,0
1989,238,18,18,54.453,2,8,0,-1,0,0,1,1,25,0,0,0,1028,0,0,0,0,0,1,1,0,0,0,239.8182967,0,0,0,0,3,1,1,1,100,0,0,0,3,1,1,0.1,3000,0,0,0,0,0,0,0,0,0,0,0,0,0,0,0,0,0,0,0,0,0,0,0,0,0,0,0,0,0,0,0,0,0,0,0,0,0,0,0,0,0,0,0,0,0,0,0,0,0,0,0
1989,238,18,19,17.373,2,8,0,-1,1,0,1,1,25,0,0,0,1028,0,0,0,0,0,1,1,0,0,0,239.856714,0,0,0,0,3,1,1,1,100,0,0,0,3,1,1,0.1,3000,0,0,0,0,0,0,0,0,0,0,0,0,0,0,0,0,0,0,0,0,0,0,0,0,0,0,0,0,0,0,0,0,0,0,0,0,0,0,0,0,0,0,0,0,0,0,0,0,0,0,0
1989,238,18,20,30.453,2,8,0,-1,0,0,1,1,25,0,0,0,1028,0,0,0,0,0,1,1,0,0,0,239.9792097,0,0,0,0,3,1,1,1,100,0,0,0,3,1,1,0.1,3000,0,0,0,0,0,0,0,0,0,0,0,0,0,0,0,0,0,0,0,0,0,0,0,0,0,0,0,0,0,0,0,0,0,0,0,0,0,0,0,0,0,0,0,0,0,0,0,0,0,0,0
1989,238,18,20,53.373,2,8,0,-1,1,0,1,1,25,0,0,0,1028,0,0,0,0,0,1,1,0,0,0,240.0176267,0,0,0,0,3,1,1,1,100,0,0,0,3,1,1,0.1,3000,0,0,0,0,0,0,0,0,0,0,0,0,0,0,0,0,0,0,0,0,0,0,0,0,0,0,0,0,0,0,0,0,0,0,0,0,0,0,0,0,0,0,0,0,0,0,0,0,0,0,0
1989,238,18,22,6.453,2,8,0,-1,0,0,1,1,25,0,0,0,1028,0,0,0,0,0,1,1,0,0,0,240.1401217,0,0,0,0,3,1,1,1,100,0,0,0,3,1,1,0.1,3000,0,0,0,0,0,0,0,0,0,0,0,0,0,0,0,0,0,0,0,0,0,0,0,0,0,0,0,0,0,0,0,0,0,0,0,0,0,0,0,0,0,0,0,0,0,0,0,0,0,0,0
1989,238,18,22,29.372,2,8,0,-1,1,0,1,1,25,0,0,0,1028,0,0,0,0,0,1,1,0,0,0,240.1785375,0,0,0,0,3,1,1,1,100,0,0,0,3,1,1,0.1,3000,0,0,0,0,0,0,0,0,0,0,0,0,0,0,0,0,0,0,0,0,0,0,0,0,0,0,0,0,0,0,0,0,0,0,0,0,0,0,0,0,0,0,0,0,0,0,0,0,0,0,0
1989,238,18,23,42.451,2,8,0,-1,0,0,1,1,25,0,0,0,1028,0,0,0,0,0,1,1,0,0,0,240.30103,0,0,0,0,3,1,1,1,100,0,0,0,3,1,1,0.1,3000,0,0,0,0,0,0,0,0,0,0,0,0,0,0,0,0,0,0,0,0,0,0,0,0,0,0,0,0,0,0,0,0,0,0,0,0,0,0,0,0,0,0,0,0,0,0,0,0,0,0,0
1989,238,18,24,5.372,2,8,0,-1,1,0,1,1,25,0,0,0,1028,0,0,0,0,0,1,1,0,0,0,240.3394473,0,0,0,0,3,1,1,1,100,0,0,0,3,1,1,0.1,3000,0,0,0,0,0,0,0,0,0,0,0,0,0,0,0,0,0,0,0,0,0,0,0,0,0,0,0,0,0,0,0,0,0,0,0,0,0,0,0,0,0,0,0,0,0,0,0,0,0,0,0
1989,238,18,25,18.452,2,8,0,-1,0,0,1,1,25,0,0,0,1028,0,0,0,0,0,1,1,0,0,0,240.4619406,0,0,0,0,3,1,1,1,100,0,0,0,3,1,1,0.1,3000,0,0,0,0,0,0,0,0,0,0,0,0,0,0,0,0,0,0,0,0,0,0,0,0,0,0,0,0,0,0,0,0,0,0,0,0,0,0,0,0,0,0,0,0,0,0,0,0,0,0,0
1989,238,18,25,41.371,2,8,0,-1,1,0,1,1,25,0,0,0,1028,0,0,0,0,0,1,1,0,0,0,240.5003559,0,0,0,0,3,1,1,1,100,0,0,0,3,1,1,0.1,3000,0,0,0,0,0,0,0,0,0,0,0,0,0,0,0,0,0,0,0,0,0,0,0,0,0,0,0,0,0,0,0,0,0,0,0,0,0,0,0,0,0,0,0,0,0,0,0,0,0,0,0
1989,238,18,26,54.452,2,8,0,-1,0,0,1,1,25,0,0,0,1028,0,0,0,0,0,1,1,0,0,0,240.6228492,0,0,0,0,3,1,1,1,100,0,0,0,3,1,1,0.1,3000,0,0,0,0,0,0,0,0,0,0,0,0,0,0,0,0,0,0,0,0,0,0,0,0,0,0,0,0,0,0,0,0,0,0,0,0,0,0,0,0,0,0,0,0,0,0,0,0,0,0,0
1989,238,18,27,17.372,2,8,0,-1,1,0,1,1,25,0,0,0,1028,0,0,0,0,0,1,1,0,0,0,240.661266,0,0,0,0,3,1,1,1,100,0,0,0,3,1,1,0.1,3000,0,0,0,0,0,0,0,0,0,0,0,0,0,0,0,0,0,0,0,0,0,0,0,0,0,0,0,0,0,0,0,0,0,0,0,0,0,0,0,0,0,0,0,0,0,0,0,0,0,0,0
1989,238,18,30,54.452,2,8,0,-1,0,0,1,1,25,0,0,0,1028,0,0,0,0,0,1,1,0,0,0,241.0251161,0,0,0,0,3,1,1,1,100,0,0,0,3,1,1,0.1,3000,0,0,0,0,0,0,0,0,0,0,0,0,0,0,0,0,0,0,0,0,0,0,0,0,0,0,0,0,0,0,0,0,0,0,0,0,0,0,0,0,0,0,0,0,0,0,0,0,0,0,0
1989,238,18,31,17.372,2,8,0,-1,1,0,1,1,25,0,0,0,1028,0,0,0,0,0,1,1,0,0,0,241.0635322,0,0,0,0,3,1,1,1,100,0,0,0,3,1,1,0.1,3000,0,0,0,0,0,0,0,0,0,0,0,0,0,0,0,0,0,0,0,0,0,0,0,0,0,0,0,0,0,0,0,0,0,0,0,0,0,0,0,0,0,0,0,0,0,0,0,0,0,0,0
1989,238,18,32,30.452,2,8,0,-1,0,0,1,1,25,0,0,0,1028,0,0,0,0,0,1,1,0,0,0,241.186021,0,0,0,0,3,1,1,1,100,0,0,0,3,1,1,0.1,3000,0,0,0,0,0,0,0,0,0,0,0,0,0,0,0,0,0,0,0,0,0,0,0,0,0,0,0,0,0,0,0,0,0,0,0,0,0,0,0,0,0,0,0,0,0,0,0,0,0,0,0
1989,238,18,32,53.372,2,8,0,-1,1,0,1,1,25,0,0,0,1028,0,0,0,0,0,1,1,0,0,0,241.224436,0,0,0,0,3,1,1,1,100,0,0,0,3,1,1,0.1,3000,0,0,0,0,0,0,0,0,0,0,0,0,0,0,0,0,0,0,0,0,0,0,0,0,0,0,0,0,0,0,0,0,0,0,0,0,0,0,0,0,0,0,0,0,0,0,0,0,0,0,0
1989,238,18,34,6.452,2,8,0,-1,0,0,1,1,25,0,0,0,1028,0,0,0,0,0,1,1,0,0,0,241.3469248,0,0,0,0,3,1,1,1,100,0,0,0,3,1,1,0.1,3000,0,0,0,0,0,0,0,0,0,0,0,0,0,0,0,0,0,0,0,0,0,0,0,0,0,0,0,0,0,0,0,0,0,0,0,0,0,0,0,0,0,0,0,0,0,0,0,0,0,0,0
1989,238,18,34,29.372,2,8,0,-1,1,0,1,1,25,0,0,0,1028,0,0,0,0,0,1,1,0,0,0,241.3853396,0,0,0,0,3,1,1,1,100,0,0,0,3,1,1,0.1,3000,0,0,0,0,0,0,0,0,0,0,0,0,0,0,0,0,0,0,0,0,0,0,0,0,0,0,0,0,0,0,0,0,0,0,0,0,0,0,0,0,0,0,0,0,0,0,0,0,0,0,0
1989,238,18,35,42.451,2,8,0,-1,0,0,1,1,25,0,0,0,1028,0,0,0,0,0,1,1,0,0,0,241.5078267,0,0,0,0,3,1,1,1,100,0,0,0,3,1,1,0.1,3000,0,0,0,0,0,0,0,0,0,0,0,0,0,0,0,0,0,0,0,0,0,0,0,0,0,0,0,0,0,0,0,0,0,0,0,0,0,0,0,0,0,0,0,0,0,0,0,0,0,0,0
1989,238,18,36,5.372,2,8,0,-1,1,0,1,1,25,0,0,0,1028,0,0,0,0,0,1,1,0,0,0,241.546242,0,0,0,0,3,1,1,1,100,0,0,0,3,1,1,0.1,3000,0,0,0,0,0,0,0,0,0,0,0,0,0,0,0,0,0,0,0,0,0,0,0,0,0,0,0,0,0,0,0,0,0,0,0,0,0,0,0,0,0,0,0,0,0,0,0,0,0,0,0
1989,238,18,37,18.451,2,8,0,-1,0,0,1,1,25,0,0,0,1028,0,0,0,0,0,1,1,0,0,0,241.6687275,0,0,0,0,3,1,1,1,100,0,0,0,3,1,1,0.1,3000,0,0,0,0,0,0,0,0,0,0,0,0,0,0,0,0,0,0,0,0,0,0,0,0,0,0,0,0,0,0,0,0,0,0,0,0,0,0,0,0,0,0,0,0,0,0,0,0,0,0,0
1989,238,18,37,41.37,2,8,0,-1,1,0,1,1,25,0,0,0,1028,0,0,0,0,0,1,1,0,0,0,241.7071409,0,0,0,0,3,1,1,1,100,0,0,0,3,1,1,0.1,3000,0,0,0,0,0,0,0,0,0,0,0,0,0,0,0,0,0,0,0,0,0,0,0,0,0,0,0,0,0,0,0,0,0,0,0,0,0,0,0,0,0,0,0,0,0,0,0,0,0,0,0
1989,238,18,38,54.451,2,8,0,-1,0,0,1,1,25,0,0,0,1028,0,0,0,0,0,1,1,0,0,0,241.829628,0,0,0,0,3,1,1,1,100,0,0,0,3,1,1,0.1,3000,0,0,0,0,0,0,0,0,0,0,0,0,0,0,0,0,0,0,0,0,0,0,0,0,0,0,0,0,0,0,0,0,0,0,0,0,0,0,0,0,0,0,0,0,0,0,0,0,0,0,0
1989,238,18,39,17.371,2,8,0,-1,1,0,1,1,25,0,0,0,1028,0,0,0,0,0,1,1,0,0,0,241.8680429,0,0,0,0,3,1,1,1,100,0,0,0,3,1,1,0.1,3000,0,0,0,0,0,0,0,0,0,0,0,0,0,0,0,0,0,0,0,0,0,0,0,0,0,0,0,0,0,0,0,0,0,0,0,0,0,0,0,0,0,0,0,0,0,0,0,0,0,0,0
1989,238,18,42,54.451,2,8,0,-1,0,0,1,1,25,0,0,0,1028,0,0,0,0,0,1,1,0,0,0,242.2318748,0,0,0,0,3,1,1,1,100,0,0,0,3,1,1,0.1,3000,0,0,0,0,0,0,0,0,0,0,0,0,0,0,0,0,0,0,0,0,0,0,0,0,0,0,0,0,0,0,0,0,0,0,0,0,0,0,0,0,0,0,0,0,0,0,0,0,0,0,0
1989,238,18,43,17.371,2,8,0,-1,1,0,1,1,25,0,0,0,1028,0,0,0,0,0,1,1,0,0,0,242.270289,0,0,0,0,3,1,1,1,100,0,0,0,3,1,1,0.1,3000,0,0,0,0,0,0,0,0,0,0,0,0,0,0,0,0,0,0,0,0,0,0,0,0,0,0,0,0,0,0,0,0,0,0,0,0,0,0,0,0,0,0,0,0,0,0,0,0,0,0,0
1989,238,18,44,30.451,2,8,0,-1,0,0,1,1,25,0,0,0,1028,0,0,0,0,0,1,1,0,0,0,242.3927716,0,0,0,0,3,1,1,1,100,0,0,0,3,1,1,0.1,3000,0,0,0,0,0,0,0,0,0,0,0,0,0,0,0,0,0,0,0,0,0,0,0,0,0,0,0,0,0,0,0,0,0,0,0,0,0,0,0,0,0,0,0,0,0,0,0,0,0,0,0
1989,238,18,44,53.371,2,8,0,-1,1,0,1,1,25,0,0,0,1028,0,0,0,0,0,1,1,0,0,0,242.4311847,0,0,0,0,3,1,1,1,100,0,0,0,3,1,1,0.1,3000,0,0,0,0,0,0,0,0,0,0,0,0,0,0,0,0,0,0,0,0,0,0,0,0,0,0,0,0,0,0,0,0,0,0,0,0,0,0,0,0,0,0,0,0,0,0,0,0,0,0,0
1989,238,18,46,6.451,2,8,0,-1,0,0,1,1,25,0,0,0,1028,0,0,0,0,0,1,1,0,0,0,242.5536673,0,0,0,0,3,1,1,1,100,0,0,0,3,1,1,0.1,3000,0,0,0,0,0,0,0,0,0,0,0,0,0,0,0,0,0,0,0,0,0,0,0,0,0,0,0,0,0,0,0,0,0,0,0,0,0,0,0,0,0,0,0,0,0,0,0,0,0,0,0
1989,238,18,46,29.371,2,8,0,-1,1,0,1,1,25,0,0,0,1028,0,0,0,0,0,1,1,0,0,0,242.5920802,0,0,0,0,3,1,1,1,100,0,0,0,3,1,1,0.1,3000,0,0,0,0,0,0,0,0,0,0,0,0,0,0,0,0,0,0,0,0,0,0,0,0,0,0,0,0,0,0,0,0,0,0,0,0,0,0,0,0,0,0,0,0,0,0,0,0,0,0,0
1989,238,18,47,42.451,2,8,0,-1,0,0,1,1,25,0,0,0,1028,0,0,0,0,0,1,1,0,0,0,242.714562,0,0,0,0,3,1,1,1,100,0,0,0,3,1,1,0.1,3000,0,0,0,0,0,0,0,0,0,0,0,0,0,0,0,0,0,0,0,0,0,0,0,0,0,0,0,0,0,0,0,0,0,0,0,0,0,0,0,0,0,0,0,0,0,0,0,0,0,0,0
1989,238,18,48,5.371,2,8,0,-1,1,0,1,1,25,0,0,0,1028,0,0,0,0,0,1,1,0,0,0,242.7529755,0,0,0,0,3,1,1,1,100,0,0,0,3,1,1,0.1,3000,0,0,0,0,0,0,0,0,0,0,0,0,0,0,0,0,0,0,0,0,0,0,0,0,0,0,0,0,0,0,0,0,0,0,0,0,0,0,0,0,0,0,0,0,0,0,0,0,0,0,0
1989,238,18,49,18.45,2,8,0,-1,0,0,1,1,25,0,0,0,1028,0,0,0,0,0,1,1,0,0,0,242.875454,0,0,0,0,3,1,1,1,100,0,0,0,3,1,1,0.1,3000,0,0,0,0,0,0,0,0,0,0,0,0,0,0,0,0,0,0,0,0,0,0,0,0,0,0,0,0,0,0,0,0,0,0,0,0,0,0,0,0,0,0,0,0,0,0,0,0,0,0,0
1989,238,18,49,41.37,2,8,0,-1,1,0,1,1,25,0,0,0,1028,0,0,0,0,0,1,1,0,0,0,242.9138663,0,0,0,0,3,1,1,1,100,0,0,0,3,1,1,0.1,3000,0,0,0,0,0,0,0,0,0,0,0,0,0,0,0,0,0,0,0,0,0,0,0,0,0,0,0,0,0,0,0,0,0,0,0,0,0,0,0,0,0,0,0,0,0,0,0,0,0,0,0
1989,238,18,50,54.45,2,8,0,-1,0,0,1,1,25,0,0,0,1028,0,0,0,0,0,1,1,0,0,0,243.0363465,0,0,0,0,3,1,1,1,100,0,0,0,3,1,1,0.1,3000,0,0,0,0,0,0,0,0,0,0,0,0,0,0,0,0,0,0,0,0,0,0,0,0,0,0,0,0,0,0,0,0,0,0,0,0,0,0,0,0,0,0,0,0,0,0,0,0,0,0,0
1989,238,18,51,17.37,2,8,0,-1,1,0,1,1,25,0,0,0,1028,0,0,0,0,0,1,1,0,0,0,243.0747595,0,0,0,0,3,1,1,1,100,0,0,0,3,1,1,0.1,3000,0,0,0,0,0,0,0,0,0,0,0,0,0,0,0,0,0,0,0,0,0,0,0,0,0,0,0,0,0,0,0,0,0,0,0,0,0,0,0,0,0,0,0,0,0,0,0,0,0,0,0
1989,238,18,54,54.45,2,8,0,-1,0,0,1,1,25,0,0,0,1028,0,0,0,0,0,1,1,0,0,0,243.4385733,0,0,0,0,3,1,1,1,100,0,0,0,3,1,1,0.1,3000,0,0,0,0,0,0,0,0,0,0,0,0,0,0,0,0,0,0,0,0,0,0,0,0,0,0,0,0,0,0,0,0,0,0,0,0,0,0,0,0,0,0,0,0,0,0,0,0,0,0,0
1989,238,18,55,17.37,2,8,0,-1,1,0,1,1,25,0,0,0,1028,0,0,0,0,0,1,1,0,0,0,243.4769856,0,0,0,0,3,1,1,1,100,0,0,0,3,1,1,0.1,3000,0,0,0,0,0,0,0,0,0,0,0,0,0,0,0,0,0,0,0,0,0,0,0,0,0,0,0,0,0,0,0,0,0,0,0,0,0,0,0,0,0,0,0,0,0,0,0,0,0,0,0
1989,238,18,56,30.45,2,8,0,-1,0,0,1,1,25,0,0,0,1028,0,0,0,0,0,1,1,0,0,0,243.5994621,0,0,0,0,3,1,1,1,100,0,0,0,3,1,1,0.1,3000,0,0,0,0,0,0,0,0,0,0,0,0,0,0,0,0,0,0,0,0,0,0,0,0,0,0,0,0,0,0,0,0,0,0,0,0,0,0,0,0,0,0,0,0,0,0,0,0,0,0,0
1989,238,18,56,53.37,2,8,0,-1,1,0,1,1,25,0,0,0,1028,0,0,0,0,0,1,1,0,0,0,243.6378742,0,0,0,0,3,1,1,1,100,0,0,0,3,1,1,0.1,3000,0,0,0,0,0,0,0,0,0,0,0,0,0,0,0,0,0,0,0,0,0,0,0,0,0,0,0,0,0,0,0,0,0,0,0,0,0,0,0,0,0,0,0,0,0,0,0,0,0,0,0
1989,238,18,58,6.45,2,8,0,-1,0,0,1,1,25,0,0,0,1028,0,0,0,0,0,1,1,0,0,0,243.7603499,0,0,0,0,3,1,1,1,100,0,0,0,3,1,1,0.1,3000,0,0,0,0,0,0,0,0,0,0,0,0,0,0,0,0,0,0,0,0,0,0,0,0,0,0,0,0,0,0,0,0,0,0,0,0,0,0,0,0,0,0,0,0,0,0,0,0,0,0,0
1989,238,18,58,29.369,2,8,0,-1,1,0,1,1,25,0,0,0,1028,0,0,0,0,0,1,1,0,0,0,243.7987609,0,0,0,0,3,1,1,1,100,0,0,0,3,1,1,0.1,3000,0,0,0,0,0,0,0,0,0,0,0,0,0,0,0,0,0,0,0,0,0,0,0,0,0,0,0,0,0,0,0,0,0,0,0,0,0,0,0,0,0,0,0,0,0,0,0,0,0,0,0
1989,238,18,59,42.45,2,8,0,-1,0,0,1,1,25,0,0,0,1028,0,0,0,0,0,1,1,0,0,0,243.9212367,0,0,0,0,3,1,1,1,100,0,0,0,3,1,1,0.1,3000,0,0,0,0,0,0,0,0,0,0,0,0,0,0,0,0,0,0,0,0,0,0,0,0,0,0,0,0,0,0,0,0,0,0,0,0,0,0,0,0,0,0,0,0,0,0,0,0,0,0,0
1989,238,19,0,5.37,2,8,0,-1,1,0,1,1,25,0,0,0,1028,0,0,0,0,0,1,1,0,0,0,243.9596482,0,0,0,0,3,1,1,1,100,0,0,0,3,1,1,0.1,3000,0,0,0,0,0,0,0,0,0,0,0,0,0,0,0,0,0,0,0,0,0,0,0,0,0,0,0,0,0,0,0,0,0,0,0,0,0,0,0,0,0,0,0,0,0,0,0,0,0,0,0
1989,238,19,1,18.449,2,8,0,-1,0,0,1,1,25,0,0,0,1028,0,0,0,0,0,1,1,0,0,0,244.0821215,0,0,0,0,3,1,1,1,100,0,0,0,3,1,1,0.1,3000,0,0,0,0,0,0,0,0,0,0,0,0,0,0,0,0,0,0,0,0,0,0,0,0,0,0,0,0,0,0,0,0,0,0,0,0,0,0,0,0,0,0,0,0,0,0,0,0,0,0,0
1989,238,19,1,41.369,2,8,0,-1,1,0,1,1,25,0,0,0,1028,0,0,0,0,0,1,1,0,0,0,244.1205328,0,0,0,0,3,1,1,1,100,0,0,0,3,1,1,0.1,3000,0,0,0,0,0,0,0,0,0,0,0,0,0,0,0,0,0,0,0,0,0,0,0,0,0,0,0,0,0,0,0,0,0,0,0,0,0,0,0,0,0,0,0,0,0,0,0,0,0,0,0
1989,238,19,2,54.449,2,8,0,-1,0,0,1,1,25,0,0,0,1028,0,0,0,0,0,1,1,0,0,0,244.2430053,0,0,0,0,3,1,1,1,100,0,0,0,3,1,1,0.1,3000,0,0,0,0,0,0,0,0,0,0,0,0,0,0,0,0,0,0,0,0,0,0,0,0,0,0,0,0,0,0,0,0,0,0,0,0,0,0,0,0,0,0,0,0,0,0,0,0,0,0,0
1989,238,19,3,17.369,2,8,0,-1,1,0,1,1,25,0,0,0,1028,0,0,0,0,0,1,1,0,0,0,244.2814164,0,0,0,0,3,1,1,1,100,0,0,0,3,1,1,0.1,3000,0,0,0,0,0,0,0,0,0,0,0,0,0,0,0,0,0,0,0,0,0,0,0,0,0,0,0,0,0,0,0,0,0,0,0,0,0,0,0,0,0,0,0,0,0,0,0,0,0,0,0
1989,238,19,6,54.449,2,8,0,-1,0,0,1,1,25,0,0,0,1028,0,0,0,0,0,1,1,0,0,0,244.6452123,0,0,0,0,3,1,1,1,100,0,0,0,3,1,1,0.1,3000,0,0,0,0,0,0,0,0,0,0,0,0,0,0,0,0,0,0,0,0,0,0,0,0,0,0,0,0,0,0,0,0,0,0,0,0,0,0,0,0,0,0,0,0,0,0,0,0,0,0,0
1989,238,19,7,17.369,2,8,0,-1,1,0,1,1,25,0,0,0,1028,0,0,0,0,0,1,1,0,0,0,244.6836227,0,0,0,0,3,1,1,1,100,0,0,0,3,1,1,0.1,3000,0,0,0,0,0,0,0,0,0,0,0,0,0,0,0,0,0,0,0,0,0,0,0,0,0,0,0,0,0,0,0,0,0,0,0,0,0,0,0,0,0,0,0,0,0,0,0,0,0,0,0
1989,238,19,8,30.448,2,8,0,-1,0,0,1,1,25,0,0,0,1028,0,0,0,0,0,1,1,0,0,0,244.8060924,0,0,0,0,3,1,1,1,100,0,0,0,3,1,1,0.1,3000,0,0,0,0,0,0,0,0,0,0,0,0,0,0,0,0,0,0,0,0,0,0,0,0,0,0,0,0,0,0,0,0,0,0,0,0,0,0,0,0,0,0,0,0,0,0,0,0,0,0,0
1989,238,19,8,53.369,2,8,0,-1,1,0,1,1,25,0,0,0,1028,0,0,0,0,0,1,1,0,0,0,244.8445034,0,0,0,0,3,1,1,1,100,0,0,0,3,1,1,0.1,3000,0,0,0,0,0,0,0,0,0,0,0,0,0,0,0,0,0,0,0,0,0,0,0,0,0,0,0,0,0,0,0,0,0,0,0,0,0,0,0,0,0,0,0,0,0,0,0,0,0,0,0
1989,238,19,10,6.449,2,8,0,-1,0,0,1,1,25,0,0,0,1028,0,0,0,0,0,1,1,0,0,0,244.9669732,0,0,0,0,3,1,1,1,100,0,0,0,3,1,1,0.1,3000,0,0,0,0,0,0,0,0,0,0,0,0,0,0,0,0,0,0,0,0,0,0,0,0,0,0,0,0,0,0,0,0,0,0,0,0,0,0,0,0,0,0,0,0,0,0,0,0,0,0,0
1989,238,19,10,29.369,2,8,0,-1,1,0,1,1,25,0,0,0,1028,0,0,0,0,0,1,1,0,0,0,245.0053831,0,0,0,0,3,1,1,1,100,0,0,0,3,1,1,0.1,3000,0,0,0,0,0,0,0,0,0,0,0,0,0,0,0,0,0,0,0,0,0,0,0,0,0,0,0,0,0,0,0,0,0,0,0,0,0,0,0,0,0,0,0,0,0,0,0,0,0,0,0
1989,238,19,11,42.449,2,8,0,-1,0,0,1,1,25,0,0,0,1028,0,0,0,0,0,1,1,0,0,0,245.127852,0,0,0,0,3,1,1,1,100,0,0,0,3,1,1,0.1,3000,0,0,0,0,0,0,0,0,0,0,0,0,0,0,0,0,0,0,0,0,0,0,0,0,0,0,0,0,0,0,0,0,0,0,0,0,0,0,0,0,0,0,0,0,0,0,0,0,0,0,0
1989,238,19,12,5.369,2,8,0,-1,1,0,1,1,25,0,0,0,1028,0,0,0,0,0,1,1,0,0,0,245.1662617,0,0,0,0,3,1,1,1,100,0,0,0,3,1,1,0.1,3000,0,0,0,0,0,0,0,0,0,0,0,0,0,0,0,0,0,0,0,0,0,0,0,0,0,0,0,0,0,0,0,0,0,0,0,0,0,0,0,0,0,0,0,0,0,0,0,0,0,0,0
1989,238,19,13,18.449,2,8,0,-1,0,0,1,1,25,0,0,0,1028,0,0,0,0,0,1,1,0,0,0,245.2887299,0,0,0,0,3,1,1,1,100,0,0,0,3,1,1,0.1,3000,0,0,0,0,0,0,0,0,0,0,0,0,0,0,0,0,0,0,0,0,0,0,0,0,0,0,0,0,0,0,0,0,0,0,0,0,0,0,0,0,0,0,0,0,0,0,0,0,0,0,0
1989,238,19,13,41.369,2,8,0,-1,1,0,1,1,25,0,0,0,1028,0,0,0,0,0,1,1,0,0,0,245.3271393,0,0,0,0,3,1,1,1,100,0,0,0,3,1,1,0.1,3000,0,0,0,0,0,0,0,0,0,0,0,0,0,0,0,0,0,0,0,0,0,0,0,0,0,0,0,0,0,0,0,0,0,0,0,0,0,0,0,0,0,0,0,0,0,0,0,0,0,0,0
1989,238,19,14,54.448,2,8,0,-1,0,0,1,1,25,0,0,0,1028,0,0,0,0,0,1,1,0,0,0,245.4496058,0,0,0,0,3,1,1,1,100,0,0,0,3,1,1,0.1,3000,0,0,0,0,0,0,0,0,0,0,0,0,0,0,0,0,0,0,0,0,0,0,0,0,0,0,0,0,0,0,0,0,0,0,0,0,0,0,0,0,0,0,0,0,0,0,0,0,0,0,0
1989,238,19,15,17.368,2,8,0,-1,1,0,1,1,25,0,0,0,1028,0,0,0,0,0,1,1,0,0,0,245.488015,0,0,0,0,3,1,1,1,100,0,0,0,3,1,1,0.1,3000,0,0,0,0,0,0,0,0,0,0,0,0,0,0,0,0,0,0,0,0,0,0,0,0,0,0,0,0,0,0,0,0,0,0,0,0,0,0,0,0,0,0,0,0,0,0,0,0,0,0,0
1989,238,19,18,54.448,2,8,0,-1,0,0,1,1,25,0,0,0,1028,0,0,0,0,0,1,1,0,0,0,245.8517924,0,0,0,0,3,1,1,1,100,0,0,0,3,1,1,0.1,3000,0,0,0,0,0,0,0,0,0,0,0,0,0,0,0,0,0,0,0,0,0,0,0,0,0,0,0,0,0,0,0,0,0,0,0,0,0,0,0,0,0,0,0,0,0,0,0,0,0,0,0
1989,238,19,19,17.368,2,8,0,-1,1,0,1,1,25,0,0,0,1028,0,0,0,0,0,1,1,0,0,0,245.8902001,0,0,0,0,3,1,1,1,100,0,0,0,3,1,1,0.1,3000,0,0,0,0,0,0,0,0,0,0,0,0,0,0,0,0,0,0,0,0,0,0,0,0,0,0,0,0,0,0,0,0,0,0,0,0,0,0,0,0,0,0,0,0,0,0,0,0,0,0,0
1989,238,19,20,30.448,2,8,0,-1,0,0,1,1,25,0,0,0,1028,0,0,0,0,0,1,1,0,0,0,246.0126655,0,0,0,0,3,1,1,1,100,0,0,0,3,1,1,0.1,3000,0,0,0,0,0,0,0,0,0,0,0,0,0,0,0,0,0,0,0,0,0,0,0,0,0,0,0,0,0,0,0,0,0,0,0,0,0,0,0,0,0,0,0,0,0,0,0,0,0,0,0
1989,238,19,20,53.368,2,8,0,-1,1,0,1,1,25,0,0,0,1028,0,0,0,0,0,1,1,0,0,0,246.0510739,0,0,0,0,3,1,1,1,100,0,0,0,3,1,1,0.1,3000,0,0,0,0,0,0,0,0,0,0,0,0,0,0,0,0,0,0,0,0,0,0,0,0,0,0,0,0,0,0,0,0,0,0,0,0,0,0,0,0,0,0,0,0,0,0,0,0,0,0,0
1989,238,19,22,6.448,2,8,0,-1,0,0,1,1,25,0,0,0,1028,0,0,0,0,0,1,1,0,0,0,246.1735377,0,0,0,0,3,1,1,1,100,0,0,0,3,1,1,0.1,3000,0,0,0,0,0,0,0,0,0,0,0,0,0,0,0,0,0,0,0,0,0,0,0,0,0,0,0,0,0,0,0,0,0,0,0,0,0,0,0,0,0,0,0,0,0,0,0,0,0,0,0
1989,238,19,22,29.368,2,8,0,-1,1,0,1,1,25,0,0,0,1028,0,0,0,0,0,1,1,0,0,0,246.2119449,0,0,0,0,3,1,1,1,100,0,0,0,3,1,1,0.1,3000,0,0,0,0,0,0,0,0,0,0,0,0,0,0,0,0,0,0,0,0,0,0,0,0,0,0,0,0,0,0,0,0,0,0,0,0,0,0,0,0,0,0,0,0,0,0,0,0,0,0,0
1989,238,19,23,42.448,2,8,0,-1,0,0,1,1,25,0,0,0,1028,0,0,0,0,0,1,1,0,0,0,246.3344087,0,0,0,0,3,1,1,1,100,0,0,0,3,1,1,0.1,3000,0,0,0,0,0,0,0,0,0,0,0,0,0,0,0,0,0,0,0,0,0,0,0,0,0,0,0,0,0,0,0,0,0,0,0,0,0,0,0,0,0,0,0,0,0,0,0,0,0,0,0
1989,238,19,24,5.368,2,8,0,-1,1,0,1,1,25,0,0,0,1028,0,0,0,0,0,1,1,0,0,0,246.3728166,0,0,0,0,3,1,1,1,100,0,0,0,3,1,1,0.1,3000,0,0,0,0,0,0,0,0,0,0,0,0,0,0,0,0,0,0,0,0,0,0,0,0,0,0,0,0,0,0,0,0,0,0,0,0,0,0,0,0,0,0,0,0,0,0,0,0,0,0,0
1989,238,19,25,18.448,2,8,0,-1,0,0,1,1,25,0,0,0,1028,0,0,0,0,0,1,1,0,0,0,246.4952788,0,0,0,0,3,1,1,1,100,0,0,0,3,1,1,0.1,3000,0,0,0,0,0,0,0,0,0,0,0,0,0,0,0,0,0,0,0,0,0,0,0,0,0,0,0,0,0,0,0,0,0,0,0,0,0,0,0,0,0,0,0,0,0,0,0,0,0,0,0
1989,238,19,25,41.368,2,8,0,-1,1,0,1,1,25,0,0,0,1028,0,0,0,0,0,1,1,0,0,0,246.5336864,0,0,0,0,3,1,1,1,100,0,0,0,3,1,1,0.1,3000,0,0,0,0,0,0,0,0,0,0,0,0,0,0,0,0,0,0,0,0,0,0,0,0,0,0,0,0,0,0,0,0,0,0,0,0,0,0,0,0,0,0,0,0,0,0,0,0,0,0,0
1989,238,19,26,54.448,2,8,0,-1,0,0,1,1,25,0,0,0,1028,0,0,0,0,0,1,1,0,0,0,246.6561478,0,0,0,0,3,1,1,1,100,0,0,0,3,1,1,0.1,3000,0,0,0,0,0,0,0,0,0,0,0,0,0,0,0,0,0,0,0,0,0,0,0,0,0,0,0,0,0,0,0,0,0,0,0,0,0,0,0,0,0,0,0,0,0,0,0,0,0,0,0
1989,238,19,27,17.368,2,8,0,-1,1,0,1,1,25,0,0,0,1028,0,0,0,0,0,1,1,0,0,0,246.6945543,0,0,0,0,3,1,1,1,100,0,0,0,3,1,1,0.1,3000,0,0,0,0,0,0,0,0,0,0,0,0,0,0,0,0,0,0,0,0,0,0,0,0,0,0,0,0,0,0,0,0,0,0,0,0,0,0,0,0,0,0,0,0,0,0,0,0,0,0,0
1989,238,19,30,54.447,2,8,0,-1,0,0,1,1,25,0,0,0,1028,0,0,0,0,0,1,1,0,0,0,247.0583141,0,0,0,0,3,1,1,1,100,0,0,0,3,1,1,0.1,3000,0,0,0,0,0,0,0,0,0,0,0,0,0,0,0,0,0,0,0,0,0,0,0,0,0,0,0,0,0,0,0,0,0,0,0,0,0,0,0,0,0,0,0,0,0,0,0,0,0,0,0
1989,238,19,31,17.367,2,8,0,-1,1,0,1,1,25,0,0,0,1028,0,0,0,0,0,1,1,0,0,0,247.09672,0,0,0,0,3,1,1,1,100,0,0,0,3,1,1,0.1,3000,0,0,0,0,0,0,0,0,0,0,0,0,0,0,0,0,0,0,0,0,0,0,0,0,0,0,0,0,0,0,0,0,0,0,0,0,0,0,0,0,0,0,0,0,0,0,0,0,0,0,0
1989,238,19,32,30.447,2,8,0,-1,0,0,1,1,25,0,0,0,1028,0,0,0,0,0,1,1,0,0,0,247.2191796,0,0,0,0,3,1,1,1,100,0,0,0,3,1,1,0.1,3000,0,0,0,0,0,0,0,0,0,0,0,0,0,0,0,0,0,0,0,0,0,0,0,0,0,0,0,0,0,0,0,0,0,0,0,0,0,0,0,0,0,0,0,0,0,0,0,0,0,0,0
1989,238,19,32,53.367,2,8,0,-1,1,0,1,1,25,0,0,0,1028,0,0,0,0,0,1,1,0,0,0,247.257586,0,0,0,0,3,1,1,1,100,0,0,0,3,1,1,0.1,3000,0,0,0,0,0,0,0,0,0,0,0,0,0,0,0,0,0,0,0,0,0,0,0,0,0,0,0,0,0,0,0,0,0,0,0,0,0,0,0,0,0,0,0,0,0,0,0,0,0,0,0
1989,238,19,34,6.447,2,8,0,-1,0,0,1,1,25,0,0,0,1028,0,0,0,0,0,1,1,0,0,0,247.380044,0,0,0,0,3,1,1,1,100,0,0,0,3,1,1,0.1,3000,0,0,0,0,0,0,0,0,0,0,0,0,0,0,0,0,0,0,0,0,0,0,0,0,0,0,0,0,0,0,0,0,0,0,0,0,0,0,0,0,0,0,0,0,0,0,0,0,0,0,0
1989,238,19,34,29.367,2,8,0,-1,1,0,1,1,25,0,0,0,1028,0,0,0,0,0,1,1,0,0,0,247.4184493,0,0,0,0,3,1,1,1,100,0,0,0,3,1,1,0.1,3000,0,0,0,0,0,0,0,0,0,0,0,0,0,0,0,0,0,0,0,0,0,0,0,0,0,0,0,0,0,0,0,0,0,0,0,0,0,0,0,0,0,0,0,0,0,0,0,0,0,0,0
1989,238,19,35,42.447,2,8,0,-1,0,0,1,1,25,0,0,0,1028,0,0,0,0,0,1,1,0,0,0,247.5409073,0,0,0,0,3,1,1,1,100,0,0,0,3,1,1,0.1,3000,0,0,0,0,0,0,0,0,0,0,0,0,0,0,0,0,0,0,0,0,0,0,0,0,0,0,0,0,0,0,0,0,0,0,0,0,0,0,0,0,0,0,0,0,0,0,0,0,0,0,0
1989,238,19,36,5.367,2,8,0,-1,1,0,1,1,25,0,0,0,1028,0,0,0,0,0,1,1,0,0,0,247.5793133,0,0,0,0,3,1,1,1,100,0,0,0,3,1,1,0.1,3000,0,0,0,0,0,0,0,0,0,0,0,0,0,0,0,0,0,0,0,0,0,0,0,0,0,0,0,0,0,0,0,0,0,0,0,0,0,0,0,0,0,0,0,0,0,0,0,0,0,0,0
1989,238,19,37,18.447,2,8,0,-1,0,0,1,1,25,0,0,0,1028,0,0,0,0,0,1,1,0,0,0,247.7017697,0,0,0,0,3,1,1,1,100,0,0,0,3,1,1,0.1,3000,0,0,0,0,0,0,0,0,0,0,0,0,0,0,0,0,0,0,0,0,0,0,0,0,0,0,0,0,0,0,0,0,0,0,0,0,0,0,0,0,0,0,0,0,0,0,0,0,0,0,0
1989,238,19,37,41.367,2,8,0,-1,1,0,1,1,25,0,0,0,1028,0,0,0,0,0,1,1,0,0,0,247.7401754,0,0,0,0,3,1,1,1,100,0,0,0,3,1,1,0.1,3000,0,0,0,0,0,0,0,0,0,0,0,0,0,0,0,0,0,0,0,0,0,0,0,0,0,0,0,0,0,0,0,0,0,0,0,0,0,0,0,0,0,0,0,0,0,0,0,0,0,0,0
1989,238,19,38,54.447,2,8,0,-1,0,0,1,1,25,0,0,0,1028,0,0,0,0,0,1,1,0,0,0,247.862631,0,0,0,0,3,1,1,1,100,0,0,0,3,1,1,0.1,3000,0,0,0,0,0,0,0,0,0,0,0,0,0,0,0,0,0,0,0,0,0,0,0,0,0,0,0,0,0,0,0,0,0,0,0,0,0,0,0,0,0,0,0,0,0,0,0,0,0,0,0
1989,238,19,39,17.367,2,8,0,-1,1,0,1,1,25,0,0,0,1028,0,0,0,0,0,1,1,0,0,0,247.9010356,0,0,0,0,3,1,1,1,100,0,0,0,3,1,1,0.1,3000,0,0,0,0,0,0,0,0,0,0,0,0,0,0,0,0,0,0,0,0,0,0,0,0,0,0,0,0,0,0,0,0,0,0,0,0,0,0,0,0,0,0,0,0,0,0,0,0,0,0,0
1989,238,19,42,54.446,2,8,0,-1,0,0,1,1,25,0,0,0,1028,0,0,0,0,0,1,1,0,0,0,248.2647781,0,0,0,0,3,1,1,1,100,0,0,0,3,1,1,0.1,3000,0,0,0,0,0,0,0,0,0,0,0,0,0,0,0,0,0,0,0,0,0,0,0,0,0,0,0,0,0,0,0,0,0,0,0,0,0,0,0,0,0,0,0,0,0,0,0,0,0,0,0
1989,238,19,43,17.365,2,8,0,-1,1,0,1,1,25,0,0,0,1028,0,0,0,0,0,1,1,0,0,0,248.3031822,0,0,0,0,3,1,1,1,100,0,0,0,3,1,1,0.1,3000,0,0,0,0,0,0,0,0,0,0,0,0,0,0,0,0,0,0,0,0,0,0,0,0,0,0,0,0,0,0,0,0,0,0,0,0,0,0,0,0,0,0,0,0,0,0,0,0,0,0,0
1989,238,19,44,30.445,2,8,0,-1,0,0,1,1,25,0,0,0,1028,0,0,0,0,0,1,1,0,0,0,248.4256351,0,0,0,0,3,1,1,1,100,0,0,0,3,1,1,0.1,3000,0,0,0,0,0,0,0,0,0,0,0,0,0,0,0,0,0,0,0,0,0,0,0,0,0,0,0,0,0,0,0,0,0,0,0,0,0,0,0,0,0,0,0,0,0,0,0,0,0,0,0
1989,238,19,44,53.366,2,8,0,-1,1,0,1,1,25,0,0,0,1028,0,0,0,0,0,1,1,0,0,0,248.4640405,0,0,0,0,3,1,1,1,100,0,0,0,3,1,1,0.1,3000,0,0,0,0,0,0,0,0,0,0,0,0,0,0,0,0,0,0,0,0,0,0,0,0,0,0,0,0,0,0,0,0,0,0,0,0,0,0,0,0,0,0,0,0,0,0,0,0,0,0,0
1989,238,19,46,6.446,2,8,0,-1,0,0,1,1,25,0,0,0,1028,0,0,0,0,0,1,1,0,0,0,248.5864926,0,0,0,0,3,1,1,1,100,0,0,0,3,1,1,0.1,3000,0,0,0,0,0,0,0,0,0,0,0,0,0,0,0,0,0,0,0,0,0,0,0,0,0,0,0,0,0,0,0,0,0,0,0,0,0,0,0,0,0,0,0,0,0,0,0,0,0,0,0
1989,238,19,46,29.365,2,8,0,-1,1,0,1,1,25,0,0,0,1028,0,0,0,0,0,1,1,0,0,0,248.6248962,0,0,0,0,3,1,1,1,100,0,0,0,3,1,1,0.1,3000,0,0,0,0,0,0,0,0,0,0,0,0,0,0,0,0,0,0,0,0,0,0,0,0,0,0,0,0,0,0,0,0,0,0,0,0,0,0,0,0,0,0,0,0,0,0,0,0,0,0,0
1989,238,19,47,42.445,2,8,0,-1,0,0,1,1,25,0,0,0,1028,0,0,0,0,0,1,1,0,0,0,248.7473475,0,0,0,0,3,1,1,1,100,0,0,0,3,1,1,0.1,3000,0,0,0,0,0,0,0,0,0,0,0,0,0,0,0,0,0,0,0,0,0,0,0,0,0,0,0,0,0,0,0,0,0,0,0,0,0,0,0,0,0,0,0,0,0,0,0,0,0,0,0
1989,238,19,48,5.366,2,8,0,-1,1,0,1,1,25,0,0,0,1028,0,0,0,0,0,1,1,0,0,0,248.7857525,0,0,0,0,3,1,1,1,100,0,0,0,3,1,1,0.1,3000,0,0,0,0,0,0,0,0,0,0,0,0,0,0,0,0,0,0,0,0,0,0,0,0,0,0,0,0,0,0,0,0,0,0,0,0,0,0,0,0,0,0,0,0,0,0,0,0,0,0,0
1989,238,19,49,18.446,2,8,0,-1,0,0,1,1,25,0,0,0,1028,0,0,0,0,0,1,1,0,0,0,248.9082031,0,0,0,0,3,1,1,1,100,0,0,0,3,1,1,0.1,3000,0,0,0,0,0,0,0,0,0,0,0,0,0,0,0,0,0,0,0,0,0,0,0,0,0,0,0,0,0,0,0,0,0,0,0,0,0,0,0,0,0,0,0,0,0,0,0,0,0,0,0
1989,238,19,49,41.366,2,8,0,-1,1,0,1,1,25,0,0,0,1028,0,0,0,0,0,1,1,0,0,0,248.946607,0,0,0,0,3,1,1,1,100,0,0,0,3,1,1,0.1,3000,0,0,0,0,0,0,0,0,0,0,0,0,0,0,0,0,0,0,0,0,0,0,0,0,0,0,0,0,0,0,0,0,0,0,0,0,0,0,0,0,0,0,0,0,0,0,0,0,0,0,0
1989,238,19,50,54.446,2,8,0,-1,0,0,1,1,25,0,0,0,1028,0,0,0,0,0,1,1,0,0,0,249.0690568,0,0,0,0,3,1,1,1,100,0,0,0,3,1,1,0.1,3000,0,0,0,0,0,0,0,0,0,0,0,0,0,0,0,0,0,0,0,0,0,0,0,0,0,0,0,0,0,0,0,0,0,0,0,0,0,0,0,0,0,0,0,0,0,0,0,0,0,0,0
1989,238,19,51,17.365,2,8,0,-1,1,0,1,1,25,0,0,0,1028,0,0,0,0,0,1,1,0,0,0,249.1074596,0,0,0,0,3,1,1,1,100,0,0,0,3,1,1,0.1,3000,0,0,0,0,0,0,0,0,0,0,0,0,0,0,0,0,0,0,0,0,0,0,0,0,0,0,0,0,0,0,0,0,0,0,0,0,0,0,0,0,0,0,0,0,0,0,0,0,0,0,0
1989,238,19,54,54.445,2,8,0,-1,0,0,1,1,25,0,0,0,1028,0,0,0,0,0,1,1,0,0,0,249.4711849,0,0,0,0,3,1,1,1,100,0,0,0,3,1,1,0.1,3000,0,0,0,0,0,0,0,0,0,0,0,0,0,0,0,0,0,0,0,0,0,0,0,0,0,0,0,0,0,0,0,0,0,0,0,0,0,0,0,0,0,0,0,0,0,0,0,0,0,0,0
1989,238,19,55,17.365,2,8,0,-1,1,0,1,1,25,0,0,0,1028,0,0,0,0,0,1,1,0,0,0,249.509588,0,0,0,0,3,1,1,1,100,0,0,0,3,1,1,0.1,3000,0,0,0,0,0,0,0,0,0,0,0,0,0,0,0,0,0,0,0,0,0,0,0,0,0,0,0,0,0,0,0,0,0,0,0,0,0,0,0,0,0,0,0,0,0,0,0,0,0,0,0
1989,238,19,56,30.445,2,8,0,-1,0,0,1,1,25,0,0,0,1028,0,0,0,0,0,1,1,0,0,0,249.6320351,0,0,0,0,3,1,1,1,100,0,0,0,3,1,1,0.1,3000,0,0,0,0,0,0,0,0,0,0,0,0,0,0,0,0,0,0,0,0,0,0,0,0,0,0,0,0,0,0,0,0,0,0,0,0,0,0,0,0,0,0,0,0,0,0,0,0,0,0,0
1989,238,19,56,53.365,2,8,0,-1,1,0,1,1,25,0,0,0,1028,0,0,0,0,0,1,1,0,0,0,249.6704379,0,0,0,0,3,1,1,1,100,0,0,0,3,1,1,0.1,3000,0,0,0,0,0,0,0,0,0,0,0,0,0,0,0,0,0,0,0,0,0,0,0,0,0,0,0,0,0,0,0,0,0,0,0,0,0,0,0,0,0,0,0,0,0,0,0,0,0,0,0
1989,238,19,58,6.445,2,8,0,-1,0,0,1,1,25,0,0,0,1028,0,0,0,0,0,1,1,0,0,0,249.7928843,0,0,0,0,3,1,1,1,100,0,0,0,3,1,1,0.1,3000,0,0,0,0,0,0,0,0,0,0,0,0,0,0,0,0,0,0,0,0,0,0,0,0,0,0,0,0,0,0,0,0,0,0,0,0,0,0,0,0,0,0,0,0,0,0,0,0,0,0,0
1989,238,19,58,29.365,2,8,0,-1,1,0,1,1,25,0,0,0,1028,0,0,0,0,0,1,1,0,0,0,249.8312869,0,0,0,0,3,1,1,1,100,0,0,0,3,1,1,0.1,3000,0,0,0,0,0,0,0,0,0,0,0,0,0,0,0,0,0,0,0,0,0,0,0,0,0,0,0,0,0,0,0,0,0,0,0,0,0,0,0,0,0,0,0,0,0,0,0,0,0,0,0
1989,238,19,59,42.445,2,8,0,-1,0,0,1,1,25,0,0,0,1028,0,0,0,0,0,1,1,0,0,0,249.9537324,0,0,0,0,3,1,1,1,100,0,0,0,3,1,1,0.1,3000,0,0,0,0,0,0,0,0,0,0,0,0,0,0,0,0,0,0,0,0,0,0,0,0,0,0,0,0,0,0,0,0,0,0,0,0,0,0,0,0,0,0,0,0,0,0,0,0,0,0,0
1989,238,20,0,5.365,2,8,0,-1,1,0,1,1,25,0,0,0,1028,0,0,0,0,0,1,1,0,0,0,249.9921348,0,0,0,0,3,1,1,1,100,0,0,0,3,1,1,0.1,3000,0,0,0,0,0,0,0,0,0,0,0,0,0,0,0,0,0,0,0,0,0,0,0,0,0,0,0,0,0,0,0,0,0,0,0,0,0,0,0,0,0,0,0,0,0,0,0,0,0,0,0
1989,238,20,1,18.445,2,8,0,-1,0,0,1,1,25,0,0,0,1028,0,0,0,0,0,1,1,0,0,0,250.1145796,0,0,0,0,3,1,1,1,100,0,0,0,3,1,1,0.1,3000,0,0,0,0,0,0,0,0,0,0,0,0,0,0,0,0,0,0,0,0,0,0,0,0,0,0,0,0,0,0,0,0,0,0,0,0,0,0,0,0,0,0,0,0,0,0,0,0,0,0,0
1989,238,20,1,41.365,2,8,0,-1,1,0,1,1,25,0,0,0,1028,0,0,0,0,0,1,1,0,0,0,250.1529817,0,0,0,0,3,1,1,1,100,0,0,0,3,1,1,0.1,3000,0,0,0,0,0,0,0,0,0,0,0,0,0,0,0,0,0,0,0,0,0,0,0,0,0,0,0,0,0,0,0,0,0,0,0,0,0,0,0,0,0,0,0,0,0,0,0,0,0,0,0
1989,238,20,2,54.445,2,8,0,-1,0,0,1,1,25,0,0,0,1028,0,0,0,0,0,1,1,0,0,0,250.2754257,0,0,0,0,3,1,1,1,100,0,0,0,3,1,1,0.1,3000,0,0,0,0,0,0,0,0,0,0,0,0,0,0,0,0,0,0,0,0,0,0,0,0,0,0,0,0,0,0,0,0,0,0,0,0,0,0,0,0,0,0,0,0,0,0,0,0,0,0,0
1989,238,20,3,17.365,2,8,0,-1,1,0,1,1,25,0,0,0,1028,0,0,0,0,0,1,1,0,0,0,250.3138276,0,0,0,0,3,1,1,1,100,0,0,0,3,1,1,0.1,3000,0,0,0,0,0,0,0,0,0,0,0,0,0,0,0,0,0,0,0,0,0,0,0,0,0,0,0,0,0,0,0,0,0,0,0,0,0,0,0,0,0,0,0,0,0,0,0,0,0,0,0
1989,238,20,6,54.444,2,8,0,-1,0,0,1,1,25,0,0,0,1028,0,0,0,0,0,1,1,0,0,0,250.6775351,0,0,0,0,3,1,1,1,100,0,0,0,3,1,1,0.1,3000,0,0,0,0,0,0,0,0,0,0,0,0,0,0,0,0,0,0,0,0,0,0,0,0,0,0,0,0,0,0,0,0,0,0,0,0,0,0,0,0,0,0,0,0,0,0,0,0,0,0,0
1989,238,20,7,17.364,2,8,0,-1,1,0,1,1,25,0,0,0,1028,0,0,0,0,0,1,1,0,0,0,250.7159364,0,0,0,0,3,1,1,1,100,0,0,0,3,1,1,0.1,3000,0,0,0,0,0,0,0,0,0,0,0,0,0,0,0,0,0,0,0,0,0,0,0,0,0,0,0,0,0,0,0,0,0,0,0,0,0,0,0,0,0,0,0,0,0,0,0,0,0,0,0
1989,238,20,8,30.444,2,8,0,-1,0,0,1,1,25,0,0,0,1028,0,0,0,0,0,1,1,0,0,0,250.8383777,0,0,0,0,3,1,1,1,100,0,0,0,3,1,1,0.1,3000,0,0,0,0,0,0,0,0,0,0,0,0,0,0,0,0,0,0,0,0,0,0,0,0,0,0,0,0,0,0,0,0,0,0,0,0,0,0,0,0,0,0,0,0,0,0,0,0,0,0,0
1989,238,20,8,53.364,2,8,0,-1,1,0,1,1,25,0,0,0,1028,0,0,0,0,0,1,1,0,0,0,250.8767788,0,0,0,0,3,1,1,1,100,0,0,0,3,1,1,0.1,3000,0,0,0,0,0,0,0,0,0,0,0,0,0,0,0,0,0,0,0,0,0,0,0,0,0,0,0,0,0,0,0,0,0,0,0,0,0,0,0,0,0,0,0,0,0,0,0,0,0,0,0
1989,238,20,10,6.444,2,8,0,-1,0,0,1,1,25,0,0,0,1028,0,0,0,0,0,1,1,0,0,0,250.9992194,0,0,0,0,3,1,1,1,100,0,0,0,3,1,1,0.1,3000,0,0,0,0,0,0,0,0,0,0,0,0,0,0,0,0,0,0,0,0,0,0,0,0,0,0,0,0,0,0,0,0,0,0,0,0,0,0,0,0,0,0,0,0,0,0,0,0,0,0,0
1989,238,20,10,29.364,2,8,0,-1,1,0,1,1,25,0,0,0,1028,0,0,0,0,0,1,1,0,0,0,251.0376202,0,0,0,0,3,1,1,1,100,0,0,0,3,1,1,0.1,3000,0,0,0,0,0,0,0,0,0,0,0,0,0,0,0,0,0,0,0,0,0,0,0,0,0,0,0,0,0,0,0,0,0,0,0,0,0,0,0,0,0,0,0,0,0,0,0,0,0,0,0
1989,238,20,11,42.444,2,8,0,-1,0,0,1,1,25,0,0,0,1028,0,0,0,0,0,1,1,0,0,0,251.1600601,0,0,0,0,3,1,1,1,100,0,0,0,3,1,1,0.1,3000,0,0,0,0,0,0,0,0,0,0,0,0,0,0,0,0,0,0,0,0,0,0,0,0,0,0,0,0,0,0,0,0,0,0,0,0,0,0,0,0,0,0,0,0,0,0,0,0,0,0,0
1989,238,20,12,5.364,2,8,0,-1,1,0,1,1,25,0,0,0,1028,0,0,0,0,0,1,1,0,0,0,251.1984606,0,0,0,0,3,1,1,1,100,0,0,0,3,1,1,0.1,3000,0,0,0,0,0,0,0,0,0,0,0,0,0,0,0,0,0,0,0,0,0,0,0,0,0,0,0,0,0,0,0,0,0,0,0,0,0,0,0,0,0,0,0,0,0,0,0,0,0,0,0
1989,238,20,13,18.444,2,8,0,-1,0,0,1,1,25,0,0,0,1028,0,0,0,0,0,1,1,0,0,0,251.3208998,0,0,0,0,3,1,1,1,100,0,0,0,3,1,1,0.1,3000,0,0,0,0,0,0,0,0,0,0,0,0,0,0,0,0,0,0,0,0,0,0,0,0,0,0,0,0,0,0,0,0,0,0,0,0,0,0,0,0,0,0,0,0,0,0,0,0,0,0,0
1989,238,20,13,41.364,2,8,0,-1,1,0,1,1,25,0,0,0,1028,0,0,0,0,0,1,1,0,0,0,251.3593001,0,0,0,0,3,1,1,1,100,0,0,0,3,1,1,0.1,3000,0,0,0,0,0,0,0,0,0,0,0,0,0,0,0,0,0,0,0,0,0,0,0,0,0,0,0,0,0,0,0,0,0,0,0,0,0,0,0,0,0,0,0,0,0,0,0,0,0,0,0
1989,238,20,14,54.444,2,8,0,-1,0,0,1,1,25,0,0,0,1028,0,0,0,0,0,1,1,0,0,0,251.4817384,0,0,0,0,3,1,1,1,100,0,0,0,3,1,1,0.1,3000,0,0,0,0,0,0,0,0,0,0,0,0,0,0,0,0,0,0,0,0,0,0,0,0,0,0,0,0,0,0,0,0,0,0,0,0,0,0,0,0,0,0,0,0,0,0,0,0,0,0,0
1989,238,20,15,17.364,2,8,0,-1,1,0,1,1,25,0,0,0,1028,0,0,0,0,0,1,1,0,0,0,251.5201385,0,0,0,0,3,1,1,1,100,0,0,0,3,1,1,0.1,3000,0,0,0,0,0,0,0,0,0,0,0,0,0,0,0,0,0,0,0,0,0,0,0,0,0,0,0,0,0,0,0,0,0,0,0,0,0,0,0,0,0,0,0,0,0,0,0,0,0,0,0
1989,238,20,18,54.443,2,8,0,-1,0,0,1,1,25,0,0,0,1028,0,0,0,0,0,1,1,0,0,0,251.88383,0,0,0,0,3,1,1,1,100,0,0,0,3,1,1,0.1,3000,0,0,0,0,0,0,0,0,0,0,0,0,0,0,0,0,0,0,0,0,0,0,0,0,0,0,0,0,0,0,0,0,0,0,0,0,0,0,0,0,0,0,0,0,0,0,0,0,0,0,0
1989,238,20,19,17.363,2,8,0,-1,1,0,1,1,25,0,0,0,1028,0,0,0,0,0,1,1,0,0,0,251.9222295,0,0,0,0,3,1,1,1,100,0,0,0,3,1,1,0.1,3000,0,0,0,0,0,0,0,0,0,0,0,0,0,0,0,0,0,0,0,0,0,0,0,0,0,0,0,0,0,0,0,0,0,0,0,0,0,0,0,0,0,0,0,0,0,0,0,0,0,0,0
1989,238,20,20,30.443,2,8,0,-1,0,0,1,1,25,0,0,0,1028,0,0,0,0,0,1,1,0,0,0,252.0446644,0,0,0,0,3,1,1,1,100,0,0,0,3,1,1,0.1,3000,0,0,0,0,0,0,0,0,0,0,0,0,0,0,0,0,0,0,0,0,0,0,0,0,0,0,0,0,0,0,0,0,0,0,0,0,0,0,0,0,0,0,0,0,0,0,0,0,0,0,0
1989,238,20,20,53.363,2,8,0,-1,1,0,1,1,25,0,0,0,1028,0,0,0,0,0,1,1,0,0,0,252.0830636,0,0,0,0,3,1,1,1,100,0,0,0,3,1,1,0.1,3000,0,0,0,0,0,0,0,0,0,0,0,0,0,0,0,0,0,0,0,0,0,0,0,0,0,0,0,0,0,0,0,0,0,0,0,0,0,0,0,0,0,0,0,0,0,0,0,0,0,0,0
1989,238,20,22,6.443,2,8,0,-1,0,0,1,1,25,0,0,0,1028,0,0,0,0,0,1,1,0,0,0,252.2054986,0,0,0,0,3,1,1,1,100,0,0,0,3,1,1,0.1,3000,0,0,0,0,0,0,0,0,0,0,0,0,0,0,0,0,0,0,0,0,0,0,0,0,0,0,0,0,0,0,0,0,0,0,0,0,0,0,0,0,0,0,0,0,0,0,0,0,0,0,0
1989,238,20,22,29.363,2,8,0,-1,1,0,1,1,25,0,0,0,1028,0,0,0,0,0,1,1,0,0,0,252.2438976,0,0,0,0,3,1,1,1,100,0,0,0,3,1,1,0.1,3000,0,0,0,0,0,0,0,0,0,0,0,0,0,0,0,0,0,0,0,0,0,0,0,0,0,0,0,0,0,0,0,0,0,0,0,0,0,0,0,0,0,0,0,0,0,0,0,0,0,0,0
1989,238,20,23,42.443,2,8,0,-1,0,0,1,1,25,0,0,0,1028,0,0,0,0,0,1,1,0,0,0,252.3663319,0,0,0,0,3,1,1,1,100,0,0,0,3,1,1,0.1,3000,0,0,0,0,0,0,0,0,0,0,0,0,0,0,0,0,0,0,0,0,0,0,0,0,0,0,0,0,0,0,0,0,0,0,0,0,0,0,0,0,0,0,0,0,0,0,0,0,0,0,0
1989,238,20,24,5.363,2,8,0,-1,1,0,1,1,25,0,0,0,1028,0,0,0,0,0,1,1,0,0,0,252.4047306,0,0,0,0,3,1,1,1,100,0,0,0,3,1,1,0.1,3000,0,0,0,0,0,0,0,0,0,0,0,0,0,0,0,0,0,0,0,0,0,0,0,0,0,0,0,0,0,0,0,0,0,0,0,0,0,0,0,0,0,0,0,0,0,0,0,0,0,0,0
1989,238,20,25,18.443,2,8,0,-1,0,0,1,1,25,0,0,0,1028,0,0,0,0,0,1,1,0,0,0,252.5271641,0,0,0,0,3,1,1,1,100,0,0,0,3,1,1,0.1,3000,0,0,0,0,0,0,0,0,0,0,0,0,0,0,0,0,0,0,0,0,0,0,0,0,0,0,0,0,0,0,0,0,0,0,0,0,0,0,0,0,0,0,0,0,0,0,0,0,0,0,0
1989,238,20,25,41.363,2,8,0,-1,1,0,1,1,25,0,0,0,1028,0,0,0,0,0,1,1,0,0,0,252.5655627,0,0,0,0,3,1,1,1,100,0,0,0,3,1,1,0.1,3000,0,0,0,0,0,0,0,0,0,0,0,0,0,0,0,0,0,0,0,0,0,0,0,0,0,0,0,0,0,0,0,0,0,0,0,0,0,0,0,0,0,0,0,0,0,0,0,0,0,0,0
1989,238,20,26,54.443,2,8,0,-1,0,0,1,1,25,0,0,0,1028,0,0,0,0,0,1,1,0,0,0,252.6879954,0,0,0,0,3,1,1,1,100,0,0,0,3,1,1,0.1,3000,0,0,0,0,0,0,0,0,0,0,0,0,0,0,0,0,0,0,0,0,0,0,0,0,0,0,0,0,0,0,0,0,0,0,0,0,0,0,0,0,0,0,0,0,0,0,0,0,0,0,0
1989,238,20,27,17.363,2,8,0,-1,1,0,1,1,25,0,0,0,1028,0,0,0,0,0,1,1,0,0,0,252.7263937,0,0,0,0,3,1,1,1,100,0,0,0,3,1,1,0.1,3000,0,0,0,0,0,0,0,0,0,0,0,0,0,0,0,0,0,0,0,0,0,0,0,0,0,0,0,0,0,0,0,0,0,0,0,0,0,0,0,0,0,0,0,0,0,0,0,0,0,0,0
1989,238,20,30,54.443,2,8,0,-1,0,0,1,1,25,0,0,0,1028,0,0,0,0,0,1,1,0,0,0,253.0900693,0,0,0,0,3,1,1,1,100,0,0,0,3,1,1,0.1,3000,0,0,0,0,0,0,0,0,0,0,0,0,0,0,0,0,0,0,0,0,0,0,0,0,0,0,0,0,0,0,0,0,0,0,0,0,0,0,0,0,0,0,0,0,0,0,0,0,0,0,0
1989,238,20,31,17.363,2,8,0,-1,1,0,1,1,25,0,0,0,1028,0,0,0,0,0,1,1,0,0,0,253.1284671,0,0,0,0,3,1,1,1,100,0,0,0,3,1,1,0.1,3000,0,0,0,0,0,0,0,0,0,0,0,0,0,0,0,0,0,0,0,0,0,0,0,0,0,0,0,0,0,0,0,0,0,0,0,0,0,0,0,0,0,0,0,0,0,0,0,0,0,0,0
1989,238,20,32,30.442,2,8,0,-1,0,0,1,1,25,0,0,0,1028,0,0,0,0,0,1,1,0,0,0,253.2508955,0,0,0,0,3,1,1,1,100,0,0,0,3,1,1,0.1,3000,0,0,0,0,0,0,0,0,0,0,0,0,0,0,0,0,0,0,0,0,0,0,0,0,0,0,0,0,0,0,0,0,0,0,0,0,0,0,0,0,0,0,0,0,0,0,0,0,0,0,0
1989,238,20,32,53.361,2,8,0,-1,1,0,1,1,25,0,0,0,1028,0,0,0,0,0,1,1,0,0,0,253.2892922,0,0,0,0,3,1,1,1,100,0,0,0,3,1,1,0.1,3000,0,0,0,0,0,0,0,0,0,0,0,0,0,0,0,0,0,0,0,0,0,0,0,0,0,0,0,0,0,0,0,0,0,0,0,0,0,0,0,0,0,0,0,0,0,0,0,0,0,0,0
1989,238,20,34,6.442,2,8,0,-1,0,0,1,1,25,0,0,0,1028,0,0,0,0,0,1,1,0,0,0,253.4117224,0,0,0,0,3,1,1,1,100,0,0,0,3,1,1,0.1,3000,0,0,0,0,0,0,0,0,0,0,0,0,0,0,0,0,0,0,0,0,0,0,0,0,0,0,0,0,0,0,0,0,0,0,0,0,0,0,0,0,0,0,0,0,0,0,0,0,0,0,0
1989,238,20,34,29.361,2,8,0,-1,1,0,1,1,25,0,0,0,1028,0,0,0,0,0,1,1,0,0,0,253.4501188,0,0,0,0,3,1,1,1,100,0,0,0,3,1,1,0.1,3000,0,0,0,0,0,0,0,0,0,0,0,0,0,0,0,0,0,0,0,0,0,0,0,0,0,0,0,0,0,0,0,0,0,0,0,0,0,0,0,0,0,0,0,0,0,0,0,0,0,0,0
1989,238,20,35,42.442,2,8,0,-1,0,0,1,1,25,0,0,0,1028,0,0,0,0,0,1,1,0,0,0,253.5725483,0,0,0,0,3,1,1,1,100,0,0,0,3,1,1,0.1,3000,0,0,0,0,0,0,0,0,0,0,0,0,0,0,0,0,0,0,0,0,0,0,0,0,0,0,0,0,0,0,0,0,0,0,0,0,0,0,0,0,0,0,0,0,0,0,0,0,0,0,0
1989,238,20,36,5.362,2,8,0,-1,1,0,1,1,25,0,0,0,1028,0,0,0,0,0,1,1,0,0,0,253.6109453,0,0,0,0,3,1,1,1,100,0,0,0,3,1,1,0.1,3000,0,0,0,0,0,0,0,0,0,0,0,0,0,0,0,0,0,0,0,0,0,0,0,0,0,0,0,0,0,0,0,0,0,0,0,0,0,0,0,0,0,0,0,0,0,0,0,0,0,0,0
1989,238,20,37,18.442,2,8,0,-1,0,0,1,1,25,0,0,0,1028,0,0,0,0,0,1,1,0,0,0,253.7333732,0,0,0,0,3,1,1,1,100,0,0,0,3,1,1,0.1,3000,0,0,0,0,0,0,0,0,0,0,0,0,0,0,0,0,0,0,0,0,0,0,0,0,0,0,0,0,0,0,0,0,0,0,0,0,0,0,0,0,0,0,0,0,0,0,0,0,0,0,0
1989,238,20,37,41.361,2,8,0,-1,1,0,1,1,25,0,0,0,1028,0,0,0,0,0,1,1,0,0,0,253.7717684,0,0,0,0,3,1,1,1,100,0,0,0,3,1,1,0.1,3000,0,0,0,0,0,0,0,0,0,0,0,0,0,0,0,0,0,0,0,0,0,0,0,0,0,0,0,0,0,0,0,0,0,0,0,0,0,0,0,0,0,0,0,0,0,0,0,0,0,0,0
1989,238,20,38,54.442,2,8,0,-1,0,0,1,1,25,0,0,0,1028,0,0,0,0,0,1,1,0,0,0,253.8941972,0,0,0,0,3,1,1,1,100,0,0,0,3,1,1,0.1,3000,0,0,0,0,0,0,0,0,0,0,0,0,0,0,0,0,0,0,0,0,0,0,0,0,0,0,0,0,0,0,0,0,0,0,0,0,0,0,0,0,0,0,0,0,0,0,0,0,0,0,0
1989,238,20,39,17.362,2,8,0,-1,1,0,1,1,25,0,0,0,1028,0,0,0,0,0,1,1,0,0,0,253.9325938,0,0,0,0,3,1,1,1,100,0,0,0,3,1,1,0.1,3000,0,0,0,0,0,0,0,0,0,0,0,0,0,0,0,0,0,0,0,0,0,0,0,0,0,0,0,0,0,0,0,0,0,0,0,0,0,0,0,0,0,0,0,0,0,0,0,0,0,0,0
1989,238,20,46,6.441,2,8,0,-1,0,0,1,1,25,0,0,0,1028,0,0,0,0,0,1,1,0,0,0,254.6178913,0,0,0,0,3,1,1,1,100,0,0,0,3,1,1,0.1,3000,0,0,0,0,0,0,0,0,0,0,0,0,0,0,0,0,0,0,0,0,0,0,0,0,0,0,0,0,0,0,0,0,0,0,0,0,0,0,0,0,0,0,0,0,0,0,0,0,0,0,0
1989,238,20,46,29.36,2,8,0,-1,1,0,1,1,25,0,0,0,1028,0,0,0,0,0,1,1,0,0,0,254.6562852,0,0,0,0,3,1,1,1,100,0,0,0,3,1,1,0.1,3000,0,0,0,0,0,0,0,0,0,0,0,0,0,0,0,0,0,0,0,0,0,0,0,0,0,0,0,0,0,0,0,0,0,0,0,0,0,0,0,0,0,0,0,0,0,0,0,0,0,0,0
1989,238,20,47,42.441,2,8,0,-1,0,0,1,1,25,0,0,0,1028,0,0,0,0,0,1,1,0,0,0,254.7787099,0,0,0,0,3,1,1,1,100,0,0,0,3,1,1,0.1,3000,0,0,0,0,0,0,0,0,0,0,0,0,0,0,0,0,0,0,0,0,0,0,0,0,0,0,0,0,0,0,0,0,0,0,0,0,0,0,0,0,0,0,0,0,0,0,0,0,0,0,0
1989,238,20,48,5.361,2,8,0,-1,1,0,1,1,25,0,0,0,1028,0,0,0,0,0,1,1,0,0,0,254.8171052,0,0,0,0,3,1,1,1,100,0,0,0,3,1,1,0.1,3000,0,0,0,0,0,0,0,0,0,0,0,0,0,0,0,0,0,0,0,0,0,0,0,0,0,0,0,0,0,0,0,0,0,0,0,0,0,0,0,0,0,0,0,0,0,0,0,0,0,0,0
1989,238,20,49,18.441,2,8,0,-1,0,0,1,1,25,0,0,0,1028,0,0,0,0,0,1,1,0,0,0,254.9395276,0,0,0,0,3,1,1,1,100,0,0,0,3,1,1,0.1,3000,0,0,0,0,0,0,0,0,0,0,0,0,0,0,0,0,0,0,0,0,0,0,0,0,0,0,0,0,0,0,0,0,0,0,0,0,0,0,0,0,0,0,0,0,0,0,0,0,0,0,0
1989,238,20,49,41.36,2,8,0,-1,1,0,1,1,25,0,0,0,1028,0,0,0,0,0,1,1,0,0,0,254.977921,0,0,0,0,3,1,1,1,100,0,0,0,3,1,1,0.1,3000,0,0,0,0,0,0,0,0,0,0,0,0,0,0,0,0,0,0,0,0,0,0,0,0,0,0,0,0,0,0,0,0,0,0,0,0,0,0,0,0,0,0,0,0,0,0,0,0,0,0,0
1989,238,20,50,54.441,2,8,0,-1,0,0,1,1,25,0,0,0,1028,0,0,0,0,0,1,1,0,0,0,255.1003443,0,0,0,0,3,1,1,1,100,0,0,0,3,1,1,0.1,3000,0,0,0,0,0,0,0,0,0,0,0,0,0,0,0,0,0,0,0,0,0,0,0,0,0,0,0,0,0,0,0,0,0,0,0,0,0,0,0,0,0,0,0,0,0,0,0,0,0,0,0
1989,238,20,51,17.36,2,8,0,-1,1,0,1,1,25,0,0,0,1028,0,0,0,0,0,1,1,0,0,0,255.1387383,0,0,0,0,3,1,1,1,100,0,0,0,3,1,1,0.1,3000,0,0,0,0,0,0,0,0,0,0,0,0,0,0,0,0,0,0,0,0,0,0,0,0,0,0,0,0,0,0,0,0,0,0,0,0,0,0,0,0,0,0,0,0,0,0,0,0,0,0,0
1989,238,20,54,54.441,2,8,0,-1,0,0,1,1,25,0,0,0,1028,0,0,0,0,0,1,1,0,0,0,255.5023818,0,0,0,0,3,1,1,1,100,0,0,0,3,1,1,0.1,3000,0,0,0,0,0,0,0,0,0,0,0,0,0,0,0,0,0,0,0,0,0,0,0,0,0,0,0,0,0,0,0,0,0,0,0,0,0,0,0,0,0,0,0,0,0,0,0,0,0,0,0
1989,238,20,55,17.36,2,8,0,-1,1,0,1,1,25,0,0,0,1028,0,0,0,0,0,1,1,0,0,0,255.5407753,0,0,0,0,3,1,1,1,100,0,0,0,3,1,1,0.1,3000,0,0,0,0,0,0,0,0,0,0,0,0,0,0,0,0,0,0,0,0,0,0,0,0,0,0,0,0,0,0,0,0,0,0,0,0,0,0,0,0,0,0,0,0,0,0,0,0,0,0,0
1989,238,20,56,30.441,2,8,0,-1,0,0,1,1,25,0,0,0,1028,0,0,0,0,0,1,1,0,0,0,255.6631952,0,0,0,0,3,1,1,1,100,0,0,0,3,1,1,0.1,3000,0,0,0,0,0,0,0,0,0,0,0,0,0,0,0,0,0,0,0,0,0,0,0,0,0,0,0,0,0,0,0,0,0,0,0,0,0,0,0,0,0,0,0,0,0,0,0,0,0,0,0
1989,238,20,56,53.361,2,8,0,-1,1,0,1,1,25,0,0,0,1028,0,0,0,0,0,1,1,0,0,0,255.7015884,0,0,0,0,3,1,1,1,100,0,0,0,3,1,1,0.1,3000,0,0,0,0,0,0,0,0,0,0,0,0,0,0,0,0,0,0,0,0,0,0,0,0,0,0,0,0,0,0,0,0,0,0,0,0,0,0,0,0,0,0,0,0,0,0,0,0,0,0,0
1989,238,20,58,6.44,2,8,0,-1,0,0,1,1,25,0,0,0,1028,0,0,0,0,0,1,1,0,0,0,255.8240067,0,0,0,0,3,1,1,1,100,0,0,0,3,1,1,0.1,3000,0,0,0,0,0,0,0,0,0,0,0,0,0,0,0,0,0,0,0,0,0,0,0,0,0,0,0,0,0,0,0,0,0,0,0,0,0,0,0,0,0,0,0,0,0,0,0,0,0,0,0
1989,238,20,58,29.359,2,8,0,-1,1,0,1,1,25,0,0,0,1028,0,0,0,0,0,1,1,0,0,0,255.8623988,0,0,0,0,3,1,1,1,100,0,0,0,3,1,1,0.1,3000,0,0,0,0,0,0,0,0,0,0,0,0,0,0,0,0,0,0,0,0,0,0,0,0,0,0,0,0,0,0,0,0,0,0,0,0,0,0,0,0,0,0,0,0,0,0,0,0,0,0,0
1989,238,20,59,42.44,2,8,0,-1,0,0,1,1,25,0,0,0,1028,0,0,0,0,0,1,1,0,0,0,255.9848173,0,0,0,0,3,1,1,1,100,0,0,0,3,1,1,0.1,3000,0,0,0,0,0,0,0,0,0,0,0,0,0,0,0,0,0,0,0,0,0,0,0,0,0,0,0,0,0,0,0,0,0,0,0,0,0,0,0,0,0,0,0,0,0,0,0,0,0,0,0
1989,238,21,0,5.36,2,8,0,-1,1,0,1,1,25,0,0,0,1028,0,0,0,0,0,1,1,0,0,0,256.0232109,0,0,0,0,3,1,1,1,100,0,0,0,3,1,1,0.1,3000,0,0,0,0,0,0,0,0,0,0,0,0,0,0,0,0,0,0,0,0,0,0,0,0,0,0,0,0,0,0,0,0,0,0,0,0,0,0,0,0,0,0,0,0,0,0,0,0,0,0,0
1989,238,21,1,18.44,2,8,0,-1,0,0,1,1,25,0,0,0,1028,0,0,0,0,0,1,1,0,0,0,256.1456277,0,0,0,0,3,1,1,1,100,0,0,0,3,1,1,0.1,3000,0,0,0,0,0,0,0,0,0,0,0,0,0,0,0,0,0,0,0,0,0,0,0,0,0,0,0,0,0,0,0,0,0,0,0,0,0,0,0,0,0,0,0,0,0,0,0,0,0,0,0
1989,238,21,1,41.359,2,8,0,-1,1,0,1,1,25,0,0,0,1028,0,0,0,0,0,1,1,0,0,0,256.1840194,0,0,0,0,3,1,1,1,100,0,0,0,3,1,1,0.1,3000,0,0,0,0,0,0,0,0,0,0,0,0,0,0,0,0,0,0,0,0,0,0,0,0,0,0,0,0,0,0,0,0,0,0,0,0,0,0,0,0,0,0,0,0,0,0,0,0,0,0,0
1989,238,21,2,54.44,2,8,0,-1,0,0,1,1,25,0,0,0,1028,0,0,0,0,0,1,1,0,0,0,256.3064373,0,0,0,0,3,1,1,1,100,0,0,0,3,1,1,0.1,3000,0,0,0,0,0,0,0,0,0,0,0,0,0,0,0,0,0,0,0,0,0,0,0,0,0,0,0,0,0,0,0,0,0,0,0,0,0,0,0,0,0,0,0,0,0,0,0,0,0,0,0
1989,238,21,3,17.359,2,8,0,-1,1,0,1,1,25,0,0,0,1028,0,0,0,0,0,1,1,0,0,0,256.3448295,0,0,0,0,3,1,1,1,100,0,0,0,3,1,1,0.1,3000,0,0,0,0,0,0,0,0,0,0,0,0,0,0,0,0,0,0,0,0,0,0,0,0,0,0,0,0,0,0,0,0,0,0,0,0,0,0,0,0,0,0,0,0,0,0,0,0,0,0,0
1989,238,21,6,54.44,2,8,0,-1,0,0,1,1,25,0,0,0,1028,0,0,0,0,0,1,1,0,0,0,256.7084569,0,0,0,0,3,1,1,1,100,0,0,0,3,1,1,0.1,3000,0,0,0,0,0,0,0,0,0,0,0,0,0,0,0,0,0,0,0,0,0,0,0,0,0,0,0,0,0,0,0,0,0,0,0,0,0,0,0,0,0,0,0,0,0,0,0,0,0,0,0
1989,238,21,7,17.359,2,8,0,-1,1,0,1,1,25,0,0,0,1028,0,0,0,0,0,1,1,0,0,0,256.7468486,0,0,0,0,3,1,1,1,100,0,0,0,3,1,1,0.1,3000,0,0,0,0,0,0,0,0,0,0,0,0,0,0,0,0,0,0,0,0,0,0,0,0,0,0,0,0,0,0,0,0,0,0,0,0,0,0,0,0,0,0,0,0,0,0,0,0,0,0,0
1989,238,21,8,30.44,2,8,0,-1,0,0,1,1,25,0,0,0,1028,0,0,0,0,0,1,1,0,0,0,256.869263,0,0,0,0,3,1,1,1,100,0,0,0,3,1,1,0.1,3000,0,0,0,0,0,0,0,0,0,0,0,0,0,0,0,0,0,0,0,0,0,0,0,0,0,0,0,0,0,0,0,0,0,0,0,0,0,0,0,0,0,0,0,0,0,0,0,0,0,0,0
1989,238,21,8,53.359,2,8,0,-1,1,0,1,1,25,0,0,0,1028,0,0,0,0,0,1,1,0,0,0,256.9076545,0,0,0,0,3,1,1,1,100,0,0,0,3,1,1,0.1,3000,0,0,0,0,0,0,0,0,0,0,0,0,0,0,0,0,0,0,0,0,0,0,0,0,0,0,0,0,0,0,0,0,0,0,0,0,0,0,0,0,0,0,0,0,0,0,0,0,0,0,0
1989,238,21,10,6.44,2,8,0,-1,0,0,1,1,25,0,0,0,1028,0,0,0,0,0,1,1,0,0,0,257.0300683,0,0,0,0,3,1,1,1,100,0,0,0,3,1,1,0.1,3000,0,0,0,0,0,0,0,0,0,0,0,0,0,0,0,0,0,0,0,0,0,0,0,0,0,0,0,0,0,0,0,0,0,0,0,0,0,0,0,0,0,0,0,0,0,0,0,0,0,0,0
1989,238,21,10,29.359,2,8,0,-1,1,0,1,1,25,0,0,0,1028,0,0,0,0,0,1,1,0,0,0,257.0684587,0,0,0,0,3,1,1,1,100,0,0,0,3,1,1,0.1,3000,0,0,0,0,0,0,0,0,0,0,0,0,0,0,0,0,0,0,0,0,0,0,0,0,0,0,0,0,0,0,0,0,0,0,0,0,0,0,0,0,0,0,0,0,0,0,0,0,0,0,0
1989,238,21,11,42.439,2,8,0,-1,0,0,1,1,25,0,0,0,1028,0,0,0,0,0,1,1,0,0,0,257.1908709,0,0,0,0,3,1,1,1,100,0,0,0,3,1,1,0.1,3000,0,0,0,0,0,0,0,0,0,0,0,0,0,0,0,0,0,0,0,0,0,0,0,0,0,0,0,0,0,0,0,0,0,0,0,0,0,0,0,0,0,0,0,0,0,0,0,0,0,0,0
1989,238,21,12,5.359,2,8,0,-1,1,0,1,1,25,0,0,0,1028,0,0,0,0,0,1,1,0,0,0,257.2292627,0,0,0,0,3,1,1,1,100,0,0,0,3,1,1,0.1,3000,0,0,0,0,0,0,0,0,0,0,0,0,0,0,0,0,0,0,0,0,0,0,0,0,0,0,0,0,0,0,0,0,0,0,0,0,0,0,0,0,0,0,0,0,0,0,0,0,0,0,0
1989,238,21,13,18.439,2,8,0,-1,0,0,1,1,25,0,0,0,1028,0,0,0,0,0,1,1,0,0,0,257.3516742,0,0,0,0,3,1,1,1,100,0,0,0,3,1,1,0.1,3000,0,0,0,0,0,0,0,0,0,0,0,0,0,0,0,0,0,0,0,0,0,0,0,0,0,0,0,0,0,0,0,0,0,0,0,0,0,0,0,0,0,0,0,0,0,0,0,0,0,0,0
1989,238,21,13,41.358,2,8,0,-1,1,0,1,1,25,0,0,0,1028,0,0,0,0,0,1,1,0,0,0,257.3900642,0,0,0,0,3,1,1,1,100,0,0,0,3,1,1,0.1,3000,0,0,0,0,0,0,0,0,0,0,0,0,0,0,0,0,0,0,0,0,0,0,0,0,0,0,0,0,0,0,0,0,0,0,0,0,0,0,0,0,0,0,0,0,0,0,0,0,0,0,0
1989,238,21,14,54.439,2,8,0,-1,0,0,1,1,25,0,0,0,1028,0,0,0,0,0,1,1,0,0,0,257.5124766,0,0,0,0,3,1,1,1,100,0,0,0,3,1,1,0.1,3000,0,0,0,0,0,0,0,0,0,0,0,0,0,0,0,0,0,0,0,0,0,0,0,0,0,0,0,0,0,0,0,0,0,0,0,0,0,0,0,0,0,0,0,0,0,0,0,0,0,0,0
1989,238,21,15,17.359,2,8,0,-1,1,0,1,1,25,0,0,0,1028,0,0,0,0,0,1,1,0,0,0,257.5508672,0,0,0,0,3,1,1,1,100,0,0,0,3,1,1,0.1,3000,0,0,0,0,0,0,0,0,0,0,0,0,0,0,0,0,0,0,0,0,0,0,0,0,0,0,0,0,0,0,0,0,0,0,0,0,0,0,0,0,0,0,0,0,0,0,0,0,0,0,0
1989,238,21,18,54.439,2,8,0,-1,0,0,1,1,25,0,0,0,1028,0,0,0,0,0,1,1,0,0,0,257.9144784,0,0,0,0,3,1,1,1,100,0,0,0,3,1,1,0.1,3000,0,0,0,0,0,0,0,0,0,0,0,0,0,0,0,0,0,0,0,0,0,0,0,0,0,0,0,0,0,0,0,0,0,0,0,0,0,0,0,0,0,0,0,0,0,0,0,0,0,0,0
1989,238,21,19,17.359,2,8,0,-1,1,0,1,1,25,0,0,0,1028,0,0,0,0,0,1,1,0,0,0,257.9528685,0,0,0,0,3,1,1,1,100,0,0,0,3,1,1,0.1,3000,0,0,0,0,0,0,0,0,0,0,0,0,0,0,0,0,0,0,0,0,0,0,0,0,0,0,0,0,0,0,0,0,0,0,0,0,0,0,0,0,0,0,0,0,0,0,0,0,0,0,0
1989,238,21,20,30.439,2,8,0,-1,0,0,1,1,25,0,0,0,1028,0,0,0,0,0,1,1,0,0,0,258.0752775,0,0,0,0,3,1,1,1,100,0,0,0,3,1,1,0.1,3000,0,0,0,0,0,0,0,0,0,0,0,0,0,0,0,0,0,0,0,0,0,0,0,0,0,0,0,0,0,0,0,0,0,0,0,0,0,0,0,0,0,0,0,0,0,0,0,0,0,0,0
1989,238,21,20,53.359,2,8,0,-1,1,0,1,1,25,0,0,0,1028,0,0,0,0,0,1,1,0,0,0,258.1136673,0,0,0,0,3,1,1,1,100,0,0,0,3,1,1,0.1,3000,0,0,0,0,0,0,0,0,0,0,0,0,0,0,0,0,0,0,0,0,0,0,0,0,0,0,0,0,0,0,0,0,0,0,0,0,0,0,0,0,0,0,0,0,0,0,0,0,0,0,0
1989,238,21,22,6.438,2,8,0,-1,0,0,1,1,25,0,0,0,1028,0,0,0,0,0,1,1,0,0,0,258.2360748,0,0,0,0,3,1,1,1,100,0,0,0,3,1,1,0.1,3000,0,0,0,0,0,0,0,0,0,0,0,0,0,0,0,0,0,0,0,0,0,0,0,0,0,0,0,0,0,0,0,0,0,0,0,0,0,0,0,0,0,0,0,0,0,0,0,0,0,0,0
1989,238,21,22,29.358,2,8,0,-1,1,0,1,1,25,0,0,0,1028,0,0,0,0,0,1,1,0,0,0,258.2744644,0,0,0,0,3,1,1,1,100,0,0,0,3,1,1,0.1,3000,0,0,0,0,0,0,0,0,0,0,0,0,0,0,0,0,0,0,0,0,0,0,0,0,0,0,0,0,0,0,0,0,0,0,0,0,0,0,0,0,0,0,0,0,0,0,0,0,0,0,0
1989,238,21,23,42.438,2,8,0,-1,0,0,1,1,25,0,0,0,1028,0,0,0,0,0,1,1,0,0,0,258.3968704,0,0,0,0,3,1,1,1,100,0,0,0,3,1,1,0.1,3000,0,0,0,0,0,0,0,0,0,0,0,0,0,0,0,0,0,0,0,0,0,0,0,0,0,0,0,0,0,0,0,0,0,0,0,0,0,0,0,0,0,0,0,0,0,0,0,0,0,0,0
1989,238,21,24,5.358,2,8,0,-1,1,0,1,1,25,0,0,0,1028,0,0,0,0,0,1,1,0,0,0,258.4352606,0,0,0,0,3,1,1,1,100,0,0,0,3,1,1,0.1,3000,0,0,0,0,0,0,0,0,0,0,0,0,0,0,0,0,0,0,0,0,0,0,0,0,0,0,0,0,0,0,0,0,0,0,0,0,0,0,0,0,0,0,0,0,0,0,0,0,0,0,0
1989,238,21,25,18.438,2,8,0,-1,0,0,1,1,25,0,0,0,1028,0,0,0,0,0,1,1,0,0,0,258.5576675,0,0,0,0,3,1,1,1,100,0,0,0,3,1,1,0.1,3000,0,0,0,0,0,0,0,0,0,0,0,0,0,0,0,0,0,0,0,0,0,0,0,0,0,0,0,0,0,0,0,0,0,0,0,0,0,0,0,0,0,0,0,0,0,0,0,0,0,0,0
1989,238,21,25,41.357,2,8,0,-1,1,0,1,1,25,0,0,0,1028,0,0,0,0,0,1,1,0,0,0,258.5960558,0,0,0,0,3,1,1,1,100,0,0,0,3,1,1,0.1,3000,0,0,0,0,0,0,0,0,0,0,0,0,0,0,0,0,0,0,0,0,0,0,0,0,0,0,0,0,0,0,0,0,0,0,0,0,0,0,0,0,0,0,0,0,0,0,0,0,0,0,0
1989,238,21,26,54.438,2,8,0,-1,0,0,1,1,25,0,0,0,1028,0,0,0,0,0,1,1,0,0,0,258.7184628,0,0,0,0,3,1,1,1,100,0,0,0,3,1,1,0.1,3000,0,0,0,0,0,0,0,0,0,0,0,0,0,0,0,0,0,0,0,0,0,0,0,0,0,0,0,0,0,0,0,0,0,0,0,0,0,0,0,0,0,0,0,0,0,0,0,0,0,0,0
1989,238,21,27,17.358,2,8,0,-1,1,0,1,1,25,0,0,0,1028,0,0,0,0,0,1,1,0,0,0,258.7568525,0,0,0,0,3,1,1,1,100,0,0,0,3,1,1,0.1,3000,0,0,0,0,0,0,0,0,0,0,0,0,0,0,0,0,0,0,0,0,0,0,0,0,0,0,0,0,0,0,0,0,0,0,0,0,0,0,0,0,0,0,0,0,0,0,0,0,0,0,0
1989,238,21,30,54.438,2,8,0,-1,0,0,1,1,25,0,0,0,1028,0,0,0,0,0,1,1,0,0,0,259.120447,0,0,0,0,3,1,1,1,100,0,0,0,3,1,1,0.1,3000,0,0,0,0,0,0,0,0,0,0,0,0,0,0,0,0,0,0,0,0,0,0,0,0,0,0,0,0,0,0,0,0,0,0,0,0,0,0,0,0,0,0,0,0,0,0,0,0,0,0,0
1989,238,21,31,17.358,2,8,0,-1,1,0,1,1,25,0,0,0,1028,0,0,0,0,0,1,1,0,0,0,259.1588362,0,0,0,0,3,1,1,1,100,0,0,0,3,1,1,0.1,3000,0,0,0,0,0,0,0,0,0,0,0,0,0,0,0,0,0,0,0,0,0,0,0,0,0,0,0,0,0,0,0,0,0,0,0,0,0,0,0,0,0,0,0,0,0,0,0,0,0,0,0
1989,238,21,32,30.438,2,8,0,-1,0,0,1,1,25,0,0,0,1028,0,0,0,0,0,1,1,0,0,0,259.2812391,0,0,0,0,3,1,1,1,100,0,0,0,3,1,1,0.1,3000,0,0,0,0,0,0,0,0,0,0,0,0,0,0,0,0,0,0,0,0,0,0,0,0,0,0,0,0,0,0,0,0,0,0,0,0,0,0,0,0,0,0,0,0,0,0,0,0,0,0,0
1989,238,21,32,53.358,2,8,0,-1,1,0,1,1,25,0,0,0,1028,0,0,0,0,0,1,1,0,0,0,259.3196272,0,0,0,0,3,1,1,1,100,0,0,0,3,1,1,0.1,3000,0,0,0,0,0,0,0,0,0,0,0,0,0,0,0,0,0,0,0,0,0,0,0,0,0,0,0,0,0,0,0,0,0,0,0,0,0,0,0,0,0,0,0,0,0,0,0,0,0,0,0
1989,238,21,34,6.438,2,8,0,-1,0,0,1,1,25,0,0,0,1028,0,0,0,0,0,1,1,0,0,0,259.4420302,0,0,0,0,3,1,1,1,100,0,0,0,3,1,1,0.1,3000,0,0,0,0,0,0,0,0,0,0,0,0,0,0,0,0,0,0,0,0,0,0,0,0,0,0,0,0,0,0,0,0,0,0,0,0,0,0,0,0,0,0,0,0,0,0,0,0,0,0,0
1989,238,21,34,29.358,2,8,0,-1,1,0,1,1,25,0,0,0,1028,0,0,0,0,0,1,1,0,0,0,259.4804182,0,0,0,0,3,1,1,1,100,0,0,0,3,1,1,0.1,3000,0,0,0,0,0,0,0,0,0,0,0,0,0,0,0,0,0,0,0,0,0,0,0,0,0,0,0,0,0,0,0,0,0,0,0,0,0,0,0,0,0,0,0,0,0,0,0,0,0,0,0
1989,238,21,35,42.438,2,8,0,-1,0,0,1,1,25,0,0,0,1028,0,0,0,0,0,1,1,0,0,0,259.6028204,0,0,0,0,3,1,1,1,100,0,0,0,3,1,1,0.1,3000,0,0,0,0,0,0,0,0,0,0,0,0,0,0,0,0,0,0,0,0,0,0,0,0,0,0,0,0,0,0,0,0,0,0,0,0,0,0,0,0,0,0,0,0,0,0,0,0,0,0,0
1989,238,21,36,5.358,2,8,0,-1,1,0,1,1,25,0,0,0,1028,0,0,0,0,0,1,1,0,0,0,259.641209,0,0,0,0,3,1,1,1,100,0,0,0,3,1,1,0.1,3000,0,0,0,0,0,0,0,0,0,0,0,0,0,0,0,0,0,0,0,0,0,0,0,0,0,0,0,0,0,0,0,0,0,0,0,0,0,0,0,0,0,0,0,0,0,0,0,0,0,0,0
1989,238,21,37,18.437,2,8,0,-1,0,0,1,1,25,0,0,0,1028,0,0,0,0,0,1,1,0,0,0,259.763608,0,0,0,0,3,1,1,1,100,0,0,0,3,1,1,0.1,3000,0,0,0,0,0,0,0,0,0,0,0,0,0,0,0,0,0,0,0,0,0,0,0,0,0,0,0,0,0,0,0,0,0,0,0,0,0,0,0,0,0,0,0,0,0,0,0,0,0,0,0
1989,238,21,37,41.356,2,8,0,-1,1,0,1,1,25,0,0,0,1028,0,0,0,0,0,1,1,0,0,0,259.8019947,0,0,0,0,3,1,1,1,100,0,0,0,3,1,1,0.1,3000,0,0,0,0,0,0,0,0,0,0,0,0,0,0,0,0,0,0,0,0,0,0,0,0,0,0,0,0,0,0,0,0,0,0,0,0,0,0,0,0,0,0,0,0,0,0,0,0,0,0,0
1989,238,21,38,54.437,2,8,0,-1,0,0,1,1,25,0,0,0,1028,0,0,0,0,0,1,1,0,0,0,259.9243964,0,0,0,0,3,1,1,1,100,0,0,0,3,1,1,0.1,3000,0,0,0,0,0,0,0,0,0,0,0,0,0,0,0,0,0,0,0,0,0,0,0,0,0,0,0,0,0,0,0,0,0,0,0,0,0,0,0,0,0,0,0,0,0,0,0,0,0,0,0
1989,238,21,39,17.357,2,8,0,-1,1,0,1,1,25,0,0,0,1028,0,0,0,0,0,1,1,0,0,0,259.9627845,0,0,0,0,3,1,1,1,100,0,0,0,3,1,1,0.1,3000,0,0,0,0,0,0,0,0,0,0,0,0,0,0,0,0,0,0,0,0,0,0,0,0,0,0,0,0,0,0,0,0,0,0,0,0,0,0,0,0,0,0,0,0,0,0,0,0,0,0,0
1989,238,21,42,54.437,2,8,0,-1,0,0,1,1,25,0,0,0,1028,0,0,0,0,0,1,1,0,0,0,260.3263632,0,0,0,0,3,1,1,1,100,0,0,0,3,1,1,0.1,3000,0,0,0,0,0,0,0,0,0,0,0,0,0,0,0,0,0,0,0,0,0,0,0,0,0,0,0,0,0,0,0,0,0,0,0,0,0,0,0,0,0,0,0,0,0,0,0,0,0,0,0
1989,238,21,43,17.357,2,8,0,-1,1,0,1,1,25,0,0,0,1028,0,0,0,0,0,1,1,0,0,0,260.3647507,0,0,0,0,3,1,1,1,100,0,0,0,3,1,1,0.1,3000,0,0,0,0,0,0,0,0,0,0,0,0,0,0,0,0,0,0,0,0,0,0,0,0,0,0,0,0,0,0,0,0,0,0,0,0,0,0,0,0,0,0,0,0,0,0,0,0,0,0,0
1989,238,21,44,30.437,2,8,0,-1,0,0,1,1,25,0,0,0,1028,0,0,0,0,0,1,1,0,0,0,260.4871483,0,0,0,0,3,1,1,1,100,0,0,0,3,1,1,0.1,3000,0,0,0,0,0,0,0,0,0,0,0,0,0,0,0,0,0,0,0,0,0,0,0,0,0,0,0,0,0,0,0,0,0,0,0,0,0,0,0,0,0,0,0,0,0,0,0,0,0,0,0
1989,238,21,44,53.356,2,8,0,-1,1,0,1,1,25,0,0,0,1028,0,0,0,0,0,1,1,0,0,0,260.5255348,0,0,0,0,3,1,1,1,100,0,0,0,3,1,1,0.1,3000,0,0,0,0,0,0,0,0,0,0,0,0,0,0,0,0,0,0,0,0,0,0,0,0,0,0,0,0,0,0,0,0,0,0,0,0,0,0,0,0,0,0,0,0,0,0,0,0,0,0,0
1989,238,21,46,6.437,2,8,0,-1,0,0,1,1,25,0,0,0,1028,0,0,0,0,0,1,1,0,0,0,260.6479325,0,0,0,0,3,1,1,1,100,0,0,0,3,1,1,0.1,3000,0,0,0,0,0,0,0,0,0,0,0,0,0,0,0,0,0,0,0,0,0,0,0,0,0,0,0,0,0,0,0,0,0,0,0,0,0,0,0,0,0,0,0,0,0,0,0,0,0,0,0
1989,238,21,46,29.356,2,8,0,-1,1,0,1,1,25,0,0,0,1028,0,0,0,0,0,1,1,0,0,0,260.6863187,0,0,0,0,3,1,1,1,100,0,0,0,3,1,1,0.1,3000,0,0,0,0,0,0,0,0,0,0,0,0,0,0,0,0,0,0,0,0,0,0,0,0,0,0,0,0,0,0,0,0,0,0,0,0,0,0,0,0,0,0,0,0,0,0,0,0,0,0,0
1989,238,21,47,42.437,2,8,0,-1,0,0,1,1,25,0,0,0,1028,0,0,0,0,0,1,1,0,0,0,260.8087158,0,0,0,0,3,1,1,1,100,0,0,0,3,1,1,0.1,3000,0,0,0,0,0,0,0,0,0,0,0,0,0,0,0,0,0,0,0,0,0,0,0,0,0,0,0,0,0,0,0,0,0,0,0,0,0,0,0,0,0,0,0,0,0,0,0,0,0,0,0
1989,238,21,48,5.357,2,8,0,-1,1,0,1,1,25,0,0,0,1028,0,0,0,0,0,1,1,0,0,0,260.8471026,0,0,0,0,3,1,1,1,100,0,0,0,3,1,1,0.1,3000,0,0,0,0,0,0,0,0,0,0,0,0,0,0,0,0,0,0,0,0,0,0,0,0,0,0,0,0,0,0,0,0,0,0,0,0,0,0,0,0,0,0,0,0,0,0,0,0,0,0,0
1989,238,21,49,18.437,2,8,0,-1,0,0,1,1,25,0,0,0,1028,0,0,0,0,0,1,1,0,0,0,260.9694973,0,0,0,0,3,1,1,1,100,0,0,0,3,1,1,0.1,3000,0,0,0,0,0,0,0,0,0,0,0,0,0,0,0,0,0,0,0,0,0,0,0,0,0,0,0,0,0,0,0,0,0,0,0,0,0,0,0,0,0,0,0,0,0,0,0,0,0,0,0
1989,238,21,49,41.355,2,8,0,-1,1,0,1,1,25,0,0,0,1028,0,0,0,0,0,1,1,0,0,0,261.0078822,0,0,0,0,3,1,1,1,100,0,0,0,3,1,1,0.1,3000,0,0,0,0,0,0,0,0,0,0,0,0,0,0,0,0,0,0,0,0,0,0,0,0,0,0,0,0,0,0,0,0,0,0,0,0,0,0,0,0,0,0,0,0,0,0,0,0,0,0,0
1989,238,21,50,54.436,2,8,0,-1,0,0,1,1,25,0,0,0,1028,0,0,0,0,0,1,1,0,0,0,261.1302778,0,0,0,0,3,1,1,1,100,0,0,0,3,1,1,0.1,3000,0,0,0,0,0,0,0,0,0,0,0,0,0,0,0,0,0,0,0,0,0,0,0,0,0,0,0,0,0,0,0,0,0,0,0,0,0,0,0,0,0,0,0,0,0,0,0,0,0,0,0
1989,238,21,51,17.356,2,8,0,-1,1,0,1,1,25,0,0,0,1028,0,0,0,0,0,1,1,0,0,0,261.1686643,0,0,0,0,3,1,1,1,100,0,0,0,3,1,1,0.1,3000,0,0,0,0,0,0,0,0,0,0,0,0,0,0,0,0,0,0,0,0,0,0,0,0,0,0,0,0,0,0,0,0,0,0,0,0,0,0,0,0,0,0,0,0,0,0,0,0,0,0,0
1989,238,21,54,54.436,2,8,0,-1,0,0,1,1,25,0,0,0,1028,0,0,0,0,0,1,1,0,0,0,261.5322274,0,0,0,0,3,1,1,1,100,0,0,0,3,1,1,0.1,3000,0,0,0,0,0,0,0,0,0,0,0,0,0,0,0,0,0,0,0,0,0,0,0,0,0,0,0,0,0,0,0,0,0,0,0,0,0,0,0,0,0,0,0,0,0,0,0,0,0,0,0
1989,238,21,55,17.356,2,8,0,-1,1,0,1,1,25,0,0,0,1028,0,0,0,0,0,1,1,0,0,0,261.5706133,0,0,0,0,3,1,1,1,100,0,0,0,3,1,1,0.1,3000,0,0,0,0,0,0,0,0,0,0,0,0,0,0,0,0,0,0,0,0,0,0,0,0,0,0,0,0,0,0,0,0,0,0,0,0,0,0,0,0,0,0,0,0,0,0,0,0,0,0,0
1989,238,21,56,30.436,2,8,0,-1,0,0,1,1,25,0,0,0,1028,0,0,0,0,0,1,1,0,0,0,261.6930056,0,0,0,0,3,1,1,1,100,0,0,0,3,1,1,0.1,3000,0,0,0,0,0,0,0,0,0,0,0,0,0,0,0,0,0,0,0,0,0,0,0,0,0,0,0,0,0,0,0,0,0,0,0,0,0,0,0,0,0,0,0,0,0,0,0,0,0,0,0
1989,238,21,56,53.356,2,8,0,-1,1,0,1,1,25,0,0,0,1028,0,0,0,0,0,1,1,0,0,0,261.7313913,0,0,0,0,3,1,1,1,100,0,0,0,3,1,1,0.1,3000,0,0,0,0,0,0,0,0,0,0,0,0,0,0,0,0,0,0,0,0,0,0,0,0,0,0,0,0,0,0,0,0,0,0,0,0,0,0,0,0,0,0,0,0,0,0,0,0,0,0,0
1989,238,21,58,6.436,2,8,0,-1,0,0,1,1,25,0,0,0,1028,0,0,0,0,0,1,1,0,0,0,261.8537829,0,0,0,0,3,1,1,1,100,0,0,0,3,1,1,0.1,3000,0,0,0,0,0,0,0,0,0,0,0,0,0,0,0,0,0,0,0,0,0,0,0,0,0,0,0,0,0,0,0,0,0,0,0,0,0,0,0,0,0,0,0,0,0,0,0,0,0,0,0
1989,238,21,58,29.355,2,8,0,-1,1,0,1,1,25,0,0,0,1028,0,0,0,0,0,1,1,0,0,0,261.8921675,0,0,0,0,3,1,1,1,100,0,0,0,3,1,1,0.1,3000,0,0,0,0,0,0,0,0,0,0,0,0,0,0,0,0,0,0,0,0,0,0,0,0,0,0,0,0,0,0,0,0,0,0,0,0,0,0,0,0,0,0,0,0,0,0,0,0,0,0,0
1989,238,21,59,42.436,2,8,0,-1,0,0,1,1,25,0,0,0,1028,0,0,0,0,0,1,1,0,0,0,262.0145593,0,0,0,0,3,1,1,1,100,0,0,0,3,1,1,0.1,3000,0,0,0,0,0,0,0,0,0,0,0,0,0,0,0,0,0,0,0,0,0,0,0,0,0,0,0,0,0,0,0,0,0,0,0,0,0,0,0,0,0,0,0,0,0,0,0,0,0,0,0
1989,238,22,0,5.356,2,8,0,-1,1,0,1,1,25,0,0,0,1028,0,0,0,0,0,1,1,0,0,0,262.0529445,0,0,0,0,3,1,1,1,100,0,0,0,3,1,1,0.1,3000,0,0,0,0,0,0,0,0,0,0,0,0,0,0,0,0,0,0,0,0,0,0,0,0,0,0,0,0,0,0,0,0,0,0,0,0,0,0,0,0,0,0,0,0,0,0,0,0,0,0,0
1989,238,22,1,18.436,2,8,0,-1,0,0,1,1,25,0,0,0,1028,0,0,0,0,0,1,1,0,0,0,262.1753348,0,0,0,0,3,1,1,1,100,0,0,0,3,1,1,0.1,3000,0,0,0,0,0,0,0,0,0,0,0,0,0,0,0,0,0,0,0,0,0,0,0,0,0,0,0,0,0,0,0,0,0,0,0,0,0,0,0,0,0,0,0,0,0,0,0,0,0,0,0
1989,238,22,1,41.355,2,8,0,-1,1,0,1,1,25,0,0,0,1028,0,0,0,0,0,1,1,0,0,0,262.2137189,0,0,0,0,3,1,1,1,100,0,0,0,3,1,1,0.1,3000,0,0,0,0,0,0,0,0,0,0,0,0,0,0,0,0,0,0,0,0,0,0,0,0,0,0,0,0,0,0,0,0,0,0,0,0,0,0,0,0,0,0,0,0,0,0,0,0,0,0,0
1989,238,22,2,54.435,2,8,0,-1,0,0,1,1,25,0,0,0,1028,0,0,0,0,0,1,1,0,0,0,262.3361077,0,0,0,0,3,1,1,1,100,0,0,0,3,1,1,0.1,3000,0,0,0,0,0,0,0,0,0,0,0,0,0,0,0,0,0,0,0,0,0,0,0,0,0,0,0,0,0,0,0,0,0,0,0,0,0,0,0,0,0,0,0,0,0,0,0,0,0,0,0
1989,238,22,3,17.355,2,8,0,-1,1,0,1,1,25,0,0,0,1028,0,0,0,0,0,1,1,0,0,0,262.3744924,0,0,0,0,3,1,1,1,100,0,0,0,3,1,1,0.1,3000,0,0,0,0,0,0,0,0,0,0,0,0,0,0,0,0,0,0,0,0,0,0,0,0,0,0,0,0,0,0,0,0,0,0,0,0,0,0,0,0,0,0,0,0,0,0,0,0,0,0,0
1989,238,22,6,54.435,2,8,0,-1,0,0,1,1,25,0,0,0,1028,0,0,0,0,0,1,1,0,0,0,262.7380401,0,0,0,0,3,1,1,1,100,0,0,0,3,1,1,0.1,3000,0,0,0,0,0,0,0,0,0,0,0,0,0,0,0,0,0,0,0,0,0,0,0,0,0,0,0,0,0,0,0,0,0,0,0,0,0,0,0,0,0,0,0,0,0,0,0,0,0,0,0
1989,238,22,7,17.355,2,8,0,-1,1,0,1,1,25,0,0,0,1028,0,0,0,0,0,1,1,0,0,0,262.7764243,0,0,0,0,3,1,1,1,100,0,0,0,3,1,1,0.1,3000,0,0,0,0,0,0,0,0,0,0,0,0,0,0,0,0,0,0,0,0,0,0,0,0,0,0,0,0,0,0,0,0,0,0,0,0,0,0,0,0,0,0,0,0,0,0,0,0,0,0,0
1989,238,22,8,30.435,2,8,0,-1,0,0,1,1,25,0,0,0,1028,0,0,0,0,0,1,1,0,0,0,262.8988115,0,0,0,0,3,1,1,1,100,0,0,0,3,1,1,0.1,3000,0,0,0,0,0,0,0,0,0,0,0,0,0,0,0,0,0,0,0,0,0,0,0,0,0,0,0,0,0,0,0,0,0,0,0,0,0,0,0,0,0,0,0,0,0,0,0,0,0,0,0
1989,238,22,8,53.355,2,8,0,-1,1,0,1,1,25,0,0,0,1028,0,0,0,0,0,1,1,0,0,0,262.9371955,0,0,0,0,3,1,1,1,100,0,0,0,3,1,1,0.1,3000,0,0,0,0,0,0,0,0,0,0,0,0,0,0,0,0,0,0,0,0,0,0,0,0,0,0,0,0,0,0,0,0,0,0,0,0,0,0,0,0,0,0,0,0,0,0,0,0,0,0,0
1989,238,22,10,6.435,2,8,0,-1,0,0,1,1,25,0,0,0,1028,0,0,0,0,0,1,1,0,0,0,263.059582,0,0,0,0,3,1,1,1,100,0,0,0,3,1,1,0.1,3000,0,0,0,0,0,0,0,0,0,0,0,0,0,0,0,0,0,0,0,0,0,0,0,0,0,0,0,0,0,0,0,0,0,0,0,0,0,0,0,0,0,0,0,0,0,0,0,0,0,0,0
1989,238,22,10,29.355,2,8,0,-1,1,0,1,1,25,0,0,0,1028,0,0,0,0,0,1,1,0,0,0,263.0979658,0,0,0,0,3,1,1,1,100,0,0,0,3,1,1,0.1,3000,0,0,0,0,0,0,0,0,0,0,0,0,0,0,0,0,0,0,0,0,0,0,0,0,0,0,0,0,0,0,0,0,0,0,0,0,0,0,0,0,0,0,0,0,0,0,0,0,0,0,0
1989,238,22,11,42.435,2,8,0,-1,0,0,1,1,25,0,0,0,1028,0,0,0,0,0,1,1,0,0,0,263.2203515,0,0,0,0,3,1,1,1,100,0,0,0,3,1,1,0.1,3000,0,0,0,0,0,0,0,0,0,0,0,0,0,0,0,0,0,0,0,0,0,0,0,0,0,0,0,0,0,0,0,0,0,0,0,0,0,0,0,0,0,0,0,0,0,0,0,0,0,0,0
1989,238,22,12,5.355,2,8,0,-1,1,0,1,1,25,0,0,0,1028,0,0,0,0,0,1,1,0,0,0,263.2587351,0,0,0,0,3,1,1,1,100,0,0,0,3,1,1,0.1,3000,0,0,0,0,0,0,0,0,0,0,0,0,0,0,0,0,0,0,0,0,0,0,0,0,0,0,0,0,0,0,0,0,0,0,0,0,0,0,0,0,0,0,0,0,0,0,0,0,0,0,0
1989,238,22,13,18.435,2,8,0,-1,0,0,1,1,25,0,0,0,1028,0,0,0,0,0,1,1,0,0,0,263.3811202,0,0,0,0,3,1,1,1,100,0,0,0,3,1,1,0.1,3000,0,0,0,0,0,0,0,0,0,0,0,0,0,0,0,0,0,0,0,0,0,0,0,0,0,0,0,0,0,0,0,0,0,0,0,0,0,0,0,0,0,0,0,0,0,0,0,0,0,0,0
1989,238,22,13,41.355,2,8,0,-1,1,0,1,1,25,0,0,0,1028,0,0,0,0,0,1,1,0,0,0,263.4195036,0,0,0,0,3,1,1,1,100,0,0,0,3,1,1,0.1,3000,0,0,0,0,0,0,0,0,0,0,0,0,0,0,0,0,0,0,0,0,0,0,0,0,0,0,0,0,0,0,0,0,0,0,0,0,0,0,0,0,0,0,0,0,0,0,0,0,0,0,0
1989,238,22,14,54.434,2,8,0,-1,0,0,1,1,25,0,0,0,1028,0,0,0,0,0,1,1,0,0,0,263.5418871,0,0,0,0,3,1,1,1,100,0,0,0,3,1,1,0.1,3000,0,0,0,0,0,0,0,0,0,0,0,0,0,0,0,0,0,0,0,0,0,0,0,0,0,0,0,0,0,0,0,0,0,0,0,0,0,0,0,0,0,0,0,0,0,0,0,0,0,0,0
1989,238,22,15,17.355,2,8,0,-1,1,0,1,1,25,0,0,0,1028,0,0,0,0,0,1,1,0,0,0,263.5802703,0,0,0,0,3,1,1,1,100,0,0,0,3,1,1,0.1,3000,0,0,0,0,0,0,0,0,0,0,0,0,0,0,0,0,0,0,0,0,0,0,0,0,0,0,0,0,0,0,0,0,0,0,0,0,0,0,0,0,0,0,0,0,0,0,0,0,0,0,0
1989,238,22,18,54.434,2,8,0,-1,0,0,1,1,25,0,0,0,1028,0,0,0,0,0,1,1,0,0,0,263.9438018,0,0,0,0,3,1,1,1,100,0,0,0,3,1,1,0.1,3000,0,0,0,0,0,0,0,0,0,0,0,0,0,0,0,0,0,0,0,0,0,0,0,0,0,0,0,0,0,0,0,0,0,0,0,0,0,0,0,0,0,0,0,0,0,0,0,0,0,0,0
1989,238,22,19,17.354,2,8,0,-1,1,0,1,1,25,0,0,0,1028,0,0,0,0,0,1,1,0,0,0,263.9821836,0,0,0,0,3,1,1,1,100,0,0,0,3,1,1,0.1,3000,0,0,0,0,0,0,0,0,0,0,0,0,0,0,0,0,0,0,0,0,0,0,0,0,0,0,0,0,0,0,0,0,0,0,0,0,0,0,0,0,0,0,0,0,0,0,0,0,0,0,0
1989,238,22,20,30.434,2,8,0,-1,0,0,1,1,25,0,0,0,1028,0,0,0,0,0,1,1,0,0,0,264.1045664,0,0,0,0,3,1,1,1,100,0,0,0,3,1,1,0.1,3000,0,0,0,0,0,0,0,0,0,0,0,0,0,0,0,0,0,0,0,0,0,0,0,0,0,0,0,0,0,0,0,0,0,0,0,0,0,0,0,0,0,0,0,0,0,0,0,0,0,0,0
1989,238,22,20,53.354,2,8,0,-1,1,0,1,1,25,0,0,0,1028,0,0,0,0,0,1,1,0,0,0,264.1429488,0,0,0,0,3,1,1,1,100,0,0,0,3,1,1,0.1,3000,0,0,0,0,0,0,0,0,0,0,0,0,0,0,0,0,0,0,0,0,0,0,0,0,0,0,0,0,0,0,0,0,0,0,0,0,0,0,0,0,0,0,0,0,0,0,0,0,0,0,0
1989,238,22,22,6.434,2,8,0,-1,0,0,1,1,25,0,0,0,1028,0,0,0,0,0,1,1,0,0,0,264.2653301,0,0,0,0,3,1,1,1,100,0,0,0,3,1,1,0.1,3000,0,0,0,0,0,0,0,0,0,0,0,0,0,0,0,0,0,0,0,0,0,0,0,0,0,0,0,0,0,0,0,0,0,0,0,0,0,0,0,0,0,0,0,0,0,0,0,0,0,0,0
1989,238,22,22,29.354,2,8,0,-1,1,0,1,1,25,0,0,0,1028,0,0,0,0,0,1,1,0,0,0,264.3037115,0,0,0,0,3,1,1,1,100,0,0,0,3,1,1,0.1,3000,0,0,0,0,0,0,0,0,0,0,0,0,0,0,0,0,0,0,0,0,0,0,0,0,0,0,0,0,0,0,0,0,0,0,0,0,0,0,0,0,0,0,0,0,0,0,0,0,0,0,0
1989,238,22,23,42.434,2,8,0,-1,0,0,1,1,25,0,0,0,1028,0,0,0,0,0,1,1,0,0,0,264.4260929,0,0,0,0,3,1,1,1,100,0,0,0,3,1,1,0.1,3000,0,0,0,0,0,0,0,0,0,0,0,0,0,0,0,0,0,0,0,0,0,0,0,0,0,0,0,0,0,0,0,0,0,0,0,0,0,0,0,0,0,0,0,0,0,0,0,0,0,0,0
1989,238,22,24,5.354,2,8,0,-1,1,0,1,1,25,0,0,0,1028,0,0,0,0,0,1,1,0,0,0,264.4644749,0,0,0,0,3,1,1,1,100,0,0,0,3,1,1,0.1,3000,0,0,0,0,0,0,0,0,0,0,0,0,0,0,0,0,0,0,0,0,0,0,0,0,0,0,0,0,0,0,0,0,0,0,0,0,0,0,0,0,0,0,0,0,0,0,0,0,0,0,0
1989,238,22,25,18.434,2,8,0,-1,0,0,1,1,25,0,0,0,1028,0,0,0,0,0,1,1,0,0,0,264.5868549,0,0,0,0,3,1,1,1,100,0,0,0,3,1,1,0.1,3000,0,0,0,0,0,0,0,0,0,0,0,0,0,0,0,0,0,0,0,0,0,0,0,0,0,0,0,0,0,0,0,0,0,0,0,0,0,0,0,0,0,0,0,0,0,0,0,0,0,0,0
1989,238,22,25,41.354,2,8,0,-1,1,0,1,1,25,0,0,0,1028,0,0,0,0,0,1,1,0,0,0,264.6252367,0,0,0,0,3,1,1,1,100,0,0,0,3,1,1,0.1,3000,0,0,0,0,0,0,0,0,0,0,0,0,0,0,0,0,0,0,0,0,0,0,0,0,0,0,0,0,0,0,0,0,0,0,0,0,0,0,0,0,0,0,0,0,0,0,0,0,0,0,0
1989,238,22,26,54.434,2,8,0,-1,0,0,1,1,25,0,0,0,1028,0,0,0,0,0,1,1,0,0,0,264.7476159,0,0,0,0,3,1,1,1,100,0,0,0,3,1,1,0.1,3000,0,0,0,0,0,0,0,0,0,0,0,0,0,0,0,0,0,0,0,0,0,0,0,0,0,0,0,0,0,0,0,0,0,0,0,0,0,0,0,0,0,0,0,0,0,0,0,0,0,0,0
1989,238,22,27,17.354,2,8,0,-1,1,0,1,1,25,0,0,0,1028,0,0,0,0,0,1,1,0,0,0,264.7859966,0,0,0,0,3,1,1,1,100,0,0,0,3,1,1,0.1,3000,0,0,0,0,0,0,0,0,0,0,0,0,0,0,0,0,0,0,0,0,0,0,0,0,0,0,0,0,0,0,0,0,0,0,0,0,0,0,0,0,0,0,0,0,0,0,0,0,0,0,0
1989,238,22,30,54.433,2,8,0,-1,0,0,1,1,25,0,0,0,1028,0,0,0,0,0,1,1,0,0,0,265.1495129,0,0,0,0,3,1,1,1,100,0,0,0,3,1,1,0.1,3000,0,0,0,0,0,0,0,0,0,0,0,0,0,0,0,0,0,0,0,0,0,0,0,0,0,0,0,0,0,0,0,0,0,0,0,0,0,0,0,0,0,0,0,0,0,0,0,0,0,0,0
1989,238,22,31,17.353,2,8,0,-1,1,0,1,1,25,0,0,0,1028,0,0,0,0,0,1,1,0,0,0,265.1878931,0,0,0,0,3,1,1,1,100,0,0,0,3,1,1,0.1,3000,0,0,0,0,0,0,0,0,0,0,0,0,0,0,0,0,0,0,0,0,0,0,0,0,0,0,0,0,0,0,0,0,0,0,0,0,0,0,0,0,0,0,0,0,0,0,0,0,0,0,0
1989,238,22,32,30.433,2,8,0,-1,0,0,1,1,25,0,0,0,1028,0,0,0,0,0,1,1,0,0,0,265.31027,0,0,0,0,3,1,1,1,100,0,0,0,3,1,1,0.1,3000,0,0,0,0,0,0,0,0,0,0,0,0,0,0,0,0,0,0,0,0,0,0,0,0,0,0,0,0,0,0,0,0,0,0,0,0,0,0,0,0,0,0,0,0,0,0,0,0,0,0,0
1989,238,22,32,53.353,2,8,0,-1,1,0,1,1,25,0,0,0,1028,0,0,0,0,0,1,1,0,0,0,265.3486517,0,0,0,0,3,1,1,1,100,0,0,0,3,1,1,0.1,3000,0,0,0,0,0,0,0,0,0,0,0,0,0,0,0,0,0,0,0,0,0,0,0,0,0,0,0,0,0,0,0,0,0,0,0,0,0,0,0,0,0,0,0,0,0,0,0,0,0,0,0
1989,238,22,34,6.433,2,8,0,-1,0,0,1,1,25,0,0,0,1028,0,0,0,0,0,1,1,0,0,0,265.4710279,0,0,0,0,3,1,1,1,100,0,0,0,3,1,1,0.1,3000,0,0,0,0,0,0,0,0,0,0,0,0,0,0,0,0,0,0,0,0,0,0,0,0,0,0,0,0,0,0,0,0,0,0,0,0,0,0,0,0,0,0,0,0,0,0,0,0,0,0,0
1989,238,22,34,29.352,2,8,0,-1,1,0,1,1,25,0,0,0,1028,0,0,0,0,0,1,1,0,0,0,265.5094076,0,0,0,0,3,1,1,1,100,0,0,0,3,1,1,0.1,3000,0,0,0,0,0,0,0,0,0,0,0,0,0,0,0,0,0,0,0,0,0,0,0,0,0,0,0,0,0,0,0,0,0,0,0,0,0,0,0,0,0,0,0,0,0,0,0,0,0,0,0
1989,238,22,35,42.433,2,8,0,-1,0,0,1,1,25,0,0,0,1028,0,0,0,0,0,1,1,0,0,0,265.6317832,0,0,0,0,3,1,1,1,100,0,0,0,3,1,1,0.1,3000,0,0,0,0,0,0,0,0,0,0,0,0,0,0,0,0,0,0,0,0,0,0,0,0,0,0,0,0,0,0,0,0,0,0,0,0,0,0,0,0,0,0,0,0,0,0,0,0,0,0,0
1989,238,22,36,5.353,2,8,0,-1,1,0,1,1,25,0,0,0,1028,0,0,0,0,0,1,1,0,0,0,265.6701644,0,0,0,0,3,1,1,1,100,0,0,0,3,1,1,0.1,3000,0,0,0,0,0,0,0,0,0,0,0,0,0,0,0,0,0,0,0,0,0,0,0,0,0,0,0,0,0,0,0,0,0,0,0,0,0,0,0,0,0,0,0,0,0,0,0,0,0,0,0
1989,238,22,37,18.433,2,8,0,-1,0,0,1,1,25,0,0,0,1028,0,0,0,0,0,1,1,0,0,0,265.7925393,0,0,0,0,3,1,1,1,100,0,0,0,3,1,1,0.1,3000,0,0,0,0,0,0,0,0,0,0,0,0,0,0,0,0,0,0,0,0,0,0,0,0,0,0,0,0,0,0,0,0,0,0,0,0,0,0,0,0,0,0,0,0,0,0,0,0,0,0,0
1989,238,22,37,41.353,2,8,0,-1,1,0,1,1,25,0,0,0,1028,0,0,0,0,0,1,1,0,0,0,265.8309194,0,0,0,0,3,1,1,1,100,0,0,0,3,1,1,0.1,3000,0,0,0,0,0,0,0,0,0,0,0,0,0,0,0,0,0,0,0,0,0,0,0,0,0,0,0,0,0,0,0,0,0,0,0,0,0,0,0,0,0,0,0,0,0,0,0,0,0,0,0
1989,238,22,38,54.433,2,8,0,-1,0,0,1,1,25,0,0,0,1028,0,0,0,0,0,1,1,0,0,0,265.9532936,0,0,0,0,3,1,1,1,100,0,0,0,3,1,1,0.1,3000,0,0,0,0,0,0,0,0,0,0,0,0,0,0,0,0,0,0,0,0,0,0,0,0,0,0,0,0,0,0,0,0,0,0,0,0,0,0,0,0,0,0,0,0,0,0,0,0,0,0,0
1989,238,22,39,17.352,2,8,0,-1,1,0,1,1,25,0,0,0,1028,0,0,0,0,0,1,1,0,0,0,265.9916728,0,0,0,0,3,1,1,1,100,0,0,0,3,1,1,0.1,3000,0,0,0,0,0,0,0,0,0,0,0,0,0,0,0,0,0,0,0,0,0,0,0,0,0,0,0,0,0,0,0,0,0,0,0,0,0,0,0,0,0,0,0,0,0,0,0,0,0,0,0
1989,238,22,42,54.432,2,8,0,-1,0,0,1,1,25,0,0,0,1028,0,0,0,0,0,1,1,0,0,0,266.355174,0,0,0,0,3,1,1,1,100,0,0,0,3,1,1,0.1,3000,0,0,0,0,0,0,0,0,0,0,0,0,0,0,0,0,0,0,0,0,0,0,0,0,0,0,0,0,0,0,0,0,0,0,0,0,0,0,0,0,0,0,0,0,0,0,0,0,0,0,0
1989,238,22,43,17.351,2,8,0,-1,1,0,1,1,25,0,0,0,1028,0,0,0,0,0,1,1,0,0,0,266.3935526,0,0,0,0,3,1,1,1,100,0,0,0,3,1,1,0.1,3000,0,0,0,0,0,0,0,0,0,0,0,0,0,0,0,0,0,0,0,0,0,0,0,0,0,0,0,0,0,0,0,0,0,0,0,0,0,0,0,0,0,0,0,0,0,0,0,0,0,0,0
1989,238,22,44,30.432,2,8,0,-1,0,0,1,1,25,0,0,0,1028,0,0,0,0,0,1,1,0,0,0,266.5159253,0,0,0,0,3,1,1,1,100,0,0,0,3,1,1,0.1,3000,0,0,0,0,0,0,0,0,0,0,0,0,0,0,0,0,0,0,0,0,0,0,0,0,0,0,0,0,0,0,0,0,0,0,0,0,0,0,0,0,0,0,0,0,0,0,0,0,0,0,0
1989,238,22,44,53.352,2,8,0,-1,1,0,1,1,25,0,0,0,1028,0,0,0,0,0,1,1,0,0,0,266.5543045,0,0,0,0,3,1,1,1,100,0,0,0,3,1,1,0.1,3000,0,0,0,0,0,0,0,0,0,0,0,0,0,0,0,0,0,0,0,0,0,0,0,0,0,0,0,0,0,0,0,0,0,0,0,0,0,0,0,0,0,0,0,0,0,0,0,0,0,0,0
1989,238,22,46,6.432,2,8,0,-1,0,0,1,1,25,0,0,0,1028,0,0,0,0,0,1,1,0,0,0,266.6766757,0,0,0,0,3,1,1,1,100,0,0,0,3,1,1,0.1,3000,0,0,0,0,0,0,0,0,0,0,0,0,0,0,0,0,0,0,0,0,0,0,0,0,0,0,0,0,0,0,0,0,0,0,0,0,0,0,0,0,0,0,0,0,0,0,0,0,0,0,0
1989,238,22,46,29.351,2,8,0,-1,1,0,1,1,25,0,0,0,1028,0,0,0,0,0,1,1,0,0,0,266.7150538,0,0,0,0,3,1,1,1,100,0,0,0,3,1,1,0.1,3000,0,0,0,0,0,0,0,0,0,0,0,0,0,0,0,0,0,0,0,0,0,0,0,0,0,0,0,0,0,0,0,0,0,0,0,0,0,0,0,0,0,0,0,0,0,0,0,0,0,0,0
1989,238,22,47,42.432,2,8,0,-1,0,0,1,1,25,0,0,0,1028,0,0,0,0,0,1,1,0,0,0,266.8374252,0,0,0,0,3,1,1,1,100,0,0,0,3,1,1,0.1,3000,0,0,0,0,0,0,0,0,0,0,0,0,0,0,0,0,0,0,0,0,0,0,0,0,0,0,0,0,0,0,0,0,0,0,0,0,0,0,0,0,0,0,0,0,0,0,0,0,0,0,0
1989,238,22,48,5.352,2,8,0,-1,1,0,1,1,25,0,0,0,1028,0,0,0,0,0,1,1,0,0,0,266.875804,0,0,0,0,3,1,1,1,100,0,0,0,3,1,1,0.1,3000,0,0,0,0,0,0,0,0,0,0,0,0,0,0,0,0,0,0,0,0,0,0,0,0,0,0,0,0,0,0,0,0,0,0,0,0,0,0,0,0,0,0,0,0,0,0,0,0,0,0,0
1989,238,22,49,18.432,2,8,0,-1,0,0,1,1,25,0,0,0,1028,0,0,0,0,0,1,1,0,0,0,266.9981738,0,0,0,0,3,1,1,1,100,0,0,0,3,1,1,0.1,3000,0,0,0,0,0,0,0,0,0,0,0,0,0,0,0,0,0,0,0,0,0,0,0,0,0,0,0,0,0,0,0,0,0,0,0,0,0,0,0,0,0,0,0,0,0,0,0,0,0,0,0
1989,238,22,49,41.352,2,8,0,-1,1,0,1,1,25,0,0,0,1028,0,0,0,0,0,1,1,0,0,0,267.0365524,0,0,0,0,3,1,1,1,100,0,0,0,3,1,1,0.1,3000,0,0,0,0,0,0,0,0,0,0,0,0,0,0,0,0,0,0,0,0,0,0,0,0,0,0,0,0,0,0,0,0,0,0,0,0,0,0,0,0,0,0,0,0,0,0,0,0,0,0,0
1989,238,22,50,54.432,2,8,0,-1,0,0,1,1,25,0,0,0,1028,0,0,0,0,0,1,1,0,0,0,267.1589216,0,0,0,0,3,1,1,1,100,0,0,0,3,1,1,0.1,3000,0,0,0,0,0,0,0,0,0,0,0,0,0,0,0,0,0,0,0,0,0,0,0,0,0,0,0,0,0,0,0,0,0,0,0,0,0,0,0,0,0,0,0,0,0,0,0,0,0,0,0
1989,238,22,51,17.351,2,8,0,-1,1,0,1,1,25,0,0,0,1028,0,0,0,0,0,1,1,0,0,0,267.1972991,0,0,0,0,3,1,1,1,100,0,0,0,3,1,1,0.1,3000,0,0,0,0,0,0,0,0,0,0,0,0,0,0,0,0,0,0,0,0,0,0,0,0,0,0,0,0,0,0,0,0,0,0,0,0,0,0,0,0,0,0,0,0,0,0,0,0,0,0,0
1989,238,22,54,54.431,2,8,0,-1,0,0,1,1,25,0,0,0,1028,0,0,0,0,0,1,1,0,0,0,267.5607854,0,0,0,0,3,1,1,1,100,0,0,0,3,1,1,0.1,3000,0,0,0,0,0,0,0,0,0,0,0,0,0,0,0,0,0,0,0,0,0,0,0,0,0,0,0,0,0,0,0,0,0,0,0,0,0,0,0,0,0,0,0,0,0,0,0,0,0,0,0
1989,238,22,55,17.351,2,8,0,-1,1,0,1,1,25,0,0,0,1028,0,0,0,0,0,1,1,0,0,0,267.5991633,0,0,0,0,3,1,1,1,100,0,0,0,3,1,1,0.1,3000,0,0,0,0,0,0,0,0,0,0,0,0,0,0,0,0,0,0,0,0,0,0,0,0,0,0,0,0,0,0,0,0,0,0,0,0,0,0,0,0,0,0,0,0,0,0,0,0,0,0,0
1989,238,22,56,30.431,2,8,0,-1,0,0,1,1,25,0,0,0,1028,0,0,0,0,0,1,1,0,0,0,267.7215301,0,0,0,0,3,1,1,1,100,0,0,0,3,1,1,0.1,3000,0,0,0,0,0,0,0,0,0,0,0,0,0,0,0,0,0,0,0,0,0,0,0,0,0,0,0,0,0,0,0,0,0,0,0,0,0,0,0,0,0,0,0,0,0,0,0,0,0,0,0
1989,238,22,56,53.351,2,8,0,-1,1,0,1,1,25,0,0,0,1028,0,0,0,0,0,1,1,0,0,0,267.7599078,0,0,0,0,3,1,1,1,100,0,0,0,3,1,1,0.1,3000,0,0,0,0,0,0,0,0,0,0,0,0,0,0,0,0,0,0,0,0,0,0,0,0,0,0,0,0,0,0,0,0,0,0,0,0,0,0,0,0,0,0,0,0,0,0,0,0,0,0,0
1989,238,22,58,6.431,2,8,0,-1,0,0,1,1,25,0,0,0,1028,0,0,0,0,0,1,1,0,0,0,267.882274,0,0,0,0,3,1,1,1,100,0,0,0,3,1,1,0.1,3000,0,0,0,0,0,0,0,0,0,0,0,0,0,0,0,0,0,0,0,0,0,0,0,0,0,0,0,0,0,0,0,0,0,0,0,0,0,0,0,0,0,0,0,0,0,0,0,0,0,0,0
1989,238,22,58,29.351,2,8,0,-1,1,0,1,1,25,0,0,0,1028,0,0,0,0,0,1,1,0,0,0,267.9206514,0,0,0,0,3,1,1,1,100,0,0,0,3,1,1,0.1,3000,0,0,0,0,0,0,0,0,0,0,0,0,0,0,0,0,0,0,0,0,0,0,0,0,0,0,0,0,0,0,0,0,0,0,0,0,0,0,0,0,0,0,0,0,0,0,0,0,0,0,0
1989,238,22,59,42.431,2,8,0,-1,0,0,1,1,25,0,0,0,1028,0,0,0,0,0,1,1,0,0,0,268.0430169,0,0,0,0,3,1,1,1,100,0,0,0,3,1,1,0.1,3000,0,0,0,0,0,0,0,0,0,0,0,0,0,0,0,0,0,0,0,0,0,0,0,0,0,0,0,0,0,0,0,0,0,0,0,0,0,0,0,0,0,0,0,0,0,0,0,0,0,0,0
1989,238,23,0,5.351,2,8,0,-1,1,0,1,1,25,0,0,0,1028,0,0,0,0,0,1,1,0,0,0,268.0813942,0,0,0,0,3,1,1,1,100,0,0,0,3,1,1,0.1,3000,0,0,0,0,0,0,0,0,0,0,0,0,0,0,0,0,0,0,0,0,0,0,0,0,0,0,0,0,0,0,0,0,0,0,0,0,0,0,0,0,0,0,0,0,0,0,0,0,0,0,0
1989,238,23,1,18.431,2,8,0,-1,0,0,1,1,25,0,0,0,1028,0,0,0,0,0,1,1,0,0,0,268.203759,0,0,0,0,3,1,1,1,100,0,0,0,3,1,1,0.1,3000,0,0,0,0,0,0,0,0,0,0,0,0,0,0,0,0,0,0,0,0,0,0,0,0,0,0,0,0,0,0,0,0,0,0,0,0,0,0,0,0,0,0,0,0,0,0,0,0,0,0,0
1989,238,23,1,41.351,2,8,0,-1,1,0,1,1,25,0,0,0,1028,0,0,0,0,0,1,1,0,0,0,268.242136,0,0,0,0,3,1,1,1,100,0,0,0,3,1,1,0.1,3000,0,0,0,0,0,0,0,0,0,0,0,0,0,0,0,0,0,0,0,0,0,0,0,0,0,0,0,0,0,0,0,0,0,0,0,0,0,0,0,0,0,0,0,0,0,0,0,0,0,0,0
1989,238,23,2,54.431,2,8,0,-1,0,0,1,1,25,0,0,0,1028,0,0,0,0,0,1,1,0,0,0,268.3645002,0,0,0,0,3,1,1,1,100,0,0,0,3,1,1,0.1,3000,0,0,0,0,0,0,0,0,0,0,0,0,0,0,0,0,0,0,0,0,0,0,0,0,0,0,0,0,0,0,0,0,0,0,0,0,0,0,0,0,0,0,0,0,0,0,0,0,0,0,0
1989,238,23,3,17.351,2,8,0,-1,1,0,1,1,25,0,0,0,1028,0,0,0,0,0,1,1,0,0,0,268.402877,0,0,0,0,3,1,1,1,100,0,0,0,3,1,1,0.1,3000,0,0,0,0,0,0,0,0,0,0,0,0,0,0,0,0,0,0,0,0,0,0,0,0,0,0,0,0,0,0,0,0,0,0,0,0,0,0,0,0,0,0,0,0,0,0,0,0,0,0,0
1989,238,23,6,54.43,2,8,0,-1,0,0,1,1,25,0,0,0,1028,0,0,0,0,0,1,1,0,0,0,268.7663486,0,0,0,0,3,1,1,1,100,0,0,0,3,1,1,0.1,3000,0,0,0,0,0,0,0,0,0,0,0,0,0,0,0,0,0,0,0,0,0,0,0,0,0,0,0,0,0,0,0,0,0,0,0,0,0,0,0,0,0,0,0,0,0,0,0,0,0,0,0
1989,238,23,7,17.35,2,8,0,-1,1,0,1,1,25,0,0,0,1028,0,0,0,0,0,1,1,0,0,0,268.8047249,0,0,0,0,3,1,1,1,100,0,0,0,3,1,1,0.1,3000,0,0,0,0,0,0,0,0,0,0,0,0,0,0,0,0,0,0,0,0,0,0,0,0,0,0,0,0,0,0,0,0,0,0,0,0,0,0,0,0,0,0,0,0,0,0,0,0,0,0,0
1989,238,23,8,30.43,2,8,0,-1,0,0,1,1,25,0,0,0,1028,0,0,0,0,0,1,1,0,0,0,268.9270859,0,0,0,0,3,1,1,1,100,0,0,0,3,1,1,0.1,3000,0,0,0,0,0,0,0,0,0,0,0,0,0,0,0,0,0,0,0,0,0,0,0,0,0,0,0,0,0,0,0,0,0,0,0,0,0,0,0,0,0,0,0,0,0,0,0,0,0,0,0
1989,238,23,8,53.35,2,8,0,-1,1,0,1,1,25,0,0,0,1028,0,0,0,0,0,1,1,0,0,0,268.965462,0,0,0,0,3,1,1,1,100,0,0,0,3,1,1,0.1,3000,0,0,0,0,0,0,0,0,0,0,0,0,0,0,0,0,0,0,0,0,0,0,0,0,0,0,0,0,0,0,0,0,0,0,0,0,0,0,0,0,0,0,0,0,0,0,0,0,0,0,0
1989,238,23,10,6.43,2,8,0,-1,0,0,1,1,25,0,0,0,1028,0,0,0,0,0,1,1,0,0,0,269.0878232,0,0,0,0,3,1,1,1,100,0,0,0,3,1,1,0.1,3000,0,0,0,0,0,0,0,0,0,0,0,0,0,0,0,0,0,0,0,0,0,0,0,0,0,0,0,0,0,0,0,0,0,0,0,0,0,0,0,0,0,0,0,0,0,0,0,0,0,0,0
1989,238,23,10,29.35,2,8,0,-1,1,0,1,1,25,0,0,0,1028,0,0,0,0,0,1,1,0,0,0,269.1261991,0,0,0,0,3,1,1,1,100,0,0,0,3,1,1,0.1,3000,0,0,0,0,0,0,0,0,0,0,0,0,0,0,0,0,0,0,0,0,0,0,0,0,0,0,0,0,0,0,0,0,0,0,0,0,0,0,0,0,0,0,0,0,0,0,0,0,0,0,0
1989,238,23,11,42.43,2,8,0,-1,0,0,1,1,25,0,0,0,1028,0,0,0,0,0,1,1,0,0,0,269.2485596,0,0,0,0,3,1,1,1,100,0,0,0,3,1,1,0.1,3000,0,0,0,0,0,0,0,0,0,0,0,0,0,0,0,0,0,0,0,0,0,0,0,0,0,0,0,0,0,0,0,0,0,0,0,0,0,0,0,0,0,0,0,0,0,0,0,0,0,0,0
1989,238,23,12,5.35,2,8,0,-1,1,0,1,1,25,0,0,0,1028,0,0,0,0,0,1,1,0,0,0,269.2869353,0,0,0,0,3,1,1,1,100,0,0,0,3,1,1,0.1,3000,0,0,0,0,0,0,0,0,0,0,0,0,0,0,0,0,0,0,0,0,0,0,0,0,0,0,0,0,0,0,0,0,0,0,0,0,0,0,0,0,0,0,0,0,0,0,0,0,0,0,0
1989,238,23,13,18.43,2,8,0,-1,0,0,1,1,25,0,0,0,1028,0,0,0,0,0,1,1,0,0,0,269.4092952,0,0,0,0,3,1,1,1,100,0,0,0,3,1,1,0.1,3000,0,0,0,0,0,0,0,0,0,0,0,0,0,0,0,0,0,0,0,0,0,0,0,0,0,0,0,0,0,0,0,0,0,0,0,0,0,0,0,0,0,0,0,0,0,0,0,0,0,0,0
1989,238,23,13,41.35,2,8,0,-1,1,0,1,1,25,0,0,0,1028,0,0,0,0,0,1,1,0,0,0,269.4476707,0,0,0,0,3,1,1,1,100,0,0,0,3,1,1,0.1,3000,0,0,0,0,0,0,0,0,0,0,0,0,0,0,0,0,0,0,0,0,0,0,0,0,0,0,0,0,0,0,0,0,0,0,0,0,0,0,0,0,0,0,0,0,0,0,0,0,0,0,0
1989,238,23,14,54.43,2,8,0,-1,0,0,1,1,25,0,0,0,1028,0,0,0,0,0,1,1,0,0,0,269.5700299,0,0,0,0,3,1,1,1,100,0,0,0,3,1,1,0.1,3000,0,0,0,0,0,0,0,0,0,0,0,0,0,0,0,0,0,0,0,0,0,0,0,0,0,0,0,0,0,0,0,0,0,0,0,0,0,0,0,0,0,0,0,0,0,0,0,0,0,0,0
1989,238,23,15,17.35,2,8,0,-1,1,0,1,1,25,0,0,0,1028,0,0,0,0,0,1,1,0,0,0,269.6084052,0,0,0,0,3,1,1,1,100,0,0,0,3,1,1,0.1,3000,0,0,0,0,0,0,0,0,0,0,0,0,0,0,0,0,0,0,0,0,0,0,0,0,0,0,0,0,0,0,0,0,0,0,0,0,0,0,0,0,0,0,0,0,0,0,0,0,0,0,0
1989,238,23,18,54.43,2,8,0,-1,0,0,1,1,25,0,0,0,1028,0,0,0,0,0,1,1,0,0,0,269.9718629,0,0,0,0,3,1,1,1,100,0,0,0,3,1,1,0.1,3000,0,0,0,0,0,0,0,0,0,0,0,0,0,0,0,0,0,0,0,0,0,0,0,0,0,0,0,0,0,0,0,0,0,0,0,0,0,0,0,0,0,0,0,0,0,0,0,0,0,0,0
1989,238,23,19,17.35,2,8,0,-1,1,0,1,1,25,0,0,0,1028,0,0,0,0,0,1,1,0,0,0,270.0102377,0,0,0,0,3,1,1,1,100,0,0,0,3,1,1,0.1,3000,0,0,0,0,0,0,0,0,0,0,0,0,0,0,0,0,0,0,0,0,0,0,0,0,0,0,0,0,0,0,0,0,0,0,0,0,0,0,0,0,0,0,0,0,0,0,0,0,0,0,0
1989,238,23,20,30.429,2,8,0,-1,0,0,1,1,25,0,0,0,1028,0,0,0,0,0,1,1,0,0,0,270.132593,0,0,0,0,3,1,1,1,100,0,0,0,3,1,1,0.1,3000,0,0,0,0,0,0,0,0,0,0,0,0,0,0,0,0,0,0,0,0,0,0,0,0,0,0,0,0,0,0,0,0,0,0,0,0,0,0,0,0,0,0,0,0,0,0,0,0,0,0,0
1989,238,23,20,53.349,2,8,0,-1,1,0,1,1,25,0,0,0,1028,0,0,0,0,0,1,1,0,0,0,270.1709667,0,0,0,0,3,1,1,1,100,0,0,0,3,1,1,0.1,3000,0,0,0,0,0,0,0,0,0,0,0,0,0,0,0,0,0,0,0,0,0,0,0,0,0,0,0,0,0,0,0,0,0,0,0,0,0,0,0,0,0,0,0,0,0,0,0,0,0,0,0
1989,238,23,22,6.429,2,8,0,-1,0,0,1,1,25,0,0,0,1028,0,0,0,0,0,1,1,0,0,0,270.2933238,0,0,0,0,3,1,1,1,100,0,0,0,3,1,1,0.1,3000,0,0,0,0,0,0,0,0,0,0,0,0,0,0,0,0,0,0,0,0,0,0,0,0,0,0,0,0,0,0,0,0,0,0,0,0,0,0,0,0,0,0,0,0,0,0,0,0,0,0,0
1989,238,23,22,29.349,2,8,0,-1,1,0,1,1,25,0,0,0,1028,0,0,0,0,0,1,1,0,0,0,270.3316974,0,0,0,0,3,1,1,1,100,0,0,0,3,1,1,0.1,3000,0,0,0,0,0,0,0,0,0,0,0,0,0,0,0,0,0,0,0,0,0,0,0,0,0,0,0,0,0,0,0,0,0,0,0,0,0,0,0,0,0,0,0,0,0,0,0,0,0,0,0
1989,238,23,23,42.429,2,8,0,-1,0,0,1,1,25,0,0,0,1028,0,0,0,0,0,1,1,0,0,0,270.4540538,0,0,0,0,3,1,1,1,100,0,0,0,3,1,1,0.1,3000,0,0,0,0,0,0,0,0,0,0,0,0,0,0,0,0,0,0,0,0,0,0,0,0,0,0,0,0,0,0,0,0,0,0,0,0,0,0,0,0,0,0,0,0,0,0,0,0,0,0,0
1989,238,23,24,5.349,2,8,0,-1,1,0,1,1,25,0,0,0,1028,0,0,0,0,0,1,1,0,0,0,270.492428,0,0,0,0,3,1,1,1,100,0,0,0,3,1,1,0.1,3000,0,0,0,0,0,0,0,0,0,0,0,0,0,0,0,0,0,0,0,0,0,0,0,0,0,0,0,0,0,0,0,0,0,0,0,0,0,0,0,0,0,0,0,0,0,0,0,0,0,0,0
1989,238,23,25,18.429,2,8,0,-1,0,0,1,1,25,0,0,0,1028,0,0,0,0,0,1,1,0,0,0,270.614783,0,0,0,0,3,1,1,1,100,0,0,0,3,1,1,0.1,3000,0,0,0,0,0,0,0,0,0,0,0,0,0,0,0,0,0,0,0,0,0,0,0,0,0,0,0,0,0,0,0,0,0,0,0,0,0,0,0,0,0,0,0,0,0,0,0,0,0,0,0
1989,238,23,25,41.348,2,8,0,-1,1,0,1,1,25,0,0,0,1028,0,0,0,0,0,1,1,0,0,0,270.6531552,0,0,0,0,3,1,1,1,100,0,0,0,3,1,1,0.1,3000,0,0,0,0,0,0,0,0,0,0,0,0,0,0,0,0,0,0,0,0,0,0,0,0,0,0,0,0,0,0,0,0,0,0,0,0,0,0,0,0,0,0,0,0,0,0,0,0,0,0,0
1989,238,23,26,54.429,2,8,0,-1,0,0,1,1,25,0,0,0,1028,0,0,0,0,0,1,1,0,0,0,270.7755112,0,0,0,0,3,1,1,1,100,0,0,0,3,1,1,0.1,3000,0,0,0,0,0,0,0,0,0,0,0,0,0,0,0,0,0,0,0,0,0,0,0,0,0,0,0,0,0,0,0,0,0,0,0,0,0,0,0,0,0,0,0,0,0,0,0,0,0,0,0
1989,238,23,27,17.349,2,8,0,-1,1,0,1,1,25,0,0,0,1028,0,0,0,0,0,1,1,0,0,0,270.813885,0,0,0,0,3,1,1,1,100,0,0,0,3,1,1,0.1,3000,0,0,0,0,0,0,0,0,0,0,0,0,0,0,0,0,0,0,0,0,0,0,0,0,0,0,0,0,0,0,0,0,0,0,0,0,0,0,0,0,0,0,0,0,0,0,0,0,0,0,0
1989,238,23,30,54.429,2,8,0,-1,0,0,1,1,25,0,0,0,1028,0,0,0,0,0,1,1,0,0,0,271.1773282,0,0,0,0,3,1,1,1,100,0,0,0,3,1,1,0.1,3000,0,0,0,0,0,0,0,0,0,0,0,0,0,0,0,0,0,0,0,0,0,0,0,0,0,0,0,0,0,0,0,0,0,0,0,0,0,0,0,0,0,0,0,0,0,0,0,0,0,0,0
1989,238,23,31,17.349,2,8,0,-1,1,0,1,1,25,0,0,0,1028,0,0,0,0,0,1,1,0,0,0,271.2157015,0,0,0,0,3,1,1,1,100,0,0,0,3,1,1,0.1,3000,0,0,0,0,0,0,0,0,0,0,0,0,0,0,0,0,0,0,0,0,0,0,0,0,0,0,0,0,0,0,0,0,0,0,0,0,0,0,0,0,0,0,0,0,0,0,0,0,0,0,0
1989,238,23,32,30.428,2,8,0,-1,0,0,1,1,25,0,0,0,1028,0,0,0,0,0,1,1,0,0,0,271.3380527,0,0,0,0,3,1,1,1,100,0,0,0,3,1,1,0.1,3000,0,0,0,0,0,0,0,0,0,0,0,0,0,0,0,0,0,0,0,0,0,0,0,0,0,0,0,0,0,0,0,0,0,0,0,0,0,0,0,0,0,0,0,0,0,0,0,0,0,0,0
1989,238,23,32,53.348,2,8,0,-1,1,0,1,1,25,0,0,0,1028,0,0,0,0,0,1,1,0,0,0,271.3764249,0,0,0,0,3,1,1,1,100,0,0,0,3,1,1,0.1,3000,0,0,0,0,0,0,0,0,0,0,0,0,0,0,0,0,0,0,0,0,0,0,0,0,0,0,0,0,0,0,0,0,0,0,0,0,0,0,0,0,0,0,0,0,0,0,0,0,0,0,0
1989,238,23,34,6.428,2,8,0,-1,0,0,1,1,25,0,0,0,1028,0,0,0,0,0,1,1,0,0,0,271.4987763,0,0,0,0,3,1,1,1,100,0,0,0,3,1,1,0.1,3000,0,0,0,0,0,0,0,0,0,0,0,0,0,0,0,0,0,0,0,0,0,0,0,0,0,0,0,0,0,0,0,0,0,0,0,0,0,0,0,0,0,0,0,0,0,0,0,0,0,0,0
1989,238,23,34,29.348,2,8,0,-1,1,0,1,1,25,0,0,0,1028,0,0,0,0,0,1,1,0,0,0,271.5371483,0,0,0,0,3,1,1,1,100,0,0,0,3,1,1,0.1,3000,0,0,0,0,0,0,0,0,0,0,0,0,0,0,0,0,0,0,0,0,0,0,0,0,0,0,0,0,0,0,0,0,0,0,0,0,0,0,0,0,0,0,0,0,0,0,0,0,0,0,0
1989,238,23,35,42.428,2,8,0,-1,0,0,1,1,25,0,0,0,1028,0,0,0,0,0,1,1,0,0,0,271.6594999,0,0,0,0,3,1,1,1,100,0,0,0,3,1,1,0.1,3000,0,0,0,0,0,0,0,0,0,0,0,0,0,0,0,0,0,0,0,0,0,0,0,0,0,0,0,0,0,0,0,0,0,0,0,0,0,0,0,0,0,0,0,0,0,0,0,0,0,0,0
1989,238,23,36,5.348,2,8,0,-1,1,0,1,1,25,0,0,0,1028,0,0,0,0,0,1,1,0,0,0,271.6978725,0,0,0,0,3,1,1,1,100,0,0,0,3,1,1,0.1,3000,0,0,0,0,0,0,0,0,0,0,0,0,0,0,0,0,0,0,0,0,0,0,0,0,0,0,0,0,0,0,0,0,0,0,0,0,0,0,0,0,0,0,0,0,0,0,0,0,0,0,0
1989,238,23,37,18.428,2,8,0,-1,0,0,1,1,25,0,0,0,1028,0,0,0,0,0,1,1,0,0,0,271.8202226,0,0,0,0,3,1,1,1,100,0,0,0,3,1,1,0.1,3000,0,0,0,0,0,0,0,0,0,0,0,0,0,0,0,0,0,0,0,0,0,0,0,0,0,0,0,0,0,0,0,0,0,0,0,0,0,0,0,0,0,0,0,0,0,0,0,0,0,0,0
1989,238,23,37,41.347,2,8,0,-1,1,0,1,1,25,0,0,0,1028,0,0,0,0,0,1,1,0,0,0,271.8585934,0,0,0,0,3,1,1,1,100,0,0,0,3,1,1,0.1,3000,0,0,0,0,0,0,0,0,0,0,0,0,0,0,0,0,0,0,0,0,0,0,0,0,0,0,0,0,0,0,0,0,0,0,0,0,0,0,0,0,0,0,0,0,0,0,0,0,0,0,0
1989,238,23,38,54.428,2,8,0,-1,0,0,1,1,25,0,0,0,1028,0,0,0,0,0,1,1,0,0,0,271.9809446,0,0,0,0,3,1,1,1,100,0,0,0,3,1,1,0.1,3000,0,0,0,0,0,0,0,0,0,0,0,0,0,0,0,0,0,0,0,0,0,0,0,0,0,0,0,0,0,0,0,0,0,0,0,0,0,0,0,0,0,0,0,0,0,0,0,0,0,0,0
1989,238,23,39,17.348,2,8,0,-1,1,0,1,1,25,0,0,0,1028,0,0,0,0,0,1,1,0,0,0,272.0193168,0,0,0,0,3,1,1,1,100,0,0,0,3,1,1,0.1,3000,0,0,0,0,0,0,0,0,0,0,0,0,0,0,0,0,0,0,0,0,0,0,0,0,0,0,0,0,0,0,0,0,0,0,0,0,0,0,0,0,0,0,0,0,0,0,0,0,0,0,0
1989,238,23,42,54.428,2,8,0,-1,0,0,1,1,25,0,0,0,1028,0,0,0,0,0,1,1,0,0,0,272.3827456,0,0,0,0,3,1,1,1,100,0,0,0,3,1,1,0.1,3000,0,0,0,0,0,0,0,0,0,0,0,0,0,0,0,0,0,0,0,0,0,0,0,0,0,0,0,0,0,0,0,0,0,0,0,0,0,0,0,0,0,0,0,0,0,0,0,0,0,0,0
1989,238,23,43,17.348,2,8,0,-1,1,0,1,1,25,0,0,0,1028,0,0,0,0,0,1,1,0,0,0,272.4211174,0,0,0,0,3,1,1,1,100,0,0,0,3,1,1,0.1,3000,0,0,0,0,0,0,0,0,0,0,0,0,0,0,0,0,0,0,0,0,0,0,0,0,0,0,0,0,0,0,0,0,0,0,0,0,0,0,0,0,0,0,0,0,0,0,0,0,0,0,0
1989,238,23,44,30.428,2,8,0,-1,0,0,1,1,25,0,0,0,1028,0,0,0,0,0,1,1,0,0,0,272.5434646,0,0,0,0,3,1,1,1,100,0,0,0,3,1,1,0.1,3000,0,0,0,0,0,0,0,0,0,0,0,0,0,0,0,0,0,0,0,0,0,0,0,0,0,0,0,0,0,0,0,0,0,0,0,0,0,0,0,0,0,0,0,0,0,0,0,0,0,0,0
1989,238,23,44,53.348,2,8,0,-1,1,0,1,1,25,0,0,0,1028,0,0,0,0,0,1,1,0,0,0,272.5818353,0,0,0,0,3,1,1,1,100,0,0,0,3,1,1,0.1,3000,0,0,0,0,0,0,0,0,0,0,0,0,0,0,0,0,0,0,0,0,0,0,0,0,0,0,0,0,0,0,0,0,0,0,0,0,0,0,0,0,0,0,0,0,0,0,0,0,0,0,0
1989,238,23,46,6.427,2,8,0,-1,0,0,1,1,25,0,0,0,1028,0,0,0,0,0,1,1,0,0,0,272.704181,0,0,0,0,3,1,1,1,100,0,0,0,3,1,1,0.1,3000,0,0,0,0,0,0,0,0,0,0,0,0,0,0,0,0,0,0,0,0,0,0,0,0,0,0,0,0,0,0,0,0,0,0,0,0,0,0,0,0,0,0,0,0,0,0,0,0,0,0,0
1989,238,23,46,29.346,2,8,0,-1,1,0,1,1,25,0,0,0,1028,0,0,0,0,0,1,1,0,0,0,272.7425507,0,0,0,0,3,1,1,1,100,0,0,0,3,1,1,0.1,3000,0,0,0,0,0,0,0,0,0,0,0,0,0,0,0,0,0,0,0,0,0,0,0,0,0,0,0,0,0,0,0,0,0,0,0,0,0,0,0,0,0,0,0,0,0,0,0,0,0,0,0
1989,238,23,47,42.427,2,8,0,-1,0,0,1,1,25,0,0,0,1028,0,0,0,0,0,1,1,0,0,0,272.8648983,0,0,0,0,3,1,1,1,100,0,0,0,3,1,1,0.1,3000,0,0,0,0,0,0,0,0,0,0,0,0,0,0,0,0,0,0,0,0,0,0,0,0,0,0,0,0,0,0,0,0,0,0,0,0,0,0,0,0,0,0,0,0,0,0,0,0,0,0,0
1989,238,23,48,5.347,2,8,0,-1,1,0,1,1,25,0,0,0,1028,0,0,0,0,0,1,1,0,0,0,272.9032694,0,0,0,0,3,1,1,1,100,0,0,0,3,1,1,0.1,3000,0,0,0,0,0,0,0,0,0,0,0,0,0,0,0,0,0,0,0,0,0,0,0,0,0,0,0,0,0,0,0,0,0,0,0,0,0,0,0,0,0,0,0,0,0,0,0,0,0,0,0
1989,238,23,49,18.427,2,8,0,-1,0,0,1,1,25,0,0,0,1028,0,0,0,0,0,1,1,0,0,0,273.0256147,0,0,0,0,3,1,1,1,100,0,0,0,3,1,1,0.1,3000,0,0,0,0,0,0,0,0,0,0,0,0,0,0,0,0,0,0,0,0,0,0,0,0,0,0,0,0,0,0,0,0,0,0,0,0,0,0,0,0,0,0,0,0,0,0,0,0,0,0,0
1989,238,23,49,41.346,2,8,0,-1,1,0,1,1,25,0,0,0,1028,0,0,0,0,0,1,1,0,0,0,273.063984,0,0,0,0,3,1,1,1,100,0,0,0,3,1,1,0.1,3000,0,0,0,0,0,0,0,0,0,0,0,0,0,0,0,0,0,0,0,0,0,0,0,0,0,0,0,0,0,0,0,0,0,0,0,0,0,0,0,0,0,0,0,0,0,0,0,0,0,0,0
1989,238,23,50,54.427,2,8,0,-1,0,0,1,1,25,0,0,0,1028,0,0,0,0,0,1,1,0,0,0,273.1863303,0,0,0,0,3,1,1,1,100,0,0,0,3,1,1,0.1,3000,0,0,0,0,0,0,0,0,0,0,0,0,0,0,0,0,0,0,0,0,0,0,0,0,0,0,0,0,0,0,0,0,0,0,0,0,0,0,0,0,0,0,0,0,0,0,0,0,0,0,0
1989,238,23,51,17.346,2,8,0,-1,1,0,1,1,25,0,0,0,1028,0,0,0,0,0,1,1,0,0,0,273.2247002,0,0,0,0,3,1,1,1,100,0,0,0,3,1,1,0.1,3000,0,0,0,0,0,0,0,0,0,0,0,0,0,0,0,0,0,0,0,0,0,0,0,0,0,0,0,0,0,0,0,0,0,0,0,0,0,0,0,0,0,0,0,0,0,0,0,0,0,0,0
1989,238,23,54,54.427,2,8,0,-1,0,0,1,1,25,0,0,0,1028,0,0,0,0,0,1,1,0,0,0,273.5881156,0,0,0,0,3,1,1,1,100,0,0,0,3,1,1,0.1,3000,0,0,0,0,0,0,0,0,0,0,0,0,0,0,0,0,0,0,0,0,0,0,0,0,0,0,0,0,0,0,0,0,0,0,0,0,0,0,0,0,0,0,0,0,0,0,0,0,0,0,0
1989,238,23,55,17.346,2,8,0,-1,1,0,1,1,25,0,0,0,1028,0,0,0,0,0,1,1,0,0,0,273.626485,0,0,0,0,3,1,1,1,100,0,0,0,3,1,1,0.1,3000,0,0,0,0,0,0,0,0,0,0,0,0,0,0,0,0,0,0,0,0,0,0,0,0,0,0,0,0,0,0,0,0,0,0,0,0,0,0,0,0,0,0,0,0,0,0,0,0,0,0,0
1989,238,23,56,30.427,2,8,0,-1,0,0,1,1,25,0,0,0,1028,0,0,0,0,0,1,1,0,0,0,273.7488283,0,0,0,0,3,1,1,1,100,0,0,0,3,1,1,0.1,3000,0,0,0,0,0,0,0,0,0,0,0,0,0,0,0,0,0,0,0,0,0,0,0,0,0,0,0,0,0,0,0,0,0,0,0,0,0,0,0,0,0,0,0,0,0,0,0,0,0,0,0
1989,238,23,56,53.346,2,8,0,-1,1,0,1,1,25,0,0,0,1028,0,0,0,0,0,1,1,0,0,0,273.7871975,0,0,0,0,3,1,1,1,100,0,0,0,3,1,1,0.1,3000,0,0,0,0,0,0,0,0,0,0,0,0,0,0,0,0,0,0,0,0,0,0,0,0,0,0,0,0,0,0,0,0,0,0,0,0,0,0,0,0,0,0,0,0,0,0,0,0,0,0,0
1989,238,23,58,6.427,2,8,0,-1,0,0,1,1,25,0,0,0,1028,0,0,0,0,0,1,1,0,0,0,273.9095393,0,0,0,0,3,1,1,1,100,0,0,0,3,1,1,0.1,3000,0,0,0,0,0,0,0,0,0,0,0,0,0,0,0,0,0,0,0,0,0,0,0,0,0,0,0,0,0,0,0,0,0,0,0,0,0,0,0,0,0,0,0,0,0,0,0,0,0,0,0
1989,238,23,58,29.345,2,8,0,-1,1,0,1,1,25,0,0,0,1028,0,0,0,0,0,1,1,0,0,0,273.9479074,0,0,0,0,3,1,1,1,100,0,0,0,3,1,1,0.1,3000,0,0,0,0,0,0,0,0,0,0,0,0,0,0,0,0,0,0,0,0,0,0,0,0,0,0,0,0,0,0,0,0,0,0,0,0,0,0,0,0,0,0,0,0,0,0,0,0,0,0,0
1989,238,23,59,42.426,2,8,0,-1,0,0,1,1,25,0,0,0,1028,0,0,0,0,0,1,1,0,0,0,274.0702494,0,0,0,0,3,1,1,1,100,0,0,0,3,1,1,0.1,3000,0,0,0,0,0,0,0,0,0,0,0,0,0,0,0,0,0,0,0,0,0,0,0,0,0,0,0,0,0,0,0,0,0,0,0,0,0,0,0,0,0,0,0,0,0,0,0,0,0,0,0
1989,239,0,0,5.346,2,8,0,-1,1,0,1,1,25,0,0,0,1028,0,0,0,0,0,1,1,0,0,0,274.108619,0,0,0,0,3,1,1,1,100,0,0,0,3,1,1,0.1,3000,0,0,0,0,0,0,0,0,0,0,0,0,0,0,0,0,0,0,0,0,0,0,0,0,0,0,0,0,0,0,0,0,0,0,0,0,0,0,0,0,0,0,0,0,0,0,0,0,0,0,0
1989,239,0,1,18.426,2,8,0,-1,0,0,1,1,25,0,0,0,1028,0,0,0,0,0,1,1,0,0,0,274.2309596,0,0,0,0,3,1,1,1,100,0,0,0,3,1,1,0.1,3000,0,0,0,0,0,0,0,0,0,0,0,0,0,0,0,0,0,0,0,0,0,0,0,0,0,0,0,0,0,0,0,0,0,0,0,0,0,0,0,0,0,0,0,0,0,0,0,0,0,0,0
1989,239,0,1,41.345,2,8,0,-1,1,0,1,1,25,0,0,0,1028,0,0,0,0,0,1,1,0,0,0,274.2693273,0,0,0,0,3,1,1,1,100,0,0,0,3,1,1,0.1,3000,0,0,0,0,0,0,0,0,0,0,0,0,0,0,0,0,0,0,0,0,0,0,0,0,0,0,0,0,0,0,0,0,0,0,0,0,0,0,0,0,0,0,0,0,0,0,0,0,0,0,0
1989,239,0,2,54.426,2,8,0,-1,0,0,1,1,25,0,0,0,1028,0,0,0,0,0,1,1,0,0,0,274.3916689,0,0,0,0,3,1,1,1,100,0,0,0,3,1,1,0.1,3000,0,0,0,0,0,0,0,0,0,0,0,0,0,0,0,0,0,0,0,0,0,0,0,0,0,0,0,0,0,0,0,0,0,0,0,0,0,0,0,0,0,0,0,0,0,0,0,0,0,0,0
1989,239,0,3,17.346,2,8,0,-1,1,0,1,1,25,0,0,0,1028,0,0,0,0,0,1,1,0,0,0,274.4300373,0,0,0,0,3,1,1,1,100,0,0,0,3,1,1,0.1,3000,0,0,0,0,0,0,0,0,0,0,0,0,0,0,0,0,0,0,0,0,0,0,0,0,0,0,0,0,0,0,0,0,0,0,0,0,0,0,0,0,0,0,0,0,0,0,0,0,0,0,0
1989,239,0,6,54.426,2,8,0,-1,0,0,1,1,25,0,0,0,1028,0,0,0,0,0,1,1,0,0,0,274.7934386,0,0,0,0,3,1,1,1,100,0,0,0,3,1,1,0.1,3000,0,0,0,0,0,0,0,0,0,0,0,0,0,0,0,0,0,0,0,0,0,0,0,0,0,0,0,0,0,0,0,0,0,0,0,0,0,0,0,0,0,0,0,0,0,0,0,0,0,0,0
1989,239,0,7,17.345,2,8,0,-1,1,0,1,1,25,0,0,0,1028,0,0,0,0,0,1,1,0,0,0,274.8318065,0,0,0,0,3,1,1,1,100,0,0,0,3,1,1,0.1,3000,0,0,0,0,0,0,0,0,0,0,0,0,0,0,0,0,0,0,0,0,0,0,0,0,0,0,0,0,0,0,0,0,0,0,0,0,0,0,0,0,0,0,0,0,0,0,0,0,0,0,0
1989,239,0,8,30.426,2,8,0,-1,0,0,1,1,25,0,0,0,1028,0,0,0,0,0,1,1,0,0,0,274.954145,0,0,0,0,3,1,1,1,100,0,0,0,3,1,1,0.1,3000,0,0,0,0,0,0,0,0,0,0,0,0,0,0,0,0,0,0,0,0,0,0,0,0,0,0,0,0,0,0,0,0,0,0,0,0,0,0,0,0,0,0,0,0,0,0,0,0,0,0,0
1989,239,0,8,53.345,2,8,0,-1,1,0,1,1,25,0,0,0,1028,0,0,0,0,0,1,1,0,0,0,274.9925127,0,0,0,0,3,1,1,1,100,0,0,0,3,1,1,0.1,3000,0,0,0,0,0,0,0,0,0,0,0,0,0,0,0,0,0,0,0,0,0,0,0,0,0,0,0,0,0,0,0,0,0,0,0,0,0,0,0,0,0,0,0,0,0,0,0,0,0,0,0
1989,239,0,10,6.426,2,8,0,-1,0,0,1,1,25,0,0,0,1028,0,0,0,0,0,1,1,0,0,0,275.1148506,0,0,0,0,3,1,1,1,100,0,0,0,3,1,1,0.1,3000,0,0,0,0,0,0,0,0,0,0,0,0,0,0,0,0,0,0,0,0,0,0,0,0,0,0,0,0,0,0,0,0,0,0,0,0,0,0,0,0,0,0,0,0,0,0,0,0,0,0,0
1989,239,0,10,29.345,2,8,0,-1,1,0,1,1,25,0,0,0,1028,0,0,0,0,0,1,1,0,0,0,275.1532173,0,0,0,0,3,1,1,1,100,0,0,0,3,1,1,0.1,3000,0,0,0,0,0,0,0,0,0,0,0,0,0,0,0,0,0,0,0,0,0,0,0,0,0,0,0,0,0,0,0,0,0,0,0,0,0,0,0,0,0,0,0,0,0,0,0,0,0,0,0
1989,239,0,11,42.425,2,8,0,-1,0,0,1,1,25,0,0,0,1028,0,0,0,0,0,1,1,0,0,0,275.2755545,0,0,0,0,3,1,1,1,100,0,0,0,3,1,1,0.1,3000,0,0,0,0,0,0,0,0,0,0,0,0,0,0,0,0,0,0,0,0,0,0,0,0,0,0,0,0,0,0,0,0,0,0,0,0,0,0,0,0,0,0,0,0,0,0,0,0,0,0,0
1989,239,0,12,5.345,2,8,0,-1,1,0,1,1,25,0,0,0,1028,0,0,0,0,0,1,1,0,0,0,275.3139227,0,0,0,0,3,1,1,1,100,0,0,0,3,1,1,0.1,3000,0,0,0,0,0,0,0,0,0,0,0,0,0,0,0,0,0,0,0,0,0,0,0,0,0,0,0,0,0,0,0,0,0,0,0,0,0,0,0,0,0,0,0,0,0,0,0,0,0,0,0
1989,239,0,13,18.425,2,8,0,-1,0,0,1,1,25,0,0,0,1028,0,0,0,0,0,1,1,0,0,0,275.4362576,0,0,0,0,3,1,1,1,100,0,0,0,3,1,1,0.1,3000,0,0,0,0,0,0,0,0,0,0,0,0,0,0,0,0,0,0,0,0,0,0,0,0,0,0,0,0,0,0,0,0,0,0,0,0,0,0,0,0,0,0,0,0,0,0,0,0,0,0,0
1989,239,0,13,41.344,2,8,0,-1,1,0,1,1,25,0,0,0,1028,0,0,0,0,0,1,1,0,0,0,275.4746239,0,0,0,0,3,1,1,1,100,0,0,0,3,1,1,0.1,3000,0,0,0,0,0,0,0,0,0,0,0,0,0,0,0,0,0,0,0,0,0,0,0,0,0,0,0,0,0,0,0,0,0,0,0,0,0,0,0,0,0,0,0,0,0,0,0,0,0,0,0
1989,239,0,14,54.425,2,8,0,-1,0,0,1,1,25,0,0,0,1028,0,0,0,0,0,1,1,0,0,0,275.5969608,0,0,0,0,3,1,1,1,100,0,0,0,3,1,1,0.1,3000,0,0,0,0,0,0,0,0,0,0,0,0,0,0,0,0,0,0,0,0,0,0,0,0,0,0,0,0,0,0,0,0,0,0,0,0,0,0,0,0,0,0,0,0,0,0,0,0,0,0,0
1989,239,0,15,17.345,2,8,0,-1,1,0,1,1,25,0,0,0,1028,0,0,0,0,0,1,1,0,0,0,275.6353277,0,0,0,0,3,1,1,1,100,0,0,0,3,1,1,0.1,3000,0,0,0,0,0,0,0,0,0,0,0,0,0,0,0,0,0,0,0,0,0,0,0,0,0,0,0,0,0,0,0,0,0,0,0,0,0,0,0,0,0,0,0,0,0,0,0,0,0,0,0
1989,239,0,18,54.425,2,8,0,-1,0,0,1,1,25,0,0,0,1028,0,0,0,0,0,1,1,0,0,0,275.998715,0,0,0,0,3,1,1,1,100,0,0,0,3,1,1,0.1,3000,0,0,0,0,0,0,0,0,0,0,0,0,0,0,0,0,0,0,0,0,0,0,0,0,0,0,0,0,0,0,0,0,0,0,0,0,0,0,0,0,0,0,0,0,0,0,0,0,0,0,0
1989,239,0,19,17.345,2,8,0,-1,1,0,1,1,25,0,0,0,1028,0,0,0,0,0,1,1,0,0,0,276.0370814,0,0,0,0,3,1,1,1,100,0,0,0,3,1,1,0.1,3000,0,0,0,0,0,0,0,0,0,0,0,0,0,0,0,0,0,0,0,0,0,0,0,0,0,0,0,0,0,0,0,0,0,0,0,0,0,0,0,0,0,0,0,0,0,0,0,0,0,0,0
1989,239,0,20,30.425,2,8,0,-1,0,0,1,1,25,0,0,0,1028,0,0,0,0,0,1,1,0,0,0,276.1594152,0,0,0,0,3,1,1,1,100,0,0,0,3,1,1,0.1,3000,0,0,0,0,0,0,0,0,0,0,0,0,0,0,0,0,0,0,0,0,0,0,0,0,0,0,0,0,0,0,0,0,0,0,0,0,0,0,0,0,0,0,0,0,0,0,0,0,0,0,0
1989,239,0,20,53.345,2,8,0,-1,1,0,1,1,25,0,0,0,1028,0,0,0,0,0,1,1,0,0,0,276.1977814,0,0,0,0,3,1,1,1,100,0,0,0,3,1,1,0.1,3000,0,0,0,0,0,0,0,0,0,0,0,0,0,0,0,0,0,0,0,0,0,0,0,0,0,0,0,0,0,0,0,0,0,0,0,0,0,0,0,0,0,0,0,0,0,0,0,0,0,0,0
1989,239,0,22,6.425,2,8,0,-1,0,0,1,1,25,0,0,0,1028,0,0,0,0,0,1,1,0,0,0,276.3201146,0,0,0,0,3,1,1,1,100,0,0,0,3,1,1,0.1,3000,0,0,0,0,0,0,0,0,0,0,0,0,0,0,0,0,0,0,0,0,0,0,0,0,0,0,0,0,0,0,0,0,0,0,0,0,0,0,0,0,0,0,0,0,0,0,0,0,0,0,0
1989,239,0,22,29.344,2,8,0,-1,1,0,1,1,25,0,0,0,1028,0,0,0,0,0,1,1,0,0,0,276.3584798,0,0,0,0,3,1,1,1,100,0,0,0,3,1,1,0.1,3000,0,0,0,0,0,0,0,0,0,0,0,0,0,0,0,0,0,0,0,0,0,0,0,0,0,0,0,0,0,0,0,0,0,0,0,0,0,0,0,0,0,0,0,0,0,0,0,0,0,0,0
1989,239,0,23,42.425,2,8,0,-1,0,0,1,1,25,0,0,0,1028,0,0,0,0,0,1,1,0,0,0,276.4808132,0,0,0,0,3,1,1,1,100,0,0,0,3,1,1,0.1,3000,0,0,0,0,0,0,0,0,0,0,0,0,0,0,0,0,0,0,0,0,0,0,0,0,0,0,0,0,0,0,0,0,0,0,0,0,0,0,0,0,0,0,0,0,0,0,0,0,0,0,0
1989,239,0,24,5.345,2,8,0,-1,1,0,1,1,25,0,0,0,1028,0,0,0,0,0,1,1,0,0,0,276.5191799,0,0,0,0,3,1,1,1,100,0,0,0,3,1,1,0.1,3000,0,0,0,0,0,0,0,0,0,0,0,0,0,0,0,0,0,0,0,0,0,0,0,0,0,0,0,0,0,0,0,0,0,0,0,0,0,0,0,0,0,0,0,0,0,0,0,0,0,0,0
1989,239,0,25,18.424,2,8,0,-1,0,0,1,1,25,0,0,0,1028,0,0,0,0,0,1,1,0,0,0,276.6415093,0,0,0,0,3,1,1,1,100,0,0,0,3,1,1,0.1,3000,0,0,0,0,0,0,0,0,0,0,0,0,0,0,0,0,0,0,0,0,0,0,0,0,0,0,0,0,0,0,0,0,0,0,0,0,0,0,0,0,0,0,0,0,0,0,0,0,0,0,0
1989,239,0,25,41.343,2,8,0,-1,1,0,1,1,25,0,0,0,1028,0,0,0,0,0,1,1,0,0,0,276.6798741,0,0,0,0,3,1,1,1,100,0,0,0,3,1,1,0.1,3000,0,0,0,0,0,0,0,0,0,0,0,0,0,0,0,0,0,0,0,0,0,0,0,0,0,0,0,0,0,0,0,0,0,0,0,0,0,0,0,0,0,0,0,0,0,0,0,0,0,0,0
1989,239,0,26,54.424,2,8,0,-1,0,0,1,1,25,0,0,0,1028,0,0,0,0,0,1,1,0,0,0,276.8022063,0,0,0,0,3,1,1,1,100,0,0,0,3,1,1,0.1,3000,0,0,0,0,0,0,0,0,0,0,0,0,0,0,0,0,0,0,0,0,0,0,0,0,0,0,0,0,0,0,0,0,0,0,0,0,0,0,0,0,0,0,0,0,0,0,0,0,0,0,0
1989,239,0,27,17.344,2,8,0,-1,1,0,1,1,25,0,0,0,1028,0,0,0,0,0,1,1,0,0,0,276.8405726,0,0,0,0,3,1,1,1,100,0,0,0,3,1,1,0.1,3000,0,0,0,0,0,0,0,0,0,0,0,0,0,0,0,0,0,0,0,0,0,0,0,0,0,0,0,0,0,0,0,0,0,0,0,0,0,0,0,0,0,0,0,0,0,0,0,0,0,0,0
1989,239,0,30,54.424,2,8,0,-1,0,0,1,1,25,0,0,0,1028,0,0,0,0,0,1,1,0,0,0,277.2039452,0,0,0,0,3,1,1,1,100,0,0,0,3,1,1,0.1,3000,0,0,0,0,0,0,0,0,0,0,0,0,0,0,0,0,0,0,0,0,0,0,0,0,0,0,0,0,0,0,0,0,0,0,0,0,0,0,0,0,0,0,0,0,0,0,0,0,0,0,0
1989,239,0,31,17.344,2,8,0,-1,1,0,1,1,25,0,0,0,1028,0,0,0,0,0,1,1,0,0,0,277.242311,0,0,0,0,3,1,1,1,100,0,0,0,3,1,1,0.1,3000,0,0,0,0,0,0,0,0,0,0,0,0,0,0,0,0,0,0,0,0,0,0,0,0,0,0,0,0,0,0,0,0,0,0,0,0,0,0,0,0,0,0,0,0,0,0,0,0,0,0,0
1989,239,0,32,30.424,2,8,0,-1,0,0,1,1,25,0,0,0,1028,0,0,0,0,0,1,1,0,0,0,277.3646393,0,0,0,0,3,1,1,1,100,0,0,0,3,1,1,0.1,3000,0,0,0,0,0,0,0,0,0,0,0,0,0,0,0,0,0,0,0,0,0,0,0,0,0,0,0,0,0,0,0,0,0,0,0,0,0,0,0,0,0,0,0,0,0,0,0,0,0,0,0
1989,239,0,32,53.344,2,8,0,-1,1,0,1,1,25,0,0,0,1028,0,0,0,0,0,1,1,0,0,0,277.403004,0,0,0,0,3,1,1,1,100,0,0,0,3,1,1,0.1,3000,0,0,0,0,0,0,0,0,0,0,0,0,0,0,0,0,0,0,0,0,0,0,0,0,0,0,0,0,0,0,0,0,0,0,0,0,0,0,0,0,0,0,0,0,0,0,0,0,0,0,0
1989,239,0,34,6.424,2,8,0,-1,0,0,1,1,25,0,0,0,1028,0,0,0,0,0,1,1,0,0,0,277.5253326,0,0,0,0,3,1,1,1,100,0,0,0,3,1,1,0.1,3000,0,0,0,0,0,0,0,0,0,0,0,0,0,0,0,0,0,0,0,0,0,0,0,0,0,0,0,0,0,0,0,0,0,0,0,0,0,0,0,0,0,0,0,0,0,0,0,0,0,0,0
1989,239,0,34,29.344,2,8,0,-1,1,0,1,1,25,0,0,0,1028,0,0,0,0,0,1,1,0,0,0,277.5636971,0,0,0,0,3,1,1,1,100,0,0,0,3,1,1,0.1,3000,0,0,0,0,0,0,0,0,0,0,0,0,0,0,0,0,0,0,0,0,0,0,0,0,0,0,0,0,0,0,0,0,0,0,0,0,0,0,0,0,0,0,0,0,0,0,0,0,0,0,0
1989,239,0,35,42.424,2,8,0,-1,0,0,1,1,25,0,0,0,1028,0,0,0,0,0,1,1,0,0,0,277.6860251,0,0,0,0,3,1,1,1,100,0,0,0,3,1,1,0.1,3000,0,0,0,0,0,0,0,0,0,0,0,0,0,0,0,0,0,0,0,0,0,0,0,0,0,0,0,0,0,0,0,0,0,0,0,0,0,0,0,0,0,0,0,0,0,0,0,0,0,0,0
1989,239,0,36,5.344,2,8,0,-1,1,0,1,1,25,0,0,0,1028,0,0,0,0,0,1,1,0,0,0,277.7243903,0,0,0,0,3,1,1,1,100,0,0,0,3,1,1,0.1,3000,0,0,0,0,0,0,0,0,0,0,0,0,0,0,0,0,0,0,0,0,0,0,0,0,0,0,0,0,0,0,0,0,0,0,0,0,0,0,0,0,0,0,0,0,0,0,0,0,0,0,0
1989,239,0,37,18.424,2,8,0,-1,0,0,1,1,25,0,0,0,1028,0,0,0,0,0,1,1,0,0,0,277.8467159,0,0,0,0,3,1,1,1,100,0,0,0,3,1,1,0.1,3000,0,0,0,0,0,0,0,0,0,0,0,0,0,0,0,0,0,0,0,0,0,0,0,0,0,0,0,0,0,0,0,0,0,0,0,0,0,0,0,0,0,0,0,0,0,0,0,0,0,0,0
1989,239,0,37,41.342,2,8,0,-1,1,0,1,1,25,0,0,0,1028,0,0,0,0,0,1,1,0,0,0,277.8850793,0,0,0,0,3,1,1,1,100,0,0,0,3,1,1,0.1,3000,0,0,0,0,0,0,0,0,0,0,0,0,0,0,0,0,0,0,0,0,0,0,0,0,0,0,0,0,0,0,0,0,0,0,0,0,0,0,0,0,0,0,0,0,0,0,0,0,0,0,0
1989,239,0,38,54.423,2,8,0,-1,0,0,1,1,25,0,0,0,1028,0,0,0,0,0,1,1,0,0,0,278.0074059,0,0,0,0,3,1,1,1,100,0,0,0,3,1,1,0.1,3000,0,0,0,0,0,0,0,0,0,0,0,0,0,0,0,0,0,0,0,0,0,0,0,0,0,0,0,0,0,0,0,0,0,0,0,0,0,0,0,0,0,0,0,0,0,0,0,0,0,0,0
1989,239,0,39,17.343,2,8,0,-1,1,0,1,1,25,0,0,0,1028,0,0,0,0,0,1,1,0,0,0,278.0457708,0,0,0,0,3,1,1,1,100,0,0,0,3,1,1,0.1,3000,0,0,0,0,0,0,0,0,0,0,0,0,0,0,0,0,0,0,0,0,0,0,0,0,0,0,0,0,0,0,0,0,0,0,0,0,0,0,0,0,0,0,0,0,0,0,0,0,0,0,0
1989,239,0,42,54.423,2,8,0,-1,0,0,1,1,25,0,0,0,1028,0,0,0,0,0,1,1,0,0,0,278.4091296,0,0,0,0,3,1,1,1,100,0,0,0,3,1,1,0.1,3000,0,0,0,0,0,0,0,0,0,0,0,0,0,0,0,0,0,0,0,0,0,0,0,0,0,0,0,0,0,0,0,0,0,0,0,0,0,0,0,0,0,0,0,0,0,0,0,0,0,0,0
1989,239,0,43,17.343,2,8,0,-1,1,0,1,1,25,0,0,0,1028,0,0,0,0,0,1,1,0,0,0,278.4474939,0,0,0,0,3,1,1,1,100,0,0,0,3,1,1,0.1,3000,0,0,0,0,0,0,0,0,0,0,0,0,0,0,0,0,0,0,0,0,0,0,0,0,0,0,0,0,0,0,0,0,0,0,0,0,0,0,0,0,0,0,0,0,0,0,0,0,0,0,0
1989,239,0,44,30.423,2,8,0,-1,0,0,1,1,25,0,0,0,1028,0,0,0,0,0,1,1,0,0,0,278.5698176,0,0,0,0,3,1,1,1,100,0,0,0,3,1,1,0.1,3000,0,0,0,0,0,0,0,0,0,0,0,0,0,0,0,0,0,0,0,0,0,0,0,0,0,0,0,0,0,0,0,0,0,0,0,0,0,0,0,0,0,0,0,0,0,0,0,0,0,0,0
1989,239,0,44,53.342,2,8,0,-1,1,0,1,1,25,0,0,0,1028,0,0,0,0,0,1,1,0,0,0,278.6081809,0,0,0,0,3,1,1,1,100,0,0,0,3,1,1,0.1,3000,0,0,0,0,0,0,0,0,0,0,0,0,0,0,0,0,0,0,0,0,0,0,0,0,0,0,0,0,0,0,0,0,0,0,0,0,0,0,0,0,0,0,0,0,0,0,0,0,0,0,0
1989,239,0,46,6.423,2,8,0,-1,0,0,1,1,25,0,0,0,1028,0,0,0,0,0,1,1,0,0,0,278.7305049,0,0,0,0,3,1,1,1,100,0,0,0,3,1,1,0.1,3000,0,0,0,0,0,0,0,0,0,0,0,0,0,0,0,0,0,0,0,0,0,0,0,0,0,0,0,0,0,0,0,0,0,0,0,0,0,0,0,0,0,0,0,0,0,0,0,0,0,0,0
1989,239,0,46,29.342,2,8,0,-1,1,0,1,1,25,0,0,0,1028,0,0,0,0,0,1,1,0,0,0,278.768868,0,0,0,0,3,1,1,1,100,0,0,0,3,1,1,0.1,3000,0,0,0,0,0,0,0,0,0,0,0,0,0,0,0,0,0,0,0,0,0,0,0,0,0,0,0,0,0,0,0,0,0,0,0,0,0,0,0,0,0,0,0,0,0,0,0,0,0,0,0
1989,239,0,47,42.423,2,8,0,-1,0,0,1,1,25,0,0,0,1028,0,0,0,0,0,1,1,0,0,0,278.8911913,0,0,0,0,3,1,1,1,100,0,0,0,3,1,1,0.1,3000,0,0,0,0,0,0,0,0,0,0,0,0,0,0,0,0,0,0,0,0,0,0,0,0,0,0,0,0,0,0,0,0,0,0,0,0,0,0,0,0,0,0,0,0,0,0,0,0,0,0,0
1989,239,0,48,5.343,2,8,0,-1,1,0,1,1,25,0,0,0,1028,0,0,0,0,0,1,1,0,0,0,278.9295551,0,0,0,0,3,1,1,1,100,0,0,0,3,1,1,0.1,3000,0,0,0,0,0,0,0,0,0,0,0,0,0,0,0,0,0,0,0,0,0,0,0,0,0,0,0,0,0,0,0,0,0,0,0,0,0,0,0,0,0,0,0,0,0,0,0,0,0,0,0
1989,239,0,49,18.423,2,8,0,-1,0,0,1,1,25,0,0,0,1028,0,0,0,0,0,1,1,0,0,0,279.0518769,0,0,0,0,3,1,1,1,100,0,0,0,3,1,1,0.1,3000,0,0,0,0,0,0,0,0,0,0,0,0,0,0,0,0,0,0,0,0,0,0,0,0,0,0,0,0,0,0,0,0,0,0,0,0,0,0,0,0,0,0,0,0,0,0,0,0,0,0,0
1989,239,0,49,41.342,2,8,0,-1,1,0,1,1,25,0,0,0,1028,0,0,0,0,0,1,1,0,0,0,279.0902388,0,0,0,0,3,1,1,1,100,0,0,0,3,1,1,0.1,3000,0,0,0,0,0,0,0,0,0,0,0,0,0,0,0,0,0,0,0,0,0,0,0,0,0,0,0,0,0,0,0,0,0,0,0,0,0,0,0,0,0,0,0,0,0,0,0,0,0,0,0
1989,239,0,50,54.422,2,8,0,-1,0,0,1,1,25,0,0,0,1028,0,0,0,0,0,1,1,0,0,0,279.2125601,0,0,0,0,3,1,1,1,100,0,0,0,3,1,1,0.1,3000,0,0,0,0,0,0,0,0,0,0,0,0,0,0,0,0,0,0,0,0,0,0,0,0,0,0,0,0,0,0,0,0,0,0,0,0,0,0,0,0,0,0,0,0,0,0,0,0,0,0,0
1989,239,0,51,17.342,2,8,0,-1,1,0,1,1,25,0,0,0,1028,0,0,0,0,0,1,1,0,0,0,279.2509235,0,0,0,0,3,1,1,1,100,0,0,0,3,1,1,0.1,3000,0,0,0,0,0,0,0,0,0,0,0,0,0,0,0,0,0,0,0,0,0,0,0,0,0,0,0,0,0,0,0,0,0,0,0,0,0,0,0,0,0,0,0,0,0,0,0,0,0,0,0
1989,239,0,54,54.422,2,8,0,-1,0,0,1,1,25,0,0,0,1028,0,0,0,0,0,1,1,0,0,0,279.6142686,0,0,0,0,3,1,1,1,100,0,0,0,3,1,1,0.1,3000,0,0,0,0,0,0,0,0,0,0,0,0,0,0,0,0,0,0,0,0,0,0,0,0,0,0,0,0,0,0,0,0,0,0,0,0,0,0,0,0,0,0,0,0,0,0,0,0,0,0,0
1989,239,0,55,17.342,2,8,0,-1,1,0,1,1,25,0,0,0,1028,0,0,0,0,0,1,1,0,0,0,279.6526315,0,0,0,0,3,1,1,1,100,0,0,0,3,1,1,0.1,3000,0,0,0,0,0,0,0,0,0,0,0,0,0,0,0,0,0,0,0,0,0,0,0,0,0,0,0,0,0,0,0,0,0,0,0,0,0,0,0,0,0,0,0,0,0,0,0,0,0,0,0
1989,239,0,56,30.422,2,8,0,-1,0,0,1,1,25,0,0,0,1028,0,0,0,0,0,1,1,0,0,0,279.7749507,0,0,0,0,3,1,1,1,100,0,0,0,3,1,1,0.1,3000,0,0,0,0,0,0,0,0,0,0,0,0,0,0,0,0,0,0,0,0,0,0,0,0,0,0,0,0,0,0,0,0,0,0,0,0,0,0,0,0,0,0,0,0,0,0,0,0,0,0,0
1989,239,0,56,53.342,2,8,0,-1,1,0,1,1,25,0,0,0,1028,0,0,0,0,0,1,1,0,0,0,279.8133134,0,0,0,0,3,1,1,1,100,0,0,0,3,1,1,0.1,3000,0,0,0,0,0,0,0,0,0,0,0,0,0,0,0,0,0,0,0,0,0,0,0,0,0,0,0,0,0,0,0,0,0,0,0,0,0,0,0,0,0,0,0,0,0,0,0,0,0,0,0
1989,239,0,58,6.422,2,8,0,-1,0,0,1,1,25,0,0,0,1028,0,0,0,0,0,1,1,0,0,0,279.9356319,0,0,0,0,3,1,1,1,100,0,0,0,3,1,1,0.1,3000,0,0,0,0,0,0,0,0,0,0,0,0,0,0,0,0,0,0,0,0,0,0,0,0,0,0,0,0,0,0,0,0,0,0,0,0,0,0,0,0,0,0,0,0,0,0,0,0,0,0,0
1989,239,0,58,29.341,2,8,0,-1,1,0,1,1,25,0,0,0,1028,0,0,0,0,0,1,1,0,0,0,279.9739936,0,0,0,0,3,1,1,1,100,0,0,0,3,1,1,0.1,3000,0,0,0,0,0,0,0,0,0,0,0,0,0,0,0,0,0,0,0,0,0,0,0,0,0,0,0,0,0,0,0,0,0,0,0,0,0,0,0,0,0,0,0,0,0,0,0,0,0,0,0
1989,239,0,59,42.422,2,8,0,-1,0,0,1,1,25,0,0,0,1028,0,0,0,0,0,1,1,0,0,0,280.0963123,0,0,0,0,3,1,1,1,100,0,0,0,3,1,1,0.1,3000,0,0,0,0,0,0,0,0,0,0,0,0,0,0,0,0,0,0,0,0,0,0,0,0,0,0,0,0,0,0,0,0,0,0,0,0,0,0,0,0,0,0,0,0,0,0,0,0,0,0,0
1989,239,1,0,5.342,2,8,0,-1,1,0,1,1,25,0,0,0,1028,0,0,0,0,0,1,1,0,0,0,280.1346746,0,0,0,0,3,1,1,1,100,0,0,0,3,1,1,0.1,3000,0,0,0,0,0,0,0,0,0,0,0,0,0,0,0,0,0,0,0,0,0,0,0,0,0,0,0,0,0,0,0,0,0,0,0,0,0,0,0,0,0,0,0,0,0,0,0,0,0,0,0
1989,239,1,1,18.422,2,8,0,-1,0,0,1,1,25,0,0,0,1028,0,0,0,0,0,1,1,0,0,0,280.2569919,0,0,0,0,3,1,1,1,100,0,0,0,3,1,1,0.1,3000,0,0,0,0,0,0,0,0,0,0,0,0,0,0,0,0,0,0,0,0,0,0,0,0,0,0,0,0,0,0,0,0,0,0,0,0,0,0,0,0,0,0,0,0,0,0,0,0,0,0,0
1989,239,1,1,41.341,2,8,0,-1,1,0,1,1,25,0,0,0,1028,0,0,0,0,0,1,1,0,0,0,280.2953532,0,0,0,0,3,1,1,1,100,0,0,0,3,1,1,0.1,3000,0,0,0,0,0,0,0,0,0,0,0,0,0,0,0,0,0,0,0,0,0,0,0,0,0,0,0,0,0,0,0,0,0,0,0,0,0,0,0,0,0,0,0,0,0,0,0,0,0,0,0
1989,239,1,2,54.421,2,8,0,-1,0,0,1,1,25,0,0,0,1028,0,0,0,0,0,1,1,0,0,0,280.4176699,0,0,0,0,3,1,1,1,100,0,0,0,3,1,1,0.1,3000,0,0,0,0,0,0,0,0,0,0,0,0,0,0,0,0,0,0,0,0,0,0,0,0,0,0,0,0,0,0,0,0,0,0,0,0,0,0,0,0,0,0,0,0,0,0,0,0,0,0,0
1989,239,1,3,17.341,2,8,0,-1,1,0,1,1,25,0,0,0,1028,0,0,0,0,0,1,1,0,0,0,280.4560319,0,0,0,0,3,1,1,1,100,0,0,0,3,1,1,0.1,3000,0,0,0,0,0,0,0,0,0,0,0,0,0,0,0,0,0,0,0,0,0,0,0,0,0,0,0,0,0,0,0,0,0,0,0,0,0,0,0,0,0,0,0,0,0,0,0,0,0,0,0
1989,239,1,6,54.421,2,8,0,-1,0,0,1,1,25,0,0,0,1028,0,0,0,0,0,1,1,0,0,0,280.8193627,0,0,0,0,3,1,1,1,100,0,0,0,3,1,1,0.1,3000,0,0,0,0,0,0,0,0,0,0,0,0,0,0,0,0,0,0,0,0,0,0,0,0,0,0,0,0,0,0,0,0,0,0,0,0,0,0,0,0,0,0,0,0,0,0,0,0,0,0,0
1989,239,1,7,17.341,2,8,0,-1,1,0,1,1,25,0,0,0,1028,0,0,0,0,0,1,1,0,0,0,280.8577242,0,0,0,0,3,1,1,1,100,0,0,0,3,1,1,0.1,3000,0,0,0,0,0,0,0,0,0,0,0,0,0,0,0,0,0,0,0,0,0,0,0,0,0,0,0,0,0,0,0,0,0,0,0,0,0,0,0,0,0,0,0,0,0,0,0,0,0,0,0
1989,239,1,8,30.421,2,8,0,-1,0,0,1,1,25,0,0,0,1028,0,0,0,0,0,1,1,0,0,0,280.9800387,0,0,0,0,3,1,1,1,100,0,0,0,3,1,1,0.1,3000,0,0,0,0,0,0,0,0,0,0,0,0,0,0,0,0,0,0,0,0,0,0,0,0,0,0,0,0,0,0,0,0,0,0,0,0,0,0,0,0,0,0,0,0,0,0,0,0,0,0,0
1989,239,1,8,53.341,2,8,0,-1,1,0,1,1,25,0,0,0,1028,0,0,0,0,0,1,1,0,0,0,281.0184,0,0,0,0,3,1,1,1,100,0,0,0,3,1,1,0.1,3000,0,0,0,0,0,0,0,0,0,0,0,0,0,0,0,0,0,0,0,0,0,0,0,0,0,0,0,0,0,0,0,0,0,0,0,0,0,0,0,0,0,0,0,0,0,0,0,0,0,0,0
1989,239,1,10,6.421,2,8,0,-1,0,0,1,1,25,0,0,0,1028,0,0,0,0,0,1,1,0,0,0,281.140714,0,0,0,0,3,1,1,1,100,0,0,0,3,1,1,0.1,3000,0,0,0,0,0,0,0,0,0,0,0,0,0,0,0,0,0,0,0,0,0,0,0,0,0,0,0,0,0,0,0,0,0,0,0,0,0,0,0,0,0,0,0,0,0,0,0,0,0,0,0
1989,239,1,10,29.341,2,8,0,-1,1,0,1,1,25,0,0,0,1028,0,0,0,0,0,1,1,0,0,0,281.1790751,0,0,0,0,3,1,1,1,100,0,0,0,3,1,1,0.1,3000,0,0,0,0,0,0,0,0,0,0,0,0,0,0,0,0,0,0,0,0,0,0,0,0,0,0,0,0,0,0,0,0,0,0,0,0,0,0,0,0,0,0,0,0,0,0,0,0,0,0,0
1989,239,1,11,42.421,2,8,0,-1,0,0,1,1,25,0,0,0,1028,0,0,0,0,0,1,1,0,0,0,281.3013885,0,0,0,0,3,1,1,1,100,0,0,0,3,1,1,0.1,3000,0,0,0,0,0,0,0,0,0,0,0,0,0,0,0,0,0,0,0,0,0,0,0,0,0,0,0,0,0,0,0,0,0,0,0,0,0,0,0,0,0,0,0,0,0,0,0,0,0,0,0
1989,239,1,12,5.341,2,8,0,-1,1,0,1,1,25,0,0,0,1028,0,0,0,0,0,1,1,0,0,0,281.3397494,0,0,0,0,3,1,1,1,100,0,0,0,3,1,1,0.1,3000,0,0,0,0,0,0,0,0,0,0,0,0,0,0,0,0,0,0,0,0,0,0,0,0,0,0,0,0,0,0,0,0,0,0,0,0,0,0,0,0,0,0,0,0,0,0,0,0,0,0,0
1989,239,1,13,18.421,2,8,0,-1,0,0,1,1,25,0,0,0,1028,0,0,0,0,0,1,1,0,0,0,281.4620622,0,0,0,0,3,1,1,1,100,0,0,0,3,1,1,0.1,3000,0,0,0,0,0,0,0,0,0,0,0,0,0,0,0,0,0,0,0,0,0,0,0,0,0,0,0,0,0,0,0,0,0,0,0,0,0,0,0,0,0,0,0,0,0,0,0,0,0,0,0
1989,239,1,13,41.341,2,8,0,-1,1,0,1,1,25,0,0,0,1028,0,0,0,0,0,1,1,0,0,0,281.5004229,0,0,0,0,3,1,1,1,100,0,0,0,3,1,1,0.1,3000,0,0,0,0,0,0,0,0,0,0,0,0,0,0,0,0,0,0,0,0,0,0,0,0,0,0,0,0,0,0,0,0,0,0,0,0,0,0,0,0,0,0,0,0,0,0,0,0,0,0,0
1989,239,1,14,54.421,2,8,0,-1,0,0,1,1,25,0,0,0,1028,0,0,0,0,0,1,1,0,0,0,281.622735,0,0,0,0,3,1,1,1,100,0,0,0,3,1,1,0.1,3000,0,0,0,0,0,0,0,0,0,0,0,0,0,0,0,0,0,0,0,0,0,0,0,0,0,0,0,0,0,0,0,0,0,0,0,0,0,0,0,0,0,0,0,0,0,0,0,0,0,0,0
1989,239,1,15,17.341,2,8,0,-1,1,0,1,1,25,0,0,0,1028,0,0,0,0,0,1,1,0,0,0,281.6610956,0,0,0,0,3,1,1,1,100,0,0,0,3,1,1,0.1,3000,0,0,0,0,0,0,0,0,0,0,0,0,0,0,0,0,0,0,0,0,0,0,0,0,0,0,0,0,0,0,0,0,0,0,0,0,0,0,0,0,0,0,0,0,0,0,0,0,0,0,0
1989,239,1,18,54.42,2,8,0,-1,0,0,1,1,25,0,0,0,1028,0,0,0,0,0,1,1,0,0,0,282.0244122,0,0,0,0,3,1,1,1,100,0,0,0,3,1,1,0.1,3000,0,0,0,0,0,0,0,0,0,0,0,0,0,0,0,0,0,0,0,0,0,0,0,0,0,0,0,0,0,0,0,0,0,0,0,0,0,0,0,0,0,0,0,0,0,0,0,0,0,0,0
1989,239,1,19,17.34,2,8,0,-1,1,0,1,1,25,0,0,0,1028,0,0,0,0,0,1,1,0,0,0,282.0627714,0,0,0,0,3,1,1,1,100,0,0,0,3,1,1,0.1,3000,0,0,0,0,0,0,0,0,0,0,0,0,0,0,0,0,0,0,0,0,0,0,0,0,0,0,0,0,0,0,0,0,0,0,0,0,0,0,0,0,0,0,0,0,0,0,0,0,0,0,0
1989,239,1,20,30.42,2,8,0,-1,0,0,1,1,25,0,0,0,1028,0,0,0,0,0,1,1,0,0,0,282.1850823,0,0,0,0,3,1,1,1,100,0,0,0,3,1,1,0.1,3000,0,0,0,0,0,0,0,0,0,0,0,0,0,0,0,0,0,0,0,0,0,0,0,0,0,0,0,0,0,0,0,0,0,0,0,0,0,0,0,0,0,0,0,0,0,0,0,0,0,0,0
1989,239,1,20,53.34,2,8,0,-1,1,0,1,1,25,0,0,0,1028,0,0,0,0,0,1,1,0,0,0,282.2234422,0,0,0,0,3,1,1,1,100,0,0,0,3,1,1,0.1,3000,0,0,0,0,0,0,0,0,0,0,0,0,0,0,0,0,0,0,0,0,0,0,0,0,0,0,0,0,0,0,0,0,0,0,0,0,0,0,0,0,0,0,0,0,0,0,0,0,0,0,0
1989,239,1,22,6.42,2,8,0,-1,0,0,1,1,25,0,0,0,1028,0,0,0,0,0,1,1,0,0,0,282.3457516,0,0,0,0,3,1,1,1,100,0,0,0,3,1,1,0.1,3000,0,0,0,0,0,0,0,0,0,0,0,0,0,0,0,0,0,0,0,0,0,0,0,0,0,0,0,0,0,0,0,0,0,0,0,0,0,0,0,0,0,0,0,0,0,0,0,0,0,0,0
1989,239,1,22,29.34,2,8,0,-1,1,0,1,1,25,0,0,0,1028,0,0,0,0,0,1,1,0,0,0,282.3841105,0,0,0,0,3,1,1,1,100,0,0,0,3,1,1,0.1,3000,0,0,0,0,0,0,0,0,0,0,0,0,0,0,0,0,0,0,0,0,0,0,0,0,0,0,0,0,0,0,0,0,0,0,0,0,0,0,0,0,0,0,0,0,0,0,0,0,0,0,0
1989,239,1,23,42.42,2,8,0,-1,0,0,1,1,25,0,0,0,1028,0,0,0,0,0,1,1,0,0,0,282.5064202,0,0,0,0,3,1,1,1,100,0,0,0,3,1,1,0.1,3000,0,0,0,0,0,0,0,0,0,0,0,0,0,0,0,0,0,0,0,0,0,0,0,0,0,0,0,0,0,0,0,0,0,0,0,0,0,0,0,0,0,0,0,0,0,0,0,0,0,0,0
1989,239,1,24,5.34,2,8,0,-1,1,0,1,1,25,0,0,0,1028,0,0,0,0,0,1,1,0,0,0,282.5447797,0,0,0,0,3,1,1,1,100,0,0,0,3,1,1,0.1,3000,0,0,0,0,0,0,0,0,0,0,0,0,0,0,0,0,0,0,0,0,0,0,0,0,0,0,0,0,0,0,0,0,0,0,0,0,0,0,0,0,0,0,0,0,0,0,0,0,0,0,0
1989,239,1,25,18.42,2,8,0,-1,0,0,1,1,25,0,0,0,1028,0,0,0,0,0,1,1,0,0,0,282.667088,0,0,0,0,3,1,1,1,100,0,0,0,3,1,1,0.1,3000,0,0,0,0,0,0,0,0,0,0,0,0,0,0,0,0,0,0,0,0,0,0,0,0,0,0,0,0,0,0,0,0,0,0,0,0,0,0,0,0,0,0,0,0,0,0,0,0,0,0,0
1989,239,1,25,41.34,2,8,0,-1,1,0,1,1,25,0,0,0,1028,0,0,0,0,0,1,1,0,0,0,282.7054473,0,0,0,0,3,1,1,1,100,0,0,0,3,1,1,0.1,3000,0,0,0,0,0,0,0,0,0,0,0,0,0,0,0,0,0,0,0,0,0,0,0,0,0,0,0,0,0,0,0,0,0,0,0,0,0,0,0,0,0,0,0,0,0,0,0,0,0,0,0
1989,239,1,26,54.42,2,8,0,-1,0,0,1,1,25,0,0,0,1028,0,0,0,0,0,1,1,0,0,0,282.827755,0,0,0,0,3,1,1,1,100,0,0,0,3,1,1,0.1,3000,0,0,0,0,0,0,0,0,0,0,0,0,0,0,0,0,0,0,0,0,0,0,0,0,0,0,0,0,0,0,0,0,0,0,0,0,0,0,0,0,0,0,0,0,0,0,0,0,0,0,0
1989,239,1,27,17.34,2,8,0,-1,1,0,1,1,25,0,0,0,1028,0,0,0,0,0,1,1,0,0,0,282.8661133,0,0,0,0,3,1,1,1,100,0,0,0,3,1,1,0.1,3000,0,0,0,0,0,0,0,0,0,0,0,0,0,0,0,0,0,0,0,0,0,0,0,0,0,0,0,0,0,0,0,0,0,0,0,0,0,0,0,0,0,0,0,0,0,0,0,0,0,0,0
1989,239,1,30,54.419,2,8,0,-1,0,0,1,1,25,0,0,0,1028,0,0,0,0,0,1,1,0,0,0,283.2294174,0,0,0,0,3,1,1,1,100,0,0,0,3,1,1,0.1,3000,0,0,0,0,0,0,0,0,0,0,0,0,0,0,0,0,0,0,0,0,0,0,0,0,0,0,0,0,0,0,0,0,0,0,0,0,0,0,0,0,0,0,0,0,0,0,0,0,0,0,0
1989,239,1,31,17.338,2,8,0,-1,1,0,1,1,25,0,0,0,1028,0,0,0,0,0,1,1,0,0,0,283.2677752,0,0,0,0,3,1,1,1,100,0,0,0,3,1,1,0.1,3000,0,0,0,0,0,0,0,0,0,0,0,0,0,0,0,0,0,0,0,0,0,0,0,0,0,0,0,0,0,0,0,0,0,0,0,0,0,0,0,0,0,0,0,0,0,0,0,0,0,0,0
1989,239,1,32,30.419,2,8,0,-1,0,0,1,1,25,0,0,0,1028,0,0,0,0,0,1,1,0,0,0,283.3900817,0,0,0,0,3,1,1,1,100,0,0,0,3,1,1,0.1,3000,0,0,0,0,0,0,0,0,0,0,0,0,0,0,0,0,0,0,0,0,0,0,0,0,0,0,0,0,0,0,0,0,0,0,0,0,0,0,0,0,0,0,0,0,0,0,0,0,0,0,0
1989,239,1,32,53.339,2,8,0,-1,1,0,1,1,25,0,0,0,1028,0,0,0,0,0,1,1,0,0,0,283.4284402,0,0,0,0,3,1,1,1,100,0,0,0,3,1,1,0.1,3000,0,0,0,0,0,0,0,0,0,0,0,0,0,0,0,0,0,0,0,0,0,0,0,0,0,0,0,0,0,0,0,0,0,0,0,0,0,0,0,0,0,0,0,0,0,0,0,0,0,0,0
1989,239,1,34,6.419,2,8,0,-1,0,0,1,1,25,0,0,0,1028,0,0,0,0,0,1,1,0,0,0,283.5507452,0,0,0,0,3,1,1,1,100,0,0,0,3,1,1,0.1,3000,0,0,0,0,0,0,0,0,0,0,0,0,0,0,0,0,0,0,0,0,0,0,0,0,0,0,0,0,0,0,0,0,0,0,0,0,0,0,0,0,0,0,0,0,0,0,0,0,0,0,0
1989,239,1,34,29.338,2,8,0,-1,1,0,1,1,25,0,0,0,1028,0,0,0,0,0,1,1,0,0,0,283.5891026,0,0,0,0,3,1,1,1,100,0,0,0,3,1,1,0.1,3000,0,0,0,0,0,0,0,0,0,0,0,0,0,0,0,0,0,0,0,0,0,0,0,0,0,0,0,0,0,0,0,0,0,0,0,0,0,0,0,0,0,0,0,0,0,0,0,0,0,0,0
1989,239,1,35,42.419,2,8,0,-1,0,0,1,1,25,0,0,0,1028,0,0,0,0,0,1,1,0,0,0,283.7114079,0,0,0,0,3,1,1,1,100,0,0,0,3,1,1,0.1,3000,0,0,0,0,0,0,0,0,0,0,0,0,0,0,0,0,0,0,0,0,0,0,0,0,0,0,0,0,0,0,0,0,0,0,0,0,0,0,0,0,0,0,0,0,0,0,0,0,0,0,0
1989,239,1,36,5.339,2,8,0,-1,1,0,1,1,25,0,0,0,1028,0,0,0,0,0,1,1,0,0,0,283.749766,0,0,0,0,3,1,1,1,100,0,0,0,3,1,1,0.1,3000,0,0,0,0,0,0,0,0,0,0,0,0,0,0,0,0,0,0,0,0,0,0,0,0,0,0,0,0,0,0,0,0,0,0,0,0,0,0,0,0,0,0,0,0,0,0,0,0,0,0,0
1989,239,1,37,18.419,2,8,0,-1,0,0,1,1,25,0,0,0,1028,0,0,0,0,0,1,1,0,0,0,283.8720698,0,0,0,0,3,1,1,1,100,0,0,0,3,1,1,0.1,3000,0,0,0,0,0,0,0,0,0,0,0,0,0,0,0,0,0,0,0,0,0,0,0,0,0,0,0,0,0,0,0,0,0,0,0,0,0,0,0,0,0,0,0,0,0,0,0,0,0,0,0
1989,239,1,37,41.339,2,8,0,-1,1,0,1,1,25,0,0,0,1028,0,0,0,0,0,1,1,0,0,0,283.9104277,0,0,0,0,3,1,1,1,100,0,0,0,3,1,1,0.1,3000,0,0,0,0,0,0,0,0,0,0,0,0,0,0,0,0,0,0,0,0,0,0,0,0,0,0,0,0,0,0,0,0,0,0,0,0,0,0,0,0,0,0,0,0,0,0,0,0,0,0,0
1989,239,1,38,54.419,2,8,0,-1,0,0,1,1,25,0,0,0,1028,0,0,0,0,0,1,1,0,0,0,284.032731,0,0,0,0,3,1,1,1,100,0,0,0,3,1,1,0.1,3000,0,0,0,0,0,0,0,0,0,0,0,0,0,0,0,0,0,0,0,0,0,0,0,0,0,0,0,0,0,0,0,0,0,0,0,0,0,0,0,0,0,0,0,0,0,0,0,0,0,0,0
1989,239,1,39,17.338,2,8,0,-1,1,0,1,1,25,0,0,0,1028,0,0,0,0,0,1,1,0,0,0,284.0710879,0,0,0,0,3,1,1,1,100,0,0,0,3,1,1,0.1,3000,0,0,0,0,0,0,0,0,0,0,0,0,0,0,0,0,0,0,0,0,0,0,0,0,0,0,0,0,0,0,0,0,0,0,0,0,0,0,0,0,0,0,0,0,0,0,0,0,0,0,0
1989,239,1,42,54.418,2,8,0,-1,0,0,1,1,25,0,0,0,1028,0,0,0,0,0,1,1,0,0,0,284.4343788,0,0,0,0,3,1,1,1,100,0,0,0,3,1,1,0.1,3000,0,0,0,0,0,0,0,0,0,0,0,0,0,0,0,0,0,0,0,0,0,0,0,0,0,0,0,0,0,0,0,0,0,0,0,0,0,0,0,0,0,0,0,0,0,0,0,0,0,0,0
1989,239,1,43,17.337,2,8,0,-1,1,0,1,1,25,0,0,0,1028,0,0,0,0,0,1,1,0,0,0,284.4727353,0,0,0,0,3,1,1,1,100,0,0,0,3,1,1,0.1,3000,0,0,0,0,0,0,0,0,0,0,0,0,0,0,0,0,0,0,0,0,0,0,0,0,0,0,0,0,0,0,0,0,0,0,0,0,0,0,0,0,0,0,0,0,0,0,0,0,0,0,0
1989,239,1,44,30.418,2,8,0,-1,0,0,1,1,25,0,0,0,1028,0,0,0,0,0,1,1,0,0,0,284.5950373,0,0,0,0,3,1,1,1,100,0,0,0,3,1,1,0.1,3000,0,0,0,0,0,0,0,0,0,0,0,0,0,0,0,0,0,0,0,0,0,0,0,0,0,0,0,0,0,0,0,0,0,0,0,0,0,0,0,0,0,0,0,0,0,0,0,0,0,0,0
1989,239,1,44,53.338,2,8,0,-1,1,0,1,1,25,0,0,0,1028,0,0,0,0,0,1,1,0,0,0,284.6333944,0,0,0,0,3,1,1,1,100,0,0,0,3,1,1,0.1,3000,0,0,0,0,0,0,0,0,0,0,0,0,0,0,0,0,0,0,0,0,0,0,0,0,0,0,0,0,0,0,0,0,0,0,0,0,0,0,0,0,0,0,0,0,0,0,0,0,0,0,0
1989,239,1,46,6.418,2,8,0,-1,0,0,1,1,25,0,0,0,1028,0,0,0,0,0,1,1,0,0,0,284.755695,0,0,0,0,3,1,1,1,100,0,0,0,3,1,1,0.1,3000,0,0,0,0,0,0,0,0,0,0,0,0,0,0,0,0,0,0,0,0,0,0,0,0,0,0,0,0,0,0,0,0,0,0,0,0,0,0,0,0,0,0,0,0,0,0,0,0,0,0,0
1989,239,1,46,29.337,2,8,0,-1,1,0,1,1,25,0,0,0,1028,0,0,0,0,0,1,1,0,0,0,284.794051,0,0,0,0,3,1,1,1,100,0,0,0,3,1,1,0.1,3000,0,0,0,0,0,0,0,0,0,0,0,0,0,0,0,0,0,0,0,0,0,0,0,0,0,0,0,0,0,0,0,0,0,0,0,0,0,0,0,0,0,0,0,0,0,0,0,0,0,0,0
1989,239,1,47,42.418,2,8,0,-1,0,0,1,1,25,0,0,0,1028,0,0,0,0,0,1,1,0,0,0,284.9163519,0,0,0,0,3,1,1,1,100,0,0,0,3,1,1,0.1,3000,0,0,0,0,0,0,0,0,0,0,0,0,0,0,0,0,0,0,0,0,0,0,0,0,0,0,0,0,0,0,0,0,0,0,0,0,0,0,0,0,0,0,0,0,0,0,0,0,0,0,0
1989,239,1,48,5.338,2,8,0,-1,1,0,1,1,25,0,0,0,1028,0,0,0,0,0,1,1,0,0,0,284.9547086,0,0,0,0,3,1,1,1,100,0,0,0,3,1,1,0.1,3000,0,0,0,0,0,0,0,0,0,0,0,0,0,0,0,0,0,0,0,0,0,0,0,0,0,0,0,0,0,0,0,0,0,0,0,0,0,0,0,0,0,0,0,0,0,0,0,0,0,0,0
1989,239,1,49,18.418,2,8,0,-1,0,0,1,1,25,0,0,0,1028,0,0,0,0,0,1,1,0,0,0,285.077008,0,0,0,0,3,1,1,1,100,0,0,0,3,1,1,0.1,3000,0,0,0,0,0,0,0,0,0,0,0,0,0,0,0,0,0,0,0,0,0,0,0,0,0,0,0,0,0,0,0,0,0,0,0,0,0,0,0,0,0,0,0,0,0,0,0,0,0,0,0
1989,239,1,49,41.338,2,8,0,-1,1,0,1,1,25,0,0,0,1028,0,0,0,0,0,1,1,0,0,0,285.1153646,0,0,0,0,3,1,1,1,100,0,0,0,3,1,1,0.1,3000,0,0,0,0,0,0,0,0,0,0,0,0,0,0,0,0,0,0,0,0,0,0,0,0,0,0,0,0,0,0,0,0,0,0,0,0,0,0,0,0,0,0,0,0,0,0,0,0,0,0,0
1989,239,1,50,54.418,2,8,0,-1,0,0,1,1,25,0,0,0,1028,0,0,0,0,0,1,1,0,0,0,285.2376634,0,0,0,0,3,1,1,1,100,0,0,0,3,1,1,0.1,3000,0,0,0,0,0,0,0,0,0,0,0,0,0,0,0,0,0,0,0,0,0,0,0,0,0,0,0,0,0,0,0,0,0,0,0,0,0,0,0,0,0,0,0,0,0,0,0,0,0,0,0
1989,239,1,51,17.338,2,8,0,-1,1,0,1,1,25,0,0,0,1028,0,0,0,0,0,1,1,0,0,0,285.2760189,0,0,0,0,3,1,1,1,100,0,0,0,3,1,1,0.1,3000,0,0,0,0,0,0,0,0,0,0,0,0,0,0,0,0,0,0,0,0,0,0,0,0,0,0,0,0,0,0,0,0,0,0,0,0,0,0,0,0,0,0,0,0,0,0,0,0,0,0,0
1989,239,1,54,54.417,2,8,0,-1,0,0,1,1,25,0,0,0,1028,0,0,0,0,0,1,1,0,0,0,285.6392976,0,0,0,0,3,1,1,1,100,0,0,0,3,1,1,0.1,3000,0,0,0,0,0,0,0,0,0,0,0,0,0,0,0,0,0,0,0,0,0,0,0,0,0,0,0,0,0,0,0,0,0,0,0,0,0,0,0,0,0,0,0,0,0,0,0,0,0,0,0
1989,239,1,55,17.337,2,8,0,-1,1,0,1,1,25,0,0,0,1028,0,0,0,0,0,1,1,0,0,0,285.6776527,0,0,0,0,3,1,1,1,100,0,0,0,3,1,1,0.1,3000,0,0,0,0,0,0,0,0,0,0,0,0,0,0,0,0,0,0,0,0,0,0,0,0,0,0,0,0,0,0,0,0,0,0,0,0,0,0,0,0,0,0,0,0,0,0,0,0,0,0,0
1989,239,1,56,30.417,2,8,0,-1,0,0,1,1,25,0,0,0,1028,0,0,0,0,0,1,1,0,0,0,285.7999495,0,0,0,0,3,1,1,1,100,0,0,0,3,1,1,0.1,3000,0,0,0,0,0,0,0,0,0,0,0,0,0,0,0,0,0,0,0,0,0,0,0,0,0,0,0,0,0,0,0,0,0,0,0,0,0,0,0,0,0,0,0,0,0,0,0,0,0,0,0
1989,239,1,56,53.337,2,8,0,-1,1,0,1,1,25,0,0,0,1028,0,0,0,0,0,1,1,0,0,0,285.8383052,0,0,0,0,3,1,1,1,100,0,0,0,3,1,1,0.1,3000,0,0,0,0,0,0,0,0,0,0,0,0,0,0,0,0,0,0,0,0,0,0,0,0,0,0,0,0,0,0,0,0,0,0,0,0,0,0,0,0,0,0,0,0,0,0,0,0,0,0,0
1989,239,1,58,6.417,2,8,0,-1,0,0,1,1,25,0,0,0,1028,0,0,0,0,0,1,1,0,0,0,285.9606014,0,0,0,0,3,1,1,1,100,0,0,0,3,1,1,0.1,3000,0,0,0,0,0,0,0,0,0,0,0,0,0,0,0,0,0,0,0,0,0,0,0,0,0,0,0,0,0,0,0,0,0,0,0,0,0,0,0,0,0,0,0,0,0,0,0,0,0,0,0
1989,239,1,58,29.337,2,8,0,-1,1,0,1,1,25,0,0,0,1028,0,0,0,0,0,1,1,0,0,0,285.9989569,0,0,0,0,3,1,1,1,100,0,0,0,3,1,1,0.1,3000,0,0,0,0,0,0,0,0,0,0,0,0,0,0,0,0,0,0,0,0,0,0,0,0,0,0,0,0,0,0,0,0,0,0,0,0,0,0,0,0,0,0,0,0,0,0,0,0,0,0,0
1989,239,1,59,42.417,2,8,0,-1,0,0,1,1,25,0,0,0,1028,0,0,0,0,0,1,1,0,0,0,286.1212526,0,0,0,0,3,1,1,1,100,0,0,0,3,1,1,0.1,3000,0,0,0,0,0,0,0,0,0,0,0,0,0,0,0,0,0,0,0,0,0,0,0,0,0,0,0,0,0,0,0,0,0,0,0,0,0,0,0,0,0,0,0,0,0,0,0,0,0,0,0
1989,239,2,0,5.337,2,8,0,-1,1,0,1,1,25,0,0,0,1028,0,0,0,0,0,1,1,0,0,0,286.1596079,0,0,0,0,3,1,1,1,100,0,0,0,3,1,1,0.1,3000,0,0,0,0,0,0,0,0,0,0,0,0,0,0,0,0,0,0,0,0,0,0,0,0,0,0,0,0,0,0,0,0,0,0,0,0,0,0,0,0,0,0,0,0,0,0,0,0,0,0,0
1989,239,2,1,18.417,2,8,0,-1,0,0,1,1,25,0,0,0,1028,0,0,0,0,0,1,1,0,0,0,286.281903,0,0,0,0,3,1,1,1,100,0,0,0,3,1,1,0.1,3000,0,0,0,0,0,0,0,0,0,0,0,0,0,0,0,0,0,0,0,0,0,0,0,0,0,0,0,0,0,0,0,0,0,0,0,0,0,0,0,0,0,0,0,0,0,0,0,0,0,0,0
1989,239,2,1,41.337,2,8,0,-1,1,0,1,1,25,0,0,0,1028,0,0,0,0,0,1,1,0,0,0,286.3202581,0,0,0,0,3,1,1,1,100,0,0,0,3,1,1,0.1,3000,0,0,0,0,0,0,0,0,0,0,0,0,0,0,0,0,0,0,0,0,0,0,0,0,0,0,0,0,0,0,0,0,0,0,0,0,0,0,0,0,0,0,0,0,0,0,0,0,0,0,0
1989,239,2,2,54.417,2,8,0,-1,0,0,1,1,25,0,0,0,1028,0,0,0,0,0,1,1,0,0,0,286.4425526,0,0,0,0,3,1,1,1,100,0,0,0,3,1,1,0.1,3000,0,0,0,0,0,0,0,0,0,0,0,0,0,0,0,0,0,0,0,0,0,0,0,0,0,0,0,0,0,0,0,0,0,0,0,0,0,0,0,0,0,0,0,0,0,0,0,0,0,0,0
1989,239,2,3,17.337,2,8,0,-1,1,0,1,1,25,0,0,0,1028,0,0,0,0,0,1,1,0,0,0,286.4809076,0,0,0,0,3,1,1,1,100,0,0,0,3,1,1,0.1,3000,0,0,0,0,0,0,0,0,0,0,0,0,0,0,0,0,0,0,0,0,0,0,0,0,0,0,0,0,0,0,0,0,0,0,0,0,0,0,0,0,0,0,0,0,0,0,0,0,0,0,0
1989,239,2,6,54.417,2,8,0,-1,0,0,1,1,25,0,0,0,1028,0,0,0,0,0,1,1,0,0,0,286.8441733,0,0,0,0,3,1,1,1,100,0,0,0,3,1,1,0.1,3000,0,0,0,0,0,0,0,0,0,0,0,0,0,0,0,0,0,0,0,0,0,0,0,0,0,0,0,0,0,0,0,0,0,0,0,0,0,0,0,0,0,0,0,0,0,0,0,0,0,0,0
1989,239,2,7,17.337,2,8,0,-1,1,0,1,1,25,0,0,0,1028,0,0,0,0,0,1,1,0,0,0,286.8825279,0,0,0,0,3,1,1,1,100,0,0,0,3,1,1,0.1,3000,0,0,0,0,0,0,0,0,0,0,0,0,0,0,0,0,0,0,0,0,0,0,0,0,0,0,0,0,0,0,0,0,0,0,0,0,0,0,0,0,0,0,0,0,0,0,0,0,0,0,0
1989,239,2,8,30.416,2,8,0,-1,0,0,1,1,25,0,0,0,1028,0,0,0,0,0,1,1,0,0,0,287.0048186,0,0,0,0,3,1,1,1,100,0,0,0,3,1,1,0.1,3000,0,0,0,0,0,0,0,0,0,0,0,0,0,0,0,0,0,0,0,0,0,0,0,0,0,0,0,0,0,0,0,0,0,0,0,0,0,0,0,0,0,0,0,0,0,0,0,0,0,0,0
1989,239,2,8,53.336,2,8,0,-1,1,0,1,1,25,0,0,0,1028,0,0,0,0,0,1,1,0,0,0,287.043173,0,0,0,0,3,1,1,1,100,0,0,0,3,1,1,0.1,3000,0,0,0,0,0,0,0,0,0,0,0,0,0,0,0,0,0,0,0,0,0,0,0,0,0,0,0,0,0,0,0,0,0,0,0,0,0,0,0,0,0,0,0,0,0,0,0,0,0,0,0
1989,239,2,10,6.416,2,8,0,-1,0,0,1,1,25,0,0,0,1028,0,0,0,0,0,1,1,0,0,0,287.1654648,0,0,0,0,3,1,1,1,100,0,0,0,3,1,1,0.1,3000,0,0,0,0,0,0,0,0,0,0,0,0,0,0,0,0,0,0,0,0,0,0,0,0,0,0,0,0,0,0,0,0,0,0,0,0,0,0,0,0,0,0,0,0,0,0,0,0,0,0,0
1989,239,2,10,29.336,2,8,0,-1,1,0,1,1,25,0,0,0,1028,0,0,0,0,0,1,1,0,0,0,287.203819,0,0,0,0,3,1,1,1,100,0,0,0,3,1,1,0.1,3000,0,0,0,0,0,0,0,0,0,0,0,0,0,0,0,0,0,0,0,0,0,0,0,0,0,0,0,0,0,0,0,0,0,0,0,0,0,0,0,0,0,0,0,0,0,0,0,0,0,0,0
1989,239,2,11,42.416,2,8,0,-1,0,0,1,1,25,0,0,0,1028,0,0,0,0,0,1,1,0,0,0,287.3261103,0,0,0,0,3,1,1,1,100,0,0,0,3,1,1,0.1,3000,0,0,0,0,0,0,0,0,0,0,0,0,0,0,0,0,0,0,0,0,0,0,0,0,0,0,0,0,0,0,0,0,0,0,0,0,0,0,0,0,0,0,0,0,0,0,0,0,0,0,0
1989,239,2,12,5.336,2,8,0,-1,1,0,1,1,25,0,0,0,1028,0,0,0,0,0,1,1,0,0,0,287.3644643,0,0,0,0,3,1,1,1,100,0,0,0,3,1,1,0.1,3000,0,0,0,0,0,0,0,0,0,0,0,0,0,0,0,0,0,0,0,0,0,0,0,0,0,0,0,0,0,0,0,0,0,0,0,0,0,0,0,0,0,0,0,0,0,0,0,0,0,0,0
1989,239,2,13,18.416,2,8,0,-1,0,0,1,1,25,0,0,0,1028,0,0,0,0,0,1,1,0,0,0,287.486755,0,0,0,0,3,1,1,1,100,0,0,0,3,1,1,0.1,3000,0,0,0,0,0,0,0,0,0,0,0,0,0,0,0,0,0,0,0,0,0,0,0,0,0,0,0,0,0,0,0,0,0,0,0,0,0,0,0,0,0,0,0,0,0,0,0,0,0,0,0
1989,239,2,13,41.336,2,8,0,-1,1,0,1,1,25,0,0,0,1028,0,0,0,0,0,1,1,0,0,0,287.5251088,0,0,0,0,3,1,1,1,100,0,0,0,3,1,1,0.1,3000,0,0,0,0,0,0,0,0,0,0,0,0,0,0,0,0,0,0,0,0,0,0,0,0,0,0,0,0,0,0,0,0,0,0,0,0,0,0,0,0,0,0,0,0,0,0,0,0,0,0,0
1989,239,2,14,54.416,2,8,0,-1,0,0,1,1,25,0,0,0,1028,0,0,0,0,0,1,1,0,0,0,287.6473989,0,0,0,0,3,1,1,1,100,0,0,0,3,1,1,0.1,3000,0,0,0,0,0,0,0,0,0,0,0,0,0,0,0,0,0,0,0,0,0,0,0,0,0,0,0,0,0,0,0,0,0,0,0,0,0,0,0,0,0,0,0,0,0,0,0,0,0,0,0
1989,239,2,15,17.336,2,8,0,-1,1,0,1,1,25,0,0,0,1028,0,0,0,0,0,1,1,0,0,0,287.6857526,0,0,0,0,3,1,1,1,100,0,0,0,3,1,1,0.1,3000,0,0,0,0,0,0,0,0,0,0,0,0,0,0,0,0,0,0,0,0,0,0,0,0,0,0,0,0,0,0,0,0,0,0,0,0,0,0,0,0,0,0,0,0,0,0,0,0,0,0,0
1989,239,2,18,54.416,2,8,0,-1,0,0,1,1,25,0,0,0,1028,0,0,0,0,0,1,1,0,0,0,288.0490055,0,0,0,0,3,1,1,1,100,0,0,0,3,1,1,0.1,3000,0,0,0,0,0,0,0,0,0,0,0,0,0,0,0,0,0,0,0,0,0,0,0,0,0,0,0,0,0,0,0,0,0,0,0,0,0,0,0,0,0,0,0,0,0,0,0,0,0,0,0
1989,239,2,19,17.336,2,8,0,-1,1,0,1,1,25,0,0,0,1028,0,0,0,0,0,1,1,0,0,0,288.0873587,0,0,0,0,3,1,1,1,100,0,0,0,3,1,1,0.1,3000,0,0,0,0,0,0,0,0,0,0,0,0,0,0,0,0,0,0,0,0,0,0,0,0,0,0,0,0,0,0,0,0,0,0,0,0,0,0,0,0,0,0,0,0,0,0,0,0,0,0,0
1989,239,2,20,30.416,2,8,0,-1,0,0,1,1,25,0,0,0,1028,0,0,0,0,0,1,1,0,0,0,288.2096459,0,0,0,0,3,1,1,1,100,0,0,0,3,1,1,0.1,3000,0,0,0,0,0,0,0,0,0,0,0,0,0,0,0,0,0,0,0,0,0,0,0,0,0,0,0,0,0,0,0,0,0,0,0,0,0,0,0,0,0,0,0,0,0,0,0,0,0,0,0
1989,239,2,20,53.335,2,8,0,-1,1,0,1,1,25,0,0,0,1028,0,0,0,0,0,1,1,0,0,0,288.2479981,0,0,0,0,3,1,1,1,100,0,0,0,3,1,1,0.1,3000,0,0,0,0,0,0,0,0,0,0,0,0,0,0,0,0,0,0,0,0,0,0,0,0,0,0,0,0,0,0,0,0,0,0,0,0,0,0,0,0,0,0,0,0,0,0,0,0,0,0,0
1989,239,2,22,6.415,2,8,0,-1,0,0,1,1,25,0,0,0,1028,0,0,0,0,0,1,1,0,0,0,288.3702857,0,0,0,0,3,1,1,1,100,0,0,0,3,1,1,0.1,3000,0,0,0,0,0,0,0,0,0,0,0,0,0,0,0,0,0,0,0,0,0,0,0,0,0,0,0,0,0,0,0,0,0,0,0,0,0,0,0,0,0,0,0,0,0,0,0,0,0,0,0
1989,239,2,22,29.335,2,8,0,-1,1,0,1,1,25,0,0,0,1028,0,0,0,0,0,1,1,0,0,0,288.4086376,0,0,0,0,3,1,1,1,100,0,0,0,3,1,1,0.1,3000,0,0,0,0,0,0,0,0,0,0,0,0,0,0,0,0,0,0,0,0,0,0,0,0,0,0,0,0,0,0,0,0,0,0,0,0,0,0,0,0,0,0,0,0,0,0,0,0,0,0,0
1989,239,2,23,42.415,2,8,0,-1,0,0,1,1,25,0,0,0,1028,0,0,0,0,0,1,1,0,0,0,288.5309255,0,0,0,0,3,1,1,1,100,0,0,0,3,1,1,0.1,3000,0,0,0,0,0,0,0,0,0,0,0,0,0,0,0,0,0,0,0,0,0,0,0,0,0,0,0,0,0,0,0,0,0,0,0,0,0,0,0,0,0,0,0,0,0,0,0,0,0,0,0
1989,239,2,24,5.335,2,8,0,-1,1,0,1,1,25,0,0,0,1028,0,0,0,0,0,1,1,0,0,0,288.5692781,0,0,0,0,3,1,1,1,100,0,0,0,3,1,1,0.1,3000,0,0,0,0,0,0,0,0,0,0,0,0,0,0,0,0,0,0,0,0,0,0,0,0,0,0,0,0,0,0,0,0,0,0,0,0,0,0,0,0,0,0,0,0,0,0,0,0,0,0,0
1989,239,2,25,18.415,2,8,0,-1,0,0,1,1,25,0,0,0,1028,0,0,0,0,0,1,1,0,0,0,288.6915645,0,0,0,0,3,1,1,1,100,0,0,0,3,1,1,0.1,3000,0,0,0,0,0,0,0,0,0,0,0,0,0,0,0,0,0,0,0,0,0,0,0,0,0,0,0,0,0,0,0,0,0,0,0,0,0,0,0,0,0,0,0,0,0,0,0,0,0,0,0
1989,239,2,25,41.334,2,8,0,-1,1,0,1,1,25,0,0,0,1028,0,0,0,0,0,1,1,0,0,0,288.7299153,0,0,0,0,3,1,1,1,100,0,0,0,3,1,1,0.1,3000,0,0,0,0,0,0,0,0,0,0,0,0,0,0,0,0,0,0,0,0,0,0,0,0,0,0,0,0,0,0,0,0,0,0,0,0,0,0,0,0,0,0,0,0,0,0,0,0,0,0,0
1989,239,2,26,54.415,2,8,0,-1,0,0,1,1,25,0,0,0,1028,0,0,0,0,0,1,1,0,0,0,288.8522028,0,0,0,0,3,1,1,1,100,0,0,0,3,1,1,0.1,3000,0,0,0,0,0,0,0,0,0,0,0,0,0,0,0,0,0,0,0,0,0,0,0,0,0,0,0,0,0,0,0,0,0,0,0,0,0,0,0,0,0,0,0,0,0,0,0,0,0,0,0
1989,239,2,27,17.335,2,8,0,-1,1,0,1,1,25,0,0,0,1028,0,0,0,0,0,1,1,0,0,0,288.8905551,0,0,0,0,3,1,1,1,100,0,0,0,3,1,1,0.1,3000,0,0,0,0,0,0,0,0,0,0,0,0,0,0,0,0,0,0,0,0,0,0,0,0,0,0,0,0,0,0,0,0,0,0,0,0,0,0,0,0,0,0,0,0,0,0,0,0,0,0,0
1989,239,2,30,54.415,2,8,0,-1,0,0,1,1,25,0,0,0,1028,0,0,0,0,0,1,1,0,0,0,289.2537953,0,0,0,0,3,1,1,1,100,0,0,0,3,1,1,0.1,3000,0,0,0,0,0,0,0,0,0,0,0,0,0,0,0,0,0,0,0,0,0,0,0,0,0,0,0,0,0,0,0,0,0,0,0,0,0,0,0,0,0,0,0,0,0,0,0,0,0,0,0
1989,239,2,31,17.335,2,8,0,-1,1,0,1,1,25,0,0,0,1028,0,0,0,0,0,1,1,0,0,0,289.2921471,0,0,0,0,3,1,1,1,100,0,0,0,3,1,1,0.1,3000,0,0,0,0,0,0,0,0,0,0,0,0,0,0,0,0,0,0,0,0,0,0,0,0,0,0,0,0,0,0,0,0,0,0,0,0,0,0,0,0,0,0,0,0,0,0,0,0,0,0,0
1989,239,2,32,30.415,2,8,0,-1,0,0,1,1,25,0,0,0,1028,0,0,0,0,0,1,1,0,0,0,289.4144309,0,0,0,0,3,1,1,1,100,0,0,0,3,1,1,0.1,3000,0,0,0,0,0,0,0,0,0,0,0,0,0,0,0,0,0,0,0,0,0,0,0,0,0,0,0,0,0,0,0,0,0,0,0,0,0,0,0,0,0,0,0,0,0,0,0,0,0,0,0
1989,239,2,32,53.335,2,8,0,-1,1,0,1,1,25,0,0,0,1028,0,0,0,0,0,1,1,0,0,0,289.4527818,0,0,0,0,3,1,1,1,100,0,0,0,3,1,1,0.1,3000,0,0,0,0,0,0,0,0,0,0,0,0,0,0,0,0,0,0,0,0,0,0,0,0,0,0,0,0,0,0,0,0,0,0,0,0,0,0,0,0,0,0,0,0,0,0,0,0,0,0,0
1989,239,2,34,6.414,2,8,0,-1,0,0,1,1,25,0,0,0,1028,0,0,0,0,0,1,1,0,0,0,289.5750642,0,0,0,0,3,1,1,1,100,0,0,0,3,1,1,0.1,3000,0,0,0,0,0,0,0,0,0,0,0,0,0,0,0,0,0,0,0,0,0,0,0,0,0,0,0,0,0,0,0,0,0,0,0,0,0,0,0,0,0,0,0,0,0,0,0,0,0,0,0
1989,239,2,34,29.333,2,8,0,-1,1,0,1,1,25,0,0,0,1028,0,0,0,0,0,1,1,0,0,0,289.6134149,0,0,0,0,3,1,1,1,100,0,0,0,3,1,1,0.1,3000,0,0,0,0,0,0,0,0,0,0,0,0,0,0,0,0,0,0,0,0,0,0,0,0,0,0,0,0,0,0,0,0,0,0,0,0,0,0,0,0,0,0,0,0,0,0,0,0,0,0,0
1989,239,2,35,42.414,2,8,0,-1,0,0,1,1,25,0,0,0,1028,0,0,0,0,0,1,1,0,0,0,289.7356984,0,0,0,0,3,1,1,1,100,0,0,0,3,1,1,0.1,3000,0,0,0,0,0,0,0,0,0,0,0,0,0,0,0,0,0,0,0,0,0,0,0,0,0,0,0,0,0,0,0,0,0,0,0,0,0,0,0,0,0,0,0,0,0,0,0,0,0,0,0
1989,239,2,36,5.334,2,8,0,-1,1,0,1,1,25,0,0,0,1028,0,0,0,0,0,1,1,0,0,0,289.7740497,0,0,0,0,3,1,1,1,100,0,0,0,3,1,1,0.1,3000,0,0,0,0,0,0,0,0,0,0,0,0,0,0,0,0,0,0,0,0,0,0,0,0,0,0,0,0,0,0,0,0,0,0,0,0,0,0,0,0,0,0,0,0,0,0,0,0,0,0,0
1989,239,2,37,18.414,2,8,0,-1,0,0,1,1,25,0,0,0,1028,0,0,0,0,0,1,1,0,0,0,289.8963318,0,0,0,0,3,1,1,1,100,0,0,0,3,1,1,0.1,3000,0,0,0,0,0,0,0,0,0,0,0,0,0,0,0,0,0,0,0,0,0,0,0,0,0,0,0,0,0,0,0,0,0,0,0,0,0,0,0,0,0,0,0,0,0,0,0,0,0,0,0
1989,239,2,37,41.333,2,8,0,-1,1,0,1,1,25,0,0,0,1028,0,0,0,0,0,1,1,0,0,0,289.9346813,0,0,0,0,3,1,1,1,100,0,0,0,3,1,1,0.1,3000,0,0,0,0,0,0,0,0,0,0,0,0,0,0,0,0,0,0,0,0,0,0,0,0,0,0,0,0,0,0,0,0,0,0,0,0,0,0,0,0,0,0,0,0,0,0,0,0,0,0,0
1989,239,2,38,54.414,2,8,0,-1,0,0,1,1,25,0,0,0,1028,0,0,0,0,0,1,1,0,0,0,290.0569645,0,0,0,0,3,1,1,1,100,0,0,0,3,1,1,0.1,3000,0,0,0,0,0,0,0,0,0,0,0,0,0,0,0,0,0,0,0,0,0,0,0,0,0,0,0,0,0,0,0,0,0,0,0,0,0,0,0,0,0,0,0,0,0,0,0,0,0,0,0
1989,239,2,39,17.334,2,8,0,-1,1,0,1,1,25,0,0,0,1028,0,0,0,0,0,1,1,0,0,0,290.0953155,0,0,0,0,3,1,1,1,100,0,0,0,3,1,1,0.1,3000,0,0,0,0,0,0,0,0,0,0,0,0,0,0,0,0,0,0,0,0,0,0,0,0,0,0,0,0,0,0,0,0,0,0,0,0,0,0,0,0,0,0,0,0,0,0,0,0,0,0,0
1989,239,2,42,54.414,2,8,0,-1,0,0,1,1,25,0,0,0,1028,0,0,0,0,0,1,1,0,0,0,290.458543,0,0,0,0,3,1,1,1,100,0,0,0,3,1,1,0.1,3000,0,0,0,0,0,0,0,0,0,0,0,0,0,0,0,0,0,0,0,0,0,0,0,0,0,0,0,0,0,0,0,0,0,0,0,0,0,0,0,0,0,0,0,0,0,0,0,0,0,0,0
1989,239,2,43,17.334,2,8,0,-1,1,0,1,1,25,0,0,0,1028,0,0,0,0,0,1,1,0,0,0,290.4968935,0,0,0,0,3,1,1,1,100,0,0,0,3,1,1,0.1,3000,0,0,0,0,0,0,0,0,0,0,0,0,0,0,0,0,0,0,0,0,0,0,0,0,0,0,0,0,0,0,0,0,0,0,0,0,0,0,0,0,0,0,0,0,0,0,0,0,0,0,0
1989,239,2,44,30.414,2,8,0,-1,0,0,1,1,25,0,0,0,1028,0,0,0,0,0,1,1,0,0,0,290.6191731,0,0,0,0,3,1,1,1,100,0,0,0,3,1,1,0.1,3000,0,0,0,0,0,0,0,0,0,0,0,0,0,0,0,0,0,0,0,0,0,0,0,0,0,0,0,0,0,0,0,0,0,0,0,0,0,0,0,0,0,0,0,0,0,0,0,0,0,0,0
1989,239,2,44,53.333,2,8,0,-1,1,0,1,1,25,0,0,0,1028,0,0,0,0,0,1,1,0,0,0,290.6575226,0,0,0,0,3,1,1,1,100,0,0,0,3,1,1,0.1,3000,0,0,0,0,0,0,0,0,0,0,0,0,0,0,0,0,0,0,0,0,0,0,0,0,0,0,0,0,0,0,0,0,0,0,0,0,0,0,0,0,0,0,0,0,0,0,0,0,0,0,0
1989,239,2,46,6.414,2,8,0,-1,0,0,1,1,25,0,0,0,1028,0,0,0,0,0,1,1,0,0,0,290.7798017,0,0,0,0,3,1,1,1,100,0,0,0,3,1,1,0.1,3000,0,0,0,0,0,0,0,0,0,0,0,0,0,0,0,0,0,0,0,0,0,0,0,0,0,0,0,0,0,0,0,0,0,0,0,0,0,0,0,0,0,0,0,0,0,0,0,0,0,0,0
1989,239,2,46,29.332,2,8,0,-1,1,0,1,1,25,0,0,0,1028,0,0,0,0,0,1,1,0,0,0,290.8181502,0,0,0,0,3,1,1,1,100,0,0,0,3,1,1,0.1,3000,0,0,0,0,0,0,0,0,0,0,0,0,0,0,0,0,0,0,0,0,0,0,0,0,0,0,0,0,0,0,0,0,0,0,0,0,0,0,0,0,0,0,0,0,0,0,0,0,0,0,0
1989,239,2,49,18.412,2,8,0,-1,0,0,1,1,25,0,0,0,1028,0,0,0,0,0,1,1,0,0,0,291.1010565,0,0,0,0,3,1,1,1,100,0,0,0,3,1,1,0.1,3000,0,0,0,0,0,0,0,0,0,0,0,0,0,0,0,0,0,0,0,0,0,0,0,0,0,0,0,0,0,0,0,0,0,0,0,0,0,0,0,0,0,0,0,0,0,0,0,0,0,0,0
1989,239,2,49,41.332,2,8,0,-1,1,0,1,1,25,0,0,0,1028,0,0,0,0,0,1,1,0,0,0,291.1394055,0,0,0,0,3,1,1,1,100,0,0,0,3,1,1,0.1,3000,0,0,0,0,0,0,0,0,0,0,0,0,0,0,0,0,0,0,0,0,0,0,0,0,0,0,0,0,0,0,0,0,0,0,0,0,0,0,0,0,0,0,0,0,0,0,0,0,0,0,0
1989,239,2,50,54.413,2,8,0,-1,0,0,1,1,25,0,0,0,1028,0,0,0,0,0,1,1,0,0,0,291.2616845,0,0,0,0,3,1,1,1,100,0,0,0,3,1,1,0.1,3000,0,0,0,0,0,0,0,0,0,0,0,0,0,0,0,0,0,0,0,0,0,0,0,0,0,0,0,0,0,0,0,0,0,0,0,0,0,0,0,0,0,0,0,0,0,0,0,0,0,0,0
1989,239,2,51,17.332,2,8,0,-1,1,0,1,1,25,0,0,0,1028,0,0,0,0,0,1,1,0,0,0,291.3000333,0,0,0,0,3,1,1,1,100,0,0,0,3,1,1,0.1,3000,0,0,0,0,0,0,0,0,0,0,0,0,0,0,0,0,0,0,0,0,0,0,0,0,0,0,0,0,0,0,0,0,0,0,0,0,0,0,0,0,0,0,0,0,0,0,0,0,0,0,0
1989,239,2,54,54.413,2,8,0,-1,0,0,1,1,25,0,0,0,1028,0,0,0,0,0,1,1,0,0,0,291.6632492,0,0,0,0,3,1,1,1,100,0,0,0,3,1,1,0.1,3000,0,0,0,0,0,0,0,0,0,0,0,0,0,0,0,0,0,0,0,0,0,0,0,0,0,0,0,0,0,0,0,0,0,0,0,0,0,0,0,0,0,0,0,0,0,0,0,0,0,0,0
1989,239,2,55,17.333,2,8,0,-1,1,0,1,1,25,0,0,0,1028,0,0,0,0,0,1,1,0,0,0,291.7015975,0,0,0,0,3,1,1,1,100,0,0,0,3,1,1,0.1,3000,0,0,0,0,0,0,0,0,0,0,0,0,0,0,0,0,0,0,0,0,0,0,0,0,0,0,0,0,0,0,0,0,0,0,0,0,0,0,0,0,0,0,0,0,0,0,0,0,0,0,0
1989,239,2,56,30.412,2,8,0,-1,0,0,1,1,25,0,0,0,1028,0,0,0,0,0,1,1,0,0,0,291.8238729,0,0,0,0,3,1,1,1,100,0,0,0,3,1,1,0.1,3000,0,0,0,0,0,0,0,0,0,0,0,0,0,0,0,0,0,0,0,0,0,0,0,0,0,0,0,0,0,0,0,0,0,0,0,0,0,0,0,0,0,0,0,0,0,0,0,0,0,0,0
1989,239,2,56,53.332,2,8,0,-1,1,0,1,1,25,0,0,0,1028,0,0,0,0,0,1,1,0,0,0,291.8622219,0,0,0,0,3,1,1,1,100,0,0,0,3,1,1,0.1,3000,0,0,0,0,0,0,0,0,0,0,0,0,0,0,0,0,0,0,0,0,0,0,0,0,0,0,0,0,0,0,0,0,0,0,0,0,0,0,0,0,0,0,0,0,0,0,0,0,0,0,0
1989,239,2,58,6.413,2,8,0,-1,0,0,1,1,25,0,0,0,1028,0,0,0,0,0,1,1,0,0,0,291.9844976,0,0,0,0,3,1,1,1,100,0,0,0,3,1,1,0.1,3000,0,0,0,0,0,0,0,0,0,0,0,0,0,0,0,0,0,0,0,0,0,0,0,0,0,0,0,0,0,0,0,0,0,0,0,0,0,0,0,0,0,0,0,0,0,0,0,0,0,0,0
1989,239,2,58,29.332,2,8,0,-1,1,0,1,1,25,0,0,0,1028,0,0,0,0,0,1,1,0,0,0,292.0228447,0,0,0,0,3,1,1,1,100,0,0,0,3,1,1,0.1,3000,0,0,0,0,0,0,0,0,0,0,0,0,0,0,0,0,0,0,0,0,0,0,0,0,0,0,0,0,0,0,0,0,0,0,0,0,0,0,0,0,0,0,0,0,0,0,0,0,0,0,0
1989,239,2,59,42.412,2,8,0,-1,0,0,1,1,25,0,0,0,1028,0,0,0,0,0,1,1,0,0,0,292.145119,0,0,0,0,3,1,1,1,100,0,0,0,3,1,1,0.1,3000,0,0,0,0,0,0,0,0,0,0,0,0,0,0,0,0,0,0,0,0,0,0,0,0,0,0,0,0,0,0,0,0,0,0,0,0,0,0,0,0,0,0,0,0,0,0,0,0,0,0,0
1989,239,3,0,5.332,2,8,0,-1,1,0,1,1,25,0,0,0,1028,0,0,0,0,0,1,1,0,0,0,292.1834677,0,0,0,0,3,1,1,1,100,0,0,0,3,1,1,0.1,3000,0,0,0,0,0,0,0,0,0,0,0,0,0,0,0,0,0,0,0,0,0,0,0,0,0,0,0,0,0,0,0,0,0,0,0,0,0,0,0,0,0,0,0,0,0,0,0,0,0,0,0
1989,239,3,1,18.412,2,8,0,-1,0,0,1,1,25,0,0,0,1028,0,0,0,0,0,1,1,0,0,0,292.3057414,0,0,0,0,3,1,1,1,100,0,0,0,3,1,1,0.1,3000,0,0,0,0,0,0,0,0,0,0,0,0,0,0,0,0,0,0,0,0,0,0,0,0,0,0,0,0,0,0,0,0,0,0,0,0,0,0,0,0,0,0,0,0,0,0,0,0,0,0,0
1989,239,3,1,41.331,2,8,0,-1,1,0,1,1,25,0,0,0,1028,0,0,0,0,0,1,1,0,0,0,292.3440882,0,0,0,0,3,1,1,1,100,0,0,0,3,1,1,0.1,3000,0,0,0,0,0,0,0,0,0,0,0,0,0,0,0,0,0,0,0,0,0,0,0,0,0,0,0,0,0,0,0,0,0,0,0,0,0,0,0,0,0,0,0,0,0,0,0,0,0,0,0
1989,239,3,2,54.412,2,8,0,-1,0,0,1,1,25,0,0,0,1028,0,0,0,0,0,1,1,0,0,0,292.466363,0,0,0,0,3,1,1,1,100,0,0,0,3,1,1,0.1,3000,0,0,0,0,0,0,0,0,0,0,0,0,0,0,0,0,0,0,0,0,0,0,0,0,0,0,0,0,0,0,0,0,0,0,0,0,0,0,0,0,0,0,0,0,0,0,0,0,0,0,0
1989,239,3,3,17.331,2,8,0,-1,1,0,1,1,25,0,0,0,1028,0,0,0,0,0,1,1,0,0,0,292.5047105,0,0,0,0,3,1,1,1,100,0,0,0,3,1,1,0.1,3000,0,0,0,0,0,0,0,0,0,0,0,0,0,0,0,0,0,0,0,0,0,0,0,0,0,0,0,0,0,0,0,0,0,0,0,0,0,0,0,0,0,0,0,0,0,0,0,0,0,0,0
1989,239,3,6,54.412,2,8,0,-1,0,0,1,1,25,0,0,0,1028,0,0,0,0,0,1,1,0,0,0,292.867914,0,0,0,0,3,1,1,1,100,0,0,0,3,1,1,0.1,3000,0,0,0,0,0,0,0,0,0,0,0,0,0,0,0,0,0,0,0,0,0,0,0,0,0,0,0,0,0,0,0,0,0,0,0,0,0,0,0,0,0,0,0,0,0,0,0,0,0,0,0
1989,239,3,7,17.331,2,8,0,-1,1,0,1,1,25,0,0,0,1028,0,0,0,0,0,1,1,0,0,0,292.906261,0,0,0,0,3,1,1,1,100,0,0,0,3,1,1,0.1,3000,0,0,0,0,0,0,0,0,0,0,0,0,0,0,0,0,0,0,0,0,0,0,0,0,0,0,0,0,0,0,0,0,0,0,0,0,0,0,0,0,0,0,0,0,0,0,0,0,0,0,0
1989,239,3,8,30.412,2,8,0,-1,0,0,1,1,25,0,0,0,1028,0,0,0,0,0,1,1,0,0,0,293.0285331,0,0,0,0,3,1,1,1,100,0,0,0,3,1,1,0.1,3000,0,0,0,0,0,0,0,0,0,0,0,0,0,0,0,0,0,0,0,0,0,0,0,0,0,0,0,0,0,0,0,0,0,0,0,0,0,0,0,0,0,0,0,0,0,0,0,0,0,0,0
1989,239,3,8,53.331,2,8,0,-1,1,0,1,1,25,0,0,0,1028,0,0,0,0,0,1,1,0,0,0,293.0668799,0,0,0,0,3,1,1,1,100,0,0,0,3,1,1,0.1,3000,0,0,0,0,0,0,0,0,0,0,0,0,0,0,0,0,0,0,0,0,0,0,0,0,0,0,0,0,0,0,0,0,0,0,0,0,0,0,0,0,0,0,0,0,0,0,0,0,0,0,0
1989,239,3,10,6.412,2,8,0,-1,0,0,1,1,25,0,0,0,1028,0,0,0,0,0,1,1,0,0,0,293.1891514,0,0,0,0,3,1,1,1,100,0,0,0,3,1,1,0.1,3000,0,0,0,0,0,0,0,0,0,0,0,0,0,0,0,0,0,0,0,0,0,0,0,0,0,0,0,0,0,0,0,0,0,0,0,0,0,0,0,0,0,0,0,0,0,0,0,0,0,0,0
1989,239,3,10,29.331,2,8,0,-1,1,0,1,1,25,0,0,0,1028,0,0,0,0,0,1,1,0,0,0,293.2274973,0,0,0,0,3,1,1,1,100,0,0,0,3,1,1,0.1,3000,0,0,0,0,0,0,0,0,0,0,0,0,0,0,0,0,0,0,0,0,0,0,0,0,0,0,0,0,0,0,0,0,0,0,0,0,0,0,0,0,0,0,0,0,0,0,0,0,0,0,0
1989,239,3,11,42.411,2,8,0,-1,0,0,1,1,25,0,0,0,1028,0,0,0,0,0,1,1,0,0,0,293.3497682,0,0,0,0,3,1,1,1,100,0,0,0,3,1,1,0.1,3000,0,0,0,0,0,0,0,0,0,0,0,0,0,0,0,0,0,0,0,0,0,0,0,0,0,0,0,0,0,0,0,0,0,0,0,0,0,0,0,0,0,0,0,0,0,0,0,0,0,0,0
1989,239,3,12,5.331,2,8,0,-1,1,0,1,1,25,0,0,0,1028,0,0,0,0,0,1,1,0,0,0,293.3881156,0,0,0,0,3,1,1,1,100,0,0,0,3,1,1,0.1,3000,0,0,0,0,0,0,0,0,0,0,0,0,0,0,0,0,0,0,0,0,0,0,0,0,0,0,0,0,0,0,0,0,0,0,0,0,0,0,0,0,0,0,0,0,0,0,0,0,0,0,0
1989,239,3,13,18.411,2,8,0,-1,0,0,1,1,25,0,0,0,1028,0,0,0,0,0,1,1,0,0,0,293.5103843,0,0,0,0,3,1,1,1,100,0,0,0,3,1,1,0.1,3000,0,0,0,0,0,0,0,0,0,0,0,0,0,0,0,0,0,0,0,0,0,0,0,0,0,0,0,0,0,0,0,0,0,0,0,0,0,0,0,0,0,0,0,0,0,0,0,0,0,0,0
1989,239,3,13,41.33,2,8,0,-1,1,0,1,1,25,0,0,0,1028,0,0,0,0,0,1,1,0,0,0,293.5487298,0,0,0,0,3,1,1,1,100,0,0,0,3,1,1,0.1,3000,0,0,0,0,0,0,0,0,0,0,0,0,0,0,0,0,0,0,0,0,0,0,0,0,0,0,0,0,0,0,0,0,0,0,0,0,0,0,0,0,0,0,0,0,0,0,0,0,0,0,0
1989,239,3,14,54.411,2,8,0,-1,0,0,1,1,25,0,0,0,1028,0,0,0,0,0,1,1,0,0,0,293.6710005,0,0,0,0,3,1,1,1,100,0,0,0,3,1,1,0.1,3000,0,0,0,0,0,0,0,0,0,0,0,0,0,0,0,0,0,0,0,0,0,0,0,0,0,0,0,0,0,0,0,0,0,0,0,0,0,0,0,0,0,0,0,0,0,0,0,0,0,0,0
1989,239,3,15,17.331,2,8,0,-1,1,0,1,1,25,0,0,0,1028,0,0,0,0,0,1,1,0,0,0,293.7093467,0,0,0,0,3,1,1,1,100,0,0,0,3,1,1,0.1,3000,0,0,0,0,0,0,0,0,0,0,0,0,0,0,0,0,0,0,0,0,0,0,0,0,0,0,0,0,0,0,0,0,0,0,0,0,0,0,0,0,0,0,0,0,0,0,0,0,0,0,0
1989,239,3,18,54.411,2,8,0,-1,0,0,1,1,25,0,0,0,1028,0,0,0,0,0,1,1,0,0,0,294.0725378,0,0,0,0,3,1,1,1,100,0,0,0,3,1,1,0.1,3000,0,0,0,0,0,0,0,0,0,0,0,0,0,0,0,0,0,0,0,0,0,0,0,0,0,0,0,0,0,0,0,0,0,0,0,0,0,0,0,0,0,0,0,0,0,0,0,0,0,0,0
1989,239,3,19,17.331,2,8,0,-1,1,0,1,1,25,0,0,0,1028,0,0,0,0,0,1,1,0,0,0,294.1108835,0,0,0,0,3,1,1,1,100,0,0,0,3,1,1,0.1,3000,0,0,0,0,0,0,0,0,0,0,0,0,0,0,0,0,0,0,0,0,0,0,0,0,0,0,0,0,0,0,0,0,0,0,0,0,0,0,0,0,0,0,0,0,0,0,0,0,0,0,0
1989,239,3,20,30.411,2,8,0,-1,0,0,1,1,25,0,0,0,1028,0,0,0,0,0,1,1,0,0,0,294.2331515,0,0,0,0,3,1,1,1,100,0,0,0,3,1,1,0.1,3000,0,0,0,0,0,0,0,0,0,0,0,0,0,0,0,0,0,0,0,0,0,0,0,0,0,0,0,0,0,0,0,0,0,0,0,0,0,0,0,0,0,0,0,0,0,0,0,0,0,0,0
1989,239,3,20,53.331,2,8,0,-1,1,0,1,1,25,0,0,0,1028,0,0,0,0,0,1,1,0,0,0,294.271497,0,0,0,0,3,1,1,1,100,0,0,0,3,1,1,0.1,3000,0,0,0,0,0,0,0,0,0,0,0,0,0,0,0,0,0,0,0,0,0,0,0,0,0,0,0,0,0,0,0,0,0,0,0,0,0,0,0,0,0,0,0,0,0,0,0,0,0,0,0
1989,239,3,22,6.411,2,8,0,-1,0,0,1,1,25,0,0,0,1028,0,0,0,0,0,1,1,0,0,0,294.3937644,0,0,0,0,3,1,1,1,100,0,0,0,3,1,1,0.1,3000,0,0,0,0,0,0,0,0,0,0,0,0,0,0,0,0,0,0,0,0,0,0,0,0,0,0,0,0,0,0,0,0,0,0,0,0,0,0,0,0,0,0,0,0,0,0,0,0,0,0,0
1989,239,3,22,29.33,2,8,0,-1,1,0,1,1,25,0,0,0,1028,0,0,0,0,0,1,1,0,0,0,294.4321089,0,0,0,0,3,1,1,1,100,0,0,0,3,1,1,0.1,3000,0,0,0,0,0,0,0,0,0,0,0,0,0,0,0,0,0,0,0,0,0,0,0,0,0,0,0,0,0,0,0,0,0,0,0,0,0,0,0,0,0,0,0,0,0,0,0,0,0,0,0
1989,239,3,23,42.41,2,8,0,-1,0,0,1,1,25,0,0,0,1028,0,0,0,0,0,1,1,0,0,0,294.5543758,0,0,0,0,3,1,1,1,100,0,0,0,3,1,1,0.1,3000,0,0,0,0,0,0,0,0,0,0,0,0,0,0,0,0,0,0,0,0,0,0,0,0,0,0,0,0,0,0,0,0,0,0,0,0,0,0,0,0,0,0,0,0,0,0,0,0,0,0,0
1989,239,3,24,5.331,2,8,0,-1,1,0,1,1,25,0,0,0,1028,0,0,0,0,0,1,1,0,0,0,294.5927218,0,0,0,0,3,1,1,1,100,0,0,0,3,1,1,0.1,3000,0,0,0,0,0,0,0,0,0,0,0,0,0,0,0,0,0,0,0,0,0,0,0,0,0,0,0,0,0,0,0,0,0,0,0,0,0,0,0,0,0,0,0,0,0,0,0,0,0,0,0
1989,239,3,25,18.41,2,8,0,-1,0,0,1,1,25,0,0,0,1028,0,0,0,0,0,1,1,0,0,0,294.7149856,0,0,0,0,3,1,1,1,100,0,0,0,3,1,1,0.1,3000,0,0,0,0,0,0,0,0,0,0,0,0,0,0,0,0,0,0,0,0,0,0,0,0,0,0,0,0,0,0,0,0,0,0,0,0,0,0,0,0,0,0,0,0,0,0,0,0,0,0,0
1989,239,3,25,41.33,2,8,0,-1,1,0,1,1,25,0,0,0,1028,0,0,0,0,0,1,1,0,0,0,294.7533315,0,0,0,0,3,1,1,1,100,0,0,0,3,1,1,0.1,3000,0,0,0,0,0,0,0,0,0,0,0,0,0,0,0,0,0,0,0,0,0,0,0,0,0,0,0,0,0,0,0,0,0,0,0,0,0,0,0,0,0,0,0,0,0,0,0,0,0,0,0
1989,239,3,26,54.41,2,8,0,-1,0,0,1,1,25,0,0,0,1028,0,0,0,0,0,1,1,0,0,0,294.8755972,0,0,0,0,3,1,1,1,100,0,0,0,3,1,1,0.1,3000,0,0,0,0,0,0,0,0,0,0,0,0,0,0,0,0,0,0,0,0,0,0,0,0,0,0,0,0,0,0,0,0,0,0,0,0,0,0,0,0,0,0,0,0,0,0,0,0,0,0,0
1989,239,3,27,17.33,2,8,0,-1,1,0,1,1,25,0,0,0,1028,0,0,0,0,0,1,1,0,0,0,294.9139429,0,0,0,0,3,1,1,1,100,0,0,0,3,1,1,0.1,3000,0,0,0,0,0,0,0,0,0,0,0,0,0,0,0,0,0,0,0,0,0,0,0,0,0,0,0,0,0,0,0,0,0,0,0,0,0,0,0,0,0,0,0,0,0,0,0,0,0,0,0
1989,239,3,30,54.41,2,8,0,-1,0,0,1,1,25,0,0,0,1028,0,0,0,0,0,1,1,0,0,0,295.277121,0,0,0,0,3,1,1,1,100,0,0,0,3,1,1,0.1,3000,0,0,0,0,0,0,0,0,0,0,0,0,0,0,0,0,0,0,0,0,0,0,0,0,0,0,0,0,0,0,0,0,0,0,0,0,0,0,0,0,0,0,0,0,0,0,0,0,0,0,0
1989,239,3,31,17.33,2,8,0,-1,1,0,1,1,25,0,0,0,1028,0,0,0,0,0,1,1,0,0,0,295.3154663,0,0,0,0,3,1,1,1,100,0,0,0,3,1,1,0.1,3000,0,0,0,0,0,0,0,0,0,0,0,0,0,0,0,0,0,0,0,0,0,0,0,0,0,0,0,0,0,0,0,0,0,0,0,0,0,0,0,0,0,0,0,0,0,0,0,0,0,0,0
1989,239,3,32,30.41,2,8,0,-1,0,0,1,1,25,0,0,0,1028,0,0,0,0,0,1,1,0,0,0,295.4377293,0,0,0,0,3,1,1,1,100,0,0,0,3,1,1,0.1,3000,0,0,0,0,0,0,0,0,0,0,0,0,0,0,0,0,0,0,0,0,0,0,0,0,0,0,0,0,0,0,0,0,0,0,0,0,0,0,0,0,0,0,0,0,0,0,0,0,0,0,0
1989,239,3,32,53.33,2,8,0,-1,1,0,1,1,25,0,0,0,1028,0,0,0,0,0,1,1,0,0,0,295.4760735,0,0,0,0,3,1,1,1,100,0,0,0,3,1,1,0.1,3000,0,0,0,0,0,0,0,0,0,0,0,0,0,0,0,0,0,0,0,0,0,0,0,0,0,0,0,0,0,0,0,0,0,0,0,0,0,0,0,0,0,0,0,0,0,0,0,0,0,0,0
1989,239,3,34,6.41,2,8,0,-1,0,0,1,1,25,0,0,0,1028,0,0,0,0,0,1,1,0,0,0,295.5983368,0,0,0,0,3,1,1,1,100,0,0,0,3,1,1,0.1,3000,0,0,0,0,0,0,0,0,0,0,0,0,0,0,0,0,0,0,0,0,0,0,0,0,0,0,0,0,0,0,0,0,0,0,0,0,0,0,0,0,0,0,0,0,0,0,0,0,0,0,0
1989,239,3,34,29.33,2,8,0,-1,1,0,1,1,25,0,0,0,1028,0,0,0,0,0,1,1,0,0,0,295.6366809,0,0,0,0,3,1,1,1,100,0,0,0,3,1,1,0.1,3000,0,0,0,0,0,0,0,0,0,0,0,0,0,0,0,0,0,0,0,0,0,0,0,0,0,0,0,0,0,0,0,0,0,0,0,0,0,0,0,0,0,0,0,0,0,0,0,0,0,0,0
1989,239,3,35,42.41,2,8,0,-1,0,0,1,1,25,0,0,0,1028,0,0,0,0,0,1,1,0,0,0,295.7589436,0,0,0,0,3,1,1,1,100,0,0,0,3,1,1,0.1,3000,0,0,0,0,0,0,0,0,0,0,0,0,0,0,0,0,0,0,0,0,0,0,0,0,0,0,0,0,0,0,0,0,0,0,0,0,0,0,0,0,0,0,0,0,0,0,0,0,0,0,0
1989,239,3,36,5.33,2,8,0,-1,1,0,1,1,25,0,0,0,1028,0,0,0,0,0,1,1,0,0,0,295.7972884,0,0,0,0,3,1,1,1,100,0,0,0,3,1,1,0.1,3000,0,0,0,0,0,0,0,0,0,0,0,0,0,0,0,0,0,0,0,0,0,0,0,0,0,0,0,0,0,0,0,0,0,0,0,0,0,0,0,0,0,0,0,0,0,0,0,0,0,0,0
1989,239,3,37,18.41,2,8,0,-1,0,0,1,1,25,0,0,0,1028,0,0,0,0,0,1,1,0,0,0,295.9195498,0,0,0,0,3,1,1,1,100,0,0,0,3,1,1,0.1,3000,0,0,0,0,0,0,0,0,0,0,0,0,0,0,0,0,0,0,0,0,0,0,0,0,0,0,0,0,0,0,0,0,0,0,0,0,0,0,0,0,0,0,0,0,0,0,0,0,0,0,0
1989,239,3,37,41.329,2,8,0,-1,1,0,1,1,25,0,0,0,1028,0,0,0,0,0,1,1,0,0,0,295.9578927,0,0,0,0,3,1,1,1,100,0,0,0,3,1,1,0.1,3000,0,0,0,0,0,0,0,0,0,0,0,0,0,0,0,0,0,0,0,0,0,0,0,0,0,0,0,0,0,0,0,0,0,0,0,0,0,0,0,0,0,0,0,0,0,0,0,0,0,0,0
1989,239,3,38,54.409,2,8,0,-1,0,0,1,1,25,0,0,0,1028,0,0,0,0,0,1,1,0,0,0,296.0801535,0,0,0,0,3,1,1,1,100,0,0,0,3,1,1,0.1,3000,0,0,0,0,0,0,0,0,0,0,0,0,0,0,0,0,0,0,0,0,0,0,0,0,0,0,0,0,0,0,0,0,0,0,0,0,0,0,0,0,0,0,0,0,0,0,0,0,0,0,0
1989,239,3,39,17.329,2,8,0,-1,1,0,1,1,25,0,0,0,1028,0,0,0,0,0,1,1,0,0,0,296.1184979,0,0,0,0,3,1,1,1,100,0,0,0,3,1,1,0.1,3000,0,0,0,0,0,0,0,0,0,0,0,0,0,0,0,0,0,0,0,0,0,0,0,0,0,0,0,0,0,0,0,0,0,0,0,0,0,0,0,0,0,0,0,0,0,0,0,0,0,0,0
1989,239,3,42,54.409,2,8,0,-1,0,0,1,1,25,0,0,0,1028,0,0,0,0,0,1,1,0,0,0,296.4816639,0,0,0,0,3,1,1,1,100,0,0,0,3,1,1,0.1,3000,0,0,0,0,0,0,0,0,0,0,0,0,0,0,0,0,0,0,0,0,0,0,0,0,0,0,0,0,0,0,0,0,0,0,0,0,0,0,0,0,0,0,0,0,0,0,0,0,0,0,0
1989,239,3,43,17.329,2,8,0,-1,1,0,1,1,25,0,0,0,1028,0,0,0,0,0,1,1,0,0,0,296.5200079,0,0,0,0,3,1,1,1,100,0,0,0,3,1,1,0.1,3000,0,0,0,0,0,0,0,0,0,0,0,0,0,0,0,0,0,0,0,0,0,0,0,0,0,0,0,0,0,0,0,0,0,0,0,0,0,0,0,0,0,0,0,0,0,0,0,0,0,0,0
1989,239,3,44,30.409,2,8,0,-1,0,0,1,1,25,0,0,0,1028,0,0,0,0,0,1,1,0,0,0,296.6422668,0,0,0,0,3,1,1,1,100,0,0,0,3,1,1,0.1,3000,0,0,0,0,0,0,0,0,0,0,0,0,0,0,0,0,0,0,0,0,0,0,0,0,0,0,0,0,0,0,0,0,0,0,0,0,0,0,0,0,0,0,0,0,0,0,0,0,0,0,0
1989,239,3,44,53.329,2,8,0,-1,1,0,1,1,25,0,0,0,1028,0,0,0,0,0,1,1,0,0,0,296.6806107,0,0,0,0,3,1,1,1,100,0,0,0,3,1,1,0.1,3000,0,0,0,0,0,0,0,0,0,0,0,0,0,0,0,0,0,0,0,0,0,0,0,0,0,0,0,0,0,0,0,0,0,0,0,0,0,0,0,0,0,0,0,0,0,0,0,0,0,0,0
1989,239,3,46,6.409,2,8,0,-1,0,0,1,1,25,0,0,0,1028,0,0,0,0,0,1,1,0,0,0,296.802869,0,0,0,0,3,1,1,1,100,0,0,0,3,1,1,0.1,3000,0,0,0,0,0,0,0,0,0,0,0,0,0,0,0,0,0,0,0,0,0,0,0,0,0,0,0,0,0,0,0,0,0,0,0,0,0,0,0,0,0,0,0,0,0,0,0,0,0,0,0
1989,239,3,46,29.328,2,8,0,-1,1,0,1,1,25,0,0,0,1028,0,0,0,0,0,1,1,0,0,0,296.8412119,0,0,0,0,3,1,1,1,100,0,0,0,3,1,1,0.1,3000,0,0,0,0,0,0,0,0,0,0,0,0,0,0,0,0,0,0,0,0,0,0,0,0,0,0,0,0,0,0,0,0,0,0,0,0,0,0,0,0,0,0,0,0,0,0,0,0,0,0,0
1989,239,3,47,42.409,2,8,0,-1,0,0,1,1,25,0,0,0,1028,0,0,0,0,0,1,1,0,0,0,296.9634705,0,0,0,0,3,1,1,1,100,0,0,0,3,1,1,0.1,3000,0,0,0,0,0,0,0,0,0,0,0,0,0,0,0,0,0,0,0,0,0,0,0,0,0,0,0,0,0,0,0,0,0,0,0,0,0,0,0,0,0,0,0,0,0,0,0,0,0,0,0
1989,239,3,48,5.329,2,8,0,-1,1,0,1,1,25,0,0,0,1028,0,0,0,0,0,1,1,0,0,0,297.001814,0,0,0,0,3,1,1,1,100,0,0,0,3,1,1,0.1,3000,0,0,0,0,0,0,0,0,0,0,0,0,0,0,0,0,0,0,0,0,0,0,0,0,0,0,0,0,0,0,0,0,0,0,0,0,0,0,0,0,0,0,0,0,0,0,0,0,0,0,0
1989,239,3,49,18.409,2,8,0,-1,0,0,1,1,25,0,0,0,1028,0,0,0,0,0,1,1,0,0,0,297.1240713,0,0,0,0,3,1,1,1,100,0,0,0,3,1,1,0.1,3000,0,0,0,0,0,0,0,0,0,0,0,0,0,0,0,0,0,0,0,0,0,0,0,0,0,0,0,0,0,0,0,0,0,0,0,0,0,0,0,0,0,0,0,0,0,0,0,0,0,0,0
1989,239,3,49,41.328,2,8,0,-1,1,0,1,1,25,0,0,0,1028,0,0,0,0,0,1,1,0,0,0,297.1624138,0,0,0,0,3,1,1,1,100,0,0,0,3,1,1,0.1,3000,0,0,0,0,0,0,0,0,0,0,0,0,0,0,0,0,0,0,0,0,0,0,0,0,0,0,0,0,0,0,0,0,0,0,0,0,0,0,0,0,0,0,0,0,0,0,0,0,0,0,0
1989,239,3,50,54.408,2,8,0,-1,0,0,1,1,25,0,0,0,1028,0,0,0,0,0,1,1,0,0,0,297.2846706,0,0,0,0,3,1,1,1,100,0,0,0,3,1,1,0.1,3000,0,0,0,0,0,0,0,0,0,0,0,0,0,0,0,0,0,0,0,0,0,0,0,0,0,0,0,0,0,0,0,0,0,0,0,0,0,0,0,0,0,0,0,0,0,0,0,0,0,0,0
1989,239,3,51,17.328,2,8,0,-1,1,0,1,1,25,0,0,0,1028,0,0,0,0,0,1,1,0,0,0,297.3230137,0,0,0,0,3,1,1,1,100,0,0,0,3,1,1,0.1,3000,0,0,0,0,0,0,0,0,0,0,0,0,0,0,0,0,0,0,0,0,0,0,0,0,0,0,0,0,0,0,0,0,0,0,0,0,0,0,0,0,0,0,0,0,0,0,0,0,0,0,0
1989,239,3,54,54.408,2,8,0,-1,0,0,1,1,25,0,0,0,1028,0,0,0,0,0,1,1,0,0,0,297.6861668,0,0,0,0,3,1,1,1,100,0,0,0,3,1,1,0.1,3000,0,0,0,0,0,0,0,0,0,0,0,0,0,0,0,0,0,0,0,0,0,0,0,0,0,0,0,0,0,0,0,0,0,0,0,0,0,0,0,0,0,0,0,0,0,0,0,0,0,0,0
1989,239,3,55,17.328,2,8,0,-1,1,0,1,1,25,0,0,0,1028,0,0,0,0,0,1,1,0,0,0,297.7245096,0,0,0,0,3,1,1,1,100,0,0,0,3,1,1,0.1,3000,0,0,0,0,0,0,0,0,0,0,0,0,0,0,0,0,0,0,0,0,0,0,0,0,0,0,0,0,0,0,0,0,0,0,0,0,0,0,0,0,0,0,0,0,0,0,0,0,0,0,0
1989,239,3,56,30.408,2,8,0,-1,0,0,1,1,25,0,0,0,1028,0,0,0,0,0,1,1,0,0,0,297.8467644,0,0,0,0,3,1,1,1,100,0,0,0,3,1,1,0.1,3000,0,0,0,0,0,0,0,0,0,0,0,0,0,0,0,0,0,0,0,0,0,0,0,0,0,0,0,0,0,0,0,0,0,0,0,0,0,0,0,0,0,0,0,0,0,0,0,0,0,0,0
1989,239,3,56,53.328,2,8,0,-1,1,0,1,1,25,0,0,0,1028,0,0,0,0,0,1,1,0,0,0,297.885107,0,0,0,0,3,1,1,1,100,0,0,0,3,1,1,0.1,3000,0,0,0,0,0,0,0,0,0,0,0,0,0,0,0,0,0,0,0,0,0,0,0,0,0,0,0,0,0,0,0,0,0,0,0,0,0,0,0,0,0,0,0,0,0,0,0,0,0,0,0
1989,239,3,58,6.408,2,8,0,-1,0,0,1,1,25,0,0,0,1028,0,0,0,0,0,1,1,0,0,0,298.0073614,0,0,0,0,3,1,1,1,100,0,0,0,3,1,1,0.1,3000,0,0,0,0,0,0,0,0,0,0,0,0,0,0,0,0,0,0,0,0,0,0,0,0,0,0,0,0,0,0,0,0,0,0,0,0,0,0,0,0,0,0,0,0,0,0,0,0,0,0,0
1989,239,3,58,29.327,2,8,0,-1,1,0,1,1,25,0,0,0,1028,0,0,0,0,0,1,1,0,0,0,298.0457029,0,0,0,0,3,1,1,1,100,0,0,0,3,1,1,0.1,3000,0,0,0,0,0,0,0,0,0,0,0,0,0,0,0,0,0,0,0,0,0,0,0,0,0,0,0,0,0,0,0,0,0,0,0,0,0,0,0,0,0,0,0,0,0,0,0,0,0,0,0
1989,239,3,59,42.408,2,8,0,-1,0,0,1,1,25,0,0,0,1028,0,0,0,0,0,1,1,0,0,0,298.1679576,0,0,0,0,3,1,1,1,100,0,0,0,3,1,1,0.1,3000,0,0,0,0,0,0,0,0,0,0,0,0,0,0,0,0,0,0,0,0,0,0,0,0,0,0,0,0,0,0,0,0,0,0,0,0,0,0,0,0,0,0,0,0,0,0,0,0,0,0,0
1989,239,4,0,5.328,2,8,0,-1,1,0,1,1,25,0,0,0,1028,0,0,0,0,0,1,1,0,0,0,298.2062998,0,0,0,0,3,1,1,1,100,0,0,0,3,1,1,0.1,3000,0,0,0,0,0,0,0,0,0,0,0,0,0,0,0,0,0,0,0,0,0,0,0,0,0,0,0,0,0,0,0,0,0,0,0,0,0,0,0,0,0,0,0,0,0,0,0,0,0,0,0
1989,239,4,1,18.408,2,8,0,-1,0,0,1,1,25,0,0,0,1028,0,0,0,0,0,1,1,0,0,0,298.3285531,0,0,0,0,3,1,1,1,100,0,0,0,3,1,1,0.1,3000,0,0,0,0,0,0,0,0,0,0,0,0,0,0,0,0,0,0,0,0,0,0,0,0,0,0,0,0,0,0,0,0,0,0,0,0,0,0,0,0,0,0,0,0,0,0,0,0,0,0,0
1989,239,4,1,41.327,2,8,0,-1,1,0,1,1,25,0,0,0,1028,0,0,0,0,0,1,1,0,0,0,298.3668943,0,0,0,0,3,1,1,1,100,0,0,0,3,1,1,0.1,3000,0,0,0,0,0,0,0,0,0,0,0,0,0,0,0,0,0,0,0,0,0,0,0,0,0,0,0,0,0,0,0,0,0,0,0,0,0,0,0,0,0,0,0,0,0,0,0,0,0,0,0
1989,239,4,2,54.408,2,8,0,-1,0,0,1,1,25,0,0,0,1028,0,0,0,0,0,1,1,0,0,0,298.4891479,0,0,0,0,3,1,1,1,100,0,0,0,3,1,1,0.1,3000,0,0,0,0,0,0,0,0,0,0,0,0,0,0,0,0,0,0,0,0,0,0,0,0,0,0,0,0,0,0,0,0,0,0,0,0,0,0,0,0,0,0,0,0,0,0,0,0,0,0,0
1989,239,4,3,17.328,2,8,0,-1,1,0,1,1,25,0,0,0,1028,0,0,0,0,0,1,1,0,0,0,298.5274898,0,0,0,0,3,1,1,1,100,0,0,0,3,1,1,0.1,3000,0,0,0,0,0,0,0,0,0,0,0,0,0,0,0,0,0,0,0,0,0,0,0,0,0,0,0,0,0,0,0,0,0,0,0,0,0,0,0,0,0,0,0,0,0,0,0,0,0,0,0
1989,239,4,6,54.407,2,8,0,-1,0,0,1,1,25,0,0,0,1028,0,0,0,0,0,1,1,0,0,0,298.8906301,0,0,0,0,3,1,1,1,100,0,0,0,3,1,1,0.1,3000,0,0,0,0,0,0,0,0,0,0,0,0,0,0,0,0,0,0,0,0,0,0,0,0,0,0,0,0,0,0,0,0,0,0,0,0,0,0,0,0,0,0,0,0,0,0,0,0,0,0,0
1989,239,4,7,17.327,2,8,0,-1,1,0,1,1,25,0,0,0,1028,0,0,0,0,0,1,1,0,0,0,298.9289716,0,0,0,0,3,1,1,1,100,0,0,0,3,1,1,0.1,3000,0,0,0,0,0,0,0,0,0,0,0,0,0,0,0,0,0,0,0,0,0,0,0,0,0,0,0,0,0,0,0,0,0,0,0,0,0,0,0,0,0,0,0,0,0,0,0,0,0,0,0
1989,239,4,8,30.407,2,8,0,-1,0,0,1,1,25,0,0,0,1028,0,0,0,0,0,1,1,0,0,0,299.0512225,0,0,0,0,3,1,1,1,100,0,0,0,3,1,1,0.1,3000,0,0,0,0,0,0,0,0,0,0,0,0,0,0,0,0,0,0,0,0,0,0,0,0,0,0,0,0,0,0,0,0,0,0,0,0,0,0,0,0,0,0,0,0,0,0,0,0,0,0,0
1989,239,4,8,53.327,2,8,0,-1,1,0,1,1,25,0,0,0,1028,0,0,0,0,0,1,1,0,0,0,299.0895638,0,0,0,0,3,1,1,1,100,0,0,0,3,1,1,0.1,3000,0,0,0,0,0,0,0,0,0,0,0,0,0,0,0,0,0,0,0,0,0,0,0,0,0,0,0,0,0,0,0,0,0,0,0,0,0,0,0,0,0,0,0,0,0,0,0,0,0,0,0
1989,239,4,10,6.407,2,8,0,-1,0,0,1,1,25,0,0,0,1028,0,0,0,0,0,1,1,0,0,0,299.2118141,0,0,0,0,3,1,1,1,100,0,0,0,3,1,1,0.1,3000,0,0,0,0,0,0,0,0,0,0,0,0,0,0,0,0,0,0,0,0,0,0,0,0,0,0,0,0,0,0,0,0,0,0,0,0,0,0,0,0,0,0,0,0,0,0,0,0,0,0,0
1989,239,4,10,29.327,2,8,0,-1,1,0,1,1,25,0,0,0,1028,0,0,0,0,0,1,1,0,0,0,299.2501553,0,0,0,0,3,1,1,1,100,0,0,0,3,1,1,0.1,3000,0,0,0,0,0,0,0,0,0,0,0,0,0,0,0,0,0,0,0,0,0,0,0,0,0,0,0,0,0,0,0,0,0,0,0,0,0,0,0,0,0,0,0,0,0,0,0,0,0,0,0
1989,239,4,11,42.407,2,8,0,-1,0,0,1,1,25,0,0,0,1028,0,0,0,0,0,1,1,0,0,0,299.3724051,0,0,0,0,3,1,1,1,100,0,0,0,3,1,1,0.1,3000,0,0,0,0,0,0,0,0,0,0,0,0,0,0,0,0,0,0,0,0,0,0,0,0,0,0,0,0,0,0,0,0,0,0,0,0,0,0,0,0,0,0,0,0,0,0,0,0,0,0,0
1989,239,4,12,5.327,2,8,0,-1,1,0,1,1,25,0,0,0,1028,0,0,0,0,0,1,1,0,0,0,299.4107461,0,0,0,0,3,1,1,1,100,0,0,0,3,1,1,0.1,3000,0,0,0,0,0,0,0,0,0,0,0,0,0,0,0,0,0,0,0,0,0,0,0,0,0,0,0,0,0,0,0,0,0,0,0,0,0,0,0,0,0,0,0,0,0,0,0,0,0,0,0
1989,239,4,13,18.407,2,8,0,-1,0,0,1,1,25,0,0,0,1028,0,0,0,0,0,1,1,0,0,0,299.5329953,0,0,0,0,3,1,1,1,100,0,0,0,3,1,1,0.1,3000,0,0,0,0,0,0,0,0,0,0,0,0,0,0,0,0,0,0,0,0,0,0,0,0,0,0,0,0,0,0,0,0,0,0,0,0,0,0,0,0,0,0,0,0,0,0,0,0,0,0,0
1989,239,4,13,41.327,2,8,0,-1,1,0,1,1,25,0,0,0,1028,0,0,0,0,0,1,1,0,0,0,299.5713362,0,0,0,0,3,1,1,1,100,0,0,0,3,1,1,0.1,3000,0,0,0,0,0,0,0,0,0,0,0,0,0,0,0,0,0,0,0,0,0,0,0,0,0,0,0,0,0,0,0,0,0,0,0,0,0,0,0,0,0,0,0,0,0,0,0,0,0,0,0
1989,239,4,14,54.407,2,8,0,-1,0,0,1,1,25,0,0,0,1028,0,0,0,0,0,1,1,0,0,0,299.6935849,0,0,0,0,3,1,1,1,100,0,0,0,3,1,1,0.1,3000,0,0,0,0,0,0,0,0,0,0,0,0,0,0,0,0,0,0,0,0,0,0,0,0,0,0,0,0,0,0,0,0,0,0,0,0,0,0,0,0,0,0,0,0,0,0,0,0,0,0,0
1989,239,4,15,17.327,2,8,0,-1,1,0,1,1,25,0,0,0,1028,0,0,0,0,0,1,1,0,0,0,299.7319256,0,0,0,0,3,1,1,1,100,0,0,0,3,1,1,0.1,3000,0,0,0,0,0,0,0,0,0,0,0,0,0,0,0,0,0,0,0,0,0,0,0,0,0,0,0,0,0,0,0,0,0,0,0,0,0,0,0,0,0,0,0,0,0,0,0,0,0,0,0
1989,239,4,18,54.406,2,8,0,-1,0,0,1,1,25,0,0,0,1028,0,0,0,0,0,1,1,0,0,0,300.0950541,0,0,0,0,3,1,1,1,100,0,0,0,3,1,1,0.1,3000,0,0,0,0,0,0,0,0,0,0,0,0,0,0,0,0,0,0,0,0,0,0,0,0,0,0,0,0,0,0,0,0,0,0,0,0,0,0,0,0,0,0,0,0,0,0,0,0,0,0,0
1989,239,4,19,17.326,2,8,0,-1,1,0,1,1,25,0,0,0,1028,0,0,0,0,0,1,1,0,0,0,300.1333935,0,0,0,0,3,1,1,1,100,0,0,0,3,1,1,0.1,3000,0,0,0,0,0,0,0,0,0,0,0,0,0,0,0,0,0,0,0,0,0,0,0,0,0,0,0,0,0,0,0,0,0,0,0,0,0,0,0,0,0,0,0,0,0,0,0,0,0,0,0
1989,239,4,20,30.406,2,8,0,-1,0,0,1,1,25,0,0,0,1028,0,0,0,0,0,1,1,0,0,0,300.2556412,0,0,0,0,3,1,1,1,100,0,0,0,3,1,1,0.1,3000,0,0,0,0,0,0,0,0,0,0,0,0,0,0,0,0,0,0,0,0,0,0,0,0,0,0,0,0,0,0,0,0,0,0,0,0,0,0,0,0,0,0,0,0,0,0,0,0,0,0,0
1989,239,4,20,53.326,2,8,0,-1,1,0,1,1,25,0,0,0,1028,0,0,0,0,0,1,1,0,0,0,300.2939813,0,0,0,0,3,1,1,1,100,0,0,0,3,1,1,0.1,3000,0,0,0,0,0,0,0,0,0,0,0,0,0,0,0,0,0,0,0,0,0,0,0,0,0,0,0,0,0,0,0,0,0,0,0,0,0,0,0,0,0,0,0,0,0,0,0,0,0,0,0
1989,239,4,22,6.406,2,8,0,-1,0,0,1,1,25,0,0,0,1028,0,0,0,0,0,1,1,0,0,0,300.4162277,0,0,0,0,3,1,1,1,100,0,0,0,3,1,1,0.1,3000,0,0,0,0,0,0,0,0,0,0,0,0,0,0,0,0,0,0,0,0,0,0,0,0,0,0,0,0,0,0,0,0,0,0,0,0,0,0,0,0,0,0,0,0,0,0,0,0,0,0,0
1989,239,4,22,29.326,2,8,0,-1,1,0,1,1,25,0,0,0,1028,0,0,0,0,0,1,1,0,0,0,300.4545667,0,0,0,0,3,1,1,1,100,0,0,0,3,1,1,0.1,3000,0,0,0,0,0,0,0,0,0,0,0,0,0,0,0,0,0,0,0,0,0,0,0,0,0,0,0,0,0,0,0,0,0,0,0,0,0,0,0,0,0,0,0,0,0,0,0,0,0,0,0
1989,239,4,23,42.406,2,8,0,-1,0,0,1,1,25,0,0,0,1028,0,0,0,0,0,1,1,0,0,0,300.5768134,0,0,0,0,3,1,1,1,100,0,0,0,3,1,1,0.1,3000,0,0,0,0,0,0,0,0,0,0,0,0,0,0,0,0,0,0,0,0,0,0,0,0,0,0,0,0,0,0,0,0,0,0,0,0,0,0,0,0,0,0,0,0,0,0,0,0,0,0,0
1989,239,4,24,5.326,2,8,0,-1,1,0,1,1,25,0,0,0,1028,0,0,0,0,0,1,1,0,0,0,300.6151532,0,0,0,0,3,1,1,1,100,0,0,0,3,1,1,0.1,3000,0,0,0,0,0,0,0,0,0,0,0,0,0,0,0,0,0,0,0,0,0,0,0,0,0,0,0,0,0,0,0,0,0,0,0,0,0,0,0,0,0,0,0,0,0,0,0,0,0,0,0
1989,239,4,25,18.406,2,8,0,-1,0,0,1,1,25,0,0,0,1028,0,0,0,0,0,1,1,0,0,0,300.7373985,0,0,0,0,3,1,1,1,100,0,0,0,3,1,1,0.1,3000,0,0,0,0,0,0,0,0,0,0,0,0,0,0,0,0,0,0,0,0,0,0,0,0,0,0,0,0,0,0,0,0,0,0,0,0,0,0,0,0,0,0,0,0,0,0,0,0,0,0,0
1989,239,4,25,41.326,2,8,0,-1,1,0,1,1,25,0,0,0,1028,0,0,0,0,0,1,1,0,0,0,300.7757381,0,0,0,0,3,1,1,1,100,0,0,0,3,1,1,0.1,3000,0,0,0,0,0,0,0,0,0,0,0,0,0,0,0,0,0,0,0,0,0,0,0,0,0,0,0,0,0,0,0,0,0,0,0,0,0,0,0,0,0,0,0,0,0,0,0,0,0,0,0
1989,239,4,26,54.406,2,8,0,-1,0,0,1,1,25,0,0,0,1028,0,0,0,0,0,1,1,0,0,0,300.8979828,0,0,0,0,3,1,1,1,100,0,0,0,3,1,1,0.1,3000,0,0,0,0,0,0,0,0,0,0,0,0,0,0,0,0,0,0,0,0,0,0,0,0,0,0,0,0,0,0,0,0,0,0,0,0,0,0,0,0,0,0,0,0,0,0,0,0,0,0,0
1989,239,4,27,17.326,2,8,0,-1,1,0,1,1,25,0,0,0,1028,0,0,0,0,0,1,1,0,0,0,300.9363214,0,0,0,0,3,1,1,1,100,0,0,0,3,1,1,0.1,3000,0,0,0,0,0,0,0,0,0,0,0,0,0,0,0,0,0,0,0,0,0,0,0,0,0,0,0,0,0,0,0,0,0,0,0,0,0,0,0,0,0,0,0,0,0,0,0,0,0,0,0
1989,239,4,30,54.405,2,8,0,-1,0,0,1,1,25,0,0,0,1028,0,0,0,0,0,1,1,0,0,0,301.2994391,0,0,0,0,3,1,1,1,100,0,0,0,3,1,1,0.1,3000,0,0,0,0,0,0,0,0,0,0,0,0,0,0,0,0,0,0,0,0,0,0,0,0,0,0,0,0,0,0,0,0,0,0,0,0,0,0,0,0,0,0,0,0,0,0,0,0,0,0,0
1989,239,4,31,17.325,2,8,0,-1,1,0,1,1,25,0,0,0,1028,0,0,0,0,0,1,1,0,0,0,301.3377772,0,0,0,0,3,1,1,1,100,0,0,0,3,1,1,0.1,3000,0,0,0,0,0,0,0,0,0,0,0,0,0,0,0,0,0,0,0,0,0,0,0,0,0,0,0,0,0,0,0,0,0,0,0,0,0,0,0,0,0,0,0,0,0,0,0,0,0,0,0
1989,239,4,32,30.405,2,8,0,-1,0,0,1,1,25,0,0,0,1028,0,0,0,0,0,1,1,0,0,0,301.460021,0,0,0,0,3,1,1,1,100,0,0,0,3,1,1,0.1,3000,0,0,0,0,0,0,0,0,0,0,0,0,0,0,0,0,0,0,0,0,0,0,0,0,0,0,0,0,0,0,0,0,0,0,0,0,0,0,0,0,0,0,0,0,0,0,0,0,0,0,0
1989,239,4,32,53.325,2,8,0,-1,1,0,1,1,25,0,0,0,1028,0,0,0,0,0,1,1,0,0,0,301.4983599,0,0,0,0,3,1,1,1,100,0,0,0,3,1,1,0.1,3000,0,0,0,0,0,0,0,0,0,0,0,0,0,0,0,0,0,0,0,0,0,0,0,0,0,0,0,0,0,0,0,0,0,0,0,0,0,0,0,0,0,0,0,0,0,0,0,0,0,0,0
1989,239,4,34,6.405,2,8,0,-1,0,0,1,1,25,0,0,0,1028,0,0,0,0,0,1,1,0,0,0,301.6206023,0,0,0,0,3,1,1,1,100,0,0,0,3,1,1,0.1,3000,0,0,0,0,0,0,0,0,0,0,0,0,0,0,0,0,0,0,0,0,0,0,0,0,0,0,0,0,0,0,0,0,0,0,0,0,0,0,0,0,0,0,0,0,0,0,0,0,0,0,0
1989,239,4,34,29.325,2,8,0,-1,1,0,1,1,25,0,0,0,1028,0,0,0,0,0,1,1,0,0,0,301.6589401,0,0,0,0,3,1,1,1,100,0,0,0,3,1,1,0.1,3000,0,0,0,0,0,0,0,0,0,0,0,0,0,0,0,0,0,0,0,0,0,0,0,0,0,0,0,0,0,0,0,0,0,0,0,0,0,0,0,0,0,0,0,0,0,0,0,0,0,0,0
1989,239,4,35,42.405,2,8,0,-1,0,0,1,1,25,0,0,0,1028,0,0,0,0,0,1,1,0,0,0,301.7811829,0,0,0,0,3,1,1,1,100,0,0,0,3,1,1,0.1,3000,0,0,0,0,0,0,0,0,0,0,0,0,0,0,0,0,0,0,0,0,0,0,0,0,0,0,0,0,0,0,0,0,0,0,0,0,0,0,0,0,0,0,0,0,0,0,0,0,0,0,0
1989,239,4,36,5.325,2,8,0,-1,1,0,1,1,25,0,0,0,1028,0,0,0,0,0,1,1,0,0,0,301.8195214,0,0,0,0,3,1,1,1,100,0,0,0,3,1,1,0.1,3000,0,0,0,0,0,0,0,0,0,0,0,0,0,0,0,0,0,0,0,0,0,0,0,0,0,0,0,0,0,0,0,0,0,0,0,0,0,0,0,0,0,0,0,0,0,0,0,0,0,0,0
1989,239,4,37,18.405,2,8,0,-1,0,0,1,1,25,0,0,0,1028,0,0,0,0,0,1,1,0,0,0,301.9417628,0,0,0,0,3,1,1,1,100,0,0,0,3,1,1,0.1,3000,0,0,0,0,0,0,0,0,0,0,0,0,0,0,0,0,0,0,0,0,0,0,0,0,0,0,0,0,0,0,0,0,0,0,0,0,0,0,0,0,0,0,0,0,0,0,0,0,0,0,0
1989,239,4,37,41.325,2,8,0,-1,1,0,1,1,25,0,0,0,1028,0,0,0,0,0,1,1,0,0,0,301.9801011,0,0,0,0,3,1,1,1,100,0,0,0,3,1,1,0.1,3000,0,0,0,0,0,0,0,0,0,0,0,0,0,0,0,0,0,0,0,0,0,0,0,0,0,0,0,0,0,0,0,0,0,0,0,0,0,0,0,0,0,0,0,0,0,0,0,0,0,0,0
1989,239,4,38,54.405,2,8,0,-1,0,0,1,1,25,0,0,0,1028,0,0,0,0,0,1,1,0,0,0,302.102342,0,0,0,0,3,1,1,1,100,0,0,0,3,1,1,0.1,3000,0,0,0,0,0,0,0,0,0,0,0,0,0,0,0,0,0,0,0,0,0,0,0,0,0,0,0,0,0,0,0,0,0,0,0,0,0,0,0,0,0,0,0,0,0,0,0,0,0,0,0
1989,239,4,39,17.325,2,8,0,-1,1,0,1,1,25,0,0,0,1028,0,0,0,0,0,1,1,0,0,0,302.1406793,0,0,0,0,3,1,1,1,100,0,0,0,3,1,1,0.1,3000,0,0,0,0,0,0,0,0,0,0,0,0,0,0,0,0,0,0,0,0,0,0,0,0,0,0,0,0,0,0,0,0,0,0,0,0,0,0,0,0,0,0,0,0,0,0,0,0,0,0,0
1989,239,4,42,54.404,2,8,0,-1,0,0,1,1,25,0,0,0,1028,0,0,0,0,0,1,1,0,0,0,302.5037853,0,0,0,0,3,1,1,1,100,0,0,0,3,1,1,0.1,3000,0,0,0,0,0,0,0,0,0,0,0,0,0,0,0,0,0,0,0,0,0,0,0,0,0,0,0,0,0,0,0,0,0,0,0,0,0,0,0,0,0,0,0,0,0,0,0,0,0,0,0
1989,239,4,43,17.324,2,8,0,-1,1,0,1,1,25,0,0,0,1028,0,0,0,0,0,1,1,0,0,0,302.5421223,0,0,0,0,3,1,1,1,100,0,0,0,3,1,1,0.1,3000,0,0,0,0,0,0,0,0,0,0,0,0,0,0,0,0,0,0,0,0,0,0,0,0,0,0,0,0,0,0,0,0,0,0,0,0,0,0,0,0,0,0,0,0,0,0,0,0,0,0,0
1989,239,4,44,30.404,2,8,0,-1,0,0,1,1,25,0,0,0,1028,0,0,0,0,0,1,1,0,0,0,302.6643622,0,0,0,0,3,1,1,1,100,0,0,0,3,1,1,0.1,3000,0,0,0,0,0,0,0,0,0,0,0,0,0,0,0,0,0,0,0,0,0,0,0,0,0,0,0,0,0,0,0,0,0,0,0,0,0,0,0,0,0,0,0,0,0,0,0,0,0,0,0
1989,239,4,44,53.324,2,8,0,-1,1,0,1,1,25,0,0,0,1028,0,0,0,0,0,1,1,0,0,0,302.7026998,0,0,0,0,3,1,1,1,100,0,0,0,3,1,1,0.1,3000,0,0,0,0,0,0,0,0,0,0,0,0,0,0,0,0,0,0,0,0,0,0,0,0,0,0,0,0,0,0,0,0,0,0,0,0,0,0,0,0,0,0,0,0,0,0,0,0,0,0,0
1989,239,4,46,6.404,2,8,0,-1,0,0,1,1,25,0,0,0,1028,0,0,0,0,0,1,1,0,0,0,302.8249383,0,0,0,0,3,1,1,1,100,0,0,0,3,1,1,0.1,3000,0,0,0,0,0,0,0,0,0,0,0,0,0,0,0,0,0,0,0,0,0,0,0,0,0,0,0,0,0,0,0,0,0,0,0,0,0,0,0,0,0,0,0,0,0,0,0,0,0,0,0
1989,239,4,46,29.323,2,8,0,-1,1,0,1,1,25,0,0,0,1028,0,0,0,0,0,1,1,0,0,0,302.8632749,0,0,0,0,3,1,1,1,100,0,0,0,3,1,1,0.1,3000,0,0,0,0,0,0,0,0,0,0,0,0,0,0,0,0,0,0,0,0,0,0,0,0,0,0,0,0,0,0,0,0,0,0,0,0,0,0,0,0,0,0,0,0,0,0,0,0,0,0,0
1989,239,4,47,42.404,2,8,0,-1,0,0,1,1,25,0,0,0,1028,0,0,0,0,0,1,1,0,0,0,302.9855138,0,0,0,0,3,1,1,1,100,0,0,0,3,1,1,0.1,3000,0,0,0,0,0,0,0,0,0,0,0,0,0,0,0,0,0,0,0,0,0,0,0,0,0,0,0,0,0,0,0,0,0,0,0,0,0,0,0,0,0,0,0,0,0,0,0,0,0,0,0
1989,239,4,48,5.324,2,8,0,-1,1,0,1,1,25,0,0,0,1028,0,0,0,0,0,1,1,0,0,0,303.0238511,0,0,0,0,3,1,1,1,100,0,0,0,3,1,1,0.1,3000,0,0,0,0,0,0,0,0,0,0,0,0,0,0,0,0,0,0,0,0,0,0,0,0,0,0,0,0,0,0,0,0,0,0,0,0,0,0,0,0,0,0,0,0,0,0,0,0,0,0,0
1989,239,4,49,18.404,2,8,0,-1,0,0,1,1,25,0,0,0,1028,0,0,0,0,0,1,1,0,0,0,303.1460885,0,0,0,0,3,1,1,1,100,0,0,0,3,1,1,0.1,3000,0,0,0,0,0,0,0,0,0,0,0,0,0,0,0,0,0,0,0,0,0,0,0,0,0,0,0,0,0,0,0,0,0,0,0,0,0,0,0,0,0,0,0,0,0,0,0,0,0,0,0
1989,239,4,49,41.324,2,8,0,-1,1,0,1,1,25,0,0,0,1028,0,0,0,0,0,1,1,0,0,0,303.1844257,0,0,0,0,3,1,1,1,100,0,0,0,3,1,1,0.1,3000,0,0,0,0,0,0,0,0,0,0,0,0,0,0,0,0,0,0,0,0,0,0,0,0,0,0,0,0,0,0,0,0,0,0,0,0,0,0,0,0,0,0,0,0,0,0,0,0,0,0,0
1989,239,4,50,54.404,2,8,0,-1,0,0,1,1,25,0,0,0,1028,0,0,0,0,0,1,1,0,0,0,303.3066626,0,0,0,0,3,1,1,1,100,0,0,0,3,1,1,0.1,3000,0,0,0,0,0,0,0,0,0,0,0,0,0,0,0,0,0,0,0,0,0,0,0,0,0,0,0,0,0,0,0,0,0,0,0,0,0,0,0,0,0,0,0,0,0,0,0,0,0,0,0
1989,239,4,51,17.323,2,8,0,-1,1,0,1,1,25,0,0,0,1028,0,0,0,0,0,1,1,0,0,0,303.3449988,0,0,0,0,3,1,1,1,100,0,0,0,3,1,1,0.1,3000,0,0,0,0,0,0,0,0,0,0,0,0,0,0,0,0,0,0,0,0,0,0,0,0,0,0,0,0,0,0,0,0,0,0,0,0,0,0,0,0,0,0,0,0,0,0,0,0,0,0,0
1989,239,4,54,54.403,2,8,0,-1,0,0,1,1,25,0,0,0,1028,0,0,0,0,0,1,1,0,0,0,303.7080941,0,0,0,0,3,1,1,1,100,0,0,0,3,1,1,0.1,3000,0,0,0,0,0,0,0,0,0,0,0,0,0,0,0,0,0,0,0,0,0,0,0,0,0,0,0,0,0,0,0,0,0,0,0,0,0,0,0,0,0,0,0,0,0,0,0,0,0,0,0
1989,239,4,55,17.323,2,8,0,-1,1,0,1,1,25,0,0,0,1028,0,0,0,0,0,1,1,0,0,0,303.7464298,0,0,0,0,3,1,1,1,100,0,0,0,3,1,1,0.1,3000,0,0,0,0,0,0,0,0,0,0,0,0,0,0,0,0,0,0,0,0,0,0,0,0,0,0,0,0,0,0,0,0,0,0,0,0,0,0,0,0,0,0,0,0,0,0,0,0,0,0,0
1989,239,4,56,30.403,2,8,0,-1,0,0,1,1,25,0,0,0,1028,0,0,0,0,0,1,1,0,0,0,303.868665,0,0,0,0,3,1,1,1,100,0,0,0,3,1,1,0.1,3000,0,0,0,0,0,0,0,0,0,0,0,0,0,0,0,0,0,0,0,0,0,0,0,0,0,0,0,0,0,0,0,0,0,0,0,0,0,0,0,0,0,0,0,0,0,0,0,0,0,0,0
1989,239,4,56,53.323,2,8,0,-1,1,0,1,1,25,0,0,0,1028,0,0,0,0,0,1,1,0,0,0,303.9070014,0,0,0,0,3,1,1,1,100,0,0,0,3,1,1,0.1,3000,0,0,0,0,0,0,0,0,0,0,0,0,0,0,0,0,0,0,0,0,0,0,0,0,0,0,0,0,0,0,0,0,0,0,0,0,0,0,0,0,0,0,0,0,0,0,0,0,0,0,0
1989,239,4,58,6.403,2,8,0,-1,0,0,1,1,25,0,0,0,1028,0,0,0,0,0,1,1,0,0,0,304.029236,0,0,0,0,3,1,1,1,100,0,0,0,3,1,1,0.1,3000,0,0,0,0,0,0,0,0,0,0,0,0,0,0,0,0,0,0,0,0,0,0,0,0,0,0,0,0,0,0,0,0,0,0,0,0,0,0,0,0,0,0,0,0,0,0,0,0,0,0,0
1989,239,4,58,29.323,2,8,0,-1,1,0,1,1,25,0,0,0,1028,0,0,0,0,0,1,1,0,0,0,304.0675723,0,0,0,0,3,1,1,1,100,0,0,0,3,1,1,0.1,3000,0,0,0,0,0,0,0,0,0,0,0,0,0,0,0,0,0,0,0,0,0,0,0,0,0,0,0,0,0,0,0,0,0,0,0,0,0,0,0,0,0,0,0,0,0,0,0,0,0,0,0
1989,239,4,59,42.403,2,8,0,-1,0,0,1,1,25,0,0,0,1028,0,0,0,0,0,1,1,0,0,0,304.1898064,0,0,0,0,3,1,1,1,100,0,0,0,3,1,1,0.1,3000,0,0,0,0,0,0,0,0,0,0,0,0,0,0,0,0,0,0,0,0,0,0,0,0,0,0,0,0,0,0,0,0,0,0,0,0,0,0,0,0,0,0,0,0,0,0,0,0,0,0,0
1989,239,5,0,5.323,2,8,0,-1,1,0,1,1,25,0,0,0,1028,0,0,0,0,0,1,1,0,0,0,304.2281425,0,0,0,0,3,1,1,1,100,0,0,0,3,1,1,0.1,3000,0,0,0,0,0,0,0,0,0,0,0,0,0,0,0,0,0,0,0,0,0,0,0,0,0,0,0,0,0,0,0,0,0,0,0,0,0,0,0,0,0,0,0,0,0,0,0,0,0,0,0
1989,239,5,1,18.403,2,8,0,-1,0,0,1,1,25,0,0,0,1028,0,0,0,0,0,1,1,0,0,0,304.3503761,0,0,0,0,3,1,1,1,100,0,0,0,3,1,1,0.1,3000,0,0,0,0,0,0,0,0,0,0,0,0,0,0,0,0,0,0,0,0,0,0,0,0,0,0,0,0,0,0,0,0,0,0,0,0,0,0,0,0,0,0,0,0,0,0,0,0,0,0,0
1989,239,5,1,41.323,2,8,0,-1,1,0,1,1,25,0,0,0,1028,0,0,0,0,0,1,1,0,0,0,304.388712,0,0,0,0,3,1,1,1,100,0,0,0,3,1,1,0.1,3000,0,0,0,0,0,0,0,0,0,0,0,0,0,0,0,0,0,0,0,0,0,0,0,0,0,0,0,0,0,0,0,0,0,0,0,0,0,0,0,0,0,0,0,0,0,0,0,0,0,0,0
1989,239,5,2,54.403,2,8,0,-1,0,0,1,1,25,0,0,0,1028,0,0,0,0,0,1,1,0,0,0,304.5109451,0,0,0,0,3,1,1,1,100,0,0,0,3,1,1,0.1,3000,0,0,0,0,0,0,0,0,0,0,0,0,0,0,0,0,0,0,0,0,0,0,0,0,0,0,0,0,0,0,0,0,0,0,0,0,0,0,0,0,0,0,0,0,0,0,0,0,0,0,0
1989,239,5,3,17.323,2,8,0,-1,1,0,1,1,25,0,0,0,1028,0,0,0,0,0,1,1,0,0,0,304.5492809,0,0,0,0,3,1,1,1,100,0,0,0,3,1,1,0.1,3000,0,0,0,0,0,0,0,0,0,0,0,0,0,0,0,0,0,0,0,0,0,0,0,0,0,0,0,0,0,0,0,0,0,0,0,0,0,0,0,0,0,0,0,0,0,0,0,0,0,0,0
1989,239,5,6,54.403,2,8,0,-1,0,0,1,1,25,0,0,0,1028,0,0,0,0,0,1,1,0,0,0,304.9123647,0,0,0,0,3,1,1,1,100,0,0,0,3,1,1,0.1,3000,0,0,0,0,0,0,0,0,0,0,0,0,0,0,0,0,0,0,0,0,0,0,0,0,0,0,0,0,0,0,0,0,0,0,0,0,0,0,0,0,0,0,0,0,0,0,0,0,0,0,0
1989,239,5,7,17.323,2,8,0,-1,1,0,1,1,25,0,0,0,1028,0,0,0,0,0,1,1,0,0,0,304.9507001,0,0,0,0,3,1,1,1,100,0,0,0,3,1,1,0.1,3000,0,0,0,0,0,0,0,0,0,0,0,0,0,0,0,0,0,0,0,0,0,0,0,0,0,0,0,0,0,0,0,0,0,0,0,0,0,0,0,0,0,0,0,0,0,0,0,0,0,0,0
1989,239,5,8,30.402,2,8,0,-1,0,0,1,1,25,0,0,0,1028,0,0,0,0,0,1,1,0,0,0,305.0729306,0,0,0,0,3,1,1,1,100,0,0,0,3,1,1,0.1,3000,0,0,0,0,0,0,0,0,0,0,0,0,0,0,0,0,0,0,0,0,0,0,0,0,0,0,0,0,0,0,0,0,0,0,0,0,0,0,0,0,0,0,0,0,0,0,0,0,0,0,0
1989,239,5,8,53.322,2,8,0,-1,1,0,1,1,25,0,0,0,1028,0,0,0,0,0,1,1,0,0,0,305.1112658,0,0,0,0,3,1,1,1,100,0,0,0,3,1,1,0.1,3000,0,0,0,0,0,0,0,0,0,0,0,0,0,0,0,0,0,0,0,0,0,0,0,0,0,0,0,0,0,0,0,0,0,0,0,0,0,0,0,0,0,0,0,0,0,0,0,0,0,0,0
1989,239,5,10,6.402,2,8,0,-1,0,0,1,1,25,0,0,0,1028,0,0,0,0,0,1,1,0,0,0,305.2334958,0,0,0,0,3,1,1,1,100,0,0,0,3,1,1,0.1,3000,0,0,0,0,0,0,0,0,0,0,0,0,0,0,0,0,0,0,0,0,0,0,0,0,0,0,0,0,0,0,0,0,0,0,0,0,0,0,0,0,0,0,0,0,0,0,0,0,0,0,0
1989,239,5,10,29.322,2,8,0,-1,1,0,1,1,25,0,0,0,1028,0,0,0,0,0,1,1,0,0,0,305.2718308,0,0,0,0,3,1,1,1,100,0,0,0,3,1,1,0.1,3000,0,0,0,0,0,0,0,0,0,0,0,0,0,0,0,0,0,0,0,0,0,0,0,0,0,0,0,0,0,0,0,0,0,0,0,0,0,0,0,0,0,0,0,0,0,0,0,0,0,0,0
1989,239,5,11,42.402,2,8,0,-1,0,0,1,1,25,0,0,0,1028,0,0,0,0,0,1,1,0,0,0,305.3940611,0,0,0,0,3,1,1,1,100,0,0,0,3,1,1,0.1,3000,0,0,0,0,0,0,0,0,0,0,0,0,0,0,0,0,0,0,0,0,0,0,0,0,0,0,0,0,0,0,0,0,0,0,0,0,0,0,0,0,0,0,0,0,0,0,0,0,0,0,0
1989,239,5,12,5.322,2,8,0,-1,1,0,1,1,25,0,0,0,1028,0,0,0,0,0,1,1,0,0,0,305.432396,0,0,0,0,3,1,1,1,100,0,0,0,3,1,1,0.1,3000,0,0,0,0,0,0,0,0,0,0,0,0,0,0,0,0,0,0,0,0,0,0,0,0,0,0,0,0,0,0,0,0,0,0,0,0,0,0,0,0,0,0,0,0,0,0,0,0,0,0,0
1989,239,5,13,18.402,2,8,0,-1,0,0,1,1,25,0,0,0,1028,0,0,0,0,0,1,1,0,0,0,305.5546257,0,0,0,0,3,1,1,1,100,0,0,0,3,1,1,0.1,3000,0,0,0,0,0,0,0,0,0,0,0,0,0,0,0,0,0,0,0,0,0,0,0,0,0,0,0,0,0,0,0,0,0,0,0,0,0,0,0,0,0,0,0,0,0,0,0,0,0,0,0
1989,239,5,13,41.322,2,8,0,-1,1,0,1,1,25,0,0,0,1028,0,0,0,0,0,1,1,0,0,0,305.5929605,0,0,0,0,3,1,1,1,100,0,0,0,3,1,1,0.1,3000,0,0,0,0,0,0,0,0,0,0,0,0,0,0,0,0,0,0,0,0,0,0,0,0,0,0,0,0,0,0,0,0,0,0,0,0,0,0,0,0,0,0,0,0,0,0,0,0,0,0,0
1989,239,5,14,54.402,2,8,0,-1,0,0,1,1,25,0,0,0,1028,0,0,0,0,0,1,1,0,0,0,305.7151897,0,0,0,0,3,1,1,1,100,0,0,0,3,1,1,0.1,3000,0,0,0,0,0,0,0,0,0,0,0,0,0,0,0,0,0,0,0,0,0,0,0,0,0,0,0,0,0,0,0,0,0,0,0,0,0,0,0,0,0,0,0,0,0,0,0,0,0,0,0
1989,239,5,15,17.322,2,8,0,-1,1,0,1,1,25,0,0,0,1028,0,0,0,0,0,1,1,0,0,0,305.7535243,0,0,0,0,3,1,1,1,100,0,0,0,3,1,1,0.1,3000,0,0,0,0,0,0,0,0,0,0,0,0,0,0,0,0,0,0,0,0,0,0,0,0,0,0,0,0,0,0,0,0,0,0,0,0,0,0,0,0,0,0,0,0,0,0,0,0,0,0,0
1989,239,5,18,54.402,2,8,0,-1,0,0,1,1,25,0,0,0,1028,0,0,0,0,0,1,1,0,0,0,306.1165968,0,0,0,0,3,1,1,1,100,0,0,0,3,1,1,0.1,3000,0,0,0,0,0,0,0,0,0,0,0,0,0,0,0,0,0,0,0,0,0,0,0,0,0,0,0,0,0,0,0,0,0,0,0,0,0,0,0,0,0,0,0,0,0,0,0,0,0,0,0
1989,239,5,19,17.322,2,8,0,-1,1,0,1,1,25,0,0,0,1028,0,0,0,0,0,1,1,0,0,0,306.154931,0,0,0,0,3,1,1,1,100,0,0,0,3,1,1,0.1,3000,0,0,0,0,0,0,0,0,0,0,0,0,0,0,0,0,0,0,0,0,0,0,0,0,0,0,0,0,0,0,0,0,0,0,0,0,0,0,0,0,0,0,0,0,0,0,0,0,0,0,0
1989,239,5,20,30.402,2,8,0,-1,0,0,1,1,25,0,0,0,1028,0,0,0,0,0,1,1,0,0,0,306.2771585,0,0,0,0,3,1,1,1,100,0,0,0,3,1,1,0.1,3000,0,0,0,0,0,0,0,0,0,0,0,0,0,0,0,0,0,0,0,0,0,0,0,0,0,0,0,0,0,0,0,0,0,0,0,0,0,0,0,0,0,0,0,0,0,0,0,0,0,0,0
1989,239,5,20,53.322,2,8,0,-1,1,0,1,1,25,0,0,0,1028,0,0,0,0,0,1,1,0,0,0,306.3154925,0,0,0,0,3,1,1,1,100,0,0,0,3,1,1,0.1,3000,0,0,0,0,0,0,0,0,0,0,0,0,0,0,0,0,0,0,0,0,0,0,0,0,0,0,0,0,0,0,0,0,0,0,0,0,0,0,0,0,0,0,0,0,0,0,0,0,0,0,0
1989,239,5,22,6.401,2,8,0,-1,0,0,1,1,25,0,0,0,1028,0,0,0,0,0,1,1,0,0,0,306.4377178,0,0,0,0,3,1,1,1,100,0,0,0,3,1,1,0.1,3000,0,0,0,0,0,0,0,0,0,0,0,0,0,0,0,0,0,0,0,0,0,0,0,0,0,0,0,0,0,0,0,0,0,0,0,0,0,0,0,0,0,0,0,0,0,0,0,0,0,0,0
1989,239,5,22,29.321,2,8,0,-1,1,0,1,1,25,0,0,0,1028,0,0,0,0,0,1,1,0,0,0,306.4760508,0,0,0,0,3,1,1,1,100,0,0,0,3,1,1,0.1,3000,0,0,0,0,0,0,0,0,0,0,0,0,0,0,0,0,0,0,0,0,0,0,0,0,0,0,0,0,0,0,0,0,0,0,0,0,0,0,0,0,0,0,0,0,0,0,0,0,0,0,0
1989,239,5,23,42.401,2,8,0,-1,0,0,1,1,25,0,0,0,1028,0,0,0,0,0,1,1,0,0,0,306.5982781,0,0,0,0,3,1,1,1,100,0,0,0,3,1,1,0.1,3000,0,0,0,0,0,0,0,0,0,0,0,0,0,0,0,0,0,0,0,0,0,0,0,0,0,0,0,0,0,0,0,0,0,0,0,0,0,0,0,0,0,0,0,0,0,0,0,0,0,0,0
1989,239,5,24,5.321,2,8,0,-1,1,0,1,1,25,0,0,0,1028,0,0,0,0,0,1,1,0,0,0,306.6366118,0,0,0,0,3,1,1,1,100,0,0,0,3,1,1,0.1,3000,0,0,0,0,0,0,0,0,0,0,0,0,0,0,0,0,0,0,0,0,0,0,0,0,0,0,0,0,0,0,0,0,0,0,0,0,0,0,0,0,0,0,0,0,0,0,0,0,0,0,0
1989,239,5,25,18.401,2,8,0,-1,0,0,1,1,25,0,0,0,1028,0,0,0,0,0,1,1,0,0,0,306.7588378,0,0,0,0,3,1,1,1,100,0,0,0,3,1,1,0.1,3000,0,0,0,0,0,0,0,0,0,0,0,0,0,0,0,0,0,0,0,0,0,0,0,0,0,0,0,0,0,0,0,0,0,0,0,0,0,0,0,0,0,0,0,0,0,0,0,0,0,0,0
1989,239,5,25,41.32,2,8,0,-1,1,0,1,1,25,0,0,0,1028,0,0,0,0,0,1,1,0,0,0,306.7971696,0,0,0,0,3,1,1,1,100,0,0,0,3,1,1,0.1,3000,0,0,0,0,0,0,0,0,0,0,0,0,0,0,0,0,0,0,0,0,0,0,0,0,0,0,0,0,0,0,0,0,0,0,0,0,0,0,0,0,0,0,0,0,0,0,0,0,0,0,0
1989,239,5,26,54.401,2,8,0,-1,0,0,1,1,25,0,0,0,1028,0,0,0,0,0,1,1,0,0,0,306.9193968,0,0,0,0,3,1,1,1,100,0,0,0,3,1,1,0.1,3000,0,0,0,0,0,0,0,0,0,0,0,0,0,0,0,0,0,0,0,0,0,0,0,0,0,0,0,0,0,0,0,0,0,0,0,0,0,0,0,0,0,0,0,0,0,0,0,0,0,0,0
1989,239,5,27,17.321,2,8,0,-1,1,0,1,1,25,0,0,0,1028,0,0,0,0,0,1,1,0,0,0,306.9577301,0,0,0,0,3,1,1,1,100,0,0,0,3,1,1,0.1,3000,0,0,0,0,0,0,0,0,0,0,0,0,0,0,0,0,0,0,0,0,0,0,0,0,0,0,0,0,0,0,0,0,0,0,0,0,0,0,0,0,0,0,0,0,0,0,0,0,0,0,0
1989,239,5,30,54.401,2,8,0,-1,0,0,1,1,25,0,0,0,1028,0,0,0,0,0,1,1,0,0,0,307.3207914,0,0,0,0,3,1,1,1,100,0,0,0,3,1,1,0.1,3000,0,0,0,0,0,0,0,0,0,0,0,0,0,0,0,0,0,0,0,0,0,0,0,0,0,0,0,0,0,0,0,0,0,0,0,0,0,0,0,0,0,0,0,0,0,0,0,0,0,0,0
1989,239,5,31,17.321,2,8,0,-1,1,0,1,1,25,0,0,0,1028,0,0,0,0,0,1,1,0,0,0,307.3591244,0,0,0,0,3,1,1,1,100,0,0,0,3,1,1,0.1,3000,0,0,0,0,0,0,0,0,0,0,0,0,0,0,0,0,0,0,0,0,0,0,0,0,0,0,0,0,0,0,0,0,0,0,0,0,0,0,0,0,0,0,0,0,0,0,0,0,0,0,0
1989,239,5,32,30.401,2,8,0,-1,0,0,1,1,25,0,0,0,1028,0,0,0,0,0,1,1,0,0,0,307.4813481,0,0,0,0,3,1,1,1,100,0,0,0,3,1,1,0.1,3000,0,0,0,0,0,0,0,0,0,0,0,0,0,0,0,0,0,0,0,0,0,0,0,0,0,0,0,0,0,0,0,0,0,0,0,0,0,0,0,0,0,0,0,0,0,0,0,0,0,0,0
1989,239,5,32,53.321,2,8,0,-1,1,0,1,1,25,0,0,0,1028,0,0,0,0,0,1,1,0,0,0,307.5196801,0,0,0,0,3,1,1,1,100,0,0,0,3,1,1,0.1,3000,0,0,0,0,0,0,0,0,0,0,0,0,0,0,0,0,0,0,0,0,0,0,0,0,0,0,0,0,0,0,0,0,0,0,0,0,0,0,0,0,0,0,0,0,0,0,0,0,0,0,0
1989,239,5,34,6.4,2,8,0,-1,0,0,1,1,25,0,0,0,1028,0,0,0,0,0,1,1,0,0,0,307.6419033,0,0,0,0,3,1,1,1,100,0,0,0,3,1,1,0.1,3000,0,0,0,0,0,0,0,0,0,0,0,0,0,0,0,0,0,0,0,0,0,0,0,0,0,0,0,0,0,0,0,0,0,0,0,0,0,0,0,0,0,0,0,0,0,0,0,0,0,0,0
1989,239,5,34,29.32,2,8,0,-1,1,0,1,1,25,0,0,0,1028,0,0,0,0,0,1,1,0,0,0,307.6802351,0,0,0,0,3,1,1,1,100,0,0,0,3,1,1,0.1,3000,0,0,0,0,0,0,0,0,0,0,0,0,0,0,0,0,0,0,0,0,0,0,0,0,0,0,0,0,0,0,0,0,0,0,0,0,0,0,0,0,0,0,0,0,0,0,0,0,0,0,0
1989,239,5,35,42.399,2,8,0,-1,0,0,1,1,25,0,0,0,1028,0,0,0,0,0,1,1,0,0,0,307.802457,0,0,0,0,3,1,1,1,100,0,0,0,3,1,1,0.1,3000,0,0,0,0,0,0,0,0,0,0,0,0,0,0,0,0,0,0,0,0,0,0,0,0,0,0,0,0,0,0,0,0,0,0,0,0,0,0,0,0,0,0,0,0,0,0,0,0,0,0,0
1989,239,5,36,5.32,2,8,0,-1,1,0,1,1,25,0,0,0,1028,0,0,0,0,0,1,1,0,0,0,307.8407903,0,0,0,0,3,1,1,1,100,0,0,0,3,1,1,0.1,3000,0,0,0,0,0,0,0,0,0,0,0,0,0,0,0,0,0,0,0,0,0,0,0,0,0,0,0,0,0,0,0,0,0,0,0,0,0,0,0,0,0,0,0,0,0,0,0,0,0,0,0
1989,239,5,37,18.4,2,8,0,-1,0,0,1,1,25,0,0,0,1028,0,0,0,0,0,1,1,0,0,0,307.9630125,0,0,0,0,3,1,1,1,100,0,0,0,3,1,1,0.1,3000,0,0,0,0,0,0,0,0,0,0,0,0,0,0,0,0,0,0,0,0,0,0,0,0,0,0,0,0,0,0,0,0,0,0,0,0,0,0,0,0,0,0,0,0,0,0,0,0,0,0,0
1989,239,5,37,41.319,2,8,0,-1,1,0,1,1,25,0,0,0,1028,0,0,0,0,0,1,1,0,0,0,308.0013432,0,0,0,0,3,1,1,1,100,0,0,0,3,1,1,0.1,3000,0,0,0,0,0,0,0,0,0,0,0,0,0,0,0,0,0,0,0,0,0,0,0,0,0,0,0,0,0,0,0,0,0,0,0,0,0,0,0,0,0,0,0,0,0,0,0,0,0,0,0
1989,239,5,38,54.4,2,8,0,-1,0,0,1,1,25,0,0,0,1028,0,0,0,0,0,1,1,0,0,0,308.1235666,0,0,0,0,3,1,1,1,100,0,0,0,3,1,1,0.1,3000,0,0,0,0,0,0,0,0,0,0,0,0,0,0,0,0,0,0,0,0,0,0,0,0,0,0,0,0,0,0,0,0,0,0,0,0,0,0,0,0,0,0,0,0,0,0,0,0,0,0,0
1989,239,5,39,17.32,2,8,0,-1,1,0,1,1,25,0,0,0,1028,0,0,0,0,0,1,1,0,0,0,308.1618987,0,0,0,0,3,1,1,1,100,0,0,0,3,1,1,0.1,3000,0,0,0,0,0,0,0,0,0,0,0,0,0,0,0,0,0,0,0,0,0,0,0,0,0,0,0,0,0,0,0,0,0,0,0,0,0,0,0,0,0,0,0,0,0,0,0,0,0,0,0
1989,239,5,42,54.4,2,8,0,-1,0,0,1,1,25,0,0,0,1028,0,0,0,0,0,1,1,0,0,0,308.5249488,0,0,0,0,3,1,1,1,100,0,0,0,3,1,1,0.1,3000,0,0,0,0,0,0,0,0,0,0,0,0,0,0,0,0,0,0,0,0,0,0,0,0,0,0,0,0,0,0,0,0,0,0,0,0,0,0,0,0,0,0,0,0,0,0,0,0,0,0,0
1989,239,5,43,17.32,2,8,0,-1,1,0,1,1,25,0,0,0,1028,0,0,0,0,0,1,1,0,0,0,308.5632806,0,0,0,0,3,1,1,1,100,0,0,0,3,1,1,0.1,3000,0,0,0,0,0,0,0,0,0,0,0,0,0,0,0,0,0,0,0,0,0,0,0,0,0,0,0,0,0,0,0,0,0,0,0,0,0,0,0,0,0,0,0,0,0,0,0,0,0,0,0
1989,239,5,44,30.399,2,8,0,-1,0,0,1,1,25,0,0,0,1028,0,0,0,0,0,1,1,0,0,0,308.6854997,0,0,0,0,3,1,1,1,100,0,0,0,3,1,1,0.1,3000,0,0,0,0,0,0,0,0,0,0,0,0,0,0,0,0,0,0,0,0,0,0,0,0,0,0,0,0,0,0,0,0,0,0,0,0,0,0,0,0,0,0,0,0,0,0,0,0,0,0,0
1989,239,5,44,53.32,2,8,0,-1,1,0,1,1,25,0,0,0,1028,0,0,0,0,0,1,1,0,0,0,308.7238314,0,0,0,0,3,1,1,1,100,0,0,0,3,1,1,0.1,3000,0,0,0,0,0,0,0,0,0,0,0,0,0,0,0,0,0,0,0,0,0,0,0,0,0,0,0,0,0,0,0,0,0,0,0,0,0,0,0,0,0,0,0,0,0,0,0,0,0,0,0
1989,239,5,46,6.4,2,8,0,-1,0,0,1,1,25,0,0,0,1028,0,0,0,0,0,1,1,0,0,0,308.8460517,0,0,0,0,3,1,1,1,100,0,0,0,3,1,1,0.1,3000,0,0,0,0,0,0,0,0,0,0,0,0,0,0,0,0,0,0,0,0,0,0,0,0,0,0,0,0,0,0,0,0,0,0,0,0,0,0,0,0,0,0,0,0,0,0,0,0,0,0,0
1989,239,5,46,29.32,2,8,0,-1,1,0,1,1,25,0,0,0,1028,0,0,0,0,0,1,1,0,0,0,308.8843823,0,0,0,0,3,1,1,1,100,0,0,0,3,1,1,0.1,3000,0,0,0,0,0,0,0,0,0,0,0,0,0,0,0,0,0,0,0,0,0,0,0,0,0,0,0,0,0,0,0,0,0,0,0,0,0,0,0,0,0,0,0,0,0,0,0,0,0,0,0
1989,239,5,47,42.399,2,8,0,-1,0,0,1,1,25,0,0,0,1028,0,0,0,0,0,1,1,0,0,0,309.0066004,0,0,0,0,3,1,1,1,100,0,0,0,3,1,1,0.1,3000,0,0,0,0,0,0,0,0,0,0,0,0,0,0,0,0,0,0,0,0,0,0,0,0,0,0,0,0,0,0,0,0,0,0,0,0,0,0,0,0,0,0,0,0,0,0,0,0,0,0,0
1989,239,5,48,5.319,2,8,0,-1,1,0,1,1,25,0,0,0,1028,0,0,0,0,0,1,1,0,0,0,309.0449317,0,0,0,0,3,1,1,1,100,0,0,0,3,1,1,0.1,3000,0,0,0,0,0,0,0,0,0,0,0,0,0,0,0,0,0,0,0,0,0,0,0,0,0,0,0,0,0,0,0,0,0,0,0,0,0,0,0,0,0,0,0,0,0,0,0,0,0,0,0
1989,239,5,49,18.399,2,8,0,-1,0,0,1,1,25,0,0,0,1028,0,0,0,0,0,1,1,0,0,0,309.1671502,0,0,0,0,3,1,1,1,100,0,0,0,3,1,1,0.1,3000,0,0,0,0,0,0,0,0,0,0,0,0,0,0,0,0,0,0,0,0,0,0,0,0,0,0,0,0,0,0,0,0,0,0,0,0,0,0,0,0,0,0,0,0,0,0,0,0,0,0,0
1989,239,5,49,41.318,2,8,0,-1,1,0,1,1,25,0,0,0,1028,0,0,0,0,0,1,1,0,0,0,309.2054797,0,0,0,0,3,1,1,1,100,0,0,0,3,1,1,0.1,3000,0,0,0,0,0,0,0,0,0,0,0,0,0,0,0,0,0,0,0,0,0,0,0,0,0,0,0,0,0,0,0,0,0,0,0,0,0,0,0,0,0,0,0,0,0,0,0,0,0,0,0
1989,239,5,50,54.399,2,8,0,-1,0,0,1,1,25,0,0,0,1028,0,0,0,0,0,1,1,0,0,0,309.3276993,0,0,0,0,3,1,1,1,100,0,0,0,3,1,1,0.1,3000,0,0,0,0,0,0,0,0,0,0,0,0,0,0,0,0,0,0,0,0,0,0,0,0,0,0,0,0,0,0,0,0,0,0,0,0,0,0,0,0,0,0,0,0,0,0,0,0,0,0,0
1989,239,5,51,17.318,2,8,0,-1,1,0,1,1,25,0,0,0,1028,0,0,0,0,0,1,1,0,0,0,309.3660295,0,0,0,0,3,1,1,1,100,0,0,0,3,1,1,0.1,3000,0,0,0,0,0,0,0,0,0,0,0,0,0,0,0,0,0,0,0,0,0,0,0,0,0,0,0,0,0,0,0,0,0,0,0,0,0,0,0,0,0,0,0,0,0,0,0,0,0,0,0
1989,239,5,54,54.399,2,8,0,-1,0,0,1,1,25,0,0,0,1028,0,0,0,0,0,1,1,0,0,0,309.7290693,0,0,0,0,3,1,1,1,100,0,0,0,3,1,1,0.1,3000,0,0,0,0,0,0,0,0,0,0,0,0,0,0,0,0,0,0,0,0,0,0,0,0,0,0,0,0,0,0,0,0,0,0,0,0,0,0,0,0,0,0,0,0,0,0,0,0,0,0,0
1989,239,5,55,17.318,2,8,0,-1,1,0,1,1,25,0,0,0,1028,0,0,0,0,0,1,1,0,0,0,309.7673991,0,0,0,0,3,1,1,1,100,0,0,0,3,1,1,0.1,3000,0,0,0,0,0,0,0,0,0,0,0,0,0,0,0,0,0,0,0,0,0,0,0,0,0,0,0,0,0,0,0,0,0,0,0,0,0,0,0,0,0,0,0,0,0,0,0,0,0,0,0
1989,239,5,56,30.399,2,8,0,-1,0,0,1,1,25,0,0,0,1028,0,0,0,0,0,1,1,0,0,0,309.8896162,0,0,0,0,3,1,1,1,100,0,0,0,3,1,1,0.1,3000,0,0,0,0,0,0,0,0,0,0,0,0,0,0,0,0,0,0,0,0,0,0,0,0,0,0,0,0,0,0,0,0,0,0,0,0,0,0,0,0,0,0,0,0,0,0,0,0,0,0,0
1989,239,5,56,53.318,2,8,0,-1,1,0,1,1,25,0,0,0,1028,0,0,0,0,0,1,1,0,0,0,309.9279458,0,0,0,0,3,1,1,1,100,0,0,0,3,1,1,0.1,3000,0,0,0,0,0,0,0,0,0,0,0,0,0,0,0,0,0,0,0,0,0,0,0,0,0,0,0,0,0,0,0,0,0,0,0,0,0,0,0,0,0,0,0,0,0,0,0,0,0,0,0
1989,239,5,58,6.399,2,8,0,-1,0,0,1,1,25,0,0,0,1028,0,0,0,0,0,1,1,0,0,0,310.0501624,0,0,0,0,3,1,1,1,100,0,0,0,3,1,1,0.1,3000,0,0,0,0,0,0,0,0,0,0,0,0,0,0,0,0,0,0,0,0,0,0,0,0,0,0,0,0,0,0,0,0,0,0,0,0,0,0,0,0,0,0,0,0,0,0,0,0,0,0,0
1989,239,5,58,29.318,2,8,0,-1,1,0,1,1,25,0,0,0,1028,0,0,0,0,0,1,1,0,0,0,310.088491,0,0,0,0,3,1,1,1,100,0,0,0,3,1,1,0.1,3000,0,0,0,0,0,0,0,0,0,0,0,0,0,0,0,0,0,0,0,0,0,0,0,0,0,0,0,0,0,0,0,0,0,0,0,0,0,0,0,0,0,0,0,0,0,0,0,0,0,0,0
1989,239,5,59,42.398,2,8,0,-1,0,0,1,1,25,0,0,0,1028,0,0,0,0,0,1,1,0,0,0,310.2107071,0,0,0,0,3,1,1,1,100,0,0,0,3,1,1,0.1,3000,0,0,0,0,0,0,0,0,0,0,0,0,0,0,0,0,0,0,0,0,0,0,0,0,0,0,0,0,0,0,0,0,0,0,0,0,0,0,0,0,0,0,0,0,0,0,0,0,0,0,0
1989,239,6,0,5.318,2,8,0,-1,1,0,1,1,25,0,0,0,1028,0,0,0,0,0,1,1,0,0,0,310.2490373,0,0,0,0,3,1,1,1,100,0,0,0,3,1,1,0.1,3000,0,0,0,0,0,0,0,0,0,0,0,0,0,0,0,0,0,0,0,0,0,0,0,0,0,0,0,0,0,0,0,0,0,0,0,0,0,0,0,0,0,0,0,0,0,0,0,0,0,0,0
1989,239,6,1,18.398,2,8,0,-1,0,0,1,1,25,0,0,0,1028,0,0,0,0,0,1,1,0,0,0,310.3712512,0,0,0,0,3,1,1,1,100,0,0,0,3,1,1,0.1,3000,0,0,0,0,0,0,0,0,0,0,0,0,0,0,0,0,0,0,0,0,0,0,0,0,0,0,0,0,0,0,0,0,0,0,0,0,0,0,0,0,0,0,0,0,0,0,0,0,0,0,0
1989,239,6,1,41.317,2,8,0,-1,1,0,1,1,25,0,0,0,1028,0,0,0,0,0,1,1,0,0,0,310.4095795,0,0,0,0,3,1,1,1,100,0,0,0,3,1,1,0.1,3000,0,0,0,0,0,0,0,0,0,0,0,0,0,0,0,0,0,0,0,0,0,0,0,0,0,0,0,0,0,0,0,0,0,0,0,0,0,0,0,0,0,0,0,0,0,0,0,0,0,0,0
1989,239,6,2,54.398,2,8,0,-1,0,0,1,1,25,0,0,0,1028,0,0,0,0,0,1,1,0,0,0,310.5317954,0,0,0,0,3,1,1,1,100,0,0,0,3,1,1,0.1,3000,0,0,0,0,0,0,0,0,0,0,0,0,0,0,0,0,0,0,0,0,0,0,0,0,0,0,0,0,0,0,0,0,0,0,0,0,0,0,0,0,0,0,0,0,0,0,0,0,0,0,0
1989,239,6,3,17.317,2,8,0,-1,1,0,1,1,25,0,0,0,1028,0,0,0,0,0,1,1,0,0,0,310.5701245,0,0,0,0,3,1,1,1,100,0,0,0,3,1,1,0.1,3000,0,0,0,0,0,0,0,0,0,0,0,0,0,0,0,0,0,0,0,0,0,0,0,0,0,0,0,0,0,0,0,0,0,0,0,0,0,0,0,0,0,0,0,0,0,0,0,0,0,0,0
1989,239,6,6,54.398,2,8,0,-1,0,0,1,1,25,0,0,0,1028,0,0,0,0,0,1,1,0,0,0,310.9331533,0,0,0,0,3,1,1,1,100,0,0,0,3,1,1,0.1,3000,0,0,0,0,0,0,0,0,0,0,0,0,0,0,0,0,0,0,0,0,0,0,0,0,0,0,0,0,0,0,0,0,0,0,0,0,0,0,0,0,0,0,0,0,0,0,0,0,0,0,0
1989,239,6,7,17.318,2,8,0,-1,1,0,1,1,25,0,0,0,1028,0,0,0,0,0,1,1,0,0,0,310.9714819,0,0,0,0,3,1,1,1,100,0,0,0,3,1,1,0.1,3000,0,0,0,0,0,0,0,0,0,0,0,0,0,0,0,0,0,0,0,0,0,0,0,0,0,0,0,0,0,0,0,0,0,0,0,0,0,0,0,0,0,0,0,0,0,0,0,0,0,0,0
1989,239,6,8,30.398,2,8,0,-1,0,0,1,1,25,0,0,0,1028,0,0,0,0,0,1,1,0,0,0,311.0936953,0,0,0,0,3,1,1,1,100,0,0,0,3,1,1,0.1,3000,0,0,0,0,0,0,0,0,0,0,0,0,0,0,0,0,0,0,0,0,0,0,0,0,0,0,0,0,0,0,0,0,0,0,0,0,0,0,0,0,0,0,0,0,0,0,0,0,0,0,0
1989,239,6,8,53.317,2,8,0,-1,1,0,1,1,25,0,0,0,1028,0,0,0,0,0,1,1,0,0,0,311.1320237,0,0,0,0,3,1,1,1,100,0,0,0,3,1,1,0.1,3000,0,0,0,0,0,0,0,0,0,0,0,0,0,0,0,0,0,0,0,0,0,0,0,0,0,0,0,0,0,0,0,0,0,0,0,0,0,0,0,0,0,0,0,0,0,0,0,0,0,0,0
1989,239,6,10,6.398,2,8,0,-1,0,0,1,1,25,0,0,0,1028,0,0,0,0,0,1,1,0,0,0,311.2542366,0,0,0,0,3,1,1,1,100,0,0,0,3,1,1,0.1,3000,0,0,0,0,0,0,0,0,0,0,0,0,0,0,0,0,0,0,0,0,0,0,0,0,0,0,0,0,0,0,0,0,0,0,0,0,0,0,0,0,0,0,0,0,0,0,0,0,0,0,0
1989,239,6,10,29.317,2,8,0,-1,1,0,1,1,25,0,0,0,1028,0,0,0,0,0,1,1,0,0,0,311.2925641,0,0,0,0,3,1,1,1,100,0,0,0,3,1,1,0.1,3000,0,0,0,0,0,0,0,0,0,0,0,0,0,0,0,0,0,0,0,0,0,0,0,0,0,0,0,0,0,0,0,0,0,0,0,0,0,0,0,0,0,0,0,0,0,0,0,0,0,0,0
1989,239,6,11,42.398,2,8,0,-1,0,0,1,1,25,0,0,0,1028,0,0,0,0,0,1,1,0,0,0,311.4147773,0,0,0,0,3,1,1,1,100,0,0,0,3,1,1,0.1,3000,0,0,0,0,0,0,0,0,0,0,0,0,0,0,0,0,0,0,0,0,0,0,0,0,0,0,0,0,0,0,0,0,0,0,0,0,0,0,0,0,0,0,0,0,0,0,0,0,0,0,0
1989,239,6,12,5.318,2,8,0,-1,1,0,1,1,25,0,0,0,1028,0,0,0,0,0,1,1,0,0,0,311.4531063,0,0,0,0,3,1,1,1,100,0,0,0,3,1,1,0.1,3000,0,0,0,0,0,0,0,0,0,0,0,0,0,0,0,0,0,0,0,0,0,0,0,0,0,0,0,0,0,0,0,0,0,0,0,0,0,0,0,0,0,0,0,0,0,0,0,0,0,0,0
1989,239,6,13,18.397,2,8,0,-1,0,0,1,1,25,0,0,0,1028,0,0,0,0,0,1,1,0,0,0,311.5753157,0,0,0,0,3,1,1,1,100,0,0,0,3,1,1,0.1,3000,0,0,0,0,0,0,0,0,0,0,0,0,0,0,0,0,0,0,0,0,0,0,0,0,0,0,0,0,0,0,0,0,0,0,0,0,0,0,0,0,0,0,0,0,0,0,0,0,0,0,0
1989,239,6,13,41.316,2,8,0,-1,1,0,1,1,25,0,0,0,1028,0,0,0,0,0,1,1,0,0,0,311.6136429,0,0,0,0,3,1,1,1,100,0,0,0,3,1,1,0.1,3000,0,0,0,0,0,0,0,0,0,0,0,0,0,0,0,0,0,0,0,0,0,0,0,0,0,0,0,0,0,0,0,0,0,0,0,0,0,0,0,0,0,0,0,0,0,0,0,0,0,0,0
1989,239,6,14,54.397,2,8,0,-1,0,0,1,1,25,0,0,0,1028,0,0,0,0,0,1,1,0,0,0,311.7358551,0,0,0,0,3,1,1,1,100,0,0,0,3,1,1,0.1,3000,0,0,0,0,0,0,0,0,0,0,0,0,0,0,0,0,0,0,0,0,0,0,0,0,0,0,0,0,0,0,0,0,0,0,0,0,0,0,0,0,0,0,0,0,0,0,0,0,0,0,0
1989,239,6,15,17.317,2,8,0,-1,1,0,1,1,25,0,0,0,1028,0,0,0,0,0,1,1,0,0,0,311.774183,0,0,0,0,3,1,1,1,100,0,0,0,3,1,1,0.1,3000,0,0,0,0,0,0,0,0,0,0,0,0,0,0,0,0,0,0,0,0,0,0,0,0,0,0,0,0,0,0,0,0,0,0,0,0,0,0,0,0,0,0,0,0,0,0,0,0,0,0,0
1989,239,6,18,54.397,2,8,0,-1,0,0,1,1,25,0,0,0,1028,0,0,0,0,0,1,1,0,0,0,312.1372009,0,0,0,0,3,1,1,1,100,0,0,0,3,1,1,0.1,3000,0,0,0,0,0,0,0,0,0,0,0,0,0,0,0,0,0,0,0,0,0,0,0,0,0,0,0,0,0,0,0,0,0,0,0,0,0,0,0,0,0,0,0,0,0,0,0,0,0,0,0
1989,239,6,19,17.317,2,8,0,-1,1,0,1,1,25,0,0,0,1028,0,0,0,0,0,1,1,0,0,0,312.1755284,0,0,0,0,3,1,1,1,100,0,0,0,3,1,1,0.1,3000,0,0,0,0,0,0,0,0,0,0,0,0,0,0,0,0,0,0,0,0,0,0,0,0,0,0,0,0,0,0,0,0,0,0,0,0,0,0,0,0,0,0,0,0,0,0,0,0,0,0,0
1989,239,6,20,30.397,2,8,0,-1,0,0,1,1,25,0,0,0,1028,0,0,0,0,0,1,1,0,0,0,312.2977381,0,0,0,0,3,1,1,1,100,0,0,0,3,1,1,0.1,3000,0,0,0,0,0,0,0,0,0,0,0,0,0,0,0,0,0,0,0,0,0,0,0,0,0,0,0,0,0,0,0,0,0,0,0,0,0,0,0,0,0,0,0,0,0,0,0,0,0,0,0
1989,239,6,20,53.317,2,8,0,-1,1,0,1,1,25,0,0,0,1028,0,0,0,0,0,1,1,0,0,0,312.3360654,0,0,0,0,3,1,1,1,100,0,0,0,3,1,1,0.1,3000,0,0,0,0,0,0,0,0,0,0,0,0,0,0,0,0,0,0,0,0,0,0,0,0,0,0,0,0,0,0,0,0,0,0,0,0,0,0,0,0,0,0,0,0,0,0,0,0,0,0,0
1989,239,6,22,6.397,2,8,0,-1,0,0,1,1,25,0,0,0,1028,0,0,0,0,0,1,1,0,0,0,312.4582746,0,0,0,0,3,1,1,1,100,0,0,0,3,1,1,0.1,3000,0,0,0,0,0,0,0,0,0,0,0,0,0,0,0,0,0,0,0,0,0,0,0,0,0,0,0,0,0,0,0,0,0,0,0,0,0,0,0,0,0,0,0,0,0,0,0,0,0,0,0
1989,239,6,22,29.316,2,8,0,-1,1,0,1,1,25,0,0,0,1028,0,0,0,0,0,1,1,0,0,0,312.4966009,0,0,0,0,3,1,1,1,100,0,0,0,3,1,1,0.1,3000,0,0,0,0,0,0,0,0,0,0,0,0,0,0,0,0,0,0,0,0,0,0,0,0,0,0,0,0,0,0,0,0,0,0,0,0,0,0,0,0,0,0,0,0,0,0,0,0,0,0,0
1989,239,6,23,42.397,2,8,0,-1,0,0,1,1,25,0,0,0,1028,0,0,0,0,0,1,1,0,0,0,312.6188105,0,0,0,0,3,1,1,1,100,0,0,0,3,1,1,0.1,3000,0,0,0,0,0,0,0,0,0,0,0,0,0,0,0,0,0,0,0,0,0,0,0,0,0,0,0,0,0,0,0,0,0,0,0,0,0,0,0,0,0,0,0,0,0,0,0,0,0,0,0
1989,239,6,24,5.317,2,8,0,-1,1,0,1,1,25,0,0,0,1028,0,0,0,0,0,1,1,0,0,0,312.6571384,0,0,0,0,3,1,1,1,100,0,0,0,3,1,1,0.1,3000,0,0,0,0,0,0,0,0,0,0,0,0,0,0,0,0,0,0,0,0,0,0,0,0,0,0,0,0,0,0,0,0,0,0,0,0,0,0,0,0,0,0,0,0,0,0,0,0,0,0,0
1989,239,6,25,18.396,2,8,0,-1,0,0,1,1,25,0,0,0,1028,0,0,0,0,0,1,1,0,0,0,312.7793449,0,0,0,0,3,1,1,1,100,0,0,0,3,1,1,0.1,3000,0,0,0,0,0,0,0,0,0,0,0,0,0,0,0,0,0,0,0,0,0,0,0,0,0,0,0,0,0,0,0,0,0,0,0,0,0,0,0,0,0,0,0,0,0,0,0,0,0,0,0
1989,239,6,25,41.316,2,8,0,-1,1,0,1,1,25,0,0,0,1028,0,0,0,0,0,1,1,0,0,0,312.817671,0,0,0,0,3,1,1,1,100,0,0,0,3,1,1,0.1,3000,0,0,0,0,0,0,0,0,0,0,0,0,0,0,0,0,0,0,0,0,0,0,0,0,0,0,0,0,0,0,0,0,0,0,0,0,0,0,0,0,0,0,0,0,0,0,0,0,0,0,0
1989,239,6,26,54.396,2,8,0,-1,0,0,1,1,25,0,0,0,1028,0,0,0,0,0,1,1,0,0,0,312.9398787,0,0,0,0,3,1,1,1,100,0,0,0,3,1,1,0.1,3000,0,0,0,0,0,0,0,0,0,0,0,0,0,0,0,0,0,0,0,0,0,0,0,0,0,0,0,0,0,0,0,0,0,0,0,0,0,0,0,0,0,0,0,0,0,0,0,0,0,0,0
1989,239,6,27,17.316,2,8,0,-1,1,0,1,1,25,0,0,0,1028,0,0,0,0,0,1,1,0,0,0,312.9782063,0,0,0,0,3,1,1,1,100,0,0,0,3,1,1,0.1,3000,0,0,0,0,0,0,0,0,0,0,0,0,0,0,0,0,0,0,0,0,0,0,0,0,0,0,0,0,0,0,0,0,0,0,0,0,0,0,0,0,0,0,0,0,0,0,0,0,0,0,0
1989,239,6,30,54.396,2,8,0,-1,0,0,1,1,25,0,0,0,1028,0,0,0,0,0,1,1,0,0,0,313.3412125,0,0,0,0,3,1,1,1,100,0,0,0,3,1,1,0.1,3000,0,0,0,0,0,0,0,0,0,0,0,0,0,0,0,0,0,0,0,0,0,0,0,0,0,0,0,0,0,0,0,0,0,0,0,0,0,0,0,0,0,0,0,0,0,0,0,0,0,0,0
1989,239,6,31,17.316,2,8,0,-1,1,0,1,1,25,0,0,0,1028,0,0,0,0,0,1,1,0,0,0,313.3795397,0,0,0,0,3,1,1,1,100,0,0,0,3,1,1,0.1,3000,0,0,0,0,0,0,0,0,0,0,0,0,0,0,0,0,0,0,0,0,0,0,0,0,0,0,0,0,0,0,0,0,0,0,0,0,0,0,0,0,0,0,0,0,0,0,0,0,0,0,0
1989,239,6,32,30.396,2,8,0,-1,0,0,1,1,25,0,0,0,1028,0,0,0,0,0,1,1,0,0,0,313.5017449,0,0,0,0,3,1,1,1,100,0,0,0,3,1,1,0.1,3000,0,0,0,0,0,0,0,0,0,0,0,0,0,0,0,0,0,0,0,0,0,0,0,0,0,0,0,0,0,0,0,0,0,0,0,0,0,0,0,0,0,0,0,0,0,0,0,0,0,0,0
1989,239,6,32,53.316,2,8,0,-1,1,0,1,1,25,0,0,0,1028,0,0,0,0,0,1,1,0,0,0,313.5400711,0,0,0,0,3,1,1,1,100,0,0,0,3,1,1,0.1,3000,0,0,0,0,0,0,0,0,0,0,0,0,0,0,0,0,0,0,0,0,0,0,0,0,0,0,0,0,0,0,0,0,0,0,0,0,0,0,0,0,0,0,0,0,0,0,0,0,0,0,0
1989,239,6,34,6.396,2,8,0,-1,0,0,1,1,25,0,0,0,1028,0,0,0,0,0,1,1,0,0,0,313.6622766,0,0,0,0,3,1,1,1,100,0,0,0,3,1,1,0.1,3000,0,0,0,0,0,0,0,0,0,0,0,0,0,0,0,0,0,0,0,0,0,0,0,0,0,0,0,0,0,0,0,0,0,0,0,0,0,0,0,0,0,0,0,0,0,0,0,0,0,0,0
1989,239,6,34,29.316,2,8,0,-1,1,0,1,1,25,0,0,0,1028,0,0,0,0,0,1,1,0,0,0,313.7006027,0,0,0,0,3,1,1,1,100,0,0,0,3,1,1,0.1,3000,0,0,0,0,0,0,0,0,0,0,0,0,0,0,0,0,0,0,0,0,0,0,0,0,0,0,0,0,0,0,0,0,0,0,0,0,0,0,0,0,0,0,0,0,0,0,0,0,0,0,0
1989,239,6,35,42.396,2,8,0,-1,0,0,1,1,25,0,0,0,1028,0,0,0,0,0,1,1,0,0,0,313.8228078,0,0,0,0,3,1,1,1,100,0,0,0,3,1,1,0.1,3000,0,0,0,0,0,0,0,0,0,0,0,0,0,0,0,0,0,0,0,0,0,0,0,0,0,0,0,0,0,0,0,0,0,0,0,0,0,0,0,0,0,0,0,0,0,0,0,0,0,0,0
1989,239,6,36,5.316,2,8,0,-1,1,0,1,1,25,0,0,0,1028,0,0,0,0,0,1,1,0,0,0,313.8611345,0,0,0,0,3,1,1,1,100,0,0,0,3,1,1,0.1,3000,0,0,0,0,0,0,0,0,0,0,0,0,0,0,0,0,0,0,0,0,0,0,0,0,0,0,0,0,0,0,0,0,0,0,0,0,0,0,0,0,0,0,0,0,0,0,0,0,0,0,0
1989,239,6,37,18.396,2,8,0,-1,0,0,1,1,25,0,0,0,1028,0,0,0,0,0,1,1,0,0,0,313.9833383,0,0,0,0,3,1,1,1,100,0,0,0,3,1,1,0.1,3000,0,0,0,0,0,0,0,0,0,0,0,0,0,0,0,0,0,0,0,0,0,0,0,0,0,0,0,0,0,0,0,0,0,0,0,0,0,0,0,0,0,0,0,0,0,0,0,0,0,0,0
1989,239,6,37,41.315,2,8,0,-1,1,0,1,1,25,0,0,0,1028,0,0,0,0,0,1,1,0,0,0,314.0216632,0,0,0,0,3,1,1,1,100,0,0,0,3,1,1,0.1,3000,0,0,0,0,0,0,0,0,0,0,0,0,0,0,0,0,0,0,0,0,0,0,0,0,0,0,0,0,0,0,0,0,0,0,0,0,0,0,0,0,0,0,0,0,0,0,0,0,0,0,0
1989,239,6,38,54.395,2,8,0,-1,0,0,1,1,25,0,0,0,1028,0,0,0,0,0,1,1,0,0,0,314.1438665,0,0,0,0,3,1,1,1,100,0,0,0,3,1,1,0.1,3000,0,0,0,0,0,0,0,0,0,0,0,0,0,0,0,0,0,0,0,0,0,0,0,0,0,0,0,0,0,0,0,0,0,0,0,0,0,0,0,0,0,0,0,0,0,0,0,0,0,0,0
1989,239,6,39,17.315,2,8,0,-1,1,0,1,1,25,0,0,0,1028,0,0,0,0,0,1,1,0,0,0,314.1821929,0,0,0,0,3,1,1,1,100,0,0,0,3,1,1,0.1,3000,0,0,0,0,0,0,0,0,0,0,0,0,0,0,0,0,0,0,0,0,0,0,0,0,0,0,0,0,0,0,0,0,0,0,0,0,0,0,0,0,0,0,0,0,0,0,0,0,0,0,0
1989,239,6,42,54.395,2,8,0,-1,0,0,1,1,25,0,0,0,1028,0,0,0,0,0,1,1,0,0,0,314.5451883,0,0,0,0,3,1,1,1,100,0,0,0,3,1,1,0.1,3000,0,0,0,0,0,0,0,0,0,0,0,0,0,0,0,0,0,0,0,0,0,0,0,0,0,0,0,0,0,0,0,0,0,0,0,0,0,0,0,0,0,0,0,0,0,0,0,0,0,0,0
1989,239,6,43,17.315,2,8,0,-1,1,0,1,1,25,0,0,0,1028,0,0,0,0,0,1,1,0,0,0,314.5835144,0,0,0,0,3,1,1,1,100,0,0,0,3,1,1,0.1,3000,0,0,0,0,0,0,0,0,0,0,0,0,0,0,0,0,0,0,0,0,0,0,0,0,0,0,0,0,0,0,0,0,0,0,0,0,0,0,0,0,0,0,0,0,0,0,0,0,0,0,0
1989,239,6,44,30.395,2,8,0,-1,0,0,1,1,25,0,0,0,1028,0,0,0,0,0,1,1,0,0,0,314.705716,0,0,0,0,3,1,1,1,100,0,0,0,3,1,1,0.1,3000,0,0,0,0,0,0,0,0,0,0,0,0,0,0,0,0,0,0,0,0,0,0,0,0,0,0,0,0,0,0,0,0,0,0,0,0,0,0,0,0,0,0,0,0,0,0,0,0,0,0,0
1989,239,6,44,53.315,2,8,0,-1,1,0,1,1,25,0,0,0,1028,0,0,0,0,0,1,1,0,0,0,314.7440419,0,0,0,0,3,1,1,1,100,0,0,0,3,1,1,0.1,3000,0,0,0,0,0,0,0,0,0,0,0,0,0,0,0,0,0,0,0,0,0,0,0,0,0,0,0,0,0,0,0,0,0,0,0,0,0,0,0,0,0,0,0,0,0,0,0,0,0,0,0
1989,239,6,46,6.395,2,8,0,-1,0,0,1,1,25,0,0,0,1028,0,0,0,0,0,1,1,0,0,0,314.866243,0,0,0,0,3,1,1,1,100,0,0,0,3,1,1,0.1,3000,0,0,0,0,0,0,0,0,0,0,0,0,0,0,0,0,0,0,0,0,0,0,0,0,0,0,0,0,0,0,0,0,0,0,0,0,0,0,0,0,0,0,0,0,0,0,0,0,0,0,0
1989,239,6,46,29.314,2,8,0,-1,1,0,1,1,25,0,0,0,1028,0,0,0,0,0,1,1,0,0,0,314.9045679,0,0,0,0,3,1,1,1,100,0,0,0,3,1,1,0.1,3000,0,0,0,0,0,0,0,0,0,0,0,0,0,0,0,0,0,0,0,0,0,0,0,0,0,0,0,0,0,0,0,0,0,0,0,0,0,0,0,0,0,0,0,0,0,0,0,0,0,0,0
1989,239,6,47,42.395,2,8,0,-1,0,0,1,1,25,0,0,0,1028,0,0,0,0,0,1,1,0,0,0,315.0267694,0,0,0,0,3,1,1,1,100,0,0,0,3,1,1,0.1,3000,0,0,0,0,0,0,0,0,0,0,0,0,0,0,0,0,0,0,0,0,0,0,0,0,0,0,0,0,0,0,0,0,0,0,0,0,0,0,0,0,0,0,0,0,0,0,0,0,0,0,0
1989,239,6,48,5.315,2,8,0,-1,1,0,1,1,25,0,0,0,1028,0,0,0,0,0,1,1,0,0,0,315.065095,0,0,0,0,3,1,1,1,100,0,0,0,3,1,1,0.1,3000,0,0,0,0,0,0,0,0,0,0,0,0,0,0,0,0,0,0,0,0,0,0,0,0,0,0,0,0,0,0,0,0,0,0,0,0,0,0,0,0,0,0,0,0,0,0,0,0,0,0,0
1989,239,6,49,18.395,2,8,0,-1,0,0,1,1,25,0,0,0,1028,0,0,0,0,0,1,1,0,0,0,315.1872952,0,0,0,0,3,1,1,1,100,0,0,0,3,1,1,0.1,3000,0,0,0,0,0,0,0,0,0,0,0,0,0,0,0,0,0,0,0,0,0,0,0,0,0,0,0,0,0,0,0,0,0,0,0,0,0,0,0,0,0,0,0,0,0,0,0,0,0,0,0
1989,239,6,49,41.314,2,8,0,-1,1,0,1,1,25,0,0,0,1028,0,0,0,0,0,1,1,0,0,0,315.2256198,0,0,0,0,3,1,1,1,100,0,0,0,3,1,1,0.1,3000,0,0,0,0,0,0,0,0,0,0,0,0,0,0,0,0,0,0,0,0,0,0,0,0,0,0,0,0,0,0,0,0,0,0,0,0,0,0,0,0,0,0,0,0,0,0,0,0,0,0,0
1989,239,6,50,54.395,2,8,0,-1,0,0,1,1,25,0,0,0,1028,0,0,0,0,0,1,1,0,0,0,315.3478203,0,0,0,0,3,1,1,1,100,0,0,0,3,1,1,0.1,3000,0,0,0,0,0,0,0,0,0,0,0,0,0,0,0,0,0,0,0,0,0,0,0,0,0,0,0,0,0,0,0,0,0,0,0,0,0,0,0,0,0,0,0,0,0,0,0,0,0,0,0
1989,239,6,51,17.315,2,8,0,-1,1,0,1,1,25,0,0,0,1028,0,0,0,0,0,1,1,0,0,0,315.3861456,0,0,0,0,3,1,1,1,100,0,0,0,3,1,1,0.1,3000,0,0,0,0,0,0,0,0,0,0,0,0,0,0,0,0,0,0,0,0,0,0,0,0,0,0,0,0,0,0,0,0,0,0,0,0,0,0,0,0,0,0,0,0,0,0,0,0,0,0,0
1989,239,6,54,54.394,2,8,0,-1,0,0,1,1,25,0,0,0,1028,0,0,0,0,0,1,1,0,0,0,315.7491287,0,0,0,0,3,1,1,1,100,0,0,0,3,1,1,0.1,3000,0,0,0,0,0,0,0,0,0,0,0,0,0,0,0,0,0,0,0,0,0,0,0,0,0,0,0,0,0,0,0,0,0,0,0,0,0,0,0,0,0,0,0,0,0,0,0,0,0,0,0
1989,239,6,55,17.314,2,8,0,-1,1,0,1,1,25,0,0,0,1028,0,0,0,0,0,1,1,0,0,0,315.7874536,0,0,0,0,3,1,1,1,100,0,0,0,3,1,1,0.1,3000,0,0,0,0,0,0,0,0,0,0,0,0,0,0,0,0,0,0,0,0,0,0,0,0,0,0,0,0,0,0,0,0,0,0,0,0,0,0,0,0,0,0,0,0,0,0,0,0,0,0,0
1989,239,6,56,30.394,2,8,0,-1,0,0,1,1,25,0,0,0,1028,0,0,0,0,0,1,1,0,0,0,315.9096517,0,0,0,0,3,1,1,1,100,0,0,0,3,1,1,0.1,3000,0,0,0,0,0,0,0,0,0,0,0,0,0,0,0,0,0,0,0,0,0,0,0,0,0,0,0,0,0,0,0,0,0,0,0,0,0,0,0,0,0,0,0,0,0,0,0,0,0,0,0
1989,239,6,56,53.314,2,8,0,-1,1,0,1,1,25,0,0,0,1028,0,0,0,0,0,1,1,0,0,0,315.9479764,0,0,0,0,3,1,1,1,100,0,0,0,3,1,1,0.1,3000,0,0,0,0,0,0,0,0,0,0,0,0,0,0,0,0,0,0,0,0,0,0,0,0,0,0,0,0,0,0,0,0,0,0,0,0,0,0,0,0,0,0,0,0,0,0,0,0,0,0,0
1989,239,6,58,6.394,2,8,0,-1,0,0,1,1,25,0,0,0,1028,0,0,0,0,0,1,1,0,0,0,316.070174,0,0,0,0,3,1,1,1,100,0,0,0,3,1,1,0.1,3000,0,0,0,0,0,0,0,0,0,0,0,0,0,0,0,0,0,0,0,0,0,0,0,0,0,0,0,0,0,0,0,0,0,0,0,0,0,0,0,0,0,0,0,0,0,0,0,0,0,0,0
1989,239,6,58,29.313,2,8,0,-1,1,0,1,1,25,0,0,0,1028,0,0,0,0,0,1,1,0,0,0,316.1084978,0,0,0,0,3,1,1,1,100,0,0,0,3,1,1,0.1,3000,0,0,0,0,0,0,0,0,0,0,0,0,0,0,0,0,0,0,0,0,0,0,0,0,0,0,0,0,0,0,0,0,0,0,0,0,0,0,0,0,0,0,0,0,0,0,0,0,0,0,0
1989,239,6,59,42.394,2,8,0,-1,0,0,1,1,25,0,0,0,1028,0,0,0,0,0,1,1,0,0,0,316.2306957,0,0,0,0,3,1,1,1,100,0,0,0,3,1,1,0.1,3000,0,0,0,0,0,0,0,0,0,0,0,0,0,0,0,0,0,0,0,0,0,0,0,0,0,0,0,0,0,0,0,0,0,0,0,0,0,0,0,0,0,0,0,0,0,0,0,0,0,0,0
1989,239,7,0,5.314,2,8,0,-1,1,0,1,1,25,0,0,0,1028,0,0,0,0,0,1,1,0,0,0,316.2690201,0,0,0,0,3,1,1,1,100,0,0,0,3,1,1,0.1,3000,0,0,0,0,0,0,0,0,0,0,0,0,0,0,0,0,0,0,0,0,0,0,0,0,0,0,0,0,0,0,0,0,0,0,0,0,0,0,0,0,0,0,0,0,0,0,0,0,0,0,0
1989,239,7,1,18.394,2,8,0,-1,0,0,1,1,25,0,0,0,1028,0,0,0,0,0,1,1,0,0,0,316.3912167,0,0,0,0,3,1,1,1,100,0,0,0,3,1,1,0.1,3000,0,0,0,0,0,0,0,0,0,0,0,0,0,0,0,0,0,0,0,0,0,0,0,0,0,0,0,0,0,0,0,0,0,0,0,0,0,0,0,0,0,0,0,0,0,0,0,0,0,0,0
1989,239,7,1,41.314,2,8,0,-1,1,0,1,1,25,0,0,0,1028,0,0,0,0,0,1,1,0,0,0,316.4295402,0,0,0,0,3,1,1,1,100,0,0,0,3,1,1,0.1,3000,0,0,0,0,0,0,0,0,0,0,0,0,0,0,0,0,0,0,0,0,0,0,0,0,0,0,0,0,0,0,0,0,0,0,0,0,0,0,0,0,0,0,0,0,0,0,0,0,0,0,0
1989,239,7,2,54.394,2,8,0,-1,0,0,1,1,25,0,0,0,1028,0,0,0,0,0,1,1,0,0,0,316.5517372,0,0,0,0,3,1,1,1,100,0,0,0,3,1,1,0.1,3000,0,0,0,0,0,0,0,0,0,0,0,0,0,0,0,0,0,0,0,0,0,0,0,0,0,0,0,0,0,0,0,0,0,0,0,0,0,0,0,0,0,0,0,0,0,0,0,0,0,0,0
1989,239,7,3,17.314,2,8,0,-1,1,0,1,1,25,0,0,0,1028,0,0,0,0,0,1,1,0,0,0,316.5900613,0,0,0,0,3,1,1,1,100,0,0,0,3,1,1,0.1,3000,0,0,0,0,0,0,0,0,0,0,0,0,0,0,0,0,0,0,0,0,0,0,0,0,0,0,0,0,0,0,0,0,0,0,0,0,0,0,0,0,0,0,0,0,0,0,0,0,0,0,0
1989,239,7,6,54.393,2,8,0,-1,0,0,1,1,25,0,0,0,1028,0,0,0,0,0,1,1,0,0,0,316.9530339,0,0,0,0,3,1,1,1,100,0,0,0,3,1,1,0.1,3000,0,0,0,0,0,0,0,0,0,0,0,0,0,0,0,0,0,0,0,0,0,0,0,0,0,0,0,0,0,0,0,0,0,0,0,0,0,0,0,0,0,0,0,0,0,0,0,0,0,0,0
1989,239,7,7,17.313,2,8,0,-1,1,0,1,1,25,0,0,0,1028,0,0,0,0,0,1,1,0,0,0,316.9913577,0,0,0,0,3,1,1,1,100,0,0,0,3,1,1,0.1,3000,0,0,0,0,0,0,0,0,0,0,0,0,0,0,0,0,0,0,0,0,0,0,0,0,0,0,0,0,0,0,0,0,0,0,0,0,0,0,0,0,0,0,0,0,0,0,0,0,0,0,0
1989,239,7,8,30.393,2,8,0,-1,0,0,1,1,25,0,0,0,1028,0,0,0,0,0,1,1,0,0,0,317.1135522,0,0,0,0,3,1,1,1,100,0,0,0,3,1,1,0.1,3000,0,0,0,0,0,0,0,0,0,0,0,0,0,0,0,0,0,0,0,0,0,0,0,0,0,0,0,0,0,0,0,0,0,0,0,0,0,0,0,0,0,0,0,0,0,0,0,0,0,0,0
1989,239,7,8,53.313,2,8,0,-1,1,0,1,1,25,0,0,0,1028,0,0,0,0,0,1,1,0,0,0,317.1518758,0,0,0,0,3,1,1,1,100,0,0,0,3,1,1,0.1,3000,0,0,0,0,0,0,0,0,0,0,0,0,0,0,0,0,0,0,0,0,0,0,0,0,0,0,0,0,0,0,0,0,0,0,0,0,0,0,0,0,0,0,0,0,0,0,0,0,0,0,0
1989,239,7,10,6.393,2,8,0,-1,0,0,1,1,25,0,0,0,1028,0,0,0,0,0,1,1,0,0,0,317.2740698,0,0,0,0,3,1,1,1,100,0,0,0,3,1,1,0.1,3000,0,0,0,0,0,0,0,0,0,0,0,0,0,0,0,0,0,0,0,0,0,0,0,0,0,0,0,0,0,0,0,0,0,0,0,0,0,0,0,0,0,0,0,0,0,0,0,0,0,0,0
1989,239,7,10,29.313,2,8,0,-1,1,0,1,1,25,0,0,0,1028,0,0,0,0,0,1,1,0,0,0,317.3123933,0,0,0,0,3,1,1,1,100,0,0,0,3,1,1,0.1,3000,0,0,0,0,0,0,0,0,0,0,0,0,0,0,0,0,0,0,0,0,0,0,0,0,0,0,0,0,0,0,0,0,0,0,0,0,0,0,0,0,0,0,0,0,0,0,0,0,0,0,0
1989,239,7,11,42.393,2,8,0,-1,0,0,1,1,25,0,0,0,1028,0,0,0,0,0,1,1,0,0,0,317.4345868,0,0,0,0,3,1,1,1,100,0,0,0,3,1,1,0.1,3000,0,0,0,0,0,0,0,0,0,0,0,0,0,0,0,0,0,0,0,0,0,0,0,0,0,0,0,0,0,0,0,0,0,0,0,0,0,0,0,0,0,0,0,0,0,0,0,0,0,0,0
1989,239,7,12,5.313,2,8,0,-1,1,0,1,1,25,0,0,0,1028,0,0,0,0,0,1,1,0,0,0,317.4729102,0,0,0,0,3,1,1,1,100,0,0,0,3,1,1,0.1,3000,0,0,0,0,0,0,0,0,0,0,0,0,0,0,0,0,0,0,0,0,0,0,0,0,0,0,0,0,0,0,0,0,0,0,0,0,0,0,0,0,0,0,0,0,0,0,0,0,0,0,0
1989,239,7,13,18.393,2,8,0,-1,0,0,1,1,25,0,0,0,1028,0,0,0,0,0,1,1,0,0,0,317.5951032,0,0,0,0,3,1,1,1,100,0,0,0,3,1,1,0.1,3000,0,0,0,0,0,0,0,0,0,0,0,0,0,0,0,0,0,0,0,0,0,0,0,0,0,0,0,0,0,0,0,0,0,0,0,0,0,0,0,0,0,0,0,0,0,0,0,0,0,0,0
1989,239,7,13,41.313,2,8,0,-1,1,0,1,1,25,0,0,0,1028,0,0,0,0,0,1,1,0,0,0,317.6334264,0,0,0,0,3,1,1,1,100,0,0,0,3,1,1,0.1,3000,0,0,0,0,0,0,0,0,0,0,0,0,0,0,0,0,0,0,0,0,0,0,0,0,0,0,0,0,0,0,0,0,0,0,0,0,0,0,0,0,0,0,0,0,0,0,0,0,0,0,0
1989,239,7,14,54.393,2,8,0,-1,0,0,1,1,25,0,0,0,1028,0,0,0,0,0,1,1,0,0,0,317.755619,0,0,0,0,3,1,1,1,100,0,0,0,3,1,1,0.1,3000,0,0,0,0,0,0,0,0,0,0,0,0,0,0,0,0,0,0,0,0,0,0,0,0,0,0,0,0,0,0,0,0,0,0,0,0,0,0,0,0,0,0,0,0,0,0,0,0,0,0,0
1989,239,7,15,17.313,2,8,0,-1,1,0,1,1,25,0,0,0,1028,0,0,0,0,0,1,1,0,0,0,317.7939421,0,0,0,0,3,1,1,1,100,0,0,0,3,1,1,0.1,3000,0,0,0,0,0,0,0,0,0,0,0,0,0,0,0,0,0,0,0,0,0,0,0,0,0,0,0,0,0,0,0,0,0,0,0,0,0,0,0,0,0,0,0,0,0,0,0,0,0,0,0
1989,239,7,18,54.392,2,8,0,-1,0,0,1,1,25,0,0,0,1028,0,0,0,0,0,1,1,0,0,0,318.1569041,0,0,0,0,3,1,1,1,100,0,0,0,3,1,1,0.1,3000,0,0,0,0,0,0,0,0,0,0,0,0,0,0,0,0,0,0,0,0,0,0,0,0,0,0,0,0,0,0,0,0,0,0,0,0,0,0,0,0,0,0,0,0,0,0,0,0,0,0,0
1989,239,7,19,17.312,2,8,0,-1,1,0,1,1,25,0,0,0,1028,0,0,0,0,0,1,1,0,0,0,318.195226,0,0,0,0,3,1,1,1,100,0,0,0,3,1,1,0.1,3000,0,0,0,0,0,0,0,0,0,0,0,0,0,0,0,0,0,0,0,0,0,0,0,0,0,0,0,0,0,0,0,0,0,0,0,0,0,0,0,0,0,0,0,0,0,0,0,0,0,0,0
1989,239,7,20,30.392,2,8,0,-1,0,0,1,1,25,0,0,0,1028,0,0,0,0,0,1,1,0,0,0,318.3174178,0,0,0,0,3,1,1,1,100,0,0,0,3,1,1,0.1,3000,0,0,0,0,0,0,0,0,0,0,0,0,0,0,0,0,0,0,0,0,0,0,0,0,0,0,0,0,0,0,0,0,0,0,0,0,0,0,0,0,0,0,0,0,0,0,0,0,0,0,0
1989,239,7,20,53.312,2,8,0,-1,1,0,1,1,25,0,0,0,1028,0,0,0,0,0,1,1,0,0,0,318.3557403,0,0,0,0,3,1,1,1,100,0,0,0,3,1,1,0.1,3000,0,0,0,0,0,0,0,0,0,0,0,0,0,0,0,0,0,0,0,0,0,0,0,0,0,0,0,0,0,0,0,0,0,0,0,0,0,0,0,0,0,0,0,0,0,0,0,0,0,0,0
1989,239,7,22,6.392,2,8,0,-1,0,0,1,1,25,0,0,0,1028,0,0,0,0,0,1,1,0,0,0,318.4779308,0,0,0,0,3,1,1,1,100,0,0,0,3,1,1,0.1,3000,0,0,0,0,0,0,0,0,0,0,0,0,0,0,0,0,0,0,0,0,0,0,0,0,0,0,0,0,0,0,0,0,0,0,0,0,0,0,0,0,0,0,0,0,0,0,0,0,0,0,0
1989,239,7,22,29.312,2,8,0,-1,1,0,1,1,25,0,0,0,1028,0,0,0,0,0,1,1,0,0,0,318.5162523,0,0,0,0,3,1,1,1,100,0,0,0,3,1,1,0.1,3000,0,0,0,0,0,0,0,0,0,0,0,0,0,0,0,0,0,0,0,0,0,0,0,0,0,0,0,0,0,0,0,0,0,0,0,0,0,0,0,0,0,0,0,0,0,0,0,0,0,0,0
1989,239,7,23,42.392,2,8,0,-1,0,0,1,1,25,0,0,0,1028,0,0,0,0,0,1,1,0,0,0,318.6384432,0,0,0,0,3,1,1,1,100,0,0,0,3,1,1,0.1,3000,0,0,0,0,0,0,0,0,0,0,0,0,0,0,0,0,0,0,0,0,0,0,0,0,0,0,0,0,0,0,0,0,0,0,0,0,0,0,0,0,0,0,0,0,0,0,0,0,0,0,0
1989,239,7,24,5.312,2,8,0,-1,1,0,1,1,25,0,0,0,1028,0,0,0,0,0,1,1,0,0,0,318.6767654,0,0,0,0,3,1,1,1,100,0,0,0,3,1,1,0.1,3000,0,0,0,0,0,0,0,0,0,0,0,0,0,0,0,0,0,0,0,0,0,0,0,0,0,0,0,0,0,0,0,0,0,0,0,0,0,0,0,0,0,0,0,0,0,0,0,0,0,0,0
1989,239,7,25,18.392,2,8,0,-1,0,0,1,1,25,0,0,0,1028,0,0,0,0,0,1,1,0,0,0,318.798955,0,0,0,0,3,1,1,1,100,0,0,0,3,1,1,0.1,3000,0,0,0,0,0,0,0,0,0,0,0,0,0,0,0,0,0,0,0,0,0,0,0,0,0,0,0,0,0,0,0,0,0,0,0,0,0,0,0,0,0,0,0,0,0,0,0,0,0,0,0
1989,239,7,25,41.312,2,8,0,-1,1,0,1,1,25,0,0,0,1028,0,0,0,0,0,1,1,0,0,0,318.8372771,0,0,0,0,3,1,1,1,100,0,0,0,3,1,1,0.1,3000,0,0,0,0,0,0,0,0,0,0,0,0,0,0,0,0,0,0,0,0,0,0,0,0,0,0,0,0,0,0,0,0,0,0,0,0,0,0,0,0,0,0,0,0,0,0,0,0,0,0,0
1989,239,7,26,54.392,2,8,0,-1,0,0,1,1,25,0,0,0,1028,0,0,0,0,0,1,1,0,0,0,318.9594661,0,0,0,0,3,1,1,1,100,0,0,0,3,1,1,0.1,3000,0,0,0,0,0,0,0,0,0,0,0,0,0,0,0,0,0,0,0,0,0,0,0,0,0,0,0,0,0,0,0,0,0,0,0,0,0,0,0,0,0,0,0,0,0,0,0,0,0,0,0
1989,239,7,27,17.312,2,8,0,-1,1,0,1,1,25,0,0,0,1028,0,0,0,0,0,1,1,0,0,0,318.9977873,0,0,0,0,3,1,1,1,100,0,0,0,3,1,1,0.1,3000,0,0,0,0,0,0,0,0,0,0,0,0,0,0,0,0,0,0,0,0,0,0,0,0,0,0,0,0,0,0,0,0,0,0,0,0,0,0,0,0,0,0,0,0,0,0,0,0,0,0,0
1989,239,7,30,54.391,2,8,0,-1,0,0,1,1,25,0,0,0,1028,0,0,0,0,0,1,1,0,0,0,319.3607397,0,0,0,0,3,1,1,1,100,0,0,0,3,1,1,0.1,3000,0,0,0,0,0,0,0,0,0,0,0,0,0,0,0,0,0,0,0,0,0,0,0,0,0,0,0,0,0,0,0,0,0,0,0,0,0,0,0,0,0,0,0,0,0,0,0,0,0,0,0
1989,239,7,31,17.311,2,8,0,-1,1,0,1,1,25,0,0,0,1028,0,0,0,0,0,1,1,0,0,0,319.3990605,0,0,0,0,3,1,1,1,100,0,0,0,3,1,1,0.1,3000,0,0,0,0,0,0,0,0,0,0,0,0,0,0,0,0,0,0,0,0,0,0,0,0,0,0,0,0,0,0,0,0,0,0,0,0,0,0,0,0,0,0,0,0,0,0,0,0,0,0,0
1989,239,7,32,30.391,2,8,0,-1,0,0,1,1,25,0,0,0,1028,0,0,0,0,0,1,1,0,0,0,319.5212487,0,0,0,0,3,1,1,1,100,0,0,0,3,1,1,0.1,3000,0,0,0,0,0,0,0,0,0,0,0,0,0,0,0,0,0,0,0,0,0,0,0,0,0,0,0,0,0,0,0,0,0,0,0,0,0,0,0,0,0,0,0,0,0,0,0,0,0,0,0
1989,239,7,32,53.311,2,8,0,-1,1,0,1,1,25,0,0,0,1028,0,0,0,0,0,1,1,0,0,0,319.5595702,0,0,0,0,3,1,1,1,100,0,0,0,3,1,1,0.1,3000,0,0,0,0,0,0,0,0,0,0,0,0,0,0,0,0,0,0,0,0,0,0,0,0,0,0,0,0,0,0,0,0,0,0,0,0,0,0,0,0,0,0,0,0,0,0,0,0,0,0,0
1989,239,7,34,6.391,2,8,0,-1,0,0,1,1,25,0,0,0,1028,0,0,0,0,0,1,1,0,0,0,319.6817572,0,0,0,0,3,1,1,1,100,0,0,0,3,1,1,0.1,3000,0,0,0,0,0,0,0,0,0,0,0,0,0,0,0,0,0,0,0,0,0,0,0,0,0,0,0,0,0,0,0,0,0,0,0,0,0,0,0,0,0,0,0,0,0,0,0,0,0,0,0
1989,239,7,34,29.31,2,8,0,-1,1,0,1,1,25,0,0,0,1028,0,0,0,0,0,1,1,0,0,0,319.7200776,0,0,0,0,3,1,1,1,100,0,0,0,3,1,1,0.1,3000,0,0,0,0,0,0,0,0,0,0,0,0,0,0,0,0,0,0,0,0,0,0,0,0,0,0,0,0,0,0,0,0,0,0,0,0,0,0,0,0,0,0,0,0,0,0,0,0,0,0,0
1989,239,7,35,42.391,2,8,0,-1,0,0,1,1,25,0,0,0,1028,0,0,0,0,0,1,1,0,0,0,319.842265,0,0,0,0,3,1,1,1,100,0,0,0,3,1,1,0.1,3000,0,0,0,0,0,0,0,0,0,0,0,0,0,0,0,0,0,0,0,0,0,0,0,0,0,0,0,0,0,0,0,0,0,0,0,0,0,0,0,0,0,0,0,0,0,0,0,0,0,0,0
1989,239,7,36,5.311,2,8,0,-1,1,0,1,1,25,0,0,0,1028,0,0,0,0,0,1,1,0,0,0,319.8805861,0,0,0,0,3,1,1,1,100,0,0,0,3,1,1,0.1,3000,0,0,0,0,0,0,0,0,0,0,0,0,0,0,0,0,0,0,0,0,0,0,0,0,0,0,0,0,0,0,0,0,0,0,0,0,0,0,0,0,0,0,0,0,0,0,0,0,0,0,0
1989,239,7,37,18.391,2,8,0,-1,0,0,1,1,25,0,0,0,1028,0,0,0,0,0,1,1,0,0,0,320.0027722,0,0,0,0,3,1,1,1,100,0,0,0,3,1,1,0.1,3000,0,0,0,0,0,0,0,0,0,0,0,0,0,0,0,0,0,0,0,0,0,0,0,0,0,0,0,0,0,0,0,0,0,0,0,0,0,0,0,0,0,0,0,0,0,0,0,0,0,0,0
1989,239,7,37,41.311,2,8,0,-1,1,0,1,1,25,0,0,0,1028,0,0,0,0,0,1,1,0,0,0,320.0410932,0,0,0,0,3,1,1,1,100,0,0,0,3,1,1,0.1,3000,0,0,0,0,0,0,0,0,0,0,0,0,0,0,0,0,0,0,0,0,0,0,0,0,0,0,0,0,0,0,0,0,0,0,0,0,0,0,0,0,0,0,0,0,0,0,0,0,0,0,0
1989,239,7,38,54.391,2,8,0,-1,0,0,1,1,25,0,0,0,1028,0,0,0,0,0,1,1,0,0,0,320.1632788,0,0,0,0,3,1,1,1,100,0,0,0,3,1,1,0.1,3000,0,0,0,0,0,0,0,0,0,0,0,0,0,0,0,0,0,0,0,0,0,0,0,0,0,0,0,0,0,0,0,0,0,0,0,0,0,0,0,0,0,0,0,0,0,0,0,0,0,0,0
1989,239,7,39,17.31,2,8,0,-1,1,0,1,1,25,0,0,0,1028,0,0,0,0,0,1,1,0,0,0,320.2015988,0,0,0,0,3,1,1,1,100,0,0,0,3,1,1,0.1,3000,0,0,0,0,0,0,0,0,0,0,0,0,0,0,0,0,0,0,0,0,0,0,0,0,0,0,0,0,0,0,0,0,0,0,0,0,0,0,0,0,0,0,0,0,0,0,0,0,0,0,0
1989,239,7,42,54.391,2,8,0,-1,0,0,1,1,25,0,0,0,1028,0,0,0,0,0,1,1,0,0,0,320.5645417,0,0,0,0,3,1,1,1,100,0,0,0,3,1,1,0.1,3000,0,0,0,0,0,0,0,0,0,0,0,0,0,0,0,0,0,0,0,0,0,0,0,0,0,0,0,0,0,0,0,0,0,0,0,0,0,0,0,0,0,0,0,0,0,0,0,0,0,0,0
1989,239,7,43,17.31,2,8,0,-1,1,0,1,1,25,0,0,0,1028,0,0,0,0,0,1,1,0,0,0,320.6028614,0,0,0,0,3,1,1,1,100,0,0,0,3,1,1,0.1,3000,0,0,0,0,0,0,0,0,0,0,0,0,0,0,0,0,0,0,0,0,0,0,0,0,0,0,0,0,0,0,0,0,0,0,0,0,0,0,0,0,0,0,0,0,0,0,0,0,0,0,0
1989,239,7,44,30.39,2,8,0,-1,0,0,1,1,25,0,0,0,1028,0,0,0,0,0,1,1,0,0,0,320.7250454,0,0,0,0,3,1,1,1,100,0,0,0,3,1,1,0.1,3000,0,0,0,0,0,0,0,0,0,0,0,0,0,0,0,0,0,0,0,0,0,0,0,0,0,0,0,0,0,0,0,0,0,0,0,0,0,0,0,0,0,0,0,0,0,0,0,0,0,0,0
1989,239,7,44,53.31,2,8,0,-1,1,0,1,1,25,0,0,0,1028,0,0,0,0,0,1,1,0,0,0,320.7633657,0,0,0,0,3,1,1,1,100,0,0,0,3,1,1,0.1,3000,0,0,0,0,0,0,0,0,0,0,0,0,0,0,0,0,0,0,0,0,0,0,0,0,0,0,0,0,0,0,0,0,0,0,0,0,0,0,0,0,0,0,0,0,0,0,0,0,0,0,0
1989,239,7,46,6.39,2,8,0,-1,0,0,1,1,25,0,0,0,1028,0,0,0,0,0,1,1,0,0,0,320.8855492,0,0,0,0,3,1,1,1,100,0,0,0,3,1,1,0.1,3000,0,0,0,0,0,0,0,0,0,0,0,0,0,0,0,0,0,0,0,0,0,0,0,0,0,0,0,0,0,0,0,0,0,0,0,0,0,0,0,0,0,0,0,0,0,0,0,0,0,0,0
1989,239,7,46,29.309,2,8,0,-1,1,0,1,1,25,0,0,0,1028,0,0,0,0,0,1,1,0,0,0,320.9238686,0,0,0,0,3,1,1,1,100,0,0,0,3,1,1,0.1,3000,0,0,0,0,0,0,0,0,0,0,0,0,0,0,0,0,0,0,0,0,0,0,0,0,0,0,0,0,0,0,0,0,0,0,0,0,0,0,0,0,0,0,0,0,0,0,0,0,0,0,0
1989,239,7,47,42.39,2,8,0,-1,0,0,1,1,25,0,0,0,1028,0,0,0,0,0,1,1,0,0,0,321.0460525,0,0,0,0,3,1,1,1,100,0,0,0,3,1,1,0.1,3000,0,0,0,0,0,0,0,0,0,0,0,0,0,0,0,0,0,0,0,0,0,0,0,0,0,0,0,0,0,0,0,0,0,0,0,0,0,0,0,0,0,0,0,0,0,0,0,0,0,0,0
1989,239,7,48,5.31,2,8,0,-1,1,0,1,1,25,0,0,0,1028,0,0,0,0,0,1,1,0,0,0,321.0843725,0,0,0,0,3,1,1,1,100,0,0,0,3,1,1,0.1,3000,0,0,0,0,0,0,0,0,0,0,0,0,0,0,0,0,0,0,0,0,0,0,0,0,0,0,0,0,0,0,0,0,0,0,0,0,0,0,0,0,0,0,0,0,0,0,0,0,0,0,0
1989,239,7,49,18.39,2,8,0,-1,0,0,1,1,25,0,0,0,1028,0,0,0,0,0,1,1,0,0,0,321.2065551,0,0,0,0,3,1,1,1,100,0,0,0,3,1,1,0.1,3000,0,0,0,0,0,0,0,0,0,0,0,0,0,0,0,0,0,0,0,0,0,0,0,0,0,0,0,0,0,0,0,0,0,0,0,0,0,0,0,0,0,0,0,0,0,0,0,0,0,0,0
1989,239,7,49,41.31,2,8,0,-1,1,0,1,1,25,0,0,0,1028,0,0,0,0,0,1,1,0,0,0,321.244875,0,0,0,0,3,1,1,1,100,0,0,0,3,1,1,0.1,3000,0,0,0,0,0,0,0,0,0,0,0,0,0,0,0,0,0,0,0,0,0,0,0,0,0,0,0,0,0,0,0,0,0,0,0,0,0,0,0,0,0,0,0,0,0,0,0,0,0,0,0
1989,239,7,50,54.39,2,8,0,-1,0,0,1,1,25,0,0,0,1028,0,0,0,0,0,1,1,0,0,0,321.3670571,0,0,0,0,3,1,1,1,100,0,0,0,3,1,1,0.1,3000,0,0,0,0,0,0,0,0,0,0,0,0,0,0,0,0,0,0,0,0,0,0,0,0,0,0,0,0,0,0,0,0,0,0,0,0,0,0,0,0,0,0,0,0,0,0,0,0,0,0,0
1989,239,7,51,17.309,2,8,0,-1,1,0,1,1,25,0,0,0,1028,0,0,0,0,0,1,1,0,0,0,321.4053761,0,0,0,0,3,1,1,1,100,0,0,0,3,1,1,0.1,3000,0,0,0,0,0,0,0,0,0,0,0,0,0,0,0,0,0,0,0,0,0,0,0,0,0,0,0,0,0,0,0,0,0,0,0,0,0,0,0,0,0,0,0,0,0,0,0,0,0,0,0
1989,239,7,54,54.39,2,8,0,-1,0,0,1,1,25,0,0,0,1028,0,0,0,0,0,1,1,0,0,0,321.7683096,0,0,0,0,3,1,1,1,100,0,0,0,3,1,1,0.1,3000,0,0,0,0,0,0,0,0,0,0,0,0,0,0,0,0,0,0,0,0,0,0,0,0,0,0,0,0,0,0,0,0,0,0,0,0,0,0,0,0,0,0,0,0,0,0,0,0,0,0,0
1989,239,7,55,17.309,2,8,0,-1,1,0,1,1,25,0,0,0,1028,0,0,0,0,0,1,1,0,0,0,321.8066282,0,0,0,0,3,1,1,1,100,0,0,0,3,1,1,0.1,3000,0,0,0,0,0,0,0,0,0,0,0,0,0,0,0,0,0,0,0,0,0,0,0,0,0,0,0,0,0,0,0,0,0,0,0,0,0,0,0,0,0,0,0,0,0,0,0,0,0,0,0
1989,239,7,56,30.389,2,8,0,-1,0,0,1,1,25,0,0,0,1028,0,0,0,0,0,1,1,0,0,0,321.9288079,0,0,0,0,3,1,1,1,100,0,0,0,3,1,1,0.1,3000,0,0,0,0,0,0,0,0,0,0,0,0,0,0,0,0,0,0,0,0,0,0,0,0,0,0,0,0,0,0,0,0,0,0,0,0,0,0,0,0,0,0,0,0,0,0,0,0,0,0,0
1989,239,7,56,53.309,2,8,0,-1,1,0,1,1,25,0,0,0,1028,0,0,0,0,0,1,1,0,0,0,321.9671271,0,0,0,0,3,1,1,1,100,0,0,0,3,1,1,0.1,3000,0,0,0,0,0,0,0,0,0,0,0,0,0,0,0,0,0,0,0,0,0,0,0,0,0,0,0,0,0,0,0,0,0,0,0,0,0,0,0,0,0,0,0,0,0,0,0,0,0,0,0
1989,239,7,58,6.389,2,8,0,-1,0,0,1,1,25,0,0,0,1028,0,0,0,0,0,1,1,0,0,0,322.0893072,0,0,0,0,3,1,1,1,100,0,0,0,3,1,1,0.1,3000,0,0,0,0,0,0,0,0,0,0,0,0,0,0,0,0,0,0,0,0,0,0,0,0,0,0,0,0,0,0,0,0,0,0,0,0,0,0,0,0,0,0,0,0,0,0,0,0,0,0,0
1989,239,7,58,29.309,2,8,0,-1,1,0,1,1,25,0,0,0,1028,0,0,0,0,0,1,1,0,0,0,322.1276263,0,0,0,0,3,1,1,1,100,0,0,0,3,1,1,0.1,3000,0,0,0,0,0,0,0,0,0,0,0,0,0,0,0,0,0,0,0,0,0,0,0,0,0,0,0,0,0,0,0,0,0,0,0,0,0,0,0,0,0,0,0,0,0,0,0,0,0,0,0
1989,239,7,59,42.389,2,8,0,-1,0,0,1,1,25,0,0,0,1028,0,0,0,0,0,1,1,0,0,0,322.2498059,0,0,0,0,3,1,1,1,100,0,0,0,3,1,1,0.1,3000,0,0,0,0,0,0,0,0,0,0,0,0,0,0,0,0,0,0,0,0,0,0,0,0,0,0,0,0,0,0,0,0,0,0,0,0,0,0,0,0,0,0,0,0,0,0,0,0,0,0,0
1989,239,8,0,5.309,2,8,0,-1,1,0,1,1,25,0,0,0,1028,0,0,0,0,0,1,1,0,0,0,322.2881249,0,0,0,0,3,1,1,1,100,0,0,0,3,1,1,0.1,3000,0,0,0,0,0,0,0,0,0,0,0,0,0,0,0,0,0,0,0,0,0,0,0,0,0,0,0,0,0,0,0,0,0,0,0,0,0,0,0,0,0,0,0,0,0,0,0,0,0,0,0
1989,239,8,1,18.389,2,8,0,-1,0,0,1,1,25,0,0,0,1028,0,0,0,0,0,1,1,0,0,0,322.410304,0,0,0,0,3,1,1,1,100,0,0,0,3,1,1,0.1,3000,0,0,0,0,0,0,0,0,0,0,0,0,0,0,0,0,0,0,0,0,0,0,0,0,0,0,0,0,0,0,0,0,0,0,0,0,0,0,0,0,0,0,0,0,0,0,0,0,0,0,0
1989,239,8,1,41.309,2,8,0,-1,1,0,1,1,25,0,0,0,1028,0,0,0,0,0,1,1,0,0,0,322.4486229,0,0,0,0,3,1,1,1,100,0,0,0,3,1,1,0.1,3000,0,0,0,0,0,0,0,0,0,0,0,0,0,0,0,0,0,0,0,0,0,0,0,0,0,0,0,0,0,0,0,0,0,0,0,0,0,0,0,0,0,0,0,0,0,0,0,0,0,0,0
1989,239,8,2,54.389,2,8,0,-1,0,0,1,1,25,0,0,0,1028,0,0,0,0,0,1,1,0,0,0,322.5708016,0,0,0,0,3,1,1,1,100,0,0,0,3,1,1,0.1,3000,0,0,0,0,0,0,0,0,0,0,0,0,0,0,0,0,0,0,0,0,0,0,0,0,0,0,0,0,0,0,0,0,0,0,0,0,0,0,0,0,0,0,0,0,0,0,0,0,0,0,0
1989,239,8,3,17.309,2,8,0,-1,1,0,1,1,25,0,0,0,1028,0,0,0,0,0,1,1,0,0,0,322.6091203,0,0,0,0,3,1,1,1,100,0,0,0,3,1,1,0.1,3000,0,0,0,0,0,0,0,0,0,0,0,0,0,0,0,0,0,0,0,0,0,0,0,0,0,0,0,0,0,0,0,0,0,0,0,0,0,0,0,0,0,0,0,0,0,0,0,0,0,0,0
1989,239,8,6,54.389,2,8,0,-1,0,0,1,1,25,0,0,0,1028,0,0,0,0,0,1,1,0,0,0,322.9720428,0,0,0,0,3,1,1,1,100,0,0,0,3,1,1,0.1,3000,0,0,0,0,0,0,0,0,0,0,0,0,0,0,0,0,0,0,0,0,0,0,0,0,0,0,0,0,0,0,0,0,0,0,0,0,0,0,0,0,0,0,0,0,0,0,0,0,0,0,0
1989,239,8,7,17.309,2,8,0,-1,1,0,1,1,25,0,0,0,1028,0,0,0,0,0,1,1,0,0,0,323.0103611,0,0,0,0,3,1,1,1,100,0,0,0,3,1,1,0.1,3000,0,0,0,0,0,0,0,0,0,0,0,0,0,0,0,0,0,0,0,0,0,0,0,0,0,0,0,0,0,0,0,0,0,0,0,0,0,0,0,0,0,0,0,0,0,0,0,0,0,0,0
1989,239,8,8,30.388,2,8,0,-1,0,0,1,1,25,0,0,0,1028,0,0,0,0,0,1,1,0,0,0,323.1325373,0,0,0,0,3,1,1,1,100,0,0,0,3,1,1,0.1,3000,0,0,0,0,0,0,0,0,0,0,0,0,0,0,0,0,0,0,0,0,0,0,0,0,0,0,0,0,0,0,0,0,0,0,0,0,0,0,0,0,0,0,0,0,0,0,0,0,0,0,0
1989,239,8,8,53.308,2,8,0,-1,1,0,1,1,25,0,0,0,1028,0,0,0,0,0,1,1,0,0,0,323.1708555,0,0,0,0,3,1,1,1,100,0,0,0,3,1,1,0.1,3000,0,0,0,0,0,0,0,0,0,0,0,0,0,0,0,0,0,0,0,0,0,0,0,0,0,0,0,0,0,0,0,0,0,0,0,0,0,0,0,0,0,0,0,0,0,0,0,0,0,0,0
1989,239,8,10,6.388,2,8,0,-1,0,0,1,1,25,0,0,0,1028,0,0,0,0,0,1,1,0,0,0,323.2930313,0,0,0,0,3,1,1,1,100,0,0,0,3,1,1,0.1,3000,0,0,0,0,0,0,0,0,0,0,0,0,0,0,0,0,0,0,0,0,0,0,0,0,0,0,0,0,0,0,0,0,0,0,0,0,0,0,0,0,0,0,0,0,0,0,0,0,0,0,0
1989,239,8,10,29.308,2,8,0,-1,1,0,1,1,25,0,0,0,1028,0,0,0,0,0,1,1,0,0,0,323.3313494,0,0,0,0,3,1,1,1,100,0,0,0,3,1,1,0.1,3000,0,0,0,0,0,0,0,0,0,0,0,0,0,0,0,0,0,0,0,0,0,0,0,0,0,0,0,0,0,0,0,0,0,0,0,0,0,0,0,0,0,0,0,0,0,0,0,0,0,0,0
1989,239,8,11,42.388,2,8,0,-1,0,0,1,1,25,0,0,0,1028,0,0,0,0,0,1,1,0,0,0,323.4535256,0,0,0,0,3,1,1,1,100,0,0,0,3,1,1,0.1,3000,0,0,0,0,0,0,0,0,0,0,0,0,0,0,0,0,0,0,0,0,0,0,0,0,0,0,0,0,0,0,0,0,0,0,0,0,0,0,0,0,0,0,0,0,0,0,0,0,0,0,0
1989,239,8,12,5.308,2,8,0,-1,1,0,1,1,25,0,0,0,1028,0,0,0,0,0,1,1,0,0,0,323.4918435,0,0,0,0,3,1,1,1,100,0,0,0,3,1,1,0.1,3000,0,0,0,0,0,0,0,0,0,0,0,0,0,0,0,0,0,0,0,0,0,0,0,0,0,0,0,0,0,0,0,0,0,0,0,0,0,0,0,0,0,0,0,0,0,0,0,0,0,0,0
1989,239,8,13,18.388,2,8,0,-1,0,0,1,1,25,0,0,0,1028,0,0,0,0,0,1,1,0,0,0,323.6140192,0,0,0,0,3,1,1,1,100,0,0,0,3,1,1,0.1,3000,0,0,0,0,0,0,0,0,0,0,0,0,0,0,0,0,0,0,0,0,0,0,0,0,0,0,0,0,0,0,0,0,0,0,0,0,0,0,0,0,0,0,0,0,0,0,0,0,0,0,0
1989,239,8,13,41.308,2,8,0,-1,1,0,1,1,25,0,0,0,1028,0,0,0,0,0,1,1,0,0,0,323.652337,0,0,0,0,3,1,1,1,100,0,0,0,3,1,1,0.1,3000,0,0,0,0,0,0,0,0,0,0,0,0,0,0,0,0,0,0,0,0,0,0,0,0,0,0,0,0,0,0,0,0,0,0,0,0,0,0,0,0,0,0,0,0,0,0,0,0,0,0,0
1989,239,8,14,54.388,2,8,0,-1,0,0,1,1,25,0,0,0,1028,0,0,0,0,0,1,1,0,0,0,323.7745123,0,0,0,0,3,1,1,1,100,0,0,0,3,1,1,0.1,3000,0,0,0,0,0,0,0,0,0,0,0,0,0,0,0,0,0,0,0,0,0,0,0,0,0,0,0,0,0,0,0,0,0,0,0,0,0,0,0,0,0,0,0,0,0,0,0,0,0,0,0
1989,239,8,15,17.308,2,8,0,-1,1,0,1,1,25,0,0,0,1028,0,0,0,0,0,1,1,0,0,0,323.8128299,0,0,0,0,3,1,1,1,100,0,0,0,3,1,1,0.1,3000,0,0,0,0,0,0,0,0,0,0,0,0,0,0,0,0,0,0,0,0,0,0,0,0,0,0,0,0,0,0,0,0,0,0,0,0,0,0,0,0,0,0,0,0,0,0,0,0,0,0,0
1989,239,8,18,54.388,2,8,0,-1,0,0,1,1,25,0,0,0,1028,0,0,0,0,0,1,1,0,0,0,324.1757423,0,0,0,0,3,1,1,1,100,0,0,0,3,1,1,0.1,3000,0,0,0,0,0,0,0,0,0,0,0,0,0,0,0,0,0,0,0,0,0,0,0,0,0,0,0,0,0,0,0,0,0,0,0,0,0,0,0,0,0,0,0,0,0,0,0,0,0,0,0
1989,239,8,19,17.308,2,8,0,-1,1,0,1,1,25,0,0,0,1028,0,0,0,0,0,1,1,0,0,0,324.2140595,0,0,0,0,3,1,1,1,100,0,0,0,3,1,1,0.1,3000,0,0,0,0,0,0,0,0,0,0,0,0,0,0,0,0,0,0,0,0,0,0,0,0,0,0,0,0,0,0,0,0,0,0,0,0,0,0,0,0,0,0,0,0,0,0,0,0,0,0,0
1989,239,8,20,30.388,2,8,0,-1,0,0,1,1,25,0,0,0,1028,0,0,0,0,0,1,1,0,0,0,324.3362332,0,0,0,0,3,1,1,1,100,0,0,0,3,1,1,0.1,3000,0,0,0,0,0,0,0,0,0,0,0,0,0,0,0,0,0,0,0,0,0,0,0,0,0,0,0,0,0,0,0,0,0,0,0,0,0,0,0,0,0,0,0,0,0,0,0,0,0,0,0
1989,239,8,20,53.308,2,8,0,-1,1,0,1,1,25,0,0,0,1028,0,0,0,0,0,1,1,0,0,0,324.3745504,0,0,0,0,3,1,1,1,100,0,0,0,3,1,1,0.1,3000,0,0,0,0,0,0,0,0,0,0,0,0,0,0,0,0,0,0,0,0,0,0,0,0,0,0,0,0,0,0,0,0,0,0,0,0,0,0,0,0,0,0,0,0,0,0,0,0,0,0,0
1989,239,8,22,6.387,2,8,0,-1,0,0,1,1,25,0,0,0,1028,0,0,0,0,0,1,1,0,0,0,324.4967219,0,0,0,0,3,1,1,1,100,0,0,0,3,1,1,0.1,3000,0,0,0,0,0,0,0,0,0,0,0,0,0,0,0,0,0,0,0,0,0,0,0,0,0,0,0,0,0,0,0,0,0,0,0,0,0,0,0,0,0,0,0,0,0,0,0,0,0,0,0
1989,239,8,22,29.307,2,8,0,-1,1,0,1,1,25,0,0,0,1028,0,0,0,0,0,1,1,0,0,0,324.5350381,0,0,0,0,3,1,1,1,100,0,0,0,3,1,1,0.1,3000,0,0,0,0,0,0,0,0,0,0,0,0,0,0,0,0,0,0,0,0,0,0,0,0,0,0,0,0,0,0,0,0,0,0,0,0,0,0,0,0,0,0,0,0,0,0,0,0,0,0,0
1989,239,8,23,42.387,2,8,0,-1,0,0,1,1,25,0,0,0,1028,0,0,0,0,0,1,1,0,0,0,324.6572109,0,0,0,0,3,1,1,1,100,0,0,0,3,1,1,0.1,3000,0,0,0,0,0,0,0,0,0,0,0,0,0,0,0,0,0,0,0,0,0,0,0,0,0,0,0,0,0,0,0,0,0,0,0,0,0,0,0,0,0,0,0,0,0,0,0,0,0,0,0
1989,239,8,24,5.307,2,8,0,-1,1,0,1,1,25,0,0,0,1028,0,0,0,0,0,1,1,0,0,0,324.6955286,0,0,0,0,3,1,1,1,100,0,0,0,3,1,1,0.1,3000,0,0,0,0,0,0,0,0,0,0,0,0,0,0,0,0,0,0,0,0,0,0,0,0,0,0,0,0,0,0,0,0,0,0,0,0,0,0,0,0,0,0,0,0,0,0,0,0,0,0,0
1989,239,8,25,18.387,2,8,0,-1,0,0,1,1,25,0,0,0,1028,0,0,0,0,0,1,1,0,0,0,324.8177009,0,0,0,0,3,1,1,1,100,0,0,0,3,1,1,0.1,3000,0,0,0,0,0,0,0,0,0,0,0,0,0,0,0,0,0,0,0,0,0,0,0,0,0,0,0,0,0,0,0,0,0,0,0,0,0,0,0,0,0,0,0,0,0,0,0,0,0,0,0
1989,239,8,25,41.306,2,8,0,-1,1,0,1,1,25,0,0,0,1028,0,0,0,0,0,1,1,0,0,0,324.8560159,0,0,0,0,3,1,1,1,100,0,0,0,3,1,1,0.1,3000,0,0,0,0,0,0,0,0,0,0,0,0,0,0,0,0,0,0,0,0,0,0,0,0,0,0,0,0,0,0,0,0,0,0,0,0,0,0,0,0,0,0,0,0,0,0,0,0,0,0,0
1989,239,8,26,54.387,2,8,0,-1,0,0,1,1,25,0,0,0,1028,0,0,0,0,0,1,1,0,0,0,324.9781895,0,0,0,0,3,1,1,1,100,0,0,0,3,1,1,0.1,3000,0,0,0,0,0,0,0,0,0,0,0,0,0,0,0,0,0,0,0,0,0,0,0,0,0,0,0,0,0,0,0,0,0,0,0,0,0,0,0,0,0,0,0,0,0,0,0,0,0,0,0
1989,239,8,27,17.307,2,8,0,-1,1,0,1,1,25,0,0,0,1028,0,0,0,0,0,1,1,0,0,0,325.0165061,0,0,0,0,3,1,1,1,100,0,0,0,3,1,1,0.1,3000,0,0,0,0,0,0,0,0,0,0,0,0,0,0,0,0,0,0,0,0,0,0,0,0,0,0,0,0,0,0,0,0,0,0,0,0,0,0,0,0,0,0,0,0,0,0,0,0,0,0,0
1989,239,8,30,54.387,2,8,0,-1,0,0,1,1,25,0,0,0,1028,0,0,0,0,0,1,1,0,0,0,325.3794084,0,0,0,0,3,1,1,1,100,0,0,0,3,1,1,0.1,3000,0,0,0,0,0,0,0,0,0,0,0,0,0,0,0,0,0,0,0,0,0,0,0,0,0,0,0,0,0,0,0,0,0,0,0,0,0,0,0,0,0,0,0,0,0,0,0,0,0,0,0
1989,239,8,31,17.307,2,8,0,-1,1,0,1,1,25,0,0,0,1028,0,0,0,0,0,1,1,0,0,0,325.4177246,0,0,0,0,3,1,1,1,100,0,0,0,3,1,1,0.1,3000,0,0,0,0,0,0,0,0,0,0,0,0,0,0,0,0,0,0,0,0,0,0,0,0,0,0,0,0,0,0,0,0,0,0,0,0,0,0,0,0,0,0,0,0,0,0,0,0,0,0,0
1989,239,8,32,30.387,2,8,0,-1,0,0,1,1,25,0,0,0,1028,0,0,0,0,0,1,1,0,0,0,325.5398941,0,0,0,0,3,1,1,1,100,0,0,0,3,1,1,0.1,3000,0,0,0,0,0,0,0,0,0,0,0,0,0,0,0,0,0,0,0,0,0,0,0,0,0,0,0,0,0,0,0,0,0,0,0,0,0,0,0,0,0,0,0,0,0,0,0,0,0,0,0
1989,239,8,32,53.307,2,8,0,-1,1,0,1,1,25,0,0,0,1028,0,0,0,0,0,1,1,0,0,0,325.5782102,0,0,0,0,3,1,1,1,100,0,0,0,3,1,1,0.1,3000,0,0,0,0,0,0,0,0,0,0,0,0,0,0,0,0,0,0,0,0,0,0,0,0,0,0,0,0,0,0,0,0,0,0,0,0,0,0,0,0,0,0,0,0,0,0,0,0,0,0,0
1989,239,8,34,6.387,2,8,0,-1,0,0,1,1,25,0,0,0,1028,0,0,0,0,0,1,1,0,0,0,325.7003809,0,0,0,0,3,1,1,1,100,0,0,0,3,1,1,0.1,3000,0,0,0,0,0,0,0,0,0,0,0,0,0,0,0,0,0,0,0,0,0,0,0,0,0,0,0,0,0,0,0,0,0,0,0,0,0,0,0,0,0,0,0,0,0,0,0,0,0,0,0
1989,239,8,34,29.307,2,8,0,-1,1,0,1,1,25,0,0,0,1028,0,0,0,0,0,1,1,0,0,0,325.738696,0,0,0,0,3,1,1,1,100,0,0,0,3,1,1,0.1,3000,0,0,0,0,0,0,0,0,0,0,0,0,0,0,0,0,0,0,0,0,0,0,0,0,0,0,0,0,0,0,0,0,0,0,0,0,0,0,0,0,0,0,0,0,0,0,0,0,0,0,0
1989,239,8,35,42.386,2,8,0,-1,0,0,1,1,25,0,0,0,1028,0,0,0,0,0,1,1,0,0,0,325.8608646,0,0,0,0,3,1,1,1,100,0,0,0,3,1,1,0.1,3000,0,0,0,0,0,0,0,0,0,0,0,0,0,0,0,0,0,0,0,0,0,0,0,0,0,0,0,0,0,0,0,0,0,0,0,0,0,0,0,0,0,0,0,0,0,0,0,0,0,0,0
1989,239,8,36,5.306,2,8,0,-1,1,0,1,1,25,0,0,0,1028,0,0,0,0,0,1,1,0,0,0,325.8991804,0,0,0,0,3,1,1,1,100,0,0,0,3,1,1,0.1,3000,0,0,0,0,0,0,0,0,0,0,0,0,0,0,0,0,0,0,0,0,0,0,0,0,0,0,0,0,0,0,0,0,0,0,0,0,0,0,0,0,0,0,0,0,0,0,0,0,0,0,0
1989,239,8,37,18.386,2,8,0,-1,0,0,1,1,25,0,0,0,1028,0,0,0,0,0,1,1,0,0,0,326.0213493,0,0,0,0,3,1,1,1,100,0,0,0,3,1,1,0.1,3000,0,0,0,0,0,0,0,0,0,0,0,0,0,0,0,0,0,0,0,0,0,0,0,0,0,0,0,0,0,0,0,0,0,0,0,0,0,0,0,0,0,0,0,0,0,0,0,0,0,0,0
1989,239,8,37,41.305,2,8,0,-1,1,0,1,1,25,0,0,0,1028,0,0,0,0,0,1,1,0,0,0,326.0596633,0,0,0,0,3,1,1,1,100,0,0,0,3,1,1,0.1,3000,0,0,0,0,0,0,0,0,0,0,0,0,0,0,0,0,0,0,0,0,0,0,0,0,0,0,0,0,0,0,0,0,0,0,0,0,0,0,0,0,0,0,0,0,0,0,0,0,0,0,0
1989,239,8,38,54.386,2,8,0,-1,0,0,1,1,25,0,0,0,1028,0,0,0,0,0,1,1,0,0,0,326.1818335,0,0,0,0,3,1,1,1,100,0,0,0,3,1,1,0.1,3000,0,0,0,0,0,0,0,0,0,0,0,0,0,0,0,0,0,0,0,0,0,0,0,0,0,0,0,0,0,0,0,0,0,0,0,0,0,0,0,0,0,0,0,0,0,0,0,0,0,0,0
1989,239,8,39,17.306,2,8,0,-1,1,0,1,1,25,0,0,0,1028,0,0,0,0,0,1,1,0,0,0,326.220149,0,0,0,0,3,1,1,1,100,0,0,0,3,1,1,0.1,3000,0,0,0,0,0,0,0,0,0,0,0,0,0,0,0,0,0,0,0,0,0,0,0,0,0,0,0,0,0,0,0,0,0,0,0,0,0,0,0,0,0,0,0,0,0,0,0,0,0,0,0
1989,239,8,42,54.386,2,8,0,-1,0,0,1,1,25,0,0,0,1028,0,0,0,0,0,1,1,0,0,0,326.5830414,0,0,0,0,3,1,1,1,100,0,0,0,3,1,1,0.1,3000,0,0,0,0,0,0,0,0,0,0,0,0,0,0,0,0,0,0,0,0,0,0,0,0,0,0,0,0,0,0,0,0,0,0,0,0,0,0,0,0,0,0,0,0,0,0,0,0,0,0,0
1989,239,8,43,17.306,2,8,0,-1,1,0,1,1,25,0,0,0,1028,0,0,0,0,0,1,1,0,0,0,326.6213566,0,0,0,0,3,1,1,1,100,0,0,0,3,1,1,0.1,3000,0,0,0,0,0,0,0,0,0,0,0,0,0,0,0,0,0,0,0,0,0,0,0,0,0,0,0,0,0,0,0,0,0,0,0,0,0,0,0,0,0,0,0,0,0,0,0,0,0,0,0
1989,239,8,44,30.386,2,8,0,-1,0,0,1,1,25,0,0,0,1028,0,0,0,0,0,1,1,0,0,0,326.7435235,0,0,0,0,3,1,1,1,100,0,0,0,3,1,1,0.1,3000,0,0,0,0,0,0,0,0,0,0,0,0,0,0,0,0,0,0,0,0,0,0,0,0,0,0,0,0,0,0,0,0,0,0,0,0,0,0,0,0,0,0,0,0,0,0,0,0,0,0,0
1989,239,8,44,53.305,2,8,0,-1,1,0,1,1,25,0,0,0,1028,0,0,0,0,0,1,1,0,0,0,326.7818377,0,0,0,0,3,1,1,1,100,0,0,0,3,1,1,0.1,3000,0,0,0,0,0,0,0,0,0,0,0,0,0,0,0,0,0,0,0,0,0,0,0,0,0,0,0,0,0,0,0,0,0,0,0,0,0,0,0,0,0,0,0,0,0,0,0,0,0,0,0
1989,239,8,46,6.386,2,8,0,-1,0,0,1,1,25,0,0,0,1028,0,0,0,0,0,1,1,0,0,0,326.9040051,0,0,0,0,3,1,1,1,100,0,0,0,3,1,1,0.1,3000,0,0,0,0,0,0,0,0,0,0,0,0,0,0,0,0,0,0,0,0,0,0,0,0,0,0,0,0,0,0,0,0,0,0,0,0,0,0,0,0,0,0,0,0,0,0,0,0,0,0,0
1989,239,8,46,29.305,2,8,0,-1,1,0,1,1,25,0,0,0,1028,0,0,0,0,0,1,1,0,0,0,326.9423191,0,0,0,0,3,1,1,1,100,0,0,0,3,1,1,0.1,3000,0,0,0,0,0,0,0,0,0,0,0,0,0,0,0,0,0,0,0,0,0,0,0,0,0,0,0,0,0,0,0,0,0,0,0,0,0,0,0,0,0,0,0,0,0,0,0,0,0,0,0
1989,239,8,47,42.386,2,8,0,-1,0,0,1,1,25,0,0,0,1028,0,0,0,0,0,1,1,0,0,0,327.0644852,0,0,0,0,3,1,1,1,100,0,0,0,3,1,1,0.1,3000,0,0,0,0,0,0,0,0,0,0,0,0,0,0,0,0,0,0,0,0,0,0,0,0,0,0,0,0,0,0,0,0,0,0,0,0,0,0,0,0,0,0,0,0,0,0,0,0,0,0,0
1989,239,8,48,5.305,2,8,0,-1,1,0,1,1,25,0,0,0,1028,0,0,0,0,0,1,1,0,0,0,327.1028,0,0,0,0,3,1,1,1,100,0,0,0,3,1,1,0.1,3000,0,0,0,0,0,0,0,0,0,0,0,0,0,0,0,0,0,0,0,0,0,0,0,0,0,0,0,0,0,0,0,0,0,0,0,0,0,0,0,0,0,0,0,0,0,0,0,0,0,0,0
1989,239,8,49,18.385,2,8,0,-1,0,0,1,1,25,0,0,0,1028,0,0,0,0,0,1,1,0,0,0,327.2249648,0,0,0,0,3,1,1,1,100,0,0,0,3,1,1,0.1,3000,0,0,0,0,0,0,0,0,0,0,0,0,0,0,0,0,0,0,0,0,0,0,0,0,0,0,0,0,0,0,0,0,0,0,0,0,0,0,0,0,0,0,0,0,0,0,0,0,0,0,0
1989,239,8,49,41.304,2,8,0,-1,1,0,1,1,25,0,0,0,1028,0,0,0,0,0,1,1,0,0,0,327.2632777,0,0,0,0,3,1,1,1,100,0,0,0,3,1,1,0.1,3000,0,0,0,0,0,0,0,0,0,0,0,0,0,0,0,0,0,0,0,0,0,0,0,0,0,0,0,0,0,0,0,0,0,0,0,0,0,0,0,0,0,0,0,0,0,0,0,0,0,0,0
1989,239,8,50,54.385,2,8,0,-1,0,0,1,1,25,0,0,0,1028,0,0,0,0,0,1,1,0,0,0,327.3854446,0,0,0,0,3,1,1,1,100,0,0,0,3,1,1,0.1,3000,0,0,0,0,0,0,0,0,0,0,0,0,0,0,0,0,0,0,0,0,0,0,0,0,0,0,0,0,0,0,0,0,0,0,0,0,0,0,0,0,0,0,0,0,0,0,0,0,0,0,0
1989,239,8,51,17.304,2,8,0,-1,1,0,1,1,25,0,0,0,1028,0,0,0,0,0,1,1,0,0,0,327.4237582,0,0,0,0,3,1,1,1,100,0,0,0,3,1,1,0.1,3000,0,0,0,0,0,0,0,0,0,0,0,0,0,0,0,0,0,0,0,0,0,0,0,0,0,0,0,0,0,0,0,0,0,0,0,0,0,0,0,0,0,0,0,0,0,0,0,0,0,0,0
1989,239,8,54,54.385,2,8,0,-1,0,0,1,1,25,0,0,0,1028,0,0,0,0,0,1,1,0,0,0,327.7866415,0,0,0,0,3,1,1,1,100,0,0,0,3,1,1,0.1,3000,0,0,0,0,0,0,0,0,0,0,0,0,0,0,0,0,0,0,0,0,0,0,0,0,0,0,0,0,0,0,0,0,0,0,0,0,0,0,0,0,0,0,0,0,0,0,0,0,0,0,0
1989,239,8,55,17.305,2,8,0,-1,1,0,1,1,25,0,0,0,1028,0,0,0,0,0,1,1,0,0,0,327.8249548,0,0,0,0,3,1,1,1,100,0,0,0,3,1,1,0.1,3000,0,0,0,0,0,0,0,0,0,0,0,0,0,0,0,0,0,0,0,0,0,0,0,0,0,0,0,0,0,0,0,0,0,0,0,0,0,0,0,0,0,0,0,0,0,0,0,0,0,0,0
1989,239,8,56,30.385,2,8,0,-1,0,0,1,1,25,0,0,0,1028,0,0,0,0,0,1,1,0,0,0,327.9471193,0,0,0,0,3,1,1,1,100,0,0,0,3,1,1,0.1,3000,0,0,0,0,0,0,0,0,0,0,0,0,0,0,0,0,0,0,0,0,0,0,0,0,0,0,0,0,0,0,0,0,0,0,0,0,0,0,0,0,0,0,0,0,0,0,0,0,0,0,0
1989,239,8,56,53.304,2,8,0,-1,1,0,1,1,25,0,0,0,1028,0,0,0,0,0,1,1,0,0,0,327.9854324,0,0,0,0,3,1,1,1,100,0,0,0,3,1,1,0.1,3000,0,0,0,0,0,0,0,0,0,0,0,0,0,0,0,0,0,0,0,0,0,0,0,0,0,0,0,0,0,0,0,0,0,0,0,0,0,0,0,0,0,0,0,0,0,0,0,0,0,0,0
1989,239,8,58,6.385,2,8,0,-1,0,0,1,1,25,0,0,0,1028,0,0,0,0,0,1,1,0,0,0,328.1075965,0,0,0,0,3,1,1,1,100,0,0,0,3,1,1,0.1,3000,0,0,0,0,0,0,0,0,0,0,0,0,0,0,0,0,0,0,0,0,0,0,0,0,0,0,0,0,0,0,0,0,0,0,0,0,0,0,0,0,0,0,0,0,0,0,0,0,0,0,0
1989,239,8,58,29.304,2,8,0,-1,1,0,1,1,25,0,0,0,1028,0,0,0,0,0,1,1,0,0,0,328.1459087,0,0,0,0,3,1,1,1,100,0,0,0,3,1,1,0.1,3000,0,0,0,0,0,0,0,0,0,0,0,0,0,0,0,0,0,0,0,0,0,0,0,0,0,0,0,0,0,0,0,0,0,0,0,0,0,0,0,0,0,0,0,0,0,0,0,0,0,0,0
1989,239,8,59,42.385,2,8,0,-1,0,0,1,1,25,0,0,0,1028,0,0,0,0,0,1,1,0,0,0,328.2680731,0,0,0,0,3,1,1,1,100,0,0,0,3,1,1,0.1,3000,0,0,0,0,0,0,0,0,0,0,0,0,0,0,0,0,0,0,0,0,0,0,0,0,0,0,0,0,0,0,0,0,0,0,0,0,0,0,0,0,0,0,0,0,0,0,0,0,0,0,0
1989,239,9,0,5.305,2,8,0,-1,1,0,1,1,25,0,0,0,1028,0,0,0,0,0,1,1,0,0,0,328.3063868,0,0,0,0,3,1,1,1,100,0,0,0,3,1,1,0.1,3000,0,0,0,0,0,0,0,0,0,0,0,0,0,0,0,0,0,0,0,0,0,0,0,0,0,0,0,0,0,0,0,0,0,0,0,0,0,0,0,0,0,0,0,0,0,0,0,0,0,0,0
1989,239,9,1,18.384,2,8,0,-1,0,0,1,1,25,0,0,0,1028,0,0,0,0,0,1,1,0,0,0,328.4285475,0,0,0,0,3,1,1,1,100,0,0,0,3,1,1,0.1,3000,0,0,0,0,0,0,0,0,0,0,0,0,0,0,0,0,0,0,0,0,0,0,0,0,0,0,0,0,0,0,0,0,0,0,0,0,0,0,0,0,0,0,0,0,0,0,0,0,0,0,0
1989,239,9,1,41.303,2,8,0,-1,1,0,1,1,25,0,0,0,1028,0,0,0,0,0,1,1,0,0,0,328.4668593,0,0,0,0,3,1,1,1,100,0,0,0,3,1,1,0.1,3000,0,0,0,0,0,0,0,0,0,0,0,0,0,0,0,0,0,0,0,0,0,0,0,0,0,0,0,0,0,0,0,0,0,0,0,0,0,0,0,0,0,0,0,0,0,0,0,0,0,0,0
1989,239,9,2,54.384,2,8,0,-1,0,0,1,1,25,0,0,0,1028,0,0,0,0,0,1,1,0,0,0,328.5890229,0,0,0,0,3,1,1,1,100,0,0,0,3,1,1,0.1,3000,0,0,0,0,0,0,0,0,0,0,0,0,0,0,0,0,0,0,0,0,0,0,0,0,0,0,0,0,0,0,0,0,0,0,0,0,0,0,0,0,0,0,0,0,0,0,0,0,0,0,0
1989,239,9,3,17.303,2,8,0,-1,1,0,1,1,25,0,0,0,1028,0,0,0,0,0,1,1,0,0,0,328.6273355,0,0,0,0,3,1,1,1,100,0,0,0,3,1,1,0.1,3000,0,0,0,0,0,0,0,0,0,0,0,0,0,0,0,0,0,0,0,0,0,0,0,0,0,0,0,0,0,0,0,0,0,0,0,0,0,0,0,0,0,0,0,0,0,0,0,0,0,0,0
1989,239,9,6,54.384,2,8,0,-1,0,0,1,1,25,0,0,0,1028,0,0,0,0,0,1,1,0,0,0,328.990209,0,0,0,0,3,1,1,1,100,0,0,0,3,1,1,0.1,3000,0,0,0,0,0,0,0,0,0,0,0,0,0,0,0,0,0,0,0,0,0,0,0,0,0,0,0,0,0,0,0,0,0,0,0,0,0,0,0,0,0,0,0,0,0,0,0,0,0,0,0
1989,239,9,7,17.303,2,8,0,-1,1,0,1,1,25,0,0,0,1028,0,0,0,0,0,1,1,0,0,0,329.0285213,0,0,0,0,3,1,1,1,100,0,0,0,3,1,1,0.1,3000,0,0,0,0,0,0,0,0,0,0,0,0,0,0,0,0,0,0,0,0,0,0,0,0,0,0,0,0,0,0,0,0,0,0,0,0,0,0,0,0,0,0,0,0,0,0,0,0,0,0,0
1989,239,9,8,30.384,2,8,0,-1,0,0,1,1,25,0,0,0,1028,0,0,0,0,0,1,1,0,0,0,329.1506824,0,0,0,0,3,1,1,1,100,0,0,0,3,1,1,0.1,3000,0,0,0,0,0,0,0,0,0,0,0,0,0,0,0,0,0,0,0,0,0,0,0,0,0,0,0,0,0,0,0,0,0,0,0,0,0,0,0,0,0,0,0,0,0,0,0,0,0,0,0
1989,239,9,8,53.303,2,8,0,-1,1,0,1,1,25,0,0,0,1028,0,0,0,0,0,1,1,0,0,0,329.1889946,0,0,0,0,3,1,1,1,100,0,0,0,3,1,1,0.1,3000,0,0,0,0,0,0,0,0,0,0,0,0,0,0,0,0,0,0,0,0,0,0,0,0,0,0,0,0,0,0,0,0,0,0,0,0,0,0,0,0,0,0,0,0,0,0,0,0,0,0,0
1989,239,9,10,6.384,2,8,0,-1,0,0,1,1,25,0,0,0,1028,0,0,0,0,0,1,1,0,0,0,329.3111553,0,0,0,0,3,1,1,1,100,0,0,0,3,1,1,0.1,3000,0,0,0,0,0,0,0,0,0,0,0,0,0,0,0,0,0,0,0,0,0,0,0,0,0,0,0,0,0,0,0,0,0,0,0,0,0,0,0,0,0,0,0,0,0,0,0,0,0,0,0
1989,239,9,10,29.303,2,8,0,-1,1,0,1,1,25,0,0,0,1028,0,0,0,0,0,1,1,0,0,0,329.3494664,0,0,0,0,3,1,1,1,100,0,0,0,3,1,1,0.1,3000,0,0,0,0,0,0,0,0,0,0,0,0,0,0,0,0,0,0,0,0,0,0,0,0,0,0,0,0,0,0,0,0,0,0,0,0,0,0,0,0,0,0,0,0,0,0,0,0,0,0,0
1989,239,9,11,42.384,2,8,0,-1,0,0,1,1,25,0,0,0,1028,0,0,0,0,0,1,1,0,0,0,329.4716276,0,0,0,0,3,1,1,1,100,0,0,0,3,1,1,0.1,3000,0,0,0,0,0,0,0,0,0,0,0,0,0,0,0,0,0,0,0,0,0,0,0,0,0,0,0,0,0,0,0,0,0,0,0,0,0,0,0,0,0,0,0,0,0,0,0,0,0,0,0
1989,239,9,12,5.304,2,8,0,-1,1,0,1,1,25,0,0,0,1028,0,0,0,0,0,1,1,0,0,0,329.5099403,0,0,0,0,3,1,1,1,100,0,0,0,3,1,1,0.1,3000,0,0,0,0,0,0,0,0,0,0,0,0,0,0,0,0,0,0,0,0,0,0,0,0,0,0,0,0,0,0,0,0,0,0,0,0,0,0,0,0,0,0,0,0,0,0,0,0,0,0,0
1989,239,9,13,18.383,2,8,0,-1,0,0,1,1,25,0,0,0,1028,0,0,0,0,0,1,1,0,0,0,329.6320985,0,0,0,0,3,1,1,1,100,0,0,0,3,1,1,0.1,3000,0,0,0,0,0,0,0,0,0,0,0,0,0,0,0,0,0,0,0,0,0,0,0,0,0,0,0,0,0,0,0,0,0,0,0,0,0,0,0,0,0,0,0,0,0,0,0,0,0,0,0
1989,239,9,13,41.303,2,8,0,-1,1,0,1,1,25,0,0,0,1028,0,0,0,0,0,1,1,0,0,0,329.6704093,0,0,0,0,3,1,1,1,100,0,0,0,3,1,1,0.1,3000,0,0,0,0,0,0,0,0,0,0,0,0,0,0,0,0,0,0,0,0,0,0,0,0,0,0,0,0,0,0,0,0,0,0,0,0,0,0,0,0,0,0,0,0,0,0,0,0,0,0,0
1989,239,9,14,54.383,2,8,0,-1,0,0,1,1,25,0,0,0,1028,0,0,0,0,0,1,1,0,0,0,329.7925688,0,0,0,0,3,1,1,1,100,0,0,0,3,1,1,0.1,3000,0,0,0,0,0,0,0,0,0,0,0,0,0,0,0,0,0,0,0,0,0,0,0,0,0,0,0,0,0,0,0,0,0,0,0,0,0,0,0,0,0,0,0,0,0,0,0,0,0,0,0
1989,239,9,15,17.303,2,8,0,-1,1,0,1,1,25,0,0,0,1028,0,0,0,0,0,1,1,0,0,0,329.8308812,0,0,0,0,3,1,1,1,100,0,0,0,3,1,1,0.1,3000,0,0,0,0,0,0,0,0,0,0,0,0,0,0,0,0,0,0,0,0,0,0,0,0,0,0,0,0,0,0,0,0,0,0,0,0,0,0,0,0,0,0,0,0,0,0,0,0,0,0,0
1989,239,9,18,54.383,2,8,0,-1,0,0,1,1,25,0,0,0,1028,0,0,0,0,0,1,1,0,0,0,330.1937441,0,0,0,0,3,1,1,1,100,0,0,0,3,1,1,0.1,3000,0,0,0,0,0,0,0,0,0,0,0,0,0,0,0,0,0,0,0,0,0,0,0,0,0,0,0,0,0,0,0,0,0,0,0,0,0,0,0,0,0,0,0,0,0,0,0,0,0,0,0
1989,239,9,19,17.303,2,8,0,-1,1,0,1,1,25,0,0,0,1028,0,0,0,0,0,1,1,0,0,0,330.2320561,0,0,0,0,3,1,1,1,100,0,0,0,3,1,1,0.1,3000,0,0,0,0,0,0,0,0,0,0,0,0,0,0,0,0,0,0,0,0,0,0,0,0,0,0,0,0,0,0,0,0,0,0,0,0,0,0,0,0,0,0,0,0,0,0,0,0,0,0,0
1989,239,9,20,30.383,2,8,0,-1,0,0,1,1,25,0,0,0,1028,0,0,0,0,0,1,1,0,0,0,330.3542132,0,0,0,0,3,1,1,1,100,0,0,0,3,1,1,0.1,3000,0,0,0,0,0,0,0,0,0,0,0,0,0,0,0,0,0,0,0,0,0,0,0,0,0,0,0,0,0,0,0,0,0,0,0,0,0,0,0,0,0,0,0,0,0,0,0,0,0,0,0
1989,239,9,20,53.303,2,8,0,-1,1,0,1,1,25,0,0,0,1028,0,0,0,0,0,1,1,0,0,0,330.3925243,0,0,0,0,3,1,1,1,100,0,0,0,3,1,1,0.1,3000,0,0,0,0,0,0,0,0,0,0,0,0,0,0,0,0,0,0,0,0,0,0,0,0,0,0,0,0,0,0,0,0,0,0,0,0,0,0,0,0,0,0,0,0,0,0,0,0,0,0,0
1989,239,9,22,6.383,2,8,0,-1,0,0,1,1,25,0,0,0,1028,0,0,0,0,0,1,1,0,0,0,330.5146818,0,0,0,0,3,1,1,1,100,0,0,0,3,1,1,0.1,3000,0,0,0,0,0,0,0,0,0,0,0,0,0,0,0,0,0,0,0,0,0,0,0,0,0,0,0,0,0,0,0,0,0,0,0,0,0,0,0,0,0,0,0,0,0,0,0,0,0,0,0
1989,239,9,22,29.303,2,8,0,-1,1,0,1,1,25,0,0,0,1028,0,0,0,0,0,1,1,0,0,0,330.5529927,0,0,0,0,3,1,1,1,100,0,0,0,3,1,1,0.1,3000,0,0,0,0,0,0,0,0,0,0,0,0,0,0,0,0,0,0,0,0,0,0,0,0,0,0,0,0,0,0,0,0,0,0,0,0,0,0,0,0,0,0,0,0,0,0,0,0,0,0,0
1989,239,9,23,42.383,2,8,0,-1,0,0,1,1,25,0,0,0,1028,0,0,0,0,0,1,1,0,0,0,330.6751498,0,0,0,0,3,1,1,1,100,0,0,0,3,1,1,0.1,3000,0,0,0,0,0,0,0,0,0,0,0,0,0,0,0,0,0,0,0,0,0,0,0,0,0,0,0,0,0,0,0,0,0,0,0,0,0,0,0,0,0,0,0,0,0,0,0,0,0,0,0
1989,239,9,24,5.303,2,8,0,-1,1,0,1,1,25,0,0,0,1028,0,0,0,0,0,1,1,0,0,0,330.7134614,0,0,0,0,3,1,1,1,100,0,0,0,3,1,1,0.1,3000,0,0,0,0,0,0,0,0,0,0,0,0,0,0,0,0,0,0,0,0,0,0,0,0,0,0,0,0,0,0,0,0,0,0,0,0,0,0,0,0,0,0,0,0,0,0,0,0,0,0,0
1989,239,9,25,18.383,2,8,0,-1,0,0,1,1,25,0,0,0,1028,0,0,0,0,0,1,1,0,0,0,330.8356172,0,0,0,0,3,1,1,1,100,0,0,0,3,1,1,0.1,3000,0,0,0,0,0,0,0,0,0,0,0,0,0,0,0,0,0,0,0,0,0,0,0,0,0,0,0,0,0,0,0,0,0,0,0,0,0,0,0,0,0,0,0,0,0,0,0,0,0,0,0
1989,239,9,25,41.302,2,8,0,-1,1,0,1,1,25,0,0,0,1028,0,0,0,0,0,1,1,0,0,0,330.873927,0,0,0,0,3,1,1,1,100,0,0,0,3,1,1,0.1,3000,0,0,0,0,0,0,0,0,0,0,0,0,0,0,0,0,0,0,0,0,0,0,0,0,0,0,0,0,0,0,0,0,0,0,0,0,0,0,0,0,0,0,0,0,0,0,0,0,0,0,0
1989,239,9,26,54.382,2,8,0,-1,0,0,1,1,25,0,0,0,1028,0,0,0,0,0,1,1,0,0,0,330.9960824,0,0,0,0,3,1,1,1,100,0,0,0,3,1,1,0.1,3000,0,0,0,0,0,0,0,0,0,0,0,0,0,0,0,0,0,0,0,0,0,0,0,0,0,0,0,0,0,0,0,0,0,0,0,0,0,0,0,0,0,0,0,0,0,0,0,0,0,0,0
1989,239,9,27,17.302,2,8,0,-1,1,0,1,1,25,0,0,0,1028,0,0,0,0,0,1,1,0,0,0,331.0343937,0,0,0,0,3,1,1,1,100,0,0,0,3,1,1,0.1,3000,0,0,0,0,0,0,0,0,0,0,0,0,0,0,0,0,0,0,0,0,0,0,0,0,0,0,0,0,0,0,0,0,0,0,0,0,0,0,0,0,0,0,0,0,0,0,0,0,0,0,0
1989,239,9,30,54.382,2,8,0,-1,0,0,1,1,25,0,0,0,1028,0,0,0,0,0,1,1,0,0,0,331.397247,0,0,0,0,3,1,1,1,100,0,0,0,3,1,1,0.1,3000,0,0,0,0,0,0,0,0,0,0,0,0,0,0,0,0,0,0,0,0,0,0,0,0,0,0,0,0,0,0,0,0,0,0,0,0,0,0,0,0,0,0,0,0,0,0,0,0,0,0,0
1989,239,9,31,17.302,2,8,0,-1,1,0,1,1,25,0,0,0,1028,0,0,0,0,0,1,1,0,0,0,331.435558,0,0,0,0,3,1,1,1,100,0,0,0,3,1,1,0.1,3000,0,0,0,0,0,0,0,0,0,0,0,0,0,0,0,0,0,0,0,0,0,0,0,0,0,0,0,0,0,0,0,0,0,0,0,0,0,0,0,0,0,0,0,0,0,0,0,0,0,0,0
1989,239,9,32,30.382,2,8,0,-1,0,0,1,1,25,0,0,0,1028,0,0,0,0,0,1,1,0,0,0,331.5577119,0,0,0,0,3,1,1,1,100,0,0,0,3,1,1,0.1,3000,0,0,0,0,0,0,0,0,0,0,0,0,0,0,0,0,0,0,0,0,0,0,0,0,0,0,0,0,0,0,0,0,0,0,0,0,0,0,0,0,0,0,0,0,0,0,0,0,0,0,0
1989,239,9,32,53.302,2,8,0,-1,1,0,1,1,25,0,0,0,1028,0,0,0,0,0,1,1,0,0,0,331.5960219,0,0,0,0,3,1,1,1,100,0,0,0,3,1,1,0.1,3000,0,0,0,0,0,0,0,0,0,0,0,0,0,0,0,0,0,0,0,0,0,0,0,0,0,0,0,0,0,0,0,0,0,0,0,0,0,0,0,0,0,0,0,0,0,0,0,0,0,0,0
1989,239,9,34,6.382,2,8,0,-1,0,0,1,1,25,0,0,0,1028,0,0,0,0,0,1,1,0,0,0,331.7181761,0,0,0,0,3,1,1,1,100,0,0,0,3,1,1,0.1,3000,0,0,0,0,0,0,0,0,0,0,0,0,0,0,0,0,0,0,0,0,0,0,0,0,0,0,0,0,0,0,0,0,0,0,0,0,0,0,0,0,0,0,0,0,0,0,0,0,0,0,0
1989,239,9,34,29.301,2,8,0,-1,1,0,1,1,25,0,0,0,1028,0,0,0,0,0,1,1,0,0,0,331.7564861,0,0,0,0,3,1,1,1,100,0,0,0,3,1,1,0.1,3000,0,0,0,0,0,0,0,0,0,0,0,0,0,0,0,0,0,0,0,0,0,0,0,0,0,0,0,0,0,0,0,0,0,0,0,0,0,0,0,0,0,0,0,0,0,0,0,0,0,0,0
1989,239,9,35,42.382,2,8,0,-1,0,0,1,1,25,0,0,0,1028,0,0,0,0,0,1,1,0,0,0,331.8786399,0,0,0,0,3,1,1,1,100,0,0,0,3,1,1,0.1,3000,0,0,0,0,0,0,0,0,0,0,0,0,0,0,0,0,0,0,0,0,0,0,0,0,0,0,0,0,0,0,0,0,0,0,0,0,0,0,0,0,0,0,0,0,0,0,0,0,0,0,0
1989,239,9,36,5.302,2,8,0,-1,1,0,1,1,25,0,0,0,1028,0,0,0,0,0,1,1,0,0,0,331.9169505,0,0,0,0,3,1,1,1,100,0,0,0,3,1,1,0.1,3000,0,0,0,0,0,0,0,0,0,0,0,0,0,0,0,0,0,0,0,0,0,0,0,0,0,0,0,0,0,0,0,0,0,0,0,0,0,0,0,0,0,0,0,0,0,0,0,0,0,0,0
1989,239,9,37,18.382,2,8,0,-1,0,0,1,1,25,0,0,0,1028,0,0,0,0,0,1,1,0,0,0,332.039103,0,0,0,0,3,1,1,1,100,0,0,0,3,1,1,0.1,3000,0,0,0,0,0,0,0,0,0,0,0,0,0,0,0,0,0,0,0,0,0,0,0,0,0,0,0,0,0,0,0,0,0,0,0,0,0,0,0,0,0,0,0,0,0,0,0,0,0,0,0
1989,239,9,37,41.301,2,8,0,-1,1,0,1,1,25,0,0,0,1028,0,0,0,0,0,1,1,0,0,0,332.0774119,0,0,0,0,3,1,1,1,100,0,0,0,3,1,1,0.1,3000,0,0,0,0,0,0,0,0,0,0,0,0,0,0,0,0,0,0,0,0,0,0,0,0,0,0,0,0,0,0,0,0,0,0,0,0,0,0,0,0,0,0,0,0,0,0,0,0,0,0,0
1989,239,9,38,54.382,2,8,0,-1,0,0,1,1,25,0,0,0,1028,0,0,0,0,0,1,1,0,0,0,332.1995648,0,0,0,0,3,1,1,1,100,0,0,0,3,1,1,0.1,3000,0,0,0,0,0,0,0,0,0,0,0,0,0,0,0,0,0,0,0,0,0,0,0,0,0,0,0,0,0,0,0,0,0,0,0,0,0,0,0,0,0,0,0,0,0,0,0,0,0,0,0
1989,239,9,39,17.301,2,8,0,-1,1,0,1,1,25,0,0,0,1028,0,0,0,0,0,1,1,0,0,0,332.2378752,0,0,0,0,3,1,1,1,100,0,0,0,3,1,1,0.1,3000,0,0,0,0,0,0,0,0,0,0,0,0,0,0,0,0,0,0,0,0,0,0,0,0,0,0,0,0,0,0,0,0,0,0,0,0,0,0,0,0,0,0,0,0,0,0,0,0,0,0,0
1989,239,9,42,54.381,2,8,0,-1,0,0,1,1,25,0,0,0,1028,0,0,0,0,0,1,1,0,0,0,332.600718,0,0,0,0,3,1,1,1,100,0,0,0,3,1,1,0.1,3000,0,0,0,0,0,0,0,0,0,0,0,0,0,0,0,0,0,0,0,0,0,0,0,0,0,0,0,0,0,0,0,0,0,0,0,0,0,0,0,0,0,0,0,0,0,0,0,0,0,0,0
1989,239,9,43,17.301,2,8,0,-1,1,0,1,1,25,0,0,0,1028,0,0,0,0,0,1,1,0,0,0,332.639028,0,0,0,0,3,1,1,1,100,0,0,0,3,1,1,0.1,3000,0,0,0,0,0,0,0,0,0,0,0,0,0,0,0,0,0,0,0,0,0,0,0,0,0,0,0,0,0,0,0,0,0,0,0,0,0,0,0,0,0,0,0,0,0,0,0,0,0,0,0
1989,239,9,44,30.381,2,8,0,-1,0,0,1,1,25,0,0,0,1028,0,0,0,0,0,1,1,0,0,0,332.7611786,0,0,0,0,3,1,1,1,100,0,0,0,3,1,1,0.1,3000,0,0,0,0,0,0,0,0,0,0,0,0,0,0,0,0,0,0,0,0,0,0,0,0,0,0,0,0,0,0,0,0,0,0,0,0,0,0,0,0,0,0,0,0,0,0,0,0,0,0,0
1989,239,9,44,53.301,2,8,0,-1,1,0,1,1,25,0,0,0,1028,0,0,0,0,0,1,1,0,0,0,332.7994885,0,0,0,0,3,1,1,1,100,0,0,0,3,1,1,0.1,3000,0,0,0,0,0,0,0,0,0,0,0,0,0,0,0,0,0,0,0,0,0,0,0,0,0,0,0,0,0,0,0,0,0,0,0,0,0,0,0,0,0,0,0,0,0,0,0,0,0,0,0
1989,239,9,46,6.381,2,8,0,-1,0,0,1,1,25,0,0,0,1028,0,0,0,0,0,1,1,0,0,0,332.9216387,0,0,0,0,3,1,1,1,100,0,0,0,3,1,1,0.1,3000,0,0,0,0,0,0,0,0,0,0,0,0,0,0,0,0,0,0,0,0,0,0,0,0,0,0,0,0,0,0,0,0,0,0,0,0,0,0,0,0,0,0,0,0,0,0,0,0,0,0,0
1989,239,9,46,29.3,2,8,0,-1,1,0,1,1,25,0,0,0,1028,0,0,0,0,0,1,1,0,0,0,332.9599476,0,0,0,0,3,1,1,1,100,0,0,0,3,1,1,0.1,3000,0,0,0,0,0,0,0,0,0,0,0,0,0,0,0,0,0,0,0,0,0,0,0,0,0,0,0,0,0,0,0,0,0,0,0,0,0,0,0,0,0,0,0,0,0,0,0,0,0,0,0
1989,239,9,47,42.381,2,8,0,-1,0,0,1,1,25,0,0,0,1028,0,0,0,0,0,1,1,0,0,0,333.0820981,0,0,0,0,3,1,1,1,100,0,0,0,3,1,1,0.1,3000,0,0,0,0,0,0,0,0,0,0,0,0,0,0,0,0,0,0,0,0,0,0,0,0,0,0,0,0,0,0,0,0,0,0,0,0,0,0,0,0,0,0,0,0,0,0,0,0,0,0,0
1989,239,9,48,5.301,2,8,0,-1,1,0,1,1,25,0,0,0,1028,0,0,0,0,0,1,1,0,0,0,333.1204078,0,0,0,0,3,1,1,1,100,0,0,0,3,1,1,0.1,3000,0,0,0,0,0,0,0,0,0,0,0,0,0,0,0,0,0,0,0,0,0,0,0,0,0,0,0,0,0,0,0,0,0,0,0,0,0,0,0,0,0,0,0,0,0,0,0,0,0,0,0
1989,239,9,49,18.381,2,8,0,-1,0,0,1,1,25,0,0,0,1028,0,0,0,0,0,1,1,0,0,0,333.2425571,0,0,0,0,3,1,1,1,100,0,0,0,3,1,1,0.1,3000,0,0,0,0,0,0,0,0,0,0,0,0,0,0,0,0,0,0,0,0,0,0,0,0,0,0,0,0,0,0,0,0,0,0,0,0,0,0,0,0,0,0,0,0,0,0,0,0,0,0,0
1989,239,9,49,41.301,2,8,0,-1,1,0,1,1,25,0,0,0,1028,0,0,0,0,0,1,1,0,0,0,333.2808657,0,0,0,0,3,1,1,1,100,0,0,0,3,1,1,0.1,3000,0,0,0,0,0,0,0,0,0,0,0,0,0,0,0,0,0,0,0,0,0,0,0,0,0,0,0,0,0,0,0,0,0,0,0,0,0,0,0,0,0,0,0,0,0,0,0,0,0,0,0
1989,239,9,50,54.381,2,8,0,-1,0,0,1,1,25,0,0,0,1028,0,0,0,0,0,1,1,0,0,0,333.4030155,0,0,0,0,3,1,1,1,100,0,0,0,3,1,1,0.1,3000,0,0,0,0,0,0,0,0,0,0,0,0,0,0,0,0,0,0,0,0,0,0,0,0,0,0,0,0,0,0,0,0,0,0,0,0,0,0,0,0,0,0,0,0,0,0,0,0,0,0,0
1989,239,9,51,17.301,2,8,0,-1,1,0,1,1,25,0,0,0,1028,0,0,0,0,0,1,1,0,0,0,333.4413248,0,0,0,0,3,1,1,1,100,0,0,0,3,1,1,0.1,3000,0,0,0,0,0,0,0,0,0,0,0,0,0,0,0,0,0,0,0,0,0,0,0,0,0,0,0,0,0,0,0,0,0,0,0,0,0,0,0,0,0,0,0,0,0,0,0,0,0,0,0
1989,239,9,54,54.38,2,8,0,-1,0,0,1,1,25,0,0,0,1028,0,0,0,0,0,1,1,0,0,0,333.8041573,0,0,0,0,3,1,1,1,100,0,0,0,3,1,1,0.1,3000,0,0,0,0,0,0,0,0,0,0,0,0,0,0,0,0,0,0,0,0,0,0,0,0,0,0,0,0,0,0,0,0,0,0,0,0,0,0,0,0,0,0,0,0,0,0,0,0,0,0,0
1989,239,9,55,17.3,2,8,0,-1,1,0,1,1,25,0,0,0,1028,0,0,0,0,0,1,1,0,0,0,333.8424663,0,0,0,0,3,1,1,1,100,0,0,0,3,1,1,0.1,3000,0,0,0,0,0,0,0,0,0,0,0,0,0,0,0,0,0,0,0,0,0,0,0,0,0,0,0,0,0,0,0,0,0,0,0,0,0,0,0,0,0,0,0,0,0,0,0,0,0,0,0
1989,239,9,56,30.379,2,8,0,-1,0,0,1,1,25,0,0,0,1028,0,0,0,0,0,1,1,0,0,0,333.9646128,0,0,0,0,3,1,1,1,100,0,0,0,3,1,1,0.1,3000,0,0,0,0,0,0,0,0,0,0,0,0,0,0,0,0,0,0,0,0,0,0,0,0,0,0,0,0,0,0,0,0,0,0,0,0,0,0,0,0,0,0,0,0,0,0,0,0,0,0,0
1989,239,9,56,53.3,2,8,0,-1,1,0,1,1,25,0,0,0,1028,0,0,0,0,0,1,1,0,0,0,334.0029226,0,0,0,0,3,1,1,1,100,0,0,0,3,1,1,0.1,3000,0,0,0,0,0,0,0,0,0,0,0,0,0,0,0,0,0,0,0,0,0,0,0,0,0,0,0,0,0,0,0,0,0,0,0,0,0,0,0,0,0,0,0,0,0,0,0,0,0,0,0
1989,239,10,1,18.38,2,8,0,-1,0,0,1,1,25,0,0,0,1028,0,0,0,0,0,1,1,0,0,0,334.4459796,0,0,0,0,3,1,1,1,100,0,0,0,3,1,1,0.1,3000,0,0,0,0,0,0,0,0,0,0,0,0,0,0,0,0,0,0,0,0,0,0,0,0,0,0,0,0,0,0,0,0,0,0,0,0,0,0,0,0,0,0,0,0,0,0,0,0,0,0,0
1989,239,10,1,41.299,2,8,0,-1,1,0,1,1,25,0,0,0,1028,0,0,0,0,0,1,1,0,0,0,334.4842872,0,0,0,0,3,1,1,1,100,0,0,0,3,1,1,0.1,3000,0,0,0,0,0,0,0,0,0,0,0,0,0,0,0,0,0,0,0,0,0,0,0,0,0,0,0,0,0,0,0,0,0,0,0,0,0,0,0,0,0,0,0,0,0,0,0,0,0,0,0
1989,239,10,2,54.38,2,8,0,-1,0,0,1,1,25,0,0,0,1028,0,0,0,0,0,1,1,0,0,0,334.6064337,0,0,0,0,3,1,1,1,100,0,0,0,3,1,1,0.1,3000,0,0,0,0,0,0,0,0,0,0,0,0,0,0,0,0,0,0,0,0,0,0,0,0,0,0,0,0,0,0,0,0,0,0,0,0,0,0,0,0,0,0,0,0,0,0,0,0,0,0,0
1989,239,10,3,17.3,2,8,0,-1,1,0,1,1,25,0,0,0,1028,0,0,0,0,0,1,1,0,0,0,334.6447421,0,0,0,0,3,1,1,1,100,0,0,0,3,1,1,0.1,3000,0,0,0,0,0,0,0,0,0,0,0,0,0,0,0,0,0,0,0,0,0,0,0,0,0,0,0,0,0,0,0,0,0,0,0,0,0,0,0,0,0,0,0,0,0,0,0,0,0,0,0
1989,239,10,6,54.379,2,8,0,-1,0,0,1,1,25,0,0,0,1028,0,0,0,0,0,1,1,0,0,0,335.0075651,0,0,0,0,3,1,1,1,100,0,0,0,3,1,1,0.1,3000,0,0,0,0,0,0,0,0,0,0,0,0,0,0,0,0,0,0,0,0,0,0,0,0,0,0,0,0,0,0,0,0,0,0,0,0,0,0,0,0,0,0,0,0,0,0,0,0,0,0,0
1989,239,10,7,17.299,2,8,0,-1,1,0,1,1,25,0,0,0,1028,0,0,0,0,0,1,1,0,0,0,335.0458731,0,0,0,0,3,1,1,1,100,0,0,0,3,1,1,0.1,3000,0,0,0,0,0,0,0,0,0,0,0,0,0,0,0,0,0,0,0,0,0,0,0,0,0,0,0,0,0,0,0,0,0,0,0,0,0,0,0,0,0,0,0,0,0,0,0,0,0,0,0
1989,239,10,8,30.379,2,8,0,-1,0,0,1,1,25,0,0,0,1028,0,0,0,0,0,1,1,0,0,0,335.1680173,0,0,0,0,3,1,1,1,100,0,0,0,3,1,1,0.1,3000,0,0,0,0,0,0,0,0,0,0,0,0,0,0,0,0,0,0,0,0,0,0,0,0,0,0,0,0,0,0,0,0,0,0,0,0,0,0,0,0,0,0,0,0,0,0,0,0,0,0,0
1989,239,10,8,53.299,2,8,0,-1,1,0,1,1,25,0,0,0,1028,0,0,0,0,0,1,1,0,0,0,335.2063252,0,0,0,0,3,1,1,1,100,0,0,0,3,1,1,0.1,3000,0,0,0,0,0,0,0,0,0,0,0,0,0,0,0,0,0,0,0,0,0,0,0,0,0,0,0,0,0,0,0,0,0,0,0,0,0,0,0,0,0,0,0,0,0,0,0,0,0,0,0
1989,239,10,10,6.379,2,8,0,-1,0,0,1,1,25,0,0,0,1028,0,0,0,0,0,1,1,0,0,0,335.328469,0,0,0,0,3,1,1,1,100,0,0,0,3,1,1,0.1,3000,0,0,0,0,0,0,0,0,0,0,0,0,0,0,0,0,0,0,0,0,0,0,0,0,0,0,0,0,0,0,0,0,0,0,0,0,0,0,0,0,0,0,0,0,0,0,0,0,0,0,0
1989,239,10,10,29.299,2,8,0,-1,1,0,1,1,25,0,0,0,1028,0,0,0,0,0,1,1,0,0,0,335.3667767,0,0,0,0,3,1,1,1,100,0,0,0,3,1,1,0.1,3000,0,0,0,0,0,0,0,0,0,0,0,0,0,0,0,0,0,0,0,0,0,0,0,0,0,0,0,0,0,0,0,0,0,0,0,0,0,0,0,0,0,0,0,0,0,0,0,0,0,0,0
1989,239,10,11,42.379,2,8,0,-1,0,0,1,1,25,0,0,0,1028,0,0,0,0,0,1,1,0,0,0,335.4889201,0,0,0,0,3,1,1,1,100,0,0,0,3,1,1,0.1,3000,0,0,0,0,0,0,0,0,0,0,0,0,0,0,0,0,0,0,0,0,0,0,0,0,0,0,0,0,0,0,0,0,0,0,0,0,0,0,0,0,0,0,0,0,0,0,0,0,0,0,0
1989,239,10,12,5.299,2,8,0,-1,1,0,1,1,25,0,0,0,1028,0,0,0,0,0,1,1,0,0,0,335.5272277,0,0,0,0,3,1,1,1,100,0,0,0,3,1,1,0.1,3000,0,0,0,0,0,0,0,0,0,0,0,0,0,0,0,0,0,0,0,0,0,0,0,0,0,0,0,0,0,0,0,0,0,0,0,0,0,0,0,0,0,0,0,0,0,0,0,0,0,0,0
1989,239,10,13,18.379,2,8,0,-1,0,0,1,1,25,0,0,0,1028,0,0,0,0,0,1,1,0,0,0,335.6493707,0,0,0,0,3,1,1,1,100,0,0,0,3,1,1,0.1,3000,0,0,0,0,0,0,0,0,0,0,0,0,0,0,0,0,0,0,0,0,0,0,0,0,0,0,0,0,0,0,0,0,0,0,0,0,0,0,0,0,0,0,0,0,0,0,0,0,0,0,0
1989,239,10,13,41.299,2,8,0,-1,1,0,1,1,25,0,0,0,1028,0,0,0,0,0,1,1,0,0,0,335.6876782,0,0,0,0,3,1,1,1,100,0,0,0,3,1,1,0.1,3000,0,0,0,0,0,0,0,0,0,0,0,0,0,0,0,0,0,0,0,0,0,0,0,0,0,0,0,0,0,0,0,0,0,0,0,0,0,0,0,0,0,0,0,0,0,0,0,0,0,0,0
1989,239,10,14,54.379,2,8,0,-1,0,0,1,1,25,0,0,0,1028,0,0,0,0,0,1,1,0,0,0,335.8098207,0,0,0,0,3,1,1,1,100,0,0,0,3,1,1,0.1,3000,0,0,0,0,0,0,0,0,0,0,0,0,0,0,0,0,0,0,0,0,0,0,0,0,0,0,0,0,0,0,0,0,0,0,0,0,0,0,0,0,0,0,0,0,0,0,0,0,0,0,0
1989,239,10,15,17.299,2,8,0,-1,1,0,1,1,25,0,0,0,1028,0,0,0,0,0,1,1,0,0,0,335.8481281,0,0,0,0,3,1,1,1,100,0,0,0,3,1,1,0.1,3000,0,0,0,0,0,0,0,0,0,0,0,0,0,0,0,0,0,0,0,0,0,0,0,0,0,0,0,0,0,0,0,0,0,0,0,0,0,0,0,0,0,0,0,0,0,0,0,0,0,0,0
1989,239,10,18,54.378,2,8,0,-1,0,0,1,1,25,0,0,0,1028,0,0,0,0,0,1,1,0,0,0,336.2109417,0,0,0,0,3,1,1,1,100,0,0,0,3,1,1,0.1,3000,0,0,0,0,0,0,0,0,0,0,0,0,0,0,0,0,0,0,0,0,0,0,0,0,0,0,0,0,0,0,0,0,0,0,0,0,0,0,0,0,0,0,0,0,0,0,0,0,0,0,0
1989,239,10,19,17.298,2,8,0,-1,1,0,1,1,25,0,0,0,1028,0,0,0,0,0,1,1,0,0,0,336.2492478,0,0,0,0,3,1,1,1,100,0,0,0,3,1,1,0.1,3000,0,0,0,0,0,0,0,0,0,0,0,0,0,0,0,0,0,0,0,0,0,0,0,0,0,0,0,0,0,0,0,0,0,0,0,0,0,0,0,0,0,0,0,0,0,0,0,0,0,0,0
1989,239,10,20,30.378,2,8,0,-1,0,0,1,1,25,0,0,0,1028,0,0,0,0,0,1,1,0,0,0,336.3713897,0,0,0,0,3,1,1,1,100,0,0,0,3,1,1,0.1,3000,0,0,0,0,0,0,0,0,0,0,0,0,0,0,0,0,0,0,0,0,0,0,0,0,0,0,0,0,0,0,0,0,0,0,0,0,0,0,0,0,0,0,0,0,0,0,0,0,0,0,0
1989,239,10,20,53.298,2,8,0,-1,1,0,1,1,25,0,0,0,1028,0,0,0,0,0,1,1,0,0,0,336.4096966,0,0,0,0,3,1,1,1,100,0,0,0,3,1,1,0.1,3000,0,0,0,0,0,0,0,0,0,0,0,0,0,0,0,0,0,0,0,0,0,0,0,0,0,0,0,0,0,0,0,0,0,0,0,0,0,0,0,0,0,0,0,0,0,0,0,0,0,0,0
1989,239,10,22,6.378,2,8,0,-1,0,0,1,1,25,0,0,0,1028,0,0,0,0,0,1,1,0,0,0,336.5318373,0,0,0,0,3,1,1,1,100,0,0,0,3,1,1,0.1,3000,0,0,0,0,0,0,0,0,0,0,0,0,0,0,0,0,0,0,0,0,0,0,0,0,0,0,0,0,0,0,0,0,0,0,0,0,0,0,0,0,0,0,0,0,0,0,0,0,0,0,0
1989,239,10,22,29.298,2,8,0,-1,1,0,1,1,25,0,0,0,1028,0,0,0,0,0,1,1,0,0,0,336.5701432,0,0,0,0,3,1,1,1,100,0,0,0,3,1,1,0.1,3000,0,0,0,0,0,0,0,0,0,0,0,0,0,0,0,0,0,0,0,0,0,0,0,0,0,0,0,0,0,0,0,0,0,0,0,0,0,0,0,0,0,0,0,0,0,0,0,0,0,0,0
1989,239,10,23,42.378,2,8,0,-1,0,0,1,1,25,0,0,0,1028,0,0,0,0,0,1,1,0,0,0,336.6922843,0,0,0,0,3,1,1,1,100,0,0,0,3,1,1,0.1,3000,0,0,0,0,0,0,0,0,0,0,0,0,0,0,0,0,0,0,0,0,0,0,0,0,0,0,0,0,0,0,0,0,0,0,0,0,0,0,0,0,0,0,0,0,0,0,0,0,0,0,0
1989,239,10,24,5.298,2,8,0,-1,1,0,1,1,25,0,0,0,1028,0,0,0,0,0,1,1,0,0,0,336.7305909,0,0,0,0,3,1,1,1,100,0,0,0,3,1,1,0.1,3000,0,0,0,0,0,0,0,0,0,0,0,0,0,0,0,0,0,0,0,0,0,0,0,0,0,0,0,0,0,0,0,0,0,0,0,0,0,0,0,0,0,0,0,0,0,0,0,0,0,0,0
1989,239,10,25,18.378,2,8,0,-1,0,0,1,1,25,0,0,0,1028,0,0,0,0,0,1,1,0,0,0,336.8527307,0,0,0,0,3,1,1,1,100,0,0,0,3,1,1,0.1,3000,0,0,0,0,0,0,0,0,0,0,0,0,0,0,0,0,0,0,0,0,0,0,0,0,0,0,0,0,0,0,0,0,0,0,0,0,0,0,0,0,0,0,0,0,0,0,0,0,0,0,0
1989,239,10,25,41.298,2,8,0,-1,1,0,1,1,25,0,0,0,1028,0,0,0,0,0,1,1,0,0,0,336.8910372,0,0,0,0,3,1,1,1,100,0,0,0,3,1,1,0.1,3000,0,0,0,0,0,0,0,0,0,0,0,0,0,0,0,0,0,0,0,0,0,0,0,0,0,0,0,0,0,0,0,0,0,0,0,0,0,0,0,0,0,0,0,0,0,0,0,0,0,0,0
1989,239,10,26,54.378,2,8,0,-1,0,0,1,1,25,0,0,0,1028,0,0,0,0,0,1,1,0,0,0,337.0131766,0,0,0,0,3,1,1,1,100,0,0,0,3,1,1,0.1,3000,0,0,0,0,0,0,0,0,0,0,0,0,0,0,0,0,0,0,0,0,0,0,0,0,0,0,0,0,0,0,0,0,0,0,0,0,0,0,0,0,0,0,0,0,0,0,0,0,0,0,0
1989,239,10,27,17.298,2,8,0,-1,1,0,1,1,25,0,0,0,1028,0,0,0,0,0,1,1,0,0,0,337.0514821,0,0,0,0,3,1,1,1,100,0,0,0,3,1,1,0.1,3000,0,0,0,0,0,0,0,0,0,0,0,0,0,0,0,0,0,0,0,0,0,0,0,0,0,0,0,0,0,0,0,0,0,0,0,0,0,0,0,0,0,0,0,0,0,0,0,0,0,0,0
1989,239,10,30,54.377,2,8,0,-1,0,0,1,1,25,0,0,0,1028,0,0,0,0,0,1,1,0,0,0,337.4142881,0,0,0,0,3,1,1,1,100,0,0,0,3,1,1,0.1,3000,0,0,0,0,0,0,0,0,0,0,0,0,0,0,0,0,0,0,0,0,0,0,0,0,0,0,0,0,0,0,0,0,0,0,0,0,0,0,0,0,0,0,0,0,0,0,0,0,0,0,0
1989,239,10,31,17.297,2,8,0,-1,1,0,1,1,25,0,0,0,1028,0,0,0,0,0,1,1,0,0,0,337.4525933,0,0,0,0,3,1,1,1,100,0,0,0,3,1,1,0.1,3000,0,0,0,0,0,0,0,0,0,0,0,0,0,0,0,0,0,0,0,0,0,0,0,0,0,0,0,0,0,0,0,0,0,0,0,0,0,0,0,0,0,0,0,0,0,0,0,0,0,0,0
1989,239,10,32,30.377,2,8,0,-1,0,0,1,1,25,0,0,0,1028,0,0,0,0,0,1,1,0,0,0,337.5747312,0,0,0,0,3,1,1,1,100,0,0,0,3,1,1,0.1,3000,0,0,0,0,0,0,0,0,0,0,0,0,0,0,0,0,0,0,0,0,0,0,0,0,0,0,0,0,0,0,0,0,0,0,0,0,0,0,0,0,0,0,0,0,0,0,0,0,0,0,0
1989,239,10,32,53.297,2,8,0,-1,1,0,1,1,25,0,0,0,1028,0,0,0,0,0,1,1,0,0,0,337.6130371,0,0,0,0,3,1,1,1,100,0,0,0,3,1,1,0.1,3000,0,0,0,0,0,0,0,0,0,0,0,0,0,0,0,0,0,0,0,0,0,0,0,0,0,0,0,0,0,0,0,0,0,0,0,0,0,0,0,0,0,0,0,0,0,0,0,0,0,0,0
1989,239,10,34,6.377,2,8,0,-1,0,0,1,1,25,0,0,0,1028,0,0,0,0,0,1,1,0,0,0,337.7351746,0,0,0,0,3,1,1,1,100,0,0,0,3,1,1,0.1,3000,0,0,0,0,0,0,0,0,0,0,0,0,0,0,0,0,0,0,0,0,0,0,0,0,0,0,0,0,0,0,0,0,0,0,0,0,0,0,0,0,0,0,0,0,0,0,0,0,0,0,0
1989,239,10,34,29.297,2,8,0,-1,1,0,1,1,25,0,0,0,1028,0,0,0,0,0,1,1,0,0,0,337.7734796,0,0,0,0,3,1,1,1,100,0,0,0,3,1,1,0.1,3000,0,0,0,0,0,0,0,0,0,0,0,0,0,0,0,0,0,0,0,0,0,0,0,0,0,0,0,0,0,0,0,0,0,0,0,0,0,0,0,0,0,0,0,0,0,0,0,0,0,0,0
1989,239,10,37,18.377,2,8,0,-1,0,0,1,1,25,0,0,0,1028,0,0,0,0,0,1,1,0,0,0,338.0560598,0,0,0,0,3,1,1,1,100,0,0,0,3,1,1,0.1,3000,0,0,0,0,0,0,0,0,0,0,0,0,0,0,0,0,0,0,0,0,0,0,0,0,0,0,0,0,0,0,0,0,0,0,0,0,0,0,0,0,0,0,0,0,0,0,0,0,0,0,0
1989,239,10,37,41.297,2,8,0,-1,1,0,1,1,25,0,0,0,1028,0,0,0,0,0,1,1,0,0,0,338.0943653,0,0,0,0,3,1,1,1,100,0,0,0,3,1,1,0.1,3000,0,0,0,0,0,0,0,0,0,0,0,0,0,0,0,0,0,0,0,0,0,0,0,0,0,0,0,0,0,0,0,0,0,0,0,0,0,0,0,0,0,0,0,0,0,0,0,0,0,0,0
1989,239,10,38,54.377,2,8,0,-1,0,0,1,1,25,0,0,0,1028,0,0,0,0,0,1,1,0,0,0,338.2165016,0,0,0,0,3,1,1,1,100,0,0,0,3,1,1,0.1,3000,0,0,0,0,0,0,0,0,0,0,0,0,0,0,0,0,0,0,0,0,0,0,0,0,0,0,0,0,0,0,0,0,0,0,0,0,0,0,0,0,0,0,0,0,0,0,0,0,0,0,0
1989,239,10,39,17.297,2,8,0,-1,1,0,1,1,25,0,0,0,1028,0,0,0,0,0,1,1,0,0,0,338.2548061,0,0,0,0,3,1,1,1,100,0,0,0,3,1,1,0.1,3000,0,0,0,0,0,0,0,0,0,0,0,0,0,0,0,0,0,0,0,0,0,0,0,0,0,0,0,0,0,0,0,0,0,0,0,0,0,0,0,0,0,0,0,0,0,0,0,0,0,0,0
1989,239,10,42,54.377,2,8,0,-1,0,0,1,1,25,0,0,0,1028,0,0,0,0,0,1,1,0,0,0,338.6176037,0,0,0,0,3,1,1,1,100,0,0,0,3,1,1,0.1,3000,0,0,0,0,0,0,0,0,0,0,0,0,0,0,0,0,0,0,0,0,0,0,0,0,0,0,0,0,0,0,0,0,0,0,0,0,0,0,0,0,0,0,0,0,0,0,0,0,0,0,0
1989,239,10,43,17.297,2,8,0,-1,1,0,1,1,25,0,0,0,1028,0,0,0,0,0,1,1,0,0,0,338.6559079,0,0,0,0,3,1,1,1,100,0,0,0,3,1,1,0.1,3000,0,0,0,0,0,0,0,0,0,0,0,0,0,0,0,0,0,0,0,0,0,0,0,0,0,0,0,0,0,0,0,0,0,0,0,0,0,0,0,0,0,0,0,0,0,0,0,0,0,0,0
1989,239,10,44,30.376,2,8,0,-1,0,0,1,1,25,0,0,0,1028,0,0,0,0,0,1,1,0,0,0,338.7780419,0,0,0,0,3,1,1,1,100,0,0,0,3,1,1,0.1,3000,0,0,0,0,0,0,0,0,0,0,0,0,0,0,0,0,0,0,0,0,0,0,0,0,0,0,0,0,0,0,0,0,0,0,0,0,0,0,0,0,0,0,0,0,0,0,0,0,0,0,0
1989,239,10,44,53.296,2,8,0,-1,1,0,1,1,25,0,0,0,1028,0,0,0,0,0,1,1,0,0,0,338.8163468,0,0,0,0,3,1,1,1,100,0,0,0,3,1,1,0.1,3000,0,0,0,0,0,0,0,0,0,0,0,0,0,0,0,0,0,0,0,0,0,0,0,0,0,0,0,0,0,0,0,0,0,0,0,0,0,0,0,0,0,0,0,0,0,0,0,0,0,0,0
1989,239,10,46,6.376,2,8,0,-1,0,0,1,1,25,0,0,0,1028,0,0,0,0,0,1,1,0,0,0,338.9384812,0,0,0,0,3,1,1,1,100,0,0,0,3,1,1,0.1,3000,0,0,0,0,0,0,0,0,0,0,0,0,0,0,0,0,0,0,0,0,0,0,0,0,0,0,0,0,0,0,0,0,0,0,0,0,0,0,0,0,0,0,0,0,0,0,0,0,0,0,0
1989,239,10,46,29.296,2,8,0,-1,1,0,1,1,25,0,0,0,1028,0,0,0,0,0,1,1,0,0,0,338.976786,0,0,0,0,3,1,1,1,100,0,0,0,3,1,1,0.1,3000,0,0,0,0,0,0,0,0,0,0,0,0,0,0,0,0,0,0,0,0,0,0,0,0,0,0,0,0,0,0,0,0,0,0,0,0,0,0,0,0,0,0,0,0,0,0,0,0,0,0,0
1989,239,10,47,42.376,2,8,0,-1,0,0,1,1,25,0,0,0,1028,0,0,0,0,0,1,1,0,0,0,339.09892,0,0,0,0,3,1,1,1,100,0,0,0,3,1,1,0.1,3000,0,0,0,0,0,0,0,0,0,0,0,0,0,0,0,0,0,0,0,0,0,0,0,0,0,0,0,0,0,0,0,0,0,0,0,0,0,0,0,0,0,0,0,0,0,0,0,0,0,0,0
1989,239,10,48,5.296,2,8,0,-1,1,0,1,1,25,0,0,0,1028,0,0,0,0,0,1,1,0,0,0,339.1372247,0,0,0,0,3,1,1,1,100,0,0,0,3,1,1,0.1,3000,0,0,0,0,0,0,0,0,0,0,0,0,0,0,0,0,0,0,0,0,0,0,0,0,0,0,0,0,0,0,0,0,0,0,0,0,0,0,0,0,0,0,0,0,0,0,0,0,0,0,0
1989,239,10,49,18.376,2,8,0,-1,0,0,1,1,25,0,0,0,1028,0,0,0,0,0,1,1,0,0,0,339.2593582,0,0,0,0,3,1,1,1,100,0,0,0,3,1,1,0.1,3000,0,0,0,0,0,0,0,0,0,0,0,0,0,0,0,0,0,0,0,0,0,0,0,0,0,0,0,0,0,0,0,0,0,0,0,0,0,0,0,0,0,0,0,0,0,0,0,0,0,0,0
1989,239,10,49,41.296,2,8,0,-1,1,0,1,1,25,0,0,0,1028,0,0,0,0,0,1,1,0,0,0,339.2976628,0,0,0,0,3,1,1,1,100,0,0,0,3,1,1,0.1,3000,0,0,0,0,0,0,0,0,0,0,0,0,0,0,0,0,0,0,0,0,0,0,0,0,0,0,0,0,0,0,0,0,0,0,0,0,0,0,0,0,0,0,0,0,0,0,0,0,0,0,0
1989,239,10,50,54.376,2,8,0,-1,0,0,1,1,25,0,0,0,1028,0,0,0,0,0,1,1,0,0,0,339.419796,0,0,0,0,3,1,1,1,100,0,0,0,3,1,1,0.1,3000,0,0,0,0,0,0,0,0,0,0,0,0,0,0,0,0,0,0,0,0,0,0,0,0,0,0,0,0,0,0,0,0,0,0,0,0,0,0,0,0,0,0,0,0,0,0,0,0,0,0,0
1989,239,10,51,17.296,2,8,0,-1,1,0,1,1,25,0,0,0,1028,0,0,0,0,0,1,1,0,0,0,339.4581004,0,0,0,0,3,1,1,1,100,0,0,0,3,1,1,0.1,3000,0,0,0,0,0,0,0,0,0,0,0,0,0,0,0,0,0,0,0,0,0,0,0,0,0,0,0,0,0,0,0,0,0,0,0,0,0,0,0,0,0,0,0,0,0,0,0,0,0,0,0
1989,239,10,54,54.376,2,8,0,-1,0,0,1,1,25,0,0,0,1028,0,0,0,0,0,1,1,0,0,0,339.8208879,0,0,0,0,3,1,1,1,100,0,0,0,3,1,1,0.1,3000,0,0,0,0,0,0,0,0,0,0,0,0,0,0,0,0,0,0,0,0,0,0,0,0,0,0,0,0,0,0,0,0,0,0,0,0,0,0,0,0,0,0,0,0,0,0,0,0,0,0,0
1989,239,10,55,17.296,2,8,0,-1,1,0,1,1,25,0,0,0,1028,0,0,0,0,0,1,1,0,0,0,339.859192,0,0,0,0,3,1,1,1,100,0,0,0,3,1,1,0.1,3000,0,0,0,0,0,0,0,0,0,0,0,0,0,0,0,0,0,0,0,0,0,0,0,0,0,0,0,0,0,0,0,0,0,0,0,0,0,0,0,0,0,0,0,0,0,0,0,0,0,0,0
1989,239,10,56,30.375,2,8,0,-1,0,0,1,1,25,0,0,0,1028,0,0,0,0,0,1,1,0,0,0,339.9813228,0,0,0,0,3,1,1,1,100,0,0,0,3,1,1,0.1,3000,0,0,0,0,0,0,0,0,0,0,0,0,0,0,0,0,0,0,0,0,0,0,0,0,0,0,0,0,0,0,0,0,0,0,0,0,0,0,0,0,0,0,0,0,0,0,0,0,0,0,0
1989,239,10,56,53.295,2,8,0,-1,1,0,1,1,25,0,0,0,1028,0,0,0,0,0,1,1,0,0,0,340.0196268,0,0,0,0,3,1,1,1,100,0,0,0,3,1,1,0.1,3000,0,0,0,0,0,0,0,0,0,0,0,0,0,0,0,0,0,0,0,0,0,0,0,0,0,0,0,0,0,0,0,0,0,0,0,0,0,0,0,0,0,0,0,0,0,0,0,0,0,0,0
1989,239,10,58,6.375,2,8,0,-1,0,0,1,1,25,0,0,0,1028,0,0,0,0,0,1,1,0,0,0,340.1417573,0,0,0,0,3,1,1,1,100,0,0,0,3,1,1,0.1,3000,0,0,0,0,0,0,0,0,0,0,0,0,0,0,0,0,0,0,0,0,0,0,0,0,0,0,0,0,0,0,0,0,0,0,0,0,0,0,0,0,0,0,0,0,0,0,0,0,0,0,0
1989,239,10,58,29.295,2,8,0,-1,1,0,1,1,25,0,0,0,1028,0,0,0,0,0,1,1,0,0,0,340.1800611,0,0,0,0,3,1,1,1,100,0,0,0,3,1,1,0.1,3000,0,0,0,0,0,0,0,0,0,0,0,0,0,0,0,0,0,0,0,0,0,0,0,0,0,0,0,0,0,0,0,0,0,0,0,0,0,0,0,0,0,0,0,0,0,0,0,0,0,0,0
1989,239,10,59,42.375,2,8,0,-1,0,0,1,1,25,0,0,0,1028,0,0,0,0,0,1,1,0,0,0,340.302192,0,0,0,0,3,1,1,1,100,0,0,0,3,1,1,0.1,3000,0,0,0,0,0,0,0,0,0,0,0,0,0,0,0,0,0,0,0,0,0,0,0,0,0,0,0,0,0,0,0,0,0,0,0,0,0,0,0,0,0,0,0,0,0,0,0,0,0,0,0
1989,239,11,0,5.295,2,8,0,-1,1,0,1,1,25,0,0,0,1028,0,0,0,0,0,1,1,0,0,0,340.3404957,0,0,0,0,3,1,1,1,100,0,0,0,3,1,1,0.1,3000,0,0,0,0,0,0,0,0,0,0,0,0,0,0,0,0,0,0,0,0,0,0,0,0,0,0,0,0,0,0,0,0,0,0,0,0,0,0,0,0,0,0,0,0,0,0,0,0,0,0,0
1989,239,11,1,18.375,2,8,0,-1,0,0,1,1,25,0,0,0,1028,0,0,0,0,0,1,1,0,0,0,340.4626262,0,0,0,0,3,1,1,1,100,0,0,0,3,1,1,0.1,3000,0,0,0,0,0,0,0,0,0,0,0,0,0,0,0,0,0,0,0,0,0,0,0,0,0,0,0,0,0,0,0,0,0,0,0,0,0,0,0,0,0,0,0,0,0,0,0,0,0,0,0
1989,239,11,1,41.295,2,8,0,-1,1,0,1,1,25,0,0,0,1028,0,0,0,0,0,1,1,0,0,0,340.5009298,0,0,0,0,3,1,1,1,100,0,0,0,3,1,1,0.1,3000,0,0,0,0,0,0,0,0,0,0,0,0,0,0,0,0,0,0,0,0,0,0,0,0,0,0,0,0,0,0,0,0,0,0,0,0,0,0,0,0,0,0,0,0,0,0,0,0,0,0,0
1989,239,11,2,54.375,2,8,0,-1,0,0,1,1,25,0,0,0,1028,0,0,0,0,0,1,1,0,0,0,340.6230599,0,0,0,0,3,1,1,1,100,0,0,0,3,1,1,0.1,3000,0,0,0,0,0,0,0,0,0,0,0,0,0,0,0,0,0,0,0,0,0,0,0,0,0,0,0,0,0,0,0,0,0,0,0,0,0,0,0,0,0,0,0,0,0,0,0,0,0,0,0
1989,239,11,3,17.295,2,8,0,-1,1,0,1,1,25,0,0,0,1028,0,0,0,0,0,1,1,0,0,0,340.6613633,0,0,0,0,3,1,1,1,100,0,0,0,3,1,1,0.1,3000,0,0,0,0,0,0,0,0,0,0,0,0,0,0,0,0,0,0,0,0,0,0,0,0,0,0,0,0,0,0,0,0,0,0,0,0,0,0,0,0,0,0,0,0,0,0,0,0,0,0,0
1989,239,11,6,54.375,2,8,0,-1,0,0,1,1,25,0,0,0,1028,0,0,0,0,0,1,1,0,0,0,341.0241417,0,0,0,0,3,1,1,1,100,0,0,0,3,1,1,0.1,3000,0,0,0,0,0,0,0,0,0,0,0,0,0,0,0,0,0,0,0,0,0,0,0,0,0,0,0,0,0,0,0,0,0,0,0,0,0,0,0,0,0,0,0,0,0,0,0,0,0,0,0
1989,239,11,7,17.295,2,8,0,-1,1,0,1,1,25,0,0,0,1028,0,0,0,0,0,1,1,0,0,0,341.0624448,0,0,0,0,3,1,1,1,100,0,0,0,3,1,1,0.1,3000,0,0,0,0,0,0,0,0,0,0,0,0,0,0,0,0,0,0,0,0,0,0,0,0,0,0,0,0,0,0,0,0,0,0,0,0,0,0,0,0,0,0,0,0,0,0,0,0,0,0,0
1989,239,11,8,30.375,2,8,0,-1,0,0,1,1,25,0,0,0,1028,0,0,0,0,0,1,1,0,0,0,341.1845735,0,0,0,0,3,1,1,1,100,0,0,0,3,1,1,0.1,3000,0,0,0,0,0,0,0,0,0,0,0,0,0,0,0,0,0,0,0,0,0,0,0,0,0,0,0,0,0,0,0,0,0,0,0,0,0,0,0,0,0,0,0,0,0,0,0,0,0,0,0
1989,239,11,8,53.295,2,8,0,-1,1,0,1,1,25,0,0,0,1028,0,0,0,0,0,1,1,0,0,0,341.2228765,0,0,0,0,3,1,1,1,100,0,0,0,3,1,1,0.1,3000,0,0,0,0,0,0,0,0,0,0,0,0,0,0,0,0,0,0,0,0,0,0,0,0,0,0,0,0,0,0,0,0,0,0,0,0,0,0,0,0,0,0,0,0,0,0,0,0,0,0,0
1989,239,11,10,6.374,2,8,0,-1,0,0,1,1,25,0,0,0,1028,0,0,0,0,0,1,1,0,0,0,341.3450031,0,0,0,0,3,1,1,1,100,0,0,0,3,1,1,0.1,3000,0,0,0,0,0,0,0,0,0,0,0,0,0,0,0,0,0,0,0,0,0,0,0,0,0,0,0,0,0,0,0,0,0,0,0,0,0,0,0,0,0,0,0,0,0,0,0,0,0,0,0
1989,239,11,10,29.294,2,8,0,-1,1,0,1,1,25,0,0,0,1028,0,0,0,0,0,1,1,0,0,0,341.383306,0,0,0,0,3,1,1,1,100,0,0,0,3,1,1,0.1,3000,0,0,0,0,0,0,0,0,0,0,0,0,0,0,0,0,0,0,0,0,0,0,0,0,0,0,0,0,0,0,0,0,0,0,0,0,0,0,0,0,0,0,0,0,0,0,0,0,0,0,0
1989,239,11,11,42.374,2,8,0,-1,0,0,1,1,25,0,0,0,1028,0,0,0,0,0,1,1,0,0,0,341.5054338,0,0,0,0,3,1,1,1,100,0,0,0,3,1,1,0.1,3000,0,0,0,0,0,0,0,0,0,0,0,0,0,0,0,0,0,0,0,0,0,0,0,0,0,0,0,0,0,0,0,0,0,0,0,0,0,0,0,0,0,0,0,0,0,0,0,0,0,0,0
1989,239,11,12,5.294,2,8,0,-1,1,0,1,1,25,0,0,0,1028,0,0,0,0,0,1,1,0,0,0,341.5437365,0,0,0,0,3,1,1,1,100,0,0,0,3,1,1,0.1,3000,0,0,0,0,0,0,0,0,0,0,0,0,0,0,0,0,0,0,0,0,0,0,0,0,0,0,0,0,0,0,0,0,0,0,0,0,0,0,0,0,0,0,0,0,0,0,0,0,0,0,0
1989,239,11,13,18.374,2,8,0,-1,0,0,1,1,25,0,0,0,1028,0,0,0,0,0,1,1,0,0,0,341.665864,0,0,0,0,3,1,1,1,100,0,0,0,3,1,1,0.1,3000,0,0,0,0,0,0,0,0,0,0,0,0,0,0,0,0,0,0,0,0,0,0,0,0,0,0,0,0,0,0,0,0,0,0,0,0,0,0,0,0,0,0,0,0,0,0,0,0,0,0,0
1989,239,11,13,41.294,2,8,0,-1,1,0,1,1,25,0,0,0,1028,0,0,0,0,0,1,1,0,0,0,341.7041666,0,0,0,0,3,1,1,1,100,0,0,0,3,1,1,0.1,3000,0,0,0,0,0,0,0,0,0,0,0,0,0,0,0,0,0,0,0,0,0,0,0,0,0,0,0,0,0,0,0,0,0,0,0,0,0,0,0,0,0,0,0,0,0,0,0,0,0,0,0
1989,239,11,14,54.374,2,8,0,-1,0,0,1,1,25,0,0,0,1028,0,0,0,0,0,1,1,0,0,0,341.8262936,0,0,0,0,3,1,1,1,100,0,0,0,3,1,1,0.1,3000,0,0,0,0,0,0,0,0,0,0,0,0,0,0,0,0,0,0,0,0,0,0,0,0,0,0,0,0,0,0,0,0,0,0,0,0,0,0,0,0,0,0,0,0,0,0,0,0,0,0,0
1989,239,11,15,17.294,2,8,0,-1,1,0,1,1,25,0,0,0,1028,0,0,0,0,0,1,1,0,0,0,341.8645961,0,0,0,0,3,1,1,1,100,0,0,0,3,1,1,0.1,3000,0,0,0,0,0,0,0,0,0,0,0,0,0,0,0,0,0,0,0,0,0,0,0,0,0,0,0,0,0,0,0,0,0,0,0,0,0,0,0,0,0,0,0,0,0,0,0,0,0,0,0
1989,239,11,18,54.374,2,8,0,-1,0,0,1,1,25,0,0,0,1028,0,0,0,0,0,1,1,0,0,0,342.2273654,0,0,0,0,3,1,1,1,100,0,0,0,3,1,1,0.1,3000,0,0,0,0,0,0,0,0,0,0,0,0,0,0,0,0,0,0,0,0,0,0,0,0,0,0,0,0,0,0,0,0,0,0,0,0,0,0,0,0,0,0,0,0,0,0,0,0,0,0,0
1989,239,11,19,17.294,2,8,0,-1,1,0,1,1,25,0,0,0,1028,0,0,0,0,0,1,1,0,0,0,342.2656676,0,0,0,0,3,1,1,1,100,0,0,0,3,1,1,0.1,3000,0,0,0,0,0,0,0,0,0,0,0,0,0,0,0,0,0,0,0,0,0,0,0,0,0,0,0,0,0,0,0,0,0,0,0,0,0,0,0,0,0,0,0,0,0,0,0,0,0,0,0
1989,239,11,20,30.374,2,8,0,-1,0,0,1,1,25,0,0,0,1028,0,0,0,0,0,1,1,0,0,0,342.3877932,0,0,0,0,3,1,1,1,100,0,0,0,3,1,1,0.1,3000,0,0,0,0,0,0,0,0,0,0,0,0,0,0,0,0,0,0,0,0,0,0,0,0,0,0,0,0,0,0,0,0,0,0,0,0,0,0,0,0,0,0,0,0,0,0,0,0,0,0,0
1989,239,11,20,53.294,2,8,0,-1,1,0,1,1,25,0,0,0,1028,0,0,0,0,0,1,1,0,0,0,342.4260952,0,0,0,0,3,1,1,1,100,0,0,0,3,1,1,0.1,3000,0,0,0,0,0,0,0,0,0,0,0,0,0,0,0,0,0,0,0,0,0,0,0,0,0,0,0,0,0,0,0,0,0,0,0,0,0,0,0,0,0,0,0,0,0,0,0,0,0,0,0
1989,239,11,22,6.373,2,8,0,-1,0,0,1,1,25,0,0,0,1028,0,0,0,0,0,1,1,0,0,0,342.5482196,0,0,0,0,3,1,1,1,100,0,0,0,3,1,1,0.1,3000,0,0,0,0,0,0,0,0,0,0,0,0,0,0,0,0,0,0,0,0,0,0,0,0,0,0,0,0,0,0,0,0,0,0,0,0,0,0,0,0,0,0,0,0,0,0,0,0,0,0,0
1989,239,11,22,29.294,2,8,0,-1,1,0,1,1,25,0,0,0,1028,0,0,0,0,0,1,1,0,0,0,342.5865215,0,0,0,0,3,1,1,1,100,0,0,0,3,1,1,0.1,3000,0,0,0,0,0,0,0,0,0,0,0,0,0,0,0,0,0,0,0,0,0,0,0,0,0,0,0,0,0,0,0,0,0,0,0,0,0,0,0,0,0,0,0,0,0,0,0,0,0,0,0
1989,239,11,23,42.373,2,8,0,-1,0,0,1,1,25,0,0,0,1028,0,0,0,0,0,1,1,0,0,0,342.7086455,0,0,0,0,3,1,1,1,100,0,0,0,3,1,1,0.1,3000,0,0,0,0,0,0,0,0,0,0,0,0,0,0,0,0,0,0,0,0,0,0,0,0,0,0,0,0,0,0,0,0,0,0,0,0,0,0,0,0,0,0,0,0,0,0,0,0,0,0,0
1989,239,11,24,5.293,2,8,0,-1,1,0,1,1,25,0,0,0,1028,0,0,0,0,0,1,1,0,0,0,342.7469473,0,0,0,0,3,1,1,1,100,0,0,0,3,1,1,0.1,3000,0,0,0,0,0,0,0,0,0,0,0,0,0,0,0,0,0,0,0,0,0,0,0,0,0,0,0,0,0,0,0,0,0,0,0,0,0,0,0,0,0,0,0,0,0,0,0,0,0,0,0
1989,239,11,25,18.373,2,8,0,-1,0,0,1,1,25,0,0,0,1028,0,0,0,0,0,1,1,0,0,0,342.8690717,0,0,0,0,3,1,1,1,100,0,0,0,3,1,1,0.1,3000,0,0,0,0,0,0,0,0,0,0,0,0,0,0,0,0,0,0,0,0,0,0,0,0,0,0,0,0,0,0,0,0,0,0,0,0,0,0,0,0,0,0,0,0,0,0,0,0,0,0,0
1989,239,11,25,41.292,2,8,0,-1,1,0,1,1,25,0,0,0,1028,0,0,0,0,0,1,1,0,0,0,342.9073717,0,0,0,0,3,1,1,1,100,0,0,0,3,1,1,0.1,3000,0,0,0,0,0,0,0,0,0,0,0,0,0,0,0,0,0,0,0,0,0,0,0,0,0,0,0,0,0,0,0,0,0,0,0,0,0,0,0,0,0,0,0,0,0,0,0,0,0,0,0
1989,239,11,26,54.373,2,8,0,-1,0,0,1,1,25,0,0,0,1028,0,0,0,0,0,1,1,0,0,0,343.0294974,0,0,0,0,3,1,1,1,100,0,0,0,3,1,1,0.1,3000,0,0,0,0,0,0,0,0,0,0,0,0,0,0,0,0,0,0,0,0,0,0,0,0,0,0,0,0,0,0,0,0,0,0,0,0,0,0,0,0,0,0,0,0,0,0,0,0,0,0,0
1989,239,11,27,17.293,2,8,0,-1,1,0,1,1,25,0,0,0,1028,0,0,0,0,0,1,1,0,0,0,343.0677989,0,0,0,0,3,1,1,1,100,0,0,0,3,1,1,0.1,3000,0,0,0,0,0,0,0,0,0,0,0,0,0,0,0,0,0,0,0,0,0,0,0,0,0,0,0,0,0,0,0,0,0,0,0,0,0,0,0,0,0,0,0,0,0,0,0,0,0,0,0
1989,239,11,30,54.373,2,8,0,-1,0,0,1,1,25,0,0,0,1028,0,0,0,0,0,1,1,0,0,0,343.4305592,0,0,0,0,3,1,1,1,100,0,0,0,3,1,1,0.1,3000,0,0,0,0,0,0,0,0,0,0,0,0,0,0,0,0,0,0,0,0,0,0,0,0,0,0,0,0,0,0,0,0,0,0,0,0,0,0,0,0,0,0,0,0,0,0,0,0,0,0,0
1989,239,11,31,17.293,2,8,0,-1,1,0,1,1,25,0,0,0,1028,0,0,0,0,0,1,1,0,0,0,343.4688604,0,0,0,0,3,1,1,1,100,0,0,0,3,1,1,0.1,3000,0,0,0,0,0,0,0,0,0,0,0,0,0,0,0,0,0,0,0,0,0,0,0,0,0,0,0,0,0,0,0,0,0,0,0,0,0,0,0,0,0,0,0,0,0,0,0,0,0,0,0
1989,239,11,32,30.373,2,8,0,-1,0,0,1,1,25,0,0,0,1028,0,0,0,0,0,1,1,0,0,0,343.590983,0,0,0,0,3,1,1,1,100,0,0,0,3,1,1,0.1,3000,0,0,0,0,0,0,0,0,0,0,0,0,0,0,0,0,0,0,0,0,0,0,0,0,0,0,0,0,0,0,0,0,0,0,0,0,0,0,0,0,0,0,0,0,0,0,0,0,0,0,0
1989,239,11,32,53.293,2,8,0,-1,1,0,1,1,25,0,0,0,1028,0,0,0,0,0,1,1,0,0,0,343.6292833,0,0,0,0,3,1,1,1,100,0,0,0,3,1,1,0.1,3000,0,0,0,0,0,0,0,0,0,0,0,0,0,0,0,0,0,0,0,0,0,0,0,0,0,0,0,0,0,0,0,0,0,0,0,0,0,0,0,0,0,0,0,0,0,0,0,0,0,0,0
1989,239,11,34,6.373,2,8,0,-1,0,0,1,1,25,0,0,0,1028,0,0,0,0,0,1,1,0,0,0,343.7514063,0,0,0,0,3,1,1,1,100,0,0,0,3,1,1,0.1,3000,0,0,0,0,0,0,0,0,0,0,0,0,0,0,0,0,0,0,0,0,0,0,0,0,0,0,0,0,0,0,0,0,0,0,0,0,0,0,0,0,0,0,0,0,0,0,0,0,0,0,0
1989,239,11,34,29.293,2,8,0,-1,1,0,1,1,25,0,0,0,1028,0,0,0,0,0,1,1,0,0,0,343.7897064,0,0,0,0,3,1,1,1,100,0,0,0,3,1,1,0.1,3000,0,0,0,0,0,0,0,0,0,0,0,0,0,0,0,0,0,0,0,0,0,0,0,0,0,0,0,0,0,0,0,0,0,0,0,0,0,0,0,0,0,0,0,0,0,0,0,0,0,0,0
1989,239,11,35,42.372,2,8,0,-1,0,0,1,1,25,0,0,0,1028,0,0,0,0,0,1,1,0,0,0,343.9118274,0,0,0,0,3,1,1,1,100,0,0,0,3,1,1,0.1,3000,0,0,0,0,0,0,0,0,0,0,0,0,0,0,0,0,0,0,0,0,0,0,0,0,0,0,0,0,0,0,0,0,0,0,0,0,0,0,0,0,0,0,0,0,0,0,0,0,0,0,0
1989,239,11,36,5.292,2,8,0,-1,1,0,1,1,25,0,0,0,1028,0,0,0,0,0,1,1,0,0,0,343.9501282,0,0,0,0,3,1,1,1,100,0,0,0,3,1,1,0.1,3000,0,0,0,0,0,0,0,0,0,0,0,0,0,0,0,0,0,0,0,0,0,0,0,0,0,0,0,0,0,0,0,0,0,0,0,0,0,0,0,0,0,0,0,0,0,0,0,0,0,0,0
1989,239,11,37,18.372,2,8,0,-1,0,0,1,1,25,0,0,0,1028,0,0,0,0,0,1,1,0,0,0,344.0722496,0,0,0,0,3,1,1,1,100,0,0,0,3,1,1,0.1,3000,0,0,0,0,0,0,0,0,0,0,0,0,0,0,0,0,0,0,0,0,0,0,0,0,0,0,0,0,0,0,0,0,0,0,0,0,0,0,0,0,0,0,0,0,0,0,0,0,0,0,0
1989,239,11,37,41.291,2,8,0,-1,1,0,1,1,25,0,0,0,1028,0,0,0,0,0,1,1,0,0,0,344.1105487,0,0,0,0,3,1,1,1,100,0,0,0,3,1,1,0.1,3000,0,0,0,0,0,0,0,0,0,0,0,0,0,0,0,0,0,0,0,0,0,0,0,0,0,0,0,0,0,0,0,0,0,0,0,0,0,0,0,0,0,0,0,0,0,0,0,0,0,0,0
1989,239,11,38,54.372,2,8,0,-1,0,0,1,1,25,0,0,0,1028,0,0,0,0,0,1,1,0,0,0,344.2326713,0,0,0,0,3,1,1,1,100,0,0,0,3,1,1,0.1,3000,0,0,0,0,0,0,0,0,0,0,0,0,0,0,0,0,0,0,0,0,0,0,0,0,0,0,0,0,0,0,0,0,0,0,0,0,0,0,0,0,0,0,0,0,0,0,0,0,0,0,0
1989,239,11,39,17.292,2,8,0,-1,1,0,1,1,25,0,0,0,1028,0,0,0,0,0,1,1,0,0,0,344.2709719,0,0,0,0,3,1,1,1,100,0,0,0,3,1,1,0.1,3000,0,0,0,0,0,0,0,0,0,0,0,0,0,0,0,0,0,0,0,0,0,0,0,0,0,0,0,0,0,0,0,0,0,0,0,0,0,0,0,0,0,0,0,0,0,0,0,0,0,0,0
1989,239,11,42,54.372,2,8,0,-1,0,0,1,1,25,0,0,0,1028,0,0,0,0,0,1,1,0,0,0,344.6337233,0,0,0,0,3,1,1,1,100,0,0,0,3,1,1,0.1,3000,0,0,0,0,0,0,0,0,0,0,0,0,0,0,0,0,0,0,0,0,0,0,0,0,0,0,0,0,0,0,0,0,0,0,0,0,0,0,0,0,0,0,0,0,0,0,0,0,0,0,0
1989,239,11,43,17.292,2,8,0,-1,1,0,1,1,25,0,0,0,1028,0,0,0,0,0,1,1,0,0,0,344.6720235,0,0,0,0,3,1,1,1,100,0,0,0,3,1,1,0.1,3000,0,0,0,0,0,0,0,0,0,0,0,0,0,0,0,0,0,0,0,0,0,0,0,0,0,0,0,0,0,0,0,0,0,0,0,0,0,0,0,0,0,0,0,0,0,0,0,0,0,0,0
1989,239,11,44,30.372,2,8,0,-1,0,0,1,1,25,0,0,0,1028,0,0,0,0,0,1,1,0,0,0,344.7941431,0,0,0,0,3,1,1,1,100,0,0,0,3,1,1,0.1,3000,0,0,0,0,0,0,0,0,0,0,0,0,0,0,0,0,0,0,0,0,0,0,0,0,0,0,0,0,0,0,0,0,0,0,0,0,0,0,0,0,0,0,0,0,0,0,0,0,0,0,0
1989,239,11,44,53.291,2,8,0,-1,1,0,1,1,25,0,0,0,1028,0,0,0,0,0,1,1,0,0,0,344.8324424,0,0,0,0,3,1,1,1,100,0,0,0,3,1,1,0.1,3000,0,0,0,0,0,0,0,0,0,0,0,0,0,0,0,0,0,0,0,0,0,0,0,0,0,0,0,0,0,0,0,0,0,0,0,0,0,0,0,0,0,0,0,0,0,0,0,0,0,0,0
1989,239,11,46,6.372,2,8,0,-1,0,0,1,1,25,0,0,0,1028,0,0,0,0,0,1,1,0,0,0,344.9545625,0,0,0,0,3,1,1,1,100,0,0,0,3,1,1,0.1,3000,0,0,0,0,0,0,0,0,0,0,0,0,0,0,0,0,0,0,0,0,0,0,0,0,0,0,0,0,0,0,0,0,0,0,0,0,0,0,0,0,0,0,0,0,0,0,0,0,0,0,0
1989,239,11,46,29.291,2,8,0,-1,1,0,1,1,25,0,0,0,1028,0,0,0,0,0,1,1,0,0,0,344.9928617,0,0,0,0,3,1,1,1,100,0,0,0,3,1,1,0.1,3000,0,0,0,0,0,0,0,0,0,0,0,0,0,0,0,0,0,0,0,0,0,0,0,0,0,0,0,0,0,0,0,0,0,0,0,0,0,0,0,0,0,0,0,0,0,0,0,0,0,0,0
1989,239,11,47,42.372,2,8,0,-1,0,0,1,1,25,0,0,0,1028,0,0,0,0,0,1,1,0,0,0,345.1149813,0,0,0,0,3,1,1,1,100,0,0,0,3,1,1,0.1,3000,0,0,0,0,0,0,0,0,0,0,0,0,0,0,0,0,0,0,0,0,0,0,0,0,0,0,0,0,0,0,0,0,0,0,0,0,0,0,0,0,0,0,0,0,0,0,0,0,0,0,0
1989,239,11,48,5.292,2,8,0,-1,1,0,1,1,25,0,0,0,1028,0,0,0,0,0,1,1,0,0,0,345.1532812,0,0,0,0,3,1,1,1,100,0,0,0,3,1,1,0.1,3000,0,0,0,0,0,0,0,0,0,0,0,0,0,0,0,0,0,0,0,0,0,0,0,0,0,0,0,0,0,0,0,0,0,0,0,0,0,0,0,0,0,0,0,0,0,0,0,0,0,0,0
1989,239,11,49,18.371,2,8,0,-1,0,0,1,1,25,0,0,0,1028,0,0,0,0,0,1,1,0,0,0,345.2753979,0,0,0,0,3,1,1,1,100,0,0,0,3,1,1,0.1,3000,0,0,0,0,0,0,0,0,0,0,0,0,0,0,0,0,0,0,0,0,0,0,0,0,0,0,0,0,0,0,0,0,0,0,0,0,0,0,0,0,0,0,0,0,0,0,0,0,0,0,0
1989,239,11,49,41.29,2,8,0,-1,1,0,1,1,25,0,0,0,1028,0,0,0,0,0,1,1,0,0,0,345.313696,0,0,0,0,3,1,1,1,100,0,0,0,3,1,1,0.1,3000,0,0,0,0,0,0,0,0,0,0,0,0,0,0,0,0,0,0,0,0,0,0,0,0,0,0,0,0,0,0,0,0,0,0,0,0,0,0,0,0,0,0,0,0,0,0,0,0,0,0,0
1989,239,11,50,54.371,2,8,0,-1,0,0,1,1,25,0,0,0,1028,0,0,0,0,0,1,1,0,0,0,345.4358157,0,0,0,0,3,1,1,1,100,0,0,0,3,1,1,0.1,3000,0,0,0,0,0,0,0,0,0,0,0,0,0,0,0,0,0,0,0,0,0,0,0,0,0,0,0,0,0,0,0,0,0,0,0,0,0,0,0,0,0,0,0,0,0,0,0,0,0,0,0
1989,239,11,51,17.29,2,8,0,-1,1,0,1,1,25,0,0,0,1028,0,0,0,0,0,1,1,0,0,0,345.4741145,0,0,0,0,3,1,1,1,100,0,0,0,3,1,1,0.1,3000,0,0,0,0,0,0,0,0,0,0,0,0,0,0,0,0,0,0,0,0,0,0,0,0,0,0,0,0,0,0,0,0,0,0,0,0,0,0,0,0,0,0,0,0,0,0,0,0,0,0,0
1989,239,11,54,54.371,2,8,0,-1,0,0,1,1,25,0,0,0,1028,0,0,0,0,0,1,1,0,0,0,345.8368578,0,0,0,0,3,1,1,1,100,0,0,0,3,1,1,0.1,3000,0,0,0,0,0,0,0,0,0,0,0,0,0,0,0,0,0,0,0,0,0,0,0,0,0,0,0,0,0,0,0,0,0,0,0,0,0,0,0,0,0,0,0,0,0,0,0,0,0,0,0
1989,239,11,55,17.29,2,8,0,-1,1,0,1,1,25,0,0,0,1028,0,0,0,0,0,1,1,0,0,0,345.8751563,0,0,0,0,3,1,1,1,100,0,0,0,3,1,1,0.1,3000,0,0,0,0,0,0,0,0,0,0,0,0,0,0,0,0,0,0,0,0,0,0,0,0,0,0,0,0,0,0,0,0,0,0,0,0,0,0,0,0,0,0,0,0,0,0,0,0,0,0,0
1989,239,11,56,30.371,2,8,0,-1,0,0,1,1,25,0,0,0,1028,0,0,0,0,0,1,1,0,0,0,345.9972738,0,0,0,0,3,1,1,1,100,0,0,0,3,1,1,0.1,3000,0,0,0,0,0,0,0,0,0,0,0,0,0,0,0,0,0,0,0,0,0,0,0,0,0,0,0,0,0,0,0,0,0,0,0,0,0,0,0,0,0,0,0,0,0,0,0,0,0,0,0
1989,239,11,56,53.29,2,8,0,-1,1,0,1,1,25,0,0,0,1028,0,0,0,0,0,1,1,0,0,0,346.0355722,0,0,0,0,3,1,1,1,100,0,0,0,3,1,1,0.1,3000,0,0,0,0,0,0,0,0,0,0,0,0,0,0,0,0,0,0,0,0,0,0,0,0,0,0,0,0,0,0,0,0,0,0,0,0,0,0,0,0,0,0,0,0,0,0,0,0,0,0,0
1989,239,11,58,6.371,2,8,0,-1,0,0,1,1,25,0,0,0,1028,0,0,0,0,0,1,1,0,0,0,346.1576892,0,0,0,0,3,1,1,1,100,0,0,0,3,1,1,0.1,3000,0,0,0,0,0,0,0,0,0,0,0,0,0,0,0,0,0,0,0,0,0,0,0,0,0,0,0,0,0,0,0,0,0,0,0,0,0,0,0,0,0,0,0,0,0,0,0,0,0,0,0
1989,239,11,58,29.29,2,8,0,-1,1,0,1,1,25,0,0,0,1028,0,0,0,0,0,1,1,0,0,0,346.1959866,0,0,0,0,3,1,1,1,100,0,0,0,3,1,1,0.1,3000,0,0,0,0,0,0,0,0,0,0,0,0,0,0,0,0,0,0,0,0,0,0,0,0,0,0,0,0,0,0,0,0,0,0,0,0,0,0,0,0,0,0,0,0,0,0,0,0,0,0,0
1989,239,11,59,42.371,2,8,0,-1,0,0,1,1,25,0,0,0,1028,0,0,0,0,0,1,1,0,0,0,346.3181041,0,0,0,0,3,1,1,1,100,0,0,0,3,1,1,0.1,3000,0,0,0,0,0,0,0,0,0,0,0,0,0,0,0,0,0,0,0,0,0,0,0,0,0,0,0,0,0,0,0,0,0,0,0,0,0,0,0,0,0,0,0,0,0,0,0,0,0,0,0
1989,239,12,0,5.291,2,8,0,-1,1,0,1,1,25,0,0,0,1028,0,0,0,0,0,1,1,0,0,0,346.3564031,0,0,0,0,3,1,1,1,100,0,0,0,3,1,1,0.1,3000,0,0,0,0,0,0,0,0,0,0,0,0,0,0,0,0,0,0,0,0,0,0,0,0,0,0,0,0,0,0,0,0,0,0,0,0,0,0,0,0,0,0,0,0,0,0,0,0,0,0,0
1989,239,12,1,18.37,2,8,0,-1,0,0,1,1,25,0,0,0,1028,0,0,0,0,0,1,1,0,0,0,346.4785176,0,0,0,0,3,1,1,1,100,0,0,0,3,1,1,0.1,3000,0,0,0,0,0,0,0,0,0,0,0,0,0,0,0,0,0,0,0,0,0,0,0,0,0,0,0,0,0,0,0,0,0,0,0,0,0,0,0,0,0,0,0,0,0,0,0,0,0,0,0
1989,239,12,1,41.289,2,8,0,-1,1,0,1,1,25,0,0,0,1028,0,0,0,0,0,1,1,0,0,0,346.5168148,0,0,0,0,3,1,1,1,100,0,0,0,3,1,1,0.1,3000,0,0,0,0,0,0,0,0,0,0,0,0,0,0,0,0,0,0,0,0,0,0,0,0,0,0,0,0,0,0,0,0,0,0,0,0,0,0,0,0,0,0,0,0,0,0,0,0,0,0,0
1989,239,12,2,54.37,2,8,0,-1,0,0,1,1,25,0,0,0,1028,0,0,0,0,0,1,1,0,0,0,346.6389307,0,0,0,0,3,1,1,1,100,0,0,0,3,1,1,0.1,3000,0,0,0,0,0,0,0,0,0,0,0,0,0,0,0,0,0,0,0,0,0,0,0,0,0,0,0,0,0,0,0,0,0,0,0,0,0,0,0,0,0,0,0,0,0,0,0,0,0,0,0
1989,239,12,3,17.289,2,8,0,-1,1,0,1,1,25,0,0,0,1028,0,0,0,0,0,1,1,0,0,0,346.6772286,0,0,0,0,3,1,1,1,100,0,0,0,3,1,1,0.1,3000,0,0,0,0,0,0,0,0,0,0,0,0,0,0,0,0,0,0,0,0,0,0,0,0,0,0,0,0,0,0,0,0,0,0,0,0,0,0,0,0,0,0,0,0,0,0,0,0,0,0,0
1989,239,12,6,54.37,2,8,0,-1,0,0,1,1,25,0,0,0,1028,0,0,0,0,0,1,1,0,0,0,347.0399631,0,0,0,0,3,1,1,1,100,0,0,0,3,1,1,0.1,3000,0,0,0,0,0,0,0,0,0,0,0,0,0,0,0,0,0,0,0,0,0,0,0,0,0,0,0,0,0,0,0,0,0,0,0,0,0,0,0,0,0,0,0,0,0,0,0,0,0,0,0
1989,239,12,7,17.289,2,8,0,-1,1,0,1,1,25,0,0,0,1028,0,0,0,0,0,1,1,0,0,0,347.0782607,0,0,0,0,3,1,1,1,100,0,0,0,3,1,1,0.1,3000,0,0,0,0,0,0,0,0,0,0,0,0,0,0,0,0,0,0,0,0,0,0,0,0,0,0,0,0,0,0,0,0,0,0,0,0,0,0,0,0,0,0,0,0,0,0,0,0,0,0,0
1989,239,12,8,30.37,2,8,0,-1,0,0,1,1,25,0,0,0,1028,0,0,0,0,0,1,1,0,0,0,347.2003751,0,0,0,0,3,1,1,1,100,0,0,0,3,1,1,0.1,3000,0,0,0,0,0,0,0,0,0,0,0,0,0,0,0,0,0,0,0,0,0,0,0,0,0,0,0,0,0,0,0,0,0,0,0,0,0,0,0,0,0,0,0,0,0,0,0,0,0,0,0
1989,239,12,8,53.289,2,8,0,-1,1,0,1,1,25,0,0,0,1028,0,0,0,0,0,1,1,0,0,0,347.2386726,0,0,0,0,3,1,1,1,100,0,0,0,3,1,1,0.1,3000,0,0,0,0,0,0,0,0,0,0,0,0,0,0,0,0,0,0,0,0,0,0,0,0,0,0,0,0,0,0,0,0,0,0,0,0,0,0,0,0,0,0,0,0,0,0,0,0,0,0,0
1989,239,12,10,6.37,2,8,0,-1,0,0,1,1,25,0,0,0,1028,0,0,0,0,0,1,1,0,0,0,347.3607867,0,0,0,0,3,1,1,1,100,0,0,0,3,1,1,0.1,3000,0,0,0,0,0,0,0,0,0,0,0,0,0,0,0,0,0,0,0,0,0,0,0,0,0,0,0,0,0,0,0,0,0,0,0,0,0,0,0,0,0,0,0,0,0,0,0,0,0,0,0
1989,239,12,10,29.289,2,8,0,-1,1,0,1,1,25,0,0,0,1028,0,0,0,0,0,1,1,0,0,0,347.3990832,0,0,0,0,3,1,1,1,100,0,0,0,3,1,1,0.1,3000,0,0,0,0,0,0,0,0,0,0,0,0,0,0,0,0,0,0,0,0,0,0,0,0,0,0,0,0,0,0,0,0,0,0,0,0,0,0,0,0,0,0,0,0,0,0,0,0,0,0,0
1989,239,12,11,42.37,2,8,0,-1,0,0,1,1,25,0,0,0,1028,0,0,0,0,0,1,1,0,0,0,347.5211977,0,0,0,0,3,1,1,1,100,0,0,0,3,1,1,0.1,3000,0,0,0,0,0,0,0,0,0,0,0,0,0,0,0,0,0,0,0,0,0,0,0,0,0,0,0,0,0,0,0,0,0,0,0,0,0,0,0,0,0,0,0,0,0,0,0,0,0,0,0
1989,239,12,12,5.29,2,8,0,-1,1,0,1,1,25,0,0,0,1028,0,0,0,0,0,1,1,0,0,0,347.5594957,0,0,0,0,3,1,1,1,100,0,0,0,3,1,1,0.1,3000,0,0,0,0,0,0,0,0,0,0,0,0,0,0,0,0,0,0,0,0,0,0,0,0,0,0,0,0,0,0,0,0,0,0,0,0,0,0,0,0,0,0,0,0,0,0,0,0,0,0,0
1989,239,12,13,18.37,2,8,0,-1,0,0,1,1,25,0,0,0,1028,0,0,0,0,0,1,1,0,0,0,347.6816082,0,0,0,0,3,1,1,1,100,0,0,0,3,1,1,0.1,3000,0,0,0,0,0,0,0,0,0,0,0,0,0,0,0,0,0,0,0,0,0,0,0,0,0,0,0,0,0,0,0,0,0,0,0,0,0,0,0,0,0,0,0,0,0,0,0,0,0,0,0
1989,239,12,13,41.289,2,8,0,-1,1,0,1,1,25,0,0,0,1028,0,0,0,0,0,1,1,0,0,0,347.7199045,0,0,0,0,3,1,1,1,100,0,0,0,3,1,1,0.1,3000,0,0,0,0,0,0,0,0,0,0,0,0,0,0,0,0,0,0,0,0,0,0,0,0,0,0,0,0,0,0,0,0,0,0,0,0,0,0,0,0,0,0,0,0,0,0,0,0,0,0,0
1989,239,12,14,54.369,2,8,0,-1,0,0,1,1,25,0,0,0,1028,0,0,0,0,0,1,1,0,0,0,347.8420165,0,0,0,0,3,1,1,1,100,0,0,0,3,1,1,0.1,3000,0,0,0,0,0,0,0,0,0,0,0,0,0,0,0,0,0,0,0,0,0,0,0,0,0,0,0,0,0,0,0,0,0,0,0,0,0,0,0,0,0,0,0,0,0,0,0,0,0,0,0
1989,239,12,15,17.289,2,8,0,-1,1,0,1,1,25,0,0,0,1028,0,0,0,0,0,1,1,0,0,0,347.8803143,0,0,0,0,3,1,1,1,100,0,0,0,3,1,1,0.1,3000,0,0,0,0,0,0,0,0,0,0,0,0,0,0,0,0,0,0,0,0,0,0,0,0,0,0,0,0,0,0,0,0,0,0,0,0,0,0,0,0,0,0,0,0,0,0,0,0,0,0,0
1989,239,12,18,54.369,2,8,0,-1,0,0,1,1,25,0,0,0,1028,0,0,0,0,0,1,1,0,0,0,348.2430392,0,0,0,0,3,1,1,1,100,0,0,0,3,1,1,0.1,3000,0,0,0,0,0,0,0,0,0,0,0,0,0,0,0,0,0,0,0,0,0,0,0,0,0,0,0,0,0,0,0,0,0,0,0,0,0,0,0,0,0,0,0,0,0,0,0,0,0,0,0
1989,239,12,19,17.289,2,8,0,-1,1,0,1,1,25,0,0,0,1028,0,0,0,0,0,1,1,0,0,0,348.2813367,0,0,0,0,3,1,1,1,100,0,0,0,3,1,1,0.1,3000,0,0,0,0,0,0,0,0,0,0,0,0,0,0,0,0,0,0,0,0,0,0,0,0,0,0,0,0,0,0,0,0,0,0,0,0,0,0,0,0,0,0,0,0,0,0,0,0,0,0,0
1989,239,12,20,30.369,2,8,0,-1,0,0,1,1,25,0,0,0,1028,0,0,0,0,0,1,1,0,0,0,348.4034474,0,0,0,0,3,1,1,1,100,0,0,0,3,1,1,0.1,3000,0,0,0,0,0,0,0,0,0,0,0,0,0,0,0,0,0,0,0,0,0,0,0,0,0,0,0,0,0,0,0,0,0,0,0,0,0,0,0,0,0,0,0,0,0,0,0,0,0,0,0
1989,239,12,20,53.289,2,8,0,-1,1,0,1,1,25,0,0,0,1028,0,0,0,0,0,1,1,0,0,0,348.441744,0,0,0,0,3,1,1,1,100,0,0,0,3,1,1,0.1,3000,0,0,0,0,0,0,0,0,0,0,0,0,0,0,0,0,0,0,0,0,0,0,0,0,0,0,0,0,0,0,0,0,0,0,0,0,0,0,0,0,0,0,0,0,0,0,0,0,0,0,0
1989,239,12,22,6.369,2,8,0,-1,0,0,1,1,25,0,0,0,1028,0,0,0,0,0,1,1,0,0,0,348.5638551,0,0,0,0,3,1,1,1,100,0,0,0,3,1,1,0.1,3000,0,0,0,0,0,0,0,0,0,0,0,0,0,0,0,0,0,0,0,0,0,0,0,0,0,0,0,0,0,0,0,0,0,0,0,0,0,0,0,0,0,0,0,0,0,0,0,0,0,0,0
1989,239,12,22,29.289,2,8,0,-1,1,0,1,1,25,0,0,0,1028,0,0,0,0,0,1,1,0,0,0,348.6021515,0,0,0,0,3,1,1,1,100,0,0,0,3,1,1,0.1,3000,0,0,0,0,0,0,0,0,0,0,0,0,0,0,0,0,0,0,0,0,0,0,0,0,0,0,0,0,0,0,0,0,0,0,0,0,0,0,0,0,0,0,0,0,0,0,0,0,0,0,0
1989,239,12,23,42.369,2,8,0,-1,0,0,1,1,25,0,0,0,1028,0,0,0,0,0,1,1,0,0,0,348.7242623,0,0,0,0,3,1,1,1,100,0,0,0,3,1,1,0.1,3000,0,0,0,0,0,0,0,0,0,0,0,0,0,0,0,0,0,0,0,0,0,0,0,0,0,0,0,0,0,0,0,0,0,0,0,0,0,0,0,0,0,0,0,0,0,0,0,0,0,0,0
1989,239,12,24,5.289,2,8,0,-1,1,0,1,1,25,0,0,0,1028,0,0,0,0,0,1,1,0,0,0,348.7625594,0,0,0,0,3,1,1,1,100,0,0,0,3,1,1,0.1,3000,0,0,0,0,0,0,0,0,0,0,0,0,0,0,0,0,0,0,0,0,0,0,0,0,0,0,0,0,0,0,0,0,0,0,0,0,0,0,0,0,0,0,0,0,0,0,0,0,0,0,0
1989,239,12,25,18.369,2,8,0,-1,0,0,1,1,25,0,0,0,1028,0,0,0,0,0,1,1,0,0,0,348.8846689,0,0,0,0,3,1,1,1,100,0,0,0,3,1,1,0.1,3000,0,0,0,0,0,0,0,0,0,0,0,0,0,0,0,0,0,0,0,0,0,0,0,0,0,0,0,0,0,0,0,0,0,0,0,0,0,0,0,0,0,0,0,0,0,0,0,0,0,0,0
1989,239,12,25,41.288,2,8,0,-1,1,0,1,1,25,0,0,0,1028,0,0,0,0,0,1,1,0,0,0,348.9229643,0,0,0,0,3,1,1,1,100,0,0,0,3,1,1,0.1,3000,0,0,0,0,0,0,0,0,0,0,0,0,0,0,0,0,0,0,0,0,0,0,0,0,0,0,0,0,0,0,0,0,0,0,0,0,0,0,0,0,0,0,0,0,0,0,0,0,0,0,0
1989,239,12,26,54.368,2,8,0,-1,0,0,1,1,25,0,0,0,1028,0,0,0,0,0,1,1,0,0,0,349.0450742,0,0,0,0,3,1,1,1,100,0,0,0,3,1,1,0.1,3000,0,0,0,0,0,0,0,0,0,0,0,0,0,0,0,0,0,0,0,0,0,0,0,0,0,0,0,0,0,0,0,0,0,0,0,0,0,0,0,0,0,0,0,0,0,0,0,0,0,0,0
1989,239,12,27,17.289,2,8,0,-1,1,0,1,1,25,0,0,0,1028,0,0,0,0,0,1,1,0,0,0,349.0833711,0,0,0,0,3,1,1,1,100,0,0,0,3,1,1,0.1,3000,0,0,0,0,0,0,0,0,0,0,0,0,0,0,0,0,0,0,0,0,0,0,0,0,0,0,0,0,0,0,0,0,0,0,0,0,0,0,0,0,0,0,0,0,0,0,0,0,0,0,0
1989,239,12,30,54.368,2,8,0,-1,0,0,1,1,25,0,0,0,1028,0,0,0,0,0,1,1,0,0,0,349.4460865,0,0,0,0,3,1,1,1,100,0,0,0,3,1,1,0.1,3000,0,0,0,0,0,0,0,0,0,0,0,0,0,0,0,0,0,0,0,0,0,0,0,0,0,0,0,0,0,0,0,0,0,0,0,0,0,0,0,0,0,0,0,0,0,0,0,0,0,0,0
1989,239,12,31,17.288,2,8,0,-1,1,0,1,1,25,0,0,0,1028,0,0,0,0,0,1,1,0,0,0,349.4843831,0,0,0,0,3,1,1,1,100,0,0,0,3,1,1,0.1,3000,0,0,0,0,0,0,0,0,0,0,0,0,0,0,0,0,0,0,0,0,0,0,0,0,0,0,0,0,0,0,0,0,0,0,0,0,0,0,0,0,0,0,0,0,0,0,0,0,0,0,0
1989,239,12,32,30.367,2,8,0,-1,0,0,1,1,25,0,0,0,1028,0,0,0,0,0,1,1,0,0,0,349.6064892,0,0,0,0,3,1,1,1,100,0,0,0,3,1,1,0.1,3000,0,0,0,0,0,0,0,0,0,0,0,0,0,0,0,0,0,0,0,0,0,0,0,0,0,0,0,0,0,0,0,0,0,0,0,0,0,0,0,0,0,0,0,0,0,0,0,0,0,0,0
1989,239,12,32,53.287,2,8,0,-1,1,0,1,1,25,0,0,0,1028,0,0,0,0,0,1,1,0,0,0,349.6447857,0,0,0,0,3,1,1,1,100,0,0,0,3,1,1,0.1,3000,0,0,0,0,0,0,0,0,0,0,0,0,0,0,0,0,0,0,0,0,0,0,0,0,0,0,0,0,0,0,0,0,0,0,0,0,0,0,0,0,0,0,0,0,0,0,0,0,0,0,0
1989,239,12,34,6.368,2,8,0,-1,0,0,1,1,25,0,0,0,1028,0,0,0,0,0,1,1,0,0,0,349.7668947,0,0,0,0,3,1,1,1,100,0,0,0,3,1,1,0.1,3000,0,0,0,0,0,0,0,0,0,0,0,0,0,0,0,0,0,0,0,0,0,0,0,0,0,0,0,0,0,0,0,0,0,0,0,0,0,0,0,0,0,0,0,0,0,0,0,0,0,0,0
1989,239,12,34,29.287,2,8,0,-1,1,0,1,1,25,0,0,0,1028,0,0,0,0,0,1,1,0,0,0,349.8051902,0,0,0,0,3,1,1,1,100,0,0,0,3,1,1,0.1,3000,0,0,0,0,0,0,0,0,0,0,0,0,0,0,0,0,0,0,0,0,0,0,0,0,0,0,0,0,0,0,0,0,0,0,0,0,0,0,0,0,0,0,0,0,0,0,0,0,0,0,0
1989,239,12,35,42.368,2,8,0,-1,0,0,1,1,25,0,0,0,1028,0,0,0,0,0,1,1,0,0,0,349.927298,0,0,0,0,3,1,1,1,100,0,0,0,3,1,1,0.1,3000,0,0,0,0,0,0,0,0,0,0,0,0,0,0,0,0,0,0,0,0,0,0,0,0,0,0,0,0,0,0,0,0,0,0,0,0,0,0,0,0,0,0,0,0,0,0,0,0,0,0,0
1989,239,12,36,5.288,2,8,0,-1,1,0,1,1,25,0,0,0,1028,0,0,0,0,0,1,1,0,0,0,349.9655943,0,0,0,0,3,1,1,1,100,0,0,0,3,1,1,0.1,3000,0,0,0,0,0,0,0,0,0,0,0,0,0,0,0,0,0,0,0,0,0,0,0,0,0,0,0,0,0,0,0,0,0,0,0,0,0,0,0,0,0,0,0,0,0,0,0,0,0,0,0
1989,239,12,37,18.368,2,8,0,-1,0,0,1,1,25,0,0,0,1028,0,0,0,0,0,1,1,0,0,0,350.0877009,0,0,0,0,3,1,1,1,100,0,0,0,3,1,1,0.1,3000,0,0,0,0,0,0,0,0,0,0,0,0,0,0,0,0,0,0,0,0,0,0,0,0,0,0,0,0,0,0,0,0,0,0,0,0,0,0,0,0,0,0,0,0,0,0,0,0,0,0,0
1989,239,12,37,41.287,2,8,0,-1,1,0,1,1,25,0,0,0,1028,0,0,0,0,0,1,1,0,0,0,350.1259953,0,0,0,0,3,1,1,1,100,0,0,0,3,1,1,0.1,3000,0,0,0,0,0,0,0,0,0,0,0,0,0,0,0,0,0,0,0,0,0,0,0,0,0,0,0,0,0,0,0,0,0,0,0,0,0,0,0,0,0,0,0,0,0,0,0,0,0,0,0
1989,239,12,38,54.368,2,8,0,-1,0,0,1,1,25,0,0,0,1028,0,0,0,0,0,1,1,0,0,0,350.2481032,0,0,0,0,3,1,1,1,100,0,0,0,3,1,1,0.1,3000,0,0,0,0,0,0,0,0,0,0,0,0,0,0,0,0,0,0,0,0,0,0,0,0,0,0,0,0,0,0,0,0,0,0,0,0,0,0,0,0,0,0,0,0,0,0,0,0,0,0,0
1989,239,12,39,17.288,2,8,0,-1,1,0,1,1,25,0,0,0,1028,0,0,0,0,0,1,1,0,0,0,350.2863992,0,0,0,0,3,1,1,1,100,0,0,0,3,1,1,0.1,3000,0,0,0,0,0,0,0,0,0,0,0,0,0,0,0,0,0,0,0,0,0,0,0,0,0,0,0,0,0,0,0,0,0,0,0,0,0,0,0,0,0,0,0,0,0,0,0,0,0,0,0
1989,239,12,42,54.367,2,8,0,-1,0,0,1,1,25,0,0,0,1028,0,0,0,0,0,1,1,0,0,0,350.6491051,0,0,0,0,3,1,1,1,100,0,0,0,3,1,1,0.1,3000,0,0,0,0,0,0,0,0,0,0,0,0,0,0,0,0,0,0,0,0,0,0,0,0,0,0,0,0,0,0,0,0,0,0,0,0,0,0,0,0,0,0,0,0,0,0,0,0,0,0,0
1989,239,12,43,17.287,2,8,0,-1,1,0,1,1,25,0,0,0,1028,0,0,0,0,0,1,1,0,0,0,350.6874008,0,0,0,0,3,1,1,1,100,0,0,0,3,1,1,0.1,3000,0,0,0,0,0,0,0,0,0,0,0,0,0,0,0,0,0,0,0,0,0,0,0,0,0,0,0,0,0,0,0,0,0,0,0,0,0,0,0,0,0,0,0,0,0,0,0,0,0,0,0
1989,239,12,44,30.366,2,8,0,-1,0,0,1,1,25,0,0,0,1028,0,0,0,0,0,1,1,0,0,0,350.8095048,0,0,0,0,3,1,1,1,100,0,0,0,3,1,1,0.1,3000,0,0,0,0,0,0,0,0,0,0,0,0,0,0,0,0,0,0,0,0,0,0,0,0,0,0,0,0,0,0,0,0,0,0,0,0,0,0,0,0,0,0,0,0,0,0,0,0,0,0,0
1989,239,12,44,53.287,2,8,0,-1,1,0,1,1,25,0,0,0,1028,0,0,0,0,0,1,1,0,0,0,350.8478012,0,0,0,0,3,1,1,1,100,0,0,0,3,1,1,0.1,3000,0,0,0,0,0,0,0,0,0,0,0,0,0,0,0,0,0,0,0,0,0,0,0,0,0,0,0,0,0,0,0,0,0,0,0,0,0,0,0,0,0,0,0,0,0,0,0,0,0,0,0
1989,239,12,46,6.367,2,8,0,-1,0,0,1,1,25,0,0,0,1028,0,0,0,0,0,1,1,0,0,0,350.9699057,0,0,0,0,3,1,1,1,100,0,0,0,3,1,1,0.1,3000,0,0,0,0,0,0,0,0,0,0,0,0,0,0,0,0,0,0,0,0,0,0,0,0,0,0,0,0,0,0,0,0,0,0,0,0,0,0,0,0,0,0,0,0,0,0,0,0,0,0,0
1989,239,12,46,29.286,2,8,0,-1,1,0,1,1,25,0,0,0,1028,0,0,0,0,0,1,1,0,0,0,351.0082003,0,0,0,0,3,1,1,1,100,0,0,0,3,1,1,0.1,3000,0,0,0,0,0,0,0,0,0,0,0,0,0,0,0,0,0,0,0,0,0,0,0,0,0,0,0,0,0,0,0,0,0,0,0,0,0,0,0,0,0,0,0,0,0,0,0,0,0,0,0
1989,239,12,47,42.366,2,8,0,-1,0,0,1,1,25,0,0,0,1028,0,0,0,0,0,1,1,0,0,0,351.1303044,0,0,0,0,3,1,1,1,100,0,0,0,3,1,1,0.1,3000,0,0,0,0,0,0,0,0,0,0,0,0,0,0,0,0,0,0,0,0,0,0,0,0,0,0,0,0,0,0,0,0,0,0,0,0,0,0,0,0,0,0,0,0,0,0,0,0,0,0,0
1989,239,12,48,5.287,2,8,0,-1,1,0,1,1,25,0,0,0,1028,0,0,0,0,0,1,1,0,0,0,351.1686005,0,0,0,0,3,1,1,1,100,0,0,0,3,1,1,0.1,3000,0,0,0,0,0,0,0,0,0,0,0,0,0,0,0,0,0,0,0,0,0,0,0,0,0,0,0,0,0,0,0,0,0,0,0,0,0,0,0,0,0,0,0,0,0,0,0,0,0,0,0
1989,239,12,49,18.367,2,8,0,-1,0,0,1,1,25,0,0,0,1028,0,0,0,0,0,1,1,0,0,0,351.2907042,0,0,0,0,3,1,1,1,100,0,0,0,3,1,1,0.1,3000,0,0,0,0,0,0,0,0,0,0,0,0,0,0,0,0,0,0,0,0,0,0,0,0,0,0,0,0,0,0,0,0,0,0,0,0,0,0,0,0,0,0,0,0,0,0,0,0,0,0,0
1989,239,12,49,41.286,2,8,0,-1,1,0,1,1,25,0,0,0,1028,0,0,0,0,0,1,1,0,0,0,351.3289986,0,0,0,0,3,1,1,1,100,0,0,0,3,1,1,0.1,3000,0,0,0,0,0,0,0,0,0,0,0,0,0,0,0,0,0,0,0,0,0,0,0,0,0,0,0,0,0,0,0,0,0,0,0,0,0,0,0,0,0,0,0,0,0,0,0,0,0,0,0
1989,239,12,50,54.367,2,8,0,-1,0,0,1,1,25,0,0,0,1028,0,0,0,0,0,1,1,0,0,0,351.4511028,0,0,0,0,3,1,1,1,100,0,0,0,3,1,1,0.1,3000,0,0,0,0,0,0,0,0,0,0,0,0,0,0,0,0,0,0,0,0,0,0,0,0,0,0,0,0,0,0,0,0,0,0,0,0,0,0,0,0,0,0,0,0,0,0,0,0,0,0,0
1989,239,12,51,17.287,2,8,0,-1,1,0,1,1,25,0,0,0,1028,0,0,0,0,0,1,1,0,0,0,351.4893978,0,0,0,0,3,1,1,1,100,0,0,0,3,1,1,0.1,3000,0,0,0,0,0,0,0,0,0,0,0,0,0,0,0,0,0,0,0,0,0,0,0,0,0,0,0,0,0,0,0,0,0,0,0,0,0,0,0,0,0,0,0,0,0,0,0,0,0,0,0
1989,239,12,54,54.366,2,8,0,-1,0,0,1,1,25,0,0,0,1028,0,0,0,0,0,1,1,0,0,0,351.8520952,0,0,0,0,3,1,1,1,100,0,0,0,3,1,1,0.1,3000,0,0,0,0,0,0,0,0,0,0,0,0,0,0,0,0,0,0,0,0,0,0,0,0,0,0,0,0,0,0,0,0,0,0,0,0,0,0,0,0,0,0,0,0,0,0,0,0,0,0,0
1989,239,12,55,17.286,2,8,0,-1,1,0,1,1,25,0,0,0,1028,0,0,0,0,0,1,1,0,0,0,351.89039,0,0,0,0,3,1,1,1,100,0,0,0,3,1,1,0.1,3000,0,0,0,0,0,0,0,0,0,0,0,0,0,0,0,0,0,0,0,0,0,0,0,0,0,0,0,0,0,0,0,0,0,0,0,0,0,0,0,0,0,0,0,0,0,0,0,0,0,0,0
1989,239,12,56,30.366,2,8,0,-1,0,0,1,1,25,0,0,0,1028,0,0,0,0,0,1,1,0,0,0,352.0124919,0,0,0,0,3,1,1,1,100,0,0,0,3,1,1,0.1,3000,0,0,0,0,0,0,0,0,0,0,0,0,0,0,0,0,0,0,0,0,0,0,0,0,0,0,0,0,0,0,0,0,0,0,0,0,0,0,0,0,0,0,0,0,0,0,0,0,0,0,0
1989,239,12,56,53.286,2,8,0,-1,1,0,1,1,25,0,0,0,1028,0,0,0,0,0,1,1,0,0,0,352.0507866,0,0,0,0,3,1,1,1,100,0,0,0,3,1,1,0.1,3000,0,0,0,0,0,0,0,0,0,0,0,0,0,0,0,0,0,0,0,0,0,0,0,0,0,0,0,0,0,0,0,0,0,0,0,0,0,0,0,0,0,0,0,0,0,0,0,0,0,0,0
1989,239,12,58,6.366,2,8,0,-1,0,0,1,1,25,0,0,0,1028,0,0,0,0,0,1,1,0,0,0,352.1728882,0,0,0,0,3,1,1,1,100,0,0,0,3,1,1,0.1,3000,0,0,0,0,0,0,0,0,0,0,0,0,0,0,0,0,0,0,0,0,0,0,0,0,0,0,0,0,0,0,0,0,0,0,0,0,0,0,0,0,0,0,0,0,0,0,0,0,0,0,0
1989,239,12,58,29.286,2,8,0,-1,1,0,1,1,25,0,0,0,1028,0,0,0,0,0,1,1,0,0,0,352.2111827,0,0,0,0,3,1,1,1,100,0,0,0,3,1,1,0.1,3000,0,0,0,0,0,0,0,0,0,0,0,0,0,0,0,0,0,0,0,0,0,0,0,0,0,0,0,0,0,0,0,0,0,0,0,0,0,0,0,0,0,0,0,0,0,0,0,0,0,0,0
1989,239,12,59,42.366,2,8,0,-1,0,0,1,1,25,0,0,0,1028,0,0,0,0,0,1,1,0,0,0,352.333284,0,0,0,0,3,1,1,1,100,0,0,0,3,1,1,0.1,3000,0,0,0,0,0,0,0,0,0,0,0,0,0,0,0,0,0,0,0,0,0,0,0,0,0,0,0,0,0,0,0,0,0,0,0,0,0,0,0,0,0,0,0,0,0,0,0,0,0,0,0
1989,239,13,0,5.286,2,8,0,-1,1,0,1,1,25,0,0,0,1028,0,0,0,0,0,1,1,0,0,0,352.3715784,0,0,0,0,3,1,1,1,100,0,0,0,3,1,1,0.1,3000,0,0,0,0,0,0,0,0,0,0,0,0,0,0,0,0,0,0,0,0,0,0,0,0,0,0,0,0,0,0,0,0,0,0,0,0,0,0,0,0,0,0,0,0,0,0,0,0,0,0,0
1989,239,13,1,18.366,2,8,0,-1,0,0,1,1,25,0,0,0,1028,0,0,0,0,0,1,1,0,0,0,352.4936792,0,0,0,0,3,1,1,1,100,0,0,0,3,1,1,0.1,3000,0,0,0,0,0,0,0,0,0,0,0,0,0,0,0,0,0,0,0,0,0,0,0,0,0,0,0,0,0,0,0,0,0,0,0,0,0,0,0,0,0,0,0,0,0,0,0,0,0,0,0
1989,239,13,1,41.286,2,8,0,-1,1,0,1,1,25,0,0,0,1028,0,0,0,0,0,1,1,0,0,0,352.5319735,0,0,0,0,3,1,1,1,100,0,0,0,3,1,1,0.1,3000,0,0,0,0,0,0,0,0,0,0,0,0,0,0,0,0,0,0,0,0,0,0,0,0,0,0,0,0,0,0,0,0,0,0,0,0,0,0,0,0,0,0,0,0,0,0,0,0,0,0,0
1989,239,13,2,54.366,2,8,0,-1,0,0,1,1,25,0,0,0,1028,0,0,0,0,0,1,1,0,0,0,352.654074,0,0,0,0,3,1,1,1,100,0,0,0,3,1,1,0.1,3000,0,0,0,0,0,0,0,0,0,0,0,0,0,0,0,0,0,0,0,0,0,0,0,0,0,0,0,0,0,0,0,0,0,0,0,0,0,0,0,0,0,0,0,0,0,0,0,0,0,0,0
1989,239,13,3,17.286,2,8,0,-1,1,0,1,1,25,0,0,0,1028,0,0,0,0,0,1,1,0,0,0,352.6923681,0,0,0,0,3,1,1,1,100,0,0,0,3,1,1,0.1,3000,0,0,0,0,0,0,0,0,0,0,0,0,0,0,0,0,0,0,0,0,0,0,0,0,0,0,0,0,0,0,0,0,0,0,0,0,0,0,0,0,0,0,0,0,0,0,0,0,0,0,0
1989,239,13,6,54.365,2,8,0,-1,0,0,1,1,25,0,0,0,1028,0,0,0,0,0,1,1,0,0,0,353.055057,0,0,0,0,3,1,1,1,100,0,0,0,3,1,1,0.1,3000,0,0,0,0,0,0,0,0,0,0,0,0,0,0,0,0,0,0,0,0,0,0,0,0,0,0,0,0,0,0,0,0,0,0,0,0,0,0,0,0,0,0,0,0,0,0,0,0,0,0,0
1989,239,13,7,17.285,2,8,0,-1,1,0,1,1,25,0,0,0,1028,0,0,0,0,0,1,1,0,0,0,353.0933508,0,0,0,0,3,1,1,1,100,0,0,0,3,1,1,0.1,3000,0,0,0,0,0,0,0,0,0,0,0,0,0,0,0,0,0,0,0,0,0,0,0,0,0,0,0,0,0,0,0,0,0,0,0,0,0,0,0,0,0,0,0,0,0,0,0,0,0,0,0
1989,239,13,8,30.365,2,8,0,-1,0,0,1,1,25,0,0,0,1028,0,0,0,0,0,1,1,0,0,0,353.21545,0,0,0,0,3,1,1,1,100,0,0,0,3,1,1,0.1,3000,0,0,0,0,0,0,0,0,0,0,0,0,0,0,0,0,0,0,0,0,0,0,0,0,0,0,0,0,0,0,0,0,0,0,0,0,0,0,0,0,0,0,0,0,0,0,0,0,0,0,0
1989,239,13,8,53.285,2,8,0,-1,1,0,1,1,25,0,0,0,1028,0,0,0,0,0,1,1,0,0,0,353.2537437,0,0,0,0,3,1,1,1,100,0,0,0,3,1,1,0.1,3000,0,0,0,0,0,0,0,0,0,0,0,0,0,0,0,0,0,0,0,0,0,0,0,0,0,0,0,0,0,0,0,0,0,0,0,0,0,0,0,0,0,0,0,0,0,0,0,0,0,0,0
1989,239,13,10,6.365,2,8,0,-1,0,0,1,1,25,0,0,0,1028,0,0,0,0,0,1,1,0,0,0,353.3758425,0,0,0,0,3,1,1,1,100,0,0,0,3,1,1,0.1,3000,0,0,0,0,0,0,0,0,0,0,0,0,0,0,0,0,0,0,0,0,0,0,0,0,0,0,0,0,0,0,0,0,0,0,0,0,0,0,0,0,0,0,0,0,0,0,0,0,0,0,0
1989,239,13,10,29.285,2,8,0,-1,1,0,1,1,25,0,0,0,1028,0,0,0,0,0,1,1,0,0,0,353.4141361,0,0,0,0,3,1,1,1,100,0,0,0,3,1,1,0.1,3000,0,0,0,0,0,0,0,0,0,0,0,0,0,0,0,0,0,0,0,0,0,0,0,0,0,0,0,0,0,0,0,0,0,0,0,0,0,0,0,0,0,0,0,0,0,0,0,0,0,0,0
1989,239,13,11,42.365,2,8,0,-1,0,0,1,1,25,0,0,0,1028,0,0,0,0,0,1,1,0,0,0,353.5362345,0,0,0,0,3,1,1,1,100,0,0,0,3,1,1,0.1,3000,0,0,0,0,0,0,0,0,0,0,0,0,0,0,0,0,0,0,0,0,0,0,0,0,0,0,0,0,0,0,0,0,0,0,0,0,0,0,0,0,0,0,0,0,0,0,0,0,0,0,0
1989,239,13,12,5.285,2,8,0,-1,1,0,1,1,25,0,0,0,1028,0,0,0,0,0,1,1,0,0,0,353.574528,0,0,0,0,3,1,1,1,100,0,0,0,3,1,1,0.1,3000,0,0,0,0,0,0,0,0,0,0,0,0,0,0,0,0,0,0,0,0,0,0,0,0,0,0,0,0,0,0,0,0,0,0,0,0,0,0,0,0,0,0,0,0,0,0,0,0,0,0,0
1989,239,13,14,54.365,2,8,0,-1,0,0,1,1,25,0,0,0,1028,0,0,0,0,0,1,1,0,0,0,353.857017,0,0,0,0,3,1,1,1,100,0,0,0,3,1,1,0.1,3000,0,0,0,0,0,0,0,0,0,0,0,0,0,0,0,0,0,0,0,0,0,0,0,0,0,0,0,0,0,0,0,0,0,0,0,0,0,0,0,0,0,0,0,0,0,0,0,0,0,0,0
1989,239,13,15,17.285,2,8,0,-1,1,0,1,1,25,0,0,0,1028,0,0,0,0,0,1,1,0,0,0,353.8953103,0,0,0,0,3,1,1,1,100,0,0,0,3,1,1,0.1,3000,0,0,0,0,0,0,0,0,0,0,0,0,0,0,0,0,0,0,0,0,0,0,0,0,0,0,0,0,0,0,0,0,0,0,0,0,0,0,0,0,0,0,0,0,0,0,0,0,0,0,0
1989,239,13,18,54.364,2,8,0,-1,0,0,1,1,25,0,0,0,1028,0,0,0,0,0,1,1,0,0,0,354.2579907,0,0,0,0,3,1,1,1,100,0,0,0,3,1,1,0.1,3000,0,0,0,0,0,0,0,0,0,0,0,0,0,0,0,0,0,0,0,0,0,0,0,0,0,0,0,0,0,0,0,0,0,0,0,0,0,0,0,0,0,0,0,0,0,0,0,0,0,0,0
1989,239,13,19,17.284,2,8,0,-1,1,0,1,1,25,0,0,0,1028,0,0,0,0,0,1,1,0,0,0,354.2962828,0,0,0,0,3,1,1,1,100,0,0,0,3,1,1,0.1,3000,0,0,0,0,0,0,0,0,0,0,0,0,0,0,0,0,0,0,0,0,0,0,0,0,0,0,0,0,0,0,0,0,0,0,0,0,0,0,0,0,0,0,0,0,0,0,0,0,0,0,0
1989,239,13,20,30.364,2,8,0,-1,0,0,1,1,25,0,0,0,1028,0,0,0,0,0,1,1,0,0,0,354.4183799,0,0,0,0,3,1,1,1,100,0,0,0,3,1,1,0.1,3000,0,0,0,0,0,0,0,0,0,0,0,0,0,0,0,0,0,0,0,0,0,0,0,0,0,0,0,0,0,0,0,0,0,0,0,0,0,0,0,0,0,0,0,0,0,0,0,0,0,0,0
1989,239,13,20,53.284,2,8,0,-1,1,0,1,1,25,0,0,0,1028,0,0,0,0,0,1,1,0,0,0,354.4566728,0,0,0,0,3,1,1,1,100,0,0,0,3,1,1,0.1,3000,0,0,0,0,0,0,0,0,0,0,0,0,0,0,0,0,0,0,0,0,0,0,0,0,0,0,0,0,0,0,0,0,0,0,0,0,0,0,0,0,0,0,0,0,0,0,0,0,0,0,0
1989,239,13,22,6.364,2,8,0,-1,0,0,1,1,25,0,0,0,1028,0,0,0,0,0,1,1,0,0,0,354.5787687,0,0,0,0,3,1,1,1,100,0,0,0,3,1,1,0.1,3000,0,0,0,0,0,0,0,0,0,0,0,0,0,0,0,0,0,0,0,0,0,0,0,0,0,0,0,0,0,0,0,0,0,0,0,0,0,0,0,0,0,0,0,0,0,0,0,0,0,0,0
1989,239,13,22,29.283,2,8,0,-1,1,0,1,1,25,0,0,0,1028,0,0,0,0,0,1,1,0,0,0,354.6170606,0,0,0,0,3,1,1,1,100,0,0,0,3,1,1,0.1,3000,0,0,0,0,0,0,0,0,0,0,0,0,0,0,0,0,0,0,0,0,0,0,0,0,0,0,0,0,0,0,0,0,0,0,0,0,0,0,0,0,0,0,0,0,0,0,0,0,0,0,0
1989,239,13,23,42.364,2,8,0,-1,0,0,1,1,25,0,0,0,1028,0,0,0,0,0,1,1,0,0,0,354.739157,0,0,0,0,3,1,1,1,100,0,0,0,3,1,1,0.1,3000,0,0,0,0,0,0,0,0,0,0,0,0,0,0,0,0,0,0,0,0,0,0,0,0,0,0,0,0,0,0,0,0,0,0,0,0,0,0,0,0,0,0,0,0,0,0,0,0,0,0,0
1989,239,13,24,5.284,2,8,0,-1,1,0,1,1,25,0,0,0,1028,0,0,0,0,0,1,1,0,0,0,354.7774496,0,0,0,0,3,1,1,1,100,0,0,0,3,1,1,0.1,3000,0,0,0,0,0,0,0,0,0,0,0,0,0,0,0,0,0,0,0,0,0,0,0,0,0,0,0,0,0,0,0,0,0,0,0,0,0,0,0,0,0,0,0,0,0,0,0,0,0,0,0
1989,239,13,25,18.364,2,8,0,-1,0,0,1,1,25,0,0,0,1028,0,0,0,0,0,1,1,0,0,0,354.8995448,0,0,0,0,3,1,1,1,100,0,0,0,3,1,1,0.1,3000,0,0,0,0,0,0,0,0,0,0,0,0,0,0,0,0,0,0,0,0,0,0,0,0,0,0,0,0,0,0,0,0,0,0,0,0,0,0,0,0,0,0,0,0,0,0,0,0,0,0,0
1989,239,13,25,41.284,2,8,0,-1,1,0,1,1,25,0,0,0,1028,0,0,0,0,0,1,1,0,0,0,354.9378373,0,0,0,0,3,1,1,1,100,0,0,0,3,1,1,0.1,3000,0,0,0,0,0,0,0,0,0,0,0,0,0,0,0,0,0,0,0,0,0,0,0,0,0,0,0,0,0,0,0,0,0,0,0,0,0,0,0,0,0,0,0,0,0,0,0,0,0,0,0
1989,239,13,26,54.364,2,8,0,-1,0,0,1,1,25,0,0,0,1028,0,0,0,0,0,1,1,0,0,0,355.059932,0,0,0,0,3,1,1,1,100,0,0,0,3,1,1,0.1,3000,0,0,0,0,0,0,0,0,0,0,0,0,0,0,0,0,0,0,0,0,0,0,0,0,0,0,0,0,0,0,0,0,0,0,0,0,0,0,0,0,0,0,0,0,0,0,0,0,0,0,0
1989,239,13,27,17.284,2,8,0,-1,1,0,1,1,25,0,0,0,1028,0,0,0,0,0,1,1,0,0,0,355.0982236,0,0,0,0,3,1,1,1,100,0,0,0,3,1,1,0.1,3000,0,0,0,0,0,0,0,0,0,0,0,0,0,0,0,0,0,0,0,0,0,0,0,0,0,0,0,0,0,0,0,0,0,0,0,0,0,0,0,0,0,0,0,0,0,0,0,0,0,0,0
1989,239,13,30,54.364,2,8,0,-1,0,0,1,1,25,0,0,0,1028,0,0,0,0,0,1,1,0,0,0,355.4608981,0,0,0,0,3,1,1,1,100,0,0,0,3,1,1,0.1,3000,0,0,0,0,0,0,0,0,0,0,0,0,0,0,0,0,0,0,0,0,0,0,0,0,0,0,0,0,0,0,0,0,0,0,0,0,0,0,0,0,0,0,0,0,0,0,0,0,0,0,0
1989,239,13,31,17.284,2,8,0,-1,1,0,1,1,25,0,0,0,1028,0,0,0,0,0,1,1,0,0,0,355.4991894,0,0,0,0,3,1,1,1,100,0,0,0,3,1,1,0.1,3000,0,0,0,0,0,0,0,0,0,0,0,0,0,0,0,0,0,0,0,0,0,0,0,0,0,0,0,0,0,0,0,0,0,0,0,0,0,0,0,0,0,0,0,0,0,0,0,0,0,0,0
1989,239,13,32,30.363,2,8,0,-1,0,0,1,1,25,0,0,0,1028,0,0,0,0,0,1,1,0,0,0,355.621282,0,0,0,0,3,1,1,1,100,0,0,0,3,1,1,0.1,3000,0,0,0,0,0,0,0,0,0,0,0,0,0,0,0,0,0,0,0,0,0,0,0,0,0,0,0,0,0,0,0,0,0,0,0,0,0,0,0,0,0,0,0,0,0,0,0,0,0,0,0
1989,239,13,32,53.283,2,8,0,-1,1,0,1,1,25,0,0,0,1028,0,0,0,0,0,1,1,0,0,0,355.659574,0,0,0,0,3,1,1,1,100,0,0,0,3,1,1,0.1,3000,0,0,0,0,0,0,0,0,0,0,0,0,0,0,0,0,0,0,0,0,0,0,0,0,0,0,0,0,0,0,0,0,0,0,0,0,0,0,0,0,0,0,0,0,0,0,0,0,0,0,0
1989,239,13,34,6.363,2,8,0,-1,0,0,1,1,25,0,0,0,1028,0,0,0,0,0,1,1,0,0,0,355.7816671,0,0,0,0,3,1,1,1,100,0,0,0,3,1,1,0.1,3000,0,0,0,0,0,0,0,0,0,0,0,0,0,0,0,0,0,0,0,0,0,0,0,0,0,0,0,0,0,0,0,0,0,0,0,0,0,0,0,0,0,0,0,0,0,0,0,0,0,0,0
1989,239,13,34,29.282,2,8,0,-1,1,0,1,1,25,0,0,0,1028,0,0,0,0,0,1,1,0,0,0,355.8199581,0,0,0,0,3,1,1,1,100,0,0,0,3,1,1,0.1,3000,0,0,0,0,0,0,0,0,0,0,0,0,0,0,0,0,0,0,0,0,0,0,0,0,0,0,0,0,0,0,0,0,0,0,0,0,0,0,0,0,0,0,0,0,0,0,0,0,0,0,0
1989,239,13,35,42.363,2,8,0,-1,0,0,1,1,25,0,0,0,1028,0,0,0,0,0,1,1,0,0,0,355.9420516,0,0,0,0,3,1,1,1,100,0,0,0,3,1,1,0.1,3000,0,0,0,0,0,0,0,0,0,0,0,0,0,0,0,0,0,0,0,0,0,0,0,0,0,0,0,0,0,0,0,0,0,0,0,0,0,0,0,0,0,0,0,0,0,0,0,0,0,0,0
1989,239,13,36,5.283,2,8,0,-1,1,0,1,1,25,0,0,0,1028,0,0,0,0,0,1,1,0,0,0,355.9803434,0,0,0,0,3,1,1,1,100,0,0,0,3,1,1,0.1,3000,0,0,0,0,0,0,0,0,0,0,0,0,0,0,0,0,0,0,0,0,0,0,0,0,0,0,0,0,0,0,0,0,0,0,0,0,0,0,0,0,0,0,0,0,0,0,0,0,0,0,0
1989,239,13,37,18.362,2,8,0,-1,0,0,1,1,25,0,0,0,1028,0,0,0,0,0,1,1,0,0,0,356.102434,0,0,0,0,3,1,1,1,100,0,0,0,3,1,1,0.1,3000,0,0,0,0,0,0,0,0,0,0,0,0,0,0,0,0,0,0,0,0,0,0,0,0,0,0,0,0,0,0,0,0,0,0,0,0,0,0,0,0,0,0,0,0,0,0,0,0,0,0,0
1989,239,13,37,41.282,2,8,0,-1,1,0,1,1,25,0,0,0,1028,0,0,0,0,0,1,1,0,0,0,356.1407257,0,0,0,0,3,1,1,1,100,0,0,0,3,1,1,0.1,3000,0,0,0,0,0,0,0,0,0,0,0,0,0,0,0,0,0,0,0,0,0,0,0,0,0,0,0,0,0,0,0,0,0,0,0,0,0,0,0,0,0,0,0,0,0,0,0,0,0,0,0
1989,239,13,38,54.362,2,8,0,-1,0,0,1,1,25,0,0,0,1028,0,0,0,0,0,1,1,0,0,0,356.2628176,0,0,0,0,3,1,1,1,100,0,0,0,3,1,1,0.1,3000,0,0,0,0,0,0,0,0,0,0,0,0,0,0,0,0,0,0,0,0,0,0,0,0,0,0,0,0,0,0,0,0,0,0,0,0,0,0,0,0,0,0,0,0,0,0,0,0,0,0,0
1989,239,13,39,17.282,2,8,0,-1,1,0,1,1,25,0,0,0,1028,0,0,0,0,0,1,1,0,0,0,356.3011091,0,0,0,0,3,1,1,1,100,0,0,0,3,1,1,0.1,3000,0,0,0,0,0,0,0,0,0,0,0,0,0,0,0,0,0,0,0,0,0,0,0,0,0,0,0,0,0,0,0,0,0,0,0,0,0,0,0,0,0,0,0,0,0,0,0,0,0,0,0
1989,239,13,42,54.362,2,8,0,-1,0,0,1,1,25,0,0,0,1028,0,0,0,0,0,1,1,0,0,0,356.6637745,0,0,0,0,3,1,1,1,100,0,0,0,3,1,1,0.1,3000,0,0,0,0,0,0,0,0,0,0,0,0,0,0,0,0,0,0,0,0,0,0,0,0,0,0,0,0,0,0,0,0,0,0,0,0,0,0,0,0,0,0,0,0,0,0,0,0,0,0,0
1989,239,13,43,17.282,2,8,0,-1,1,0,1,1,25,0,0,0,1028,0,0,0,0,0,1,1,0,0,0,356.7020657,0,0,0,0,3,1,1,1,100,0,0,0,3,1,1,0.1,3000,0,0,0,0,0,0,0,0,0,0,0,0,0,0,0,0,0,0,0,0,0,0,0,0,0,0,0,0,0,0,0,0,0,0,0,0,0,0,0,0,0,0,0,0,0,0,0,0,0,0,0
1989,239,13,44,30.361,2,8,0,-1,0,0,1,1,25,0,0,0,1028,0,0,0,0,0,1,1,0,0,0,356.8241555,0,0,0,0,3,1,1,1,100,0,0,0,3,1,1,0.1,3000,0,0,0,0,0,0,0,0,0,0,0,0,0,0,0,0,0,0,0,0,0,0,0,0,0,0,0,0,0,0,0,0,0,0,0,0,0,0,0,0,0,0,0,0,0,0,0,0,0,0,0
1989,239,13,44,53.281,2,8,0,-1,1,0,1,1,25,0,0,0,1028,0,0,0,0,0,1,1,0,0,0,356.8624466,0,0,0,0,3,1,1,1,100,0,0,0,3,1,1,0.1,3000,0,0,0,0,0,0,0,0,0,0,0,0,0,0,0,0,0,0,0,0,0,0,0,0,0,0,0,0,0,0,0,0,0,0,0,0,0,0,0,0,0,0,0,0,0,0,0,0,0,0,0
1989,239,13,46,6.361,2,8,0,-1,0,0,1,1,25,0,0,0,1028,0,0,0,0,0,1,1,0,0,0,356.9845369,0,0,0,0,3,1,1,1,100,0,0,0,3,1,1,0.1,3000,0,0,0,0,0,0,0,0,0,0,0,0,0,0,0,0,0,0,0,0,0,0,0,0,0,0,0,0,0,0,0,0,0,0,0,0,0,0,0,0,0,0,0,0,0,0,0,0,0,0,0
1989,239,13,46,29.281,2,8,0,-1,1,0,1,1,25,0,0,0,1028,0,0,0,0,0,1,1,0,0,0,357.0228279,0,0,0,0,3,1,1,1,100,0,0,0,3,1,1,0.1,3000,0,0,0,0,0,0,0,0,0,0,0,0,0,0,0,0,0,0,0,0,0,0,0,0,0,0,0,0,0,0,0,0,0,0,0,0,0,0,0,0,0,0,0,0,0,0,0,0,0,0,0
1989,239,13,47,42.362,2,8,0,-1,0,0,1,1,25,0,0,0,1028,0,0,0,0,0,1,1,0,0,0,357.1449178,0,0,0,0,3,1,1,1,100,0,0,0,3,1,1,0.1,3000,0,0,0,0,0,0,0,0,0,0,0,0,0,0,0,0,0,0,0,0,0,0,0,0,0,0,0,0,0,0,0,0,0,0,0,0,0,0,0,0,0,0,0,0,0,0,0,0,0,0,0
1989,239,13,48,5.281,2,8,0,-1,1,0,1,1,25,0,0,0,1028,0,0,0,0,0,1,1,0,0,0,357.1832087,0,0,0,0,3,1,1,1,100,0,0,0,3,1,1,0.1,3000,0,0,0,0,0,0,0,0,0,0,0,0,0,0,0,0,0,0,0,0,0,0,0,0,0,0,0,0,0,0,0,0,0,0,0,0,0,0,0,0,0,0,0,0,0,0,0,0,0,0,0
1989,239,13,49,18.362,2,8,0,-1,0,0,1,1,25,0,0,0,1028,0,0,0,0,0,1,1,0,0,0,357.3052991,0,0,0,0,3,1,1,1,100,0,0,0,3,1,1,0.1,3000,0,0,0,0,0,0,0,0,0,0,0,0,0,0,0,0,0,0,0,0,0,0,0,0,0,0,0,0,0,0,0,0,0,0,0,0,0,0,0,0,0,0,0,0,0,0,0,0,0,0,0
1989,239,13,49,41.282,2,8,0,-1,1,0,1,1,25,0,0,0,1028,0,0,0,0,0,1,1,0,0,0,357.3435898,0,0,0,0,3,1,1,1,100,0,0,0,3,1,1,0.1,3000,0,0,0,0,0,0,0,0,0,0,0,0,0,0,0,0,0,0,0,0,0,0,0,0,0,0,0,0,0,0,0,0,0,0,0,0,0,0,0,0,0,0,0,0,0,0,0,0,0,0,0
1989,239,13,50,54.362,2,8,0,-1,0,0,1,1,25,0,0,0,1028,0,0,0,0,0,1,1,0,0,0,357.465679,0,0,0,0,3,1,1,1,100,0,0,0,3,1,1,0.1,3000,0,0,0,0,0,0,0,0,0,0,0,0,0,0,0,0,0,0,0,0,0,0,0,0,0,0,0,0,0,0,0,0,0,0,0,0,0,0,0,0,0,0,0,0,0,0,0,0,0,0,0
1989,239,13,51,17.282,2,8,0,-1,1,0,1,1,25,0,0,0,1028,0,0,0,0,0,1,1,0,0,0,357.5039696,0,0,0,0,3,1,1,1,100,0,0,0,3,1,1,0.1,3000,0,0,0,0,0,0,0,0,0,0,0,0,0,0,0,0,0,0,0,0,0,0,0,0,0,0,0,0,0,0,0,0,0,0,0,0,0,0,0,0,0,0,0,0,0,0,0,0,0,0,0
1989,239,13,54,54.362,2,8,0,-1,0,0,1,1,25,0,0,0,1028,0,0,0,0,0,1,1,0,0,0,357.8666267,0,0,0,0,3,1,1,1,100,0,0,0,3,1,1,0.1,3000,0,0,0,0,0,0,0,0,0,0,0,0,0,0,0,0,0,0,0,0,0,0,0,0,0,0,0,0,0,0,0,0,0,0,0,0,0,0,0,0,0,0,0,0,0,0,0,0,0,0,0
1989,239,13,55,17.282,2,8,0,-1,1,0,1,1,25,0,0,0,1028,0,0,0,0,0,1,1,0,0,0,357.904917,0,0,0,0,3,1,1,1,100,0,0,0,3,1,1,0.1,3000,0,0,0,0,0,0,0,0,0,0,0,0,0,0,0,0,0,0,0,0,0,0,0,0,0,0,0,0,0,0,0,0,0,0,0,0,0,0,0,0,0,0,0,0,0,0,0,0,0,0,0
1989,239,13,56,30.362,2,8,0,-1,0,0,1,1,25,0,0,0,1028,0,0,0,0,0,1,1,0,0,0,358.0270049,0,0,0,0,3,1,1,1,100,0,0,0,3,1,1,0.1,3000,0,0,0,0,0,0,0,0,0,0,0,0,0,0,0,0,0,0,0,0,0,0,0,0,0,0,0,0,0,0,0,0,0,0,0,0,0,0,0,0,0,0,0,0,0,0,0,0,0,0,0
1989,239,13,56,53.282,2,8,0,-1,1,0,1,1,25,0,0,0,1028,0,0,0,0,0,1,1,0,0,0,358.0652951,0,0,0,0,3,1,1,1,100,0,0,0,3,1,1,0.1,3000,0,0,0,0,0,0,0,0,0,0,0,0,0,0,0,0,0,0,0,0,0,0,0,0,0,0,0,0,0,0,0,0,0,0,0,0,0,0,0,0,0,0,0,0,0,0,0,0,0,0,0
1989,239,13,58,6.361,2,8,0,-1,0,0,1,1,25,0,0,0,1028,0,0,0,0,0,1,1,0,0,0,358.1873809,0,0,0,0,3,1,1,1,100,0,0,0,3,1,1,0.1,3000,0,0,0,0,0,0,0,0,0,0,0,0,0,0,0,0,0,0,0,0,0,0,0,0,0,0,0,0,0,0,0,0,0,0,0,0,0,0,0,0,0,0,0,0,0,0,0,0,0,0,0
1989,239,13,58,29.281,2,8,0,-1,1,0,1,1,25,0,0,0,1028,0,0,0,0,0,1,1,0,0,0,358.2256711,0,0,0,0,3,1,1,1,100,0,0,0,3,1,1,0.1,3000,0,0,0,0,0,0,0,0,0,0,0,0,0,0,0,0,0,0,0,0,0,0,0,0,0,0,0,0,0,0,0,0,0,0,0,0,0,0,0,0,0,0,0,0,0,0,0,0,0,0,0
1989,239,13,59,42.361,2,8,0,-1,0,0,1,1,25,0,0,0,1028,0,0,0,0,0,1,1,0,0,0,358.3477582,0,0,0,0,3,1,1,1,100,0,0,0,3,1,1,0.1,3000,0,0,0,0,0,0,0,0,0,0,0,0,0,0,0,0,0,0,0,0,0,0,0,0,0,0,0,0,0,0,0,0,0,0,0,0,0,0,0,0,0,0,0,0,0,0,0,0,0,0,0
1989,239,14,0,5.281,2,8,0,-1,1,0,1,1,25,0,0,0,1028,0,0,0,0,0,1,1,0,0,0,358.3860482,0,0,0,0,3,1,1,1,100,0,0,0,3,1,1,0.1,3000,0,0,0,0,0,0,0,0,0,0,0,0,0,0,0,0,0,0,0,0,0,0,0,0,0,0,0,0,0,0,0,0,0,0,0,0,0,0,0,0,0,0,0,0,0,0,0,0,0,0,0
1989,239,14,1,18.361,2,8,0,-1,0,0,1,1,25,0,0,0,1028,0,0,0,0,0,1,1,0,0,0,358.508135,0,0,0,0,3,1,1,1,100,0,0,0,3,1,1,0.1,3000,0,0,0,0,0,0,0,0,0,0,0,0,0,0,0,0,0,0,0,0,0,0,0,0,0,0,0,0,0,0,0,0,0,0,0,0,0,0,0,0,0,0,0,0,0,0,0,0,0,0,0
1989,239,14,1,41.281,2,8,0,-1,1,0,1,1,25,0,0,0,1028,0,0,0,0,0,1,1,0,0,0,358.5464248,0,0,0,0,3,1,1,1,100,0,0,0,3,1,1,0.1,3000,0,0,0,0,0,0,0,0,0,0,0,0,0,0,0,0,0,0,0,0,0,0,0,0,0,0,0,0,0,0,0,0,0,0,0,0,0,0,0,0,0,0,0,0,0,0,0,0,0,0,0
1989,239,14,2,54.361,2,8,0,-1,0,0,1,1,25,0,0,0,1028,0,0,0,0,0,1,1,0,0,0,358.6685112,0,0,0,0,3,1,1,1,100,0,0,0,3,1,1,0.1,3000,0,0,0,0,0,0,0,0,0,0,0,0,0,0,0,0,0,0,0,0,0,0,0,0,0,0,0,0,0,0,0,0,0,0,0,0,0,0,0,0,0,0,0,0,0,0,0,0,0,0,0
1989,239,14,3,17.281,2,8,0,-1,1,0,1,1,25,0,0,0,1028,0,0,0,0,0,1,1,0,0,0,358.706801,0,0,0,0,3,1,1,1,100,0,0,0,3,1,1,0.1,3000,0,0,0,0,0,0,0,0,0,0,0,0,0,0,0,0,0,0,0,0,0,0,0,0,0,0,0,0,0,0,0,0,0,0,0,0,0,0,0,0,0,0,0,0,0,0,0,0,0,0,0
1989,239,14,6,54.361,2,8,0,-1,0,0,1,1,25,0,0,0,1028,0,0,0,0,0,1,1,0,0,0,359.0694498,0,0,0,0,3,1,1,1,100,0,0,0,3,1,1,0.1,3000,0,0,0,0,0,0,0,0,0,0,0,0,0,0,0,0,0,0,0,0,0,0,0,0,0,0,0,0,0,0,0,0,0,0,0,0,0,0,0,0,0,0,0,0,0,0,0,0,0,0,0
1989,239,14,7,17.281,2,8,0,-1,1,0,1,1,25,0,0,0,1028,0,0,0,0,0,1,1,0,0,0,359.1077393,0,0,0,0,3,1,1,1,100,0,0,0,3,1,1,0.1,3000,0,0,0,0,0,0,0,0,0,0,0,0,0,0,0,0,0,0,0,0,0,0,0,0,0,0,0,0,0,0,0,0,0,0,0,0,0,0,0,0,0,0,0,0,0,0,0,0,0,0,0
1989,239,14,8,30.361,2,8,0,-1,0,0,1,1,25,0,0,0,1028,0,0,0,0,0,1,1,0,0,0,359.2298244,0,0,0,0,3,1,1,1,100,0,0,0,3,1,1,0.1,3000,0,0,0,0,0,0,0,0,0,0,0,0,0,0,0,0,0,0,0,0,0,0,0,0,0,0,0,0,0,0,0,0,0,0,0,0,0,0,0,0,0,0,0,0,0,0,0,0,0,0,0
1989,239,14,8,53.281,2,8,0,-1,1,0,1,1,25,0,0,0,1028,0,0,0,0,0,1,1,0,0,0,359.2681138,0,0,0,0,3,1,1,1,100,0,0,0,3,1,1,0.1,3000,0,0,0,0,0,0,0,0,0,0,0,0,0,0,0,0,0,0,0,0,0,0,0,0,0,0,0,0,0,0,0,0,0,0,0,0,0,0,0,0,0,0,0,0,0,0,0,0,0,0,0
1989,239,14,10,6.36,2,8,0,-1,0,0,1,1,25,0,0,0,1028,0,0,0,0,0,1,1,0,0,0,359.3901977,0,0,0,0,3,1,1,1,100,0,0,0,3,1,1,0.1,3000,0,0,0,0,0,0,0,0,0,0,0,0,0,0,0,0,0,0,0,0,0,0,0,0,0,0,0,0,0,0,0,0,0,0,0,0,0,0,0,0,0,0,0,0,0,0,0,0,0,0,0
1989,239,14,10,29.28,2,8,0,-1,1,0,1,1,25,0,0,0,1028,0,0,0,0,0,1,1,0,0,0,359.4284869,0,0,0,0,3,1,1,1,100,0,0,0,3,1,1,0.1,3000,0,0,0,0,0,0,0,0,0,0,0,0,0,0,0,0,0,0,0,0,0,0,0,0,0,0,0,0,0,0,0,0,0,0,0,0,0,0,0,0,0,0,0,0,0,0,0,0,0,0,0
1989,239,14,11,42.36,2,8,0,-1,0,0,1,1,25,0,0,0,1028,0,0,0,0,0,1,1,0,0,0,359.5505705,0,0,0,0,3,1,1,1,100,0,0,0,3,1,1,0.1,3000,0,0,0,0,0,0,0,0,0,0,0,0,0,0,0,0,0,0,0,0,0,0,0,0,0,0,0,0,0,0,0,0,0,0,0,0,0,0,0,0,0,0,0,0,0,0,0,0,0,0,0
1989,239,14,12,5.28,2,8,0,-1,1,0,1,1,25,0,0,0,1028,0,0,0,0,0,1,1,0,0,0,359.5888596,0,0,0,0,3,1,1,1,100,0,0,0,3,1,1,0.1,3000,0,0,0,0,0,0,0,0,0,0,0,0,0,0,0,0,0,0,0,0,0,0,0,0,0,0,0,0,0,0,0,0,0,0,0,0,0,0,0,0,0,0,0,0,0,0,0,0,0,0,0
1989,239,14,13,18.36,2,8,0,-1,0,0,1,1,25,0,0,0,1028,0,0,0,0,0,1,1,0,0,0,359.7109436,0,0,0,0,3,1,1,1,100,0,0,0,3,1,1,0.1,3000,0,0,0,0,0,0,0,0,0,0,0,0,0,0,0,0,0,0,0,0,0,0,0,0,0,0,0,0,0,0,0,0,0,0,0,0,0,0,0,0,0,0,0,0,0,0,0,0,0,0,0
1989,239,14,13,41.28,2,8,0,-1,1,0,1,1,25,0,0,0,1028,0,0,0,0,0,1,1,0,0,0,359.7492326,0,0,0,0,3,1,1,1,100,0,0,0,3,1,1,0.1,3000,0,0,0,0,0,0,0,0,0,0,0,0,0,0,0,0,0,0,0,0,0,0,0,0,0,0,0,0,0,0,0,0,0,0,0,0,0,0,0,0,0,0,0,0,0,0,0,0,0,0,0
1989,239,14,14,54.36,2,8,0,-1,0,0,1,1,25,0,0,0,1028,0,0,0,0,0,1,1,0,0,0,359.8713163,0,0,0,0,3,1,1,1,100,0,0,0,3,1,1,0.1,3000,0,0,0,0,0,0,0,0,0,0,0,0,0,0,0,0,0,0,0,0,0,0,0,0,0,0,0,0,0,0,0,0,0,0,0,0,0,0,0,0,0,0,0,0,0,0,0,0,0,0,0
1989,239,14,15,17.28,2,8,0,-1,1,0,1,1,25,0,0,0,1028,0,0,0,0,0,1,1,0,0,0,359.9096052,0,0,0,0,3,1,1,1,100,0,0,0,3,1,1,0.1,3000,0,0,0,0,0,0,0,0,0,0,0,0,0,0,0,0,0,0,0,0,0,0,0,0,0,0,0,0,0,0,0,0,0,0,0,0,0,0,0,0,0,0,0,0,0,0,0,0,0,0,0
1989,239,14,18,54.36,2,8,0,-1,0,0,1,1,25,0,0,0,1028,0,0,0,0,0,1,1,0,0,0,360.2722458,0,0,0,0,3,1,1,1,100,0,0,0,3,1,1,0.1,3000,0,0,0,0,0,0,0,0,0,0,0,0,0,0,0,0,0,0,0,0,0,0,0,0,0,0,0,0,0,0,0,0,0,0,0,0,0,0,0,0,0,0,0,0,0,0,0,0,0,0,0
1989,239,14,19,17.28,2,8,0,-1,1,0,1,1,25,0,0,0,1028,0,0,0,0,0,1,1,0,0,0,360.3105344,0,0,0,0,3,1,1,1,100,0,0,0,3,1,1,0.1,3000,0,0,0,0,0,0,0,0,0,0,0,0,0,0,0,0,0,0,0,0,0,0,0,0,0,0,0,0,0,0,0,0,0,0,0,0,0,0,0,0,0,0,0,0,0,0,0,0,0,0,0
1989,239,14,20,30.36,2,8,0,-1,0,0,1,1,25,0,0,0,1028,0,0,0,0,0,1,1,0,0,0,360.4326168,0,0,0,0,3,1,1,1,100,0,0,0,3,1,1,0.1,3000,0,0,0,0,0,0,0,0,0,0,0,0,0,0,0,0,0,0,0,0,0,0,0,0,0,0,0,0,0,0,0,0,0,0,0,0,0,0,0,0,0,0,0,0,0,0,0,0,0,0,0
1989,239,14,20,53.28,2,8,0,-1,1,0,1,1,25,0,0,0,1028,0,0,0,0,0,1,1,0,0,0,360.4709053,0,0,0,0,3,1,1,1,100,0,0,0,3,1,1,0.1,3000,0,0,0,0,0,0,0,0,0,0,0,0,0,0,0,0,0,0,0,0,0,0,0,0,0,0,0,0,0,0,0,0,0,0,0,0,0,0,0,0,0,0,0,0,0,0,0,0,0,0,0
1989,239,14,22,6.36,2,8,0,-1,0,0,1,1,25,0,0,0,1028,0,0,0,0,0,1,1,0,0,0,360.5929873,0,0,0,0,3,1,1,1,100,0,0,0,3,1,1,0.1,3000,0,0,0,0,0,0,0,0,0,0,0,0,0,0,0,0,0,0,0,0,0,0,0,0,0,0,0,0,0,0,0,0,0,0,0,0,0,0,0,0,0,0,0,0,0,0,0,0,0,0,0
1989,239,14,22,29.28,2,8,0,-1,1,0,1,1,25,0,0,0,1028,0,0,0,0,0,1,1,0,0,0,360.6312757,0,0,0,0,3,1,1,1,100,0,0,0,3,1,1,0.1,3000,0,0,0,0,0,0,0,0,0,0,0,0,0,0,0,0,0,0,0,0,0,0,0,0,0,0,0,0,0,0,0,0,0,0,0,0,0,0,0,0,0,0,0,0,0,0,0,0,0,0,0
1989,239,14,23,42.359,2,8,0,-1,0,0,1,1,25,0,0,0,1028,0,0,0,0,0,1,1,0,0,0,360.7533557,0,0,0,0,3,1,1,1,100,0,0,0,3,1,1,0.1,3000,0,0,0,0,0,0,0,0,0,0,0,0,0,0,0,0,0,0,0,0,0,0,0,0,0,0,0,0,0,0,0,0,0,0,0,0,0,0,0,0,0,0,0,0,0,0,0,0,0,0,0
1989,239,14,24,5.279,2,8,0,-1,1,0,1,1,25,0,0,0,1028,0,0,0,0,0,1,1,0,0,0,360.7916439,0,0,0,0,3,1,1,1,100,0,0,0,3,1,1,0.1,3000,0,0,0,0,0,0,0,0,0,0,0,0,0,0,0,0,0,0,0,0,0,0,0,0,0,0,0,0,0,0,0,0,0,0,0,0,0,0,0,0,0,0,0,0,0,0,0,0,0,0,0
1989,239,14,25,18.359,2,8,0,-1,0,0,1,1,25,0,0,0,1028,0,0,0,0,0,1,1,0,0,0,360.9137252,0,0,0,0,3,1,1,1,100,0,0,0,3,1,1,0.1,3000,0,0,0,0,0,0,0,0,0,0,0,0,0,0,0,0,0,0,0,0,0,0,0,0,0,0,0,0,0,0,0,0,0,0,0,0,0,0,0,0,0,0,0,0,0,0,0,0,0,0,0
1989,239,14,25,41.278,2,8,0,-1,1,0,1,1,25,0,0,0,1028,0,0,0,0,0,1,1,0,0,0,360.9520117,0,0,0,0,3,1,1,1,100,0,0,0,3,1,1,0.1,3000,0,0,0,0,0,0,0,0,0,0,0,0,0,0,0,0,0,0,0,0,0,0,0,0,0,0,0,0,0,0,0,0,0,0,0,0,0,0,0,0,0,0,0,0,0,0,0,0,0,0,0
1989,239,14,26,54.358,2,8,0,-1,0,0,1,1,25,0,0,0,1028,0,0,0,0,0,1,1,0,0,0,361.0740926,0,0,0,0,3,1,1,1,100,0,0,0,3,1,1,0.1,3000,0,0,0,0,0,0,0,0,0,0,0,0,0,0,0,0,0,0,0,0,0,0,0,0,0,0,0,0,0,0,0,0,0,0,0,0,0,0,0,0,0,0,0,0,0,0,0,0,0,0,0
1989,239,14,27,17.278,2,8,0,-1,1,0,1,1,25,0,0,0,1028,0,0,0,0,0,1,1,0,0,0,361.1123806,0,0,0,0,3,1,1,1,100,0,0,0,3,1,1,0.1,3000,0,0,0,0,0,0,0,0,0,0,0,0,0,0,0,0,0,0,0,0,0,0,0,0,0,0,0,0,0,0,0,0,0,0,0,0,0,0,0,0,0,0,0,0,0,0,0,0,0,0,0
1989,239,14,30,54.359,2,8,0,-1,0,0,1,1,25,0,0,0,1028,0,0,0,0,0,1,1,0,0,0,361.4750148,0,0,0,0,3,1,1,1,100,0,0,0,3,1,1,0.1,3000,0,0,0,0,0,0,0,0,0,0,0,0,0,0,0,0,0,0,0,0,0,0,0,0,0,0,0,0,0,0,0,0,0,0,0,0,0,0,0,0,0,0,0,0,0,0,0,0,0,0,0
1989,239,14,31,17.279,2,8,0,-1,1,0,1,1,25,0,0,0,1028,0,0,0,0,0,1,1,0,0,0,361.5133026,0,0,0,0,3,1,1,1,100,0,0,0,3,1,1,0.1,3000,0,0,0,0,0,0,0,0,0,0,0,0,0,0,0,0,0,0,0,0,0,0,0,0,0,0,0,0,0,0,0,0,0,0,0,0,0,0,0,0,0,0,0,0,0,0,0,0,0,0,0
1989,239,14,32,30.359,2,8,0,-1,0,0,1,1,25,0,0,0,1028,0,0,0,0,0,1,1,0,0,0,361.6353822,0,0,0,0,3,1,1,1,100,0,0,0,3,1,1,0.1,3000,0,0,0,0,0,0,0,0,0,0,0,0,0,0,0,0,0,0,0,0,0,0,0,0,0,0,0,0,0,0,0,0,0,0,0,0,0,0,0,0,0,0,0,0,0,0,0,0,0,0,0
1989,239,14,32,53.279,2,8,0,-1,1,0,1,1,25,0,0,0,1028,0,0,0,0,0,1,1,0,0,0,361.6736691,0,0,0,0,3,1,1,1,100,0,0,0,3,1,1,0.1,3000,0,0,0,0,0,0,0,0,0,0,0,0,0,0,0,0,0,0,0,0,0,0,0,0,0,0,0,0,0,0,0,0,0,0,0,0,0,0,0,0,0,0,0,0,0,0,0,0,0,0,0
1989,239,14,34,6.359,2,8,0,-1,0,0,1,1,25,0,0,0,1028,0,0,0,0,0,1,1,0,0,0,361.7957492,0,0,0,0,3,1,1,1,100,0,0,0,3,1,1,0.1,3000,0,0,0,0,0,0,0,0,0,0,0,0,0,0,0,0,0,0,0,0,0,0,0,0,0,0,0,0,0,0,0,0,0,0,0,0,0,0,0,0,0,0,0,0,0,0,0,0,0,0,0
1989,239,14,34,29.279,2,8,0,-1,1,0,1,1,25,0,0,0,1028,0,0,0,0,0,1,1,0,0,0,361.8340359,0,0,0,0,3,1,1,1,100,0,0,0,3,1,1,0.1,3000,0,0,0,0,0,0,0,0,0,0,0,0,0,0,0,0,0,0,0,0,0,0,0,0,0,0,0,0,0,0,0,0,0,0,0,0,0,0,0,0,0,0,0,0,0,0,0,0,0,0,0
1989,239,14,35,42.359,2,8,0,-1,0,0,1,1,25,0,0,0,1028,0,0,0,0,0,1,1,0,0,0,361.9561148,0,0,0,0,3,1,1,1,100,0,0,0,3,1,1,0.1,3000,0,0,0,0,0,0,0,0,0,0,0,0,0,0,0,0,0,0,0,0,0,0,0,0,0,0,0,0,0,0,0,0,0,0,0,0,0,0,0,0,0,0,0,0,0,0,0,0,0,0,0
1989,239,14,36,5.279,2,8,0,-1,1,0,1,1,25,0,0,0,1028,0,0,0,0,0,1,1,0,0,0,361.9944022,0,0,0,0,3,1,1,1,100,0,0,0,3,1,1,0.1,3000,0,0,0,0,0,0,0,0,0,0,0,0,0,0,0,0,0,0,0,0,0,0,0,0,0,0,0,0,0,0,0,0,0,0,0,0,0,0,0,0,0,0,0,0,0,0,0,0,0,0,0
1989,239,14,37,18.358,2,8,0,-1,0,0,1,1,25,0,0,0,1028,0,0,0,0,0,1,1,0,0,0,362.1164799,0,0,0,0,3,1,1,1,100,0,0,0,3,1,1,0.1,3000,0,0,0,0,0,0,0,0,0,0,0,0,0,0,0,0,0,0,0,0,0,0,0,0,0,0,0,0,0,0,0,0,0,0,0,0,0,0,0,0,0,0,0,0,0,0,0,0,0,0,0
1989,239,14,37,41.277,2,8,0,-1,1,0,1,1,25,0,0,0,1028,0,0,0,0,0,1,1,0,0,0,362.1547655,0,0,0,0,3,1,1,1,100,0,0,0,3,1,1,0.1,3000,0,0,0,0,0,0,0,0,0,0,0,0,0,0,0,0,0,0,0,0,0,0,0,0,0,0,0,0,0,0,0,0,0,0,0,0,0,0,0,0,0,0,0,0,0,0,0,0,0,0,0
1989,239,14,38,54.358,2,8,0,-1,0,0,1,1,25,0,0,0,1028,0,0,0,0,0,1,1,0,0,0,362.2768454,0,0,0,0,3,1,1,1,100,0,0,0,3,1,1,0.1,3000,0,0,0,0,0,0,0,0,0,0,0,0,0,0,0,0,0,0,0,0,0,0,0,0,0,0,0,0,0,0,0,0,0,0,0,0,0,0,0,0,0,0,0,0,0,0,0,0,0,0,0
1989,239,14,39,17.278,2,8,0,-1,1,0,1,1,25,0,0,0,1028,0,0,0,0,0,1,1,0,0,0,362.3151326,0,0,0,0,3,1,1,1,100,0,0,0,3,1,1,0.1,3000,0,0,0,0,0,0,0,0,0,0,0,0,0,0,0,0,0,0,0,0,0,0,0,0,0,0,0,0,0,0,0,0,0,0,0,0,0,0,0,0,0,0,0,0,0,0,0,0,0,0,0
1989,239,14,42,54.358,2,8,0,-1,0,0,1,1,25,0,0,0,1028,0,0,0,0,0,1,1,0,0,0,362.6777571,0,0,0,0,3,1,1,1,100,0,0,0,3,1,1,0.1,3000,0,0,0,0,0,0,0,0,0,0,0,0,0,0,0,0,0,0,0,0,0,0,0,0,0,0,0,0,0,0,0,0,0,0,0,0,0,0,0,0,0,0,0,0,0,0,0,0,0,0,0
1989,239,14,43,17.278,2,8,0,-1,1,0,1,1,25,0,0,0,1028,0,0,0,0,0,1,1,0,0,0,362.716044,0,0,0,0,3,1,1,1,100,0,0,0,3,1,1,0.1,3000,0,0,0,0,0,0,0,0,0,0,0,0,0,0,0,0,0,0,0,0,0,0,0,0,0,0,0,0,0,0,0,0,0,0,0,0,0,0,0,0,0,0,0,0,0,0,0,0,0,0,0
1989,239,14,44,30.358,2,8,0,-1,0,0,1,1,25,0,0,0,1028,0,0,0,0,0,1,1,0,0,0,362.8381209,0,0,0,0,3,1,1,1,100,0,0,0,3,1,1,0.1,3000,0,0,0,0,0,0,0,0,0,0,0,0,0,0,0,0,0,0,0,0,0,0,0,0,0,0,0,0,0,0,0,0,0,0,0,0,0,0,0,0,0,0,0,0,0,0,0,0,0,0,0
1989,239,14,44,53.277,2,8,0,-1,1,0,1,1,25,0,0,0,1028,0,0,0,0,0,1,1,0,0,0,362.8764069,0,0,0,0,3,1,1,1,100,0,0,0,3,1,1,0.1,3000,0,0,0,0,0,0,0,0,0,0,0,0,0,0,0,0,0,0,0,0,0,0,0,0,0,0,0,0,0,0,0,0,0,0,0,0,0,0,0,0,0,0,0,0,0,0,0,0,0,0,0
1989,239,14,46,6.358,2,8,0,-1,0,0,1,1,25,0,0,0,1028,0,0,0,0,0,1,1,0,0,0,362.9984843,0,0,0,0,3,1,1,1,100,0,0,0,3,1,1,0.1,3000,0,0,0,0,0,0,0,0,0,0,0,0,0,0,0,0,0,0,0,0,0,0,0,0,0,0,0,0,0,0,0,0,0,0,0,0,0,0,0,0,0,0,0,0,0,0,0,0,0,0,0
1989,239,14,46,29.277,2,8,0,-1,1,0,1,1,25,0,0,0,1028,0,0,0,0,0,1,1,0,0,0,363.0367701,0,0,0,0,3,1,1,1,100,0,0,0,3,1,1,0.1,3000,0,0,0,0,0,0,0,0,0,0,0,0,0,0,0,0,0,0,0,0,0,0,0,0,0,0,0,0,0,0,0,0,0,0,0,0,0,0,0,0,0,0,0,0,0,0,0,0,0,0,0
1989,239,14,47,42.358,2,8,0,-1,0,0,1,1,25,0,0,0,1028,0,0,0,0,0,1,1,0,0,0,363.1588472,0,0,0,0,3,1,1,1,100,0,0,0,3,1,1,0.1,3000,0,0,0,0,0,0,0,0,0,0,0,0,0,0,0,0,0,0,0,0,0,0,0,0,0,0,0,0,0,0,0,0,0,0,0,0,0,0,0,0,0,0,0,0,0,0,0,0,0,0,0
1989,239,14,48,5.278,2,8,0,-1,1,0,1,1,25,0,0,0,1028,0,0,0,0,0,1,1,0,0,0,363.1971337,0,0,0,0,3,1,1,1,100,0,0,0,3,1,1,0.1,3000,0,0,0,0,0,0,0,0,0,0,0,0,0,0,0,0,0,0,0,0,0,0,0,0,0,0,0,0,0,0,0,0,0,0,0,0,0,0,0,0,0,0,0,0,0,0,0,0,0,0,0
1989,239,14,49,18.357,2,8,0,-1,0,0,1,1,25,0,0,0,1028,0,0,0,0,0,1,1,0,0,0,363.3192079,0,0,0,0,3,1,1,1,100,0,0,0,3,1,1,0.1,3000,0,0,0,0,0,0,0,0,0,0,0,0,0,0,0,0,0,0,0,0,0,0,0,0,0,0,0,0,0,0,0,0,0,0,0,0,0,0,0,0,0,0,0,0,0,0,0,0,0,0,0
1989,239,14,49,41.276,2,8,0,-1,1,0,1,1,25,0,0,0,1028,0,0,0,0,0,1,1,0,0,0,363.3574927,0,0,0,0,3,1,1,1,100,0,0,0,3,1,1,0.1,3000,0,0,0,0,0,0,0,0,0,0,0,0,0,0,0,0,0,0,0,0,0,0,0,0,0,0,0,0,0,0,0,0,0,0,0,0,0,0,0,0,0,0,0,0,0,0,0,0,0,0,0
1989,239,14,50,54.357,2,8,0,-1,0,0,1,1,25,0,0,0,1028,0,0,0,0,0,1,1,0,0,0,363.4795699,0,0,0,0,3,1,1,1,100,0,0,0,3,1,1,0.1,3000,0,0,0,0,0,0,0,0,0,0,0,0,0,0,0,0,0,0,0,0,0,0,0,0,0,0,0,0,0,0,0,0,0,0,0,0,0,0,0,0,0,0,0,0,0,0,0,0,0,0,0
1989,239,14,51,17.276,2,8,0,-1,1,0,1,1,25,0,0,0,1028,0,0,0,0,0,1,1,0,0,0,363.5178554,0,0,0,0,3,1,1,1,100,0,0,0,3,1,1,0.1,3000,0,0,0,0,0,0,0,0,0,0,0,0,0,0,0,0,0,0,0,0,0,0,0,0,0,0,0,0,0,0,0,0,0,0,0,0,0,0,0,0,0,0,0,0,0,0,0,0,0,0,0
1989,239,14,54,54.357,2,8,0,-1,0,0,1,1,25,0,0,0,1028,0,0,0,0,0,1,1,0,0,0,363.8804727,0,0,0,0,3,1,1,1,100,0,0,0,3,1,1,0.1,3000,0,0,0,0,0,0,0,0,0,0,0,0,0,0,0,0,0,0,0,0,0,0,0,0,0,0,0,0,0,0,0,0,0,0,0,0,0,0,0,0,0,0,0,0,0,0,0,0,0,0,0
1989,239,14,55,17.276,2,8,0,-1,1,0,1,1,25,0,0,0,1028,0,0,0,0,0,1,1,0,0,0,363.9187579,0,0,0,0,3,1,1,1,100,0,0,0,3,1,1,0.1,3000,0,0,0,0,0,0,0,0,0,0,0,0,0,0,0,0,0,0,0,0,0,0,0,0,0,0,0,0,0,0,0,0,0,0,0,0,0,0,0,0,0,0,0,0,0,0,0,0,0,0,0
1989,239,14,56,30.357,2,8,0,-1,0,0,1,1,25,0,0,0,1028,0,0,0,0,0,1,1,0,0,0,364.040833,0,0,0,0,3,1,1,1,100,0,0,0,3,1,1,0.1,3000,0,0,0,0,0,0,0,0,0,0,0,0,0,0,0,0,0,0,0,0,0,0,0,0,0,0,0,0,0,0,0,0,0,0,0,0,0,0,0,0,0,0,0,0,0,0,0,0,0,0,0
1989,239,14,56,53.276,2,8,0,-1,1,0,1,1,25,0,0,0,1028,0,0,0,0,0,1,1,0,0,0,364.0791181,0,0,0,0,3,1,1,1,100,0,0,0,3,1,1,0.1,3000,0,0,0,0,0,0,0,0,0,0,0,0,0,0,0,0,0,0,0,0,0,0,0,0,0,0,0,0,0,0,0,0,0,0,0,0,0,0,0,0,0,0,0,0,0,0,0,0,0,0,0
1989,239,14,58,6.357,2,8,0,-1,0,0,1,1,25,0,0,0,1028,0,0,0,0,0,1,1,0,0,0,364.2011928,0,0,0,0,3,1,1,1,100,0,0,0,3,1,1,0.1,3000,0,0,0,0,0,0,0,0,0,0,0,0,0,0,0,0,0,0,0,0,0,0,0,0,0,0,0,0,0,0,0,0,0,0,0,0,0,0,0,0,0,0,0,0,0,0,0,0,0,0,0
1989,239,14,58,29.276,2,8,0,-1,1,0,1,1,25,0,0,0,1028,0,0,0,0,0,1,1,0,0,0,364.239477,0,0,0,0,3,1,1,1,100,0,0,0,3,1,1,0.1,3000,0,0,0,0,0,0,0,0,0,0,0,0,0,0,0,0,0,0,0,0,0,0,0,0,0,0,0,0,0,0,0,0,0,0,0,0,0,0,0,0,0,0,0,0,0,0,0,0,0,0,0
1989,239,14,59,42.357,2,8,0,-1,0,0,1,1,25,0,0,0,1028,0,0,0,0,0,1,1,0,0,0,364.3615522,0,0,0,0,3,1,1,1,100,0,0,0,3,1,1,0.1,3000,0,0,0,0,0,0,0,0,0,0,0,0,0,0,0,0,0,0,0,0,0,0,0,0,0,0,0,0,0,0,0,0,0,0,0,0,0,0,0,0,0,0,0,0,0,0,0,0,0,0,0
1989,239,15,0,5.277,2,8,0,-1,1,0,1,1,25,0,0,0,1028,0,0,0,0,0,1,1,0,0,0,364.3998379,0,0,0,0,3,1,1,1,100,0,0,0,3,1,1,0.1,3000,0,0,0,0,0,0,0,0,0,0,0,0,0,0,0,0,0,0,0,0,0,0,0,0,0,0,0,0,0,0,0,0,0,0,0,0,0,0,0,0,0,0,0,0,0,0,0,0,0,0,0
1989,239,15,1,18.356,2,8,0,-1,0,0,1,1,25,0,0,0,1028,0,0,0,0,0,1,1,0,0,0,364.5219102,0,0,0,0,3,1,1,1,100,0,0,0,3,1,1,0.1,3000,0,0,0,0,0,0,0,0,0,0,0,0,0,0,0,0,0,0,0,0,0,0,0,0,0,0,0,0,0,0,0,0,0,0,0,0,0,0,0,0,0,0,0,0,0,0,0,0,0,0,0
1989,239,15,1,41.275,2,8,0,-1,1,0,1,1,25,0,0,0,1028,0,0,0,0,0,1,1,0,0,0,364.5601942,0,0,0,0,3,1,1,1,100,0,0,0,3,1,1,0.1,3000,0,0,0,0,0,0,0,0,0,0,0,0,0,0,0,0,0,0,0,0,0,0,0,0,0,0,0,0,0,0,0,0,0,0,0,0,0,0,0,0,0,0,0,0,0,0,0,0,0,0,0
1989,239,15,2,54.356,2,8,0,-1,0,0,1,1,25,0,0,0,1028,0,0,0,0,0,1,1,0,0,0,364.6822678,0,0,0,0,3,1,1,1,100,0,0,0,3,1,1,0.1,3000,0,0,0,0,0,0,0,0,0,0,0,0,0,0,0,0,0,0,0,0,0,0,0,0,0,0,0,0,0,0,0,0,0,0,0,0,0,0,0,0,0,0,0,0,0,0,0,0,0,0,0
1989,239,15,3,17.275,2,8,0,-1,1,0,1,1,25,0,0,0,1028,0,0,0,0,0,1,1,0,0,0,364.7205525,0,0,0,0,3,1,1,1,100,0,0,0,3,1,1,0.1,3000,0,0,0,0,0,0,0,0,0,0,0,0,0,0,0,0,0,0,0,0,0,0,0,0,0,0,0,0,0,0,0,0,0,0,0,0,0,0,0,0,0,0,0,0,0,0,0,0,0,0,0
1989,239,15,6,54.356,2,8,0,-1,0,0,1,1,25,0,0,0,1028,0,0,0,0,0,1,1,0,0,0,365.0831618,0,0,0,0,3,1,1,1,100,0,0,0,3,1,1,0.1,3000,0,0,0,0,0,0,0,0,0,0,0,0,0,0,0,0,0,0,0,0,0,0,0,0,0,0,0,0,0,0,0,0,0,0,0,0,0,0,0,0,0,0,0,0,0,0,0,0,0,0,0
1989,239,15,7,17.276,2,8,0,-1,1,0,1,1,25,0,0,0,1028,0,0,0,0,0,1,1,0,0,0,365.1214462,0,0,0,0,3,1,1,1,100,0,0,0,3,1,1,0.1,3000,0,0,0,0,0,0,0,0,0,0,0,0,0,0,0,0,0,0,0,0,0,0,0,0,0,0,0,0,0,0,0,0,0,0,0,0,0,0,0,0,0,0,0,0,0,0,0,0,0,0,0
1989,239,15,8,30.356,2,8,0,-1,0,0,1,1,25,0,0,0,1028,0,0,0,0,0,1,1,0,0,0,365.2435186,0,0,0,0,3,1,1,1,100,0,0,0,3,1,1,0.1,3000,0,0,0,0,0,0,0,0,0,0,0,0,0,0,0,0,0,0,0,0,0,0,0,0,0,0,0,0,0,0,0,0,0,0,0,0,0,0,0,0,0,0,0,0,0,0,0,0,0,0,0
1989,239,15,8,53.275,2,8,0,-1,1,0,1,1,25,0,0,0,1028,0,0,0,0,0,1,1,0,0,0,365.2818029,0,0,0,0,3,1,1,1,100,0,0,0,3,1,1,0.1,3000,0,0,0,0,0,0,0,0,0,0,0,0,0,0,0,0,0,0,0,0,0,0,0,0,0,0,0,0,0,0,0,0,0,0,0,0,0,0,0,0,0,0,0,0,0,0,0,0,0,0,0
1989,239,15,10,6.356,2,8,0,-1,0,0,1,1,25,0,0,0,1028,0,0,0,0,0,1,1,0,0,0,365.4038749,0,0,0,0,3,1,1,1,100,0,0,0,3,1,1,0.1,3000,0,0,0,0,0,0,0,0,0,0,0,0,0,0,0,0,0,0,0,0,0,0,0,0,0,0,0,0,0,0,0,0,0,0,0,0,0,0,0,0,0,0,0,0,0,0,0,0,0,0,0
1989,239,15,10,29.275,2,8,0,-1,1,0,1,1,25,0,0,0,1028,0,0,0,0,0,1,1,0,0,0,365.4421582,0,0,0,0,3,1,1,1,100,0,0,0,3,1,1,0.1,3000,0,0,0,0,0,0,0,0,0,0,0,0,0,0,0,0,0,0,0,0,0,0,0,0,0,0,0,0,0,0,0,0,0,0,0,0,0,0,0,0,0,0,0,0,0,0,0,0,0,0,0
1989,239,15,11,42.356,2,8,0,-1,0,0,1,1,25,0,0,0,1028,0,0,0,0,0,1,1,0,0,0,365.5642308,0,0,0,0,3,1,1,1,100,0,0,0,3,1,1,0.1,3000,0,0,0,0,0,0,0,0,0,0,0,0,0,0,0,0,0,0,0,0,0,0,0,0,0,0,0,0,0,0,0,0,0,0,0,0,0,0,0,0,0,0,0,0,0,0,0,0,0,0,0
1989,239,15,12,5.276,2,8,0,-1,1,0,1,1,25,0,0,0,1028,0,0,0,0,0,1,1,0,0,0,365.6025157,0,0,0,0,3,1,1,1,100,0,0,0,3,1,1,0.1,3000,0,0,0,0,0,0,0,0,0,0,0,0,0,0,0,0,0,0,0,0,0,0,0,0,0,0,0,0,0,0,0,0,0,0,0,0,0,0,0,0,0,0,0,0,0,0,0,0,0,0,0
1989,239,15,13,18.356,2,8,0,-1,0,0,1,1,25,0,0,0,1028,0,0,0,0,0,1,1,0,0,0,365.7245862,0,0,0,0,3,1,1,1,100,0,0,0,3,1,1,0.1,3000,0,0,0,0,0,0,0,0,0,0,0,0,0,0,0,0,0,0,0,0,0,0,0,0,0,0,0,0,0,0,0,0,0,0,0,0,0,0,0,0,0,0,0,0,0,0,0,0,0,0,0
1989,239,15,13,41.275,2,8,0,-1,1,0,1,1,25,0,0,0,1028,0,0,0,0,0,1,1,0,0,0,365.7628693,0,0,0,0,3,1,1,1,100,0,0,0,3,1,1,0.1,3000,0,0,0,0,0,0,0,0,0,0,0,0,0,0,0,0,0,0,0,0,0,0,0,0,0,0,0,0,0,0,0,0,0,0,0,0,0,0,0,0,0,0,0,0,0,0,0,0,0,0,0
1989,239,15,14,54.355,2,8,0,-1,0,0,1,1,25,0,0,0,1028,0,0,0,0,0,1,1,0,0,0,365.8849402,0,0,0,0,3,1,1,1,100,0,0,0,3,1,1,0.1,3000,0,0,0,0,0,0,0,0,0,0,0,0,0,0,0,0,0,0,0,0,0,0,0,0,0,0,0,0,0,0,0,0,0,0,0,0,0,0,0,0,0,0,0,0,0,0,0,0,0,0,0
1989,239,15,15,17.275,2,8,0,-1,1,0,1,1,25,0,0,0,1028,0,0,0,0,0,1,1,0,0,0,365.9232241,0,0,0,0,3,1,1,1,100,0,0,0,3,1,1,0.1,3000,0,0,0,0,0,0,0,0,0,0,0,0,0,0,0,0,0,0,0,0,0,0,0,0,0,0,0,0,0,0,0,0,0,0,0,0,0,0,0,0,0,0,0,0,0,0,0,0,0,0,0
1989,239,15,18,54.355,2,8,0,-1,0,0,1,1,25,0,0,0,1028,0,0,0,0,0,1,1,0,0,0,366.2858247,0,0,0,0,3,1,1,1,100,0,0,0,3,1,1,0.1,3000,0,0,0,0,0,0,0,0,0,0,0,0,0,0,0,0,0,0,0,0,0,0,0,0,0,0,0,0,0,0,0,0,0,0,0,0,0,0,0,0,0,0,0,0,0,0,0,0,0,0,0
1989,239,15,19,17.275,2,8,0,-1,1,0,1,1,25,0,0,0,1028,0,0,0,0,0,1,1,0,0,0,366.3241091,0,0,0,0,3,1,1,1,100,0,0,0,3,1,1,0.1,3000,0,0,0,0,0,0,0,0,0,0,0,0,0,0,0,0,0,0,0,0,0,0,0,0,0,0,0,0,0,0,0,0,0,0,0,0,0,0,0,0,0,0,0,0,0,0,0,0,0,0,0
1989,239,15,20,30.355,2,8,0,-1,0,0,1,1,25,0,0,0,1028,0,0,0,0,0,1,1,0,0,0,366.446178,0,0,0,0,3,1,1,1,100,0,0,0,3,1,1,0.1,3000,0,0,0,0,0,0,0,0,0,0,0,0,0,0,0,0,0,0,0,0,0,0,0,0,0,0,0,0,0,0,0,0,0,0,0,0,0,0,0,0,0,0,0,0,0,0,0,0,0,0,0
1989,239,15,20,53.275,2,8,0,-1,1,0,1,1,25,0,0,0,1028,0,0,0,0,0,1,1,0,0,0,366.4844614,0,0,0,0,3,1,1,1,100,0,0,0,3,1,1,0.1,3000,0,0,0,0,0,0,0,0,0,0,0,0,0,0,0,0,0,0,0,0,0,0,0,0,0,0,0,0,0,0,0,0,0,0,0,0,0,0,0,0,0,0,0,0,0,0,0,0,0,0,0
1989,239,15,22,6.355,2,8,0,-1,0,0,1,1,25,0,0,0,1028,0,0,0,0,0,1,1,0,0,0,366.6065308,0,0,0,0,3,1,1,1,100,0,0,0,3,1,1,0.1,3000,0,0,0,0,0,0,0,0,0,0,0,0,0,0,0,0,0,0,0,0,0,0,0,0,0,0,0,0,0,0,0,0,0,0,0,0,0,0,0,0,0,0,0,0,0,0,0,0,0,0,0
1989,239,15,22,29.275,2,8,0,-1,1,0,1,1,25,0,0,0,1028,0,0,0,0,0,1,1,0,0,0,366.6448142,0,0,0,0,3,1,1,1,100,0,0,0,3,1,1,0.1,3000,0,0,0,0,0,0,0,0,0,0,0,0,0,0,0,0,0,0,0,0,0,0,0,0,0,0,0,0,0,0,0,0,0,0,0,0,0,0,0,0,0,0,0,0,0,0,0,0,0,0,0
1989,239,15,23,42.355,2,8,0,-1,0,0,1,1,25,0,0,0,1028,0,0,0,0,0,1,1,0,0,0,366.7668832,0,0,0,0,3,1,1,1,100,0,0,0,3,1,1,0.1,3000,0,0,0,0,0,0,0,0,0,0,0,0,0,0,0,0,0,0,0,0,0,0,0,0,0,0,0,0,0,0,0,0,0,0,0,0,0,0,0,0,0,0,0,0,0,0,0,0,0,0,0
1989,239,15,24,5.275,2,8,0,-1,1,0,1,1,25,0,0,0,1028,0,0,0,0,0,1,1,0,0,0,366.8051673,0,0,0,0,3,1,1,1,100,0,0,0,3,1,1,0.1,3000,0,0,0,0,0,0,0,0,0,0,0,0,0,0,0,0,0,0,0,0,0,0,0,0,0,0,0,0,0,0,0,0,0,0,0,0,0,0,0,0,0,0,0,0,0,0,0,0,0,0,0
1989,239,15,25,18.355,2,8,0,-1,0,0,1,1,25,0,0,0,1028,0,0,0,0,0,1,1,0,0,0,366.9272351,0,0,0,0,3,1,1,1,100,0,0,0,3,1,1,0.1,3000,0,0,0,0,0,0,0,0,0,0,0,0,0,0,0,0,0,0,0,0,0,0,0,0,0,0,0,0,0,0,0,0,0,0,0,0,0,0,0,0,0,0,0,0,0,0,0,0,0,0,0
1989,239,15,25,41.274,2,8,0,-1,1,0,1,1,25,0,0,0,1028,0,0,0,0,0,1,1,0,0,0,366.9655174,0,0,0,0,3,1,1,1,100,0,0,0,3,1,1,0.1,3000,0,0,0,0,0,0,0,0,0,0,0,0,0,0,0,0,0,0,0,0,0,0,0,0,0,0,0,0,0,0,0,0,0,0,0,0,0,0,0,0,0,0,0,0,0,0,0,0,0,0,0
1989,239,15,26,54.355,2,8,0,-1,0,0,1,1,25,0,0,0,1028,0,0,0,0,0,1,1,0,0,0,367.0875865,0,0,0,0,3,1,1,1,100,0,0,0,3,1,1,0.1,3000,0,0,0,0,0,0,0,0,0,0,0,0,0,0,0,0,0,0,0,0,0,0,0,0,0,0,0,0,0,0,0,0,0,0,0,0,0,0,0,0,0,0,0,0,0,0,0,0,0,0,0
1989,239,15,27,17.275,2,8,0,-1,1,0,1,1,25,0,0,0,1028,0,0,0,0,0,1,1,0,0,0,367.1258704,0,0,0,0,3,1,1,1,100,0,0,0,3,1,1,0.1,3000,0,0,0,0,0,0,0,0,0,0,0,0,0,0,0,0,0,0,0,0,0,0,0,0,0,0,0,0,0,0,0,0,0,0,0,0,0,0,0,0,0,0,0,0,0,0,0,0,0,0,0
1989,239,15,30,54.354,2,8,0,-1,0,0,1,1,25,0,0,0,1028,0,0,0,0,0,1,1,0,0,0,367.4884615,0,0,0,0,3,1,1,1,100,0,0,0,3,1,1,0.1,3000,0,0,0,0,0,0,0,0,0,0,0,0,0,0,0,0,0,0,0,0,0,0,0,0,0,0,0,0,0,0,0,0,0,0,0,0,0,0,0,0,0,0,0,0,0,0,0,0,0,0,0
1989,239,15,31,17.274,2,8,0,-1,1,0,1,1,25,0,0,0,1028,0,0,0,0,0,1,1,0,0,0,367.526745,0,0,0,0,3,1,1,1,100,0,0,0,3,1,1,0.1,3000,0,0,0,0,0,0,0,0,0,0,0,0,0,0,0,0,0,0,0,0,0,0,0,0,0,0,0,0,0,0,0,0,0,0,0,0,0,0,0,0,0,0,0,0,0,0,0,0,0,0,0
1989,239,15,32,30.353,2,8,0,-1,0,0,1,1,25,0,0,0,1028,0,0,0,0,0,1,1,0,0,0,367.6488105,0,0,0,0,3,1,1,1,100,0,0,0,3,1,1,0.1,3000,0,0,0,0,0,0,0,0,0,0,0,0,0,0,0,0,0,0,0,0,0,0,0,0,0,0,0,0,0,0,0,0,0,0,0,0,0,0,0,0,0,0,0,0,0,0,0,0,0,0,0
1989,239,15,32,53.274,2,8,0,-1,1,0,1,1,25,0,0,0,1028,0,0,0,0,0,1,1,0,0,0,367.6870939,0,0,0,0,3,1,1,1,100,0,0,0,3,1,1,0.1,3000,0,0,0,0,0,0,0,0,0,0,0,0,0,0,0,0,0,0,0,0,0,0,0,0,0,0,0,0,0,0,0,0,0,0,0,0,0,0,0,0,0,0,0,0,0,0,0,0,0,0,0
1989,239,15,34,6.354,2,8,0,-1,0,0,1,1,25,0,0,0,1028,0,0,0,0,0,1,1,0,0,0,367.8091607,0,0,0,0,3,1,1,1,100,0,0,0,3,1,1,0.1,3000,0,0,0,0,0,0,0,0,0,0,0,0,0,0,0,0,0,0,0,0,0,0,0,0,0,0,0,0,0,0,0,0,0,0,0,0,0,0,0,0,0,0,0,0,0,0,0,0,0,0,0
1989,239,15,34,29.274,2,8,0,-1,1,0,1,1,25,0,0,0,1028,0,0,0,0,0,1,1,0,0,0,367.8474432,0,0,0,0,3,1,1,1,100,0,0,0,3,1,1,0.1,3000,0,0,0,0,0,0,0,0,0,0,0,0,0,0,0,0,0,0,0,0,0,0,0,0,0,0,0,0,0,0,0,0,0,0,0,0,0,0,0,0,0,0,0,0,0,0,0,0,0,0,0
1989,239,15,35,42.353,2,8,0,-1,0,0,1,1,25,0,0,0,1028,0,0,0,0,0,1,1,0,0,0,367.9695088,0,0,0,0,3,1,1,1,100,0,0,0,3,1,1,0.1,3000,0,0,0,0,0,0,0,0,0,0,0,0,0,0,0,0,0,0,0,0,0,0,0,0,0,0,0,0,0,0,0,0,0,0,0,0,0,0,0,0,0,0,0,0,0,0,0,0,0,0,0
1989,239,15,36,5.274,2,8,0,-1,1,0,1,1,25,0,0,0,1028,0,0,0,0,0,1,1,0,0,0,368.0077928,0,0,0,0,3,1,1,1,100,0,0,0,3,1,1,0.1,3000,0,0,0,0,0,0,0,0,0,0,0,0,0,0,0,0,0,0,0,0,0,0,0,0,0,0,0,0,0,0,0,0,0,0,0,0,0,0,0,0,0,0,0,0,0,0,0,0,0,0,0
1989,239,15,37,18.354,2,8,0,-1,0,0,1,1,25,0,0,0,1028,0,0,0,0,0,1,1,0,0,0,368.129858,0,0,0,0,3,1,1,1,100,0,0,0,3,1,1,0.1,3000,0,0,0,0,0,0,0,0,0,0,0,0,0,0,0,0,0,0,0,0,0,0,0,0,0,0,0,0,0,0,0,0,0,0,0,0,0,0,0,0,0,0,0,0,0,0,0,0,0,0,0
1989,239,15,37,41.273,2,8,0,-1,1,0,1,1,25,0,0,0,1028,0,0,0,0,0,1,1,0,0,0,368.1681395,0,0,0,0,3,1,1,1,100,0,0,0,3,1,1,0.1,3000,0,0,0,0,0,0,0,0,0,0,0,0,0,0,0,0,0,0,0,0,0,0,0,0,0,0,0,0,0,0,0,0,0,0,0,0,0,0,0,0,0,0,0,0,0,0,0,0,0,0,0
1989,239,15,38,54.354,2,8,0,-1,0,0,1,1,25,0,0,0,1028,0,0,0,0,0,1,1,0,0,0,368.290206,0,0,0,0,3,1,1,1,100,0,0,0,3,1,1,0.1,3000,0,0,0,0,0,0,0,0,0,0,0,0,0,0,0,0,0,0,0,0,0,0,0,0,0,0,0,0,0,0,0,0,0,0,0,0,0,0,0,0,0,0,0,0,0,0,0,0,0,0,0
1989,239,15,39,17.274,2,8,0,-1,1,0,1,1,25,0,0,0,1028,0,0,0,0,0,1,1,0,0,0,368.328489,0,0,0,0,3,1,1,1,100,0,0,0,3,1,1,0.1,3000,0,0,0,0,0,0,0,0,0,0,0,0,0,0,0,0,0,0,0,0,0,0,0,0,0,0,0,0,0,0,0,0,0,0,0,0,0,0,0,0,0,0,0,0,0,0,0,0,0,0,0
1989,239,15,42,54.352,2,8,0,-1,0,0,1,1,25,0,0,0,1028,0,0,0,0,0,1,1,0,0,0,368.6910715,0,0,0,0,3,1,1,1,100,0,0,0,3,1,1,0.1,3000,0,0,0,0,0,0,0,0,0,0,0,0,0,0,0,0,0,0,0,0,0,0,0,0,0,0,0,0,0,0,0,0,0,0,0,0,0,0,0,0,0,0,0,0,0,0,0,0,0,0,0
1989,239,15,43,17.272,2,8,0,-1,1,0,1,1,25,0,0,0,1028,0,0,0,0,0,1,1,0,0,0,368.7293542,0,0,0,0,3,1,1,1,100,0,0,0,3,1,1,0.1,3000,0,0,0,0,0,0,0,0,0,0,0,0,0,0,0,0,0,0,0,0,0,0,0,0,0,0,0,0,0,0,0,0,0,0,0,0,0,0,0,0,0,0,0,0,0,0,0,0,0,0,0
1989,239,15,44,30.353,2,8,0,-1,0,0,1,1,25,0,0,0,1028,0,0,0,0,0,1,1,0,0,0,368.8514187,0,0,0,0,3,1,1,1,100,0,0,0,3,1,1,0.1,3000,0,0,0,0,0,0,0,0,0,0,0,0,0,0,0,0,0,0,0,0,0,0,0,0,0,0,0,0,0,0,0,0,0,0,0,0,0,0,0,0,0,0,0,0,0,0,0,0,0,0,0
1989,239,15,44,53.273,2,8,0,-1,1,0,1,1,25,0,0,0,1028,0,0,0,0,0,1,1,0,0,0,368.8897014,0,0,0,0,3,1,1,1,100,0,0,0,3,1,1,0.1,3000,0,0,0,0,0,0,0,0,0,0,0,0,0,0,0,0,0,0,0,0,0,0,0,0,0,0,0,0,0,0,0,0,0,0,0,0,0,0,0,0,0,0,0,0,0,0,0,0,0,0,0
1989,239,15,46,6.353,2,8,0,-1,0,0,1,1,25,0,0,0,1028,0,0,0,0,0,1,1,0,0,0,369.0117647,0,0,0,0,3,1,1,1,100,0,0,0,3,1,1,0.1,3000,0,0,0,0,0,0,0,0,0,0,0,0,0,0,0,0,0,0,0,0,0,0,0,0,0,0,0,0,0,0,0,0,0,0,0,0,0,0,0,0,0,0,0,0,0,0,0,0,0,0,0
1989,239,15,46,29.272,2,8,0,-1,1,0,1,1,25,0,0,0,1028,0,0,0,0,0,1,1,0,0,0,369.0500463,0,0,0,0,3,1,1,1,100,0,0,0,3,1,1,0.1,3000,0,0,0,0,0,0,0,0,0,0,0,0,0,0,0,0,0,0,0,0,0,0,0,0,0,0,0,0,0,0,0,0,0,0,0,0,0,0,0,0,0,0,0,0,0,0,0,0,0,0,0
1989,239,15,47,42.353,2,8,0,-1,0,0,1,1,25,0,0,0,1028,0,0,0,0,0,1,1,0,0,0,369.1721101,0,0,0,0,3,1,1,1,100,0,0,0,3,1,1,0.1,3000,0,0,0,0,0,0,0,0,0,0,0,0,0,0,0,0,0,0,0,0,0,0,0,0,0,0,0,0,0,0,0,0,0,0,0,0,0,0,0,0,0,0,0,0,0,0,0,0,0,0,0
1989,239,15,48,5.273,2,8,0,-1,1,0,1,1,25,0,0,0,1028,0,0,0,0,0,1,1,0,0,0,369.2103925,0,0,0,0,3,1,1,1,100,0,0,0,3,1,1,0.1,3000,0,0,0,0,0,0,0,0,0,0,0,0,0,0,0,0,0,0,0,0,0,0,0,0,0,0,0,0,0,0,0,0,0,0,0,0,0,0,0,0,0,0,0,0,0,0,0,0,0,0,0
1989,239,15,49,18.353,2,8,0,-1,0,0,1,1,25,0,0,0,1028,0,0,0,0,0,1,1,0,0,0,369.3324551,0,0,0,0,3,1,1,1,100,0,0,0,3,1,1,0.1,3000,0,0,0,0,0,0,0,0,0,0,0,0,0,0,0,0,0,0,0,0,0,0,0,0,0,0,0,0,0,0,0,0,0,0,0,0,0,0,0,0,0,0,0,0,0,0,0,0,0,0,0
1989,239,15,49,41.272,2,8,0,-1,1,0,1,1,25,0,0,0,1028,0,0,0,0,0,1,1,0,0,0,369.3707366,0,0,0,0,3,1,1,1,100,0,0,0,3,1,1,0.1,3000,0,0,0,0,0,0,0,0,0,0,0,0,0,0,0,0,0,0,0,0,0,0,0,0,0,0,0,0,0,0,0,0,0,0,0,0,0,0,0,0,0,0,0,0,0,0,0,0,0,0,0
1989,239,15,50,54.353,2,8,0,-1,0,0,1,1,25,0,0,0,1028,0,0,0,0,0,1,1,0,0,0,369.4927997,0,0,0,0,3,1,1,1,100,0,0,0,3,1,1,0.1,3000,0,0,0,0,0,0,0,0,0,0,0,0,0,0,0,0,0,0,0,0,0,0,0,0,0,0,0,0,0,0,0,0,0,0,0,0,0,0,0,0,0,0,0,0,0,0,0,0,0,0,0
1989,239,15,51,17.273,2,8,0,-1,1,0,1,1,25,0,0,0,1028,0,0,0,0,0,1,1,0,0,0,369.5310819,0,0,0,0,3,1,1,1,100,0,0,0,3,1,1,0.1,3000,0,0,0,0,0,0,0,0,0,0,0,0,0,0,0,0,0,0,0,0,0,0,0,0,0,0,0,0,0,0,0,0,0,0,0,0,0,0,0,0,0,0,0,0,0,0,0,0,0,0,0
1989,239,15,54,54.352,2,8,0,-1,0,0,1,1,25,0,0,0,1028,0,0,0,0,0,1,1,0,0,0,369.8936574,0,0,0,0,3,1,1,1,100,0,0,0,3,1,1,0.1,3000,0,0,0,0,0,0,0,0,0,0,0,0,0,0,0,0,0,0,0,0,0,0,0,0,0,0,0,0,0,0,0,0,0,0,0,0,0,0,0,0,0,0,0,0,0,0,0,0,0,0,0
1989,239,15,55,17.272,2,8,0,-1,1,0,1,1,25,0,0,0,1028,0,0,0,0,0,1,1,0,0,0,369.9319394,0,0,0,0,3,1,1,1,100,0,0,0,3,1,1,0.1,3000,0,0,0,0,0,0,0,0,0,0,0,0,0,0,0,0,0,0,0,0,0,0,0,0,0,0,0,0,0,0,0,0,0,0,0,0,0,0,0,0,0,0,0,0,0,0,0,0,0,0,0
1989,239,15,56,30.352,2,8,0,-1,0,0,1,1,25,0,0,0,1028,0,0,0,0,0,1,1,0,0,0,370.0540004,0,0,0,0,3,1,1,1,100,0,0,0,3,1,1,0.1,3000,0,0,0,0,0,0,0,0,0,0,0,0,0,0,0,0,0,0,0,0,0,0,0,0,0,0,0,0,0,0,0,0,0,0,0,0,0,0,0,0,0,0,0,0,0,0,0,0,0,0,0
1989,239,15,56,53.272,2,8,0,-1,1,0,1,1,25,0,0,0,1028,0,0,0,0,0,1,1,0,0,0,370.0922822,0,0,0,0,3,1,1,1,100,0,0,0,3,1,1,0.1,3000,0,0,0,0,0,0,0,0,0,0,0,0,0,0,0,0,0,0,0,0,0,0,0,0,0,0,0,0,0,0,0,0,0,0,0,0,0,0,0,0,0,0,0,0,0,0,0,0,0,0,0
1989,239,15,58,6.352,2,8,0,-1,0,0,1,1,25,0,0,0,1028,0,0,0,0,0,1,1,0,0,0,370.2143429,0,0,0,0,3,1,1,1,100,0,0,0,3,1,1,0.1,3000,0,0,0,0,0,0,0,0,0,0,0,0,0,0,0,0,0,0,0,0,0,0,0,0,0,0,0,0,0,0,0,0,0,0,0,0,0,0,0,0,0,0,0,0,0,0,0,0,0,0,0
1989,239,15,58,29.272,2,8,0,-1,1,0,1,1,25,0,0,0,1028,0,0,0,0,0,1,1,0,0,0,370.2526246,0,0,0,0,3,1,1,1,100,0,0,0,3,1,1,0.1,3000,0,0,0,0,0,0,0,0,0,0,0,0,0,0,0,0,0,0,0,0,0,0,0,0,0,0,0,0,0,0,0,0,0,0,0,0,0,0,0,0,0,0,0,0,0,0,0,0,0,0,0
1989,239,15,59,42.352,2,8,0,-1,0,0,1,1,25,0,0,0,1028,0,0,0,0,0,1,1,0,0,0,370.374685,0,0,0,0,3,1,1,1,100,0,0,0,3,1,1,0.1,3000,0,0,0,0,0,0,0,0,0,0,0,0,0,0,0,0,0,0,0,0,0,0,0,0,0,0,0,0,0,0,0,0,0,0,0,0,0,0,0,0,0,0,0,0,0,0,0,0,0,0,0
1989,239,16,0,5.272,2,8,0,-1,1,0,1,1,25,0,0,0,1028,0,0,0,0,0,1,1,0,0,0,370.4129666,0,0,0,0,3,1,1,1,100,0,0,0,3,1,1,0.1,3000,0,0,0,0,0,0,0,0,0,0,0,0,0,0,0,0,0,0,0,0,0,0,0,0,0,0,0,0,0,0,0,0,0,0,0,0,0,0,0,0,0,0,0,0,0,0,0,0,0,0,0
1989,239,16,1,18.352,2,8,0,-1,0,0,1,1,25,0,0,0,1028,0,0,0,0,0,1,1,0,0,0,370.5350266,0,0,0,0,3,1,1,1,100,0,0,0,3,1,1,0.1,3000,0,0,0,0,0,0,0,0,0,0,0,0,0,0,0,0,0,0,0,0,0,0,0,0,0,0,0,0,0,0,0,0,0,0,0,0,0,0,0,0,0,0,0,0,0,0,0,0,0,0,0
1989,239,16,1,41.272,2,8,0,-1,1,0,1,1,25,0,0,0,1028,0,0,0,0,0,1,1,0,0,0,370.5733081,0,0,0,0,3,1,1,1,100,0,0,0,3,1,1,0.1,3000,0,0,0,0,0,0,0,0,0,0,0,0,0,0,0,0,0,0,0,0,0,0,0,0,0,0,0,0,0,0,0,0,0,0,0,0,0,0,0,0,0,0,0,0,0,0,0,0,0,0,0
1989,239,16,2,54.352,2,8,0,-1,0,0,1,1,25,0,0,0,1028,0,0,0,0,0,1,1,0,0,0,370.6953677,0,0,0,0,3,1,1,1,100,0,0,0,3,1,1,0.1,3000,0,0,0,0,0,0,0,0,0,0,0,0,0,0,0,0,0,0,0,0,0,0,0,0,0,0,0,0,0,0,0,0,0,0,0,0,0,0,0,0,0,0,0,0,0,0,0,0,0,0,0
1989,239,16,3,17.272,2,8,0,-1,1,0,1,1,25,0,0,0,1028,0,0,0,0,0,1,1,0,0,0,370.7336491,0,0,0,0,3,1,1,1,100,0,0,0,3,1,1,0.1,3000,0,0,0,0,0,0,0,0,0,0,0,0,0,0,0,0,0,0,0,0,0,0,0,0,0,0,0,0,0,0,0,0,0,0,0,0,0,0,0,0,0,0,0,0,0,0,0,0,0,0,0
1989,239,16,6,54.351,2,8,0,-1,0,0,1,1,25,0,0,0,1028,0,0,0,0,0,1,1,0,0,0,371.096217,0,0,0,0,3,1,1,1,100,0,0,0,3,1,1,0.1,3000,0,0,0,0,0,0,0,0,0,0,0,0,0,0,0,0,0,0,0,0,0,0,0,0,0,0,0,0,0,0,0,0,0,0,0,0,0,0,0,0,0,0,0,0,0,0,0,0,0,0,0
1989,239,16,7,17.271,2,8,0,-1,1,0,1,1,25,0,0,0,1028,0,0,0,0,0,1,1,0,0,0,371.1344981,0,0,0,0,3,1,1,1,100,0,0,0,3,1,1,0.1,3000,0,0,0,0,0,0,0,0,0,0,0,0,0,0,0,0,0,0,0,0,0,0,0,0,0,0,0,0,0,0,0,0,0,0,0,0,0,0,0,0,0,0,0,0,0,0,0,0,0,0,0
1989,239,16,8,30.351,2,8,0,-1,0,0,1,1,25,0,0,0,1028,0,0,0,0,0,1,1,0,0,0,371.2565565,0,0,0,0,3,1,1,1,100,0,0,0,3,1,1,0.1,3000,0,0,0,0,0,0,0,0,0,0,0,0,0,0,0,0,0,0,0,0,0,0,0,0,0,0,0,0,0,0,0,0,0,0,0,0,0,0,0,0,0,0,0,0,0,0,0,0,0,0,0
1989,239,16,8,53.271,2,8,0,-1,1,0,1,1,25,0,0,0,1028,0,0,0,0,0,1,1,0,0,0,371.2948375,0,0,0,0,3,1,1,1,100,0,0,0,3,1,1,0.1,3000,0,0,0,0,0,0,0,0,0,0,0,0,0,0,0,0,0,0,0,0,0,0,0,0,0,0,0,0,0,0,0,0,0,0,0,0,0,0,0,0,0,0,0,0,0,0,0,0,0,0,0
1989,239,16,10,6.351,2,8,0,-1,0,0,1,1,25,0,0,0,1028,0,0,0,0,0,1,1,0,0,0,371.4168956,0,0,0,0,3,1,1,1,100,0,0,0,3,1,1,0.1,3000,0,0,0,0,0,0,0,0,0,0,0,0,0,0,0,0,0,0,0,0,0,0,0,0,0,0,0,0,0,0,0,0,0,0,0,0,0,0,0,0,0,0,0,0,0,0,0,0,0,0,0
1989,239,16,10,29.271,2,8,0,-1,1,0,1,1,25,0,0,0,1028,0,0,0,0,0,1,1,0,0,0,371.4551765,0,0,0,0,3,1,1,1,100,0,0,0,3,1,1,0.1,3000,0,0,0,0,0,0,0,0,0,0,0,0,0,0,0,0,0,0,0,0,0,0,0,0,0,0,0,0,0,0,0,0,0,0,0,0,0,0,0,0,0,0,0,0,0,0,0,0,0,0,0
1989,239,16,11,42.351,2,8,0,-1,0,0,1,1,25,0,0,0,1028,0,0,0,0,0,1,1,0,0,0,371.5772343,0,0,0,0,3,1,1,1,100,0,0,0,3,1,1,0.1,3000,0,0,0,0,0,0,0,0,0,0,0,0,0,0,0,0,0,0,0,0,0,0,0,0,0,0,0,0,0,0,0,0,0,0,0,0,0,0,0,0,0,0,0,0,0,0,0,0,0,0,0
1989,239,16,12,5.271,2,8,0,-1,1,0,1,1,25,0,0,0,1028,0,0,0,0,0,1,1,0,0,0,371.6155151,0,0,0,0,3,1,1,1,100,0,0,0,3,1,1,0.1,3000,0,0,0,0,0,0,0,0,0,0,0,0,0,0,0,0,0,0,0,0,0,0,0,0,0,0,0,0,0,0,0,0,0,0,0,0,0,0,0,0,0,0,0,0,0,0,0,0,0,0,0
1989,239,16,13,18.351,2,8,0,-1,0,0,1,1,25,0,0,0,1028,0,0,0,0,0,1,1,0,0,0,371.7375725,0,0,0,0,3,1,1,1,100,0,0,0,3,1,1,0.1,3000,0,0,0,0,0,0,0,0,0,0,0,0,0,0,0,0,0,0,0,0,0,0,0,0,0,0,0,0,0,0,0,0,0,0,0,0,0,0,0,0,0,0,0,0,0,0,0,0,0,0,0
1989,239,16,13,41.271,2,8,0,-1,1,0,1,1,25,0,0,0,1028,0,0,0,0,0,1,1,0,0,0,371.7758532,0,0,0,0,3,1,1,1,100,0,0,0,3,1,1,0.1,3000,0,0,0,0,0,0,0,0,0,0,0,0,0,0,0,0,0,0,0,0,0,0,0,0,0,0,0,0,0,0,0,0,0,0,0,0,0,0,0,0,0,0,0,0,0,0,0,0,0,0,0
1989,239,16,14,54.351,2,8,0,-1,0,0,1,1,25,0,0,0,1028,0,0,0,0,0,1,1,0,0,0,371.8979103,0,0,0,0,3,1,1,1,100,0,0,0,3,1,1,0.1,3000,0,0,0,0,0,0,0,0,0,0,0,0,0,0,0,0,0,0,0,0,0,0,0,0,0,0,0,0,0,0,0,0,0,0,0,0,0,0,0,0,0,0,0,0,0,0,0,0,0,0,0
1989,239,16,15,17.271,2,8,0,-1,1,0,1,1,25,0,0,0,1028,0,0,0,0,0,1,1,0,0,0,371.9361909,0,0,0,0,3,1,1,1,100,0,0,0,3,1,1,0.1,3000,0,0,0,0,0,0,0,0,0,0,0,0,0,0,0,0,0,0,0,0,0,0,0,0,0,0,0,0,0,0,0,0,0,0,0,0,0,0,0,0,0,0,0,0,0,0,0,0,0,0,0
1989,239,16,18,54.35,2,8,0,-1,0,0,1,1,25,0,0,0,1028,0,0,0,0,0,1,1,0,0,0,372.2987519,0,0,0,0,3,1,1,1,100,0,0,0,3,1,1,0.1,3000,0,0,0,0,0,0,0,0,0,0,0,0,0,0,0,0,0,0,0,0,0,0,0,0,0,0,0,0,0,0,0,0,0,0,0,0,0,0,0,0,0,0,0,0,0,0,0,0,0,0,0
1989,239,16,19,17.271,2,8,0,-1,1,0,1,1,25,0,0,0,1028,0,0,0,0,0,1,1,0,0,0,372.3370322,0,0,0,0,3,1,1,1,100,0,0,0,3,1,1,0.1,3000,0,0,0,0,0,0,0,0,0,0,0,0,0,0,0,0,0,0,0,0,0,0,0,0,0,0,0,0,0,0,0,0,0,0,0,0,0,0,0,0,0,0,0,0,0,0,0,0,0,0,0
1989,239,16,20,30.35,2,8,0,-1,0,0,1,1,25,0,0,0,1028,0,0,0,0,0,1,1,0,0,0,372.4590872,0,0,0,0,3,1,1,1,100,0,0,0,3,1,1,0.1,3000,0,0,0,0,0,0,0,0,0,0,0,0,0,0,0,0,0,0,0,0,0,0,0,0,0,0,0,0,0,0,0,0,0,0,0,0,0,0,0,0,0,0,0,0,0,0,0,0,0,0,0
1989,239,16,20,53.27,2,8,0,-1,1,0,1,1,25,0,0,0,1028,0,0,0,0,0,1,1,0,0,0,372.4973674,0,0,0,0,3,1,1,1,100,0,0,0,3,1,1,0.1,3000,0,0,0,0,0,0,0,0,0,0,0,0,0,0,0,0,0,0,0,0,0,0,0,0,0,0,0,0,0,0,0,0,0,0,0,0,0,0,0,0,0,0,0,0,0,0,0,0,0,0,0
1989,239,16,22,6.35,2,8,0,-1,0,0,1,1,25,0,0,0,1028,0,0,0,0,0,1,1,0,0,0,372.619423,0,0,0,0,3,1,1,1,100,0,0,0,3,1,1,0.1,3000,0,0,0,0,0,0,0,0,0,0,0,0,0,0,0,0,0,0,0,0,0,0,0,0,0,0,0,0,0,0,0,0,0,0,0,0,0,0,0,0,0,0,0,0,0,0,0,0,0,0,0
1989,239,16,22,29.27,2,8,0,-1,1,0,1,1,25,0,0,0,1028,0,0,0,0,0,1,1,0,0,0,372.6577022,0,0,0,0,3,1,1,1,100,0,0,0,3,1,1,0.1,3000,0,0,0,0,0,0,0,0,0,0,0,0,0,0,0,0,0,0,0,0,0,0,0,0,0,0,0,0,0,0,0,0,0,0,0,0,0,0,0,0,0,0,0,0,0,0,0,0,0,0,0
1989,239,16,23,42.35,2,8,0,-1,0,0,1,1,25,0,0,0,1028,0,0,0,0,0,1,1,0,0,0,372.7797583,0,0,0,0,3,1,1,1,100,0,0,0,3,1,1,0.1,3000,0,0,0,0,0,0,0,0,0,0,0,0,0,0,0,0,0,0,0,0,0,0,0,0,0,0,0,0,0,0,0,0,0,0,0,0,0,0,0,0,0,0,0,0,0,0,0,0,0,0,0
1989,239,16,24,5.27,2,8,0,-1,1,0,1,1,25,0,0,0,1028,0,0,0,0,0,1,1,0,0,0,372.8180383,0,0,0,0,3,1,1,1,100,0,0,0,3,1,1,0.1,3000,0,0,0,0,0,0,0,0,0,0,0,0,0,0,0,0,0,0,0,0,0,0,0,0,0,0,0,0,0,0,0,0,0,0,0,0,0,0,0,0,0,0,0,0,0,0,0,0,0,0,0
1989,239,16,25,18.35,2,8,0,-1,0,0,1,1,25,0,0,0,1028,0,0,0,0,0,1,1,0,0,0,372.9400931,0,0,0,0,3,1,1,1,100,0,0,0,3,1,1,0.1,3000,0,0,0,0,0,0,0,0,0,0,0,0,0,0,0,0,0,0,0,0,0,0,0,0,0,0,0,0,0,0,0,0,0,0,0,0,0,0,0,0,0,0,0,0,0,0,0,0,0,0,0
1989,239,16,25,41.27,2,8,0,-1,1,0,1,1,25,0,0,0,1028,0,0,0,0,0,1,1,0,0,0,372.978373,0,0,0,0,3,1,1,1,100,0,0,0,3,1,1,0.1,3000,0,0,0,0,0,0,0,0,0,0,0,0,0,0,0,0,0,0,0,0,0,0,0,0,0,0,0,0,0,0,0,0,0,0,0,0,0,0,0,0,0,0,0,0,0,0,0,0,0,0,0
1989,239,16,26,54.35,2,8,0,-1,0,0,1,1,25,0,0,0,1028,0,0,0,0,0,1,1,0,0,0,373.1004275,0,0,0,0,3,1,1,1,100,0,0,0,3,1,1,0.1,3000,0,0,0,0,0,0,0,0,0,0,0,0,0,0,0,0,0,0,0,0,0,0,0,0,0,0,0,0,0,0,0,0,0,0,0,0,0,0,0,0,0,0,0,0,0,0,0,0,0,0,0
1989,239,16,27,17.27,2,8,0,-1,1,0,1,1,25,0,0,0,1028,0,0,0,0,0,1,1,0,0,0,373.1387073,0,0,0,0,3,1,1,1,100,0,0,0,3,1,1,0.1,3000,0,0,0,0,0,0,0,0,0,0,0,0,0,0,0,0,0,0,0,0,0,0,0,0,0,0,0,0,0,0,0,0,0,0,0,0,0,0,0,0,0,0,0,0,0,0,0,0,0,0,0
1989,239,16,30,54.35,2,8,0,-1,0,0,1,1,25,0,0,0,1028,0,0,0,0,0,1,1,0,0,0,373.5012616,0,0,0,0,3,1,1,1,100,0,0,0,3,1,1,0.1,3000,0,0,0,0,0,0,0,0,0,0,0,0,0,0,0,0,0,0,0,0,0,0,0,0,0,0,0,0,0,0,0,0,0,0,0,0,0,0,0,0,0,0,0,0,0,0,0,0,0,0,0
1989,239,16,31,17.27,2,8,0,-1,1,0,1,1,25,0,0,0,1028,0,0,0,0,0,1,1,0,0,0,373.5395402,0,0,0,0,3,1,1,1,100,0,0,0,3,1,1,0.1,3000,0,0,0,0,0,0,0,0,0,0,0,0,0,0,0,0,0,0,0,0,0,0,0,0,0,0,0,0,0,0,0,0,0,0,0,0,0,0,0,0,0,0,0,0,0,0,0,0,0,0,0
1989,239,16,32,30.349,2,8,0,-1,0,0,1,1,25,0,0,0,1028,0,0,0,0,0,1,1,0,0,0,373.6615927,0,0,0,0,3,1,1,1,100,0,0,0,3,1,1,0.1,3000,0,0,0,0,0,0,0,0,0,0,0,0,0,0,0,0,0,0,0,0,0,0,0,0,0,0,0,0,0,0,0,0,0,0,0,0,0,0,0,0,0,0,0,0,0,0,0,0,0,0,0
1989,239,16,32,53.269,2,8,0,-1,1,0,1,1,25,0,0,0,1028,0,0,0,0,0,1,1,0,0,0,373.6998721,0,0,0,0,3,1,1,1,100,0,0,0,3,1,1,0.1,3000,0,0,0,0,0,0,0,0,0,0,0,0,0,0,0,0,0,0,0,0,0,0,0,0,0,0,0,0,0,0,0,0,0,0,0,0,0,0,0,0,0,0,0,0,0,0,0,0,0,0,0
1989,239,16,34,6.349,2,8,0,-1,0,0,1,1,25,0,0,0,1028,0,0,0,0,0,1,1,0,0,0,373.8219251,0,0,0,0,3,1,1,1,100,0,0,0,3,1,1,0.1,3000,0,0,0,0,0,0,0,0,0,0,0,0,0,0,0,0,0,0,0,0,0,0,0,0,0,0,0,0,0,0,0,0,0,0,0,0,0,0,0,0,0,0,0,0,0,0,0,0,0,0,0
1989,239,16,34,29.268,2,8,0,-1,1,0,1,1,25,0,0,0,1028,0,0,0,0,0,1,1,0,0,0,373.8602036,0,0,0,0,3,1,1,1,100,0,0,0,3,1,1,0.1,3000,0,0,0,0,0,0,0,0,0,0,0,0,0,0,0,0,0,0,0,0,0,0,0,0,0,0,0,0,0,0,0,0,0,0,0,0,0,0,0,0,0,0,0,0,0,0,0,0,0,0,0
1989,239,16,35,42.349,2,8,0,-1,0,0,1,1,25,0,0,0,1028,0,0,0,0,0,1,1,0,0,0,373.9822571,0,0,0,0,3,1,1,1,100,0,0,0,3,1,1,0.1,3000,0,0,0,0,0,0,0,0,0,0,0,0,0,0,0,0,0,0,0,0,0,0,0,0,0,0,0,0,0,0,0,0,0,0,0,0,0,0,0,0,0,0,0,0,0,0,0,0,0,0,0
1989,239,16,36,5.269,2,8,0,-1,1,0,1,1,25,0,0,0,1028,0,0,0,0,0,1,1,0,0,0,374.0205363,0,0,0,0,3,1,1,1,100,0,0,0,3,1,1,0.1,3000,0,0,0,0,0,0,0,0,0,0,0,0,0,0,0,0,0,0,0,0,0,0,0,0,0,0,0,0,0,0,0,0,0,0,0,0,0,0,0,0,0,0,0,0,0,0,0,0,0,0,0
1989,239,16,37,18.349,2,8,0,-1,0,0,1,1,25,0,0,0,1028,0,0,0,0,0,1,1,0,0,0,374.1425886,0,0,0,0,3,1,1,1,100,0,0,0,3,1,1,0.1,3000,0,0,0,0,0,0,0,0,0,0,0,0,0,0,0,0,0,0,0,0,0,0,0,0,0,0,0,0,0,0,0,0,0,0,0,0,0,0,0,0,0,0,0,0,0,0,0,0,0,0,0
1989,239,16,37,41.269,2,8,0,-1,1,0,1,1,25,0,0,0,1028,0,0,0,0,0,1,1,0,0,0,374.1808676,0,0,0,0,3,1,1,1,100,0,0,0,3,1,1,0.1,3000,0,0,0,0,0,0,0,0,0,0,0,0,0,0,0,0,0,0,0,0,0,0,0,0,0,0,0,0,0,0,0,0,0,0,0,0,0,0,0,0,0,0,0,0,0,0,0,0,0,0,0
1989,239,16,38,54.349,2,8,0,-1,0,0,1,1,25,0,0,0,1028,0,0,0,0,0,1,1,0,0,0,374.3029196,0,0,0,0,3,1,1,1,100,0,0,0,3,1,1,0.1,3000,0,0,0,0,0,0,0,0,0,0,0,0,0,0,0,0,0,0,0,0,0,0,0,0,0,0,0,0,0,0,0,0,0,0,0,0,0,0,0,0,0,0,0,0,0,0,0,0,0,0,0
1989,239,16,39,17.268,2,8,0,-1,1,0,1,1,25,0,0,0,1028,0,0,0,0,0,1,1,0,0,0,374.3411978,0,0,0,0,3,1,1,1,100,0,0,0,3,1,1,0.1,3000,0,0,0,0,0,0,0,0,0,0,0,0,0,0,0,0,0,0,0,0,0,0,0,0,0,0,0,0,0,0,0,0,0,0,0,0,0,0,0,0,0,0,0,0,0,0,0,0,0,0,0
1989,239,16,42,54.349,2,8,0,-1,0,0,1,1,25,0,0,0,1028,0,0,0,0,0,1,1,0,0,0,374.7037453,0,0,0,0,3,1,1,1,100,0,0,0,3,1,1,0.1,3000,0,0,0,0,0,0,0,0,0,0,0,0,0,0,0,0,0,0,0,0,0,0,0,0,0,0,0,0,0,0,0,0,0,0,0,0,0,0,0,0,0,0,0,0,0,0,0,0,0,0,0
1989,239,16,43,17.268,2,8,0,-1,1,0,1,1,25,0,0,0,1028,0,0,0,0,0,1,1,0,0,0,374.7420232,0,0,0,0,3,1,1,1,100,0,0,0,3,1,1,0.1,3000,0,0,0,0,0,0,0,0,0,0,0,0,0,0,0,0,0,0,0,0,0,0,0,0,0,0,0,0,0,0,0,0,0,0,0,0,0,0,0,0,0,0,0,0,0,0,0,0,0,0,0
1989,239,16,44,30.349,2,8,0,-1,0,0,1,1,25,0,0,0,1028,0,0,0,0,0,1,1,0,0,0,374.8640748,0,0,0,0,3,1,1,1,100,0,0,0,3,1,1,0.1,3000,0,0,0,0,0,0,0,0,0,0,0,0,0,0,0,0,0,0,0,0,0,0,0,0,0,0,0,0,0,0,0,0,0,0,0,0,0,0,0,0,0,0,0,0,0,0,0,0,0,0,0
1989,239,16,44,53.269,2,8,0,-1,1,0,1,1,25,0,0,0,1028,0,0,0,0,0,1,1,0,0,0,374.9023534,0,0,0,0,3,1,1,1,100,0,0,0,3,1,1,0.1,3000,0,0,0,0,0,0,0,0,0,0,0,0,0,0,0,0,0,0,0,0,0,0,0,0,0,0,0,0,0,0,0,0,0,0,0,0,0,0,0,0,0,0,0,0,0,0,0,0,0,0,0
1989,239,16,46,6.348,2,8,0,-1,0,0,1,1,25,0,0,0,1028,0,0,0,0,0,1,1,0,0,0,375.0244022,0,0,0,0,3,1,1,1,100,0,0,0,3,1,1,0.1,3000,0,0,0,0,0,0,0,0,0,0,0,0,0,0,0,0,0,0,0,0,0,0,0,0,0,0,0,0,0,0,0,0,0,0,0,0,0,0,0,0,0,0,0,0,0,0,0,0,0,0,0
1989,239,16,46,29.268,2,8,0,-1,1,0,1,1,25,0,0,0,1028,0,0,0,0,0,1,1,0,0,0,375.0626807,0,0,0,0,3,1,1,1,100,0,0,0,3,1,1,0.1,3000,0,0,0,0,0,0,0,0,0,0,0,0,0,0,0,0,0,0,0,0,0,0,0,0,0,0,0,0,0,0,0,0,0,0,0,0,0,0,0,0,0,0,0,0,0,0,0,0,0,0,0
1989,239,16,47,42.348,2,8,0,-1,0,0,1,1,25,0,0,0,1028,0,0,0,0,0,1,1,0,0,0,375.1847308,0,0,0,0,3,1,1,1,100,0,0,0,3,1,1,0.1,3000,0,0,0,0,0,0,0,0,0,0,0,0,0,0,0,0,0,0,0,0,0,0,0,0,0,0,0,0,0,0,0,0,0,0,0,0,0,0,0,0,0,0,0,0,0,0,0,0,0,0,0
1989,239,16,48,5.268,2,8,0,-1,1,0,1,1,25,0,0,0,1028,0,0,0,0,0,1,1,0,0,0,375.2230092,0,0,0,0,3,1,1,1,100,0,0,0,3,1,1,0.1,3000,0,0,0,0,0,0,0,0,0,0,0,0,0,0,0,0,0,0,0,0,0,0,0,0,0,0,0,0,0,0,0,0,0,0,0,0,0,0,0,0,0,0,0,0,0,0,0,0,0,0,0
1989,239,16,49,18.348,2,8,0,-1,0,0,1,1,25,0,0,0,1028,0,0,0,0,0,1,1,0,0,0,375.345059,0,0,0,0,3,1,1,1,100,0,0,0,3,1,1,0.1,3000,0,0,0,0,0,0,0,0,0,0,0,0,0,0,0,0,0,0,0,0,0,0,0,0,0,0,0,0,0,0,0,0,0,0,0,0,0,0,0,0,0,0,0,0,0,0,0,0,0,0,0
1989,239,16,49,41.268,2,8,0,-1,1,0,1,1,25,0,0,0,1028,0,0,0,0,0,1,1,0,0,0,375.3833373,0,0,0,0,3,1,1,1,100,0,0,0,3,1,1,0.1,3000,0,0,0,0,0,0,0,0,0,0,0,0,0,0,0,0,0,0,0,0,0,0,0,0,0,0,0,0,0,0,0,0,0,0,0,0,0,0,0,0,0,0,0,0,0,0,0,0,0,0,0
1989,239,16,50,54.348,2,8,0,-1,0,0,1,1,25,0,0,0,1028,0,0,0,0,0,1,1,0,0,0,375.5053867,0,0,0,0,3,1,1,1,100,0,0,0,3,1,1,0.1,3000,0,0,0,0,0,0,0,0,0,0,0,0,0,0,0,0,0,0,0,0,0,0,0,0,0,0,0,0,0,0,0,0,0,0,0,0,0,0,0,0,0,0,0,0,0,0,0,0,0,0,0
1989,239,16,51,17.268,2,8,0,-1,1,0,1,1,25,0,0,0,1028,0,0,0,0,0,1,1,0,0,0,375.5436649,0,0,0,0,3,1,1,1,100,0,0,0,3,1,1,0.1,3000,0,0,0,0,0,0,0,0,0,0,0,0,0,0,0,0,0,0,0,0,0,0,0,0,0,0,0,0,0,0,0,0,0,0,0,0,0,0,0,0,0,0,0,0,0,0,0,0,0,0,0
1989,239,16,54,54.348,2,8,0,-1,0,0,1,1,25,0,0,0,1028,0,0,0,0,0,1,1,0,0,0,375.9062041,0,0,0,0,3,1,1,1,100,0,0,0,3,1,1,0.1,3000,0,0,0,0,0,0,0,0,0,0,0,0,0,0,0,0,0,0,0,0,0,0,0,0,0,0,0,0,0,0,0,0,0,0,0,0,0,0,0,0,0,0,0,0,0,0,0,0,0,0,0
1989,239,16,55,17.268,2,8,0,-1,1,0,1,1,25,0,0,0,1028,0,0,0,0,0,1,1,0,0,0,375.9444821,0,0,0,0,3,1,1,1,100,0,0,0,3,1,1,0.1,3000,0,0,0,0,0,0,0,0,0,0,0,0,0,0,0,0,0,0,0,0,0,0,0,0,0,0,0,0,0,0,0,0,0,0,0,0,0,0,0,0,0,0,0,0,0,0,0,0,0,0,0
1989,239,16,56,30.348,2,8,0,-1,0,0,1,1,25,0,0,0,1028,0,0,0,0,0,1,1,0,0,0,376.0665303,0,0,0,0,3,1,1,1,100,0,0,0,3,1,1,0.1,3000,0,0,0,0,0,0,0,0,0,0,0,0,0,0,0,0,0,0,0,0,0,0,0,0,0,0,0,0,0,0,0,0,0,0,0,0,0,0,0,0,0,0,0,0,0,0,0,0,0,0,0
1989,239,16,56,53.268,2,8,0,-1,1,0,1,1,25,0,0,0,1028,0,0,0,0,0,1,1,0,0,0,376.1048081,0,0,0,0,3,1,1,1,100,0,0,0,3,1,1,0.1,3000,0,0,0,0,0,0,0,0,0,0,0,0,0,0,0,0,0,0,0,0,0,0,0,0,0,0,0,0,0,0,0,0,0,0,0,0,0,0,0,0,0,0,0,0,0,0,0,0,0,0,0
1989,239,16,58,6.347,2,8,0,-1,0,0,1,1,25,0,0,0,1028,0,0,0,0,0,1,1,0,0,0,376.2268553,0,0,0,0,3,1,1,1,100,0,0,0,3,1,1,0.1,3000,0,0,0,0,0,0,0,0,0,0,0,0,0,0,0,0,0,0,0,0,0,0,0,0,0,0,0,0,0,0,0,0,0,0,0,0,0,0,0,0,0,0,0,0,0,0,0,0,0,0,0
1989,239,16,58,29.267,2,8,0,-1,1,0,1,1,25,0,0,0,1028,0,0,0,0,0,1,1,0,0,0,376.265133,0,0,0,0,3,1,1,1,100,0,0,0,3,1,1,0.1,3000,0,0,0,0,0,0,0,0,0,0,0,0,0,0,0,0,0,0,0,0,0,0,0,0,0,0,0,0,0,0,0,0,0,0,0,0,0,0,0,0,0,0,0,0,0,0,0,0,0,0,0
1989,239,16,59,42.347,2,8,0,-1,0,0,1,1,25,0,0,0,1028,0,0,0,0,0,1,1,0,0,0,376.3871797,0,0,0,0,3,1,1,1,100,0,0,0,3,1,1,0.1,3000,0,0,0,0,0,0,0,0,0,0,0,0,0,0,0,0,0,0,0,0,0,0,0,0,0,0,0,0,0,0,0,0,0,0,0,0,0,0,0,0,0,0,0,0,0,0,0,0,0,0,0
1989,239,17,0,5.266,2,8,0,-1,1,0,1,1,25,0,0,0,1028,0,0,0,0,0,1,1,0,0,0,376.4254565,0,0,0,0,3,1,1,1,100,0,0,0,3,1,1,0.1,3000,0,0,0,0,0,0,0,0,0,0,0,0,0,0,0,0,0,0,0,0,0,0,0,0,0,0,0,0,0,0,0,0,0,0,0,0,0,0,0,0,0,0,0,0,0,0,0,0,0,0,0
1989,239,17,1,18.347,2,8,0,-1,0,0,1,1,25,0,0,0,1028,0,0,0,0,0,1,1,0,0,0,376.5475046,0,0,0,0,3,1,1,1,100,0,0,0,3,1,1,0.1,3000,0,0,0,0,0,0,0,0,0,0,0,0,0,0,0,0,0,0,0,0,0,0,0,0,0,0,0,0,0,0,0,0,0,0,0,0,0,0,0,0,0,0,0,0,0,0,0,0,0,0,0
1989,239,17,1,41.267,2,8,0,-1,1,0,1,1,25,0,0,0,1028,0,0,0,0,0,1,1,0,0,0,376.5857821,0,0,0,0,3,1,1,1,100,0,0,0,3,1,1,0.1,3000,0,0,0,0,0,0,0,0,0,0,0,0,0,0,0,0,0,0,0,0,0,0,0,0,0,0,0,0,0,0,0,0,0,0,0,0,0,0,0,0,0,0,0,0,0,0,0,0,0,0,0
1989,239,17,2,54.347,2,8,0,-1,0,0,1,1,25,0,0,0,1028,0,0,0,0,0,1,1,0,0,0,376.707829,0,0,0,0,3,1,1,1,100,0,0,0,3,1,1,0.1,3000,0,0,0,0,0,0,0,0,0,0,0,0,0,0,0,0,0,0,0,0,0,0,0,0,0,0,0,0,0,0,0,0,0,0,0,0,0,0,0,0,0,0,0,0,0,0,0,0,0,0,0
1989,239,17,3,17.266,2,8,0,-1,1,0,1,1,25,0,0,0,1028,0,0,0,0,0,1,1,0,0,0,376.7461056,0,0,0,0,3,1,1,1,100,0,0,0,3,1,1,0.1,3000,0,0,0,0,0,0,0,0,0,0,0,0,0,0,0,0,0,0,0,0,0,0,0,0,0,0,0,0,0,0,0,0,0,0,0,0,0,0,0,0,0,0,0,0,0,0,0,0,0,0,0
1989,239,17,6,54.347,2,8,0,-1,0,0,1,1,25,0,0,0,1028,0,0,0,0,0,1,1,0,0,0,377.1086382,0,0,0,0,3,1,1,1,100,0,0,0,3,1,1,0.1,3000,0,0,0,0,0,0,0,0,0,0,0,0,0,0,0,0,0,0,0,0,0,0,0,0,0,0,0,0,0,0,0,0,0,0,0,0,0,0,0,0,0,0,0,0,0,0,0,0,0,0,0
1989,239,17,7,17.267,2,8,0,-1,1,0,1,1,25,0,0,0,1028,0,0,0,0,0,1,1,0,0,0,377.1469153,0,0,0,0,3,1,1,1,100,0,0,0,3,1,1,0.1,3000,0,0,0,0,0,0,0,0,0,0,0,0,0,0,0,0,0,0,0,0,0,0,0,0,0,0,0,0,0,0,0,0,0,0,0,0,0,0,0,0,0,0,0,0,0,0,0,0,0,0,0
1989,239,17,8,30.347,2,8,0,-1,0,0,1,1,25,0,0,0,1028,0,0,0,0,0,1,1,0,0,0,377.2689611,0,0,0,0,3,1,1,1,100,0,0,0,3,1,1,0.1,3000,0,0,0,0,0,0,0,0,0,0,0,0,0,0,0,0,0,0,0,0,0,0,0,0,0,0,0,0,0,0,0,0,0,0,0,0,0,0,0,0,0,0,0,0,0,0,0,0,0,0,0
1989,239,17,8,53.267,2,8,0,-1,1,0,1,1,25,0,0,0,1028,0,0,0,0,0,1,1,0,0,0,377.3072381,0,0,0,0,3,1,1,1,100,0,0,0,3,1,1,0.1,3000,0,0,0,0,0,0,0,0,0,0,0,0,0,0,0,0,0,0,0,0,0,0,0,0,0,0,0,0,0,0,0,0,0,0,0,0,0,0,0,0,0,0,0,0,0,0,0,0,0,0,0
1989,239,17,10,6.347,2,8,0,-1,0,0,1,1,25,0,0,0,1028,0,0,0,0,0,1,1,0,0,0,377.4292836,0,0,0,0,3,1,1,1,100,0,0,0,3,1,1,0.1,3000,0,0,0,0,0,0,0,0,0,0,0,0,0,0,0,0,0,0,0,0,0,0,0,0,0,0,0,0,0,0,0,0,0,0,0,0,0,0,0,0,0,0,0,0,0,0,0,0,0,0,0
1989,239,17,10,29.267,2,8,0,-1,1,0,1,1,25,0,0,0,1028,0,0,0,0,0,1,1,0,0,0,377.4675605,0,0,0,0,3,1,1,1,100,0,0,0,3,1,1,0.1,3000,0,0,0,0,0,0,0,0,0,0,0,0,0,0,0,0,0,0,0,0,0,0,0,0,0,0,0,0,0,0,0,0,0,0,0,0,0,0,0,0,0,0,0,0,0,0,0,0,0,0,0
1989,239,17,11,42.346,2,8,0,-1,0,0,1,1,25,0,0,0,1028,0,0,0,0,0,1,1,0,0,0,377.5896039,0,0,0,0,3,1,1,1,100,0,0,0,3,1,1,0.1,3000,0,0,0,0,0,0,0,0,0,0,0,0,0,0,0,0,0,0,0,0,0,0,0,0,0,0,0,0,0,0,0,0,0,0,0,0,0,0,0,0,0,0,0,0,0,0,0,0,0,0,0
1989,239,17,12,5.266,2,8,0,-1,1,0,1,1,25,0,0,0,1028,0,0,0,0,0,1,1,0,0,0,377.6278807,0,0,0,0,3,1,1,1,100,0,0,0,3,1,1,0.1,3000,0,0,0,0,0,0,0,0,0,0,0,0,0,0,0,0,0,0,0,0,0,0,0,0,0,0,0,0,0,0,0,0,0,0,0,0,0,0,0,0,0,0,0,0,0,0,0,0,0,0,0
1989,239,17,13,18.346,2,8,0,-1,0,0,1,1,25,0,0,0,1028,0,0,0,0,0,1,1,0,0,0,377.7499255,0,0,0,0,3,1,1,1,100,0,0,0,3,1,1,0.1,3000,0,0,0,0,0,0,0,0,0,0,0,0,0,0,0,0,0,0,0,0,0,0,0,0,0,0,0,0,0,0,0,0,0,0,0,0,0,0,0,0,0,0,0,0,0,0,0,0,0,0,0
1989,239,17,13,41.266,2,8,0,-1,1,0,1,1,25,0,0,0,1028,0,0,0,0,0,1,1,0,0,0,377.7882022,0,0,0,0,3,1,1,1,100,0,0,0,3,1,1,0.1,3000,0,0,0,0,0,0,0,0,0,0,0,0,0,0,0,0,0,0,0,0,0,0,0,0,0,0,0,0,0,0,0,0,0,0,0,0,0,0,0,0,0,0,0,0,0,0,0,0,0,0,0
1989,239,17,14,54.346,2,8,0,-1,0,0,1,1,25,0,0,0,1028,0,0,0,0,0,1,1,0,0,0,377.9102467,0,0,0,0,3,1,1,1,100,0,0,0,3,1,1,0.1,3000,0,0,0,0,0,0,0,0,0,0,0,0,0,0,0,0,0,0,0,0,0,0,0,0,0,0,0,0,0,0,0,0,0,0,0,0,0,0,0,0,0,0,0,0,0,0,0,0,0,0,0
1989,239,17,15,17.266,2,8,0,-1,1,0,1,1,25,0,0,0,1028,0,0,0,0,0,1,1,0,0,0,377.9485233,0,0,0,0,3,1,1,1,100,0,0,0,3,1,1,0.1,3000,0,0,0,0,0,0,0,0,0,0,0,0,0,0,0,0,0,0,0,0,0,0,0,0,0,0,0,0,0,0,0,0,0,0,0,0,0,0,0,0,0,0,0,0,0,0,0,0,0,0,0
1989,239,17,18,54.346,2,8,0,-1,0,0,1,1,25,0,0,0,1028,0,0,0,0,0,1,1,0,0,0,378.3110476,0,0,0,0,3,1,1,1,100,0,0,0,3,1,1,0.1,3000,0,0,0,0,0,0,0,0,0,0,0,0,0,0,0,0,0,0,0,0,0,0,0,0,0,0,0,0,0,0,0,0,0,0,0,0,0,0,0,0,0,0,0,0,0,0,0,0,0,0,0
1989,239,17,19,17.266,2,8,0,-1,1,0,1,1,25,0,0,0,1028,0,0,0,0,0,1,1,0,0,0,378.349324,0,0,0,0,3,1,1,1,100,0,0,0,3,1,1,0.1,3000,0,0,0,0,0,0,0,0,0,0,0,0,0,0,0,0,0,0,0,0,0,0,0,0,0,0,0,0,0,0,0,0,0,0,0,0,0,0,0,0,0,0,0,0,0,0,0,0,0,0,0
1989,239,17,20,30.346,2,8,0,-1,0,0,1,1,25,0,0,0,1028,0,0,0,0,0,1,1,0,0,0,378.4713673,0,0,0,0,3,1,1,1,100,0,0,0,3,1,1,0.1,3000,0,0,0,0,0,0,0,0,0,0,0,0,0,0,0,0,0,0,0,0,0,0,0,0,0,0,0,0,0,0,0,0,0,0,0,0,0,0,0,0,0,0,0,0,0,0,0,0,0,0,0
1989,239,17,20,53.266,2,8,0,-1,1,0,1,1,25,0,0,0,1028,0,0,0,0,0,1,1,0,0,0,378.5096435,0,0,0,0,3,1,1,1,100,0,0,0,3,1,1,0.1,3000,0,0,0,0,0,0,0,0,0,0,0,0,0,0,0,0,0,0,0,0,0,0,0,0,0,0,0,0,0,0,0,0,0,0,0,0,0,0,0,0,0,0,0,0,0,0,0,0,0,0,0
1989,239,17,22,6.346,2,8,0,-1,0,0,1,1,25,0,0,0,1028,0,0,0,0,0,1,1,0,0,0,378.6316865,0,0,0,0,3,1,1,1,100,0,0,0,3,1,1,0.1,3000,0,0,0,0,0,0,0,0,0,0,0,0,0,0,0,0,0,0,0,0,0,0,0,0,0,0,0,0,0,0,0,0,0,0,0,0,0,0,0,0,0,0,0,0,0,0,0,0,0,0,0
1989,239,17,22,29.266,2,8,0,-1,1,0,1,1,25,0,0,0,1028,0,0,0,0,0,1,1,0,0,0,378.6699626,0,0,0,0,3,1,1,1,100,0,0,0,3,1,1,0.1,3000,0,0,0,0,0,0,0,0,0,0,0,0,0,0,0,0,0,0,0,0,0,0,0,0,0,0,0,0,0,0,0,0,0,0,0,0,0,0,0,0,0,0,0,0,0,0,0,0,0,0,0
1989,239,17,23,42.345,2,8,0,-1,0,0,1,1,25,0,0,0,1028,0,0,0,0,0,1,1,0,0,0,378.7920044,0,0,0,0,3,1,1,1,100,0,0,0,3,1,1,0.1,3000,0,0,0,0,0,0,0,0,0,0,0,0,0,0,0,0,0,0,0,0,0,0,0,0,0,0,0,0,0,0,0,0,0,0,0,0,0,0,0,0,0,0,0,0,0,0,0,0,0,0,0
1989,239,17,24,5.266,2,8,0,-1,1,0,1,1,25,0,0,0,1028,0,0,0,0,0,1,1,0,0,0,378.8302804,0,0,0,0,3,1,1,1,100,0,0,0,3,1,1,0.1,3000,0,0,0,0,0,0,0,0,0,0,0,0,0,0,0,0,0,0,0,0,0,0,0,0,0,0,0,0,0,0,0,0,0,0,0,0,0,0,0,0,0,0,0,0,0,0,0,0,0,0,0
1989,239,17,25,18.345,2,8,0,-1,0,0,1,1,25,0,0,0,1028,0,0,0,0,0,1,1,0,0,0,378.9523219,0,0,0,0,3,1,1,1,100,0,0,0,3,1,1,0.1,3000,0,0,0,0,0,0,0,0,0,0,0,0,0,0,0,0,0,0,0,0,0,0,0,0,0,0,0,0,0,0,0,0,0,0,0,0,0,0,0,0,0,0,0,0,0,0,0,0,0,0,0
1989,239,17,25,41.264,2,8,0,-1,1,0,1,1,25,0,0,0,1028,0,0,0,0,0,1,1,0,0,0,378.9905962,0,0,0,0,3,1,1,1,100,0,0,0,3,1,1,0.1,3000,0,0,0,0,0,0,0,0,0,0,0,0,0,0,0,0,0,0,0,0,0,0,0,0,0,0,0,0,0,0,0,0,0,0,0,0,0,0,0,0,0,0,0,0,0,0,0,0,0,0,0
1989,239,17,26,54.345,2,8,0,-1,0,0,1,1,25,0,0,0,1028,0,0,0,0,0,1,1,0,0,0,379.1126398,0,0,0,0,3,1,1,1,100,0,0,0,3,1,1,0.1,3000,0,0,0,0,0,0,0,0,0,0,0,0,0,0,0,0,0,0,0,0,0,0,0,0,0,0,0,0,0,0,0,0,0,0,0,0,0,0,0,0,0,0,0,0,0,0,0,0,0,0,0
1989,239,17,27,17.265,2,8,0,-1,1,0,1,1,25,0,0,0,1028,0,0,0,0,0,1,1,0,0,0,379.1509156,0,0,0,0,3,1,1,1,100,0,0,0,3,1,1,0.1,3000,0,0,0,0,0,0,0,0,0,0,0,0,0,0,0,0,0,0,0,0,0,0,0,0,0,0,0,0,0,0,0,0,0,0,0,0,0,0,0,0,0,0,0,0,0,0,0,0,0,0,0
1989,239,17,30,54.345,2,8,0,-1,0,0,1,1,25,0,0,0,1028,0,0,0,0,0,1,1,0,0,0,379.5134326,0,0,0,0,3,1,1,1,100,0,0,0,3,1,1,0.1,3000,0,0,0,0,0,0,0,0,0,0,0,0,0,0,0,0,0,0,0,0,0,0,0,0,0,0,0,0,0,0,0,0,0,0,0,0,0,0,0,0,0,0,0,0,0,0,0,0,0,0,0
1989,239,17,31,17.265,2,8,0,-1,1,0,1,1,25,0,0,0,1028,0,0,0,0,0,1,1,0,0,0,379.5517082,0,0,0,0,3,1,1,1,100,0,0,0,3,1,1,0.1,3000,0,0,0,0,0,0,0,0,0,0,0,0,0,0,0,0,0,0,0,0,0,0,0,0,0,0,0,0,0,0,0,0,0,0,0,0,0,0,0,0,0,0,0,0,0,0,0,0,0,0,0
1989,239,17,32,30.345,2,8,0,-1,0,0,1,1,25,0,0,0,1028,0,0,0,0,0,1,1,0,0,0,379.673749,0,0,0,0,3,1,1,1,100,0,0,0,3,1,1,0.1,3000,0,0,0,0,0,0,0,0,0,0,0,0,0,0,0,0,0,0,0,0,0,0,0,0,0,0,0,0,0,0,0,0,0,0,0,0,0,0,0,0,0,0,0,0,0,0,0,0,0,0,0
1989,239,17,32,53.264,2,8,0,-1,1,0,1,1,25,0,0,0,1028,0,0,0,0,0,1,1,0,0,0,379.7120237,0,0,0,0,3,1,1,1,100,0,0,0,3,1,1,0.1,3000,0,0,0,0,0,0,0,0,0,0,0,0,0,0,0,0,0,0,0,0,0,0,0,0,0,0,0,0,0,0,0,0,0,0,0,0,0,0,0,0,0,0,0,0,0,0,0,0,0,0,0
1989,239,17,34,6.345,2,8,0,-1,0,0,1,1,25,0,0,0,1028,0,0,0,0,0,1,1,0,0,0,379.834065,0,0,0,0,3,1,1,1,100,0,0,0,3,1,1,0.1,3000,0,0,0,0,0,0,0,0,0,0,0,0,0,0,0,0,0,0,0,0,0,0,0,0,0,0,0,0,0,0,0,0,0,0,0,0,0,0,0,0,0,0,0,0,0,0,0,0,0,0,0
1989,239,17,34,29.264,2,8,0,-1,1,0,1,1,25,0,0,0,1028,0,0,0,0,0,1,1,0,0,0,379.8723395,0,0,0,0,3,1,1,1,100,0,0,0,3,1,1,0.1,3000,0,0,0,0,0,0,0,0,0,0,0,0,0,0,0,0,0,0,0,0,0,0,0,0,0,0,0,0,0,0,0,0,0,0,0,0,0,0,0,0,0,0,0,0,0,0,0,0,0,0,0
1989,239,17,35,42.345,2,8,0,-1,0,0,1,1,25,0,0,0,1028,0,0,0,0,0,1,1,0,0,0,379.9943805,0,0,0,0,3,1,1,1,100,0,0,0,3,1,1,0.1,3000,0,0,0,0,0,0,0,0,0,0,0,0,0,0,0,0,0,0,0,0,0,0,0,0,0,0,0,0,0,0,0,0,0,0,0,0,0,0,0,0,0,0,0,0,0,0,0,0,0,0,0
1989,239,17,36,5.265,2,8,0,-1,1,0,1,1,25,0,0,0,1028,0,0,0,0,0,1,1,0,0,0,380.0326558,0,0,0,0,3,1,1,1,100,0,0,0,3,1,1,0.1,3000,0,0,0,0,0,0,0,0,0,0,0,0,0,0,0,0,0,0,0,0,0,0,0,0,0,0,0,0,0,0,0,0,0,0,0,0,0,0,0,0,0,0,0,0,0,0,0,0,0,0,0
1989,239,17,37,18.344,2,8,0,-1,0,0,1,1,25,0,0,0,1028,0,0,0,0,0,1,1,0,0,0,380.1546939,0,0,0,0,3,1,1,1,100,0,0,0,3,1,1,0.1,3000,0,0,0,0,0,0,0,0,0,0,0,0,0,0,0,0,0,0,0,0,0,0,0,0,0,0,0,0,0,0,0,0,0,0,0,0,0,0,0,0,0,0,0,0,0,0,0,0,0,0,0
1989,239,17,37,41.263,2,8,0,-1,1,0,1,1,25,0,0,0,1028,0,0,0,0,0,1,1,0,0,0,380.1929674,0,0,0,0,3,1,1,1,100,0,0,0,3,1,1,0.1,3000,0,0,0,0,0,0,0,0,0,0,0,0,0,0,0,0,0,0,0,0,0,0,0,0,0,0,0,0,0,0,0,0,0,0,0,0,0,0,0,0,0,0,0,0,0,0,0,0,0,0,0
1989,239,17,38,54.344,2,8,0,-1,0,0,1,1,25,0,0,0,1028,0,0,0,0,0,1,1,0,0,0,380.3150086,0,0,0,0,3,1,1,1,100,0,0,0,3,1,1,0.1,3000,0,0,0,0,0,0,0,0,0,0,0,0,0,0,0,0,0,0,0,0,0,0,0,0,0,0,0,0,0,0,0,0,0,0,0,0,0,0,0,0,0,0,0,0,0,0,0,0,0,0,0
1989,239,17,39,17.264,2,8,0,-1,1,0,1,1,25,0,0,0,1028,0,0,0,0,0,1,1,0,0,0,380.3532836,0,0,0,0,3,1,1,1,100,0,0,0,3,1,1,0.1,3000,0,0,0,0,0,0,0,0,0,0,0,0,0,0,0,0,0,0,0,0,0,0,0,0,0,0,0,0,0,0,0,0,0,0,0,0,0,0,0,0,0,0,0,0,0,0,0,0,0,0,0
1989,239,17,42,54.344,2,8,0,-1,0,0,1,1,25,0,0,0,1028,0,0,0,0,0,1,1,0,0,0,380.7157933,0,0,0,0,3,1,1,1,100,0,0,0,3,1,1,0.1,3000,0,0,0,0,0,0,0,0,0,0,0,0,0,0,0,0,0,0,0,0,0,0,0,0,0,0,0,0,0,0,0,0,0,0,0,0,0,0,0,0,0,0,0,0,0,0,0,0,0,0,0
1989,239,17,43,17.264,2,8,0,-1,1,0,1,1,25,0,0,0,1028,0,0,0,0,0,1,1,0,0,0,380.7540681,0,0,0,0,3,1,1,1,100,0,0,0,3,1,1,0.1,3000,0,0,0,0,0,0,0,0,0,0,0,0,0,0,0,0,0,0,0,0,0,0,0,0,0,0,0,0,0,0,0,0,0,0,0,0,0,0,0,0,0,0,0,0,0,0,0,0,0,0,0
1989,239,17,44,30.344,2,8,0,-1,0,0,1,1,25,0,0,0,1028,0,0,0,0,0,1,1,0,0,0,380.8761065,0,0,0,0,3,1,1,1,100,0,0,0,3,1,1,0.1,3000,0,0,0,0,0,0,0,0,0,0,0,0,0,0,0,0,0,0,0,0,0,0,0,0,0,0,0,0,0,0,0,0,0,0,0,0,0,0,0,0,0,0,0,0,0,0,0,0,0,0,0
1989,239,17,44,53.263,2,8,0,-1,1,0,1,1,25,0,0,0,1028,0,0,0,0,0,1,1,0,0,0,380.9143804,0,0,0,0,3,1,1,1,100,0,0,0,3,1,1,0.1,3000,0,0,0,0,0,0,0,0,0,0,0,0,0,0,0,0,0,0,0,0,0,0,0,0,0,0,0,0,0,0,0,0,0,0,0,0,0,0,0,0,0,0,0,0,0,0,0,0,0,0,0
1989,239,17,46,6.344,2,8,0,-1,0,0,1,1,25,0,0,0,1028,0,0,0,0,0,1,1,0,0,0,381.0364192,0,0,0,0,3,1,1,1,100,0,0,0,3,1,1,0.1,3000,0,0,0,0,0,0,0,0,0,0,0,0,0,0,0,0,0,0,0,0,0,0,0,0,0,0,0,0,0,0,0,0,0,0,0,0,0,0,0,0,0,0,0,0,0,0,0,0,0,0,0
1989,239,17,46,29.264,2,8,0,-1,1,0,1,1,25,0,0,0,1028,0,0,0,0,0,1,1,0,0,0,381.074693,0,0,0,0,3,1,1,1,100,0,0,0,3,1,1,0.1,3000,0,0,0,0,0,0,0,0,0,0,0,0,0,0,0,0,0,0,0,0,0,0,0,0,0,0,0,0,0,0,0,0,0,0,0,0,0,0,0,0,0,0,0,0,0,0,0,0,0,0,0
1989,239,17,47,42.344,2,8,0,-1,0,0,1,1,25,0,0,0,1028,0,0,0,0,0,1,1,0,0,0,381.1967315,0,0,0,0,3,1,1,1,100,0,0,0,3,1,1,0.1,3000,0,0,0,0,0,0,0,0,0,0,0,0,0,0,0,0,0,0,0,0,0,0,0,0,0,0,0,0,0,0,0,0,0,0,0,0,0,0,0,0,0,0,0,0,0,0,0,0,0,0,0
1989,239,17,48,5.264,2,8,0,-1,1,0,1,1,25,0,0,0,1028,0,0,0,0,0,1,1,0,0,0,381.235006,0,0,0,0,3,1,1,1,100,0,0,0,3,1,1,0.1,3000,0,0,0,0,0,0,0,0,0,0,0,0,0,0,0,0,0,0,0,0,0,0,0,0,0,0,0,0,0,0,0,0,0,0,0,0,0,0,0,0,0,0,0,0,0,0,0,0,0,0,0
1989,239,17,49,18.343,2,8,0,-1,0,0,1,1,25,0,0,0,1028,0,0,0,0,0,1,1,0,0,0,381.3570425,0,0,0,0,3,1,1,1,100,0,0,0,3,1,1,0.1,3000,0,0,0,0,0,0,0,0,0,0,0,0,0,0,0,0,0,0,0,0,0,0,0,0,0,0,0,0,0,0,0,0,0,0,0,0,0,0,0,0,0,0,0,0,0,0,0,0,0,0,0
1989,239,17,49,41.262,2,8,0,-1,1,0,1,1,25,0,0,0,1028,0,0,0,0,0,1,1,0,0,0,381.3953153,0,0,0,0,3,1,1,1,100,0,0,0,3,1,1,0.1,3000,0,0,0,0,0,0,0,0,0,0,0,0,0,0,0,0,0,0,0,0,0,0,0,0,0,0,0,0,0,0,0,0,0,0,0,0,0,0,0,0,0,0,0,0,0,0,0,0,0,0,0
1989,239,17,50,54.343,2,8,0,-1,0,0,1,1,25,0,0,0,1028,0,0,0,0,0,1,1,0,0,0,381.5173532,0,0,0,0,3,1,1,1,100,0,0,0,3,1,1,0.1,3000,0,0,0,0,0,0,0,0,0,0,0,0,0,0,0,0,0,0,0,0,0,0,0,0,0,0,0,0,0,0,0,0,0,0,0,0,0,0,0,0,0,0,0,0,0,0,0,0,0,0,0
1989,239,17,51,17.262,2,8,0,-1,1,0,1,1,25,0,0,0,1028,0,0,0,0,0,1,1,0,0,0,381.5556266,0,0,0,0,3,1,1,1,100,0,0,0,3,1,1,0.1,3000,0,0,0,0,0,0,0,0,0,0,0,0,0,0,0,0,0,0,0,0,0,0,0,0,0,0,0,0,0,0,0,0,0,0,0,0,0,0,0,0,0,0,0,0,0,0,0,0,0,0,0
1989,239,17,54,54.343,2,8,0,-1,0,0,1,1,25,0,0,0,1028,0,0,0,0,0,1,1,0,0,0,381.9181299,0,0,0,0,3,1,1,1,100,0,0,0,3,1,1,0.1,3000,0,0,0,0,0,0,0,0,0,0,0,0,0,0,0,0,0,0,0,0,0,0,0,0,0,0,0,0,0,0,0,0,0,0,0,0,0,0,0,0,0,0,0,0,0,0,0,0,0,0,0
1989,239,17,55,17.262,2,8,0,-1,1,0,1,1,25,0,0,0,1028,0,0,0,0,0,1,1,0,0,0,381.9564031,0,0,0,0,3,1,1,1,100,0,0,0,3,1,1,0.1,3000,0,0,0,0,0,0,0,0,0,0,0,0,0,0,0,0,0,0,0,0,0,0,0,0,0,0,0,0,0,0,0,0,0,0,0,0,0,0,0,0,0,0,0,0,0,0,0,0,0,0,0
1989,239,17,56,30.343,2,8,0,-1,0,0,1,1,25,0,0,0,1028,0,0,0,0,0,1,1,0,0,0,382.0784398,0,0,0,0,3,1,1,1,100,0,0,0,3,1,1,0.1,3000,0,0,0,0,0,0,0,0,0,0,0,0,0,0,0,0,0,0,0,0,0,0,0,0,0,0,0,0,0,0,0,0,0,0,0,0,0,0,0,0,0,0,0,0,0,0,0,0,0,0,0
1989,239,17,56,53.262,2,8,0,-1,1,0,1,1,25,0,0,0,1028,0,0,0,0,0,1,1,0,0,0,382.1167129,0,0,0,0,3,1,1,1,100,0,0,0,3,1,1,0.1,3000,0,0,0,0,0,0,0,0,0,0,0,0,0,0,0,0,0,0,0,0,0,0,0,0,0,0,0,0,0,0,0,0,0,0,0,0,0,0,0,0,0,0,0,0,0,0,0,0,0,0,0
1989,239,17,58,6.343,2,8,0,-1,0,0,1,1,25,0,0,0,1028,0,0,0,0,0,1,1,0,0,0,382.2387494,0,0,0,0,3,1,1,1,100,0,0,0,3,1,1,0.1,3000,0,0,0,0,0,0,0,0,0,0,0,0,0,0,0,0,0,0,0,0,0,0,0,0,0,0,0,0,0,0,0,0,0,0,0,0,0,0,0,0,0,0,0,0,0,0,0,0,0,0,0
1989,239,17,58,29.262,2,8,0,-1,1,0,1,1,25,0,0,0,1028,0,0,0,0,0,1,1,0,0,0,382.2770215,0,0,0,0,3,1,1,1,100,0,0,0,3,1,1,0.1,3000,0,0,0,0,0,0,0,0,0,0,0,0,0,0,0,0,0,0,0,0,0,0,0,0,0,0,0,0,0,0,0,0,0,0,0,0,0,0,0,0,0,0,0,0,0,0,0,0,0,0,0
1989,239,17,59,42.343,2,8,0,-1,0,0,1,1,25,0,0,0,1028,0,0,0,0,0,1,1,0,0,0,382.3990584,0,0,0,0,3,1,1,1,100,0,0,0,3,1,1,0.1,3000,0,0,0,0,0,0,0,0,0,0,0,0,0,0,0,0,0,0,0,0,0,0,0,0,0,0,0,0,0,0,0,0,0,0,0,0,0,0,0,0,0,0,0,0,0,0,0,0,0,0,0
1989,239,18,0,5.263,2,8,0,-1,1,0,1,1,25,0,0,0,1028,0,0,0,0,0,1,1,0,0,0,382.4373322,0,0,0,0,3,1,1,1,100,0,0,0,3,1,1,0.1,3000,0,0,0,0,0,0,0,0,0,0,0,0,0,0,0,0,0,0,0,0,0,0,0,0,0,0,0,0,0,0,0,0,0,0,0,0,0,0,0,0,0,0,0,0,0,0,0,0,0,0,0
1989,239,18,1,18.343,2,8,0,-1,0,0,1,1,25,0,0,0,1028,0,0,0,0,0,1,1,0,0,0,382.5593671,0,0,0,0,3,1,1,1,100,0,0,0,3,1,1,0.1,3000,0,0,0,0,0,0,0,0,0,0,0,0,0,0,0,0,0,0,0,0,0,0,0,0,0,0,0,0,0,0,0,0,0,0,0,0,0,0,0,0,0,0,0,0,0,0,0,0,0,0,0
1989,239,18,1,41.262,2,8,0,-1,1,0,1,1,25,0,0,0,1028,0,0,0,0,0,1,1,0,0,0,382.5976391,0,0,0,0,3,1,1,1,100,0,0,0,3,1,1,0.1,3000,0,0,0,0,0,0,0,0,0,0,0,0,0,0,0,0,0,0,0,0,0,0,0,0,0,0,0,0,0,0,0,0,0,0,0,0,0,0,0,0,0,0,0,0,0,0,0,0,0,0,0
1989,239,18,2,54.342,2,8,0,-1,0,0,1,1,25,0,0,0,1028,0,0,0,0,0,1,1,0,0,0,382.7196737,0,0,0,0,3,1,1,1,100,0,0,0,3,1,1,0.1,3000,0,0,0,0,0,0,0,0,0,0,0,0,0,0,0,0,0,0,0,0,0,0,0,0,0,0,0,0,0,0,0,0,0,0,0,0,0,0,0,0,0,0,0,0,0,0,0,0,0,0,0
1989,239,18,3,17.262,2,8,0,-1,1,0,1,1,25,0,0,0,1028,0,0,0,0,0,1,1,0,0,0,382.7579464,0,0,0,0,3,1,1,1,100,0,0,0,3,1,1,0.1,3000,0,0,0,0,0,0,0,0,0,0,0,0,0,0,0,0,0,0,0,0,0,0,0,0,0,0,0,0,0,0,0,0,0,0,0,0,0,0,0,0,0,0,0,0,0,0,0,0,0,0,0
1989,239,18,6,54.342,2,8,0,-1,0,0,1,1,25,0,0,0,1028,0,0,0,0,0,1,1,0,0,0,383.1204424,0,0,0,0,3,1,1,1,100,0,0,0,3,1,1,0.1,3000,0,0,0,0,0,0,0,0,0,0,0,0,0,0,0,0,0,0,0,0,0,0,0,0,0,0,0,0,0,0,0,0,0,0,0,0,0,0,0,0,0,0,0,0,0,0,0,0,0,0,0
1989,239,18,7,17.262,2,8,0,-1,1,0,1,1,25,0,0,0,1028,0,0,0,0,0,1,1,0,0,0,383.1587149,0,0,0,0,3,1,1,1,100,0,0,0,3,1,1,0.1,3000,0,0,0,0,0,0,0,0,0,0,0,0,0,0,0,0,0,0,0,0,0,0,0,0,0,0,0,0,0,0,0,0,0,0,0,0,0,0,0,0,0,0,0,0,0,0,0,0,0,0,0
1989,239,18,8,30.342,2,8,0,-1,0,0,1,1,25,0,0,0,1028,0,0,0,0,0,1,1,0,0,0,383.2807492,0,0,0,0,3,1,1,1,100,0,0,0,3,1,1,0.1,3000,0,0,0,0,0,0,0,0,0,0,0,0,0,0,0,0,0,0,0,0,0,0,0,0,0,0,0,0,0,0,0,0,0,0,0,0,0,0,0,0,0,0,0,0,0,0,0,0,0,0,0
1989,239,18,8,53.262,2,8,0,-1,1,0,1,1,25,0,0,0,1028,0,0,0,0,0,1,1,0,0,0,383.3190216,0,0,0,0,3,1,1,1,100,0,0,0,3,1,1,0.1,3000,0,0,0,0,0,0,0,0,0,0,0,0,0,0,0,0,0,0,0,0,0,0,0,0,0,0,0,0,0,0,0,0,0,0,0,0,0,0,0,0,0,0,0,0,0,0,0,0,0,0,0
1989,239,18,10,6.342,2,8,0,-1,0,0,1,1,25,0,0,0,1028,0,0,0,0,0,1,1,0,0,0,383.4410555,0,0,0,0,3,1,1,1,100,0,0,0,3,1,1,0.1,3000,0,0,0,0,0,0,0,0,0,0,0,0,0,0,0,0,0,0,0,0,0,0,0,0,0,0,0,0,0,0,0,0,0,0,0,0,0,0,0,0,0,0,0,0,0,0,0,0,0,0,0
1989,239,18,10,29.261,2,8,0,-1,1,0,1,1,25,0,0,0,1028,0,0,0,0,0,1,1,0,0,0,383.479327,0,0,0,0,3,1,1,1,100,0,0,0,3,1,1,0.1,3000,0,0,0,0,0,0,0,0,0,0,0,0,0,0,0,0,0,0,0,0,0,0,0,0,0,0,0,0,0,0,0,0,0,0,0,0,0,0,0,0,0,0,0,0,0,0,0,0,0,0,0
1989,239,18,11,42.342,2,8,0,-1,0,0,1,1,25,0,0,0,1028,0,0,0,0,0,1,1,0,0,0,383.6013615,0,0,0,0,3,1,1,1,100,0,0,0,3,1,1,0.1,3000,0,0,0,0,0,0,0,0,0,0,0,0,0,0,0,0,0,0,0,0,0,0,0,0,0,0,0,0,0,0,0,0,0,0,0,0,0,0,0,0,0,0,0,0,0,0,0,0,0,0,0
1989,239,18,12,5.262,2,8,0,-1,1,0,1,1,25,0,0,0,1028,0,0,0,0,0,1,1,0,0,0,383.6396344,0,0,0,0,3,1,1,1,100,0,0,0,3,1,1,0.1,3000,0,0,0,0,0,0,0,0,0,0,0,0,0,0,0,0,0,0,0,0,0,0,0,0,0,0,0,0,0,0,0,0,0,0,0,0,0,0,0,0,0,0,0,0,0,0,0,0,0,0,0
1989,239,18,13,18.342,2,8,0,-1,0,0,1,1,25,0,0,0,1028,0,0,0,0,0,1,1,0,0,0,383.761667,0,0,0,0,3,1,1,1,100,0,0,0,3,1,1,0.1,3000,0,0,0,0,0,0,0,0,0,0,0,0,0,0,0,0,0,0,0,0,0,0,0,0,0,0,0,0,0,0,0,0,0,0,0,0,0,0,0,0,0,0,0,0,0,0,0,0,0,0,0
1989,239,18,13,41.261,2,8,0,-1,1,0,1,1,25,0,0,0,1028,0,0,0,0,0,1,1,0,0,0,383.7999382,0,0,0,0,3,1,1,1,100,0,0,0,3,1,1,0.1,3000,0,0,0,0,0,0,0,0,0,0,0,0,0,0,0,0,0,0,0,0,0,0,0,0,0,0,0,0,0,0,0,0,0,0,0,0,0,0,0,0,0,0,0,0,0,0,0,0,0,0,0
1989,239,18,14,54.341,2,8,0,-1,0,0,1,1,25,0,0,0,1028,0,0,0,0,0,1,1,0,0,0,383.9219712,0,0,0,0,3,1,1,1,100,0,0,0,3,1,1,0.1,3000,0,0,0,0,0,0,0,0,0,0,0,0,0,0,0,0,0,0,0,0,0,0,0,0,0,0,0,0,0,0,0,0,0,0,0,0,0,0,0,0,0,0,0,0,0,0,0,0,0,0,0
1989,239,18,15,17.261,2,8,0,-1,1,0,1,1,25,0,0,0,1028,0,0,0,0,0,1,1,0,0,0,383.9602431,0,0,0,0,3,1,1,1,100,0,0,0,3,1,1,0.1,3000,0,0,0,0,0,0,0,0,0,0,0,0,0,0,0,0,0,0,0,0,0,0,0,0,0,0,0,0,0,0,0,0,0,0,0,0,0,0,0,0,0,0,0,0,0,0,0,0,0,0,0
1989,239,18,18,54.341,2,8,0,-1,0,0,1,1,25,0,0,0,1028,0,0,0,0,0,1,1,0,0,0,384.3227312,0,0,0,0,3,1,1,1,100,0,0,0,3,1,1,0.1,3000,0,0,0,0,0,0,0,0,0,0,0,0,0,0,0,0,0,0,0,0,0,0,0,0,0,0,0,0,0,0,0,0,0,0,0,0,0,0,0,0,0,0,0,0,0,0,0,0,0,0,0
1989,239,18,19,17.261,2,8,0,-1,1,0,1,1,25,0,0,0,1028,0,0,0,0,0,1,1,0,0,0,384.3610037,0,0,0,0,3,1,1,1,100,0,0,0,3,1,1,0.1,3000,0,0,0,0,0,0,0,0,0,0,0,0,0,0,0,0,0,0,0,0,0,0,0,0,0,0,0,0,0,0,0,0,0,0,0,0,0,0,0,0,0,0,0,0,0,0,0,0,0,0,0
1989,239,18,20,30.341,2,8,0,-1,0,0,1,1,25,0,0,0,1028,0,0,0,0,0,1,1,0,0,0,384.4830348,0,0,0,0,3,1,1,1,100,0,0,0,3,1,1,0.1,3000,0,0,0,0,0,0,0,0,0,0,0,0,0,0,0,0,0,0,0,0,0,0,0,0,0,0,0,0,0,0,0,0,0,0,0,0,0,0,0,0,0,0,0,0,0,0,0,0,0,0,0
1989,239,18,20,53.261,2,8,0,-1,1,0,1,1,25,0,0,0,1028,0,0,0,0,0,1,1,0,0,0,384.5213064,0,0,0,0,3,1,1,1,100,0,0,0,3,1,1,0.1,3000,0,0,0,0,0,0,0,0,0,0,0,0,0,0,0,0,0,0,0,0,0,0,0,0,0,0,0,0,0,0,0,0,0,0,0,0,0,0,0,0,0,0,0,0,0,0,0,0,0,0,0
1989,239,18,22,6.341,2,8,0,-1,0,0,1,1,25,0,0,0,1028,0,0,0,0,0,1,1,0,0,0,384.6433379,0,0,0,0,3,1,1,1,100,0,0,0,3,1,1,0.1,3000,0,0,0,0,0,0,0,0,0,0,0,0,0,0,0,0,0,0,0,0,0,0,0,0,0,0,0,0,0,0,0,0,0,0,0,0,0,0,0,0,0,0,0,0,0,0,0,0,0,0,0
1989,239,18,22,29.261,2,8,0,-1,1,0,1,1,25,0,0,0,1028,0,0,0,0,0,1,1,0,0,0,384.6816094,0,0,0,0,3,1,1,1,100,0,0,0,3,1,1,0.1,3000,0,0,0,0,0,0,0,0,0,0,0,0,0,0,0,0,0,0,0,0,0,0,0,0,0,0,0,0,0,0,0,0,0,0,0,0,0,0,0,0,0,0,0,0,0,0,0,0,0,0,0
1989,239,18,23,42.34,2,8,0,-1,0,0,1,1,25,0,0,0,1028,0,0,0,0,0,1,1,0,0,0,384.8036399,0,0,0,0,3,1,1,1,100,0,0,0,3,1,1,0.1,3000,0,0,0,0,0,0,0,0,0,0,0,0,0,0,0,0,0,0,0,0,0,0,0,0,0,0,0,0,0,0,0,0,0,0,0,0,0,0,0,0,0,0,0,0,0,0,0,0,0,0,0
1989,239,18,24,5.261,2,8,0,-1,1,0,1,1,25,0,0,0,1028,0,0,0,0,0,1,1,0,0,0,384.8419129,0,0,0,0,3,1,1,1,100,0,0,0,3,1,1,0.1,3000,0,0,0,0,0,0,0,0,0,0,0,0,0,0,0,0,0,0,0,0,0,0,0,0,0,0,0,0,0,0,0,0,0,0,0,0,0,0,0,0,0,0,0,0,0,0,0,0,0,0,0
1989,239,18,25,18.341,2,8,0,-1,0,0,1,1,25,0,0,0,1028,0,0,0,0,0,1,1,0,0,0,384.963943,0,0,0,0,3,1,1,1,100,0,0,0,3,1,1,0.1,3000,0,0,0,0,0,0,0,0,0,0,0,0,0,0,0,0,0,0,0,0,0,0,0,0,0,0,0,0,0,0,0,0,0,0,0,0,0,0,0,0,0,0,0,0,0,0,0,0,0,0,0
1989,239,18,25,41.26,2,8,0,-1,1,0,1,1,25,0,0,0,1028,0,0,0,0,0,1,1,0,0,0,385.0022135,0,0,0,0,3,1,1,1,100,0,0,0,3,1,1,0.1,3000,0,0,0,0,0,0,0,0,0,0,0,0,0,0,0,0,0,0,0,0,0,0,0,0,0,0,0,0,0,0,0,0,0,0,0,0,0,0,0,0,0,0,0,0,0,0,0,0,0,0,0
1989,239,18,26,54.341,2,8,0,-1,0,0,1,1,25,0,0,0,1028,0,0,0,0,0,1,1,0,0,0,385.1242449,0,0,0,0,3,1,1,1,100,0,0,0,3,1,1,0.1,3000,0,0,0,0,0,0,0,0,0,0,0,0,0,0,0,0,0,0,0,0,0,0,0,0,0,0,0,0,0,0,0,0,0,0,0,0,0,0,0,0,0,0,0,0,0,0,0,0,0,0,0
1989,239,18,27,17.261,2,8,0,-1,1,0,1,1,25,0,0,0,1028,0,0,0,0,0,1,1,0,0,0,385.162517,0,0,0,0,3,1,1,1,100,0,0,0,3,1,1,0.1,3000,0,0,0,0,0,0,0,0,0,0,0,0,0,0,0,0,0,0,0,0,0,0,0,0,0,0,0,0,0,0,0,0,0,0,0,0,0,0,0,0,0,0,0,0,0,0,0,0,0,0,0
1989,239,18,30,54.34,2,8,0,-1,0,0,1,1,25,0,0,0,1028,0,0,0,0,0,1,1,0,0,0,385.5249962,0,0,0,0,3,1,1,1,100,0,0,0,3,1,1,0.1,3000,0,0,0,0,0,0,0,0,0,0,0,0,0,0,0,0,0,0,0,0,0,0,0,0,0,0,0,0,0,0,0,0,0,0,0,0,0,0,0,0,0,0,0,0,0,0,0,0,0,0,0
1989,239,18,31,17.26,2,8,0,-1,1,0,1,1,25,0,0,0,1028,0,0,0,0,0,1,1,0,0,0,385.563268,0,0,0,0,3,1,1,1,100,0,0,0,3,1,1,0.1,3000,0,0,0,0,0,0,0,0,0,0,0,0,0,0,0,0,0,0,0,0,0,0,0,0,0,0,0,0,0,0,0,0,0,0,0,0,0,0,0,0,0,0,0,0,0,0,0,0,0,0,0
1989,239,18,32,30.34,2,8,0,-1,0,0,1,1,25,0,0,0,1028,0,0,0,0,0,1,1,0,0,0,385.6852967,0,0,0,0,3,1,1,1,100,0,0,0,3,1,1,0.1,3000,0,0,0,0,0,0,0,0,0,0,0,0,0,0,0,0,0,0,0,0,0,0,0,0,0,0,0,0,0,0,0,0,0,0,0,0,0,0,0,0,0,0,0,0,0,0,0,0,0,0,0
1989,239,18,32,53.259,2,8,0,-1,1,0,1,1,25,0,0,0,1028,0,0,0,0,0,1,1,0,0,0,385.7235675,0,0,0,0,3,1,1,1,100,0,0,0,3,1,1,0.1,3000,0,0,0,0,0,0,0,0,0,0,0,0,0,0,0,0,0,0,0,0,0,0,0,0,0,0,0,0,0,0,0,0,0,0,0,0,0,0,0,0,0,0,0,0,0,0,0,0,0,0,0
1989,239,18,34,6.34,2,8,0,-1,0,0,1,1,25,0,0,0,1028,0,0,0,0,0,1,1,0,0,0,385.8455967,0,0,0,0,3,1,1,1,100,0,0,0,3,1,1,0.1,3000,0,0,0,0,0,0,0,0,0,0,0,0,0,0,0,0,0,0,0,0,0,0,0,0,0,0,0,0,0,0,0,0,0,0,0,0,0,0,0,0,0,0,0,0,0,0,0,0,0,0,0
1989,239,18,34,29.259,2,8,0,-1,1,0,1,1,25,0,0,0,1028,0,0,0,0,0,1,1,0,0,0,385.8838674,0,0,0,0,3,1,1,1,100,0,0,0,3,1,1,0.1,3000,0,0,0,0,0,0,0,0,0,0,0,0,0,0,0,0,0,0,0,0,0,0,0,0,0,0,0,0,0,0,0,0,0,0,0,0,0,0,0,0,0,0,0,0,0,0,0,0,0,0,0
1989,239,18,35,42.34,2,8,0,-1,0,0,1,1,25,0,0,0,1028,0,0,0,0,0,1,1,0,0,0,386.0058963,0,0,0,0,3,1,1,1,100,0,0,0,3,1,1,0.1,3000,0,0,0,0,0,0,0,0,0,0,0,0,0,0,0,0,0,0,0,0,0,0,0,0,0,0,0,0,0,0,0,0,0,0,0,0,0,0,0,0,0,0,0,0,0,0,0,0,0,0,0
1989,239,18,36,5.26,2,8,0,-1,1,0,1,1,25,0,0,0,1028,0,0,0,0,0,1,1,0,0,0,386.0441678,0,0,0,0,3,1,1,1,100,0,0,0,3,1,1,0.1,3000,0,0,0,0,0,0,0,0,0,0,0,0,0,0,0,0,0,0,0,0,0,0,0,0,0,0,0,0,0,0,0,0,0,0,0,0,0,0,0,0,0,0,0,0,0,0,0,0,0,0,0
1989,239,18,37,18.34,2,8,0,-1,0,0,1,1,25,0,0,0,1028,0,0,0,0,0,1,1,0,0,0,386.1661955,0,0,0,0,3,1,1,1,100,0,0,0,3,1,1,0.1,3000,0,0,0,0,0,0,0,0,0,0,0,0,0,0,0,0,0,0,0,0,0,0,0,0,0,0,0,0,0,0,0,0,0,0,0,0,0,0,0,0,0,0,0,0,0,0,0,0,0,0,0
1989,239,18,37,41.259,2,8,0,-1,1,0,1,1,25,0,0,0,1028,0,0,0,0,0,1,1,0,0,0,386.2044652,0,0,0,0,3,1,1,1,100,0,0,0,3,1,1,0.1,3000,0,0,0,0,0,0,0,0,0,0,0,0,0,0,0,0,0,0,0,0,0,0,0,0,0,0,0,0,0,0,0,0,0,0,0,0,0,0,0,0,0,0,0,0,0,0,0,0,0,0,0
1989,239,18,38,54.34,2,8,0,-1,0,0,1,1,25,0,0,0,1028,0,0,0,0,0,1,1,0,0,0,386.3264943,0,0,0,0,3,1,1,1,100,0,0,0,3,1,1,0.1,3000,0,0,0,0,0,0,0,0,0,0,0,0,0,0,0,0,0,0,0,0,0,0,0,0,0,0,0,0,0,0,0,0,0,0,0,0,0,0,0,0,0,0,0,0,0,0,0,0,0,0,0
1989,239,18,39,17.26,2,8,0,-1,1,0,1,1,25,0,0,0,1028,0,0,0,0,0,1,1,0,0,0,386.3647655,0,0,0,0,3,1,1,1,100,0,0,0,3,1,1,0.1,3000,0,0,0,0,0,0,0,0,0,0,0,0,0,0,0,0,0,0,0,0,0,0,0,0,0,0,0,0,0,0,0,0,0,0,0,0,0,0,0,0,0,0,0,0,0,0,0,0,0,0,0
1989,239,18,42,54.339,2,8,0,-1,0,0,1,1,25,0,0,0,1028,0,0,0,0,0,1,1,0,0,0,386.7272377,0,0,0,0,3,1,1,1,100,0,0,0,3,1,1,0.1,3000,0,0,0,0,0,0,0,0,0,0,0,0,0,0,0,0,0,0,0,0,0,0,0,0,0,0,0,0,0,0,0,0,0,0,0,0,0,0,0,0,0,0,0,0,0,0,0,0,0,0,0
1989,239,18,43,17.259,2,8,0,-1,1,0,1,1,25,0,0,0,1028,0,0,0,0,0,1,1,0,0,0,386.7655087,0,0,0,0,3,1,1,1,100,0,0,0,3,1,1,0.1,3000,0,0,0,0,0,0,0,0,0,0,0,0,0,0,0,0,0,0,0,0,0,0,0,0,0,0,0,0,0,0,0,0,0,0,0,0,0,0,0,0,0,0,0,0,0,0,0,0,0,0,0
1989,239,18,44,30.339,2,8,0,-1,0,0,1,1,25,0,0,0,1028,0,0,0,0,0,1,1,0,0,0,386.887535,0,0,0,0,3,1,1,1,100,0,0,0,3,1,1,0.1,3000,0,0,0,0,0,0,0,0,0,0,0,0,0,0,0,0,0,0,0,0,0,0,0,0,0,0,0,0,0,0,0,0,0,0,0,0,0,0,0,0,0,0,0,0,0,0,0,0,0,0,0
1989,239,18,44,53.259,2,8,0,-1,1,0,1,1,25,0,0,0,1028,0,0,0,0,0,1,1,0,0,0,386.925806,0,0,0,0,3,1,1,1,100,0,0,0,3,1,1,0.1,3000,0,0,0,0,0,0,0,0,0,0,0,0,0,0,0,0,0,0,0,0,0,0,0,0,0,0,0,0,0,0,0,0,0,0,0,0,0,0,0,0,0,0,0,0,0,0,0,0,0,0,0
1989,239,18,46,6.339,2,8,0,-1,0,0,1,1,25,0,0,0,1028,0,0,0,0,0,1,1,0,0,0,387.0478319,0,0,0,0,3,1,1,1,100,0,0,0,3,1,1,0.1,3000,0,0,0,0,0,0,0,0,0,0,0,0,0,0,0,0,0,0,0,0,0,0,0,0,0,0,0,0,0,0,0,0,0,0,0,0,0,0,0,0,0,0,0,0,0,0,0,0,0,0,0
1989,239,18,46,29.259,2,8,0,-1,1,0,1,1,25,0,0,0,1028,0,0,0,0,0,1,1,0,0,0,387.0861019,0,0,0,0,3,1,1,1,100,0,0,0,3,1,1,0.1,3000,0,0,0,0,0,0,0,0,0,0,0,0,0,0,0,0,0,0,0,0,0,0,0,0,0,0,0,0,0,0,0,0,0,0,0,0,0,0,0,0,0,0,0,0,0,0,0,0,0,0,0
1989,239,18,47,42.339,2,8,0,-1,0,0,1,1,25,0,0,0,1028,0,0,0,0,0,1,1,0,0,0,387.2081284,0,0,0,0,3,1,1,1,100,0,0,0,3,1,1,0.1,3000,0,0,0,0,0,0,0,0,0,0,0,0,0,0,0,0,0,0,0,0,0,0,0,0,0,0,0,0,0,0,0,0,0,0,0,0,0,0,0,0,0,0,0,0,0,0,0,0,0,0,0
1989,239,18,48,5.259,2,8,0,-1,1,0,1,1,25,0,0,0,1028,0,0,0,0,0,1,1,0,0,0,387.2463991,0,0,0,0,3,1,1,1,100,0,0,0,3,1,1,0.1,3000,0,0,0,0,0,0,0,0,0,0,0,0,0,0,0,0,0,0,0,0,0,0,0,0,0,0,0,0,0,0,0,0,0,0,0,0,0,0,0,0,0,0,0,0,0,0,0,0,0,0,0
1989,239,18,49,18.339,2,8,0,-1,0,0,1,1,25,0,0,0,1028,0,0,0,0,0,1,1,0,0,0,387.3684245,0,0,0,0,3,1,1,1,100,0,0,0,3,1,1,0.1,3000,0,0,0,0,0,0,0,0,0,0,0,0,0,0,0,0,0,0,0,0,0,0,0,0,0,0,0,0,0,0,0,0,0,0,0,0,0,0,0,0,0,0,0,0,0,0,0,0,0,0,0
1989,239,18,49,41.258,2,8,0,-1,1,0,1,1,25,0,0,0,1028,0,0,0,0,0,1,1,0,0,0,387.4066943,0,0,0,0,3,1,1,1,100,0,0,0,3,1,1,0.1,3000,0,0,0,0,0,0,0,0,0,0,0,0,0,0,0,0,0,0,0,0,0,0,0,0,0,0,0,0,0,0,0,0,0,0,0,0,0,0,0,0,0,0,0,0,0,0,0,0,0,0,0
1989,239,18,50,54.339,2,8,0,-1,0,0,1,1,25,0,0,0,1028,0,0,0,0,0,1,1,0,0,0,387.5287201,0,0,0,0,3,1,1,1,100,0,0,0,3,1,1,0.1,3000,0,0,0,0,0,0,0,0,0,0,0,0,0,0,0,0,0,0,0,0,0,0,0,0,0,0,0,0,0,0,0,0,0,0,0,0,0,0,0,0,0,0,0,0,0,0,0,0,0,0,0
1989,239,18,51,17.259,2,8,0,-1,1,0,1,1,25,0,0,0,1028,0,0,0,0,0,1,1,0,0,0,387.5669907,0,0,0,0,3,1,1,1,100,0,0,0,3,1,1,0.1,3000,0,0,0,0,0,0,0,0,0,0,0,0,0,0,0,0,0,0,0,0,0,0,0,0,0,0,0,0,0,0,0,0,0,0,0,0,0,0,0,0,0,0,0,0,0,0,0,0,0,0,0
1989,239,18,54,54.338,2,8,0,-1,0,0,1,1,25,0,0,0,1028,0,0,0,0,0,1,1,0,0,0,387.9294558,0,0,0,0,3,1,1,1,100,0,0,0,3,1,1,0.1,3000,0,0,0,0,0,0,0,0,0,0,0,0,0,0,0,0,0,0,0,0,0,0,0,0,0,0,0,0,0,0,0,0,0,0,0,0,0,0,0,0,0,0,0,0,0,0,0,0,0,0,0
1989,239,18,55,17.258,2,8,0,-1,1,0,1,1,25,0,0,0,1028,0,0,0,0,0,1,1,0,0,0,387.9677261,0,0,0,0,3,1,1,1,100,0,0,0,3,1,1,0.1,3000,0,0,0,0,0,0,0,0,0,0,0,0,0,0,0,0,0,0,0,0,0,0,0,0,0,0,0,0,0,0,0,0,0,0,0,0,0,0,0,0,0,0,0,0,0,0,0,0,0,0,0
1989,239,18,56,30.338,2,8,0,-1,0,0,1,1,25,0,0,0,1028,0,0,0,0,0,1,1,0,0,0,388.08975,0,0,0,0,3,1,1,1,100,0,0,0,3,1,1,0.1,3000,0,0,0,0,0,0,0,0,0,0,0,0,0,0,0,0,0,0,0,0,0,0,0,0,0,0,0,0,0,0,0,0,0,0,0,0,0,0,0,0,0,0,0,0,0,0,0,0,0,0,0
1989,239,18,56,53.258,2,8,0,-1,1,0,1,1,25,0,0,0,1028,0,0,0,0,0,1,1,0,0,0,388.1280202,0,0,0,0,3,1,1,1,100,0,0,0,3,1,1,0.1,3000,0,0,0,0,0,0,0,0,0,0,0,0,0,0,0,0,0,0,0,0,0,0,0,0,0,0,0,0,0,0,0,0,0,0,0,0,0,0,0,0,0,0,0,0,0,0,0,0,0,0,0
1989,239,18,58,6.338,2,8,0,-1,0,0,1,1,25,0,0,0,1028,0,0,0,0,0,1,1,0,0,0,388.2500438,0,0,0,0,3,1,1,1,100,0,0,0,3,1,1,0.1,3000,0,0,0,0,0,0,0,0,0,0,0,0,0,0,0,0,0,0,0,0,0,0,0,0,0,0,0,0,0,0,0,0,0,0,0,0,0,0,0,0,0,0,0,0,0,0,0,0,0,0,0
1989,239,18,58,29.258,2,8,0,-1,1,0,1,1,25,0,0,0,1028,0,0,0,0,0,1,1,0,0,0,388.2883139,0,0,0,0,3,1,1,1,100,0,0,0,3,1,1,0.1,3000,0,0,0,0,0,0,0,0,0,0,0,0,0,0,0,0,0,0,0,0,0,0,0,0,0,0,0,0,0,0,0,0,0,0,0,0,0,0,0,0,0,0,0,0,0,0,0,0,0,0,0
1989,239,18,59,42.338,2,8,0,-1,0,0,1,1,25,0,0,0,1028,0,0,0,0,0,1,1,0,0,0,388.4103372,0,0,0,0,3,1,1,1,100,0,0,0,3,1,1,0.1,3000,0,0,0,0,0,0,0,0,0,0,0,0,0,0,0,0,0,0,0,0,0,0,0,0,0,0,0,0,0,0,0,0,0,0,0,0,0,0,0,0,0,0,0,0,0,0,0,0,0,0,0
1989,239,19,0,5.258,2,8,0,-1,1,0,1,1,25,0,0,0,1028,0,0,0,0,0,1,1,0,0,0,388.4486072,0,0,0,0,3,1,1,1,100,0,0,0,3,1,1,0.1,3000,0,0,0,0,0,0,0,0,0,0,0,0,0,0,0,0,0,0,0,0,0,0,0,0,0,0,0,0,0,0,0,0,0,0,0,0,0,0,0,0,0,0,0,0,0,0,0,0,0,0,0
1989,239,19,1,18.338,2,8,0,-1,0,0,1,1,25,0,0,0,1028,0,0,0,0,0,1,1,0,0,0,388.5706302,0,0,0,0,3,1,1,1,100,0,0,0,3,1,1,0.1,3000,0,0,0,0,0,0,0,0,0,0,0,0,0,0,0,0,0,0,0,0,0,0,0,0,0,0,0,0,0,0,0,0,0,0,0,0,0,0,0,0,0,0,0,0,0,0,0,0,0,0,0
1989,239,19,1,41.258,2,8,0,-1,1,0,1,1,25,0,0,0,1028,0,0,0,0,0,1,1,0,0,0,388.6089001,0,0,0,0,3,1,1,1,100,0,0,0,3,1,1,0.1,3000,0,0,0,0,0,0,0,0,0,0,0,0,0,0,0,0,0,0,0,0,0,0,0,0,0,0,0,0,0,0,0,0,0,0,0,0,0,0,0,0,0,0,0,0,0,0,0,0,0,0,0
1989,239,19,2,54.338,2,8,0,-1,0,0,1,1,25,0,0,0,1028,0,0,0,0,0,1,1,0,0,0,388.7309227,0,0,0,0,3,1,1,1,100,0,0,0,3,1,1,0.1,3000,0,0,0,0,0,0,0,0,0,0,0,0,0,0,0,0,0,0,0,0,0,0,0,0,0,0,0,0,0,0,0,0,0,0,0,0,0,0,0,0,0,0,0,0,0,0,0,0,0,0,0
1989,239,19,3,17.258,2,8,0,-1,1,0,1,1,25,0,0,0,1028,0,0,0,0,0,1,1,0,0,0,388.7691925,0,0,0,0,3,1,1,1,100,0,0,0,3,1,1,0.1,3000,0,0,0,0,0,0,0,0,0,0,0,0,0,0,0,0,0,0,0,0,0,0,0,0,0,0,0,0,0,0,0,0,0,0,0,0,0,0,0,0,0,0,0,0,0,0,0,0,0,0,0
1989,239,19,6,54.337,2,8,0,-1,0,0,1,1,25,0,0,0,1028,0,0,0,0,0,1,1,0,0,0,389.1316515,0,0,0,0,3,1,1,1,100,0,0,0,3,1,1,0.1,3000,0,0,0,0,0,0,0,0,0,0,0,0,0,0,0,0,0,0,0,0,0,0,0,0,0,0,0,0,0,0,0,0,0,0,0,0,0,0,0,0,0,0,0,0,0,0,0,0,0,0,0
1989,239,19,7,17.257,2,8,0,-1,1,0,1,1,25,0,0,0,1028,0,0,0,0,0,1,1,0,0,0,389.169921,0,0,0,0,3,1,1,1,100,0,0,0,3,1,1,0.1,3000,0,0,0,0,0,0,0,0,0,0,0,0,0,0,0,0,0,0,0,0,0,0,0,0,0,0,0,0,0,0,0,0,0,0,0,0,0,0,0,0,0,0,0,0,0,0,0,0,0,0,0
1989,239,19,8,30.337,2,8,0,-1,0,0,1,1,25,0,0,0,1028,0,0,0,0,0,1,1,0,0,0,389.2919418,0,0,0,0,3,1,1,1,100,0,0,0,3,1,1,0.1,3000,0,0,0,0,0,0,0,0,0,0,0,0,0,0,0,0,0,0,0,0,0,0,0,0,0,0,0,0,0,0,0,0,0,0,0,0,0,0,0,0,0,0,0,0,0,0,0,0,0,0,0
1989,239,19,8,53.257,2,8,0,-1,1,0,1,1,25,0,0,0,1028,0,0,0,0,0,1,1,0,0,0,389.3302112,0,0,0,0,3,1,1,1,100,0,0,0,3,1,1,0.1,3000,0,0,0,0,0,0,0,0,0,0,0,0,0,0,0,0,0,0,0,0,0,0,0,0,0,0,0,0,0,0,0,0,0,0,0,0,0,0,0,0,0,0,0,0,0,0,0,0,0,0,0
1989,239,19,10,6.337,2,8,0,-1,0,0,1,1,25,0,0,0,1028,0,0,0,0,0,1,1,0,0,0,389.4522325,0,0,0,0,3,1,1,1,100,0,0,0,3,1,1,0.1,3000,0,0,0,0,0,0,0,0,0,0,0,0,0,0,0,0,0,0,0,0,0,0,0,0,0,0,0,0,0,0,0,0,0,0,0,0,0,0,0,0,0,0,0,0,0,0,0,0,0,0,0
1989,239,19,10,29.257,2,8,0,-1,1,0,1,1,25,0,0,0,1028,0,0,0,0,0,1,1,0,0,0,389.490501,0,0,0,0,3,1,1,1,100,0,0,0,3,1,1,0.1,3000,0,0,0,0,0,0,0,0,0,0,0,0,0,0,0,0,0,0,0,0,0,0,0,0,0,0,0,0,0,0,0,0,0,0,0,0,0,0,0,0,0,0,0,0,0,0,0,0,0,0,0
1989,239,19,11,42.337,2,8,0,-1,0,0,1,1,25,0,0,0,1028,0,0,0,0,0,1,1,0,0,0,389.6125228,0,0,0,0,3,1,1,1,100,0,0,0,3,1,1,0.1,3000,0,0,0,0,0,0,0,0,0,0,0,0,0,0,0,0,0,0,0,0,0,0,0,0,0,0,0,0,0,0,0,0,0,0,0,0,0,0,0,0,0,0,0,0,0,0,0,0,0,0,0
1989,239,19,12,5.257,2,8,0,-1,1,0,1,1,25,0,0,0,1028,0,0,0,0,0,1,1,0,0,0,389.6507921,0,0,0,0,3,1,1,1,100,0,0,0,3,1,1,0.1,3000,0,0,0,0,0,0,0,0,0,0,0,0,0,0,0,0,0,0,0,0,0,0,0,0,0,0,0,0,0,0,0,0,0,0,0,0,0,0,0,0,0,0,0,0,0,0,0,0,0,0,0
1989,239,19,13,18.337,2,8,0,-1,0,0,1,1,25,0,0,0,1028,0,0,0,0,0,1,1,0,0,0,389.7728127,0,0,0,0,3,1,1,1,100,0,0,0,3,1,1,0.1,3000,0,0,0,0,0,0,0,0,0,0,0,0,0,0,0,0,0,0,0,0,0,0,0,0,0,0,0,0,0,0,0,0,0,0,0,0,0,0,0,0,0,0,0,0,0,0,0,0,0,0,0
1989,239,19,13,41.257,2,8,0,-1,1,0,1,1,25,0,0,0,1028,0,0,0,0,0,1,1,0,0,0,389.8110818,0,0,0,0,3,1,1,1,100,0,0,0,3,1,1,0.1,3000,0,0,0,0,0,0,0,0,0,0,0,0,0,0,0,0,0,0,0,0,0,0,0,0,0,0,0,0,0,0,0,0,0,0,0,0,0,0,0,0,0,0,0,0,0,0,0,0,0,0,0
1989,239,19,14,54.337,2,8,0,-1,0,0,1,1,25,0,0,0,1028,0,0,0,0,0,1,1,0,0,0,389.9331022,0,0,0,0,3,1,1,1,100,0,0,0,3,1,1,0.1,3000,0,0,0,0,0,0,0,0,0,0,0,0,0,0,0,0,0,0,0,0,0,0,0,0,0,0,0,0,0,0,0,0,0,0,0,0,0,0,0,0,0,0,0,0,0,0,0,0,0,0,0
1989,239,19,15,17.257,2,8,0,-1,1,0,1,1,25,0,0,0,1028,0,0,0,0,0,1,1,0,0,0,389.9713704,0,0,0,0,3,1,1,1,100,0,0,0,3,1,1,0.1,3000,0,0,0,0,0,0,0,0,0,0,0,0,0,0,0,0,0,0,0,0,0,0,0,0,0,0,0,0,0,0,0,0,0,0,0,0,0,0,0,0,0,0,0,0,0,0,0,0,0,0,0
1989,239,19,18,54.337,2,8,0,-1,0,0,1,1,25,0,0,0,1028,0,0,0,0,0,1,1,0,0,0,390.3338241,0,0,0,0,3,1,1,1,100,0,0,0,3,1,1,0.1,3000,0,0,0,0,0,0,0,0,0,0,0,0,0,0,0,0,0,0,0,0,0,0,0,0,0,0,0,0,0,0,0,0,0,0,0,0,0,0,0,0,0,0,0,0,0,0,0,0,0,0,0
1989,239,19,19,17.257,2,8,0,-1,1,0,1,1,25,0,0,0,1028,0,0,0,0,0,1,1,0,0,0,390.3720921,0,0,0,0,3,1,1,1,100,0,0,0,3,1,1,0.1,3000,0,0,0,0,0,0,0,0,0,0,0,0,0,0,0,0,0,0,0,0,0,0,0,0,0,0,0,0,0,0,0,0,0,0,0,0,0,0,0,0,0,0,0,0,0,0,0,0,0,0,0
1989,239,19,20,30.336,2,8,0,-1,0,0,1,1,25,0,0,0,1028,0,0,0,0,0,1,1,0,0,0,390.4941105,0,0,0,0,3,1,1,1,100,0,0,0,3,1,1,0.1,3000,0,0,0,0,0,0,0,0,0,0,0,0,0,0,0,0,0,0,0,0,0,0,0,0,0,0,0,0,0,0,0,0,0,0,0,0,0,0,0,0,0,0,0,0,0,0,0,0,0,0,0
1989,239,19,20,53.256,2,8,0,-1,1,0,1,1,25,0,0,0,1028,0,0,0,0,0,1,1,0,0,0,390.5323792,0,0,0,0,3,1,1,1,100,0,0,0,3,1,1,0.1,3000,0,0,0,0,0,0,0,0,0,0,0,0,0,0,0,0,0,0,0,0,0,0,0,0,0,0,0,0,0,0,0,0,0,0,0,0,0,0,0,0,0,0,0,0,0,0,0,0,0,0,0
1989,239,19,22,6.336,2,8,0,-1,0,0,1,1,25,0,0,0,1028,0,0,0,0,0,1,1,0,0,0,390.6543981,0,0,0,0,3,1,1,1,100,0,0,0,3,1,1,0.1,3000,0,0,0,0,0,0,0,0,0,0,0,0,0,0,0,0,0,0,0,0,0,0,0,0,0,0,0,0,0,0,0,0,0,0,0,0,0,0,0,0,0,0,0,0,0,0,0,0,0,0,0
1989,239,19,22,29.256,2,8,0,-1,1,0,1,1,25,0,0,0,1028,0,0,0,0,0,1,1,0,0,0,390.6926659,0,0,0,0,3,1,1,1,100,0,0,0,3,1,1,0.1,3000,0,0,0,0,0,0,0,0,0,0,0,0,0,0,0,0,0,0,0,0,0,0,0,0,0,0,0,0,0,0,0,0,0,0,0,0,0,0,0,0,0,0,0,0,0,0,0,0,0,0,0
1989,239,19,23,42.336,2,8,0,-1,0,0,1,1,25,0,0,0,1028,0,0,0,0,0,1,1,0,0,0,390.8146854,0,0,0,0,3,1,1,1,100,0,0,0,3,1,1,0.1,3000,0,0,0,0,0,0,0,0,0,0,0,0,0,0,0,0,0,0,0,0,0,0,0,0,0,0,0,0,0,0,0,0,0,0,0,0,0,0,0,0,0,0,0,0,0,0,0,0,0,0,0
1989,239,19,24,5.256,2,8,0,-1,1,0,1,1,25,0,0,0,1028,0,0,0,0,0,1,1,0,0,0,390.8529539,0,0,0,0,3,1,1,1,100,0,0,0,3,1,1,0.1,3000,0,0,0,0,0,0,0,0,0,0,0,0,0,0,0,0,0,0,0,0,0,0,0,0,0,0,0,0,0,0,0,0,0,0,0,0,0,0,0,0,0,0,0,0,0,0,0,0,0,0,0
1989,239,19,25,18.336,2,8,0,-1,0,0,1,1,25,0,0,0,1028,0,0,0,0,0,1,1,0,0,0,390.9749722,0,0,0,0,3,1,1,1,100,0,0,0,3,1,1,0.1,3000,0,0,0,0,0,0,0,0,0,0,0,0,0,0,0,0,0,0,0,0,0,0,0,0,0,0,0,0,0,0,0,0,0,0,0,0,0,0,0,0,0,0,0,0,0,0,0,0,0,0,0
1989,239,19,25,41.256,2,8,0,-1,1,0,1,1,25,0,0,0,1028,0,0,0,0,0,1,1,0,0,0,391.0132406,0,0,0,0,3,1,1,1,100,0,0,0,3,1,1,0.1,3000,0,0,0,0,0,0,0,0,0,0,0,0,0,0,0,0,0,0,0,0,0,0,0,0,0,0,0,0,0,0,0,0,0,0,0,0,0,0,0,0,0,0,0,0,0,0,0,0,0,0,0
1989,239,19,26,54.336,2,8,0,-1,0,0,1,1,25,0,0,0,1028,0,0,0,0,0,1,1,0,0,0,391.1352586,0,0,0,0,3,1,1,1,100,0,0,0,3,1,1,0.1,3000,0,0,0,0,0,0,0,0,0,0,0,0,0,0,0,0,0,0,0,0,0,0,0,0,0,0,0,0,0,0,0,0,0,0,0,0,0,0,0,0,0,0,0,0,0,0,0,0,0,0,0
1989,239,19,27,17.256,2,8,0,-1,1,0,1,1,25,0,0,0,1028,0,0,0,0,0,1,1,0,0,0,391.1735261,0,0,0,0,3,1,1,1,100,0,0,0,3,1,1,0.1,3000,0,0,0,0,0,0,0,0,0,0,0,0,0,0,0,0,0,0,0,0,0,0,0,0,0,0,0,0,0,0,0,0,0,0,0,0,0,0,0,0,0,0,0,0,0,0,0,0,0,0,0
1989,239,19,30,54.336,2,8,0,-1,0,0,1,1,25,0,0,0,1028,0,0,0,0,0,1,1,0,0,0,391.5359729,0,0,0,0,3,1,1,1,100,0,0,0,3,1,1,0.1,3000,0,0,0,0,0,0,0,0,0,0,0,0,0,0,0,0,0,0,0,0,0,0,0,0,0,0,0,0,0,0,0,0,0,0,0,0,0,0,0,0,0,0,0,0,0,0,0,0,0,0,0
1989,239,19,31,17.256,2,8,0,-1,1,0,1,1,25,0,0,0,1028,0,0,0,0,0,1,1,0,0,0,391.5742401,0,0,0,0,3,1,1,1,100,0,0,0,3,1,1,0.1,3000,0,0,0,0,0,0,0,0,0,0,0,0,0,0,0,0,0,0,0,0,0,0,0,0,0,0,0,0,0,0,0,0,0,0,0,0,0,0,0,0,0,0,0,0,0,0,0,0,0,0,0
1989,239,19,32,30.336,2,8,0,-1,0,0,1,1,25,0,0,0,1028,0,0,0,0,0,1,1,0,0,0,391.6962571,0,0,0,0,3,1,1,1,100,0,0,0,3,1,1,0.1,3000,0,0,0,0,0,0,0,0,0,0,0,0,0,0,0,0,0,0,0,0,0,0,0,0,0,0,0,0,0,0,0,0,0,0,0,0,0,0,0,0,0,0,0,0,0,0,0,0,0,0,0
1989,239,19,32,53.256,2,8,0,-1,1,0,1,1,25,0,0,0,1028,0,0,0,0,0,1,1,0,0,0,391.734525,0,0,0,0,3,1,1,1,100,0,0,0,3,1,1,0.1,3000,0,0,0,0,0,0,0,0,0,0,0,0,0,0,0,0,0,0,0,0,0,0,0,0,0,0,0,0,0,0,0,0,0,0,0,0,0,0,0,0,0,0,0,0,0,0,0,0,0,0,0
1989,239,19,34,6.335,2,8,0,-1,0,0,1,1,25,0,0,0,1028,0,0,0,0,0,1,1,0,0,0,391.8565408,0,0,0,0,3,1,1,1,100,0,0,0,3,1,1,0.1,3000,0,0,0,0,0,0,0,0,0,0,0,0,0,0,0,0,0,0,0,0,0,0,0,0,0,0,0,0,0,0,0,0,0,0,0,0,0,0,0,0,0,0,0,0,0,0,0,0,0,0,0
1989,239,19,34,29.254,2,8,0,-1,1,0,1,1,25,0,0,0,1028,0,0,0,0,0,1,1,0,0,0,391.8948079,0,0,0,0,3,1,1,1,100,0,0,0,3,1,1,0.1,3000,0,0,0,0,0,0,0,0,0,0,0,0,0,0,0,0,0,0,0,0,0,0,0,0,0,0,0,0,0,0,0,0,0,0,0,0,0,0,0,0,0,0,0,0,0,0,0,0,0,0,0
1989,239,19,35,42.335,2,8,0,-1,0,0,1,1,25,0,0,0,1028,0,0,0,0,0,1,1,0,0,0,392.016825,0,0,0,0,3,1,1,1,100,0,0,0,3,1,1,0.1,3000,0,0,0,0,0,0,0,0,0,0,0,0,0,0,0,0,0,0,0,0,0,0,0,0,0,0,0,0,0,0,0,0,0,0,0,0,0,0,0,0,0,0,0,0,0,0,0,0,0,0,0
1989,239,19,36,5.255,2,8,0,-1,1,0,1,1,25,0,0,0,1028,0,0,0,0,0,1,1,0,0,0,392.0550928,0,0,0,0,3,1,1,1,100,0,0,0,3,1,1,0.1,3000,0,0,0,0,0,0,0,0,0,0,0,0,0,0,0,0,0,0,0,0,0,0,0,0,0,0,0,0,0,0,0,0,0,0,0,0,0,0,0,0,0,0,0,0,0,0,0,0,0,0,0
1989,239,19,37,18.335,2,8,0,-1,0,0,1,1,25,0,0,0,1028,0,0,0,0,0,1,1,0,0,0,392.1771088,0,0,0,0,3,1,1,1,100,0,0,0,3,1,1,0.1,3000,0,0,0,0,0,0,0,0,0,0,0,0,0,0,0,0,0,0,0,0,0,0,0,0,0,0,0,0,0,0,0,0,0,0,0,0,0,0,0,0,0,0,0,0,0,0,0,0,0,0,0
1989,239,19,37,41.255,2,8,0,-1,1,0,1,1,25,0,0,0,1028,0,0,0,0,0,1,1,0,0,0,392.2153765,0,0,0,0,3,1,1,1,100,0,0,0,3,1,1,0.1,3000,0,0,0,0,0,0,0,0,0,0,0,0,0,0,0,0,0,0,0,0,0,0,0,0,0,0,0,0,0,0,0,0,0,0,0,0,0,0,0,0,0,0,0,0,0,0,0,0,0,0,0
1989,239,19,38,54.335,2,8,0,-1,0,0,1,1,25,0,0,0,1028,0,0,0,0,0,1,1,0,0,0,392.3373922,0,0,0,0,3,1,1,1,100,0,0,0,3,1,1,0.1,3000,0,0,0,0,0,0,0,0,0,0,0,0,0,0,0,0,0,0,0,0,0,0,0,0,0,0,0,0,0,0,0,0,0,0,0,0,0,0,0,0,0,0,0,0,0,0,0,0,0,0,0
1989,239,19,39,17.254,2,8,0,-1,1,0,1,1,25,0,0,0,1028,0,0,0,0,0,1,1,0,0,0,392.3756589,0,0,0,0,3,1,1,1,100,0,0,0,3,1,1,0.1,3000,0,0,0,0,0,0,0,0,0,0,0,0,0,0,0,0,0,0,0,0,0,0,0,0,0,0,0,0,0,0,0,0,0,0,0,0,0,0,0,0,0,0,0,0,0,0,0,0,0,0,0
1989,239,19,42,54.335,2,8,0,-1,0,0,1,1,25,0,0,0,1028,0,0,0,0,0,1,1,0,0,0,392.7380989,0,0,0,0,3,1,1,1,100,0,0,0,3,1,1,0.1,3000,0,0,0,0,0,0,0,0,0,0,0,0,0,0,0,0,0,0,0,0,0,0,0,0,0,0,0,0,0,0,0,0,0,0,0,0,0,0,0,0,0,0,0,0,0,0,0,0,0,0,0
1989,239,19,43,17.254,2,8,0,-1,1,0,1,1,25,0,0,0,1028,0,0,0,0,0,1,1,0,0,0,392.7763654,0,0,0,0,3,1,1,1,100,0,0,0,3,1,1,0.1,3000,0,0,0,0,0,0,0,0,0,0,0,0,0,0,0,0,0,0,0,0,0,0,0,0,0,0,0,0,0,0,0,0,0,0,0,0,0,0,0,0,0,0,0,0,0,0,0,0,0,0,0
1989,239,19,44,30.335,2,8,0,-1,0,0,1,1,25,0,0,0,1028,0,0,0,0,0,1,1,0,0,0,392.8983808,0,0,0,0,3,1,1,1,100,0,0,0,3,1,1,0.1,3000,0,0,0,0,0,0,0,0,0,0,0,0,0,0,0,0,0,0,0,0,0,0,0,0,0,0,0,0,0,0,0,0,0,0,0,0,0,0,0,0,0,0,0,0,0,0,0,0,0,0,0
1989,239,19,44,53.255,2,8,0,-1,1,0,1,1,25,0,0,0,1028,0,0,0,0,0,1,1,0,0,0,392.9366481,0,0,0,0,3,1,1,1,100,0,0,0,3,1,1,0.1,3000,0,0,0,0,0,0,0,0,0,0,0,0,0,0,0,0,0,0,0,0,0,0,0,0,0,0,0,0,0,0,0,0,0,0,0,0,0,0,0,0,0,0,0,0,0,0,0,0,0,0,0
1989,239,19,46,6.333,2,8,0,-1,0,0,1,1,25,0,0,0,1028,0,0,0,0,0,1,1,0,0,0,393.0586599,0,0,0,0,3,1,1,1,100,0,0,0,3,1,1,0.1,3000,0,0,0,0,0,0,0,0,0,0,0,0,0,0,0,0,0,0,0,0,0,0,0,0,0,0,0,0,0,0,0,0,0,0,0,0,0,0,0,0,0,0,0,0,0,0,0,0,0,0,0
1989,239,19,46,29.254,2,8,0,-1,1,0,1,1,25,0,0,0,1028,0,0,0,0,0,1,1,0,0,0,393.0969271,0,0,0,0,3,1,1,1,100,0,0,0,3,1,1,0.1,3000,0,0,0,0,0,0,0,0,0,0,0,0,0,0,0,0,0,0,0,0,0,0,0,0,0,0,0,0,0,0,0,0,0,0,0,0,0,0,0,0,0,0,0,0,0,0,0,0,0,0,0
1989,239,19,47,42.333,2,8,0,-1,0,0,1,1,25,0,0,0,1028,0,0,0,0,0,1,1,0,0,0,393.2189411,0,0,0,0,3,1,1,1,100,0,0,0,3,1,1,0.1,3000,0,0,0,0,0,0,0,0,0,0,0,0,0,0,0,0,0,0,0,0,0,0,0,0,0,0,0,0,0,0,0,0,0,0,0,0,0,0,0,0,0,0,0,0,0,0,0,0,0,0,0
1989,239,19,48,5.254,2,8,0,-1,1,0,1,1,25,0,0,0,1028,0,0,0,0,0,1,1,0,0,0,393.257209,0,0,0,0,3,1,1,1,100,0,0,0,3,1,1,0.1,3000,0,0,0,0,0,0,0,0,0,0,0,0,0,0,0,0,0,0,0,0,0,0,0,0,0,0,0,0,0,0,0,0,0,0,0,0,0,0,0,0,0,0,0,0,0,0,0,0,0,0,0
1989,239,19,49,18.334,2,8,0,-1,0,0,1,1,25,0,0,0,1028,0,0,0,0,0,1,1,0,0,0,393.3792227,0,0,0,0,3,1,1,1,100,0,0,0,3,1,1,0.1,3000,0,0,0,0,0,0,0,0,0,0,0,0,0,0,0,0,0,0,0,0,0,0,0,0,0,0,0,0,0,0,0,0,0,0,0,0,0,0,0,0,0,0,0,0,0,0,0,0,0,0,0
1989,239,19,49,41.254,2,8,0,-1,1,0,1,1,25,0,0,0,1028,0,0,0,0,0,1,1,0,0,0,393.4174896,0,0,0,0,3,1,1,1,100,0,0,0,3,1,1,0.1,3000,0,0,0,0,0,0,0,0,0,0,0,0,0,0,0,0,0,0,0,0,0,0,0,0,0,0,0,0,0,0,0,0,0,0,0,0,0,0,0,0,0,0,0,0,0,0,0,0,0,0,0
1989,239,19,50,54.334,2,8,0,-1,0,0,1,1,25,0,0,0,1028,0,0,0,0,0,1,1,0,0,0,393.539503,0,0,0,0,3,1,1,1,100,0,0,0,3,1,1,0.1,3000,0,0,0,0,0,0,0,0,0,0,0,0,0,0,0,0,0,0,0,0,0,0,0,0,0,0,0,0,0,0,0,0,0,0,0,0,0,0,0,0,0,0,0,0,0,0,0,0,0,0,0
1989,239,19,51,17.254,2,8,0,-1,1,0,1,1,25,0,0,0,1028,0,0,0,0,0,1,1,0,0,0,393.5777699,0,0,0,0,3,1,1,1,100,0,0,0,3,1,1,0.1,3000,0,0,0,0,0,0,0,0,0,0,0,0,0,0,0,0,0,0,0,0,0,0,0,0,0,0,0,0,0,0,0,0,0,0,0,0,0,0,0,0,0,0,0,0,0,0,0,0,0,0,0
1989,239,19,54,54.334,2,8,0,-1,0,0,1,1,25,0,0,0,1028,0,0,0,0,0,1,1,0,0,0,393.9402022,0,0,0,0,3,1,1,1,100,0,0,0,3,1,1,0.1,3000,0,0,0,0,0,0,0,0,0,0,0,0,0,0,0,0,0,0,0,0,0,0,0,0,0,0,0,0,0,0,0,0,0,0,0,0,0,0,0,0,0,0,0,0,0,0,0,0,0,0,0
1989,239,19,55,17.254,2,8,0,-1,1,0,1,1,25,0,0,0,1028,0,0,0,0,0,1,1,0,0,0,393.9784688,0,0,0,0,3,1,1,1,100,0,0,0,3,1,1,0.1,3000,0,0,0,0,0,0,0,0,0,0,0,0,0,0,0,0,0,0,0,0,0,0,0,0,0,0,0,0,0,0,0,0,0,0,0,0,0,0,0,0,0,0,0,0,0,0,0,0,0,0,0
1989,239,19,56,30.334,2,8,0,-1,0,0,1,1,25,0,0,0,1028,0,0,0,0,0,1,1,0,0,0,394.1004803,0,0,0,0,3,1,1,1,100,0,0,0,3,1,1,0.1,3000,0,0,0,0,0,0,0,0,0,0,0,0,0,0,0,0,0,0,0,0,0,0,0,0,0,0,0,0,0,0,0,0,0,0,0,0,0,0,0,0,0,0,0,0,0,0,0,0,0,0,0
1989,239,19,56,53.254,2,8,0,-1,1,0,1,1,25,0,0,0,1028,0,0,0,0,0,1,1,0,0,0,394.1387477,0,0,0,0,3,1,1,1,100,0,0,0,3,1,1,0.1,3000,0,0,0,0,0,0,0,0,0,0,0,0,0,0,0,0,0,0,0,0,0,0,0,0,0,0,0,0,0,0,0,0,0,0,0,0,0,0,0,0,0,0,0,0,0,0,0,0,0,0,0
1989,239,19,58,6.333,2,8,0,-1,0,0,1,1,25,0,0,0,1028,0,0,0,0,0,1,1,0,0,0,394.2607588,0,0,0,0,3,1,1,1,100,0,0,0,3,1,1,0.1,3000,0,0,0,0,0,0,0,0,0,0,0,0,0,0,0,0,0,0,0,0,0,0,0,0,0,0,0,0,0,0,0,0,0,0,0,0,0,0,0,0,0,0,0,0,0,0,0,0,0,0,0
1989,239,19,58,29.253,2,8,0,-1,1,0,1,1,25,0,0,0,1028,0,0,0,0,0,1,1,0,0,0,394.2990253,0,0,0,0,3,1,1,1,100,0,0,0,3,1,1,0.1,3000,0,0,0,0,0,0,0,0,0,0,0,0,0,0,0,0,0,0,0,0,0,0,0,0,0,0,0,0,0,0,0,0,0,0,0,0,0,0,0,0,0,0,0,0,0,0,0,0,0,0,0
1989,239,19,59,42.333,2,8,0,-1,0,0,1,1,25,0,0,0,1028,0,0,0,0,0,1,1,0,0,0,394.4210362,0,0,0,0,3,1,1,1,100,0,0,0,3,1,1,0.1,3000,0,0,0,0,0,0,0,0,0,0,0,0,0,0,0,0,0,0,0,0,0,0,0,0,0,0,0,0,0,0,0,0,0,0,0,0,0,0,0,0,0,0,0,0,0,0,0,0,0,0,0
1989,239,20,0,5.253,2,8,0,-1,1,0,1,1,25,0,0,0,1028,0,0,0,0,0,1,1,0,0,0,394.4593025,0,0,0,0,3,1,1,1,100,0,0,0,3,1,1,0.1,3000,0,0,0,0,0,0,0,0,0,0,0,0,0,0,0,0,0,0,0,0,0,0,0,0,0,0,0,0,0,0,0,0,0,0,0,0,0,0,0,0,0,0,0,0,0,0,0,0,0,0,0
1989,239,20,1,18.333,2,8,0,-1,0,0,1,1,25,0,0,0,1028,0,0,0,0,0,1,1,0,0,0,394.5813139,0,0,0,0,3,1,1,1,100,0,0,0,3,1,1,0.1,3000,0,0,0,0,0,0,0,0,0,0,0,0,0,0,0,0,0,0,0,0,0,0,0,0,0,0,0,0,0,0,0,0,0,0,0,0,0,0,0,0,0,0,0,0,0,0,0,0,0,0,0
1989,239,20,1,41.253,2,8,0,-1,1,0,1,1,25,0,0,0,1028,0,0,0,0,0,1,1,0,0,0,394.6195802,0,0,0,0,3,1,1,1,100,0,0,0,3,1,1,0.1,3000,0,0,0,0,0,0,0,0,0,0,0,0,0,0,0,0,0,0,0,0,0,0,0,0,0,0,0,0,0,0,0,0,0,0,0,0,0,0,0,0,0,0,0,0,0,0,0,0,0,0,0
1989,239,20,2,54.333,2,8,0,-1,0,0,1,1,25,0,0,0,1028,0,0,0,0,0,1,1,0,0,0,394.7415913,0,0,0,0,3,1,1,1,100,0,0,0,3,1,1,0.1,3000,0,0,0,0,0,0,0,0,0,0,0,0,0,0,0,0,0,0,0,0,0,0,0,0,0,0,0,0,0,0,0,0,0,0,0,0,0,0,0,0,0,0,0,0,0,0,0,0,0,0,0
1989,239,20,3,17.253,2,8,0,-1,1,0,1,1,25,0,0,0,1028,0,0,0,0,0,1,1,0,0,0,394.7798574,0,0,0,0,3,1,1,1,100,0,0,0,3,1,1,0.1,3000,0,0,0,0,0,0,0,0,0,0,0,0,0,0,0,0,0,0,0,0,0,0,0,0,0,0,0,0,0,0,0,0,0,0,0,0,0,0,0,0,0,0,0,0,0,0,0,0,0,0,0
1989,239,20,6,54.333,2,8,0,-1,0,0,1,1,25,0,0,0,1028,0,0,0,0,0,1,1,0,0,0,395.1422829,0,0,0,0,3,1,1,1,100,0,0,0,3,1,1,0.1,3000,0,0,0,0,0,0,0,0,0,0,0,0,0,0,0,0,0,0,0,0,0,0,0,0,0,0,0,0,0,0,0,0,0,0,0,0,0,0,0,0,0,0,0,0,0,0,0,0,0,0,0
1989,239,20,7,17.253,2,8,0,-1,1,0,1,1,25,0,0,0,1028,0,0,0,0,0,1,1,0,0,0,395.1805489,0,0,0,0,3,1,1,1,100,0,0,0,3,1,1,0.1,3000,0,0,0,0,0,0,0,0,0,0,0,0,0,0,0,0,0,0,0,0,0,0,0,0,0,0,0,0,0,0,0,0,0,0,0,0,0,0,0,0,0,0,0,0,0,0,0,0,0,0,0
1989,239,20,8,30.333,2,8,0,-1,0,0,1,1,25,0,0,0,1028,0,0,0,0,0,1,1,0,0,0,395.3025589,0,0,0,0,3,1,1,1,100,0,0,0,3,1,1,0.1,3000,0,0,0,0,0,0,0,0,0,0,0,0,0,0,0,0,0,0,0,0,0,0,0,0,0,0,0,0,0,0,0,0,0,0,0,0,0,0,0,0,0,0,0,0,0,0,0,0,0,0,0
1989,239,20,8,53.253,2,8,0,-1,1,0,1,1,25,0,0,0,1028,0,0,0,0,0,1,1,0,0,0,395.3408247,0,0,0,0,3,1,1,1,100,0,0,0,3,1,1,0.1,3000,0,0,0,0,0,0,0,0,0,0,0,0,0,0,0,0,0,0,0,0,0,0,0,0,0,0,0,0,0,0,0,0,0,0,0,0,0,0,0,0,0,0,0,0,0,0,0,0,0,0,0
1989,239,20,10,6.333,2,8,0,-1,0,0,1,1,25,0,0,0,1028,0,0,0,0,0,1,1,0,0,0,395.4628345,0,0,0,0,3,1,1,1,100,0,0,0,3,1,1,0.1,3000,0,0,0,0,0,0,0,0,0,0,0,0,0,0,0,0,0,0,0,0,0,0,0,0,0,0,0,0,0,0,0,0,0,0,0,0,0,0,0,0,0,0,0,0,0,0,0,0,0,0,0
1989,239,20,10,29.253,2,8,0,-1,1,0,1,1,25,0,0,0,1028,0,0,0,0,0,1,1,0,0,0,395.5011002,0,0,0,0,3,1,1,1,100,0,0,0,3,1,1,0.1,3000,0,0,0,0,0,0,0,0,0,0,0,0,0,0,0,0,0,0,0,0,0,0,0,0,0,0,0,0,0,0,0,0,0,0,0,0,0,0,0,0,0,0,0,0,0,0,0,0,0,0,0
1989,239,20,11,42.332,2,8,0,-1,0,0,1,1,25,0,0,0,1028,0,0,0,0,0,1,1,0,0,0,395.6231088,0,0,0,0,3,1,1,1,100,0,0,0,3,1,1,0.1,3000,0,0,0,0,0,0,0,0,0,0,0,0,0,0,0,0,0,0,0,0,0,0,0,0,0,0,0,0,0,0,0,0,0,0,0,0,0,0,0,0,0,0,0,0,0,0,0,0,0,0,0
1989,239,20,12,5.252,2,8,0,-1,1,0,1,1,25,0,0,0,1028,0,0,0,0,0,1,1,0,0,0,395.6613744,0,0,0,0,3,1,1,1,100,0,0,0,3,1,1,0.1,3000,0,0,0,0,0,0,0,0,0,0,0,0,0,0,0,0,0,0,0,0,0,0,0,0,0,0,0,0,0,0,0,0,0,0,0,0,0,0,0,0,0,0,0,0,0,0,0,0,0,0,0
1989,239,20,13,18.332,2,8,0,-1,0,0,1,1,25,0,0,0,1028,0,0,0,0,0,1,1,0,0,0,395.7833827,0,0,0,0,3,1,1,1,100,0,0,0,3,1,1,0.1,3000,0,0,0,0,0,0,0,0,0,0,0,0,0,0,0,0,0,0,0,0,0,0,0,0,0,0,0,0,0,0,0,0,0,0,0,0,0,0,0,0,0,0,0,0,0,0,0,0,0,0,0
1989,239,20,13,41.252,2,8,0,-1,1,0,1,1,25,0,0,0,1028,0,0,0,0,0,1,1,0,0,0,395.8216483,0,0,0,0,3,1,1,1,100,0,0,0,3,1,1,0.1,3000,0,0,0,0,0,0,0,0,0,0,0,0,0,0,0,0,0,0,0,0,0,0,0,0,0,0,0,0,0,0,0,0,0,0,0,0,0,0,0,0,0,0,0,0,0,0,0,0,0,0,0
1989,239,20,14,54.332,2,8,0,-1,0,0,1,1,25,0,0,0,1028,0,0,0,0,0,1,1,0,0,0,395.9436571,0,0,0,0,3,1,1,1,100,0,0,0,3,1,1,0.1,3000,0,0,0,0,0,0,0,0,0,0,0,0,0,0,0,0,0,0,0,0,0,0,0,0,0,0,0,0,0,0,0,0,0,0,0,0,0,0,0,0,0,0,0,0,0,0,0,0,0,0,0
1989,239,20,15,17.252,2,8,0,-1,1,0,1,1,25,0,0,0,1028,0,0,0,0,0,1,1,0,0,0,395.9819225,0,0,0,0,3,1,1,1,100,0,0,0,3,1,1,0.1,3000,0,0,0,0,0,0,0,0,0,0,0,0,0,0,0,0,0,0,0,0,0,0,0,0,0,0,0,0,0,0,0,0,0,0,0,0,0,0,0,0,0,0,0,0,0,0,0,0,0,0,0
1989,239,20,18,54.332,2,8,0,-1,0,0,1,1,25,0,0,0,1028,0,0,0,0,0,1,1,0,0,0,396.3443413,0,0,0,0,3,1,1,1,100,0,0,0,3,1,1,0.1,3000,0,0,0,0,0,0,0,0,0,0,0,0,0,0,0,0,0,0,0,0,0,0,0,0,0,0,0,0,0,0,0,0,0,0,0,0,0,0,0,0,0,0,0,0,0,0,0,0,0,0,0
1989,239,20,19,17.252,2,8,0,-1,1,0,1,1,25,0,0,0,1028,0,0,0,0,0,1,1,0,0,0,396.3826065,0,0,0,0,3,1,1,1,100,0,0,0,3,1,1,0.1,3000,0,0,0,0,0,0,0,0,0,0,0,0,0,0,0,0,0,0,0,0,0,0,0,0,0,0,0,0,0,0,0,0,0,0,0,0,0,0,0,0,0,0,0,0,0,0,0,0,0,0,0
1989,239,20,20,30.332,2,8,0,-1,0,0,1,1,25,0,0,0,1028,0,0,0,0,0,1,1,0,0,0,396.5046143,0,0,0,0,3,1,1,1,100,0,0,0,3,1,1,0.1,3000,0,0,0,0,0,0,0,0,0,0,0,0,0,0,0,0,0,0,0,0,0,0,0,0,0,0,0,0,0,0,0,0,0,0,0,0,0,0,0,0,0,0,0,0,0,0,0,0,0,0,0
1989,239,20,20,53.252,2,8,0,-1,1,0,1,1,25,0,0,0,1028,0,0,0,0,0,1,1,0,0,0,396.5428794,0,0,0,0,3,1,1,1,100,0,0,0,3,1,1,0.1,3000,0,0,0,0,0,0,0,0,0,0,0,0,0,0,0,0,0,0,0,0,0,0,0,0,0,0,0,0,0,0,0,0,0,0,0,0,0,0,0,0,0,0,0,0,0,0,0,0,0,0,0
1989,239,20,22,6.332,2,8,0,-1,0,0,1,1,25,0,0,0,1028,0,0,0,0,0,1,1,0,0,0,396.6648869,0,0,0,0,3,1,1,1,100,0,0,0,3,1,1,0.1,3000,0,0,0,0,0,0,0,0,0,0,0,0,0,0,0,0,0,0,0,0,0,0,0,0,0,0,0,0,0,0,0,0,0,0,0,0,0,0,0,0,0,0,0,0,0,0,0,0,0,0,0
1989,239,20,22,29.252,2,8,0,-1,1,0,1,1,25,0,0,0,1028,0,0,0,0,0,1,1,0,0,0,396.7031519,0,0,0,0,3,1,1,1,100,0,0,0,3,1,1,0.1,3000,0,0,0,0,0,0,0,0,0,0,0,0,0,0,0,0,0,0,0,0,0,0,0,0,0,0,0,0,0,0,0,0,0,0,0,0,0,0,0,0,0,0,0,0,0,0,0,0,0,0,0
1989,239,20,23,42.332,2,8,0,-1,0,0,1,1,25,0,0,0,1028,0,0,0,0,0,1,1,0,0,0,396.8251591,0,0,0,0,3,1,1,1,100,0,0,0,3,1,1,0.1,3000,0,0,0,0,0,0,0,0,0,0,0,0,0,0,0,0,0,0,0,0,0,0,0,0,0,0,0,0,0,0,0,0,0,0,0,0,0,0,0,0,0,0,0,0,0,0,0,0,0,0,0
1989,239,20,24,5.252,2,8,0,-1,1,0,1,1,25,0,0,0,1028,0,0,0,0,0,1,1,0,0,0,396.863424,0,0,0,0,3,1,1,1,100,0,0,0,3,1,1,0.1,3000,0,0,0,0,0,0,0,0,0,0,0,0,0,0,0,0,0,0,0,0,0,0,0,0,0,0,0,0,0,0,0,0,0,0,0,0,0,0,0,0,0,0,0,0,0,0,0,0,0,0,0
1989,239,20,25,18.331,2,8,0,-1,0,0,1,1,25,0,0,0,1028,0,0,0,0,0,1,1,0,0,0,396.9854292,0,0,0,0,3,1,1,1,100,0,0,0,3,1,1,0.1,3000,0,0,0,0,0,0,0,0,0,0,0,0,0,0,0,0,0,0,0,0,0,0,0,0,0,0,0,0,0,0,0,0,0,0,0,0,0,0,0,0,0,0,0,0,0,0,0,0,0,0,0
1989,239,20,25,41.25,2,8,0,-1,1,0,1,1,25,0,0,0,1028,0,0,0,0,0,1,1,0,0,0,397.0236924,0,0,0,0,3,1,1,1,100,0,0,0,3,1,1,0.1,3000,0,0,0,0,0,0,0,0,0,0,0,0,0,0,0,0,0,0,0,0,0,0,0,0,0,0,0,0,0,0,0,0,0,0,0,0,0,0,0,0,0,0,0,0,0,0,0,0,0,0,0
1989,239,20,26,54.331,2,8,0,-1,0,0,1,1,25,0,0,0,1028,0,0,0,0,0,1,1,0,0,0,397.1457006,0,0,0,0,3,1,1,1,100,0,0,0,3,1,1,0.1,3000,0,0,0,0,0,0,0,0,0,0,0,0,0,0,0,0,0,0,0,0,0,0,0,0,0,0,0,0,0,0,0,0,0,0,0,0,0,0,0,0,0,0,0,0,0,0,0,0,0,0,0
1989,239,20,27,17.251,2,8,0,-1,1,0,1,1,25,0,0,0,1028,0,0,0,0,0,1,1,0,0,0,397.1839653,0,0,0,0,3,1,1,1,100,0,0,0,3,1,1,0.1,3000,0,0,0,0,0,0,0,0,0,0,0,0,0,0,0,0,0,0,0,0,0,0,0,0,0,0,0,0,0,0,0,0,0,0,0,0,0,0,0,0,0,0,0,0,0,0,0,0,0,0,0
1989,239,20,30,54.331,2,8,0,-1,0,0,1,1,25,0,0,0,1028,0,0,0,0,0,1,1,0,0,0,397.5463774,0,0,0,0,3,1,1,1,100,0,0,0,3,1,1,0.1,3000,0,0,0,0,0,0,0,0,0,0,0,0,0,0,0,0,0,0,0,0,0,0,0,0,0,0,0,0,0,0,0,0,0,0,0,0,0,0,0,0,0,0,0,0,0,0,0,0,0,0,0
1989,239,20,31,17.251,2,8,0,-1,1,0,1,1,25,0,0,0,1028,0,0,0,0,0,1,1,0,0,0,397.5846419,0,0,0,0,3,1,1,1,100,0,0,0,3,1,1,0.1,3000,0,0,0,0,0,0,0,0,0,0,0,0,0,0,0,0,0,0,0,0,0,0,0,0,0,0,0,0,0,0,0,0,0,0,0,0,0,0,0,0,0,0,0,0,0,0,0,0,0,0,0
1989,239,20,32,30.331,2,8,0,-1,0,0,1,1,25,0,0,0,1028,0,0,0,0,0,1,1,0,0,0,397.7066474,0,0,0,0,3,1,1,1,100,0,0,0,3,1,1,0.1,3000,0,0,0,0,0,0,0,0,0,0,0,0,0,0,0,0,0,0,0,0,0,0,0,0,0,0,0,0,0,0,0,0,0,0,0,0,0,0,0,0,0,0,0,0,0,0,0,0,0,0,0
1989,239,20,32,53.251,2,8,0,-1,1,0,1,1,25,0,0,0,1028,0,0,0,0,0,1,1,0,0,0,397.744911,0,0,0,0,3,1,1,1,100,0,0,0,3,1,1,0.1,3000,0,0,0,0,0,0,0,0,0,0,0,0,0,0,0,0,0,0,0,0,0,0,0,0,0,0,0,0,0,0,0,0,0,0,0,0,0,0,0,0,0,0,0,0,0,0,0,0,0,0,0
1989,239,20,34,6.331,2,8,0,-1,0,0,1,1,25,0,0,0,1028,0,0,0,0,0,1,1,0,0,0,397.8669171,0,0,0,0,3,1,1,1,100,0,0,0,3,1,1,0.1,3000,0,0,0,0,0,0,0,0,0,0,0,0,0,0,0,0,0,0,0,0,0,0,0,0,0,0,0,0,0,0,0,0,0,0,0,0,0,0,0,0,0,0,0,0,0,0,0,0,0,0,0
1989,239,20,34,29.251,2,8,0,-1,1,0,1,1,25,0,0,0,1028,0,0,0,0,0,1,1,0,0,0,397.9051805,0,0,0,0,3,1,1,1,100,0,0,0,3,1,1,0.1,3000,0,0,0,0,0,0,0,0,0,0,0,0,0,0,0,0,0,0,0,0,0,0,0,0,0,0,0,0,0,0,0,0,0,0,0,0,0,0,0,0,0,0,0,0,0,0,0,0,0,0,0
1989,239,20,35,42.331,2,8,0,-1,0,0,1,1,25,0,0,0,1028,0,0,0,0,0,1,1,0,0,0,398.0271863,0,0,0,0,3,1,1,1,100,0,0,0,3,1,1,0.1,3000,0,0,0,0,0,0,0,0,0,0,0,0,0,0,0,0,0,0,0,0,0,0,0,0,0,0,0,0,0,0,0,0,0,0,0,0,0,0,0,0,0,0,0,0,0,0,0,0,0,0,0
1989,239,20,36,5.251,2,8,0,-1,1,0,1,1,25,0,0,0,1028,0,0,0,0,0,1,1,0,0,0,398.0654505,0,0,0,0,3,1,1,1,100,0,0,0,3,1,1,0.1,3000,0,0,0,0,0,0,0,0,0,0,0,0,0,0,0,0,0,0,0,0,0,0,0,0,0,0,0,0,0,0,0,0,0,0,0,0,0,0,0,0,0,0,0,0,0,0,0,0,0,0,0
1989,239,20,37,18.331,2,8,0,-1,0,0,1,1,25,0,0,0,1028,0,0,0,0,0,1,1,0,0,0,398.1874543,0,0,0,0,3,1,1,1,100,0,0,0,3,1,1,0.1,3000,0,0,0,0,0,0,0,0,0,0,0,0,0,0,0,0,0,0,0,0,0,0,0,0,0,0,0,0,0,0,0,0,0,0,0,0,0,0,0,0,0,0,0,0,0,0,0,0,0,0,0
1989,239,20,37,41.249,2,8,0,-1,1,0,1,1,25,0,0,0,1028,0,0,0,0,0,1,1,0,0,0,398.2257168,0,0,0,0,3,1,1,1,100,0,0,0,3,1,1,0.1,3000,0,0,0,0,0,0,0,0,0,0,0,0,0,0,0,0,0,0,0,0,0,0,0,0,0,0,0,0,0,0,0,0,0,0,0,0,0,0,0,0,0,0,0,0,0,0,0,0,0,0,0
1989,239,20,42,54.33,2,8,0,-1,0,0,1,1,25,0,0,0,1028,0,0,0,0,0,1,1,0,0,0,398.7483914,0,0,0,0,3,1,1,1,100,0,0,0,3,1,1,0.1,3000,0,0,0,0,0,0,0,0,0,0,0,0,0,0,0,0,0,0,0,0,0,0,0,0,0,0,0,0,0,0,0,0,0,0,0,0,0,0,0,0,0,0,0,0,0,0,0,0,0,0,0
1989,239,20,43,17.249,2,8,0,-1,1,0,1,1,25,0,0,0,1028,0,0,0,0,0,1,1,0,0,0,398.7866543,0,0,0,0,3,1,1,1,100,0,0,0,3,1,1,0.1,3000,0,0,0,0,0,0,0,0,0,0,0,0,0,0,0,0,0,0,0,0,0,0,0,0,0,0,0,0,0,0,0,0,0,0,0,0,0,0,0,0,0,0,0,0,0,0,0,0,0,0,0
1989,239,20,44,30.33,2,8,0,-1,0,0,1,1,25,0,0,0,1028,0,0,0,0,0,1,1,0,0,0,398.9086584,0,0,0,0,3,1,1,1,100,0,0,0,3,1,1,0.1,3000,0,0,0,0,0,0,0,0,0,0,0,0,0,0,0,0,0,0,0,0,0,0,0,0,0,0,0,0,0,0,0,0,0,0,0,0,0,0,0,0,0,0,0,0,0,0,0,0,0,0,0
1989,239,20,44,53.249,2,8,0,-1,1,0,1,1,25,0,0,0,1028,0,0,0,0,0,1,1,0,0,0,398.9469213,0,0,0,0,3,1,1,1,100,0,0,0,3,1,1,0.1,3000,0,0,0,0,0,0,0,0,0,0,0,0,0,0,0,0,0,0,0,0,0,0,0,0,0,0,0,0,0,0,0,0,0,0,0,0,0,0,0,0,0,0,0,0,0,0,0,0,0,0,0
1989,239,20,46,6.33,2,8,0,-1,0,0,1,1,25,0,0,0,1028,0,0,0,0,0,1,1,0,0,0,399.0689251,0,0,0,0,3,1,1,1,100,0,0,0,3,1,1,0.1,3000,0,0,0,0,0,0,0,0,0,0,0,0,0,0,0,0,0,0,0,0,0,0,0,0,0,0,0,0,0,0,0,0,0,0,0,0,0,0,0,0,0,0,0,0,0,0,0,0,0,0,0
1989,239,20,46,29.249,2,8,0,-1,1,0,1,1,25,0,0,0,1028,0,0,0,0,0,1,1,0,0,0,399.1071871,0,0,0,0,3,1,1,1,100,0,0,0,3,1,1,0.1,3000,0,0,0,0,0,0,0,0,0,0,0,0,0,0,0,0,0,0,0,0,0,0,0,0,0,0,0,0,0,0,0,0,0,0,0,0,0,0,0,0,0,0,0,0,0,0,0,0,0,0,0
1989,239,20,47,42.33,2,8,0,-1,0,0,1,1,25,0,0,0,1028,0,0,0,0,0,1,1,0,0,0,399.2291915,0,0,0,0,3,1,1,1,100,0,0,0,3,1,1,0.1,3000,0,0,0,0,0,0,0,0,0,0,0,0,0,0,0,0,0,0,0,0,0,0,0,0,0,0,0,0,0,0,0,0,0,0,0,0,0,0,0,0,0,0,0,0,0,0,0,0,0,0,0
1989,239,20,48,5.25,2,8,0,-1,1,0,1,1,25,0,0,0,1028,0,0,0,0,0,1,1,0,0,0,399.267455,0,0,0,0,3,1,1,1,100,0,0,0,3,1,1,0.1,3000,0,0,0,0,0,0,0,0,0,0,0,0,0,0,0,0,0,0,0,0,0,0,0,0,0,0,0,0,0,0,0,0,0,0,0,0,0,0,0,0,0,0,0,0,0,0,0,0,0,0,0
1989,239,20,49,18.33,2,8,0,-1,0,0,1,1,25,0,0,0,1028,0,0,0,0,0,1,1,0,0,0,399.3894574,0,0,0,0,3,1,1,1,100,0,0,0,3,1,1,0.1,3000,0,0,0,0,0,0,0,0,0,0,0,0,0,0,0,0,0,0,0,0,0,0,0,0,0,0,0,0,0,0,0,0,0,0,0,0,0,0,0,0,0,0,0,0,0,0,0,0,0,0,0
1989,239,20,49,41.249,2,8,0,-1,1,0,1,1,25,0,0,0,1028,0,0,0,0,0,1,1,0,0,0,399.4277191,0,0,0,0,3,1,1,1,100,0,0,0,3,1,1,0.1,3000,0,0,0,0,0,0,0,0,0,0,0,0,0,0,0,0,0,0,0,0,0,0,0,0,0,0,0,0,0,0,0,0,0,0,0,0,0,0,0,0,0,0,0,0,0,0,0,0,0,0,0
1989,239,20,50,54.329,2,8,0,-1,0,0,1,1,25,0,0,0,1028,0,0,0,0,0,1,1,0,0,0,399.5497212,0,0,0,0,3,1,1,1,100,0,0,0,3,1,1,0.1,3000,0,0,0,0,0,0,0,0,0,0,0,0,0,0,0,0,0,0,0,0,0,0,0,0,0,0,0,0,0,0,0,0,0,0,0,0,0,0,0,0,0,0,0,0,0,0,0,0,0,0,0
1989,239,20,51,17.249,2,8,0,-1,1,0,1,1,25,0,0,0,1028,0,0,0,0,0,1,1,0,0,0,399.5879837,0,0,0,0,3,1,1,1,100,0,0,0,3,1,1,0.1,3000,0,0,0,0,0,0,0,0,0,0,0,0,0,0,0,0,0,0,0,0,0,0,0,0,0,0,0,0,0,0,0,0,0,0,0,0,0,0,0,0,0,0,0,0,0,0,0,0,0,0,0
1989,239,20,54,54.329,2,8,0,-1,0,0,1,1,25,0,0,0,1028,0,0,0,0,0,1,1,0,0,0,399.9503833,0,0,0,0,3,1,1,1,100,0,0,0,3,1,1,0.1,3000,0,0,0,0,0,0,0,0,0,0,0,0,0,0,0,0,0,0,0,0,0,0,0,0,0,0,0,0,0,0,0,0,0,0,0,0,0,0,0,0,0,0,0,0,0,0,0,0,0,0,0
1989,239,20,55,17.248,2,8,0,-1,1,0,1,1,25,0,0,0,1028,0,0,0,0,0,1,1,0,0,0,399.9886456,0,0,0,0,3,1,1,1,100,0,0,0,3,1,1,0.1,3000,0,0,0,0,0,0,0,0,0,0,0,0,0,0,0,0,0,0,0,0,0,0,0,0,0,0,0,0,0,0,0,0,0,0,0,0,0,0,0,0,0,0,0,0,0,0,0,0,0,0,0
1989,239,20,56,30.329,2,8,0,-1,0,0,1,1,25,0,0,0,1028,0,0,0,0,0,1,1,0,0,0,400.1106475,0,0,0,0,3,1,1,1,100,0,0,0,3,1,1,0.1,3000,0,0,0,0,0,0,0,0,0,0,0,0,0,0,0,0,0,0,0,0,0,0,0,0,0,0,0,0,0,0,0,0,0,0,0,0,0,0,0,0,0,0,0,0,0,0,0,0,0,0,0
1989,239,20,56,53.248,2,8,0,-1,1,0,1,1,25,0,0,0,1028,0,0,0,0,0,1,1,0,0,0,400.1489097,0,0,0,0,3,1,1,1,100,0,0,0,3,1,1,0.1,3000,0,0,0,0,0,0,0,0,0,0,0,0,0,0,0,0,0,0,0,0,0,0,0,0,0,0,0,0,0,0,0,0,0,0,0,0,0,0,0,0,0,0,0,0,0,0,0,0,0,0,0
1989,239,20,58,6.329,2,8,0,-1,0,0,1,1,25,0,0,0,1028,0,0,0,0,0,1,1,0,0,0,400.2709113,0,0,0,0,3,1,1,1,100,0,0,0,3,1,1,0.1,3000,0,0,0,0,0,0,0,0,0,0,0,0,0,0,0,0,0,0,0,0,0,0,0,0,0,0,0,0,0,0,0,0,0,0,0,0,0,0,0,0,0,0,0,0,0,0,0,0,0,0,0
1989,239,20,58,29.248,2,8,0,-1,1,0,1,1,25,0,0,0,1028,0,0,0,0,0,1,1,0,0,0,400.3091725,0,0,0,0,3,1,1,1,100,0,0,0,3,1,1,0.1,3000,0,0,0,0,0,0,0,0,0,0,0,0,0,0,0,0,0,0,0,0,0,0,0,0,0,0,0,0,0,0,0,0,0,0,0,0,0,0,0,0,0,0,0,0,0,0,0,0,0,0,0
1989,239,20,59,42.329,2,8,0,-1,0,0,1,1,25,0,0,0,1028,0,0,0,0,0,1,1,0,0,0,400.4311747,0,0,0,0,3,1,1,1,100,0,0,0,3,1,1,0.1,3000,0,0,0,0,0,0,0,0,0,0,0,0,0,0,0,0,0,0,0,0,0,0,0,0,0,0,0,0,0,0,0,0,0,0,0,0,0,0,0,0,0,0,0,0,0,0,0,0,0,0,0
1989,239,21,0,5.249,2,8,0,-1,1,0,1,1,25,0,0,0,1028,0,0,0,0,0,1,1,0,0,0,400.4694375,0,0,0,0,3,1,1,1,100,0,0,0,3,1,1,0.1,3000,0,0,0,0,0,0,0,0,0,0,0,0,0,0,0,0,0,0,0,0,0,0,0,0,0,0,0,0,0,0,0,0,0,0,0,0,0,0,0,0,0,0,0,0,0,0,0,0,0,0,0
1989,239,21,1,18.329,2,8,0,-1,0,0,1,1,25,0,0,0,1028,0,0,0,0,0,1,1,0,0,0,400.5914377,0,0,0,0,3,1,1,1,100,0,0,0,3,1,1,0.1,3000,0,0,0,0,0,0,0,0,0,0,0,0,0,0,0,0,0,0,0,0,0,0,0,0,0,0,0,0,0,0,0,0,0,0,0,0,0,0,0,0,0,0,0,0,0,0,0,0,0,0,0
1989,239,21,1,41.248,2,8,0,-1,1,0,1,1,25,0,0,0,1028,0,0,0,0,0,1,1,0,0,0,400.6296987,0,0,0,0,3,1,1,1,100,0,0,0,3,1,1,0.1,3000,0,0,0,0,0,0,0,0,0,0,0,0,0,0,0,0,0,0,0,0,0,0,0,0,0,0,0,0,0,0,0,0,0,0,0,0,0,0,0,0,0,0,0,0,0,0,0,0,0,0,0
1989,239,21,2,54.328,2,8,0,-1,0,0,1,1,25,0,0,0,1028,0,0,0,0,0,1,1,0,0,0,400.7516994,0,0,0,0,3,1,1,1,100,0,0,0,3,1,1,0.1,3000,0,0,0,0,0,0,0,0,0,0,0,0,0,0,0,0,0,0,0,0,0,0,0,0,0,0,0,0,0,0,0,0,0,0,0,0,0,0,0,0,0,0,0,0,0,0,0,0,0,0,0
1989,239,21,3,17.248,2,8,0,-1,1,0,1,1,25,0,0,0,1028,0,0,0,0,0,1,1,0,0,0,400.7899613,0,0,0,0,3,1,1,1,100,0,0,0,3,1,1,0.1,3000,0,0,0,0,0,0,0,0,0,0,0,0,0,0,0,0,0,0,0,0,0,0,0,0,0,0,0,0,0,0,0,0,0,0,0,0,0,0,0,0,0,0,0,0,0,0,0,0,0,0,0
