YEAR,DOY,HOUR,MINUTE,SECOND,SPACECRAFT,PLANET_NUMBER,RESPONSE,L_OR_M_MODE,SHORT_OR_LONG,THRESHOLD_CURRENT,SAVE_PLOT,FIT,ITERATIONS,CHANNELS_CUPA,CHANNELS_CUPB,CHANNELS_CUPC,CHANNELS_CUPD,TOTAL_NUMBER_OF_FITTED_CHANNELS,CHI_SQUARE,VARY_V1,VARY_V2,VARY_V3,VARY_DENSITY,VARY_TEMPERATURE,VARY_KAPPA,ANALYTICAL_VPHI,V1,V2,V3,COMMON_TEMPERATURE,COMMON_KAPPA,DELAMERE_COMPOSITION,SPECIES_1,SPECIES_1_A,SPECIES_1_Z,SPECIES_1_N,SPECIES_1_T,SPECIES_1_KAPPA,SPECIES_1_N_UNCERT,SPECIES_1_T_UNCERT,SPECIES_2,SPECIES_2_A,SPECIES_2_Z,SPECIES_2_N,SPECIES_2_T,SPECIES_2_KAPPA,SPECIES_2_N_UNCERT,SPECIES_2_T_UNCERT,SPECIES_3,SPECIES_3_A,SPECIES_3_Z,SPECIES_3_N,SPECIES_3_T,SPECIES_3_KAPPA,SPECIES_3_N_UNCERT,SPECIES_3_T_UNCERT,SPECIES_4,SPECIES_4_A,SPECIES_4_Z,SPECIES_4_N,SPECIES_4_T,SPECIES_4_KAPPA,SPECIES_4_N_UNCERT,SPECIES_4_T_UNCERT,SPECIES_5,SPECIES_5_A,SPECIES_5_Z,SPECIES_5_N,SPECIES_5_T,SPECIES_5_KAPPA,SPECIES_5_N_UNCERT,SPECIES_5_T_UNCERT,SPECIES_6,SPECIES_6_A,SPECIES_6_Z,SPECIES_6_N,SPECIES_6_T,SPECIES_6_KAPPA,SPECIES_6_N_UNCERT,SPECIES_6_T_UNCERT,SPECIES_7,SPECIES_7_A,SPECIES_7_Z,SPECIES_7_N,SPECIES_7_T,SPECIES_7_KAPPA,SPECIES_7_N_UNCERT,SPECIES_7_T_UNCERT,SPECIES_8,SPECIES_8_A,SPECIES_8_Z,SPECIES_8_N,SPECIES_8_T,SPECIES_8_KAPPA,SPECIES_8_N_UNCERT,SPECIES_8_T_UNCERT
1989,236,14,36,5.613,2,8,0,-1,1,0,1,1,25,0,0,0,1028,0,0,0,0,0,1,1,0,0,0,84.45058247,0,0,0,0,3,1,1,1,100,0,0,0,3,1,1,0.1,3000,0,0,0,0,0,0,0,0,0,0,0,0,0,0,0,0,0,0,0,0,0,0,0,0,0,0,0,0,0,0,0,0,0,0,0,0,0,0,0,0,0,0,0,0,0,0,0,0,0,0,0
1989,236,14,37,18.693,2,8,0,-1,0,0,1,1,25,0,0,0,1028,0,0,0,0,0,1,1,0,0,0,84.33120591,0,0,0,0,3,1,1,1,100,0,0,0,3,1,1,0.1,3000,0,0,0,0,0,0,0,0,0,0,0,0,0,0,0,0,0,0,0,0,0,0,0,0,0,0,0,0,0,0,0,0,0,0,0,0,0,0,0,0,0,0,0,0,0,0,0,0,0,0,0
1989,236,14,37,41.613,2,8,0,-1,1,0,1,1,25,0,0,0,1028,0,0,0,0,0,1,1,0,0,0,84.293765,0,0,0,0,3,1,1,1,100,0,0,0,3,1,1,0.1,3000,0,0,0,0,0,0,0,0,0,0,0,0,0,0,0,0,0,0,0,0,0,0,0,0,0,0,0,0,0,0,0,0,0,0,0,0,0,0,0,0,0,0,0,0,0,0,0,0,0,0,0
1989,236,14,38,54.693,2,8,0,-1,0,0,1,1,25,0,0,0,1028,0,0,0,0,0,1,1,0,0,0,84.17438223,0,0,0,0,3,1,1,1,100,0,0,0,3,1,1,0.1,3000,0,0,0,0,0,0,0,0,0,0,0,0,0,0,0,0,0,0,0,0,0,0,0,0,0,0,0,0,0,0,0,0,0,0,0,0,0,0,0,0,0,0,0,0,0,0,0,0,0,0,0
1989,236,14,39,17.613,2,8,0,-1,1,0,1,1,25,0,0,0,1028,0,0,0,0,0,1,1,0,0,0,84.13693937,0,0,0,0,3,1,1,1,100,0,0,0,3,1,1,0.1,3000,0,0,0,0,0,0,0,0,0,0,0,0,0,0,0,0,0,0,0,0,0,0,0,0,0,0,0,0,0,0,0,0,0,0,0,0,0,0,0,0,0,0,0,0,0,0,0,0,0,0,0
1989,236,14,42,54.693,2,8,0,-1,0,0,1,1,25,0,0,0,1028,0,0,0,0,0,1,1,0,0,0,83.78228714,0,0,0,0,3,1,1,1,100,0,0,0,3,1,1,0.1,3000,0,0,0,0,0,0,0,0,0,0,0,0,0,0,0,0,0,0,0,0,0,0,0,0,0,0,0,0,0,0,0,0,0,0,0,0,0,0,0,0,0,0,0,0,0,0,0,0,0,0,0
1989,236,14,43,17.613,2,8,0,-1,1,0,1,1,25,0,0,0,1028,0,0,0,0,0,1,1,0,0,0,83.74483936,0,0,0,0,3,1,1,1,100,0,0,0,3,1,1,0.1,3000,0,0,0,0,0,0,0,0,0,0,0,0,0,0,0,0,0,0,0,0,0,0,0,0,0,0,0,0,0,0,0,0,0,0,0,0,0,0,0,0,0,0,0,0,0,0,0,0,0,0,0
1989,236,14,44,30.693,2,8,0,-1,0,0,1,1,25,0,0,0,1028,0,0,0,0,0,1,1,0,0,0,83.62543467,0,0,0,0,3,1,1,1,100,0,0,0,3,1,1,0.1,3000,0,0,0,0,0,0,0,0,0,0,0,0,0,0,0,0,0,0,0,0,0,0,0,0,0,0,0,0,0,0,0,0,0,0,0,0,0,0,0,0,0,0,0,0,0,0,0,0,0,0,0
1989,236,14,44,53.613,2,8,0,-1,1,0,1,1,25,0,0,0,1028,0,0,0,0,0,1,1,0,0,0,83.58798491,0,0,0,0,3,1,1,1,100,0,0,0,3,1,1,0.1,3000,0,0,0,0,0,0,0,0,0,0,0,0,0,0,0,0,0,0,0,0,0,0,0,0,0,0,0,0,0,0,0,0,0,0,0,0,0,0,0,0,0,0,0,0,0,0,0,0,0,0,0
1989,236,14,46,6.692,2,8,0,-1,0,0,1,1,25,0,0,0,1028,0,0,0,0,0,1,1,0,0,0,83.46857471,0,0,0,0,3,1,1,1,100,0,0,0,3,1,1,0.1,3000,0,0,0,0,0,0,0,0,0,0,0,0,0,0,0,0,0,0,0,0,0,0,0,0,0,0,0,0,0,0,0,0,0,0,0,0,0,0,0,0,0,0,0,0,0,0,0,0,0,0,0
1989,236,14,46,29.613,2,8,0,-1,1,0,1,1,25,0,0,0,1028,0,0,0,0,0,1,1,0,0,0,83.43112297,0,0,0,0,3,1,1,1,100,0,0,0,3,1,1,0.1,3000,0,0,0,0,0,0,0,0,0,0,0,0,0,0,0,0,0,0,0,0,0,0,0,0,0,0,0,0,0,0,0,0,0,0,0,0,0,0,0,0,0,0,0,0,0,0,0,0,0,0,0
1989,236,14,47,42.692,2,8,0,-1,0,0,1,1,25,0,0,0,1028,0,0,0,0,0,1,1,0,0,0,83.31170642,0,0,0,0,3,1,1,1,100,0,0,0,3,1,1,0.1,3000,0,0,0,0,0,0,0,0,0,0,0,0,0,0,0,0,0,0,0,0,0,0,0,0,0,0,0,0,0,0,0,0,0,0,0,0,0,0,0,0,0,0,0,0,0,0,0,0,0,0,0
1989,236,14,48,5.612,2,8,0,-1,1,0,1,1,25,0,0,0,1028,0,0,0,0,0,1,1,0,0,0,83.27425268,0,0,0,0,3,1,1,1,100,0,0,0,3,1,1,0.1,3000,0,0,0,0,0,0,0,0,0,0,0,0,0,0,0,0,0,0,0,0,0,0,0,0,0,0,0,0,0,0,0,0,0,0,0,0,0,0,0,0,0,0,0,0,0,0,0,0,0,0,0
1989,236,14,49,18.692,2,8,0,-1,0,0,1,1,25,0,0,0,1028,0,0,0,0,0,1,1,0,0,0,83.15482895,0,0,0,0,3,1,1,1,100,0,0,0,3,1,1,0.1,3000,0,0,0,0,0,0,0,0,0,0,0,0,0,0,0,0,0,0,0,0,0,0,0,0,0,0,0,0,0,0,0,0,0,0,0,0,0,0,0,0,0,0,0,0,0,0,0,0,0,0,0
1989,236,14,49,41.611,2,8,0,-1,1,0,1,1,25,0,0,0,1028,0,0,0,0,0,1,1,0,0,0,83.11737484,0,0,0,0,3,1,1,1,100,0,0,0,3,1,1,0.1,3000,0,0,0,0,0,0,0,0,0,0,0,0,0,0,0,0,0,0,0,0,0,0,0,0,0,0,0,0,0,0,0,0,0,0,0,0,0,0,0,0,0,0,0,0,0,0,0,0,0,0,0
1989,236,14,50,54.692,2,8,0,-1,0,0,1,1,25,0,0,0,1028,0,0,0,0,0,1,1,0,0,0,82.99794308,0,0,0,0,3,1,1,1,100,0,0,0,3,1,1,0.1,3000,0,0,0,0,0,0,0,0,0,0,0,0,0,0,0,0,0,0,0,0,0,0,0,0,0,0,0,0,0,0,0,0,0,0,0,0,0,0,0,0,0,0,0,0,0,0,0,0,0,0,0
1989,236,14,51,17.612,2,8,0,-1,1,0,1,1,25,0,0,0,1028,0,0,0,0,0,1,1,0,0,0,82.96048533,0,0,0,0,3,1,1,1,100,0,0,0,3,1,1,0.1,3000,0,0,0,0,0,0,0,0,0,0,0,0,0,0,0,0,0,0,0,0,0,0,0,0,0,0,0,0,0,0,0,0,0,0,0,0,0,0,0,0,0,0,0,0,0,0,0,0,0,0,0
1989,236,14,54,54.692,2,8,0,-1,0,0,1,1,25,0,0,0,1028,0,0,0,0,0,1,1,0,0,0,82.60569145,0,0,0,0,3,1,1,1,100,0,0,0,3,1,1,0.1,3000,0,0,0,0,0,0,0,0,0,0,0,0,0,0,0,0,0,0,0,0,0,0,0,0,0,0,0,0,0,0,0,0,0,0,0,0,0,0,0,0,0,0,0,0,0,0,0,0,0,0,0
1989,236,14,55,17.612,2,8,0,-1,1,0,1,1,25,0,0,0,1028,0,0,0,0,0,1,1,0,0,0,82.56822865,0,0,0,0,3,1,1,1,100,0,0,0,3,1,1,0.1,3000,0,0,0,0,0,0,0,0,0,0,0,0,0,0,0,0,0,0,0,0,0,0,0,0,0,0,0,0,0,0,0,0,0,0,0,0,0,0,0,0,0,0,0,0,0,0,0,0,0,0,0
1989,236,14,58,6.692,2,8,0,-1,0,0,1,1,25,0,0,0,1028,0,0,0,0,0,1,1,0,0,0,82.29185187,0,0,0,0,3,1,1,1,100,0,0,0,3,1,1,0.1,3000,0,0,0,0,0,0,0,0,0,0,0,0,0,0,0,0,0,0,0,0,0,0,0,0,0,0,0,0,0,0,0,0,0,0,0,0,0,0,0,0,0,0,0,0,0,0,0,0,0,0,0
1989,236,14,58,29.611,2,8,0,-1,1,0,1,1,25,0,0,0,1028,0,0,0,0,0,1,1,0,0,0,82.25438662,0,0,0,0,3,1,1,1,100,0,0,0,3,1,1,0.1,3000,0,0,0,0,0,0,0,0,0,0,0,0,0,0,0,0,0,0,0,0,0,0,0,0,0,0,0,0,0,0,0,0,0,0,0,0,0,0,0,0,0,0,0,0,0,0,0,0,0,0,0
1989,236,15,1,18.691,2,8,0,-1,0,0,1,1,25,0,0,0,1028,0,0,0,0,0,1,1,0,0,0,81.9779796,0,0,0,0,3,1,1,1,100,0,0,0,3,1,1,0.1,3000,0,0,0,0,0,0,0,0,0,0,0,0,0,0,0,0,0,0,0,0,0,0,0,0,0,0,0,0,0,0,0,0,0,0,0,0,0,0,0,0,0,0,0,0,0,0,0,0,0,0,0
1989,236,15,1,41.61,2,8,0,-1,1,0,1,1,25,0,0,0,1028,0,0,0,0,0,1,1,0,0,0,81.94051023,0,0,0,0,3,1,1,1,100,0,0,0,3,1,1,0.1,3000,0,0,0,0,0,0,0,0,0,0,0,0,0,0,0,0,0,0,0,0,0,0,0,0,0,0,0,0,0,0,0,0,0,0,0,0,0,0,0,0,0,0,0,0,0,0,0,0,0,0,0
1989,236,15,2,54.691,2,8,0,-1,0,0,1,1,25,0,0,0,1028,0,0,0,0,0,1,1,0,0,0,81.82102969,0,0,0,0,3,1,1,1,100,0,0,0,3,1,1,0.1,3000,0,0,0,0,0,0,0,0,0,0,0,0,0,0,0,0,0,0,0,0,0,0,0,0,0,0,0,0,0,0,0,0,0,0,0,0,0,0,0,0,0,0,0,0,0,0,0,0,0,0,0
1989,236,15,3,17.61,2,8,0,-1,1,0,1,1,25,0,0,0,1028,0,0,0,0,0,1,1,0,0,0,81.78355744,0,0,0,0,3,1,1,1,100,0,0,0,3,1,1,0.1,3000,0,0,0,0,0,0,0,0,0,0,0,0,0,0,0,0,0,0,0,0,0,0,0,0,0,0,0,0,0,0,0,0,0,0,0,0,0,0,0,0,0,0,0,0,0,0,0,0,0,0,0
1989,236,15,6,54.691,2,8,0,-1,0,0,1,1,25,0,0,0,1028,0,0,0,0,0,1,1,0,0,0,81.42861686,0,0,0,0,3,1,1,1,100,0,0,0,3,1,1,0.1,3000,0,0,0,0,0,0,0,0,0,0,0,0,0,0,0,0,0,0,0,0,0,0,0,0,0,0,0,0,0,0,0,0,0,0,0,0,0,0,0,0,0,0,0,0,0,0,0,0,0,0,0
1989,236,15,7,17.61,2,8,0,-1,1,0,1,1,25,0,0,0,1028,0,0,0,0,0,1,1,0,0,0,81.39113939,0,0,0,0,3,1,1,1,100,0,0,0,3,1,1,0.1,3000,0,0,0,0,0,0,0,0,0,0,0,0,0,0,0,0,0,0,0,0,0,0,0,0,0,0,0,0,0,0,0,0,0,0,0,0,0,0,0,0,0,0,0,0,0,0,0,0,0,0,0
1989,236,15,8,30.691,2,8,0,-1,0,0,1,1,25,0,0,0,1028,0,0,0,0,0,1,1,0,0,0,81.27163641,0,0,0,0,3,1,1,1,100,0,0,0,3,1,1,0.1,3000,0,0,0,0,0,0,0,0,0,0,0,0,0,0,0,0,0,0,0,0,0,0,0,0,0,0,0,0,0,0,0,0,0,0,0,0,0,0,0,0,0,0,0,0,0,0,0,0,0,0,0
1989,236,15,8,53.61,2,8,0,-1,1,0,1,1,25,0,0,0,1028,0,0,0,0,0,1,1,0,0,0,81.23415684,0,0,0,0,3,1,1,1,100,0,0,0,3,1,1,0.1,3000,0,0,0,0,0,0,0,0,0,0,0,0,0,0,0,0,0,0,0,0,0,0,0,0,0,0,0,0,0,0,0,0,0,0,0,0,0,0,0,0,0,0,0,0,0,0,0,0,0,0,0
1989,236,15,10,6.69,2,8,0,-1,0,0,1,1,25,0,0,0,1028,0,0,0,0,0,1,1,0,0,0,81.11464797,0,0,0,0,3,1,1,1,100,0,0,0,3,1,1,0.1,3000,0,0,0,0,0,0,0,0,0,0,0,0,0,0,0,0,0,0,0,0,0,0,0,0,0,0,0,0,0,0,0,0,0,0,0,0,0,0,0,0,0,0,0,0,0,0,0,0,0,0,0
1989,236,15,10,29.61,2,8,0,-1,1,0,1,1,25,0,0,0,1028,0,0,0,0,0,1,1,0,0,0,81.0771663,0,0,0,0,3,1,1,1,100,0,0,0,3,1,1,0.1,3000,0,0,0,0,0,0,0,0,0,0,0,0,0,0,0,0,0,0,0,0,0,0,0,0,0,0,0,0,0,0,0,0,0,0,0,0,0,0,0,0,0,0,0,0,0,0,0,0,0,0,0
1989,236,15,11,42.69,2,8,0,-1,0,0,1,1,25,0,0,0,1028,0,0,0,0,0,1,1,0,0,0,80.95764987,0,0,0,0,3,1,1,1,100,0,0,0,3,1,1,0.1,3000,0,0,0,0,0,0,0,0,0,0,0,0,0,0,0,0,0,0,0,0,0,0,0,0,0,0,0,0,0,0,0,0,0,0,0,0,0,0,0,0,0,0,0,0,0,0,0,0,0,0,0
1989,236,15,12,5.61,2,8,0,-1,1,0,1,1,25,0,0,0,1028,0,0,0,0,0,1,1,0,0,0,80.92016527,0,0,0,0,3,1,1,1,100,0,0,0,3,1,1,0.1,3000,0,0,0,0,0,0,0,0,0,0,0,0,0,0,0,0,0,0,0,0,0,0,0,0,0,0,0,0,0,0,0,0,0,0,0,0,0,0,0,0,0,0,0,0,0,0,0,0,0,0,0
1989,236,15,13,18.69,2,8,0,-1,0,0,1,1,25,0,0,0,1028,0,0,0,0,0,1,1,0,0,0,80.80064372,0,0,0,0,3,1,1,1,100,0,0,0,3,1,1,0.1,3000,0,0,0,0,0,0,0,0,0,0,0,0,0,0,0,0,0,0,0,0,0,0,0,0,0,0,0,0,0,0,0,0,0,0,0,0,0,0,0,0,0,0,0,0,0,0,0,0,0,0,0
1989,236,15,13,41.609,2,8,0,-1,1,0,1,1,25,0,0,0,1028,0,0,0,0,0,1,1,0,0,0,80.76315862,0,0,0,0,3,1,1,1,100,0,0,0,3,1,1,0.1,3000,0,0,0,0,0,0,0,0,0,0,0,0,0,0,0,0,0,0,0,0,0,0,0,0,0,0,0,0,0,0,0,0,0,0,0,0,0,0,0,0,0,0,0,0,0,0,0,0,0,0,0
1989,236,15,14,54.69,2,8,0,-1,0,0,1,1,25,0,0,0,1028,0,0,0,0,0,1,1,0,0,0,80.64362784,0,0,0,0,3,1,1,1,100,0,0,0,3,1,1,0.1,3000,0,0,0,0,0,0,0,0,0,0,0,0,0,0,0,0,0,0,0,0,0,0,0,0,0,0,0,0,0,0,0,0,0,0,0,0,0,0,0,0,0,0,0,0,0,0,0,0,0,0,0
1989,236,15,15,17.609,2,8,0,-1,1,0,1,1,25,0,0,0,1028,0,0,0,0,0,1,1,0,0,0,80.60613979,0,0,0,0,3,1,1,1,100,0,0,0,3,1,1,0.1,3000,0,0,0,0,0,0,0,0,0,0,0,0,0,0,0,0,0,0,0,0,0,0,0,0,0,0,0,0,0,0,0,0,0,0,0,0,0,0,0,0,0,0,0,0,0,0,0,0,0,0,0
1989,236,15,18,54.69,2,8,0,-1,0,0,1,1,25,0,0,0,1028,0,0,0,0,0,1,1,0,0,0,80.2510489,0,0,0,0,3,1,1,1,100,0,0,0,3,1,1,0.1,3000,0,0,0,0,0,0,0,0,0,0,0,0,0,0,0,0,0,0,0,0,0,0,0,0,0,0,0,0,0,0,0,0,0,0,0,0,0,0,0,0,0,0,0,0,0,0,0,0,0,0,0
1989,236,15,19,17.609,2,8,0,-1,1,0,1,1,25,0,0,0,1028,0,0,0,0,0,1,1,0,0,0,80.21355548,0,0,0,0,3,1,1,1,100,0,0,0,3,1,1,0.1,3000,0,0,0,0,0,0,0,0,0,0,0,0,0,0,0,0,0,0,0,0,0,0,0,0,0,0,0,0,0,0,0,0,0,0,0,0,0,0,0,0,0,0,0,0,0,0,0,0,0,0,0
1989,236,15,20,30.69,2,8,0,-1,0,0,1,1,25,0,0,0,1028,0,0,0,0,0,1,1,0,0,0,80.09400154,0,0,0,0,3,1,1,1,100,0,0,0,3,1,1,0.1,3000,0,0,0,0,0,0,0,0,0,0,0,0,0,0,0,0,0,0,0,0,0,0,0,0,0,0,0,0,0,0,0,0,0,0,0,0,0,0,0,0,0,0,0,0,0,0,0,0,0,0,0
1989,236,15,20,53.609,2,8,0,-1,1,0,1,1,25,0,0,0,1028,0,0,0,0,0,1,1,0,0,0,80.05650596,0,0,0,0,3,1,1,1,100,0,0,0,3,1,1,0.1,3000,0,0,0,0,0,0,0,0,0,0,0,0,0,0,0,0,0,0,0,0,0,0,0,0,0,0,0,0,0,0,0,0,0,0,0,0,0,0,0,0,0,0,0,0,0,0,0,0,0,0,0
1989,236,15,22,6.69,2,8,0,-1,0,0,1,1,25,0,0,0,1028,0,0,0,0,0,1,1,0,0,0,79.9369451,0,0,0,0,3,1,1,1,100,0,0,0,3,1,1,0.1,3000,0,0,0,0,0,0,0,0,0,0,0,0,0,0,0,0,0,0,0,0,0,0,0,0,0,0,0,0,0,0,0,0,0,0,0,0,0,0,0,0,0,0,0,0,0,0,0,0,0,0,0
1989,236,15,22,29.609,2,8,0,-1,1,0,1,1,25,0,0,0,1028,0,0,0,0,0,1,1,0,0,0,79.89944816,0,0,0,0,3,1,1,1,100,0,0,0,3,1,1,0.1,3000,0,0,0,0,0,0,0,0,0,0,0,0,0,0,0,0,0,0,0,0,0,0,0,0,0,0,0,0,0,0,0,0,0,0,0,0,0,0,0,0,0,0,0,0,0,0,0,0,0,0,0
1989,236,15,23,42.69,2,8,0,-1,0,0,1,1,25,0,0,0,1028,0,0,0,0,0,1,1,0,0,0,79.77987955,0,0,0,0,3,1,1,1,100,0,0,0,3,1,1,0.1,3000,0,0,0,0,0,0,0,0,0,0,0,0,0,0,0,0,0,0,0,0,0,0,0,0,0,0,0,0,0,0,0,0,0,0,0,0,0,0,0,0,0,0,0,0,0,0,0,0,0,0,0
1989,236,15,24,5.61,2,8,0,-1,1,0,1,1,25,0,0,0,1028,0,0,0,0,0,1,1,0,0,0,79.7423788,0,0,0,0,3,1,1,1,100,0,0,0,3,1,1,0.1,3000,0,0,0,0,0,0,0,0,0,0,0,0,0,0,0,0,0,0,0,0,0,0,0,0,0,0,0,0,0,0,0,0,0,0,0,0,0,0,0,0,0,0,0,0,0,0,0,0,0,0,0
1989,236,15,25,18.689,2,8,0,-1,0,0,1,1,25,0,0,0,1028,0,0,0,0,0,1,1,0,0,0,79.62280567,0,0,0,0,3,1,1,1,100,0,0,0,3,1,1,0.1,3000,0,0,0,0,0,0,0,0,0,0,0,0,0,0,0,0,0,0,0,0,0,0,0,0,0,0,0,0,0,0,0,0,0,0,0,0,0,0,0,0,0,0,0,0,0,0,0,0,0,0,0
1989,236,15,25,41.609,2,8,0,-1,1,0,1,1,25,0,0,0,1028,0,0,0,0,0,1,1,0,0,0,79.58530436,0,0,0,0,3,1,1,1,100,0,0,0,3,1,1,0.1,3000,0,0,0,0,0,0,0,0,0,0,0,0,0,0,0,0,0,0,0,0,0,0,0,0,0,0,0,0,0,0,0,0,0,0,0,0,0,0,0,0,0,0,0,0,0,0,0,0,0,0,0
1989,236,15,26,54.689,2,8,0,-1,0,0,1,1,25,0,0,0,1028,0,0,0,0,0,1,1,0,0,0,79.4657226,0,0,0,0,3,1,1,1,100,0,0,0,3,1,1,0.1,3000,0,0,0,0,0,0,0,0,0,0,0,0,0,0,0,0,0,0,0,0,0,0,0,0,0,0,0,0,0,0,0,0,0,0,0,0,0,0,0,0,0,0,0,0,0,0,0,0,0,0,0
1989,236,15,27,17.609,2,8,0,-1,1,0,1,1,25,0,0,0,1028,0,0,0,0,0,1,1,0,0,0,79.42821827,0,0,0,0,3,1,1,1,100,0,0,0,3,1,1,0.1,3000,0,0,0,0,0,0,0,0,0,0,0,0,0,0,0,0,0,0,0,0,0,0,0,0,0,0,0,0,0,0,0,0,0,0,0,0,0,0,0,0,0,0,0,0,0,0,0,0,0,0,0
1989,236,15,30,54.689,2,8,0,-1,0,0,1,1,25,0,0,0,1028,0,0,0,0,0,1,1,0,0,0,79.07297243,0,0,0,0,3,1,1,1,100,0,0,0,3,1,1,0.1,3000,0,0,0,0,0,0,0,0,0,0,0,0,0,0,0,0,0,0,0,0,0,0,0,0,0,0,0,0,0,0,0,0,0,0,0,0,0,0,0,0,0,0,0,0,0,0,0,0,0,0,0
1989,236,15,31,17.609,2,8,0,-1,1,0,1,1,25,0,0,0,1028,0,0,0,0,0,1,1,0,0,0,79.03546257,0,0,0,0,3,1,1,1,100,0,0,0,3,1,1,0.1,3000,0,0,0,0,0,0,0,0,0,0,0,0,0,0,0,0,0,0,0,0,0,0,0,0,0,0,0,0,0,0,0,0,0,0,0,0,0,0,0,0,0,0,0,0,0,0,0,0,0,0,0
1989,236,15,32,30.689,2,8,0,-1,0,0,1,1,25,0,0,0,1028,0,0,0,0,0,1,1,0,0,0,78.91585609,0,0,0,0,3,1,1,1,100,0,0,0,3,1,1,0.1,3000,0,0,0,0,0,0,0,0,0,0,0,0,0,0,0,0,0,0,0,0,0,0,0,0,0,0,0,0,0,0,0,0,0,0,0,0,0,0,0,0,0,0,0,0,0,0,0,0,0,0,0
1989,236,15,32,53.609,2,8,0,-1,1,0,1,1,25,0,0,0,1028,0,0,0,0,0,1,1,0,0,0,78.878344,0,0,0,0,3,1,1,1,100,0,0,0,3,1,1,0.1,3000,0,0,0,0,0,0,0,0,0,0,0,0,0,0,0,0,0,0,0,0,0,0,0,0,0,0,0,0,0,0,0,0,0,0,0,0,0,0,0,0,0,0,0,0,0,0,0,0,0,0,0
1989,236,15,34,6.689,2,8,0,-1,0,0,1,1,25,0,0,0,1028,0,0,0,0,0,1,1,0,0,0,78.75873039,0,0,0,0,3,1,1,1,100,0,0,0,3,1,1,0.1,3000,0,0,0,0,0,0,0,0,0,0,0,0,0,0,0,0,0,0,0,0,0,0,0,0,0,0,0,0,0,0,0,0,0,0,0,0,0,0,0,0,0,0,0,0,0,0,0,0,0,0,0
1989,236,15,34,29.608,2,8,0,-1,1,0,1,1,25,0,0,0,1028,0,0,0,0,0,1,1,0,0,0,78.72121687,0,0,0,0,3,1,1,1,100,0,0,0,3,1,1,0.1,3000,0,0,0,0,0,0,0,0,0,0,0,0,0,0,0,0,0,0,0,0,0,0,0,0,0,0,0,0,0,0,0,0,0,0,0,0,0,0,0,0,0,0,0,0,0,0,0,0,0,0,0
1989,236,15,35,42.689,2,8,0,-1,0,0,1,1,25,0,0,0,1028,0,0,0,0,0,1,1,0,0,0,78.60159529,0,0,0,0,3,1,1,1,100,0,0,0,3,1,1,0.1,3000,0,0,0,0,0,0,0,0,0,0,0,0,0,0,0,0,0,0,0,0,0,0,0,0,0,0,0,0,0,0,0,0,0,0,0,0,0,0,0,0,0,0,0,0,0,0,0,0,0,0,0
1989,236,15,36,5.609,2,8,0,-1,1,0,1,1,25,0,0,0,1028,0,0,0,0,0,1,1,0,0,0,78.56407789,0,0,0,0,3,1,1,1,100,0,0,0,3,1,1,0.1,3000,0,0,0,0,0,0,0,0,0,0,0,0,0,0,0,0,0,0,0,0,0,0,0,0,0,0,0,0,0,0,0,0,0,0,0,0,0,0,0,0,0,0,0,0,0,0,0,0,0,0,0
1989,236,15,37,18.689,2,8,0,-1,0,0,1,1,25,0,0,0,1028,0,0,0,0,0,1,1,0,0,0,78.44445075,0,0,0,0,3,1,1,1,100,0,0,0,3,1,1,0.1,3000,0,0,0,0,0,0,0,0,0,0,0,0,0,0,0,0,0,0,0,0,0,0,0,0,0,0,0,0,0,0,0,0,0,0,0,0,0,0,0,0,0,0,0,0,0,0,0,0,0,0,0
1989,236,15,37,41.608,2,8,0,-1,1,0,1,1,25,0,0,0,1028,0,0,0,0,0,1,1,0,0,0,78.40693273,0,0,0,0,3,1,1,1,100,0,0,0,3,1,1,0.1,3000,0,0,0,0,0,0,0,0,0,0,0,0,0,0,0,0,0,0,0,0,0,0,0,0,0,0,0,0,0,0,0,0,0,0,0,0,0,0,0,0,0,0,0,0,0,0,0,0,0,0,0
1989,236,15,38,54.688,2,8,0,-1,0,0,1,1,25,0,0,0,1028,0,0,0,0,0,1,1,0,0,0,78.28729837,0,0,0,0,3,1,1,1,100,0,0,0,3,1,1,0.1,3000,0,0,0,0,0,0,0,0,0,0,0,0,0,0,0,0,0,0,0,0,0,0,0,0,0,0,0,0,0,0,0,0,0,0,0,0,0,0,0,0,0,0,0,0,0,0,0,0,0,0,0
1989,236,15,39,17.608,2,8,0,-1,1,0,1,1,25,0,0,0,1028,0,0,0,0,0,1,1,0,0,0,78.24977645,0,0,0,0,3,1,1,1,100,0,0,0,3,1,1,0.1,3000,0,0,0,0,0,0,0,0,0,0,0,0,0,0,0,0,0,0,0,0,0,0,0,0,0,0,0,0,0,0,0,0,0,0,0,0,0,0,0,0,0,0,0,0,0,0,0,0,0,0,0
1989,236,15,42,54.688,2,8,0,-1,0,0,1,1,25,0,0,0,1028,0,0,0,0,0,1,1,0,0,0,77.89437162,0,0,0,0,3,1,1,1,100,0,0,0,3,1,1,0.1,3000,0,0,0,0,0,0,0,0,0,0,0,0,0,0,0,0,0,0,0,0,0,0,0,0,0,0,0,0,0,0,0,0,0,0,0,0,0,0,0,0,0,0,0,0,0,0,0,0,0,0,0
1989,236,15,43,17.608,2,8,0,-1,1,0,1,1,25,0,0,0,1028,0,0,0,0,0,1,1,0,0,0,77.85684398,0,0,0,0,3,1,1,1,100,0,0,0,3,1,1,0.1,3000,0,0,0,0,0,0,0,0,0,0,0,0,0,0,0,0,0,0,0,0,0,0,0,0,0,0,0,0,0,0,0,0,0,0,0,0,0,0,0,0,0,0,0,0,0,0,0,0,0,0,0
1989,236,15,47,42.688,2,8,0,-1,0,0,1,1,25,0,0,0,1028,0,0,0,0,0,1,1,0,0,0,77.42278095,0,0,0,0,3,1,1,1,100,0,0,0,3,1,1,0.1,3000,0,0,0,0,0,0,0,0,0,0,0,0,0,0,0,0,0,0,0,0,0,0,0,0,0,0,0,0,0,0,0,0,0,0,0,0,0,0,0,0,0,0,0,0,0,0,0,0,0,0,0
1989,236,15,48,5.608,2,8,0,-1,1,0,1,1,25,0,0,0,1028,0,0,0,0,0,1,1,0,0,0,77.38524556,0,0,0,0,3,1,1,1,100,0,0,0,3,1,1,0.1,3000,0,0,0,0,0,0,0,0,0,0,0,0,0,0,0,0,0,0,0,0,0,0,0,0,0,0,0,0,0,0,0,0,0,0,0,0,0,0,0,0,0,0,0,0,0,0,0,0,0,0,0
1989,236,15,49,18.688,2,8,0,-1,0,0,1,1,25,0,0,0,1028,0,0,0,0,0,1,1,0,0,0,77.26556355,0,0,0,0,3,1,1,1,100,0,0,0,3,1,1,0.1,3000,0,0,0,0,0,0,0,0,0,0,0,0,0,0,0,0,0,0,0,0,0,0,0,0,0,0,0,0,0,0,0,0,0,0,0,0,0,0,0,0,0,0,0,0,0,0,0,0,0,0,0
1989,236,15,49,41.607,2,8,0,-1,1,0,1,1,25,0,0,0,1028,0,0,0,0,0,1,1,0,0,0,77.22802828,0,0,0,0,3,1,1,1,100,0,0,0,3,1,1,0.1,3000,0,0,0,0,0,0,0,0,0,0,0,0,0,0,0,0,0,0,0,0,0,0,0,0,0,0,0,0,0,0,0,0,0,0,0,0,0,0,0,0,0,0,0,0,0,0,0,0,0,0,0
1989,236,15,50,54.688,2,8,0,-1,0,0,1,1,25,0,0,0,1028,0,0,0,0,0,1,1,0,0,0,77.108338,0,0,0,0,3,1,1,1,100,0,0,0,3,1,1,0.1,3000,0,0,0,0,0,0,0,0,0,0,0,0,0,0,0,0,0,0,0,0,0,0,0,0,0,0,0,0,0,0,0,0,0,0,0,0,0,0,0,0,0,0,0,0,0,0,0,0,0,0,0
1989,236,15,51,17.608,2,8,0,-1,1,0,1,1,25,0,0,0,1028,0,0,0,0,0,1,1,0,0,0,77.07079876,0,0,0,0,3,1,1,1,100,0,0,0,3,1,1,0.1,3000,0,0,0,0,0,0,0,0,0,0,0,0,0,0,0,0,0,0,0,0,0,0,0,0,0,0,0,0,0,0,0,0,0,0,0,0,0,0,0,0,0,0,0,0,0,0,0,0,0,0,0
1989,236,15,54,54.687,2,8,0,-1,0,0,1,1,25,0,0,0,1028,0,0,0,0,0,1,1,0,0,0,76.71522986,0,0,0,0,3,1,1,1,100,0,0,0,3,1,1,0.1,3000,0,0,0,0,0,0,0,0,0,0,0,0,0,0,0,0,0,0,0,0,0,0,0,0,0,0,0,0,0,0,0,0,0,0,0,0,0,0,0,0,0,0,0,0,0,0,0,0,0,0,0
1989,236,15,55,17.607,2,8,0,-1,1,0,1,1,25,0,0,0,1028,0,0,0,0,0,1,1,0,0,0,76.67768472,0,0,0,0,3,1,1,1,100,0,0,0,3,1,1,0.1,3000,0,0,0,0,0,0,0,0,0,0,0,0,0,0,0,0,0,0,0,0,0,0,0,0,0,0,0,0,0,0,0,0,0,0,0,0,0,0,0,0,0,0,0,0,0,0,0,0,0,0,0
1989,236,15,56,30.687,2,8,0,-1,0,0,1,1,25,0,0,0,1028,0,0,0,0,0,1,1,0,0,0,76.55796894,0,0,0,0,3,1,1,1,100,0,0,0,3,1,1,0.1,3000,0,0,0,0,0,0,0,0,0,0,0,0,0,0,0,0,0,0,0,0,0,0,0,0,0,0,0,0,0,0,0,0,0,0,0,0,0,0,0,0,0,0,0,0,0,0,0,0,0,0,0
1989,236,15,56,53.606,2,8,0,-1,1,0,1,1,25,0,0,0,1028,0,0,0,0,0,1,1,0,0,0,76.52042225,0,0,0,0,3,1,1,1,100,0,0,0,3,1,1,0.1,3000,0,0,0,0,0,0,0,0,0,0,0,0,0,0,0,0,0,0,0,0,0,0,0,0,0,0,0,0,0,0,0,0,0,0,0,0,0,0,0,0,0,0,0,0,0,0,0,0,0,0,0
1989,236,15,58,6.687,2,8,0,-1,0,0,1,1,25,0,0,0,1028,0,0,0,0,0,1,1,0,0,0,76.40069806,0,0,0,0,3,1,1,1,100,0,0,0,3,1,1,0.1,3000,0,0,0,0,0,0,0,0,0,0,0,0,0,0,0,0,0,0,0,0,0,0,0,0,0,0,0,0,0,0,0,0,0,0,0,0,0,0,0,0,0,0,0,0,0,0,0,0,0,0,0
1989,236,15,58,29.606,2,8,0,-1,1,0,1,1,25,0,0,0,1028,0,0,0,0,0,1,1,0,0,0,76.36314897,0,0,0,0,3,1,1,1,100,0,0,0,3,1,1,0.1,3000,0,0,0,0,0,0,0,0,0,0,0,0,0,0,0,0,0,0,0,0,0,0,0,0,0,0,0,0,0,0,0,0,0,0,0,0,0,0,0,0,0,0,0,0,0,0,0,0,0,0,0
1989,236,15,59,42.687,2,8,0,-1,0,0,1,1,25,0,0,0,1028,0,0,0,0,0,1,1,0,0,0,76.24341716,0,0,0,0,3,1,1,1,100,0,0,0,3,1,1,0.1,3000,0,0,0,0,0,0,0,0,0,0,0,0,0,0,0,0,0,0,0,0,0,0,0,0,0,0,0,0,0,0,0,0,0,0,0,0,0,0,0,0,0,0,0,0,0,0,0,0,0,0,0
1989,236,16,0,5.607,2,8,0,-1,1,0,1,1,25,0,0,0,1028,0,0,0,0,0,1,1,0,0,0,76.20586486,0,0,0,0,3,1,1,1,100,0,0,0,3,1,1,0.1,3000,0,0,0,0,0,0,0,0,0,0,0,0,0,0,0,0,0,0,0,0,0,0,0,0,0,0,0,0,0,0,0,0,0,0,0,0,0,0,0,0,0,0,0,0,0,0,0,0,0,0,0
1989,236,16,1,18.687,2,8,0,-1,0,0,1,1,25,0,0,0,1028,0,0,0,0,0,1,1,0,0,0,76.08612621,0,0,0,0,3,1,1,1,100,0,0,0,3,1,1,0.1,3000,0,0,0,0,0,0,0,0,0,0,0,0,0,0,0,0,0,0,0,0,0,0,0,0,0,0,0,0,0,0,0,0,0,0,0,0,0,0,0,0,0,0,0,0,0,0,0,0,0,0,0
1989,236,16,1,41.606,2,8,0,-1,1,0,1,1,25,0,0,0,1028,0,0,0,0,0,1,1,0,0,0,76.04857315,0,0,0,0,3,1,1,1,100,0,0,0,3,1,1,0.1,3000,0,0,0,0,0,0,0,0,0,0,0,0,0,0,0,0,0,0,0,0,0,0,0,0,0,0,0,0,0,0,0,0,0,0,0,0,0,0,0,0,0,0,0,0,0,0,0,0,0,0,0
1989,236,16,2,54.687,2,8,0,-1,0,0,1,1,25,0,0,0,1028,0,0,0,0,0,1,1,0,0,0,75.92882517,0,0,0,0,3,1,1,1,100,0,0,0,3,1,1,0.1,3000,0,0,0,0,0,0,0,0,0,0,0,0,0,0,0,0,0,0,0,0,0,0,0,0,0,0,0,0,0,0,0,0,0,0,0,0,0,0,0,0,0,0,0,0,0,0,0,0,0,0,0
1989,236,16,3,17.607,2,8,0,-1,1,0,1,1,25,0,0,0,1028,0,0,0,0,0,1,1,0,0,0,75.89126805,0,0,0,0,3,1,1,1,100,0,0,0,3,1,1,0.1,3000,0,0,0,0,0,0,0,0,0,0,0,0,0,0,0,0,0,0,0,0,0,0,0,0,0,0,0,0,0,0,0,0,0,0,0,0,0,0,0,0,0,0,0,0,0,0,0,0,0,0,0
1989,236,16,6,54.686,2,8,0,-1,0,0,1,1,25,0,0,0,1028,0,0,0,0,0,1,1,0,0,0,75.53552974,0,0,0,0,3,1,1,1,100,0,0,0,3,1,1,0.1,3000,0,0,0,0,0,0,0,0,0,0,0,0,0,0,0,0,0,0,0,0,0,0,0,0,0,0,0,0,0,0,0,0,0,0,0,0,0,0,0,0,0,0,0,0,0,0,0,0,0,0,0
1989,236,16,7,17.606,2,8,0,-1,1,0,1,1,25,0,0,0,1028,0,0,0,0,0,1,1,0,0,0,75.49796653,0,0,0,0,3,1,1,1,100,0,0,0,3,1,1,0.1,3000,0,0,0,0,0,0,0,0,0,0,0,0,0,0,0,0,0,0,0,0,0,0,0,0,0,0,0,0,0,0,0,0,0,0,0,0,0,0,0,0,0,0,0,0,0,0,0,0,0,0,0
1989,236,16,8,30.686,2,8,0,-1,0,0,1,1,25,0,0,0,1028,0,0,0,0,0,1,1,0,0,0,75.37819301,0,0,0,0,3,1,1,1,100,0,0,0,3,1,1,0.1,3000,0,0,0,0,0,0,0,0,0,0,0,0,0,0,0,0,0,0,0,0,0,0,0,0,0,0,0,0,0,0,0,0,0,0,0,0,0,0,0,0,0,0,0,0,0,0,0,0,0,0,0
1989,236,16,8,53.606,2,8,0,-1,1,0,1,1,25,0,0,0,1028,0,0,0,0,0,1,1,0,0,0,75.34062735,0,0,0,0,3,1,1,1,100,0,0,0,3,1,1,0.1,3000,0,0,0,0,0,0,0,0,0,0,0,0,0,0,0,0,0,0,0,0,0,0,0,0,0,0,0,0,0,0,0,0,0,0,0,0,0,0,0,0,0,0,0,0,0,0,0,0,0,0,0
1989,236,16,10,6.686,2,8,0,-1,0,0,1,1,25,0,0,0,1028,0,0,0,0,0,1,1,0,0,0,75.22084599,0,0,0,0,3,1,1,1,100,0,0,0,3,1,1,0.1,3000,0,0,0,0,0,0,0,0,0,0,0,0,0,0,0,0,0,0,0,0,0,0,0,0,0,0,0,0,0,0,0,0,0,0,0,0,0,0,0,0,0,0,0,0,0,0,0,0,0,0,0
1989,236,16,10,29.605,2,8,0,-1,1,0,1,1,25,0,0,0,1028,0,0,0,0,0,1,1,0,0,0,75.18327868,0,0,0,0,3,1,1,1,100,0,0,0,3,1,1,0.1,3000,0,0,0,0,0,0,0,0,0,0,0,0,0,0,0,0,0,0,0,0,0,0,0,0,0,0,0,0,0,0,0,0,0,0,0,0,0,0,0,0,0,0,0,0,0,0,0,0,0,0,0
1989,236,16,11,42.686,2,8,0,-1,0,0,1,1,25,0,0,0,1028,0,0,0,0,0,1,1,0,0,0,75.06348863,0,0,0,0,3,1,1,1,100,0,0,0,3,1,1,0.1,3000,0,0,0,0,0,0,0,0,0,0,0,0,0,0,0,0,0,0,0,0,0,0,0,0,0,0,0,0,0,0,0,0,0,0,0,0,0,0,0,0,0,0,0,0,0,0,0,0,0,0,0
1989,236,16,12,5.606,2,8,0,-1,1,0,1,1,25,0,0,0,1028,0,0,0,0,0,1,1,0,0,0,75.02591802,0,0,0,0,3,1,1,1,100,0,0,0,3,1,1,0.1,3000,0,0,0,0,0,0,0,0,0,0,0,0,0,0,0,0,0,0,0,0,0,0,0,0,0,0,0,0,0,0,0,0,0,0,0,0,0,0,0,0,0,0,0,0,0,0,0,0,0,0,0
1989,236,16,13,18.686,2,8,0,-1,0,0,1,1,25,0,0,0,1028,0,0,0,0,0,1,1,0,0,0,74.90612088,0,0,0,0,3,1,1,1,100,0,0,0,3,1,1,0.1,3000,0,0,0,0,0,0,0,0,0,0,0,0,0,0,0,0,0,0,0,0,0,0,0,0,0,0,0,0,0,0,0,0,0,0,0,0,0,0,0,0,0,0,0,0,0,0,0,0,0,0,0
1989,236,16,13,41.605,2,8,0,-1,1,0,1,1,25,0,0,0,1028,0,0,0,0,0,1,1,0,0,0,74.86854861,0,0,0,0,3,1,1,1,100,0,0,0,3,1,1,0.1,3000,0,0,0,0,0,0,0,0,0,0,0,0,0,0,0,0,0,0,0,0,0,0,0,0,0,0,0,0,0,0,0,0,0,0,0,0,0,0,0,0,0,0,0,0,0,0,0,0,0,0,0
1989,236,16,14,54.686,2,8,0,-1,0,0,1,1,25,0,0,0,1028,0,0,0,0,0,1,1,0,0,0,74.74874271,0,0,0,0,3,1,1,1,100,0,0,0,3,1,1,0.1,3000,0,0,0,0,0,0,0,0,0,0,0,0,0,0,0,0,0,0,0,0,0,0,0,0,0,0,0,0,0,0,0,0,0,0,0,0,0,0,0,0,0,0,0,0,0,0,0,0,0,0,0
1989,236,16,15,17.606,2,8,0,-1,1,0,1,1,25,0,0,0,1028,0,0,0,0,0,1,1,0,0,0,74.71116712,0,0,0,0,3,1,1,1,100,0,0,0,3,1,1,0.1,3000,0,0,0,0,0,0,0,0,0,0,0,0,0,0,0,0,0,0,0,0,0,0,0,0,0,0,0,0,0,0,0,0,0,0,0,0,0,0,0,0,0,0,0,0,0,0,0,0,0,0,0
1989,236,16,18,54.685,2,8,0,-1,0,0,1,1,25,0,0,0,1028,0,0,0,0,0,1,1,0,0,0,74.35525298,0,0,0,0,3,1,1,1,100,0,0,0,3,1,1,0.1,3000,0,0,0,0,0,0,0,0,0,0,0,0,0,0,0,0,0,0,0,0,0,0,0,0,0,0,0,0,0,0,0,0,0,0,0,0,0,0,0,0,0,0,0,0,0,0,0,0,0,0,0
1989,236,16,19,17.605,2,8,0,-1,1,0,1,1,25,0,0,0,1028,0,0,0,0,0,1,1,0,0,0,74.3176711,0,0,0,0,3,1,1,1,100,0,0,0,3,1,1,0.1,3000,0,0,0,0,0,0,0,0,0,0,0,0,0,0,0,0,0,0,0,0,0,0,0,0,0,0,0,0,0,0,0,0,0,0,0,0,0,0,0,0,0,0,0,0,0,0,0,0,0,0,0
1989,236,16,20,30.685,2,8,0,-1,0,0,1,1,25,0,0,0,1028,0,0,0,0,0,1,1,0,0,0,74.19783794,0,0,0,0,3,1,1,1,100,0,0,0,3,1,1,0.1,3000,0,0,0,0,0,0,0,0,0,0,0,0,0,0,0,0,0,0,0,0,0,0,0,0,0,0,0,0,0,0,0,0,0,0,0,0,0,0,0,0,0,0,0,0,0,0,0,0,0,0,0
1989,236,16,20,53.605,2,8,0,-1,1,0,1,1,25,0,0,0,1028,0,0,0,0,0,1,1,0,0,0,74.16025352,0,0,0,0,3,1,1,1,100,0,0,0,3,1,1,0.1,3000,0,0,0,0,0,0,0,0,0,0,0,0,0,0,0,0,0,0,0,0,0,0,0,0,0,0,0,0,0,0,0,0,0,0,0,0,0,0,0,0,0,0,0,0,0,0,0,0,0,0,0
1989,236,16,22,6.685,2,8,0,-1,0,0,1,1,25,0,0,0,1028,0,0,0,0,0,1,1,0,0,0,74.04041226,0,0,0,0,3,1,1,1,100,0,0,0,3,1,1,0.1,3000,0,0,0,0,0,0,0,0,0,0,0,0,0,0,0,0,0,0,0,0,0,0,0,0,0,0,0,0,0,0,0,0,0,0,0,0,0,0,0,0,0,0,0,0,0,0,0,0,0,0,0
1989,236,16,22,29.605,2,8,0,-1,1,0,1,1,25,0,0,0,1028,0,0,0,0,0,1,1,0,0,0,74.0028253,0,0,0,0,3,1,1,1,100,0,0,0,3,1,1,0.1,3000,0,0,0,0,0,0,0,0,0,0,0,0,0,0,0,0,0,0,0,0,0,0,0,0,0,0,0,0,0,0,0,0,0,0,0,0,0,0,0,0,0,0,0,0,0,0,0,0,0,0,0
1989,236,16,25,18.684,2,8,0,-1,0,0,1,1,25,0,0,0,1028,0,0,0,0,0,1,1,0,0,0,73.72552962,0,0,0,0,3,1,1,1,100,0,0,0,3,1,1,0.1,3000,0,0,0,0,0,0,0,0,0,0,0,0,0,0,0,0,0,0,0,0,0,0,0,0,0,0,0,0,0,0,0,0,0,0,0,0,0,0,0,0,0,0,0,0,0,0,0,0,0,0,0
1989,236,16,25,41.605,2,8,0,-1,1,0,1,1,25,0,0,0,1028,0,0,0,0,0,1,1,0,0,0,73.68793671,0,0,0,0,3,1,1,1,100,0,0,0,3,1,1,0.1,3000,0,0,0,0,0,0,0,0,0,0,0,0,0,0,0,0,0,0,0,0,0,0,0,0,0,0,0,0,0,0,0,0,0,0,0,0,0,0,0,0,0,0,0,0,0,0,0,0,0,0,0
1989,236,16,26,54.685,2,8,0,-1,0,0,1,1,25,0,0,0,1028,0,0,0,0,0,1,1,0,0,0,73.56807092,0,0,0,0,3,1,1,1,100,0,0,0,3,1,1,0.1,3000,0,0,0,0,0,0,0,0,0,0,0,0,0,0,0,0,0,0,0,0,0,0,0,0,0,0,0,0,0,0,0,0,0,0,0,0,0,0,0,0,0,0,0,0,0,0,0,0,0,0,0
1989,236,16,27,17.605,2,8,0,-1,1,0,1,1,25,0,0,0,1028,0,0,0,0,0,1,1,0,0,0,73.53047625,0,0,0,0,3,1,1,1,100,0,0,0,3,1,1,0.1,3000,0,0,0,0,0,0,0,0,0,0,0,0,0,0,0,0,0,0,0,0,0,0,0,0,0,0,0,0,0,0,0,0,0,0,0,0,0,0,0,0,0,0,0,0,0,0,0,0,0,0,0
1989,236,16,30,54.684,2,8,0,-1,0,0,1,1,25,0,0,0,1028,0,0,0,0,0,1,1,0,0,0,73.17438039,0,0,0,0,3,1,1,1,100,0,0,0,3,1,1,0.1,3000,0,0,0,0,0,0,0,0,0,0,0,0,0,0,0,0,0,0,0,0,0,0,0,0,0,0,0,0,0,0,0,0,0,0,0,0,0,0,0,0,0,0,0,0,0,0,0,0,0,0,0
1989,236,16,31,17.604,2,8,0,-1,1,0,1,1,25,0,0,0,1028,0,0,0,0,0,1,1,0,0,0,73.13678004,0,0,0,0,3,1,1,1,100,0,0,0,3,1,1,0.1,3000,0,0,0,0,0,0,0,0,0,0,0,0,0,0,0,0,0,0,0,0,0,0,0,0,0,0,0,0,0,0,0,0,0,0,0,0,0,0,0,0,0,0,0,0,0,0,0,0,0,0,0
1989,236,16,32,30.684,2,8,0,-1,0,0,1,1,25,0,0,0,1028,0,0,0,0,0,1,1,0,0,0,73.0168844,0,0,0,0,3,1,1,1,100,0,0,0,3,1,1,0.1,3000,0,0,0,0,0,0,0,0,0,0,0,0,0,0,0,0,0,0,0,0,0,0,0,0,0,0,0,0,0,0,0,0,0,0,0,0,0,0,0,0,0,0,0,0,0,0,0,0,0,0,0
1989,236,16,32,53.604,2,8,0,-1,1,0,1,1,25,0,0,0,1028,0,0,0,0,0,1,1,0,0,0,72.97928061,0,0,0,0,3,1,1,1,100,0,0,0,3,1,1,0.1,3000,0,0,0,0,0,0,0,0,0,0,0,0,0,0,0,0,0,0,0,0,0,0,0,0,0,0,0,0,0,0,0,0,0,0,0,0,0,0,0,0,0,0,0,0,0,0,0,0,0,0,0
1989,236,16,34,6.684,2,8,0,-1,0,0,1,1,25,0,0,0,1028,0,0,0,0,0,1,1,0,0,0,72.85937742,0,0,0,0,3,1,1,1,100,0,0,0,3,1,1,0.1,3000,0,0,0,0,0,0,0,0,0,0,0,0,0,0,0,0,0,0,0,0,0,0,0,0,0,0,0,0,0,0,0,0,0,0,0,0,0,0,0,0,0,0,0,0,0,0,0,0,0,0,0
1989,236,16,34,29.604,2,8,0,-1,1,0,1,1,25,0,0,0,1028,0,0,0,0,0,1,1,0,0,0,72.82177181,0,0,0,0,3,1,1,1,100,0,0,0,3,1,1,0.1,3000,0,0,0,0,0,0,0,0,0,0,0,0,0,0,0,0,0,0,0,0,0,0,0,0,0,0,0,0,0,0,0,0,0,0,0,0,0,0,0,0,0,0,0,0,0,0,0,0,0,0,0
1989,236,16,35,42.684,2,8,0,-1,0,0,1,1,25,0,0,0,1028,0,0,0,0,0,1,1,0,0,0,72.70185938,0,0,0,0,3,1,1,1,100,0,0,0,3,1,1,0.1,3000,0,0,0,0,0,0,0,0,0,0,0,0,0,0,0,0,0,0,0,0,0,0,0,0,0,0,0,0,0,0,0,0,0,0,0,0,0,0,0,0,0,0,0,0,0,0,0,0,0,0,0
1989,236,16,36,5.604,2,8,0,-1,1,0,1,1,25,0,0,0,1028,0,0,0,0,0,1,1,0,0,0,72.66425031,0,0,0,0,3,1,1,1,100,0,0,0,3,1,1,0.1,3000,0,0,0,0,0,0,0,0,0,0,0,0,0,0,0,0,0,0,0,0,0,0,0,0,0,0,0,0,0,0,0,0,0,0,0,0,0,0,0,0,0,0,0,0,0,0,0,0,0,0,0
1989,236,16,37,18.684,2,8,0,-1,0,0,1,1,25,0,0,0,1028,0,0,0,0,0,1,1,0,0,0,72.54433025,0,0,0,0,3,1,1,1,100,0,0,0,3,1,1,0.1,3000,0,0,0,0,0,0,0,0,0,0,0,0,0,0,0,0,0,0,0,0,0,0,0,0,0,0,0,0,0,0,0,0,0,0,0,0,0,0,0,0,0,0,0,0,0,0,0,0,0,0,0
1989,236,16,37,41.604,2,8,0,-1,1,0,1,1,25,0,0,0,1028,0,0,0,0,0,1,1,0,0,0,72.50671852,0,0,0,0,3,1,1,1,100,0,0,0,3,1,1,0.1,3000,0,0,0,0,0,0,0,0,0,0,0,0,0,0,0,0,0,0,0,0,0,0,0,0,0,0,0,0,0,0,0,0,0,0,0,0,0,0,0,0,0,0,0,0,0,0,0,0,0,0,0
1989,236,16,38,54.684,2,8,0,-1,0,0,1,1,25,0,0,0,1028,0,0,0,0,0,1,1,0,0,0,72.38678997,0,0,0,0,3,1,1,1,100,0,0,0,3,1,1,0.1,3000,0,0,0,0,0,0,0,0,0,0,0,0,0,0,0,0,0,0,0,0,0,0,0,0,0,0,0,0,0,0,0,0,0,0,0,0,0,0,0,0,0,0,0,0,0,0,0,0,0,0,0
1989,236,16,39,17.604,2,8,0,-1,1,0,1,1,25,0,0,0,1028,0,0,0,0,0,1,1,0,0,0,72.34917639,0,0,0,0,3,1,1,1,100,0,0,0,3,1,1,0.1,3000,0,0,0,0,0,0,0,0,0,0,0,0,0,0,0,0,0,0,0,0,0,0,0,0,0,0,0,0,0,0,0,0,0,0,0,0,0,0,0,0,0,0,0,0,0,0,0,0,0,0,0
1989,236,16,42,54.683,2,8,0,-1,0,0,1,1,25,0,0,0,1028,0,0,0,0,0,1,1,0,0,0,71.9928918,0,0,0,0,3,1,1,1,100,0,0,0,3,1,1,0.1,3000,0,0,0,0,0,0,0,0,0,0,0,0,0,0,0,0,0,0,0,0,0,0,0,0,0,0,0,0,0,0,0,0,0,0,0,0,0,0,0,0,0,0,0,0,0,0,0,0,0,0,0
1989,236,16,43,17.603,2,8,0,-1,1,0,1,1,25,0,0,0,1028,0,0,0,0,0,1,1,0,0,0,71.9552715,0,0,0,0,3,1,1,1,100,0,0,0,3,1,1,0.1,3000,0,0,0,0,0,0,0,0,0,0,0,0,0,0,0,0,0,0,0,0,0,0,0,0,0,0,0,0,0,0,0,0,0,0,0,0,0,0,0,0,0,0,0,0,0,0,0,0,0,0,0
1989,236,16,44,30.683,2,8,0,-1,0,0,1,1,25,0,0,0,1028,0,0,0,0,0,1,1,0,0,0,71.8353121,0,0,0,0,3,1,1,1,100,0,0,0,3,1,1,0.1,3000,0,0,0,0,0,0,0,0,0,0,0,0,0,0,0,0,0,0,0,0,0,0,0,0,0,0,0,0,0,0,0,0,0,0,0,0,0,0,0,0,0,0,0,0,0,0,0,0,0,0,0
1989,236,16,44,53.603,2,8,0,-1,1,0,1,1,25,0,0,0,1028,0,0,0,0,0,1,1,0,0,0,71.79768826,0,0,0,0,3,1,1,1,100,0,0,0,3,1,1,0.1,3000,0,0,0,0,0,0,0,0,0,0,0,0,0,0,0,0,0,0,0,0,0,0,0,0,0,0,0,0,0,0,0,0,0,0,0,0,0,0,0,0,0,0,0,0,0,0,0,0,0,0,0
1989,236,16,46,6.683,2,8,0,-1,0,0,1,1,25,0,0,0,1028,0,0,0,0,0,1,1,0,0,0,71.67772102,0,0,0,0,3,1,1,1,100,0,0,0,3,1,1,0.1,3000,0,0,0,0,0,0,0,0,0,0,0,0,0,0,0,0,0,0,0,0,0,0,0,0,0,0,0,0,0,0,0,0,0,0,0,0,0,0,0,0,0,0,0,0,0,0,0,0,0,0,0
1989,236,16,46,29.603,2,8,0,-1,1,0,1,1,25,0,0,0,1028,0,0,0,0,0,1,1,0,0,0,71.64009528,0,0,0,0,3,1,1,1,100,0,0,0,3,1,1,0.1,3000,0,0,0,0,0,0,0,0,0,0,0,0,0,0,0,0,0,0,0,0,0,0,0,0,0,0,0,0,0,0,0,0,0,0,0,0,0,0,0,0,0,0,0,0,0,0,0,0,0,0,0
1989,236,16,47,42.683,2,8,0,-1,0,0,1,1,25,0,0,0,1028,0,0,0,0,0,1,1,0,0,0,71.52011851,0,0,0,0,3,1,1,1,100,0,0,0,3,1,1,0.1,3000,0,0,0,0,0,0,0,0,0,0,0,0,0,0,0,0,0,0,0,0,0,0,0,0,0,0,0,0,0,0,0,0,0,0,0,0,0,0,0,0,0,0,0,0,0,0,0,0,0,0,0
1989,236,16,48,5.603,2,8,0,-1,1,0,1,1,25,0,0,0,1028,0,0,0,0,0,1,1,0,0,0,71.48248921,0,0,0,0,3,1,1,1,100,0,0,0,3,1,1,0.1,3000,0,0,0,0,0,0,0,0,0,0,0,0,0,0,0,0,0,0,0,0,0,0,0,0,0,0,0,0,0,0,0,0,0,0,0,0,0,0,0,0,0,0,0,0,0,0,0,0,0,0,0
1989,236,16,49,18.683,2,8,0,-1,0,0,1,1,25,0,0,0,1028,0,0,0,0,0,1,1,0,0,0,71.36250451,0,0,0,0,3,1,1,1,100,0,0,0,3,1,1,0.1,3000,0,0,0,0,0,0,0,0,0,0,0,0,0,0,0,0,0,0,0,0,0,0,0,0,0,0,0,0,0,0,0,0,0,0,0,0,0,0,0,0,0,0,0,0,0,0,0,0,0,0,0
1989,236,16,49,41.603,2,8,0,-1,1,0,1,1,25,0,0,0,1028,0,0,0,0,0,1,1,0,0,0,71.32487247,0,0,0,0,3,1,1,1,100,0,0,0,3,1,1,0.1,3000,0,0,0,0,0,0,0,0,0,0,0,0,0,0,0,0,0,0,0,0,0,0,0,0,0,0,0,0,0,0,0,0,0,0,0,0,0,0,0,0,0,0,0,0,0,0,0,0,0,0,0
1989,236,16,50,54.683,2,8,0,-1,0,0,1,1,25,0,0,0,1028,0,0,0,0,0,1,1,0,0,0,71.20487898,0,0,0,0,3,1,1,1,100,0,0,0,3,1,1,0.1,3000,0,0,0,0,0,0,0,0,0,0,0,0,0,0,0,0,0,0,0,0,0,0,0,0,0,0,0,0,0,0,0,0,0,0,0,0,0,0,0,0,0,0,0,0,0,0,0,0,0,0,0
1989,236,16,51,17.603,2,8,0,-1,1,0,1,1,25,0,0,0,1028,0,0,0,0,0,1,1,0,0,0,71.167245,0,0,0,0,3,1,1,1,100,0,0,0,3,1,1,0.1,3000,0,0,0,0,0,0,0,0,0,0,0,0,0,0,0,0,0,0,0,0,0,0,0,0,0,0,0,0,0,0,0,0,0,0,0,0,0,0,0,0,0,0,0,0,0,0,0,0,0,0,0
1989,236,16,54,54.683,2,8,0,-1,0,0,1,1,25,0,0,0,1028,0,0,0,0,0,1,1,0,0,0,70.81076516,0,0,0,0,3,1,1,1,100,0,0,0,3,1,1,0.1,3000,0,0,0,0,0,0,0,0,0,0,0,0,0,0,0,0,0,0,0,0,0,0,0,0,0,0,0,0,0,0,0,0,0,0,0,0,0,0,0,0,0,0,0,0,0,0,0,0,0,0,0
1989,236,16,55,17.602,2,8,0,-1,1,0,1,1,25,0,0,0,1028,0,0,0,0,0,1,1,0,0,0,70.77312421,0,0,0,0,3,1,1,1,100,0,0,0,3,1,1,0.1,3000,0,0,0,0,0,0,0,0,0,0,0,0,0,0,0,0,0,0,0,0,0,0,0,0,0,0,0,0,0,0,0,0,0,0,0,0,0,0,0,0,0,0,0,0,0,0,0,0,0,0,0
1989,236,16,56,30.682,2,8,0,-1,0,0,1,1,25,0,0,0,1028,0,0,0,0,0,1,1,0,0,0,70.65309965,0,0,0,0,3,1,1,1,100,0,0,0,3,1,1,0.1,3000,0,0,0,0,0,0,0,0,0,0,0,0,0,0,0,0,0,0,0,0,0,0,0,0,0,0,0,0,0,0,0,0,0,0,0,0,0,0,0,0,0,0,0,0,0,0,0,0,0,0,0
1989,236,16,56,53.602,2,8,0,-1,1,0,1,1,25,0,0,0,1028,0,0,0,0,0,1,1,0,0,0,70.61545507,0,0,0,0,3,1,1,1,100,0,0,0,3,1,1,0.1,3000,0,0,0,0,0,0,0,0,0,0,0,0,0,0,0,0,0,0,0,0,0,0,0,0,0,0,0,0,0,0,0,0,0,0,0,0,0,0,0,0,0,0,0,0,0,0,0,0,0,0,0
1989,236,16,58,6.682,2,8,0,-1,0,0,1,1,25,0,0,0,1028,0,0,0,0,0,1,1,0,0,0,70.49542154,0,0,0,0,3,1,1,1,100,0,0,0,3,1,1,0.1,3000,0,0,0,0,0,0,0,0,0,0,0,0,0,0,0,0,0,0,0,0,0,0,0,0,0,0,0,0,0,0,0,0,0,0,0,0,0,0,0,0,0,0,0,0,0,0,0,0,0,0,0
1989,236,16,58,29.601,2,8,0,-1,1,0,1,1,25,0,0,0,1028,0,0,0,0,0,1,1,0,0,0,70.45777496,0,0,0,0,3,1,1,1,100,0,0,0,3,1,1,0.1,3000,0,0,0,0,0,0,0,0,0,0,0,0,0,0,0,0,0,0,0,0,0,0,0,0,0,0,0,0,0,0,0,0,0,0,0,0,0,0,0,0,0,0,0,0,0,0,0,0,0,0,0
1989,236,16,59,42.682,2,8,0,-1,0,0,1,1,25,0,0,0,1028,0,0,0,0,0,1,1,0,0,0,70.3377316,0,0,0,0,3,1,1,1,100,0,0,0,3,1,1,0.1,3000,0,0,0,0,0,0,0,0,0,0,0,0,0,0,0,0,0,0,0,0,0,0,0,0,0,0,0,0,0,0,0,0,0,0,0,0,0,0,0,0,0,0,0,0,0,0,0,0,0,0,0
1989,236,17,0,5.602,2,8,0,-1,1,0,1,1,25,0,0,0,1028,0,0,0,0,0,1,1,0,0,0,70.30008137,0,0,0,0,3,1,1,1,100,0,0,0,3,1,1,0.1,3000,0,0,0,0,0,0,0,0,0,0,0,0,0,0,0,0,0,0,0,0,0,0,0,0,0,0,0,0,0,0,0,0,0,0,0,0,0,0,0,0,0,0,0,0,0,0,0,0,0,0,0
1989,236,17,1,18.682,2,8,0,-1,0,0,1,1,25,0,0,0,1028,0,0,0,0,0,1,1,0,0,0,70.18002977,0,0,0,0,3,1,1,1,100,0,0,0,3,1,1,0.1,3000,0,0,0,0,0,0,0,0,0,0,0,0,0,0,0,0,0,0,0,0,0,0,0,0,0,0,0,0,0,0,0,0,0,0,0,0,0,0,0,0,0,0,0,0,0,0,0,0,0,0,0
1989,236,17,1,41.602,2,8,0,-1,1,0,1,1,25,0,0,0,1028,0,0,0,0,0,1,1,0,0,0,70.14237669,0,0,0,0,3,1,1,1,100,0,0,0,3,1,1,0.1,3000,0,0,0,0,0,0,0,0,0,0,0,0,0,0,0,0,0,0,0,0,0,0,0,0,0,0,0,0,0,0,0,0,0,0,0,0,0,0,0,0,0,0,0,0,0,0,0,0,0,0,0
1989,236,17,2,54.682,2,8,0,-1,0,0,1,1,25,0,0,0,1028,0,0,0,0,0,1,1,0,0,0,70.02231599,0,0,0,0,3,1,1,1,100,0,0,0,3,1,1,0.1,3000,0,0,0,0,0,0,0,0,0,0,0,0,0,0,0,0,0,0,0,0,0,0,0,0,0,0,0,0,0,0,0,0,0,0,0,0,0,0,0,0,0,0,0,0,0,0,0,0,0,0,0
1989,236,17,3,17.601,2,8,0,-1,1,0,1,1,25,0,0,0,1028,0,0,0,0,0,1,1,0,0,0,69.98466088,0,0,0,0,3,1,1,1,100,0,0,0,3,1,1,0.1,3000,0,0,0,0,0,0,0,0,0,0,0,0,0,0,0,0,0,0,0,0,0,0,0,0,0,0,0,0,0,0,0,0,0,0,0,0,0,0,0,0,0,0,0,0,0,0,0,0,0,0,0
1989,236,17,6,54.682,2,8,0,-1,0,0,1,1,25,0,0,0,1028,0,0,0,0,0,1,1,0,0,0,69.62797892,0,0,0,0,3,1,1,1,100,0,0,0,3,1,1,0.1,3000,0,0,0,0,0,0,0,0,0,0,0,0,0,0,0,0,0,0,0,0,0,0,0,0,0,0,0,0,0,0,0,0,0,0,0,0,0,0,0,0,0,0,0,0,0,0,0,0,0,0,0
1989,236,17,7,17.601,2,8,0,-1,1,0,1,1,25,0,0,0,1028,0,0,0,0,0,1,1,0,0,0,69.5903166,0,0,0,0,3,1,1,1,100,0,0,0,3,1,1,0.1,3000,0,0,0,0,0,0,0,0,0,0,0,0,0,0,0,0,0,0,0,0,0,0,0,0,0,0,0,0,0,0,0,0,0,0,0,0,0,0,0,0,0,0,0,0,0,0,0,0,0,0,0
1989,236,17,8,30.681,2,8,0,-1,0,0,1,1,25,0,0,0,1028,0,0,0,0,0,1,1,0,0,0,69.47022372,0,0,0,0,3,1,1,1,100,0,0,0,3,1,1,0.1,3000,0,0,0,0,0,0,0,0,0,0,0,0,0,0,0,0,0,0,0,0,0,0,0,0,0,0,0,0,0,0,0,0,0,0,0,0,0,0,0,0,0,0,0,0,0,0,0,0,0,0,0
1989,236,17,8,53.601,2,8,0,-1,1,0,1,1,25,0,0,0,1028,0,0,0,0,0,1,1,0,0,0,69.43255767,0,0,0,0,3,1,1,1,100,0,0,0,3,1,1,0.1,3000,0,0,0,0,0,0,0,0,0,0,0,0,0,0,0,0,0,0,0,0,0,0,0,0,0,0,0,0,0,0,0,0,0,0,0,0,0,0,0,0,0,0,0,0,0,0,0,0,0,0,0
1989,236,17,10,6.681,2,8,0,-1,0,0,1,1,25,0,0,0,1028,0,0,0,0,0,1,1,0,0,0,69.31245631,0,0,0,0,3,1,1,1,100,0,0,0,3,1,1,0.1,3000,0,0,0,0,0,0,0,0,0,0,0,0,0,0,0,0,0,0,0,0,0,0,0,0,0,0,0,0,0,0,0,0,0,0,0,0,0,0,0,0,0,0,0,0,0,0,0,0,0,0,0
1989,236,17,10,29.601,2,8,0,-1,1,0,1,1,25,0,0,0,1028,0,0,0,0,0,1,1,0,0,0,69.27478734,0,0,0,0,3,1,1,1,100,0,0,0,3,1,1,0.1,3000,0,0,0,0,0,0,0,0,0,0,0,0,0,0,0,0,0,0,0,0,0,0,0,0,0,0,0,0,0,0,0,0,0,0,0,0,0,0,0,0,0,0,0,0,0,0,0,0,0,0,0
1989,236,17,11,42.681,2,8,0,-1,0,0,1,1,25,0,0,0,1028,0,0,0,0,0,1,1,0,0,0,69.15467583,0,0,0,0,3,1,1,1,100,0,0,0,3,1,1,0.1,3000,0,0,0,0,0,0,0,0,0,0,0,0,0,0,0,0,0,0,0,0,0,0,0,0,0,0,0,0,0,0,0,0,0,0,0,0,0,0,0,0,0,0,0,0,0,0,0,0,0,0,0
1989,236,17,12,5.601,2,8,0,-1,1,0,1,1,25,0,0,0,1028,0,0,0,0,0,1,1,0,0,0,69.11700392,0,0,0,0,3,1,1,1,100,0,0,0,3,1,1,0.1,3000,0,0,0,0,0,0,0,0,0,0,0,0,0,0,0,0,0,0,0,0,0,0,0,0,0,0,0,0,0,0,0,0,0,0,0,0,0,0,0,0,0,0,0,0,0,0,0,0,0,0,0
1989,236,17,13,18.681,2,8,0,-1,0,0,1,1,25,0,0,0,1028,0,0,0,0,0,1,1,0,0,0,68.99688302,0,0,0,0,3,1,1,1,100,0,0,0,3,1,1,0.1,3000,0,0,0,0,0,0,0,0,0,0,0,0,0,0,0,0,0,0,0,0,0,0,0,0,0,0,0,0,0,0,0,0,0,0,0,0,0,0,0,0,0,0,0,0,0,0,0,0,0,0,0
1989,236,17,13,41.601,2,8,0,-1,1,0,1,1,25,0,0,0,1028,0,0,0,0,0,1,1,0,0,0,68.95920816,0,0,0,0,3,1,1,1,100,0,0,0,3,1,1,0.1,3000,0,0,0,0,0,0,0,0,0,0,0,0,0,0,0,0,0,0,0,0,0,0,0,0,0,0,0,0,0,0,0,0,0,0,0,0,0,0,0,0,0,0,0,0,0,0,0,0,0,0,0
1989,236,17,14,54.681,2,8,0,-1,0,0,1,1,25,0,0,0,1028,0,0,0,0,0,1,1,0,0,0,68.83907785,0,0,0,0,3,1,1,1,100,0,0,0,3,1,1,0.1,3000,0,0,0,0,0,0,0,0,0,0,0,0,0,0,0,0,0,0,0,0,0,0,0,0,0,0,0,0,0,0,0,0,0,0,0,0,0,0,0,0,0,0,0,0,0,0,0,0,0,0,0
1989,236,17,15,17.601,2,8,0,-1,1,0,1,1,25,0,0,0,1028,0,0,0,0,0,1,1,0,0,0,68.80140002,0,0,0,0,3,1,1,1,100,0,0,0,3,1,1,0.1,3000,0,0,0,0,0,0,0,0,0,0,0,0,0,0,0,0,0,0,0,0,0,0,0,0,0,0,0,0,0,0,0,0,0,0,0,0,0,0,0,0,0,0,0,0,0,0,0,0,0,0,0
1989,236,17,18,54.681,2,8,0,-1,0,0,1,1,25,0,0,0,1028,0,0,0,0,0,1,1,0,0,0,68.44451037,0,0,0,0,3,1,1,1,100,0,0,0,3,1,1,0.1,3000,0,0,0,0,0,0,0,0,0,0,0,0,0,0,0,0,0,0,0,0,0,0,0,0,0,0,0,0,0,0,0,0,0,0,0,0,0,0,0,0,0,0,0,0,0,0,0,0,0,0,0
1989,236,17,19,17.601,2,8,0,-1,1,0,1,1,25,0,0,0,1028,0,0,0,0,0,1,1,0,0,0,68.40682507,0,0,0,0,3,1,1,1,100,0,0,0,3,1,1,0.1,3000,0,0,0,0,0,0,0,0,0,0,0,0,0,0,0,0,0,0,0,0,0,0,0,0,0,0,0,0,0,0,0,0,0,0,0,0,0,0,0,0,0,0,0,0,0,0,0,0,0,0,0
1989,236,17,20,30.681,2,8,0,-1,0,0,1,1,25,0,0,0,1028,0,0,0,0,0,1,1,0,0,0,68.2866614,0,0,0,0,3,1,1,1,100,0,0,0,3,1,1,0.1,3000,0,0,0,0,0,0,0,0,0,0,0,0,0,0,0,0,0,0,0,0,0,0,0,0,0,0,0,0,0,0,0,0,0,0,0,0,0,0,0,0,0,0,0,0,0,0,0,0,0,0,0
1989,236,17,20,53.601,2,8,0,-1,1,0,1,1,25,0,0,0,1028,0,0,0,0,0,1,1,0,0,0,68.2489731,0,0,0,0,3,1,1,1,100,0,0,0,3,1,1,0.1,3000,0,0,0,0,0,0,0,0,0,0,0,0,0,0,0,0,0,0,0,0,0,0,0,0,0,0,0,0,0,0,0,0,0,0,0,0,0,0,0,0,0,0,0,0,0,0,0,0,0,0,0
1989,236,17,22,6.68,2,8,0,-1,0,0,1,1,25,0,0,0,1028,0,0,0,0,0,1,1,0,0,0,68.12880144,0,0,0,0,3,1,1,1,100,0,0,0,3,1,1,0.1,3000,0,0,0,0,0,0,0,0,0,0,0,0,0,0,0,0,0,0,0,0,0,0,0,0,0,0,0,0,0,0,0,0,0,0,0,0,0,0,0,0,0,0,0,0,0,0,0,0,0,0,0
1989,236,17,22,29.6,2,8,0,-1,1,0,1,1,25,0,0,0,1028,0,0,0,0,0,1,1,0,0,0,68.09111011,0,0,0,0,3,1,1,1,100,0,0,0,3,1,1,0.1,3000,0,0,0,0,0,0,0,0,0,0,0,0,0,0,0,0,0,0,0,0,0,0,0,0,0,0,0,0,0,0,0,0,0,0,0,0,0,0,0,0,0,0,0,0,0,0,0,0,0,0,0
1989,236,17,23,42.68,2,8,0,-1,0,0,1,1,25,0,0,0,1028,0,0,0,0,0,1,1,0,0,0,67.97092713,0,0,0,0,3,1,1,1,100,0,0,0,3,1,1,0.1,3000,0,0,0,0,0,0,0,0,0,0,0,0,0,0,0,0,0,0,0,0,0,0,0,0,0,0,0,0,0,0,0,0,0,0,0,0,0,0,0,0,0,0,0,0,0,0,0,0,0,0,0
1989,236,17,24,5.6,2,8,0,-1,1,0,1,1,25,0,0,0,1028,0,0,0,0,0,1,1,0,0,0,67.93323275,0,0,0,0,3,1,1,1,100,0,0,0,3,1,1,0.1,3000,0,0,0,0,0,0,0,0,0,0,0,0,0,0,0,0,0,0,0,0,0,0,0,0,0,0,0,0,0,0,0,0,0,0,0,0,0,0,0,0,0,0,0,0,0,0,0,0,0,0,0
1989,236,17,25,18.68,2,8,0,-1,0,0,1,1,25,0,0,0,1028,0,0,0,0,0,1,1,0,0,0,67.81304004,0,0,0,0,3,1,1,1,100,0,0,0,3,1,1,0.1,3000,0,0,0,0,0,0,0,0,0,0,0,0,0,0,0,0,0,0,0,0,0,0,0,0,0,0,0,0,0,0,0,0,0,0,0,0,0,0,0,0,0,0,0,0,0,0,0,0,0,0,0
1989,236,17,25,41.6,2,8,0,-1,1,0,1,1,25,0,0,0,1028,0,0,0,0,0,1,1,0,0,0,67.77534261,0,0,0,0,3,1,1,1,100,0,0,0,3,1,1,0.1,3000,0,0,0,0,0,0,0,0,0,0,0,0,0,0,0,0,0,0,0,0,0,0,0,0,0,0,0,0,0,0,0,0,0,0,0,0,0,0,0,0,0,0,0,0,0,0,0,0,0,0,0
1989,236,17,26,54.68,2,8,0,-1,0,0,1,1,25,0,0,0,1028,0,0,0,0,0,1,1,0,0,0,67.65514013,0,0,0,0,3,1,1,1,100,0,0,0,3,1,1,0.1,3000,0,0,0,0,0,0,0,0,0,0,0,0,0,0,0,0,0,0,0,0,0,0,0,0,0,0,0,0,0,0,0,0,0,0,0,0,0,0,0,0,0,0,0,0,0,0,0,0,0,0,0
1989,236,17,27,17.6,2,8,0,-1,1,0,1,1,25,0,0,0,1028,0,0,0,0,0,1,1,0,0,0,67.61743962,0,0,0,0,3,1,1,1,100,0,0,0,3,1,1,0.1,3000,0,0,0,0,0,0,0,0,0,0,0,0,0,0,0,0,0,0,0,0,0,0,0,0,0,0,0,0,0,0,0,0,0,0,0,0,0,0,0,0,0,0,0,0,0,0,0,0,0,0,0
1989,236,17,30,54.68,2,8,0,-1,0,0,1,1,25,0,0,0,1028,0,0,0,0,0,1,1,0,0,0,67.2603338,0,0,0,0,3,1,1,1,100,0,0,0,3,1,1,0.1,3000,0,0,0,0,0,0,0,0,0,0,0,0,0,0,0,0,0,0,0,0,0,0,0,0,0,0,0,0,0,0,0,0,0,0,0,0,0,0,0,0,0,0,0,0,0,0,0,0,0,0,0
1989,236,17,31,17.6,2,8,0,-1,1,0,1,1,25,0,0,0,1028,0,0,0,0,0,1,1,0,0,0,67.22262555,0,0,0,0,3,1,1,1,100,0,0,0,3,1,1,0.1,3000,0,0,0,0,0,0,0,0,0,0,0,0,0,0,0,0,0,0,0,0,0,0,0,0,0,0,0,0,0,0,0,0,0,0,0,0,0,0,0,0,0,0,0,0,0,0,0,0,0,0,0
1989,236,17,32,30.68,2,8,0,-1,0,0,1,1,25,0,0,0,1028,0,0,0,0,0,1,1,0,0,0,67.10238849,0,0,0,0,3,1,1,1,100,0,0,0,3,1,1,0.1,3000,0,0,0,0,0,0,0,0,0,0,0,0,0,0,0,0,0,0,0,0,0,0,0,0,0,0,0,0,0,0,0,0,0,0,0,0,0,0,0,0,0,0,0,0,0,0,0,0,0,0,0
1989,236,17,32,53.6,2,8,0,-1,1,0,1,1,25,0,0,0,1028,0,0,0,0,0,1,1,0,0,0,67.06467711,0,0,0,0,3,1,1,1,100,0,0,0,3,1,1,0.1,3000,0,0,0,0,0,0,0,0,0,0,0,0,0,0,0,0,0,0,0,0,0,0,0,0,0,0,0,0,0,0,0,0,0,0,0,0,0,0,0,0,0,0,0,0,0,0,0,0,0,0,0
1989,236,17,34,6.68,2,8,0,-1,0,0,1,1,25,0,0,0,1028,0,0,0,0,0,1,1,0,0,0,66.94443088,0,0,0,0,3,1,1,1,100,0,0,0,3,1,1,0.1,3000,0,0,0,0,0,0,0,0,0,0,0,0,0,0,0,0,0,0,0,0,0,0,0,0,0,0,0,0,0,0,0,0,0,0,0,0,0,0,0,0,0,0,0,0,0,0,0,0,0,0,0
1989,236,17,34,29.6,2,8,0,-1,1,0,1,1,25,0,0,0,1028,0,0,0,0,0,1,1,0,0,0,66.90671636,0,0,0,0,3,1,1,1,100,0,0,0,3,1,1,0.1,3000,0,0,0,0,0,0,0,0,0,0,0,0,0,0,0,0,0,0,0,0,0,0,0,0,0,0,0,0,0,0,0,0,0,0,0,0,0,0,0,0,0,0,0,0,0,0,0,0,0,0,0
1989,236,17,35,42.679,2,8,0,-1,0,0,1,1,25,0,0,0,1028,0,0,0,0,0,1,1,0,0,0,66.78646009,0,0,0,0,3,1,1,1,100,0,0,0,3,1,1,0.1,3000,0,0,0,0,0,0,0,0,0,0,0,0,0,0,0,0,0,0,0,0,0,0,0,0,0,0,0,0,0,0,0,0,0,0,0,0,0,0,0,0,0,0,0,0,0,0,0,0,0,0,0
1989,236,17,36,5.599,2,8,0,-1,1,0,1,1,25,0,0,0,1028,0,0,0,0,0,1,1,0,0,0,66.74874241,0,0,0,0,3,1,1,1,100,0,0,0,3,1,1,0.1,3000,0,0,0,0,0,0,0,0,0,0,0,0,0,0,0,0,0,0,0,0,0,0,0,0,0,0,0,0,0,0,0,0,0,0,0,0,0,0,0,0,0,0,0,0,0,0,0,0,0,0,0
1989,236,17,37,18.679,2,8,0,-1,0,0,1,1,25,0,0,0,1028,0,0,0,0,0,1,1,0,0,0,66.62847524,0,0,0,0,3,1,1,1,100,0,0,0,3,1,1,0.1,3000,0,0,0,0,0,0,0,0,0,0,0,0,0,0,0,0,0,0,0,0,0,0,0,0,0,0,0,0,0,0,0,0,0,0,0,0,0,0,0,0,0,0,0,0,0,0,0,0,0,0,0
1989,236,17,37,41.598,2,8,0,-1,1,0,1,1,25,0,0,0,1028,0,0,0,0,0,1,1,0,0,0,66.59075603,0,0,0,0,3,1,1,1,100,0,0,0,3,1,1,0.1,3000,0,0,0,0,0,0,0,0,0,0,0,0,0,0,0,0,0,0,0,0,0,0,0,0,0,0,0,0,0,0,0,0,0,0,0,0,0,0,0,0,0,0,0,0,0,0,0,0,0,0,0
1989,236,17,39,17.599,2,8,0,-1,1,0,1,1,25,0,0,0,1028,0,0,0,0,0,1,1,0,0,0,66.43275303,0,0,0,0,3,1,1,1,100,0,0,0,3,1,1,0.1,3000,0,0,0,0,0,0,0,0,0,0,0,0,0,0,0,0,0,0,0,0,0,0,0,0,0,0,0,0,0,0,0,0,0,0,0,0,0,0,0,0,0,0,0,0,0,0,0,0,0,0,0
1989,236,17,42,54.679,2,8,0,-1,0,0,1,1,25,0,0,0,1028,0,0,0,0,0,1,1,0,0,0,66.07542298,0,0,0,0,3,1,1,1,100,0,0,0,3,1,1,0.1,3000,0,0,0,0,0,0,0,0,0,0,0,0,0,0,0,0,0,0,0,0,0,0,0,0,0,0,0,0,0,0,0,0,0,0,0,0,0,0,0,0,0,0,0,0,0,0,0,0,0,0,0
1989,236,17,43,17.599,2,8,0,-1,1,0,1,1,25,0,0,0,1028,0,0,0,0,0,1,1,0,0,0,66.0376909,0,0,0,0,3,1,1,1,100,0,0,0,3,1,1,0.1,3000,0,0,0,0,0,0,0,0,0,0,0,0,0,0,0,0,0,0,0,0,0,0,0,0,0,0,0,0,0,0,0,0,0,0,0,0,0,0,0,0,0,0,0,0,0,0,0,0,0,0,0
1989,236,17,44,30.679,2,8,0,-1,0,0,1,1,25,0,0,0,1028,0,0,0,0,0,1,1,0,0,0,65.9173777,0,0,0,0,3,1,1,1,100,0,0,0,3,1,1,0.1,3000,0,0,0,0,0,0,0,0,0,0,0,0,0,0,0,0,0,0,0,0,0,0,0,0,0,0,0,0,0,0,0,0,0,0,0,0,0,0,0,0,0,0,0,0,0,0,0,0,0,0,0
1989,236,17,44,53.599,2,8,0,-1,1,0,1,1,25,0,0,0,1028,0,0,0,0,0,1,1,0,0,0,65.8796432,0,0,0,0,3,1,1,1,100,0,0,0,3,1,1,0.1,3000,0,0,0,0,0,0,0,0,0,0,0,0,0,0,0,0,0,0,0,0,0,0,0,0,0,0,0,0,0,0,0,0,0,0,0,0,0,0,0,0,0,0,0,0,0,0,0,0,0,0,0
1989,236,17,46,6.678,2,8,0,-1,0,0,1,1,25,0,0,0,1028,0,0,0,0,0,1,1,0,0,0,65.75932045,0,0,0,0,3,1,1,1,100,0,0,0,3,1,1,0.1,3000,0,0,0,0,0,0,0,0,0,0,0,0,0,0,0,0,0,0,0,0,0,0,0,0,0,0,0,0,0,0,0,0,0,0,0,0,0,0,0,0,0,0,0,0,0,0,0,0,0,0,0
1989,236,17,46,29.598,2,8,0,-1,1,0,1,1,25,0,0,0,1028,0,0,0,0,0,1,1,0,0,0,65.7215827,0,0,0,0,3,1,1,1,100,0,0,0,3,1,1,0.1,3000,0,0,0,0,0,0,0,0,0,0,0,0,0,0,0,0,0,0,0,0,0,0,0,0,0,0,0,0,0,0,0,0,0,0,0,0,0,0,0,0,0,0,0,0,0,0,0,0,0,0,0
1989,236,17,49,18.678,2,8,0,-1,0,0,1,1,25,0,0,0,1028,0,0,0,0,0,1,1,0,0,0,65.44316156,0,0,0,0,3,1,1,1,100,0,0,0,3,1,1,0.1,3000,0,0,0,0,0,0,0,0,0,0,0,0,0,0,0,0,0,0,0,0,0,0,0,0,0,0,0,0,0,0,0,0,0,0,0,0,0,0,0,0,0,0,0,0,0,0,0,0,0,0,0
1989,236,17,49,41.597,2,8,0,-1,1,0,1,1,25,0,0,0,1028,0,0,0,0,0,1,1,0,0,0,65.40541805,0,0,0,0,3,1,1,1,100,0,0,0,3,1,1,0.1,3000,0,0,0,0,0,0,0,0,0,0,0,0,0,0,0,0,0,0,0,0,0,0,0,0,0,0,0,0,0,0,0,0,0,0,0,0,0,0,0,0,0,0,0,0,0,0,0,0,0,0,0
1989,236,17,50,54.678,2,8,0,-1,0,0,1,1,25,0,0,0,1028,0,0,0,0,0,1,1,0,0,0,65.28506142,0,0,0,0,3,1,1,1,100,0,0,0,3,1,1,0.1,3000,0,0,0,0,0,0,0,0,0,0,0,0,0,0,0,0,0,0,0,0,0,0,0,0,0,0,0,0,0,0,0,0,0,0,0,0,0,0,0,0,0,0,0,0,0,0,0,0,0,0,0
1989,236,17,51,17.598,2,8,0,-1,1,0,1,1,25,0,0,0,1028,0,0,0,0,0,1,1,0,0,0,65.24731296,0,0,0,0,3,1,1,1,100,0,0,0,3,1,1,0.1,3000,0,0,0,0,0,0,0,0,0,0,0,0,0,0,0,0,0,0,0,0,0,0,0,0,0,0,0,0,0,0,0,0,0,0,0,0,0,0,0,0,0,0,0,0,0,0,0,0,0,0,0
1989,236,17,54,54.678,2,8,0,-1,0,0,1,1,25,0,0,0,1028,0,0,0,0,0,1,1,0,0,0,64.88975014,0,0,0,0,3,1,1,1,100,0,0,0,3,1,1,0.1,3000,0,0,0,0,0,0,0,0,0,0,0,0,0,0,0,0,0,0,0,0,0,0,0,0,0,0,0,0,0,0,0,0,0,0,0,0,0,0,0,0,0,0,0,0,0,0,0,0,0,0,0
1989,236,17,55,17.598,2,8,0,-1,1,0,1,1,25,0,0,0,1028,0,0,0,0,0,1,1,0,0,0,64.85199333,0,0,0,0,3,1,1,1,100,0,0,0,3,1,1,0.1,3000,0,0,0,0,0,0,0,0,0,0,0,0,0,0,0,0,0,0,0,0,0,0,0,0,0,0,0,0,0,0,0,0,0,0,0,0,0,0,0,0,0,0,0,0,0,0,0,0,0,0,0
1989,236,17,56,30.678,2,8,0,-1,0,0,1,1,25,0,0,0,1028,0,0,0,0,0,1,1,0,0,0,64.73160108,0,0,0,0,3,1,1,1,100,0,0,0,3,1,1,0.1,3000,0,0,0,0,0,0,0,0,0,0,0,0,0,0,0,0,0,0,0,0,0,0,0,0,0,0,0,0,0,0,0,0,0,0,0,0,0,0,0,0,0,0,0,0,0,0,0,0,0,0,0
1989,236,17,56,53.598,2,8,0,-1,1,0,1,1,25,0,0,0,1028,0,0,0,0,0,1,1,0,0,0,64.69384172,0,0,0,0,3,1,1,1,100,0,0,0,3,1,1,0.1,3000,0,0,0,0,0,0,0,0,0,0,0,0,0,0,0,0,0,0,0,0,0,0,0,0,0,0,0,0,0,0,0,0,0,0,0,0,0,0,0,0,0,0,0,0,0,0,0,0,0,0,0
1989,236,17,58,6.678,2,8,0,-1,0,0,1,1,25,0,0,0,1028,0,0,0,0,0,1,1,0,0,0,64.57343787,0,0,0,0,3,1,1,1,100,0,0,0,3,1,1,0.1,3000,0,0,0,0,0,0,0,0,0,0,0,0,0,0,0,0,0,0,0,0,0,0,0,0,0,0,0,0,0,0,0,0,0,0,0,0,0,0,0,0,0,0,0,0,0,0,0,0,0,0,0
1989,236,17,58,29.598,2,8,0,-1,1,0,1,1,25,0,0,0,1028,0,0,0,0,0,1,1,0,0,0,64.53567513,0,0,0,0,3,1,1,1,100,0,0,0,3,1,1,0.1,3000,0,0,0,0,0,0,0,0,0,0,0,0,0,0,0,0,0,0,0,0,0,0,0,0,0,0,0,0,0,0,0,0,0,0,0,0,0,0,0,0,0,0,0,0,0,0,0,0,0,0,0
1989,236,17,59,42.677,2,8,0,-1,0,0,1,1,25,0,0,0,1028,0,0,0,0,0,1,1,0,0,0,64.41526128,0,0,0,0,3,1,1,1,100,0,0,0,3,1,1,0.1,3000,0,0,0,0,0,0,0,0,0,0,0,0,0,0,0,0,0,0,0,0,0,0,0,0,0,0,0,0,0,0,0,0,0,0,0,0,0,0,0,0,0,0,0,0,0,0,0,0,0,0,0
1989,236,18,0,5.598,2,8,0,-1,1,0,1,1,25,0,0,0,1028,0,0,0,0,0,1,1,0,0,0,64.37749432,0,0,0,0,3,1,1,1,100,0,0,0,3,1,1,0.1,3000,0,0,0,0,0,0,0,0,0,0,0,0,0,0,0,0,0,0,0,0,0,0,0,0,0,0,0,0,0,0,0,0,0,0,0,0,0,0,0,0,0,0,0,0,0,0,0,0,0,0,0
1989,236,18,1,18.677,2,8,0,-1,0,0,1,1,25,0,0,0,1028,0,0,0,0,0,1,1,0,0,0,64.25707041,0,0,0,0,3,1,1,1,100,0,0,0,3,1,1,0.1,3000,0,0,0,0,0,0,0,0,0,0,0,0,0,0,0,0,0,0,0,0,0,0,0,0,0,0,0,0,0,0,0,0,0,0,0,0,0,0,0,0,0,0,0,0,0,0,0,0,0,0,0
1989,236,18,1,41.596,2,8,0,-1,1,0,1,1,25,0,0,0,1028,0,0,0,0,0,1,1,0,0,0,64.21930167,0,0,0,0,3,1,1,1,100,0,0,0,3,1,1,0.1,3000,0,0,0,0,0,0,0,0,0,0,0,0,0,0,0,0,0,0,0,0,0,0,0,0,0,0,0,0,0,0,0,0,0,0,0,0,0,0,0,0,0,0,0,0,0,0,0,0,0,0,0
1989,236,18,2,54.677,2,8,0,-1,0,0,1,1,25,0,0,0,1028,0,0,0,0,0,1,1,0,0,0,64.09886435,0,0,0,0,3,1,1,1,100,0,0,0,3,1,1,0.1,3000,0,0,0,0,0,0,0,0,0,0,0,0,0,0,0,0,0,0,0,0,0,0,0,0,0,0,0,0,0,0,0,0,0,0,0,0,0,0,0,0,0,0,0,0,0,0,0,0,0,0,0
1989,236,18,3,17.596,2,8,0,-1,1,0,1,1,25,0,0,0,1028,0,0,0,0,0,1,1,0,0,0,64.06109135,0,0,0,0,3,1,1,1,100,0,0,0,3,1,1,0.1,3000,0,0,0,0,0,0,0,0,0,0,0,0,0,0,0,0,0,0,0,0,0,0,0,0,0,0,0,0,0,0,0,0,0,0,0,0,0,0,0,0,0,0,0,0,0,0,0,0,0,0,0
1989,236,18,6,54.677,2,8,0,-1,0,0,1,1,25,0,0,0,1028,0,0,0,0,0,1,1,0,0,0,63.70328591,0,0,0,0,3,1,1,1,100,0,0,0,3,1,1,0.1,3000,0,0,0,0,0,0,0,0,0,0,0,0,0,0,0,0,0,0,0,0,0,0,0,0,0,0,0,0,0,0,0,0,0,0,0,0,0,0,0,0,0,0,0,0,0,0,0,0,0,0,0
1989,236,18,7,17.597,2,8,0,-1,1,0,1,1,25,0,0,0,1028,0,0,0,0,0,1,1,0,0,0,63.66550423,0,0,0,0,3,1,1,1,100,0,0,0,3,1,1,0.1,3000,0,0,0,0,0,0,0,0,0,0,0,0,0,0,0,0,0,0,0,0,0,0,0,0,0,0,0,0,0,0,0,0,0,0,0,0,0,0,0,0,0,0,0,0,0,0,0,0,0,0,0
1989,236,18,8,30.677,2,8,0,-1,0,0,1,1,25,0,0,0,1028,0,0,0,0,0,1,1,0,0,0,63.54502902,0,0,0,0,3,1,1,1,100,0,0,0,3,1,1,0.1,3000,0,0,0,0,0,0,0,0,0,0,0,0,0,0,0,0,0,0,0,0,0,0,0,0,0,0,0,0,0,0,0,0,0,0,0,0,0,0,0,0,0,0,0,0,0,0,0,0,0,0,0
1989,236,18,8,53.596,2,8,0,-1,1,0,1,1,25,0,0,0,1028,0,0,0,0,0,1,1,0,0,0,63.50724384,0,0,0,0,3,1,1,1,100,0,0,0,3,1,1,0.1,3000,0,0,0,0,0,0,0,0,0,0,0,0,0,0,0,0,0,0,0,0,0,0,0,0,0,0,0,0,0,0,0,0,0,0,0,0,0,0,0,0,0,0,0,0,0,0,0,0,0,0,0
1989,236,18,10,6.677,2,8,0,-1,0,0,1,1,25,0,0,0,1028,0,0,0,0,0,1,1,0,0,0,63.38675743,0,0,0,0,3,1,1,1,100,0,0,0,3,1,1,0.1,3000,0,0,0,0,0,0,0,0,0,0,0,0,0,0,0,0,0,0,0,0,0,0,0,0,0,0,0,0,0,0,0,0,0,0,0,0,0,0,0,0,0,0,0,0,0,0,0,0,0,0,0
1989,236,18,10,29.596,2,8,0,-1,1,0,1,1,25,0,0,0,1028,0,0,0,0,0,1,1,0,0,0,63.34896955,0,0,0,0,3,1,1,1,100,0,0,0,3,1,1,0.1,3000,0,0,0,0,0,0,0,0,0,0,0,0,0,0,0,0,0,0,0,0,0,0,0,0,0,0,0,0,0,0,0,0,0,0,0,0,0,0,0,0,0,0,0,0,0,0,0,0,0,0,0
1989,236,18,11,42.677,2,8,0,-1,0,0,1,1,25,0,0,0,1028,0,0,0,0,0,1,1,0,0,0,63.22847106,0,0,0,0,3,1,1,1,100,0,0,0,3,1,1,0.1,3000,0,0,0,0,0,0,0,0,0,0,0,0,0,0,0,0,0,0,0,0,0,0,0,0,0,0,0,0,0,0,0,0,0,0,0,0,0,0,0,0,0,0,0,0,0,0,0,0,0,0,0
1989,236,18,12,5.597,2,8,0,-1,1,0,1,1,25,0,0,0,1028,0,0,0,0,0,1,1,0,0,0,63.190678,0,0,0,0,3,1,1,1,100,0,0,0,3,1,1,0.1,3000,0,0,0,0,0,0,0,0,0,0,0,0,0,0,0,0,0,0,0,0,0,0,0,0,0,0,0,0,0,0,0,0,0,0,0,0,0,0,0,0,0,0,0,0,0,0,0,0,0,0,0
1989,236,18,13,18.676,2,8,0,-1,0,0,1,1,25,0,0,0,1028,0,0,0,0,0,1,1,0,0,0,63.0701715,0,0,0,0,3,1,1,1,100,0,0,0,3,1,1,0.1,3000,0,0,0,0,0,0,0,0,0,0,0,0,0,0,0,0,0,0,0,0,0,0,0,0,0,0,0,0,0,0,0,0,0,0,0,0,0,0,0,0,0,0,0,0,0,0,0,0,0,0,0
1989,236,18,13,41.595,2,8,0,-1,1,0,1,1,25,0,0,0,1028,0,0,0,0,0,1,1,0,0,0,63.03237653,0,0,0,0,3,1,1,1,100,0,0,0,3,1,1,0.1,3000,0,0,0,0,0,0,0,0,0,0,0,0,0,0,0,0,0,0,0,0,0,0,0,0,0,0,0,0,0,0,0,0,0,0,0,0,0,0,0,0,0,0,0,0,0,0,0,0,0,0,0
1989,236,18,14,54.676,2,8,0,-1,0,0,1,1,25,0,0,0,1028,0,0,0,0,0,1,1,0,0,0,62.91185535,0,0,0,0,3,1,1,1,100,0,0,0,3,1,1,0.1,3000,0,0,0,0,0,0,0,0,0,0,0,0,0,0,0,0,0,0,0,0,0,0,0,0,0,0,0,0,0,0,0,0,0,0,0,0,0,0,0,0,0,0,0,0,0,0,0,0,0,0,0
1989,236,18,15,17.595,2,8,0,-1,1,0,1,1,25,0,0,0,1028,0,0,0,0,0,1,1,0,0,0,62.87405598,0,0,0,0,3,1,1,1,100,0,0,0,3,1,1,0.1,3000,0,0,0,0,0,0,0,0,0,0,0,0,0,0,0,0,0,0,0,0,0,0,0,0,0,0,0,0,0,0,0,0,0,0,0,0,0,0,0,0,0,0,0,0,0,0,0,0,0,0,0
1989,236,18,18,54.676,2,8,0,-1,0,0,1,1,25,0,0,0,1028,0,0,0,0,0,1,1,0,0,0,62.51599917,0,0,0,0,3,1,1,1,100,0,0,0,3,1,1,0.1,3000,0,0,0,0,0,0,0,0,0,0,0,0,0,0,0,0,0,0,0,0,0,0,0,0,0,0,0,0,0,0,0,0,0,0,0,0,0,0,0,0,0,0,0,0,0,0,0,0,0,0,0
1989,236,18,19,17.595,2,8,0,-1,1,0,1,1,25,0,0,0,1028,0,0,0,0,0,1,1,0,0,0,62.47819078,0,0,0,0,3,1,1,1,100,0,0,0,3,1,1,0.1,3000,0,0,0,0,0,0,0,0,0,0,0,0,0,0,0,0,0,0,0,0,0,0,0,0,0,0,0,0,0,0,0,0,0,0,0,0,0,0,0,0,0,0,0,0,0,0,0,0,0,0,0
1989,236,18,20,30.676,2,8,0,-1,0,0,1,1,25,0,0,0,1028,0,0,0,0,0,1,1,0,0,0,62.35763016,0,0,0,0,3,1,1,1,100,0,0,0,3,1,1,0.1,3000,0,0,0,0,0,0,0,0,0,0,0,0,0,0,0,0,0,0,0,0,0,0,0,0,0,0,0,0,0,0,0,0,0,0,0,0,0,0,0,0,0,0,0,0,0,0,0,0,0,0,0
1989,236,18,20,53.595,2,8,0,-1,1,0,1,1,25,0,0,0,1028,0,0,0,0,0,1,1,0,0,0,62.31981812,0,0,0,0,3,1,1,1,100,0,0,0,3,1,1,0.1,3000,0,0,0,0,0,0,0,0,0,0,0,0,0,0,0,0,0,0,0,0,0,0,0,0,0,0,0,0,0,0,0,0,0,0,0,0,0,0,0,0,0,0,0,0,0,0,0,0,0,0,0
1989,236,18,22,6.676,2,8,0,-1,0,0,1,1,25,0,0,0,1028,0,0,0,0,0,1,1,0,0,0,62.19924585,0,0,0,0,3,1,1,1,100,0,0,0,3,1,1,0.1,3000,0,0,0,0,0,0,0,0,0,0,0,0,0,0,0,0,0,0,0,0,0,0,0,0,0,0,0,0,0,0,0,0,0,0,0,0,0,0,0,0,0,0,0,0,0,0,0,0,0,0,0
1989,236,18,22,29.595,2,8,0,-1,1,0,1,1,25,0,0,0,1028,0,0,0,0,0,1,1,0,0,0,62.16143098,0,0,0,0,3,1,1,1,100,0,0,0,3,1,1,0.1,3000,0,0,0,0,0,0,0,0,0,0,0,0,0,0,0,0,0,0,0,0,0,0,0,0,0,0,0,0,0,0,0,0,0,0,0,0,0,0,0,0,0,0,0,0,0,0,0,0,0,0,0
1989,236,18,23,42.676,2,8,0,-1,0,0,1,1,25,0,0,0,1028,0,0,0,0,0,1,1,0,0,0,62.04084618,0,0,0,0,3,1,1,1,100,0,0,0,3,1,1,0.1,3000,0,0,0,0,0,0,0,0,0,0,0,0,0,0,0,0,0,0,0,0,0,0,0,0,0,0,0,0,0,0,0,0,0,0,0,0,0,0,0,0,0,0,0,0,0,0,0,0,0,0,0
1989,236,18,24,5.596,2,8,0,-1,1,0,1,1,25,0,0,0,1028,0,0,0,0,0,1,1,0,0,0,62.00302598,0,0,0,0,3,1,1,1,100,0,0,0,3,1,1,0.1,3000,0,0,0,0,0,0,0,0,0,0,0,0,0,0,0,0,0,0,0,0,0,0,0,0,0,0,0,0,0,0,0,0,0,0,0,0,0,0,0,0,0,0,0,0,0,0,0,0,0,0,0
1989,236,18,25,18.675,2,8,0,-1,0,0,1,1,25,0,0,0,1028,0,0,0,0,0,1,1,0,0,0,61.88243188,0,0,0,0,3,1,1,1,100,0,0,0,3,1,1,0.1,3000,0,0,0,0,0,0,0,0,0,0,0,0,0,0,0,0,0,0,0,0,0,0,0,0,0,0,0,0,0,0,0,0,0,0,0,0,0,0,0,0,0,0,0,0,0,0,0,0,0,0,0
1989,236,18,25,41.595,2,8,0,-1,1,0,1,1,25,0,0,0,1028,0,0,0,0,0,1,1,0,0,0,61.84460963,0,0,0,0,3,1,1,1,100,0,0,0,3,1,1,0.1,3000,0,0,0,0,0,0,0,0,0,0,0,0,0,0,0,0,0,0,0,0,0,0,0,0,0,0,0,0,0,0,0,0,0,0,0,0,0,0,0,0,0,0,0,0,0,0,0,0,0,0,0
1989,236,18,26,54.675,2,8,0,-1,0,0,1,1,25,0,0,0,1028,0,0,0,0,0,1,1,0,0,0,61.72400205,0,0,0,0,3,1,1,1,100,0,0,0,3,1,1,0.1,3000,0,0,0,0,0,0,0,0,0,0,0,0,0,0,0,0,0,0,0,0,0,0,0,0,0,0,0,0,0,0,0,0,0,0,0,0,0,0,0,0,0,0,0,0,0,0,0,0,0,0,0
1989,236,18,27,17.595,2,8,0,-1,1,0,1,1,25,0,0,0,1028,0,0,0,0,0,1,1,0,0,0,61.68617525,0,0,0,0,3,1,1,1,100,0,0,0,3,1,1,0.1,3000,0,0,0,0,0,0,0,0,0,0,0,0,0,0,0,0,0,0,0,0,0,0,0,0,0,0,0,0,0,0,0,0,0,0,0,0,0,0,0,0,0,0,0,0,0,0,0,0,0,0,0
1989,236,18,30,54.675,2,8,0,-1,0,0,1,1,25,0,0,0,1028,0,0,0,0,0,1,1,0,0,0,61.3278569,0,0,0,0,3,1,1,1,100,0,0,0,3,1,1,0.1,3000,0,0,0,0,0,0,0,0,0,0,0,0,0,0,0,0,0,0,0,0,0,0,0,0,0,0,0,0,0,0,0,0,0,0,0,0,0,0,0,0,0,0,0,0,0,0,0,0,0,0,0
1989,236,18,31,17.595,2,8,0,-1,1,0,1,1,25,0,0,0,1028,0,0,0,0,0,1,1,0,0,0,61.29002071,0,0,0,0,3,1,1,1,100,0,0,0,3,1,1,0.1,3000,0,0,0,0,0,0,0,0,0,0,0,0,0,0,0,0,0,0,0,0,0,0,0,0,0,0,0,0,0,0,0,0,0,0,0,0,0,0,0,0,0,0,0,0,0,0,0,0,0,0,0
1989,236,18,32,30.675,2,8,0,-1,0,0,1,1,25,0,0,0,1028,0,0,0,0,0,1,1,0,0,0,61.16937121,0,0,0,0,3,1,1,1,100,0,0,0,3,1,1,0.1,3000,0,0,0,0,0,0,0,0,0,0,0,0,0,0,0,0,0,0,0,0,0,0,0,0,0,0,0,0,0,0,0,0,0,0,0,0,0,0,0,0,0,0,0,0,0,0,0,0,0,0,0
1989,236,18,32,53.595,2,8,0,-1,1,0,1,1,25,0,0,0,1028,0,0,0,0,0,1,1,0,0,0,61.13153123,0,0,0,0,3,1,1,1,100,0,0,0,3,1,1,0.1,3000,0,0,0,0,0,0,0,0,0,0,0,0,0,0,0,0,0,0,0,0,0,0,0,0,0,0,0,0,0,0,0,0,0,0,0,0,0,0,0,0,0,0,0,0,0,0,0,0,0,0,0
1989,236,18,34,6.675,2,8,0,-1,0,0,1,1,25,0,0,0,1028,0,0,0,0,0,1,1,0,0,0,61.01086961,0,0,0,0,3,1,1,1,100,0,0,0,3,1,1,0.1,3000,0,0,0,0,0,0,0,0,0,0,0,0,0,0,0,0,0,0,0,0,0,0,0,0,0,0,0,0,0,0,0,0,0,0,0,0,0,0,0,0,0,0,0,0,0,0,0,0,0,0,0
1989,236,18,34,29.594,2,8,0,-1,1,0,1,1,25,0,0,0,1028,0,0,0,0,0,1,1,0,0,0,60.97302664,0,0,0,0,3,1,1,1,100,0,0,0,3,1,1,0.1,3000,0,0,0,0,0,0,0,0,0,0,0,0,0,0,0,0,0,0,0,0,0,0,0,0,0,0,0,0,0,0,0,0,0,0,0,0,0,0,0,0,0,0,0,0,0,0,0,0,0,0,0
1989,236,18,35,42.675,2,8,0,-1,0,0,1,1,25,0,0,0,1028,0,0,0,0,0,1,1,0,0,0,60.852352,0,0,0,0,3,1,1,1,100,0,0,0,3,1,1,0.1,3000,0,0,0,0,0,0,0,0,0,0,0,0,0,0,0,0,0,0,0,0,0,0,0,0,0,0,0,0,0,0,0,0,0,0,0,0,0,0,0,0,0,0,0,0,0,0,0,0,0,0,0
1989,236,18,36,5.595,2,8,0,-1,1,0,1,1,25,0,0,0,1028,0,0,0,0,0,1,1,0,0,0,60.81450355,0,0,0,0,3,1,1,1,100,0,0,0,3,1,1,0.1,3000,0,0,0,0,0,0,0,0,0,0,0,0,0,0,0,0,0,0,0,0,0,0,0,0,0,0,0,0,0,0,0,0,0,0,0,0,0,0,0,0,0,0,0,0,0,0,0,0,0,0,0
1989,236,18,37,18.675,2,8,0,-1,0,0,1,1,25,0,0,0,1028,0,0,0,0,0,1,1,0,0,0,60.69381831,0,0,0,0,3,1,1,1,100,0,0,0,3,1,1,0.1,3000,0,0,0,0,0,0,0,0,0,0,0,0,0,0,0,0,0,0,0,0,0,0,0,0,0,0,0,0,0,0,0,0,0,0,0,0,0,0,0,0,0,0,0,0,0,0,0,0,0,0,0
1989,236,18,37,41.594,2,8,0,-1,1,0,1,1,25,0,0,0,1028,0,0,0,0,0,1,1,0,0,0,60.65596765,0,0,0,0,3,1,1,1,100,0,0,0,3,1,1,0.1,3000,0,0,0,0,0,0,0,0,0,0,0,0,0,0,0,0,0,0,0,0,0,0,0,0,0,0,0,0,0,0,0,0,0,0,0,0,0,0,0,0,0,0,0,0,0,0,0,0,0,0,0
1989,236,18,38,54.674,2,8,0,-1,0,0,1,1,25,0,0,0,1028,0,0,0,0,0,1,1,0,0,0,60.53527009,0,0,0,0,3,1,1,1,100,0,0,0,3,1,1,0.1,3000,0,0,0,0,0,0,0,0,0,0,0,0,0,0,0,0,0,0,0,0,0,0,0,0,0,0,0,0,0,0,0,0,0,0,0,0,0,0,0,0,0,0,0,0,0,0,0,0,0,0,0
1989,236,18,39,17.594,2,8,0,-1,1,0,1,1,25,0,0,0,1028,0,0,0,0,0,1,1,0,0,0,60.4974139,0,0,0,0,3,1,1,1,100,0,0,0,3,1,1,0.1,3000,0,0,0,0,0,0,0,0,0,0,0,0,0,0,0,0,0,0,0,0,0,0,0,0,0,0,0,0,0,0,0,0,0,0,0,0,0,0,0,0,0,0,0,0,0,0,0,0,0,0,0
1989,236,18,42,54.674,2,8,0,-1,0,0,1,1,25,0,0,0,1028,0,0,0,0,0,1,1,0,0,0,60.13882404,0,0,0,0,3,1,1,1,100,0,0,0,3,1,1,0.1,3000,0,0,0,0,0,0,0,0,0,0,0,0,0,0,0,0,0,0,0,0,0,0,0,0,0,0,0,0,0,0,0,0,0,0,0,0,0,0,0,0,0,0,0,0,0,0,0,0,0,0,0
1989,236,18,43,17.594,2,8,0,-1,1,0,1,1,25,0,0,0,1028,0,0,0,0,0,1,1,0,0,0,60.10095808,0,0,0,0,3,1,1,1,100,0,0,0,3,1,1,0.1,3000,0,0,0,0,0,0,0,0,0,0,0,0,0,0,0,0,0,0,0,0,0,0,0,0,0,0,0,0,0,0,0,0,0,0,0,0,0,0,0,0,0,0,0,0,0,0,0,0,0,0,0
1989,236,18,44,30.674,2,8,0,-1,0,0,1,1,25,0,0,0,1028,0,0,0,0,0,1,1,0,0,0,59.98021684,0,0,0,0,3,1,1,1,100,0,0,0,3,1,1,0.1,3000,0,0,0,0,0,0,0,0,0,0,0,0,0,0,0,0,0,0,0,0,0,0,0,0,0,0,0,0,0,0,0,0,0,0,0,0,0,0,0,0,0,0,0,0,0,0,0,0,0,0,0
1989,236,18,44,53.594,2,8,0,-1,1,0,1,1,25,0,0,0,1028,0,0,0,0,0,1,1,0,0,0,59.94234775,0,0,0,0,3,1,1,1,100,0,0,0,3,1,1,0.1,3000,0,0,0,0,0,0,0,0,0,0,0,0,0,0,0,0,0,0,0,0,0,0,0,0,0,0,0,0,0,0,0,0,0,0,0,0,0,0,0,0,0,0,0,0,0,0,0,0,0,0,0
1989,236,18,46,6.674,2,8,0,-1,0,0,1,1,25,0,0,0,1028,0,0,0,0,0,1,1,0,0,0,59.82159306,0,0,0,0,3,1,1,1,100,0,0,0,3,1,1,0.1,3000,0,0,0,0,0,0,0,0,0,0,0,0,0,0,0,0,0,0,0,0,0,0,0,0,0,0,0,0,0,0,0,0,0,0,0,0,0,0,0,0,0,0,0,0,0,0,0,0,0,0,0
1989,236,18,46,29.594,2,8,0,-1,1,0,1,1,25,0,0,0,1028,0,0,0,0,0,1,1,0,0,0,59.78372,0,0,0,0,3,1,1,1,100,0,0,0,3,1,1,0.1,3000,0,0,0,0,0,0,0,0,0,0,0,0,0,0,0,0,0,0,0,0,0,0,0,0,0,0,0,0,0,0,0,0,0,0,0,0,0,0,0,0,0,0,0,0,0,0,0,0,0,0,0
1989,236,18,47,42.674,2,8,0,-1,0,0,1,1,25,0,0,0,1028,0,0,0,0,0,1,1,0,0,0,59.6629526,0,0,0,0,3,1,1,1,100,0,0,0,3,1,1,0.1,3000,0,0,0,0,0,0,0,0,0,0,0,0,0,0,0,0,0,0,0,0,0,0,0,0,0,0,0,0,0,0,0,0,0,0,0,0,0,0,0,0,0,0,0,0,0,0,0,0,0,0,0
1989,236,18,48,5.594,2,8,0,-1,1,0,1,1,25,0,0,0,1028,0,0,0,0,0,1,1,0,0,0,59.62507472,0,0,0,0,3,1,1,1,100,0,0,0,3,1,1,0.1,3000,0,0,0,0,0,0,0,0,0,0,0,0,0,0,0,0,0,0,0,0,0,0,0,0,0,0,0,0,0,0,0,0,0,0,0,0,0,0,0,0,0,0,0,0,0,0,0,0,0,0,0
1989,236,18,49,18.674,2,8,0,-1,0,0,1,1,25,0,0,0,1028,0,0,0,0,0,1,1,0,0,0,59.50429537,0,0,0,0,3,1,1,1,100,0,0,0,3,1,1,0.1,3000,0,0,0,0,0,0,0,0,0,0,0,0,0,0,0,0,0,0,0,0,0,0,0,0,0,0,0,0,0,0,0,0,0,0,0,0,0,0,0,0,0,0,0,0,0,0,0,0,0,0,0
1989,236,18,49,41.593,2,8,0,-1,1,0,1,1,25,0,0,0,1028,0,0,0,0,0,1,1,0,0,0,59.46641512,0,0,0,0,3,1,1,1,100,0,0,0,3,1,1,0.1,3000,0,0,0,0,0,0,0,0,0,0,0,0,0,0,0,0,0,0,0,0,0,0,0,0,0,0,0,0,0,0,0,0,0,0,0,0,0,0,0,0,0,0,0,0,0,0,0,0,0,0,0
1989,236,18,50,54.674,2,8,0,-1,0,0,1,1,25,0,0,0,1028,0,0,0,0,0,1,1,0,0,0,59.34562128,0,0,0,0,3,1,1,1,100,0,0,0,3,1,1,0.1,3000,0,0,0,0,0,0,0,0,0,0,0,0,0,0,0,0,0,0,0,0,0,0,0,0,0,0,0,0,0,0,0,0,0,0,0,0,0,0,0,0,0,0,0,0,0,0,0,0,0,0,0
1989,236,18,51,17.594,2,8,0,-1,1,0,1,1,25,0,0,0,1028,0,0,0,0,0,1,1,0,0,0,59.30773534,0,0,0,0,3,1,1,1,100,0,0,0,3,1,1,0.1,3000,0,0,0,0,0,0,0,0,0,0,0,0,0,0,0,0,0,0,0,0,0,0,0,0,0,0,0,0,0,0,0,0,0,0,0,0,0,0,0,0,0,0,0,0,0,0,0,0,0,0,0
1989,236,18,54,54.673,2,8,0,-1,0,0,1,1,25,0,0,0,1028,0,0,0,0,0,1,1,0,0,0,58.94886331,0,0,0,0,3,1,1,1,100,0,0,0,3,1,1,0.1,3000,0,0,0,0,0,0,0,0,0,0,0,0,0,0,0,0,0,0,0,0,0,0,0,0,0,0,0,0,0,0,0,0,0,0,0,0,0,0,0,0,0,0,0,0,0,0,0,0,0,0,0
1989,236,18,55,17.593,2,8,0,-1,1,0,1,1,25,0,0,0,1028,0,0,0,0,0,1,1,0,0,0,58.91096717,0,0,0,0,3,1,1,1,100,0,0,0,3,1,1,0.1,3000,0,0,0,0,0,0,0,0,0,0,0,0,0,0,0,0,0,0,0,0,0,0,0,0,0,0,0,0,0,0,0,0,0,0,0,0,0,0,0,0,0,0,0,0,0,0,0,0,0,0,0
1989,236,18,56,30.673,2,8,0,-1,0,0,1,1,25,0,0,0,1028,0,0,0,0,0,1,1,0,0,0,58.79012945,0,0,0,0,3,1,1,1,100,0,0,0,3,1,1,0.1,3000,0,0,0,0,0,0,0,0,0,0,0,0,0,0,0,0,0,0,0,0,0,0,0,0,0,0,0,0,0,0,0,0,0,0,0,0,0,0,0,0,0,0,0,0,0,0,0,0,0,0,0
1989,236,18,56,53.592,2,8,0,-1,1,0,1,1,25,0,0,0,1028,0,0,0,0,0,1,1,0,0,0,58.75223001,0,0,0,0,3,1,1,1,100,0,0,0,3,1,1,0.1,3000,0,0,0,0,0,0,0,0,0,0,0,0,0,0,0,0,0,0,0,0,0,0,0,0,0,0,0,0,0,0,0,0,0,0,0,0,0,0,0,0,0,0,0,0,0,0,0,0,0,0,0
1989,236,18,58,6.673,2,8,0,-1,0,0,1,1,25,0,0,0,1028,0,0,0,0,0,1,1,0,0,0,58.63137829,0,0,0,0,3,1,1,1,100,0,0,0,3,1,1,0.1,3000,0,0,0,0,0,0,0,0,0,0,0,0,0,0,0,0,0,0,0,0,0,0,0,0,0,0,0,0,0,0,0,0,0,0,0,0,0,0,0,0,0,0,0,0,0,0,0,0,0,0,0
1989,236,18,58,29.593,2,8,0,-1,1,0,1,1,25,0,0,0,1028,0,0,0,0,0,1,1,0,0,0,58.59347471,0,0,0,0,3,1,1,1,100,0,0,0,3,1,1,0.1,3000,0,0,0,0,0,0,0,0,0,0,0,0,0,0,0,0,0,0,0,0,0,0,0,0,0,0,0,0,0,0,0,0,0,0,0,0,0,0,0,0,0,0,0,0,0,0,0,0,0,0,0
1989,236,18,59,42.673,2,8,0,-1,0,0,1,1,25,0,0,0,1028,0,0,0,0,0,1,1,0,0,0,58.47260974,0,0,0,0,3,1,1,1,100,0,0,0,3,1,1,0.1,3000,0,0,0,0,0,0,0,0,0,0,0,0,0,0,0,0,0,0,0,0,0,0,0,0,0,0,0,0,0,0,0,0,0,0,0,0,0,0,0,0,0,0,0,0,0,0,0,0,0,0,0
1989,236,19,0,5.593,2,8,0,-1,1,0,1,1,25,0,0,0,1028,0,0,0,0,0,1,1,0,0,0,58.43470117,0,0,0,0,3,1,1,1,100,0,0,0,3,1,1,0.1,3000,0,0,0,0,0,0,0,0,0,0,0,0,0,0,0,0,0,0,0,0,0,0,0,0,0,0,0,0,0,0,0,0,0,0,0,0,0,0,0,0,0,0,0,0,0,0,0,0,0,0,0
1989,236,19,1,18.673,2,8,0,-1,0,0,1,1,25,0,0,0,1028,0,0,0,0,0,1,1,0,0,0,58.3138237,0,0,0,0,3,1,1,1,100,0,0,0,3,1,1,0.1,3000,0,0,0,0,0,0,0,0,0,0,0,0,0,0,0,0,0,0,0,0,0,0,0,0,0,0,0,0,0,0,0,0,0,0,0,0,0,0,0,0,0,0,0,0,0,0,0,0,0,0,0
1989,236,19,1,41.592,2,8,0,-1,1,0,1,1,25,0,0,0,1028,0,0,0,0,0,1,1,0,0,0,58.27591259,0,0,0,0,3,1,1,1,100,0,0,0,3,1,1,0.1,3000,0,0,0,0,0,0,0,0,0,0,0,0,0,0,0,0,0,0,0,0,0,0,0,0,0,0,0,0,0,0,0,0,0,0,0,0,0,0,0,0,0,0,0,0,0,0,0,0,0,0,0
1989,236,19,2,54.673,2,8,0,-1,0,0,1,1,25,0,0,0,1028,0,0,0,0,0,1,1,0,0,0,58.15502007,0,0,0,0,3,1,1,1,100,0,0,0,3,1,1,0.1,3000,0,0,0,0,0,0,0,0,0,0,0,0,0,0,0,0,0,0,0,0,0,0,0,0,0,0,0,0,0,0,0,0,0,0,0,0,0,0,0,0,0,0,0,0,0,0,0,0,0,0,0
1989,236,19,3,17.593,2,8,0,-1,1,0,1,1,25,0,0,0,1028,0,0,0,0,0,1,1,0,0,0,58.11710309,0,0,0,0,3,1,1,1,100,0,0,0,3,1,1,0.1,3000,0,0,0,0,0,0,0,0,0,0,0,0,0,0,0,0,0,0,0,0,0,0,0,0,0,0,0,0,0,0,0,0,0,0,0,0,0,0,0,0,0,0,0,0,0,0,0,0,0,0,0
1989,236,19,6,54.672,2,8,0,-1,0,0,1,1,25,0,0,0,1028,0,0,0,0,0,1,1,0,0,0,57.757935,0,0,0,0,3,1,1,1,100,0,0,0,3,1,1,0.1,3000,0,0,0,0,0,0,0,0,0,0,0,0,0,0,0,0,0,0,0,0,0,0,0,0,0,0,0,0,0,0,0,0,0,0,0,0,0,0,0,0,0,0,0,0,0,0,0,0,0,0,0
1989,236,19,7,17.592,2,8,0,-1,1,0,1,1,25,0,0,0,1028,0,0,0,0,0,1,1,0,0,0,57.72000738,0,0,0,0,3,1,1,1,100,0,0,0,3,1,1,0.1,3000,0,0,0,0,0,0,0,0,0,0,0,0,0,0,0,0,0,0,0,0,0,0,0,0,0,0,0,0,0,0,0,0,0,0,0,0,0,0,0,0,0,0,0,0,0,0,0,0,0,0,0
1989,236,19,8,30.672,2,8,0,-1,0,0,1,1,25,0,0,0,1028,0,0,0,0,0,1,1,0,0,0,57.59906899,0,0,0,0,3,1,1,1,100,0,0,0,3,1,1,0.1,3000,0,0,0,0,0,0,0,0,0,0,0,0,0,0,0,0,0,0,0,0,0,0,0,0,0,0,0,0,0,0,0,0,0,0,0,0,0,0,0,0,0,0,0,0,0,0,0,0,0,0,0
1989,236,19,8,53.592,2,8,0,-1,1,0,1,1,25,0,0,0,1028,0,0,0,0,0,1,1,0,0,0,57.56113707,0,0,0,0,3,1,1,1,100,0,0,0,3,1,1,0.1,3000,0,0,0,0,0,0,0,0,0,0,0,0,0,0,0,0,0,0,0,0,0,0,0,0,0,0,0,0,0,0,0,0,0,0,0,0,0,0,0,0,0,0,0,0,0,0,0,0,0,0,0
1989,236,19,10,6.672,2,8,0,-1,0,0,1,1,25,0,0,0,1028,0,0,0,0,0,1,1,0,0,0,57.44018493,0,0,0,0,3,1,1,1,100,0,0,0,3,1,1,0.1,3000,0,0,0,0,0,0,0,0,0,0,0,0,0,0,0,0,0,0,0,0,0,0,0,0,0,0,0,0,0,0,0,0,0,0,0,0,0,0,0,0,0,0,0,0,0,0,0,0,0,0,0
1989,236,19,10,29.591,2,8,0,-1,1,0,1,1,25,0,0,0,1028,0,0,0,0,0,1,1,0,0,0,57.40224951,0,0,0,0,3,1,1,1,100,0,0,0,3,1,1,0.1,3000,0,0,0,0,0,0,0,0,0,0,0,0,0,0,0,0,0,0,0,0,0,0,0,0,0,0,0,0,0,0,0,0,0,0,0,0,0,0,0,0,0,0,0,0,0,0,0,0,0,0,0
1989,236,19,11,42.672,2,8,0,-1,0,0,1,1,25,0,0,0,1028,0,0,0,0,0,1,1,0,0,0,57.28128271,0,0,0,0,3,1,1,1,100,0,0,0,3,1,1,0.1,3000,0,0,0,0,0,0,0,0,0,0,0,0,0,0,0,0,0,0,0,0,0,0,0,0,0,0,0,0,0,0,0,0,0,0,0,0,0,0,0,0,0,0,0,0,0,0,0,0,0,0,0
1989,236,19,12,5.592,2,8,0,-1,1,0,1,1,25,0,0,0,1028,0,0,0,0,0,1,1,0,0,0,57.24334211,0,0,0,0,3,1,1,1,100,0,0,0,3,1,1,0.1,3000,0,0,0,0,0,0,0,0,0,0,0,0,0,0,0,0,0,0,0,0,0,0,0,0,0,0,0,0,0,0,0,0,0,0,0,0,0,0,0,0,0,0,0,0,0,0,0,0,0,0,0
1989,236,19,13,18.672,2,8,0,-1,0,0,1,1,25,0,0,0,1028,0,0,0,0,0,1,1,0,0,0,57.12236222,0,0,0,0,3,1,1,1,100,0,0,0,3,1,1,0.1,3000,0,0,0,0,0,0,0,0,0,0,0,0,0,0,0,0,0,0,0,0,0,0,0,0,0,0,0,0,0,0,0,0,0,0,0,0,0,0,0,0,0,0,0,0,0,0,0,0,0,0,0
1989,236,19,13,41.591,2,8,0,-1,1,0,1,1,25,0,0,0,1028,0,0,0,0,0,1,1,0,0,0,57.08441807,0,0,0,0,3,1,1,1,100,0,0,0,3,1,1,0.1,3000,0,0,0,0,0,0,0,0,0,0,0,0,0,0,0,0,0,0,0,0,0,0,0,0,0,0,0,0,0,0,0,0,0,0,0,0,0,0,0,0,0,0,0,0,0,0,0,0,0,0,0
1989,236,19,14,54.672,2,8,0,-1,0,0,1,1,25,0,0,0,1028,0,0,0,0,0,1,1,0,0,0,56.96342336,0,0,0,0,3,1,1,1,100,0,0,0,3,1,1,0.1,3000,0,0,0,0,0,0,0,0,0,0,0,0,0,0,0,0,0,0,0,0,0,0,0,0,0,0,0,0,0,0,0,0,0,0,0,0,0,0,0,0,0,0,0,0,0,0,0,0,0,0,0
1989,236,19,15,17.592,2,8,0,-1,1,0,1,1,25,0,0,0,1028,0,0,0,0,0,1,1,0,0,0,56.92547398,0,0,0,0,3,1,1,1,100,0,0,0,3,1,1,0.1,3000,0,0,0,0,0,0,0,0,0,0,0,0,0,0,0,0,0,0,0,0,0,0,0,0,0,0,0,0,0,0,0,0,0,0,0,0,0,0,0,0,0,0,0,0,0,0,0,0,0,0,0
1989,236,19,18,54.671,2,8,0,-1,0,0,1,1,25,0,0,0,1028,0,0,0,0,0,1,1,0,0,0,56.56599679,0,0,0,0,3,1,1,1,100,0,0,0,3,1,1,0.1,3000,0,0,0,0,0,0,0,0,0,0,0,0,0,0,0,0,0,0,0,0,0,0,0,0,0,0,0,0,0,0,0,0,0,0,0,0,0,0,0,0,0,0,0,0,0,0,0,0,0,0,0
1989,236,19,19,17.591,2,8,0,-1,1,0,1,1,25,0,0,0,1028,0,0,0,0,0,1,1,0,0,0,56.52803629,0,0,0,0,3,1,1,1,100,0,0,0,3,1,1,0.1,3000,0,0,0,0,0,0,0,0,0,0,0,0,0,0,0,0,0,0,0,0,0,0,0,0,0,0,0,0,0,0,0,0,0,0,0,0,0,0,0,0,0,0,0,0,0,0,0,0,0,0,0
1989,236,19,20,30.671,2,8,0,-1,0,0,1,1,25,0,0,0,1028,0,0,0,0,0,1,1,0,0,0,56.40699278,0,0,0,0,3,1,1,1,100,0,0,0,3,1,1,0.1,3000,0,0,0,0,0,0,0,0,0,0,0,0,0,0,0,0,0,0,0,0,0,0,0,0,0,0,0,0,0,0,0,0,0,0,0,0,0,0,0,0,0,0,0,0,0,0,0,0,0,0,0
1989,236,19,20,53.591,2,8,0,-1,1,0,1,1,25,0,0,0,1028,0,0,0,0,0,1,1,0,0,0,56.36902778,0,0,0,0,3,1,1,1,100,0,0,0,3,1,1,0.1,3000,0,0,0,0,0,0,0,0,0,0,0,0,0,0,0,0,0,0,0,0,0,0,0,0,0,0,0,0,0,0,0,0,0,0,0,0,0,0,0,0,0,0,0,0,0,0,0,0,0,0,0
1989,236,19,22,6.671,2,8,0,-1,0,0,1,1,25,0,0,0,1028,0,0,0,0,0,1,1,0,0,0,56.2479699,0,0,0,0,3,1,1,1,100,0,0,0,3,1,1,0.1,3000,0,0,0,0,0,0,0,0,0,0,0,0,0,0,0,0,0,0,0,0,0,0,0,0,0,0,0,0,0,0,0,0,0,0,0,0,0,0,0,0,0,0,0,0,0,0,0,0,0,0,0
1989,236,19,22,29.591,2,8,0,-1,1,0,1,1,25,0,0,0,1028,0,0,0,0,0,1,1,0,0,0,56.21000038,0,0,0,0,3,1,1,1,100,0,0,0,3,1,1,0.1,3000,0,0,0,0,0,0,0,0,0,0,0,0,0,0,0,0,0,0,0,0,0,0,0,0,0,0,0,0,0,0,0,0,0,0,0,0,0,0,0,0,0,0,0,0,0,0,0,0,0,0,0
1989,236,19,23,42.671,2,8,0,-1,0,0,1,1,25,0,0,0,1028,0,0,0,0,0,1,1,0,0,0,56.08892804,0,0,0,0,3,1,1,1,100,0,0,0,3,1,1,0.1,3000,0,0,0,0,0,0,0,0,0,0,0,0,0,0,0,0,0,0,0,0,0,0,0,0,0,0,0,0,0,0,0,0,0,0,0,0,0,0,0,0,0,0,0,0,0,0,0,0,0,0,0
1989,236,19,24,5.591,2,8,0,-1,1,0,1,1,25,0,0,0,1028,0,0,0,0,0,1,1,0,0,0,56.05095398,0,0,0,0,3,1,1,1,100,0,0,0,3,1,1,0.1,3000,0,0,0,0,0,0,0,0,0,0,0,0,0,0,0,0,0,0,0,0,0,0,0,0,0,0,0,0,0,0,0,0,0,0,0,0,0,0,0,0,0,0,0,0,0,0,0,0,0,0,0
1989,236,19,25,18.671,2,8,0,-1,0,0,1,1,25,0,0,0,1028,0,0,0,0,0,1,1,0,0,0,55.9298671,0,0,0,0,3,1,1,1,100,0,0,0,3,1,1,0.1,3000,0,0,0,0,0,0,0,0,0,0,0,0,0,0,0,0,0,0,0,0,0,0,0,0,0,0,0,0,0,0,0,0,0,0,0,0,0,0,0,0,0,0,0,0,0,0,0,0,0,0,0
1989,236,19,25,41.591,2,8,0,-1,1,0,1,1,25,0,0,0,1028,0,0,0,0,0,1,1,0,0,0,55.89188847,0,0,0,0,3,1,1,1,100,0,0,0,3,1,1,0.1,3000,0,0,0,0,0,0,0,0,0,0,0,0,0,0,0,0,0,0,0,0,0,0,0,0,0,0,0,0,0,0,0,0,0,0,0,0,0,0,0,0,0,0,0,0,0,0,0,0,0,0,0
1989,236,19,26,54.671,2,8,0,-1,0,0,1,1,25,0,0,0,1028,0,0,0,0,0,1,1,0,0,0,55.77078695,0,0,0,0,3,1,1,1,100,0,0,0,3,1,1,0.1,3000,0,0,0,0,0,0,0,0,0,0,0,0,0,0,0,0,0,0,0,0,0,0,0,0,0,0,0,0,0,0,0,0,0,0,0,0,0,0,0,0,0,0,0,0,0,0,0,0,0,0,0
1989,236,19,27,17.591,2,8,0,-1,1,0,1,1,25,0,0,0,1028,0,0,0,0,0,1,1,0,0,0,55.73280372,0,0,0,0,3,1,1,1,100,0,0,0,3,1,1,0.1,3000,0,0,0,0,0,0,0,0,0,0,0,0,0,0,0,0,0,0,0,0,0,0,0,0,0,0,0,0,0,0,0,0,0,0,0,0,0,0,0,0,0,0,0,0,0,0,0,0,0,0,0
1989,236,19,30,54.67,2,8,0,-1,0,0,1,1,25,0,0,0,1028,0,0,0,0,0,1,1,0,0,0,55.37300347,0,0,0,0,3,1,1,1,100,0,0,0,3,1,1,0.1,3000,0,0,0,0,0,0,0,0,0,0,0,0,0,0,0,0,0,0,0,0,0,0,0,0,0,0,0,0,0,0,0,0,0,0,0,0,0,0,0,0,0,0,0,0,0,0,0,0,0,0,0
1989,236,19,31,17.589,2,8,0,-1,1,0,1,1,25,0,0,0,1028,0,0,0,0,0,1,1,0,0,0,55.33500943,0,0,0,0,3,1,1,1,100,0,0,0,3,1,1,0.1,3000,0,0,0,0,0,0,0,0,0,0,0,0,0,0,0,0,0,0,0,0,0,0,0,0,0,0,0,0,0,0,0,0,0,0,0,0,0,0,0,0,0,0,0,0,0,0,0,0,0,0,0
1989,236,19,32,30.67,2,8,0,-1,0,0,1,1,25,0,0,0,1028,0,0,0,0,0,1,1,0,0,0,55.21385519,0,0,0,0,3,1,1,1,100,0,0,0,3,1,1,0.1,3000,0,0,0,0,0,0,0,0,0,0,0,0,0,0,0,0,0,0,0,0,0,0,0,0,0,0,0,0,0,0,0,0,0,0,0,0,0,0,0,0,0,0,0,0,0,0,0,0,0,0,0
1989,236,19,32,53.59,2,8,0,-1,1,0,1,1,25,0,0,0,1028,0,0,0,0,0,1,1,0,0,0,55.17585563,0,0,0,0,3,1,1,1,100,0,0,0,3,1,1,0.1,3000,0,0,0,0,0,0,0,0,0,0,0,0,0,0,0,0,0,0,0,0,0,0,0,0,0,0,0,0,0,0,0,0,0,0,0,0,0,0,0,0,0,0,0,0,0,0,0,0,0,0,0
1989,236,19,34,6.67,2,8,0,-1,0,0,1,1,25,0,0,0,1028,0,0,0,0,0,1,1,0,0,0,55.05468719,0,0,0,0,3,1,1,1,100,0,0,0,3,1,1,0.1,3000,0,0,0,0,0,0,0,0,0,0,0,0,0,0,0,0,0,0,0,0,0,0,0,0,0,0,0,0,0,0,0,0,0,0,0,0,0,0,0,0,0,0,0,0,0,0,0,0,0,0,0
1989,236,19,34,29.59,2,8,0,-1,1,0,1,1,25,0,0,0,1028,0,0,0,0,0,1,1,0,0,0,55.01668372,0,0,0,0,3,1,1,1,100,0,0,0,3,1,1,0.1,3000,0,0,0,0,0,0,0,0,0,0,0,0,0,0,0,0,0,0,0,0,0,0,0,0,0,0,0,0,0,0,0,0,0,0,0,0,0,0,0,0,0,0,0,0,0,0,0,0,0,0,0
1989,236,19,35,42.67,2,8,0,-1,0,0,1,1,25,0,0,0,1028,0,0,0,0,0,1,1,0,0,0,54.89549933,0,0,0,0,3,1,1,1,100,0,0,0,3,1,1,0.1,3000,0,0,0,0,0,0,0,0,0,0,0,0,0,0,0,0,0,0,0,0,0,0,0,0,0,0,0,0,0,0,0,0,0,0,0,0,0,0,0,0,0,0,0,0,0,0,0,0,0,0,0
1989,236,19,36,5.59,2,8,0,-1,1,0,1,1,25,0,0,0,1028,0,0,0,0,0,1,1,0,0,0,54.85749028,0,0,0,0,3,1,1,1,100,0,0,0,3,1,1,0.1,3000,0,0,0,0,0,0,0,0,0,0,0,0,0,0,0,0,0,0,0,0,0,0,0,0,0,0,0,0,0,0,0,0,0,0,0,0,0,0,0,0,0,0,0,0,0,0,0,0,0,0,0
1989,236,19,37,18.67,2,8,0,-1,0,0,1,1,25,0,0,0,1028,0,0,0,0,0,1,1,0,0,0,54.7362915,0,0,0,0,3,1,1,1,100,0,0,0,3,1,1,0.1,3000,0,0,0,0,0,0,0,0,0,0,0,0,0,0,0,0,0,0,0,0,0,0,0,0,0,0,0,0,0,0,0,0,0,0,0,0,0,0,0,0,0,0,0,0,0,0,0,0,0,0,0
1989,236,19,37,41.59,2,8,0,-1,1,0,1,1,25,0,0,0,1028,0,0,0,0,0,1,1,0,0,0,54.69827767,0,0,0,0,3,1,1,1,100,0,0,0,3,1,1,0.1,3000,0,0,0,0,0,0,0,0,0,0,0,0,0,0,0,0,0,0,0,0,0,0,0,0,0,0,0,0,0,0,0,0,0,0,0,0,0,0,0,0,0,0,0,0,0,0,0,0,0,0,0
1989,236,19,38,54.67,2,8,0,-1,0,0,1,1,25,0,0,0,1028,0,0,0,0,0,1,1,0,0,0,54.57706358,0,0,0,0,3,1,1,1,100,0,0,0,3,1,1,0.1,3000,0,0,0,0,0,0,0,0,0,0,0,0,0,0,0,0,0,0,0,0,0,0,0,0,0,0,0,0,0,0,0,0,0,0,0,0,0,0,0,0,0,0,0,0,0,0,0,0,0,0,0
1989,236,19,39,17.59,2,8,0,-1,1,0,1,1,25,0,0,0,1028,0,0,0,0,0,1,1,0,0,0,54.53904576,0,0,0,0,3,1,1,1,100,0,0,0,3,1,1,0.1,3000,0,0,0,0,0,0,0,0,0,0,0,0,0,0,0,0,0,0,0,0,0,0,0,0,0,0,0,0,0,0,0,0,0,0,0,0,0,0,0,0,0,0,0,0,0,0,0,0,0,0,0
1989,236,19,42,54.669,2,8,0,-1,0,0,1,1,25,0,0,0,1028,0,0,0,0,0,1,1,0,0,0,54.17890587,0,0,0,0,3,1,1,1,100,0,0,0,3,1,1,0.1,3000,0,0,0,0,0,0,0,0,0,0,0,0,0,0,0,0,0,0,0,0,0,0,0,0,0,0,0,0,0,0,0,0,0,0,0,0,0,0,0,0,0,0,0,0,0,0,0,0,0,0,0
1989,236,19,43,17.589,2,8,0,-1,1,0,1,1,25,0,0,0,1028,0,0,0,0,0,1,1,0,0,0,54.14087588,0,0,0,0,3,1,1,1,100,0,0,0,3,1,1,0.1,3000,0,0,0,0,0,0,0,0,0,0,0,0,0,0,0,0,0,0,0,0,0,0,0,0,0,0,0,0,0,0,0,0,0,0,0,0,0,0,0,0,0,0,0,0,0,0,0,0,0,0,0
1989,236,19,44,30.669,2,8,0,-1,0,0,1,1,25,0,0,0,1028,0,0,0,0,0,1,1,0,0,0,54.01960747,0,0,0,0,3,1,1,1,100,0,0,0,3,1,1,0.1,3000,0,0,0,0,0,0,0,0,0,0,0,0,0,0,0,0,0,0,0,0,0,0,0,0,0,0,0,0,0,0,0,0,0,0,0,0,0,0,0,0,0,0,0,0,0,0,0,0,0,0,0
1989,236,19,44,53.589,2,8,0,-1,1,0,1,1,25,0,0,0,1028,0,0,0,0,0,1,1,0,0,0,53.98157173,0,0,0,0,3,1,1,1,100,0,0,0,3,1,1,0.1,3000,0,0,0,0,0,0,0,0,0,0,0,0,0,0,0,0,0,0,0,0,0,0,0,0,0,0,0,0,0,0,0,0,0,0,0,0,0,0,0,0,0,0,0,0,0,0,0,0,0,0,0
1989,236,19,46,6.669,2,8,0,-1,0,0,1,1,25,0,0,0,1028,0,0,0,0,0,1,1,0,0,0,53.86028757,0,0,0,0,3,1,1,1,100,0,0,0,3,1,1,0.1,3000,0,0,0,0,0,0,0,0,0,0,0,0,0,0,0,0,0,0,0,0,0,0,0,0,0,0,0,0,0,0,0,0,0,0,0,0,0,0,0,0,0,0,0,0,0,0,0,0,0,0,0
1989,236,19,46,29.588,2,8,0,-1,1,0,1,1,25,0,0,0,1028,0,0,0,0,0,1,1,0,0,0,53.82224771,0,0,0,0,3,1,1,1,100,0,0,0,3,1,1,0.1,3000,0,0,0,0,0,0,0,0,0,0,0,0,0,0,0,0,0,0,0,0,0,0,0,0,0,0,0,0,0,0,0,0,0,0,0,0,0,0,0,0,0,0,0,0,0,0,0,0,0,0,0
1989,236,19,47,42.669,2,8,0,-1,0,0,1,1,25,0,0,0,1028,0,0,0,0,0,1,1,0,0,0,53.70094689,0,0,0,0,3,1,1,1,100,0,0,0,3,1,1,0.1,3000,0,0,0,0,0,0,0,0,0,0,0,0,0,0,0,0,0,0,0,0,0,0,0,0,0,0,0,0,0,0,0,0,0,0,0,0,0,0,0,0,0,0,0,0,0,0,0,0,0,0,0
1989,236,19,48,5.589,2,8,0,-1,1,0,1,1,25,0,0,0,1028,0,0,0,0,0,1,1,0,0,0,53.66290122,0,0,0,0,3,1,1,1,100,0,0,0,3,1,1,0.1,3000,0,0,0,0,0,0,0,0,0,0,0,0,0,0,0,0,0,0,0,0,0,0,0,0,0,0,0,0,0,0,0,0,0,0,0,0,0,0,0,0,0,0,0,0,0,0,0,0,0,0,0
1989,236,19,49,18.669,2,8,0,-1,0,0,1,1,25,0,0,0,1028,0,0,0,0,0,1,1,0,0,0,53.54158529,0,0,0,0,3,1,1,1,100,0,0,0,3,1,1,0.1,3000,0,0,0,0,0,0,0,0,0,0,0,0,0,0,0,0,0,0,0,0,0,0,0,0,0,0,0,0,0,0,0,0,0,0,0,0,0,0,0,0,0,0,0,0,0,0,0,0,0,0,0
1989,236,19,49,41.589,2,8,0,-1,1,0,1,1,25,0,0,0,1028,0,0,0,0,0,1,1,0,0,0,53.5035346,0,0,0,0,3,1,1,1,100,0,0,0,3,1,1,0.1,3000,0,0,0,0,0,0,0,0,0,0,0,0,0,0,0,0,0,0,0,0,0,0,0,0,0,0,0,0,0,0,0,0,0,0,0,0,0,0,0,0,0,0,0,0,0,0,0,0,0,0,0
1989,236,19,50,54.669,2,8,0,-1,0,0,1,1,25,0,0,0,1028,0,0,0,0,0,1,1,0,0,0,53.38220264,0,0,0,0,3,1,1,1,100,0,0,0,3,1,1,0.1,3000,0,0,0,0,0,0,0,0,0,0,0,0,0,0,0,0,0,0,0,0,0,0,0,0,0,0,0,0,0,0,0,0,0,0,0,0,0,0,0,0,0,0,0,0,0,0,0,0,0,0,0
1989,236,19,51,17.588,2,8,0,-1,1,0,1,1,25,0,0,0,1028,0,0,0,0,0,1,1,0,0,0,53.34414774,0,0,0,0,3,1,1,1,100,0,0,0,3,1,1,0.1,3000,0,0,0,0,0,0,0,0,0,0,0,0,0,0,0,0,0,0,0,0,0,0,0,0,0,0,0,0,0,0,0,0,0,0,0,0,0,0,0,0,0,0,0,0,0,0,0,0,0,0,0
1989,236,19,54,54.669,2,8,0,-1,0,0,1,1,25,0,0,0,1028,0,0,0,0,0,1,1,0,0,0,52.98365306,0,0,0,0,3,1,1,1,100,0,0,0,3,1,1,0.1,3000,0,0,0,0,0,0,0,0,0,0,0,0,0,0,0,0,0,0,0,0,0,0,0,0,0,0,0,0,0,0,0,0,0,0,0,0,0,0,0,0,0,0,0,0,0,0,0,0,0,0,0
1989,236,19,55,17.588,2,8,0,-1,1,0,1,1,25,0,0,0,1028,0,0,0,0,0,1,1,0,0,0,52.9455854,0,0,0,0,3,1,1,1,100,0,0,0,3,1,1,0.1,3000,0,0,0,0,0,0,0,0,0,0,0,0,0,0,0,0,0,0,0,0,0,0,0,0,0,0,0,0,0,0,0,0,0,0,0,0,0,0,0,0,0,0,0,0,0,0,0,0,0,0,0
1989,236,19,56,30.668,2,8,0,-1,0,0,1,1,25,0,0,0,1028,0,0,0,0,0,1,1,0,0,0,52.82419734,0,0,0,0,3,1,1,1,100,0,0,0,3,1,1,0.1,3000,0,0,0,0,0,0,0,0,0,0,0,0,0,0,0,0,0,0,0,0,0,0,0,0,0,0,0,0,0,0,0,0,0,0,0,0,0,0,0,0,0,0,0,0,0,0,0,0,0,0,0
1989,236,19,56,53.588,2,8,0,-1,1,0,1,1,25,0,0,0,1028,0,0,0,0,0,1,1,0,0,0,52.7861237,0,0,0,0,3,1,1,1,100,0,0,0,3,1,1,0.1,3000,0,0,0,0,0,0,0,0,0,0,0,0,0,0,0,0,0,0,0,0,0,0,0,0,0,0,0,0,0,0,0,0,0,0,0,0,0,0,0,0,0,0,0,0,0,0,0,0,0,0,0
1989,236,19,58,6.668,2,8,0,-1,0,0,1,1,25,0,0,0,1028,0,0,0,0,0,1,1,0,0,0,52.66471831,0,0,0,0,3,1,1,1,100,0,0,0,3,1,1,0.1,3000,0,0,0,0,0,0,0,0,0,0,0,0,0,0,0,0,0,0,0,0,0,0,0,0,0,0,0,0,0,0,0,0,0,0,0,0,0,0,0,0,0,0,0,0,0,0,0,0,0,0,0
1989,236,19,58,29.587,2,8,0,-1,1,0,1,1,25,0,0,0,1028,0,0,0,0,0,1,1,0,0,0,52.62664031,0,0,0,0,3,1,1,1,100,0,0,0,3,1,1,0.1,3000,0,0,0,0,0,0,0,0,0,0,0,0,0,0,0,0,0,0,0,0,0,0,0,0,0,0,0,0,0,0,0,0,0,0,0,0,0,0,0,0,0,0,0,0,0,0,0,0,0,0,0
1989,236,19,59,42.668,2,8,0,-1,0,0,1,1,25,0,0,0,1028,0,0,0,0,0,1,1,0,0,0,52.50521832,0,0,0,0,3,1,1,1,100,0,0,0,3,1,1,0.1,3000,0,0,0,0,0,0,0,0,0,0,0,0,0,0,0,0,0,0,0,0,0,0,0,0,0,0,0,0,0,0,0,0,0,0,0,0,0,0,0,0,0,0,0,0,0,0,0,0,0,0,0
1989,236,20,0,5.587,2,8,0,-1,1,0,1,1,25,0,0,0,1028,0,0,0,0,0,1,1,0,0,0,52.46713426,0,0,0,0,3,1,1,1,100,0,0,0,3,1,1,0.1,3000,0,0,0,0,0,0,0,0,0,0,0,0,0,0,0,0,0,0,0,0,0,0,0,0,0,0,0,0,0,0,0,0,0,0,0,0,0,0,0,0,0,0,0,0,0,0,0,0,0,0,0
1989,236,20,1,18.668,2,8,0,-1,0,0,1,1,25,0,0,0,1028,0,0,0,0,0,1,1,0,0,0,52.34569473,0,0,0,0,3,1,1,1,100,0,0,0,3,1,1,0.1,3000,0,0,0,0,0,0,0,0,0,0,0,0,0,0,0,0,0,0,0,0,0,0,0,0,0,0,0,0,0,0,0,0,0,0,0,0,0,0,0,0,0,0,0,0,0,0,0,0,0,0,0
1989,236,20,1,41.588,2,8,0,-1,1,0,1,1,25,0,0,0,1028,0,0,0,0,0,1,1,0,0,0,52.30760541,0,0,0,0,3,1,1,1,100,0,0,0,3,1,1,0.1,3000,0,0,0,0,0,0,0,0,0,0,0,0,0,0,0,0,0,0,0,0,0,0,0,0,0,0,0,0,0,0,0,0,0,0,0,0,0,0,0,0,0,0,0,0,0,0,0,0,0,0,0
1989,236,20,2,54.668,2,8,0,-1,0,0,1,1,25,0,0,0,1028,0,0,0,0,0,1,1,0,0,0,52.1861499,0,0,0,0,3,1,1,1,100,0,0,0,3,1,1,0.1,3000,0,0,0,0,0,0,0,0,0,0,0,0,0,0,0,0,0,0,0,0,0,0,0,0,0,0,0,0,0,0,0,0,0,0,0,0,0,0,0,0,0,0,0,0,0,0,0,0,0,0,0
1989,236,20,3,17.587,2,8,0,-1,1,0,1,1,25,0,0,0,1028,0,0,0,0,0,1,1,0,0,0,52.14805612,0,0,0,0,3,1,1,1,100,0,0,0,3,1,1,0.1,3000,0,0,0,0,0,0,0,0,0,0,0,0,0,0,0,0,0,0,0,0,0,0,0,0,0,0,0,0,0,0,0,0,0,0,0,0,0,0,0,0,0,0,0,0,0,0,0,0,0,0,0
1989,236,20,6,54.668,2,8,0,-1,0,0,1,1,25,0,0,0,1028,0,0,0,0,0,1,1,0,0,0,51.7871903,0,0,0,0,3,1,1,1,100,0,0,0,3,1,1,0.1,3000,0,0,0,0,0,0,0,0,0,0,0,0,0,0,0,0,0,0,0,0,0,0,0,0,0,0,0,0,0,0,0,0,0,0,0,0,0,0,0,0,0,0,0,0,0,0,0,0,0,0,0
1989,236,20,7,17.587,2,8,0,-1,1,0,1,1,25,0,0,0,1028,0,0,0,0,0,1,1,0,0,0,51.74908315,0,0,0,0,3,1,1,1,100,0,0,0,3,1,1,0.1,3000,0,0,0,0,0,0,0,0,0,0,0,0,0,0,0,0,0,0,0,0,0,0,0,0,0,0,0,0,0,0,0,0,0,0,0,0,0,0,0,0,0,0,0,0,0,0,0,0,0,0,0
1989,236,20,8,30.667,2,8,0,-1,0,0,1,1,25,0,0,0,1028,0,0,0,0,0,1,1,0,0,0,51.62756791,0,0,0,0,3,1,1,1,100,0,0,0,3,1,1,0.1,3000,0,0,0,0,0,0,0,0,0,0,0,0,0,0,0,0,0,0,0,0,0,0,0,0,0,0,0,0,0,0,0,0,0,0,0,0,0,0,0,0,0,0,0,0,0,0,0,0,0,0,0
1989,236,20,8,53.588,2,8,0,-1,1,0,1,1,25,0,0,0,1028,0,0,0,0,0,1,1,0,0,0,51.58945451,0,0,0,0,3,1,1,1,100,0,0,0,3,1,1,0.1,3000,0,0,0,0,0,0,0,0,0,0,0,0,0,0,0,0,0,0,0,0,0,0,0,0,0,0,0,0,0,0,0,0,0,0,0,0,0,0,0,0,0,0,0,0,0,0,0,0,0,0,0
1989,236,20,10,6.667,2,8,0,-1,0,0,1,1,25,0,0,0,1028,0,0,0,0,0,1,1,0,0,0,51.46792279,0,0,0,0,3,1,1,1,100,0,0,0,3,1,1,0.1,3000,0,0,0,0,0,0,0,0,0,0,0,0,0,0,0,0,0,0,0,0,0,0,0,0,0,0,0,0,0,0,0,0,0,0,0,0,0,0,0,0,0,0,0,0,0,0,0,0,0,0,0
1989,236,20,10,29.587,2,8,0,-1,1,0,1,1,25,0,0,0,1028,0,0,0,0,0,1,1,0,0,0,51.42980394,0,0,0,0,3,1,1,1,100,0,0,0,3,1,1,0.1,3000,0,0,0,0,0,0,0,0,0,0,0,0,0,0,0,0,0,0,0,0,0,0,0,0,0,0,0,0,0,0,0,0,0,0,0,0,0,0,0,0,0,0,0,0,0,0,0,0,0,0,0
1989,236,20,11,42.667,2,8,0,-1,0,0,1,1,25,0,0,0,1028,0,0,0,0,0,1,1,0,0,0,51.30825396,0,0,0,0,3,1,1,1,100,0,0,0,3,1,1,0.1,3000,0,0,0,0,0,0,0,0,0,0,0,0,0,0,0,0,0,0,0,0,0,0,0,0,0,0,0,0,0,0,0,0,0,0,0,0,0,0,0,0,0,0,0,0,0,0,0,0,0,0,0
1989,236,20,12,5.587,2,8,0,-1,1,0,1,1,25,0,0,0,1028,0,0,0,0,0,1,1,0,0,0,51.27012963,0,0,0,0,3,1,1,1,100,0,0,0,3,1,1,0.1,3000,0,0,0,0,0,0,0,0,0,0,0,0,0,0,0,0,0,0,0,0,0,0,0,0,0,0,0,0,0,0,0,0,0,0,0,0,0,0,0,0,0,0,0,0,0,0,0,0,0,0,0
1989,236,20,13,18.667,2,8,0,-1,0,0,1,1,25,0,0,0,1028,0,0,0,0,0,1,1,0,0,0,51.14856211,0,0,0,0,3,1,1,1,100,0,0,0,3,1,1,0.1,3000,0,0,0,0,0,0,0,0,0,0,0,0,0,0,0,0,0,0,0,0,0,0,0,0,0,0,0,0,0,0,0,0,0,0,0,0,0,0,0,0,0,0,0,0,0,0,0,0,0,0,0
1989,236,20,13,41.587,2,8,0,-1,1,0,1,1,25,0,0,0,1028,0,0,0,0,0,1,1,0,0,0,51.11043226,0,0,0,0,3,1,1,1,100,0,0,0,3,1,1,0.1,3000,0,0,0,0,0,0,0,0,0,0,0,0,0,0,0,0,0,0,0,0,0,0,0,0,0,0,0,0,0,0,0,0,0,0,0,0,0,0,0,0,0,0,0,0,0,0,0,0,0,0,0
1989,236,20,14,54.667,2,8,0,-1,0,0,1,1,25,0,0,0,1028,0,0,0,0,0,1,1,0,0,0,50.98884708,0,0,0,0,3,1,1,1,100,0,0,0,3,1,1,0.1,3000,0,0,0,0,0,0,0,0,0,0,0,0,0,0,0,0,0,0,0,0,0,0,0,0,0,0,0,0,0,0,0,0,0,0,0,0,0,0,0,0,0,0,0,0,0,0,0,0,0,0,0
1989,236,20,15,17.587,2,8,0,-1,1,0,1,1,25,0,0,0,1028,0,0,0,0,0,1,1,0,0,0,50.95071167,0,0,0,0,3,1,1,1,100,0,0,0,3,1,1,0.1,3000,0,0,0,0,0,0,0,0,0,0,0,0,0,0,0,0,0,0,0,0,0,0,0,0,0,0,0,0,0,0,0,0,0,0,0,0,0,0,0,0,0,0,0,0,0,0,0,0,0,0,0
1989,236,20,18,54.667,2,8,0,-1,0,0,1,1,25,0,0,0,1028,0,0,0,0,0,1,1,0,0,0,50.58945709,0,0,0,0,3,1,1,1,100,0,0,0,3,1,1,0.1,3000,0,0,0,0,0,0,0,0,0,0,0,0,0,0,0,0,0,0,0,0,0,0,0,0,0,0,0,0,0,0,0,0,0,0,0,0,0,0,0,0,0,0,0,0,0,0,0,0,0,0,0
1989,236,20,19,17.587,2,8,0,-1,1,0,1,1,25,0,0,0,1028,0,0,0,0,0,1,1,0,0,0,50.55130763,0,0,0,0,3,1,1,1,100,0,0,0,3,1,1,0.1,3000,0,0,0,0,0,0,0,0,0,0,0,0,0,0,0,0,0,0,0,0,0,0,0,0,0,0,0,0,0,0,0,0,0,0,0,0,0,0,0,0,0,0,0,0,0,0,0,0,0,0,0
1989,236,20,20,30.667,2,8,0,-1,0,0,1,1,25,0,0,0,1028,0,0,0,0,0,1,1,0,0,0,50.42965972,0,0,0,0,3,1,1,1,100,0,0,0,3,1,1,0.1,3000,0,0,0,0,0,0,0,0,0,0,0,0,0,0,0,0,0,0,0,0,0,0,0,0,0,0,0,0,0,0,0,0,0,0,0,0,0,0,0,0,0,0,0,0,0,0,0,0,0,0,0
1989,236,20,20,53.587,2,8,0,-1,1,0,1,1,25,0,0,0,1028,0,0,0,0,0,1,1,0,0,0,50.39150457,0,0,0,0,3,1,1,1,100,0,0,0,3,1,1,0.1,3000,0,0,0,0,0,0,0,0,0,0,0,0,0,0,0,0,0,0,0,0,0,0,0,0,0,0,0,0,0,0,0,0,0,0,0,0,0,0,0,0,0,0,0,0,0,0,0,0,0,0,0
1989,236,20,22,6.666,2,8,0,-1,0,0,1,1,25,0,0,0,1028,0,0,0,0,0,1,1,0,0,0,50.26984013,0,0,0,0,3,1,1,1,100,0,0,0,3,1,1,0.1,3000,0,0,0,0,0,0,0,0,0,0,0,0,0,0,0,0,0,0,0,0,0,0,0,0,0,0,0,0,0,0,0,0,0,0,0,0,0,0,0,0,0,0,0,0,0,0,0,0,0,0,0
1989,236,20,22,29.586,2,8,0,-1,1,0,1,1,25,0,0,0,1028,0,0,0,0,0,1,1,0,0,0,50.23167926,0,0,0,0,3,1,1,1,100,0,0,0,3,1,1,0.1,3000,0,0,0,0,0,0,0,0,0,0,0,0,0,0,0,0,0,0,0,0,0,0,0,0,0,0,0,0,0,0,0,0,0,0,0,0,0,0,0,0,0,0,0,0,0,0,0,0,0,0,0
1989,236,20,23,42.666,2,8,0,-1,0,0,1,1,25,0,0,0,1028,0,0,0,0,0,1,1,0,0,0,50.10999484,0,0,0,0,3,1,1,1,100,0,0,0,3,1,1,0.1,3000,0,0,0,0,0,0,0,0,0,0,0,0,0,0,0,0,0,0,0,0,0,0,0,0,0,0,0,0,0,0,0,0,0,0,0,0,0,0,0,0,0,0,0,0,0,0,0,0,0,0,0
1989,236,20,24,5.586,2,8,0,-1,1,0,1,1,25,0,0,0,1028,0,0,0,0,0,1,1,0,0,0,50.0718282,0,0,0,0,3,1,1,1,100,0,0,0,3,1,1,0.1,3000,0,0,0,0,0,0,0,0,0,0,0,0,0,0,0,0,0,0,0,0,0,0,0,0,0,0,0,0,0,0,0,0,0,0,0,0,0,0,0,0,0,0,0,0,0,0,0,0,0,0,0
1989,236,20,25,18.666,2,8,0,-1,0,0,1,1,25,0,0,0,1028,0,0,0,0,0,1,1,0,0,0,49.95012535,0,0,0,0,3,1,1,1,100,0,0,0,3,1,1,0.1,3000,0,0,0,0,0,0,0,0,0,0,0,0,0,0,0,0,0,0,0,0,0,0,0,0,0,0,0,0,0,0,0,0,0,0,0,0,0,0,0,0,0,0,0,0,0,0,0,0,0,0,0
1989,236,20,25,41.586,2,8,0,-1,1,0,1,1,25,0,0,0,1028,0,0,0,0,0,1,1,0,0,0,49.91195291,0,0,0,0,3,1,1,1,100,0,0,0,3,1,1,0.1,3000,0,0,0,0,0,0,0,0,0,0,0,0,0,0,0,0,0,0,0,0,0,0,0,0,0,0,0,0,0,0,0,0,0,0,0,0,0,0,0,0,0,0,0,0,0,0,0,0,0,0,0
1989,236,20,26,54.666,2,8,0,-1,0,0,1,1,25,0,0,0,1028,0,0,0,0,0,1,1,0,0,0,49.79023149,0,0,0,0,3,1,1,1,100,0,0,0,3,1,1,0.1,3000,0,0,0,0,0,0,0,0,0,0,0,0,0,0,0,0,0,0,0,0,0,0,0,0,0,0,0,0,0,0,0,0,0,0,0,0,0,0,0,0,0,0,0,0,0,0,0,0,0,0,0
1989,236,20,27,17.586,2,8,0,-1,1,0,1,1,25,0,0,0,1028,0,0,0,0,0,1,1,0,0,0,49.75205321,0,0,0,0,3,1,1,1,100,0,0,0,3,1,1,0.1,3000,0,0,0,0,0,0,0,0,0,0,0,0,0,0,0,0,0,0,0,0,0,0,0,0,0,0,0,0,0,0,0,0,0,0,0,0,0,0,0,0,0,0,0,0,0,0,0,0,0,0,0
1989,236,20,30,54.666,2,8,0,-1,0,0,1,1,25,0,0,0,1028,0,0,0,0,0,1,1,0,0,0,49.39038914,0,0,0,0,3,1,1,1,100,0,0,0,3,1,1,0.1,3000,0,0,0,0,0,0,0,0,0,0,0,0,0,0,0,0,0,0,0,0,0,0,0,0,0,0,0,0,0,0,0,0,0,0,0,0,0,0,0,0,0,0,0,0,0,0,0,0,0,0,0
1989,236,20,31,17.586,2,8,0,-1,1,0,1,1,25,0,0,0,1028,0,0,0,0,0,1,1,0,0,0,49.35219608,0,0,0,0,3,1,1,1,100,0,0,0,3,1,1,0.1,3000,0,0,0,0,0,0,0,0,0,0,0,0,0,0,0,0,0,0,0,0,0,0,0,0,0,0,0,0,0,0,0,0,0,0,0,0,0,0,0,0,0,0,0,0,0,0,0,0,0,0,0
1989,236,20,32,30.666,2,8,0,-1,0,0,1,1,25,0,0,0,1028,0,0,0,0,0,1,1,0,0,0,49.23040868,0,0,0,0,3,1,1,1,100,0,0,0,3,1,1,0.1,3000,0,0,0,0,0,0,0,0,0,0,0,0,0,0,0,0,0,0,0,0,0,0,0,0,0,0,0,0,0,0,0,0,0,0,0,0,0,0,0,0,0,0,0,0,0,0,0,0,0,0,0
1989,236,20,32,53.586,2,8,0,-1,1,0,1,1,25,0,0,0,1028,0,0,0,0,0,1,1,0,0,0,49.19220964,0,0,0,0,3,1,1,1,100,0,0,0,3,1,1,0.1,3000,0,0,0,0,0,0,0,0,0,0,0,0,0,0,0,0,0,0,0,0,0,0,0,0,0,0,0,0,0,0,0,0,0,0,0,0,0,0,0,0,0,0,0,0,0,0,0,0,0,0,0
1989,236,20,34,6.666,2,8,0,-1,0,0,1,1,25,0,0,0,1028,0,0,0,0,0,1,1,0,0,0,49.0704031,0,0,0,0,3,1,1,1,100,0,0,0,3,1,1,0.1,3000,0,0,0,0,0,0,0,0,0,0,0,0,0,0,0,0,0,0,0,0,0,0,0,0,0,0,0,0,0,0,0,0,0,0,0,0,0,0,0,0,0,0,0,0,0,0,0,0,0,0,0
1989,236,20,34,29.586,2,8,0,-1,1,0,1,1,25,0,0,0,1028,0,0,0,0,0,1,1,0,0,0,49.03219803,0,0,0,0,3,1,1,1,100,0,0,0,3,1,1,0.1,3000,0,0,0,0,0,0,0,0,0,0,0,0,0,0,0,0,0,0,0,0,0,0,0,0,0,0,0,0,0,0,0,0,0,0,0,0,0,0,0,0,0,0,0,0,0,0,0,0,0,0,0
1989,236,20,35,42.664,2,8,0,-1,0,0,1,1,25,0,0,0,1028,0,0,0,0,0,1,1,0,0,0,48.91037472,0,0,0,0,3,1,1,1,100,0,0,0,3,1,1,0.1,3000,0,0,0,0,0,0,0,0,0,0,0,0,0,0,0,0,0,0,0,0,0,0,0,0,0,0,0,0,0,0,0,0,0,0,0,0,0,0,0,0,0,0,0,0,0,0,0,0,0,0,0
1989,236,20,36,5.585,2,8,0,-1,1,0,1,1,25,0,0,0,1028,0,0,0,0,0,1,1,0,0,0,48.87216359,0,0,0,0,3,1,1,1,100,0,0,0,3,1,1,0.1,3000,0,0,0,0,0,0,0,0,0,0,0,0,0,0,0,0,0,0,0,0,0,0,0,0,0,0,0,0,0,0,0,0,0,0,0,0,0,0,0,0,0,0,0,0,0,0,0,0,0,0,0
1989,236,20,38,54.664,2,8,0,-1,0,0,1,1,25,0,0,0,1028,0,0,0,0,0,1,1,0,0,0,48.59023636,0,0,0,0,3,1,1,1,100,0,0,0,3,1,1,0.1,3000,0,0,0,0,0,0,0,0,0,0,0,0,0,0,0,0,0,0,0,0,0,0,0,0,0,0,0,0,0,0,0,0,0,0,0,0,0,0,0,0,0,0,0,0,0,0,0,0,0,0,0
1989,236,20,39,17.585,2,8,0,-1,1,0,1,1,25,0,0,0,1028,0,0,0,0,0,1,1,0,0,0,48.55201297,0,0,0,0,3,1,1,1,100,0,0,0,3,1,1,0.1,3000,0,0,0,0,0,0,0,0,0,0,0,0,0,0,0,0,0,0,0,0,0,0,0,0,0,0,0,0,0,0,0,0,0,0,0,0,0,0,0,0,0,0,0,0,0,0,0,0,0,0,0
1989,236,20,42,54.665,2,8,0,-1,0,0,1,1,25,0,0,0,1028,0,0,0,0,0,1,1,0,0,0,48.18991712,0,0,0,0,3,1,1,1,100,0,0,0,3,1,1,0.1,3000,0,0,0,0,0,0,0,0,0,0,0,0,0,0,0,0,0,0,0,0,0,0,0,0,0,0,0,0,0,0,0,0,0,0,0,0,0,0,0,0,0,0,0,0,0,0,0,0,0,0,0
1989,236,20,43,17.585,2,8,0,-1,1,0,1,1,25,0,0,0,1028,0,0,0,0,0,1,1,0,0,0,48.15167816,0,0,0,0,3,1,1,1,100,0,0,0,3,1,1,0.1,3000,0,0,0,0,0,0,0,0,0,0,0,0,0,0,0,0,0,0,0,0,0,0,0,0,0,0,0,0,0,0,0,0,0,0,0,0,0,0,0,0,0,0,0,0,0,0,0,0,0,0,0
1989,236,20,44,30.665,2,8,0,-1,0,0,1,1,25,0,0,0,1028,0,0,0,0,0,1,1,0,0,0,48.02974392,0,0,0,0,3,1,1,1,100,0,0,0,3,1,1,0.1,3000,0,0,0,0,0,0,0,0,0,0,0,0,0,0,0,0,0,0,0,0,0,0,0,0,0,0,0,0,0,0,0,0,0,0,0,0,0,0,0,0,0,0,0,0,0,0,0,0,0,0,0
1989,236,20,44,53.585,2,8,0,-1,1,0,1,1,25,0,0,0,1028,0,0,0,0,0,1,1,0,0,0,47.99149949,0,0,0,0,3,1,1,1,100,0,0,0,3,1,1,0.1,3000,0,0,0,0,0,0,0,0,0,0,0,0,0,0,0,0,0,0,0,0,0,0,0,0,0,0,0,0,0,0,0,0,0,0,0,0,0,0,0,0,0,0,0,0,0,0,0,0,0,0,0
1989,236,20,46,6.665,2,8,0,-1,0,0,1,1,25,0,0,0,1028,0,0,0,0,0,1,1,0,0,0,47.86954425,0,0,0,0,3,1,1,1,100,0,0,0,3,1,1,0.1,3000,0,0,0,0,0,0,0,0,0,0,0,0,0,0,0,0,0,0,0,0,0,0,0,0,0,0,0,0,0,0,0,0,0,0,0,0,0,0,0,0,0,0,0,0,0,0,0,0,0,0,0
1989,236,20,46,29.585,2,8,0,-1,1,0,1,1,25,0,0,0,1028,0,0,0,0,0,1,1,0,0,0,47.83129347,0,0,0,0,3,1,1,1,100,0,0,0,3,1,1,0.1,3000,0,0,0,0,0,0,0,0,0,0,0,0,0,0,0,0,0,0,0,0,0,0,0,0,0,0,0,0,0,0,0,0,0,0,0,0,0,0,0,0,0,0,0,0,0,0,0,0,0,0,0
1989,236,20,47,42.664,2,8,0,-1,0,0,1,1,25,0,0,0,1028,0,0,0,0,0,1,1,0,0,0,47.70931875,0,0,0,0,3,1,1,1,100,0,0,0,3,1,1,0.1,3000,0,0,0,0,0,0,0,0,0,0,0,0,0,0,0,0,0,0,0,0,0,0,0,0,0,0,0,0,0,0,0,0,0,0,0,0,0,0,0,0,0,0,0,0,0,0,0,0,0,0,0
1989,236,20,48,5.585,2,8,0,-1,1,0,1,1,25,0,0,0,1028,0,0,0,0,0,1,1,0,0,0,47.67106075,0,0,0,0,3,1,1,1,100,0,0,0,3,1,1,0.1,3000,0,0,0,0,0,0,0,0,0,0,0,0,0,0,0,0,0,0,0,0,0,0,0,0,0,0,0,0,0,0,0,0,0,0,0,0,0,0,0,0,0,0,0,0,0,0,0,0,0,0,0
1989,236,20,49,18.664,2,8,0,-1,0,0,1,1,25,0,0,0,1028,0,0,0,0,0,1,1,0,0,0,47.54906641,0,0,0,0,3,1,1,1,100,0,0,0,3,1,1,0.1,3000,0,0,0,0,0,0,0,0,0,0,0,0,0,0,0,0,0,0,0,0,0,0,0,0,0,0,0,0,0,0,0,0,0,0,0,0,0,0,0,0,0,0,0,0,0,0,0,0,0,0,0
1989,236,20,49,41.583,2,8,0,-1,1,0,1,1,25,0,0,0,1028,0,0,0,0,0,1,1,0,0,0,47.51080364,0,0,0,0,3,1,1,1,100,0,0,0,3,1,1,0.1,3000,0,0,0,0,0,0,0,0,0,0,0,0,0,0,0,0,0,0,0,0,0,0,0,0,0,0,0,0,0,0,0,0,0,0,0,0,0,0,0,0,0,0,0,0,0,0,0,0,0,0,0
1989,236,20,50,54.664,2,8,0,-1,0,0,1,1,25,0,0,0,1028,0,0,0,0,0,1,1,0,0,0,47.38878619,0,0,0,0,3,1,1,1,100,0,0,0,3,1,1,0.1,3000,0,0,0,0,0,0,0,0,0,0,0,0,0,0,0,0,0,0,0,0,0,0,0,0,0,0,0,0,0,0,0,0,0,0,0,0,0,0,0,0,0,0,0,0,0,0,0,0,0,0,0
1989,236,20,51,17.584,2,8,0,-1,1,0,1,1,25,0,0,0,1028,0,0,0,0,0,1,1,0,0,0,47.35051527,0,0,0,0,3,1,1,1,100,0,0,0,3,1,1,0.1,3000,0,0,0,0,0,0,0,0,0,0,0,0,0,0,0,0,0,0,0,0,0,0,0,0,0,0,0,0,0,0,0,0,0,0,0,0,0,0,0,0,0,0,0,0,0,0,0,0,0,0,0
1989,236,20,54,54.664,2,8,0,-1,0,0,1,1,25,0,0,0,1028,0,0,0,0,0,1,1,0,0,0,46.98796608,0,0,0,0,3,1,1,1,100,0,0,0,3,1,1,0.1,3000,0,0,0,0,0,0,0,0,0,0,0,0,0,0,0,0,0,0,0,0,0,0,0,0,0,0,0,0,0,0,0,0,0,0,0,0,0,0,0,0,0,0,0,0,0,0,0,0,0,0,0
1989,236,20,55,17.584,2,8,0,-1,1,0,1,1,25,0,0,0,1028,0,0,0,0,0,1,1,0,0,0,46.94967874,0,0,0,0,3,1,1,1,100,0,0,0,3,1,1,0.1,3000,0,0,0,0,0,0,0,0,0,0,0,0,0,0,0,0,0,0,0,0,0,0,0,0,0,0,0,0,0,0,0,0,0,0,0,0,0,0,0,0,0,0,0,0,0,0,0,0,0,0,0
1989,236,20,56,30.664,2,8,0,-1,0,0,1,1,25,0,0,0,1028,0,0,0,0,0,1,1,0,0,0,46.82758969,0,0,0,0,3,1,1,1,100,0,0,0,3,1,1,0.1,3000,0,0,0,0,0,0,0,0,0,0,0,0,0,0,0,0,0,0,0,0,0,0,0,0,0,0,0,0,0,0,0,0,0,0,0,0,0,0,0,0,0,0,0,0,0,0,0,0,0,0,0
1989,236,20,56,53.583,2,8,0,-1,1,0,1,1,25,0,0,0,1028,0,0,0,0,0,1,1,0,0,0,46.78929654,0,0,0,0,3,1,1,1,100,0,0,0,3,1,1,0.1,3000,0,0,0,0,0,0,0,0,0,0,0,0,0,0,0,0,0,0,0,0,0,0,0,0,0,0,0,0,0,0,0,0,0,0,0,0,0,0,0,0,0,0,0,0,0,0,0,0,0,0,0
1989,236,20,58,6.664,2,8,0,-1,0,0,1,1,25,0,0,0,1028,0,0,0,0,0,1,1,0,0,0,46.66718536,0,0,0,0,3,1,1,1,100,0,0,0,3,1,1,0.1,3000,0,0,0,0,0,0,0,0,0,0,0,0,0,0,0,0,0,0,0,0,0,0,0,0,0,0,0,0,0,0,0,0,0,0,0,0,0,0,0,0,0,0,0,0,0,0,0,0,0,0,0
1989,236,20,58,29.583,2,8,0,-1,1,0,1,1,25,0,0,0,1028,0,0,0,0,0,1,1,0,0,0,46.62888552,0,0,0,0,3,1,1,1,100,0,0,0,3,1,1,0.1,3000,0,0,0,0,0,0,0,0,0,0,0,0,0,0,0,0,0,0,0,0,0,0,0,0,0,0,0,0,0,0,0,0,0,0,0,0,0,0,0,0,0,0,0,0,0,0,0,0,0,0,0
1989,236,20,59,42.664,2,8,0,-1,0,0,1,1,25,0,0,0,1028,0,0,0,0,0,1,1,0,0,0,46.50675291,0,0,0,0,3,1,1,1,100,0,0,0,3,1,1,0.1,3000,0,0,0,0,0,0,0,0,0,0,0,0,0,0,0,0,0,0,0,0,0,0,0,0,0,0,0,0,0,0,0,0,0,0,0,0,0,0,0,0,0,0,0,0,0,0,0,0,0,0,0
1989,236,21,0,5.584,2,8,0,-1,1,0,1,1,25,0,0,0,1028,0,0,0,0,0,1,1,0,0,0,46.46844548,0,0,0,0,3,1,1,1,100,0,0,0,3,1,1,0.1,3000,0,0,0,0,0,0,0,0,0,0,0,0,0,0,0,0,0,0,0,0,0,0,0,0,0,0,0,0,0,0,0,0,0,0,0,0,0,0,0,0,0,0,0,0,0,0,0,0,0,0,0
1989,236,21,1,18.663,2,8,0,-1,0,0,1,1,25,0,0,0,1028,0,0,0,0,0,1,1,0,0,0,46.34629379,0,0,0,0,3,1,1,1,100,0,0,0,3,1,1,0.1,3000,0,0,0,0,0,0,0,0,0,0,0,0,0,0,0,0,0,0,0,0,0,0,0,0,0,0,0,0,0,0,0,0,0,0,0,0,0,0,0,0,0,0,0,0,0,0,0,0,0,0,0
1989,236,21,1,41.582,2,8,0,-1,1,0,1,1,25,0,0,0,1028,0,0,0,0,0,1,1,0,0,0,46.30798124,0,0,0,0,3,1,1,1,100,0,0,0,3,1,1,0.1,3000,0,0,0,0,0,0,0,0,0,0,0,0,0,0,0,0,0,0,0,0,0,0,0,0,0,0,0,0,0,0,0,0,0,0,0,0,0,0,0,0,0,0,0,0,0,0,0,0,0,0,0
1989,236,21,2,54.663,2,8,0,-1,0,0,1,1,25,0,0,0,1028,0,0,0,0,0,1,1,0,0,0,46.18580445,0,0,0,0,3,1,1,1,100,0,0,0,3,1,1,0.1,3000,0,0,0,0,0,0,0,0,0,0,0,0,0,0,0,0,0,0,0,0,0,0,0,0,0,0,0,0,0,0,0,0,0,0,0,0,0,0,0,0,0,0,0,0,0,0,0,0,0,0,0
1989,236,21,3,17.582,2,8,0,-1,1,0,1,1,25,0,0,0,1028,0,0,0,0,0,1,1,0,0,0,46.14748422,0,0,0,0,3,1,1,1,100,0,0,0,3,1,1,0.1,3000,0,0,0,0,0,0,0,0,0,0,0,0,0,0,0,0,0,0,0,0,0,0,0,0,0,0,0,0,0,0,0,0,0,0,0,0,0,0,0,0,0,0,0,0,0,0,0,0,0,0,0
1989,236,21,6,54.663,2,8,0,-1,0,0,1,1,25,0,0,0,1028,0,0,0,0,0,1,1,0,0,0,45.78445484,0,0,0,0,3,1,1,1,100,0,0,0,3,1,1,0.1,3000,0,0,0,0,0,0,0,0,0,0,0,0,0,0,0,0,0,0,0,0,0,0,0,0,0,0,0,0,0,0,0,0,0,0,0,0,0,0,0,0,0,0,0,0,0,0,0,0,0,0,0
1989,236,21,7,17.582,2,8,0,-1,1,0,1,1,25,0,0,0,1028,0,0,0,0,0,1,1,0,0,0,45.74611726,0,0,0,0,3,1,1,1,100,0,0,0,3,1,1,0.1,3000,0,0,0,0,0,0,0,0,0,0,0,0,0,0,0,0,0,0,0,0,0,0,0,0,0,0,0,0,0,0,0,0,0,0,0,0,0,0,0,0,0,0,0,0,0,0,0,0,0,0,0
1989,236,21,8,30.662,2,8,0,-1,0,0,1,1,25,0,0,0,1028,0,0,0,0,0,1,1,0,0,0,45.62386476,0,0,0,0,3,1,1,1,100,0,0,0,3,1,1,0.1,3000,0,0,0,0,0,0,0,0,0,0,0,0,0,0,0,0,0,0,0,0,0,0,0,0,0,0,0,0,0,0,0,0,0,0,0,0,0,0,0,0,0,0,0,0,0,0,0,0,0,0,0
1989,236,21,8,53.582,2,8,0,-1,1,0,1,1,25,0,0,0,1028,0,0,0,0,0,1,1,0,0,0,45.58551932,0,0,0,0,3,1,1,1,100,0,0,0,3,1,1,0.1,3000,0,0,0,0,0,0,0,0,0,0,0,0,0,0,0,0,0,0,0,0,0,0,0,0,0,0,0,0,0,0,0,0,0,0,0,0,0,0,0,0,0,0,0,0,0,0,0,0,0,0,0
1989,236,21,10,6.663,2,8,0,-1,0,0,1,1,25,0,0,0,1028,0,0,0,0,0,1,1,0,0,0,45.46324349,0,0,0,0,3,1,1,1,100,0,0,0,3,1,1,0.1,3000,0,0,0,0,0,0,0,0,0,0,0,0,0,0,0,0,0,0,0,0,0,0,0,0,0,0,0,0,0,0,0,0,0,0,0,0,0,0,0,0,0,0,0,0,0,0,0,0,0,0,0
1989,236,21,10,29.582,2,8,0,-1,1,0,1,1,25,0,0,0,1028,0,0,0,0,0,1,1,0,0,0,45.42489264,0,0,0,0,3,1,1,1,100,0,0,0,3,1,1,0.1,3000,0,0,0,0,0,0,0,0,0,0,0,0,0,0,0,0,0,0,0,0,0,0,0,0,0,0,0,0,0,0,0,0,0,0,0,0,0,0,0,0,0,0,0,0,0,0,0,0,0,0,0
1989,236,21,11,42.662,2,8,0,-1,0,0,1,1,25,0,0,0,1028,0,0,0,0,0,1,1,0,0,0,45.30259416,0,0,0,0,3,1,1,1,100,0,0,0,3,1,1,0.1,3000,0,0,0,0,0,0,0,0,0,0,0,0,0,0,0,0,0,0,0,0,0,0,0,0,0,0,0,0,0,0,0,0,0,0,0,0,0,0,0,0,0,0,0,0,0,0,0,0,0,0,0
1989,236,21,12,5.583,2,8,0,-1,1,0,1,1,25,0,0,0,1028,0,0,0,0,0,1,1,0,0,0,45.26423368,0,0,0,0,3,1,1,1,100,0,0,0,3,1,1,0.1,3000,0,0,0,0,0,0,0,0,0,0,0,0,0,0,0,0,0,0,0,0,0,0,0,0,0,0,0,0,0,0,0,0,0,0,0,0,0,0,0,0,0,0,0,0,0,0,0,0,0,0,0
1989,236,21,13,18.662,2,8,0,-1,0,0,1,1,25,0,0,0,1028,0,0,0,0,0,1,1,0,0,0,45.14191404,0,0,0,0,3,1,1,1,100,0,0,0,3,1,1,0.1,3000,0,0,0,0,0,0,0,0,0,0,0,0,0,0,0,0,0,0,0,0,0,0,0,0,0,0,0,0,0,0,0,0,0,0,0,0,0,0,0,0,0,0,0,0,0,0,0,0,0,0,0
1989,236,21,13,41.581,2,8,0,-1,1,0,1,1,25,0,0,0,1028,0,0,0,0,0,1,1,0,0,0,45.10354888,0,0,0,0,3,1,1,1,100,0,0,0,3,1,1,0.1,3000,0,0,0,0,0,0,0,0,0,0,0,0,0,0,0,0,0,0,0,0,0,0,0,0,0,0,0,0,0,0,0,0,0,0,0,0,0,0,0,0,0,0,0,0,0,0,0,0,0,0,0
1989,236,21,14,54.662,2,8,0,-1,0,0,1,1,25,0,0,0,1028,0,0,0,0,0,1,1,0,0,0,44.98120457,0,0,0,0,3,1,1,1,100,0,0,0,3,1,1,0.1,3000,0,0,0,0,0,0,0,0,0,0,0,0,0,0,0,0,0,0,0,0,0,0,0,0,0,0,0,0,0,0,0,0,0,0,0,0,0,0,0,0,0,0,0,0,0,0,0,0,0,0,0
1989,236,21,15,17.581,2,8,0,-1,1,0,1,1,25,0,0,0,1028,0,0,0,0,0,1,1,0,0,0,44.94283134,0,0,0,0,3,1,1,1,100,0,0,0,3,1,1,0.1,3000,0,0,0,0,0,0,0,0,0,0,0,0,0,0,0,0,0,0,0,0,0,0,0,0,0,0,0,0,0,0,0,0,0,0,0,0,0,0,0,0,0,0,0,0,0,0,0,0,0,0,0
1989,236,21,18,54.662,2,8,0,-1,0,0,1,1,25,0,0,0,1028,0,0,0,0,0,1,1,0,0,0,44.57929525,0,0,0,0,3,1,1,1,100,0,0,0,3,1,1,0.1,3000,0,0,0,0,0,0,0,0,0,0,0,0,0,0,0,0,0,0,0,0,0,0,0,0,0,0,0,0,0,0,0,0,0,0,0,0,0,0,0,0,0,0,0,0,0,0,0,0,0,0,0
1989,236,21,19,17.581,2,8,0,-1,1,0,1,1,25,0,0,0,1028,0,0,0,0,0,1,1,0,0,0,44.54090368,0,0,0,0,3,1,1,1,100,0,0,0,3,1,1,0.1,3000,0,0,0,0,0,0,0,0,0,0,0,0,0,0,0,0,0,0,0,0,0,0,0,0,0,0,0,0,0,0,0,0,0,0,0,0,0,0,0,0,0,0,0,0,0,0,0,0,0,0,0
1989,236,21,20,30.662,2,8,0,-1,0,0,1,1,25,0,0,0,1028,0,0,0,0,0,1,1,0,0,0,44.41847749,0,0,0,0,3,1,1,1,100,0,0,0,3,1,1,0.1,3000,0,0,0,0,0,0,0,0,0,0,0,0,0,0,0,0,0,0,0,0,0,0,0,0,0,0,0,0,0,0,0,0,0,0,0,0,0,0,0,0,0,0,0,0,0,0,0,0,0,0,0
1989,236,21,20,53.581,2,8,0,-1,1,0,1,1,25,0,0,0,1028,0,0,0,0,0,1,1,0,0,0,44.38007847,0,0,0,0,3,1,1,1,100,0,0,0,3,1,1,0.1,3000,0,0,0,0,0,0,0,0,0,0,0,0,0,0,0,0,0,0,0,0,0,0,0,0,0,0,0,0,0,0,0,0,0,0,0,0,0,0,0,0,0,0,0,0,0,0,0,0,0,0,0
1989,236,21,22,6.662,2,8,0,-1,0,0,1,1,25,0,0,0,1028,0,0,0,0,0,1,1,0,0,0,44.25762849,0,0,0,0,3,1,1,1,100,0,0,0,3,1,1,0.1,3000,0,0,0,0,0,0,0,0,0,0,0,0,0,0,0,0,0,0,0,0,0,0,0,0,0,0,0,0,0,0,0,0,0,0,0,0,0,0,0,0,0,0,0,0,0,0,0,0,0,0,0
1989,236,21,22,29.581,2,8,0,-1,1,0,1,1,25,0,0,0,1028,0,0,0,0,0,1,1,0,0,0,44.21922282,0,0,0,0,3,1,1,1,100,0,0,0,3,1,1,0.1,3000,0,0,0,0,0,0,0,0,0,0,0,0,0,0,0,0,0,0,0,0,0,0,0,0,0,0,0,0,0,0,0,0,0,0,0,0,0,0,0,0,0,0,0,0,0,0,0,0,0,0,0
1989,236,21,23,42.662,2,8,0,-1,0,0,1,1,25,0,0,0,1028,0,0,0,0,0,1,1,0,0,0,44.09674801,0,0,0,0,3,1,1,1,100,0,0,0,3,1,1,0.1,3000,0,0,0,0,0,0,0,0,0,0,0,0,0,0,0,0,0,0,0,0,0,0,0,0,0,0,0,0,0,0,0,0,0,0,0,0,0,0,0,0,0,0,0,0,0,0,0,0,0,0,0
1989,236,21,24,5.582,2,8,0,-1,1,0,1,1,25,0,0,0,1028,0,0,0,0,0,1,1,0,0,0,44.05833312,0,0,0,0,3,1,1,1,100,0,0,0,3,1,1,0.1,3000,0,0,0,0,0,0,0,0,0,0,0,0,0,0,0,0,0,0,0,0,0,0,0,0,0,0,0,0,0,0,0,0,0,0,0,0,0,0,0,0,0,0,0,0,0,0,0,0,0,0,0
1989,236,21,25,18.662,2,8,0,-1,0,0,1,1,25,0,0,0,1028,0,0,0,0,0,1,1,0,0,0,43.93583581,0,0,0,0,3,1,1,1,100,0,0,0,3,1,1,0.1,3000,0,0,0,0,0,0,0,0,0,0,0,0,0,0,0,0,0,0,0,0,0,0,0,0,0,0,0,0,0,0,0,0,0,0,0,0,0,0,0,0,0,0,0,0,0,0,0,0,0,0,0
1989,236,21,25,41.581,2,8,0,-1,1,0,1,1,25,0,0,0,1028,0,0,0,0,0,1,1,0,0,0,43.89741498,0,0,0,0,3,1,1,1,100,0,0,0,3,1,1,0.1,3000,0,0,0,0,0,0,0,0,0,0,0,0,0,0,0,0,0,0,0,0,0,0,0,0,0,0,0,0,0,0,0,0,0,0,0,0,0,0,0,0,0,0,0,0,0,0,0,0,0,0,0
1989,236,21,26,54.661,2,8,0,-1,0,0,1,1,25,0,0,0,1028,0,0,0,0,0,1,1,0,0,0,43.77489333,0,0,0,0,3,1,1,1,100,0,0,0,3,1,1,0.1,3000,0,0,0,0,0,0,0,0,0,0,0,0,0,0,0,0,0,0,0,0,0,0,0,0,0,0,0,0,0,0,0,0,0,0,0,0,0,0,0,0,0,0,0,0,0,0,0,0,0,0,0
1989,236,21,27,17.581,2,8,0,-1,1,0,1,1,25,0,0,0,1028,0,0,0,0,0,1,1,0,0,0,43.73646399,0,0,0,0,3,1,1,1,100,0,0,0,3,1,1,0.1,3000,0,0,0,0,0,0,0,0,0,0,0,0,0,0,0,0,0,0,0,0,0,0,0,0,0,0,0,0,0,0,0,0,0,0,0,0,0,0,0,0,0,0,0,0,0,0,0,0,0,0,0
1989,236,21,30,54.661,2,8,0,-1,0,0,1,1,25,0,0,0,1028,0,0,0,0,0,1,1,0,0,0,43.37239141,0,0,0,0,3,1,1,1,100,0,0,0,3,1,1,0.1,3000,0,0,0,0,0,0,0,0,0,0,0,0,0,0,0,0,0,0,0,0,0,0,0,0,0,0,0,0,0,0,0,0,0,0,0,0,0,0,0,0,0,0,0,0,0,0,0,0,0,0,0
1989,236,21,31,17.581,2,8,0,-1,1,0,1,1,25,0,0,0,1028,0,0,0,0,0,1,1,0,0,0,43.33394264,0,0,0,0,3,1,1,1,100,0,0,0,3,1,1,0.1,3000,0,0,0,0,0,0,0,0,0,0,0,0,0,0,0,0,0,0,0,0,0,0,0,0,0,0,0,0,0,0,0,0,0,0,0,0,0,0,0,0,0,0,0,0,0,0,0,0,0,0,0
1989,236,21,32,30.661,2,8,0,-1,0,0,1,1,25,0,0,0,1028,0,0,0,0,0,1,1,0,0,0,43.21133337,0,0,0,0,3,1,1,1,100,0,0,0,3,1,1,0.1,3000,0,0,0,0,0,0,0,0,0,0,0,0,0,0,0,0,0,0,0,0,0,0,0,0,0,0,0,0,0,0,0,0,0,0,0,0,0,0,0,0,0,0,0,0,0,0,0,0,0,0,0
1989,236,21,32,53.581,2,8,0,-1,1,0,1,1,25,0,0,0,1028,0,0,0,0,0,1,1,0,0,0,43.17287672,0,0,0,0,3,1,1,1,100,0,0,0,3,1,1,0.1,3000,0,0,0,0,0,0,0,0,0,0,0,0,0,0,0,0,0,0,0,0,0,0,0,0,0,0,0,0,0,0,0,0,0,0,0,0,0,0,0,0,0,0,0,0,0,0,0,0,0,0,0
1989,236,21,34,6.661,2,8,0,-1,0,0,1,1,25,0,0,0,1028,0,0,0,0,0,1,1,0,0,0,43.05024222,0,0,0,0,3,1,1,1,100,0,0,0,3,1,1,0.1,3000,0,0,0,0,0,0,0,0,0,0,0,0,0,0,0,0,0,0,0,0,0,0,0,0,0,0,0,0,0,0,0,0,0,0,0,0,0,0,0,0,0,0,0,0,0,0,0,0,0,0,0
1989,236,21,34,29.58,2,8,0,-1,1,0,1,1,25,0,0,0,1028,0,0,0,0,0,1,1,0,0,0,43.01177846,0,0,0,0,3,1,1,1,100,0,0,0,3,1,1,0.1,3000,0,0,0,0,0,0,0,0,0,0,0,0,0,0,0,0,0,0,0,0,0,0,0,0,0,0,0,0,0,0,0,0,0,0,0,0,0,0,0,0,0,0,0,0,0,0,0,0,0,0,0
1989,236,21,35,42.661,2,8,0,-1,0,0,1,1,25,0,0,0,1028,0,0,0,0,0,1,1,0,0,0,42.88911768,0,0,0,0,3,1,1,1,100,0,0,0,3,1,1,0.1,3000,0,0,0,0,0,0,0,0,0,0,0,0,0,0,0,0,0,0,0,0,0,0,0,0,0,0,0,0,0,0,0,0,0,0,0,0,0,0,0,0,0,0,0,0,0,0,0,0,0,0,0
1989,236,21,36,5.581,2,8,0,-1,1,0,1,1,25,0,0,0,1028,0,0,0,0,0,1,1,0,0,0,42.85064423,0,0,0,0,3,1,1,1,100,0,0,0,3,1,1,0.1,3000,0,0,0,0,0,0,0,0,0,0,0,0,0,0,0,0,0,0,0,0,0,0,0,0,0,0,0,0,0,0,0,0,0,0,0,0,0,0,0,0,0,0,0,0,0,0,0,0,0,0,0
1989,236,21,37,18.661,2,8,0,-1,0,0,1,1,25,0,0,0,1028,0,0,0,0,0,1,1,0,0,0,42.7279595,0,0,0,0,3,1,1,1,100,0,0,0,3,1,1,0.1,3000,0,0,0,0,0,0,0,0,0,0,0,0,0,0,0,0,0,0,0,0,0,0,0,0,0,0,0,0,0,0,0,0,0,0,0,0,0,0,0,0,0,0,0,0,0,0,0,0,0,0,0
1989,236,21,37,41.58,2,8,0,-1,1,0,1,1,25,0,0,0,1028,0,0,0,0,0,1,1,0,0,0,42.68947966,0,0,0,0,3,1,1,1,100,0,0,0,3,1,1,0.1,3000,0,0,0,0,0,0,0,0,0,0,0,0,0,0,0,0,0,0,0,0,0,0,0,0,0,0,0,0,0,0,0,0,0,0,0,0,0,0,0,0,0,0,0,0,0,0,0,0,0,0,0
1989,236,21,38,54.66,2,8,0,-1,0,0,1,1,25,0,0,0,1028,0,0,0,0,0,1,1,0,0,0,42.56676824,0,0,0,0,3,1,1,1,100,0,0,0,3,1,1,0.1,3000,0,0,0,0,0,0,0,0,0,0,0,0,0,0,0,0,0,0,0,0,0,0,0,0,0,0,0,0,0,0,0,0,0,0,0,0,0,0,0,0,0,0,0,0,0,0,0,0,0,0,0
1989,236,21,39,17.58,2,8,0,-1,1,0,1,1,25,0,0,0,1028,0,0,0,0,0,1,1,0,0,0,42.52827942,0,0,0,0,3,1,1,1,100,0,0,0,3,1,1,0.1,3000,0,0,0,0,0,0,0,0,0,0,0,0,0,0,0,0,0,0,0,0,0,0,0,0,0,0,0,0,0,0,0,0,0,0,0,0,0,0,0,0,0,0,0,0,0,0,0,0,0,0,0
1989,236,21,44,30.66,2,8,0,-1,0,0,1,1,25,0,0,0,1028,0,0,0,0,0,1,1,0,0,0,42.00232567,0,0,0,0,3,1,1,1,100,0,0,0,3,1,1,0.1,3000,0,0,0,0,0,0,0,0,0,0,0,0,0,0,0,0,0,0,0,0,0,0,0,0,0,0,0,0,0,0,0,0,0,0,0,0,0,0,0,0,0,0,0,0,0,0,0,0,0,0,0
1989,236,21,44,53.58,2,8,0,-1,1,0,1,1,25,0,0,0,1028,0,0,0,0,0,1,1,0,0,0,41.96380785,0,0,0,0,3,1,1,1,100,0,0,0,3,1,1,0.1,3000,0,0,0,0,0,0,0,0,0,0,0,0,0,0,0,0,0,0,0,0,0,0,0,0,0,0,0,0,0,0,0,0,0,0,0,0,0,0,0,0,0,0,0,0,0,0,0,0,0,0,0
1989,236,21,46,6.66,2,8,0,-1,0,0,1,1,25,0,0,0,1028,0,0,0,0,0,1,1,0,0,0,41.84097752,0,0,0,0,3,1,1,1,100,0,0,0,3,1,1,0.1,3000,0,0,0,0,0,0,0,0,0,0,0,0,0,0,0,0,0,0,0,0,0,0,0,0,0,0,0,0,0,0,0,0,0,0,0,0,0,0,0,0,0,0,0,0,0,0,0,0,0,0,0
1989,236,21,46,29.58,2,8,0,-1,1,0,1,1,25,0,0,0,1028,0,0,0,0,0,1,1,0,0,0,41.80245125,0,0,0,0,3,1,1,1,100,0,0,0,3,1,1,0.1,3000,0,0,0,0,0,0,0,0,0,0,0,0,0,0,0,0,0,0,0,0,0,0,0,0,0,0,0,0,0,0,0,0,0,0,0,0,0,0,0,0,0,0,0,0,0,0,0,0,0,0,0
1989,236,21,47,42.66,2,8,0,-1,0,0,1,1,25,0,0,0,1028,0,0,0,0,0,1,1,0,0,0,41.6795939,0,0,0,0,3,1,1,1,100,0,0,0,3,1,1,0.1,3000,0,0,0,0,0,0,0,0,0,0,0,0,0,0,0,0,0,0,0,0,0,0,0,0,0,0,0,0,0,0,0,0,0,0,0,0,0,0,0,0,0,0,0,0,0,0,0,0,0,0,0
1989,236,21,48,5.58,2,8,0,-1,1,0,1,1,25,0,0,0,1028,0,0,0,0,0,1,1,0,0,0,41.64105828,0,0,0,0,3,1,1,1,100,0,0,0,3,1,1,0.1,3000,0,0,0,0,0,0,0,0,0,0,0,0,0,0,0,0,0,0,0,0,0,0,0,0,0,0,0,0,0,0,0,0,0,0,0,0,0,0,0,0,0,0,0,0,0,0,0,0,0,0,0
1989,236,21,49,18.66,2,8,0,-1,0,0,1,1,25,0,0,0,1028,0,0,0,0,0,1,1,0,0,0,41.51817452,0,0,0,0,3,1,1,1,100,0,0,0,3,1,1,0.1,3000,0,0,0,0,0,0,0,0,0,0,0,0,0,0,0,0,0,0,0,0,0,0,0,0,0,0,0,0,0,0,0,0,0,0,0,0,0,0,0,0,0,0,0,0,0,0,0,0,0,0,0
1989,236,21,49,41.579,2,8,0,-1,1,0,1,1,25,0,0,0,1028,0,0,0,0,0,1,1,0,0,0,41.47963201,0,0,0,0,3,1,1,1,100,0,0,0,3,1,1,0.1,3000,0,0,0,0,0,0,0,0,0,0,0,0,0,0,0,0,0,0,0,0,0,0,0,0,0,0,0,0,0,0,0,0,0,0,0,0,0,0,0,0,0,0,0,0,0,0,0,0,0,0,0
1989,236,21,50,54.66,2,8,0,-1,0,0,1,1,25,0,0,0,1028,0,0,0,0,0,1,1,0,0,0,41.3567191,0,0,0,0,3,1,1,1,100,0,0,0,3,1,1,0.1,3000,0,0,0,0,0,0,0,0,0,0,0,0,0,0,0,0,0,0,0,0,0,0,0,0,0,0,0,0,0,0,0,0,0,0,0,0,0,0,0,0,0,0,0,0,0,0,0,0,0,0,0
1989,236,21,51,17.58,2,8,0,-1,1,0,1,1,25,0,0,0,1028,0,0,0,0,0,1,1,0,0,0,41.31816625,0,0,0,0,3,1,1,1,100,0,0,0,3,1,1,0.1,3000,0,0,0,0,0,0,0,0,0,0,0,0,0,0,0,0,0,0,0,0,0,0,0,0,0,0,0,0,0,0,0,0,0,0,0,0,0,0,0,0,0,0,0,0,0,0,0,0,0,0,0
1989,236,21,54,54.659,2,8,0,-1,0,0,1,1,25,0,0,0,1028,0,0,0,0,0,1,1,0,0,0,40.9529225,0,0,0,0,3,1,1,1,100,0,0,0,3,1,1,0.1,3000,0,0,0,0,0,0,0,0,0,0,0,0,0,0,0,0,0,0,0,0,0,0,0,0,0,0,0,0,0,0,0,0,0,0,0,0,0,0,0,0,0,0,0,0,0,0,0,0,0,0,0
1989,236,21,55,17.579,2,8,0,-1,1,0,1,1,25,0,0,0,1028,0,0,0,0,0,1,1,0,0,0,40.91434771,0,0,0,0,3,1,1,1,100,0,0,0,3,1,1,0.1,3000,0,0,0,0,0,0,0,0,0,0,0,0,0,0,0,0,0,0,0,0,0,0,0,0,0,0,0,0,0,0,0,0,0,0,0,0,0,0,0,0,0,0,0,0,0,0,0,0,0,0,0
1989,236,21,56,30.659,2,8,0,-1,0,0,1,1,25,0,0,0,1028,0,0,0,0,0,1,1,0,0,0,40.79133851,0,0,0,0,3,1,1,1,100,0,0,0,3,1,1,0.1,3000,0,0,0,0,0,0,0,0,0,0,0,0,0,0,0,0,0,0,0,0,0,0,0,0,0,0,0,0,0,0,0,0,0,0,0,0,0,0,0,0,0,0,0,0,0,0,0,0,0,0,0
1989,236,21,56,53.579,2,8,0,-1,1,0,1,1,25,0,0,0,1028,0,0,0,0,0,1,1,0,0,0,40.7527548,0,0,0,0,3,1,1,1,100,0,0,0,3,1,1,0.1,3000,0,0,0,0,0,0,0,0,0,0,0,0,0,0,0,0,0,0,0,0,0,0,0,0,0,0,0,0,0,0,0,0,0,0,0,0,0,0,0,0,0,0,0,0,0,0,0,0,0,0,0
1989,236,21,58,6.659,2,8,0,-1,0,0,1,1,25,0,0,0,1028,0,0,0,0,0,1,1,0,0,0,40.62971708,0,0,0,0,3,1,1,1,100,0,0,0,3,1,1,0.1,3000,0,0,0,0,0,0,0,0,0,0,0,0,0,0,0,0,0,0,0,0,0,0,0,0,0,0,0,0,0,0,0,0,0,0,0,0,0,0,0,0,0,0,0,0,0,0,0,0,0,0,0
1989,236,21,58,29.578,2,8,0,-1,1,0,1,1,25,0,0,0,1028,0,0,0,0,0,1,1,0,0,0,40.59112523,0,0,0,0,3,1,1,1,100,0,0,0,3,1,1,0.1,3000,0,0,0,0,0,0,0,0,0,0,0,0,0,0,0,0,0,0,0,0,0,0,0,0,0,0,0,0,0,0,0,0,0,0,0,0,0,0,0,0,0,0,0,0,0,0,0,0,0,0,0
1989,236,21,59,42.659,2,8,0,-1,0,0,1,1,25,0,0,0,1028,0,0,0,0,0,1,1,0,0,0,40.46805789,0,0,0,0,3,1,1,1,100,0,0,0,3,1,1,0.1,3000,0,0,0,0,0,0,0,0,0,0,0,0,0,0,0,0,0,0,0,0,0,0,0,0,0,0,0,0,0,0,0,0,0,0,0,0,0,0,0,0,0,0,0,0,0,0,0,0,0,0,0
1989,236,22,0,5.579,2,8,0,-1,1,0,1,1,25,0,0,0,1028,0,0,0,0,0,1,1,0,0,0,40.42945615,0,0,0,0,3,1,1,1,100,0,0,0,3,1,1,0.1,3000,0,0,0,0,0,0,0,0,0,0,0,0,0,0,0,0,0,0,0,0,0,0,0,0,0,0,0,0,0,0,0,0,0,0,0,0,0,0,0,0,0,0,0,0,0,0,0,0,0,0,0
1989,236,22,1,18.659,2,8,0,-1,0,0,1,1,25,0,0,0,1028,0,0,0,0,0,1,1,0,0,0,40.30636064,0,0,0,0,3,1,1,1,100,0,0,0,3,1,1,0.1,3000,0,0,0,0,0,0,0,0,0,0,0,0,0,0,0,0,0,0,0,0,0,0,0,0,0,0,0,0,0,0,0,0,0,0,0,0,0,0,0,0,0,0,0,0,0,0,0,0,0,0,0
1989,236,22,1,41.579,2,8,0,-1,1,0,1,1,25,0,0,0,1028,0,0,0,0,0,1,1,0,0,0,40.2677506,0,0,0,0,3,1,1,1,100,0,0,0,3,1,1,0.1,3000,0,0,0,0,0,0,0,0,0,0,0,0,0,0,0,0,0,0,0,0,0,0,0,0,0,0,0,0,0,0,0,0,0,0,0,0,0,0,0,0,0,0,0,0,0,0,0,0,0,0,0
1989,236,22,2,54.659,2,8,0,-1,0,0,1,1,25,0,0,0,1028,0,0,0,0,0,1,1,0,0,0,40.14462499,0,0,0,0,3,1,1,1,100,0,0,0,3,1,1,0.1,3000,0,0,0,0,0,0,0,0,0,0,0,0,0,0,0,0,0,0,0,0,0,0,0,0,0,0,0,0,0,0,0,0,0,0,0,0,0,0,0,0,0,0,0,0,0,0,0,0,0,0,0
1989,236,22,3,17.579,2,8,0,-1,1,0,1,1,25,0,0,0,1028,0,0,0,0,0,1,1,0,0,0,40.10600489,0,0,0,0,3,1,1,1,100,0,0,0,3,1,1,0.1,3000,0,0,0,0,0,0,0,0,0,0,0,0,0,0,0,0,0,0,0,0,0,0,0,0,0,0,0,0,0,0,0,0,0,0,0,0,0,0,0,0,0,0,0,0,0,0,0,0,0,0,0
1989,236,22,6,54.658,2,8,0,-1,0,0,1,1,25,0,0,0,1028,0,0,0,0,0,1,1,0,0,0,39.74011737,0,0,0,0,3,1,1,1,100,0,0,0,3,1,1,0.1,3000,0,0,0,0,0,0,0,0,0,0,0,0,0,0,0,0,0,0,0,0,0,0,0,0,0,0,0,0,0,0,0,0,0,0,0,0,0,0,0,0,0,0,0,0,0,0,0,0,0,0,0
1989,236,22,7,17.578,2,8,0,-1,1,0,1,1,25,0,0,0,1028,0,0,0,0,0,1,1,0,0,0,39.70147388,0,0,0,0,3,1,1,1,100,0,0,0,3,1,1,0.1,3000,0,0,0,0,0,0,0,0,0,0,0,0,0,0,0,0,0,0,0,0,0,0,0,0,0,0,0,0,0,0,0,0,0,0,0,0,0,0,0,0,0,0,0,0,0,0,0,0,0,0,0
1989,236,22,8,30.658,2,8,0,-1,0,0,1,1,25,0,0,0,1028,0,0,0,0,0,1,1,0,0,0,39.57824469,0,0,0,0,3,1,1,1,100,0,0,0,3,1,1,0.1,3000,0,0,0,0,0,0,0,0,0,0,0,0,0,0,0,0,0,0,0,0,0,0,0,0,0,0,0,0,0,0,0,0,0,0,0,0,0,0,0,0,0,0,0,0,0,0,0,0,0,0,0
1989,236,22,8,53.578,2,8,0,-1,1,0,1,1,25,0,0,0,1028,0,0,0,0,0,1,1,0,0,0,39.5395917,0,0,0,0,3,1,1,1,100,0,0,0,3,1,1,0.1,3000,0,0,0,0,0,0,0,0,0,0,0,0,0,0,0,0,0,0,0,0,0,0,0,0,0,0,0,0,0,0,0,0,0,0,0,0,0,0,0,0,0,0,0,0,0,0,0,0,0,0,0
1989,236,22,10,6.658,2,8,0,-1,0,0,1,1,25,0,0,0,1028,0,0,0,0,0,1,1,0,0,0,39.4163321,0,0,0,0,3,1,1,1,100,0,0,0,3,1,1,0.1,3000,0,0,0,0,0,0,0,0,0,0,0,0,0,0,0,0,0,0,0,0,0,0,0,0,0,0,0,0,0,0,0,0,0,0,0,0,0,0,0,0,0,0,0,0,0,0,0,0,0,0,0
1989,236,22,10,29.577,2,8,0,-1,1,0,1,1,25,0,0,0,1028,0,0,0,0,0,1,1,0,0,0,39.37767037,0,0,0,0,3,1,1,1,100,0,0,0,3,1,1,0.1,3000,0,0,0,0,0,0,0,0,0,0,0,0,0,0,0,0,0,0,0,0,0,0,0,0,0,0,0,0,0,0,0,0,0,0,0,0,0,0,0,0,0,0,0,0,0,0,0,0,0,0,0
1989,236,22,11,42.658,2,8,0,-1,0,0,1,1,25,0,0,0,1028,0,0,0,0,0,1,1,0,0,0,39.25437923,0,0,0,0,3,1,1,1,100,0,0,0,3,1,1,0.1,3000,0,0,0,0,0,0,0,0,0,0,0,0,0,0,0,0,0,0,0,0,0,0,0,0,0,0,0,0,0,0,0,0,0,0,0,0,0,0,0,0,0,0,0,0,0,0,0,0,0,0,0
1989,236,22,12,5.578,2,8,0,-1,1,0,1,1,25,0,0,0,1028,0,0,0,0,0,1,1,0,0,0,39.21570699,0,0,0,0,3,1,1,1,100,0,0,0,3,1,1,0.1,3000,0,0,0,0,0,0,0,0,0,0,0,0,0,0,0,0,0,0,0,0,0,0,0,0,0,0,0,0,0,0,0,0,0,0,0,0,0,0,0,0,0,0,0,0,0,0,0,0,0,0,0
1989,236,22,13,18.658,2,8,0,-1,0,0,1,1,25,0,0,0,1028,0,0,0,0,0,1,1,0,0,0,39.09238574,0,0,0,0,3,1,1,1,100,0,0,0,3,1,1,0.1,3000,0,0,0,0,0,0,0,0,0,0,0,0,0,0,0,0,0,0,0,0,0,0,0,0,0,0,0,0,0,0,0,0,0,0,0,0,0,0,0,0,0,0,0,0,0,0,0,0,0,0,0
1989,236,22,13,41.577,2,8,0,-1,1,0,1,1,25,0,0,0,1028,0,0,0,0,0,1,1,0,0,0,39.05370459,0,0,0,0,3,1,1,1,100,0,0,0,3,1,1,0.1,3000,0,0,0,0,0,0,0,0,0,0,0,0,0,0,0,0,0,0,0,0,0,0,0,0,0,0,0,0,0,0,0,0,0,0,0,0,0,0,0,0,0,0,0,0,0,0,0,0,0,0,0
1989,236,22,14,54.658,2,8,0,-1,0,0,1,1,25,0,0,0,1028,0,0,0,0,0,1,1,0,0,0,38.93035126,0,0,0,0,3,1,1,1,100,0,0,0,3,1,1,0.1,3000,0,0,0,0,0,0,0,0,0,0,0,0,0,0,0,0,0,0,0,0,0,0,0,0,0,0,0,0,0,0,0,0,0,0,0,0,0,0,0,0,0,0,0,0,0,0,0,0,0,0,0
1989,236,22,15,17.578,2,8,0,-1,1,0,1,1,25,0,0,0,1028,0,0,0,0,0,1,1,0,0,0,38.89165943,0,0,0,0,3,1,1,1,100,0,0,0,3,1,1,0.1,3000,0,0,0,0,0,0,0,0,0,0,0,0,0,0,0,0,0,0,0,0,0,0,0,0,0,0,0,0,0,0,0,0,0,0,0,0,0,0,0,0,0,0,0,0,0,0,0,0,0,0,0
1989,236,22,18,54.657,2,8,0,-1,0,0,1,1,25,0,0,0,1028,0,0,0,0,0,1,1,0,0,0,38.52508505,0,0,0,0,3,1,1,1,100,0,0,0,3,1,1,0.1,3000,0,0,0,0,0,0,0,0,0,0,0,0,0,0,0,0,0,0,0,0,0,0,0,0,0,0,0,0,0,0,0,0,0,0,0,0,0,0,0,0,0,0,0,0,0,0,0,0,0,0,0
1989,236,22,19,17.577,2,8,0,-1,1,0,1,1,25,0,0,0,1028,0,0,0,0,0,1,1,0,0,0,38.48636823,0,0,0,0,3,1,1,1,100,0,0,0,3,1,1,0.1,3000,0,0,0,0,0,0,0,0,0,0,0,0,0,0,0,0,0,0,0,0,0,0,0,0,0,0,0,0,0,0,0,0,0,0,0,0,0,0,0,0,0,0,0,0,0,0,0,0,0,0,0
1989,236,22,20,30.657,2,8,0,-1,0,0,1,1,25,0,0,0,1028,0,0,0,0,0,1,1,0,0,0,38.36290422,0,0,0,0,3,1,1,1,100,0,0,0,3,1,1,0.1,3000,0,0,0,0,0,0,0,0,0,0,0,0,0,0,0,0,0,0,0,0,0,0,0,0,0,0,0,0,0,0,0,0,0,0,0,0,0,0,0,0,0,0,0,0,0,0,0,0,0,0,0
1989,236,22,20,53.577,2,8,0,-1,1,0,1,1,25,0,0,0,1028,0,0,0,0,0,1,1,0,0,0,38.32417726,0,0,0,0,3,1,1,1,100,0,0,0,3,1,1,0.1,3000,0,0,0,0,0,0,0,0,0,0,0,0,0,0,0,0,0,0,0,0,0,0,0,0,0,0,0,0,0,0,0,0,0,0,0,0,0,0,0,0,0,0,0,0,0,0,0,0,0,0,0
1989,236,22,22,6.657,2,8,0,-1,0,0,1,1,25,0,0,0,1028,0,0,0,0,0,1,1,0,0,0,38.20068073,0,0,0,0,3,1,1,1,100,0,0,0,3,1,1,0.1,3000,0,0,0,0,0,0,0,0,0,0,0,0,0,0,0,0,0,0,0,0,0,0,0,0,0,0,0,0,0,0,0,0,0,0,0,0,0,0,0,0,0,0,0,0,0,0,0,0,0,0,0
1989,236,22,22,29.577,2,8,0,-1,1,0,1,1,25,0,0,0,1028,0,0,0,0,0,1,1,0,0,0,38.16194352,0,0,0,0,3,1,1,1,100,0,0,0,3,1,1,0.1,3000,0,0,0,0,0,0,0,0,0,0,0,0,0,0,0,0,0,0,0,0,0,0,0,0,0,0,0,0,0,0,0,0,0,0,0,0,0,0,0,0,0,0,0,0,0,0,0,0,0,0,0
1989,236,22,23,42.657,2,8,0,-1,0,0,1,1,25,0,0,0,1028,0,0,0,0,0,1,1,0,0,0,38.03841418,0,0,0,0,3,1,1,1,100,0,0,0,3,1,1,0.1,3000,0,0,0,0,0,0,0,0,0,0,0,0,0,0,0,0,0,0,0,0,0,0,0,0,0,0,0,0,0,0,0,0,0,0,0,0,0,0,0,0,0,0,0,0,0,0,0,0,0,0,0
1989,236,22,24,5.577,2,8,0,-1,1,0,1,1,25,0,0,0,1028,0,0,0,0,0,1,1,0,0,0,37.99966664,0,0,0,0,3,1,1,1,100,0,0,0,3,1,1,0.1,3000,0,0,0,0,0,0,0,0,0,0,0,0,0,0,0,0,0,0,0,0,0,0,0,0,0,0,0,0,0,0,0,0,0,0,0,0,0,0,0,0,0,0,0,0,0,0,0,0,0,0,0
1989,236,22,25,18.657,2,8,0,-1,0,0,1,1,25,0,0,0,1028,0,0,0,0,0,1,1,0,0,0,37.87610419,0,0,0,0,3,1,1,1,100,0,0,0,3,1,1,0.1,3000,0,0,0,0,0,0,0,0,0,0,0,0,0,0,0,0,0,0,0,0,0,0,0,0,0,0,0,0,0,0,0,0,0,0,0,0,0,0,0,0,0,0,0,0,0,0,0,0,0,0,0
1989,236,22,25,41.577,2,8,0,-1,1,0,1,1,25,0,0,0,1028,0,0,0,0,0,1,1,0,0,0,37.83734621,0,0,0,0,3,1,1,1,100,0,0,0,3,1,1,0.1,3000,0,0,0,0,0,0,0,0,0,0,0,0,0,0,0,0,0,0,0,0,0,0,0,0,0,0,0,0,0,0,0,0,0,0,0,0,0,0,0,0,0,0,0,0,0,0,0,0,0,0,0
1989,236,22,26,54.657,2,8,0,-1,0,0,1,1,25,0,0,0,1028,0,0,0,0,0,1,1,0,0,0,37.71375035,0,0,0,0,3,1,1,1,100,0,0,0,3,1,1,0.1,3000,0,0,0,0,0,0,0,0,0,0,0,0,0,0,0,0,0,0,0,0,0,0,0,0,0,0,0,0,0,0,0,0,0,0,0,0,0,0,0,0,0,0,0,0,0,0,0,0,0,0,0
1989,236,22,27,17.577,2,8,0,-1,1,0,1,1,25,0,0,0,1028,0,0,0,0,0,1,1,0,0,0,37.67498185,0,0,0,0,3,1,1,1,100,0,0,0,3,1,1,0.1,3000,0,0,0,0,0,0,0,0,0,0,0,0,0,0,0,0,0,0,0,0,0,0,0,0,0,0,0,0,0,0,0,0,0,0,0,0,0,0,0,0,0,0,0,0,0,0,0,0,0,0,0
1989,236,22,30,54.656,2,8,0,-1,0,0,1,1,25,0,0,0,1028,0,0,0,0,0,1,1,0,0,0,37.30767212,0,0,0,0,3,1,1,1,100,0,0,0,3,1,1,0.1,3000,0,0,0,0,0,0,0,0,0,0,0,0,0,0,0,0,0,0,0,0,0,0,0,0,0,0,0,0,0,0,0,0,0,0,0,0,0,0,0,0,0,0,0,0,0,0,0,0,0,0,0
1989,236,22,31,17.576,2,8,0,-1,1,0,1,1,25,0,0,0,1028,0,0,0,0,0,1,1,0,0,0,37.26887687,0,0,0,0,3,1,1,1,100,0,0,0,3,1,1,0.1,3000,0,0,0,0,0,0,0,0,0,0,0,0,0,0,0,0,0,0,0,0,0,0,0,0,0,0,0,0,0,0,0,0,0,0,0,0,0,0,0,0,0,0,0,0,0,0,0,0,0,0,0
1989,236,22,32,30.656,2,8,0,-1,0,0,1,1,25,0,0,0,1028,0,0,0,0,0,1,1,0,0,0,37.14516245,0,0,0,0,3,1,1,1,100,0,0,0,3,1,1,0.1,3000,0,0,0,0,0,0,0,0,0,0,0,0,0,0,0,0,0,0,0,0,0,0,0,0,0,0,0,0,0,0,0,0,0,0,0,0,0,0,0,0,0,0,0,0,0,0,0,0,0,0,0
1989,236,22,32,53.576,2,8,0,-1,1,0,1,1,25,0,0,0,1028,0,0,0,0,0,1,1,0,0,0,37.10635632,0,0,0,0,3,1,1,1,100,0,0,0,3,1,1,0.1,3000,0,0,0,0,0,0,0,0,0,0,0,0,0,0,0,0,0,0,0,0,0,0,0,0,0,0,0,0,0,0,0,0,0,0,0,0,0,0,0,0,0,0,0,0,0,0,0,0,0,0,0
1989,236,22,34,6.656,2,8,0,-1,0,0,1,1,25,0,0,0,1028,0,0,0,0,0,1,1,0,0,0,36.98260623,0,0,0,0,3,1,1,1,100,0,0,0,3,1,1,0.1,3000,0,0,0,0,0,0,0,0,0,0,0,0,0,0,0,0,0,0,0,0,0,0,0,0,0,0,0,0,0,0,0,0,0,0,0,0,0,0,0,0,0,0,0,0,0,0,0,0,0,0,0
1989,236,22,34,29.576,2,8,0,-1,1,0,1,1,25,0,0,0,1028,0,0,0,0,0,1,1,0,0,0,36.94378997,0,0,0,0,3,1,1,1,100,0,0,0,3,1,1,0.1,3000,0,0,0,0,0,0,0,0,0,0,0,0,0,0,0,0,0,0,0,0,0,0,0,0,0,0,0,0,0,0,0,0,0,0,0,0,0,0,0,0,0,0,0,0,0,0,0,0,0,0,0
1989,236,22,35,42.656,2,8,0,-1,0,0,1,1,25,0,0,0,1028,0,0,0,0,0,1,1,0,0,0,36.82000387,0,0,0,0,3,1,1,1,100,0,0,0,3,1,1,0.1,3000,0,0,0,0,0,0,0,0,0,0,0,0,0,0,0,0,0,0,0,0,0,0,0,0,0,0,0,0,0,0,0,0,0,0,0,0,0,0,0,0,0,0,0,0,0,0,0,0,0,0,0
1989,236,22,36,5.576,2,8,0,-1,1,0,1,1,25,0,0,0,1028,0,0,0,0,0,1,1,0,0,0,36.78117568,0,0,0,0,3,1,1,1,100,0,0,0,3,1,1,0.1,3000,0,0,0,0,0,0,0,0,0,0,0,0,0,0,0,0,0,0,0,0,0,0,0,0,0,0,0,0,0,0,0,0,0,0,0,0,0,0,0,0,0,0,0,0,0,0,0,0,0,0,0
1989,236,22,37,18.656,2,8,0,-1,0,0,1,1,25,0,0,0,1028,0,0,0,0,0,1,1,0,0,0,36.65735493,0,0,0,0,3,1,1,1,100,0,0,0,3,1,1,0.1,3000,0,0,0,0,0,0,0,0,0,0,0,0,0,0,0,0,0,0,0,0,0,0,0,0,0,0,0,0,0,0,0,0,0,0,0,0,0,0,0,0,0,0,0,0,0,0,0,0,0,0,0
1989,236,22,37,41.576,2,8,0,-1,1,0,1,1,25,0,0,0,1028,0,0,0,0,0,1,1,0,0,0,36.61851556,0,0,0,0,3,1,1,1,100,0,0,0,3,1,1,0.1,3000,0,0,0,0,0,0,0,0,0,0,0,0,0,0,0,0,0,0,0,0,0,0,0,0,0,0,0,0,0,0,0,0,0,0,0,0,0,0,0,0,0,0,0,0,0,0,0,0,0,0,0
1989,236,22,38,54.656,2,8,0,-1,0,0,1,1,25,0,0,0,1028,0,0,0,0,0,1,1,0,0,0,36.49465897,0,0,0,0,3,1,1,1,100,0,0,0,3,1,1,0.1,3000,0,0,0,0,0,0,0,0,0,0,0,0,0,0,0,0,0,0,0,0,0,0,0,0,0,0,0,0,0,0,0,0,0,0,0,0,0,0,0,0,0,0,0,0,0,0,0,0,0,0,0
1989,236,22,39,17.576,2,8,0,-1,1,0,1,1,25,0,0,0,1028,0,0,0,0,0,1,1,0,0,0,36.45580915,0,0,0,0,3,1,1,1,100,0,0,0,3,1,1,0.1,3000,0,0,0,0,0,0,0,0,0,0,0,0,0,0,0,0,0,0,0,0,0,0,0,0,0,0,0,0,0,0,0,0,0,0,0,0,0,0,0,0,0,0,0,0,0,0,0,0,0,0,0
1989,236,22,42,54.656,2,8,0,-1,0,0,1,1,25,0,0,0,1028,0,0,0,0,0,1,1,0,0,0,36.0877104,0,0,0,0,3,1,1,1,100,0,0,0,3,1,1,0.1,3000,0,0,0,0,0,0,0,0,0,0,0,0,0,0,0,0,0,0,0,0,0,0,0,0,0,0,0,0,0,0,0,0,0,0,0,0,0,0,0,0,0,0,0,0,0,0,0,0,0,0,0
1989,236,22,43,17.576,2,8,0,-1,1,0,1,1,25,0,0,0,1028,0,0,0,0,0,1,1,0,0,0,36.04883188,0,0,0,0,3,1,1,1,100,0,0,0,3,1,1,0.1,3000,0,0,0,0,0,0,0,0,0,0,0,0,0,0,0,0,0,0,0,0,0,0,0,0,0,0,0,0,0,0,0,0,0,0,0,0,0,0,0,0,0,0,0,0,0,0,0,0,0,0,0
1989,236,22,44,30.655,2,8,0,-1,0,0,1,1,25,0,0,0,1028,0,0,0,0,0,1,1,0,0,0,35.92484799,0,0,0,0,3,1,1,1,100,0,0,0,3,1,1,0.1,3000,0,0,0,0,0,0,0,0,0,0,0,0,0,0,0,0,0,0,0,0,0,0,0,0,0,0,0,0,0,0,0,0,0,0,0,0,0,0,0,0,0,0,0,0,0,0,0,0,0,0,0
1989,236,22,44,53.575,2,8,0,-1,1,0,1,1,25,0,0,0,1028,0,0,0,0,0,1,1,0,0,0,35.88595694,0,0,0,0,3,1,1,1,100,0,0,0,3,1,1,0.1,3000,0,0,0,0,0,0,0,0,0,0,0,0,0,0,0,0,0,0,0,0,0,0,0,0,0,0,0,0,0,0,0,0,0,0,0,0,0,0,0,0,0,0,0,0,0,0,0,0,0,0,0
1989,236,22,46,6.655,2,8,0,-1,0,0,1,1,25,0,0,0,1028,0,0,0,0,0,1,1,0,0,0,35.76193478,0,0,0,0,3,1,1,1,100,0,0,0,3,1,1,0.1,3000,0,0,0,0,0,0,0,0,0,0,0,0,0,0,0,0,0,0,0,0,0,0,0,0,0,0,0,0,0,0,0,0,0,0,0,0,0,0,0,0,0,0,0,0,0,0,0,0,0,0,0
1989,236,22,46,29.575,2,8,0,-1,1,0,1,1,25,0,0,0,1028,0,0,0,0,0,1,1,0,0,0,35.72303279,0,0,0,0,3,1,1,1,100,0,0,0,3,1,1,0.1,3000,0,0,0,0,0,0,0,0,0,0,0,0,0,0,0,0,0,0,0,0,0,0,0,0,0,0,0,0,0,0,0,0,0,0,0,0,0,0,0,0,0,0,0,0,0,0,0,0,0,0,0
1989,236,22,47,42.655,2,8,0,-1,0,0,1,1,25,0,0,0,1028,0,0,0,0,0,1,1,0,0,0,35.59897201,0,0,0,0,3,1,1,1,100,0,0,0,3,1,1,0.1,3000,0,0,0,0,0,0,0,0,0,0,0,0,0,0,0,0,0,0,0,0,0,0,0,0,0,0,0,0,0,0,0,0,0,0,0,0,0,0,0,0,0,0,0,0,0,0,0,0,0,0,0
1989,236,22,48,5.575,2,8,0,-1,1,0,1,1,25,0,0,0,1028,0,0,0,0,0,1,1,0,0,0,35.56005726,0,0,0,0,3,1,1,1,100,0,0,0,3,1,1,0.1,3000,0,0,0,0,0,0,0,0,0,0,0,0,0,0,0,0,0,0,0,0,0,0,0,0,0,0,0,0,0,0,0,0,0,0,0,0,0,0,0,0,0,0,0,0,0,0,0,0,0,0,0
1989,236,22,49,18.655,2,8,0,-1,0,0,1,1,25,0,0,0,1028,0,0,0,0,0,1,1,0,0,0,35.43595917,0,0,0,0,3,1,1,1,100,0,0,0,3,1,1,0.1,3000,0,0,0,0,0,0,0,0,0,0,0,0,0,0,0,0,0,0,0,0,0,0,0,0,0,0,0,0,0,0,0,0,0,0,0,0,0,0,0,0,0,0,0,0,0,0,0,0,0,0,0
1989,236,22,49,41.575,2,8,0,-1,1,0,1,1,25,0,0,0,1028,0,0,0,0,0,1,1,0,0,0,35.39703239,0,0,0,0,3,1,1,1,100,0,0,0,3,1,1,0.1,3000,0,0,0,0,0,0,0,0,0,0,0,0,0,0,0,0,0,0,0,0,0,0,0,0,0,0,0,0,0,0,0,0,0,0,0,0,0,0,0,0,0,0,0,0,0,0,0,0,0,0,0
1989,236,22,50,54.655,2,8,0,-1,0,0,1,1,25,0,0,0,1028,0,0,0,0,0,1,1,0,0,0,35.27289577,0,0,0,0,3,1,1,1,100,0,0,0,3,1,1,0.1,3000,0,0,0,0,0,0,0,0,0,0,0,0,0,0,0,0,0,0,0,0,0,0,0,0,0,0,0,0,0,0,0,0,0,0,0,0,0,0,0,0,0,0,0,0,0,0,0,0,0,0,0
1989,236,22,51,17.575,2,8,0,-1,1,0,1,1,25,0,0,0,1028,0,0,0,0,0,1,1,0,0,0,35.2339577,0,0,0,0,3,1,1,1,100,0,0,0,3,1,1,0.1,3000,0,0,0,0,0,0,0,0,0,0,0,0,0,0,0,0,0,0,0,0,0,0,0,0,0,0,0,0,0,0,0,0,0,0,0,0,0,0,0,0,0,0,0,0,0,0,0,0,0,0,0
1989,236,22,56,30.654,2,8,0,-1,0,0,1,1,25,0,0,0,1028,0,0,0,0,0,1,1,0,0,0,34.70177014,0,0,0,0,3,1,1,1,100,0,0,0,3,1,1,0.1,3000,0,0,0,0,0,0,0,0,0,0,0,0,0,0,0,0,0,0,0,0,0,0,0,0,0,0,0,0,0,0,0,0,0,0,0,0,0,0,0,0,0,0,0,0,0,0,0,0,0,0,0
1989,236,22,56,53.575,2,8,0,-1,1,0,1,1,25,0,0,0,1028,0,0,0,0,0,1,1,0,0,0,34.6627869,0,0,0,0,3,1,1,1,100,0,0,0,3,1,1,0.1,3000,0,0,0,0,0,0,0,0,0,0,0,0,0,0,0,0,0,0,0,0,0,0,0,0,0,0,0,0,0,0,0,0,0,0,0,0,0,0,0,0,0,0,0,0,0,0,0,0,0,0,0
1989,236,22,58,6.654,2,8,0,-1,0,0,1,1,25,0,0,0,1028,0,0,0,0,0,1,1,0,0,0,34.53847292,0,0,0,0,3,1,1,1,100,0,0,0,3,1,1,0.1,3000,0,0,0,0,0,0,0,0,0,0,0,0,0,0,0,0,0,0,0,0,0,0,0,0,0,0,0,0,0,0,0,0,0,0,0,0,0,0,0,0,0,0,0,0,0,0,0,0,0,0,0
1989,236,22,58,29.573,2,8,0,-1,1,0,1,1,25,0,0,0,1028,0,0,0,0,0,1,1,0,0,0,34.49947868,0,0,0,0,3,1,1,1,100,0,0,0,3,1,1,0.1,3000,0,0,0,0,0,0,0,0,0,0,0,0,0,0,0,0,0,0,0,0,0,0,0,0,0,0,0,0,0,0,0,0,0,0,0,0,0,0,0,0,0,0,0,0,0,0,0,0,0,0,0
1989,236,22,59,42.654,2,8,0,-1,0,0,1,1,25,0,0,0,1028,0,0,0,0,0,1,1,0,0,0,34.37512229,0,0,0,0,3,1,1,1,100,0,0,0,3,1,1,0.1,3000,0,0,0,0,0,0,0,0,0,0,0,0,0,0,0,0,0,0,0,0,0,0,0,0,0,0,0,0,0,0,0,0,0,0,0,0,0,0,0,0,0,0,0,0,0,0,0,0,0,0,0
1989,236,23,0,5.574,2,8,0,-1,1,0,1,1,25,0,0,0,1028,0,0,0,0,0,1,1,0,0,0,34.33611436,0,0,0,0,3,1,1,1,100,0,0,0,3,1,1,0.1,3000,0,0,0,0,0,0,0,0,0,0,0,0,0,0,0,0,0,0,0,0,0,0,0,0,0,0,0,0,0,0,0,0,0,0,0,0,0,0,0,0,0,0,0,0,0,0,0,0,0,0,0
1989,236,23,1,18.654,2,8,0,-1,0,0,1,1,25,0,0,0,1028,0,0,0,0,0,1,1,0,0,0,34.21171769,0,0,0,0,3,1,1,1,100,0,0,0,3,1,1,0.1,3000,0,0,0,0,0,0,0,0,0,0,0,0,0,0,0,0,0,0,0,0,0,0,0,0,0,0,0,0,0,0,0,0,0,0,0,0,0,0,0,0,0,0,0,0,0,0,0,0,0,0,0
1989,236,23,1,41.574,2,8,0,-1,1,0,1,1,25,0,0,0,1028,0,0,0,0,0,1,1,0,0,0,34.1726968,0,0,0,0,3,1,1,1,100,0,0,0,3,1,1,0.1,3000,0,0,0,0,0,0,0,0,0,0,0,0,0,0,0,0,0,0,0,0,0,0,0,0,0,0,0,0,0,0,0,0,0,0,0,0,0,0,0,0,0,0,0,0,0,0,0,0,0,0,0
1989,236,23,2,54.654,2,8,0,-1,0,0,1,1,25,0,0,0,1028,0,0,0,0,0,1,1,0,0,0,34.04825858,0,0,0,0,3,1,1,1,100,0,0,0,3,1,1,0.1,3000,0,0,0,0,0,0,0,0,0,0,0,0,0,0,0,0,0,0,0,0,0,0,0,0,0,0,0,0,0,0,0,0,0,0,0,0,0,0,0,0,0,0,0,0,0,0,0,0,0,0,0
1989,236,23,3,17.573,2,8,0,-1,1,0,1,1,25,0,0,0,1028,0,0,0,0,0,1,1,0,0,0,34.00922545,0,0,0,0,3,1,1,1,100,0,0,0,3,1,1,0.1,3000,0,0,0,0,0,0,0,0,0,0,0,0,0,0,0,0,0,0,0,0,0,0,0,0,0,0,0,0,0,0,0,0,0,0,0,0,0,0,0,0,0,0,0,0,0,0,0,0,0,0,0
1989,236,23,6,54.654,2,8,0,-1,0,0,1,1,25,0,0,0,1028,0,0,0,0,0,1,1,0,0,0,33.6393686,0,0,0,0,3,1,1,1,100,0,0,0,3,1,1,0.1,3000,0,0,0,0,0,0,0,0,0,0,0,0,0,0,0,0,0,0,0,0,0,0,0,0,0,0,0,0,0,0,0,0,0,0,0,0,0,0,0,0,0,0,0,0,0,0,0,0,0,0,0
1989,236,23,7,17.573,2,8,0,-1,1,0,1,1,25,0,0,0,1028,0,0,0,0,0,1,1,0,0,0,33.60030213,0,0,0,0,3,1,1,1,100,0,0,0,3,1,1,0.1,3000,0,0,0,0,0,0,0,0,0,0,0,0,0,0,0,0,0,0,0,0,0,0,0,0,0,0,0,0,0,0,0,0,0,0,0,0,0,0,0,0,0,0,0,0,0,0,0,0,0,0,0
1989,236,23,8,30.654,2,8,0,-1,0,0,1,1,25,0,0,0,1028,0,0,0,0,0,1,1,0,0,0,33.47571421,0,0,0,0,3,1,1,1,100,0,0,0,3,1,1,0.1,3000,0,0,0,0,0,0,0,0,0,0,0,0,0,0,0,0,0,0,0,0,0,0,0,0,0,0,0,0,0,0,0,0,0,0,0,0,0,0,0,0,0,0,0,0,0,0,0,0,0,0,0
1989,236,23,8,53.574,2,8,0,-1,1,0,1,1,25,0,0,0,1028,0,0,0,0,0,1,1,0,0,0,33.43663329,0,0,0,0,3,1,1,1,100,0,0,0,3,1,1,0.1,3000,0,0,0,0,0,0,0,0,0,0,0,0,0,0,0,0,0,0,0,0,0,0,0,0,0,0,0,0,0,0,0,0,0,0,0,0,0,0,0,0,0,0,0,0,0,0,0,0,0,0,0
1989,236,23,10,6.653,2,8,0,-1,0,0,1,1,25,0,0,0,1028,0,0,0,0,0,1,1,0,0,0,33.3120044,0,0,0,0,3,1,1,1,100,0,0,0,3,1,1,0.1,3000,0,0,0,0,0,0,0,0,0,0,0,0,0,0,0,0,0,0,0,0,0,0,0,0,0,0,0,0,0,0,0,0,0,0,0,0,0,0,0,0,0,0,0,0,0,0,0,0,0,0,0
1989,236,23,10,29.573,2,8,0,-1,1,0,1,1,25,0,0,0,1028,0,0,0,0,0,1,1,0,0,0,33.27290976,0,0,0,0,3,1,1,1,100,0,0,0,3,1,1,0.1,3000,0,0,0,0,0,0,0,0,0,0,0,0,0,0,0,0,0,0,0,0,0,0,0,0,0,0,0,0,0,0,0,0,0,0,0,0,0,0,0,0,0,0,0,0,0,0,0,0,0,0,0
1989,236,23,11,42.653,2,8,0,-1,0,0,1,1,25,0,0,0,1028,0,0,0,0,0,1,1,0,0,0,33.14823516,0,0,0,0,3,1,1,1,100,0,0,0,3,1,1,0.1,3000,0,0,0,0,0,0,0,0,0,0,0,0,0,0,0,0,0,0,0,0,0,0,0,0,0,0,0,0,0,0,0,0,0,0,0,0,0,0,0,0,0,0,0,0,0,0,0,0,0,0,0
1989,236,23,12,5.573,2,8,0,-1,1,0,1,1,25,0,0,0,1028,0,0,0,0,0,1,1,0,0,0,33.10912665,0,0,0,0,3,1,1,1,100,0,0,0,3,1,1,0.1,3000,0,0,0,0,0,0,0,0,0,0,0,0,0,0,0,0,0,0,0,0,0,0,0,0,0,0,0,0,0,0,0,0,0,0,0,0,0,0,0,0,0,0,0,0,0,0,0,0,0,0,0
1989,236,23,13,18.653,2,8,0,-1,0,0,1,1,25,0,0,0,1028,0,0,0,0,0,1,1,0,0,0,32.98440759,0,0,0,0,3,1,1,1,100,0,0,0,3,1,1,0.1,3000,0,0,0,0,0,0,0,0,0,0,0,0,0,0,0,0,0,0,0,0,0,0,0,0,0,0,0,0,0,0,0,0,0,0,0,0,0,0,0,0,0,0,0,0,0,0,0,0,0,0,0
1989,236,23,13,41.573,2,8,0,-1,1,0,1,1,25,0,0,0,1028,0,0,0,0,0,1,1,0,0,0,32.94528506,0,0,0,0,3,1,1,1,100,0,0,0,3,1,1,0.1,3000,0,0,0,0,0,0,0,0,0,0,0,0,0,0,0,0,0,0,0,0,0,0,0,0,0,0,0,0,0,0,0,0,0,0,0,0,0,0,0,0,0,0,0,0,0,0,0,0,0,0,0
1989,236,23,14,54.653,2,8,0,-1,0,0,1,1,25,0,0,0,1028,0,0,0,0,0,1,1,0,0,0,32.82052105,0,0,0,0,3,1,1,1,100,0,0,0,3,1,1,0.1,3000,0,0,0,0,0,0,0,0,0,0,0,0,0,0,0,0,0,0,0,0,0,0,0,0,0,0,0,0,0,0,0,0,0,0,0,0,0,0,0,0,0,0,0,0,0,0,0,0,0,0,0
1989,236,23,15,17.573,2,8,0,-1,1,0,1,1,25,0,0,0,1028,0,0,0,0,0,1,1,0,0,0,32.78138435,0,0,0,0,3,1,1,1,100,0,0,0,3,1,1,0.1,3000,0,0,0,0,0,0,0,0,0,0,0,0,0,0,0,0,0,0,0,0,0,0,0,0,0,0,0,0,0,0,0,0,0,0,0,0,0,0,0,0,0,0,0,0,0,0,0,0,0,0,0
1989,236,23,18,54.653,2,8,0,-1,0,0,1,1,25,0,0,0,1028,0,0,0,0,0,1,1,0,0,0,32.41054257,0,0,0,0,3,1,1,1,100,0,0,0,3,1,1,0.1,3000,0,0,0,0,0,0,0,0,0,0,0,0,0,0,0,0,0,0,0,0,0,0,0,0,0,0,0,0,0,0,0,0,0,0,0,0,0,0,0,0,0,0,0,0,0,0,0,0,0,0,0
1989,236,23,19,17.573,2,8,0,-1,1,0,1,1,25,0,0,0,1028,0,0,0,0,0,1,1,0,0,0,32.37136977,0,0,0,0,3,1,1,1,100,0,0,0,3,1,1,0.1,3000,0,0,0,0,0,0,0,0,0,0,0,0,0,0,0,0,0,0,0,0,0,0,0,0,0,0,0,0,0,0,0,0,0,0,0,0,0,0,0,0,0,0,0,0,0,0,0,0,0,0,0
1989,236,23,20,30.653,2,8,0,-1,0,0,1,1,25,0,0,0,1028,0,0,0,0,0,1,1,0,0,0,32.24644461,0,0,0,0,3,1,1,1,100,0,0,0,3,1,1,0.1,3000,0,0,0,0,0,0,0,0,0,0,0,0,0,0,0,0,0,0,0,0,0,0,0,0,0,0,0,0,0,0,0,0,0,0,0,0,0,0,0,0,0,0,0,0,0,0,0,0,0,0,0
1989,236,23,20,53.573,2,8,0,-1,1,0,1,1,25,0,0,0,1028,0,0,0,0,0,1,1,0,0,0,32.20725709,0,0,0,0,3,1,1,1,100,0,0,0,3,1,1,0.1,3000,0,0,0,0,0,0,0,0,0,0,0,0,0,0,0,0,0,0,0,0,0,0,0,0,0,0,0,0,0,0,0,0,0,0,0,0,0,0,0,0,0,0,0,0,0,0,0,0,0,0,0
1989,236,23,22,6.652,2,8,0,-1,0,0,1,1,25,0,0,0,1028,0,0,0,0,0,1,1,0,0,0,32.0822856,0,0,0,0,3,1,1,1,100,0,0,0,3,1,1,0.1,3000,0,0,0,0,0,0,0,0,0,0,0,0,0,0,0,0,0,0,0,0,0,0,0,0,0,0,0,0,0,0,0,0,0,0,0,0,0,0,0,0,0,0,0,0,0,0,0,0,0,0,0
1989,236,23,22,29.572,2,8,0,-1,1,0,1,1,25,0,0,0,1028,0,0,0,0,0,1,1,0,0,0,32.0430832,0,0,0,0,3,1,1,1,100,0,0,0,3,1,1,0.1,3000,0,0,0,0,0,0,0,0,0,0,0,0,0,0,0,0,0,0,0,0,0,0,0,0,0,0,0,0,0,0,0,0,0,0,0,0,0,0,0,0,0,0,0,0,0,0,0,0,0,0,0
1989,236,23,23,42.652,2,8,0,-1,0,0,1,1,25,0,0,0,1028,0,0,0,0,0,1,1,0,0,0,31.91806401,0,0,0,0,3,1,1,1,100,0,0,0,3,1,1,0.1,3000,0,0,0,0,0,0,0,0,0,0,0,0,0,0,0,0,0,0,0,0,0,0,0,0,0,0,0,0,0,0,0,0,0,0,0,0,0,0,0,0,0,0,0,0,0,0,0,0,0,0,0
1989,236,23,24,5.572,2,8,0,-1,1,0,1,1,25,0,0,0,1028,0,0,0,0,0,1,1,0,0,0,31.87884657,0,0,0,0,3,1,1,1,100,0,0,0,3,1,1,0.1,3000,0,0,0,0,0,0,0,0,0,0,0,0,0,0,0,0,0,0,0,0,0,0,0,0,0,0,0,0,0,0,0,0,0,0,0,0,0,0,0,0,0,0,0,0,0,0,0,0,0,0,0
1989,236,23,25,18.652,2,8,0,-1,0,0,1,1,25,0,0,0,1028,0,0,0,0,0,1,1,0,0,0,31.75377829,0,0,0,0,3,1,1,1,100,0,0,0,3,1,1,0.1,3000,0,0,0,0,0,0,0,0,0,0,0,0,0,0,0,0,0,0,0,0,0,0,0,0,0,0,0,0,0,0,0,0,0,0,0,0,0,0,0,0,0,0,0,0,0,0,0,0,0,0,0
1989,236,23,25,41.572,2,8,0,-1,1,0,1,1,25,0,0,0,1028,0,0,0,0,0,1,1,0,0,0,31.71454564,0,0,0,0,3,1,1,1,100,0,0,0,3,1,1,0.1,3000,0,0,0,0,0,0,0,0,0,0,0,0,0,0,0,0,0,0,0,0,0,0,0,0,0,0,0,0,0,0,0,0,0,0,0,0,0,0,0,0,0,0,0,0,0,0,0,0,0,0,0
1989,236,23,26,54.652,2,8,0,-1,0,0,1,1,25,0,0,0,1028,0,0,0,0,0,1,1,0,0,0,31.58942858,0,0,0,0,3,1,1,1,100,0,0,0,3,1,1,0.1,3000,0,0,0,0,0,0,0,0,0,0,0,0,0,0,0,0,0,0,0,0,0,0,0,0,0,0,0,0,0,0,0,0,0,0,0,0,0,0,0,0,0,0,0,0,0,0,0,0,0,0,0
1989,236,23,27,17.572,2,8,0,-1,1,0,1,1,25,0,0,0,1028,0,0,0,0,0,1,1,0,0,0,31.55018055,0,0,0,0,3,1,1,1,100,0,0,0,3,1,1,0.1,3000,0,0,0,0,0,0,0,0,0,0,0,0,0,0,0,0,0,0,0,0,0,0,0,0,0,0,0,0,0,0,0,0,0,0,0,0,0,0,0,0,0,0,0,0,0,0,0,0,0,0,0
1989,236,23,30,54.652,2,8,0,-1,0,0,1,1,25,0,0,0,1028,0,0,0,0,0,1,1,0,0,0,31.17826965,0,0,0,0,3,1,1,1,100,0,0,0,3,1,1,0.1,3000,0,0,0,0,0,0,0,0,0,0,0,0,0,0,0,0,0,0,0,0,0,0,0,0,0,0,0,0,0,0,0,0,0,0,0,0,0,0,0,0,0,0,0,0,0,0,0,0,0,0,0
1989,236,23,31,17.572,2,8,0,-1,1,0,1,1,25,0,0,0,1028,0,0,0,0,0,1,1,0,0,0,31.13898239,0,0,0,0,3,1,1,1,100,0,0,0,3,1,1,0.1,3000,0,0,0,0,0,0,0,0,0,0,0,0,0,0,0,0,0,0,0,0,0,0,0,0,0,0,0,0,0,0,0,0,0,0,0,0,0,0,0,0,0,0,0,0,0,0,0,0,0,0,0
1989,236,23,32,30.652,2,8,0,-1,0,0,1,1,25,0,0,0,1028,0,0,0,0,0,1,1,0,0,0,31.01369026,0,0,0,0,3,1,1,1,100,0,0,0,3,1,1,0.1,3000,0,0,0,0,0,0,0,0,0,0,0,0,0,0,0,0,0,0,0,0,0,0,0,0,0,0,0,0,0,0,0,0,0,0,0,0,0,0,0,0,0,0,0,0,0,0,0,0,0,0,0
1989,236,23,32,53.572,2,8,0,-1,1,0,1,1,25,0,0,0,1028,0,0,0,0,0,1,1,0,0,0,30.974387,0,0,0,0,3,1,1,1,100,0,0,0,3,1,1,0.1,3000,0,0,0,0,0,0,0,0,0,0,0,0,0,0,0,0,0,0,0,0,0,0,0,0,0,0,0,0,0,0,0,0,0,0,0,0,0,0,0,0,0,0,0,0,0,0,0,0,0,0,0
1989,236,23,34,6.652,2,8,0,-1,0,0,1,1,25,0,0,0,1028,0,0,0,0,0,1,1,0,0,0,30.84904355,0,0,0,0,3,1,1,1,100,0,0,0,3,1,1,0.1,3000,0,0,0,0,0,0,0,0,0,0,0,0,0,0,0,0,0,0,0,0,0,0,0,0,0,0,0,0,0,0,0,0,0,0,0,0,0,0,0,0,0,0,0,0,0,0,0,0,0,0,0
1989,236,23,34,29.572,2,8,0,-1,1,0,1,1,25,0,0,0,1028,0,0,0,0,0,1,1,0,0,0,30.80972411,0,0,0,0,3,1,1,1,100,0,0,0,3,1,1,0.1,3000,0,0,0,0,0,0,0,0,0,0,0,0,0,0,0,0,0,0,0,0,0,0,0,0,0,0,0,0,0,0,0,0,0,0,0,0,0,0,0,0,0,0,0,0,0,0,0,0,0,0,0
1989,236,23,35,42.651,2,8,0,-1,0,0,1,1,25,0,0,0,1028,0,0,0,0,0,1,1,0,0,0,30.68433047,0,0,0,0,3,1,1,1,100,0,0,0,3,1,1,0.1,3000,0,0,0,0,0,0,0,0,0,0,0,0,0,0,0,0,0,0,0,0,0,0,0,0,0,0,0,0,0,0,0,0,0,0,0,0,0,0,0,0,0,0,0,0,0,0,0,0,0,0,0
1989,236,23,36,5.571,2,8,0,-1,1,0,1,1,25,0,0,0,1028,0,0,0,0,0,1,1,0,0,0,30.64499466,0,0,0,0,3,1,1,1,100,0,0,0,3,1,1,0.1,3000,0,0,0,0,0,0,0,0,0,0,0,0,0,0,0,0,0,0,0,0,0,0,0,0,0,0,0,0,0,0,0,0,0,0,0,0,0,0,0,0,0,0,0,0,0,0,0,0,0,0,0
1989,236,23,37,18.651,2,8,0,-1,0,0,1,1,25,0,0,0,1028,0,0,0,0,0,1,1,0,0,0,30.51954679,0,0,0,0,3,1,1,1,100,0,0,0,3,1,1,0.1,3000,0,0,0,0,0,0,0,0,0,0,0,0,0,0,0,0,0,0,0,0,0,0,0,0,0,0,0,0,0,0,0,0,0,0,0,0,0,0,0,0,0,0,0,0,0,0,0,0,0,0,0
1989,236,23,37,41.57,2,8,0,-1,1,0,1,1,25,0,0,0,1028,0,0,0,0,0,1,1,0,0,0,30.48019613,0,0,0,0,3,1,1,1,100,0,0,0,3,1,1,0.1,3000,0,0,0,0,0,0,0,0,0,0,0,0,0,0,0,0,0,0,0,0,0,0,0,0,0,0,0,0,0,0,0,0,0,0,0,0,0,0,0,0,0,0,0,0,0,0,0,0,0,0,0
1989,236,23,38,54.651,2,8,0,-1,0,0,1,1,25,0,0,0,1028,0,0,0,0,0,1,1,0,0,0,30.35469343,0,0,0,0,3,1,1,1,100,0,0,0,3,1,1,0.1,3000,0,0,0,0,0,0,0,0,0,0,0,0,0,0,0,0,0,0,0,0,0,0,0,0,0,0,0,0,0,0,0,0,0,0,0,0,0,0,0,0,0,0,0,0,0,0,0,0,0,0,0
1989,236,23,39,17.571,2,8,0,-1,1,0,1,1,25,0,0,0,1028,0,0,0,0,0,1,1,0,0,0,30.31532429,0,0,0,0,3,1,1,1,100,0,0,0,3,1,1,0.1,3000,0,0,0,0,0,0,0,0,0,0,0,0,0,0,0,0,0,0,0,0,0,0,0,0,0,0,0,0,0,0,0,0,0,0,0,0,0,0,0,0,0,0,0,0,0,0,0,0,0,0,0
1989,236,23,42,54.651,2,8,0,-1,0,0,1,1,25,0,0,0,1028,0,0,0,0,0,1,1,0,0,0,29.94224973,0,0,0,0,3,1,1,1,100,0,0,0,3,1,1,0.1,3000,0,0,0,0,0,0,0,0,0,0,0,0,0,0,0,0,0,0,0,0,0,0,0,0,0,0,0,0,0,0,0,0,0,0,0,0,0,0,0,0,0,0,0,0,0,0,0,0,0,0,0
1989,236,23,43,17.571,2,8,0,-1,1,0,1,1,25,0,0,0,1028,0,0,0,0,0,1,1,0,0,0,29.90283783,0,0,0,0,3,1,1,1,100,0,0,0,3,1,1,0.1,3000,0,0,0,0,0,0,0,0,0,0,0,0,0,0,0,0,0,0,0,0,0,0,0,0,0,0,0,0,0,0,0,0,0,0,0,0,0,0,0,0,0,0,0,0,0,0,0,0,0,0,0
1989,236,23,44,30.651,2,8,0,-1,0,0,1,1,25,0,0,0,1028,0,0,0,0,0,1,1,0,0,0,29.77714593,0,0,0,0,3,1,1,1,100,0,0,0,3,1,1,0.1,3000,0,0,0,0,0,0,0,0,0,0,0,0,0,0,0,0,0,0,0,0,0,0,0,0,0,0,0,0,0,0,0,0,0,0,0,0,0,0,0,0,0,0,0,0,0,0,0,0,0,0,0
1989,236,23,44,53.571,2,8,0,-1,1,0,1,1,25,0,0,0,1028,0,0,0,0,0,1,1,0,0,0,29.73771742,0,0,0,0,3,1,1,1,100,0,0,0,3,1,1,0.1,3000,0,0,0,0,0,0,0,0,0,0,0,0,0,0,0,0,0,0,0,0,0,0,0,0,0,0,0,0,0,0,0,0,0,0,0,0,0,0,0,0,0,0,0,0,0,0,0,0,0,0,0
1989,236,23,46,6.651,2,8,0,-1,0,0,1,1,25,0,0,0,1028,0,0,0,0,0,1,1,0,0,0,29.61196863,0,0,0,0,3,1,1,1,100,0,0,0,3,1,1,0.1,3000,0,0,0,0,0,0,0,0,0,0,0,0,0,0,0,0,0,0,0,0,0,0,0,0,0,0,0,0,0,0,0,0,0,0,0,0,0,0,0,0,0,0,0,0,0,0,0,0,0,0,0
1989,236,23,46,29.571,2,8,0,-1,1,0,1,1,25,0,0,0,1028,0,0,0,0,0,1,1,0,0,0,29.57252245,0,0,0,0,3,1,1,1,100,0,0,0,3,1,1,0.1,3000,0,0,0,0,0,0,0,0,0,0,0,0,0,0,0,0,0,0,0,0,0,0,0,0,0,0,0,0,0,0,0,0,0,0,0,0,0,0,0,0,0,0,0,0,0,0,0,0,0,0,0
1989,236,23,47,42.651,2,8,0,-1,0,0,1,1,25,0,0,0,1028,0,0,0,0,0,1,1,0,0,0,29.44671696,0,0,0,0,3,1,1,1,100,0,0,0,3,1,1,0.1,3000,0,0,0,0,0,0,0,0,0,0,0,0,0,0,0,0,0,0,0,0,0,0,0,0,0,0,0,0,0,0,0,0,0,0,0,0,0,0,0,0,0,0,0,0,0,0,0,0,0,0,0
1989,236,23,48,5.571,2,8,0,-1,1,0,1,1,25,0,0,0,1028,0,0,0,0,0,1,1,0,0,0,29.40725203,0,0,0,0,3,1,1,1,100,0,0,0,3,1,1,0.1,3000,0,0,0,0,0,0,0,0,0,0,0,0,0,0,0,0,0,0,0,0,0,0,0,0,0,0,0,0,0,0,0,0,0,0,0,0,0,0,0,0,0,0,0,0,0,0,0,0,0,0,0
1989,236,23,49,18.65,2,8,0,-1,0,0,1,1,25,0,0,0,1028,0,0,0,0,0,1,1,0,0,0,29.28139174,0,0,0,0,3,1,1,1,100,0,0,0,3,1,1,0.1,3000,0,0,0,0,0,0,0,0,0,0,0,0,0,0,0,0,0,0,0,0,0,0,0,0,0,0,0,0,0,0,0,0,0,0,0,0,0,0,0,0,0,0,0,0,0,0,0,0,0,0,0
1989,236,23,49,41.569,2,8,0,-1,1,0,1,1,25,0,0,0,1028,0,0,0,0,0,1,1,0,0,0,29.24191042,0,0,0,0,3,1,1,1,100,0,0,0,3,1,1,0.1,3000,0,0,0,0,0,0,0,0,0,0,0,0,0,0,0,0,0,0,0,0,0,0,0,0,0,0,0,0,0,0,0,0,0,0,0,0,0,0,0,0,0,0,0,0,0,0,0,0,0,0,0
1989,236,23,50,54.65,2,8,0,-1,0,0,1,1,25,0,0,0,1028,0,0,0,0,0,1,1,0,0,0,29.1159886,0,0,0,0,3,1,1,1,100,0,0,0,3,1,1,0.1,3000,0,0,0,0,0,0,0,0,0,0,0,0,0,0,0,0,0,0,0,0,0,0,0,0,0,0,0,0,0,0,0,0,0,0,0,0,0,0,0,0,0,0,0,0,0,0,0,0,0,0,0
1989,236,23,51,17.57,2,8,0,-1,1,0,1,1,25,0,0,0,1028,0,0,0,0,0,1,1,0,0,0,29.07648722,0,0,0,0,3,1,1,1,100,0,0,0,3,1,1,0.1,3000,0,0,0,0,0,0,0,0,0,0,0,0,0,0,0,0,0,0,0,0,0,0,0,0,0,0,0,0,0,0,0,0,0,0,0,0,0,0,0,0,0,0,0,0,0,0,0,0,0,0,0
1989,236,23,54,54.65,2,8,0,-1,0,0,1,1,25,0,0,0,1028,0,0,0,0,0,1,1,0,0,0,28.70214117,0,0,0,0,3,1,1,1,100,0,0,0,3,1,1,0.1,3000,0,0,0,0,0,0,0,0,0,0,0,0,0,0,0,0,0,0,0,0,0,0,0,0,0,0,0,0,0,0,0,0,0,0,0,0,0,0,0,0,0,0,0,0,0,0,0,0,0,0,0
1989,236,23,55,17.57,2,8,0,-1,1,0,1,1,25,0,0,0,1028,0,0,0,0,0,1,1,0,0,0,28.66259298,0,0,0,0,3,1,1,1,100,0,0,0,3,1,1,0.1,3000,0,0,0,0,0,0,0,0,0,0,0,0,0,0,0,0,0,0,0,0,0,0,0,0,0,0,0,0,0,0,0,0,0,0,0,0,0,0,0,0,0,0,0,0,0,0,0,0,0,0,0
1989,236,23,56,30.649,2,8,0,-1,0,0,1,1,25,0,0,0,1028,0,0,0,0,0,1,1,0,0,0,28.5364647,0,0,0,0,3,1,1,1,100,0,0,0,3,1,1,0.1,3000,0,0,0,0,0,0,0,0,0,0,0,0,0,0,0,0,0,0,0,0,0,0,0,0,0,0,0,0,0,0,0,0,0,0,0,0,0,0,0,0,0,0,0,0,0,0,0,0,0,0,0
1989,236,23,56,53.57,2,8,0,-1,1,0,1,1,25,0,0,0,1028,0,0,0,0,0,1,1,0,0,0,28.49689736,0,0,0,0,3,1,1,1,100,0,0,0,3,1,1,0.1,3000,0,0,0,0,0,0,0,0,0,0,0,0,0,0,0,0,0,0,0,0,0,0,0,0,0,0,0,0,0,0,0,0,0,0,0,0,0,0,0,0,0,0,0,0,0,0,0,0,0,0,0
1989,236,23,58,6.65,2,8,0,-1,0,0,1,1,25,0,0,0,1028,0,0,0,0,0,1,1,0,0,0,28.37070594,0,0,0,0,3,1,1,1,100,0,0,0,3,1,1,0.1,3000,0,0,0,0,0,0,0,0,0,0,0,0,0,0,0,0,0,0,0,0,0,0,0,0,0,0,0,0,0,0,0,0,0,0,0,0,0,0,0,0,0,0,0,0,0,0,0,0,0,0,0
1989,236,23,58,29.57,2,8,0,-1,1,0,1,1,25,0,0,0,1028,0,0,0,0,0,1,1,0,0,0,28.33112008,0,0,0,0,3,1,1,1,100,0,0,0,3,1,1,0.1,3000,0,0,0,0,0,0,0,0,0,0,0,0,0,0,0,0,0,0,0,0,0,0,0,0,0,0,0,0,0,0,0,0,0,0,0,0,0,0,0,0,0,0,0,0,0,0,0,0,0,0,0
1989,236,23,59,42.649,2,8,0,-1,0,0,1,1,25,0,0,0,1028,0,0,0,0,0,1,1,0,0,0,28.20486733,0,0,0,0,3,1,1,1,100,0,0,0,3,1,1,0.1,3000,0,0,0,0,0,0,0,0,0,0,0,0,0,0,0,0,0,0,0,0,0,0,0,0,0,0,0,0,0,0,0,0,0,0,0,0,0,0,0,0,0,0,0,0,0,0,0,0,0,0,0
1989,237,0,0,5.57,2,8,0,-1,1,0,1,1,25,0,0,0,1028,0,0,0,0,0,1,1,0,0,0,28.16526011,0,0,0,0,3,1,1,1,100,0,0,0,3,1,1,0.1,3000,0,0,0,0,0,0,0,0,0,0,0,0,0,0,0,0,0,0,0,0,0,0,0,0,0,0,0,0,0,0,0,0,0,0,0,0,0,0,0,0,0,0,0,0,0,0,0,0,0,0,0
1989,237,0,1,18.649,2,8,0,-1,0,0,1,1,25,0,0,0,1028,0,0,0,0,0,1,1,0,0,0,28.03894523,0,0,0,0,3,1,1,1,100,0,0,0,3,1,1,0.1,3000,0,0,0,0,0,0,0,0,0,0,0,0,0,0,0,0,0,0,0,0,0,0,0,0,0,0,0,0,0,0,0,0,0,0,0,0,0,0,0,0,0,0,0,0,0,0,0,0,0,0,0
1989,237,0,1,41.568,2,8,0,-1,1,0,1,1,25,0,0,0,1028,0,0,0,0,0,1,1,0,0,0,27.99932072,0,0,0,0,3,1,1,1,100,0,0,0,3,1,1,0.1,3000,0,0,0,0,0,0,0,0,0,0,0,0,0,0,0,0,0,0,0,0,0,0,0,0,0,0,0,0,0,0,0,0,0,0,0,0,0,0,0,0,0,0,0,0,0,0,0,0,0,0,0
1989,237,0,2,54.649,2,8,0,-1,0,0,1,1,25,0,0,0,1028,0,0,0,0,0,1,1,0,0,0,27.87294032,0,0,0,0,3,1,1,1,100,0,0,0,3,1,1,0.1,3000,0,0,0,0,0,0,0,0,0,0,0,0,0,0,0,0,0,0,0,0,0,0,0,0,0,0,0,0,0,0,0,0,0,0,0,0,0,0,0,0,0,0,0,0,0,0,0,0,0,0,0
1989,237,0,3,17.568,2,8,0,-1,1,0,1,1,25,0,0,0,1028,0,0,0,0,0,1,1,0,0,0,27.83329481,0,0,0,0,3,1,1,1,100,0,0,0,3,1,1,0.1,3000,0,0,0,0,0,0,0,0,0,0,0,0,0,0,0,0,0,0,0,0,0,0,0,0,0,0,0,0,0,0,0,0,0,0,0,0,0,0,0,0,0,0,0,0,0,0,0,0,0,0,0
1989,237,0,6,54.649,2,8,0,-1,0,0,1,1,25,0,0,0,1028,0,0,0,0,0,1,1,0,0,0,27.45755262,0,0,0,0,3,1,1,1,100,0,0,0,3,1,1,0.1,3000,0,0,0,0,0,0,0,0,0,0,0,0,0,0,0,0,0,0,0,0,0,0,0,0,0,0,0,0,0,0,0,0,0,0,0,0,0,0,0,0,0,0,0,0,0,0,0,0,0,0,0
1989,237,0,7,17.568,2,8,0,-1,1,0,1,1,25,0,0,0,1028,0,0,0,0,0,1,1,0,0,0,27.41785562,0,0,0,0,3,1,1,1,100,0,0,0,3,1,1,0.1,3000,0,0,0,0,0,0,0,0,0,0,0,0,0,0,0,0,0,0,0,0,0,0,0,0,0,0,0,0,0,0,0,0,0,0,0,0,0,0,0,0,0,0,0,0,0,0,0,0,0,0,0
1989,237,0,8,30.649,2,8,0,-1,0,0,1,1,25,0,0,0,1028,0,0,0,0,0,1,1,0,0,0,27.2912453,0,0,0,0,3,1,1,1,100,0,0,0,3,1,1,0.1,3000,0,0,0,0,0,0,0,0,0,0,0,0,0,0,0,0,0,0,0,0,0,0,0,0,0,0,0,0,0,0,0,0,0,0,0,0,0,0,0,0,0,0,0,0,0,0,0,0,0,0,0
1989,237,0,8,53.569,2,8,0,-1,1,0,1,1,25,0,0,0,1028,0,0,0,0,0,1,1,0,0,0,27.25152722,0,0,0,0,3,1,1,1,100,0,0,0,3,1,1,0.1,3000,0,0,0,0,0,0,0,0,0,0,0,0,0,0,0,0,0,0,0,0,0,0,0,0,0,0,0,0,0,0,0,0,0,0,0,0,0,0,0,0,0,0,0,0,0,0,0,0,0,0,0
1989,237,0,10,6.649,2,8,0,-1,0,0,1,1,25,0,0,0,1028,0,0,0,0,0,1,1,0,0,0,27.12484927,0,0,0,0,3,1,1,1,100,0,0,0,3,1,1,0.1,3000,0,0,0,0,0,0,0,0,0,0,0,0,0,0,0,0,0,0,0,0,0,0,0,0,0,0,0,0,0,0,0,0,0,0,0,0,0,0,0,0,0,0,0,0,0,0,0,0,0,0,0
1989,237,0,10,29.568,2,8,0,-1,1,0,1,1,25,0,0,0,1028,0,0,0,0,0,1,1,0,0,0,27.0851107,0,0,0,0,3,1,1,1,100,0,0,0,3,1,1,0.1,3000,0,0,0,0,0,0,0,0,0,0,0,0,0,0,0,0,0,0,0,0,0,0,0,0,0,0,0,0,0,0,0,0,0,0,0,0,0,0,0,0,0,0,0,0,0,0,0,0,0,0,0
1989,237,0,11,42.649,2,8,0,-1,0,0,1,1,25,0,0,0,1028,0,0,0,0,0,1,1,0,0,0,26.95836333,0,0,0,0,3,1,1,1,100,0,0,0,3,1,1,0.1,3000,0,0,0,0,0,0,0,0,0,0,0,0,0,0,0,0,0,0,0,0,0,0,0,0,0,0,0,0,0,0,0,0,0,0,0,0,0,0,0,0,0,0,0,0,0,0,0,0,0,0,0
1989,237,0,12,5.569,2,8,0,-1,1,0,1,1,25,0,0,0,1028,0,0,0,0,0,1,1,0,0,0,26.91860138,0,0,0,0,3,1,1,1,100,0,0,0,3,1,1,0.1,3000,0,0,0,0,0,0,0,0,0,0,0,0,0,0,0,0,0,0,0,0,0,0,0,0,0,0,0,0,0,0,0,0,0,0,0,0,0,0,0,0,0,0,0,0,0,0,0,0,0,0,0
1989,237,0,13,18.649,2,8,0,-1,0,0,1,1,25,0,0,0,1028,0,0,0,0,0,1,1,0,0,0,26.79178628,0,0,0,0,3,1,1,1,100,0,0,0,3,1,1,0.1,3000,0,0,0,0,0,0,0,0,0,0,0,0,0,0,0,0,0,0,0,0,0,0,0,0,0,0,0,0,0,0,0,0,0,0,0,0,0,0,0,0,0,0,0,0,0,0,0,0,0,0,0
1989,237,0,13,41.568,2,8,0,-1,1,0,1,1,25,0,0,0,1028,0,0,0,0,0,1,1,0,0,0,26.75200414,0,0,0,0,3,1,1,1,100,0,0,0,3,1,1,0.1,3000,0,0,0,0,0,0,0,0,0,0,0,0,0,0,0,0,0,0,0,0,0,0,0,0,0,0,0,0,0,0,0,0,0,0,0,0,0,0,0,0,0,0,0,0,0,0,0,0,0,0,0
1989,237,0,14,54.648,2,8,0,-1,0,0,1,1,25,0,0,0,1028,0,0,0,0,0,1,1,0,0,0,26.62511863,0,0,0,0,3,1,1,1,100,0,0,0,3,1,1,0.1,3000,0,0,0,0,0,0,0,0,0,0,0,0,0,0,0,0,0,0,0,0,0,0,0,0,0,0,0,0,0,0,0,0,0,0,0,0,0,0,0,0,0,0,0,0,0,0,0,0,0,0,0
1989,237,0,15,17.567,2,8,0,-1,1,0,1,1,25,0,0,0,1028,0,0,0,0,0,1,1,0,0,0,26.58531339,0,0,0,0,3,1,1,1,100,0,0,0,3,1,1,0.1,3000,0,0,0,0,0,0,0,0,0,0,0,0,0,0,0,0,0,0,0,0,0,0,0,0,0,0,0,0,0,0,0,0,0,0,0,0,0,0,0,0,0,0,0,0,0,0,0,0,0,0,0
1989,237,0,18,54.648,2,8,0,-1,0,0,1,1,25,0,0,0,1028,0,0,0,0,0,1,1,0,0,0,26.20803287,0,0,0,0,3,1,1,1,100,0,0,0,3,1,1,0.1,3000,0,0,0,0,0,0,0,0,0,0,0,0,0,0,0,0,0,0,0,0,0,0,0,0,0,0,0,0,0,0,0,0,0,0,0,0,0,0,0,0,0,0,0,0,0,0,0,0,0,0,0
1989,237,0,19,17.567,2,8,0,-1,1,0,1,1,25,0,0,0,1028,0,0,0,0,0,1,1,0,0,0,26.16817071,0,0,0,0,3,1,1,1,100,0,0,0,3,1,1,0.1,3000,0,0,0,0,0,0,0,0,0,0,0,0,0,0,0,0,0,0,0,0,0,0,0,0,0,0,0,0,0,0,0,0,0,0,0,0,0,0,0,0,0,0,0,0,0,0,0,0,0,0,0
1989,237,0,20,30.648,2,8,0,-1,0,0,1,1,25,0,0,0,1028,0,0,0,0,0,1,1,0,0,0,26.04103023,0,0,0,0,3,1,1,1,100,0,0,0,3,1,1,0.1,3000,0,0,0,0,0,0,0,0,0,0,0,0,0,0,0,0,0,0,0,0,0,0,0,0,0,0,0,0,0,0,0,0,0,0,0,0,0,0,0,0,0,0,0,0,0,0,0,0,0,0,0
1989,237,0,20,53.567,2,8,0,-1,1,0,1,1,25,0,0,0,1028,0,0,0,0,0,1,1,0,0,0,26.00114474,0,0,0,0,3,1,1,1,100,0,0,0,3,1,1,0.1,3000,0,0,0,0,0,0,0,0,0,0,0,0,0,0,0,0,0,0,0,0,0,0,0,0,0,0,0,0,0,0,0,0,0,0,0,0,0,0,0,0,0,0,0,0,0,0,0,0,0,0,0
1989,237,0,22,6.648,2,8,0,-1,0,0,1,1,25,0,0,0,1028,0,0,0,0,0,1,1,0,0,0,25.87392938,0,0,0,0,3,1,1,1,100,0,0,0,3,1,1,0.1,3000,0,0,0,0,0,0,0,0,0,0,0,0,0,0,0,0,0,0,0,0,0,0,0,0,0,0,0,0,0,0,0,0,0,0,0,0,0,0,0,0,0,0,0,0,0,0,0,0,0,0,0
1989,237,0,22,29.567,2,8,0,-1,1,0,1,1,25,0,0,0,1028,0,0,0,0,0,1,1,0,0,0,25.83402112,0,0,0,0,3,1,1,1,100,0,0,0,3,1,1,0.1,3000,0,0,0,0,0,0,0,0,0,0,0,0,0,0,0,0,0,0,0,0,0,0,0,0,0,0,0,0,0,0,0,0,0,0,0,0,0,0,0,0,0,0,0,0,0,0,0,0,0,0,0
1989,237,0,23,42.648,2,8,0,-1,0,0,1,1,25,0,0,0,1028,0,0,0,0,0,1,1,0,0,0,25.70672895,0,0,0,0,3,1,1,1,100,0,0,0,3,1,1,0.1,3000,0,0,0,0,0,0,0,0,0,0,0,0,0,0,0,0,0,0,0,0,0,0,0,0,0,0,0,0,0,0,0,0,0,0,0,0,0,0,0,0,0,0,0,0,0,0,0,0,0,0,0
1989,237,0,24,5.568,2,8,0,-1,1,0,1,1,25,0,0,0,1028,0,0,0,0,0,1,1,0,0,0,25.66679496,0,0,0,0,3,1,1,1,100,0,0,0,3,1,1,0.1,3000,0,0,0,0,0,0,0,0,0,0,0,0,0,0,0,0,0,0,0,0,0,0,0,0,0,0,0,0,0,0,0,0,0,0,0,0,0,0,0,0,0,0,0,0,0,0,0,0,0,0,0
1989,237,0,25,18.648,2,8,0,-1,0,0,1,1,25,0,0,0,1028,0,0,0,0,0,1,1,0,0,0,25.53942752,0,0,0,0,3,1,1,1,100,0,0,0,3,1,1,0.1,3000,0,0,0,0,0,0,0,0,0,0,0,0,0,0,0,0,0,0,0,0,0,0,0,0,0,0,0,0,0,0,0,0,0,0,0,0,0,0,0,0,0,0,0,0,0,0,0,0,0,0,0
1989,237,0,25,41.567,2,8,0,-1,1,0,1,1,25,0,0,0,1028,0,0,0,0,0,1,1,0,0,0,25.49947096,0,0,0,0,3,1,1,1,100,0,0,0,3,1,1,0.1,3000,0,0,0,0,0,0,0,0,0,0,0,0,0,0,0,0,0,0,0,0,0,0,0,0,0,0,0,0,0,0,0,0,0,0,0,0,0,0,0,0,0,0,0,0,0,0,0,0,0,0,0
1989,237,0,26,54.647,2,8,0,-1,0,0,1,1,25,0,0,0,1028,0,0,0,0,0,1,1,0,0,0,25.37202453,0,0,0,0,3,1,1,1,100,0,0,0,3,1,1,0.1,3000,0,0,0,0,0,0,0,0,0,0,0,0,0,0,0,0,0,0,0,0,0,0,0,0,0,0,0,0,0,0,0,0,0,0,0,0,0,0,0,0,0,0,0,0,0,0,0,0,0,0,0
1989,237,0,27,17.567,2,8,0,-1,1,0,1,1,25,0,0,0,1028,0,0,0,0,0,1,1,0,0,0,25.33204242,0,0,0,0,3,1,1,1,100,0,0,0,3,1,1,0.1,3000,0,0,0,0,0,0,0,0,0,0,0,0,0,0,0,0,0,0,0,0,0,0,0,0,0,0,0,0,0,0,0,0,0,0,0,0,0,0,0,0,0,0,0,0,0,0,0,0,0,0,0
1989,237,0,30,54.647,2,8,0,-1,0,0,1,1,25,0,0,0,1028,0,0,0,0,0,1,1,0,0,0,24.95305786,0,0,0,0,3,1,1,1,100,0,0,0,3,1,1,0.1,3000,0,0,0,0,0,0,0,0,0,0,0,0,0,0,0,0,0,0,0,0,0,0,0,0,0,0,0,0,0,0,0,0,0,0,0,0,0,0,0,0,0,0,0,0,0,0,0,0,0,0,0
1989,237,0,31,17.567,2,8,0,-1,1,0,1,1,25,0,0,0,1028,0,0,0,0,0,1,1,0,0,0,24.9130125,0,0,0,0,3,1,1,1,100,0,0,0,3,1,1,0.1,3000,0,0,0,0,0,0,0,0,0,0,0,0,0,0,0,0,0,0,0,0,0,0,0,0,0,0,0,0,0,0,0,0,0,0,0,0,0,0,0,0,0,0,0,0,0,0,0,0,0,0,0
1989,237,0,32,30.647,2,8,0,-1,0,0,1,1,25,0,0,0,1028,0,0,0,0,0,1,1,0,0,0,24.78528367,0,0,0,0,3,1,1,1,100,0,0,0,3,1,1,0.1,3000,0,0,0,0,0,0,0,0,0,0,0,0,0,0,0,0,0,0,0,0,0,0,0,0,0,0,0,0,0,0,0,0,0,0,0,0,0,0,0,0,0,0,0,0,0,0,0,0,0,0,0
1989,237,0,32,53.567,2,8,0,-1,1,0,1,1,25,0,0,0,1028,0,0,0,0,0,1,1,0,0,0,24.74521235,0,0,0,0,3,1,1,1,100,0,0,0,3,1,1,0.1,3000,0,0,0,0,0,0,0,0,0,0,0,0,0,0,0,0,0,0,0,0,0,0,0,0,0,0,0,0,0,0,0,0,0,0,0,0,0,0,0,0,0,0,0,0,0,0,0,0,0,0,0
1989,237,0,34,6.647,2,8,0,-1,0,0,1,1,25,0,0,0,1028,0,0,0,0,0,1,1,0,0,0,24.61740016,0,0,0,0,3,1,1,1,100,0,0,0,3,1,1,0.1,3000,0,0,0,0,0,0,0,0,0,0,0,0,0,0,0,0,0,0,0,0,0,0,0,0,0,0,0,0,0,0,0,0,0,0,0,0,0,0,0,0,0,0,0,0,0,0,0,0,0,0,0
1989,237,0,34,29.566,2,8,0,-1,1,0,1,1,25,0,0,0,1028,0,0,0,0,0,1,1,0,0,0,24.57730338,0,0,0,0,3,1,1,1,100,0,0,0,3,1,1,0.1,3000,0,0,0,0,0,0,0,0,0,0,0,0,0,0,0,0,0,0,0,0,0,0,0,0,0,0,0,0,0,0,0,0,0,0,0,0,0,0,0,0,0,0,0,0,0,0,0,0,0,0,0
1989,237,0,42,54.646,2,8,0,-1,0,0,1,1,25,0,0,0,1028,0,0,0,0,0,1,1,0,0,0,23.69201402,0,0,0,0,3,1,1,1,100,0,0,0,3,1,1,0.1,3000,0,0,0,0,0,0,0,0,0,0,0,0,0,0,0,0,0,0,0,0,0,0,0,0,0,0,0,0,0,0,0,0,0,0,0,0,0,0,0,0,0,0,0,0,0,0,0,0,0,0,0
1989,237,0,43,17.566,2,8,0,-1,1,0,1,1,25,0,0,0,1028,0,0,0,0,0,1,1,0,0,0,23.65176335,0,0,0,0,3,1,1,1,100,0,0,0,3,1,1,0.1,3000,0,0,0,0,0,0,0,0,0,0,0,0,0,0,0,0,0,0,0,0,0,0,0,0,0,0,0,0,0,0,0,0,0,0,0,0,0,0,0,0,0,0,0,0,0,0,0,0,0,0,0
1989,237,0,44,30.646,2,8,0,-1,0,0,1,1,25,0,0,0,1028,0,0,0,0,0,1,1,0,0,0,23.52337862,0,0,0,0,3,1,1,1,100,0,0,0,3,1,1,0.1,3000,0,0,0,0,0,0,0,0,0,0,0,0,0,0,0,0,0,0,0,0,0,0,0,0,0,0,0,0,0,0,0,0,0,0,0,0,0,0,0,0,0,0,0,0,0,0,0,0,0,0,0
1989,237,0,44,53.566,2,8,0,-1,1,0,1,1,25,0,0,0,1028,0,0,0,0,0,1,1,0,0,0,23.48309976,0,0,0,0,3,1,1,1,100,0,0,0,3,1,1,0.1,3000,0,0,0,0,0,0,0,0,0,0,0,0,0,0,0,0,0,0,0,0,0,0,0,0,0,0,0,0,0,0,0,0,0,0,0,0,0,0,0,0,0,0,0,0,0,0,0,0,0,0,0
1989,237,0,46,6.646,2,8,0,-1,0,0,1,1,25,0,0,0,1028,0,0,0,0,0,1,1,0,0,0,23.35462075,0,0,0,0,3,1,1,1,100,0,0,0,3,1,1,0.1,3000,0,0,0,0,0,0,0,0,0,0,0,0,0,0,0,0,0,0,0,0,0,0,0,0,0,0,0,0,0,0,0,0,0,0,0,0,0,0,0,0,0,0,0,0,0,0,0,0,0,0,0
1989,237,0,46,29.566,2,8,0,-1,1,0,1,1,25,0,0,0,1028,0,0,0,0,0,1,1,0,0,0,23.31431237,0,0,0,0,3,1,1,1,100,0,0,0,3,1,1,0.1,3000,0,0,0,0,0,0,0,0,0,0,0,0,0,0,0,0,0,0,0,0,0,0,0,0,0,0,0,0,0,0,0,0,0,0,0,0,0,0,0,0,0,0,0,0,0,0,0,0,0,0,0
1989,237,0,47,42.646,2,8,0,-1,0,0,1,1,25,0,0,0,1028,0,0,0,0,0,1,1,0,0,0,23.18573849,0,0,0,0,3,1,1,1,100,0,0,0,3,1,1,0.1,3000,0,0,0,0,0,0,0,0,0,0,0,0,0,0,0,0,0,0,0,0,0,0,0,0,0,0,0,0,0,0,0,0,0,0,0,0,0,0,0,0,0,0,0,0,0,0,0,0,0,0,0
1989,237,0,48,5.566,2,8,0,-1,1,0,1,1,25,0,0,0,1028,0,0,0,0,0,1,1,0,0,0,23.14539924,0,0,0,0,3,1,1,1,100,0,0,0,3,1,1,0.1,3000,0,0,0,0,0,0,0,0,0,0,0,0,0,0,0,0,0,0,0,0,0,0,0,0,0,0,0,0,0,0,0,0,0,0,0,0,0,0,0,0,0,0,0,0,0,0,0,0,0,0,0
1989,237,0,49,18.646,2,8,0,-1,0,0,1,1,25,0,0,0,1028,0,0,0,0,0,1,1,0,0,0,23.01672986,0,0,0,0,3,1,1,1,100,0,0,0,3,1,1,0.1,3000,0,0,0,0,0,0,0,0,0,0,0,0,0,0,0,0,0,0,0,0,0,0,0,0,0,0,0,0,0,0,0,0,0,0,0,0,0,0,0,0,0,0,0,0,0,0,0,0,0,0,0
1989,237,0,49,41.565,2,8,0,-1,1,0,1,1,25,0,0,0,1028,0,0,0,0,0,1,1,0,0,0,22.9763619,0,0,0,0,3,1,1,1,100,0,0,0,3,1,1,0.1,3000,0,0,0,0,0,0,0,0,0,0,0,0,0,0,0,0,0,0,0,0,0,0,0,0,0,0,0,0,0,0,0,0,0,0,0,0,0,0,0,0,0,0,0,0,0,0,0,0,0,0,0
1989,237,0,50,54.646,2,8,0,-1,0,0,1,1,25,0,0,0,1028,0,0,0,0,0,1,1,0,0,0,22.84759282,0,0,0,0,3,1,1,1,100,0,0,0,3,1,1,0.1,3000,0,0,0,0,0,0,0,0,0,0,0,0,0,0,0,0,0,0,0,0,0,0,0,0,0,0,0,0,0,0,0,0,0,0,0,0,0,0,0,0,0,0,0,0,0,0,0,0,0,0,0
1989,237,0,51,17.566,2,8,0,-1,1,0,1,1,25,0,0,0,1028,0,0,0,0,0,1,1,0,0,0,22.80719214,0,0,0,0,3,1,1,1,100,0,0,0,3,1,1,0.1,3000,0,0,0,0,0,0,0,0,0,0,0,0,0,0,0,0,0,0,0,0,0,0,0,0,0,0,0,0,0,0,0,0,0,0,0,0,0,0,0,0,0,0,0,0,0,0,0,0,0,0,0
1989,237,0,54,54.645,2,8,0,-1,0,0,1,1,25,0,0,0,1028,0,0,0,0,0,1,1,0,0,0,22.4241765,0,0,0,0,3,1,1,1,100,0,0,0,3,1,1,0.1,3000,0,0,0,0,0,0,0,0,0,0,0,0,0,0,0,0,0,0,0,0,0,0,0,0,0,0,0,0,0,0,0,0,0,0,0,0,0,0,0,0,0,0,0,0,0,0,0,0,0,0,0
1989,237,0,55,17.565,2,8,0,-1,1,0,1,1,25,0,0,0,1028,0,0,0,0,0,1,1,0,0,0,22.38369619,0,0,0,0,3,1,1,1,100,0,0,0,3,1,1,0.1,3000,0,0,0,0,0,0,0,0,0,0,0,0,0,0,0,0,0,0,0,0,0,0,0,0,0,0,0,0,0,0,0,0,0,0,0,0,0,0,0,0,0,0,0,0,0,0,0,0,0,0,0
1989,237,0,56,30.645,2,8,0,-1,0,0,1,1,25,0,0,0,1028,0,0,0,0,0,1,1,0,0,0,22.25457338,0,0,0,0,3,1,1,1,100,0,0,0,3,1,1,0.1,3000,0,0,0,0,0,0,0,0,0,0,0,0,0,0,0,0,0,0,0,0,0,0,0,0,0,0,0,0,0,0,0,0,0,0,0,0,0,0,0,0,0,0,0,0,0,0,0,0,0,0,0
1989,237,0,56,53.565,2,8,0,-1,1,0,1,1,25,0,0,0,1028,0,0,0,0,0,1,1,0,0,0,22.21406029,0,0,0,0,3,1,1,1,100,0,0,0,3,1,1,0.1,3000,0,0,0,0,0,0,0,0,0,0,0,0,0,0,0,0,0,0,0,0,0,0,0,0,0,0,0,0,0,0,0,0,0,0,0,0,0,0,0,0,0,0,0,0,0,0,0,0,0,0,0
1989,237,0,58,6.645,2,8,0,-1,0,0,1,1,25,0,0,0,1028,0,0,0,0,0,1,1,0,0,0,22.08483209,0,0,0,0,3,1,1,1,100,0,0,0,3,1,1,0.1,3000,0,0,0,0,0,0,0,0,0,0,0,0,0,0,0,0,0,0,0,0,0,0,0,0,0,0,0,0,0,0,0,0,0,0,0,0,0,0,0,0,0,0,0,0,0,0,0,0,0,0,0
1989,237,0,58,29.564,2,8,0,-1,1,0,1,1,25,0,0,0,1028,0,0,0,0,0,1,1,0,0,0,22.04428656,0,0,0,0,3,1,1,1,100,0,0,0,3,1,1,0.1,3000,0,0,0,0,0,0,0,0,0,0,0,0,0,0,0,0,0,0,0,0,0,0,0,0,0,0,0,0,0,0,0,0,0,0,0,0,0,0,0,0,0,0,0,0,0,0,0,0,0,0,0
1989,237,0,59,42.645,2,8,0,-1,0,0,1,1,25,0,0,0,1028,0,0,0,0,0,1,1,0,0,0,21.91495033,0,0,0,0,3,1,1,1,100,0,0,0,3,1,1,0.1,3000,0,0,0,0,0,0,0,0,0,0,0,0,0,0,0,0,0,0,0,0,0,0,0,0,0,0,0,0,0,0,0,0,0,0,0,0,0,0,0,0,0,0,0,0,0,0,0,0,0,0,0
1989,237,1,0,5.565,2,8,0,-1,1,0,1,1,25,0,0,0,1028,0,0,0,0,0,1,1,0,0,0,21.87437002,0,0,0,0,3,1,1,1,100,0,0,0,3,1,1,0.1,3000,0,0,0,0,0,0,0,0,0,0,0,0,0,0,0,0,0,0,0,0,0,0,0,0,0,0,0,0,0,0,0,0,0,0,0,0,0,0,0,0,0,0,0,0,0,0,0,0,0,0,0
1989,237,1,1,18.645,2,8,0,-1,0,0,1,1,25,0,0,0,1028,0,0,0,0,0,1,1,0,0,0,21.7449257,0,0,0,0,3,1,1,1,100,0,0,0,3,1,1,0.1,3000,0,0,0,0,0,0,0,0,0,0,0,0,0,0,0,0,0,0,0,0,0,0,0,0,0,0,0,0,0,0,0,0,0,0,0,0,0,0,0,0,0,0,0,0,0,0,0,0,0,0,0
1989,237,1,1,41.564,2,8,0,-1,1,0,1,1,25,0,0,0,1028,0,0,0,0,0,1,1,0,0,0,21.70431181,0,0,0,0,3,1,1,1,100,0,0,0,3,1,1,0.1,3000,0,0,0,0,0,0,0,0,0,0,0,0,0,0,0,0,0,0,0,0,0,0,0,0,0,0,0,0,0,0,0,0,0,0,0,0,0,0,0,0,0,0,0,0,0,0,0,0,0,0,0
1989,237,1,2,54.645,2,8,0,-1,0,0,1,1,25,0,0,0,1028,0,0,0,0,0,1,1,0,0,0,21.57475576,0,0,0,0,3,1,1,1,100,0,0,0,3,1,1,0.1,3000,0,0,0,0,0,0,0,0,0,0,0,0,0,0,0,0,0,0,0,0,0,0,0,0,0,0,0,0,0,0,0,0,0,0,0,0,0,0,0,0,0,0,0,0,0,0,0,0,0,0,0
1989,237,1,3,17.565,2,8,0,-1,1,0,1,1,25,0,0,0,1028,0,0,0,0,0,1,1,0,0,0,21.53410593,0,0,0,0,3,1,1,1,100,0,0,0,3,1,1,0.1,3000,0,0,0,0,0,0,0,0,0,0,0,0,0,0,0,0,0,0,0,0,0,0,0,0,0,0,0,0,0,0,0,0,0,0,0,0,0,0,0,0,0,0,0,0,0,0,0,0,0,0,0
1989,237,1,6,54.644,2,8,0,-1,0,0,1,1,25,0,0,0,1028,0,0,0,0,0,1,1,0,0,0,21.14868036,0,0,0,0,3,1,1,1,100,0,0,0,3,1,1,0.1,3000,0,0,0,0,0,0,0,0,0,0,0,0,0,0,0,0,0,0,0,0,0,0,0,0,0,0,0,0,0,0,0,0,0,0,0,0,0,0,0,0,0,0,0,0,0,0,0,0,0,0,0
1989,237,1,7,17.564,2,8,0,-1,1,0,1,1,25,0,0,0,1028,0,0,0,0,0,1,1,0,0,0,21.10794018,0,0,0,0,3,1,1,1,100,0,0,0,3,1,1,0.1,3000,0,0,0,0,0,0,0,0,0,0,0,0,0,0,0,0,0,0,0,0,0,0,0,0,0,0,0,0,0,0,0,0,0,0,0,0,0,0,0,0,0,0,0,0,0,0,0,0,0,0,0
1989,237,1,8,30.644,2,8,0,-1,0,0,1,1,25,0,0,0,1028,0,0,0,0,0,1,1,0,0,0,20.97798167,0,0,0,0,3,1,1,1,100,0,0,0,3,1,1,0.1,3000,0,0,0,0,0,0,0,0,0,0,0,0,0,0,0,0,0,0,0,0,0,0,0,0,0,0,0,0,0,0,0,0,0,0,0,0,0,0,0,0,0,0,0,0,0,0,0,0,0,0,0
1989,237,1,8,53.564,2,8,0,-1,1,0,1,1,25,0,0,0,1028,0,0,0,0,0,1,1,0,0,0,20.93720423,0,0,0,0,3,1,1,1,100,0,0,0,3,1,1,0.1,3000,0,0,0,0,0,0,0,0,0,0,0,0,0,0,0,0,0,0,0,0,0,0,0,0,0,0,0,0,0,0,0,0,0,0,0,0,0,0,0,0,0,0,0,0,0,0,0,0,0,0,0
1989,237,1,10,6.644,2,8,0,-1,0,0,1,1,25,0,0,0,1028,0,0,0,0,0,1,1,0,0,0,20.80712585,0,0,0,0,3,1,1,1,100,0,0,0,3,1,1,0.1,3000,0,0,0,0,0,0,0,0,0,0,0,0,0,0,0,0,0,0,0,0,0,0,0,0,0,0,0,0,0,0,0,0,0,0,0,0,0,0,0,0,0,0,0,0,0,0,0,0,0,0,0
1989,237,1,10,29.563,2,8,0,-1,1,0,1,1,25,0,0,0,1028,0,0,0,0,0,1,1,0,0,0,20.76631137,0,0,0,0,3,1,1,1,100,0,0,0,3,1,1,0.1,3000,0,0,0,0,0,0,0,0,0,0,0,0,0,0,0,0,0,0,0,0,0,0,0,0,0,0,0,0,0,0,0,0,0,0,0,0,0,0,0,0,0,0,0,0,0,0,0,0,0,0,0
1989,237,1,11,42.644,2,8,0,-1,0,0,1,1,25,0,0,0,1028,0,0,0,0,0,1,1,0,0,0,20.63611009,0,0,0,0,3,1,1,1,100,0,0,0,3,1,1,0.1,3000,0,0,0,0,0,0,0,0,0,0,0,0,0,0,0,0,0,0,0,0,0,0,0,0,0,0,0,0,0,0,0,0,0,0,0,0,0,0,0,0,0,0,0,0,0,0,0,0,0,0,0
1989,237,1,12,5.564,2,8,0,-1,1,0,1,1,25,0,0,0,1028,0,0,0,0,0,1,1,0,0,0,20.5952561,0,0,0,0,3,1,1,1,100,0,0,0,3,1,1,0.1,3000,0,0,0,0,0,0,0,0,0,0,0,0,0,0,0,0,0,0,0,0,0,0,0,0,0,0,0,0,0,0,0,0,0,0,0,0,0,0,0,0,0,0,0,0,0,0,0,0,0,0,0
1989,237,1,13,18.644,2,8,0,-1,0,0,1,1,25,0,0,0,1028,0,0,0,0,0,1,1,0,0,0,20.46493147,0,0,0,0,3,1,1,1,100,0,0,0,3,1,1,0.1,3000,0,0,0,0,0,0,0,0,0,0,0,0,0,0,0,0,0,0,0,0,0,0,0,0,0,0,0,0,0,0,0,0,0,0,0,0,0,0,0,0,0,0,0,0,0,0,0,0,0,0,0
1989,237,1,13,41.563,2,8,0,-1,1,0,1,1,25,0,0,0,1028,0,0,0,0,0,1,1,0,0,0,20.42403905,0,0,0,0,3,1,1,1,100,0,0,0,3,1,1,0.1,3000,0,0,0,0,0,0,0,0,0,0,0,0,0,0,0,0,0,0,0,0,0,0,0,0,0,0,0,0,0,0,0,0,0,0,0,0,0,0,0,0,0,0,0,0,0,0,0,0,0,0,0
1989,237,1,14,54.644,2,8,0,-1,0,0,1,1,25,0,0,0,1028,0,0,0,0,0,1,1,0,0,0,20.29358701,0,0,0,0,3,1,1,1,100,0,0,0,3,1,1,0.1,3000,0,0,0,0,0,0,0,0,0,0,0,0,0,0,0,0,0,0,0,0,0,0,0,0,0,0,0,0,0,0,0,0,0,0,0,0,0,0,0,0,0,0,0,0,0,0,0,0,0,0,0
1989,237,1,15,17.564,2,8,0,-1,1,0,1,1,25,0,0,0,1028,0,0,0,0,0,1,1,0,0,0,20.25265367,0,0,0,0,3,1,1,1,100,0,0,0,3,1,1,0.1,3000,0,0,0,0,0,0,0,0,0,0,0,0,0,0,0,0,0,0,0,0,0,0,0,0,0,0,0,0,0,0,0,0,0,0,0,0,0,0,0,0,0,0,0,0,0,0,0,0,0,0,0
1989,237,1,18,54.643,2,8,0,-1,0,0,1,1,25,0,0,0,1028,0,0,0,0,0,1,1,0,0,0,19.86448181,0,0,0,0,3,1,1,1,100,0,0,0,3,1,1,0.1,3000,0,0,0,0,0,0,0,0,0,0,0,0,0,0,0,0,0,0,0,0,0,0,0,0,0,0,0,0,0,0,0,0,0,0,0,0,0,0,0,0,0,0,0,0,0,0,0,0,0,0,0
1989,237,1,19,17.563,2,8,0,-1,1,0,1,1,25,0,0,0,1028,0,0,0,0,0,1,1,0,0,0,19.82344505,0,0,0,0,3,1,1,1,100,0,0,0,3,1,1,0.1,3000,0,0,0,0,0,0,0,0,0,0,0,0,0,0,0,0,0,0,0,0,0,0,0,0,0,0,0,0,0,0,0,0,0,0,0,0,0,0,0,0,0,0,0,0,0,0,0,0,0,0,0
1989,237,1,20,30.643,2,8,0,-1,0,0,1,1,25,0,0,0,1028,0,0,0,0,0,1,1,0,0,0,19.69253222,0,0,0,0,3,1,1,1,100,0,0,0,3,1,1,0.1,3000,0,0,0,0,0,0,0,0,0,0,0,0,0,0,0,0,0,0,0,0,0,0,0,0,0,0,0,0,0,0,0,0,0,0,0,0,0,0,0,0,0,0,0,0,0,0,0,0,0,0,0
1989,237,1,20,53.563,2,8,0,-1,1,0,1,1,25,0,0,0,1028,0,0,0,0,0,1,1,0,0,0,19.65145272,0,0,0,0,3,1,1,1,100,0,0,0,3,1,1,0.1,3000,0,0,0,0,0,0,0,0,0,0,0,0,0,0,0,0,0,0,0,0,0,0,0,0,0,0,0,0,0,0,0,0,0,0,0,0,0,0,0,0,0,0,0,0,0,0,0,0,0,0,0
1989,237,1,22,6.643,2,8,0,-1,0,0,1,1,25,0,0,0,1028,0,0,0,0,0,1,1,0,0,0,19.5204023,0,0,0,0,3,1,1,1,100,0,0,0,3,1,1,0.1,3000,0,0,0,0,0,0,0,0,0,0,0,0,0,0,0,0,0,0,0,0,0,0,0,0,0,0,0,0,0,0,0,0,0,0,0,0,0,0,0,0,0,0,0,0,0,0,0,0,0,0,0
1989,237,1,22,29.563,2,8,0,-1,1,0,1,1,25,0,0,0,1028,0,0,0,0,0,1,1,0,0,0,19.47927923,0,0,0,0,3,1,1,1,100,0,0,0,3,1,1,0.1,3000,0,0,0,0,0,0,0,0,0,0,0,0,0,0,0,0,0,0,0,0,0,0,0,0,0,0,0,0,0,0,0,0,0,0,0,0,0,0,0,0,0,0,0,0,0,0,0,0,0,0,0
1989,237,1,23,42.643,2,8,0,-1,0,0,1,1,25,0,0,0,1028,0,0,0,0,0,1,1,0,0,0,19.34808855,0,0,0,0,3,1,1,1,100,0,0,0,3,1,1,0.1,3000,0,0,0,0,0,0,0,0,0,0,0,0,0,0,0,0,0,0,0,0,0,0,0,0,0,0,0,0,0,0,0,0,0,0,0,0,0,0,0,0,0,0,0,0,0,0,0,0,0,0,0
1989,237,1,24,5.563,2,8,0,-1,1,0,1,1,25,0,0,0,1028,0,0,0,0,0,1,1,0,0,0,19.30692107,0,0,0,0,3,1,1,1,100,0,0,0,3,1,1,0.1,3000,0,0,0,0,0,0,0,0,0,0,0,0,0,0,0,0,0,0,0,0,0,0,0,0,0,0,0,0,0,0,0,0,0,0,0,0,0,0,0,0,0,0,0,0,0,0,0,0,0,0,0
1989,237,1,25,18.643,2,8,0,-1,0,0,1,1,25,0,0,0,1028,0,0,0,0,0,1,1,0,0,0,19.17558741,0,0,0,0,3,1,1,1,100,0,0,0,3,1,1,0.1,3000,0,0,0,0,0,0,0,0,0,0,0,0,0,0,0,0,0,0,0,0,0,0,0,0,0,0,0,0,0,0,0,0,0,0,0,0,0,0,0,0,0,0,0,0,0,0,0,0,0,0,0
1989,237,1,25,41.563,2,8,0,-1,1,0,1,1,25,0,0,0,1028,0,0,0,0,0,1,1,0,0,0,19.13437464,0,0,0,0,3,1,1,1,100,0,0,0,3,1,1,0.1,3000,0,0,0,0,0,0,0,0,0,0,0,0,0,0,0,0,0,0,0,0,0,0,0,0,0,0,0,0,0,0,0,0,0,0,0,0,0,0,0,0,0,0,0,0,0,0,0,0,0,0,0
1989,237,1,26,54.643,2,8,0,-1,0,0,1,1,25,0,0,0,1028,0,0,0,0,0,1,1,0,0,0,19.00289516,0,0,0,0,3,1,1,1,100,0,0,0,3,1,1,0.1,3000,0,0,0,0,0,0,0,0,0,0,0,0,0,0,0,0,0,0,0,0,0,0,0,0,0,0,0,0,0,0,0,0,0,0,0,0,0,0,0,0,0,0,0,0,0,0,0,0,0,0,0
1989,237,1,27,17.563,2,8,0,-1,1,0,1,1,25,0,0,0,1028,0,0,0,0,0,1,1,0,0,0,18.96163621,0,0,0,0,3,1,1,1,100,0,0,0,3,1,1,0.1,3000,0,0,0,0,0,0,0,0,0,0,0,0,0,0,0,0,0,0,0,0,0,0,0,0,0,0,0,0,0,0,0,0,0,0,0,0,0,0,0,0,0,0,0,0,0,0,0,0,0,0,0
1989,237,1,30,54.643,2,8,0,-1,0,0,1,1,25,0,0,0,1028,0,0,0,0,0,1,1,0,0,0,18.57030326,0,0,0,0,3,1,1,1,100,0,0,0,3,1,1,0.1,3000,0,0,0,0,0,0,0,0,0,0,0,0,0,0,0,0,0,0,0,0,0,0,0,0,0,0,0,0,0,0,0,0,0,0,0,0,0,0,0,0,0,0,0,0,0,0,0,0,0,0,0
1989,237,1,31,17.563,2,8,0,-1,1,0,1,1,25,0,0,0,1028,0,0,0,0,0,1,1,0,0,0,18.52892474,0,0,0,0,3,1,1,1,100,0,0,0,3,1,1,0.1,3000,0,0,0,0,0,0,0,0,0,0,0,0,0,0,0,0,0,0,0,0,0,0,0,0,0,0,0,0,0,0,0,0,0,0,0,0,0,0,0,0,0,0,0,0,0,0,0,0,0,0,0
1989,237,1,32,30.642,2,8,0,-1,0,0,1,1,25,0,0,0,1028,0,0,0,0,0,1,1,0,0,0,18.39691326,0,0,0,0,3,1,1,1,100,0,0,0,3,1,1,0.1,3000,0,0,0,0,0,0,0,0,0,0,0,0,0,0,0,0,0,0,0,0,0,0,0,0,0,0,0,0,0,0,0,0,0,0,0,0,0,0,0,0,0,0,0,0,0,0,0,0,0,0,0
1989,237,1,32,53.562,2,8,0,-1,1,0,1,1,25,0,0,0,1028,0,0,0,0,0,1,1,0,0,0,18.3554852,0,0,0,0,3,1,1,1,100,0,0,0,3,1,1,0.1,3000,0,0,0,0,0,0,0,0,0,0,0,0,0,0,0,0,0,0,0,0,0,0,0,0,0,0,0,0,0,0,0,0,0,0,0,0,0,0,0,0,0,0,0,0,0,0,0,0,0,0,0
1989,237,1,34,6.642,2,8,0,-1,0,0,1,1,25,0,0,0,1028,0,0,0,0,0,1,1,0,0,0,18.22331229,0,0,0,0,3,1,1,1,100,0,0,0,3,1,1,0.1,3000,0,0,0,0,0,0,0,0,0,0,0,0,0,0,0,0,0,0,0,0,0,0,0,0,0,0,0,0,0,0,0,0,0,0,0,0,0,0,0,0,0,0,0,0,0,0,0,0,0,0,0
1989,237,1,34,29.562,2,8,0,-1,1,0,1,1,25,0,0,0,1028,0,0,0,0,0,1,1,0,0,0,18.18183456,0,0,0,0,3,1,1,1,100,0,0,0,3,1,1,0.1,3000,0,0,0,0,0,0,0,0,0,0,0,0,0,0,0,0,0,0,0,0,0,0,0,0,0,0,0,0,0,0,0,0,0,0,0,0,0,0,0,0,0,0,0,0,0,0,0,0,0,0,0
1989,237,1,35,42.642,2,8,0,-1,0,0,1,1,25,0,0,0,1028,0,0,0,0,0,1,1,0,0,0,18.04949781,0,0,0,0,3,1,1,1,100,0,0,0,3,1,1,0.1,3000,0,0,0,0,0,0,0,0,0,0,0,0,0,0,0,0,0,0,0,0,0,0,0,0,0,0,0,0,0,0,0,0,0,0,0,0,0,0,0,0,0,0,0,0,0,0,0,0,0,0,0
1989,237,1,36,5.562,2,8,0,-1,1,0,1,1,25,0,0,0,1028,0,0,0,0,0,1,1,0,0,0,18.00796753,0,0,0,0,3,1,1,1,100,0,0,0,3,1,1,0.1,3000,0,0,0,0,0,0,0,0,0,0,0,0,0,0,0,0,0,0,0,0,0,0,0,0,0,0,0,0,0,0,0,0,0,0,0,0,0,0,0,0,0,0,0,0,0,0,0,0,0,0,0
1989,237,1,37,18.642,2,8,0,-1,0,0,1,1,25,0,0,0,1028,0,0,0,0,0,1,1,0,0,0,17.8754653,0,0,0,0,3,1,1,1,100,0,0,0,3,1,1,0.1,3000,0,0,0,0,0,0,0,0,0,0,0,0,0,0,0,0,0,0,0,0,0,0,0,0,0,0,0,0,0,0,0,0,0,0,0,0,0,0,0,0,0,0,0,0,0,0,0,0,0,0,0
1989,237,1,37,41.562,2,8,0,-1,1,0,1,1,25,0,0,0,1028,0,0,0,0,0,1,1,0,0,0,17.83388229,0,0,0,0,3,1,1,1,100,0,0,0,3,1,1,0.1,3000,0,0,0,0,0,0,0,0,0,0,0,0,0,0,0,0,0,0,0,0,0,0,0,0,0,0,0,0,0,0,0,0,0,0,0,0,0,0,0,0,0,0,0,0,0,0,0,0,0,0,0
1989,237,1,38,54.642,2,8,0,-1,0,0,1,1,25,0,0,0,1028,0,0,0,0,0,1,1,0,0,0,17.70121012,0,0,0,0,3,1,1,1,100,0,0,0,3,1,1,0.1,3000,0,0,0,0,0,0,0,0,0,0,0,0,0,0,0,0,0,0,0,0,0,0,0,0,0,0,0,0,0,0,0,0,0,0,0,0,0,0,0,0,0,0,0,0,0,0,0,0,0,0,0
1989,237,1,39,17.562,2,8,0,-1,1,0,1,1,25,0,0,0,1028,0,0,0,0,0,1,1,0,0,0,17.65957415,0,0,0,0,3,1,1,1,100,0,0,0,3,1,1,0.1,3000,0,0,0,0,0,0,0,0,0,0,0,0,0,0,0,0,0,0,0,0,0,0,0,0,0,0,0,0,0,0,0,0,0,0,0,0,0,0,0,0,0,0,0,0,0,0,0,0,0,0,0
1989,237,1,42,54.642,2,8,0,-1,0,0,1,1,25,0,0,0,1028,0,0,0,0,0,1,1,0,0,0,17.2645661,0,0,0,0,3,1,1,1,100,0,0,0,3,1,1,0.1,3000,0,0,0,0,0,0,0,0,0,0,0,0,0,0,0,0,0,0,0,0,0,0,0,0,0,0,0,0,0,0,0,0,0,0,0,0,0,0,0,0,0,0,0,0,0,0,0,0,0,0,0
1989,237,1,43,17.562,2,8,0,-1,1,0,1,1,25,0,0,0,1028,0,0,0,0,0,1,1,0,0,0,17.22279027,0,0,0,0,3,1,1,1,100,0,0,0,3,1,1,0.1,3000,0,0,0,0,0,0,0,0,0,0,0,0,0,0,0,0,0,0,0,0,0,0,0,0,0,0,0,0,0,0,0,0,0,0,0,0,0,0,0,0,0,0,0,0,0,0,0,0,0,0,0
1989,237,1,44,30.641,2,8,0,-1,0,0,1,1,25,0,0,0,1028,0,0,0,0,0,1,1,0,0,0,17.08949364,0,0,0,0,3,1,1,1,100,0,0,0,3,1,1,0.1,3000,0,0,0,0,0,0,0,0,0,0,0,0,0,0,0,0,0,0,0,0,0,0,0,0,0,0,0,0,0,0,0,0,0,0,0,0,0,0,0,0,0,0,0,0,0,0,0,0,0,0,0
1989,237,1,44,53.562,2,8,0,-1,1,0,1,1,25,0,0,0,1028,0,0,0,0,0,1,1,0,0,0,17.04765876,0,0,0,0,3,1,1,1,100,0,0,0,3,1,1,0.1,3000,0,0,0,0,0,0,0,0,0,0,0,0,0,0,0,0,0,0,0,0,0,0,0,0,0,0,0,0,0,0,0,0,0,0,0,0,0,0,0,0,0,0,0,0,0,0,0,0,0,0,0
1989,237,1,46,6.641,2,8,0,-1,0,0,1,1,25,0,0,0,1028,0,0,0,0,0,1,1,0,0,0,16.91417562,0,0,0,0,3,1,1,1,100,0,0,0,3,1,1,0.1,3000,0,0,0,0,0,0,0,0,0,0,0,0,0,0,0,0,0,0,0,0,0,0,0,0,0,0,0,0,0,0,0,0,0,0,0,0,0,0,0,0,0,0,0,0,0,0,0,0,0,0,0
1989,237,1,46,29.56,2,8,0,-1,1,0,1,1,25,0,0,0,1028,0,0,0,0,0,1,1,0,0,0,16.87228221,0,0,0,0,3,1,1,1,100,0,0,0,3,1,1,0.1,3000,0,0,0,0,0,0,0,0,0,0,0,0,0,0,0,0,0,0,0,0,0,0,0,0,0,0,0,0,0,0,0,0,0,0,0,0,0,0,0,0,0,0,0,0,0,0,0,0,0,0,0
1989,237,1,47,42.641,2,8,0,-1,0,0,1,1,25,0,0,0,1028,0,0,0,0,0,1,1,0,0,0,16.73860556,0,0,0,0,3,1,1,1,100,0,0,0,3,1,1,0.1,3000,0,0,0,0,0,0,0,0,0,0,0,0,0,0,0,0,0,0,0,0,0,0,0,0,0,0,0,0,0,0,0,0,0,0,0,0,0,0,0,0,0,0,0,0,0,0,0,0,0,0,0
1989,237,1,48,5.561,2,8,0,-1,1,0,1,1,25,0,0,0,1028,0,0,0,0,0,1,1,0,0,0,16.69665044,0,0,0,0,3,1,1,1,100,0,0,0,3,1,1,0.1,3000,0,0,0,0,0,0,0,0,0,0,0,0,0,0,0,0,0,0,0,0,0,0,0,0,0,0,0,0,0,0,0,0,0,0,0,0,0,0,0,0,0,0,0,0,0,0,0,0,0,0,0
1989,237,1,49,18.641,2,8,0,-1,0,0,1,1,25,0,0,0,1028,0,0,0,0,0,1,1,0,0,0,16.56277862,0,0,0,0,3,1,1,1,100,0,0,0,3,1,1,0.1,3000,0,0,0,0,0,0,0,0,0,0,0,0,0,0,0,0,0,0,0,0,0,0,0,0,0,0,0,0,0,0,0,0,0,0,0,0,0,0,0,0,0,0,0,0,0,0,0,0,0,0,0
1989,237,1,49,41.561,2,8,0,-1,1,0,1,1,25,0,0,0,1028,0,0,0,0,0,1,1,0,0,0,16.52076129,0,0,0,0,3,1,1,1,100,0,0,0,3,1,1,0.1,3000,0,0,0,0,0,0,0,0,0,0,0,0,0,0,0,0,0,0,0,0,0,0,0,0,0,0,0,0,0,0,0,0,0,0,0,0,0,0,0,0,0,0,0,0,0,0,0,0,0,0,0
1989,237,1,50,54.641,2,8,0,-1,0,0,1,1,25,0,0,0,1028,0,0,0,0,0,1,1,0,0,0,16.38668883,0,0,0,0,3,1,1,1,100,0,0,0,3,1,1,0.1,3000,0,0,0,0,0,0,0,0,0,0,0,0,0,0,0,0,0,0,0,0,0,0,0,0,0,0,0,0,0,0,0,0,0,0,0,0,0,0,0,0,0,0,0,0,0,0,0,0,0,0,0
1989,237,1,51,17.56,2,8,0,-1,1,0,1,1,25,0,0,0,1028,0,0,0,0,0,1,1,0,0,0,16.34460876,0,0,0,0,3,1,1,1,100,0,0,0,3,1,1,0.1,3000,0,0,0,0,0,0,0,0,0,0,0,0,0,0,0,0,0,0,0,0,0,0,0,0,0,0,0,0,0,0,0,0,0,0,0,0,0,0,0,0,0,0,0,0,0,0,0,0,0,0,0
1989,237,1,54,54.641,2,8,0,-1,0,0,1,1,25,0,0,0,1028,0,0,0,0,0,1,1,0,0,0,15.94527335,0,0,0,0,3,1,1,1,100,0,0,0,3,1,1,0.1,3000,0,0,0,0,0,0,0,0,0,0,0,0,0,0,0,0,0,0,0,0,0,0,0,0,0,0,0,0,0,0,0,0,0,0,0,0,0,0,0,0,0,0,0,0,0,0,0,0,0,0,0
1989,237,1,55,17.56,2,8,0,-1,1,0,1,1,25,0,0,0,1028,0,0,0,0,0,1,1,0,0,0,15.90302743,0,0,0,0,3,1,1,1,100,0,0,0,3,1,1,0.1,3000,0,0,0,0,0,0,0,0,0,0,0,0,0,0,0,0,0,0,0,0,0,0,0,0,0,0,0,0,0,0,0,0,0,0,0,0,0,0,0,0,0,0,0,0,0,0,0,0,0,0,0
1989,237,1,56,30.641,2,8,0,-1,0,0,1,1,25,0,0,0,1028,0,0,0,0,0,1,1,0,0,0,15.76821351,0,0,0,0,3,1,1,1,100,0,0,0,3,1,1,0.1,3000,0,0,0,0,0,0,0,0,0,0,0,0,0,0,0,0,0,0,0,0,0,0,0,0,0,0,0,0,0,0,0,0,0,0,0,0,0,0,0,0,0,0,0,0,0,0,0,0,0,0,0
1989,237,1,56,53.561,2,8,0,-1,1,0,1,1,25,0,0,0,1028,0,0,0,0,0,1,1,0,0,0,15.7258975,0,0,0,0,3,1,1,1,100,0,0,0,3,1,1,0.1,3000,0,0,0,0,0,0,0,0,0,0,0,0,0,0,0,0,0,0,0,0,0,0,0,0,0,0,0,0,0,0,0,0,0,0,0,0,0,0,0,0,0,0,0,0,0,0,0,0,0,0,0
1989,237,1,58,6.64,2,8,0,-1,0,0,1,1,25,0,0,0,1028,0,0,0,0,0,1,1,0,0,0,15.59086309,0,0,0,0,3,1,1,1,100,0,0,0,3,1,1,0.1,3000,0,0,0,0,0,0,0,0,0,0,0,0,0,0,0,0,0,0,0,0,0,0,0,0,0,0,0,0,0,0,0,0,0,0,0,0,0,0,0,0,0,0,0,0,0,0,0,0,0,0,0
1989,237,1,58,29.559,2,8,0,-1,1,0,1,1,25,0,0,0,1028,0,0,0,0,0,1,1,0,0,0,15.54847713,0,0,0,0,3,1,1,1,100,0,0,0,3,1,1,0.1,3000,0,0,0,0,0,0,0,0,0,0,0,0,0,0,0,0,0,0,0,0,0,0,0,0,0,0,0,0,0,0,0,0,0,0,0,0,0,0,0,0,0,0,0,0,0,0,0,0,0,0,0
1989,237,1,59,42.64,2,8,0,-1,0,0,1,1,25,0,0,0,1028,0,0,0,0,0,1,1,0,0,0,15.41321114,0,0,0,0,3,1,1,1,100,0,0,0,3,1,1,0.1,3000,0,0,0,0,0,0,0,0,0,0,0,0,0,0,0,0,0,0,0,0,0,0,0,0,0,0,0,0,0,0,0,0,0,0,0,0,0,0,0,0,0,0,0,0,0,0,0,0,0,0,0
1989,237,2,0,5.56,2,8,0,-1,1,0,1,1,25,0,0,0,1028,0,0,0,0,0,1,1,0,0,0,15.3707516,0,0,0,0,3,1,1,1,100,0,0,0,3,1,1,0.1,3000,0,0,0,0,0,0,0,0,0,0,0,0,0,0,0,0,0,0,0,0,0,0,0,0,0,0,0,0,0,0,0,0,0,0,0,0,0,0,0,0,0,0,0,0,0,0,0,0,0,0,0
1989,237,2,1,18.64,2,8,0,-1,0,0,1,1,25,0,0,0,1028,0,0,0,0,0,1,1,0,0,0,15.23525197,0,0,0,0,3,1,1,1,100,0,0,0,3,1,1,0.1,3000,0,0,0,0,0,0,0,0,0,0,0,0,0,0,0,0,0,0,0,0,0,0,0,0,0,0,0,0,0,0,0,0,0,0,0,0,0,0,0,0,0,0,0,0,0,0,0,0,0,0,0
1989,237,2,1,41.56,2,8,0,-1,1,0,1,1,25,0,0,0,1028,0,0,0,0,0,1,1,0,0,0,15.19271794,0,0,0,0,3,1,1,1,100,0,0,0,3,1,1,0.1,3000,0,0,0,0,0,0,0,0,0,0,0,0,0,0,0,0,0,0,0,0,0,0,0,0,0,0,0,0,0,0,0,0,0,0,0,0,0,0,0,0,0,0,0,0,0,0,0,0,0,0,0
1989,237,2,2,54.64,2,8,0,-1,0,0,1,1,25,0,0,0,1028,0,0,0,0,0,1,1,0,0,0,15.05697777,0,0,0,0,3,1,1,1,100,0,0,0,3,1,1,0.1,3000,0,0,0,0,0,0,0,0,0,0,0,0,0,0,0,0,0,0,0,0,0,0,0,0,0,0,0,0,0,0,0,0,0,0,0,0,0,0,0,0,0,0,0,0,0,0,0,0,0,0,0
1989,237,2,3,17.559,2,8,0,-1,1,0,1,1,25,0,0,0,1028,0,0,0,0,0,1,1,0,0,0,15.01436826,0,0,0,0,3,1,1,1,100,0,0,0,3,1,1,0.1,3000,0,0,0,0,0,0,0,0,0,0,0,0,0,0,0,0,0,0,0,0,0,0,0,0,0,0,0,0,0,0,0,0,0,0,0,0,0,0,0,0,0,0,0,0,0,0,0,0,0,0,0
1989,237,2,6,54.64,2,8,0,-1,0,0,1,1,25,0,0,0,1028,0,0,0,0,0,1,1,0,0,0,14.60985994,0,0,0,0,3,1,1,1,100,0,0,0,3,1,1,0.1,3000,0,0,0,0,0,0,0,0,0,0,0,0,0,0,0,0,0,0,0,0,0,0,0,0,0,0,0,0,0,0,0,0,0,0,0,0,0,0,0,0,0,0,0,0,0,0,0,0,0,0,0
1989,237,2,7,17.559,2,8,0,-1,1,0,1,1,25,0,0,0,1028,0,0,0,0,0,1,1,0,0,0,14.56705057,0,0,0,0,3,1,1,1,100,0,0,0,3,1,1,0.1,3000,0,0,0,0,0,0,0,0,0,0,0,0,0,0,0,0,0,0,0,0,0,0,0,0,0,0,0,0,0,0,0,0,0,0,0,0,0,0,0,0,0,0,0,0,0,0,0,0,0,0,0
1989,237,2,8,30.64,2,8,0,-1,0,0,1,1,25,0,0,0,1028,0,0,0,0,0,1,1,0,0,0,14.43041707,0,0,0,0,3,1,1,1,100,0,0,0,3,1,1,0.1,3000,0,0,0,0,0,0,0,0,0,0,0,0,0,0,0,0,0,0,0,0,0,0,0,0,0,0,0,0,0,0,0,0,0,0,0,0,0,0,0,0,0,0,0,0,0,0,0,0,0,0,0
1989,237,2,8,53.56,2,8,0,-1,1,0,1,1,25,0,0,0,1028,0,0,0,0,0,1,1,0,0,0,14.38752306,0,0,0,0,3,1,1,1,100,0,0,0,3,1,1,0.1,3000,0,0,0,0,0,0,0,0,0,0,0,0,0,0,0,0,0,0,0,0,0,0,0,0,0,0,0,0,0,0,0,0,0,0,0,0,0,0,0,0,0,0,0,0,0,0,0,0,0,0,0
1989,237,2,10,6.639,2,8,0,-1,0,0,1,1,25,0,0,0,1028,0,0,0,0,0,1,1,0,0,0,14.25062095,0,0,0,0,3,1,1,1,100,0,0,0,3,1,1,0.1,3000,0,0,0,0,0,0,0,0,0,0,0,0,0,0,0,0,0,0,0,0,0,0,0,0,0,0,0,0,0,0,0,0,0,0,0,0,0,0,0,0,0,0,0,0,0,0,0,0,0,0,0
1989,237,2,10,29.559,2,8,0,-1,1,0,1,1,25,0,0,0,1028,0,0,0,0,0,1,1,0,0,0,14.20764097,0,0,0,0,3,1,1,1,100,0,0,0,3,1,1,0.1,3000,0,0,0,0,0,0,0,0,0,0,0,0,0,0,0,0,0,0,0,0,0,0,0,0,0,0,0,0,0,0,0,0,0,0,0,0,0,0,0,0,0,0,0,0,0,0,0,0,0,0,0
1989,237,2,11,42.639,2,8,0,-1,0,0,1,1,25,0,0,0,1028,0,0,0,0,0,1,1,0,0,0,14.07046096,0,0,0,0,3,1,1,1,100,0,0,0,3,1,1,0.1,3000,0,0,0,0,0,0,0,0,0,0,0,0,0,0,0,0,0,0,0,0,0,0,0,0,0,0,0,0,0,0,0,0,0,0,0,0,0,0,0,0,0,0,0,0,0,0,0,0,0,0,0
1989,237,2,12,5.559,2,8,0,-1,1,0,1,1,25,0,0,0,1028,0,0,0,0,0,1,1,0,0,0,14.02739263,0,0,0,0,3,1,1,1,100,0,0,0,3,1,1,0.1,3000,0,0,0,0,0,0,0,0,0,0,0,0,0,0,0,0,0,0,0,0,0,0,0,0,0,0,0,0,0,0,0,0,0,0,0,0,0,0,0,0,0,0,0,0,0,0,0,0,0,0,0
1989,237,2,13,18.639,2,8,0,-1,0,0,1,1,25,0,0,0,1028,0,0,0,0,0,1,1,0,0,0,13.88992608,0,0,0,0,3,1,1,1,100,0,0,0,3,1,1,0.1,3000,0,0,0,0,0,0,0,0,0,0,0,0,0,0,0,0,0,0,0,0,0,0,0,0,0,0,0,0,0,0,0,0,0,0,0,0,0,0,0,0,0,0,0,0,0,0,0,0,0,0,0
1989,237,2,13,41.559,2,8,0,-1,1,0,1,1,25,0,0,0,1028,0,0,0,0,0,1,1,0,0,0,13.84676693,0,0,0,0,3,1,1,1,100,0,0,0,3,1,1,0.1,3000,0,0,0,0,0,0,0,0,0,0,0,0,0,0,0,0,0,0,0,0,0,0,0,0,0,0,0,0,0,0,0,0,0,0,0,0,0,0,0,0,0,0,0,0,0,0,0,0,0,0,0
1989,237,2,14,54.639,2,8,0,-1,0,0,1,1,25,0,0,0,1028,0,0,0,0,0,1,1,0,0,0,13.70900672,0,0,0,0,3,1,1,1,100,0,0,0,3,1,1,0.1,3000,0,0,0,0,0,0,0,0,0,0,0,0,0,0,0,0,0,0,0,0,0,0,0,0,0,0,0,0,0,0,0,0,0,0,0,0,0,0,0,0,0,0,0,0,0,0,0,0,0,0,0
1989,237,2,15,17.559,2,8,0,-1,1,0,1,1,25,0,0,0,1028,0,0,0,0,0,1,1,0,0,0,13.66575417,0,0,0,0,3,1,1,1,100,0,0,0,3,1,1,0.1,3000,0,0,0,0,0,0,0,0,0,0,0,0,0,0,0,0,0,0,0,0,0,0,0,0,0,0,0,0,0,0,0,0,0,0,0,0,0,0,0,0,0,0,0,0,0,0,0,0,0,0,0
1989,237,2,18,54.639,2,8,0,-1,0,0,1,1,25,0,0,0,1028,0,0,0,0,0,1,1,0,0,0,13.25495314,0,0,0,0,3,1,1,1,100,0,0,0,3,1,1,0.1,3000,0,0,0,0,0,0,0,0,0,0,0,0,0,0,0,0,0,0,0,0,0,0,0,0,0,0,0,0,0,0,0,0,0,0,0,0,0,0,0,0,0,0,0,0,0,0,0,0,0,0,0
1989,237,2,19,17.559,2,8,0,-1,1,0,1,1,25,0,0,0,1028,0,0,0,0,0,1,1,0,0,0,13.21145509,0,0,0,0,3,1,1,1,100,0,0,0,3,1,1,0.1,3000,0,0,0,0,0,0,0,0,0,0,0,0,0,0,0,0,0,0,0,0,0,0,0,0,0,0,0,0,0,0,0,0,0,0,0,0,0,0,0,0,0,0,0,0,0,0,0,0,0,0,0
1989,237,2,20,30.639,2,8,0,-1,0,0,1,1,25,0,0,0,1028,0,0,0,0,0,1,1,0,0,0,13.07259862,0,0,0,0,3,1,1,1,100,0,0,0,3,1,1,0.1,3000,0,0,0,0,0,0,0,0,0,0,0,0,0,0,0,0,0,0,0,0,0,0,0,0,0,0,0,0,0,0,0,0,0,0,0,0,0,0,0,0,0,0,0,0,0,0,0,0,0,0,0
1989,237,2,20,53.559,2,8,0,-1,1,0,1,1,25,0,0,0,1028,0,0,0,0,0,1,1,0,0,0,13.02899724,0,0,0,0,3,1,1,1,100,0,0,0,3,1,1,0.1,3000,0,0,0,0,0,0,0,0,0,0,0,0,0,0,0,0,0,0,0,0,0,0,0,0,0,0,0,0,0,0,0,0,0,0,0,0,0,0,0,0,0,0,0,0,0,0,0,0,0,0,0
1989,237,2,22,6.639,2,8,0,-1,0,0,1,1,25,0,0,0,1028,0,0,0,0,0,1,1,0,0,0,12.88980639,0,0,0,0,3,1,1,1,100,0,0,0,3,1,1,0.1,3000,0,0,0,0,0,0,0,0,0,0,0,0,0,0,0,0,0,0,0,0,0,0,0,0,0,0,0,0,0,0,0,0,0,0,0,0,0,0,0,0,0,0,0,0,0,0,0,0,0,0,0
1989,237,2,22,29.559,2,8,0,-1,1,0,1,1,25,0,0,0,1028,0,0,0,0,0,1,1,0,0,0,12.84609856,0,0,0,0,3,1,1,1,100,0,0,0,3,1,1,0.1,3000,0,0,0,0,0,0,0,0,0,0,0,0,0,0,0,0,0,0,0,0,0,0,0,0,0,0,0,0,0,0,0,0,0,0,0,0,0,0,0,0,0,0,0,0,0,0,0,0,0,0,0
1989,237,2,23,42.638,2,8,0,-1,0,0,1,1,25,0,0,0,1028,0,0,0,0,0,1,1,0,0,0,12.70656504,0,0,0,0,3,1,1,1,100,0,0,0,3,1,1,0.1,3000,0,0,0,0,0,0,0,0,0,0,0,0,0,0,0,0,0,0,0,0,0,0,0,0,0,0,0,0,0,0,0,0,0,0,0,0,0,0,0,0,0,0,0,0,0,0,0,0,0,0,0
1989,237,2,24,5.558,2,8,0,-1,1,0,1,1,25,0,0,0,1028,0,0,0,0,0,1,1,0,0,0,12.66274749,0,0,0,0,3,1,1,1,100,0,0,0,3,1,1,0.1,3000,0,0,0,0,0,0,0,0,0,0,0,0,0,0,0,0,0,0,0,0,0,0,0,0,0,0,0,0,0,0,0,0,0,0,0,0,0,0,0,0,0,0,0,0,0,0,0,0,0,0,0
1989,237,2,25,18.638,2,8,0,-1,0,0,1,1,25,0,0,0,1028,0,0,0,0,0,1,1,0,0,0,12.52285682,0,0,0,0,3,1,1,1,100,0,0,0,3,1,1,0.1,3000,0,0,0,0,0,0,0,0,0,0,0,0,0,0,0,0,0,0,0,0,0,0,0,0,0,0,0,0,0,0,0,0,0,0,0,0,0,0,0,0,0,0,0,0,0,0,0,0,0,0,0
1989,237,2,25,41.558,2,8,0,-1,1,0,1,1,25,0,0,0,1028,0,0,0,0,0,1,1,0,0,0,12.47892613,0,0,0,0,3,1,1,1,100,0,0,0,3,1,1,0.1,3000,0,0,0,0,0,0,0,0,0,0,0,0,0,0,0,0,0,0,0,0,0,0,0,0,0,0,0,0,0,0,0,0,0,0,0,0,0,0,0,0,0,0,0,0,0,0,0,0,0,0,0
1989,237,2,26,54.638,2,8,0,-1,0,0,1,1,25,0,0,0,1028,0,0,0,0,0,1,1,0,0,0,12.33866907,0,0,0,0,3,1,1,1,100,0,0,0,3,1,1,0.1,3000,0,0,0,0,0,0,0,0,0,0,0,0,0,0,0,0,0,0,0,0,0,0,0,0,0,0,0,0,0,0,0,0,0,0,0,0,0,0,0,0,0,0,0,0,0,0,0,0,0,0,0
1989,237,2,27,17.558,2,8,0,-1,1,0,1,1,25,0,0,0,1028,0,0,0,0,0,1,1,0,0,0,12.29462166,0,0,0,0,3,1,1,1,100,0,0,0,3,1,1,0.1,3000,0,0,0,0,0,0,0,0,0,0,0,0,0,0,0,0,0,0,0,0,0,0,0,0,0,0,0,0,0,0,0,0,0,0,0,0,0,0,0,0,0,0,0,0,0,0,0,0,0,0,0
1989,237,2,34,6.637,2,8,0,-1,0,0,1,1,25,0,0,0,1028,0,0,0,0,0,1,1,0,0,0,11.50346393,0,0,0,0,3,1,1,1,100,0,0,0,3,1,1,0.1,3000,0,0,0,0,0,0,0,0,0,0,0,0,0,0,0,0,0,0,0,0,0,0,0,0,0,0,0,0,0,0,0,0,0,0,0,0,0,0,0,0,0,0,0,0,0,0,0,0,0,0,0
1989,237,2,34,29.558,2,8,0,-1,1,0,1,1,25,0,0,0,1028,0,0,0,0,0,1,1,0,0,0,11.45884215,0,0,0,0,3,1,1,1,100,0,0,0,3,1,1,0.1,3000,0,0,0,0,0,0,0,0,0,0,0,0,0,0,0,0,0,0,0,0,0,0,0,0,0,0,0,0,0,0,0,0,0,0,0,0,0,0,0,0,0,0,0,0,0,0,0,0,0,0,0
1989,237,2,35,42.637,2,8,0,-1,0,0,1,1,25,0,0,0,1028,0,0,0,0,0,1,1,0,0,0,11.31634518,0,0,0,0,3,1,1,1,100,0,0,0,3,1,1,0.1,3000,0,0,0,0,0,0,0,0,0,0,0,0,0,0,0,0,0,0,0,0,0,0,0,0,0,0,0,0,0,0,0,0,0,0,0,0,0,0,0,0,0,0,0,0,0,0,0,0,0,0,0
1989,237,2,36,5.558,2,8,0,-1,1,0,1,1,25,0,0,0,1028,0,0,0,0,0,1,1,0,0,0,11.27158364,0,0,0,0,3,1,1,1,100,0,0,0,3,1,1,0.1,3000,0,0,0,0,0,0,0,0,0,0,0,0,0,0,0,0,0,0,0,0,0,0,0,0,0,0,0,0,0,0,0,0,0,0,0,0,0,0,0,0,0,0,0,0,0,0,0,0,0,0,0
1989,237,2,37,18.637,2,8,0,-1,0,0,1,1,25,0,0,0,1028,0,0,0,0,0,1,1,0,0,0,11.12863429,0,0,0,0,3,1,1,1,100,0,0,0,3,1,1,0.1,3000,0,0,0,0,0,0,0,0,0,0,0,0,0,0,0,0,0,0,0,0,0,0,0,0,0,0,0,0,0,0,0,0,0,0,0,0,0,0,0,0,0,0,0,0,0,0,0,0,0,0,0
1989,237,2,37,41.556,2,8,0,-1,1,0,1,1,25,0,0,0,1028,0,0,0,0,0,1,1,0,0,0,11.08373005,0,0,0,0,3,1,1,1,100,0,0,0,3,1,1,0.1,3000,0,0,0,0,0,0,0,0,0,0,0,0,0,0,0,0,0,0,0,0,0,0,0,0,0,0,0,0,0,0,0,0,0,0,0,0,0,0,0,0,0,0,0,0,0,0,0,0,0,0,0
1989,237,2,38,54.637,2,8,0,-1,0,0,1,1,25,0,0,0,1028,0,0,0,0,0,1,1,0,0,0,10.94030838,0,0,0,0,3,1,1,1,100,0,0,0,3,1,1,0.1,3000,0,0,0,0,0,0,0,0,0,0,0,0,0,0,0,0,0,0,0,0,0,0,0,0,0,0,0,0,0,0,0,0,0,0,0,0,0,0,0,0,0,0,0,0,0,0,0,0,0,0,0
1989,237,2,39,17.557,2,8,0,-1,1,0,1,1,25,0,0,0,1028,0,0,0,0,0,1,1,0,0,0,10.89525235,0,0,0,0,3,1,1,1,100,0,0,0,3,1,1,0.1,3000,0,0,0,0,0,0,0,0,0,0,0,0,0,0,0,0,0,0,0,0,0,0,0,0,0,0,0,0,0,0,0,0,0,0,0,0,0,0,0,0,0,0,0,0,0,0,0,0,0,0,0
1989,237,2,42,54.637,2,8,0,-1,0,0,1,1,25,0,0,0,1028,0,0,0,0,0,1,1,0,0,0,10.46665965,0,0,0,0,3,1,1,1,100,0,0,0,3,1,1,0.1,3000,0,0,0,0,0,0,0,0,0,0,0,0,0,0,0,0,0,0,0,0,0,0,0,0,0,0,0,0,0,0,0,0,0,0,0,0,0,0,0,0,0,0,0,0,0,0,0,0,0,0,0
1989,237,2,43,17.557,2,8,0,-1,1,0,1,1,25,0,0,0,1028,0,0,0,0,0,1,1,0,0,0,10.42120468,0,0,0,0,3,1,1,1,100,0,0,0,3,1,1,0.1,3000,0,0,0,0,0,0,0,0,0,0,0,0,0,0,0,0,0,0,0,0,0,0,0,0,0,0,0,0,0,0,0,0,0,0,0,0,0,0,0,0,0,0,0,0,0,0,0,0,0,0,0
1989,237,2,44,30.637,2,8,0,-1,0,0,1,1,25,0,0,0,1028,0,0,0,0,0,1,1,0,0,0,10.27600319,0,0,0,0,3,1,1,1,100,0,0,0,3,1,1,0.1,3000,0,0,0,0,0,0,0,0,0,0,0,0,0,0,0,0,0,0,0,0,0,0,0,0,0,0,0,0,0,0,0,0,0,0,0,0,0,0,0,0,0,0,0,0,0,0,0,0,0,0,0
1989,237,2,44,53.557,2,8,0,-1,1,0,1,1,25,0,0,0,1028,0,0,0,0,0,1,1,0,0,0,10.23037907,0,0,0,0,3,1,1,1,100,0,0,0,3,1,1,0.1,3000,0,0,0,0,0,0,0,0,0,0,0,0,0,0,0,0,0,0,0,0,0,0,0,0,0,0,0,0,0,0,0,0,0,0,0,0,0,0,0,0,0,0,0,0,0,0,0,0,0,0,0
1989,237,2,46,6.637,2,8,0,-1,0,0,1,1,25,0,0,0,1028,0,0,0,0,0,1,1,0,0,0,10.08462378,0,0,0,0,3,1,1,1,100,0,0,0,3,1,1,0.1,3000,0,0,0,0,0,0,0,0,0,0,0,0,0,0,0,0,0,0,0,0,0,0,0,0,0,0,0,0,0,0,0,0,0,0,0,0,0,0,0,0,0,0,0,0,0,0,0,0,0,0,0
1989,237,2,46,29.557,2,8,0,-1,1,0,1,1,25,0,0,0,1028,0,0,0,0,0,1,1,0,0,0,10.03882298,0,0,0,0,3,1,1,1,100,0,0,0,3,1,1,0.1,3000,0,0,0,0,0,0,0,0,0,0,0,0,0,0,0,0,0,0,0,0,0,0,0,0,0,0,0,0,0,0,0,0,0,0,0,0,0,0,0,0,0,0,0,0,0,0,0,0,0,0,0
1989,237,2,47,42.637,2,8,0,-1,0,0,1,1,25,0,0,0,1028,0,0,0,0,0,1,1,0,0,0,9.892493442,0,0,0,0,3,1,1,1,100,0,0,0,3,1,1,0.1,3000,0,0,0,0,0,0,0,0,0,0,0,0,0,0,0,0,0,0,0,0,0,0,0,0,0,0,0,0,0,0,0,0,0,0,0,0,0,0,0,0,0,0,0,0,0,0,0,0,0,0,0
1989,237,2,48,5.557,2,8,0,-1,1,0,1,1,25,0,0,0,1028,0,0,0,0,0,1,1,0,0,0,9.846508052,0,0,0,0,3,1,1,1,100,0,0,0,3,1,1,0.1,3000,0,0,0,0,0,0,0,0,0,0,0,0,0,0,0,0,0,0,0,0,0,0,0,0,0,0,0,0,0,0,0,0,0,0,0,0,0,0,0,0,0,0,0,0,0,0,0,0,0,0,0
1989,237,2,49,18.636,2,8,0,-1,0,0,1,1,25,0,0,0,1028,0,0,0,0,0,1,1,0,0,0,9.699584626,0,0,0,0,3,1,1,1,100,0,0,0,3,1,1,0.1,3000,0,0,0,0,0,0,0,0,0,0,0,0,0,0,0,0,0,0,0,0,0,0,0,0,0,0,0,0,0,0,0,0,0,0,0,0,0,0,0,0,0,0,0,0,0,0,0,0,0,0,0
1989,237,2,49,41.555,2,8,0,-1,1,0,1,1,25,0,0,0,1028,0,0,0,0,0,1,1,0,0,0,9.653410355,0,0,0,0,3,1,1,1,100,0,0,0,3,1,1,0.1,3000,0,0,0,0,0,0,0,0,0,0,0,0,0,0,0,0,0,0,0,0,0,0,0,0,0,0,0,0,0,0,0,0,0,0,0,0,0,0,0,0,0,0,0,0,0,0,0,0,0,0,0
1989,237,2,50,54.636,2,8,0,-1,0,0,1,1,25,0,0,0,1028,0,0,0,0,0,1,1,0,0,0,9.505862052,0,0,0,0,3,1,1,1,100,0,0,0,3,1,1,0.1,3000,0,0,0,0,0,0,0,0,0,0,0,0,0,0,0,0,0,0,0,0,0,0,0,0,0,0,0,0,0,0,0,0,0,0,0,0,0,0,0,0,0,0,0,0,0,0,0,0,0,0,0
1989,237,2,51,17.556,2,8,0,-1,1,0,1,1,25,0,0,0,1028,0,0,0,0,0,1,1,0,0,0,9.459487138,0,0,0,0,3,1,1,1,100,0,0,0,3,1,1,0.1,3000,0,0,0,0,0,0,0,0,0,0,0,0,0,0,0,0,0,0,0,0,0,0,0,0,0,0,0,0,0,0,0,0,0,0,0,0,0,0,0,0,0,0,0,0,0,0,0,0,0,0,0
1989,237,2,54,54.636,2,8,0,-1,0,0,1,1,25,0,0,0,1028,0,0,0,0,0,1,1,0,0,0,9.017782274,0,0,0,0,3,1,1,1,100,0,0,0,3,1,1,0.1,3000,0,0,0,0,0,0,0,0,0,0,0,0,0,0,0,0,0,0,0,0,0,0,0,0,0,0,0,0,0,0,0,0,0,0,0,0,0,0,0,0,0,0,0,0,0,0,0,0,0,0,0
1989,237,2,55,17.555,2,8,0,-1,1,0,1,1,25,0,0,0,1028,0,0,0,0,0,1,1,0,0,0,8.970874952,0,0,0,0,3,1,1,1,100,0,0,0,3,1,1,0.1,3000,0,0,0,0,0,0,0,0,0,0,0,0,0,0,0,0,0,0,0,0,0,0,0,0,0,0,0,0,0,0,0,0,0,0,0,0,0,0,0,0,0,0,0,0,0,0,0,0,0,0,0
1989,237,2,56,30.636,2,8,0,-1,0,0,1,1,25,0,0,0,1028,0,0,0,0,0,1,1,0,0,0,8.820945938,0,0,0,0,3,1,1,1,100,0,0,0,3,1,1,0.1,3000,0,0,0,0,0,0,0,0,0,0,0,0,0,0,0,0,0,0,0,0,0,0,0,0,0,0,0,0,0,0,0,0,0,0,0,0,0,0,0,0,0,0,0,0,0,0,0,0,0,0,0
1989,237,2,56,53.555,2,8,0,-1,1,0,1,1,25,0,0,0,1028,0,0,0,0,0,1,1,0,0,0,8.773808129,0,0,0,0,3,1,1,1,100,0,0,0,3,1,1,0.1,3000,0,0,0,0,0,0,0,0,0,0,0,0,0,0,0,0,0,0,0,0,0,0,0,0,0,0,0,0,0,0,0,0,0,0,0,0,0,0,0,0,0,0,0,0,0,0,0,0,0,0,0
1989,237,2,58,6.636,2,8,0,-1,0,0,1,1,25,0,0,0,1028,0,0,0,0,0,1,1,0,0,0,8.62313063,0,0,0,0,3,1,1,1,100,0,0,0,3,1,1,0.1,3000,0,0,0,0,0,0,0,0,0,0,0,0,0,0,0,0,0,0,0,0,0,0,0,0,0,0,0,0,0,0,0,0,0,0,0,0,0,0,0,0,0,0,0,0,0,0,0,0,0,0,0
1989,237,2,58,29.556,2,8,0,-1,1,0,1,1,25,0,0,0,1028,0,0,0,0,0,1,1,0,0,0,8.575754348,0,0,0,0,3,1,1,1,100,0,0,0,3,1,1,0.1,3000,0,0,0,0,0,0,0,0,0,0,0,0,0,0,0,0,0,0,0,0,0,0,0,0,0,0,0,0,0,0,0,0,0,0,0,0,0,0,0,0,0,0,0,0,0,0,0,0,0,0,0
1989,237,2,59,42.636,2,8,0,-1,0,0,1,1,25,0,0,0,1028,0,0,0,0,0,1,1,0,0,0,8.424296404,0,0,0,0,3,1,1,1,100,0,0,0,3,1,1,0.1,3000,0,0,0,0,0,0,0,0,0,0,0,0,0,0,0,0,0,0,0,0,0,0,0,0,0,0,0,0,0,0,0,0,0,0,0,0,0,0,0,0,0,0,0,0,0,0,0,0,0,0,0
1989,237,3,0,5.556,2,8,0,-1,1,0,1,1,25,0,0,0,1028,0,0,0,0,0,1,1,0,0,0,8.376668923,0,0,0,0,3,1,1,1,100,0,0,0,3,1,1,0.1,3000,0,0,0,0,0,0,0,0,0,0,0,0,0,0,0,0,0,0,0,0,0,0,0,0,0,0,0,0,0,0,0,0,0,0,0,0,0,0,0,0,0,0,0,0,0,0,0,0,0,0,0
1989,237,3,1,18.636,2,8,0,-1,0,0,1,1,25,0,0,0,1028,0,0,0,0,0,1,1,0,0,0,8.224397585,0,0,0,0,3,1,1,1,100,0,0,0,3,1,1,0.1,3000,0,0,0,0,0,0,0,0,0,0,0,0,0,0,0,0,0,0,0,0,0,0,0,0,0,0,0,0,0,0,0,0,0,0,0,0,0,0,0,0,0,0,0,0,0,0,0,0,0,0,0
1989,237,3,1,41.554,2,8,0,-1,1,0,1,1,25,0,0,0,1028,0,0,0,0,0,1,1,0,0,0,8.176510709,0,0,0,0,3,1,1,1,100,0,0,0,3,1,1,0.1,3000,0,0,0,0,0,0,0,0,0,0,0,0,0,0,0,0,0,0,0,0,0,0,0,0,0,0,0,0,0,0,0,0,0,0,0,0,0,0,0,0,0,0,0,0,0,0,0,0,0,0,0
1989,237,3,2,54.635,2,8,0,-1,0,0,1,1,25,0,0,0,1028,0,0,0,0,0,1,1,0,0,0,8.0233846,0,0,0,0,3,1,1,1,100,0,0,0,3,1,1,0.1,3000,0,0,0,0,0,0,0,0,0,0,0,0,0,0,0,0,0,0,0,0,0,0,0,0,0,0,0,0,0,0,0,0,0,0,0,0,0,0,0,0,0,0,0,0,0,0,0,0,0,0,0
1989,237,3,3,17.555,2,8,0,-1,1,0,1,1,25,0,0,0,1028,0,0,0,0,0,1,1,0,0,0,7.975223166,0,0,0,0,3,1,1,1,100,0,0,0,3,1,1,0.1,3000,0,0,0,0,0,0,0,0,0,0,0,0,0,0,0,0,0,0,0,0,0,0,0,0,0,0,0,0,0,0,0,0,0,0,0,0,0,0,0,0,0,0,0,0,0,0,0,0,0,0,0
1989,237,3,6,54.635,2,8,0,-1,0,0,1,1,25,0,0,0,1028,0,0,0,0,0,1,1,0,0,0,7.515628385,0,0,0,0,3,1,1,1,100,0,0,0,3,1,1,0.1,3000,0,0,0,0,0,0,0,0,0,0,0,0,0,0,0,0,0,0,0,0,0,0,0,0,0,0,0,0,0,0,0,0,0,0,0,0,0,0,0,0,0,0,0,0,0,0,0,0,0,0,0
1989,237,3,7,17.554,2,8,0,-1,1,0,1,1,25,0,0,0,1028,0,0,0,0,0,1,1,0,0,0,7.466725429,0,0,0,0,3,1,1,1,100,0,0,0,3,1,1,0.1,3000,0,0,0,0,0,0,0,0,0,0,0,0,0,0,0,0,0,0,0,0,0,0,0,0,0,0,0,0,0,0,0,0,0,0,0,0,0,0,0,0,0,0,0,0,0,0,0,0,0,0,0
1989,237,3,8,30.635,2,8,0,-1,0,0,1,1,25,0,0,0,1028,0,0,0,0,0,1,1,0,0,0,7.310286595,0,0,0,0,3,1,1,1,100,0,0,0,3,1,1,0.1,3000,0,0,0,0,0,0,0,0,0,0,0,0,0,0,0,0,0,0,0,0,0,0,0,0,0,0,0,0,0,0,0,0,0,0,0,0,0,0,0,0,0,0,0,0,0,0,0,0,0,0,0
1989,237,3,8,53.554,2,8,0,-1,1,0,1,1,25,0,0,0,1028,0,0,0,0,0,1,1,0,0,0,7.261061712,0,0,0,0,3,1,1,1,100,0,0,0,3,1,1,0.1,3000,0,0,0,0,0,0,0,0,0,0,0,0,0,0,0,0,0,0,0,0,0,0,0,0,0,0,0,0,0,0,0,0,0,0,0,0,0,0,0,0,0,0,0,0,0,0,0,0,0,0,0
1989,237,3,10,6.635,2,8,0,-1,0,0,1,1,25,0,0,0,1028,0,0,0,0,0,1,1,0,0,0,7.103571457,0,0,0,0,3,1,1,1,100,0,0,0,3,1,1,0.1,3000,0,0,0,0,0,0,0,0,0,0,0,0,0,0,0,0,0,0,0,0,0,0,0,0,0,0,0,0,0,0,0,0,0,0,0,0,0,0,0,0,0,0,0,0,0,0,0,0,0,0,0
1989,237,3,10,29.554,2,8,0,-1,1,0,1,1,25,0,0,0,1028,0,0,0,0,0,1,1,0,0,0,7.054008808,0,0,0,0,3,1,1,1,100,0,0,0,3,1,1,0.1,3000,0,0,0,0,0,0,0,0,0,0,0,0,0,0,0,0,0,0,0,0,0,0,0,0,0,0,0,0,0,0,0,0,0,0,0,0,0,0,0,0,0,0,0,0,0,0,0,0,0,0,0
1989,237,3,11,42.635,2,8,0,-1,0,0,1,1,25,0,0,0,1028,0,0,0,0,0,1,1,0,0,0,6.895415068,0,0,0,0,3,1,1,1,100,0,0,0,3,1,1,0.1,3000,0,0,0,0,0,0,0,0,0,0,0,0,0,0,0,0,0,0,0,0,0,0,0,0,0,0,0,0,0,0,0,0,0,0,0,0,0,0,0,0,0,0,0,0,0,0,0,0,0,0,0
1989,237,3,12,5.554,2,8,0,-1,1,0,1,1,25,0,0,0,1028,0,0,0,0,0,1,1,0,0,0,6.845497829,0,0,0,0,3,1,1,1,100,0,0,0,3,1,1,0.1,3000,0,0,0,0,0,0,0,0,0,0,0,0,0,0,0,0,0,0,0,0,0,0,0,0,0,0,0,0,0,0,0,0,0,0,0,0,0,0,0,0,0,0,0,0,0,0,0,0,0,0,0
1989,237,3,13,18.635,2,8,0,-1,0,0,1,1,25,0,0,0,1028,0,0,0,0,0,1,1,0,0,0,6.685745336,0,0,0,0,3,1,1,1,100,0,0,0,3,1,1,0.1,3000,0,0,0,0,0,0,0,0,0,0,0,0,0,0,0,0,0,0,0,0,0,0,0,0,0,0,0,0,0,0,0,0,0,0,0,0,0,0,0,0,0,0,0,0,0,0,0,0,0,0,0
1989,237,3,13,41.554,2,8,0,-1,1,0,1,1,25,0,0,0,1028,0,0,0,0,0,1,1,0,0,0,6.635456753,0,0,0,0,3,1,1,1,100,0,0,0,3,1,1,0.1,3000,0,0,0,0,0,0,0,0,0,0,0,0,0,0,0,0,0,0,0,0,0,0,0,0,0,0,0,0,0,0,0,0,0,0,0,0,0,0,0,0,0,0,0,0,0,0,0,0,0,0,0
1989,237,3,14,54.634,2,8,0,-1,0,0,1,1,25,0,0,0,1028,0,0,0,0,0,1,1,0,0,0,6.474486914,0,0,0,0,3,1,1,1,100,0,0,0,3,1,1,0.1,3000,0,0,0,0,0,0,0,0,0,0,0,0,0,0,0,0,0,0,0,0,0,0,0,0,0,0,0,0,0,0,0,0,0,0,0,0,0,0,0,0,0,0,0,0,0,0,0,0,0,0,0
1989,237,3,15,17.554,2,8,0,-1,1,0,1,1,25,0,0,0,1028,0,0,0,0,0,1,1,0,0,0,6.423805883,0,0,0,0,3,1,1,1,100,0,0,0,3,1,1,0.1,3000,0,0,0,0,0,0,0,0,0,0,0,0,0,0,0,0,0,0,0,0,0,0,0,0,0,0,0,0,0,0,0,0,0,0,0,0,0,0,0,0,0,0,0,0,0,0,0,0,0,0,0
1989,237,3,18,54.634,2,8,0,-1,0,0,1,1,25,0,0,0,1028,0,0,0,0,0,1,1,0,0,0,5.938841643,0,0,0,0,3,1,1,1,100,0,0,0,3,1,1,0.1,3000,0,0,0,0,0,0,0,0,0,0,0,0,0,0,0,0,0,0,0,0,0,0,0,0,0,0,0,0,0,0,0,0,0,0,0,0,0,0,0,0,0,0,0,0,0,0,0,0,0,0,0
1989,237,3,19,17.553,2,8,0,-1,1,0,1,1,25,0,0,0,1028,0,0,0,0,0,1,1,0,0,0,5.887093543,0,0,0,0,3,1,1,1,100,0,0,0,3,1,1,0.1,3000,0,0,0,0,0,0,0,0,0,0,0,0,0,0,0,0,0,0,0,0,0,0,0,0,0,0,0,0,0,0,0,0,0,0,0,0,0,0,0,0,0,0,0,0,0,0,0,0,0,0,0
1989,237,3,20,30.633,2,8,0,-1,0,0,1,1,25,0,0,0,1028,0,0,0,0,0,1,1,0,0,0,5.721352062,0,0,0,0,3,1,1,1,100,0,0,0,3,1,1,0.1,3000,0,0,0,0,0,0,0,0,0,0,0,0,0,0,0,0,0,0,0,0,0,0,0,0,0,0,0,0,0,0,0,0,0,0,0,0,0,0,0,0,0,0,0,0,0,0,0,0,0,0,0
1989,237,3,20,53.553,2,8,0,-1,1,0,1,1,25,0,0,0,1028,0,0,0,0,0,1,1,0,0,0,5.669135723,0,0,0,0,3,1,1,1,100,0,0,0,3,1,1,0.1,3000,0,0,0,0,0,0,0,0,0,0,0,0,0,0,0,0,0,0,0,0,0,0,0,0,0,0,0,0,0,0,0,0,0,0,0,0,0,0,0,0,0,0,0,0,0,0,0,0,0,0,0
1989,237,3,22,6.634,2,8,0,-1,0,0,1,1,25,0,0,0,1028,0,0,0,0,0,1,1,0,0,0,5.501871209,0,0,0,0,3,1,1,1,100,0,0,0,3,1,1,0.1,3000,0,0,0,0,0,0,0,0,0,0,0,0,0,0,0,0,0,0,0,0,0,0,0,0,0,0,0,0,0,0,0,0,0,0,0,0,0,0,0,0,0,0,0,0,0,0,0,0,0,0,0
1989,237,3,22,29.553,2,8,0,-1,1,0,1,1,25,0,0,0,1028,0,0,0,0,0,1,1,0,0,0,5.449166503,0,0,0,0,3,1,1,1,100,0,0,0,3,1,1,0.1,3000,0,0,0,0,0,0,0,0,0,0,0,0,0,0,0,0,0,0,0,0,0,0,0,0,0,0,0,0,0,0,0,0,0,0,0,0,0,0,0,0,0,0,0,0,0,0,0,0,0,0,0
1989,237,3,23,42.634,2,8,0,-1,0,0,1,1,25,0,0,0,1028,0,0,0,0,0,1,1,0,0,0,5.280302674,0,0,0,0,3,1,1,1,100,0,0,0,3,1,1,0.1,3000,0,0,0,0,0,0,0,0,0,0,0,0,0,0,0,0,0,0,0,0,0,0,0,0,0,0,0,0,0,0,0,0,0,0,0,0,0,0,0,0,0,0,0,0,0,0,0,0,0,0,0
1989,237,3,24,5.554,2,8,0,-1,1,0,1,1,25,0,0,0,1028,0,0,0,0,0,1,1,0,0,0,5.22708303,0,0,0,0,3,1,1,1,100,0,0,0,3,1,1,0.1,3000,0,0,0,0,0,0,0,0,0,0,0,0,0,0,0,0,0,0,0,0,0,0,0,0,0,0,0,0,0,0,0,0,0,0,0,0,0,0,0,0,0,0,0,0,0,0,0,0,0,0,0
1989,237,3,25,18.634,2,8,0,-1,0,0,1,1,25,0,0,0,1028,0,0,0,0,0,1,1,0,0,0,5.056542826,0,0,0,0,3,1,1,1,100,0,0,0,3,1,1,0.1,3000,0,0,0,0,0,0,0,0,0,0,0,0,0,0,0,0,0,0,0,0,0,0,0,0,0,0,0,0,0,0,0,0,0,0,0,0,0,0,0,0,0,0,0,0,0,0,0,0,0,0,0
1989,237,3,25,41.553,2,8,0,-1,1,0,1,1,25,0,0,0,1028,0,0,0,0,0,1,1,0,0,0,5.002787019,0,0,0,0,3,1,1,1,100,0,0,0,3,1,1,0.1,3000,0,0,0,0,0,0,0,0,0,0,0,0,0,0,0,0,0,0,0,0,0,0,0,0,0,0,0,0,0,0,0,0,0,0,0,0,0,0,0,0,0,0,0,0,0,0,0,0,0,0,0
1989,237,3,26,54.634,2,8,0,-1,0,0,1,1,25,0,0,0,1028,0,0,0,0,0,1,1,0,0,0,4.830487896,0,0,0,0,3,1,1,1,100,0,0,0,3,1,1,0.1,3000,0,0,0,0,0,0,0,0,0,0,0,0,0,0,0,0,0,0,0,0,0,0,0,0,0,0,0,0,0,0,0,0,0,0,0,0,0,0,0,0,0,0,0,0,0,0,0,0,0,0,0
1989,237,3,27,17.553,2,8,0,-1,1,0,1,1,25,0,0,0,1028,0,0,0,0,0,1,1,0,0,0,4.776167665,0,0,0,0,3,1,1,1,100,0,0,0,3,1,1,0.1,3000,0,0,0,0,0,0,0,0,0,0,0,0,0,0,0,0,0,0,0,0,0,0,0,0,0,0,0,0,0,0,0,0,0,0,0,0,0,0,0,0,0,0,0,0,0,0,0,0,0,0,0
1989,237,3,30,54.632,2,8,0,-1,0,0,1,1,25,0,0,0,1028,0,0,0,0,0,1,1,0,0,0,4.254649364,0,0,0,0,3,1,1,1,100,0,0,0,3,1,1,0.1,3000,0,0,0,0,0,0,0,0,0,0,0,0,0,0,0,0,0,0,0,0,0,0,0,0,0,0,0,0,0,0,0,0,0,0,0,0,0,0,0,0,0,0,0,0,0,0,0,0,0,0,0
1989,237,3,31,17.552,2,8,0,-1,1,0,1,1,25,0,0,0,1028,0,0,0,0,0,1,1,0,0,0,4.198817804,0,0,0,0,3,1,1,1,100,0,0,0,3,1,1,0.1,3000,0,0,0,0,0,0,0,0,0,0,0,0,0,0,0,0,0,0,0,0,0,0,0,0,0,0,0,0,0,0,0,0,0,0,0,0,0,0,0,0,0,0,0,0,0,0,0,0,0,0,0
1989,237,3,32,30.632,2,8,0,-1,0,0,1,1,25,0,0,0,1028,0,0,0,0,0,1,1,0,0,0,4.019787514,0,0,0,0,3,1,1,1,100,0,0,0,3,1,1,0.1,3000,0,0,0,0,0,0,0,0,0,0,0,0,0,0,0,0,0,0,0,0,0,0,0,0,0,0,0,0,0,0,0,0,0,0,0,0,0,0,0,0,0,0,0,0,0,0,0,0,0,0,0
1989,237,3,32,53.552,2,8,0,-1,1,0,1,1,25,0,0,0,1028,0,0,0,0,0,1,1,0,0,0,3.963317763,0,0,0,0,3,1,1,1,100,0,0,0,3,1,1,0.1,3000,0,0,0,0,0,0,0,0,0,0,0,0,0,0,0,0,0,0,0,0,0,0,0,0,0,0,0,0,0,0,0,0,0,0,0,0,0,0,0,0,0,0,0,0,0,0,0,0,0,0,0
1989,237,3,34,6.632,2,8,0,-1,0,0,1,1,25,0,0,0,1028,0,0,0,0,0,1,1,0,0,0,3.782229979,0,0,0,0,3,1,1,1,100,0,0,0,3,1,1,0.1,3000,0,0,0,0,0,0,0,0,0,0,0,0,0,0,0,0,0,0,0,0,0,0,0,0,0,0,0,0,0,0,0,0,0,0,0,0,0,0,0,0,0,0,0,0,0,0,0,0,0,0,0
1989,237,3,34,29.553,2,8,0,-1,1,0,1,1,25,0,0,0,1028,0,0,0,0,0,1,1,0,0,0,3.725110102,0,0,0,0,3,1,1,1,100,0,0,0,3,1,1,0.1,3000,0,0,0,0,0,0,0,0,0,0,0,0,0,0,0,0,0,0,0,0,0,0,0,0,0,0,0,0,0,0,0,0,0,0,0,0,0,0,0,0,0,0,0,0,0,0,0,0,0,0,0
1989,237,3,35,42.633,2,8,0,-1,0,0,1,1,25,0,0,0,1028,0,0,0,0,0,1,1,0,0,0,3.541941061,0,0,0,0,3,1,1,1,100,0,0,0,3,1,1,0.1,3000,0,0,0,0,0,0,0,0,0,0,0,0,0,0,0,0,0,0,0,0,0,0,0,0,0,0,0,0,0,0,0,0,0,0,0,0,0,0,0,0,0,0,0,0,0,0,0,0,0,0,0
1989,237,3,36,5.553,2,8,0,-1,1,0,1,1,25,0,0,0,1028,0,0,0,0,0,1,1,0,0,0,3.484168082,0,0,0,0,3,1,1,1,100,0,0,0,3,1,1,0.1,3000,0,0,0,0,0,0,0,0,0,0,0,0,0,0,0,0,0,0,0,0,0,0,0,0,0,0,0,0,0,0,0,0,0,0,0,0,0,0,0,0,0,0,0,0,0,0,0,0,0,0,0
1989,237,3,37,18.633,2,8,0,-1,0,0,1,1,25,0,0,0,1028,0,0,0,0,0,1,1,0,0,0,3.298929197,0,0,0,0,3,1,1,1,100,0,0,0,3,1,1,0.1,3000,0,0,0,0,0,0,0,0,0,0,0,0,0,0,0,0,0,0,0,0,0,0,0,0,0,0,0,0,0,0,0,0,0,0,0,0,0,0,0,0,0,0,0,0,0,0,0,0,0,0,0
1989,237,3,37,41.552,2,8,0,-1,1,0,1,1,25,0,0,0,1028,0,0,0,0,0,1,1,0,0,0,3.2405161,0,0,0,0,3,1,1,1,100,0,0,0,3,1,1,0.1,3000,0,0,0,0,0,0,0,0,0,0,0,0,0,0,0,0,0,0,0,0,0,0,0,0,0,0,0,0,0,0,0,0,0,0,0,0,0,0,0,0,0,0,0,0,0,0,0,0,0,0,0
1989,237,3,38,54.633,2,8,0,-1,0,0,1,1,25,0,0,0,1028,0,0,0,0,0,1,1,0,0,0,3.053265897,0,0,0,0,3,1,1,1,100,0,0,0,3,1,1,0.1,3000,0,0,0,0,0,0,0,0,0,0,0,0,0,0,0,0,0,0,0,0,0,0,0,0,0,0,0,0,0,0,0,0,0,0,0,0,0,0,0,0,0,0,0,0,0,0,0,0,0,0,0
1989,237,3,39,17.553,2,8,0,-1,1,0,1,1,25,0,0,0,1028,0,0,0,0,0,1,1,0,0,0,2.994237834,0,0,0,0,3,1,1,1,100,0,0,0,3,1,1,0.1,3000,0,0,0,0,0,0,0,0,0,0,0,0,0,0,0,0,0,0,0,0,0,0,0,0,0,0,0,0,0,0,0,0,0,0,0,0,0,0,0,0,0,0,0,0,0,0,0,0,0,0,0
1989,237,3,42,54.632,2,8,0,-1,0,0,1,1,25,0,0,0,1028,0,0,0,0,0,1,1,0,0,0,2.428994491,0,0,0,0,3,1,1,1,100,0,0,0,3,1,1,0.1,3000,0,0,0,0,0,0,0,0,0,0,0,0,0,0,0,0,0,0,0,0,0,0,0,0,0,0,0,0,0,0,0,0,0,0,0,0,0,0,0,0,0,0,0,0,0,0,0,0,0,0,0
1989,237,3,43,17.552,2,8,0,-1,1,0,1,1,25,0,0,0,1028,0,0,0,0,0,1,1,0,0,0,2.368797663,0,0,0,0,3,1,1,1,100,0,0,0,3,1,1,0.1,3000,0,0,0,0,0,0,0,0,0,0,0,0,0,0,0,0,0,0,0,0,0,0,0,0,0,0,0,0,0,0,0,0,0,0,0,0,0,0,0,0,0,0,0,0,0,0,0,0,0,0,0
1989,237,3,44,30.632,2,8,0,-1,0,0,1,1,25,0,0,0,1028,0,0,0,0,0,1,1,0,0,0,2.176519481,0,0,0,0,3,1,1,1,100,0,0,0,3,1,1,0.1,3000,0,0,0,0,0,0,0,0,0,0,0,0,0,0,0,0,0,0,0,0,0,0,0,0,0,0,0,0,0,0,0,0,0,0,0,0,0,0,0,0,0,0,0,0,0,0,0,0,0,0,0
1989,237,3,44,53.552,2,8,0,-1,1,0,1,1,25,0,0,0,1028,0,0,0,0,0,1,1,0,0,0,2.116165699,0,0,0,0,3,1,1,1,100,0,0,0,3,1,1,0.1,3000,0,0,0,0,0,0,0,0,0,0,0,0,0,0,0,0,0,0,0,0,0,0,0,0,0,0,0,0,0,0,0,0,0,0,0,0,0,0,0,0,0,0,0,0,0,0,0,0,0,0,0
1989,237,3,46,6.632,2,8,0,-1,0,0,1,1,25,0,0,0,1028,0,0,0,0,0,1,1,0,0,0,1.923885208,0,0,0,0,3,1,1,1,100,0,0,0,3,1,1,0.1,3000,0,0,0,0,0,0,0,0,0,0,0,0,0,0,0,0,0,0,0,0,0,0,0,0,0,0,0,0,0,0,0,0,0,0,0,0,0,0,0,0,0,0,0,0,0,0,0,0,0,0,0
1989,237,3,46,29.552,2,8,0,-1,1,0,1,1,25,0,0,0,1028,0,0,0,0,0,1,1,0,0,0,1.86372445,0,0,0,0,3,1,1,1,100,0,0,0,3,1,1,0.1,3000,0,0,0,0,0,0,0,0,0,0,0,0,0,0,0,0,0,0,0,0,0,0,0,0,0,0,0,0,0,0,0,0,0,0,0,0,0,0,0,0,0,0,0,0,0,0,0,0,0,0,0
1989,237,3,47,42.632,2,8,0,-1,0,0,1,1,25,0,0,0,1028,0,0,0,0,0,1,1,0,0,0,1.67288793,0,0,0,0,3,1,1,1,100,0,0,0,3,1,1,0.1,3000,0,0,0,0,0,0,0,0,0,0,0,0,0,0,0,0,0,0,0,0,0,0,0,0,0,0,0,0,0,0,0,0,0,0,0,0,0,0,0,0,0,0,0,0,0,0,0,0,0,0,0
1989,237,3,48,5.552,2,8,0,-1,1,0,1,1,25,0,0,0,1028,0,0,0,0,0,1,1,0,0,0,1.613500821,0,0,0,0,3,1,1,1,100,0,0,0,3,1,1,0.1,3000,0,0,0,0,0,0,0,0,0,0,0,0,0,0,0,0,0,0,0,0,0,0,0,0,0,0,0,0,0,0,0,0,0,0,0,0,0,0,0,0,0,0,0,0,0,0,0,0,0,0,0
1989,237,3,49,18.632,2,8,0,-1,0,0,1,1,25,0,0,0,1028,0,0,0,0,0,1,1,0,0,0,1.426550231,0,0,0,0,3,1,1,1,100,0,0,0,3,1,1,0.1,3000,0,0,0,0,0,0,0,0,0,0,0,0,0,0,0,0,0,0,0,0,0,0,0,0,0,0,0,0,0,0,0,0,0,0,0,0,0,0,0,0,0,0,0,0,0,0,0,0,0,0,0
1989,237,3,49,41.551,2,8,0,-1,1,0,1,1,25,0,0,0,1028,0,0,0,0,0,1,1,0,0,0,1.368944814,0,0,0,0,3,1,1,1,100,0,0,0,3,1,1,0.1,3000,0,0,0,0,0,0,0,0,0,0,0,0,0,0,0,0,0,0,0,0,0,0,0,0,0,0,0,0,0,0,0,0,0,0,0,0,0,0,0,0,0,0,0,0,0,0,0,0,0,0,0
1989,237,3,50,54.632,2,8,0,-1,0,0,1,1,25,0,0,0,1028,0,0,0,0,0,1,1,0,0,0,1.190208405,0,0,0,0,3,1,1,1,100,0,0,0,3,1,1,0.1,3000,0,0,0,0,0,0,0,0,0,0,0,0,0,0,0,0,0,0,0,0,0,0,0,0,0,0,0,0,0,0,0,0,0,0,0,0,0,0,0,0,0,0,0,0,0,0,0,0,0,0,0
1989,237,3,51,17.552,2,8,0,-1,1,0,1,1,25,0,0,0,1028,0,0,0,0,0,1,1,0,0,0,1.136211121,0,0,0,0,3,1,1,1,100,0,0,0,3,1,1,0.1,3000,0,0,0,0,0,0,0,0,0,0,0,0,0,0,0,0,0,0,0,0,0,0,0,0,0,0,0,0,0,0,0,0,0,0,0,0,0,0,0,0,0,0,0,0,0,0,0,0,0,0,0
1989,237,3,54,54.631,2,8,0,-1,0,0,1,1,25,0,0,0,1028,0,0,0,0,0,1,1,0,0,0,0.732328121,0,0,0,0,3,1,1,1,100,0,0,0,3,1,1,0.1,3000,0,0,0,0,0,0,0,0,0,0,0,0,0,0,0,0,0,0,0,0,0,0,0,0,0,0,0,0,0,0,0,0,0,0,0,0,0,0,0,0,0,0,0,0,0,0,0,0,0,0,0
1989,237,3,55,17.551,2,8,0,-1,1,0,1,1,25,0,0,0,1028,0,0,0,0,0,1,1,0,0,0,0.709510728,0,0,0,0,3,1,1,1,100,0,0,0,3,1,1,0.1,3000,0,0,0,0,0,0,0,0,0,0,0,0,0,0,0,0,0,0,0,0,0,0,0,0,0,0,0,0,0,0,0,0,0,0,0,0,0,0,0,0,0,0,0,0,0,0,0,0,0,0,0
1989,237,3,56,30.631,2,8,0,-1,0,0,1,1,25,0,0,0,1028,0,0,0,0,0,1,1,0,0,0,0.677455566,0,0,0,0,3,1,1,1,100,0,0,0,3,1,1,0.1,3000,0,0,0,0,0,0,0,0,0,0,0,0,0,0,0,0,0,0,0,0,0,0,0,0,0,0,0,0,0,0,0,0,0,0,0,0,0,0,0,0,0,0,0,0,0,0,0,0,0,0,0
1989,237,3,56,53.551,2,8,0,-1,1,0,1,1,25,0,0,0,1028,0,0,0,0,0,1,1,0,0,0,0.681164373,0,0,0,0,3,1,1,1,100,0,0,0,3,1,1,0.1,3000,0,0,0,0,0,0,0,0,0,0,0,0,0,0,0,0,0,0,0,0,0,0,0,0,0,0,0,0,0,0,0,0,0,0,0,0,0,0,0,0,0,0,0,0,0,0,0,0,0,0,0
1989,237,3,58,6.631,2,8,0,-1,0,0,1,1,25,0,0,0,1028,0,0,0,0,0,1,1,0,0,0,0.735206939,0,0,0,0,3,1,1,1,100,0,0,0,3,1,1,0.1,3000,0,0,0,0,0,0,0,0,0,0,0,0,0,0,0,0,0,0,0,0,0,0,0,0,0,0,0,0,0,0,0,0,0,0,0,0,0,0,0,0,0,0,0,0,0,0,0,0,0,0,0
1989,237,3,58,29.55,2,8,0,-1,1,0,1,1,25,0,0,0,1028,0,0,0,0,0,1,1,0,0,0,0.763841932,0,0,0,0,3,1,1,1,100,0,0,0,3,1,1,0.1,3000,0,0,0,0,0,0,0,0,0,0,0,0,0,0,0,0,0,0,0,0,0,0,0,0,0,0,0,0,0,0,0,0,0,0,0,0,0,0,0,0,0,0,0,0,0,0,0,0,0,0,0
1989,237,3,59,42.631,2,8,0,-1,0,0,1,1,25,0,0,0,1028,0,0,0,0,0,1,1,0,0,0,0.883329379,0,0,0,0,3,1,1,1,100,0,0,0,3,1,1,0.1,3000,0,0,0,0,0,0,0,0,0,0,0,0,0,0,0,0,0,0,0,0,0,0,0,0,0,0,0,0,0,0,0,0,0,0,0,0,0,0,0,0,0,0,0,0,0,0,0,0,0,0,0
1989,237,4,0,5.551,2,8,0,-1,1,0,1,1,25,0,0,0,1028,0,0,0,0,0,1,1,0,0,0,0.927728708,0,0,0,0,3,1,1,1,100,0,0,0,3,1,1,0.1,3000,0,0,0,0,0,0,0,0,0,0,0,0,0,0,0,0,0,0,0,0,0,0,0,0,0,0,0,0,0,0,0,0,0,0,0,0,0,0,0,0,0,0,0,0,0,0,0,0,0,0,0
1989,237,4,1,18.631,2,8,0,-1,0,0,1,1,25,0,0,0,1028,0,0,0,0,0,1,1,0,0,0,1.084416697,0,0,0,0,3,1,1,1,100,0,0,0,3,1,1,0.1,3000,0,0,0,0,0,0,0,0,0,0,0,0,0,0,0,0,0,0,0,0,0,0,0,0,0,0,0,0,0,0,0,0,0,0,0,0,0,0,0,0,0,0,0,0,0,0,0,0,0,0,0
1989,237,4,1,41.55,2,8,0,-1,1,0,1,1,25,0,0,0,1028,0,0,0,0,0,1,1,0,0,0,1.137159091,0,0,0,0,3,1,1,1,100,0,0,0,3,1,1,0.1,3000,0,0,0,0,0,0,0,0,0,0,0,0,0,0,0,0,0,0,0,0,0,0,0,0,0,0,0,0,0,0,0,0,0,0,0,0,0,0,0,0,0,0,0,0,0,0,0,0,0,0,0
1989,237,4,2,54.631,2,8,0,-1,0,0,1,1,25,0,0,0,1028,0,0,0,0,0,1,1,0,0,0,1.313069137,0,0,0,0,3,1,1,1,100,0,0,0,3,1,1,0.1,3000,0,0,0,0,0,0,0,0,0,0,0,0,0,0,0,0,0,0,0,0,0,0,0,0,0,0,0,0,0,0,0,0,0,0,0,0,0,0,0,0,0,0,0,0,0,0,0,0,0,0,0
1989,237,4,3,17.551,2,8,0,-1,1,0,1,1,25,0,0,0,1028,0,0,0,0,0,1,1,0,0,0,1.370077222,0,0,0,0,3,1,1,1,100,0,0,0,3,1,1,0.1,3000,0,0,0,0,0,0,0,0,0,0,0,0,0,0,0,0,0,0,0,0,0,0,0,0,0,0,0,0,0,0,0,0,0,0,0,0,0,0,0,0,0,0,0,0,0,0,0,0,0,0,0
1989,237,4,6,54.63,2,8,0,-1,0,0,1,1,25,0,0,0,1028,0,0,0,0,0,1,1,0,0,0,1.931636453,0,0,0,0,3,1,1,1,100,0,0,0,3,1,1,0.1,3000,0,0,0,0,0,0,0,0,0,0,0,0,0,0,0,0,0,0,0,0,0,0,0,0,0,0,0,0,0,0,0,0,0,0,0,0,0,0,0,0,0,0,0,0,0,0,0,0,0,0,0
1989,237,4,8,30.629,2,8,0,-1,0,0,1,1,25,0,0,0,1028,0,0,0,0,0,1,1,0,0,0,2.18508245,0,0,0,0,3,1,1,1,100,0,0,0,3,1,1,0.1,3000,0,0,0,0,0,0,0,0,0,0,0,0,0,0,0,0,0,0,0,0,0,0,0,0,0,0,0,0,0,0,0,0,0,0,0,0,0,0,0,0,0,0,0,0,0,0,0,0,0,0,0
1989,237,4,8,53.55,2,8,0,-1,1,0,1,1,25,0,0,0,1028,0,0,0,0,0,1,1,0,0,0,2.245659064,0,0,0,0,3,1,1,1,100,0,0,0,3,1,1,0.1,3000,0,0,0,0,0,0,0,0,0,0,0,0,0,0,0,0,0,0,0,0,0,0,0,0,0,0,0,0,0,0,0,0,0,0,0,0,0,0,0,0,0,0,0,0,0,0,0,0,0,0,0
1989,237,4,10,6.63,2,8,0,-1,0,0,1,1,25,0,0,0,1028,0,0,0,0,0,1,1,0,0,0,2.438642406,0,0,0,0,3,1,1,1,100,0,0,0,3,1,1,0.1,3000,0,0,0,0,0,0,0,0,0,0,0,0,0,0,0,0,0,0,0,0,0,0,0,0,0,0,0,0,0,0,0,0,0,0,0,0,0,0,0,0,0,0,0,0,0,0,0,0,0,0,0
1989,237,4,10,29.549,2,8,0,-1,1,0,1,1,25,0,0,0,1028,0,0,0,0,0,1,1,0,0,0,2.499068029,0,0,0,0,3,1,1,1,100,0,0,0,3,1,1,0.1,3000,0,0,0,0,0,0,0,0,0,0,0,0,0,0,0,0,0,0,0,0,0,0,0,0,0,0,0,0,0,0,0,0,0,0,0,0,0,0,0,0,0,0,0,0,0,0,0,0,0,0,0
1989,237,4,11,42.629,2,8,0,-1,0,0,1,1,25,0,0,0,1028,0,0,0,0,0,1,1,0,0,0,2.691253081,0,0,0,0,3,1,1,1,100,0,0,0,3,1,1,0.1,3000,0,0,0,0,0,0,0,0,0,0,0,0,0,0,0,0,0,0,0,0,0,0,0,0,0,0,0,0,0,0,0,0,0,0,0,0,0,0,0,0,0,0,0,0,0,0,0,0,0,0,0
1989,237,4,12,5.55,2,8,0,-1,1,0,1,1,25,0,0,0,1028,0,0,0,0,0,1,1,0,0,0,2.751347281,0,0,0,0,3,1,1,1,100,0,0,0,3,1,1,0.1,3000,0,0,0,0,0,0,0,0,0,0,0,0,0,0,0,0,0,0,0,0,0,0,0,0,0,0,0,0,0,0,0,0,0,0,0,0,0,0,0,0,0,0,0,0,0,0,0,0,0,0,0
1989,237,4,13,18.63,2,8,0,-1,0,0,1,1,25,0,0,0,1028,0,0,0,0,0,1,1,0,0,0,2.942266487,0,0,0,0,3,1,1,1,100,0,0,0,3,1,1,0.1,3000,0,0,0,0,0,0,0,0,0,0,0,0,0,0,0,0,0,0,0,0,0,0,0,0,0,0,0,0,0,0,0,0,0,0,0,0,0,0,0,0,0,0,0,0,0,0,0,0,0,0,0
1989,237,4,13,41.549,2,8,0,-1,1,0,1,1,25,0,0,0,1028,0,0,0,0,0,1,1,0,0,0,3.001909754,0,0,0,0,3,1,1,1,100,0,0,0,3,1,1,0.1,3000,0,0,0,0,0,0,0,0,0,0,0,0,0,0,0,0,0,0,0,0,0,0,0,0,0,0,0,0,0,0,0,0,0,0,0,0,0,0,0,0,0,0,0,0,0,0,0,0,0,0,0
1989,237,4,14,54.63,2,8,0,-1,0,0,1,1,25,0,0,0,1028,0,0,0,0,0,1,1,0,0,0,3.191279842,0,0,0,0,3,1,1,1,100,0,0,0,3,1,1,0.1,3000,0,0,0,0,0,0,0,0,0,0,0,0,0,0,0,0,0,0,0,0,0,0,0,0,0,0,0,0,0,0,0,0,0,0,0,0,0,0,0,0,0,0,0,0,0,0,0,0,0,0,0
1989,237,4,15,17.55,2,8,0,-1,1,0,1,1,25,0,0,0,1028,0,0,0,0,0,1,1,0,0,0,3.25040784,0,0,0,0,3,1,1,1,100,0,0,0,3,1,1,0.1,3000,0,0,0,0,0,0,0,0,0,0,0,0,0,0,0,0,0,0,0,0,0,0,0,0,0,0,0,0,0,0,0,0,0,0,0,0,0,0,0,0,0,0,0,0,0,0,0,0,0,0,0
1989,237,4,18,54.63,2,8,0,-1,0,0,1,1,25,0,0,0,1028,0,0,0,0,0,1,1,0,0,0,3.803798692,0,0,0,0,3,1,1,1,100,0,0,0,3,1,1,0.1,3000,0,0,0,0,0,0,0,0,0,0,0,0,0,0,0,0,0,0,0,0,0,0,0,0,0,0,0,0,0,0,0,0,0,0,0,0,0,0,0,0,0,0,0,0,0,0,0,0,0,0,0
1989,237,4,19,17.549,2,8,0,-1,1,0,1,1,25,0,0,0,1028,0,0,0,0,0,1,1,0,0,0,3.861512784,0,0,0,0,3,1,1,1,100,0,0,0,3,1,1,0.1,3000,0,0,0,0,0,0,0,0,0,0,0,0,0,0,0,0,0,0,0,0,0,0,0,0,0,0,0,0,0,0,0,0,0,0,0,0,0,0,0,0,0,0,0,0,0,0,0,0,0,0,0
1989,237,4,20,30.629,2,8,0,-1,0,0,1,1,25,0,0,0,1028,0,0,0,0,0,1,1,0,0,0,4.044615999,0,0,0,0,3,1,1,1,100,0,0,0,3,1,1,0.1,3000,0,0,0,0,0,0,0,0,0,0,0,0,0,0,0,0,0,0,0,0,0,0,0,0,0,0,0,0,0,0,0,0,0,0,0,0,0,0,0,0,0,0,0,0,0,0,0,0,0,0,0
1989,237,4,20,53.549,2,8,0,-1,1,0,1,1,25,0,0,0,1028,0,0,0,0,0,1,1,0,0,0,4.101756853,0,0,0,0,3,1,1,1,100,0,0,0,3,1,1,0.1,3000,0,0,0,0,0,0,0,0,0,0,0,0,0,0,0,0,0,0,0,0,0,0,0,0,0,0,0,0,0,0,0,0,0,0,0,0,0,0,0,0,0,0,0,0,0,0,0,0,0,0,0
1989,237,4,22,6.629,2,8,0,-1,0,0,1,1,25,0,0,0,1028,0,0,0,0,0,1,1,0,0,0,4.283046273,0,0,0,0,3,1,1,1,100,0,0,0,3,1,1,0.1,3000,0,0,0,0,0,0,0,0,0,0,0,0,0,0,0,0,0,0,0,0,0,0,0,0,0,0,0,0,0,0,0,0,0,0,0,0,0,0,0,0,0,0,0,0,0,0,0,0,0,0,0
1989,237,4,22,29.549,2,8,0,-1,1,0,1,1,25,0,0,0,1028,0,0,0,0,0,1,1,0,0,0,4.339623132,0,0,0,0,3,1,1,1,100,0,0,0,3,1,1,0.1,3000,0,0,0,0,0,0,0,0,0,0,0,0,0,0,0,0,0,0,0,0,0,0,0,0,0,0,0,0,0,0,0,0,0,0,0,0,0,0,0,0,0,0,0,0,0,0,0,0,0,0,0
1989,237,4,23,42.629,2,8,0,-1,0,0,1,1,25,0,0,0,1028,0,0,0,0,0,1,1,0,0,0,4.519134461,0,0,0,0,3,1,1,1,100,0,0,0,3,1,1,0.1,3000,0,0,0,0,0,0,0,0,0,0,0,0,0,0,0,0,0,0,0,0,0,0,0,0,0,0,0,0,0,0,0,0,0,0,0,0,0,0,0,0,0,0,0,0,0,0,0,0,0,0,0
1989,237,4,24,5.549,2,8,0,-1,1,0,1,1,25,0,0,0,1028,0,0,0,0,0,1,1,0,0,0,4.575162805,0,0,0,0,3,1,1,1,100,0,0,0,3,1,1,0.1,3000,0,0,0,0,0,0,0,0,0,0,0,0,0,0,0,0,0,0,0,0,0,0,0,0,0,0,0,0,0,0,0,0,0,0,0,0,0,0,0,0,0,0,0,0,0,0,0,0,0,0,0
1989,237,4,25,18.629,2,8,0,-1,0,0,1,1,25,0,0,0,1028,0,0,0,0,0,1,1,0,0,0,4.75294952,0,0,0,0,3,1,1,1,100,0,0,0,3,1,1,0.1,3000,0,0,0,0,0,0,0,0,0,0,0,0,0,0,0,0,0,0,0,0,0,0,0,0,0,0,0,0,0,0,0,0,0,0,0,0,0,0,0,0,0,0,0,0,0,0,0,0,0,0,0
1989,237,4,25,41.549,2,8,0,-1,1,0,1,1,25,0,0,0,1028,0,0,0,0,0,1,1,0,0,0,4.808444338,0,0,0,0,3,1,1,1,100,0,0,0,3,1,1,0.1,3000,0,0,0,0,0,0,0,0,0,0,0,0,0,0,0,0,0,0,0,0,0,0,0,0,0,0,0,0,0,0,0,0,0,0,0,0,0,0,0,0,0,0,0,0,0,0,0,0,0,0,0
1989,237,4,26,54.629,2,8,0,-1,0,0,1,1,25,0,0,0,1028,0,0,0,0,0,1,1,0,0,0,4.984564166,0,0,0,0,3,1,1,1,100,0,0,0,3,1,1,0.1,3000,0,0,0,0,0,0,0,0,0,0,0,0,0,0,0,0,0,0,0,0,0,0,0,0,0,0,0,0,0,0,0,0,0,0,0,0,0,0,0,0,0,0,0,0,0,0,0,0,0,0,0
1989,237,4,27,17.549,2,8,0,-1,1,0,1,1,25,0,0,0,1028,0,0,0,0,0,1,1,0,0,0,5.039546002,0,0,0,0,3,1,1,1,100,0,0,0,3,1,1,0.1,3000,0,0,0,0,0,0,0,0,0,0,0,0,0,0,0,0,0,0,0,0,0,0,0,0,0,0,0,0,0,0,0,0,0,0,0,0,0,0,0,0,0,0,0,0,0,0,0,0,0,0,0
1989,237,4,30,54.628,2,8,0,-1,0,0,1,1,25,0,0,0,1028,0,0,0,0,0,1,1,0,0,0,5.554527815,0,0,0,0,3,1,1,1,100,0,0,0,3,1,1,0.1,3000,0,0,0,0,0,0,0,0,0,0,0,0,0,0,0,0,0,0,0,0,0,0,0,0,0,0,0,0,0,0,0,0,0,0,0,0,0,0,0,0,0,0,0,0,0,0,0,0,0,0,0
1989,237,4,31,17.549,2,8,0,-1,1,0,1,1,25,0,0,0,1028,0,0,0,0,0,1,1,0,0,0,5.608316601,0,0,0,0,3,1,1,1,100,0,0,0,3,1,1,0.1,3000,0,0,0,0,0,0,0,0,0,0,0,0,0,0,0,0,0,0,0,0,0,0,0,0,0,0,0,0,0,0,0,0,0,0,0,0,0,0,0,0,0,0,0,0,0,0,0,0,0,0,0
1989,237,4,32,30.628,2,8,0,-1,0,0,1,1,25,0,0,0,1028,0,0,0,0,0,1,1,0,0,0,5.779109671,0,0,0,0,3,1,1,1,100,0,0,0,3,1,1,0.1,3000,0,0,0,0,0,0,0,0,0,0,0,0,0,0,0,0,0,0,0,0,0,0,0,0,0,0,0,0,0,0,0,0,0,0,0,0,0,0,0,0,0,0,0,0,0,0,0,0,0,0,0
1989,237,4,32,53.548,2,8,0,-1,1,0,1,1,25,0,0,0,1028,0,0,0,0,0,1,1,0,0,0,5.832457058,0,0,0,0,3,1,1,1,100,0,0,0,3,1,1,0.1,3000,0,0,0,0,0,0,0,0,0,0,0,0,0,0,0,0,0,0,0,0,0,0,0,0,0,0,0,0,0,0,0,0,0,0,0,0,0,0,0,0,0,0,0,0,0,0,0,0,0,0,0
1989,237,4,34,6.628,2,8,0,-1,0,0,1,1,25,0,0,0,1028,0,0,0,0,0,1,1,0,0,0,6.001875724,0,0,0,0,3,1,1,1,100,0,0,0,3,1,1,0.1,3000,0,0,0,0,0,0,0,0,0,0,0,0,0,0,0,0,0,0,0,0,0,0,0,0,0,0,0,0,0,0,0,0,0,0,0,0,0,0,0,0,0,0,0,0,0,0,0,0,0,0,0
1989,237,4,34,29.548,2,8,0,-1,1,0,1,1,25,0,0,0,1028,0,0,0,0,0,1,1,0,0,0,6.054800394,0,0,0,0,3,1,1,1,100,0,0,0,3,1,1,0.1,3000,0,0,0,0,0,0,0,0,0,0,0,0,0,0,0,0,0,0,0,0,0,0,0,0,0,0,0,0,0,0,0,0,0,0,0,0,0,0,0,0,0,0,0,0,0,0,0,0,0,0,0
1989,237,4,35,42.628,2,8,0,-1,0,0,1,1,25,0,0,0,1028,0,0,0,0,0,1,1,0,0,0,6.222906853,0,0,0,0,3,1,1,1,100,0,0,0,3,1,1,0.1,3000,0,0,0,0,0,0,0,0,0,0,0,0,0,0,0,0,0,0,0,0,0,0,0,0,0,0,0,0,0,0,0,0,0,0,0,0,0,0,0,0,0,0,0,0,0,0,0,0,0,0,0
1989,237,4,36,5.548,2,8,0,-1,1,0,1,1,25,0,0,0,1028,0,0,0,0,0,1,1,0,0,0,6.275430272,0,0,0,0,3,1,1,1,100,0,0,0,3,1,1,0.1,3000,0,0,0,0,0,0,0,0,0,0,0,0,0,0,0,0,0,0,0,0,0,0,0,0,0,0,0,0,0,0,0,0,0,0,0,0,0,0,0,0,0,0,0,0,0,0,0,0,0,0,0
1989,237,4,37,18.628,2,8,0,-1,0,0,1,1,25,0,0,0,1028,0,0,0,0,0,1,1,0,0,0,6.442282096,0,0,0,0,3,1,1,1,100,0,0,0,3,1,1,0.1,3000,0,0,0,0,0,0,0,0,0,0,0,0,0,0,0,0,0,0,0,0,0,0,0,0,0,0,0,0,0,0,0,0,0,0,0,0,0,0,0,0,0,0,0,0,0,0,0,0,0,0,0
1989,237,4,37,41.548,2,8,0,-1,1,0,1,1,25,0,0,0,1028,0,0,0,0,0,1,1,0,0,0,6.494420359,0,0,0,0,3,1,1,1,100,0,0,0,3,1,1,0.1,3000,0,0,0,0,0,0,0,0,0,0,0,0,0,0,0,0,0,0,0,0,0,0,0,0,0,0,0,0,0,0,0,0,0,0,0,0,0,0,0,0,0,0,0,0,0,0,0,0,0,0,0
1989,237,4,38,54.628,2,8,0,-1,0,0,1,1,25,0,0,0,1028,0,0,0,0,0,1,1,0,0,0,6.660077146,0,0,0,0,3,1,1,1,100,0,0,0,3,1,1,0.1,3000,0,0,0,0,0,0,0,0,0,0,0,0,0,0,0,0,0,0,0,0,0,0,0,0,0,0,0,0,0,0,0,0,0,0,0,0,0,0,0,0,0,0,0,0,0,0,0,0,0,0,0
1989,237,4,39,17.548,2,8,0,-1,1,0,1,1,25,0,0,0,1028,0,0,0,0,0,1,1,0,0,0,6.711850081,0,0,0,0,3,1,1,1,100,0,0,0,3,1,1,0.1,3000,0,0,0,0,0,0,0,0,0,0,0,0,0,0,0,0,0,0,0,0,0,0,0,0,0,0,0,0,0,0,0,0,0,0,0,0,0,0,0,0,0,0,0,0,0,0,0,0,0,0,0
1989,237,4,42,54.628,2,8,0,-1,0,0,1,1,25,0,0,0,1028,0,0,0,0,0,1,1,0,0,0,7.198116255,0,0,0,0,3,1,1,1,100,0,0,0,3,1,1,0.1,3000,0,0,0,0,0,0,0,0,0,0,0,0,0,0,0,0,0,0,0,0,0,0,0,0,0,0,0,0,0,0,0,0,0,0,0,0,0,0,0,0,0,0,0,0,0,0,0,0,0,0,0
1989,237,4,43,17.548,2,8,0,-1,1,0,1,1,25,0,0,0,1028,0,0,0,0,0,1,1,0,0,0,7.249044239,0,0,0,0,3,1,1,1,100,0,0,0,3,1,1,0.1,3000,0,0,0,0,0,0,0,0,0,0,0,0,0,0,0,0,0,0,0,0,0,0,0,0,0,0,0,0,0,0,0,0,0,0,0,0,0,0,0,0,0,0,0,0,0,0,0,0,0,0,0
1989,237,4,44,30.627,2,8,0,-1,0,0,1,1,25,0,0,0,1028,0,0,0,0,0,1,1,0,0,0,7.410924472,0,0,0,0,3,1,1,1,100,0,0,0,3,1,1,0.1,3000,0,0,0,0,0,0,0,0,0,0,0,0,0,0,0,0,0,0,0,0,0,0,0,0,0,0,0,0,0,0,0,0,0,0,0,0,0,0,0,0,0,0,0,0,0,0,0,0,0,0,0
1989,237,4,44,53.547,2,8,0,-1,1,0,1,1,25,0,0,0,1028,0,0,0,0,0,1,1,0,0,0,7.461539649,0,0,0,0,3,1,1,1,100,0,0,0,3,1,1,0.1,3000,0,0,0,0,0,0,0,0,0,0,0,0,0,0,0,0,0,0,0,0,0,0,0,0,0,0,0,0,0,0,0,0,0,0,0,0,0,0,0,0,0,0,0,0,0,0,0,0,0,0,0
1989,237,4,46,6.627,2,8,0,-1,0,0,1,1,25,0,0,0,1028,0,0,0,0,0,1,1,0,0,0,7.622449394,0,0,0,0,3,1,1,1,100,0,0,0,3,1,1,0.1,3000,0,0,0,0,0,0,0,0,0,0,0,0,0,0,0,0,0,0,0,0,0,0,0,0,0,0,0,0,0,0,0,0,0,0,0,0,0,0,0,0,0,0,0,0,0,0,0,0,0,0,0
1989,237,4,46,29.547,2,8,0,-1,1,0,1,1,25,0,0,0,1028,0,0,0,0,0,1,1,0,0,0,7.672766677,0,0,0,0,3,1,1,1,100,0,0,0,3,1,1,0.1,3000,0,0,0,0,0,0,0,0,0,0,0,0,0,0,0,0,0,0,0,0,0,0,0,0,0,0,0,0,0,0,0,0,0,0,0,0,0,0,0,0,0,0,0,0,0,0,0,0,0,0,0
1989,237,4,47,42.627,2,8,0,-1,0,0,1,1,25,0,0,0,1028,0,0,0,0,0,1,1,0,0,0,7.832748693,0,0,0,0,3,1,1,1,100,0,0,0,3,1,1,0.1,3000,0,0,0,0,0,0,0,0,0,0,0,0,0,0,0,0,0,0,0,0,0,0,0,0,0,0,0,0,0,0,0,0,0,0,0,0,0,0,0,0,0,0,0,0,0,0,0,0,0,0,0
1989,237,4,48,5.547,2,8,0,-1,1,0,1,1,25,0,0,0,1028,0,0,0,0,0,1,1,0,0,0,7.882782208,0,0,0,0,3,1,1,1,100,0,0,0,3,1,1,0.1,3000,0,0,0,0,0,0,0,0,0,0,0,0,0,0,0,0,0,0,0,0,0,0,0,0,0,0,0,0,0,0,0,0,0,0,0,0,0,0,0,0,0,0,0,0,0,0,0,0,0,0,0
1989,237,4,49,18.627,2,8,0,-1,0,0,1,1,25,0,0,0,1028,0,0,0,0,0,1,1,0,0,0,8.041874697,0,0,0,0,3,1,1,1,100,0,0,0,3,1,1,0.1,3000,0,0,0,0,0,0,0,0,0,0,0,0,0,0,0,0,0,0,0,0,0,0,0,0,0,0,0,0,0,0,0,0,0,0,0,0,0,0,0,0,0,0,0,0,0,0,0,0,0,0,0
1989,237,4,49,41.547,2,8,0,-1,1,0,1,1,25,0,0,0,1028,0,0,0,0,0,1,1,0,0,0,8.091635656,0,0,0,0,3,1,1,1,100,0,0,0,3,1,1,0.1,3000,0,0,0,0,0,0,0,0,0,0,0,0,0,0,0,0,0,0,0,0,0,0,0,0,0,0,0,0,0,0,0,0,0,0,0,0,0,0,0,0,0,0,0,0,0,0,0,0,0,0,0
1989,237,4,50,54.627,2,8,0,-1,0,0,1,1,25,0,0,0,1028,0,0,0,0,0,1,1,0,0,0,8.249877853,0,0,0,0,3,1,1,1,100,0,0,0,3,1,1,0.1,3000,0,0,0,0,0,0,0,0,0,0,0,0,0,0,0,0,0,0,0,0,0,0,0,0,0,0,0,0,0,0,0,0,0,0,0,0,0,0,0,0,0,0,0,0,0,0,0,0,0,0,0
1989,237,4,51,17.547,2,8,0,-1,1,0,1,1,25,0,0,0,1028,0,0,0,0,0,1,1,0,0,0,8.299376798,0,0,0,0,3,1,1,1,100,0,0,0,3,1,1,0.1,3000,0,0,0,0,0,0,0,0,0,0,0,0,0,0,0,0,0,0,0,0,0,0,0,0,0,0,0,0,0,0,0,0,0,0,0,0,0,0,0,0,0,0,0,0,0,0,0,0,0,0,0
1989,237,4,54,54.627,2,8,0,-1,0,0,1,1,25,0,0,0,1028,0,0,0,0,0,1,1,0,0,0,8.765279267,0,0,0,0,3,1,1,1,100,0,0,0,3,1,1,0.1,3000,0,0,0,0,0,0,0,0,0,0,0,0,0,0,0,0,0,0,0,0,0,0,0,0,0,0,0,0,0,0,0,0,0,0,0,0,0,0,0,0,0,0,0,0,0,0,0,0,0,0,0
1989,237,4,55,17.547,2,8,0,-1,1,0,1,1,25,0,0,0,1028,0,0,0,0,0,1,1,0,0,0,8.814172544,0,0,0,0,3,1,1,1,100,0,0,0,3,1,1,0.1,3000,0,0,0,0,0,0,0,0,0,0,0,0,0,0,0,0,0,0,0,0,0,0,0,0,0,0,0,0,0,0,0,0,0,0,0,0,0,0,0,0,0,0,0,0,0,0,0,0,0,0,0
1989,237,4,56,30.627,2,8,0,-1,0,0,1,1,25,0,0,0,1028,0,0,0,0,0,1,1,0,0,0,8.969710348,0,0,0,0,3,1,1,1,100,0,0,0,3,1,1,0.1,3000,0,0,0,0,0,0,0,0,0,0,0,0,0,0,0,0,0,0,0,0,0,0,0,0,0,0,0,0,0,0,0,0,0,0,0,0,0,0,0,0,0,0,0,0,0,0,0,0,0,0,0
1989,237,4,56,53.547,2,8,0,-1,1,0,1,1,25,0,0,0,1028,0,0,0,0,0,1,1,0,0,0,9.018379544,0,0,0,0,3,1,1,1,100,0,0,0,3,1,1,0.1,3000,0,0,0,0,0,0,0,0,0,0,0,0,0,0,0,0,0,0,0,0,0,0,0,0,0,0,0,0,0,0,0,0,0,0,0,0,0,0,0,0,0,0,0,0,0,0,0,0,0,0,0
1989,237,4,58,6.626,2,8,0,-1,0,0,1,1,25,0,0,0,1028,0,0,0,0,0,1,1,0,0,0,9.173211829,0,0,0,0,3,1,1,1,100,0,0,0,3,1,1,0.1,3000,0,0,0,0,0,0,0,0,0,0,0,0,0,0,0,0,0,0,0,0,0,0,0,0,0,0,0,0,0,0,0,0,0,0,0,0,0,0,0,0,0,0,0,0,0,0,0,0,0,0,0
1989,237,4,58,29.547,2,8,0,-1,1,0,1,1,25,0,0,0,1028,0,0,0,0,0,1,1,0,0,0,9.221664859,0,0,0,0,3,1,1,1,100,0,0,0,3,1,1,0.1,3000,0,0,0,0,0,0,0,0,0,0,0,0,0,0,0,0,0,0,0,0,0,0,0,0,0,0,0,0,0,0,0,0,0,0,0,0,0,0,0,0,0,0,0,0,0,0,0,0,0,0,0
1989,237,4,59,42.626,2,8,0,-1,0,0,1,1,25,0,0,0,1028,0,0,0,0,0,1,1,0,0,0,9.375821597,0,0,0,0,3,1,1,1,100,0,0,0,3,1,1,0.1,3000,0,0,0,0,0,0,0,0,0,0,0,0,0,0,0,0,0,0,0,0,0,0,0,0,0,0,0,0,0,0,0,0,0,0,0,0,0,0,0,0,0,0,0,0,0,0,0,0,0,0,0
1989,237,5,0,5.546,2,8,0,-1,1,0,1,1,25,0,0,0,1028,0,0,0,0,0,1,1,0,0,0,9.424066949,0,0,0,0,3,1,1,1,100,0,0,0,3,1,1,0.1,3000,0,0,0,0,0,0,0,0,0,0,0,0,0,0,0,0,0,0,0,0,0,0,0,0,0,0,0,0,0,0,0,0,0,0,0,0,0,0,0,0,0,0,0,0,0,0,0,0,0,0,0
1989,237,5,1,18.626,2,8,0,-1,0,0,1,1,25,0,0,0,1028,0,0,0,0,0,1,1,0,0,0,9.57757551,0,0,0,0,3,1,1,1,100,0,0,0,3,1,1,0.1,3000,0,0,0,0,0,0,0,0,0,0,0,0,0,0,0,0,0,0,0,0,0,0,0,0,0,0,0,0,0,0,0,0,0,0,0,0,0,0,0,0,0,0,0,0,0,0,0,0,0,0,0
1989,237,5,1,41.546,2,8,0,-1,1,0,1,1,25,0,0,0,1028,0,0,0,0,0,1,1,0,0,0,9.625621211,0,0,0,0,3,1,1,1,100,0,0,0,3,1,1,0.1,3000,0,0,0,0,0,0,0,0,0,0,0,0,0,0,0,0,0,0,0,0,0,0,0,0,0,0,0,0,0,0,0,0,0,0,0,0,0,0,0,0,0,0,0,0,0,0,0,0,0,0,0
1989,237,5,2,54.626,2,8,0,-1,0,0,1,1,25,0,0,0,1028,0,0,0,0,0,1,1,0,0,0,9.778505439,0,0,0,0,3,1,1,1,100,0,0,0,3,1,1,0.1,3000,0,0,0,0,0,0,0,0,0,0,0,0,0,0,0,0,0,0,0,0,0,0,0,0,0,0,0,0,0,0,0,0,0,0,0,0,0,0,0,0,0,0,0,0,0,0,0,0,0,0,0
1989,237,5,3,17.546,2,8,0,-1,1,0,1,1,25,0,0,0,1028,0,0,0,0,0,1,1,0,0,0,9.826359088,0,0,0,0,3,1,1,1,100,0,0,0,3,1,1,0.1,3000,0,0,0,0,0,0,0,0,0,0,0,0,0,0,0,0,0,0,0,0,0,0,0,0,0,0,0,0,0,0,0,0,0,0,0,0,0,0,0,0,0,0,0,0,0,0,0,0,0,0,0
1989,237,5,6,54.626,2,8,0,-1,0,0,1,1,25,0,0,0,1028,0,0,0,0,0,1,1,0,0,0,10.27742584,0,0,0,0,3,1,1,1,100,0,0,0,3,1,1,0.1,3000,0,0,0,0,0,0,0,0,0,0,0,0,0,0,0,0,0,0,0,0,0,0,0,0,0,0,0,0,0,0,0,0,0,0,0,0,0,0,0,0,0,0,0,0,0,0,0,0,0,0,0
1989,237,5,7,17.546,2,8,0,-1,1,0,1,1,25,0,0,0,1028,0,0,0,0,0,1,1,0,0,0,10.32483001,0,0,0,0,3,1,1,1,100,0,0,0,3,1,1,0.1,3000,0,0,0,0,0,0,0,0,0,0,0,0,0,0,0,0,0,0,0,0,0,0,0,0,0,0,0,0,0,0,0,0,0,0,0,0,0,0,0,0,0,0,0,0,0,0,0,0,0,0,0
1989,237,5,8,30.626,2,8,0,-1,0,0,1,1,25,0,0,0,1028,0,0,0,0,0,1,1,0,0,0,10.4757067,0,0,0,0,3,1,1,1,100,0,0,0,3,1,1,0.1,3000,0,0,0,0,0,0,0,0,0,0,0,0,0,0,0,0,0,0,0,0,0,0,0,0,0,0,0,0,0,0,0,0,0,0,0,0,0,0,0,0,0,0,0,0,0,0,0,0,0,0,0
1989,237,5,8,53.546,2,8,0,-1,1,0,1,1,25,0,0,0,1028,0,0,0,0,0,1,1,0,0,0,10.52294239,0,0,0,0,3,1,1,1,100,0,0,0,3,1,1,0.1,3000,0,0,0,0,0,0,0,0,0,0,0,0,0,0,0,0,0,0,0,0,0,0,0,0,0,0,0,0,0,0,0,0,0,0,0,0,0,0,0,0,0,0,0,0,0,0,0,0,0,0,0
1989,237,5,10,6.626,2,8,0,-1,0,0,1,1,25,0,0,0,1028,0,0,0,0,0,1,1,0,0,0,10.67329151,0,0,0,0,3,1,1,1,100,0,0,0,3,1,1,0.1,3000,0,0,0,0,0,0,0,0,0,0,0,0,0,0,0,0,0,0,0,0,0,0,0,0,0,0,0,0,0,0,0,0,0,0,0,0,0,0,0,0,0,0,0,0,0,0,0,0,0,0,0
1989,237,5,10,29.546,2,8,0,-1,1,0,1,1,25,0,0,0,1028,0,0,0,0,0,1,1,0,0,0,10.72036469,0,0,0,0,3,1,1,1,100,0,0,0,3,1,1,0.1,3000,0,0,0,0,0,0,0,0,0,0,0,0,0,0,0,0,0,0,0,0,0,0,0,0,0,0,0,0,0,0,0,0,0,0,0,0,0,0,0,0,0,0,0,0,0,0,0,0,0,0,0
1989,237,5,11,42.624,2,8,0,-1,0,0,1,1,25,0,0,0,1028,0,0,0,0,0,1,1,0,0,0,10.87020172,0,0,0,0,3,1,1,1,100,0,0,0,3,1,1,0.1,3000,0,0,0,0,0,0,0,0,0,0,0,0,0,0,0,0,0,0,0,0,0,0,0,0,0,0,0,0,0,0,0,0,0,0,0,0,0,0,0,0,0,0,0,0,0,0,0,0,0,0,0
1989,237,5,12,5.544,2,8,0,-1,1,0,1,1,25,0,0,0,1028,0,0,0,0,0,1,1,0,0,0,10.91711704,0,0,0,0,3,1,1,1,100,0,0,0,3,1,1,0.1,3000,0,0,0,0,0,0,0,0,0,0,0,0,0,0,0,0,0,0,0,0,0,0,0,0,0,0,0,0,0,0,0,0,0,0,0,0,0,0,0,0,0,0,0,0,0,0,0,0,0,0,0
1989,237,5,13,18.625,2,8,0,-1,0,0,1,1,25,0,0,0,1028,0,0,0,0,0,1,1,0,0,0,11.0664678,0,0,0,0,3,1,1,1,100,0,0,0,3,1,1,0.1,3000,0,0,0,0,0,0,0,0,0,0,0,0,0,0,0,0,0,0,0,0,0,0,0,0,0,0,0,0,0,0,0,0,0,0,0,0,0,0,0,0,0,0,0,0,0,0,0,0,0,0,0
1989,237,5,13,41.545,2,8,0,-1,1,0,1,1,25,0,0,0,1028,0,0,0,0,0,1,1,0,0,0,11.11323269,0,0,0,0,3,1,1,1,100,0,0,0,3,1,1,0.1,3000,0,0,0,0,0,0,0,0,0,0,0,0,0,0,0,0,0,0,0,0,0,0,0,0,0,0,0,0,0,0,0,0,0,0,0,0,0,0,0,0,0,0,0,0,0,0,0,0,0,0,0
1989,237,5,14,54.625,2,8,0,-1,0,0,1,1,25,0,0,0,1028,0,0,0,0,0,1,1,0,0,0,11.26210675,0,0,0,0,3,1,1,1,100,0,0,0,3,1,1,0.1,3000,0,0,0,0,0,0,0,0,0,0,0,0,0,0,0,0,0,0,0,0,0,0,0,0,0,0,0,0,0,0,0,0,0,0,0,0,0,0,0,0,0,0,0,0,0,0,0,0,0,0,0
1989,237,5,15,17.545,2,8,0,-1,1,0,1,1,25,0,0,0,1028,0,0,0,0,0,1,1,0,0,0,11.30872531,0,0,0,0,3,1,1,1,100,0,0,0,3,1,1,0.1,3000,0,0,0,0,0,0,0,0,0,0,0,0,0,0,0,0,0,0,0,0,0,0,0,0,0,0,0,0,0,0,0,0,0,0,0,0,0,0,0,0,0,0,0,0,0,0,0,0,0,0,0
1989,237,5,18,54.625,2,8,0,-1,0,0,1,1,25,0,0,0,1028,0,0,0,0,0,1,1,0,0,0,11.74860059,0,0,0,0,3,1,1,1,100,0,0,0,3,1,1,0.1,3000,0,0,0,0,0,0,0,0,0,0,0,0,0,0,0,0,0,0,0,0,0,0,0,0,0,0,0,0,0,0,0,0,0,0,0,0,0,0,0,0,0,0,0,0,0,0,0,0,0,0,0
1989,237,5,19,17.545,2,8,0,-1,1,0,1,1,25,0,0,0,1028,0,0,0,0,0,1,1,0,0,0,11.79487414,0,0,0,0,3,1,1,1,100,0,0,0,3,1,1,0.1,3000,0,0,0,0,0,0,0,0,0,0,0,0,0,0,0,0,0,0,0,0,0,0,0,0,0,0,0,0,0,0,0,0,0,0,0,0,0,0,0,0,0,0,0,0,0,0,0,0,0,0,0
1989,237,5,20,30.625,2,8,0,-1,0,0,1,1,25,0,0,0,1028,0,0,0,0,0,1,1,0,0,0,11.94220745,0,0,0,0,3,1,1,1,100,0,0,0,3,1,1,0.1,3000,0,0,0,0,0,0,0,0,0,0,0,0,0,0,0,0,0,0,0,0,0,0,0,0,0,0,0,0,0,0,0,0,0,0,0,0,0,0,0,0,0,0,0,0,0,0,0,0,0,0,0
1989,237,5,20,53.545,2,8,0,-1,1,0,1,1,25,0,0,0,1028,0,0,0,0,0,1,1,0,0,0,11.98835073,0,0,0,0,3,1,1,1,100,0,0,0,3,1,1,0.1,3000,0,0,0,0,0,0,0,0,0,0,0,0,0,0,0,0,0,0,0,0,0,0,0,0,0,0,0,0,0,0,0,0,0,0,0,0,0,0,0,0,0,0,0,0,0,0,0,0,0,0,0
1989,237,5,22,6.625,2,8,0,-1,0,0,1,1,25,0,0,0,1028,0,0,0,0,0,1,1,0,0,0,12.13527532,0,0,0,0,3,1,1,1,100,0,0,0,3,1,1,0.1,3000,0,0,0,0,0,0,0,0,0,0,0,0,0,0,0,0,0,0,0,0,0,0,0,0,0,0,0,0,0,0,0,0,0,0,0,0,0,0,0,0,0,0,0,0,0,0,0,0,0,0,0
1989,237,5,22,29.545,2,8,0,-1,1,0,1,1,25,0,0,0,1028,0,0,0,0,0,1,1,0,0,0,12.18129245,0,0,0,0,3,1,1,1,100,0,0,0,3,1,1,0.1,3000,0,0,0,0,0,0,0,0,0,0,0,0,0,0,0,0,0,0,0,0,0,0,0,0,0,0,0,0,0,0,0,0,0,0,0,0,0,0,0,0,0,0,0,0,0,0,0,0,0,0,0
1989,237,5,23,42.624,2,8,0,-1,0,0,1,1,25,0,0,0,1028,0,0,0,0,0,1,1,0,0,0,12.32782013,0,0,0,0,3,1,1,1,100,0,0,0,3,1,1,0.1,3000,0,0,0,0,0,0,0,0,0,0,0,0,0,0,0,0,0,0,0,0,0,0,0,0,0,0,0,0,0,0,0,0,0,0,0,0,0,0,0,0,0,0,0,0,0,0,0,0,0,0,0
1989,237,5,24,5.544,2,8,0,-1,1,0,1,1,25,0,0,0,1028,0,0,0,0,0,1,1,0,0,0,12.37371504,0,0,0,0,3,1,1,1,100,0,0,0,3,1,1,0.1,3000,0,0,0,0,0,0,0,0,0,0,0,0,0,0,0,0,0,0,0,0,0,0,0,0,0,0,0,0,0,0,0,0,0,0,0,0,0,0,0,0,0,0,0,0,0,0,0,0,0,0,0
1989,237,5,25,18.624,2,8,0,-1,0,0,1,1,25,0,0,0,1028,0,0,0,0,0,1,1,0,0,0,12.51985905,0,0,0,0,3,1,1,1,100,0,0,0,3,1,1,0.1,3000,0,0,0,0,0,0,0,0,0,0,0,0,0,0,0,0,0,0,0,0,0,0,0,0,0,0,0,0,0,0,0,0,0,0,0,0,0,0,0,0,0,0,0,0,0,0,0,0,0,0,0
1989,237,5,25,41.544,2,8,0,-1,1,0,1,1,25,0,0,0,1028,0,0,0,0,0,1,1,0,0,0,12.56563549,0,0,0,0,3,1,1,1,100,0,0,0,3,1,1,0.1,3000,0,0,0,0,0,0,0,0,0,0,0,0,0,0,0,0,0,0,0,0,0,0,0,0,0,0,0,0,0,0,0,0,0,0,0,0,0,0,0,0,0,0,0,0,0,0,0,0,0,0,0
1989,237,5,26,54.624,2,8,0,-1,0,0,1,1,25,0,0,0,1028,0,0,0,0,0,1,1,0,0,0,12.7114085,0,0,0,0,3,1,1,1,100,0,0,0,3,1,1,0.1,3000,0,0,0,0,0,0,0,0,0,0,0,0,0,0,0,0,0,0,0,0,0,0,0,0,0,0,0,0,0,0,0,0,0,0,0,0,0,0,0,0,0,0,0,0,0,0,0,0,0,0,0
1989,237,5,27,17.544,2,8,0,-1,1,0,1,1,25,0,0,0,1028,0,0,0,0,0,1,1,0,0,0,12.75706905,0,0,0,0,3,1,1,1,100,0,0,0,3,1,1,0.1,3000,0,0,0,0,0,0,0,0,0,0,0,0,0,0,0,0,0,0,0,0,0,0,0,0,0,0,0,0,0,0,0,0,0,0,0,0,0,0,0,0,0,0,0,0,0,0,0,0,0,0,0
1989,237,5,30,54.624,2,8,0,-1,0,0,1,1,25,0,0,0,1028,0,0,0,0,0,1,1,0,0,0,13.18823153,0,0,0,0,3,1,1,1,100,0,0,0,3,1,1,0.1,3000,0,0,0,0,0,0,0,0,0,0,0,0,0,0,0,0,0,0,0,0,0,0,0,0,0,0,0,0,0,0,0,0,0,0,0,0,0,0,0,0,0,0,0,0,0,0,0,0,0,0,0
1989,237,5,31,17.544,2,8,0,-1,1,0,1,1,25,0,0,0,1028,0,0,0,0,0,1,1,0,0,0,13.23362049,0,0,0,0,3,1,1,1,100,0,0,0,3,1,1,0.1,3000,0,0,0,0,0,0,0,0,0,0,0,0,0,0,0,0,0,0,0,0,0,0,0,0,0,0,0,0,0,0,0,0,0,0,0,0,0,0,0,0,0,0,0,0,0,0,0,0,0,0,0
1989,237,5,32,30.623,2,8,0,-1,0,0,1,1,25,0,0,0,1028,0,0,0,0,0,1,1,0,0,0,13.37817433,0,0,0,0,3,1,1,1,100,0,0,0,3,1,1,0.1,3000,0,0,0,0,0,0,0,0,0,0,0,0,0,0,0,0,0,0,0,0,0,0,0,0,0,0,0,0,0,0,0,0,0,0,0,0,0,0,0,0,0,0,0,0,0,0,0,0,0,0,0
1989,237,5,32,53.544,2,8,0,-1,1,0,1,1,25,0,0,0,1028,0,0,0,0,0,1,1,0,0,0,13.42346173,0,0,0,0,3,1,1,1,100,0,0,0,3,1,1,0.1,3000,0,0,0,0,0,0,0,0,0,0,0,0,0,0,0,0,0,0,0,0,0,0,0,0,0,0,0,0,0,0,0,0,0,0,0,0,0,0,0,0,0,0,0,0,0,0,0,0,0,0,0
1989,237,5,34,6.623,2,8,0,-1,0,0,1,1,25,0,0,0,1028,0,0,0,0,0,1,1,0,0,0,13.56769014,0,0,0,0,3,1,1,1,100,0,0,0,3,1,1,0.1,3000,0,0,0,0,0,0,0,0,0,0,0,0,0,0,0,0,0,0,0,0,0,0,0,0,0,0,0,0,0,0,0,0,0,0,0,0,0,0,0,0,0,0,0,0,0,0,0,0,0,0,0
1989,237,5,34,29.543,2,8,0,-1,1,0,1,1,25,0,0,0,1028,0,0,0,0,0,1,1,0,0,0,13.61287495,0,0,0,0,3,1,1,1,100,0,0,0,3,1,1,0.1,3000,0,0,0,0,0,0,0,0,0,0,0,0,0,0,0,0,0,0,0,0,0,0,0,0,0,0,0,0,0,0,0,0,0,0,0,0,0,0,0,0,0,0,0,0,0,0,0,0,0,0,0
1989,237,5,35,42.623,2,8,0,-1,0,0,1,1,25,0,0,0,1028,0,0,0,0,0,1,1,0,0,0,13.75679006,0,0,0,0,3,1,1,1,100,0,0,0,3,1,1,0.1,3000,0,0,0,0,0,0,0,0,0,0,0,0,0,0,0,0,0,0,0,0,0,0,0,0,0,0,0,0,0,0,0,0,0,0,0,0,0,0,0,0,0,0,0,0,0,0,0,0,0,0,0
1989,237,5,36,5.544,2,8,0,-1,1,0,1,1,25,0,0,0,1028,0,0,0,0,0,1,1,0,0,0,13.80187806,0,0,0,0,3,1,1,1,100,0,0,0,3,1,1,0.1,3000,0,0,0,0,0,0,0,0,0,0,0,0,0,0,0,0,0,0,0,0,0,0,0,0,0,0,0,0,0,0,0,0,0,0,0,0,0,0,0,0,0,0,0,0,0,0,0,0,0,0,0
1989,237,5,37,18.623,2,8,0,-1,0,0,1,1,25,0,0,0,1028,0,0,0,0,0,1,1,0,0,0,13.94548176,0,0,0,0,3,1,1,1,100,0,0,0,3,1,1,0.1,3000,0,0,0,0,0,0,0,0,0,0,0,0,0,0,0,0,0,0,0,0,0,0,0,0,0,0,0,0,0,0,0,0,0,0,0,0,0,0,0,0,0,0,0,0,0,0,0,0,0,0,0
1989,237,5,37,41.542,2,8,0,-1,1,0,1,1,25,0,0,0,1028,0,0,0,0,0,1,1,0,0,0,13.9904727,0,0,0,0,3,1,1,1,100,0,0,0,3,1,1,0.1,3000,0,0,0,0,0,0,0,0,0,0,0,0,0,0,0,0,0,0,0,0,0,0,0,0,0,0,0,0,0,0,0,0,0,0,0,0,0,0,0,0,0,0,0,0,0,0,0,0,0,0,0
1989,237,5,38,54.622,2,8,0,-1,0,0,1,1,25,0,0,0,1028,0,0,0,0,0,1,1,0,0,0,14.13378128,0,0,0,0,3,1,1,1,100,0,0,0,3,1,1,0.1,3000,0,0,0,0,0,0,0,0,0,0,0,0,0,0,0,0,0,0,0,0,0,0,0,0,0,0,0,0,0,0,0,0,0,0,0,0,0,0,0,0,0,0,0,0,0,0,0,0,0,0,0
1989,237,5,39,17.543,2,8,0,-1,1,0,1,1,25,0,0,0,1028,0,0,0,0,0,1,1,0,0,0,14.17868168,0,0,0,0,3,1,1,1,100,0,0,0,3,1,1,0.1,3000,0,0,0,0,0,0,0,0,0,0,0,0,0,0,0,0,0,0,0,0,0,0,0,0,0,0,0,0,0,0,0,0,0,0,0,0,0,0,0,0,0,0,0,0,0,0,0,0,0,0,0
1989,237,5,42,54.623,2,8,0,-1,0,0,1,1,25,0,0,0,1028,0,0,0,0,0,1,1,0,0,0,14.60287571,0,0,0,0,3,1,1,1,100,0,0,0,3,1,1,0.1,3000,0,0,0,0,0,0,0,0,0,0,0,0,0,0,0,0,0,0,0,0,0,0,0,0,0,0,0,0,0,0,0,0,0,0,0,0,0,0,0,0,0,0,0,0,0,0,0,0,0,0,0
1989,237,5,43,17.543,2,8,0,-1,1,0,1,1,25,0,0,0,1028,0,0,0,0,0,1,1,0,0,0,14.64755452,0,0,0,0,3,1,1,1,100,0,0,0,3,1,1,0.1,3000,0,0,0,0,0,0,0,0,0,0,0,0,0,0,0,0,0,0,0,0,0,0,0,0,0,0,0,0,0,0,0,0,0,0,0,0,0,0,0,0,0,0,0,0,0,0,0,0,0,0,0
1989,237,5,44,30.623,2,8,0,-1,0,0,1,1,25,0,0,0,1028,0,0,0,0,0,1,1,0,0,0,14.78987707,0,0,0,0,3,1,1,1,100,0,0,0,3,1,1,0.1,3000,0,0,0,0,0,0,0,0,0,0,0,0,0,0,0,0,0,0,0,0,0,0,0,0,0,0,0,0,0,0,0,0,0,0,0,0,0,0,0,0,0,0,0,0,0,0,0,0,0,0,0
1989,237,5,44,53.543,2,8,0,-1,1,0,1,1,25,0,0,0,1028,0,0,0,0,0,1,1,0,0,0,14.83447068,0,0,0,0,3,1,1,1,100,0,0,0,3,1,1,0.1,3000,0,0,0,0,0,0,0,0,0,0,0,0,0,0,0,0,0,0,0,0,0,0,0,0,0,0,0,0,0,0,0,0,0,0,0,0,0,0,0,0,0,0,0,0,0,0,0,0,0,0,0
1989,237,5,46,6.623,2,8,0,-1,0,0,1,1,25,0,0,0,1028,0,0,0,0,0,1,1,0,0,0,14.97652912,0,0,0,0,3,1,1,1,100,0,0,0,3,1,1,0.1,3000,0,0,0,0,0,0,0,0,0,0,0,0,0,0,0,0,0,0,0,0,0,0,0,0,0,0,0,0,0,0,0,0,0,0,0,0,0,0,0,0,0,0,0,0,0,0,0,0,0,0,0
1989,237,5,46,29.543,2,8,0,-1,1,0,1,1,25,0,0,0,1028,0,0,0,0,0,1,1,0,0,0,15.02104067,0,0,0,0,3,1,1,1,100,0,0,0,3,1,1,0.1,3000,0,0,0,0,0,0,0,0,0,0,0,0,0,0,0,0,0,0,0,0,0,0,0,0,0,0,0,0,0,0,0,0,0,0,0,0,0,0,0,0,0,0,0,0,0,0,0,0,0,0,0
1989,237,5,47,42.623,2,8,0,-1,0,0,1,1,25,0,0,0,1028,0,0,0,0,0,1,1,0,0,0,15.16284079,0,0,0,0,3,1,1,1,100,0,0,0,3,1,1,0.1,3000,0,0,0,0,0,0,0,0,0,0,0,0,0,0,0,0,0,0,0,0,0,0,0,0,0,0,0,0,0,0,0,0,0,0,0,0,0,0,0,0,0,0,0,0,0,0,0,0,0,0,0
1989,237,5,48,5.543,2,8,0,-1,1,0,1,1,25,0,0,0,1028,0,0,0,0,0,1,1,0,0,0,15.20727332,0,0,0,0,3,1,1,1,100,0,0,0,3,1,1,0.1,3000,0,0,0,0,0,0,0,0,0,0,0,0,0,0,0,0,0,0,0,0,0,0,0,0,0,0,0,0,0,0,0,0,0,0,0,0,0,0,0,0,0,0,0,0,0,0,0,0,0,0,0
1989,237,5,49,18.623,2,8,0,-1,0,0,1,1,25,0,0,0,1028,0,0,0,0,0,1,1,0,0,0,15.34881969,0,0,0,0,3,1,1,1,100,0,0,0,3,1,1,0.1,3000,0,0,0,0,0,0,0,0,0,0,0,0,0,0,0,0,0,0,0,0,0,0,0,0,0,0,0,0,0,0,0,0,0,0,0,0,0,0,0,0,0,0,0,0,0,0,0,0,0,0,0
1989,237,5,49,41.541,2,8,0,-1,1,0,1,1,25,0,0,0,1028,0,0,0,0,0,1,1,0,0,0,15.3931723,0,0,0,0,3,1,1,1,100,0,0,0,3,1,1,0.1,3000,0,0,0,0,0,0,0,0,0,0,0,0,0,0,0,0,0,0,0,0,0,0,0,0,0,0,0,0,0,0,0,0,0,0,0,0,0,0,0,0,0,0,0,0,0,0,0,0,0,0,0
1989,237,5,50,54.622,2,8,0,-1,0,0,1,1,25,0,0,0,1028,0,0,0,0,0,1,1,0,0,0,15.53447506,0,0,0,0,3,1,1,1,100,0,0,0,3,1,1,0.1,3000,0,0,0,0,0,0,0,0,0,0,0,0,0,0,0,0,0,0,0,0,0,0,0,0,0,0,0,0,0,0,0,0,0,0,0,0,0,0,0,0,0,0,0,0,0,0,0,0,0,0,0
1989,237,5,51,17.542,2,8,0,-1,1,0,1,1,25,0,0,0,1028,0,0,0,0,0,1,1,0,0,0,15.57875355,0,0,0,0,3,1,1,1,100,0,0,0,3,1,1,0.1,3000,0,0,0,0,0,0,0,0,0,0,0,0,0,0,0,0,0,0,0,0,0,0,0,0,0,0,0,0,0,0,0,0,0,0,0,0,0,0,0,0,0,0,0,0,0,0,0,0,0,0,0
1989,237,5,54,54.622,2,8,0,-1,0,0,1,1,25,0,0,0,1028,0,0,0,0,0,1,1,0,0,0,15.99725198,0,0,0,0,3,1,1,1,100,0,0,0,3,1,1,0.1,3000,0,0,0,0,0,0,0,0,0,0,0,0,0,0,0,0,0,0,0,0,0,0,0,0,0,0,0,0,0,0,0,0,0,0,0,0,0,0,0,0,0,0,0,0,0,0,0,0,0,0,0
1989,237,5,55,17.541,2,8,0,-1,1,0,1,1,25,0,0,0,1028,0,0,0,0,0,1,1,0,0,0,16.04134736,0,0,0,0,3,1,1,1,100,0,0,0,3,1,1,0.1,3000,0,0,0,0,0,0,0,0,0,0,0,0,0,0,0,0,0,0,0,0,0,0,0,0,0,0,0,0,0,0,0,0,0,0,0,0,0,0,0,0,0,0,0,0,0,0,0,0,0,0,0
1989,237,5,56,30.622,2,8,0,-1,0,0,1,1,25,0,0,0,1028,0,0,0,0,0,1,1,0,0,0,16.18183678,0,0,0,0,3,1,1,1,100,0,0,0,3,1,1,0.1,3000,0,0,0,0,0,0,0,0,0,0,0,0,0,0,0,0,0,0,0,0,0,0,0,0,0,0,0,0,0,0,0,0,0,0,0,0,0,0,0,0,0,0,0,0,0,0,0,0,0,0,0
1989,237,5,56,53.541,2,8,0,-1,1,0,1,1,25,0,0,0,1028,0,0,0,0,0,1,1,0,0,0,16.22586231,0,0,0,0,3,1,1,1,100,0,0,0,3,1,1,0.1,3000,0,0,0,0,0,0,0,0,0,0,0,0,0,0,0,0,0,0,0,0,0,0,0,0,0,0,0,0,0,0,0,0,0,0,0,0,0,0,0,0,0,0,0,0,0,0,0,0,0,0,0
1989,237,5,58,6.622,2,8,0,-1,0,0,1,1,25,0,0,0,1028,0,0,0,0,0,1,1,0,0,0,16.36613167,0,0,0,0,3,1,1,1,100,0,0,0,3,1,1,0.1,3000,0,0,0,0,0,0,0,0,0,0,0,0,0,0,0,0,0,0,0,0,0,0,0,0,0,0,0,0,0,0,0,0,0,0,0,0,0,0,0,0,0,0,0,0,0,0,0,0,0,0,0
1989,237,5,58,29.541,2,8,0,-1,1,0,1,1,25,0,0,0,1028,0,0,0,0,0,1,1,0,0,0,16.41008899,0,0,0,0,3,1,1,1,100,0,0,0,3,1,1,0.1,3000,0,0,0,0,0,0,0,0,0,0,0,0,0,0,0,0,0,0,0,0,0,0,0,0,0,0,0,0,0,0,0,0,0,0,0,0,0,0,0,0,0,0,0,0,0,0,0,0,0,0,0
1989,237,5,59,42.622,2,8,0,-1,0,0,1,1,25,0,0,0,1028,0,0,0,0,0,1,1,0,0,0,16.55014341,0,0,0,0,3,1,1,1,100,0,0,0,3,1,1,0.1,3000,0,0,0,0,0,0,0,0,0,0,0,0,0,0,0,0,0,0,0,0,0,0,0,0,0,0,0,0,0,0,0,0,0,0,0,0,0,0,0,0,0,0,0,0,0,0,0,0,0,0,0
1989,237,6,0,5.542,2,8,0,-1,1,0,1,1,25,0,0,0,1028,0,0,0,0,0,1,1,0,0,0,16.59403507,0,0,0,0,3,1,1,1,100,0,0,0,3,1,1,0.1,3000,0,0,0,0,0,0,0,0,0,0,0,0,0,0,0,0,0,0,0,0,0,0,0,0,0,0,0,0,0,0,0,0,0,0,0,0,0,0,0,0,0,0,0,0,0,0,0,0,0,0,0
1989,237,6,1,18.622,2,8,0,-1,0,0,1,1,25,0,0,0,1028,0,0,0,0,0,1,1,0,0,0,16.73387852,0,0,0,0,3,1,1,1,100,0,0,0,3,1,1,0.1,3000,0,0,0,0,0,0,0,0,0,0,0,0,0,0,0,0,0,0,0,0,0,0,0,0,0,0,0,0,0,0,0,0,0,0,0,0,0,0,0,0,0,0,0,0,0,0,0,0,0,0,0
1989,237,6,1,41.541,2,8,0,-1,1,0,1,1,25,0,0,0,1028,0,0,0,0,0,1,1,0,0,0,16.77770316,0,0,0,0,3,1,1,1,100,0,0,0,3,1,1,0.1,3000,0,0,0,0,0,0,0,0,0,0,0,0,0,0,0,0,0,0,0,0,0,0,0,0,0,0,0,0,0,0,0,0,0,0,0,0,0,0,0,0,0,0,0,0,0,0,0,0,0,0,0
1989,237,6,2,54.621,2,8,0,-1,0,0,1,1,25,0,0,0,1028,0,0,0,0,0,1,1,0,0,0,16.9173414,0,0,0,0,3,1,1,1,100,0,0,0,3,1,1,0.1,3000,0,0,0,0,0,0,0,0,0,0,0,0,0,0,0,0,0,0,0,0,0,0,0,0,0,0,0,0,0,0,0,0,0,0,0,0,0,0,0,0,0,0,0,0,0,0,0,0,0,0,0
1989,237,6,3,17.54,2,8,0,-1,1,0,1,1,25,0,0,0,1028,0,0,0,0,0,1,1,0,0,0,16.96110337,0,0,0,0,3,1,1,1,100,0,0,0,3,1,1,0.1,3000,0,0,0,0,0,0,0,0,0,0,0,0,0,0,0,0,0,0,0,0,0,0,0,0,0,0,0,0,0,0,0,0,0,0,0,0,0,0,0,0,0,0,0,0,0,0,0,0,0,0,0
1989,237,6,6,54.621,2,8,0,-1,0,0,1,1,25,0,0,0,1028,0,0,0,0,0,1,1,0,0,0,17.37486014,0,0,0,0,3,1,1,1,100,0,0,0,3,1,1,0.1,3000,0,0,0,0,0,0,0,0,0,0,0,0,0,0,0,0,0,0,0,0,0,0,0,0,0,0,0,0,0,0,0,0,0,0,0,0,0,0,0,0,0,0,0,0,0,0,0,0,0,0,0
1989,237,6,7,17.54,2,8,0,-1,1,0,1,1,25,0,0,0,1028,0,0,0,0,0,1,1,0,0,0,17.4184682,0,0,0,0,3,1,1,1,100,0,0,0,3,1,1,0.1,3000,0,0,0,0,0,0,0,0,0,0,0,0,0,0,0,0,0,0,0,0,0,0,0,0,0,0,0,0,0,0,0,0,0,0,0,0,0,0,0,0,0,0,0,0,0,0,0,0,0,0,0
1989,237,6,8,30.62,2,8,0,-1,0,0,1,1,25,0,0,0,1028,0,0,0,0,0,1,1,0,0,0,17.55742351,0,0,0,0,3,1,1,1,100,0,0,0,3,1,1,0.1,3000,0,0,0,0,0,0,0,0,0,0,0,0,0,0,0,0,0,0,0,0,0,0,0,0,0,0,0,0,0,0,0,0,0,0,0,0,0,0,0,0,0,0,0,0,0,0,0,0,0,0,0
1989,237,6,8,53.54,2,8,0,-1,1,0,1,1,25,0,0,0,1028,0,0,0,0,0,1,1,0,0,0,17.60097556,0,0,0,0,3,1,1,1,100,0,0,0,3,1,1,0.1,3000,0,0,0,0,0,0,0,0,0,0,0,0,0,0,0,0,0,0,0,0,0,0,0,0,0,0,0,0,0,0,0,0,0,0,0,0,0,0,0,0,0,0,0,0,0,0,0,0,0,0,0
1989,237,6,10,6.621,2,8,0,-1,0,0,1,1,25,0,0,0,1028,0,0,0,0,0,1,1,0,0,0,17.73974618,0,0,0,0,3,1,1,1,100,0,0,0,3,1,1,0.1,3000,0,0,0,0,0,0,0,0,0,0,0,0,0,0,0,0,0,0,0,0,0,0,0,0,0,0,0,0,0,0,0,0,0,0,0,0,0,0,0,0,0,0,0,0,0,0,0,0,0,0,0
1989,237,6,10,29.54,2,8,0,-1,1,0,1,1,25,0,0,0,1028,0,0,0,0,0,1,1,0,0,0,17.78323874,0,0,0,0,3,1,1,1,100,0,0,0,3,1,1,0.1,3000,0,0,0,0,0,0,0,0,0,0,0,0,0,0,0,0,0,0,0,0,0,0,0,0,0,0,0,0,0,0,0,0,0,0,0,0,0,0,0,0,0,0,0,0,0,0,0,0,0,0,0
1989,237,6,11,42.621,2,8,0,-1,0,0,1,1,25,0,0,0,1028,0,0,0,0,0,1,1,0,0,0,17.9218277,0,0,0,0,3,1,1,1,100,0,0,0,3,1,1,0.1,3000,0,0,0,0,0,0,0,0,0,0,0,0,0,0,0,0,0,0,0,0,0,0,0,0,0,0,0,0,0,0,0,0,0,0,0,0,0,0,0,0,0,0,0,0,0,0,0,0,0,0,0
1989,237,6,12,5.54,2,8,0,-1,1,0,1,1,25,0,0,0,1028,0,0,0,0,0,1,1,0,0,0,17.9652639,0,0,0,0,3,1,1,1,100,0,0,0,3,1,1,0.1,3000,0,0,0,0,0,0,0,0,0,0,0,0,0,0,0,0,0,0,0,0,0,0,0,0,0,0,0,0,0,0,0,0,0,0,0,0,0,0,0,0,0,0,0,0,0,0,0,0,0,0,0
1989,237,6,13,18.621,2,8,0,-1,0,0,1,1,25,0,0,0,1028,0,0,0,0,0,1,1,0,0,0,18.10367504,0,0,0,0,3,1,1,1,100,0,0,0,3,1,1,0.1,3000,0,0,0,0,0,0,0,0,0,0,0,0,0,0,0,0,0,0,0,0,0,0,0,0,0,0,0,0,0,0,0,0,0,0,0,0,0,0,0,0,0,0,0,0,0,0,0,0,0,0,0
1989,237,6,13,41.54,2,8,0,-1,1,0,1,1,25,0,0,0,1028,0,0,0,0,0,1,1,0,0,0,18.14705511,0,0,0,0,3,1,1,1,100,0,0,0,3,1,1,0.1,3000,0,0,0,0,0,0,0,0,0,0,0,0,0,0,0,0,0,0,0,0,0,0,0,0,0,0,0,0,0,0,0,0,0,0,0,0,0,0,0,0,0,0,0,0,0,0,0,0,0,0,0
1989,237,6,14,54.62,2,8,0,-1,0,0,1,1,25,0,0,0,1028,0,0,0,0,0,1,1,0,0,0,18.28529215,0,0,0,0,3,1,1,1,100,0,0,0,3,1,1,0.1,3000,0,0,0,0,0,0,0,0,0,0,0,0,0,0,0,0,0,0,0,0,0,0,0,0,0,0,0,0,0,0,0,0,0,0,0,0,0,0,0,0,0,0,0,0,0,0,0,0,0,0,0
1989,237,6,15,17.539,2,8,0,-1,1,0,1,1,25,0,0,0,1028,0,0,0,0,0,1,1,0,0,0,18.32861819,0,0,0,0,3,1,1,1,100,0,0,0,3,1,1,0.1,3000,0,0,0,0,0,0,0,0,0,0,0,0,0,0,0,0,0,0,0,0,0,0,0,0,0,0,0,0,0,0,0,0,0,0,0,0,0,0,0,0,0,0,0,0,0,0,0,0,0,0,0
1989,237,6,18,54.62,2,8,0,-1,0,0,1,1,25,0,0,0,1028,0,0,0,0,0,1,1,0,0,0,18.73836411,0,0,0,0,3,1,1,1,100,0,0,0,3,1,1,0.1,3000,0,0,0,0,0,0,0,0,0,0,0,0,0,0,0,0,0,0,0,0,0,0,0,0,0,0,0,0,0,0,0,0,0,0,0,0,0,0,0,0,0,0,0,0,0,0,0,0,0,0,0
1989,237,6,19,17.539,2,8,0,-1,1,0,1,1,25,0,0,0,1028,0,0,0,0,0,1,1,0,0,0,18.78156081,0,0,0,0,3,1,1,1,100,0,0,0,3,1,1,0.1,3000,0,0,0,0,0,0,0,0,0,0,0,0,0,0,0,0,0,0,0,0,0,0,0,0,0,0,0,0,0,0,0,0,0,0,0,0,0,0,0,0,0,0,0,0,0,0,0,0,0,0,0
1989,237,6,20,30.62,2,8,0,-1,0,0,1,1,25,0,0,0,1028,0,0,0,0,0,1,1,0,0,0,18.91921618,0,0,0,0,3,1,1,1,100,0,0,0,3,1,1,0.1,3000,0,0,0,0,0,0,0,0,0,0,0,0,0,0,0,0,0,0,0,0,0,0,0,0,0,0,0,0,0,0,0,0,0,0,0,0,0,0,0,0,0,0,0,0,0,0,0,0,0,0,0
1989,237,6,20,53.539,2,8,0,-1,1,0,1,1,25,0,0,0,1028,0,0,0,0,0,1,1,0,0,0,18.96236261,0,0,0,0,3,1,1,1,100,0,0,0,3,1,1,0.1,3000,0,0,0,0,0,0,0,0,0,0,0,0,0,0,0,0,0,0,0,0,0,0,0,0,0,0,0,0,0,0,0,0,0,0,0,0,0,0,0,0,0,0,0,0,0,0,0,0,0,0,0
1989,237,6,22,6.62,2,8,0,-1,0,0,1,1,25,0,0,0,1028,0,0,0,0,0,1,1,0,0,0,19.09985925,0,0,0,0,3,1,1,1,100,0,0,0,3,1,1,0.1,3000,0,0,0,0,0,0,0,0,0,0,0,0,0,0,0,0,0,0,0,0,0,0,0,0,0,0,0,0,0,0,0,0,0,0,0,0,0,0,0,0,0,0,0,0,0,0,0,0,0,0,0
1989,237,6,22,29.539,2,8,0,-1,1,0,1,1,25,0,0,0,1028,0,0,0,0,0,1,1,0,0,0,19.14295546,0,0,0,0,3,1,1,1,100,0,0,0,3,1,1,0.1,3000,0,0,0,0,0,0,0,0,0,0,0,0,0,0,0,0,0,0,0,0,0,0,0,0,0,0,0,0,0,0,0,0,0,0,0,0,0,0,0,0,0,0,0,0,0,0,0,0,0,0,0
1989,237,6,23,42.619,2,8,0,-1,0,0,1,1,25,0,0,0,1028,0,0,0,0,0,1,1,0,0,0,19.28029652,0,0,0,0,3,1,1,1,100,0,0,0,3,1,1,0.1,3000,0,0,0,0,0,0,0,0,0,0,0,0,0,0,0,0,0,0,0,0,0,0,0,0,0,0,0,0,0,0,0,0,0,0,0,0,0,0,0,0,0,0,0,0,0,0,0,0,0,0,0
1989,237,6,24,5.539,2,8,0,-1,1,0,1,1,25,0,0,0,1028,0,0,0,0,0,1,1,0,0,0,19.32334629,0,0,0,0,3,1,1,1,100,0,0,0,3,1,1,0.1,3000,0,0,0,0,0,0,0,0,0,0,0,0,0,0,0,0,0,0,0,0,0,0,0,0,0,0,0,0,0,0,0,0,0,0,0,0,0,0,0,0,0,0,0,0,0,0,0,0,0,0,0
1989,237,6,25,18.62,2,8,0,-1,0,0,1,1,25,0,0,0,1028,0,0,0,0,0,1,1,0,0,0,19.46053481,0,0,0,0,3,1,1,1,100,0,0,0,3,1,1,0.1,3000,0,0,0,0,0,0,0,0,0,0,0,0,0,0,0,0,0,0,0,0,0,0,0,0,0,0,0,0,0,0,0,0,0,0,0,0,0,0,0,0,0,0,0,0,0,0,0,0,0,0,0
1989,237,6,25,41.539,2,8,0,-1,1,0,1,1,25,0,0,0,1028,0,0,0,0,0,1,1,0,0,0,19.50353533,0,0,0,0,3,1,1,1,100,0,0,0,3,1,1,0.1,3000,0,0,0,0,0,0,0,0,0,0,0,0,0,0,0,0,0,0,0,0,0,0,0,0,0,0,0,0,0,0,0,0,0,0,0,0,0,0,0,0,0,0,0,0,0,0,0,0,0,0,0
1989,237,6,30,54.619,2,8,0,-1,0,0,1,1,25,0,0,0,1028,0,0,0,0,0,1,1,0,0,0,20.08983718,0,0,0,0,3,1,1,1,100,0,0,0,3,1,1,0.1,3000,0,0,0,0,0,0,0,0,0,0,0,0,0,0,0,0,0,0,0,0,0,0,0,0,0,0,0,0,0,0,0,0,0,0,0,0,0,0,0,0,0,0,0,0,0,0,0,0,0,0,0
1989,237,6,31,17.539,2,8,0,-1,1,0,1,1,25,0,0,0,1028,0,0,0,0,0,1,1,0,0,0,20.13268079,0,0,0,0,3,1,1,1,100,0,0,0,3,1,1,0.1,3000,0,0,0,0,0,0,0,0,0,0,0,0,0,0,0,0,0,0,0,0,0,0,0,0,0,0,0,0,0,0,0,0,0,0,0,0,0,0,0,0,0,0,0,0,0,0,0,0,0,0,0
1989,237,6,32,30.619,2,8,0,-1,0,0,1,1,25,0,0,0,1028,0,0,0,0,0,1,1,0,0,0,20.26921731,0,0,0,0,3,1,1,1,100,0,0,0,3,1,1,0.1,3000,0,0,0,0,0,0,0,0,0,0,0,0,0,0,0,0,0,0,0,0,0,0,0,0,0,0,0,0,0,0,0,0,0,0,0,0,0,0,0,0,0,0,0,0,0,0,0,0,0,0,0
1989,237,6,32,53.539,2,8,0,-1,1,0,1,1,25,0,0,0,1028,0,0,0,0,0,1,1,0,0,0,20.31201652,0,0,0,0,3,1,1,1,100,0,0,0,3,1,1,0.1,3000,0,0,0,0,0,0,0,0,0,0,0,0,0,0,0,0,0,0,0,0,0,0,0,0,0,0,0,0,0,0,0,0,0,0,0,0,0,0,0,0,0,0,0,0,0,0,0,0,0,0,0
1989,237,6,34,6.619,2,8,0,-1,0,0,1,1,25,0,0,0,1028,0,0,0,0,0,1,1,0,0,0,20.44841668,0,0,0,0,3,1,1,1,100,0,0,0,3,1,1,0.1,3000,0,0,0,0,0,0,0,0,0,0,0,0,0,0,0,0,0,0,0,0,0,0,0,0,0,0,0,0,0,0,0,0,0,0,0,0,0,0,0,0,0,0,0,0,0,0,0,0,0,0,0
1989,237,6,34,29.539,2,8,0,-1,1,0,1,1,25,0,0,0,1028,0,0,0,0,0,1,1,0,0,0,20.49117323,0,0,0,0,3,1,1,1,100,0,0,0,3,1,1,0.1,3000,0,0,0,0,0,0,0,0,0,0,0,0,0,0,0,0,0,0,0,0,0,0,0,0,0,0,0,0,0,0,0,0,0,0,0,0,0,0,0,0,0,0,0,0,0,0,0,0,0,0,0
1989,237,6,35,42.619,2,8,0,-1,0,0,1,1,25,0,0,0,1028,0,0,0,0,0,1,1,0,0,0,20.6274386,0,0,0,0,3,1,1,1,100,0,0,0,3,1,1,0.1,3000,0,0,0,0,0,0,0,0,0,0,0,0,0,0,0,0,0,0,0,0,0,0,0,0,0,0,0,0,0,0,0,0,0,0,0,0,0,0,0,0,0,0,0,0,0,0,0,0,0,0,0
1989,237,6,36,5.539,2,8,0,-1,1,0,1,1,25,0,0,0,1028,0,0,0,0,0,1,1,0,0,0,20.67015421,0,0,0,0,3,1,1,1,100,0,0,0,3,1,1,0.1,3000,0,0,0,0,0,0,0,0,0,0,0,0,0,0,0,0,0,0,0,0,0,0,0,0,0,0,0,0,0,0,0,0,0,0,0,0,0,0,0,0,0,0,0,0,0,0,0,0,0,0,0
1989,237,6,37,18.619,2,8,0,-1,0,0,1,1,25,0,0,0,1028,0,0,0,0,0,1,1,0,0,0,20.80628632,0,0,0,0,3,1,1,1,100,0,0,0,3,1,1,0.1,3000,0,0,0,0,0,0,0,0,0,0,0,0,0,0,0,0,0,0,0,0,0,0,0,0,0,0,0,0,0,0,0,0,0,0,0,0,0,0,0,0,0,0,0,0,0,0,0,0,0,0,0
1989,237,6,37,41.538,2,8,0,-1,1,0,1,1,25,0,0,0,1028,0,0,0,0,0,1,1,0,0,0,20.84895894,0,0,0,0,3,1,1,1,100,0,0,0,3,1,1,0.1,3000,0,0,0,0,0,0,0,0,0,0,0,0,0,0,0,0,0,0,0,0,0,0,0,0,0,0,0,0,0,0,0,0,0,0,0,0,0,0,0,0,0,0,0,0,0,0,0,0,0,0,0
1989,237,6,38,54.619,2,8,0,-1,0,0,1,1,25,0,0,0,1028,0,0,0,0,0,1,1,0,0,0,20.98496298,0,0,0,0,3,1,1,1,100,0,0,0,3,1,1,0.1,3000,0,0,0,0,0,0,0,0,0,0,0,0,0,0,0,0,0,0,0,0,0,0,0,0,0,0,0,0,0,0,0,0,0,0,0,0,0,0,0,0,0,0,0,0,0,0,0,0,0,0,0
1989,237,6,39,17.539,2,8,0,-1,1,0,1,1,25,0,0,0,1028,0,0,0,0,0,1,1,0,0,0,21.02759708,0,0,0,0,3,1,1,1,100,0,0,0,3,1,1,0.1,3000,0,0,0,0,0,0,0,0,0,0,0,0,0,0,0,0,0,0,0,0,0,0,0,0,0,0,0,0,0,0,0,0,0,0,0,0,0,0,0,0,0,0,0,0,0,0,0,0,0,0,0
1989,237,6,42,54.618,2,8,0,-1,0,0,1,1,25,0,0,0,1028,0,0,0,0,0,1,1,0,0,0,21.43092427,0,0,0,0,3,1,1,1,100,0,0,0,3,1,1,0.1,3000,0,0,0,0,0,0,0,0,0,0,0,0,0,0,0,0,0,0,0,0,0,0,0,0,0,0,0,0,0,0,0,0,0,0,0,0,0,0,0,0,0,0,0,0,0,0,0,0,0,0,0
1989,237,6,43,17.538,2,8,0,-1,1,0,1,1,25,0,0,0,1028,0,0,0,0,0,1,1,0,0,0,21.4734605,0,0,0,0,3,1,1,1,100,0,0,0,3,1,1,0.1,3000,0,0,0,0,0,0,0,0,0,0,0,0,0,0,0,0,0,0,0,0,0,0,0,0,0,0,0,0,0,0,0,0,0,0,0,0,0,0,0,0,0,0,0,0,0,0,0,0,0,0,0
1989,237,6,44,30.618,2,8,0,-1,0,0,1,1,25,0,0,0,1028,0,0,0,0,0,1,1,0,0,0,21.60902578,0,0,0,0,3,1,1,1,100,0,0,0,3,1,1,0.1,3000,0,0,0,0,0,0,0,0,0,0,0,0,0,0,0,0,0,0,0,0,0,0,0,0,0,0,0,0,0,0,0,0,0,0,0,0,0,0,0,0,0,0,0,0,0,0,0,0,0,0,0
1989,237,6,44,53.537,2,8,0,-1,1,0,1,1,25,0,0,0,1028,0,0,0,0,0,1,1,0,0,0,21.65152313,0,0,0,0,3,1,1,1,100,0,0,0,3,1,1,0.1,3000,0,0,0,0,0,0,0,0,0,0,0,0,0,0,0,0,0,0,0,0,0,0,0,0,0,0,0,0,0,0,0,0,0,0,0,0,0,0,0,0,0,0,0,0,0,0,0,0,0,0,0
1989,237,6,46,6.618,2,8,0,-1,0,0,1,1,25,0,0,0,1028,0,0,0,0,0,1,1,0,0,0,21.78696937,0,0,0,0,3,1,1,1,100,0,0,0,3,1,1,0.1,3000,0,0,0,0,0,0,0,0,0,0,0,0,0,0,0,0,0,0,0,0,0,0,0,0,0,0,0,0,0,0,0,0,0,0,0,0,0,0,0,0,0,0,0,0,0,0,0,0,0,0,0
1989,237,6,46,29.537,2,8,0,-1,1,0,1,1,25,0,0,0,1028,0,0,0,0,0,1,1,0,0,0,21.82942942,0,0,0,0,3,1,1,1,100,0,0,0,3,1,1,0.1,3000,0,0,0,0,0,0,0,0,0,0,0,0,0,0,0,0,0,0,0,0,0,0,0,0,0,0,0,0,0,0,0,0,0,0,0,0,0,0,0,0,0,0,0,0,0,0,0,0,0,0,0
1989,237,6,47,42.618,2,8,0,-1,0,0,1,1,25,0,0,0,1028,0,0,0,0,0,1,1,0,0,0,21.96475775,0,0,0,0,3,1,1,1,100,0,0,0,3,1,1,0.1,3000,0,0,0,0,0,0,0,0,0,0,0,0,0,0,0,0,0,0,0,0,0,0,0,0,0,0,0,0,0,0,0,0,0,0,0,0,0,0,0,0,0,0,0,0,0,0,0,0,0,0,0
1989,237,6,48,5.538,2,8,0,-1,1,0,1,1,25,0,0,0,1028,0,0,0,0,0,1,1,0,0,0,22.00718207,0,0,0,0,3,1,1,1,100,0,0,0,3,1,1,0.1,3000,0,0,0,0,0,0,0,0,0,0,0,0,0,0,0,0,0,0,0,0,0,0,0,0,0,0,0,0,0,0,0,0,0,0,0,0,0,0,0,0,0,0,0,0,0,0,0,0,0,0,0
1989,237,6,49,18.618,2,8,0,-1,0,0,1,1,25,0,0,0,1028,0,0,0,0,0,1,1,0,0,0,22.14239357,0,0,0,0,3,1,1,1,100,0,0,0,3,1,1,0.1,3000,0,0,0,0,0,0,0,0,0,0,0,0,0,0,0,0,0,0,0,0,0,0,0,0,0,0,0,0,0,0,0,0,0,0,0,0,0,0,0,0,0,0,0,0,0,0,0,0,0,0,0
1989,237,6,49,41.537,2,8,0,-1,1,0,1,1,25,0,0,0,1028,0,0,0,0,0,1,1,0,0,0,22.18478,0,0,0,0,3,1,1,1,100,0,0,0,3,1,1,0.1,3000,0,0,0,0,0,0,0,0,0,0,0,0,0,0,0,0,0,0,0,0,0,0,0,0,0,0,0,0,0,0,0,0,0,0,0,0,0,0,0,0,0,0,0,0,0,0,0,0,0,0,0
1989,237,6,50,54.618,2,8,0,-1,0,0,1,1,25,0,0,0,1028,0,0,0,0,0,1,1,0,0,0,22.3198794,0,0,0,0,3,1,1,1,100,0,0,0,3,1,1,0.1,3000,0,0,0,0,0,0,0,0,0,0,0,0,0,0,0,0,0,0,0,0,0,0,0,0,0,0,0,0,0,0,0,0,0,0,0,0,0,0,0,0,0,0,0,0,0,0,0,0,0,0,0
1989,237,6,51,17.538,2,8,0,-1,1,0,1,1,25,0,0,0,1028,0,0,0,0,0,1,1,0,0,0,22.36223224,0,0,0,0,3,1,1,1,100,0,0,0,3,1,1,0.1,3000,0,0,0,0,0,0,0,0,0,0,0,0,0,0,0,0,0,0,0,0,0,0,0,0,0,0,0,0,0,0,0,0,0,0,0,0,0,0,0,0,0,0,0,0,0,0,0,0,0,0,0
1989,237,6,54,54.617,2,8,0,-1,0,0,1,1,25,0,0,0,1028,0,0,0,0,0,1,1,0,0,0,22.76295224,0,0,0,0,3,1,1,1,100,0,0,0,3,1,1,0.1,3000,0,0,0,0,0,0,0,0,0,0,0,0,0,0,0,0,0,0,0,0,0,0,0,0,0,0,0,0,0,0,0,0,0,0,0,0,0,0,0,0,0,0,0,0,0,0,0,0,0,0,0
1989,237,6,55,17.537,2,8,0,-1,1,0,1,1,25,0,0,0,1028,0,0,0,0,0,1,1,0,0,0,22.80521904,0,0,0,0,3,1,1,1,100,0,0,0,3,1,1,0.1,3000,0,0,0,0,0,0,0,0,0,0,0,0,0,0,0,0,0,0,0,0,0,0,0,0,0,0,0,0,0,0,0,0,0,0,0,0,0,0,0,0,0,0,0,0,0,0,0,0,0,0,0
1989,237,6,56,30.616,2,8,0,-1,0,0,1,1,25,0,0,0,1028,0,0,0,0,0,1,1,0,0,0,22.93993154,0,0,0,0,3,1,1,1,100,0,0,0,3,1,1,0.1,3000,0,0,0,0,0,0,0,0,0,0,0,0,0,0,0,0,0,0,0,0,0,0,0,0,0,0,0,0,0,0,0,0,0,0,0,0,0,0,0,0,0,0,0,0,0,0,0,0,0,0,0
1989,237,6,56,53.537,2,8,0,-1,1,0,1,1,25,0,0,0,1028,0,0,0,0,0,1,1,0,0,0,22.98216582,0,0,0,0,3,1,1,1,100,0,0,0,3,1,1,0.1,3000,0,0,0,0,0,0,0,0,0,0,0,0,0,0,0,0,0,0,0,0,0,0,0,0,0,0,0,0,0,0,0,0,0,0,0,0,0,0,0,0,0,0,0,0,0,0,0,0,0,0,0
1989,237,6,58,6.617,2,8,0,-1,0,0,1,1,25,0,0,0,1028,0,0,0,0,0,1,1,0,0,0,23.1167735,0,0,0,0,3,1,1,1,100,0,0,0,3,1,1,0.1,3000,0,0,0,0,0,0,0,0,0,0,0,0,0,0,0,0,0,0,0,0,0,0,0,0,0,0,0,0,0,0,0,0,0,0,0,0,0,0,0,0,0,0,0,0,0,0,0,0,0,0,0
1989,237,6,58,29.536,2,8,0,-1,1,0,1,1,25,0,0,0,1028,0,0,0,0,0,1,1,0,0,0,23.15897305,0,0,0,0,3,1,1,1,100,0,0,0,3,1,1,0.1,3000,0,0,0,0,0,0,0,0,0,0,0,0,0,0,0,0,0,0,0,0,0,0,0,0,0,0,0,0,0,0,0,0,0,0,0,0,0,0,0,0,0,0,0,0,0,0,0,0,0,0,0
1989,237,6,59,42.617,2,8,0,-1,0,0,1,1,25,0,0,0,1028,0,0,0,0,0,1,1,0,0,0,23.29347668,0,0,0,0,3,1,1,1,100,0,0,0,3,1,1,0.1,3000,0,0,0,0,0,0,0,0,0,0,0,0,0,0,0,0,0,0,0,0,0,0,0,0,0,0,0,0,0,0,0,0,0,0,0,0,0,0,0,0,0,0,0,0,0,0,0,0,0,0,0
1989,237,7,0,5.537,2,8,0,-1,1,0,1,1,25,0,0,0,1028,0,0,0,0,0,1,1,0,0,0,23.3356457,0,0,0,0,3,1,1,1,100,0,0,0,3,1,1,0.1,3000,0,0,0,0,0,0,0,0,0,0,0,0,0,0,0,0,0,0,0,0,0,0,0,0,0,0,0,0,0,0,0,0,0,0,0,0,0,0,0,0,0,0,0,0,0,0,0,0,0,0,0
1989,237,7,1,18.617,2,8,0,-1,0,0,1,1,25,0,0,0,1028,0,0,0,0,0,1,1,0,0,0,23.47004696,0,0,0,0,3,1,1,1,100,0,0,0,3,1,1,0.1,3000,0,0,0,0,0,0,0,0,0,0,0,0,0,0,0,0,0,0,0,0,0,0,0,0,0,0,0,0,0,0,0,0,0,0,0,0,0,0,0,0,0,0,0,0,0,0,0,0,0,0,0
1989,237,7,1,41.536,2,8,0,-1,1,0,1,1,25,0,0,0,1028,0,0,0,0,0,1,1,0,0,0,23.51218228,0,0,0,0,3,1,1,1,100,0,0,0,3,1,1,0.1,3000,0,0,0,0,0,0,0,0,0,0,0,0,0,0,0,0,0,0,0,0,0,0,0,0,0,0,0,0,0,0,0,0,0,0,0,0,0,0,0,0,0,0,0,0,0,0,0,0,0,0,0
1989,237,7,2,54.617,2,8,0,-1,0,0,1,1,25,0,0,0,1028,0,0,0,0,0,1,1,0,0,0,23.6464837,0,0,0,0,3,1,1,1,100,0,0,0,3,1,1,0.1,3000,0,0,0,0,0,0,0,0,0,0,0,0,0,0,0,0,0,0,0,0,0,0,0,0,0,0,0,0,0,0,0,0,0,0,0,0,0,0,0,0,0,0,0,0,0,0,0,0,0,0,0
1989,237,7,3,17.537,2,8,0,-1,1,0,1,1,25,0,0,0,1028,0,0,0,0,0,1,1,0,0,0,23.68858859,0,0,0,0,3,1,1,1,100,0,0,0,3,1,1,0.1,3000,0,0,0,0,0,0,0,0,0,0,0,0,0,0,0,0,0,0,0,0,0,0,0,0,0,0,0,0,0,0,0,0,0,0,0,0,0,0,0,0,0,0,0,0,0,0,0,0,0,0,0
1989,237,7,6,54.616,2,8,0,-1,0,0,1,1,25,0,0,0,1028,0,0,0,0,0,1,1,0,0,0,24.087008,0,0,0,0,3,1,1,1,100,0,0,0,3,1,1,0.1,3000,0,0,0,0,0,0,0,0,0,0,0,0,0,0,0,0,0,0,0,0,0,0,0,0,0,0,0,0,0,0,0,0,0,0,0,0,0,0,0,0,0,0,0,0,0,0,0,0,0,0,0
1989,237,7,7,17.536,2,8,0,-1,1,0,1,1,25,0,0,0,1028,0,0,0,0,0,1,1,0,0,0,24.12903663,0,0,0,0,3,1,1,1,100,0,0,0,3,1,1,0.1,3000,0,0,0,0,0,0,0,0,0,0,0,0,0,0,0,0,0,0,0,0,0,0,0,0,0,0,0,0,0,0,0,0,0,0,0,0,0,0,0,0,0,0,0,0,0,0,0,0,0,0,0
1989,237,7,8,30.616,2,8,0,-1,0,0,1,1,25,0,0,0,1028,0,0,0,0,0,1,1,0,0,0,24.26299577,0,0,0,0,3,1,1,1,100,0,0,0,3,1,1,0.1,3000,0,0,0,0,0,0,0,0,0,0,0,0,0,0,0,0,0,0,0,0,0,0,0,0,0,0,0,0,0,0,0,0,0,0,0,0,0,0,0,0,0,0,0,0,0,0,0,0,0,0,0
1989,237,7,8,53.536,2,8,0,-1,1,0,1,1,25,0,0,0,1028,0,0,0,0,0,1,1,0,0,0,24.30499471,0,0,0,0,3,1,1,1,100,0,0,0,3,1,1,0.1,3000,0,0,0,0,0,0,0,0,0,0,0,0,0,0,0,0,0,0,0,0,0,0,0,0,0,0,0,0,0,0,0,0,0,0,0,0,0,0,0,0,0,0,0,0,0,0,0,0,0,0,0
1989,237,7,10,6.616,2,8,0,-1,0,0,1,1,25,0,0,0,1028,0,0,0,0,0,1,1,0,0,0,24.43886084,0,0,0,0,3,1,1,1,100,0,0,0,3,1,1,0.1,3000,0,0,0,0,0,0,0,0,0,0,0,0,0,0,0,0,0,0,0,0,0,0,0,0,0,0,0,0,0,0,0,0,0,0,0,0,0,0,0,0,0,0,0,0,0,0,0,0,0,0,0
1989,237,7,10,29.536,2,8,0,-1,1,0,1,1,25,0,0,0,1028,0,0,0,0,0,1,1,0,0,0,24.48083055,0,0,0,0,3,1,1,1,100,0,0,0,3,1,1,0.1,3000,0,0,0,0,0,0,0,0,0,0,0,0,0,0,0,0,0,0,0,0,0,0,0,0,0,0,0,0,0,0,0,0,0,0,0,0,0,0,0,0,0,0,0,0,0,0,0,0,0,0,0
1989,237,7,11,42.616,2,8,0,-1,0,0,1,1,25,0,0,0,1028,0,0,0,0,0,1,1,0,0,0,24.61460417,0,0,0,0,3,1,1,1,100,0,0,0,3,1,1,0.1,3000,0,0,0,0,0,0,0,0,0,0,0,0,0,0,0,0,0,0,0,0,0,0,0,0,0,0,0,0,0,0,0,0,0,0,0,0,0,0,0,0,0,0,0,0,0,0,0,0,0,0,0
1989,237,7,12,5.536,2,8,0,-1,1,0,1,1,25,0,0,0,1028,0,0,0,0,0,1,1,0,0,0,24.6565451,0,0,0,0,3,1,1,1,100,0,0,0,3,1,1,0.1,3000,0,0,0,0,0,0,0,0,0,0,0,0,0,0,0,0,0,0,0,0,0,0,0,0,0,0,0,0,0,0,0,0,0,0,0,0,0,0,0,0,0,0,0,0,0,0,0,0,0,0,0
1989,237,7,13,18.616,2,8,0,-1,0,0,1,1,25,0,0,0,1028,0,0,0,0,0,1,1,0,0,0,24.7902276,0,0,0,0,3,1,1,1,100,0,0,0,3,1,1,0.1,3000,0,0,0,0,0,0,0,0,0,0,0,0,0,0,0,0,0,0,0,0,0,0,0,0,0,0,0,0,0,0,0,0,0,0,0,0,0,0,0,0,0,0,0,0,0,0,0,0,0,0,0
1989,237,7,13,41.536,2,8,0,-1,1,0,1,1,25,0,0,0,1028,0,0,0,0,0,1,1,0,0,0,24.83214016,0,0,0,0,3,1,1,1,100,0,0,0,3,1,1,0.1,3000,0,0,0,0,0,0,0,0,0,0,0,0,0,0,0,0,0,0,0,0,0,0,0,0,0,0,0,0,0,0,0,0,0,0,0,0,0,0,0,0,0,0,0,0,0,0,0,0,0,0,0
1989,237,7,14,54.616,2,8,0,-1,0,0,1,1,25,0,0,0,1028,0,0,0,0,0,1,1,0,0,0,24.96573292,0,0,0,0,3,1,1,1,100,0,0,0,3,1,1,0.1,3000,0,0,0,0,0,0,0,0,0,0,0,0,0,0,0,0,0,0,0,0,0,0,0,0,0,0,0,0,0,0,0,0,0,0,0,0,0,0,0,0,0,0,0,0,0,0,0,0,0,0,0
1989,237,7,15,17.536,2,8,0,-1,1,0,1,1,25,0,0,0,1028,0,0,0,0,0,1,1,0,0,0,25.00761754,0,0,0,0,3,1,1,1,100,0,0,0,3,1,1,0.1,3000,0,0,0,0,0,0,0,0,0,0,0,0,0,0,0,0,0,0,0,0,0,0,0,0,0,0,0,0,0,0,0,0,0,0,0,0,0,0,0,0,0,0,0,0,0,0,0,0,0,0,0
1989,237,7,18,54.616,2,8,0,-1,0,0,1,1,25,0,0,0,1028,0,0,0,0,0,1,1,0,0,0,25.40399084,0,0,0,0,3,1,1,1,100,0,0,0,3,1,1,0.1,3000,0,0,0,0,0,0,0,0,0,0,0,0,0,0,0,0,0,0,0,0,0,0,0,0,0,0,0,0,0,0,0,0,0,0,0,0,0,0,0,0,0,0,0,0,0,0,0,0,0,0,0
1989,237,7,19,17.536,2,8,0,-1,1,0,1,1,25,0,0,0,1028,0,0,0,0,0,1,1,0,0,0,25.4458074,0,0,0,0,3,1,1,1,100,0,0,0,3,1,1,0.1,3000,0,0,0,0,0,0,0,0,0,0,0,0,0,0,0,0,0,0,0,0,0,0,0,0,0,0,0,0,0,0,0,0,0,0,0,0,0,0,0,0,0,0,0,0,0,0,0,0,0,0,0
1989,237,7,20,30.615,2,8,0,-1,0,0,1,1,25,0,0,0,1028,0,0,0,0,0,1,1,0,0,0,25.57909446,0,0,0,0,3,1,1,1,100,0,0,0,3,1,1,0.1,3000,0,0,0,0,0,0,0,0,0,0,0,0,0,0,0,0,0,0,0,0,0,0,0,0,0,0,0,0,0,0,0,0,0,0,0,0,0,0,0,0,0,0,0,0,0,0,0,0,0,0,0
1989,237,7,20,53.535,2,8,0,-1,1,0,1,1,25,0,0,0,1028,0,0,0,0,0,1,1,0,0,0,25.62088448,0,0,0,0,3,1,1,1,100,0,0,0,3,1,1,0.1,3000,0,0,0,0,0,0,0,0,0,0,0,0,0,0,0,0,0,0,0,0,0,0,0,0,0,0,0,0,0,0,0,0,0,0,0,0,0,0,0,0,0,0,0,0,0,0,0,0,0,0,0
1989,237,7,22,6.615,2,8,0,-1,0,0,1,1,25,0,0,0,1028,0,0,0,0,0,1,1,0,0,0,25.75408937,0,0,0,0,3,1,1,1,100,0,0,0,3,1,1,0.1,3000,0,0,0,0,0,0,0,0,0,0,0,0,0,0,0,0,0,0,0,0,0,0,0,0,0,0,0,0,0,0,0,0,0,0,0,0,0,0,0,0,0,0,0,0,0,0,0,0,0,0,0
1989,237,7,22,29.535,2,8,0,-1,1,0,1,1,25,0,0,0,1028,0,0,0,0,0,1,1,0,0,0,25.79585323,0,0,0,0,3,1,1,1,100,0,0,0,3,1,1,0.1,3000,0,0,0,0,0,0,0,0,0,0,0,0,0,0,0,0,0,0,0,0,0,0,0,0,0,0,0,0,0,0,0,0,0,0,0,0,0,0,0,0,0,0,0,0,0,0,0,0,0,0,0
1989,237,7,23,42.615,2,8,0,-1,0,0,1,1,25,0,0,0,1028,0,0,0,0,0,1,1,0,0,0,25.92897532,0,0,0,0,3,1,1,1,100,0,0,0,3,1,1,0.1,3000,0,0,0,0,0,0,0,0,0,0,0,0,0,0,0,0,0,0,0,0,0,0,0,0,0,0,0,0,0,0,0,0,0,0,0,0,0,0,0,0,0,0,0,0,0,0,0,0,0,0,0
1989,237,7,24,5.535,2,8,0,-1,1,0,1,1,25,0,0,0,1028,0,0,0,0,0,1,1,0,0,0,25.97071249,0,0,0,0,3,1,1,1,100,0,0,0,3,1,1,0.1,3000,0,0,0,0,0,0,0,0,0,0,0,0,0,0,0,0,0,0,0,0,0,0,0,0,0,0,0,0,0,0,0,0,0,0,0,0,0,0,0,0,0,0,0,0,0,0,0,0,0,0,0
1989,237,7,25,18.615,2,8,0,-1,0,0,1,1,25,0,0,0,1028,0,0,0,0,0,1,1,0,0,0,26.10375387,0,0,0,0,3,1,1,1,100,0,0,0,3,1,1,0.1,3000,0,0,0,0,0,0,0,0,0,0,0,0,0,0,0,0,0,0,0,0,0,0,0,0,0,0,0,0,0,0,0,0,0,0,0,0,0,0,0,0,0,0,0,0,0,0,0,0,0,0,0
1989,237,7,25,41.535,2,8,0,-1,1,0,1,1,25,0,0,0,1028,0,0,0,0,0,1,1,0,0,0,26.14546654,0,0,0,0,3,1,1,1,100,0,0,0,3,1,1,0.1,3000,0,0,0,0,0,0,0,0,0,0,0,0,0,0,0,0,0,0,0,0,0,0,0,0,0,0,0,0,0,0,0,0,0,0,0,0,0,0,0,0,0,0,0,0,0,0,0,0,0,0,0
1989,237,7,26,54.615,2,8,0,-1,0,0,1,1,25,0,0,0,1028,0,0,0,0,0,1,1,0,0,0,26.27842654,0,0,0,0,3,1,1,1,100,0,0,0,3,1,1,0.1,3000,0,0,0,0,0,0,0,0,0,0,0,0,0,0,0,0,0,0,0,0,0,0,0,0,0,0,0,0,0,0,0,0,0,0,0,0,0,0,0,0,0,0,0,0,0,0,0,0,0,0,0
1989,237,7,27,17.535,2,8,0,-1,1,0,1,1,25,0,0,0,1028,0,0,0,0,0,1,1,0,0,0,26.32011414,0,0,0,0,3,1,1,1,100,0,0,0,3,1,1,0.1,3000,0,0,0,0,0,0,0,0,0,0,0,0,0,0,0,0,0,0,0,0,0,0,0,0,0,0,0,0,0,0,0,0,0,0,0,0,0,0,0,0,0,0,0,0,0,0,0,0,0,0,0
1989,237,7,30,54.615,2,8,0,-1,0,0,1,1,25,0,0,0,1028,0,0,0,0,0,1,1,0,0,0,26.7146546,0,0,0,0,3,1,1,1,100,0,0,0,3,1,1,0.1,3000,0,0,0,0,0,0,0,0,0,0,0,0,0,0,0,0,0,0,0,0,0,0,0,0,0,0,0,0,0,0,0,0,0,0,0,0,0,0,0,0,0,0,0,0,0,0,0,0,0,0,0
1989,237,7,31,17.535,2,8,0,-1,1,0,1,1,25,0,0,0,1028,0,0,0,0,0,1,1,0,0,0,26.75628107,0,0,0,0,3,1,1,1,100,0,0,0,3,1,1,0.1,3000,0,0,0,0,0,0,0,0,0,0,0,0,0,0,0,0,0,0,0,0,0,0,0,0,0,0,0,0,0,0,0,0,0,0,0,0,0,0,0,0,0,0,0,0,0,0,0,0,0,0,0
1989,237,7,32,30.614,2,8,0,-1,0,0,1,1,25,0,0,0,1028,0,0,0,0,0,1,1,0,0,0,26.88896724,0,0,0,0,3,1,1,1,100,0,0,0,3,1,1,0.1,3000,0,0,0,0,0,0,0,0,0,0,0,0,0,0,0,0,0,0,0,0,0,0,0,0,0,0,0,0,0,0,0,0,0,0,0,0,0,0,0,0,0,0,0,0,0,0,0,0,0,0,0
1989,237,7,32,53.535,2,8,0,-1,1,0,1,1,25,0,0,0,1028,0,0,0,0,0,1,1,0,0,0,26.93056984,0,0,0,0,3,1,1,1,100,0,0,0,3,1,1,0.1,3000,0,0,0,0,0,0,0,0,0,0,0,0,0,0,0,0,0,0,0,0,0,0,0,0,0,0,0,0,0,0,0,0,0,0,0,0,0,0,0,0,0,0,0,0,0,0,0,0,0,0,0
1989,237,7,34,6.614,2,8,0,-1,0,0,1,1,25,0,0,0,1028,0,0,0,0,0,1,1,0,0,0,27.06318043,0,0,0,0,3,1,1,1,100,0,0,0,3,1,1,0.1,3000,0,0,0,0,0,0,0,0,0,0,0,0,0,0,0,0,0,0,0,0,0,0,0,0,0,0,0,0,0,0,0,0,0,0,0,0,0,0,0,0,0,0,0,0,0,0,0,0,0,0,0
1989,237,7,34,29.534,2,8,0,-1,1,0,1,1,25,0,0,0,1028,0,0,0,0,0,1,1,0,0,0,27.10475859,0,0,0,0,3,1,1,1,100,0,0,0,3,1,1,0.1,3000,0,0,0,0,0,0,0,0,0,0,0,0,0,0,0,0,0,0,0,0,0,0,0,0,0,0,0,0,0,0,0,0,0,0,0,0,0,0,0,0,0,0,0,0,0,0,0,0,0,0,0
1989,237,7,35,42.614,2,8,0,-1,0,0,1,1,25,0,0,0,1028,0,0,0,0,0,1,1,0,0,0,27.23729644,0,0,0,0,3,1,1,1,100,0,0,0,3,1,1,0.1,3000,0,0,0,0,0,0,0,0,0,0,0,0,0,0,0,0,0,0,0,0,0,0,0,0,0,0,0,0,0,0,0,0,0,0,0,0,0,0,0,0,0,0,0,0,0,0,0,0,0,0,0
1989,237,7,36,5.534,2,8,0,-1,1,0,1,1,25,0,0,0,1028,0,0,0,0,0,1,1,0,0,0,27.27885227,0,0,0,0,3,1,1,1,100,0,0,0,3,1,1,0.1,3000,0,0,0,0,0,0,0,0,0,0,0,0,0,0,0,0,0,0,0,0,0,0,0,0,0,0,0,0,0,0,0,0,0,0,0,0,0,0,0,0,0,0,0,0,0,0,0,0,0,0,0
1989,237,7,37,18.614,2,8,0,-1,0,0,1,1,25,0,0,0,1028,0,0,0,0,0,1,1,0,0,0,27.41131567,0,0,0,0,3,1,1,1,100,0,0,0,3,1,1,0.1,3000,0,0,0,0,0,0,0,0,0,0,0,0,0,0,0,0,0,0,0,0,0,0,0,0,0,0,0,0,0,0,0,0,0,0,0,0,0,0,0,0,0,0,0,0,0,0,0,0,0,0,0
1989,237,7,37,41.534,2,8,0,-1,1,0,1,1,25,0,0,0,1028,0,0,0,0,0,1,1,0,0,0,27.45284859,0,0,0,0,3,1,1,1,100,0,0,0,3,1,1,0.1,3000,0,0,0,0,0,0,0,0,0,0,0,0,0,0,0,0,0,0,0,0,0,0,0,0,0,0,0,0,0,0,0,0,0,0,0,0,0,0,0,0,0,0,0,0,0,0,0,0,0,0,0
1989,237,7,38,54.614,2,8,0,-1,0,0,1,1,25,0,0,0,1028,0,0,0,0,0,1,1,0,0,0,27.58523942,0,0,0,0,3,1,1,1,100,0,0,0,3,1,1,0.1,3000,0,0,0,0,0,0,0,0,0,0,0,0,0,0,0,0,0,0,0,0,0,0,0,0,0,0,0,0,0,0,0,0,0,0,0,0,0,0,0,0,0,0,0,0,0,0,0,0,0,0,0
1989,237,7,39,17.534,2,8,0,-1,1,0,1,1,25,0,0,0,1028,0,0,0,0,0,1,1,0,0,0,27.62674884,0,0,0,0,3,1,1,1,100,0,0,0,3,1,1,0.1,3000,0,0,0,0,0,0,0,0,0,0,0,0,0,0,0,0,0,0,0,0,0,0,0,0,0,0,0,0,0,0,0,0,0,0,0,0,0,0,0,0,0,0,0,0,0,0,0,0,0,0,0
1989,237,7,42,54.614,2,8,0,-1,0,0,1,1,25,0,0,0,1028,0,0,0,0,0,1,1,0,0,0,28.01963937,0,0,0,0,3,1,1,1,100,0,0,0,3,1,1,0.1,3000,0,0,0,0,0,0,0,0,0,0,0,0,0,0,0,0,0,0,0,0,0,0,0,0,0,0,0,0,0,0,0,0,0,0,0,0,0,0,0,0,0,0,0,0,0,0,0,0,0,0,0
1989,237,7,43,17.534,2,8,0,-1,1,0,1,1,25,0,0,0,1028,0,0,0,0,0,1,1,0,0,0,28.06109357,0,0,0,0,3,1,1,1,100,0,0,0,3,1,1,0.1,3000,0,0,0,0,0,0,0,0,0,0,0,0,0,0,0,0,0,0,0,0,0,0,0,0,0,0,0,0,0,0,0,0,0,0,0,0,0,0,0,0,0,0,0,0,0,0,0,0,0,0,0
1989,237,7,44,30.614,2,8,0,-1,0,0,1,1,25,0,0,0,1028,0,0,0,0,0,1,1,0,0,0,28.1932388,0,0,0,0,3,1,1,1,100,0,0,0,3,1,1,0.1,3000,0,0,0,0,0,0,0,0,0,0,0,0,0,0,0,0,0,0,0,0,0,0,0,0,0,0,0,0,0,0,0,0,0,0,0,0,0,0,0,0,0,0,0,0,0,0,0,0,0,0,0
1989,237,7,44,53.534,2,8,0,-1,1,0,1,1,25,0,0,0,1028,0,0,0,0,0,1,1,0,0,0,28.23467231,0,0,0,0,3,1,1,1,100,0,0,0,3,1,1,0.1,3000,0,0,0,0,0,0,0,0,0,0,0,0,0,0,0,0,0,0,0,0,0,0,0,0,0,0,0,0,0,0,0,0,0,0,0,0,0,0,0,0,0,0,0,0,0,0,0,0,0,0,0
1989,237,7,46,6.613,2,8,0,-1,0,0,1,1,25,0,0,0,1028,0,0,0,0,0,1,1,0,0,0,28.36674646,0,0,0,0,3,1,1,1,100,0,0,0,3,1,1,0.1,3000,0,0,0,0,0,0,0,0,0,0,0,0,0,0,0,0,0,0,0,0,0,0,0,0,0,0,0,0,0,0,0,0,0,0,0,0,0,0,0,0,0,0,0,0,0,0,0,0,0,0,0
1989,237,7,46,29.532,2,8,0,-1,1,0,1,1,25,0,0,0,1028,0,0,0,0,0,1,1,0,0,0,28.40815777,0,0,0,0,3,1,1,1,100,0,0,0,3,1,1,0.1,3000,0,0,0,0,0,0,0,0,0,0,0,0,0,0,0,0,0,0,0,0,0,0,0,0,0,0,0,0,0,0,0,0,0,0,0,0,0,0,0,0,0,0,0,0,0,0,0,0,0,0,0
1989,237,7,47,42.613,2,8,0,-1,0,0,1,1,25,0,0,0,1028,0,0,0,0,0,1,1,0,0,0,28.54016714,0,0,0,0,3,1,1,1,100,0,0,0,3,1,1,0.1,3000,0,0,0,0,0,0,0,0,0,0,0,0,0,0,0,0,0,0,0,0,0,0,0,0,0,0,0,0,0,0,0,0,0,0,0,0,0,0,0,0,0,0,0,0,0,0,0,0,0,0,0
1989,237,7,48,5.533,2,8,0,-1,1,0,1,1,25,0,0,0,1028,0,0,0,0,0,1,1,0,0,0,28.58155832,0,0,0,0,3,1,1,1,100,0,0,0,3,1,1,0.1,3000,0,0,0,0,0,0,0,0,0,0,0,0,0,0,0,0,0,0,0,0,0,0,0,0,0,0,0,0,0,0,0,0,0,0,0,0,0,0,0,0,0,0,0,0,0,0,0,0,0,0,0
1989,237,7,49,18.613,2,8,0,-1,0,0,1,1,25,0,0,0,1028,0,0,0,0,0,1,1,0,0,0,28.71350016,0,0,0,0,3,1,1,1,100,0,0,0,3,1,1,0.1,3000,0,0,0,0,0,0,0,0,0,0,0,0,0,0,0,0,0,0,0,0,0,0,0,0,0,0,0,0,0,0,0,0,0,0,0,0,0,0,0,0,0,0,0,0,0,0,0,0,0,0,0
1989,237,7,49,41.533,2,8,0,-1,1,0,1,1,25,0,0,0,1028,0,0,0,0,0,1,1,0,0,0,28.75487058,0,0,0,0,3,1,1,1,100,0,0,0,3,1,1,0.1,3000,0,0,0,0,0,0,0,0,0,0,0,0,0,0,0,0,0,0,0,0,0,0,0,0,0,0,0,0,0,0,0,0,0,0,0,0,0,0,0,0,0,0,0,0,0,0,0,0,0,0,0
1989,237,7,50,54.613,2,8,0,-1,0,0,1,1,25,0,0,0,1028,0,0,0,0,0,1,1,0,0,0,28.88674664,0,0,0,0,3,1,1,1,100,0,0,0,3,1,1,0.1,3000,0,0,0,0,0,0,0,0,0,0,0,0,0,0,0,0,0,0,0,0,0,0,0,0,0,0,0,0,0,0,0,0,0,0,0,0,0,0,0,0,0,0,0,0,0,0,0,0,0,0,0
1989,237,7,51,17.532,2,8,0,-1,1,0,1,1,25,0,0,0,1028,0,0,0,0,0,1,1,0,0,0,28.92809566,0,0,0,0,3,1,1,1,100,0,0,0,3,1,1,0.1,3000,0,0,0,0,0,0,0,0,0,0,0,0,0,0,0,0,0,0,0,0,0,0,0,0,0,0,0,0,0,0,0,0,0,0,0,0,0,0,0,0,0,0,0,0,0,0,0,0,0,0,0
1989,237,7,54,54.613,2,8,0,-1,0,0,1,1,25,0,0,0,1028,0,0,0,0,0,1,1,0,0,0,29.31949139,0,0,0,0,3,1,1,1,100,0,0,0,3,1,1,0.1,3000,0,0,0,0,0,0,0,0,0,0,0,0,0,0,0,0,0,0,0,0,0,0,0,0,0,0,0,0,0,0,0,0,0,0,0,0,0,0,0,0,0,0,0,0,0,0,0,0,0,0,0
1989,237,7,55,17.532,2,8,0,-1,1,0,1,1,25,0,0,0,1028,0,0,0,0,0,1,1,0,0,0,29.36079029,0,0,0,0,3,1,1,1,100,0,0,0,3,1,1,0.1,3000,0,0,0,0,0,0,0,0,0,0,0,0,0,0,0,0,0,0,0,0,0,0,0,0,0,0,0,0,0,0,0,0,0,0,0,0,0,0,0,0,0,0,0,0,0,0,0,0,0,0,0
1989,237,7,56,30.613,2,8,0,-1,0,0,1,1,25,0,0,0,1028,0,0,0,0,0,1,1,0,0,0,29.49244349,0,0,0,0,3,1,1,1,100,0,0,0,3,1,1,0.1,3000,0,0,0,0,0,0,0,0,0,0,0,0,0,0,0,0,0,0,0,0,0,0,0,0,0,0,0,0,0,0,0,0,0,0,0,0,0,0,0,0,0,0,0,0,0,0,0,0,0,0,0
1989,237,7,56,53.533,2,8,0,-1,1,0,1,1,25,0,0,0,1028,0,0,0,0,0,1,1,0,0,0,29.53372367,0,0,0,0,3,1,1,1,100,0,0,0,3,1,1,0.1,3000,0,0,0,0,0,0,0,0,0,0,0,0,0,0,0,0,0,0,0,0,0,0,0,0,0,0,0,0,0,0,0,0,0,0,0,0,0,0,0,0,0,0,0,0,0,0,0,0,0,0,0
1989,237,7,58,6.613,2,8,0,-1,0,0,1,1,25,0,0,0,1028,0,0,0,0,0,1,1,0,0,0,29.66531291,0,0,0,0,3,1,1,1,100,0,0,0,3,1,1,0.1,3000,0,0,0,0,0,0,0,0,0,0,0,0,0,0,0,0,0,0,0,0,0,0,0,0,0,0,0,0,0,0,0,0,0,0,0,0,0,0,0,0,0,0,0,0,0,0,0,0,0,0,0
1989,237,7,58,29.532,2,8,0,-1,1,0,1,1,25,0,0,0,1028,0,0,0,0,0,1,1,0,0,0,29.70657373,0,0,0,0,3,1,1,1,100,0,0,0,3,1,1,0.1,3000,0,0,0,0,0,0,0,0,0,0,0,0,0,0,0,0,0,0,0,0,0,0,0,0,0,0,0,0,0,0,0,0,0,0,0,0,0,0,0,0,0,0,0,0,0,0,0,0,0,0,0
1989,237,7,59,42.612,2,8,0,-1,0,0,1,1,25,0,0,0,1028,0,0,0,0,0,1,1,0,0,0,29.83810158,0,0,0,0,3,1,1,1,100,0,0,0,3,1,1,0.1,3000,0,0,0,0,0,0,0,0,0,0,0,0,0,0,0,0,0,0,0,0,0,0,0,0,0,0,0,0,0,0,0,0,0,0,0,0,0,0,0,0,0,0,0,0,0,0,0,0,0,0,0
1989,237,8,0,5.532,2,8,0,-1,1,0,1,1,25,0,0,0,1028,0,0,0,0,0,1,1,0,0,0,29.87934326,0,0,0,0,3,1,1,1,100,0,0,0,3,1,1,0.1,3000,0,0,0,0,0,0,0,0,0,0,0,0,0,0,0,0,0,0,0,0,0,0,0,0,0,0,0,0,0,0,0,0,0,0,0,0,0,0,0,0,0,0,0,0,0,0,0,0,0,0,0
1989,237,8,1,18.612,2,8,0,-1,0,0,1,1,25,0,0,0,1028,0,0,0,0,0,1,1,0,0,0,30.01081138,0,0,0,0,3,1,1,1,100,0,0,0,3,1,1,0.1,3000,0,0,0,0,0,0,0,0,0,0,0,0,0,0,0,0,0,0,0,0,0,0,0,0,0,0,0,0,0,0,0,0,0,0,0,0,0,0,0,0,0,0,0,0,0,0,0,0,0,0,0
1989,237,8,1,41.532,2,8,0,-1,1,0,1,1,25,0,0,0,1028,0,0,0,0,0,1,1,0,0,0,30.05203416,0,0,0,0,3,1,1,1,100,0,0,0,3,1,1,0.1,3000,0,0,0,0,0,0,0,0,0,0,0,0,0,0,0,0,0,0,0,0,0,0,0,0,0,0,0,0,0,0,0,0,0,0,0,0,0,0,0,0,0,0,0,0,0,0,0,0,0,0,0
1989,237,8,2,54.612,2,8,0,-1,0,0,1,1,25,0,0,0,1028,0,0,0,0,0,1,1,0,0,0,30.18344238,0,0,0,0,3,1,1,1,100,0,0,0,3,1,1,0.1,3000,0,0,0,0,0,0,0,0,0,0,0,0,0,0,0,0,0,0,0,0,0,0,0,0,0,0,0,0,0,0,0,0,0,0,0,0,0,0,0,0,0,0,0,0,0,0,0,0,0,0,0
1989,237,8,3,17.532,2,8,0,-1,1,0,1,1,25,0,0,0,1028,0,0,0,0,0,1,1,0,0,0,30.22464648,0,0,0,0,3,1,1,1,100,0,0,0,3,1,1,0.1,3000,0,0,0,0,0,0,0,0,0,0,0,0,0,0,0,0,0,0,0,0,0,0,0,0,0,0,0,0,0,0,0,0,0,0,0,0,0,0,0,0,0,0,0,0,0,0,0,0,0,0,0
1989,237,8,6,54.612,2,8,0,-1,0,0,1,1,25,0,0,0,1028,0,0,0,0,0,1,1,0,0,0,30.61468131,0,0,0,0,3,1,1,1,100,0,0,0,3,1,1,0.1,3000,0,0,0,0,0,0,0,0,0,0,0,0,0,0,0,0,0,0,0,0,0,0,0,0,0,0,0,0,0,0,0,0,0,0,0,0,0,0,0,0,0,0,0,0,0,0,0,0,0,0,0
1989,237,8,7,17.532,2,8,0,-1,1,0,1,1,25,0,0,0,1028,0,0,0,0,0,1,1,0,0,0,30.6558397,0,0,0,0,3,1,1,1,100,0,0,0,3,1,1,0.1,3000,0,0,0,0,0,0,0,0,0,0,0,0,0,0,0,0,0,0,0,0,0,0,0,0,0,0,0,0,0,0,0,0,0,0,0,0,0,0,0,0,0,0,0,0,0,0,0,0,0,0,0
1989,237,8,8,30.612,2,8,0,-1,0,0,1,1,25,0,0,0,1028,0,0,0,0,0,1,1,0,0,0,30.78704388,0,0,0,0,3,1,1,1,100,0,0,0,3,1,1,0.1,3000,0,0,0,0,0,0,0,0,0,0,0,0,0,0,0,0,0,0,0,0,0,0,0,0,0,0,0,0,0,0,0,0,0,0,0,0,0,0,0,0,0,0,0,0,0,0,0,0,0,0,0
1989,237,8,8,53.532,2,8,0,-1,1,0,1,1,25,0,0,0,1028,0,0,0,0,0,1,1,0,0,0,30.82818437,0,0,0,0,3,1,1,1,100,0,0,0,3,1,1,0.1,3000,0,0,0,0,0,0,0,0,0,0,0,0,0,0,0,0,0,0,0,0,0,0,0,0,0,0,0,0,0,0,0,0,0,0,0,0,0,0,0,0,0,0,0,0,0,0,0,0,0,0,0
1989,237,8,10,6.612,2,8,0,-1,0,0,1,1,25,0,0,0,1028,0,0,0,0,0,1,1,0,0,0,30.95933179,0,0,0,0,3,1,1,1,100,0,0,0,3,1,1,0.1,3000,0,0,0,0,0,0,0,0,0,0,0,0,0,0,0,0,0,0,0,0,0,0,0,0,0,0,0,0,0,0,0,0,0,0,0,0,0,0,0,0,0,0,0,0,0,0,0,0,0,0,0
1989,237,8,10,29.532,2,8,0,-1,1,0,1,1,25,0,0,0,1028,0,0,0,0,0,1,1,0,0,0,31.00045459,0,0,0,0,3,1,1,1,100,0,0,0,3,1,1,0.1,3000,0,0,0,0,0,0,0,0,0,0,0,0,0,0,0,0,0,0,0,0,0,0,0,0,0,0,0,0,0,0,0,0,0,0,0,0,0,0,0,0,0,0,0,0,0,0,0,0,0,0,0
1989,237,8,11,42.611,2,8,0,-1,0,0,1,1,25,0,0,0,1028,0,0,0,0,0,1,1,0,0,0,31.13154504,0,0,0,0,3,1,1,1,100,0,0,0,3,1,1,0.1,3000,0,0,0,0,0,0,0,0,0,0,0,0,0,0,0,0,0,0,0,0,0,0,0,0,0,0,0,0,0,0,0,0,0,0,0,0,0,0,0,0,0,0,0,0,0,0,0,0,0,0,0
1989,237,8,12,5.531,2,8,0,-1,1,0,1,1,25,0,0,0,1028,0,0,0,0,0,1,1,0,0,0,31.17265036,0,0,0,0,3,1,1,1,100,0,0,0,3,1,1,0.1,3000,0,0,0,0,0,0,0,0,0,0,0,0,0,0,0,0,0,0,0,0,0,0,0,0,0,0,0,0,0,0,0,0,0,0,0,0,0,0,0,0,0,0,0,0,0,0,0,0,0,0,0
1989,237,8,13,18.611,2,8,0,-1,0,0,1,1,25,0,0,0,1028,0,0,0,0,0,1,1,0,0,0,31.30368538,0,0,0,0,3,1,1,1,100,0,0,0,3,1,1,0.1,3000,0,0,0,0,0,0,0,0,0,0,0,0,0,0,0,0,0,0,0,0,0,0,0,0,0,0,0,0,0,0,0,0,0,0,0,0,0,0,0,0,0,0,0,0,0,0,0,0,0,0,0
1989,237,8,13,41.531,2,8,0,-1,1,0,1,1,25,0,0,0,1028,0,0,0,0,0,1,1,0,0,0,31.34477341,0,0,0,0,3,1,1,1,100,0,0,0,3,1,1,0.1,3000,0,0,0,0,0,0,0,0,0,0,0,0,0,0,0,0,0,0,0,0,0,0,0,0,0,0,0,0,0,0,0,0,0,0,0,0,0,0,0,0,0,0,0,0,0,0,0,0,0,0,0
1989,237,8,14,54.611,2,8,0,-1,0,0,1,1,25,0,0,0,1028,0,0,0,0,0,1,1,0,0,0,31.47575455,0,0,0,0,3,1,1,1,100,0,0,0,3,1,1,0.1,3000,0,0,0,0,0,0,0,0,0,0,0,0,0,0,0,0,0,0,0,0,0,0,0,0,0,0,0,0,0,0,0,0,0,0,0,0,0,0,0,0,0,0,0,0,0,0,0,0,0,0,0
1989,237,8,15,17.531,2,8,0,-1,1,0,1,1,25,0,0,0,1028,0,0,0,0,0,1,1,0,0,0,31.5168255,0,0,0,0,3,1,1,1,100,0,0,0,3,1,1,0.1,3000,0,0,0,0,0,0,0,0,0,0,0,0,0,0,0,0,0,0,0,0,0,0,0,0,0,0,0,0,0,0,0,0,0,0,0,0,0,0,0,0,0,0,0,0,0,0,0,0,0,0,0
1989,237,8,18,54.611,2,8,0,-1,0,0,1,1,25,0,0,0,1028,0,0,0,0,0,1,1,0,0,0,31.90561761,0,0,0,0,3,1,1,1,100,0,0,0,3,1,1,0.1,3000,0,0,0,0,0,0,0,0,0,0,0,0,0,0,0,0,0,0,0,0,0,0,0,0,0,0,0,0,0,0,0,0,0,0,0,0,0,0,0,0,0,0,0,0,0,0,0,0,0,0,0
1989,237,8,19,17.531,2,8,0,-1,1,0,1,1,25,0,0,0,1028,0,0,0,0,0,1,1,0,0,0,31.94664671,0,0,0,0,3,1,1,1,100,0,0,0,3,1,1,0.1,3000,0,0,0,0,0,0,0,0,0,0,0,0,0,0,0,0,0,0,0,0,0,0,0,0,0,0,0,0,0,0,0,0,0,0,0,0,0,0,0,0,0,0,0,0,0,0,0,0,0,0,0
1989,237,8,20,30.611,2,8,0,-1,0,0,1,1,25,0,0,0,1028,0,0,0,0,0,1,1,0,0,0,32.07744101,0,0,0,0,3,1,1,1,100,0,0,0,3,1,1,0.1,3000,0,0,0,0,0,0,0,0,0,0,0,0,0,0,0,0,0,0,0,0,0,0,0,0,0,0,0,0,0,0,0,0,0,0,0,0,0,0,0,0,0,0,0,0,0,0,0,0,0,0,0
1989,237,8,20,53.531,2,8,0,-1,1,0,1,1,25,0,0,0,1028,0,0,0,0,0,1,1,0,0,0,32.1184537,0,0,0,0,3,1,1,1,100,0,0,0,3,1,1,0.1,3000,0,0,0,0,0,0,0,0,0,0,0,0,0,0,0,0,0,0,0,0,0,0,0,0,0,0,0,0,0,0,0,0,0,0,0,0,0,0,0,0,0,0,0,0,0,0,0,0,0,0,0
1989,237,8,22,6.611,2,8,0,-1,0,0,1,1,25,0,0,0,1028,0,0,0,0,0,1,1,0,0,0,32.24919598,0,0,0,0,3,1,1,1,100,0,0,0,3,1,1,0.1,3000,0,0,0,0,0,0,0,0,0,0,0,0,0,0,0,0,0,0,0,0,0,0,0,0,0,0,0,0,0,0,0,0,0,0,0,0,0,0,0,0,0,0,0,0,0,0,0,0,0,0,0
1989,237,8,22,29.531,2,8,0,-1,1,0,1,1,25,0,0,0,1028,0,0,0,0,0,1,1,0,0,0,32.29019244,0,0,0,0,3,1,1,1,100,0,0,0,3,1,1,0.1,3000,0,0,0,0,0,0,0,0,0,0,0,0,0,0,0,0,0,0,0,0,0,0,0,0,0,0,0,0,0,0,0,0,0,0,0,0,0,0,0,0,0,0,0,0,0,0,0,0,0,0,0
1989,237,8,23,42.611,2,8,0,-1,0,0,1,1,25,0,0,0,1028,0,0,0,0,0,1,1,0,0,0,32.42088328,0,0,0,0,3,1,1,1,100,0,0,0,3,1,1,0.1,3000,0,0,0,0,0,0,0,0,0,0,0,0,0,0,0,0,0,0,0,0,0,0,0,0,0,0,0,0,0,0,0,0,0,0,0,0,0,0,0,0,0,0,0,0,0,0,0,0,0,0,0
1989,237,8,24,5.531,2,8,0,-1,1,0,1,1,25,0,0,0,1028,0,0,0,0,0,1,1,0,0,0,32.4618637,0,0,0,0,3,1,1,1,100,0,0,0,3,1,1,0.1,3000,0,0,0,0,0,0,0,0,0,0,0,0,0,0,0,0,0,0,0,0,0,0,0,0,0,0,0,0,0,0,0,0,0,0,0,0,0,0,0,0,0,0,0,0,0,0,0,0,0,0,0
1989,237,8,25,18.61,2,8,0,-1,0,0,1,1,25,0,0,0,1028,0,0,0,0,0,1,1,0,0,0,32.59250189,0,0,0,0,3,1,1,1,100,0,0,0,3,1,1,0.1,3000,0,0,0,0,0,0,0,0,0,0,0,0,0,0,0,0,0,0,0,0,0,0,0,0,0,0,0,0,0,0,0,0,0,0,0,0,0,0,0,0,0,0,0,0,0,0,0,0,0,0,0
1989,237,8,25,41.53,2,8,0,-1,1,0,1,1,25,0,0,0,1028,0,0,0,0,0,1,1,0,0,0,32.63346645,0,0,0,0,3,1,1,1,100,0,0,0,3,1,1,0.1,3000,0,0,0,0,0,0,0,0,0,0,0,0,0,0,0,0,0,0,0,0,0,0,0,0,0,0,0,0,0,0,0,0,0,0,0,0,0,0,0,0,0,0,0,0,0,0,0,0,0,0,0
1989,237,8,26,54.61,2,8,0,-1,0,0,1,1,25,0,0,0,1028,0,0,0,0,0,1,1,0,0,0,32.76405612,0,0,0,0,3,1,1,1,100,0,0,0,3,1,1,0.1,3000,0,0,0,0,0,0,0,0,0,0,0,0,0,0,0,0,0,0,0,0,0,0,0,0,0,0,0,0,0,0,0,0,0,0,0,0,0,0,0,0,0,0,0,0,0,0,0,0,0,0,0
1989,237,8,27,17.53,2,8,0,-1,1,0,1,1,25,0,0,0,1028,0,0,0,0,0,1,1,0,0,0,32.80500499,0,0,0,0,3,1,1,1,100,0,0,0,3,1,1,0.1,3000,0,0,0,0,0,0,0,0,0,0,0,0,0,0,0,0,0,0,0,0,0,0,0,0,0,0,0,0,0,0,0,0,0,0,0,0,0,0,0,0,0,0,0,0,0,0,0,0,0,0,0
1989,237,8,30,54.61,2,8,0,-1,0,0,1,1,25,0,0,0,1028,0,0,0,0,0,1,1,0,0,0,33.19265699,0,0,0,0,3,1,1,1,100,0,0,0,3,1,1,0.1,3000,0,0,0,0,0,0,0,0,0,0,0,0,0,0,0,0,0,0,0,0,0,0,0,0,0,0,0,0,0,0,0,0,0,0,0,0,0,0,0,0,0,0,0,0,0,0,0,0,0,0,0
1989,237,8,31,17.53,2,8,0,-1,1,0,1,1,25,0,0,0,1028,0,0,0,0,0,1,1,0,0,0,33.23356738,0,0,0,0,3,1,1,1,100,0,0,0,3,1,1,0.1,3000,0,0,0,0,0,0,0,0,0,0,0,0,0,0,0,0,0,0,0,0,0,0,0,0,0,0,0,0,0,0,0,0,0,0,0,0,0,0,0,0,0,0,0,0,0,0,0,0,0,0,0
1989,237,8,32,30.609,2,8,0,-1,0,0,1,1,25,0,0,0,1028,0,0,0,0,0,1,1,0,0,0,33.36398352,0,0,0,0,3,1,1,1,100,0,0,0,3,1,1,0.1,3000,0,0,0,0,0,0,0,0,0,0,0,0,0,0,0,0,0,0,0,0,0,0,0,0,0,0,0,0,0,0,0,0,0,0,0,0,0,0,0,0,0,0,0,0,0,0,0,0,0,0,0
1989,237,8,32,53.529,2,8,0,-1,1,0,1,1,25,0,0,0,1028,0,0,0,0,0,1,1,0,0,0,33.40487882,0,0,0,0,3,1,1,1,100,0,0,0,3,1,1,0.1,3000,0,0,0,0,0,0,0,0,0,0,0,0,0,0,0,0,0,0,0,0,0,0,0,0,0,0,0,0,0,0,0,0,0,0,0,0,0,0,0,0,0,0,0,0,0,0,0,0,0,0,0
1989,237,8,34,6.61,2,8,0,-1,0,0,1,1,25,0,0,0,1028,0,0,0,0,0,1,1,0,0,0,33.53525064,0,0,0,0,3,1,1,1,100,0,0,0,3,1,1,0.1,3000,0,0,0,0,0,0,0,0,0,0,0,0,0,0,0,0,0,0,0,0,0,0,0,0,0,0,0,0,0,0,0,0,0,0,0,0,0,0,0,0,0,0,0,0,0,0,0,0,0,0,0
1989,237,8,34,29.53,2,8,0,-1,1,0,1,1,25,0,0,0,1028,0,0,0,0,0,1,1,0,0,0,33.576131,0,0,0,0,3,1,1,1,100,0,0,0,3,1,1,0.1,3000,0,0,0,0,0,0,0,0,0,0,0,0,0,0,0,0,0,0,0,0,0,0,0,0,0,0,0,0,0,0,0,0,0,0,0,0,0,0,0,0,0,0,0,0,0,0,0,0,0,0,0
1989,237,8,35,42.61,2,8,0,-1,0,0,1,1,25,0,0,0,1028,0,0,0,0,0,1,1,0,0,0,33.70645367,0,0,0,0,3,1,1,1,100,0,0,0,3,1,1,0.1,3000,0,0,0,0,0,0,0,0,0,0,0,0,0,0,0,0,0,0,0,0,0,0,0,0,0,0,0,0,0,0,0,0,0,0,0,0,0,0,0,0,0,0,0,0,0,0,0,0,0,0,0
1989,237,8,36,5.529,2,8,0,-1,1,0,1,1,25,0,0,0,1028,0,0,0,0,0,1,1,0,0,0,33.74731747,0,0,0,0,3,1,1,1,100,0,0,0,3,1,1,0.1,3000,0,0,0,0,0,0,0,0,0,0,0,0,0,0,0,0,0,0,0,0,0,0,0,0,0,0,0,0,0,0,0,0,0,0,0,0,0,0,0,0,0,0,0,0,0,0,0,0,0,0,0
1989,237,8,37,18.609,2,8,0,-1,0,0,1,1,25,0,0,0,1028,0,0,0,0,0,1,1,0,0,0,33.87759417,0,0,0,0,3,1,1,1,100,0,0,0,3,1,1,0.1,3000,0,0,0,0,0,0,0,0,0,0,0,0,0,0,0,0,0,0,0,0,0,0,0,0,0,0,0,0,0,0,0,0,0,0,0,0,0,0,0,0,0,0,0,0,0,0,0,0,0,0,0
1989,237,8,37,41.529,2,8,0,-1,1,0,1,1,25,0,0,0,1028,0,0,0,0,0,1,1,0,0,0,33.91844424,0,0,0,0,3,1,1,1,100,0,0,0,3,1,1,0.1,3000,0,0,0,0,0,0,0,0,0,0,0,0,0,0,0,0,0,0,0,0,0,0,0,0,0,0,0,0,0,0,0,0,0,0,0,0,0,0,0,0,0,0,0,0,0,0,0,0,0,0,0
1989,237,8,38,54.609,2,8,0,-1,0,0,1,1,25,0,0,0,1028,0,0,0,0,0,1,1,0,0,0,34.04867367,0,0,0,0,3,1,1,1,100,0,0,0,3,1,1,0.1,3000,0,0,0,0,0,0,0,0,0,0,0,0,0,0,0,0,0,0,0,0,0,0,0,0,0,0,0,0,0,0,0,0,0,0,0,0,0,0,0,0,0,0,0,0,0,0,0,0,0,0,0
1989,237,8,39,17.529,2,8,0,-1,1,0,1,1,25,0,0,0,1028,0,0,0,0,0,1,1,0,0,0,34.08951016,0,0,0,0,3,1,1,1,100,0,0,0,3,1,1,0.1,3000,0,0,0,0,0,0,0,0,0,0,0,0,0,0,0,0,0,0,0,0,0,0,0,0,0,0,0,0,0,0,0,0,0,0,0,0,0,0,0,0,0,0,0,0,0,0,0,0,0,0,0
1989,237,8,42,54.609,2,8,0,-1,0,0,1,1,25,0,0,0,1028,0,0,0,0,0,1,1,0,0,0,34.47611195,0,0,0,0,3,1,1,1,100,0,0,0,3,1,1,0.1,3000,0,0,0,0,0,0,0,0,0,0,0,0,0,0,0,0,0,0,0,0,0,0,0,0,0,0,0,0,0,0,0,0,0,0,0,0,0,0,0,0,0,0,0,0,0,0,0,0,0,0,0
1989,237,8,43,17.529,2,8,0,-1,1,0,1,1,25,0,0,0,1028,0,0,0,0,0,1,1,0,0,0,34.51691293,0,0,0,0,3,1,1,1,100,0,0,0,3,1,1,0.1,3000,0,0,0,0,0,0,0,0,0,0,0,0,0,0,0,0,0,0,0,0,0,0,0,0,0,0,0,0,0,0,0,0,0,0,0,0,0,0,0,0,0,0,0,0,0,0,0,0,0,0,0
1989,237,8,44,30.609,2,8,0,-1,0,0,1,1,25,0,0,0,1028,0,0,0,0,0,1,1,0,0,0,34.64698381,0,0,0,0,3,1,1,1,100,0,0,0,3,1,1,0.1,3000,0,0,0,0,0,0,0,0,0,0,0,0,0,0,0,0,0,0,0,0,0,0,0,0,0,0,0,0,0,0,0,0,0,0,0,0,0,0,0,0,0,0,0,0,0,0,0,0,0,0,0
1989,237,8,44,53.529,2,8,0,-1,1,0,1,1,25,0,0,0,1028,0,0,0,0,0,1,1,0,0,0,34.68776995,0,0,0,0,3,1,1,1,100,0,0,0,3,1,1,0.1,3000,0,0,0,0,0,0,0,0,0,0,0,0,0,0,0,0,0,0,0,0,0,0,0,0,0,0,0,0,0,0,0,0,0,0,0,0,0,0,0,0,0,0,0,0,0,0,0,0,0,0,0
1989,237,8,46,6.609,2,8,0,-1,0,0,1,1,25,0,0,0,1028,0,0,0,0,0,1,1,0,0,0,34.81779746,0,0,0,0,3,1,1,1,100,0,0,0,3,1,1,0.1,3000,0,0,0,0,0,0,0,0,0,0,0,0,0,0,0,0,0,0,0,0,0,0,0,0,0,0,0,0,0,0,0,0,0,0,0,0,0,0,0,0,0,0,0,0,0,0,0,0,0,0,0
1989,237,8,46,29.529,2,8,0,-1,1,0,1,1,25,0,0,0,1028,0,0,0,0,0,1,1,0,0,0,34.85856978,0,0,0,0,3,1,1,1,100,0,0,0,3,1,1,0.1,3000,0,0,0,0,0,0,0,0,0,0,0,0,0,0,0,0,0,0,0,0,0,0,0,0,0,0,0,0,0,0,0,0,0,0,0,0,0,0,0,0,0,0,0,0,0,0,0,0,0,0,0
1989,237,8,47,42.609,2,8,0,-1,0,0,1,1,25,0,0,0,1028,0,0,0,0,0,1,1,0,0,0,34.98855258,0,0,0,0,3,1,1,1,100,0,0,0,3,1,1,0.1,3000,0,0,0,0,0,0,0,0,0,0,0,0,0,0,0,0,0,0,0,0,0,0,0,0,0,0,0,0,0,0,0,0,0,0,0,0,0,0,0,0,0,0,0,0,0,0,0,0,0,0,0
1989,237,8,48,5.529,2,8,0,-1,1,0,1,1,25,0,0,0,1028,0,0,0,0,0,1,1,0,0,0,35.02931301,0,0,0,0,3,1,1,1,100,0,0,0,3,1,1,0.1,3000,0,0,0,0,0,0,0,0,0,0,0,0,0,0,0,0,0,0,0,0,0,0,0,0,0,0,0,0,0,0,0,0,0,0,0,0,0,0,0,0,0,0,0,0,0,0,0,0,0,0,0
1989,237,8,49,18.609,2,8,0,-1,0,0,1,1,25,0,0,0,1028,0,0,0,0,0,1,1,0,0,0,35.15925242,0,0,0,0,3,1,1,1,100,0,0,0,3,1,1,0.1,3000,0,0,0,0,0,0,0,0,0,0,0,0,0,0,0,0,0,0,0,0,0,0,0,0,0,0,0,0,0,0,0,0,0,0,0,0,0,0,0,0,0,0,0,0,0,0,0,0,0,0,0
1989,237,8,49,41.528,2,8,0,-1,1,0,1,1,25,0,0,0,1028,0,0,0,0,0,1,1,0,0,0,35.19999664,0,0,0,0,3,1,1,1,100,0,0,0,3,1,1,0.1,3000,0,0,0,0,0,0,0,0,0,0,0,0,0,0,0,0,0,0,0,0,0,0,0,0,0,0,0,0,0,0,0,0,0,0,0,0,0,0,0,0,0,0,0,0,0,0,0,0,0,0,0
1989,237,8,50,54.607,2,8,0,-1,0,0,1,1,25,0,0,0,1028,0,0,0,0,0,1,1,0,0,0,35.32989221,0,0,0,0,3,1,1,1,100,0,0,0,3,1,1,0.1,3000,0,0,0,0,0,0,0,0,0,0,0,0,0,0,0,0,0,0,0,0,0,0,0,0,0,0,0,0,0,0,0,0,0,0,0,0,0,0,0,0,0,0,0,0,0,0,0,0,0,0,0
1989,237,8,51,17.528,2,8,0,-1,1,0,1,1,25,0,0,0,1028,0,0,0,0,0,1,1,0,0,0,35.3706257,0,0,0,0,3,1,1,1,100,0,0,0,3,1,1,0.1,3000,0,0,0,0,0,0,0,0,0,0,0,0,0,0,0,0,0,0,0,0,0,0,0,0,0,0,0,0,0,0,0,0,0,0,0,0,0,0,0,0,0,0,0,0,0,0,0,0,0,0,0
1989,237,8,54,54.607,2,8,0,-1,0,0,1,1,25,0,0,0,1028,0,0,0,0,0,1,1,0,0,0,35.75625477,0,0,0,0,3,1,1,1,100,0,0,0,3,1,1,0.1,3000,0,0,0,0,0,0,0,0,0,0,0,0,0,0,0,0,0,0,0,0,0,0,0,0,0,0,0,0,0,0,0,0,0,0,0,0,0,0,0,0,0,0,0,0,0,0,0,0,0,0,0
1989,237,8,55,17.527,2,8,0,-1,1,0,1,1,25,0,0,0,1028,0,0,0,0,0,1,1,0,0,0,35.79695441,0,0,0,0,3,1,1,1,100,0,0,0,3,1,1,0.1,3000,0,0,0,0,0,0,0,0,0,0,0,0,0,0,0,0,0,0,0,0,0,0,0,0,0,0,0,0,0,0,0,0,0,0,0,0,0,0,0,0,0,0,0,0,0,0,0,0,0,0,0
1989,237,8,56,30.607,2,8,0,-1,0,0,1,1,25,0,0,0,1028,0,0,0,0,0,1,1,0,0,0,35.92670376,0,0,0,0,3,1,1,1,100,0,0,0,3,1,1,0.1,3000,0,0,0,0,0,0,0,0,0,0,0,0,0,0,0,0,0,0,0,0,0,0,0,0,0,0,0,0,0,0,0,0,0,0,0,0,0,0,0,0,0,0,0,0,0,0,0,0,0,0,0
1989,237,8,56,53.527,2,8,0,-1,1,0,1,1,25,0,0,0,1028,0,0,0,0,0,1,1,0,0,0,35.96739043,0,0,0,0,3,1,1,1,100,0,0,0,3,1,1,0.1,3000,0,0,0,0,0,0,0,0,0,0,0,0,0,0,0,0,0,0,0,0,0,0,0,0,0,0,0,0,0,0,0,0,0,0,0,0,0,0,0,0,0,0,0,0,0,0,0,0,0,0,0
1989,237,8,58,6.608,2,8,0,-1,0,0,1,1,25,0,0,0,1028,0,0,0,0,0,1,1,0,0,0,36.09709952,0,0,0,0,3,1,1,1,100,0,0,0,3,1,1,0.1,3000,0,0,0,0,0,0,0,0,0,0,0,0,0,0,0,0,0,0,0,0,0,0,0,0,0,0,0,0,0,0,0,0,0,0,0,0,0,0,0,0,0,0,0,0,0,0,0,0,0,0,0
1989,237,8,58,29.528,2,8,0,-1,1,0,1,1,25,0,0,0,1028,0,0,0,0,0,1,1,0,0,0,36.13777246,0,0,0,0,3,1,1,1,100,0,0,0,3,1,1,0.1,3000,0,0,0,0,0,0,0,0,0,0,0,0,0,0,0,0,0,0,0,0,0,0,0,0,0,0,0,0,0,0,0,0,0,0,0,0,0,0,0,0,0,0,0,0,0,0,0,0,0,0,0
1989,237,8,59,42.607,2,8,0,-1,0,0,1,1,25,0,0,0,1028,0,0,0,0,0,1,1,0,0,0,36.2674399,0,0,0,0,3,1,1,1,100,0,0,0,3,1,1,0.1,3000,0,0,0,0,0,0,0,0,0,0,0,0,0,0,0,0,0,0,0,0,0,0,0,0,0,0,0,0,0,0,0,0,0,0,0,0,0,0,0,0,0,0,0,0,0,0,0,0,0,0,0
1989,237,9,0,5.528,2,8,0,-1,1,0,1,1,25,0,0,0,1028,0,0,0,0,0,1,1,0,0,0,36.30810189,0,0,0,0,3,1,1,1,100,0,0,0,3,1,1,0.1,3000,0,0,0,0,0,0,0,0,0,0,0,0,0,0,0,0,0,0,0,0,0,0,0,0,0,0,0,0,0,0,0,0,0,0,0,0,0,0,0,0,0,0,0,0,0,0,0,0,0,0,0
1989,237,9,1,18.608,2,8,0,-1,0,0,1,1,25,0,0,0,1028,0,0,0,0,0,1,1,0,0,0,36.43772894,0,0,0,0,3,1,1,1,100,0,0,0,3,1,1,0.1,3000,0,0,0,0,0,0,0,0,0,0,0,0,0,0,0,0,0,0,0,0,0,0,0,0,0,0,0,0,0,0,0,0,0,0,0,0,0,0,0,0,0,0,0,0,0,0,0,0,0,0,0
1989,237,9,1,41.527,2,8,0,-1,1,0,1,1,25,0,0,0,1028,0,0,0,0,0,1,1,0,0,0,36.47837566,0,0,0,0,3,1,1,1,100,0,0,0,3,1,1,0.1,3000,0,0,0,0,0,0,0,0,0,0,0,0,0,0,0,0,0,0,0,0,0,0,0,0,0,0,0,0,0,0,0,0,0,0,0,0,0,0,0,0,0,0,0,0,0,0,0,0,0,0,0
1989,237,9,2,54.608,2,8,0,-1,0,0,1,1,25,0,0,0,1028,0,0,0,0,0,1,1,0,0,0,36.60796357,0,0,0,0,3,1,1,1,100,0,0,0,3,1,1,0.1,3000,0,0,0,0,0,0,0,0,0,0,0,0,0,0,0,0,0,0,0,0,0,0,0,0,0,0,0,0,0,0,0,0,0,0,0,0,0,0,0,0,0,0,0,0,0,0,0,0,0,0,0
1989,237,9,3,17.528,2,8,0,-1,1,0,1,1,25,0,0,0,1028,0,0,0,0,0,1,1,0,0,0,36.64859957,0,0,0,0,3,1,1,1,100,0,0,0,3,1,1,0.1,3000,0,0,0,0,0,0,0,0,0,0,0,0,0,0,0,0,0,0,0,0,0,0,0,0,0,0,0,0,0,0,0,0,0,0,0,0,0,0,0,0,0,0,0,0,0,0,0,0,0,0,0
1989,237,9,6,54.607,2,8,0,-1,0,0,1,1,25,0,0,0,1028,0,0,0,0,0,1,1,0,0,0,37.03332429,0,0,0,0,3,1,1,1,100,0,0,0,3,1,1,0.1,3000,0,0,0,0,0,0,0,0,0,0,0,0,0,0,0,0,0,0,0,0,0,0,0,0,0,0,0,0,0,0,0,0,0,0,0,0,0,0,0,0,0,0,0,0,0,0,0,0,0,0,0
1989,237,9,7,17.526,2,8,0,-1,1,0,1,1,25,0,0,0,1028,0,0,0,0,0,1,1,0,0,0,37.07392776,0,0,0,0,3,1,1,1,100,0,0,0,3,1,1,0.1,3000,0,0,0,0,0,0,0,0,0,0,0,0,0,0,0,0,0,0,0,0,0,0,0,0,0,0,0,0,0,0,0,0,0,0,0,0,0,0,0,0,0,0,0,0,0,0,0,0,0,0,0
1989,237,9,8,30.607,2,8,0,-1,0,0,1,1,25,0,0,0,1028,0,0,0,0,0,1,1,0,0,0,37.20337925,0,0,0,0,3,1,1,1,100,0,0,0,3,1,1,0.1,3000,0,0,0,0,0,0,0,0,0,0,0,0,0,0,0,0,0,0,0,0,0,0,0,0,0,0,0,0,0,0,0,0,0,0,0,0,0,0,0,0,0,0,0,0,0,0,0,0,0,0,0
1989,237,9,8,53.526,2,8,0,-1,1,0,1,1,25,0,0,0,1028,0,0,0,0,0,1,1,0,0,0,37.2439715,0,0,0,0,3,1,1,1,100,0,0,0,3,1,1,0.1,3000,0,0,0,0,0,0,0,0,0,0,0,0,0,0,0,0,0,0,0,0,0,0,0,0,0,0,0,0,0,0,0,0,0,0,0,0,0,0,0,0,0,0,0,0,0,0,0,0,0,0,0
1989,237,9,10,6.607,2,8,0,-1,0,0,1,1,25,0,0,0,1028,0,0,0,0,0,1,1,0,0,0,37.37338366,0,0,0,0,3,1,1,1,100,0,0,0,3,1,1,0.1,3000,0,0,0,0,0,0,0,0,0,0,0,0,0,0,0,0,0,0,0,0,0,0,0,0,0,0,0,0,0,0,0,0,0,0,0,0,0,0,0,0,0,0,0,0,0,0,0,0,0,0,0
1989,237,9,10,29.526,2,8,0,-1,1,0,1,1,25,0,0,0,1028,0,0,0,0,0,1,1,0,0,0,37.41396301,0,0,0,0,3,1,1,1,100,0,0,0,3,1,1,0.1,3000,0,0,0,0,0,0,0,0,0,0,0,0,0,0,0,0,0,0,0,0,0,0,0,0,0,0,0,0,0,0,0,0,0,0,0,0,0,0,0,0,0,0,0,0,0,0,0,0,0,0,0
1989,237,9,11,42.607,2,8,0,-1,0,0,1,1,25,0,0,0,1028,0,0,0,0,0,1,1,0,0,0,37.54333794,0,0,0,0,3,1,1,1,100,0,0,0,3,1,1,0.1,3000,0,0,0,0,0,0,0,0,0,0,0,0,0,0,0,0,0,0,0,0,0,0,0,0,0,0,0,0,0,0,0,0,0,0,0,0,0,0,0,0,0,0,0,0,0,0,0,0,0,0,0
1989,237,9,12,5.527,2,8,0,-1,1,0,1,1,25,0,0,0,1028,0,0,0,0,0,1,1,0,0,0,37.58390716,0,0,0,0,3,1,1,1,100,0,0,0,3,1,1,0.1,3000,0,0,0,0,0,0,0,0,0,0,0,0,0,0,0,0,0,0,0,0,0,0,0,0,0,0,0,0,0,0,0,0,0,0,0,0,0,0,0,0,0,0,0,0,0,0,0,0,0,0,0
1989,237,9,13,18.607,2,8,0,-1,0,0,1,1,25,0,0,0,1028,0,0,0,0,0,1,1,0,0,0,37.71324253,0,0,0,0,3,1,1,1,100,0,0,0,3,1,1,0.1,3000,0,0,0,0,0,0,0,0,0,0,0,0,0,0,0,0,0,0,0,0,0,0,0,0,0,0,0,0,0,0,0,0,0,0,0,0,0,0,0,0,0,0,0,0,0,0,0,0,0,0,0
1989,237,9,13,41.526,2,8,0,-1,1,0,1,1,25,0,0,0,1028,0,0,0,0,0,1,1,0,0,0,37.75379818,0,0,0,0,3,1,1,1,100,0,0,0,3,1,1,0.1,3000,0,0,0,0,0,0,0,0,0,0,0,0,0,0,0,0,0,0,0,0,0,0,0,0,0,0,0,0,0,0,0,0,0,0,0,0,0,0,0,0,0,0,0,0,0,0,0,0,0,0,0
1989,237,9,14,54.607,2,8,0,-1,0,0,1,1,25,0,0,0,1028,0,0,0,0,0,1,1,0,0,0,37.88309787,0,0,0,0,3,1,1,1,100,0,0,0,3,1,1,0.1,3000,0,0,0,0,0,0,0,0,0,0,0,0,0,0,0,0,0,0,0,0,0,0,0,0,0,0,0,0,0,0,0,0,0,0,0,0,0,0,0,0,0,0,0,0,0,0,0,0,0,0,0
1989,237,9,15,17.526,2,8,0,-1,1,0,1,1,25,0,0,0,1028,0,0,0,0,0,1,1,0,0,0,37.92364271,0,0,0,0,3,1,1,1,100,0,0,0,3,1,1,0.1,3000,0,0,0,0,0,0,0,0,0,0,0,0,0,0,0,0,0,0,0,0,0,0,0,0,0,0,0,0,0,0,0,0,0,0,0,0,0,0,0,0,0,0,0,0,0,0,0,0,0,0,0
1989,237,9,18,54.606,2,8,0,-1,0,0,1,1,25,0,0,0,1028,0,0,0,0,0,1,1,0,0,0,38.30752179,0,0,0,0,3,1,1,1,100,0,0,0,3,1,1,0.1,3000,0,0,0,0,0,0,0,0,0,0,0,0,0,0,0,0,0,0,0,0,0,0,0,0,0,0,0,0,0,0,0,0,0,0,0,0,0,0,0,0,0,0,0,0,0,0,0,0,0,0,0
1989,237,9,19,17.525,2,8,0,-1,1,0,1,1,25,0,0,0,1028,0,0,0,0,0,1,1,0,0,0,38.34803784,0,0,0,0,3,1,1,1,100,0,0,0,3,1,1,0.1,3000,0,0,0,0,0,0,0,0,0,0,0,0,0,0,0,0,0,0,0,0,0,0,0,0,0,0,0,0,0,0,0,0,0,0,0,0,0,0,0,0,0,0,0,0,0,0,0,0,0,0,0
1989,237,9,20,30.606,2,8,0,-1,0,0,1,1,25,0,0,0,1028,0,0,0,0,0,1,1,0,0,0,38.47720812,0,0,0,0,3,1,1,1,100,0,0,0,3,1,1,0.1,3000,0,0,0,0,0,0,0,0,0,0,0,0,0,0,0,0,0,0,0,0,0,0,0,0,0,0,0,0,0,0,0,0,0,0,0,0,0,0,0,0,0,0,0,0,0,0,0,0,0,0,0
1989,237,9,20,53.525,2,8,0,-1,1,0,1,1,25,0,0,0,1028,0,0,0,0,0,1,1,0,0,0,38.51771284,0,0,0,0,3,1,1,1,100,0,0,0,3,1,1,0.1,3000,0,0,0,0,0,0,0,0,0,0,0,0,0,0,0,0,0,0,0,0,0,0,0,0,0,0,0,0,0,0,0,0,0,0,0,0,0,0,0,0,0,0,0,0,0,0,0,0,0,0,0
1989,237,9,22,6.606,2,8,0,-1,0,0,1,1,25,0,0,0,1028,0,0,0,0,0,1,1,0,0,0,38.64684712,0,0,0,0,3,1,1,1,100,0,0,0,3,1,1,0.1,3000,0,0,0,0,0,0,0,0,0,0,0,0,0,0,0,0,0,0,0,0,0,0,0,0,0,0,0,0,0,0,0,0,0,0,0,0,0,0,0,0,0,0,0,0,0,0,0,0,0,0,0
1989,237,9,22,29.525,2,8,0,-1,1,0,1,1,25,0,0,0,1028,0,0,0,0,0,1,1,0,0,0,38.68733971,0,0,0,0,3,1,1,1,100,0,0,0,3,1,1,0.1,3000,0,0,0,0,0,0,0,0,0,0,0,0,0,0,0,0,0,0,0,0,0,0,0,0,0,0,0,0,0,0,0,0,0,0,0,0,0,0,0,0,0,0,0,0,0,0,0,0,0,0,0
1989,237,9,23,42.606,2,8,0,-1,0,0,1,1,25,0,0,0,1028,0,0,0,0,0,1,1,0,0,0,38.8164392,0,0,0,0,3,1,1,1,100,0,0,0,3,1,1,0.1,3000,0,0,0,0,0,0,0,0,0,0,0,0,0,0,0,0,0,0,0,0,0,0,0,0,0,0,0,0,0,0,0,0,0,0,0,0,0,0,0,0,0,0,0,0,0,0,0,0,0,0,0
1989,237,9,24,5.525,2,8,0,-1,1,0,1,1,25,0,0,0,1028,0,0,0,0,0,1,1,0,0,0,38.85692154,0,0,0,0,3,1,1,1,100,0,0,0,3,1,1,0.1,3000,0,0,0,0,0,0,0,0,0,0,0,0,0,0,0,0,0,0,0,0,0,0,0,0,0,0,0,0,0,0,0,0,0,0,0,0,0,0,0,0,0,0,0,0,0,0,0,0,0,0,0
1989,237,9,25,18.606,2,8,0,-1,0,0,1,1,25,0,0,0,1028,0,0,0,0,0,1,1,0,0,0,38.98598479,0,0,0,0,3,1,1,1,100,0,0,0,3,1,1,0.1,3000,0,0,0,0,0,0,0,0,0,0,0,0,0,0,0,0,0,0,0,0,0,0,0,0,0,0,0,0,0,0,0,0,0,0,0,0,0,0,0,0,0,0,0,0,0,0,0,0,0,0,0
1989,237,9,25,41.525,2,8,0,-1,1,0,1,1,25,0,0,0,1028,0,0,0,0,0,1,1,0,0,0,39.0264552,0,0,0,0,3,1,1,1,100,0,0,0,3,1,1,0.1,3000,0,0,0,0,0,0,0,0,0,0,0,0,0,0,0,0,0,0,0,0,0,0,0,0,0,0,0,0,0,0,0,0,0,0,0,0,0,0,0,0,0,0,0,0,0,0,0,0,0,0,0
1989,237,9,26,54.606,2,8,0,-1,0,0,1,1,25,0,0,0,1028,0,0,0,0,0,1,1,0,0,0,39.1554843,0,0,0,0,3,1,1,1,100,0,0,0,3,1,1,0.1,3000,0,0,0,0,0,0,0,0,0,0,0,0,0,0,0,0,0,0,0,0,0,0,0,0,0,0,0,0,0,0,0,0,0,0,0,0,0,0,0,0,0,0,0,0,0,0,0,0,0,0,0
1989,237,9,27,17.525,2,8,0,-1,1,0,1,1,25,0,0,0,1028,0,0,0,0,0,1,1,0,0,0,39.19594465,0,0,0,0,3,1,1,1,100,0,0,0,3,1,1,0.1,3000,0,0,0,0,0,0,0,0,0,0,0,0,0,0,0,0,0,0,0,0,0,0,0,0,0,0,0,0,0,0,0,0,0,0,0,0,0,0,0,0,0,0,0,0,0,0,0,0,0,0,0
1989,237,9,30,54.605,2,8,0,-1,0,0,1,1,25,0,0,0,1028,0,0,0,0,0,1,1,0,0,0,39.5790324,0,0,0,0,3,1,1,1,100,0,0,0,3,1,1,0.1,3000,0,0,0,0,0,0,0,0,0,0,0,0,0,0,0,0,0,0,0,0,0,0,0,0,0,0,0,0,0,0,0,0,0,0,0,0,0,0,0,0,0,0,0,0,0,0,0,0,0,0,0
1989,237,9,31,17.525,2,8,0,-1,1,0,1,1,25,0,0,0,1028,0,0,0,0,0,1,1,0,0,0,39.61946671,0,0,0,0,3,1,1,1,100,0,0,0,3,1,1,0.1,3000,0,0,0,0,0,0,0,0,0,0,0,0,0,0,0,0,0,0,0,0,0,0,0,0,0,0,0,0,0,0,0,0,0,0,0,0,0,0,0,0,0,0,0,0,0,0,0,0,0,0,0
1989,237,9,32,30.605,2,8,0,-1,0,0,1,1,25,0,0,0,1028,0,0,0,0,0,1,1,0,0,0,39.74837385,0,0,0,0,3,1,1,1,100,0,0,0,3,1,1,0.1,3000,0,0,0,0,0,0,0,0,0,0,0,0,0,0,0,0,0,0,0,0,0,0,0,0,0,0,0,0,0,0,0,0,0,0,0,0,0,0,0,0,0,0,0,0,0,0,0,0,0,0,0
1989,237,9,32,53.525,2,8,0,-1,1,0,1,1,25,0,0,0,1028,0,0,0,0,0,1,1,0,0,0,39.78879669,0,0,0,0,3,1,1,1,100,0,0,0,3,1,1,0.1,3000,0,0,0,0,0,0,0,0,0,0,0,0,0,0,0,0,0,0,0,0,0,0,0,0,0,0,0,0,0,0,0,0,0,0,0,0,0,0,0,0,0,0,0,0,0,0,0,0,0,0,0
1989,237,9,34,6.605,2,8,0,-1,0,0,1,1,25,0,0,0,1028,0,0,0,0,0,1,1,0,0,0,39.91767107,0,0,0,0,3,1,1,1,100,0,0,0,3,1,1,0.1,3000,0,0,0,0,0,0,0,0,0,0,0,0,0,0,0,0,0,0,0,0,0,0,0,0,0,0,0,0,0,0,0,0,0,0,0,0,0,0,0,0,0,0,0,0,0,0,0,0,0,0,0
1989,237,9,34,29.525,2,8,0,-1,1,0,1,1,25,0,0,0,1028,0,0,0,0,0,1,1,0,0,0,39.9580834,0,0,0,0,3,1,1,1,100,0,0,0,3,1,1,0.1,3000,0,0,0,0,0,0,0,0,0,0,0,0,0,0,0,0,0,0,0,0,0,0,0,0,0,0,0,0,0,0,0,0,0,0,0,0,0,0,0,0,0,0,0,0,0,0,0,0,0,0,0
1989,237,9,35,42.605,2,8,0,-1,0,0,1,1,25,0,0,0,1028,0,0,0,0,0,1,1,0,0,0,40.08692444,0,0,0,0,3,1,1,1,100,0,0,0,3,1,1,0.1,3000,0,0,0,0,0,0,0,0,0,0,0,0,0,0,0,0,0,0,0,0,0,0,0,0,0,0,0,0,0,0,0,0,0,0,0,0,0,0,0,0,0,0,0,0,0,0,0,0,0,0,0
1989,237,9,36,5.525,2,8,0,-1,1,0,1,1,25,0,0,0,1028,0,0,0,0,0,1,1,0,0,0,40.12732724,0,0,0,0,3,1,1,1,100,0,0,0,3,1,1,0.1,3000,0,0,0,0,0,0,0,0,0,0,0,0,0,0,0,0,0,0,0,0,0,0,0,0,0,0,0,0,0,0,0,0,0,0,0,0,0,0,0,0,0,0,0,0,0,0,0,0,0,0,0
1989,237,9,37,18.605,2,8,0,-1,0,0,1,1,25,0,0,0,1028,0,0,0,0,0,1,1,0,0,0,40.25613436,0,0,0,0,3,1,1,1,100,0,0,0,3,1,1,0.1,3000,0,0,0,0,0,0,0,0,0,0,0,0,0,0,0,0,0,0,0,0,0,0,0,0,0,0,0,0,0,0,0,0,0,0,0,0,0,0,0,0,0,0,0,0,0,0,0,0,0,0,0
1989,237,9,37,41.524,2,8,0,-1,1,0,1,1,25,0,0,0,1028,0,0,0,0,0,1,1,0,0,0,40.29652508,0,0,0,0,3,1,1,1,100,0,0,0,3,1,1,0.1,3000,0,0,0,0,0,0,0,0,0,0,0,0,0,0,0,0,0,0,0,0,0,0,0,0,0,0,0,0,0,0,0,0,0,0,0,0,0,0,0,0,0,0,0,0,0,0,0,0,0,0,0
1989,237,9,38,54.605,2,8,0,-1,0,0,1,1,25,0,0,0,1028,0,0,0,0,0,1,1,0,0,0,40.42530122,0,0,0,0,3,1,1,1,100,0,0,0,3,1,1,0.1,3000,0,0,0,0,0,0,0,0,0,0,0,0,0,0,0,0,0,0,0,0,0,0,0,0,0,0,0,0,0,0,0,0,0,0,0,0,0,0,0,0,0,0,0,0,0,0,0,0,0,0,0
1989,237,9,39,17.525,2,8,0,-1,1,0,1,1,25,0,0,0,1028,0,0,0,0,0,1,1,0,0,0,40.46568348,0,0,0,0,3,1,1,1,100,0,0,0,3,1,1,0.1,3000,0,0,0,0,0,0,0,0,0,0,0,0,0,0,0,0,0,0,0,0,0,0,0,0,0,0,0,0,0,0,0,0,0,0,0,0,0,0,0,0,0,0,0,0,0,0,0,0,0,0,0
1989,237,9,42,54.604,2,8,0,-1,0,0,1,1,25,0,0,0,1028,0,0,0,0,0,1,1,0,0,0,40.84803076,0,0,0,0,3,1,1,1,100,0,0,0,3,1,1,0.1,3000,0,0,0,0,0,0,0,0,0,0,0,0,0,0,0,0,0,0,0,0,0,0,0,0,0,0,0,0,0,0,0,0,0,0,0,0,0,0,0,0,0,0,0,0,0,0,0,0,0,0,0
1989,237,9,43,17.524,2,8,0,-1,1,0,1,1,25,0,0,0,1028,0,0,0,0,0,1,1,0,0,0,40.88838787,0,0,0,0,3,1,1,1,100,0,0,0,3,1,1,0.1,3000,0,0,0,0,0,0,0,0,0,0,0,0,0,0,0,0,0,0,0,0,0,0,0,0,0,0,0,0,0,0,0,0,0,0,0,0,0,0,0,0,0,0,0,0,0,0,0,0,0,0,0
1989,237,9,44,30.603,2,8,0,-1,0,0,1,1,25,0,0,0,1028,0,0,0,0,0,1,1,0,0,0,41.01704906,0,0,0,0,3,1,1,1,100,0,0,0,3,1,1,0.1,3000,0,0,0,0,0,0,0,0,0,0,0,0,0,0,0,0,0,0,0,0,0,0,0,0,0,0,0,0,0,0,0,0,0,0,0,0,0,0,0,0,0,0,0,0,0,0,0,0,0,0,0
1989,237,9,44,53.524,2,8,0,-1,1,0,1,1,25,0,0,0,1028,0,0,0,0,0,1,1,0,0,0,41.05739626,0,0,0,0,3,1,1,1,100,0,0,0,3,1,1,0.1,3000,0,0,0,0,0,0,0,0,0,0,0,0,0,0,0,0,0,0,0,0,0,0,0,0,0,0,0,0,0,0,0,0,0,0,0,0,0,0,0,0,0,0,0,0,0,0,0,0,0,0,0
1989,237,9,46,6.604,2,8,0,-1,0,0,1,1,25,0,0,0,1028,0,0,0,0,0,1,1,0,0,0,41.18602777,0,0,0,0,3,1,1,1,100,0,0,0,3,1,1,0.1,3000,0,0,0,0,0,0,0,0,0,0,0,0,0,0,0,0,0,0,0,0,0,0,0,0,0,0,0,0,0,0,0,0,0,0,0,0,0,0,0,0,0,0,0,0,0,0,0,0,0,0,0
1989,237,9,46,29.524,2,8,0,-1,1,0,1,1,25,0,0,0,1028,0,0,0,0,0,1,1,0,0,0,41.22636427,0,0,0,0,3,1,1,1,100,0,0,0,3,1,1,0.1,3000,0,0,0,0,0,0,0,0,0,0,0,0,0,0,0,0,0,0,0,0,0,0,0,0,0,0,0,0,0,0,0,0,0,0,0,0,0,0,0,0,0,0,0,0,0,0,0,0,0,0,0
1989,237,9,47,42.603,2,8,0,-1,0,0,1,1,25,0,0,0,1028,0,0,0,0,0,1,1,0,0,0,41.35496373,0,0,0,0,3,1,1,1,100,0,0,0,3,1,1,0.1,3000,0,0,0,0,0,0,0,0,0,0,0,0,0,0,0,0,0,0,0,0,0,0,0,0,0,0,0,0,0,0,0,0,0,0,0,0,0,0,0,0,0,0,0,0,0,0,0,0,0,0,0
1989,237,9,48,5.524,2,8,0,-1,1,0,1,1,25,0,0,0,1028,0,0,0,0,0,1,1,0,0,0,41.39529226,0,0,0,0,3,1,1,1,100,0,0,0,3,1,1,0.1,3000,0,0,0,0,0,0,0,0,0,0,0,0,0,0,0,0,0,0,0,0,0,0,0,0,0,0,0,0,0,0,0,0,0,0,0,0,0,0,0,0,0,0,0,0,0,0,0,0,0,0,0
1989,237,9,49,18.604,2,8,0,-1,0,0,1,1,25,0,0,0,1028,0,0,0,0,0,1,1,0,0,0,41.52386082,0,0,0,0,3,1,1,1,100,0,0,0,3,1,1,0.1,3000,0,0,0,0,0,0,0,0,0,0,0,0,0,0,0,0,0,0,0,0,0,0,0,0,0,0,0,0,0,0,0,0,0,0,0,0,0,0,0,0,0,0,0,0,0,0,0,0,0,0,0
1989,237,9,49,41.523,2,8,0,-1,1,0,1,1,25,0,0,0,1028,0,0,0,0,0,1,1,0,0,0,41.56417707,0,0,0,0,3,1,1,1,100,0,0,0,3,1,1,0.1,3000,0,0,0,0,0,0,0,0,0,0,0,0,0,0,0,0,0,0,0,0,0,0,0,0,0,0,0,0,0,0,0,0,0,0,0,0,0,0,0,0,0,0,0,0,0,0,0,0,0,0,0
1989,237,9,50,54.604,2,8,0,-1,0,0,1,1,25,0,0,0,1028,0,0,0,0,0,1,1,0,0,0,41.69271678,0,0,0,0,3,1,1,1,100,0,0,0,3,1,1,0.1,3000,0,0,0,0,0,0,0,0,0,0,0,0,0,0,0,0,0,0,0,0,0,0,0,0,0,0,0,0,0,0,0,0,0,0,0,0,0,0,0,0,0,0,0,0,0,0,0,0,0,0,0
1989,237,9,51,17.524,2,8,0,-1,1,0,1,1,25,0,0,0,1028,0,0,0,0,0,1,1,0,0,0,41.73302522,0,0,0,0,3,1,1,1,100,0,0,0,3,1,1,0.1,3000,0,0,0,0,0,0,0,0,0,0,0,0,0,0,0,0,0,0,0,0,0,0,0,0,0,0,0,0,0,0,0,0,0,0,0,0,0,0,0,0,0,0,0,0,0,0,0,0,0,0,0
1989,237,9,54,54.603,2,8,0,-1,0,0,1,1,25,0,0,0,1028,0,0,0,0,0,1,1,0,0,0,42.11468192,0,0,0,0,3,1,1,1,100,0,0,0,3,1,1,0.1,3000,0,0,0,0,0,0,0,0,0,0,0,0,0,0,0,0,0,0,0,0,0,0,0,0,0,0,0,0,0,0,0,0,0,0,0,0,0,0,0,0,0,0,0,0,0,0,0,0,0,0,0
1989,237,9,55,17.524,2,8,0,-1,1,0,1,1,25,0,0,0,1028,0,0,0,0,0,1,1,0,0,0,42.15496682,0,0,0,0,3,1,1,1,100,0,0,0,3,1,1,0.1,3000,0,0,0,0,0,0,0,0,0,0,0,0,0,0,0,0,0,0,0,0,0,0,0,0,0,0,0,0,0,0,0,0,0,0,0,0,0,0,0,0,0,0,0,0,0,0,0,0,0,0,0
1989,237,9,56,30.603,2,8,0,-1,0,0,1,1,25,0,0,0,1028,0,0,0,0,0,1,1,0,0,0,42.2833988,0,0,0,0,3,1,1,1,100,0,0,0,3,1,1,0.1,3000,0,0,0,0,0,0,0,0,0,0,0,0,0,0,0,0,0,0,0,0,0,0,0,0,0,0,0,0,0,0,0,0,0,0,0,0,0,0,0,0,0,0,0,0,0,0,0,0,0,0,0
1989,237,9,56,53.523,2,8,0,-1,1,0,1,1,25,0,0,0,1028,0,0,0,0,0,1,1,0,0,0,42.32367443,0,0,0,0,3,1,1,1,100,0,0,0,3,1,1,0.1,3000,0,0,0,0,0,0,0,0,0,0,0,0,0,0,0,0,0,0,0,0,0,0,0,0,0,0,0,0,0,0,0,0,0,0,0,0,0,0,0,0,0,0,0,0,0,0,0,0,0,0,0
1989,237,9,58,6.603,2,8,0,-1,0,0,1,1,25,0,0,0,1028,0,0,0,0,0,1,1,0,0,0,42.45207785,0,0,0,0,3,1,1,1,100,0,0,0,3,1,1,0.1,3000,0,0,0,0,0,0,0,0,0,0,0,0,0,0,0,0,0,0,0,0,0,0,0,0,0,0,0,0,0,0,0,0,0,0,0,0,0,0,0,0,0,0,0,0,0,0,0,0,0,0,0
1989,237,9,58,29.522,2,8,0,-1,1,0,1,1,25,0,0,0,1028,0,0,0,0,0,1,1,0,0,0,42.49234341,0,0,0,0,3,1,1,1,100,0,0,0,3,1,1,0.1,3000,0,0,0,0,0,0,0,0,0,0,0,0,0,0,0,0,0,0,0,0,0,0,0,0,0,0,0,0,0,0,0,0,0,0,0,0,0,0,0,0,0,0,0,0,0,0,0,0,0,0,0
1989,237,9,59,42.602,2,8,0,-1,0,0,1,1,25,0,0,0,1028,0,0,0,0,0,1,1,0,0,0,42.62071764,0,0,0,0,3,1,1,1,100,0,0,0,3,1,1,0.1,3000,0,0,0,0,0,0,0,0,0,0,0,0,0,0,0,0,0,0,0,0,0,0,0,0,0,0,0,0,0,0,0,0,0,0,0,0,0,0,0,0,0,0,0,0,0,0,0,0,0,0,0
1989,237,10,0,5.523,2,8,0,-1,1,0,1,1,25,0,0,0,1028,0,0,0,0,0,1,1,0,0,0,42.66097496,0,0,0,0,3,1,1,1,100,0,0,0,3,1,1,0.1,3000,0,0,0,0,0,0,0,0,0,0,0,0,0,0,0,0,0,0,0,0,0,0,0,0,0,0,0,0,0,0,0,0,0,0,0,0,0,0,0,0,0,0,0,0,0,0,0,0,0,0,0
1989,237,10,6,54.603,2,8,0,-1,0,0,1,1,25,0,0,0,1028,0,0,0,0,0,1,1,0,0,0,43.37913517,0,0,0,0,3,1,1,1,100,0,0,0,3,1,1,0.1,3000,0,0,0,0,0,0,0,0,0,0,0,0,0,0,0,0,0,0,0,0,0,0,0,0,0,0,0,0,0,0,0,0,0,0,0,0,0,0,0,0,0,0,0,0,0,0,0,0,0,0,0
1989,237,10,7,17.523,2,8,0,-1,1,0,1,1,25,0,0,0,1028,0,0,0,0,0,1,1,0,0,0,43.41935241,0,0,0,0,3,1,1,1,100,0,0,0,3,1,1,0.1,3000,0,0,0,0,0,0,0,0,0,0,0,0,0,0,0,0,0,0,0,0,0,0,0,0,0,0,0,0,0,0,0,0,0,0,0,0,0,0,0,0,0,0,0,0,0,0,0,0,0,0,0
1989,237,10,8,30.601,2,8,0,-1,0,0,1,1,25,0,0,0,1028,0,0,0,0,0,1,1,0,0,0,43.54756781,0,0,0,0,3,1,1,1,100,0,0,0,3,1,1,0.1,3000,0,0,0,0,0,0,0,0,0,0,0,0,0,0,0,0,0,0,0,0,0,0,0,0,0,0,0,0,0,0,0,0,0,0,0,0,0,0,0,0,0,0,0,0,0,0,0,0,0,0,0
1989,237,10,8,53.521,2,8,0,-1,1,0,1,1,25,0,0,0,1028,0,0,0,0,0,1,1,0,0,0,43.58777635,0,0,0,0,3,1,1,1,100,0,0,0,3,1,1,0.1,3000,0,0,0,0,0,0,0,0,0,0,0,0,0,0,0,0,0,0,0,0,0,0,0,0,0,0,0,0,0,0,0,0,0,0,0,0,0,0,0,0,0,0,0,0,0,0,0,0,0,0,0
1989,237,10,10,6.602,2,8,0,-1,0,0,1,1,25,0,0,0,1028,0,0,0,0,0,1,1,0,0,0,43.71596763,0,0,0,0,3,1,1,1,100,0,0,0,3,1,1,0.1,3000,0,0,0,0,0,0,0,0,0,0,0,0,0,0,0,0,0,0,0,0,0,0,0,0,0,0,0,0,0,0,0,0,0,0,0,0,0,0,0,0,0,0,0,0,0,0,0,0,0,0,0
1989,237,10,10,29.522,2,8,0,-1,1,0,1,1,25,0,0,0,1028,0,0,0,0,0,1,1,0,0,0,43.75616754,0,0,0,0,3,1,1,1,100,0,0,0,3,1,1,0.1,3000,0,0,0,0,0,0,0,0,0,0,0,0,0,0,0,0,0,0,0,0,0,0,0,0,0,0,0,0,0,0,0,0,0,0,0,0,0,0,0,0,0,0,0,0,0,0,0,0,0,0,0
1989,237,10,11,42.602,2,8,0,-1,0,0,1,1,25,0,0,0,1028,0,0,0,0,0,1,1,0,0,0,43.88433054,0,0,0,0,3,1,1,1,100,0,0,0,3,1,1,0.1,3000,0,0,0,0,0,0,0,0,0,0,0,0,0,0,0,0,0,0,0,0,0,0,0,0,0,0,0,0,0,0,0,0,0,0,0,0,0,0,0,0,0,0,0,0,0,0,0,0,0,0,0
1989,237,10,12,5.522,2,8,0,-1,1,0,1,1,25,0,0,0,1028,0,0,0,0,0,1,1,0,0,0,43.92452189,0,0,0,0,3,1,1,1,100,0,0,0,3,1,1,0.1,3000,0,0,0,0,0,0,0,0,0,0,0,0,0,0,0,0,0,0,0,0,0,0,0,0,0,0,0,0,0,0,0,0,0,0,0,0,0,0,0,0,0,0,0,0,0,0,0,0,0,0,0
1989,237,10,13,18.602,2,8,0,-1,0,0,1,1,25,0,0,0,1028,0,0,0,0,0,1,1,0,0,0,44.05265771,0,0,0,0,3,1,1,1,100,0,0,0,3,1,1,0.1,3000,0,0,0,0,0,0,0,0,0,0,0,0,0,0,0,0,0,0,0,0,0,0,0,0,0,0,0,0,0,0,0,0,0,0,0,0,0,0,0,0,0,0,0,0,0,0,0,0,0,0,0
1989,237,10,13,41.522,2,8,0,-1,1,0,1,1,25,0,0,0,1028,0,0,0,0,0,1,1,0,0,0,44.09284056,0,0,0,0,3,1,1,1,100,0,0,0,3,1,1,0.1,3000,0,0,0,0,0,0,0,0,0,0,0,0,0,0,0,0,0,0,0,0,0,0,0,0,0,0,0,0,0,0,0,0,0,0,0,0,0,0,0,0,0,0,0,0,0,0,0,0,0,0,0
1989,237,10,14,54.602,2,8,0,-1,0,0,1,1,25,0,0,0,1028,0,0,0,0,0,1,1,0,0,0,44.22094942,0,0,0,0,3,1,1,1,100,0,0,0,3,1,1,0.1,3000,0,0,0,0,0,0,0,0,0,0,0,0,0,0,0,0,0,0,0,0,0,0,0,0,0,0,0,0,0,0,0,0,0,0,0,0,0,0,0,0,0,0,0,0,0,0,0,0,0,0,0
1989,237,10,15,17.522,2,8,0,-1,1,0,1,1,25,0,0,0,1028,0,0,0,0,0,1,1,0,0,0,44.26112386,0,0,0,0,3,1,1,1,100,0,0,0,3,1,1,0.1,3000,0,0,0,0,0,0,0,0,0,0,0,0,0,0,0,0,0,0,0,0,0,0,0,0,0,0,0,0,0,0,0,0,0,0,0,0,0,0,0,0,0,0,0,0,0,0,0,0,0,0,0
1989,237,10,18,54.602,2,8,0,-1,0,0,1,1,25,0,0,0,1028,0,0,0,0,0,1,1,0,0,0,44.64152551,0,0,0,0,3,1,1,1,100,0,0,0,3,1,1,0.1,3000,0,0,0,0,0,0,0,0,0,0,0,0,0,0,0,0,0,0,0,0,0,0,0,0,0,0,0,0,0,0,0,0,0,0,0,0,0,0,0,0,0,0,0,0,0,0,0,0,0,0,0
1989,237,10,19,17.522,2,8,0,-1,1,0,1,1,25,0,0,0,1028,0,0,0,0,0,1,1,0,0,0,44.68167919,0,0,0,0,3,1,1,1,100,0,0,0,3,1,1,0.1,3000,0,0,0,0,0,0,0,0,0,0,0,0,0,0,0,0,0,0,0,0,0,0,0,0,0,0,0,0,0,0,0,0,0,0,0,0,0,0,0,0,0,0,0,0,0,0,0,0,0,0,0
1989,237,10,20,30.601,2,8,0,-1,0,0,1,1,25,0,0,0,1028,0,0,0,0,0,1,1,0,0,0,44.80969453,0,0,0,0,3,1,1,1,100,0,0,0,3,1,1,0.1,3000,0,0,0,0,0,0,0,0,0,0,0,0,0,0,0,0,0,0,0,0,0,0,0,0,0,0,0,0,0,0,0,0,0,0,0,0,0,0,0,0,0,0,0,0,0,0,0,0,0,0,0
1989,237,10,20,53.521,2,8,0,-1,1,0,1,1,25,0,0,0,1028,0,0,0,0,0,1,1,0,0,0,44.84984002,0,0,0,0,3,1,1,1,100,0,0,0,3,1,1,0.1,3000,0,0,0,0,0,0,0,0,0,0,0,0,0,0,0,0,0,0,0,0,0,0,0,0,0,0,0,0,0,0,0,0,0,0,0,0,0,0,0,0,0,0,0,0,0,0,0,0,0,0,0
1989,237,10,22,6.601,2,8,0,-1,0,0,1,1,25,0,0,0,1028,0,0,0,0,0,1,1,0,0,0,44.97782936,0,0,0,0,3,1,1,1,100,0,0,0,3,1,1,0.1,3000,0,0,0,0,0,0,0,0,0,0,0,0,0,0,0,0,0,0,0,0,0,0,0,0,0,0,0,0,0,0,0,0,0,0,0,0,0,0,0,0,0,0,0,0,0,0,0,0,0,0,0
1989,237,10,22,29.521,2,8,0,-1,1,0,1,1,25,0,0,0,1028,0,0,0,0,0,1,1,0,0,0,45.01796674,0,0,0,0,3,1,1,1,100,0,0,0,3,1,1,0.1,3000,0,0,0,0,0,0,0,0,0,0,0,0,0,0,0,0,0,0,0,0,0,0,0,0,0,0,0,0,0,0,0,0,0,0,0,0,0,0,0,0,0,0,0,0,0,0,0,0,0,0,0
1989,237,10,23,42.601,2,8,0,-1,0,0,1,1,25,0,0,0,1028,0,0,0,0,0,1,1,0,0,0,45.14593116,0,0,0,0,3,1,1,1,100,0,0,0,3,1,1,0.1,3000,0,0,0,0,0,0,0,0,0,0,0,0,0,0,0,0,0,0,0,0,0,0,0,0,0,0,0,0,0,0,0,0,0,0,0,0,0,0,0,0,0,0,0,0,0,0,0,0,0,0,0
1989,237,10,24,5.521,2,8,0,-1,1,0,1,1,25,0,0,0,1028,0,0,0,0,0,1,1,0,0,0,45.18606048,0,0,0,0,3,1,1,1,100,0,0,0,3,1,1,0.1,3000,0,0,0,0,0,0,0,0,0,0,0,0,0,0,0,0,0,0,0,0,0,0,0,0,0,0,0,0,0,0,0,0,0,0,0,0,0,0,0,0,0,0,0,0,0,0,0,0,0,0,0
1989,237,10,25,18.601,2,8,0,-1,0,0,1,1,25,0,0,0,1028,0,0,0,0,0,1,1,0,0,0,45.31399932,0,0,0,0,3,1,1,1,100,0,0,0,3,1,1,0.1,3000,0,0,0,0,0,0,0,0,0,0,0,0,0,0,0,0,0,0,0,0,0,0,0,0,0,0,0,0,0,0,0,0,0,0,0,0,0,0,0,0,0,0,0,0,0,0,0,0,0,0,0
1989,237,10,25,41.521,2,8,0,-1,1,0,1,1,25,0,0,0,1028,0,0,0,0,0,1,1,0,0,0,45.35412065,0,0,0,0,3,1,1,1,100,0,0,0,3,1,1,0.1,3000,0,0,0,0,0,0,0,0,0,0,0,0,0,0,0,0,0,0,0,0,0,0,0,0,0,0,0,0,0,0,0,0,0,0,0,0,0,0,0,0,0,0,0,0,0,0,0,0,0,0,0
1989,237,10,26,54.601,2,8,0,-1,0,0,1,1,25,0,0,0,1028,0,0,0,0,0,1,1,0,0,0,45.48203411,0,0,0,0,3,1,1,1,100,0,0,0,3,1,1,0.1,3000,0,0,0,0,0,0,0,0,0,0,0,0,0,0,0,0,0,0,0,0,0,0,0,0,0,0,0,0,0,0,0,0,0,0,0,0,0,0,0,0,0,0,0,0,0,0,0,0,0,0,0
1989,237,10,27,17.521,2,8,0,-1,1,0,1,1,25,0,0,0,1028,0,0,0,0,0,1,1,0,0,0,45.52214751,0,0,0,0,3,1,1,1,100,0,0,0,3,1,1,0.1,3000,0,0,0,0,0,0,0,0,0,0,0,0,0,0,0,0,0,0,0,0,0,0,0,0,0,0,0,0,0,0,0,0,0,0,0,0,0,0,0,0,0,0,0,0,0,0,0,0,0,0,0
1989,237,10,30,54.601,2,8,0,-1,0,0,1,1,25,0,0,0,1028,0,0,0,0,0,1,1,0,0,0,45.90197676,0,0,0,0,3,1,1,1,100,0,0,0,3,1,1,0.1,3000,0,0,0,0,0,0,0,0,0,0,0,0,0,0,0,0,0,0,0,0,0,0,0,0,0,0,0,0,0,0,0,0,0,0,0,0,0,0,0,0,0,0,0,0,0,0,0,0,0,0,0
1989,237,10,31,17.521,2,8,0,-1,1,0,1,1,25,0,0,0,1028,0,0,0,0,0,1,1,0,0,0,45.9420706,0,0,0,0,3,1,1,1,100,0,0,0,3,1,1,0.1,3000,0,0,0,0,0,0,0,0,0,0,0,0,0,0,0,0,0,0,0,0,0,0,0,0,0,0,0,0,0,0,0,0,0,0,0,0,0,0,0,0,0,0,0,0,0,0,0,0,0,0,0
1989,237,10,32,30.601,2,8,0,-1,0,0,1,1,25,0,0,0,1028,0,0,0,0,0,1,1,0,0,0,46.06989677,0,0,0,0,3,1,1,1,100,0,0,0,3,1,1,0.1,3000,0,0,0,0,0,0,0,0,0,0,0,0,0,0,0,0,0,0,0,0,0,0,0,0,0,0,0,0,0,0,0,0,0,0,0,0,0,0,0,0,0,0,0,0,0,0,0,0,0,0,0
1989,237,10,32,53.521,2,8,0,-1,1,0,1,1,25,0,0,0,1028,0,0,0,0,0,1,1,0,0,0,46.10998289,0,0,0,0,3,1,1,1,100,0,0,0,3,1,1,0.1,3000,0,0,0,0,0,0,0,0,0,0,0,0,0,0,0,0,0,0,0,0,0,0,0,0,0,0,0,0,0,0,0,0,0,0,0,0,0,0,0,0,0,0,0,0,0,0,0,0,0,0,0
1989,237,10,34,6.6,2,8,0,-1,0,0,1,1,25,0,0,0,1028,0,0,0,0,0,1,1,0,0,0,46.2377828,0,0,0,0,3,1,1,1,100,0,0,0,3,1,1,0.1,3000,0,0,0,0,0,0,0,0,0,0,0,0,0,0,0,0,0,0,0,0,0,0,0,0,0,0,0,0,0,0,0,0,0,0,0,0,0,0,0,0,0,0,0,0,0,0,0,0,0,0,0
1989,237,10,34,29.52,2,8,0,-1,1,0,1,1,25,0,0,0,1028,0,0,0,0,0,1,1,0,0,0,46.2778604,0,0,0,0,3,1,1,1,100,0,0,0,3,1,1,0.1,3000,0,0,0,0,0,0,0,0,0,0,0,0,0,0,0,0,0,0,0,0,0,0,0,0,0,0,0,0,0,0,0,0,0,0,0,0,0,0,0,0,0,0,0,0,0,0,0,0,0,0,0
1989,237,10,35,42.6,2,8,0,-1,0,0,1,1,25,0,0,0,1028,0,0,0,0,0,1,1,0,0,0,46.40563861,0,0,0,0,3,1,1,1,100,0,0,0,3,1,1,0.1,3000,0,0,0,0,0,0,0,0,0,0,0,0,0,0,0,0,0,0,0,0,0,0,0,0,0,0,0,0,0,0,0,0,0,0,0,0,0,0,0,0,0,0,0,0,0,0,0,0,0,0,0
1989,237,10,36,5.52,2,8,0,-1,1,0,1,1,25,0,0,0,1028,0,0,0,0,0,1,1,0,0,0,46.44570949,0,0,0,0,3,1,1,1,100,0,0,0,3,1,1,0.1,3000,0,0,0,0,0,0,0,0,0,0,0,0,0,0,0,0,0,0,0,0,0,0,0,0,0,0,0,0,0,0,0,0,0,0,0,0,0,0,0,0,0,0,0,0,0,0,0,0,0,0,0
1989,237,10,37,18.6,2,8,0,-1,0,0,1,1,25,0,0,0,1028,0,0,0,0,0,1,1,0,0,0,46.57346269,0,0,0,0,3,1,1,1,100,0,0,0,3,1,1,0.1,3000,0,0,0,0,0,0,0,0,0,0,0,0,0,0,0,0,0,0,0,0,0,0,0,0,0,0,0,0,0,0,0,0,0,0,0,0,0,0,0,0,0,0,0,0,0,0,0,0,0,0,0
1989,237,10,37,41.52,2,8,0,-1,1,0,1,1,25,0,0,0,1028,0,0,0,0,0,1,1,0,0,0,46.61352602,0,0,0,0,3,1,1,1,100,0,0,0,3,1,1,0.1,3000,0,0,0,0,0,0,0,0,0,0,0,0,0,0,0,0,0,0,0,0,0,0,0,0,0,0,0,0,0,0,0,0,0,0,0,0,0,0,0,0,0,0,0,0,0,0,0,0,0,0,0
1989,237,10,38,54.6,2,8,0,-1,0,0,1,1,25,0,0,0,1028,0,0,0,0,0,1,1,0,0,0,46.74125528,0,0,0,0,3,1,1,1,100,0,0,0,3,1,1,0.1,3000,0,0,0,0,0,0,0,0,0,0,0,0,0,0,0,0,0,0,0,0,0,0,0,0,0,0,0,0,0,0,0,0,0,0,0,0,0,0,0,0,0,0,0,0,0,0,0,0,0,0,0
1989,237,10,39,17.52,2,8,0,-1,1,0,1,1,25,0,0,0,1028,0,0,0,0,0,1,1,0,0,0,46.78131025,0,0,0,0,3,1,1,1,100,0,0,0,3,1,1,0.1,3000,0,0,0,0,0,0,0,0,0,0,0,0,0,0,0,0,0,0,0,0,0,0,0,0,0,0,0,0,0,0,0,0,0,0,0,0,0,0,0,0,0,0,0,0,0,0,0,0,0,0,0
1989,237,10,42,54.6,2,8,0,-1,0,0,1,1,25,0,0,0,1028,0,0,0,0,0,1,1,0,0,0,47.16060054,0,0,0,0,3,1,1,1,100,0,0,0,3,1,1,0.1,3000,0,0,0,0,0,0,0,0,0,0,0,0,0,0,0,0,0,0,0,0,0,0,0,0,0,0,0,0,0,0,0,0,0,0,0,0,0,0,0,0,0,0,0,0,0,0,0,0,0,0,0
1989,237,10,43,17.52,2,8,0,-1,1,0,1,1,25,0,0,0,1028,0,0,0,0,0,1,1,0,0,0,47.20063706,0,0,0,0,3,1,1,1,100,0,0,0,3,1,1,0.1,3000,0,0,0,0,0,0,0,0,0,0,0,0,0,0,0,0,0,0,0,0,0,0,0,0,0,0,0,0,0,0,0,0,0,0,0,0,0,0,0,0,0,0,0,0,0,0,0,0,0,0,0
1989,237,10,44,30.6,2,8,0,-1,0,0,1,1,25,0,0,0,1028,0,0,0,0,0,1,1,0,0,0,47.32828478,0,0,0,0,3,1,1,1,100,0,0,0,3,1,1,0.1,3000,0,0,0,0,0,0,0,0,0,0,0,0,0,0,0,0,0,0,0,0,0,0,0,0,0,0,0,0,0,0,0,0,0,0,0,0,0,0,0,0,0,0,0,0,0,0,0,0,0,0,0
1989,237,10,44,53.52,2,8,0,-1,1,0,1,1,25,0,0,0,1028,0,0,0,0,0,1,1,0,0,0,47.36831488,0,0,0,0,3,1,1,1,100,0,0,0,3,1,1,0.1,3000,0,0,0,0,0,0,0,0,0,0,0,0,0,0,0,0,0,0,0,0,0,0,0,0,0,0,0,0,0,0,0,0,0,0,0,0,0,0,0,0,0,0,0,0,0,0,0,0,0,0,0
1989,237,10,46,6.6,2,8,0,-1,0,0,1,1,25,0,0,0,1028,0,0,0,0,0,1,1,0,0,0,47.4959377,0,0,0,0,3,1,1,1,100,0,0,0,3,1,1,0.1,3000,0,0,0,0,0,0,0,0,0,0,0,0,0,0,0,0,0,0,0,0,0,0,0,0,0,0,0,0,0,0,0,0,0,0,0,0,0,0,0,0,0,0,0,0,0,0,0,0,0,0,0
1989,237,10,46,29.519,2,8,0,-1,1,0,1,1,25,0,0,0,1028,0,0,0,0,0,1,1,0,0,0,47.5359597,0,0,0,0,3,1,1,1,100,0,0,0,3,1,1,0.1,3000,0,0,0,0,0,0,0,0,0,0,0,0,0,0,0,0,0,0,0,0,0,0,0,0,0,0,0,0,0,0,0,0,0,0,0,0,0,0,0,0,0,0,0,0,0,0,0,0,0,0,0
1989,237,10,47,42.599,2,8,0,-1,0,0,1,1,25,0,0,0,1028,0,0,0,0,0,1,1,0,0,0,47.66356042,0,0,0,0,3,1,1,1,100,0,0,0,3,1,1,0.1,3000,0,0,0,0,0,0,0,0,0,0,0,0,0,0,0,0,0,0,0,0,0,0,0,0,0,0,0,0,0,0,0,0,0,0,0,0,0,0,0,0,0,0,0,0,0,0,0,0,0,0,0
1989,237,10,48,5.519,2,8,0,-1,1,0,1,1,25,0,0,0,1028,0,0,0,0,0,1,1,0,0,0,47.70357611,0,0,0,0,3,1,1,1,100,0,0,0,3,1,1,0.1,3000,0,0,0,0,0,0,0,0,0,0,0,0,0,0,0,0,0,0,0,0,0,0,0,0,0,0,0,0,0,0,0,0,0,0,0,0,0,0,0,0,0,0,0,0,0,0,0,0,0,0,0
1989,237,10,49,18.599,2,8,0,-1,0,0,1,1,25,0,0,0,1028,0,0,0,0,0,1,1,0,0,0,47.83115402,0,0,0,0,3,1,1,1,100,0,0,0,3,1,1,0.1,3000,0,0,0,0,0,0,0,0,0,0,0,0,0,0,0,0,0,0,0,0,0,0,0,0,0,0,0,0,0,0,0,0,0,0,0,0,0,0,0,0,0,0,0,0,0,0,0,0,0,0,0
1989,237,10,49,41.519,2,8,0,-1,1,0,1,1,25,0,0,0,1028,0,0,0,0,0,1,1,0,0,0,47.87116259,0,0,0,0,3,1,1,1,100,0,0,0,3,1,1,0.1,3000,0,0,0,0,0,0,0,0,0,0,0,0,0,0,0,0,0,0,0,0,0,0,0,0,0,0,0,0,0,0,0,0,0,0,0,0,0,0,0,0,0,0,0,0,0,0,0,0,0,0,0
1989,237,10,50,54.599,2,8,0,-1,0,0,1,1,25,0,0,0,1028,0,0,0,0,0,1,1,0,0,0,47.99871786,0,0,0,0,3,1,1,1,100,0,0,0,3,1,1,0.1,3000,0,0,0,0,0,0,0,0,0,0,0,0,0,0,0,0,0,0,0,0,0,0,0,0,0,0,0,0,0,0,0,0,0,0,0,0,0,0,0,0,0,0,0,0,0,0,0,0,0,0,0
1989,237,10,51,17.518,2,8,0,-1,1,0,1,1,25,0,0,0,1028,0,0,0,0,0,1,1,0,0,0,48.03871848,0,0,0,0,3,1,1,1,100,0,0,0,3,1,1,0.1,3000,0,0,0,0,0,0,0,0,0,0,0,0,0,0,0,0,0,0,0,0,0,0,0,0,0,0,0,0,0,0,0,0,0,0,0,0,0,0,0,0,0,0,0,0,0,0,0,0,0,0,0
1989,237,10,54,54.599,2,8,0,-1,0,0,1,1,25,0,0,0,1028,0,0,0,0,0,1,1,0,0,0,48.41749866,0,0,0,0,3,1,1,1,100,0,0,0,3,1,1,0.1,3000,0,0,0,0,0,0,0,0,0,0,0,0,0,0,0,0,0,0,0,0,0,0,0,0,0,0,0,0,0,0,0,0,0,0,0,0,0,0,0,0,0,0,0,0,0,0,0,0,0,0,0
1989,237,10,55,17.518,2,8,0,-1,1,0,1,1,25,0,0,0,1028,0,0,0,0,0,1,1,0,0,0,48.45748182,0,0,0,0,3,1,1,1,100,0,0,0,3,1,1,0.1,3000,0,0,0,0,0,0,0,0,0,0,0,0,0,0,0,0,0,0,0,0,0,0,0,0,0,0,0,0,0,0,0,0,0,0,0,0,0,0,0,0,0,0,0,0,0,0,0,0,0,0,0
1989,237,10,56,30.599,2,8,0,-1,0,0,1,1,25,0,0,0,1028,0,0,0,0,0,1,1,0,0,0,48.58496002,0,0,0,0,3,1,1,1,100,0,0,0,3,1,1,0.1,3000,0,0,0,0,0,0,0,0,0,0,0,0,0,0,0,0,0,0,0,0,0,0,0,0,0,0,0,0,0,0,0,0,0,0,0,0,0,0,0,0,0,0,0,0,0,0,0,0,0,0,0
1989,237,10,56,53.519,2,8,0,-1,1,0,1,1,25,0,0,0,1028,0,0,0,0,0,1,1,0,0,0,48.62493716,0,0,0,0,3,1,1,1,100,0,0,0,3,1,1,0.1,3000,0,0,0,0,0,0,0,0,0,0,0,0,0,0,0,0,0,0,0,0,0,0,0,0,0,0,0,0,0,0,0,0,0,0,0,0,0,0,0,0,0,0,0,0,0,0,0,0,0,0,0
1989,237,10,58,6.599,2,8,0,-1,0,0,1,1,25,0,0,0,1028,0,0,0,0,0,1,1,0,0,0,48.75239259,0,0,0,0,3,1,1,1,100,0,0,0,3,1,1,0.1,3000,0,0,0,0,0,0,0,0,0,0,0,0,0,0,0,0,0,0,0,0,0,0,0,0,0,0,0,0,0,0,0,0,0,0,0,0,0,0,0,0,0,0,0,0,0,0,0,0,0,0,0
1989,237,10,58,29.518,2,8,0,-1,1,0,1,1,25,0,0,0,1028,0,0,0,0,0,1,1,0,0,0,48.79236201,0,0,0,0,3,1,1,1,100,0,0,0,3,1,1,0.1,3000,0,0,0,0,0,0,0,0,0,0,0,0,0,0,0,0,0,0,0,0,0,0,0,0,0,0,0,0,0,0,0,0,0,0,0,0,0,0,0,0,0,0,0,0,0,0,0,0,0,0,0
1989,237,10,59,42.598,2,8,0,-1,0,0,1,1,25,0,0,0,1028,0,0,0,0,0,1,1,0,0,0,48.91979482,0,0,0,0,3,1,1,1,100,0,0,0,3,1,1,0.1,3000,0,0,0,0,0,0,0,0,0,0,0,0,0,0,0,0,0,0,0,0,0,0,0,0,0,0,0,0,0,0,0,0,0,0,0,0,0,0,0,0,0,0,0,0,0,0,0,0,0,0,0
1989,237,11,0,5.518,2,8,0,-1,1,0,1,1,25,0,0,0,1028,0,0,0,0,0,1,1,0,0,0,48.95975831,0,0,0,0,3,1,1,1,100,0,0,0,3,1,1,0.1,3000,0,0,0,0,0,0,0,0,0,0,0,0,0,0,0,0,0,0,0,0,0,0,0,0,0,0,0,0,0,0,0,0,0,0,0,0,0,0,0,0,0,0,0,0,0,0,0,0,0,0,0
1989,237,11,1,18.598,2,8,0,-1,0,0,1,1,25,0,0,0,1028,0,0,0,0,0,1,1,0,0,0,49.0871704,0,0,0,0,3,1,1,1,100,0,0,0,3,1,1,0.1,3000,0,0,0,0,0,0,0,0,0,0,0,0,0,0,0,0,0,0,0,0,0,0,0,0,0,0,0,0,0,0,0,0,0,0,0,0,0,0,0,0,0,0,0,0,0,0,0,0,0,0,0
1989,237,11,1,41.518,2,8,0,-1,1,0,1,1,25,0,0,0,1028,0,0,0,0,0,1,1,0,0,0,49.12712715,0,0,0,0,3,1,1,1,100,0,0,0,3,1,1,0.1,3000,0,0,0,0,0,0,0,0,0,0,0,0,0,0,0,0,0,0,0,0,0,0,0,0,0,0,0,0,0,0,0,0,0,0,0,0,0,0,0,0,0,0,0,0,0,0,0,0,0,0,0
1989,237,11,2,54.598,2,8,0,-1,0,0,1,1,25,0,0,0,1028,0,0,0,0,0,1,1,0,0,0,49.2545178,0,0,0,0,3,1,1,1,100,0,0,0,3,1,1,0.1,3000,0,0,0,0,0,0,0,0,0,0,0,0,0,0,0,0,0,0,0,0,0,0,0,0,0,0,0,0,0,0,0,0,0,0,0,0,0,0,0,0,0,0,0,0,0,0,0,0,0,0,0
1989,237,11,3,17.518,2,8,0,-1,1,0,1,1,25,0,0,0,1028,0,0,0,0,0,1,1,0,0,0,49.29446785,0,0,0,0,3,1,1,1,100,0,0,0,3,1,1,0.1,3000,0,0,0,0,0,0,0,0,0,0,0,0,0,0,0,0,0,0,0,0,0,0,0,0,0,0,0,0,0,0,0,0,0,0,0,0,0,0,0,0,0,0,0,0,0,0,0,0,0,0,0
1989,237,11,6,54.598,2,8,0,-1,0,0,1,1,25,0,0,0,1028,0,0,0,0,0,1,1,0,0,0,49.67276431,0,0,0,0,3,1,1,1,100,0,0,0,3,1,1,0.1,3000,0,0,0,0,0,0,0,0,0,0,0,0,0,0,0,0,0,0,0,0,0,0,0,0,0,0,0,0,0,0,0,0,0,0,0,0,0,0,0,0,0,0,0,0,0,0,0,0,0,0,0
1989,237,11,7,17.518,2,8,0,-1,1,0,1,1,25,0,0,0,1028,0,0,0,0,0,1,1,0,0,0,49.71269782,0,0,0,0,3,1,1,1,100,0,0,0,3,1,1,0.1,3000,0,0,0,0,0,0,0,0,0,0,0,0,0,0,0,0,0,0,0,0,0,0,0,0,0,0,0,0,0,0,0,0,0,0,0,0,0,0,0,0,0,0,0,0,0,0,0,0,0,0,0
1989,237,11,8,30.598,2,8,0,-1,0,0,1,1,25,0,0,0,1028,0,0,0,0,0,1,1,0,0,0,49.84001464,0,0,0,0,3,1,1,1,100,0,0,0,3,1,1,0.1,3000,0,0,0,0,0,0,0,0,0,0,0,0,0,0,0,0,0,0,0,0,0,0,0,0,0,0,0,0,0,0,0,0,0,0,0,0,0,0,0,0,0,0,0,0,0,0,0,0,0,0,0
1989,237,11,8,53.518,2,8,0,-1,1,0,1,1,25,0,0,0,1028,0,0,0,0,0,1,1,0,0,0,49.87994161,0,0,0,0,3,1,1,1,100,0,0,0,3,1,1,0.1,3000,0,0,0,0,0,0,0,0,0,0,0,0,0,0,0,0,0,0,0,0,0,0,0,0,0,0,0,0,0,0,0,0,0,0,0,0,0,0,0,0,0,0,0,0,0,0,0,0,0,0,0
1989,237,11,10,6.598,2,8,0,-1,0,0,1,1,25,0,0,0,1028,0,0,0,0,0,1,1,0,0,0,50.00723767,0,0,0,0,3,1,1,1,100,0,0,0,3,1,1,0.1,3000,0,0,0,0,0,0,0,0,0,0,0,0,0,0,0,0,0,0,0,0,0,0,0,0,0,0,0,0,0,0,0,0,0,0,0,0,0,0,0,0,0,0,0,0,0,0,0,0,0,0,0
1989,237,11,10,29.518,2,8,0,-1,1,0,1,1,25,0,0,0,1028,0,0,0,0,0,1,1,0,0,0,50.04715815,0,0,0,0,3,1,1,1,100,0,0,0,3,1,1,0.1,3000,0,0,0,0,0,0,0,0,0,0,0,0,0,0,0,0,0,0,0,0,0,0,0,0,0,0,0,0,0,0,0,0,0,0,0,0,0,0,0,0,0,0,0,0,0,0,0,0,0,0,0
1989,237,11,11,42.597,2,8,0,-1,0,0,1,1,25,0,0,0,1028,0,0,0,0,0,1,1,0,0,0,50.17443272,0,0,0,0,3,1,1,1,100,0,0,0,3,1,1,0.1,3000,0,0,0,0,0,0,0,0,0,0,0,0,0,0,0,0,0,0,0,0,0,0,0,0,0,0,0,0,0,0,0,0,0,0,0,0,0,0,0,0,0,0,0,0,0,0,0,0,0,0,0
1989,237,11,12,5.517,2,8,0,-1,1,0,1,1,25,0,0,0,1028,0,0,0,0,0,1,1,0,0,0,50.21434676,0,0,0,0,3,1,1,1,100,0,0,0,3,1,1,0.1,3000,0,0,0,0,0,0,0,0,0,0,0,0,0,0,0,0,0,0,0,0,0,0,0,0,0,0,0,0,0,0,0,0,0,0,0,0,0,0,0,0,0,0,0,0,0,0,0,0,0,0,0
1989,237,11,13,18.597,2,8,0,-1,0,0,1,1,25,0,0,0,1028,0,0,0,0,0,1,1,0,0,0,50.34160086,0,0,0,0,3,1,1,1,100,0,0,0,3,1,1,0.1,3000,0,0,0,0,0,0,0,0,0,0,0,0,0,0,0,0,0,0,0,0,0,0,0,0,0,0,0,0,0,0,0,0,0,0,0,0,0,0,0,0,0,0,0,0,0,0,0,0,0,0,0
1989,237,11,13,41.517,2,8,0,-1,1,0,1,1,25,0,0,0,1028,0,0,0,0,0,1,1,0,0,0,50.3815085,0,0,0,0,3,1,1,1,100,0,0,0,3,1,1,0.1,3000,0,0,0,0,0,0,0,0,0,0,0,0,0,0,0,0,0,0,0,0,0,0,0,0,0,0,0,0,0,0,0,0,0,0,0,0,0,0,0,0,0,0,0,0,0,0,0,0,0,0,0
1989,237,11,14,54.597,2,8,0,-1,0,0,1,1,25,0,0,0,1028,0,0,0,0,0,1,1,0,0,0,50.50874314,0,0,0,0,3,1,1,1,100,0,0,0,3,1,1,0.1,3000,0,0,0,0,0,0,0,0,0,0,0,0,0,0,0,0,0,0,0,0,0,0,0,0,0,0,0,0,0,0,0,0,0,0,0,0,0,0,0,0,0,0,0,0,0,0,0,0,0,0,0
1989,237,11,15,17.517,2,8,0,-1,1,0,1,1,25,0,0,0,1028,0,0,0,0,0,1,1,0,0,0,50.54864443,0,0,0,0,3,1,1,1,100,0,0,0,3,1,1,0.1,3000,0,0,0,0,0,0,0,0,0,0,0,0,0,0,0,0,0,0,0,0,0,0,0,0,0,0,0,0,0,0,0,0,0,0,0,0,0,0,0,0,0,0,0,0,0,0,0,0,0,0,0
1989,237,11,18,54.597,2,8,0,-1,0,0,1,1,25,0,0,0,1028,0,0,0,0,0,1,1,0,0,0,50.92648311,0,0,0,0,3,1,1,1,100,0,0,0,3,1,1,0.1,3000,0,0,0,0,0,0,0,0,0,0,0,0,0,0,0,0,0,0,0,0,0,0,0,0,0,0,0,0,0,0,0,0,0,0,0,0,0,0,0,0,0,0,0,0,0,0,0,0,0,0,0
1989,237,11,19,17.517,2,8,0,-1,1,0,1,1,25,0,0,0,1028,0,0,0,0,0,1,1,0,0,0,50.96636871,0,0,0,0,3,1,1,1,100,0,0,0,3,1,1,0.1,3000,0,0,0,0,0,0,0,0,0,0,0,0,0,0,0,0,0,0,0,0,0,0,0,0,0,0,0,0,0,0,0,0,0,0,0,0,0,0,0,0,0,0,0,0,0,0,0,0,0,0,0
1989,237,11,20,30.597,2,8,0,-1,0,0,1,1,25,0,0,0,1028,0,0,0,0,0,1,1,0,0,0,51.09353329,0,0,0,0,3,1,1,1,100,0,0,0,3,1,1,0.1,3000,0,0,0,0,0,0,0,0,0,0,0,0,0,0,0,0,0,0,0,0,0,0,0,0,0,0,0,0,0,0,0,0,0,0,0,0,0,0,0,0,0,0,0,0,0,0,0,0,0,0,0
1989,237,11,20,53.517,2,8,0,-1,1,0,1,1,25,0,0,0,1028,0,0,0,0,0,1,1,0,0,0,51.13341268,0,0,0,0,3,1,1,1,100,0,0,0,3,1,1,0.1,3000,0,0,0,0,0,0,0,0,0,0,0,0,0,0,0,0,0,0,0,0,0,0,0,0,0,0,0,0,0,0,0,0,0,0,0,0,0,0,0,0,0,0,0,0,0,0,0,0,0,0,0
1989,237,11,22,6.597,2,8,0,-1,0,0,1,1,25,0,0,0,1028,0,0,0,0,0,1,1,0,0,0,51.26055755,0,0,0,0,3,1,1,1,100,0,0,0,3,1,1,0.1,3000,0,0,0,0,0,0,0,0,0,0,0,0,0,0,0,0,0,0,0,0,0,0,0,0,0,0,0,0,0,0,0,0,0,0,0,0,0,0,0,0,0,0,0,0,0,0,0,0,0,0,0
1989,237,11,22,29.517,2,8,0,-1,1,0,1,1,25,0,0,0,1028,0,0,0,0,0,1,1,0,0,0,51.30043079,0,0,0,0,3,1,1,1,100,0,0,0,3,1,1,0.1,3000,0,0,0,0,0,0,0,0,0,0,0,0,0,0,0,0,0,0,0,0,0,0,0,0,0,0,0,0,0,0,0,0,0,0,0,0,0,0,0,0,0,0,0,0,0,0,0,0,0,0,0
1989,237,11,23,42.597,2,8,0,-1,0,0,1,1,25,0,0,0,1028,0,0,0,0,0,1,1,0,0,0,51.42755609,0,0,0,0,3,1,1,1,100,0,0,0,3,1,1,0.1,3000,0,0,0,0,0,0,0,0,0,0,0,0,0,0,0,0,0,0,0,0,0,0,0,0,0,0,0,0,0,0,0,0,0,0,0,0,0,0,0,0,0,0,0,0,0,0,0,0,0,0,0
1989,237,11,24,5.517,2,8,0,-1,1,0,1,1,25,0,0,0,1028,0,0,0,0,0,1,1,0,0,0,51.4674232,0,0,0,0,3,1,1,1,100,0,0,0,3,1,1,0.1,3000,0,0,0,0,0,0,0,0,0,0,0,0,0,0,0,0,0,0,0,0,0,0,0,0,0,0,0,0,0,0,0,0,0,0,0,0,0,0,0,0,0,0,0,0,0,0,0,0,0,0,0
1989,237,11,25,18.596,2,8,0,-1,0,0,1,1,25,0,0,0,1028,0,0,0,0,0,1,1,0,0,0,51.59452819,0,0,0,0,3,1,1,1,100,0,0,0,3,1,1,0.1,3000,0,0,0,0,0,0,0,0,0,0,0,0,0,0,0,0,0,0,0,0,0,0,0,0,0,0,0,0,0,0,0,0,0,0,0,0,0,0,0,0,0,0,0,0,0,0,0,0,0,0,0
1989,237,11,25,41.517,2,8,0,-1,1,0,1,1,25,0,0,0,1028,0,0,0,0,0,1,1,0,0,0,51.63438923,0,0,0,0,3,1,1,1,100,0,0,0,3,1,1,0.1,3000,0,0,0,0,0,0,0,0,0,0,0,0,0,0,0,0,0,0,0,0,0,0,0,0,0,0,0,0,0,0,0,0,0,0,0,0,0,0,0,0,0,0,0,0,0,0,0,0,0,0,0
1989,237,11,26,54.596,2,8,0,-1,0,0,1,1,25,0,0,0,1028,0,0,0,0,0,1,1,0,0,0,51.76147491,0,0,0,0,3,1,1,1,100,0,0,0,3,1,1,0.1,3000,0,0,0,0,0,0,0,0,0,0,0,0,0,0,0,0,0,0,0,0,0,0,0,0,0,0,0,0,0,0,0,0,0,0,0,0,0,0,0,0,0,0,0,0,0,0,0,0,0,0,0
1989,237,11,27,17.516,2,8,0,-1,1,0,1,1,25,0,0,0,1028,0,0,0,0,0,1,1,0,0,0,51.80132991,0,0,0,0,3,1,1,1,100,0,0,0,3,1,1,0.1,3000,0,0,0,0,0,0,0,0,0,0,0,0,0,0,0,0,0,0,0,0,0,0,0,0,0,0,0,0,0,0,0,0,0,0,0,0,0,0,0,0,0,0,0,0,0,0,0,0,0,0,0
1989,237,11,30,54.596,2,8,0,-1,0,0,1,1,25,0,0,0,1028,0,0,0,0,0,1,1,0,0,0,52.17873393,0,0,0,0,3,1,1,1,100,0,0,0,3,1,1,0.1,3000,0,0,0,0,0,0,0,0,0,0,0,0,0,0,0,0,0,0,0,0,0,0,0,0,0,0,0,0,0,0,0,0,0,0,0,0,0,0,0,0,0,0,0,0,0,0,0,0,0,0,0
1989,237,11,31,17.516,2,8,0,-1,1,0,1,1,25,0,0,0,1028,0,0,0,0,0,1,1,0,0,0,52.21857402,0,0,0,0,3,1,1,1,100,0,0,0,3,1,1,0.1,3000,0,0,0,0,0,0,0,0,0,0,0,0,0,0,0,0,0,0,0,0,0,0,0,0,0,0,0,0,0,0,0,0,0,0,0,0,0,0,0,0,0,0,0,0,0,0,0,0,0,0,0
1989,237,11,32,30.596,2,8,0,-1,0,0,1,1,25,0,0,0,1028,0,0,0,0,0,1,1,0,0,0,52.345594,0,0,0,0,3,1,1,1,100,0,0,0,3,1,1,0.1,3000,0,0,0,0,0,0,0,0,0,0,0,0,0,0,0,0,0,0,0,0,0,0,0,0,0,0,0,0,0,0,0,0,0,0,0,0,0,0,0,0,0,0,0,0,0,0,0,0,0,0,0
1989,237,11,32,53.516,2,8,0,-1,1,0,1,1,25,0,0,0,1028,0,0,0,0,0,1,1,0,0,0,52.38542819,0,0,0,0,3,1,1,1,100,0,0,0,3,1,1,0.1,3000,0,0,0,0,0,0,0,0,0,0,0,0,0,0,0,0,0,0,0,0,0,0,0,0,0,0,0,0,0,0,0,0,0,0,0,0,0,0,0,0,0,0,0,0,0,0,0,0,0,0,0
1989,237,11,34,6.596,2,8,0,-1,0,0,1,1,25,0,0,0,1028,0,0,0,0,0,1,1,0,0,0,52.51242944,0,0,0,0,3,1,1,1,100,0,0,0,3,1,1,0.1,3000,0,0,0,0,0,0,0,0,0,0,0,0,0,0,0,0,0,0,0,0,0,0,0,0,0,0,0,0,0,0,0,0,0,0,0,0,0,0,0,0,0,0,0,0,0,0,0,0,0,0,0
1989,237,11,34,29.516,2,8,0,-1,1,0,1,1,25,0,0,0,1028,0,0,0,0,0,1,1,0,0,0,52.55225778,0,0,0,0,3,1,1,1,100,0,0,0,3,1,1,0.1,3000,0,0,0,0,0,0,0,0,0,0,0,0,0,0,0,0,0,0,0,0,0,0,0,0,0,0,0,0,0,0,0,0,0,0,0,0,0,0,0,0,0,0,0,0,0,0,0,0,0,0,0
1989,237,11,35,42.596,2,8,0,-1,0,0,1,1,25,0,0,0,1028,0,0,0,0,0,1,1,0,0,0,52.67924042,0,0,0,0,3,1,1,1,100,0,0,0,3,1,1,0.1,3000,0,0,0,0,0,0,0,0,0,0,0,0,0,0,0,0,0,0,0,0,0,0,0,0,0,0,0,0,0,0,0,0,0,0,0,0,0,0,0,0,0,0,0,0,0,0,0,0,0,0,0
1989,237,11,36,5.516,2,8,0,-1,1,0,1,1,25,0,0,0,1028,0,0,0,0,0,1,1,0,0,0,52.71906294,0,0,0,0,3,1,1,1,100,0,0,0,3,1,1,0.1,3000,0,0,0,0,0,0,0,0,0,0,0,0,0,0,0,0,0,0,0,0,0,0,0,0,0,0,0,0,0,0,0,0,0,0,0,0,0,0,0,0,0,0,0,0,0,0,0,0,0,0,0
1989,237,11,37,18.596,2,8,0,-1,0,0,1,1,25,0,0,0,1028,0,0,0,0,0,1,1,0,0,0,52.84602709,0,0,0,0,3,1,1,1,100,0,0,0,3,1,1,0.1,3000,0,0,0,0,0,0,0,0,0,0,0,0,0,0,0,0,0,0,0,0,0,0,0,0,0,0,0,0,0,0,0,0,0,0,0,0,0,0,0,0,0,0,0,0,0,0,0,0,0,0,0
1989,237,11,37,41.516,2,8,0,-1,1,0,1,1,25,0,0,0,1028,0,0,0,0,0,1,1,0,0,0,52.88584383,0,0,0,0,3,1,1,1,100,0,0,0,3,1,1,0.1,3000,0,0,0,0,0,0,0,0,0,0,0,0,0,0,0,0,0,0,0,0,0,0,0,0,0,0,0,0,0,0,0,0,0,0,0,0,0,0,0,0,0,0,0,0,0,0,0,0,0,0,0
1989,237,11,38,54.595,2,8,0,-1,0,0,1,1,25,0,0,0,1028,0,0,0,0,0,1,1,0,0,0,53.01278788,0,0,0,0,3,1,1,1,100,0,0,0,3,1,1,0.1,3000,0,0,0,0,0,0,0,0,0,0,0,0,0,0,0,0,0,0,0,0,0,0,0,0,0,0,0,0,0,0,0,0,0,0,0,0,0,0,0,0,0,0,0,0,0,0,0,0,0,0,0
1989,237,11,39,17.515,2,8,0,-1,1,0,1,1,25,0,0,0,1028,0,0,0,0,0,1,1,0,0,0,53.05259888,0,0,0,0,3,1,1,1,100,0,0,0,3,1,1,0.1,3000,0,0,0,0,0,0,0,0,0,0,0,0,0,0,0,0,0,0,0,0,0,0,0,0,0,0,0,0,0,0,0,0,0,0,0,0,0,0,0,0,0,0,0,0,0,0,0,0,0,0,0
1989,237,11,42,54.595,2,8,0,-1,0,0,1,1,25,0,0,0,1028,0,0,0,0,0,1,1,0,0,0,53.42958961,0,0,0,0,3,1,1,1,100,0,0,0,3,1,1,0.1,3000,0,0,0,0,0,0,0,0,0,0,0,0,0,0,0,0,0,0,0,0,0,0,0,0,0,0,0,0,0,0,0,0,0,0,0,0,0,0,0,0,0,0,0,0,0,0,0,0,0,0,0
1989,237,11,43,17.515,2,8,0,-1,1,0,1,1,25,0,0,0,1028,0,0,0,0,0,1,1,0,0,0,53.46938642,0,0,0,0,3,1,1,1,100,0,0,0,3,1,1,0.1,3000,0,0,0,0,0,0,0,0,0,0,0,0,0,0,0,0,0,0,0,0,0,0,0,0,0,0,0,0,0,0,0,0,0,0,0,0,0,0,0,0,0,0,0,0,0,0,0,0,0,0,0
1989,237,11,44,30.595,2,8,0,-1,0,0,1,1,25,0,0,0,1028,0,0,0,0,0,1,1,0,0,0,53.59626887,0,0,0,0,3,1,1,1,100,0,0,0,3,1,1,0.1,3000,0,0,0,0,0,0,0,0,0,0,0,0,0,0,0,0,0,0,0,0,0,0,0,0,0,0,0,0,0,0,0,0,0,0,0,0,0,0,0,0,0,0,0,0,0,0,0,0,0,0,0
1989,237,11,44,53.514,2,8,0,-1,1,0,1,1,25,0,0,0,1028,0,0,0,0,0,1,1,0,0,0,53.63605921,0,0,0,0,3,1,1,1,100,0,0,0,3,1,1,0.1,3000,0,0,0,0,0,0,0,0,0,0,0,0,0,0,0,0,0,0,0,0,0,0,0,0,0,0,0,0,0,0,0,0,0,0,0,0,0,0,0,0,0,0,0,0,0,0,0,0,0,0,0
1989,237,11,46,6.595,2,8,0,-1,0,0,1,1,25,0,0,0,1028,0,0,0,0,0,1,1,0,0,0,53.76292469,0,0,0,0,3,1,1,1,100,0,0,0,3,1,1,0.1,3000,0,0,0,0,0,0,0,0,0,0,0,0,0,0,0,0,0,0,0,0,0,0,0,0,0,0,0,0,0,0,0,0,0,0,0,0,0,0,0,0,0,0,0,0,0,0,0,0,0,0,0
1989,237,11,46,29.514,2,8,0,-1,1,0,1,1,25,0,0,0,1028,0,0,0,0,0,1,1,0,0,0,53.80270945,0,0,0,0,3,1,1,1,100,0,0,0,3,1,1,0.1,3000,0,0,0,0,0,0,0,0,0,0,0,0,0,0,0,0,0,0,0,0,0,0,0,0,0,0,0,0,0,0,0,0,0,0,0,0,0,0,0,0,0,0,0,0,0,0,0,0,0,0,0
1989,237,11,47,42.595,2,8,0,-1,0,0,1,1,25,0,0,0,1028,0,0,0,0,0,1,1,0,0,0,53.92955722,0,0,0,0,3,1,1,1,100,0,0,0,3,1,1,0.1,3000,0,0,0,0,0,0,0,0,0,0,0,0,0,0,0,0,0,0,0,0,0,0,0,0,0,0,0,0,0,0,0,0,0,0,0,0,0,0,0,0,0,0,0,0,0,0,0,0,0,0,0
1989,237,11,48,5.515,2,8,0,-1,1,0,1,1,25,0,0,0,1028,0,0,0,0,0,1,1,0,0,0,53.96933731,0,0,0,0,3,1,1,1,100,0,0,0,3,1,1,0.1,3000,0,0,0,0,0,0,0,0,0,0,0,0,0,0,0,0,0,0,0,0,0,0,0,0,0,0,0,0,0,0,0,0,0,0,0,0,0,0,0,0,0,0,0,0,0,0,0,0,0,0,0
1989,237,11,49,18.595,2,8,0,-1,0,0,1,1,25,0,0,0,1028,0,0,0,0,0,1,1,0,0,0,54.09616661,0,0,0,0,3,1,1,1,100,0,0,0,3,1,1,0.1,3000,0,0,0,0,0,0,0,0,0,0,0,0,0,0,0,0,0,0,0,0,0,0,0,0,0,0,0,0,0,0,0,0,0,0,0,0,0,0,0,0,0,0,0,0,0,0,0,0,0,0,0
1989,237,11,49,41.514,2,8,0,-1,1,0,1,1,25,0,0,0,1028,0,0,0,0,0,1,1,0,0,0,54.13593946,0,0,0,0,3,1,1,1,100,0,0,0,3,1,1,0.1,3000,0,0,0,0,0,0,0,0,0,0,0,0,0,0,0,0,0,0,0,0,0,0,0,0,0,0,0,0,0,0,0,0,0,0,0,0,0,0,0,0,0,0,0,0,0,0,0,0,0,0,0
1989,237,11,50,54.595,2,8,0,-1,0,0,1,1,25,0,0,0,1028,0,0,0,0,0,1,1,0,0,0,54.26275213,0,0,0,0,3,1,1,1,100,0,0,0,3,1,1,0.1,3000,0,0,0,0,0,0,0,0,0,0,0,0,0,0,0,0,0,0,0,0,0,0,0,0,0,0,0,0,0,0,0,0,0,0,0,0,0,0,0,0,0,0,0,0,0,0,0,0,0,0,0
1989,237,11,51,17.514,2,8,0,-1,1,0,1,1,25,0,0,0,1028,0,0,0,0,0,1,1,0,0,0,54.30252125,0,0,0,0,3,1,1,1,100,0,0,0,3,1,1,0.1,3000,0,0,0,0,0,0,0,0,0,0,0,0,0,0,0,0,0,0,0,0,0,0,0,0,0,0,0,0,0,0,0,0,0,0,0,0,0,0,0,0,0,0,0,0,0,0,0,0,0,0,0
1989,237,11,54,54.594,2,8,0,-1,0,0,1,1,25,0,0,0,1028,0,0,0,0,0,1,1,0,0,0,54.67911762,0,0,0,0,3,1,1,1,100,0,0,0,3,1,1,0.1,3000,0,0,0,0,0,0,0,0,0,0,0,0,0,0,0,0,0,0,0,0,0,0,0,0,0,0,0,0,0,0,0,0,0,0,0,0,0,0,0,0,0,0,0,0,0,0,0,0,0,0,0
1989,237,11,55,17.514,2,8,0,-1,1,0,1,1,25,0,0,0,1028,0,0,0,0,0,1,1,0,0,0,54.71887322,0,0,0,0,3,1,1,1,100,0,0,0,3,1,1,0.1,3000,0,0,0,0,0,0,0,0,0,0,0,0,0,0,0,0,0,0,0,0,0,0,0,0,0,0,0,0,0,0,0,0,0,0,0,0,0,0,0,0,0,0,0,0,0,0,0,0,0,0,0
1989,237,11,56,30.594,2,8,0,-1,0,0,1,1,25,0,0,0,1028,0,0,0,0,0,1,1,0,0,0,54.84562468,0,0,0,0,3,1,1,1,100,0,0,0,3,1,1,0.1,3000,0,0,0,0,0,0,0,0,0,0,0,0,0,0,0,0,0,0,0,0,0,0,0,0,0,0,0,0,0,0,0,0,0,0,0,0,0,0,0,0,0,0,0,0,0,0,0,0,0,0,0
1989,237,11,56,53.513,2,8,0,-1,1,0,1,1,25,0,0,0,1028,0,0,0,0,0,1,1,0,0,0,54.88537407,0,0,0,0,3,1,1,1,100,0,0,0,3,1,1,0.1,3000,0,0,0,0,0,0,0,0,0,0,0,0,0,0,0,0,0,0,0,0,0,0,0,0,0,0,0,0,0,0,0,0,0,0,0,0,0,0,0,0,0,0,0,0,0,0,0,0,0,0,0
1989,237,11,58,6.594,2,8,0,-1,0,0,1,1,25,0,0,0,1028,0,0,0,0,0,1,1,0,0,0,55.01210941,0,0,0,0,3,1,1,1,100,0,0,0,3,1,1,0.1,3000,0,0,0,0,0,0,0,0,0,0,0,0,0,0,0,0,0,0,0,0,0,0,0,0,0,0,0,0,0,0,0,0,0,0,0,0,0,0,0,0,0,0,0,0,0,0,0,0,0,0,0
1989,237,11,58,29.513,2,8,0,-1,1,0,1,1,25,0,0,0,1028,0,0,0,0,0,1,1,0,0,0,55.05185348,0,0,0,0,3,1,1,1,100,0,0,0,3,1,1,0.1,3000,0,0,0,0,0,0,0,0,0,0,0,0,0,0,0,0,0,0,0,0,0,0,0,0,0,0,0,0,0,0,0,0,0,0,0,0,0,0,0,0,0,0,0,0,0,0,0,0,0,0,0
1989,237,11,59,42.594,2,8,0,-1,0,0,1,1,25,0,0,0,1028,0,0,0,0,0,1,1,0,0,0,55.17857194,0,0,0,0,3,1,1,1,100,0,0,0,3,1,1,0.1,3000,0,0,0,0,0,0,0,0,0,0,0,0,0,0,0,0,0,0,0,0,0,0,0,0,0,0,0,0,0,0,0,0,0,0,0,0,0,0,0,0,0,0,0,0,0,0,0,0,0,0,0
1989,237,12,0,5.514,2,8,0,-1,1,0,1,1,25,0,0,0,1028,0,0,0,0,0,1,1,0,0,0,55.2183116,0,0,0,0,3,1,1,1,100,0,0,0,3,1,1,0.1,3000,0,0,0,0,0,0,0,0,0,0,0,0,0,0,0,0,0,0,0,0,0,0,0,0,0,0,0,0,0,0,0,0,0,0,0,0,0,0,0,0,0,0,0,0,0,0,0,0,0,0,0
1989,237,12,1,18.594,2,8,0,-1,0,0,1,1,25,0,0,0,1028,0,0,0,0,0,1,1,0,0,0,55.3450124,0,0,0,0,3,1,1,1,100,0,0,0,3,1,1,0.1,3000,0,0,0,0,0,0,0,0,0,0,0,0,0,0,0,0,0,0,0,0,0,0,0,0,0,0,0,0,0,0,0,0,0,0,0,0,0,0,0,0,0,0,0,0,0,0,0,0,0,0,0
1989,237,12,1,41.513,2,8,0,-1,1,0,1,1,25,0,0,0,1028,0,0,0,0,0,1,1,0,0,0,55.38474508,0,0,0,0,3,1,1,1,100,0,0,0,3,1,1,0.1,3000,0,0,0,0,0,0,0,0,0,0,0,0,0,0,0,0,0,0,0,0,0,0,0,0,0,0,0,0,0,0,0,0,0,0,0,0,0,0,0,0,0,0,0,0,0,0,0,0,0,0,0
1989,237,12,2,54.594,2,8,0,-1,0,0,1,1,25,0,0,0,1028,0,0,0,0,0,1,1,0,0,0,55.51143094,0,0,0,0,3,1,1,1,100,0,0,0,3,1,1,0.1,3000,0,0,0,0,0,0,0,0,0,0,0,0,0,0,0,0,0,0,0,0,0,0,0,0,0,0,0,0,0,0,0,0,0,0,0,0,0,0,0,0,0,0,0,0,0,0,0,0,0,0,0
1989,237,12,3,17.514,2,8,0,-1,1,0,1,1,25,0,0,0,1028,0,0,0,0,0,1,1,0,0,0,55.55116014,0,0,0,0,3,1,1,1,100,0,0,0,3,1,1,0.1,3000,0,0,0,0,0,0,0,0,0,0,0,0,0,0,0,0,0,0,0,0,0,0,0,0,0,0,0,0,0,0,0,0,0,0,0,0,0,0,0,0,0,0,0,0,0,0,0,0,0,0,0
1989,237,12,6,54.593,2,8,0,-1,0,0,1,1,25,0,0,0,1028,0,0,0,0,0,1,1,0,0,0,55.92738054,0,0,0,0,3,1,1,1,100,0,0,0,3,1,1,0.1,3000,0,0,0,0,0,0,0,0,0,0,0,0,0,0,0,0,0,0,0,0,0,0,0,0,0,0,0,0,0,0,0,0,0,0,0,0,0,0,0,0,0,0,0,0,0,0,0,0,0,0,0
1989,237,12,7,17.512,2,8,0,-1,1,0,1,1,25,0,0,0,1028,0,0,0,0,0,1,1,0,0,0,55.96709598,0,0,0,0,3,1,1,1,100,0,0,0,3,1,1,0.1,3000,0,0,0,0,0,0,0,0,0,0,0,0,0,0,0,0,0,0,0,0,0,0,0,0,0,0,0,0,0,0,0,0,0,0,0,0,0,0,0,0,0,0,0,0,0,0,0,0,0,0,0
1989,237,12,8,30.593,2,8,0,-1,0,0,1,1,25,0,0,0,1028,0,0,0,0,0,1,1,0,0,0,56.09372342,0,0,0,0,3,1,1,1,100,0,0,0,3,1,1,0.1,3000,0,0,0,0,0,0,0,0,0,0,0,0,0,0,0,0,0,0,0,0,0,0,0,0,0,0,0,0,0,0,0,0,0,0,0,0,0,0,0,0,0,0,0,0,0,0,0,0,0,0,0
1989,237,12,8,53.512,2,8,0,-1,1,0,1,1,25,0,0,0,1028,0,0,0,0,0,1,1,0,0,0,56.13343376,0,0,0,0,3,1,1,1,100,0,0,0,3,1,1,0.1,3000,0,0,0,0,0,0,0,0,0,0,0,0,0,0,0,0,0,0,0,0,0,0,0,0,0,0,0,0,0,0,0,0,0,0,0,0,0,0,0,0,0,0,0,0,0,0,0,0,0,0,0
1989,237,12,11,42.592,2,8,0,-1,0,0,1,1,25,0,0,0,1028,0,0,0,0,0,1,1,0,0,0,56.42634449,0,0,0,0,3,1,1,1,100,0,0,0,3,1,1,0.1,3000,0,0,0,0,0,0,0,0,0,0,0,0,0,0,0,0,0,0,0,0,0,0,0,0,0,0,0,0,0,0,0,0,0,0,0,0,0,0,0,0,0,0,0,0,0,0,0,0,0,0,0
1989,237,12,12,5.512,2,8,0,-1,1,0,1,1,25,0,0,0,1028,0,0,0,0,0,1,1,0,0,0,56.46604558,0,0,0,0,3,1,1,1,100,0,0,0,3,1,1,0.1,3000,0,0,0,0,0,0,0,0,0,0,0,0,0,0,0,0,0,0,0,0,0,0,0,0,0,0,0,0,0,0,0,0,0,0,0,0,0,0,0,0,0,0,0,0,0,0,0,0,0,0,0
1989,237,12,13,18.593,2,8,0,-1,0,0,1,1,25,0,0,0,1028,0,0,0,0,0,1,1,0,0,0,56.59262467,0,0,0,0,3,1,1,1,100,0,0,0,3,1,1,0.1,3000,0,0,0,0,0,0,0,0,0,0,0,0,0,0,0,0,0,0,0,0,0,0,0,0,0,0,0,0,0,0,0,0,0,0,0,0,0,0,0,0,0,0,0,0,0,0,0,0,0,0,0
1989,237,12,13,41.512,2,8,0,-1,1,0,1,1,25,0,0,0,1028,0,0,0,0,0,1,1,0,0,0,56.63231903,0,0,0,0,3,1,1,1,100,0,0,0,3,1,1,0.1,3000,0,0,0,0,0,0,0,0,0,0,0,0,0,0,0,0,0,0,0,0,0,0,0,0,0,0,0,0,0,0,0,0,0,0,0,0,0,0,0,0,0,0,0,0,0,0,0,0,0,0,0
1989,237,12,14,54.593,2,8,0,-1,0,0,1,1,25,0,0,0,1028,0,0,0,0,0,1,1,0,0,0,56.75888306,0,0,0,0,3,1,1,1,100,0,0,0,3,1,1,0.1,3000,0,0,0,0,0,0,0,0,0,0,0,0,0,0,0,0,0,0,0,0,0,0,0,0,0,0,0,0,0,0,0,0,0,0,0,0,0,0,0,0,0,0,0,0,0,0,0,0,0,0,0
1989,237,12,15,17.512,2,8,0,-1,1,0,1,1,25,0,0,0,1028,0,0,0,0,0,1,1,0,0,0,56.79857331,0,0,0,0,3,1,1,1,100,0,0,0,3,1,1,0.1,3000,0,0,0,0,0,0,0,0,0,0,0,0,0,0,0,0,0,0,0,0,0,0,0,0,0,0,0,0,0,0,0,0,0,0,0,0,0,0,0,0,0,0,0,0,0,0,0,0,0,0,0
1989,237,12,18,54.592,2,8,0,-1,0,0,1,1,25,0,0,0,1028,0,0,0,0,0,1,1,0,0,0,57.17443658,0,0,0,0,3,1,1,1,100,0,0,0,3,1,1,0.1,3000,0,0,0,0,0,0,0,0,0,0,0,0,0,0,0,0,0,0,0,0,0,0,0,0,0,0,0,0,0,0,0,0,0,0,0,0,0,0,0,0,0,0,0,0,0,0,0,0,0,0,0
1989,237,12,19,17.512,2,8,0,-1,1,0,1,1,25,0,0,0,1028,0,0,0,0,0,1,1,0,0,0,57.21411451,0,0,0,0,3,1,1,1,100,0,0,0,3,1,1,0.1,3000,0,0,0,0,0,0,0,0,0,0,0,0,0,0,0,0,0,0,0,0,0,0,0,0,0,0,0,0,0,0,0,0,0,0,0,0,0,0,0,0,0,0,0,0,0,0,0,0,0,0,0
1989,237,12,20,30.592,2,8,0,-1,0,0,1,1,25,0,0,0,1028,0,0,0,0,0,1,1,0,0,0,57.34062272,0,0,0,0,3,1,1,1,100,0,0,0,3,1,1,0.1,3000,0,0,0,0,0,0,0,0,0,0,0,0,0,0,0,0,0,0,0,0,0,0,0,0,0,0,0,0,0,0,0,0,0,0,0,0,0,0,0,0,0,0,0,0,0,0,0,0,0,0,0
1989,237,12,20,53.512,2,8,0,-1,1,0,1,1,25,0,0,0,1028,0,0,0,0,0,1,1,0,0,0,57.38029578,0,0,0,0,3,1,1,1,100,0,0,0,3,1,1,0.1,3000,0,0,0,0,0,0,0,0,0,0,0,0,0,0,0,0,0,0,0,0,0,0,0,0,0,0,0,0,0,0,0,0,0,0,0,0,0,0,0,0,0,0,0,0,0,0,0,0,0,0,0
1989,237,12,22,6.592,2,8,0,-1,0,0,1,1,25,0,0,0,1028,0,0,0,0,0,1,1,0,0,0,57.5067885,0,0,0,0,3,1,1,1,100,0,0,0,3,1,1,0.1,3000,0,0,0,0,0,0,0,0,0,0,0,0,0,0,0,0,0,0,0,0,0,0,0,0,0,0,0,0,0,0,0,0,0,0,0,0,0,0,0,0,0,0,0,0,0,0,0,0,0,0,0
1989,237,12,22,29.511,2,8,0,-1,1,0,1,1,25,0,0,0,1028,0,0,0,0,0,1,1,0,0,0,57.54645585,0,0,0,0,3,1,1,1,100,0,0,0,3,1,1,0.1,3000,0,0,0,0,0,0,0,0,0,0,0,0,0,0,0,0,0,0,0,0,0,0,0,0,0,0,0,0,0,0,0,0,0,0,0,0,0,0,0,0,0,0,0,0,0,0,0,0,0,0,0
1989,237,12,23,42.592,2,8,0,-1,0,0,1,1,25,0,0,0,1028,0,0,0,0,0,1,1,0,0,0,57.67293403,0,0,0,0,3,1,1,1,100,0,0,0,3,1,1,0.1,3000,0,0,0,0,0,0,0,0,0,0,0,0,0,0,0,0,0,0,0,0,0,0,0,0,0,0,0,0,0,0,0,0,0,0,0,0,0,0,0,0,0,0,0,0,0,0,0,0,0,0,0
1989,237,12,24,5.512,2,8,0,-1,1,0,1,1,25,0,0,0,1028,0,0,0,0,0,1,1,0,0,0,57.7125983,0,0,0,0,3,1,1,1,100,0,0,0,3,1,1,0.1,3000,0,0,0,0,0,0,0,0,0,0,0,0,0,0,0,0,0,0,0,0,0,0,0,0,0,0,0,0,0,0,0,0,0,0,0,0,0,0,0,0,0,0,0,0,0,0,0,0,0,0,0
1989,237,12,25,18.592,2,8,0,-1,0,0,1,1,25,0,0,0,1028,0,0,0,0,0,1,1,0,0,0,57.83905945,0,0,0,0,3,1,1,1,100,0,0,0,3,1,1,0.1,3000,0,0,0,0,0,0,0,0,0,0,0,0,0,0,0,0,0,0,0,0,0,0,0,0,0,0,0,0,0,0,0,0,0,0,0,0,0,0,0,0,0,0,0,0,0,0,0,0,0,0,0
1989,237,12,25,41.511,2,8,0,-1,1,0,1,1,25,0,0,0,1028,0,0,0,0,0,1,1,0,0,0,57.8787172,0,0,0,0,3,1,1,1,100,0,0,0,3,1,1,0.1,3000,0,0,0,0,0,0,0,0,0,0,0,0,0,0,0,0,0,0,0,0,0,0,0,0,0,0,0,0,0,0,0,0,0,0,0,0,0,0,0,0,0,0,0,0,0,0,0,0,0,0,0
1989,237,12,26,54.592,2,8,0,-1,0,0,1,1,25,0,0,0,1028,0,0,0,0,0,1,1,0,0,0,58.00516486,0,0,0,0,3,1,1,1,100,0,0,0,3,1,1,0.1,3000,0,0,0,0,0,0,0,0,0,0,0,0,0,0,0,0,0,0,0,0,0,0,0,0,0,0,0,0,0,0,0,0,0,0,0,0,0,0,0,0,0,0,0,0,0,0,0,0,0,0,0
1989,237,12,27,17.512,2,8,0,-1,1,0,1,1,25,0,0,0,1028,0,0,0,0,0,1,1,0,0,0,58.04481872,0,0,0,0,3,1,1,1,100,0,0,0,3,1,1,0.1,3000,0,0,0,0,0,0,0,0,0,0,0,0,0,0,0,0,0,0,0,0,0,0,0,0,0,0,0,0,0,0,0,0,0,0,0,0,0,0,0,0,0,0,0,0,0,0,0,0,0,0,0
1989,237,12,30,54.591,2,8,0,-1,0,0,1,1,25,0,0,0,1028,0,0,0,0,0,1,1,0,0,0,58.42033996,0,0,0,0,3,1,1,1,100,0,0,0,3,1,1,0.1,3000,0,0,0,0,0,0,0,0,0,0,0,0,0,0,0,0,0,0,0,0,0,0,0,0,0,0,0,0,0,0,0,0,0,0,0,0,0,0,0,0,0,0,0,0,0,0,0,0,0,0,0
1989,237,12,31,17.511,2,8,0,-1,1,0,1,1,25,0,0,0,1028,0,0,0,0,0,1,1,0,0,0,58.45998291,0,0,0,0,3,1,1,1,100,0,0,0,3,1,1,0.1,3000,0,0,0,0,0,0,0,0,0,0,0,0,0,0,0,0,0,0,0,0,0,0,0,0,0,0,0,0,0,0,0,0,0,0,0,0,0,0,0,0,0,0,0,0,0,0,0,0,0,0,0
1989,237,12,32,30.59,2,8,0,-1,0,0,1,1,25,0,0,0,1028,0,0,0,0,0,1,1,0,0,0,58.58637544,0,0,0,0,3,1,1,1,100,0,0,0,3,1,1,0.1,3000,0,0,0,0,0,0,0,0,0,0,0,0,0,0,0,0,0,0,0,0,0,0,0,0,0,0,0,0,0,0,0,0,0,0,0,0,0,0,0,0,0,0,0,0,0,0,0,0,0,0,0
1989,237,12,32,53.511,2,8,0,-1,1,0,1,1,25,0,0,0,1028,0,0,0,0,0,1,1,0,0,0,58.62601373,0,0,0,0,3,1,1,1,100,0,0,0,3,1,1,0.1,3000,0,0,0,0,0,0,0,0,0,0,0,0,0,0,0,0,0,0,0,0,0,0,0,0,0,0,0,0,0,0,0,0,0,0,0,0,0,0,0,0,0,0,0,0,0,0,0,0,0,0,0
1989,237,12,34,6.591,2,8,0,-1,0,0,1,1,25,0,0,0,1028,0,0,0,0,0,1,1,0,0,0,58.75239318,0,0,0,0,3,1,1,1,100,0,0,0,3,1,1,0.1,3000,0,0,0,0,0,0,0,0,0,0,0,0,0,0,0,0,0,0,0,0,0,0,0,0,0,0,0,0,0,0,0,0,0,0,0,0,0,0,0,0,0,0,0,0,0,0,0,0,0,0,0
1989,237,12,34,29.511,2,8,0,-1,1,0,1,1,25,0,0,0,1028,0,0,0,0,0,1,1,0,0,0,58.79202598,0,0,0,0,3,1,1,1,100,0,0,0,3,1,1,0.1,3000,0,0,0,0,0,0,0,0,0,0,0,0,0,0,0,0,0,0,0,0,0,0,0,0,0,0,0,0,0,0,0,0,0,0,0,0,0,0,0,0,0,0,0,0,0,0,0,0,0,0,0
1989,237,12,35,42.59,2,8,0,-1,0,0,1,1,25,0,0,0,1028,0,0,0,0,0,1,1,0,0,0,58.91838983,0,0,0,0,3,1,1,1,100,0,0,0,3,1,1,0.1,3000,0,0,0,0,0,0,0,0,0,0,0,0,0,0,0,0,0,0,0,0,0,0,0,0,0,0,0,0,0,0,0,0,0,0,0,0,0,0,0,0,0,0,0,0,0,0,0,0,0,0,0
1989,237,12,36,5.511,2,8,0,-1,1,0,1,1,25,0,0,0,1028,0,0,0,0,0,1,1,0,0,0,58.95801976,0,0,0,0,3,1,1,1,100,0,0,0,3,1,1,0.1,3000,0,0,0,0,0,0,0,0,0,0,0,0,0,0,0,0,0,0,0,0,0,0,0,0,0,0,0,0,0,0,0,0,0,0,0,0,0,0,0,0,0,0,0,0,0,0,0,0,0,0,0
1989,237,12,37,18.591,2,8,0,-1,0,0,1,1,25,0,0,0,1028,0,0,0,0,0,1,1,0,0,0,59.08436897,0,0,0,0,3,1,1,1,100,0,0,0,3,1,1,0.1,3000,0,0,0,0,0,0,0,0,0,0,0,0,0,0,0,0,0,0,0,0,0,0,0,0,0,0,0,0,0,0,0,0,0,0,0,0,0,0,0,0,0,0,0,0,0,0,0,0,0,0,0
1989,237,12,37,41.51,2,8,0,-1,1,0,1,1,25,0,0,0,1028,0,0,0,0,0,1,1,0,0,0,59.12399172,0,0,0,0,3,1,1,1,100,0,0,0,3,1,1,0.1,3000,0,0,0,0,0,0,0,0,0,0,0,0,0,0,0,0,0,0,0,0,0,0,0,0,0,0,0,0,0,0,0,0,0,0,0,0,0,0,0,0,0,0,0,0,0,0,0,0,0,0,0
1989,237,12,38,54.591,2,8,0,-1,0,0,1,1,25,0,0,0,1028,0,0,0,0,0,1,1,0,0,0,59.25032811,0,0,0,0,3,1,1,1,100,0,0,0,3,1,1,0.1,3000,0,0,0,0,0,0,0,0,0,0,0,0,0,0,0,0,0,0,0,0,0,0,0,0,0,0,0,0,0,0,0,0,0,0,0,0,0,0,0,0,0,0,0,0,0,0,0,0,0,0,0
1989,237,12,39,17.511,2,8,0,-1,1,0,1,1,25,0,0,0,1028,0,0,0,0,0,1,1,0,0,0,59.28994804,0,0,0,0,3,1,1,1,100,0,0,0,3,1,1,0.1,3000,0,0,0,0,0,0,0,0,0,0,0,0,0,0,0,0,0,0,0,0,0,0,0,0,0,0,0,0,0,0,0,0,0,0,0,0,0,0,0,0,0,0,0,0,0,0,0,0,0,0,0
1989,237,12,42,54.59,2,8,0,-1,0,0,1,1,25,0,0,0,1028,0,0,0,0,0,1,1,0,0,0,59.66514126,0,0,0,0,3,1,1,1,100,0,0,0,3,1,1,0.1,3000,0,0,0,0,0,0,0,0,0,0,0,0,0,0,0,0,0,0,0,0,0,0,0,0,0,0,0,0,0,0,0,0,0,0,0,0,0,0,0,0,0,0,0,0,0,0,0,0,0,0,0
1989,237,12,43,17.51,2,8,0,-1,1,0,1,1,25,0,0,0,1028,0,0,0,0,0,1,1,0,0,0,59.70474992,0,0,0,0,3,1,1,1,100,0,0,0,3,1,1,0.1,3000,0,0,0,0,0,0,0,0,0,0,0,0,0,0,0,0,0,0,0,0,0,0,0,0,0,0,0,0,0,0,0,0,0,0,0,0,0,0,0,0,0,0,0,0,0,0,0,0,0,0,0
1989,237,12,44,30.59,2,8,0,-1,0,0,1,1,25,0,0,0,1028,0,0,0,0,0,1,1,0,0,0,59.83103431,0,0,0,0,3,1,1,1,100,0,0,0,3,1,1,0.1,3000,0,0,0,0,0,0,0,0,0,0,0,0,0,0,0,0,0,0,0,0,0,0,0,0,0,0,0,0,0,0,0,0,0,0,0,0,0,0,0,0,0,0,0,0,0,0,0,0,0,0,0
1989,237,12,44,53.509,2,8,0,-1,1,0,1,1,25,0,0,0,1028,0,0,0,0,0,1,1,0,0,0,59.87063765,0,0,0,0,3,1,1,1,100,0,0,0,3,1,1,0.1,3000,0,0,0,0,0,0,0,0,0,0,0,0,0,0,0,0,0,0,0,0,0,0,0,0,0,0,0,0,0,0,0,0,0,0,0,0,0,0,0,0,0,0,0,0,0,0,0,0,0,0,0
1989,237,12,46,6.59,2,8,0,-1,0,0,1,1,25,0,0,0,1028,0,0,0,0,0,1,1,0,0,0,59.99690871,0,0,0,0,3,1,1,1,100,0,0,0,3,1,1,0.1,3000,0,0,0,0,0,0,0,0,0,0,0,0,0,0,0,0,0,0,0,0,0,0,0,0,0,0,0,0,0,0,0,0,0,0,0,0,0,0,0,0,0,0,0,0,0,0,0,0,0,0,0
1989,237,12,46,29.51,2,8,0,-1,1,0,1,1,25,0,0,0,1028,0,0,0,0,0,1,1,0,0,0,60.03650762,0,0,0,0,3,1,1,1,100,0,0,0,3,1,1,0.1,3000,0,0,0,0,0,0,0,0,0,0,0,0,0,0,0,0,0,0,0,0,0,0,0,0,0,0,0,0,0,0,0,0,0,0,0,0,0,0,0,0,0,0,0,0,0,0,0,0,0,0,0
1989,237,12,47,42.59,2,8,0,-1,0,0,1,1,25,0,0,0,1028,0,0,0,0,0,1,1,0,0,0,60.16276459,0,0,0,0,3,1,1,1,100,0,0,0,3,1,1,0.1,3000,0,0,0,0,0,0,0,0,0,0,0,0,0,0,0,0,0,0,0,0,0,0,0,0,0,0,0,0,0,0,0,0,0,0,0,0,0,0,0,0,0,0,0,0,0,0,0,0,0,0,0
1989,237,12,48,5.51,2,8,0,-1,1,0,1,1,25,0,0,0,1028,0,0,0,0,0,1,1,0,0,0,60.20235995,0,0,0,0,3,1,1,1,100,0,0,0,3,1,1,0.1,3000,0,0,0,0,0,0,0,0,0,0,0,0,0,0,0,0,0,0,0,0,0,0,0,0,0,0,0,0,0,0,0,0,0,0,0,0,0,0,0,0,0,0,0,0,0,0,0,0,0,0,0
1989,237,12,49,18.59,2,8,0,-1,0,0,1,1,25,0,0,0,1028,0,0,0,0,0,1,1,0,0,0,60.32860118,0,0,0,0,3,1,1,1,100,0,0,0,3,1,1,0.1,3000,0,0,0,0,0,0,0,0,0,0,0,0,0,0,0,0,0,0,0,0,0,0,0,0,0,0,0,0,0,0,0,0,0,0,0,0,0,0,0,0,0,0,0,0,0,0,0,0,0,0,0
1989,237,12,49,41.509,2,8,0,-1,1,0,1,1,25,0,0,0,1028,0,0,0,0,0,1,1,0,0,0,60.36819129,0,0,0,0,3,1,1,1,100,0,0,0,3,1,1,0.1,3000,0,0,0,0,0,0,0,0,0,0,0,0,0,0,0,0,0,0,0,0,0,0,0,0,0,0,0,0,0,0,0,0,0,0,0,0,0,0,0,0,0,0,0,0,0,0,0,0,0,0,0
1989,237,12,50,54.59,2,8,0,-1,0,0,1,1,25,0,0,0,1028,0,0,0,0,0,1,1,0,0,0,60.49442117,0,0,0,0,3,1,1,1,100,0,0,0,3,1,1,0.1,3000,0,0,0,0,0,0,0,0,0,0,0,0,0,0,0,0,0,0,0,0,0,0,0,0,0,0,0,0,0,0,0,0,0,0,0,0,0,0,0,0,0,0,0,0,0,0,0,0,0,0,0
1989,237,12,51,17.51,2,8,0,-1,1,0,1,1,25,0,0,0,1028,0,0,0,0,0,1,1,0,0,0,60.53400779,0,0,0,0,3,1,1,1,100,0,0,0,3,1,1,0.1,3000,0,0,0,0,0,0,0,0,0,0,0,0,0,0,0,0,0,0,0,0,0,0,0,0,0,0,0,0,0,0,0,0,0,0,0,0,0,0,0,0,0,0,0,0,0,0,0,0,0,0,0
1989,237,12,54,54.59,2,8,0,-1,0,0,1,1,25,0,0,0,1028,0,0,0,0,0,1,1,0,0,0,60.90888865,0,0,0,0,3,1,1,1,100,0,0,0,3,1,1,0.1,3000,0,0,0,0,0,0,0,0,0,0,0,0,0,0,0,0,0,0,0,0,0,0,0,0,0,0,0,0,0,0,0,0,0,0,0,0,0,0,0,0,0,0,0,0,0,0,0,0,0,0,0
1989,237,12,55,17.509,2,8,0,-1,1,0,1,1,25,0,0,0,1028,0,0,0,0,0,1,1,0,0,0,60.94846448,0,0,0,0,3,1,1,1,100,0,0,0,3,1,1,0.1,3000,0,0,0,0,0,0,0,0,0,0,0,0,0,0,0,0,0,0,0,0,0,0,0,0,0,0,0,0,0,0,0,0,0,0,0,0,0,0,0,0,0,0,0,0,0,0,0,0,0,0,0
1989,237,12,56,30.589,2,8,0,-1,0,0,1,1,25,0,0,0,1028,0,0,0,0,0,1,1,0,0,0,61.0746436,0,0,0,0,3,1,1,1,100,0,0,0,3,1,1,0.1,3000,0,0,0,0,0,0,0,0,0,0,0,0,0,0,0,0,0,0,0,0,0,0,0,0,0,0,0,0,0,0,0,0,0,0,0,0,0,0,0,0,0,0,0,0,0,0,0,0,0,0,0
1989,237,12,56,53.509,2,8,0,-1,1,0,1,1,25,0,0,0,1028,0,0,0,0,0,1,1,0,0,0,61.11421516,0,0,0,0,3,1,1,1,100,0,0,0,3,1,1,0.1,3000,0,0,0,0,0,0,0,0,0,0,0,0,0,0,0,0,0,0,0,0,0,0,0,0,0,0,0,0,0,0,0,0,0,0,0,0,0,0,0,0,0,0,0,0,0,0,0,0,0,0,0
1989,237,12,58,6.589,2,8,0,-1,0,0,1,1,25,0,0,0,1028,0,0,0,0,0,1,1,0,0,0,61.24038156,0,0,0,0,3,1,1,1,100,0,0,0,3,1,1,0.1,3000,0,0,0,0,0,0,0,0,0,0,0,0,0,0,0,0,0,0,0,0,0,0,0,0,0,0,0,0,0,0,0,0,0,0,0,0,0,0,0,0,0,0,0,0,0,0,0,0,0,0,0
1989,237,12,58,29.508,2,8,0,-1,1,0,1,1,25,0,0,0,1028,0,0,0,0,0,1,1,0,0,0,61.279948,0,0,0,0,3,1,1,1,100,0,0,0,3,1,1,0.1,3000,0,0,0,0,0,0,0,0,0,0,0,0,0,0,0,0,0,0,0,0,0,0,0,0,0,0,0,0,0,0,0,0,0,0,0,0,0,0,0,0,0,0,0,0,0,0,0,0,0,0,0
1989,237,12,59,42.589,2,8,0,-1,0,0,1,1,25,0,0,0,1028,0,0,0,0,0,1,1,0,0,0,61.40610176,0,0,0,0,3,1,1,1,100,0,0,0,3,1,1,0.1,3000,0,0,0,0,0,0,0,0,0,0,0,0,0,0,0,0,0,0,0,0,0,0,0,0,0,0,0,0,0,0,0,0,0,0,0,0,0,0,0,0,0,0,0,0,0,0,0,0,0,0,0
1989,237,13,0,5.509,2,8,0,-1,1,0,1,1,25,0,0,0,1028,0,0,0,0,0,1,1,0,0,0,61.44566484,0,0,0,0,3,1,1,1,100,0,0,0,3,1,1,0.1,3000,0,0,0,0,0,0,0,0,0,0,0,0,0,0,0,0,0,0,0,0,0,0,0,0,0,0,0,0,0,0,0,0,0,0,0,0,0,0,0,0,0,0,0,0,0,0,0,0,0,0,0
1989,237,13,1,18.589,2,8,0,-1,0,0,1,1,25,0,0,0,1028,0,0,0,0,0,1,1,0,0,0,61.5718043,0,0,0,0,3,1,1,1,100,0,0,0,3,1,1,0.1,3000,0,0,0,0,0,0,0,0,0,0,0,0,0,0,0,0,0,0,0,0,0,0,0,0,0,0,0,0,0,0,0,0,0,0,0,0,0,0,0,0,0,0,0,0,0,0,0,0,0,0,0
1989,237,13,1,41.508,2,8,0,-1,1,0,1,1,25,0,0,0,1028,0,0,0,0,0,1,1,0,0,0,61.61136232,0,0,0,0,3,1,1,1,100,0,0,0,3,1,1,0.1,3000,0,0,0,0,0,0,0,0,0,0,0,0,0,0,0,0,0,0,0,0,0,0,0,0,0,0,0,0,0,0,0,0,0,0,0,0,0,0,0,0,0,0,0,0,0,0,0,0,0,0,0
1989,237,13,2,54.589,2,8,0,-1,0,0,1,1,25,0,0,0,1028,0,0,0,0,0,1,1,0,0,0,61.73748928,0,0,0,0,3,1,1,1,100,0,0,0,3,1,1,0.1,3000,0,0,0,0,0,0,0,0,0,0,0,0,0,0,0,0,0,0,0,0,0,0,0,0,0,0,0,0,0,0,0,0,0,0,0,0,0,0,0,0,0,0,0,0,0,0,0,0,0,0,0
1989,237,13,3,17.509,2,8,0,-1,1,0,1,1,25,0,0,0,1028,0,0,0,0,0,1,1,0,0,0,61.77704398,0,0,0,0,3,1,1,1,100,0,0,0,3,1,1,0.1,3000,0,0,0,0,0,0,0,0,0,0,0,0,0,0,0,0,0,0,0,0,0,0,0,0,0,0,0,0,0,0,0,0,0,0,0,0,0,0,0,0,0,0,0,0,0,0,0,0,0,0,0
1989,237,13,6,54.588,2,8,0,-1,0,0,1,1,25,0,0,0,1028,0,0,0,0,0,1,1,0,0,0,62.15162467,0,0,0,0,3,1,1,1,100,0,0,0,3,1,1,0.1,3000,0,0,0,0,0,0,0,0,0,0,0,0,0,0,0,0,0,0,0,0,0,0,0,0,0,0,0,0,0,0,0,0,0,0,0,0,0,0,0,0,0,0,0,0,0,0,0,0,0,0,0
1989,237,13,7,17.509,2,8,0,-1,1,0,1,1,25,0,0,0,1028,0,0,0,0,0,1,1,0,0,0,62.19116989,0,0,0,0,3,1,1,1,100,0,0,0,3,1,1,0.1,3000,0,0,0,0,0,0,0,0,0,0,0,0,0,0,0,0,0,0,0,0,0,0,0,0,0,0,0,0,0,0,0,0,0,0,0,0,0,0,0,0,0,0,0,0,0,0,0,0,0,0,0
1989,237,13,8,30.588,2,8,0,-1,0,0,1,1,25,0,0,0,1028,0,0,0,0,0,1,1,0,0,0,62.31724895,0,0,0,0,3,1,1,1,100,0,0,0,3,1,1,0.1,3000,0,0,0,0,0,0,0,0,0,0,0,0,0,0,0,0,0,0,0,0,0,0,0,0,0,0,0,0,0,0,0,0,0,0,0,0,0,0,0,0,0,0,0,0,0,0,0,0,0,0,0
1989,237,13,8,53.508,2,8,0,-1,1,0,1,1,25,0,0,0,1028,0,0,0,0,0,1,1,0,0,0,62.35678921,0,0,0,0,3,1,1,1,100,0,0,0,3,1,1,0.1,3000,0,0,0,0,0,0,0,0,0,0,0,0,0,0,0,0,0,0,0,0,0,0,0,0,0,0,0,0,0,0,0,0,0,0,0,0,0,0,0,0,0,0,0,0,0,0,0,0,0,0,0
1989,237,13,10,6.588,2,8,0,-1,0,0,1,1,25,0,0,0,1028,0,0,0,0,0,1,1,0,0,0,62.48285523,0,0,0,0,3,1,1,1,100,0,0,0,3,1,1,0.1,3000,0,0,0,0,0,0,0,0,0,0,0,0,0,0,0,0,0,0,0,0,0,0,0,0,0,0,0,0,0,0,0,0,0,0,0,0,0,0,0,0,0,0,0,0,0,0,0,0,0,0,0
1989,237,13,10,29.508,2,8,0,-1,1,0,1,1,25,0,0,0,1028,0,0,0,0,0,1,1,0,0,0,62.52239142,0,0,0,0,3,1,1,1,100,0,0,0,3,1,1,0.1,3000,0,0,0,0,0,0,0,0,0,0,0,0,0,0,0,0,0,0,0,0,0,0,0,0,0,0,0,0,0,0,0,0,0,0,0,0,0,0,0,0,0,0,0,0,0,0,0,0,0,0,0
1989,237,13,11,42.588,2,8,0,-1,0,0,1,1,25,0,0,0,1028,0,0,0,0,0,1,1,0,0,0,62.64844535,0,0,0,0,3,1,1,1,100,0,0,0,3,1,1,0.1,3000,0,0,0,0,0,0,0,0,0,0,0,0,0,0,0,0,0,0,0,0,0,0,0,0,0,0,0,0,0,0,0,0,0,0,0,0,0,0,0,0,0,0,0,0,0,0,0,0,0,0,0
1989,237,13,12,5.508,2,8,0,-1,1,0,1,1,25,0,0,0,1028,0,0,0,0,0,1,1,0,0,0,62.68797748,0,0,0,0,3,1,1,1,100,0,0,0,3,1,1,0.1,3000,0,0,0,0,0,0,0,0,0,0,0,0,0,0,0,0,0,0,0,0,0,0,0,0,0,0,0,0,0,0,0,0,0,0,0,0,0,0,0,0,0,0,0,0,0,0,0,0,0,0,0
1989,237,13,13,18.588,2,8,0,-1,0,0,1,1,25,0,0,0,1028,0,0,0,0,0,1,1,0,0,0,62.81401853,0,0,0,0,3,1,1,1,100,0,0,0,3,1,1,0.1,3000,0,0,0,0,0,0,0,0,0,0,0,0,0,0,0,0,0,0,0,0,0,0,0,0,0,0,0,0,0,0,0,0,0,0,0,0,0,0,0,0,0,0,0,0,0,0,0,0,0,0,0
1989,237,13,13,41.508,2,8,0,-1,1,0,1,1,25,0,0,0,1028,0,0,0,0,0,1,1,0,0,0,62.85354663,0,0,0,0,3,1,1,1,100,0,0,0,3,1,1,0.1,3000,0,0,0,0,0,0,0,0,0,0,0,0,0,0,0,0,0,0,0,0,0,0,0,0,0,0,0,0,0,0,0,0,0,0,0,0,0,0,0,0,0,0,0,0,0,0,0,0,0,0,0
1989,237,13,14,54.588,2,8,0,-1,0,0,1,1,25,0,0,0,1028,0,0,0,0,0,1,1,0,0,0,62.97957485,0,0,0,0,3,1,1,1,100,0,0,0,3,1,1,0.1,3000,0,0,0,0,0,0,0,0,0,0,0,0,0,0,0,0,0,0,0,0,0,0,0,0,0,0,0,0,0,0,0,0,0,0,0,0,0,0,0,0,0,0,0,0,0,0,0,0,0,0,0
1989,237,13,15,17.508,2,8,0,-1,1,0,1,1,25,0,0,0,1028,0,0,0,0,0,1,1,0,0,0,63.01909895,0,0,0,0,3,1,1,1,100,0,0,0,3,1,1,0.1,3000,0,0,0,0,0,0,0,0,0,0,0,0,0,0,0,0,0,0,0,0,0,0,0,0,0,0,0,0,0,0,0,0,0,0,0,0,0,0,0,0,0,0,0,0,0,0,0,0,0,0,0
1989,237,13,18,54.588,2,8,0,-1,0,0,1,1,25,0,0,0,1028,0,0,0,0,0,1,1,0,0,0,63.39339256,0,0,0,0,3,1,1,1,100,0,0,0,3,1,1,0.1,3000,0,0,0,0,0,0,0,0,0,0,0,0,0,0,0,0,0,0,0,0,0,0,0,0,0,0,0,0,0,0,0,0,0,0,0,0,0,0,0,0,0,0,0,0,0,0,0,0,0,0,0
1989,237,13,19,17.508,2,8,0,-1,1,0,1,1,25,0,0,0,1028,0,0,0,0,0,1,1,0,0,0,63.43290673,0,0,0,0,3,1,1,1,100,0,0,0,3,1,1,0.1,3000,0,0,0,0,0,0,0,0,0,0,0,0,0,0,0,0,0,0,0,0,0,0,0,0,0,0,0,0,0,0,0,0,0,0,0,0,0,0,0,0,0,0,0,0,0,0,0,0,0,0,0
1989,237,13,20,30.588,2,8,0,-1,0,0,1,1,25,0,0,0,1028,0,0,0,0,0,1,1,0,0,0,63.55889064,0,0,0,0,3,1,1,1,100,0,0,0,3,1,1,0.1,3000,0,0,0,0,0,0,0,0,0,0,0,0,0,0,0,0,0,0,0,0,0,0,0,0,0,0,0,0,0,0,0,0,0,0,0,0,0,0,0,0,0,0,0,0,0,0,0,0,0,0,0
1989,237,13,20,53.508,2,8,0,-1,1,0,1,1,25,0,0,0,1028,0,0,0,0,0,1,1,0,0,0,63.59840087,0,0,0,0,3,1,1,1,100,0,0,0,3,1,1,0.1,3000,0,0,0,0,0,0,0,0,0,0,0,0,0,0,0,0,0,0,0,0,0,0,0,0,0,0,0,0,0,0,0,0,0,0,0,0,0,0,0,0,0,0,0,0,0,0,0,0,0,0,0
1989,237,13,22,6.587,2,8,0,-1,0,0,1,1,25,0,0,0,1028,0,0,0,0,0,1,1,0,0,0,63.72437055,0,0,0,0,3,1,1,1,100,0,0,0,3,1,1,0.1,3000,0,0,0,0,0,0,0,0,0,0,0,0,0,0,0,0,0,0,0,0,0,0,0,0,0,0,0,0,0,0,0,0,0,0,0,0,0,0,0,0,0,0,0,0,0,0,0,0,0,0,0
1989,237,13,22,29.507,2,8,0,-1,1,0,1,1,25,0,0,0,1028,0,0,0,0,0,1,1,0,0,0,63.76387601,0,0,0,0,3,1,1,1,100,0,0,0,3,1,1,0.1,3000,0,0,0,0,0,0,0,0,0,0,0,0,0,0,0,0,0,0,0,0,0,0,0,0,0,0,0,0,0,0,0,0,0,0,0,0,0,0,0,0,0,0,0,0,0,0,0,0,0,0,0
1989,237,13,23,42.587,2,8,0,-1,0,0,1,1,25,0,0,0,1028,0,0,0,0,0,1,1,0,0,0,63.88983584,0,0,0,0,3,1,1,1,100,0,0,0,3,1,1,0.1,3000,0,0,0,0,0,0,0,0,0,0,0,0,0,0,0,0,0,0,0,0,0,0,0,0,0,0,0,0,0,0,0,0,0,0,0,0,0,0,0,0,0,0,0,0,0,0,0,0,0,0,0
1989,237,13,24,5.507,2,8,0,-1,1,0,1,1,25,0,0,0,1028,0,0,0,0,0,1,1,0,0,0,63.92933826,0,0,0,0,3,1,1,1,100,0,0,0,3,1,1,0.1,3000,0,0,0,0,0,0,0,0,0,0,0,0,0,0,0,0,0,0,0,0,0,0,0,0,0,0,0,0,0,0,0,0,0,0,0,0,0,0,0,0,0,0,0,0,0,0,0,0,0,0,0
1989,237,13,25,18.587,2,8,0,-1,0,0,1,1,25,0,0,0,1028,0,0,0,0,0,1,1,0,0,0,64.05528485,0,0,0,0,3,1,1,1,100,0,0,0,3,1,1,0.1,3000,0,0,0,0,0,0,0,0,0,0,0,0,0,0,0,0,0,0,0,0,0,0,0,0,0,0,0,0,0,0,0,0,0,0,0,0,0,0,0,0,0,0,0,0,0,0,0,0,0,0,0
1989,237,13,25,41.507,2,8,0,-1,1,0,1,1,25,0,0,0,1028,0,0,0,0,0,1,1,0,0,0,64.09478341,0,0,0,0,3,1,1,1,100,0,0,0,3,1,1,0.1,3000,0,0,0,0,0,0,0,0,0,0,0,0,0,0,0,0,0,0,0,0,0,0,0,0,0,0,0,0,0,0,0,0,0,0,0,0,0,0,0,0,0,0,0,0,0,0,0,0,0,0,0
1989,237,13,26,54.587,2,8,0,-1,0,0,1,1,25,0,0,0,1028,0,0,0,0,0,1,1,0,0,0,64.2207177,0,0,0,0,3,1,1,1,100,0,0,0,3,1,1,0.1,3000,0,0,0,0,0,0,0,0,0,0,0,0,0,0,0,0,0,0,0,0,0,0,0,0,0,0,0,0,0,0,0,0,0,0,0,0,0,0,0,0,0,0,0,0,0,0,0,0,0,0,0
1989,237,13,27,17.507,2,8,0,-1,1,0,1,1,25,0,0,0,1028,0,0,0,0,0,1,1,0,0,0,64.26021154,0,0,0,0,3,1,1,1,100,0,0,0,3,1,1,0.1,3000,0,0,0,0,0,0,0,0,0,0,0,0,0,0,0,0,0,0,0,0,0,0,0,0,0,0,0,0,0,0,0,0,0,0,0,0,0,0,0,0,0,0,0,0,0,0,0,0,0,0,0
1989,237,13,30,54.587,2,8,0,-1,0,0,1,1,25,0,0,0,1028,0,0,0,0,0,1,1,0,0,0,64.63422958,0,0,0,0,3,1,1,1,100,0,0,0,3,1,1,0.1,3000,0,0,0,0,0,0,0,0,0,0,0,0,0,0,0,0,0,0,0,0,0,0,0,0,0,0,0,0,0,0,0,0,0,0,0,0,0,0,0,0,0,0,0,0,0,0,0,0,0,0,0
1989,237,13,31,17.507,2,8,0,-1,1,0,1,1,25,0,0,0,1028,0,0,0,0,0,1,1,0,0,0,64.6737139,0,0,0,0,3,1,1,1,100,0,0,0,3,1,1,0.1,3000,0,0,0,0,0,0,0,0,0,0,0,0,0,0,0,0,0,0,0,0,0,0,0,0,0,0,0,0,0,0,0,0,0,0,0,0,0,0,0,0,0,0,0,0,0,0,0,0,0,0,0
1989,237,13,32,30.587,2,8,0,-1,0,0,1,1,25,0,0,0,1028,0,0,0,0,0,1,1,0,0,0,64.79960648,0,0,0,0,3,1,1,1,100,0,0,0,3,1,1,0.1,3000,0,0,0,0,0,0,0,0,0,0,0,0,0,0,0,0,0,0,0,0,0,0,0,0,0,0,0,0,0,0,0,0,0,0,0,0,0,0,0,0,0,0,0,0,0,0,0,0,0,0,0
1989,237,13,32,53.507,2,8,0,-1,1,0,1,1,25,0,0,0,1028,0,0,0,0,0,1,1,0,0,0,64.83908787,0,0,0,0,3,1,1,1,100,0,0,0,3,1,1,0.1,3000,0,0,0,0,0,0,0,0,0,0,0,0,0,0,0,0,0,0,0,0,0,0,0,0,0,0,0,0,0,0,0,0,0,0,0,0,0,0,0,0,0,0,0,0,0,0,0,0,0,0,0
1989,237,13,34,6.587,2,8,0,-1,0,0,1,1,25,0,0,0,1028,0,0,0,0,0,1,1,0,0,0,64.96496671,0,0,0,0,3,1,1,1,100,0,0,0,3,1,1,0.1,3000,0,0,0,0,0,0,0,0,0,0,0,0,0,0,0,0,0,0,0,0,0,0,0,0,0,0,0,0,0,0,0,0,0,0,0,0,0,0,0,0,0,0,0,0,0,0,0,0,0,0,0
1989,237,13,34,29.506,2,8,0,-1,1,0,1,1,25,0,0,0,1028,0,0,0,0,0,1,1,0,0,0,65.00444349,0,0,0,0,3,1,1,1,100,0,0,0,3,1,1,0.1,3000,0,0,0,0,0,0,0,0,0,0,0,0,0,0,0,0,0,0,0,0,0,0,0,0,0,0,0,0,0,0,0,0,0,0,0,0,0,0,0,0,0,0,0,0,0,0,0,0,0,0,0
1989,237,13,35,42.586,2,8,0,-1,0,0,1,1,25,0,0,0,1028,0,0,0,0,0,1,1,0,0,0,65.13031124,0,0,0,0,3,1,1,1,100,0,0,0,3,1,1,0.1,3000,0,0,0,0,0,0,0,0,0,0,0,0,0,0,0,0,0,0,0,0,0,0,0,0,0,0,0,0,0,0,0,0,0,0,0,0,0,0,0,0,0,0,0,0,0,0,0,0,0,0,0
1989,237,13,36,5.506,2,8,0,-1,1,0,1,1,25,0,0,0,1028,0,0,0,0,0,1,1,0,0,0,65.16978514,0,0,0,0,3,1,1,1,100,0,0,0,3,1,1,0.1,3000,0,0,0,0,0,0,0,0,0,0,0,0,0,0,0,0,0,0,0,0,0,0,0,0,0,0,0,0,0,0,0,0,0,0,0,0,0,0,0,0,0,0,0,0,0,0,0,0,0,0,0
1989,237,13,37,18.586,2,8,0,-1,0,0,1,1,25,0,0,0,1028,0,0,0,0,0,1,1,0,0,0,65.295641,0,0,0,0,3,1,1,1,100,0,0,0,3,1,1,0.1,3000,0,0,0,0,0,0,0,0,0,0,0,0,0,0,0,0,0,0,0,0,0,0,0,0,0,0,0,0,0,0,0,0,0,0,0,0,0,0,0,0,0,0,0,0,0,0,0,0,0,0,0
1989,237,13,37,41.506,2,8,0,-1,1,0,1,1,25,0,0,0,1028,0,0,0,0,0,1,1,0,0,0,65.33511117,0,0,0,0,3,1,1,1,100,0,0,0,3,1,1,0.1,3000,0,0,0,0,0,0,0,0,0,0,0,0,0,0,0,0,0,0,0,0,0,0,0,0,0,0,0,0,0,0,0,0,0,0,0,0,0,0,0,0,0,0,0,0,0,0,0,0,0,0,0
1989,237,13,38,54.586,2,8,0,-1,0,0,1,1,25,0,0,0,1028,0,0,0,0,0,1,1,0,0,0,65.46095521,0,0,0,0,3,1,1,1,100,0,0,0,3,1,1,0.1,3000,0,0,0,0,0,0,0,0,0,0,0,0,0,0,0,0,0,0,0,0,0,0,0,0,0,0,0,0,0,0,0,0,0,0,0,0,0,0,0,0,0,0,0,0,0,0,0,0,0,0,0
1989,237,13,39,17.506,2,8,0,-1,1,0,1,1,25,0,0,0,1028,0,0,0,0,0,1,1,0,0,0,65.50042082,0,0,0,0,3,1,1,1,100,0,0,0,3,1,1,0.1,3000,0,0,0,0,0,0,0,0,0,0,0,0,0,0,0,0,0,0,0,0,0,0,0,0,0,0,0,0,0,0,0,0,0,0,0,0,0,0,0,0,0,0,0,0,0,0,0,0,0,0,0
1989,237,13,42,54.586,2,8,0,-1,0,0,1,1,25,0,0,0,1028,0,0,0,0,0,1,1,0,0,0,65.87417324,0,0,0,0,3,1,1,1,100,0,0,0,3,1,1,0.1,3000,0,0,0,0,0,0,0,0,0,0,0,0,0,0,0,0,0,0,0,0,0,0,0,0,0,0,0,0,0,0,0,0,0,0,0,0,0,0,0,0,0,0,0,0,0,0,0,0,0,0,0
1989,237,13,43,17.505,2,8,0,-1,1,0,1,1,25,0,0,0,1028,0,0,0,0,0,1,1,0,0,0,65.9136297,0,0,0,0,3,1,1,1,100,0,0,0,3,1,1,0.1,3000,0,0,0,0,0,0,0,0,0,0,0,0,0,0,0,0,0,0,0,0,0,0,0,0,0,0,0,0,0,0,0,0,0,0,0,0,0,0,0,0,0,0,0,0,0,0,0,0,0,0,0
1989,237,13,44,30.586,2,8,0,-1,0,0,1,1,25,0,0,0,1028,0,0,0,0,0,1,1,0,0,0,66.03943367,0,0,0,0,3,1,1,1,100,0,0,0,3,1,1,0.1,3000,0,0,0,0,0,0,0,0,0,0,0,0,0,0,0,0,0,0,0,0,0,0,0,0,0,0,0,0,0,0,0,0,0,0,0,0,0,0,0,0,0,0,0,0,0,0,0,0,0,0,0
1989,237,13,44,53.506,2,8,0,-1,1,0,1,1,25,0,0,0,1028,0,0,0,0,0,1,1,0,0,0,66.07888735,0,0,0,0,3,1,1,1,100,0,0,0,3,1,1,0.1,3000,0,0,0,0,0,0,0,0,0,0,0,0,0,0,0,0,0,0,0,0,0,0,0,0,0,0,0,0,0,0,0,0,0,0,0,0,0,0,0,0,0,0,0,0,0,0,0,0,0,0,0
1989,237,13,46,6.586,2,8,0,-1,0,0,1,1,25,0,0,0,1028,0,0,0,0,0,1,1,0,0,0,66.20467892,0,0,0,0,3,1,1,1,100,0,0,0,3,1,1,0.1,3000,0,0,0,0,0,0,0,0,0,0,0,0,0,0,0,0,0,0,0,0,0,0,0,0,0,0,0,0,0,0,0,0,0,0,0,0,0,0,0,0,0,0,0,0,0,0,0,0,0,0,0
1989,237,13,46,29.506,2,8,0,-1,1,0,1,1,25,0,0,0,1028,0,0,0,0,0,1,1,0,0,0,66.24412812,0,0,0,0,3,1,1,1,100,0,0,0,3,1,1,0.1,3000,0,0,0,0,0,0,0,0,0,0,0,0,0,0,0,0,0,0,0,0,0,0,0,0,0,0,0,0,0,0,0,0,0,0,0,0,0,0,0,0,0,0,0,0,0,0,0,0,0,0,0
1989,237,13,47,42.585,2,8,0,-1,0,0,1,1,25,0,0,0,1028,0,0,0,0,0,1,1,0,0,0,66.36990733,0,0,0,0,3,1,1,1,100,0,0,0,3,1,1,0.1,3000,0,0,0,0,0,0,0,0,0,0,0,0,0,0,0,0,0,0,0,0,0,0,0,0,0,0,0,0,0,0,0,0,0,0,0,0,0,0,0,0,0,0,0,0,0,0,0,0,0,0,0
1989,237,13,48,5.505,2,8,0,-1,1,0,1,1,25,0,0,0,1028,0,0,0,0,0,1,1,0,0,0,66.4093538,0,0,0,0,3,1,1,1,100,0,0,0,3,1,1,0.1,3000,0,0,0,0,0,0,0,0,0,0,0,0,0,0,0,0,0,0,0,0,0,0,0,0,0,0,0,0,0,0,0,0,0,0,0,0,0,0,0,0,0,0,0,0,0,0,0,0,0,0,0
1989,237,13,49,18.585,2,8,0,-1,0,0,1,1,25,0,0,0,1028,0,0,0,0,0,1,1,0,0,0,66.53512244,0,0,0,0,3,1,1,1,100,0,0,0,3,1,1,0.1,3000,0,0,0,0,0,0,0,0,0,0,0,0,0,0,0,0,0,0,0,0,0,0,0,0,0,0,0,0,0,0,0,0,0,0,0,0,0,0,0,0,0,0,0,0,0,0,0,0,0,0,0
1989,237,13,49,41.505,2,8,0,-1,1,0,1,1,25,0,0,0,1028,0,0,0,0,0,1,1,0,0,0,66.57456533,0,0,0,0,3,1,1,1,100,0,0,0,3,1,1,0.1,3000,0,0,0,0,0,0,0,0,0,0,0,0,0,0,0,0,0,0,0,0,0,0,0,0,0,0,0,0,0,0,0,0,0,0,0,0,0,0,0,0,0,0,0,0,0,0,0,0,0,0,0
1989,237,13,50,54.585,2,8,0,-1,0,0,1,1,25,0,0,0,1028,0,0,0,0,0,1,1,0,0,0,66.70032259,0,0,0,0,3,1,1,1,100,0,0,0,3,1,1,0.1,3000,0,0,0,0,0,0,0,0,0,0,0,0,0,0,0,0,0,0,0,0,0,0,0,0,0,0,0,0,0,0,0,0,0,0,0,0,0,0,0,0,0,0,0,0,0,0,0,0,0,0,0
1989,237,13,51,17.504,2,8,0,-1,1,0,1,1,25,0,0,0,1028,0,0,0,0,0,1,1,0,0,0,66.73976106,0,0,0,0,3,1,1,1,100,0,0,0,3,1,1,0.1,3000,0,0,0,0,0,0,0,0,0,0,0,0,0,0,0,0,0,0,0,0,0,0,0,0,0,0,0,0,0,0,0,0,0,0,0,0,0,0,0,0,0,0,0,0,0,0,0,0,0,0,0
1989,237,13,54,54.585,2,8,0,-1,0,0,1,1,25,0,0,0,1028,0,0,0,0,0,1,1,0,0,0,67.11325805,0,0,0,0,3,1,1,1,100,0,0,0,3,1,1,0.1,3000,0,0,0,0,0,0,0,0,0,0,0,0,0,0,0,0,0,0,0,0,0,0,0,0,0,0,0,0,0,0,0,0,0,0,0,0,0,0,0,0,0,0,0,0,0,0,0,0,0,0,0
1989,237,13,55,17.504,2,8,0,-1,1,0,1,1,25,0,0,0,1028,0,0,0,0,0,1,1,0,0,0,67.1526877,0,0,0,0,3,1,1,1,100,0,0,0,3,1,1,0.1,3000,0,0,0,0,0,0,0,0,0,0,0,0,0,0,0,0,0,0,0,0,0,0,0,0,0,0,0,0,0,0,0,0,0,0,0,0,0,0,0,0,0,0,0,0,0,0,0,0,0,0,0
1989,237,13,56,30.585,2,8,0,-1,0,0,1,1,25,0,0,0,1028,0,0,0,0,0,1,1,0,0,0,67.27840646,0,0,0,0,3,1,1,1,100,0,0,0,3,1,1,0.1,3000,0,0,0,0,0,0,0,0,0,0,0,0,0,0,0,0,0,0,0,0,0,0,0,0,0,0,0,0,0,0,0,0,0,0,0,0,0,0,0,0,0,0,0,0,0,0,0,0,0,0,0
1989,237,13,56,53.505,2,8,0,-1,1,0,1,1,25,0,0,0,1028,0,0,0,0,0,1,1,0,0,0,67.31783348,0,0,0,0,3,1,1,1,100,0,0,0,3,1,1,0.1,3000,0,0,0,0,0,0,0,0,0,0,0,0,0,0,0,0,0,0,0,0,0,0,0,0,0,0,0,0,0,0,0,0,0,0,0,0,0,0,0,0,0,0,0,0,0,0,0,0,0,0,0
1989,237,13,58,6.585,2,8,0,-1,0,0,1,1,25,0,0,0,1028,0,0,0,0,0,1,1,0,0,0,67.44354026,0,0,0,0,3,1,1,1,100,0,0,0,3,1,1,0.1,3000,0,0,0,0,0,0,0,0,0,0,0,0,0,0,0,0,0,0,0,0,0,0,0,0,0,0,0,0,0,0,0,0,0,0,0,0,0,0,0,0,0,0,0,0,0,0,0,0,0,0,0
1989,237,13,58,29.504,2,8,0,-1,1,0,1,1,25,0,0,0,1028,0,0,0,0,0,1,1,0,0,0,67.48296294,0,0,0,0,3,1,1,1,100,0,0,0,3,1,1,0.1,3000,0,0,0,0,0,0,0,0,0,0,0,0,0,0,0,0,0,0,0,0,0,0,0,0,0,0,0,0,0,0,0,0,0,0,0,0,0,0,0,0,0,0,0,0,0,0,0,0,0,0,0
1989,237,13,59,42.584,2,8,0,-1,0,0,1,1,25,0,0,0,1028,0,0,0,0,0,1,1,0,0,0,67.6086578,0,0,0,0,3,1,1,1,100,0,0,0,3,1,1,0.1,3000,0,0,0,0,0,0,0,0,0,0,0,0,0,0,0,0,0,0,0,0,0,0,0,0,0,0,0,0,0,0,0,0,0,0,0,0,0,0,0,0,0,0,0,0,0,0,0,0,0,0,0
1989,237,14,0,5.504,2,8,0,-1,1,0,1,1,25,0,0,0,1028,0,0,0,0,0,1,1,0,0,0,67.64807874,0,0,0,0,3,1,1,1,100,0,0,0,3,1,1,0.1,3000,0,0,0,0,0,0,0,0,0,0,0,0,0,0,0,0,0,0,0,0,0,0,0,0,0,0,0,0,0,0,0,0,0,0,0,0,0,0,0,0,0,0,0,0,0,0,0,0,0,0,0
1989,237,14,1,18.584,2,8,0,-1,0,0,1,1,25,0,0,0,1028,0,0,0,0,0,1,1,0,0,0,67.7737626,0,0,0,0,3,1,1,1,100,0,0,0,3,1,1,0.1,3000,0,0,0,0,0,0,0,0,0,0,0,0,0,0,0,0,0,0,0,0,0,0,0,0,0,0,0,0,0,0,0,0,0,0,0,0,0,0,0,0,0,0,0,0,0,0,0,0,0,0,0
1989,237,14,1,41.504,2,8,0,-1,1,0,1,1,25,0,0,0,1028,0,0,0,0,0,1,1,0,0,0,67.81317924,0,0,0,0,3,1,1,1,100,0,0,0,3,1,1,0.1,3000,0,0,0,0,0,0,0,0,0,0,0,0,0,0,0,0,0,0,0,0,0,0,0,0,0,0,0,0,0,0,0,0,0,0,0,0,0,0,0,0,0,0,0,0,0,0,0,0,0,0,0
1989,237,14,2,54.584,2,8,0,-1,0,0,1,1,25,0,0,0,1028,0,0,0,0,0,1,1,0,0,0,67.938853,0,0,0,0,3,1,1,1,100,0,0,0,3,1,1,0.1,3000,0,0,0,0,0,0,0,0,0,0,0,0,0,0,0,0,0,0,0,0,0,0,0,0,0,0,0,0,0,0,0,0,0,0,0,0,0,0,0,0,0,0,0,0,0,0,0,0,0,0,0
1989,237,14,3,17.504,2,8,0,-1,1,0,1,1,25,0,0,0,1028,0,0,0,0,0,1,1,0,0,0,67.97826621,0,0,0,0,3,1,1,1,100,0,0,0,3,1,1,0.1,3000,0,0,0,0,0,0,0,0,0,0,0,0,0,0,0,0,0,0,0,0,0,0,0,0,0,0,0,0,0,0,0,0,0,0,0,0,0,0,0,0,0,0,0,0,0,0,0,0,0,0,0
1989,237,14,6,54.584,2,8,0,-1,0,0,1,1,25,0,0,0,1028,0,0,0,0,0,1,1,0,0,0,68.35151651,0,0,0,0,3,1,1,1,100,0,0,0,3,1,1,0.1,3000,0,0,0,0,0,0,0,0,0,0,0,0,0,0,0,0,0,0,0,0,0,0,0,0,0,0,0,0,0,0,0,0,0,0,0,0,0,0,0,0,0,0,0,0,0,0,0,0,0,0,0
1989,237,14,7,17.504,2,8,0,-1,1,0,1,1,25,0,0,0,1028,0,0,0,0,0,1,1,0,0,0,68.39092123,0,0,0,0,3,1,1,1,100,0,0,0,3,1,1,0.1,3000,0,0,0,0,0,0,0,0,0,0,0,0,0,0,0,0,0,0,0,0,0,0,0,0,0,0,0,0,0,0,0,0,0,0,0,0,0,0,0,0,0,0,0,0,0,0,0,0,0,0,0
1989,237,14,8,30.583,2,8,0,-1,0,0,1,1,25,0,0,0,1028,0,0,0,0,0,1,1,0,0,0,68.51655624,0,0,0,0,3,1,1,1,100,0,0,0,3,1,1,0.1,3000,0,0,0,0,0,0,0,0,0,0,0,0,0,0,0,0,0,0,0,0,0,0,0,0,0,0,0,0,0,0,0,0,0,0,0,0,0,0,0,0,0,0,0,0,0,0,0,0,0,0,0
1989,237,14,8,53.504,2,8,0,-1,1,0,1,1,25,0,0,0,1028,0,0,0,0,0,1,1,0,0,0,68.55595846,0,0,0,0,3,1,1,1,100,0,0,0,3,1,1,0.1,3000,0,0,0,0,0,0,0,0,0,0,0,0,0,0,0,0,0,0,0,0,0,0,0,0,0,0,0,0,0,0,0,0,0,0,0,0,0,0,0,0,0,0,0,0,0,0,0,0,0,0,0
1989,237,14,10,6.584,2,8,0,-1,0,0,1,1,25,0,0,0,1028,0,0,0,0,0,1,1,0,0,0,68.68158362,0,0,0,0,3,1,1,1,100,0,0,0,3,1,1,0.1,3000,0,0,0,0,0,0,0,0,0,0,0,0,0,0,0,0,0,0,0,0,0,0,0,0,0,0,0,0,0,0,0,0,0,0,0,0,0,0,0,0,0,0,0,0,0,0,0,0,0,0,0
1989,237,14,10,29.504,2,8,0,-1,1,0,1,1,25,0,0,0,1028,0,0,0,0,0,1,1,0,0,0,68.72098163,0,0,0,0,3,1,1,1,100,0,0,0,3,1,1,0.1,3000,0,0,0,0,0,0,0,0,0,0,0,0,0,0,0,0,0,0,0,0,0,0,0,0,0,0,0,0,0,0,0,0,0,0,0,0,0,0,0,0,0,0,0,0,0,0,0,0,0,0,0
1989,237,14,11,42.583,2,8,0,-1,0,0,1,1,25,0,0,0,1028,0,0,0,0,0,1,1,0,0,0,68.84659528,0,0,0,0,3,1,1,1,100,0,0,0,3,1,1,0.1,3000,0,0,0,0,0,0,0,0,0,0,0,0,0,0,0,0,0,0,0,0,0,0,0,0,0,0,0,0,0,0,0,0,0,0,0,0,0,0,0,0,0,0,0,0,0,0,0,0,0,0,0
1989,237,14,12,5.504,2,8,0,-1,1,0,1,1,25,0,0,0,1028,0,0,0,0,0,1,1,0,0,0,68.88599082,0,0,0,0,3,1,1,1,100,0,0,0,3,1,1,0.1,3000,0,0,0,0,0,0,0,0,0,0,0,0,0,0,0,0,0,0,0,0,0,0,0,0,0,0,0,0,0,0,0,0,0,0,0,0,0,0,0,0,0,0,0,0,0,0,0,0,0,0,0
1989,237,14,13,18.583,2,8,0,-1,0,0,1,1,25,0,0,0,1028,0,0,0,0,0,1,1,0,0,0,69.01159301,0,0,0,0,3,1,1,1,100,0,0,0,3,1,1,0.1,3000,0,0,0,0,0,0,0,0,0,0,0,0,0,0,0,0,0,0,0,0,0,0,0,0,0,0,0,0,0,0,0,0,0,0,0,0,0,0,0,0,0,0,0,0,0,0,0,0,0,0,0
1989,237,14,13,41.503,2,8,0,-1,1,0,1,1,25,0,0,0,1028,0,0,0,0,0,1,1,0,0,0,69.05098437,0,0,0,0,3,1,1,1,100,0,0,0,3,1,1,0.1,3000,0,0,0,0,0,0,0,0,0,0,0,0,0,0,0,0,0,0,0,0,0,0,0,0,0,0,0,0,0,0,0,0,0,0,0,0,0,0,0,0,0,0,0,0,0,0,0,0,0,0,0
1989,237,14,14,54.583,2,8,0,-1,0,0,1,1,25,0,0,0,1028,0,0,0,0,0,1,1,0,0,0,69.17657773,0,0,0,0,3,1,1,1,100,0,0,0,3,1,1,0.1,3000,0,0,0,0,0,0,0,0,0,0,0,0,0,0,0,0,0,0,0,0,0,0,0,0,0,0,0,0,0,0,0,0,0,0,0,0,0,0,0,0,0,0,0,0,0,0,0,0,0,0,0
1989,237,14,15,17.503,2,8,0,-1,1,0,1,1,25,0,0,0,1028,0,0,0,0,0,1,1,0,0,0,69.21596579,0,0,0,0,3,1,1,1,100,0,0,0,3,1,1,0.1,3000,0,0,0,0,0,0,0,0,0,0,0,0,0,0,0,0,0,0,0,0,0,0,0,0,0,0,0,0,0,0,0,0,0,0,0,0,0,0,0,0,0,0,0,0,0,0,0,0,0,0,0
1989,237,14,18,54.583,2,8,0,-1,0,0,1,1,25,0,0,0,1028,0,0,0,0,0,1,1,0,0,0,69.58897933,0,0,0,0,3,1,1,1,100,0,0,0,3,1,1,0.1,3000,0,0,0,0,0,0,0,0,0,0,0,0,0,0,0,0,0,0,0,0,0,0,0,0,0,0,0,0,0,0,0,0,0,0,0,0,0,0,0,0,0,0,0,0,0,0,0,0,0,0,0
1989,237,14,19,17.503,2,8,0,-1,1,0,1,1,25,0,0,0,1028,0,0,0,0,0,1,1,0,0,0,69.62835921,0,0,0,0,3,1,1,1,100,0,0,0,3,1,1,0.1,3000,0,0,0,0,0,0,0,0,0,0,0,0,0,0,0,0,0,0,0,0,0,0,0,0,0,0,0,0,0,0,0,0,0,0,0,0,0,0,0,0,0,0,0,0,0,0,0,0,0,0,0
1989,237,14,20,30.583,2,8,0,-1,0,0,1,1,25,0,0,0,1028,0,0,0,0,0,1,1,0,0,0,69.75391606,0,0,0,0,3,1,1,1,100,0,0,0,3,1,1,0.1,3000,0,0,0,0,0,0,0,0,0,0,0,0,0,0,0,0,0,0,0,0,0,0,0,0,0,0,0,0,0,0,0,0,0,0,0,0,0,0,0,0,0,0,0,0,0,0,0,0,0,0,0
1989,237,14,20,53.503,2,8,0,-1,1,0,1,1,25,0,0,0,1028,0,0,0,0,0,1,1,0,0,0,69.7932927,0,0,0,0,3,1,1,1,100,0,0,0,3,1,1,0.1,3000,0,0,0,0,0,0,0,0,0,0,0,0,0,0,0,0,0,0,0,0,0,0,0,0,0,0,0,0,0,0,0,0,0,0,0,0,0,0,0,0,0,0,0,0,0,0,0,0,0,0,0
1989,237,14,22,6.583,2,8,0,-1,0,0,1,1,25,0,0,0,1028,0,0,0,0,0,1,1,0,0,0,69.91883923,0,0,0,0,3,1,1,1,100,0,0,0,3,1,1,0.1,3000,0,0,0,0,0,0,0,0,0,0,0,0,0,0,0,0,0,0,0,0,0,0,0,0,0,0,0,0,0,0,0,0,0,0,0,0,0,0,0,0,0,0,0,0,0,0,0,0,0,0,0
1989,237,14,22,29.503,2,8,0,-1,1,0,1,1,25,0,0,0,1028,0,0,0,0,0,1,1,0,0,0,69.95821264,0,0,0,0,3,1,1,1,100,0,0,0,3,1,1,0.1,3000,0,0,0,0,0,0,0,0,0,0,0,0,0,0,0,0,0,0,0,0,0,0,0,0,0,0,0,0,0,0,0,0,0,0,0,0,0,0,0,0,0,0,0,0,0,0,0,0,0,0,0
1989,237,14,23,42.583,2,8,0,-1,0,0,1,1,25,0,0,0,1028,0,0,0,0,0,1,1,0,0,0,70.08374891,0,0,0,0,3,1,1,1,100,0,0,0,3,1,1,0.1,3000,0,0,0,0,0,0,0,0,0,0,0,0,0,0,0,0,0,0,0,0,0,0,0,0,0,0,0,0,0,0,0,0,0,0,0,0,0,0,0,0,0,0,0,0,0,0,0,0,0,0,0
1989,237,14,24,5.503,2,8,0,-1,1,0,1,1,25,0,0,0,1028,0,0,0,0,0,1,1,0,0,0,70.12311911,0,0,0,0,3,1,1,1,100,0,0,0,3,1,1,0.1,3000,0,0,0,0,0,0,0,0,0,0,0,0,0,0,0,0,0,0,0,0,0,0,0,0,0,0,0,0,0,0,0,0,0,0,0,0,0,0,0,0,0,0,0,0,0,0,0,0,0,0,0
1989,237,14,25,18.582,2,8,0,-1,0,0,1,1,25,0,0,0,1028,0,0,0,0,0,1,1,0,0,0,70.2486443,0,0,0,0,3,1,1,1,100,0,0,0,3,1,1,0.1,3000,0,0,0,0,0,0,0,0,0,0,0,0,0,0,0,0,0,0,0,0,0,0,0,0,0,0,0,0,0,0,0,0,0,0,0,0,0,0,0,0,0,0,0,0,0,0,0,0,0,0,0
1989,237,14,25,41.502,2,8,0,-1,1,0,1,1,25,0,0,0,1028,0,0,0,0,0,1,1,0,0,0,70.2880113,0,0,0,0,3,1,1,1,100,0,0,0,3,1,1,0.1,3000,0,0,0,0,0,0,0,0,0,0,0,0,0,0,0,0,0,0,0,0,0,0,0,0,0,0,0,0,0,0,0,0,0,0,0,0,0,0,0,0,0,0,0,0,0,0,0,0,0,0,0
1989,237,14,26,54.582,2,8,0,-1,0,0,1,1,25,0,0,0,1028,0,0,0,0,0,1,1,0,0,0,70.41352633,0,0,0,0,3,1,1,1,100,0,0,0,3,1,1,0.1,3000,0,0,0,0,0,0,0,0,0,0,0,0,0,0,0,0,0,0,0,0,0,0,0,0,0,0,0,0,0,0,0,0,0,0,0,0,0,0,0,0,0,0,0,0,0,0,0,0,0,0,0
1989,237,14,27,17.502,2,8,0,-1,1,0,1,1,25,0,0,0,1028,0,0,0,0,0,1,1,0,0,0,70.45289015,0,0,0,0,3,1,1,1,100,0,0,0,3,1,1,0.1,3000,0,0,0,0,0,0,0,0,0,0,0,0,0,0,0,0,0,0,0,0,0,0,0,0,0,0,0,0,0,0,0,0,0,0,0,0,0,0,0,0,0,0,0,0,0,0,0,0,0,0,0
1989,237,14,30,54.582,2,8,0,-1,0,0,1,1,25,0,0,0,1028,0,0,0,0,0,1,1,0,0,0,70.8256755,0,0,0,0,3,1,1,1,100,0,0,0,3,1,1,0.1,3000,0,0,0,0,0,0,0,0,0,0,0,0,0,0,0,0,0,0,0,0,0,0,0,0,0,0,0,0,0,0,0,0,0,0,0,0,0,0,0,0,0,0,0,0,0,0,0,0,0,0,0
1989,237,14,31,17.502,2,8,0,-1,1,0,1,1,25,0,0,0,1028,0,0,0,0,0,1,1,0,0,0,70.86503143,0,0,0,0,3,1,1,1,100,0,0,0,3,1,1,0.1,3000,0,0,0,0,0,0,0,0,0,0,0,0,0,0,0,0,0,0,0,0,0,0,0,0,0,0,0,0,0,0,0,0,0,0,0,0,0,0,0,0,0,0,0,0,0,0,0,0,0,0,0
1989,237,14,32,30.582,2,8,0,-1,0,0,1,1,25,0,0,0,1028,0,0,0,0,0,1,1,0,0,0,70.99051211,0,0,0,0,3,1,1,1,100,0,0,0,3,1,1,0.1,3000,0,0,0,0,0,0,0,0,0,0,0,0,0,0,0,0,0,0,0,0,0,0,0,0,0,0,0,0,0,0,0,0,0,0,0,0,0,0,0,0,0,0,0,0,0,0,0,0,0,0,0
1989,237,14,32,53.502,2,8,0,-1,1,0,1,1,25,0,0,0,1028,0,0,0,0,0,1,1,0,0,0,71.02986492,0,0,0,0,3,1,1,1,100,0,0,0,3,1,1,0.1,3000,0,0,0,0,0,0,0,0,0,0,0,0,0,0,0,0,0,0,0,0,0,0,0,0,0,0,0,0,0,0,0,0,0,0,0,0,0,0,0,0,0,0,0,0,0,0,0,0,0,0,0
1989,237,14,34,6.582,2,8,0,-1,0,0,1,1,25,0,0,0,1028,0,0,0,0,0,1,1,0,0,0,71.15533565,0,0,0,0,3,1,1,1,100,0,0,0,3,1,1,0.1,3000,0,0,0,0,0,0,0,0,0,0,0,0,0,0,0,0,0,0,0,0,0,0,0,0,0,0,0,0,0,0,0,0,0,0,0,0,0,0,0,0,0,0,0,0,0,0,0,0,0,0,0
1989,237,14,34,29.502,2,8,0,-1,1,0,1,1,25,0,0,0,1028,0,0,0,0,0,1,1,0,0,0,71.19468535,0,0,0,0,3,1,1,1,100,0,0,0,3,1,1,0.1,3000,0,0,0,0,0,0,0,0,0,0,0,0,0,0,0,0,0,0,0,0,0,0,0,0,0,0,0,0,0,0,0,0,0,0,0,0,0,0,0,0,0,0,0,0,0,0,0,0,0,0,0
1989,237,14,35,42.582,2,8,0,-1,0,0,1,1,25,0,0,0,1028,0,0,0,0,0,1,1,0,0,0,71.32014618,0,0,0,0,3,1,1,1,100,0,0,0,3,1,1,0.1,3000,0,0,0,0,0,0,0,0,0,0,0,0,0,0,0,0,0,0,0,0,0,0,0,0,0,0,0,0,0,0,0,0,0,0,0,0,0,0,0,0,0,0,0,0,0,0,0,0,0,0,0
1989,237,14,36,5.502,2,8,0,-1,1,0,1,1,25,0,0,0,1028,0,0,0,0,0,1,1,0,0,0,71.35949278,0,0,0,0,3,1,1,1,100,0,0,0,3,1,1,0.1,3000,0,0,0,0,0,0,0,0,0,0,0,0,0,0,0,0,0,0,0,0,0,0,0,0,0,0,0,0,0,0,0,0,0,0,0,0,0,0,0,0,0,0,0,0,0,0,0,0,0,0,0
1989,237,14,37,18.582,2,8,0,-1,0,0,1,1,25,0,0,0,1028,0,0,0,0,0,1,1,0,0,0,71.48494375,0,0,0,0,3,1,1,1,100,0,0,0,3,1,1,0.1,3000,0,0,0,0,0,0,0,0,0,0,0,0,0,0,0,0,0,0,0,0,0,0,0,0,0,0,0,0,0,0,0,0,0,0,0,0,0,0,0,0,0,0,0,0,0,0,0,0,0,0,0
1989,237,14,37,41.502,2,8,0,-1,1,0,1,1,25,0,0,0,1028,0,0,0,0,0,1,1,0,0,0,71.52428727,0,0,0,0,3,1,1,1,100,0,0,0,3,1,1,0.1,3000,0,0,0,0,0,0,0,0,0,0,0,0,0,0,0,0,0,0,0,0,0,0,0,0,0,0,0,0,0,0,0,0,0,0,0,0,0,0,0,0,0,0,0,0,0,0,0,0,0,0,0
1989,237,14,38,54.581,2,8,0,-1,0,0,1,1,25,0,0,0,1028,0,0,0,0,0,1,1,0,0,0,71.64972672,0,0,0,0,3,1,1,1,100,0,0,0,3,1,1,0.1,3000,0,0,0,0,0,0,0,0,0,0,0,0,0,0,0,0,0,0,0,0,0,0,0,0,0,0,0,0,0,0,0,0,0,0,0,0,0,0,0,0,0,0,0,0,0,0,0,0,0,0,0
1989,237,14,39,17.501,2,8,0,-1,1,0,1,1,25,0,0,0,1028,0,0,0,0,0,1,1,0,0,0,71.68906717,0,0,0,0,3,1,1,1,100,0,0,0,3,1,1,0.1,3000,0,0,0,0,0,0,0,0,0,0,0,0,0,0,0,0,0,0,0,0,0,0,0,0,0,0,0,0,0,0,0,0,0,0,0,0,0,0,0,0,0,0,0,0,0,0,0,0,0,0,0
1989,237,14,42,54.581,2,8,0,-1,0,0,1,1,25,0,0,0,1028,0,0,0,0,0,1,1,0,0,0,72.06163244,0,0,0,0,3,1,1,1,100,0,0,0,3,1,1,0.1,3000,0,0,0,0,0,0,0,0,0,0,0,0,0,0,0,0,0,0,0,0,0,0,0,0,0,0,0,0,0,0,0,0,0,0,0,0,0,0,0,0,0,0,0,0,0,0,0,0,0,0,0
1989,237,14,43,17.501,2,8,0,-1,1,0,1,1,25,0,0,0,1028,0,0,0,0,0,1,1,0,0,0,72.10096527,0,0,0,0,3,1,1,1,100,0,0,0,3,1,1,0.1,3000,0,0,0,0,0,0,0,0,0,0,0,0,0,0,0,0,0,0,0,0,0,0,0,0,0,0,0,0,0,0,0,0,0,0,0,0,0,0,0,0,0,0,0,0,0,0,0,0,0,0,0
1989,237,14,44,30.581,2,8,0,-1,0,0,1,1,25,0,0,0,1028,0,0,0,0,0,1,1,0,0,0,72.22637248,0,0,0,0,3,1,1,1,100,0,0,0,3,1,1,0.1,3000,0,0,0,0,0,0,0,0,0,0,0,0,0,0,0,0,0,0,0,0,0,0,0,0,0,0,0,0,0,0,0,0,0,0,0,0,0,0,0,0,0,0,0,0,0,0,0,0,0,0,0
1989,237,14,44,53.501,2,8,0,-1,1,0,1,1,25,0,0,0,1028,0,0,0,0,0,1,1,0,0,0,72.26570144,0,0,0,0,3,1,1,1,100,0,0,0,3,1,1,0.1,3000,0,0,0,0,0,0,0,0,0,0,0,0,0,0,0,0,0,0,0,0,0,0,0,0,0,0,0,0,0,0,0,0,0,0,0,0,0,0,0,0,0,0,0,0,0,0,0,0,0,0,0
1989,237,14,46,6.581,2,8,0,-1,0,0,1,1,25,0,0,0,1028,0,0,0,0,0,1,1,0,0,0,72.39109991,0,0,0,0,3,1,1,1,100,0,0,0,3,1,1,0.1,3000,0,0,0,0,0,0,0,0,0,0,0,0,0,0,0,0,0,0,0,0,0,0,0,0,0,0,0,0,0,0,0,0,0,0,0,0,0,0,0,0,0,0,0,0,0,0,0,0,0,0,0
1989,237,14,46,29.501,2,8,0,-1,1,0,1,1,25,0,0,0,1028,0,0,0,0,0,1,1,0,0,0,72.43042587,0,0,0,0,3,1,1,1,100,0,0,0,3,1,1,0.1,3000,0,0,0,0,0,0,0,0,0,0,0,0,0,0,0,0,0,0,0,0,0,0,0,0,0,0,0,0,0,0,0,0,0,0,0,0,0,0,0,0,0,0,0,0,0,0,0,0,0,0,0
1989,237,14,47,42.581,2,8,0,-1,0,0,1,1,25,0,0,0,1028,0,0,0,0,0,1,1,0,0,0,72.55581478,0,0,0,0,3,1,1,1,100,0,0,0,3,1,1,0.1,3000,0,0,0,0,0,0,0,0,0,0,0,0,0,0,0,0,0,0,0,0,0,0,0,0,0,0,0,0,0,0,0,0,0,0,0,0,0,0,0,0,0,0,0,0,0,0,0,0,0,0,0
1989,237,14,48,5.501,2,8,0,-1,1,0,1,1,25,0,0,0,1028,0,0,0,0,0,1,1,0,0,0,72.5951386,0,0,0,0,3,1,1,1,100,0,0,0,3,1,1,0.1,3000,0,0,0,0,0,0,0,0,0,0,0,0,0,0,0,0,0,0,0,0,0,0,0,0,0,0,0,0,0,0,0,0,0,0,0,0,0,0,0,0,0,0,0,0,0,0,0,0,0,0,0
1989,237,14,49,18.581,2,8,0,-1,0,0,1,1,25,0,0,0,1028,0,0,0,0,0,1,1,0,0,0,72.72051715,0,0,0,0,3,1,1,1,100,0,0,0,3,1,1,0.1,3000,0,0,0,0,0,0,0,0,0,0,0,0,0,0,0,0,0,0,0,0,0,0,0,0,0,0,0,0,0,0,0,0,0,0,0,0,0,0,0,0,0,0,0,0,0,0,0,0,0,0,0
1989,237,14,49,41.5,2,8,0,-1,1,0,1,1,25,0,0,0,1028,0,0,0,0,0,1,1,0,0,0,72.75983628,0,0,0,0,3,1,1,1,100,0,0,0,3,1,1,0.1,3000,0,0,0,0,0,0,0,0,0,0,0,0,0,0,0,0,0,0,0,0,0,0,0,0,0,0,0,0,0,0,0,0,0,0,0,0,0,0,0,0,0,0,0,0,0,0,0,0,0,0,0
1989,237,14,50,54.581,2,8,0,-1,0,0,1,1,25,0,0,0,1028,0,0,0,0,0,1,1,0,0,0,72.88520707,0,0,0,0,3,1,1,1,100,0,0,0,3,1,1,0.1,3000,0,0,0,0,0,0,0,0,0,0,0,0,0,0,0,0,0,0,0,0,0,0,0,0,0,0,0,0,0,0,0,0,0,0,0,0,0,0,0,0,0,0,0,0,0,0,0,0,0,0,0
1989,237,14,51,17.501,2,8,0,-1,1,0,1,1,25,0,0,0,1028,0,0,0,0,0,1,1,0,0,0,72.92452496,0,0,0,0,3,1,1,1,100,0,0,0,3,1,1,0.1,3000,0,0,0,0,0,0,0,0,0,0,0,0,0,0,0,0,0,0,0,0,0,0,0,0,0,0,0,0,0,0,0,0,0,0,0,0,0,0,0,0,0,0,0,0,0,0,0,0,0,0,0
1989,237,14,54,54.58,2,8,0,-1,0,0,1,1,25,0,0,0,1028,0,0,0,0,0,1,1,0,0,0,73.29687612,0,0,0,0,3,1,1,1,100,0,0,0,3,1,1,0.1,3000,0,0,0,0,0,0,0,0,0,0,0,0,0,0,0,0,0,0,0,0,0,0,0,0,0,0,0,0,0,0,0,0,0,0,0,0,0,0,0,0,0,0,0,0,0,0,0,0,0,0,0
1989,237,14,55,17.5,2,8,0,-1,1,0,1,1,25,0,0,0,1028,0,0,0,0,0,1,1,0,0,0,73.3361858,0,0,0,0,3,1,1,1,100,0,0,0,3,1,1,0.1,3000,0,0,0,0,0,0,0,0,0,0,0,0,0,0,0,0,0,0,0,0,0,0,0,0,0,0,0,0,0,0,0,0,0,0,0,0,0,0,0,0,0,0,0,0,0,0,0,0,0,0,0
1989,237,14,56,30.58,2,8,0,-1,0,0,1,1,25,0,0,0,1028,0,0,0,0,0,1,1,0,0,0,73.46152295,0,0,0,0,3,1,1,1,100,0,0,0,3,1,1,0.1,3000,0,0,0,0,0,0,0,0,0,0,0,0,0,0,0,0,0,0,0,0,0,0,0,0,0,0,0,0,0,0,0,0,0,0,0,0,0,0,0,0,0,0,0,0,0,0,0,0,0,0,0
1989,237,14,56,53.499,2,8,0,-1,1,0,1,1,25,0,0,0,1028,0,0,0,0,0,1,1,0,0,0,73.50082972,0,0,0,0,3,1,1,1,100,0,0,0,3,1,1,0.1,3000,0,0,0,0,0,0,0,0,0,0,0,0,0,0,0,0,0,0,0,0,0,0,0,0,0,0,0,0,0,0,0,0,0,0,0,0,0,0,0,0,0,0,0,0,0,0,0,0,0,0,0
1989,237,14,58,6.58,2,8,0,-1,0,0,1,1,25,0,0,0,1028,0,0,0,0,0,1,1,0,0,0,73.6261576,0,0,0,0,3,1,1,1,100,0,0,0,3,1,1,0.1,3000,0,0,0,0,0,0,0,0,0,0,0,0,0,0,0,0,0,0,0,0,0,0,0,0,0,0,0,0,0,0,0,0,0,0,0,0,0,0,0,0,0,0,0,0,0,0,0,0,0,0,0
1989,237,14,58,29.499,2,8,0,-1,1,0,1,1,25,0,0,0,1028,0,0,0,0,0,1,1,0,0,0,73.66546061,0,0,0,0,3,1,1,1,100,0,0,0,3,1,1,0.1,3000,0,0,0,0,0,0,0,0,0,0,0,0,0,0,0,0,0,0,0,0,0,0,0,0,0,0,0,0,0,0,0,0,0,0,0,0,0,0,0,0,0,0,0,0,0,0,0,0,0,0,0
1989,237,14,59,42.58,2,8,0,-1,0,0,1,1,25,0,0,0,1028,0,0,0,0,0,1,1,0,0,0,73.79078012,0,0,0,0,3,1,1,1,100,0,0,0,3,1,1,0.1,3000,0,0,0,0,0,0,0,0,0,0,0,0,0,0,0,0,0,0,0,0,0,0,0,0,0,0,0,0,0,0,0,0,0,0,0,0,0,0,0,0,0,0,0,0,0,0,0,0,0,0,0
1989,237,15,0,5.5,2,8,0,-1,1,0,1,1,25,0,0,0,1028,0,0,0,0,0,1,1,0,0,0,73.83008196,0,0,0,0,3,1,1,1,100,0,0,0,3,1,1,0.1,3000,0,0,0,0,0,0,0,0,0,0,0,0,0,0,0,0,0,0,0,0,0,0,0,0,0,0,0,0,0,0,0,0,0,0,0,0,0,0,0,0,0,0,0,0,0,0,0,0,0,0,0
1989,237,15,1,18.58,2,8,0,-1,0,0,1,1,25,0,0,0,1028,0,0,0,0,0,1,1,0,0,0,73.95539057,0,0,0,0,3,1,1,1,100,0,0,0,3,1,1,0.1,3000,0,0,0,0,0,0,0,0,0,0,0,0,0,0,0,0,0,0,0,0,0,0,0,0,0,0,0,0,0,0,0,0,0,0,0,0,0,0,0,0,0,0,0,0,0,0,0,0,0,0,0
1989,237,15,1,41.499,2,8,0,-1,1,0,1,1,25,0,0,0,1028,0,0,0,0,0,1,1,0,0,0,73.99468782,0,0,0,0,3,1,1,1,100,0,0,0,3,1,1,0.1,3000,0,0,0,0,0,0,0,0,0,0,0,0,0,0,0,0,0,0,0,0,0,0,0,0,0,0,0,0,0,0,0,0,0,0,0,0,0,0,0,0,0,0,0,0,0,0,0,0,0,0,0
1989,237,15,2,54.58,2,8,0,-1,0,0,1,1,25,0,0,0,1028,0,0,0,0,0,1,1,0,0,0,74.119989,0,0,0,0,3,1,1,1,100,0,0,0,3,1,1,0.1,3000,0,0,0,0,0,0,0,0,0,0,0,0,0,0,0,0,0,0,0,0,0,0,0,0,0,0,0,0,0,0,0,0,0,0,0,0,0,0,0,0,0,0,0,0,0,0,0,0,0,0,0
1989,237,15,3,17.499,2,8,0,-1,1,0,1,1,25,0,0,0,1028,0,0,0,0,0,1,1,0,0,0,74.15928425,0,0,0,0,3,1,1,1,100,0,0,0,3,1,1,0.1,3000,0,0,0,0,0,0,0,0,0,0,0,0,0,0,0,0,0,0,0,0,0,0,0,0,0,0,0,0,0,0,0,0,0,0,0,0,0,0,0,0,0,0,0,0,0,0,0,0,0,0,0
1989,237,15,6,54.579,2,8,0,-1,0,0,1,1,25,0,0,0,1028,0,0,0,0,0,1,1,0,0,0,74.53143115,0,0,0,0,3,1,1,1,100,0,0,0,3,1,1,0.1,3000,0,0,0,0,0,0,0,0,0,0,0,0,0,0,0,0,0,0,0,0,0,0,0,0,0,0,0,0,0,0,0,0,0,0,0,0,0,0,0,0,0,0,0,0,0,0,0,0,0,0,0
1989,237,15,7,17.498,2,8,0,-1,1,0,1,1,25,0,0,0,1028,0,0,0,0,0,1,1,0,0,0,74.5707193,0,0,0,0,3,1,1,1,100,0,0,0,3,1,1,0.1,3000,0,0,0,0,0,0,0,0,0,0,0,0,0,0,0,0,0,0,0,0,0,0,0,0,0,0,0,0,0,0,0,0,0,0,0,0,0,0,0,0,0,0,0,0,0,0,0,0,0,0,0
1989,237,15,8,30.579,2,8,0,-1,0,0,1,1,25,0,0,0,1028,0,0,0,0,0,1,1,0,0,0,74.69598795,0,0,0,0,3,1,1,1,100,0,0,0,3,1,1,0.1,3000,0,0,0,0,0,0,0,0,0,0,0,0,0,0,0,0,0,0,0,0,0,0,0,0,0,0,0,0,0,0,0,0,0,0,0,0,0,0,0,0,0,0,0,0,0,0,0,0,0,0,0
1989,237,15,8,53.498,2,8,0,-1,1,0,1,1,25,0,0,0,1028,0,0,0,0,0,1,1,0,0,0,74.73527329,0,0,0,0,3,1,1,1,100,0,0,0,3,1,1,0.1,3000,0,0,0,0,0,0,0,0,0,0,0,0,0,0,0,0,0,0,0,0,0,0,0,0,0,0,0,0,0,0,0,0,0,0,0,0,0,0,0,0,0,0,0,0,0,0,0,0,0,0,0
1989,237,15,10,6.579,2,8,0,-1,0,0,1,1,25,0,0,0,1028,0,0,0,0,0,1,1,0,0,0,74.86053298,0,0,0,0,3,1,1,1,100,0,0,0,3,1,1,0.1,3000,0,0,0,0,0,0,0,0,0,0,0,0,0,0,0,0,0,0,0,0,0,0,0,0,0,0,0,0,0,0,0,0,0,0,0,0,0,0,0,0,0,0,0,0,0,0,0,0,0,0,0
1989,237,15,10,29.498,2,8,0,-1,1,0,1,1,25,0,0,0,1028,0,0,0,0,0,1,1,0,0,0,74.89981466,0,0,0,0,3,1,1,1,100,0,0,0,3,1,1,0.1,3000,0,0,0,0,0,0,0,0,0,0,0,0,0,0,0,0,0,0,0,0,0,0,0,0,0,0,0,0,0,0,0,0,0,0,0,0,0,0,0,0,0,0,0,0,0,0,0,0,0,0,0
1989,237,15,11,42.579,2,8,0,-1,0,0,1,1,25,0,0,0,1028,0,0,0,0,0,1,1,0,0,0,75.02506629,0,0,0,0,3,1,1,1,100,0,0,0,3,1,1,0.1,3000,0,0,0,0,0,0,0,0,0,0,0,0,0,0,0,0,0,0,0,0,0,0,0,0,0,0,0,0,0,0,0,0,0,0,0,0,0,0,0,0,0,0,0,0,0,0,0,0,0,0,0
1989,237,15,12,5.499,2,8,0,-1,1,0,1,1,25,0,0,0,1028,0,0,0,0,0,1,1,0,0,0,75.0643469,0,0,0,0,3,1,1,1,100,0,0,0,3,1,1,0.1,3000,0,0,0,0,0,0,0,0,0,0,0,0,0,0,0,0,0,0,0,0,0,0,0,0,0,0,0,0,0,0,0,0,0,0,0,0,0,0,0,0,0,0,0,0,0,0,0,0,0,0,0
1989,237,15,13,18.579,2,8,0,-1,0,0,1,1,25,0,0,0,1028,0,0,0,0,0,1,1,0,0,0,75.18958794,0,0,0,0,3,1,1,1,100,0,0,0,3,1,1,0.1,3000,0,0,0,0,0,0,0,0,0,0,0,0,0,0,0,0,0,0,0,0,0,0,0,0,0,0,0,0,0,0,0,0,0,0,0,0,0,0,0,0,0,0,0,0,0,0,0,0,0,0,0
1989,237,15,13,41.498,2,8,0,-1,1,0,1,1,25,0,0,0,1028,0,0,0,0,0,1,1,0,0,0,75.22886405,0,0,0,0,3,1,1,1,100,0,0,0,3,1,1,0.1,3000,0,0,0,0,0,0,0,0,0,0,0,0,0,0,0,0,0,0,0,0,0,0,0,0,0,0,0,0,0,0,0,0,0,0,0,0,0,0,0,0,0,0,0,0,0,0,0,0,0,0,0
1989,237,15,14,54.579,2,8,0,-1,0,0,1,1,25,0,0,0,1028,0,0,0,0,0,1,1,0,0,0,75.35409797,0,0,0,0,3,1,1,1,100,0,0,0,3,1,1,0.1,3000,0,0,0,0,0,0,0,0,0,0,0,0,0,0,0,0,0,0,0,0,0,0,0,0,0,0,0,0,0,0,0,0,0,0,0,0,0,0,0,0,0,0,0,0,0,0,0,0,0,0,0
1989,237,15,15,17.498,2,8,0,-1,1,0,1,1,25,0,0,0,1028,0,0,0,0,0,1,1,0,0,0,75.39337218,0,0,0,0,3,1,1,1,100,0,0,0,3,1,1,0.1,3000,0,0,0,0,0,0,0,0,0,0,0,0,0,0,0,0,0,0,0,0,0,0,0,0,0,0,0,0,0,0,0,0,0,0,0,0,0,0,0,0,0,0,0,0,0,0,0,0,0,0,0
1989,237,15,18,54.578,2,8,0,-1,0,0,1,1,25,0,0,0,1028,0,0,0,0,0,1,1,0,0,0,75.76532088,0,0,0,0,3,1,1,1,100,0,0,0,3,1,1,0.1,3000,0,0,0,0,0,0,0,0,0,0,0,0,0,0,0,0,0,0,0,0,0,0,0,0,0,0,0,0,0,0,0,0,0,0,0,0,0,0,0,0,0,0,0,0,0,0,0,0,0,0,0
1989,237,15,19,17.498,2,8,0,-1,1,0,1,1,25,0,0,0,1028,0,0,0,0,0,1,1,0,0,0,75.80458822,0,0,0,0,3,1,1,1,100,0,0,0,3,1,1,0.1,3000,0,0,0,0,0,0,0,0,0,0,0,0,0,0,0,0,0,0,0,0,0,0,0,0,0,0,0,0,0,0,0,0,0,0,0,0,0,0,0,0,0,0,0,0,0,0,0,0,0,0,0
1989,237,15,20,30.578,2,8,0,-1,0,0,1,1,25,0,0,0,1028,0,0,0,0,0,1,1,0,0,0,75.92979067,0,0,0,0,3,1,1,1,100,0,0,0,3,1,1,0.1,3000,0,0,0,0,0,0,0,0,0,0,0,0,0,0,0,0,0,0,0,0,0,0,0,0,0,0,0,0,0,0,0,0,0,0,0,0,0,0,0,0,0,0,0,0,0,0,0,0,0,0,0
1989,237,15,20,53.498,2,8,0,-1,1,0,1,1,25,0,0,0,1028,0,0,0,0,0,1,1,0,0,0,75.96905529,0,0,0,0,3,1,1,1,100,0,0,0,3,1,1,0.1,3000,0,0,0,0,0,0,0,0,0,0,0,0,0,0,0,0,0,0,0,0,0,0,0,0,0,0,0,0,0,0,0,0,0,0,0,0,0,0,0,0,0,0,0,0,0,0,0,0,0,0,0
1989,237,15,22,6.578,2,8,0,-1,0,0,1,1,25,0,0,0,1028,0,0,0,0,0,1,1,0,0,0,76.09424909,0,0,0,0,3,1,1,1,100,0,0,0,3,1,1,0.1,3000,0,0,0,0,0,0,0,0,0,0,0,0,0,0,0,0,0,0,0,0,0,0,0,0,0,0,0,0,0,0,0,0,0,0,0,0,0,0,0,0,0,0,0,0,0,0,0,0,0,0,0
1989,237,15,22,29.497,2,8,0,-1,1,0,1,1,25,0,0,0,1028,0,0,0,0,0,1,1,0,0,0,76.13351014,0,0,0,0,3,1,1,1,100,0,0,0,3,1,1,0.1,3000,0,0,0,0,0,0,0,0,0,0,0,0,0,0,0,0,0,0,0,0,0,0,0,0,0,0,0,0,0,0,0,0,0,0,0,0,0,0,0,0,0,0,0,0,0,0,0,0,0,0,0
1989,237,15,23,42.578,2,8,0,-1,0,0,1,1,25,0,0,0,1028,0,0,0,0,0,1,1,0,0,0,76.25869617,0,0,0,0,3,1,1,1,100,0,0,0,3,1,1,0.1,3000,0,0,0,0,0,0,0,0,0,0,0,0,0,0,0,0,0,0,0,0,0,0,0,0,0,0,0,0,0,0,0,0,0,0,0,0,0,0,0,0,0,0,0,0,0,0,0,0,0,0,0
1989,237,15,24,5.498,2,8,0,-1,1,0,1,1,25,0,0,0,1028,0,0,0,0,0,1,1,0,0,0,76.29795624,0,0,0,0,3,1,1,1,100,0,0,0,3,1,1,0.1,3000,0,0,0,0,0,0,0,0,0,0,0,0,0,0,0,0,0,0,0,0,0,0,0,0,0,0,0,0,0,0,0,0,0,0,0,0,0,0,0,0,0,0,0,0,0,0,0,0,0,0,0
1989,237,15,25,18.578,2,8,0,-1,0,0,1,1,25,0,0,0,1028,0,0,0,0,0,1,1,0,0,0,76.42313197,0,0,0,0,3,1,1,1,100,0,0,0,3,1,1,0.1,3000,0,0,0,0,0,0,0,0,0,0,0,0,0,0,0,0,0,0,0,0,0,0,0,0,0,0,0,0,0,0,0,0,0,0,0,0,0,0,0,0,0,0,0,0,0,0,0,0,0,0,0
1989,237,15,25,41.497,2,8,0,-1,1,0,1,1,25,0,0,0,1028,0,0,0,0,0,1,1,0,0,0,76.46238765,0,0,0,0,3,1,1,1,100,0,0,0,3,1,1,0.1,3000,0,0,0,0,0,0,0,0,0,0,0,0,0,0,0,0,0,0,0,0,0,0,0,0,0,0,0,0,0,0,0,0,0,0,0,0,0,0,0,0,0,0,0,0,0,0,0,0,0,0,0
1989,237,15,26,54.578,2,8,0,-1,0,0,1,1,25,0,0,0,1028,0,0,0,0,0,1,1,0,0,0,76.58755655,0,0,0,0,3,1,1,1,100,0,0,0,3,1,1,0.1,3000,0,0,0,0,0,0,0,0,0,0,0,0,0,0,0,0,0,0,0,0,0,0,0,0,0,0,0,0,0,0,0,0,0,0,0,0,0,0,0,0,0,0,0,0,0,0,0,0,0,0,0
1989,237,15,27,17.498,2,8,0,-1,1,0,1,1,25,0,0,0,1028,0,0,0,0,0,1,1,0,0,0,76.6268104,0,0,0,0,3,1,1,1,100,0,0,0,3,1,1,0.1,3000,0,0,0,0,0,0,0,0,0,0,0,0,0,0,0,0,0,0,0,0,0,0,0,0,0,0,0,0,0,0,0,0,0,0,0,0,0,0,0,0,0,0,0,0,0,0,0,0,0,0,0
1989,237,15,30,54.577,2,8,0,-1,0,0,1,1,25,0,0,0,1028,0,0,0,0,0,1,1,0,0,0,76.99856747,0,0,0,0,3,1,1,1,100,0,0,0,3,1,1,0.1,3000,0,0,0,0,0,0,0,0,0,0,0,0,0,0,0,0,0,0,0,0,0,0,0,0,0,0,0,0,0,0,0,0,0,0,0,0,0,0,0,0,0,0,0,0,0,0,0,0,0,0,0
1989,237,15,31,17.497,2,8,0,-1,1,0,1,1,25,0,0,0,1028,0,0,0,0,0,1,1,0,0,0,77.03781555,0,0,0,0,3,1,1,1,100,0,0,0,3,1,1,0.1,3000,0,0,0,0,0,0,0,0,0,0,0,0,0,0,0,0,0,0,0,0,0,0,0,0,0,0,0,0,0,0,0,0,0,0,0,0,0,0,0,0,0,0,0,0,0,0,0,0,0,0,0
1989,237,15,32,30.577,2,8,0,-1,0,0,1,1,25,0,0,0,1028,0,0,0,0,0,1,1,0,0,0,77.16295313,0,0,0,0,3,1,1,1,100,0,0,0,3,1,1,0.1,3000,0,0,0,0,0,0,0,0,0,0,0,0,0,0,0,0,0,0,0,0,0,0,0,0,0,0,0,0,0,0,0,0,0,0,0,0,0,0,0,0,0,0,0,0,0,0,0,0,0,0,0
1989,237,15,32,53.497,2,8,0,-1,1,0,1,1,25,0,0,0,1028,0,0,0,0,0,1,1,0,0,0,77.20219772,0,0,0,0,3,1,1,1,100,0,0,0,3,1,1,0.1,3000,0,0,0,0,0,0,0,0,0,0,0,0,0,0,0,0,0,0,0,0,0,0,0,0,0,0,0,0,0,0,0,0,0,0,0,0,0,0,0,0,0,0,0,0,0,0,0,0,0,0,0
1989,237,15,34,6.577,2,8,0,-1,0,0,1,1,25,0,0,0,1028,0,0,0,0,0,1,1,0,0,0,77.32732778,0,0,0,0,3,1,1,1,100,0,0,0,3,1,1,0.1,3000,0,0,0,0,0,0,0,0,0,0,0,0,0,0,0,0,0,0,0,0,0,0,0,0,0,0,0,0,0,0,0,0,0,0,0,0,0,0,0,0,0,0,0,0,0,0,0,0,0,0,0
1989,237,15,34,29.497,2,8,0,-1,1,0,1,1,25,0,0,0,1028,0,0,0,0,0,1,1,0,0,0,77.36656974,0,0,0,0,3,1,1,1,100,0,0,0,3,1,1,0.1,3000,0,0,0,0,0,0,0,0,0,0,0,0,0,0,0,0,0,0,0,0,0,0,0,0,0,0,0,0,0,0,0,0,0,0,0,0,0,0,0,0,0,0,0,0,0,0,0,0,0,0,0
1989,237,15,35,42.577,2,8,0,-1,0,0,1,1,25,0,0,0,1028,0,0,0,0,0,1,1,0,0,0,77.49169146,0,0,0,0,3,1,1,1,100,0,0,0,3,1,1,0.1,3000,0,0,0,0,0,0,0,0,0,0,0,0,0,0,0,0,0,0,0,0,0,0,0,0,0,0,0,0,0,0,0,0,0,0,0,0,0,0,0,0,0,0,0,0,0,0,0,0,0,0,0
1989,237,15,36,5.497,2,8,0,-1,1,0,1,1,25,0,0,0,1028,0,0,0,0,0,1,1,0,0,0,77.53093168,0,0,0,0,3,1,1,1,100,0,0,0,3,1,1,0.1,3000,0,0,0,0,0,0,0,0,0,0,0,0,0,0,0,0,0,0,0,0,0,0,0,0,0,0,0,0,0,0,0,0,0,0,0,0,0,0,0,0,0,0,0,0,0,0,0,0,0,0,0
1989,237,15,37,18.577,2,8,0,-1,0,0,1,1,25,0,0,0,1028,0,0,0,0,0,1,1,0,0,0,77.65604424,0,0,0,0,3,1,1,1,100,0,0,0,3,1,1,0.1,3000,0,0,0,0,0,0,0,0,0,0,0,0,0,0,0,0,0,0,0,0,0,0,0,0,0,0,0,0,0,0,0,0,0,0,0,0,0,0,0,0,0,0,0,0,0,0,0,0,0,0,0
1989,237,15,37,41.496,2,8,0,-1,1,0,1,1,25,0,0,0,1028,0,0,0,0,0,1,1,0,0,0,77.69528015,0,0,0,0,3,1,1,1,100,0,0,0,3,1,1,0.1,3000,0,0,0,0,0,0,0,0,0,0,0,0,0,0,0,0,0,0,0,0,0,0,0,0,0,0,0,0,0,0,0,0,0,0,0,0,0,0,0,0,0,0,0,0,0,0,0,0,0,0,0
1989,237,15,38,54.577,2,8,0,-1,0,0,1,1,25,0,0,0,1028,0,0,0,0,0,1,1,0,0,0,77.82038615,0,0,0,0,3,1,1,1,100,0,0,0,3,1,1,0.1,3000,0,0,0,0,0,0,0,0,0,0,0,0,0,0,0,0,0,0,0,0,0,0,0,0,0,0,0,0,0,0,0,0,0,0,0,0,0,0,0,0,0,0,0,0,0,0,0,0,0,0,0
1989,237,15,39,17.497,2,8,0,-1,1,0,1,1,25,0,0,0,1028,0,0,0,0,0,1,1,0,0,0,77.85962118,0,0,0,0,3,1,1,1,100,0,0,0,3,1,1,0.1,3000,0,0,0,0,0,0,0,0,0,0,0,0,0,0,0,0,0,0,0,0,0,0,0,0,0,0,0,0,0,0,0,0,0,0,0,0,0,0,0,0,0,0,0,0,0,0,0,0,0,0,0
1989,237,15,44,30.576,2,8,0,-1,0,0,1,1,25,0,0,0,1028,0,0,0,0,0,1,1,0,0,0,78.39549624,0,0,0,0,3,1,1,1,100,0,0,0,3,1,1,0.1,3000,0,0,0,0,0,0,0,0,0,0,0,0,0,0,0,0,0,0,0,0,0,0,0,0,0,0,0,0,0,0,0,0,0,0,0,0,0,0,0,0,0,0,0,0,0,0,0,0,0,0,0
1989,237,15,44,53.496,2,8,0,-1,1,0,1,1,25,0,0,0,1028,0,0,0,0,0,1,1,0,0,0,78.43472145,0,0,0,0,3,1,1,1,100,0,0,0,3,1,1,0.1,3000,0,0,0,0,0,0,0,0,0,0,0,0,0,0,0,0,0,0,0,0,0,0,0,0,0,0,0,0,0,0,0,0,0,0,0,0,0,0,0,0,0,0,0,0,0,0,0,0,0,0,0
1989,237,15,46,6.576,2,8,0,-1,0,0,1,1,25,0,0,0,1028,0,0,0,0,0,1,1,0,0,0,78.55978984,0,0,0,0,3,1,1,1,100,0,0,0,3,1,1,0.1,3000,0,0,0,0,0,0,0,0,0,0,0,0,0,0,0,0,0,0,0,0,0,0,0,0,0,0,0,0,0,0,0,0,0,0,0,0,0,0,0,0,0,0,0,0,0,0,0,0,0,0,0
1989,237,15,46,29.496,2,8,0,-1,1,0,1,1,25,0,0,0,1028,0,0,0,0,0,1,1,0,0,0,78.59901251,0,0,0,0,3,1,1,1,100,0,0,0,3,1,1,0.1,3000,0,0,0,0,0,0,0,0,0,0,0,0,0,0,0,0,0,0,0,0,0,0,0,0,0,0,0,0,0,0,0,0,0,0,0,0,0,0,0,0,0,0,0,0,0,0,0,0,0,0,0
1989,237,15,47,42.576,2,8,0,-1,0,0,1,1,25,0,0,0,1028,0,0,0,0,0,1,1,0,0,0,78.72407283,0,0,0,0,3,1,1,1,100,0,0,0,3,1,1,0.1,3000,0,0,0,0,0,0,0,0,0,0,0,0,0,0,0,0,0,0,0,0,0,0,0,0,0,0,0,0,0,0,0,0,0,0,0,0,0,0,0,0,0,0,0,0,0,0,0,0,0,0,0
1989,237,15,48,5.496,2,8,0,-1,1,0,1,1,25,0,0,0,1028,0,0,0,0,0,1,1,0,0,0,78.76329383,0,0,0,0,3,1,1,1,100,0,0,0,3,1,1,0.1,3000,0,0,0,0,0,0,0,0,0,0,0,0,0,0,0,0,0,0,0,0,0,0,0,0,0,0,0,0,0,0,0,0,0,0,0,0,0,0,0,0,0,0,0,0,0,0,0,0,0,0,0
1989,237,15,49,18.576,2,8,0,-1,0,0,1,1,25,0,0,0,1028,0,0,0,0,0,1,1,0,0,0,78.88834525,0,0,0,0,3,1,1,1,100,0,0,0,3,1,1,0.1,3000,0,0,0,0,0,0,0,0,0,0,0,0,0,0,0,0,0,0,0,0,0,0,0,0,0,0,0,0,0,0,0,0,0,0,0,0,0,0,0,0,0,0,0,0,0,0,0,0,0,0,0
1989,237,15,49,41.495,2,8,0,-1,1,0,1,1,25,0,0,0,1028,0,0,0,0,0,1,1,0,0,0,78.92756203,0,0,0,0,3,1,1,1,100,0,0,0,3,1,1,0.1,3000,0,0,0,0,0,0,0,0,0,0,0,0,0,0,0,0,0,0,0,0,0,0,0,0,0,0,0,0,0,0,0,0,0,0,0,0,0,0,0,0,0,0,0,0,0,0,0,0,0,0,0
1989,237,15,50,54.576,2,8,0,-1,0,0,1,1,25,0,0,0,1028,0,0,0,0,0,1,1,0,0,0,79.05260716,0,0,0,0,3,1,1,1,100,0,0,0,3,1,1,0.1,3000,0,0,0,0,0,0,0,0,0,0,0,0,0,0,0,0,0,0,0,0,0,0,0,0,0,0,0,0,0,0,0,0,0,0,0,0,0,0,0,0,0,0,0,0,0,0,0,0,0,0,0
1989,237,15,51,17.496,2,8,0,-1,1,0,1,1,25,0,0,0,1028,0,0,0,0,0,1,1,0,0,0,79.09182314,0,0,0,0,3,1,1,1,100,0,0,0,3,1,1,0.1,3000,0,0,0,0,0,0,0,0,0,0,0,0,0,0,0,0,0,0,0,0,0,0,0,0,0,0,0,0,0,0,0,0,0,0,0,0,0,0,0,0,0,0,0,0,0,0,0,0,0,0,0
1989,237,15,54,54.576,2,8,0,-1,0,0,1,1,25,0,0,0,1028,0,0,0,0,0,1,1,0,0,0,79.4632162,0,0,0,0,3,1,1,1,100,0,0,0,3,1,1,0.1,3000,0,0,0,0,0,0,0,0,0,0,0,0,0,0,0,0,0,0,0,0,0,0,0,0,0,0,0,0,0,0,0,0,0,0,0,0,0,0,0,0,0,0,0,0,0,0,0,0,0,0,0
1989,237,15,55,17.496,2,8,0,-1,1,0,1,1,25,0,0,0,1028,0,0,0,0,0,1,1,0,0,0,79.50242597,0,0,0,0,3,1,1,1,100,0,0,0,3,1,1,0.1,3000,0,0,0,0,0,0,0,0,0,0,0,0,0,0,0,0,0,0,0,0,0,0,0,0,0,0,0,0,0,0,0,0,0,0,0,0,0,0,0,0,0,0,0,0,0,0,0,0,0,0,0
1989,237,15,56,30.575,2,8,0,-1,0,0,1,1,25,0,0,0,1028,0,0,0,0,0,1,1,0,0,0,79.62743994,0,0,0,0,3,1,1,1,100,0,0,0,3,1,1,0.1,3000,0,0,0,0,0,0,0,0,0,0,0,0,0,0,0,0,0,0,0,0,0,0,0,0,0,0,0,0,0,0,0,0,0,0,0,0,0,0,0,0,0,0,0,0,0,0,0,0,0,0,0
1989,237,15,56,53.495,2,8,0,-1,1,0,1,1,25,0,0,0,1028,0,0,0,0,0,1,1,0,0,0,79.66664723,0,0,0,0,3,1,1,1,100,0,0,0,3,1,1,0.1,3000,0,0,0,0,0,0,0,0,0,0,0,0,0,0,0,0,0,0,0,0,0,0,0,0,0,0,0,0,0,0,0,0,0,0,0,0,0,0,0,0,0,0,0,0,0,0,0,0,0,0,0
1989,237,15,58,6.575,2,8,0,-1,0,0,1,1,25,0,0,0,1028,0,0,0,0,0,1,1,0,0,0,79.79165506,0,0,0,0,3,1,1,1,100,0,0,0,3,1,1,0.1,3000,0,0,0,0,0,0,0,0,0,0,0,0,0,0,0,0,0,0,0,0,0,0,0,0,0,0,0,0,0,0,0,0,0,0,0,0,0,0,0,0,0,0,0,0,0,0,0,0,0,0,0
1989,237,15,58,29.494,2,8,0,-1,1,0,1,1,25,0,0,0,1028,0,0,0,0,0,1,1,0,0,0,79.83085905,0,0,0,0,3,1,1,1,100,0,0,0,3,1,1,0.1,3000,0,0,0,0,0,0,0,0,0,0,0,0,0,0,0,0,0,0,0,0,0,0,0,0,0,0,0,0,0,0,0,0,0,0,0,0,0,0,0,0,0,0,0,0,0,0,0,0,0,0,0
1989,237,15,59,42.575,2,8,0,-1,0,0,1,1,25,0,0,0,1028,0,0,0,0,0,1,1,0,0,0,79.95585991,0,0,0,0,3,1,1,1,100,0,0,0,3,1,1,0.1,3000,0,0,0,0,0,0,0,0,0,0,0,0,0,0,0,0,0,0,0,0,0,0,0,0,0,0,0,0,0,0,0,0,0,0,0,0,0,0,0,0,0,0,0,0,0,0,0,0,0,0,0
1989,237,16,0,5.495,2,8,0,-1,1,0,1,1,25,0,0,0,1028,0,0,0,0,0,1,1,0,0,0,79.99506231,0,0,0,0,3,1,1,1,100,0,0,0,3,1,1,0.1,3000,0,0,0,0,0,0,0,0,0,0,0,0,0,0,0,0,0,0,0,0,0,0,0,0,0,0,0,0,0,0,0,0,0,0,0,0,0,0,0,0,0,0,0,0,0,0,0,0,0,0,0
1989,237,16,1,18.575,2,8,0,-1,0,0,1,1,25,0,0,0,1028,0,0,0,0,0,1,1,0,0,0,80.12005453,0,0,0,0,3,1,1,1,100,0,0,0,3,1,1,0.1,3000,0,0,0,0,0,0,0,0,0,0,0,0,0,0,0,0,0,0,0,0,0,0,0,0,0,0,0,0,0,0,0,0,0,0,0,0,0,0,0,0,0,0,0,0,0,0,0,0,0,0,0
1989,237,16,1,41.494,2,8,0,-1,1,0,1,1,25,0,0,0,1028,0,0,0,0,0,1,1,0,0,0,80.15925364,0,0,0,0,3,1,1,1,100,0,0,0,3,1,1,0.1,3000,0,0,0,0,0,0,0,0,0,0,0,0,0,0,0,0,0,0,0,0,0,0,0,0,0,0,0,0,0,0,0,0,0,0,0,0,0,0,0,0,0,0,0,0,0,0,0,0,0,0,0
1989,237,16,2,54.575,2,8,0,-1,0,0,1,1,25,0,0,0,1028,0,0,0,0,0,1,1,0,0,0,80.28423897,0,0,0,0,3,1,1,1,100,0,0,0,3,1,1,0.1,3000,0,0,0,0,0,0,0,0,0,0,0,0,0,0,0,0,0,0,0,0,0,0,0,0,0,0,0,0,0,0,0,0,0,0,0,0,0,0,0,0,0,0,0,0,0,0,0,0,0,0,0
1989,237,16,3,17.495,2,8,0,-1,1,0,1,1,25,0,0,0,1028,0,0,0,0,0,1,1,0,0,0,80.3234365,0,0,0,0,3,1,1,1,100,0,0,0,3,1,1,0.1,3000,0,0,0,0,0,0,0,0,0,0,0,0,0,0,0,0,0,0,0,0,0,0,0,0,0,0,0,0,0,0,0,0,0,0,0,0,0,0,0,0,0,0,0,0,0,0,0,0,0,0,0
1989,237,16,6,54.575,2,8,0,-1,0,0,1,1,25,0,0,0,1028,0,0,0,0,0,1,1,0,0,0,80.69465576,0,0,0,0,3,1,1,1,100,0,0,0,3,1,1,0.1,3000,0,0,0,0,0,0,0,0,0,0,0,0,0,0,0,0,0,0,0,0,0,0,0,0,0,0,0,0,0,0,0,0,0,0,0,0,0,0,0,0,0,0,0,0,0,0,0,0,0,0,0
1989,237,16,7,17.495,2,8,0,-1,1,0,1,1,25,0,0,0,1028,0,0,0,0,0,1,1,0,0,0,80.73384727,0,0,0,0,3,1,1,1,100,0,0,0,3,1,1,0.1,3000,0,0,0,0,0,0,0,0,0,0,0,0,0,0,0,0,0,0,0,0,0,0,0,0,0,0,0,0,0,0,0,0,0,0,0,0,0,0,0,0,0,0,0,0,0,0,0,0,0,0,0
1989,237,16,8,30.574,2,8,0,-1,0,0,1,1,25,0,0,0,1028,0,0,0,0,0,1,1,0,0,0,80.85880402,0,0,0,0,3,1,1,1,100,0,0,0,3,1,1,0.1,3000,0,0,0,0,0,0,0,0,0,0,0,0,0,0,0,0,0,0,0,0,0,0,0,0,0,0,0,0,0,0,0,0,0,0,0,0,0,0,0,0,0,0,0,0,0,0,0,0,0,0,0
1989,237,16,8,53.494,2,8,0,-1,1,0,1,1,25,0,0,0,1028,0,0,0,0,0,1,1,0,0,0,80.89799314,0,0,0,0,3,1,1,1,100,0,0,0,3,1,1,0.1,3000,0,0,0,0,0,0,0,0,0,0,0,0,0,0,0,0,0,0,0,0,0,0,0,0,0,0,0,0,0,0,0,0,0,0,0,0,0,0,0,0,0,0,0,0,0,0,0,0,0,0,0
1989,237,16,10,6.574,2,8,0,-1,0,0,1,1,25,0,0,0,1028,0,0,0,0,0,1,1,0,0,0,81.02294227,0,0,0,0,3,1,1,1,100,0,0,0,3,1,1,0.1,3000,0,0,0,0,0,0,0,0,0,0,0,0,0,0,0,0,0,0,0,0,0,0,0,0,0,0,0,0,0,0,0,0,0,0,0,0,0,0,0,0,0,0,0,0,0,0,0,0,0,0,0
1989,237,16,10,29.494,2,8,0,-1,1,0,1,1,25,0,0,0,1028,0,0,0,0,0,1,1,0,0,0,81.06212901,0,0,0,0,3,1,1,1,100,0,0,0,3,1,1,0.1,3000,0,0,0,0,0,0,0,0,0,0,0,0,0,0,0,0,0,0,0,0,0,0,0,0,0,0,0,0,0,0,0,0,0,0,0,0,0,0,0,0,0,0,0,0,0,0,0,0,0,0,0
1989,237,16,11,42.574,2,8,0,-1,0,0,1,1,25,0,0,0,1028,0,0,0,0,0,1,1,0,0,0,81.18707143,0,0,0,0,3,1,1,1,100,0,0,0,3,1,1,0.1,3000,0,0,0,0,0,0,0,0,0,0,0,0,0,0,0,0,0,0,0,0,0,0,0,0,0,0,0,0,0,0,0,0,0,0,0,0,0,0,0,0,0,0,0,0,0,0,0,0,0,0,0
1989,237,16,12,5.494,2,8,0,-1,1,0,1,1,25,0,0,0,1028,0,0,0,0,0,1,1,0,0,0,81.2262558,0,0,0,0,3,1,1,1,100,0,0,0,3,1,1,0.1,3000,0,0,0,0,0,0,0,0,0,0,0,0,0,0,0,0,0,0,0,0,0,0,0,0,0,0,0,0,0,0,0,0,0,0,0,0,0,0,0,0,0,0,0,0,0,0,0,0,0,0,0
1989,237,16,13,18.574,2,8,0,-1,0,0,1,1,25,0,0,0,1028,0,0,0,0,0,1,1,0,0,0,81.35119068,0,0,0,0,3,1,1,1,100,0,0,0,3,1,1,0.1,3000,0,0,0,0,0,0,0,0,0,0,0,0,0,0,0,0,0,0,0,0,0,0,0,0,0,0,0,0,0,0,0,0,0,0,0,0,0,0,0,0,0,0,0,0,0,0,0,0,0,0,0
1989,237,16,13,41.494,2,8,0,-1,1,0,1,1,25,0,0,0,1028,0,0,0,0,0,1,1,0,0,0,81.39037269,0,0,0,0,3,1,1,1,100,0,0,0,3,1,1,0.1,3000,0,0,0,0,0,0,0,0,0,0,0,0,0,0,0,0,0,0,0,0,0,0,0,0,0,0,0,0,0,0,0,0,0,0,0,0,0,0,0,0,0,0,0,0,0,0,0,0,0,0,0
1989,237,16,14,54.574,2,8,0,-1,0,0,1,1,25,0,0,0,1028,0,0,0,0,0,1,1,0,0,0,81.51530005,0,0,0,0,3,1,1,1,100,0,0,0,3,1,1,0.1,3000,0,0,0,0,0,0,0,0,0,0,0,0,0,0,0,0,0,0,0,0,0,0,0,0,0,0,0,0,0,0,0,0,0,0,0,0,0,0,0,0,0,0,0,0,0,0,0,0,0,0,0
1989,237,16,15,17.494,2,8,0,-1,1,0,1,1,25,0,0,0,1028,0,0,0,0,0,1,1,0,0,0,81.55447971,0,0,0,0,3,1,1,1,100,0,0,0,3,1,1,0.1,3000,0,0,0,0,0,0,0,0,0,0,0,0,0,0,0,0,0,0,0,0,0,0,0,0,0,0,0,0,0,0,0,0,0,0,0,0,0,0,0,0,0,0,0,0,0,0,0,0,0,0,0
1989,237,16,18,54.574,2,8,0,-1,0,0,1,1,25,0,0,0,1028,0,0,0,0,0,1,1,0,0,0,81.92553055,0,0,0,0,3,1,1,1,100,0,0,0,3,1,1,0.1,3000,0,0,0,0,0,0,0,0,0,0,0,0,0,0,0,0,0,0,0,0,0,0,0,0,0,0,0,0,0,0,0,0,0,0,0,0,0,0,0,0,0,0,0,0,0,0,0,0,0,0,0
1989,237,16,19,17.494,2,8,0,-1,1,0,1,1,25,0,0,0,1028,0,0,0,0,0,1,1,0,0,0,81.96470438,0,0,0,0,3,1,1,1,100,0,0,0,3,1,1,0.1,3000,0,0,0,0,0,0,0,0,0,0,0,0,0,0,0,0,0,0,0,0,0,0,0,0,0,0,0,0,0,0,0,0,0,0,0,0,0,0,0,0,0,0,0,0,0,0,0,0,0,0,0
1989,237,16,20,30.574,2,8,0,-1,0,0,1,1,25,0,0,0,1028,0,0,0,0,0,1,1,0,0,0,82.08960569,0,0,0,0,3,1,1,1,100,0,0,0,3,1,1,0.1,3000,0,0,0,0,0,0,0,0,0,0,0,0,0,0,0,0,0,0,0,0,0,0,0,0,0,0,0,0,0,0,0,0,0,0,0,0,0,0,0,0,0,0,0,0,0,0,0,0,0,0,0
1989,237,16,20,53.494,2,8,0,-1,1,0,1,1,25,0,0,0,1028,0,0,0,0,0,1,1,0,0,0,82.1287772,0,0,0,0,3,1,1,1,100,0,0,0,3,1,1,0.1,3000,0,0,0,0,0,0,0,0,0,0,0,0,0,0,0,0,0,0,0,0,0,0,0,0,0,0,0,0,0,0,0,0,0,0,0,0,0,0,0,0,0,0,0,0,0,0,0,0,0,0,0
1989,237,16,22,6.573,2,8,0,-1,0,0,1,1,25,0,0,0,1028,0,0,0,0,0,1,1,0,0,0,82.25366943,0,0,0,0,3,1,1,1,100,0,0,0,3,1,1,0.1,3000,0,0,0,0,0,0,0,0,0,0,0,0,0,0,0,0,0,0,0,0,0,0,0,0,0,0,0,0,0,0,0,0,0,0,0,0,0,0,0,0,0,0,0,0,0,0,0,0,0,0,0
1989,237,16,22,29.493,2,8,0,-1,1,0,1,1,25,0,0,0,1028,0,0,0,0,0,1,1,0,0,0,82.29283777,0,0,0,0,3,1,1,1,100,0,0,0,3,1,1,0.1,3000,0,0,0,0,0,0,0,0,0,0,0,0,0,0,0,0,0,0,0,0,0,0,0,0,0,0,0,0,0,0,0,0,0,0,0,0,0,0,0,0,0,0,0,0,0,0,0,0,0,0,0
1989,237,16,23,42.573,2,8,0,-1,0,0,1,1,25,0,0,0,1028,0,0,0,0,0,1,1,0,0,0,82.41772522,0,0,0,0,3,1,1,1,100,0,0,0,3,1,1,0.1,3000,0,0,0,0,0,0,0,0,0,0,0,0,0,0,0,0,0,0,0,0,0,0,0,0,0,0,0,0,0,0,0,0,0,0,0,0,0,0,0,0,0,0,0,0,0,0,0,0,0,0,0
1989,237,16,24,5.493,2,8,0,-1,1,0,1,1,25,0,0,0,1028,0,0,0,0,0,1,1,0,0,0,82.45689212,0,0,0,0,3,1,1,1,100,0,0,0,3,1,1,0.1,3000,0,0,0,0,0,0,0,0,0,0,0,0,0,0,0,0,0,0,0,0,0,0,0,0,0,0,0,0,0,0,0,0,0,0,0,0,0,0,0,0,0,0,0,0,0,0,0,0,0,0,0
1989,237,16,25,18.573,2,8,0,-1,0,0,1,1,25,0,0,0,1028,0,0,0,0,0,1,1,0,0,0,82.58177141,0,0,0,0,3,1,1,1,100,0,0,0,3,1,1,0.1,3000,0,0,0,0,0,0,0,0,0,0,0,0,0,0,0,0,0,0,0,0,0,0,0,0,0,0,0,0,0,0,0,0,0,0,0,0,0,0,0,0,0,0,0,0,0,0,0,0,0,0,0
1989,237,16,25,41.493,2,8,0,-1,1,0,1,1,25,0,0,0,1028,0,0,0,0,0,1,1,0,0,0,82.62093602,0,0,0,0,3,1,1,1,100,0,0,0,3,1,1,0.1,3000,0,0,0,0,0,0,0,0,0,0,0,0,0,0,0,0,0,0,0,0,0,0,0,0,0,0,0,0,0,0,0,0,0,0,0,0,0,0,0,0,0,0,0,0,0,0,0,0,0,0,0
1989,237,16,26,54.573,2,8,0,-1,0,0,1,1,25,0,0,0,1028,0,0,0,0,0,1,1,0,0,0,82.74580802,0,0,0,0,3,1,1,1,100,0,0,0,3,1,1,0.1,3000,0,0,0,0,0,0,0,0,0,0,0,0,0,0,0,0,0,0,0,0,0,0,0,0,0,0,0,0,0,0,0,0,0,0,0,0,0,0,0,0,0,0,0,0,0,0,0,0,0,0,0
1989,237,16,27,17.493,2,8,0,-1,1,0,1,1,25,0,0,0,1028,0,0,0,0,0,1,1,0,0,0,82.78496949,0,0,0,0,3,1,1,1,100,0,0,0,3,1,1,0.1,3000,0,0,0,0,0,0,0,0,0,0,0,0,0,0,0,0,0,0,0,0,0,0,0,0,0,0,0,0,0,0,0,0,0,0,0,0,0,0,0,0,0,0,0,0,0,0,0,0,0,0,0
1989,237,16,30,54.573,2,8,0,-1,0,0,1,1,25,0,0,0,1028,0,0,0,0,0,1,1,0,0,0,83.15585792,0,0,0,0,3,1,1,1,100,0,0,0,3,1,1,0.1,3000,0,0,0,0,0,0,0,0,0,0,0,0,0,0,0,0,0,0,0,0,0,0,0,0,0,0,0,0,0,0,0,0,0,0,0,0,0,0,0,0,0,0,0,0,0,0,0,0,0,0,0
1989,237,16,31,17.493,2,8,0,-1,1,0,1,1,25,0,0,0,1028,0,0,0,0,0,1,1,0,0,0,83.19501374,0,0,0,0,3,1,1,1,100,0,0,0,3,1,1,0.1,3000,0,0,0,0,0,0,0,0,0,0,0,0,0,0,0,0,0,0,0,0,0,0,0,0,0,0,0,0,0,0,0,0,0,0,0,0,0,0,0,0,0,0,0,0,0,0,0,0,0,0,0
1989,237,16,32,30.573,2,8,0,-1,0,0,1,1,25,0,0,0,1028,0,0,0,0,0,1,1,0,0,0,83.31986134,0,0,0,0,3,1,1,1,100,0,0,0,3,1,1,0.1,3000,0,0,0,0,0,0,0,0,0,0,0,0,0,0,0,0,0,0,0,0,0,0,0,0,0,0,0,0,0,0,0,0,0,0,0,0,0,0,0,0,0,0,0,0,0,0,0,0,0,0,0
1989,237,16,32,53.493,2,8,0,-1,1,0,1,1,25,0,0,0,1028,0,0,0,0,0,1,1,0,0,0,83.35901576,0,0,0,0,3,1,1,1,100,0,0,0,3,1,1,0.1,3000,0,0,0,0,0,0,0,0,0,0,0,0,0,0,0,0,0,0,0,0,0,0,0,0,0,0,0,0,0,0,0,0,0,0,0,0,0,0,0,0,0,0,0,0,0,0,0,0,0,0,0
1989,237,16,34,6.573,2,8,0,-1,0,0,1,1,25,0,0,0,1028,0,0,0,0,0,1,1,0,0,0,83.48385535,0,0,0,0,3,1,1,1,100,0,0,0,3,1,1,0.1,3000,0,0,0,0,0,0,0,0,0,0,0,0,0,0,0,0,0,0,0,0,0,0,0,0,0,0,0,0,0,0,0,0,0,0,0,0,0,0,0,0,0,0,0,0,0,0,0,0,0,0,0
1989,237,16,34,29.493,2,8,0,-1,1,0,1,1,25,0,0,0,1028,0,0,0,0,0,1,1,0,0,0,83.52300668,0,0,0,0,3,1,1,1,100,0,0,0,3,1,1,0.1,3000,0,0,0,0,0,0,0,0,0,0,0,0,0,0,0,0,0,0,0,0,0,0,0,0,0,0,0,0,0,0,0,0,0,0,0,0,0,0,0,0,0,0,0,0,0,0,0,0,0,0,0
1989,237,16,35,42.572,2,8,0,-1,0,0,1,1,25,0,0,0,1028,0,0,0,0,0,1,1,0,0,0,83.6478383,0,0,0,0,3,1,1,1,100,0,0,0,3,1,1,0.1,3000,0,0,0,0,0,0,0,0,0,0,0,0,0,0,0,0,0,0,0,0,0,0,0,0,0,0,0,0,0,0,0,0,0,0,0,0,0,0,0,0,0,0,0,0,0,0,0,0,0,0,0
1989,237,16,36,5.492,2,8,0,-1,1,0,1,1,25,0,0,0,1028,0,0,0,0,0,1,1,0,0,0,83.68698826,0,0,0,0,3,1,1,1,100,0,0,0,3,1,1,0.1,3000,0,0,0,0,0,0,0,0,0,0,0,0,0,0,0,0,0,0,0,0,0,0,0,0,0,0,0,0,0,0,0,0,0,0,0,0,0,0,0,0,0,0,0,0,0,0,0,0,0,0,0
1989,237,16,37,18.572,2,8,0,-1,0,0,1,1,25,0,0,0,1028,0,0,0,0,0,1,1,0,0,0,83.81181363,0,0,0,0,3,1,1,1,100,0,0,0,3,1,1,0.1,3000,0,0,0,0,0,0,0,0,0,0,0,0,0,0,0,0,0,0,0,0,0,0,0,0,0,0,0,0,0,0,0,0,0,0,0,0,0,0,0,0,0,0,0,0,0,0,0,0,0,0,0
1989,237,16,37,41.492,2,8,0,-1,1,0,1,1,25,0,0,0,1028,0,0,0,0,0,1,1,0,0,0,83.85096137,0,0,0,0,3,1,1,1,100,0,0,0,3,1,1,0.1,3000,0,0,0,0,0,0,0,0,0,0,0,0,0,0,0,0,0,0,0,0,0,0,0,0,0,0,0,0,0,0,0,0,0,0,0,0,0,0,0,0,0,0,0,0,0,0,0,0,0,0,0
1989,237,16,38,54.572,2,8,0,-1,0,0,1,1,25,0,0,0,1028,0,0,0,0,0,1,1,0,0,0,83.97577968,0,0,0,0,3,1,1,1,100,0,0,0,3,1,1,0.1,3000,0,0,0,0,0,0,0,0,0,0,0,0,0,0,0,0,0,0,0,0,0,0,0,0,0,0,0,0,0,0,0,0,0,0,0,0,0,0,0,0,0,0,0,0,0,0,0,0,0,0,0
1989,237,16,39,17.492,2,8,0,-1,1,0,1,1,25,0,0,0,1028,0,0,0,0,0,1,1,0,0,0,84.01492435,0,0,0,0,3,1,1,1,100,0,0,0,3,1,1,0.1,3000,0,0,0,0,0,0,0,0,0,0,0,0,0,0,0,0,0,0,0,0,0,0,0,0,0,0,0,0,0,0,0,0,0,0,0,0,0,0,0,0,0,0,0,0,0,0,0,0,0,0,0
1989,237,16,42,54.572,2,8,0,-1,0,0,1,1,25,0,0,0,1028,0,0,0,0,0,1,1,0,0,0,84.38565441,0,0,0,0,3,1,1,1,100,0,0,0,3,1,1,0.1,3000,0,0,0,0,0,0,0,0,0,0,0,0,0,0,0,0,0,0,0,0,0,0,0,0,0,0,0,0,0,0,0,0,0,0,0,0,0,0,0,0,0,0,0,0,0,0,0,0,0,0,0
1989,237,16,43,17.492,2,8,0,-1,1,0,1,1,25,0,0,0,1028,0,0,0,0,0,1,1,0,0,0,84.42479359,0,0,0,0,3,1,1,1,100,0,0,0,3,1,1,0.1,3000,0,0,0,0,0,0,0,0,0,0,0,0,0,0,0,0,0,0,0,0,0,0,0,0,0,0,0,0,0,0,0,0,0,0,0,0,0,0,0,0,0,0,0,0,0,0,0,0,0,0,0
1989,237,16,44,30.572,2,8,0,-1,0,0,1,1,25,0,0,0,1028,0,0,0,0,0,1,1,0,0,0,84.54958825,0,0,0,0,3,1,1,1,100,0,0,0,3,1,1,0.1,3000,0,0,0,0,0,0,0,0,0,0,0,0,0,0,0,0,0,0,0,0,0,0,0,0,0,0,0,0,0,0,0,0,0,0,0,0,0,0,0,0,0,0,0,0,0,0,0,0,0,0,0
1989,237,16,44,53.492,2,8,0,-1,1,0,1,1,25,0,0,0,1028,0,0,0,0,0,1,1,0,0,0,84.58872611,0,0,0,0,3,1,1,1,100,0,0,0,3,1,1,0.1,3000,0,0,0,0,0,0,0,0,0,0,0,0,0,0,0,0,0,0,0,0,0,0,0,0,0,0,0,0,0,0,0,0,0,0,0,0,0,0,0,0,0,0,0,0,0,0,0,0,0,0,0
1989,237,16,46,6.572,2,8,0,-1,0,0,1,1,25,0,0,0,1028,0,0,0,0,0,1,1,0,0,0,84.71351297,0,0,0,0,3,1,1,1,100,0,0,0,3,1,1,0.1,3000,0,0,0,0,0,0,0,0,0,0,0,0,0,0,0,0,0,0,0,0,0,0,0,0,0,0,0,0,0,0,0,0,0,0,0,0,0,0,0,0,0,0,0,0,0,0,0,0,0,0,0
1989,237,16,46,29.492,2,8,0,-1,1,0,1,1,25,0,0,0,1028,0,0,0,0,0,1,1,0,0,0,84.7526478,0,0,0,0,3,1,1,1,100,0,0,0,3,1,1,0.1,3000,0,0,0,0,0,0,0,0,0,0,0,0,0,0,0,0,0,0,0,0,0,0,0,0,0,0,0,0,0,0,0,0,0,0,0,0,0,0,0,0,0,0,0,0,0,0,0,0,0,0,0
1989,237,16,47,42.571,2,8,0,-1,0,0,1,1,25,0,0,0,1028,0,0,0,0,0,1,1,0,0,0,84.8774269,0,0,0,0,3,1,1,1,100,0,0,0,3,1,1,0.1,3000,0,0,0,0,0,0,0,0,0,0,0,0,0,0,0,0,0,0,0,0,0,0,0,0,0,0,0,0,0,0,0,0,0,0,0,0,0,0,0,0,0,0,0,0,0,0,0,0,0,0,0
1989,237,16,48,5.492,2,8,0,-1,1,0,1,1,25,0,0,0,1028,0,0,0,0,0,1,1,0,0,0,84.91656127,0,0,0,0,3,1,1,1,100,0,0,0,3,1,1,0.1,3000,0,0,0,0,0,0,0,0,0,0,0,0,0,0,0,0,0,0,0,0,0,0,0,0,0,0,0,0,0,0,0,0,0,0,0,0,0,0,0,0,0,0,0,0,0,0,0,0,0,0,0
1989,237,16,49,18.571,2,8,0,-1,0,0,1,1,25,0,0,0,1028,0,0,0,0,0,1,1,0,0,0,85.04133349,0,0,0,0,3,1,1,1,100,0,0,0,3,1,1,0.1,3000,0,0,0,0,0,0,0,0,0,0,0,0,0,0,0,0,0,0,0,0,0,0,0,0,0,0,0,0,0,0,0,0,0,0,0,0,0,0,0,0,0,0,0,0,0,0,0,0,0,0,0
1989,237,16,49,41.491,2,8,0,-1,1,0,1,1,25,0,0,0,1028,0,0,0,0,0,1,1,0,0,0,85.08046486,0,0,0,0,3,1,1,1,100,0,0,0,3,1,1,0.1,3000,0,0,0,0,0,0,0,0,0,0,0,0,0,0,0,0,0,0,0,0,0,0,0,0,0,0,0,0,0,0,0,0,0,0,0,0,0,0,0,0,0,0,0,0,0,0,0,0,0,0,0
1989,237,16,50,54.571,2,8,0,-1,0,0,1,1,25,0,0,0,1028,0,0,0,0,0,1,1,0,0,0,85.20523107,0,0,0,0,3,1,1,1,100,0,0,0,3,1,1,0.1,3000,0,0,0,0,0,0,0,0,0,0,0,0,0,0,0,0,0,0,0,0,0,0,0,0,0,0,0,0,0,0,0,0,0,0,0,0,0,0,0,0,0,0,0,0,0,0,0,0,0,0,0
1989,237,16,51,17.49,2,8,0,-1,1,0,1,1,25,0,0,0,1028,0,0,0,0,0,1,1,0,0,0,85.24435943,0,0,0,0,3,1,1,1,100,0,0,0,3,1,1,0.1,3000,0,0,0,0,0,0,0,0,0,0,0,0,0,0,0,0,0,0,0,0,0,0,0,0,0,0,0,0,0,0,0,0,0,0,0,0,0,0,0,0,0,0,0,0,0,0,0,0,0,0,0
1989,237,16,54,54.571,2,8,0,-1,0,0,1,1,25,0,0,0,1028,0,0,0,0,0,1,1,0,0,0,85.61493582,0,0,0,0,3,1,1,1,100,0,0,0,3,1,1,0.1,3000,0,0,0,0,0,0,0,0,0,0,0,0,0,0,0,0,0,0,0,0,0,0,0,0,0,0,0,0,0,0,0,0,0,0,0,0,0,0,0,0,0,0,0,0,0,0,0,0,0,0,0
1989,237,16,55,17.49,2,8,0,-1,1,0,1,1,25,0,0,0,1028,0,0,0,0,0,1,1,0,0,0,85.65405886,0,0,0,0,3,1,1,1,100,0,0,0,3,1,1,0.1,3000,0,0,0,0,0,0,0,0,0,0,0,0,0,0,0,0,0,0,0,0,0,0,0,0,0,0,0,0,0,0,0,0,0,0,0,0,0,0,0,0,0,0,0,0,0,0,0,0,0,0,0
1989,237,16,56,30.57,2,8,0,-1,0,0,1,1,25,0,0,0,1028,0,0,0,0,0,1,1,0,0,0,85.77880129,0,0,0,0,3,1,1,1,100,0,0,0,3,1,1,0.1,3000,0,0,0,0,0,0,0,0,0,0,0,0,0,0,0,0,0,0,0,0,0,0,0,0,0,0,0,0,0,0,0,0,0,0,0,0,0,0,0,0,0,0,0,0,0,0,0,0,0,0,0
1989,237,16,56,53.491,2,8,0,-1,1,0,1,1,25,0,0,0,1028,0,0,0,0,0,1,1,0,0,0,85.81792391,0,0,0,0,3,1,1,1,100,0,0,0,3,1,1,0.1,3000,0,0,0,0,0,0,0,0,0,0,0,0,0,0,0,0,0,0,0,0,0,0,0,0,0,0,0,0,0,0,0,0,0,0,0,0,0,0,0,0,0,0,0,0,0,0,0,0,0,0,0
1989,237,16,58,6.571,2,8,0,-1,0,0,1,1,25,0,0,0,1028,0,0,0,0,0,1,1,0,0,0,85.9426596,0,0,0,0,3,1,1,1,100,0,0,0,3,1,1,0.1,3000,0,0,0,0,0,0,0,0,0,0,0,0,0,0,0,0,0,0,0,0,0,0,0,0,0,0,0,0,0,0,0,0,0,0,0,0,0,0,0,0,0,0,0,0,0,0,0,0,0,0,0
1989,237,16,58,29.49,2,8,0,-1,1,0,1,1,25,0,0,0,1028,0,0,0,0,0,1,1,0,0,0,85.98177842,0,0,0,0,3,1,1,1,100,0,0,0,3,1,1,0.1,3000,0,0,0,0,0,0,0,0,0,0,0,0,0,0,0,0,0,0,0,0,0,0,0,0,0,0,0,0,0,0,0,0,0,0,0,0,0,0,0,0,0,0,0,0,0,0,0,0,0,0,0
1989,237,16,59,42.57,2,8,0,-1,0,0,1,1,25,0,0,0,1028,0,0,0,0,0,1,1,0,0,0,86.1065074,0,0,0,0,3,1,1,1,100,0,0,0,3,1,1,0.1,3000,0,0,0,0,0,0,0,0,0,0,0,0,0,0,0,0,0,0,0,0,0,0,0,0,0,0,0,0,0,0,0,0,0,0,0,0,0,0,0,0,0,0,0,0,0,0,0,0,0,0,0
1989,237,17,0,5.491,2,8,0,-1,1,0,1,1,25,0,0,0,1028,0,0,0,0,0,1,1,0,0,0,86.14562581,0,0,0,0,3,1,1,1,100,0,0,0,3,1,1,0.1,3000,0,0,0,0,0,0,0,0,0,0,0,0,0,0,0,0,0,0,0,0,0,0,0,0,0,0,0,0,0,0,0,0,0,0,0,0,0,0,0,0,0,0,0,0,0,0,0,0,0,0,0
1989,237,17,1,18.57,2,8,0,-1,0,0,1,1,25,0,0,0,1028,0,0,0,0,0,1,1,0,0,0,86.27034641,0,0,0,0,3,1,1,1,100,0,0,0,3,1,1,0.1,3000,0,0,0,0,0,0,0,0,0,0,0,0,0,0,0,0,0,0,0,0,0,0,0,0,0,0,0,0,0,0,0,0,0,0,0,0,0,0,0,0,0,0,0,0,0,0,0,0,0,0,0
1989,237,17,1,41.49,2,8,0,-1,1,0,1,1,25,0,0,0,1028,0,0,0,0,0,1,1,0,0,0,86.30946188,0,0,0,0,3,1,1,1,100,0,0,0,3,1,1,0.1,3000,0,0,0,0,0,0,0,0,0,0,0,0,0,0,0,0,0,0,0,0,0,0,0,0,0,0,0,0,0,0,0,0,0,0,0,0,0,0,0,0,0,0,0,0,0,0,0,0,0,0,0
1989,237,17,6,54.57,2,8,0,-1,0,0,1,1,25,0,0,0,1028,0,0,0,0,0,1,1,0,0,0,86.84371725,0,0,0,0,3,1,1,1,100,0,0,0,3,1,1,0.1,3000,0,0,0,0,0,0,0,0,0,0,0,0,0,0,0,0,0,0,0,0,0,0,0,0,0,0,0,0,0,0,0,0,0,0,0,0,0,0,0,0,0,0,0,0,0,0,0,0,0,0,0
1989,237,17,7,17.49,2,8,0,-1,1,0,1,1,25,0,0,0,1028,0,0,0,0,0,1,1,0,0,0,86.88282546,0,0,0,0,3,1,1,1,100,0,0,0,3,1,1,0.1,3000,0,0,0,0,0,0,0,0,0,0,0,0,0,0,0,0,0,0,0,0,0,0,0,0,0,0,0,0,0,0,0,0,0,0,0,0,0,0,0,0,0,0,0,0,0,0,0,0,0,0,0
1989,237,17,8,30.57,2,8,0,-1,0,0,1,1,25,0,0,0,1028,0,0,0,0,0,1,1,0,0,0,87.00751801,0,0,0,0,3,1,1,1,100,0,0,0,3,1,1,0.1,3000,0,0,0,0,0,0,0,0,0,0,0,0,0,0,0,0,0,0,0,0,0,0,0,0,0,0,0,0,0,0,0,0,0,0,0,0,0,0,0,0,0,0,0,0,0,0,0,0,0,0,0
1989,237,17,8,53.49,2,8,0,-1,1,0,1,1,25,0,0,0,1028,0,0,0,0,0,1,1,0,0,0,87.04662417,0,0,0,0,3,1,1,1,100,0,0,0,3,1,1,0.1,3000,0,0,0,0,0,0,0,0,0,0,0,0,0,0,0,0,0,0,0,0,0,0,0,0,0,0,0,0,0,0,0,0,0,0,0,0,0,0,0,0,0,0,0,0,0,0,0,0,0,0,0
1989,237,17,10,6.57,2,8,0,-1,0,0,1,1,25,0,0,0,1028,0,0,0,0,0,1,1,0,0,0,87.17131017,0,0,0,0,3,1,1,1,100,0,0,0,3,1,1,0.1,3000,0,0,0,0,0,0,0,0,0,0,0,0,0,0,0,0,0,0,0,0,0,0,0,0,0,0,0,0,0,0,0,0,0,0,0,0,0,0,0,0,0,0,0,0,0,0,0,0,0,0,0
1989,237,17,10,29.49,2,8,0,-1,1,0,1,1,25,0,0,0,1028,0,0,0,0,0,1,1,0,0,0,87.21041428,0,0,0,0,3,1,1,1,100,0,0,0,3,1,1,0.1,3000,0,0,0,0,0,0,0,0,0,0,0,0,0,0,0,0,0,0,0,0,0,0,0,0,0,0,0,0,0,0,0,0,0,0,0,0,0,0,0,0,0,0,0,0,0,0,0,0,0,0,0
1989,237,17,11,42.57,2,8,0,-1,0,0,1,1,25,0,0,0,1028,0,0,0,0,0,1,1,0,0,0,87.33509376,0,0,0,0,3,1,1,1,100,0,0,0,3,1,1,0.1,3000,0,0,0,0,0,0,0,0,0,0,0,0,0,0,0,0,0,0,0,0,0,0,0,0,0,0,0,0,0,0,0,0,0,0,0,0,0,0,0,0,0,0,0,0,0,0,0,0,0,0,0
1989,237,17,12,5.49,2,8,0,-1,1,0,1,1,25,0,0,0,1028,0,0,0,0,0,1,1,0,0,0,87.37419583,0,0,0,0,3,1,1,1,100,0,0,0,3,1,1,0.1,3000,0,0,0,0,0,0,0,0,0,0,0,0,0,0,0,0,0,0,0,0,0,0,0,0,0,0,0,0,0,0,0,0,0,0,0,0,0,0,0,0,0,0,0,0,0,0,0,0,0,0,0
1989,237,17,13,18.569,2,8,0,-1,0,0,1,1,25,0,0,0,1028,0,0,0,0,0,1,1,0,0,0,87.49886798,0,0,0,0,3,1,1,1,100,0,0,0,3,1,1,0.1,3000,0,0,0,0,0,0,0,0,0,0,0,0,0,0,0,0,0,0,0,0,0,0,0,0,0,0,0,0,0,0,0,0,0,0,0,0,0,0,0,0,0,0,0,0,0,0,0,0,0,0,0
1989,237,17,13,41.49,2,8,0,-1,1,0,1,1,25,0,0,0,1028,0,0,0,0,0,1,1,0,0,0,87.53796801,0,0,0,0,3,1,1,1,100,0,0,0,3,1,1,0.1,3000,0,0,0,0,0,0,0,0,0,0,0,0,0,0,0,0,0,0,0,0,0,0,0,0,0,0,0,0,0,0,0,0,0,0,0,0,0,0,0,0,0,0,0,0,0,0,0,0,0,0,0
1989,237,17,14,54.569,2,8,0,-1,0,0,1,1,25,0,0,0,1028,0,0,0,0,0,1,1,0,0,0,87.66263369,0,0,0,0,3,1,1,1,100,0,0,0,3,1,1,0.1,3000,0,0,0,0,0,0,0,0,0,0,0,0,0,0,0,0,0,0,0,0,0,0,0,0,0,0,0,0,0,0,0,0,0,0,0,0,0,0,0,0,0,0,0,0,0,0,0,0,0,0,0
1989,237,17,15,17.489,2,8,0,-1,1,0,1,1,25,0,0,0,1028,0,0,0,0,0,1,1,0,0,0,87.7017317,0,0,0,0,3,1,1,1,100,0,0,0,3,1,1,0.1,3000,0,0,0,0,0,0,0,0,0,0,0,0,0,0,0,0,0,0,0,0,0,0,0,0,0,0,0,0,0,0,0,0,0,0,0,0,0,0,0,0,0,0,0,0,0,0,0,0,0,0,0
1989,237,17,18,54.569,2,8,0,-1,0,0,1,1,25,0,0,0,1028,0,0,0,0,0,1,1,0,0,0,88.07201314,0,0,0,0,3,1,1,1,100,0,0,0,3,1,1,0.1,3000,0,0,0,0,0,0,0,0,0,0,0,0,0,0,0,0,0,0,0,0,0,0,0,0,0,0,0,0,0,0,0,0,0,0,0,0,0,0,0,0,0,0,0,0,0,0,0,0,0,0,0
1989,237,17,19,17.489,2,8,0,-1,1,0,1,1,25,0,0,0,1028,0,0,0,0,0,1,1,0,0,0,88.11110612,0,0,0,0,3,1,1,1,100,0,0,0,3,1,1,0.1,3000,0,0,0,0,0,0,0,0,0,0,0,0,0,0,0,0,0,0,0,0,0,0,0,0,0,0,0,0,0,0,0,0,0,0,0,0,0,0,0,0,0,0,0,0,0,0,0,0,0,0,0
1989,237,17,20,30.569,2,8,0,-1,0,0,1,1,25,0,0,0,1028,0,0,0,0,0,1,1,0,0,0,88.23575021,0,0,0,0,3,1,1,1,100,0,0,0,3,1,1,0.1,3000,0,0,0,0,0,0,0,0,0,0,0,0,0,0,0,0,0,0,0,0,0,0,0,0,0,0,0,0,0,0,0,0,0,0,0,0,0,0,0,0,0,0,0,0,0,0,0,0,0,0,0
1989,237,17,20,53.489,2,8,0,-1,1,0,1,1,25,0,0,0,1028,0,0,0,0,0,1,1,0,0,0,88.2748412,0,0,0,0,3,1,1,1,100,0,0,0,3,1,1,0.1,3000,0,0,0,0,0,0,0,0,0,0,0,0,0,0,0,0,0,0,0,0,0,0,0,0,0,0,0,0,0,0,0,0,0,0,0,0,0,0,0,0,0,0,0,0,0,0,0,0,0,0,0
1989,237,17,22,6.569,2,8,0,-1,0,0,1,1,25,0,0,0,1028,0,0,0,0,0,1,1,0,0,0,88.39947893,0,0,0,0,3,1,1,1,100,0,0,0,3,1,1,0.1,3000,0,0,0,0,0,0,0,0,0,0,0,0,0,0,0,0,0,0,0,0,0,0,0,0,0,0,0,0,0,0,0,0,0,0,0,0,0,0,0,0,0,0,0,0,0,0,0,0,0,0,0
1989,237,17,22,29.489,2,8,0,-1,1,0,1,1,25,0,0,0,1028,0,0,0,0,0,1,1,0,0,0,88.43856794,0,0,0,0,3,1,1,1,100,0,0,0,3,1,1,0.1,3000,0,0,0,0,0,0,0,0,0,0,0,0,0,0,0,0,0,0,0,0,0,0,0,0,0,0,0,0,0,0,0,0,0,0,0,0,0,0,0,0,0,0,0,0,0,0,0,0,0,0,0
1989,237,17,23,42.569,2,8,0,-1,0,0,1,1,25,0,0,0,1028,0,0,0,0,0,1,1,0,0,0,88.56319934,0,0,0,0,3,1,1,1,100,0,0,0,3,1,1,0.1,3000,0,0,0,0,0,0,0,0,0,0,0,0,0,0,0,0,0,0,0,0,0,0,0,0,0,0,0,0,0,0,0,0,0,0,0,0,0,0,0,0,0,0,0,0,0,0,0,0,0,0,0
1989,237,17,24,5.489,2,8,0,-1,1,0,1,1,25,0,0,0,1028,0,0,0,0,0,1,1,0,0,0,88.60228635,0,0,0,0,3,1,1,1,100,0,0,0,3,1,1,0.1,3000,0,0,0,0,0,0,0,0,0,0,0,0,0,0,0,0,0,0,0,0,0,0,0,0,0,0,0,0,0,0,0,0,0,0,0,0,0,0,0,0,0,0,0,0,0,0,0,0,0,0,0
1989,237,17,25,18.569,2,8,0,-1,0,0,1,1,25,0,0,0,1028,0,0,0,0,0,1,1,0,0,0,88.72691145,0,0,0,0,3,1,1,1,100,0,0,0,3,1,1,0.1,3000,0,0,0,0,0,0,0,0,0,0,0,0,0,0,0,0,0,0,0,0,0,0,0,0,0,0,0,0,0,0,0,0,0,0,0,0,0,0,0,0,0,0,0,0,0,0,0,0,0,0,0
1989,237,17,25,41.489,2,8,0,-1,1,0,1,1,25,0,0,0,1028,0,0,0,0,0,1,1,0,0,0,88.76599649,0,0,0,0,3,1,1,1,100,0,0,0,3,1,1,0.1,3000,0,0,0,0,0,0,0,0,0,0,0,0,0,0,0,0,0,0,0,0,0,0,0,0,0,0,0,0,0,0,0,0,0,0,0,0,0,0,0,0,0,0,0,0,0,0,0,0,0,0,0
1989,237,17,26,54.568,2,8,0,-1,0,0,1,1,25,0,0,0,1028,0,0,0,0,0,1,1,0,0,0,88.89061359,0,0,0,0,3,1,1,1,100,0,0,0,3,1,1,0.1,3000,0,0,0,0,0,0,0,0,0,0,0,0,0,0,0,0,0,0,0,0,0,0,0,0,0,0,0,0,0,0,0,0,0,0,0,0,0,0,0,0,0,0,0,0,0,0,0,0,0,0,0
1989,237,17,27,17.488,2,8,0,-1,1,0,1,1,25,0,0,0,1028,0,0,0,0,0,1,1,0,0,0,88.92969667,0,0,0,0,3,1,1,1,100,0,0,0,3,1,1,0.1,3000,0,0,0,0,0,0,0,0,0,0,0,0,0,0,0,0,0,0,0,0,0,0,0,0,0,0,0,0,0,0,0,0,0,0,0,0,0,0,0,0,0,0,0,0,0,0,0,0,0,0,0
1989,237,17,30,54.568,2,8,0,-1,0,0,1,1,25,0,0,0,1028,0,0,0,0,0,1,1,0,0,0,89.2998373,0,0,0,0,3,1,1,1,100,0,0,0,3,1,1,0.1,3000,0,0,0,0,0,0,0,0,0,0,0,0,0,0,0,0,0,0,0,0,0,0,0,0,0,0,0,0,0,0,0,0,0,0,0,0,0,0,0,0,0,0,0,0,0,0,0,0,0,0,0
1989,237,17,31,17.488,2,8,0,-1,1,0,1,1,25,0,0,0,1028,0,0,0,0,0,1,1,0,0,0,89.33891549,0,0,0,0,3,1,1,1,100,0,0,0,3,1,1,0.1,3000,0,0,0,0,0,0,0,0,0,0,0,0,0,0,0,0,0,0,0,0,0,0,0,0,0,0,0,0,0,0,0,0,0,0,0,0,0,0,0,0,0,0,0,0,0,0,0,0,0,0,0
1989,237,17,32,30.568,2,8,0,-1,0,0,1,1,25,0,0,0,1028,0,0,0,0,0,1,1,0,0,0,89.46351249,0,0,0,0,3,1,1,1,100,0,0,0,3,1,1,0.1,3000,0,0,0,0,0,0,0,0,0,0,0,0,0,0,0,0,0,0,0,0,0,0,0,0,0,0,0,0,0,0,0,0,0,0,0,0,0,0,0,0,0,0,0,0,0,0,0,0,0,0,0
1989,237,17,32,53.488,2,8,0,-1,1,0,1,1,25,0,0,0,1028,0,0,0,0,0,1,1,0,0,0,89.50258874,0,0,0,0,3,1,1,1,100,0,0,0,3,1,1,0.1,3000,0,0,0,0,0,0,0,0,0,0,0,0,0,0,0,0,0,0,0,0,0,0,0,0,0,0,0,0,0,0,0,0,0,0,0,0,0,0,0,0,0,0,0,0,0,0,0,0,0,0,0
1989,237,17,34,6.568,2,8,0,-1,0,0,1,1,25,0,0,0,1028,0,0,0,0,0,1,1,0,0,0,89.62717956,0,0,0,0,3,1,1,1,100,0,0,0,3,1,1,0.1,3000,0,0,0,0,0,0,0,0,0,0,0,0,0,0,0,0,0,0,0,0,0,0,0,0,0,0,0,0,0,0,0,0,0,0,0,0,0,0,0,0,0,0,0,0,0,0,0,0,0,0,0
1989,237,17,34,29.488,2,8,0,-1,1,0,1,1,25,0,0,0,1028,0,0,0,0,0,1,1,0,0,0,89.66625388,0,0,0,0,3,1,1,1,100,0,0,0,3,1,1,0.1,3000,0,0,0,0,0,0,0,0,0,0,0,0,0,0,0,0,0,0,0,0,0,0,0,0,0,0,0,0,0,0,0,0,0,0,0,0,0,0,0,0,0,0,0,0,0,0,0,0,0,0,0
1989,237,17,35,42.568,2,8,0,-1,0,0,1,1,25,0,0,0,1028,0,0,0,0,0,1,1,0,0,0,89.79083855,0,0,0,0,3,1,1,1,100,0,0,0,3,1,1,0.1,3000,0,0,0,0,0,0,0,0,0,0,0,0,0,0,0,0,0,0,0,0,0,0,0,0,0,0,0,0,0,0,0,0,0,0,0,0,0,0,0,0,0,0,0,0,0,0,0,0,0,0,0
1989,237,17,36,5.488,2,8,0,-1,1,0,1,1,25,0,0,0,1028,0,0,0,0,0,1,1,0,0,0,89.82991094,0,0,0,0,3,1,1,1,100,0,0,0,3,1,1,0.1,3000,0,0,0,0,0,0,0,0,0,0,0,0,0,0,0,0,0,0,0,0,0,0,0,0,0,0,0,0,0,0,0,0,0,0,0,0,0,0,0,0,0,0,0,0,0,0,0,0,0,0,0
1989,237,17,37,18.568,2,8,0,-1,0,0,1,1,25,0,0,0,1028,0,0,0,0,0,1,1,0,0,0,89.95448947,0,0,0,0,3,1,1,1,100,0,0,0,3,1,1,0.1,3000,0,0,0,0,0,0,0,0,0,0,0,0,0,0,0,0,0,0,0,0,0,0,0,0,0,0,0,0,0,0,0,0,0,0,0,0,0,0,0,0,0,0,0,0,0,0,0,0,0,0,0
1989,237,17,37,41.488,2,8,0,-1,1,0,1,1,25,0,0,0,1028,0,0,0,0,0,1,1,0,0,0,89.99355994,0,0,0,0,3,1,1,1,100,0,0,0,3,1,1,0.1,3000,0,0,0,0,0,0,0,0,0,0,0,0,0,0,0,0,0,0,0,0,0,0,0,0,0,0,0,0,0,0,0,0,0,0,0,0,0,0,0,0,0,0,0,0,0,0,0,0,0,0,0
1989,237,17,38,54.567,2,8,0,-1,0,0,1,1,25,0,0,0,1028,0,0,0,0,0,1,1,0,0,0,90.11813151,0,0,0,0,3,1,1,1,100,0,0,0,3,1,1,0.1,3000,0,0,0,0,0,0,0,0,0,0,0,0,0,0,0,0,0,0,0,0,0,0,0,0,0,0,0,0,0,0,0,0,0,0,0,0,0,0,0,0,0,0,0,0,0,0,0,0,0,0,0
1989,237,17,39,17.488,2,8,0,-1,1,0,1,1,25,0,0,0,1028,0,0,0,0,0,1,1,0,0,0,90.15720007,0,0,0,0,3,1,1,1,100,0,0,0,3,1,1,0.1,3000,0,0,0,0,0,0,0,0,0,0,0,0,0,0,0,0,0,0,0,0,0,0,0,0,0,0,0,0,0,0,0,0,0,0,0,0,0,0,0,0,0,0,0,0,0,0,0,0,0,0,0
1989,237,17,42,54.567,2,8,0,-1,0,0,1,1,25,0,0,0,1028,0,0,0,0,0,1,1,0,0,0,90.52720297,0,0,0,0,3,1,1,1,100,0,0,0,3,1,1,0.1,3000,0,0,0,0,0,0,0,0,0,0,0,0,0,0,0,0,0,0,0,0,0,0,0,0,0,0,0,0,0,0,0,0,0,0,0,0,0,0,0,0,0,0,0,0,0,0,0,0,0,0,0
1989,237,17,43,17.487,2,8,0,-1,1,0,1,1,25,0,0,0,1028,0,0,0,0,0,1,1,0,0,0,90.56626678,0,0,0,0,3,1,1,1,100,0,0,0,3,1,1,0.1,3000,0,0,0,0,0,0,0,0,0,0,0,0,0,0,0,0,0,0,0,0,0,0,0,0,0,0,0,0,0,0,0,0,0,0,0,0,0,0,0,0,0,0,0,0,0,0,0,0,0,0,0
1989,237,17,44,30.567,2,8,0,-1,0,0,1,1,25,0,0,0,1028,0,0,0,0,0,1,1,0,0,0,90.690818,0,0,0,0,3,1,1,1,100,0,0,0,3,1,1,0.1,3000,0,0,0,0,0,0,0,0,0,0,0,0,0,0,0,0,0,0,0,0,0,0,0,0,0,0,0,0,0,0,0,0,0,0,0,0,0,0,0,0,0,0,0,0,0,0,0,0,0,0,0
1989,237,17,44,53.486,2,8,0,-1,1,0,1,1,25,0,0,0,1028,0,0,0,0,0,1,1,0,0,0,90.72987907,0,0,0,0,3,1,1,1,100,0,0,0,3,1,1,0.1,3000,0,0,0,0,0,0,0,0,0,0,0,0,0,0,0,0,0,0,0,0,0,0,0,0,0,0,0,0,0,0,0,0,0,0,0,0,0,0,0,0,0,0,0,0,0,0,0,0,0,0,0
1989,237,17,46,6.567,2,8,0,-1,0,0,1,1,25,0,0,0,1028,0,0,0,0,0,1,1,0,0,0,90.85442514,0,0,0,0,3,1,1,1,100,0,0,0,3,1,1,0.1,3000,0,0,0,0,0,0,0,0,0,0,0,0,0,0,0,0,0,0,0,0,0,0,0,0,0,0,0,0,0,0,0,0,0,0,0,0,0,0,0,0,0,0,0,0,0,0,0,0,0,0,0
1989,237,17,46,29.486,2,8,0,-1,1,0,1,1,25,0,0,0,1028,0,0,0,0,0,1,1,0,0,0,90.89348432,0,0,0,0,3,1,1,1,100,0,0,0,3,1,1,0.1,3000,0,0,0,0,0,0,0,0,0,0,0,0,0,0,0,0,0,0,0,0,0,0,0,0,0,0,0,0,0,0,0,0,0,0,0,0,0,0,0,0,0,0,0,0,0,0,0,0,0,0,0
1989,237,17,47,42.567,2,8,0,-1,0,0,1,1,25,0,0,0,1028,0,0,0,0,0,1,1,0,0,0,91.0180244,0,0,0,0,3,1,1,1,100,0,0,0,3,1,1,0.1,3000,0,0,0,0,0,0,0,0,0,0,0,0,0,0,0,0,0,0,0,0,0,0,0,0,0,0,0,0,0,0,0,0,0,0,0,0,0,0,0,0,0,0,0,0,0,0,0,0,0,0,0
1989,237,17,48,5.487,2,8,0,-1,1,0,1,1,25,0,0,0,1028,0,0,0,0,0,1,1,0,0,0,91.05708257,0,0,0,0,3,1,1,1,100,0,0,0,3,1,1,0.1,3000,0,0,0,0,0,0,0,0,0,0,0,0,0,0,0,0,0,0,0,0,0,0,0,0,0,0,0,0,0,0,0,0,0,0,0,0,0,0,0,0,0,0,0,0,0,0,0,0,0,0,0
1989,237,17,49,18.567,2,8,0,-1,0,0,1,1,25,0,0,0,1028,0,0,0,0,0,1,1,0,0,0,91.18161583,0,0,0,0,3,1,1,1,100,0,0,0,3,1,1,0.1,3000,0,0,0,0,0,0,0,0,0,0,0,0,0,0,0,0,0,0,0,0,0,0,0,0,0,0,0,0,0,0,0,0,0,0,0,0,0,0,0,0,0,0,0,0,0,0,0,0,0,0,0
1989,237,17,49,41.486,2,8,0,-1,1,0,1,1,25,0,0,0,1028,0,0,0,0,0,1,1,0,0,0,91.22067043,0,0,0,0,3,1,1,1,100,0,0,0,3,1,1,0.1,3000,0,0,0,0,0,0,0,0,0,0,0,0,0,0,0,0,0,0,0,0,0,0,0,0,0,0,0,0,0,0,0,0,0,0,0,0,0,0,0,0,0,0,0,0,0,0,0,0,0,0,0
1989,237,17,50,54.567,2,8,0,-1,0,0,1,1,25,0,0,0,1028,0,0,0,0,0,1,1,0,0,0,91.34519946,0,0,0,0,3,1,1,1,100,0,0,0,3,1,1,0.1,3000,0,0,0,0,0,0,0,0,0,0,0,0,0,0,0,0,0,0,0,0,0,0,0,0,0,0,0,0,0,0,0,0,0,0,0,0,0,0,0,0,0,0,0,0,0,0,0,0,0,0,0
1989,237,17,51,17.487,2,8,0,-1,1,0,1,1,25,0,0,0,1028,0,0,0,0,0,1,1,0,0,0,91.3842539,0,0,0,0,3,1,1,1,100,0,0,0,3,1,1,0.1,3000,0,0,0,0,0,0,0,0,0,0,0,0,0,0,0,0,0,0,0,0,0,0,0,0,0,0,0,0,0,0,0,0,0,0,0,0,0,0,0,0,0,0,0,0,0,0,0,0,0,0,0
1989,237,17,54,54.566,2,8,0,-1,0,0,1,1,25,0,0,0,1028,0,0,0,0,0,1,1,0,0,0,91.75412284,0,0,0,0,3,1,1,1,100,0,0,0,3,1,1,0.1,3000,0,0,0,0,0,0,0,0,0,0,0,0,0,0,0,0,0,0,0,0,0,0,0,0,0,0,0,0,0,0,0,0,0,0,0,0,0,0,0,0,0,0,0,0,0,0,0,0,0,0,0
1989,237,17,55,17.485,2,8,0,-1,1,0,1,1,25,0,0,0,1028,0,0,0,0,0,1,1,0,0,0,91.7931718,0,0,0,0,3,1,1,1,100,0,0,0,3,1,1,0.1,3000,0,0,0,0,0,0,0,0,0,0,0,0,0,0,0,0,0,0,0,0,0,0,0,0,0,0,0,0,0,0,0,0,0,0,0,0,0,0,0,0,0,0,0,0,0,0,0,0,0,0,0
1989,237,17,56,30.566,2,8,0,-1,0,0,1,1,25,0,0,0,1028,0,0,0,0,0,1,1,0,0,0,91.91767935,0,0,0,0,3,1,1,1,100,0,0,0,3,1,1,0.1,3000,0,0,0,0,0,0,0,0,0,0,0,0,0,0,0,0,0,0,0,0,0,0,0,0,0,0,0,0,0,0,0,0,0,0,0,0,0,0,0,0,0,0,0,0,0,0,0,0,0,0,0
1989,237,17,56,53.485,2,8,0,-1,1,0,1,1,25,0,0,0,1028,0,0,0,0,0,1,1,0,0,0,91.95672648,0,0,0,0,3,1,1,1,100,0,0,0,3,1,1,0.1,3000,0,0,0,0,0,0,0,0,0,0,0,0,0,0,0,0,0,0,0,0,0,0,0,0,0,0,0,0,0,0,0,0,0,0,0,0,0,0,0,0,0,0,0,0,0,0,0,0,0,0,0
1989,237,17,58,6.566,2,8,0,-1,0,0,1,1,25,0,0,0,1028,0,0,0,0,0,1,1,0,0,0,92.08122819,0,0,0,0,3,1,1,1,100,0,0,0,3,1,1,0.1,3000,0,0,0,0,0,0,0,0,0,0,0,0,0,0,0,0,0,0,0,0,0,0,0,0,0,0,0,0,0,0,0,0,0,0,0,0,0,0,0,0,0,0,0,0,0,0,0,0,0,0,0
1989,237,17,58,29.485,2,8,0,-1,1,0,1,1,25,0,0,0,1028,0,0,0,0,0,1,1,0,0,0,92.12027264,0,0,0,0,3,1,1,1,100,0,0,0,3,1,1,0.1,3000,0,0,0,0,0,0,0,0,0,0,0,0,0,0,0,0,0,0,0,0,0,0,0,0,0,0,0,0,0,0,0,0,0,0,0,0,0,0,0,0,0,0,0,0,0,0,0,0,0,0,0
1989,237,17,59,42.566,2,8,0,-1,0,0,1,1,25,0,0,0,1028,0,0,0,0,0,1,1,0,0,0,92.24476938,0,0,0,0,3,1,1,1,100,0,0,0,3,1,1,0.1,3000,0,0,0,0,0,0,0,0,0,0,0,0,0,0,0,0,0,0,0,0,0,0,0,0,0,0,0,0,0,0,0,0,0,0,0,0,0,0,0,0,0,0,0,0,0,0,0,0,0,0,0
1989,237,18,0,5.486,2,8,0,-1,1,0,1,1,25,0,0,0,1028,0,0,0,0,0,1,1,0,0,0,92.2838137,0,0,0,0,3,1,1,1,100,0,0,0,3,1,1,0.1,3000,0,0,0,0,0,0,0,0,0,0,0,0,0,0,0,0,0,0,0,0,0,0,0,0,0,0,0,0,0,0,0,0,0,0,0,0,0,0,0,0,0,0,0,0,0,0,0,0,0,0,0
1989,237,18,1,18.566,2,8,0,-1,0,0,1,1,25,0,0,0,1028,0,0,0,0,0,1,1,0,0,0,92.40830294,0,0,0,0,3,1,1,1,100,0,0,0,3,1,1,0.1,3000,0,0,0,0,0,0,0,0,0,0,0,0,0,0,0,0,0,0,0,0,0,0,0,0,0,0,0,0,0,0,0,0,0,0,0,0,0,0,0,0,0,0,0,0,0,0,0,0,0,0,0
1989,237,18,1,41.485,2,8,0,-1,1,0,1,1,25,0,0,0,1028,0,0,0,0,0,1,1,0,0,0,92.44734374,0,0,0,0,3,1,1,1,100,0,0,0,3,1,1,0.1,3000,0,0,0,0,0,0,0,0,0,0,0,0,0,0,0,0,0,0,0,0,0,0,0,0,0,0,0,0,0,0,0,0,0,0,0,0,0,0,0,0,0,0,0,0,0,0,0,0,0,0,0
1989,237,18,2,54.566,2,8,0,-1,0,0,1,1,25,0,0,0,1028,0,0,0,0,0,1,1,0,0,0,92.5718289,0,0,0,0,3,1,1,1,100,0,0,0,3,1,1,0.1,3000,0,0,0,0,0,0,0,0,0,0,0,0,0,0,0,0,0,0,0,0,0,0,0,0,0,0,0,0,0,0,0,0,0,0,0,0,0,0,0,0,0,0,0,0,0,0,0,0,0,0,0
1989,237,18,3,17.485,2,8,0,-1,1,0,1,1,25,0,0,0,1028,0,0,0,0,0,1,1,0,0,0,92.61086875,0,0,0,0,3,1,1,1,100,0,0,0,3,1,1,0.1,3000,0,0,0,0,0,0,0,0,0,0,0,0,0,0,0,0,0,0,0,0,0,0,0,0,0,0,0,0,0,0,0,0,0,0,0,0,0,0,0,0,0,0,0,0,0,0,0,0,0,0,0
1989,237,18,6,54.565,2,8,0,-1,0,0,1,1,25,0,0,0,1028,0,0,0,0,0,1,1,0,0,0,92.98060905,0,0,0,0,3,1,1,1,100,0,0,0,3,1,1,0.1,3000,0,0,0,0,0,0,0,0,0,0,0,0,0,0,0,0,0,0,0,0,0,0,0,0,0,0,0,0,0,0,0,0,0,0,0,0,0,0,0,0,0,0,0,0,0,0,0,0,0,0,0
1989,237,18,7,17.484,2,8,0,-1,1,0,1,1,25,0,0,0,1028,0,0,0,0,0,1,1,0,0,0,93.0196444,0,0,0,0,3,1,1,1,100,0,0,0,3,1,1,0.1,3000,0,0,0,0,0,0,0,0,0,0,0,0,0,0,0,0,0,0,0,0,0,0,0,0,0,0,0,0,0,0,0,0,0,0,0,0,0,0,0,0,0,0,0,0,0,0,0,0,0,0,0
1989,237,18,8,30.565,2,8,0,-1,0,0,1,1,25,0,0,0,1028,0,0,0,0,0,1,1,0,0,0,93.14410863,0,0,0,0,3,1,1,1,100,0,0,0,3,1,1,0.1,3000,0,0,0,0,0,0,0,0,0,0,0,0,0,0,0,0,0,0,0,0,0,0,0,0,0,0,0,0,0,0,0,0,0,0,0,0,0,0,0,0,0,0,0,0,0,0,0,0,0,0,0
1989,237,18,8,53.484,2,8,0,-1,1,0,1,1,25,0,0,0,1028,0,0,0,0,0,1,1,0,0,0,93.1831422,0,0,0,0,3,1,1,1,100,0,0,0,3,1,1,0.1,3000,0,0,0,0,0,0,0,0,0,0,0,0,0,0,0,0,0,0,0,0,0,0,0,0,0,0,0,0,0,0,0,0,0,0,0,0,0,0,0,0,0,0,0,0,0,0,0,0,0,0,0
1989,237,18,10,6.565,2,8,0,-1,0,0,1,1,25,0,0,0,1028,0,0,0,0,0,1,1,0,0,0,93.30760075,0,0,0,0,3,1,1,1,100,0,0,0,3,1,1,0.1,3000,0,0,0,0,0,0,0,0,0,0,0,0,0,0,0,0,0,0,0,0,0,0,0,0,0,0,0,0,0,0,0,0,0,0,0,0,0,0,0,0,0,0,0,0,0,0,0,0,0,0,0
1989,237,18,10,29.484,2,8,0,-1,1,0,1,1,25,0,0,0,1028,0,0,0,0,0,1,1,0,0,0,93.34663169,0,0,0,0,3,1,1,1,100,0,0,0,3,1,1,0.1,3000,0,0,0,0,0,0,0,0,0,0,0,0,0,0,0,0,0,0,0,0,0,0,0,0,0,0,0,0,0,0,0,0,0,0,0,0,0,0,0,0,0,0,0,0,0,0,0,0,0,0,0
1989,237,18,11,42.565,2,8,0,-1,0,0,1,1,25,0,0,0,1028,0,0,0,0,0,1,1,0,0,0,93.47108542,0,0,0,0,3,1,1,1,100,0,0,0,3,1,1,0.1,3000,0,0,0,0,0,0,0,0,0,0,0,0,0,0,0,0,0,0,0,0,0,0,0,0,0,0,0,0,0,0,0,0,0,0,0,0,0,0,0,0,0,0,0,0,0,0,0,0,0,0,0
1989,237,18,12,5.485,2,8,0,-1,1,0,1,1,25,0,0,0,1028,0,0,0,0,0,1,1,0,0,0,93.51011628,0,0,0,0,3,1,1,1,100,0,0,0,3,1,1,0.1,3000,0,0,0,0,0,0,0,0,0,0,0,0,0,0,0,0,0,0,0,0,0,0,0,0,0,0,0,0,0,0,0,0,0,0,0,0,0,0,0,0,0,0,0,0,0,0,0,0,0,0,0
1989,237,18,13,18.565,2,8,0,-1,0,0,1,1,25,0,0,0,1028,0,0,0,0,0,1,1,0,0,0,93.63456266,0,0,0,0,3,1,1,1,100,0,0,0,3,1,1,0.1,3000,0,0,0,0,0,0,0,0,0,0,0,0,0,0,0,0,0,0,0,0,0,0,0,0,0,0,0,0,0,0,0,0,0,0,0,0,0,0,0,0,0,0,0,0,0,0,0,0,0,0,0
1989,237,18,13,41.484,2,8,0,-1,1,0,1,1,25,0,0,0,1028,0,0,0,0,0,1,1,0,0,0,93.67359006,0,0,0,0,3,1,1,1,100,0,0,0,3,1,1,0.1,3000,0,0,0,0,0,0,0,0,0,0,0,0,0,0,0,0,0,0,0,0,0,0,0,0,0,0,0,0,0,0,0,0,0,0,0,0,0,0,0,0,0,0,0,0,0,0,0,0,0,0,0
1989,237,18,14,54.565,2,8,0,-1,0,0,1,1,25,0,0,0,1028,0,0,0,0,0,1,1,0,0,0,93.79803252,0,0,0,0,3,1,1,1,100,0,0,0,3,1,1,0.1,3000,0,0,0,0,0,0,0,0,0,0,0,0,0,0,0,0,0,0,0,0,0,0,0,0,0,0,0,0,0,0,0,0,0,0,0,0,0,0,0,0,0,0,0,0,0,0,0,0,0,0,0
1989,237,18,15,17.484,2,8,0,-1,1,0,1,1,25,0,0,0,1028,0,0,0,0,0,1,1,0,0,0,93.837059,0,0,0,0,3,1,1,1,100,0,0,0,3,1,1,0.1,3000,0,0,0,0,0,0,0,0,0,0,0,0,0,0,0,0,0,0,0,0,0,0,0,0,0,0,0,0,0,0,0,0,0,0,0,0,0,0,0,0,0,0,0,0,0,0,0,0,0,0,0
1989,237,18,18,54.564,2,8,0,-1,0,0,1,1,25,0,0,0,1028,0,0,0,0,0,1,1,0,0,0,94.20667327,0,0,0,0,3,1,1,1,100,0,0,0,3,1,1,0.1,3000,0,0,0,0,0,0,0,0,0,0,0,0,0,0,0,0,0,0,0,0,0,0,0,0,0,0,0,0,0,0,0,0,0,0,0,0,0,0,0,0,0,0,0,0,0,0,0,0,0,0,0
1989,237,18,19,17.484,2,8,0,-1,1,0,1,1,25,0,0,0,1028,0,0,0,0,0,1,1,0,0,0,94.24569538,0,0,0,0,3,1,1,1,100,0,0,0,3,1,1,0.1,3000,0,0,0,0,0,0,0,0,0,0,0,0,0,0,0,0,0,0,0,0,0,0,0,0,0,0,0,0,0,0,0,0,0,0,0,0,0,0,0,0,0,0,0,0,0,0,0,0,0,0,0
1989,237,18,20,30.564,2,8,0,-1,0,0,1,1,25,0,0,0,1028,0,0,0,0,0,1,1,0,0,0,94.37011745,0,0,0,0,3,1,1,1,100,0,0,0,3,1,1,0.1,3000,0,0,0,0,0,0,0,0,0,0,0,0,0,0,0,0,0,0,0,0,0,0,0,0,0,0,0,0,0,0,0,0,0,0,0,0,0,0,0,0,0,0,0,0,0,0,0,0,0,0,0
1989,237,18,20,53.484,2,8,0,-1,1,0,1,1,25,0,0,0,1028,0,0,0,0,0,1,1,0,0,0,94.40913782,0,0,0,0,3,1,1,1,100,0,0,0,3,1,1,0.1,3000,0,0,0,0,0,0,0,0,0,0,0,0,0,0,0,0,0,0,0,0,0,0,0,0,0,0,0,0,0,0,0,0,0,0,0,0,0,0,0,0,0,0,0,0,0,0,0,0,0,0,0
1989,237,18,22,6.564,2,8,0,-1,0,0,1,1,25,0,0,0,1028,0,0,0,0,0,1,1,0,0,0,94.53355435,0,0,0,0,3,1,1,1,100,0,0,0,3,1,1,0.1,3000,0,0,0,0,0,0,0,0,0,0,0,0,0,0,0,0,0,0,0,0,0,0,0,0,0,0,0,0,0,0,0,0,0,0,0,0,0,0,0,0,0,0,0,0,0,0,0,0,0,0,0
1989,237,18,22,29.483,2,8,0,-1,1,0,1,1,25,0,0,0,1028,0,0,0,0,0,1,1,0,0,0,94.57257213,0,0,0,0,3,1,1,1,100,0,0,0,3,1,1,0.1,3000,0,0,0,0,0,0,0,0,0,0,0,0,0,0,0,0,0,0,0,0,0,0,0,0,0,0,0,0,0,0,0,0,0,0,0,0,0,0,0,0,0,0,0,0,0,0,0,0,0,0,0
1989,237,18,23,42.564,2,8,0,-1,0,0,1,1,25,0,0,0,1028,0,0,0,0,0,1,1,0,0,0,94.696984,0,0,0,0,3,1,1,1,100,0,0,0,3,1,1,0.1,3000,0,0,0,0,0,0,0,0,0,0,0,0,0,0,0,0,0,0,0,0,0,0,0,0,0,0,0,0,0,0,0,0,0,0,0,0,0,0,0,0,0,0,0,0,0,0,0,0,0,0,0
1989,237,18,24,5.484,2,8,0,-1,1,0,1,1,25,0,0,0,1028,0,0,0,0,0,1,1,0,0,0,94.73600176,0,0,0,0,3,1,1,1,100,0,0,0,3,1,1,0.1,3000,0,0,0,0,0,0,0,0,0,0,0,0,0,0,0,0,0,0,0,0,0,0,0,0,0,0,0,0,0,0,0,0,0,0,0,0,0,0,0,0,0,0,0,0,0,0,0,0,0,0,0
1989,237,18,25,18.564,2,8,0,-1,0,0,1,1,25,0,0,0,1028,0,0,0,0,0,1,1,0,0,0,94.86040643,0,0,0,0,3,1,1,1,100,0,0,0,3,1,1,0.1,3000,0,0,0,0,0,0,0,0,0,0,0,0,0,0,0,0,0,0,0,0,0,0,0,0,0,0,0,0,0,0,0,0,0,0,0,0,0,0,0,0,0,0,0,0,0,0,0,0,0,0,0
1989,237,18,25,41.483,2,8,0,-1,1,0,1,1,25,0,0,0,1028,0,0,0,0,0,1,1,0,0,0,94.89942077,0,0,0,0,3,1,1,1,100,0,0,0,3,1,1,0.1,3000,0,0,0,0,0,0,0,0,0,0,0,0,0,0,0,0,0,0,0,0,0,0,0,0,0,0,0,0,0,0,0,0,0,0,0,0,0,0,0,0,0,0,0,0,0,0,0,0,0,0,0
1989,237,18,26,54.564,2,8,0,-1,0,0,1,1,25,0,0,0,1028,0,0,0,0,0,1,1,0,0,0,95.02382166,0,0,0,0,3,1,1,1,100,0,0,0,3,1,1,0.1,3000,0,0,0,0,0,0,0,0,0,0,0,0,0,0,0,0,0,0,0,0,0,0,0,0,0,0,0,0,0,0,0,0,0,0,0,0,0,0,0,0,0,0,0,0,0,0,0,0,0,0,0
1989,237,18,27,17.484,2,8,0,-1,1,0,1,1,25,0,0,0,1028,0,0,0,0,0,1,1,0,0,0,95.06283513,0,0,0,0,3,1,1,1,100,0,0,0,3,1,1,0.1,3000,0,0,0,0,0,0,0,0,0,0,0,0,0,0,0,0,0,0,0,0,0,0,0,0,0,0,0,0,0,0,0,0,0,0,0,0,0,0,0,0,0,0,0,0,0,0,0,0,0,0,0
1989,237,18,30,54.563,2,8,0,-1,0,0,1,1,25,0,0,0,1028,0,0,0,0,0,1,1,0,0,0,95.43232754,0,0,0,0,3,1,1,1,100,0,0,0,3,1,1,0.1,3000,0,0,0,0,0,0,0,0,0,0,0,0,0,0,0,0,0,0,0,0,0,0,0,0,0,0,0,0,0,0,0,0,0,0,0,0,0,0,0,0,0,0,0,0,0,0,0,0,0,0,0
1989,237,18,31,17.483,2,8,0,-1,1,0,1,1,25,0,0,0,1028,0,0,0,0,0,1,1,0,0,0,95.47133676,0,0,0,0,3,1,1,1,100,0,0,0,3,1,1,0.1,3000,0,0,0,0,0,0,0,0,0,0,0,0,0,0,0,0,0,0,0,0,0,0,0,0,0,0,0,0,0,0,0,0,0,0,0,0,0,0,0,0,0,0,0,0,0,0,0,0,0,0,0
1989,237,18,32,30.563,2,8,0,-1,0,0,1,1,25,0,0,0,1028,0,0,0,0,0,1,1,0,0,0,95.59571692,0,0,0,0,3,1,1,1,100,0,0,0,3,1,1,0.1,3000,0,0,0,0,0,0,0,0,0,0,0,0,0,0,0,0,0,0,0,0,0,0,0,0,0,0,0,0,0,0,0,0,0,0,0,0,0,0,0,0,0,0,0,0,0,0,0,0,0,0,0
1989,237,18,32,53.483,2,8,0,-1,1,0,1,1,25,0,0,0,1028,0,0,0,0,0,1,1,0,0,0,95.63472444,0,0,0,0,3,1,1,1,100,0,0,0,3,1,1,0.1,3000,0,0,0,0,0,0,0,0,0,0,0,0,0,0,0,0,0,0,0,0,0,0,0,0,0,0,0,0,0,0,0,0,0,0,0,0,0,0,0,0,0,0,0,0,0,0,0,0,0,0,0
1989,237,18,34,6.563,2,8,0,-1,0,0,1,1,25,0,0,0,1028,0,0,0,0,0,1,1,0,0,0,95.75910006,0,0,0,0,3,1,1,1,100,0,0,0,3,1,1,0.1,3000,0,0,0,0,0,0,0,0,0,0,0,0,0,0,0,0,0,0,0,0,0,0,0,0,0,0,0,0,0,0,0,0,0,0,0,0,0,0,0,0,0,0,0,0,0,0,0,0,0,0,0
1989,237,18,34,29.482,2,8,0,-1,1,0,1,1,25,0,0,0,1028,0,0,0,0,0,1,1,0,0,0,95.79810589,0,0,0,0,3,1,1,1,100,0,0,0,3,1,1,0.1,3000,0,0,0,0,0,0,0,0,0,0,0,0,0,0,0,0,0,0,0,0,0,0,0,0,0,0,0,0,0,0,0,0,0,0,0,0,0,0,0,0,0,0,0,0,0,0,0,0,0,0,0
1989,237,18,35,42.563,2,8,0,-1,0,0,1,1,25,0,0,0,1028,0,0,0,0,0,1,1,0,0,0,95.92247615,0,0,0,0,3,1,1,1,100,0,0,0,3,1,1,0.1,3000,0,0,0,0,0,0,0,0,0,0,0,0,0,0,0,0,0,0,0,0,0,0,0,0,0,0,0,0,0,0,0,0,0,0,0,0,0,0,0,0,0,0,0,0,0,0,0,0,0,0,0
1989,237,18,36,5.483,2,8,0,-1,1,0,1,1,25,0,0,0,1028,0,0,0,0,0,1,1,0,0,0,95.96148114,0,0,0,0,3,1,1,1,100,0,0,0,3,1,1,0.1,3000,0,0,0,0,0,0,0,0,0,0,0,0,0,0,0,0,0,0,0,0,0,0,0,0,0,0,0,0,0,0,0,0,0,0,0,0,0,0,0,0,0,0,0,0,0,0,0,0,0,0,0
1989,237,18,37,18.563,2,8,0,-1,0,0,1,1,25,0,0,0,1028,0,0,0,0,0,1,1,0,0,0,96.08584519,0,0,0,0,3,1,1,1,100,0,0,0,3,1,1,0.1,3000,0,0,0,0,0,0,0,0,0,0,0,0,0,0,0,0,0,0,0,0,0,0,0,0,0,0,0,0,0,0,0,0,0,0,0,0,0,0,0,0,0,0,0,0,0,0,0,0,0,0,0
1989,237,18,37,41.482,2,8,0,-1,1,0,1,1,25,0,0,0,1028,0,0,0,0,0,1,1,0,0,0,96.12484681,0,0,0,0,3,1,1,1,100,0,0,0,3,1,1,0.1,3000,0,0,0,0,0,0,0,0,0,0,0,0,0,0,0,0,0,0,0,0,0,0,0,0,0,0,0,0,0,0,0,0,0,0,0,0,0,0,0,0,0,0,0,0,0,0,0,0,0,0,0
1989,237,18,38,54.563,2,8,0,-1,0,0,1,1,25,0,0,0,1028,0,0,0,0,0,1,1,0,0,0,96.24920722,0,0,0,0,3,1,1,1,100,0,0,0,3,1,1,0.1,3000,0,0,0,0,0,0,0,0,0,0,0,0,0,0,0,0,0,0,0,0,0,0,0,0,0,0,0,0,0,0,0,0,0,0,0,0,0,0,0,0,0,0,0,0,0,0,0,0,0,0,0
1989,237,18,39,17.483,2,8,0,-1,1,0,1,1,25,0,0,0,1028,0,0,0,0,0,1,1,0,0,0,96.28820887,0,0,0,0,3,1,1,1,100,0,0,0,3,1,1,0.1,3000,0,0,0,0,0,0,0,0,0,0,0,0,0,0,0,0,0,0,0,0,0,0,0,0,0,0,0,0,0,0,0,0,0,0,0,0,0,0,0,0,0,0,0,0,0,0,0,0,0,0,0
1989,237,18,42,54.563,2,8,0,-1,0,0,1,1,25,0,0,0,1028,0,0,0,0,0,1,1,0,0,0,96.65758178,0,0,0,0,3,1,1,1,100,0,0,0,3,1,1,0.1,3000,0,0,0,0,0,0,0,0,0,0,0,0,0,0,0,0,0,0,0,0,0,0,0,0,0,0,0,0,0,0,0,0,0,0,0,0,0,0,0,0,0,0,0,0,0,0,0,0,0,0,0
1989,237,18,43,17.483,2,8,0,-1,1,0,1,1,25,0,0,0,1028,0,0,0,0,0,1,1,0,0,0,96.69657928,0,0,0,0,3,1,1,1,100,0,0,0,3,1,1,0.1,3000,0,0,0,0,0,0,0,0,0,0,0,0,0,0,0,0,0,0,0,0,0,0,0,0,0,0,0,0,0,0,0,0,0,0,0,0,0,0,0,0,0,0,0,0,0,0,0,0,0,0,0
1989,237,18,44,30.562,2,8,0,-1,0,0,1,1,25,0,0,0,1028,0,0,0,0,0,1,1,0,0,0,96.82091776,0,0,0,0,3,1,1,1,100,0,0,0,3,1,1,0.1,3000,0,0,0,0,0,0,0,0,0,0,0,0,0,0,0,0,0,0,0,0,0,0,0,0,0,0,0,0,0,0,0,0,0,0,0,0,0,0,0,0,0,0,0,0,0,0,0,0,0,0,0
1989,237,18,44,53.481,2,8,0,-1,1,0,1,1,25,0,0,0,1028,0,0,0,0,0,1,1,0,0,0,96.85991276,0,0,0,0,3,1,1,1,100,0,0,0,3,1,1,0.1,3000,0,0,0,0,0,0,0,0,0,0,0,0,0,0,0,0,0,0,0,0,0,0,0,0,0,0,0,0,0,0,0,0,0,0,0,0,0,0,0,0,0,0,0,0,0,0,0,0,0,0,0
1989,237,18,46,6.562,2,8,0,-1,0,0,1,1,25,0,0,0,1028,0,0,0,0,0,1,1,0,0,0,96.98424853,0,0,0,0,3,1,1,1,100,0,0,0,3,1,1,0.1,3000,0,0,0,0,0,0,0,0,0,0,0,0,0,0,0,0,0,0,0,0,0,0,0,0,0,0,0,0,0,0,0,0,0,0,0,0,0,0,0,0,0,0,0,0,0,0,0,0,0,0,0
1989,237,18,46,29.481,2,8,0,-1,1,0,1,1,25,0,0,0,1028,0,0,0,0,0,1,1,0,0,0,97.02324189,0,0,0,0,3,1,1,1,100,0,0,0,3,1,1,0.1,3000,0,0,0,0,0,0,0,0,0,0,0,0,0,0,0,0,0,0,0,0,0,0,0,0,0,0,0,0,0,0,0,0,0,0,0,0,0,0,0,0,0,0,0,0,0,0,0,0,0,0,0
1989,237,18,47,42.562,2,8,0,-1,0,0,1,1,25,0,0,0,1028,0,0,0,0,0,1,1,0,0,0,97.14757243,0,0,0,0,3,1,1,1,100,0,0,0,3,1,1,0.1,3000,0,0,0,0,0,0,0,0,0,0,0,0,0,0,0,0,0,0,0,0,0,0,0,0,0,0,0,0,0,0,0,0,0,0,0,0,0,0,0,0,0,0,0,0,0,0,0,0,0,0,0
1989,237,18,48,5.482,2,8,0,-1,1,0,1,1,25,0,0,0,1028,0,0,0,0,0,1,1,0,0,0,97.186565,0,0,0,0,3,1,1,1,100,0,0,0,3,1,1,0.1,3000,0,0,0,0,0,0,0,0,0,0,0,0,0,0,0,0,0,0,0,0,0,0,0,0,0,0,0,0,0,0,0,0,0,0,0,0,0,0,0,0,0,0,0,0,0,0,0,0,0,0,0
1989,237,18,49,18.562,2,8,0,-1,0,0,1,1,25,0,0,0,1028,0,0,0,0,0,1,1,0,0,0,97.31088947,0,0,0,0,3,1,1,1,100,0,0,0,3,1,1,0.1,3000,0,0,0,0,0,0,0,0,0,0,0,0,0,0,0,0,0,0,0,0,0,0,0,0,0,0,0,0,0,0,0,0,0,0,0,0,0,0,0,0,0,0,0,0,0,0,0,0,0,0,0
1989,237,18,49,41.481,2,8,0,-1,1,0,1,1,25,0,0,0,1028,0,0,0,0,0,1,1,0,0,0,97.3498787,0,0,0,0,3,1,1,1,100,0,0,0,3,1,1,0.1,3000,0,0,0,0,0,0,0,0,0,0,0,0,0,0,0,0,0,0,0,0,0,0,0,0,0,0,0,0,0,0,0,0,0,0,0,0,0,0,0,0,0,0,0,0,0,0,0,0,0,0,0
1989,237,18,50,54.562,2,8,0,-1,0,0,1,1,25,0,0,0,1028,0,0,0,0,0,1,1,0,0,0,97.47419968,0,0,0,0,3,1,1,1,100,0,0,0,3,1,1,0.1,3000,0,0,0,0,0,0,0,0,0,0,0,0,0,0,0,0,0,0,0,0,0,0,0,0,0,0,0,0,0,0,0,0,0,0,0,0,0,0,0,0,0,0,0,0,0,0,0,0,0,0,0
1989,237,18,51,17.482,2,8,0,-1,1,0,1,1,25,0,0,0,1028,0,0,0,0,0,1,1,0,0,0,97.51318898,0,0,0,0,3,1,1,1,100,0,0,0,3,1,1,0.1,3000,0,0,0,0,0,0,0,0,0,0,0,0,0,0,0,0,0,0,0,0,0,0,0,0,0,0,0,0,0,0,0,0,0,0,0,0,0,0,0,0,0,0,0,0,0,0,0,0,0,0,0
1989,237,18,54,54.562,2,8,0,-1,0,0,1,1,25,0,0,0,1028,0,0,0,0,0,1,1,0,0,0,97.88244546,0,0,0,0,3,1,1,1,100,0,0,0,3,1,1,0.1,3000,0,0,0,0,0,0,0,0,0,0,0,0,0,0,0,0,0,0,0,0,0,0,0,0,0,0,0,0,0,0,0,0,0,0,0,0,0,0,0,0,0,0,0,0,0,0,0,0,0,0,0
1989,237,18,55,17.482,2,8,0,-1,1,0,1,1,25,0,0,0,1028,0,0,0,0,0,1,1,0,0,0,97.92143072,0,0,0,0,3,1,1,1,100,0,0,0,3,1,1,0.1,3000,0,0,0,0,0,0,0,0,0,0,0,0,0,0,0,0,0,0,0,0,0,0,0,0,0,0,0,0,0,0,0,0,0,0,0,0,0,0,0,0,0,0,0,0,0,0,0,0,0,0,0
1989,237,18,56,30.562,2,8,0,-1,0,0,1,1,25,0,0,0,1028,0,0,0,0,0,1,1,0,0,0,98.04573108,0,0,0,0,3,1,1,1,100,0,0,0,3,1,1,0.1,3000,0,0,0,0,0,0,0,0,0,0,0,0,0,0,0,0,0,0,0,0,0,0,0,0,0,0,0,0,0,0,0,0,0,0,0,0,0,0,0,0,0,0,0,0,0,0,0,0,0,0,0
1989,237,18,56,53.481,2,8,0,-1,1,0,1,1,25,0,0,0,1028,0,0,0,0,0,1,1,0,0,0,98.08471473,0,0,0,0,3,1,1,1,100,0,0,0,3,1,1,0.1,3000,0,0,0,0,0,0,0,0,0,0,0,0,0,0,0,0,0,0,0,0,0,0,0,0,0,0,0,0,0,0,0,0,0,0,0,0,0,0,0,0,0,0,0,0,0,0,0,0,0,0,0
1989,237,18,58,6.561,2,8,0,-1,0,0,1,1,25,0,0,0,1028,0,0,0,0,0,1,1,0,0,0,98.20900998,0,0,0,0,3,1,1,1,100,0,0,0,3,1,1,0.1,3000,0,0,0,0,0,0,0,0,0,0,0,0,0,0,0,0,0,0,0,0,0,0,0,0,0,0,0,0,0,0,0,0,0,0,0,0,0,0,0,0,0,0,0,0,0,0,0,0,0,0,0
1989,237,18,58,29.48,2,8,0,-1,1,0,1,1,25,0,0,0,1028,0,0,0,0,0,1,1,0,0,0,98.24799118,0,0,0,0,3,1,1,1,100,0,0,0,3,1,1,0.1,3000,0,0,0,0,0,0,0,0,0,0,0,0,0,0,0,0,0,0,0,0,0,0,0,0,0,0,0,0,0,0,0,0,0,0,0,0,0,0,0,0,0,0,0,0,0,0,0,0,0,0,0
1989,237,18,59,42.561,2,8,0,-1,0,0,1,1,25,0,0,0,1028,0,0,0,0,0,1,1,0,0,0,98.37228303,0,0,0,0,3,1,1,1,100,0,0,0,3,1,1,0.1,3000,0,0,0,0,0,0,0,0,0,0,0,0,0,0,0,0,0,0,0,0,0,0,0,0,0,0,0,0,0,0,0,0,0,0,0,0,0,0,0,0,0,0,0,0,0,0,0,0,0,0,0
1989,237,19,0,5.481,2,8,0,-1,1,0,1,1,25,0,0,0,1028,0,0,0,0,0,1,1,0,0,0,98.41126348,0,0,0,0,3,1,1,1,100,0,0,0,3,1,1,0.1,3000,0,0,0,0,0,0,0,0,0,0,0,0,0,0,0,0,0,0,0,0,0,0,0,0,0,0,0,0,0,0,0,0,0,0,0,0,0,0,0,0,0,0,0,0,0,0,0,0,0,0,0
1989,237,19,1,18.561,2,8,0,-1,0,0,1,1,25,0,0,0,1028,0,0,0,0,0,1,1,0,0,0,98.53554939,0,0,0,0,3,1,1,1,100,0,0,0,3,1,1,0.1,3000,0,0,0,0,0,0,0,0,0,0,0,0,0,0,0,0,0,0,0,0,0,0,0,0,0,0,0,0,0,0,0,0,0,0,0,0,0,0,0,0,0,0,0,0,0,0,0,0,0,0,0
1989,237,19,1,41.48,2,8,0,-1,1,0,1,1,25,0,0,0,1028,0,0,0,0,0,1,1,0,0,0,98.5745274,0,0,0,0,3,1,1,1,100,0,0,0,3,1,1,0.1,3000,0,0,0,0,0,0,0,0,0,0,0,0,0,0,0,0,0,0,0,0,0,0,0,0,0,0,0,0,0,0,0,0,0,0,0,0,0,0,0,0,0,0,0,0,0,0,0,0,0,0,0
1989,237,19,2,54.561,2,8,0,-1,0,0,1,1,25,0,0,0,1028,0,0,0,0,0,1,1,0,0,0,98.69880909,0,0,0,0,3,1,1,1,100,0,0,0,3,1,1,0.1,3000,0,0,0,0,0,0,0,0,0,0,0,0,0,0,0,0,0,0,0,0,0,0,0,0,0,0,0,0,0,0,0,0,0,0,0,0,0,0,0,0,0,0,0,0,0,0,0,0,0,0,0
1989,237,19,3,17.481,2,8,0,-1,1,0,1,1,25,0,0,0,1028,0,0,0,0,0,1,1,0,0,0,98.73778636,0,0,0,0,3,1,1,1,100,0,0,0,3,1,1,0.1,3000,0,0,0,0,0,0,0,0,0,0,0,0,0,0,0,0,0,0,0,0,0,0,0,0,0,0,0,0,0,0,0,0,0,0,0,0,0,0,0,0,0,0,0,0,0,0,0,0,0,0,0
1989,237,19,6,54.561,2,8,0,-1,0,0,1,1,25,0,0,0,1028,0,0,0,0,0,1,1,0,0,0,99.10692936,0,0,0,0,3,1,1,1,100,0,0,0,3,1,1,0.1,3000,0,0,0,0,0,0,0,0,0,0,0,0,0,0,0,0,0,0,0,0,0,0,0,0,0,0,0,0,0,0,0,0,0,0,0,0,0,0,0,0,0,0,0,0,0,0,0,0,0,0,0
1989,237,19,7,17.481,2,8,0,-1,1,0,1,1,25,0,0,0,1028,0,0,0,0,0,1,1,0,0,0,99.14590269,0,0,0,0,3,1,1,1,100,0,0,0,3,1,1,0.1,3000,0,0,0,0,0,0,0,0,0,0,0,0,0,0,0,0,0,0,0,0,0,0,0,0,0,0,0,0,0,0,0,0,0,0,0,0,0,0,0,0,0,0,0,0,0,0,0,0,0,0,0
1989,237,19,8,30.561,2,8,0,-1,0,0,1,1,25,0,0,0,1028,0,0,0,0,0,1,1,0,0,0,99.27016593,0,0,0,0,3,1,1,1,100,0,0,0,3,1,1,0.1,3000,0,0,0,0,0,0,0,0,0,0,0,0,0,0,0,0,0,0,0,0,0,0,0,0,0,0,0,0,0,0,0,0,0,0,0,0,0,0,0,0,0,0,0,0,0,0,0,0,0,0,0
1989,237,19,8,53.481,2,8,0,-1,1,0,1,1,25,0,0,0,1028,0,0,0,0,0,1,1,0,0,0,99.30913769,0,0,0,0,3,1,1,1,100,0,0,0,3,1,1,0.1,3000,0,0,0,0,0,0,0,0,0,0,0,0,0,0,0,0,0,0,0,0,0,0,0,0,0,0,0,0,0,0,0,0,0,0,0,0,0,0,0,0,0,0,0,0,0,0,0,0,0,0,0
1989,237,19,10,6.56,2,8,0,-1,0,0,1,1,25,0,0,0,1028,0,0,0,0,0,1,1,0,0,0,99.43339424,0,0,0,0,3,1,1,1,100,0,0,0,3,1,1,0.1,3000,0,0,0,0,0,0,0,0,0,0,0,0,0,0,0,0,0,0,0,0,0,0,0,0,0,0,0,0,0,0,0,0,0,0,0,0,0,0,0,0,0,0,0,0,0,0,0,0,0,0,0
1989,237,19,10,29.48,2,8,0,-1,1,0,1,1,25,0,0,0,1028,0,0,0,0,0,1,1,0,0,0,99.47236444,0,0,0,0,3,1,1,1,100,0,0,0,3,1,1,0.1,3000,0,0,0,0,0,0,0,0,0,0,0,0,0,0,0,0,0,0,0,0,0,0,0,0,0,0,0,0,0,0,0,0,0,0,0,0,0,0,0,0,0,0,0,0,0,0,0,0,0,0,0
1989,237,19,11,42.56,2,8,0,-1,0,0,1,1,25,0,0,0,1028,0,0,0,0,0,1,1,0,0,0,99.59661772,0,0,0,0,3,1,1,1,100,0,0,0,3,1,1,0.1,3000,0,0,0,0,0,0,0,0,0,0,0,0,0,0,0,0,0,0,0,0,0,0,0,0,0,0,0,0,0,0,0,0,0,0,0,0,0,0,0,0,0,0,0,0,0,0,0,0,0,0,0
1989,237,19,12,5.48,2,8,0,-1,1,0,1,1,25,0,0,0,1028,0,0,0,0,0,1,1,0,0,0,99.63558636,0,0,0,0,3,1,1,1,100,0,0,0,3,1,1,0.1,3000,0,0,0,0,0,0,0,0,0,0,0,0,0,0,0,0,0,0,0,0,0,0,0,0,0,0,0,0,0,0,0,0,0,0,0,0,0,0,0,0,0,0,0,0,0,0,0,0,0,0,0
1989,237,19,13,18.56,2,8,0,-1,0,0,1,1,25,0,0,0,1028,0,0,0,0,0,1,1,0,0,0,99.75983468,0,0,0,0,3,1,1,1,100,0,0,0,3,1,1,0.1,3000,0,0,0,0,0,0,0,0,0,0,0,0,0,0,0,0,0,0,0,0,0,0,0,0,0,0,0,0,0,0,0,0,0,0,0,0,0,0,0,0,0,0,0,0,0,0,0,0,0,0,0
1989,237,19,13,41.48,2,8,0,-1,1,0,1,1,25,0,0,0,1028,0,0,0,0,0,1,1,0,0,0,99.79880177,0,0,0,0,3,1,1,1,100,0,0,0,3,1,1,0.1,3000,0,0,0,0,0,0,0,0,0,0,0,0,0,0,0,0,0,0,0,0,0,0,0,0,0,0,0,0,0,0,0,0,0,0,0,0,0,0,0,0,0,0,0,0,0,0,0,0,0,0,0
1989,237,19,14,54.56,2,8,0,-1,0,0,1,1,25,0,0,0,1028,0,0,0,0,0,1,1,0,0,0,99.92304515,0,0,0,0,3,1,1,1,100,0,0,0,3,1,1,0.1,3000,0,0,0,0,0,0,0,0,0,0,0,0,0,0,0,0,0,0,0,0,0,0,0,0,0,0,0,0,0,0,0,0,0,0,0,0,0,0,0,0,0,0,0,0,0,0,0,0,0,0,0
1989,237,19,15,17.48,2,8,0,-1,1,0,1,1,25,0,0,0,1028,0,0,0,0,0,1,1,0,0,0,99.96201069,0,0,0,0,3,1,1,1,100,0,0,0,3,1,1,0.1,3000,0,0,0,0,0,0,0,0,0,0,0,0,0,0,0,0,0,0,0,0,0,0,0,0,0,0,0,0,0,0,0,0,0,0,0,0,0,0,0,0,0,0,0,0,0,0,0,0,0,0,0
1989,237,19,18,54.56,2,8,0,-1,0,0,1,1,25,0,0,0,1028,0,0,0,0,0,1,1,0,0,0,100.331043,0,0,0,0,3,1,1,1,100,0,0,0,3,1,1,0.1,3000,0,0,0,0,0,0,0,0,0,0,0,0,0,0,0,0,0,0,0,0,0,0,0,0,0,0,0,0,0,0,0,0,0,0,0,0,0,0,0,0,0,0,0,0,0,0,0,0,0,0,0
1989,237,19,19,17.48,2,8,0,-1,1,0,1,1,25,0,0,0,1028,0,0,0,0,0,1,1,0,0,0,100.3700047,0,0,0,0,3,1,1,1,100,0,0,0,3,1,1,0.1,3000,0,0,0,0,0,0,0,0,0,0,0,0,0,0,0,0,0,0,0,0,0,0,0,0,0,0,0,0,0,0,0,0,0,0,0,0,0,0,0,0,0,0,0,0,0,0,0,0,0,0,0
1989,237,19,20,30.56,2,8,0,-1,0,0,1,1,25,0,0,0,1028,0,0,0,0,0,1,1,0,0,0,100.494231,0,0,0,0,3,1,1,1,100,0,0,0,3,1,1,0.1,3000,0,0,0,0,0,0,0,0,0,0,0,0,0,0,0,0,0,0,0,0,0,0,0,0,0,0,0,0,0,0,0,0,0,0,0,0,0,0,0,0,0,0,0,0,0,0,0,0,0,0,0
1989,237,19,20,53.48,2,8,0,-1,1,0,1,1,25,0,0,0,1028,0,0,0,0,0,1,1,0,0,0,100.5331911,0,0,0,0,3,1,1,1,100,0,0,0,3,1,1,0.1,3000,0,0,0,0,0,0,0,0,0,0,0,0,0,0,0,0,0,0,0,0,0,0,0,0,0,0,0,0,0,0,0,0,0,0,0,0,0,0,0,0,0,0,0,0,0,0,0,0,0,0,0
1989,237,19,22,6.559,2,8,0,-1,0,0,1,1,25,0,0,0,1028,0,0,0,0,0,1,1,0,0,0,100.6574116,0,0,0,0,3,1,1,1,100,0,0,0,3,1,1,0.1,3000,0,0,0,0,0,0,0,0,0,0,0,0,0,0,0,0,0,0,0,0,0,0,0,0,0,0,0,0,0,0,0,0,0,0,0,0,0,0,0,0,0,0,0,0,0,0,0,0,0,0,0
1989,237,19,22,29.479,2,8,0,-1,1,0,1,1,25,0,0,0,1028,0,0,0,0,0,1,1,0,0,0,100.6963694,0,0,0,0,3,1,1,1,100,0,0,0,3,1,1,0.1,3000,0,0,0,0,0,0,0,0,0,0,0,0,0,0,0,0,0,0,0,0,0,0,0,0,0,0,0,0,0,0,0,0,0,0,0,0,0,0,0,0,0,0,0,0,0,0,0,0,0,0,0
1989,237,19,23,42.559,2,8,0,-1,0,0,1,1,25,0,0,0,1028,0,0,0,0,0,1,1,0,0,0,100.8205859,0,0,0,0,3,1,1,1,100,0,0,0,3,1,1,0.1,3000,0,0,0,0,0,0,0,0,0,0,0,0,0,0,0,0,0,0,0,0,0,0,0,0,0,0,0,0,0,0,0,0,0,0,0,0,0,0,0,0,0,0,0,0,0,0,0,0,0,0,0
1989,237,19,24,5.479,2,8,0,-1,1,0,1,1,25,0,0,0,1028,0,0,0,0,0,1,1,0,0,0,100.859543,0,0,0,0,3,1,1,1,100,0,0,0,3,1,1,0.1,3000,0,0,0,0,0,0,0,0,0,0,0,0,0,0,0,0,0,0,0,0,0,0,0,0,0,0,0,0,0,0,0,0,0,0,0,0,0,0,0,0,0,0,0,0,0,0,0,0,0,0,0
1989,237,19,25,18.559,2,8,0,-1,0,0,1,1,25,0,0,0,1028,0,0,0,0,0,1,1,0,0,0,100.9837547,0,0,0,0,3,1,1,1,100,0,0,0,3,1,1,0.1,3000,0,0,0,0,0,0,0,0,0,0,0,0,0,0,0,0,0,0,0,0,0,0,0,0,0,0,0,0,0,0,0,0,0,0,0,0,0,0,0,0,0,0,0,0,0,0,0,0,0,0,0
1989,237,19,25,41.479,2,8,0,-1,1,0,1,1,25,0,0,0,1028,0,0,0,0,0,1,1,0,0,0,101.0227103,0,0,0,0,3,1,1,1,100,0,0,0,3,1,1,0.1,3000,0,0,0,0,0,0,0,0,0,0,0,0,0,0,0,0,0,0,0,0,0,0,0,0,0,0,0,0,0,0,0,0,0,0,0,0,0,0,0,0,0,0,0,0,0,0,0,0,0,0,0
1989,237,19,26,54.559,2,8,0,-1,0,0,1,1,25,0,0,0,1028,0,0,0,0,0,1,1,0,0,0,101.1469172,0,0,0,0,3,1,1,1,100,0,0,0,3,1,1,0.1,3000,0,0,0,0,0,0,0,0,0,0,0,0,0,0,0,0,0,0,0,0,0,0,0,0,0,0,0,0,0,0,0,0,0,0,0,0,0,0,0,0,0,0,0,0,0,0,0,0,0,0,0
1989,237,19,27,17.479,2,8,0,-1,1,0,1,1,25,0,0,0,1028,0,0,0,0,0,1,1,0,0,0,101.1858704,0,0,0,0,3,1,1,1,100,0,0,0,3,1,1,0.1,3000,0,0,0,0,0,0,0,0,0,0,0,0,0,0,0,0,0,0,0,0,0,0,0,0,0,0,0,0,0,0,0,0,0,0,0,0,0,0,0,0,0,0,0,0,0,0,0,0,0,0,0
1989,237,19,30,54.559,2,8,0,-1,0,0,1,1,25,0,0,0,1028,0,0,0,0,0,1,1,0,0,0,101.5547957,0,0,0,0,3,1,1,1,100,0,0,0,3,1,1,0.1,3000,0,0,0,0,0,0,0,0,0,0,0,0,0,0,0,0,0,0,0,0,0,0,0,0,0,0,0,0,0,0,0,0,0,0,0,0,0,0,0,0,0,0,0,0,0,0,0,0,0,0,0
1989,237,19,31,17.479,2,8,0,-1,1,0,1,1,25,0,0,0,1028,0,0,0,0,0,1,1,0,0,0,101.5937452,0,0,0,0,3,1,1,1,100,0,0,0,3,1,1,0.1,3000,0,0,0,0,0,0,0,0,0,0,0,0,0,0,0,0,0,0,0,0,0,0,0,0,0,0,0,0,0,0,0,0,0,0,0,0,0,0,0,0,0,0,0,0,0,0,0,0,0,0,0
1989,237,19,32,30.559,2,8,0,-1,0,0,1,1,25,0,0,0,1028,0,0,0,0,0,1,1,0,0,0,101.7179362,0,0,0,0,3,1,1,1,100,0,0,0,3,1,1,0.1,3000,0,0,0,0,0,0,0,0,0,0,0,0,0,0,0,0,0,0,0,0,0,0,0,0,0,0,0,0,0,0,0,0,0,0,0,0,0,0,0,0,0,0,0,0,0,0,0,0,0,0,0
1989,237,19,32,53.479,2,8,0,-1,1,0,1,1,25,0,0,0,1028,0,0,0,0,0,1,1,0,0,0,101.756885,0,0,0,0,3,1,1,1,100,0,0,0,3,1,1,0.1,3000,0,0,0,0,0,0,0,0,0,0,0,0,0,0,0,0,0,0,0,0,0,0,0,0,0,0,0,0,0,0,0,0,0,0,0,0,0,0,0,0,0,0,0,0,0,0,0,0,0,0,0
1989,237,19,34,6.559,2,8,0,-1,0,0,1,1,25,0,0,0,1028,0,0,0,0,0,1,1,0,0,0,101.8810704,0,0,0,0,3,1,1,1,100,0,0,0,3,1,1,0.1,3000,0,0,0,0,0,0,0,0,0,0,0,0,0,0,0,0,0,0,0,0,0,0,0,0,0,0,0,0,0,0,0,0,0,0,0,0,0,0,0,0,0,0,0,0,0,0,0,0,0,0,0
1989,237,19,34,29.479,2,8,0,-1,1,0,1,1,25,0,0,0,1028,0,0,0,0,0,1,1,0,0,0,101.9200169,0,0,0,0,3,1,1,1,100,0,0,0,3,1,1,0.1,3000,0,0,0,0,0,0,0,0,0,0,0,0,0,0,0,0,0,0,0,0,0,0,0,0,0,0,0,0,0,0,0,0,0,0,0,0,0,0,0,0,0,0,0,0,0,0,0,0,0,0,0
1989,237,19,35,42.558,2,8,0,-1,0,0,1,1,25,0,0,0,1028,0,0,0,0,0,1,1,0,0,0,102.0441958,0,0,0,0,3,1,1,1,100,0,0,0,3,1,1,0.1,3000,0,0,0,0,0,0,0,0,0,0,0,0,0,0,0,0,0,0,0,0,0,0,0,0,0,0,0,0,0,0,0,0,0,0,0,0,0,0,0,0,0,0,0,0,0,0,0,0,0,0,0
1989,237,19,36,5.478,2,8,0,-1,1,0,1,1,25,0,0,0,1028,0,0,0,0,0,1,1,0,0,0,102.0831426,0,0,0,0,3,1,1,1,100,0,0,0,3,1,1,0.1,3000,0,0,0,0,0,0,0,0,0,0,0,0,0,0,0,0,0,0,0,0,0,0,0,0,0,0,0,0,0,0,0,0,0,0,0,0,0,0,0,0,0,0,0,0,0,0,0,0,0,0,0
1989,237,19,37,18.558,2,8,0,-1,0,0,1,1,25,0,0,0,1028,0,0,0,0,0,1,1,0,0,0,102.2073185,0,0,0,0,3,1,1,1,100,0,0,0,3,1,1,0.1,3000,0,0,0,0,0,0,0,0,0,0,0,0,0,0,0,0,0,0,0,0,0,0,0,0,0,0,0,0,0,0,0,0,0,0,0,0,0,0,0,0,0,0,0,0,0,0,0,0,0,0,0
1989,237,19,37,41.478,2,8,0,-1,1,0,1,1,25,0,0,0,1028,0,0,0,0,0,1,1,0,0,0,102.2462629,0,0,0,0,3,1,1,1,100,0,0,0,3,1,1,0.1,3000,0,0,0,0,0,0,0,0,0,0,0,0,0,0,0,0,0,0,0,0,0,0,0,0,0,0,0,0,0,0,0,0,0,0,0,0,0,0,0,0,0,0,0,0,0,0,0,0,0,0,0
1989,237,19,38,54.558,2,8,0,-1,0,0,1,1,25,0,0,0,1028,0,0,0,0,0,1,1,0,0,0,102.3704341,0,0,0,0,3,1,1,1,100,0,0,0,3,1,1,0.1,3000,0,0,0,0,0,0,0,0,0,0,0,0,0,0,0,0,0,0,0,0,0,0,0,0,0,0,0,0,0,0,0,0,0,0,0,0,0,0,0,0,0,0,0,0,0,0,0,0,0,0,0
1989,237,19,39,17.478,2,8,0,-1,1,0,1,1,25,0,0,0,1028,0,0,0,0,0,1,1,0,0,0,102.4093762,0,0,0,0,3,1,1,1,100,0,0,0,3,1,1,0.1,3000,0,0,0,0,0,0,0,0,0,0,0,0,0,0,0,0,0,0,0,0,0,0,0,0,0,0,0,0,0,0,0,0,0,0,0,0,0,0,0,0,0,0,0,0,0,0,0,0,0,0,0
1989,237,19,42,54.558,2,8,0,-1,0,0,1,1,25,0,0,0,1028,0,0,0,0,0,1,1,0,0,0,102.7781962,0,0,0,0,3,1,1,1,100,0,0,0,3,1,1,0.1,3000,0,0,0,0,0,0,0,0,0,0,0,0,0,0,0,0,0,0,0,0,0,0,0,0,0,0,0,0,0,0,0,0,0,0,0,0,0,0,0,0,0,0,0,0,0,0,0,0,0,0,0
1989,237,19,43,17.478,2,8,0,-1,1,0,1,1,25,0,0,0,1028,0,0,0,0,0,1,1,0,0,0,102.8171347,0,0,0,0,3,1,1,1,100,0,0,0,3,1,1,0.1,3000,0,0,0,0,0,0,0,0,0,0,0,0,0,0,0,0,0,0,0,0,0,0,0,0,0,0,0,0,0,0,0,0,0,0,0,0,0,0,0,0,0,0,0,0,0,0,0,0,0,0,0
1989,237,19,44,30.558,2,8,0,-1,0,0,1,1,25,0,0,0,1028,0,0,0,0,0,1,1,0,0,0,102.9412895,0,0,0,0,3,1,1,1,100,0,0,0,3,1,1,0.1,3000,0,0,0,0,0,0,0,0,0,0,0,0,0,0,0,0,0,0,0,0,0,0,0,0,0,0,0,0,0,0,0,0,0,0,0,0,0,0,0,0,0,0,0,0,0,0,0,0,0,0,0
1989,237,19,44,53.478,2,8,0,-1,1,0,1,1,25,0,0,0,1028,0,0,0,0,0,1,1,0,0,0,102.9802282,0,0,0,0,3,1,1,1,100,0,0,0,3,1,1,0.1,3000,0,0,0,0,0,0,0,0,0,0,0,0,0,0,0,0,0,0,0,0,0,0,0,0,0,0,0,0,0,0,0,0,0,0,0,0,0,0,0,0,0,0,0,0,0,0,0,0,0,0,0
1989,237,19,46,6.558,2,8,0,-1,0,0,1,1,25,0,0,0,1028,0,0,0,0,0,1,1,0,0,0,103.1043784,0,0,0,0,3,1,1,1,100,0,0,0,3,1,1,0.1,3000,0,0,0,0,0,0,0,0,0,0,0,0,0,0,0,0,0,0,0,0,0,0,0,0,0,0,0,0,0,0,0,0,0,0,0,0,0,0,0,0,0,0,0,0,0,0,0,0,0,0,0
1989,237,19,46,29.478,2,8,0,-1,1,0,1,1,25,0,0,0,1028,0,0,0,0,0,1,1,0,0,0,103.143314,0,0,0,0,3,1,1,1,100,0,0,0,3,1,1,0.1,3000,0,0,0,0,0,0,0,0,0,0,0,0,0,0,0,0,0,0,0,0,0,0,0,0,0,0,0,0,0,0,0,0,0,0,0,0,0,0,0,0,0,0,0,0,0,0,0,0,0,0,0
1989,237,19,47,42.558,2,8,0,-1,0,0,1,1,25,0,0,0,1028,0,0,0,0,0,1,1,0,0,0,103.2674596,0,0,0,0,3,1,1,1,100,0,0,0,3,1,1,0.1,3000,0,0,0,0,0,0,0,0,0,0,0,0,0,0,0,0,0,0,0,0,0,0,0,0,0,0,0,0,0,0,0,0,0,0,0,0,0,0,0,0,0,0,0,0,0,0,0,0,0,0,0
1989,237,19,48,5.478,2,8,0,-1,1,0,1,1,25,0,0,0,1028,0,0,0,0,0,1,1,0,0,0,103.3063954,0,0,0,0,3,1,1,1,100,0,0,0,3,1,1,0.1,3000,0,0,0,0,0,0,0,0,0,0,0,0,0,0,0,0,0,0,0,0,0,0,0,0,0,0,0,0,0,0,0,0,0,0,0,0,0,0,0,0,0,0,0,0,0,0,0,0,0,0,0
1989,237,19,49,18.557,2,8,0,-1,0,0,1,1,25,0,0,0,1028,0,0,0,0,0,1,1,0,0,0,103.4305347,0,0,0,0,3,1,1,1,100,0,0,0,3,1,1,0.1,3000,0,0,0,0,0,0,0,0,0,0,0,0,0,0,0,0,0,0,0,0,0,0,0,0,0,0,0,0,0,0,0,0,0,0,0,0,0,0,0,0,0,0,0,0,0,0,0,0,0,0,0
1989,237,19,49,41.477,2,8,0,-1,1,0,1,1,25,0,0,0,1028,0,0,0,0,0,1,1,0,0,0,103.4694682,0,0,0,0,3,1,1,1,100,0,0,0,3,1,1,0.1,3000,0,0,0,0,0,0,0,0,0,0,0,0,0,0,0,0,0,0,0,0,0,0,0,0,0,0,0,0,0,0,0,0,0,0,0,0,0,0,0,0,0,0,0,0,0,0,0,0,0,0,0
1989,237,19,50,54.557,2,8,0,-1,0,0,1,1,25,0,0,0,1028,0,0,0,0,0,1,1,0,0,0,103.5936046,0,0,0,0,3,1,1,1,100,0,0,0,3,1,1,0.1,3000,0,0,0,0,0,0,0,0,0,0,0,0,0,0,0,0,0,0,0,0,0,0,0,0,0,0,0,0,0,0,0,0,0,0,0,0,0,0,0,0,0,0,0,0,0,0,0,0,0,0,0
1989,237,19,51,17.477,2,8,0,-1,1,0,1,1,25,0,0,0,1028,0,0,0,0,0,1,1,0,0,0,103.6325358,0,0,0,0,3,1,1,1,100,0,0,0,3,1,1,0.1,3000,0,0,0,0,0,0,0,0,0,0,0,0,0,0,0,0,0,0,0,0,0,0,0,0,0,0,0,0,0,0,0,0,0,0,0,0,0,0,0,0,0,0,0,0,0,0,0,0,0,0,0
1989,237,19,54,54.557,2,8,0,-1,0,0,1,1,25,0,0,0,1028,0,0,0,0,0,1,1,0,0,0,104.0012531,0,0,0,0,3,1,1,1,100,0,0,0,3,1,1,0.1,3000,0,0,0,0,0,0,0,0,0,0,0,0,0,0,0,0,0,0,0,0,0,0,0,0,0,0,0,0,0,0,0,0,0,0,0,0,0,0,0,0,0,0,0,0,0,0,0,0,0,0,0
1989,237,19,55,17.476,2,8,0,-1,1,0,1,1,25,0,0,0,1028,0,0,0,0,0,1,1,0,0,0,104.0401808,0,0,0,0,3,1,1,1,100,0,0,0,3,1,1,0.1,3000,0,0,0,0,0,0,0,0,0,0,0,0,0,0,0,0,0,0,0,0,0,0,0,0,0,0,0,0,0,0,0,0,0,0,0,0,0,0,0,0,0,0,0,0,0,0,0,0,0,0,0
1989,237,19,56,30.557,2,8,0,-1,0,0,1,1,25,0,0,0,1028,0,0,0,0,0,1,1,0,0,0,104.1643021,0,0,0,0,3,1,1,1,100,0,0,0,3,1,1,0.1,3000,0,0,0,0,0,0,0,0,0,0,0,0,0,0,0,0,0,0,0,0,0,0,0,0,0,0,0,0,0,0,0,0,0,0,0,0,0,0,0,0,0,0,0,0,0,0,0,0,0,0,0
1989,237,19,56,53.477,2,8,0,-1,1,0,1,1,25,0,0,0,1028,0,0,0,0,0,1,1,0,0,0,104.2032291,0,0,0,0,3,1,1,1,100,0,0,0,3,1,1,0.1,3000,0,0,0,0,0,0,0,0,0,0,0,0,0,0,0,0,0,0,0,0,0,0,0,0,0,0,0,0,0,0,0,0,0,0,0,0,0,0,0,0,0,0,0,0,0,0,0,0,0,0,0
1989,237,19,58,6.557,2,8,0,-1,0,0,1,1,25,0,0,0,1028,0,0,0,0,0,1,1,0,0,0,104.3273451,0,0,0,0,3,1,1,1,100,0,0,0,3,1,1,0.1,3000,0,0,0,0,0,0,0,0,0,0,0,0,0,0,0,0,0,0,0,0,0,0,0,0,0,0,0,0,0,0,0,0,0,0,0,0,0,0,0,0,0,0,0,0,0,0,0,0,0,0,0
1989,237,19,58,29.476,2,8,0,-1,1,0,1,1,25,0,0,0,1028,0,0,0,0,0,1,1,0,0,0,104.3662699,0,0,0,0,3,1,1,1,100,0,0,0,3,1,1,0.1,3000,0,0,0,0,0,0,0,0,0,0,0,0,0,0,0,0,0,0,0,0,0,0,0,0,0,0,0,0,0,0,0,0,0,0,0,0,0,0,0,0,0,0,0,0,0,0,0,0,0,0,0
1989,237,19,59,42.556,2,8,0,-1,0,0,1,1,25,0,0,0,1028,0,0,0,0,0,1,1,0,0,0,104.4903813,0,0,0,0,3,1,1,1,100,0,0,0,3,1,1,0.1,3000,0,0,0,0,0,0,0,0,0,0,0,0,0,0,0,0,0,0,0,0,0,0,0,0,0,0,0,0,0,0,0,0,0,0,0,0,0,0,0,0,0,0,0,0,0,0,0,0,0,0,0
1989,237,20,0,5.476,2,8,0,-1,1,0,1,1,25,0,0,0,1028,0,0,0,0,0,1,1,0,0,0,104.5293056,0,0,0,0,3,1,1,1,100,0,0,0,3,1,1,0.1,3000,0,0,0,0,0,0,0,0,0,0,0,0,0,0,0,0,0,0,0,0,0,0,0,0,0,0,0,0,0,0,0,0,0,0,0,0,0,0,0,0,0,0,0,0,0,0,0,0,0,0,0
1989,237,20,1,18.556,2,8,0,-1,0,0,1,1,25,0,0,0,1028,0,0,0,0,0,1,1,0,0,0,104.6534125,0,0,0,0,3,1,1,1,100,0,0,0,3,1,1,0.1,3000,0,0,0,0,0,0,0,0,0,0,0,0,0,0,0,0,0,0,0,0,0,0,0,0,0,0,0,0,0,0,0,0,0,0,0,0,0,0,0,0,0,0,0,0,0,0,0,0,0,0,0
1989,237,20,1,41.476,2,8,0,-1,1,0,1,1,25,0,0,0,1028,0,0,0,0,0,1,1,0,0,0,104.6923354,0,0,0,0,3,1,1,1,100,0,0,0,3,1,1,0.1,3000,0,0,0,0,0,0,0,0,0,0,0,0,0,0,0,0,0,0,0,0,0,0,0,0,0,0,0,0,0,0,0,0,0,0,0,0,0,0,0,0,0,0,0,0,0,0,0,0,0,0,0
1989,237,20,6,54.556,2,8,0,-1,0,0,1,1,25,0,0,0,1028,0,0,0,0,0,1,1,0,0,0,105.2239746,0,0,0,0,3,1,1,1,100,0,0,0,3,1,1,0.1,3000,0,0,0,0,0,0,0,0,0,0,0,0,0,0,0,0,0,0,0,0,0,0,0,0,0,0,0,0,0,0,0,0,0,0,0,0,0,0,0,0,0,0,0,0,0,0,0,0,0,0,0
1989,237,20,7,17.476,2,8,0,-1,1,0,1,1,25,0,0,0,1028,0,0,0,0,0,1,1,0,0,0,105.2628925,0,0,0,0,3,1,1,1,100,0,0,0,3,1,1,0.1,3000,0,0,0,0,0,0,0,0,0,0,0,0,0,0,0,0,0,0,0,0,0,0,0,0,0,0,0,0,0,0,0,0,0,0,0,0,0,0,0,0,0,0,0,0,0,0,0,0,0,0,0
1989,237,20,8,30.556,2,8,0,-1,0,0,1,1,25,0,0,0,1028,0,0,0,0,0,1,1,0,0,0,105.3869795,0,0,0,0,3,1,1,1,100,0,0,0,3,1,1,0.1,3000,0,0,0,0,0,0,0,0,0,0,0,0,0,0,0,0,0,0,0,0,0,0,0,0,0,0,0,0,0,0,0,0,0,0,0,0,0,0,0,0,0,0,0,0,0,0,0,0,0,0,0
1989,237,20,8,53.476,2,8,0,-1,1,0,1,1,25,0,0,0,1028,0,0,0,0,0,1,1,0,0,0,105.425896,0,0,0,0,3,1,1,1,100,0,0,0,3,1,1,0.1,3000,0,0,0,0,0,0,0,0,0,0,0,0,0,0,0,0,0,0,0,0,0,0,0,0,0,0,0,0,0,0,0,0,0,0,0,0,0,0,0,0,0,0,0,0,0,0,0,0,0,0,0
1989,237,20,10,6.556,2,8,0,-1,0,0,1,1,25,0,0,0,1028,0,0,0,0,0,1,1,0,0,0,105.5499785,0,0,0,0,3,1,1,1,100,0,0,0,3,1,1,0.1,3000,0,0,0,0,0,0,0,0,0,0,0,0,0,0,0,0,0,0,0,0,0,0,0,0,0,0,0,0,0,0,0,0,0,0,0,0,0,0,0,0,0,0,0,0,0,0,0,0,0,0,0
1989,237,20,10,29.476,2,8,0,-1,1,0,1,1,25,0,0,0,1028,0,0,0,0,0,1,1,0,0,0,105.5888937,0,0,0,0,3,1,1,1,100,0,0,0,3,1,1,0.1,3000,0,0,0,0,0,0,0,0,0,0,0,0,0,0,0,0,0,0,0,0,0,0,0,0,0,0,0,0,0,0,0,0,0,0,0,0,0,0,0,0,0,0,0,0,0,0,0,0,0,0,0
1989,237,20,11,42.556,2,8,0,-1,0,0,1,1,25,0,0,0,1028,0,0,0,0,0,1,1,0,0,0,105.7129718,0,0,0,0,3,1,1,1,100,0,0,0,3,1,1,0.1,3000,0,0,0,0,0,0,0,0,0,0,0,0,0,0,0,0,0,0,0,0,0,0,0,0,0,0,0,0,0,0,0,0,0,0,0,0,0,0,0,0,0,0,0,0,0,0,0,0,0,0,0
1989,237,20,12,5.476,2,8,0,-1,1,0,1,1,25,0,0,0,1028,0,0,0,0,0,1,1,0,0,0,105.7518855,0,0,0,0,3,1,1,1,100,0,0,0,3,1,1,0.1,3000,0,0,0,0,0,0,0,0,0,0,0,0,0,0,0,0,0,0,0,0,0,0,0,0,0,0,0,0,0,0,0,0,0,0,0,0,0,0,0,0,0,0,0,0,0,0,0,0,0,0,0
1989,237,20,13,18.556,2,8,0,-1,0,0,1,1,25,0,0,0,1028,0,0,0,0,0,1,1,0,0,0,105.8759593,0,0,0,0,3,1,1,1,100,0,0,0,3,1,1,0.1,3000,0,0,0,0,0,0,0,0,0,0,0,0,0,0,0,0,0,0,0,0,0,0,0,0,0,0,0,0,0,0,0,0,0,0,0,0,0,0,0,0,0,0,0,0,0,0,0,0,0,0,0
1989,237,20,13,41.476,2,8,0,-1,1,0,1,1,25,0,0,0,1028,0,0,0,0,0,1,1,0,0,0,105.9148717,0,0,0,0,3,1,1,1,100,0,0,0,3,1,1,0.1,3000,0,0,0,0,0,0,0,0,0,0,0,0,0,0,0,0,0,0,0,0,0,0,0,0,0,0,0,0,0,0,0,0,0,0,0,0,0,0,0,0,0,0,0,0,0,0,0,0,0,0,0
1989,237,20,14,54.555,2,8,0,-1,0,0,1,1,25,0,0,0,1028,0,0,0,0,0,1,1,0,0,0,106.0389393,0,0,0,0,3,1,1,1,100,0,0,0,3,1,1,0.1,3000,0,0,0,0,0,0,0,0,0,0,0,0,0,0,0,0,0,0,0,0,0,0,0,0,0,0,0,0,0,0,0,0,0,0,0,0,0,0,0,0,0,0,0,0,0,0,0,0,0,0,0
1989,237,20,15,17.475,2,8,0,-1,1,0,1,1,25,0,0,0,1028,0,0,0,0,0,1,1,0,0,0,106.0778503,0,0,0,0,3,1,1,1,100,0,0,0,3,1,1,0.1,3000,0,0,0,0,0,0,0,0,0,0,0,0,0,0,0,0,0,0,0,0,0,0,0,0,0,0,0,0,0,0,0,0,0,0,0,0,0,0,0,0,0,0,0,0,0,0,0,0,0,0,0
1989,237,20,18,54.555,2,8,0,-1,0,0,1,1,25,0,0,0,1028,0,0,0,0,0,1,1,0,0,0,106.4463686,0,0,0,0,3,1,1,1,100,0,0,0,3,1,1,0.1,3000,0,0,0,0,0,0,0,0,0,0,0,0,0,0,0,0,0,0,0,0,0,0,0,0,0,0,0,0,0,0,0,0,0,0,0,0,0,0,0,0,0,0,0,0,0,0,0,0,0,0,0
1989,237,20,19,17.475,2,8,0,-1,1,0,1,1,25,0,0,0,1028,0,0,0,0,0,1,1,0,0,0,106.4852763,0,0,0,0,3,1,1,1,100,0,0,0,3,1,1,0.1,3000,0,0,0,0,0,0,0,0,0,0,0,0,0,0,0,0,0,0,0,0,0,0,0,0,0,0,0,0,0,0,0,0,0,0,0,0,0,0,0,0,0,0,0,0,0,0,0,0,0,0,0
1989,237,20,20,30.555,2,8,0,-1,0,0,1,1,25,0,0,0,1028,0,0,0,0,0,1,1,0,0,0,106.6093304,0,0,0,0,3,1,1,1,100,0,0,0,3,1,1,0.1,3000,0,0,0,0,0,0,0,0,0,0,0,0,0,0,0,0,0,0,0,0,0,0,0,0,0,0,0,0,0,0,0,0,0,0,0,0,0,0,0,0,0,0,0,0,0,0,0,0,0,0,0
1989,237,20,20,53.475,2,8,0,-1,1,0,1,1,25,0,0,0,1028,0,0,0,0,0,1,1,0,0,0,106.6482367,0,0,0,0,3,1,1,1,100,0,0,0,3,1,1,0.1,3000,0,0,0,0,0,0,0,0,0,0,0,0,0,0,0,0,0,0,0,0,0,0,0,0,0,0,0,0,0,0,0,0,0,0,0,0,0,0,0,0,0,0,0,0,0,0,0,0,0,0,0
1989,237,20,22,6.555,2,8,0,-1,0,0,1,1,25,0,0,0,1028,0,0,0,0,0,1,1,0,0,0,106.7722865,0,0,0,0,3,1,1,1,100,0,0,0,3,1,1,0.1,3000,0,0,0,0,0,0,0,0,0,0,0,0,0,0,0,0,0,0,0,0,0,0,0,0,0,0,0,0,0,0,0,0,0,0,0,0,0,0,0,0,0,0,0,0,0,0,0,0,0,0,0
1989,237,20,22,29.475,2,8,0,-1,1,0,1,1,25,0,0,0,1028,0,0,0,0,0,1,1,0,0,0,106.8111914,0,0,0,0,3,1,1,1,100,0,0,0,3,1,1,0.1,3000,0,0,0,0,0,0,0,0,0,0,0,0,0,0,0,0,0,0,0,0,0,0,0,0,0,0,0,0,0,0,0,0,0,0,0,0,0,0,0,0,0,0,0,0,0,0,0,0,0,0,0
1989,237,20,23,42.555,2,8,0,-1,0,0,1,1,25,0,0,0,1028,0,0,0,0,0,1,1,0,0,0,106.9352369,0,0,0,0,3,1,1,1,100,0,0,0,3,1,1,0.1,3000,0,0,0,0,0,0,0,0,0,0,0,0,0,0,0,0,0,0,0,0,0,0,0,0,0,0,0,0,0,0,0,0,0,0,0,0,0,0,0,0,0,0,0,0,0,0,0,0,0,0,0
1989,237,20,24,5.475,2,8,0,-1,1,0,1,1,25,0,0,0,1028,0,0,0,0,0,1,1,0,0,0,106.9741405,0,0,0,0,3,1,1,1,100,0,0,0,3,1,1,0.1,3000,0,0,0,0,0,0,0,0,0,0,0,0,0,0,0,0,0,0,0,0,0,0,0,0,0,0,0,0,0,0,0,0,0,0,0,0,0,0,0,0,0,0,0,0,0,0,0,0,0,0,0
1989,237,20,25,18.555,2,8,0,-1,0,0,1,1,25,0,0,0,1028,0,0,0,0,0,1,1,0,0,0,107.0981818,0,0,0,0,3,1,1,1,100,0,0,0,3,1,1,0.1,3000,0,0,0,0,0,0,0,0,0,0,0,0,0,0,0,0,0,0,0,0,0,0,0,0,0,0,0,0,0,0,0,0,0,0,0,0,0,0,0,0,0,0,0,0,0,0,0,0,0,0,0
1989,237,20,25,41.475,2,8,0,-1,1,0,1,1,25,0,0,0,1028,0,0,0,0,0,1,1,0,0,0,107.137084,0,0,0,0,3,1,1,1,100,0,0,0,3,1,1,0.1,3000,0,0,0,0,0,0,0,0,0,0,0,0,0,0,0,0,0,0,0,0,0,0,0,0,0,0,0,0,0,0,0,0,0,0,0,0,0,0,0,0,0,0,0,0,0,0,0,0,0,0,0
1989,237,20,26,54.554,2,8,0,-1,0,0,1,1,25,0,0,0,1028,0,0,0,0,0,1,1,0,0,0,107.2611201,0,0,0,0,3,1,1,1,100,0,0,0,3,1,1,0.1,3000,0,0,0,0,0,0,0,0,0,0,0,0,0,0,0,0,0,0,0,0,0,0,0,0,0,0,0,0,0,0,0,0,0,0,0,0,0,0,0,0,0,0,0,0,0,0,0,0,0,0,0
1989,237,20,27,17.475,2,8,0,-1,1,0,1,1,25,0,0,0,1028,0,0,0,0,0,1,1,0,0,0,107.300021,0,0,0,0,3,1,1,1,100,0,0,0,3,1,1,0.1,3000,0,0,0,0,0,0,0,0,0,0,0,0,0,0,0,0,0,0,0,0,0,0,0,0,0,0,0,0,0,0,0,0,0,0,0,0,0,0,0,0,0,0,0,0,0,0,0,0,0,0,0
1989,237,20,30,54.554,2,8,0,-1,0,0,1,1,25,0,0,0,1028,0,0,0,0,0,1,1,0,0,0,107.6684428,0,0,0,0,3,1,1,1,100,0,0,0,3,1,1,0.1,3000,0,0,0,0,0,0,0,0,0,0,0,0,0,0,0,0,0,0,0,0,0,0,0,0,0,0,0,0,0,0,0,0,0,0,0,0,0,0,0,0,0,0,0,0,0,0,0,0,0,0,0
1989,237,20,31,17.474,2,8,0,-1,1,0,1,1,25,0,0,0,1028,0,0,0,0,0,1,1,0,0,0,107.7073404,0,0,0,0,3,1,1,1,100,0,0,0,3,1,1,0.1,3000,0,0,0,0,0,0,0,0,0,0,0,0,0,0,0,0,0,0,0,0,0,0,0,0,0,0,0,0,0,0,0,0,0,0,0,0,0,0,0,0,0,0,0,0,0,0,0,0,0,0,0
1989,237,20,32,30.554,2,8,0,-1,0,0,1,1,25,0,0,0,1028,0,0,0,0,0,1,1,0,0,0,107.8313625,0,0,0,0,3,1,1,1,100,0,0,0,3,1,1,0.1,3000,0,0,0,0,0,0,0,0,0,0,0,0,0,0,0,0,0,0,0,0,0,0,0,0,0,0,0,0,0,0,0,0,0,0,0,0,0,0,0,0,0,0,0,0,0,0,0,0,0,0,0
1989,237,20,32,53.474,2,8,0,-1,1,0,1,1,25,0,0,0,1028,0,0,0,0,0,1,1,0,0,0,107.8702579,0,0,0,0,3,1,1,1,100,0,0,0,3,1,1,0.1,3000,0,0,0,0,0,0,0,0,0,0,0,0,0,0,0,0,0,0,0,0,0,0,0,0,0,0,0,0,0,0,0,0,0,0,0,0,0,0,0,0,0,0,0,0,0,0,0,0,0,0,0
1989,237,20,34,6.554,2,8,0,-1,0,0,1,1,25,0,0,0,1028,0,0,0,0,0,1,1,0,0,0,107.9942767,0,0,0,0,3,1,1,1,100,0,0,0,3,1,1,0.1,3000,0,0,0,0,0,0,0,0,0,0,0,0,0,0,0,0,0,0,0,0,0,0,0,0,0,0,0,0,0,0,0,0,0,0,0,0,0,0,0,0,0,0,0,0,0,0,0,0,0,0,0
1989,237,20,34,29.474,2,8,0,-1,1,0,1,1,25,0,0,0,1028,0,0,0,0,0,1,1,0,0,0,108.0331708,0,0,0,0,3,1,1,1,100,0,0,0,3,1,1,0.1,3000,0,0,0,0,0,0,0,0,0,0,0,0,0,0,0,0,0,0,0,0,0,0,0,0,0,0,0,0,0,0,0,0,0,0,0,0,0,0,0,0,0,0,0,0,0,0,0,0,0,0,0
1989,237,20,35,42.554,2,8,0,-1,0,0,1,1,25,0,0,0,1028,0,0,0,0,0,1,1,0,0,0,108.1571853,0,0,0,0,3,1,1,1,100,0,0,0,3,1,1,0.1,3000,0,0,0,0,0,0,0,0,0,0,0,0,0,0,0,0,0,0,0,0,0,0,0,0,0,0,0,0,0,0,0,0,0,0,0,0,0,0,0,0,0,0,0,0,0,0,0,0,0,0,0
1989,237,20,36,5.474,2,8,0,-1,1,0,1,1,25,0,0,0,1028,0,0,0,0,0,1,1,0,0,0,108.1960789,0,0,0,0,3,1,1,1,100,0,0,0,3,1,1,0.1,3000,0,0,0,0,0,0,0,0,0,0,0,0,0,0,0,0,0,0,0,0,0,0,0,0,0,0,0,0,0,0,0,0,0,0,0,0,0,0,0,0,0,0,0,0,0,0,0,0,0,0,0
1989,237,20,37,18.554,2,8,0,-1,0,0,1,1,25,0,0,0,1028,0,0,0,0,0,1,1,0,0,0,108.3200884,0,0,0,0,3,1,1,1,100,0,0,0,3,1,1,0.1,3000,0,0,0,0,0,0,0,0,0,0,0,0,0,0,0,0,0,0,0,0,0,0,0,0,0,0,0,0,0,0,0,0,0,0,0,0,0,0,0,0,0,0,0,0,0,0,0,0,0,0,0
1989,237,20,37,41.473,2,8,0,-1,1,0,1,1,25,0,0,0,1028,0,0,0,0,0,1,1,0,0,0,108.3589791,0,0,0,0,3,1,1,1,100,0,0,0,3,1,1,0.1,3000,0,0,0,0,0,0,0,0,0,0,0,0,0,0,0,0,0,0,0,0,0,0,0,0,0,0,0,0,0,0,0,0,0,0,0,0,0,0,0,0,0,0,0,0,0,0,0,0,0,0,0
1989,237,20,38,54.554,2,8,0,-1,0,0,1,1,25,0,0,0,1028,0,0,0,0,0,1,1,0,0,0,108.4829861,0,0,0,0,3,1,1,1,100,0,0,0,3,1,1,0.1,3000,0,0,0,0,0,0,0,0,0,0,0,0,0,0,0,0,0,0,0,0,0,0,0,0,0,0,0,0,0,0,0,0,0,0,0,0,0,0,0,0,0,0,0,0,0,0,0,0,0,0,0
1989,237,20,39,17.474,2,8,0,-1,1,0,1,1,25,0,0,0,1028,0,0,0,0,0,1,1,0,0,0,108.5218771,0,0,0,0,3,1,1,1,100,0,0,0,3,1,1,0.1,3000,0,0,0,0,0,0,0,0,0,0,0,0,0,0,0,0,0,0,0,0,0,0,0,0,0,0,0,0,0,0,0,0,0,0,0,0,0,0,0,0,0,0,0,0,0,0,0,0,0,0,0
1989,237,20,42,54.553,2,8,0,-1,0,0,1,1,25,0,0,0,1028,0,0,0,0,0,1,1,0,0,0,108.8902046,0,0,0,0,3,1,1,1,100,0,0,0,3,1,1,0.1,3000,0,0,0,0,0,0,0,0,0,0,0,0,0,0,0,0,0,0,0,0,0,0,0,0,0,0,0,0,0,0,0,0,0,0,0,0,0,0,0,0,0,0,0,0,0,0,0,0,0,0,0
1989,237,20,43,17.473,2,8,0,-1,1,0,1,1,25,0,0,0,1028,0,0,0,0,0,1,1,0,0,0,108.9290924,0,0,0,0,3,1,1,1,100,0,0,0,3,1,1,0.1,3000,0,0,0,0,0,0,0,0,0,0,0,0,0,0,0,0,0,0,0,0,0,0,0,0,0,0,0,0,0,0,0,0,0,0,0,0,0,0,0,0,0,0,0,0,0,0,0,0,0,0,0
1989,237,20,44,30.553,2,8,0,-1,0,0,1,1,25,0,0,0,1028,0,0,0,0,0,1,1,0,0,0,109.0530832,0,0,0,0,3,1,1,1,100,0,0,0,3,1,1,0.1,3000,0,0,0,0,0,0,0,0,0,0,0,0,0,0,0,0,0,0,0,0,0,0,0,0,0,0,0,0,0,0,0,0,0,0,0,0,0,0,0,0,0,0,0,0,0,0,0,0,0,0,0
1989,237,20,44,53.473,2,8,0,-1,1,0,1,1,25,0,0,0,1028,0,0,0,0,0,1,1,0,0,0,109.0919688,0,0,0,0,3,1,1,1,100,0,0,0,3,1,1,0.1,3000,0,0,0,0,0,0,0,0,0,0,0,0,0,0,0,0,0,0,0,0,0,0,0,0,0,0,0,0,0,0,0,0,0,0,0,0,0,0,0,0,0,0,0,0,0,0,0,0,0,0,0
1989,237,20,46,6.553,2,8,0,-1,0,0,1,1,25,0,0,0,1028,0,0,0,0,0,1,1,0,0,0,109.2159563,0,0,0,0,3,1,1,1,100,0,0,0,3,1,1,0.1,3000,0,0,0,0,0,0,0,0,0,0,0,0,0,0,0,0,0,0,0,0,0,0,0,0,0,0,0,0,0,0,0,0,0,0,0,0,0,0,0,0,0,0,0,0,0,0,0,0,0,0,0
1989,237,20,46,29.473,2,8,0,-1,1,0,1,1,25,0,0,0,1028,0,0,0,0,0,1,1,0,0,0,109.2548407,0,0,0,0,3,1,1,1,100,0,0,0,3,1,1,0.1,3000,0,0,0,0,0,0,0,0,0,0,0,0,0,0,0,0,0,0,0,0,0,0,0,0,0,0,0,0,0,0,0,0,0,0,0,0,0,0,0,0,0,0,0,0,0,0,0,0,0,0,0
1989,237,20,47,42.553,2,8,0,-1,0,0,1,1,25,0,0,0,1028,0,0,0,0,0,1,1,0,0,0,109.3788241,0,0,0,0,3,1,1,1,100,0,0,0,3,1,1,0.1,3000,0,0,0,0,0,0,0,0,0,0,0,0,0,0,0,0,0,0,0,0,0,0,0,0,0,0,0,0,0,0,0,0,0,0,0,0,0,0,0,0,0,0,0,0,0,0,0,0,0,0,0
1989,237,20,48,5.473,2,8,0,-1,1,0,1,1,25,0,0,0,1028,0,0,0,0,0,1,1,0,0,0,109.417708,0,0,0,0,3,1,1,1,100,0,0,0,3,1,1,0.1,3000,0,0,0,0,0,0,0,0,0,0,0,0,0,0,0,0,0,0,0,0,0,0,0,0,0,0,0,0,0,0,0,0,0,0,0,0,0,0,0,0,0,0,0,0,0,0,0,0,0,0,0
1989,237,20,49,18.553,2,8,0,-1,0,0,1,1,25,0,0,0,1028,0,0,0,0,0,1,1,0,0,0,109.5416865,0,0,0,0,3,1,1,1,100,0,0,0,3,1,1,0.1,3000,0,0,0,0,0,0,0,0,0,0,0,0,0,0,0,0,0,0,0,0,0,0,0,0,0,0,0,0,0,0,0,0,0,0,0,0,0,0,0,0,0,0,0,0,0,0,0,0,0,0,0
1989,237,20,49,41.472,2,8,0,-1,1,0,1,1,25,0,0,0,1028,0,0,0,0,0,1,1,0,0,0,109.5805674,0,0,0,0,3,1,1,1,100,0,0,0,3,1,1,0.1,3000,0,0,0,0,0,0,0,0,0,0,0,0,0,0,0,0,0,0,0,0,0,0,0,0,0,0,0,0,0,0,0,0,0,0,0,0,0,0,0,0,0,0,0,0,0,0,0,0,0,0,0
1989,237,20,50,54.553,2,8,0,-1,0,0,1,1,25,0,0,0,1028,0,0,0,0,0,1,1,0,0,0,109.7045435,0,0,0,0,3,1,1,1,100,0,0,0,3,1,1,0.1,3000,0,0,0,0,0,0,0,0,0,0,0,0,0,0,0,0,0,0,0,0,0,0,0,0,0,0,0,0,0,0,0,0,0,0,0,0,0,0,0,0,0,0,0,0,0,0,0,0,0,0,0
1989,237,20,51,17.473,2,8,0,-1,1,0,1,1,25,0,0,0,1028,0,0,0,0,0,1,1,0,0,0,109.7434249,0,0,0,0,3,1,1,1,100,0,0,0,3,1,1,0.1,3000,0,0,0,0,0,0,0,0,0,0,0,0,0,0,0,0,0,0,0,0,0,0,0,0,0,0,0,0,0,0,0,0,0,0,0,0,0,0,0,0,0,0,0,0,0,0,0,0,0,0,0
1989,237,20,54,54.552,2,8,0,-1,0,0,1,1,25,0,0,0,1028,0,0,0,0,0,1,1,0,0,0,110.1116611,0,0,0,0,3,1,1,1,100,0,0,0,3,1,1,0.1,3000,0,0,0,0,0,0,0,0,0,0,0,0,0,0,0,0,0,0,0,0,0,0,0,0,0,0,0,0,0,0,0,0,0,0,0,0,0,0,0,0,0,0,0,0,0,0,0,0,0,0,0
1989,237,20,55,17.471,2,8,0,-1,1,0,1,1,25,0,0,0,1028,0,0,0,0,0,1,1,0,0,0,110.1505384,0,0,0,0,3,1,1,1,100,0,0,0,3,1,1,0.1,3000,0,0,0,0,0,0,0,0,0,0,0,0,0,0,0,0,0,0,0,0,0,0,0,0,0,0,0,0,0,0,0,0,0,0,0,0,0,0,0,0,0,0,0,0,0,0,0,0,0,0,0
1989,237,20,56,30.552,2,8,0,-1,0,0,1,1,25,0,0,0,1028,0,0,0,0,0,1,1,0,0,0,110.2744995,0,0,0,0,3,1,1,1,100,0,0,0,3,1,1,0.1,3000,0,0,0,0,0,0,0,0,0,0,0,0,0,0,0,0,0,0,0,0,0,0,0,0,0,0,0,0,0,0,0,0,0,0,0,0,0,0,0,0,0,0,0,0,0,0,0,0,0,0,0
1989,237,20,56,53.471,2,8,0,-1,1,0,1,1,25,0,0,0,1028,0,0,0,0,0,1,1,0,0,0,110.3133755,0,0,0,0,3,1,1,1,100,0,0,0,3,1,1,0.1,3000,0,0,0,0,0,0,0,0,0,0,0,0,0,0,0,0,0,0,0,0,0,0,0,0,0,0,0,0,0,0,0,0,0,0,0,0,0,0,0,0,0,0,0,0,0,0,0,0,0,0,0
1989,237,20,58,6.552,2,8,0,-1,0,0,1,1,25,0,0,0,1028,0,0,0,0,0,1,1,0,0,0,110.4373326,0,0,0,0,3,1,1,1,100,0,0,0,3,1,1,0.1,3000,0,0,0,0,0,0,0,0,0,0,0,0,0,0,0,0,0,0,0,0,0,0,0,0,0,0,0,0,0,0,0,0,0,0,0,0,0,0,0,0,0,0,0,0,0,0,0,0,0,0,0
1989,237,20,58,29.471,2,8,0,-1,1,0,1,1,25,0,0,0,1028,0,0,0,0,0,1,1,0,0,0,110.4762065,0,0,0,0,3,1,1,1,100,0,0,0,3,1,1,0.1,3000,0,0,0,0,0,0,0,0,0,0,0,0,0,0,0,0,0,0,0,0,0,0,0,0,0,0,0,0,0,0,0,0,0,0,0,0,0,0,0,0,0,0,0,0,0,0,0,0,0,0,0
1989,237,20,59,42.552,2,8,0,-1,0,0,1,1,25,0,0,0,1028,0,0,0,0,0,1,1,0,0,0,110.6001604,0,0,0,0,3,1,1,1,100,0,0,0,3,1,1,0.1,3000,0,0,0,0,0,0,0,0,0,0,0,0,0,0,0,0,0,0,0,0,0,0,0,0,0,0,0,0,0,0,0,0,0,0,0,0,0,0,0,0,0,0,0,0,0,0,0,0,0,0,0
1989,237,21,0,5.472,2,8,0,-1,1,0,1,1,25,0,0,0,1028,0,0,0,0,0,1,1,0,0,0,110.6390348,0,0,0,0,3,1,1,1,100,0,0,0,3,1,1,0.1,3000,0,0,0,0,0,0,0,0,0,0,0,0,0,0,0,0,0,0,0,0,0,0,0,0,0,0,0,0,0,0,0,0,0,0,0,0,0,0,0,0,0,0,0,0,0,0,0,0,0,0,0
1989,237,21,1,18.552,2,8,0,-1,0,0,1,1,25,0,0,0,1028,0,0,0,0,0,1,1,0,0,0,110.762983,0,0,0,0,3,1,1,1,100,0,0,0,3,1,1,0.1,3000,0,0,0,0,0,0,0,0,0,0,0,0,0,0,0,0,0,0,0,0,0,0,0,0,0,0,0,0,0,0,0,0,0,0,0,0,0,0,0,0,0,0,0,0,0,0,0,0,0,0,0
1989,237,21,1,41.471,2,8,0,-1,1,0,1,1,25,0,0,0,1028,0,0,0,0,0,1,1,0,0,0,110.8018544,0,0,0,0,3,1,1,1,100,0,0,0,3,1,1,0.1,3000,0,0,0,0,0,0,0,0,0,0,0,0,0,0,0,0,0,0,0,0,0,0,0,0,0,0,0,0,0,0,0,0,0,0,0,0,0,0,0,0,0,0,0,0,0,0,0,0,0,0,0
1989,237,21,2,54.552,2,8,0,-1,0,0,1,1,25,0,0,0,1028,0,0,0,0,0,1,1,0,0,0,110.9258003,0,0,0,0,3,1,1,1,100,0,0,0,3,1,1,0.1,3000,0,0,0,0,0,0,0,0,0,0,0,0,0,0,0,0,0,0,0,0,0,0,0,0,0,0,0,0,0,0,0,0,0,0,0,0,0,0,0,0,0,0,0,0,0,0,0,0,0,0,0
1989,237,21,3,17.472,2,8,0,-1,1,0,1,1,25,0,0,0,1028,0,0,0,0,0,1,1,0,0,0,110.9646713,0,0,0,0,3,1,1,1,100,0,0,0,3,1,1,0.1,3000,0,0,0,0,0,0,0,0,0,0,0,0,0,0,0,0,0,0,0,0,0,0,0,0,0,0,0,0,0,0,0,0,0,0,0,0,0,0,0,0,0,0,0,0,0,0,0,0,0,0,0
1989,237,21,6,54.551,2,8,0,-1,0,0,1,1,25,0,0,0,1028,0,0,0,0,0,1,1,0,0,0,111.3328191,0,0,0,0,3,1,1,1,100,0,0,0,3,1,1,0.1,3000,0,0,0,0,0,0,0,0,0,0,0,0,0,0,0,0,0,0,0,0,0,0,0,0,0,0,0,0,0,0,0,0,0,0,0,0,0,0,0,0,0,0,0,0,0,0,0,0,0,0,0
1989,237,21,7,17.47,2,8,0,-1,1,0,1,1,25,0,0,0,1028,0,0,0,0,0,1,1,0,0,0,111.3716871,0,0,0,0,3,1,1,1,100,0,0,0,3,1,1,0.1,3000,0,0,0,0,0,0,0,0,0,0,0,0,0,0,0,0,0,0,0,0,0,0,0,0,0,0,0,0,0,0,0,0,0,0,0,0,0,0,0,0,0,0,0,0,0,0,0,0,0,0,0
1989,237,21,8,30.551,2,8,0,-1,0,0,1,1,25,0,0,0,1028,0,0,0,0,0,1,1,0,0,0,111.4956183,0,0,0,0,3,1,1,1,100,0,0,0,3,1,1,0.1,3000,0,0,0,0,0,0,0,0,0,0,0,0,0,0,0,0,0,0,0,0,0,0,0,0,0,0,0,0,0,0,0,0,0,0,0,0,0,0,0,0,0,0,0,0,0,0,0,0,0,0,0
1989,237,21,8,53.47,2,8,0,-1,1,0,1,1,25,0,0,0,1028,0,0,0,0,0,1,1,0,0,0,111.5344849,0,0,0,0,3,1,1,1,100,0,0,0,3,1,1,0.1,3000,0,0,0,0,0,0,0,0,0,0,0,0,0,0,0,0,0,0,0,0,0,0,0,0,0,0,0,0,0,0,0,0,0,0,0,0,0,0,0,0,0,0,0,0,0,0,0,0,0,0,0
1989,237,21,10,6.551,2,8,0,-1,0,0,1,1,25,0,0,0,1028,0,0,0,0,0,1,1,0,0,0,111.6584122,0,0,0,0,3,1,1,1,100,0,0,0,3,1,1,0.1,3000,0,0,0,0,0,0,0,0,0,0,0,0,0,0,0,0,0,0,0,0,0,0,0,0,0,0,0,0,0,0,0,0,0,0,0,0,0,0,0,0,0,0,0,0,0,0,0,0,0,0,0
1989,237,21,10,29.47,2,8,0,-1,1,0,1,1,25,0,0,0,1028,0,0,0,0,0,1,1,0,0,0,111.6972768,0,0,0,0,3,1,1,1,100,0,0,0,3,1,1,0.1,3000,0,0,0,0,0,0,0,0,0,0,0,0,0,0,0,0,0,0,0,0,0,0,0,0,0,0,0,0,0,0,0,0,0,0,0,0,0,0,0,0,0,0,0,0,0,0,0,0,0,0,0
1989,237,21,11,42.551,2,8,0,-1,0,0,1,1,25,0,0,0,1028,0,0,0,0,0,1,1,0,0,0,111.821201,0,0,0,0,3,1,1,1,100,0,0,0,3,1,1,0.1,3000,0,0,0,0,0,0,0,0,0,0,0,0,0,0,0,0,0,0,0,0,0,0,0,0,0,0,0,0,0,0,0,0,0,0,0,0,0,0,0,0,0,0,0,0,0,0,0,0,0,0,0
1989,237,21,12,5.471,2,8,0,-1,1,0,1,1,25,0,0,0,1028,0,0,0,0,0,1,1,0,0,0,111.860066,0,0,0,0,3,1,1,1,100,0,0,0,3,1,1,0.1,3000,0,0,0,0,0,0,0,0,0,0,0,0,0,0,0,0,0,0,0,0,0,0,0,0,0,0,0,0,0,0,0,0,0,0,0,0,0,0,0,0,0,0,0,0,0,0,0,0,0,0,0
1989,237,21,13,18.551,2,8,0,-1,0,0,1,1,25,0,0,0,1028,0,0,0,0,0,1,1,0,0,0,111.9839846,0,0,0,0,3,1,1,1,100,0,0,0,3,1,1,0.1,3000,0,0,0,0,0,0,0,0,0,0,0,0,0,0,0,0,0,0,0,0,0,0,0,0,0,0,0,0,0,0,0,0,0,0,0,0,0,0,0,0,0,0,0,0,0,0,0,0,0,0,0
1989,237,21,13,41.47,2,8,0,-1,1,0,1,1,25,0,0,0,1028,0,0,0,0,0,1,1,0,0,0,112.0228468,0,0,0,0,3,1,1,1,100,0,0,0,3,1,1,0.1,3000,0,0,0,0,0,0,0,0,0,0,0,0,0,0,0,0,0,0,0,0,0,0,0,0,0,0,0,0,0,0,0,0,0,0,0,0,0,0,0,0,0,0,0,0,0,0,0,0,0,0,0
1989,237,21,14,54.551,2,8,0,-1,0,0,1,1,25,0,0,0,1028,0,0,0,0,0,1,1,0,0,0,112.1467632,0,0,0,0,3,1,1,1,100,0,0,0,3,1,1,0.1,3000,0,0,0,0,0,0,0,0,0,0,0,0,0,0,0,0,0,0,0,0,0,0,0,0,0,0,0,0,0,0,0,0,0,0,0,0,0,0,0,0,0,0,0,0,0,0,0,0,0,0,0
1989,237,21,15,17.47,2,8,0,-1,1,0,1,1,25,0,0,0,1028,0,0,0,0,0,1,1,0,0,0,112.1856249,0,0,0,0,3,1,1,1,100,0,0,0,3,1,1,0.1,3000,0,0,0,0,0,0,0,0,0,0,0,0,0,0,0,0,0,0,0,0,0,0,0,0,0,0,0,0,0,0,0,0,0,0,0,0,0,0,0,0,0,0,0,0,0,0,0,0,0,0,0
1989,237,21,18,54.55,2,8,0,-1,0,0,1,1,25,0,0,0,1028,0,0,0,0,0,1,1,0,0,0,112.5536854,0,0,0,0,3,1,1,1,100,0,0,0,3,1,1,0.1,3000,0,0,0,0,0,0,0,0,0,0,0,0,0,0,0,0,0,0,0,0,0,0,0,0,0,0,0,0,0,0,0,0,0,0,0,0,0,0,0,0,0,0,0,0,0,0,0,0,0,0,0
1989,237,21,19,17.47,2,8,0,-1,1,0,1,1,25,0,0,0,1028,0,0,0,0,0,1,1,0,0,0,112.5925442,0,0,0,0,3,1,1,1,100,0,0,0,3,1,1,0.1,3000,0,0,0,0,0,0,0,0,0,0,0,0,0,0,0,0,0,0,0,0,0,0,0,0,0,0,0,0,0,0,0,0,0,0,0,0,0,0,0,0,0,0,0,0,0,0,0,0,0,0,0
1989,237,21,20,30.55,2,8,0,-1,0,0,1,1,25,0,0,0,1028,0,0,0,0,0,1,1,0,0,0,112.7164461,0,0,0,0,3,1,1,1,100,0,0,0,3,1,1,0.1,3000,0,0,0,0,0,0,0,0,0,0,0,0,0,0,0,0,0,0,0,0,0,0,0,0,0,0,0,0,0,0,0,0,0,0,0,0,0,0,0,0,0,0,0,0,0,0,0,0,0,0,0
1989,237,21,20,53.47,2,8,0,-1,1,0,1,1,25,0,0,0,1028,0,0,0,0,0,1,1,0,0,0,112.7553037,0,0,0,0,3,1,1,1,100,0,0,0,3,1,1,0.1,3000,0,0,0,0,0,0,0,0,0,0,0,0,0,0,0,0,0,0,0,0,0,0,0,0,0,0,0,0,0,0,0,0,0,0,0,0,0,0,0,0,0,0,0,0,0,0,0,0,0,0,0
1989,237,21,22,6.55,2,8,0,-1,0,0,1,1,25,0,0,0,1028,0,0,0,0,0,1,1,0,0,0,112.8792018,0,0,0,0,3,1,1,1,100,0,0,0,3,1,1,0.1,3000,0,0,0,0,0,0,0,0,0,0,0,0,0,0,0,0,0,0,0,0,0,0,0,0,0,0,0,0,0,0,0,0,0,0,0,0,0,0,0,0,0,0,0,0,0,0,0,0,0,0,0
1989,237,21,22,29.469,2,8,0,-1,1,0,1,1,25,0,0,0,1028,0,0,0,0,0,1,1,0,0,0,112.9180573,0,0,0,0,3,1,1,1,100,0,0,0,3,1,1,0.1,3000,0,0,0,0,0,0,0,0,0,0,0,0,0,0,0,0,0,0,0,0,0,0,0,0,0,0,0,0,0,0,0,0,0,0,0,0,0,0,0,0,0,0,0,0,0,0,0,0,0,0,0
1989,237,21,23,42.55,2,8,0,-1,0,0,1,1,25,0,0,0,1028,0,0,0,0,0,1,1,0,0,0,113.0419524,0,0,0,0,3,1,1,1,100,0,0,0,3,1,1,0.1,3000,0,0,0,0,0,0,0,0,0,0,0,0,0,0,0,0,0,0,0,0,0,0,0,0,0,0,0,0,0,0,0,0,0,0,0,0,0,0,0,0,0,0,0,0,0,0,0,0,0,0,0
1989,237,21,24,5.47,2,8,0,-1,1,0,1,1,25,0,0,0,1028,0,0,0,0,0,1,1,0,0,0,113.0808084,0,0,0,0,3,1,1,1,100,0,0,0,3,1,1,0.1,3000,0,0,0,0,0,0,0,0,0,0,0,0,0,0,0,0,0,0,0,0,0,0,0,0,0,0,0,0,0,0,0,0,0,0,0,0,0,0,0,0,0,0,0,0,0,0,0,0,0,0,0
1989,237,21,25,18.55,2,8,0,-1,0,0,1,1,25,0,0,0,1028,0,0,0,0,0,1,1,0,0,0,113.204698,0,0,0,0,3,1,1,1,100,0,0,0,3,1,1,0.1,3000,0,0,0,0,0,0,0,0,0,0,0,0,0,0,0,0,0,0,0,0,0,0,0,0,0,0,0,0,0,0,0,0,0,0,0,0,0,0,0,0,0,0,0,0,0,0,0,0,0,0,0
1989,237,21,25,41.469,2,8,0,-1,1,0,1,1,25,0,0,0,1028,0,0,0,0,0,1,1,0,0,0,113.243551,0,0,0,0,3,1,1,1,100,0,0,0,3,1,1,0.1,3000,0,0,0,0,0,0,0,0,0,0,0,0,0,0,0,0,0,0,0,0,0,0,0,0,0,0,0,0,0,0,0,0,0,0,0,0,0,0,0,0,0,0,0,0,0,0,0,0,0,0,0
1989,237,21,26,54.55,2,8,0,-1,0,0,1,1,25,0,0,0,1028,0,0,0,0,0,1,1,0,0,0,113.3674385,0,0,0,0,3,1,1,1,100,0,0,0,3,1,1,0.1,3000,0,0,0,0,0,0,0,0,0,0,0,0,0,0,0,0,0,0,0,0,0,0,0,0,0,0,0,0,0,0,0,0,0,0,0,0,0,0,0,0,0,0,0,0,0,0,0,0,0,0,0
1989,237,21,27,17.47,2,8,0,-1,1,0,1,1,25,0,0,0,1028,0,0,0,0,0,1,1,0,0,0,113.4062913,0,0,0,0,3,1,1,1,100,0,0,0,3,1,1,0.1,3000,0,0,0,0,0,0,0,0,0,0,0,0,0,0,0,0,0,0,0,0,0,0,0,0,0,0,0,0,0,0,0,0,0,0,0,0,0,0,0,0,0,0,0,0,0,0,0,0,0,0,0
1989,237,21,30,54.55,2,8,0,-1,0,0,1,1,25,0,0,0,1028,0,0,0,0,0,1,1,0,0,0,113.7742681,0,0,0,0,3,1,1,1,100,0,0,0,3,1,1,0.1,3000,0,0,0,0,0,0,0,0,0,0,0,0,0,0,0,0,0,0,0,0,0,0,0,0,0,0,0,0,0,0,0,0,0,0,0,0,0,0,0,0,0,0,0,0,0,0,0,0,0,0,0
1989,237,21,31,17.47,2,8,0,-1,1,0,1,1,25,0,0,0,1028,0,0,0,0,0,1,1,0,0,0,113.8131179,0,0,0,0,3,1,1,1,100,0,0,0,3,1,1,0.1,3000,0,0,0,0,0,0,0,0,0,0,0,0,0,0,0,0,0,0,0,0,0,0,0,0,0,0,0,0,0,0,0,0,0,0,0,0,0,0,0,0,0,0,0,0,0,0,0,0,0,0,0
1989,237,21,32,30.549,2,8,0,-1,0,0,1,1,25,0,0,0,1028,0,0,0,0,0,1,1,0,0,0,113.9369896,0,0,0,0,3,1,1,1,100,0,0,0,3,1,1,0.1,3000,0,0,0,0,0,0,0,0,0,0,0,0,0,0,0,0,0,0,0,0,0,0,0,0,0,0,0,0,0,0,0,0,0,0,0,0,0,0,0,0,0,0,0,0,0,0,0,0,0,0,0
1989,237,21,32,53.469,2,8,0,-1,1,0,1,1,25,0,0,0,1028,0,0,0,0,0,1,1,0,0,0,113.9758381,0,0,0,0,3,1,1,1,100,0,0,0,3,1,1,0.1,3000,0,0,0,0,0,0,0,0,0,0,0,0,0,0,0,0,0,0,0,0,0,0,0,0,0,0,0,0,0,0,0,0,0,0,0,0,0,0,0,0,0,0,0,0,0,0,0,0,0,0,0
1989,237,21,34,6.549,2,8,0,-1,0,0,1,1,25,0,0,0,1028,0,0,0,0,0,1,1,0,0,0,114.0997077,0,0,0,0,3,1,1,1,100,0,0,0,3,1,1,0.1,3000,0,0,0,0,0,0,0,0,0,0,0,0,0,0,0,0,0,0,0,0,0,0,0,0,0,0,0,0,0,0,0,0,0,0,0,0,0,0,0,0,0,0,0,0,0,0,0,0,0,0,0
1989,237,21,34,29.469,2,8,0,-1,1,0,1,1,25,0,0,0,1028,0,0,0,0,0,1,1,0,0,0,114.1385551,0,0,0,0,3,1,1,1,100,0,0,0,3,1,1,0.1,3000,0,0,0,0,0,0,0,0,0,0,0,0,0,0,0,0,0,0,0,0,0,0,0,0,0,0,0,0,0,0,0,0,0,0,0,0,0,0,0,0,0,0,0,0,0,0,0,0,0,0,0
1989,237,21,35,42.549,2,8,0,-1,0,0,1,1,25,0,0,0,1028,0,0,0,0,0,1,1,0,0,0,114.262421,0,0,0,0,3,1,1,1,100,0,0,0,3,1,1,0.1,3000,0,0,0,0,0,0,0,0,0,0,0,0,0,0,0,0,0,0,0,0,0,0,0,0,0,0,0,0,0,0,0,0,0,0,0,0,0,0,0,0,0,0,0,0,0,0,0,0,0,0,0
1989,237,21,36,5.469,2,8,0,-1,1,0,1,1,25,0,0,0,1028,0,0,0,0,0,1,1,0,0,0,114.3012681,0,0,0,0,3,1,1,1,100,0,0,0,3,1,1,0.1,3000,0,0,0,0,0,0,0,0,0,0,0,0,0,0,0,0,0,0,0,0,0,0,0,0,0,0,0,0,0,0,0,0,0,0,0,0,0,0,0,0,0,0,0,0,0,0,0,0,0,0,0
1989,237,21,37,18.549,2,8,0,-1,0,0,1,1,25,0,0,0,1028,0,0,0,0,0,1,1,0,0,0,114.4251293,0,0,0,0,3,1,1,1,100,0,0,0,3,1,1,0.1,3000,0,0,0,0,0,0,0,0,0,0,0,0,0,0,0,0,0,0,0,0,0,0,0,0,0,0,0,0,0,0,0,0,0,0,0,0,0,0,0,0,0,0,0,0,0,0,0,0,0,0,0
1989,237,21,37,41.468,2,8,0,-1,1,0,1,1,25,0,0,0,1028,0,0,0,0,0,1,1,0,0,0,114.4639735,0,0,0,0,3,1,1,1,100,0,0,0,3,1,1,0.1,3000,0,0,0,0,0,0,0,0,0,0,0,0,0,0,0,0,0,0,0,0,0,0,0,0,0,0,0,0,0,0,0,0,0,0,0,0,0,0,0,0,0,0,0,0,0,0,0,0,0,0,0
1989,237,21,38,54.549,2,8,0,-1,0,0,1,1,25,0,0,0,1028,0,0,0,0,0,1,1,0,0,0,114.5878328,0,0,0,0,3,1,1,1,100,0,0,0,3,1,1,0.1,3000,0,0,0,0,0,0,0,0,0,0,0,0,0,0,0,0,0,0,0,0,0,0,0,0,0,0,0,0,0,0,0,0,0,0,0,0,0,0,0,0,0,0,0,0,0,0,0,0,0,0,0
1989,237,21,39,17.469,2,8,0,-1,1,0,1,1,25,0,0,0,1028,0,0,0,0,0,1,1,0,0,0,114.6266775,0,0,0,0,3,1,1,1,100,0,0,0,3,1,1,0.1,3000,0,0,0,0,0,0,0,0,0,0,0,0,0,0,0,0,0,0,0,0,0,0,0,0,0,0,0,0,0,0,0,0,0,0,0,0,0,0,0,0,0,0,0,0,0,0,0,0,0,0,0
1989,237,21,42,54.549,2,8,0,-1,0,0,1,1,25,0,0,0,1028,0,0,0,0,0,1,1,0,0,0,114.99457,0,0,0,0,3,1,1,1,100,0,0,0,3,1,1,0.1,3000,0,0,0,0,0,0,0,0,0,0,0,0,0,0,0,0,0,0,0,0,0,0,0,0,0,0,0,0,0,0,0,0,0,0,0,0,0,0,0,0,0,0,0,0,0,0,0,0,0,0,0
1989,237,21,43,17.469,2,8,0,-1,1,0,1,1,25,0,0,0,1028,0,0,0,0,0,1,1,0,0,0,115.0334118,0,0,0,0,3,1,1,1,100,0,0,0,3,1,1,0.1,3000,0,0,0,0,0,0,0,0,0,0,0,0,0,0,0,0,0,0,0,0,0,0,0,0,0,0,0,0,0,0,0,0,0,0,0,0,0,0,0,0,0,0,0,0,0,0,0,0,0,0,0
1989,237,21,44,30.549,2,8,0,-1,0,0,1,1,25,0,0,0,1028,0,0,0,0,0,1,1,0,0,0,115.1572555,0,0,0,0,3,1,1,1,100,0,0,0,3,1,1,0.1,3000,0,0,0,0,0,0,0,0,0,0,0,0,0,0,0,0,0,0,0,0,0,0,0,0,0,0,0,0,0,0,0,0,0,0,0,0,0,0,0,0,0,0,0,0,0,0,0,0,0,0,0
1989,237,21,44,53.468,2,8,0,-1,1,0,1,1,25,0,0,0,1028,0,0,0,0,0,1,1,0,0,0,115.1960953,0,0,0,0,3,1,1,1,100,0,0,0,3,1,1,0.1,3000,0,0,0,0,0,0,0,0,0,0,0,0,0,0,0,0,0,0,0,0,0,0,0,0,0,0,0,0,0,0,0,0,0,0,0,0,0,0,0,0,0,0,0,0,0,0,0,0,0,0,0
1989,237,21,46,6.548,2,8,0,-1,0,0,1,1,25,0,0,0,1028,0,0,0,0,0,1,1,0,0,0,115.3199362,0,0,0,0,3,1,1,1,100,0,0,0,3,1,1,0.1,3000,0,0,0,0,0,0,0,0,0,0,0,0,0,0,0,0,0,0,0,0,0,0,0,0,0,0,0,0,0,0,0,0,0,0,0,0,0,0,0,0,0,0,0,0,0,0,0,0,0,0,0
1989,237,21,46,29.468,2,8,0,-1,1,0,1,1,25,0,0,0,1028,0,0,0,0,0,1,1,0,0,0,115.3587749,0,0,0,0,3,1,1,1,100,0,0,0,3,1,1,0.1,3000,0,0,0,0,0,0,0,0,0,0,0,0,0,0,0,0,0,0,0,0,0,0,0,0,0,0,0,0,0,0,0,0,0,0,0,0,0,0,0,0,0,0,0,0,0,0,0,0,0,0,0
1989,237,21,47,42.548,2,8,0,-1,0,0,1,1,25,0,0,0,1028,0,0,0,0,0,1,1,0,0,0,115.4826129,0,0,0,0,3,1,1,1,100,0,0,0,3,1,1,0.1,3000,0,0,0,0,0,0,0,0,0,0,0,0,0,0,0,0,0,0,0,0,0,0,0,0,0,0,0,0,0,0,0,0,0,0,0,0,0,0,0,0,0,0,0,0,0,0,0,0,0,0,0
1989,237,21,48,5.468,2,8,0,-1,1,0,1,1,25,0,0,0,1028,0,0,0,0,0,1,1,0,0,0,115.5214513,0,0,0,0,3,1,1,1,100,0,0,0,3,1,1,0.1,3000,0,0,0,0,0,0,0,0,0,0,0,0,0,0,0,0,0,0,0,0,0,0,0,0,0,0,0,0,0,0,0,0,0,0,0,0,0,0,0,0,0,0,0,0,0,0,0,0,0,0,0
1989,237,21,49,18.548,2,8,0,-1,0,0,1,1,25,0,0,0,1028,0,0,0,0,0,1,1,0,0,0,115.6452848,0,0,0,0,3,1,1,1,100,0,0,0,3,1,1,0.1,3000,0,0,0,0,0,0,0,0,0,0,0,0,0,0,0,0,0,0,0,0,0,0,0,0,0,0,0,0,0,0,0,0,0,0,0,0,0,0,0,0,0,0,0,0,0,0,0,0,0,0,0
1989,237,21,49,41.467,2,8,0,-1,1,0,1,1,25,0,0,0,1028,0,0,0,0,0,1,1,0,0,0,115.6841204,0,0,0,0,3,1,1,1,100,0,0,0,3,1,1,0.1,3000,0,0,0,0,0,0,0,0,0,0,0,0,0,0,0,0,0,0,0,0,0,0,0,0,0,0,0,0,0,0,0,0,0,0,0,0,0,0,0,0,0,0,0,0,0,0,0,0,0,0,0
1989,237,21,50,54.548,2,8,0,-1,0,0,1,1,25,0,0,0,1028,0,0,0,0,0,1,1,0,0,0,115.8079519,0,0,0,0,3,1,1,1,100,0,0,0,3,1,1,0.1,3000,0,0,0,0,0,0,0,0,0,0,0,0,0,0,0,0,0,0,0,0,0,0,0,0,0,0,0,0,0,0,0,0,0,0,0,0,0,0,0,0,0,0,0,0,0,0,0,0,0,0,0
1989,237,21,51,17.468,2,8,0,-1,1,0,1,1,25,0,0,0,1028,0,0,0,0,0,1,1,0,0,0,115.846788,0,0,0,0,3,1,1,1,100,0,0,0,3,1,1,0.1,3000,0,0,0,0,0,0,0,0,0,0,0,0,0,0,0,0,0,0,0,0,0,0,0,0,0,0,0,0,0,0,0,0,0,0,0,0,0,0,0,0,0,0,0,0,0,0,0,0,0,0,0
1989,237,21,54,54.548,2,8,0,-1,0,0,1,1,25,0,0,0,1028,0,0,0,0,0,1,1,0,0,0,116.2145988,0,0,0,0,3,1,1,1,100,0,0,0,3,1,1,0.1,3000,0,0,0,0,0,0,0,0,0,0,0,0,0,0,0,0,0,0,0,0,0,0,0,0,0,0,0,0,0,0,0,0,0,0,0,0,0,0,0,0,0,0,0,0,0,0,0,0,0,0,0
1989,237,21,55,17.468,2,8,0,-1,1,0,1,1,25,0,0,0,1028,0,0,0,0,0,1,1,0,0,0,116.253432,0,0,0,0,3,1,1,1,100,0,0,0,3,1,1,0.1,3000,0,0,0,0,0,0,0,0,0,0,0,0,0,0,0,0,0,0,0,0,0,0,0,0,0,0,0,0,0,0,0,0,0,0,0,0,0,0,0,0,0,0,0,0,0,0,0,0,0,0,0
1989,237,21,56,30.548,2,8,0,-1,0,0,1,1,25,0,0,0,1028,0,0,0,0,0,1,1,0,0,0,116.3772492,0,0,0,0,3,1,1,1,100,0,0,0,3,1,1,0.1,3000,0,0,0,0,0,0,0,0,0,0,0,0,0,0,0,0,0,0,0,0,0,0,0,0,0,0,0,0,0,0,0,0,0,0,0,0,0,0,0,0,0,0,0,0,0,0,0,0,0,0,0
1989,237,21,56,53.467,2,8,0,-1,1,0,1,1,25,0,0,0,1028,0,0,0,0,0,1,1,0,0,0,116.4160805,0,0,0,0,3,1,1,1,100,0,0,0,3,1,1,0.1,3000,0,0,0,0,0,0,0,0,0,0,0,0,0,0,0,0,0,0,0,0,0,0,0,0,0,0,0,0,0,0,0,0,0,0,0,0,0,0,0,0,0,0,0,0,0,0,0,0,0,0,0
1989,237,21,58,6.547,2,8,0,-1,0,0,1,1,25,0,0,0,1028,0,0,0,0,0,1,1,0,0,0,116.5398932,0,0,0,0,3,1,1,1,100,0,0,0,3,1,1,0.1,3000,0,0,0,0,0,0,0,0,0,0,0,0,0,0,0,0,0,0,0,0,0,0,0,0,0,0,0,0,0,0,0,0,0,0,0,0,0,0,0,0,0,0,0,0,0,0,0,0,0,0,0
1989,237,21,58,29.466,2,8,0,-1,1,0,1,1,25,0,0,0,1028,0,0,0,0,0,1,1,0,0,0,116.5787233,0,0,0,0,3,1,1,1,100,0,0,0,3,1,1,0.1,3000,0,0,0,0,0,0,0,0,0,0,0,0,0,0,0,0,0,0,0,0,0,0,0,0,0,0,0,0,0,0,0,0,0,0,0,0,0,0,0,0,0,0,0,0,0,0,0,0,0,0,0
1989,237,21,59,42.547,2,8,0,-1,0,0,1,1,25,0,0,0,1028,0,0,0,0,0,1,1,0,0,0,116.7025342,0,0,0,0,3,1,1,1,100,0,0,0,3,1,1,0.1,3000,0,0,0,0,0,0,0,0,0,0,0,0,0,0,0,0,0,0,0,0,0,0,0,0,0,0,0,0,0,0,0,0,0,0,0,0,0,0,0,0,0,0,0,0,0,0,0,0,0,0,0
1989,237,22,0,5.467,2,8,0,-1,1,0,1,1,25,0,0,0,1028,0,0,0,0,0,1,1,0,0,0,116.741364,0,0,0,0,3,1,1,1,100,0,0,0,3,1,1,0.1,3000,0,0,0,0,0,0,0,0,0,0,0,0,0,0,0,0,0,0,0,0,0,0,0,0,0,0,0,0,0,0,0,0,0,0,0,0,0,0,0,0,0,0,0,0,0,0,0,0,0,0,0
1989,237,22,1,18.547,2,8,0,-1,0,0,1,1,25,0,0,0,1028,0,0,0,0,0,1,1,0,0,0,116.8651704,0,0,0,0,3,1,1,1,100,0,0,0,3,1,1,0.1,3000,0,0,0,0,0,0,0,0,0,0,0,0,0,0,0,0,0,0,0,0,0,0,0,0,0,0,0,0,0,0,0,0,0,0,0,0,0,0,0,0,0,0,0,0,0,0,0,0,0,0,0
1989,237,22,1,41.466,2,8,0,-1,1,0,1,1,25,0,0,0,1028,0,0,0,0,0,1,1,0,0,0,116.9039983,0,0,0,0,3,1,1,1,100,0,0,0,3,1,1,0.1,3000,0,0,0,0,0,0,0,0,0,0,0,0,0,0,0,0,0,0,0,0,0,0,0,0,0,0,0,0,0,0,0,0,0,0,0,0,0,0,0,0,0,0,0,0,0,0,0,0,0,0,0
1989,237,22,2,54.547,2,8,0,-1,0,0,1,1,25,0,0,0,1028,0,0,0,0,0,1,1,0,0,0,117.0278019,0,0,0,0,3,1,1,1,100,0,0,0,3,1,1,0.1,3000,0,0,0,0,0,0,0,0,0,0,0,0,0,0,0,0,0,0,0,0,0,0,0,0,0,0,0,0,0,0,0,0,0,0,0,0,0,0,0,0,0,0,0,0,0,0,0,0,0,0,0
1989,237,22,3,17.467,2,8,0,-1,1,0,1,1,25,0,0,0,1028,0,0,0,0,0,1,1,0,0,0,117.0666295,0,0,0,0,3,1,1,1,100,0,0,0,3,1,1,0.1,3000,0,0,0,0,0,0,0,0,0,0,0,0,0,0,0,0,0,0,0,0,0,0,0,0,0,0,0,0,0,0,0,0,0,0,0,0,0,0,0,0,0,0,0,0,0,0,0,0,0,0,0
1989,237,22,6,54.547,2,8,0,-1,0,0,1,1,25,0,0,0,1028,0,0,0,0,0,1,1,0,0,0,117.4343603,0,0,0,0,3,1,1,1,100,0,0,0,3,1,1,0.1,3000,0,0,0,0,0,0,0,0,0,0,0,0,0,0,0,0,0,0,0,0,0,0,0,0,0,0,0,0,0,0,0,0,0,0,0,0,0,0,0,0,0,0,0,0,0,0,0,0,0,0,0
1989,237,22,8,30.547,2,8,0,-1,0,0,1,1,25,0,0,0,1028,0,0,0,0,0,1,1,0,0,0,117.5969756,0,0,0,0,3,1,1,1,100,0,0,0,3,1,1,0.1,3000,0,0,0,0,0,0,0,0,0,0,0,0,0,0,0,0,0,0,0,0,0,0,0,0,0,0,0,0,0,0,0,0,0,0,0,0,0,0,0,0,0,0,0,0,0,0,0,0,0,0,0
1989,237,22,8,53.467,2,8,0,-1,1,0,1,1,25,0,0,0,1028,0,0,0,0,0,1,1,0,0,0,117.6357993,0,0,0,0,3,1,1,1,100,0,0,0,3,1,1,0.1,3000,0,0,0,0,0,0,0,0,0,0,0,0,0,0,0,0,0,0,0,0,0,0,0,0,0,0,0,0,0,0,0,0,0,0,0,0,0,0,0,0,0,0,0,0,0,0,0,0,0,0,0
1989,237,22,10,6.546,2,8,0,-1,0,0,1,1,25,0,0,0,1028,0,0,0,0,0,1,1,0,0,0,117.7595853,0,0,0,0,3,1,1,1,100,0,0,0,3,1,1,0.1,3000,0,0,0,0,0,0,0,0,0,0,0,0,0,0,0,0,0,0,0,0,0,0,0,0,0,0,0,0,0,0,0,0,0,0,0,0,0,0,0,0,0,0,0,0,0,0,0,0,0,0,0
1989,237,22,10,29.466,2,8,0,-1,1,0,1,1,25,0,0,0,1028,0,0,0,0,0,1,1,0,0,0,117.798407,0,0,0,0,3,1,1,1,100,0,0,0,3,1,1,0.1,3000,0,0,0,0,0,0,0,0,0,0,0,0,0,0,0,0,0,0,0,0,0,0,0,0,0,0,0,0,0,0,0,0,0,0,0,0,0,0,0,0,0,0,0,0,0,0,0,0,0,0,0
1989,237,22,11,42.546,2,8,0,-1,0,0,1,1,25,0,0,0,1028,0,0,0,0,0,1,1,0,0,0,117.9221904,0,0,0,0,3,1,1,1,100,0,0,0,3,1,1,0.1,3000,0,0,0,0,0,0,0,0,0,0,0,0,0,0,0,0,0,0,0,0,0,0,0,0,0,0,0,0,0,0,0,0,0,0,0,0,0,0,0,0,0,0,0,0,0,0,0,0,0,0,0
1989,237,22,12,5.466,2,8,0,-1,1,0,1,1,25,0,0,0,1028,0,0,0,0,0,1,1,0,0,0,117.9610119,0,0,0,0,3,1,1,1,100,0,0,0,3,1,1,0.1,3000,0,0,0,0,0,0,0,0,0,0,0,0,0,0,0,0,0,0,0,0,0,0,0,0,0,0,0,0,0,0,0,0,0,0,0,0,0,0,0,0,0,0,0,0,0,0,0,0,0,0,0
1989,237,22,13,18.546,2,8,0,-1,0,0,1,1,25,0,0,0,1028,0,0,0,0,0,1,1,0,0,0,118.0847917,0,0,0,0,3,1,1,1,100,0,0,0,3,1,1,0.1,3000,0,0,0,0,0,0,0,0,0,0,0,0,0,0,0,0,0,0,0,0,0,0,0,0,0,0,0,0,0,0,0,0,0,0,0,0,0,0,0,0,0,0,0,0,0,0,0,0,0,0,0
1989,237,22,13,41.466,2,8,0,-1,1,0,1,1,25,0,0,0,1028,0,0,0,0,0,1,1,0,0,0,118.1236121,0,0,0,0,3,1,1,1,100,0,0,0,3,1,1,0.1,3000,0,0,0,0,0,0,0,0,0,0,0,0,0,0,0,0,0,0,0,0,0,0,0,0,0,0,0,0,0,0,0,0,0,0,0,0,0,0,0,0,0,0,0,0,0,0,0,0,0,0,0
1989,237,22,14,54.546,2,8,0,-1,0,0,1,1,25,0,0,0,1028,0,0,0,0,0,1,1,0,0,0,118.2473885,0,0,0,0,3,1,1,1,100,0,0,0,3,1,1,0.1,3000,0,0,0,0,0,0,0,0,0,0,0,0,0,0,0,0,0,0,0,0,0,0,0,0,0,0,0,0,0,0,0,0,0,0,0,0,0,0,0,0,0,0,0,0,0,0,0,0,0,0,0
1989,237,22,15,17.466,2,8,0,-1,1,0,1,1,25,0,0,0,1028,0,0,0,0,0,1,1,0,0,0,118.2862078,0,0,0,0,3,1,1,1,100,0,0,0,3,1,1,0.1,3000,0,0,0,0,0,0,0,0,0,0,0,0,0,0,0,0,0,0,0,0,0,0,0,0,0,0,0,0,0,0,0,0,0,0,0,0,0,0,0,0,0,0,0,0,0,0,0,0,0,0,0
1989,237,22,18,54.546,2,8,0,-1,0,0,1,1,25,0,0,0,1028,0,0,0,0,0,1,1,0,0,0,118.6538603,0,0,0,0,3,1,1,1,100,0,0,0,3,1,1,0.1,3000,0,0,0,0,0,0,0,0,0,0,0,0,0,0,0,0,0,0,0,0,0,0,0,0,0,0,0,0,0,0,0,0,0,0,0,0,0,0,0,0,0,0,0,0,0,0,0,0,0,0,0
1989,237,22,19,17.466,2,8,0,-1,1,0,1,1,25,0,0,0,1028,0,0,0,0,0,1,1,0,0,0,118.6926768,0,0,0,0,3,1,1,1,100,0,0,0,3,1,1,0.1,3000,0,0,0,0,0,0,0,0,0,0,0,0,0,0,0,0,0,0,0,0,0,0,0,0,0,0,0,0,0,0,0,0,0,0,0,0,0,0,0,0,0,0,0,0,0,0,0,0,0,0,0
1989,237,22,20,30.546,2,8,0,-1,0,0,1,1,25,0,0,0,1028,0,0,0,0,0,1,1,0,0,0,118.816441,0,0,0,0,3,1,1,1,100,0,0,0,3,1,1,0.1,3000,0,0,0,0,0,0,0,0,0,0,0,0,0,0,0,0,0,0,0,0,0,0,0,0,0,0,0,0,0,0,0,0,0,0,0,0,0,0,0,0,0,0,0,0,0,0,0,0,0,0,0
1989,237,22,20,53.466,2,8,0,-1,1,0,1,1,25,0,0,0,1028,0,0,0,0,0,1,1,0,0,0,118.8552565,0,0,0,0,3,1,1,1,100,0,0,0,3,1,1,0.1,3000,0,0,0,0,0,0,0,0,0,0,0,0,0,0,0,0,0,0,0,0,0,0,0,0,0,0,0,0,0,0,0,0,0,0,0,0,0,0,0,0,0,0,0,0,0,0,0,0,0,0,0
1989,237,22,22,6.546,2,8,0,-1,0,0,1,1,25,0,0,0,1028,0,0,0,0,0,1,1,0,0,0,118.9790172,0,0,0,0,3,1,1,1,100,0,0,0,3,1,1,0.1,3000,0,0,0,0,0,0,0,0,0,0,0,0,0,0,0,0,0,0,0,0,0,0,0,0,0,0,0,0,0,0,0,0,0,0,0,0,0,0,0,0,0,0,0,0,0,0,0,0,0,0,0
1989,237,22,22,29.466,2,8,0,-1,1,0,1,1,25,0,0,0,1028,0,0,0,0,0,1,1,0,0,0,119.0178316,0,0,0,0,3,1,1,1,100,0,0,0,3,1,1,0.1,3000,0,0,0,0,0,0,0,0,0,0,0,0,0,0,0,0,0,0,0,0,0,0,0,0,0,0,0,0,0,0,0,0,0,0,0,0,0,0,0,0,0,0,0,0,0,0,0,0,0,0,0
1989,237,22,23,42.545,2,8,0,-1,0,0,1,1,25,0,0,0,1028,0,0,0,0,0,1,1,0,0,0,119.1415872,0,0,0,0,3,1,1,1,100,0,0,0,3,1,1,0.1,3000,0,0,0,0,0,0,0,0,0,0,0,0,0,0,0,0,0,0,0,0,0,0,0,0,0,0,0,0,0,0,0,0,0,0,0,0,0,0,0,0,0,0,0,0,0,0,0,0,0,0,0
1989,237,22,24,5.465,2,8,0,-1,1,0,1,1,25,0,0,0,1028,0,0,0,0,0,1,1,0,0,0,119.1804005,0,0,0,0,3,1,1,1,100,0,0,0,3,1,1,0.1,3000,0,0,0,0,0,0,0,0,0,0,0,0,0,0,0,0,0,0,0,0,0,0,0,0,0,0,0,0,0,0,0,0,0,0,0,0,0,0,0,0,0,0,0,0,0,0,0,0,0,0,0
1989,237,22,25,18.545,2,8,0,-1,0,0,1,1,25,0,0,0,1028,0,0,0,0,0,1,1,0,0,0,119.3041544,0,0,0,0,3,1,1,1,100,0,0,0,3,1,1,0.1,3000,0,0,0,0,0,0,0,0,0,0,0,0,0,0,0,0,0,0,0,0,0,0,0,0,0,0,0,0,0,0,0,0,0,0,0,0,0,0,0,0,0,0,0,0,0,0,0,0,0,0,0
1989,237,22,25,41.465,2,8,0,-1,1,0,1,1,25,0,0,0,1028,0,0,0,0,0,1,1,0,0,0,119.3429666,0,0,0,0,3,1,1,1,100,0,0,0,3,1,1,0.1,3000,0,0,0,0,0,0,0,0,0,0,0,0,0,0,0,0,0,0,0,0,0,0,0,0,0,0,0,0,0,0,0,0,0,0,0,0,0,0,0,0,0,0,0,0,0,0,0,0,0,0,0
1989,237,22,26,54.545,2,8,0,-1,0,0,1,1,25,0,0,0,1028,0,0,0,0,0,1,1,0,0,0,119.466717,0,0,0,0,3,1,1,1,100,0,0,0,3,1,1,0.1,3000,0,0,0,0,0,0,0,0,0,0,0,0,0,0,0,0,0,0,0,0,0,0,0,0,0,0,0,0,0,0,0,0,0,0,0,0,0,0,0,0,0,0,0,0,0,0,0,0,0,0,0
1989,237,22,27,17.465,2,8,0,-1,1,0,1,1,25,0,0,0,1028,0,0,0,0,0,1,1,0,0,0,119.5055274,0,0,0,0,3,1,1,1,100,0,0,0,3,1,1,0.1,3000,0,0,0,0,0,0,0,0,0,0,0,0,0,0,0,0,0,0,0,0,0,0,0,0,0,0,0,0,0,0,0,0,0,0,0,0,0,0,0,0,0,0,0,0,0,0,0,0,0,0,0
1989,237,22,30,54.545,2,8,0,-1,0,0,1,1,25,0,0,0,1028,0,0,0,0,0,1,1,0,0,0,119.8731041,0,0,0,0,3,1,1,1,100,0,0,0,3,1,1,0.1,3000,0,0,0,0,0,0,0,0,0,0,0,0,0,0,0,0,0,0,0,0,0,0,0,0,0,0,0,0,0,0,0,0,0,0,0,0,0,0,0,0,0,0,0,0,0,0,0,0,0,0,0
1989,237,22,31,17.465,2,8,0,-1,1,0,1,1,25,0,0,0,1028,0,0,0,0,0,1,1,0,0,0,119.9119117,0,0,0,0,3,1,1,1,100,0,0,0,3,1,1,0.1,3000,0,0,0,0,0,0,0,0,0,0,0,0,0,0,0,0,0,0,0,0,0,0,0,0,0,0,0,0,0,0,0,0,0,0,0,0,0,0,0,0,0,0,0,0,0,0,0,0,0,0,0
1989,237,22,32,30.545,2,8,0,-1,0,0,1,1,25,0,0,0,1028,0,0,0,0,0,1,1,0,0,0,120.0356511,0,0,0,0,3,1,1,1,100,0,0,0,3,1,1,0.1,3000,0,0,0,0,0,0,0,0,0,0,0,0,0,0,0,0,0,0,0,0,0,0,0,0,0,0,0,0,0,0,0,0,0,0,0,0,0,0,0,0,0,0,0,0,0,0,0,0,0,0,0
1989,237,22,32,53.465,2,8,0,-1,1,0,1,1,25,0,0,0,1028,0,0,0,0,0,1,1,0,0,0,120.0744585,0,0,0,0,3,1,1,1,100,0,0,0,3,1,1,0.1,3000,0,0,0,0,0,0,0,0,0,0,0,0,0,0,0,0,0,0,0,0,0,0,0,0,0,0,0,0,0,0,0,0,0,0,0,0,0,0,0,0,0,0,0,0,0,0,0,0,0,0,0
1989,237,22,34,6.545,2,8,0,-1,0,0,1,1,25,0,0,0,1028,0,0,0,0,0,1,1,0,0,0,120.1981936,0,0,0,0,3,1,1,1,100,0,0,0,3,1,1,0.1,3000,0,0,0,0,0,0,0,0,0,0,0,0,0,0,0,0,0,0,0,0,0,0,0,0,0,0,0,0,0,0,0,0,0,0,0,0,0,0,0,0,0,0,0,0,0,0,0,0,0,0,0
1989,237,22,34,29.465,2,8,0,-1,1,0,1,1,25,0,0,0,1028,0,0,0,0,0,1,1,0,0,0,120.2369991,0,0,0,0,3,1,1,1,100,0,0,0,3,1,1,0.1,3000,0,0,0,0,0,0,0,0,0,0,0,0,0,0,0,0,0,0,0,0,0,0,0,0,0,0,0,0,0,0,0,0,0,0,0,0,0,0,0,0,0,0,0,0,0,0,0,0,0,0,0
1989,237,22,35,42.544,2,8,0,-1,0,0,1,1,25,0,0,0,1028,0,0,0,0,0,1,1,0,0,0,120.3607309,0,0,0,0,3,1,1,1,100,0,0,0,3,1,1,0.1,3000,0,0,0,0,0,0,0,0,0,0,0,0,0,0,0,0,0,0,0,0,0,0,0,0,0,0,0,0,0,0,0,0,0,0,0,0,0,0,0,0,0,0,0,0,0,0,0,0,0,0,0
1989,237,22,36,5.465,2,8,0,-1,1,0,1,1,25,0,0,0,1028,0,0,0,0,0,1,1,0,0,0,120.3995362,0,0,0,0,3,1,1,1,100,0,0,0,3,1,1,0.1,3000,0,0,0,0,0,0,0,0,0,0,0,0,0,0,0,0,0,0,0,0,0,0,0,0,0,0,0,0,0,0,0,0,0,0,0,0,0,0,0,0,0,0,0,0,0,0,0,0,0,0,0
1989,237,22,37,18.544,2,8,0,-1,0,0,1,1,25,0,0,0,1028,0,0,0,0,0,1,1,0,0,0,120.5232637,0,0,0,0,3,1,1,1,100,0,0,0,3,1,1,0.1,3000,0,0,0,0,0,0,0,0,0,0,0,0,0,0,0,0,0,0,0,0,0,0,0,0,0,0,0,0,0,0,0,0,0,0,0,0,0,0,0,0,0,0,0,0,0,0,0,0,0,0,0
1989,237,22,37,41.464,2,8,0,-1,1,0,1,1,25,0,0,0,1028,0,0,0,0,0,1,1,0,0,0,120.562068,0,0,0,0,3,1,1,1,100,0,0,0,3,1,1,0.1,3000,0,0,0,0,0,0,0,0,0,0,0,0,0,0,0,0,0,0,0,0,0,0,0,0,0,0,0,0,0,0,0,0,0,0,0,0,0,0,0,0,0,0,0,0,0,0,0,0,0,0,0
1989,237,22,38,54.544,2,8,0,-1,0,0,1,1,25,0,0,0,1028,0,0,0,0,0,1,1,0,0,0,120.685793,0,0,0,0,3,1,1,1,100,0,0,0,3,1,1,0.1,3000,0,0,0,0,0,0,0,0,0,0,0,0,0,0,0,0,0,0,0,0,0,0,0,0,0,0,0,0,0,0,0,0,0,0,0,0,0,0,0,0,0,0,0,0,0,0,0,0,0,0,0
1989,237,22,39,17.464,2,8,0,-1,1,0,1,1,25,0,0,0,1028,0,0,0,0,0,1,1,0,0,0,120.7245954,0,0,0,0,3,1,1,1,100,0,0,0,3,1,1,0.1,3000,0,0,0,0,0,0,0,0,0,0,0,0,0,0,0,0,0,0,0,0,0,0,0,0,0,0,0,0,0,0,0,0,0,0,0,0,0,0,0,0,0,0,0,0,0,0,0,0,0,0,0
1989,237,22,42,54.544,2,8,0,-1,0,0,1,1,25,0,0,0,1028,0,0,0,0,0,1,1,0,0,0,121.092097,0,0,0,0,3,1,1,1,100,0,0,0,3,1,1,0.1,3000,0,0,0,0,0,0,0,0,0,0,0,0,0,0,0,0,0,0,0,0,0,0,0,0,0,0,0,0,0,0,0,0,0,0,0,0,0,0,0,0,0,0,0,0,0,0,0,0,0,0,0
1989,237,22,43,17.463,2,8,0,-1,1,0,1,1,25,0,0,0,1028,0,0,0,0,0,1,1,0,0,0,121.1308967,0,0,0,0,3,1,1,1,100,0,0,0,3,1,1,0.1,3000,0,0,0,0,0,0,0,0,0,0,0,0,0,0,0,0,0,0,0,0,0,0,0,0,0,0,0,0,0,0,0,0,0,0,0,0,0,0,0,0,0,0,0,0,0,0,0,0,0,0,0
1989,237,22,44,30.544,2,8,0,-1,0,0,1,1,25,0,0,0,1028,0,0,0,0,0,1,1,0,0,0,121.2546109,0,0,0,0,3,1,1,1,100,0,0,0,3,1,1,0.1,3000,0,0,0,0,0,0,0,0,0,0,0,0,0,0,0,0,0,0,0,0,0,0,0,0,0,0,0,0,0,0,0,0,0,0,0,0,0,0,0,0,0,0,0,0,0,0,0,0,0,0,0
1989,237,22,44,53.464,2,8,0,-1,1,0,1,1,25,0,0,0,1028,0,0,0,0,0,1,1,0,0,0,121.2934105,0,0,0,0,3,1,1,1,100,0,0,0,3,1,1,0.1,3000,0,0,0,0,0,0,0,0,0,0,0,0,0,0,0,0,0,0,0,0,0,0,0,0,0,0,0,0,0,0,0,0,0,0,0,0,0,0,0,0,0,0,0,0,0,0,0,0,0,0,0
1989,237,22,46,6.544,2,8,0,-1,0,0,1,1,25,0,0,0,1028,0,0,0,0,0,1,1,0,0,0,121.4171205,0,0,0,0,3,1,1,1,100,0,0,0,3,1,1,0.1,3000,0,0,0,0,0,0,0,0,0,0,0,0,0,0,0,0,0,0,0,0,0,0,0,0,0,0,0,0,0,0,0,0,0,0,0,0,0,0,0,0,0,0,0,0,0,0,0,0,0,0,0
1989,237,22,46,29.463,2,8,0,-1,1,0,1,1,25,0,0,0,1028,0,0,0,0,0,1,1,0,0,0,121.4559182,0,0,0,0,3,1,1,1,100,0,0,0,3,1,1,0.1,3000,0,0,0,0,0,0,0,0,0,0,0,0,0,0,0,0,0,0,0,0,0,0,0,0,0,0,0,0,0,0,0,0,0,0,0,0,0,0,0,0,0,0,0,0,0,0,0,0,0,0,0
1989,237,22,47,42.544,2,8,0,-1,0,0,1,1,25,0,0,0,1028,0,0,0,0,0,1,1,0,0,0,121.5796257,0,0,0,0,3,1,1,1,100,0,0,0,3,1,1,0.1,3000,0,0,0,0,0,0,0,0,0,0,0,0,0,0,0,0,0,0,0,0,0,0,0,0,0,0,0,0,0,0,0,0,0,0,0,0,0,0,0,0,0,0,0,0,0,0,0,0,0,0,0
1989,237,22,48,5.464,2,8,0,-1,1,0,1,1,25,0,0,0,1028,0,0,0,0,0,1,1,0,0,0,121.6184232,0,0,0,0,3,1,1,1,100,0,0,0,3,1,1,0.1,3000,0,0,0,0,0,0,0,0,0,0,0,0,0,0,0,0,0,0,0,0,0,0,0,0,0,0,0,0,0,0,0,0,0,0,0,0,0,0,0,0,0,0,0,0,0,0,0,0,0,0,0
1989,237,22,49,18.543,2,8,0,-1,0,0,1,1,25,0,0,0,1028,0,0,0,0,0,1,1,0,0,0,121.742125,0,0,0,0,3,1,1,1,100,0,0,0,3,1,1,0.1,3000,0,0,0,0,0,0,0,0,0,0,0,0,0,0,0,0,0,0,0,0,0,0,0,0,0,0,0,0,0,0,0,0,0,0,0,0,0,0,0,0,0,0,0,0,0,0,0,0,0,0,0
1989,237,22,49,41.463,2,8,0,-1,1,0,1,1,25,0,0,0,1028,0,0,0,0,0,1,1,0,0,0,121.7809214,0,0,0,0,3,1,1,1,100,0,0,0,3,1,1,0.1,3000,0,0,0,0,0,0,0,0,0,0,0,0,0,0,0,0,0,0,0,0,0,0,0,0,0,0,0,0,0,0,0,0,0,0,0,0,0,0,0,0,0,0,0,0,0,0,0,0,0,0,0
1989,237,22,50,54.543,2,8,0,-1,0,0,1,1,25,0,0,0,1028,0,0,0,0,0,1,1,0,0,0,121.9046215,0,0,0,0,3,1,1,1,100,0,0,0,3,1,1,0.1,3000,0,0,0,0,0,0,0,0,0,0,0,0,0,0,0,0,0,0,0,0,0,0,0,0,0,0,0,0,0,0,0,0,0,0,0,0,0,0,0,0,0,0,0,0,0,0,0,0,0,0,0
1989,237,22,51,17.462,2,8,0,-1,1,0,1,1,25,0,0,0,1028,0,0,0,0,0,1,1,0,0,0,121.9434161,0,0,0,0,3,1,1,1,100,0,0,0,3,1,1,0.1,3000,0,0,0,0,0,0,0,0,0,0,0,0,0,0,0,0,0,0,0,0,0,0,0,0,0,0,0,0,0,0,0,0,0,0,0,0,0,0,0,0,0,0,0,0,0,0,0,0,0,0,0
1989,237,22,54,54.543,2,8,0,-1,0,0,1,1,25,0,0,0,1028,0,0,0,0,0,1,1,0,0,0,122.3108442,0,0,0,0,3,1,1,1,100,0,0,0,3,1,1,0.1,3000,0,0,0,0,0,0,0,0,0,0,0,0,0,0,0,0,0,0,0,0,0,0,0,0,0,0,0,0,0,0,0,0,0,0,0,0,0,0,0,0,0,0,0,0,0,0,0,0,0,0,0
1989,237,22,55,17.462,2,8,0,-1,1,0,1,1,25,0,0,0,1028,0,0,0,0,0,1,1,0,0,0,122.3496362,0,0,0,0,3,1,1,1,100,0,0,0,3,1,1,0.1,3000,0,0,0,0,0,0,0,0,0,0,0,0,0,0,0,0,0,0,0,0,0,0,0,0,0,0,0,0,0,0,0,0,0,0,0,0,0,0,0,0,0,0,0,0,0,0,0,0,0,0,0
1989,237,22,56,30.543,2,8,0,-1,0,0,1,1,25,0,0,0,1028,0,0,0,0,0,1,1,0,0,0,122.4733257,0,0,0,0,3,1,1,1,100,0,0,0,3,1,1,0.1,3000,0,0,0,0,0,0,0,0,0,0,0,0,0,0,0,0,0,0,0,0,0,0,0,0,0,0,0,0,0,0,0,0,0,0,0,0,0,0,0,0,0,0,0,0,0,0,0,0,0,0,0
1989,237,22,56,53.463,2,8,0,-1,1,0,1,1,25,0,0,0,1028,0,0,0,0,0,1,1,0,0,0,122.5121176,0,0,0,0,3,1,1,1,100,0,0,0,3,1,1,0.1,3000,0,0,0,0,0,0,0,0,0,0,0,0,0,0,0,0,0,0,0,0,0,0,0,0,0,0,0,0,0,0,0,0,0,0,0,0,0,0,0,0,0,0,0,0,0,0,0,0,0,0,0
1989,237,22,58,6.543,2,8,0,-1,0,0,1,1,25,0,0,0,1028,0,0,0,0,0,1,1,0,0,0,122.635803,0,0,0,0,3,1,1,1,100,0,0,0,3,1,1,0.1,3000,0,0,0,0,0,0,0,0,0,0,0,0,0,0,0,0,0,0,0,0,0,0,0,0,0,0,0,0,0,0,0,0,0,0,0,0,0,0,0,0,0,0,0,0,0,0,0,0,0,0,0
1989,237,22,58,29.463,2,8,0,-1,1,0,1,1,25,0,0,0,1028,0,0,0,0,0,1,1,0,0,0,122.674593,0,0,0,0,3,1,1,1,100,0,0,0,3,1,1,0.1,3000,0,0,0,0,0,0,0,0,0,0,0,0,0,0,0,0,0,0,0,0,0,0,0,0,0,0,0,0,0,0,0,0,0,0,0,0,0,0,0,0,0,0,0,0,0,0,0,0,0,0,0
1989,237,22,59,42.543,2,8,0,-1,0,0,1,1,25,0,0,0,1028,0,0,0,0,0,1,1,0,0,0,122.798276,0,0,0,0,3,1,1,1,100,0,0,0,3,1,1,0.1,3000,0,0,0,0,0,0,0,0,0,0,0,0,0,0,0,0,0,0,0,0,0,0,0,0,0,0,0,0,0,0,0,0,0,0,0,0,0,0,0,0,0,0,0,0,0,0,0,0,0,0,0
1989,237,23,0,5.463,2,8,0,-1,1,0,1,1,25,0,0,0,1028,0,0,0,0,0,1,1,0,0,0,122.8370659,0,0,0,0,3,1,1,1,100,0,0,0,3,1,1,0.1,3000,0,0,0,0,0,0,0,0,0,0,0,0,0,0,0,0,0,0,0,0,0,0,0,0,0,0,0,0,0,0,0,0,0,0,0,0,0,0,0,0,0,0,0,0,0,0,0,0,0,0,0
1989,237,23,1,18.542,2,8,0,-1,0,0,1,1,25,0,0,0,1028,0,0,0,0,0,1,1,0,0,0,122.960744,0,0,0,0,3,1,1,1,100,0,0,0,3,1,1,0.1,3000,0,0,0,0,0,0,0,0,0,0,0,0,0,0,0,0,0,0,0,0,0,0,0,0,0,0,0,0,0,0,0,0,0,0,0,0,0,0,0,0,0,0,0,0,0,0,0,0,0,0,0
1989,237,23,1,41.462,2,8,0,-1,1,0,1,1,25,0,0,0,1028,0,0,0,0,0,1,1,0,0,0,122.9995328,0,0,0,0,3,1,1,1,100,0,0,0,3,1,1,0.1,3000,0,0,0,0,0,0,0,0,0,0,0,0,0,0,0,0,0,0,0,0,0,0,0,0,0,0,0,0,0,0,0,0,0,0,0,0,0,0,0,0,0,0,0,0,0,0,0,0,0,0,0
1989,237,23,2,54.542,2,8,0,-1,0,0,1,1,25,0,0,0,1028,0,0,0,0,0,1,1,0,0,0,123.1232077,0,0,0,0,3,1,1,1,100,0,0,0,3,1,1,0.1,3000,0,0,0,0,0,0,0,0,0,0,0,0,0,0,0,0,0,0,0,0,0,0,0,0,0,0,0,0,0,0,0,0,0,0,0,0,0,0,0,0,0,0,0,0,0,0,0,0,0,0,0
1989,237,23,3,17.462,2,8,0,-1,1,0,1,1,25,0,0,0,1028,0,0,0,0,0,1,1,0,0,0,123.1619955,0,0,0,0,3,1,1,1,100,0,0,0,3,1,1,0.1,3000,0,0,0,0,0,0,0,0,0,0,0,0,0,0,0,0,0,0,0,0,0,0,0,0,0,0,0,0,0,0,0,0,0,0,0,0,0,0,0,0,0,0,0,0,0,0,0,0,0,0,0
1989,237,23,6,54.542,2,8,0,-1,0,0,1,1,25,0,0,0,1028,0,0,0,0,0,1,1,0,0,0,123.5293506,0,0,0,0,3,1,1,1,100,0,0,0,3,1,1,0.1,3000,0,0,0,0,0,0,0,0,0,0,0,0,0,0,0,0,0,0,0,0,0,0,0,0,0,0,0,0,0,0,0,0,0,0,0,0,0,0,0,0,0,0,0,0,0,0,0,0,0,0,0
1989,237,23,7,17.462,2,8,0,-1,1,0,1,1,25,0,0,0,1028,0,0,0,0,0,1,1,0,0,0,123.5681359,0,0,0,0,3,1,1,1,100,0,0,0,3,1,1,0.1,3000,0,0,0,0,0,0,0,0,0,0,0,0,0,0,0,0,0,0,0,0,0,0,0,0,0,0,0,0,0,0,0,0,0,0,0,0,0,0,0,0,0,0,0,0,0,0,0,0,0,0,0
1989,237,23,8,30.542,2,8,0,-1,0,0,1,1,25,0,0,0,1028,0,0,0,0,0,1,1,0,0,0,123.6918004,0,0,0,0,3,1,1,1,100,0,0,0,3,1,1,0.1,3000,0,0,0,0,0,0,0,0,0,0,0,0,0,0,0,0,0,0,0,0,0,0,0,0,0,0,0,0,0,0,0,0,0,0,0,0,0,0,0,0,0,0,0,0,0,0,0,0,0,0,0
1989,237,23,8,53.462,2,8,0,-1,1,0,1,1,25,0,0,0,1028,0,0,0,0,0,1,1,0,0,0,123.7305847,0,0,0,0,3,1,1,1,100,0,0,0,3,1,1,0.1,3000,0,0,0,0,0,0,0,0,0,0,0,0,0,0,0,0,0,0,0,0,0,0,0,0,0,0,0,0,0,0,0,0,0,0,0,0,0,0,0,0,0,0,0,0,0,0,0,0,0,0,0
1989,237,23,10,6.542,2,8,0,-1,0,0,1,1,25,0,0,0,1028,0,0,0,0,0,1,1,0,0,0,123.8542461,0,0,0,0,3,1,1,1,100,0,0,0,3,1,1,0.1,3000,0,0,0,0,0,0,0,0,0,0,0,0,0,0,0,0,0,0,0,0,0,0,0,0,0,0,0,0,0,0,0,0,0,0,0,0,0,0,0,0,0,0,0,0,0,0,0,0,0,0,0
1989,237,23,10,29.462,2,8,0,-1,1,0,1,1,25,0,0,0,1028,0,0,0,0,0,1,1,0,0,0,123.8930294,0,0,0,0,3,1,1,1,100,0,0,0,3,1,1,0.1,3000,0,0,0,0,0,0,0,0,0,0,0,0,0,0,0,0,0,0,0,0,0,0,0,0,0,0,0,0,0,0,0,0,0,0,0,0,0,0,0,0,0,0,0,0,0,0,0,0,0,0,0
1989,237,23,11,42.542,2,8,0,-1,0,0,1,1,25,0,0,0,1028,0,0,0,0,0,1,1,0,0,0,124.0166875,0,0,0,0,3,1,1,1,100,0,0,0,3,1,1,0.1,3000,0,0,0,0,0,0,0,0,0,0,0,0,0,0,0,0,0,0,0,0,0,0,0,0,0,0,0,0,0,0,0,0,0,0,0,0,0,0,0,0,0,0,0,0,0,0,0,0,0,0,0
1989,237,23,12,5.462,2,8,0,-1,1,0,1,1,25,0,0,0,1028,0,0,0,0,0,1,1,0,0,0,124.0554698,0,0,0,0,3,1,1,1,100,0,0,0,3,1,1,0.1,3000,0,0,0,0,0,0,0,0,0,0,0,0,0,0,0,0,0,0,0,0,0,0,0,0,0,0,0,0,0,0,0,0,0,0,0,0,0,0,0,0,0,0,0,0,0,0,0,0,0,0,0
1989,237,23,13,18.542,2,8,0,-1,0,0,1,1,25,0,0,0,1028,0,0,0,0,0,1,1,0,0,0,124.1791248,0,0,0,0,3,1,1,1,100,0,0,0,3,1,1,0.1,3000,0,0,0,0,0,0,0,0,0,0,0,0,0,0,0,0,0,0,0,0,0,0,0,0,0,0,0,0,0,0,0,0,0,0,0,0,0,0,0,0,0,0,0,0,0,0,0,0,0,0,0
1989,237,23,13,41.462,2,8,0,-1,1,0,1,1,25,0,0,0,1028,0,0,0,0,0,1,1,0,0,0,124.2179061,0,0,0,0,3,1,1,1,100,0,0,0,3,1,1,0.1,3000,0,0,0,0,0,0,0,0,0,0,0,0,0,0,0,0,0,0,0,0,0,0,0,0,0,0,0,0,0,0,0,0,0,0,0,0,0,0,0,0,0,0,0,0,0,0,0,0,0,0,0
1989,237,23,14,54.541,2,8,0,-1,0,0,1,1,25,0,0,0,1028,0,0,0,0,0,1,1,0,0,0,124.3415572,0,0,0,0,3,1,1,1,100,0,0,0,3,1,1,0.1,3000,0,0,0,0,0,0,0,0,0,0,0,0,0,0,0,0,0,0,0,0,0,0,0,0,0,0,0,0,0,0,0,0,0,0,0,0,0,0,0,0,0,0,0,0,0,0,0,0,0,0,0
1989,237,23,15,17.461,2,8,0,-1,1,0,1,1,25,0,0,0,1028,0,0,0,0,0,1,1,0,0,0,124.3803375,0,0,0,0,3,1,1,1,100,0,0,0,3,1,1,0.1,3000,0,0,0,0,0,0,0,0,0,0,0,0,0,0,0,0,0,0,0,0,0,0,0,0,0,0,0,0,0,0,0,0,0,0,0,0,0,0,0,0,0,0,0,0,0,0,0,0,0,0,0
1989,237,23,18,54.541,2,8,0,-1,0,0,1,1,25,0,0,0,1028,0,0,0,0,0,1,1,0,0,0,124.7476211,0,0,0,0,3,1,1,1,100,0,0,0,3,1,1,0.1,3000,0,0,0,0,0,0,0,0,0,0,0,0,0,0,0,0,0,0,0,0,0,0,0,0,0,0,0,0,0,0,0,0,0,0,0,0,0,0,0,0,0,0,0,0,0,0,0,0,0,0,0
1989,237,23,19,17.461,2,8,0,-1,1,0,1,1,25,0,0,0,1028,0,0,0,0,0,1,1,0,0,0,124.786399,0,0,0,0,3,1,1,1,100,0,0,0,3,1,1,0.1,3000,0,0,0,0,0,0,0,0,0,0,0,0,0,0,0,0,0,0,0,0,0,0,0,0,0,0,0,0,0,0,0,0,0,0,0,0,0,0,0,0,0,0,0,0,0,0,0,0,0,0,0
1989,237,23,20,30.541,2,8,0,-1,0,0,1,1,25,0,0,0,1028,0,0,0,0,0,1,1,0,0,0,124.9100398,0,0,0,0,3,1,1,1,100,0,0,0,3,1,1,0.1,3000,0,0,0,0,0,0,0,0,0,0,0,0,0,0,0,0,0,0,0,0,0,0,0,0,0,0,0,0,0,0,0,0,0,0,0,0,0,0,0,0,0,0,0,0,0,0,0,0,0,0,0
1989,237,23,20,53.461,2,8,0,-1,1,0,1,1,25,0,0,0,1028,0,0,0,0,0,1,1,0,0,0,124.9488167,0,0,0,0,3,1,1,1,100,0,0,0,3,1,1,0.1,3000,0,0,0,0,0,0,0,0,0,0,0,0,0,0,0,0,0,0,0,0,0,0,0,0,0,0,0,0,0,0,0,0,0,0,0,0,0,0,0,0,0,0,0,0,0,0,0,0,0,0,0
1989,237,23,22,6.541,2,8,0,-1,0,0,1,1,25,0,0,0,1028,0,0,0,0,0,1,1,0,0,0,125.0724545,0,0,0,0,3,1,1,1,100,0,0,0,3,1,1,0.1,3000,0,0,0,0,0,0,0,0,0,0,0,0,0,0,0,0,0,0,0,0,0,0,0,0,0,0,0,0,0,0,0,0,0,0,0,0,0,0,0,0,0,0,0,0,0,0,0,0,0,0,0
1989,237,23,22,29.461,2,8,0,-1,1,0,1,1,25,0,0,0,1028,0,0,0,0,0,1,1,0,0,0,125.1112303,0,0,0,0,3,1,1,1,100,0,0,0,3,1,1,0.1,3000,0,0,0,0,0,0,0,0,0,0,0,0,0,0,0,0,0,0,0,0,0,0,0,0,0,0,0,0,0,0,0,0,0,0,0,0,0,0,0,0,0,0,0,0,0,0,0,0,0,0,0
1989,237,23,23,42.541,2,8,0,-1,0,0,1,1,25,0,0,0,1028,0,0,0,0,0,1,1,0,0,0,125.234865,0,0,0,0,3,1,1,1,100,0,0,0,3,1,1,0.1,3000,0,0,0,0,0,0,0,0,0,0,0,0,0,0,0,0,0,0,0,0,0,0,0,0,0,0,0,0,0,0,0,0,0,0,0,0,0,0,0,0,0,0,0,0,0,0,0,0,0,0,0
1989,237,23,24,5.461,2,8,0,-1,1,0,1,1,25,0,0,0,1028,0,0,0,0,0,1,1,0,0,0,125.2736399,0,0,0,0,3,1,1,1,100,0,0,0,3,1,1,0.1,3000,0,0,0,0,0,0,0,0,0,0,0,0,0,0,0,0,0,0,0,0,0,0,0,0,0,0,0,0,0,0,0,0,0,0,0,0,0,0,0,0,0,0,0,0,0,0,0,0,0,0,0
1989,237,23,25,18.541,2,8,0,-1,0,0,1,1,25,0,0,0,1028,0,0,0,0,0,1,1,0,0,0,125.3972714,0,0,0,0,3,1,1,1,100,0,0,0,3,1,1,0.1,3000,0,0,0,0,0,0,0,0,0,0,0,0,0,0,0,0,0,0,0,0,0,0,0,0,0,0,0,0,0,0,0,0,0,0,0,0,0,0,0,0,0,0,0,0,0,0,0,0,0,0,0
1989,237,23,25,41.461,2,8,0,-1,1,0,1,1,25,0,0,0,1028,0,0,0,0,0,1,1,0,0,0,125.4360454,0,0,0,0,3,1,1,1,100,0,0,0,3,1,1,0.1,3000,0,0,0,0,0,0,0,0,0,0,0,0,0,0,0,0,0,0,0,0,0,0,0,0,0,0,0,0,0,0,0,0,0,0,0,0,0,0,0,0,0,0,0,0,0,0,0,0,0,0,0
1989,237,23,26,54.541,2,8,0,-1,0,0,1,1,25,0,0,0,1028,0,0,0,0,0,1,1,0,0,0,125.5596738,0,0,0,0,3,1,1,1,100,0,0,0,3,1,1,0.1,3000,0,0,0,0,0,0,0,0,0,0,0,0,0,0,0,0,0,0,0,0,0,0,0,0,0,0,0,0,0,0,0,0,0,0,0,0,0,0,0,0,0,0,0,0,0,0,0,0,0,0,0
1989,237,23,27,17.461,2,8,0,-1,1,0,1,1,25,0,0,0,1028,0,0,0,0,0,1,1,0,0,0,125.5984468,0,0,0,0,3,1,1,1,100,0,0,0,3,1,1,0.1,3000,0,0,0,0,0,0,0,0,0,0,0,0,0,0,0,0,0,0,0,0,0,0,0,0,0,0,0,0,0,0,0,0,0,0,0,0,0,0,0,0,0,0,0,0,0,0,0,0,0,0,0
1989,237,23,30,54.54,2,8,0,-1,0,0,1,1,25,0,0,0,1028,0,0,0,0,0,1,1,0,0,0,125.9656604,0,0,0,0,3,1,1,1,100,0,0,0,3,1,1,0.1,3000,0,0,0,0,0,0,0,0,0,0,0,0,0,0,0,0,0,0,0,0,0,0,0,0,0,0,0,0,0,0,0,0,0,0,0,0,0,0,0,0,0,0,0,0,0,0,0,0,0,0,0
1989,237,23,31,17.46,2,8,0,-1,1,0,1,1,25,0,0,0,1028,0,0,0,0,0,1,1,0,0,0,126.0044309,0,0,0,0,3,1,1,1,100,0,0,0,3,1,1,0.1,3000,0,0,0,0,0,0,0,0,0,0,0,0,0,0,0,0,0,0,0,0,0,0,0,0,0,0,0,0,0,0,0,0,0,0,0,0,0,0,0,0,0,0,0,0,0,0,0,0,0,0,0
1989,237,23,32,30.54,2,8,0,-1,0,0,1,1,25,0,0,0,1028,0,0,0,0,0,1,1,0,0,0,126.1280486,0,0,0,0,3,1,1,1,100,0,0,0,3,1,1,0.1,3000,0,0,0,0,0,0,0,0,0,0,0,0,0,0,0,0,0,0,0,0,0,0,0,0,0,0,0,0,0,0,0,0,0,0,0,0,0,0,0,0,0,0,0,0,0,0,0,0,0,0,0
1989,237,23,32,53.46,2,8,0,-1,1,0,1,1,25,0,0,0,1028,0,0,0,0,0,1,1,0,0,0,126.1668173,0,0,0,0,3,1,1,1,100,0,0,0,3,1,1,0.1,3000,0,0,0,0,0,0,0,0,0,0,0,0,0,0,0,0,0,0,0,0,0,0,0,0,0,0,0,0,0,0,0,0,0,0,0,0,0,0,0,0,0,0,0,0,0,0,0,0,0,0,0
1989,237,23,34,6.54,2,8,0,-1,0,0,1,1,25,0,0,0,1028,0,0,0,0,0,1,1,0,0,0,126.2904328,0,0,0,0,3,1,1,1,100,0,0,0,3,1,1,0.1,3000,0,0,0,0,0,0,0,0,0,0,0,0,0,0,0,0,0,0,0,0,0,0,0,0,0,0,0,0,0,0,0,0,0,0,0,0,0,0,0,0,0,0,0,0,0,0,0,0,0,0,0
1989,237,23,34,29.46,2,8,0,-1,1,0,1,1,25,0,0,0,1028,0,0,0,0,0,1,1,0,0,0,126.3292006,0,0,0,0,3,1,1,1,100,0,0,0,3,1,1,0.1,3000,0,0,0,0,0,0,0,0,0,0,0,0,0,0,0,0,0,0,0,0,0,0,0,0,0,0,0,0,0,0,0,0,0,0,0,0,0,0,0,0,0,0,0,0,0,0,0,0,0,0,0
1989,237,23,35,42.54,2,8,0,-1,0,0,1,1,25,0,0,0,1028,0,0,0,0,0,1,1,0,0,0,126.452813,0,0,0,0,3,1,1,1,100,0,0,0,3,1,1,0.1,3000,0,0,0,0,0,0,0,0,0,0,0,0,0,0,0,0,0,0,0,0,0,0,0,0,0,0,0,0,0,0,0,0,0,0,0,0,0,0,0,0,0,0,0,0,0,0,0,0,0,0,0
1989,237,23,36,5.46,2,8,0,-1,1,0,1,1,25,0,0,0,1028,0,0,0,0,0,1,1,0,0,0,126.4915807,0,0,0,0,3,1,1,1,100,0,0,0,3,1,1,0.1,3000,0,0,0,0,0,0,0,0,0,0,0,0,0,0,0,0,0,0,0,0,0,0,0,0,0,0,0,0,0,0,0,0,0,0,0,0,0,0,0,0,0,0,0,0,0,0,0,0,0,0,0
1989,237,23,37,18.54,2,8,0,-1,0,0,1,1,25,0,0,0,1028,0,0,0,0,0,1,1,0,0,0,126.6151892,0,0,0,0,3,1,1,1,100,0,0,0,3,1,1,0.1,3000,0,0,0,0,0,0,0,0,0,0,0,0,0,0,0,0,0,0,0,0,0,0,0,0,0,0,0,0,0,0,0,0,0,0,0,0,0,0,0,0,0,0,0,0,0,0,0,0,0,0,0
1989,237,23,37,41.459,2,8,0,-1,1,0,1,1,25,0,0,0,1028,0,0,0,0,0,1,1,0,0,0,126.6539543,0,0,0,0,3,1,1,1,100,0,0,0,3,1,1,0.1,3000,0,0,0,0,0,0,0,0,0,0,0,0,0,0,0,0,0,0,0,0,0,0,0,0,0,0,0,0,0,0,0,0,0,0,0,0,0,0,0,0,0,0,0,0,0,0,0,0,0,0,0
1989,237,23,38,54.54,2,8,0,-1,0,0,1,1,25,0,0,0,1028,0,0,0,0,0,1,1,0,0,0,126.7775614,0,0,0,0,3,1,1,1,100,0,0,0,3,1,1,0.1,3000,0,0,0,0,0,0,0,0,0,0,0,0,0,0,0,0,0,0,0,0,0,0,0,0,0,0,0,0,0,0,0,0,0,0,0,0,0,0,0,0,0,0,0,0,0,0,0,0,0,0,0
1989,237,23,39,17.46,2,8,0,-1,1,0,1,1,25,0,0,0,1028,0,0,0,0,0,1,1,0,0,0,126.8163272,0,0,0,0,3,1,1,1,100,0,0,0,3,1,1,0.1,3000,0,0,0,0,0,0,0,0,0,0,0,0,0,0,0,0,0,0,0,0,0,0,0,0,0,0,0,0,0,0,0,0,0,0,0,0,0,0,0,0,0,0,0,0,0,0,0,0,0,0,0
1989,237,23,42,54.539,2,8,0,-1,0,0,1,1,25,0,0,0,1028,0,0,0,0,0,1,1,0,0,0,127.1834729,0,0,0,0,3,1,1,1,100,0,0,0,3,1,1,0.1,3000,0,0,0,0,0,0,0,0,0,0,0,0,0,0,0,0,0,0,0,0,0,0,0,0,0,0,0,0,0,0,0,0,0,0,0,0,0,0,0,0,0,0,0,0,0,0,0,0,0,0,0
1989,237,23,43,17.459,2,8,0,-1,1,0,1,1,25,0,0,0,1028,0,0,0,0,0,1,1,0,0,0,127.2222363,0,0,0,0,3,1,1,1,100,0,0,0,3,1,1,0.1,3000,0,0,0,0,0,0,0,0,0,0,0,0,0,0,0,0,0,0,0,0,0,0,0,0,0,0,0,0,0,0,0,0,0,0,0,0,0,0,0,0,0,0,0,0,0,0,0,0,0,0,0
1989,237,23,44,30.539,2,8,0,-1,0,0,1,1,25,0,0,0,1028,0,0,0,0,0,1,1,0,0,0,127.3458312,0,0,0,0,3,1,1,1,100,0,0,0,3,1,1,0.1,3000,0,0,0,0,0,0,0,0,0,0,0,0,0,0,0,0,0,0,0,0,0,0,0,0,0,0,0,0,0,0,0,0,0,0,0,0,0,0,0,0,0,0,0,0,0,0,0,0,0,0,0
1989,237,23,44,53.458,2,8,0,-1,1,0,1,1,25,0,0,0,1028,0,0,0,0,0,1,1,0,0,0,127.3845929,0,0,0,0,3,1,1,1,100,0,0,0,3,1,1,0.1,3000,0,0,0,0,0,0,0,0,0,0,0,0,0,0,0,0,0,0,0,0,0,0,0,0,0,0,0,0,0,0,0,0,0,0,0,0,0,0,0,0,0,0,0,0,0,0,0,0,0,0,0
1989,237,23,46,6.539,2,8,0,-1,0,0,1,1,25,0,0,0,1028,0,0,0,0,0,1,1,0,0,0,127.5081856,0,0,0,0,3,1,1,1,100,0,0,0,3,1,1,0.1,3000,0,0,0,0,0,0,0,0,0,0,0,0,0,0,0,0,0,0,0,0,0,0,0,0,0,0,0,0,0,0,0,0,0,0,0,0,0,0,0,0,0,0,0,0,0,0,0,0,0,0,0
1989,237,23,46,29.459,2,8,0,-1,1,0,1,1,25,0,0,0,1028,0,0,0,0,0,1,1,0,0,0,127.5469463,0,0,0,0,3,1,1,1,100,0,0,0,3,1,1,0.1,3000,0,0,0,0,0,0,0,0,0,0,0,0,0,0,0,0,0,0,0,0,0,0,0,0,0,0,0,0,0,0,0,0,0,0,0,0,0,0,0,0,0,0,0,0,0,0,0,0,0,0,0
1989,237,23,47,42.539,2,8,0,-1,0,0,1,1,25,0,0,0,1028,0,0,0,0,0,1,1,0,0,0,127.6705361,0,0,0,0,3,1,1,1,100,0,0,0,3,1,1,0.1,3000,0,0,0,0,0,0,0,0,0,0,0,0,0,0,0,0,0,0,0,0,0,0,0,0,0,0,0,0,0,0,0,0,0,0,0,0,0,0,0,0,0,0,0,0,0,0,0,0,0,0,0
1989,237,23,48,5.459,2,8,0,-1,1,0,1,1,25,0,0,0,1028,0,0,0,0,0,1,1,0,0,0,127.7092967,0,0,0,0,3,1,1,1,100,0,0,0,3,1,1,0.1,3000,0,0,0,0,0,0,0,0,0,0,0,0,0,0,0,0,0,0,0,0,0,0,0,0,0,0,0,0,0,0,0,0,0,0,0,0,0,0,0,0,0,0,0,0,0,0,0,0,0,0,0
1989,237,23,49,18.539,2,8,0,-1,0,0,1,1,25,0,0,0,1028,0,0,0,0,0,1,1,0,0,0,127.8328826,0,0,0,0,3,1,1,1,100,0,0,0,3,1,1,0.1,3000,0,0,0,0,0,0,0,0,0,0,0,0,0,0,0,0,0,0,0,0,0,0,0,0,0,0,0,0,0,0,0,0,0,0,0,0,0,0,0,0,0,0,0,0,0,0,0,0,0,0,0
1989,237,23,49,41.458,2,8,0,-1,1,0,1,1,25,0,0,0,1028,0,0,0,0,0,1,1,0,0,0,127.8716406,0,0,0,0,3,1,1,1,100,0,0,0,3,1,1,0.1,3000,0,0,0,0,0,0,0,0,0,0,0,0,0,0,0,0,0,0,0,0,0,0,0,0,0,0,0,0,0,0,0,0,0,0,0,0,0,0,0,0,0,0,0,0,0,0,0,0,0,0,0
1989,237,23,50,54.539,2,8,0,-1,0,0,1,1,25,0,0,0,1028,0,0,0,0,0,1,1,0,0,0,127.9952253,0,0,0,0,3,1,1,1,100,0,0,0,3,1,1,0.1,3000,0,0,0,0,0,0,0,0,0,0,0,0,0,0,0,0,0,0,0,0,0,0,0,0,0,0,0,0,0,0,0,0,0,0,0,0,0,0,0,0,0,0,0,0,0,0,0,0,0,0,0
1989,237,23,51,17.459,2,8,0,-1,1,0,1,1,25,0,0,0,1028,0,0,0,0,0,1,1,0,0,0,128.033984,0,0,0,0,3,1,1,1,100,0,0,0,3,1,1,0.1,3000,0,0,0,0,0,0,0,0,0,0,0,0,0,0,0,0,0,0,0,0,0,0,0,0,0,0,0,0,0,0,0,0,0,0,0,0,0,0,0,0,0,0,0,0,0,0,0,0,0,0,0
1989,237,23,54,54.538,2,8,0,-1,0,0,1,1,25,0,0,0,1028,0,0,0,0,0,1,1,0,0,0,128.4010631,0,0,0,0,3,1,1,1,100,0,0,0,3,1,1,0.1,3000,0,0,0,0,0,0,0,0,0,0,0,0,0,0,0,0,0,0,0,0,0,0,0,0,0,0,0,0,0,0,0,0,0,0,0,0,0,0,0,0,0,0,0,0,0,0,0,0,0,0,0
1989,237,23,55,17.457,2,8,0,-1,1,0,1,1,25,0,0,0,1028,0,0,0,0,0,1,1,0,0,0,128.4398187,0,0,0,0,3,1,1,1,100,0,0,0,3,1,1,0.1,3000,0,0,0,0,0,0,0,0,0,0,0,0,0,0,0,0,0,0,0,0,0,0,0,0,0,0,0,0,0,0,0,0,0,0,0,0,0,0,0,0,0,0,0,0,0,0,0,0,0,0,0
1989,237,23,56,30.537,2,8,0,-1,0,0,1,1,25,0,0,0,1028,0,0,0,0,0,1,1,0,0,0,128.5633913,0,0,0,0,3,1,1,1,100,0,0,0,3,1,1,0.1,3000,0,0,0,0,0,0,0,0,0,0,0,0,0,0,0,0,0,0,0,0,0,0,0,0,0,0,0,0,0,0,0,0,0,0,0,0,0,0,0,0,0,0,0,0,0,0,0,0,0,0,0
1989,237,23,56,53.457,2,8,0,-1,1,0,1,1,25,0,0,0,1028,0,0,0,0,0,1,1,0,0,0,128.6021468,0,0,0,0,3,1,1,1,100,0,0,0,3,1,1,0.1,3000,0,0,0,0,0,0,0,0,0,0,0,0,0,0,0,0,0,0,0,0,0,0,0,0,0,0,0,0,0,0,0,0,0,0,0,0,0,0,0,0,0,0,0,0,0,0,0,0,0,0,0
1989,237,23,58,6.538,2,8,0,-1,0,0,1,1,25,0,0,0,1028,0,0,0,0,0,1,1,0,0,0,128.7257173,0,0,0,0,3,1,1,1,100,0,0,0,3,1,1,0.1,3000,0,0,0,0,0,0,0,0,0,0,0,0,0,0,0,0,0,0,0,0,0,0,0,0,0,0,0,0,0,0,0,0,0,0,0,0,0,0,0,0,0,0,0,0,0,0,0,0,0,0,0
1989,237,23,58,29.457,2,8,0,-1,1,0,1,1,25,0,0,0,1028,0,0,0,0,0,1,1,0,0,0,128.7644702,0,0,0,0,3,1,1,1,100,0,0,0,3,1,1,0.1,3000,0,0,0,0,0,0,0,0,0,0,0,0,0,0,0,0,0,0,0,0,0,0,0,0,0,0,0,0,0,0,0,0,0,0,0,0,0,0,0,0,0,0,0,0,0,0,0,0,0,0,0
1989,237,23,59,42.537,2,8,0,-1,0,0,1,1,25,0,0,0,1028,0,0,0,0,0,1,1,0,0,0,128.8880378,0,0,0,0,3,1,1,1,100,0,0,0,3,1,1,0.1,3000,0,0,0,0,0,0,0,0,0,0,0,0,0,0,0,0,0,0,0,0,0,0,0,0,0,0,0,0,0,0,0,0,0,0,0,0,0,0,0,0,0,0,0,0,0,0,0,0,0,0,0
1989,238,0,0,5.458,2,8,0,-1,1,0,1,1,25,0,0,0,1028,0,0,0,0,0,1,1,0,0,0,128.9267922,0,0,0,0,3,1,1,1,100,0,0,0,3,1,1,0.1,3000,0,0,0,0,0,0,0,0,0,0,0,0,0,0,0,0,0,0,0,0,0,0,0,0,0,0,0,0,0,0,0,0,0,0,0,0,0,0,0,0,0,0,0,0,0,0,0,0,0,0,0
1989,238,0,1,18.538,2,8,0,-1,0,0,1,1,25,0,0,0,1028,0,0,0,0,0,1,1,0,0,0,129.0503561,0,0,0,0,3,1,1,1,100,0,0,0,3,1,1,0.1,3000,0,0,0,0,0,0,0,0,0,0,0,0,0,0,0,0,0,0,0,0,0,0,0,0,0,0,0,0,0,0,0,0,0,0,0,0,0,0,0,0,0,0,0,0,0,0,0,0,0,0,0
1989,238,0,1,41.457,2,8,0,-1,1,0,1,1,25,0,0,0,1028,0,0,0,0,0,1,1,0,0,0,129.0891071,0,0,0,0,3,1,1,1,100,0,0,0,3,1,1,0.1,3000,0,0,0,0,0,0,0,0,0,0,0,0,0,0,0,0,0,0,0,0,0,0,0,0,0,0,0,0,0,0,0,0,0,0,0,0,0,0,0,0,0,0,0,0,0,0,0,0,0,0,0
1989,238,0,2,54.538,2,8,0,-1,0,0,1,1,25,0,0,0,1028,0,0,0,0,0,1,1,0,0,0,129.2126697,0,0,0,0,3,1,1,1,100,0,0,0,3,1,1,0.1,3000,0,0,0,0,0,0,0,0,0,0,0,0,0,0,0,0,0,0,0,0,0,0,0,0,0,0,0,0,0,0,0,0,0,0,0,0,0,0,0,0,0,0,0,0,0,0,0,0,0,0,0
1989,238,0,3,17.457,2,8,0,-1,1,0,1,1,25,0,0,0,1028,0,0,0,0,0,1,1,0,0,0,129.2514206,0,0,0,0,3,1,1,1,100,0,0,0,3,1,1,0.1,3000,0,0,0,0,0,0,0,0,0,0,0,0,0,0,0,0,0,0,0,0,0,0,0,0,0,0,0,0,0,0,0,0,0,0,0,0,0,0,0,0,0,0,0,0,0,0,0,0,0,0,0
1989,238,0,6,54.537,2,8,0,-1,0,0,1,1,25,0,0,0,1028,0,0,0,0,0,1,1,0,0,0,129.6184353,0,0,0,0,3,1,1,1,100,0,0,0,3,1,1,0.1,3000,0,0,0,0,0,0,0,0,0,0,0,0,0,0,0,0,0,0,0,0,0,0,0,0,0,0,0,0,0,0,0,0,0,0,0,0,0,0,0,0,0,0,0,0,0,0,0,0,0,0,0
1989,238,0,7,17.456,2,8,0,-1,1,0,1,1,25,0,0,0,1028,0,0,0,0,0,1,1,0,0,0,129.657184,0,0,0,0,3,1,1,1,100,0,0,0,3,1,1,0.1,3000,0,0,0,0,0,0,0,0,0,0,0,0,0,0,0,0,0,0,0,0,0,0,0,0,0,0,0,0,0,0,0,0,0,0,0,0,0,0,0,0,0,0,0,0,0,0,0,0,0,0,0
1989,238,0,8,30.536,2,8,0,-1,0,0,1,1,25,0,0,0,1028,0,0,0,0,0,1,1,0,0,0,129.7807347,0,0,0,0,3,1,1,1,100,0,0,0,3,1,1,0.1,3000,0,0,0,0,0,0,0,0,0,0,0,0,0,0,0,0,0,0,0,0,0,0,0,0,0,0,0,0,0,0,0,0,0,0,0,0,0,0,0,0,0,0,0,0,0,0,0,0,0,0,0
1989,238,0,8,53.456,2,8,0,-1,1,0,1,1,25,0,0,0,1028,0,0,0,0,0,1,1,0,0,0,129.8194834,0,0,0,0,3,1,1,1,100,0,0,0,3,1,1,0.1,3000,0,0,0,0,0,0,0,0,0,0,0,0,0,0,0,0,0,0,0,0,0,0,0,0,0,0,0,0,0,0,0,0,0,0,0,0,0,0,0,0,0,0,0,0,0,0,0,0,0,0,0
1989,238,0,11,42.537,2,8,0,-1,0,0,1,1,25,0,0,0,1028,0,0,0,0,0,1,1,0,0,0,130.1053248,0,0,0,0,3,1,1,1,100,0,0,0,3,1,1,0.1,3000,0,0,0,0,0,0,0,0,0,0,0,0,0,0,0,0,0,0,0,0,0,0,0,0,0,0,0,0,0,0,0,0,0,0,0,0,0,0,0,0,0,0,0,0,0,0,0,0,0,0,0
1989,238,0,12,5.457,2,8,0,-1,1,0,1,1,25,0,0,0,1028,0,0,0,0,0,1,1,0,0,0,130.1440716,0,0,0,0,3,1,1,1,100,0,0,0,3,1,1,0.1,3000,0,0,0,0,0,0,0,0,0,0,0,0,0,0,0,0,0,0,0,0,0,0,0,0,0,0,0,0,0,0,0,0,0,0,0,0,0,0,0,0,0,0,0,0,0,0,0,0,0,0,0
1989,238,0,13,18.537,2,8,0,-1,0,0,1,1,25,0,0,0,1028,0,0,0,0,0,1,1,0,0,0,130.2676137,0,0,0,0,3,1,1,1,100,0,0,0,3,1,1,0.1,3000,0,0,0,0,0,0,0,0,0,0,0,0,0,0,0,0,0,0,0,0,0,0,0,0,0,0,0,0,0,0,0,0,0,0,0,0,0,0,0,0,0,0,0,0,0,0,0,0,0,0,0
1989,238,0,13,41.456,2,8,0,-1,1,0,1,1,25,0,0,0,1028,0,0,0,0,0,1,1,0,0,0,130.3063579,0,0,0,0,3,1,1,1,100,0,0,0,3,1,1,0.1,3000,0,0,0,0,0,0,0,0,0,0,0,0,0,0,0,0,0,0,0,0,0,0,0,0,0,0,0,0,0,0,0,0,0,0,0,0,0,0,0,0,0,0,0,0,0,0,0,0,0,0,0
1989,238,0,14,54.537,2,8,0,-1,0,0,1,1,25,0,0,0,1028,0,0,0,0,0,1,1,0,0,0,130.4298988,0,0,0,0,3,1,1,1,100,0,0,0,3,1,1,0.1,3000,0,0,0,0,0,0,0,0,0,0,0,0,0,0,0,0,0,0,0,0,0,0,0,0,0,0,0,0,0,0,0,0,0,0,0,0,0,0,0,0,0,0,0,0,0,0,0,0,0,0,0
1989,238,0,15,17.457,2,8,0,-1,1,0,1,1,25,0,0,0,1028,0,0,0,0,0,1,1,0,0,0,130.468643,0,0,0,0,3,1,1,1,100,0,0,0,3,1,1,0.1,3000,0,0,0,0,0,0,0,0,0,0,0,0,0,0,0,0,0,0,0,0,0,0,0,0,0,0,0,0,0,0,0,0,0,0,0,0,0,0,0,0,0,0,0,0,0,0,0,0,0,0,0
1989,238,0,18,54.536,2,8,0,-1,0,0,1,1,25,0,0,0,1028,0,0,0,0,0,1,1,0,0,0,130.8355945,0,0,0,0,3,1,1,1,100,0,0,0,3,1,1,0.1,3000,0,0,0,0,0,0,0,0,0,0,0,0,0,0,0,0,0,0,0,0,0,0,0,0,0,0,0,0,0,0,0,0,0,0,0,0,0,0,0,0,0,0,0,0,0,0,0,0,0,0,0
1989,238,0,19,17.456,2,8,0,-1,1,0,1,1,25,0,0,0,1028,0,0,0,0,0,1,1,0,0,0,130.8743364,0,0,0,0,3,1,1,1,100,0,0,0,3,1,1,0.1,3000,0,0,0,0,0,0,0,0,0,0,0,0,0,0,0,0,0,0,0,0,0,0,0,0,0,0,0,0,0,0,0,0,0,0,0,0,0,0,0,0,0,0,0,0,0,0,0,0,0,0,0
1989,238,0,20,30.536,2,8,0,-1,0,0,1,1,25,0,0,0,1028,0,0,0,0,0,1,1,0,0,0,130.9978657,0,0,0,0,3,1,1,1,100,0,0,0,3,1,1,0.1,3000,0,0,0,0,0,0,0,0,0,0,0,0,0,0,0,0,0,0,0,0,0,0,0,0,0,0,0,0,0,0,0,0,0,0,0,0,0,0,0,0,0,0,0,0,0,0,0,0,0,0,0
1989,238,0,20,53.456,2,8,0,-1,1,0,1,1,25,0,0,0,1028,0,0,0,0,0,1,1,0,0,0,131.0366067,0,0,0,0,3,1,1,1,100,0,0,0,3,1,1,0.1,3000,0,0,0,0,0,0,0,0,0,0,0,0,0,0,0,0,0,0,0,0,0,0,0,0,0,0,0,0,0,0,0,0,0,0,0,0,0,0,0,0,0,0,0,0,0,0,0,0,0,0,0
1989,238,0,22,6.536,2,8,0,-1,0,0,1,1,25,0,0,0,1028,0,0,0,0,0,1,1,0,0,0,131.160134,0,0,0,0,3,1,1,1,100,0,0,0,3,1,1,0.1,3000,0,0,0,0,0,0,0,0,0,0,0,0,0,0,0,0,0,0,0,0,0,0,0,0,0,0,0,0,0,0,0,0,0,0,0,0,0,0,0,0,0,0,0,0,0,0,0,0,0,0,0
1989,238,0,22,29.455,2,8,0,-1,1,0,1,1,25,0,0,0,1028,0,0,0,0,0,1,1,0,0,0,131.1988734,0,0,0,0,3,1,1,1,100,0,0,0,3,1,1,0.1,3000,0,0,0,0,0,0,0,0,0,0,0,0,0,0,0,0,0,0,0,0,0,0,0,0,0,0,0,0,0,0,0,0,0,0,0,0,0,0,0,0,0,0,0,0,0,0,0,0,0,0,0
1989,238,0,23,42.536,2,8,0,-1,0,0,1,1,25,0,0,0,1028,0,0,0,0,0,1,1,0,0,0,131.3223987,0,0,0,0,3,1,1,1,100,0,0,0,3,1,1,0.1,3000,0,0,0,0,0,0,0,0,0,0,0,0,0,0,0,0,0,0,0,0,0,0,0,0,0,0,0,0,0,0,0,0,0,0,0,0,0,0,0,0,0,0,0,0,0,0,0,0,0,0,0
1989,238,0,24,5.456,2,8,0,-1,1,0,1,1,25,0,0,0,1028,0,0,0,0,0,1,1,0,0,0,131.3611388,0,0,0,0,3,1,1,1,100,0,0,0,3,1,1,0.1,3000,0,0,0,0,0,0,0,0,0,0,0,0,0,0,0,0,0,0,0,0,0,0,0,0,0,0,0,0,0,0,0,0,0,0,0,0,0,0,0,0,0,0,0,0,0,0,0,0,0,0,0
1989,238,0,25,18.536,2,8,0,-1,0,0,1,1,25,0,0,0,1028,0,0,0,0,0,1,1,0,0,0,131.4846596,0,0,0,0,3,1,1,1,100,0,0,0,3,1,1,0.1,3000,0,0,0,0,0,0,0,0,0,0,0,0,0,0,0,0,0,0,0,0,0,0,0,0,0,0,0,0,0,0,0,0,0,0,0,0,0,0,0,0,0,0,0,0,0,0,0,0,0,0,0
1989,238,0,25,41.455,2,8,0,-1,1,0,1,1,25,0,0,0,1028,0,0,0,0,0,1,1,0,0,0,131.5233971,0,0,0,0,3,1,1,1,100,0,0,0,3,1,1,0.1,3000,0,0,0,0,0,0,0,0,0,0,0,0,0,0,0,0,0,0,0,0,0,0,0,0,0,0,0,0,0,0,0,0,0,0,0,0,0,0,0,0,0,0,0,0,0,0,0,0,0,0,0
1989,238,0,26,54.536,2,8,0,-1,0,0,1,1,25,0,0,0,1028,0,0,0,0,0,1,1,0,0,0,131.6469168,0,0,0,0,3,1,1,1,100,0,0,0,3,1,1,0.1,3000,0,0,0,0,0,0,0,0,0,0,0,0,0,0,0,0,0,0,0,0,0,0,0,0,0,0,0,0,0,0,0,0,0,0,0,0,0,0,0,0,0,0,0,0,0,0,0,0,0,0,0
1989,238,0,27,17.456,2,8,0,-1,1,0,1,1,25,0,0,0,1028,0,0,0,0,0,1,1,0,0,0,131.6856543,0,0,0,0,3,1,1,1,100,0,0,0,3,1,1,0.1,3000,0,0,0,0,0,0,0,0,0,0,0,0,0,0,0,0,0,0,0,0,0,0,0,0,0,0,0,0,0,0,0,0,0,0,0,0,0,0,0,0,0,0,0,0,0,0,0,0,0,0,0
1989,238,0,30,54.536,2,8,0,-1,0,0,1,1,25,0,0,0,1028,0,0,0,0,0,1,1,0,0,0,132.0525438,0,0,0,0,3,1,1,1,100,0,0,0,3,1,1,0.1,3000,0,0,0,0,0,0,0,0,0,0,0,0,0,0,0,0,0,0,0,0,0,0,0,0,0,0,0,0,0,0,0,0,0,0,0,0,0,0,0,0,0,0,0,0,0,0,0,0,0,0,0
1989,238,0,31,17.456,2,8,0,-1,1,0,1,1,25,0,0,0,1028,0,0,0,0,0,1,1,0,0,0,132.0912791,0,0,0,0,3,1,1,1,100,0,0,0,3,1,1,0.1,3000,0,0,0,0,0,0,0,0,0,0,0,0,0,0,0,0,0,0,0,0,0,0,0,0,0,0,0,0,0,0,0,0,0,0,0,0,0,0,0,0,0,0,0,0,0,0,0,0,0,0,0
1989,238,0,32,30.535,2,8,0,-1,0,0,1,1,25,0,0,0,1028,0,0,0,0,0,1,1,0,0,0,132.2147865,0,0,0,0,3,1,1,1,100,0,0,0,3,1,1,0.1,3000,0,0,0,0,0,0,0,0,0,0,0,0,0,0,0,0,0,0,0,0,0,0,0,0,0,0,0,0,0,0,0,0,0,0,0,0,0,0,0,0,0,0,0,0,0,0,0,0,0,0,0
1989,238,0,32,53.455,2,8,0,-1,1,0,1,1,25,0,0,0,1028,0,0,0,0,0,1,1,0,0,0,132.2535209,0,0,0,0,3,1,1,1,100,0,0,0,3,1,1,0.1,3000,0,0,0,0,0,0,0,0,0,0,0,0,0,0,0,0,0,0,0,0,0,0,0,0,0,0,0,0,0,0,0,0,0,0,0,0,0,0,0,0,0,0,0,0,0,0,0,0,0,0,0
1989,238,0,34,6.535,2,8,0,-1,0,0,1,1,25,0,0,0,1028,0,0,0,0,0,1,1,0,0,0,132.3770272,0,0,0,0,3,1,1,1,100,0,0,0,3,1,1,0.1,3000,0,0,0,0,0,0,0,0,0,0,0,0,0,0,0,0,0,0,0,0,0,0,0,0,0,0,0,0,0,0,0,0,0,0,0,0,0,0,0,0,0,0,0,0,0,0,0,0,0,0,0
1989,238,0,34,29.455,2,8,0,-1,1,0,1,1,25,0,0,0,1028,0,0,0,0,0,1,1,0,0,0,132.4157608,0,0,0,0,3,1,1,1,100,0,0,0,3,1,1,0.1,3000,0,0,0,0,0,0,0,0,0,0,0,0,0,0,0,0,0,0,0,0,0,0,0,0,0,0,0,0,0,0,0,0,0,0,0,0,0,0,0,0,0,0,0,0,0,0,0,0,0,0,0
1989,238,0,35,42.535,2,8,0,-1,0,0,1,1,25,0,0,0,1028,0,0,0,0,0,1,1,0,0,0,132.5392643,0,0,0,0,3,1,1,1,100,0,0,0,3,1,1,0.1,3000,0,0,0,0,0,0,0,0,0,0,0,0,0,0,0,0,0,0,0,0,0,0,0,0,0,0,0,0,0,0,0,0,0,0,0,0,0,0,0,0,0,0,0,0,0,0,0,0,0,0,0
1989,238,0,36,5.455,2,8,0,-1,1,0,1,1,25,0,0,0,1028,0,0,0,0,0,1,1,0,0,0,132.5779979,0,0,0,0,3,1,1,1,100,0,0,0,3,1,1,0.1,3000,0,0,0,0,0,0,0,0,0,0,0,0,0,0,0,0,0,0,0,0,0,0,0,0,0,0,0,0,0,0,0,0,0,0,0,0,0,0,0,0,0,0,0,0,0,0,0,0,0,0,0
1989,238,0,37,18.535,2,8,0,-1,0,0,1,1,25,0,0,0,1028,0,0,0,0,0,1,1,0,0,0,132.7014978,0,0,0,0,3,1,1,1,100,0,0,0,3,1,1,0.1,3000,0,0,0,0,0,0,0,0,0,0,0,0,0,0,0,0,0,0,0,0,0,0,0,0,0,0,0,0,0,0,0,0,0,0,0,0,0,0,0,0,0,0,0,0,0,0,0,0,0,0,0
1989,238,0,37,41.454,2,8,0,-1,1,0,1,1,25,0,0,0,1028,0,0,0,0,0,1,1,0,0,0,132.7402288,0,0,0,0,3,1,1,1,100,0,0,0,3,1,1,0.1,3000,0,0,0,0,0,0,0,0,0,0,0,0,0,0,0,0,0,0,0,0,0,0,0,0,0,0,0,0,0,0,0,0,0,0,0,0,0,0,0,0,0,0,0,0,0,0,0,0,0,0,0
1989,238,0,38,54.535,2,8,0,-1,0,0,1,1,25,0,0,0,1028,0,0,0,0,0,1,1,0,0,0,132.8637276,0,0,0,0,3,1,1,1,100,0,0,0,3,1,1,0.1,3000,0,0,0,0,0,0,0,0,0,0,0,0,0,0,0,0,0,0,0,0,0,0,0,0,0,0,0,0,0,0,0,0,0,0,0,0,0,0,0,0,0,0,0,0,0,0,0,0,0,0,0
1989,238,0,39,17.455,2,8,0,-1,1,0,1,1,25,0,0,0,1028,0,0,0,0,0,1,1,0,0,0,132.9024594,0,0,0,0,3,1,1,1,100,0,0,0,3,1,1,0.1,3000,0,0,0,0,0,0,0,0,0,0,0,0,0,0,0,0,0,0,0,0,0,0,0,0,0,0,0,0,0,0,0,0,0,0,0,0,0,0,0,0,0,0,0,0,0,0,0,0,0,0,0
1989,238,0,42,54.535,2,8,0,-1,0,0,1,1,25,0,0,0,1028,0,0,0,0,0,1,1,0,0,0,133.2692864,0,0,0,0,3,1,1,1,100,0,0,0,3,1,1,0.1,3000,0,0,0,0,0,0,0,0,0,0,0,0,0,0,0,0,0,0,0,0,0,0,0,0,0,0,0,0,0,0,0,0,0,0,0,0,0,0,0,0,0,0,0,0,0,0,0,0,0,0,0
1989,238,0,43,17.455,2,8,0,-1,1,0,1,1,25,0,0,0,1028,0,0,0,0,0,1,1,0,0,0,133.308016,0,0,0,0,3,1,1,1,100,0,0,0,3,1,1,0.1,3000,0,0,0,0,0,0,0,0,0,0,0,0,0,0,0,0,0,0,0,0,0,0,0,0,0,0,0,0,0,0,0,0,0,0,0,0,0,0,0,0,0,0,0,0,0,0,0,0,0,0,0
1989,238,0,44,30.535,2,8,0,-1,0,0,1,1,25,0,0,0,1028,0,0,0,0,0,1,1,0,0,0,133.4315036,0,0,0,0,3,1,1,1,100,0,0,0,3,1,1,0.1,3000,0,0,0,0,0,0,0,0,0,0,0,0,0,0,0,0,0,0,0,0,0,0,0,0,0,0,0,0,0,0,0,0,0,0,0,0,0,0,0,0,0,0,0,0,0,0,0,0,0,0,0
1989,238,0,44,53.455,2,8,0,-1,1,0,1,1,25,0,0,0,1028,0,0,0,0,0,1,1,0,0,0,133.4702316,0,0,0,0,3,1,1,1,100,0,0,0,3,1,1,0.1,3000,0,0,0,0,0,0,0,0,0,0,0,0,0,0,0,0,0,0,0,0,0,0,0,0,0,0,0,0,0,0,0,0,0,0,0,0,0,0,0,0,0,0,0,0,0,0,0,0,0,0,0
1989,238,0,46,6.534,2,8,0,-1,0,0,1,1,25,0,0,0,1028,0,0,0,0,0,1,1,0,0,0,133.5937155,0,0,0,0,3,1,1,1,100,0,0,0,3,1,1,0.1,3000,0,0,0,0,0,0,0,0,0,0,0,0,0,0,0,0,0,0,0,0,0,0,0,0,0,0,0,0,0,0,0,0,0,0,0,0,0,0,0,0,0,0,0,0,0,0,0,0,0,0,0
1989,238,0,46,29.453,2,8,0,-1,1,0,1,1,25,0,0,0,1028,0,0,0,0,0,1,1,0,0,0,133.6324426,0,0,0,0,3,1,1,1,100,0,0,0,3,1,1,0.1,3000,0,0,0,0,0,0,0,0,0,0,0,0,0,0,0,0,0,0,0,0,0,0,0,0,0,0,0,0,0,0,0,0,0,0,0,0,0,0,0,0,0,0,0,0,0,0,0,0,0,0,0
1989,238,0,47,42.534,2,8,0,-1,0,0,1,1,25,0,0,0,1028,0,0,0,0,0,1,1,0,0,0,133.7559256,0,0,0,0,3,1,1,1,100,0,0,0,3,1,1,0.1,3000,0,0,0,0,0,0,0,0,0,0,0,0,0,0,0,0,0,0,0,0,0,0,0,0,0,0,0,0,0,0,0,0,0,0,0,0,0,0,0,0,0,0,0,0,0,0,0,0,0,0,0
1989,238,0,48,5.454,2,8,0,-1,1,0,1,1,25,0,0,0,1028,0,0,0,0,0,1,1,0,0,0,133.7946527,0,0,0,0,3,1,1,1,100,0,0,0,3,1,1,0.1,3000,0,0,0,0,0,0,0,0,0,0,0,0,0,0,0,0,0,0,0,0,0,0,0,0,0,0,0,0,0,0,0,0,0,0,0,0,0,0,0,0,0,0,0,0,0,0,0,0,0,0,0
1989,238,0,49,18.534,2,8,0,-1,0,0,1,1,25,0,0,0,1028,0,0,0,0,0,1,1,0,0,0,133.9181321,0,0,0,0,3,1,1,1,100,0,0,0,3,1,1,0.1,3000,0,0,0,0,0,0,0,0,0,0,0,0,0,0,0,0,0,0,0,0,0,0,0,0,0,0,0,0,0,0,0,0,0,0,0,0,0,0,0,0,0,0,0,0,0,0,0,0,0,0,0
1989,238,0,49,41.453,2,8,0,-1,1,0,1,1,25,0,0,0,1028,0,0,0,0,0,1,1,0,0,0,133.9568575,0,0,0,0,3,1,1,1,100,0,0,0,3,1,1,0.1,3000,0,0,0,0,0,0,0,0,0,0,0,0,0,0,0,0,0,0,0,0,0,0,0,0,0,0,0,0,0,0,0,0,0,0,0,0,0,0,0,0,0,0,0,0,0,0,0,0,0,0,0
1989,238,0,50,54.534,2,8,0,-1,0,0,1,1,25,0,0,0,1028,0,0,0,0,0,1,1,0,0,0,134.080335,0,0,0,0,3,1,1,1,100,0,0,0,3,1,1,0.1,3000,0,0,0,0,0,0,0,0,0,0,0,0,0,0,0,0,0,0,0,0,0,0,0,0,0,0,0,0,0,0,0,0,0,0,0,0,0,0,0,0,0,0,0,0,0,0,0,0,0,0,0
1989,238,0,51,17.454,2,8,0,-1,1,0,1,1,25,0,0,0,1028,0,0,0,0,0,1,1,0,0,0,134.1190604,0,0,0,0,3,1,1,1,100,0,0,0,3,1,1,0.1,3000,0,0,0,0,0,0,0,0,0,0,0,0,0,0,0,0,0,0,0,0,0,0,0,0,0,0,0,0,0,0,0,0,0,0,0,0,0,0,0,0,0,0,0,0,0,0,0,0,0,0,0
1989,238,0,54,54.534,2,8,0,-1,0,0,1,1,25,0,0,0,1028,0,0,0,0,0,1,1,0,0,0,134.4858268,0,0,0,0,3,1,1,1,100,0,0,0,3,1,1,0.1,3000,0,0,0,0,0,0,0,0,0,0,0,0,0,0,0,0,0,0,0,0,0,0,0,0,0,0,0,0,0,0,0,0,0,0,0,0,0,0,0,0,0,0,0,0,0,0,0,0,0,0,0
1989,238,0,55,17.454,2,8,0,-1,1,0,1,1,25,0,0,0,1028,0,0,0,0,0,1,1,0,0,0,134.5245501,0,0,0,0,3,1,1,1,100,0,0,0,3,1,1,0.1,3000,0,0,0,0,0,0,0,0,0,0,0,0,0,0,0,0,0,0,0,0,0,0,0,0,0,0,0,0,0,0,0,0,0,0,0,0,0,0,0,0,0,0,0,0,0,0,0,0,0,0,0
1989,238,0,56,30.534,2,8,0,-1,0,0,1,1,25,0,0,0,1028,0,0,0,0,0,1,1,0,0,0,134.6480174,0,0,0,0,3,1,1,1,100,0,0,0,3,1,1,0.1,3000,0,0,0,0,0,0,0,0,0,0,0,0,0,0,0,0,0,0,0,0,0,0,0,0,0,0,0,0,0,0,0,0,0,0,0,0,0,0,0,0,0,0,0,0,0,0,0,0,0,0,0
1989,238,0,56,53.454,2,8,0,-1,1,0,1,1,25,0,0,0,1028,0,0,0,0,0,1,1,0,0,0,134.6867398,0,0,0,0,3,1,1,1,100,0,0,0,3,1,1,0.1,3000,0,0,0,0,0,0,0,0,0,0,0,0,0,0,0,0,0,0,0,0,0,0,0,0,0,0,0,0,0,0,0,0,0,0,0,0,0,0,0,0,0,0,0,0,0,0,0,0,0,0,0
1989,238,0,58,6.533,2,8,0,-1,0,0,1,1,25,0,0,0,1028,0,0,0,0,0,1,1,0,0,0,134.8102036,0,0,0,0,3,1,1,1,100,0,0,0,3,1,1,0.1,3000,0,0,0,0,0,0,0,0,0,0,0,0,0,0,0,0,0,0,0,0,0,0,0,0,0,0,0,0,0,0,0,0,0,0,0,0,0,0,0,0,0,0,0,0,0,0,0,0,0,0,0
1989,238,0,58,29.453,2,8,0,-1,1,0,1,1,25,0,0,0,1028,0,0,0,0,0,1,1,0,0,0,134.8489243,0,0,0,0,3,1,1,1,100,0,0,0,3,1,1,0.1,3000,0,0,0,0,0,0,0,0,0,0,0,0,0,0,0,0,0,0,0,0,0,0,0,0,0,0,0,0,0,0,0,0,0,0,0,0,0,0,0,0,0,0,0,0,0,0,0,0,0,0,0
1989,238,0,59,42.533,2,8,0,-1,0,0,1,1,25,0,0,0,1028,0,0,0,0,0,1,1,0,0,0,134.9723862,0,0,0,0,3,1,1,1,100,0,0,0,3,1,1,0.1,3000,0,0,0,0,0,0,0,0,0,0,0,0,0,0,0,0,0,0,0,0,0,0,0,0,0,0,0,0,0,0,0,0,0,0,0,0,0,0,0,0,0,0,0,0,0,0,0,0,0,0,0
1989,238,1,0,5.453,2,8,0,-1,1,0,1,1,25,0,0,0,1028,0,0,0,0,0,1,1,0,0,0,135.011107,0,0,0,0,3,1,1,1,100,0,0,0,3,1,1,0.1,3000,0,0,0,0,0,0,0,0,0,0,0,0,0,0,0,0,0,0,0,0,0,0,0,0,0,0,0,0,0,0,0,0,0,0,0,0,0,0,0,0,0,0,0,0,0,0,0,0,0,0,0
1989,238,1,1,18.533,2,8,0,-1,0,0,1,1,25,0,0,0,1028,0,0,0,0,0,1,1,0,0,0,135.1345663,0,0,0,0,3,1,1,1,100,0,0,0,3,1,1,0.1,3000,0,0,0,0,0,0,0,0,0,0,0,0,0,0,0,0,0,0,0,0,0,0,0,0,0,0,0,0,0,0,0,0,0,0,0,0,0,0,0,0,0,0,0,0,0,0,0,0,0,0,0
1989,238,1,1,41.452,2,8,0,-1,1,0,1,1,25,0,0,0,1028,0,0,0,0,0,1,1,0,0,0,135.1732854,0,0,0,0,3,1,1,1,100,0,0,0,3,1,1,0.1,3000,0,0,0,0,0,0,0,0,0,0,0,0,0,0,0,0,0,0,0,0,0,0,0,0,0,0,0,0,0,0,0,0,0,0,0,0,0,0,0,0,0,0,0,0,0,0,0,0,0,0,0
1989,238,1,2,54.533,2,8,0,-1,0,0,1,1,25,0,0,0,1028,0,0,0,0,0,1,1,0,0,0,135.2967428,0,0,0,0,3,1,1,1,100,0,0,0,3,1,1,0.1,3000,0,0,0,0,0,0,0,0,0,0,0,0,0,0,0,0,0,0,0,0,0,0,0,0,0,0,0,0,0,0,0,0,0,0,0,0,0,0,0,0,0,0,0,0,0,0,0,0,0,0,0
1989,238,1,3,17.453,2,8,0,-1,1,0,1,1,25,0,0,0,1028,0,0,0,0,0,1,1,0,0,0,135.3354619,0,0,0,0,3,1,1,1,100,0,0,0,3,1,1,0.1,3000,0,0,0,0,0,0,0,0,0,0,0,0,0,0,0,0,0,0,0,0,0,0,0,0,0,0,0,0,0,0,0,0,0,0,0,0,0,0,0,0,0,0,0,0,0,0,0,0,0,0,0
1989,238,1,6,54.533,2,8,0,-1,0,0,1,1,25,0,0,0,1028,0,0,0,0,0,1,1,0,0,0,135.7021689,0,0,0,0,3,1,1,1,100,0,0,0,3,1,1,0.1,3000,0,0,0,0,0,0,0,0,0,0,0,0,0,0,0,0,0,0,0,0,0,0,0,0,0,0,0,0,0,0,0,0,0,0,0,0,0,0,0,0,0,0,0,0,0,0,0,0,0,0,0
1989,238,1,7,17.453,2,8,0,-1,1,0,1,1,25,0,0,0,1028,0,0,0,0,0,1,1,0,0,0,135.7408859,0,0,0,0,3,1,1,1,100,0,0,0,3,1,1,0.1,3000,0,0,0,0,0,0,0,0,0,0,0,0,0,0,0,0,0,0,0,0,0,0,0,0,0,0,0,0,0,0,0,0,0,0,0,0,0,0,0,0,0,0,0,0,0,0,0,0,0,0,0
1989,238,1,8,30.533,2,8,0,-1,0,0,1,1,25,0,0,0,1028,0,0,0,0,0,1,1,0,0,0,135.8643333,0,0,0,0,3,1,1,1,100,0,0,0,3,1,1,0.1,3000,0,0,0,0,0,0,0,0,0,0,0,0,0,0,0,0,0,0,0,0,0,0,0,0,0,0,0,0,0,0,0,0,0,0,0,0,0,0,0,0,0,0,0,0,0,0,0,0,0,0,0
1989,238,1,8,53.453,2,8,0,-1,1,0,1,1,25,0,0,0,1028,0,0,0,0,0,1,1,0,0,0,135.9030495,0,0,0,0,3,1,1,1,100,0,0,0,3,1,1,0.1,3000,0,0,0,0,0,0,0,0,0,0,0,0,0,0,0,0,0,0,0,0,0,0,0,0,0,0,0,0,0,0,0,0,0,0,0,0,0,0,0,0,0,0,0,0,0,0,0,0,0,0,0
1989,238,1,10,6.533,2,8,0,-1,0,0,1,1,25,0,0,0,1028,0,0,0,0,0,1,1,0,0,0,136.0264942,0,0,0,0,3,1,1,1,100,0,0,0,3,1,1,0.1,3000,0,0,0,0,0,0,0,0,0,0,0,0,0,0,0,0,0,0,0,0,0,0,0,0,0,0,0,0,0,0,0,0,0,0,0,0,0,0,0,0,0,0,0,0,0,0,0,0,0,0,0
1989,238,1,10,29.452,2,8,0,-1,1,0,1,1,25,0,0,0,1028,0,0,0,0,0,1,1,0,0,0,136.0652087,0,0,0,0,3,1,1,1,100,0,0,0,3,1,1,0.1,3000,0,0,0,0,0,0,0,0,0,0,0,0,0,0,0,0,0,0,0,0,0,0,0,0,0,0,0,0,0,0,0,0,0,0,0,0,0,0,0,0,0,0,0,0,0,0,0,0,0,0,0
1989,238,1,11,42.532,2,8,0,-1,0,0,1,1,25,0,0,0,1028,0,0,0,0,0,1,1,0,0,0,136.18865,0,0,0,0,3,1,1,1,100,0,0,0,3,1,1,0.1,3000,0,0,0,0,0,0,0,0,0,0,0,0,0,0,0,0,0,0,0,0,0,0,0,0,0,0,0,0,0,0,0,0,0,0,0,0,0,0,0,0,0,0,0,0,0,0,0,0,0,0,0
1989,238,1,12,5.452,2,8,0,-1,1,0,1,1,25,0,0,0,1028,0,0,0,0,0,1,1,0,0,0,136.2273646,0,0,0,0,3,1,1,1,100,0,0,0,3,1,1,0.1,3000,0,0,0,0,0,0,0,0,0,0,0,0,0,0,0,0,0,0,0,0,0,0,0,0,0,0,0,0,0,0,0,0,0,0,0,0,0,0,0,0,0,0,0,0,0,0,0,0,0,0,0
1989,238,1,13,18.532,2,8,0,-1,0,0,1,1,25,0,0,0,1028,0,0,0,0,0,1,1,0,0,0,136.350804,0,0,0,0,3,1,1,1,100,0,0,0,3,1,1,0.1,3000,0,0,0,0,0,0,0,0,0,0,0,0,0,0,0,0,0,0,0,0,0,0,0,0,0,0,0,0,0,0,0,0,0,0,0,0,0,0,0,0,0,0,0,0,0,0,0,0,0,0,0
1989,238,1,13,41.452,2,8,0,-1,1,0,1,1,25,0,0,0,1028,0,0,0,0,0,1,1,0,0,0,136.3895178,0,0,0,0,3,1,1,1,100,0,0,0,3,1,1,0.1,3000,0,0,0,0,0,0,0,0,0,0,0,0,0,0,0,0,0,0,0,0,0,0,0,0,0,0,0,0,0,0,0,0,0,0,0,0,0,0,0,0,0,0,0,0,0,0,0,0,0,0,0
1989,238,1,14,54.532,2,8,0,-1,0,0,1,1,25,0,0,0,1028,0,0,0,0,0,1,1,0,0,0,136.5129546,0,0,0,0,3,1,1,1,100,0,0,0,3,1,1,0.1,3000,0,0,0,0,0,0,0,0,0,0,0,0,0,0,0,0,0,0,0,0,0,0,0,0,0,0,0,0,0,0,0,0,0,0,0,0,0,0,0,0,0,0,0,0,0,0,0,0,0,0,0
1989,238,1,15,17.452,2,8,0,-1,1,0,1,1,25,0,0,0,1028,0,0,0,0,0,1,1,0,0,0,136.5516676,0,0,0,0,3,1,1,1,100,0,0,0,3,1,1,0.1,3000,0,0,0,0,0,0,0,0,0,0,0,0,0,0,0,0,0,0,0,0,0,0,0,0,0,0,0,0,0,0,0,0,0,0,0,0,0,0,0,0,0,0,0,0,0,0,0,0,0,0,0
1989,238,1,18,54.532,2,8,0,-1,0,0,1,1,25,0,0,0,1028,0,0,0,0,0,1,1,0,0,0,136.9183162,0,0,0,0,3,1,1,1,100,0,0,0,3,1,1,0.1,3000,0,0,0,0,0,0,0,0,0,0,0,0,0,0,0,0,0,0,0,0,0,0,0,0,0,0,0,0,0,0,0,0,0,0,0,0,0,0,0,0,0,0,0,0,0,0,0,0,0,0,0
1989,238,1,19,17.452,2,8,0,-1,1,0,1,1,25,0,0,0,1028,0,0,0,0,0,1,1,0,0,0,136.9570271,0,0,0,0,3,1,1,1,100,0,0,0,3,1,1,0.1,3000,0,0,0,0,0,0,0,0,0,0,0,0,0,0,0,0,0,0,0,0,0,0,0,0,0,0,0,0,0,0,0,0,0,0,0,0,0,0,0,0,0,0,0,0,0,0,0,0,0,0,0
1989,238,1,20,30.532,2,8,0,-1,0,0,1,1,25,0,0,0,1028,0,0,0,0,0,1,1,0,0,0,137.0804548,0,0,0,0,3,1,1,1,100,0,0,0,3,1,1,0.1,3000,0,0,0,0,0,0,0,0,0,0,0,0,0,0,0,0,0,0,0,0,0,0,0,0,0,0,0,0,0,0,0,0,0,0,0,0,0,0,0,0,0,0,0,0,0,0,0,0,0,0,0
1989,238,1,20,53.452,2,8,0,-1,1,0,1,1,25,0,0,0,1028,0,0,0,0,0,1,1,0,0,0,137.1191649,0,0,0,0,3,1,1,1,100,0,0,0,3,1,1,0.1,3000,0,0,0,0,0,0,0,0,0,0,0,0,0,0,0,0,0,0,0,0,0,0,0,0,0,0,0,0,0,0,0,0,0,0,0,0,0,0,0,0,0,0,0,0,0,0,0,0,0,0,0
1989,238,1,22,6.532,2,8,0,-1,0,0,1,1,25,0,0,0,1028,0,0,0,0,0,1,1,0,0,0,137.2425901,0,0,0,0,3,1,1,1,100,0,0,0,3,1,1,0.1,3000,0,0,0,0,0,0,0,0,0,0,0,0,0,0,0,0,0,0,0,0,0,0,0,0,0,0,0,0,0,0,0,0,0,0,0,0,0,0,0,0,0,0,0,0,0,0,0,0,0,0,0
1989,238,1,22,29.452,2,8,0,-1,1,0,1,1,25,0,0,0,1028,0,0,0,0,0,1,1,0,0,0,137.2812994,0,0,0,0,3,1,1,1,100,0,0,0,3,1,1,0.1,3000,0,0,0,0,0,0,0,0,0,0,0,0,0,0,0,0,0,0,0,0,0,0,0,0,0,0,0,0,0,0,0,0,0,0,0,0,0,0,0,0,0,0,0,0,0,0,0,0,0,0,0
1989,238,1,23,42.531,2,8,0,-1,0,0,1,1,25,0,0,0,1028,0,0,0,0,0,1,1,0,0,0,137.4047212,0,0,0,0,3,1,1,1,100,0,0,0,3,1,1,0.1,3000,0,0,0,0,0,0,0,0,0,0,0,0,0,0,0,0,0,0,0,0,0,0,0,0,0,0,0,0,0,0,0,0,0,0,0,0,0,0,0,0,0,0,0,0,0,0,0,0,0,0,0
1989,238,1,24,5.451,2,8,0,-1,1,0,1,1,25,0,0,0,1028,0,0,0,0,0,1,1,0,0,0,137.4434297,0,0,0,0,3,1,1,1,100,0,0,0,3,1,1,0.1,3000,0,0,0,0,0,0,0,0,0,0,0,0,0,0,0,0,0,0,0,0,0,0,0,0,0,0,0,0,0,0,0,0,0,0,0,0,0,0,0,0,0,0,0,0,0,0,0,0,0,0,0
1989,238,1,25,18.531,2,8,0,-1,0,0,1,1,25,0,0,0,1028,0,0,0,0,0,1,1,0,0,0,137.5668488,0,0,0,0,3,1,1,1,100,0,0,0,3,1,1,0.1,3000,0,0,0,0,0,0,0,0,0,0,0,0,0,0,0,0,0,0,0,0,0,0,0,0,0,0,0,0,0,0,0,0,0,0,0,0,0,0,0,0,0,0,0,0,0,0,0,0,0,0,0
1989,238,1,25,41.451,2,8,0,-1,1,0,1,1,25,0,0,0,1028,0,0,0,0,0,1,1,0,0,0,137.6055565,0,0,0,0,3,1,1,1,100,0,0,0,3,1,1,0.1,3000,0,0,0,0,0,0,0,0,0,0,0,0,0,0,0,0,0,0,0,0,0,0,0,0,0,0,0,0,0,0,0,0,0,0,0,0,0,0,0,0,0,0,0,0,0,0,0,0,0,0,0
1989,238,1,26,54.531,2,8,0,-1,0,0,1,1,25,0,0,0,1028,0,0,0,0,0,1,1,0,0,0,137.728974,0,0,0,0,3,1,1,1,100,0,0,0,3,1,1,0.1,3000,0,0,0,0,0,0,0,0,0,0,0,0,0,0,0,0,0,0,0,0,0,0,0,0,0,0,0,0,0,0,0,0,0,0,0,0,0,0,0,0,0,0,0,0,0,0,0,0,0,0,0
1989,238,1,27,17.451,2,8,0,-1,1,0,1,1,25,0,0,0,1028,0,0,0,0,0,1,1,0,0,0,137.76768,0,0,0,0,3,1,1,1,100,0,0,0,3,1,1,0.1,3000,0,0,0,0,0,0,0,0,0,0,0,0,0,0,0,0,0,0,0,0,0,0,0,0,0,0,0,0,0,0,0,0,0,0,0,0,0,0,0,0,0,0,0,0,0,0,0,0,0,0,0
1989,238,1,30,54.531,2,8,0,-1,0,0,1,1,25,0,0,0,1028,0,0,0,0,0,1,1,0,0,0,138.1342722,0,0,0,0,3,1,1,1,100,0,0,0,3,1,1,0.1,3000,0,0,0,0,0,0,0,0,0,0,0,0,0,0,0,0,0,0,0,0,0,0,0,0,0,0,0,0,0,0,0,0,0,0,0,0,0,0,0,0,0,0,0,0,0,0,0,0,0,0,0
1989,238,1,31,17.451,2,8,0,-1,1,0,1,1,25,0,0,0,1028,0,0,0,0,0,1,1,0,0,0,138.1729762,0,0,0,0,3,1,1,1,100,0,0,0,3,1,1,0.1,3000,0,0,0,0,0,0,0,0,0,0,0,0,0,0,0,0,0,0,0,0,0,0,0,0,0,0,0,0,0,0,0,0,0,0,0,0,0,0,0,0,0,0,0,0,0,0,0,0,0,0,0
1989,238,1,32,30.531,2,8,0,-1,0,0,1,1,25,0,0,0,1028,0,0,0,0,0,1,1,0,0,0,138.2963856,0,0,0,0,3,1,1,1,100,0,0,0,3,1,1,0.1,3000,0,0,0,0,0,0,0,0,0,0,0,0,0,0,0,0,0,0,0,0,0,0,0,0,0,0,0,0,0,0,0,0,0,0,0,0,0,0,0,0,0,0,0,0,0,0,0,0,0,0,0
1989,238,1,32,53.451,2,8,0,-1,1,0,1,1,25,0,0,0,1028,0,0,0,0,0,1,1,0,0,0,138.3350897,0,0,0,0,3,1,1,1,100,0,0,0,3,1,1,0.1,3000,0,0,0,0,0,0,0,0,0,0,0,0,0,0,0,0,0,0,0,0,0,0,0,0,0,0,0,0,0,0,0,0,0,0,0,0,0,0,0,0,0,0,0,0,0,0,0,0,0,0,0
1989,238,1,34,6.531,2,8,0,-1,0,0,1,1,25,0,0,0,1028,0,0,0,0,0,1,1,0,0,0,138.4584957,0,0,0,0,3,1,1,1,100,0,0,0,3,1,1,0.1,3000,0,0,0,0,0,0,0,0,0,0,0,0,0,0,0,0,0,0,0,0,0,0,0,0,0,0,0,0,0,0,0,0,0,0,0,0,0,0,0,0,0,0,0,0,0,0,0,0,0,0,0
1989,238,1,34,29.451,2,8,0,-1,1,0,1,1,25,0,0,0,1028,0,0,0,0,0,1,1,0,0,0,138.4971981,0,0,0,0,3,1,1,1,100,0,0,0,3,1,1,0.1,3000,0,0,0,0,0,0,0,0,0,0,0,0,0,0,0,0,0,0,0,0,0,0,0,0,0,0,0,0,0,0,0,0,0,0,0,0,0,0,0,0,0,0,0,0,0,0,0,0,0,0,0
1989,238,1,35,42.531,2,8,0,-1,0,0,1,1,25,0,0,0,1028,0,0,0,0,0,1,1,0,0,0,138.6206025,0,0,0,0,3,1,1,1,100,0,0,0,3,1,1,0.1,3000,0,0,0,0,0,0,0,0,0,0,0,0,0,0,0,0,0,0,0,0,0,0,0,0,0,0,0,0,0,0,0,0,0,0,0,0,0,0,0,0,0,0,0,0,0,0,0,0,0,0,0
1989,238,1,36,5.451,2,8,0,-1,1,0,1,1,25,0,0,0,1028,0,0,0,0,0,1,1,0,0,0,138.659305,0,0,0,0,3,1,1,1,100,0,0,0,3,1,1,0.1,3000,0,0,0,0,0,0,0,0,0,0,0,0,0,0,0,0,0,0,0,0,0,0,0,0,0,0,0,0,0,0,0,0,0,0,0,0,0,0,0,0,0,0,0,0,0,0,0,0,0,0,0
1989,238,1,37,18.53,2,8,0,-1,0,0,1,1,25,0,0,0,1028,0,0,0,0,0,1,1,0,0,0,138.7827042,0,0,0,0,3,1,1,1,100,0,0,0,3,1,1,0.1,3000,0,0,0,0,0,0,0,0,0,0,0,0,0,0,0,0,0,0,0,0,0,0,0,0,0,0,0,0,0,0,0,0,0,0,0,0,0,0,0,0,0,0,0,0,0,0,0,0,0,0,0
1989,238,1,37,41.45,2,8,0,-1,1,0,1,1,25,0,0,0,1028,0,0,0,0,0,1,1,0,0,0,138.8214059,0,0,0,0,3,1,1,1,100,0,0,0,3,1,1,0.1,3000,0,0,0,0,0,0,0,0,0,0,0,0,0,0,0,0,0,0,0,0,0,0,0,0,0,0,0,0,0,0,0,0,0,0,0,0,0,0,0,0,0,0,0,0,0,0,0,0,0,0,0
1989,238,1,38,54.53,2,8,0,-1,0,0,1,1,25,0,0,0,1028,0,0,0,0,0,1,1,0,0,0,138.9448044,0,0,0,0,3,1,1,1,100,0,0,0,3,1,1,0.1,3000,0,0,0,0,0,0,0,0,0,0,0,0,0,0,0,0,0,0,0,0,0,0,0,0,0,0,0,0,0,0,0,0,0,0,0,0,0,0,0,0,0,0,0,0,0,0,0,0,0,0,0
1989,238,1,39,17.45,2,8,0,-1,1,0,1,1,25,0,0,0,1028,0,0,0,0,0,1,1,0,0,0,138.9835045,0,0,0,0,3,1,1,1,100,0,0,0,3,1,1,0.1,3000,0,0,0,0,0,0,0,0,0,0,0,0,0,0,0,0,0,0,0,0,0,0,0,0,0,0,0,0,0,0,0,0,0,0,0,0,0,0,0,0,0,0,0,0,0,0,0,0,0,0,0
1989,238,1,42,54.53,2,8,0,-1,0,0,1,1,25,0,0,0,1028,0,0,0,0,0,1,1,0,0,0,139.3500403,0,0,0,0,3,1,1,1,100,0,0,0,3,1,1,0.1,3000,0,0,0,0,0,0,0,0,0,0,0,0,0,0,0,0,0,0,0,0,0,0,0,0,0,0,0,0,0,0,0,0,0,0,0,0,0,0,0,0,0,0,0,0,0,0,0,0,0,0,0
1989,238,1,43,17.45,2,8,0,-1,1,0,1,1,25,0,0,0,1028,0,0,0,0,0,1,1,0,0,0,139.3887384,0,0,0,0,3,1,1,1,100,0,0,0,3,1,1,0.1,3000,0,0,0,0,0,0,0,0,0,0,0,0,0,0,0,0,0,0,0,0,0,0,0,0,0,0,0,0,0,0,0,0,0,0,0,0,0,0,0,0,0,0,0,0,0,0,0,0,0,0,0
1989,238,1,44,30.53,2,8,0,-1,0,0,1,1,25,0,0,0,1028,0,0,0,0,0,1,1,0,0,0,139.5121289,0,0,0,0,3,1,1,1,100,0,0,0,3,1,1,0.1,3000,0,0,0,0,0,0,0,0,0,0,0,0,0,0,0,0,0,0,0,0,0,0,0,0,0,0,0,0,0,0,0,0,0,0,0,0,0,0,0,0,0,0,0,0,0,0,0,0,0,0,0
1989,238,1,44,53.45,2,8,0,-1,1,0,1,1,25,0,0,0,1028,0,0,0,0,0,1,1,0,0,0,139.5508271,0,0,0,0,3,1,1,1,100,0,0,0,3,1,1,0.1,3000,0,0,0,0,0,0,0,0,0,0,0,0,0,0,0,0,0,0,0,0,0,0,0,0,0,0,0,0,0,0,0,0,0,0,0,0,0,0,0,0,0,0,0,0,0,0,0,0,0,0,0
1989,238,1,46,6.53,2,8,0,-1,0,0,1,1,25,0,0,0,1028,0,0,0,0,0,1,1,0,0,0,139.6742143,0,0,0,0,3,1,1,1,100,0,0,0,3,1,1,0.1,3000,0,0,0,0,0,0,0,0,0,0,0,0,0,0,0,0,0,0,0,0,0,0,0,0,0,0,0,0,0,0,0,0,0,0,0,0,0,0,0,0,0,0,0,0,0,0,0,0,0,0,0
1989,238,1,46,29.45,2,8,0,-1,1,0,1,1,25,0,0,0,1028,0,0,0,0,0,1,1,0,0,0,139.7129109,0,0,0,0,3,1,1,1,100,0,0,0,3,1,1,0.1,3000,0,0,0,0,0,0,0,0,0,0,0,0,0,0,0,0,0,0,0,0,0,0,0,0,0,0,0,0,0,0,0,0,0,0,0,0,0,0,0,0,0,0,0,0,0,0,0,0,0,0,0
1989,238,1,47,42.53,2,8,0,-1,0,0,1,1,25,0,0,0,1028,0,0,0,0,0,1,1,0,0,0,139.8362964,0,0,0,0,3,1,1,1,100,0,0,0,3,1,1,0.1,3000,0,0,0,0,0,0,0,0,0,0,0,0,0,0,0,0,0,0,0,0,0,0,0,0,0,0,0,0,0,0,0,0,0,0,0,0,0,0,0,0,0,0,0,0,0,0,0,0,0,0,0
1989,238,1,48,5.45,2,8,0,-1,1,0,1,1,25,0,0,0,1028,0,0,0,0,0,1,1,0,0,0,139.874993,0,0,0,0,3,1,1,1,100,0,0,0,3,1,1,0.1,3000,0,0,0,0,0,0,0,0,0,0,0,0,0,0,0,0,0,0,0,0,0,0,0,0,0,0,0,0,0,0,0,0,0,0,0,0,0,0,0,0,0,0,0,0,0,0,0,0,0,0,0
1989,238,1,49,18.529,2,8,0,-1,0,0,1,1,25,0,0,0,1028,0,0,0,0,0,1,1,0,0,0,139.9983744,0,0,0,0,3,1,1,1,100,0,0,0,3,1,1,0.1,3000,0,0,0,0,0,0,0,0,0,0,0,0,0,0,0,0,0,0,0,0,0,0,0,0,0,0,0,0,0,0,0,0,0,0,0,0,0,0,0,0,0,0,0,0,0,0,0,0,0,0,0
1989,238,1,49,41.45,2,8,0,-1,1,0,1,1,25,0,0,0,1028,0,0,0,0,0,1,1,0,0,0,140.0370702,0,0,0,0,3,1,1,1,100,0,0,0,3,1,1,0.1,3000,0,0,0,0,0,0,0,0,0,0,0,0,0,0,0,0,0,0,0,0,0,0,0,0,0,0,0,0,0,0,0,0,0,0,0,0,0,0,0,0,0,0,0,0,0,0,0,0,0,0,0
1989,238,1,50,54.529,2,8,0,-1,0,0,1,1,25,0,0,0,1028,0,0,0,0,0,1,1,0,0,0,140.1604491,0,0,0,0,3,1,1,1,100,0,0,0,3,1,1,0.1,3000,0,0,0,0,0,0,0,0,0,0,0,0,0,0,0,0,0,0,0,0,0,0,0,0,0,0,0,0,0,0,0,0,0,0,0,0,0,0,0,0,0,0,0,0,0,0,0,0,0,0,0
1989,238,1,51,17.449,2,8,0,-1,1,0,1,1,25,0,0,0,1028,0,0,0,0,0,1,1,0,0,0,140.1991434,0,0,0,0,3,1,1,1,100,0,0,0,3,1,1,0.1,3000,0,0,0,0,0,0,0,0,0,0,0,0,0,0,0,0,0,0,0,0,0,0,0,0,0,0,0,0,0,0,0,0,0,0,0,0,0,0,0,0,0,0,0,0,0,0,0,0,0,0,0
1989,238,1,54,54.529,2,8,0,-1,0,0,1,1,25,0,0,0,1028,0,0,0,0,0,1,1,0,0,0,140.5656239,0,0,0,0,3,1,1,1,100,0,0,0,3,1,1,0.1,3000,0,0,0,0,0,0,0,0,0,0,0,0,0,0,0,0,0,0,0,0,0,0,0,0,0,0,0,0,0,0,0,0,0,0,0,0,0,0,0,0,0,0,0,0,0,0,0,0,0,0,0
1989,238,1,55,17.448,2,8,0,-1,1,0,1,1,25,0,0,0,1028,0,0,0,0,0,1,1,0,0,0,140.6043162,0,0,0,0,3,1,1,1,100,0,0,0,3,1,1,0.1,3000,0,0,0,0,0,0,0,0,0,0,0,0,0,0,0,0,0,0,0,0,0,0,0,0,0,0,0,0,0,0,0,0,0,0,0,0,0,0,0,0,0,0,0,0,0,0,0,0,0,0,0
1989,238,1,56,30.529,2,8,0,-1,0,0,1,1,25,0,0,0,1028,0,0,0,0,0,1,1,0,0,0,140.7276882,0,0,0,0,3,1,1,1,100,0,0,0,3,1,1,0.1,3000,0,0,0,0,0,0,0,0,0,0,0,0,0,0,0,0,0,0,0,0,0,0,0,0,0,0,0,0,0,0,0,0,0,0,0,0,0,0,0,0,0,0,0,0,0,0,0,0,0,0,0
1989,238,1,56,53.449,2,8,0,-1,1,0,1,1,25,0,0,0,1028,0,0,0,0,0,1,1,0,0,0,140.7663806,0,0,0,0,3,1,1,1,100,0,0,0,3,1,1,0.1,3000,0,0,0,0,0,0,0,0,0,0,0,0,0,0,0,0,0,0,0,0,0,0,0,0,0,0,0,0,0,0,0,0,0,0,0,0,0,0,0,0,0,0,0,0,0,0,0,0,0,0,0
1989,238,1,58,6.529,2,8,0,-1,0,0,1,1,25,0,0,0,1028,0,0,0,0,0,1,1,0,0,0,140.8897492,0,0,0,0,3,1,1,1,100,0,0,0,3,1,1,0.1,3000,0,0,0,0,0,0,0,0,0,0,0,0,0,0,0,0,0,0,0,0,0,0,0,0,0,0,0,0,0,0,0,0,0,0,0,0,0,0,0,0,0,0,0,0,0,0,0,0,0,0,0
1989,238,1,58,29.448,2,8,0,-1,1,0,1,1,25,0,0,0,1028,0,0,0,0,0,1,1,0,0,0,140.92844,0,0,0,0,3,1,1,1,100,0,0,0,3,1,1,0.1,3000,0,0,0,0,0,0,0,0,0,0,0,0,0,0,0,0,0,0,0,0,0,0,0,0,0,0,0,0,0,0,0,0,0,0,0,0,0,0,0,0,0,0,0,0,0,0,0,0,0,0,0
1989,238,1,59,42.529,2,8,0,-1,0,0,1,1,25,0,0,0,1028,0,0,0,0,0,1,1,0,0,0,141.0518071,0,0,0,0,3,1,1,1,100,0,0,0,3,1,1,0.1,3000,0,0,0,0,0,0,0,0,0,0,0,0,0,0,0,0,0,0,0,0,0,0,0,0,0,0,0,0,0,0,0,0,0,0,0,0,0,0,0,0,0,0,0,0,0,0,0,0,0,0,0
1989,238,2,0,5.449,2,8,0,-1,1,0,1,1,25,0,0,0,1028,0,0,0,0,0,1,1,0,0,0,141.0904979,0,0,0,0,3,1,1,1,100,0,0,0,3,1,1,0.1,3000,0,0,0,0,0,0,0,0,0,0,0,0,0,0,0,0,0,0,0,0,0,0,0,0,0,0,0,0,0,0,0,0,0,0,0,0,0,0,0,0,0,0,0,0,0,0,0,0,0,0,0
1989,238,2,1,18.529,2,8,0,-1,0,0,1,1,25,0,0,0,1028,0,0,0,0,0,1,1,0,0,0,141.2138617,0,0,0,0,3,1,1,1,100,0,0,0,3,1,1,0.1,3000,0,0,0,0,0,0,0,0,0,0,0,0,0,0,0,0,0,0,0,0,0,0,0,0,0,0,0,0,0,0,0,0,0,0,0,0,0,0,0,0,0,0,0,0,0,0,0,0,0,0,0
1989,238,2,1,41.449,2,8,0,-1,1,0,1,1,25,0,0,0,1028,0,0,0,0,0,1,1,0,0,0,141.2525518,0,0,0,0,3,1,1,1,100,0,0,0,3,1,1,0.1,3000,0,0,0,0,0,0,0,0,0,0,0,0,0,0,0,0,0,0,0,0,0,0,0,0,0,0,0,0,0,0,0,0,0,0,0,0,0,0,0,0,0,0,0,0,0,0,0,0,0,0,0
1989,238,2,2,54.528,2,8,0,-1,0,0,1,1,25,0,0,0,1028,0,0,0,0,0,1,1,0,0,0,141.3759115,0,0,0,0,3,1,1,1,100,0,0,0,3,1,1,0.1,3000,0,0,0,0,0,0,0,0,0,0,0,0,0,0,0,0,0,0,0,0,0,0,0,0,0,0,0,0,0,0,0,0,0,0,0,0,0,0,0,0,0,0,0,0,0,0,0,0,0,0,0
1989,238,2,3,17.448,2,8,0,-1,1,0,1,1,25,0,0,0,1028,0,0,0,0,0,1,1,0,0,0,141.4146008,0,0,0,0,3,1,1,1,100,0,0,0,3,1,1,0.1,3000,0,0,0,0,0,0,0,0,0,0,0,0,0,0,0,0,0,0,0,0,0,0,0,0,0,0,0,0,0,0,0,0,0,0,0,0,0,0,0,0,0,0,0,0,0,0,0,0,0,0,0
1989,238,2,6,54.528,2,8,0,-1,0,0,1,1,25,0,0,0,1028,0,0,0,0,0,1,1,0,0,0,141.7810262,0,0,0,0,3,1,1,1,100,0,0,0,3,1,1,0.1,3000,0,0,0,0,0,0,0,0,0,0,0,0,0,0,0,0,0,0,0,0,0,0,0,0,0,0,0,0,0,0,0,0,0,0,0,0,0,0,0,0,0,0,0,0,0,0,0,0,0,0,0
1989,238,2,7,17.448,2,8,0,-1,1,0,1,1,25,0,0,0,1028,0,0,0,0,0,1,1,0,0,0,141.8197136,0,0,0,0,3,1,1,1,100,0,0,0,3,1,1,0.1,3000,0,0,0,0,0,0,0,0,0,0,0,0,0,0,0,0,0,0,0,0,0,0,0,0,0,0,0,0,0,0,0,0,0,0,0,0,0,0,0,0,0,0,0,0,0,0,0,0,0,0,0
1989,238,2,8,30.528,2,8,0,-1,0,0,1,1,25,0,0,0,1028,0,0,0,0,0,1,1,0,0,0,141.9430666,0,0,0,0,3,1,1,1,100,0,0,0,3,1,1,0.1,3000,0,0,0,0,0,0,0,0,0,0,0,0,0,0,0,0,0,0,0,0,0,0,0,0,0,0,0,0,0,0,0,0,0,0,0,0,0,0,0,0,0,0,0,0,0,0,0,0,0,0,0
1989,238,2,8,53.448,2,8,0,-1,1,0,1,1,25,0,0,0,1028,0,0,0,0,0,1,1,0,0,0,141.9817532,0,0,0,0,3,1,1,1,100,0,0,0,3,1,1,0.1,3000,0,0,0,0,0,0,0,0,0,0,0,0,0,0,0,0,0,0,0,0,0,0,0,0,0,0,0,0,0,0,0,0,0,0,0,0,0,0,0,0,0,0,0,0,0,0,0,0,0,0,0
1989,238,2,10,6.528,2,8,0,-1,0,0,1,1,25,0,0,0,1028,0,0,0,0,0,1,1,0,0,0,142.1051037,0,0,0,0,3,1,1,1,100,0,0,0,3,1,1,0.1,3000,0,0,0,0,0,0,0,0,0,0,0,0,0,0,0,0,0,0,0,0,0,0,0,0,0,0,0,0,0,0,0,0,0,0,0,0,0,0,0,0,0,0,0,0,0,0,0,0,0,0,0
1989,238,2,10,29.448,2,8,0,-1,1,0,1,1,25,0,0,0,1028,0,0,0,0,0,1,1,0,0,0,142.1437896,0,0,0,0,3,1,1,1,100,0,0,0,3,1,1,0.1,3000,0,0,0,0,0,0,0,0,0,0,0,0,0,0,0,0,0,0,0,0,0,0,0,0,0,0,0,0,0,0,0,0,0,0,0,0,0,0,0,0,0,0,0,0,0,0,0,0,0,0,0
1989,238,2,11,42.528,2,8,0,-1,0,0,1,1,25,0,0,0,1028,0,0,0,0,0,1,1,0,0,0,142.2671378,0,0,0,0,3,1,1,1,100,0,0,0,3,1,1,0.1,3000,0,0,0,0,0,0,0,0,0,0,0,0,0,0,0,0,0,0,0,0,0,0,0,0,0,0,0,0,0,0,0,0,0,0,0,0,0,0,0,0,0,0,0,0,0,0,0,0,0,0,0
1989,238,2,12,5.448,2,8,0,-1,1,0,1,1,25,0,0,0,1028,0,0,0,0,0,1,1,0,0,0,142.3058229,0,0,0,0,3,1,1,1,100,0,0,0,3,1,1,0.1,3000,0,0,0,0,0,0,0,0,0,0,0,0,0,0,0,0,0,0,0,0,0,0,0,0,0,0,0,0,0,0,0,0,0,0,0,0,0,0,0,0,0,0,0,0,0,0,0,0,0,0,0
1989,238,2,13,18.528,2,8,0,-1,0,0,1,1,25,0,0,0,1028,0,0,0,0,0,1,1,0,0,0,142.4291686,0,0,0,0,3,1,1,1,100,0,0,0,3,1,1,0.1,3000,0,0,0,0,0,0,0,0,0,0,0,0,0,0,0,0,0,0,0,0,0,0,0,0,0,0,0,0,0,0,0,0,0,0,0,0,0,0,0,0,0,0,0,0,0,0,0,0,0,0,0
1989,238,2,13,41.448,2,8,0,-1,1,0,1,1,25,0,0,0,1028,0,0,0,0,0,1,1,0,0,0,142.467853,0,0,0,0,3,1,1,1,100,0,0,0,3,1,1,0.1,3000,0,0,0,0,0,0,0,0,0,0,0,0,0,0,0,0,0,0,0,0,0,0,0,0,0,0,0,0,0,0,0,0,0,0,0,0,0,0,0,0,0,0,0,0,0,0,0,0,0,0,0
1989,238,2,14,54.527,2,8,0,-1,0,0,1,1,25,0,0,0,1028,0,0,0,0,0,1,1,0,0,0,142.5911955,0,0,0,0,3,1,1,1,100,0,0,0,3,1,1,0.1,3000,0,0,0,0,0,0,0,0,0,0,0,0,0,0,0,0,0,0,0,0,0,0,0,0,0,0,0,0,0,0,0,0,0,0,0,0,0,0,0,0,0,0,0,0,0,0,0,0,0,0,0
1989,238,2,15,17.447,2,8,0,-1,1,0,1,1,25,0,0,0,1028,0,0,0,0,0,1,1,0,0,0,142.6298792,0,0,0,0,3,1,1,1,100,0,0,0,3,1,1,0.1,3000,0,0,0,0,0,0,0,0,0,0,0,0,0,0,0,0,0,0,0,0,0,0,0,0,0,0,0,0,0,0,0,0,0,0,0,0,0,0,0,0,0,0,0,0,0,0,0,0,0,0,0
1989,238,2,18,54.527,2,8,0,-1,0,0,1,1,25,0,0,0,1028,0,0,0,0,0,1,1,0,0,0,142.9962504,0,0,0,0,3,1,1,1,100,0,0,0,3,1,1,0.1,3000,0,0,0,0,0,0,0,0,0,0,0,0,0,0,0,0,0,0,0,0,0,0,0,0,0,0,0,0,0,0,0,0,0,0,0,0,0,0,0,0,0,0,0,0,0,0,0,0,0,0,0
1989,238,2,19,17.447,2,8,0,-1,1,0,1,1,25,0,0,0,1028,0,0,0,0,0,1,1,0,0,0,143.0349322,0,0,0,0,3,1,1,1,100,0,0,0,3,1,1,0.1,3000,0,0,0,0,0,0,0,0,0,0,0,0,0,0,0,0,0,0,0,0,0,0,0,0,0,0,0,0,0,0,0,0,0,0,0,0,0,0,0,0,0,0,0,0,0,0,0,0,0,0,0
1989,238,2,20,30.527,2,8,0,-1,0,0,1,1,25,0,0,0,1028,0,0,0,0,0,1,1,0,0,0,143.1582672,0,0,0,0,3,1,1,1,100,0,0,0,3,1,1,0.1,3000,0,0,0,0,0,0,0,0,0,0,0,0,0,0,0,0,0,0,0,0,0,0,0,0,0,0,0,0,0,0,0,0,0,0,0,0,0,0,0,0,0,0,0,0,0,0,0,0,0,0,0
1989,238,2,20,53.447,2,8,0,-1,1,0,1,1,25,0,0,0,1028,0,0,0,0,0,1,1,0,0,0,143.1969482,0,0,0,0,3,1,1,1,100,0,0,0,3,1,1,0.1,3000,0,0,0,0,0,0,0,0,0,0,0,0,0,0,0,0,0,0,0,0,0,0,0,0,0,0,0,0,0,0,0,0,0,0,0,0,0,0,0,0,0,0,0,0,0,0,0,0,0,0,0
1989,238,2,22,6.527,2,8,0,-1,0,0,1,1,25,0,0,0,1028,0,0,0,0,0,1,1,0,0,0,143.3202809,0,0,0,0,3,1,1,1,100,0,0,0,3,1,1,0.1,3000,0,0,0,0,0,0,0,0,0,0,0,0,0,0,0,0,0,0,0,0,0,0,0,0,0,0,0,0,0,0,0,0,0,0,0,0,0,0,0,0,0,0,0,0,0,0,0,0,0,0,0
1989,238,2,22,29.447,2,8,0,-1,1,0,1,1,25,0,0,0,1028,0,0,0,0,0,1,1,0,0,0,143.3589612,0,0,0,0,3,1,1,1,100,0,0,0,3,1,1,0.1,3000,0,0,0,0,0,0,0,0,0,0,0,0,0,0,0,0,0,0,0,0,0,0,0,0,0,0,0,0,0,0,0,0,0,0,0,0,0,0,0,0,0,0,0,0,0,0,0,0,0,0,0
1989,238,2,23,42.527,2,8,0,-1,0,0,1,1,25,0,0,0,1028,0,0,0,0,0,1,1,0,0,0,143.4822915,0,0,0,0,3,1,1,1,100,0,0,0,3,1,1,0.1,3000,0,0,0,0,0,0,0,0,0,0,0,0,0,0,0,0,0,0,0,0,0,0,0,0,0,0,0,0,0,0,0,0,0,0,0,0,0,0,0,0,0,0,0,0,0,0,0,0,0,0,0
1989,238,2,24,5.447,2,8,0,-1,1,0,1,1,25,0,0,0,1028,0,0,0,0,0,1,1,0,0,0,143.5209711,0,0,0,0,3,1,1,1,100,0,0,0,3,1,1,0.1,3000,0,0,0,0,0,0,0,0,0,0,0,0,0,0,0,0,0,0,0,0,0,0,0,0,0,0,0,0,0,0,0,0,0,0,0,0,0,0,0,0,0,0,0,0,0,0,0,0,0,0,0
1989,238,2,25,18.527,2,8,0,-1,0,0,1,1,25,0,0,0,1028,0,0,0,0,0,1,1,0,0,0,143.644299,0,0,0,0,3,1,1,1,100,0,0,0,3,1,1,0.1,3000,0,0,0,0,0,0,0,0,0,0,0,0,0,0,0,0,0,0,0,0,0,0,0,0,0,0,0,0,0,0,0,0,0,0,0,0,0,0,0,0,0,0,0,0,0,0,0,0,0,0,0
1989,238,2,25,41.447,2,8,0,-1,1,0,1,1,25,0,0,0,1028,0,0,0,0,0,1,1,0,0,0,143.6829779,0,0,0,0,3,1,1,1,100,0,0,0,3,1,1,0.1,3000,0,0,0,0,0,0,0,0,0,0,0,0,0,0,0,0,0,0,0,0,0,0,0,0,0,0,0,0,0,0,0,0,0,0,0,0,0,0,0,0,0,0,0,0,0,0,0,0,0,0,0
1989,238,2,26,54.527,2,8,0,-1,0,0,1,1,25,0,0,0,1028,0,0,0,0,0,1,1,0,0,0,143.8063035,0,0,0,0,3,1,1,1,100,0,0,0,3,1,1,0.1,3000,0,0,0,0,0,0,0,0,0,0,0,0,0,0,0,0,0,0,0,0,0,0,0,0,0,0,0,0,0,0,0,0,0,0,0,0,0,0,0,0,0,0,0,0,0,0,0,0,0,0,0
1989,238,2,27,17.447,2,8,0,-1,1,0,1,1,25,0,0,0,1028,0,0,0,0,0,1,1,0,0,0,143.8449816,0,0,0,0,3,1,1,1,100,0,0,0,3,1,1,0.1,3000,0,0,0,0,0,0,0,0,0,0,0,0,0,0,0,0,0,0,0,0,0,0,0,0,0,0,0,0,0,0,0,0,0,0,0,0,0,0,0,0,0,0,0,0,0,0,0,0,0,0,0
1989,238,2,30,54.526,2,8,0,-1,0,0,1,1,25,0,0,0,1028,0,0,0,0,0,1,1,0,0,0,144.2112994,0,0,0,0,3,1,1,1,100,0,0,0,3,1,1,0.1,3000,0,0,0,0,0,0,0,0,0,0,0,0,0,0,0,0,0,0,0,0,0,0,0,0,0,0,0,0,0,0,0,0,0,0,0,0,0,0,0,0,0,0,0,0,0,0,0,0,0,0,0
1989,238,2,31,17.446,2,8,0,-1,1,0,1,1,25,0,0,0,1028,0,0,0,0,0,1,1,0,0,0,144.2499757,0,0,0,0,3,1,1,1,100,0,0,0,3,1,1,0.1,3000,0,0,0,0,0,0,0,0,0,0,0,0,0,0,0,0,0,0,0,0,0,0,0,0,0,0,0,0,0,0,0,0,0,0,0,0,0,0,0,0,0,0,0,0,0,0,0,0,0,0,0
1989,238,2,32,30.526,2,8,0,-1,0,0,1,1,25,0,0,0,1028,0,0,0,0,0,1,1,0,0,0,144.3732931,0,0,0,0,3,1,1,1,100,0,0,0,3,1,1,0.1,3000,0,0,0,0,0,0,0,0,0,0,0,0,0,0,0,0,0,0,0,0,0,0,0,0,0,0,0,0,0,0,0,0,0,0,0,0,0,0,0,0,0,0,0,0,0,0,0,0,0,0,0
1989,238,2,32,53.446,2,8,0,-1,1,0,1,1,25,0,0,0,1028,0,0,0,0,0,1,1,0,0,0,144.4119678,0,0,0,0,3,1,1,1,100,0,0,0,3,1,1,0.1,3000,0,0,0,0,0,0,0,0,0,0,0,0,0,0,0,0,0,0,0,0,0,0,0,0,0,0,0,0,0,0,0,0,0,0,0,0,0,0,0,0,0,0,0,0,0,0,0,0,0,0,0
1989,238,2,34,6.526,2,8,0,-1,0,0,1,1,25,0,0,0,1028,0,0,0,0,0,1,1,0,0,0,144.5352838,0,0,0,0,3,1,1,1,100,0,0,0,3,1,1,0.1,3000,0,0,0,0,0,0,0,0,0,0,0,0,0,0,0,0,0,0,0,0,0,0,0,0,0,0,0,0,0,0,0,0,0,0,0,0,0,0,0,0,0,0,0,0,0,0,0,0,0,0,0
1989,238,2,34,29.446,2,8,0,-1,1,0,1,1,25,0,0,0,1028,0,0,0,0,0,1,1,0,0,0,144.5739577,0,0,0,0,3,1,1,1,100,0,0,0,3,1,1,0.1,3000,0,0,0,0,0,0,0,0,0,0,0,0,0,0,0,0,0,0,0,0,0,0,0,0,0,0,0,0,0,0,0,0,0,0,0,0,0,0,0,0,0,0,0,0,0,0,0,0,0,0,0
1989,238,2,35,42.526,2,8,0,-1,0,0,1,1,25,0,0,0,1028,0,0,0,0,0,1,1,0,0,0,144.6972714,0,0,0,0,3,1,1,1,100,0,0,0,3,1,1,0.1,3000,0,0,0,0,0,0,0,0,0,0,0,0,0,0,0,0,0,0,0,0,0,0,0,0,0,0,0,0,0,0,0,0,0,0,0,0,0,0,0,0,0,0,0,0,0,0,0,0,0,0,0
1989,238,2,36,5.446,2,8,0,-1,1,0,1,1,25,0,0,0,1028,0,0,0,0,0,1,1,0,0,0,144.7359455,0,0,0,0,3,1,1,1,100,0,0,0,3,1,1,0.1,3000,0,0,0,0,0,0,0,0,0,0,0,0,0,0,0,0,0,0,0,0,0,0,0,0,0,0,0,0,0,0,0,0,0,0,0,0,0,0,0,0,0,0,0,0,0,0,0,0,0,0,0
1989,238,2,37,18.526,2,8,0,-1,0,0,1,1,25,0,0,0,1028,0,0,0,0,0,1,1,0,0,0,144.8592559,0,0,0,0,3,1,1,1,100,0,0,0,3,1,1,0.1,3000,0,0,0,0,0,0,0,0,0,0,0,0,0,0,0,0,0,0,0,0,0,0,0,0,0,0,0,0,0,0,0,0,0,0,0,0,0,0,0,0,0,0,0,0,0,0,0,0,0,0,0
1989,238,2,37,41.445,2,8,0,-1,1,0,1,1,25,0,0,0,1028,0,0,0,0,0,1,1,0,0,0,144.8979276,0,0,0,0,3,1,1,1,100,0,0,0,3,1,1,0.1,3000,0,0,0,0,0,0,0,0,0,0,0,0,0,0,0,0,0,0,0,0,0,0,0,0,0,0,0,0,0,0,0,0,0,0,0,0,0,0,0,0,0,0,0,0,0,0,0,0,0,0,0
1989,238,2,38,54.526,2,8,0,-1,0,0,1,1,25,0,0,0,1028,0,0,0,0,0,1,1,0,0,0,145.0212375,0,0,0,0,3,1,1,1,100,0,0,0,3,1,1,0.1,3000,0,0,0,0,0,0,0,0,0,0,0,0,0,0,0,0,0,0,0,0,0,0,0,0,0,0,0,0,0,0,0,0,0,0,0,0,0,0,0,0,0,0,0,0,0,0,0,0,0,0,0
1989,238,2,39,17.446,2,8,0,-1,1,0,1,1,25,0,0,0,1028,0,0,0,0,0,1,1,0,0,0,145.0599101,0,0,0,0,3,1,1,1,100,0,0,0,3,1,1,0.1,3000,0,0,0,0,0,0,0,0,0,0,0,0,0,0,0,0,0,0,0,0,0,0,0,0,0,0,0,0,0,0,0,0,0,0,0,0,0,0,0,0,0,0,0,0,0,0,0,0,0,0,0
1989,238,2,42,54.525,2,8,0,-1,0,0,1,1,25,0,0,0,1028,0,0,0,0,0,1,1,0,0,0,145.4261764,0,0,0,0,3,1,1,1,100,0,0,0,3,1,1,0.1,3000,0,0,0,0,0,0,0,0,0,0,0,0,0,0,0,0,0,0,0,0,0,0,0,0,0,0,0,0,0,0,0,0,0,0,0,0,0,0,0,0,0,0,0,0,0,0,0,0,0,0,0
1989,238,2,43,17.445,2,8,0,-1,1,0,1,1,25,0,0,0,1028,0,0,0,0,0,1,1,0,0,0,145.4648472,0,0,0,0,3,1,1,1,100,0,0,0,3,1,1,0.1,3000,0,0,0,0,0,0,0,0,0,0,0,0,0,0,0,0,0,0,0,0,0,0,0,0,0,0,0,0,0,0,0,0,0,0,0,0,0,0,0,0,0,0,0,0,0,0,0,0,0,0,0
1989,238,2,44,30.525,2,8,0,-1,0,0,1,1,25,0,0,0,1028,0,0,0,0,0,1,1,0,0,0,145.5881465,0,0,0,0,3,1,1,1,100,0,0,0,3,1,1,0.1,3000,0,0,0,0,0,0,0,0,0,0,0,0,0,0,0,0,0,0,0,0,0,0,0,0,0,0,0,0,0,0,0,0,0,0,0,0,0,0,0,0,0,0,0,0,0,0,0,0,0,0,0
1989,238,2,44,53.445,2,8,0,-1,1,0,1,1,25,0,0,0,1028,0,0,0,0,0,1,1,0,0,0,145.6268166,0,0,0,0,3,1,1,1,100,0,0,0,3,1,1,0.1,3000,0,0,0,0,0,0,0,0,0,0,0,0,0,0,0,0,0,0,0,0,0,0,0,0,0,0,0,0,0,0,0,0,0,0,0,0,0,0,0,0,0,0,0,0,0,0,0,0,0,0,0
1989,238,2,46,6.525,2,8,0,-1,0,0,1,1,25,0,0,0,1028,0,0,0,0,0,1,1,0,0,0,145.7501153,0,0,0,0,3,1,1,1,100,0,0,0,3,1,1,0.1,3000,0,0,0,0,0,0,0,0,0,0,0,0,0,0,0,0,0,0,0,0,0,0,0,0,0,0,0,0,0,0,0,0,0,0,0,0,0,0,0,0,0,0,0,0,0,0,0,0,0,0,0
1989,238,2,46,29.445,2,8,0,-1,1,0,1,1,25,0,0,0,1028,0,0,0,0,0,1,1,0,0,0,145.7887839,0,0,0,0,3,1,1,1,100,0,0,0,3,1,1,0.1,3000,0,0,0,0,0,0,0,0,0,0,0,0,0,0,0,0,0,0,0,0,0,0,0,0,0,0,0,0,0,0,0,0,0,0,0,0,0,0,0,0,0,0,0,0,0,0,0,0,0,0,0
1989,238,2,47,42.524,2,8,0,-1,0,0,1,1,25,0,0,0,1028,0,0,0,0,0,1,1,0,0,0,145.9120795,0,0,0,0,3,1,1,1,100,0,0,0,3,1,1,0.1,3000,0,0,0,0,0,0,0,0,0,0,0,0,0,0,0,0,0,0,0,0,0,0,0,0,0,0,0,0,0,0,0,0,0,0,0,0,0,0,0,0,0,0,0,0,0,0,0,0,0,0,0
1989,238,2,48,5.445,2,8,0,-1,1,0,1,1,25,0,0,0,1028,0,0,0,0,0,1,1,0,0,0,145.950749,0,0,0,0,3,1,1,1,100,0,0,0,3,1,1,0.1,3000,0,0,0,0,0,0,0,0,0,0,0,0,0,0,0,0,0,0,0,0,0,0,0,0,0,0,0,0,0,0,0,0,0,0,0,0,0,0,0,0,0,0,0,0,0,0,0,0,0,0,0
1989,238,2,49,18.525,2,8,0,-1,0,0,1,1,25,0,0,0,1028,0,0,0,0,0,1,1,0,0,0,146.0740423,0,0,0,0,3,1,1,1,100,0,0,0,3,1,1,0.1,3000,0,0,0,0,0,0,0,0,0,0,0,0,0,0,0,0,0,0,0,0,0,0,0,0,0,0,0,0,0,0,0,0,0,0,0,0,0,0,0,0,0,0,0,0,0,0,0,0,0,0,0
1989,238,2,49,41.444,2,8,0,-1,1,0,1,1,25,0,0,0,1028,0,0,0,0,0,1,1,0,0,0,146.1127086,0,0,0,0,3,1,1,1,100,0,0,0,3,1,1,0.1,3000,0,0,0,0,0,0,0,0,0,0,0,0,0,0,0,0,0,0,0,0,0,0,0,0,0,0,0,0,0,0,0,0,0,0,0,0,0,0,0,0,0,0,0,0,0,0,0,0,0,0,0
1989,238,2,50,54.525,2,8,0,-1,0,0,1,1,25,0,0,0,1028,0,0,0,0,0,1,1,0,0,0,146.2360013,0,0,0,0,3,1,1,1,100,0,0,0,3,1,1,0.1,3000,0,0,0,0,0,0,0,0,0,0,0,0,0,0,0,0,0,0,0,0,0,0,0,0,0,0,0,0,0,0,0,0,0,0,0,0,0,0,0,0,0,0,0,0,0,0,0,0,0,0,0
1989,238,2,51,17.445,2,8,0,-1,1,0,1,1,25,0,0,0,1028,0,0,0,0,0,1,1,0,0,0,146.2746686,0,0,0,0,3,1,1,1,100,0,0,0,3,1,1,0.1,3000,0,0,0,0,0,0,0,0,0,0,0,0,0,0,0,0,0,0,0,0,0,0,0,0,0,0,0,0,0,0,0,0,0,0,0,0,0,0,0,0,0,0,0,0,0,0,0,0,0,0,0
1989,238,2,54,54.524,2,8,0,-1,0,0,1,1,25,0,0,0,1028,0,0,0,0,0,1,1,0,0,0,146.6408842,0,0,0,0,3,1,1,1,100,0,0,0,3,1,1,0.1,3000,0,0,0,0,0,0,0,0,0,0,0,0,0,0,0,0,0,0,0,0,0,0,0,0,0,0,0,0,0,0,0,0,0,0,0,0,0,0,0,0,0,0,0,0,0,0,0,0,0,0,0
1989,238,2,55,17.443,2,8,0,-1,1,0,1,1,25,0,0,0,1028,0,0,0,0,0,1,1,0,0,0,146.6795488,0,0,0,0,3,1,1,1,100,0,0,0,3,1,1,0.1,3000,0,0,0,0,0,0,0,0,0,0,0,0,0,0,0,0,0,0,0,0,0,0,0,0,0,0,0,0,0,0,0,0,0,0,0,0,0,0,0,0,0,0,0,0,0,0,0,0,0,0,0
1989,238,2,56,30.524,2,8,0,-1,0,0,1,1,25,0,0,0,1028,0,0,0,0,0,1,1,0,0,0,146.8028328,0,0,0,0,3,1,1,1,100,0,0,0,3,1,1,0.1,3000,0,0,0,0,0,0,0,0,0,0,0,0,0,0,0,0,0,0,0,0,0,0,0,0,0,0,0,0,0,0,0,0,0,0,0,0,0,0,0,0,0,0,0,0,0,0,0,0,0,0,0
1989,238,2,56,53.443,2,8,0,-1,1,0,1,1,25,0,0,0,1028,0,0,0,0,0,1,1,0,0,0,146.8414968,0,0,0,0,3,1,1,1,100,0,0,0,3,1,1,0.1,3000,0,0,0,0,0,0,0,0,0,0,0,0,0,0,0,0,0,0,0,0,0,0,0,0,0,0,0,0,0,0,0,0,0,0,0,0,0,0,0,0,0,0,0,0,0,0,0,0,0,0,0
1989,238,2,58,6.524,2,8,0,-1,0,0,1,1,25,0,0,0,1028,0,0,0,0,0,1,1,0,0,0,146.9647785,0,0,0,0,3,1,1,1,100,0,0,0,3,1,1,0.1,3000,0,0,0,0,0,0,0,0,0,0,0,0,0,0,0,0,0,0,0,0,0,0,0,0,0,0,0,0,0,0,0,0,0,0,0,0,0,0,0,0,0,0,0,0,0,0,0,0,0,0,0
1989,238,2,58,29.443,2,8,0,-1,1,0,1,1,25,0,0,0,1028,0,0,0,0,0,1,1,0,0,0,147.0034409,0,0,0,0,3,1,1,1,100,0,0,0,3,1,1,0.1,3000,0,0,0,0,0,0,0,0,0,0,0,0,0,0,0,0,0,0,0,0,0,0,0,0,0,0,0,0,0,0,0,0,0,0,0,0,0,0,0,0,0,0,0,0,0,0,0,0,0,0,0
1989,238,2,59,42.524,2,8,0,-1,0,0,1,1,25,0,0,0,1028,0,0,0,0,0,1,1,0,0,0,147.1267212,0,0,0,0,3,1,1,1,100,0,0,0,3,1,1,0.1,3000,0,0,0,0,0,0,0,0,0,0,0,0,0,0,0,0,0,0,0,0,0,0,0,0,0,0,0,0,0,0,0,0,0,0,0,0,0,0,0,0,0,0,0,0,0,0,0,0,0,0,0
1989,238,3,0,5.444,2,8,0,-1,1,0,1,1,25,0,0,0,1028,0,0,0,0,0,1,1,0,0,0,147.1653846,0,0,0,0,3,1,1,1,100,0,0,0,3,1,1,0.1,3000,0,0,0,0,0,0,0,0,0,0,0,0,0,0,0,0,0,0,0,0,0,0,0,0,0,0,0,0,0,0,0,0,0,0,0,0,0,0,0,0,0,0,0,0,0,0,0,0,0,0,0
1989,238,3,1,18.524,2,8,0,-1,0,0,1,1,25,0,0,0,1028,0,0,0,0,0,1,1,0,0,0,147.288661,0,0,0,0,3,1,1,1,100,0,0,0,3,1,1,0.1,3000,0,0,0,0,0,0,0,0,0,0,0,0,0,0,0,0,0,0,0,0,0,0,0,0,0,0,0,0,0,0,0,0,0,0,0,0,0,0,0,0,0,0,0,0,0,0,0,0,0,0,0
1989,238,3,1,41.443,2,8,0,-1,1,0,1,1,25,0,0,0,1028,0,0,0,0,0,1,1,0,0,0,147.327322,0,0,0,0,3,1,1,1,100,0,0,0,3,1,1,0.1,3000,0,0,0,0,0,0,0,0,0,0,0,0,0,0,0,0,0,0,0,0,0,0,0,0,0,0,0,0,0,0,0,0,0,0,0,0,0,0,0,0,0,0,0,0,0,0,0,0,0,0,0
1989,238,3,2,54.524,2,8,0,-1,0,0,1,1,25,0,0,0,1028,0,0,0,0,0,1,1,0,0,0,147.4505979,0,0,0,0,3,1,1,1,100,0,0,0,3,1,1,0.1,3000,0,0,0,0,0,0,0,0,0,0,0,0,0,0,0,0,0,0,0,0,0,0,0,0,0,0,0,0,0,0,0,0,0,0,0,0,0,0,0,0,0,0,0,0,0,0,0,0,0,0,0
1989,238,3,3,17.443,2,8,0,-1,1,0,1,1,25,0,0,0,1028,0,0,0,0,0,1,1,0,0,0,147.489259,0,0,0,0,3,1,1,1,100,0,0,0,3,1,1,0.1,3000,0,0,0,0,0,0,0,0,0,0,0,0,0,0,0,0,0,0,0,0,0,0,0,0,0,0,0,0,0,0,0,0,0,0,0,0,0,0,0,0,0,0,0,0,0,0,0,0,0,0,0
1989,238,3,6,54.523,2,8,0,-1,0,0,1,1,25,0,0,0,1028,0,0,0,0,0,1,1,0,0,0,147.8554265,0,0,0,0,3,1,1,1,100,0,0,0,3,1,1,0.1,3000,0,0,0,0,0,0,0,0,0,0,0,0,0,0,0,0,0,0,0,0,0,0,0,0,0,0,0,0,0,0,0,0,0,0,0,0,0,0,0,0,0,0,0,0,0,0,0,0,0,0,0
1989,238,3,7,17.443,2,8,0,-1,1,0,1,1,25,0,0,0,1028,0,0,0,0,0,1,1,0,0,0,147.8940859,0,0,0,0,3,1,1,1,100,0,0,0,3,1,1,0.1,3000,0,0,0,0,0,0,0,0,0,0,0,0,0,0,0,0,0,0,0,0,0,0,0,0,0,0,0,0,0,0,0,0,0,0,0,0,0,0,0,0,0,0,0,0,0,0,0,0,0,0,0
1989,238,3,8,30.523,2,8,0,-1,0,0,1,1,25,0,0,0,1028,0,0,0,0,0,1,1,0,0,0,148.0173523,0,0,0,0,3,1,1,1,100,0,0,0,3,1,1,0.1,3000,0,0,0,0,0,0,0,0,0,0,0,0,0,0,0,0,0,0,0,0,0,0,0,0,0,0,0,0,0,0,0,0,0,0,0,0,0,0,0,0,0,0,0,0,0,0,0,0,0,0,0
1989,238,3,8,53.442,2,8,0,-1,1,0,1,1,25,0,0,0,1028,0,0,0,0,0,1,1,0,0,0,148.056011,0,0,0,0,3,1,1,1,100,0,0,0,3,1,1,0.1,3000,0,0,0,0,0,0,0,0,0,0,0,0,0,0,0,0,0,0,0,0,0,0,0,0,0,0,0,0,0,0,0,0,0,0,0,0,0,0,0,0,0,0,0,0,0,0,0,0,0,0,0
1989,238,3,10,6.523,2,8,0,-1,0,0,1,1,25,0,0,0,1028,0,0,0,0,0,1,1,0,0,0,148.179276,0,0,0,0,3,1,1,1,100,0,0,0,3,1,1,0.1,3000,0,0,0,0,0,0,0,0,0,0,0,0,0,0,0,0,0,0,0,0,0,0,0,0,0,0,0,0,0,0,0,0,0,0,0,0,0,0,0,0,0,0,0,0,0,0,0,0,0,0,0
1989,238,3,10,29.442,2,8,0,-1,1,0,1,1,25,0,0,0,1028,0,0,0,0,0,1,1,0,0,0,148.2179332,0,0,0,0,3,1,1,1,100,0,0,0,3,1,1,0.1,3000,0,0,0,0,0,0,0,0,0,0,0,0,0,0,0,0,0,0,0,0,0,0,0,0,0,0,0,0,0,0,0,0,0,0,0,0,0,0,0,0,0,0,0,0,0,0,0,0,0,0,0
1989,238,3,11,42.523,2,8,0,-1,0,0,1,1,25,0,0,0,1028,0,0,0,0,0,1,1,0,0,0,148.3411969,0,0,0,0,3,1,1,1,100,0,0,0,3,1,1,0.1,3000,0,0,0,0,0,0,0,0,0,0,0,0,0,0,0,0,0,0,0,0,0,0,0,0,0,0,0,0,0,0,0,0,0,0,0,0,0,0,0,0,0,0,0,0,0,0,0,0,0,0,0
1989,238,3,12,5.443,2,8,0,-1,1,0,1,1,25,0,0,0,1028,0,0,0,0,0,1,1,0,0,0,148.3798551,0,0,0,0,3,1,1,1,100,0,0,0,3,1,1,0.1,3000,0,0,0,0,0,0,0,0,0,0,0,0,0,0,0,0,0,0,0,0,0,0,0,0,0,0,0,0,0,0,0,0,0,0,0,0,0,0,0,0,0,0,0,0,0,0,0,0,0,0,0
1989,238,3,13,18.523,2,8,0,-1,0,0,1,1,25,0,0,0,1028,0,0,0,0,0,1,1,0,0,0,148.5031149,0,0,0,0,3,1,1,1,100,0,0,0,3,1,1,0.1,3000,0,0,0,0,0,0,0,0,0,0,0,0,0,0,0,0,0,0,0,0,0,0,0,0,0,0,0,0,0,0,0,0,0,0,0,0,0,0,0,0,0,0,0,0,0,0,0,0,0,0,0
1989,238,3,13,41.442,2,8,0,-1,1,0,1,1,25,0,0,0,1028,0,0,0,0,0,1,1,0,0,0,148.5417707,0,0,0,0,3,1,1,1,100,0,0,0,3,1,1,0.1,3000,0,0,0,0,0,0,0,0,0,0,0,0,0,0,0,0,0,0,0,0,0,0,0,0,0,0,0,0,0,0,0,0,0,0,0,0,0,0,0,0,0,0,0,0,0,0,0,0,0,0,0
1989,238,3,14,54.523,2,8,0,-1,0,0,1,1,25,0,0,0,1028,0,0,0,0,0,1,1,0,0,0,148.66503,0,0,0,0,3,1,1,1,100,0,0,0,3,1,1,0.1,3000,0,0,0,0,0,0,0,0,0,0,0,0,0,0,0,0,0,0,0,0,0,0,0,0,0,0,0,0,0,0,0,0,0,0,0,0,0,0,0,0,0,0,0,0,0,0,0,0,0,0,0
1989,238,3,15,17.442,2,8,0,-1,1,0,1,1,25,0,0,0,1028,0,0,0,0,0,1,1,0,0,0,148.7036859,0,0,0,0,3,1,1,1,100,0,0,0,3,1,1,0.1,3000,0,0,0,0,0,0,0,0,0,0,0,0,0,0,0,0,0,0,0,0,0,0,0,0,0,0,0,0,0,0,0,0,0,0,0,0,0,0,0,0,0,0,0,0,0,0,0,0,0,0,0
1989,238,3,18,54.523,2,8,0,-1,0,0,1,1,25,0,0,0,1028,0,0,0,0,0,1,1,0,0,0,149.0698052,0,0,0,0,3,1,1,1,100,0,0,0,3,1,1,0.1,3000,0,0,0,0,0,0,0,0,0,0,0,0,0,0,0,0,0,0,0,0,0,0,0,0,0,0,0,0,0,0,0,0,0,0,0,0,0,0,0,0,0,0,0,0,0,0,0,0,0,0,0
1989,238,3,19,17.442,2,8,0,-1,1,0,1,1,25,0,0,0,1028,0,0,0,0,0,1,1,0,0,0,149.1084594,0,0,0,0,3,1,1,1,100,0,0,0,3,1,1,0.1,3000,0,0,0,0,0,0,0,0,0,0,0,0,0,0,0,0,0,0,0,0,0,0,0,0,0,0,0,0,0,0,0,0,0,0,0,0,0,0,0,0,0,0,0,0,0,0,0,0,0,0,0
1989,238,3,20,30.522,2,8,0,-1,0,0,1,1,25,0,0,0,1028,0,0,0,0,0,1,1,0,0,0,149.2317085,0,0,0,0,3,1,1,1,100,0,0,0,3,1,1,0.1,3000,0,0,0,0,0,0,0,0,0,0,0,0,0,0,0,0,0,0,0,0,0,0,0,0,0,0,0,0,0,0,0,0,0,0,0,0,0,0,0,0,0,0,0,0,0,0,0,0,0,0,0
1989,238,3,20,53.442,2,8,0,-1,1,0,1,1,25,0,0,0,1028,0,0,0,0,0,1,1,0,0,0,149.2703621,0,0,0,0,3,1,1,1,100,0,0,0,3,1,1,0.1,3000,0,0,0,0,0,0,0,0,0,0,0,0,0,0,0,0,0,0,0,0,0,0,0,0,0,0,0,0,0,0,0,0,0,0,0,0,0,0,0,0,0,0,0,0,0,0,0,0,0,0,0
1989,238,3,22,6.522,2,8,0,-1,0,0,1,1,25,0,0,0,1028,0,0,0,0,0,1,1,0,0,0,149.3936107,0,0,0,0,3,1,1,1,100,0,0,0,3,1,1,0.1,3000,0,0,0,0,0,0,0,0,0,0,0,0,0,0,0,0,0,0,0,0,0,0,0,0,0,0,0,0,0,0,0,0,0,0,0,0,0,0,0,0,0,0,0,0,0,0,0,0,0,0,0
1989,238,3,22,29.441,2,8,0,-1,1,0,1,1,25,0,0,0,1028,0,0,0,0,0,1,1,0,0,0,149.4322628,0,0,0,0,3,1,1,1,100,0,0,0,3,1,1,0.1,3000,0,0,0,0,0,0,0,0,0,0,0,0,0,0,0,0,0,0,0,0,0,0,0,0,0,0,0,0,0,0,0,0,0,0,0,0,0,0,0,0,0,0,0,0,0,0,0,0,0,0,0
1989,238,3,23,42.522,2,8,0,-1,0,0,1,1,25,0,0,0,1028,0,0,0,0,0,1,1,0,0,0,149.5555101,0,0,0,0,3,1,1,1,100,0,0,0,3,1,1,0.1,3000,0,0,0,0,0,0,0,0,0,0,0,0,0,0,0,0,0,0,0,0,0,0,0,0,0,0,0,0,0,0,0,0,0,0,0,0,0,0,0,0,0,0,0,0,0,0,0,0,0,0,0
1989,238,3,24,5.442,2,8,0,-1,1,0,1,1,25,0,0,0,1028,0,0,0,0,0,1,1,0,0,0,149.5941632,0,0,0,0,3,1,1,1,100,0,0,0,3,1,1,0.1,3000,0,0,0,0,0,0,0,0,0,0,0,0,0,0,0,0,0,0,0,0,0,0,0,0,0,0,0,0,0,0,0,0,0,0,0,0,0,0,0,0,0,0,0,0,0,0,0,0,0,0,0
1989,238,3,25,18.522,2,8,0,-1,0,0,1,1,25,0,0,0,1028,0,0,0,0,0,1,1,0,0,0,149.7174066,0,0,0,0,3,1,1,1,100,0,0,0,3,1,1,0.1,3000,0,0,0,0,0,0,0,0,0,0,0,0,0,0,0,0,0,0,0,0,0,0,0,0,0,0,0,0,0,0,0,0,0,0,0,0,0,0,0,0,0,0,0,0,0,0,0,0,0,0,0
1989,238,3,25,41.441,2,8,0,-1,1,0,1,1,25,0,0,0,1028,0,0,0,0,0,1,1,0,0,0,149.7560573,0,0,0,0,3,1,1,1,100,0,0,0,3,1,1,0.1,3000,0,0,0,0,0,0,0,0,0,0,0,0,0,0,0,0,0,0,0,0,0,0,0,0,0,0,0,0,0,0,0,0,0,0,0,0,0,0,0,0,0,0,0,0,0,0,0,0,0,0,0
1989,238,3,26,54.522,2,8,0,-1,0,0,1,1,25,0,0,0,1028,0,0,0,0,0,1,1,0,0,0,149.8793003,0,0,0,0,3,1,1,1,100,0,0,0,3,1,1,0.1,3000,0,0,0,0,0,0,0,0,0,0,0,0,0,0,0,0,0,0,0,0,0,0,0,0,0,0,0,0,0,0,0,0,0,0,0,0,0,0,0,0,0,0,0,0,0,0,0,0,0,0,0
1989,238,3,27,17.442,2,8,0,-1,1,0,1,1,25,0,0,0,1028,0,0,0,0,0,1,1,0,0,0,149.9179512,0,0,0,0,3,1,1,1,100,0,0,0,3,1,1,0.1,3000,0,0,0,0,0,0,0,0,0,0,0,0,0,0,0,0,0,0,0,0,0,0,0,0,0,0,0,0,0,0,0,0,0,0,0,0,0,0,0,0,0,0,0,0,0,0,0,0,0,0,0
1989,238,3,30,54.522,2,8,0,-1,0,0,1,1,25,0,0,0,1028,0,0,0,0,0,1,1,0,0,0,150.2840222,0,0,0,0,3,1,1,1,100,0,0,0,3,1,1,0.1,3000,0,0,0,0,0,0,0,0,0,0,0,0,0,0,0,0,0,0,0,0,0,0,0,0,0,0,0,0,0,0,0,0,0,0,0,0,0,0,0,0,0,0,0,0,0,0,0,0,0,0,0
1989,238,3,31,17.442,2,8,0,-1,1,0,1,1,25,0,0,0,1028,0,0,0,0,0,1,1,0,0,0,150.3226713,0,0,0,0,3,1,1,1,100,0,0,0,3,1,1,0.1,3000,0,0,0,0,0,0,0,0,0,0,0,0,0,0,0,0,0,0,0,0,0,0,0,0,0,0,0,0,0,0,0,0,0,0,0,0,0,0,0,0,0,0,0,0,0,0,0,0,0,0,0
1989,238,3,32,30.522,2,8,0,-1,0,0,1,1,25,0,0,0,1028,0,0,0,0,0,1,1,0,0,0,150.4459051,0,0,0,0,3,1,1,1,100,0,0,0,3,1,1,0.1,3000,0,0,0,0,0,0,0,0,0,0,0,0,0,0,0,0,0,0,0,0,0,0,0,0,0,0,0,0,0,0,0,0,0,0,0,0,0,0,0,0,0,0,0,0,0,0,0,0,0,0,0
1989,238,3,32,53.441,2,8,0,-1,1,0,1,1,25,0,0,0,1028,0,0,0,0,0,1,1,0,0,0,150.4845536,0,0,0,0,3,1,1,1,100,0,0,0,3,1,1,0.1,3000,0,0,0,0,0,0,0,0,0,0,0,0,0,0,0,0,0,0,0,0,0,0,0,0,0,0,0,0,0,0,0,0,0,0,0,0,0,0,0,0,0,0,0,0,0,0,0,0,0,0,0
1989,238,3,34,6.521,2,8,0,-1,0,0,1,1,25,0,0,0,1028,0,0,0,0,0,1,1,0,0,0,150.6077853,0,0,0,0,3,1,1,1,100,0,0,0,3,1,1,0.1,3000,0,0,0,0,0,0,0,0,0,0,0,0,0,0,0,0,0,0,0,0,0,0,0,0,0,0,0,0,0,0,0,0,0,0,0,0,0,0,0,0,0,0,0,0,0,0,0,0,0,0,0
1989,238,3,34,29.441,2,8,0,-1,1,0,1,1,25,0,0,0,1028,0,0,0,0,0,1,1,0,0,0,150.6464331,0,0,0,0,3,1,1,1,100,0,0,0,3,1,1,0.1,3000,0,0,0,0,0,0,0,0,0,0,0,0,0,0,0,0,0,0,0,0,0,0,0,0,0,0,0,0,0,0,0,0,0,0,0,0,0,0,0,0,0,0,0,0,0,0,0,0,0,0,0
1989,238,3,35,42.521,2,8,0,-1,0,0,1,1,25,0,0,0,1028,0,0,0,0,0,1,1,0,0,0,150.7696635,0,0,0,0,3,1,1,1,100,0,0,0,3,1,1,0.1,3000,0,0,0,0,0,0,0,0,0,0,0,0,0,0,0,0,0,0,0,0,0,0,0,0,0,0,0,0,0,0,0,0,0,0,0,0,0,0,0,0,0,0,0,0,0,0,0,0,0,0,0
1989,238,3,36,5.441,2,8,0,-1,1,0,1,1,25,0,0,0,1028,0,0,0,0,0,1,1,0,0,0,150.8083115,0,0,0,0,3,1,1,1,100,0,0,0,3,1,1,0.1,3000,0,0,0,0,0,0,0,0,0,0,0,0,0,0,0,0,0,0,0,0,0,0,0,0,0,0,0,0,0,0,0,0,0,0,0,0,0,0,0,0,0,0,0,0,0,0,0,0,0,0,0
1989,238,3,37,18.521,2,8,0,-1,0,0,1,1,25,0,0,0,1028,0,0,0,0,0,1,1,0,0,0,150.9315389,0,0,0,0,3,1,1,1,100,0,0,0,3,1,1,0.1,3000,0,0,0,0,0,0,0,0,0,0,0,0,0,0,0,0,0,0,0,0,0,0,0,0,0,0,0,0,0,0,0,0,0,0,0,0,0,0,0,0,0,0,0,0,0,0,0,0,0,0,0
1989,238,3,37,41.44,2,8,0,-1,1,0,1,1,25,0,0,0,1028,0,0,0,0,0,1,1,0,0,0,150.9701846,0,0,0,0,3,1,1,1,100,0,0,0,3,1,1,0.1,3000,0,0,0,0,0,0,0,0,0,0,0,0,0,0,0,0,0,0,0,0,0,0,0,0,0,0,0,0,0,0,0,0,0,0,0,0,0,0,0,0,0,0,0,0,0,0,0,0,0,0,0
1989,238,3,38,54.521,2,8,0,-1,0,0,1,1,25,0,0,0,1028,0,0,0,0,0,1,1,0,0,0,151.0934115,0,0,0,0,3,1,1,1,100,0,0,0,3,1,1,0.1,3000,0,0,0,0,0,0,0,0,0,0,0,0,0,0,0,0,0,0,0,0,0,0,0,0,0,0,0,0,0,0,0,0,0,0,0,0,0,0,0,0,0,0,0,0,0,0,0,0,0,0,0
1989,238,3,39,17.441,2,8,0,-1,1,0,1,1,25,0,0,0,1028,0,0,0,0,0,1,1,0,0,0,151.1320582,0,0,0,0,3,1,1,1,100,0,0,0,3,1,1,0.1,3000,0,0,0,0,0,0,0,0,0,0,0,0,0,0,0,0,0,0,0,0,0,0,0,0,0,0,0,0,0,0,0,0,0,0,0,0,0,0,0,0,0,0,0,0,0,0,0,0,0,0,0
1989,238,3,42,54.521,2,8,0,-1,0,0,1,1,25,0,0,0,1028,0,0,0,0,0,1,1,0,0,0,151.4980809,0,0,0,0,3,1,1,1,100,0,0,0,3,1,1,0.1,3000,0,0,0,0,0,0,0,0,0,0,0,0,0,0,0,0,0,0,0,0,0,0,0,0,0,0,0,0,0,0,0,0,0,0,0,0,0,0,0,0,0,0,0,0,0,0,0,0,0,0,0
1989,238,3,43,17.441,2,8,0,-1,1,0,1,1,25,0,0,0,1028,0,0,0,0,0,1,1,0,0,0,151.5367259,0,0,0,0,3,1,1,1,100,0,0,0,3,1,1,0.1,3000,0,0,0,0,0,0,0,0,0,0,0,0,0,0,0,0,0,0,0,0,0,0,0,0,0,0,0,0,0,0,0,0,0,0,0,0,0,0,0,0,0,0,0,0,0,0,0,0,0,0,0
1989,238,3,44,30.521,2,8,0,-1,0,0,1,1,25,0,0,0,1028,0,0,0,0,0,1,1,0,0,0,151.6599438,0,0,0,0,3,1,1,1,100,0,0,0,3,1,1,0.1,3000,0,0,0,0,0,0,0,0,0,0,0,0,0,0,0,0,0,0,0,0,0,0,0,0,0,0,0,0,0,0,0,0,0,0,0,0,0,0,0,0,0,0,0,0,0,0,0,0,0,0,0
1989,238,3,44,53.441,2,8,0,-1,1,0,1,1,25,0,0,0,1028,0,0,0,0,0,1,1,0,0,0,151.6985873,0,0,0,0,3,1,1,1,100,0,0,0,3,1,1,0.1,3000,0,0,0,0,0,0,0,0,0,0,0,0,0,0,0,0,0,0,0,0,0,0,0,0,0,0,0,0,0,0,0,0,0,0,0,0,0,0,0,0,0,0,0,0,0,0,0,0,0,0,0
1989,238,3,46,6.52,2,8,0,-1,0,0,1,1,25,0,0,0,1028,0,0,0,0,0,1,1,0,0,0,151.8218023,0,0,0,0,3,1,1,1,100,0,0,0,3,1,1,0.1,3000,0,0,0,0,0,0,0,0,0,0,0,0,0,0,0,0,0,0,0,0,0,0,0,0,0,0,0,0,0,0,0,0,0,0,0,0,0,0,0,0,0,0,0,0,0,0,0,0,0,0,0
1989,238,3,46,29.439,2,8,0,-1,1,0,1,1,25,0,0,0,1028,0,0,0,0,0,1,1,0,0,0,151.8604451,0,0,0,0,3,1,1,1,100,0,0,0,3,1,1,0.1,3000,0,0,0,0,0,0,0,0,0,0,0,0,0,0,0,0,0,0,0,0,0,0,0,0,0,0,0,0,0,0,0,0,0,0,0,0,0,0,0,0,0,0,0,0,0,0,0,0,0,0,0
1989,238,3,47,42.52,2,8,0,-1,0,0,1,1,25,0,0,0,1028,0,0,0,0,0,1,1,0,0,0,151.9836597,0,0,0,0,3,1,1,1,100,0,0,0,3,1,1,0.1,3000,0,0,0,0,0,0,0,0,0,0,0,0,0,0,0,0,0,0,0,0,0,0,0,0,0,0,0,0,0,0,0,0,0,0,0,0,0,0,0,0,0,0,0,0,0,0,0,0,0,0,0
1989,238,3,48,5.44,2,8,0,-1,1,0,1,1,25,0,0,0,1028,0,0,0,0,0,1,1,0,0,0,152.0223027,0,0,0,0,3,1,1,1,100,0,0,0,3,1,1,0.1,3000,0,0,0,0,0,0,0,0,0,0,0,0,0,0,0,0,0,0,0,0,0,0,0,0,0,0,0,0,0,0,0,0,0,0,0,0,0,0,0,0,0,0,0,0,0,0,0,0,0,0,0
1989,238,3,49,18.52,2,8,0,-1,0,0,1,1,25,0,0,0,1028,0,0,0,0,0,1,1,0,0,0,152.1455143,0,0,0,0,3,1,1,1,100,0,0,0,3,1,1,0.1,3000,0,0,0,0,0,0,0,0,0,0,0,0,0,0,0,0,0,0,0,0,0,0,0,0,0,0,0,0,0,0,0,0,0,0,0,0,0,0,0,0,0,0,0,0,0,0,0,0,0,0,0
1989,238,3,49,41.439,2,8,0,-1,1,0,1,1,25,0,0,0,1028,0,0,0,0,0,1,1,0,0,0,152.1841559,0,0,0,0,3,1,1,1,100,0,0,0,3,1,1,0.1,3000,0,0,0,0,0,0,0,0,0,0,0,0,0,0,0,0,0,0,0,0,0,0,0,0,0,0,0,0,0,0,0,0,0,0,0,0,0,0,0,0,0,0,0,0,0,0,0,0,0,0,0
1989,238,3,50,54.52,2,8,0,-1,0,0,1,1,25,0,0,0,1028,0,0,0,0,0,1,1,0,0,0,152.3073662,0,0,0,0,3,1,1,1,100,0,0,0,3,1,1,0.1,3000,0,0,0,0,0,0,0,0,0,0,0,0,0,0,0,0,0,0,0,0,0,0,0,0,0,0,0,0,0,0,0,0,0,0,0,0,0,0,0,0,0,0,0,0,0,0,0,0,0,0,0
1989,238,3,51,17.44,2,8,0,-1,1,0,1,1,25,0,0,0,1028,0,0,0,0,0,1,1,0,0,0,152.3460079,0,0,0,0,3,1,1,1,100,0,0,0,3,1,1,0.1,3000,0,0,0,0,0,0,0,0,0,0,0,0,0,0,0,0,0,0,0,0,0,0,0,0,0,0,0,0,0,0,0,0,0,0,0,0,0,0,0,0,0,0,0,0,0,0,0,0,0,0,0
1989,238,3,54,54.52,2,8,0,-1,0,0,1,1,25,0,0,0,1028,0,0,0,0,0,1,1,0,0,0,152.711984,0,0,0,0,3,1,1,1,100,0,0,0,3,1,1,0.1,3000,0,0,0,0,0,0,0,0,0,0,0,0,0,0,0,0,0,0,0,0,0,0,0,0,0,0,0,0,0,0,0,0,0,0,0,0,0,0,0,0,0,0,0,0,0,0,0,0,0,0,0
1989,238,3,55,17.44,2,8,0,-1,1,0,1,1,25,0,0,0,1028,0,0,0,0,0,1,1,0,0,0,152.7506241,0,0,0,0,3,1,1,1,100,0,0,0,3,1,1,0.1,3000,0,0,0,0,0,0,0,0,0,0,0,0,0,0,0,0,0,0,0,0,0,0,0,0,0,0,0,0,0,0,0,0,0,0,0,0,0,0,0,0,0,0,0,0,0,0,0,0,0,0,0
1989,238,3,56,30.52,2,8,0,-1,0,0,1,1,25,0,0,0,1028,0,0,0,0,0,1,1,0,0,0,152.8738263,0,0,0,0,3,1,1,1,100,0,0,0,3,1,1,0.1,3000,0,0,0,0,0,0,0,0,0,0,0,0,0,0,0,0,0,0,0,0,0,0,0,0,0,0,0,0,0,0,0,0,0,0,0,0,0,0,0,0,0,0,0,0,0,0,0,0,0,0,0
1989,238,3,56,53.44,2,8,0,-1,1,0,1,1,25,0,0,0,1028,0,0,0,0,0,1,1,0,0,0,152.9124658,0,0,0,0,3,1,1,1,100,0,0,0,3,1,1,0.1,3000,0,0,0,0,0,0,0,0,0,0,0,0,0,0,0,0,0,0,0,0,0,0,0,0,0,0,0,0,0,0,0,0,0,0,0,0,0,0,0,0,0,0,0,0,0,0,0,0,0,0,0
1989,238,3,58,6.519,2,8,0,-1,0,0,1,1,25,0,0,0,1028,0,0,0,0,0,1,1,0,0,0,153.0356651,0,0,0,0,3,1,1,1,100,0,0,0,3,1,1,0.1,3000,0,0,0,0,0,0,0,0,0,0,0,0,0,0,0,0,0,0,0,0,0,0,0,0,0,0,0,0,0,0,0,0,0,0,0,0,0,0,0,0,0,0,0,0,0,0,0,0,0,0,0
1989,238,3,58,29.439,2,8,0,-1,1,0,1,1,25,0,0,0,1028,0,0,0,0,0,1,1,0,0,0,153.0743031,0,0,0,0,3,1,1,1,100,0,0,0,3,1,1,0.1,3000,0,0,0,0,0,0,0,0,0,0,0,0,0,0,0,0,0,0,0,0,0,0,0,0,0,0,0,0,0,0,0,0,0,0,0,0,0,0,0,0,0,0,0,0,0,0,0,0,0,0,0
1989,238,3,59,42.519,2,8,0,-1,0,0,1,1,25,0,0,0,1028,0,0,0,0,0,1,1,0,0,0,153.1975012,0,0,0,0,3,1,1,1,100,0,0,0,3,1,1,0.1,3000,0,0,0,0,0,0,0,0,0,0,0,0,0,0,0,0,0,0,0,0,0,0,0,0,0,0,0,0,0,0,0,0,0,0,0,0,0,0,0,0,0,0,0,0,0,0,0,0,0,0,0
1989,238,4,0,5.439,2,8,0,-1,1,0,1,1,25,0,0,0,1028,0,0,0,0,0,1,1,0,0,0,153.2361393,0,0,0,0,3,1,1,1,100,0,0,0,3,1,1,0.1,3000,0,0,0,0,0,0,0,0,0,0,0,0,0,0,0,0,0,0,0,0,0,0,0,0,0,0,0,0,0,0,0,0,0,0,0,0,0,0,0,0,0,0,0,0,0,0,0,0,0,0,0
1989,238,4,1,18.519,2,8,0,-1,0,0,1,1,25,0,0,0,1028,0,0,0,0,0,1,1,0,0,0,153.3593354,0,0,0,0,3,1,1,1,100,0,0,0,3,1,1,0.1,3000,0,0,0,0,0,0,0,0,0,0,0,0,0,0,0,0,0,0,0,0,0,0,0,0,0,0,0,0,0,0,0,0,0,0,0,0,0,0,0,0,0,0,0,0,0,0,0,0,0,0,0
1989,238,4,1,41.439,2,8,0,-1,1,0,1,1,25,0,0,0,1028,0,0,0,0,0,1,1,0,0,0,153.3979721,0,0,0,0,3,1,1,1,100,0,0,0,3,1,1,0.1,3000,0,0,0,0,0,0,0,0,0,0,0,0,0,0,0,0,0,0,0,0,0,0,0,0,0,0,0,0,0,0,0,0,0,0,0,0,0,0,0,0,0,0,0,0,0,0,0,0,0,0,0
1989,238,4,2,54.519,2,8,0,-1,0,0,1,1,25,0,0,0,1028,0,0,0,0,0,1,1,0,0,0,153.5211669,0,0,0,0,3,1,1,1,100,0,0,0,3,1,1,0.1,3000,0,0,0,0,0,0,0,0,0,0,0,0,0,0,0,0,0,0,0,0,0,0,0,0,0,0,0,0,0,0,0,0,0,0,0,0,0,0,0,0,0,0,0,0,0,0,0,0,0,0,0
1989,238,4,3,17.439,2,8,0,-1,1,0,1,1,25,0,0,0,1028,0,0,0,0,0,1,1,0,0,0,153.5598038,0,0,0,0,3,1,1,1,100,0,0,0,3,1,1,0.1,3000,0,0,0,0,0,0,0,0,0,0,0,0,0,0,0,0,0,0,0,0,0,0,0,0,0,0,0,0,0,0,0,0,0,0,0,0,0,0,0,0,0,0,0,0,0,0,0,0,0,0,0
1989,238,4,6,54.519,2,8,0,-1,0,0,1,1,25,0,0,0,1028,0,0,0,0,0,1,1,0,0,0,153.9257339,0,0,0,0,3,1,1,1,100,0,0,0,3,1,1,0.1,3000,0,0,0,0,0,0,0,0,0,0,0,0,0,0,0,0,0,0,0,0,0,0,0,0,0,0,0,0,0,0,0,0,0,0,0,0,0,0,0,0,0,0,0,0,0,0,0,0,0,0,0
1989,238,4,7,17.439,2,8,0,-1,1,0,1,1,25,0,0,0,1028,0,0,0,0,0,1,1,0,0,0,153.9643692,0,0,0,0,3,1,1,1,100,0,0,0,3,1,1,0.1,3000,0,0,0,0,0,0,0,0,0,0,0,0,0,0,0,0,0,0,0,0,0,0,0,0,0,0,0,0,0,0,0,0,0,0,0,0,0,0,0,0,0,0,0,0,0,0,0,0,0,0,0
1989,238,4,8,30.519,2,8,0,-1,0,0,1,1,25,0,0,0,1028,0,0,0,0,0,1,1,0,0,0,154.087556,0,0,0,0,3,1,1,1,100,0,0,0,3,1,1,0.1,3000,0,0,0,0,0,0,0,0,0,0,0,0,0,0,0,0,0,0,0,0,0,0,0,0,0,0,0,0,0,0,0,0,0,0,0,0,0,0,0,0,0,0,0,0,0,0,0,0,0,0,0
1989,238,4,8,53.439,2,8,0,-1,1,0,1,1,25,0,0,0,1028,0,0,0,0,0,1,1,0,0,0,154.1261906,0,0,0,0,3,1,1,1,100,0,0,0,3,1,1,0.1,3000,0,0,0,0,0,0,0,0,0,0,0,0,0,0,0,0,0,0,0,0,0,0,0,0,0,0,0,0,0,0,0,0,0,0,0,0,0,0,0,0,0,0,0,0,0,0,0,0,0,0,0
1989,238,4,10,6.519,2,8,0,-1,0,0,1,1,25,0,0,0,1028,0,0,0,0,0,1,1,0,0,0,154.2493754,0,0,0,0,3,1,1,1,100,0,0,0,3,1,1,0.1,3000,0,0,0,0,0,0,0,0,0,0,0,0,0,0,0,0,0,0,0,0,0,0,0,0,0,0,0,0,0,0,0,0,0,0,0,0,0,0,0,0,0,0,0,0,0,0,0,0,0,0,0
1989,238,4,10,29.438,2,8,0,-1,1,0,1,1,25,0,0,0,1028,0,0,0,0,0,1,1,0,0,0,154.2880086,0,0,0,0,3,1,1,1,100,0,0,0,3,1,1,0.1,3000,0,0,0,0,0,0,0,0,0,0,0,0,0,0,0,0,0,0,0,0,0,0,0,0,0,0,0,0,0,0,0,0,0,0,0,0,0,0,0,0,0,0,0,0,0,0,0,0,0,0,0
1989,238,4,11,42.518,2,8,0,-1,0,0,1,1,25,0,0,0,1028,0,0,0,0,0,1,1,0,0,0,154.4111914,0,0,0,0,3,1,1,1,100,0,0,0,3,1,1,0.1,3000,0,0,0,0,0,0,0,0,0,0,0,0,0,0,0,0,0,0,0,0,0,0,0,0,0,0,0,0,0,0,0,0,0,0,0,0,0,0,0,0,0,0,0,0,0,0,0,0,0,0,0
1989,238,4,12,5.438,2,8,0,-1,1,0,1,1,25,0,0,0,1028,0,0,0,0,0,1,1,0,0,0,154.4498247,0,0,0,0,3,1,1,1,100,0,0,0,3,1,1,0.1,3000,0,0,0,0,0,0,0,0,0,0,0,0,0,0,0,0,0,0,0,0,0,0,0,0,0,0,0,0,0,0,0,0,0,0,0,0,0,0,0,0,0,0,0,0,0,0,0,0,0,0,0
1989,238,4,13,18.518,2,8,0,-1,0,0,1,1,25,0,0,0,1028,0,0,0,0,0,1,1,0,0,0,154.5730046,0,0,0,0,3,1,1,1,100,0,0,0,3,1,1,0.1,3000,0,0,0,0,0,0,0,0,0,0,0,0,0,0,0,0,0,0,0,0,0,0,0,0,0,0,0,0,0,0,0,0,0,0,0,0,0,0,0,0,0,0,0,0,0,0,0,0,0,0,0
1989,238,4,13,41.438,2,8,0,-1,1,0,1,1,25,0,0,0,1028,0,0,0,0,0,1,1,0,0,0,154.6116373,0,0,0,0,3,1,1,1,100,0,0,0,3,1,1,0.1,3000,0,0,0,0,0,0,0,0,0,0,0,0,0,0,0,0,0,0,0,0,0,0,0,0,0,0,0,0,0,0,0,0,0,0,0,0,0,0,0,0,0,0,0,0,0,0,0,0,0,0,0
1989,238,4,14,54.518,2,8,0,-1,0,0,1,1,25,0,0,0,1028,0,0,0,0,0,1,1,0,0,0,154.7348161,0,0,0,0,3,1,1,1,100,0,0,0,3,1,1,0.1,3000,0,0,0,0,0,0,0,0,0,0,0,0,0,0,0,0,0,0,0,0,0,0,0,0,0,0,0,0,0,0,0,0,0,0,0,0,0,0,0,0,0,0,0,0,0,0,0,0,0,0,0
1989,238,4,15,17.438,2,8,0,-1,1,0,1,1,25,0,0,0,1028,0,0,0,0,0,1,1,0,0,0,154.7734482,0,0,0,0,3,1,1,1,100,0,0,0,3,1,1,0.1,3000,0,0,0,0,0,0,0,0,0,0,0,0,0,0,0,0,0,0,0,0,0,0,0,0,0,0,0,0,0,0,0,0,0,0,0,0,0,0,0,0,0,0,0,0,0,0,0,0,0,0,0
1989,238,4,18,54.518,2,8,0,-1,0,0,1,1,25,0,0,0,1028,0,0,0,0,0,1,1,0,0,0,155.1393331,0,0,0,0,3,1,1,1,100,0,0,0,3,1,1,0.1,3000,0,0,0,0,0,0,0,0,0,0,0,0,0,0,0,0,0,0,0,0,0,0,0,0,0,0,0,0,0,0,0,0,0,0,0,0,0,0,0,0,0,0,0,0,0,0,0,0,0,0,0
1989,238,4,19,17.438,2,8,0,-1,1,0,1,1,25,0,0,0,1028,0,0,0,0,0,1,1,0,0,0,155.1779636,0,0,0,0,3,1,1,1,100,0,0,0,3,1,1,0.1,3000,0,0,0,0,0,0,0,0,0,0,0,0,0,0,0,0,0,0,0,0,0,0,0,0,0,0,0,0,0,0,0,0,0,0,0,0,0,0,0,0,0,0,0,0,0,0,0,0,0,0,0
1989,238,4,20,30.518,2,8,0,-1,0,0,1,1,25,0,0,0,1028,0,0,0,0,0,1,1,0,0,0,155.3011353,0,0,0,0,3,1,1,1,100,0,0,0,3,1,1,0.1,3000,0,0,0,0,0,0,0,0,0,0,0,0,0,0,0,0,0,0,0,0,0,0,0,0,0,0,0,0,0,0,0,0,0,0,0,0,0,0,0,0,0,0,0,0,0,0,0,0,0,0,0
1989,238,4,20,53.438,2,8,0,-1,1,0,1,1,25,0,0,0,1028,0,0,0,0,0,1,1,0,0,0,155.3397652,0,0,0,0,3,1,1,1,100,0,0,0,3,1,1,0.1,3000,0,0,0,0,0,0,0,0,0,0,0,0,0,0,0,0,0,0,0,0,0,0,0,0,0,0,0,0,0,0,0,0,0,0,0,0,0,0,0,0,0,0,0,0,0,0,0,0,0,0,0
1989,238,4,22,6.518,2,8,0,-1,0,0,1,1,25,0,0,0,1028,0,0,0,0,0,1,1,0,0,0,155.4629348,0,0,0,0,3,1,1,1,100,0,0,0,3,1,1,0.1,3000,0,0,0,0,0,0,0,0,0,0,0,0,0,0,0,0,0,0,0,0,0,0,0,0,0,0,0,0,0,0,0,0,0,0,0,0,0,0,0,0,0,0,0,0,0,0,0,0,0,0,0
1989,238,4,22,29.438,2,8,0,-1,1,0,1,1,25,0,0,0,1028,0,0,0,0,0,1,1,0,0,0,155.5015641,0,0,0,0,3,1,1,1,100,0,0,0,3,1,1,0.1,3000,0,0,0,0,0,0,0,0,0,0,0,0,0,0,0,0,0,0,0,0,0,0,0,0,0,0,0,0,0,0,0,0,0,0,0,0,0,0,0,0,0,0,0,0,0,0,0,0,0,0,0
1989,238,4,23,42.518,2,8,0,-1,0,0,1,1,25,0,0,0,1028,0,0,0,0,0,1,1,0,0,0,155.6247318,0,0,0,0,3,1,1,1,100,0,0,0,3,1,1,0.1,3000,0,0,0,0,0,0,0,0,0,0,0,0,0,0,0,0,0,0,0,0,0,0,0,0,0,0,0,0,0,0,0,0,0,0,0,0,0,0,0,0,0,0,0,0,0,0,0,0,0,0,0
1989,238,4,24,5.438,2,8,0,-1,1,0,1,1,25,0,0,0,1028,0,0,0,0,0,1,1,0,0,0,155.6633604,0,0,0,0,3,1,1,1,100,0,0,0,3,1,1,0.1,3000,0,0,0,0,0,0,0,0,0,0,0,0,0,0,0,0,0,0,0,0,0,0,0,0,0,0,0,0,0,0,0,0,0,0,0,0,0,0,0,0,0,0,0,0,0,0,0,0,0,0,0
1989,238,4,25,18.517,2,8,0,-1,0,0,1,1,25,0,0,0,1028,0,0,0,0,0,1,1,0,0,0,155.7865244,0,0,0,0,3,1,1,1,100,0,0,0,3,1,1,0.1,3000,0,0,0,0,0,0,0,0,0,0,0,0,0,0,0,0,0,0,0,0,0,0,0,0,0,0,0,0,0,0,0,0,0,0,0,0,0,0,0,0,0,0,0,0,0,0,0,0,0,0,0
1989,238,4,25,41.437,2,8,0,-1,1,0,1,1,25,0,0,0,1028,0,0,0,0,0,1,1,0,0,0,155.8251524,0,0,0,0,3,1,1,1,100,0,0,0,3,1,1,0.1,3000,0,0,0,0,0,0,0,0,0,0,0,0,0,0,0,0,0,0,0,0,0,0,0,0,0,0,0,0,0,0,0,0,0,0,0,0,0,0,0,0,0,0,0,0,0,0,0,0,0,0,0
1989,238,4,26,54.517,2,8,0,-1,0,0,1,1,25,0,0,0,1028,0,0,0,0,0,1,1,0,0,0,155.9483161,0,0,0,0,3,1,1,1,100,0,0,0,3,1,1,0.1,3000,0,0,0,0,0,0,0,0,0,0,0,0,0,0,0,0,0,0,0,0,0,0,0,0,0,0,0,0,0,0,0,0,0,0,0,0,0,0,0,0,0,0,0,0,0,0,0,0,0,0,0
1989,238,4,27,17.437,2,8,0,-1,1,0,1,1,25,0,0,0,1028,0,0,0,0,0,1,1,0,0,0,155.9869426,0,0,0,0,3,1,1,1,100,0,0,0,3,1,1,0.1,3000,0,0,0,0,0,0,0,0,0,0,0,0,0,0,0,0,0,0,0,0,0,0,0,0,0,0,0,0,0,0,0,0,0,0,0,0,0,0,0,0,0,0,0,0,0,0,0,0,0,0,0
1989,238,4,30,54.517,2,8,0,-1,0,0,1,1,25,0,0,0,1028,0,0,0,0,0,1,1,0,0,0,156.3527839,0,0,0,0,3,1,1,1,100,0,0,0,3,1,1,0.1,3000,0,0,0,0,0,0,0,0,0,0,0,0,0,0,0,0,0,0,0,0,0,0,0,0,0,0,0,0,0,0,0,0,0,0,0,0,0,0,0,0,0,0,0,0,0,0,0,0,0,0,0
1989,238,4,31,17.437,2,8,0,-1,1,0,1,1,25,0,0,0,1028,0,0,0,0,0,1,1,0,0,0,156.3914089,0,0,0,0,3,1,1,1,100,0,0,0,3,1,1,0.1,3000,0,0,0,0,0,0,0,0,0,0,0,0,0,0,0,0,0,0,0,0,0,0,0,0,0,0,0,0,0,0,0,0,0,0,0,0,0,0,0,0,0,0,0,0,0,0,0,0,0,0,0
1989,238,4,32,30.517,2,8,0,-1,0,0,1,1,25,0,0,0,1028,0,0,0,0,0,1,1,0,0,0,156.5145665,0,0,0,0,3,1,1,1,100,0,0,0,3,1,1,0.1,3000,0,0,0,0,0,0,0,0,0,0,0,0,0,0,0,0,0,0,0,0,0,0,0,0,0,0,0,0,0,0,0,0,0,0,0,0,0,0,0,0,0,0,0,0,0,0,0,0,0,0,0
1989,238,4,32,53.437,2,8,0,-1,1,0,1,1,25,0,0,0,1028,0,0,0,0,0,1,1,0,0,0,156.5531918,0,0,0,0,3,1,1,1,100,0,0,0,3,1,1,0.1,3000,0,0,0,0,0,0,0,0,0,0,0,0,0,0,0,0,0,0,0,0,0,0,0,0,0,0,0,0,0,0,0,0,0,0,0,0,0,0,0,0,0,0,0,0,0,0,0,0,0,0,0
1989,238,4,34,6.517,2,8,0,-1,0,0,1,1,25,0,0,0,1028,0,0,0,0,0,1,1,0,0,0,156.6763465,0,0,0,0,3,1,1,1,100,0,0,0,3,1,1,0.1,3000,0,0,0,0,0,0,0,0,0,0,0,0,0,0,0,0,0,0,0,0,0,0,0,0,0,0,0,0,0,0,0,0,0,0,0,0,0,0,0,0,0,0,0,0,0,0,0,0,0,0,0
1989,238,4,34,29.437,2,8,0,-1,1,0,1,1,25,0,0,0,1028,0,0,0,0,0,1,1,0,0,0,156.7149703,0,0,0,0,3,1,1,1,100,0,0,0,3,1,1,0.1,3000,0,0,0,0,0,0,0,0,0,0,0,0,0,0,0,0,0,0,0,0,0,0,0,0,0,0,0,0,0,0,0,0,0,0,0,0,0,0,0,0,0,0,0,0,0,0,0,0,0,0,0
1989,238,4,35,42.517,2,8,0,-1,0,0,1,1,25,0,0,0,1028,0,0,0,0,0,1,1,0,0,0,156.838124,0,0,0,0,3,1,1,1,100,0,0,0,3,1,1,0.1,3000,0,0,0,0,0,0,0,0,0,0,0,0,0,0,0,0,0,0,0,0,0,0,0,0,0,0,0,0,0,0,0,0,0,0,0,0,0,0,0,0,0,0,0,0,0,0,0,0,0,0,0
1989,238,4,36,5.437,2,8,0,-1,1,0,1,1,25,0,0,0,1028,0,0,0,0,0,1,1,0,0,0,156.8767479,0,0,0,0,3,1,1,1,100,0,0,0,3,1,1,0.1,3000,0,0,0,0,0,0,0,0,0,0,0,0,0,0,0,0,0,0,0,0,0,0,0,0,0,0,0,0,0,0,0,0,0,0,0,0,0,0,0,0,0,0,0,0,0,0,0,0,0,0,0
1989,238,4,37,18.516,2,8,0,-1,0,0,1,1,25,0,0,0,1028,0,0,0,0,0,1,1,0,0,0,156.999898,0,0,0,0,3,1,1,1,100,0,0,0,3,1,1,0.1,3000,0,0,0,0,0,0,0,0,0,0,0,0,0,0,0,0,0,0,0,0,0,0,0,0,0,0,0,0,0,0,0,0,0,0,0,0,0,0,0,0,0,0,0,0,0,0,0,0,0,0,0
1989,238,4,37,41.437,2,8,0,-1,1,0,1,1,25,0,0,0,1028,0,0,0,0,0,1,1,0,0,0,157.0385213,0,0,0,0,3,1,1,1,100,0,0,0,3,1,1,0.1,3000,0,0,0,0,0,0,0,0,0,0,0,0,0,0,0,0,0,0,0,0,0,0,0,0,0,0,0,0,0,0,0,0,0,0,0,0,0,0,0,0,0,0,0,0,0,0,0,0,0,0,0
1989,238,4,38,54.516,2,8,0,-1,0,0,1,1,25,0,0,0,1028,0,0,0,0,0,1,1,0,0,0,157.1616694,0,0,0,0,3,1,1,1,100,0,0,0,3,1,1,0.1,3000,0,0,0,0,0,0,0,0,0,0,0,0,0,0,0,0,0,0,0,0,0,0,0,0,0,0,0,0,0,0,0,0,0,0,0,0,0,0,0,0,0,0,0,0,0,0,0,0,0,0,0
1989,238,4,39,17.435,2,8,0,-1,1,0,1,1,25,0,0,0,1028,0,0,0,0,0,1,1,0,0,0,157.2002913,0,0,0,0,3,1,1,1,100,0,0,0,3,1,1,0.1,3000,0,0,0,0,0,0,0,0,0,0,0,0,0,0,0,0,0,0,0,0,0,0,0,0,0,0,0,0,0,0,0,0,0,0,0,0,0,0,0,0,0,0,0,0,0,0,0,0,0,0,0
1989,238,4,42,54.516,2,8,0,-1,0,0,1,1,25,0,0,0,1028,0,0,0,0,0,1,1,0,0,0,157.5660888,0,0,0,0,3,1,1,1,100,0,0,0,3,1,1,0.1,3000,0,0,0,0,0,0,0,0,0,0,0,0,0,0,0,0,0,0,0,0,0,0,0,0,0,0,0,0,0,0,0,0,0,0,0,0,0,0,0,0,0,0,0,0,0,0,0,0,0,0,0
1989,238,4,43,17.435,2,8,0,-1,1,0,1,1,25,0,0,0,1028,0,0,0,0,0,1,1,0,0,0,157.6047092,0,0,0,0,3,1,1,1,100,0,0,0,3,1,1,0.1,3000,0,0,0,0,0,0,0,0,0,0,0,0,0,0,0,0,0,0,0,0,0,0,0,0,0,0,0,0,0,0,0,0,0,0,0,0,0,0,0,0,0,0,0,0,0,0,0,0,0,0,0
1989,238,4,44,30.516,2,8,0,-1,0,0,1,1,25,0,0,0,1028,0,0,0,0,0,1,1,0,0,0,157.7278521,0,0,0,0,3,1,1,1,100,0,0,0,3,1,1,0.1,3000,0,0,0,0,0,0,0,0,0,0,0,0,0,0,0,0,0,0,0,0,0,0,0,0,0,0,0,0,0,0,0,0,0,0,0,0,0,0,0,0,0,0,0,0,0,0,0,0,0,0,0
1989,238,4,44,53.436,2,8,0,-1,1,0,1,1,25,0,0,0,1028,0,0,0,0,0,1,1,0,0,0,157.7664727,0,0,0,0,3,1,1,1,100,0,0,0,3,1,1,0.1,3000,0,0,0,0,0,0,0,0,0,0,0,0,0,0,0,0,0,0,0,0,0,0,0,0,0,0,0,0,0,0,0,0,0,0,0,0,0,0,0,0,0,0,0,0,0,0,0,0,0,0,0
1989,238,4,46,6.516,2,8,0,-1,0,0,1,1,25,0,0,0,1028,0,0,0,0,0,1,1,0,0,0,157.8896129,0,0,0,0,3,1,1,1,100,0,0,0,3,1,1,0.1,3000,0,0,0,0,0,0,0,0,0,0,0,0,0,0,0,0,0,0,0,0,0,0,0,0,0,0,0,0,0,0,0,0,0,0,0,0,0,0,0,0,0,0,0,0,0,0,0,0,0,0,0
1989,238,4,46,29.435,2,8,0,-1,1,0,1,1,25,0,0,0,1028,0,0,0,0,0,1,1,0,0,0,157.928232,0,0,0,0,3,1,1,1,100,0,0,0,3,1,1,0.1,3000,0,0,0,0,0,0,0,0,0,0,0,0,0,0,0,0,0,0,0,0,0,0,0,0,0,0,0,0,0,0,0,0,0,0,0,0,0,0,0,0,0,0,0,0,0,0,0,0,0,0,0
1989,238,4,47,42.516,2,8,0,-1,0,0,1,1,25,0,0,0,1028,0,0,0,0,0,1,1,0,0,0,158.0513711,0,0,0,0,3,1,1,1,100,0,0,0,3,1,1,0.1,3000,0,0,0,0,0,0,0,0,0,0,0,0,0,0,0,0,0,0,0,0,0,0,0,0,0,0,0,0,0,0,0,0,0,0,0,0,0,0,0,0,0,0,0,0,0,0,0,0,0,0,0
1989,238,4,48,5.436,2,8,0,-1,1,0,1,1,25,0,0,0,1028,0,0,0,0,0,1,1,0,0,0,158.0899905,0,0,0,0,3,1,1,1,100,0,0,0,3,1,1,0.1,3000,0,0,0,0,0,0,0,0,0,0,0,0,0,0,0,0,0,0,0,0,0,0,0,0,0,0,0,0,0,0,0,0,0,0,0,0,0,0,0,0,0,0,0,0,0,0,0,0,0,0,0
1989,238,4,49,18.516,2,8,0,-1,0,0,1,1,25,0,0,0,1028,0,0,0,0,0,1,1,0,0,0,158.2131267,0,0,0,0,3,1,1,1,100,0,0,0,3,1,1,0.1,3000,0,0,0,0,0,0,0,0,0,0,0,0,0,0,0,0,0,0,0,0,0,0,0,0,0,0,0,0,0,0,0,0,0,0,0,0,0,0,0,0,0,0,0,0,0,0,0,0,0,0,0
1989,238,4,49,41.436,2,8,0,-1,1,0,1,1,25,0,0,0,1028,0,0,0,0,0,1,1,0,0,0,158.2517455,0,0,0,0,3,1,1,1,100,0,0,0,3,1,1,0.1,3000,0,0,0,0,0,0,0,0,0,0,0,0,0,0,0,0,0,0,0,0,0,0,0,0,0,0,0,0,0,0,0,0,0,0,0,0,0,0,0,0,0,0,0,0,0,0,0,0,0,0,0
1989,238,4,50,54.515,2,8,0,-1,0,0,1,1,25,0,0,0,1028,0,0,0,0,0,1,1,0,0,0,158.3748782,0,0,0,0,3,1,1,1,100,0,0,0,3,1,1,0.1,3000,0,0,0,0,0,0,0,0,0,0,0,0,0,0,0,0,0,0,0,0,0,0,0,0,0,0,0,0,0,0,0,0,0,0,0,0,0,0,0,0,0,0,0,0,0,0,0,0,0,0,0
1989,238,4,51,17.434,2,8,0,-1,1,0,1,1,25,0,0,0,1028,0,0,0,0,0,1,1,0,0,0,158.4134955,0,0,0,0,3,1,1,1,100,0,0,0,3,1,1,0.1,3000,0,0,0,0,0,0,0,0,0,0,0,0,0,0,0,0,0,0,0,0,0,0,0,0,0,0,0,0,0,0,0,0,0,0,0,0,0,0,0,0,0,0,0,0,0,0,0,0,0,0,0
1989,238,4,54,54.515,2,8,0,-1,0,0,1,1,25,0,0,0,1028,0,0,0,0,0,1,1,0,0,0,158.7792499,0,0,0,0,3,1,1,1,100,0,0,0,3,1,1,0.1,3000,0,0,0,0,0,0,0,0,0,0,0,0,0,0,0,0,0,0,0,0,0,0,0,0,0,0,0,0,0,0,0,0,0,0,0,0,0,0,0,0,0,0,0,0,0,0,0,0,0,0,0
1989,238,4,55,17.434,2,8,0,-1,1,0,1,1,25,0,0,0,1028,0,0,0,0,0,1,1,0,0,0,158.8178658,0,0,0,0,3,1,1,1,100,0,0,0,3,1,1,0.1,3000,0,0,0,0,0,0,0,0,0,0,0,0,0,0,0,0,0,0,0,0,0,0,0,0,0,0,0,0,0,0,0,0,0,0,0,0,0,0,0,0,0,0,0,0,0,0,0,0,0,0,0
1989,238,4,56,30.515,2,8,0,-1,0,0,1,1,25,0,0,0,1028,0,0,0,0,0,1,1,0,0,0,158.9409942,0,0,0,0,3,1,1,1,100,0,0,0,3,1,1,0.1,3000,0,0,0,0,0,0,0,0,0,0,0,0,0,0,0,0,0,0,0,0,0,0,0,0,0,0,0,0,0,0,0,0,0,0,0,0,0,0,0,0,0,0,0,0,0,0,0,0,0,0,0
1989,238,4,56,53.435,2,8,0,-1,1,0,1,1,25,0,0,0,1028,0,0,0,0,0,1,1,0,0,0,158.9796103,0,0,0,0,3,1,1,1,100,0,0,0,3,1,1,0.1,3000,0,0,0,0,0,0,0,0,0,0,0,0,0,0,0,0,0,0,0,0,0,0,0,0,0,0,0,0,0,0,0,0,0,0,0,0,0,0,0,0,0,0,0,0,0,0,0,0,0,0,0
1989,238,4,58,6.515,2,8,0,-1,0,0,1,1,25,0,0,0,1028,0,0,0,0,0,1,1,0,0,0,159.102736,0,0,0,0,3,1,1,1,100,0,0,0,3,1,1,0.1,3000,0,0,0,0,0,0,0,0,0,0,0,0,0,0,0,0,0,0,0,0,0,0,0,0,0,0,0,0,0,0,0,0,0,0,0,0,0,0,0,0,0,0,0,0,0,0,0,0,0,0,0
1989,238,4,58,29.434,2,8,0,-1,1,0,1,1,25,0,0,0,1028,0,0,0,0,0,1,1,0,0,0,159.1413507,0,0,0,0,3,1,1,1,100,0,0,0,3,1,1,0.1,3000,0,0,0,0,0,0,0,0,0,0,0,0,0,0,0,0,0,0,0,0,0,0,0,0,0,0,0,0,0,0,0,0,0,0,0,0,0,0,0,0,0,0,0,0,0,0,0,0,0,0,0
1989,238,4,59,42.515,2,8,0,-1,0,0,1,1,25,0,0,0,1028,0,0,0,0,0,1,1,0,0,0,159.2644753,0,0,0,0,3,1,1,1,100,0,0,0,3,1,1,0.1,3000,0,0,0,0,0,0,0,0,0,0,0,0,0,0,0,0,0,0,0,0,0,0,0,0,0,0,0,0,0,0,0,0,0,0,0,0,0,0,0,0,0,0,0,0,0,0,0,0,0,0,0
1989,238,5,0,5.435,2,8,0,-1,1,0,1,1,25,0,0,0,1028,0,0,0,0,0,1,1,0,0,0,159.3030902,0,0,0,0,3,1,1,1,100,0,0,0,3,1,1,0.1,3000,0,0,0,0,0,0,0,0,0,0,0,0,0,0,0,0,0,0,0,0,0,0,0,0,0,0,0,0,0,0,0,0,0,0,0,0,0,0,0,0,0,0,0,0,0,0,0,0,0,0,0
1989,238,5,1,18.515,2,8,0,-1,0,0,1,1,25,0,0,0,1028,0,0,0,0,0,1,1,0,0,0,159.4262121,0,0,0,0,3,1,1,1,100,0,0,0,3,1,1,0.1,3000,0,0,0,0,0,0,0,0,0,0,0,0,0,0,0,0,0,0,0,0,0,0,0,0,0,0,0,0,0,0,0,0,0,0,0,0,0,0,0,0,0,0,0,0,0,0,0,0,0,0,0
1989,238,5,1,41.435,2,8,0,-1,1,0,1,1,25,0,0,0,1028,0,0,0,0,0,1,1,0,0,0,159.4648264,0,0,0,0,3,1,1,1,100,0,0,0,3,1,1,0.1,3000,0,0,0,0,0,0,0,0,0,0,0,0,0,0,0,0,0,0,0,0,0,0,0,0,0,0,0,0,0,0,0,0,0,0,0,0,0,0,0,0,0,0,0,0,0,0,0,0,0,0,0
1989,238,5,2,54.514,2,8,0,-1,0,0,1,1,25,0,0,0,1028,0,0,0,0,0,1,1,0,0,0,159.5879456,0,0,0,0,3,1,1,1,100,0,0,0,3,1,1,0.1,3000,0,0,0,0,0,0,0,0,0,0,0,0,0,0,0,0,0,0,0,0,0,0,0,0,0,0,0,0,0,0,0,0,0,0,0,0,0,0,0,0,0,0,0,0,0,0,0,0,0,0,0
1989,238,5,3,17.434,2,8,0,-1,1,0,1,1,25,0,0,0,1028,0,0,0,0,0,1,1,0,0,0,159.6265584,0,0,0,0,3,1,1,1,100,0,0,0,3,1,1,0.1,3000,0,0,0,0,0,0,0,0,0,0,0,0,0,0,0,0,0,0,0,0,0,0,0,0,0,0,0,0,0,0,0,0,0,0,0,0,0,0,0,0,0,0,0,0,0,0,0,0,0,0,0
1989,238,5,6,54.514,2,8,0,-1,0,0,1,1,25,0,0,0,1028,0,0,0,0,0,1,1,0,0,0,159.9922696,0,0,0,0,3,1,1,1,100,0,0,0,3,1,1,0.1,3000,0,0,0,0,0,0,0,0,0,0,0,0,0,0,0,0,0,0,0,0,0,0,0,0,0,0,0,0,0,0,0,0,0,0,0,0,0,0,0,0,0,0,0,0,0,0,0,0,0,0,0
1989,238,5,7,17.434,2,8,0,-1,1,0,1,1,25,0,0,0,1028,0,0,0,0,0,1,1,0,0,0,160.0308818,0,0,0,0,3,1,1,1,100,0,0,0,3,1,1,0.1,3000,0,0,0,0,0,0,0,0,0,0,0,0,0,0,0,0,0,0,0,0,0,0,0,0,0,0,0,0,0,0,0,0,0,0,0,0,0,0,0,0,0,0,0,0,0,0,0,0,0,0,0
1989,238,5,8,30.514,2,8,0,-1,0,0,1,1,25,0,0,0,1028,0,0,0,0,0,1,1,0,0,0,160.1539952,0,0,0,0,3,1,1,1,100,0,0,0,3,1,1,0.1,3000,0,0,0,0,0,0,0,0,0,0,0,0,0,0,0,0,0,0,0,0,0,0,0,0,0,0,0,0,0,0,0,0,0,0,0,0,0,0,0,0,0,0,0,0,0,0,0,0,0,0,0
1989,238,5,8,53.434,2,8,0,-1,1,0,1,1,25,0,0,0,1028,0,0,0,0,0,1,1,0,0,0,160.1926068,0,0,0,0,3,1,1,1,100,0,0,0,3,1,1,0.1,3000,0,0,0,0,0,0,0,0,0,0,0,0,0,0,0,0,0,0,0,0,0,0,0,0,0,0,0,0,0,0,0,0,0,0,0,0,0,0,0,0,0,0,0,0,0,0,0,0,0,0,0
1989,238,5,10,6.514,2,8,0,-1,0,0,1,1,25,0,0,0,1028,0,0,0,0,0,1,1,0,0,0,160.3157183,0,0,0,0,3,1,1,1,100,0,0,0,3,1,1,0.1,3000,0,0,0,0,0,0,0,0,0,0,0,0,0,0,0,0,0,0,0,0,0,0,0,0,0,0,0,0,0,0,0,0,0,0,0,0,0,0,0,0,0,0,0,0,0,0,0,0,0,0,0
1989,238,5,10,29.434,2,8,0,-1,1,0,1,1,25,0,0,0,1028,0,0,0,0,0,1,1,0,0,0,160.3543293,0,0,0,0,3,1,1,1,100,0,0,0,3,1,1,0.1,3000,0,0,0,0,0,0,0,0,0,0,0,0,0,0,0,0,0,0,0,0,0,0,0,0,0,0,0,0,0,0,0,0,0,0,0,0,0,0,0,0,0,0,0,0,0,0,0,0,0,0,0
1989,238,5,11,42.514,2,8,0,-1,0,0,1,1,25,0,0,0,1028,0,0,0,0,0,1,1,0,0,0,160.477439,0,0,0,0,3,1,1,1,100,0,0,0,3,1,1,0.1,3000,0,0,0,0,0,0,0,0,0,0,0,0,0,0,0,0,0,0,0,0,0,0,0,0,0,0,0,0,0,0,0,0,0,0,0,0,0,0,0,0,0,0,0,0,0,0,0,0,0,0,0
1989,238,5,12,5.434,2,8,0,-1,1,0,1,1,25,0,0,0,1028,0,0,0,0,0,1,1,0,0,0,160.5160494,0,0,0,0,3,1,1,1,100,0,0,0,3,1,1,0.1,3000,0,0,0,0,0,0,0,0,0,0,0,0,0,0,0,0,0,0,0,0,0,0,0,0,0,0,0,0,0,0,0,0,0,0,0,0,0,0,0,0,0,0,0,0,0,0,0,0,0,0,0
1989,238,5,13,18.514,2,8,0,-1,0,0,1,1,25,0,0,0,1028,0,0,0,0,0,1,1,0,0,0,160.6391572,0,0,0,0,3,1,1,1,100,0,0,0,3,1,1,0.1,3000,0,0,0,0,0,0,0,0,0,0,0,0,0,0,0,0,0,0,0,0,0,0,0,0,0,0,0,0,0,0,0,0,0,0,0,0,0,0,0,0,0,0,0,0,0,0,0,0,0,0,0
1989,238,5,13,41.434,2,8,0,-1,1,0,1,1,25,0,0,0,1028,0,0,0,0,0,1,1,0,0,0,160.677767,0,0,0,0,3,1,1,1,100,0,0,0,3,1,1,0.1,3000,0,0,0,0,0,0,0,0,0,0,0,0,0,0,0,0,0,0,0,0,0,0,0,0,0,0,0,0,0,0,0,0,0,0,0,0,0,0,0,0,0,0,0,0,0,0,0,0,0,0,0
1989,238,5,14,54.514,2,8,0,-1,0,0,1,1,25,0,0,0,1028,0,0,0,0,0,1,1,0,0,0,160.8008729,0,0,0,0,3,1,1,1,100,0,0,0,3,1,1,0.1,3000,0,0,0,0,0,0,0,0,0,0,0,0,0,0,0,0,0,0,0,0,0,0,0,0,0,0,0,0,0,0,0,0,0,0,0,0,0,0,0,0,0,0,0,0,0,0,0,0,0,0,0
1989,238,5,15,17.434,2,8,0,-1,1,0,1,1,25,0,0,0,1028,0,0,0,0,0,1,1,0,0,0,160.8394822,0,0,0,0,3,1,1,1,100,0,0,0,3,1,1,0.1,3000,0,0,0,0,0,0,0,0,0,0,0,0,0,0,0,0,0,0,0,0,0,0,0,0,0,0,0,0,0,0,0,0,0,0,0,0,0,0,0,0,0,0,0,0,0,0,0,0,0,0,0
1989,238,5,18,54.513,2,8,0,-1,0,0,1,1,25,0,0,0,1028,0,0,0,0,0,1,1,0,0,0,161.2051499,0,0,0,0,3,1,1,1,100,0,0,0,3,1,1,0.1,3000,0,0,0,0,0,0,0,0,0,0,0,0,0,0,0,0,0,0,0,0,0,0,0,0,0,0,0,0,0,0,0,0,0,0,0,0,0,0,0,0,0,0,0,0,0,0,0,0,0,0,0
1989,238,5,19,17.433,2,8,0,-1,1,0,1,1,25,0,0,0,1028,0,0,0,0,0,1,1,0,0,0,161.2437577,0,0,0,0,3,1,1,1,100,0,0,0,3,1,1,0.1,3000,0,0,0,0,0,0,0,0,0,0,0,0,0,0,0,0,0,0,0,0,0,0,0,0,0,0,0,0,0,0,0,0,0,0,0,0,0,0,0,0,0,0,0,0,0,0,0,0,0,0,0
1989,238,5,20,30.513,2,8,0,-1,0,0,1,1,25,0,0,0,1028,0,0,0,0,0,1,1,0,0,0,161.3668571,0,0,0,0,3,1,1,1,100,0,0,0,3,1,1,0.1,3000,0,0,0,0,0,0,0,0,0,0,0,0,0,0,0,0,0,0,0,0,0,0,0,0,0,0,0,0,0,0,0,0,0,0,0,0,0,0,0,0,0,0,0,0,0,0,0,0,0,0,0
1989,238,5,20,53.433,2,8,0,-1,1,0,1,1,25,0,0,0,1028,0,0,0,0,0,1,1,0,0,0,161.4054643,0,0,0,0,3,1,1,1,100,0,0,0,3,1,1,0.1,3000,0,0,0,0,0,0,0,0,0,0,0,0,0,0,0,0,0,0,0,0,0,0,0,0,0,0,0,0,0,0,0,0,0,0,0,0,0,0,0,0,0,0,0,0,0,0,0,0,0,0,0
1989,238,5,22,6.513,2,8,0,-1,0,0,1,1,25,0,0,0,1028,0,0,0,0,0,1,1,0,0,0,161.5285618,0,0,0,0,3,1,1,1,100,0,0,0,3,1,1,0.1,3000,0,0,0,0,0,0,0,0,0,0,0,0,0,0,0,0,0,0,0,0,0,0,0,0,0,0,0,0,0,0,0,0,0,0,0,0,0,0,0,0,0,0,0,0,0,0,0,0,0,0,0
1989,238,5,22,29.433,2,8,0,-1,1,0,1,1,25,0,0,0,1028,0,0,0,0,0,1,1,0,0,0,161.5671685,0,0,0,0,3,1,1,1,100,0,0,0,3,1,1,0.1,3000,0,0,0,0,0,0,0,0,0,0,0,0,0,0,0,0,0,0,0,0,0,0,0,0,0,0,0,0,0,0,0,0,0,0,0,0,0,0,0,0,0,0,0,0,0,0,0,0,0,0,0
1989,238,5,23,42.513,2,8,0,-1,0,0,1,1,25,0,0,0,1028,0,0,0,0,0,1,1,0,0,0,161.6902641,0,0,0,0,3,1,1,1,100,0,0,0,3,1,1,0.1,3000,0,0,0,0,0,0,0,0,0,0,0,0,0,0,0,0,0,0,0,0,0,0,0,0,0,0,0,0,0,0,0,0,0,0,0,0,0,0,0,0,0,0,0,0,0,0,0,0,0,0,0
1989,238,5,24,5.433,2,8,0,-1,1,0,1,1,25,0,0,0,1028,0,0,0,0,0,1,1,0,0,0,161.7288702,0,0,0,0,3,1,1,1,100,0,0,0,3,1,1,0.1,3000,0,0,0,0,0,0,0,0,0,0,0,0,0,0,0,0,0,0,0,0,0,0,0,0,0,0,0,0,0,0,0,0,0,0,0,0,0,0,0,0,0,0,0,0,0,0,0,0,0,0,0
1989,238,5,25,18.513,2,8,0,-1,0,0,1,1,25,0,0,0,1028,0,0,0,0,0,1,1,0,0,0,161.851964,0,0,0,0,3,1,1,1,100,0,0,0,3,1,1,0.1,3000,0,0,0,0,0,0,0,0,0,0,0,0,0,0,0,0,0,0,0,0,0,0,0,0,0,0,0,0,0,0,0,0,0,0,0,0,0,0,0,0,0,0,0,0,0,0,0,0,0,0,0
1989,238,5,25,41.433,2,8,0,-1,1,0,1,1,25,0,0,0,1028,0,0,0,0,0,1,1,0,0,0,161.8905695,0,0,0,0,3,1,1,1,100,0,0,0,3,1,1,0.1,3000,0,0,0,0,0,0,0,0,0,0,0,0,0,0,0,0,0,0,0,0,0,0,0,0,0,0,0,0,0,0,0,0,0,0,0,0,0,0,0,0,0,0,0,0,0,0,0,0,0,0,0
1989,238,5,26,54.513,2,8,0,-1,0,0,1,1,25,0,0,0,1028,0,0,0,0,0,1,1,0,0,0,162.0136615,0,0,0,0,3,1,1,1,100,0,0,0,3,1,1,0.1,3000,0,0,0,0,0,0,0,0,0,0,0,0,0,0,0,0,0,0,0,0,0,0,0,0,0,0,0,0,0,0,0,0,0,0,0,0,0,0,0,0,0,0,0,0,0,0,0,0,0,0,0
1989,238,5,27,17.433,2,8,0,-1,1,0,1,1,25,0,0,0,1028,0,0,0,0,0,1,1,0,0,0,162.0522664,0,0,0,0,3,1,1,1,100,0,0,0,3,1,1,0.1,3000,0,0,0,0,0,0,0,0,0,0,0,0,0,0,0,0,0,0,0,0,0,0,0,0,0,0,0,0,0,0,0,0,0,0,0,0,0,0,0,0,0,0,0,0,0,0,0,0,0,0,0
1989,238,5,30,54.512,2,8,0,-1,0,0,1,1,25,0,0,0,1028,0,0,0,0,0,1,1,0,0,0,162.417893,0,0,0,0,3,1,1,1,100,0,0,0,3,1,1,0.1,3000,0,0,0,0,0,0,0,0,0,0,0,0,0,0,0,0,0,0,0,0,0,0,0,0,0,0,0,0,0,0,0,0,0,0,0,0,0,0,0,0,0,0,0,0,0,0,0,0,0,0,0
1989,238,5,31,17.432,2,8,0,-1,1,0,1,1,25,0,0,0,1028,0,0,0,0,0,1,1,0,0,0,162.4564964,0,0,0,0,3,1,1,1,100,0,0,0,3,1,1,0.1,3000,0,0,0,0,0,0,0,0,0,0,0,0,0,0,0,0,0,0,0,0,0,0,0,0,0,0,0,0,0,0,0,0,0,0,0,0,0,0,0,0,0,0,0,0,0,0,0,0,0,0,0
1989,238,5,32,30.512,2,8,0,-1,0,0,1,1,25,0,0,0,1028,0,0,0,0,0,1,1,0,0,0,162.5795812,0,0,0,0,3,1,1,1,100,0,0,0,3,1,1,0.1,3000,0,0,0,0,0,0,0,0,0,0,0,0,0,0,0,0,0,0,0,0,0,0,0,0,0,0,0,0,0,0,0,0,0,0,0,0,0,0,0,0,0,0,0,0,0,0,0,0,0,0,0
1989,238,5,32,53.431,2,8,0,-1,1,0,1,1,25,0,0,0,1028,0,0,0,0,0,1,1,0,0,0,162.6181841,0,0,0,0,3,1,1,1,100,0,0,0,3,1,1,0.1,3000,0,0,0,0,0,0,0,0,0,0,0,0,0,0,0,0,0,0,0,0,0,0,0,0,0,0,0,0,0,0,0,0,0,0,0,0,0,0,0,0,0,0,0,0,0,0,0,0,0,0,0
1989,238,5,34,6.512,2,8,0,-1,0,0,1,1,25,0,0,0,1028,0,0,0,0,0,1,1,0,0,0,162.7412687,0,0,0,0,3,1,1,1,100,0,0,0,3,1,1,0.1,3000,0,0,0,0,0,0,0,0,0,0,0,0,0,0,0,0,0,0,0,0,0,0,0,0,0,0,0,0,0,0,0,0,0,0,0,0,0,0,0,0,0,0,0,0,0,0,0,0,0,0,0
1989,238,5,34,29.432,2,8,0,-1,1,0,1,1,25,0,0,0,1028,0,0,0,0,0,1,1,0,0,0,162.7798702,0,0,0,0,3,1,1,1,100,0,0,0,3,1,1,0.1,3000,0,0,0,0,0,0,0,0,0,0,0,0,0,0,0,0,0,0,0,0,0,0,0,0,0,0,0,0,0,0,0,0,0,0,0,0,0,0,0,0,0,0,0,0,0,0,0,0,0,0,0
1989,238,5,35,42.512,2,8,0,-1,0,0,1,1,25,0,0,0,1028,0,0,0,0,0,1,1,0,0,0,162.9029521,0,0,0,0,3,1,1,1,100,0,0,0,3,1,1,0.1,3000,0,0,0,0,0,0,0,0,0,0,0,0,0,0,0,0,0,0,0,0,0,0,0,0,0,0,0,0,0,0,0,0,0,0,0,0,0,0,0,0,0,0,0,0,0,0,0,0,0,0,0
1989,238,5,36,5.432,2,8,0,-1,1,0,1,1,25,0,0,0,1028,0,0,0,0,0,1,1,0,0,0,162.9415547,0,0,0,0,3,1,1,1,100,0,0,0,3,1,1,0.1,3000,0,0,0,0,0,0,0,0,0,0,0,0,0,0,0,0,0,0,0,0,0,0,0,0,0,0,0,0,0,0,0,0,0,0,0,0,0,0,0,0,0,0,0,0,0,0,0,0,0,0,0
1989,238,5,37,18.512,2,8,0,-1,0,0,1,1,25,0,0,0,1028,0,0,0,0,0,1,1,0,0,0,163.0646348,0,0,0,0,3,1,1,1,100,0,0,0,3,1,1,0.1,3000,0,0,0,0,0,0,0,0,0,0,0,0,0,0,0,0,0,0,0,0,0,0,0,0,0,0,0,0,0,0,0,0,0,0,0,0,0,0,0,0,0,0,0,0,0,0,0,0,0,0,0
1989,238,5,37,41.431,2,8,0,-1,1,0,1,1,25,0,0,0,1028,0,0,0,0,0,1,1,0,0,0,163.1032343,0,0,0,0,3,1,1,1,100,0,0,0,3,1,1,0.1,3000,0,0,0,0,0,0,0,0,0,0,0,0,0,0,0,0,0,0,0,0,0,0,0,0,0,0,0,0,0,0,0,0,0,0,0,0,0,0,0,0,0,0,0,0,0,0,0,0,0,0,0
1989,238,5,38,54.512,2,8,0,-1,0,0,1,1,25,0,0,0,1028,0,0,0,0,0,1,1,0,0,0,163.2263143,0,0,0,0,3,1,1,1,100,0,0,0,3,1,1,0.1,3000,0,0,0,0,0,0,0,0,0,0,0,0,0,0,0,0,0,0,0,0,0,0,0,0,0,0,0,0,0,0,0,0,0,0,0,0,0,0,0,0,0,0,0,0,0,0,0,0,0,0,0
1989,238,5,39,17.432,2,8,0,-1,1,0,1,1,25,0,0,0,1028,0,0,0,0,0,1,1,0,0,0,163.2649149,0,0,0,0,3,1,1,1,100,0,0,0,3,1,1,0.1,3000,0,0,0,0,0,0,0,0,0,0,0,0,0,0,0,0,0,0,0,0,0,0,0,0,0,0,0,0,0,0,0,0,0,0,0,0,0,0,0,0,0,0,0,0,0,0,0,0,0,0,0
1989,238,5,42,54.511,2,8,0,-1,0,0,1,1,25,0,0,0,1028,0,0,0,0,0,1,1,0,0,0,163.6305009,0,0,0,0,3,1,1,1,100,0,0,0,3,1,1,0.1,3000,0,0,0,0,0,0,0,0,0,0,0,0,0,0,0,0,0,0,0,0,0,0,0,0,0,0,0,0,0,0,0,0,0,0,0,0,0,0,0,0,0,0,0,0,0,0,0,0,0,0,0
1989,238,5,43,17.431,2,8,0,-1,1,0,1,1,25,0,0,0,1028,0,0,0,0,0,1,1,0,0,0,163.6691001,0,0,0,0,3,1,1,1,100,0,0,0,3,1,1,0.1,3000,0,0,0,0,0,0,0,0,0,0,0,0,0,0,0,0,0,0,0,0,0,0,0,0,0,0,0,0,0,0,0,0,0,0,0,0,0,0,0,0,0,0,0,0,0,0,0,0,0,0,0
1989,238,5,44,30.511,2,8,0,-1,0,0,1,1,25,0,0,0,1028,0,0,0,0,0,1,1,0,0,0,163.7921721,0,0,0,0,3,1,1,1,100,0,0,0,3,1,1,0.1,3000,0,0,0,0,0,0,0,0,0,0,0,0,0,0,0,0,0,0,0,0,0,0,0,0,0,0,0,0,0,0,0,0,0,0,0,0,0,0,0,0,0,0,0,0,0,0,0,0,0,0,0
1989,238,5,44,53.43,2,8,0,-1,1,0,1,1,25,0,0,0,1028,0,0,0,0,0,1,1,0,0,0,163.8307699,0,0,0,0,3,1,1,1,100,0,0,0,3,1,1,0.1,3000,0,0,0,0,0,0,0,0,0,0,0,0,0,0,0,0,0,0,0,0,0,0,0,0,0,0,0,0,0,0,0,0,0,0,0,0,0,0,0,0,0,0,0,0,0,0,0,0,0,0,0
1989,238,5,46,6.511,2,8,0,-1,0,0,1,1,25,0,0,0,1028,0,0,0,0,0,1,1,0,0,0,163.9538409,0,0,0,0,3,1,1,1,100,0,0,0,3,1,1,0.1,3000,0,0,0,0,0,0,0,0,0,0,0,0,0,0,0,0,0,0,0,0,0,0,0,0,0,0,0,0,0,0,0,0,0,0,0,0,0,0,0,0,0,0,0,0,0,0,0,0,0,0,0
1989,238,5,46,29.43,2,8,0,-1,1,0,1,1,25,0,0,0,1028,0,0,0,0,0,1,1,0,0,0,163.9924382,0,0,0,0,3,1,1,1,100,0,0,0,3,1,1,0.1,3000,0,0,0,0,0,0,0,0,0,0,0,0,0,0,0,0,0,0,0,0,0,0,0,0,0,0,0,0,0,0,0,0,0,0,0,0,0,0,0,0,0,0,0,0,0,0,0,0,0,0,0
1989,238,5,47,42.511,2,8,0,-1,0,0,1,1,25,0,0,0,1028,0,0,0,0,0,1,1,0,0,0,164.1155074,0,0,0,0,3,1,1,1,100,0,0,0,3,1,1,0.1,3000,0,0,0,0,0,0,0,0,0,0,0,0,0,0,0,0,0,0,0,0,0,0,0,0,0,0,0,0,0,0,0,0,0,0,0,0,0,0,0,0,0,0,0,0,0,0,0,0,0,0,0
1989,238,5,48,5.431,2,8,0,-1,1,0,1,1,25,0,0,0,1028,0,0,0,0,0,1,1,0,0,0,164.1541049,0,0,0,0,3,1,1,1,100,0,0,0,3,1,1,0.1,3000,0,0,0,0,0,0,0,0,0,0,0,0,0,0,0,0,0,0,0,0,0,0,0,0,0,0,0,0,0,0,0,0,0,0,0,0,0,0,0,0,0,0,0,0,0,0,0,0,0,0,0
1989,238,5,49,18.511,2,8,0,-1,0,0,1,1,25,0,0,0,1028,0,0,0,0,0,1,1,0,0,0,164.2771715,0,0,0,0,3,1,1,1,100,0,0,0,3,1,1,0.1,3000,0,0,0,0,0,0,0,0,0,0,0,0,0,0,0,0,0,0,0,0,0,0,0,0,0,0,0,0,0,0,0,0,0,0,0,0,0,0,0,0,0,0,0,0,0,0,0,0,0,0,0
1989,238,5,49,41.43,2,8,0,-1,1,0,1,1,25,0,0,0,1028,0,0,0,0,0,1,1,0,0,0,164.3157668,0,0,0,0,3,1,1,1,100,0,0,0,3,1,1,0.1,3000,0,0,0,0,0,0,0,0,0,0,0,0,0,0,0,0,0,0,0,0,0,0,0,0,0,0,0,0,0,0,0,0,0,0,0,0,0,0,0,0,0,0,0,0,0,0,0,0,0,0,0
1989,238,5,50,54.511,2,8,0,-1,0,0,1,1,25,0,0,0,1028,0,0,0,0,0,1,1,0,0,0,164.4388333,0,0,0,0,3,1,1,1,100,0,0,0,3,1,1,0.1,3000,0,0,0,0,0,0,0,0,0,0,0,0,0,0,0,0,0,0,0,0,0,0,0,0,0,0,0,0,0,0,0,0,0,0,0,0,0,0,0,0,0,0,0,0,0,0,0,0,0,0,0
1989,238,5,51,17.431,2,8,0,-1,1,0,1,1,25,0,0,0,1028,0,0,0,0,0,1,1,0,0,0,164.4774297,0,0,0,0,3,1,1,1,100,0,0,0,3,1,1,0.1,3000,0,0,0,0,0,0,0,0,0,0,0,0,0,0,0,0,0,0,0,0,0,0,0,0,0,0,0,0,0,0,0,0,0,0,0,0,0,0,0,0,0,0,0,0,0,0,0,0,0,0,0
1989,238,5,54,54.511,2,8,0,-1,0,0,1,1,25,0,0,0,1028,0,0,0,0,0,1,1,0,0,0,164.8429766,0,0,0,0,3,1,1,1,100,0,0,0,3,1,1,0.1,3000,0,0,0,0,0,0,0,0,0,0,0,0,0,0,0,0,0,0,0,0,0,0,0,0,0,0,0,0,0,0,0,0,0,0,0,0,0,0,0,0,0,0,0,0,0,0,0,0,0,0,0
1989,238,5,55,17.43,2,8,0,-1,1,0,1,1,25,0,0,0,1028,0,0,0,0,0,1,1,0,0,0,164.8815716,0,0,0,0,3,1,1,1,100,0,0,0,3,1,1,0.1,3000,0,0,0,0,0,0,0,0,0,0,0,0,0,0,0,0,0,0,0,0,0,0,0,0,0,0,0,0,0,0,0,0,0,0,0,0,0,0,0,0,0,0,0,0,0,0,0,0,0,0,0
1989,238,5,56,30.51,2,8,0,-1,0,0,1,1,25,0,0,0,1028,0,0,0,0,0,1,1,0,0,0,165.0046294,0,0,0,0,3,1,1,1,100,0,0,0,3,1,1,0.1,3000,0,0,0,0,0,0,0,0,0,0,0,0,0,0,0,0,0,0,0,0,0,0,0,0,0,0,0,0,0,0,0,0,0,0,0,0,0,0,0,0,0,0,0,0,0,0,0,0,0,0,0
1989,238,5,56,53.429,2,8,0,-1,1,0,1,1,25,0,0,0,1028,0,0,0,0,0,1,1,0,0,0,165.043223,0,0,0,0,3,1,1,1,100,0,0,0,3,1,1,0.1,3000,0,0,0,0,0,0,0,0,0,0,0,0,0,0,0,0,0,0,0,0,0,0,0,0,0,0,0,0,0,0,0,0,0,0,0,0,0,0,0,0,0,0,0,0,0,0,0,0,0,0,0
1989,238,5,58,6.51,2,8,0,-1,0,0,1,1,25,0,0,0,1028,0,0,0,0,0,1,1,0,0,0,165.1662806,0,0,0,0,3,1,1,1,100,0,0,0,3,1,1,0.1,3000,0,0,0,0,0,0,0,0,0,0,0,0,0,0,0,0,0,0,0,0,0,0,0,0,0,0,0,0,0,0,0,0,0,0,0,0,0,0,0,0,0,0,0,0,0,0,0,0,0,0,0
1989,238,5,58,29.429,2,8,0,-1,1,0,1,1,25,0,0,0,1028,0,0,0,0,0,1,1,0,0,0,165.2048728,0,0,0,0,3,1,1,1,100,0,0,0,3,1,1,0.1,3000,0,0,0,0,0,0,0,0,0,0,0,0,0,0,0,0,0,0,0,0,0,0,0,0,0,0,0,0,0,0,0,0,0,0,0,0,0,0,0,0,0,0,0,0,0,0,0,0,0,0,0
1989,238,5,59,42.51,2,8,0,-1,0,0,1,1,25,0,0,0,1028,0,0,0,0,0,1,1,0,0,0,165.3279296,0,0,0,0,3,1,1,1,100,0,0,0,3,1,1,0.1,3000,0,0,0,0,0,0,0,0,0,0,0,0,0,0,0,0,0,0,0,0,0,0,0,0,0,0,0,0,0,0,0,0,0,0,0,0,0,0,0,0,0,0,0,0,0,0,0,0,0,0,0
1989,238,6,0,5.43,2,8,0,-1,1,0,1,1,25,0,0,0,1028,0,0,0,0,0,1,1,0,0,0,165.3665229,0,0,0,0,3,1,1,1,100,0,0,0,3,1,1,0.1,3000,0,0,0,0,0,0,0,0,0,0,0,0,0,0,0,0,0,0,0,0,0,0,0,0,0,0,0,0,0,0,0,0,0,0,0,0,0,0,0,0,0,0,0,0,0,0,0,0,0,0,0
1989,238,6,1,18.51,2,8,0,-1,0,0,1,1,25,0,0,0,1028,0,0,0,0,0,1,1,0,0,0,165.4895762,0,0,0,0,3,1,1,1,100,0,0,0,3,1,1,0.1,3000,0,0,0,0,0,0,0,0,0,0,0,0,0,0,0,0,0,0,0,0,0,0,0,0,0,0,0,0,0,0,0,0,0,0,0,0,0,0,0,0,0,0,0,0,0,0,0,0,0,0,0
1989,238,6,1,41.429,2,8,0,-1,1,0,1,1,25,0,0,0,1028,0,0,0,0,0,1,1,0,0,0,165.5281673,0,0,0,0,3,1,1,1,100,0,0,0,3,1,1,0.1,3000,0,0,0,0,0,0,0,0,0,0,0,0,0,0,0,0,0,0,0,0,0,0,0,0,0,0,0,0,0,0,0,0,0,0,0,0,0,0,0,0,0,0,0,0,0,0,0,0,0,0,0
1989,238,6,2,54.51,2,8,0,-1,0,0,1,1,25,0,0,0,1028,0,0,0,0,0,1,1,0,0,0,165.6512205,0,0,0,0,3,1,1,1,100,0,0,0,3,1,1,0.1,3000,0,0,0,0,0,0,0,0,0,0,0,0,0,0,0,0,0,0,0,0,0,0,0,0,0,0,0,0,0,0,0,0,0,0,0,0,0,0,0,0,0,0,0,0,0,0,0,0,0,0,0
1989,238,6,3,17.429,2,8,0,-1,1,0,1,1,25,0,0,0,1028,0,0,0,0,0,1,1,0,0,0,165.6898119,0,0,0,0,3,1,1,1,100,0,0,0,3,1,1,0.1,3000,0,0,0,0,0,0,0,0,0,0,0,0,0,0,0,0,0,0,0,0,0,0,0,0,0,0,0,0,0,0,0,0,0,0,0,0,0,0,0,0,0,0,0,0,0,0,0,0,0,0,0
1989,238,6,6,54.51,2,8,0,-1,0,0,1,1,25,0,0,0,1028,0,0,0,0,0,1,1,0,0,0,166.0553212,0,0,0,0,3,1,1,1,100,0,0,0,3,1,1,0.1,3000,0,0,0,0,0,0,0,0,0,0,0,0,0,0,0,0,0,0,0,0,0,0,0,0,0,0,0,0,0,0,0,0,0,0,0,0,0,0,0,0,0,0,0,0,0,0,0,0,0,0,0
1989,238,6,7,17.429,2,8,0,-1,1,0,1,1,25,0,0,0,1028,0,0,0,0,0,1,1,0,0,0,166.0939112,0,0,0,0,3,1,1,1,100,0,0,0,3,1,1,0.1,3000,0,0,0,0,0,0,0,0,0,0,0,0,0,0,0,0,0,0,0,0,0,0,0,0,0,0,0,0,0,0,0,0,0,0,0,0,0,0,0,0,0,0,0,0,0,0,0,0,0,0,0
1989,238,6,8,30.509,2,8,0,-1,0,0,1,1,25,0,0,0,1028,0,0,0,0,0,1,1,0,0,0,166.2169558,0,0,0,0,3,1,1,1,100,0,0,0,3,1,1,0.1,3000,0,0,0,0,0,0,0,0,0,0,0,0,0,0,0,0,0,0,0,0,0,0,0,0,0,0,0,0,0,0,0,0,0,0,0,0,0,0,0,0,0,0,0,0,0,0,0,0,0,0,0
1989,238,6,8,53.428,2,8,0,-1,1,0,1,1,25,0,0,0,1028,0,0,0,0,0,1,1,0,0,0,166.2555452,0,0,0,0,3,1,1,1,100,0,0,0,3,1,1,0.1,3000,0,0,0,0,0,0,0,0,0,0,0,0,0,0,0,0,0,0,0,0,0,0,0,0,0,0,0,0,0,0,0,0,0,0,0,0,0,0,0,0,0,0,0,0,0,0,0,0,0,0,0
1989,238,6,10,6.509,2,8,0,-1,0,0,1,1,25,0,0,0,1028,0,0,0,0,0,1,1,0,0,0,166.3785897,0,0,0,0,3,1,1,1,100,0,0,0,3,1,1,0.1,3000,0,0,0,0,0,0,0,0,0,0,0,0,0,0,0,0,0,0,0,0,0,0,0,0,0,0,0,0,0,0,0,0,0,0,0,0,0,0,0,0,0,0,0,0,0,0,0,0,0,0,0
1989,238,6,10,29.428,2,8,0,-1,1,0,1,1,25,0,0,0,1028,0,0,0,0,0,1,1,0,0,0,166.4171778,0,0,0,0,3,1,1,1,100,0,0,0,3,1,1,0.1,3000,0,0,0,0,0,0,0,0,0,0,0,0,0,0,0,0,0,0,0,0,0,0,0,0,0,0,0,0,0,0,0,0,0,0,0,0,0,0,0,0,0,0,0,0,0,0,0,0,0,0,0
1989,238,6,11,42.509,2,8,0,-1,0,0,1,1,25,0,0,0,1028,0,0,0,0,0,1,1,0,0,0,166.5402214,0,0,0,0,3,1,1,1,100,0,0,0,3,1,1,0.1,3000,0,0,0,0,0,0,0,0,0,0,0,0,0,0,0,0,0,0,0,0,0,0,0,0,0,0,0,0,0,0,0,0,0,0,0,0,0,0,0,0,0,0,0,0,0,0,0,0,0,0,0
1989,238,6,12,5.429,2,8,0,-1,1,0,1,1,25,0,0,0,1028,0,0,0,0,0,1,1,0,0,0,166.5788106,0,0,0,0,3,1,1,1,100,0,0,0,3,1,1,0.1,3000,0,0,0,0,0,0,0,0,0,0,0,0,0,0,0,0,0,0,0,0,0,0,0,0,0,0,0,0,0,0,0,0,0,0,0,0,0,0,0,0,0,0,0,0,0,0,0,0,0,0,0
1989,238,6,13,18.509,2,8,0,-1,0,0,1,1,25,0,0,0,1028,0,0,0,0,0,1,1,0,0,0,166.7018508,0,0,0,0,3,1,1,1,100,0,0,0,3,1,1,0.1,3000,0,0,0,0,0,0,0,0,0,0,0,0,0,0,0,0,0,0,0,0,0,0,0,0,0,0,0,0,0,0,0,0,0,0,0,0,0,0,0,0,0,0,0,0,0,0,0,0,0,0,0
1989,238,6,13,41.428,2,8,0,-1,1,0,1,1,25,0,0,0,1028,0,0,0,0,0,1,1,0,0,0,166.7404378,0,0,0,0,3,1,1,1,100,0,0,0,3,1,1,0.1,3000,0,0,0,0,0,0,0,0,0,0,0,0,0,0,0,0,0,0,0,0,0,0,0,0,0,0,0,0,0,0,0,0,0,0,0,0,0,0,0,0,0,0,0,0,0,0,0,0,0,0,0
1989,238,6,14,54.509,2,8,0,-1,0,0,1,1,25,0,0,0,1028,0,0,0,0,0,1,1,0,0,0,166.8634779,0,0,0,0,3,1,1,1,100,0,0,0,3,1,1,0.1,3000,0,0,0,0,0,0,0,0,0,0,0,0,0,0,0,0,0,0,0,0,0,0,0,0,0,0,0,0,0,0,0,0,0,0,0,0,0,0,0,0,0,0,0,0,0,0,0,0,0,0,0
1989,238,6,15,17.428,2,8,0,-1,1,0,1,1,25,0,0,0,1028,0,0,0,0,0,1,1,0,0,0,166.9020652,0,0,0,0,3,1,1,1,100,0,0,0,3,1,1,0.1,3000,0,0,0,0,0,0,0,0,0,0,0,0,0,0,0,0,0,0,0,0,0,0,0,0,0,0,0,0,0,0,0,0,0,0,0,0,0,0,0,0,0,0,0,0,0,0,0,0,0,0,0
1989,238,6,18,54.509,2,8,0,-1,0,0,1,1,25,0,0,0,1028,0,0,0,0,0,1,1,0,0,0,167.2675357,0,0,0,0,3,1,1,1,100,0,0,0,3,1,1,0.1,3000,0,0,0,0,0,0,0,0,0,0,0,0,0,0,0,0,0,0,0,0,0,0,0,0,0,0,0,0,0,0,0,0,0,0,0,0,0,0,0,0,0,0,0,0,0,0,0,0,0,0,0
1989,238,6,19,17.428,2,8,0,-1,1,0,1,1,25,0,0,0,1028,0,0,0,0,0,1,1,0,0,0,167.3061217,0,0,0,0,3,1,1,1,100,0,0,0,3,1,1,0.1,3000,0,0,0,0,0,0,0,0,0,0,0,0,0,0,0,0,0,0,0,0,0,0,0,0,0,0,0,0,0,0,0,0,0,0,0,0,0,0,0,0,0,0,0,0,0,0,0,0,0,0,0
1989,238,6,20,30.508,2,8,0,-1,0,0,1,1,25,0,0,0,1028,0,0,0,0,0,1,1,0,0,0,167.429154,0,0,0,0,3,1,1,1,100,0,0,0,3,1,1,0.1,3000,0,0,0,0,0,0,0,0,0,0,0,0,0,0,0,0,0,0,0,0,0,0,0,0,0,0,0,0,0,0,0,0,0,0,0,0,0,0,0,0,0,0,0,0,0,0,0,0,0,0,0
1989,238,6,20,53.428,2,8,0,-1,1,0,1,1,25,0,0,0,1028,0,0,0,0,0,1,1,0,0,0,167.4677395,0,0,0,0,3,1,1,1,100,0,0,0,3,1,1,0.1,3000,0,0,0,0,0,0,0,0,0,0,0,0,0,0,0,0,0,0,0,0,0,0,0,0,0,0,0,0,0,0,0,0,0,0,0,0,0,0,0,0,0,0,0,0,0,0,0,0,0,0,0
1989,238,6,22,6.508,2,8,0,-1,0,0,1,1,25,0,0,0,1028,0,0,0,0,0,1,1,0,0,0,167.5907701,0,0,0,0,3,1,1,1,100,0,0,0,3,1,1,0.1,3000,0,0,0,0,0,0,0,0,0,0,0,0,0,0,0,0,0,0,0,0,0,0,0,0,0,0,0,0,0,0,0,0,0,0,0,0,0,0,0,0,0,0,0,0,0,0,0,0,0,0,0
1989,238,6,22,29.428,2,8,0,-1,1,0,1,1,25,0,0,0,1028,0,0,0,0,0,1,1,0,0,0,167.629355,0,0,0,0,3,1,1,1,100,0,0,0,3,1,1,0.1,3000,0,0,0,0,0,0,0,0,0,0,0,0,0,0,0,0,0,0,0,0,0,0,0,0,0,0,0,0,0,0,0,0,0,0,0,0,0,0,0,0,0,0,0,0,0,0,0,0,0,0,0
1989,238,6,23,42.508,2,8,0,-1,0,0,1,1,25,0,0,0,1028,0,0,0,0,0,1,1,0,0,0,167.7523848,0,0,0,0,3,1,1,1,100,0,0,0,3,1,1,0.1,3000,0,0,0,0,0,0,0,0,0,0,0,0,0,0,0,0,0,0,0,0,0,0,0,0,0,0,0,0,0,0,0,0,0,0,0,0,0,0,0,0,0,0,0,0,0,0,0,0,0,0,0
1989,238,6,24,5.428,2,8,0,-1,1,0,1,1,25,0,0,0,1028,0,0,0,0,0,1,1,0,0,0,167.7909699,0,0,0,0,3,1,1,1,100,0,0,0,3,1,1,0.1,3000,0,0,0,0,0,0,0,0,0,0,0,0,0,0,0,0,0,0,0,0,0,0,0,0,0,0,0,0,0,0,0,0,0,0,0,0,0,0,0,0,0,0,0,0,0,0,0,0,0,0,0
1989,238,6,25,18.508,2,8,0,-1,0,0,1,1,25,0,0,0,1028,0,0,0,0,0,1,1,0,0,0,167.9139972,0,0,0,0,3,1,1,1,100,0,0,0,3,1,1,0.1,3000,0,0,0,0,0,0,0,0,0,0,0,0,0,0,0,0,0,0,0,0,0,0,0,0,0,0,0,0,0,0,0,0,0,0,0,0,0,0,0,0,0,0,0,0,0,0,0,0,0,0,0
1989,238,6,25,41.427,2,8,0,-1,1,0,1,1,25,0,0,0,1028,0,0,0,0,0,1,1,0,0,0,167.9525801,0,0,0,0,3,1,1,1,100,0,0,0,3,1,1,0.1,3000,0,0,0,0,0,0,0,0,0,0,0,0,0,0,0,0,0,0,0,0,0,0,0,0,0,0,0,0,0,0,0,0,0,0,0,0,0,0,0,0,0,0,0,0,0,0,0,0,0,0,0
1989,238,6,26,54.508,2,8,0,-1,0,0,1,1,25,0,0,0,1028,0,0,0,0,0,1,1,0,0,0,168.0756073,0,0,0,0,3,1,1,1,100,0,0,0,3,1,1,0.1,3000,0,0,0,0,0,0,0,0,0,0,0,0,0,0,0,0,0,0,0,0,0,0,0,0,0,0,0,0,0,0,0,0,0,0,0,0,0,0,0,0,0,0,0,0,0,0,0,0,0,0,0
1989,238,6,27,17.428,2,8,0,-1,1,0,1,1,25,0,0,0,1028,0,0,0,0,0,1,1,0,0,0,168.1141914,0,0,0,0,3,1,1,1,100,0,0,0,3,1,1,0.1,3000,0,0,0,0,0,0,0,0,0,0,0,0,0,0,0,0,0,0,0,0,0,0,0,0,0,0,0,0,0,0,0,0,0,0,0,0,0,0,0,0,0,0,0,0,0,0,0,0,0,0,0
1989,238,6,30,54.508,2,8,0,-1,0,0,1,1,25,0,0,0,1028,0,0,0,0,0,1,1,0,0,0,168.479623,0,0,0,0,3,1,1,1,100,0,0,0,3,1,1,0.1,3000,0,0,0,0,0,0,0,0,0,0,0,0,0,0,0,0,0,0,0,0,0,0,0,0,0,0,0,0,0,0,0,0,0,0,0,0,0,0,0,0,0,0,0,0,0,0,0,0,0,0,0
1989,238,6,31,17.428,2,8,0,-1,1,0,1,1,25,0,0,0,1028,0,0,0,0,0,1,1,0,0,0,168.5182057,0,0,0,0,3,1,1,1,100,0,0,0,3,1,1,0.1,3000,0,0,0,0,0,0,0,0,0,0,0,0,0,0,0,0,0,0,0,0,0,0,0,0,0,0,0,0,0,0,0,0,0,0,0,0,0,0,0,0,0,0,0,0,0,0,0,0,0,0,0
1989,238,6,32,30.508,2,8,0,-1,0,0,1,1,25,0,0,0,1028,0,0,0,0,0,1,1,0,0,0,168.6412253,0,0,0,0,3,1,1,1,100,0,0,0,3,1,1,0.1,3000,0,0,0,0,0,0,0,0,0,0,0,0,0,0,0,0,0,0,0,0,0,0,0,0,0,0,0,0,0,0,0,0,0,0,0,0,0,0,0,0,0,0,0,0,0,0,0,0,0,0,0
1989,238,6,32,53.428,2,8,0,-1,1,0,1,1,25,0,0,0,1028,0,0,0,0,0,1,1,0,0,0,168.6798067,0,0,0,0,3,1,1,1,100,0,0,0,3,1,1,0.1,3000,0,0,0,0,0,0,0,0,0,0,0,0,0,0,0,0,0,0,0,0,0,0,0,0,0,0,0,0,0,0,0,0,0,0,0,0,0,0,0,0,0,0,0,0,0,0,0,0,0,0,0
1989,238,6,34,6.507,2,8,0,-1,0,0,1,1,25,0,0,0,1028,0,0,0,0,0,1,1,0,0,0,168.8028237,0,0,0,0,3,1,1,1,100,0,0,0,3,1,1,0.1,3000,0,0,0,0,0,0,0,0,0,0,0,0,0,0,0,0,0,0,0,0,0,0,0,0,0,0,0,0,0,0,0,0,0,0,0,0,0,0,0,0,0,0,0,0,0,0,0,0,0,0,0
1989,238,6,34,29.427,2,8,0,-1,1,0,1,1,25,0,0,0,1028,0,0,0,0,0,1,1,0,0,0,168.8414046,0,0,0,0,3,1,1,1,100,0,0,0,3,1,1,0.1,3000,0,0,0,0,0,0,0,0,0,0,0,0,0,0,0,0,0,0,0,0,0,0,0,0,0,0,0,0,0,0,0,0,0,0,0,0,0,0,0,0,0,0,0,0,0,0,0,0,0,0,0
1989,238,6,35,42.507,2,8,0,-1,0,0,1,1,25,0,0,0,1028,0,0,0,0,0,1,1,0,0,0,168.9644216,0,0,0,0,3,1,1,1,100,0,0,0,3,1,1,0.1,3000,0,0,0,0,0,0,0,0,0,0,0,0,0,0,0,0,0,0,0,0,0,0,0,0,0,0,0,0,0,0,0,0,0,0,0,0,0,0,0,0,0,0,0,0,0,0,0,0,0,0,0
1989,238,6,36,5.427,2,8,0,-1,1,0,1,1,25,0,0,0,1028,0,0,0,0,0,1,1,0,0,0,169.0030028,0,0,0,0,3,1,1,1,100,0,0,0,3,1,1,0.1,3000,0,0,0,0,0,0,0,0,0,0,0,0,0,0,0,0,0,0,0,0,0,0,0,0,0,0,0,0,0,0,0,0,0,0,0,0,0,0,0,0,0,0,0,0,0,0,0,0,0,0,0
1989,238,6,37,18.507,2,8,0,-1,0,0,1,1,25,0,0,0,1028,0,0,0,0,0,1,1,0,0,0,169.1260173,0,0,0,0,3,1,1,1,100,0,0,0,3,1,1,0.1,3000,0,0,0,0,0,0,0,0,0,0,0,0,0,0,0,0,0,0,0,0,0,0,0,0,0,0,0,0,0,0,0,0,0,0,0,0,0,0,0,0,0,0,0,0,0,0,0,0,0,0,0
1989,238,6,37,41.426,2,8,0,-1,1,0,1,1,25,0,0,0,1028,0,0,0,0,0,1,1,0,0,0,169.1645963,0,0,0,0,3,1,1,1,100,0,0,0,3,1,1,0.1,3000,0,0,0,0,0,0,0,0,0,0,0,0,0,0,0,0,0,0,0,0,0,0,0,0,0,0,0,0,0,0,0,0,0,0,0,0,0,0,0,0,0,0,0,0,0,0,0,0,0,0,0
1989,238,6,38,54.507,2,8,0,-1,0,0,1,1,25,0,0,0,1028,0,0,0,0,0,1,1,0,0,0,169.2876108,0,0,0,0,3,1,1,1,100,0,0,0,3,1,1,0.1,3000,0,0,0,0,0,0,0,0,0,0,0,0,0,0,0,0,0,0,0,0,0,0,0,0,0,0,0,0,0,0,0,0,0,0,0,0,0,0,0,0,0,0,0,0,0,0,0,0,0,0,0
1989,238,6,39,17.427,2,8,0,-1,1,0,1,1,25,0,0,0,1028,0,0,0,0,0,1,1,0,0,0,169.3261909,0,0,0,0,3,1,1,1,100,0,0,0,3,1,1,0.1,3000,0,0,0,0,0,0,0,0,0,0,0,0,0,0,0,0,0,0,0,0,0,0,0,0,0,0,0,0,0,0,0,0,0,0,0,0,0,0,0,0,0,0,0,0,0,0,0,0,0,0,0
1989,238,6,42,54.507,2,8,0,-1,0,0,1,1,25,0,0,0,1028,0,0,0,0,0,1,1,0,0,0,169.6915848,0,0,0,0,3,1,1,1,100,0,0,0,3,1,1,0.1,3000,0,0,0,0,0,0,0,0,0,0,0,0,0,0,0,0,0,0,0,0,0,0,0,0,0,0,0,0,0,0,0,0,0,0,0,0,0,0,0,0,0,0,0,0,0,0,0,0,0,0,0
1989,238,6,43,17.427,2,8,0,-1,1,0,1,1,25,0,0,0,1028,0,0,0,0,0,1,1,0,0,0,169.7301636,0,0,0,0,3,1,1,1,100,0,0,0,3,1,1,0.1,3000,0,0,0,0,0,0,0,0,0,0,0,0,0,0,0,0,0,0,0,0,0,0,0,0,0,0,0,0,0,0,0,0,0,0,0,0,0,0,0,0,0,0,0,0,0,0,0,0,0,0,0
1989,238,6,44,30.507,2,8,0,-1,0,0,1,1,25,0,0,0,1028,0,0,0,0,0,1,1,0,0,0,169.8531705,0,0,0,0,3,1,1,1,100,0,0,0,3,1,1,0.1,3000,0,0,0,0,0,0,0,0,0,0,0,0,0,0,0,0,0,0,0,0,0,0,0,0,0,0,0,0,0,0,0,0,0,0,0,0,0,0,0,0,0,0,0,0,0,0,0,0,0,0,0
1989,238,6,44,53.427,2,8,0,-1,1,0,1,1,25,0,0,0,1028,0,0,0,0,0,1,1,0,0,0,169.8917479,0,0,0,0,3,1,1,1,100,0,0,0,3,1,1,0.1,3000,0,0,0,0,0,0,0,0,0,0,0,0,0,0,0,0,0,0,0,0,0,0,0,0,0,0,0,0,0,0,0,0,0,0,0,0,0,0,0,0,0,0,0,0,0,0,0,0,0,0,0
1989,238,6,46,6.507,2,8,0,-1,0,0,1,1,25,0,0,0,1028,0,0,0,0,0,1,1,0,0,0,170.0147532,0,0,0,0,3,1,1,1,100,0,0,0,3,1,1,0.1,3000,0,0,0,0,0,0,0,0,0,0,0,0,0,0,0,0,0,0,0,0,0,0,0,0,0,0,0,0,0,0,0,0,0,0,0,0,0,0,0,0,0,0,0,0,0,0,0,0,0,0,0
1989,238,6,46,29.426,2,8,0,-1,1,0,1,1,25,0,0,0,1028,0,0,0,0,0,1,1,0,0,0,170.0533301,0,0,0,0,3,1,1,1,100,0,0,0,3,1,1,0.1,3000,0,0,0,0,0,0,0,0,0,0,0,0,0,0,0,0,0,0,0,0,0,0,0,0,0,0,0,0,0,0,0,0,0,0,0,0,0,0,0,0,0,0,0,0,0,0,0,0,0,0,0
1989,238,6,47,42.506,2,8,0,-1,0,0,1,1,25,0,0,0,1028,0,0,0,0,0,1,1,0,0,0,170.1763338,0,0,0,0,3,1,1,1,100,0,0,0,3,1,1,0.1,3000,0,0,0,0,0,0,0,0,0,0,0,0,0,0,0,0,0,0,0,0,0,0,0,0,0,0,0,0,0,0,0,0,0,0,0,0,0,0,0,0,0,0,0,0,0,0,0,0,0,0,0
1989,238,6,48,5.426,2,8,0,-1,1,0,1,1,25,0,0,0,1028,0,0,0,0,0,1,1,0,0,0,170.214911,0,0,0,0,3,1,1,1,100,0,0,0,3,1,1,0.1,3000,0,0,0,0,0,0,0,0,0,0,0,0,0,0,0,0,0,0,0,0,0,0,0,0,0,0,0,0,0,0,0,0,0,0,0,0,0,0,0,0,0,0,0,0,0,0,0,0,0,0,0
1989,238,6,49,18.506,2,8,0,-1,0,0,1,1,25,0,0,0,1028,0,0,0,0,0,1,1,0,0,0,170.3379129,0,0,0,0,3,1,1,1,100,0,0,0,3,1,1,0.1,3000,0,0,0,0,0,0,0,0,0,0,0,0,0,0,0,0,0,0,0,0,0,0,0,0,0,0,0,0,0,0,0,0,0,0,0,0,0,0,0,0,0,0,0,0,0,0,0,0,0,0,0
1989,238,6,49,41.425,2,8,0,-1,1,0,1,1,25,0,0,0,1028,0,0,0,0,0,1,1,0,0,0,170.3764888,0,0,0,0,3,1,1,1,100,0,0,0,3,1,1,0.1,3000,0,0,0,0,0,0,0,0,0,0,0,0,0,0,0,0,0,0,0,0,0,0,0,0,0,0,0,0,0,0,0,0,0,0,0,0,0,0,0,0,0,0,0,0,0,0,0,0,0,0,0
1989,238,6,50,54.506,2,8,0,-1,0,0,1,1,25,0,0,0,1028,0,0,0,0,0,1,1,0,0,0,170.4994899,0,0,0,0,3,1,1,1,100,0,0,0,3,1,1,0.1,3000,0,0,0,0,0,0,0,0,0,0,0,0,0,0,0,0,0,0,0,0,0,0,0,0,0,0,0,0,0,0,0,0,0,0,0,0,0,0,0,0,0,0,0,0,0,0,0,0,0,0,0
1989,238,6,51,17.426,2,8,0,-1,1,0,1,1,25,0,0,0,1028,0,0,0,0,0,1,1,0,0,0,170.5380661,0,0,0,0,3,1,1,1,100,0,0,0,3,1,1,0.1,3000,0,0,0,0,0,0,0,0,0,0,0,0,0,0,0,0,0,0,0,0,0,0,0,0,0,0,0,0,0,0,0,0,0,0,0,0,0,0,0,0,0,0,0,0,0,0,0,0,0,0,0
1989,238,6,54,54.506,2,8,0,-1,0,0,1,1,25,0,0,0,1028,0,0,0,0,0,1,1,0,0,0,170.9034229,0,0,0,0,3,1,1,1,100,0,0,0,3,1,1,0.1,3000,0,0,0,0,0,0,0,0,0,0,0,0,0,0,0,0,0,0,0,0,0,0,0,0,0,0,0,0,0,0,0,0,0,0,0,0,0,0,0,0,0,0,0,0,0,0,0,0,0,0,0
1989,238,6,55,17.426,2,8,0,-1,1,0,1,1,25,0,0,0,1028,0,0,0,0,0,1,1,0,0,0,170.9419978,0,0,0,0,3,1,1,1,100,0,0,0,3,1,1,0.1,3000,0,0,0,0,0,0,0,0,0,0,0,0,0,0,0,0,0,0,0,0,0,0,0,0,0,0,0,0,0,0,0,0,0,0,0,0,0,0,0,0,0,0,0,0,0,0,0,0,0,0,0
1989,238,6,56,30.506,2,8,0,-1,0,0,1,1,25,0,0,0,1028,0,0,0,0,0,1,1,0,0,0,171.0649923,0,0,0,0,3,1,1,1,100,0,0,0,3,1,1,0.1,3000,0,0,0,0,0,0,0,0,0,0,0,0,0,0,0,0,0,0,0,0,0,0,0,0,0,0,0,0,0,0,0,0,0,0,0,0,0,0,0,0,0,0,0,0,0,0,0,0,0,0,0
1989,238,6,56,53.426,2,8,0,-1,1,0,1,1,25,0,0,0,1028,0,0,0,0,0,1,1,0,0,0,171.1035667,0,0,0,0,3,1,1,1,100,0,0,0,3,1,1,0.1,3000,0,0,0,0,0,0,0,0,0,0,0,0,0,0,0,0,0,0,0,0,0,0,0,0,0,0,0,0,0,0,0,0,0,0,0,0,0,0,0,0,0,0,0,0,0,0,0,0,0,0,0
1989,238,6,58,6.506,2,8,0,-1,0,0,1,1,25,0,0,0,1028,0,0,0,0,0,1,1,0,0,0,171.2265596,0,0,0,0,3,1,1,1,100,0,0,0,3,1,1,0.1,3000,0,0,0,0,0,0,0,0,0,0,0,0,0,0,0,0,0,0,0,0,0,0,0,0,0,0,0,0,0,0,0,0,0,0,0,0,0,0,0,0,0,0,0,0,0,0,0,0,0,0,0
1989,238,6,58,29.425,2,8,0,-1,1,0,1,1,25,0,0,0,1028,0,0,0,0,0,1,1,0,0,0,171.2651326,0,0,0,0,3,1,1,1,100,0,0,0,3,1,1,0.1,3000,0,0,0,0,0,0,0,0,0,0,0,0,0,0,0,0,0,0,0,0,0,0,0,0,0,0,0,0,0,0,0,0,0,0,0,0,0,0,0,0,0,0,0,0,0,0,0,0,0,0,0
1989,238,6,59,42.504,2,8,0,-1,0,0,1,1,25,0,0,0,1028,0,0,0,0,0,1,1,0,0,0,171.3881221,0,0,0,0,3,1,1,1,100,0,0,0,3,1,1,0.1,3000,0,0,0,0,0,0,0,0,0,0,0,0,0,0,0,0,0,0,0,0,0,0,0,0,0,0,0,0,0,0,0,0,0,0,0,0,0,0,0,0,0,0,0,0,0,0,0,0,0,0,0
1989,238,7,0,5.425,2,8,0,-1,1,0,1,1,25,0,0,0,1028,0,0,0,0,0,1,1,0,0,0,171.4266963,0,0,0,0,3,1,1,1,100,0,0,0,3,1,1,0.1,3000,0,0,0,0,0,0,0,0,0,0,0,0,0,0,0,0,0,0,0,0,0,0,0,0,0,0,0,0,0,0,0,0,0,0,0,0,0,0,0,0,0,0,0,0,0,0,0,0,0,0,0
1989,238,7,1,18.505,2,8,0,-1,0,0,1,1,25,0,0,0,1028,0,0,0,0,0,1,1,0,0,0,171.5496859,0,0,0,0,3,1,1,1,100,0,0,0,3,1,1,0.1,3000,0,0,0,0,0,0,0,0,0,0,0,0,0,0,0,0,0,0,0,0,0,0,0,0,0,0,0,0,0,0,0,0,0,0,0,0,0,0,0,0,0,0,0,0,0,0,0,0,0,0,0
1989,238,7,1,41.424,2,8,0,-1,1,0,1,1,25,0,0,0,1028,0,0,0,0,0,1,1,0,0,0,171.5882579,0,0,0,0,3,1,1,1,100,0,0,0,3,1,1,0.1,3000,0,0,0,0,0,0,0,0,0,0,0,0,0,0,0,0,0,0,0,0,0,0,0,0,0,0,0,0,0,0,0,0,0,0,0,0,0,0,0,0,0,0,0,0,0,0,0,0,0,0,0
1989,238,7,2,54.505,2,8,0,-1,0,0,1,1,25,0,0,0,1028,0,0,0,0,0,1,1,0,0,0,171.7112467,0,0,0,0,3,1,1,1,100,0,0,0,3,1,1,0.1,3000,0,0,0,0,0,0,0,0,0,0,0,0,0,0,0,0,0,0,0,0,0,0,0,0,0,0,0,0,0,0,0,0,0,0,0,0,0,0,0,0,0,0,0,0,0,0,0,0,0,0,0
1989,238,7,3,17.425,2,8,0,-1,1,0,1,1,25,0,0,0,1028,0,0,0,0,0,1,1,0,0,0,171.749819,0,0,0,0,3,1,1,1,100,0,0,0,3,1,1,0.1,3000,0,0,0,0,0,0,0,0,0,0,0,0,0,0,0,0,0,0,0,0,0,0,0,0,0,0,0,0,0,0,0,0,0,0,0,0,0,0,0,0,0,0,0,0,0,0,0,0,0,0,0
1989,238,7,6,54.505,2,8,0,-1,0,0,1,1,25,0,0,0,1028,0,0,0,0,0,1,1,0,0,0,172.1151392,0,0,0,0,3,1,1,1,100,0,0,0,3,1,1,0.1,3000,0,0,0,0,0,0,0,0,0,0,0,0,0,0,0,0,0,0,0,0,0,0,0,0,0,0,0,0,0,0,0,0,0,0,0,0,0,0,0,0,0,0,0,0,0,0,0,0,0,0,0
1989,238,7,7,17.425,2,8,0,-1,1,0,1,1,25,0,0,0,1028,0,0,0,0,0,1,1,0,0,0,172.1537103,0,0,0,0,3,1,1,1,100,0,0,0,3,1,1,0.1,3000,0,0,0,0,0,0,0,0,0,0,0,0,0,0,0,0,0,0,0,0,0,0,0,0,0,0,0,0,0,0,0,0,0,0,0,0,0,0,0,0,0,0,0,0,0,0,0,0,0,0,0
1989,238,7,8,30.504,2,8,0,-1,0,0,1,1,25,0,0,0,1028,0,0,0,0,0,1,1,0,0,0,172.2766917,0,0,0,0,3,1,1,1,100,0,0,0,3,1,1,0.1,3000,0,0,0,0,0,0,0,0,0,0,0,0,0,0,0,0,0,0,0,0,0,0,0,0,0,0,0,0,0,0,0,0,0,0,0,0,0,0,0,0,0,0,0,0,0,0,0,0,0,0,0
1989,238,7,8,53.425,2,8,0,-1,1,0,1,1,25,0,0,0,1028,0,0,0,0,0,1,1,0,0,0,172.3152631,0,0,0,0,3,1,1,1,100,0,0,0,3,1,1,0.1,3000,0,0,0,0,0,0,0,0,0,0,0,0,0,0,0,0,0,0,0,0,0,0,0,0,0,0,0,0,0,0,0,0,0,0,0,0,0,0,0,0,0,0,0,0,0,0,0,0,0,0,0
1989,238,7,10,6.505,2,8,0,-1,0,0,1,1,25,0,0,0,1028,0,0,0,0,0,1,1,0,0,0,172.4382437,0,0,0,0,3,1,1,1,100,0,0,0,3,1,1,0.1,3000,0,0,0,0,0,0,0,0,0,0,0,0,0,0,0,0,0,0,0,0,0,0,0,0,0,0,0,0,0,0,0,0,0,0,0,0,0,0,0,0,0,0,0,0,0,0,0,0,0,0,0
1989,238,7,10,29.424,2,8,0,-1,1,0,1,1,25,0,0,0,1028,0,0,0,0,0,1,1,0,0,0,172.4768129,0,0,0,0,3,1,1,1,100,0,0,0,3,1,1,0.1,3000,0,0,0,0,0,0,0,0,0,0,0,0,0,0,0,0,0,0,0,0,0,0,0,0,0,0,0,0,0,0,0,0,0,0,0,0,0,0,0,0,0,0,0,0,0,0,0,0,0,0,0
1989,238,7,11,42.504,2,8,0,-1,0,0,1,1,25,0,0,0,1028,0,0,0,0,0,1,1,0,0,0,172.5997919,0,0,0,0,3,1,1,1,100,0,0,0,3,1,1,0.1,3000,0,0,0,0,0,0,0,0,0,0,0,0,0,0,0,0,0,0,0,0,0,0,0,0,0,0,0,0,0,0,0,0,0,0,0,0,0,0,0,0,0,0,0,0,0,0,0,0,0,0,0
1989,238,7,12,5.424,2,8,0,-1,1,0,1,1,25,0,0,0,1028,0,0,0,0,0,1,1,0,0,0,172.6383614,0,0,0,0,3,1,1,1,100,0,0,0,3,1,1,0.1,3000,0,0,0,0,0,0,0,0,0,0,0,0,0,0,0,0,0,0,0,0,0,0,0,0,0,0,0,0,0,0,0,0,0,0,0,0,0,0,0,0,0,0,0,0,0,0,0,0,0,0,0
1989,238,7,13,18.504,2,8,0,-1,0,0,1,1,25,0,0,0,1028,0,0,0,0,0,1,1,0,0,0,172.7613379,0,0,0,0,3,1,1,1,100,0,0,0,3,1,1,0.1,3000,0,0,0,0,0,0,0,0,0,0,0,0,0,0,0,0,0,0,0,0,0,0,0,0,0,0,0,0,0,0,0,0,0,0,0,0,0,0,0,0,0,0,0,0,0,0,0,0,0,0,0
1989,238,7,13,41.424,2,8,0,-1,1,0,1,1,25,0,0,0,1028,0,0,0,0,0,1,1,0,0,0,172.7999069,0,0,0,0,3,1,1,1,100,0,0,0,3,1,1,0.1,3000,0,0,0,0,0,0,0,0,0,0,0,0,0,0,0,0,0,0,0,0,0,0,0,0,0,0,0,0,0,0,0,0,0,0,0,0,0,0,0,0,0,0,0,0,0,0,0,0,0,0,0
1989,238,7,14,54.504,2,8,0,-1,0,0,1,1,25,0,0,0,1028,0,0,0,0,0,1,1,0,0,0,172.9228827,0,0,0,0,3,1,1,1,100,0,0,0,3,1,1,0.1,3000,0,0,0,0,0,0,0,0,0,0,0,0,0,0,0,0,0,0,0,0,0,0,0,0,0,0,0,0,0,0,0,0,0,0,0,0,0,0,0,0,0,0,0,0,0,0,0,0,0,0,0
1989,238,7,15,17.424,2,8,0,-1,1,0,1,1,25,0,0,0,1028,0,0,0,0,0,1,1,0,0,0,172.9614512,0,0,0,0,3,1,1,1,100,0,0,0,3,1,1,0.1,3000,0,0,0,0,0,0,0,0,0,0,0,0,0,0,0,0,0,0,0,0,0,0,0,0,0,0,0,0,0,0,0,0,0,0,0,0,0,0,0,0,0,0,0,0,0,0,0,0,0,0,0
1989,238,7,18,54.504,2,8,0,-1,0,0,1,1,25,0,0,0,1028,0,0,0,0,0,1,1,0,0,0,173.3267354,0,0,0,0,3,1,1,1,100,0,0,0,3,1,1,0.1,3000,0,0,0,0,0,0,0,0,0,0,0,0,0,0,0,0,0,0,0,0,0,0,0,0,0,0,0,0,0,0,0,0,0,0,0,0,0,0,0,0,0,0,0,0,0,0,0,0,0,0,0
1989,238,7,19,17.424,2,8,0,-1,1,0,1,1,25,0,0,0,1028,0,0,0,0,0,1,1,0,0,0,173.3653027,0,0,0,0,3,1,1,1,100,0,0,0,3,1,1,0.1,3000,0,0,0,0,0,0,0,0,0,0,0,0,0,0,0,0,0,0,0,0,0,0,0,0,0,0,0,0,0,0,0,0,0,0,0,0,0,0,0,0,0,0,0,0,0,0,0,0,0,0,0
1989,238,7,20,30.504,2,8,0,-1,0,0,1,1,25,0,0,0,1028,0,0,0,0,0,1,1,0,0,0,173.4882728,0,0,0,0,3,1,1,1,100,0,0,0,3,1,1,0.1,3000,0,0,0,0,0,0,0,0,0,0,0,0,0,0,0,0,0,0,0,0,0,0,0,0,0,0,0,0,0,0,0,0,0,0,0,0,0,0,0,0,0,0,0,0,0,0,0,0,0,0,0
1989,238,7,20,53.424,2,8,0,-1,1,0,1,1,25,0,0,0,1028,0,0,0,0,0,1,1,0,0,0,173.5268396,0,0,0,0,3,1,1,1,100,0,0,0,3,1,1,0.1,3000,0,0,0,0,0,0,0,0,0,0,0,0,0,0,0,0,0,0,0,0,0,0,0,0,0,0,0,0,0,0,0,0,0,0,0,0,0,0,0,0,0,0,0,0,0,0,0,0,0,0,0
1989,238,7,22,6.504,2,8,0,-1,0,0,1,1,25,0,0,0,1028,0,0,0,0,0,1,1,0,0,0,173.6498081,0,0,0,0,3,1,1,1,100,0,0,0,3,1,1,0.1,3000,0,0,0,0,0,0,0,0,0,0,0,0,0,0,0,0,0,0,0,0,0,0,0,0,0,0,0,0,0,0,0,0,0,0,0,0,0,0,0,0,0,0,0,0,0,0,0,0,0,0,0
1989,238,7,22,29.424,2,8,0,-1,1,0,1,1,25,0,0,0,1028,0,0,0,0,0,1,1,0,0,0,173.6883744,0,0,0,0,3,1,1,1,100,0,0,0,3,1,1,0.1,3000,0,0,0,0,0,0,0,0,0,0,0,0,0,0,0,0,0,0,0,0,0,0,0,0,0,0,0,0,0,0,0,0,0,0,0,0,0,0,0,0,0,0,0,0,0,0,0,0,0,0,0
1989,238,7,23,42.504,2,8,0,-1,0,0,1,1,25,0,0,0,1028,0,0,0,0,0,1,1,0,0,0,173.8113413,0,0,0,0,3,1,1,1,100,0,0,0,3,1,1,0.1,3000,0,0,0,0,0,0,0,0,0,0,0,0,0,0,0,0,0,0,0,0,0,0,0,0,0,0,0,0,0,0,0,0,0,0,0,0,0,0,0,0,0,0,0,0,0,0,0,0,0,0,0
1989,238,7,24,5.424,2,8,0,-1,1,0,1,1,25,0,0,0,1028,0,0,0,0,0,1,1,0,0,0,173.8499071,0,0,0,0,3,1,1,1,100,0,0,0,3,1,1,0.1,3000,0,0,0,0,0,0,0,0,0,0,0,0,0,0,0,0,0,0,0,0,0,0,0,0,0,0,0,0,0,0,0,0,0,0,0,0,0,0,0,0,0,0,0,0,0,0,0,0,0,0,0
1989,238,7,25,18.503,2,8,0,-1,0,0,1,1,25,0,0,0,1028,0,0,0,0,0,1,1,0,0,0,173.9728716,0,0,0,0,3,1,1,1,100,0,0,0,3,1,1,0.1,3000,0,0,0,0,0,0,0,0,0,0,0,0,0,0,0,0,0,0,0,0,0,0,0,0,0,0,0,0,0,0,0,0,0,0,0,0,0,0,0,0,0,0,0,0,0,0,0,0,0,0,0
1989,238,7,25,41.424,2,8,0,-1,1,0,1,1,25,0,0,0,1028,0,0,0,0,0,1,1,0,0,0,174.0114368,0,0,0,0,3,1,1,1,100,0,0,0,3,1,1,0.1,3000,0,0,0,0,0,0,0,0,0,0,0,0,0,0,0,0,0,0,0,0,0,0,0,0,0,0,0,0,0,0,0,0,0,0,0,0,0,0,0,0,0,0,0,0,0,0,0,0,0,0,0
1989,238,7,26,54.503,2,8,0,-1,0,0,1,1,25,0,0,0,1028,0,0,0,0,0,1,1,0,0,0,174.1343998,0,0,0,0,3,1,1,1,100,0,0,0,3,1,1,0.1,3000,0,0,0,0,0,0,0,0,0,0,0,0,0,0,0,0,0,0,0,0,0,0,0,0,0,0,0,0,0,0,0,0,0,0,0,0,0,0,0,0,0,0,0,0,0,0,0,0,0,0,0
1989,238,7,27,17.423,2,8,0,-1,1,0,1,1,25,0,0,0,1028,0,0,0,0,0,1,1,0,0,0,174.1729637,0,0,0,0,3,1,1,1,100,0,0,0,3,1,1,0.1,3000,0,0,0,0,0,0,0,0,0,0,0,0,0,0,0,0,0,0,0,0,0,0,0,0,0,0,0,0,0,0,0,0,0,0,0,0,0,0,0,0,0,0,0,0,0,0,0,0,0,0,0
1989,238,7,30,54.503,2,8,0,-1,0,0,1,1,25,0,0,0,1028,0,0,0,0,0,1,1,0,0,0,174.5382132,0,0,0,0,3,1,1,1,100,0,0,0,3,1,1,0.1,3000,0,0,0,0,0,0,0,0,0,0,0,0,0,0,0,0,0,0,0,0,0,0,0,0,0,0,0,0,0,0,0,0,0,0,0,0,0,0,0,0,0,0,0,0,0,0,0,0,0,0,0
1989,238,7,31,17.423,2,8,0,-1,1,0,1,1,25,0,0,0,1028,0,0,0,0,0,1,1,0,0,0,174.5767759,0,0,0,0,3,1,1,1,100,0,0,0,3,1,1,0.1,3000,0,0,0,0,0,0,0,0,0,0,0,0,0,0,0,0,0,0,0,0,0,0,0,0,0,0,0,0,0,0,0,0,0,0,0,0,0,0,0,0,0,0,0,0,0,0,0,0,0,0,0
1989,238,7,32,30.503,2,8,0,-1,0,0,1,1,25,0,0,0,1028,0,0,0,0,0,1,1,0,0,0,174.6997349,0,0,0,0,3,1,1,1,100,0,0,0,3,1,1,0.1,3000,0,0,0,0,0,0,0,0,0,0,0,0,0,0,0,0,0,0,0,0,0,0,0,0,0,0,0,0,0,0,0,0,0,0,0,0,0,0,0,0,0,0,0,0,0,0,0,0,0,0,0
1989,238,7,32,53.423,2,8,0,-1,1,0,1,1,25,0,0,0,1028,0,0,0,0,0,1,1,0,0,0,174.7382979,0,0,0,0,3,1,1,1,100,0,0,0,3,1,1,0.1,3000,0,0,0,0,0,0,0,0,0,0,0,0,0,0,0,0,0,0,0,0,0,0,0,0,0,0,0,0,0,0,0,0,0,0,0,0,0,0,0,0,0,0,0,0,0,0,0,0,0,0,0
1989,238,7,34,6.503,2,8,0,-1,0,0,1,1,25,0,0,0,1028,0,0,0,0,0,1,1,0,0,0,174.8612546,0,0,0,0,3,1,1,1,100,0,0,0,3,1,1,0.1,3000,0,0,0,0,0,0,0,0,0,0,0,0,0,0,0,0,0,0,0,0,0,0,0,0,0,0,0,0,0,0,0,0,0,0,0,0,0,0,0,0,0,0,0,0,0,0,0,0,0,0,0
1989,238,7,34,29.423,2,8,0,-1,1,0,1,1,25,0,0,0,1028,0,0,0,0,0,1,1,0,0,0,174.8998163,0,0,0,0,3,1,1,1,100,0,0,0,3,1,1,0.1,3000,0,0,0,0,0,0,0,0,0,0,0,0,0,0,0,0,0,0,0,0,0,0,0,0,0,0,0,0,0,0,0,0,0,0,0,0,0,0,0,0,0,0,0,0,0,0,0,0,0,0,0
1989,238,7,35,42.503,2,8,0,-1,0,0,1,1,25,0,0,0,1028,0,0,0,0,0,1,1,0,0,0,175.0227722,0,0,0,0,3,1,1,1,100,0,0,0,3,1,1,0.1,3000,0,0,0,0,0,0,0,0,0,0,0,0,0,0,0,0,0,0,0,0,0,0,0,0,0,0,0,0,0,0,0,0,0,0,0,0,0,0,0,0,0,0,0,0,0,0,0,0,0,0,0
1989,238,7,36,5.423,2,8,0,-1,1,0,1,1,25,0,0,0,1028,0,0,0,0,0,1,1,0,0,0,175.0613342,0,0,0,0,3,1,1,1,100,0,0,0,3,1,1,0.1,3000,0,0,0,0,0,0,0,0,0,0,0,0,0,0,0,0,0,0,0,0,0,0,0,0,0,0,0,0,0,0,0,0,0,0,0,0,0,0,0,0,0,0,0,0,0,0,0,0,0,0,0
1989,238,7,37,18.503,2,8,0,-1,0,0,1,1,25,0,0,0,1028,0,0,0,0,0,1,1,0,0,0,175.1842877,0,0,0,0,3,1,1,1,100,0,0,0,3,1,1,0.1,3000,0,0,0,0,0,0,0,0,0,0,0,0,0,0,0,0,0,0,0,0,0,0,0,0,0,0,0,0,0,0,0,0,0,0,0,0,0,0,0,0,0,0,0,0,0,0,0,0,0,0,0
1989,238,7,37,41.423,2,8,0,-1,1,0,1,1,25,0,0,0,1028,0,0,0,0,0,1,1,0,0,0,175.2228493,0,0,0,0,3,1,1,1,100,0,0,0,3,1,1,0.1,3000,0,0,0,0,0,0,0,0,0,0,0,0,0,0,0,0,0,0,0,0,0,0,0,0,0,0,0,0,0,0,0,0,0,0,0,0,0,0,0,0,0,0,0,0,0,0,0,0,0,0,0
1989,238,7,38,54.502,2,8,0,-1,0,0,1,1,25,0,0,0,1028,0,0,0,0,0,1,1,0,0,0,175.3457995,0,0,0,0,3,1,1,1,100,0,0,0,3,1,1,0.1,3000,0,0,0,0,0,0,0,0,0,0,0,0,0,0,0,0,0,0,0,0,0,0,0,0,0,0,0,0,0,0,0,0,0,0,0,0,0,0,0,0,0,0,0,0,0,0,0,0,0,0,0
1989,238,7,39,17.422,2,8,0,-1,1,0,1,1,25,0,0,0,1028,0,0,0,0,0,1,1,0,0,0,175.3843597,0,0,0,0,3,1,1,1,100,0,0,0,3,1,1,0.1,3000,0,0,0,0,0,0,0,0,0,0,0,0,0,0,0,0,0,0,0,0,0,0,0,0,0,0,0,0,0,0,0,0,0,0,0,0,0,0,0,0,0,0,0,0,0,0,0,0,0,0,0
1989,238,7,42,54.502,2,8,0,-1,0,0,1,1,25,0,0,0,1028,0,0,0,0,0,1,1,0,0,0,175.7495742,0,0,0,0,3,1,1,1,100,0,0,0,3,1,1,0.1,3000,0,0,0,0,0,0,0,0,0,0,0,0,0,0,0,0,0,0,0,0,0,0,0,0,0,0,0,0,0,0,0,0,0,0,0,0,0,0,0,0,0,0,0,0,0,0,0,0,0,0,0
1989,238,7,43,17.421,2,8,0,-1,1,0,1,1,25,0,0,0,1028,0,0,0,0,0,1,1,0,0,0,175.7881332,0,0,0,0,3,1,1,1,100,0,0,0,3,1,1,0.1,3000,0,0,0,0,0,0,0,0,0,0,0,0,0,0,0,0,0,0,0,0,0,0,0,0,0,0,0,0,0,0,0,0,0,0,0,0,0,0,0,0,0,0,0,0,0,0,0,0,0,0,0
1989,238,7,44,30.502,2,8,0,-1,0,0,1,1,25,0,0,0,1028,0,0,0,0,0,1,1,0,0,0,175.9110805,0,0,0,0,3,1,1,1,100,0,0,0,3,1,1,0.1,3000,0,0,0,0,0,0,0,0,0,0,0,0,0,0,0,0,0,0,0,0,0,0,0,0,0,0,0,0,0,0,0,0,0,0,0,0,0,0,0,0,0,0,0,0,0,0,0,0,0,0,0
1989,238,7,44,53.422,2,8,0,-1,1,0,1,1,25,0,0,0,1028,0,0,0,0,0,1,1,0,0,0,175.9496398,0,0,0,0,3,1,1,1,100,0,0,0,3,1,1,0.1,3000,0,0,0,0,0,0,0,0,0,0,0,0,0,0,0,0,0,0,0,0,0,0,0,0,0,0,0,0,0,0,0,0,0,0,0,0,0,0,0,0,0,0,0,0,0,0,0,0,0,0,0
1989,238,7,46,6.502,2,8,0,-1,0,0,1,1,25,0,0,0,1028,0,0,0,0,0,1,1,0,0,0,176.0725848,0,0,0,0,3,1,1,1,100,0,0,0,3,1,1,0.1,3000,0,0,0,0,0,0,0,0,0,0,0,0,0,0,0,0,0,0,0,0,0,0,0,0,0,0,0,0,0,0,0,0,0,0,0,0,0,0,0,0,0,0,0,0,0,0,0,0,0,0,0
1989,238,7,46,29.422,2,8,0,-1,1,0,1,1,25,0,0,0,1028,0,0,0,0,0,1,1,0,0,0,176.1111427,0,0,0,0,3,1,1,1,100,0,0,0,3,1,1,0.1,3000,0,0,0,0,0,0,0,0,0,0,0,0,0,0,0,0,0,0,0,0,0,0,0,0,0,0,0,0,0,0,0,0,0,0,0,0,0,0,0,0,0,0,0,0,0,0,0,0,0,0,0
1989,238,7,47,42.502,2,8,0,-1,0,0,1,1,25,0,0,0,1028,0,0,0,0,0,1,1,0,0,0,176.234087,0,0,0,0,3,1,1,1,100,0,0,0,3,1,1,0.1,3000,0,0,0,0,0,0,0,0,0,0,0,0,0,0,0,0,0,0,0,0,0,0,0,0,0,0,0,0,0,0,0,0,0,0,0,0,0,0,0,0,0,0,0,0,0,0,0,0,0,0,0
1989,238,7,48,5.422,2,8,0,-1,1,0,1,1,25,0,0,0,1028,0,0,0,0,0,1,1,0,0,0,176.2726453,0,0,0,0,3,1,1,1,100,0,0,0,3,1,1,0.1,3000,0,0,0,0,0,0,0,0,0,0,0,0,0,0,0,0,0,0,0,0,0,0,0,0,0,0,0,0,0,0,0,0,0,0,0,0,0,0,0,0,0,0,0,0,0,0,0,0,0,0,0
1989,238,7,49,18.502,2,8,0,-1,0,0,1,1,25,0,0,0,1028,0,0,0,0,0,1,1,0,0,0,176.3955871,0,0,0,0,3,1,1,1,100,0,0,0,3,1,1,0.1,3000,0,0,0,0,0,0,0,0,0,0,0,0,0,0,0,0,0,0,0,0,0,0,0,0,0,0,0,0,0,0,0,0,0,0,0,0,0,0,0,0,0,0,0,0,0,0,0,0,0,0,0
1989,238,7,49,41.422,2,8,0,-1,1,0,1,1,25,0,0,0,1028,0,0,0,0,0,1,1,0,0,0,176.434145,0,0,0,0,3,1,1,1,100,0,0,0,3,1,1,0.1,3000,0,0,0,0,0,0,0,0,0,0,0,0,0,0,0,0,0,0,0,0,0,0,0,0,0,0,0,0,0,0,0,0,0,0,0,0,0,0,0,0,0,0,0,0,0,0,0,0,0,0,0
1989,238,7,50,54.501,2,8,0,-1,0,0,1,1,25,0,0,0,1028,0,0,0,0,0,1,1,0,0,0,176.5570844,0,0,0,0,3,1,1,1,100,0,0,0,3,1,1,0.1,3000,0,0,0,0,0,0,0,0,0,0,0,0,0,0,0,0,0,0,0,0,0,0,0,0,0,0,0,0,0,0,0,0,0,0,0,0,0,0,0,0,0,0,0,0,0,0,0,0,0,0,0
1989,238,7,51,17.421,2,8,0,-1,1,0,1,1,25,0,0,0,1028,0,0,0,0,0,1,1,0,0,0,176.595641,0,0,0,0,3,1,1,1,100,0,0,0,3,1,1,0.1,3000,0,0,0,0,0,0,0,0,0,0,0,0,0,0,0,0,0,0,0,0,0,0,0,0,0,0,0,0,0,0,0,0,0,0,0,0,0,0,0,0,0,0,0,0,0,0,0,0,0,0,0
1989,238,7,54,54.501,2,8,0,-1,0,0,1,1,25,0,0,0,1028,0,0,0,0,0,1,1,0,0,0,176.9608201,0,0,0,0,3,1,1,1,100,0,0,0,3,1,1,0.1,3000,0,0,0,0,0,0,0,0,0,0,0,0,0,0,0,0,0,0,0,0,0,0,0,0,0,0,0,0,0,0,0,0,0,0,0,0,0,0,0,0,0,0,0,0,0,0,0,0,0,0,0
1989,238,7,55,17.421,2,8,0,-1,1,0,1,1,25,0,0,0,1028,0,0,0,0,0,1,1,0,0,0,176.9993763,0,0,0,0,3,1,1,1,100,0,0,0,3,1,1,0.1,3000,0,0,0,0,0,0,0,0,0,0,0,0,0,0,0,0,0,0,0,0,0,0,0,0,0,0,0,0,0,0,0,0,0,0,0,0,0,0,0,0,0,0,0,0,0,0,0,0,0,0,0
1989,238,7,56,30.501,2,8,0,-1,0,0,1,1,25,0,0,0,1028,0,0,0,0,0,1,1,0,0,0,177.1223111,0,0,0,0,3,1,1,1,100,0,0,0,3,1,1,0.1,3000,0,0,0,0,0,0,0,0,0,0,0,0,0,0,0,0,0,0,0,0,0,0,0,0,0,0,0,0,0,0,0,0,0,0,0,0,0,0,0,0,0,0,0,0,0,0,0,0,0,0,0
1989,238,7,56,53.421,2,8,0,-1,1,0,1,1,25,0,0,0,1028,0,0,0,0,0,1,1,0,0,0,177.1608668,0,0,0,0,3,1,1,1,100,0,0,0,3,1,1,0.1,3000,0,0,0,0,0,0,0,0,0,0,0,0,0,0,0,0,0,0,0,0,0,0,0,0,0,0,0,0,0,0,0,0,0,0,0,0,0,0,0,0,0,0,0,0,0,0,0,0,0,0,0
1989,238,7,58,6.501,2,8,0,-1,0,0,1,1,25,0,0,0,1028,0,0,0,0,0,1,1,0,0,0,177.2838002,0,0,0,0,3,1,1,1,100,0,0,0,3,1,1,0.1,3000,0,0,0,0,0,0,0,0,0,0,0,0,0,0,0,0,0,0,0,0,0,0,0,0,0,0,0,0,0,0,0,0,0,0,0,0,0,0,0,0,0,0,0,0,0,0,0,0,0,0,0
1989,238,7,58,29.421,2,8,0,-1,1,0,1,1,25,0,0,0,1028,0,0,0,0,0,1,1,0,0,0,177.3223554,0,0,0,0,3,1,1,1,100,0,0,0,3,1,1,0.1,3000,0,0,0,0,0,0,0,0,0,0,0,0,0,0,0,0,0,0,0,0,0,0,0,0,0,0,0,0,0,0,0,0,0,0,0,0,0,0,0,0,0,0,0,0,0,0,0,0,0,0,0
1989,238,7,59,42.501,2,8,0,-1,0,0,1,1,25,0,0,0,1028,0,0,0,0,0,1,1,0,0,0,177.4452872,0,0,0,0,3,1,1,1,100,0,0,0,3,1,1,0.1,3000,0,0,0,0,0,0,0,0,0,0,0,0,0,0,0,0,0,0,0,0,0,0,0,0,0,0,0,0,0,0,0,0,0,0,0,0,0,0,0,0,0,0,0,0,0,0,0,0,0,0,0
1989,238,8,0,5.421,2,8,0,-1,1,0,1,1,25,0,0,0,1028,0,0,0,0,0,1,1,0,0,0,177.483842,0,0,0,0,3,1,1,1,100,0,0,0,3,1,1,0.1,3000,0,0,0,0,0,0,0,0,0,0,0,0,0,0,0,0,0,0,0,0,0,0,0,0,0,0,0,0,0,0,0,0,0,0,0,0,0,0,0,0,0,0,0,0,0,0,0,0,0,0,0
1989,238,8,1,18.501,2,8,0,-1,0,0,1,1,25,0,0,0,1028,0,0,0,0,0,1,1,0,0,0,177.6067723,0,0,0,0,3,1,1,1,100,0,0,0,3,1,1,0.1,3000,0,0,0,0,0,0,0,0,0,0,0,0,0,0,0,0,0,0,0,0,0,0,0,0,0,0,0,0,0,0,0,0,0,0,0,0,0,0,0,0,0,0,0,0,0,0,0,0,0,0,0
1989,238,8,1,41.421,2,8,0,-1,1,0,1,1,25,0,0,0,1028,0,0,0,0,0,1,1,0,0,0,177.6453265,0,0,0,0,3,1,1,1,100,0,0,0,3,1,1,0.1,3000,0,0,0,0,0,0,0,0,0,0,0,0,0,0,0,0,0,0,0,0,0,0,0,0,0,0,0,0,0,0,0,0,0,0,0,0,0,0,0,0,0,0,0,0,0,0,0,0,0,0,0
1989,238,8,2,54.501,2,8,0,-1,0,0,1,1,25,0,0,0,1028,0,0,0,0,0,1,1,0,0,0,177.7682553,0,0,0,0,3,1,1,1,100,0,0,0,3,1,1,0.1,3000,0,0,0,0,0,0,0,0,0,0,0,0,0,0,0,0,0,0,0,0,0,0,0,0,0,0,0,0,0,0,0,0,0,0,0,0,0,0,0,0,0,0,0,0,0,0,0,0,0,0,0
1989,238,8,3,17.421,2,8,0,-1,1,0,1,1,25,0,0,0,1028,0,0,0,0,0,1,1,0,0,0,177.8068091,0,0,0,0,3,1,1,1,100,0,0,0,3,1,1,0.1,3000,0,0,0,0,0,0,0,0,0,0,0,0,0,0,0,0,0,0,0,0,0,0,0,0,0,0,0,0,0,0,0,0,0,0,0,0,0,0,0,0,0,0,0,0,0,0,0,0,0,0,0
