YEAR,DOY,HOUR,MINUTE,SECOND,SPACECRAFT,PLANET_NUMBER,RESPONSE,L_OR_M_MODE,SHORT_OR_LONG,THRESHOLD_CURRENT,SAVE_PLOT,FIT,ITERATIONS,CHANNELS_CUPA,CHANNELS_CUPB,CHANNELS_CUPC,CHANNELS_CUPD,TOTAL_NUMBER_OF_FITTED_CHANNELS,CHI_SQUARE,VARY_V1,VARY_V2,VARY_V3,VARY_DENSITY,VARY_TEMPERATURE,VARY_KAPPA,ANALYTICAL_VPHI,V1,V2,V3,COMMON_TEMPERATURE,COMMON_KAPPA,DELAMERE_COMPOSITION,SPECIES_1,SPECIES_1_A,SPECIES_1_Z,SPECIES_1_N,SPECIES_1_T,SPECIES_1_KAPPA,SPECIES_1_N_UNCERT,SPECIES_1_T_UNCERT,SPECIES_2,SPECIES_2_A,SPECIES_2_Z,SPECIES_2_N,SPECIES_2_T,SPECIES_2_KAPPA,SPECIES_2_N_UNCERT,SPECIES_2_T_UNCERT,SPECIES_3,SPECIES_3_A,SPECIES_3_Z,SPECIES_3_N,SPECIES_3_T,SPECIES_3_KAPPA,SPECIES_3_N_UNCERT,SPECIES_3_T_UNCERT,SPECIES_4,SPECIES_4_A,SPECIES_4_Z,SPECIES_4_N,SPECIES_4_T,SPECIES_4_KAPPA,SPECIES_4_N_UNCERT,SPECIES_4_T_UNCERT,SPECIES_5,SPECIES_5_A,SPECIES_5_Z,SPECIES_5_N,SPECIES_5_T,SPECIES_5_KAPPA,SPECIES_5_N_UNCERT,SPECIES_5_T_UNCERT,SPECIES_6,SPECIES_6_A,SPECIES_6_Z,SPECIES_6_N,SPECIES_6_T,SPECIES_6_KAPPA,SPECIES_6_N_UNCERT,SPECIES_6_T_UNCERT,SPECIES_7,SPECIES_7_A,SPECIES_7_Z,SPECIES_7_N,SPECIES_7_T,SPECIES_7_KAPPA,SPECIES_7_N_UNCERT,SPECIES_7_T_UNCERT,SPECIES_8,SPECIES_8_A,SPECIES_8_Z,SPECIES_8_N,SPECIES_8_T,SPECIES_8_KAPPA,SPECIES_8_N_UNCERT,SPECIES_8_T_UNCERT
1989,235,13,44,53.729,2,8,0,-1,1,0,1,1,50,0,0,0,1028,0,0,0,0,0,1,1,0,0,0,228.9131008,0,0,0,0,3,1,1,0.2,40,0,0,0,3,1,1,0.002,200,0,0,0,0,0,0,0,0,0,0,0,0,0,0,0,0,0,0,0,0,0,0,0,0,0,0,0,0,0,0,0,0,0,0,0,0,0,0,0,0,0,0,0,0,0,0,0,0,0,0,0
1989,235,13,46,6.809,2,8,0,-1,0,0,1,1,50,0,0,0,1028,0,0,0,0,0,1,1,0,0,0,228.7958009,0,0,0,0,3,1,1,0.2,40,0,0,0,3,1,1,0.002,200,0,0,0,0,0,0,0,0,0,0,0,0,0,0,0,0,0,0,0,0,0,0,0,0,0,0,0,0,0,0,0,0,0,0,0,0,0,0,0,0,0,0,0,0,0,0,0,0,0,0,0
1989,235,13,46,29.729,2,8,0,-1,1,0,1,1,50,0,0,0,1028,0,0,0,0,0,1,1,0,0,0,228.759013,0,0,0,0,3,1,1,0.2,40,0,0,0,3,1,1,0.002,200,0,0,0,0,0,0,0,0,0,0,0,0,0,0,0,0,0,0,0,0,0,0,0,0,0,0,0,0,0,0,0,0,0,0,0,0,0,0,0,0,0,0,0,0,0,0,0,0,0,0,0
1989,235,13,47,42.809,2,8,0,-1,0,0,1,1,50,0,0,0,1028,0,0,0,0,0,1,1,0,0,0,228.6417115,0,0,0,0,3,1,1,0.2,40,0,0,0,3,1,1,0.002,200,0,0,0,0,0,0,0,0,0,0,0,0,0,0,0,0,0,0,0,0,0,0,0,0,0,0,0,0,0,0,0,0,0,0,0,0,0,0,0,0,0,0,0,0,0,0,0,0,0,0,0
1989,235,13,48,5.729,2,8,0,-1,1,0,1,1,50,0,0,0,1028,0,0,0,0,0,1,1,0,0,0,228.6049225,0,0,0,0,3,1,1,0.2,40,0,0,0,3,1,1,0.002,200,0,0,0,0,0,0,0,0,0,0,0,0,0,0,0,0,0,0,0,0,0,0,0,0,0,0,0,0,0,0,0,0,0,0,0,0,0,0,0,0,0,0,0,0,0,0,0,0,0,0,0
1989,235,13,49,41.729,2,8,0,-1,1,0,1,1,50,0,0,0,1028,0,0,0,0,0,1,1,0,0,0,228.4508326,0,0,0,0,3,1,1,0.2,40,0,0,0,3,1,1,0.002,200,0,0,0,0,0,0,0,0,0,0,0,0,0,0,0,0,0,0,0,0,0,0,0,0,0,0,0,0,0,0,0,0,0,0,0,0,0,0,0,0,0,0,0,0,0,0,0,0,0,0,0
1989,235,13,54,54.808,2,8,0,-1,0,0,1,1,50,0,0,0,1028,0,0,0,0,0,1,1,0,0,0,227.9482977,0,0,0,0,3,1,1,0.2,40,0,0,0,3,1,1,0.002,200,0,0,0,0,0,0,0,0,0,0,0,0,0,0,0,0,0,0,0,0,0,0,0,0,0,0,0,0,0,0,0,0,0,0,0,0,0,0,0,0,0,0,0,0,0,0,0,0,0,0,0
1989,235,13,55,17.727,2,8,0,-1,1,0,1,1,50,0,0,0,1028,0,0,0,0,0,1,1,0,0,0,227.9115083,0,0,0,0,3,1,1,0.2,40,0,0,0,3,1,1,0.002,200,0,0,0,0,0,0,0,0,0,0,0,0,0,0,0,0,0,0,0,0,0,0,0,0,0,0,0,0,0,0,0,0,0,0,0,0,0,0,0,0,0,0,0,0,0,0,0,0,0,0,0
1989,235,13,56,30.808,2,8,0,-1,0,0,1,1,50,0,0,0,1028,0,0,0,0,0,1,1,0,0,0,227.7942024,0,0,0,0,3,1,1,0.2,40,0,0,0,3,1,1,0.002,200,0,0,0,0,0,0,0,0,0,0,0,0,0,0,0,0,0,0,0,0,0,0,0,0,0,0,0,0,0,0,0,0,0,0,0,0,0,0,0,0,0,0,0,0,0,0,0,0,0,0,0
1989,235,13,56,53.728,2,8,0,-1,1,0,1,1,50,0,0,0,1028,0,0,0,0,0,1,1,0,0,0,227.757412,0,0,0,0,3,1,1,0.2,40,0,0,0,3,1,1,0.002,200,0,0,0,0,0,0,0,0,0,0,0,0,0,0,0,0,0,0,0,0,0,0,0,0,0,0,0,0,0,0,0,0,0,0,0,0,0,0,0,0,0,0,0,0,0,0,0,0,0,0,0
1989,235,13,58,6.808,2,8,0,-1,0,0,1,1,50,0,0,0,1028,0,0,0,0,0,1,1,0,0,0,227.6401061,0,0,0,0,3,1,1,0.2,40,0,0,0,3,1,1,0.002,200,0,0,0,0,0,0,0,0,0,0,0,0,0,0,0,0,0,0,0,0,0,0,0,0,0,0,0,0,0,0,0,0,0,0,0,0,0,0,0,0,0,0,0,0,0,0,0,0,0,0,0
1989,235,13,58,29.728,2,8,0,-1,1,0,1,1,50,0,0,0,1028,0,0,0,0,0,1,1,0,0,0,227.6033163,0,0,0,0,3,1,1,0.2,40,0,0,0,3,1,1,0.002,200,0,0,0,0,0,0,0,0,0,0,0,0,0,0,0,0,0,0,0,0,0,0,0,0,0,0,0,0,0,0,0,0,0,0,0,0,0,0,0,0,0,0,0,0,0,0,0,0,0,0,0
1989,235,13,59,42.808,2,8,0,-1,0,0,1,1,50,0,0,0,1028,0,0,0,0,0,1,1,0,0,0,227.4860087,0,0,0,0,3,1,1,0.2,40,0,0,0,3,1,1,0.002,200,0,0,0,0,0,0,0,0,0,0,0,0,0,0,0,0,0,0,0,0,0,0,0,0,0,0,0,0,0,0,0,0,0,0,0,0,0,0,0,0,0,0,0,0,0,0,0,0,0,0,0
1989,235,14,0,5.728,2,8,0,-1,1,0,1,1,50,0,0,0,1028,0,0,0,0,0,1,1,0,0,0,227.4492178,0,0,0,0,3,1,1,0.2,40,0,0,0,3,1,1,0.002,200,0,0,0,0,0,0,0,0,0,0,0,0,0,0,0,0,0,0,0,0,0,0,0,0,0,0,0,0,0,0,0,0,0,0,0,0,0,0,0,0,0,0,0,0,0,0,0,0,0,0,0
1989,235,14,1,18.808,2,8,0,-1,0,0,1,1,50,0,0,0,1028,0,0,0,0,0,1,1,0,0,0,227.3319103,0,0,0,0,3,1,1,0.2,40,0,0,0,3,1,1,0.002,200,0,0,0,0,0,0,0,0,0,0,0,0,0,0,0,0,0,0,0,0,0,0,0,0,0,0,0,0,0,0,0,0,0,0,0,0,0,0,0,0,0,0,0,0,0,0,0,0,0,0,0
1989,235,14,1,41.728,2,8,0,-1,1,0,1,1,50,0,0,0,1028,0,0,0,0,0,1,1,0,0,0,227.2951191,0,0,0,0,3,1,1,0.2,40,0,0,0,3,1,1,0.002,200,0,0,0,0,0,0,0,0,0,0,0,0,0,0,0,0,0,0,0,0,0,0,0,0,0,0,0,0,0,0,0,0,0,0,0,0,0,0,0,0,0,0,0,0,0,0,0,0,0,0,0
1989,235,14,2,54.807,2,8,0,-1,0,0,1,1,50,0,0,0,1028,0,0,0,0,0,1,1,0,0,0,227.1778123,0,0,0,0,3,1,1,0.2,40,0,0,0,3,1,1,0.002,200,0,0,0,0,0,0,0,0,0,0,0,0,0,0,0,0,0,0,0,0,0,0,0,0,0,0,0,0,0,0,0,0,0,0,0,0,0,0,0,0,0,0,0,0,0,0,0,0,0,0,0
1989,235,14,3,17.726,2,8,0,-1,1,0,1,1,50,0,0,0,1028,0,0,0,0,0,1,1,0,0,0,227.1410217,0,0,0,0,3,1,1,0.2,40,0,0,0,3,1,1,0.002,200,0,0,0,0,0,0,0,0,0,0,0,0,0,0,0,0,0,0,0,0,0,0,0,0,0,0,0,0,0,0,0,0,0,0,0,0,0,0,0,0,0,0,0,0,0,0,0,0,0,0,0
1989,235,14,6,54.807,2,8,0,-1,0,0,1,1,50,0,0,0,1028,0,0,0,0,0,1,1,0,0,0,226.7925588,0,0,0,0,3,1,1,0.2,40,0,0,0,3,1,1,0.002,200,0,0,0,0,0,0,0,0,0,0,0,0,0,0,0,0,0,0,0,0,0,0,0,0,0,0,0,0,0,0,0,0,0,0,0,0,0,0,0,0,0,0,0,0,0,0,0,0,0,0,0
1989,235,14,7,17.726,2,8,0,-1,1,0,1,1,50,0,0,0,1028,0,0,0,0,0,1,1,0,0,0,226.7557676,0,0,0,0,3,1,1,0.2,40,0,0,0,3,1,1,0.002,200,0,0,0,0,0,0,0,0,0,0,0,0,0,0,0,0,0,0,0,0,0,0,0,0,0,0,0,0,0,0,0,0,0,0,0,0,0,0,0,0,0,0,0,0,0,0,0,0,0,0,0
1989,235,14,8,30.807,2,8,0,-1,0,0,1,1,50,0,0,0,1028,0,0,0,0,0,1,1,0,0,0,226.6384555,0,0,0,0,3,1,1,0.2,40,0,0,0,3,1,1,0.002,200,0,0,0,0,0,0,0,0,0,0,0,0,0,0,0,0,0,0,0,0,0,0,0,0,0,0,0,0,0,0,0,0,0,0,0,0,0,0,0,0,0,0,0,0,0,0,0,0,0,0,0
1989,235,14,8,53.727,2,8,0,-1,1,0,1,1,50,0,0,0,1028,0,0,0,0,0,1,1,0,0,0,226.6016632,0,0,0,0,3,1,1,0.2,40,0,0,0,3,1,1,0.002,200,0,0,0,0,0,0,0,0,0,0,0,0,0,0,0,0,0,0,0,0,0,0,0,0,0,0,0,0,0,0,0,0,0,0,0,0,0,0,0,0,0,0,0,0,0,0,0,0,0,0,0
1989,235,14,10,6.807,2,8,0,-1,0,0,1,1,50,0,0,0,1028,0,0,0,0,0,1,1,0,0,0,226.4843512,0,0,0,0,3,1,1,0.2,40,0,0,0,3,1,1,0.002,200,0,0,0,0,0,0,0,0,0,0,0,0,0,0,0,0,0,0,0,0,0,0,0,0,0,0,0,0,0,0,0,0,0,0,0,0,0,0,0,0,0,0,0,0,0,0,0,0,0,0,0
1989,235,14,10,29.726,2,8,0,-1,1,0,1,1,50,0,0,0,1028,0,0,0,0,0,1,1,0,0,0,226.4475594,0,0,0,0,3,1,1,0.2,40,0,0,0,3,1,1,0.002,200,0,0,0,0,0,0,0,0,0,0,0,0,0,0,0,0,0,0,0,0,0,0,0,0,0,0,0,0,0,0,0,0,0,0,0,0,0,0,0,0,0,0,0,0,0,0,0,0,0,0,0
1989,235,14,11,42.807,2,8,0,-1,0,0,1,1,50,0,0,0,1028,0,0,0,0,0,1,1,0,0,0,226.3302457,0,0,0,0,3,1,1,0.2,40,0,0,0,3,1,1,0.002,200,0,0,0,0,0,0,0,0,0,0,0,0,0,0,0,0,0,0,0,0,0,0,0,0,0,0,0,0,0,0,0,0,0,0,0,0,0,0,0,0,0,0,0,0,0,0,0,0,0,0,0
1989,235,14,12,5.727,2,8,0,-1,1,0,1,1,50,0,0,0,1028,0,0,0,0,0,1,1,0,0,0,226.2934529,0,0,0,0,3,1,1,0.2,40,0,0,0,3,1,1,0.002,200,0,0,0,0,0,0,0,0,0,0,0,0,0,0,0,0,0,0,0,0,0,0,0,0,0,0,0,0,0,0,0,0,0,0,0,0,0,0,0,0,0,0,0,0,0,0,0,0,0,0,0
1989,235,14,13,18.807,2,8,0,-1,0,0,1,1,50,0,0,0,1028,0,0,0,0,0,1,1,0,0,0,226.1761392,0,0,0,0,3,1,1,0.2,40,0,0,0,3,1,1,0.002,200,0,0,0,0,0,0,0,0,0,0,0,0,0,0,0,0,0,0,0,0,0,0,0,0,0,0,0,0,0,0,0,0,0,0,0,0,0,0,0,0,0,0,0,0,0,0,0,0,0,0,0
1989,235,14,13,41.727,2,8,0,-1,1,0,1,1,50,0,0,0,1028,0,0,0,0,0,1,1,0,0,0,226.1393461,0,0,0,0,3,1,1,0.2,40,0,0,0,3,1,1,0.002,200,0,0,0,0,0,0,0,0,0,0,0,0,0,0,0,0,0,0,0,0,0,0,0,0,0,0,0,0,0,0,0,0,0,0,0,0,0,0,0,0,0,0,0,0,0,0,0,0,0,0,0
1989,235,14,14,54.806,2,8,0,-1,0,0,1,1,50,0,0,0,1028,0,0,0,0,0,1,1,0,0,0,226.0220324,0,0,0,0,3,1,1,0.2,40,0,0,0,3,1,1,0.002,200,0,0,0,0,0,0,0,0,0,0,0,0,0,0,0,0,0,0,0,0,0,0,0,0,0,0,0,0,0,0,0,0,0,0,0,0,0,0,0,0,0,0,0,0,0,0,0,0,0,0,0
1989,235,14,15,17.726,2,8,0,-1,1,0,1,1,50,0,0,0,1028,0,0,0,0,0,1,1,0,0,0,225.9852398,0,0,0,0,3,1,1,0.2,40,0,0,0,3,1,1,0.002,200,0,0,0,0,0,0,0,0,0,0,0,0,0,0,0,0,0,0,0,0,0,0,0,0,0,0,0,0,0,0,0,0,0,0,0,0,0,0,0,0,0,0,0,0,0,0,0,0,0,0,0
1989,235,14,18,54.806,2,8,0,-1,0,0,1,1,50,0,0,0,1028,0,0,0,0,0,1,1,0,0,0,225.6367594,0,0,0,0,3,1,1,0.2,40,0,0,0,3,1,1,0.002,200,0,0,0,0,0,0,0,0,0,0,0,0,0,0,0,0,0,0,0,0,0,0,0,0,0,0,0,0,0,0,0,0,0,0,0,0,0,0,0,0,0,0,0,0,0,0,0,0,0,0,0
1989,235,14,19,17.726,2,8,0,-1,1,0,1,1,50,0,0,0,1028,0,0,0,0,0,1,1,0,0,0,225.5999654,0,0,0,0,3,1,1,0.2,40,0,0,0,3,1,1,0.002,200,0,0,0,0,0,0,0,0,0,0,0,0,0,0,0,0,0,0,0,0,0,0,0,0,0,0,0,0,0,0,0,0,0,0,0,0,0,0,0,0,0,0,0,0,0,0,0,0,0,0,0
1989,235,14,20,30.806,2,8,0,-1,0,0,1,1,50,0,0,0,1028,0,0,0,0,0,1,1,0,0,0,225.482648,0,0,0,0,3,1,1,0.2,40,0,0,0,3,1,1,0.002,200,0,0,0,0,0,0,0,0,0,0,0,0,0,0,0,0,0,0,0,0,0,0,0,0,0,0,0,0,0,0,0,0,0,0,0,0,0,0,0,0,0,0,0,0,0,0,0,0,0,0,0
1989,235,14,20,53.726,2,8,0,-1,1,0,1,1,50,0,0,0,1028,0,0,0,0,0,1,1,0,0,0,225.4458537,0,0,0,0,3,1,1,0.2,40,0,0,0,3,1,1,0.002,200,0,0,0,0,0,0,0,0,0,0,0,0,0,0,0,0,0,0,0,0,0,0,0,0,0,0,0,0,0,0,0,0,0,0,0,0,0,0,0,0,0,0,0,0,0,0,0,0,0,0,0
1989,235,14,22,6.806,2,8,0,-1,0,0,1,1,50,0,0,0,1028,0,0,0,0,0,1,1,0,0,0,225.3285355,0,0,0,0,3,1,1,0.2,40,0,0,0,3,1,1,0.002,200,0,0,0,0,0,0,0,0,0,0,0,0,0,0,0,0,0,0,0,0,0,0,0,0,0,0,0,0,0,0,0,0,0,0,0,0,0,0,0,0,0,0,0,0,0,0,0,0,0,0,0
1989,235,14,22,29.726,2,8,0,-1,1,0,1,1,50,0,0,0,1028,0,0,0,0,0,1,1,0,0,0,225.2917409,0,0,0,0,3,1,1,0.2,40,0,0,0,3,1,1,0.002,200,0,0,0,0,0,0,0,0,0,0,0,0,0,0,0,0,0,0,0,0,0,0,0,0,0,0,0,0,0,0,0,0,0,0,0,0,0,0,0,0,0,0,0,0,0,0,0,0,0,0,0
1989,235,14,23,42.806,2,8,0,-1,0,0,1,1,50,0,0,0,1028,0,0,0,0,0,1,1,0,0,0,225.1744219,0,0,0,0,3,1,1,0.2,40,0,0,0,3,1,1,0.002,200,0,0,0,0,0,0,0,0,0,0,0,0,0,0,0,0,0,0,0,0,0,0,0,0,0,0,0,0,0,0,0,0,0,0,0,0,0,0,0,0,0,0,0,0,0,0,0,0,0,0,0
1989,235,14,24,5.726,2,8,0,-1,1,0,1,1,50,0,0,0,1028,0,0,0,0,0,1,1,0,0,0,225.1376271,0,0,0,0,3,1,1,0.2,40,0,0,0,3,1,1,0.002,200,0,0,0,0,0,0,0,0,0,0,0,0,0,0,0,0,0,0,0,0,0,0,0,0,0,0,0,0,0,0,0,0,0,0,0,0,0,0,0,0,0,0,0,0,0,0,0,0,0,0,0
1989,235,14,25,18.806,2,8,0,-1,0,0,1,1,50,0,0,0,1028,0,0,0,0,0,1,1,0,0,0,225.0203072,0,0,0,0,3,1,1,0.2,40,0,0,0,3,1,1,0.002,200,0,0,0,0,0,0,0,0,0,0,0,0,0,0,0,0,0,0,0,0,0,0,0,0,0,0,0,0,0,0,0,0,0,0,0,0,0,0,0,0,0,0,0,0,0,0,0,0,0,0,0
1989,235,14,25,41.726,2,8,0,-1,1,0,1,1,50,0,0,0,1028,0,0,0,0,0,1,1,0,0,0,224.9835121,0,0,0,0,3,1,1,0.2,40,0,0,0,3,1,1,0.002,200,0,0,0,0,0,0,0,0,0,0,0,0,0,0,0,0,0,0,0,0,0,0,0,0,0,0,0,0,0,0,0,0,0,0,0,0,0,0,0,0,0,0,0,0,0,0,0,0,0,0,0
1989,235,14,26,54.806,2,8,0,-1,0,0,1,1,50,0,0,0,1028,0,0,0,0,0,1,1,0,0,0,224.8661914,0,0,0,0,3,1,1,0.2,40,0,0,0,3,1,1,0.002,200,0,0,0,0,0,0,0,0,0,0,0,0,0,0,0,0,0,0,0,0,0,0,0,0,0,0,0,0,0,0,0,0,0,0,0,0,0,0,0,0,0,0,0,0,0,0,0,0,0,0,0
1989,235,14,27,17.726,2,8,0,-1,1,0,1,1,50,0,0,0,1028,0,0,0,0,0,1,1,0,0,0,224.8293961,0,0,0,0,3,1,1,0.2,40,0,0,0,3,1,1,0.002,200,0,0,0,0,0,0,0,0,0,0,0,0,0,0,0,0,0,0,0,0,0,0,0,0,0,0,0,0,0,0,0,0,0,0,0,0,0,0,0,0,0,0,0,0,0,0,0,0,0,0,0
1989,235,14,30,54.805,2,8,0,-1,0,0,1,1,50,0,0,0,1028,0,0,0,0,0,1,1,0,0,0,224.4808987,0,0,0,0,3,1,1,0.2,40,0,0,0,3,1,1,0.002,200,0,0,0,0,0,0,0,0,0,0,0,0,0,0,0,0,0,0,0,0,0,0,0,0,0,0,0,0,0,0,0,0,0,0,0,0,0,0,0,0,0,0,0,0,0,0,0,0,0,0,0
1989,235,14,31,17.725,2,8,0,-1,1,0,1,1,50,0,0,0,1028,0,0,0,0,0,1,1,0,0,0,224.4441028,0,0,0,0,3,1,1,0.2,40,0,0,0,3,1,1,0.002,200,0,0,0,0,0,0,0,0,0,0,0,0,0,0,0,0,0,0,0,0,0,0,0,0,0,0,0,0,0,0,0,0,0,0,0,0,0,0,0,0,0,0,0,0,0,0,0,0,0,0,0
1989,235,14,32,30.805,2,8,0,-1,0,0,1,1,50,0,0,0,1028,0,0,0,0,0,1,1,0,0,0,224.3267791,0,0,0,0,3,1,1,0.2,40,0,0,0,3,1,1,0.002,200,0,0,0,0,0,0,0,0,0,0,0,0,0,0,0,0,0,0,0,0,0,0,0,0,0,0,0,0,0,0,0,0,0,0,0,0,0,0,0,0,0,0,0,0,0,0,0,0,0,0,0
1989,235,14,32,53.725,2,8,0,-1,1,0,1,1,50,0,0,0,1028,0,0,0,0,0,1,1,0,0,0,224.2899829,0,0,0,0,3,1,1,0.2,40,0,0,0,3,1,1,0.002,200,0,0,0,0,0,0,0,0,0,0,0,0,0,0,0,0,0,0,0,0,0,0,0,0,0,0,0,0,0,0,0,0,0,0,0,0,0,0,0,0,0,0,0,0,0,0,0,0,0,0,0
1989,235,14,34,6.805,2,8,0,-1,0,0,1,1,50,0,0,0,1028,0,0,0,0,0,1,1,0,0,0,224.1726584,0,0,0,0,3,1,1,0.2,40,0,0,0,3,1,1,0.002,200,0,0,0,0,0,0,0,0,0,0,0,0,0,0,0,0,0,0,0,0,0,0,0,0,0,0,0,0,0,0,0,0,0,0,0,0,0,0,0,0,0,0,0,0,0,0,0,0,0,0,0
1989,235,14,34,29.725,2,8,0,-1,1,0,1,1,50,0,0,0,1028,0,0,0,0,0,1,1,0,0,0,224.1358619,0,0,0,0,3,1,1,0.2,40,0,0,0,3,1,1,0.002,200,0,0,0,0,0,0,0,0,0,0,0,0,0,0,0,0,0,0,0,0,0,0,0,0,0,0,0,0,0,0,0,0,0,0,0,0,0,0,0,0,0,0,0,0,0,0,0,0,0,0,0
1989,235,14,35,42.805,2,8,0,-1,0,0,1,1,50,0,0,0,1028,0,0,0,0,0,1,1,0,0,0,224.0185365,0,0,0,0,3,1,1,0.2,40,0,0,0,3,1,1,0.002,200,0,0,0,0,0,0,0,0,0,0,0,0,0,0,0,0,0,0,0,0,0,0,0,0,0,0,0,0,0,0,0,0,0,0,0,0,0,0,0,0,0,0,0,0,0,0,0,0,0,0,0
1989,235,14,36,5.725,2,8,0,-1,1,0,1,1,50,0,0,0,1028,0,0,0,0,0,1,1,0,0,0,223.9817398,0,0,0,0,3,1,1,0.2,40,0,0,0,3,1,1,0.002,200,0,0,0,0,0,0,0,0,0,0,0,0,0,0,0,0,0,0,0,0,0,0,0,0,0,0,0,0,0,0,0,0,0,0,0,0,0,0,0,0,0,0,0,0,0,0,0,0,0,0,0
1989,235,14,37,18.805,2,8,0,-1,0,0,1,1,50,0,0,0,1028,0,0,0,0,0,1,1,0,0,0,223.8644136,0,0,0,0,3,1,1,0.2,40,0,0,0,3,1,1,0.002,200,0,0,0,0,0,0,0,0,0,0,0,0,0,0,0,0,0,0,0,0,0,0,0,0,0,0,0,0,0,0,0,0,0,0,0,0,0,0,0,0,0,0,0,0,0,0,0,0,0,0,0
1989,235,14,37,41.725,2,8,0,-1,1,0,1,1,50,0,0,0,1028,0,0,0,0,0,1,1,0,0,0,223.8276166,0,0,0,0,3,1,1,0.2,40,0,0,0,3,1,1,0.002,200,0,0,0,0,0,0,0,0,0,0,0,0,0,0,0,0,0,0,0,0,0,0,0,0,0,0,0,0,0,0,0,0,0,0,0,0,0,0,0,0,0,0,0,0,0,0,0,0,0,0,0
1989,235,14,38,54.805,2,8,0,-1,0,0,1,1,50,0,0,0,1028,0,0,0,0,0,1,1,0,0,0,223.7102896,0,0,0,0,3,1,1,0.2,40,0,0,0,3,1,1,0.002,200,0,0,0,0,0,0,0,0,0,0,0,0,0,0,0,0,0,0,0,0,0,0,0,0,0,0,0,0,0,0,0,0,0,0,0,0,0,0,0,0,0,0,0,0,0,0,0,0,0,0,0
1989,235,14,39,17.725,2,8,0,-1,1,0,1,1,50,0,0,0,1028,0,0,0,0,0,1,1,0,0,0,223.6734923,0,0,0,0,3,1,1,0.2,40,0,0,0,3,1,1,0.002,200,0,0,0,0,0,0,0,0,0,0,0,0,0,0,0,0,0,0,0,0,0,0,0,0,0,0,0,0,0,0,0,0,0,0,0,0,0,0,0,0,0,0,0,0,0,0,0,0,0,0,0
1989,235,14,42,54.804,2,8,0,-1,0,0,1,1,50,0,0,0,1028,0,0,0,0,0,1,1,0,0,0,223.3249762,0,0,0,0,3,1,1,0.2,40,0,0,0,3,1,1,0.002,200,0,0,0,0,0,0,0,0,0,0,0,0,0,0,0,0,0,0,0,0,0,0,0,0,0,0,0,0,0,0,0,0,0,0,0,0,0,0,0,0,0,0,0,0,0,0,0,0,0,0,0
1989,235,14,43,17.724,2,8,0,-1,1,0,1,1,50,0,0,0,1028,0,0,0,0,0,1,1,0,0,0,223.2881783,0,0,0,0,3,1,1,0.2,40,0,0,0,3,1,1,0.002,200,0,0,0,0,0,0,0,0,0,0,0,0,0,0,0,0,0,0,0,0,0,0,0,0,0,0,0,0,0,0,0,0,0,0,0,0,0,0,0,0,0,0,0,0,0,0,0,0,0,0,0
1989,235,14,44,30.804,2,8,0,-1,0,0,1,1,50,0,0,0,1028,0,0,0,0,0,1,1,0,0,0,223.1708483,0,0,0,0,3,1,1,0.2,40,0,0,0,3,1,1,0.002,200,0,0,0,0,0,0,0,0,0,0,0,0,0,0,0,0,0,0,0,0,0,0,0,0,0,0,0,0,0,0,0,0,0,0,0,0,0,0,0,0,0,0,0,0,0,0,0,0,0,0,0
1989,235,14,44,53.724,2,8,0,-1,1,0,1,1,50,0,0,0,1028,0,0,0,0,0,1,1,0,0,0,223.1340509,0,0,0,0,3,1,1,0.2,40,0,0,0,3,1,1,0.002,200,0,0,0,0,0,0,0,0,0,0,0,0,0,0,0,0,0,0,0,0,0,0,0,0,0,0,0,0,0,0,0,0,0,0,0,0,0,0,0,0,0,0,0,0,0,0,0,0,0,0,0
1989,235,14,46,6.804,2,8,0,-1,0,0,1,1,50,0,0,0,1028,0,0,0,0,0,1,1,0,0,0,223.0167193,0,0,0,0,3,1,1,0.2,40,0,0,0,3,1,1,0.002,200,0,0,0,0,0,0,0,0,0,0,0,0,0,0,0,0,0,0,0,0,0,0,0,0,0,0,0,0,0,0,0,0,0,0,0,0,0,0,0,0,0,0,0,0,0,0,0,0,0,0,0
1989,235,14,46,29.724,2,8,0,-1,1,0,1,1,50,0,0,0,1028,0,0,0,0,0,1,1,0,0,0,222.9799216,0,0,0,0,3,1,1,0.2,40,0,0,0,3,1,1,0.002,200,0,0,0,0,0,0,0,0,0,0,0,0,0,0,0,0,0,0,0,0,0,0,0,0,0,0,0,0,0,0,0,0,0,0,0,0,0,0,0,0,0,0,0,0,0,0,0,0,0,0,0
1989,235,14,47,42.804,2,8,0,-1,0,0,1,1,50,0,0,0,1028,0,0,0,0,0,1,1,0,0,0,222.8625891,0,0,0,0,3,1,1,0.2,40,0,0,0,3,1,1,0.002,200,0,0,0,0,0,0,0,0,0,0,0,0,0,0,0,0,0,0,0,0,0,0,0,0,0,0,0,0,0,0,0,0,0,0,0,0,0,0,0,0,0,0,0,0,0,0,0,0,0,0,0
1989,235,14,48,5.724,2,8,0,-1,1,0,1,1,50,0,0,0,1028,0,0,0,0,0,1,1,0,0,0,222.8257904,0,0,0,0,3,1,1,0.2,40,0,0,0,3,1,1,0.002,200,0,0,0,0,0,0,0,0,0,0,0,0,0,0,0,0,0,0,0,0,0,0,0,0,0,0,0,0,0,0,0,0,0,0,0,0,0,0,0,0,0,0,0,0,0,0,0,0,0,0,0
1989,235,14,49,18.804,2,8,0,-1,0,0,1,1,50,0,0,0,1028,0,0,0,0,0,1,1,0,0,0,222.7084578,0,0,0,0,3,1,1,0.2,40,0,0,0,3,1,1,0.002,200,0,0,0,0,0,0,0,0,0,0,0,0,0,0,0,0,0,0,0,0,0,0,0,0,0,0,0,0,0,0,0,0,0,0,0,0,0,0,0,0,0,0,0,0,0,0,0,0,0,0,0
1989,235,14,49,41.723,2,8,0,-1,1,0,1,1,50,0,0,0,1028,0,0,0,0,0,1,1,0,0,0,222.6716604,0,0,0,0,3,1,1,0.2,40,0,0,0,3,1,1,0.002,200,0,0,0,0,0,0,0,0,0,0,0,0,0,0,0,0,0,0,0,0,0,0,0,0,0,0,0,0,0,0,0,0,0,0,0,0,0,0,0,0,0,0,0,0,0,0,0,0,0,0,0
1989,235,14,50,54.804,2,8,0,-1,0,0,1,1,50,0,0,0,1028,0,0,0,0,0,1,1,0,0,0,222.5543255,0,0,0,0,3,1,1,0.2,40,0,0,0,3,1,1,0.002,200,0,0,0,0,0,0,0,0,0,0,0,0,0,0,0,0,0,0,0,0,0,0,0,0,0,0,0,0,0,0,0,0,0,0,0,0,0,0,0,0,0,0,0,0,0,0,0,0,0,0,0
1989,235,14,51,17.724,2,8,0,-1,1,0,1,1,50,0,0,0,1028,0,0,0,0,0,1,1,0,0,0,222.5175262,0,0,0,0,3,1,1,0.2,40,0,0,0,3,1,1,0.002,200,0,0,0,0,0,0,0,0,0,0,0,0,0,0,0,0,0,0,0,0,0,0,0,0,0,0,0,0,0,0,0,0,0,0,0,0,0,0,0,0,0,0,0,0,0,0,0,0,0,0,0
1989,235,14,54,54.803,2,8,0,-1,0,0,1,1,50,0,0,0,1028,0,0,0,0,0,1,1,0,0,0,222.1689912,0,0,0,0,3,1,1,0.2,40,0,0,0,3,1,1,0.002,200,0,0,0,0,0,0,0,0,0,0,0,0,0,0,0,0,0,0,0,0,0,0,0,0,0,0,0,0,0,0,0,0,0,0,0,0,0,0,0,0,0,0,0,0,0,0,0,0,0,0,0
1989,235,14,55,17.723,2,8,0,-1,1,0,1,1,50,0,0,0,1028,0,0,0,0,0,1,1,0,0,0,222.1321913,0,0,0,0,3,1,1,0.2,40,0,0,0,3,1,1,0.002,200,0,0,0,0,0,0,0,0,0,0,0,0,0,0,0,0,0,0,0,0,0,0,0,0,0,0,0,0,0,0,0,0,0,0,0,0,0,0,0,0,0,0,0,0,0,0,0,0,0,0,0
1989,235,14,56,30.803,2,8,0,-1,0,0,1,1,50,0,0,0,1028,0,0,0,0,0,1,1,0,0,0,222.0148549,0,0,0,0,3,1,1,0.2,40,0,0,0,3,1,1,0.002,200,0,0,0,0,0,0,0,0,0,0,0,0,0,0,0,0,0,0,0,0,0,0,0,0,0,0,0,0,0,0,0,0,0,0,0,0,0,0,0,0,0,0,0,0,0,0,0,0,0,0,0
1989,235,14,56,53.723,2,8,0,-1,1,0,1,1,50,0,0,0,1028,0,0,0,0,0,1,1,0,0,0,221.9780555,0,0,0,0,3,1,1,0.2,40,0,0,0,3,1,1,0.002,200,0,0,0,0,0,0,0,0,0,0,0,0,0,0,0,0,0,0,0,0,0,0,0,0,0,0,0,0,0,0,0,0,0,0,0,0,0,0,0,0,0,0,0,0,0,0,0,0,0,0,0
1989,235,14,58,6.803,2,8,0,-1,0,0,1,1,50,0,0,0,1028,0,0,0,0,0,1,1,0,0,0,221.8607175,0,0,0,0,3,1,1,0.2,40,0,0,0,3,1,1,0.002,200,0,0,0,0,0,0,0,0,0,0,0,0,0,0,0,0,0,0,0,0,0,0,0,0,0,0,0,0,0,0,0,0,0,0,0,0,0,0,0,0,0,0,0,0,0,0,0,0,0,0,0
1989,235,14,58,29.723,2,8,0,-1,1,0,1,1,50,0,0,0,1028,0,0,0,0,0,1,1,0,0,0,221.8239178,0,0,0,0,3,1,1,0.2,40,0,0,0,3,1,1,0.002,200,0,0,0,0,0,0,0,0,0,0,0,0,0,0,0,0,0,0,0,0,0,0,0,0,0,0,0,0,0,0,0,0,0,0,0,0,0,0,0,0,0,0,0,0,0,0,0,0,0,0,0
1989,235,14,59,42.803,2,8,0,-1,0,0,1,1,50,0,0,0,1028,0,0,0,0,0,1,1,0,0,0,221.7065789,0,0,0,0,3,1,1,0.2,40,0,0,0,3,1,1,0.002,200,0,0,0,0,0,0,0,0,0,0,0,0,0,0,0,0,0,0,0,0,0,0,0,0,0,0,0,0,0,0,0,0,0,0,0,0,0,0,0,0,0,0,0,0,0,0,0,0,0,0,0
1989,235,15,0,5.723,2,8,0,-1,1,0,1,1,50,0,0,0,1028,0,0,0,0,0,1,1,0,0,0,221.6697782,0,0,0,0,3,1,1,0.2,40,0,0,0,3,1,1,0.002,200,0,0,0,0,0,0,0,0,0,0,0,0,0,0,0,0,0,0,0,0,0,0,0,0,0,0,0,0,0,0,0,0,0,0,0,0,0,0,0,0,0,0,0,0,0,0,0,0,0,0,0
1989,235,15,1,18.803,2,8,0,-1,0,0,1,1,50,0,0,0,1028,0,0,0,0,0,1,1,0,0,0,221.5524392,0,0,0,0,3,1,1,0.2,40,0,0,0,3,1,1,0.002,200,0,0,0,0,0,0,0,0,0,0,0,0,0,0,0,0,0,0,0,0,0,0,0,0,0,0,0,0,0,0,0,0,0,0,0,0,0,0,0,0,0,0,0,0,0,0,0,0,0,0,0
1989,235,15,1,41.722,2,8,0,-1,1,0,1,1,50,0,0,0,1028,0,0,0,0,0,1,1,0,0,0,221.5156398,0,0,0,0,3,1,1,0.2,40,0,0,0,3,1,1,0.002,200,0,0,0,0,0,0,0,0,0,0,0,0,0,0,0,0,0,0,0,0,0,0,0,0,0,0,0,0,0,0,0,0,0,0,0,0,0,0,0,0,0,0,0,0,0,0,0,0,0,0,0
1989,235,15,2,54.803,2,8,0,-1,0,0,1,1,50,0,0,0,1028,0,0,0,0,0,1,1,0,0,0,221.3982984,0,0,0,0,3,1,1,0.2,40,0,0,0,3,1,1,0.002,200,0,0,0,0,0,0,0,0,0,0,0,0,0,0,0,0,0,0,0,0,0,0,0,0,0,0,0,0,0,0,0,0,0,0,0,0,0,0,0,0,0,0,0,0,0,0,0,0,0,0,0
1989,235,15,3,17.723,2,8,0,-1,1,0,1,1,50,0,0,0,1028,0,0,0,0,0,1,1,0,0,0,221.3614971,0,0,0,0,3,1,1,0.2,40,0,0,0,3,1,1,0.002,200,0,0,0,0,0,0,0,0,0,0,0,0,0,0,0,0,0,0,0,0,0,0,0,0,0,0,0,0,0,0,0,0,0,0,0,0,0,0,0,0,0,0,0,0,0,0,0,0,0,0,0
1989,235,15,6,54.802,2,8,0,-1,0,0,1,1,50,0,0,0,1028,0,0,0,0,0,1,1,0,0,0,221.0129422,0,0,0,0,3,1,1,0.2,40,0,0,0,3,1,1,0.002,200,0,0,0,0,0,0,0,0,0,0,0,0,0,0,0,0,0,0,0,0,0,0,0,0,0,0,0,0,0,0,0,0,0,0,0,0,0,0,0,0,0,0,0,0,0,0,0,0,0,0,0
1989,235,15,7,17.723,2,8,0,-1,1,0,1,1,50,0,0,0,1028,0,0,0,0,0,1,1,0,0,0,220.9761403,0,0,0,0,3,1,1,0.2,40,0,0,0,3,1,1,0.002,200,0,0,0,0,0,0,0,0,0,0,0,0,0,0,0,0,0,0,0,0,0,0,0,0,0,0,0,0,0,0,0,0,0,0,0,0,0,0,0,0,0,0,0,0,0,0,0,0,0,0,0
1989,235,15,8,30.802,2,8,0,-1,0,0,1,1,50,0,0,0,1028,0,0,0,0,0,1,1,0,0,0,220.8587983,0,0,0,0,3,1,1,0.2,40,0,0,0,3,1,1,0.002,200,0,0,0,0,0,0,0,0,0,0,0,0,0,0,0,0,0,0,0,0,0,0,0,0,0,0,0,0,0,0,0,0,0,0,0,0,0,0,0,0,0,0,0,0,0,0,0,0,0,0,0
1989,235,15,8,53.721,2,8,0,-1,1,0,1,1,50,0,0,0,1028,0,0,0,0,0,1,1,0,0,0,220.8219968,0,0,0,0,3,1,1,0.2,40,0,0,0,3,1,1,0.002,200,0,0,0,0,0,0,0,0,0,0,0,0,0,0,0,0,0,0,0,0,0,0,0,0,0,0,0,0,0,0,0,0,0,0,0,0,0,0,0,0,0,0,0,0,0,0,0,0,0,0,0
1989,235,15,10,6.802,2,8,0,-1,0,0,1,1,50,0,0,0,1028,0,0,0,0,0,1,1,0,0,0,220.7046523,0,0,0,0,3,1,1,0.2,40,0,0,0,3,1,1,0.002,200,0,0,0,0,0,0,0,0,0,0,0,0,0,0,0,0,0,0,0,0,0,0,0,0,0,0,0,0,0,0,0,0,0,0,0,0,0,0,0,0,0,0,0,0,0,0,0,0,0,0,0
1989,235,15,10,29.721,2,8,0,-1,1,0,1,1,50,0,0,0,1028,0,0,0,0,0,1,1,0,0,0,220.6678514,0,0,0,0,3,1,1,0.2,40,0,0,0,3,1,1,0.002,200,0,0,0,0,0,0,0,0,0,0,0,0,0,0,0,0,0,0,0,0,0,0,0,0,0,0,0,0,0,0,0,0,0,0,0,0,0,0,0,0,0,0,0,0,0,0,0,0,0,0,0
1989,235,15,11,42.802,2,8,0,-1,0,0,1,1,50,0,0,0,1028,0,0,0,0,0,1,1,0,0,0,220.5505053,0,0,0,0,3,1,1,0.2,40,0,0,0,3,1,1,0.002,200,0,0,0,0,0,0,0,0,0,0,0,0,0,0,0,0,0,0,0,0,0,0,0,0,0,0,0,0,0,0,0,0,0,0,0,0,0,0,0,0,0,0,0,0,0,0,0,0,0,0,0
1989,235,15,12,5.722,2,8,0,-1,1,0,1,1,50,0,0,0,1028,0,0,0,0,0,1,1,0,0,0,220.5137025,0,0,0,0,3,1,1,0.2,40,0,0,0,3,1,1,0.002,200,0,0,0,0,0,0,0,0,0,0,0,0,0,0,0,0,0,0,0,0,0,0,0,0,0,0,0,0,0,0,0,0,0,0,0,0,0,0,0,0,0,0,0,0,0,0,0,0,0,0,0
1989,235,15,13,18.802,2,8,0,-1,0,0,1,1,50,0,0,0,1028,0,0,0,0,0,1,1,0,0,0,220.3963571,0,0,0,0,3,1,1,0.2,40,0,0,0,3,1,1,0.002,200,0,0,0,0,0,0,0,0,0,0,0,0,0,0,0,0,0,0,0,0,0,0,0,0,0,0,0,0,0,0,0,0,0,0,0,0,0,0,0,0,0,0,0,0,0,0,0,0,0,0,0
1989,235,15,13,41.721,2,8,0,-1,1,0,1,1,50,0,0,0,1028,0,0,0,0,0,1,1,0,0,0,220.3595556,0,0,0,0,3,1,1,0.2,40,0,0,0,3,1,1,0.002,200,0,0,0,0,0,0,0,0,0,0,0,0,0,0,0,0,0,0,0,0,0,0,0,0,0,0,0,0,0,0,0,0,0,0,0,0,0,0,0,0,0,0,0,0,0,0,0,0,0,0,0
1989,235,15,14,54.802,2,8,0,-1,0,0,1,1,50,0,0,0,1028,0,0,0,0,0,1,1,0,0,0,220.2422078,0,0,0,0,3,1,1,0.2,40,0,0,0,3,1,1,0.002,200,0,0,0,0,0,0,0,0,0,0,0,0,0,0,0,0,0,0,0,0,0,0,0,0,0,0,0,0,0,0,0,0,0,0,0,0,0,0,0,0,0,0,0,0,0,0,0,0,0,0,0
1989,235,15,15,17.721,2,8,0,-1,1,0,1,1,50,0,0,0,1028,0,0,0,0,0,1,1,0,0,0,220.2054052,0,0,0,0,3,1,1,0.2,40,0,0,0,3,1,1,0.002,200,0,0,0,0,0,0,0,0,0,0,0,0,0,0,0,0,0,0,0,0,0,0,0,0,0,0,0,0,0,0,0,0,0,0,0,0,0,0,0,0,0,0,0,0,0,0,0,0,0,0,0
1989,235,15,18,54.802,2,8,0,-1,0,0,1,1,50,0,0,0,1028,0,0,0,0,0,1,1,0,0,0,219.8568294,0,0,0,0,3,1,1,0.2,40,0,0,0,3,1,1,0.002,200,0,0,0,0,0,0,0,0,0,0,0,0,0,0,0,0,0,0,0,0,0,0,0,0,0,0,0,0,0,0,0,0,0,0,0,0,0,0,0,0,0,0,0,0,0,0,0,0,0,0,0
1989,235,15,19,17.721,2,8,0,-1,1,0,1,1,50,0,0,0,1028,0,0,0,0,0,1,1,0,0,0,219.8200262,0,0,0,0,3,1,1,0.2,40,0,0,0,3,1,1,0.002,200,0,0,0,0,0,0,0,0,0,0,0,0,0,0,0,0,0,0,0,0,0,0,0,0,0,0,0,0,0,0,0,0,0,0,0,0,0,0,0,0,0,0,0,0,0,0,0,0,0,0,0
1989,235,15,20,30.801,2,8,0,-1,0,0,1,1,50,0,0,0,1028,0,0,0,0,0,1,1,0,0,0,219.7026777,0,0,0,0,3,1,1,0.2,40,0,0,0,3,1,1,0.002,200,0,0,0,0,0,0,0,0,0,0,0,0,0,0,0,0,0,0,0,0,0,0,0,0,0,0,0,0,0,0,0,0,0,0,0,0,0,0,0,0,0,0,0,0,0,0,0,0,0,0,0
1989,235,15,20,53.72,2,8,0,-1,1,0,1,1,50,0,0,0,1028,0,0,0,0,0,1,1,0,0,0,219.6658742,0,0,0,0,3,1,1,0.2,40,0,0,0,3,1,1,0.002,200,0,0,0,0,0,0,0,0,0,0,0,0,0,0,0,0,0,0,0,0,0,0,0,0,0,0,0,0,0,0,0,0,0,0,0,0,0,0,0,0,0,0,0,0,0,0,0,0,0,0,0
1989,235,15,22,6.801,2,8,0,-1,0,0,1,1,50,0,0,0,1028,0,0,0,0,0,1,1,0,0,0,219.5485232,0,0,0,0,3,1,1,0.2,40,0,0,0,3,1,1,0.002,200,0,0,0,0,0,0,0,0,0,0,0,0,0,0,0,0,0,0,0,0,0,0,0,0,0,0,0,0,0,0,0,0,0,0,0,0,0,0,0,0,0,0,0,0,0,0,0,0,0,0,0
1989,235,15,22,29.72,2,8,0,-1,1,0,1,1,50,0,0,0,1028,0,0,0,0,0,1,1,0,0,0,219.5117202,0,0,0,0,3,1,1,0.2,40,0,0,0,3,1,1,0.002,200,0,0,0,0,0,0,0,0,0,0,0,0,0,0,0,0,0,0,0,0,0,0,0,0,0,0,0,0,0,0,0,0,0,0,0,0,0,0,0,0,0,0,0,0,0,0,0,0,0,0,0
1989,235,15,23,42.801,2,8,0,-1,0,0,1,1,50,0,0,0,1028,0,0,0,0,0,1,1,0,0,0,219.3943675,0,0,0,0,3,1,1,0.2,40,0,0,0,3,1,1,0.002,200,0,0,0,0,0,0,0,0,0,0,0,0,0,0,0,0,0,0,0,0,0,0,0,0,0,0,0,0,0,0,0,0,0,0,0,0,0,0,0,0,0,0,0,0,0,0,0,0,0,0,0
1989,235,15,24,5.721,2,8,0,-1,1,0,1,1,50,0,0,0,1028,0,0,0,0,0,1,1,0,0,0,219.3575627,0,0,0,0,3,1,1,0.2,40,0,0,0,3,1,1,0.002,200,0,0,0,0,0,0,0,0,0,0,0,0,0,0,0,0,0,0,0,0,0,0,0,0,0,0,0,0,0,0,0,0,0,0,0,0,0,0,0,0,0,0,0,0,0,0,0,0,0,0,0
1989,235,15,25,18.801,2,8,0,-1,0,0,1,1,50,0,0,0,1028,0,0,0,0,0,1,1,0,0,0,219.2402107,0,0,0,0,3,1,1,0.2,40,0,0,0,3,1,1,0.002,200,0,0,0,0,0,0,0,0,0,0,0,0,0,0,0,0,0,0,0,0,0,0,0,0,0,0,0,0,0,0,0,0,0,0,0,0,0,0,0,0,0,0,0,0,0,0,0,0,0,0,0
1989,235,15,25,41.72,2,8,0,-1,1,0,1,1,50,0,0,0,1028,0,0,0,0,0,1,1,0,0,0,219.2034072,0,0,0,0,3,1,1,0.2,40,0,0,0,3,1,1,0.002,200,0,0,0,0,0,0,0,0,0,0,0,0,0,0,0,0,0,0,0,0,0,0,0,0,0,0,0,0,0,0,0,0,0,0,0,0,0,0,0,0,0,0,0,0,0,0,0,0,0,0,0
1989,235,15,26,54.801,2,8,0,-1,0,0,1,1,50,0,0,0,1028,0,0,0,0,0,1,1,0,0,0,219.0860528,0,0,0,0,3,1,1,0.2,40,0,0,0,3,1,1,0.002,200,0,0,0,0,0,0,0,0,0,0,0,0,0,0,0,0,0,0,0,0,0,0,0,0,0,0,0,0,0,0,0,0,0,0,0,0,0,0,0,0,0,0,0,0,0,0,0,0,0,0,0
1989,235,15,27,17.72,2,8,0,-1,1,0,1,1,50,0,0,0,1028,0,0,0,0,0,1,1,0,0,0,219.0492482,0,0,0,0,3,1,1,0.2,40,0,0,0,3,1,1,0.002,200,0,0,0,0,0,0,0,0,0,0,0,0,0,0,0,0,0,0,0,0,0,0,0,0,0,0,0,0,0,0,0,0,0,0,0,0,0,0,0,0,0,0,0,0,0,0,0,0,0,0,0
1989,235,15,30,54.801,2,8,0,-1,0,0,1,1,50,0,0,0,1028,0,0,0,0,0,1,1,0,0,0,218.7006529,0,0,0,0,3,1,1,0.2,40,0,0,0,3,1,1,0.002,200,0,0,0,0,0,0,0,0,0,0,0,0,0,0,0,0,0,0,0,0,0,0,0,0,0,0,0,0,0,0,0,0,0,0,0,0,0,0,0,0,0,0,0,0,0,0,0,0,0,0,0
1989,235,15,31,17.72,2,8,0,-1,1,0,1,1,50,0,0,0,1028,0,0,0,0,0,1,1,0,0,0,218.6638476,0,0,0,0,3,1,1,0.2,40,0,0,0,3,1,1,0.002,200,0,0,0,0,0,0,0,0,0,0,0,0,0,0,0,0,0,0,0,0,0,0,0,0,0,0,0,0,0,0,0,0,0,0,0,0,0,0,0,0,0,0,0,0,0,0,0,0,0,0,0
1989,235,15,32,30.8,2,8,0,-1,0,0,1,1,50,0,0,0,1028,0,0,0,0,0,1,1,0,0,0,218.5464917,0,0,0,0,3,1,1,0.2,40,0,0,0,3,1,1,0.002,200,0,0,0,0,0,0,0,0,0,0,0,0,0,0,0,0,0,0,0,0,0,0,0,0,0,0,0,0,0,0,0,0,0,0,0,0,0,0,0,0,0,0,0,0,0,0,0,0,0,0,0
1989,235,15,32,53.72,2,8,0,-1,1,0,1,1,50,0,0,0,1028,0,0,0,0,0,1,1,0,0,0,218.5096861,0,0,0,0,3,1,1,0.2,40,0,0,0,3,1,1,0.002,200,0,0,0,0,0,0,0,0,0,0,0,0,0,0,0,0,0,0,0,0,0,0,0,0,0,0,0,0,0,0,0,0,0,0,0,0,0,0,0,0,0,0,0,0,0,0,0,0,0,0,0
1989,235,15,34,6.8,2,8,0,-1,0,0,1,1,50,0,0,0,1028,0,0,0,0,0,1,1,0,0,0,218.3923293,0,0,0,0,3,1,1,0.2,40,0,0,0,3,1,1,0.002,200,0,0,0,0,0,0,0,0,0,0,0,0,0,0,0,0,0,0,0,0,0,0,0,0,0,0,0,0,0,0,0,0,0,0,0,0,0,0,0,0,0,0,0,0,0,0,0,0,0,0,0
1989,235,15,34,29.719,2,8,0,-1,1,0,1,1,50,0,0,0,1028,0,0,0,0,0,1,1,0,0,0,218.3555243,0,0,0,0,3,1,1,0.2,40,0,0,0,3,1,1,0.002,200,0,0,0,0,0,0,0,0,0,0,0,0,0,0,0,0,0,0,0,0,0,0,0,0,0,0,0,0,0,0,0,0,0,0,0,0,0,0,0,0,0,0,0,0,0,0,0,0,0,0,0
1989,235,15,35,42.8,2,8,0,-1,0,0,1,1,50,0,0,0,1028,0,0,0,0,0,1,1,0,0,0,218.238165,0,0,0,0,3,1,1,0.2,40,0,0,0,3,1,1,0.002,200,0,0,0,0,0,0,0,0,0,0,0,0,0,0,0,0,0,0,0,0,0,0,0,0,0,0,0,0,0,0,0,0,0,0,0,0,0,0,0,0,0,0,0,0,0,0,0,0,0,0,0
1989,235,15,36,5.72,2,8,0,-1,1,0,1,1,50,0,0,0,1028,0,0,0,0,0,1,1,0,0,0,218.2013581,0,0,0,0,3,1,1,0.2,40,0,0,0,3,1,1,0.002,200,0,0,0,0,0,0,0,0,0,0,0,0,0,0,0,0,0,0,0,0,0,0,0,0,0,0,0,0,0,0,0,0,0,0,0,0,0,0,0,0,0,0,0,0,0,0,0,0,0,0,0
1989,235,15,37,18.8,2,8,0,-1,0,0,1,1,50,0,0,0,1028,0,0,0,0,0,1,1,0,0,0,218.0839995,0,0,0,0,3,1,1,0.2,40,0,0,0,3,1,1,0.002,200,0,0,0,0,0,0,0,0,0,0,0,0,0,0,0,0,0,0,0,0,0,0,0,0,0,0,0,0,0,0,0,0,0,0,0,0,0,0,0,0,0,0,0,0,0,0,0,0,0,0,0
1989,235,15,37,41.719,2,8,0,-1,1,0,1,1,50,0,0,0,1028,0,0,0,0,0,1,1,0,0,0,218.0471939,0,0,0,0,3,1,1,0.2,40,0,0,0,3,1,1,0.002,200,0,0,0,0,0,0,0,0,0,0,0,0,0,0,0,0,0,0,0,0,0,0,0,0,0,0,0,0,0,0,0,0,0,0,0,0,0,0,0,0,0,0,0,0,0,0,0,0,0,0,0
1989,235,15,38,54.8,2,8,0,-1,0,0,1,1,50,0,0,0,1028,0,0,0,0,0,1,1,0,0,0,217.9298329,0,0,0,0,3,1,1,0.2,40,0,0,0,3,1,1,0.002,200,0,0,0,0,0,0,0,0,0,0,0,0,0,0,0,0,0,0,0,0,0,0,0,0,0,0,0,0,0,0,0,0,0,0,0,0,0,0,0,0,0,0,0,0,0,0,0,0,0,0,0
1989,235,15,39,17.72,2,8,0,-1,1,0,1,1,50,0,0,0,1028,0,0,0,0,0,1,1,0,0,0,217.8930262,0,0,0,0,3,1,1,0.2,40,0,0,0,3,1,1,0.002,200,0,0,0,0,0,0,0,0,0,0,0,0,0,0,0,0,0,0,0,0,0,0,0,0,0,0,0,0,0,0,0,0,0,0,0,0,0,0,0,0,0,0,0,0,0,0,0,0,0,0,0
1989,235,15,42,54.8,2,8,0,-1,0,0,1,1,50,0,0,0,1028,0,0,0,0,0,1,1,0,0,0,217.5444111,0,0,0,0,3,1,1,0.2,40,0,0,0,3,1,1,0.002,200,0,0,0,0,0,0,0,0,0,0,0,0,0,0,0,0,0,0,0,0,0,0,0,0,0,0,0,0,0,0,0,0,0,0,0,0,0,0,0,0,0,0,0,0,0,0,0,0,0,0,0
1989,235,15,43,17.72,2,8,0,-1,1,0,1,1,50,0,0,0,1028,0,0,0,0,0,1,1,0,0,0,217.5076038,0,0,0,0,3,1,1,0.2,40,0,0,0,3,1,1,0.002,200,0,0,0,0,0,0,0,0,0,0,0,0,0,0,0,0,0,0,0,0,0,0,0,0,0,0,0,0,0,0,0,0,0,0,0,0,0,0,0,0,0,0,0,0,0,0,0,0,0,0,0
1989,235,15,44,30.8,2,8,0,-1,0,0,1,1,50,0,0,0,1028,0,0,0,0,0,1,1,0,0,0,217.3902404,0,0,0,0,3,1,1,0.2,40,0,0,0,3,1,1,0.002,200,0,0,0,0,0,0,0,0,0,0,0,0,0,0,0,0,0,0,0,0,0,0,0,0,0,0,0,0,0,0,0,0,0,0,0,0,0,0,0,0,0,0,0,0,0,0,0,0,0,0,0
1989,235,15,44,53.72,2,8,0,-1,1,0,1,1,50,0,0,0,1028,0,0,0,0,0,1,1,0,0,0,217.3534327,0,0,0,0,3,1,1,0.2,40,0,0,0,3,1,1,0.002,200,0,0,0,0,0,0,0,0,0,0,0,0,0,0,0,0,0,0,0,0,0,0,0,0,0,0,0,0,0,0,0,0,0,0,0,0,0,0,0,0,0,0,0,0,0,0,0,0,0,0,0
1989,235,15,46,6.799,2,8,0,-1,0,0,1,1,50,0,0,0,1028,0,0,0,0,0,1,1,0,0,0,217.2360701,0,0,0,0,3,1,1,0.2,40,0,0,0,3,1,1,0.002,200,0,0,0,0,0,0,0,0,0,0,0,0,0,0,0,0,0,0,0,0,0,0,0,0,0,0,0,0,0,0,0,0,0,0,0,0,0,0,0,0,0,0,0,0,0,0,0,0,0,0,0
1989,235,15,46,29.719,2,8,0,-1,1,0,1,1,50,0,0,0,1028,0,0,0,0,0,1,1,0,0,0,217.1992621,0,0,0,0,3,1,1,0.2,40,0,0,0,3,1,1,0.002,200,0,0,0,0,0,0,0,0,0,0,0,0,0,0,0,0,0,0,0,0,0,0,0,0,0,0,0,0,0,0,0,0,0,0,0,0,0,0,0,0,0,0,0,0,0,0,0,0,0,0,0
1989,235,15,47,42.799,2,8,0,-1,0,0,1,1,50,0,0,0,1028,0,0,0,0,0,1,1,0,0,0,217.081897,0,0,0,0,3,1,1,0.2,40,0,0,0,3,1,1,0.002,200,0,0,0,0,0,0,0,0,0,0,0,0,0,0,0,0,0,0,0,0,0,0,0,0,0,0,0,0,0,0,0,0,0,0,0,0,0,0,0,0,0,0,0,0,0,0,0,0,0,0,0
1989,235,15,48,5.719,2,8,0,-1,1,0,1,1,50,0,0,0,1028,0,0,0,0,0,1,1,0,0,0,217.045088,0,0,0,0,3,1,1,0.2,40,0,0,0,3,1,1,0.002,200,0,0,0,0,0,0,0,0,0,0,0,0,0,0,0,0,0,0,0,0,0,0,0,0,0,0,0,0,0,0,0,0,0,0,0,0,0,0,0,0,0,0,0,0,0,0,0,0,0,0,0
1989,235,15,49,18.799,2,8,0,-1,0,0,1,1,50,0,0,0,1028,0,0,0,0,0,1,1,0,0,0,216.9277227,0,0,0,0,3,1,1,0.2,40,0,0,0,3,1,1,0.002,200,0,0,0,0,0,0,0,0,0,0,0,0,0,0,0,0,0,0,0,0,0,0,0,0,0,0,0,0,0,0,0,0,0,0,0,0,0,0,0,0,0,0,0,0,0,0,0,0,0,0,0
1989,235,15,49,41.718,2,8,0,-1,1,0,1,1,50,0,0,0,1028,0,0,0,0,0,1,1,0,0,0,216.890915,0,0,0,0,3,1,1,0.2,40,0,0,0,3,1,1,0.002,200,0,0,0,0,0,0,0,0,0,0,0,0,0,0,0,0,0,0,0,0,0,0,0,0,0,0,0,0,0,0,0,0,0,0,0,0,0,0,0,0,0,0,0,0,0,0,0,0,0,0,0
1989,235,15,50,54.799,2,8,0,-1,0,0,1,1,50,0,0,0,1028,0,0,0,0,0,1,1,0,0,0,216.7735472,0,0,0,0,3,1,1,0.2,40,0,0,0,3,1,1,0.002,200,0,0,0,0,0,0,0,0,0,0,0,0,0,0,0,0,0,0,0,0,0,0,0,0,0,0,0,0,0,0,0,0,0,0,0,0,0,0,0,0,0,0,0,0,0,0,0,0,0,0,0
1989,235,15,51,17.719,2,8,0,-1,1,0,1,1,50,0,0,0,1028,0,0,0,0,0,1,1,0,0,0,216.7367377,0,0,0,0,3,1,1,0.2,40,0,0,0,3,1,1,0.002,200,0,0,0,0,0,0,0,0,0,0,0,0,0,0,0,0,0,0,0,0,0,0,0,0,0,0,0,0,0,0,0,0,0,0,0,0,0,0,0,0,0,0,0,0,0,0,0,0,0,0,0
1989,235,15,54,54.799,2,8,0,-1,0,0,1,1,50,0,0,0,1028,0,0,0,0,0,1,1,0,0,0,216.3881035,0,0,0,0,3,1,1,0.2,40,0,0,0,3,1,1,0.002,200,0,0,0,0,0,0,0,0,0,0,0,0,0,0,0,0,0,0,0,0,0,0,0,0,0,0,0,0,0,0,0,0,0,0,0,0,0,0,0,0,0,0,0,0,0,0,0,0,0,0,0
1989,235,15,55,17.719,2,8,0,-1,1,0,1,1,50,0,0,0,1028,0,0,0,0,0,1,1,0,0,0,216.3512932,0,0,0,0,3,1,1,0.2,40,0,0,0,3,1,1,0.002,200,0,0,0,0,0,0,0,0,0,0,0,0,0,0,0,0,0,0,0,0,0,0,0,0,0,0,0,0,0,0,0,0,0,0,0,0,0,0,0,0,0,0,0,0,0,0,0,0,0,0,0
1989,235,15,56,30.799,2,8,0,-1,0,0,1,1,50,0,0,0,1028,0,0,0,0,0,1,1,0,0,0,216.2339239,0,0,0,0,3,1,1,0.2,40,0,0,0,3,1,1,0.002,200,0,0,0,0,0,0,0,0,0,0,0,0,0,0,0,0,0,0,0,0,0,0,0,0,0,0,0,0,0,0,0,0,0,0,0,0,0,0,0,0,0,0,0,0,0,0,0,0,0,0,0
1989,235,15,56,53.719,2,8,0,-1,1,0,1,1,50,0,0,0,1028,0,0,0,0,0,1,1,0,0,0,216.1971141,0,0,0,0,3,1,1,0.2,40,0,0,0,3,1,1,0.002,200,0,0,0,0,0,0,0,0,0,0,0,0,0,0,0,0,0,0,0,0,0,0,0,0,0,0,0,0,0,0,0,0,0,0,0,0,0,0,0,0,0,0,0,0,0,0,0,0,0,0,0
1989,235,15,58,6.799,2,8,0,-1,0,0,1,1,50,0,0,0,1028,0,0,0,0,0,1,1,0,0,0,216.0797439,0,0,0,0,3,1,1,0.2,40,0,0,0,3,1,1,0.002,200,0,0,0,0,0,0,0,0,0,0,0,0,0,0,0,0,0,0,0,0,0,0,0,0,0,0,0,0,0,0,0,0,0,0,0,0,0,0,0,0,0,0,0,0,0,0,0,0,0,0,0
1989,235,15,58,29.718,2,8,0,-1,1,0,1,1,50,0,0,0,1028,0,0,0,0,0,1,1,0,0,0,216.0429339,0,0,0,0,3,1,1,0.2,40,0,0,0,3,1,1,0.002,200,0,0,0,0,0,0,0,0,0,0,0,0,0,0,0,0,0,0,0,0,0,0,0,0,0,0,0,0,0,0,0,0,0,0,0,0,0,0,0,0,0,0,0,0,0,0,0,0,0,0,0
1989,235,15,59,42.798,2,8,0,-1,0,0,1,1,50,0,0,0,1028,0,0,0,0,0,1,1,0,0,0,215.9255627,0,0,0,0,3,1,1,0.2,40,0,0,0,3,1,1,0.002,200,0,0,0,0,0,0,0,0,0,0,0,0,0,0,0,0,0,0,0,0,0,0,0,0,0,0,0,0,0,0,0,0,0,0,0,0,0,0,0,0,0,0,0,0,0,0,0,0,0,0,0
1989,235,16,0,5.718,2,8,0,-1,1,0,1,1,50,0,0,0,1028,0,0,0,0,0,1,1,0,0,0,215.8887516,0,0,0,0,3,1,1,0.2,40,0,0,0,3,1,1,0.002,200,0,0,0,0,0,0,0,0,0,0,0,0,0,0,0,0,0,0,0,0,0,0,0,0,0,0,0,0,0,0,0,0,0,0,0,0,0,0,0,0,0,0,0,0,0,0,0,0,0,0,0
1989,235,16,1,18.798,2,8,0,-1,0,0,1,1,50,0,0,0,1028,0,0,0,0,0,1,1,0,0,0,215.7713796,0,0,0,0,3,1,1,0.2,40,0,0,0,3,1,1,0.002,200,0,0,0,0,0,0,0,0,0,0,0,0,0,0,0,0,0,0,0,0,0,0,0,0,0,0,0,0,0,0,0,0,0,0,0,0,0,0,0,0,0,0,0,0,0,0,0,0,0,0,0
1989,235,16,1,41.717,2,8,0,-1,1,0,1,1,50,0,0,0,1028,0,0,0,0,0,1,1,0,0,0,215.7345698,0,0,0,0,3,1,1,0.2,40,0,0,0,3,1,1,0.002,200,0,0,0,0,0,0,0,0,0,0,0,0,0,0,0,0,0,0,0,0,0,0,0,0,0,0,0,0,0,0,0,0,0,0,0,0,0,0,0,0,0,0,0,0,0,0,0,0,0,0,0
1989,235,16,2,54.798,2,8,0,-1,0,0,1,1,50,0,0,0,1028,0,0,0,0,0,1,1,0,0,0,215.6171952,0,0,0,0,3,1,1,0.2,40,0,0,0,3,1,1,0.002,200,0,0,0,0,0,0,0,0,0,0,0,0,0,0,0,0,0,0,0,0,0,0,0,0,0,0,0,0,0,0,0,0,0,0,0,0,0,0,0,0,0,0,0,0,0,0,0,0,0,0,0
1989,235,16,3,17.718,2,8,0,-1,1,0,1,1,50,0,0,0,1028,0,0,0,0,0,1,1,0,0,0,215.5803835,0,0,0,0,3,1,1,0.2,40,0,0,0,3,1,1,0.002,200,0,0,0,0,0,0,0,0,0,0,0,0,0,0,0,0,0,0,0,0,0,0,0,0,0,0,0,0,0,0,0,0,0,0,0,0,0,0,0,0,0,0,0,0,0,0,0,0,0,0,0
1989,235,16,6,54.798,2,8,0,-1,0,0,1,1,50,0,0,0,1028,0,0,0,0,0,1,1,0,0,0,215.2317291,0,0,0,0,3,1,1,0.2,40,0,0,0,3,1,1,0.002,200,0,0,0,0,0,0,0,0,0,0,0,0,0,0,0,0,0,0,0,0,0,0,0,0,0,0,0,0,0,0,0,0,0,0,0,0,0,0,0,0,0,0,0,0,0,0,0,0,0,0,0
1989,235,16,7,17.718,2,8,0,-1,1,0,1,1,50,0,0,0,1028,0,0,0,0,0,1,1,0,0,0,215.1949167,0,0,0,0,3,1,1,0.2,40,0,0,0,3,1,1,0.002,200,0,0,0,0,0,0,0,0,0,0,0,0,0,0,0,0,0,0,0,0,0,0,0,0,0,0,0,0,0,0,0,0,0,0,0,0,0,0,0,0,0,0,0,0,0,0,0,0,0,0,0
1989,235,16,8,30.798,2,8,0,-1,0,0,1,1,50,0,0,0,1028,0,0,0,0,0,1,1,0,0,0,215.0775406,0,0,0,0,3,1,1,0.2,40,0,0,0,3,1,1,0.002,200,0,0,0,0,0,0,0,0,0,0,0,0,0,0,0,0,0,0,0,0,0,0,0,0,0,0,0,0,0,0,0,0,0,0,0,0,0,0,0,0,0,0,0,0,0,0,0,0,0,0,0
1989,235,16,8,53.718,2,8,0,-1,1,0,1,1,50,0,0,0,1028,0,0,0,0,0,1,1,0,0,0,215.0407287,0,0,0,0,3,1,1,0.2,40,0,0,0,3,1,1,0.002,200,0,0,0,0,0,0,0,0,0,0,0,0,0,0,0,0,0,0,0,0,0,0,0,0,0,0,0,0,0,0,0,0,0,0,0,0,0,0,0,0,0,0,0,0,0,0,0,0,0,0,0
1989,235,16,10,6.798,2,8,0,-1,0,0,1,1,50,0,0,0,1028,0,0,0,0,0,1,1,0,0,0,214.9233509,0,0,0,0,3,1,1,0.2,40,0,0,0,3,1,1,0.002,200,0,0,0,0,0,0,0,0,0,0,0,0,0,0,0,0,0,0,0,0,0,0,0,0,0,0,0,0,0,0,0,0,0,0,0,0,0,0,0,0,0,0,0,0,0,0,0,0,0,0,0
1989,235,16,10,29.717,2,8,0,-1,1,0,1,1,50,0,0,0,1028,0,0,0,0,0,1,1,0,0,0,214.8865387,0,0,0,0,3,1,1,0.2,40,0,0,0,3,1,1,0.002,200,0,0,0,0,0,0,0,0,0,0,0,0,0,0,0,0,0,0,0,0,0,0,0,0,0,0,0,0,0,0,0,0,0,0,0,0,0,0,0,0,0,0,0,0,0,0,0,0,0,0,0
1989,235,16,11,42.797,2,8,0,-1,0,0,1,1,50,0,0,0,1028,0,0,0,0,0,1,1,0,0,0,214.7691608,0,0,0,0,3,1,1,0.2,40,0,0,0,3,1,1,0.002,200,0,0,0,0,0,0,0,0,0,0,0,0,0,0,0,0,0,0,0,0,0,0,0,0,0,0,0,0,0,0,0,0,0,0,0,0,0,0,0,0,0,0,0,0,0,0,0,0,0,0,0
1989,235,16,12,5.717,2,8,0,-1,1,0,1,1,50,0,0,0,1028,0,0,0,0,0,1,1,0,0,0,214.7323475,0,0,0,0,3,1,1,0.2,40,0,0,0,3,1,1,0.002,200,0,0,0,0,0,0,0,0,0,0,0,0,0,0,0,0,0,0,0,0,0,0,0,0,0,0,0,0,0,0,0,0,0,0,0,0,0,0,0,0,0,0,0,0,0,0,0,0,0,0,0
1989,235,16,13,18.797,2,8,0,-1,0,0,1,1,50,0,0,0,1028,0,0,0,0,0,1,1,0,0,0,214.6149694,0,0,0,0,3,1,1,0.2,40,0,0,0,3,1,1,0.002,200,0,0,0,0,0,0,0,0,0,0,0,0,0,0,0,0,0,0,0,0,0,0,0,0,0,0,0,0,0,0,0,0,0,0,0,0,0,0,0,0,0,0,0,0,0,0,0,0,0,0,0
1989,235,16,13,41.716,2,8,0,-1,1,0,1,1,50,0,0,0,1028,0,0,0,0,0,1,1,0,0,0,214.5781567,0,0,0,0,3,1,1,0.2,40,0,0,0,3,1,1,0.002,200,0,0,0,0,0,0,0,0,0,0,0,0,0,0,0,0,0,0,0,0,0,0,0,0,0,0,0,0,0,0,0,0,0,0,0,0,0,0,0,0,0,0,0,0,0,0,0,0,0,0,0
1989,235,16,14,54.797,2,8,0,-1,0,0,1,1,50,0,0,0,1028,0,0,0,0,0,1,1,0,0,0,214.4607761,0,0,0,0,3,1,1,0.2,40,0,0,0,3,1,1,0.002,200,0,0,0,0,0,0,0,0,0,0,0,0,0,0,0,0,0,0,0,0,0,0,0,0,0,0,0,0,0,0,0,0,0,0,0,0,0,0,0,0,0,0,0,0,0,0,0,0,0,0,0
1989,235,16,15,17.717,2,8,0,-1,1,0,1,1,50,0,0,0,1028,0,0,0,0,0,1,1,0,0,0,214.4239623,0,0,0,0,3,1,1,0.2,40,0,0,0,3,1,1,0.002,200,0,0,0,0,0,0,0,0,0,0,0,0,0,0,0,0,0,0,0,0,0,0,0,0,0,0,0,0,0,0,0,0,0,0,0,0,0,0,0,0,0,0,0,0,0,0,0,0,0,0,0
1989,235,16,18,54.797,2,8,0,-1,0,0,1,1,50,0,0,0,1028,0,0,0,0,0,1,1,0,0,0,214.0752875,0,0,0,0,3,1,1,0.2,40,0,0,0,3,1,1,0.002,200,0,0,0,0,0,0,0,0,0,0,0,0,0,0,0,0,0,0,0,0,0,0,0,0,0,0,0,0,0,0,0,0,0,0,0,0,0,0,0,0,0,0,0,0,0,0,0,0,0,0,0
1989,235,16,19,17.717,2,8,0,-1,1,0,1,1,50,0,0,0,1028,0,0,0,0,0,1,1,0,0,0,214.0384729,0,0,0,0,3,1,1,0.2,40,0,0,0,3,1,1,0.002,200,0,0,0,0,0,0,0,0,0,0,0,0,0,0,0,0,0,0,0,0,0,0,0,0,0,0,0,0,0,0,0,0,0,0,0,0,0,0,0,0,0,0,0,0,0,0,0,0,0,0,0
1989,235,16,20,30.797,2,8,0,-1,0,0,1,1,50,0,0,0,1028,0,0,0,0,0,1,1,0,0,0,213.9210899,0,0,0,0,3,1,1,0.2,40,0,0,0,3,1,1,0.002,200,0,0,0,0,0,0,0,0,0,0,0,0,0,0,0,0,0,0,0,0,0,0,0,0,0,0,0,0,0,0,0,0,0,0,0,0,0,0,0,0,0,0,0,0,0,0,0,0,0,0,0
1989,235,16,20,53.717,2,8,0,-1,1,0,1,1,50,0,0,0,1028,0,0,0,0,0,1,1,0,0,0,213.8842751,0,0,0,0,3,1,1,0.2,40,0,0,0,3,1,1,0.002,200,0,0,0,0,0,0,0,0,0,0,0,0,0,0,0,0,0,0,0,0,0,0,0,0,0,0,0,0,0,0,0,0,0,0,0,0,0,0,0,0,0,0,0,0,0,0,0,0,0,0,0
1989,235,16,22,6.797,2,8,0,-1,0,0,1,1,50,0,0,0,1028,0,0,0,0,0,1,1,0,0,0,213.7668911,0,0,0,0,3,1,1,0.2,40,0,0,0,3,1,1,0.002,200,0,0,0,0,0,0,0,0,0,0,0,0,0,0,0,0,0,0,0,0,0,0,0,0,0,0,0,0,0,0,0,0,0,0,0,0,0,0,0,0,0,0,0,0,0,0,0,0,0,0,0
1989,235,16,22,29.717,2,8,0,-1,1,0,1,1,50,0,0,0,1028,0,0,0,0,0,1,1,0,0,0,213.7300768,0,0,0,0,3,1,1,0.2,40,0,0,0,3,1,1,0.002,200,0,0,0,0,0,0,0,0,0,0,0,0,0,0,0,0,0,0,0,0,0,0,0,0,0,0,0,0,0,0,0,0,0,0,0,0,0,0,0,0,0,0,0,0,0,0,0,0,0,0,0
1989,235,16,23,42.797,2,8,0,-1,0,0,1,1,50,0,0,0,1028,0,0,0,0,0,1,1,0,0,0,213.6126911,0,0,0,0,3,1,1,0.2,40,0,0,0,3,1,1,0.002,200,0,0,0,0,0,0,0,0,0,0,0,0,0,0,0,0,0,0,0,0,0,0,0,0,0,0,0,0,0,0,0,0,0,0,0,0,0,0,0,0,0,0,0,0,0,0,0,0,0,0,0
1989,235,16,24,5.717,2,8,0,-1,1,0,1,1,50,0,0,0,1028,0,0,0,0,0,1,1,0,0,0,213.5758757,0,0,0,0,3,1,1,0.2,40,0,0,0,3,1,1,0.002,200,0,0,0,0,0,0,0,0,0,0,0,0,0,0,0,0,0,0,0,0,0,0,0,0,0,0,0,0,0,0,0,0,0,0,0,0,0,0,0,0,0,0,0,0,0,0,0,0,0,0,0
1989,235,16,25,18.796,2,8,0,-1,0,0,1,1,50,0,0,0,1028,0,0,0,0,0,1,1,0,0,0,213.4584915,0,0,0,0,3,1,1,0.2,40,0,0,0,3,1,1,0.002,200,0,0,0,0,0,0,0,0,0,0,0,0,0,0,0,0,0,0,0,0,0,0,0,0,0,0,0,0,0,0,0,0,0,0,0,0,0,0,0,0,0,0,0,0,0,0,0,0,0,0,0
1989,235,16,25,41.716,2,8,0,-1,1,0,1,1,50,0,0,0,1028,0,0,0,0,0,1,1,0,0,0,213.4216758,0,0,0,0,3,1,1,0.2,40,0,0,0,3,1,1,0.002,200,0,0,0,0,0,0,0,0,0,0,0,0,0,0,0,0,0,0,0,0,0,0,0,0,0,0,0,0,0,0,0,0,0,0,0,0,0,0,0,0,0,0,0,0,0,0,0,0,0,0,0
1989,235,16,26,54.796,2,8,0,-1,0,0,1,1,50,0,0,0,1028,0,0,0,0,0,1,1,0,0,0,213.3042891,0,0,0,0,3,1,1,0.2,40,0,0,0,3,1,1,0.002,200,0,0,0,0,0,0,0,0,0,0,0,0,0,0,0,0,0,0,0,0,0,0,0,0,0,0,0,0,0,0,0,0,0,0,0,0,0,0,0,0,0,0,0,0,0,0,0,0,0,0,0
1989,235,16,27,17.716,2,8,0,-1,1,0,1,1,50,0,0,0,1028,0,0,0,0,0,1,1,0,0,0,213.2674731,0,0,0,0,3,1,1,0.2,40,0,0,0,3,1,1,0.002,200,0,0,0,0,0,0,0,0,0,0,0,0,0,0,0,0,0,0,0,0,0,0,0,0,0,0,0,0,0,0,0,0,0,0,0,0,0,0,0,0,0,0,0,0,0,0,0,0,0,0,0
1989,235,16,30,54.796,2,8,0,-1,0,0,1,1,50,0,0,0,1028,0,0,0,0,0,1,1,0,0,0,212.9187777,0,0,0,0,3,1,1,0.2,40,0,0,0,3,1,1,0.002,200,0,0,0,0,0,0,0,0,0,0,0,0,0,0,0,0,0,0,0,0,0,0,0,0,0,0,0,0,0,0,0,0,0,0,0,0,0,0,0,0,0,0,0,0,0,0,0,0,0,0,0
1989,235,16,31,17.716,2,8,0,-1,1,0,1,1,50,0,0,0,1028,0,0,0,0,0,1,1,0,0,0,212.8819609,0,0,0,0,3,1,1,0.2,40,0,0,0,3,1,1,0.002,200,0,0,0,0,0,0,0,0,0,0,0,0,0,0,0,0,0,0,0,0,0,0,0,0,0,0,0,0,0,0,0,0,0,0,0,0,0,0,0,0,0,0,0,0,0,0,0,0,0,0,0
1989,235,16,32,30.796,2,8,0,-1,0,0,1,1,50,0,0,0,1028,0,0,0,0,0,1,1,0,0,0,212.764571,0,0,0,0,3,1,1,0.2,40,0,0,0,3,1,1,0.002,200,0,0,0,0,0,0,0,0,0,0,0,0,0,0,0,0,0,0,0,0,0,0,0,0,0,0,0,0,0,0,0,0,0,0,0,0,0,0,0,0,0,0,0,0,0,0,0,0,0,0,0
1989,235,16,32,53.716,2,8,0,-1,1,0,1,1,50,0,0,0,1028,0,0,0,0,0,1,1,0,0,0,212.727754,0,0,0,0,3,1,1,0.2,40,0,0,0,3,1,1,0.002,200,0,0,0,0,0,0,0,0,0,0,0,0,0,0,0,0,0,0,0,0,0,0,0,0,0,0,0,0,0,0,0,0,0,0,0,0,0,0,0,0,0,0,0,0,0,0,0,0,0,0,0
1989,235,16,34,6.796,2,8,0,-1,0,0,1,1,50,0,0,0,1028,0,0,0,0,0,1,1,0,0,0,212.6103631,0,0,0,0,3,1,1,0.2,40,0,0,0,3,1,1,0.002,200,0,0,0,0,0,0,0,0,0,0,0,0,0,0,0,0,0,0,0,0,0,0,0,0,0,0,0,0,0,0,0,0,0,0,0,0,0,0,0,0,0,0,0,0,0,0,0,0,0,0,0
1989,235,16,34,29.716,2,8,0,-1,1,0,1,1,50,0,0,0,1028,0,0,0,0,0,1,1,0,0,0,212.5735457,0,0,0,0,3,1,1,0.2,40,0,0,0,3,1,1,0.002,200,0,0,0,0,0,0,0,0,0,0,0,0,0,0,0,0,0,0,0,0,0,0,0,0,0,0,0,0,0,0,0,0,0,0,0,0,0,0,0,0,0,0,0,0,0,0,0,0,0,0,0
1989,235,16,35,42.796,2,8,0,-1,0,0,1,1,50,0,0,0,1028,0,0,0,0,0,1,1,0,0,0,212.4561539,0,0,0,0,3,1,1,0.2,40,0,0,0,3,1,1,0.002,200,0,0,0,0,0,0,0,0,0,0,0,0,0,0,0,0,0,0,0,0,0,0,0,0,0,0,0,0,0,0,0,0,0,0,0,0,0,0,0,0,0,0,0,0,0,0,0,0,0,0,0
1989,235,16,36,5.716,2,8,0,-1,1,0,1,1,50,0,0,0,1028,0,0,0,0,0,1,1,0,0,0,212.4193363,0,0,0,0,3,1,1,0.2,40,0,0,0,3,1,1,0.002,200,0,0,0,0,0,0,0,0,0,0,0,0,0,0,0,0,0,0,0,0,0,0,0,0,0,0,0,0,0,0,0,0,0,0,0,0,0,0,0,0,0,0,0,0,0,0,0,0,0,0,0
1989,235,16,37,18.795,2,8,0,-1,0,0,1,1,50,0,0,0,1028,0,0,0,0,0,1,1,0,0,0,212.3019443,0,0,0,0,3,1,1,0.2,40,0,0,0,3,1,1,0.002,200,0,0,0,0,0,0,0,0,0,0,0,0,0,0,0,0,0,0,0,0,0,0,0,0,0,0,0,0,0,0,0,0,0,0,0,0,0,0,0,0,0,0,0,0,0,0,0,0,0,0,0
1989,235,16,37,41.715,2,8,0,-1,1,0,1,1,50,0,0,0,1028,0,0,0,0,0,1,1,0,0,0,212.2651264,0,0,0,0,3,1,1,0.2,40,0,0,0,3,1,1,0.002,200,0,0,0,0,0,0,0,0,0,0,0,0,0,0,0,0,0,0,0,0,0,0,0,0,0,0,0,0,0,0,0,0,0,0,0,0,0,0,0,0,0,0,0,0,0,0,0,0,0,0,0
1989,235,16,38,54.795,2,8,0,-1,0,0,1,1,50,0,0,0,1028,0,0,0,0,0,1,1,0,0,0,212.1477335,0,0,0,0,3,1,1,0.2,40,0,0,0,3,1,1,0.002,200,0,0,0,0,0,0,0,0,0,0,0,0,0,0,0,0,0,0,0,0,0,0,0,0,0,0,0,0,0,0,0,0,0,0,0,0,0,0,0,0,0,0,0,0,0,0,0,0,0,0,0
1989,235,16,39,17.715,2,8,0,-1,1,0,1,1,50,0,0,0,1028,0,0,0,0,0,1,1,0,0,0,212.1109161,0,0,0,0,3,1,1,0.2,40,0,0,0,3,1,1,0.002,200,0,0,0,0,0,0,0,0,0,0,0,0,0,0,0,0,0,0,0,0,0,0,0,0,0,0,0,0,0,0,0,0,0,0,0,0,0,0,0,0,0,0,0,0,0,0,0,0,0,0,0
1989,235,16,42,54.795,2,8,0,-1,0,0,1,1,50,0,0,0,1028,0,0,0,0,0,1,1,0,0,0,211.762199,0,0,0,0,3,1,1,0.2,40,0,0,0,3,1,1,0.002,200,0,0,0,0,0,0,0,0,0,0,0,0,0,0,0,0,0,0,0,0,0,0,0,0,0,0,0,0,0,0,0,0,0,0,0,0,0,0,0,0,0,0,0,0,0,0,0,0,0,0,0
1989,235,16,43,17.715,2,8,0,-1,1,0,1,1,50,0,0,0,1028,0,0,0,0,0,1,1,0,0,0,211.7253809,0,0,0,0,3,1,1,0.2,40,0,0,0,3,1,1,0.002,200,0,0,0,0,0,0,0,0,0,0,0,0,0,0,0,0,0,0,0,0,0,0,0,0,0,0,0,0,0,0,0,0,0,0,0,0,0,0,0,0,0,0,0,0,0,0,0,0,0,0,0
1989,235,16,44,30.795,2,8,0,-1,0,0,1,1,50,0,0,0,1028,0,0,0,0,0,1,1,0,0,0,211.6079831,0,0,0,0,3,1,1,0.2,40,0,0,0,3,1,1,0.002,200,0,0,0,0,0,0,0,0,0,0,0,0,0,0,0,0,0,0,0,0,0,0,0,0,0,0,0,0,0,0,0,0,0,0,0,0,0,0,0,0,0,0,0,0,0,0,0,0,0,0,0
1989,235,16,44,53.715,2,8,0,-1,1,0,1,1,50,0,0,0,1028,0,0,0,0,0,1,1,0,0,0,211.5711639,0,0,0,0,3,1,1,0.2,40,0,0,0,3,1,1,0.002,200,0,0,0,0,0,0,0,0,0,0,0,0,0,0,0,0,0,0,0,0,0,0,0,0,0,0,0,0,0,0,0,0,0,0,0,0,0,0,0,0,0,0,0,0,0,0,0,0,0,0,0
1989,235,16,46,6.795,2,8,0,-1,0,0,1,1,50,0,0,0,1028,0,0,0,0,0,1,1,0,0,0,211.4537659,0,0,0,0,3,1,1,0.2,40,0,0,0,3,1,1,0.002,200,0,0,0,0,0,0,0,0,0,0,0,0,0,0,0,0,0,0,0,0,0,0,0,0,0,0,0,0,0,0,0,0,0,0,0,0,0,0,0,0,0,0,0,0,0,0,0,0,0,0,0
1989,235,16,46,29.715,2,8,0,-1,1,0,1,1,50,0,0,0,1028,0,0,0,0,0,1,1,0,0,0,211.4169472,0,0,0,0,3,1,1,0.2,40,0,0,0,3,1,1,0.002,200,0,0,0,0,0,0,0,0,0,0,0,0,0,0,0,0,0,0,0,0,0,0,0,0,0,0,0,0,0,0,0,0,0,0,0,0,0,0,0,0,0,0,0,0,0,0,0,0,0,0,0
1989,235,16,47,42.795,2,8,0,-1,0,0,1,1,50,0,0,0,1028,0,0,0,0,0,1,1,0,0,0,211.2995475,0,0,0,0,3,1,1,0.2,40,0,0,0,3,1,1,0.002,200,0,0,0,0,0,0,0,0,0,0,0,0,0,0,0,0,0,0,0,0,0,0,0,0,0,0,0,0,0,0,0,0,0,0,0,0,0,0,0,0,0,0,0,0,0,0,0,0,0,0,0
1989,235,16,48,5.715,2,8,0,-1,1,0,1,1,50,0,0,0,1028,0,0,0,0,0,1,1,0,0,0,211.2627277,0,0,0,0,3,1,1,0.2,40,0,0,0,3,1,1,0.002,200,0,0,0,0,0,0,0,0,0,0,0,0,0,0,0,0,0,0,0,0,0,0,0,0,0,0,0,0,0,0,0,0,0,0,0,0,0,0,0,0,0,0,0,0,0,0,0,0,0,0,0
1989,235,16,49,18.795,2,8,0,-1,0,0,1,1,50,0,0,0,1028,0,0,0,0,0,1,1,0,0,0,211.1453278,0,0,0,0,3,1,1,0.2,40,0,0,0,3,1,1,0.002,200,0,0,0,0,0,0,0,0,0,0,0,0,0,0,0,0,0,0,0,0,0,0,0,0,0,0,0,0,0,0,0,0,0,0,0,0,0,0,0,0,0,0,0,0,0,0,0,0,0,0,0
1989,235,16,49,41.715,2,8,0,-1,1,0,1,1,50,0,0,0,1028,0,0,0,0,0,1,1,0,0,0,211.1085077,0,0,0,0,3,1,1,0.2,40,0,0,0,3,1,1,0.002,200,0,0,0,0,0,0,0,0,0,0,0,0,0,0,0,0,0,0,0,0,0,0,0,0,0,0,0,0,0,0,0,0,0,0,0,0,0,0,0,0,0,0,0,0,0,0,0,0,0,0,0
1989,235,16,50,54.794,2,8,0,-1,0,0,1,1,50,0,0,0,1028,0,0,0,0,0,1,1,0,0,0,210.9911085,0,0,0,0,3,1,1,0.2,40,0,0,0,3,1,1,0.002,200,0,0,0,0,0,0,0,0,0,0,0,0,0,0,0,0,0,0,0,0,0,0,0,0,0,0,0,0,0,0,0,0,0,0,0,0,0,0,0,0,0,0,0,0,0,0,0,0,0,0,0
1989,235,16,51,17.713,2,8,0,-1,1,0,1,1,50,0,0,0,1028,0,0,0,0,0,1,1,0,0,0,210.9542889,0,0,0,0,3,1,1,0.2,40,0,0,0,3,1,1,0.002,200,0,0,0,0,0,0,0,0,0,0,0,0,0,0,0,0,0,0,0,0,0,0,0,0,0,0,0,0,0,0,0,0,0,0,0,0,0,0,0,0,0,0,0,0,0,0,0,0,0,0,0
1989,235,16,54,54.794,2,8,0,-1,0,0,1,1,50,0,0,0,1028,0,0,0,0,0,1,1,0,0,0,210.6055508,0,0,0,0,3,1,1,0.2,40,0,0,0,3,1,1,0.002,200,0,0,0,0,0,0,0,0,0,0,0,0,0,0,0,0,0,0,0,0,0,0,0,0,0,0,0,0,0,0,0,0,0,0,0,0,0,0,0,0,0,0,0,0,0,0,0,0,0,0,0
1989,235,16,55,17.713,2,8,0,-1,1,0,1,1,50,0,0,0,1028,0,0,0,0,0,1,1,0,0,0,210.5687304,0,0,0,0,3,1,1,0.2,40,0,0,0,3,1,1,0.002,200,0,0,0,0,0,0,0,0,0,0,0,0,0,0,0,0,0,0,0,0,0,0,0,0,0,0,0,0,0,0,0,0,0,0,0,0,0,0,0,0,0,0,0,0,0,0,0,0,0,0,0
1989,235,16,56,30.794,2,8,0,-1,0,0,1,1,50,0,0,0,1028,0,0,0,0,0,1,1,0,0,0,210.4513255,0,0,0,0,3,1,1,0.2,40,0,0,0,3,1,1,0.002,200,0,0,0,0,0,0,0,0,0,0,0,0,0,0,0,0,0,0,0,0,0,0,0,0,0,0,0,0,0,0,0,0,0,0,0,0,0,0,0,0,0,0,0,0,0,0,0,0,0,0,0
1989,235,16,56,53.714,2,8,0,-1,1,0,1,1,50,0,0,0,1028,0,0,0,0,0,1,1,0,0,0,210.414504,0,0,0,0,3,1,1,0.2,40,0,0,0,3,1,1,0.002,200,0,0,0,0,0,0,0,0,0,0,0,0,0,0,0,0,0,0,0,0,0,0,0,0,0,0,0,0,0,0,0,0,0,0,0,0,0,0,0,0,0,0,0,0,0,0,0,0,0,0,0
1989,235,16,58,6.794,2,8,0,-1,0,0,1,1,50,0,0,0,1028,0,0,0,0,0,1,1,0,0,0,210.297099,0,0,0,0,3,1,1,0.2,40,0,0,0,3,1,1,0.002,200,0,0,0,0,0,0,0,0,0,0,0,0,0,0,0,0,0,0,0,0,0,0,0,0,0,0,0,0,0,0,0,0,0,0,0,0,0,0,0,0,0,0,0,0,0,0,0,0,0,0,0
1989,235,16,58,29.713,2,8,0,-1,1,0,1,1,50,0,0,0,1028,0,0,0,0,0,1,1,0,0,0,210.260278,0,0,0,0,3,1,1,0.2,40,0,0,0,3,1,1,0.002,200,0,0,0,0,0,0,0,0,0,0,0,0,0,0,0,0,0,0,0,0,0,0,0,0,0,0,0,0,0,0,0,0,0,0,0,0,0,0,0,0,0,0,0,0,0,0,0,0,0,0,0
1989,235,16,59,42.794,2,8,0,-1,0,0,1,1,50,0,0,0,1028,0,0,0,0,0,1,1,0,0,0,210.1428712,0,0,0,0,3,1,1,0.2,40,0,0,0,3,1,1,0.002,200,0,0,0,0,0,0,0,0,0,0,0,0,0,0,0,0,0,0,0,0,0,0,0,0,0,0,0,0,0,0,0,0,0,0,0,0,0,0,0,0,0,0,0,0,0,0,0,0,0,0,0
1989,235,17,0,5.714,2,8,0,-1,1,0,1,1,50,0,0,0,1028,0,0,0,0,0,1,1,0,0,0,210.1060491,0,0,0,0,3,1,1,0.2,40,0,0,0,3,1,1,0.002,200,0,0,0,0,0,0,0,0,0,0,0,0,0,0,0,0,0,0,0,0,0,0,0,0,0,0,0,0,0,0,0,0,0,0,0,0,0,0,0,0,0,0,0,0,0,0,0,0,0,0,0
1989,235,17,1,18.794,2,8,0,-1,0,0,1,1,50,0,0,0,1028,0,0,0,0,0,1,1,0,0,0,209.9886421,0,0,0,0,3,1,1,0.2,40,0,0,0,3,1,1,0.002,200,0,0,0,0,0,0,0,0,0,0,0,0,0,0,0,0,0,0,0,0,0,0,0,0,0,0,0,0,0,0,0,0,0,0,0,0,0,0,0,0,0,0,0,0,0,0,0,0,0,0,0
1989,235,17,1,41.714,2,8,0,-1,1,0,1,1,50,0,0,0,1028,0,0,0,0,0,1,1,0,0,0,209.9518197,0,0,0,0,3,1,1,0.2,40,0,0,0,3,1,1,0.002,200,0,0,0,0,0,0,0,0,0,0,0,0,0,0,0,0,0,0,0,0,0,0,0,0,0,0,0,0,0,0,0,0,0,0,0,0,0,0,0,0,0,0,0,0,0,0,0,0,0,0,0
1989,235,17,2,54.794,2,8,0,-1,0,0,1,1,50,0,0,0,1028,0,0,0,0,0,1,1,0,0,0,209.8344126,0,0,0,0,3,1,1,0.2,40,0,0,0,3,1,1,0.002,200,0,0,0,0,0,0,0,0,0,0,0,0,0,0,0,0,0,0,0,0,0,0,0,0,0,0,0,0,0,0,0,0,0,0,0,0,0,0,0,0,0,0,0,0,0,0,0,0,0,0,0
1989,235,17,3,17.713,2,8,0,-1,1,0,1,1,50,0,0,0,1028,0,0,0,0,0,1,1,0,0,0,209.7975907,0,0,0,0,3,1,1,0.2,40,0,0,0,3,1,1,0.002,200,0,0,0,0,0,0,0,0,0,0,0,0,0,0,0,0,0,0,0,0,0,0,0,0,0,0,0,0,0,0,0,0,0,0,0,0,0,0,0,0,0,0,0,0,0,0,0,0,0,0,0
1989,235,17,6,54.793,2,8,0,-1,0,0,1,1,50,0,0,0,1028,0,0,0,0,0,1,1,0,0,0,209.4488321,0,0,0,0,3,1,1,0.2,40,0,0,0,3,1,1,0.002,200,0,0,0,0,0,0,0,0,0,0,0,0,0,0,0,0,0,0,0,0,0,0,0,0,0,0,0,0,0,0,0,0,0,0,0,0,0,0,0,0,0,0,0,0,0,0,0,0,0,0,0
1989,235,17,7,17.712,2,8,0,-1,1,0,1,1,50,0,0,0,1028,0,0,0,0,0,1,1,0,0,0,209.4120095,0,0,0,0,3,1,1,0.2,40,0,0,0,3,1,1,0.002,200,0,0,0,0,0,0,0,0,0,0,0,0,0,0,0,0,0,0,0,0,0,0,0,0,0,0,0,0,0,0,0,0,0,0,0,0,0,0,0,0,0,0,0,0,0,0,0,0,0,0,0
1989,235,17,10,29.712,2,8,0,-1,1,0,1,1,50,0,0,0,1028,0,0,0,0,0,1,1,0,0,0,209.1035382,0,0,0,0,3,1,1,0.2,40,0,0,0,3,1,1,0.002,200,0,0,0,0,0,0,0,0,0,0,0,0,0,0,0,0,0,0,0,0,0,0,0,0,0,0,0,0,0,0,0,0,0,0,0,0,0,0,0,0,0,0,0,0,0,0,0,0,0,0,0
1989,235,17,11,42.793,2,8,0,-1,0,0,1,1,50,0,0,0,1028,0,0,0,0,0,1,1,0,0,0,208.9861241,0,0,0,0,3,1,1,0.2,40,0,0,0,3,1,1,0.002,200,0,0,0,0,0,0,0,0,0,0,0,0,0,0,0,0,0,0,0,0,0,0,0,0,0,0,0,0,0,0,0,0,0,0,0,0,0,0,0,0,0,0,0,0,0,0,0,0,0,0,0
1989,235,17,12,5.713,2,8,0,-1,1,0,1,1,50,0,0,0,1028,0,0,0,0,0,1,1,0,0,0,208.9492998,0,0,0,0,3,1,1,0.2,40,0,0,0,3,1,1,0.002,200,0,0,0,0,0,0,0,0,0,0,0,0,0,0,0,0,0,0,0,0,0,0,0,0,0,0,0,0,0,0,0,0,0,0,0,0,0,0,0,0,0,0,0,0,0,0,0,0,0,0,0
1989,235,17,13,18.793,2,8,0,-1,0,0,1,1,50,0,0,0,1028,0,0,0,0,0,1,1,0,0,0,208.8318856,0,0,0,0,3,1,1,0.2,40,0,0,0,3,1,1,0.002,200,0,0,0,0,0,0,0,0,0,0,0,0,0,0,0,0,0,0,0,0,0,0,0,0,0,0,0,0,0,0,0,0,0,0,0,0,0,0,0,0,0,0,0,0,0,0,0,0,0,0,0
1989,235,17,13,41.713,2,8,0,-1,1,0,1,1,50,0,0,0,1028,0,0,0,0,0,1,1,0,0,0,208.7950609,0,0,0,0,3,1,1,0.2,40,0,0,0,3,1,1,0.002,200,0,0,0,0,0,0,0,0,0,0,0,0,0,0,0,0,0,0,0,0,0,0,0,0,0,0,0,0,0,0,0,0,0,0,0,0,0,0,0,0,0,0,0,0,0,0,0,0,0,0,0
1989,235,17,14,54.793,2,8,0,-1,0,0,1,1,50,0,0,0,1028,0,0,0,0,0,1,1,0,0,0,208.6776458,0,0,0,0,3,1,1,0.2,40,0,0,0,3,1,1,0.002,200,0,0,0,0,0,0,0,0,0,0,0,0,0,0,0,0,0,0,0,0,0,0,0,0,0,0,0,0,0,0,0,0,0,0,0,0,0,0,0,0,0,0,0,0,0,0,0,0,0,0,0
1989,235,17,15,17.712,2,8,0,-1,1,0,1,1,50,0,0,0,1028,0,0,0,0,0,1,1,0,0,0,208.6408216,0,0,0,0,3,1,1,0.2,40,0,0,0,3,1,1,0.002,200,0,0,0,0,0,0,0,0,0,0,0,0,0,0,0,0,0,0,0,0,0,0,0,0,0,0,0,0,0,0,0,0,0,0,0,0,0,0,0,0,0,0,0,0,0,0,0,0,0,0,0
1989,235,17,18,54.792,2,8,0,-1,0,0,1,1,50,0,0,0,1028,0,0,0,0,0,1,1,0,0,0,208.2920423,0,0,0,0,3,1,1,0.2,40,0,0,0,3,1,1,0.002,200,0,0,0,0,0,0,0,0,0,0,0,0,0,0,0,0,0,0,0,0,0,0,0,0,0,0,0,0,0,0,0,0,0,0,0,0,0,0,0,0,0,0,0,0,0,0,0,0,0,0,0
1989,235,17,19,17.712,2,8,0,-1,1,0,1,1,50,0,0,0,1028,0,0,0,0,0,1,1,0,0,0,208.2552165,0,0,0,0,3,1,1,0.2,40,0,0,0,3,1,1,0.002,200,0,0,0,0,0,0,0,0,0,0,0,0,0,0,0,0,0,0,0,0,0,0,0,0,0,0,0,0,0,0,0,0,0,0,0,0,0,0,0,0,0,0,0,0,0,0,0,0,0,0,0
1989,235,17,20,30.792,2,8,0,-1,0,0,1,1,50,0,0,0,1028,0,0,0,0,0,1,1,0,0,0,208.137798,0,0,0,0,3,1,1,0.2,40,0,0,0,3,1,1,0.002,200,0,0,0,0,0,0,0,0,0,0,0,0,0,0,0,0,0,0,0,0,0,0,0,0,0,0,0,0,0,0,0,0,0,0,0,0,0,0,0,0,0,0,0,0,0,0,0,0,0,0,0
1989,235,17,20,53.712,2,8,0,-1,1,0,1,1,50,0,0,0,1028,0,0,0,0,0,1,1,0,0,0,208.100972,0,0,0,0,3,1,1,0.2,40,0,0,0,3,1,1,0.002,200,0,0,0,0,0,0,0,0,0,0,0,0,0,0,0,0,0,0,0,0,0,0,0,0,0,0,0,0,0,0,0,0,0,0,0,0,0,0,0,0,0,0,0,0,0,0,0,0,0,0,0
1989,235,17,22,6.792,2,8,0,-1,0,0,1,1,50,0,0,0,1028,0,0,0,0,0,1,1,0,0,0,207.9835524,0,0,0,0,3,1,1,0.2,40,0,0,0,3,1,1,0.002,200,0,0,0,0,0,0,0,0,0,0,0,0,0,0,0,0,0,0,0,0,0,0,0,0,0,0,0,0,0,0,0,0,0,0,0,0,0,0,0,0,0,0,0,0,0,0,0,0,0,0,0
1989,235,17,22,29.712,2,8,0,-1,1,0,1,1,50,0,0,0,1028,0,0,0,0,0,1,1,0,0,0,207.9467261,0,0,0,0,3,1,1,0.2,40,0,0,0,3,1,1,0.002,200,0,0,0,0,0,0,0,0,0,0,0,0,0,0,0,0,0,0,0,0,0,0,0,0,0,0,0,0,0,0,0,0,0,0,0,0,0,0,0,0,0,0,0,0,0,0,0,0,0,0,0
1989,235,17,23,42.792,2,8,0,-1,0,0,1,1,50,0,0,0,1028,0,0,0,0,0,1,1,0,0,0,207.8293055,0,0,0,0,3,1,1,0.2,40,0,0,0,3,1,1,0.002,200,0,0,0,0,0,0,0,0,0,0,0,0,0,0,0,0,0,0,0,0,0,0,0,0,0,0,0,0,0,0,0,0,0,0,0,0,0,0,0,0,0,0,0,0,0,0,0,0,0,0,0
1989,235,17,24,5.712,2,8,0,-1,1,0,1,1,50,0,0,0,1028,0,0,0,0,0,1,1,0,0,0,207.7924789,0,0,0,0,3,1,1,0.2,40,0,0,0,3,1,1,0.002,200,0,0,0,0,0,0,0,0,0,0,0,0,0,0,0,0,0,0,0,0,0,0,0,0,0,0,0,0,0,0,0,0,0,0,0,0,0,0,0,0,0,0,0,0,0,0,0,0,0,0,0
1989,235,17,25,18.792,2,8,0,-1,0,0,1,1,50,0,0,0,1028,0,0,0,0,0,1,1,0,0,0,207.6750574,0,0,0,0,3,1,1,0.2,40,0,0,0,3,1,1,0.002,200,0,0,0,0,0,0,0,0,0,0,0,0,0,0,0,0,0,0,0,0,0,0,0,0,0,0,0,0,0,0,0,0,0,0,0,0,0,0,0,0,0,0,0,0,0,0,0,0,0,0,0
1989,235,17,25,41.712,2,8,0,-1,1,0,1,1,50,0,0,0,1028,0,0,0,0,0,1,1,0,0,0,207.6382305,0,0,0,0,3,1,1,0.2,40,0,0,0,3,1,1,0.002,200,0,0,0,0,0,0,0,0,0,0,0,0,0,0,0,0,0,0,0,0,0,0,0,0,0,0,0,0,0,0,0,0,0,0,0,0,0,0,0,0,0,0,0,0,0,0,0,0,0,0,0
1989,235,17,26,54.792,2,8,0,-1,0,0,1,1,50,0,0,0,1028,0,0,0,0,0,1,1,0,0,0,207.520808,0,0,0,0,3,1,1,0.2,40,0,0,0,3,1,1,0.002,200,0,0,0,0,0,0,0,0,0,0,0,0,0,0,0,0,0,0,0,0,0,0,0,0,0,0,0,0,0,0,0,0,0,0,0,0,0,0,0,0,0,0,0,0,0,0,0,0,0,0,0
1989,235,17,27,17.712,2,8,0,-1,1,0,1,1,50,0,0,0,1028,0,0,0,0,0,1,1,0,0,0,207.4839807,0,0,0,0,3,1,1,0.2,40,0,0,0,3,1,1,0.002,200,0,0,0,0,0,0,0,0,0,0,0,0,0,0,0,0,0,0,0,0,0,0,0,0,0,0,0,0,0,0,0,0,0,0,0,0,0,0,0,0,0,0,0,0,0,0,0,0,0,0,0
1989,235,17,30,54.791,2,8,0,-1,0,0,1,1,50,0,0,0,1028,0,0,0,0,0,1,1,0,0,0,207.1351804,0,0,0,0,3,1,1,0.2,40,0,0,0,3,1,1,0.002,200,0,0,0,0,0,0,0,0,0,0,0,0,0,0,0,0,0,0,0,0,0,0,0,0,0,0,0,0,0,0,0,0,0,0,0,0,0,0,0,0,0,0,0,0,0,0,0,0,0,0,0
1989,235,17,31,17.711,2,8,0,-1,1,0,1,1,50,0,0,0,1028,0,0,0,0,0,1,1,0,0,0,207.0983524,0,0,0,0,3,1,1,0.2,40,0,0,0,3,1,1,0.002,200,0,0,0,0,0,0,0,0,0,0,0,0,0,0,0,0,0,0,0,0,0,0,0,0,0,0,0,0,0,0,0,0,0,0,0,0,0,0,0,0,0,0,0,0,0,0,0,0,0,0,0
1989,235,17,32,30.791,2,8,0,-1,0,0,1,1,50,0,0,0,1028,0,0,0,0,0,1,1,0,0,0,206.9809264,0,0,0,0,3,1,1,0.2,40,0,0,0,3,1,1,0.002,200,0,0,0,0,0,0,0,0,0,0,0,0,0,0,0,0,0,0,0,0,0,0,0,0,0,0,0,0,0,0,0,0,0,0,0,0,0,0,0,0,0,0,0,0,0,0,0,0,0,0,0
1989,235,17,32,53.711,2,8,0,-1,1,0,1,1,50,0,0,0,1028,0,0,0,0,0,1,1,0,0,0,206.9440981,0,0,0,0,3,1,1,0.2,40,0,0,0,3,1,1,0.002,200,0,0,0,0,0,0,0,0,0,0,0,0,0,0,0,0,0,0,0,0,0,0,0,0,0,0,0,0,0,0,0,0,0,0,0,0,0,0,0,0,0,0,0,0,0,0,0,0,0,0,0
1989,235,17,34,6.791,2,8,0,-1,0,0,1,1,50,0,0,0,1028,0,0,0,0,0,1,1,0,0,0,206.8266712,0,0,0,0,3,1,1,0.2,40,0,0,0,3,1,1,0.002,200,0,0,0,0,0,0,0,0,0,0,0,0,0,0,0,0,0,0,0,0,0,0,0,0,0,0,0,0,0,0,0,0,0,0,0,0,0,0,0,0,0,0,0,0,0,0,0,0,0,0,0
1989,235,17,34,29.711,2,8,0,-1,1,0,1,1,50,0,0,0,1028,0,0,0,0,0,1,1,0,0,0,206.7898426,0,0,0,0,3,1,1,0.2,40,0,0,0,3,1,1,0.002,200,0,0,0,0,0,0,0,0,0,0,0,0,0,0,0,0,0,0,0,0,0,0,0,0,0,0,0,0,0,0,0,0,0,0,0,0,0,0,0,0,0,0,0,0,0,0,0,0,0,0,0
1989,235,17,35,42.791,2,8,0,-1,0,0,1,1,50,0,0,0,1028,0,0,0,0,0,1,1,0,0,0,206.6724147,0,0,0,0,3,1,1,0.2,40,0,0,0,3,1,1,0.002,200,0,0,0,0,0,0,0,0,0,0,0,0,0,0,0,0,0,0,0,0,0,0,0,0,0,0,0,0,0,0,0,0,0,0,0,0,0,0,0,0,0,0,0,0,0,0,0,0,0,0,0
1989,235,17,36,5.711,2,8,0,-1,1,0,1,1,50,0,0,0,1028,0,0,0,0,0,1,1,0,0,0,206.6355857,0,0,0,0,3,1,1,0.2,40,0,0,0,3,1,1,0.002,200,0,0,0,0,0,0,0,0,0,0,0,0,0,0,0,0,0,0,0,0,0,0,0,0,0,0,0,0,0,0,0,0,0,0,0,0,0,0,0,0,0,0,0,0,0,0,0,0,0,0,0
1989,235,17,37,18.791,2,8,0,-1,0,0,1,1,50,0,0,0,1028,0,0,0,0,0,1,1,0,0,0,206.5181568,0,0,0,0,3,1,1,0.2,40,0,0,0,3,1,1,0.002,200,0,0,0,0,0,0,0,0,0,0,0,0,0,0,0,0,0,0,0,0,0,0,0,0,0,0,0,0,0,0,0,0,0,0,0,0,0,0,0,0,0,0,0,0,0,0,0,0,0,0,0
1989,235,17,37,41.711,2,8,0,-1,1,0,1,1,50,0,0,0,1028,0,0,0,0,0,1,1,0,0,0,206.4813276,0,0,0,0,3,1,1,0.2,40,0,0,0,3,1,1,0.002,200,0,0,0,0,0,0,0,0,0,0,0,0,0,0,0,0,0,0,0,0,0,0,0,0,0,0,0,0,0,0,0,0,0,0,0,0,0,0,0,0,0,0,0,0,0,0,0,0,0,0,0
1989,235,17,38,54.791,2,8,0,-1,0,0,1,1,50,0,0,0,1028,0,0,0,0,0,1,1,0,0,0,206.3638977,0,0,0,0,3,1,1,0.2,40,0,0,0,3,1,1,0.002,200,0,0,0,0,0,0,0,0,0,0,0,0,0,0,0,0,0,0,0,0,0,0,0,0,0,0,0,0,0,0,0,0,0,0,0,0,0,0,0,0,0,0,0,0,0,0,0,0,0,0,0
1989,235,17,39,17.711,2,8,0,-1,1,0,1,1,50,0,0,0,1028,0,0,0,0,0,1,1,0,0,0,206.3270681,0,0,0,0,3,1,1,0.2,40,0,0,0,3,1,1,0.002,200,0,0,0,0,0,0,0,0,0,0,0,0,0,0,0,0,0,0,0,0,0,0,0,0,0,0,0,0,0,0,0,0,0,0,0,0,0,0,0,0,0,0,0,0,0,0,0,0,0,0,0
1989,235,17,42,54.79,2,8,0,-1,0,0,1,1,50,0,0,0,1028,0,0,0,0,0,1,1,0,0,0,205.9782457,0,0,0,0,3,1,1,0.2,40,0,0,0,3,1,1,0.002,200,0,0,0,0,0,0,0,0,0,0,0,0,0,0,0,0,0,0,0,0,0,0,0,0,0,0,0,0,0,0,0,0,0,0,0,0,0,0,0,0,0,0,0,0,0,0,0,0,0,0,0
1989,235,17,43,17.71,2,8,0,-1,1,0,1,1,50,0,0,0,1028,0,0,0,0,0,1,1,0,0,0,205.9414154,0,0,0,0,3,1,1,0.2,40,0,0,0,3,1,1,0.002,200,0,0,0,0,0,0,0,0,0,0,0,0,0,0,0,0,0,0,0,0,0,0,0,0,0,0,0,0,0,0,0,0,0,0,0,0,0,0,0,0,0,0,0,0,0,0,0,0,0,0,0
1989,235,17,44,30.79,2,8,0,-1,0,0,1,1,50,0,0,0,1028,0,0,0,0,0,1,1,0,0,0,205.823982,0,0,0,0,3,1,1,0.2,40,0,0,0,3,1,1,0.002,200,0,0,0,0,0,0,0,0,0,0,0,0,0,0,0,0,0,0,0,0,0,0,0,0,0,0,0,0,0,0,0,0,0,0,0,0,0,0,0,0,0,0,0,0,0,0,0,0,0,0,0
1989,235,17,44,53.709,2,8,0,-1,1,0,1,1,50,0,0,0,1028,0,0,0,0,0,1,1,0,0,0,205.7871521,0,0,0,0,3,1,1,0.2,40,0,0,0,3,1,1,0.002,200,0,0,0,0,0,0,0,0,0,0,0,0,0,0,0,0,0,0,0,0,0,0,0,0,0,0,0,0,0,0,0,0,0,0,0,0,0,0,0,0,0,0,0,0,0,0,0,0,0,0,0
1989,235,17,46,6.79,2,8,0,-1,0,0,1,1,50,0,0,0,1028,0,0,0,0,0,1,1,0,0,0,205.669717,0,0,0,0,3,1,1,0.2,40,0,0,0,3,1,1,0.002,200,0,0,0,0,0,0,0,0,0,0,0,0,0,0,0,0,0,0,0,0,0,0,0,0,0,0,0,0,0,0,0,0,0,0,0,0,0,0,0,0,0,0,0,0,0,0,0,0,0,0,0
1989,235,17,46,29.71,2,8,0,-1,1,0,1,1,50,0,0,0,1028,0,0,0,0,0,1,1,0,0,0,205.6328868,0,0,0,0,3,1,1,0.2,40,0,0,0,3,1,1,0.002,200,0,0,0,0,0,0,0,0,0,0,0,0,0,0,0,0,0,0,0,0,0,0,0,0,0,0,0,0,0,0,0,0,0,0,0,0,0,0,0,0,0,0,0,0,0,0,0,0,0,0,0
1989,235,17,47,42.79,2,8,0,-1,0,0,1,1,50,0,0,0,1028,0,0,0,0,0,1,1,0,0,0,205.5154506,0,0,0,0,3,1,1,0.2,40,0,0,0,3,1,1,0.002,200,0,0,0,0,0,0,0,0,0,0,0,0,0,0,0,0,0,0,0,0,0,0,0,0,0,0,0,0,0,0,0,0,0,0,0,0,0,0,0,0,0,0,0,0,0,0,0,0,0,0,0
1989,235,17,48,5.71,2,8,0,-1,1,0,1,1,50,0,0,0,1028,0,0,0,0,0,1,1,0,0,0,205.4786193,0,0,0,0,3,1,1,0.2,40,0,0,0,3,1,1,0.002,200,0,0,0,0,0,0,0,0,0,0,0,0,0,0,0,0,0,0,0,0,0,0,0,0,0,0,0,0,0,0,0,0,0,0,0,0,0,0,0,0,0,0,0,0,0,0,0,0,0,0,0
1989,235,17,49,18.79,2,8,0,-1,0,0,1,1,50,0,0,0,1028,0,0,0,0,0,1,1,0,0,0,205.361183,0,0,0,0,3,1,1,0.2,40,0,0,0,3,1,1,0.002,200,0,0,0,0,0,0,0,0,0,0,0,0,0,0,0,0,0,0,0,0,0,0,0,0,0,0,0,0,0,0,0,0,0,0,0,0,0,0,0,0,0,0,0,0,0,0,0,0,0,0,0
1989,235,17,49,41.709,2,8,0,-1,1,0,1,1,50,0,0,0,1028,0,0,0,0,0,1,1,0,0,0,205.324353,0,0,0,0,3,1,1,0.2,40,0,0,0,3,1,1,0.002,200,0,0,0,0,0,0,0,0,0,0,0,0,0,0,0,0,0,0,0,0,0,0,0,0,0,0,0,0,0,0,0,0,0,0,0,0,0,0,0,0,0,0,0,0,0,0,0,0,0,0,0
1989,235,17,50,54.79,2,8,0,-1,0,0,1,1,50,0,0,0,1028,0,0,0,0,0,1,1,0,0,0,205.206914,0,0,0,0,3,1,1,0.2,40,0,0,0,3,1,1,0.002,200,0,0,0,0,0,0,0,0,0,0,0,0,0,0,0,0,0,0,0,0,0,0,0,0,0,0,0,0,0,0,0,0,0,0,0,0,0,0,0,0,0,0,0,0,0,0,0,0,0,0,0
1989,235,17,51,17.71,2,8,0,-1,1,0,1,1,50,0,0,0,1028,0,0,0,0,0,1,1,0,0,0,205.1700821,0,0,0,0,3,1,1,0.2,40,0,0,0,3,1,1,0.002,200,0,0,0,0,0,0,0,0,0,0,0,0,0,0,0,0,0,0,0,0,0,0,0,0,0,0,0,0,0,0,0,0,0,0,0,0,0,0,0,0,0,0,0,0,0,0,0,0,0,0,0
1989,235,17,54,54.789,2,8,0,-1,0,0,1,1,50,0,0,0,1028,0,0,0,0,0,1,1,0,0,0,204.8212366,0,0,0,0,3,1,1,0.2,40,0,0,0,3,1,1,0.002,200,0,0,0,0,0,0,0,0,0,0,0,0,0,0,0,0,0,0,0,0,0,0,0,0,0,0,0,0,0,0,0,0,0,0,0,0,0,0,0,0,0,0,0,0,0,0,0,0,0,0,0
1989,235,17,55,17.71,2,8,0,-1,1,0,1,1,50,0,0,0,1028,0,0,0,0,0,1,1,0,0,0,204.7844039,0,0,0,0,3,1,1,0.2,40,0,0,0,3,1,1,0.002,200,0,0,0,0,0,0,0,0,0,0,0,0,0,0,0,0,0,0,0,0,0,0,0,0,0,0,0,0,0,0,0,0,0,0,0,0,0,0,0,0,0,0,0,0,0,0,0,0,0,0,0
1989,235,17,56,30.789,2,8,0,-1,0,0,1,1,50,0,0,0,1028,0,0,0,0,0,1,1,0,0,0,204.6669638,0,0,0,0,3,1,1,0.2,40,0,0,0,3,1,1,0.002,200,0,0,0,0,0,0,0,0,0,0,0,0,0,0,0,0,0,0,0,0,0,0,0,0,0,0,0,0,0,0,0,0,0,0,0,0,0,0,0,0,0,0,0,0,0,0,0,0,0,0,0
1989,235,17,56,53.708,2,8,0,-1,1,0,1,1,50,0,0,0,1028,0,0,0,0,0,1,1,0,0,0,204.6301316,0,0,0,0,3,1,1,0.2,40,0,0,0,3,1,1,0.002,200,0,0,0,0,0,0,0,0,0,0,0,0,0,0,0,0,0,0,0,0,0,0,0,0,0,0,0,0,0,0,0,0,0,0,0,0,0,0,0,0,0,0,0,0,0,0,0,0,0,0,0
1989,235,17,58,6.789,2,8,0,-1,0,0,1,1,50,0,0,0,1028,0,0,0,0,0,1,1,0,0,0,204.5126888,0,0,0,0,3,1,1,0.2,40,0,0,0,3,1,1,0.002,200,0,0,0,0,0,0,0,0,0,0,0,0,0,0,0,0,0,0,0,0,0,0,0,0,0,0,0,0,0,0,0,0,0,0,0,0,0,0,0,0,0,0,0,0,0,0,0,0,0,0,0
1989,235,17,58,29.708,2,8,0,-1,1,0,1,1,50,0,0,0,1028,0,0,0,0,0,1,1,0,0,0,204.4758563,0,0,0,0,3,1,1,0.2,40,0,0,0,3,1,1,0.002,200,0,0,0,0,0,0,0,0,0,0,0,0,0,0,0,0,0,0,0,0,0,0,0,0,0,0,0,0,0,0,0,0,0,0,0,0,0,0,0,0,0,0,0,0,0,0,0,0,0,0,0
1989,235,17,59,42.789,2,8,0,-1,0,0,1,1,50,0,0,0,1028,0,0,0,0,0,1,1,0,0,0,204.3584126,0,0,0,0,3,1,1,0.2,40,0,0,0,3,1,1,0.002,200,0,0,0,0,0,0,0,0,0,0,0,0,0,0,0,0,0,0,0,0,0,0,0,0,0,0,0,0,0,0,0,0,0,0,0,0,0,0,0,0,0,0,0,0,0,0,0,0,0,0,0
1989,235,18,0,5.709,2,8,0,-1,1,0,1,1,50,0,0,0,1028,0,0,0,0,0,1,1,0,0,0,204.3215789,0,0,0,0,3,1,1,0.2,40,0,0,0,3,1,1,0.002,200,0,0,0,0,0,0,0,0,0,0,0,0,0,0,0,0,0,0,0,0,0,0,0,0,0,0,0,0,0,0,0,0,0,0,0,0,0,0,0,0,0,0,0,0,0,0,0,0,0,0,0
1989,235,18,1,18.789,2,8,0,-1,0,0,1,1,50,0,0,0,1028,0,0,0,0,0,1,1,0,0,0,204.204135,0,0,0,0,3,1,1,0.2,40,0,0,0,3,1,1,0.002,200,0,0,0,0,0,0,0,0,0,0,0,0,0,0,0,0,0,0,0,0,0,0,0,0,0,0,0,0,0,0,0,0,0,0,0,0,0,0,0,0,0,0,0,0,0,0,0,0,0,0,0
1989,235,18,1,41.708,2,8,0,-1,1,0,1,1,50,0,0,0,1028,0,0,0,0,0,1,1,0,0,0,204.1673026,0,0,0,0,3,1,1,0.2,40,0,0,0,3,1,1,0.002,200,0,0,0,0,0,0,0,0,0,0,0,0,0,0,0,0,0,0,0,0,0,0,0,0,0,0,0,0,0,0,0,0,0,0,0,0,0,0,0,0,0,0,0,0,0,0,0,0,0,0,0
1989,235,18,8,30.787,2,8,0,-1,0,0,1,1,50,0,0,0,1028,0,0,0,0,0,1,1,0,0,0,203.5098717,0,0,0,0,3,1,1,0.2,40,0,0,0,3,1,1,0.002,200,0,0,0,0,0,0,0,0,0,0,0,0,0,0,0,0,0,0,0,0,0,0,0,0,0,0,0,0,0,0,0,0,0,0,0,0,0,0,0,0,0,0,0,0,0,0,0,0,0,0,0
1989,235,18,8,53.707,2,8,0,-1,1,0,1,1,50,0,0,0,1028,0,0,0,0,0,1,1,0,0,0,203.4730363,0,0,0,0,3,1,1,0.2,40,0,0,0,3,1,1,0.002,200,0,0,0,0,0,0,0,0,0,0,0,0,0,0,0,0,0,0,0,0,0,0,0,0,0,0,0,0,0,0,0,0,0,0,0,0,0,0,0,0,0,0,0,0,0,0,0,0,0,0,0
1989,235,18,10,6.788,2,8,0,-1,0,0,1,1,50,0,0,0,1028,0,0,0,0,0,1,1,0,0,0,203.355586,0,0,0,0,3,1,1,0.2,40,0,0,0,3,1,1,0.002,200,0,0,0,0,0,0,0,0,0,0,0,0,0,0,0,0,0,0,0,0,0,0,0,0,0,0,0,0,0,0,0,0,0,0,0,0,0,0,0,0,0,0,0,0,0,0,0,0,0,0,0
1989,235,18,10,29.707,2,8,0,-1,1,0,1,1,50,0,0,0,1028,0,0,0,0,0,1,1,0,0,0,203.3187519,0,0,0,0,3,1,1,0.2,40,0,0,0,3,1,1,0.002,200,0,0,0,0,0,0,0,0,0,0,0,0,0,0,0,0,0,0,0,0,0,0,0,0,0,0,0,0,0,0,0,0,0,0,0,0,0,0,0,0,0,0,0,0,0,0,0,0,0,0,0
1989,235,18,11,42.787,2,8,0,-1,0,0,1,1,50,0,0,0,1028,0,0,0,0,0,1,1,0,0,0,203.2013005,0,0,0,0,3,1,1,0.2,40,0,0,0,3,1,1,0.002,200,0,0,0,0,0,0,0,0,0,0,0,0,0,0,0,0,0,0,0,0,0,0,0,0,0,0,0,0,0,0,0,0,0,0,0,0,0,0,0,0,0,0,0,0,0,0,0,0,0,0,0
1989,235,18,12,5.708,2,8,0,-1,1,0,1,1,50,0,0,0,1028,0,0,0,0,0,1,1,0,0,0,203.1644637,0,0,0,0,3,1,1,0.2,40,0,0,0,3,1,1,0.002,200,0,0,0,0,0,0,0,0,0,0,0,0,0,0,0,0,0,0,0,0,0,0,0,0,0,0,0,0,0,0,0,0,0,0,0,0,0,0,0,0,0,0,0,0,0,0,0,0,0,0,0
1989,235,18,13,18.788,2,8,0,-1,0,0,1,1,50,0,0,0,1028,0,0,0,0,0,1,1,0,0,0,203.0470121,0,0,0,0,3,1,1,0.2,40,0,0,0,3,1,1,0.002,200,0,0,0,0,0,0,0,0,0,0,0,0,0,0,0,0,0,0,0,0,0,0,0,0,0,0,0,0,0,0,0,0,0,0,0,0,0,0,0,0,0,0,0,0,0,0,0,0,0,0,0
1989,235,18,13,41.707,2,8,0,-1,1,0,1,1,50,0,0,0,1028,0,0,0,0,0,1,1,0,0,0,203.0101773,0,0,0,0,3,1,1,0.2,40,0,0,0,3,1,1,0.002,200,0,0,0,0,0,0,0,0,0,0,0,0,0,0,0,0,0,0,0,0,0,0,0,0,0,0,0,0,0,0,0,0,0,0,0,0,0,0,0,0,0,0,0,0,0,0,0,0,0,0,0
1989,235,18,14,54.788,2,8,0,-1,0,0,1,1,50,0,0,0,1028,0,0,0,0,0,1,1,0,0,0,202.8927231,0,0,0,0,3,1,1,0.2,40,0,0,0,3,1,1,0.002,200,0,0,0,0,0,0,0,0,0,0,0,0,0,0,0,0,0,0,0,0,0,0,0,0,0,0,0,0,0,0,0,0,0,0,0,0,0,0,0,0,0,0,0,0,0,0,0,0,0,0,0
1989,235,18,15,17.707,2,8,0,-1,1,0,1,1,50,0,0,0,1028,0,0,0,0,0,1,1,0,0,0,202.8558872,0,0,0,0,3,1,1,0.2,40,0,0,0,3,1,1,0.002,200,0,0,0,0,0,0,0,0,0,0,0,0,0,0,0,0,0,0,0,0,0,0,0,0,0,0,0,0,0,0,0,0,0,0,0,0,0,0,0,0,0,0,0,0,0,0,0,0,0,0,0
1989,235,18,18,54.788,2,8,0,-1,0,0,1,1,50,0,0,0,1028,0,0,0,0,0,1,1,0,0,0,202.5069947,0,0,0,0,3,1,1,0.2,40,0,0,0,3,1,1,0.002,200,0,0,0,0,0,0,0,0,0,0,0,0,0,0,0,0,0,0,0,0,0,0,0,0,0,0,0,0,0,0,0,0,0,0,0,0,0,0,0,0,0,0,0,0,0,0,0,0,0,0,0
1989,235,18,19,17.707,2,8,0,-1,1,0,1,1,50,0,0,0,1028,0,0,0,0,0,1,1,0,0,0,202.470158,0,0,0,0,3,1,1,0.2,40,0,0,0,3,1,1,0.002,200,0,0,0,0,0,0,0,0,0,0,0,0,0,0,0,0,0,0,0,0,0,0,0,0,0,0,0,0,0,0,0,0,0,0,0,0,0,0,0,0,0,0,0,0,0,0,0,0,0,0,0
1989,235,18,20,30.787,2,8,0,-1,0,0,1,1,50,0,0,0,1028,0,0,0,0,0,1,1,0,0,0,202.3527026,0,0,0,0,3,1,1,0.2,40,0,0,0,3,1,1,0.002,200,0,0,0,0,0,0,0,0,0,0,0,0,0,0,0,0,0,0,0,0,0,0,0,0,0,0,0,0,0,0,0,0,0,0,0,0,0,0,0,0,0,0,0,0,0,0,0,0,0,0,0
1989,235,18,20,53.707,2,8,0,-1,1,0,1,1,50,0,0,0,1028,0,0,0,0,0,1,1,0,0,0,202.3158648,0,0,0,0,3,1,1,0.2,40,0,0,0,3,1,1,0.002,200,0,0,0,0,0,0,0,0,0,0,0,0,0,0,0,0,0,0,0,0,0,0,0,0,0,0,0,0,0,0,0,0,0,0,0,0,0,0,0,0,0,0,0,0,0,0,0,0,0,0,0
1989,235,18,22,6.787,2,8,0,-1,0,0,1,1,50,0,0,0,1028,0,0,0,0,0,1,1,0,0,0,202.1984076,0,0,0,0,3,1,1,0.2,40,0,0,0,3,1,1,0.002,200,0,0,0,0,0,0,0,0,0,0,0,0,0,0,0,0,0,0,0,0,0,0,0,0,0,0,0,0,0,0,0,0,0,0,0,0,0,0,0,0,0,0,0,0,0,0,0,0,0,0,0
1989,235,18,22,29.706,2,8,0,-1,1,0,1,1,50,0,0,0,1028,0,0,0,0,0,1,1,0,0,0,202.161571,0,0,0,0,3,1,1,0.2,40,0,0,0,3,1,1,0.002,200,0,0,0,0,0,0,0,0,0,0,0,0,0,0,0,0,0,0,0,0,0,0,0,0,0,0,0,0,0,0,0,0,0,0,0,0,0,0,0,0,0,0,0,0,0,0,0,0,0,0,0
1989,235,18,23,42.787,2,8,0,-1,0,0,1,1,50,0,0,0,1028,0,0,0,0,0,1,1,0,0,0,202.0441111,0,0,0,0,3,1,1,0.2,40,0,0,0,3,1,1,0.002,200,0,0,0,0,0,0,0,0,0,0,0,0,0,0,0,0,0,0,0,0,0,0,0,0,0,0,0,0,0,0,0,0,0,0,0,0,0,0,0,0,0,0,0,0,0,0,0,0,0,0,0
1989,235,18,24,5.707,2,8,0,-1,1,0,1,1,50,0,0,0,1028,0,0,0,0,0,1,1,0,0,0,202.0072726,0,0,0,0,3,1,1,0.2,40,0,0,0,3,1,1,0.002,200,0,0,0,0,0,0,0,0,0,0,0,0,0,0,0,0,0,0,0,0,0,0,0,0,0,0,0,0,0,0,0,0,0,0,0,0,0,0,0,0,0,0,0,0,0,0,0,0,0,0,0
1989,235,18,25,18.787,2,8,0,-1,0,0,1,1,50,0,0,0,1028,0,0,0,0,0,1,1,0,0,0,201.8898133,0,0,0,0,3,1,1,0.2,40,0,0,0,3,1,1,0.002,200,0,0,0,0,0,0,0,0,0,0,0,0,0,0,0,0,0,0,0,0,0,0,0,0,0,0,0,0,0,0,0,0,0,0,0,0,0,0,0,0,0,0,0,0,0,0,0,0,0,0,0
1989,235,18,25,41.706,2,8,0,-1,1,0,1,1,50,0,0,0,1028,0,0,0,0,0,1,1,0,0,0,201.8529761,0,0,0,0,3,1,1,0.2,40,0,0,0,3,1,1,0.002,200,0,0,0,0,0,0,0,0,0,0,0,0,0,0,0,0,0,0,0,0,0,0,0,0,0,0,0,0,0,0,0,0,0,0,0,0,0,0,0,0,0,0,0,0,0,0,0,0,0,0,0
1989,235,18,26,54.787,2,8,0,-1,0,0,1,1,50,0,0,0,1028,0,0,0,0,0,1,1,0,0,0,201.7355142,0,0,0,0,3,1,1,0.2,40,0,0,0,3,1,1,0.002,200,0,0,0,0,0,0,0,0,0,0,0,0,0,0,0,0,0,0,0,0,0,0,0,0,0,0,0,0,0,0,0,0,0,0,0,0,0,0,0,0,0,0,0,0,0,0,0,0,0,0,0
1989,235,18,27,17.706,2,8,0,-1,1,0,1,1,50,0,0,0,1028,0,0,0,0,0,1,1,0,0,0,201.6986758,0,0,0,0,3,1,1,0.2,40,0,0,0,3,1,1,0.002,200,0,0,0,0,0,0,0,0,0,0,0,0,0,0,0,0,0,0,0,0,0,0,0,0,0,0,0,0,0,0,0,0,0,0,0,0,0,0,0,0,0,0,0,0,0,0,0,0,0,0,0
1989,235,18,30,54.787,2,8,0,-1,0,0,1,1,50,0,0,0,1028,0,0,0,0,0,1,1,0,0,0,201.3497603,0,0,0,0,3,1,1,0.2,40,0,0,0,3,1,1,0.002,200,0,0,0,0,0,0,0,0,0,0,0,0,0,0,0,0,0,0,0,0,0,0,0,0,0,0,0,0,0,0,0,0,0,0,0,0,0,0,0,0,0,0,0,0,0,0,0,0,0,0,0
1989,235,18,31,17.707,2,8,0,-1,1,0,1,1,50,0,0,0,1028,0,0,0,0,0,1,1,0,0,0,201.3129212,0,0,0,0,3,1,1,0.2,40,0,0,0,3,1,1,0.002,200,0,0,0,0,0,0,0,0,0,0,0,0,0,0,0,0,0,0,0,0,0,0,0,0,0,0,0,0,0,0,0,0,0,0,0,0,0,0,0,0,0,0,0,0,0,0,0,0,0,0,0
1989,235,18,32,30.787,2,8,0,-1,0,0,1,1,50,0,0,0,1028,0,0,0,0,0,1,1,0,0,0,201.1954563,0,0,0,0,3,1,1,0.2,40,0,0,0,3,1,1,0.002,200,0,0,0,0,0,0,0,0,0,0,0,0,0,0,0,0,0,0,0,0,0,0,0,0,0,0,0,0,0,0,0,0,0,0,0,0,0,0,0,0,0,0,0,0,0,0,0,0,0,0,0
1989,235,18,32,53.706,2,8,0,-1,1,0,1,1,50,0,0,0,1028,0,0,0,0,0,1,1,0,0,0,201.1586169,0,0,0,0,3,1,1,0.2,40,0,0,0,3,1,1,0.002,200,0,0,0,0,0,0,0,0,0,0,0,0,0,0,0,0,0,0,0,0,0,0,0,0,0,0,0,0,0,0,0,0,0,0,0,0,0,0,0,0,0,0,0,0,0,0,0,0,0,0,0
1989,235,18,34,6.786,2,8,0,-1,0,0,1,1,50,0,0,0,1028,0,0,0,0,0,1,1,0,0,0,201.0411526,0,0,0,0,3,1,1,0.2,40,0,0,0,3,1,1,0.002,200,0,0,0,0,0,0,0,0,0,0,0,0,0,0,0,0,0,0,0,0,0,0,0,0,0,0,0,0,0,0,0,0,0,0,0,0,0,0,0,0,0,0,0,0,0,0,0,0,0,0,0
1989,235,18,34,29.705,2,8,0,-1,1,0,1,1,50,0,0,0,1028,0,0,0,0,0,1,1,0,0,0,201.0043136,0,0,0,0,3,1,1,0.2,40,0,0,0,3,1,1,0.002,200,0,0,0,0,0,0,0,0,0,0,0,0,0,0,0,0,0,0,0,0,0,0,0,0,0,0,0,0,0,0,0,0,0,0,0,0,0,0,0,0,0,0,0,0,0,0,0,0,0,0,0
1989,235,18,35,42.786,2,8,0,-1,0,0,1,1,50,0,0,0,1028,0,0,0,0,0,1,1,0,0,0,200.8868459,0,0,0,0,3,1,1,0.2,40,0,0,0,3,1,1,0.002,200,0,0,0,0,0,0,0,0,0,0,0,0,0,0,0,0,0,0,0,0,0,0,0,0,0,0,0,0,0,0,0,0,0,0,0,0,0,0,0,0,0,0,0,0,0,0,0,0,0,0,0
1989,235,18,36,5.706,2,8,0,-1,1,0,1,1,50,0,0,0,1028,0,0,0,0,0,1,1,0,0,0,200.850005,0,0,0,0,3,1,1,0.2,40,0,0,0,3,1,1,0.002,200,0,0,0,0,0,0,0,0,0,0,0,0,0,0,0,0,0,0,0,0,0,0,0,0,0,0,0,0,0,0,0,0,0,0,0,0,0,0,0,0,0,0,0,0,0,0,0,0,0,0,0
1989,235,18,37,18.786,2,8,0,-1,0,0,1,1,50,0,0,0,1028,0,0,0,0,0,1,1,0,0,0,200.7325379,0,0,0,0,3,1,1,0.2,40,0,0,0,3,1,1,0.002,200,0,0,0,0,0,0,0,0,0,0,0,0,0,0,0,0,0,0,0,0,0,0,0,0,0,0,0,0,0,0,0,0,0,0,0,0,0,0,0,0,0,0,0,0,0,0,0,0,0,0,0
1989,235,18,37,41.705,2,8,0,-1,1,0,1,1,50,0,0,0,1028,0,0,0,0,0,1,1,0,0,0,200.6956982,0,0,0,0,3,1,1,0.2,40,0,0,0,3,1,1,0.002,200,0,0,0,0,0,0,0,0,0,0,0,0,0,0,0,0,0,0,0,0,0,0,0,0,0,0,0,0,0,0,0,0,0,0,0,0,0,0,0,0,0,0,0,0,0,0,0,0,0,0,0
1989,235,18,38,54.786,2,8,0,-1,0,0,1,1,50,0,0,0,1028,0,0,0,0,0,1,1,0,0,0,200.5782284,0,0,0,0,3,1,1,0.2,40,0,0,0,3,1,1,0.002,200,0,0,0,0,0,0,0,0,0,0,0,0,0,0,0,0,0,0,0,0,0,0,0,0,0,0,0,0,0,0,0,0,0,0,0,0,0,0,0,0,0,0,0,0,0,0,0,0,0,0,0
1989,235,18,39,17.706,2,8,0,-1,1,0,1,1,50,0,0,0,1028,0,0,0,0,0,1,1,0,0,0,200.5413876,0,0,0,0,3,1,1,0.2,40,0,0,0,3,1,1,0.002,200,0,0,0,0,0,0,0,0,0,0,0,0,0,0,0,0,0,0,0,0,0,0,0,0,0,0,0,0,0,0,0,0,0,0,0,0,0,0,0,0,0,0,0,0,0,0,0,0,0,0,0
1989,235,18,42,54.786,2,8,0,-1,0,0,1,1,50,0,0,0,1028,0,0,0,0,0,1,1,0,0,0,200.1924487,0,0,0,0,3,1,1,0.2,40,0,0,0,3,1,1,0.002,200,0,0,0,0,0,0,0,0,0,0,0,0,0,0,0,0,0,0,0,0,0,0,0,0,0,0,0,0,0,0,0,0,0,0,0,0,0,0,0,0,0,0,0,0,0,0,0,0,0,0,0
1989,235,18,43,17.706,2,8,0,-1,1,0,1,1,50,0,0,0,1028,0,0,0,0,0,1,1,0,0,0,200.1556071,0,0,0,0,3,1,1,0.2,40,0,0,0,3,1,1,0.002,200,0,0,0,0,0,0,0,0,0,0,0,0,0,0,0,0,0,0,0,0,0,0,0,0,0,0,0,0,0,0,0,0,0,0,0,0,0,0,0,0,0,0,0,0,0,0,0,0,0,0,0
1989,235,18,44,30.786,2,8,0,-1,0,0,1,1,50,0,0,0,1028,0,0,0,0,0,1,1,0,0,0,200.0381344,0,0,0,0,3,1,1,0.2,40,0,0,0,3,1,1,0.002,200,0,0,0,0,0,0,0,0,0,0,0,0,0,0,0,0,0,0,0,0,0,0,0,0,0,0,0,0,0,0,0,0,0,0,0,0,0,0,0,0,0,0,0,0,0,0,0,0,0,0,0
1989,235,18,44,53.706,2,8,0,-1,1,0,1,1,50,0,0,0,1028,0,0,0,0,0,1,1,0,0,0,200.0012925,0,0,0,0,3,1,1,0.2,40,0,0,0,3,1,1,0.002,200,0,0,0,0,0,0,0,0,0,0,0,0,0,0,0,0,0,0,0,0,0,0,0,0,0,0,0,0,0,0,0,0,0,0,0,0,0,0,0,0,0,0,0,0,0,0,0,0,0,0,0
1989,235,18,46,6.785,2,8,0,-1,0,0,1,1,50,0,0,0,1028,0,0,0,0,0,1,1,0,0,0,199.8838195,0,0,0,0,3,1,1,0.2,40,0,0,0,3,1,1,0.002,200,0,0,0,0,0,0,0,0,0,0,0,0,0,0,0,0,0,0,0,0,0,0,0,0,0,0,0,0,0,0,0,0,0,0,0,0,0,0,0,0,0,0,0,0,0,0,0,0,0,0,0
1989,235,18,46,29.705,2,8,0,-1,1,0,1,1,50,0,0,0,1028,0,0,0,0,0,1,1,0,0,0,199.8469773,0,0,0,0,3,1,1,0.2,40,0,0,0,3,1,1,0.002,200,0,0,0,0,0,0,0,0,0,0,0,0,0,0,0,0,0,0,0,0,0,0,0,0,0,0,0,0,0,0,0,0,0,0,0,0,0,0,0,0,0,0,0,0,0,0,0,0,0,0,0
1989,235,18,47,42.785,2,8,0,-1,0,0,1,1,50,0,0,0,1028,0,0,0,0,0,1,1,0,0,0,199.7295033,0,0,0,0,3,1,1,0.2,40,0,0,0,3,1,1,0.002,200,0,0,0,0,0,0,0,0,0,0,0,0,0,0,0,0,0,0,0,0,0,0,0,0,0,0,0,0,0,0,0,0,0,0,0,0,0,0,0,0,0,0,0,0,0,0,0,0,0,0,0
1989,235,18,48,5.705,2,8,0,-1,1,0,1,1,50,0,0,0,1028,0,0,0,0,0,1,1,0,0,0,199.6926599,0,0,0,0,3,1,1,0.2,40,0,0,0,3,1,1,0.002,200,0,0,0,0,0,0,0,0,0,0,0,0,0,0,0,0,0,0,0,0,0,0,0,0,0,0,0,0,0,0,0,0,0,0,0,0,0,0,0,0,0,0,0,0,0,0,0,0,0,0,0
1989,235,18,49,18.785,2,8,0,-1,0,0,1,1,50,0,0,0,1028,0,0,0,0,0,1,1,0,0,0,199.5751848,0,0,0,0,3,1,1,0.2,40,0,0,0,3,1,1,0.002,200,0,0,0,0,0,0,0,0,0,0,0,0,0,0,0,0,0,0,0,0,0,0,0,0,0,0,0,0,0,0,0,0,0,0,0,0,0,0,0,0,0,0,0,0,0,0,0,0,0,0,0
1989,235,18,49,41.704,2,8,0,-1,1,0,1,1,50,0,0,0,1028,0,0,0,0,0,1,1,0,0,0,199.5383427,0,0,0,0,3,1,1,0.2,40,0,0,0,3,1,1,0.002,200,0,0,0,0,0,0,0,0,0,0,0,0,0,0,0,0,0,0,0,0,0,0,0,0,0,0,0,0,0,0,0,0,0,0,0,0,0,0,0,0,0,0,0,0,0,0,0,0,0,0,0
1989,235,18,50,54.785,2,8,0,-1,0,0,1,1,50,0,0,0,1028,0,0,0,0,0,1,1,0,0,0,199.4208649,0,0,0,0,3,1,1,0.2,40,0,0,0,3,1,1,0.002,200,0,0,0,0,0,0,0,0,0,0,0,0,0,0,0,0,0,0,0,0,0,0,0,0,0,0,0,0,0,0,0,0,0,0,0,0,0,0,0,0,0,0,0,0,0,0,0,0,0,0,0
1989,235,18,51,17.705,2,8,0,-1,1,0,1,1,50,0,0,0,1028,0,0,0,0,0,1,1,0,0,0,199.3840208,0,0,0,0,3,1,1,0.2,40,0,0,0,3,1,1,0.002,200,0,0,0,0,0,0,0,0,0,0,0,0,0,0,0,0,0,0,0,0,0,0,0,0,0,0,0,0,0,0,0,0,0,0,0,0,0,0,0,0,0,0,0,0,0,0,0,0,0,0,0
1989,235,18,54,54.785,2,8,0,-1,0,0,1,1,50,0,0,0,1028,0,0,0,0,0,1,1,0,0,0,199.0350591,0,0,0,0,3,1,1,0.2,40,0,0,0,3,1,1,0.002,200,0,0,0,0,0,0,0,0,0,0,0,0,0,0,0,0,0,0,0,0,0,0,0,0,0,0,0,0,0,0,0,0,0,0,0,0,0,0,0,0,0,0,0,0,0,0,0,0,0,0,0
1989,235,18,55,17.705,2,8,0,-1,1,0,1,1,50,0,0,0,1028,0,0,0,0,0,1,1,0,0,0,198.9982142,0,0,0,0,3,1,1,0.2,40,0,0,0,3,1,1,0.002,200,0,0,0,0,0,0,0,0,0,0,0,0,0,0,0,0,0,0,0,0,0,0,0,0,0,0,0,0,0,0,0,0,0,0,0,0,0,0,0,0,0,0,0,0,0,0,0,0,0,0,0
1989,235,18,56,30.785,2,8,0,-1,0,0,1,1,50,0,0,0,1028,0,0,0,0,0,1,1,0,0,0,198.8807343,0,0,0,0,3,1,1,0.2,40,0,0,0,3,1,1,0.002,200,0,0,0,0,0,0,0,0,0,0,0,0,0,0,0,0,0,0,0,0,0,0,0,0,0,0,0,0,0,0,0,0,0,0,0,0,0,0,0,0,0,0,0,0,0,0,0,0,0,0,0
1989,235,18,56,53.705,2,8,0,-1,1,0,1,1,50,0,0,0,1028,0,0,0,0,0,1,1,0,0,0,198.8438899,0,0,0,0,3,1,1,0.2,40,0,0,0,3,1,1,0.002,200,0,0,0,0,0,0,0,0,0,0,0,0,0,0,0,0,0,0,0,0,0,0,0,0,0,0,0,0,0,0,0,0,0,0,0,0,0,0,0,0,0,0,0,0,0,0,0,0,0,0,0
1989,235,18,58,6.785,2,8,0,-1,0,0,1,1,50,0,0,0,1028,0,0,0,0,0,1,1,0,0,0,198.7264082,0,0,0,0,3,1,1,0.2,40,0,0,0,3,1,1,0.002,200,0,0,0,0,0,0,0,0,0,0,0,0,0,0,0,0,0,0,0,0,0,0,0,0,0,0,0,0,0,0,0,0,0,0,0,0,0,0,0,0,0,0,0,0,0,0,0,0,0,0,0
1989,235,18,58,29.704,2,8,0,-1,1,0,1,1,50,0,0,0,1028,0,0,0,0,0,1,1,0,0,0,198.6895634,0,0,0,0,3,1,1,0.2,40,0,0,0,3,1,1,0.002,200,0,0,0,0,0,0,0,0,0,0,0,0,0,0,0,0,0,0,0,0,0,0,0,0,0,0,0,0,0,0,0,0,0,0,0,0,0,0,0,0,0,0,0,0,0,0,0,0,0,0,0
1989,235,18,59,42.784,2,8,0,-1,0,0,1,1,50,0,0,0,1028,0,0,0,0,0,1,1,0,0,0,198.5720822,0,0,0,0,3,1,1,0.2,40,0,0,0,3,1,1,0.002,200,0,0,0,0,0,0,0,0,0,0,0,0,0,0,0,0,0,0,0,0,0,0,0,0,0,0,0,0,0,0,0,0,0,0,0,0,0,0,0,0,0,0,0,0,0,0,0,0,0,0,0
1989,235,19,0,5.704,2,8,0,-1,1,0,1,1,50,0,0,0,1028,0,0,0,0,0,1,1,0,0,0,198.5352363,0,0,0,0,3,1,1,0.2,40,0,0,0,3,1,1,0.002,200,0,0,0,0,0,0,0,0,0,0,0,0,0,0,0,0,0,0,0,0,0,0,0,0,0,0,0,0,0,0,0,0,0,0,0,0,0,0,0,0,0,0,0,0,0,0,0,0,0,0,0
1989,235,19,1,18.784,2,8,0,-1,0,0,1,1,50,0,0,0,1028,0,0,0,0,0,1,1,0,0,0,198.4177532,0,0,0,0,3,1,1,0.2,40,0,0,0,3,1,1,0.002,200,0,0,0,0,0,0,0,0,0,0,0,0,0,0,0,0,0,0,0,0,0,0,0,0,0,0,0,0,0,0,0,0,0,0,0,0,0,0,0,0,0,0,0,0,0,0,0,0,0,0,0
1989,235,19,1,41.703,2,8,0,-1,1,0,1,1,50,0,0,0,1028,0,0,0,0,0,1,1,0,0,0,198.3809077,0,0,0,0,3,1,1,0.2,40,0,0,0,3,1,1,0.002,200,0,0,0,0,0,0,0,0,0,0,0,0,0,0,0,0,0,0,0,0,0,0,0,0,0,0,0,0,0,0,0,0,0,0,0,0,0,0,0,0,0,0,0,0,0,0,0,0,0,0,0
1989,235,19,2,54.784,2,8,0,-1,0,0,1,1,50,0,0,0,1028,0,0,0,0,0,1,1,0,0,0,198.2634228,0,0,0,0,3,1,1,0.2,40,0,0,0,3,1,1,0.002,200,0,0,0,0,0,0,0,0,0,0,0,0,0,0,0,0,0,0,0,0,0,0,0,0,0,0,0,0,0,0,0,0,0,0,0,0,0,0,0,0,0,0,0,0,0,0,0,0,0,0,0
1989,235,19,3,17.704,2,8,0,-1,1,0,1,1,50,0,0,0,1028,0,0,0,0,0,1,1,0,0,0,198.2265762,0,0,0,0,3,1,1,0.2,40,0,0,0,3,1,1,0.002,200,0,0,0,0,0,0,0,0,0,0,0,0,0,0,0,0,0,0,0,0,0,0,0,0,0,0,0,0,0,0,0,0,0,0,0,0,0,0,0,0,0,0,0,0,0,0,0,0,0,0,0
1989,235,19,6,54.784,2,8,0,-1,0,0,1,1,50,0,0,0,1028,0,0,0,0,0,1,1,0,0,0,197.8775905,0,0,0,0,3,1,1,0.2,40,0,0,0,3,1,1,0.002,200,0,0,0,0,0,0,0,0,0,0,0,0,0,0,0,0,0,0,0,0,0,0,0,0,0,0,0,0,0,0,0,0,0,0,0,0,0,0,0,0,0,0,0,0,0,0,0,0,0,0,0
1989,235,19,7,17.704,2,8,0,-1,1,0,1,1,50,0,0,0,1028,0,0,0,0,0,1,1,0,0,0,197.8407431,0,0,0,0,3,1,1,0.2,40,0,0,0,3,1,1,0.002,200,0,0,0,0,0,0,0,0,0,0,0,0,0,0,0,0,0,0,0,0,0,0,0,0,0,0,0,0,0,0,0,0,0,0,0,0,0,0,0,0,0,0,0,0,0,0,0,0,0,0,0
1989,235,19,8,30.784,2,8,0,-1,0,0,1,1,50,0,0,0,1028,0,0,0,0,0,1,1,0,0,0,197.7232552,0,0,0,0,3,1,1,0.2,40,0,0,0,3,1,1,0.002,200,0,0,0,0,0,0,0,0,0,0,0,0,0,0,0,0,0,0,0,0,0,0,0,0,0,0,0,0,0,0,0,0,0,0,0,0,0,0,0,0,0,0,0,0,0,0,0,0,0,0,0
1989,235,19,8,53.704,2,8,0,-1,1,0,1,1,50,0,0,0,1028,0,0,0,0,0,1,1,0,0,0,197.6864074,0,0,0,0,3,1,1,0.2,40,0,0,0,3,1,1,0.002,200,0,0,0,0,0,0,0,0,0,0,0,0,0,0,0,0,0,0,0,0,0,0,0,0,0,0,0,0,0,0,0,0,0,0,0,0,0,0,0,0,0,0,0,0,0,0,0,0,0,0,0
1989,235,19,10,6.784,2,8,0,-1,0,0,1,1,50,0,0,0,1028,0,0,0,0,0,1,1,0,0,0,197.5689184,0,0,0,0,3,1,1,0.2,40,0,0,0,3,1,1,0.002,200,0,0,0,0,0,0,0,0,0,0,0,0,0,0,0,0,0,0,0,0,0,0,0,0,0,0,0,0,0,0,0,0,0,0,0,0,0,0,0,0,0,0,0,0,0,0,0,0,0,0,0
1989,235,19,10,29.703,2,8,0,-1,1,0,1,1,50,0,0,0,1028,0,0,0,0,0,1,1,0,0,0,197.5320711,0,0,0,0,3,1,1,0.2,40,0,0,0,3,1,1,0.002,200,0,0,0,0,0,0,0,0,0,0,0,0,0,0,0,0,0,0,0,0,0,0,0,0,0,0,0,0,0,0,0,0,0,0,0,0,0,0,0,0,0,0,0,0,0,0,0,0,0,0,0
1989,235,19,11,42.783,2,8,0,-1,0,0,1,1,50,0,0,0,1028,0,0,0,0,0,1,1,0,0,0,197.414581,0,0,0,0,3,1,1,0.2,40,0,0,0,3,1,1,0.002,200,0,0,0,0,0,0,0,0,0,0,0,0,0,0,0,0,0,0,0,0,0,0,0,0,0,0,0,0,0,0,0,0,0,0,0,0,0,0,0,0,0,0,0,0,0,0,0,0,0,0,0
1989,235,19,12,5.703,2,8,0,-1,1,0,1,1,50,0,0,0,1028,0,0,0,0,0,1,1,0,0,0,197.3777325,0,0,0,0,3,1,1,0.2,40,0,0,0,3,1,1,0.002,200,0,0,0,0,0,0,0,0,0,0,0,0,0,0,0,0,0,0,0,0,0,0,0,0,0,0,0,0,0,0,0,0,0,0,0,0,0,0,0,0,0,0,0,0,0,0,0,0,0,0,0
1989,235,19,13,18.783,2,8,0,-1,0,0,1,1,50,0,0,0,1028,0,0,0,0,0,1,1,0,0,0,197.2602421,0,0,0,0,3,1,1,0.2,40,0,0,0,3,1,1,0.002,200,0,0,0,0,0,0,0,0,0,0,0,0,0,0,0,0,0,0,0,0,0,0,0,0,0,0,0,0,0,0,0,0,0,0,0,0,0,0,0,0,0,0,0,0,0,0,0,0,0,0,0
1989,235,19,13,41.702,2,8,0,-1,1,0,1,1,50,0,0,0,1028,0,0,0,0,0,1,1,0,0,0,197.2233941,0,0,0,0,3,1,1,0.2,40,0,0,0,3,1,1,0.002,200,0,0,0,0,0,0,0,0,0,0,0,0,0,0,0,0,0,0,0,0,0,0,0,0,0,0,0,0,0,0,0,0,0,0,0,0,0,0,0,0,0,0,0,0,0,0,0,0,0,0,0
1989,235,19,14,54.783,2,8,0,-1,0,0,1,1,50,0,0,0,1028,0,0,0,0,0,1,1,0,0,0,197.105901,0,0,0,0,3,1,1,0.2,40,0,0,0,3,1,1,0.002,200,0,0,0,0,0,0,0,0,0,0,0,0,0,0,0,0,0,0,0,0,0,0,0,0,0,0,0,0,0,0,0,0,0,0,0,0,0,0,0,0,0,0,0,0,0,0,0,0,0,0,0
1989,235,19,15,17.703,2,8,0,-1,1,0,1,1,50,0,0,0,1028,0,0,0,0,0,1,1,0,0,0,197.0690519,0,0,0,0,3,1,1,0.2,40,0,0,0,3,1,1,0.002,200,0,0,0,0,0,0,0,0,0,0,0,0,0,0,0,0,0,0,0,0,0,0,0,0,0,0,0,0,0,0,0,0,0,0,0,0,0,0,0,0,0,0,0,0,0,0,0,0,0,0,0
1989,235,19,24,5.703,2,8,0,-1,1,0,1,1,50,0,0,0,1028,0,0,0,0,0,1,1,0,0,0,196.2201484,0,0,0,0,3,1,1,0.2,40,0,0,0,3,1,1,0.002,200,0,0,0,0,0,0,0,0,0,0,0,0,0,0,0,0,0,0,0,0,0,0,0,0,0,0,0,0,0,0,0,0,0,0,0,0,0,0,0,0,0,0,0,0,0,0,0,0,0,0,0
1989,235,19,25,18.782,2,8,0,-1,0,0,1,1,50,0,0,0,1028,0,0,0,0,0,1,1,0,0,0,196.1026498,0,0,0,0,3,1,1,0.2,40,0,0,0,3,1,1,0.002,200,0,0,0,0,0,0,0,0,0,0,0,0,0,0,0,0,0,0,0,0,0,0,0,0,0,0,0,0,0,0,0,0,0,0,0,0,0,0,0,0,0,0,0,0,0,0,0,0,0,0,0
1989,235,19,25,41.702,2,8,0,-1,1,0,1,1,50,0,0,0,1028,0,0,0,0,0,1,1,0,0,0,196.0657984,0,0,0,0,3,1,1,0.2,40,0,0,0,3,1,1,0.002,200,0,0,0,0,0,0,0,0,0,0,0,0,0,0,0,0,0,0,0,0,0,0,0,0,0,0,0,0,0,0,0,0,0,0,0,0,0,0,0,0,0,0,0,0,0,0,0,0,0,0,0
1989,235,19,26,54.782,2,8,0,-1,0,0,1,1,50,0,0,0,1028,0,0,0,0,0,1,1,0,0,0,195.9482988,0,0,0,0,3,1,1,0.2,40,0,0,0,3,1,1,0.002,200,0,0,0,0,0,0,0,0,0,0,0,0,0,0,0,0,0,0,0,0,0,0,0,0,0,0,0,0,0,0,0,0,0,0,0,0,0,0,0,0,0,0,0,0,0,0,0,0,0,0,0
1989,235,19,27,17.702,2,8,0,-1,1,0,1,1,50,0,0,0,1028,0,0,0,0,0,1,1,0,0,0,195.911447,0,0,0,0,3,1,1,0.2,40,0,0,0,3,1,1,0.002,200,0,0,0,0,0,0,0,0,0,0,0,0,0,0,0,0,0,0,0,0,0,0,0,0,0,0,0,0,0,0,0,0,0,0,0,0,0,0,0,0,0,0,0,0,0,0,0,0,0,0,0
1989,235,19,30,54.782,2,8,0,-1,0,0,1,1,50,0,0,0,1028,0,0,0,0,0,1,1,0,0,0,195.5624127,0,0,0,0,3,1,1,0.2,40,0,0,0,3,1,1,0.002,200,0,0,0,0,0,0,0,0,0,0,0,0,0,0,0,0,0,0,0,0,0,0,0,0,0,0,0,0,0,0,0,0,0,0,0,0,0,0,0,0,0,0,0,0,0,0,0,0,0,0,0
1989,235,19,31,17.702,2,8,0,-1,1,0,1,1,50,0,0,0,1028,0,0,0,0,0,1,1,0,0,0,195.5255601,0,0,0,0,3,1,1,0.2,40,0,0,0,3,1,1,0.002,200,0,0,0,0,0,0,0,0,0,0,0,0,0,0,0,0,0,0,0,0,0,0,0,0,0,0,0,0,0,0,0,0,0,0,0,0,0,0,0,0,0,0,0,0,0,0,0,0,0,0,0
1989,235,19,32,30.782,2,8,0,-1,0,0,1,1,50,0,0,0,1028,0,0,0,0,0,1,1,0,0,0,195.4080558,0,0,0,0,3,1,1,0.2,40,0,0,0,3,1,1,0.002,200,0,0,0,0,0,0,0,0,0,0,0,0,0,0,0,0,0,0,0,0,0,0,0,0,0,0,0,0,0,0,0,0,0,0,0,0,0,0,0,0,0,0,0,0,0,0,0,0,0,0,0
1989,235,19,32,53.702,2,8,0,-1,1,0,1,1,50,0,0,0,1028,0,0,0,0,0,1,1,0,0,0,195.3712028,0,0,0,0,3,1,1,0.2,40,0,0,0,3,1,1,0.002,200,0,0,0,0,0,0,0,0,0,0,0,0,0,0,0,0,0,0,0,0,0,0,0,0,0,0,0,0,0,0,0,0,0,0,0,0,0,0,0,0,0,0,0,0,0,0,0,0,0,0,0
1989,235,19,34,6.782,2,8,0,-1,0,0,1,1,50,0,0,0,1028,0,0,0,0,0,1,1,0,0,0,195.2536974,0,0,0,0,3,1,1,0.2,40,0,0,0,3,1,1,0.002,200,0,0,0,0,0,0,0,0,0,0,0,0,0,0,0,0,0,0,0,0,0,0,0,0,0,0,0,0,0,0,0,0,0,0,0,0,0,0,0,0,0,0,0,0,0,0,0,0,0,0,0
1989,235,19,34,29.702,2,8,0,-1,1,0,1,1,50,0,0,0,1028,0,0,0,0,0,1,1,0,0,0,195.2168441,0,0,0,0,3,1,1,0.2,40,0,0,0,3,1,1,0.002,200,0,0,0,0,0,0,0,0,0,0,0,0,0,0,0,0,0,0,0,0,0,0,0,0,0,0,0,0,0,0,0,0,0,0,0,0,0,0,0,0,0,0,0,0,0,0,0,0,0,0,0
1989,235,19,35,42.782,2,8,0,-1,0,0,1,1,50,0,0,0,1028,0,0,0,0,0,1,1,0,0,0,195.0993375,0,0,0,0,3,1,1,0.2,40,0,0,0,3,1,1,0.002,200,0,0,0,0,0,0,0,0,0,0,0,0,0,0,0,0,0,0,0,0,0,0,0,0,0,0,0,0,0,0,0,0,0,0,0,0,0,0,0,0,0,0,0,0,0,0,0,0,0,0,0
1989,235,19,36,5.702,2,8,0,-1,1,0,1,1,50,0,0,0,1028,0,0,0,0,0,1,1,0,0,0,195.0624838,0,0,0,0,3,1,1,0.2,40,0,0,0,3,1,1,0.002,200,0,0,0,0,0,0,0,0,0,0,0,0,0,0,0,0,0,0,0,0,0,0,0,0,0,0,0,0,0,0,0,0,0,0,0,0,0,0,0,0,0,0,0,0,0,0,0,0,0,0,0
1989,235,19,37,18.782,2,8,0,-1,0,0,1,1,50,0,0,0,1028,0,0,0,0,0,1,1,0,0,0,194.9449761,0,0,0,0,3,1,1,0.2,40,0,0,0,3,1,1,0.002,200,0,0,0,0,0,0,0,0,0,0,0,0,0,0,0,0,0,0,0,0,0,0,0,0,0,0,0,0,0,0,0,0,0,0,0,0,0,0,0,0,0,0,0,0,0,0,0,0,0,0,0
1989,235,19,37,41.702,2,8,0,-1,1,0,1,1,50,0,0,0,1028,0,0,0,0,0,1,1,0,0,0,194.9081222,0,0,0,0,3,1,1,0.2,40,0,0,0,3,1,1,0.002,200,0,0,0,0,0,0,0,0,0,0,0,0,0,0,0,0,0,0,0,0,0,0,0,0,0,0,0,0,0,0,0,0,0,0,0,0,0,0,0,0,0,0,0,0,0,0,0,0,0,0,0
1989,235,19,38,54.781,2,8,0,-1,0,0,1,1,50,0,0,0,1028,0,0,0,0,0,1,1,0,0,0,194.790615,0,0,0,0,3,1,1,0.2,40,0,0,0,3,1,1,0.002,200,0,0,0,0,0,0,0,0,0,0,0,0,0,0,0,0,0,0,0,0,0,0,0,0,0,0,0,0,0,0,0,0,0,0,0,0,0,0,0,0,0,0,0,0,0,0,0,0,0,0,0
1989,235,19,39,17.701,2,8,0,-1,1,0,1,1,50,0,0,0,1028,0,0,0,0,0,1,1,0,0,0,194.7537614,0,0,0,0,3,1,1,0.2,40,0,0,0,3,1,1,0.002,200,0,0,0,0,0,0,0,0,0,0,0,0,0,0,0,0,0,0,0,0,0,0,0,0,0,0,0,0,0,0,0,0,0,0,0,0,0,0,0,0,0,0,0,0,0,0,0,0,0,0,0
1989,235,19,42,54.781,2,8,0,-1,0,0,1,1,50,0,0,0,1028,0,0,0,0,0,1,1,0,0,0,194.4047015,0,0,0,0,3,1,1,0.2,40,0,0,0,3,1,1,0.002,200,0,0,0,0,0,0,0,0,0,0,0,0,0,0,0,0,0,0,0,0,0,0,0,0,0,0,0,0,0,0,0,0,0,0,0,0,0,0,0,0,0,0,0,0,0,0,0,0,0,0,0
1989,235,19,43,17.701,2,8,0,-1,1,0,1,1,50,0,0,0,1028,0,0,0,0,0,1,1,0,0,0,194.3678471,0,0,0,0,3,1,1,0.2,40,0,0,0,3,1,1,0.002,200,0,0,0,0,0,0,0,0,0,0,0,0,0,0,0,0,0,0,0,0,0,0,0,0,0,0,0,0,0,0,0,0,0,0,0,0,0,0,0,0,0,0,0,0,0,0,0,0,0,0,0
1989,235,19,44,30.781,2,8,0,-1,0,0,1,1,50,0,0,0,1028,0,0,0,0,0,1,1,0,0,0,194.2503336,0,0,0,0,3,1,1,0.2,40,0,0,0,3,1,1,0.002,200,0,0,0,0,0,0,0,0,0,0,0,0,0,0,0,0,0,0,0,0,0,0,0,0,0,0,0,0,0,0,0,0,0,0,0,0,0,0,0,0,0,0,0,0,0,0,0,0,0,0,0
1989,235,19,44,53.701,2,8,0,-1,1,0,1,1,50,0,0,0,1028,0,0,0,0,0,1,1,0,0,0,194.213478,0,0,0,0,3,1,1,0.2,40,0,0,0,3,1,1,0.002,200,0,0,0,0,0,0,0,0,0,0,0,0,0,0,0,0,0,0,0,0,0,0,0,0,0,0,0,0,0,0,0,0,0,0,0,0,0,0,0,0,0,0,0,0,0,0,0,0,0,0,0
1989,235,19,46,6.781,2,8,0,-1,0,0,1,1,50,0,0,0,1028,0,0,0,0,0,1,1,0,0,0,194.0959642,0,0,0,0,3,1,1,0.2,40,0,0,0,3,1,1,0.002,200,0,0,0,0,0,0,0,0,0,0,0,0,0,0,0,0,0,0,0,0,0,0,0,0,0,0,0,0,0,0,0,0,0,0,0,0,0,0,0,0,0,0,0,0,0,0,0,0,0,0,0
1989,235,19,46,29.701,2,8,0,-1,1,0,1,1,50,0,0,0,1028,0,0,0,0,0,1,1,0,0,0,194.0591091,0,0,0,0,3,1,1,0.2,40,0,0,0,3,1,1,0.002,200,0,0,0,0,0,0,0,0,0,0,0,0,0,0,0,0,0,0,0,0,0,0,0,0,0,0,0,0,0,0,0,0,0,0,0,0,0,0,0,0,0,0,0,0,0,0,0,0,0,0,0
1989,235,19,47,42.781,2,8,0,-1,0,0,1,1,50,0,0,0,1028,0,0,0,0,0,1,1,0,0,0,193.9415933,0,0,0,0,3,1,1,0.2,40,0,0,0,3,1,1,0.002,200,0,0,0,0,0,0,0,0,0,0,0,0,0,0,0,0,0,0,0,0,0,0,0,0,0,0,0,0,0,0,0,0,0,0,0,0,0,0,0,0,0,0,0,0,0,0,0,0,0,0,0
1989,235,19,48,5.701,2,8,0,-1,1,0,1,1,50,0,0,0,1028,0,0,0,0,0,1,1,0,0,0,193.904737,0,0,0,0,3,1,1,0.2,40,0,0,0,3,1,1,0.002,200,0,0,0,0,0,0,0,0,0,0,0,0,0,0,0,0,0,0,0,0,0,0,0,0,0,0,0,0,0,0,0,0,0,0,0,0,0,0,0,0,0,0,0,0,0,0,0,0,0,0,0
1989,235,19,49,18.781,2,8,0,-1,0,0,1,1,50,0,0,0,1028,0,0,0,0,0,1,1,0,0,0,193.7872209,0,0,0,0,3,1,1,0.2,40,0,0,0,3,1,1,0.002,200,0,0,0,0,0,0,0,0,0,0,0,0,0,0,0,0,0,0,0,0,0,0,0,0,0,0,0,0,0,0,0,0,0,0,0,0,0,0,0,0,0,0,0,0,0,0,0,0,0,0,0
1989,235,19,49,41.701,2,8,0,-1,1,0,1,1,50,0,0,0,1028,0,0,0,0,0,1,1,0,0,0,193.7503643,0,0,0,0,3,1,1,0.2,40,0,0,0,3,1,1,0.002,200,0,0,0,0,0,0,0,0,0,0,0,0,0,0,0,0,0,0,0,0,0,0,0,0,0,0,0,0,0,0,0,0,0,0,0,0,0,0,0,0,0,0,0,0,0,0,0,0,0,0,0
1989,235,19,50,54.78,2,8,0,-1,0,0,1,1,50,0,0,0,1028,0,0,0,0,0,1,1,0,0,0,193.6328479,0,0,0,0,3,1,1,0.2,40,0,0,0,3,1,1,0.002,200,0,0,0,0,0,0,0,0,0,0,0,0,0,0,0,0,0,0,0,0,0,0,0,0,0,0,0,0,0,0,0,0,0,0,0,0,0,0,0,0,0,0,0,0,0,0,0,0,0,0,0
1989,235,19,51,17.7,2,8,0,-1,1,0,1,1,50,0,0,0,1028,0,0,0,0,0,1,1,0,0,0,193.5959917,0,0,0,0,3,1,1,0.2,40,0,0,0,3,1,1,0.002,200,0,0,0,0,0,0,0,0,0,0,0,0,0,0,0,0,0,0,0,0,0,0,0,0,0,0,0,0,0,0,0,0,0,0,0,0,0,0,0,0,0,0,0,0,0,0,0,0,0,0,0
1989,235,19,54,54.78,2,8,0,-1,0,0,1,1,50,0,0,0,1028,0,0,0,0,0,1,1,0,0,0,193.2469075,0,0,0,0,3,1,1,0.2,40,0,0,0,3,1,1,0.002,200,0,0,0,0,0,0,0,0,0,0,0,0,0,0,0,0,0,0,0,0,0,0,0,0,0,0,0,0,0,0,0,0,0,0,0,0,0,0,0,0,0,0,0,0,0,0,0,0,0,0,0
1989,235,19,55,17.7,2,8,0,-1,1,0,1,1,50,0,0,0,1028,0,0,0,0,0,1,1,0,0,0,193.2100505,0,0,0,0,3,1,1,0.2,40,0,0,0,3,1,1,0.002,200,0,0,0,0,0,0,0,0,0,0,0,0,0,0,0,0,0,0,0,0,0,0,0,0,0,0,0,0,0,0,0,0,0,0,0,0,0,0,0,0,0,0,0,0,0,0,0,0,0,0,0
1989,235,19,56,30.78,2,8,0,-1,0,0,1,1,50,0,0,0,1028,0,0,0,0,0,1,1,0,0,0,193.0925285,0,0,0,0,3,1,1,0.2,40,0,0,0,3,1,1,0.002,200,0,0,0,0,0,0,0,0,0,0,0,0,0,0,0,0,0,0,0,0,0,0,0,0,0,0,0,0,0,0,0,0,0,0,0,0,0,0,0,0,0,0,0,0,0,0,0,0,0,0,0
1989,235,19,56,53.7,2,8,0,-1,1,0,1,1,50,0,0,0,1028,0,0,0,0,0,1,1,0,0,0,193.0556702,0,0,0,0,3,1,1,0.2,40,0,0,0,3,1,1,0.002,200,0,0,0,0,0,0,0,0,0,0,0,0,0,0,0,0,0,0,0,0,0,0,0,0,0,0,0,0,0,0,0,0,0,0,0,0,0,0,0,0,0,0,0,0,0,0,0,0,0,0,0
1989,235,19,58,6.78,2,8,0,-1,0,0,1,1,50,0,0,0,1028,0,0,0,0,0,1,1,0,0,0,192.9381479,0,0,0,0,3,1,1,0.2,40,0,0,0,3,1,1,0.002,200,0,0,0,0,0,0,0,0,0,0,0,0,0,0,0,0,0,0,0,0,0,0,0,0,0,0,0,0,0,0,0,0,0,0,0,0,0,0,0,0,0,0,0,0,0,0,0,0,0,0,0
1989,235,19,58,29.7,2,8,0,-1,1,0,1,1,50,0,0,0,1028,0,0,0,0,0,1,1,0,0,0,192.9012901,0,0,0,0,3,1,1,0.2,40,0,0,0,3,1,1,0.002,200,0,0,0,0,0,0,0,0,0,0,0,0,0,0,0,0,0,0,0,0,0,0,0,0,0,0,0,0,0,0,0,0,0,0,0,0,0,0,0,0,0,0,0,0,0,0,0,0,0,0,0
1989,235,19,59,42.78,2,8,0,-1,0,0,1,1,50,0,0,0,1028,0,0,0,0,0,1,1,0,0,0,192.7837658,0,0,0,0,3,1,1,0.2,40,0,0,0,3,1,1,0.002,200,0,0,0,0,0,0,0,0,0,0,0,0,0,0,0,0,0,0,0,0,0,0,0,0,0,0,0,0,0,0,0,0,0,0,0,0,0,0,0,0,0,0,0,0,0,0,0,0,0,0,0
1989,235,20,0,5.7,2,8,0,-1,1,0,1,1,50,0,0,0,1028,0,0,0,0,0,1,1,0,0,0,192.7469069,0,0,0,0,3,1,1,0.2,40,0,0,0,3,1,1,0.002,200,0,0,0,0,0,0,0,0,0,0,0,0,0,0,0,0,0,0,0,0,0,0,0,0,0,0,0,0,0,0,0,0,0,0,0,0,0,0,0,0,0,0,0,0,0,0,0,0,0,0,0
1989,235,20,1,18.78,2,8,0,-1,0,0,1,1,50,0,0,0,1028,0,0,0,0,0,1,1,0,0,0,192.6293823,0,0,0,0,3,1,1,0.2,40,0,0,0,3,1,1,0.002,200,0,0,0,0,0,0,0,0,0,0,0,0,0,0,0,0,0,0,0,0,0,0,0,0,0,0,0,0,0,0,0,0,0,0,0,0,0,0,0,0,0,0,0,0,0,0,0,0,0,0,0
1989,235,20,1,41.7,2,8,0,-1,1,0,1,1,50,0,0,0,1028,0,0,0,0,0,1,1,0,0,0,192.592523,0,0,0,0,3,1,1,0.2,40,0,0,0,3,1,1,0.002,200,0,0,0,0,0,0,0,0,0,0,0,0,0,0,0,0,0,0,0,0,0,0,0,0,0,0,0,0,0,0,0,0,0,0,0,0,0,0,0,0,0,0,0,0,0,0,0,0,0,0,0
1989,235,20,2,54.78,2,8,0,-1,0,0,1,1,50,0,0,0,1028,0,0,0,0,0,1,1,0,0,0,192.4749972,0,0,0,0,3,1,1,0.2,40,0,0,0,3,1,1,0.002,200,0,0,0,0,0,0,0,0,0,0,0,0,0,0,0,0,0,0,0,0,0,0,0,0,0,0,0,0,0,0,0,0,0,0,0,0,0,0,0,0,0,0,0,0,0,0,0,0,0,0,0
1989,235,20,3,17.7,2,8,0,-1,1,0,1,1,50,0,0,0,1028,0,0,0,0,0,1,1,0,0,0,192.4381384,0,0,0,0,3,1,1,0.2,40,0,0,0,3,1,1,0.002,200,0,0,0,0,0,0,0,0,0,0,0,0,0,0,0,0,0,0,0,0,0,0,0,0,0,0,0,0,0,0,0,0,0,0,0,0,0,0,0,0,0,0,0,0,0,0,0,0,0,0,0
1989,235,20,6,54.779,2,8,0,-1,0,0,1,1,50,0,0,0,1028,0,0,0,0,0,1,1,0,0,0,192.0890297,0,0,0,0,3,1,1,0.2,40,0,0,0,3,1,1,0.002,200,0,0,0,0,0,0,0,0,0,0,0,0,0,0,0,0,0,0,0,0,0,0,0,0,0,0,0,0,0,0,0,0,0,0,0,0,0,0,0,0,0,0,0,0,0,0,0,0,0,0,0
1989,235,20,7,17.698,2,8,0,-1,1,0,1,1,50,0,0,0,1028,0,0,0,0,0,1,1,0,0,0,192.0521699,0,0,0,0,3,1,1,0.2,40,0,0,0,3,1,1,0.002,200,0,0,0,0,0,0,0,0,0,0,0,0,0,0,0,0,0,0,0,0,0,0,0,0,0,0,0,0,0,0,0,0,0,0,0,0,0,0,0,0,0,0,0,0,0,0,0,0,0,0,0
1989,235,20,8,30.779,2,8,0,-1,0,0,1,1,50,0,0,0,1028,0,0,0,0,0,1,1,0,0,0,191.9346393,0,0,0,0,3,1,1,0.2,40,0,0,0,3,1,1,0.002,200,0,0,0,0,0,0,0,0,0,0,0,0,0,0,0,0,0,0,0,0,0,0,0,0,0,0,0,0,0,0,0,0,0,0,0,0,0,0,0,0,0,0,0,0,0,0,0,0,0,0,0
1989,235,20,8,53.699,2,8,0,-1,1,0,1,1,50,0,0,0,1028,0,0,0,0,0,1,1,0,0,0,191.8977784,0,0,0,0,3,1,1,0.2,40,0,0,0,3,1,1,0.002,200,0,0,0,0,0,0,0,0,0,0,0,0,0,0,0,0,0,0,0,0,0,0,0,0,0,0,0,0,0,0,0,0,0,0,0,0,0,0,0,0,0,0,0,0,0,0,0,0,0,0,0
1989,235,20,10,6.779,2,8,0,-1,0,0,1,1,50,0,0,0,1028,0,0,0,0,0,1,1,0,0,0,191.7802475,0,0,0,0,3,1,1,0.2,40,0,0,0,3,1,1,0.002,200,0,0,0,0,0,0,0,0,0,0,0,0,0,0,0,0,0,0,0,0,0,0,0,0,0,0,0,0,0,0,0,0,0,0,0,0,0,0,0,0,0,0,0,0,0,0,0,0,0,0,0
1989,235,20,10,29.698,2,8,0,-1,1,0,1,1,50,0,0,0,1028,0,0,0,0,0,1,1,0,0,0,191.743387,0,0,0,0,3,1,1,0.2,40,0,0,0,3,1,1,0.002,200,0,0,0,0,0,0,0,0,0,0,0,0,0,0,0,0,0,0,0,0,0,0,0,0,0,0,0,0,0,0,0,0,0,0,0,0,0,0,0,0,0,0,0,0,0,0,0,0,0,0,0
1989,235,20,11,42.779,2,8,0,-1,0,0,1,1,50,0,0,0,1028,0,0,0,0,0,1,1,0,0,0,191.6258542,0,0,0,0,3,1,1,0.2,40,0,0,0,3,1,1,0.002,200,0,0,0,0,0,0,0,0,0,0,0,0,0,0,0,0,0,0,0,0,0,0,0,0,0,0,0,0,0,0,0,0,0,0,0,0,0,0,0,0,0,0,0,0,0,0,0,0,0,0,0
1989,235,20,12,5.699,2,8,0,-1,1,0,1,1,50,0,0,0,1028,0,0,0,0,0,1,1,0,0,0,191.5889925,0,0,0,0,3,1,1,0.2,40,0,0,0,3,1,1,0.002,200,0,0,0,0,0,0,0,0,0,0,0,0,0,0,0,0,0,0,0,0,0,0,0,0,0,0,0,0,0,0,0,0,0,0,0,0,0,0,0,0,0,0,0,0,0,0,0,0,0,0,0
1989,235,20,13,18.779,2,8,0,-1,0,0,1,1,50,0,0,0,1028,0,0,0,0,0,1,1,0,0,0,191.4714593,0,0,0,0,3,1,1,0.2,40,0,0,0,3,1,1,0.002,200,0,0,0,0,0,0,0,0,0,0,0,0,0,0,0,0,0,0,0,0,0,0,0,0,0,0,0,0,0,0,0,0,0,0,0,0,0,0,0,0,0,0,0,0,0,0,0,0,0,0,0
1989,235,20,13,41.699,2,8,0,-1,1,0,1,1,50,0,0,0,1028,0,0,0,0,0,1,1,0,0,0,191.4345973,0,0,0,0,3,1,1,0.2,40,0,0,0,3,1,1,0.002,200,0,0,0,0,0,0,0,0,0,0,0,0,0,0,0,0,0,0,0,0,0,0,0,0,0,0,0,0,0,0,0,0,0,0,0,0,0,0,0,0,0,0,0,0,0,0,0,0,0,0,0
1989,235,20,14,54.779,2,8,0,-1,0,0,1,1,50,0,0,0,1028,0,0,0,0,0,1,1,0,0,0,191.3170629,0,0,0,0,3,1,1,0.2,40,0,0,0,3,1,1,0.002,200,0,0,0,0,0,0,0,0,0,0,0,0,0,0,0,0,0,0,0,0,0,0,0,0,0,0,0,0,0,0,0,0,0,0,0,0,0,0,0,0,0,0,0,0,0,0,0,0,0,0,0
1989,235,20,15,17.698,2,8,0,-1,1,0,1,1,50,0,0,0,1028,0,0,0,0,0,1,1,0,0,0,191.2802014,0,0,0,0,3,1,1,0.2,40,0,0,0,3,1,1,0.002,200,0,0,0,0,0,0,0,0,0,0,0,0,0,0,0,0,0,0,0,0,0,0,0,0,0,0,0,0,0,0,0,0,0,0,0,0,0,0,0,0,0,0,0,0,0,0,0,0,0,0,0
1989,235,20,22,6.778,2,8,0,-1,0,0,1,1,50,0,0,0,1028,0,0,0,0,0,1,1,0,0,0,190.6222619,0,0,0,0,3,1,1,0.2,40,0,0,0,3,1,1,0.002,200,0,0,0,0,0,0,0,0,0,0,0,0,0,0,0,0,0,0,0,0,0,0,0,0,0,0,0,0,0,0,0,0,0,0,0,0,0,0,0,0,0,0,0,0,0,0,0,0,0,0,0
1989,235,20,22,29.698,2,8,0,-1,1,0,1,1,50,0,0,0,1028,0,0,0,0,0,1,1,0,0,0,190.5853979,0,0,0,0,3,1,1,0.2,40,0,0,0,3,1,1,0.002,200,0,0,0,0,0,0,0,0,0,0,0,0,0,0,0,0,0,0,0,0,0,0,0,0,0,0,0,0,0,0,0,0,0,0,0,0,0,0,0,0,0,0,0,0,0,0,0,0,0,0,0
1989,235,20,23,42.778,2,8,0,-1,0,0,1,1,50,0,0,0,1028,0,0,0,0,0,1,1,0,0,0,190.4678572,0,0,0,0,3,1,1,0.2,40,0,0,0,3,1,1,0.002,200,0,0,0,0,0,0,0,0,0,0,0,0,0,0,0,0,0,0,0,0,0,0,0,0,0,0,0,0,0,0,0,0,0,0,0,0,0,0,0,0,0,0,0,0,0,0,0,0,0,0,0
1989,235,20,24,5.698,2,8,0,-1,1,0,1,1,50,0,0,0,1028,0,0,0,0,0,1,1,0,0,0,190.4309928,0,0,0,0,3,1,1,0.2,40,0,0,0,3,1,1,0.002,200,0,0,0,0,0,0,0,0,0,0,0,0,0,0,0,0,0,0,0,0,0,0,0,0,0,0,0,0,0,0,0,0,0,0,0,0,0,0,0,0,0,0,0,0,0,0,0,0,0,0,0
1989,235,20,25,18.778,2,8,0,-1,0,0,1,1,50,0,0,0,1028,0,0,0,0,0,1,1,0,0,0,190.3134509,0,0,0,0,3,1,1,0.2,40,0,0,0,3,1,1,0.002,200,0,0,0,0,0,0,0,0,0,0,0,0,0,0,0,0,0,0,0,0,0,0,0,0,0,0,0,0,0,0,0,0,0,0,0,0,0,0,0,0,0,0,0,0,0,0,0,0,0,0,0
1989,235,20,25,41.698,2,8,0,-1,1,0,1,1,50,0,0,0,1028,0,0,0,0,0,1,1,0,0,0,190.2765861,0,0,0,0,3,1,1,0.2,40,0,0,0,3,1,1,0.002,200,0,0,0,0,0,0,0,0,0,0,0,0,0,0,0,0,0,0,0,0,0,0,0,0,0,0,0,0,0,0,0,0,0,0,0,0,0,0,0,0,0,0,0,0,0,0,0,0,0,0,0
1989,235,20,26,54.778,2,8,0,-1,0,0,1,1,50,0,0,0,1028,0,0,0,0,0,1,1,0,0,0,190.159043,0,0,0,0,3,1,1,0.2,40,0,0,0,3,1,1,0.002,200,0,0,0,0,0,0,0,0,0,0,0,0,0,0,0,0,0,0,0,0,0,0,0,0,0,0,0,0,0,0,0,0,0,0,0,0,0,0,0,0,0,0,0,0,0,0,0,0,0,0,0
1989,235,20,27,17.698,2,8,0,-1,1,0,1,1,50,0,0,0,1028,0,0,0,0,0,1,1,0,0,0,190.1221779,0,0,0,0,3,1,1,0.2,40,0,0,0,3,1,1,0.002,200,0,0,0,0,0,0,0,0,0,0,0,0,0,0,0,0,0,0,0,0,0,0,0,0,0,0,0,0,0,0,0,0,0,0,0,0,0,0,0,0,0,0,0,0,0,0,0,0,0,0,0
1989,235,20,30,54.777,2,8,0,-1,0,0,1,1,50,0,0,0,1028,0,0,0,0,0,1,1,0,0,0,189.7730182,0,0,0,0,3,1,1,0.2,40,0,0,0,3,1,1,0.002,200,0,0,0,0,0,0,0,0,0,0,0,0,0,0,0,0,0,0,0,0,0,0,0,0,0,0,0,0,0,0,0,0,0,0,0,0,0,0,0,0,0,0,0,0,0,0,0,0,0,0,0
1989,235,20,31,17.697,2,8,0,-1,1,0,1,1,50,0,0,0,1028,0,0,0,0,0,1,1,0,0,0,189.7361522,0,0,0,0,3,1,1,0.2,40,0,0,0,3,1,1,0.002,200,0,0,0,0,0,0,0,0,0,0,0,0,0,0,0,0,0,0,0,0,0,0,0,0,0,0,0,0,0,0,0,0,0,0,0,0,0,0,0,0,0,0,0,0,0,0,0,0,0,0,0
1989,235,20,32,30.777,2,8,0,-1,0,0,1,1,50,0,0,0,1028,0,0,0,0,0,1,1,0,0,0,189.618605,0,0,0,0,3,1,1,0.2,40,0,0,0,3,1,1,0.002,200,0,0,0,0,0,0,0,0,0,0,0,0,0,0,0,0,0,0,0,0,0,0,0,0,0,0,0,0,0,0,0,0,0,0,0,0,0,0,0,0,0,0,0,0,0,0,0,0,0,0,0
1989,235,20,32,53.697,2,8,0,-1,1,0,1,1,50,0,0,0,1028,0,0,0,0,0,1,1,0,0,0,189.5817386,0,0,0,0,3,1,1,0.2,40,0,0,0,3,1,1,0.002,200,0,0,0,0,0,0,0,0,0,0,0,0,0,0,0,0,0,0,0,0,0,0,0,0,0,0,0,0,0,0,0,0,0,0,0,0,0,0,0,0,0,0,0,0,0,0,0,0,0,0,0
1989,235,20,34,6.777,2,8,0,-1,0,0,1,1,50,0,0,0,1028,0,0,0,0,0,1,1,0,0,0,189.4641902,0,0,0,0,3,1,1,0.2,40,0,0,0,3,1,1,0.002,200,0,0,0,0,0,0,0,0,0,0,0,0,0,0,0,0,0,0,0,0,0,0,0,0,0,0,0,0,0,0,0,0,0,0,0,0,0,0,0,0,0,0,0,0,0,0,0,0,0,0,0
1989,235,20,34,29.697,2,8,0,-1,1,0,1,1,50,0,0,0,1028,0,0,0,0,0,1,1,0,0,0,189.4273234,0,0,0,0,3,1,1,0.2,40,0,0,0,3,1,1,0.002,200,0,0,0,0,0,0,0,0,0,0,0,0,0,0,0,0,0,0,0,0,0,0,0,0,0,0,0,0,0,0,0,0,0,0,0,0,0,0,0,0,0,0,0,0,0,0,0,0,0,0,0
1989,235,20,35,42.777,2,8,0,-1,0,0,1,1,50,0,0,0,1028,0,0,0,0,0,1,1,0,0,0,189.3097738,0,0,0,0,3,1,1,0.2,40,0,0,0,3,1,1,0.002,200,0,0,0,0,0,0,0,0,0,0,0,0,0,0,0,0,0,0,0,0,0,0,0,0,0,0,0,0,0,0,0,0,0,0,0,0,0,0,0,0,0,0,0,0,0,0,0,0,0,0,0
1989,235,20,36,5.697,2,8,0,-1,1,0,1,1,50,0,0,0,1028,0,0,0,0,0,1,1,0,0,0,189.2729067,0,0,0,0,3,1,1,0.2,40,0,0,0,3,1,1,0.002,200,0,0,0,0,0,0,0,0,0,0,0,0,0,0,0,0,0,0,0,0,0,0,0,0,0,0,0,0,0,0,0,0,0,0,0,0,0,0,0,0,0,0,0,0,0,0,0,0,0,0,0
1989,235,20,37,18.777,2,8,0,-1,0,0,1,1,50,0,0,0,1028,0,0,0,0,0,1,1,0,0,0,189.1553559,0,0,0,0,3,1,1,0.2,40,0,0,0,3,1,1,0.002,200,0,0,0,0,0,0,0,0,0,0,0,0,0,0,0,0,0,0,0,0,0,0,0,0,0,0,0,0,0,0,0,0,0,0,0,0,0,0,0,0,0,0,0,0,0,0,0,0,0,0,0
1989,235,20,37,41.697,2,8,0,-1,1,0,1,1,50,0,0,0,1028,0,0,0,0,0,1,1,0,0,0,189.1184884,0,0,0,0,3,1,1,0.2,40,0,0,0,3,1,1,0.002,200,0,0,0,0,0,0,0,0,0,0,0,0,0,0,0,0,0,0,0,0,0,0,0,0,0,0,0,0,0,0,0,0,0,0,0,0,0,0,0,0,0,0,0,0,0,0,0,0,0,0,0
1989,235,20,38,54.777,2,8,0,-1,0,0,1,1,50,0,0,0,1028,0,0,0,0,0,1,1,0,0,0,189.0009365,0,0,0,0,3,1,1,0.2,40,0,0,0,3,1,1,0.002,200,0,0,0,0,0,0,0,0,0,0,0,0,0,0,0,0,0,0,0,0,0,0,0,0,0,0,0,0,0,0,0,0,0,0,0,0,0,0,0,0,0,0,0,0,0,0,0,0,0,0,0
1989,235,20,39,17.697,2,8,0,-1,1,0,1,1,50,0,0,0,1028,0,0,0,0,0,1,1,0,0,0,188.9640686,0,0,0,0,3,1,1,0.2,40,0,0,0,3,1,1,0.002,200,0,0,0,0,0,0,0,0,0,0,0,0,0,0,0,0,0,0,0,0,0,0,0,0,0,0,0,0,0,0,0,0,0,0,0,0,0,0,0,0,0,0,0,0,0,0,0,0,0,0,0
1989,235,20,42,54.776,2,8,0,-1,0,0,1,1,50,0,0,0,1028,0,0,0,0,0,1,1,0,0,0,188.6148826,0,0,0,0,3,1,1,0.2,40,0,0,0,3,1,1,0.002,200,0,0,0,0,0,0,0,0,0,0,0,0,0,0,0,0,0,0,0,0,0,0,0,0,0,0,0,0,0,0,0,0,0,0,0,0,0,0,0,0,0,0,0,0,0,0,0,0,0,0,0
1989,235,20,43,17.696,2,8,0,-1,1,0,1,1,50,0,0,0,1028,0,0,0,0,0,1,1,0,0,0,188.5780138,0,0,0,0,3,1,1,0.2,40,0,0,0,3,1,1,0.002,200,0,0,0,0,0,0,0,0,0,0,0,0,0,0,0,0,0,0,0,0,0,0,0,0,0,0,0,0,0,0,0,0,0,0,0,0,0,0,0,0,0,0,0,0,0,0,0,0,0,0,0
1989,235,20,44,30.776,2,8,0,-1,0,0,1,1,50,0,0,0,1028,0,0,0,0,0,1,1,0,0,0,188.4604576,0,0,0,0,3,1,1,0.2,40,0,0,0,3,1,1,0.002,200,0,0,0,0,0,0,0,0,0,0,0,0,0,0,0,0,0,0,0,0,0,0,0,0,0,0,0,0,0,0,0,0,0,0,0,0,0,0,0,0,0,0,0,0,0,0,0,0,0,0,0
1989,235,20,44,53.696,2,8,0,-1,1,0,1,1,50,0,0,0,1028,0,0,0,0,0,1,1,0,0,0,188.4235893,0,0,0,0,3,1,1,0.2,40,0,0,0,3,1,1,0.002,200,0,0,0,0,0,0,0,0,0,0,0,0,0,0,0,0,0,0,0,0,0,0,0,0,0,0,0,0,0,0,0,0,0,0,0,0,0,0,0,0,0,0,0,0,0,0,0,0,0,0,0
1989,235,20,46,6.776,2,8,0,-1,0,0,1,1,50,0,0,0,1028,0,0,0,0,0,1,1,0,0,0,188.3060311,0,0,0,0,3,1,1,0.2,40,0,0,0,3,1,1,0.002,200,0,0,0,0,0,0,0,0,0,0,0,0,0,0,0,0,0,0,0,0,0,0,0,0,0,0,0,0,0,0,0,0,0,0,0,0,0,0,0,0,0,0,0,0,0,0,0,0,0,0,0
1989,235,20,46,29.696,2,8,0,-1,1,0,1,1,50,0,0,0,1028,0,0,0,0,0,1,1,0,0,0,188.2691624,0,0,0,0,3,1,1,0.2,40,0,0,0,3,1,1,0.002,200,0,0,0,0,0,0,0,0,0,0,0,0,0,0,0,0,0,0,0,0,0,0,0,0,0,0,0,0,0,0,0,0,0,0,0,0,0,0,0,0,0,0,0,0,0,0,0,0,0,0,0
1989,235,20,47,42.776,2,8,0,-1,0,0,1,1,50,0,0,0,1028,0,0,0,0,0,1,1,0,0,0,188.1516031,0,0,0,0,3,1,1,0.2,40,0,0,0,3,1,1,0.002,200,0,0,0,0,0,0,0,0,0,0,0,0,0,0,0,0,0,0,0,0,0,0,0,0,0,0,0,0,0,0,0,0,0,0,0,0,0,0,0,0,0,0,0,0,0,0,0,0,0,0,0
1989,235,20,48,5.696,2,8,0,-1,1,0,1,1,50,0,0,0,1028,0,0,0,0,0,1,1,0,0,0,188.1147331,0,0,0,0,3,1,1,0.2,40,0,0,0,3,1,1,0.002,200,0,0,0,0,0,0,0,0,0,0,0,0,0,0,0,0,0,0,0,0,0,0,0,0,0,0,0,0,0,0,0,0,0,0,0,0,0,0,0,0,0,0,0,0,0,0,0,0,0,0,0
1989,235,20,49,18.776,2,8,0,-1,0,0,1,1,50,0,0,0,1028,0,0,0,0,0,1,1,0,0,0,187.9971734,0,0,0,0,3,1,1,0.2,40,0,0,0,3,1,1,0.002,200,0,0,0,0,0,0,0,0,0,0,0,0,0,0,0,0,0,0,0,0,0,0,0,0,0,0,0,0,0,0,0,0,0,0,0,0,0,0,0,0,0,0,0,0,0,0,0,0,0,0,0
1989,235,20,49,41.695,2,8,0,-1,1,0,1,1,50,0,0,0,1028,0,0,0,0,0,1,1,0,0,0,187.9603047,0,0,0,0,3,1,1,0.2,40,0,0,0,3,1,1,0.002,200,0,0,0,0,0,0,0,0,0,0,0,0,0,0,0,0,0,0,0,0,0,0,0,0,0,0,0,0,0,0,0,0,0,0,0,0,0,0,0,0,0,0,0,0,0,0,0,0,0,0,0
1989,235,20,51,17.696,2,8,0,-1,1,0,1,1,50,0,0,0,1028,0,0,0,0,0,1,1,0,0,0,187.8058723,0,0,0,0,3,1,1,0.2,40,0,0,0,3,1,1,0.002,200,0,0,0,0,0,0,0,0,0,0,0,0,0,0,0,0,0,0,0,0,0,0,0,0,0,0,0,0,0,0,0,0,0,0,0,0,0,0,0,0,0,0,0,0,0,0,0,0,0,0,0
1989,235,20,54,54.775,2,8,0,-1,0,0,1,1,50,0,0,0,1028,0,0,0,0,0,1,1,0,0,0,187.456658,0,0,0,0,3,1,1,0.2,40,0,0,0,3,1,1,0.002,200,0,0,0,0,0,0,0,0,0,0,0,0,0,0,0,0,0,0,0,0,0,0,0,0,0,0,0,0,0,0,0,0,0,0,0,0,0,0,0,0,0,0,0,0,0,0,0,0,0,0,0
1989,235,20,55,17.696,2,8,0,-1,1,0,1,1,50,0,0,0,1028,0,0,0,0,0,1,1,0,0,0,187.4197864,0,0,0,0,3,1,1,0.2,40,0,0,0,3,1,1,0.002,200,0,0,0,0,0,0,0,0,0,0,0,0,0,0,0,0,0,0,0,0,0,0,0,0,0,0,0,0,0,0,0,0,0,0,0,0,0,0,0,0,0,0,0,0,0,0,0,0,0,0,0
1989,235,20,56,30.774,2,8,0,-1,0,0,1,1,50,0,0,0,1028,0,0,0,0,0,1,1,0,0,0,187.3022229,0,0,0,0,3,1,1,0.2,40,0,0,0,3,1,1,0.002,200,0,0,0,0,0,0,0,0,0,0,0,0,0,0,0,0,0,0,0,0,0,0,0,0,0,0,0,0,0,0,0,0,0,0,0,0,0,0,0,0,0,0,0,0,0,0,0,0,0,0,0
1989,235,20,56,53.695,2,8,0,-1,1,0,1,1,50,0,0,0,1028,0,0,0,0,0,1,1,0,0,0,187.2653508,0,0,0,0,3,1,1,0.2,40,0,0,0,3,1,1,0.002,200,0,0,0,0,0,0,0,0,0,0,0,0,0,0,0,0,0,0,0,0,0,0,0,0,0,0,0,0,0,0,0,0,0,0,0,0,0,0,0,0,0,0,0,0,0,0,0,0,0,0,0
1989,235,20,58,6.775,2,8,0,-1,0,0,1,1,50,0,0,0,1028,0,0,0,0,0,1,1,0,0,0,187.1477837,0,0,0,0,3,1,1,0.2,40,0,0,0,3,1,1,0.002,200,0,0,0,0,0,0,0,0,0,0,0,0,0,0,0,0,0,0,0,0,0,0,0,0,0,0,0,0,0,0,0,0,0,0,0,0,0,0,0,0,0,0,0,0,0,0,0,0,0,0,0
1989,235,20,58,29.695,2,8,0,-1,1,0,1,1,50,0,0,0,1028,0,0,0,0,0,1,1,0,0,0,187.1109121,0,0,0,0,3,1,1,0.2,40,0,0,0,3,1,1,0.002,200,0,0,0,0,0,0,0,0,0,0,0,0,0,0,0,0,0,0,0,0,0,0,0,0,0,0,0,0,0,0,0,0,0,0,0,0,0,0,0,0,0,0,0,0,0,0,0,0,0,0,0
1989,235,20,59,42.774,2,8,0,-1,0,0,1,1,50,0,0,0,1028,0,0,0,0,0,1,1,0,0,0,186.9933446,0,0,0,0,3,1,1,0.2,40,0,0,0,3,1,1,0.002,200,0,0,0,0,0,0,0,0,0,0,0,0,0,0,0,0,0,0,0,0,0,0,0,0,0,0,0,0,0,0,0,0,0,0,0,0,0,0,0,0,0,0,0,0,0,0,0,0,0,0,0
1989,235,21,0,5.695,2,8,0,-1,1,0,1,1,50,0,0,0,1028,0,0,0,0,0,1,1,0,0,0,186.956471,0,0,0,0,3,1,1,0.2,40,0,0,0,3,1,1,0.002,200,0,0,0,0,0,0,0,0,0,0,0,0,0,0,0,0,0,0,0,0,0,0,0,0,0,0,0,0,0,0,0,0,0,0,0,0,0,0,0,0,0,0,0,0,0,0,0,0,0,0,0
1989,235,21,1,18.775,2,8,0,-1,0,0,1,1,50,0,0,0,1028,0,0,0,0,0,1,1,0,0,0,186.8389022,0,0,0,0,3,1,1,0.2,40,0,0,0,3,1,1,0.002,200,0,0,0,0,0,0,0,0,0,0,0,0,0,0,0,0,0,0,0,0,0,0,0,0,0,0,0,0,0,0,0,0,0,0,0,0,0,0,0,0,0,0,0,0,0,0,0,0,0,0,0
1989,235,21,1,41.694,2,8,0,-1,1,0,1,1,50,0,0,0,1028,0,0,0,0,0,1,1,0,0,0,186.8020307,0,0,0,0,3,1,1,0.2,40,0,0,0,3,1,1,0.002,200,0,0,0,0,0,0,0,0,0,0,0,0,0,0,0,0,0,0,0,0,0,0,0,0,0,0,0,0,0,0,0,0,0,0,0,0,0,0,0,0,0,0,0,0,0,0,0,0,0,0,0
1989,235,21,2,54.775,2,8,0,-1,0,0,1,1,50,0,0,0,1028,0,0,0,0,0,1,1,0,0,0,186.6844591,0,0,0,0,3,1,1,0.2,40,0,0,0,3,1,1,0.002,200,0,0,0,0,0,0,0,0,0,0,0,0,0,0,0,0,0,0,0,0,0,0,0,0,0,0,0,0,0,0,0,0,0,0,0,0,0,0,0,0,0,0,0,0,0,0,0,0,0,0,0
1989,235,21,3,17.695,2,8,0,-1,1,0,1,1,50,0,0,0,1028,0,0,0,0,0,1,1,0,0,0,186.6475856,0,0,0,0,3,1,1,0.2,40,0,0,0,3,1,1,0.002,200,0,0,0,0,0,0,0,0,0,0,0,0,0,0,0,0,0,0,0,0,0,0,0,0,0,0,0,0,0,0,0,0,0,0,0,0,0,0,0,0,0,0,0,0,0,0,0,0,0,0,0
1989,235,21,6,54.775,2,8,0,-1,0,0,1,1,50,0,0,0,1028,0,0,0,0,0,1,1,0,0,0,186.2983443,0,0,0,0,3,1,1,0.2,40,0,0,0,3,1,1,0.002,200,0,0,0,0,0,0,0,0,0,0,0,0,0,0,0,0,0,0,0,0,0,0,0,0,0,0,0,0,0,0,0,0,0,0,0,0,0,0,0,0,0,0,0,0,0,0,0,0,0,0,0
1989,235,21,7,17.695,2,8,0,-1,1,0,1,1,50,0,0,0,1028,0,0,0,0,0,1,1,0,0,0,186.2614698,0,0,0,0,3,1,1,0.2,40,0,0,0,3,1,1,0.002,200,0,0,0,0,0,0,0,0,0,0,0,0,0,0,0,0,0,0,0,0,0,0,0,0,0,0,0,0,0,0,0,0,0,0,0,0,0,0,0,0,0,0,0,0,0,0,0,0,0,0,0
1989,235,21,8,30.774,2,8,0,-1,0,0,1,1,50,0,0,0,1028,0,0,0,0,0,1,1,0,0,0,186.1438971,0,0,0,0,3,1,1,0.2,40,0,0,0,3,1,1,0.002,200,0,0,0,0,0,0,0,0,0,0,0,0,0,0,0,0,0,0,0,0,0,0,0,0,0,0,0,0,0,0,0,0,0,0,0,0,0,0,0,0,0,0,0,0,0,0,0,0,0,0,0
1989,235,21,8,53.694,2,8,0,-1,1,0,1,1,50,0,0,0,1028,0,0,0,0,0,1,1,0,0,0,186.1070223,0,0,0,0,3,1,1,0.2,40,0,0,0,3,1,1,0.002,200,0,0,0,0,0,0,0,0,0,0,0,0,0,0,0,0,0,0,0,0,0,0,0,0,0,0,0,0,0,0,0,0,0,0,0,0,0,0,0,0,0,0,0,0,0,0,0,0,0,0,0
1989,235,21,10,6.774,2,8,0,-1,0,0,1,1,50,0,0,0,1028,0,0,0,0,0,1,1,0,0,0,185.9894468,0,0,0,0,3,1,1,0.2,40,0,0,0,3,1,1,0.002,200,0,0,0,0,0,0,0,0,0,0,0,0,0,0,0,0,0,0,0,0,0,0,0,0,0,0,0,0,0,0,0,0,0,0,0,0,0,0,0,0,0,0,0,0,0,0,0,0,0,0,0
1989,235,21,10,29.693,2,8,0,-1,1,0,1,1,50,0,0,0,1028,0,0,0,0,0,1,1,0,0,0,185.9525731,0,0,0,0,3,1,1,0.2,40,0,0,0,3,1,1,0.002,200,0,0,0,0,0,0,0,0,0,0,0,0,0,0,0,0,0,0,0,0,0,0,0,0,0,0,0,0,0,0,0,0,0,0,0,0,0,0,0,0,0,0,0,0,0,0,0,0,0,0,0
1989,235,21,11,42.774,2,8,0,-1,0,0,1,1,50,0,0,0,1028,0,0,0,0,0,1,1,0,0,0,185.8349948,0,0,0,0,3,1,1,0.2,40,0,0,0,3,1,1,0.002,200,0,0,0,0,0,0,0,0,0,0,0,0,0,0,0,0,0,0,0,0,0,0,0,0,0,0,0,0,0,0,0,0,0,0,0,0,0,0,0,0,0,0,0,0,0,0,0,0,0,0,0
1989,235,21,12,5.694,2,8,0,-1,1,0,1,1,50,0,0,0,1028,0,0,0,0,0,1,1,0,0,0,185.7981192,0,0,0,0,3,1,1,0.2,40,0,0,0,3,1,1,0.002,200,0,0,0,0,0,0,0,0,0,0,0,0,0,0,0,0,0,0,0,0,0,0,0,0,0,0,0,0,0,0,0,0,0,0,0,0,0,0,0,0,0,0,0,0,0,0,0,0,0,0,0
1989,235,21,13,18.774,2,8,0,-1,0,0,1,1,50,0,0,0,1028,0,0,0,0,0,1,1,0,0,0,185.6805412,0,0,0,0,3,1,1,0.2,40,0,0,0,3,1,1,0.002,200,0,0,0,0,0,0,0,0,0,0,0,0,0,0,0,0,0,0,0,0,0,0,0,0,0,0,0,0,0,0,0,0,0,0,0,0,0,0,0,0,0,0,0,0,0,0,0,0,0,0,0
1989,235,21,13,41.693,2,8,0,-1,1,0,1,1,50,0,0,0,1028,0,0,0,0,0,1,1,0,0,0,185.6436668,0,0,0,0,3,1,1,0.2,40,0,0,0,3,1,1,0.002,200,0,0,0,0,0,0,0,0,0,0,0,0,0,0,0,0,0,0,0,0,0,0,0,0,0,0,0,0,0,0,0,0,0,0,0,0,0,0,0,0,0,0,0,0,0,0,0,0,0,0,0
1989,235,21,14,54.774,2,8,0,-1,0,0,1,1,50,0,0,0,1028,0,0,0,0,0,1,1,0,0,0,185.5260861,0,0,0,0,3,1,1,0.2,40,0,0,0,3,1,1,0.002,200,0,0,0,0,0,0,0,0,0,0,0,0,0,0,0,0,0,0,0,0,0,0,0,0,0,0,0,0,0,0,0,0,0,0,0,0,0,0,0,0,0,0,0,0,0,0,0,0,0,0,0
1989,235,21,15,17.693,2,8,0,-1,1,0,1,1,50,0,0,0,1028,0,0,0,0,0,1,1,0,0,0,185.4892104,0,0,0,0,3,1,1,0.2,40,0,0,0,3,1,1,0.002,200,0,0,0,0,0,0,0,0,0,0,0,0,0,0,0,0,0,0,0,0,0,0,0,0,0,0,0,0,0,0,0,0,0,0,0,0,0,0,0,0,0,0,0,0,0,0,0,0,0,0,0
1989,235,21,18,54.774,2,8,0,-1,0,0,1,1,50,0,0,0,1028,0,0,0,0,0,1,1,0,0,0,185.139941,0,0,0,0,3,1,1,0.2,40,0,0,0,3,1,1,0.002,200,0,0,0,0,0,0,0,0,0,0,0,0,0,0,0,0,0,0,0,0,0,0,0,0,0,0,0,0,0,0,0,0,0,0,0,0,0,0,0,0,0,0,0,0,0,0,0,0,0,0,0
1989,235,21,19,17.693,2,8,0,-1,1,0,1,1,50,0,0,0,1028,0,0,0,0,0,1,1,0,0,0,185.1030644,0,0,0,0,3,1,1,0.2,40,0,0,0,3,1,1,0.002,200,0,0,0,0,0,0,0,0,0,0,0,0,0,0,0,0,0,0,0,0,0,0,0,0,0,0,0,0,0,0,0,0,0,0,0,0,0,0,0,0,0,0,0,0,0,0,0,0,0,0,0
1989,235,21,20,30.774,2,8,0,-1,0,0,1,1,50,0,0,0,1028,0,0,0,0,0,1,1,0,0,0,184.9854801,0,0,0,0,3,1,1,0.2,40,0,0,0,3,1,1,0.002,200,0,0,0,0,0,0,0,0,0,0,0,0,0,0,0,0,0,0,0,0,0,0,0,0,0,0,0,0,0,0,0,0,0,0,0,0,0,0,0,0,0,0,0,0,0,0,0,0,0,0,0
1989,235,21,20,53.693,2,8,0,-1,1,0,1,1,50,0,0,0,1028,0,0,0,0,0,1,1,0,0,0,184.9486031,0,0,0,0,3,1,1,0.2,40,0,0,0,3,1,1,0.002,200,0,0,0,0,0,0,0,0,0,0,0,0,0,0,0,0,0,0,0,0,0,0,0,0,0,0,0,0,0,0,0,0,0,0,0,0,0,0,0,0,0,0,0,0,0,0,0,0,0,0,0
1989,235,21,22,6.773,2,8,0,-1,0,0,1,1,50,0,0,0,1028,0,0,0,0,0,1,1,0,0,0,184.8310192,0,0,0,0,3,1,1,0.2,40,0,0,0,3,1,1,0.002,200,0,0,0,0,0,0,0,0,0,0,0,0,0,0,0,0,0,0,0,0,0,0,0,0,0,0,0,0,0,0,0,0,0,0,0,0,0,0,0,0,0,0,0,0,0,0,0,0,0,0,0
1989,235,21,22,29.692,2,8,0,-1,1,0,1,1,50,0,0,0,1028,0,0,0,0,0,1,1,0,0,0,184.7941427,0,0,0,0,3,1,1,0.2,40,0,0,0,3,1,1,0.002,200,0,0,0,0,0,0,0,0,0,0,0,0,0,0,0,0,0,0,0,0,0,0,0,0,0,0,0,0,0,0,0,0,0,0,0,0,0,0,0,0,0,0,0,0,0,0,0,0,0,0,0
1989,235,21,23,42.773,2,8,0,-1,0,0,1,1,50,0,0,0,1028,0,0,0,0,0,1,1,0,0,0,184.6765551,0,0,0,0,3,1,1,0.2,40,0,0,0,3,1,1,0.002,200,0,0,0,0,0,0,0,0,0,0,0,0,0,0,0,0,0,0,0,0,0,0,0,0,0,0,0,0,0,0,0,0,0,0,0,0,0,0,0,0,0,0,0,0,0,0,0,0,0,0,0
1989,235,21,24,5.693,2,8,0,-1,1,0,1,1,50,0,0,0,1028,0,0,0,0,0,1,1,0,0,0,184.6396765,0,0,0,0,3,1,1,0.2,40,0,0,0,3,1,1,0.002,200,0,0,0,0,0,0,0,0,0,0,0,0,0,0,0,0,0,0,0,0,0,0,0,0,0,0,0,0,0,0,0,0,0,0,0,0,0,0,0,0,0,0,0,0,0,0,0,0,0,0,0
1989,235,21,25,18.773,2,8,0,-1,0,0,1,1,50,0,0,0,1028,0,0,0,0,0,1,1,0,0,0,184.5220893,0,0,0,0,3,1,1,0.2,40,0,0,0,3,1,1,0.002,200,0,0,0,0,0,0,0,0,0,0,0,0,0,0,0,0,0,0,0,0,0,0,0,0,0,0,0,0,0,0,0,0,0,0,0,0,0,0,0,0,0,0,0,0,0,0,0,0,0,0,0
1989,235,21,25,41.692,2,8,0,-1,1,0,1,1,50,0,0,0,1028,0,0,0,0,0,1,1,0,0,0,184.485212,0,0,0,0,3,1,1,0.2,40,0,0,0,3,1,1,0.002,200,0,0,0,0,0,0,0,0,0,0,0,0,0,0,0,0,0,0,0,0,0,0,0,0,0,0,0,0,0,0,0,0,0,0,0,0,0,0,0,0,0,0,0,0,0,0,0,0,0,0,0
1989,235,21,26,54.773,2,8,0,-1,0,0,1,1,50,0,0,0,1028,0,0,0,0,0,1,1,0,0,0,184.3676219,0,0,0,0,3,1,1,0.2,40,0,0,0,3,1,1,0.002,200,0,0,0,0,0,0,0,0,0,0,0,0,0,0,0,0,0,0,0,0,0,0,0,0,0,0,0,0,0,0,0,0,0,0,0,0,0,0,0,0,0,0,0,0,0,0,0,0,0,0,0
1989,235,21,27,17.692,2,8,0,-1,1,0,1,1,50,0,0,0,1028,0,0,0,0,0,1,1,0,0,0,184.3307434,0,0,0,0,3,1,1,0.2,40,0,0,0,3,1,1,0.002,200,0,0,0,0,0,0,0,0,0,0,0,0,0,0,0,0,0,0,0,0,0,0,0,0,0,0,0,0,0,0,0,0,0,0,0,0,0,0,0,0,0,0,0,0,0,0,0,0,0,0,0
1989,235,21,30,54.773,2,8,0,-1,0,0,1,1,50,0,0,0,1028,0,0,0,0,0,1,1,0,0,0,183.9814462,0,0,0,0,3,1,1,0.2,40,0,0,0,3,1,1,0.002,200,0,0,0,0,0,0,0,0,0,0,0,0,0,0,0,0,0,0,0,0,0,0,0,0,0,0,0,0,0,0,0,0,0,0,0,0,0,0,0,0,0,0,0,0,0,0,0,0,0,0,0
1989,235,21,31,17.692,2,8,0,-1,1,0,1,1,50,0,0,0,1028,0,0,0,0,0,1,1,0,0,0,183.9445667,0,0,0,0,3,1,1,0.2,40,0,0,0,3,1,1,0.002,200,0,0,0,0,0,0,0,0,0,0,0,0,0,0,0,0,0,0,0,0,0,0,0,0,0,0,0,0,0,0,0,0,0,0,0,0,0,0,0,0,0,0,0,0,0,0,0,0,0,0,0
1989,235,21,32,30.773,2,8,0,-1,0,0,1,1,50,0,0,0,1028,0,0,0,0,0,1,1,0,0,0,183.8269731,0,0,0,0,3,1,1,0.2,40,0,0,0,3,1,1,0.002,200,0,0,0,0,0,0,0,0,0,0,0,0,0,0,0,0,0,0,0,0,0,0,0,0,0,0,0,0,0,0,0,0,0,0,0,0,0,0,0,0,0,0,0,0,0,0,0,0,0,0,0
1989,235,21,32,53.692,2,8,0,-1,1,0,1,1,50,0,0,0,1028,0,0,0,0,0,1,1,0,0,0,183.7900932,0,0,0,0,3,1,1,0.2,40,0,0,0,3,1,1,0.002,200,0,0,0,0,0,0,0,0,0,0,0,0,0,0,0,0,0,0,0,0,0,0,0,0,0,0,0,0,0,0,0,0,0,0,0,0,0,0,0,0,0,0,0,0,0,0,0,0,0,0,0
1989,235,21,34,6.772,2,8,0,-1,0,0,1,1,50,0,0,0,1028,0,0,0,0,0,1,1,0,0,0,183.6724991,0,0,0,0,3,1,1,0.2,40,0,0,0,3,1,1,0.002,200,0,0,0,0,0,0,0,0,0,0,0,0,0,0,0,0,0,0,0,0,0,0,0,0,0,0,0,0,0,0,0,0,0,0,0,0,0,0,0,0,0,0,0,0,0,0,0,0,0,0,0
1989,235,21,34,29.692,2,8,0,-1,1,0,1,1,50,0,0,0,1028,0,0,0,0,0,1,1,0,0,0,183.6356196,0,0,0,0,3,1,1,0.2,40,0,0,0,3,1,1,0.002,200,0,0,0,0,0,0,0,0,0,0,0,0,0,0,0,0,0,0,0,0,0,0,0,0,0,0,0,0,0,0,0,0,0,0,0,0,0,0,0,0,0,0,0,0,0,0,0,0,0,0,0
1989,235,21,35,42.772,2,8,0,-1,0,0,1,1,50,0,0,0,1028,0,0,0,0,0,1,1,0,0,0,183.5180234,0,0,0,0,3,1,1,0.2,40,0,0,0,3,1,1,0.002,200,0,0,0,0,0,0,0,0,0,0,0,0,0,0,0,0,0,0,0,0,0,0,0,0,0,0,0,0,0,0,0,0,0,0,0,0,0,0,0,0,0,0,0,0,0,0,0,0,0,0,0
1989,235,21,36,5.692,2,8,0,-1,1,0,1,1,50,0,0,0,1028,0,0,0,0,0,1,1,0,0,0,183.4811419,0,0,0,0,3,1,1,0.2,40,0,0,0,3,1,1,0.002,200,0,0,0,0,0,0,0,0,0,0,0,0,0,0,0,0,0,0,0,0,0,0,0,0,0,0,0,0,0,0,0,0,0,0,0,0,0,0,0,0,0,0,0,0,0,0,0,0,0,0,0
1989,235,21,37,18.772,2,8,0,-1,0,0,1,1,50,0,0,0,1028,0,0,0,0,0,1,1,0,0,0,183.3635453,0,0,0,0,3,1,1,0.2,40,0,0,0,3,1,1,0.002,200,0,0,0,0,0,0,0,0,0,0,0,0,0,0,0,0,0,0,0,0,0,0,0,0,0,0,0,0,0,0,0,0,0,0,0,0,0,0,0,0,0,0,0,0,0,0,0,0,0,0,0
1989,235,21,37,41.691,2,8,0,-1,1,0,1,1,50,0,0,0,1028,0,0,0,0,0,1,1,0,0,0,183.326665,0,0,0,0,3,1,1,0.2,40,0,0,0,3,1,1,0.002,200,0,0,0,0,0,0,0,0,0,0,0,0,0,0,0,0,0,0,0,0,0,0,0,0,0,0,0,0,0,0,0,0,0,0,0,0,0,0,0,0,0,0,0,0,0,0,0,0,0,0,0
1989,235,21,38,54.772,2,8,0,-1,0,0,1,1,50,0,0,0,1028,0,0,0,0,0,1,1,0,0,0,183.2090655,0,0,0,0,3,1,1,0.2,40,0,0,0,3,1,1,0.002,200,0,0,0,0,0,0,0,0,0,0,0,0,0,0,0,0,0,0,0,0,0,0,0,0,0,0,0,0,0,0,0,0,0,0,0,0,0,0,0,0,0,0,0,0,0,0,0,0,0,0,0
1989,235,21,39,17.692,2,8,0,-1,1,0,1,1,50,0,0,0,1028,0,0,0,0,0,1,1,0,0,0,183.172184,0,0,0,0,3,1,1,0.2,40,0,0,0,3,1,1,0.002,200,0,0,0,0,0,0,0,0,0,0,0,0,0,0,0,0,0,0,0,0,0,0,0,0,0,0,0,0,0,0,0,0,0,0,0,0,0,0,0,0,0,0,0,0,0,0,0,0,0,0,0
1989,235,21,42,54.772,2,8,0,-1,0,0,1,1,50,0,0,0,1028,0,0,0,0,0,1,1,0,0,0,182.8228588,0,0,0,0,3,1,1,0.2,40,0,0,0,3,1,1,0.002,200,0,0,0,0,0,0,0,0,0,0,0,0,0,0,0,0,0,0,0,0,0,0,0,0,0,0,0,0,0,0,0,0,0,0,0,0,0,0,0,0,0,0,0,0,0,0,0,0,0,0,0
1989,235,21,43,17.692,2,8,0,-1,1,0,1,1,50,0,0,0,1028,0,0,0,0,0,1,1,0,0,0,182.7859763,0,0,0,0,3,1,1,0.2,40,0,0,0,3,1,1,0.002,200,0,0,0,0,0,0,0,0,0,0,0,0,0,0,0,0,0,0,0,0,0,0,0,0,0,0,0,0,0,0,0,0,0,0,0,0,0,0,0,0,0,0,0,0,0,0,0,0,0,0,0
1989,235,21,44,30.772,2,8,0,-1,0,0,1,1,50,0,0,0,1028,0,0,0,0,0,1,1,0,0,0,182.6683732,0,0,0,0,3,1,1,0.2,40,0,0,0,3,1,1,0.002,200,0,0,0,0,0,0,0,0,0,0,0,0,0,0,0,0,0,0,0,0,0,0,0,0,0,0,0,0,0,0,0,0,0,0,0,0,0,0,0,0,0,0,0,0,0,0,0,0,0,0,0
1989,235,21,44,53.692,2,8,0,-1,1,0,1,1,50,0,0,0,1028,0,0,0,0,0,1,1,0,0,0,182.6314903,0,0,0,0,3,1,1,0.2,40,0,0,0,3,1,1,0.002,200,0,0,0,0,0,0,0,0,0,0,0,0,0,0,0,0,0,0,0,0,0,0,0,0,0,0,0,0,0,0,0,0,0,0,0,0,0,0,0,0,0,0,0,0,0,0,0,0,0,0,0
1989,235,21,46,6.772,2,8,0,-1,0,0,1,1,50,0,0,0,1028,0,0,0,0,0,1,1,0,0,0,182.5138859,0,0,0,0,3,1,1,0.2,40,0,0,0,3,1,1,0.002,200,0,0,0,0,0,0,0,0,0,0,0,0,0,0,0,0,0,0,0,0,0,0,0,0,0,0,0,0,0,0,0,0,0,0,0,0,0,0,0,0,0,0,0,0,0,0,0,0,0,0,0
1989,235,21,46,29.691,2,8,0,-1,1,0,1,1,50,0,0,0,1028,0,0,0,0,0,1,1,0,0,0,182.4770035,0,0,0,0,3,1,1,0.2,40,0,0,0,3,1,1,0.002,200,0,0,0,0,0,0,0,0,0,0,0,0,0,0,0,0,0,0,0,0,0,0,0,0,0,0,0,0,0,0,0,0,0,0,0,0,0,0,0,0,0,0,0,0,0,0,0,0,0,0,0
1989,235,21,47,42.771,2,8,0,-1,0,0,1,1,50,0,0,0,1028,0,0,0,0,0,1,1,0,0,0,182.3593986,0,0,0,0,3,1,1,0.2,40,0,0,0,3,1,1,0.002,200,0,0,0,0,0,0,0,0,0,0,0,0,0,0,0,0,0,0,0,0,0,0,0,0,0,0,0,0,0,0,0,0,0,0,0,0,0,0,0,0,0,0,0,0,0,0,0,0,0,0,0
1989,235,21,48,5.691,2,8,0,-1,1,0,1,1,50,0,0,0,1028,0,0,0,0,0,1,1,0,0,0,182.3225141,0,0,0,0,3,1,1,0.2,40,0,0,0,3,1,1,0.002,200,0,0,0,0,0,0,0,0,0,0,0,0,0,0,0,0,0,0,0,0,0,0,0,0,0,0,0,0,0,0,0,0,0,0,0,0,0,0,0,0,0,0,0,0,0,0,0,0,0,0,0
1989,235,21,49,18.771,2,8,0,-1,0,0,1,1,50,0,0,0,1028,0,0,0,0,0,1,1,0,0,0,182.204908,0,0,0,0,3,1,1,0.2,40,0,0,0,3,1,1,0.002,200,0,0,0,0,0,0,0,0,0,0,0,0,0,0,0,0,0,0,0,0,0,0,0,0,0,0,0,0,0,0,0,0,0,0,0,0,0,0,0,0,0,0,0,0,0,0,0,0,0,0,0
1989,235,21,49,41.69,2,8,0,-1,1,0,1,1,50,0,0,0,1028,0,0,0,0,0,1,1,0,0,0,182.1680247,0,0,0,0,3,1,1,0.2,40,0,0,0,3,1,1,0.002,200,0,0,0,0,0,0,0,0,0,0,0,0,0,0,0,0,0,0,0,0,0,0,0,0,0,0,0,0,0,0,0,0,0,0,0,0,0,0,0,0,0,0,0,0,0,0,0,0,0,0,0
1989,235,21,50,54.771,2,8,0,-1,0,0,1,1,50,0,0,0,1028,0,0,0,0,0,1,1,0,0,0,182.0504157,0,0,0,0,3,1,1,0.2,40,0,0,0,3,1,1,0.002,200,0,0,0,0,0,0,0,0,0,0,0,0,0,0,0,0,0,0,0,0,0,0,0,0,0,0,0,0,0,0,0,0,0,0,0,0,0,0,0,0,0,0,0,0,0,0,0,0,0,0,0
1989,235,21,51,17.691,2,8,0,-1,1,0,1,1,50,0,0,0,1028,0,0,0,0,0,1,1,0,0,0,182.0135304,0,0,0,0,3,1,1,0.2,40,0,0,0,3,1,1,0.002,200,0,0,0,0,0,0,0,0,0,0,0,0,0,0,0,0,0,0,0,0,0,0,0,0,0,0,0,0,0,0,0,0,0,0,0,0,0,0,0,0,0,0,0,0,0,0,0,0,0,0,0
1989,235,21,54,54.771,2,8,0,-1,0,0,1,1,50,0,0,0,1028,0,0,0,0,0,1,1,0,0,0,181.6641775,0,0,0,0,3,1,1,0.2,40,0,0,0,3,1,1,0.002,200,0,0,0,0,0,0,0,0,0,0,0,0,0,0,0,0,0,0,0,0,0,0,0,0,0,0,0,0,0,0,0,0,0,0,0,0,0,0,0,0,0,0,0,0,0,0,0,0,0,0,0
1989,235,21,55,17.691,2,8,0,-1,1,0,1,1,50,0,0,0,1028,0,0,0,0,0,1,1,0,0,0,181.6272912,0,0,0,0,3,1,1,0.2,40,0,0,0,3,1,1,0.002,200,0,0,0,0,0,0,0,0,0,0,0,0,0,0,0,0,0,0,0,0,0,0,0,0,0,0,0,0,0,0,0,0,0,0,0,0,0,0,0,0,0,0,0,0,0,0,0,0,0,0,0
1989,235,21,56,30.771,2,8,0,-1,0,0,1,1,50,0,0,0,1028,0,0,0,0,0,1,1,0,0,0,181.5096793,0,0,0,0,3,1,1,0.2,40,0,0,0,3,1,1,0.002,200,0,0,0,0,0,0,0,0,0,0,0,0,0,0,0,0,0,0,0,0,0,0,0,0,0,0,0,0,0,0,0,0,0,0,0,0,0,0,0,0,0,0,0,0,0,0,0,0,0,0,0
1989,235,21,56,53.691,2,8,0,-1,1,0,1,1,50,0,0,0,1028,0,0,0,0,0,1,1,0,0,0,181.4727934,0,0,0,0,3,1,1,0.2,40,0,0,0,3,1,1,0.002,200,0,0,0,0,0,0,0,0,0,0,0,0,0,0,0,0,0,0,0,0,0,0,0,0,0,0,0,0,0,0,0,0,0,0,0,0,0,0,0,0,0,0,0,0,0,0,0,0,0,0,0
1989,235,21,58,6.771,2,8,0,-1,0,0,1,1,50,0,0,0,1028,0,0,0,0,0,1,1,0,0,0,181.3551794,0,0,0,0,3,1,1,0.2,40,0,0,0,3,1,1,0.002,200,0,0,0,0,0,0,0,0,0,0,0,0,0,0,0,0,0,0,0,0,0,0,0,0,0,0,0,0,0,0,0,0,0,0,0,0,0,0,0,0,0,0,0,0,0,0,0,0,0,0,0
1989,235,21,58,29.691,2,8,0,-1,1,0,1,1,50,0,0,0,1028,0,0,0,0,0,1,1,0,0,0,181.3182931,0,0,0,0,3,1,1,0.2,40,0,0,0,3,1,1,0.002,200,0,0,0,0,0,0,0,0,0,0,0,0,0,0,0,0,0,0,0,0,0,0,0,0,0,0,0,0,0,0,0,0,0,0,0,0,0,0,0,0,0,0,0,0,0,0,0,0,0,0,0
1989,235,21,59,42.771,2,8,0,-1,0,0,1,1,50,0,0,0,1028,0,0,0,0,0,1,1,0,0,0,181.2006786,0,0,0,0,3,1,1,0.2,40,0,0,0,3,1,1,0.002,200,0,0,0,0,0,0,0,0,0,0,0,0,0,0,0,0,0,0,0,0,0,0,0,0,0,0,0,0,0,0,0,0,0,0,0,0,0,0,0,0,0,0,0,0,0,0,0,0,0,0,0
1989,235,22,0,5.691,2,8,0,-1,1,0,1,1,50,0,0,0,1028,0,0,0,0,0,1,1,0,0,0,181.1637911,0,0,0,0,3,1,1,0.2,40,0,0,0,3,1,1,0.002,200,0,0,0,0,0,0,0,0,0,0,0,0,0,0,0,0,0,0,0,0,0,0,0,0,0,0,0,0,0,0,0,0,0,0,0,0,0,0,0,0,0,0,0,0,0,0,0,0,0,0,0
1989,235,22,1,18.77,2,8,0,-1,0,0,1,1,50,0,0,0,1028,0,0,0,0,0,1,1,0,0,0,181.0461761,0,0,0,0,3,1,1,0.2,40,0,0,0,3,1,1,0.002,200,0,0,0,0,0,0,0,0,0,0,0,0,0,0,0,0,0,0,0,0,0,0,0,0,0,0,0,0,0,0,0,0,0,0,0,0,0,0,0,0,0,0,0,0,0,0,0,0,0,0,0
1989,235,22,1,41.689,2,8,0,-1,1,0,1,1,50,0,0,0,1028,0,0,0,0,0,1,1,0,0,0,181.009289,0,0,0,0,3,1,1,0.2,40,0,0,0,3,1,1,0.002,200,0,0,0,0,0,0,0,0,0,0,0,0,0,0,0,0,0,0,0,0,0,0,0,0,0,0,0,0,0,0,0,0,0,0,0,0,0,0,0,0,0,0,0,0,0,0,0,0,0,0,0
1989,235,22,2,54.77,2,8,0,-1,0,0,1,1,50,0,0,0,1028,0,0,0,0,0,1,1,0,0,0,180.8916711,0,0,0,0,3,1,1,0.2,40,0,0,0,3,1,1,0.002,200,0,0,0,0,0,0,0,0,0,0,0,0,0,0,0,0,0,0,0,0,0,0,0,0,0,0,0,0,0,0,0,0,0,0,0,0,0,0,0,0,0,0,0,0,0,0,0,0,0,0,0
1989,235,22,3,17.69,2,8,0,-1,1,0,1,1,50,0,0,0,1028,0,0,0,0,0,1,1,0,0,0,180.8547828,0,0,0,0,3,1,1,0.2,40,0,0,0,3,1,1,0.002,200,0,0,0,0,0,0,0,0,0,0,0,0,0,0,0,0,0,0,0,0,0,0,0,0,0,0,0,0,0,0,0,0,0,0,0,0,0,0,0,0,0,0,0,0,0,0,0,0,0,0,0
1989,235,22,6,54.77,2,8,0,-1,0,0,1,1,50,0,0,0,1028,0,0,0,0,0,1,1,0,0,0,180.5054012,0,0,0,0,3,1,1,0.2,40,0,0,0,3,1,1,0.002,200,0,0,0,0,0,0,0,0,0,0,0,0,0,0,0,0,0,0,0,0,0,0,0,0,0,0,0,0,0,0,0,0,0,0,0,0,0,0,0,0,0,0,0,0,0,0,0,0,0,0,0
1989,235,22,7,17.69,2,8,0,-1,1,0,1,1,50,0,0,0,1028,0,0,0,0,0,1,1,0,0,0,180.4685118,0,0,0,0,3,1,1,0.2,40,0,0,0,3,1,1,0.002,200,0,0,0,0,0,0,0,0,0,0,0,0,0,0,0,0,0,0,0,0,0,0,0,0,0,0,0,0,0,0,0,0,0,0,0,0,0,0,0,0,0,0,0,0,0,0,0,0,0,0,0
1989,235,22,8,30.77,2,8,0,-1,0,0,1,1,50,0,0,0,1028,0,0,0,0,0,1,1,0,0,0,180.3508902,0,0,0,0,3,1,1,0.2,40,0,0,0,3,1,1,0.002,200,0,0,0,0,0,0,0,0,0,0,0,0,0,0,0,0,0,0,0,0,0,0,0,0,0,0,0,0,0,0,0,0,0,0,0,0,0,0,0,0,0,0,0,0,0,0,0,0,0,0,0
1989,235,22,8,53.69,2,8,0,-1,1,0,1,1,50,0,0,0,1028,0,0,0,0,0,1,1,0,0,0,180.3140005,0,0,0,0,3,1,1,0.2,40,0,0,0,3,1,1,0.002,200,0,0,0,0,0,0,0,0,0,0,0,0,0,0,0,0,0,0,0,0,0,0,0,0,0,0,0,0,0,0,0,0,0,0,0,0,0,0,0,0,0,0,0,0,0,0,0,0,0,0,0
1989,235,22,10,6.77,2,8,0,-1,0,0,1,1,50,0,0,0,1028,0,0,0,0,0,1,1,0,0,0,180.1963775,0,0,0,0,3,1,1,0.2,40,0,0,0,3,1,1,0.002,200,0,0,0,0,0,0,0,0,0,0,0,0,0,0,0,0,0,0,0,0,0,0,0,0,0,0,0,0,0,0,0,0,0,0,0,0,0,0,0,0,0,0,0,0,0,0,0,0,0,0,0
1989,235,22,10,29.689,2,8,0,-1,1,0,1,1,50,0,0,0,1028,0,0,0,0,0,1,1,0,0,0,180.1594882,0,0,0,0,3,1,1,0.2,40,0,0,0,3,1,1,0.002,200,0,0,0,0,0,0,0,0,0,0,0,0,0,0,0,0,0,0,0,0,0,0,0,0,0,0,0,0,0,0,0,0,0,0,0,0,0,0,0,0,0,0,0,0,0,0,0,0,0,0,0
1989,235,22,11,42.77,2,8,0,-1,0,0,1,1,50,0,0,0,1028,0,0,0,0,0,1,1,0,0,0,180.0418631,0,0,0,0,3,1,1,0.2,40,0,0,0,3,1,1,0.002,200,0,0,0,0,0,0,0,0,0,0,0,0,0,0,0,0,0,0,0,0,0,0,0,0,0,0,0,0,0,0,0,0,0,0,0,0,0,0,0,0,0,0,0,0,0,0,0,0,0,0,0
1989,235,22,12,5.69,2,8,0,-1,1,0,1,1,50,0,0,0,1028,0,0,0,0,0,1,1,0,0,0,180.0049725,0,0,0,0,3,1,1,0.2,40,0,0,0,3,1,1,0.002,200,0,0,0,0,0,0,0,0,0,0,0,0,0,0,0,0,0,0,0,0,0,0,0,0,0,0,0,0,0,0,0,0,0,0,0,0,0,0,0,0,0,0,0,0,0,0,0,0,0,0,0
1989,235,22,13,18.769,2,8,0,-1,0,0,1,1,50,0,0,0,1028,0,0,0,0,0,1,1,0,0,0,179.8873486,0,0,0,0,3,1,1,0.2,40,0,0,0,3,1,1,0.002,200,0,0,0,0,0,0,0,0,0,0,0,0,0,0,0,0,0,0,0,0,0,0,0,0,0,0,0,0,0,0,0,0,0,0,0,0,0,0,0,0,0,0,0,0,0,0,0,0,0,0,0
1989,235,22,13,41.688,2,8,0,-1,1,0,1,1,50,0,0,0,1028,0,0,0,0,0,1,1,0,0,0,179.8504584,0,0,0,0,3,1,1,0.2,40,0,0,0,3,1,1,0.002,200,0,0,0,0,0,0,0,0,0,0,0,0,0,0,0,0,0,0,0,0,0,0,0,0,0,0,0,0,0,0,0,0,0,0,0,0,0,0,0,0,0,0,0,0,0,0,0,0,0,0,0
1989,235,22,14,54.769,2,8,0,-1,0,0,1,1,50,0,0,0,1028,0,0,0,0,0,1,1,0,0,0,179.7328307,0,0,0,0,3,1,1,0.2,40,0,0,0,3,1,1,0.002,200,0,0,0,0,0,0,0,0,0,0,0,0,0,0,0,0,0,0,0,0,0,0,0,0,0,0,0,0,0,0,0,0,0,0,0,0,0,0,0,0,0,0,0,0,0,0,0,0,0,0,0
1989,235,22,15,17.689,2,8,0,-1,1,0,1,1,50,0,0,0,1028,0,0,0,0,0,1,1,0,0,0,179.6959393,0,0,0,0,3,1,1,0.2,40,0,0,0,3,1,1,0.002,200,0,0,0,0,0,0,0,0,0,0,0,0,0,0,0,0,0,0,0,0,0,0,0,0,0,0,0,0,0,0,0,0,0,0,0,0,0,0,0,0,0,0,0,0,0,0,0,0,0,0,0
1989,235,22,18,54.769,2,8,0,-1,0,0,1,1,50,0,0,0,1028,0,0,0,0,0,1,1,0,0,0,179.3465285,0,0,0,0,3,1,1,0.2,40,0,0,0,3,1,1,0.002,200,0,0,0,0,0,0,0,0,0,0,0,0,0,0,0,0,0,0,0,0,0,0,0,0,0,0,0,0,0,0,0,0,0,0,0,0,0,0,0,0,0,0,0,0,0,0,0,0,0,0,0
1989,235,22,19,17.689,2,8,0,-1,1,0,1,1,50,0,0,0,1028,0,0,0,0,0,1,1,0,0,0,179.3096361,0,0,0,0,3,1,1,0.2,40,0,0,0,3,1,1,0.002,200,0,0,0,0,0,0,0,0,0,0,0,0,0,0,0,0,0,0,0,0,0,0,0,0,0,0,0,0,0,0,0,0,0,0,0,0,0,0,0,0,0,0,0,0,0,0,0,0,0,0,0
1989,235,22,20,30.769,2,8,0,-1,0,0,1,1,50,0,0,0,1028,0,0,0,0,0,1,1,0,0,0,179.1920046,0,0,0,0,3,1,1,0.2,40,0,0,0,3,1,1,0.002,200,0,0,0,0,0,0,0,0,0,0,0,0,0,0,0,0,0,0,0,0,0,0,0,0,0,0,0,0,0,0,0,0,0,0,0,0,0,0,0,0,0,0,0,0,0,0,0,0,0,0,0
1989,235,22,20,53.689,2,8,0,-1,1,0,1,1,50,0,0,0,1028,0,0,0,0,0,1,1,0,0,0,179.1551118,0,0,0,0,3,1,1,0.2,40,0,0,0,3,1,1,0.002,200,0,0,0,0,0,0,0,0,0,0,0,0,0,0,0,0,0,0,0,0,0,0,0,0,0,0,0,0,0,0,0,0,0,0,0,0,0,0,0,0,0,0,0,0,0,0,0,0,0,0,0
1989,235,22,22,6.769,2,8,0,-1,0,0,1,1,50,0,0,0,1028,0,0,0,0,0,1,1,0,0,0,179.0374789,0,0,0,0,3,1,1,0.2,40,0,0,0,3,1,1,0.002,200,0,0,0,0,0,0,0,0,0,0,0,0,0,0,0,0,0,0,0,0,0,0,0,0,0,0,0,0,0,0,0,0,0,0,0,0,0,0,0,0,0,0,0,0,0,0,0,0,0,0,0
1989,235,22,22,29.688,2,8,0,-1,1,0,1,1,50,0,0,0,1028,0,0,0,0,0,1,1,0,0,0,179.0005865,0,0,0,0,3,1,1,0.2,40,0,0,0,3,1,1,0.002,200,0,0,0,0,0,0,0,0,0,0,0,0,0,0,0,0,0,0,0,0,0,0,0,0,0,0,0,0,0,0,0,0,0,0,0,0,0,0,0,0,0,0,0,0,0,0,0,0,0,0,0
1989,235,22,23,42.769,2,8,0,-1,0,0,1,1,50,0,0,0,1028,0,0,0,0,0,1,1,0,0,0,178.8829515,0,0,0,0,3,1,1,0.2,40,0,0,0,3,1,1,0.002,200,0,0,0,0,0,0,0,0,0,0,0,0,0,0,0,0,0,0,0,0,0,0,0,0,0,0,0,0,0,0,0,0,0,0,0,0,0,0,0,0,0,0,0,0,0,0,0,0,0,0,0
1989,235,22,24,5.689,2,8,0,-1,1,0,1,1,50,0,0,0,1028,0,0,0,0,0,1,1,0,0,0,178.8460579,0,0,0,0,3,1,1,0.2,40,0,0,0,3,1,1,0.002,200,0,0,0,0,0,0,0,0,0,0,0,0,0,0,0,0,0,0,0,0,0,0,0,0,0,0,0,0,0,0,0,0,0,0,0,0,0,0,0,0,0,0,0,0,0,0,0,0,0,0,0
1989,235,22,25,18.768,2,8,0,-1,0,0,1,1,50,0,0,0,1028,0,0,0,0,0,1,1,0,0,0,178.7284232,0,0,0,0,3,1,1,0.2,40,0,0,0,3,1,1,0.002,200,0,0,0,0,0,0,0,0,0,0,0,0,0,0,0,0,0,0,0,0,0,0,0,0,0,0,0,0,0,0,0,0,0,0,0,0,0,0,0,0,0,0,0,0,0,0,0,0,0,0,0
1989,235,22,25,41.688,2,8,0,-1,1,0,1,1,50,0,0,0,1028,0,0,0,0,0,1,1,0,0,0,178.6915291,0,0,0,0,3,1,1,0.2,40,0,0,0,3,1,1,0.002,200,0,0,0,0,0,0,0,0,0,0,0,0,0,0,0,0,0,0,0,0,0,0,0,0,0,0,0,0,0,0,0,0,0,0,0,0,0,0,0,0,0,0,0,0,0,0,0,0,0,0,0
1989,235,22,26,54.768,2,8,0,-1,0,0,1,1,50,0,0,0,1028,0,0,0,0,0,1,1,0,0,0,178.5738931,0,0,0,0,3,1,1,0.2,40,0,0,0,3,1,1,0.002,200,0,0,0,0,0,0,0,0,0,0,0,0,0,0,0,0,0,0,0,0,0,0,0,0,0,0,0,0,0,0,0,0,0,0,0,0,0,0,0,0,0,0,0,0,0,0,0,0,0,0,0
1989,235,22,27,17.688,2,8,0,-1,1,0,1,1,50,0,0,0,1028,0,0,0,0,0,1,1,0,0,0,178.5369986,0,0,0,0,3,1,1,0.2,40,0,0,0,3,1,1,0.002,200,0,0,0,0,0,0,0,0,0,0,0,0,0,0,0,0,0,0,0,0,0,0,0,0,0,0,0,0,0,0,0,0,0,0,0,0,0,0,0,0,0,0,0,0,0,0,0,0,0,0,0
1989,235,22,30,54.768,2,8,0,-1,0,0,1,1,50,0,0,0,1028,0,0,0,0,0,1,1,0,0,0,178.1875582,0,0,0,0,3,1,1,0.2,40,0,0,0,3,1,1,0.002,200,0,0,0,0,0,0,0,0,0,0,0,0,0,0,0,0,0,0,0,0,0,0,0,0,0,0,0,0,0,0,0,0,0,0,0,0,0,0,0,0,0,0,0,0,0,0,0,0,0,0,0
1989,235,22,31,17.688,2,8,0,-1,1,0,1,1,50,0,0,0,1028,0,0,0,0,0,1,1,0,0,0,178.1506627,0,0,0,0,3,1,1,0.2,40,0,0,0,3,1,1,0.002,200,0,0,0,0,0,0,0,0,0,0,0,0,0,0,0,0,0,0,0,0,0,0,0,0,0,0,0,0,0,0,0,0,0,0,0,0,0,0,0,0,0,0,0,0,0,0,0,0,0,0,0
1989,235,22,32,30.768,2,8,0,-1,0,0,1,1,50,0,0,0,1028,0,0,0,0,0,1,1,0,0,0,178.0330212,0,0,0,0,3,1,1,0.2,40,0,0,0,3,1,1,0.002,200,0,0,0,0,0,0,0,0,0,0,0,0,0,0,0,0,0,0,0,0,0,0,0,0,0,0,0,0,0,0,0,0,0,0,0,0,0,0,0,0,0,0,0,0,0,0,0,0,0,0,0
1989,235,22,32,53.688,2,8,0,-1,1,0,1,1,50,0,0,0,1028,0,0,0,0,0,1,1,0,0,0,177.9961252,0,0,0,0,3,1,1,0.2,40,0,0,0,3,1,1,0.002,200,0,0,0,0,0,0,0,0,0,0,0,0,0,0,0,0,0,0,0,0,0,0,0,0,0,0,0,0,0,0,0,0,0,0,0,0,0,0,0,0,0,0,0,0,0,0,0,0,0,0,0
1989,235,22,34,6.768,2,8,0,-1,0,0,1,1,50,0,0,0,1028,0,0,0,0,0,1,1,0,0,0,177.8784824,0,0,0,0,3,1,1,0.2,40,0,0,0,3,1,1,0.002,200,0,0,0,0,0,0,0,0,0,0,0,0,0,0,0,0,0,0,0,0,0,0,0,0,0,0,0,0,0,0,0,0,0,0,0,0,0,0,0,0,0,0,0,0,0,0,0,0,0,0,0
1989,235,22,34,29.688,2,8,0,-1,1,0,1,1,50,0,0,0,1028,0,0,0,0,0,1,1,0,0,0,177.841586,0,0,0,0,3,1,1,0.2,40,0,0,0,3,1,1,0.002,200,0,0,0,0,0,0,0,0,0,0,0,0,0,0,0,0,0,0,0,0,0,0,0,0,0,0,0,0,0,0,0,0,0,0,0,0,0,0,0,0,0,0,0,0,0,0,0,0,0,0,0
1989,235,22,35,42.768,2,8,0,-1,0,0,1,1,50,0,0,0,1028,0,0,0,0,0,1,1,0,0,0,177.7239419,0,0,0,0,3,1,1,0.2,40,0,0,0,3,1,1,0.002,200,0,0,0,0,0,0,0,0,0,0,0,0,0,0,0,0,0,0,0,0,0,0,0,0,0,0,0,0,0,0,0,0,0,0,0,0,0,0,0,0,0,0,0,0,0,0,0,0,0,0,0
1989,235,22,36,5.688,2,8,0,-1,1,0,1,1,50,0,0,0,1028,0,0,0,0,0,1,1,0,0,0,177.6870451,0,0,0,0,3,1,1,0.2,40,0,0,0,3,1,1,0.002,200,0,0,0,0,0,0,0,0,0,0,0,0,0,0,0,0,0,0,0,0,0,0,0,0,0,0,0,0,0,0,0,0,0,0,0,0,0,0,0,0,0,0,0,0,0,0,0,0,0,0,0
1989,235,22,37,18.768,2,8,0,-1,0,0,1,1,50,0,0,0,1028,0,0,0,0,0,1,1,0,0,0,177.5693996,0,0,0,0,3,1,1,0.2,40,0,0,0,3,1,1,0.002,200,0,0,0,0,0,0,0,0,0,0,0,0,0,0,0,0,0,0,0,0,0,0,0,0,0,0,0,0,0,0,0,0,0,0,0,0,0,0,0,0,0,0,0,0,0,0,0,0,0,0,0
1989,235,22,37,41.688,2,8,0,-1,1,0,1,1,50,0,0,0,1028,0,0,0,0,0,1,1,0,0,0,177.5325023,0,0,0,0,3,1,1,0.2,40,0,0,0,3,1,1,0.002,200,0,0,0,0,0,0,0,0,0,0,0,0,0,0,0,0,0,0,0,0,0,0,0,0,0,0,0,0,0,0,0,0,0,0,0,0,0,0,0,0,0,0,0,0,0,0,0,0,0,0,0
1989,235,22,38,54.767,2,8,0,-1,0,0,1,1,50,0,0,0,1028,0,0,0,0,0,1,1,0,0,0,177.4148571,0,0,0,0,3,1,1,0.2,40,0,0,0,3,1,1,0.002,200,0,0,0,0,0,0,0,0,0,0,0,0,0,0,0,0,0,0,0,0,0,0,0,0,0,0,0,0,0,0,0,0,0,0,0,0,0,0,0,0,0,0,0,0,0,0,0,0,0,0,0
1989,235,22,39,17.687,2,8,0,-1,1,0,1,1,50,0,0,0,1028,0,0,0,0,0,1,1,0,0,0,177.3779602,0,0,0,0,3,1,1,0.2,40,0,0,0,3,1,1,0.002,200,0,0,0,0,0,0,0,0,0,0,0,0,0,0,0,0,0,0,0,0,0,0,0,0,0,0,0,0,0,0,0,0,0,0,0,0,0,0,0,0,0,0,0,0,0,0,0,0,0,0,0
1989,235,22,42,54.767,2,8,0,-1,0,0,1,1,50,0,0,0,1028,0,0,0,0,0,1,1,0,0,0,177.0284891,0,0,0,0,3,1,1,0.2,40,0,0,0,3,1,1,0.002,200,0,0,0,0,0,0,0,0,0,0,0,0,0,0,0,0,0,0,0,0,0,0,0,0,0,0,0,0,0,0,0,0,0,0,0,0,0,0,0,0,0,0,0,0,0,0,0,0,0,0,0
1989,235,22,43,17.687,2,8,0,-1,1,0,1,1,50,0,0,0,1028,0,0,0,0,0,1,1,0,0,0,176.9915912,0,0,0,0,3,1,1,0.2,40,0,0,0,3,1,1,0.002,200,0,0,0,0,0,0,0,0,0,0,0,0,0,0,0,0,0,0,0,0,0,0,0,0,0,0,0,0,0,0,0,0,0,0,0,0,0,0,0,0,0,0,0,0,0,0,0,0,0,0,0
1989,235,22,44,30.767,2,8,0,-1,0,0,1,1,50,0,0,0,1028,0,0,0,0,0,1,1,0,0,0,176.8739388,0,0,0,0,3,1,1,0.2,40,0,0,0,3,1,1,0.002,200,0,0,0,0,0,0,0,0,0,0,0,0,0,0,0,0,0,0,0,0,0,0,0,0,0,0,0,0,0,0,0,0,0,0,0,0,0,0,0,0,0,0,0,0,0,0,0,0,0,0,0
1989,235,22,44,53.687,2,8,0,-1,1,0,1,1,50,0,0,0,1028,0,0,0,0,0,1,1,0,0,0,176.8370396,0,0,0,0,3,1,1,0.2,40,0,0,0,3,1,1,0.002,200,0,0,0,0,0,0,0,0,0,0,0,0,0,0,0,0,0,0,0,0,0,0,0,0,0,0,0,0,0,0,0,0,0,0,0,0,0,0,0,0,0,0,0,0,0,0,0,0,0,0,0
1989,235,22,46,6.767,2,8,0,-1,0,0,1,1,50,0,0,0,1028,0,0,0,0,0,1,1,0,0,0,176.7193867,0,0,0,0,3,1,1,0.2,40,0,0,0,3,1,1,0.002,200,0,0,0,0,0,0,0,0,0,0,0,0,0,0,0,0,0,0,0,0,0,0,0,0,0,0,0,0,0,0,0,0,0,0,0,0,0,0,0,0,0,0,0,0,0,0,0,0,0,0,0
1989,235,22,46,29.687,2,8,0,-1,1,0,1,1,50,0,0,0,1028,0,0,0,0,0,1,1,0,0,0,176.6824879,0,0,0,0,3,1,1,0.2,40,0,0,0,3,1,1,0.002,200,0,0,0,0,0,0,0,0,0,0,0,0,0,0,0,0,0,0,0,0,0,0,0,0,0,0,0,0,0,0,0,0,0,0,0,0,0,0,0,0,0,0,0,0,0,0,0,0,0,0,0
1989,235,22,47,42.767,2,8,0,-1,0,0,1,1,50,0,0,0,1028,0,0,0,0,0,1,1,0,0,0,176.5648328,0,0,0,0,3,1,1,0.2,40,0,0,0,3,1,1,0.002,200,0,0,0,0,0,0,0,0,0,0,0,0,0,0,0,0,0,0,0,0,0,0,0,0,0,0,0,0,0,0,0,0,0,0,0,0,0,0,0,0,0,0,0,0,0,0,0,0,0,0,0
1989,235,22,48,5.687,2,8,0,-1,1,0,1,1,50,0,0,0,1028,0,0,0,0,0,1,1,0,0,0,176.5279328,0,0,0,0,3,1,1,0.2,40,0,0,0,3,1,1,0.002,200,0,0,0,0,0,0,0,0,0,0,0,0,0,0,0,0,0,0,0,0,0,0,0,0,0,0,0,0,0,0,0,0,0,0,0,0,0,0,0,0,0,0,0,0,0,0,0,0,0,0,0
1989,235,22,49,18.767,2,8,0,-1,0,0,1,1,50,0,0,0,1028,0,0,0,0,0,1,1,0,0,0,176.4102771,0,0,0,0,3,1,1,0.2,40,0,0,0,3,1,1,0.002,200,0,0,0,0,0,0,0,0,0,0,0,0,0,0,0,0,0,0,0,0,0,0,0,0,0,0,0,0,0,0,0,0,0,0,0,0,0,0,0,0,0,0,0,0,0,0,0,0,0,0,0
1989,235,22,49,41.687,2,8,0,-1,1,0,1,1,50,0,0,0,1028,0,0,0,0,0,1,1,0,0,0,176.3733767,0,0,0,0,3,1,1,0.2,40,0,0,0,3,1,1,0.002,200,0,0,0,0,0,0,0,0,0,0,0,0,0,0,0,0,0,0,0,0,0,0,0,0,0,0,0,0,0,0,0,0,0,0,0,0,0,0,0,0,0,0,0,0,0,0,0,0,0,0,0
1989,235,22,50,54.767,2,8,0,-1,0,0,1,1,50,0,0,0,1028,0,0,0,0,0,1,1,0,0,0,176.2557197,0,0,0,0,3,1,1,0.2,40,0,0,0,3,1,1,0.002,200,0,0,0,0,0,0,0,0,0,0,0,0,0,0,0,0,0,0,0,0,0,0,0,0,0,0,0,0,0,0,0,0,0,0,0,0,0,0,0,0,0,0,0,0,0,0,0,0,0,0,0
1989,235,22,51,17.687,2,8,0,-1,1,0,1,1,50,0,0,0,1028,0,0,0,0,0,1,1,0,0,0,176.2188196,0,0,0,0,3,1,1,0.2,40,0,0,0,3,1,1,0.002,200,0,0,0,0,0,0,0,0,0,0,0,0,0,0,0,0,0,0,0,0,0,0,0,0,0,0,0,0,0,0,0,0,0,0,0,0,0,0,0,0,0,0,0,0,0,0,0,0,0,0,0
1989,235,22,54,54.766,2,8,0,-1,0,0,1,1,50,0,0,0,1028,0,0,0,0,0,1,1,0,0,0,175.8693197,0,0,0,0,3,1,1,0.2,40,0,0,0,3,1,1,0.002,200,0,0,0,0,0,0,0,0,0,0,0,0,0,0,0,0,0,0,0,0,0,0,0,0,0,0,0,0,0,0,0,0,0,0,0,0,0,0,0,0,0,0,0,0,0,0,0,0,0,0,0
1989,235,22,55,17.685,2,8,0,-1,1,0,1,1,50,0,0,0,1028,0,0,0,0,0,1,1,0,0,0,175.8324186,0,0,0,0,3,1,1,0.2,40,0,0,0,3,1,1,0.002,200,0,0,0,0,0,0,0,0,0,0,0,0,0,0,0,0,0,0,0,0,0,0,0,0,0,0,0,0,0,0,0,0,0,0,0,0,0,0,0,0,0,0,0,0,0,0,0,0,0,0,0
1989,235,22,56,30.766,2,8,0,-1,0,0,1,1,50,0,0,0,1028,0,0,0,0,0,1,1,0,0,0,175.7147559,0,0,0,0,3,1,1,0.2,40,0,0,0,3,1,1,0.002,200,0,0,0,0,0,0,0,0,0,0,0,0,0,0,0,0,0,0,0,0,0,0,0,0,0,0,0,0,0,0,0,0,0,0,0,0,0,0,0,0,0,0,0,0,0,0,0,0,0,0,0
1989,235,22,56,53.686,2,8,0,-1,1,0,1,1,50,0,0,0,1028,0,0,0,0,0,1,1,0,0,0,175.6778536,0,0,0,0,3,1,1,0.2,40,0,0,0,3,1,1,0.002,200,0,0,0,0,0,0,0,0,0,0,0,0,0,0,0,0,0,0,0,0,0,0,0,0,0,0,0,0,0,0,0,0,0,0,0,0,0,0,0,0,0,0,0,0,0,0,0,0,0,0,0
1989,235,22,58,6.766,2,8,0,-1,0,0,1,1,50,0,0,0,1028,0,0,0,0,0,1,1,0,0,0,175.5601904,0,0,0,0,3,1,1,0.2,40,0,0,0,3,1,1,0.002,200,0,0,0,0,0,0,0,0,0,0,0,0,0,0,0,0,0,0,0,0,0,0,0,0,0,0,0,0,0,0,0,0,0,0,0,0,0,0,0,0,0,0,0,0,0,0,0,0,0,0,0
1989,235,22,58,29.686,2,8,0,-1,1,0,1,1,50,0,0,0,1028,0,0,0,0,0,1,1,0,0,0,175.5232884,0,0,0,0,3,1,1,0.2,40,0,0,0,3,1,1,0.002,200,0,0,0,0,0,0,0,0,0,0,0,0,0,0,0,0,0,0,0,0,0,0,0,0,0,0,0,0,0,0,0,0,0,0,0,0,0,0,0,0,0,0,0,0,0,0,0,0,0,0,0
1989,235,22,59,42.766,2,8,0,-1,0,0,1,1,50,0,0,0,1028,0,0,0,0,0,1,1,0,0,0,175.405623,0,0,0,0,3,1,1,0.2,40,0,0,0,3,1,1,0.002,200,0,0,0,0,0,0,0,0,0,0,0,0,0,0,0,0,0,0,0,0,0,0,0,0,0,0,0,0,0,0,0,0,0,0,0,0,0,0,0,0,0,0,0,0,0,0,0,0,0,0,0
1989,235,23,0,5.686,2,8,0,-1,1,0,1,1,50,0,0,0,1028,0,0,0,0,0,1,1,0,0,0,175.3687197,0,0,0,0,3,1,1,0.2,40,0,0,0,3,1,1,0.002,200,0,0,0,0,0,0,0,0,0,0,0,0,0,0,0,0,0,0,0,0,0,0,0,0,0,0,0,0,0,0,0,0,0,0,0,0,0,0,0,0,0,0,0,0,0,0,0,0,0,0,0
1989,235,23,1,18.766,2,8,0,-1,0,0,1,1,50,0,0,0,1028,0,0,0,0,0,1,1,0,0,0,175.2510538,0,0,0,0,3,1,1,0.2,40,0,0,0,3,1,1,0.002,200,0,0,0,0,0,0,0,0,0,0,0,0,0,0,0,0,0,0,0,0,0,0,0,0,0,0,0,0,0,0,0,0,0,0,0,0,0,0,0,0,0,0,0,0,0,0,0,0,0,0,0
1989,235,23,1,41.686,2,8,0,-1,1,0,1,1,50,0,0,0,1028,0,0,0,0,0,1,1,0,0,0,175.2141501,0,0,0,0,3,1,1,0.2,40,0,0,0,3,1,1,0.002,200,0,0,0,0,0,0,0,0,0,0,0,0,0,0,0,0,0,0,0,0,0,0,0,0,0,0,0,0,0,0,0,0,0,0,0,0,0,0,0,0,0,0,0,0,0,0,0,0,0,0,0
1989,235,23,2,54.766,2,8,0,-1,0,0,1,1,50,0,0,0,1028,0,0,0,0,0,1,1,0,0,0,175.0964827,0,0,0,0,3,1,1,0.2,40,0,0,0,3,1,1,0.002,200,0,0,0,0,0,0,0,0,0,0,0,0,0,0,0,0,0,0,0,0,0,0,0,0,0,0,0,0,0,0,0,0,0,0,0,0,0,0,0,0,0,0,0,0,0,0,0,0,0,0,0
1989,235,23,3,17.685,2,8,0,-1,1,0,1,1,50,0,0,0,1028,0,0,0,0,0,1,1,0,0,0,175.0595794,0,0,0,0,3,1,1,0.2,40,0,0,0,3,1,1,0.002,200,0,0,0,0,0,0,0,0,0,0,0,0,0,0,0,0,0,0,0,0,0,0,0,0,0,0,0,0,0,0,0,0,0,0,0,0,0,0,0,0,0,0,0,0,0,0,0,0,0,0,0
1989,235,23,6,54.765,2,8,0,-1,0,0,1,1,50,0,0,0,1028,0,0,0,0,0,1,1,0,0,0,174.7100488,0,0,0,0,3,1,1,0.2,40,0,0,0,3,1,1,0.002,200,0,0,0,0,0,0,0,0,0,0,0,0,0,0,0,0,0,0,0,0,0,0,0,0,0,0,0,0,0,0,0,0,0,0,0,0,0,0,0,0,0,0,0,0,0,0,0,0,0,0,0
1989,235,23,7,17.684,2,8,0,-1,1,0,1,1,50,0,0,0,1028,0,0,0,0,0,1,1,0,0,0,174.6731444,0,0,0,0,3,1,1,0.2,40,0,0,0,3,1,1,0.002,200,0,0,0,0,0,0,0,0,0,0,0,0,0,0,0,0,0,0,0,0,0,0,0,0,0,0,0,0,0,0,0,0,0,0,0,0,0,0,0,0,0,0,0,0,0,0,0,0,0,0,0
1989,235,23,8,30.765,2,8,0,-1,0,0,1,1,50,0,0,0,1028,0,0,0,0,0,1,1,0,0,0,174.5554714,0,0,0,0,3,1,1,0.2,40,0,0,0,3,1,1,0.002,200,0,0,0,0,0,0,0,0,0,0,0,0,0,0,0,0,0,0,0,0,0,0,0,0,0,0,0,0,0,0,0,0,0,0,0,0,0,0,0,0,0,0,0,0,0,0,0,0,0,0,0
1989,235,23,8,53.685,2,8,0,-1,1,0,1,1,50,0,0,0,1028,0,0,0,0,0,1,1,0,0,0,174.5185657,0,0,0,0,3,1,1,0.2,40,0,0,0,3,1,1,0.002,200,0,0,0,0,0,0,0,0,0,0,0,0,0,0,0,0,0,0,0,0,0,0,0,0,0,0,0,0,0,0,0,0,0,0,0,0,0,0,0,0,0,0,0,0,0,0,0,0,0,0,0
1989,235,23,10,6.765,2,8,0,-1,0,0,1,1,50,0,0,0,1028,0,0,0,0,0,1,1,0,0,0,174.4008921,0,0,0,0,3,1,1,0.2,40,0,0,0,3,1,1,0.002,200,0,0,0,0,0,0,0,0,0,0,0,0,0,0,0,0,0,0,0,0,0,0,0,0,0,0,0,0,0,0,0,0,0,0,0,0,0,0,0,0,0,0,0,0,0,0,0,0,0,0,0
1989,235,23,10,29.684,2,8,0,-1,1,0,1,1,50,0,0,0,1028,0,0,0,0,0,1,1,0,0,0,174.3639868,0,0,0,0,3,1,1,0.2,40,0,0,0,3,1,1,0.002,200,0,0,0,0,0,0,0,0,0,0,0,0,0,0,0,0,0,0,0,0,0,0,0,0,0,0,0,0,0,0,0,0,0,0,0,0,0,0,0,0,0,0,0,0,0,0,0,0,0,0,0
1989,235,23,11,42.765,2,8,0,-1,0,0,1,1,50,0,0,0,1028,0,0,0,0,0,1,1,0,0,0,174.246311,0,0,0,0,3,1,1,0.2,40,0,0,0,3,1,1,0.002,200,0,0,0,0,0,0,0,0,0,0,0,0,0,0,0,0,0,0,0,0,0,0,0,0,0,0,0,0,0,0,0,0,0,0,0,0,0,0,0,0,0,0,0,0,0,0,0,0,0,0,0
1989,235,23,12,5.685,2,8,0,-1,1,0,1,1,50,0,0,0,1028,0,0,0,0,0,1,1,0,0,0,174.2094045,0,0,0,0,3,1,1,0.2,40,0,0,0,3,1,1,0.002,200,0,0,0,0,0,0,0,0,0,0,0,0,0,0,0,0,0,0,0,0,0,0,0,0,0,0,0,0,0,0,0,0,0,0,0,0,0,0,0,0,0,0,0,0,0,0,0,0,0,0,0
1989,235,23,13,18.765,2,8,0,-1,0,0,1,1,50,0,0,0,1028,0,0,0,0,0,1,1,0,0,0,174.0917281,0,0,0,0,3,1,1,0.2,40,0,0,0,3,1,1,0.002,200,0,0,0,0,0,0,0,0,0,0,0,0,0,0,0,0,0,0,0,0,0,0,0,0,0,0,0,0,0,0,0,0,0,0,0,0,0,0,0,0,0,0,0,0,0,0,0,0,0,0,0
1989,235,23,13,41.685,2,8,0,-1,1,0,1,1,50,0,0,0,1028,0,0,0,0,0,1,1,0,0,0,174.0548211,0,0,0,0,3,1,1,0.2,40,0,0,0,3,1,1,0.002,200,0,0,0,0,0,0,0,0,0,0,0,0,0,0,0,0,0,0,0,0,0,0,0,0,0,0,0,0,0,0,0,0,0,0,0,0,0,0,0,0,0,0,0,0,0,0,0,0,0,0,0
1989,235,23,14,54.765,2,8,0,-1,0,0,1,1,50,0,0,0,1028,0,0,0,0,0,1,1,0,0,0,173.9371433,0,0,0,0,3,1,1,0.2,40,0,0,0,3,1,1,0.002,200,0,0,0,0,0,0,0,0,0,0,0,0,0,0,0,0,0,0,0,0,0,0,0,0,0,0,0,0,0,0,0,0,0,0,0,0,0,0,0,0,0,0,0,0,0,0,0,0,0,0,0
1989,235,23,15,17.684,2,8,0,-1,1,0,1,1,50,0,0,0,1028,0,0,0,0,0,1,1,0,0,0,173.9002367,0,0,0,0,3,1,1,0.2,40,0,0,0,3,1,1,0.002,200,0,0,0,0,0,0,0,0,0,0,0,0,0,0,0,0,0,0,0,0,0,0,0,0,0,0,0,0,0,0,0,0,0,0,0,0,0,0,0,0,0,0,0,0,0,0,0,0,0,0,0
1989,235,23,18,54.764,2,8,0,-1,0,0,1,1,50,0,0,0,1028,0,0,0,0,0,1,1,0,0,0,173.5506749,0,0,0,0,3,1,1,0.2,40,0,0,0,3,1,1,0.002,200,0,0,0,0,0,0,0,0,0,0,0,0,0,0,0,0,0,0,0,0,0,0,0,0,0,0,0,0,0,0,0,0,0,0,0,0,0,0,0,0,0,0,0,0,0,0,0,0,0,0,0
1989,235,23,19,17.684,2,8,0,-1,1,0,1,1,50,0,0,0,1028,0,0,0,0,0,1,1,0,0,0,173.5137664,0,0,0,0,3,1,1,0.2,40,0,0,0,3,1,1,0.002,200,0,0,0,0,0,0,0,0,0,0,0,0,0,0,0,0,0,0,0,0,0,0,0,0,0,0,0,0,0,0,0,0,0,0,0,0,0,0,0,0,0,0,0,0,0,0,0,0,0,0,0
1989,235,23,20,30.764,2,8,0,-1,0,0,1,1,50,0,0,0,1028,0,0,0,0,0,1,1,0,0,0,173.3960837,0,0,0,0,3,1,1,0.2,40,0,0,0,3,1,1,0.002,200,0,0,0,0,0,0,0,0,0,0,0,0,0,0,0,0,0,0,0,0,0,0,0,0,0,0,0,0,0,0,0,0,0,0,0,0,0,0,0,0,0,0,0,0,0,0,0,0,0,0,0
1989,235,23,20,53.684,2,8,0,-1,1,0,1,1,50,0,0,0,1028,0,0,0,0,0,1,1,0,0,0,173.3591747,0,0,0,0,3,1,1,0.2,40,0,0,0,3,1,1,0.002,200,0,0,0,0,0,0,0,0,0,0,0,0,0,0,0,0,0,0,0,0,0,0,0,0,0,0,0,0,0,0,0,0,0,0,0,0,0,0,0,0,0,0,0,0,0,0,0,0,0,0,0
1989,235,23,22,6.764,2,8,0,-1,0,0,1,1,50,0,0,0,1028,0,0,0,0,0,1,1,0,0,0,173.2414905,0,0,0,0,3,1,1,0.2,40,0,0,0,3,1,1,0.002,200,0,0,0,0,0,0,0,0,0,0,0,0,0,0,0,0,0,0,0,0,0,0,0,0,0,0,0,0,0,0,0,0,0,0,0,0,0,0,0,0,0,0,0,0,0,0,0,0,0,0,0
1989,235,23,22,29.684,2,8,0,-1,1,0,1,1,50,0,0,0,1028,0,0,0,0,0,1,1,0,0,0,173.2045812,0,0,0,0,3,1,1,0.2,40,0,0,0,3,1,1,0.002,200,0,0,0,0,0,0,0,0,0,0,0,0,0,0,0,0,0,0,0,0,0,0,0,0,0,0,0,0,0,0,0,0,0,0,0,0,0,0,0,0,0,0,0,0,0,0,0,0,0,0,0
1989,235,23,23,42.764,2,8,0,-1,0,0,1,1,50,0,0,0,1028,0,0,0,0,0,1,1,0,0,0,173.0868956,0,0,0,0,3,1,1,0.2,40,0,0,0,3,1,1,0.002,200,0,0,0,0,0,0,0,0,0,0,0,0,0,0,0,0,0,0,0,0,0,0,0,0,0,0,0,0,0,0,0,0,0,0,0,0,0,0,0,0,0,0,0,0,0,0,0,0,0,0,0
1989,235,23,24,5.684,2,8,0,-1,1,0,1,1,50,0,0,0,1028,0,0,0,0,0,1,1,0,0,0,173.0499858,0,0,0,0,3,1,1,0.2,40,0,0,0,3,1,1,0.002,200,0,0,0,0,0,0,0,0,0,0,0,0,0,0,0,0,0,0,0,0,0,0,0,0,0,0,0,0,0,0,0,0,0,0,0,0,0,0,0,0,0,0,0,0,0,0,0,0,0,0,0
1989,235,23,25,18.764,2,8,0,-1,0,0,1,1,50,0,0,0,1028,0,0,0,0,0,1,1,0,0,0,172.9322987,0,0,0,0,3,1,1,0.2,40,0,0,0,3,1,1,0.002,200,0,0,0,0,0,0,0,0,0,0,0,0,0,0,0,0,0,0,0,0,0,0,0,0,0,0,0,0,0,0,0,0,0,0,0,0,0,0,0,0,0,0,0,0,0,0,0,0,0,0,0
1989,235,23,25,41.684,2,8,0,-1,1,0,1,1,50,0,0,0,1028,0,0,0,0,0,1,1,0,0,0,172.8953885,0,0,0,0,3,1,1,0.2,40,0,0,0,3,1,1,0.002,200,0,0,0,0,0,0,0,0,0,0,0,0,0,0,0,0,0,0,0,0,0,0,0,0,0,0,0,0,0,0,0,0,0,0,0,0,0,0,0,0,0,0,0,0,0,0,0,0,0,0,0
1989,235,23,26,54.764,2,8,0,-1,0,0,1,1,50,0,0,0,1028,0,0,0,0,0,1,1,0,0,0,172.7777,0,0,0,0,3,1,1,0.2,40,0,0,0,3,1,1,0.002,200,0,0,0,0,0,0,0,0,0,0,0,0,0,0,0,0,0,0,0,0,0,0,0,0,0,0,0,0,0,0,0,0,0,0,0,0,0,0,0,0,0,0,0,0,0,0,0,0,0,0,0
1989,235,23,27,17.684,2,8,0,-1,1,0,1,1,50,0,0,0,1028,0,0,0,0,0,1,1,0,0,0,172.7407893,0,0,0,0,3,1,1,0.2,40,0,0,0,3,1,1,0.002,200,0,0,0,0,0,0,0,0,0,0,0,0,0,0,0,0,0,0,0,0,0,0,0,0,0,0,0,0,0,0,0,0,0,0,0,0,0,0,0,0,0,0,0,0,0,0,0,0,0,0,0
1989,235,23,30,54.763,2,8,0,-1,0,0,1,1,50,0,0,0,1028,0,0,0,0,0,1,1,0,0,0,172.3911967,0,0,0,0,3,1,1,0.2,40,0,0,0,3,1,1,0.002,200,0,0,0,0,0,0,0,0,0,0,0,0,0,0,0,0,0,0,0,0,0,0,0,0,0,0,0,0,0,0,0,0,0,0,0,0,0,0,0,0,0,0,0,0,0,0,0,0,0,0,0
1989,235,23,31,17.683,2,8,0,-1,1,0,1,1,50,0,0,0,1028,0,0,0,0,0,1,1,0,0,0,172.3542849,0,0,0,0,3,1,1,0.2,40,0,0,0,3,1,1,0.002,200,0,0,0,0,0,0,0,0,0,0,0,0,0,0,0,0,0,0,0,0,0,0,0,0,0,0,0,0,0,0,0,0,0,0,0,0,0,0,0,0,0,0,0,0,0,0,0,0,0,0,0
1989,235,23,32,30.763,2,8,0,-1,0,0,1,1,50,0,0,0,1028,0,0,0,0,0,1,1,0,0,0,172.2365914,0,0,0,0,3,1,1,0.2,40,0,0,0,3,1,1,0.002,200,0,0,0,0,0,0,0,0,0,0,0,0,0,0,0,0,0,0,0,0,0,0,0,0,0,0,0,0,0,0,0,0,0,0,0,0,0,0,0,0,0,0,0,0,0,0,0,0,0,0,0
1989,235,23,32,53.683,2,8,0,-1,1,0,1,1,50,0,0,0,1028,0,0,0,0,0,1,1,0,0,0,172.1996791,0,0,0,0,3,1,1,0.2,40,0,0,0,3,1,1,0.002,200,0,0,0,0,0,0,0,0,0,0,0,0,0,0,0,0,0,0,0,0,0,0,0,0,0,0,0,0,0,0,0,0,0,0,0,0,0,0,0,0,0,0,0,0,0,0,0,0,0,0,0
1989,235,23,34,6.763,2,8,0,-1,0,0,1,1,50,0,0,0,1028,0,0,0,0,0,1,1,0,0,0,172.0819843,0,0,0,0,3,1,1,0.2,40,0,0,0,3,1,1,0.002,200,0,0,0,0,0,0,0,0,0,0,0,0,0,0,0,0,0,0,0,0,0,0,0,0,0,0,0,0,0,0,0,0,0,0,0,0,0,0,0,0,0,0,0,0,0,0,0,0,0,0,0
1989,235,23,34,29.683,2,8,0,-1,1,0,1,1,50,0,0,0,1028,0,0,0,0,0,1,1,0,0,0,172.0450715,0,0,0,0,3,1,1,0.2,40,0,0,0,3,1,1,0.002,200,0,0,0,0,0,0,0,0,0,0,0,0,0,0,0,0,0,0,0,0,0,0,0,0,0,0,0,0,0,0,0,0,0,0,0,0,0,0,0,0,0,0,0,0,0,0,0,0,0,0,0
1989,235,23,35,42.763,2,8,0,-1,0,0,1,1,50,0,0,0,1028,0,0,0,0,0,1,1,0,0,0,171.9273752,0,0,0,0,3,1,1,0.2,40,0,0,0,3,1,1,0.002,200,0,0,0,0,0,0,0,0,0,0,0,0,0,0,0,0,0,0,0,0,0,0,0,0,0,0,0,0,0,0,0,0,0,0,0,0,0,0,0,0,0,0,0,0,0,0,0,0,0,0,0
1989,235,23,36,5.683,2,8,0,-1,1,0,1,1,50,0,0,0,1028,0,0,0,0,0,1,1,0,0,0,171.890462,0,0,0,0,3,1,1,0.2,40,0,0,0,3,1,1,0.002,200,0,0,0,0,0,0,0,0,0,0,0,0,0,0,0,0,0,0,0,0,0,0,0,0,0,0,0,0,0,0,0,0,0,0,0,0,0,0,0,0,0,0,0,0,0,0,0,0,0,0,0
1989,235,23,37,18.763,2,8,0,-1,0,0,1,1,50,0,0,0,1028,0,0,0,0,0,1,1,0,0,0,171.7727643,0,0,0,0,3,1,1,0.2,40,0,0,0,3,1,1,0.002,200,0,0,0,0,0,0,0,0,0,0,0,0,0,0,0,0,0,0,0,0,0,0,0,0,0,0,0,0,0,0,0,0,0,0,0,0,0,0,0,0,0,0,0,0,0,0,0,0,0,0,0
1989,235,23,37,41.683,2,8,0,-1,1,0,1,1,50,0,0,0,1028,0,0,0,0,0,1,1,0,0,0,171.7358506,0,0,0,0,3,1,1,0.2,40,0,0,0,3,1,1,0.002,200,0,0,0,0,0,0,0,0,0,0,0,0,0,0,0,0,0,0,0,0,0,0,0,0,0,0,0,0,0,0,0,0,0,0,0,0,0,0,0,0,0,0,0,0,0,0,0,0,0,0,0
1989,235,23,38,54.763,2,8,0,-1,0,0,1,1,50,0,0,0,1028,0,0,0,0,0,1,1,0,0,0,171.6181515,0,0,0,0,3,1,1,0.2,40,0,0,0,3,1,1,0.002,200,0,0,0,0,0,0,0,0,0,0,0,0,0,0,0,0,0,0,0,0,0,0,0,0,0,0,0,0,0,0,0,0,0,0,0,0,0,0,0,0,0,0,0,0,0,0,0,0,0,0,0
1989,235,23,39,17.683,2,8,0,-1,1,0,1,1,50,0,0,0,1028,0,0,0,0,0,1,1,0,0,0,171.5812374,0,0,0,0,3,1,1,0.2,40,0,0,0,3,1,1,0.002,200,0,0,0,0,0,0,0,0,0,0,0,0,0,0,0,0,0,0,0,0,0,0,0,0,0,0,0,0,0,0,0,0,0,0,0,0,0,0,0,0,0,0,0,0,0,0,0,0,0,0,0
1989,235,23,42,54.762,2,8,0,-1,0,0,1,1,50,0,0,0,1028,0,0,0,0,0,1,1,0,0,0,171.2316119,0,0,0,0,3,1,1,0.2,40,0,0,0,3,1,1,0.002,200,0,0,0,0,0,0,0,0,0,0,0,0,0,0,0,0,0,0,0,0,0,0,0,0,0,0,0,0,0,0,0,0,0,0,0,0,0,0,0,0,0,0,0,0,0,0,0,0,0,0,0
1989,235,23,43,17.683,2,8,0,-1,1,0,1,1,50,0,0,0,1028,0,0,0,0,0,1,1,0,0,0,171.1946967,0,0,0,0,3,1,1,0.2,40,0,0,0,3,1,1,0.002,200,0,0,0,0,0,0,0,0,0,0,0,0,0,0,0,0,0,0,0,0,0,0,0,0,0,0,0,0,0,0,0,0,0,0,0,0,0,0,0,0,0,0,0,0,0,0,0,0,0,0,0
1989,235,23,44,30.762,2,8,0,-1,0,0,1,1,50,0,0,0,1028,0,0,0,0,0,1,1,0,0,0,171.0769932,0,0,0,0,3,1,1,0.2,40,0,0,0,3,1,1,0.002,200,0,0,0,0,0,0,0,0,0,0,0,0,0,0,0,0,0,0,0,0,0,0,0,0,0,0,0,0,0,0,0,0,0,0,0,0,0,0,0,0,0,0,0,0,0,0,0,0,0,0,0
1989,235,23,44,53.682,2,8,0,-1,1,0,1,1,50,0,0,0,1028,0,0,0,0,0,1,1,0,0,0,171.0400783,0,0,0,0,3,1,1,0.2,40,0,0,0,3,1,1,0.002,200,0,0,0,0,0,0,0,0,0,0,0,0,0,0,0,0,0,0,0,0,0,0,0,0,0,0,0,0,0,0,0,0,0,0,0,0,0,0,0,0,0,0,0,0,0,0,0,0,0,0,0
1989,235,23,46,6.762,2,8,0,-1,0,0,1,1,50,0,0,0,1028,0,0,0,0,0,1,1,0,0,0,170.9223718,0,0,0,0,3,1,1,0.2,40,0,0,0,3,1,1,0.002,200,0,0,0,0,0,0,0,0,0,0,0,0,0,0,0,0,0,0,0,0,0,0,0,0,0,0,0,0,0,0,0,0,0,0,0,0,0,0,0,0,0,0,0,0,0,0,0,0,0,0,0
1989,235,23,46,29.682,2,8,0,-1,1,0,1,1,50,0,0,0,1028,0,0,0,0,0,1,1,0,0,0,170.8854565,0,0,0,0,3,1,1,0.2,40,0,0,0,3,1,1,0.002,200,0,0,0,0,0,0,0,0,0,0,0,0,0,0,0,0,0,0,0,0,0,0,0,0,0,0,0,0,0,0,0,0,0,0,0,0,0,0,0,0,0,0,0,0,0,0,0,0,0,0,0
1989,235,23,47,42.762,2,8,0,-1,0,0,1,1,50,0,0,0,1028,0,0,0,0,0,1,1,0,0,0,170.7677485,0,0,0,0,3,1,1,0.2,40,0,0,0,3,1,1,0.002,200,0,0,0,0,0,0,0,0,0,0,0,0,0,0,0,0,0,0,0,0,0,0,0,0,0,0,0,0,0,0,0,0,0,0,0,0,0,0,0,0,0,0,0,0,0,0,0,0,0,0,0
1989,235,23,48,5.682,2,8,0,-1,1,0,1,1,50,0,0,0,1028,0,0,0,0,0,1,1,0,0,0,170.7308319,0,0,0,0,3,1,1,0.2,40,0,0,0,3,1,1,0.002,200,0,0,0,0,0,0,0,0,0,0,0,0,0,0,0,0,0,0,0,0,0,0,0,0,0,0,0,0,0,0,0,0,0,0,0,0,0,0,0,0,0,0,0,0,0,0,0,0,0,0,0
1989,235,23,49,18.762,2,8,0,-1,0,0,1,1,50,0,0,0,1028,0,0,0,0,0,1,1,0,0,0,170.6131233,0,0,0,0,3,1,1,0.2,40,0,0,0,3,1,1,0.002,200,0,0,0,0,0,0,0,0,0,0,0,0,0,0,0,0,0,0,0,0,0,0,0,0,0,0,0,0,0,0,0,0,0,0,0,0,0,0,0,0,0,0,0,0,0,0,0,0,0,0,0
1989,235,23,49,41.681,2,8,0,-1,1,0,1,1,50,0,0,0,1028,0,0,0,0,0,1,1,0,0,0,170.5762078,0,0,0,0,3,1,1,0.2,40,0,0,0,3,1,1,0.002,200,0,0,0,0,0,0,0,0,0,0,0,0,0,0,0,0,0,0,0,0,0,0,0,0,0,0,0,0,0,0,0,0,0,0,0,0,0,0,0,0,0,0,0,0,0,0,0,0,0,0,0
1989,235,23,50,54.762,2,8,0,-1,0,0,1,1,50,0,0,0,1028,0,0,0,0,0,1,1,0,0,0,170.4584961,0,0,0,0,3,1,1,0.2,40,0,0,0,3,1,1,0.002,200,0,0,0,0,0,0,0,0,0,0,0,0,0,0,0,0,0,0,0,0,0,0,0,0,0,0,0,0,0,0,0,0,0,0,0,0,0,0,0,0,0,0,0,0,0,0,0,0,0,0,0
1989,235,23,51,17.682,2,8,0,-1,1,0,1,1,50,0,0,0,1028,0,0,0,0,0,1,1,0,0,0,170.4215786,0,0,0,0,3,1,1,0.2,40,0,0,0,3,1,1,0.002,200,0,0,0,0,0,0,0,0,0,0,0,0,0,0,0,0,0,0,0,0,0,0,0,0,0,0,0,0,0,0,0,0,0,0,0,0,0,0,0,0,0,0,0,0,0,0,0,0,0,0,0
1989,235,23,54,54.762,2,8,0,-1,0,0,1,1,50,0,0,0,1028,0,0,0,0,0,1,1,0,0,0,170.0719198,0,0,0,0,3,1,1,0.2,40,0,0,0,3,1,1,0.002,200,0,0,0,0,0,0,0,0,0,0,0,0,0,0,0,0,0,0,0,0,0,0,0,0,0,0,0,0,0,0,0,0,0,0,0,0,0,0,0,0,0,0,0,0,0,0,0,0,0,0,0
1989,235,23,55,17.682,2,8,0,-1,1,0,1,1,50,0,0,0,1028,0,0,0,0,0,1,1,0,0,0,170.0350012,0,0,0,0,3,1,1,0.2,40,0,0,0,3,1,1,0.002,200,0,0,0,0,0,0,0,0,0,0,0,0,0,0,0,0,0,0,0,0,0,0,0,0,0,0,0,0,0,0,0,0,0,0,0,0,0,0,0,0,0,0,0,0,0,0,0,0,0,0,0
1989,235,23,56,30.761,2,8,0,-1,0,0,1,1,50,0,0,0,1028,0,0,0,0,0,1,1,0,0,0,169.9172876,0,0,0,0,3,1,1,0.2,40,0,0,0,3,1,1,0.002,200,0,0,0,0,0,0,0,0,0,0,0,0,0,0,0,0,0,0,0,0,0,0,0,0,0,0,0,0,0,0,0,0,0,0,0,0,0,0,0,0,0,0,0,0,0,0,0,0,0,0,0
1989,235,23,56,53.68,2,8,0,-1,1,0,1,1,50,0,0,0,1028,0,0,0,0,0,1,1,0,0,0,169.8803692,0,0,0,0,3,1,1,0.2,40,0,0,0,3,1,1,0.002,200,0,0,0,0,0,0,0,0,0,0,0,0,0,0,0,0,0,0,0,0,0,0,0,0,0,0,0,0,0,0,0,0,0,0,0,0,0,0,0,0,0,0,0,0,0,0,0,0,0,0,0
1989,235,23,58,6.761,2,8,0,-1,0,0,1,1,50,0,0,0,1028,0,0,0,0,0,1,1,0,0,0,169.7626517,0,0,0,0,3,1,1,0.2,40,0,0,0,3,1,1,0.002,200,0,0,0,0,0,0,0,0,0,0,0,0,0,0,0,0,0,0,0,0,0,0,0,0,0,0,0,0,0,0,0,0,0,0,0,0,0,0,0,0,0,0,0,0,0,0,0,0,0,0,0
1989,235,23,58,29.681,2,8,0,-1,1,0,1,1,50,0,0,0,1028,0,0,0,0,0,1,1,0,0,0,169.7257329,0,0,0,0,3,1,1,0.2,40,0,0,0,3,1,1,0.002,200,0,0,0,0,0,0,0,0,0,0,0,0,0,0,0,0,0,0,0,0,0,0,0,0,0,0,0,0,0,0,0,0,0,0,0,0,0,0,0,0,0,0,0,0,0,0,0,0,0,0,0
1989,235,23,59,42.761,2,8,0,-1,0,0,1,1,50,0,0,0,1028,0,0,0,0,0,1,1,0,0,0,169.6080139,0,0,0,0,3,1,1,0.2,40,0,0,0,3,1,1,0.002,200,0,0,0,0,0,0,0,0,0,0,0,0,0,0,0,0,0,0,0,0,0,0,0,0,0,0,0,0,0,0,0,0,0,0,0,0,0,0,0,0,0,0,0,0,0,0,0,0,0,0,0
1989,236,0,0,5.681,2,8,0,-1,1,0,1,1,50,0,0,0,1028,0,0,0,0,0,1,1,0,0,0,169.5710939,0,0,0,0,3,1,1,0.2,40,0,0,0,3,1,1,0.002,200,0,0,0,0,0,0,0,0,0,0,0,0,0,0,0,0,0,0,0,0,0,0,0,0,0,0,0,0,0,0,0,0,0,0,0,0,0,0,0,0,0,0,0,0,0,0,0,0,0,0,0
1989,236,0,1,18.761,2,8,0,-1,0,0,1,1,50,0,0,0,1028,0,0,0,0,0,1,1,0,0,0,169.4533742,0,0,0,0,3,1,1,0.2,40,0,0,0,3,1,1,0.002,200,0,0,0,0,0,0,0,0,0,0,0,0,0,0,0,0,0,0,0,0,0,0,0,0,0,0,0,0,0,0,0,0,0,0,0,0,0,0,0,0,0,0,0,0,0,0,0,0,0,0,0
1989,236,0,1,41.68,2,8,0,-1,1,0,1,1,50,0,0,0,1028,0,0,0,0,0,1,1,0,0,0,169.4164553,0,0,0,0,3,1,1,0.2,40,0,0,0,3,1,1,0.002,200,0,0,0,0,0,0,0,0,0,0,0,0,0,0,0,0,0,0,0,0,0,0,0,0,0,0,0,0,0,0,0,0,0,0,0,0,0,0,0,0,0,0,0,0,0,0,0,0,0,0,0
1989,236,0,2,54.761,2,8,0,-1,0,0,1,1,50,0,0,0,1028,0,0,0,0,0,1,1,0,0,0,169.2987326,0,0,0,0,3,1,1,0.2,40,0,0,0,3,1,1,0.002,200,0,0,0,0,0,0,0,0,0,0,0,0,0,0,0,0,0,0,0,0,0,0,0,0,0,0,0,0,0,0,0,0,0,0,0,0,0,0,0,0,0,0,0,0,0,0,0,0,0,0,0
1989,236,0,3,17.681,2,8,0,-1,1,0,1,1,50,0,0,0,1028,0,0,0,0,0,1,1,0,0,0,169.2618116,0,0,0,0,3,1,1,0.2,40,0,0,0,3,1,1,0.002,200,0,0,0,0,0,0,0,0,0,0,0,0,0,0,0,0,0,0,0,0,0,0,0,0,0,0,0,0,0,0,0,0,0,0,0,0,0,0,0,0,0,0,0,0,0,0,0,0,0,0,0
1989,236,0,6,54.761,2,8,0,-1,0,0,1,1,50,0,0,0,1028,0,0,0,0,0,1,1,0,0,0,168.9121199,0,0,0,0,3,1,1,0.2,40,0,0,0,3,1,1,0.002,200,0,0,0,0,0,0,0,0,0,0,0,0,0,0,0,0,0,0,0,0,0,0,0,0,0,0,0,0,0,0,0,0,0,0,0,0,0,0,0,0,0,0,0,0,0,0,0,0,0,0,0
1989,236,0,7,17.681,2,8,0,-1,1,0,1,1,50,0,0,0,1028,0,0,0,0,0,1,1,0,0,0,168.8751977,0,0,0,0,3,1,1,0.2,40,0,0,0,3,1,1,0.002,200,0,0,0,0,0,0,0,0,0,0,0,0,0,0,0,0,0,0,0,0,0,0,0,0,0,0,0,0,0,0,0,0,0,0,0,0,0,0,0,0,0,0,0,0,0,0,0,0,0,0,0
1989,236,0,8,30.761,2,8,0,-1,0,0,1,1,50,0,0,0,1028,0,0,0,0,0,1,1,0,0,0,168.7574722,0,0,0,0,3,1,1,0.2,40,0,0,0,3,1,1,0.002,200,0,0,0,0,0,0,0,0,0,0,0,0,0,0,0,0,0,0,0,0,0,0,0,0,0,0,0,0,0,0,0,0,0,0,0,0,0,0,0,0,0,0,0,0,0,0,0,0,0,0,0
1989,236,0,8,53.68,2,8,0,-1,1,0,1,1,50,0,0,0,1028,0,0,0,0,0,1,1,0,0,0,168.7205503,0,0,0,0,3,1,1,0.2,40,0,0,0,3,1,1,0.002,200,0,0,0,0,0,0,0,0,0,0,0,0,0,0,0,0,0,0,0,0,0,0,0,0,0,0,0,0,0,0,0,0,0,0,0,0,0,0,0,0,0,0,0,0,0,0,0,0,0,0,0
1989,236,0,10,6.76,2,8,0,-1,0,0,1,1,50,0,0,0,1028,0,0,0,0,0,1,1,0,0,0,168.6028225,0,0,0,0,3,1,1,0.2,40,0,0,0,3,1,1,0.002,200,0,0,0,0,0,0,0,0,0,0,0,0,0,0,0,0,0,0,0,0,0,0,0,0,0,0,0,0,0,0,0,0,0,0,0,0,0,0,0,0,0,0,0,0,0,0,0,0,0,0,0
1989,236,0,10,29.679,2,8,0,-1,1,0,1,1,50,0,0,0,1028,0,0,0,0,0,1,1,0,0,0,168.565901,0,0,0,0,3,1,1,0.2,40,0,0,0,3,1,1,0.002,200,0,0,0,0,0,0,0,0,0,0,0,0,0,0,0,0,0,0,0,0,0,0,0,0,0,0,0,0,0,0,0,0,0,0,0,0,0,0,0,0,0,0,0,0,0,0,0,0,0,0,0
1989,236,0,11,42.76,2,8,0,-1,0,0,1,1,50,0,0,0,1028,0,0,0,0,0,1,1,0,0,0,168.44817,0,0,0,0,3,1,1,0.2,40,0,0,0,3,1,1,0.002,200,0,0,0,0,0,0,0,0,0,0,0,0,0,0,0,0,0,0,0,0,0,0,0,0,0,0,0,0,0,0,0,0,0,0,0,0,0,0,0,0,0,0,0,0,0,0,0,0,0,0,0
1989,236,0,12,5.68,2,8,0,-1,1,0,1,1,50,0,0,0,1028,0,0,0,0,0,1,1,0,0,0,168.4112465,0,0,0,0,3,1,1,0.2,40,0,0,0,3,1,1,0.002,200,0,0,0,0,0,0,0,0,0,0,0,0,0,0,0,0,0,0,0,0,0,0,0,0,0,0,0,0,0,0,0,0,0,0,0,0,0,0,0,0,0,0,0,0,0,0,0,0,0,0,0
1989,236,0,13,18.76,2,8,0,-1,0,0,1,1,50,0,0,0,1028,0,0,0,0,0,1,1,0,0,0,168.2935156,0,0,0,0,3,1,1,0.2,40,0,0,0,3,1,1,0.002,200,0,0,0,0,0,0,0,0,0,0,0,0,0,0,0,0,0,0,0,0,0,0,0,0,0,0,0,0,0,0,0,0,0,0,0,0,0,0,0,0,0,0,0,0,0,0,0,0,0,0,0
1989,236,0,13,41.679,2,8,0,-1,1,0,1,1,50,0,0,0,1028,0,0,0,0,0,1,1,0,0,0,168.2565932,0,0,0,0,3,1,1,0.2,40,0,0,0,3,1,1,0.002,200,0,0,0,0,0,0,0,0,0,0,0,0,0,0,0,0,0,0,0,0,0,0,0,0,0,0,0,0,0,0,0,0,0,0,0,0,0,0,0,0,0,0,0,0,0,0,0,0,0,0,0
1989,236,0,14,54.76,2,8,0,-1,0,0,1,1,50,0,0,0,1028,0,0,0,0,0,1,1,0,0,0,168.1388593,0,0,0,0,3,1,1,0.2,40,0,0,0,3,1,1,0.002,200,0,0,0,0,0,0,0,0,0,0,0,0,0,0,0,0,0,0,0,0,0,0,0,0,0,0,0,0,0,0,0,0,0,0,0,0,0,0,0,0,0,0,0,0,0,0,0,0,0,0,0
1989,236,0,15,17.679,2,8,0,-1,1,0,1,1,50,0,0,0,1028,0,0,0,0,0,1,1,0,0,0,168.1019356,0,0,0,0,3,1,1,0.2,40,0,0,0,3,1,1,0.002,200,0,0,0,0,0,0,0,0,0,0,0,0,0,0,0,0,0,0,0,0,0,0,0,0,0,0,0,0,0,0,0,0,0,0,0,0,0,0,0,0,0,0,0,0,0,0,0,0,0,0,0
1989,236,0,18,54.76,2,8,0,-1,0,0,1,1,50,0,0,0,1028,0,0,0,0,0,1,1,0,0,0,167.7522096,0,0,0,0,3,1,1,0.2,40,0,0,0,3,1,1,0.002,200,0,0,0,0,0,0,0,0,0,0,0,0,0,0,0,0,0,0,0,0,0,0,0,0,0,0,0,0,0,0,0,0,0,0,0,0,0,0,0,0,0,0,0,0,0,0,0,0,0,0,0
1989,236,0,19,17.679,2,8,0,-1,1,0,1,1,50,0,0,0,1028,0,0,0,0,0,1,1,0,0,0,167.7152847,0,0,0,0,3,1,1,0.2,40,0,0,0,3,1,1,0.002,200,0,0,0,0,0,0,0,0,0,0,0,0,0,0,0,0,0,0,0,0,0,0,0,0,0,0,0,0,0,0,0,0,0,0,0,0,0,0,0,0,0,0,0,0,0,0,0,0,0,0,0
1989,236,0,20,30.76,2,8,0,-1,0,0,1,1,50,0,0,0,1028,0,0,0,0,0,1,1,0,0,0,167.5975463,0,0,0,0,3,1,1,0.2,40,0,0,0,3,1,1,0.002,200,0,0,0,0,0,0,0,0,0,0,0,0,0,0,0,0,0,0,0,0,0,0,0,0,0,0,0,0,0,0,0,0,0,0,0,0,0,0,0,0,0,0,0,0,0,0,0,0,0,0,0
1989,236,0,20,53.679,2,8,0,-1,1,0,1,1,50,0,0,0,1028,0,0,0,0,0,1,1,0,0,0,167.5606209,0,0,0,0,3,1,1,0.2,40,0,0,0,3,1,1,0.002,200,0,0,0,0,0,0,0,0,0,0,0,0,0,0,0,0,0,0,0,0,0,0,0,0,0,0,0,0,0,0,0,0,0,0,0,0,0,0,0,0,0,0,0,0,0,0,0,0,0,0,0
1989,236,0,22,6.759,2,8,0,-1,0,0,1,1,50,0,0,0,1028,0,0,0,0,0,1,1,0,0,0,167.4428826,0,0,0,0,3,1,1,0.2,40,0,0,0,3,1,1,0.002,200,0,0,0,0,0,0,0,0,0,0,0,0,0,0,0,0,0,0,0,0,0,0,0,0,0,0,0,0,0,0,0,0,0,0,0,0,0,0,0,0,0,0,0,0,0,0,0,0,0,0,0
1989,236,0,22,29.678,2,8,0,-1,1,0,1,1,50,0,0,0,1028,0,0,0,0,0,1,1,0,0,0,167.4059576,0,0,0,0,3,1,1,0.2,40,0,0,0,3,1,1,0.002,200,0,0,0,0,0,0,0,0,0,0,0,0,0,0,0,0,0,0,0,0,0,0,0,0,0,0,0,0,0,0,0,0,0,0,0,0,0,0,0,0,0,0,0,0,0,0,0,0,0,0,0
1989,236,0,23,42.759,2,8,0,-1,0,0,1,1,50,0,0,0,1028,0,0,0,0,0,1,1,0,0,0,167.2882153,0,0,0,0,3,1,1,0.2,40,0,0,0,3,1,1,0.002,200,0,0,0,0,0,0,0,0,0,0,0,0,0,0,0,0,0,0,0,0,0,0,0,0,0,0,0,0,0,0,0,0,0,0,0,0,0,0,0,0,0,0,0,0,0,0,0,0,0,0,0
1989,236,0,24,5.679,2,8,0,-1,1,0,1,1,50,0,0,0,1028,0,0,0,0,0,1,1,0,0,0,167.2512881,0,0,0,0,3,1,1,0.2,40,0,0,0,3,1,1,0.002,200,0,0,0,0,0,0,0,0,0,0,0,0,0,0,0,0,0,0,0,0,0,0,0,0,0,0,0,0,0,0,0,0,0,0,0,0,0,0,0,0,0,0,0,0,0,0,0,0,0,0,0
1989,236,0,25,18.759,2,8,0,-1,0,0,1,1,50,0,0,0,1028,0,0,0,0,0,1,1,0,0,0,167.133546,0,0,0,0,3,1,1,0.2,40,0,0,0,3,1,1,0.002,200,0,0,0,0,0,0,0,0,0,0,0,0,0,0,0,0,0,0,0,0,0,0,0,0,0,0,0,0,0,0,0,0,0,0,0,0,0,0,0,0,0,0,0,0,0,0,0,0,0,0,0
1989,236,0,25,41.678,2,8,0,-1,1,0,1,1,50,0,0,0,1028,0,0,0,0,0,1,1,0,0,0,167.09662,0,0,0,0,3,1,1,0.2,40,0,0,0,3,1,1,0.002,200,0,0,0,0,0,0,0,0,0,0,0,0,0,0,0,0,0,0,0,0,0,0,0,0,0,0,0,0,0,0,0,0,0,0,0,0,0,0,0,0,0,0,0,0,0,0,0,0,0,0,0
1989,236,0,26,54.759,2,8,0,-1,0,0,1,1,50,0,0,0,1028,0,0,0,0,0,1,1,0,0,0,166.9788746,0,0,0,0,3,1,1,0.2,40,0,0,0,3,1,1,0.002,200,0,0,0,0,0,0,0,0,0,0,0,0,0,0,0,0,0,0,0,0,0,0,0,0,0,0,0,0,0,0,0,0,0,0,0,0,0,0,0,0,0,0,0,0,0,0,0,0,0,0,0
1989,236,0,27,17.678,2,8,0,-1,1,0,1,1,50,0,0,0,1028,0,0,0,0,0,1,1,0,0,0,166.9419474,0,0,0,0,3,1,1,0.2,40,0,0,0,3,1,1,0.002,200,0,0,0,0,0,0,0,0,0,0,0,0,0,0,0,0,0,0,0,0,0,0,0,0,0,0,0,0,0,0,0,0,0,0,0,0,0,0,0,0,0,0,0,0,0,0,0,0,0,0,0
1989,236,0,30,54.759,2,8,0,-1,0,0,1,1,50,0,0,0,1028,0,0,0,0,0,1,1,0,0,0,166.5921876,0,0,0,0,3,1,1,0.2,40,0,0,0,3,1,1,0.002,200,0,0,0,0,0,0,0,0,0,0,0,0,0,0,0,0,0,0,0,0,0,0,0,0,0,0,0,0,0,0,0,0,0,0,0,0,0,0,0,0,0,0,0,0,0,0,0,0,0,0,0
1989,236,0,31,17.678,2,8,0,-1,1,0,1,1,50,0,0,0,1028,0,0,0,0,0,1,1,0,0,0,166.5552591,0,0,0,0,3,1,1,0.2,40,0,0,0,3,1,1,0.002,200,0,0,0,0,0,0,0,0,0,0,0,0,0,0,0,0,0,0,0,0,0,0,0,0,0,0,0,0,0,0,0,0,0,0,0,0,0,0,0,0,0,0,0,0,0,0,0,0,0,0,0
1989,236,0,32,30.759,2,8,0,-1,0,0,1,1,50,0,0,0,1028,0,0,0,0,0,1,1,0,0,0,166.4375092,0,0,0,0,3,1,1,0.2,40,0,0,0,3,1,1,0.002,200,0,0,0,0,0,0,0,0,0,0,0,0,0,0,0,0,0,0,0,0,0,0,0,0,0,0,0,0,0,0,0,0,0,0,0,0,0,0,0,0,0,0,0,0,0,0,0,0,0,0,0
1989,236,0,32,53.678,2,8,0,-1,1,0,1,1,50,0,0,0,1028,0,0,0,0,0,1,1,0,0,0,166.4005802,0,0,0,0,3,1,1,0.2,40,0,0,0,3,1,1,0.002,200,0,0,0,0,0,0,0,0,0,0,0,0,0,0,0,0,0,0,0,0,0,0,0,0,0,0,0,0,0,0,0,0,0,0,0,0,0,0,0,0,0,0,0,0,0,0,0,0,0,0,0
1989,236,0,34,6.759,2,8,0,-1,0,0,1,1,50,0,0,0,1028,0,0,0,0,0,1,1,0,0,0,166.2828288,0,0,0,0,3,1,1,0.2,40,0,0,0,3,1,1,0.002,200,0,0,0,0,0,0,0,0,0,0,0,0,0,0,0,0,0,0,0,0,0,0,0,0,0,0,0,0,0,0,0,0,0,0,0,0,0,0,0,0,0,0,0,0,0,0,0,0,0,0,0
1989,236,0,34,29.678,2,8,0,-1,1,0,1,1,50,0,0,0,1028,0,0,0,0,0,1,1,0,0,0,166.2459002,0,0,0,0,3,1,1,0.2,40,0,0,0,3,1,1,0.002,200,0,0,0,0,0,0,0,0,0,0,0,0,0,0,0,0,0,0,0,0,0,0,0,0,0,0,0,0,0,0,0,0,0,0,0,0,0,0,0,0,0,0,0,0,0,0,0,0,0,0,0
1989,236,0,35,42.758,2,8,0,-1,0,0,1,1,50,0,0,0,1028,0,0,0,0,0,1,1,0,0,0,166.128148,0,0,0,0,3,1,1,0.2,40,0,0,0,3,1,1,0.002,200,0,0,0,0,0,0,0,0,0,0,0,0,0,0,0,0,0,0,0,0,0,0,0,0,0,0,0,0,0,0,0,0,0,0,0,0,0,0,0,0,0,0,0,0,0,0,0,0,0,0,0
1989,236,0,36,5.678,2,8,0,-1,1,0,1,1,50,0,0,0,1028,0,0,0,0,0,1,1,0,0,0,166.0912173,0,0,0,0,3,1,1,0.2,40,0,0,0,3,1,1,0.002,200,0,0,0,0,0,0,0,0,0,0,0,0,0,0,0,0,0,0,0,0,0,0,0,0,0,0,0,0,0,0,0,0,0,0,0,0,0,0,0,0,0,0,0,0,0,0,0,0,0,0,0
1989,236,0,37,18.758,2,8,0,-1,0,0,1,1,50,0,0,0,1028,0,0,0,0,0,1,1,0,0,0,165.9734636,0,0,0,0,3,1,1,0.2,40,0,0,0,3,1,1,0.002,200,0,0,0,0,0,0,0,0,0,0,0,0,0,0,0,0,0,0,0,0,0,0,0,0,0,0,0,0,0,0,0,0,0,0,0,0,0,0,0,0,0,0,0,0,0,0,0,0,0,0,0
1989,236,0,37,41.677,2,8,0,-1,1,0,1,1,50,0,0,0,1028,0,0,0,0,0,1,1,0,0,0,165.936534,0,0,0,0,3,1,1,0.2,40,0,0,0,3,1,1,0.002,200,0,0,0,0,0,0,0,0,0,0,0,0,0,0,0,0,0,0,0,0,0,0,0,0,0,0,0,0,0,0,0,0,0,0,0,0,0,0,0,0,0,0,0,0,0,0,0,0,0,0,0
1989,236,0,38,54.758,2,8,0,-1,0,0,1,1,50,0,0,0,1028,0,0,0,0,0,1,1,0,0,0,165.8187771,0,0,0,0,3,1,1,0.2,40,0,0,0,3,1,1,0.002,200,0,0,0,0,0,0,0,0,0,0,0,0,0,0,0,0,0,0,0,0,0,0,0,0,0,0,0,0,0,0,0,0,0,0,0,0,0,0,0,0,0,0,0,0,0,0,0,0,0,0,0
1989,236,0,39,17.678,2,8,0,-1,1,0,1,1,50,0,0,0,1028,0,0,0,0,0,1,1,0,0,0,165.7818454,0,0,0,0,3,1,1,0.2,40,0,0,0,3,1,1,0.002,200,0,0,0,0,0,0,0,0,0,0,0,0,0,0,0,0,0,0,0,0,0,0,0,0,0,0,0,0,0,0,0,0,0,0,0,0,0,0,0,0,0,0,0,0,0,0,0,0,0,0,0
1989,236,0,42,54.758,2,8,0,-1,0,0,1,1,50,0,0,0,1028,0,0,0,0,0,1,1,0,0,0,165.4320521,0,0,0,0,3,1,1,0.2,40,0,0,0,3,1,1,0.002,200,0,0,0,0,0,0,0,0,0,0,0,0,0,0,0,0,0,0,0,0,0,0,0,0,0,0,0,0,0,0,0,0,0,0,0,0,0,0,0,0,0,0,0,0,0,0,0,0,0,0,0
1989,236,0,43,17.678,2,8,0,-1,1,0,1,1,50,0,0,0,1028,0,0,0,0,0,1,1,0,0,0,165.3951192,0,0,0,0,3,1,1,0.2,40,0,0,0,3,1,1,0.002,200,0,0,0,0,0,0,0,0,0,0,0,0,0,0,0,0,0,0,0,0,0,0,0,0,0,0,0,0,0,0,0,0,0,0,0,0,0,0,0,0,0,0,0,0,0,0,0,0,0,0,0
1989,236,0,44,30.758,2,8,0,-1,0,0,1,1,50,0,0,0,1028,0,0,0,0,0,1,1,0,0,0,165.2773585,0,0,0,0,3,1,1,0.2,40,0,0,0,3,1,1,0.002,200,0,0,0,0,0,0,0,0,0,0,0,0,0,0,0,0,0,0,0,0,0,0,0,0,0,0,0,0,0,0,0,0,0,0,0,0,0,0,0,0,0,0,0,0,0,0,0,0,0,0,0
1989,236,0,44,53.678,2,8,0,-1,1,0,1,1,50,0,0,0,1028,0,0,0,0,0,1,1,0,0,0,165.2404259,0,0,0,0,3,1,1,0.2,40,0,0,0,3,1,1,0.002,200,0,0,0,0,0,0,0,0,0,0,0,0,0,0,0,0,0,0,0,0,0,0,0,0,0,0,0,0,0,0,0,0,0,0,0,0,0,0,0,0,0,0,0,0,0,0,0,0,0,0,0
1989,236,0,46,6.758,2,8,0,-1,0,0,1,1,50,0,0,0,1028,0,0,0,0,0,1,1,0,0,0,165.1226628,0,0,0,0,3,1,1,0.2,40,0,0,0,3,1,1,0.002,200,0,0,0,0,0,0,0,0,0,0,0,0,0,0,0,0,0,0,0,0,0,0,0,0,0,0,0,0,0,0,0,0,0,0,0,0,0,0,0,0,0,0,0,0,0,0,0,0,0,0,0
1989,236,0,46,29.678,2,8,0,-1,1,0,1,1,50,0,0,0,1028,0,0,0,0,0,1,1,0,0,0,165.0857297,0,0,0,0,3,1,1,0.2,40,0,0,0,3,1,1,0.002,200,0,0,0,0,0,0,0,0,0,0,0,0,0,0,0,0,0,0,0,0,0,0,0,0,0,0,0,0,0,0,0,0,0,0,0,0,0,0,0,0,0,0,0,0,0,0,0,0,0,0,0
1989,236,0,47,42.757,2,8,0,-1,0,0,1,1,50,0,0,0,1028,0,0,0,0,0,1,1,0,0,0,164.9679659,0,0,0,0,3,1,1,0.2,40,0,0,0,3,1,1,0.002,200,0,0,0,0,0,0,0,0,0,0,0,0,0,0,0,0,0,0,0,0,0,0,0,0,0,0,0,0,0,0,0,0,0,0,0,0,0,0,0,0,0,0,0,0,0,0,0,0,0,0,0
1989,236,0,48,5.678,2,8,0,-1,1,0,1,1,50,0,0,0,1028,0,0,0,0,0,1,1,0,0,0,164.9310315,0,0,0,0,3,1,1,0.2,40,0,0,0,3,1,1,0.002,200,0,0,0,0,0,0,0,0,0,0,0,0,0,0,0,0,0,0,0,0,0,0,0,0,0,0,0,0,0,0,0,0,0,0,0,0,0,0,0,0,0,0,0,0,0,0,0,0,0,0,0
1989,236,0,49,18.757,2,8,0,-1,0,0,1,1,50,0,0,0,1028,0,0,0,0,0,1,1,0,0,0,164.813267,0,0,0,0,3,1,1,0.2,40,0,0,0,3,1,1,0.002,200,0,0,0,0,0,0,0,0,0,0,0,0,0,0,0,0,0,0,0,0,0,0,0,0,0,0,0,0,0,0,0,0,0,0,0,0,0,0,0,0,0,0,0,0,0,0,0,0,0,0,0
1989,236,0,49,41.676,2,8,0,-1,1,0,1,1,50,0,0,0,1028,0,0,0,0,0,1,1,0,0,0,164.7763337,0,0,0,0,3,1,1,0.2,40,0,0,0,3,1,1,0.002,200,0,0,0,0,0,0,0,0,0,0,0,0,0,0,0,0,0,0,0,0,0,0,0,0,0,0,0,0,0,0,0,0,0,0,0,0,0,0,0,0,0,0,0,0,0,0,0,0,0,0,0
1989,236,0,50,54.757,2,8,0,-1,0,0,1,1,50,0,0,0,1028,0,0,0,0,0,1,1,0,0,0,164.6585651,0,0,0,0,3,1,1,0.2,40,0,0,0,3,1,1,0.002,200,0,0,0,0,0,0,0,0,0,0,0,0,0,0,0,0,0,0,0,0,0,0,0,0,0,0,0,0,0,0,0,0,0,0,0,0,0,0,0,0,0,0,0,0,0,0,0,0,0,0,0
1989,236,0,51,17.677,2,8,0,-1,1,0,1,1,50,0,0,0,1028,0,0,0,0,0,1,1,0,0,0,164.6216298,0,0,0,0,3,1,1,0.2,40,0,0,0,3,1,1,0.002,200,0,0,0,0,0,0,0,0,0,0,0,0,0,0,0,0,0,0,0,0,0,0,0,0,0,0,0,0,0,0,0,0,0,0,0,0,0,0,0,0,0,0,0,0,0,0,0,0,0,0,0
1989,236,0,54,54.757,2,8,0,-1,0,0,1,1,50,0,0,0,1028,0,0,0,0,0,1,1,0,0,0,164.2718015,0,0,0,0,3,1,1,0.2,40,0,0,0,3,1,1,0.002,200,0,0,0,0,0,0,0,0,0,0,0,0,0,0,0,0,0,0,0,0,0,0,0,0,0,0,0,0,0,0,0,0,0,0,0,0,0,0,0,0,0,0,0,0,0,0,0,0,0,0,0
1989,236,0,55,17.677,2,8,0,-1,1,0,1,1,50,0,0,0,1028,0,0,0,0,0,1,1,0,0,0,164.2348649,0,0,0,0,3,1,1,0.2,40,0,0,0,3,1,1,0.002,200,0,0,0,0,0,0,0,0,0,0,0,0,0,0,0,0,0,0,0,0,0,0,0,0,0,0,0,0,0,0,0,0,0,0,0,0,0,0,0,0,0,0,0,0,0,0,0,0,0,0,0
1989,236,0,56,30.757,2,8,0,-1,0,0,1,1,50,0,0,0,1028,0,0,0,0,0,1,1,0,0,0,164.1170925,0,0,0,0,3,1,1,0.2,40,0,0,0,3,1,1,0.002,200,0,0,0,0,0,0,0,0,0,0,0,0,0,0,0,0,0,0,0,0,0,0,0,0,0,0,0,0,0,0,0,0,0,0,0,0,0,0,0,0,0,0,0,0,0,0,0,0,0,0,0
1989,236,0,56,53.677,2,8,0,-1,1,0,1,1,50,0,0,0,1028,0,0,0,0,0,1,1,0,0,0,164.0801562,0,0,0,0,3,1,1,0.2,40,0,0,0,3,1,1,0.002,200,0,0,0,0,0,0,0,0,0,0,0,0,0,0,0,0,0,0,0,0,0,0,0,0,0,0,0,0,0,0,0,0,0,0,0,0,0,0,0,0,0,0,0,0,0,0,0,0,0,0,0
1989,236,0,58,6.757,2,8,0,-1,0,0,1,1,50,0,0,0,1028,0,0,0,0,0,1,1,0,0,0,163.9623813,0,0,0,0,3,1,1,0.2,40,0,0,0,3,1,1,0.002,200,0,0,0,0,0,0,0,0,0,0,0,0,0,0,0,0,0,0,0,0,0,0,0,0,0,0,0,0,0,0,0,0,0,0,0,0,0,0,0,0,0,0,0,0,0,0,0,0,0,0,0
1989,236,0,58,29.677,2,8,0,-1,1,0,1,1,50,0,0,0,1028,0,0,0,0,0,1,1,0,0,0,163.9254445,0,0,0,0,3,1,1,0.2,40,0,0,0,3,1,1,0.002,200,0,0,0,0,0,0,0,0,0,0,0,0,0,0,0,0,0,0,0,0,0,0,0,0,0,0,0,0,0,0,0,0,0,0,0,0,0,0,0,0,0,0,0,0,0,0,0,0,0,0,0
1989,236,0,59,42.757,2,8,0,-1,0,0,1,1,50,0,0,0,1028,0,0,0,0,0,1,1,0,0,0,163.8076681,0,0,0,0,3,1,1,0.2,40,0,0,0,3,1,1,0.002,200,0,0,0,0,0,0,0,0,0,0,0,0,0,0,0,0,0,0,0,0,0,0,0,0,0,0,0,0,0,0,0,0,0,0,0,0,0,0,0,0,0,0,0,0,0,0,0,0,0,0,0
1989,236,1,0,5.677,2,8,0,-1,1,0,1,1,50,0,0,0,1028,0,0,0,0,0,1,1,0,0,0,163.77073,0,0,0,0,3,1,1,0.2,40,0,0,0,3,1,1,0.002,200,0,0,0,0,0,0,0,0,0,0,0,0,0,0,0,0,0,0,0,0,0,0,0,0,0,0,0,0,0,0,0,0,0,0,0,0,0,0,0,0,0,0,0,0,0,0,0,0,0,0,0
1989,236,1,1,18.756,2,8,0,-1,0,0,1,1,50,0,0,0,1028,0,0,0,0,0,1,1,0,0,0,163.6529544,0,0,0,0,3,1,1,0.2,40,0,0,0,3,1,1,0.002,200,0,0,0,0,0,0,0,0,0,0,0,0,0,0,0,0,0,0,0,0,0,0,0,0,0,0,0,0,0,0,0,0,0,0,0,0,0,0,0,0,0,0,0,0,0,0,0,0,0,0,0
1989,236,1,1,41.675,2,8,0,-1,1,0,1,1,50,0,0,0,1028,0,0,0,0,0,1,1,0,0,0,163.6160166,0,0,0,0,3,1,1,0.2,40,0,0,0,3,1,1,0.002,200,0,0,0,0,0,0,0,0,0,0,0,0,0,0,0,0,0,0,0,0,0,0,0,0,0,0,0,0,0,0,0,0,0,0,0,0,0,0,0,0,0,0,0,0,0,0,0,0,0,0,0
1989,236,1,2,54.756,2,8,0,-1,0,0,1,1,50,0,0,0,1028,0,0,0,0,0,1,1,0,0,0,163.498237,0,0,0,0,3,1,1,0.2,40,0,0,0,3,1,1,0.002,200,0,0,0,0,0,0,0,0,0,0,0,0,0,0,0,0,0,0,0,0,0,0,0,0,0,0,0,0,0,0,0,0,0,0,0,0,0,0,0,0,0,0,0,0,0,0,0,0,0,0,0
1989,236,1,3,17.676,2,8,0,-1,1,0,1,1,50,0,0,0,1028,0,0,0,0,0,1,1,0,0,0,163.4612979,0,0,0,0,3,1,1,0.2,40,0,0,0,3,1,1,0.002,200,0,0,0,0,0,0,0,0,0,0,0,0,0,0,0,0,0,0,0,0,0,0,0,0,0,0,0,0,0,0,0,0,0,0,0,0,0,0,0,0,0,0,0,0,0,0,0,0,0,0,0
1989,236,1,6,54.756,2,8,0,-1,0,0,1,1,50,0,0,0,1028,0,0,0,0,0,1,1,0,0,0,163.1114343,0,0,0,0,3,1,1,0.2,40,0,0,0,3,1,1,0.002,200,0,0,0,0,0,0,0,0,0,0,0,0,0,0,0,0,0,0,0,0,0,0,0,0,0,0,0,0,0,0,0,0,0,0,0,0,0,0,0,0,0,0,0,0,0,0,0,0,0,0,0
1989,236,1,7,17.676,2,8,0,-1,1,0,1,1,50,0,0,0,1028,0,0,0,0,0,1,1,0,0,0,163.074494,0,0,0,0,3,1,1,0.2,40,0,0,0,3,1,1,0.002,200,0,0,0,0,0,0,0,0,0,0,0,0,0,0,0,0,0,0,0,0,0,0,0,0,0,0,0,0,0,0,0,0,0,0,0,0,0,0,0,0,0,0,0,0,0,0,0,0,0,0,0
1989,236,1,8,30.756,2,8,0,-1,0,0,1,1,50,0,0,0,1028,0,0,0,0,0,1,1,0,0,0,162.9567096,0,0,0,0,3,1,1,0.2,40,0,0,0,3,1,1,0.002,200,0,0,0,0,0,0,0,0,0,0,0,0,0,0,0,0,0,0,0,0,0,0,0,0,0,0,0,0,0,0,0,0,0,0,0,0,0,0,0,0,0,0,0,0,0,0,0,0,0,0,0
1989,236,1,8,53.676,2,8,0,-1,1,0,1,1,50,0,0,0,1028,0,0,0,0,0,1,1,0,0,0,162.9197687,0,0,0,0,3,1,1,0.2,40,0,0,0,3,1,1,0.002,200,0,0,0,0,0,0,0,0,0,0,0,0,0,0,0,0,0,0,0,0,0,0,0,0,0,0,0,0,0,0,0,0,0,0,0,0,0,0,0,0,0,0,0,0,0,0,0,0,0,0,0
1989,236,1,10,6.756,2,8,0,-1,0,0,1,1,50,0,0,0,1028,0,0,0,0,0,1,1,0,0,0,162.8019827,0,0,0,0,3,1,1,0.2,40,0,0,0,3,1,1,0.002,200,0,0,0,0,0,0,0,0,0,0,0,0,0,0,0,0,0,0,0,0,0,0,0,0,0,0,0,0,0,0,0,0,0,0,0,0,0,0,0,0,0,0,0,0,0,0,0,0,0,0,0
1989,236,1,10,29.675,2,8,0,-1,1,0,1,1,50,0,0,0,1028,0,0,0,0,0,1,1,0,0,0,162.7650422,0,0,0,0,3,1,1,0.2,40,0,0,0,3,1,1,0.002,200,0,0,0,0,0,0,0,0,0,0,0,0,0,0,0,0,0,0,0,0,0,0,0,0,0,0,0,0,0,0,0,0,0,0,0,0,0,0,0,0,0,0,0,0,0,0,0,0,0,0,0
1989,236,1,11,42.756,2,8,0,-1,0,0,1,1,50,0,0,0,1028,0,0,0,0,0,1,1,0,0,0,162.6472537,0,0,0,0,3,1,1,0.2,40,0,0,0,3,1,1,0.002,200,0,0,0,0,0,0,0,0,0,0,0,0,0,0,0,0,0,0,0,0,0,0,0,0,0,0,0,0,0,0,0,0,0,0,0,0,0,0,0,0,0,0,0,0,0,0,0,0,0,0,0
1989,236,1,12,5.676,2,8,0,-1,1,0,1,1,50,0,0,0,1028,0,0,0,0,0,1,1,0,0,0,162.6103119,0,0,0,0,3,1,1,0.2,40,0,0,0,3,1,1,0.002,200,0,0,0,0,0,0,0,0,0,0,0,0,0,0,0,0,0,0,0,0,0,0,0,0,0,0,0,0,0,0,0,0,0,0,0,0,0,0,0,0,0,0,0,0,0,0,0,0,0,0,0
1989,236,1,13,18.755,2,8,0,-1,0,0,1,1,50,0,0,0,1028,0,0,0,0,0,1,1,0,0,0,162.4925234,0,0,0,0,3,1,1,0.2,40,0,0,0,3,1,1,0.002,200,0,0,0,0,0,0,0,0,0,0,0,0,0,0,0,0,0,0,0,0,0,0,0,0,0,0,0,0,0,0,0,0,0,0,0,0,0,0,0,0,0,0,0,0,0,0,0,0,0,0,0
1989,236,1,13,41.675,2,8,0,-1,1,0,1,1,50,0,0,0,1028,0,0,0,0,0,1,1,0,0,0,162.4555819,0,0,0,0,3,1,1,0.2,40,0,0,0,3,1,1,0.002,200,0,0,0,0,0,0,0,0,0,0,0,0,0,0,0,0,0,0,0,0,0,0,0,0,0,0,0,0,0,0,0,0,0,0,0,0,0,0,0,0,0,0,0,0,0,0,0,0,0,0,0
1989,236,1,14,54.755,2,8,0,-1,0,0,1,1,50,0,0,0,1028,0,0,0,0,0,1,1,0,0,0,162.337791,0,0,0,0,3,1,1,0.2,40,0,0,0,3,1,1,0.002,200,0,0,0,0,0,0,0,0,0,0,0,0,0,0,0,0,0,0,0,0,0,0,0,0,0,0,0,0,0,0,0,0,0,0,0,0,0,0,0,0,0,0,0,0,0,0,0,0,0,0,0
1989,236,1,15,17.675,2,8,0,-1,1,0,1,1,50,0,0,0,1028,0,0,0,0,0,1,1,0,0,0,162.3008482,0,0,0,0,3,1,1,0.2,40,0,0,0,3,1,1,0.002,200,0,0,0,0,0,0,0,0,0,0,0,0,0,0,0,0,0,0,0,0,0,0,0,0,0,0,0,0,0,0,0,0,0,0,0,0,0,0,0,0,0,0,0,0,0,0,0,0,0,0,0
1989,236,1,18,54.755,2,8,0,-1,0,0,1,1,50,0,0,0,1028,0,0,0,0,0,1,1,0,0,0,161.9509487,0,0,0,0,3,1,1,0.2,40,0,0,0,3,1,1,0.002,200,0,0,0,0,0,0,0,0,0,0,0,0,0,0,0,0,0,0,0,0,0,0,0,0,0,0,0,0,0,0,0,0,0,0,0,0,0,0,0,0,0,0,0,0,0,0,0,0,0,0,0
1989,236,1,19,17.675,2,8,0,-1,1,0,1,1,50,0,0,0,1028,0,0,0,0,0,1,1,0,0,0,161.9140045,0,0,0,0,3,1,1,0.2,40,0,0,0,3,1,1,0.002,200,0,0,0,0,0,0,0,0,0,0,0,0,0,0,0,0,0,0,0,0,0,0,0,0,0,0,0,0,0,0,0,0,0,0,0,0,0,0,0,0,0,0,0,0,0,0,0,0,0,0,0
1989,236,1,20,30.754,2,8,0,-1,0,0,1,1,50,0,0,0,1028,0,0,0,0,0,1,1,0,0,0,161.7962088,0,0,0,0,3,1,1,0.2,40,0,0,0,3,1,1,0.002,200,0,0,0,0,0,0,0,0,0,0,0,0,0,0,0,0,0,0,0,0,0,0,0,0,0,0,0,0,0,0,0,0,0,0,0,0,0,0,0,0,0,0,0,0,0,0,0,0,0,0,0
1989,236,1,20,53.675,2,8,0,-1,1,0,1,1,50,0,0,0,1028,0,0,0,0,0,1,1,0,0,0,161.7592634,0,0,0,0,3,1,1,0.2,40,0,0,0,3,1,1,0.002,200,0,0,0,0,0,0,0,0,0,0,0,0,0,0,0,0,0,0,0,0,0,0,0,0,0,0,0,0,0,0,0,0,0,0,0,0,0,0,0,0,0,0,0,0,0,0,0,0,0,0,0
1989,236,1,22,6.755,2,8,0,-1,0,0,1,1,50,0,0,0,1028,0,0,0,0,0,1,1,0,0,0,161.6414652,0,0,0,0,3,1,1,0.2,40,0,0,0,3,1,1,0.002,200,0,0,0,0,0,0,0,0,0,0,0,0,0,0,0,0,0,0,0,0,0,0,0,0,0,0,0,0,0,0,0,0,0,0,0,0,0,0,0,0,0,0,0,0,0,0,0,0,0,0,0
1989,236,1,22,29.674,2,8,0,-1,1,0,1,1,50,0,0,0,1028,0,0,0,0,0,1,1,0,0,0,161.6045208,0,0,0,0,3,1,1,0.2,40,0,0,0,3,1,1,0.002,200,0,0,0,0,0,0,0,0,0,0,0,0,0,0,0,0,0,0,0,0,0,0,0,0,0,0,0,0,0,0,0,0,0,0,0,0,0,0,0,0,0,0,0,0,0,0,0,0,0,0,0
1989,236,1,23,42.754,2,8,0,-1,0,0,1,1,50,0,0,0,1028,0,0,0,0,0,1,1,0,0,0,161.4867211,0,0,0,0,3,1,1,0.2,40,0,0,0,3,1,1,0.002,200,0,0,0,0,0,0,0,0,0,0,0,0,0,0,0,0,0,0,0,0,0,0,0,0,0,0,0,0,0,0,0,0,0,0,0,0,0,0,0,0,0,0,0,0,0,0,0,0,0,0,0
1989,236,1,24,5.675,2,8,0,-1,1,0,1,1,50,0,0,0,1028,0,0,0,0,0,1,1,0,0,0,161.4497746,0,0,0,0,3,1,1,0.2,40,0,0,0,3,1,1,0.002,200,0,0,0,0,0,0,0,0,0,0,0,0,0,0,0,0,0,0,0,0,0,0,0,0,0,0,0,0,0,0,0,0,0,0,0,0,0,0,0,0,0,0,0,0,0,0,0,0,0,0,0
1989,236,1,25,18.755,2,8,0,-1,0,0,1,1,50,0,0,0,1028,0,0,0,0,0,1,1,0,0,0,161.3319731,0,0,0,0,3,1,1,0.2,40,0,0,0,3,1,1,0.002,200,0,0,0,0,0,0,0,0,0,0,0,0,0,0,0,0,0,0,0,0,0,0,0,0,0,0,0,0,0,0,0,0,0,0,0,0,0,0,0,0,0,0,0,0,0,0,0,0,0,0,0
1989,236,1,25,41.674,2,8,0,-1,1,0,1,1,50,0,0,0,1028,0,0,0,0,0,1,1,0,0,0,161.2950278,0,0,0,0,3,1,1,0.2,40,0,0,0,3,1,1,0.002,200,0,0,0,0,0,0,0,0,0,0,0,0,0,0,0,0,0,0,0,0,0,0,0,0,0,0,0,0,0,0,0,0,0,0,0,0,0,0,0,0,0,0,0,0,0,0,0,0,0,0,0
1989,236,1,26,54.754,2,8,0,-1,0,0,1,1,50,0,0,0,1028,0,0,0,0,0,1,1,0,0,0,161.1772255,0,0,0,0,3,1,1,0.2,40,0,0,0,3,1,1,0.002,200,0,0,0,0,0,0,0,0,0,0,0,0,0,0,0,0,0,0,0,0,0,0,0,0,0,0,0,0,0,0,0,0,0,0,0,0,0,0,0,0,0,0,0,0,0,0,0,0,0,0,0
1989,236,1,27,17.674,2,8,0,-1,1,0,1,1,50,0,0,0,1028,0,0,0,0,0,1,1,0,0,0,161.1402788,0,0,0,0,3,1,1,0.2,40,0,0,0,3,1,1,0.002,200,0,0,0,0,0,0,0,0,0,0,0,0,0,0,0,0,0,0,0,0,0,0,0,0,0,0,0,0,0,0,0,0,0,0,0,0,0,0,0,0,0,0,0,0,0,0,0,0,0,0,0
1989,236,1,30,54.754,2,8,0,-1,0,0,1,1,50,0,0,0,1028,0,0,0,0,0,1,1,0,0,0,160.7903429,0,0,0,0,3,1,1,0.2,40,0,0,0,3,1,1,0.002,200,0,0,0,0,0,0,0,0,0,0,0,0,0,0,0,0,0,0,0,0,0,0,0,0,0,0,0,0,0,0,0,0,0,0,0,0,0,0,0,0,0,0,0,0,0,0,0,0,0,0,0
1989,236,1,31,17.674,2,8,0,-1,1,0,1,1,50,0,0,0,1028,0,0,0,0,0,1,1,0,0,0,160.7533949,0,0,0,0,3,1,1,0.2,40,0,0,0,3,1,1,0.002,200,0,0,0,0,0,0,0,0,0,0,0,0,0,0,0,0,0,0,0,0,0,0,0,0,0,0,0,0,0,0,0,0,0,0,0,0,0,0,0,0,0,0,0,0,0,0,0,0,0,0,0
1989,236,1,32,30.754,2,8,0,-1,0,0,1,1,50,0,0,0,1028,0,0,0,0,0,1,1,0,0,0,160.6355861,0,0,0,0,3,1,1,0.2,40,0,0,0,3,1,1,0.002,200,0,0,0,0,0,0,0,0,0,0,0,0,0,0,0,0,0,0,0,0,0,0,0,0,0,0,0,0,0,0,0,0,0,0,0,0,0,0,0,0,0,0,0,0,0,0,0,0,0,0,0
1989,236,1,32,53.674,2,8,0,-1,1,0,1,1,50,0,0,0,1028,0,0,0,0,0,1,1,0,0,0,160.5986376,0,0,0,0,3,1,1,0.2,40,0,0,0,3,1,1,0.002,200,0,0,0,0,0,0,0,0,0,0,0,0,0,0,0,0,0,0,0,0,0,0,0,0,0,0,0,0,0,0,0,0,0,0,0,0,0,0,0,0,0,0,0,0,0,0,0,0,0,0,0
1989,236,1,34,6.754,2,8,0,-1,0,0,1,1,50,0,0,0,1028,0,0,0,0,0,1,1,0,0,0,160.4808271,0,0,0,0,3,1,1,0.2,40,0,0,0,3,1,1,0.002,200,0,0,0,0,0,0,0,0,0,0,0,0,0,0,0,0,0,0,0,0,0,0,0,0,0,0,0,0,0,0,0,0,0,0,0,0,0,0,0,0,0,0,0,0,0,0,0,0,0,0,0
1989,236,1,34,29.674,2,8,0,-1,1,0,1,1,50,0,0,0,1028,0,0,0,0,0,1,1,0,0,0,160.4438781,0,0,0,0,3,1,1,0.2,40,0,0,0,3,1,1,0.002,200,0,0,0,0,0,0,0,0,0,0,0,0,0,0,0,0,0,0,0,0,0,0,0,0,0,0,0,0,0,0,0,0,0,0,0,0,0,0,0,0,0,0,0,0,0,0,0,0,0,0,0
1989,236,1,35,42.754,2,8,0,-1,0,0,1,1,50,0,0,0,1028,0,0,0,0,0,1,1,0,0,0,160.3260659,0,0,0,0,3,1,1,0.2,40,0,0,0,3,1,1,0.002,200,0,0,0,0,0,0,0,0,0,0,0,0,0,0,0,0,0,0,0,0,0,0,0,0,0,0,0,0,0,0,0,0,0,0,0,0,0,0,0,0,0,0,0,0,0,0,0,0,0,0,0
1989,236,1,36,5.674,2,8,0,-1,1,0,1,1,50,0,0,0,1028,0,0,0,0,0,1,1,0,0,0,160.2891164,0,0,0,0,3,1,1,0.2,40,0,0,0,3,1,1,0.002,200,0,0,0,0,0,0,0,0,0,0,0,0,0,0,0,0,0,0,0,0,0,0,0,0,0,0,0,0,0,0,0,0,0,0,0,0,0,0,0,0,0,0,0,0,0,0,0,0,0,0,0
1989,236,1,37,18.754,2,8,0,-1,0,0,1,1,50,0,0,0,1028,0,0,0,0,0,1,1,0,0,0,160.1713026,0,0,0,0,3,1,1,0.2,40,0,0,0,3,1,1,0.002,200,0,0,0,0,0,0,0,0,0,0,0,0,0,0,0,0,0,0,0,0,0,0,0,0,0,0,0,0,0,0,0,0,0,0,0,0,0,0,0,0,0,0,0,0,0,0,0,0,0,0,0
1989,236,1,37,41.674,2,8,0,-1,1,0,1,1,50,0,0,0,1028,0,0,0,0,0,1,1,0,0,0,160.1343525,0,0,0,0,3,1,1,0.2,40,0,0,0,3,1,1,0.002,200,0,0,0,0,0,0,0,0,0,0,0,0,0,0,0,0,0,0,0,0,0,0,0,0,0,0,0,0,0,0,0,0,0,0,0,0,0,0,0,0,0,0,0,0,0,0,0,0,0,0,0
1989,236,1,38,54.753,2,8,0,-1,0,0,1,1,50,0,0,0,1028,0,0,0,0,0,1,1,0,0,0,160.0165378,0,0,0,0,3,1,1,0.2,40,0,0,0,3,1,1,0.002,200,0,0,0,0,0,0,0,0,0,0,0,0,0,0,0,0,0,0,0,0,0,0,0,0,0,0,0,0,0,0,0,0,0,0,0,0,0,0,0,0,0,0,0,0,0,0,0,0,0,0,0
1989,236,1,39,17.674,2,8,0,-1,1,0,1,1,50,0,0,0,1028,0,0,0,0,0,1,1,0,0,0,159.9795873,0,0,0,0,3,1,1,0.2,40,0,0,0,3,1,1,0.002,200,0,0,0,0,0,0,0,0,0,0,0,0,0,0,0,0,0,0,0,0,0,0,0,0,0,0,0,0,0,0,0,0,0,0,0,0,0,0,0,0,0,0,0,0,0,0,0,0,0,0,0
1989,236,1,42,54.753,2,8,0,-1,0,0,1,1,50,0,0,0,1028,0,0,0,0,0,1,1,0,0,0,159.6296152,0,0,0,0,3,1,1,0.2,40,0,0,0,3,1,1,0.002,200,0,0,0,0,0,0,0,0,0,0,0,0,0,0,0,0,0,0,0,0,0,0,0,0,0,0,0,0,0,0,0,0,0,0,0,0,0,0,0,0,0,0,0,0,0,0,0,0,0,0,0
1989,236,1,43,17.673,2,8,0,-1,1,0,1,1,50,0,0,0,1028,0,0,0,0,0,1,1,0,0,0,159.5926641,0,0,0,0,3,1,1,0.2,40,0,0,0,3,1,1,0.002,200,0,0,0,0,0,0,0,0,0,0,0,0,0,0,0,0,0,0,0,0,0,0,0,0,0,0,0,0,0,0,0,0,0,0,0,0,0,0,0,0,0,0,0,0,0,0,0,0,0,0,0
1989,236,1,44,30.753,2,8,0,-1,0,0,1,1,50,0,0,0,1028,0,0,0,0,0,1,1,0,0,0,159.474842,0,0,0,0,3,1,1,0.2,40,0,0,0,3,1,1,0.002,200,0,0,0,0,0,0,0,0,0,0,0,0,0,0,0,0,0,0,0,0,0,0,0,0,0,0,0,0,0,0,0,0,0,0,0,0,0,0,0,0,0,0,0,0,0,0,0,0,0,0,0
1989,236,1,44,53.673,2,8,0,-1,1,0,1,1,50,0,0,0,1028,0,0,0,0,0,1,1,0,0,0,159.4378896,0,0,0,0,3,1,1,0.2,40,0,0,0,3,1,1,0.002,200,0,0,0,0,0,0,0,0,0,0,0,0,0,0,0,0,0,0,0,0,0,0,0,0,0,0,0,0,0,0,0,0,0,0,0,0,0,0,0,0,0,0,0,0,0,0,0,0,0,0,0
1989,236,1,46,6.753,2,8,0,-1,0,0,1,1,50,0,0,0,1028,0,0,0,0,0,1,1,0,0,0,159.3200666,0,0,0,0,3,1,1,0.2,40,0,0,0,3,1,1,0.002,200,0,0,0,0,0,0,0,0,0,0,0,0,0,0,0,0,0,0,0,0,0,0,0,0,0,0,0,0,0,0,0,0,0,0,0,0,0,0,0,0,0,0,0,0,0,0,0,0,0,0,0
1989,236,1,46,29.673,2,8,0,-1,1,0,1,1,50,0,0,0,1028,0,0,0,0,0,1,1,0,0,0,159.2831144,0,0,0,0,3,1,1,0.2,40,0,0,0,3,1,1,0.002,200,0,0,0,0,0,0,0,0,0,0,0,0,0,0,0,0,0,0,0,0,0,0,0,0,0,0,0,0,0,0,0,0,0,0,0,0,0,0,0,0,0,0,0,0,0,0,0,0,0,0,0
1989,236,1,47,42.753,2,8,0,-1,0,0,1,1,50,0,0,0,1028,0,0,0,0,0,1,1,0,0,0,159.165289,0,0,0,0,3,1,1,0.2,40,0,0,0,3,1,1,0.002,200,0,0,0,0,0,0,0,0,0,0,0,0,0,0,0,0,0,0,0,0,0,0,0,0,0,0,0,0,0,0,0,0,0,0,0,0,0,0,0,0,0,0,0,0,0,0,0,0,0,0,0
1989,236,1,48,5.673,2,8,0,-1,1,0,1,1,50,0,0,0,1028,0,0,0,0,0,1,1,0,0,0,159.1283355,0,0,0,0,3,1,1,0.2,40,0,0,0,3,1,1,0.002,200,0,0,0,0,0,0,0,0,0,0,0,0,0,0,0,0,0,0,0,0,0,0,0,0,0,0,0,0,0,0,0,0,0,0,0,0,0,0,0,0,0,0,0,0,0,0,0,0,0,0,0
1989,236,1,49,18.753,2,8,0,-1,0,0,1,1,50,0,0,0,1028,0,0,0,0,0,1,1,0,0,0,159.0105091,0,0,0,0,3,1,1,0.2,40,0,0,0,3,1,1,0.002,200,0,0,0,0,0,0,0,0,0,0,0,0,0,0,0,0,0,0,0,0,0,0,0,0,0,0,0,0,0,0,0,0,0,0,0,0,0,0,0,0,0,0,0,0,0,0,0,0,0,0,0
1989,236,1,49,41.673,2,8,0,-1,1,0,1,1,50,0,0,0,1028,0,0,0,0,0,1,1,0,0,0,158.9735551,0,0,0,0,3,1,1,0.2,40,0,0,0,3,1,1,0.002,200,0,0,0,0,0,0,0,0,0,0,0,0,0,0,0,0,0,0,0,0,0,0,0,0,0,0,0,0,0,0,0,0,0,0,0,0,0,0,0,0,0,0,0,0,0,0,0,0,0,0,0
1989,236,1,50,54.753,2,8,0,-1,0,0,1,1,50,0,0,0,1028,0,0,0,0,0,1,1,0,0,0,158.8557271,0,0,0,0,3,1,1,0.2,40,0,0,0,3,1,1,0.002,200,0,0,0,0,0,0,0,0,0,0,0,0,0,0,0,0,0,0,0,0,0,0,0,0,0,0,0,0,0,0,0,0,0,0,0,0,0,0,0,0,0,0,0,0,0,0,0,0,0,0,0
1989,236,1,51,17.673,2,8,0,-1,1,0,1,1,50,0,0,0,1028,0,0,0,0,0,1,1,0,0,0,158.8187733,0,0,0,0,3,1,1,0.2,40,0,0,0,3,1,1,0.002,200,0,0,0,0,0,0,0,0,0,0,0,0,0,0,0,0,0,0,0,0,0,0,0,0,0,0,0,0,0,0,0,0,0,0,0,0,0,0,0,0,0,0,0,0,0,0,0,0,0,0,0
1989,236,1,54,54.752,2,8,0,-1,0,0,1,1,50,0,0,0,1028,0,0,0,0,0,1,1,0,0,0,158.4687638,0,0,0,0,3,1,1,0.2,40,0,0,0,3,1,1,0.002,200,0,0,0,0,0,0,0,0,0,0,0,0,0,0,0,0,0,0,0,0,0,0,0,0,0,0,0,0,0,0,0,0,0,0,0,0,0,0,0,0,0,0,0,0,0,0,0,0,0,0,0
1989,236,1,55,17.672,2,8,0,-1,1,0,1,1,50,0,0,0,1028,0,0,0,0,0,1,1,0,0,0,158.4318087,0,0,0,0,3,1,1,0.2,40,0,0,0,3,1,1,0.002,200,0,0,0,0,0,0,0,0,0,0,0,0,0,0,0,0,0,0,0,0,0,0,0,0,0,0,0,0,0,0,0,0,0,0,0,0,0,0,0,0,0,0,0,0,0,0,0,0,0,0,0
1989,236,1,56,30.752,2,8,0,-1,0,0,1,1,50,0,0,0,1028,0,0,0,0,0,1,1,0,0,0,158.313974,0,0,0,0,3,1,1,0.2,40,0,0,0,3,1,1,0.002,200,0,0,0,0,0,0,0,0,0,0,0,0,0,0,0,0,0,0,0,0,0,0,0,0,0,0,0,0,0,0,0,0,0,0,0,0,0,0,0,0,0,0,0,0,0,0,0,0,0,0,0
1989,236,1,56,53.672,2,8,0,-1,1,0,1,1,50,0,0,0,1028,0,0,0,0,0,1,1,0,0,0,158.2770176,0,0,0,0,3,1,1,0.2,40,0,0,0,3,1,1,0.002,200,0,0,0,0,0,0,0,0,0,0,0,0,0,0,0,0,0,0,0,0,0,0,0,0,0,0,0,0,0,0,0,0,0,0,0,0,0,0,0,0,0,0,0,0,0,0,0,0,0,0,0
1989,236,1,58,6.752,2,8,0,-1,0,0,1,1,50,0,0,0,1028,0,0,0,0,0,1,1,0,0,0,158.1591819,0,0,0,0,3,1,1,0.2,40,0,0,0,3,1,1,0.002,200,0,0,0,0,0,0,0,0,0,0,0,0,0,0,0,0,0,0,0,0,0,0,0,0,0,0,0,0,0,0,0,0,0,0,0,0,0,0,0,0,0,0,0,0,0,0,0,0,0,0,0
1989,236,1,58,29.672,2,8,0,-1,1,0,1,1,50,0,0,0,1028,0,0,0,0,0,1,1,0,0,0,158.1222257,0,0,0,0,3,1,1,0.2,40,0,0,0,3,1,1,0.002,200,0,0,0,0,0,0,0,0,0,0,0,0,0,0,0,0,0,0,0,0,0,0,0,0,0,0,0,0,0,0,0,0,0,0,0,0,0,0,0,0,0,0,0,0,0,0,0,0,0,0,0
1989,236,1,59,42.752,2,8,0,-1,0,0,1,1,50,0,0,0,1028,0,0,0,0,0,1,1,0,0,0,158.0043875,0,0,0,0,3,1,1,0.2,40,0,0,0,3,1,1,0.002,200,0,0,0,0,0,0,0,0,0,0,0,0,0,0,0,0,0,0,0,0,0,0,0,0,0,0,0,0,0,0,0,0,0,0,0,0,0,0,0,0,0,0,0,0,0,0,0,0,0,0,0
1989,236,2,0,5.672,2,8,0,-1,1,0,1,1,50,0,0,0,1028,0,0,0,0,0,1,1,0,0,0,157.9674301,0,0,0,0,3,1,1,0.2,40,0,0,0,3,1,1,0.002,200,0,0,0,0,0,0,0,0,0,0,0,0,0,0,0,0,0,0,0,0,0,0,0,0,0,0,0,0,0,0,0,0,0,0,0,0,0,0,0,0,0,0,0,0,0,0,0,0,0,0,0
1989,236,2,1,18.752,2,8,0,-1,0,0,1,1,50,0,0,0,1028,0,0,0,0,0,1,1,0,0,0,157.849591,0,0,0,0,3,1,1,0.2,40,0,0,0,3,1,1,0.002,200,0,0,0,0,0,0,0,0,0,0,0,0,0,0,0,0,0,0,0,0,0,0,0,0,0,0,0,0,0,0,0,0,0,0,0,0,0,0,0,0,0,0,0,0,0,0,0,0,0,0,0
1989,236,2,1,41.672,2,8,0,-1,1,0,1,1,50,0,0,0,1028,0,0,0,0,0,1,1,0,0,0,157.812633,0,0,0,0,3,1,1,0.2,40,0,0,0,3,1,1,0.002,200,0,0,0,0,0,0,0,0,0,0,0,0,0,0,0,0,0,0,0,0,0,0,0,0,0,0,0,0,0,0,0,0,0,0,0,0,0,0,0,0,0,0,0,0,0,0,0,0,0,0,0
1989,236,2,2,54.752,2,8,0,-1,0,0,1,1,50,0,0,0,1028,0,0,0,0,0,1,1,0,0,0,157.6947921,0,0,0,0,3,1,1,0.2,40,0,0,0,3,1,1,0.002,200,0,0,0,0,0,0,0,0,0,0,0,0,0,0,0,0,0,0,0,0,0,0,0,0,0,0,0,0,0,0,0,0,0,0,0,0,0,0,0,0,0,0,0,0,0,0,0,0,0,0,0
1989,236,2,3,17.672,2,8,0,-1,1,0,1,1,50,0,0,0,1028,0,0,0,0,0,1,1,0,0,0,157.6578344,0,0,0,0,3,1,1,0.2,40,0,0,0,3,1,1,0.002,200,0,0,0,0,0,0,0,0,0,0,0,0,0,0,0,0,0,0,0,0,0,0,0,0,0,0,0,0,0,0,0,0,0,0,0,0,0,0,0,0,0,0,0,0,0,0,0,0,0,0,0
1989,236,2,6,54.751,2,8,0,-1,0,0,1,1,50,0,0,0,1028,0,0,0,0,0,1,1,0,0,0,157.3077868,0,0,0,0,3,1,1,0.2,40,0,0,0,3,1,1,0.002,200,0,0,0,0,0,0,0,0,0,0,0,0,0,0,0,0,0,0,0,0,0,0,0,0,0,0,0,0,0,0,0,0,0,0,0,0,0,0,0,0,0,0,0,0,0,0,0,0,0,0,0
1989,236,2,7,17.671,2,8,0,-1,1,0,1,1,50,0,0,0,1028,0,0,0,0,0,1,1,0,0,0,157.2708269,0,0,0,0,3,1,1,0.2,40,0,0,0,3,1,1,0.002,200,0,0,0,0,0,0,0,0,0,0,0,0,0,0,0,0,0,0,0,0,0,0,0,0,0,0,0,0,0,0,0,0,0,0,0,0,0,0,0,0,0,0,0,0,0,0,0,0,0,0,0
1989,236,2,8,30.751,2,8,0,-1,0,0,1,1,50,0,0,0,1028,0,0,0,0,0,1,1,0,0,0,157.1529801,0,0,0,0,3,1,1,0.2,40,0,0,0,3,1,1,0.002,200,0,0,0,0,0,0,0,0,0,0,0,0,0,0,0,0,0,0,0,0,0,0,0,0,0,0,0,0,0,0,0,0,0,0,0,0,0,0,0,0,0,0,0,0,0,0,0,0,0,0,0
1989,236,2,8,53.671,2,8,0,-1,1,0,1,1,50,0,0,0,1028,0,0,0,0,0,1,1,0,0,0,157.1160196,0,0,0,0,3,1,1,0.2,40,0,0,0,3,1,1,0.002,200,0,0,0,0,0,0,0,0,0,0,0,0,0,0,0,0,0,0,0,0,0,0,0,0,0,0,0,0,0,0,0,0,0,0,0,0,0,0,0,0,0,0,0,0,0,0,0,0,0,0,0
1989,236,2,10,6.751,2,8,0,-1,0,0,1,1,50,0,0,0,1028,0,0,0,0,0,1,1,0,0,0,156.9981711,0,0,0,0,3,1,1,0.2,40,0,0,0,3,1,1,0.002,200,0,0,0,0,0,0,0,0,0,0,0,0,0,0,0,0,0,0,0,0,0,0,0,0,0,0,0,0,0,0,0,0,0,0,0,0,0,0,0,0,0,0,0,0,0,0,0,0,0,0,0
1989,236,2,10,29.671,2,8,0,-1,1,0,1,1,50,0,0,0,1028,0,0,0,0,0,1,1,0,0,0,156.9612101,0,0,0,0,3,1,1,0.2,40,0,0,0,3,1,1,0.002,200,0,0,0,0,0,0,0,0,0,0,0,0,0,0,0,0,0,0,0,0,0,0,0,0,0,0,0,0,0,0,0,0,0,0,0,0,0,0,0,0,0,0,0,0,0,0,0,0,0,0,0
1989,236,2,11,42.751,2,8,0,-1,0,0,1,1,50,0,0,0,1028,0,0,0,0,0,1,1,0,0,0,156.8433598,0,0,0,0,3,1,1,0.2,40,0,0,0,3,1,1,0.002,200,0,0,0,0,0,0,0,0,0,0,0,0,0,0,0,0,0,0,0,0,0,0,0,0,0,0,0,0,0,0,0,0,0,0,0,0,0,0,0,0,0,0,0,0,0,0,0,0,0,0,0
1989,236,2,12,5.671,2,8,0,-1,1,0,1,1,50,0,0,0,1028,0,0,0,0,0,1,1,0,0,0,156.8063983,0,0,0,0,3,1,1,0.2,40,0,0,0,3,1,1,0.002,200,0,0,0,0,0,0,0,0,0,0,0,0,0,0,0,0,0,0,0,0,0,0,0,0,0,0,0,0,0,0,0,0,0,0,0,0,0,0,0,0,0,0,0,0,0,0,0,0,0,0,0
1989,236,2,13,18.751,2,8,0,-1,0,0,1,1,50,0,0,0,1028,0,0,0,0,0,1,1,0,0,0,156.6885462,0,0,0,0,3,1,1,0.2,40,0,0,0,3,1,1,0.002,200,0,0,0,0,0,0,0,0,0,0,0,0,0,0,0,0,0,0,0,0,0,0,0,0,0,0,0,0,0,0,0,0,0,0,0,0,0,0,0,0,0,0,0,0,0,0,0,0,0,0,0
1989,236,2,13,41.671,2,8,0,-1,1,0,1,1,50,0,0,0,1028,0,0,0,0,0,1,1,0,0,0,156.6515841,0,0,0,0,3,1,1,0.2,40,0,0,0,3,1,1,0.002,200,0,0,0,0,0,0,0,0,0,0,0,0,0,0,0,0,0,0,0,0,0,0,0,0,0,0,0,0,0,0,0,0,0,0,0,0,0,0,0,0,0,0,0,0,0,0,0,0,0,0,0
1989,236,2,14,54.751,2,8,0,-1,0,0,1,1,50,0,0,0,1028,0,0,0,0,0,1,1,0,0,0,156.5337304,0,0,0,0,3,1,1,0.2,40,0,0,0,3,1,1,0.002,200,0,0,0,0,0,0,0,0,0,0,0,0,0,0,0,0,0,0,0,0,0,0,0,0,0,0,0,0,0,0,0,0,0,0,0,0,0,0,0,0,0,0,0,0,0,0,0,0,0,0,0
1989,236,2,15,17.671,2,8,0,-1,1,0,1,1,50,0,0,0,1028,0,0,0,0,0,1,1,0,0,0,156.4967677,0,0,0,0,3,1,1,0.2,40,0,0,0,3,1,1,0.002,200,0,0,0,0,0,0,0,0,0,0,0,0,0,0,0,0,0,0,0,0,0,0,0,0,0,0,0,0,0,0,0,0,0,0,0,0,0,0,0,0,0,0,0,0,0,0,0,0,0,0,0
1989,236,2,18,54.75,2,8,0,-1,0,0,1,1,50,0,0,0,1028,0,0,0,0,0,1,1,0,0,0,156.1466823,0,0,0,0,3,1,1,0.2,40,0,0,0,3,1,1,0.002,200,0,0,0,0,0,0,0,0,0,0,0,0,0,0,0,0,0,0,0,0,0,0,0,0,0,0,0,0,0,0,0,0,0,0,0,0,0,0,0,0,0,0,0,0,0,0,0,0,0,0,0
1989,236,2,19,17.67,2,8,0,-1,1,0,1,1,50,0,0,0,1028,0,0,0,0,0,1,1,0,0,0,156.1097183,0,0,0,0,3,1,1,0.2,40,0,0,0,3,1,1,0.002,200,0,0,0,0,0,0,0,0,0,0,0,0,0,0,0,0,0,0,0,0,0,0,0,0,0,0,0,0,0,0,0,0,0,0,0,0,0,0,0,0,0,0,0,0,0,0,0,0,0,0,0
1989,236,2,20,30.75,2,8,0,-1,0,0,1,1,50,0,0,0,1028,0,0,0,0,0,1,1,0,0,0,155.9918585,0,0,0,0,3,1,1,0.2,40,0,0,0,3,1,1,0.002,200,0,0,0,0,0,0,0,0,0,0,0,0,0,0,0,0,0,0,0,0,0,0,0,0,0,0,0,0,0,0,0,0,0,0,0,0,0,0,0,0,0,0,0,0,0,0,0,0,0,0,0
1989,236,2,20,53.67,2,8,0,-1,1,0,1,1,50,0,0,0,1028,0,0,0,0,0,1,1,0,0,0,155.9548939,0,0,0,0,3,1,1,0.2,40,0,0,0,3,1,1,0.002,200,0,0,0,0,0,0,0,0,0,0,0,0,0,0,0,0,0,0,0,0,0,0,0,0,0,0,0,0,0,0,0,0,0,0,0,0,0,0,0,0,0,0,0,0,0,0,0,0,0,0,0
1989,236,2,22,6.75,2,8,0,-1,0,0,1,1,50,0,0,0,1028,0,0,0,0,0,1,1,0,0,0,155.8370323,0,0,0,0,3,1,1,0.2,40,0,0,0,3,1,1,0.002,200,0,0,0,0,0,0,0,0,0,0,0,0,0,0,0,0,0,0,0,0,0,0,0,0,0,0,0,0,0,0,0,0,0,0,0,0,0,0,0,0,0,0,0,0,0,0,0,0,0,0,0
1989,236,2,22,29.67,2,8,0,-1,1,0,1,1,50,0,0,0,1028,0,0,0,0,0,1,1,0,0,0,155.8000672,0,0,0,0,3,1,1,0.2,40,0,0,0,3,1,1,0.002,200,0,0,0,0,0,0,0,0,0,0,0,0,0,0,0,0,0,0,0,0,0,0,0,0,0,0,0,0,0,0,0,0,0,0,0,0,0,0,0,0,0,0,0,0,0,0,0,0,0,0,0
1989,236,2,23,42.75,2,8,0,-1,0,0,1,1,50,0,0,0,1028,0,0,0,0,0,1,1,0,0,0,155.6822038,0,0,0,0,3,1,1,0.2,40,0,0,0,3,1,1,0.002,200,0,0,0,0,0,0,0,0,0,0,0,0,0,0,0,0,0,0,0,0,0,0,0,0,0,0,0,0,0,0,0,0,0,0,0,0,0,0,0,0,0,0,0,0,0,0,0,0,0,0,0
1989,236,2,24,5.67,2,8,0,-1,1,0,1,1,50,0,0,0,1028,0,0,0,0,0,1,1,0,0,0,155.6452381,0,0,0,0,3,1,1,0.2,40,0,0,0,3,1,1,0.002,200,0,0,0,0,0,0,0,0,0,0,0,0,0,0,0,0,0,0,0,0,0,0,0,0,0,0,0,0,0,0,0,0,0,0,0,0,0,0,0,0,0,0,0,0,0,0,0,0,0,0,0
1989,236,2,25,18.75,2,8,0,-1,0,0,1,1,50,0,0,0,1028,0,0,0,0,0,1,1,0,0,0,155.527373,0,0,0,0,3,1,1,0.2,40,0,0,0,3,1,1,0.002,200,0,0,0,0,0,0,0,0,0,0,0,0,0,0,0,0,0,0,0,0,0,0,0,0,0,0,0,0,0,0,0,0,0,0,0,0,0,0,0,0,0,0,0,0,0,0,0,0,0,0,0
1989,236,2,25,41.67,2,8,0,-1,1,0,1,1,50,0,0,0,1028,0,0,0,0,0,1,1,0,0,0,155.4904068,0,0,0,0,3,1,1,0.2,40,0,0,0,3,1,1,0.002,200,0,0,0,0,0,0,0,0,0,0,0,0,0,0,0,0,0,0,0,0,0,0,0,0,0,0,0,0,0,0,0,0,0,0,0,0,0,0,0,0,0,0,0,0,0,0,0,0,0,0,0
1989,236,2,26,54.75,2,8,0,-1,0,0,1,1,50,0,0,0,1028,0,0,0,0,0,1,1,0,0,0,155.3725398,0,0,0,0,3,1,1,0.2,40,0,0,0,3,1,1,0.002,200,0,0,0,0,0,0,0,0,0,0,0,0,0,0,0,0,0,0,0,0,0,0,0,0,0,0,0,0,0,0,0,0,0,0,0,0,0,0,0,0,0,0,0,0,0,0,0,0,0,0,0
1989,236,2,27,17.67,2,8,0,-1,1,0,1,1,50,0,0,0,1028,0,0,0,0,0,1,1,0,0,0,155.3355731,0,0,0,0,3,1,1,0.2,40,0,0,0,3,1,1,0.002,200,0,0,0,0,0,0,0,0,0,0,0,0,0,0,0,0,0,0,0,0,0,0,0,0,0,0,0,0,0,0,0,0,0,0,0,0,0,0,0,0,0,0,0,0,0,0,0,0,0,0,0
1989,236,2,30,54.75,2,8,0,-1,0,0,1,1,50,0,0,0,1028,0,0,0,0,0,1,1,0,0,0,154.9854476,0,0,0,0,3,1,1,0.2,40,0,0,0,3,1,1,0.002,200,0,0,0,0,0,0,0,0,0,0,0,0,0,0,0,0,0,0,0,0,0,0,0,0,0,0,0,0,0,0,0,0,0,0,0,0,0,0,0,0,0,0,0,0,0,0,0,0,0,0,0
1989,236,2,31,17.669,2,8,0,-1,1,0,1,1,50,0,0,0,1028,0,0,0,0,0,1,1,0,0,0,154.9484795,0,0,0,0,3,1,1,0.2,40,0,0,0,3,1,1,0.002,200,0,0,0,0,0,0,0,0,0,0,0,0,0,0,0,0,0,0,0,0,0,0,0,0,0,0,0,0,0,0,0,0,0,0,0,0,0,0,0,0,0,0,0,0,0,0,0,0,0,0,0
1989,236,2,32,30.749,2,8,0,-1,0,0,1,1,50,0,0,0,1028,0,0,0,0,0,1,1,0,0,0,154.8306071,0,0,0,0,3,1,1,0.2,40,0,0,0,3,1,1,0.002,200,0,0,0,0,0,0,0,0,0,0,0,0,0,0,0,0,0,0,0,0,0,0,0,0,0,0,0,0,0,0,0,0,0,0,0,0,0,0,0,0,0,0,0,0,0,0,0,0,0,0,0
1989,236,2,32,53.669,2,8,0,-1,1,0,1,1,50,0,0,0,1028,0,0,0,0,0,1,1,0,0,0,154.7936384,0,0,0,0,3,1,1,0.2,40,0,0,0,3,1,1,0.002,200,0,0,0,0,0,0,0,0,0,0,0,0,0,0,0,0,0,0,0,0,0,0,0,0,0,0,0,0,0,0,0,0,0,0,0,0,0,0,0,0,0,0,0,0,0,0,0,0,0,0,0
1989,236,2,34,6.749,2,8,0,-1,0,0,1,1,50,0,0,0,1028,0,0,0,0,0,1,1,0,0,0,154.6757635,0,0,0,0,3,1,1,0.2,40,0,0,0,3,1,1,0.002,200,0,0,0,0,0,0,0,0,0,0,0,0,0,0,0,0,0,0,0,0,0,0,0,0,0,0,0,0,0,0,0,0,0,0,0,0,0,0,0,0,0,0,0,0,0,0,0,0,0,0,0
1989,236,2,34,29.669,2,8,0,-1,1,0,1,1,50,0,0,0,1028,0,0,0,0,0,1,1,0,0,0,154.6387943,0,0,0,0,3,1,1,0.2,40,0,0,0,3,1,1,0.002,200,0,0,0,0,0,0,0,0,0,0,0,0,0,0,0,0,0,0,0,0,0,0,0,0,0,0,0,0,0,0,0,0,0,0,0,0,0,0,0,0,0,0,0,0,0,0,0,0,0,0,0
1989,236,2,35,42.749,2,8,0,-1,0,0,1,1,50,0,0,0,1028,0,0,0,0,0,1,1,0,0,0,154.5209175,0,0,0,0,3,1,1,0.2,40,0,0,0,3,1,1,0.002,200,0,0,0,0,0,0,0,0,0,0,0,0,0,0,0,0,0,0,0,0,0,0,0,0,0,0,0,0,0,0,0,0,0,0,0,0,0,0,0,0,0,0,0,0,0,0,0,0,0,0,0
1989,236,2,36,5.669,2,8,0,-1,1,0,1,1,50,0,0,0,1028,0,0,0,0,0,1,1,0,0,0,154.4839477,0,0,0,0,3,1,1,0.2,40,0,0,0,3,1,1,0.002,200,0,0,0,0,0,0,0,0,0,0,0,0,0,0,0,0,0,0,0,0,0,0,0,0,0,0,0,0,0,0,0,0,0,0,0,0,0,0,0,0,0,0,0,0,0,0,0,0,0,0,0
1989,236,2,37,18.749,2,8,0,-1,0,0,1,1,50,0,0,0,1028,0,0,0,0,0,1,1,0,0,0,154.3660692,0,0,0,0,3,1,1,0.2,40,0,0,0,3,1,1,0.002,200,0,0,0,0,0,0,0,0,0,0,0,0,0,0,0,0,0,0,0,0,0,0,0,0,0,0,0,0,0,0,0,0,0,0,0,0,0,0,0,0,0,0,0,0,0,0,0,0,0,0,0
1989,236,2,37,41.669,2,8,0,-1,1,0,1,1,50,0,0,0,1028,0,0,0,0,0,1,1,0,0,0,154.3290988,0,0,0,0,3,1,1,0.2,40,0,0,0,3,1,1,0.002,200,0,0,0,0,0,0,0,0,0,0,0,0,0,0,0,0,0,0,0,0,0,0,0,0,0,0,0,0,0,0,0,0,0,0,0,0,0,0,0,0,0,0,0,0,0,0,0,0,0,0,0
1989,236,2,38,54.749,2,8,0,-1,0,0,1,1,50,0,0,0,1028,0,0,0,0,0,1,1,0,0,0,154.2112185,0,0,0,0,3,1,1,0.2,40,0,0,0,3,1,1,0.002,200,0,0,0,0,0,0,0,0,0,0,0,0,0,0,0,0,0,0,0,0,0,0,0,0,0,0,0,0,0,0,0,0,0,0,0,0,0,0,0,0,0,0,0,0,0,0,0,0,0,0,0
1989,236,2,39,17.669,2,8,0,-1,1,0,1,1,50,0,0,0,1028,0,0,0,0,0,1,1,0,0,0,154.1742476,0,0,0,0,3,1,1,0.2,40,0,0,0,3,1,1,0.002,200,0,0,0,0,0,0,0,0,0,0,0,0,0,0,0,0,0,0,0,0,0,0,0,0,0,0,0,0,0,0,0,0,0,0,0,0,0,0,0,0,0,0,0,0,0,0,0,0,0,0,0
1989,236,2,42,54.749,2,8,0,-1,0,0,1,1,50,0,0,0,1028,0,0,0,0,0,1,1,0,0,0,153.8240815,0,0,0,0,3,1,1,0.2,40,0,0,0,3,1,1,0.002,200,0,0,0,0,0,0,0,0,0,0,0,0,0,0,0,0,0,0,0,0,0,0,0,0,0,0,0,0,0,0,0,0,0,0,0,0,0,0,0,0,0,0,0,0,0,0,0,0,0,0,0
1989,236,2,43,17.669,2,8,0,-1,1,0,1,1,50,0,0,0,1028,0,0,0,0,0,1,1,0,0,0,153.7871091,0,0,0,0,3,1,1,0.2,40,0,0,0,3,1,1,0.002,200,0,0,0,0,0,0,0,0,0,0,0,0,0,0,0,0,0,0,0,0,0,0,0,0,0,0,0,0,0,0,0,0,0,0,0,0,0,0,0,0,0,0,0,0,0,0,0,0,0,0,0
1989,236,2,44,30.748,2,8,0,-1,0,0,1,1,50,0,0,0,1028,0,0,0,0,0,1,1,0,0,0,153.6692242,0,0,0,0,3,1,1,0.2,40,0,0,0,3,1,1,0.002,200,0,0,0,0,0,0,0,0,0,0,0,0,0,0,0,0,0,0,0,0,0,0,0,0,0,0,0,0,0,0,0,0,0,0,0,0,0,0,0,0,0,0,0,0,0,0,0,0,0,0,0
1989,236,2,44,53.668,2,8,0,-1,1,0,1,1,50,0,0,0,1028,0,0,0,0,0,1,1,0,0,0,153.632252,0,0,0,0,3,1,1,0.2,40,0,0,0,3,1,1,0.002,200,0,0,0,0,0,0,0,0,0,0,0,0,0,0,0,0,0,0,0,0,0,0,0,0,0,0,0,0,0,0,0,0,0,0,0,0,0,0,0,0,0,0,0,0,0,0,0,0,0,0,0
1989,236,2,46,6.748,2,8,0,-1,0,0,1,1,50,0,0,0,1028,0,0,0,0,0,1,1,0,0,0,153.5143628,0,0,0,0,3,1,1,0.2,40,0,0,0,3,1,1,0.002,200,0,0,0,0,0,0,0,0,0,0,0,0,0,0,0,0,0,0,0,0,0,0,0,0,0,0,0,0,0,0,0,0,0,0,0,0,0,0,0,0,0,0,0,0,0,0,0,0,0,0,0
1989,236,2,46,29.668,2,8,0,-1,1,0,1,1,50,0,0,0,1028,0,0,0,0,0,1,1,0,0,0,153.4773901,0,0,0,0,3,1,1,0.2,40,0,0,0,3,1,1,0.002,200,0,0,0,0,0,0,0,0,0,0,0,0,0,0,0,0,0,0,0,0,0,0,0,0,0,0,0,0,0,0,0,0,0,0,0,0,0,0,0,0,0,0,0,0,0,0,0,0,0,0,0
1989,236,2,47,42.748,2,8,0,-1,0,0,1,1,50,0,0,0,1028,0,0,0,0,0,1,1,0,0,0,153.3594991,0,0,0,0,3,1,1,0.2,40,0,0,0,3,1,1,0.002,200,0,0,0,0,0,0,0,0,0,0,0,0,0,0,0,0,0,0,0,0,0,0,0,0,0,0,0,0,0,0,0,0,0,0,0,0,0,0,0,0,0,0,0,0,0,0,0,0,0,0,0
1989,236,2,48,5.668,2,8,0,-1,1,0,1,1,50,0,0,0,1028,0,0,0,0,0,1,1,0,0,0,153.322525,0,0,0,0,3,1,1,0.2,40,0,0,0,3,1,1,0.002,200,0,0,0,0,0,0,0,0,0,0,0,0,0,0,0,0,0,0,0,0,0,0,0,0,0,0,0,0,0,0,0,0,0,0,0,0,0,0,0,0,0,0,0,0,0,0,0,0,0,0,0
1989,236,2,49,18.748,2,8,0,-1,0,0,1,1,50,0,0,0,1028,0,0,0,0,0,1,1,0,0,0,153.204633,0,0,0,0,3,1,1,0.2,40,0,0,0,3,1,1,0.002,200,0,0,0,0,0,0,0,0,0,0,0,0,0,0,0,0,0,0,0,0,0,0,0,0,0,0,0,0,0,0,0,0,0,0,0,0,0,0,0,0,0,0,0,0,0,0,0,0,0,0,0
1989,236,2,49,41.667,2,8,0,-1,1,0,1,1,50,0,0,0,1028,0,0,0,0,0,1,1,0,0,0,153.16766,0,0,0,0,3,1,1,0.2,40,0,0,0,3,1,1,0.002,200,0,0,0,0,0,0,0,0,0,0,0,0,0,0,0,0,0,0,0,0,0,0,0,0,0,0,0,0,0,0,0,0,0,0,0,0,0,0,0,0,0,0,0,0,0,0,0,0,0,0,0
1989,236,2,50,54.748,2,8,0,-1,0,0,1,1,50,0,0,0,1028,0,0,0,0,0,1,1,0,0,0,153.0497645,0,0,0,0,3,1,1,0.2,40,0,0,0,3,1,1,0.002,200,0,0,0,0,0,0,0,0,0,0,0,0,0,0,0,0,0,0,0,0,0,0,0,0,0,0,0,0,0,0,0,0,0,0,0,0,0,0,0,0,0,0,0,0,0,0,0,0,0,0,0
1989,236,2,51,17.668,2,8,0,-1,1,0,1,1,50,0,0,0,1028,0,0,0,0,0,1,1,0,0,0,153.0127893,0,0,0,0,3,1,1,0.2,40,0,0,0,3,1,1,0.002,200,0,0,0,0,0,0,0,0,0,0,0,0,0,0,0,0,0,0,0,0,0,0,0,0,0,0,0,0,0,0,0,0,0,0,0,0,0,0,0,0,0,0,0,0,0,0,0,0,0,0,0
1989,236,2,54,54.748,2,8,0,-1,0,0,1,1,50,0,0,0,1028,0,0,0,0,0,1,1,0,0,0,152.6625828,0,0,0,0,3,1,1,0.2,40,0,0,0,3,1,1,0.002,200,0,0,0,0,0,0,0,0,0,0,0,0,0,0,0,0,0,0,0,0,0,0,0,0,0,0,0,0,0,0,0,0,0,0,0,0,0,0,0,0,0,0,0,0,0,0,0,0,0,0,0
1989,236,2,55,17.668,2,8,0,-1,1,0,1,1,50,0,0,0,1028,0,0,0,0,0,1,1,0,0,0,152.6256061,0,0,0,0,3,1,1,0.2,40,0,0,0,3,1,1,0.002,200,0,0,0,0,0,0,0,0,0,0,0,0,0,0,0,0,0,0,0,0,0,0,0,0,0,0,0,0,0,0,0,0,0,0,0,0,0,0,0,0,0,0,0,0,0,0,0,0,0,0,0
1989,236,2,56,30.748,2,8,0,-1,0,0,1,1,50,0,0,0,1028,0,0,0,0,0,1,1,0,0,0,152.5077066,0,0,0,0,3,1,1,0.2,40,0,0,0,3,1,1,0.002,200,0,0,0,0,0,0,0,0,0,0,0,0,0,0,0,0,0,0,0,0,0,0,0,0,0,0,0,0,0,0,0,0,0,0,0,0,0,0,0,0,0,0,0,0,0,0,0,0,0,0,0
1989,236,2,56,53.667,2,8,0,-1,1,0,1,1,50,0,0,0,1028,0,0,0,0,0,1,1,0,0,0,152.4707302,0,0,0,0,3,1,1,0.2,40,0,0,0,3,1,1,0.002,200,0,0,0,0,0,0,0,0,0,0,0,0,0,0,0,0,0,0,0,0,0,0,0,0,0,0,0,0,0,0,0,0,0,0,0,0,0,0,0,0,0,0,0,0,0,0,0,0,0,0,0
1989,236,2,58,6.747,2,8,0,-1,0,0,1,1,50,0,0,0,1028,0,0,0,0,0,1,1,0,0,0,152.3528281,0,0,0,0,3,1,1,0.2,40,0,0,0,3,1,1,0.002,200,0,0,0,0,0,0,0,0,0,0,0,0,0,0,0,0,0,0,0,0,0,0,0,0,0,0,0,0,0,0,0,0,0,0,0,0,0,0,0,0,0,0,0,0,0,0,0,0,0,0,0
1989,236,2,58,29.666,2,8,0,-1,1,0,1,1,50,0,0,0,1028,0,0,0,0,0,1,1,0,0,0,152.3158511,0,0,0,0,3,1,1,0.2,40,0,0,0,3,1,1,0.002,200,0,0,0,0,0,0,0,0,0,0,0,0,0,0,0,0,0,0,0,0,0,0,0,0,0,0,0,0,0,0,0,0,0,0,0,0,0,0,0,0,0,0,0,0,0,0,0,0,0,0,0
1989,236,2,59,42.747,2,8,0,-1,0,0,1,1,50,0,0,0,1028,0,0,0,0,0,1,1,0,0,0,152.1979464,0,0,0,0,3,1,1,0.2,40,0,0,0,3,1,1,0.002,200,0,0,0,0,0,0,0,0,0,0,0,0,0,0,0,0,0,0,0,0,0,0,0,0,0,0,0,0,0,0,0,0,0,0,0,0,0,0,0,0,0,0,0,0,0,0,0,0,0,0,0
1989,236,3,0,5.667,2,8,0,-1,1,0,1,1,50,0,0,0,1028,0,0,0,0,0,1,1,0,0,0,152.160968,0,0,0,0,3,1,1,0.2,40,0,0,0,3,1,1,0.002,200,0,0,0,0,0,0,0,0,0,0,0,0,0,0,0,0,0,0,0,0,0,0,0,0,0,0,0,0,0,0,0,0,0,0,0,0,0,0,0,0,0,0,0,0,0,0,0,0,0,0,0
1989,236,3,1,18.747,2,8,0,-1,0,0,1,1,50,0,0,0,1028,0,0,0,0,0,1,1,0,0,0,152.0430622,0,0,0,0,3,1,1,0.2,40,0,0,0,3,1,1,0.002,200,0,0,0,0,0,0,0,0,0,0,0,0,0,0,0,0,0,0,0,0,0,0,0,0,0,0,0,0,0,0,0,0,0,0,0,0,0,0,0,0,0,0,0,0,0,0,0,0,0,0,0
1989,236,3,1,41.666,2,8,0,-1,1,0,1,1,50,0,0,0,1028,0,0,0,0,0,1,1,0,0,0,152.0060849,0,0,0,0,3,1,1,0.2,40,0,0,0,3,1,1,0.002,200,0,0,0,0,0,0,0,0,0,0,0,0,0,0,0,0,0,0,0,0,0,0,0,0,0,0,0,0,0,0,0,0,0,0,0,0,0,0,0,0,0,0,0,0,0,0,0,0,0,0,0
1989,236,3,2,54.747,2,8,0,-1,0,0,1,1,50,0,0,0,1028,0,0,0,0,0,1,1,0,0,0,151.8881756,0,0,0,0,3,1,1,0.2,40,0,0,0,3,1,1,0.002,200,0,0,0,0,0,0,0,0,0,0,0,0,0,0,0,0,0,0,0,0,0,0,0,0,0,0,0,0,0,0,0,0,0,0,0,0,0,0,0,0,0,0,0,0,0,0,0,0,0,0,0
1989,236,3,3,17.667,2,8,0,-1,1,0,1,1,50,0,0,0,1028,0,0,0,0,0,1,1,0,0,0,151.8511961,0,0,0,0,3,1,1,0.2,40,0,0,0,3,1,1,0.002,200,0,0,0,0,0,0,0,0,0,0,0,0,0,0,0,0,0,0,0,0,0,0,0,0,0,0,0,0,0,0,0,0,0,0,0,0,0,0,0,0,0,0,0,0,0,0,0,0,0,0,0
1989,236,3,6,54.747,2,8,0,-1,0,0,1,1,50,0,0,0,1028,0,0,0,0,0,1,1,0,0,0,151.5009485,0,0,0,0,3,1,1,0.2,40,0,0,0,3,1,1,0.002,200,0,0,0,0,0,0,0,0,0,0,0,0,0,0,0,0,0,0,0,0,0,0,0,0,0,0,0,0,0,0,0,0,0,0,0,0,0,0,0,0,0,0,0,0,0,0,0,0,0,0,0
1989,236,3,7,17.667,2,8,0,-1,1,0,1,1,50,0,0,0,1028,0,0,0,0,0,1,1,0,0,0,151.4639675,0,0,0,0,3,1,1,0.2,40,0,0,0,3,1,1,0.002,200,0,0,0,0,0,0,0,0,0,0,0,0,0,0,0,0,0,0,0,0,0,0,0,0,0,0,0,0,0,0,0,0,0,0,0,0,0,0,0,0,0,0,0,0,0,0,0,0,0,0,0
1989,236,3,8,30.747,2,8,0,-1,0,0,1,1,50,0,0,0,1028,0,0,0,0,0,1,1,0,0,0,151.3460533,0,0,0,0,3,1,1,0.2,40,0,0,0,3,1,1,0.002,200,0,0,0,0,0,0,0,0,0,0,0,0,0,0,0,0,0,0,0,0,0,0,0,0,0,0,0,0,0,0,0,0,0,0,0,0,0,0,0,0,0,0,0,0,0,0,0,0,0,0,0
1989,236,3,8,53.666,2,8,0,-1,1,0,1,1,50,0,0,0,1028,0,0,0,0,0,1,1,0,0,0,151.3090726,0,0,0,0,3,1,1,0.2,40,0,0,0,3,1,1,0.002,200,0,0,0,0,0,0,0,0,0,0,0,0,0,0,0,0,0,0,0,0,0,0,0,0,0,0,0,0,0,0,0,0,0,0,0,0,0,0,0,0,0,0,0,0,0,0,0,0,0,0,0
1989,236,3,10,6.746,2,8,0,-1,0,0,1,1,50,0,0,0,1028,0,0,0,0,0,1,1,0,0,0,151.1911574,0,0,0,0,3,1,1,0.2,40,0,0,0,3,1,1,0.002,200,0,0,0,0,0,0,0,0,0,0,0,0,0,0,0,0,0,0,0,0,0,0,0,0,0,0,0,0,0,0,0,0,0,0,0,0,0,0,0,0,0,0,0,0,0,0,0,0,0,0,0
1989,236,3,10,29.665,2,8,0,-1,1,0,1,1,50,0,0,0,1028,0,0,0,0,0,1,1,0,0,0,151.1541768,0,0,0,0,3,1,1,0.2,40,0,0,0,3,1,1,0.002,200,0,0,0,0,0,0,0,0,0,0,0,0,0,0,0,0,0,0,0,0,0,0,0,0,0,0,0,0,0,0,0,0,0,0,0,0,0,0,0,0,0,0,0,0,0,0,0,0,0,0,0
1989,236,3,11,42.746,2,8,0,-1,0,0,1,1,50,0,0,0,1028,0,0,0,0,0,1,1,0,0,0,151.0362573,0,0,0,0,3,1,1,0.2,40,0,0,0,3,1,1,0.002,200,0,0,0,0,0,0,0,0,0,0,0,0,0,0,0,0,0,0,0,0,0,0,0,0,0,0,0,0,0,0,0,0,0,0,0,0,0,0,0,0,0,0,0,0,0,0,0,0,0,0,0
1989,236,3,12,5.666,2,8,0,-1,1,0,1,1,50,0,0,0,1028,0,0,0,0,0,1,1,0,0,0,150.9992746,0,0,0,0,3,1,1,0.2,40,0,0,0,3,1,1,0.002,200,0,0,0,0,0,0,0,0,0,0,0,0,0,0,0,0,0,0,0,0,0,0,0,0,0,0,0,0,0,0,0,0,0,0,0,0,0,0,0,0,0,0,0,0,0,0,0,0,0,0,0
1989,236,3,13,18.746,2,8,0,-1,0,0,1,1,50,0,0,0,1028,0,0,0,0,0,1,1,0,0,0,150.8813548,0,0,0,0,3,1,1,0.2,40,0,0,0,3,1,1,0.002,200,0,0,0,0,0,0,0,0,0,0,0,0,0,0,0,0,0,0,0,0,0,0,0,0,0,0,0,0,0,0,0,0,0,0,0,0,0,0,0,0,0,0,0,0,0,0,0,0,0,0,0
1989,236,3,13,41.665,2,8,0,-1,1,0,1,1,50,0,0,0,1028,0,0,0,0,0,1,1,0,0,0,150.8443731,0,0,0,0,3,1,1,0.2,40,0,0,0,3,1,1,0.002,200,0,0,0,0,0,0,0,0,0,0,0,0,0,0,0,0,0,0,0,0,0,0,0,0,0,0,0,0,0,0,0,0,0,0,0,0,0,0,0,0,0,0,0,0,0,0,0,0,0,0,0
1989,236,3,14,54.746,2,8,0,-1,0,0,1,1,50,0,0,0,1028,0,0,0,0,0,1,1,0,0,0,150.7264498,0,0,0,0,3,1,1,0.2,40,0,0,0,3,1,1,0.002,200,0,0,0,0,0,0,0,0,0,0,0,0,0,0,0,0,0,0,0,0,0,0,0,0,0,0,0,0,0,0,0,0,0,0,0,0,0,0,0,0,0,0,0,0,0,0,0,0,0,0,0
1989,236,3,15,17.665,2,8,0,-1,1,0,1,1,50,0,0,0,1028,0,0,0,0,0,1,1,0,0,0,150.6894667,0,0,0,0,3,1,1,0.2,40,0,0,0,3,1,1,0.002,200,0,0,0,0,0,0,0,0,0,0,0,0,0,0,0,0,0,0,0,0,0,0,0,0,0,0,0,0,0,0,0,0,0,0,0,0,0,0,0,0,0,0,0,0,0,0,0,0,0,0,0
1989,236,3,18,54.746,2,8,0,-1,0,0,1,1,50,0,0,0,1028,0,0,0,0,0,1,1,0,0,0,150.3391765,0,0,0,0,3,1,1,0.2,40,0,0,0,3,1,1,0.002,200,0,0,0,0,0,0,0,0,0,0,0,0,0,0,0,0,0,0,0,0,0,0,0,0,0,0,0,0,0,0,0,0,0,0,0,0,0,0,0,0,0,0,0,0,0,0,0,0,0,0,0
1989,236,3,19,17.665,2,8,0,-1,1,0,1,1,50,0,0,0,1028,0,0,0,0,0,1,1,0,0,0,150.3021919,0,0,0,0,3,1,1,0.2,40,0,0,0,3,1,1,0.002,200,0,0,0,0,0,0,0,0,0,0,0,0,0,0,0,0,0,0,0,0,0,0,0,0,0,0,0,0,0,0,0,0,0,0,0,0,0,0,0,0,0,0,0,0,0,0,0,0,0,0,0
1989,236,3,20,30.746,2,8,0,-1,0,0,1,1,50,0,0,0,1028,0,0,0,0,0,1,1,0,0,0,150.1842629,0,0,0,0,3,1,1,0.2,40,0,0,0,3,1,1,0.002,200,0,0,0,0,0,0,0,0,0,0,0,0,0,0,0,0,0,0,0,0,0,0,0,0,0,0,0,0,0,0,0,0,0,0,0,0,0,0,0,0,0,0,0,0,0,0,0,0,0,0,0
1989,236,3,20,53.665,2,8,0,-1,1,0,1,1,50,0,0,0,1028,0,0,0,0,0,1,1,0,0,0,150.1472777,0,0,0,0,3,1,1,0.2,40,0,0,0,3,1,1,0.002,200,0,0,0,0,0,0,0,0,0,0,0,0,0,0,0,0,0,0,0,0,0,0,0,0,0,0,0,0,0,0,0,0,0,0,0,0,0,0,0,0,0,0,0,0,0,0,0,0,0,0,0
1989,236,3,22,6.746,2,8,0,-1,0,0,1,1,50,0,0,0,1028,0,0,0,0,0,1,1,0,0,0,150.0293475,0,0,0,0,3,1,1,0.2,40,0,0,0,3,1,1,0.002,200,0,0,0,0,0,0,0,0,0,0,0,0,0,0,0,0,0,0,0,0,0,0,0,0,0,0,0,0,0,0,0,0,0,0,0,0,0,0,0,0,0,0,0,0,0,0,0,0,0,0,0
1989,236,3,22,29.664,2,8,0,-1,1,0,1,1,50,0,0,0,1028,0,0,0,0,0,1,1,0,0,0,149.9923626,0,0,0,0,3,1,1,0.2,40,0,0,0,3,1,1,0.002,200,0,0,0,0,0,0,0,0,0,0,0,0,0,0,0,0,0,0,0,0,0,0,0,0,0,0,0,0,0,0,0,0,0,0,0,0,0,0,0,0,0,0,0,0,0,0,0,0,0,0,0
1989,236,3,23,42.745,2,8,0,-1,0,0,1,1,50,0,0,0,1028,0,0,0,0,0,1,1,0,0,0,149.8744297,0,0,0,0,3,1,1,0.2,40,0,0,0,3,1,1,0.002,200,0,0,0,0,0,0,0,0,0,0,0,0,0,0,0,0,0,0,0,0,0,0,0,0,0,0,0,0,0,0,0,0,0,0,0,0,0,0,0,0,0,0,0,0,0,0,0,0,0,0,0
1989,236,3,24,5.665,2,8,0,-1,1,0,1,1,50,0,0,0,1028,0,0,0,0,0,1,1,0,0,0,149.8374425,0,0,0,0,3,1,1,0.2,40,0,0,0,3,1,1,0.002,200,0,0,0,0,0,0,0,0,0,0,0,0,0,0,0,0,0,0,0,0,0,0,0,0,0,0,0,0,0,0,0,0,0,0,0,0,0,0,0,0,0,0,0,0,0,0,0,0,0,0,0
1989,236,3,25,18.745,2,8,0,-1,0,0,1,1,50,0,0,0,1028,0,0,0,0,0,1,1,0,0,0,149.7195086,0,0,0,0,3,1,1,0.2,40,0,0,0,3,1,1,0.002,200,0,0,0,0,0,0,0,0,0,0,0,0,0,0,0,0,0,0,0,0,0,0,0,0,0,0,0,0,0,0,0,0,0,0,0,0,0,0,0,0,0,0,0,0,0,0,0,0,0,0,0
1989,236,3,25,41.664,2,8,0,-1,1,0,1,1,50,0,0,0,1028,0,0,0,0,0,1,1,0,0,0,149.6825224,0,0,0,0,3,1,1,0.2,40,0,0,0,3,1,1,0.002,200,0,0,0,0,0,0,0,0,0,0,0,0,0,0,0,0,0,0,0,0,0,0,0,0,0,0,0,0,0,0,0,0,0,0,0,0,0,0,0,0,0,0,0,0,0,0,0,0,0,0,0
1989,236,3,26,54.745,2,8,0,-1,0,0,1,1,50,0,0,0,1028,0,0,0,0,0,1,1,0,0,0,149.5645849,0,0,0,0,3,1,1,0.2,40,0,0,0,3,1,1,0.002,200,0,0,0,0,0,0,0,0,0,0,0,0,0,0,0,0,0,0,0,0,0,0,0,0,0,0,0,0,0,0,0,0,0,0,0,0,0,0,0,0,0,0,0,0,0,0,0,0,0,0,0
1989,236,3,27,17.664,2,8,0,-1,1,0,1,1,50,0,0,0,1028,0,0,0,0,0,1,1,0,0,0,149.5275973,0,0,0,0,3,1,1,0.2,40,0,0,0,3,1,1,0.002,200,0,0,0,0,0,0,0,0,0,0,0,0,0,0,0,0,0,0,0,0,0,0,0,0,0,0,0,0,0,0,0,0,0,0,0,0,0,0,0,0,0,0,0,0,0,0,0,0,0,0,0
1989,236,3,30,54.745,2,8,0,-1,0,0,1,1,50,0,0,0,1028,0,0,0,0,0,1,1,0,0,0,149.1772648,0,0,0,0,3,1,1,0.2,40,0,0,0,3,1,1,0.002,200,0,0,0,0,0,0,0,0,0,0,0,0,0,0,0,0,0,0,0,0,0,0,0,0,0,0,0,0,0,0,0,0,0,0,0,0,0,0,0,0,0,0,0,0,0,0,0,0,0,0,0
1989,236,3,31,17.665,2,8,0,-1,1,0,1,1,50,0,0,0,1028,0,0,0,0,0,1,1,0,0,0,149.1402757,0,0,0,0,3,1,1,0.2,40,0,0,0,3,1,1,0.002,200,0,0,0,0,0,0,0,0,0,0,0,0,0,0,0,0,0,0,0,0,0,0,0,0,0,0,0,0,0,0,0,0,0,0,0,0,0,0,0,0,0,0,0,0,0,0,0,0,0,0,0
1989,236,3,32,30.745,2,8,0,-1,0,0,1,1,50,0,0,0,1028,0,0,0,0,0,1,1,0,0,0,149.0223323,0,0,0,0,3,1,1,0.2,40,0,0,0,3,1,1,0.002,200,0,0,0,0,0,0,0,0,0,0,0,0,0,0,0,0,0,0,0,0,0,0,0,0,0,0,0,0,0,0,0,0,0,0,0,0,0,0,0,0,0,0,0,0,0,0,0,0,0,0,0
1989,236,3,32,53.664,2,8,0,-1,1,0,1,1,50,0,0,0,1028,0,0,0,0,0,1,1,0,0,0,148.9853426,0,0,0,0,3,1,1,0.2,40,0,0,0,3,1,1,0.002,200,0,0,0,0,0,0,0,0,0,0,0,0,0,0,0,0,0,0,0,0,0,0,0,0,0,0,0,0,0,0,0,0,0,0,0,0,0,0,0,0,0,0,0,0,0,0,0,0,0,0,0
1989,236,3,34,6.745,2,8,0,-1,0,0,1,1,50,0,0,0,1028,0,0,0,0,0,1,1,0,0,0,148.8673973,0,0,0,0,3,1,1,0.2,40,0,0,0,3,1,1,0.002,200,0,0,0,0,0,0,0,0,0,0,0,0,0,0,0,0,0,0,0,0,0,0,0,0,0,0,0,0,0,0,0,0,0,0,0,0,0,0,0,0,0,0,0,0,0,0,0,0,0,0,0
1989,236,3,34,29.664,2,8,0,-1,1,0,1,1,50,0,0,0,1028,0,0,0,0,0,1,1,0,0,0,148.8304078,0,0,0,0,3,1,1,0.2,40,0,0,0,3,1,1,0.002,200,0,0,0,0,0,0,0,0,0,0,0,0,0,0,0,0,0,0,0,0,0,0,0,0,0,0,0,0,0,0,0,0,0,0,0,0,0,0,0,0,0,0,0,0,0,0,0,0,0,0,0
1989,236,3,35,42.744,2,8,0,-1,0,0,1,1,50,0,0,0,1028,0,0,0,0,0,1,1,0,0,0,148.7124614,0,0,0,0,3,1,1,0.2,40,0,0,0,3,1,1,0.002,200,0,0,0,0,0,0,0,0,0,0,0,0,0,0,0,0,0,0,0,0,0,0,0,0,0,0,0,0,0,0,0,0,0,0,0,0,0,0,0,0,0,0,0,0,0,0,0,0,0,0,0
1989,236,3,36,5.664,2,8,0,-1,1,0,1,1,50,0,0,0,1028,0,0,0,0,0,1,1,0,0,0,148.6754697,0,0,0,0,3,1,1,0.2,40,0,0,0,3,1,1,0.002,200,0,0,0,0,0,0,0,0,0,0,0,0,0,0,0,0,0,0,0,0,0,0,0,0,0,0,0,0,0,0,0,0,0,0,0,0,0,0,0,0,0,0,0,0,0,0,0,0,0,0,0
1989,236,3,37,18.744,2,8,0,-1,0,0,1,1,50,0,0,0,1028,0,0,0,0,0,1,1,0,0,0,148.5575213,0,0,0,0,3,1,1,0.2,40,0,0,0,3,1,1,0.002,200,0,0,0,0,0,0,0,0,0,0,0,0,0,0,0,0,0,0,0,0,0,0,0,0,0,0,0,0,0,0,0,0,0,0,0,0,0,0,0,0,0,0,0,0,0,0,0,0,0,0,0
1989,236,3,37,41.663,2,8,0,-1,1,0,1,1,50,0,0,0,1028,0,0,0,0,0,1,1,0,0,0,148.5205306,0,0,0,0,3,1,1,0.2,40,0,0,0,3,1,1,0.002,200,0,0,0,0,0,0,0,0,0,0,0,0,0,0,0,0,0,0,0,0,0,0,0,0,0,0,0,0,0,0,0,0,0,0,0,0,0,0,0,0,0,0,0,0,0,0,0,0,0,0,0
1989,236,3,38,54.744,2,8,0,-1,0,0,1,1,50,0,0,0,1028,0,0,0,0,0,1,1,0,0,0,148.4025787,0,0,0,0,3,1,1,0.2,40,0,0,0,3,1,1,0.002,200,0,0,0,0,0,0,0,0,0,0,0,0,0,0,0,0,0,0,0,0,0,0,0,0,0,0,0,0,0,0,0,0,0,0,0,0,0,0,0,0,0,0,0,0,0,0,0,0,0,0,0
1989,236,3,39,17.664,2,8,0,-1,1,0,1,1,50,0,0,0,1028,0,0,0,0,0,1,1,0,0,0,148.3655858,0,0,0,0,3,1,1,0.2,40,0,0,0,3,1,1,0.002,200,0,0,0,0,0,0,0,0,0,0,0,0,0,0,0,0,0,0,0,0,0,0,0,0,0,0,0,0,0,0,0,0,0,0,0,0,0,0,0,0,0,0,0,0,0,0,0,0,0,0,0
1989,236,3,42,54.744,2,8,0,-1,0,0,1,1,50,0,0,0,1028,0,0,0,0,0,1,1,0,0,0,148.0152109,0,0,0,0,3,1,1,0.2,40,0,0,0,3,1,1,0.002,200,0,0,0,0,0,0,0,0,0,0,0,0,0,0,0,0,0,0,0,0,0,0,0,0,0,0,0,0,0,0,0,0,0,0,0,0,0,0,0,0,0,0,0,0,0,0,0,0,0,0,0
1989,236,3,43,17.664,2,8,0,-1,1,0,1,1,50,0,0,0,1028,0,0,0,0,0,1,1,0,0,0,147.9782165,0,0,0,0,3,1,1,0.2,40,0,0,0,3,1,1,0.002,200,0,0,0,0,0,0,0,0,0,0,0,0,0,0,0,0,0,0,0,0,0,0,0,0,0,0,0,0,0,0,0,0,0,0,0,0,0,0,0,0,0,0,0,0,0,0,0,0,0,0,0
1989,236,3,44,30.743,2,8,0,-1,0,0,1,1,50,0,0,0,1028,0,0,0,0,0,1,1,0,0,0,147.8602602,0,0,0,0,3,1,1,0.2,40,0,0,0,3,1,1,0.002,200,0,0,0,0,0,0,0,0,0,0,0,0,0,0,0,0,0,0,0,0,0,0,0,0,0,0,0,0,0,0,0,0,0,0,0,0,0,0,0,0,0,0,0,0,0,0,0,0,0,0,0
1989,236,3,44,53.663,2,8,0,-1,1,0,1,1,50,0,0,0,1028,0,0,0,0,0,1,1,0,0,0,147.8232659,0,0,0,0,3,1,1,0.2,40,0,0,0,3,1,1,0.002,200,0,0,0,0,0,0,0,0,0,0,0,0,0,0,0,0,0,0,0,0,0,0,0,0,0,0,0,0,0,0,0,0,0,0,0,0,0,0,0,0,0,0,0,0,0,0,0,0,0,0,0
1989,236,3,46,6.744,2,8,0,-1,0,0,1,1,50,0,0,0,1028,0,0,0,0,0,1,1,0,0,0,147.7053052,0,0,0,0,3,1,1,0.2,40,0,0,0,3,1,1,0.002,200,0,0,0,0,0,0,0,0,0,0,0,0,0,0,0,0,0,0,0,0,0,0,0,0,0,0,0,0,0,0,0,0,0,0,0,0,0,0,0,0,0,0,0,0,0,0,0,0,0,0,0
1989,236,3,46,29.664,2,8,0,-1,1,0,1,1,50,0,0,0,1028,0,0,0,0,0,1,1,0,0,0,147.6683103,0,0,0,0,3,1,1,0.2,40,0,0,0,3,1,1,0.002,200,0,0,0,0,0,0,0,0,0,0,0,0,0,0,0,0,0,0,0,0,0,0,0,0,0,0,0,0,0,0,0,0,0,0,0,0,0,0,0,0,0,0,0,0,0,0,0,0,0,0,0
1989,236,3,47,42.744,2,8,0,-1,0,0,1,1,50,0,0,0,1028,0,0,0,0,0,1,1,0,0,0,147.5503485,0,0,0,0,3,1,1,0.2,40,0,0,0,3,1,1,0.002,200,0,0,0,0,0,0,0,0,0,0,0,0,0,0,0,0,0,0,0,0,0,0,0,0,0,0,0,0,0,0,0,0,0,0,0,0,0,0,0,0,0,0,0,0,0,0,0,0,0,0,0
1989,236,3,48,5.664,2,8,0,-1,1,0,1,1,50,0,0,0,1028,0,0,0,0,0,1,1,0,0,0,147.5133522,0,0,0,0,3,1,1,0.2,40,0,0,0,3,1,1,0.002,200,0,0,0,0,0,0,0,0,0,0,0,0,0,0,0,0,0,0,0,0,0,0,0,0,0,0,0,0,0,0,0,0,0,0,0,0,0,0,0,0,0,0,0,0,0,0,0,0,0,0,0
1989,236,3,49,18.743,2,8,0,-1,0,0,1,1,50,0,0,0,1028,0,0,0,0,0,1,1,0,0,0,147.3953908,0,0,0,0,3,1,1,0.2,40,0,0,0,3,1,1,0.002,200,0,0,0,0,0,0,0,0,0,0,0,0,0,0,0,0,0,0,0,0,0,0,0,0,0,0,0,0,0,0,0,0,0,0,0,0,0,0,0,0,0,0,0,0,0,0,0,0,0,0,0
1989,236,3,49,41.662,2,8,0,-1,1,0,1,1,50,0,0,0,1028,0,0,0,0,0,1,1,0,0,0,147.3583955,0,0,0,0,3,1,1,0.2,40,0,0,0,3,1,1,0.002,200,0,0,0,0,0,0,0,0,0,0,0,0,0,0,0,0,0,0,0,0,0,0,0,0,0,0,0,0,0,0,0,0,0,0,0,0,0,0,0,0,0,0,0,0,0,0,0,0,0,0,0
1989,236,3,50,54.743,2,8,0,-1,0,0,1,1,50,0,0,0,1028,0,0,0,0,0,1,1,0,0,0,147.2404289,0,0,0,0,3,1,1,0.2,40,0,0,0,3,1,1,0.002,200,0,0,0,0,0,0,0,0,0,0,0,0,0,0,0,0,0,0,0,0,0,0,0,0,0,0,0,0,0,0,0,0,0,0,0,0,0,0,0,0,0,0,0,0,0,0,0,0,0,0,0
1989,236,3,51,17.663,2,8,0,-1,1,0,1,1,50,0,0,0,1028,0,0,0,0,0,1,1,0,0,0,147.2034313,0,0,0,0,3,1,1,0.2,40,0,0,0,3,1,1,0.002,200,0,0,0,0,0,0,0,0,0,0,0,0,0,0,0,0,0,0,0,0,0,0,0,0,0,0,0,0,0,0,0,0,0,0,0,0,0,0,0,0,0,0,0,0,0,0,0,0,0,0,0
1989,236,3,54,54.743,2,8,0,-1,0,0,1,1,50,0,0,0,1028,0,0,0,0,0,1,1,0,0,0,146.8530128,0,0,0,0,3,1,1,0.2,40,0,0,0,3,1,1,0.002,200,0,0,0,0,0,0,0,0,0,0,0,0,0,0,0,0,0,0,0,0,0,0,0,0,0,0,0,0,0,0,0,0,0,0,0,0,0,0,0,0,0,0,0,0,0,0,0,0,0,0,0
1989,236,3,55,17.663,2,8,0,-1,1,0,1,1,50,0,0,0,1028,0,0,0,0,0,1,1,0,0,0,146.8160137,0,0,0,0,3,1,1,0.2,40,0,0,0,3,1,1,0.002,200,0,0,0,0,0,0,0,0,0,0,0,0,0,0,0,0,0,0,0,0,0,0,0,0,0,0,0,0,0,0,0,0,0,0,0,0,0,0,0,0,0,0,0,0,0,0,0,0,0,0,0
1989,236,3,56,30.743,2,8,0,-1,0,0,1,1,50,0,0,0,1028,0,0,0,0,0,1,1,0,0,0,146.6980418,0,0,0,0,3,1,1,0.2,40,0,0,0,3,1,1,0.002,200,0,0,0,0,0,0,0,0,0,0,0,0,0,0,0,0,0,0,0,0,0,0,0,0,0,0,0,0,0,0,0,0,0,0,0,0,0,0,0,0,0,0,0,0,0,0,0,0,0,0,0
1989,236,3,56,53.662,2,8,0,-1,1,0,1,1,50,0,0,0,1028,0,0,0,0,0,1,1,0,0,0,146.6610429,0,0,0,0,3,1,1,0.2,40,0,0,0,3,1,1,0.002,200,0,0,0,0,0,0,0,0,0,0,0,0,0,0,0,0,0,0,0,0,0,0,0,0,0,0,0,0,0,0,0,0,0,0,0,0,0,0,0,0,0,0,0,0,0,0,0,0,0,0,0
1989,236,3,58,6.743,2,8,0,-1,0,0,1,1,50,0,0,0,1028,0,0,0,0,0,1,1,0,0,0,146.5430681,0,0,0,0,3,1,1,0.2,40,0,0,0,3,1,1,0.002,200,0,0,0,0,0,0,0,0,0,0,0,0,0,0,0,0,0,0,0,0,0,0,0,0,0,0,0,0,0,0,0,0,0,0,0,0,0,0,0,0,0,0,0,0,0,0,0,0,0,0,0
1989,236,3,58,29.662,2,8,0,-1,1,0,1,1,50,0,0,0,1028,0,0,0,0,0,1,1,0,0,0,146.5060686,0,0,0,0,3,1,1,0.2,40,0,0,0,3,1,1,0.002,200,0,0,0,0,0,0,0,0,0,0,0,0,0,0,0,0,0,0,0,0,0,0,0,0,0,0,0,0,0,0,0,0,0,0,0,0,0,0,0,0,0,0,0,0,0,0,0,0,0,0,0
1989,236,3,59,42.743,2,8,0,-1,0,0,1,1,50,0,0,0,1028,0,0,0,0,0,1,1,0,0,0,146.3880919,0,0,0,0,3,1,1,0.2,40,0,0,0,3,1,1,0.002,200,0,0,0,0,0,0,0,0,0,0,0,0,0,0,0,0,0,0,0,0,0,0,0,0,0,0,0,0,0,0,0,0,0,0,0,0,0,0,0,0,0,0,0,0,0,0,0,0,0,0,0
1989,236,4,0,5.663,2,8,0,-1,1,0,1,1,50,0,0,0,1028,0,0,0,0,0,1,1,0,0,0,146.3510909,0,0,0,0,3,1,1,0.2,40,0,0,0,3,1,1,0.002,200,0,0,0,0,0,0,0,0,0,0,0,0,0,0,0,0,0,0,0,0,0,0,0,0,0,0,0,0,0,0,0,0,0,0,0,0,0,0,0,0,0,0,0,0,0,0,0,0,0,0,0
1989,236,4,1,18.743,2,8,0,-1,0,0,1,1,50,0,0,0,1028,0,0,0,0,0,1,1,0,0,0,146.2331139,0,0,0,0,3,1,1,0.2,40,0,0,0,3,1,1,0.002,200,0,0,0,0,0,0,0,0,0,0,0,0,0,0,0,0,0,0,0,0,0,0,0,0,0,0,0,0,0,0,0,0,0,0,0,0,0,0,0,0,0,0,0,0,0,0,0,0,0,0,0
1989,236,4,1,41.661,2,8,0,-1,1,0,1,1,50,0,0,0,1028,0,0,0,0,0,1,1,0,0,0,146.1961139,0,0,0,0,3,1,1,0.2,40,0,0,0,3,1,1,0.002,200,0,0,0,0,0,0,0,0,0,0,0,0,0,0,0,0,0,0,0,0,0,0,0,0,0,0,0,0,0,0,0,0,0,0,0,0,0,0,0,0,0,0,0,0,0,0,0,0,0,0,0
1989,236,4,2,54.742,2,8,0,-1,0,0,1,1,50,0,0,0,1028,0,0,0,0,0,1,1,0,0,0,146.0781332,0,0,0,0,3,1,1,0.2,40,0,0,0,3,1,1,0.002,200,0,0,0,0,0,0,0,0,0,0,0,0,0,0,0,0,0,0,0,0,0,0,0,0,0,0,0,0,0,0,0,0,0,0,0,0,0,0,0,0,0,0,0,0,0,0,0,0,0,0,0
1989,236,4,3,17.662,2,8,0,-1,1,0,1,1,50,0,0,0,1028,0,0,0,0,0,1,1,0,0,0,146.0411309,0,0,0,0,3,1,1,0.2,40,0,0,0,3,1,1,0.002,200,0,0,0,0,0,0,0,0,0,0,0,0,0,0,0,0,0,0,0,0,0,0,0,0,0,0,0,0,0,0,0,0,0,0,0,0,0,0,0,0,0,0,0,0,0,0,0,0,0,0,0
1989,236,4,6,54.742,2,8,0,-1,0,0,1,1,50,0,0,0,1028,0,0,0,0,0,1,1,0,0,0,145.6906679,0,0,0,0,3,1,1,0.2,40,0,0,0,3,1,1,0.002,200,0,0,0,0,0,0,0,0,0,0,0,0,0,0,0,0,0,0,0,0,0,0,0,0,0,0,0,0,0,0,0,0,0,0,0,0,0,0,0,0,0,0,0,0,0,0,0,0,0,0,0
1989,236,4,7,17.662,2,8,0,-1,1,0,1,1,50,0,0,0,1028,0,0,0,0,0,1,1,0,0,0,145.6536641,0,0,0,0,3,1,1,0.2,40,0,0,0,3,1,1,0.002,200,0,0,0,0,0,0,0,0,0,0,0,0,0,0,0,0,0,0,0,0,0,0,0,0,0,0,0,0,0,0,0,0,0,0,0,0,0,0,0,0,0,0,0,0,0,0,0,0,0,0,0
1989,236,4,8,30.741,2,8,0,-1,0,0,1,1,50,0,0,0,1028,0,0,0,0,0,1,1,0,0,0,145.535678,0,0,0,0,3,1,1,0.2,40,0,0,0,3,1,1,0.002,200,0,0,0,0,0,0,0,0,0,0,0,0,0,0,0,0,0,0,0,0,0,0,0,0,0,0,0,0,0,0,0,0,0,0,0,0,0,0,0,0,0,0,0,0,0,0,0,0,0,0,0
1989,236,4,8,53.662,2,8,0,-1,1,0,1,1,50,0,0,0,1028,0,0,0,0,0,1,1,0,0,0,145.4986727,0,0,0,0,3,1,1,0.2,40,0,0,0,3,1,1,0.002,200,0,0,0,0,0,0,0,0,0,0,0,0,0,0,0,0,0,0,0,0,0,0,0,0,0,0,0,0,0,0,0,0,0,0,0,0,0,0,0,0,0,0,0,0,0,0,0,0,0,0,0
1989,236,4,10,6.742,2,8,0,-1,0,0,1,1,50,0,0,0,1028,0,0,0,0,0,1,1,0,0,0,145.3806837,0,0,0,0,3,1,1,0.2,40,0,0,0,3,1,1,0.002,200,0,0,0,0,0,0,0,0,0,0,0,0,0,0,0,0,0,0,0,0,0,0,0,0,0,0,0,0,0,0,0,0,0,0,0,0,0,0,0,0,0,0,0,0,0,0,0,0,0,0,0
1989,236,4,10,29.661,2,8,0,-1,1,0,1,1,50,0,0,0,1028,0,0,0,0,0,1,1,0,0,0,145.3436795,0,0,0,0,3,1,1,0.2,40,0,0,0,3,1,1,0.002,200,0,0,0,0,0,0,0,0,0,0,0,0,0,0,0,0,0,0,0,0,0,0,0,0,0,0,0,0,0,0,0,0,0,0,0,0,0,0,0,0,0,0,0,0,0,0,0,0,0,0,0
1989,236,4,11,42.741,2,8,0,-1,0,0,1,1,50,0,0,0,1028,0,0,0,0,0,1,1,0,0,0,145.2256885,0,0,0,0,3,1,1,0.2,40,0,0,0,3,1,1,0.002,200,0,0,0,0,0,0,0,0,0,0,0,0,0,0,0,0,0,0,0,0,0,0,0,0,0,0,0,0,0,0,0,0,0,0,0,0,0,0,0,0,0,0,0,0,0,0,0,0,0,0,0
1989,236,4,12,5.662,2,8,0,-1,1,0,1,1,50,0,0,0,1028,0,0,0,0,0,1,1,0,0,0,145.188682,0,0,0,0,3,1,1,0.2,40,0,0,0,3,1,1,0.002,200,0,0,0,0,0,0,0,0,0,0,0,0,0,0,0,0,0,0,0,0,0,0,0,0,0,0,0,0,0,0,0,0,0,0,0,0,0,0,0,0,0,0,0,0,0,0,0,0,0,0,0
1989,236,4,13,18.742,2,8,0,-1,0,0,1,1,50,0,0,0,1028,0,0,0,0,0,1,1,0,0,0,145.070689,0,0,0,0,3,1,1,0.2,40,0,0,0,3,1,1,0.002,200,0,0,0,0,0,0,0,0,0,0,0,0,0,0,0,0,0,0,0,0,0,0,0,0,0,0,0,0,0,0,0,0,0,0,0,0,0,0,0,0,0,0,0,0,0,0,0,0,0,0,0
1989,236,4,13,41.661,2,8,0,-1,1,0,1,1,50,0,0,0,1028,0,0,0,0,0,1,1,0,0,0,145.0336834,0,0,0,0,3,1,1,0.2,40,0,0,0,3,1,1,0.002,200,0,0,0,0,0,0,0,0,0,0,0,0,0,0,0,0,0,0,0,0,0,0,0,0,0,0,0,0,0,0,0,0,0,0,0,0,0,0,0,0,0,0,0,0,0,0,0,0,0,0,0
1989,236,4,14,54.741,2,8,0,-1,0,0,1,1,50,0,0,0,1028,0,0,0,0,0,1,1,0,0,0,144.9156892,0,0,0,0,3,1,1,0.2,40,0,0,0,3,1,1,0.002,200,0,0,0,0,0,0,0,0,0,0,0,0,0,0,0,0,0,0,0,0,0,0,0,0,0,0,0,0,0,0,0,0,0,0,0,0,0,0,0,0,0,0,0,0,0,0,0,0,0,0,0
1989,236,4,15,17.661,2,8,0,-1,1,0,1,1,50,0,0,0,1028,0,0,0,0,0,1,1,0,0,0,144.8786822,0,0,0,0,3,1,1,0.2,40,0,0,0,3,1,1,0.002,200,0,0,0,0,0,0,0,0,0,0,0,0,0,0,0,0,0,0,0,0,0,0,0,0,0,0,0,0,0,0,0,0,0,0,0,0,0,0,0,0,0,0,0,0,0,0,0,0,0,0,0
1989,236,4,18,54.741,2,8,0,-1,0,0,1,1,50,0,0,0,1028,0,0,0,0,0,1,1,0,0,0,144.5281739,0,0,0,0,3,1,1,0.2,40,0,0,0,3,1,1,0.002,200,0,0,0,0,0,0,0,0,0,0,0,0,0,0,0,0,0,0,0,0,0,0,0,0,0,0,0,0,0,0,0,0,0,0,0,0,0,0,0,0,0,0,0,0,0,0,0,0,0,0,0
1989,236,4,19,17.661,2,8,0,-1,1,0,1,1,50,0,0,0,1028,0,0,0,0,0,1,1,0,0,0,144.4911653,0,0,0,0,3,1,1,0.2,40,0,0,0,3,1,1,0.002,200,0,0,0,0,0,0,0,0,0,0,0,0,0,0,0,0,0,0,0,0,0,0,0,0,0,0,0,0,0,0,0,0,0,0,0,0,0,0,0,0,0,0,0,0,0,0,0,0,0,0,0
1989,236,4,20,30.741,2,8,0,-1,0,0,1,1,50,0,0,0,1028,0,0,0,0,0,1,1,0,0,0,144.3731631,0,0,0,0,3,1,1,0.2,40,0,0,0,3,1,1,0.002,200,0,0,0,0,0,0,0,0,0,0,0,0,0,0,0,0,0,0,0,0,0,0,0,0,0,0,0,0,0,0,0,0,0,0,0,0,0,0,0,0,0,0,0,0,0,0,0,0,0,0,0
1989,236,4,20,53.661,2,8,0,-1,1,0,1,1,50,0,0,0,1028,0,0,0,0,0,1,1,0,0,0,144.3361539,0,0,0,0,3,1,1,0.2,40,0,0,0,3,1,1,0.002,200,0,0,0,0,0,0,0,0,0,0,0,0,0,0,0,0,0,0,0,0,0,0,0,0,0,0,0,0,0,0,0,0,0,0,0,0,0,0,0,0,0,0,0,0,0,0,0,0,0,0,0
1989,236,4,22,6.741,2,8,0,-1,0,0,1,1,50,0,0,0,1028,0,0,0,0,0,1,1,0,0,0,144.2181496,0,0,0,0,3,1,1,0.2,40,0,0,0,3,1,1,0.002,200,0,0,0,0,0,0,0,0,0,0,0,0,0,0,0,0,0,0,0,0,0,0,0,0,0,0,0,0,0,0,0,0,0,0,0,0,0,0,0,0,0,0,0,0,0,0,0,0,0,0,0
1989,236,4,22,29.661,2,8,0,-1,1,0,1,1,50,0,0,0,1028,0,0,0,0,0,1,1,0,0,0,144.1811397,0,0,0,0,3,1,1,0.2,40,0,0,0,3,1,1,0.002,200,0,0,0,0,0,0,0,0,0,0,0,0,0,0,0,0,0,0,0,0,0,0,0,0,0,0,0,0,0,0,0,0,0,0,0,0,0,0,0,0,0,0,0,0,0,0,0,0,0,0,0
1989,236,4,23,42.741,2,8,0,-1,0,0,1,1,50,0,0,0,1028,0,0,0,0,0,1,1,0,0,0,144.0631334,0,0,0,0,3,1,1,0.2,40,0,0,0,3,1,1,0.002,200,0,0,0,0,0,0,0,0,0,0,0,0,0,0,0,0,0,0,0,0,0,0,0,0,0,0,0,0,0,0,0,0,0,0,0,0,0,0,0,0,0,0,0,0,0,0,0,0,0,0,0
1989,236,4,24,5.661,2,8,0,-1,1,0,1,1,50,0,0,0,1028,0,0,0,0,0,1,1,0,0,0,144.0261229,0,0,0,0,3,1,1,0.2,40,0,0,0,3,1,1,0.002,200,0,0,0,0,0,0,0,0,0,0,0,0,0,0,0,0,0,0,0,0,0,0,0,0,0,0,0,0,0,0,0,0,0,0,0,0,0,0,0,0,0,0,0,0,0,0,0,0,0,0,0
1989,236,4,25,18.741,2,8,0,-1,0,0,1,1,50,0,0,0,1028,0,0,0,0,0,1,1,0,0,0,143.9081145,0,0,0,0,3,1,1,0.2,40,0,0,0,3,1,1,0.002,200,0,0,0,0,0,0,0,0,0,0,0,0,0,0,0,0,0,0,0,0,0,0,0,0,0,0,0,0,0,0,0,0,0,0,0,0,0,0,0,0,0,0,0,0,0,0,0,0,0,0,0
1989,236,4,25,41.661,2,8,0,-1,1,0,1,1,50,0,0,0,1028,0,0,0,0,0,1,1,0,0,0,143.8711033,0,0,0,0,3,1,1,0.2,40,0,0,0,3,1,1,0.002,200,0,0,0,0,0,0,0,0,0,0,0,0,0,0,0,0,0,0,0,0,0,0,0,0,0,0,0,0,0,0,0,0,0,0,0,0,0,0,0,0,0,0,0,0,0,0,0,0,0,0,0
1989,236,4,26,54.741,2,8,0,-1,0,0,1,1,50,0,0,0,1028,0,0,0,0,0,1,1,0,0,0,143.7530936,0,0,0,0,3,1,1,0.2,40,0,0,0,3,1,1,0.002,200,0,0,0,0,0,0,0,0,0,0,0,0,0,0,0,0,0,0,0,0,0,0,0,0,0,0,0,0,0,0,0,0,0,0,0,0,0,0,0,0,0,0,0,0,0,0,0,0,0,0,0
1989,236,4,27,17.66,2,8,0,-1,1,0,1,1,50,0,0,0,1028,0,0,0,0,0,1,1,0,0,0,143.7160818,0,0,0,0,3,1,1,0.2,40,0,0,0,3,1,1,0.002,200,0,0,0,0,0,0,0,0,0,0,0,0,0,0,0,0,0,0,0,0,0,0,0,0,0,0,0,0,0,0,0,0,0,0,0,0,0,0,0,0,0,0,0,0,0,0,0,0,0,0,0
1989,236,4,30,54.74,2,8,0,-1,0,0,1,1,50,0,0,0,1028,0,0,0,0,0,1,1,0,0,0,143.3655284,0,0,0,0,3,1,1,0.2,40,0,0,0,3,1,1,0.002,200,0,0,0,0,0,0,0,0,0,0,0,0,0,0,0,0,0,0,0,0,0,0,0,0,0,0,0,0,0,0,0,0,0,0,0,0,0,0,0,0,0,0,0,0,0,0,0,0,0,0,0
1989,236,4,31,17.66,2,8,0,-1,1,0,1,1,50,0,0,0,1028,0,0,0,0,0,1,1,0,0,0,143.3285149,0,0,0,0,3,1,1,0.2,40,0,0,0,3,1,1,0.002,200,0,0,0,0,0,0,0,0,0,0,0,0,0,0,0,0,0,0,0,0,0,0,0,0,0,0,0,0,0,0,0,0,0,0,0,0,0,0,0,0,0,0,0,0,0,0,0,0,0,0,0
1989,236,4,32,30.74,2,8,0,-1,0,0,1,1,50,0,0,0,1028,0,0,0,0,0,1,1,0,0,0,143.2104972,0,0,0,0,3,1,1,0.2,40,0,0,0,3,1,1,0.002,200,0,0,0,0,0,0,0,0,0,0,0,0,0,0,0,0,0,0,0,0,0,0,0,0,0,0,0,0,0,0,0,0,0,0,0,0,0,0,0,0,0,0,0,0,0,0,0,0,0,0,0
1989,236,4,32,53.66,2,8,0,-1,1,0,1,1,50,0,0,0,1028,0,0,0,0,0,1,1,0,0,0,143.1734831,0,0,0,0,3,1,1,0.2,40,0,0,0,3,1,1,0.002,200,0,0,0,0,0,0,0,0,0,0,0,0,0,0,0,0,0,0,0,0,0,0,0,0,0,0,0,0,0,0,0,0,0,0,0,0,0,0,0,0,0,0,0,0,0,0,0,0,0,0,0
1989,236,4,34,6.74,2,8,0,-1,0,0,1,1,50,0,0,0,1028,0,0,0,0,0,1,1,0,0,0,143.0554632,0,0,0,0,3,1,1,0.2,40,0,0,0,3,1,1,0.002,200,0,0,0,0,0,0,0,0,0,0,0,0,0,0,0,0,0,0,0,0,0,0,0,0,0,0,0,0,0,0,0,0,0,0,0,0,0,0,0,0,0,0,0,0,0,0,0,0,0,0,0
1989,236,4,34,29.66,2,8,0,-1,1,0,1,1,50,0,0,0,1028,0,0,0,0,0,1,1,0,0,0,143.0184485,0,0,0,0,3,1,1,0.2,40,0,0,0,3,1,1,0.002,200,0,0,0,0,0,0,0,0,0,0,0,0,0,0,0,0,0,0,0,0,0,0,0,0,0,0,0,0,0,0,0,0,0,0,0,0,0,0,0,0,0,0,0,0,0,0,0,0,0,0,0
1989,236,4,35,42.74,2,8,0,-1,0,0,1,1,50,0,0,0,1028,0,0,0,0,0,1,1,0,0,0,142.9004265,0,0,0,0,3,1,1,0.2,40,0,0,0,3,1,1,0.002,200,0,0,0,0,0,0,0,0,0,0,0,0,0,0,0,0,0,0,0,0,0,0,0,0,0,0,0,0,0,0,0,0,0,0,0,0,0,0,0,0,0,0,0,0,0,0,0,0,0,0,0
1989,236,4,36,5.66,2,8,0,-1,1,0,1,1,50,0,0,0,1028,0,0,0,0,0,1,1,0,0,0,142.8634111,0,0,0,0,3,1,1,0.2,40,0,0,0,3,1,1,0.002,200,0,0,0,0,0,0,0,0,0,0,0,0,0,0,0,0,0,0,0,0,0,0,0,0,0,0,0,0,0,0,0,0,0,0,0,0,0,0,0,0,0,0,0,0,0,0,0,0,0,0,0
1989,236,4,37,18.74,2,8,0,-1,0,0,1,1,50,0,0,0,1028,0,0,0,0,0,1,1,0,0,0,142.7453871,0,0,0,0,3,1,1,0.2,40,0,0,0,3,1,1,0.002,200,0,0,0,0,0,0,0,0,0,0,0,0,0,0,0,0,0,0,0,0,0,0,0,0,0,0,0,0,0,0,0,0,0,0,0,0,0,0,0,0,0,0,0,0,0,0,0,0,0,0,0
1989,236,4,37,41.66,2,8,0,-1,1,0,1,1,50,0,0,0,1028,0,0,0,0,0,1,1,0,0,0,142.708371,0,0,0,0,3,1,1,0.2,40,0,0,0,3,1,1,0.002,200,0,0,0,0,0,0,0,0,0,0,0,0,0,0,0,0,0,0,0,0,0,0,0,0,0,0,0,0,0,0,0,0,0,0,0,0,0,0,0,0,0,0,0,0,0,0,0,0,0,0,0
1989,236,4,38,54.74,2,8,0,-1,0,0,1,1,50,0,0,0,1028,0,0,0,0,0,1,1,0,0,0,142.5903449,0,0,0,0,3,1,1,0.2,40,0,0,0,3,1,1,0.002,200,0,0,0,0,0,0,0,0,0,0,0,0,0,0,0,0,0,0,0,0,0,0,0,0,0,0,0,0,0,0,0,0,0,0,0,0,0,0,0,0,0,0,0,0,0,0,0,0,0,0,0
1989,236,4,39,17.66,2,8,0,-1,1,0,1,1,50,0,0,0,1028,0,0,0,0,0,1,1,0,0,0,142.5533281,0,0,0,0,3,1,1,0.2,40,0,0,0,3,1,1,0.002,200,0,0,0,0,0,0,0,0,0,0,0,0,0,0,0,0,0,0,0,0,0,0,0,0,0,0,0,0,0,0,0,0,0,0,0,0,0,0,0,0,0,0,0,0,0,0,0,0,0,0,0
1989,236,4,42,54.739,2,8,0,-1,0,0,1,1,50,0,0,0,1028,0,0,0,0,0,1,1,0,0,0,142.2027288,0,0,0,0,3,1,1,0.2,40,0,0,0,3,1,1,0.002,200,0,0,0,0,0,0,0,0,0,0,0,0,0,0,0,0,0,0,0,0,0,0,0,0,0,0,0,0,0,0,0,0,0,0,0,0,0,0,0,0,0,0,0,0,0,0,0,0,0,0,0
1989,236,4,43,17.659,2,8,0,-1,1,0,1,1,50,0,0,0,1028,0,0,0,0,0,1,1,0,0,0,142.1657112,0,0,0,0,3,1,1,0.2,40,0,0,0,3,1,1,0.002,200,0,0,0,0,0,0,0,0,0,0,0,0,0,0,0,0,0,0,0,0,0,0,0,0,0,0,0,0,0,0,0,0,0,0,0,0,0,0,0,0,0,0,0,0,0,0,0,0,0,0,0
1989,236,4,44,30.739,2,8,0,-1,0,0,1,1,50,0,0,0,1028,0,0,0,0,0,1,1,0,0,0,142.0476768,0,0,0,0,3,1,1,0.2,40,0,0,0,3,1,1,0.002,200,0,0,0,0,0,0,0,0,0,0,0,0,0,0,0,0,0,0,0,0,0,0,0,0,0,0,0,0,0,0,0,0,0,0,0,0,0,0,0,0,0,0,0,0,0,0,0,0,0,0,0
1989,236,4,44,53.659,2,8,0,-1,1,0,1,1,50,0,0,0,1028,0,0,0,0,0,1,1,0,0,0,142.0106578,0,0,0,0,3,1,1,0.2,40,0,0,0,3,1,1,0.002,200,0,0,0,0,0,0,0,0,0,0,0,0,0,0,0,0,0,0,0,0,0,0,0,0,0,0,0,0,0,0,0,0,0,0,0,0,0,0,0,0,0,0,0,0,0,0,0,0,0,0,0
1989,236,4,46,6.739,2,8,0,-1,0,0,1,1,50,0,0,0,1028,0,0,0,0,0,1,1,0,0,0,141.8926221,0,0,0,0,3,1,1,0.2,40,0,0,0,3,1,1,0.002,200,0,0,0,0,0,0,0,0,0,0,0,0,0,0,0,0,0,0,0,0,0,0,0,0,0,0,0,0,0,0,0,0,0,0,0,0,0,0,0,0,0,0,0,0,0,0,0,0,0,0,0
1989,236,4,46,29.659,2,8,0,-1,1,0,1,1,50,0,0,0,1028,0,0,0,0,0,1,1,0,0,0,141.8556032,0,0,0,0,3,1,1,0.2,40,0,0,0,3,1,1,0.002,200,0,0,0,0,0,0,0,0,0,0,0,0,0,0,0,0,0,0,0,0,0,0,0,0,0,0,0,0,0,0,0,0,0,0,0,0,0,0,0,0,0,0,0,0,0,0,0,0,0,0,0
1989,236,4,47,42.739,2,8,0,-1,0,0,1,1,50,0,0,0,1028,0,0,0,0,0,1,1,0,0,0,141.7375646,0,0,0,0,3,1,1,0.2,40,0,0,0,3,1,1,0.002,200,0,0,0,0,0,0,0,0,0,0,0,0,0,0,0,0,0,0,0,0,0,0,0,0,0,0,0,0,0,0,0,0,0,0,0,0,0,0,0,0,0,0,0,0,0,0,0,0,0,0,0
1989,236,4,48,5.659,2,8,0,-1,1,0,1,1,50,0,0,0,1028,0,0,0,0,0,1,1,0,0,0,141.7005442,0,0,0,0,3,1,1,0.2,40,0,0,0,3,1,1,0.002,200,0,0,0,0,0,0,0,0,0,0,0,0,0,0,0,0,0,0,0,0,0,0,0,0,0,0,0,0,0,0,0,0,0,0,0,0,0,0,0,0,0,0,0,0,0,0,0,0,0,0,0
1989,236,4,49,18.739,2,8,0,-1,0,0,1,1,50,0,0,0,1028,0,0,0,0,0,1,1,0,0,0,141.5825042,0,0,0,0,3,1,1,0.2,40,0,0,0,3,1,1,0.002,200,0,0,0,0,0,0,0,0,0,0,0,0,0,0,0,0,0,0,0,0,0,0,0,0,0,0,0,0,0,0,0,0,0,0,0,0,0,0,0,0,0,0,0,0,0,0,0,0,0,0,0
1989,236,4,49,41.659,2,8,0,-1,1,0,1,1,50,0,0,0,1028,0,0,0,0,0,1,1,0,0,0,141.5454832,0,0,0,0,3,1,1,0.2,40,0,0,0,3,1,1,0.002,200,0,0,0,0,0,0,0,0,0,0,0,0,0,0,0,0,0,0,0,0,0,0,0,0,0,0,0,0,0,0,0,0,0,0,0,0,0,0,0,0,0,0,0,0,0,0,0,0,0,0,0
1989,236,4,50,54.739,2,8,0,-1,0,0,1,1,50,0,0,0,1028,0,0,0,0,0,1,1,0,0,0,141.4274411,0,0,0,0,3,1,1,0.2,40,0,0,0,3,1,1,0.002,200,0,0,0,0,0,0,0,0,0,0,0,0,0,0,0,0,0,0,0,0,0,0,0,0,0,0,0,0,0,0,0,0,0,0,0,0,0,0,0,0,0,0,0,0,0,0,0,0,0,0,0
1989,236,4,51,17.659,2,8,0,-1,1,0,1,1,50,0,0,0,1028,0,0,0,0,0,1,1,0,0,0,141.3904202,0,0,0,0,3,1,1,0.2,40,0,0,0,3,1,1,0.002,200,0,0,0,0,0,0,0,0,0,0,0,0,0,0,0,0,0,0,0,0,0,0,0,0,0,0,0,0,0,0,0,0,0,0,0,0,0,0,0,0,0,0,0,0,0,0,0,0,0,0,0
1989,236,4,54,54.738,2,8,0,-1,0,0,1,1,50,0,0,0,1028,0,0,0,0,0,1,1,0,0,0,141.0397725,0,0,0,0,3,1,1,0.2,40,0,0,0,3,1,1,0.002,200,0,0,0,0,0,0,0,0,0,0,0,0,0,0,0,0,0,0,0,0,0,0,0,0,0,0,0,0,0,0,0,0,0,0,0,0,0,0,0,0,0,0,0,0,0,0,0,0,0,0,0
1989,236,4,55,17.657,2,8,0,-1,1,0,1,1,50,0,0,0,1028,0,0,0,0,0,1,1,0,0,0,141.0027499,0,0,0,0,3,1,1,0.2,40,0,0,0,3,1,1,0.002,200,0,0,0,0,0,0,0,0,0,0,0,0,0,0,0,0,0,0,0,0,0,0,0,0,0,0,0,0,0,0,0,0,0,0,0,0,0,0,0,0,0,0,0,0,0,0,0,0,0,0,0
1989,236,4,56,30.738,2,8,0,-1,0,0,1,1,50,0,0,0,1028,0,0,0,0,0,1,1,0,0,0,140.8846995,0,0,0,0,3,1,1,0.2,40,0,0,0,3,1,1,0.002,200,0,0,0,0,0,0,0,0,0,0,0,0,0,0,0,0,0,0,0,0,0,0,0,0,0,0,0,0,0,0,0,0,0,0,0,0,0,0,0,0,0,0,0,0,0,0,0,0,0,0,0
1989,236,4,56,53.658,2,8,0,-1,1,0,1,1,50,0,0,0,1028,0,0,0,0,0,1,1,0,0,0,140.8476754,0,0,0,0,3,1,1,0.2,40,0,0,0,3,1,1,0.002,200,0,0,0,0,0,0,0,0,0,0,0,0,0,0,0,0,0,0,0,0,0,0,0,0,0,0,0,0,0,0,0,0,0,0,0,0,0,0,0,0,0,0,0,0,0,0,0,0,0,0,0
1989,236,4,58,6.738,2,8,0,-1,0,0,1,1,50,0,0,0,1028,0,0,0,0,0,1,1,0,0,0,140.7296236,0,0,0,0,3,1,1,0.2,40,0,0,0,3,1,1,0.002,200,0,0,0,0,0,0,0,0,0,0,0,0,0,0,0,0,0,0,0,0,0,0,0,0,0,0,0,0,0,0,0,0,0,0,0,0,0,0,0,0,0,0,0,0,0,0,0,0,0,0,0
1989,236,4,58,29.657,2,8,0,-1,1,0,1,1,50,0,0,0,1028,0,0,0,0,0,1,1,0,0,0,140.6925996,0,0,0,0,3,1,1,0.2,40,0,0,0,3,1,1,0.002,200,0,0,0,0,0,0,0,0,0,0,0,0,0,0,0,0,0,0,0,0,0,0,0,0,0,0,0,0,0,0,0,0,0,0,0,0,0,0,0,0,0,0,0,0,0,0,0,0,0,0,0
1989,236,4,59,42.738,2,8,0,-1,0,0,1,1,50,0,0,0,1028,0,0,0,0,0,1,1,0,0,0,140.5745449,0,0,0,0,3,1,1,0.2,40,0,0,0,3,1,1,0.002,200,0,0,0,0,0,0,0,0,0,0,0,0,0,0,0,0,0,0,0,0,0,0,0,0,0,0,0,0,0,0,0,0,0,0,0,0,0,0,0,0,0,0,0,0,0,0,0,0,0,0,0
1989,236,5,0,5.658,2,8,0,-1,1,0,1,1,50,0,0,0,1028,0,0,0,0,0,1,1,0,0,0,140.5375194,0,0,0,0,3,1,1,0.2,40,0,0,0,3,1,1,0.002,200,0,0,0,0,0,0,0,0,0,0,0,0,0,0,0,0,0,0,0,0,0,0,0,0,0,0,0,0,0,0,0,0,0,0,0,0,0,0,0,0,0,0,0,0,0,0,0,0,0,0,0
1989,236,5,1,18.738,2,8,0,-1,0,0,1,1,50,0,0,0,1028,0,0,0,0,0,1,1,0,0,0,140.4194633,0,0,0,0,3,1,1,0.2,40,0,0,0,3,1,1,0.002,200,0,0,0,0,0,0,0,0,0,0,0,0,0,0,0,0,0,0,0,0,0,0,0,0,0,0,0,0,0,0,0,0,0,0,0,0,0,0,0,0,0,0,0,0,0,0,0,0,0,0,0
1989,236,5,1,41.658,2,8,0,-1,1,0,1,1,50,0,0,0,1028,0,0,0,0,0,1,1,0,0,0,140.3824372,0,0,0,0,3,1,1,0.2,40,0,0,0,3,1,1,0.002,200,0,0,0,0,0,0,0,0,0,0,0,0,0,0,0,0,0,0,0,0,0,0,0,0,0,0,0,0,0,0,0,0,0,0,0,0,0,0,0,0,0,0,0,0,0,0,0,0,0,0,0
1989,236,5,2,54.738,2,8,0,-1,0,0,1,1,50,0,0,0,1028,0,0,0,0,0,1,1,0,0,0,140.2643789,0,0,0,0,3,1,1,0.2,40,0,0,0,3,1,1,0.002,200,0,0,0,0,0,0,0,0,0,0,0,0,0,0,0,0,0,0,0,0,0,0,0,0,0,0,0,0,0,0,0,0,0,0,0,0,0,0,0,0,0,0,0,0,0,0,0,0,0,0,0
1989,236,5,3,17.657,2,8,0,-1,1,0,1,1,50,0,0,0,1028,0,0,0,0,0,1,1,0,0,0,140.2273529,0,0,0,0,3,1,1,0.2,40,0,0,0,3,1,1,0.002,200,0,0,0,0,0,0,0,0,0,0,0,0,0,0,0,0,0,0,0,0,0,0,0,0,0,0,0,0,0,0,0,0,0,0,0,0,0,0,0,0,0,0,0,0,0,0,0,0,0,0,0
1989,236,5,6,54.737,2,8,0,-1,0,0,1,1,50,0,0,0,1028,0,0,0,0,0,1,1,0,0,0,139.8766569,0,0,0,0,3,1,1,0.2,40,0,0,0,3,1,1,0.002,200,0,0,0,0,0,0,0,0,0,0,0,0,0,0,0,0,0,0,0,0,0,0,0,0,0,0,0,0,0,0,0,0,0,0,0,0,0,0,0,0,0,0,0,0,0,0,0,0,0,0,0
1989,236,5,7,17.657,2,8,0,-1,1,0,1,1,50,0,0,0,1028,0,0,0,0,0,1,1,0,0,0,139.8396284,0,0,0,0,3,1,1,0.2,40,0,0,0,3,1,1,0.002,200,0,0,0,0,0,0,0,0,0,0,0,0,0,0,0,0,0,0,0,0,0,0,0,0,0,0,0,0,0,0,0,0,0,0,0,0,0,0,0,0,0,0,0,0,0,0,0,0,0,0,0
1989,236,5,8,30.737,2,8,0,-1,0,0,1,1,50,0,0,0,1028,0,0,0,0,0,1,1,0,0,0,139.7215624,0,0,0,0,3,1,1,0.2,40,0,0,0,3,1,1,0.002,200,0,0,0,0,0,0,0,0,0,0,0,0,0,0,0,0,0,0,0,0,0,0,0,0,0,0,0,0,0,0,0,0,0,0,0,0,0,0,0,0,0,0,0,0,0,0,0,0,0,0,0
1989,236,5,8,53.657,2,8,0,-1,1,0,1,1,50,0,0,0,1028,0,0,0,0,0,1,1,0,0,0,139.6845332,0,0,0,0,3,1,1,0.2,40,0,0,0,3,1,1,0.002,200,0,0,0,0,0,0,0,0,0,0,0,0,0,0,0,0,0,0,0,0,0,0,0,0,0,0,0,0,0,0,0,0,0,0,0,0,0,0,0,0,0,0,0,0,0,0,0,0,0,0,0
1989,236,5,10,6.737,2,8,0,-1,0,0,1,1,50,0,0,0,1028,0,0,0,0,0,1,1,0,0,0,139.5664651,0,0,0,0,3,1,1,0.2,40,0,0,0,3,1,1,0.002,200,0,0,0,0,0,0,0,0,0,0,0,0,0,0,0,0,0,0,0,0,0,0,0,0,0,0,0,0,0,0,0,0,0,0,0,0,0,0,0,0,0,0,0,0,0,0,0,0,0,0,0
1989,236,5,10,29.657,2,8,0,-1,1,0,1,1,50,0,0,0,1028,0,0,0,0,0,1,1,0,0,0,139.5294352,0,0,0,0,3,1,1,0.2,40,0,0,0,3,1,1,0.002,200,0,0,0,0,0,0,0,0,0,0,0,0,0,0,0,0,0,0,0,0,0,0,0,0,0,0,0,0,0,0,0,0,0,0,0,0,0,0,0,0,0,0,0,0,0,0,0,0,0,0,0
1989,236,5,11,42.737,2,8,0,-1,0,0,1,1,50,0,0,0,1028,0,0,0,0,0,1,1,0,0,0,139.4113648,0,0,0,0,3,1,1,0.2,40,0,0,0,3,1,1,0.002,200,0,0,0,0,0,0,0,0,0,0,0,0,0,0,0,0,0,0,0,0,0,0,0,0,0,0,0,0,0,0,0,0,0,0,0,0,0,0,0,0,0,0,0,0,0,0,0,0,0,0,0
1989,236,5,12,5.657,2,8,0,-1,1,0,1,1,50,0,0,0,1028,0,0,0,0,0,1,1,0,0,0,139.3743342,0,0,0,0,3,1,1,0.2,40,0,0,0,3,1,1,0.002,200,0,0,0,0,0,0,0,0,0,0,0,0,0,0,0,0,0,0,0,0,0,0,0,0,0,0,0,0,0,0,0,0,0,0,0,0,0,0,0,0,0,0,0,0,0,0,0,0,0,0,0
1989,236,5,13,18.737,2,8,0,-1,0,0,1,1,50,0,0,0,1028,0,0,0,0,0,1,1,0,0,0,139.2562617,0,0,0,0,3,1,1,0.2,40,0,0,0,3,1,1,0.002,200,0,0,0,0,0,0,0,0,0,0,0,0,0,0,0,0,0,0,0,0,0,0,0,0,0,0,0,0,0,0,0,0,0,0,0,0,0,0,0,0,0,0,0,0,0,0,0,0,0,0,0
1989,236,5,13,41.657,2,8,0,-1,1,0,1,1,50,0,0,0,1028,0,0,0,0,0,1,1,0,0,0,139.2192304,0,0,0,0,3,1,1,0.2,40,0,0,0,3,1,1,0.002,200,0,0,0,0,0,0,0,0,0,0,0,0,0,0,0,0,0,0,0,0,0,0,0,0,0,0,0,0,0,0,0,0,0,0,0,0,0,0,0,0,0,0,0,0,0,0,0,0,0,0,0
1989,236,5,14,54.737,2,8,0,-1,0,0,1,1,50,0,0,0,1028,0,0,0,0,0,1,1,0,0,0,139.1011556,0,0,0,0,3,1,1,0.2,40,0,0,0,3,1,1,0.002,200,0,0,0,0,0,0,0,0,0,0,0,0,0,0,0,0,0,0,0,0,0,0,0,0,0,0,0,0,0,0,0,0,0,0,0,0,0,0,0,0,0,0,0,0,0,0,0,0,0,0,0
1989,236,5,15,17.657,2,8,0,-1,1,0,1,1,50,0,0,0,1028,0,0,0,0,0,1,1,0,0,0,139.0641236,0,0,0,0,3,1,1,0.2,40,0,0,0,3,1,1,0.002,200,0,0,0,0,0,0,0,0,0,0,0,0,0,0,0,0,0,0,0,0,0,0,0,0,0,0,0,0,0,0,0,0,0,0,0,0,0,0,0,0,0,0,0,0,0,0,0,0,0,0,0
1989,236,5,18,54.736,2,8,0,-1,0,0,1,1,50,0,0,0,1028,0,0,0,0,0,1,1,0,0,0,138.7133793,0,0,0,0,3,1,1,0.2,40,0,0,0,3,1,1,0.002,200,0,0,0,0,0,0,0,0,0,0,0,0,0,0,0,0,0,0,0,0,0,0,0,0,0,0,0,0,0,0,0,0,0,0,0,0,0,0,0,0,0,0,0,0,0,0,0,0,0,0,0
1989,236,5,19,17.656,2,8,0,-1,1,0,1,1,50,0,0,0,1028,0,0,0,0,0,1,1,0,0,0,138.6763455,0,0,0,0,3,1,1,0.2,40,0,0,0,3,1,1,0.002,200,0,0,0,0,0,0,0,0,0,0,0,0,0,0,0,0,0,0,0,0,0,0,0,0,0,0,0,0,0,0,0,0,0,0,0,0,0,0,0,0,0,0,0,0,0,0,0,0,0,0,0
1989,236,5,20,30.736,2,8,0,-1,0,0,1,1,50,0,0,0,1028,0,0,0,0,0,1,1,0,0,0,138.558263,0,0,0,0,3,1,1,0.2,40,0,0,0,3,1,1,0.002,200,0,0,0,0,0,0,0,0,0,0,0,0,0,0,0,0,0,0,0,0,0,0,0,0,0,0,0,0,0,0,0,0,0,0,0,0,0,0,0,0,0,0,0,0,0,0,0,0,0,0,0
1989,236,5,20,53.656,2,8,0,-1,1,0,1,1,50,0,0,0,1028,0,0,0,0,0,1,1,0,0,0,138.5212286,0,0,0,0,3,1,1,0.2,40,0,0,0,3,1,1,0.002,200,0,0,0,0,0,0,0,0,0,0,0,0,0,0,0,0,0,0,0,0,0,0,0,0,0,0,0,0,0,0,0,0,0,0,0,0,0,0,0,0,0,0,0,0,0,0,0,0,0,0,0
1989,236,5,22,6.736,2,8,0,-1,0,0,1,1,50,0,0,0,1028,0,0,0,0,0,1,1,0,0,0,138.4031438,0,0,0,0,3,1,1,0.2,40,0,0,0,3,1,1,0.002,200,0,0,0,0,0,0,0,0,0,0,0,0,0,0,0,0,0,0,0,0,0,0,0,0,0,0,0,0,0,0,0,0,0,0,0,0,0,0,0,0,0,0,0,0,0,0,0,0,0,0,0
1989,236,5,22,29.656,2,8,0,-1,1,0,1,1,50,0,0,0,1028,0,0,0,0,0,1,1,0,0,0,138.3661086,0,0,0,0,3,1,1,0.2,40,0,0,0,3,1,1,0.002,200,0,0,0,0,0,0,0,0,0,0,0,0,0,0,0,0,0,0,0,0,0,0,0,0,0,0,0,0,0,0,0,0,0,0,0,0,0,0,0,0,0,0,0,0,0,0,0,0,0,0,0
1989,236,5,23,42.736,2,8,0,-1,0,0,1,1,50,0,0,0,1028,0,0,0,0,0,1,1,0,0,0,138.2480216,0,0,0,0,3,1,1,0.2,40,0,0,0,3,1,1,0.002,200,0,0,0,0,0,0,0,0,0,0,0,0,0,0,0,0,0,0,0,0,0,0,0,0,0,0,0,0,0,0,0,0,0,0,0,0,0,0,0,0,0,0,0,0,0,0,0,0,0,0,0
1989,236,5,24,5.656,2,8,0,-1,1,0,1,1,50,0,0,0,1028,0,0,0,0,0,1,1,0,0,0,138.2109858,0,0,0,0,3,1,1,0.2,40,0,0,0,3,1,1,0.002,200,0,0,0,0,0,0,0,0,0,0,0,0,0,0,0,0,0,0,0,0,0,0,0,0,0,0,0,0,0,0,0,0,0,0,0,0,0,0,0,0,0,0,0,0,0,0,0,0,0,0,0
1989,236,5,25,18.736,2,8,0,-1,0,0,1,1,50,0,0,0,1028,0,0,0,0,0,1,1,0,0,0,138.0928965,0,0,0,0,3,1,1,0.2,40,0,0,0,3,1,1,0.002,200,0,0,0,0,0,0,0,0,0,0,0,0,0,0,0,0,0,0,0,0,0,0,0,0,0,0,0,0,0,0,0,0,0,0,0,0,0,0,0,0,0,0,0,0,0,0,0,0,0,0,0
1989,236,5,25,41.656,2,8,0,-1,1,0,1,1,50,0,0,0,1028,0,0,0,0,0,1,1,0,0,0,138.0558599,0,0,0,0,3,1,1,0.2,40,0,0,0,3,1,1,0.002,200,0,0,0,0,0,0,0,0,0,0,0,0,0,0,0,0,0,0,0,0,0,0,0,0,0,0,0,0,0,0,0,0,0,0,0,0,0,0,0,0,0,0,0,0,0,0,0,0,0,0,0
1989,236,5,26,54.736,2,8,0,-1,0,0,1,1,50,0,0,0,1028,0,0,0,0,0,1,1,0,0,0,137.9377684,0,0,0,0,3,1,1,0.2,40,0,0,0,3,1,1,0.002,200,0,0,0,0,0,0,0,0,0,0,0,0,0,0,0,0,0,0,0,0,0,0,0,0,0,0,0,0,0,0,0,0,0,0,0,0,0,0,0,0,0,0,0,0,0,0,0,0,0,0,0
1989,236,5,27,17.656,2,8,0,-1,1,0,1,1,50,0,0,0,1028,0,0,0,0,0,1,1,0,0,0,137.9007311,0,0,0,0,3,1,1,0.2,40,0,0,0,3,1,1,0.002,200,0,0,0,0,0,0,0,0,0,0,0,0,0,0,0,0,0,0,0,0,0,0,0,0,0,0,0,0,0,0,0,0,0,0,0,0,0,0,0,0,0,0,0,0,0,0,0,0,0,0,0
1989,236,5,30,54.736,2,8,0,-1,0,0,1,1,50,0,0,0,1028,0,0,0,0,0,1,1,0,0,0,137.5499352,0,0,0,0,3,1,1,0.2,40,0,0,0,3,1,1,0.002,200,0,0,0,0,0,0,0,0,0,0,0,0,0,0,0,0,0,0,0,0,0,0,0,0,0,0,0,0,0,0,0,0,0,0,0,0,0,0,0,0,0,0,0,0,0,0,0,0,0,0,0
1989,236,5,31,17.656,2,8,0,-1,1,0,1,1,50,0,0,0,1028,0,0,0,0,0,1,1,0,0,0,137.5128962,0,0,0,0,3,1,1,0.2,40,0,0,0,3,1,1,0.002,200,0,0,0,0,0,0,0,0,0,0,0,0,0,0,0,0,0,0,0,0,0,0,0,0,0,0,0,0,0,0,0,0,0,0,0,0,0,0,0,0,0,0,0,0,0,0,0,0,0,0,0
1989,236,5,32,30.735,2,8,0,-1,0,0,1,1,50,0,0,0,1028,0,0,0,0,0,1,1,0,0,0,137.3947984,0,0,0,0,3,1,1,0.2,40,0,0,0,3,1,1,0.002,200,0,0,0,0,0,0,0,0,0,0,0,0,0,0,0,0,0,0,0,0,0,0,0,0,0,0,0,0,0,0,0,0,0,0,0,0,0,0,0,0,0,0,0,0,0,0,0,0,0,0,0
1989,236,5,32,53.655,2,8,0,-1,1,0,1,1,50,0,0,0,1028,0,0,0,0,0,1,1,0,0,0,137.3577586,0,0,0,0,3,1,1,0.2,40,0,0,0,3,1,1,0.002,200,0,0,0,0,0,0,0,0,0,0,0,0,0,0,0,0,0,0,0,0,0,0,0,0,0,0,0,0,0,0,0,0,0,0,0,0,0,0,0,0,0,0,0,0,0,0,0,0,0,0,0
1989,236,5,34,6.735,2,8,0,-1,0,0,1,1,50,0,0,0,1028,0,0,0,0,0,1,1,0,0,0,137.2396569,0,0,0,0,3,1,1,0.2,40,0,0,0,3,1,1,0.002,200,0,0,0,0,0,0,0,0,0,0,0,0,0,0,0,0,0,0,0,0,0,0,0,0,0,0,0,0,0,0,0,0,0,0,0,0,0,0,0,0,0,0,0,0,0,0,0,0,0,0,0
1989,236,5,34,29.655,2,8,0,-1,1,0,1,1,50,0,0,0,1028,0,0,0,0,0,1,1,0,0,0,137.2026164,0,0,0,0,3,1,1,0.2,40,0,0,0,3,1,1,0.002,200,0,0,0,0,0,0,0,0,0,0,0,0,0,0,0,0,0,0,0,0,0,0,0,0,0,0,0,0,0,0,0,0,0,0,0,0,0,0,0,0,0,0,0,0,0,0,0,0,0,0,0
1989,236,5,35,42.735,2,8,0,-1,0,0,1,1,50,0,0,0,1028,0,0,0,0,0,1,1,0,0,0,137.0845124,0,0,0,0,3,1,1,0.2,40,0,0,0,3,1,1,0.002,200,0,0,0,0,0,0,0,0,0,0,0,0,0,0,0,0,0,0,0,0,0,0,0,0,0,0,0,0,0,0,0,0,0,0,0,0,0,0,0,0,0,0,0,0,0,0,0,0,0,0,0
1989,236,5,36,5.655,2,8,0,-1,1,0,1,1,50,0,0,0,1028,0,0,0,0,0,1,1,0,0,0,137.0474712,0,0,0,0,3,1,1,0.2,40,0,0,0,3,1,1,0.002,200,0,0,0,0,0,0,0,0,0,0,0,0,0,0,0,0,0,0,0,0,0,0,0,0,0,0,0,0,0,0,0,0,0,0,0,0,0,0,0,0,0,0,0,0,0,0,0,0,0,0,0
1989,236,5,37,18.735,2,8,0,-1,0,0,1,1,50,0,0,0,1028,0,0,0,0,0,1,1,0,0,0,136.929365,0,0,0,0,3,1,1,0.2,40,0,0,0,3,1,1,0.002,200,0,0,0,0,0,0,0,0,0,0,0,0,0,0,0,0,0,0,0,0,0,0,0,0,0,0,0,0,0,0,0,0,0,0,0,0,0,0,0,0,0,0,0,0,0,0,0,0,0,0,0
1989,236,5,37,41.655,2,8,0,-1,1,0,1,1,50,0,0,0,1028,0,0,0,0,0,1,1,0,0,0,136.8923231,0,0,0,0,3,1,1,0.2,40,0,0,0,3,1,1,0.002,200,0,0,0,0,0,0,0,0,0,0,0,0,0,0,0,0,0,0,0,0,0,0,0,0,0,0,0,0,0,0,0,0,0,0,0,0,0,0,0,0,0,0,0,0,0,0,0,0,0,0,0
1989,236,5,38,54.735,2,8,0,-1,0,0,1,1,50,0,0,0,1028,0,0,0,0,0,1,1,0,0,0,136.7742145,0,0,0,0,3,1,1,0.2,40,0,0,0,3,1,1,0.002,200,0,0,0,0,0,0,0,0,0,0,0,0,0,0,0,0,0,0,0,0,0,0,0,0,0,0,0,0,0,0,0,0,0,0,0,0,0,0,0,0,0,0,0,0,0,0,0,0,0,0,0
1989,236,5,39,17.655,2,8,0,-1,1,0,1,1,50,0,0,0,1028,0,0,0,0,0,1,1,0,0,0,136.7371719,0,0,0,0,3,1,1,0.2,40,0,0,0,3,1,1,0.002,200,0,0,0,0,0,0,0,0,0,0,0,0,0,0,0,0,0,0,0,0,0,0,0,0,0,0,0,0,0,0,0,0,0,0,0,0,0,0,0,0,0,0,0,0,0,0,0,0,0,0,0
1989,236,5,42,54.735,2,8,0,-1,0,0,1,1,50,0,0,0,1028,0,0,0,0,0,1,1,0,0,0,136.3863251,0,0,0,0,3,1,1,0.2,40,0,0,0,3,1,1,0.002,200,0,0,0,0,0,0,0,0,0,0,0,0,0,0,0,0,0,0,0,0,0,0,0,0,0,0,0,0,0,0,0,0,0,0,0,0,0,0,0,0,0,0,0,0,0,0,0,0,0,0,0
1989,236,5,43,17.655,2,8,0,-1,1,0,1,1,50,0,0,0,1028,0,0,0,0,0,1,1,0,0,0,136.3492807,0,0,0,0,3,1,1,0.2,40,0,0,0,3,1,1,0.002,200,0,0,0,0,0,0,0,0,0,0,0,0,0,0,0,0,0,0,0,0,0,0,0,0,0,0,0,0,0,0,0,0,0,0,0,0,0,0,0,0,0,0,0,0,0,0,0,0,0,0,0
1989,236,5,44,30.734,2,8,0,-1,0,0,1,1,50,0,0,0,1028,0,0,0,0,0,1,1,0,0,0,136.2311648,0,0,0,0,3,1,1,0.2,40,0,0,0,3,1,1,0.002,200,0,0,0,0,0,0,0,0,0,0,0,0,0,0,0,0,0,0,0,0,0,0,0,0,0,0,0,0,0,0,0,0,0,0,0,0,0,0,0,0,0,0,0,0,0,0,0,0,0,0,0
1989,236,5,44,53.654,2,8,0,-1,1,0,1,1,50,0,0,0,1028,0,0,0,0,0,1,1,0,0,0,136.1941205,0,0,0,0,3,1,1,0.2,40,0,0,0,3,1,1,0.002,200,0,0,0,0,0,0,0,0,0,0,0,0,0,0,0,0,0,0,0,0,0,0,0,0,0,0,0,0,0,0,0,0,0,0,0,0,0,0,0,0,0,0,0,0,0,0,0,0,0,0,0
1989,236,5,46,6.734,2,8,0,-1,0,0,1,1,50,0,0,0,1028,0,0,0,0,0,1,1,0,0,0,136.0760015,0,0,0,0,3,1,1,0.2,40,0,0,0,3,1,1,0.002,200,0,0,0,0,0,0,0,0,0,0,0,0,0,0,0,0,0,0,0,0,0,0,0,0,0,0,0,0,0,0,0,0,0,0,0,0,0,0,0,0,0,0,0,0,0,0,0,0,0,0,0
1989,236,5,46,29.654,2,8,0,-1,1,0,1,1,50,0,0,0,1028,0,0,0,0,0,1,1,0,0,0,136.0389565,0,0,0,0,3,1,1,0.2,40,0,0,0,3,1,1,0.002,200,0,0,0,0,0,0,0,0,0,0,0,0,0,0,0,0,0,0,0,0,0,0,0,0,0,0,0,0,0,0,0,0,0,0,0,0,0,0,0,0,0,0,0,0,0,0,0,0,0,0,0
1989,236,5,47,42.734,2,8,0,-1,0,0,1,1,50,0,0,0,1028,0,0,0,0,0,1,1,0,0,0,135.9208344,0,0,0,0,3,1,1,0.2,40,0,0,0,3,1,1,0.002,200,0,0,0,0,0,0,0,0,0,0,0,0,0,0,0,0,0,0,0,0,0,0,0,0,0,0,0,0,0,0,0,0,0,0,0,0,0,0,0,0,0,0,0,0,0,0,0,0,0,0,0
1989,236,5,48,5.654,2,8,0,-1,1,0,1,1,50,0,0,0,1028,0,0,0,0,0,1,1,0,0,0,135.8837878,0,0,0,0,3,1,1,0.2,40,0,0,0,3,1,1,0.002,200,0,0,0,0,0,0,0,0,0,0,0,0,0,0,0,0,0,0,0,0,0,0,0,0,0,0,0,0,0,0,0,0,0,0,0,0,0,0,0,0,0,0,0,0,0,0,0,0,0,0,0
1989,236,5,49,18.734,2,8,0,-1,0,0,1,1,50,0,0,0,1028,0,0,0,0,0,1,1,0,0,0,135.7656642,0,0,0,0,3,1,1,0.2,40,0,0,0,3,1,1,0.002,200,0,0,0,0,0,0,0,0,0,0,0,0,0,0,0,0,0,0,0,0,0,0,0,0,0,0,0,0,0,0,0,0,0,0,0,0,0,0,0,0,0,0,0,0,0,0,0,0,0,0,0
1989,236,5,49,41.653,2,8,0,-1,1,0,1,1,50,0,0,0,1028,0,0,0,0,0,1,1,0,0,0,135.7286185,0,0,0,0,3,1,1,0.2,40,0,0,0,3,1,1,0.002,200,0,0,0,0,0,0,0,0,0,0,0,0,0,0,0,0,0,0,0,0,0,0,0,0,0,0,0,0,0,0,0,0,0,0,0,0,0,0,0,0,0,0,0,0,0,0,0,0,0,0,0
1989,236,5,50,54.734,2,8,0,-1,0,0,1,1,50,0,0,0,1028,0,0,0,0,0,1,1,0,0,0,135.6104909,0,0,0,0,3,1,1,0.2,40,0,0,0,3,1,1,0.002,200,0,0,0,0,0,0,0,0,0,0,0,0,0,0,0,0,0,0,0,0,0,0,0,0,0,0,0,0,0,0,0,0,0,0,0,0,0,0,0,0,0,0,0,0,0,0,0,0,0,0,0
1989,236,5,51,17.654,2,8,0,-1,1,0,1,1,50,0,0,0,1028,0,0,0,0,0,1,1,0,0,0,135.5734428,0,0,0,0,3,1,1,0.2,40,0,0,0,3,1,1,0.002,200,0,0,0,0,0,0,0,0,0,0,0,0,0,0,0,0,0,0,0,0,0,0,0,0,0,0,0,0,0,0,0,0,0,0,0,0,0,0,0,0,0,0,0,0,0,0,0,0,0,0,0
1989,236,5,54,54.734,2,8,0,-1,0,0,1,1,50,0,0,0,1028,0,0,0,0,0,1,1,0,0,0,135.2225443,0,0,0,0,3,1,1,0.2,40,0,0,0,3,1,1,0.002,200,0,0,0,0,0,0,0,0,0,0,0,0,0,0,0,0,0,0,0,0,0,0,0,0,0,0,0,0,0,0,0,0,0,0,0,0,0,0,0,0,0,0,0,0,0,0,0,0,0,0,0
1989,236,5,55,17.654,2,8,0,-1,1,0,1,1,50,0,0,0,1028,0,0,0,0,0,1,1,0,0,0,135.1854944,0,0,0,0,3,1,1,0.2,40,0,0,0,3,1,1,0.002,200,0,0,0,0,0,0,0,0,0,0,0,0,0,0,0,0,0,0,0,0,0,0,0,0,0,0,0,0,0,0,0,0,0,0,0,0,0,0,0,0,0,0,0,0,0,0,0,0,0,0,0
1989,236,5,56,30.734,2,8,0,-1,0,0,1,1,50,0,0,0,1028,0,0,0,0,0,1,1,0,0,0,135.0673603,0,0,0,0,3,1,1,0.2,40,0,0,0,3,1,1,0.002,200,0,0,0,0,0,0,0,0,0,0,0,0,0,0,0,0,0,0,0,0,0,0,0,0,0,0,0,0,0,0,0,0,0,0,0,0,0,0,0,0,0,0,0,0,0,0,0,0,0,0,0
1989,236,5,56,53.654,2,8,0,-1,1,0,1,1,50,0,0,0,1028,0,0,0,0,0,1,1,0,0,0,135.0303104,0,0,0,0,3,1,1,0.2,40,0,0,0,3,1,1,0.002,200,0,0,0,0,0,0,0,0,0,0,0,0,0,0,0,0,0,0,0,0,0,0,0,0,0,0,0,0,0,0,0,0,0,0,0,0,0,0,0,0,0,0,0,0,0,0,0,0,0,0,0
1989,236,5,58,6.733,2,8,0,-1,0,0,1,1,50,0,0,0,1028,0,0,0,0,0,1,1,0,0,0,134.9121748,0,0,0,0,3,1,1,0.2,40,0,0,0,3,1,1,0.002,200,0,0,0,0,0,0,0,0,0,0,0,0,0,0,0,0,0,0,0,0,0,0,0,0,0,0,0,0,0,0,0,0,0,0,0,0,0,0,0,0,0,0,0,0,0,0,0,0,0,0,0
1989,236,5,58,29.652,2,8,0,-1,1,0,1,1,50,0,0,0,1028,0,0,0,0,0,1,1,0,0,0,134.8751242,0,0,0,0,3,1,1,0.2,40,0,0,0,3,1,1,0.002,200,0,0,0,0,0,0,0,0,0,0,0,0,0,0,0,0,0,0,0,0,0,0,0,0,0,0,0,0,0,0,0,0,0,0,0,0,0,0,0,0,0,0,0,0,0,0,0,0,0,0,0
1989,236,5,59,42.733,2,8,0,-1,0,0,1,1,50,0,0,0,1028,0,0,0,0,0,1,1,0,0,0,134.7569845,0,0,0,0,3,1,1,0.2,40,0,0,0,3,1,1,0.002,200,0,0,0,0,0,0,0,0,0,0,0,0,0,0,0,0,0,0,0,0,0,0,0,0,0,0,0,0,0,0,0,0,0,0,0,0,0,0,0,0,0,0,0,0,0,0,0,0,0,0,0
1989,236,6,0,5.653,2,8,0,-1,1,0,1,1,50,0,0,0,1028,0,0,0,0,0,1,1,0,0,0,134.7199324,0,0,0,0,3,1,1,0.2,40,0,0,0,3,1,1,0.002,200,0,0,0,0,0,0,0,0,0,0,0,0,0,0,0,0,0,0,0,0,0,0,0,0,0,0,0,0,0,0,0,0,0,0,0,0,0,0,0,0,0,0,0,0,0,0,0,0,0,0,0
1989,236,6,1,18.733,2,8,0,-1,0,0,1,1,50,0,0,0,1028,0,0,0,0,0,1,1,0,0,0,134.6017912,0,0,0,0,3,1,1,0.2,40,0,0,0,3,1,1,0.002,200,0,0,0,0,0,0,0,0,0,0,0,0,0,0,0,0,0,0,0,0,0,0,0,0,0,0,0,0,0,0,0,0,0,0,0,0,0,0,0,0,0,0,0,0,0,0,0,0,0,0,0
1989,236,6,1,41.652,2,8,0,-1,1,0,1,1,50,0,0,0,1028,0,0,0,0,0,1,1,0,0,0,134.5647399,0,0,0,0,3,1,1,0.2,40,0,0,0,3,1,1,0.002,200,0,0,0,0,0,0,0,0,0,0,0,0,0,0,0,0,0,0,0,0,0,0,0,0,0,0,0,0,0,0,0,0,0,0,0,0,0,0,0,0,0,0,0,0,0,0,0,0,0,0,0
1989,236,6,2,54.733,2,8,0,-1,0,0,1,1,50,0,0,0,1028,0,0,0,0,0,1,1,0,0,0,134.4465947,0,0,0,0,3,1,1,0.2,40,0,0,0,3,1,1,0.002,200,0,0,0,0,0,0,0,0,0,0,0,0,0,0,0,0,0,0,0,0,0,0,0,0,0,0,0,0,0,0,0,0,0,0,0,0,0,0,0,0,0,0,0,0,0,0,0,0,0,0,0
1989,236,6,3,17.653,2,8,0,-1,1,0,1,1,50,0,0,0,1028,0,0,0,0,0,1,1,0,0,0,134.4095411,0,0,0,0,3,1,1,0.2,40,0,0,0,3,1,1,0.002,200,0,0,0,0,0,0,0,0,0,0,0,0,0,0,0,0,0,0,0,0,0,0,0,0,0,0,0,0,0,0,0,0,0,0,0,0,0,0,0,0,0,0,0,0,0,0,0,0,0,0,0
1989,236,6,6,54.733,2,8,0,-1,0,0,1,1,50,0,0,0,1028,0,0,0,0,0,1,1,0,0,0,134.0585899,0,0,0,0,3,1,1,0.2,40,0,0,0,3,1,1,0.002,200,0,0,0,0,0,0,0,0,0,0,0,0,0,0,0,0,0,0,0,0,0,0,0,0,0,0,0,0,0,0,0,0,0,0,0,0,0,0,0,0,0,0,0,0,0,0,0,0,0,0,0
1989,236,6,7,17.653,2,8,0,-1,1,0,1,1,50,0,0,0,1028,0,0,0,0,0,1,1,0,0,0,134.0215344,0,0,0,0,3,1,1,0.2,40,0,0,0,3,1,1,0.002,200,0,0,0,0,0,0,0,0,0,0,0,0,0,0,0,0,0,0,0,0,0,0,0,0,0,0,0,0,0,0,0,0,0,0,0,0,0,0,0,0,0,0,0,0,0,0,0,0,0,0,0
1989,236,6,8,30.733,2,8,0,-1,0,0,1,1,50,0,0,0,1028,0,0,0,0,0,1,1,0,0,0,133.9033825,0,0,0,0,3,1,1,0.2,40,0,0,0,3,1,1,0.002,200,0,0,0,0,0,0,0,0,0,0,0,0,0,0,0,0,0,0,0,0,0,0,0,0,0,0,0,0,0,0,0,0,0,0,0,0,0,0,0,0,0,0,0,0,0,0,0,0,0,0,0
1989,236,6,8,53.653,2,8,0,-1,1,0,1,1,50,0,0,0,1028,0,0,0,0,0,1,1,0,0,0,133.866327,0,0,0,0,3,1,1,0.2,40,0,0,0,3,1,1,0.002,200,0,0,0,0,0,0,0,0,0,0,0,0,0,0,0,0,0,0,0,0,0,0,0,0,0,0,0,0,0,0,0,0,0,0,0,0,0,0,0,0,0,0,0,0,0,0,0,0,0,0,0
1989,236,6,10,6.732,2,8,0,-1,0,0,1,1,50,0,0,0,1028,0,0,0,0,0,1,1,0,0,0,133.7481727,0,0,0,0,3,1,1,0.2,40,0,0,0,3,1,1,0.002,200,0,0,0,0,0,0,0,0,0,0,0,0,0,0,0,0,0,0,0,0,0,0,0,0,0,0,0,0,0,0,0,0,0,0,0,0,0,0,0,0,0,0,0,0,0,0,0,0,0,0,0
1989,236,6,10,29.651,2,8,0,-1,1,0,1,1,50,0,0,0,1028,0,0,0,0,0,1,1,0,0,0,133.7111173,0,0,0,0,3,1,1,0.2,40,0,0,0,3,1,1,0.002,200,0,0,0,0,0,0,0,0,0,0,0,0,0,0,0,0,0,0,0,0,0,0,0,0,0,0,0,0,0,0,0,0,0,0,0,0,0,0,0,0,0,0,0,0,0,0,0,0,0,0,0
1989,236,6,11,42.732,2,8,0,-1,0,0,1,1,50,0,0,0,1028,0,0,0,0,0,1,1,0,0,0,133.5929598,0,0,0,0,3,1,1,0.2,40,0,0,0,3,1,1,0.002,200,0,0,0,0,0,0,0,0,0,0,0,0,0,0,0,0,0,0,0,0,0,0,0,0,0,0,0,0,0,0,0,0,0,0,0,0,0,0,0,0,0,0,0,0,0,0,0,0,0,0,0
1989,236,6,12,5.652,2,8,0,-1,1,0,1,1,50,0,0,0,1028,0,0,0,0,0,1,1,0,0,0,133.555902,0,0,0,0,3,1,1,0.2,40,0,0,0,3,1,1,0.002,200,0,0,0,0,0,0,0,0,0,0,0,0,0,0,0,0,0,0,0,0,0,0,0,0,0,0,0,0,0,0,0,0,0,0,0,0,0,0,0,0,0,0,0,0,0,0,0,0,0,0,0
1989,236,6,13,18.732,2,8,0,-1,0,0,1,1,50,0,0,0,1028,0,0,0,0,0,1,1,0,0,0,133.4377429,0,0,0,0,3,1,1,0.2,40,0,0,0,3,1,1,0.002,200,0,0,0,0,0,0,0,0,0,0,0,0,0,0,0,0,0,0,0,0,0,0,0,0,0,0,0,0,0,0,0,0,0,0,0,0,0,0,0,0,0,0,0,0,0,0,0,0,0,0,0
1989,236,6,13,41.651,2,8,0,-1,1,0,1,1,50,0,0,0,1028,0,0,0,0,0,1,1,0,0,0,133.400686,0,0,0,0,3,1,1,0.2,40,0,0,0,3,1,1,0.002,200,0,0,0,0,0,0,0,0,0,0,0,0,0,0,0,0,0,0,0,0,0,0,0,0,0,0,0,0,0,0,0,0,0,0,0,0,0,0,0,0,0,0,0,0,0,0,0,0,0,0,0
1989,236,6,14,54.732,2,8,0,-1,0,0,1,1,50,0,0,0,1028,0,0,0,0,0,1,1,0,0,0,133.2825228,0,0,0,0,3,1,1,0.2,40,0,0,0,3,1,1,0.002,200,0,0,0,0,0,0,0,0,0,0,0,0,0,0,0,0,0,0,0,0,0,0,0,0,0,0,0,0,0,0,0,0,0,0,0,0,0,0,0,0,0,0,0,0,0,0,0,0,0,0,0
1989,236,6,15,17.651,2,8,0,-1,1,0,1,1,50,0,0,0,1028,0,0,0,0,0,1,1,0,0,0,133.2454644,0,0,0,0,3,1,1,0.2,40,0,0,0,3,1,1,0.002,200,0,0,0,0,0,0,0,0,0,0,0,0,0,0,0,0,0,0,0,0,0,0,0,0,0,0,0,0,0,0,0,0,0,0,0,0,0,0,0,0,0,0,0,0,0,0,0,0,0,0,0
1989,236,6,18,54.732,2,8,0,-1,0,0,1,1,50,0,0,0,1028,0,0,0,0,0,1,1,0,0,0,132.8944587,0,0,0,0,3,1,1,0.2,40,0,0,0,3,1,1,0.002,200,0,0,0,0,0,0,0,0,0,0,0,0,0,0,0,0,0,0,0,0,0,0,0,0,0,0,0,0,0,0,0,0,0,0,0,0,0,0,0,0,0,0,0,0,0,0,0,0,0,0,0
1989,236,6,19,17.651,2,8,0,-1,1,0,1,1,50,0,0,0,1028,0,0,0,0,0,1,1,0,0,0,132.8573984,0,0,0,0,3,1,1,0.2,40,0,0,0,3,1,1,0.002,200,0,0,0,0,0,0,0,0,0,0,0,0,0,0,0,0,0,0,0,0,0,0,0,0,0,0,0,0,0,0,0,0,0,0,0,0,0,0,0,0,0,0,0,0,0,0,0,0,0,0,0
1989,236,6,20,30.732,2,8,0,-1,0,0,1,1,50,0,0,0,1028,0,0,0,0,0,1,1,0,0,0,132.7392275,0,0,0,0,3,1,1,0.2,40,0,0,0,3,1,1,0.002,200,0,0,0,0,0,0,0,0,0,0,0,0,0,0,0,0,0,0,0,0,0,0,0,0,0,0,0,0,0,0,0,0,0,0,0,0,0,0,0,0,0,0,0,0,0,0,0,0,0,0,0
1989,236,6,20,53.651,2,8,0,-1,1,0,1,1,50,0,0,0,1028,0,0,0,0,0,1,1,0,0,0,132.7021664,0,0,0,0,3,1,1,0.2,40,0,0,0,3,1,1,0.002,200,0,0,0,0,0,0,0,0,0,0,0,0,0,0,0,0,0,0,0,0,0,0,0,0,0,0,0,0,0,0,0,0,0,0,0,0,0,0,0,0,0,0,0,0,0,0,0,0,0,0,0
1989,236,6,22,6.732,2,8,0,-1,0,0,1,1,50,0,0,0,1028,0,0,0,0,0,1,1,0,0,0,132.583993,0,0,0,0,3,1,1,0.2,40,0,0,0,3,1,1,0.002,200,0,0,0,0,0,0,0,0,0,0,0,0,0,0,0,0,0,0,0,0,0,0,0,0,0,0,0,0,0,0,0,0,0,0,0,0,0,0,0,0,0,0,0,0,0,0,0,0,0,0,0
1989,236,6,22,29.651,2,8,0,-1,1,0,1,1,50,0,0,0,1028,0,0,0,0,0,1,1,0,0,0,132.546932,0,0,0,0,3,1,1,0.2,40,0,0,0,3,1,1,0.002,200,0,0,0,0,0,0,0,0,0,0,0,0,0,0,0,0,0,0,0,0,0,0,0,0,0,0,0,0,0,0,0,0,0,0,0,0,0,0,0,0,0,0,0,0,0,0,0,0,0,0,0
1989,236,6,23,42.731,2,8,0,-1,0,0,1,1,50,0,0,0,1028,0,0,0,0,0,1,1,0,0,0,132.428757,0,0,0,0,3,1,1,0.2,40,0,0,0,3,1,1,0.002,200,0,0,0,0,0,0,0,0,0,0,0,0,0,0,0,0,0,0,0,0,0,0,0,0,0,0,0,0,0,0,0,0,0,0,0,0,0,0,0,0,0,0,0,0,0,0,0,0,0,0,0
1989,236,6,24,5.651,2,8,0,-1,1,0,1,1,50,0,0,0,1028,0,0,0,0,0,1,1,0,0,0,132.3916935,0,0,0,0,3,1,1,0.2,40,0,0,0,3,1,1,0.002,200,0,0,0,0,0,0,0,0,0,0,0,0,0,0,0,0,0,0,0,0,0,0,0,0,0,0,0,0,0,0,0,0,0,0,0,0,0,0,0,0,0,0,0,0,0,0,0,0,0,0,0
1989,236,6,25,18.731,2,8,0,-1,0,0,1,1,50,0,0,0,1028,0,0,0,0,0,1,1,0,0,0,132.2735161,0,0,0,0,3,1,1,0.2,40,0,0,0,3,1,1,0.002,200,0,0,0,0,0,0,0,0,0,0,0,0,0,0,0,0,0,0,0,0,0,0,0,0,0,0,0,0,0,0,0,0,0,0,0,0,0,0,0,0,0,0,0,0,0,0,0,0,0,0,0
1989,236,6,25,41.65,2,8,0,-1,1,0,1,1,50,0,0,0,1028,0,0,0,0,0,1,1,0,0,0,132.2364535,0,0,0,0,3,1,1,0.2,40,0,0,0,3,1,1,0.002,200,0,0,0,0,0,0,0,0,0,0,0,0,0,0,0,0,0,0,0,0,0,0,0,0,0,0,0,0,0,0,0,0,0,0,0,0,0,0,0,0,0,0,0,0,0,0,0,0,0,0,0
1989,236,6,26,54.731,2,8,0,-1,0,0,1,1,50,0,0,0,1028,0,0,0,0,0,1,1,0,0,0,132.118272,0,0,0,0,3,1,1,0.2,40,0,0,0,3,1,1,0.002,200,0,0,0,0,0,0,0,0,0,0,0,0,0,0,0,0,0,0,0,0,0,0,0,0,0,0,0,0,0,0,0,0,0,0,0,0,0,0,0,0,0,0,0,0,0,0,0,0,0,0,0
1989,236,6,27,17.651,2,8,0,-1,1,0,1,1,50,0,0,0,1028,0,0,0,0,0,1,1,0,0,0,132.0812078,0,0,0,0,3,1,1,0.2,40,0,0,0,3,1,1,0.002,200,0,0,0,0,0,0,0,0,0,0,0,0,0,0,0,0,0,0,0,0,0,0,0,0,0,0,0,0,0,0,0,0,0,0,0,0,0,0,0,0,0,0,0,0,0,0,0,0,0,0,0
1989,236,6,30,54.731,2,8,0,-1,0,0,1,1,50,0,0,0,1028,0,0,0,0,0,1,1,0,0,0,131.7301476,0,0,0,0,3,1,1,0.2,40,0,0,0,3,1,1,0.002,200,0,0,0,0,0,0,0,0,0,0,0,0,0,0,0,0,0,0,0,0,0,0,0,0,0,0,0,0,0,0,0,0,0,0,0,0,0,0,0,0,0,0,0,0,0,0,0,0,0,0,0
1989,236,6,31,17.65,2,8,0,-1,1,0,1,1,50,0,0,0,1028,0,0,0,0,0,1,1,0,0,0,131.6930815,0,0,0,0,3,1,1,0.2,40,0,0,0,3,1,1,0.002,200,0,0,0,0,0,0,0,0,0,0,0,0,0,0,0,0,0,0,0,0,0,0,0,0,0,0,0,0,0,0,0,0,0,0,0,0,0,0,0,0,0,0,0,0,0,0,0,0,0,0,0
1989,236,6,32,30.731,2,8,0,-1,0,0,1,1,50,0,0,0,1028,0,0,0,0,0,1,1,0,0,0,131.5748921,0,0,0,0,3,1,1,0.2,40,0,0,0,3,1,1,0.002,200,0,0,0,0,0,0,0,0,0,0,0,0,0,0,0,0,0,0,0,0,0,0,0,0,0,0,0,0,0,0,0,0,0,0,0,0,0,0,0,0,0,0,0,0,0,0,0,0,0,0,0
1989,236,6,32,53.65,2,8,0,-1,1,0,1,1,50,0,0,0,1028,0,0,0,0,0,1,1,0,0,0,131.5378252,0,0,0,0,3,1,1,0.2,40,0,0,0,3,1,1,0.002,200,0,0,0,0,0,0,0,0,0,0,0,0,0,0,0,0,0,0,0,0,0,0,0,0,0,0,0,0,0,0,0,0,0,0,0,0,0,0,0,0,0,0,0,0,0,0,0,0,0,0,0
1989,236,6,34,6.731,2,8,0,-1,0,0,1,1,50,0,0,0,1028,0,0,0,0,0,1,1,0,0,0,131.4196334,0,0,0,0,3,1,1,0.2,40,0,0,0,3,1,1,0.002,200,0,0,0,0,0,0,0,0,0,0,0,0,0,0,0,0,0,0,0,0,0,0,0,0,0,0,0,0,0,0,0,0,0,0,0,0,0,0,0,0,0,0,0,0,0,0,0,0,0,0,0
1989,236,6,34,29.65,2,8,0,-1,1,0,1,1,50,0,0,0,1028,0,0,0,0,0,1,1,0,0,0,131.3825665,0,0,0,0,3,1,1,0.2,40,0,0,0,3,1,1,0.002,200,0,0,0,0,0,0,0,0,0,0,0,0,0,0,0,0,0,0,0,0,0,0,0,0,0,0,0,0,0,0,0,0,0,0,0,0,0,0,0,0,0,0,0,0,0,0,0,0,0,0,0
1989,236,6,35,42.73,2,8,0,-1,0,0,1,1,50,0,0,0,1028,0,0,0,0,0,1,1,0,0,0,131.2643722,0,0,0,0,3,1,1,0.2,40,0,0,0,3,1,1,0.002,200,0,0,0,0,0,0,0,0,0,0,0,0,0,0,0,0,0,0,0,0,0,0,0,0,0,0,0,0,0,0,0,0,0,0,0,0,0,0,0,0,0,0,0,0,0,0,0,0,0,0,0
1989,236,6,36,5.65,2,8,0,-1,1,0,1,1,50,0,0,0,1028,0,0,0,0,0,1,1,0,0,0,131.2273029,0,0,0,0,3,1,1,0.2,40,0,0,0,3,1,1,0.002,200,0,0,0,0,0,0,0,0,0,0,0,0,0,0,0,0,0,0,0,0,0,0,0,0,0,0,0,0,0,0,0,0,0,0,0,0,0,0,0,0,0,0,0,0,0,0,0,0,0,0,0
1989,236,6,37,18.73,2,8,0,-1,0,0,1,1,50,0,0,0,1028,0,0,0,0,0,1,1,0,0,0,131.1091077,0,0,0,0,3,1,1,0.2,40,0,0,0,3,1,1,0.002,200,0,0,0,0,0,0,0,0,0,0,0,0,0,0,0,0,0,0,0,0,0,0,0,0,0,0,0,0,0,0,0,0,0,0,0,0,0,0,0,0,0,0,0,0,0,0,0,0,0,0,0
1989,236,6,37,41.649,2,8,0,-1,1,0,1,1,50,0,0,0,1028,0,0,0,0,0,1,1,0,0,0,131.0720393,0,0,0,0,3,1,1,0.2,40,0,0,0,3,1,1,0.002,200,0,0,0,0,0,0,0,0,0,0,0,0,0,0,0,0,0,0,0,0,0,0,0,0,0,0,0,0,0,0,0,0,0,0,0,0,0,0,0,0,0,0,0,0,0,0,0,0,0,0,0
1989,236,6,38,54.73,2,8,0,-1,0,0,1,1,50,0,0,0,1028,0,0,0,0,0,1,1,0,0,0,130.9538392,0,0,0,0,3,1,1,0.2,40,0,0,0,3,1,1,0.002,200,0,0,0,0,0,0,0,0,0,0,0,0,0,0,0,0,0,0,0,0,0,0,0,0,0,0,0,0,0,0,0,0,0,0,0,0,0,0,0,0,0,0,0,0,0,0,0,0,0,0,0
1989,236,6,39,17.65,2,8,0,-1,1,0,1,1,50,0,0,0,1028,0,0,0,0,0,1,1,0,0,0,130.9167683,0,0,0,0,3,1,1,0.2,40,0,0,0,3,1,1,0.002,200,0,0,0,0,0,0,0,0,0,0,0,0,0,0,0,0,0,0,0,0,0,0,0,0,0,0,0,0,0,0,0,0,0,0,0,0,0,0,0,0,0,0,0,0,0,0,0,0,0,0,0
1989,236,6,42,54.73,2,8,0,-1,0,0,1,1,50,0,0,0,1028,0,0,0,0,0,1,1,0,0,0,130.5656533,0,0,0,0,3,1,1,0.2,40,0,0,0,3,1,1,0.002,200,0,0,0,0,0,0,0,0,0,0,0,0,0,0,0,0,0,0,0,0,0,0,0,0,0,0,0,0,0,0,0,0,0,0,0,0,0,0,0,0,0,0,0,0,0,0,0,0,0,0,0
1989,236,6,43,17.65,2,8,0,-1,1,0,1,1,50,0,0,0,1028,0,0,0,0,0,1,1,0,0,0,130.5285805,0,0,0,0,3,1,1,0.2,40,0,0,0,3,1,1,0.002,200,0,0,0,0,0,0,0,0,0,0,0,0,0,0,0,0,0,0,0,0,0,0,0,0,0,0,0,0,0,0,0,0,0,0,0,0,0,0,0,0,0,0,0,0,0,0,0,0,0,0,0
1989,236,6,44,30.73,2,8,0,-1,0,0,1,1,50,0,0,0,1028,0,0,0,0,0,1,1,0,0,0,130.4103732,0,0,0,0,3,1,1,0.2,40,0,0,0,3,1,1,0.002,200,0,0,0,0,0,0,0,0,0,0,0,0,0,0,0,0,0,0,0,0,0,0,0,0,0,0,0,0,0,0,0,0,0,0,0,0,0,0,0,0,0,0,0,0,0,0,0,0,0,0,0
1989,236,6,44,53.65,2,8,0,-1,1,0,1,1,50,0,0,0,1028,0,0,0,0,0,1,1,0,0,0,130.3733003,0,0,0,0,3,1,1,0.2,40,0,0,0,3,1,1,0.002,200,0,0,0,0,0,0,0,0,0,0,0,0,0,0,0,0,0,0,0,0,0,0,0,0,0,0,0,0,0,0,0,0,0,0,0,0,0,0,0,0,0,0,0,0,0,0,0,0,0,0,0
1989,236,6,46,6.73,2,8,0,-1,0,0,1,1,50,0,0,0,1028,0,0,0,0,0,1,1,0,0,0,130.2550897,0,0,0,0,3,1,1,0.2,40,0,0,0,3,1,1,0.002,200,0,0,0,0,0,0,0,0,0,0,0,0,0,0,0,0,0,0,0,0,0,0,0,0,0,0,0,0,0,0,0,0,0,0,0,0,0,0,0,0,0,0,0,0,0,0,0,0,0,0,0
1989,236,6,46,29.65,2,8,0,-1,1,0,1,1,50,0,0,0,1028,0,0,0,0,0,1,1,0,0,0,130.2180161,0,0,0,0,3,1,1,0.2,40,0,0,0,3,1,1,0.002,200,0,0,0,0,0,0,0,0,0,0,0,0,0,0,0,0,0,0,0,0,0,0,0,0,0,0,0,0,0,0,0,0,0,0,0,0,0,0,0,0,0,0,0,0,0,0,0,0,0,0,0
1989,236,6,47,42.73,2,8,0,-1,0,0,1,1,50,0,0,0,1028,0,0,0,0,0,1,1,0,0,0,130.0998029,0,0,0,0,3,1,1,0.2,40,0,0,0,3,1,1,0.002,200,0,0,0,0,0,0,0,0,0,0,0,0,0,0,0,0,0,0,0,0,0,0,0,0,0,0,0,0,0,0,0,0,0,0,0,0,0,0,0,0,0,0,0,0,0,0,0,0,0,0,0
1989,236,6,48,5.65,2,8,0,-1,1,0,1,1,50,0,0,0,1028,0,0,0,0,0,1,1,0,0,0,130.0627277,0,0,0,0,3,1,1,0.2,40,0,0,0,3,1,1,0.002,200,0,0,0,0,0,0,0,0,0,0,0,0,0,0,0,0,0,0,0,0,0,0,0,0,0,0,0,0,0,0,0,0,0,0,0,0,0,0,0,0,0,0,0,0,0,0,0,0,0,0,0
1989,236,6,49,18.729,2,8,0,-1,0,0,1,1,50,0,0,0,1028,0,0,0,0,0,1,1,0,0,0,129.9445144,0,0,0,0,3,1,1,0.2,40,0,0,0,3,1,1,0.002,200,0,0,0,0,0,0,0,0,0,0,0,0,0,0,0,0,0,0,0,0,0,0,0,0,0,0,0,0,0,0,0,0,0,0,0,0,0,0,0,0,0,0,0,0,0,0,0,0,0,0,0
1989,236,6,49,41.648,2,8,0,-1,1,0,1,1,50,0,0,0,1028,0,0,0,0,0,1,1,0,0,0,129.90744,0,0,0,0,3,1,1,0.2,40,0,0,0,3,1,1,0.002,200,0,0,0,0,0,0,0,0,0,0,0,0,0,0,0,0,0,0,0,0,0,0,0,0,0,0,0,0,0,0,0,0,0,0,0,0,0,0,0,0,0,0,0,0,0,0,0,0,0,0,0
1989,236,6,50,54.729,2,8,0,-1,0,0,1,1,50,0,0,0,1028,0,0,0,0,0,1,1,0,0,0,129.7892209,0,0,0,0,3,1,1,0.2,40,0,0,0,3,1,1,0.002,200,0,0,0,0,0,0,0,0,0,0,0,0,0,0,0,0,0,0,0,0,0,0,0,0,0,0,0,0,0,0,0,0,0,0,0,0,0,0,0,0,0,0,0,0,0,0,0,0,0,0,0
1989,236,6,51,17.649,2,8,0,-1,1,0,1,1,50,0,0,0,1028,0,0,0,0,0,1,1,0,0,0,129.752144,0,0,0,0,3,1,1,0.2,40,0,0,0,3,1,1,0.002,200,0,0,0,0,0,0,0,0,0,0,0,0,0,0,0,0,0,0,0,0,0,0,0,0,0,0,0,0,0,0,0,0,0,0,0,0,0,0,0,0,0,0,0,0,0,0,0,0,0,0,0
1989,236,6,54,54.729,2,8,0,-1,0,0,1,1,50,0,0,0,1028,0,0,0,0,0,1,1,0,0,0,129.4009724,0,0,0,0,3,1,1,0.2,40,0,0,0,3,1,1,0.002,200,0,0,0,0,0,0,0,0,0,0,0,0,0,0,0,0,0,0,0,0,0,0,0,0,0,0,0,0,0,0,0,0,0,0,0,0,0,0,0,0,0,0,0,0,0,0,0,0,0,0,0
1989,236,6,55,17.649,2,8,0,-1,1,0,1,1,50,0,0,0,1028,0,0,0,0,0,1,1,0,0,0,129.3638936,0,0,0,0,3,1,1,0.2,40,0,0,0,3,1,1,0.002,200,0,0,0,0,0,0,0,0,0,0,0,0,0,0,0,0,0,0,0,0,0,0,0,0,0,0,0,0,0,0,0,0,0,0,0,0,0,0,0,0,0,0,0,0,0,0,0,0,0,0,0
1989,236,6,56,30.729,2,8,0,-1,0,0,1,1,50,0,0,0,1028,0,0,0,0,0,1,1,0,0,0,129.2456672,0,0,0,0,3,1,1,0.2,40,0,0,0,3,1,1,0.002,200,0,0,0,0,0,0,0,0,0,0,0,0,0,0,0,0,0,0,0,0,0,0,0,0,0,0,0,0,0,0,0,0,0,0,0,0,0,0,0,0,0,0,0,0,0,0,0,0,0,0,0
1989,236,6,56,53.649,2,8,0,-1,1,0,1,1,50,0,0,0,1028,0,0,0,0,0,1,1,0,0,0,129.2085883,0,0,0,0,3,1,1,0.2,40,0,0,0,3,1,1,0.002,200,0,0,0,0,0,0,0,0,0,0,0,0,0,0,0,0,0,0,0,0,0,0,0,0,0,0,0,0,0,0,0,0,0,0,0,0,0,0,0,0,0,0,0,0,0,0,0,0,0,0,0
1989,236,6,58,6.729,2,8,0,-1,0,0,1,1,50,0,0,0,1028,0,0,0,0,0,1,1,0,0,0,129.0903585,0,0,0,0,3,1,1,0.2,40,0,0,0,3,1,1,0.002,200,0,0,0,0,0,0,0,0,0,0,0,0,0,0,0,0,0,0,0,0,0,0,0,0,0,0,0,0,0,0,0,0,0,0,0,0,0,0,0,0,0,0,0,0,0,0,0,0,0,0,0
1989,236,6,58,29.649,2,8,0,-1,1,0,1,1,50,0,0,0,1028,0,0,0,0,0,1,1,0,0,0,129.0532789,0,0,0,0,3,1,1,0.2,40,0,0,0,3,1,1,0.002,200,0,0,0,0,0,0,0,0,0,0,0,0,0,0,0,0,0,0,0,0,0,0,0,0,0,0,0,0,0,0,0,0,0,0,0,0,0,0,0,0,0,0,0,0,0,0,0,0,0,0,0
1989,236,6,59,42.729,2,8,0,-1,0,0,1,1,50,0,0,0,1028,0,0,0,0,0,1,1,0,0,0,128.9350464,0,0,0,0,3,1,1,0.2,40,0,0,0,3,1,1,0.002,200,0,0,0,0,0,0,0,0,0,0,0,0,0,0,0,0,0,0,0,0,0,0,0,0,0,0,0,0,0,0,0,0,0,0,0,0,0,0,0,0,0,0,0,0,0,0,0,0,0,0,0
1989,236,7,0,5.649,2,8,0,-1,1,0,1,1,50,0,0,0,1028,0,0,0,0,0,1,1,0,0,0,128.8979652,0,0,0,0,3,1,1,0.2,40,0,0,0,3,1,1,0.002,200,0,0,0,0,0,0,0,0,0,0,0,0,0,0,0,0,0,0,0,0,0,0,0,0,0,0,0,0,0,0,0,0,0,0,0,0,0,0,0,0,0,0,0,0,0,0,0,0,0,0,0
1989,236,7,1,18.728,2,8,0,-1,0,0,1,1,50,0,0,0,1028,0,0,0,0,0,1,1,0,0,0,128.7797318,0,0,0,0,3,1,1,0.2,40,0,0,0,3,1,1,0.002,200,0,0,0,0,0,0,0,0,0,0,0,0,0,0,0,0,0,0,0,0,0,0,0,0,0,0,0,0,0,0,0,0,0,0,0,0,0,0,0,0,0,0,0,0,0,0,0,0,0,0,0
1989,236,7,1,41.647,2,8,0,-1,1,0,1,1,50,0,0,0,1028,0,0,0,0,0,1,1,0,0,0,128.7426513,0,0,0,0,3,1,1,0.2,40,0,0,0,3,1,1,0.002,200,0,0,0,0,0,0,0,0,0,0,0,0,0,0,0,0,0,0,0,0,0,0,0,0,0,0,0,0,0,0,0,0,0,0,0,0,0,0,0,0,0,0,0,0,0,0,0,0,0,0,0
1989,236,7,2,54.728,2,8,0,-1,0,0,1,1,50,0,0,0,1028,0,0,0,0,0,1,1,0,0,0,128.6244137,0,0,0,0,3,1,1,0.2,40,0,0,0,3,1,1,0.002,200,0,0,0,0,0,0,0,0,0,0,0,0,0,0,0,0,0,0,0,0,0,0,0,0,0,0,0,0,0,0,0,0,0,0,0,0,0,0,0,0,0,0,0,0,0,0,0,0,0,0,0
1989,236,7,3,17.648,2,8,0,-1,1,0,1,1,50,0,0,0,1028,0,0,0,0,0,1,1,0,0,0,128.5873308,0,0,0,0,3,1,1,0.2,40,0,0,0,3,1,1,0.002,200,0,0,0,0,0,0,0,0,0,0,0,0,0,0,0,0,0,0,0,0,0,0,0,0,0,0,0,0,0,0,0,0,0,0,0,0,0,0,0,0,0,0,0,0,0,0,0,0,0,0,0
1989,236,7,6,54.728,2,8,0,-1,0,0,1,1,50,0,0,0,1028,0,0,0,0,0,1,1,0,0,0,128.2361015,0,0,0,0,3,1,1,0.2,40,0,0,0,3,1,1,0.002,200,0,0,0,0,0,0,0,0,0,0,0,0,0,0,0,0,0,0,0,0,0,0,0,0,0,0,0,0,0,0,0,0,0,0,0,0,0,0,0,0,0,0,0,0,0,0,0,0,0,0,0
1989,236,7,7,17.648,2,8,0,-1,1,0,1,1,50,0,0,0,1028,0,0,0,0,0,1,1,0,0,0,128.1990166,0,0,0,0,3,1,1,0.2,40,0,0,0,3,1,1,0.002,200,0,0,0,0,0,0,0,0,0,0,0,0,0,0,0,0,0,0,0,0,0,0,0,0,0,0,0,0,0,0,0,0,0,0,0,0,0,0,0,0,0,0,0,0,0,0,0,0,0,0,0
1989,236,7,8,30.728,2,8,0,-1,0,0,1,1,50,0,0,0,1028,0,0,0,0,0,1,1,0,0,0,128.0807707,0,0,0,0,3,1,1,0.2,40,0,0,0,3,1,1,0.002,200,0,0,0,0,0,0,0,0,0,0,0,0,0,0,0,0,0,0,0,0,0,0,0,0,0,0,0,0,0,0,0,0,0,0,0,0,0,0,0,0,0,0,0,0,0,0,0,0,0,0,0
1989,236,7,8,53.648,2,8,0,-1,1,0,1,1,50,0,0,0,1028,0,0,0,0,0,1,1,0,0,0,128.0436849,0,0,0,0,3,1,1,0.2,40,0,0,0,3,1,1,0.002,200,0,0,0,0,0,0,0,0,0,0,0,0,0,0,0,0,0,0,0,0,0,0,0,0,0,0,0,0,0,0,0,0,0,0,0,0,0,0,0,0,0,0,0,0,0,0,0,0,0,0,0
1989,236,7,10,6.728,2,8,0,-1,0,0,1,1,50,0,0,0,1028,0,0,0,0,0,1,1,0,0,0,127.9254363,0,0,0,0,3,1,1,0.2,40,0,0,0,3,1,1,0.002,200,0,0,0,0,0,0,0,0,0,0,0,0,0,0,0,0,0,0,0,0,0,0,0,0,0,0,0,0,0,0,0,0,0,0,0,0,0,0,0,0,0,0,0,0,0,0,0,0,0,0,0
1989,236,7,10,29.647,2,8,0,-1,1,0,1,1,50,0,0,0,1028,0,0,0,0,0,1,1,0,0,0,127.8883506,0,0,0,0,3,1,1,0.2,40,0,0,0,3,1,1,0.002,200,0,0,0,0,0,0,0,0,0,0,0,0,0,0,0,0,0,0,0,0,0,0,0,0,0,0,0,0,0,0,0,0,0,0,0,0,0,0,0,0,0,0,0,0,0,0,0,0,0,0,0
1989,236,7,11,42.728,2,8,0,-1,0,0,1,1,50,0,0,0,1028,0,0,0,0,0,1,1,0,0,0,127.7700985,0,0,0,0,3,1,1,0.2,40,0,0,0,3,1,1,0.002,200,0,0,0,0,0,0,0,0,0,0,0,0,0,0,0,0,0,0,0,0,0,0,0,0,0,0,0,0,0,0,0,0,0,0,0,0,0,0,0,0,0,0,0,0,0,0,0,0,0,0,0
1989,236,7,12,5.648,2,8,0,-1,1,0,1,1,50,0,0,0,1028,0,0,0,0,0,1,1,0,0,0,127.7330111,0,0,0,0,3,1,1,0.2,40,0,0,0,3,1,1,0.002,200,0,0,0,0,0,0,0,0,0,0,0,0,0,0,0,0,0,0,0,0,0,0,0,0,0,0,0,0,0,0,0,0,0,0,0,0,0,0,0,0,0,0,0,0,0,0,0,0,0,0,0
1989,236,7,13,18.728,2,8,0,-1,0,0,1,1,50,0,0,0,1028,0,0,0,0,0,1,1,0,0,0,127.6147573,0,0,0,0,3,1,1,0.2,40,0,0,0,3,1,1,0.002,200,0,0,0,0,0,0,0,0,0,0,0,0,0,0,0,0,0,0,0,0,0,0,0,0,0,0,0,0,0,0,0,0,0,0,0,0,0,0,0,0,0,0,0,0,0,0,0,0,0,0,0
1989,236,7,13,41.648,2,8,0,-1,1,0,1,1,50,0,0,0,1028,0,0,0,0,0,1,1,0,0,0,127.5776699,0,0,0,0,3,1,1,0.2,40,0,0,0,3,1,1,0.002,200,0,0,0,0,0,0,0,0,0,0,0,0,0,0,0,0,0,0,0,0,0,0,0,0,0,0,0,0,0,0,0,0,0,0,0,0,0,0,0,0,0,0,0,0,0,0,0,0,0,0,0
1989,236,7,14,54.727,2,8,0,-1,0,0,1,1,50,0,0,0,1028,0,0,0,0,0,1,1,0,0,0,127.4594134,0,0,0,0,3,1,1,0.2,40,0,0,0,3,1,1,0.002,200,0,0,0,0,0,0,0,0,0,0,0,0,0,0,0,0,0,0,0,0,0,0,0,0,0,0,0,0,0,0,0,0,0,0,0,0,0,0,0,0,0,0,0,0,0,0,0,0,0,0,0
1989,236,7,15,17.647,2,8,0,-1,1,0,1,1,50,0,0,0,1028,0,0,0,0,0,1,1,0,0,0,127.4223243,0,0,0,0,3,1,1,0.2,40,0,0,0,3,1,1,0.002,200,0,0,0,0,0,0,0,0,0,0,0,0,0,0,0,0,0,0,0,0,0,0,0,0,0,0,0,0,0,0,0,0,0,0,0,0,0,0,0,0,0,0,0,0,0,0,0,0,0,0,0
1989,236,7,18,54.727,2,8,0,-1,0,0,1,1,50,0,0,0,1028,0,0,0,0,0,1,1,0,0,0,127.0710371,0,0,0,0,3,1,1,0.2,40,0,0,0,3,1,1,0.002,200,0,0,0,0,0,0,0,0,0,0,0,0,0,0,0,0,0,0,0,0,0,0,0,0,0,0,0,0,0,0,0,0,0,0,0,0,0,0,0,0,0,0,0,0,0,0,0,0,0,0,0
1989,236,7,19,17.647,2,8,0,-1,1,0,1,1,50,0,0,0,1028,0,0,0,0,0,1,1,0,0,0,127.0339459,0,0,0,0,3,1,1,0.2,40,0,0,0,3,1,1,0.002,200,0,0,0,0,0,0,0,0,0,0,0,0,0,0,0,0,0,0,0,0,0,0,0,0,0,0,0,0,0,0,0,0,0,0,0,0,0,0,0,0,0,0,0,0,0,0,0,0,0,0,0
1989,236,7,20,30.727,2,8,0,-1,0,0,1,1,50,0,0,0,1028,0,0,0,0,0,1,1,0,0,0,126.9156801,0,0,0,0,3,1,1,0.2,40,0,0,0,3,1,1,0.002,200,0,0,0,0,0,0,0,0,0,0,0,0,0,0,0,0,0,0,0,0,0,0,0,0,0,0,0,0,0,0,0,0,0,0,0,0,0,0,0,0,0,0,0,0,0,0,0,0,0,0,0
1989,236,7,20,53.647,2,8,0,-1,1,0,1,1,50,0,0,0,1028,0,0,0,0,0,1,1,0,0,0,126.8785881,0,0,0,0,3,1,1,0.2,40,0,0,0,3,1,1,0.002,200,0,0,0,0,0,0,0,0,0,0,0,0,0,0,0,0,0,0,0,0,0,0,0,0,0,0,0,0,0,0,0,0,0,0,0,0,0,0,0,0,0,0,0,0,0,0,0,0,0,0,0
1989,236,7,22,6.727,2,8,0,-1,0,0,1,1,50,0,0,0,1028,0,0,0,0,0,1,1,0,0,0,126.7603196,0,0,0,0,3,1,1,0.2,40,0,0,0,3,1,1,0.002,200,0,0,0,0,0,0,0,0,0,0,0,0,0,0,0,0,0,0,0,0,0,0,0,0,0,0,0,0,0,0,0,0,0,0,0,0,0,0,0,0,0,0,0,0,0,0,0,0,0,0,0
1989,236,7,22,29.647,2,8,0,-1,1,0,1,1,50,0,0,0,1028,0,0,0,0,0,1,1,0,0,0,126.7232268,0,0,0,0,3,1,1,0.2,40,0,0,0,3,1,1,0.002,200,0,0,0,0,0,0,0,0,0,0,0,0,0,0,0,0,0,0,0,0,0,0,0,0,0,0,0,0,0,0,0,0,0,0,0,0,0,0,0,0,0,0,0,0,0,0,0,0,0,0,0
1989,236,7,23,42.727,2,8,0,-1,0,0,1,1,50,0,0,0,1028,0,0,0,0,0,1,1,0,0,0,126.6049556,0,0,0,0,3,1,1,0.2,40,0,0,0,3,1,1,0.002,200,0,0,0,0,0,0,0,0,0,0,0,0,0,0,0,0,0,0,0,0,0,0,0,0,0,0,0,0,0,0,0,0,0,0,0,0,0,0,0,0,0,0,0,0,0,0,0,0,0,0,0
1989,236,7,24,5.647,2,8,0,-1,1,0,1,1,50,0,0,0,1028,0,0,0,0,0,1,1,0,0,0,126.567862,0,0,0,0,3,1,1,0.2,40,0,0,0,3,1,1,0.002,200,0,0,0,0,0,0,0,0,0,0,0,0,0,0,0,0,0,0,0,0,0,0,0,0,0,0,0,0,0,0,0,0,0,0,0,0,0,0,0,0,0,0,0,0,0,0,0,0,0,0,0
1989,236,7,25,18.727,2,8,0,-1,0,0,1,1,50,0,0,0,1028,0,0,0,0,0,1,1,0,0,0,126.4495881,0,0,0,0,3,1,1,0.2,40,0,0,0,3,1,1,0.002,200,0,0,0,0,0,0,0,0,0,0,0,0,0,0,0,0,0,0,0,0,0,0,0,0,0,0,0,0,0,0,0,0,0,0,0,0,0,0,0,0,0,0,0,0,0,0,0,0,0,0,0
1989,236,7,25,41.647,2,8,0,-1,1,0,1,1,50,0,0,0,1028,0,0,0,0,0,1,1,0,0,0,126.4124936,0,0,0,0,3,1,1,0.2,40,0,0,0,3,1,1,0.002,200,0,0,0,0,0,0,0,0,0,0,0,0,0,0,0,0,0,0,0,0,0,0,0,0,0,0,0,0,0,0,0,0,0,0,0,0,0,0,0,0,0,0,0,0,0,0,0,0,0,0,0
1989,236,7,26,54.727,2,8,0,-1,0,0,1,1,50,0,0,0,1028,0,0,0,0,0,1,1,0,0,0,126.294217,0,0,0,0,3,1,1,0.2,40,0,0,0,3,1,1,0.002,200,0,0,0,0,0,0,0,0,0,0,0,0,0,0,0,0,0,0,0,0,0,0,0,0,0,0,0,0,0,0,0,0,0,0,0,0,0,0,0,0,0,0,0,0,0,0,0,0,0,0,0
1989,236,7,27,17.647,2,8,0,-1,1,0,1,1,50,0,0,0,1028,0,0,0,0,0,1,1,0,0,0,126.2571217,0,0,0,0,3,1,1,0.2,40,0,0,0,3,1,1,0.002,200,0,0,0,0,0,0,0,0,0,0,0,0,0,0,0,0,0,0,0,0,0,0,0,0,0,0,0,0,0,0,0,0,0,0,0,0,0,0,0,0,0,0,0,0,0,0,0,0,0,0,0
1989,236,7,30,54.726,2,8,0,-1,0,0,1,1,50,0,0,0,1028,0,0,0,0,0,1,1,0,0,0,125.9057754,0,0,0,0,3,1,1,0.2,40,0,0,0,3,1,1,0.002,200,0,0,0,0,0,0,0,0,0,0,0,0,0,0,0,0,0,0,0,0,0,0,0,0,0,0,0,0,0,0,0,0,0,0,0,0,0,0,0,0,0,0,0,0,0,0,0,0,0,0,0
1989,236,7,31,17.646,2,8,0,-1,1,0,1,1,50,0,0,0,1028,0,0,0,0,0,1,1,0,0,0,125.8686779,0,0,0,0,3,1,1,0.2,40,0,0,0,3,1,1,0.002,200,0,0,0,0,0,0,0,0,0,0,0,0,0,0,0,0,0,0,0,0,0,0,0,0,0,0,0,0,0,0,0,0,0,0,0,0,0,0,0,0,0,0,0,0,0,0,0,0,0,0,0
1989,236,7,32,30.726,2,8,0,-1,0,0,1,1,50,0,0,0,1028,0,0,0,0,0,1,1,0,0,0,125.7503919,0,0,0,0,3,1,1,0.2,40,0,0,0,3,1,1,0.002,200,0,0,0,0,0,0,0,0,0,0,0,0,0,0,0,0,0,0,0,0,0,0,0,0,0,0,0,0,0,0,0,0,0,0,0,0,0,0,0,0,0,0,0,0,0,0,0,0,0,0,0
1989,236,7,32,53.646,2,8,0,-1,1,0,1,1,50,0,0,0,1028,0,0,0,0,0,1,1,0,0,0,125.7132935,0,0,0,0,3,1,1,0.2,40,0,0,0,3,1,1,0.002,200,0,0,0,0,0,0,0,0,0,0,0,0,0,0,0,0,0,0,0,0,0,0,0,0,0,0,0,0,0,0,0,0,0,0,0,0,0,0,0,0,0,0,0,0,0,0,0,0,0,0,0
1989,236,7,34,6.726,2,8,0,-1,0,0,1,1,50,0,0,0,1028,0,0,0,0,0,1,1,0,0,0,125.5950047,0,0,0,0,3,1,1,0.2,40,0,0,0,3,1,1,0.002,200,0,0,0,0,0,0,0,0,0,0,0,0,0,0,0,0,0,0,0,0,0,0,0,0,0,0,0,0,0,0,0,0,0,0,0,0,0,0,0,0,0,0,0,0,0,0,0,0,0,0,0
1989,236,7,34,29.646,2,8,0,-1,1,0,1,1,50,0,0,0,1028,0,0,0,0,0,1,1,0,0,0,125.5579055,0,0,0,0,3,1,1,0.2,40,0,0,0,3,1,1,0.002,200,0,0,0,0,0,0,0,0,0,0,0,0,0,0,0,0,0,0,0,0,0,0,0,0,0,0,0,0,0,0,0,0,0,0,0,0,0,0,0,0,0,0,0,0,0,0,0,0,0,0,0
1989,236,7,35,42.726,2,8,0,-1,0,0,1,1,50,0,0,0,1028,0,0,0,0,0,1,1,0,0,0,125.439614,0,0,0,0,3,1,1,0.2,40,0,0,0,3,1,1,0.002,200,0,0,0,0,0,0,0,0,0,0,0,0,0,0,0,0,0,0,0,0,0,0,0,0,0,0,0,0,0,0,0,0,0,0,0,0,0,0,0,0,0,0,0,0,0,0,0,0,0,0,0
1989,236,7,36,5.646,2,8,0,-1,1,0,1,1,50,0,0,0,1028,0,0,0,0,0,1,1,0,0,0,125.402514,0,0,0,0,3,1,1,0.2,40,0,0,0,3,1,1,0.002,200,0,0,0,0,0,0,0,0,0,0,0,0,0,0,0,0,0,0,0,0,0,0,0,0,0,0,0,0,0,0,0,0,0,0,0,0,0,0,0,0,0,0,0,0,0,0,0,0,0,0,0
1989,236,7,37,18.726,2,8,0,-1,0,0,1,1,50,0,0,0,1028,0,0,0,0,0,1,1,0,0,0,125.2842197,0,0,0,0,3,1,1,0.2,40,0,0,0,3,1,1,0.002,200,0,0,0,0,0,0,0,0,0,0,0,0,0,0,0,0,0,0,0,0,0,0,0,0,0,0,0,0,0,0,0,0,0,0,0,0,0,0,0,0,0,0,0,0,0,0,0,0,0,0,0
1989,236,7,37,41.646,2,8,0,-1,1,0,1,1,50,0,0,0,1028,0,0,0,0,0,1,1,0,0,0,125.2471188,0,0,0,0,3,1,1,0.2,40,0,0,0,3,1,1,0.002,200,0,0,0,0,0,0,0,0,0,0,0,0,0,0,0,0,0,0,0,0,0,0,0,0,0,0,0,0,0,0,0,0,0,0,0,0,0,0,0,0,0,0,0,0,0,0,0,0,0,0,0
1989,236,7,38,54.726,2,8,0,-1,0,0,1,1,50,0,0,0,1028,0,0,0,0,0,1,1,0,0,0,125.1288218,0,0,0,0,3,1,1,0.2,40,0,0,0,3,1,1,0.002,200,0,0,0,0,0,0,0,0,0,0,0,0,0,0,0,0,0,0,0,0,0,0,0,0,0,0,0,0,0,0,0,0,0,0,0,0,0,0,0,0,0,0,0,0,0,0,0,0,0,0,0
1989,236,7,39,17.646,2,8,0,-1,1,0,1,1,50,0,0,0,1028,0,0,0,0,0,1,1,0,0,0,125.09172,0,0,0,0,3,1,1,0.2,40,0,0,0,3,1,1,0.002,200,0,0,0,0,0,0,0,0,0,0,0,0,0,0,0,0,0,0,0,0,0,0,0,0,0,0,0,0,0,0,0,0,0,0,0,0,0,0,0,0,0,0,0,0,0,0,0,0,0,0,0
1989,236,7,42,54.725,2,8,0,-1,0,0,1,1,50,0,0,0,1028,0,0,0,0,0,1,1,0,0,0,124.7403127,0,0,0,0,3,1,1,0.2,40,0,0,0,3,1,1,0.002,200,0,0,0,0,0,0,0,0,0,0,0,0,0,0,0,0,0,0,0,0,0,0,0,0,0,0,0,0,0,0,0,0,0,0,0,0,0,0,0,0,0,0,0,0,0,0,0,0,0,0,0
1989,236,7,43,17.645,2,8,0,-1,1,0,1,1,50,0,0,0,1028,0,0,0,0,0,1,1,0,0,0,124.7032096,0,0,0,0,3,1,1,0.2,40,0,0,0,3,1,1,0.002,200,0,0,0,0,0,0,0,0,0,0,0,0,0,0,0,0,0,0,0,0,0,0,0,0,0,0,0,0,0,0,0,0,0,0,0,0,0,0,0,0,0,0,0,0,0,0,0,0,0,0,0
1989,236,7,44,30.725,2,8,0,-1,0,0,1,1,50,0,0,0,1028,0,0,0,0,0,1,1,0,0,0,124.5849021,0,0,0,0,3,1,1,0.2,40,0,0,0,3,1,1,0.002,200,0,0,0,0,0,0,0,0,0,0,0,0,0,0,0,0,0,0,0,0,0,0,0,0,0,0,0,0,0,0,0,0,0,0,0,0,0,0,0,0,0,0,0,0,0,0,0,0,0,0,0
1989,236,7,44,53.645,2,8,0,-1,1,0,1,1,50,0,0,0,1028,0,0,0,0,0,1,1,0,0,0,124.5477973,0,0,0,0,3,1,1,0.2,40,0,0,0,3,1,1,0.002,200,0,0,0,0,0,0,0,0,0,0,0,0,0,0,0,0,0,0,0,0,0,0,0,0,0,0,0,0,0,0,0,0,0,0,0,0,0,0,0,0,0,0,0,0,0,0,0,0,0,0,0
1989,236,7,46,6.725,2,8,0,-1,0,0,1,1,50,0,0,0,1028,0,0,0,0,0,1,1,0,0,0,124.4294878,0,0,0,0,3,1,1,0.2,40,0,0,0,3,1,1,0.002,200,0,0,0,0,0,0,0,0,0,0,0,0,0,0,0,0,0,0,0,0,0,0,0,0,0,0,0,0,0,0,0,0,0,0,0,0,0,0,0,0,0,0,0,0,0,0,0,0,0,0,0
1989,236,7,46,29.645,2,8,0,-1,1,0,1,1,50,0,0,0,1028,0,0,0,0,0,1,1,0,0,0,124.3923829,0,0,0,0,3,1,1,0.2,40,0,0,0,3,1,1,0.002,200,0,0,0,0,0,0,0,0,0,0,0,0,0,0,0,0,0,0,0,0,0,0,0,0,0,0,0,0,0,0,0,0,0,0,0,0,0,0,0,0,0,0,0,0,0,0,0,0,0,0,0
1989,236,7,47,42.725,2,8,0,-1,0,0,1,1,50,0,0,0,1028,0,0,0,0,0,1,1,0,0,0,124.2740699,0,0,0,0,3,1,1,0.2,40,0,0,0,3,1,1,0.002,200,0,0,0,0,0,0,0,0,0,0,0,0,0,0,0,0,0,0,0,0,0,0,0,0,0,0,0,0,0,0,0,0,0,0,0,0,0,0,0,0,0,0,0,0,0,0,0,0,0,0,0
1989,236,7,48,5.645,2,8,0,-1,1,0,1,1,50,0,0,0,1028,0,0,0,0,0,1,1,0,0,0,124.2369633,0,0,0,0,3,1,1,0.2,40,0,0,0,3,1,1,0.002,200,0,0,0,0,0,0,0,0,0,0,0,0,0,0,0,0,0,0,0,0,0,0,0,0,0,0,0,0,0,0,0,0,0,0,0,0,0,0,0,0,0,0,0,0,0,0,0,0,0,0,0
1989,236,7,49,18.725,2,8,0,-1,0,0,1,1,50,0,0,0,1028,0,0,0,0,0,1,1,0,0,0,124.1186483,0,0,0,0,3,1,1,0.2,40,0,0,0,3,1,1,0.002,200,0,0,0,0,0,0,0,0,0,0,0,0,0,0,0,0,0,0,0,0,0,0,0,0,0,0,0,0,0,0,0,0,0,0,0,0,0,0,0,0,0,0,0,0,0,0,0,0,0,0,0
1989,236,7,49,41.645,2,8,0,-1,1,0,1,1,50,0,0,0,1028,0,0,0,0,0,1,1,0,0,0,124.0815408,0,0,0,0,3,1,1,0.2,40,0,0,0,3,1,1,0.002,200,0,0,0,0,0,0,0,0,0,0,0,0,0,0,0,0,0,0,0,0,0,0,0,0,0,0,0,0,0,0,0,0,0,0,0,0,0,0,0,0,0,0,0,0,0,0,0,0,0,0,0
1989,236,7,50,54.725,2,8,0,-1,0,0,1,1,50,0,0,0,1028,0,0,0,0,0,1,1,0,0,0,123.963223,0,0,0,0,3,1,1,0.2,40,0,0,0,3,1,1,0.002,200,0,0,0,0,0,0,0,0,0,0,0,0,0,0,0,0,0,0,0,0,0,0,0,0,0,0,0,0,0,0,0,0,0,0,0,0,0,0,0,0,0,0,0,0,0,0,0,0,0,0,0
1989,236,7,51,17.645,2,8,0,-1,1,0,1,1,50,0,0,0,1028,0,0,0,0,0,1,1,0,0,0,123.9261155,0,0,0,0,3,1,1,0.2,40,0,0,0,3,1,1,0.002,200,0,0,0,0,0,0,0,0,0,0,0,0,0,0,0,0,0,0,0,0,0,0,0,0,0,0,0,0,0,0,0,0,0,0,0,0,0,0,0,0,0,0,0,0,0,0,0,0,0,0,0
1989,236,7,54,54.724,2,8,0,-1,0,0,1,1,50,0,0,0,1028,0,0,0,0,0,1,1,0,0,0,123.5746452,0,0,0,0,3,1,1,0.2,40,0,0,0,3,1,1,0.002,200,0,0,0,0,0,0,0,0,0,0,0,0,0,0,0,0,0,0,0,0,0,0,0,0,0,0,0,0,0,0,0,0,0,0,0,0,0,0,0,0,0,0,0,0,0,0,0,0,0,0,0
1989,236,7,55,17.643,2,8,0,-1,1,0,1,1,50,0,0,0,1028,0,0,0,0,0,1,1,0,0,0,123.5375355,0,0,0,0,3,1,1,0.2,40,0,0,0,3,1,1,0.002,200,0,0,0,0,0,0,0,0,0,0,0,0,0,0,0,0,0,0,0,0,0,0,0,0,0,0,0,0,0,0,0,0,0,0,0,0,0,0,0,0,0,0,0,0,0,0,0,0,0,0,0
1989,236,7,56,30.724,2,8,0,-1,0,0,1,1,50,0,0,0,1028,0,0,0,0,0,1,1,0,0,0,123.419207,0,0,0,0,3,1,1,0.2,40,0,0,0,3,1,1,0.002,200,0,0,0,0,0,0,0,0,0,0,0,0,0,0,0,0,0,0,0,0,0,0,0,0,0,0,0,0,0,0,0,0,0,0,0,0,0,0,0,0,0,0,0,0,0,0,0,0,0,0,0
1989,236,7,56,53.644,2,8,0,-1,1,0,1,1,50,0,0,0,1028,0,0,0,0,0,1,1,0,0,0,123.3820956,0,0,0,0,3,1,1,0.2,40,0,0,0,3,1,1,0.002,200,0,0,0,0,0,0,0,0,0,0,0,0,0,0,0,0,0,0,0,0,0,0,0,0,0,0,0,0,0,0,0,0,0,0,0,0,0,0,0,0,0,0,0,0,0,0,0,0,0,0,0
1989,236,7,58,6.724,2,8,0,-1,0,0,1,1,50,0,0,0,1028,0,0,0,0,0,1,1,0,0,0,123.263765,0,0,0,0,3,1,1,0.2,40,0,0,0,3,1,1,0.002,200,0,0,0,0,0,0,0,0,0,0,0,0,0,0,0,0,0,0,0,0,0,0,0,0,0,0,0,0,0,0,0,0,0,0,0,0,0,0,0,0,0,0,0,0,0,0,0,0,0,0,0
1989,236,7,58,29.643,2,8,0,-1,1,0,1,1,50,0,0,0,1028,0,0,0,0,0,1,1,0,0,0,123.2266535,0,0,0,0,3,1,1,0.2,40,0,0,0,3,1,1,0.002,200,0,0,0,0,0,0,0,0,0,0,0,0,0,0,0,0,0,0,0,0,0,0,0,0,0,0,0,0,0,0,0,0,0,0,0,0,0,0,0,0,0,0,0,0,0,0,0,0,0,0,0
1989,236,7,59,42.724,2,8,0,-1,0,0,1,1,50,0,0,0,1028,0,0,0,0,0,1,1,0,0,0,123.1083193,0,0,0,0,3,1,1,0.2,40,0,0,0,3,1,1,0.002,200,0,0,0,0,0,0,0,0,0,0,0,0,0,0,0,0,0,0,0,0,0,0,0,0,0,0,0,0,0,0,0,0,0,0,0,0,0,0,0,0,0,0,0,0,0,0,0,0,0,0,0
1989,236,8,0,5.644,2,8,0,-1,1,0,1,1,50,0,0,0,1028,0,0,0,0,0,1,1,0,0,0,123.0712061,0,0,0,0,3,1,1,0.2,40,0,0,0,3,1,1,0.002,200,0,0,0,0,0,0,0,0,0,0,0,0,0,0,0,0,0,0,0,0,0,0,0,0,0,0,0,0,0,0,0,0,0,0,0,0,0,0,0,0,0,0,0,0,0,0,0,0,0,0,0
1989,236,8,1,18.724,2,8,0,-1,0,0,1,1,50,0,0,0,1028,0,0,0,0,0,1,1,0,0,0,122.9528699,0,0,0,0,3,1,1,0.2,40,0,0,0,3,1,1,0.002,200,0,0,0,0,0,0,0,0,0,0,0,0,0,0,0,0,0,0,0,0,0,0,0,0,0,0,0,0,0,0,0,0,0,0,0,0,0,0,0,0,0,0,0,0,0,0,0,0,0,0,0
1989,236,8,1,41.644,2,8,0,-1,1,0,1,1,50,0,0,0,1028,0,0,0,0,0,1,1,0,0,0,122.9157558,0,0,0,0,3,1,1,0.2,40,0,0,0,3,1,1,0.002,200,0,0,0,0,0,0,0,0,0,0,0,0,0,0,0,0,0,0,0,0,0,0,0,0,0,0,0,0,0,0,0,0,0,0,0,0,0,0,0,0,0,0,0,0,0,0,0,0,0,0,0
1989,236,8,2,54.724,2,8,0,-1,0,0,1,1,50,0,0,0,1028,0,0,0,0,0,1,1,0,0,0,122.7974167,0,0,0,0,3,1,1,0.2,40,0,0,0,3,1,1,0.002,200,0,0,0,0,0,0,0,0,0,0,0,0,0,0,0,0,0,0,0,0,0,0,0,0,0,0,0,0,0,0,0,0,0,0,0,0,0,0,0,0,0,0,0,0,0,0,0,0,0,0,0
1989,236,8,3,17.643,2,8,0,-1,1,0,1,1,50,0,0,0,1028,0,0,0,0,0,1,1,0,0,0,122.7603025,0,0,0,0,3,1,1,0.2,40,0,0,0,3,1,1,0.002,200,0,0,0,0,0,0,0,0,0,0,0,0,0,0,0,0,0,0,0,0,0,0,0,0,0,0,0,0,0,0,0,0,0,0,0,0,0,0,0,0,0,0,0,0,0,0,0,0,0,0,0
1989,236,8,6,54.723,2,8,0,-1,0,0,1,1,50,0,0,0,1028,0,0,0,0,0,1,1,0,0,0,122.4087689,0,0,0,0,3,1,1,0.2,40,0,0,0,3,1,1,0.002,200,0,0,0,0,0,0,0,0,0,0,0,0,0,0,0,0,0,0,0,0,0,0,0,0,0,0,0,0,0,0,0,0,0,0,0,0,0,0,0,0,0,0,0,0,0,0,0,0,0,0,0
1989,236,8,7,17.643,2,8,0,-1,1,0,1,1,50,0,0,0,1028,0,0,0,0,0,1,1,0,0,0,122.3716516,0,0,0,0,3,1,1,0.2,40,0,0,0,3,1,1,0.002,200,0,0,0,0,0,0,0,0,0,0,0,0,0,0,0,0,0,0,0,0,0,0,0,0,0,0,0,0,0,0,0,0,0,0,0,0,0,0,0,0,0,0,0,0,0,0,0,0,0,0,0
1989,236,8,8,30.723,2,8,0,-1,0,0,1,1,50,0,0,0,1028,0,0,0,0,0,1,1,0,0,0,122.2533025,0,0,0,0,3,1,1,0.2,40,0,0,0,3,1,1,0.002,200,0,0,0,0,0,0,0,0,0,0,0,0,0,0,0,0,0,0,0,0,0,0,0,0,0,0,0,0,0,0,0,0,0,0,0,0,0,0,0,0,0,0,0,0,0,0,0,0,0,0,0
1989,236,8,8,53.643,2,8,0,-1,1,0,1,1,50,0,0,0,1028,0,0,0,0,0,1,1,0,0,0,122.2161843,0,0,0,0,3,1,1,0.2,40,0,0,0,3,1,1,0.002,200,0,0,0,0,0,0,0,0,0,0,0,0,0,0,0,0,0,0,0,0,0,0,0,0,0,0,0,0,0,0,0,0,0,0,0,0,0,0,0,0,0,0,0,0,0,0,0,0,0,0,0
1989,236,8,10,6.723,2,8,0,-1,0,0,1,1,50,0,0,0,1028,0,0,0,0,0,1,1,0,0,0,122.0978323,0,0,0,0,3,1,1,0.2,40,0,0,0,3,1,1,0.002,200,0,0,0,0,0,0,0,0,0,0,0,0,0,0,0,0,0,0,0,0,0,0,0,0,0,0,0,0,0,0,0,0,0,0,0,0,0,0,0,0,0,0,0,0,0,0,0,0,0,0,0
1989,236,8,10,29.643,2,8,0,-1,1,0,1,1,50,0,0,0,1028,0,0,0,0,0,1,1,0,0,0,122.0607132,0,0,0,0,3,1,1,0.2,40,0,0,0,3,1,1,0.002,200,0,0,0,0,0,0,0,0,0,0,0,0,0,0,0,0,0,0,0,0,0,0,0,0,0,0,0,0,0,0,0,0,0,0,0,0,0,0,0,0,0,0,0,0,0,0,0,0,0,0,0
1989,236,8,11,42.723,2,8,0,-1,0,0,1,1,50,0,0,0,1028,0,0,0,0,0,1,1,0,0,0,121.9423583,0,0,0,0,3,1,1,0.2,40,0,0,0,3,1,1,0.002,200,0,0,0,0,0,0,0,0,0,0,0,0,0,0,0,0,0,0,0,0,0,0,0,0,0,0,0,0,0,0,0,0,0,0,0,0,0,0,0,0,0,0,0,0,0,0,0,0,0,0,0
1989,236,8,12,5.643,2,8,0,-1,1,0,1,1,50,0,0,0,1028,0,0,0,0,0,1,1,0,0,0,121.9052383,0,0,0,0,3,1,1,0.2,40,0,0,0,3,1,1,0.002,200,0,0,0,0,0,0,0,0,0,0,0,0,0,0,0,0,0,0,0,0,0,0,0,0,0,0,0,0,0,0,0,0,0,0,0,0,0,0,0,0,0,0,0,0,0,0,0,0,0,0,0
1989,236,8,13,18.723,2,8,0,-1,0,0,1,1,50,0,0,0,1028,0,0,0,0,0,1,1,0,0,0,121.7868805,0,0,0,0,3,1,1,0.2,40,0,0,0,3,1,1,0.002,200,0,0,0,0,0,0,0,0,0,0,0,0,0,0,0,0,0,0,0,0,0,0,0,0,0,0,0,0,0,0,0,0,0,0,0,0,0,0,0,0,0,0,0,0,0,0,0,0,0,0,0
1989,236,8,13,41.643,2,8,0,-1,1,0,1,1,50,0,0,0,1028,0,0,0,0,0,1,1,0,0,0,121.7497596,0,0,0,0,3,1,1,0.2,40,0,0,0,3,1,1,0.002,200,0,0,0,0,0,0,0,0,0,0,0,0,0,0,0,0,0,0,0,0,0,0,0,0,0,0,0,0,0,0,0,0,0,0,0,0,0,0,0,0,0,0,0,0,0,0,0,0,0,0,0
1989,236,8,14,54.723,2,8,0,-1,0,0,1,1,50,0,0,0,1028,0,0,0,0,0,1,1,0,0,0,121.6313989,0,0,0,0,3,1,1,0.2,40,0,0,0,3,1,1,0.002,200,0,0,0,0,0,0,0,0,0,0,0,0,0,0,0,0,0,0,0,0,0,0,0,0,0,0,0,0,0,0,0,0,0,0,0,0,0,0,0,0,0,0,0,0,0,0,0,0,0,0,0
1989,236,8,15,17.643,2,8,0,-1,1,0,1,1,50,0,0,0,1028,0,0,0,0,0,1,1,0,0,0,121.5942771,0,0,0,0,3,1,1,0.2,40,0,0,0,3,1,1,0.002,200,0,0,0,0,0,0,0,0,0,0,0,0,0,0,0,0,0,0,0,0,0,0,0,0,0,0,0,0,0,0,0,0,0,0,0,0,0,0,0,0,0,0,0,0,0,0,0,0,0,0,0
1989,236,8,18,54.723,2,8,0,-1,0,0,1,1,50,0,0,0,1028,0,0,0,0,0,1,1,0,0,0,121.2426788,0,0,0,0,3,1,1,0.2,40,0,0,0,3,1,1,0.002,200,0,0,0,0,0,0,0,0,0,0,0,0,0,0,0,0,0,0,0,0,0,0,0,0,0,0,0,0,0,0,0,0,0,0,0,0,0,0,0,0,0,0,0,0,0,0,0,0,0,0,0
1989,236,8,19,17.642,2,8,0,-1,1,0,1,1,50,0,0,0,1028,0,0,0,0,0,1,1,0,0,0,121.2055547,0,0,0,0,3,1,1,0.2,40,0,0,0,3,1,1,0.002,200,0,0,0,0,0,0,0,0,0,0,0,0,0,0,0,0,0,0,0,0,0,0,0,0,0,0,0,0,0,0,0,0,0,0,0,0,0,0,0,0,0,0,0,0,0,0,0,0,0,0,0
1989,236,8,20,30.722,2,8,0,-1,0,0,1,1,50,0,0,0,1028,0,0,0,0,0,1,1,0,0,0,121.0871845,0,0,0,0,3,1,1,0.2,40,0,0,0,3,1,1,0.002,200,0,0,0,0,0,0,0,0,0,0,0,0,0,0,0,0,0,0,0,0,0,0,0,0,0,0,0,0,0,0,0,0,0,0,0,0,0,0,0,0,0,0,0,0,0,0,0,0,0,0,0
1989,236,8,20,53.642,2,8,0,-1,1,0,1,1,50,0,0,0,1028,0,0,0,0,0,1,1,0,0,0,121.0500595,0,0,0,0,3,1,1,0.2,40,0,0,0,3,1,1,0.002,200,0,0,0,0,0,0,0,0,0,0,0,0,0,0,0,0,0,0,0,0,0,0,0,0,0,0,0,0,0,0,0,0,0,0,0,0,0,0,0,0,0,0,0,0,0,0,0,0,0,0,0
1989,236,8,22,6.722,2,8,0,-1,0,0,1,1,50,0,0,0,1028,0,0,0,0,0,1,1,0,0,0,120.9316856,0,0,0,0,3,1,1,0.2,40,0,0,0,3,1,1,0.002,200,0,0,0,0,0,0,0,0,0,0,0,0,0,0,0,0,0,0,0,0,0,0,0,0,0,0,0,0,0,0,0,0,0,0,0,0,0,0,0,0,0,0,0,0,0,0,0,0,0,0,0
1989,236,8,22,29.642,2,8,0,-1,1,0,1,1,50,0,0,0,1028,0,0,0,0,0,1,1,0,0,0,120.8945596,0,0,0,0,3,1,1,0.2,40,0,0,0,3,1,1,0.002,200,0,0,0,0,0,0,0,0,0,0,0,0,0,0,0,0,0,0,0,0,0,0,0,0,0,0,0,0,0,0,0,0,0,0,0,0,0,0,0,0,0,0,0,0,0,0,0,0,0,0,0
1989,236,8,23,42.722,2,8,0,-1,0,0,1,1,50,0,0,0,1028,0,0,0,0,0,1,1,0,0,0,120.7761827,0,0,0,0,3,1,1,0.2,40,0,0,0,3,1,1,0.002,200,0,0,0,0,0,0,0,0,0,0,0,0,0,0,0,0,0,0,0,0,0,0,0,0,0,0,0,0,0,0,0,0,0,0,0,0,0,0,0,0,0,0,0,0,0,0,0,0,0,0,0
1989,236,8,24,5.642,2,8,0,-1,1,0,1,1,50,0,0,0,1028,0,0,0,0,0,1,1,0,0,0,120.7390558,0,0,0,0,3,1,1,0.2,40,0,0,0,3,1,1,0.002,200,0,0,0,0,0,0,0,0,0,0,0,0,0,0,0,0,0,0,0,0,0,0,0,0,0,0,0,0,0,0,0,0,0,0,0,0,0,0,0,0,0,0,0,0,0,0,0,0,0,0,0
1989,236,8,25,18.722,2,8,0,-1,0,0,1,1,50,0,0,0,1028,0,0,0,0,0,1,1,0,0,0,120.620676,0,0,0,0,3,1,1,0.2,40,0,0,0,3,1,1,0.002,200,0,0,0,0,0,0,0,0,0,0,0,0,0,0,0,0,0,0,0,0,0,0,0,0,0,0,0,0,0,0,0,0,0,0,0,0,0,0,0,0,0,0,0,0,0,0,0,0,0,0,0
1989,236,8,25,41.642,2,8,0,-1,1,0,1,1,50,0,0,0,1028,0,0,0,0,0,1,1,0,0,0,120.5835482,0,0,0,0,3,1,1,0.2,40,0,0,0,3,1,1,0.002,200,0,0,0,0,0,0,0,0,0,0,0,0,0,0,0,0,0,0,0,0,0,0,0,0,0,0,0,0,0,0,0,0,0,0,0,0,0,0,0,0,0,0,0,0,0,0,0,0,0,0,0
1989,236,8,26,54.722,2,8,0,-1,0,0,1,1,50,0,0,0,1028,0,0,0,0,0,1,1,0,0,0,120.4651653,0,0,0,0,3,1,1,0.2,40,0,0,0,3,1,1,0.002,200,0,0,0,0,0,0,0,0,0,0,0,0,0,0,0,0,0,0,0,0,0,0,0,0,0,0,0,0,0,0,0,0,0,0,0,0,0,0,0,0,0,0,0,0,0,0,0,0,0,0,0
1989,236,8,27,17.642,2,8,0,-1,1,0,1,1,50,0,0,0,1028,0,0,0,0,0,1,1,0,0,0,120.4280366,0,0,0,0,3,1,1,0.2,40,0,0,0,3,1,1,0.002,200,0,0,0,0,0,0,0,0,0,0,0,0,0,0,0,0,0,0,0,0,0,0,0,0,0,0,0,0,0,0,0,0,0,0,0,0,0,0,0,0,0,0,0,0,0,0,0,0,0,0,0
1989,236,8,30,54.722,2,8,0,-1,0,0,1,1,50,0,0,0,1028,0,0,0,0,0,1,1,0,0,0,120.0763716,0,0,0,0,3,1,1,0.2,40,0,0,0,3,1,1,0.002,200,0,0,0,0,0,0,0,0,0,0,0,0,0,0,0,0,0,0,0,0,0,0,0,0,0,0,0,0,0,0,0,0,0,0,0,0,0,0,0,0,0,0,0,0,0,0,0,0,0,0,0
1989,236,8,31,17.642,2,8,0,-1,1,0,1,1,50,0,0,0,1028,0,0,0,0,0,1,1,0,0,0,120.0392405,0,0,0,0,3,1,1,0.2,40,0,0,0,3,1,1,0.002,200,0,0,0,0,0,0,0,0,0,0,0,0,0,0,0,0,0,0,0,0,0,0,0,0,0,0,0,0,0,0,0,0,0,0,0,0,0,0,0,0,0,0,0,0,0,0,0,0,0,0,0
1989,236,8,32,30.72,2,8,0,-1,0,0,1,1,50,0,0,0,1028,0,0,0,0,0,1,1,0,0,0,119.9208496,0,0,0,0,3,1,1,0.2,40,0,0,0,3,1,1,0.002,200,0,0,0,0,0,0,0,0,0,0,0,0,0,0,0,0,0,0,0,0,0,0,0,0,0,0,0,0,0,0,0,0,0,0,0,0,0,0,0,0,0,0,0,0,0,0,0,0,0,0,0
1989,236,8,32,53.641,2,8,0,-1,1,0,1,1,50,0,0,0,1028,0,0,0,0,0,1,1,0,0,0,119.8837168,0,0,0,0,3,1,1,0.2,40,0,0,0,3,1,1,0.002,200,0,0,0,0,0,0,0,0,0,0,0,0,0,0,0,0,0,0,0,0,0,0,0,0,0,0,0,0,0,0,0,0,0,0,0,0,0,0,0,0,0,0,0,0,0,0,0,0,0,0,0
1989,236,8,34,6.721,2,8,0,-1,0,0,1,1,50,0,0,0,1028,0,0,0,0,0,1,1,0,0,0,119.7653205,0,0,0,0,3,1,1,0.2,40,0,0,0,3,1,1,0.002,200,0,0,0,0,0,0,0,0,0,0,0,0,0,0,0,0,0,0,0,0,0,0,0,0,0,0,0,0,0,0,0,0,0,0,0,0,0,0,0,0,0,0,0,0,0,0,0,0,0,0,0
1989,236,8,34,29.641,2,8,0,-1,1,0,1,1,50,0,0,0,1028,0,0,0,0,0,1,1,0,0,0,119.7281875,0,0,0,0,3,1,1,0.2,40,0,0,0,3,1,1,0.002,200,0,0,0,0,0,0,0,0,0,0,0,0,0,0,0,0,0,0,0,0,0,0,0,0,0,0,0,0,0,0,0,0,0,0,0,0,0,0,0,0,0,0,0,0,0,0,0,0,0,0,0
1989,236,8,35,42.721,2,8,0,-1,0,0,1,1,50,0,0,0,1028,0,0,0,0,0,1,1,0,0,0,119.6097882,0,0,0,0,3,1,1,0.2,40,0,0,0,3,1,1,0.002,200,0,0,0,0,0,0,0,0,0,0,0,0,0,0,0,0,0,0,0,0,0,0,0,0,0,0,0,0,0,0,0,0,0,0,0,0,0,0,0,0,0,0,0,0,0,0,0,0,0,0,0
1989,236,8,36,5.641,2,8,0,-1,1,0,1,1,50,0,0,0,1028,0,0,0,0,0,1,1,0,0,0,119.5726543,0,0,0,0,3,1,1,0.2,40,0,0,0,3,1,1,0.002,200,0,0,0,0,0,0,0,0,0,0,0,0,0,0,0,0,0,0,0,0,0,0,0,0,0,0,0,0,0,0,0,0,0,0,0,0,0,0,0,0,0,0,0,0,0,0,0,0,0,0,0
1989,236,8,37,18.721,2,8,0,-1,0,0,1,1,50,0,0,0,1028,0,0,0,0,0,1,1,0,0,0,119.454252,0,0,0,0,3,1,1,0.2,40,0,0,0,3,1,1,0.002,200,0,0,0,0,0,0,0,0,0,0,0,0,0,0,0,0,0,0,0,0,0,0,0,0,0,0,0,0,0,0,0,0,0,0,0,0,0,0,0,0,0,0,0,0,0,0,0,0,0,0,0
1989,236,8,37,41.641,2,8,0,-1,1,0,1,1,50,0,0,0,1028,0,0,0,0,0,1,1,0,0,0,119.4171171,0,0,0,0,3,1,1,0.2,40,0,0,0,3,1,1,0.002,200,0,0,0,0,0,0,0,0,0,0,0,0,0,0,0,0,0,0,0,0,0,0,0,0,0,0,0,0,0,0,0,0,0,0,0,0,0,0,0,0,0,0,0,0,0,0,0,0,0,0,0
1989,236,8,38,54.721,2,8,0,-1,0,0,1,1,50,0,0,0,1028,0,0,0,0,0,1,1,0,0,0,119.2987117,0,0,0,0,3,1,1,0.2,40,0,0,0,3,1,1,0.002,200,0,0,0,0,0,0,0,0,0,0,0,0,0,0,0,0,0,0,0,0,0,0,0,0,0,0,0,0,0,0,0,0,0,0,0,0,0,0,0,0,0,0,0,0,0,0,0,0,0,0,0
1989,236,8,39,17.641,2,8,0,-1,1,0,1,1,50,0,0,0,1028,0,0,0,0,0,1,1,0,0,0,119.2615759,0,0,0,0,3,1,1,0.2,40,0,0,0,3,1,1,0.002,200,0,0,0,0,0,0,0,0,0,0,0,0,0,0,0,0,0,0,0,0,0,0,0,0,0,0,0,0,0,0,0,0,0,0,0,0,0,0,0,0,0,0,0,0,0,0,0,0,0,0,0
1989,236,8,42,54.721,2,8,0,-1,0,0,1,1,50,0,0,0,1028,0,0,0,0,0,1,1,0,0,0,118.9098437,0,0,0,0,3,1,1,0.2,40,0,0,0,3,1,1,0.002,200,0,0,0,0,0,0,0,0,0,0,0,0,0,0,0,0,0,0,0,0,0,0,0,0,0,0,0,0,0,0,0,0,0,0,0,0,0,0,0,0,0,0,0,0,0,0,0,0,0,0,0
1989,236,8,43,17.641,2,8,0,-1,1,0,1,1,50,0,0,0,1028,0,0,0,0,0,1,1,0,0,0,118.8727055,0,0,0,0,3,1,1,0.2,40,0,0,0,3,1,1,0.002,200,0,0,0,0,0,0,0,0,0,0,0,0,0,0,0,0,0,0,0,0,0,0,0,0,0,0,0,0,0,0,0,0,0,0,0,0,0,0,0,0,0,0,0,0,0,0,0,0,0,0,0
1989,236,8,44,30.721,2,8,0,-1,0,0,1,1,50,0,0,0,1028,0,0,0,0,0,1,1,0,0,0,118.7542894,0,0,0,0,3,1,1,0.2,40,0,0,0,3,1,1,0.002,200,0,0,0,0,0,0,0,0,0,0,0,0,0,0,0,0,0,0,0,0,0,0,0,0,0,0,0,0,0,0,0,0,0,0,0,0,0,0,0,0,0,0,0,0,0,0,0,0,0,0,0
1989,236,8,44,53.641,2,8,0,-1,1,0,1,1,50,0,0,0,1028,0,0,0,0,0,1,1,0,0,0,118.7171503,0,0,0,0,3,1,1,0.2,40,0,0,0,3,1,1,0.002,200,0,0,0,0,0,0,0,0,0,0,0,0,0,0,0,0,0,0,0,0,0,0,0,0,0,0,0,0,0,0,0,0,0,0,0,0,0,0,0,0,0,0,0,0,0,0,0,0,0,0,0
1989,236,8,46,6.72,2,8,0,-1,0,0,1,1,50,0,0,0,1028,0,0,0,0,0,1,1,0,0,0,118.5987328,0,0,0,0,3,1,1,0.2,40,0,0,0,3,1,1,0.002,200,0,0,0,0,0,0,0,0,0,0,0,0,0,0,0,0,0,0,0,0,0,0,0,0,0,0,0,0,0,0,0,0,0,0,0,0,0,0,0,0,0,0,0,0,0,0,0,0,0,0,0
1989,236,8,46,29.639,2,8,0,-1,1,0,1,1,50,0,0,0,1028,0,0,0,0,0,1,1,0,0,0,118.5615934,0,0,0,0,3,1,1,0.2,40,0,0,0,3,1,1,0.002,200,0,0,0,0,0,0,0,0,0,0,0,0,0,0,0,0,0,0,0,0,0,0,0,0,0,0,0,0,0,0,0,0,0,0,0,0,0,0,0,0,0,0,0,0,0,0,0,0,0,0,0
1989,236,8,47,42.72,2,8,0,-1,0,0,1,1,50,0,0,0,1028,0,0,0,0,0,1,1,0,0,0,118.4431705,0,0,0,0,3,1,1,0.2,40,0,0,0,3,1,1,0.002,200,0,0,0,0,0,0,0,0,0,0,0,0,0,0,0,0,0,0,0,0,0,0,0,0,0,0,0,0,0,0,0,0,0,0,0,0,0,0,0,0,0,0,0,0,0,0,0,0,0,0,0
1989,236,8,48,5.64,2,8,0,-1,1,0,1,1,50,0,0,0,1028,0,0,0,0,0,1,1,0,0,0,118.4060294,0,0,0,0,3,1,1,0.2,40,0,0,0,3,1,1,0.002,200,0,0,0,0,0,0,0,0,0,0,0,0,0,0,0,0,0,0,0,0,0,0,0,0,0,0,0,0,0,0,0,0,0,0,0,0,0,0,0,0,0,0,0,0,0,0,0,0,0,0,0
1989,236,8,49,18.72,2,8,0,-1,0,0,1,1,50,0,0,0,1028,0,0,0,0,0,1,1,0,0,0,118.2876041,0,0,0,0,3,1,1,0.2,40,0,0,0,3,1,1,0.002,200,0,0,0,0,0,0,0,0,0,0,0,0,0,0,0,0,0,0,0,0,0,0,0,0,0,0,0,0,0,0,0,0,0,0,0,0,0,0,0,0,0,0,0,0,0,0,0,0,0,0,0
1989,236,8,49,41.639,2,8,0,-1,1,0,1,1,50,0,0,0,1028,0,0,0,0,0,1,1,0,0,0,118.2504636,0,0,0,0,3,1,1,0.2,40,0,0,0,3,1,1,0.002,200,0,0,0,0,0,0,0,0,0,0,0,0,0,0,0,0,0,0,0,0,0,0,0,0,0,0,0,0,0,0,0,0,0,0,0,0,0,0,0,0,0,0,0,0,0,0,0,0,0,0,0
1989,236,8,50,54.72,2,8,0,-1,0,0,1,1,50,0,0,0,1028,0,0,0,0,0,1,1,0,0,0,118.1320337,0,0,0,0,3,1,1,0.2,40,0,0,0,3,1,1,0.002,200,0,0,0,0,0,0,0,0,0,0,0,0,0,0,0,0,0,0,0,0,0,0,0,0,0,0,0,0,0,0,0,0,0,0,0,0,0,0,0,0,0,0,0,0,0,0,0,0,0,0,0
1989,236,8,51,17.64,2,8,0,-1,1,0,1,1,50,0,0,0,1028,0,0,0,0,0,1,1,0,0,0,118.0948906,0,0,0,0,3,1,1,0.2,40,0,0,0,3,1,1,0.002,200,0,0,0,0,0,0,0,0,0,0,0,0,0,0,0,0,0,0,0,0,0,0,0,0,0,0,0,0,0,0,0,0,0,0,0,0,0,0,0,0,0,0,0,0,0,0,0,0,0,0,0
1989,236,8,54,54.72,2,8,0,-1,0,0,1,1,50,0,0,0,1028,0,0,0,0,0,1,1,0,0,0,117.7430898,0,0,0,0,3,1,1,0.2,40,0,0,0,3,1,1,0.002,200,0,0,0,0,0,0,0,0,0,0,0,0,0,0,0,0,0,0,0,0,0,0,0,0,0,0,0,0,0,0,0,0,0,0,0,0,0,0,0,0,0,0,0,0,0,0,0,0,0,0,0
1989,236,8,55,17.64,2,8,0,-1,1,0,1,1,50,0,0,0,1028,0,0,0,0,0,1,1,0,0,0,117.7059443,0,0,0,0,3,1,1,0.2,40,0,0,0,3,1,1,0.002,200,0,0,0,0,0,0,0,0,0,0,0,0,0,0,0,0,0,0,0,0,0,0,0,0,0,0,0,0,0,0,0,0,0,0,0,0,0,0,0,0,0,0,0,0,0,0,0,0,0,0,0
1989,236,8,56,30.72,2,8,0,-1,0,0,1,1,50,0,0,0,1028,0,0,0,0,0,1,1,0,0,0,117.5875051,0,0,0,0,3,1,1,0.2,40,0,0,0,3,1,1,0.002,200,0,0,0,0,0,0,0,0,0,0,0,0,0,0,0,0,0,0,0,0,0,0,0,0,0,0,0,0,0,0,0,0,0,0,0,0,0,0,0,0,0,0,0,0,0,0,0,0,0,0,0
1989,236,8,56,53.639,2,8,0,-1,1,0,1,1,50,0,0,0,1028,0,0,0,0,0,1,1,0,0,0,117.5503594,0,0,0,0,3,1,1,0.2,40,0,0,0,3,1,1,0.002,200,0,0,0,0,0,0,0,0,0,0,0,0,0,0,0,0,0,0,0,0,0,0,0,0,0,0,0,0,0,0,0,0,0,0,0,0,0,0,0,0,0,0,0,0,0,0,0,0,0,0,0
1989,236,8,58,6.72,2,8,0,-1,0,0,1,1,50,0,0,0,1028,0,0,0,0,0,1,1,0,0,0,117.431917,0,0,0,0,3,1,1,0.2,40,0,0,0,3,1,1,0.002,200,0,0,0,0,0,0,0,0,0,0,0,0,0,0,0,0,0,0,0,0,0,0,0,0,0,0,0,0,0,0,0,0,0,0,0,0,0,0,0,0,0,0,0,0,0,0,0,0,0,0,0
1989,236,8,58,29.638,2,8,0,-1,1,0,1,1,50,0,0,0,1028,0,0,0,0,0,1,1,0,0,0,117.3947712,0,0,0,0,3,1,1,0.2,40,0,0,0,3,1,1,0.002,200,0,0,0,0,0,0,0,0,0,0,0,0,0,0,0,0,0,0,0,0,0,0,0,0,0,0,0,0,0,0,0,0,0,0,0,0,0,0,0,0,0,0,0,0,0,0,0,0,0,0,0
1989,236,8,59,42.719,2,8,0,-1,0,0,1,1,50,0,0,0,1028,0,0,0,0,0,1,1,0,0,0,117.2763249,0,0,0,0,3,1,1,0.2,40,0,0,0,3,1,1,0.002,200,0,0,0,0,0,0,0,0,0,0,0,0,0,0,0,0,0,0,0,0,0,0,0,0,0,0,0,0,0,0,0,0,0,0,0,0,0,0,0,0,0,0,0,0,0,0,0,0,0,0,0
1989,236,9,0,5.639,2,8,0,-1,1,0,1,1,50,0,0,0,1028,0,0,0,0,0,1,1,0,0,0,117.2391765,0,0,0,0,3,1,1,0.2,40,0,0,0,3,1,1,0.002,200,0,0,0,0,0,0,0,0,0,0,0,0,0,0,0,0,0,0,0,0,0,0,0,0,0,0,0,0,0,0,0,0,0,0,0,0,0,0,0,0,0,0,0,0,0,0,0,0,0,0,0
1989,236,9,1,18.719,2,8,0,-1,0,0,1,1,50,0,0,0,1028,0,0,0,0,0,1,1,0,0,0,117.1207278,0,0,0,0,3,1,1,0.2,40,0,0,0,3,1,1,0.002,200,0,0,0,0,0,0,0,0,0,0,0,0,0,0,0,0,0,0,0,0,0,0,0,0,0,0,0,0,0,0,0,0,0,0,0,0,0,0,0,0,0,0,0,0,0,0,0,0,0,0,0
1989,236,9,1,41.638,2,8,0,-1,1,0,1,1,50,0,0,0,1028,0,0,0,0,0,1,1,0,0,0,117.08358,0,0,0,0,3,1,1,0.2,40,0,0,0,3,1,1,0.002,200,0,0,0,0,0,0,0,0,0,0,0,0,0,0,0,0,0,0,0,0,0,0,0,0,0,0,0,0,0,0,0,0,0,0,0,0,0,0,0,0,0,0,0,0,0,0,0,0,0,0,0
1989,236,9,2,54.719,2,8,0,-1,0,0,1,1,50,0,0,0,1028,0,0,0,0,0,1,1,0,0,0,116.9651266,0,0,0,0,3,1,1,0.2,40,0,0,0,3,1,1,0.002,200,0,0,0,0,0,0,0,0,0,0,0,0,0,0,0,0,0,0,0,0,0,0,0,0,0,0,0,0,0,0,0,0,0,0,0,0,0,0,0,0,0,0,0,0,0,0,0,0,0,0,0
1989,236,9,3,17.638,2,8,0,-1,1,0,1,1,50,0,0,0,1028,0,0,0,0,0,1,1,0,0,0,116.927977,0,0,0,0,3,1,1,0.2,40,0,0,0,3,1,1,0.002,200,0,0,0,0,0,0,0,0,0,0,0,0,0,0,0,0,0,0,0,0,0,0,0,0,0,0,0,0,0,0,0,0,0,0,0,0,0,0,0,0,0,0,0,0,0,0,0,0,0,0,0
1989,236,9,6,54.719,2,8,0,-1,0,0,1,1,50,0,0,0,1028,0,0,0,0,0,1,1,0,0,0,116.5761053,0,0,0,0,3,1,1,0.2,40,0,0,0,3,1,1,0.002,200,0,0,0,0,0,0,0,0,0,0,0,0,0,0,0,0,0,0,0,0,0,0,0,0,0,0,0,0,0,0,0,0,0,0,0,0,0,0,0,0,0,0,0,0,0,0,0,0,0,0,0
1989,236,9,7,17.638,2,8,0,-1,1,0,1,1,50,0,0,0,1028,0,0,0,0,0,1,1,0,0,0,116.5389532,0,0,0,0,3,1,1,0.2,40,0,0,0,3,1,1,0.002,200,0,0,0,0,0,0,0,0,0,0,0,0,0,0,0,0,0,0,0,0,0,0,0,0,0,0,0,0,0,0,0,0,0,0,0,0,0,0,0,0,0,0,0,0,0,0,0,0,0,0,0
1989,236,9,8,30.719,2,8,0,-1,0,0,1,1,50,0,0,0,1028,0,0,0,0,0,1,1,0,0,0,116.4204895,0,0,0,0,3,1,1,0.2,40,0,0,0,3,1,1,0.002,200,0,0,0,0,0,0,0,0,0,0,0,0,0,0,0,0,0,0,0,0,0,0,0,0,0,0,0,0,0,0,0,0,0,0,0,0,0,0,0,0,0,0,0,0,0,0,0,0,0,0,0
1989,236,9,8,53.638,2,8,0,-1,1,0,1,1,50,0,0,0,1028,0,0,0,0,0,1,1,0,0,0,116.3833364,0,0,0,0,3,1,1,0.2,40,0,0,0,3,1,1,0.002,200,0,0,0,0,0,0,0,0,0,0,0,0,0,0,0,0,0,0,0,0,0,0,0,0,0,0,0,0,0,0,0,0,0,0,0,0,0,0,0,0,0,0,0,0,0,0,0,0,0,0,0
1989,236,9,10,6.719,2,8,0,-1,0,0,1,1,50,0,0,0,1028,0,0,0,0,0,1,1,0,0,0,116.2648694,0,0,0,0,3,1,1,0.2,40,0,0,0,3,1,1,0.002,200,0,0,0,0,0,0,0,0,0,0,0,0,0,0,0,0,0,0,0,0,0,0,0,0,0,0,0,0,0,0,0,0,0,0,0,0,0,0,0,0,0,0,0,0,0,0,0,0,0,0,0
1989,236,9,10,29.638,2,8,0,-1,1,0,1,1,50,0,0,0,1028,0,0,0,0,0,1,1,0,0,0,116.2277162,0,0,0,0,3,1,1,0.2,40,0,0,0,3,1,1,0.002,200,0,0,0,0,0,0,0,0,0,0,0,0,0,0,0,0,0,0,0,0,0,0,0,0,0,0,0,0,0,0,0,0,0,0,0,0,0,0,0,0,0,0,0,0,0,0,0,0,0,0,0
1989,236,9,11,42.718,2,8,0,-1,0,0,1,1,50,0,0,0,1028,0,0,0,0,0,1,1,0,0,0,116.1092468,0,0,0,0,3,1,1,0.2,40,0,0,0,3,1,1,0.002,200,0,0,0,0,0,0,0,0,0,0,0,0,0,0,0,0,0,0,0,0,0,0,0,0,0,0,0,0,0,0,0,0,0,0,0,0,0,0,0,0,0,0,0,0,0,0,0,0,0,0,0
1989,236,9,12,5.638,2,8,0,-1,1,0,1,1,50,0,0,0,1028,0,0,0,0,0,1,1,0,0,0,116.0720909,0,0,0,0,3,1,1,0.2,40,0,0,0,3,1,1,0.002,200,0,0,0,0,0,0,0,0,0,0,0,0,0,0,0,0,0,0,0,0,0,0,0,0,0,0,0,0,0,0,0,0,0,0,0,0,0,0,0,0,0,0,0,0,0,0,0,0,0,0,0
1989,236,9,13,18.718,2,8,0,-1,0,0,1,1,50,0,0,0,1028,0,0,0,0,0,1,1,0,0,0,115.9536184,0,0,0,0,3,1,1,0.2,40,0,0,0,3,1,1,0.002,200,0,0,0,0,0,0,0,0,0,0,0,0,0,0,0,0,0,0,0,0,0,0,0,0,0,0,0,0,0,0,0,0,0,0,0,0,0,0,0,0,0,0,0,0,0,0,0,0,0,0,0
1989,236,9,13,41.637,2,8,0,-1,1,0,1,1,50,0,0,0,1028,0,0,0,0,0,1,1,0,0,0,115.9164631,0,0,0,0,3,1,1,0.2,40,0,0,0,3,1,1,0.002,200,0,0,0,0,0,0,0,0,0,0,0,0,0,0,0,0,0,0,0,0,0,0,0,0,0,0,0,0,0,0,0,0,0,0,0,0,0,0,0,0,0,0,0,0,0,0,0,0,0,0,0
1989,236,9,14,54.718,2,8,0,-1,0,0,1,1,50,0,0,0,1028,0,0,0,0,0,1,1,0,0,0,115.7979857,0,0,0,0,3,1,1,0.2,40,0,0,0,3,1,1,0.002,200,0,0,0,0,0,0,0,0,0,0,0,0,0,0,0,0,0,0,0,0,0,0,0,0,0,0,0,0,0,0,0,0,0,0,0,0,0,0,0,0,0,0,0,0,0,0,0,0,0,0,0
1989,236,9,15,17.637,2,8,0,-1,1,0,1,1,50,0,0,0,1028,0,0,0,0,0,1,1,0,0,0,115.7608286,0,0,0,0,3,1,1,0.2,40,0,0,0,3,1,1,0.002,200,0,0,0,0,0,0,0,0,0,0,0,0,0,0,0,0,0,0,0,0,0,0,0,0,0,0,0,0,0,0,0,0,0,0,0,0,0,0,0,0,0,0,0,0,0,0,0,0,0,0,0
1989,236,9,18,54.718,2,8,0,-1,0,0,1,1,50,0,0,0,1028,0,0,0,0,0,1,1,0,0,0,115.4088854,0,0,0,0,3,1,1,0.2,40,0,0,0,3,1,1,0.002,200,0,0,0,0,0,0,0,0,0,0,0,0,0,0,0,0,0,0,0,0,0,0,0,0,0,0,0,0,0,0,0,0,0,0,0,0,0,0,0,0,0,0,0,0,0,0,0,0,0,0,0
1989,236,9,19,17.638,2,8,0,-1,1,0,1,1,50,0,0,0,1028,0,0,0,0,0,1,1,0,0,0,115.3717258,0,0,0,0,3,1,1,0.2,40,0,0,0,3,1,1,0.002,200,0,0,0,0,0,0,0,0,0,0,0,0,0,0,0,0,0,0,0,0,0,0,0,0,0,0,0,0,0,0,0,0,0,0,0,0,0,0,0,0,0,0,0,0,0,0,0,0,0,0,0
1989,236,9,20,30.718,2,8,0,-1,0,0,1,1,50,0,0,0,1028,0,0,0,0,0,1,1,0,0,0,115.2532379,0,0,0,0,3,1,1,0.2,40,0,0,0,3,1,1,0.002,200,0,0,0,0,0,0,0,0,0,0,0,0,0,0,0,0,0,0,0,0,0,0,0,0,0,0,0,0,0,0,0,0,0,0,0,0,0,0,0,0,0,0,0,0,0,0,0,0,0,0,0
1989,236,9,20,53.637,2,8,0,-1,1,0,1,1,50,0,0,0,1028,0,0,0,0,0,1,1,0,0,0,115.2160772,0,0,0,0,3,1,1,0.2,40,0,0,0,3,1,1,0.002,200,0,0,0,0,0,0,0,0,0,0,0,0,0,0,0,0,0,0,0,0,0,0,0,0,0,0,0,0,0,0,0,0,0,0,0,0,0,0,0,0,0,0,0,0,0,0,0,0,0,0,0
1989,236,9,22,6.718,2,8,0,-1,0,0,1,1,50,0,0,0,1028,0,0,0,0,0,1,1,0,0,0,115.097586,0,0,0,0,3,1,1,0.2,40,0,0,0,3,1,1,0.002,200,0,0,0,0,0,0,0,0,0,0,0,0,0,0,0,0,0,0,0,0,0,0,0,0,0,0,0,0,0,0,0,0,0,0,0,0,0,0,0,0,0,0,0,0,0,0,0,0,0,0,0
1989,236,9,22,29.637,2,8,0,-1,1,0,1,1,50,0,0,0,1028,0,0,0,0,0,1,1,0,0,0,115.0604251,0,0,0,0,3,1,1,0.2,40,0,0,0,3,1,1,0.002,200,0,0,0,0,0,0,0,0,0,0,0,0,0,0,0,0,0,0,0,0,0,0,0,0,0,0,0,0,0,0,0,0,0,0,0,0,0,0,0,0,0,0,0,0,0,0,0,0,0,0,0
1989,236,9,23,42.717,2,8,0,-1,0,0,1,1,50,0,0,0,1028,0,0,0,0,0,1,1,0,0,0,114.9419307,0,0,0,0,3,1,1,0.2,40,0,0,0,3,1,1,0.002,200,0,0,0,0,0,0,0,0,0,0,0,0,0,0,0,0,0,0,0,0,0,0,0,0,0,0,0,0,0,0,0,0,0,0,0,0,0,0,0,0,0,0,0,0,0,0,0,0,0,0,0
1989,236,9,24,5.638,2,8,0,-1,1,0,1,1,50,0,0,0,1028,0,0,0,0,0,1,1,0,0,0,114.9047671,0,0,0,0,3,1,1,0.2,40,0,0,0,3,1,1,0.002,200,0,0,0,0,0,0,0,0,0,0,0,0,0,0,0,0,0,0,0,0,0,0,0,0,0,0,0,0,0,0,0,0,0,0,0,0,0,0,0,0,0,0,0,0,0,0,0,0,0,0,0
1989,236,9,25,18.717,2,8,0,-1,0,0,1,1,50,0,0,0,1028,0,0,0,0,0,1,1,0,0,0,114.786271,0,0,0,0,3,1,1,0.2,40,0,0,0,3,1,1,0.002,200,0,0,0,0,0,0,0,0,0,0,0,0,0,0,0,0,0,0,0,0,0,0,0,0,0,0,0,0,0,0,0,0,0,0,0,0,0,0,0,0,0,0,0,0,0,0,0,0,0,0,0
1989,236,9,25,41.636,2,8,0,-1,1,0,1,1,50,0,0,0,1028,0,0,0,0,0,1,1,0,0,0,114.749108,0,0,0,0,3,1,1,0.2,40,0,0,0,3,1,1,0.002,200,0,0,0,0,0,0,0,0,0,0,0,0,0,0,0,0,0,0,0,0,0,0,0,0,0,0,0,0,0,0,0,0,0,0,0,0,0,0,0,0,0,0,0,0,0,0,0,0,0,0,0
1989,236,9,26,54.717,2,8,0,-1,0,0,1,1,50,0,0,0,1028,0,0,0,0,0,1,1,0,0,0,114.6306062,0,0,0,0,3,1,1,0.2,40,0,0,0,3,1,1,0.002,200,0,0,0,0,0,0,0,0,0,0,0,0,0,0,0,0,0,0,0,0,0,0,0,0,0,0,0,0,0,0,0,0,0,0,0,0,0,0,0,0,0,0,0,0,0,0,0,0,0,0,0
1989,236,9,27,17.637,2,8,0,-1,1,0,1,1,50,0,0,0,1028,0,0,0,0,0,1,1,0,0,0,114.5934414,0,0,0,0,3,1,1,0.2,40,0,0,0,3,1,1,0.002,200,0,0,0,0,0,0,0,0,0,0,0,0,0,0,0,0,0,0,0,0,0,0,0,0,0,0,0,0,0,0,0,0,0,0,0,0,0,0,0,0,0,0,0,0,0,0,0,0,0,0,0
1989,236,9,30,54.717,2,8,0,-1,0,0,1,1,50,0,0,0,1028,0,0,0,0,0,1,1,0,0,0,114.2414253,0,0,0,0,3,1,1,0.2,40,0,0,0,3,1,1,0.002,200,0,0,0,0,0,0,0,0,0,0,0,0,0,0,0,0,0,0,0,0,0,0,0,0,0,0,0,0,0,0,0,0,0,0,0,0,0,0,0,0,0,0,0,0,0,0,0,0,0,0,0
1989,236,9,31,17.637,2,8,0,-1,1,0,1,1,50,0,0,0,1028,0,0,0,0,0,1,1,0,0,0,114.2042579,0,0,0,0,3,1,1,0.2,40,0,0,0,3,1,1,0.002,200,0,0,0,0,0,0,0,0,0,0,0,0,0,0,0,0,0,0,0,0,0,0,0,0,0,0,0,0,0,0,0,0,0,0,0,0,0,0,0,0,0,0,0,0,0,0,0,0,0,0,0
1989,236,9,32,30.717,2,8,0,-1,0,0,1,1,50,0,0,0,1028,0,0,0,0,0,1,1,0,0,0,114.0857453,0,0,0,0,3,1,1,0.2,40,0,0,0,3,1,1,0.002,200,0,0,0,0,0,0,0,0,0,0,0,0,0,0,0,0,0,0,0,0,0,0,0,0,0,0,0,0,0,0,0,0,0,0,0,0,0,0,0,0,0,0,0,0,0,0,0,0,0,0,0
1989,236,9,32,53.637,2,8,0,-1,1,0,1,1,50,0,0,0,1028,0,0,0,0,0,1,1,0,0,0,114.0485769,0,0,0,0,3,1,1,0.2,40,0,0,0,3,1,1,0.002,200,0,0,0,0,0,0,0,0,0,0,0,0,0,0,0,0,0,0,0,0,0,0,0,0,0,0,0,0,0,0,0,0,0,0,0,0,0,0,0,0,0,0,0,0,0,0,0,0,0,0,0
1989,236,9,34,6.717,2,8,0,-1,0,0,1,1,50,0,0,0,1028,0,0,0,0,0,1,1,0,0,0,113.9300609,0,0,0,0,3,1,1,0.2,40,0,0,0,3,1,1,0.002,200,0,0,0,0,0,0,0,0,0,0,0,0,0,0,0,0,0,0,0,0,0,0,0,0,0,0,0,0,0,0,0,0,0,0,0,0,0,0,0,0,0,0,0,0,0,0,0,0,0,0,0
1989,236,9,34,29.636,2,8,0,-1,1,0,1,1,50,0,0,0,1028,0,0,0,0,0,1,1,0,0,0,113.8928923,0,0,0,0,3,1,1,0.2,40,0,0,0,3,1,1,0.002,200,0,0,0,0,0,0,0,0,0,0,0,0,0,0,0,0,0,0,0,0,0,0,0,0,0,0,0,0,0,0,0,0,0,0,0,0,0,0,0,0,0,0,0,0,0,0,0,0,0,0,0
1989,236,9,35,42.717,2,8,0,-1,0,0,1,1,50,0,0,0,1028,0,0,0,0,0,1,1,0,0,0,113.7743722,0,0,0,0,3,1,1,0.2,40,0,0,0,3,1,1,0.002,200,0,0,0,0,0,0,0,0,0,0,0,0,0,0,0,0,0,0,0,0,0,0,0,0,0,0,0,0,0,0,0,0,0,0,0,0,0,0,0,0,0,0,0,0,0,0,0,0,0,0,0
1989,236,9,36,5.637,2,8,0,-1,1,0,1,1,50,0,0,0,1028,0,0,0,0,0,1,1,0,0,0,113.7372008,0,0,0,0,3,1,1,0.2,40,0,0,0,3,1,1,0.002,200,0,0,0,0,0,0,0,0,0,0,0,0,0,0,0,0,0,0,0,0,0,0,0,0,0,0,0,0,0,0,0,0,0,0,0,0,0,0,0,0,0,0,0,0,0,0,0,0,0,0,0
1989,236,9,37,18.716,2,8,0,-1,0,0,1,1,50,0,0,0,1028,0,0,0,0,0,1,1,0,0,0,113.6186807,0,0,0,0,3,1,1,0.2,40,0,0,0,3,1,1,0.002,200,0,0,0,0,0,0,0,0,0,0,0,0,0,0,0,0,0,0,0,0,0,0,0,0,0,0,0,0,0,0,0,0,0,0,0,0,0,0,0,0,0,0,0,0,0,0,0,0,0,0,0
1989,236,9,37,41.635,2,8,0,-1,1,0,1,1,50,0,0,0,1028,0,0,0,0,0,1,1,0,0,0,113.5815099,0,0,0,0,3,1,1,0.2,40,0,0,0,3,1,1,0.002,200,0,0,0,0,0,0,0,0,0,0,0,0,0,0,0,0,0,0,0,0,0,0,0,0,0,0,0,0,0,0,0,0,0,0,0,0,0,0,0,0,0,0,0,0,0,0,0,0,0,0,0
1989,236,9,38,54.716,2,8,0,-1,0,0,1,1,50,0,0,0,1028,0,0,0,0,0,1,1,0,0,0,113.4629831,0,0,0,0,3,1,1,0.2,40,0,0,0,3,1,1,0.002,200,0,0,0,0,0,0,0,0,0,0,0,0,0,0,0,0,0,0,0,0,0,0,0,0,0,0,0,0,0,0,0,0,0,0,0,0,0,0,0,0,0,0,0,0,0,0,0,0,0,0,0
1989,236,9,39,17.636,2,8,0,-1,1,0,1,1,50,0,0,0,1028,0,0,0,0,0,1,1,0,0,0,113.4258097,0,0,0,0,3,1,1,0.2,40,0,0,0,3,1,1,0.002,200,0,0,0,0,0,0,0,0,0,0,0,0,0,0,0,0,0,0,0,0,0,0,0,0,0,0,0,0,0,0,0,0,0,0,0,0,0,0,0,0,0,0,0,0,0,0,0,0,0,0,0
1989,236,9,42,54.716,2,8,0,-1,0,0,1,1,50,0,0,0,1028,0,0,0,0,0,1,1,0,0,0,113.0737198,0,0,0,0,3,1,1,0.2,40,0,0,0,3,1,1,0.002,200,0,0,0,0,0,0,0,0,0,0,0,0,0,0,0,0,0,0,0,0,0,0,0,0,0,0,0,0,0,0,0,0,0,0,0,0,0,0,0,0,0,0,0,0,0,0,0,0,0,0,0
1989,236,9,43,17.636,2,8,0,-1,1,0,1,1,50,0,0,0,1028,0,0,0,0,0,1,1,0,0,0,113.0365437,0,0,0,0,3,1,1,0.2,40,0,0,0,3,1,1,0.002,200,0,0,0,0,0,0,0,0,0,0,0,0,0,0,0,0,0,0,0,0,0,0,0,0,0,0,0,0,0,0,0,0,0,0,0,0,0,0,0,0,0,0,0,0,0,0,0,0,0,0,0
1989,236,9,44,30.716,2,8,0,-1,0,0,1,1,50,0,0,0,1028,0,0,0,0,0,1,1,0,0,0,112.9180067,0,0,0,0,3,1,1,0.2,40,0,0,0,3,1,1,0.002,200,0,0,0,0,0,0,0,0,0,0,0,0,0,0,0,0,0,0,0,0,0,0,0,0,0,0,0,0,0,0,0,0,0,0,0,0,0,0,0,0,0,0,0,0,0,0,0,0,0,0,0
1989,236,9,44,53.636,2,8,0,-1,1,0,1,1,50,0,0,0,1028,0,0,0,0,0,1,1,0,0,0,112.8808304,0,0,0,0,3,1,1,0.2,40,0,0,0,3,1,1,0.002,200,0,0,0,0,0,0,0,0,0,0,0,0,0,0,0,0,0,0,0,0,0,0,0,0,0,0,0,0,0,0,0,0,0,0,0,0,0,0,0,0,0,0,0,0,0,0,0,0,0,0,0
1989,236,9,46,6.716,2,8,0,-1,0,0,1,1,50,0,0,0,1028,0,0,0,0,0,1,1,0,0,0,112.7622892,0,0,0,0,3,1,1,0.2,40,0,0,0,3,1,1,0.002,200,0,0,0,0,0,0,0,0,0,0,0,0,0,0,0,0,0,0,0,0,0,0,0,0,0,0,0,0,0,0,0,0,0,0,0,0,0,0,0,0,0,0,0,0,0,0,0,0,0,0,0
1989,236,9,46,29.636,2,8,0,-1,1,0,1,1,50,0,0,0,1028,0,0,0,0,0,1,1,0,0,0,112.7251117,0,0,0,0,3,1,1,0.2,40,0,0,0,3,1,1,0.002,200,0,0,0,0,0,0,0,0,0,0,0,0,0,0,0,0,0,0,0,0,0,0,0,0,0,0,0,0,0,0,0,0,0,0,0,0,0,0,0,0,0,0,0,0,0,0,0,0,0,0,0
1989,236,9,47,42.716,2,8,0,-1,0,0,1,1,50,0,0,0,1028,0,0,0,0,0,1,1,0,0,0,112.6065671,0,0,0,0,3,1,1,0.2,40,0,0,0,3,1,1,0.002,200,0,0,0,0,0,0,0,0,0,0,0,0,0,0,0,0,0,0,0,0,0,0,0,0,0,0,0,0,0,0,0,0,0,0,0,0,0,0,0,0,0,0,0,0,0,0,0,0,0,0,0
1989,236,9,48,5.636,2,8,0,-1,1,0,1,1,50,0,0,0,1028,0,0,0,0,0,1,1,0,0,0,112.5693878,0,0,0,0,3,1,1,0.2,40,0,0,0,3,1,1,0.002,200,0,0,0,0,0,0,0,0,0,0,0,0,0,0,0,0,0,0,0,0,0,0,0,0,0,0,0,0,0,0,0,0,0,0,0,0,0,0,0,0,0,0,0,0,0,0,0,0,0,0,0
1989,236,9,49,18.715,2,8,0,-1,0,0,1,1,50,0,0,0,1028,0,0,0,0,0,1,1,0,0,0,112.4508414,0,0,0,0,3,1,1,0.2,40,0,0,0,3,1,1,0.002,200,0,0,0,0,0,0,0,0,0,0,0,0,0,0,0,0,0,0,0,0,0,0,0,0,0,0,0,0,0,0,0,0,0,0,0,0,0,0,0,0,0,0,0,0,0,0,0,0,0,0,0
1989,236,9,49,41.634,2,8,0,-1,1,0,1,1,50,0,0,0,1028,0,0,0,0,0,1,1,0,0,0,112.4136626,0,0,0,0,3,1,1,0.2,40,0,0,0,3,1,1,0.002,200,0,0,0,0,0,0,0,0,0,0,0,0,0,0,0,0,0,0,0,0,0,0,0,0,0,0,0,0,0,0,0,0,0,0,0,0,0,0,0,0,0,0,0,0,0,0,0,0,0,0,0
1989,236,9,50,54.715,2,8,0,-1,0,0,1,1,50,0,0,0,1028,0,0,0,0,0,1,1,0,0,0,112.2951112,0,0,0,0,3,1,1,0.2,40,0,0,0,3,1,1,0.002,200,0,0,0,0,0,0,0,0,0,0,0,0,0,0,0,0,0,0,0,0,0,0,0,0,0,0,0,0,0,0,0,0,0,0,0,0,0,0,0,0,0,0,0,0,0,0,0,0,0,0,0
1989,236,9,51,17.635,2,8,0,-1,1,0,1,1,50,0,0,0,1028,0,0,0,0,0,1,1,0,0,0,112.2579297,0,0,0,0,3,1,1,0.2,40,0,0,0,3,1,1,0.002,200,0,0,0,0,0,0,0,0,0,0,0,0,0,0,0,0,0,0,0,0,0,0,0,0,0,0,0,0,0,0,0,0,0,0,0,0,0,0,0,0,0,0,0,0,0,0,0,0,0,0,0
1989,236,9,54,54.715,2,8,0,-1,0,0,1,1,50,0,0,0,1028,0,0,0,0,0,1,1,0,0,0,111.9057638,0,0,0,0,3,1,1,0.2,40,0,0,0,3,1,1,0.002,200,0,0,0,0,0,0,0,0,0,0,0,0,0,0,0,0,0,0,0,0,0,0,0,0,0,0,0,0,0,0,0,0,0,0,0,0,0,0,0,0,0,0,0,0,0,0,0,0,0,0,0
1989,236,9,55,17.635,2,8,0,-1,1,0,1,1,50,0,0,0,1028,0,0,0,0,0,1,1,0,0,0,111.8685796,0,0,0,0,3,1,1,0.2,40,0,0,0,3,1,1,0.002,200,0,0,0,0,0,0,0,0,0,0,0,0,0,0,0,0,0,0,0,0,0,0,0,0,0,0,0,0,0,0,0,0,0,0,0,0,0,0,0,0,0,0,0,0,0,0,0,0,0,0,0
1989,236,9,56,30.715,2,8,0,-1,0,0,1,1,50,0,0,0,1028,0,0,0,0,0,1,1,0,0,0,111.7500169,0,0,0,0,3,1,1,0.2,40,0,0,0,3,1,1,0.002,200,0,0,0,0,0,0,0,0,0,0,0,0,0,0,0,0,0,0,0,0,0,0,0,0,0,0,0,0,0,0,0,0,0,0,0,0,0,0,0,0,0,0,0,0,0,0,0,0,0,0,0
1989,236,9,56,53.634,2,8,0,-1,1,0,1,1,50,0,0,0,1028,0,0,0,0,0,1,1,0,0,0,111.7128324,0,0,0,0,3,1,1,0.2,40,0,0,0,3,1,1,0.002,200,0,0,0,0,0,0,0,0,0,0,0,0,0,0,0,0,0,0,0,0,0,0,0,0,0,0,0,0,0,0,0,0,0,0,0,0,0,0,0,0,0,0,0,0,0,0,0,0,0,0,0
1989,236,9,58,6.715,2,8,0,-1,0,0,1,1,50,0,0,0,1028,0,0,0,0,0,1,1,0,0,0,111.5942654,0,0,0,0,3,1,1,0.2,40,0,0,0,3,1,1,0.002,200,0,0,0,0,0,0,0,0,0,0,0,0,0,0,0,0,0,0,0,0,0,0,0,0,0,0,0,0,0,0,0,0,0,0,0,0,0,0,0,0,0,0,0,0,0,0,0,0,0,0,0
1989,236,9,58,29.634,2,8,0,-1,1,0,1,1,50,0,0,0,1028,0,0,0,0,0,1,1,0,0,0,111.5570799,0,0,0,0,3,1,1,0.2,40,0,0,0,3,1,1,0.002,200,0,0,0,0,0,0,0,0,0,0,0,0,0,0,0,0,0,0,0,0,0,0,0,0,0,0,0,0,0,0,0,0,0,0,0,0,0,0,0,0,0,0,0,0,0,0,0,0,0,0,0
1989,236,9,59,42.715,2,8,0,-1,0,0,1,1,50,0,0,0,1028,0,0,0,0,0,1,1,0,0,0,111.4385093,0,0,0,0,3,1,1,0.2,40,0,0,0,3,1,1,0.002,200,0,0,0,0,0,0,0,0,0,0,0,0,0,0,0,0,0,0,0,0,0,0,0,0,0,0,0,0,0,0,0,0,0,0,0,0,0,0,0,0,0,0,0,0,0,0,0,0,0,0,0
1989,236,10,0,5.635,2,8,0,-1,1,0,1,1,50,0,0,0,1028,0,0,0,0,0,1,1,0,0,0,111.4013219,0,0,0,0,3,1,1,0.2,40,0,0,0,3,1,1,0.002,200,0,0,0,0,0,0,0,0,0,0,0,0,0,0,0,0,0,0,0,0,0,0,0,0,0,0,0,0,0,0,0,0,0,0,0,0,0,0,0,0,0,0,0,0,0,0,0,0,0,0,0
1989,236,10,1,18.715,2,8,0,-1,0,0,1,1,50,0,0,0,1028,0,0,0,0,0,1,1,0,0,0,111.2827487,0,0,0,0,3,1,1,0.2,40,0,0,0,3,1,1,0.002,200,0,0,0,0,0,0,0,0,0,0,0,0,0,0,0,0,0,0,0,0,0,0,0,0,0,0,0,0,0,0,0,0,0,0,0,0,0,0,0,0,0,0,0,0,0,0,0,0,0,0,0
1989,236,10,1,41.634,2,8,0,-1,1,0,1,1,50,0,0,0,1028,0,0,0,0,0,1,1,0,0,0,111.2455618,0,0,0,0,3,1,1,0.2,40,0,0,0,3,1,1,0.002,200,0,0,0,0,0,0,0,0,0,0,0,0,0,0,0,0,0,0,0,0,0,0,0,0,0,0,0,0,0,0,0,0,0,0,0,0,0,0,0,0,0,0,0,0,0,0,0,0,0,0,0
1989,236,10,2,54.714,2,8,0,-1,0,0,1,1,50,0,0,0,1028,0,0,0,0,0,1,1,0,0,0,111.1269851,0,0,0,0,3,1,1,0.2,40,0,0,0,3,1,1,0.002,200,0,0,0,0,0,0,0,0,0,0,0,0,0,0,0,0,0,0,0,0,0,0,0,0,0,0,0,0,0,0,0,0,0,0,0,0,0,0,0,0,0,0,0,0,0,0,0,0,0,0,0
1989,236,10,3,17.634,2,8,0,-1,1,0,1,1,50,0,0,0,1028,0,0,0,0,0,1,1,0,0,0,111.0897954,0,0,0,0,3,1,1,0.2,40,0,0,0,3,1,1,0.002,200,0,0,0,0,0,0,0,0,0,0,0,0,0,0,0,0,0,0,0,0,0,0,0,0,0,0,0,0,0,0,0,0,0,0,0,0,0,0,0,0,0,0,0,0,0,0,0,0,0,0,0
1989,236,10,6,54.714,2,8,0,-1,0,0,1,1,50,0,0,0,1028,0,0,0,0,0,1,1,0,0,0,110.7375517,0,0,0,0,3,1,1,0.2,40,0,0,0,3,1,1,0.002,200,0,0,0,0,0,0,0,0,0,0,0,0,0,0,0,0,0,0,0,0,0,0,0,0,0,0,0,0,0,0,0,0,0,0,0,0,0,0,0,0,0,0,0,0,0,0,0,0,0,0,0
1989,236,10,7,17.634,2,8,0,-1,1,0,1,1,50,0,0,0,1028,0,0,0,0,0,1,1,0,0,0,110.7003593,0,0,0,0,3,1,1,0.2,40,0,0,0,3,1,1,0.002,200,0,0,0,0,0,0,0,0,0,0,0,0,0,0,0,0,0,0,0,0,0,0,0,0,0,0,0,0,0,0,0,0,0,0,0,0,0,0,0,0,0,0,0,0,0,0,0,0,0,0,0
1989,236,10,8,30.714,2,8,0,-1,0,0,1,1,50,0,0,0,1028,0,0,0,0,0,1,1,0,0,0,110.5817703,0,0,0,0,3,1,1,0.2,40,0,0,0,3,1,1,0.002,200,0,0,0,0,0,0,0,0,0,0,0,0,0,0,0,0,0,0,0,0,0,0,0,0,0,0,0,0,0,0,0,0,0,0,0,0,0,0,0,0,0,0,0,0,0,0,0,0,0,0,0
1989,236,10,8,53.634,2,8,0,-1,1,0,1,1,50,0,0,0,1028,0,0,0,0,0,1,1,0,0,0,110.5445768,0,0,0,0,3,1,1,0.2,40,0,0,0,3,1,1,0.002,200,0,0,0,0,0,0,0,0,0,0,0,0,0,0,0,0,0,0,0,0,0,0,0,0,0,0,0,0,0,0,0,0,0,0,0,0,0,0,0,0,0,0,0,0,0,0,0,0,0,0,0
1989,236,10,10,6.714,2,8,0,-1,0,0,1,1,50,0,0,0,1028,0,0,0,0,0,1,1,0,0,0,110.4259841,0,0,0,0,3,1,1,0.2,40,0,0,0,3,1,1,0.002,200,0,0,0,0,0,0,0,0,0,0,0,0,0,0,0,0,0,0,0,0,0,0,0,0,0,0,0,0,0,0,0,0,0,0,0,0,0,0,0,0,0,0,0,0,0,0,0,0,0,0,0
1989,236,10,10,29.634,2,8,0,-1,1,0,1,1,50,0,0,0,1028,0,0,0,0,0,1,1,0,0,0,110.3887903,0,0,0,0,3,1,1,0.2,40,0,0,0,3,1,1,0.002,200,0,0,0,0,0,0,0,0,0,0,0,0,0,0,0,0,0,0,0,0,0,0,0,0,0,0,0,0,0,0,0,0,0,0,0,0,0,0,0,0,0,0,0,0,0,0,0,0,0,0,0
1989,236,10,11,42.714,2,8,0,-1,0,0,1,1,50,0,0,0,1028,0,0,0,0,0,1,1,0,0,0,110.2701933,0,0,0,0,3,1,1,0.2,40,0,0,0,3,1,1,0.002,200,0,0,0,0,0,0,0,0,0,0,0,0,0,0,0,0,0,0,0,0,0,0,0,0,0,0,0,0,0,0,0,0,0,0,0,0,0,0,0,0,0,0,0,0,0,0,0,0,0,0,0
1989,236,10,12,5.634,2,8,0,-1,1,0,1,1,50,0,0,0,1028,0,0,0,0,0,1,1,0,0,0,110.2329976,0,0,0,0,3,1,1,0.2,40,0,0,0,3,1,1,0.002,200,0,0,0,0,0,0,0,0,0,0,0,0,0,0,0,0,0,0,0,0,0,0,0,0,0,0,0,0,0,0,0,0,0,0,0,0,0,0,0,0,0,0,0,0,0,0,0,0,0,0,0
1989,236,10,13,18.714,2,8,0,-1,0,0,1,1,50,0,0,0,1028,0,0,0,0,0,1,1,0,0,0,110.1143979,0,0,0,0,3,1,1,0.2,40,0,0,0,3,1,1,0.002,200,0,0,0,0,0,0,0,0,0,0,0,0,0,0,0,0,0,0,0,0,0,0,0,0,0,0,0,0,0,0,0,0,0,0,0,0,0,0,0,0,0,0,0,0,0,0,0,0,0,0,0
1989,236,10,13,41.633,2,8,0,-1,1,0,1,1,50,0,0,0,1028,0,0,0,0,0,1,1,0,0,0,110.0772018,0,0,0,0,3,1,1,0.2,40,0,0,0,3,1,1,0.002,200,0,0,0,0,0,0,0,0,0,0,0,0,0,0,0,0,0,0,0,0,0,0,0,0,0,0,0,0,0,0,0,0,0,0,0,0,0,0,0,0,0,0,0,0,0,0,0,0,0,0,0
1989,236,10,14,54.713,2,8,0,-1,0,0,1,1,50,0,0,0,1028,0,0,0,0,0,1,1,0,0,0,109.9585985,0,0,0,0,3,1,1,0.2,40,0,0,0,3,1,1,0.002,200,0,0,0,0,0,0,0,0,0,0,0,0,0,0,0,0,0,0,0,0,0,0,0,0,0,0,0,0,0,0,0,0,0,0,0,0,0,0,0,0,0,0,0,0,0,0,0,0,0,0,0
1989,236,10,15,17.634,2,8,0,-1,1,0,1,1,50,0,0,0,1028,0,0,0,0,0,1,1,0,0,0,109.9214005,0,0,0,0,3,1,1,0.2,40,0,0,0,3,1,1,0.002,200,0,0,0,0,0,0,0,0,0,0,0,0,0,0,0,0,0,0,0,0,0,0,0,0,0,0,0,0,0,0,0,0,0,0,0,0,0,0,0,0,0,0,0,0,0,0,0,0,0,0,0
1989,236,10,18,54.713,2,8,0,-1,0,0,1,1,50,0,0,0,1028,0,0,0,0,0,1,1,0,0,0,109.5690781,0,0,0,0,3,1,1,0.2,40,0,0,0,3,1,1,0.002,200,0,0,0,0,0,0,0,0,0,0,0,0,0,0,0,0,0,0,0,0,0,0,0,0,0,0,0,0,0,0,0,0,0,0,0,0,0,0,0,0,0,0,0,0,0,0,0,0,0,0,0
1989,236,10,19,17.633,2,8,0,-1,1,0,1,1,50,0,0,0,1028,0,0,0,0,0,1,1,0,0,0,109.5318773,0,0,0,0,3,1,1,0.2,40,0,0,0,3,1,1,0.002,200,0,0,0,0,0,0,0,0,0,0,0,0,0,0,0,0,0,0,0,0,0,0,0,0,0,0,0,0,0,0,0,0,0,0,0,0,0,0,0,0,0,0,0,0,0,0,0,0,0,0,0
1989,236,10,20,30.713,2,8,0,-1,0,0,1,1,50,0,0,0,1028,0,0,0,0,0,1,1,0,0,0,109.4132614,0,0,0,0,3,1,1,0.2,40,0,0,0,3,1,1,0.002,200,0,0,0,0,0,0,0,0,0,0,0,0,0,0,0,0,0,0,0,0,0,0,0,0,0,0,0,0,0,0,0,0,0,0,0,0,0,0,0,0,0,0,0,0,0,0,0,0,0,0,0
1989,236,10,20,53.633,2,8,0,-1,1,0,1,1,50,0,0,0,1028,0,0,0,0,0,1,1,0,0,0,109.3760594,0,0,0,0,3,1,1,0.2,40,0,0,0,3,1,1,0.002,200,0,0,0,0,0,0,0,0,0,0,0,0,0,0,0,0,0,0,0,0,0,0,0,0,0,0,0,0,0,0,0,0,0,0,0,0,0,0,0,0,0,0,0,0,0,0,0,0,0,0,0
1989,236,10,22,6.713,2,8,0,-1,0,0,1,1,50,0,0,0,1028,0,0,0,0,0,1,1,0,0,0,109.2574398,0,0,0,0,3,1,1,0.2,40,0,0,0,3,1,1,0.002,200,0,0,0,0,0,0,0,0,0,0,0,0,0,0,0,0,0,0,0,0,0,0,0,0,0,0,0,0,0,0,0,0,0,0,0,0,0,0,0,0,0,0,0,0,0,0,0,0,0,0,0
1989,236,10,22,29.633,2,8,0,-1,1,0,1,1,50,0,0,0,1028,0,0,0,0,0,1,1,0,0,0,109.2202367,0,0,0,0,3,1,1,0.2,40,0,0,0,3,1,1,0.002,200,0,0,0,0,0,0,0,0,0,0,0,0,0,0,0,0,0,0,0,0,0,0,0,0,0,0,0,0,0,0,0,0,0,0,0,0,0,0,0,0,0,0,0,0,0,0,0,0,0,0,0
1989,236,10,23,42.713,2,8,0,-1,0,0,1,1,50,0,0,0,1028,0,0,0,0,0,1,1,0,0,0,109.1016135,0,0,0,0,3,1,1,0.2,40,0,0,0,3,1,1,0.002,200,0,0,0,0,0,0,0,0,0,0,0,0,0,0,0,0,0,0,0,0,0,0,0,0,0,0,0,0,0,0,0,0,0,0,0,0,0,0,0,0,0,0,0,0,0,0,0,0,0,0,0
1989,236,10,24,5.633,2,8,0,-1,1,0,1,1,50,0,0,0,1028,0,0,0,0,0,1,1,0,0,0,109.0644093,0,0,0,0,3,1,1,0.2,40,0,0,0,3,1,1,0.002,200,0,0,0,0,0,0,0,0,0,0,0,0,0,0,0,0,0,0,0,0,0,0,0,0,0,0,0,0,0,0,0,0,0,0,0,0,0,0,0,0,0,0,0,0,0,0,0,0,0,0,0
1989,236,10,25,18.713,2,8,0,-1,0,0,1,1,50,0,0,0,1028,0,0,0,0,0,1,1,0,0,0,108.9457824,0,0,0,0,3,1,1,0.2,40,0,0,0,3,1,1,0.002,200,0,0,0,0,0,0,0,0,0,0,0,0,0,0,0,0,0,0,0,0,0,0,0,0,0,0,0,0,0,0,0,0,0,0,0,0,0,0,0,0,0,0,0,0,0,0,0,0,0,0,0
1989,236,10,25,41.633,2,8,0,-1,1,0,1,1,50,0,0,0,1028,0,0,0,0,0,1,1,0,0,0,108.908577,0,0,0,0,3,1,1,0.2,40,0,0,0,3,1,1,0.002,200,0,0,0,0,0,0,0,0,0,0,0,0,0,0,0,0,0,0,0,0,0,0,0,0,0,0,0,0,0,0,0,0,0,0,0,0,0,0,0,0,0,0,0,0,0,0,0,0,0,0,0
1989,236,10,26,54.713,2,8,0,-1,0,0,1,1,50,0,0,0,1028,0,0,0,0,0,1,1,0,0,0,108.7899465,0,0,0,0,3,1,1,0.2,40,0,0,0,3,1,1,0.002,200,0,0,0,0,0,0,0,0,0,0,0,0,0,0,0,0,0,0,0,0,0,0,0,0,0,0,0,0,0,0,0,0,0,0,0,0,0,0,0,0,0,0,0,0,0,0,0,0,0,0,0
1989,236,10,27,17.633,2,8,0,-1,1,0,1,1,50,0,0,0,1028,0,0,0,0,0,1,1,0,0,0,108.75274,0,0,0,0,3,1,1,0.2,40,0,0,0,3,1,1,0.002,200,0,0,0,0,0,0,0,0,0,0,0,0,0,0,0,0,0,0,0,0,0,0,0,0,0,0,0,0,0,0,0,0,0,0,0,0,0,0,0,0,0,0,0,0,0,0,0,0,0,0,0
1989,236,10,30,54.712,2,8,0,-1,0,0,1,1,50,0,0,0,1028,0,0,0,0,0,1,1,0,0,0,108.4003372,0,0,0,0,3,1,1,0.2,40,0,0,0,3,1,1,0.002,200,0,0,0,0,0,0,0,0,0,0,0,0,0,0,0,0,0,0,0,0,0,0,0,0,0,0,0,0,0,0,0,0,0,0,0,0,0,0,0,0,0,0,0,0,0,0,0,0,0,0,0
1989,236,10,31,17.632,2,8,0,-1,1,0,1,1,50,0,0,0,1028,0,0,0,0,0,1,1,0,0,0,108.3631286,0,0,0,0,3,1,1,0.2,40,0,0,0,3,1,1,0.002,200,0,0,0,0,0,0,0,0,0,0,0,0,0,0,0,0,0,0,0,0,0,0,0,0,0,0,0,0,0,0,0,0,0,0,0,0,0,0,0,0,0,0,0,0,0,0,0,0,0,0,0
1989,236,10,32,30.712,2,8,0,-1,0,0,1,1,50,0,0,0,1028,0,0,0,0,0,1,1,0,0,0,108.2444843,0,0,0,0,3,1,1,0.2,40,0,0,0,3,1,1,0.002,200,0,0,0,0,0,0,0,0,0,0,0,0,0,0,0,0,0,0,0,0,0,0,0,0,0,0,0,0,0,0,0,0,0,0,0,0,0,0,0,0,0,0,0,0,0,0,0,0,0,0,0
1989,236,10,32,53.632,2,8,0,-1,1,0,1,1,50,0,0,0,1028,0,0,0,0,0,1,1,0,0,0,108.2072738,0,0,0,0,3,1,1,0.2,40,0,0,0,3,1,1,0.002,200,0,0,0,0,0,0,0,0,0,0,0,0,0,0,0,0,0,0,0,0,0,0,0,0,0,0,0,0,0,0,0,0,0,0,0,0,0,0,0,0,0,0,0,0,0,0,0,0,0,0,0
1989,236,10,34,6.712,2,8,0,-1,0,0,1,1,50,0,0,0,1028,0,0,0,0,0,1,1,0,0,0,108.0886266,0,0,0,0,3,1,1,0.2,40,0,0,0,3,1,1,0.002,200,0,0,0,0,0,0,0,0,0,0,0,0,0,0,0,0,0,0,0,0,0,0,0,0,0,0,0,0,0,0,0,0,0,0,0,0,0,0,0,0,0,0,0,0,0,0,0,0,0,0,0
1989,236,10,34,29.632,2,8,0,-1,1,0,1,1,50,0,0,0,1028,0,0,0,0,0,1,1,0,0,0,108.0514157,0,0,0,0,3,1,1,0.2,40,0,0,0,3,1,1,0.002,200,0,0,0,0,0,0,0,0,0,0,0,0,0,0,0,0,0,0,0,0,0,0,0,0,0,0,0,0,0,0,0,0,0,0,0,0,0,0,0,0,0,0,0,0,0,0,0,0,0,0,0
1989,236,10,35,42.712,2,8,0,-1,0,0,1,1,50,0,0,0,1028,0,0,0,0,0,1,1,0,0,0,107.932764,0,0,0,0,3,1,1,0.2,40,0,0,0,3,1,1,0.002,200,0,0,0,0,0,0,0,0,0,0,0,0,0,0,0,0,0,0,0,0,0,0,0,0,0,0,0,0,0,0,0,0,0,0,0,0,0,0,0,0,0,0,0,0,0,0,0,0,0,0,0
1989,236,10,36,5.632,2,8,0,-1,1,0,1,1,50,0,0,0,1028,0,0,0,0,0,1,1,0,0,0,107.8955511,0,0,0,0,3,1,1,0.2,40,0,0,0,3,1,1,0.002,200,0,0,0,0,0,0,0,0,0,0,0,0,0,0,0,0,0,0,0,0,0,0,0,0,0,0,0,0,0,0,0,0,0,0,0,0,0,0,0,0,0,0,0,0,0,0,0,0,0,0,0
1989,236,10,37,18.712,2,8,0,-1,0,0,1,1,50,0,0,0,1028,0,0,0,0,0,1,1,0,0,0,107.7768965,0,0,0,0,3,1,1,0.2,40,0,0,0,3,1,1,0.002,200,0,0,0,0,0,0,0,0,0,0,0,0,0,0,0,0,0,0,0,0,0,0,0,0,0,0,0,0,0,0,0,0,0,0,0,0,0,0,0,0,0,0,0,0,0,0,0,0,0,0,0
1989,236,10,37,41.632,2,8,0,-1,1,0,1,1,50,0,0,0,1028,0,0,0,0,0,1,1,0,0,0,107.7396824,0,0,0,0,3,1,1,0.2,40,0,0,0,3,1,1,0.002,200,0,0,0,0,0,0,0,0,0,0,0,0,0,0,0,0,0,0,0,0,0,0,0,0,0,0,0,0,0,0,0,0,0,0,0,0,0,0,0,0,0,0,0,0,0,0,0,0,0,0,0
1989,236,10,38,54.712,2,8,0,-1,0,0,1,1,50,0,0,0,1028,0,0,0,0,0,1,1,0,0,0,107.6210241,0,0,0,0,3,1,1,0.2,40,0,0,0,3,1,1,0.002,200,0,0,0,0,0,0,0,0,0,0,0,0,0,0,0,0,0,0,0,0,0,0,0,0,0,0,0,0,0,0,0,0,0,0,0,0,0,0,0,0,0,0,0,0,0,0,0,0,0,0,0
1989,236,10,39,17.632,2,8,0,-1,1,0,1,1,50,0,0,0,1028,0,0,0,0,0,1,1,0,0,0,107.5838096,0,0,0,0,3,1,1,0.2,40,0,0,0,3,1,1,0.002,200,0,0,0,0,0,0,0,0,0,0,0,0,0,0,0,0,0,0,0,0,0,0,0,0,0,0,0,0,0,0,0,0,0,0,0,0,0,0,0,0,0,0,0,0,0,0,0,0,0,0,0
1989,236,10,42,54.711,2,8,0,-1,0,0,1,1,50,0,0,0,1028,0,0,0,0,0,1,1,0,0,0,107.231323,0,0,0,0,3,1,1,0.2,40,0,0,0,3,1,1,0.002,200,0,0,0,0,0,0,0,0,0,0,0,0,0,0,0,0,0,0,0,0,0,0,0,0,0,0,0,0,0,0,0,0,0,0,0,0,0,0,0,0,0,0,0,0,0,0,0,0,0,0,0
1989,236,10,43,17.631,2,8,0,-1,1,0,1,1,50,0,0,0,1028,0,0,0,0,0,1,1,0,0,0,107.1941056,0,0,0,0,3,1,1,0.2,40,0,0,0,3,1,1,0.002,200,0,0,0,0,0,0,0,0,0,0,0,0,0,0,0,0,0,0,0,0,0,0,0,0,0,0,0,0,0,0,0,0,0,0,0,0,0,0,0,0,0,0,0,0,0,0,0,0,0,0,0
1989,236,10,44,30.711,2,8,0,-1,0,0,1,1,50,0,0,0,1028,0,0,0,0,0,1,1,0,0,0,107.0754332,0,0,0,0,3,1,1,0.2,40,0,0,0,3,1,1,0.002,200,0,0,0,0,0,0,0,0,0,0,0,0,0,0,0,0,0,0,0,0,0,0,0,0,0,0,0,0,0,0,0,0,0,0,0,0,0,0,0,0,0,0,0,0,0,0,0,0,0,0,0
1989,236,10,44,53.631,2,8,0,-1,1,0,1,1,50,0,0,0,1028,0,0,0,0,0,1,1,0,0,0,107.0382138,0,0,0,0,3,1,1,0.2,40,0,0,0,3,1,1,0.002,200,0,0,0,0,0,0,0,0,0,0,0,0,0,0,0,0,0,0,0,0,0,0,0,0,0,0,0,0,0,0,0,0,0,0,0,0,0,0,0,0,0,0,0,0,0,0,0,0,0,0,0
1989,236,10,46,6.711,2,8,0,-1,0,0,1,1,50,0,0,0,1028,0,0,0,0,0,1,1,0,0,0,106.9195385,0,0,0,0,3,1,1,0.2,40,0,0,0,3,1,1,0.002,200,0,0,0,0,0,0,0,0,0,0,0,0,0,0,0,0,0,0,0,0,0,0,0,0,0,0,0,0,0,0,0,0,0,0,0,0,0,0,0,0,0,0,0,0,0,0,0,0,0,0,0
1989,236,10,46,29.631,2,8,0,-1,1,0,1,1,50,0,0,0,1028,0,0,0,0,0,1,1,0,0,0,106.8823187,0,0,0,0,3,1,1,0.2,40,0,0,0,3,1,1,0.002,200,0,0,0,0,0,0,0,0,0,0,0,0,0,0,0,0,0,0,0,0,0,0,0,0,0,0,0,0,0,0,0,0,0,0,0,0,0,0,0,0,0,0,0,0,0,0,0,0,0,0,0
1989,236,10,47,42.711,2,8,0,-1,0,0,1,1,50,0,0,0,1028,0,0,0,0,0,1,1,0,0,0,106.7636388,0,0,0,0,3,1,1,0.2,40,0,0,0,3,1,1,0.002,200,0,0,0,0,0,0,0,0,0,0,0,0,0,0,0,0,0,0,0,0,0,0,0,0,0,0,0,0,0,0,0,0,0,0,0,0,0,0,0,0,0,0,0,0,0,0,0,0,0,0,0
1989,236,10,48,5.631,2,8,0,-1,1,0,1,1,50,0,0,0,1028,0,0,0,0,0,1,1,0,0,0,106.7264178,0,0,0,0,3,1,1,0.2,40,0,0,0,3,1,1,0.002,200,0,0,0,0,0,0,0,0,0,0,0,0,0,0,0,0,0,0,0,0,0,0,0,0,0,0,0,0,0,0,0,0,0,0,0,0,0,0,0,0,0,0,0,0,0,0,0,0,0,0,0
1989,236,10,49,18.711,2,8,0,-1,0,0,1,1,50,0,0,0,1028,0,0,0,0,0,1,1,0,0,0,106.607734,0,0,0,0,3,1,1,0.2,40,0,0,0,3,1,1,0.002,200,0,0,0,0,0,0,0,0,0,0,0,0,0,0,0,0,0,0,0,0,0,0,0,0,0,0,0,0,0,0,0,0,0,0,0,0,0,0,0,0,0,0,0,0,0,0,0,0,0,0,0
1989,236,10,49,41.631,2,8,0,-1,1,0,1,1,50,0,0,0,1028,0,0,0,0,0,1,1,0,0,0,106.570511,0,0,0,0,3,1,1,0.2,40,0,0,0,3,1,1,0.002,200,0,0,0,0,0,0,0,0,0,0,0,0,0,0,0,0,0,0,0,0,0,0,0,0,0,0,0,0,0,0,0,0,0,0,0,0,0,0,0,0,0,0,0,0,0,0,0,0,0,0,0
1989,236,10,50,54.711,2,8,0,-1,0,0,1,1,50,0,0,0,1028,0,0,0,0,0,1,1,0,0,0,106.4518242,0,0,0,0,3,1,1,0.2,40,0,0,0,3,1,1,0.002,200,0,0,0,0,0,0,0,0,0,0,0,0,0,0,0,0,0,0,0,0,0,0,0,0,0,0,0,0,0,0,0,0,0,0,0,0,0,0,0,0,0,0,0,0,0,0,0,0,0,0,0
1989,236,10,51,17.631,2,8,0,-1,1,0,1,1,50,0,0,0,1028,0,0,0,0,0,1,1,0,0,0,106.4146008,0,0,0,0,3,1,1,0.2,40,0,0,0,3,1,1,0.002,200,0,0,0,0,0,0,0,0,0,0,0,0,0,0,0,0,0,0,0,0,0,0,0,0,0,0,0,0,0,0,0,0,0,0,0,0,0,0,0,0,0,0,0,0,0,0,0,0,0,0,0
1989,236,10,54,54.71,2,8,0,-1,0,0,1,1,50,0,0,0,1028,0,0,0,0,0,1,1,0,0,0,106.0620293,0,0,0,0,3,1,1,0.2,40,0,0,0,3,1,1,0.002,200,0,0,0,0,0,0,0,0,0,0,0,0,0,0,0,0,0,0,0,0,0,0,0,0,0,0,0,0,0,0,0,0,0,0,0,0,0,0,0,0,0,0,0,0,0,0,0,0,0,0,0
1989,236,10,55,17.629,2,8,0,-1,1,0,1,1,50,0,0,0,1028,0,0,0,0,0,1,1,0,0,0,106.0248029,0,0,0,0,3,1,1,0.2,40,0,0,0,3,1,1,0.002,200,0,0,0,0,0,0,0,0,0,0,0,0,0,0,0,0,0,0,0,0,0,0,0,0,0,0,0,0,0,0,0,0,0,0,0,0,0,0,0,0,0,0,0,0,0,0,0,0,0,0,0
1989,236,10,56,30.71,2,8,0,-1,0,0,1,1,50,0,0,0,1028,0,0,0,0,0,1,1,0,0,0,105.9061018,0,0,0,0,3,1,1,0.2,40,0,0,0,3,1,1,0.002,200,0,0,0,0,0,0,0,0,0,0,0,0,0,0,0,0,0,0,0,0,0,0,0,0,0,0,0,0,0,0,0,0,0,0,0,0,0,0,0,0,0,0,0,0,0,0,0,0,0,0,0
1989,236,10,56,53.63,2,8,0,-1,1,0,1,1,50,0,0,0,1028,0,0,0,0,0,1,1,0,0,0,105.8688734,0,0,0,0,3,1,1,0.2,40,0,0,0,3,1,1,0.002,200,0,0,0,0,0,0,0,0,0,0,0,0,0,0,0,0,0,0,0,0,0,0,0,0,0,0,0,0,0,0,0,0,0,0,0,0,0,0,0,0,0,0,0,0,0,0,0,0,0,0,0
1989,236,10,58,6.71,2,8,0,-1,0,0,1,1,50,0,0,0,1028,0,0,0,0,0,1,1,0,0,0,105.7501692,0,0,0,0,3,1,1,0.2,40,0,0,0,3,1,1,0.002,200,0,0,0,0,0,0,0,0,0,0,0,0,0,0,0,0,0,0,0,0,0,0,0,0,0,0,0,0,0,0,0,0,0,0,0,0,0,0,0,0,0,0,0,0,0,0,0,0,0,0,0
1989,236,10,58,29.629,2,8,0,-1,1,0,1,1,50,0,0,0,1028,0,0,0,0,0,1,1,0,0,0,105.7129404,0,0,0,0,3,1,1,0.2,40,0,0,0,3,1,1,0.002,200,0,0,0,0,0,0,0,0,0,0,0,0,0,0,0,0,0,0,0,0,0,0,0,0,0,0,0,0,0,0,0,0,0,0,0,0,0,0,0,0,0,0,0,0,0,0,0,0,0,0,0
1989,236,10,59,42.71,2,8,0,-1,0,0,1,1,50,0,0,0,1028,0,0,0,0,0,1,1,0,0,0,105.5942315,0,0,0,0,3,1,1,0.2,40,0,0,0,3,1,1,0.002,200,0,0,0,0,0,0,0,0,0,0,0,0,0,0,0,0,0,0,0,0,0,0,0,0,0,0,0,0,0,0,0,0,0,0,0,0,0,0,0,0,0,0,0,0,0,0,0,0,0,0,0
1989,236,11,0,5.63,2,8,0,-1,1,0,1,1,50,0,0,0,1028,0,0,0,0,0,1,1,0,0,0,105.5570006,0,0,0,0,3,1,1,0.2,40,0,0,0,3,1,1,0.002,200,0,0,0,0,0,0,0,0,0,0,0,0,0,0,0,0,0,0,0,0,0,0,0,0,0,0,0,0,0,0,0,0,0,0,0,0,0,0,0,0,0,0,0,0,0,0,0,0,0,0,0
1989,236,11,1,18.71,2,8,0,-1,0,0,1,1,50,0,0,0,1028,0,0,0,0,0,1,1,0,0,0,105.4382887,0,0,0,0,3,1,1,0.2,40,0,0,0,3,1,1,0.002,200,0,0,0,0,0,0,0,0,0,0,0,0,0,0,0,0,0,0,0,0,0,0,0,0,0,0,0,0,0,0,0,0,0,0,0,0,0,0,0,0,0,0,0,0,0,0,0,0,0,0,0
1989,236,11,1,41.63,2,8,0,-1,1,0,1,1,50,0,0,0,1028,0,0,0,0,0,1,1,0,0,0,105.4010566,0,0,0,0,3,1,1,0.2,40,0,0,0,3,1,1,0.002,200,0,0,0,0,0,0,0,0,0,0,0,0,0,0,0,0,0,0,0,0,0,0,0,0,0,0,0,0,0,0,0,0,0,0,0,0,0,0,0,0,0,0,0,0,0,0,0,0,0,0,0
1989,236,11,2,54.71,2,8,0,-1,0,0,1,1,50,0,0,0,1028,0,0,0,0,0,1,1,0,0,0,105.2823407,0,0,0,0,3,1,1,0.2,40,0,0,0,3,1,1,0.002,200,0,0,0,0,0,0,0,0,0,0,0,0,0,0,0,0,0,0,0,0,0,0,0,0,0,0,0,0,0,0,0,0,0,0,0,0,0,0,0,0,0,0,0,0,0,0,0,0,0,0,0
1989,236,11,3,17.629,2,8,0,-1,1,0,1,1,50,0,0,0,1028,0,0,0,0,0,1,1,0,0,0,105.2451082,0,0,0,0,3,1,1,0.2,40,0,0,0,3,1,1,0.002,200,0,0,0,0,0,0,0,0,0,0,0,0,0,0,0,0,0,0,0,0,0,0,0,0,0,0,0,0,0,0,0,0,0,0,0,0,0,0,0,0,0,0,0,0,0,0,0,0,0,0,0
1989,236,11,6,54.71,2,8,0,-1,0,0,1,1,50,0,0,0,1028,0,0,0,0,0,1,1,0,0,0,104.892449,0,0,0,0,3,1,1,0.2,40,0,0,0,3,1,1,0.002,200,0,0,0,0,0,0,0,0,0,0,0,0,0,0,0,0,0,0,0,0,0,0,0,0,0,0,0,0,0,0,0,0,0,0,0,0,0,0,0,0,0,0,0,0,0,0,0,0,0,0,0
1989,236,11,7,17.629,2,8,0,-1,1,0,1,1,50,0,0,0,1028,0,0,0,0,0,1,1,0,0,0,104.8552134,0,0,0,0,3,1,1,0.2,40,0,0,0,3,1,1,0.002,200,0,0,0,0,0,0,0,0,0,0,0,0,0,0,0,0,0,0,0,0,0,0,0,0,0,0,0,0,0,0,0,0,0,0,0,0,0,0,0,0,0,0,0,0,0,0,0,0,0,0,0
1989,236,11,8,30.708,2,8,0,-1,0,0,1,1,50,0,0,0,1028,0,0,0,0,0,1,1,0,0,0,104.7364845,0,0,0,0,3,1,1,0.2,40,0,0,0,3,1,1,0.002,200,0,0,0,0,0,0,0,0,0,0,0,0,0,0,0,0,0,0,0,0,0,0,0,0,0,0,0,0,0,0,0,0,0,0,0,0,0,0,0,0,0,0,0,0,0,0,0,0,0,0,0
1989,236,11,8,53.629,2,8,0,-1,1,0,1,1,50,0,0,0,1028,0,0,0,0,0,1,1,0,0,0,104.699246,0,0,0,0,3,1,1,0.2,40,0,0,0,3,1,1,0.002,200,0,0,0,0,0,0,0,0,0,0,0,0,0,0,0,0,0,0,0,0,0,0,0,0,0,0,0,0,0,0,0,0,0,0,0,0,0,0,0,0,0,0,0,0,0,0,0,0,0,0,0
1989,236,11,10,6.709,2,8,0,-1,0,0,1,1,50,0,0,0,1028,0,0,0,0,0,1,1,0,0,0,104.5805124,0,0,0,0,3,1,1,0.2,40,0,0,0,3,1,1,0.002,200,0,0,0,0,0,0,0,0,0,0,0,0,0,0,0,0,0,0,0,0,0,0,0,0,0,0,0,0,0,0,0,0,0,0,0,0,0,0,0,0,0,0,0,0,0,0,0,0,0,0,0
1989,236,11,10,29.629,2,8,0,-1,1,0,1,1,50,0,0,0,1028,0,0,0,0,0,1,1,0,0,0,104.5432735,0,0,0,0,3,1,1,0.2,40,0,0,0,3,1,1,0.002,200,0,0,0,0,0,0,0,0,0,0,0,0,0,0,0,0,0,0,0,0,0,0,0,0,0,0,0,0,0,0,0,0,0,0,0,0,0,0,0,0,0,0,0,0,0,0,0,0,0,0,0
1989,236,11,11,42.708,2,8,0,-1,0,0,1,1,50,0,0,0,1028,0,0,0,0,0,1,1,0,0,0,104.4245367,0,0,0,0,3,1,1,0.2,40,0,0,0,3,1,1,0.002,200,0,0,0,0,0,0,0,0,0,0,0,0,0,0,0,0,0,0,0,0,0,0,0,0,0,0,0,0,0,0,0,0,0,0,0,0,0,0,0,0,0,0,0,0,0,0,0,0,0,0,0
1989,236,11,12,5.629,2,8,0,-1,1,0,1,1,50,0,0,0,1028,0,0,0,0,0,1,1,0,0,0,104.3872957,0,0,0,0,3,1,1,0.2,40,0,0,0,3,1,1,0.002,200,0,0,0,0,0,0,0,0,0,0,0,0,0,0,0,0,0,0,0,0,0,0,0,0,0,0,0,0,0,0,0,0,0,0,0,0,0,0,0,0,0,0,0,0,0,0,0,0,0,0,0
1989,236,11,13,18.709,2,8,0,-1,0,0,1,1,50,0,0,0,1028,0,0,0,0,0,1,1,0,0,0,104.2685541,0,0,0,0,3,1,1,0.2,40,0,0,0,3,1,1,0.002,200,0,0,0,0,0,0,0,0,0,0,0,0,0,0,0,0,0,0,0,0,0,0,0,0,0,0,0,0,0,0,0,0,0,0,0,0,0,0,0,0,0,0,0,0,0,0,0,0,0,0,0
1989,236,11,13,41.629,2,8,0,-1,1,0,1,1,50,0,0,0,1028,0,0,0,0,0,1,1,0,0,0,104.2313126,0,0,0,0,3,1,1,0.2,40,0,0,0,3,1,1,0.002,200,0,0,0,0,0,0,0,0,0,0,0,0,0,0,0,0,0,0,0,0,0,0,0,0,0,0,0,0,0,0,0,0,0,0,0,0,0,0,0,0,0,0,0,0,0,0,0,0,0,0,0
1989,236,11,14,54.709,2,8,0,-1,0,0,1,1,50,0,0,0,1028,0,0,0,0,0,1,1,0,0,0,104.112567,0,0,0,0,3,1,1,0.2,40,0,0,0,3,1,1,0.002,200,0,0,0,0,0,0,0,0,0,0,0,0,0,0,0,0,0,0,0,0,0,0,0,0,0,0,0,0,0,0,0,0,0,0,0,0,0,0,0,0,0,0,0,0,0,0,0,0,0,0,0
1989,236,11,15,17.629,2,8,0,-1,1,0,1,1,50,0,0,0,1028,0,0,0,0,0,1,1,0,0,0,104.0753243,0,0,0,0,3,1,1,0.2,40,0,0,0,3,1,1,0.002,200,0,0,0,0,0,0,0,0,0,0,0,0,0,0,0,0,0,0,0,0,0,0,0,0,0,0,0,0,0,0,0,0,0,0,0,0,0,0,0,0,0,0,0,0,0,0,0,0,0,0,0
1989,236,11,18,54.709,2,8,0,-1,0,0,1,1,50,0,0,0,1028,0,0,0,0,0,1,1,0,0,0,103.7225763,0,0,0,0,3,1,1,0.2,40,0,0,0,3,1,1,0.002,200,0,0,0,0,0,0,0,0,0,0,0,0,0,0,0,0,0,0,0,0,0,0,0,0,0,0,0,0,0,0,0,0,0,0,0,0,0,0,0,0,0,0,0,0,0,0,0,0,0,0,0
1989,236,11,19,17.629,2,8,0,-1,1,0,1,1,50,0,0,0,1028,0,0,0,0,0,1,1,0,0,0,103.6853304,0,0,0,0,3,1,1,0.2,40,0,0,0,3,1,1,0.002,200,0,0,0,0,0,0,0,0,0,0,0,0,0,0,0,0,0,0,0,0,0,0,0,0,0,0,0,0,0,0,0,0,0,0,0,0,0,0,0,0,0,0,0,0,0,0,0,0,0,0,0
1989,236,11,20,30.708,2,8,0,-1,0,0,1,1,50,0,0,0,1028,0,0,0,0,0,1,1,0,0,0,103.5665723,0,0,0,0,3,1,1,0.2,40,0,0,0,3,1,1,0.002,200,0,0,0,0,0,0,0,0,0,0,0,0,0,0,0,0,0,0,0,0,0,0,0,0,0,0,0,0,0,0,0,0,0,0,0,0,0,0,0,0,0,0,0,0,0,0,0,0,0,0,0
1989,236,11,20,53.628,2,8,0,-1,1,0,1,1,50,0,0,0,1028,0,0,0,0,0,1,1,0,0,0,103.5293252,0,0,0,0,3,1,1,0.2,40,0,0,0,3,1,1,0.002,200,0,0,0,0,0,0,0,0,0,0,0,0,0,0,0,0,0,0,0,0,0,0,0,0,0,0,0,0,0,0,0,0,0,0,0,0,0,0,0,0,0,0,0,0,0,0,0,0,0,0,0
1989,236,11,22,6.708,2,8,0,-1,0,0,1,1,50,0,0,0,1028,0,0,0,0,0,1,1,0,0,0,103.4105614,0,0,0,0,3,1,1,0.2,40,0,0,0,3,1,1,0.002,200,0,0,0,0,0,0,0,0,0,0,0,0,0,0,0,0,0,0,0,0,0,0,0,0,0,0,0,0,0,0,0,0,0,0,0,0,0,0,0,0,0,0,0,0,0,0,0,0,0,0,0
1989,236,11,22,29.628,2,8,0,-1,1,0,1,1,50,0,0,0,1028,0,0,0,0,0,1,1,0,0,0,103.373313,0,0,0,0,3,1,1,0.2,40,0,0,0,3,1,1,0.002,200,0,0,0,0,0,0,0,0,0,0,0,0,0,0,0,0,0,0,0,0,0,0,0,0,0,0,0,0,0,0,0,0,0,0,0,0,0,0,0,0,0,0,0,0,0,0,0,0,0,0,0
1989,236,11,23,42.708,2,8,0,-1,0,0,1,1,50,0,0,0,1028,0,0,0,0,0,1,1,0,0,0,103.2545451,0,0,0,0,3,1,1,0.2,40,0,0,0,3,1,1,0.002,200,0,0,0,0,0,0,0,0,0,0,0,0,0,0,0,0,0,0,0,0,0,0,0,0,0,0,0,0,0,0,0,0,0,0,0,0,0,0,0,0,0,0,0,0,0,0,0,0,0,0,0
1989,236,11,24,5.628,2,8,0,-1,1,0,1,1,50,0,0,0,1028,0,0,0,0,0,1,1,0,0,0,103.2172954,0,0,0,0,3,1,1,0.2,40,0,0,0,3,1,1,0.002,200,0,0,0,0,0,0,0,0,0,0,0,0,0,0,0,0,0,0,0,0,0,0,0,0,0,0,0,0,0,0,0,0,0,0,0,0,0,0,0,0,0,0,0,0,0,0,0,0,0,0,0
1989,236,11,25,18.708,2,8,0,-1,0,0,1,1,50,0,0,0,1028,0,0,0,0,0,1,1,0,0,0,103.0985234,0,0,0,0,3,1,1,0.2,40,0,0,0,3,1,1,0.002,200,0,0,0,0,0,0,0,0,0,0,0,0,0,0,0,0,0,0,0,0,0,0,0,0,0,0,0,0,0,0,0,0,0,0,0,0,0,0,0,0,0,0,0,0,0,0,0,0,0,0,0
1989,236,11,25,41.628,2,8,0,-1,1,0,1,1,50,0,0,0,1028,0,0,0,0,0,1,1,0,0,0,103.0612724,0,0,0,0,3,1,1,0.2,40,0,0,0,3,1,1,0.002,200,0,0,0,0,0,0,0,0,0,0,0,0,0,0,0,0,0,0,0,0,0,0,0,0,0,0,0,0,0,0,0,0,0,0,0,0,0,0,0,0,0,0,0,0,0,0,0,0,0,0,0
1989,236,11,26,54.708,2,8,0,-1,0,0,1,1,50,0,0,0,1028,0,0,0,0,0,1,1,0,0,0,102.9424964,0,0,0,0,3,1,1,0.2,40,0,0,0,3,1,1,0.002,200,0,0,0,0,0,0,0,0,0,0,0,0,0,0,0,0,0,0,0,0,0,0,0,0,0,0,0,0,0,0,0,0,0,0,0,0,0,0,0,0,0,0,0,0,0,0,0,0,0,0,0
1989,236,11,27,17.628,2,8,0,-1,1,0,1,1,50,0,0,0,1028,0,0,0,0,0,1,1,0,0,0,102.9052441,0,0,0,0,3,1,1,0.2,40,0,0,0,3,1,1,0.002,200,0,0,0,0,0,0,0,0,0,0,0,0,0,0,0,0,0,0,0,0,0,0,0,0,0,0,0,0,0,0,0,0,0,0,0,0,0,0,0,0,0,0,0,0,0,0,0,0,0,0,0
1989,236,11,30,54.708,2,8,0,-1,0,0,1,1,50,0,0,0,1028,0,0,0,0,0,1,1,0,0,0,102.5524051,0,0,0,0,3,1,1,0.2,40,0,0,0,3,1,1,0.002,200,0,0,0,0,0,0,0,0,0,0,0,0,0,0,0,0,0,0,0,0,0,0,0,0,0,0,0,0,0,0,0,0,0,0,0,0,0,0,0,0,0,0,0,0,0,0,0,0,0,0,0
1989,236,11,31,17.628,2,8,0,-1,1,0,1,1,50,0,0,0,1028,0,0,0,0,0,1,1,0,0,0,102.5151496,0,0,0,0,3,1,1,0.2,40,0,0,0,3,1,1,0.002,200,0,0,0,0,0,0,0,0,0,0,0,0,0,0,0,0,0,0,0,0,0,0,0,0,0,0,0,0,0,0,0,0,0,0,0,0,0,0,0,0,0,0,0,0,0,0,0,0,0,0,0
1989,236,11,32,30.707,2,8,0,-1,0,0,1,1,50,0,0,0,1028,0,0,0,0,0,1,1,0,0,0,102.3963599,0,0,0,0,3,1,1,0.2,40,0,0,0,3,1,1,0.002,200,0,0,0,0,0,0,0,0,0,0,0,0,0,0,0,0,0,0,0,0,0,0,0,0,0,0,0,0,0,0,0,0,0,0,0,0,0,0,0,0,0,0,0,0,0,0,0,0,0,0,0
1989,236,11,32,53.627,2,8,0,-1,1,0,1,1,50,0,0,0,1028,0,0,0,0,0,1,1,0,0,0,102.3591031,0,0,0,0,3,1,1,0.2,40,0,0,0,3,1,1,0.002,200,0,0,0,0,0,0,0,0,0,0,0,0,0,0,0,0,0,0,0,0,0,0,0,0,0,0,0,0,0,0,0,0,0,0,0,0,0,0,0,0,0,0,0,0,0,0,0,0,0,0,0
1989,236,11,34,6.707,2,8,0,-1,0,0,1,1,50,0,0,0,1028,0,0,0,0,0,1,1,0,0,0,102.2403092,0,0,0,0,3,1,1,0.2,40,0,0,0,3,1,1,0.002,200,0,0,0,0,0,0,0,0,0,0,0,0,0,0,0,0,0,0,0,0,0,0,0,0,0,0,0,0,0,0,0,0,0,0,0,0,0,0,0,0,0,0,0,0,0,0,0,0,0,0,0
1989,236,11,34,29.627,2,8,0,-1,1,0,1,1,50,0,0,0,1028,0,0,0,0,0,1,1,0,0,0,102.2030511,0,0,0,0,3,1,1,0.2,40,0,0,0,3,1,1,0.002,200,0,0,0,0,0,0,0,0,0,0,0,0,0,0,0,0,0,0,0,0,0,0,0,0,0,0,0,0,0,0,0,0,0,0,0,0,0,0,0,0,0,0,0,0,0,0,0,0,0,0,0
1989,236,11,35,42.707,2,8,0,-1,0,0,1,1,50,0,0,0,1028,0,0,0,0,0,1,1,0,0,0,102.0842522,0,0,0,0,3,1,1,0.2,40,0,0,0,3,1,1,0.002,200,0,0,0,0,0,0,0,0,0,0,0,0,0,0,0,0,0,0,0,0,0,0,0,0,0,0,0,0,0,0,0,0,0,0,0,0,0,0,0,0,0,0,0,0,0,0,0,0,0,0,0
1989,236,11,36,5.627,2,8,0,-1,1,0,1,1,50,0,0,0,1028,0,0,0,0,0,1,1,0,0,0,102.0469928,0,0,0,0,3,1,1,0.2,40,0,0,0,3,1,1,0.002,200,0,0,0,0,0,0,0,0,0,0,0,0,0,0,0,0,0,0,0,0,0,0,0,0,0,0,0,0,0,0,0,0,0,0,0,0,0,0,0,0,0,0,0,0,0,0,0,0,0,0,0
1989,236,11,37,18.707,2,8,0,-1,0,0,1,1,50,0,0,0,1028,0,0,0,0,0,1,1,0,0,0,101.9281897,0,0,0,0,3,1,1,0.2,40,0,0,0,3,1,1,0.002,200,0,0,0,0,0,0,0,0,0,0,0,0,0,0,0,0,0,0,0,0,0,0,0,0,0,0,0,0,0,0,0,0,0,0,0,0,0,0,0,0,0,0,0,0,0,0,0,0,0,0,0
1989,236,11,37,41.627,2,8,0,-1,1,0,1,1,50,0,0,0,1028,0,0,0,0,0,1,1,0,0,0,101.890929,0,0,0,0,3,1,1,0.2,40,0,0,0,3,1,1,0.002,200,0,0,0,0,0,0,0,0,0,0,0,0,0,0,0,0,0,0,0,0,0,0,0,0,0,0,0,0,0,0,0,0,0,0,0,0,0,0,0,0,0,0,0,0,0,0,0,0,0,0,0
1989,236,11,38,54.707,2,8,0,-1,0,0,1,1,50,0,0,0,1028,0,0,0,0,0,1,1,0,0,0,101.7721218,0,0,0,0,3,1,1,0.2,40,0,0,0,3,1,1,0.002,200,0,0,0,0,0,0,0,0,0,0,0,0,0,0,0,0,0,0,0,0,0,0,0,0,0,0,0,0,0,0,0,0,0,0,0,0,0,0,0,0,0,0,0,0,0,0,0,0,0,0,0
1989,236,11,39,17.627,2,8,0,-1,1,0,1,1,50,0,0,0,1028,0,0,0,0,0,1,1,0,0,0,101.7348597,0,0,0,0,3,1,1,0.2,40,0,0,0,3,1,1,0.002,200,0,0,0,0,0,0,0,0,0,0,0,0,0,0,0,0,0,0,0,0,0,0,0,0,0,0,0,0,0,0,0,0,0,0,0,0,0,0,0,0,0,0,0,0,0,0,0,0,0,0,0
1989,236,11,42,54.707,2,8,0,-1,0,0,1,1,50,0,0,0,1028,0,0,0,0,0,1,1,0,0,0,101.3819276,0,0,0,0,3,1,1,0.2,40,0,0,0,3,1,1,0.002,200,0,0,0,0,0,0,0,0,0,0,0,0,0,0,0,0,0,0,0,0,0,0,0,0,0,0,0,0,0,0,0,0,0,0,0,0,0,0,0,0,0,0,0,0,0,0,0,0,0,0,0
1989,236,11,43,17.627,2,8,0,-1,1,0,1,1,50,0,0,0,1028,0,0,0,0,0,1,1,0,0,0,101.3446622,0,0,0,0,3,1,1,0.2,40,0,0,0,3,1,1,0.002,200,0,0,0,0,0,0,0,0,0,0,0,0,0,0,0,0,0,0,0,0,0,0,0,0,0,0,0,0,0,0,0,0,0,0,0,0,0,0,0,0,0,0,0,0,0,0,0,0,0,0,0
1989,236,11,44,30.707,2,8,0,-1,0,0,1,1,50,0,0,0,1028,0,0,0,0,0,1,1,0,0,0,101.2258401,0,0,0,0,3,1,1,0.2,40,0,0,0,3,1,1,0.002,200,0,0,0,0,0,0,0,0,0,0,0,0,0,0,0,0,0,0,0,0,0,0,0,0,0,0,0,0,0,0,0,0,0,0,0,0,0,0,0,0,0,0,0,0,0,0,0,0,0,0,0
1989,236,11,44,53.627,2,8,0,-1,1,0,1,1,50,0,0,0,1028,0,0,0,0,0,1,1,0,0,0,101.1885734,0,0,0,0,3,1,1,0.2,40,0,0,0,3,1,1,0.002,200,0,0,0,0,0,0,0,0,0,0,0,0,0,0,0,0,0,0,0,0,0,0,0,0,0,0,0,0,0,0,0,0,0,0,0,0,0,0,0,0,0,0,0,0,0,0,0,0,0,0,0
1989,236,11,46,6.706,2,8,0,-1,0,0,1,1,50,0,0,0,1028,0,0,0,0,0,1,1,0,0,0,101.0697488,0,0,0,0,3,1,1,0.2,40,0,0,0,3,1,1,0.002,200,0,0,0,0,0,0,0,0,0,0,0,0,0,0,0,0,0,0,0,0,0,0,0,0,0,0,0,0,0,0,0,0,0,0,0,0,0,0,0,0,0,0,0,0,0,0,0,0,0,0,0
1989,236,11,46,29.626,2,8,0,-1,1,0,1,1,50,0,0,0,1028,0,0,0,0,0,1,1,0,0,0,101.0324815,0,0,0,0,3,1,1,0.2,40,0,0,0,3,1,1,0.002,200,0,0,0,0,0,0,0,0,0,0,0,0,0,0,0,0,0,0,0,0,0,0,0,0,0,0,0,0,0,0,0,0,0,0,0,0,0,0,0,0,0,0,0,0,0,0,0,0,0,0,0
1989,236,11,47,42.706,2,8,0,-1,0,0,1,1,50,0,0,0,1028,0,0,0,0,0,1,1,0,0,0,100.9136501,0,0,0,0,3,1,1,0.2,40,0,0,0,3,1,1,0.002,200,0,0,0,0,0,0,0,0,0,0,0,0,0,0,0,0,0,0,0,0,0,0,0,0,0,0,0,0,0,0,0,0,0,0,0,0,0,0,0,0,0,0,0,0,0,0,0,0,0,0,0
1989,236,11,48,5.626,2,8,0,-1,1,0,1,1,50,0,0,0,1028,0,0,0,0,0,1,1,0,0,0,100.8763807,0,0,0,0,3,1,1,0.2,40,0,0,0,3,1,1,0.002,200,0,0,0,0,0,0,0,0,0,0,0,0,0,0,0,0,0,0,0,0,0,0,0,0,0,0,0,0,0,0,0,0,0,0,0,0,0,0,0,0,0,0,0,0,0,0,0,0,0,0,0
1989,236,11,49,18.706,2,8,0,-1,0,0,1,1,50,0,0,0,1028,0,0,0,0,0,1,1,0,0,0,100.7575459,0,0,0,0,3,1,1,0.2,40,0,0,0,3,1,1,0.002,200,0,0,0,0,0,0,0,0,0,0,0,0,0,0,0,0,0,0,0,0,0,0,0,0,0,0,0,0,0,0,0,0,0,0,0,0,0,0,0,0,0,0,0,0,0,0,0,0,0,0,0
1989,236,11,49,41.625,2,8,0,-1,1,0,1,1,50,0,0,0,1028,0,0,0,0,0,1,1,0,0,0,100.7202768,0,0,0,0,3,1,1,0.2,40,0,0,0,3,1,1,0.002,200,0,0,0,0,0,0,0,0,0,0,0,0,0,0,0,0,0,0,0,0,0,0,0,0,0,0,0,0,0,0,0,0,0,0,0,0,0,0,0,0,0,0,0,0,0,0,0,0,0,0,0
1989,236,11,50,54.706,2,8,0,-1,0,0,1,1,50,0,0,0,1028,0,0,0,0,0,1,1,0,0,0,100.601436,0,0,0,0,3,1,1,0.2,40,0,0,0,3,1,1,0.002,200,0,0,0,0,0,0,0,0,0,0,0,0,0,0,0,0,0,0,0,0,0,0,0,0,0,0,0,0,0,0,0,0,0,0,0,0,0,0,0,0,0,0,0,0,0,0,0,0,0,0,0
1989,236,11,51,17.626,2,8,0,-1,1,0,1,1,50,0,0,0,1028,0,0,0,0,0,1,1,0,0,0,100.5641639,0,0,0,0,3,1,1,0.2,40,0,0,0,3,1,1,0.002,200,0,0,0,0,0,0,0,0,0,0,0,0,0,0,0,0,0,0,0,0,0,0,0,0,0,0,0,0,0,0,0,0,0,0,0,0,0,0,0,0,0,0,0,0,0,0,0,0,0,0,0
1989,236,11,54,54.706,2,8,0,-1,0,0,1,1,50,0,0,0,1028,0,0,0,0,0,1,1,0,0,0,100.2111364,0,0,0,0,3,1,1,0.2,40,0,0,0,3,1,1,0.002,200,0,0,0,0,0,0,0,0,0,0,0,0,0,0,0,0,0,0,0,0,0,0,0,0,0,0,0,0,0,0,0,0,0,0,0,0,0,0,0,0,0,0,0,0,0,0,0,0,0,0,0
1989,236,11,55,17.626,2,8,0,-1,1,0,1,1,50,0,0,0,1028,0,0,0,0,0,1,1,0,0,0,100.1738609,0,0,0,0,3,1,1,0.2,40,0,0,0,3,1,1,0.002,200,0,0,0,0,0,0,0,0,0,0,0,0,0,0,0,0,0,0,0,0,0,0,0,0,0,0,0,0,0,0,0,0,0,0,0,0,0,0,0,0,0,0,0,0,0,0,0,0,0,0,0
1989,236,11,56,30.706,2,8,0,-1,0,0,1,1,50,0,0,0,1028,0,0,0,0,0,1,1,0,0,0,100.0550066,0,0,0,0,3,1,1,0.2,40,0,0,0,3,1,1,0.002,200,0,0,0,0,0,0,0,0,0,0,0,0,0,0,0,0,0,0,0,0,0,0,0,0,0,0,0,0,0,0,0,0,0,0,0,0,0,0,0,0,0,0,0,0,0,0,0,0,0,0,0
1989,236,11,56,53.626,2,8,0,-1,1,0,1,1,50,0,0,0,1028,0,0,0,0,0,1,1,0,0,0,100.0177305,0,0,0,0,3,1,1,0.2,40,0,0,0,3,1,1,0.002,200,0,0,0,0,0,0,0,0,0,0,0,0,0,0,0,0,0,0,0,0,0,0,0,0,0,0,0,0,0,0,0,0,0,0,0,0,0,0,0,0,0,0,0,0,0,0,0,0,0,0,0
1989,236,11,58,6.706,2,8,0,-1,0,0,1,1,50,0,0,0,1028,0,0,0,0,0,1,1,0,0,0,99.89887184,0,0,0,0,3,1,1,0.2,40,0,0,0,3,1,1,0.002,200,0,0,0,0,0,0,0,0,0,0,0,0,0,0,0,0,0,0,0,0,0,0,0,0,0,0,0,0,0,0,0,0,0,0,0,0,0,0,0,0,0,0,0,0,0,0,0,0,0,0,0
1989,236,11,58,29.624,2,8,0,-1,1,0,1,1,50,0,0,0,1028,0,0,0,0,0,1,1,0,0,0,99.86159526,0,0,0,0,3,1,1,0.2,40,0,0,0,3,1,1,0.002,200,0,0,0,0,0,0,0,0,0,0,0,0,0,0,0,0,0,0,0,0,0,0,0,0,0,0,0,0,0,0,0,0,0,0,0,0,0,0,0,0,0,0,0,0,0,0,0,0,0,0,0
1989,236,11,59,42.705,2,8,0,-1,0,0,1,1,50,0,0,0,1028,0,0,0,0,0,1,1,0,0,0,99.74273137,0,0,0,0,3,1,1,0.2,40,0,0,0,3,1,1,0.002,200,0,0,0,0,0,0,0,0,0,0,0,0,0,0,0,0,0,0,0,0,0,0,0,0,0,0,0,0,0,0,0,0,0,0,0,0,0,0,0,0,0,0,0,0,0,0,0,0,0,0,0
1989,236,12,0,5.625,2,8,0,-1,1,0,1,1,50,0,0,0,1028,0,0,0,0,0,1,1,0,0,0,99.70545178,0,0,0,0,3,1,1,0.2,40,0,0,0,3,1,1,0.002,200,0,0,0,0,0,0,0,0,0,0,0,0,0,0,0,0,0,0,0,0,0,0,0,0,0,0,0,0,0,0,0,0,0,0,0,0,0,0,0,0,0,0,0,0,0,0,0,0,0,0,0
1989,236,12,1,18.705,2,8,0,-1,0,0,1,1,50,0,0,0,1028,0,0,0,0,0,1,1,0,0,0,99.58658432,0,0,0,0,3,1,1,0.2,40,0,0,0,3,1,1,0.002,200,0,0,0,0,0,0,0,0,0,0,0,0,0,0,0,0,0,0,0,0,0,0,0,0,0,0,0,0,0,0,0,0,0,0,0,0,0,0,0,0,0,0,0,0,0,0,0,0,0,0,0
1989,236,12,1,41.624,2,8,0,-1,1,0,1,1,50,0,0,0,1028,0,0,0,0,0,1,1,0,0,0,99.54930498,0,0,0,0,3,1,1,0.2,40,0,0,0,3,1,1,0.002,200,0,0,0,0,0,0,0,0,0,0,0,0,0,0,0,0,0,0,0,0,0,0,0,0,0,0,0,0,0,0,0,0,0,0,0,0,0,0,0,0,0,0,0,0,0,0,0,0,0,0,0
1989,236,12,2,54.705,2,8,0,-1,0,0,1,1,50,0,0,0,1028,0,0,0,0,0,1,1,0,0,0,99.43043148,0,0,0,0,3,1,1,0.2,40,0,0,0,3,1,1,0.002,200,0,0,0,0,0,0,0,0,0,0,0,0,0,0,0,0,0,0,0,0,0,0,0,0,0,0,0,0,0,0,0,0,0,0,0,0,0,0,0,0,0,0,0,0,0,0,0,0,0,0,0
1989,236,12,3,17.624,2,8,0,-1,1,0,1,1,50,0,0,0,1028,0,0,0,0,0,1,1,0,0,0,99.39314994,0,0,0,0,3,1,1,0.2,40,0,0,0,3,1,1,0.002,200,0,0,0,0,0,0,0,0,0,0,0,0,0,0,0,0,0,0,0,0,0,0,0,0,0,0,0,0,0,0,0,0,0,0,0,0,0,0,0,0,0,0,0,0,0,0,0,0,0,0,0
1989,236,12,6,54.705,2,8,0,-1,0,0,1,1,50,0,0,0,1028,0,0,0,0,0,1,1,0,0,0,99.04002394,0,0,0,0,3,1,1,0.2,40,0,0,0,3,1,1,0.002,200,0,0,0,0,0,0,0,0,0,0,0,0,0,0,0,0,0,0,0,0,0,0,0,0,0,0,0,0,0,0,0,0,0,0,0,0,0,0,0,0,0,0,0,0,0,0,0,0,0,0,0
1989,236,12,7,17.625,2,8,0,-1,1,0,1,1,50,0,0,0,1028,0,0,0,0,0,1,1,0,0,0,99.00273893,0,0,0,0,3,1,1,0.2,40,0,0,0,3,1,1,0.002,200,0,0,0,0,0,0,0,0,0,0,0,0,0,0,0,0,0,0,0,0,0,0,0,0,0,0,0,0,0,0,0,0,0,0,0,0,0,0,0,0,0,0,0,0,0,0,0,0,0,0,0
1989,236,12,8,30.705,2,8,0,-1,0,0,1,1,50,0,0,0,1028,0,0,0,0,0,1,1,0,0,0,98.88385071,0,0,0,0,3,1,1,0.2,40,0,0,0,3,1,1,0.002,200,0,0,0,0,0,0,0,0,0,0,0,0,0,0,0,0,0,0,0,0,0,0,0,0,0,0,0,0,0,0,0,0,0,0,0,0,0,0,0,0,0,0,0,0,0,0,0,0,0,0,0
1989,236,12,8,53.624,2,8,0,-1,1,0,1,1,50,0,0,0,1028,0,0,0,0,0,1,1,0,0,0,98.8465643,0,0,0,0,3,1,1,0.2,40,0,0,0,3,1,1,0.002,200,0,0,0,0,0,0,0,0,0,0,0,0,0,0,0,0,0,0,0,0,0,0,0,0,0,0,0,0,0,0,0,0,0,0,0,0,0,0,0,0,0,0,0,0,0,0,0,0,0,0,0
1989,236,12,10,6.705,2,8,0,-1,0,0,1,1,50,0,0,0,1028,0,0,0,0,0,1,1,0,0,0,98.72767161,0,0,0,0,3,1,1,0.2,40,0,0,0,3,1,1,0.002,200,0,0,0,0,0,0,0,0,0,0,0,0,0,0,0,0,0,0,0,0,0,0,0,0,0,0,0,0,0,0,0,0,0,0,0,0,0,0,0,0,0,0,0,0,0,0,0,0,0,0,0
1989,236,12,10,29.624,2,8,0,-1,1,0,1,1,50,0,0,0,1028,0,0,0,0,0,1,1,0,0,0,98.6903846,0,0,0,0,3,1,1,0.2,40,0,0,0,3,1,1,0.002,200,0,0,0,0,0,0,0,0,0,0,0,0,0,0,0,0,0,0,0,0,0,0,0,0,0,0,0,0,0,0,0,0,0,0,0,0,0,0,0,0,0,0,0,0,0,0,0,0,0,0,0
1989,236,12,11,42.705,2,8,0,-1,0,0,1,1,50,0,0,0,1028,0,0,0,0,0,1,1,0,0,0,98.57148742,0,0,0,0,3,1,1,0.2,40,0,0,0,3,1,1,0.002,200,0,0,0,0,0,0,0,0,0,0,0,0,0,0,0,0,0,0,0,0,0,0,0,0,0,0,0,0,0,0,0,0,0,0,0,0,0,0,0,0,0,0,0,0,0,0,0,0,0,0,0
1989,236,12,12,5.624,2,8,0,-1,1,0,1,1,50,0,0,0,1028,0,0,0,0,0,1,1,0,0,0,98.53419738,0,0,0,0,3,1,1,0.2,40,0,0,0,3,1,1,0.002,200,0,0,0,0,0,0,0,0,0,0,0,0,0,0,0,0,0,0,0,0,0,0,0,0,0,0,0,0,0,0,0,0,0,0,0,0,0,0,0,0,0,0,0,0,0,0,0,0,0,0,0
1989,236,12,13,18.704,2,8,0,-1,0,0,1,1,50,0,0,0,1028,0,0,0,0,0,1,1,0,0,0,98.41529734,0,0,0,0,3,1,1,0.2,40,0,0,0,3,1,1,0.002,200,0,0,0,0,0,0,0,0,0,0,0,0,0,0,0,0,0,0,0,0,0,0,0,0,0,0,0,0,0,0,0,0,0,0,0,0,0,0,0,0,0,0,0,0,0,0,0,0,0,0,0
1989,236,12,13,41.623,2,8,0,-1,1,0,1,1,50,0,0,0,1028,0,0,0,0,0,1,1,0,0,0,98.37800751,0,0,0,0,3,1,1,0.2,40,0,0,0,3,1,1,0.002,200,0,0,0,0,0,0,0,0,0,0,0,0,0,0,0,0,0,0,0,0,0,0,0,0,0,0,0,0,0,0,0,0,0,0,0,0,0,0,0,0,0,0,0,0,0,0,0,0,0,0,0
1989,236,12,14,54.704,2,8,0,-1,0,0,1,1,50,0,0,0,1028,0,0,0,0,0,1,1,0,0,0,98.25910051,0,0,0,0,3,1,1,0.2,40,0,0,0,3,1,1,0.002,200,0,0,0,0,0,0,0,0,0,0,0,0,0,0,0,0,0,0,0,0,0,0,0,0,0,0,0,0,0,0,0,0,0,0,0,0,0,0,0,0,0,0,0,0,0,0,0,0,0,0,0
1989,236,12,15,17.623,2,8,0,-1,1,0,1,1,50,0,0,0,1028,0,0,0,0,0,1,1,0,0,0,98.22180845,0,0,0,0,3,1,1,0.2,40,0,0,0,3,1,1,0.002,200,0,0,0,0,0,0,0,0,0,0,0,0,0,0,0,0,0,0,0,0,0,0,0,0,0,0,0,0,0,0,0,0,0,0,0,0,0,0,0,0,0,0,0,0,0,0,0,0,0,0,0
1989,236,12,18,54.704,2,8,0,-1,0,0,1,1,50,0,0,0,1028,0,0,0,0,0,1,1,0,0,0,97.86858237,0,0,0,0,3,1,1,0.2,40,0,0,0,3,1,1,0.002,200,0,0,0,0,0,0,0,0,0,0,0,0,0,0,0,0,0,0,0,0,0,0,0,0,0,0,0,0,0,0,0,0,0,0,0,0,0,0,0,0,0,0,0,0,0,0,0,0,0,0,0
1989,236,12,19,17.623,2,8,0,-1,1,0,1,1,50,0,0,0,1028,0,0,0,0,0,1,1,0,0,0,97.83128674,0,0,0,0,3,1,1,0.2,40,0,0,0,3,1,1,0.002,200,0,0,0,0,0,0,0,0,0,0,0,0,0,0,0,0,0,0,0,0,0,0,0,0,0,0,0,0,0,0,0,0,0,0,0,0,0,0,0,0,0,0,0,0,0,0,0,0,0,0,0
1989,236,12,20,30.704,2,8,0,-1,0,0,1,1,50,0,0,0,1028,0,0,0,0,0,1,1,0,0,0,97.71236464,0,0,0,0,3,1,1,0.2,40,0,0,0,3,1,1,0.002,200,0,0,0,0,0,0,0,0,0,0,0,0,0,0,0,0,0,0,0,0,0,0,0,0,0,0,0,0,0,0,0,0,0,0,0,0,0,0,0,0,0,0,0,0,0,0,0,0,0,0,0
1989,236,12,20,53.624,2,8,0,-1,1,0,1,1,50,0,0,0,1028,0,0,0,0,0,1,1,0,0,0,97.67506758,0,0,0,0,3,1,1,0.2,40,0,0,0,3,1,1,0.002,200,0,0,0,0,0,0,0,0,0,0,0,0,0,0,0,0,0,0,0,0,0,0,0,0,0,0,0,0,0,0,0,0,0,0,0,0,0,0,0,0,0,0,0,0,0,0,0,0,0,0,0
1989,236,12,22,6.704,2,8,0,-1,0,0,1,1,50,0,0,0,1028,0,0,0,0,0,1,1,0,0,0,97.55614089,0,0,0,0,3,1,1,0.2,40,0,0,0,3,1,1,0.002,200,0,0,0,0,0,0,0,0,0,0,0,0,0,0,0,0,0,0,0,0,0,0,0,0,0,0,0,0,0,0,0,0,0,0,0,0,0,0,0,0,0,0,0,0,0,0,0,0,0,0,0
1989,236,12,22,29.623,2,8,0,-1,1,0,1,1,50,0,0,0,1028,0,0,0,0,0,1,1,0,0,0,97.51884321,0,0,0,0,3,1,1,0.2,40,0,0,0,3,1,1,0.002,200,0,0,0,0,0,0,0,0,0,0,0,0,0,0,0,0,0,0,0,0,0,0,0,0,0,0,0,0,0,0,0,0,0,0,0,0,0,0,0,0,0,0,0,0,0,0,0,0,0,0,0
1989,236,12,23,42.704,2,8,0,-1,0,0,1,1,50,0,0,0,1028,0,0,0,0,0,1,1,0,0,0,97.39991111,0,0,0,0,3,1,1,0.2,40,0,0,0,3,1,1,0.002,200,0,0,0,0,0,0,0,0,0,0,0,0,0,0,0,0,0,0,0,0,0,0,0,0,0,0,0,0,0,0,0,0,0,0,0,0,0,0,0,0,0,0,0,0,0,0,0,0,0,0,0
1989,236,12,24,5.624,2,8,0,-1,1,0,1,1,50,0,0,0,1028,0,0,0,0,0,1,1,0,0,0,97.36261035,0,0,0,0,3,1,1,0.2,40,0,0,0,3,1,1,0.002,200,0,0,0,0,0,0,0,0,0,0,0,0,0,0,0,0,0,0,0,0,0,0,0,0,0,0,0,0,0,0,0,0,0,0,0,0,0,0,0,0,0,0,0,0,0,0,0,0,0,0,0
1989,236,12,25,18.703,2,8,0,-1,0,0,1,1,50,0,0,0,1028,0,0,0,0,0,1,1,0,0,0,97.2436769,0,0,0,0,3,1,1,0.2,40,0,0,0,3,1,1,0.002,200,0,0,0,0,0,0,0,0,0,0,0,0,0,0,0,0,0,0,0,0,0,0,0,0,0,0,0,0,0,0,0,0,0,0,0,0,0,0,0,0,0,0,0,0,0,0,0,0,0,0,0
1989,236,12,25,41.622,2,8,0,-1,1,0,1,1,50,0,0,0,1028,0,0,0,0,0,1,1,0,0,0,97.20637632,0,0,0,0,3,1,1,0.2,40,0,0,0,3,1,1,0.002,200,0,0,0,0,0,0,0,0,0,0,0,0,0,0,0,0,0,0,0,0,0,0,0,0,0,0,0,0,0,0,0,0,0,0,0,0,0,0,0,0,0,0,0,0,0,0,0,0,0,0,0
1989,236,12,26,54.703,2,8,0,-1,0,0,1,1,50,0,0,0,1028,0,0,0,0,0,1,1,0,0,0,97.08743498,0,0,0,0,3,1,1,0.2,40,0,0,0,3,1,1,0.002,200,0,0,0,0,0,0,0,0,0,0,0,0,0,0,0,0,0,0,0,0,0,0,0,0,0,0,0,0,0,0,0,0,0,0,0,0,0,0,0,0,0,0,0,0,0,0,0,0,0,0,0
1989,236,12,27,17.623,2,8,0,-1,1,0,1,1,50,0,0,0,1028,0,0,0,0,0,1,1,0,0,0,97.05013214,0,0,0,0,3,1,1,0.2,40,0,0,0,3,1,1,0.002,200,0,0,0,0,0,0,0,0,0,0,0,0,0,0,0,0,0,0,0,0,0,0,0,0,0,0,0,0,0,0,0,0,0,0,0,0,0,0,0,0,0,0,0,0,0,0,0,0,0,0,0
1989,236,12,30,54.703,2,8,0,-1,0,0,1,1,50,0,0,0,1028,0,0,0,0,0,1,1,0,0,0,96.69680348,0,0,0,0,3,1,1,0.2,40,0,0,0,3,1,1,0.002,200,0,0,0,0,0,0,0,0,0,0,0,0,0,0,0,0,0,0,0,0,0,0,0,0,0,0,0,0,0,0,0,0,0,0,0,0,0,0,0,0,0,0,0,0,0,0,0,0,0,0,0
1989,236,12,31,17.623,2,8,0,-1,1,0,1,1,50,0,0,0,1028,0,0,0,0,0,1,1,0,0,0,96.65949698,0,0,0,0,3,1,1,0.2,40,0,0,0,3,1,1,0.002,200,0,0,0,0,0,0,0,0,0,0,0,0,0,0,0,0,0,0,0,0,0,0,0,0,0,0,0,0,0,0,0,0,0,0,0,0,0,0,0,0,0,0,0,0,0,0,0,0,0,0,0
1989,236,12,32,30.703,2,8,0,-1,0,0,1,1,50,0,0,0,1028,0,0,0,0,0,1,1,0,0,0,96.54054014,0,0,0,0,3,1,1,0.2,40,0,0,0,3,1,1,0.002,200,0,0,0,0,0,0,0,0,0,0,0,0,0,0,0,0,0,0,0,0,0,0,0,0,0,0,0,0,0,0,0,0,0,0,0,0,0,0,0,0,0,0,0,0,0,0,0,0,0,0,0
1989,236,12,32,53.623,2,8,0,-1,1,0,1,1,50,0,0,0,1028,0,0,0,0,0,1,1,0,0,0,96.50323217,0,0,0,0,3,1,1,0.2,40,0,0,0,3,1,1,0.002,200,0,0,0,0,0,0,0,0,0,0,0,0,0,0,0,0,0,0,0,0,0,0,0,0,0,0,0,0,0,0,0,0,0,0,0,0,0,0,0,0,0,0,0,0,0,0,0,0,0,0,0
1989,236,12,34,6.703,2,8,0,-1,0,0,1,1,50,0,0,0,1028,0,0,0,0,0,1,1,0,0,0,96.38427063,0,0,0,0,3,1,1,0.2,40,0,0,0,3,1,1,0.002,200,0,0,0,0,0,0,0,0,0,0,0,0,0,0,0,0,0,0,0,0,0,0,0,0,0,0,0,0,0,0,0,0,0,0,0,0,0,0,0,0,0,0,0,0,0,0,0,0,0,0,0
1989,236,12,34,29.622,2,8,0,-1,1,0,1,1,50,0,0,0,1028,0,0,0,0,0,1,1,0,0,0,96.346962,0,0,0,0,3,1,1,0.2,40,0,0,0,3,1,1,0.002,200,0,0,0,0,0,0,0,0,0,0,0,0,0,0,0,0,0,0,0,0,0,0,0,0,0,0,0,0,0,0,0,0,0,0,0,0,0,0,0,0,0,0,0,0,0,0,0,0,0,0,0
1989,236,12,35,42.703,2,8,0,-1,0,0,1,1,50,0,0,0,1028,0,0,0,0,0,1,1,0,0,0,96.22799493,0,0,0,0,3,1,1,0.2,40,0,0,0,3,1,1,0.002,200,0,0,0,0,0,0,0,0,0,0,0,0,0,0,0,0,0,0,0,0,0,0,0,0,0,0,0,0,0,0,0,0,0,0,0,0,0,0,0,0,0,0,0,0,0,0,0,0,0,0,0
1989,236,12,36,5.623,2,8,0,-1,1,0,1,1,50,0,0,0,1028,0,0,0,0,0,1,1,0,0,0,96.19068319,0,0,0,0,3,1,1,0.2,40,0,0,0,3,1,1,0.002,200,0,0,0,0,0,0,0,0,0,0,0,0,0,0,0,0,0,0,0,0,0,0,0,0,0,0,0,0,0,0,0,0,0,0,0,0,0,0,0,0,0,0,0,0,0,0,0,0,0,0,0
1989,236,12,37,18.702,2,8,0,-1,0,0,1,1,50,0,0,0,1028,0,0,0,0,0,1,1,0,0,0,96.07171384,0,0,0,0,3,1,1,0.2,40,0,0,0,3,1,1,0.002,200,0,0,0,0,0,0,0,0,0,0,0,0,0,0,0,0,0,0,0,0,0,0,0,0,0,0,0,0,0,0,0,0,0,0,0,0,0,0,0,0,0,0,0,0,0,0,0,0,0,0,0
1989,236,12,37,41.622,2,8,0,-1,1,0,1,1,50,0,0,0,1028,0,0,0,0,0,1,1,0,0,0,96.03440225,0,0,0,0,3,1,1,0.2,40,0,0,0,3,1,1,0.002,200,0,0,0,0,0,0,0,0,0,0,0,0,0,0,0,0,0,0,0,0,0,0,0,0,0,0,0,0,0,0,0,0,0,0,0,0,0,0,0,0,0,0,0,0,0,0,0,0,0,0,0
1989,236,12,38,54.702,2,8,0,-1,0,0,1,1,50,0,0,0,1028,0,0,0,0,0,1,1,0,0,0,95.91542652,0,0,0,0,3,1,1,0.2,40,0,0,0,3,1,1,0.002,200,0,0,0,0,0,0,0,0,0,0,0,0,0,0,0,0,0,0,0,0,0,0,0,0,0,0,0,0,0,0,0,0,0,0,0,0,0,0,0,0,0,0,0,0,0,0,0,0,0,0,0
1989,236,12,39,17.622,2,8,0,-1,1,0,1,1,50,0,0,0,1028,0,0,0,0,0,1,1,0,0,0,95.87811181,0,0,0,0,3,1,1,0.2,40,0,0,0,3,1,1,0.002,200,0,0,0,0,0,0,0,0,0,0,0,0,0,0,0,0,0,0,0,0,0,0,0,0,0,0,0,0,0,0,0,0,0,0,0,0,0,0,0,0,0,0,0,0,0,0,0,0,0,0,0
1989,236,12,42,54.702,2,8,0,-1,0,0,1,1,50,0,0,0,1028,0,0,0,0,0,1,1,0,0,0,95.52467879,0,0,0,0,3,1,1,0.2,40,0,0,0,3,1,1,0.002,200,0,0,0,0,0,0,0,0,0,0,0,0,0,0,0,0,0,0,0,0,0,0,0,0,0,0,0,0,0,0,0,0,0,0,0,0,0,0,0,0,0,0,0,0,0,0,0,0,0,0,0
1989,236,12,43,17.622,2,8,0,-1,1,0,1,1,50,0,0,0,1028,0,0,0,0,0,1,1,0,0,0,95.48736033,0,0,0,0,3,1,1,0.2,40,0,0,0,3,1,1,0.002,200,0,0,0,0,0,0,0,0,0,0,0,0,0,0,0,0,0,0,0,0,0,0,0,0,0,0,0,0,0,0,0,0,0,0,0,0,0,0,0,0,0,0,0,0,0,0,0,0,0,0,0
1989,236,12,44,30.702,2,8,0,-1,0,0,1,1,50,0,0,0,1028,0,0,0,0,0,1,1,0,0,0,95.36836868,0,0,0,0,3,1,1,0.2,40,0,0,0,3,1,1,0.002,200,0,0,0,0,0,0,0,0,0,0,0,0,0,0,0,0,0,0,0,0,0,0,0,0,0,0,0,0,0,0,0,0,0,0,0,0,0,0,0,0,0,0,0,0,0,0,0,0,0,0,0
1989,236,12,44,53.622,2,8,0,-1,1,0,1,1,50,0,0,0,1028,0,0,0,0,0,1,1,0,0,0,95.33104953,0,0,0,0,3,1,1,0.2,40,0,0,0,3,1,1,0.002,200,0,0,0,0,0,0,0,0,0,0,0,0,0,0,0,0,0,0,0,0,0,0,0,0,0,0,0,0,0,0,0,0,0,0,0,0,0,0,0,0,0,0,0,0,0,0,0,0,0,0,0
1989,236,12,46,6.702,2,8,0,-1,0,0,1,1,50,0,0,0,1028,0,0,0,0,0,1,1,0,0,0,95.21205225,0,0,0,0,3,1,1,0.2,40,0,0,0,3,1,1,0.002,200,0,0,0,0,0,0,0,0,0,0,0,0,0,0,0,0,0,0,0,0,0,0,0,0,0,0,0,0,0,0,0,0,0,0,0,0,0,0,0,0,0,0,0,0,0,0,0,0,0,0,0
1989,236,12,46,29.622,2,8,0,-1,1,0,1,1,50,0,0,0,1028,0,0,0,0,0,1,1,0,0,0,95.17473158,0,0,0,0,3,1,1,0.2,40,0,0,0,3,1,1,0.002,200,0,0,0,0,0,0,0,0,0,0,0,0,0,0,0,0,0,0,0,0,0,0,0,0,0,0,0,0,0,0,0,0,0,0,0,0,0,0,0,0,0,0,0,0,0,0,0,0,0,0,0
1989,236,12,47,42.701,2,8,0,-1,0,0,1,1,50,0,0,0,1028,0,0,0,0,0,1,1,0,0,0,95.05573029,0,0,0,0,3,1,1,0.2,40,0,0,0,3,1,1,0.002,200,0,0,0,0,0,0,0,0,0,0,0,0,0,0,0,0,0,0,0,0,0,0,0,0,0,0,0,0,0,0,0,0,0,0,0,0,0,0,0,0,0,0,0,0,0,0,0,0,0,0,0
1989,236,12,48,5.621,2,8,0,-1,1,0,1,1,50,0,0,0,1028,0,0,0,0,0,1,1,0,0,0,95.0184081,0,0,0,0,3,1,1,0.2,40,0,0,0,3,1,1,0.002,200,0,0,0,0,0,0,0,0,0,0,0,0,0,0,0,0,0,0,0,0,0,0,0,0,0,0,0,0,0,0,0,0,0,0,0,0,0,0,0,0,0,0,0,0,0,0,0,0,0,0,0
1989,236,12,50,54.7,2,8,0,-1,0,0,1,1,50,0,0,0,1028,0,0,0,0,0,1,1,0,0,0,94.74306724,0,0,0,0,3,1,1,0.2,40,0,0,0,3,1,1,0.002,200,0,0,0,0,0,0,0,0,0,0,0,0,0,0,0,0,0,0,0,0,0,0,0,0,0,0,0,0,0,0,0,0,0,0,0,0,0,0,0,0,0,0,0,0,0,0,0,0,0,0,0
1989,236,12,51,17.621,2,8,0,-1,1,0,1,1,50,0,0,0,1028,0,0,0,0,0,1,1,0,0,0,94.70574037,0,0,0,0,3,1,1,0.2,40,0,0,0,3,1,1,0.002,200,0,0,0,0,0,0,0,0,0,0,0,0,0,0,0,0,0,0,0,0,0,0,0,0,0,0,0,0,0,0,0,0,0,0,0,0,0,0,0,0,0,0,0,0,0,0,0,0,0,0,0
1989,236,12,54,54.701,2,8,0,-1,0,0,1,1,50,0,0,0,1028,0,0,0,0,0,1,1,0,0,0,94.35219949,0,0,0,0,3,1,1,0.2,40,0,0,0,3,1,1,0.002,200,0,0,0,0,0,0,0,0,0,0,0,0,0,0,0,0,0,0,0,0,0,0,0,0,0,0,0,0,0,0,0,0,0,0,0,0,0,0,0,0,0,0,0,0,0,0,0,0,0,0,0
1989,236,12,55,17.621,2,8,0,-1,1,0,1,1,50,0,0,0,1028,0,0,0,0,0,1,1,0,0,0,94.31486959,0,0,0,0,3,1,1,0.2,40,0,0,0,3,1,1,0.002,200,0,0,0,0,0,0,0,0,0,0,0,0,0,0,0,0,0,0,0,0,0,0,0,0,0,0,0,0,0,0,0,0,0,0,0,0,0,0,0,0,0,0,0,0,0,0,0,0,0,0,0
1989,236,12,56,30.701,2,8,0,-1,0,0,1,1,50,0,0,0,1028,0,0,0,0,0,1,1,0,0,0,94.19584142,0,0,0,0,3,1,1,0.2,40,0,0,0,3,1,1,0.002,200,0,0,0,0,0,0,0,0,0,0,0,0,0,0,0,0,0,0,0,0,0,0,0,0,0,0,0,0,0,0,0,0,0,0,0,0,0,0,0,0,0,0,0,0,0,0,0,0,0,0,0
1989,236,12,56,53.621,2,8,0,-1,1,0,1,1,50,0,0,0,1028,0,0,0,0,0,1,1,0,0,0,94.15851079,0,0,0,0,3,1,1,0.2,40,0,0,0,3,1,1,0.002,200,0,0,0,0,0,0,0,0,0,0,0,0,0,0,0,0,0,0,0,0,0,0,0,0,0,0,0,0,0,0,0,0,0,0,0,0,0,0,0,0,0,0,0,0,0,0,0,0,0,0,0
1989,236,12,58,6.701,2,8,0,-1,0,0,1,1,50,0,0,0,1028,0,0,0,0,0,1,1,0,0,0,94.03947686,0,0,0,0,3,1,1,0.2,40,0,0,0,3,1,1,0.002,200,0,0,0,0,0,0,0,0,0,0,0,0,0,0,0,0,0,0,0,0,0,0,0,0,0,0,0,0,0,0,0,0,0,0,0,0,0,0,0,0,0,0,0,0,0,0,0,0,0,0,0
1989,236,12,58,29.621,2,8,0,-1,1,0,1,1,50,0,0,0,1028,0,0,0,0,0,1,1,0,0,0,94.00214468,0,0,0,0,3,1,1,0.2,40,0,0,0,3,1,1,0.002,200,0,0,0,0,0,0,0,0,0,0,0,0,0,0,0,0,0,0,0,0,0,0,0,0,0,0,0,0,0,0,0,0,0,0,0,0,0,0,0,0,0,0,0,0,0,0,0,0,0,0,0
1989,236,12,59,42.701,2,8,0,-1,0,0,1,1,50,0,0,0,1028,0,0,0,0,0,1,1,0,0,0,93.88310579,0,0,0,0,3,1,1,0.2,40,0,0,0,3,1,1,0.002,200,0,0,0,0,0,0,0,0,0,0,0,0,0,0,0,0,0,0,0,0,0,0,0,0,0,0,0,0,0,0,0,0,0,0,0,0,0,0,0,0,0,0,0,0,0,0,0,0,0,0,0
1989,236,13,0,5.621,2,8,0,-1,1,0,1,1,50,0,0,0,1028,0,0,0,0,0,1,1,0,0,0,93.84577123,0,0,0,0,3,1,1,0.2,40,0,0,0,3,1,1,0.002,200,0,0,0,0,0,0,0,0,0,0,0,0,0,0,0,0,0,0,0,0,0,0,0,0,0,0,0,0,0,0,0,0,0,0,0,0,0,0,0,0,0,0,0,0,0,0,0,0,0,0,0
1989,236,13,1,18.701,2,8,0,-1,0,0,1,1,50,0,0,0,1028,0,0,0,0,0,1,1,0,0,0,93.72672819,0,0,0,0,3,1,1,0.2,40,0,0,0,3,1,1,0.002,200,0,0,0,0,0,0,0,0,0,0,0,0,0,0,0,0,0,0,0,0,0,0,0,0,0,0,0,0,0,0,0,0,0,0,0,0,0,0,0,0,0,0,0,0,0,0,0,0,0,0,0
1989,236,13,1,41.62,2,8,0,-1,1,0,1,1,50,0,0,0,1028,0,0,0,0,0,1,1,0,0,0,93.6893937,0,0,0,0,3,1,1,0.2,40,0,0,0,3,1,1,0.002,200,0,0,0,0,0,0,0,0,0,0,0,0,0,0,0,0,0,0,0,0,0,0,0,0,0,0,0,0,0,0,0,0,0,0,0,0,0,0,0,0,0,0,0,0,0,0,0,0,0,0,0
1989,236,13,2,54.701,2,8,0,-1,0,0,1,1,50,0,0,0,1028,0,0,0,0,0,1,1,0,0,0,93.57034484,0,0,0,0,3,1,1,0.2,40,0,0,0,3,1,1,0.002,200,0,0,0,0,0,0,0,0,0,0,0,0,0,0,0,0,0,0,0,0,0,0,0,0,0,0,0,0,0,0,0,0,0,0,0,0,0,0,0,0,0,0,0,0,0,0,0,0,0,0,0
1989,236,13,3,17.621,2,8,0,-1,1,0,1,1,50,0,0,0,1028,0,0,0,0,0,1,1,0,0,0,93.53300715,0,0,0,0,3,1,1,0.2,40,0,0,0,3,1,1,0.002,200,0,0,0,0,0,0,0,0,0,0,0,0,0,0,0,0,0,0,0,0,0,0,0,0,0,0,0,0,0,0,0,0,0,0,0,0,0,0,0,0,0,0,0,0,0,0,0,0,0,0,0
1989,236,13,6,54.7,2,8,0,-1,0,0,1,1,50,0,0,0,1028,0,0,0,0,0,1,1,0,0,0,93.17935643,0,0,0,0,3,1,1,0.2,40,0,0,0,3,1,1,0.002,200,0,0,0,0,0,0,0,0,0,0,0,0,0,0,0,0,0,0,0,0,0,0,0,0,0,0,0,0,0,0,0,0,0,0,0,0,0,0,0,0,0,0,0,0,0,0,0,0,0,0,0
1989,236,13,7,17.62,2,8,0,-1,1,0,1,1,50,0,0,0,1028,0,0,0,0,0,1,1,0,0,0,93.14201479,0,0,0,0,3,1,1,0.2,40,0,0,0,3,1,1,0.002,200,0,0,0,0,0,0,0,0,0,0,0,0,0,0,0,0,0,0,0,0,0,0,0,0,0,0,0,0,0,0,0,0,0,0,0,0,0,0,0,0,0,0,0,0,0,0,0,0,0,0,0
1989,236,13,8,30.7,2,8,0,-1,0,0,1,1,50,0,0,0,1028,0,0,0,0,0,1,1,0,0,0,93.02294914,0,0,0,0,3,1,1,0.2,40,0,0,0,3,1,1,0.002,200,0,0,0,0,0,0,0,0,0,0,0,0,0,0,0,0,0,0,0,0,0,0,0,0,0,0,0,0,0,0,0,0,0,0,0,0,0,0,0,0,0,0,0,0,0,0,0,0,0,0,0
1989,236,13,8,53.62,2,8,0,-1,1,0,1,1,50,0,0,0,1028,0,0,0,0,0,1,1,0,0,0,92.98560592,0,0,0,0,3,1,1,0.2,40,0,0,0,3,1,1,0.002,200,0,0,0,0,0,0,0,0,0,0,0,0,0,0,0,0,0,0,0,0,0,0,0,0,0,0,0,0,0,0,0,0,0,0,0,0,0,0,0,0,0,0,0,0,0,0,0,0,0,0,0
1989,236,13,10,6.7,2,8,0,-1,0,0,1,1,50,0,0,0,1028,0,0,0,0,0,1,1,0,0,0,92.8665352,0,0,0,0,3,1,1,0.2,40,0,0,0,3,1,1,0.002,200,0,0,0,0,0,0,0,0,0,0,0,0,0,0,0,0,0,0,0,0,0,0,0,0,0,0,0,0,0,0,0,0,0,0,0,0,0,0,0,0,0,0,0,0,0,0,0,0,0,0,0
1989,236,13,10,29.619,2,8,0,-1,1,0,1,1,50,0,0,0,1028,0,0,0,0,0,1,1,0,0,0,92.8291912,0,0,0,0,3,1,1,0.2,40,0,0,0,3,1,1,0.002,200,0,0,0,0,0,0,0,0,0,0,0,0,0,0,0,0,0,0,0,0,0,0,0,0,0,0,0,0,0,0,0,0,0,0,0,0,0,0,0,0,0,0,0,0,0,0,0,0,0,0,0
1989,236,13,11,42.7,2,8,0,-1,0,0,1,1,50,0,0,0,1028,0,0,0,0,0,1,1,0,0,0,92.71011458,0,0,0,0,3,1,1,0.2,40,0,0,0,3,1,1,0.002,200,0,0,0,0,0,0,0,0,0,0,0,0,0,0,0,0,0,0,0,0,0,0,0,0,0,0,0,0,0,0,0,0,0,0,0,0,0,0,0,0,0,0,0,0,0,0,0,0,0,0,0
1989,236,13,12,5.62,2,8,0,-1,1,0,1,1,50,0,0,0,1028,0,0,0,0,0,1,1,0,0,0,92.67276816,0,0,0,0,3,1,1,0.2,40,0,0,0,3,1,1,0.002,200,0,0,0,0,0,0,0,0,0,0,0,0,0,0,0,0,0,0,0,0,0,0,0,0,0,0,0,0,0,0,0,0,0,0,0,0,0,0,0,0,0,0,0,0,0,0,0,0,0,0,0
1989,236,13,13,18.7,2,8,0,-1,0,0,1,1,50,0,0,0,1028,0,0,0,0,0,1,1,0,0,0,92.55368725,0,0,0,0,3,1,1,0.2,40,0,0,0,3,1,1,0.002,200,0,0,0,0,0,0,0,0,0,0,0,0,0,0,0,0,0,0,0,0,0,0,0,0,0,0,0,0,0,0,0,0,0,0,0,0,0,0,0,0,0,0,0,0,0,0,0,0,0,0,0
1989,236,13,13,41.619,2,8,0,-1,1,0,1,1,50,0,0,0,1028,0,0,0,0,0,1,1,0,0,0,92.51634004,0,0,0,0,3,1,1,0.2,40,0,0,0,3,1,1,0.002,200,0,0,0,0,0,0,0,0,0,0,0,0,0,0,0,0,0,0,0,0,0,0,0,0,0,0,0,0,0,0,0,0,0,0,0,0,0,0,0,0,0,0,0,0,0,0,0,0,0,0,0
1989,236,13,14,54.7,2,8,0,-1,0,0,1,1,50,0,0,0,1028,0,0,0,0,0,1,1,0,0,0,92.39725319,0,0,0,0,3,1,1,0.2,40,0,0,0,3,1,1,0.002,200,0,0,0,0,0,0,0,0,0,0,0,0,0,0,0,0,0,0,0,0,0,0,0,0,0,0,0,0,0,0,0,0,0,0,0,0,0,0,0,0,0,0,0,0,0,0,0,0,0,0,0
1989,236,13,15,17.62,2,8,0,-1,1,0,1,1,50,0,0,0,1028,0,0,0,0,0,1,1,0,0,0,92.35990356,0,0,0,0,3,1,1,0.2,40,0,0,0,3,1,1,0.002,200,0,0,0,0,0,0,0,0,0,0,0,0,0,0,0,0,0,0,0,0,0,0,0,0,0,0,0,0,0,0,0,0,0,0,0,0,0,0,0,0,0,0,0,0,0,0,0,0,0,0,0
1989,236,13,18,54.699,2,8,0,-1,0,0,1,1,50,0,0,0,1028,0,0,0,0,0,1,1,0,0,0,92.00614008,0,0,0,0,3,1,1,0.2,40,0,0,0,3,1,1,0.002,200,0,0,0,0,0,0,0,0,0,0,0,0,0,0,0,0,0,0,0,0,0,0,0,0,0,0,0,0,0,0,0,0,0,0,0,0,0,0,0,0,0,0,0,0,0,0,0,0,0,0,0
1989,236,13,19,17.619,2,8,0,-1,1,0,1,1,50,0,0,0,1028,0,0,0,0,0,1,1,0,0,0,91.9687864,0,0,0,0,3,1,1,0.2,40,0,0,0,3,1,1,0.002,200,0,0,0,0,0,0,0,0,0,0,0,0,0,0,0,0,0,0,0,0,0,0,0,0,0,0,0,0,0,0,0,0,0,0,0,0,0,0,0,0,0,0,0,0,0,0,0,0,0,0,0
1989,236,13,20,30.699,2,8,0,-1,0,0,1,1,50,0,0,0,1028,0,0,0,0,0,1,1,0,0,0,91.84968229,0,0,0,0,3,1,1,0.2,40,0,0,0,3,1,1,0.002,200,0,0,0,0,0,0,0,0,0,0,0,0,0,0,0,0,0,0,0,0,0,0,0,0,0,0,0,0,0,0,0,0,0,0,0,0,0,0,0,0,0,0,0,0,0,0,0,0,0,0,0
1989,236,13,20,53.619,2,8,0,-1,1,0,1,1,50,0,0,0,1028,0,0,0,0,0,1,1,0,0,0,91.81232698,0,0,0,0,3,1,1,0.2,40,0,0,0,3,1,1,0.002,200,0,0,0,0,0,0,0,0,0,0,0,0,0,0,0,0,0,0,0,0,0,0,0,0,0,0,0,0,0,0,0,0,0,0,0,0,0,0,0,0,0,0,0,0,0,0,0,0,0,0,0
1989,236,13,22,6.699,2,8,0,-1,0,0,1,1,50,0,0,0,1028,0,0,0,0,0,1,1,0,0,0,91.69321766,0,0,0,0,3,1,1,0.2,40,0,0,0,3,1,1,0.002,200,0,0,0,0,0,0,0,0,0,0,0,0,0,0,0,0,0,0,0,0,0,0,0,0,0,0,0,0,0,0,0,0,0,0,0,0,0,0,0,0,0,0,0,0,0,0,0,0,0,0,0
1989,236,13,22,29.619,2,8,0,-1,1,0,1,1,50,0,0,0,1028,0,0,0,0,0,1,1,0,0,0,91.65586072,0,0,0,0,3,1,1,0.2,40,0,0,0,3,1,1,0.002,200,0,0,0,0,0,0,0,0,0,0,0,0,0,0,0,0,0,0,0,0,0,0,0,0,0,0,0,0,0,0,0,0,0,0,0,0,0,0,0,0,0,0,0,0,0,0,0,0,0,0,0
1989,236,13,23,42.699,2,8,0,-1,0,0,1,1,50,0,0,0,1028,0,0,0,0,0,1,1,0,0,0,91.53674617,0,0,0,0,3,1,1,0.2,40,0,0,0,3,1,1,0.002,200,0,0,0,0,0,0,0,0,0,0,0,0,0,0,0,0,0,0,0,0,0,0,0,0,0,0,0,0,0,0,0,0,0,0,0,0,0,0,0,0,0,0,0,0,0,0,0,0,0,0,0
1989,236,13,24,5.619,2,8,0,-1,1,0,1,1,50,0,0,0,1028,0,0,0,0,0,1,1,0,0,0,91.49938759,0,0,0,0,3,1,1,0.2,40,0,0,0,3,1,1,0.002,200,0,0,0,0,0,0,0,0,0,0,0,0,0,0,0,0,0,0,0,0,0,0,0,0,0,0,0,0,0,0,0,0,0,0,0,0,0,0,0,0,0,0,0,0,0,0,0,0,0,0,0
1989,236,13,25,18.699,2,8,0,-1,0,0,1,1,50,0,0,0,1028,0,0,0,0,0,1,1,0,0,0,91.3802678,0,0,0,0,3,1,1,0.2,40,0,0,0,3,1,1,0.002,200,0,0,0,0,0,0,0,0,0,0,0,0,0,0,0,0,0,0,0,0,0,0,0,0,0,0,0,0,0,0,0,0,0,0,0,0,0,0,0,0,0,0,0,0,0,0,0,0,0,0,0
1989,236,13,25,41.619,2,8,0,-1,1,0,1,1,50,0,0,0,1028,0,0,0,0,0,1,1,0,0,0,91.34290756,0,0,0,0,3,1,1,0.2,40,0,0,0,3,1,1,0.002,200,0,0,0,0,0,0,0,0,0,0,0,0,0,0,0,0,0,0,0,0,0,0,0,0,0,0,0,0,0,0,0,0,0,0,0,0,0,0,0,0,0,0,0,0,0,0,0,0,0,0,0
1989,236,13,26,54.699,2,8,0,-1,0,0,1,1,50,0,0,0,1028,0,0,0,0,0,1,1,0,0,0,91.22378252,0,0,0,0,3,1,1,0.2,40,0,0,0,3,1,1,0.002,200,0,0,0,0,0,0,0,0,0,0,0,0,0,0,0,0,0,0,0,0,0,0,0,0,0,0,0,0,0,0,0,0,0,0,0,0,0,0,0,0,0,0,0,0,0,0,0,0,0,0,0
1989,236,13,27,17.619,2,8,0,-1,1,0,1,1,50,0,0,0,1028,0,0,0,0,0,1,1,0,0,0,91.18642063,0,0,0,0,3,1,1,0.2,40,0,0,0,3,1,1,0.002,200,0,0,0,0,0,0,0,0,0,0,0,0,0,0,0,0,0,0,0,0,0,0,0,0,0,0,0,0,0,0,0,0,0,0,0,0,0,0,0,0,0,0,0,0,0,0,0,0,0,0,0
1989,236,13,30,54.698,2,8,0,-1,0,0,1,1,50,0,0,0,1028,0,0,0,0,0,1,1,0,0,0,90.83254056,0,0,0,0,3,1,1,0.2,40,0,0,0,3,1,1,0.002,200,0,0,0,0,0,0,0,0,0,0,0,0,0,0,0,0,0,0,0,0,0,0,0,0,0,0,0,0,0,0,0,0,0,0,0,0,0,0,0,0,0,0,0,0,0,0,0,0,0,0,0
1989,236,13,31,17.618,2,8,0,-1,1,0,1,1,50,0,0,0,1028,0,0,0,0,0,1,1,0,0,0,90.79517533,0,0,0,0,3,1,1,0.2,40,0,0,0,3,1,1,0.002,200,0,0,0,0,0,0,0,0,0,0,0,0,0,0,0,0,0,0,0,0,0,0,0,0,0,0,0,0,0,0,0,0,0,0,0,0,0,0,0,0,0,0,0,0,0,0,0,0,0,0,0
1989,236,13,32,30.698,2,8,0,-1,0,0,1,1,50,0,0,0,1028,0,0,0,0,0,1,1,0,0,0,90.6760309,0,0,0,0,3,1,1,0.2,40,0,0,0,3,1,1,0.002,200,0,0,0,0,0,0,0,0,0,0,0,0,0,0,0,0,0,0,0,0,0,0,0,0,0,0,0,0,0,0,0,0,0,0,0,0,0,0,0,0,0,0,0,0,0,0,0,0,0,0,0
1989,236,13,32,53.618,2,8,0,-1,1,0,1,1,50,0,0,0,1028,0,0,0,0,0,1,1,0,0,0,90.63866319,0,0,0,0,3,1,1,0.2,40,0,0,0,3,1,1,0.002,200,0,0,0,0,0,0,0,0,0,0,0,0,0,0,0,0,0,0,0,0,0,0,0,0,0,0,0,0,0,0,0,0,0,0,0,0,0,0,0,0,0,0,0,0,0,0,0,0,0,0,0
1989,236,13,34,6.698,2,8,0,-1,0,0,1,1,50,0,0,0,1028,0,0,0,0,0,1,1,0,0,0,90.51951423,0,0,0,0,3,1,1,0.2,40,0,0,0,3,1,1,0.002,200,0,0,0,0,0,0,0,0,0,0,0,0,0,0,0,0,0,0,0,0,0,0,0,0,0,0,0,0,0,0,0,0,0,0,0,0,0,0,0,0,0,0,0,0,0,0,0,0,0,0,0
1989,236,13,34,29.618,2,8,0,-1,1,0,1,1,50,0,0,0,1028,0,0,0,0,0,1,1,0,0,0,90.48214565,0,0,0,0,3,1,1,0.2,40,0,0,0,3,1,1,0.002,200,0,0,0,0,0,0,0,0,0,0,0,0,0,0,0,0,0,0,0,0,0,0,0,0,0,0,0,0,0,0,0,0,0,0,0,0,0,0,0,0,0,0,0,0,0,0,0,0,0,0,0
1989,236,13,35,42.698,2,8,0,-1,0,0,1,1,50,0,0,0,1028,0,0,0,0,0,1,1,0,0,0,90.36299051,0,0,0,0,3,1,1,0.2,40,0,0,0,3,1,1,0.002,200,0,0,0,0,0,0,0,0,0,0,0,0,0,0,0,0,0,0,0,0,0,0,0,0,0,0,0,0,0,0,0,0,0,0,0,0,0,0,0,0,0,0,0,0,0,0,0,0,0,0,0
1989,236,13,36,5.618,2,8,0,-1,1,0,1,1,50,0,0,0,1028,0,0,0,0,0,1,1,0,0,0,90.32561943,0,0,0,0,3,1,1,0.2,40,0,0,0,3,1,1,0.002,200,0,0,0,0,0,0,0,0,0,0,0,0,0,0,0,0,0,0,0,0,0,0,0,0,0,0,0,0,0,0,0,0,0,0,0,0,0,0,0,0,0,0,0,0,0,0,0,0,0,0,0
1989,236,13,37,18.698,2,8,0,-1,0,0,1,1,50,0,0,0,1028,0,0,0,0,0,1,1,0,0,0,90.20645972,0,0,0,0,3,1,1,0.2,40,0,0,0,3,1,1,0.002,200,0,0,0,0,0,0,0,0,0,0,0,0,0,0,0,0,0,0,0,0,0,0,0,0,0,0,0,0,0,0,0,0,0,0,0,0,0,0,0,0,0,0,0,0,0,0,0,0,0,0,0
1989,236,13,37,41.618,2,8,0,-1,1,0,1,1,50,0,0,0,1028,0,0,0,0,0,1,1,0,0,0,90.16908695,0,0,0,0,3,1,1,0.2,40,0,0,0,3,1,1,0.002,200,0,0,0,0,0,0,0,0,0,0,0,0,0,0,0,0,0,0,0,0,0,0,0,0,0,0,0,0,0,0,0,0,0,0,0,0,0,0,0,0,0,0,0,0,0,0,0,0,0,0,0
1989,236,13,38,54.698,2,8,0,-1,0,0,1,1,50,0,0,0,1028,0,0,0,0,0,1,1,0,0,0,90.04992184,0,0,0,0,3,1,1,0.2,40,0,0,0,3,1,1,0.002,200,0,0,0,0,0,0,0,0,0,0,0,0,0,0,0,0,0,0,0,0,0,0,0,0,0,0,0,0,0,0,0,0,0,0,0,0,0,0,0,0,0,0,0,0,0,0,0,0,0,0,0
1989,236,13,39,17.618,2,8,0,-1,1,0,1,1,50,0,0,0,1028,0,0,0,0,0,1,1,0,0,0,90.01254818,0,0,0,0,3,1,1,0.2,40,0,0,0,3,1,1,0.002,200,0,0,0,0,0,0,0,0,0,0,0,0,0,0,0,0,0,0,0,0,0,0,0,0,0,0,0,0,0,0,0,0,0,0,0,0,0,0,0,0,0,0,0,0,0,0,0,0,0,0,0
1989,236,13,42,54.697,2,8,0,-1,0,0,1,1,50,0,0,0,1028,0,0,0,0,0,1,1,0,0,0,89.65854755,0,0,0,0,3,1,1,0.2,40,0,0,0,3,1,1,0.002,200,0,0,0,0,0,0,0,0,0,0,0,0,0,0,0,0,0,0,0,0,0,0,0,0,0,0,0,0,0,0,0,0,0,0,0,0,0,0,0,0,0,0,0,0,0,0,0,0,0,0,0
1989,236,13,43,17.617,2,8,0,-1,1,0,1,1,50,0,0,0,1028,0,0,0,0,0,1,1,0,0,0,89.62116963,0,0,0,0,3,1,1,0.2,40,0,0,0,3,1,1,0.002,200,0,0,0,0,0,0,0,0,0,0,0,0,0,0,0,0,0,0,0,0,0,0,0,0,0,0,0,0,0,0,0,0,0,0,0,0,0,0,0,0,0,0,0,0,0,0,0,0,0,0,0
1989,236,13,44,30.697,2,8,0,-1,0,0,1,1,50,0,0,0,1028,0,0,0,0,0,1,1,0,0,0,89.50198463,0,0,0,0,3,1,1,0.2,40,0,0,0,3,1,1,0.002,200,0,0,0,0,0,0,0,0,0,0,0,0,0,0,0,0,0,0,0,0,0,0,0,0,0,0,0,0,0,0,0,0,0,0,0,0,0,0,0,0,0,0,0,0,0,0,0,0,0,0,0
1989,236,13,44,53.617,2,8,0,-1,1,0,1,1,50,0,0,0,1028,0,0,0,0,0,1,1,0,0,0,89.46460417,0,0,0,0,3,1,1,0.2,40,0,0,0,3,1,1,0.002,200,0,0,0,0,0,0,0,0,0,0,0,0,0,0,0,0,0,0,0,0,0,0,0,0,0,0,0,0,0,0,0,0,0,0,0,0,0,0,0,0,0,0,0,0,0,0,0,0,0,0,0
1989,236,13,46,6.697,2,8,0,-1,0,0,1,1,50,0,0,0,1028,0,0,0,0,0,1,1,0,0,0,89.3454145,0,0,0,0,3,1,1,0.2,40,0,0,0,3,1,1,0.002,200,0,0,0,0,0,0,0,0,0,0,0,0,0,0,0,0,0,0,0,0,0,0,0,0,0,0,0,0,0,0,0,0,0,0,0,0,0,0,0,0,0,0,0,0,0,0,0,0,0,0,0
1989,236,13,46,29.617,2,8,0,-1,1,0,1,1,50,0,0,0,1028,0,0,0,0,0,1,1,0,0,0,89.30803313,0,0,0,0,3,1,1,0.2,40,0,0,0,3,1,1,0.002,200,0,0,0,0,0,0,0,0,0,0,0,0,0,0,0,0,0,0,0,0,0,0,0,0,0,0,0,0,0,0,0,0,0,0,0,0,0,0,0,0,0,0,0,0,0,0,0,0,0,0,0
1989,236,13,47,42.697,2,8,0,-1,0,0,1,1,50,0,0,0,1028,0,0,0,0,0,1,1,0,0,0,89.18883714,0,0,0,0,3,1,1,0.2,40,0,0,0,3,1,1,0.002,200,0,0,0,0,0,0,0,0,0,0,0,0,0,0,0,0,0,0,0,0,0,0,0,0,0,0,0,0,0,0,0,0,0,0,0,0,0,0,0,0,0,0,0,0,0,0,0,0,0,0,0
1989,236,13,48,5.617,2,8,0,-1,1,0,1,1,50,0,0,0,1028,0,0,0,0,0,1,1,0,0,0,89.15145322,0,0,0,0,3,1,1,0.2,40,0,0,0,3,1,1,0.002,200,0,0,0,0,0,0,0,0,0,0,0,0,0,0,0,0,0,0,0,0,0,0,0,0,0,0,0,0,0,0,0,0,0,0,0,0,0,0,0,0,0,0,0,0,0,0,0,0,0,0,0
1989,236,13,49,18.697,2,8,0,-1,0,0,1,1,50,0,0,0,1028,0,0,0,0,0,1,1,0,0,0,89.03225251,0,0,0,0,3,1,1,0.2,40,0,0,0,3,1,1,0.002,200,0,0,0,0,0,0,0,0,0,0,0,0,0,0,0,0,0,0,0,0,0,0,0,0,0,0,0,0,0,0,0,0,0,0,0,0,0,0,0,0,0,0,0,0,0,0,0,0,0,0,0
1989,236,13,49,41.617,2,8,0,-1,1,0,1,1,50,0,0,0,1028,0,0,0,0,0,1,1,0,0,0,88.99486685,0,0,0,0,3,1,1,0.2,40,0,0,0,3,1,1,0.002,200,0,0,0,0,0,0,0,0,0,0,0,0,0,0,0,0,0,0,0,0,0,0,0,0,0,0,0,0,0,0,0,0,0,0,0,0,0,0,0,0,0,0,0,0,0,0,0,0,0,0,0
1989,236,13,50,54.697,2,8,0,-1,0,0,1,1,50,0,0,0,1028,0,0,0,0,0,1,1,0,0,0,88.87566058,0,0,0,0,3,1,1,0.2,40,0,0,0,3,1,1,0.002,200,0,0,0,0,0,0,0,0,0,0,0,0,0,0,0,0,0,0,0,0,0,0,0,0,0,0,0,0,0,0,0,0,0,0,0,0,0,0,0,0,0,0,0,0,0,0,0,0,0,0,0
1989,236,13,51,17.617,2,8,0,-1,1,0,1,1,50,0,0,0,1028,0,0,0,0,0,1,1,0,0,0,88.838274,0,0,0,0,3,1,1,0.2,40,0,0,0,3,1,1,0.002,200,0,0,0,0,0,0,0,0,0,0,0,0,0,0,0,0,0,0,0,0,0,0,0,0,0,0,0,0,0,0,0,0,0,0,0,0,0,0,0,0,0,0,0,0,0,0,0,0,0,0,0
1989,236,13,54,54.697,2,8,0,-1,0,0,1,1,50,0,0,0,1028,0,0,0,0,0,1,1,0,0,0,88.48414953,0,0,0,0,3,1,1,0.2,40,0,0,0,3,1,1,0.002,200,0,0,0,0,0,0,0,0,0,0,0,0,0,0,0,0,0,0,0,0,0,0,0,0,0,0,0,0,0,0,0,0,0,0,0,0,0,0,0,0,0,0,0,0,0,0,0,0,0,0,0
1989,236,13,55,17.616,2,8,0,-1,1,0,1,1,50,0,0,0,1028,0,0,0,0,0,1,1,0,0,0,88.44675855,0,0,0,0,3,1,1,0.2,40,0,0,0,3,1,1,0.002,200,0,0,0,0,0,0,0,0,0,0,0,0,0,0,0,0,0,0,0,0,0,0,0,0,0,0,0,0,0,0,0,0,0,0,0,0,0,0,0,0,0,0,0,0,0,0,0,0,0,0,0
1989,236,13,56,30.695,2,8,0,-1,0,0,1,1,50,0,0,0,1028,0,0,0,0,0,1,1,0,0,0,88.32753351,0,0,0,0,3,1,1,0.2,40,0,0,0,3,1,1,0.002,200,0,0,0,0,0,0,0,0,0,0,0,0,0,0,0,0,0,0,0,0,0,0,0,0,0,0,0,0,0,0,0,0,0,0,0,0,0,0,0,0,0,0,0,0,0,0,0,0,0,0,0
1989,236,13,56,53.616,2,8,0,-1,1,0,1,1,50,0,0,0,1028,0,0,0,0,0,1,1,0,0,0,88.29013914,0,0,0,0,3,1,1,0.2,40,0,0,0,3,1,1,0.002,200,0,0,0,0,0,0,0,0,0,0,0,0,0,0,0,0,0,0,0,0,0,0,0,0,0,0,0,0,0,0,0,0,0,0,0,0,0,0,0,0,0,0,0,0,0,0,0,0,0,0,0
1989,236,13,58,6.696,2,8,0,-1,0,0,1,1,50,0,0,0,1028,0,0,0,0,0,1,1,0,0,0,88.17090764,0,0,0,0,3,1,1,0.2,40,0,0,0,3,1,1,0.002,200,0,0,0,0,0,0,0,0,0,0,0,0,0,0,0,0,0,0,0,0,0,0,0,0,0,0,0,0,0,0,0,0,0,0,0,0,0,0,0,0,0,0,0,0,0,0,0,0,0,0,0
1989,236,13,58,29.615,2,8,0,-1,1,0,1,1,50,0,0,0,1028,0,0,0,0,0,1,1,0,0,0,88.13351312,0,0,0,0,3,1,1,0.2,40,0,0,0,3,1,1,0.002,200,0,0,0,0,0,0,0,0,0,0,0,0,0,0,0,0,0,0,0,0,0,0,0,0,0,0,0,0,0,0,0,0,0,0,0,0,0,0,0,0,0,0,0,0,0,0,0,0,0,0,0
1989,236,13,59,42.695,2,8,0,-1,0,0,1,1,50,0,0,0,1028,0,0,0,0,0,1,1,0,0,0,88.01427596,0,0,0,0,3,1,1,0.2,40,0,0,0,3,1,1,0.002,200,0,0,0,0,0,0,0,0,0,0,0,0,0,0,0,0,0,0,0,0,0,0,0,0,0,0,0,0,0,0,0,0,0,0,0,0,0,0,0,0,0,0,0,0,0,0,0,0,0,0,0
1989,236,14,0,5.616,2,8,0,-1,1,0,1,1,50,0,0,0,1028,0,0,0,0,0,1,1,0,0,0,87.97687803,0,0,0,0,3,1,1,0.2,40,0,0,0,3,1,1,0.002,200,0,0,0,0,0,0,0,0,0,0,0,0,0,0,0,0,0,0,0,0,0,0,0,0,0,0,0,0,0,0,0,0,0,0,0,0,0,0,0,0,0,0,0,0,0,0,0,0,0,0,0
1989,236,14,1,18.696,2,8,0,-1,0,0,1,1,50,0,0,0,1028,0,0,0,0,0,1,1,0,0,0,87.85763518,0,0,0,0,3,1,1,0.2,40,0,0,0,3,1,1,0.002,200,0,0,0,0,0,0,0,0,0,0,0,0,0,0,0,0,0,0,0,0,0,0,0,0,0,0,0,0,0,0,0,0,0,0,0,0,0,0,0,0,0,0,0,0,0,0,0,0,0,0,0
1989,236,14,1,41.616,2,8,0,-1,1,0,1,1,50,0,0,0,1028,0,0,0,0,0,1,1,0,0,0,87.82023628,0,0,0,0,3,1,1,0.2,40,0,0,0,3,1,1,0.002,200,0,0,0,0,0,0,0,0,0,0,0,0,0,0,0,0,0,0,0,0,0,0,0,0,0,0,0,0,0,0,0,0,0,0,0,0,0,0,0,0,0,0,0,0,0,0,0,0,0,0,0
1989,236,14,2,54.696,2,8,0,-1,0,0,1,1,50,0,0,0,1028,0,0,0,0,0,1,1,0,0,0,87.70098773,0,0,0,0,3,1,1,0.2,40,0,0,0,3,1,1,0.002,200,0,0,0,0,0,0,0,0,0,0,0,0,0,0,0,0,0,0,0,0,0,0,0,0,0,0,0,0,0,0,0,0,0,0,0,0,0,0,0,0,0,0,0,0,0,0,0,0,0,0,0
1989,236,14,3,17.615,2,8,0,-1,1,0,1,1,50,0,0,0,1028,0,0,0,0,0,1,1,0,0,0,87.66358785,0,0,0,0,3,1,1,0.2,40,0,0,0,3,1,1,0.002,200,0,0,0,0,0,0,0,0,0,0,0,0,0,0,0,0,0,0,0,0,0,0,0,0,0,0,0,0,0,0,0,0,0,0,0,0,0,0,0,0,0,0,0,0,0,0,0,0,0,0,0
1989,236,14,6,54.696,2,8,0,-1,0,0,1,1,50,0,0,0,1028,0,0,0,0,0,1,1,0,0,0,87.30933613,0,0,0,0,3,1,1,0.2,40,0,0,0,3,1,1,0.002,200,0,0,0,0,0,0,0,0,0,0,0,0,0,0,0,0,0,0,0,0,0,0,0,0,0,0,0,0,0,0,0,0,0,0,0,0,0,0,0,0,0,0,0,0,0,0,0,0,0,0,0
1989,236,14,7,17.615,2,8,0,-1,1,0,1,1,50,0,0,0,1028,0,0,0,0,0,1,1,0,0,0,87.27193174,0,0,0,0,3,1,1,0.2,40,0,0,0,3,1,1,0.002,200,0,0,0,0,0,0,0,0,0,0,0,0,0,0,0,0,0,0,0,0,0,0,0,0,0,0,0,0,0,0,0,0,0,0,0,0,0,0,0,0,0,0,0,0,0,0,0,0,0,0,0
1989,236,14,8,30.695,2,8,0,-1,0,0,1,1,50,0,0,0,1028,0,0,0,0,0,1,1,0,0,0,87.15266386,0,0,0,0,3,1,1,0.2,40,0,0,0,3,1,1,0.002,200,0,0,0,0,0,0,0,0,0,0,0,0,0,0,0,0,0,0,0,0,0,0,0,0,0,0,0,0,0,0,0,0,0,0,0,0,0,0,0,0,0,0,0,0,0,0,0,0,0,0,0
1989,236,14,8,53.615,2,8,0,-1,1,0,1,1,50,0,0,0,1028,0,0,0,0,0,1,1,0,0,0,87.11525684,0,0,0,0,3,1,1,0.2,40,0,0,0,3,1,1,0.002,200,0,0,0,0,0,0,0,0,0,0,0,0,0,0,0,0,0,0,0,0,0,0,0,0,0,0,0,0,0,0,0,0,0,0,0,0,0,0,0,0,0,0,0,0,0,0,0,0,0,0,0
1989,236,14,10,6.695,2,8,0,-1,0,0,1,1,50,0,0,0,1028,0,0,0,0,0,1,1,0,0,0,86.99598234,0,0,0,0,3,1,1,0.2,40,0,0,0,3,1,1,0.002,200,0,0,0,0,0,0,0,0,0,0,0,0,0,0,0,0,0,0,0,0,0,0,0,0,0,0,0,0,0,0,0,0,0,0,0,0,0,0,0,0,0,0,0,0,0,0,0,0,0,0,0
1989,236,14,10,29.615,2,8,0,-1,1,0,1,1,50,0,0,0,1028,0,0,0,0,0,1,1,0,0,0,86.9585735,0,0,0,0,3,1,1,0.2,40,0,0,0,3,1,1,0.002,200,0,0,0,0,0,0,0,0,0,0,0,0,0,0,0,0,0,0,0,0,0,0,0,0,0,0,0,0,0,0,0,0,0,0,0,0,0,0,0,0,0,0,0,0,0,0,0,0,0,0,0
1989,236,14,11,42.695,2,8,0,-1,0,0,1,1,50,0,0,0,1028,0,0,0,0,0,1,1,0,0,0,86.83929318,0,0,0,0,3,1,1,0.2,40,0,0,0,3,1,1,0.002,200,0,0,0,0,0,0,0,0,0,0,0,0,0,0,0,0,0,0,0,0,0,0,0,0,0,0,0,0,0,0,0,0,0,0,0,0,0,0,0,0,0,0,0,0,0,0,0,0,0,0,0
1989,236,14,12,5.615,2,8,0,-1,1,0,1,1,50,0,0,0,1028,0,0,0,0,0,1,1,0,0,0,86.8018825,0,0,0,0,3,1,1,0.2,40,0,0,0,3,1,1,0.002,200,0,0,0,0,0,0,0,0,0,0,0,0,0,0,0,0,0,0,0,0,0,0,0,0,0,0,0,0,0,0,0,0,0,0,0,0,0,0,0,0,0,0,0,0,0,0,0,0,0,0,0
1989,236,14,13,18.695,2,8,0,-1,0,0,1,1,50,0,0,0,1028,0,0,0,0,0,1,1,0,0,0,86.68259633,0,0,0,0,3,1,1,0.2,40,0,0,0,3,1,1,0.002,200,0,0,0,0,0,0,0,0,0,0,0,0,0,0,0,0,0,0,0,0,0,0,0,0,0,0,0,0,0,0,0,0,0,0,0,0,0,0,0,0,0,0,0,0,0,0,0,0,0,0,0
1989,236,14,13,41.615,2,8,0,-1,1,0,1,1,50,0,0,0,1028,0,0,0,0,0,1,1,0,0,0,86.64518382,0,0,0,0,3,1,1,0.2,40,0,0,0,3,1,1,0.002,200,0,0,0,0,0,0,0,0,0,0,0,0,0,0,0,0,0,0,0,0,0,0,0,0,0,0,0,0,0,0,0,0,0,0,0,0,0,0,0,0,0,0,0,0,0,0,0,0,0,0,0
1989,236,14,14,54.695,2,8,0,-1,0,0,1,1,50,0,0,0,1028,0,0,0,0,0,1,1,0,0,0,86.52589179,0,0,0,0,3,1,1,0.2,40,0,0,0,3,1,1,0.002,200,0,0,0,0,0,0,0,0,0,0,0,0,0,0,0,0,0,0,0,0,0,0,0,0,0,0,0,0,0,0,0,0,0,0,0,0,0,0,0,0,0,0,0,0,0,0,0,0,0,0,0
1989,236,14,15,17.615,2,8,0,-1,1,0,1,1,50,0,0,0,1028,0,0,0,0,0,1,1,0,0,0,86.48847743,0,0,0,0,3,1,1,0.2,40,0,0,0,3,1,1,0.002,200,0,0,0,0,0,0,0,0,0,0,0,0,0,0,0,0,0,0,0,0,0,0,0,0,0,0,0,0,0,0,0,0,0,0,0,0,0,0,0,0,0,0,0,0,0,0,0,0,0,0,0
1989,236,14,18,54.695,2,8,0,-1,0,0,1,1,50,0,0,0,1028,0,0,0,0,0,1,1,0,0,0,86.13409652,0,0,0,0,3,1,1,0.2,40,0,0,0,3,1,1,0.002,200,0,0,0,0,0,0,0,0,0,0,0,0,0,0,0,0,0,0,0,0,0,0,0,0,0,0,0,0,0,0,0,0,0,0,0,0,0,0,0,0,0,0,0,0,0,0,0,0,0,0,0
1989,236,14,19,17.615,2,8,0,-1,1,0,1,1,50,0,0,0,1028,0,0,0,0,0,1,1,0,0,0,86.09667753,0,0,0,0,3,1,1,0.2,40,0,0,0,3,1,1,0.002,200,0,0,0,0,0,0,0,0,0,0,0,0,0,0,0,0,0,0,0,0,0,0,0,0,0,0,0,0,0,0,0,0,0,0,0,0,0,0,0,0,0,0,0,0,0,0,0,0,0,0,0
1989,236,14,20,30.694,2,8,0,-1,0,0,1,1,50,0,0,0,1028,0,0,0,0,0,1,1,0,0,0,85.9773656,0,0,0,0,3,1,1,0.2,40,0,0,0,3,1,1,0.002,200,0,0,0,0,0,0,0,0,0,0,0,0,0,0,0,0,0,0,0,0,0,0,0,0,0,0,0,0,0,0,0,0,0,0,0,0,0,0,0,0,0,0,0,0,0,0,0,0,0,0,0
1989,236,14,20,53.614,2,8,0,-1,1,0,1,1,50,0,0,0,1028,0,0,0,0,0,1,1,0,0,0,85.93994474,0,0,0,0,3,1,1,0.2,40,0,0,0,3,1,1,0.002,200,0,0,0,0,0,0,0,0,0,0,0,0,0,0,0,0,0,0,0,0,0,0,0,0,0,0,0,0,0,0,0,0,0,0,0,0,0,0,0,0,0,0,0,0,0,0,0,0,0,0,0
1989,236,14,22,6.694,2,8,0,-1,0,0,1,1,50,0,0,0,1028,0,0,0,0,0,1,1,0,0,0,85.82062684,0,0,0,0,3,1,1,0.2,40,0,0,0,3,1,1,0.002,200,0,0,0,0,0,0,0,0,0,0,0,0,0,0,0,0,0,0,0,0,0,0,0,0,0,0,0,0,0,0,0,0,0,0,0,0,0,0,0,0,0,0,0,0,0,0,0,0,0,0,0
1989,236,14,22,29.614,2,8,0,-1,1,0,1,1,50,0,0,0,1028,0,0,0,0,0,1,1,0,0,0,85.7832041,0,0,0,0,3,1,1,0.2,40,0,0,0,3,1,1,0.002,200,0,0,0,0,0,0,0,0,0,0,0,0,0,0,0,0,0,0,0,0,0,0,0,0,0,0,0,0,0,0,0,0,0,0,0,0,0,0,0,0,0,0,0,0,0,0,0,0,0,0,0
1989,236,14,23,42.694,2,8,0,-1,0,0,1,1,50,0,0,0,1028,0,0,0,0,0,1,1,0,0,0,85.66387939,0,0,0,0,3,1,1,0.2,40,0,0,0,3,1,1,0.002,200,0,0,0,0,0,0,0,0,0,0,0,0,0,0,0,0,0,0,0,0,0,0,0,0,0,0,0,0,0,0,0,0,0,0,0,0,0,0,0,0,0,0,0,0,0,0,0,0,0,0,0
1989,236,14,24,5.614,2,8,0,-1,1,0,1,1,50,0,0,0,1028,0,0,0,0,0,1,1,0,0,0,85.62645477,0,0,0,0,3,1,1,0.2,40,0,0,0,3,1,1,0.002,200,0,0,0,0,0,0,0,0,0,0,0,0,0,0,0,0,0,0,0,0,0,0,0,0,0,0,0,0,0,0,0,0,0,0,0,0,0,0,0,0,0,0,0,0,0,0,0,0,0,0,0
1989,236,14,25,18.694,2,8,0,-1,0,0,1,1,50,0,0,0,1028,0,0,0,0,0,1,1,0,0,0,85.50712405,0,0,0,0,3,1,1,0.2,40,0,0,0,3,1,1,0.002,200,0,0,0,0,0,0,0,0,0,0,0,0,0,0,0,0,0,0,0,0,0,0,0,0,0,0,0,0,0,0,0,0,0,0,0,0,0,0,0,0,0,0,0,0,0,0,0,0,0,0,0
1989,236,14,25,41.614,2,8,0,-1,1,0,1,1,50,0,0,0,1028,0,0,0,0,0,1,1,0,0,0,85.46969754,0,0,0,0,3,1,1,0.2,40,0,0,0,3,1,1,0.002,200,0,0,0,0,0,0,0,0,0,0,0,0,0,0,0,0,0,0,0,0,0,0,0,0,0,0,0,0,0,0,0,0,0,0,0,0,0,0,0,0,0,0,0,0,0,0,0,0,0,0,0
1989,236,14,26,54.694,2,8,0,-1,0,0,1,1,50,0,0,0,1028,0,0,0,0,0,1,1,0,0,0,85.35036079,0,0,0,0,3,1,1,0.2,40,0,0,0,3,1,1,0.002,200,0,0,0,0,0,0,0,0,0,0,0,0,0,0,0,0,0,0,0,0,0,0,0,0,0,0,0,0,0,0,0,0,0,0,0,0,0,0,0,0,0,0,0,0,0,0,0,0,0,0,0
1989,236,14,27,17.614,2,8,0,-1,1,0,1,1,50,0,0,0,1028,0,0,0,0,0,1,1,0,0,0,85.31293238,0,0,0,0,3,1,1,0.2,40,0,0,0,3,1,1,0.002,200,0,0,0,0,0,0,0,0,0,0,0,0,0,0,0,0,0,0,0,0,0,0,0,0,0,0,0,0,0,0,0,0,0,0,0,0,0,0,0,0,0,0,0,0,0,0,0,0,0,0,0
1989,236,14,30,54.694,2,8,0,-1,0,0,1,1,50,0,0,0,1028,0,0,0,0,0,1,1,0,0,0,84.95841775,0,0,0,0,3,1,1,0.2,40,0,0,0,3,1,1,0.002,200,0,0,0,0,0,0,0,0,0,0,0,0,0,0,0,0,0,0,0,0,0,0,0,0,0,0,0,0,0,0,0,0,0,0,0,0,0,0,0,0,0,0,0,0,0,0,0,0,0,0,0
1989,236,14,31,17.614,2,8,0,-1,1,0,1,1,50,0,0,0,1028,0,0,0,0,0,1,1,0,0,0,84.92098457,0,0,0,0,3,1,1,0.2,40,0,0,0,3,1,1,0.002,200,0,0,0,0,0,0,0,0,0,0,0,0,0,0,0,0,0,0,0,0,0,0,0,0,0,0,0,0,0,0,0,0,0,0,0,0,0,0,0,0,0,0,0,0,0,0,0,0,0,0,0
1989,236,14,32,30.694,2,8,0,-1,0,0,1,1,50,0,0,0,1028,0,0,0,0,0,1,1,0,0,0,84.80162651,0,0,0,0,3,1,1,0.2,40,0,0,0,3,1,1,0.002,200,0,0,0,0,0,0,0,0,0,0,0,0,0,0,0,0,0,0,0,0,0,0,0,0,0,0,0,0,0,0,0,0,0,0,0,0,0,0,0,0,0,0,0,0,0,0,0,0,0,0,0
1989,236,14,32,53.614,2,8,0,-1,1,0,1,1,50,0,0,0,1028,0,0,0,0,0,1,1,0,0,0,84.76419141,0,0,0,0,3,1,1,0.2,40,0,0,0,3,1,1,0.002,200,0,0,0,0,0,0,0,0,0,0,0,0,0,0,0,0,0,0,0,0,0,0,0,0,0,0,0,0,0,0,0,0,0,0,0,0,0,0,0,0,0,0,0,0,0,0,0,0,0,0,0
1989,236,14,34,6.693,2,8,0,-1,0,0,1,1,50,0,0,0,1028,0,0,0,0,0,1,1,0,0,0,84.64482884,0,0,0,0,3,1,1,0.2,40,0,0,0,3,1,1,0.002,200,0,0,0,0,0,0,0,0,0,0,0,0,0,0,0,0,0,0,0,0,0,0,0,0,0,0,0,0,0,0,0,0,0,0,0,0,0,0,0,0,0,0,0,0,0,0,0,0,0,0,0
1989,236,14,34,29.613,2,8,0,-1,1,0,1,1,50,0,0,0,1028,0,0,0,0,0,1,1,0,0,0,84.60739181,0,0,0,0,3,1,1,0.2,40,0,0,0,3,1,1,0.002,200,0,0,0,0,0,0,0,0,0,0,0,0,0,0,0,0,0,0,0,0,0,0,0,0,0,0,0,0,0,0,0,0,0,0,0,0,0,0,0,0,0,0,0,0,0,0,0,0,0,0,0
1989,236,14,35,42.693,2,8,0,-1,0,0,1,1,50,0,0,0,1028,0,0,0,0,0,1,1,0,0,0,84.48802144,0,0,0,0,3,1,1,0.2,40,0,0,0,3,1,1,0.002,200,0,0,0,0,0,0,0,0,0,0,0,0,0,0,0,0,0,0,0,0,0,0,0,0,0,0,0,0,0,0,0,0,0,0,0,0,0,0,0,0,0,0,0,0,0,0,0,0,0,0,0
