YEAR,DOY,HOUR,MINUTE,SECOND,SPACECRAFT,PLANET_NUMBER,RESPONSE,L_OR_M_MODE,SHORT_OR_LONG,THRESHOLD_CURRENT,SAVE_PLOT,FIT,ITERATIONS,CHANNELS_CUPA,CHANNELS_CUPB,CHANNELS_CUPC,CHANNELS_CUPD,TOTAL_NUMBER_OF_FITTED_CHANNELS,CHI_SQUARE,VARY_V1,VARY_V2,VARY_V3,VARY_DENSITY,VARY_TEMPERATURE,VARY_KAPPA,ANALYTICAL_VPHI,V1,V2,V3,COMMON_TEMPERATURE,COMMON_KAPPA,DELAMERE_COMPOSITION,SPECIES_1,SPECIES_1_A,SPECIES_1_Z,SPECIES_1_N,SPECIES_1_T,SPECIES_1_KAPPA,SPECIES_1_N_UNCERT,SPECIES_1_T_UNCERT,SPECIES_2,SPECIES_2_A,SPECIES_2_Z,SPECIES_2_N,SPECIES_2_T,SPECIES_2_KAPPA,SPECIES_2_N_UNCERT,SPECIES_2_T_UNCERT,SPECIES_3,SPECIES_3_A,SPECIES_3_Z,SPECIES_3_N,SPECIES_3_T,SPECIES_3_KAPPA,SPECIES_3_N_UNCERT,SPECIES_3_T_UNCERT,SPECIES_4,SPECIES_4_A,SPECIES_4_Z,SPECIES_4_N,SPECIES_4_T,SPECIES_4_KAPPA,SPECIES_4_N_UNCERT,SPECIES_4_T_UNCERT,SPECIES_5,SPECIES_5_A,SPECIES_5_Z,SPECIES_5_N,SPECIES_5_T,SPECIES_5_KAPPA,SPECIES_5_N_UNCERT,SPECIES_5_T_UNCERT,SPECIES_6,SPECIES_6_A,SPECIES_6_Z,SPECIES_6_N,SPECIES_6_T,SPECIES_6_KAPPA,SPECIES_6_N_UNCERT,SPECIES_6_T_UNCERT,SPECIES_7,SPECIES_7_A,SPECIES_7_Z,SPECIES_7_N,SPECIES_7_T,SPECIES_7_KAPPA,SPECIES_7_N_UNCERT,SPECIES_7_T_UNCERT,SPECIES_8,SPECIES_8_A,SPECIES_8_Z,SPECIES_8_N,SPECIES_8_T,SPECIES_8_KAPPA,SPECIES_8_N_UNCERT,SPECIES_8_T_UNCERT
1989,239,21,11,11.248,2,8,1,0,0,0,1,1,25,1012,1012,1012,1016,0,0,0,0,0,1,1,0,0,0,401.5812518,0,0,0,0,3,1,1,0.05,10,0,0,0,3,14,1,0.05,100,0,0,0,0,0,0,0,0,0,0,0,0,0,0,0,0,0,0,0,0,0,0,0,0,0,0,0,0,0,0,0,0,0,0,0,0,0,0,0,0,0,0,0,0,0,0,0,0,0,0,0
1989,239,21,11,23.488,2,8,1,0,1,0,1,1,25,1012,1012,1012,1016,0,0,0,0,0,1,1,0,0,0,401.601685,0,0,0,0,3,1,1,0.05,10,0,0,0,3,14,1,0.05,100,0,0,0,0,0,0,0,0,0,0,0,0,0,0,0,0,0,0,0,0,0,0,0,0,0,0,0,0,0,0,0,0,0,0,0,0,0,0,0,0,0,0,0,0,0,0,0,0,0,0,0
1989,239,21,11,59.248,2,8,1,0,0,0,1,1,25,1012,1012,1012,1016,0,0,0,0,0,1,1,0,0,0,401.6613819,0,0,0,0,3,1,1,0.05,10,0,0,0,3,14,1,0.05,100,0,0,0,0,0,0,0,0,0,0,0,0,0,0,0,0,0,0,0,0,0,0,0,0,0,0,0,0,0,0,0,0,0,0,0,0,0,0,0,0,0,0,0,0,0,0,0,0,0,0,0
1989,239,21,12,11.488,2,8,1,0,1,0,1,1,25,1012,1012,1012,1016,0,0,0,0,0,1,1,0,0,0,401.6818151,0,0,0,0,3,1,1,0.05,10,0,0,0,3,14,1,0.05,100,0,0,0,0,0,0,0,0,0,0,0,0,0,0,0,0,0,0,0,0,0,0,0,0,0,0,0,0,0,0,0,0,0,0,0,0,0,0,0,0,0,0,0,0,0,0,0,0,0,0,0
1989,239,21,12,47.248,2,8,1,0,0,0,1,1,25,1012,1012,1012,1016,0,0,0,0,0,1,1,0,0,0,401.741512,0,0,0,0,3,1,1,0.05,10,0,0,0,3,14,1,0.05,100,0,0,0,0,0,0,0,0,0,0,0,0,0,0,0,0,0,0,0,0,0,0,0,0,0,0,0,0,0,0,0,0,0,0,0,0,0,0,0,0,0,0,0,0,0,0,0,0,0,0,0
1989,239,21,12,59.488,2,8,1,0,1,0,1,1,25,1012,1012,1012,1016,0,0,0,0,0,1,1,0,0,0,401.7619452,0,0,0,0,3,1,1,0.05,10,0,0,0,3,14,1,0.05,100,0,0,0,0,0,0,0,0,0,0,0,0,0,0,0,0,0,0,0,0,0,0,0,0,0,0,0,0,0,0,0,0,0,0,0,0,0,0,0,0,0,0,0,0,0,0,0,0,0,0,0
1989,239,21,13,35.248,2,8,1,0,0,0,1,1,25,1012,1012,1012,1016,0,0,0,0,0,1,1,0,0,0,401.821642,0,0,0,0,3,1,1,0.05,10,0,0,0,3,14,1,0.05,100,0,0,0,0,0,0,0,0,0,0,0,0,0,0,0,0,0,0,0,0,0,0,0,0,0,0,0,0,0,0,0,0,0,0,0,0,0,0,0,0,0,0,0,0,0,0,0,0,0,0,0
1989,239,21,13,47.488,2,8,1,0,1,0,1,1,25,1012,1012,1012,1016,0,0,0,0,0,1,1,0,0,0,401.8420751,0,0,0,0,3,1,1,0.05,10,0,0,0,3,14,1,0.05,100,0,0,0,0,0,0,0,0,0,0,0,0,0,0,0,0,0,0,0,0,0,0,0,0,0,0,0,0,0,0,0,0,0,0,0,0,0,0,0,0,0,0,0,0,0,0,0,0,0,0,0
1989,239,21,14,23.248,2,8,1,0,0,0,1,1,25,1012,1012,1012,1016,0,0,0,0,0,1,1,0,0,0,401.9017719,0,0,0,0,3,1,1,0.05,10,0,0,0,3,14,1,0.05,100,0,0,0,0,0,0,0,0,0,0,0,0,0,0,0,0,0,0,0,0,0,0,0,0,0,0,0,0,0,0,0,0,0,0,0,0,0,0,0,0,0,0,0,0,0,0,0,0,0,0,0
1989,239,21,14,35.488,2,8,1,0,1,0,1,1,25,1012,1012,1012,1016,0,0,0,0,0,1,1,0,0,0,401.922205,0,0,0,0,3,1,1,0.05,10,0,0,0,3,14,1,0.05,100,0,0,0,0,0,0,0,0,0,0,0,0,0,0,0,0,0,0,0,0,0,0,0,0,0,0,0,0,0,0,0,0,0,0,0,0,0,0,0,0,0,0,0,0,0,0,0,0,0,0,0
1989,239,21,15,11.248,2,8,1,0,0,0,1,1,25,1012,1012,1012,1016,0,0,0,0,0,1,1,0,0,0,401.9819016,0,0,0,0,3,1,1,0.05,10,0,0,0,3,14,1,0.05,100,0,0,0,0,0,0,0,0,0,0,0,0,0,0,0,0,0,0,0,0,0,0,0,0,0,0,0,0,0,0,0,0,0,0,0,0,0,0,0,0,0,0,0,0,0,0,0,0,0,0,0
1989,239,21,15,23.488,2,8,1,0,1,0,1,1,25,1012,1012,1012,1016,0,0,0,0,0,1,1,0,0,0,402.0023347,0,0,0,0,3,1,1,0.05,10,0,0,0,3,14,1,0.05,100,0,0,0,0,0,0,0,0,0,0,0,0,0,0,0,0,0,0,0,0,0,0,0,0,0,0,0,0,0,0,0,0,0,0,0,0,0,0,0,0,0,0,0,0,0,0,0,0,0,0,0
1989,239,21,18,2.847,2,8,1,0,1,0,1,1,25,1012,1012,1012,1016,0,0,0,0,0,1,1,0,0,0,402.2683631,0,0,0,0,3,1,1,0.05,10,0,0,0,3,14,1,0.05,100,0,0,0,0,0,0,0,0,0,0,0,0,0,0,0,0,0,0,0,0,0,0,0,0,0,0,0,0,0,0,0,0,0,0,0,0,0,0,0,0,0,0,0,0,0,0,0,0,0,0,0
1989,239,21,18,23.247,2,8,1,0,0,0,1,1,25,1012,1012,1012,1016,0,0,0,0,0,1,1,0,0,0,402.3024181,0,0,0,0,3,1,1,0.05,10,0,0,0,3,14,1,0.05,100,0,0,0,0,0,0,0,0,0,0,0,0,0,0,0,0,0,0,0,0,0,0,0,0,0,0,0,0,0,0,0,0,0,0,0,0,0,0,0,0,0,0,0,0,0,0,0,0,0,0,0
1989,239,21,18,35.487,2,8,1,0,1,0,1,1,25,1012,1012,1012,1016,0,0,0,0,0,1,1,0,0,0,402.3228511,0,0,0,0,3,1,1,0.05,10,0,0,0,3,14,1,0.05,100,0,0,0,0,0,0,0,0,0,0,0,0,0,0,0,0,0,0,0,0,0,0,0,0,0,0,0,0,0,0,0,0,0,0,0,0,0,0,0,0,0,0,0,0,0,0,0,0,0,0,0
1989,239,21,19,11.247,2,8,1,0,0,0,1,1,25,1012,1012,1012,1016,0,0,0,0,0,1,1,0,0,0,402.3825474,0,0,0,0,3,1,1,0.05,10,0,0,0,3,14,1,0.05,100,0,0,0,0,0,0,0,0,0,0,0,0,0,0,0,0,0,0,0,0,0,0,0,0,0,0,0,0,0,0,0,0,0,0,0,0,0,0,0,0,0,0,0,0,0,0,0,0,0,0,0
1989,239,21,19,23.487,2,8,1,0,1,0,1,1,25,1012,1012,1012,1016,0,0,0,0,0,1,1,0,0,0,402.4029804,0,0,0,0,3,1,1,0.05,10,0,0,0,3,14,1,0.05,100,0,0,0,0,0,0,0,0,0,0,0,0,0,0,0,0,0,0,0,0,0,0,0,0,0,0,0,0,0,0,0,0,0,0,0,0,0,0,0,0,0,0,0,0,0,0,0,0,0,0,0
1989,239,21,19,59.247,2,8,1,0,0,0,1,1,25,1012,1012,1012,1016,0,0,0,0,0,1,1,0,0,0,402.4626766,0,0,0,0,3,1,1,0.05,10,0,0,0,3,14,1,0.05,100,0,0,0,0,0,0,0,0,0,0,0,0,0,0,0,0,0,0,0,0,0,0,0,0,0,0,0,0,0,0,0,0,0,0,0,0,0,0,0,0,0,0,0,0,0,0,0,0,0,0,0
1989,239,21,20,11.487,2,8,1,0,1,0,1,1,25,1012,1012,1012,1016,0,0,0,0,0,1,1,0,0,0,402.4831095,0,0,0,0,3,1,1,0.05,10,0,0,0,3,14,1,0.05,100,0,0,0,0,0,0,0,0,0,0,0,0,0,0,0,0,0,0,0,0,0,0,0,0,0,0,0,0,0,0,0,0,0,0,0,0,0,0,0,0,0,0,0,0,0,0,0,0,0,0,0
1989,239,21,20,47.247,2,8,1,0,0,0,1,1,25,1012,1012,1012,1016,0,0,0,0,0,1,1,0,0,0,402.5428057,0,0,0,0,3,1,1,0.05,10,0,0,0,3,14,1,0.05,100,0,0,0,0,0,0,0,0,0,0,0,0,0,0,0,0,0,0,0,0,0,0,0,0,0,0,0,0,0,0,0,0,0,0,0,0,0,0,0,0,0,0,0,0,0,0,0,0,0,0,0
1989,239,21,20,59.487,2,8,1,0,1,0,1,1,25,1012,1012,1012,1016,0,0,0,0,0,1,1,0,0,0,402.5632386,0,0,0,0,3,1,1,0.05,10,0,0,0,3,14,1,0.05,100,0,0,0,0,0,0,0,0,0,0,0,0,0,0,0,0,0,0,0,0,0,0,0,0,0,0,0,0,0,0,0,0,0,0,0,0,0,0,0,0,0,0,0,0,0,0,0,0,0,0,0
1989,239,21,21,35.247,2,8,1,0,0,0,1,1,25,1012,1012,1012,1016,0,0,0,0,0,1,1,0,0,0,402.6229347,0,0,0,0,3,1,1,0.05,10,0,0,0,3,14,1,0.05,100,0,0,0,0,0,0,0,0,0,0,0,0,0,0,0,0,0,0,0,0,0,0,0,0,0,0,0,0,0,0,0,0,0,0,0,0,0,0,0,0,0,0,0,0,0,0,0,0,0,0,0
1989,239,21,21,47.487,2,8,1,0,1,0,1,1,25,1012,1012,1012,1016,0,0,0,0,0,1,1,0,0,0,402.6433676,0,0,0,0,3,1,1,0.05,10,0,0,0,3,14,1,0.05,100,0,0,0,0,0,0,0,0,0,0,0,0,0,0,0,0,0,0,0,0,0,0,0,0,0,0,0,0,0,0,0,0,0,0,0,0,0,0,0,0,0,0,0,0,0,0,0,0,0,0,0
1989,239,21,22,23.247,2,8,1,0,0,0,1,1,25,1012,1012,1012,1016,0,0,0,0,0,1,1,0,0,0,402.7030636,0,0,0,0,3,1,1,0.05,10,0,0,0,3,14,1,0.05,100,0,0,0,0,0,0,0,0,0,0,0,0,0,0,0,0,0,0,0,0,0,0,0,0,0,0,0,0,0,0,0,0,0,0,0,0,0,0,0,0,0,0,0,0,0,0,0,0,0,0,0
1989,239,21,22,35.487,2,8,1,0,1,0,1,1,25,1012,1012,1012,1016,0,0,0,0,0,1,1,0,0,0,402.7234965,0,0,0,0,3,1,1,0.05,10,0,0,0,3,14,1,0.05,100,0,0,0,0,0,0,0,0,0,0,0,0,0,0,0,0,0,0,0,0,0,0,0,0,0,0,0,0,0,0,0,0,0,0,0,0,0,0,0,0,0,0,0,0,0,0,0,0,0,0,0
1989,239,21,23,11.247,2,8,1,0,0,0,1,1,25,1012,1012,1012,1016,0,0,0,0,0,1,1,0,0,0,402.7831924,0,0,0,0,3,1,1,0.05,10,0,0,0,3,14,1,0.05,100,0,0,0,0,0,0,0,0,0,0,0,0,0,0,0,0,0,0,0,0,0,0,0,0,0,0,0,0,0,0,0,0,0,0,0,0,0,0,0,0,0,0,0,0,0,0,0,0,0,0,0
1989,239,21,23,23.487,2,8,1,0,1,0,1,1,25,1012,1012,1012,1016,0,0,0,0,0,1,1,0,0,0,402.8036253,0,0,0,0,3,1,1,0.05,10,0,0,0,3,14,1,0.05,100,0,0,0,0,0,0,0,0,0,0,0,0,0,0,0,0,0,0,0,0,0,0,0,0,0,0,0,0,0,0,0,0,0,0,0,0,0,0,0,0,0,0,0,0,0,0,0,0,0,0,0
1989,239,21,23,59.247,2,8,1,0,0,0,1,1,25,1012,1012,1012,1016,0,0,0,0,0,1,1,0,0,0,402.8633212,0,0,0,0,3,1,1,0.05,10,0,0,0,3,14,1,0.05,100,0,0,0,0,0,0,0,0,0,0,0,0,0,0,0,0,0,0,0,0,0,0,0,0,0,0,0,0,0,0,0,0,0,0,0,0,0,0,0,0,0,0,0,0,0,0,0,0,0,0,0
1989,239,21,24,11.487,2,8,1,0,1,0,1,1,25,1012,1012,1012,1016,0,0,0,0,0,1,1,0,0,0,402.883754,0,0,0,0,3,1,1,0.05,10,0,0,0,3,14,1,0.05,100,0,0,0,0,0,0,0,0,0,0,0,0,0,0,0,0,0,0,0,0,0,0,0,0,0,0,0,0,0,0,0,0,0,0,0,0,0,0,0,0,0,0,0,0,0,0,0,0,0,0,0
1989,239,21,24,47.247,2,8,1,0,0,0,1,1,25,1012,1012,1012,1016,0,0,0,0,0,1,1,0,0,0,402.9434498,0,0,0,0,3,1,1,0.05,10,0,0,0,3,14,1,0.05,100,0,0,0,0,0,0,0,0,0,0,0,0,0,0,0,0,0,0,0,0,0,0,0,0,0,0,0,0,0,0,0,0,0,0,0,0,0,0,0,0,0,0,0,0,0,0,0,0,0,0,0
1989,239,21,24,59.487,2,8,1,0,1,0,1,1,25,1012,1012,1012,1016,0,0,0,0,0,1,1,0,0,0,402.9638826,0,0,0,0,3,1,1,0.05,10,0,0,0,3,14,1,0.05,100,0,0,0,0,0,0,0,0,0,0,0,0,0,0,0,0,0,0,0,0,0,0,0,0,0,0,0,0,0,0,0,0,0,0,0,0,0,0,0,0,0,0,0,0,0,0,0,0,0,0,0
1989,239,21,25,35.247,2,8,1,0,0,0,1,1,25,1012,1012,1012,1016,0,0,0,0,0,1,1,0,0,0,403.0235783,0,0,0,0,3,1,1,0.05,10,0,0,0,3,14,1,0.05,100,0,0,0,0,0,0,0,0,0,0,0,0,0,0,0,0,0,0,0,0,0,0,0,0,0,0,0,0,0,0,0,0,0,0,0,0,0,0,0,0,0,0,0,0,0,0,0,0,0,0,0
1989,239,21,25,47.487,2,8,1,0,1,0,1,1,25,1012,1012,1012,1016,0,0,0,0,0,1,1,0,0,0,403.0440111,0,0,0,0,3,1,1,0.05,10,0,0,0,3,14,1,0.05,100,0,0,0,0,0,0,0,0,0,0,0,0,0,0,0,0,0,0,0,0,0,0,0,0,0,0,0,0,0,0,0,0,0,0,0,0,0,0,0,0,0,0,0,0,0,0,0,0,0,0,0
1989,239,21,26,23.247,2,8,1,0,0,0,1,1,25,1012,1012,1012,1016,0,0,0,0,0,1,1,0,0,0,403.1037068,0,0,0,0,3,1,1,0.05,10,0,0,0,3,14,1,0.05,100,0,0,0,0,0,0,0,0,0,0,0,0,0,0,0,0,0,0,0,0,0,0,0,0,0,0,0,0,0,0,0,0,0,0,0,0,0,0,0,0,0,0,0,0,0,0,0,0,0,0,0
1989,239,21,26,35.487,2,8,1,0,1,0,1,1,25,1012,1012,1012,1016,0,0,0,0,0,1,1,0,0,0,403.1241395,0,0,0,0,3,1,1,0.05,10,0,0,0,3,14,1,0.05,100,0,0,0,0,0,0,0,0,0,0,0,0,0,0,0,0,0,0,0,0,0,0,0,0,0,0,0,0,0,0,0,0,0,0,0,0,0,0,0,0,0,0,0,0,0,0,0,0,0,0,0
1989,239,21,27,11.247,2,8,1,0,0,0,1,1,25,1012,1012,1012,1016,0,0,0,0,0,1,1,0,0,0,403.1838351,0,0,0,0,3,1,1,0.05,10,0,0,0,3,14,1,0.05,100,0,0,0,0,0,0,0,0,0,0,0,0,0,0,0,0,0,0,0,0,0,0,0,0,0,0,0,0,0,0,0,0,0,0,0,0,0,0,0,0,0,0,0,0,0,0,0,0,0,0,0
1989,239,21,27,23.487,2,8,1,0,1,0,1,1,25,1012,1012,1012,1016,0,0,0,0,0,1,1,0,0,0,403.2042678,0,0,0,0,3,1,1,0.05,10,0,0,0,3,14,1,0.05,100,0,0,0,0,0,0,0,0,0,0,0,0,0,0,0,0,0,0,0,0,0,0,0,0,0,0,0,0,0,0,0,0,0,0,0,0,0,0,0,0,0,0,0,0,0,0,0,0,0,0,0
1989,239,21,30,2.845,2,8,1,0,1,0,1,1,25,1012,1012,1012,1016,0,0,0,0,0,1,1,0,0,0,403.4702898,0,0,0,0,3,1,1,0.05,10,0,0,0,3,14,1,0.05,100,0,0,0,0,0,0,0,0,0,0,0,0,0,0,0,0,0,0,0,0,0,0,0,0,0,0,0,0,0,0,0,0,0,0,0,0,0,0,0,0,0,0,0,0,0,0,0,0,0,0,0
1989,239,21,30,23.245,2,8,1,0,0,0,1,1,25,1012,1012,1012,1016,0,0,0,0,0,1,1,0,0,0,403.5043442,0,0,0,0,3,1,1,0.05,10,0,0,0,3,14,1,0.05,100,0,0,0,0,0,0,0,0,0,0,0,0,0,0,0,0,0,0,0,0,0,0,0,0,0,0,0,0,0,0,0,0,0,0,0,0,0,0,0,0,0,0,0,0,0,0,0,0,0,0,0
1989,239,21,30,35.486,2,8,1,0,1,0,1,1,25,1012,1012,1012,1016,0,0,0,0,0,1,1,0,0,0,403.5247784,0,0,0,0,3,1,1,0.05,10,0,0,0,3,14,1,0.05,100,0,0,0,0,0,0,0,0,0,0,0,0,0,0,0,0,0,0,0,0,0,0,0,0,0,0,0,0,0,0,0,0,0,0,0,0,0,0,0,0,0,0,0,0,0,0,0,0,0,0,0
1989,239,21,31,11.246,2,8,1,0,0,0,1,1,25,1012,1012,1012,1016,0,0,0,0,0,1,1,0,0,0,403.5844737,0,0,0,0,3,1,1,0.05,10,0,0,0,3,14,1,0.05,100,0,0,0,0,0,0,0,0,0,0,0,0,0,0,0,0,0,0,0,0,0,0,0,0,0,0,0,0,0,0,0,0,0,0,0,0,0,0,0,0,0,0,0,0,0,0,0,0,0,0,0
1989,239,21,31,23.486,2,8,1,0,1,0,1,1,25,1012,1012,1012,1016,0,0,0,0,0,1,1,0,0,0,403.6049063,0,0,0,0,3,1,1,0.05,10,0,0,0,3,14,1,0.05,100,0,0,0,0,0,0,0,0,0,0,0,0,0,0,0,0,0,0,0,0,0,0,0,0,0,0,0,0,0,0,0,0,0,0,0,0,0,0,0,0,0,0,0,0,0,0,0,0,0,0,0
1989,239,21,31,59.246,2,8,1,0,0,0,1,1,25,1012,1012,1012,1016,0,0,0,0,0,1,1,0,0,0,403.6646014,0,0,0,0,3,1,1,0.05,10,0,0,0,3,14,1,0.05,100,0,0,0,0,0,0,0,0,0,0,0,0,0,0,0,0,0,0,0,0,0,0,0,0,0,0,0,0,0,0,0,0,0,0,0,0,0,0,0,0,0,0,0,0,0,0,0,0,0,0,0
1989,239,21,32,11.486,2,8,1,0,1,0,1,1,25,1012,1012,1012,1016,0,0,0,0,0,1,1,0,0,0,403.685034,0,0,0,0,3,1,1,0.05,10,0,0,0,3,14,1,0.05,100,0,0,0,0,0,0,0,0,0,0,0,0,0,0,0,0,0,0,0,0,0,0,0,0,0,0,0,0,0,0,0,0,0,0,0,0,0,0,0,0,0,0,0,0,0,0,0,0,0,0,0
1989,239,21,32,47.246,2,8,1,0,0,0,1,1,25,1012,1012,1012,1016,0,0,0,0,0,1,1,0,0,0,403.7447291,0,0,0,0,3,1,1,0.05,10,0,0,0,3,14,1,0.05,100,0,0,0,0,0,0,0,0,0,0,0,0,0,0,0,0,0,0,0,0,0,0,0,0,0,0,0,0,0,0,0,0,0,0,0,0,0,0,0,0,0,0,0,0,0,0,0,0,0,0,0
1989,239,21,32,59.486,2,8,1,0,1,0,1,1,25,1012,1012,1012,1016,0,0,0,0,0,1,1,0,0,0,403.7651617,0,0,0,0,3,1,1,0.05,10,0,0,0,3,14,1,0.05,100,0,0,0,0,0,0,0,0,0,0,0,0,0,0,0,0,0,0,0,0,0,0,0,0,0,0,0,0,0,0,0,0,0,0,0,0,0,0,0,0,0,0,0,0,0,0,0,0,0,0,0
1989,239,21,33,35.246,2,8,1,0,0,0,1,1,25,1012,1012,1012,1016,0,0,0,0,0,1,1,0,0,0,403.8248567,0,0,0,0,3,1,1,0.05,10,0,0,0,3,14,1,0.05,100,0,0,0,0,0,0,0,0,0,0,0,0,0,0,0,0,0,0,0,0,0,0,0,0,0,0,0,0,0,0,0,0,0,0,0,0,0,0,0,0,0,0,0,0,0,0,0,0,0,0,0
1989,239,21,33,47.486,2,8,1,0,1,0,1,1,25,1012,1012,1012,1016,0,0,0,0,0,1,1,0,0,0,403.8452892,0,0,0,0,3,1,1,0.05,10,0,0,0,3,14,1,0.05,100,0,0,0,0,0,0,0,0,0,0,0,0,0,0,0,0,0,0,0,0,0,0,0,0,0,0,0,0,0,0,0,0,0,0,0,0,0,0,0,0,0,0,0,0,0,0,0,0,0,0,0
1989,239,21,34,23.245,2,8,1,0,0,0,1,1,25,1012,1012,1012,1016,0,0,0,0,0,1,1,0,0,0,403.9049825,0,0,0,0,3,1,1,0.05,10,0,0,0,3,14,1,0.05,100,0,0,0,0,0,0,0,0,0,0,0,0,0,0,0,0,0,0,0,0,0,0,0,0,0,0,0,0,0,0,0,0,0,0,0,0,0,0,0,0,0,0,0,0,0,0,0,0,0,0,0
1989,239,21,34,35.486,2,8,1,0,1,0,1,1,25,1012,1012,1012,1016,0,0,0,0,0,1,1,0,0,0,403.9254167,0,0,0,0,3,1,1,0.05,10,0,0,0,3,14,1,0.05,100,0,0,0,0,0,0,0,0,0,0,0,0,0,0,0,0,0,0,0,0,0,0,0,0,0,0,0,0,0,0,0,0,0,0,0,0,0,0,0,0,0,0,0,0,0,0,0,0,0,0,0
1989,239,21,35,11.246,2,8,1,0,0,0,1,1,25,1012,1012,1012,1016,0,0,0,0,0,1,1,0,0,0,403.9851116,0,0,0,0,3,1,1,0.05,10,0,0,0,3,14,1,0.05,100,0,0,0,0,0,0,0,0,0,0,0,0,0,0,0,0,0,0,0,0,0,0,0,0,0,0,0,0,0,0,0,0,0,0,0,0,0,0,0,0,0,0,0,0,0,0,0,0,0,0,0
1989,239,21,35,23.486,2,8,1,0,1,0,1,1,25,1012,1012,1012,1016,0,0,0,0,0,1,1,0,0,0,404.005544,0,0,0,0,3,1,1,0.05,10,0,0,0,3,14,1,0.05,100,0,0,0,0,0,0,0,0,0,0,0,0,0,0,0,0,0,0,0,0,0,0,0,0,0,0,0,0,0,0,0,0,0,0,0,0,0,0,0,0,0,0,0,0,0,0,0,0,0,0,0
1989,239,21,35,59.246,2,8,1,0,0,0,1,1,25,1012,1012,1012,1016,0,0,0,0,0,1,1,0,0,0,404.0652388,0,0,0,0,3,1,1,0.05,10,0,0,0,3,14,1,0.05,100,0,0,0,0,0,0,0,0,0,0,0,0,0,0,0,0,0,0,0,0,0,0,0,0,0,0,0,0,0,0,0,0,0,0,0,0,0,0,0,0,0,0,0,0,0,0,0,0,0,0,0
1989,239,21,36,11.486,2,8,1,0,1,0,1,1,25,1012,1012,1012,1016,0,0,0,0,0,1,1,0,0,0,404.0856713,0,0,0,0,3,1,1,0.05,10,0,0,0,3,14,1,0.05,100,0,0,0,0,0,0,0,0,0,0,0,0,0,0,0,0,0,0,0,0,0,0,0,0,0,0,0,0,0,0,0,0,0,0,0,0,0,0,0,0,0,0,0,0,0,0,0,0,0,0,0
1989,239,21,36,47.246,2,8,1,0,0,0,1,1,25,1012,1012,1012,1016,0,0,0,0,0,1,1,0,0,0,404.145366,0,0,0,0,3,1,1,0.05,10,0,0,0,3,14,1,0.05,100,0,0,0,0,0,0,0,0,0,0,0,0,0,0,0,0,0,0,0,0,0,0,0,0,0,0,0,0,0,0,0,0,0,0,0,0,0,0,0,0,0,0,0,0,0,0,0,0,0,0,0
1989,239,21,36,59.486,2,8,1,0,1,0,1,1,25,1012,1012,1012,1016,0,0,0,0,0,1,1,0,0,0,404.1657985,0,0,0,0,3,1,1,0.05,10,0,0,0,3,14,1,0.05,100,0,0,0,0,0,0,0,0,0,0,0,0,0,0,0,0,0,0,0,0,0,0,0,0,0,0,0,0,0,0,0,0,0,0,0,0,0,0,0,0,0,0,0,0,0,0,0,0,0,0,0
1989,239,21,37,35.246,2,8,1,0,0,0,1,1,25,1012,1012,1012,1016,0,0,0,0,0,1,1,0,0,0,404.2254931,0,0,0,0,3,1,1,0.05,10,0,0,0,3,14,1,0.05,100,0,0,0,0,0,0,0,0,0,0,0,0,0,0,0,0,0,0,0,0,0,0,0,0,0,0,0,0,0,0,0,0,0,0,0,0,0,0,0,0,0,0,0,0,0,0,0,0,0,0,0
1989,239,21,37,47.486,2,8,1,0,1,0,1,1,25,1012,1012,1012,1016,0,0,0,0,0,1,1,0,0,0,404.2459255,0,0,0,0,3,1,1,0.05,10,0,0,0,3,14,1,0.05,100,0,0,0,0,0,0,0,0,0,0,0,0,0,0,0,0,0,0,0,0,0,0,0,0,0,0,0,0,0,0,0,0,0,0,0,0,0,0,0,0,0,0,0,0,0,0,0,0,0,0,0
1989,239,21,38,23.245,2,8,1,0,0,0,1,1,25,1012,1012,1012,1016,0,0,0,0,0,1,1,0,0,0,404.3056185,0,0,0,0,3,1,1,0.05,10,0,0,0,3,14,1,0.05,100,0,0,0,0,0,0,0,0,0,0,0,0,0,0,0,0,0,0,0,0,0,0,0,0,0,0,0,0,0,0,0,0,0,0,0,0,0,0,0,0,0,0,0,0,0,0,0,0,0,0,0
1989,239,21,38,35.486,2,8,1,0,1,0,1,1,25,1012,1012,1012,1016,0,0,0,0,0,1,1,0,0,0,404.3260525,0,0,0,0,3,1,1,0.05,10,0,0,0,3,14,1,0.05,100,0,0,0,0,0,0,0,0,0,0,0,0,0,0,0,0,0,0,0,0,0,0,0,0,0,0,0,0,0,0,0,0,0,0,0,0,0,0,0,0,0,0,0,0,0,0,0,0,0,0,0
1989,239,21,39,11.246,2,8,1,0,0,0,1,1,25,1012,1012,1012,1016,0,0,0,0,0,1,1,0,0,0,404.385747,0,0,0,0,3,1,1,0.05,10,0,0,0,3,14,1,0.05,100,0,0,0,0,0,0,0,0,0,0,0,0,0,0,0,0,0,0,0,0,0,0,0,0,0,0,0,0,0,0,0,0,0,0,0,0,0,0,0,0,0,0,0,0,0,0,0,0,0,0,0
1989,239,21,39,23.486,2,8,1,0,1,0,1,1,25,1012,1012,1012,1016,0,0,0,0,0,1,1,0,0,0,404.4061794,0,0,0,0,3,1,1,0.05,10,0,0,0,3,14,1,0.05,100,0,0,0,0,0,0,0,0,0,0,0,0,0,0,0,0,0,0,0,0,0,0,0,0,0,0,0,0,0,0,0,0,0,0,0,0,0,0,0,0,0,0,0,0,0,0,0,0,0,0,0
1989,239,21,42,2.844,2,8,1,0,1,0,1,1,25,1012,1012,1012,1016,0,0,0,0,0,1,1,0,0,0,404.6721966,0,0,0,0,3,1,1,0.05,10,0,0,0,3,14,1,0.05,100,0,0,0,0,0,0,0,0,0,0,0,0,0,0,0,0,0,0,0,0,0,0,0,0,0,0,0,0,0,0,0,0,0,0,0,0,0,0,0,0,0,0,0,0,0,0,0,0,0,0,0
1989,239,21,42,23.244,2,8,1,0,0,0,1,1,25,1012,1012,1012,1016,0,0,0,0,0,1,1,0,0,0,404.7062504,0,0,0,0,3,1,1,0.05,10,0,0,0,3,14,1,0.05,100,0,0,0,0,0,0,0,0,0,0,0,0,0,0,0,0,0,0,0,0,0,0,0,0,0,0,0,0,0,0,0,0,0,0,0,0,0,0,0,0,0,0,0,0,0,0,0,0,0,0,0
1989,239,21,42,35.485,2,8,1,0,1,0,1,1,25,1012,1012,1012,1016,0,0,0,0,0,1,1,0,0,0,404.7266843,0,0,0,0,3,1,1,0.05,10,0,0,0,3,14,1,0.05,100,0,0,0,0,0,0,0,0,0,0,0,0,0,0,0,0,0,0,0,0,0,0,0,0,0,0,0,0,0,0,0,0,0,0,0,0,0,0,0,0,0,0,0,0,0,0,0,0,0,0,0
1989,239,21,43,11.245,2,8,1,0,0,0,1,1,25,1012,1012,1012,1016,0,0,0,0,0,1,1,0,0,0,404.7863785,0,0,0,0,3,1,1,0.05,10,0,0,0,3,14,1,0.05,100,0,0,0,0,0,0,0,0,0,0,0,0,0,0,0,0,0,0,0,0,0,0,0,0,0,0,0,0,0,0,0,0,0,0,0,0,0,0,0,0,0,0,0,0,0,0,0,0,0,0,0
1989,239,21,43,23.485,2,8,1,0,1,0,1,1,25,1012,1012,1012,1016,0,0,0,0,0,1,1,0,0,0,404.8068107,0,0,0,0,3,1,1,0.05,10,0,0,0,3,14,1,0.05,100,0,0,0,0,0,0,0,0,0,0,0,0,0,0,0,0,0,0,0,0,0,0,0,0,0,0,0,0,0,0,0,0,0,0,0,0,0,0,0,0,0,0,0,0,0,0,0,0,0,0,0
1989,239,21,43,59.245,2,8,1,0,0,0,1,1,25,1012,1012,1012,1016,0,0,0,0,0,1,1,0,0,0,404.8665048,0,0,0,0,3,1,1,0.05,10,0,0,0,3,14,1,0.05,100,0,0,0,0,0,0,0,0,0,0,0,0,0,0,0,0,0,0,0,0,0,0,0,0,0,0,0,0,0,0,0,0,0,0,0,0,0,0,0,0,0,0,0,0,0,0,0,0,0,0,0
1989,239,21,44,11.485,2,8,1,0,1,0,1,1,25,1012,1012,1012,1016,0,0,0,0,0,1,1,0,0,0,404.886937,0,0,0,0,3,1,1,0.05,10,0,0,0,3,14,1,0.05,100,0,0,0,0,0,0,0,0,0,0,0,0,0,0,0,0,0,0,0,0,0,0,0,0,0,0,0,0,0,0,0,0,0,0,0,0,0,0,0,0,0,0,0,0,0,0,0,0,0,0,0
1989,239,21,44,47.245,2,8,1,0,0,0,1,1,25,1012,1012,1012,1016,0,0,0,0,0,1,1,0,0,0,404.9466311,0,0,0,0,3,1,1,0.05,10,0,0,0,3,14,1,0.05,100,0,0,0,0,0,0,0,0,0,0,0,0,0,0,0,0,0,0,0,0,0,0,0,0,0,0,0,0,0,0,0,0,0,0,0,0,0,0,0,0,0,0,0,0,0,0,0,0,0,0,0
1989,239,21,44,59.485,2,8,1,0,1,0,1,1,25,1012,1012,1012,1016,0,0,0,0,0,1,1,0,0,0,404.9670633,0,0,0,0,3,1,1,0.05,10,0,0,0,3,14,1,0.05,100,0,0,0,0,0,0,0,0,0,0,0,0,0,0,0,0,0,0,0,0,0,0,0,0,0,0,0,0,0,0,0,0,0,0,0,0,0,0,0,0,0,0,0,0,0,0,0,0,0,0,0
1989,239,21,45,35.245,2,8,1,0,0,0,1,1,25,1012,1012,1012,1016,0,0,0,0,0,1,1,0,0,0,405.0267572,0,0,0,0,3,1,1,0.05,10,0,0,0,3,14,1,0.05,100,0,0,0,0,0,0,0,0,0,0,0,0,0,0,0,0,0,0,0,0,0,0,0,0,0,0,0,0,0,0,0,0,0,0,0,0,0,0,0,0,0,0,0,0,0,0,0,0,0,0,0
1989,239,21,45,47.485,2,8,1,0,1,0,1,1,25,1012,1012,1012,1016,0,0,0,0,0,1,1,0,0,0,405.0471894,0,0,0,0,3,1,1,0.05,10,0,0,0,3,14,1,0.05,100,0,0,0,0,0,0,0,0,0,0,0,0,0,0,0,0,0,0,0,0,0,0,0,0,0,0,0,0,0,0,0,0,0,0,0,0,0,0,0,0,0,0,0,0,0,0,0,0,0,0,0
1989,239,21,46,23.244,2,8,1,0,0,0,1,1,25,1012,1012,1012,1016,0,0,0,0,0,1,1,0,0,0,405.1068816,0,0,0,0,3,1,1,0.05,10,0,0,0,3,14,1,0.05,100,0,0,0,0,0,0,0,0,0,0,0,0,0,0,0,0,0,0,0,0,0,0,0,0,0,0,0,0,0,0,0,0,0,0,0,0,0,0,0,0,0,0,0,0,0,0,0,0,0,0,0
1989,239,21,46,35.485,2,8,1,0,1,0,1,1,25,1012,1012,1012,1016,0,0,0,0,0,1,1,0,0,0,405.1273154,0,0,0,0,3,1,1,0.05,10,0,0,0,3,14,1,0.05,100,0,0,0,0,0,0,0,0,0,0,0,0,0,0,0,0,0,0,0,0,0,0,0,0,0,0,0,0,0,0,0,0,0,0,0,0,0,0,0,0,0,0,0,0,0,0,0,0,0,0,0
1989,239,21,47,11.245,2,8,1,0,0,0,1,1,25,1012,1012,1012,1016,0,0,0,0,0,1,1,0,0,0,405.1870092,0,0,0,0,3,1,1,0.05,10,0,0,0,3,14,1,0.05,100,0,0,0,0,0,0,0,0,0,0,0,0,0,0,0,0,0,0,0,0,0,0,0,0,0,0,0,0,0,0,0,0,0,0,0,0,0,0,0,0,0,0,0,0,0,0,0,0,0,0,0
1989,239,21,47,23.485,2,8,1,0,1,0,1,1,25,1012,1012,1012,1016,0,0,0,0,0,1,1,0,0,0,405.2074413,0,0,0,0,3,1,1,0.05,10,0,0,0,3,14,1,0.05,100,0,0,0,0,0,0,0,0,0,0,0,0,0,0,0,0,0,0,0,0,0,0,0,0,0,0,0,0,0,0,0,0,0,0,0,0,0,0,0,0,0,0,0,0,0,0,0,0,0,0,0
1989,239,21,47,59.245,2,8,1,0,0,0,1,1,25,1012,1012,1012,1016,0,0,0,0,0,1,1,0,0,0,405.2671351,0,0,0,0,3,1,1,0.05,10,0,0,0,3,14,1,0.05,100,0,0,0,0,0,0,0,0,0,0,0,0,0,0,0,0,0,0,0,0,0,0,0,0,0,0,0,0,0,0,0,0,0,0,0,0,0,0,0,0,0,0,0,0,0,0,0,0,0,0,0
1989,239,21,48,11.485,2,8,1,0,1,0,1,1,25,1012,1012,1012,1016,0,0,0,0,0,1,1,0,0,0,405.2875672,0,0,0,0,3,1,1,0.05,10,0,0,0,3,14,1,0.05,100,0,0,0,0,0,0,0,0,0,0,0,0,0,0,0,0,0,0,0,0,0,0,0,0,0,0,0,0,0,0,0,0,0,0,0,0,0,0,0,0,0,0,0,0,0,0,0,0,0,0,0
1989,239,21,48,47.245,2,8,1,0,0,0,1,1,25,1012,1012,1012,1016,0,0,0,0,0,1,1,0,0,0,405.3472609,0,0,0,0,3,1,1,0.05,10,0,0,0,3,14,1,0.05,100,0,0,0,0,0,0,0,0,0,0,0,0,0,0,0,0,0,0,0,0,0,0,0,0,0,0,0,0,0,0,0,0,0,0,0,0,0,0,0,0,0,0,0,0,0,0,0,0,0,0,0
1989,239,21,48,59.485,2,8,1,0,1,0,1,1,25,1012,1012,1012,1016,0,0,0,0,0,1,1,0,0,0,405.3676929,0,0,0,0,3,1,1,0.05,10,0,0,0,3,14,1,0.05,100,0,0,0,0,0,0,0,0,0,0,0,0,0,0,0,0,0,0,0,0,0,0,0,0,0,0,0,0,0,0,0,0,0,0,0,0,0,0,0,0,0,0,0,0,0,0,0,0,0,0,0
1989,239,21,49,35.245,2,8,1,0,0,0,1,1,25,1012,1012,1012,1016,0,0,0,0,0,1,1,0,0,0,405.4273866,0,0,0,0,3,1,1,0.05,10,0,0,0,3,14,1,0.05,100,0,0,0,0,0,0,0,0,0,0,0,0,0,0,0,0,0,0,0,0,0,0,0,0,0,0,0,0,0,0,0,0,0,0,0,0,0,0,0,0,0,0,0,0,0,0,0,0,0,0,0
1989,239,21,49,47.485,2,8,1,0,1,0,1,1,25,1012,1012,1012,1016,0,0,0,0,0,1,1,0,0,0,405.4478186,0,0,0,0,3,1,1,0.05,10,0,0,0,3,14,1,0.05,100,0,0,0,0,0,0,0,0,0,0,0,0,0,0,0,0,0,0,0,0,0,0,0,0,0,0,0,0,0,0,0,0,0,0,0,0,0,0,0,0,0,0,0,0,0,0,0,0,0,0,0
1989,239,21,50,23.244,2,8,1,0,0,0,1,1,25,1012,1012,1012,1016,0,0,0,0,0,1,1,0,0,0,405.5075105,0,0,0,0,3,1,1,0.05,10,0,0,0,3,14,1,0.05,100,0,0,0,0,0,0,0,0,0,0,0,0,0,0,0,0,0,0,0,0,0,0,0,0,0,0,0,0,0,0,0,0,0,0,0,0,0,0,0,0,0,0,0,0,0,0,0,0,0,0,0
1989,239,21,50,35.485,2,8,1,0,1,0,1,1,25,1012,1012,1012,1016,0,0,0,0,0,1,1,0,0,0,405.5279441,0,0,0,0,3,1,1,0.05,10,0,0,0,3,14,1,0.05,100,0,0,0,0,0,0,0,0,0,0,0,0,0,0,0,0,0,0,0,0,0,0,0,0,0,0,0,0,0,0,0,0,0,0,0,0,0,0,0,0,0,0,0,0,0,0,0,0,0,0,0
1989,239,21,51,11.245,2,8,1,0,0,0,1,1,25,1012,1012,1012,1016,0,0,0,0,0,1,1,0,0,0,405.5876376,0,0,0,0,3,1,1,0.05,10,0,0,0,3,14,1,0.05,100,0,0,0,0,0,0,0,0,0,0,0,0,0,0,0,0,0,0,0,0,0,0,0,0,0,0,0,0,0,0,0,0,0,0,0,0,0,0,0,0,0,0,0,0,0,0,0,0,0,0,0
1989,239,21,51,23.485,2,8,1,0,1,0,1,1,25,1012,1012,1012,1016,0,0,0,0,0,1,1,0,0,0,405.6080696,0,0,0,0,3,1,1,0.05,10,0,0,0,3,14,1,0.05,100,0,0,0,0,0,0,0,0,0,0,0,0,0,0,0,0,0,0,0,0,0,0,0,0,0,0,0,0,0,0,0,0,0,0,0,0,0,0,0,0,0,0,0,0,0,0,0,0,0,0,0
1989,239,21,54,2.844,2,8,1,0,1,0,1,1,25,1012,1012,1012,1016,0,0,0,0,0,1,1,0,0,0,405.8740838,0,0,0,0,3,1,1,0.05,10,0,0,0,3,14,1,0.05,100,0,0,0,0,0,0,0,0,0,0,0,0,0,0,0,0,0,0,0,0,0,0,0,0,0,0,0,0,0,0,0,0,0,0,0,0,0,0,0,0,0,0,0,0,0,0,0,0,0,0,0
1989,239,21,54,23.244,2,8,1,0,0,0,1,1,25,1012,1012,1012,1016,0,0,0,0,0,1,1,0,0,0,405.908137,0,0,0,0,3,1,1,0.05,10,0,0,0,3,14,1,0.05,100,0,0,0,0,0,0,0,0,0,0,0,0,0,0,0,0,0,0,0,0,0,0,0,0,0,0,0,0,0,0,0,0,0,0,0,0,0,0,0,0,0,0,0,0,0,0,0,0,0,0,0
1989,239,21,54,35.485,2,8,1,0,1,0,1,1,25,1012,1012,1012,1016,0,0,0,0,0,1,1,0,0,0,405.9285705,0,0,0,0,3,1,1,0.05,10,0,0,0,3,14,1,0.05,100,0,0,0,0,0,0,0,0,0,0,0,0,0,0,0,0,0,0,0,0,0,0,0,0,0,0,0,0,0,0,0,0,0,0,0,0,0,0,0,0,0,0,0,0,0,0,0,0,0,0,0
1989,239,21,55,11.244,2,8,1,0,0,0,1,1,25,1012,1012,1012,1016,0,0,0,0,0,1,1,0,0,0,405.988262,0,0,0,0,3,1,1,0.05,10,0,0,0,3,14,1,0.05,100,0,0,0,0,0,0,0,0,0,0,0,0,0,0,0,0,0,0,0,0,0,0,0,0,0,0,0,0,0,0,0,0,0,0,0,0,0,0,0,0,0,0,0,0,0,0,0,0,0,0,0
1989,239,21,55,23.484,2,8,1,0,1,0,1,1,25,1012,1012,1012,1016,0,0,0,0,0,1,1,0,0,0,406.0086938,0,0,0,0,3,1,1,0.05,10,0,0,0,3,14,1,0.05,100,0,0,0,0,0,0,0,0,0,0,0,0,0,0,0,0,0,0,0,0,0,0,0,0,0,0,0,0,0,0,0,0,0,0,0,0,0,0,0,0,0,0,0,0,0,0,0,0,0,0,0
1989,239,21,55,59.244,2,8,1,0,0,0,1,1,25,1012,1012,1012,1016,0,0,0,0,0,1,1,0,0,0,406.0683869,0,0,0,0,3,1,1,0.05,10,0,0,0,3,14,1,0.05,100,0,0,0,0,0,0,0,0,0,0,0,0,0,0,0,0,0,0,0,0,0,0,0,0,0,0,0,0,0,0,0,0,0,0,0,0,0,0,0,0,0,0,0,0,0,0,0,0,0,0,0
1989,239,21,56,11.484,2,8,1,0,1,0,1,1,25,1012,1012,1012,1016,0,0,0,0,0,1,1,0,0,0,406.0888187,0,0,0,0,3,1,1,0.05,10,0,0,0,3,14,1,0.05,100,0,0,0,0,0,0,0,0,0,0,0,0,0,0,0,0,0,0,0,0,0,0,0,0,0,0,0,0,0,0,0,0,0,0,0,0,0,0,0,0,0,0,0,0,0,0,0,0,0,0,0
1989,239,21,56,47.244,2,8,1,0,0,0,1,1,25,1012,1012,1012,1016,0,0,0,0,0,1,1,0,0,0,406.1485117,0,0,0,0,3,1,1,0.05,10,0,0,0,3,14,1,0.05,100,0,0,0,0,0,0,0,0,0,0,0,0,0,0,0,0,0,0,0,0,0,0,0,0,0,0,0,0,0,0,0,0,0,0,0,0,0,0,0,0,0,0,0,0,0,0,0,0,0,0,0
1989,239,21,56,59.483,2,8,1,0,1,0,1,1,25,1012,1012,1012,1016,0,0,0,0,0,1,1,0,0,0,406.1689419,0,0,0,0,3,1,1,0.05,10,0,0,0,3,14,1,0.05,100,0,0,0,0,0,0,0,0,0,0,0,0,0,0,0,0,0,0,0,0,0,0,0,0,0,0,0,0,0,0,0,0,0,0,0,0,0,0,0,0,0,0,0,0,0,0,0,0,0,0,0
1989,239,21,57,35.244,2,8,1,0,0,0,1,1,25,1012,1012,1012,1016,0,0,0,0,0,1,1,0,0,0,406.2286364,0,0,0,0,3,1,1,0.05,10,0,0,0,3,14,1,0.05,100,0,0,0,0,0,0,0,0,0,0,0,0,0,0,0,0,0,0,0,0,0,0,0,0,0,0,0,0,0,0,0,0,0,0,0,0,0,0,0,0,0,0,0,0,0,0,0,0,0,0,0
1989,239,21,57,47.483,2,8,1,0,1,0,1,1,25,1012,1012,1012,1016,0,0,0,0,0,1,1,0,0,0,406.2490666,0,0,0,0,3,1,1,0.05,10,0,0,0,3,14,1,0.05,100,0,0,0,0,0,0,0,0,0,0,0,0,0,0,0,0,0,0,0,0,0,0,0,0,0,0,0,0,0,0,0,0,0,0,0,0,0,0,0,0,0,0,0,0,0,0,0,0,0,0,0
1989,239,21,58,23.244,2,8,1,0,0,0,1,1,25,1012,1012,1012,1016,0,0,0,0,0,1,1,0,0,0,406.3087611,0,0,0,0,3,1,1,0.05,10,0,0,0,3,14,1,0.05,100,0,0,0,0,0,0,0,0,0,0,0,0,0,0,0,0,0,0,0,0,0,0,0,0,0,0,0,0,0,0,0,0,0,0,0,0,0,0,0,0,0,0,0,0,0,0,0,0,0,0,0
1989,239,21,58,35.484,2,8,1,0,1,0,1,1,25,1012,1012,1012,1016,0,0,0,0,0,1,1,0,0,0,406.3291929,0,0,0,0,3,1,1,0.05,10,0,0,0,3,14,1,0.05,100,0,0,0,0,0,0,0,0,0,0,0,0,0,0,0,0,0,0,0,0,0,0,0,0,0,0,0,0,0,0,0,0,0,0,0,0,0,0,0,0,0,0,0,0,0,0,0,0,0,0,0
1989,239,21,59,11.244,2,8,1,0,0,0,1,1,25,1012,1012,1012,1016,0,0,0,0,0,1,1,0,0,0,406.3888856,0,0,0,0,3,1,1,0.05,10,0,0,0,3,14,1,0.05,100,0,0,0,0,0,0,0,0,0,0,0,0,0,0,0,0,0,0,0,0,0,0,0,0,0,0,0,0,0,0,0,0,0,0,0,0,0,0,0,0,0,0,0,0,0,0,0,0,0,0,0
1989,239,21,59,23.484,2,8,1,0,1,0,1,1,25,1012,1012,1012,1016,0,0,0,0,0,1,1,0,0,0,406.4093174,0,0,0,0,3,1,1,0.05,10,0,0,0,3,14,1,0.05,100,0,0,0,0,0,0,0,0,0,0,0,0,0,0,0,0,0,0,0,0,0,0,0,0,0,0,0,0,0,0,0,0,0,0,0,0,0,0,0,0,0,0,0,0,0,0,0,0,0,0,0
1989,239,21,59,59.244,2,8,1,0,0,0,1,1,25,1012,1012,1012,1016,0,0,0,0,0,1,1,0,0,0,406.4690101,0,0,0,0,3,1,1,0.05,10,0,0,0,3,14,1,0.05,100,0,0,0,0,0,0,0,0,0,0,0,0,0,0,0,0,0,0,0,0,0,0,0,0,0,0,0,0,0,0,0,0,0,0,0,0,0,0,0,0,0,0,0,0,0,0,0,0,0,0,0
1989,239,22,0,11.484,2,8,1,0,1,0,1,1,25,1012,1012,1012,1016,0,0,0,0,0,1,1,0,0,0,406.4894418,0,0,0,0,3,1,1,0.05,10,0,0,0,3,14,1,0.05,100,0,0,0,0,0,0,0,0,0,0,0,0,0,0,0,0,0,0,0,0,0,0,0,0,0,0,0,0,0,0,0,0,0,0,0,0,0,0,0,0,0,0,0,0,0,0,0,0,0,0,0
1989,239,22,0,47.244,2,8,1,0,0,0,1,1,25,1012,1012,1012,1016,0,0,0,0,0,1,1,0,0,0,406.5491344,0,0,0,0,3,1,1,0.05,10,0,0,0,3,14,1,0.05,100,0,0,0,0,0,0,0,0,0,0,0,0,0,0,0,0,0,0,0,0,0,0,0,0,0,0,0,0,0,0,0,0,0,0,0,0,0,0,0,0,0,0,0,0,0,0,0,0,0,0,0
1989,239,22,0,59.483,2,8,1,0,1,0,1,1,25,1012,1012,1012,1016,0,0,0,0,0,1,1,0,0,0,406.5695645,0,0,0,0,3,1,1,0.05,10,0,0,0,3,14,1,0.05,100,0,0,0,0,0,0,0,0,0,0,0,0,0,0,0,0,0,0,0,0,0,0,0,0,0,0,0,0,0,0,0,0,0,0,0,0,0,0,0,0,0,0,0,0,0,0,0,0,0,0,0
1989,239,22,1,35.244,2,8,1,0,0,0,1,1,25,1012,1012,1012,1016,0,0,0,0,0,1,1,0,0,0,406.6292587,0,0,0,0,3,1,1,0.05,10,0,0,0,3,14,1,0.05,100,0,0,0,0,0,0,0,0,0,0,0,0,0,0,0,0,0,0,0,0,0,0,0,0,0,0,0,0,0,0,0,0,0,0,0,0,0,0,0,0,0,0,0,0,0,0,0,0,0,0,0
1989,239,22,1,47.483,2,8,1,0,1,0,1,1,25,1012,1012,1012,1016,0,0,0,0,0,1,1,0,0,0,406.6496887,0,0,0,0,3,1,1,0.05,10,0,0,0,3,14,1,0.05,100,0,0,0,0,0,0,0,0,0,0,0,0,0,0,0,0,0,0,0,0,0,0,0,0,0,0,0,0,0,0,0,0,0,0,0,0,0,0,0,0,0,0,0,0,0,0,0,0,0,0,0
1989,239,22,2,23.244,2,8,1,0,0,0,1,1,25,1012,1012,1012,1016,0,0,0,0,0,1,1,0,0,0,406.7093829,0,0,0,0,3,1,1,0.05,10,0,0,0,3,14,1,0.05,100,0,0,0,0,0,0,0,0,0,0,0,0,0,0,0,0,0,0,0,0,0,0,0,0,0,0,0,0,0,0,0,0,0,0,0,0,0,0,0,0,0,0,0,0,0,0,0,0,0,0,0
1989,239,22,2,35.484,2,8,1,0,1,0,1,1,25,1012,1012,1012,1016,0,0,0,0,0,1,1,0,0,0,406.7298145,0,0,0,0,3,1,1,0.05,10,0,0,0,3,14,1,0.05,100,0,0,0,0,0,0,0,0,0,0,0,0,0,0,0,0,0,0,0,0,0,0,0,0,0,0,0,0,0,0,0,0,0,0,0,0,0,0,0,0,0,0,0,0,0,0,0,0,0,0,0
1989,239,22,3,11.244,2,8,1,0,0,0,1,1,25,1012,1012,1012,1016,0,0,0,0,0,1,1,0,0,0,406.7895069,0,0,0,0,3,1,1,0.05,10,0,0,0,3,14,1,0.05,100,0,0,0,0,0,0,0,0,0,0,0,0,0,0,0,0,0,0,0,0,0,0,0,0,0,0,0,0,0,0,0,0,0,0,0,0,0,0,0,0,0,0,0,0,0,0,0,0,0,0,0
1989,239,22,3,23.484,2,8,1,0,1,0,1,1,25,1012,1012,1012,1016,0,0,0,0,0,1,1,0,0,0,406.8099386,0,0,0,0,3,1,1,0.05,10,0,0,0,3,14,1,0.05,100,0,0,0,0,0,0,0,0,0,0,0,0,0,0,0,0,0,0,0,0,0,0,0,0,0,0,0,0,0,0,0,0,0,0,0,0,0,0,0,0,0,0,0,0,0,0,0,0,0,0,0
1989,239,22,6,2.843,2,8,1,0,1,0,1,1,25,1012,1012,1012,1016,0,0,0,0,0,1,1,0,0,0,407.0759481,0,0,0,0,3,1,1,0.05,10,0,0,0,3,14,1,0.05,100,0,0,0,0,0,0,0,0,0,0,0,0,0,0,0,0,0,0,0,0,0,0,0,0,0,0,0,0,0,0,0,0,0,0,0,0,0,0,0,0,0,0,0,0,0,0,0,0,0,0,0
1989,239,22,6,23.244,2,8,1,0,0,0,1,1,25,1012,1012,1012,1016,0,0,0,0,0,1,1,0,0,0,407.1100023,0,0,0,0,3,1,1,0.05,10,0,0,0,3,14,1,0.05,100,0,0,0,0,0,0,0,0,0,0,0,0,0,0,0,0,0,0,0,0,0,0,0,0,0,0,0,0,0,0,0,0,0,0,0,0,0,0,0,0,0,0,0,0,0,0,0,0,0,0,0
1989,239,22,6,35.484,2,8,1,0,1,0,1,1,25,1012,1012,1012,1016,0,0,0,0,0,1,1,0,0,0,407.1304338,0,0,0,0,3,1,1,0.05,10,0,0,0,3,14,1,0.05,100,0,0,0,0,0,0,0,0,0,0,0,0,0,0,0,0,0,0,0,0,0,0,0,0,0,0,0,0,0,0,0,0,0,0,0,0,0,0,0,0,0,0,0,0,0,0,0,0,0,0,0
1989,239,22,7,11.244,2,8,1,0,0,0,1,1,25,1012,1012,1012,1016,0,0,0,0,0,1,1,0,0,0,407.1901259,0,0,0,0,3,1,1,0.05,10,0,0,0,3,14,1,0.05,100,0,0,0,0,0,0,0,0,0,0,0,0,0,0,0,0,0,0,0,0,0,0,0,0,0,0,0,0,0,0,0,0,0,0,0,0,0,0,0,0,0,0,0,0,0,0,0,0,0,0,0
1989,239,22,7,23.484,2,8,1,0,1,0,1,1,25,1012,1012,1012,1016,0,0,0,0,0,1,1,0,0,0,407.2105574,0,0,0,0,3,1,1,0.05,10,0,0,0,3,14,1,0.05,100,0,0,0,0,0,0,0,0,0,0,0,0,0,0,0,0,0,0,0,0,0,0,0,0,0,0,0,0,0,0,0,0,0,0,0,0,0,0,0,0,0,0,0,0,0,0,0,0,0,0,0
1989,239,22,7,59.243,2,8,1,0,0,0,1,1,25,1012,1012,1012,1016,0,0,0,0,0,1,1,0,0,0,407.2702477,0,0,0,0,3,1,1,0.05,10,0,0,0,3,14,1,0.05,100,0,0,0,0,0,0,0,0,0,0,0,0,0,0,0,0,0,0,0,0,0,0,0,0,0,0,0,0,0,0,0,0,0,0,0,0,0,0,0,0,0,0,0,0,0,0,0,0,0,0,0
1989,239,22,8,11.483,2,8,1,0,1,0,1,1,25,1012,1012,1012,1016,0,0,0,0,0,1,1,0,0,0,407.2906792,0,0,0,0,3,1,1,0.05,10,0,0,0,3,14,1,0.05,100,0,0,0,0,0,0,0,0,0,0,0,0,0,0,0,0,0,0,0,0,0,0,0,0,0,0,0,0,0,0,0,0,0,0,0,0,0,0,0,0,0,0,0,0,0,0,0,0,0,0,0
1989,239,22,8,47.243,2,8,1,0,0,0,1,1,25,1012,1012,1012,1016,0,0,0,0,0,1,1,0,0,0,407.3503712,0,0,0,0,3,1,1,0.05,10,0,0,0,3,14,1,0.05,100,0,0,0,0,0,0,0,0,0,0,0,0,0,0,0,0,0,0,0,0,0,0,0,0,0,0,0,0,0,0,0,0,0,0,0,0,0,0,0,0,0,0,0,0,0,0,0,0,0,0,0
1989,239,22,8,59.482,2,8,1,0,1,0,1,1,25,1012,1012,1012,1016,0,0,0,0,0,1,1,0,0,0,407.3708009,0,0,0,0,3,1,1,0.05,10,0,0,0,3,14,1,0.05,100,0,0,0,0,0,0,0,0,0,0,0,0,0,0,0,0,0,0,0,0,0,0,0,0,0,0,0,0,0,0,0,0,0,0,0,0,0,0,0,0,0,0,0,0,0,0,0,0,0,0,0
1989,239,22,9,35.243,2,8,1,0,0,0,1,1,25,1012,1012,1012,1016,0,0,0,0,0,1,1,0,0,0,407.4304945,0,0,0,0,3,1,1,0.05,10,0,0,0,3,14,1,0.05,100,0,0,0,0,0,0,0,0,0,0,0,0,0,0,0,0,0,0,0,0,0,0,0,0,0,0,0,0,0,0,0,0,0,0,0,0,0,0,0,0,0,0,0,0,0,0,0,0,0,0,0
1989,239,22,9,47.482,2,8,1,0,1,0,1,1,25,1012,1012,1012,1016,0,0,0,0,0,1,1,0,0,0,407.4509242,0,0,0,0,3,1,1,0.05,10,0,0,0,3,14,1,0.05,100,0,0,0,0,0,0,0,0,0,0,0,0,0,0,0,0,0,0,0,0,0,0,0,0,0,0,0,0,0,0,0,0,0,0,0,0,0,0,0,0,0,0,0,0,0,0,0,0,0,0,0
1989,239,22,10,23.242,2,8,1,0,0,0,1,1,25,1012,1012,1012,1016,0,0,0,0,0,1,1,0,0,0,407.510616,0,0,0,0,3,1,1,0.05,10,0,0,0,3,14,1,0.05,100,0,0,0,0,0,0,0,0,0,0,0,0,0,0,0,0,0,0,0,0,0,0,0,0,0,0,0,0,0,0,0,0,0,0,0,0,0,0,0,0,0,0,0,0,0,0,0,0,0,0,0
1989,239,22,10,35.482,2,8,1,0,1,0,1,1,25,1012,1012,1012,1016,0,0,0,0,0,1,1,0,0,0,407.5310475,0,0,0,0,3,1,1,0.05,10,0,0,0,3,14,1,0.05,100,0,0,0,0,0,0,0,0,0,0,0,0,0,0,0,0,0,0,0,0,0,0,0,0,0,0,0,0,0,0,0,0,0,0,0,0,0,0,0,0,0,0,0,0,0,0,0,0,0,0,0
1989,239,22,11,11.243,2,8,1,0,0,0,1,1,25,1012,1012,1012,1016,0,0,0,0,0,1,1,0,0,0,407.5907408,0,0,0,0,3,1,1,0.05,10,0,0,0,3,14,1,0.05,100,0,0,0,0,0,0,0,0,0,0,0,0,0,0,0,0,0,0,0,0,0,0,0,0,0,0,0,0,0,0,0,0,0,0,0,0,0,0,0,0,0,0,0,0,0,0,0,0,0,0,0
1989,239,22,11,23.483,2,8,1,0,1,0,1,1,25,1012,1012,1012,1016,0,0,0,0,0,1,1,0,0,0,407.6111722,0,0,0,0,3,1,1,0.05,10,0,0,0,3,14,1,0.05,100,0,0,0,0,0,0,0,0,0,0,0,0,0,0,0,0,0,0,0,0,0,0,0,0,0,0,0,0,0,0,0,0,0,0,0,0,0,0,0,0,0,0,0,0,0,0,0,0,0,0,0
1989,239,22,11,59.243,2,8,1,0,0,0,1,1,25,1012,1012,1012,1016,0,0,0,0,0,1,1,0,0,0,407.6708639,0,0,0,0,3,1,1,0.05,10,0,0,0,3,14,1,0.05,100,0,0,0,0,0,0,0,0,0,0,0,0,0,0,0,0,0,0,0,0,0,0,0,0,0,0,0,0,0,0,0,0,0,0,0,0,0,0,0,0,0,0,0,0,0,0,0,0,0,0,0
1989,239,22,12,11.483,2,8,1,0,1,0,1,1,25,1012,1012,1012,1016,0,0,0,0,0,1,1,0,0,0,407.6912953,0,0,0,0,3,1,1,0.05,10,0,0,0,3,14,1,0.05,100,0,0,0,0,0,0,0,0,0,0,0,0,0,0,0,0,0,0,0,0,0,0,0,0,0,0,0,0,0,0,0,0,0,0,0,0,0,0,0,0,0,0,0,0,0,0,0,0,0,0,0
1989,239,22,12,47.243,2,8,1,0,0,0,1,1,25,1012,1012,1012,1016,0,0,0,0,0,1,1,0,0,0,407.7509868,0,0,0,0,3,1,1,0.05,10,0,0,0,3,14,1,0.05,100,0,0,0,0,0,0,0,0,0,0,0,0,0,0,0,0,0,0,0,0,0,0,0,0,0,0,0,0,0,0,0,0,0,0,0,0,0,0,0,0,0,0,0,0,0,0,0,0,0,0,0
1989,239,22,12,59.482,2,8,1,0,1,0,1,1,25,1012,1012,1012,1016,0,0,0,0,0,1,1,0,0,0,407.7714165,0,0,0,0,3,1,1,0.05,10,0,0,0,3,14,1,0.05,100,0,0,0,0,0,0,0,0,0,0,0,0,0,0,0,0,0,0,0,0,0,0,0,0,0,0,0,0,0,0,0,0,0,0,0,0,0,0,0,0,0,0,0,0,0,0,0,0,0,0,0
1989,239,22,13,35.243,2,8,1,0,0,0,1,1,25,1012,1012,1012,1016,0,0,0,0,0,1,1,0,0,0,407.8311097,0,0,0,0,3,1,1,0.05,10,0,0,0,3,14,1,0.05,100,0,0,0,0,0,0,0,0,0,0,0,0,0,0,0,0,0,0,0,0,0,0,0,0,0,0,0,0,0,0,0,0,0,0,0,0,0,0,0,0,0,0,0,0,0,0,0,0,0,0,0
1989,239,22,13,47.482,2,8,1,0,1,0,1,1,25,1012,1012,1012,1016,0,0,0,0,0,1,1,0,0,0,407.8515393,0,0,0,0,3,1,1,0.05,10,0,0,0,3,14,1,0.05,100,0,0,0,0,0,0,0,0,0,0,0,0,0,0,0,0,0,0,0,0,0,0,0,0,0,0,0,0,0,0,0,0,0,0,0,0,0,0,0,0,0,0,0,0,0,0,0,0,0,0,0
1989,239,22,14,23.242,2,8,1,0,0,0,1,1,25,1012,1012,1012,1016,0,0,0,0,0,1,1,0,0,0,407.9112308,0,0,0,0,3,1,1,0.05,10,0,0,0,3,14,1,0.05,100,0,0,0,0,0,0,0,0,0,0,0,0,0,0,0,0,0,0,0,0,0,0,0,0,0,0,0,0,0,0,0,0,0,0,0,0,0,0,0,0,0,0,0,0,0,0,0,0,0,0,0
1989,239,22,14,35.482,2,8,1,0,1,0,1,1,25,1012,1012,1012,1016,0,0,0,0,0,1,1,0,0,0,407.9316621,0,0,0,0,3,1,1,0.05,10,0,0,0,3,14,1,0.05,100,0,0,0,0,0,0,0,0,0,0,0,0,0,0,0,0,0,0,0,0,0,0,0,0,0,0,0,0,0,0,0,0,0,0,0,0,0,0,0,0,0,0,0,0,0,0,0,0,0,0,0
1989,239,22,15,11.243,2,8,1,0,0,0,1,1,25,1012,1012,1012,1016,0,0,0,0,0,1,1,0,0,0,407.9913551,0,0,0,0,3,1,1,0.05,10,0,0,0,3,14,1,0.05,100,0,0,0,0,0,0,0,0,0,0,0,0,0,0,0,0,0,0,0,0,0,0,0,0,0,0,0,0,0,0,0,0,0,0,0,0,0,0,0,0,0,0,0,0,0,0,0,0,0,0,0
1989,239,22,15,23.483,2,8,1,0,1,0,1,1,25,1012,1012,1012,1016,0,0,0,0,0,1,1,0,0,0,408.0117864,0,0,0,0,3,1,1,0.05,10,0,0,0,3,14,1,0.05,100,0,0,0,0,0,0,0,0,0,0,0,0,0,0,0,0,0,0,0,0,0,0,0,0,0,0,0,0,0,0,0,0,0,0,0,0,0,0,0,0,0,0,0,0,0,0,0,0,0,0,0
1989,239,22,18,2.842,2,8,1,0,1,0,1,1,25,1012,1012,1012,1016,0,0,0,0,0,1,1,0,0,0,408.2777912,0,0,0,0,3,1,1,0.05,10,0,0,0,3,14,1,0.05,100,0,0,0,0,0,0,0,0,0,0,0,0,0,0,0,0,0,0,0,0,0,0,0,0,0,0,0,0,0,0,0,0,0,0,0,0,0,0,0,0,0,0,0,0,0,0,0,0,0,0,0
1989,239,22,18,23.242,2,8,1,0,0,0,1,1,25,1012,1012,1012,1016,0,0,0,0,0,1,1,0,0,0,408.3118432,0,0,0,0,3,1,1,0.05,10,0,0,0,3,14,1,0.05,100,0,0,0,0,0,0,0,0,0,0,0,0,0,0,0,0,0,0,0,0,0,0,0,0,0,0,0,0,0,0,0,0,0,0,0,0,0,0,0,0,0,0,0,0,0,0,0,0,0,0,0
1989,239,22,18,35.482,2,8,1,0,1,0,1,1,25,1012,1012,1012,1016,0,0,0,0,0,1,1,0,0,0,408.3322744,0,0,0,0,3,1,1,0.05,10,0,0,0,3,14,1,0.05,100,0,0,0,0,0,0,0,0,0,0,0,0,0,0,0,0,0,0,0,0,0,0,0,0,0,0,0,0,0,0,0,0,0,0,0,0,0,0,0,0,0,0,0,0,0,0,0,0,0,0,0
1989,239,22,19,11.243,2,8,1,0,0,0,1,1,25,1012,1012,1012,1016,0,0,0,0,0,1,1,0,0,0,408.3919671,0,0,0,0,3,1,1,0.05,10,0,0,0,3,14,1,0.05,100,0,0,0,0,0,0,0,0,0,0,0,0,0,0,0,0,0,0,0,0,0,0,0,0,0,0,0,0,0,0,0,0,0,0,0,0,0,0,0,0,0,0,0,0,0,0,0,0,0,0,0
1989,239,22,19,23.483,2,8,1,0,1,0,1,1,25,1012,1012,1012,1016,0,0,0,0,0,1,1,0,0,0,408.4123982,0,0,0,0,3,1,1,0.05,10,0,0,0,3,14,1,0.05,100,0,0,0,0,0,0,0,0,0,0,0,0,0,0,0,0,0,0,0,0,0,0,0,0,0,0,0,0,0,0,0,0,0,0,0,0,0,0,0,0,0,0,0,0,0,0,0,0,0,0,0
1989,239,22,19,59.243,2,8,1,0,0,0,1,1,25,1012,1012,1012,1016,0,0,0,0,0,1,1,0,0,0,408.4720892,0,0,0,0,3,1,1,0.05,10,0,0,0,3,14,1,0.05,100,0,0,0,0,0,0,0,0,0,0,0,0,0,0,0,0,0,0,0,0,0,0,0,0,0,0,0,0,0,0,0,0,0,0,0,0,0,0,0,0,0,0,0,0,0,0,0,0,0,0,0
1989,239,22,20,11.483,2,8,1,0,1,0,1,1,25,1012,1012,1012,1016,0,0,0,0,0,1,1,0,0,0,408.4925203,0,0,0,0,3,1,1,0.05,10,0,0,0,3,14,1,0.05,100,0,0,0,0,0,0,0,0,0,0,0,0,0,0,0,0,0,0,0,0,0,0,0,0,0,0,0,0,0,0,0,0,0,0,0,0,0,0,0,0,0,0,0,0,0,0,0,0,0,0,0
1989,239,22,20,47.242,2,8,1,0,0,0,1,1,25,1012,1012,1012,1016,0,0,0,0,0,1,1,0,0,0,408.5522095,0,0,0,0,3,1,1,0.05,10,0,0,0,3,14,1,0.05,100,0,0,0,0,0,0,0,0,0,0,0,0,0,0,0,0,0,0,0,0,0,0,0,0,0,0,0,0,0,0,0,0,0,0,0,0,0,0,0,0,0,0,0,0,0,0,0,0,0,0,0
1989,239,22,20,59.482,2,8,1,0,1,0,1,1,25,1012,1012,1012,1016,0,0,0,0,0,1,1,0,0,0,408.5726406,0,0,0,0,3,1,1,0.05,10,0,0,0,3,14,1,0.05,100,0,0,0,0,0,0,0,0,0,0,0,0,0,0,0,0,0,0,0,0,0,0,0,0,0,0,0,0,0,0,0,0,0,0,0,0,0,0,0,0,0,0,0,0,0,0,0,0,0,0,0
1989,239,22,21,35.242,2,8,1,0,0,0,1,1,25,1012,1012,1012,1016,0,0,0,0,0,1,1,0,0,0,408.6323315,0,0,0,0,3,1,1,0.05,10,0,0,0,3,14,1,0.05,100,0,0,0,0,0,0,0,0,0,0,0,0,0,0,0,0,0,0,0,0,0,0,0,0,0,0,0,0,0,0,0,0,0,0,0,0,0,0,0,0,0,0,0,0,0,0,0,0,0,0,0
1989,239,22,21,47.482,2,8,1,0,1,0,1,1,25,1012,1012,1012,1016,0,0,0,0,0,1,1,0,0,0,408.6527625,0,0,0,0,3,1,1,0.05,10,0,0,0,3,14,1,0.05,100,0,0,0,0,0,0,0,0,0,0,0,0,0,0,0,0,0,0,0,0,0,0,0,0,0,0,0,0,0,0,0,0,0,0,0,0,0,0,0,0,0,0,0,0,0,0,0,0,0,0,0
1989,239,22,22,23.241,2,8,1,0,0,0,1,1,25,1012,1012,1012,1016,0,0,0,0,0,1,1,0,0,0,408.7124516,0,0,0,0,3,1,1,0.05,10,0,0,0,3,14,1,0.05,100,0,0,0,0,0,0,0,0,0,0,0,0,0,0,0,0,0,0,0,0,0,0,0,0,0,0,0,0,0,0,0,0,0,0,0,0,0,0,0,0,0,0,0,0,0,0,0,0,0,0,0
1989,239,22,22,35.482,2,8,1,0,1,0,1,1,25,1012,1012,1012,1016,0,0,0,0,0,1,1,0,0,0,408.7328843,0,0,0,0,3,1,1,0.05,10,0,0,0,3,14,1,0.05,100,0,0,0,0,0,0,0,0,0,0,0,0,0,0,0,0,0,0,0,0,0,0,0,0,0,0,0,0,0,0,0,0,0,0,0,0,0,0,0,0,0,0,0,0,0,0,0,0,0,0,0
1989,239,22,23,11.242,2,8,1,0,0,0,1,1,25,1012,1012,1012,1016,0,0,0,0,0,1,1,0,0,0,408.792575,0,0,0,0,3,1,1,0.05,10,0,0,0,3,14,1,0.05,100,0,0,0,0,0,0,0,0,0,0,0,0,0,0,0,0,0,0,0,0,0,0,0,0,0,0,0,0,0,0,0,0,0,0,0,0,0,0,0,0,0,0,0,0,0,0,0,0,0,0,0
1989,239,22,23,23.482,2,8,1,0,1,0,1,1,25,1012,1012,1012,1016,0,0,0,0,0,1,1,0,0,0,408.8130061,0,0,0,0,3,1,1,0.05,10,0,0,0,3,14,1,0.05,100,0,0,0,0,0,0,0,0,0,0,0,0,0,0,0,0,0,0,0,0,0,0,0,0,0,0,0,0,0,0,0,0,0,0,0,0,0,0,0,0,0,0,0,0,0,0,0,0,0,0,0
1989,239,22,23,59.242,2,8,1,0,0,0,1,1,25,1012,1012,1012,1016,0,0,0,0,0,1,1,0,0,0,408.8726967,0,0,0,0,3,1,1,0.05,10,0,0,0,3,14,1,0.05,100,0,0,0,0,0,0,0,0,0,0,0,0,0,0,0,0,0,0,0,0,0,0,0,0,0,0,0,0,0,0,0,0,0,0,0,0,0,0,0,0,0,0,0,0,0,0,0,0,0,0,0
1989,239,22,24,11.482,2,8,1,0,1,0,1,1,25,1012,1012,1012,1016,0,0,0,0,0,1,1,0,0,0,408.8931277,0,0,0,0,3,1,1,0.05,10,0,0,0,3,14,1,0.05,100,0,0,0,0,0,0,0,0,0,0,0,0,0,0,0,0,0,0,0,0,0,0,0,0,0,0,0,0,0,0,0,0,0,0,0,0,0,0,0,0,0,0,0,0,0,0,0,0,0,0,0
1989,239,22,24,47.242,2,8,1,0,0,0,1,1,25,1012,1012,1012,1016,0,0,0,0,0,1,1,0,0,0,408.9528182,0,0,0,0,3,1,1,0.05,10,0,0,0,3,14,1,0.05,100,0,0,0,0,0,0,0,0,0,0,0,0,0,0,0,0,0,0,0,0,0,0,0,0,0,0,0,0,0,0,0,0,0,0,0,0,0,0,0,0,0,0,0,0,0,0,0,0,0,0,0
1989,239,22,24,59.482,2,8,1,0,1,0,1,1,25,1012,1012,1012,1016,0,0,0,0,0,1,1,0,0,0,408.9732492,0,0,0,0,3,1,1,0.05,10,0,0,0,3,14,1,0.05,100,0,0,0,0,0,0,0,0,0,0,0,0,0,0,0,0,0,0,0,0,0,0,0,0,0,0,0,0,0,0,0,0,0,0,0,0,0,0,0,0,0,0,0,0,0,0,0,0,0,0,0
1989,239,22,25,35.242,2,8,1,0,0,0,1,1,25,1012,1012,1012,1016,0,0,0,0,0,1,1,0,0,0,409.0329397,0,0,0,0,3,1,1,0.05,10,0,0,0,3,14,1,0.05,100,0,0,0,0,0,0,0,0,0,0,0,0,0,0,0,0,0,0,0,0,0,0,0,0,0,0,0,0,0,0,0,0,0,0,0,0,0,0,0,0,0,0,0,0,0,0,0,0,0,0,0
1989,239,22,25,47.482,2,8,1,0,1,0,1,1,25,1012,1012,1012,1016,0,0,0,0,0,1,1,0,0,0,409.0533706,0,0,0,0,3,1,1,0.05,10,0,0,0,3,14,1,0.05,100,0,0,0,0,0,0,0,0,0,0,0,0,0,0,0,0,0,0,0,0,0,0,0,0,0,0,0,0,0,0,0,0,0,0,0,0,0,0,0,0,0,0,0,0,0,0,0,0,0,0,0
1989,239,22,26,23.241,2,8,1,0,0,0,1,1,25,1012,1012,1012,1016,0,0,0,0,0,1,1,0,0,0,409.1130594,0,0,0,0,3,1,1,0.05,10,0,0,0,3,14,1,0.05,100,0,0,0,0,0,0,0,0,0,0,0,0,0,0,0,0,0,0,0,0,0,0,0,0,0,0,0,0,0,0,0,0,0,0,0,0,0,0,0,0,0,0,0,0,0,0,0,0,0,0,0
1989,239,22,26,35.482,2,8,1,0,1,0,1,1,25,1012,1012,1012,1016,0,0,0,0,0,1,1,0,0,0,409.133492,0,0,0,0,3,1,1,0.05,10,0,0,0,3,14,1,0.05,100,0,0,0,0,0,0,0,0,0,0,0,0,0,0,0,0,0,0,0,0,0,0,0,0,0,0,0,0,0,0,0,0,0,0,0,0,0,0,0,0,0,0,0,0,0,0,0,0,0,0,0
1989,239,22,27,11.242,2,8,1,0,0,0,1,1,25,1012,1012,1012,1016,0,0,0,0,0,1,1,0,0,0,409.1931823,0,0,0,0,3,1,1,0.05,10,0,0,0,3,14,1,0.05,100,0,0,0,0,0,0,0,0,0,0,0,0,0,0,0,0,0,0,0,0,0,0,0,0,0,0,0,0,0,0,0,0,0,0,0,0,0,0,0,0,0,0,0,0,0,0,0,0,0,0,0
1989,239,22,27,23.482,2,8,1,0,1,0,1,1,25,1012,1012,1012,1016,0,0,0,0,0,1,1,0,0,0,409.2136132,0,0,0,0,3,1,1,0.05,10,0,0,0,3,14,1,0.05,100,0,0,0,0,0,0,0,0,0,0,0,0,0,0,0,0,0,0,0,0,0,0,0,0,0,0,0,0,0,0,0,0,0,0,0,0,0,0,0,0,0,0,0,0,0,0,0,0,0,0,0
1989,239,22,30,2.841,2,8,1,0,1,0,1,1,25,1012,1012,1012,1016,0,0,0,0,0,1,1,0,0,0,409.4796134,0,0,0,0,3,1,1,0.05,10,0,0,0,3,14,1,0.05,100,0,0,0,0,0,0,0,0,0,0,0,0,0,0,0,0,0,0,0,0,0,0,0,0,0,0,0,0,0,0,0,0,0,0,0,0,0,0,0,0,0,0,0,0,0,0,0,0,0,0,0
1989,239,22,30,23.241,2,8,1,0,0,0,1,1,25,1012,1012,1012,1016,0,0,0,0,0,1,1,0,0,0,409.5136648,0,0,0,0,3,1,1,0.05,10,0,0,0,3,14,1,0.05,100,0,0,0,0,0,0,0,0,0,0,0,0,0,0,0,0,0,0,0,0,0,0,0,0,0,0,0,0,0,0,0,0,0,0,0,0,0,0,0,0,0,0,0,0,0,0,0,0,0,0,0
1989,239,22,30,35.482,2,8,1,0,1,0,1,1,25,1012,1012,1012,1016,0,0,0,0,0,1,1,0,0,0,409.5340973,0,0,0,0,3,1,1,0.05,10,0,0,0,3,14,1,0.05,100,0,0,0,0,0,0,0,0,0,0,0,0,0,0,0,0,0,0,0,0,0,0,0,0,0,0,0,0,0,0,0,0,0,0,0,0,0,0,0,0,0,0,0,0,0,0,0,0,0,0,0
1989,239,22,31,11.242,2,8,1,0,0,0,1,1,25,1012,1012,1012,1016,0,0,0,0,0,1,1,0,0,0,409.5937873,0,0,0,0,3,1,1,0.05,10,0,0,0,3,14,1,0.05,100,0,0,0,0,0,0,0,0,0,0,0,0,0,0,0,0,0,0,0,0,0,0,0,0,0,0,0,0,0,0,0,0,0,0,0,0,0,0,0,0,0,0,0,0,0,0,0,0,0,0,0
1989,239,22,31,23.482,2,8,1,0,1,0,1,1,25,1012,1012,1012,1016,0,0,0,0,0,1,1,0,0,0,409.6142181,0,0,0,0,3,1,1,0.05,10,0,0,0,3,14,1,0.05,100,0,0,0,0,0,0,0,0,0,0,0,0,0,0,0,0,0,0,0,0,0,0,0,0,0,0,0,0,0,0,0,0,0,0,0,0,0,0,0,0,0,0,0,0,0,0,0,0,0,0,0
1989,239,22,31,59.242,2,8,1,0,0,0,1,1,25,1012,1012,1012,1016,0,0,0,0,0,1,1,0,0,0,409.673908,0,0,0,0,3,1,1,0.05,10,0,0,0,3,14,1,0.05,100,0,0,0,0,0,0,0,0,0,0,0,0,0,0,0,0,0,0,0,0,0,0,0,0,0,0,0,0,0,0,0,0,0,0,0,0,0,0,0,0,0,0,0,0,0,0,0,0,0,0,0
1989,239,22,32,11.482,2,8,1,0,1,0,1,1,25,1012,1012,1012,1016,0,0,0,0,0,1,1,0,0,0,409.6943388,0,0,0,0,3,1,1,0.05,10,0,0,0,3,14,1,0.05,100,0,0,0,0,0,0,0,0,0,0,0,0,0,0,0,0,0,0,0,0,0,0,0,0,0,0,0,0,0,0,0,0,0,0,0,0,0,0,0,0,0,0,0,0,0,0,0,0,0,0,0
1989,239,22,32,47.242,2,8,1,0,0,0,1,1,25,1012,1012,1012,1016,0,0,0,0,0,1,1,0,0,0,409.7540286,0,0,0,0,3,1,1,0.05,10,0,0,0,3,14,1,0.05,100,0,0,0,0,0,0,0,0,0,0,0,0,0,0,0,0,0,0,0,0,0,0,0,0,0,0,0,0,0,0,0,0,0,0,0,0,0,0,0,0,0,0,0,0,0,0,0,0,0,0,0
1989,239,22,32,59.482,2,8,1,0,1,0,1,1,25,1012,1012,1012,1016,0,0,0,0,0,1,1,0,0,0,409.7744594,0,0,0,0,3,1,1,0.05,10,0,0,0,3,14,1,0.05,100,0,0,0,0,0,0,0,0,0,0,0,0,0,0,0,0,0,0,0,0,0,0,0,0,0,0,0,0,0,0,0,0,0,0,0,0,0,0,0,0,0,0,0,0,0,0,0,0,0,0,0
1989,239,22,33,35.241,2,8,1,0,0,0,1,1,25,1012,1012,1012,1016,0,0,0,0,0,1,1,0,0,0,409.8341475,0,0,0,0,3,1,1,0.05,10,0,0,0,3,14,1,0.05,100,0,0,0,0,0,0,0,0,0,0,0,0,0,0,0,0,0,0,0,0,0,0,0,0,0,0,0,0,0,0,0,0,0,0,0,0,0,0,0,0,0,0,0,0,0,0,0,0,0,0,0
1989,239,22,33,47.481,2,8,1,0,1,0,1,1,25,1012,1012,1012,1016,0,0,0,0,0,1,1,0,0,0,409.8545782,0,0,0,0,3,1,1,0.05,10,0,0,0,3,14,1,0.05,100,0,0,0,0,0,0,0,0,0,0,0,0,0,0,0,0,0,0,0,0,0,0,0,0,0,0,0,0,0,0,0,0,0,0,0,0,0,0,0,0,0,0,0,0,0,0,0,0,0,0,0
1989,239,22,34,23.241,2,8,1,0,0,0,1,1,25,1012,1012,1012,1016,0,0,0,0,0,1,1,0,0,0,409.9142679,0,0,0,0,3,1,1,0.05,10,0,0,0,3,14,1,0.05,100,0,0,0,0,0,0,0,0,0,0,0,0,0,0,0,0,0,0,0,0,0,0,0,0,0,0,0,0,0,0,0,0,0,0,0,0,0,0,0,0,0,0,0,0,0,0,0,0,0,0,0
1989,239,22,34,35.481,2,8,1,0,1,0,1,1,25,1012,1012,1012,1016,0,0,0,0,0,1,1,0,0,0,409.9346986,0,0,0,0,3,1,1,0.05,10,0,0,0,3,14,1,0.05,100,0,0,0,0,0,0,0,0,0,0,0,0,0,0,0,0,0,0,0,0,0,0,0,0,0,0,0,0,0,0,0,0,0,0,0,0,0,0,0,0,0,0,0,0,0,0,0,0,0,0,0
1989,239,22,35,11.241,2,8,1,0,0,0,1,1,25,1012,1012,1012,1016,0,0,0,0,0,1,1,0,0,0,409.9943883,0,0,0,0,3,1,1,0.05,10,0,0,0,3,14,1,0.05,100,0,0,0,0,0,0,0,0,0,0,0,0,0,0,0,0,0,0,0,0,0,0,0,0,0,0,0,0,0,0,0,0,0,0,0,0,0,0,0,0,0,0,0,0,0,0,0,0,0,0,0
1989,239,22,35,23.481,2,8,1,0,1,0,1,1,25,1012,1012,1012,1016,0,0,0,0,0,1,1,0,0,0,410.014819,0,0,0,0,3,1,1,0.05,10,0,0,0,3,14,1,0.05,100,0,0,0,0,0,0,0,0,0,0,0,0,0,0,0,0,0,0,0,0,0,0,0,0,0,0,0,0,0,0,0,0,0,0,0,0,0,0,0,0,0,0,0,0,0,0,0,0,0,0,0
1989,239,22,35,59.241,2,8,1,0,0,0,1,1,25,1012,1012,1012,1016,0,0,0,0,0,1,1,0,0,0,410.0745085,0,0,0,0,3,1,1,0.05,10,0,0,0,3,14,1,0.05,100,0,0,0,0,0,0,0,0,0,0,0,0,0,0,0,0,0,0,0,0,0,0,0,0,0,0,0,0,0,0,0,0,0,0,0,0,0,0,0,0,0,0,0,0,0,0,0,0,0,0,0
1989,239,22,36,11.481,2,8,1,0,1,0,1,1,25,1012,1012,1012,1016,0,0,0,0,0,1,1,0,0,0,410.0949392,0,0,0,0,3,1,1,0.05,10,0,0,0,3,14,1,0.05,100,0,0,0,0,0,0,0,0,0,0,0,0,0,0,0,0,0,0,0,0,0,0,0,0,0,0,0,0,0,0,0,0,0,0,0,0,0,0,0,0,0,0,0,0,0,0,0,0,0,0,0
1989,239,22,36,47.241,2,8,1,0,0,0,1,1,25,1012,1012,1012,1016,0,0,0,0,0,1,1,0,0,0,410.1546287,0,0,0,0,3,1,1,0.05,10,0,0,0,3,14,1,0.05,100,0,0,0,0,0,0,0,0,0,0,0,0,0,0,0,0,0,0,0,0,0,0,0,0,0,0,0,0,0,0,0,0,0,0,0,0,0,0,0,0,0,0,0,0,0,0,0,0,0,0,0
1989,239,22,36,59.481,2,8,1,0,1,0,1,1,25,1012,1012,1012,1016,0,0,0,0,0,1,1,0,0,0,410.1750593,0,0,0,0,3,1,1,0.05,10,0,0,0,3,14,1,0.05,100,0,0,0,0,0,0,0,0,0,0,0,0,0,0,0,0,0,0,0,0,0,0,0,0,0,0,0,0,0,0,0,0,0,0,0,0,0,0,0,0,0,0,0,0,0,0,0,0,0,0,0
1989,239,22,37,35.241,2,8,1,0,0,0,1,1,25,1012,1012,1012,1016,0,0,0,0,0,1,1,0,0,0,410.2347488,0,0,0,0,3,1,1,0.05,10,0,0,0,3,14,1,0.05,100,0,0,0,0,0,0,0,0,0,0,0,0,0,0,0,0,0,0,0,0,0,0,0,0,0,0,0,0,0,0,0,0,0,0,0,0,0,0,0,0,0,0,0,0,0,0,0,0,0,0,0
1989,239,22,37,47.481,2,8,1,0,1,0,1,1,25,1012,1012,1012,1016,0,0,0,0,0,1,1,0,0,0,410.2551794,0,0,0,0,3,1,1,0.05,10,0,0,0,3,14,1,0.05,100,0,0,0,0,0,0,0,0,0,0,0,0,0,0,0,0,0,0,0,0,0,0,0,0,0,0,0,0,0,0,0,0,0,0,0,0,0,0,0,0,0,0,0,0,0,0,0,0,0,0,0
1989,239,22,38,23.241,2,8,1,0,0,0,1,1,25,1012,1012,1012,1016,0,0,0,0,0,1,1,0,0,0,410.3148687,0,0,0,0,3,1,1,0.05,10,0,0,0,3,14,1,0.05,100,0,0,0,0,0,0,0,0,0,0,0,0,0,0,0,0,0,0,0,0,0,0,0,0,0,0,0,0,0,0,0,0,0,0,0,0,0,0,0,0,0,0,0,0,0,0,0,0,0,0,0
1989,239,22,38,35.481,2,8,1,0,1,0,1,1,25,1012,1012,1012,1016,0,0,0,0,0,1,1,0,0,0,410.3352993,0,0,0,0,3,1,1,0.05,10,0,0,0,3,14,1,0.05,100,0,0,0,0,0,0,0,0,0,0,0,0,0,0,0,0,0,0,0,0,0,0,0,0,0,0,0,0,0,0,0,0,0,0,0,0,0,0,0,0,0,0,0,0,0,0,0,0,0,0,0
1989,239,22,39,11.241,2,8,1,0,0,0,1,1,25,1012,1012,1012,1016,0,0,0,0,0,1,1,0,0,0,410.3949886,0,0,0,0,3,1,1,0.05,10,0,0,0,3,14,1,0.05,100,0,0,0,0,0,0,0,0,0,0,0,0,0,0,0,0,0,0,0,0,0,0,0,0,0,0,0,0,0,0,0,0,0,0,0,0,0,0,0,0,0,0,0,0,0,0,0,0,0,0,0
1989,239,22,39,23.481,2,8,1,0,1,0,1,1,25,1012,1012,1012,1016,0,0,0,0,0,1,1,0,0,0,410.4154192,0,0,0,0,3,1,1,0.05,10,0,0,0,3,14,1,0.05,100,0,0,0,0,0,0,0,0,0,0,0,0,0,0,0,0,0,0,0,0,0,0,0,0,0,0,0,0,0,0,0,0,0,0,0,0,0,0,0,0,0,0,0,0,0,0,0,0,0,0,0
1989,239,22,42,2.84,2,8,1,0,1,0,1,1,25,1012,1012,1012,1016,0,0,0,0,0,1,1,0,0,0,410.6814148,0,0,0,0,3,1,1,0.05,10,0,0,0,3,14,1,0.05,100,0,0,0,0,0,0,0,0,0,0,0,0,0,0,0,0,0,0,0,0,0,0,0,0,0,0,0,0,0,0,0,0,0,0,0,0,0,0,0,0,0,0,0,0,0,0,0,0,0,0,0
1989,239,22,42,23.241,2,8,1,0,0,0,1,1,25,1012,1012,1012,1016,0,0,0,0,0,1,1,0,0,0,410.7154672,0,0,0,0,3,1,1,0.05,10,0,0,0,3,14,1,0.05,100,0,0,0,0,0,0,0,0,0,0,0,0,0,0,0,0,0,0,0,0,0,0,0,0,0,0,0,0,0,0,0,0,0,0,0,0,0,0,0,0,0,0,0,0,0,0,0,0,0,0,0
1989,239,22,42,35.481,2,8,1,0,1,0,1,1,25,1012,1012,1012,1016,0,0,0,0,0,1,1,0,0,0,410.7358977,0,0,0,0,3,1,1,0.05,10,0,0,0,3,14,1,0.05,100,0,0,0,0,0,0,0,0,0,0,0,0,0,0,0,0,0,0,0,0,0,0,0,0,0,0,0,0,0,0,0,0,0,0,0,0,0,0,0,0,0,0,0,0,0,0,0,0,0,0,0
1989,239,22,43,11.241,2,8,1,0,0,0,1,1,25,1012,1012,1012,1016,0,0,0,0,0,1,1,0,0,0,410.7955867,0,0,0,0,3,1,1,0.05,10,0,0,0,3,14,1,0.05,100,0,0,0,0,0,0,0,0,0,0,0,0,0,0,0,0,0,0,0,0,0,0,0,0,0,0,0,0,0,0,0,0,0,0,0,0,0,0,0,0,0,0,0,0,0,0,0,0,0,0,0
1989,239,22,43,23.481,2,8,1,0,1,0,1,1,25,1012,1012,1012,1016,0,0,0,0,0,1,1,0,0,0,410.8160171,0,0,0,0,3,1,1,0.05,10,0,0,0,3,14,1,0.05,100,0,0,0,0,0,0,0,0,0,0,0,0,0,0,0,0,0,0,0,0,0,0,0,0,0,0,0,0,0,0,0,0,0,0,0,0,0,0,0,0,0,0,0,0,0,0,0,0,0,0,0
1989,239,22,43,59.241,2,8,1,0,0,0,1,1,25,1012,1012,1012,1016,0,0,0,0,0,1,1,0,0,0,410.875706,0,0,0,0,3,1,1,0.05,10,0,0,0,3,14,1,0.05,100,0,0,0,0,0,0,0,0,0,0,0,0,0,0,0,0,0,0,0,0,0,0,0,0,0,0,0,0,0,0,0,0,0,0,0,0,0,0,0,0,0,0,0,0,0,0,0,0,0,0,0
1989,239,22,44,11.481,2,8,1,0,1,0,1,1,25,1012,1012,1012,1016,0,0,0,0,0,1,1,0,0,0,410.8961364,0,0,0,0,3,1,1,0.05,10,0,0,0,3,14,1,0.05,100,0,0,0,0,0,0,0,0,0,0,0,0,0,0,0,0,0,0,0,0,0,0,0,0,0,0,0,0,0,0,0,0,0,0,0,0,0,0,0,0,0,0,0,0,0,0,0,0,0,0,0
1989,239,22,44,47.241,2,8,1,0,0,0,1,1,25,1012,1012,1012,1016,0,0,0,0,0,1,1,0,0,0,410.9558252,0,0,0,0,3,1,1,0.05,10,0,0,0,3,14,1,0.05,100,0,0,0,0,0,0,0,0,0,0,0,0,0,0,0,0,0,0,0,0,0,0,0,0,0,0,0,0,0,0,0,0,0,0,0,0,0,0,0,0,0,0,0,0,0,0,0,0,0,0,0
1989,239,22,44,59.481,2,8,1,0,1,0,1,1,25,1012,1012,1012,1016,0,0,0,0,0,1,1,0,0,0,410.9762556,0,0,0,0,3,1,1,0.05,10,0,0,0,3,14,1,0.05,100,0,0,0,0,0,0,0,0,0,0,0,0,0,0,0,0,0,0,0,0,0,0,0,0,0,0,0,0,0,0,0,0,0,0,0,0,0,0,0,0,0,0,0,0,0,0,0,0,0,0,0
1989,239,22,45,35.241,2,8,1,0,0,0,1,1,25,1012,1012,1012,1016,0,0,0,0,0,1,1,0,0,0,411.0359444,0,0,0,0,3,1,1,0.05,10,0,0,0,3,14,1,0.05,100,0,0,0,0,0,0,0,0,0,0,0,0,0,0,0,0,0,0,0,0,0,0,0,0,0,0,0,0,0,0,0,0,0,0,0,0,0,0,0,0,0,0,0,0,0,0,0,0,0,0,0
1989,239,22,45,47.481,2,8,1,0,1,0,1,1,25,1012,1012,1012,1016,0,0,0,0,0,1,1,0,0,0,411.0563748,0,0,0,0,3,1,1,0.05,10,0,0,0,3,14,1,0.05,100,0,0,0,0,0,0,0,0,0,0,0,0,0,0,0,0,0,0,0,0,0,0,0,0,0,0,0,0,0,0,0,0,0,0,0,0,0,0,0,0,0,0,0,0,0,0,0,0,0,0,0
1989,239,22,46,23.24,2,8,1,0,0,0,1,1,25,1012,1012,1012,1016,0,0,0,0,0,1,1,0,0,0,411.1160618,0,0,0,0,3,1,1,0.05,10,0,0,0,3,14,1,0.05,100,0,0,0,0,0,0,0,0,0,0,0,0,0,0,0,0,0,0,0,0,0,0,0,0,0,0,0,0,0,0,0,0,0,0,0,0,0,0,0,0,0,0,0,0,0,0,0,0,0,0,0
1989,239,22,46,35.48,2,8,1,0,1,0,1,1,25,1012,1012,1012,1016,0,0,0,0,0,1,1,0,0,0,411.1364921,0,0,0,0,3,1,1,0.05,10,0,0,0,3,14,1,0.05,100,0,0,0,0,0,0,0,0,0,0,0,0,0,0,0,0,0,0,0,0,0,0,0,0,0,0,0,0,0,0,0,0,0,0,0,0,0,0,0,0,0,0,0,0,0,0,0,0,0,0,0
1989,239,22,47,11.24,2,8,1,0,0,0,1,1,25,1012,1012,1012,1016,0,0,0,0,0,1,1,0,0,0,411.1961807,0,0,0,0,3,1,1,0.05,10,0,0,0,3,14,1,0.05,100,0,0,0,0,0,0,0,0,0,0,0,0,0,0,0,0,0,0,0,0,0,0,0,0,0,0,0,0,0,0,0,0,0,0,0,0,0,0,0,0,0,0,0,0,0,0,0,0,0,0,0
1989,239,22,47,23.48,2,8,1,0,1,0,1,1,25,1012,1012,1012,1016,0,0,0,0,0,1,1,0,0,0,411.2166111,0,0,0,0,3,1,1,0.05,10,0,0,0,3,14,1,0.05,100,0,0,0,0,0,0,0,0,0,0,0,0,0,0,0,0,0,0,0,0,0,0,0,0,0,0,0,0,0,0,0,0,0,0,0,0,0,0,0,0,0,0,0,0,0,0,0,0,0,0,0
1989,239,22,47,59.24,2,8,1,0,0,0,1,1,25,1012,1012,1012,1016,0,0,0,0,0,1,1,0,0,0,411.2762996,0,0,0,0,3,1,1,0.05,10,0,0,0,3,14,1,0.05,100,0,0,0,0,0,0,0,0,0,0,0,0,0,0,0,0,0,0,0,0,0,0,0,0,0,0,0,0,0,0,0,0,0,0,0,0,0,0,0,0,0,0,0,0,0,0,0,0,0,0,0
1989,239,22,48,11.48,2,8,1,0,1,0,1,1,25,1012,1012,1012,1016,0,0,0,0,0,1,1,0,0,0,411.2967299,0,0,0,0,3,1,1,0.05,10,0,0,0,3,14,1,0.05,100,0,0,0,0,0,0,0,0,0,0,0,0,0,0,0,0,0,0,0,0,0,0,0,0,0,0,0,0,0,0,0,0,0,0,0,0,0,0,0,0,0,0,0,0,0,0,0,0,0,0,0
1989,239,22,48,47.24,2,8,1,0,0,0,1,1,25,1012,1012,1012,1016,0,0,0,0,0,1,1,0,0,0,411.3564184,0,0,0,0,3,1,1,0.05,10,0,0,0,3,14,1,0.05,100,0,0,0,0,0,0,0,0,0,0,0,0,0,0,0,0,0,0,0,0,0,0,0,0,0,0,0,0,0,0,0,0,0,0,0,0,0,0,0,0,0,0,0,0,0,0,0,0,0,0,0
1989,239,22,48,59.48,2,8,1,0,1,0,1,1,25,1012,1012,1012,1016,0,0,0,0,0,1,1,0,0,0,411.3768487,0,0,0,0,3,1,1,0.05,10,0,0,0,3,14,1,0.05,100,0,0,0,0,0,0,0,0,0,0,0,0,0,0,0,0,0,0,0,0,0,0,0,0,0,0,0,0,0,0,0,0,0,0,0,0,0,0,0,0,0,0,0,0,0,0,0,0,0,0,0
1989,239,22,49,35.24,2,8,1,0,0,0,1,1,25,1012,1012,1012,1016,0,0,0,0,0,1,1,0,0,0,411.4365371,0,0,0,0,3,1,1,0.05,10,0,0,0,3,14,1,0.05,100,0,0,0,0,0,0,0,0,0,0,0,0,0,0,0,0,0,0,0,0,0,0,0,0,0,0,0,0,0,0,0,0,0,0,0,0,0,0,0,0,0,0,0,0,0,0,0,0,0,0,0
1989,239,22,49,47.48,2,8,1,0,1,0,1,1,25,1012,1012,1012,1016,0,0,0,0,0,1,1,0,0,0,411.4569673,0,0,0,0,3,1,1,0.05,10,0,0,0,3,14,1,0.05,100,0,0,0,0,0,0,0,0,0,0,0,0,0,0,0,0,0,0,0,0,0,0,0,0,0,0,0,0,0,0,0,0,0,0,0,0,0,0,0,0,0,0,0,0,0,0,0,0,0,0,0
1989,239,22,50,23.24,2,8,1,0,0,0,1,1,25,1012,1012,1012,1016,0,0,0,0,0,1,1,0,0,0,411.5166557,0,0,0,0,3,1,1,0.05,10,0,0,0,3,14,1,0.05,100,0,0,0,0,0,0,0,0,0,0,0,0,0,0,0,0,0,0,0,0,0,0,0,0,0,0,0,0,0,0,0,0,0,0,0,0,0,0,0,0,0,0,0,0,0,0,0,0,0,0,0
1989,239,22,50,35.48,2,8,1,0,1,0,1,1,25,1012,1012,1012,1016,0,0,0,0,0,1,1,0,0,0,411.5370859,0,0,0,0,3,1,1,0.05,10,0,0,0,3,14,1,0.05,100,0,0,0,0,0,0,0,0,0,0,0,0,0,0,0,0,0,0,0,0,0,0,0,0,0,0,0,0,0,0,0,0,0,0,0,0,0,0,0,0,0,0,0,0,0,0,0,0,0,0,0
1989,239,22,51,11.24,2,8,1,0,0,0,1,1,25,1012,1012,1012,1016,0,0,0,0,0,1,1,0,0,0,411.5967742,0,0,0,0,3,1,1,0.05,10,0,0,0,3,14,1,0.05,100,0,0,0,0,0,0,0,0,0,0,0,0,0,0,0,0,0,0,0,0,0,0,0,0,0,0,0,0,0,0,0,0,0,0,0,0,0,0,0,0,0,0,0,0,0,0,0,0,0,0,0
1989,239,22,51,23.48,2,8,1,0,1,0,1,1,25,1012,1012,1012,1016,0,0,0,0,0,1,1,0,0,0,411.6172044,0,0,0,0,3,1,1,0.05,10,0,0,0,3,14,1,0.05,100,0,0,0,0,0,0,0,0,0,0,0,0,0,0,0,0,0,0,0,0,0,0,0,0,0,0,0,0,0,0,0,0,0,0,0,0,0,0,0,0,0,0,0,0,0,0,0,0,0,0,0
1989,239,22,54,2.84,2,8,1,0,1,0,1,1,25,1012,1012,1012,1016,0,0,0,0,0,1,1,0,0,0,411.8831971,0,0,0,0,3,1,1,0.05,10,0,0,0,3,14,1,0.05,100,0,0,0,0,0,0,0,0,0,0,0,0,0,0,0,0,0,0,0,0,0,0,0,0,0,0,0,0,0,0,0,0,0,0,0,0,0,0,0,0,0,0,0,0,0,0,0,0,0,0,0
1989,239,22,54,23.24,2,8,1,0,0,0,1,1,25,1012,1012,1012,1016,0,0,0,0,0,1,1,0,0,0,411.9172473,0,0,0,0,3,1,1,0.05,10,0,0,0,3,14,1,0.05,100,0,0,0,0,0,0,0,0,0,0,0,0,0,0,0,0,0,0,0,0,0,0,0,0,0,0,0,0,0,0,0,0,0,0,0,0,0,0,0,0,0,0,0,0,0,0,0,0,0,0,0
1989,239,22,54,35.48,2,8,1,0,1,0,1,1,25,1012,1012,1012,1016,0,0,0,0,0,1,1,0,0,0,411.9376774,0,0,0,0,3,1,1,0.05,10,0,0,0,3,14,1,0.05,100,0,0,0,0,0,0,0,0,0,0,0,0,0,0,0,0,0,0,0,0,0,0,0,0,0,0,0,0,0,0,0,0,0,0,0,0,0,0,0,0,0,0,0,0,0,0,0,0,0,0,0
1989,239,22,55,11.24,2,8,1,0,0,0,1,1,25,1012,1012,1012,1016,0,0,0,0,0,1,1,0,0,0,411.9973653,0,0,0,0,3,1,1,0.05,10,0,0,0,3,14,1,0.05,100,0,0,0,0,0,0,0,0,0,0,0,0,0,0,0,0,0,0,0,0,0,0,0,0,0,0,0,0,0,0,0,0,0,0,0,0,0,0,0,0,0,0,0,0,0,0,0,0,0,0,0
1989,239,22,55,23.48,2,8,1,0,1,0,1,1,25,1012,1012,1012,1016,0,0,0,0,0,1,1,0,0,0,412.0177954,0,0,0,0,3,1,1,0.05,10,0,0,0,3,14,1,0.05,100,0,0,0,0,0,0,0,0,0,0,0,0,0,0,0,0,0,0,0,0,0,0,0,0,0,0,0,0,0,0,0,0,0,0,0,0,0,0,0,0,0,0,0,0,0,0,0,0,0,0,0
1989,239,22,55,59.24,2,8,1,0,0,0,1,1,25,1012,1012,1012,1016,0,0,0,0,0,1,1,0,0,0,412.0774833,0,0,0,0,3,1,1,0.05,10,0,0,0,3,14,1,0.05,100,0,0,0,0,0,0,0,0,0,0,0,0,0,0,0,0,0,0,0,0,0,0,0,0,0,0,0,0,0,0,0,0,0,0,0,0,0,0,0,0,0,0,0,0,0,0,0,0,0,0,0
1989,239,22,56,11.48,2,8,1,0,1,0,1,1,25,1012,1012,1012,1016,0,0,0,0,0,1,1,0,0,0,412.0979134,0,0,0,0,3,1,1,0.05,10,0,0,0,3,14,1,0.05,100,0,0,0,0,0,0,0,0,0,0,0,0,0,0,0,0,0,0,0,0,0,0,0,0,0,0,0,0,0,0,0,0,0,0,0,0,0,0,0,0,0,0,0,0,0,0,0,0,0,0,0
1989,239,22,56,47.24,2,8,1,0,0,0,1,1,25,1012,1012,1012,1016,0,0,0,0,0,1,1,0,0,0,412.1576012,0,0,0,0,3,1,1,0.05,10,0,0,0,3,14,1,0.05,100,0,0,0,0,0,0,0,0,0,0,0,0,0,0,0,0,0,0,0,0,0,0,0,0,0,0,0,0,0,0,0,0,0,0,0,0,0,0,0,0,0,0,0,0,0,0,0,0,0,0,0
1989,239,22,56,59.48,2,8,1,0,1,0,1,1,25,1012,1012,1012,1016,0,0,0,0,0,1,1,0,0,0,412.1780312,0,0,0,0,3,1,1,0.05,10,0,0,0,3,14,1,0.05,100,0,0,0,0,0,0,0,0,0,0,0,0,0,0,0,0,0,0,0,0,0,0,0,0,0,0,0,0,0,0,0,0,0,0,0,0,0,0,0,0,0,0,0,0,0,0,0,0,0,0,0
1989,239,22,57,35.24,2,8,1,0,0,0,1,1,25,1012,1012,1012,1016,0,0,0,0,0,1,1,0,0,0,412.2377189,0,0,0,0,3,1,1,0.05,10,0,0,0,3,14,1,0.05,100,0,0,0,0,0,0,0,0,0,0,0,0,0,0,0,0,0,0,0,0,0,0,0,0,0,0,0,0,0,0,0,0,0,0,0,0,0,0,0,0,0,0,0,0,0,0,0,0,0,0,0
1989,239,22,57,47.48,2,8,1,0,1,0,1,1,25,1012,1012,1012,1016,0,0,0,0,0,1,1,0,0,0,412.2581489,0,0,0,0,3,1,1,0.05,10,0,0,0,3,14,1,0.05,100,0,0,0,0,0,0,0,0,0,0,0,0,0,0,0,0,0,0,0,0,0,0,0,0,0,0,0,0,0,0,0,0,0,0,0,0,0,0,0,0,0,0,0,0,0,0,0,0,0,0,0
1989,239,22,58,23.24,2,8,1,0,0,0,1,1,25,1012,1012,1012,1016,0,0,0,0,0,1,1,0,0,0,412.3178366,0,0,0,0,3,1,1,0.05,10,0,0,0,3,14,1,0.05,100,0,0,0,0,0,0,0,0,0,0,0,0,0,0,0,0,0,0,0,0,0,0,0,0,0,0,0,0,0,0,0,0,0,0,0,0,0,0,0,0,0,0,0,0,0,0,0,0,0,0,0
1989,239,22,58,35.48,2,8,1,0,1,0,1,1,25,1012,1012,1012,1016,0,0,0,0,0,1,1,0,0,0,412.3382666,0,0,0,0,3,1,1,0.05,10,0,0,0,3,14,1,0.05,100,0,0,0,0,0,0,0,0,0,0,0,0,0,0,0,0,0,0,0,0,0,0,0,0,0,0,0,0,0,0,0,0,0,0,0,0,0,0,0,0,0,0,0,0,0,0,0,0,0,0,0
1989,239,22,59,11.239,2,8,1,0,0,0,1,1,25,1012,1012,1012,1016,0,0,0,0,0,1,1,0,0,0,412.3979525,0,0,0,0,3,1,1,0.05,10,0,0,0,3,14,1,0.05,100,0,0,0,0,0,0,0,0,0,0,0,0,0,0,0,0,0,0,0,0,0,0,0,0,0,0,0,0,0,0,0,0,0,0,0,0,0,0,0,0,0,0,0,0,0,0,0,0,0,0,0
1989,239,22,59,23.479,2,8,1,0,1,0,1,1,25,1012,1012,1012,1016,0,0,0,0,0,1,1,0,0,0,412.4183825,0,0,0,0,3,1,1,0.05,10,0,0,0,3,14,1,0.05,100,0,0,0,0,0,0,0,0,0,0,0,0,0,0,0,0,0,0,0,0,0,0,0,0,0,0,0,0,0,0,0,0,0,0,0,0,0,0,0,0,0,0,0,0,0,0,0,0,0,0,0
1989,239,22,59,59.239,2,8,1,0,0,0,1,1,25,1012,1012,1012,1016,0,0,0,0,0,1,1,0,0,0,412.47807,0,0,0,0,3,1,1,0.05,10,0,0,0,3,14,1,0.05,100,0,0,0,0,0,0,0,0,0,0,0,0,0,0,0,0,0,0,0,0,0,0,0,0,0,0,0,0,0,0,0,0,0,0,0,0,0,0,0,0,0,0,0,0,0,0,0,0,0,0,0
1989,239,23,0,11.479,2,8,1,0,1,0,1,1,25,1012,1012,1012,1016,0,0,0,0,0,1,1,0,0,0,412.4985,0,0,0,0,3,1,1,0.05,10,0,0,0,3,14,1,0.05,100,0,0,0,0,0,0,0,0,0,0,0,0,0,0,0,0,0,0,0,0,0,0,0,0,0,0,0,0,0,0,0,0,0,0,0,0,0,0,0,0,0,0,0,0,0,0,0,0,0,0,0
1989,239,23,0,47.239,2,8,1,0,0,0,1,1,25,1012,1012,1012,1016,0,0,0,0,0,1,1,0,0,0,412.5581874,0,0,0,0,3,1,1,0.05,10,0,0,0,3,14,1,0.05,100,0,0,0,0,0,0,0,0,0,0,0,0,0,0,0,0,0,0,0,0,0,0,0,0,0,0,0,0,0,0,0,0,0,0,0,0,0,0,0,0,0,0,0,0,0,0,0,0,0,0,0
1989,239,23,0,59.479,2,8,1,0,1,0,1,1,25,1012,1012,1012,1016,0,0,0,0,0,1,1,0,0,0,412.5786174,0,0,0,0,3,1,1,0.05,10,0,0,0,3,14,1,0.05,100,0,0,0,0,0,0,0,0,0,0,0,0,0,0,0,0,0,0,0,0,0,0,0,0,0,0,0,0,0,0,0,0,0,0,0,0,0,0,0,0,0,0,0,0,0,0,0,0,0,0,0
1989,239,23,1,35.239,2,8,1,0,0,0,1,1,25,1012,1012,1012,1016,0,0,0,0,0,1,1,0,0,0,412.6383047,0,0,0,0,3,1,1,0.05,10,0,0,0,3,14,1,0.05,100,0,0,0,0,0,0,0,0,0,0,0,0,0,0,0,0,0,0,0,0,0,0,0,0,0,0,0,0,0,0,0,0,0,0,0,0,0,0,0,0,0,0,0,0,0,0,0,0,0,0,0
1989,239,23,1,47.479,2,8,1,0,1,0,1,1,25,1012,1012,1012,1016,0,0,0,0,0,1,1,0,0,0,412.6587346,0,0,0,0,3,1,1,0.05,10,0,0,0,3,14,1,0.05,100,0,0,0,0,0,0,0,0,0,0,0,0,0,0,0,0,0,0,0,0,0,0,0,0,0,0,0,0,0,0,0,0,0,0,0,0,0,0,0,0,0,0,0,0,0,0,0,0,0,0,0
1989,239,23,2,23.238,2,8,1,0,0,0,1,1,25,1012,1012,1012,1016,0,0,0,0,0,1,1,0,0,0,412.7184203,0,0,0,0,3,1,1,0.05,10,0,0,0,3,14,1,0.05,100,0,0,0,0,0,0,0,0,0,0,0,0,0,0,0,0,0,0,0,0,0,0,0,0,0,0,0,0,0,0,0,0,0,0,0,0,0,0,0,0,0,0,0,0,0,0,0,0,0,0,0
1989,239,23,2,35.479,2,8,1,0,1,0,1,1,25,1012,1012,1012,1016,0,0,0,0,0,1,1,0,0,0,412.7388518,0,0,0,0,3,1,1,0.05,10,0,0,0,3,14,1,0.05,100,0,0,0,0,0,0,0,0,0,0,0,0,0,0,0,0,0,0,0,0,0,0,0,0,0,0,0,0,0,0,0,0,0,0,0,0,0,0,0,0,0,0,0,0,0,0,0,0,0,0,0
1989,239,23,3,11.239,2,8,1,0,0,0,1,1,25,1012,1012,1012,1016,0,0,0,0,0,1,1,0,0,0,412.7985391,0,0,0,0,3,1,1,0.05,10,0,0,0,3,14,1,0.05,100,0,0,0,0,0,0,0,0,0,0,0,0,0,0,0,0,0,0,0,0,0,0,0,0,0,0,0,0,0,0,0,0,0,0,0,0,0,0,0,0,0,0,0,0,0,0,0,0,0,0,0
1989,239,23,3,23.479,2,8,1,0,1,0,1,1,25,1012,1012,1012,1016,0,0,0,0,0,1,1,0,0,0,412.818969,0,0,0,0,3,1,1,0.05,10,0,0,0,3,14,1,0.05,100,0,0,0,0,0,0,0,0,0,0,0,0,0,0,0,0,0,0,0,0,0,0,0,0,0,0,0,0,0,0,0,0,0,0,0,0,0,0,0,0,0,0,0,0,0,0,0,0,0,0,0
1989,239,23,6,2.838,2,8,1,0,1,0,1,1,25,1012,1012,1012,1016,0,0,0,0,0,1,1,0,0,0,413.0849554,0,0,0,0,3,1,1,0.05,10,0,0,0,3,14,1,0.05,100,0,0,0,0,0,0,0,0,0,0,0,0,0,0,0,0,0,0,0,0,0,0,0,0,0,0,0,0,0,0,0,0,0,0,0,0,0,0,0,0,0,0,0,0,0,0,0,0,0,0,0
1989,239,23,6,23.238,2,8,1,0,0,0,1,1,25,1012,1012,1012,1016,0,0,0,0,0,1,1,0,0,0,413.1190051,0,0,0,0,3,1,1,0.05,10,0,0,0,3,14,1,0.05,100,0,0,0,0,0,0,0,0,0,0,0,0,0,0,0,0,0,0,0,0,0,0,0,0,0,0,0,0,0,0,0,0,0,0,0,0,0,0,0,0,0,0,0,0,0,0,0,0,0,0,0
1989,239,23,6,35.479,2,8,1,0,1,0,1,1,25,1012,1012,1012,1016,0,0,0,0,0,1,1,0,0,0,413.1394365,0,0,0,0,3,1,1,0.05,10,0,0,0,3,14,1,0.05,100,0,0,0,0,0,0,0,0,0,0,0,0,0,0,0,0,0,0,0,0,0,0,0,0,0,0,0,0,0,0,0,0,0,0,0,0,0,0,0,0,0,0,0,0,0,0,0,0,0,0,0
1989,239,23,7,11.239,2,8,1,0,0,0,1,1,25,1012,1012,1012,1016,0,0,0,0,0,1,1,0,0,0,413.1991234,0,0,0,0,3,1,1,0.05,10,0,0,0,3,14,1,0.05,100,0,0,0,0,0,0,0,0,0,0,0,0,0,0,0,0,0,0,0,0,0,0,0,0,0,0,0,0,0,0,0,0,0,0,0,0,0,0,0,0,0,0,0,0,0,0,0,0,0,0,0
1989,239,23,7,23.479,2,8,1,0,1,0,1,1,25,1012,1012,1012,1016,0,0,0,0,0,1,1,0,0,0,413.2195531,0,0,0,0,3,1,1,0.05,10,0,0,0,3,14,1,0.05,100,0,0,0,0,0,0,0,0,0,0,0,0,0,0,0,0,0,0,0,0,0,0,0,0,0,0,0,0,0,0,0,0,0,0,0,0,0,0,0,0,0,0,0,0,0,0,0,0,0,0,0
1989,239,23,7,59.239,2,8,1,0,0,0,1,1,25,1012,1012,1012,1016,0,0,0,0,0,1,1,0,0,0,413.27924,0,0,0,0,3,1,1,0.05,10,0,0,0,3,14,1,0.05,100,0,0,0,0,0,0,0,0,0,0,0,0,0,0,0,0,0,0,0,0,0,0,0,0,0,0,0,0,0,0,0,0,0,0,0,0,0,0,0,0,0,0,0,0,0,0,0,0,0,0,0
1989,239,23,8,11.479,2,8,1,0,1,0,1,1,25,1012,1012,1012,1016,0,0,0,0,0,1,1,0,0,0,413.2996697,0,0,0,0,3,1,1,0.05,10,0,0,0,3,14,1,0.05,100,0,0,0,0,0,0,0,0,0,0,0,0,0,0,0,0,0,0,0,0,0,0,0,0,0,0,0,0,0,0,0,0,0,0,0,0,0,0,0,0,0,0,0,0,0,0,0,0,0,0,0
1989,239,23,8,47.239,2,8,1,0,0,0,1,1,25,1012,1012,1012,1016,0,0,0,0,0,1,1,0,0,0,413.3593565,0,0,0,0,3,1,1,0.05,10,0,0,0,3,14,1,0.05,100,0,0,0,0,0,0,0,0,0,0,0,0,0,0,0,0,0,0,0,0,0,0,0,0,0,0,0,0,0,0,0,0,0,0,0,0,0,0,0,0,0,0,0,0,0,0,0,0,0,0,0
1989,239,23,8,59.479,2,8,1,0,1,0,1,1,25,1012,1012,1012,1016,0,0,0,0,0,1,1,0,0,0,413.3797862,0,0,0,0,3,1,1,0.05,10,0,0,0,3,14,1,0.05,100,0,0,0,0,0,0,0,0,0,0,0,0,0,0,0,0,0,0,0,0,0,0,0,0,0,0,0,0,0,0,0,0,0,0,0,0,0,0,0,0,0,0,0,0,0,0,0,0,0,0,0
1989,239,23,9,35.239,2,8,1,0,0,0,1,1,25,1012,1012,1012,1016,0,0,0,0,0,1,1,0,0,0,413.4394729,0,0,0,0,3,1,1,0.05,10,0,0,0,3,14,1,0.05,100,0,0,0,0,0,0,0,0,0,0,0,0,0,0,0,0,0,0,0,0,0,0,0,0,0,0,0,0,0,0,0,0,0,0,0,0,0,0,0,0,0,0,0,0,0,0,0,0,0,0,0
1989,239,23,9,47.479,2,8,1,0,1,0,1,1,25,1012,1012,1012,1016,0,0,0,0,0,1,1,0,0,0,413.4599026,0,0,0,0,3,1,1,0.05,10,0,0,0,3,14,1,0.05,100,0,0,0,0,0,0,0,0,0,0,0,0,0,0,0,0,0,0,0,0,0,0,0,0,0,0,0,0,0,0,0,0,0,0,0,0,0,0,0,0,0,0,0,0,0,0,0,0,0,0,0
1989,239,23,10,23.238,2,8,1,0,0,0,1,1,25,1012,1012,1012,1016,0,0,0,0,0,1,1,0,0,0,413.5195875,0,0,0,0,3,1,1,0.05,10,0,0,0,3,14,1,0.05,100,0,0,0,0,0,0,0,0,0,0,0,0,0,0,0,0,0,0,0,0,0,0,0,0,0,0,0,0,0,0,0,0,0,0,0,0,0,0,0,0,0,0,0,0,0,0,0,0,0,0,0
1989,239,23,10,35.479,2,8,1,0,1,0,1,1,25,1012,1012,1012,1016,0,0,0,0,0,1,1,0,0,0,413.5400188,0,0,0,0,3,1,1,0.05,10,0,0,0,3,14,1,0.05,100,0,0,0,0,0,0,0,0,0,0,0,0,0,0,0,0,0,0,0,0,0,0,0,0,0,0,0,0,0,0,0,0,0,0,0,0,0,0,0,0,0,0,0,0,0,0,0,0,0,0,0
1989,239,23,11,11.239,2,8,1,0,0,0,1,1,25,1012,1012,1012,1016,0,0,0,0,0,1,1,0,0,0,413.5997054,0,0,0,0,3,1,1,0.05,10,0,0,0,3,14,1,0.05,100,0,0,0,0,0,0,0,0,0,0,0,0,0,0,0,0,0,0,0,0,0,0,0,0,0,0,0,0,0,0,0,0,0,0,0,0,0,0,0,0,0,0,0,0,0,0,0,0,0,0,0
1989,239,23,11,23.479,2,8,1,0,1,0,1,1,25,1012,1012,1012,1016,0,0,0,0,0,1,1,0,0,0,413.620135,0,0,0,0,3,1,1,0.05,10,0,0,0,3,14,1,0.05,100,0,0,0,0,0,0,0,0,0,0,0,0,0,0,0,0,0,0,0,0,0,0,0,0,0,0,0,0,0,0,0,0,0,0,0,0,0,0,0,0,0,0,0,0,0,0,0,0,0,0,0
1989,239,23,11,59.238,2,8,1,0,0,0,1,1,25,1012,1012,1012,1016,0,0,0,0,0,1,1,0,0,0,413.6798199,0,0,0,0,3,1,1,0.05,10,0,0,0,3,14,1,0.05,100,0,0,0,0,0,0,0,0,0,0,0,0,0,0,0,0,0,0,0,0,0,0,0,0,0,0,0,0,0,0,0,0,0,0,0,0,0,0,0,0,0,0,0,0,0,0,0,0,0,0,0
1989,239,23,12,11.478,2,8,1,0,1,0,1,1,25,1012,1012,1012,1016,0,0,0,0,0,1,1,0,0,0,413.7002495,0,0,0,0,3,1,1,0.05,10,0,0,0,3,14,1,0.05,100,0,0,0,0,0,0,0,0,0,0,0,0,0,0,0,0,0,0,0,0,0,0,0,0,0,0,0,0,0,0,0,0,0,0,0,0,0,0,0,0,0,0,0,0,0,0,0,0,0,0,0
1989,239,23,12,47.238,2,8,1,0,0,0,1,1,25,1012,1012,1012,1016,0,0,0,0,0,1,1,0,0,0,413.7599359,0,0,0,0,3,1,1,0.05,10,0,0,0,3,14,1,0.05,100,0,0,0,0,0,0,0,0,0,0,0,0,0,0,0,0,0,0,0,0,0,0,0,0,0,0,0,0,0,0,0,0,0,0,0,0,0,0,0,0,0,0,0,0,0,0,0,0,0,0,0
1989,239,23,12,59.478,2,8,1,0,1,0,1,1,25,1012,1012,1012,1016,0,0,0,0,0,1,1,0,0,0,413.7803655,0,0,0,0,3,1,1,0.05,10,0,0,0,3,14,1,0.05,100,0,0,0,0,0,0,0,0,0,0,0,0,0,0,0,0,0,0,0,0,0,0,0,0,0,0,0,0,0,0,0,0,0,0,0,0,0,0,0,0,0,0,0,0,0,0,0,0,0,0,0
1989,239,23,13,35.238,2,8,1,0,0,0,1,1,25,1012,1012,1012,1016,0,0,0,0,0,1,1,0,0,0,413.8400519,0,0,0,0,3,1,1,0.05,10,0,0,0,3,14,1,0.05,100,0,0,0,0,0,0,0,0,0,0,0,0,0,0,0,0,0,0,0,0,0,0,0,0,0,0,0,0,0,0,0,0,0,0,0,0,0,0,0,0,0,0,0,0,0,0,0,0,0,0,0
1989,239,23,13,47.478,2,8,1,0,1,0,1,1,25,1012,1012,1012,1016,0,0,0,0,0,1,1,0,0,0,413.8604814,0,0,0,0,3,1,1,0.05,10,0,0,0,3,14,1,0.05,100,0,0,0,0,0,0,0,0,0,0,0,0,0,0,0,0,0,0,0,0,0,0,0,0,0,0,0,0,0,0,0,0,0,0,0,0,0,0,0,0,0,0,0,0,0,0,0,0,0,0,0
1989,239,23,14,23.237,2,8,1,0,0,0,1,1,25,1012,1012,1012,1016,0,0,0,0,0,1,1,0,0,0,413.9201661,0,0,0,0,3,1,1,0.05,10,0,0,0,3,14,1,0.05,100,0,0,0,0,0,0,0,0,0,0,0,0,0,0,0,0,0,0,0,0,0,0,0,0,0,0,0,0,0,0,0,0,0,0,0,0,0,0,0,0,0,0,0,0,0,0,0,0,0,0,0
1989,239,23,14,35.478,2,8,1,0,1,0,1,1,25,1012,1012,1012,1016,0,0,0,0,0,1,1,0,0,0,413.9405973,0,0,0,0,3,1,1,0.05,10,0,0,0,3,14,1,0.05,100,0,0,0,0,0,0,0,0,0,0,0,0,0,0,0,0,0,0,0,0,0,0,0,0,0,0,0,0,0,0,0,0,0,0,0,0,0,0,0,0,0,0,0,0,0,0,0,0,0,0,0
1989,239,23,15,11.238,2,8,1,0,0,0,1,1,25,1012,1012,1012,1016,0,0,0,0,0,1,1,0,0,0,414.0002835,0,0,0,0,3,1,1,0.05,10,0,0,0,3,14,1,0.05,100,0,0,0,0,0,0,0,0,0,0,0,0,0,0,0,0,0,0,0,0,0,0,0,0,0,0,0,0,0,0,0,0,0,0,0,0,0,0,0,0,0,0,0,0,0,0,0,0,0,0,0
1989,239,23,15,23.478,2,8,1,0,1,0,1,1,25,1012,1012,1012,1016,0,0,0,0,0,1,1,0,0,0,414.020713,0,0,0,0,3,1,1,0.05,10,0,0,0,3,14,1,0.05,100,0,0,0,0,0,0,0,0,0,0,0,0,0,0,0,0,0,0,0,0,0,0,0,0,0,0,0,0,0,0,0,0,0,0,0,0,0,0,0,0,0,0,0,0,0,0,0,0,0,0,0
1989,239,23,18,2.837,2,8,1,0,1,0,1,1,25,1012,1012,1012,1016,0,0,0,0,0,1,1,0,0,0,414.286695,0,0,0,0,3,1,1,0.05,10,0,0,0,3,14,1,0.05,100,0,0,0,0,0,0,0,0,0,0,0,0,0,0,0,0,0,0,0,0,0,0,0,0,0,0,0,0,0,0,0,0,0,0,0,0,0,0,0,0,0,0,0,0,0,0,0,0,0,0,0
1989,239,23,18,23.237,2,8,1,0,0,0,1,1,25,1012,1012,1012,1016,0,0,0,0,0,1,1,0,0,0,414.320744,0,0,0,0,3,1,1,0.05,10,0,0,0,3,14,1,0.05,100,0,0,0,0,0,0,0,0,0,0,0,0,0,0,0,0,0,0,0,0,0,0,0,0,0,0,0,0,0,0,0,0,0,0,0,0,0,0,0,0,0,0,0,0,0,0,0,0,0,0,0
1989,239,23,18,35.478,2,8,1,0,1,0,1,1,25,1012,1012,1012,1016,0,0,0,0,0,1,1,0,0,0,414.3411751,0,0,0,0,3,1,1,0.05,10,0,0,0,3,14,1,0.05,100,0,0,0,0,0,0,0,0,0,0,0,0,0,0,0,0,0,0,0,0,0,0,0,0,0,0,0,0,0,0,0,0,0,0,0,0,0,0,0,0,0,0,0,0,0,0,0,0,0,0,0
1989,239,23,19,11.238,2,8,1,0,0,0,1,1,25,1012,1012,1012,1016,0,0,0,0,0,1,1,0,0,0,414.400861,0,0,0,0,3,1,1,0.05,10,0,0,0,3,14,1,0.05,100,0,0,0,0,0,0,0,0,0,0,0,0,0,0,0,0,0,0,0,0,0,0,0,0,0,0,0,0,0,0,0,0,0,0,0,0,0,0,0,0,0,0,0,0,0,0,0,0,0,0,0
1989,239,23,19,23.478,2,8,1,0,1,0,1,1,25,1012,1012,1012,1016,0,0,0,0,0,1,1,0,0,0,414.4212904,0,0,0,0,3,1,1,0.05,10,0,0,0,3,14,1,0.05,100,0,0,0,0,0,0,0,0,0,0,0,0,0,0,0,0,0,0,0,0,0,0,0,0,0,0,0,0,0,0,0,0,0,0,0,0,0,0,0,0,0,0,0,0,0,0,0,0,0,0,0
1989,239,23,19,59.238,2,8,1,0,0,0,1,1,25,1012,1012,1012,1016,0,0,0,0,0,1,1,0,0,0,414.4809762,0,0,0,0,3,1,1,0.05,10,0,0,0,3,14,1,0.05,100,0,0,0,0,0,0,0,0,0,0,0,0,0,0,0,0,0,0,0,0,0,0,0,0,0,0,0,0,0,0,0,0,0,0,0,0,0,0,0,0,0,0,0,0,0,0,0,0,0,0,0
1989,239,23,20,11.478,2,8,1,0,1,0,1,1,25,1012,1012,1012,1016,0,0,0,0,0,1,1,0,0,0,414.5014056,0,0,0,0,3,1,1,0.05,10,0,0,0,3,14,1,0.05,100,0,0,0,0,0,0,0,0,0,0,0,0,0,0,0,0,0,0,0,0,0,0,0,0,0,0,0,0,0,0,0,0,0,0,0,0,0,0,0,0,0,0,0,0,0,0,0,0,0,0,0
1989,239,23,20,47.238,2,8,1,0,0,0,1,1,25,1012,1012,1012,1016,0,0,0,0,0,1,1,0,0,0,414.5610914,0,0,0,0,3,1,1,0.05,10,0,0,0,3,14,1,0.05,100,0,0,0,0,0,0,0,0,0,0,0,0,0,0,0,0,0,0,0,0,0,0,0,0,0,0,0,0,0,0,0,0,0,0,0,0,0,0,0,0,0,0,0,0,0,0,0,0,0,0,0
1989,239,23,20,59.478,2,8,1,0,1,0,1,1,25,1012,1012,1012,1016,0,0,0,0,0,1,1,0,0,0,414.5815207,0,0,0,0,3,1,1,0.05,10,0,0,0,3,14,1,0.05,100,0,0,0,0,0,0,0,0,0,0,0,0,0,0,0,0,0,0,0,0,0,0,0,0,0,0,0,0,0,0,0,0,0,0,0,0,0,0,0,0,0,0,0,0,0,0,0,0,0,0,0
1989,239,23,21,35.238,2,8,1,0,0,0,1,1,25,1012,1012,1012,1016,0,0,0,0,0,1,1,0,0,0,414.6412064,0,0,0,0,3,1,1,0.05,10,0,0,0,3,14,1,0.05,100,0,0,0,0,0,0,0,0,0,0,0,0,0,0,0,0,0,0,0,0,0,0,0,0,0,0,0,0,0,0,0,0,0,0,0,0,0,0,0,0,0,0,0,0,0,0,0,0,0,0,0
1989,239,23,21,47.478,2,8,1,0,1,0,1,1,25,1012,1012,1012,1016,0,0,0,0,0,1,1,0,0,0,414.6616357,0,0,0,0,3,1,1,0.05,10,0,0,0,3,14,1,0.05,100,0,0,0,0,0,0,0,0,0,0,0,0,0,0,0,0,0,0,0,0,0,0,0,0,0,0,0,0,0,0,0,0,0,0,0,0,0,0,0,0,0,0,0,0,0,0,0,0,0,0,0
1989,239,23,22,23.237,2,8,1,0,0,0,1,1,25,1012,1012,1012,1016,0,0,0,0,0,1,1,0,0,0,414.7213197,0,0,0,0,3,1,1,0.05,10,0,0,0,3,14,1,0.05,100,0,0,0,0,0,0,0,0,0,0,0,0,0,0,0,0,0,0,0,0,0,0,0,0,0,0,0,0,0,0,0,0,0,0,0,0,0,0,0,0,0,0,0,0,0,0,0,0,0,0,0
1989,239,23,22,35.478,2,8,1,0,1,0,1,1,25,1012,1012,1012,1016,0,0,0,0,0,1,1,0,0,0,414.7417507,0,0,0,0,3,1,1,0.05,10,0,0,0,3,14,1,0.05,100,0,0,0,0,0,0,0,0,0,0,0,0,0,0,0,0,0,0,0,0,0,0,0,0,0,0,0,0,0,0,0,0,0,0,0,0,0,0,0,0,0,0,0,0,0,0,0,0,0,0,0
1989,239,23,23,11.238,2,8,1,0,0,0,1,1,25,1012,1012,1012,1016,0,0,0,0,0,1,1,0,0,0,414.8014362,0,0,0,0,3,1,1,0.05,10,0,0,0,3,14,1,0.05,100,0,0,0,0,0,0,0,0,0,0,0,0,0,0,0,0,0,0,0,0,0,0,0,0,0,0,0,0,0,0,0,0,0,0,0,0,0,0,0,0,0,0,0,0,0,0,0,0,0,0,0
1989,239,23,23,23.478,2,8,1,0,1,0,1,1,25,1012,1012,1012,1016,0,0,0,0,0,1,1,0,0,0,414.8218655,0,0,0,0,3,1,1,0.05,10,0,0,0,3,14,1,0.05,100,0,0,0,0,0,0,0,0,0,0,0,0,0,0,0,0,0,0,0,0,0,0,0,0,0,0,0,0,0,0,0,0,0,0,0,0,0,0,0,0,0,0,0,0,0,0,0,0,0,0,0
1989,239,23,23,59.238,2,8,1,0,0,0,1,1,25,1012,1012,1012,1016,0,0,0,0,0,1,1,0,0,0,414.881551,0,0,0,0,3,1,1,0.05,10,0,0,0,3,14,1,0.05,100,0,0,0,0,0,0,0,0,0,0,0,0,0,0,0,0,0,0,0,0,0,0,0,0,0,0,0,0,0,0,0,0,0,0,0,0,0,0,0,0,0,0,0,0,0,0,0,0,0,0,0
1989,239,23,24,11.478,2,8,1,0,1,0,1,1,25,1012,1012,1012,1016,0,0,0,0,0,1,1,0,0,0,414.9019802,0,0,0,0,3,1,1,0.05,10,0,0,0,3,14,1,0.05,100,0,0,0,0,0,0,0,0,0,0,0,0,0,0,0,0,0,0,0,0,0,0,0,0,0,0,0,0,0,0,0,0,0,0,0,0,0,0,0,0,0,0,0,0,0,0,0,0,0,0,0
1989,239,23,24,47.238,2,8,1,0,0,0,1,1,25,1012,1012,1012,1016,0,0,0,0,0,1,1,0,0,0,414.9616657,0,0,0,0,3,1,1,0.05,10,0,0,0,3,14,1,0.05,100,0,0,0,0,0,0,0,0,0,0,0,0,0,0,0,0,0,0,0,0,0,0,0,0,0,0,0,0,0,0,0,0,0,0,0,0,0,0,0,0,0,0,0,0,0,0,0,0,0,0,0
1989,239,23,24,59.478,2,8,1,0,1,0,1,1,25,1012,1012,1012,1016,0,0,0,0,0,1,1,0,0,0,414.9820949,0,0,0,0,3,1,1,0.05,10,0,0,0,3,14,1,0.05,100,0,0,0,0,0,0,0,0,0,0,0,0,0,0,0,0,0,0,0,0,0,0,0,0,0,0,0,0,0,0,0,0,0,0,0,0,0,0,0,0,0,0,0,0,0,0,0,0,0,0,0
1989,239,23,25,35.237,2,8,1,0,0,0,1,1,25,1012,1012,1012,1016,0,0,0,0,0,1,1,0,0,0,415.0417786,0,0,0,0,3,1,1,0.05,10,0,0,0,3,14,1,0.05,100,0,0,0,0,0,0,0,0,0,0,0,0,0,0,0,0,0,0,0,0,0,0,0,0,0,0,0,0,0,0,0,0,0,0,0,0,0,0,0,0,0,0,0,0,0,0,0,0,0,0,0
1989,239,23,25,47.476,2,8,1,0,1,0,1,1,25,1012,1012,1012,1016,0,0,0,0,0,1,1,0,0,0,415.0622061,0,0,0,0,3,1,1,0.05,10,0,0,0,3,14,1,0.05,100,0,0,0,0,0,0,0,0,0,0,0,0,0,0,0,0,0,0,0,0,0,0,0,0,0,0,0,0,0,0,0,0,0,0,0,0,0,0,0,0,0,0,0,0,0,0,0,0,0,0,0
1989,239,23,26,23.237,2,8,1,0,0,0,1,1,25,1012,1012,1012,1016,0,0,0,0,0,1,1,0,0,0,415.1218931,0,0,0,0,3,1,1,0.05,10,0,0,0,3,14,1,0.05,100,0,0,0,0,0,0,0,0,0,0,0,0,0,0,0,0,0,0,0,0,0,0,0,0,0,0,0,0,0,0,0,0,0,0,0,0,0,0,0,0,0,0,0,0,0,0,0,0,0,0,0
1989,239,23,26,35.477,2,8,1,0,1,0,1,1,25,1012,1012,1012,1016,0,0,0,0,0,1,1,0,0,0,415.1423223,0,0,0,0,3,1,1,0.05,10,0,0,0,3,14,1,0.05,100,0,0,0,0,0,0,0,0,0,0,0,0,0,0,0,0,0,0,0,0,0,0,0,0,0,0,0,0,0,0,0,0,0,0,0,0,0,0,0,0,0,0,0,0,0,0,0,0,0,0,0
1989,239,23,27,11.237,2,8,1,0,0,0,1,1,25,1012,1012,1012,1016,0,0,0,0,0,1,1,0,0,0,415.2020075,0,0,0,0,3,1,1,0.05,10,0,0,0,3,14,1,0.05,100,0,0,0,0,0,0,0,0,0,0,0,0,0,0,0,0,0,0,0,0,0,0,0,0,0,0,0,0,0,0,0,0,0,0,0,0,0,0,0,0,0,0,0,0,0,0,0,0,0,0,0
1989,239,23,27,23.477,2,8,1,0,1,0,1,1,25,1012,1012,1012,1016,0,0,0,0,0,1,1,0,0,0,415.2224367,0,0,0,0,3,1,1,0.05,10,0,0,0,3,14,1,0.05,100,0,0,0,0,0,0,0,0,0,0,0,0,0,0,0,0,0,0,0,0,0,0,0,0,0,0,0,0,0,0,0,0,0,0,0,0,0,0,0,0,0,0,0,0,0,0,0,0,0,0,0
1989,239,23,30,2.836,2,8,1,0,1,0,1,1,25,1012,1012,1012,1016,0,0,0,0,0,1,1,0,0,0,415.4884141,0,0,0,0,3,1,1,0.05,10,0,0,0,3,14,1,0.05,100,0,0,0,0,0,0,0,0,0,0,0,0,0,0,0,0,0,0,0,0,0,0,0,0,0,0,0,0,0,0,0,0,0,0,0,0,0,0,0,0,0,0,0,0,0,0,0,0,0,0,0
1989,239,23,30,23.237,2,8,1,0,0,0,1,1,25,1012,1012,1012,1016,0,0,0,0,0,1,1,0,0,0,415.5224643,0,0,0,0,3,1,1,0.05,10,0,0,0,3,14,1,0.05,100,0,0,0,0,0,0,0,0,0,0,0,0,0,0,0,0,0,0,0,0,0,0,0,0,0,0,0,0,0,0,0,0,0,0,0,0,0,0,0,0,0,0,0,0,0,0,0,0,0,0,0
1989,239,23,30,35.477,2,8,1,0,1,0,1,1,25,1012,1012,1012,1016,0,0,0,0,0,1,1,0,0,0,415.5428933,0,0,0,0,3,1,1,0.05,10,0,0,0,3,14,1,0.05,100,0,0,0,0,0,0,0,0,0,0,0,0,0,0,0,0,0,0,0,0,0,0,0,0,0,0,0,0,0,0,0,0,0,0,0,0,0,0,0,0,0,0,0,0,0,0,0,0,0,0,0
1989,239,23,31,11.237,2,8,1,0,0,0,1,1,25,1012,1012,1012,1016,0,0,0,0,0,1,1,0,0,0,415.6025782,0,0,0,0,3,1,1,0.05,10,0,0,0,3,14,1,0.05,100,0,0,0,0,0,0,0,0,0,0,0,0,0,0,0,0,0,0,0,0,0,0,0,0,0,0,0,0,0,0,0,0,0,0,0,0,0,0,0,0,0,0,0,0,0,0,0,0,0,0,0
1989,239,23,31,23.477,2,8,1,0,1,0,1,1,25,1012,1012,1012,1016,0,0,0,0,0,1,1,0,0,0,415.6230073,0,0,0,0,3,1,1,0.05,10,0,0,0,3,14,1,0.05,100,0,0,0,0,0,0,0,0,0,0,0,0,0,0,0,0,0,0,0,0,0,0,0,0,0,0,0,0,0,0,0,0,0,0,0,0,0,0,0,0,0,0,0,0,0,0,0,0,0,0,0
1989,239,23,31,59.237,2,8,1,0,0,0,1,1,25,1012,1012,1012,1016,0,0,0,0,0,1,1,0,0,0,415.6826921,0,0,0,0,3,1,1,0.05,10,0,0,0,3,14,1,0.05,100,0,0,0,0,0,0,0,0,0,0,0,0,0,0,0,0,0,0,0,0,0,0,0,0,0,0,0,0,0,0,0,0,0,0,0,0,0,0,0,0,0,0,0,0,0,0,0,0,0,0,0
1989,239,23,32,11.477,2,8,1,0,1,0,1,1,25,1012,1012,1012,1016,0,0,0,0,0,1,1,0,0,0,415.7031211,0,0,0,0,3,1,1,0.05,10,0,0,0,3,14,1,0.05,100,0,0,0,0,0,0,0,0,0,0,0,0,0,0,0,0,0,0,0,0,0,0,0,0,0,0,0,0,0,0,0,0,0,0,0,0,0,0,0,0,0,0,0,0,0,0,0,0,0,0,0
1989,239,23,32,47.237,2,8,1,0,0,0,1,1,25,1012,1012,1012,1016,0,0,0,0,0,1,1,0,0,0,415.7628059,0,0,0,0,3,1,1,0.05,10,0,0,0,3,14,1,0.05,100,0,0,0,0,0,0,0,0,0,0,0,0,0,0,0,0,0,0,0,0,0,0,0,0,0,0,0,0,0,0,0,0,0,0,0,0,0,0,0,0,0,0,0,0,0,0,0,0,0,0,0
1989,239,23,32,59.476,2,8,1,0,1,0,1,1,25,1012,1012,1012,1016,0,0,0,0,0,1,1,0,0,0,415.7832332,0,0,0,0,3,1,1,0.05,10,0,0,0,3,14,1,0.05,100,0,0,0,0,0,0,0,0,0,0,0,0,0,0,0,0,0,0,0,0,0,0,0,0,0,0,0,0,0,0,0,0,0,0,0,0,0,0,0,0,0,0,0,0,0,0,0,0,0,0,0
1989,239,23,33,35.237,2,8,1,0,0,0,1,1,25,1012,1012,1012,1016,0,0,0,0,0,1,1,0,0,0,415.8429196,0,0,0,0,3,1,1,0.05,10,0,0,0,3,14,1,0.05,100,0,0,0,0,0,0,0,0,0,0,0,0,0,0,0,0,0,0,0,0,0,0,0,0,0,0,0,0,0,0,0,0,0,0,0,0,0,0,0,0,0,0,0,0,0,0,0,0,0,0,0
1989,239,23,33,47.476,2,8,1,0,1,0,1,1,25,1012,1012,1012,1016,0,0,0,0,0,1,1,0,0,0,415.8633469,0,0,0,0,3,1,1,0.05,10,0,0,0,3,14,1,0.05,100,0,0,0,0,0,0,0,0,0,0,0,0,0,0,0,0,0,0,0,0,0,0,0,0,0,0,0,0,0,0,0,0,0,0,0,0,0,0,0,0,0,0,0,0,0,0,0,0,0,0,0
1989,239,23,34,23.237,2,8,1,0,0,0,1,1,25,1012,1012,1012,1016,0,0,0,0,0,1,1,0,0,0,415.9230332,0,0,0,0,3,1,1,0.05,10,0,0,0,3,14,1,0.05,100,0,0,0,0,0,0,0,0,0,0,0,0,0,0,0,0,0,0,0,0,0,0,0,0,0,0,0,0,0,0,0,0,0,0,0,0,0,0,0,0,0,0,0,0,0,0,0,0,0,0,0
1989,239,23,34,35.477,2,8,1,0,1,0,1,1,25,1012,1012,1012,1016,0,0,0,0,0,1,1,0,0,0,415.9434621,0,0,0,0,3,1,1,0.05,10,0,0,0,3,14,1,0.05,100,0,0,0,0,0,0,0,0,0,0,0,0,0,0,0,0,0,0,0,0,0,0,0,0,0,0,0,0,0,0,0,0,0,0,0,0,0,0,0,0,0,0,0,0,0,0,0,0,0,0,0
1989,239,23,35,11.237,2,8,1,0,0,0,1,1,25,1012,1012,1012,1016,0,0,0,0,0,1,1,0,0,0,416.0031467,0,0,0,0,3,1,1,0.05,10,0,0,0,3,14,1,0.05,100,0,0,0,0,0,0,0,0,0,0,0,0,0,0,0,0,0,0,0,0,0,0,0,0,0,0,0,0,0,0,0,0,0,0,0,0,0,0,0,0,0,0,0,0,0,0,0,0,0,0,0
1989,239,23,35,23.477,2,8,1,0,1,0,1,1,25,1012,1012,1012,1016,0,0,0,0,0,1,1,0,0,0,416.0235756,0,0,0,0,3,1,1,0.05,10,0,0,0,3,14,1,0.05,100,0,0,0,0,0,0,0,0,0,0,0,0,0,0,0,0,0,0,0,0,0,0,0,0,0,0,0,0,0,0,0,0,0,0,0,0,0,0,0,0,0,0,0,0,0,0,0,0,0,0,0
1989,239,23,35,59.237,2,8,1,0,0,0,1,1,25,1012,1012,1012,1016,0,0,0,0,0,1,1,0,0,0,416.0832601,0,0,0,0,3,1,1,0.05,10,0,0,0,3,14,1,0.05,100,0,0,0,0,0,0,0,0,0,0,0,0,0,0,0,0,0,0,0,0,0,0,0,0,0,0,0,0,0,0,0,0,0,0,0,0,0,0,0,0,0,0,0,0,0,0,0,0,0,0,0
1989,239,23,36,11.477,2,8,1,0,1,0,1,1,25,1012,1012,1012,1016,0,0,0,0,0,1,1,0,0,0,416.103689,0,0,0,0,3,1,1,0.05,10,0,0,0,3,14,1,0.05,100,0,0,0,0,0,0,0,0,0,0,0,0,0,0,0,0,0,0,0,0,0,0,0,0,0,0,0,0,0,0,0,0,0,0,0,0,0,0,0,0,0,0,0,0,0,0,0,0,0,0,0
1989,239,23,36,47.237,2,8,1,0,0,0,1,1,25,1012,1012,1012,1016,0,0,0,0,0,1,1,0,0,0,416.1633735,0,0,0,0,3,1,1,0.05,10,0,0,0,3,14,1,0.05,100,0,0,0,0,0,0,0,0,0,0,0,0,0,0,0,0,0,0,0,0,0,0,0,0,0,0,0,0,0,0,0,0,0,0,0,0,0,0,0,0,0,0,0,0,0,0,0,0,0,0,0
1989,239,23,36,59.476,2,8,1,0,1,0,1,1,25,1012,1012,1012,1016,0,0,0,0,0,1,1,0,0,0,416.1838007,0,0,0,0,3,1,1,0.05,10,0,0,0,3,14,1,0.05,100,0,0,0,0,0,0,0,0,0,0,0,0,0,0,0,0,0,0,0,0,0,0,0,0,0,0,0,0,0,0,0,0,0,0,0,0,0,0,0,0,0,0,0,0,0,0,0,0,0,0,0
1989,239,23,37,35.237,2,8,1,0,0,0,1,1,25,1012,1012,1012,1016,0,0,0,0,0,1,1,0,0,0,416.2434867,0,0,0,0,3,1,1,0.05,10,0,0,0,3,14,1,0.05,100,0,0,0,0,0,0,0,0,0,0,0,0,0,0,0,0,0,0,0,0,0,0,0,0,0,0,0,0,0,0,0,0,0,0,0,0,0,0,0,0,0,0,0,0,0,0,0,0,0,0,0
1989,239,23,37,47.476,2,8,1,0,1,0,1,1,25,1012,1012,1012,1016,0,0,0,0,0,1,1,0,0,0,416.2639139,0,0,0,0,3,1,1,0.05,10,0,0,0,3,14,1,0.05,100,0,0,0,0,0,0,0,0,0,0,0,0,0,0,0,0,0,0,0,0,0,0,0,0,0,0,0,0,0,0,0,0,0,0,0,0,0,0,0,0,0,0,0,0,0,0,0,0,0,0,0
1989,239,23,38,23.235,2,8,1,0,0,0,1,1,25,1012,1012,1012,1016,0,0,0,0,0,1,1,0,0,0,416.3235965,0,0,0,0,3,1,1,0.05,10,0,0,0,3,14,1,0.05,100,0,0,0,0,0,0,0,0,0,0,0,0,0,0,0,0,0,0,0,0,0,0,0,0,0,0,0,0,0,0,0,0,0,0,0,0,0,0,0,0,0,0,0,0,0,0,0,0,0,0,0
1989,239,23,38,35.475,2,8,1,0,1,0,1,1,25,1012,1012,1012,1016,0,0,0,0,0,1,1,0,0,0,416.3440254,0,0,0,0,3,1,1,0.05,10,0,0,0,3,14,1,0.05,100,0,0,0,0,0,0,0,0,0,0,0,0,0,0,0,0,0,0,0,0,0,0,0,0,0,0,0,0,0,0,0,0,0,0,0,0,0,0,0,0,0,0,0,0,0,0,0,0,0,0,0
1989,239,23,39,11.236,2,8,1,0,0,0,1,1,25,1012,1012,1012,1016,0,0,0,0,0,1,1,0,0,0,416.4037113,0,0,0,0,3,1,1,0.05,10,0,0,0,3,14,1,0.05,100,0,0,0,0,0,0,0,0,0,0,0,0,0,0,0,0,0,0,0,0,0,0,0,0,0,0,0,0,0,0,0,0,0,0,0,0,0,0,0,0,0,0,0,0,0,0,0,0,0,0,0
1989,239,23,39,23.476,2,8,1,0,1,0,1,1,25,1012,1012,1012,1016,0,0,0,0,0,1,1,0,0,0,416.4241401,0,0,0,0,3,1,1,0.05,10,0,0,0,3,14,1,0.05,100,0,0,0,0,0,0,0,0,0,0,0,0,0,0,0,0,0,0,0,0,0,0,0,0,0,0,0,0,0,0,0,0,0,0,0,0,0,0,0,0,0,0,0,0,0,0,0,0,0,0,0
1989,239,23,42,2.835,2,8,1,0,1,0,1,1,25,1012,1012,1012,1016,0,0,0,0,0,1,1,0,0,0,416.6901131,0,0,0,0,3,1,1,0.05,10,0,0,0,3,14,1,0.05,100,0,0,0,0,0,0,0,0,0,0,0,0,0,0,0,0,0,0,0,0,0,0,0,0,0,0,0,0,0,0,0,0,0,0,0,0,0,0,0,0,0,0,0,0,0,0,0,0,0,0,0
1989,239,23,42,23.235,2,8,1,0,0,0,1,1,25,1012,1012,1012,1016,0,0,0,0,0,1,1,0,0,0,416.724161,0,0,0,0,3,1,1,0.05,10,0,0,0,3,14,1,0.05,100,0,0,0,0,0,0,0,0,0,0,0,0,0,0,0,0,0,0,0,0,0,0,0,0,0,0,0,0,0,0,0,0,0,0,0,0,0,0,0,0,0,0,0,0,0,0,0,0,0,0,0
1989,239,23,42,35.475,2,8,1,0,1,0,1,1,25,1012,1012,1012,1016,0,0,0,0,0,1,1,0,0,0,416.7445897,0,0,0,0,3,1,1,0.05,10,0,0,0,3,14,1,0.05,100,0,0,0,0,0,0,0,0,0,0,0,0,0,0,0,0,0,0,0,0,0,0,0,0,0,0,0,0,0,0,0,0,0,0,0,0,0,0,0,0,0,0,0,0,0,0,0,0,0,0,0
1989,239,23,43,11.236,2,8,1,0,0,0,1,1,25,1012,1012,1012,1016,0,0,0,0,0,1,1,0,0,0,416.8042752,0,0,0,0,3,1,1,0.05,10,0,0,0,3,14,1,0.05,100,0,0,0,0,0,0,0,0,0,0,0,0,0,0,0,0,0,0,0,0,0,0,0,0,0,0,0,0,0,0,0,0,0,0,0,0,0,0,0,0,0,0,0,0,0,0,0,0,0,0,0
1989,239,23,43,23.476,2,8,1,0,1,0,1,1,25,1012,1012,1012,1016,0,0,0,0,0,1,1,0,0,0,416.8247039,0,0,0,0,3,1,1,0.05,10,0,0,0,3,14,1,0.05,100,0,0,0,0,0,0,0,0,0,0,0,0,0,0,0,0,0,0,0,0,0,0,0,0,0,0,0,0,0,0,0,0,0,0,0,0,0,0,0,0,0,0,0,0,0,0,0,0,0,0,0
1989,239,23,43,59.236,2,8,1,0,0,0,1,1,25,1012,1012,1012,1016,0,0,0,0,0,1,1,0,0,0,416.8843878,0,0,0,0,3,1,1,0.05,10,0,0,0,3,14,1,0.05,100,0,0,0,0,0,0,0,0,0,0,0,0,0,0,0,0,0,0,0,0,0,0,0,0,0,0,0,0,0,0,0,0,0,0,0,0,0,0,0,0,0,0,0,0,0,0,0,0,0,0,0
1989,239,23,44,11.476,2,8,1,0,1,0,1,1,25,1012,1012,1012,1016,0,0,0,0,0,1,1,0,0,0,416.9048165,0,0,0,0,3,1,1,0.05,10,0,0,0,3,14,1,0.05,100,0,0,0,0,0,0,0,0,0,0,0,0,0,0,0,0,0,0,0,0,0,0,0,0,0,0,0,0,0,0,0,0,0,0,0,0,0,0,0,0,0,0,0,0,0,0,0,0,0,0,0
1989,239,23,44,47.236,2,8,1,0,0,0,1,1,25,1012,1012,1012,1016,0,0,0,0,0,1,1,0,0,0,416.9645002,0,0,0,0,3,1,1,0.05,10,0,0,0,3,14,1,0.05,100,0,0,0,0,0,0,0,0,0,0,0,0,0,0,0,0,0,0,0,0,0,0,0,0,0,0,0,0,0,0,0,0,0,0,0,0,0,0,0,0,0,0,0,0,0,0,0,0,0,0,0
1989,239,23,44,59.475,2,8,1,0,1,0,1,1,25,1012,1012,1012,1016,0,0,0,0,0,1,1,0,0,0,416.9849272,0,0,0,0,3,1,1,0.05,10,0,0,0,3,14,1,0.05,100,0,0,0,0,0,0,0,0,0,0,0,0,0,0,0,0,0,0,0,0,0,0,0,0,0,0,0,0,0,0,0,0,0,0,0,0,0,0,0,0,0,0,0,0,0,0,0,0,0,0,0
1989,239,23,45,35.236,2,8,1,0,0,0,1,1,25,1012,1012,1012,1016,0,0,0,0,0,1,1,0,0,0,417.0446126,0,0,0,0,3,1,1,0.05,10,0,0,0,3,14,1,0.05,100,0,0,0,0,0,0,0,0,0,0,0,0,0,0,0,0,0,0,0,0,0,0,0,0,0,0,0,0,0,0,0,0,0,0,0,0,0,0,0,0,0,0,0,0,0,0,0,0,0,0,0
1989,239,23,45,47.475,2,8,1,0,1,0,1,1,25,1012,1012,1012,1016,0,0,0,0,0,1,1,0,0,0,417.0650395,0,0,0,0,3,1,1,0.05,10,0,0,0,3,14,1,0.05,100,0,0,0,0,0,0,0,0,0,0,0,0,0,0,0,0,0,0,0,0,0,0,0,0,0,0,0,0,0,0,0,0,0,0,0,0,0,0,0,0,0,0,0,0,0,0,0,0,0,0,0
1989,239,23,46,23.235,2,8,1,0,0,0,1,1,25,1012,1012,1012,1016,0,0,0,0,0,1,1,0,0,0,417.1247232,0,0,0,0,3,1,1,0.05,10,0,0,0,3,14,1,0.05,100,0,0,0,0,0,0,0,0,0,0,0,0,0,0,0,0,0,0,0,0,0,0,0,0,0,0,0,0,0,0,0,0,0,0,0,0,0,0,0,0,0,0,0,0,0,0,0,0,0,0,0
1989,239,23,46,35.475,2,8,1,0,1,0,1,1,25,1012,1012,1012,1016,0,0,0,0,0,1,1,0,0,0,417.1451518,0,0,0,0,3,1,1,0.05,10,0,0,0,3,14,1,0.05,100,0,0,0,0,0,0,0,0,0,0,0,0,0,0,0,0,0,0,0,0,0,0,0,0,0,0,0,0,0,0,0,0,0,0,0,0,0,0,0,0,0,0,0,0,0,0,0,0,0,0,0
1989,239,23,47,11.236,2,8,1,0,0,0,1,1,25,1012,1012,1012,1016,0,0,0,0,0,1,1,0,0,0,417.204837,0,0,0,0,3,1,1,0.05,10,0,0,0,3,14,1,0.05,100,0,0,0,0,0,0,0,0,0,0,0,0,0,0,0,0,0,0,0,0,0,0,0,0,0,0,0,0,0,0,0,0,0,0,0,0,0,0,0,0,0,0,0,0,0,0,0,0,0,0,0
1989,239,23,47,23.476,2,8,1,0,1,0,1,1,25,1012,1012,1012,1016,0,0,0,0,0,1,1,0,0,0,417.2252656,0,0,0,0,3,1,1,0.05,10,0,0,0,3,14,1,0.05,100,0,0,0,0,0,0,0,0,0,0,0,0,0,0,0,0,0,0,0,0,0,0,0,0,0,0,0,0,0,0,0,0,0,0,0,0,0,0,0,0,0,0,0,0,0,0,0,0,0,0,0
1989,239,23,47,59.236,2,8,1,0,0,0,1,1,25,1012,1012,1012,1016,0,0,0,0,0,1,1,0,0,0,417.2849491,0,0,0,0,3,1,1,0.05,10,0,0,0,3,14,1,0.05,100,0,0,0,0,0,0,0,0,0,0,0,0,0,0,0,0,0,0,0,0,0,0,0,0,0,0,0,0,0,0,0,0,0,0,0,0,0,0,0,0,0,0,0,0,0,0,0,0,0,0,0
1989,239,23,48,11.476,2,8,1,0,1,0,1,1,25,1012,1012,1012,1016,0,0,0,0,0,1,1,0,0,0,417.3053776,0,0,0,0,3,1,1,0.05,10,0,0,0,3,14,1,0.05,100,0,0,0,0,0,0,0,0,0,0,0,0,0,0,0,0,0,0,0,0,0,0,0,0,0,0,0,0,0,0,0,0,0,0,0,0,0,0,0,0,0,0,0,0,0,0,0,0,0,0,0
1989,239,23,48,47.236,2,8,1,0,0,0,1,1,25,1012,1012,1012,1016,0,0,0,0,0,1,1,0,0,0,417.3650611,0,0,0,0,3,1,1,0.05,10,0,0,0,3,14,1,0.05,100,0,0,0,0,0,0,0,0,0,0,0,0,0,0,0,0,0,0,0,0,0,0,0,0,0,0,0,0,0,0,0,0,0,0,0,0,0,0,0,0,0,0,0,0,0,0,0,0,0,0,0
1989,239,23,48,59.475,2,8,1,0,1,0,1,1,25,1012,1012,1012,1016,0,0,0,0,0,1,1,0,0,0,417.3854879,0,0,0,0,3,1,1,0.05,10,0,0,0,3,14,1,0.05,100,0,0,0,0,0,0,0,0,0,0,0,0,0,0,0,0,0,0,0,0,0,0,0,0,0,0,0,0,0,0,0,0,0,0,0,0,0,0,0,0,0,0,0,0,0,0,0,0,0,0,0
1989,239,23,49,35.236,2,8,1,0,0,0,1,1,25,1012,1012,1012,1016,0,0,0,0,0,1,1,0,0,0,417.445173,0,0,0,0,3,1,1,0.05,10,0,0,0,3,14,1,0.05,100,0,0,0,0,0,0,0,0,0,0,0,0,0,0,0,0,0,0,0,0,0,0,0,0,0,0,0,0,0,0,0,0,0,0,0,0,0,0,0,0,0,0,0,0,0,0,0,0,0,0,0
1989,239,23,49,47.475,2,8,1,0,1,0,1,1,25,1012,1012,1012,1016,0,0,0,0,0,1,1,0,0,0,417.4655998,0,0,0,0,3,1,1,0.05,10,0,0,0,3,14,1,0.05,100,0,0,0,0,0,0,0,0,0,0,0,0,0,0,0,0,0,0,0,0,0,0,0,0,0,0,0,0,0,0,0,0,0,0,0,0,0,0,0,0,0,0,0,0,0,0,0,0,0,0,0
1989,239,23,50,23.235,2,8,1,0,0,0,1,1,25,1012,1012,1012,1016,0,0,0,0,0,1,1,0,0,0,417.5252831,0,0,0,0,3,1,1,0.05,10,0,0,0,3,14,1,0.05,100,0,0,0,0,0,0,0,0,0,0,0,0,0,0,0,0,0,0,0,0,0,0,0,0,0,0,0,0,0,0,0,0,0,0,0,0,0,0,0,0,0,0,0,0,0,0,0,0,0,0,0
1989,239,23,50,35.475,2,8,1,0,1,0,1,1,25,1012,1012,1012,1016,0,0,0,0,0,1,1,0,0,0,417.5457116,0,0,0,0,3,1,1,0.05,10,0,0,0,3,14,1,0.05,100,0,0,0,0,0,0,0,0,0,0,0,0,0,0,0,0,0,0,0,0,0,0,0,0,0,0,0,0,0,0,0,0,0,0,0,0,0,0,0,0,0,0,0,0,0,0,0,0,0,0,0
1989,239,23,51,11.235,2,8,1,0,0,0,1,1,25,1012,1012,1012,1016,0,0,0,0,0,1,1,0,0,0,417.6053948,0,0,0,0,3,1,1,0.05,10,0,0,0,3,14,1,0.05,100,0,0,0,0,0,0,0,0,0,0,0,0,0,0,0,0,0,0,0,0,0,0,0,0,0,0,0,0,0,0,0,0,0,0,0,0,0,0,0,0,0,0,0,0,0,0,0,0,0,0,0
1989,239,23,51,23.475,2,8,1,0,1,0,1,1,25,1012,1012,1012,1016,0,0,0,0,0,1,1,0,0,0,417.6258233,0,0,0,0,3,1,1,0.05,10,0,0,0,3,14,1,0.05,100,0,0,0,0,0,0,0,0,0,0,0,0,0,0,0,0,0,0,0,0,0,0,0,0,0,0,0,0,0,0,0,0,0,0,0,0,0,0,0,0,0,0,0,0,0,0,0,0,0,0,0
1989,239,23,54,2.834,2,8,1,0,1,0,1,1,25,1012,1012,1012,1016,0,0,0,0,0,1,1,0,0,0,417.8917919,0,0,0,0,3,1,1,0.05,10,0,0,0,3,14,1,0.05,100,0,0,0,0,0,0,0,0,0,0,0,0,0,0,0,0,0,0,0,0,0,0,0,0,0,0,0,0,0,0,0,0,0,0,0,0,0,0,0,0,0,0,0,0,0,0,0,0,0,0,0
1989,239,23,54,23.234,2,8,1,0,0,0,1,1,25,1012,1012,1012,1016,0,0,0,0,0,1,1,0,0,0,417.9258392,0,0,0,0,3,1,1,0.05,10,0,0,0,3,14,1,0.05,100,0,0,0,0,0,0,0,0,0,0,0,0,0,0,0,0,0,0,0,0,0,0,0,0,0,0,0,0,0,0,0,0,0,0,0,0,0,0,0,0,0,0,0,0,0,0,0,0,0,0,0
1989,239,23,54,35.475,2,8,1,0,1,0,1,1,25,1012,1012,1012,1016,0,0,0,0,0,1,1,0,0,0,417.9462692,0,0,0,0,3,1,1,0.05,10,0,0,0,3,14,1,0.05,100,0,0,0,0,0,0,0,0,0,0,0,0,0,0,0,0,0,0,0,0,0,0,0,0,0,0,0,0,0,0,0,0,0,0,0,0,0,0,0,0,0,0,0,0,0,0,0,0,0,0,0
1989,239,23,55,11.235,2,8,1,0,0,0,1,1,25,1012,1012,1012,1016,0,0,0,0,0,1,1,0,0,0,418.0059521,0,0,0,0,3,1,1,0.05,10,0,0,0,3,14,1,0.05,100,0,0,0,0,0,0,0,0,0,0,0,0,0,0,0,0,0,0,0,0,0,0,0,0,0,0,0,0,0,0,0,0,0,0,0,0,0,0,0,0,0,0,0,0,0,0,0,0,0,0,0
1989,239,23,55,23.475,2,8,1,0,1,0,1,1,25,1012,1012,1012,1016,0,0,0,0,0,1,1,0,0,0,418.0263805,0,0,0,0,3,1,1,0.05,10,0,0,0,3,14,1,0.05,100,0,0,0,0,0,0,0,0,0,0,0,0,0,0,0,0,0,0,0,0,0,0,0,0,0,0,0,0,0,0,0,0,0,0,0,0,0,0,0,0,0,0,0,0,0,0,0,0,0,0,0
1989,239,23,55,59.235,2,8,1,0,0,0,1,1,25,1012,1012,1012,1016,0,0,0,0,0,1,1,0,0,0,418.0860633,0,0,0,0,3,1,1,0.05,10,0,0,0,3,14,1,0.05,100,0,0,0,0,0,0,0,0,0,0,0,0,0,0,0,0,0,0,0,0,0,0,0,0,0,0,0,0,0,0,0,0,0,0,0,0,0,0,0,0,0,0,0,0,0,0,0,0,0,0,0
1989,239,23,56,11.474,2,8,1,0,1,0,1,1,25,1012,1012,1012,1016,0,0,0,0,0,1,1,0,0,0,418.10649,0,0,0,0,3,1,1,0.05,10,0,0,0,3,14,1,0.05,100,0,0,0,0,0,0,0,0,0,0,0,0,0,0,0,0,0,0,0,0,0,0,0,0,0,0,0,0,0,0,0,0,0,0,0,0,0,0,0,0,0,0,0,0,0,0,0,0,0,0,0
1989,239,23,56,47.235,2,8,1,0,0,0,1,1,25,1012,1012,1012,1016,0,0,0,0,0,1,1,0,0,0,418.1661744,0,0,0,0,3,1,1,0.05,10,0,0,0,3,14,1,0.05,100,0,0,0,0,0,0,0,0,0,0,0,0,0,0,0,0,0,0,0,0,0,0,0,0,0,0,0,0,0,0,0,0,0,0,0,0,0,0,0,0,0,0,0,0,0,0,0,0,0,0,0
1989,239,23,56,59.475,2,8,1,0,1,0,1,1,25,1012,1012,1012,1016,0,0,0,0,0,1,1,0,0,0,418.1866027,0,0,0,0,3,1,1,0.05,10,0,0,0,3,14,1,0.05,100,0,0,0,0,0,0,0,0,0,0,0,0,0,0,0,0,0,0,0,0,0,0,0,0,0,0,0,0,0,0,0,0,0,0,0,0,0,0,0,0,0,0,0,0,0,0,0,0,0,0,0
1989,239,23,57,35.235,2,8,1,0,0,0,1,1,25,1012,1012,1012,1016,0,0,0,0,0,1,1,0,0,0,418.2462854,0,0,0,0,3,1,1,0.05,10,0,0,0,3,14,1,0.05,100,0,0,0,0,0,0,0,0,0,0,0,0,0,0,0,0,0,0,0,0,0,0,0,0,0,0,0,0,0,0,0,0,0,0,0,0,0,0,0,0,0,0,0,0,0,0,0,0,0,0,0
1989,239,23,57,47.475,2,8,1,0,1,0,1,1,25,1012,1012,1012,1016,0,0,0,0,0,1,1,0,0,0,418.2667137,0,0,0,0,3,1,1,0.05,10,0,0,0,3,14,1,0.05,100,0,0,0,0,0,0,0,0,0,0,0,0,0,0,0,0,0,0,0,0,0,0,0,0,0,0,0,0,0,0,0,0,0,0,0,0,0,0,0,0,0,0,0,0,0,0,0,0,0,0,0
1989,239,23,58,23.234,2,8,1,0,0,0,1,1,25,1012,1012,1012,1016,0,0,0,0,0,1,1,0,0,0,418.3263947,0,0,0,0,3,1,1,0.05,10,0,0,0,3,14,1,0.05,100,0,0,0,0,0,0,0,0,0,0,0,0,0,0,0,0,0,0,0,0,0,0,0,0,0,0,0,0,0,0,0,0,0,0,0,0,0,0,0,0,0,0,0,0,0,0,0,0,0,0,0
1989,239,23,58,35.475,2,8,1,0,1,0,1,1,25,1012,1012,1012,1016,0,0,0,0,0,1,1,0,0,0,418.3468246,0,0,0,0,3,1,1,0.05,10,0,0,0,3,14,1,0.05,100,0,0,0,0,0,0,0,0,0,0,0,0,0,0,0,0,0,0,0,0,0,0,0,0,0,0,0,0,0,0,0,0,0,0,0,0,0,0,0,0,0,0,0,0,0,0,0,0,0,0,0
1989,239,23,59,11.235,2,8,1,0,0,0,1,1,25,1012,1012,1012,1016,0,0,0,0,0,1,1,0,0,0,418.4065072,0,0,0,0,3,1,1,0.05,10,0,0,0,3,14,1,0.05,100,0,0,0,0,0,0,0,0,0,0,0,0,0,0,0,0,0,0,0,0,0,0,0,0,0,0,0,0,0,0,0,0,0,0,0,0,0,0,0,0,0,0,0,0,0,0,0,0,0,0,0
1989,239,23,59,23.475,2,8,1,0,1,0,1,1,25,1012,1012,1012,1016,0,0,0,0,0,1,1,0,0,0,418.4269355,0,0,0,0,3,1,1,0.05,10,0,0,0,3,14,1,0.05,100,0,0,0,0,0,0,0,0,0,0,0,0,0,0,0,0,0,0,0,0,0,0,0,0,0,0,0,0,0,0,0,0,0,0,0,0,0,0,0,0,0,0,0,0,0,0,0,0,0,0,0
1989,239,23,59,59.235,2,8,1,0,0,0,1,1,25,1012,1012,1012,1016,0,0,0,0,0,1,1,0,0,0,418.4866179,0,0,0,0,3,1,1,0.05,10,0,0,0,3,14,1,0.05,100,0,0,0,0,0,0,0,0,0,0,0,0,0,0,0,0,0,0,0,0,0,0,0,0,0,0,0,0,0,0,0,0,0,0,0,0,0,0,0,0,0,0,0,0,0,0,0,0,0,0,0
1989,240,0,0,11.474,2,8,1,0,1,0,1,1,25,1012,1012,1012,1016,0,0,0,0,0,1,1,0,0,0,418.5070445,0,0,0,0,3,1,1,0.05,10,0,0,0,3,14,1,0.05,100,0,0,0,0,0,0,0,0,0,0,0,0,0,0,0,0,0,0,0,0,0,0,0,0,0,0,0,0,0,0,0,0,0,0,0,0,0,0,0,0,0,0,0,0,0,0,0,0,0,0,0
1989,240,0,0,47.235,2,8,1,0,0,0,1,1,25,1012,1012,1012,1016,0,0,0,0,0,1,1,0,0,0,418.5667286,0,0,0,0,3,1,1,0.05,10,0,0,0,3,14,1,0.05,100,0,0,0,0,0,0,0,0,0,0,0,0,0,0,0,0,0,0,0,0,0,0,0,0,0,0,0,0,0,0,0,0,0,0,0,0,0,0,0,0,0,0,0,0,0,0,0,0,0,0,0
1989,240,0,0,59.475,2,8,1,0,1,0,1,1,25,1012,1012,1012,1016,0,0,0,0,0,1,1,0,0,0,418.5871568,0,0,0,0,3,1,1,0.05,10,0,0,0,3,14,1,0.05,100,0,0,0,0,0,0,0,0,0,0,0,0,0,0,0,0,0,0,0,0,0,0,0,0,0,0,0,0,0,0,0,0,0,0,0,0,0,0,0,0,0,0,0,0,0,0,0,0,0,0,0
1989,240,0,1,35.235,2,8,1,0,0,0,1,1,25,1012,1012,1012,1016,0,0,0,0,0,1,1,0,0,0,418.6468392,0,0,0,0,3,1,1,0.05,10,0,0,0,3,14,1,0.05,100,0,0,0,0,0,0,0,0,0,0,0,0,0,0,0,0,0,0,0,0,0,0,0,0,0,0,0,0,0,0,0,0,0,0,0,0,0,0,0,0,0,0,0,0,0,0,0,0,0,0,0
1989,240,0,1,47.475,2,8,1,0,1,0,1,1,25,1012,1012,1012,1016,0,0,0,0,0,1,1,0,0,0,418.6672674,0,0,0,0,3,1,1,0.05,10,0,0,0,3,14,1,0.05,100,0,0,0,0,0,0,0,0,0,0,0,0,0,0,0,0,0,0,0,0,0,0,0,0,0,0,0,0,0,0,0,0,0,0,0,0,0,0,0,0,0,0,0,0,0,0,0,0,0,0,0
1989,240,0,2,23.234,2,8,1,0,0,0,1,1,25,1012,1012,1012,1016,0,0,0,0,0,1,1,0,0,0,418.726948,0,0,0,0,3,1,1,0.05,10,0,0,0,3,14,1,0.05,100,0,0,0,0,0,0,0,0,0,0,0,0,0,0,0,0,0,0,0,0,0,0,0,0,0,0,0,0,0,0,0,0,0,0,0,0,0,0,0,0,0,0,0,0,0,0,0,0,0,0,0
1989,240,0,2,35.475,2,8,1,0,1,0,1,1,25,1012,1012,1012,1016,0,0,0,0,0,1,1,0,0,0,418.7473778,0,0,0,0,3,1,1,0.05,10,0,0,0,3,14,1,0.05,100,0,0,0,0,0,0,0,0,0,0,0,0,0,0,0,0,0,0,0,0,0,0,0,0,0,0,0,0,0,0,0,0,0,0,0,0,0,0,0,0,0,0,0,0,0,0,0,0,0,0,0
1989,240,0,3,11.235,2,8,1,0,0,0,1,1,25,1012,1012,1012,1016,0,0,0,0,0,1,1,0,0,0,418.8070601,0,0,0,0,3,1,1,0.05,10,0,0,0,3,14,1,0.05,100,0,0,0,0,0,0,0,0,0,0,0,0,0,0,0,0,0,0,0,0,0,0,0,0,0,0,0,0,0,0,0,0,0,0,0,0,0,0,0,0,0,0,0,0,0,0,0,0,0,0,0
1989,240,0,3,23.475,2,8,1,0,1,0,1,1,25,1012,1012,1012,1016,0,0,0,0,0,1,1,0,0,0,418.8274882,0,0,0,0,3,1,1,0.05,10,0,0,0,3,14,1,0.05,100,0,0,0,0,0,0,0,0,0,0,0,0,0,0,0,0,0,0,0,0,0,0,0,0,0,0,0,0,0,0,0,0,0,0,0,0,0,0,0,0,0,0,0,0,0,0,0,0,0,0,0
1989,240,0,6,2.833,2,8,1,0,1,0,1,1,25,1012,1012,1012,1016,0,0,0,0,0,1,1,0,0,0,419.0934506,0,0,0,0,3,1,1,0.05,10,0,0,0,3,14,1,0.05,100,0,0,0,0,0,0,0,0,0,0,0,0,0,0,0,0,0,0,0,0,0,0,0,0,0,0,0,0,0,0,0,0,0,0,0,0,0,0,0,0,0,0,0,0,0,0,0,0,0,0,0
1989,240,0,6,23.234,2,8,1,0,0,0,1,1,25,1012,1012,1012,1016,0,0,0,0,0,1,1,0,0,0,419.1274991,0,0,0,0,3,1,1,0.05,10,0,0,0,3,14,1,0.05,100,0,0,0,0,0,0,0,0,0,0,0,0,0,0,0,0,0,0,0,0,0,0,0,0,0,0,0,0,0,0,0,0,0,0,0,0,0,0,0,0,0,0,0,0,0,0,0,0,0,0,0
1989,240,0,6,35.474,2,8,1,0,1,0,1,1,25,1012,1012,1012,1016,0,0,0,0,0,1,1,0,0,0,419.1479271,0,0,0,0,3,1,1,0.05,10,0,0,0,3,14,1,0.05,100,0,0,0,0,0,0,0,0,0,0,0,0,0,0,0,0,0,0,0,0,0,0,0,0,0,0,0,0,0,0,0,0,0,0,0,0,0,0,0,0,0,0,0,0,0,0,0,0,0,0,0
1989,240,0,7,11.234,2,8,1,0,0,0,1,1,25,1012,1012,1012,1016,0,0,0,0,0,1,1,0,0,0,419.207609,0,0,0,0,3,1,1,0.05,10,0,0,0,3,14,1,0.05,100,0,0,0,0,0,0,0,0,0,0,0,0,0,0,0,0,0,0,0,0,0,0,0,0,0,0,0,0,0,0,0,0,0,0,0,0,0,0,0,0,0,0,0,0,0,0,0,0,0,0,0
1989,240,0,7,23.474,2,8,1,0,1,0,1,1,25,1012,1012,1012,1016,0,0,0,0,0,1,1,0,0,0,419.228037,0,0,0,0,3,1,1,0.05,10,0,0,0,3,14,1,0.05,100,0,0,0,0,0,0,0,0,0,0,0,0,0,0,0,0,0,0,0,0,0,0,0,0,0,0,0,0,0,0,0,0,0,0,0,0,0,0,0,0,0,0,0,0,0,0,0,0,0,0,0
1989,240,0,7,59.234,2,8,1,0,0,0,1,1,25,1012,1012,1012,1016,0,0,0,0,0,1,1,0,0,0,419.2877189,0,0,0,0,3,1,1,0.05,10,0,0,0,3,14,1,0.05,100,0,0,0,0,0,0,0,0,0,0,0,0,0,0,0,0,0,0,0,0,0,0,0,0,0,0,0,0,0,0,0,0,0,0,0,0,0,0,0,0,0,0,0,0,0,0,0,0,0,0,0
1989,240,0,8,11.474,2,8,1,0,1,0,1,1,25,1012,1012,1012,1016,0,0,0,0,0,1,1,0,0,0,419.3081469,0,0,0,0,3,1,1,0.05,10,0,0,0,3,14,1,0.05,100,0,0,0,0,0,0,0,0,0,0,0,0,0,0,0,0,0,0,0,0,0,0,0,0,0,0,0,0,0,0,0,0,0,0,0,0,0,0,0,0,0,0,0,0,0,0,0,0,0,0,0
1989,240,0,8,47.234,2,8,1,0,0,0,1,1,25,1012,1012,1012,1016,0,0,0,0,0,1,1,0,0,0,419.3678287,0,0,0,0,3,1,1,0.05,10,0,0,0,3,14,1,0.05,100,0,0,0,0,0,0,0,0,0,0,0,0,0,0,0,0,0,0,0,0,0,0,0,0,0,0,0,0,0,0,0,0,0,0,0,0,0,0,0,0,0,0,0,0,0,0,0,0,0,0,0
1989,240,0,8,59.474,2,8,1,0,1,0,1,1,25,1012,1012,1012,1016,0,0,0,0,0,1,1,0,0,0,419.3882566,0,0,0,0,3,1,1,0.05,10,0,0,0,3,14,1,0.05,100,0,0,0,0,0,0,0,0,0,0,0,0,0,0,0,0,0,0,0,0,0,0,0,0,0,0,0,0,0,0,0,0,0,0,0,0,0,0,0,0,0,0,0,0,0,0,0,0,0,0,0
1989,240,0,9,35.234,2,8,1,0,0,0,1,1,25,1012,1012,1012,1016,0,0,0,0,0,1,1,0,0,0,419.4479383,0,0,0,0,3,1,1,0.05,10,0,0,0,3,14,1,0.05,100,0,0,0,0,0,0,0,0,0,0,0,0,0,0,0,0,0,0,0,0,0,0,0,0,0,0,0,0,0,0,0,0,0,0,0,0,0,0,0,0,0,0,0,0,0,0,0,0,0,0,0
1989,240,0,9,47.474,2,8,1,0,1,0,1,1,25,1012,1012,1012,1016,0,0,0,0,0,1,1,0,0,0,419.4683663,0,0,0,0,3,1,1,0.05,10,0,0,0,3,14,1,0.05,100,0,0,0,0,0,0,0,0,0,0,0,0,0,0,0,0,0,0,0,0,0,0,0,0,0,0,0,0,0,0,0,0,0,0,0,0,0,0,0,0,0,0,0,0,0,0,0,0,0,0,0
1989,240,0,10,23.234,2,8,1,0,0,0,1,1,25,1012,1012,1012,1016,0,0,0,0,0,1,1,0,0,0,419.5280479,0,0,0,0,3,1,1,0.05,10,0,0,0,3,14,1,0.05,100,0,0,0,0,0,0,0,0,0,0,0,0,0,0,0,0,0,0,0,0,0,0,0,0,0,0,0,0,0,0,0,0,0,0,0,0,0,0,0,0,0,0,0,0,0,0,0,0,0,0,0
1989,240,0,10,35.474,2,8,1,0,1,0,1,1,25,1012,1012,1012,1016,0,0,0,0,0,1,1,0,0,0,419.5484759,0,0,0,0,3,1,1,0.05,10,0,0,0,3,14,1,0.05,100,0,0,0,0,0,0,0,0,0,0,0,0,0,0,0,0,0,0,0,0,0,0,0,0,0,0,0,0,0,0,0,0,0,0,0,0,0,0,0,0,0,0,0,0,0,0,0,0,0,0,0
1989,240,0,11,11.234,2,8,1,0,0,0,1,1,25,1012,1012,1012,1016,0,0,0,0,0,1,1,0,0,0,419.6081574,0,0,0,0,3,1,1,0.05,10,0,0,0,3,14,1,0.05,100,0,0,0,0,0,0,0,0,0,0,0,0,0,0,0,0,0,0,0,0,0,0,0,0,0,0,0,0,0,0,0,0,0,0,0,0,0,0,0,0,0,0,0,0,0,0,0,0,0,0,0
1989,240,0,11,23.474,2,8,1,0,1,0,1,1,25,1012,1012,1012,1016,0,0,0,0,0,1,1,0,0,0,419.6285854,0,0,0,0,3,1,1,0.05,10,0,0,0,3,14,1,0.05,100,0,0,0,0,0,0,0,0,0,0,0,0,0,0,0,0,0,0,0,0,0,0,0,0,0,0,0,0,0,0,0,0,0,0,0,0,0,0,0,0,0,0,0,0,0,0,0,0,0,0,0
1989,240,0,11,59.234,2,8,1,0,0,0,1,1,25,1012,1012,1012,1016,0,0,0,0,0,1,1,0,0,0,419.6882669,0,0,0,0,3,1,1,0.05,10,0,0,0,3,14,1,0.05,100,0,0,0,0,0,0,0,0,0,0,0,0,0,0,0,0,0,0,0,0,0,0,0,0,0,0,0,0,0,0,0,0,0,0,0,0,0,0,0,0,0,0,0,0,0,0,0,0,0,0,0
1989,240,0,12,11.474,2,8,1,0,1,0,1,1,25,1012,1012,1012,1016,0,0,0,0,0,1,1,0,0,0,419.7086948,0,0,0,0,3,1,1,0.05,10,0,0,0,3,14,1,0.05,100,0,0,0,0,0,0,0,0,0,0,0,0,0,0,0,0,0,0,0,0,0,0,0,0,0,0,0,0,0,0,0,0,0,0,0,0,0,0,0,0,0,0,0,0,0,0,0,0,0,0,0
1989,240,0,12,47.234,2,8,1,0,0,0,1,1,25,1012,1012,1012,1016,0,0,0,0,0,1,1,0,0,0,419.7683762,0,0,0,0,3,1,1,0.05,10,0,0,0,3,14,1,0.05,100,0,0,0,0,0,0,0,0,0,0,0,0,0,0,0,0,0,0,0,0,0,0,0,0,0,0,0,0,0,0,0,0,0,0,0,0,0,0,0,0,0,0,0,0,0,0,0,0,0,0,0
1989,240,0,12,59.474,2,8,1,0,1,0,1,1,25,1012,1012,1012,1016,0,0,0,0,0,1,1,0,0,0,419.7888041,0,0,0,0,3,1,1,0.05,10,0,0,0,3,14,1,0.05,100,0,0,0,0,0,0,0,0,0,0,0,0,0,0,0,0,0,0,0,0,0,0,0,0,0,0,0,0,0,0,0,0,0,0,0,0,0,0,0,0,0,0,0,0,0,0,0,0,0,0,0
1989,240,0,13,35.234,2,8,1,0,0,0,1,1,25,1012,1012,1012,1016,0,0,0,0,0,1,1,0,0,0,419.8484854,0,0,0,0,3,1,1,0.05,10,0,0,0,3,14,1,0.05,100,0,0,0,0,0,0,0,0,0,0,0,0,0,0,0,0,0,0,0,0,0,0,0,0,0,0,0,0,0,0,0,0,0,0,0,0,0,0,0,0,0,0,0,0,0,0,0,0,0,0,0
1989,240,0,13,47.474,2,8,1,0,1,0,1,1,25,1012,1012,1012,1016,0,0,0,0,0,1,1,0,0,0,419.8689133,0,0,0,0,3,1,1,0.05,10,0,0,0,3,14,1,0.05,100,0,0,0,0,0,0,0,0,0,0,0,0,0,0,0,0,0,0,0,0,0,0,0,0,0,0,0,0,0,0,0,0,0,0,0,0,0,0,0,0,0,0,0,0,0,0,0,0,0,0,0
1989,240,0,14,23.234,2,8,1,0,0,0,1,1,25,1012,1012,1012,1016,0,0,0,0,0,1,1,0,0,0,419.9285946,0,0,0,0,3,1,1,0.05,10,0,0,0,3,14,1,0.05,100,0,0,0,0,0,0,0,0,0,0,0,0,0,0,0,0,0,0,0,0,0,0,0,0,0,0,0,0,0,0,0,0,0,0,0,0,0,0,0,0,0,0,0,0,0,0,0,0,0,0,0
1989,240,0,14,35.474,2,8,1,0,1,0,1,1,25,1012,1012,1012,1016,0,0,0,0,0,1,1,0,0,0,419.9490224,0,0,0,0,3,1,1,0.05,10,0,0,0,3,14,1,0.05,100,0,0,0,0,0,0,0,0,0,0,0,0,0,0,0,0,0,0,0,0,0,0,0,0,0,0,0,0,0,0,0,0,0,0,0,0,0,0,0,0,0,0,0,0,0,0,0,0,0,0,0
1989,240,0,15,11.234,2,8,1,0,0,0,1,1,25,1012,1012,1012,1016,0,0,0,0,0,1,1,0,0,0,420.0087037,0,0,0,0,3,1,1,0.05,10,0,0,0,3,14,1,0.05,100,0,0,0,0,0,0,0,0,0,0,0,0,0,0,0,0,0,0,0,0,0,0,0,0,0,0,0,0,0,0,0,0,0,0,0,0,0,0,0,0,0,0,0,0,0,0,0,0,0,0,0
1989,240,0,15,23.474,2,8,1,0,1,0,1,1,25,1012,1012,1012,1016,0,0,0,0,0,1,1,0,0,0,420.0291315,0,0,0,0,3,1,1,0.05,10,0,0,0,3,14,1,0.05,100,0,0,0,0,0,0,0,0,0,0,0,0,0,0,0,0,0,0,0,0,0,0,0,0,0,0,0,0,0,0,0,0,0,0,0,0,0,0,0,0,0,0,0,0,0,0,0,0,0,0,0
1989,240,0,18,2.833,2,8,1,0,1,0,1,1,25,1012,1012,1012,1016,0,0,0,0,0,1,1,0,0,0,420.2950912,0,0,0,0,3,1,1,0.05,10,0,0,0,3,14,1,0.05,100,0,0,0,0,0,0,0,0,0,0,0,0,0,0,0,0,0,0,0,0,0,0,0,0,0,0,0,0,0,0,0,0,0,0,0,0,0,0,0,0,0,0,0,0,0,0,0,0,0,0,0
1989,240,0,18,23.233,2,8,1,0,0,0,1,1,25,1012,1012,1012,1016,0,0,0,0,0,1,1,0,0,0,420.3291374,0,0,0,0,3,1,1,0.05,10,0,0,0,3,14,1,0.05,100,0,0,0,0,0,0,0,0,0,0,0,0,0,0,0,0,0,0,0,0,0,0,0,0,0,0,0,0,0,0,0,0,0,0,0,0,0,0,0,0,0,0,0,0,0,0,0,0,0,0,0
1989,240,0,18,35.473,2,8,1,0,1,0,1,1,25,1012,1012,1012,1016,0,0,0,0,0,1,1,0,0,0,420.3495651,0,0,0,0,3,1,1,0.05,10,0,0,0,3,14,1,0.05,100,0,0,0,0,0,0,0,0,0,0,0,0,0,0,0,0,0,0,0,0,0,0,0,0,0,0,0,0,0,0,0,0,0,0,0,0,0,0,0,0,0,0,0,0,0,0,0,0,0,0,0
1989,240,0,19,11.233,2,8,1,0,0,0,1,1,25,1012,1012,1012,1016,0,0,0,0,0,1,1,0,0,0,420.409246,0,0,0,0,3,1,1,0.05,10,0,0,0,3,14,1,0.05,100,0,0,0,0,0,0,0,0,0,0,0,0,0,0,0,0,0,0,0,0,0,0,0,0,0,0,0,0,0,0,0,0,0,0,0,0,0,0,0,0,0,0,0,0,0,0,0,0,0,0,0
1989,240,0,19,23.473,2,8,1,0,1,0,1,1,25,1012,1012,1012,1016,0,0,0,0,0,1,1,0,0,0,420.4296737,0,0,0,0,3,1,1,0.05,10,0,0,0,3,14,1,0.05,100,0,0,0,0,0,0,0,0,0,0,0,0,0,0,0,0,0,0,0,0,0,0,0,0,0,0,0,0,0,0,0,0,0,0,0,0,0,0,0,0,0,0,0,0,0,0,0,0,0,0,0
1989,240,0,19,59.233,2,8,1,0,0,0,1,1,25,1012,1012,1012,1016,0,0,0,0,0,1,1,0,0,0,420.4893546,0,0,0,0,3,1,1,0.05,10,0,0,0,3,14,1,0.05,100,0,0,0,0,0,0,0,0,0,0,0,0,0,0,0,0,0,0,0,0,0,0,0,0,0,0,0,0,0,0,0,0,0,0,0,0,0,0,0,0,0,0,0,0,0,0,0,0,0,0,0
1989,240,0,20,11.473,2,8,1,0,1,0,1,1,25,1012,1012,1012,1016,0,0,0,0,0,1,1,0,0,0,420.5097822,0,0,0,0,3,1,1,0.05,10,0,0,0,3,14,1,0.05,100,0,0,0,0,0,0,0,0,0,0,0,0,0,0,0,0,0,0,0,0,0,0,0,0,0,0,0,0,0,0,0,0,0,0,0,0,0,0,0,0,0,0,0,0,0,0,0,0,0,0,0
1989,240,0,20,47.233,2,8,1,0,0,0,1,1,25,1012,1012,1012,1016,0,0,0,0,0,1,1,0,0,0,420.569463,0,0,0,0,3,1,1,0.05,10,0,0,0,3,14,1,0.05,100,0,0,0,0,0,0,0,0,0,0,0,0,0,0,0,0,0,0,0,0,0,0,0,0,0,0,0,0,0,0,0,0,0,0,0,0,0,0,0,0,0,0,0,0,0,0,0,0,0,0,0
1989,240,0,20,59.473,2,8,1,0,1,0,1,1,25,1012,1012,1012,1016,0,0,0,0,0,1,1,0,0,0,420.5898907,0,0,0,0,3,1,1,0.05,10,0,0,0,3,14,1,0.05,100,0,0,0,0,0,0,0,0,0,0,0,0,0,0,0,0,0,0,0,0,0,0,0,0,0,0,0,0,0,0,0,0,0,0,0,0,0,0,0,0,0,0,0,0,0,0,0,0,0,0,0
1989,240,0,21,35.233,2,8,1,0,0,0,1,1,25,1012,1012,1012,1016,0,0,0,0,0,1,1,0,0,0,420.6495714,0,0,0,0,3,1,1,0.05,10,0,0,0,3,14,1,0.05,100,0,0,0,0,0,0,0,0,0,0,0,0,0,0,0,0,0,0,0,0,0,0,0,0,0,0,0,0,0,0,0,0,0,0,0,0,0,0,0,0,0,0,0,0,0,0,0,0,0,0,0
1989,240,0,21,47.473,2,8,1,0,1,0,1,1,25,1012,1012,1012,1016,0,0,0,0,0,1,1,0,0,0,420.669999,0,0,0,0,3,1,1,0.05,10,0,0,0,3,14,1,0.05,100,0,0,0,0,0,0,0,0,0,0,0,0,0,0,0,0,0,0,0,0,0,0,0,0,0,0,0,0,0,0,0,0,0,0,0,0,0,0,0,0,0,0,0,0,0,0,0,0,0,0,0
1989,240,0,22,23.233,2,8,1,0,0,0,1,1,25,1012,1012,1012,1016,0,0,0,0,0,1,1,0,0,0,420.7296797,0,0,0,0,3,1,1,0.05,10,0,0,0,3,14,1,0.05,100,0,0,0,0,0,0,0,0,0,0,0,0,0,0,0,0,0,0,0,0,0,0,0,0,0,0,0,0,0,0,0,0,0,0,0,0,0,0,0,0,0,0,0,0,0,0,0,0,0,0,0
1989,240,0,22,35.473,2,8,1,0,1,0,1,1,25,1012,1012,1012,1016,0,0,0,0,0,1,1,0,0,0,420.7501072,0,0,0,0,3,1,1,0.05,10,0,0,0,3,14,1,0.05,100,0,0,0,0,0,0,0,0,0,0,0,0,0,0,0,0,0,0,0,0,0,0,0,0,0,0,0,0,0,0,0,0,0,0,0,0,0,0,0,0,0,0,0,0,0,0,0,0,0,0,0
1989,240,0,23,11.233,2,8,1,0,0,0,1,1,25,1012,1012,1012,1016,0,0,0,0,0,1,1,0,0,0,420.8097878,0,0,0,0,3,1,1,0.05,10,0,0,0,3,14,1,0.05,100,0,0,0,0,0,0,0,0,0,0,0,0,0,0,0,0,0,0,0,0,0,0,0,0,0,0,0,0,0,0,0,0,0,0,0,0,0,0,0,0,0,0,0,0,0,0,0,0,0,0,0
1989,240,0,23,23.473,2,8,1,0,1,0,1,1,25,1012,1012,1012,1016,0,0,0,0,0,1,1,0,0,0,420.8302154,0,0,0,0,3,1,1,0.05,10,0,0,0,3,14,1,0.05,100,0,0,0,0,0,0,0,0,0,0,0,0,0,0,0,0,0,0,0,0,0,0,0,0,0,0,0,0,0,0,0,0,0,0,0,0,0,0,0,0,0,0,0,0,0,0,0,0,0,0,0
1989,240,0,23,59.233,2,8,1,0,0,0,1,1,25,1012,1012,1012,1016,0,0,0,0,0,1,1,0,0,0,420.8898959,0,0,0,0,3,1,1,0.05,10,0,0,0,3,14,1,0.05,100,0,0,0,0,0,0,0,0,0,0,0,0,0,0,0,0,0,0,0,0,0,0,0,0,0,0,0,0,0,0,0,0,0,0,0,0,0,0,0,0,0,0,0,0,0,0,0,0,0,0,0
1989,240,0,24,11.473,2,8,1,0,1,0,1,1,25,1012,1012,1012,1016,0,0,0,0,0,1,1,0,0,0,420.9103235,0,0,0,0,3,1,1,0.05,10,0,0,0,3,14,1,0.05,100,0,0,0,0,0,0,0,0,0,0,0,0,0,0,0,0,0,0,0,0,0,0,0,0,0,0,0,0,0,0,0,0,0,0,0,0,0,0,0,0,0,0,0,0,0,0,0,0,0,0,0
1989,240,0,24,47.233,2,8,1,0,0,0,1,1,25,1012,1012,1012,1016,0,0,0,0,0,1,1,0,0,0,420.970004,0,0,0,0,3,1,1,0.05,10,0,0,0,3,14,1,0.05,100,0,0,0,0,0,0,0,0,0,0,0,0,0,0,0,0,0,0,0,0,0,0,0,0,0,0,0,0,0,0,0,0,0,0,0,0,0,0,0,0,0,0,0,0,0,0,0,0,0,0,0
1989,240,0,24,59.473,2,8,1,0,1,0,1,1,25,1012,1012,1012,1016,0,0,0,0,0,1,1,0,0,0,420.9904315,0,0,0,0,3,1,1,0.05,10,0,0,0,3,14,1,0.05,100,0,0,0,0,0,0,0,0,0,0,0,0,0,0,0,0,0,0,0,0,0,0,0,0,0,0,0,0,0,0,0,0,0,0,0,0,0,0,0,0,0,0,0,0,0,0,0,0,0,0,0
1989,240,0,25,35.233,2,8,1,0,0,0,1,1,25,1012,1012,1012,1016,0,0,0,0,0,1,1,0,0,0,421.0501119,0,0,0,0,3,1,1,0.05,10,0,0,0,3,14,1,0.05,100,0,0,0,0,0,0,0,0,0,0,0,0,0,0,0,0,0,0,0,0,0,0,0,0,0,0,0,0,0,0,0,0,0,0,0,0,0,0,0,0,0,0,0,0,0,0,0,0,0,0,0
1989,240,0,25,47.473,2,8,1,0,1,0,1,1,25,1012,1012,1012,1016,0,0,0,0,0,1,1,0,0,0,421.0705394,0,0,0,0,3,1,1,0.05,10,0,0,0,3,14,1,0.05,100,0,0,0,0,0,0,0,0,0,0,0,0,0,0,0,0,0,0,0,0,0,0,0,0,0,0,0,0,0,0,0,0,0,0,0,0,0,0,0,0,0,0,0,0,0,0,0,0,0,0,0
1989,240,0,26,23.233,2,8,1,0,0,0,1,1,25,1012,1012,1012,1016,0,0,0,0,0,1,1,0,0,0,421.1302197,0,0,0,0,3,1,1,0.05,10,0,0,0,3,14,1,0.05,100,0,0,0,0,0,0,0,0,0,0,0,0,0,0,0,0,0,0,0,0,0,0,0,0,0,0,0,0,0,0,0,0,0,0,0,0,0,0,0,0,0,0,0,0,0,0,0,0,0,0,0
1989,240,0,26,35.473,2,8,1,0,1,0,1,1,25,1012,1012,1012,1016,0,0,0,0,0,1,1,0,0,0,421.1506472,0,0,0,0,3,1,1,0.05,10,0,0,0,3,14,1,0.05,100,0,0,0,0,0,0,0,0,0,0,0,0,0,0,0,0,0,0,0,0,0,0,0,0,0,0,0,0,0,0,0,0,0,0,0,0,0,0,0,0,0,0,0,0,0,0,0,0,0,0,0
1989,240,0,27,11.233,2,8,1,0,0,0,1,1,25,1012,1012,1012,1016,0,0,0,0,0,1,1,0,0,0,421.2103275,0,0,0,0,3,1,1,0.05,10,0,0,0,3,14,1,0.05,100,0,0,0,0,0,0,0,0,0,0,0,0,0,0,0,0,0,0,0,0,0,0,0,0,0,0,0,0,0,0,0,0,0,0,0,0,0,0,0,0,0,0,0,0,0,0,0,0,0,0,0
1989,240,0,27,23.473,2,8,1,0,1,0,1,1,25,1012,1012,1012,1016,0,0,0,0,0,1,1,0,0,0,421.2307549,0,0,0,0,3,1,1,0.05,10,0,0,0,3,14,1,0.05,100,0,0,0,0,0,0,0,0,0,0,0,0,0,0,0,0,0,0,0,0,0,0,0,0,0,0,0,0,0,0,0,0,0,0,0,0,0,0,0,0,0,0,0,0,0,0,0,0,0,0,0
1989,240,0,30,2.831,2,8,1,0,1,0,1,1,25,1012,1012,1012,1016,0,0,0,0,0,1,1,0,0,0,421.4967086,0,0,0,0,3,1,1,0.05,10,0,0,0,3,14,1,0.05,100,0,0,0,0,0,0,0,0,0,0,0,0,0,0,0,0,0,0,0,0,0,0,0,0,0,0,0,0,0,0,0,0,0,0,0,0,0,0,0,0,0,0,0,0,0,0,0,0,0,0,0
1989,240,0,30,23.231,2,8,1,0,0,0,1,1,25,1012,1012,1012,1016,0,0,0,0,0,1,1,0,0,0,421.5307543,0,0,0,0,3,1,1,0.05,10,0,0,0,3,14,1,0.05,100,0,0,0,0,0,0,0,0,0,0,0,0,0,0,0,0,0,0,0,0,0,0,0,0,0,0,0,0,0,0,0,0,0,0,0,0,0,0,0,0,0,0,0,0,0,0,0,0,0,0,0
1989,240,0,30,35.472,2,8,1,0,1,0,1,1,25,1012,1012,1012,1016,0,0,0,0,0,1,1,0,0,0,421.5511833,0,0,0,0,3,1,1,0.05,10,0,0,0,3,14,1,0.05,100,0,0,0,0,0,0,0,0,0,0,0,0,0,0,0,0,0,0,0,0,0,0,0,0,0,0,0,0,0,0,0,0,0,0,0,0,0,0,0,0,0,0,0,0,0,0,0,0,0,0,0
1989,240,0,31,11.232,2,8,1,0,0,0,1,1,25,1012,1012,1012,1016,0,0,0,0,0,1,1,0,0,0,421.6108632,0,0,0,0,3,1,1,0.05,10,0,0,0,3,14,1,0.05,100,0,0,0,0,0,0,0,0,0,0,0,0,0,0,0,0,0,0,0,0,0,0,0,0,0,0,0,0,0,0,0,0,0,0,0,0,0,0,0,0,0,0,0,0,0,0,0,0,0,0,0
1989,240,0,31,23.472,2,8,1,0,1,0,1,1,25,1012,1012,1012,1016,0,0,0,0,0,1,1,0,0,0,421.6312906,0,0,0,0,3,1,1,0.05,10,0,0,0,3,14,1,0.05,100,0,0,0,0,0,0,0,0,0,0,0,0,0,0,0,0,0,0,0,0,0,0,0,0,0,0,0,0,0,0,0,0,0,0,0,0,0,0,0,0,0,0,0,0,0,0,0,0,0,0,0
1989,240,0,31,59.232,2,8,1,0,0,0,1,1,25,1012,1012,1012,1016,0,0,0,0,0,1,1,0,0,0,421.6909705,0,0,0,0,3,1,1,0.05,10,0,0,0,3,14,1,0.05,100,0,0,0,0,0,0,0,0,0,0,0,0,0,0,0,0,0,0,0,0,0,0,0,0,0,0,0,0,0,0,0,0,0,0,0,0,0,0,0,0,0,0,0,0,0,0,0,0,0,0,0
1989,240,0,32,11.472,2,8,1,0,1,0,1,1,25,1012,1012,1012,1016,0,0,0,0,0,1,1,0,0,0,421.7113978,0,0,0,0,3,1,1,0.05,10,0,0,0,3,14,1,0.05,100,0,0,0,0,0,0,0,0,0,0,0,0,0,0,0,0,0,0,0,0,0,0,0,0,0,0,0,0,0,0,0,0,0,0,0,0,0,0,0,0,0,0,0,0,0,0,0,0,0,0,0
1989,240,0,32,47.232,2,8,1,0,0,0,1,1,25,1012,1012,1012,1016,0,0,0,0,0,1,1,0,0,0,421.7710776,0,0,0,0,3,1,1,0.05,10,0,0,0,3,14,1,0.05,100,0,0,0,0,0,0,0,0,0,0,0,0,0,0,0,0,0,0,0,0,0,0,0,0,0,0,0,0,0,0,0,0,0,0,0,0,0,0,0,0,0,0,0,0,0,0,0,0,0,0,0
1989,240,0,32,59.472,2,8,1,0,1,0,1,1,25,1012,1012,1012,1016,0,0,0,0,0,1,1,0,0,0,421.7915049,0,0,0,0,3,1,1,0.05,10,0,0,0,3,14,1,0.05,100,0,0,0,0,0,0,0,0,0,0,0,0,0,0,0,0,0,0,0,0,0,0,0,0,0,0,0,0,0,0,0,0,0,0,0,0,0,0,0,0,0,0,0,0,0,0,0,0,0,0,0
1989,240,0,33,35.232,2,8,1,0,0,0,1,1,25,1012,1012,1012,1016,0,0,0,0,0,1,1,0,0,0,421.8511847,0,0,0,0,3,1,1,0.05,10,0,0,0,3,14,1,0.05,100,0,0,0,0,0,0,0,0,0,0,0,0,0,0,0,0,0,0,0,0,0,0,0,0,0,0,0,0,0,0,0,0,0,0,0,0,0,0,0,0,0,0,0,0,0,0,0,0,0,0,0
1989,240,0,33,47.472,2,8,1,0,1,0,1,1,25,1012,1012,1012,1016,0,0,0,0,0,1,1,0,0,0,421.8716119,0,0,0,0,3,1,1,0.05,10,0,0,0,3,14,1,0.05,100,0,0,0,0,0,0,0,0,0,0,0,0,0,0,0,0,0,0,0,0,0,0,0,0,0,0,0,0,0,0,0,0,0,0,0,0,0,0,0,0,0,0,0,0,0,0,0,0,0,0,0
1989,240,0,34,23.231,2,8,1,0,0,0,1,1,25,1012,1012,1012,1016,0,0,0,0,0,1,1,0,0,0,421.93129,0,0,0,0,3,1,1,0.05,10,0,0,0,3,14,1,0.05,100,0,0,0,0,0,0,0,0,0,0,0,0,0,0,0,0,0,0,0,0,0,0,0,0,0,0,0,0,0,0,0,0,0,0,0,0,0,0,0,0,0,0,0,0,0,0,0,0,0,0,0
1989,240,0,34,35.472,2,8,1,0,1,0,1,1,25,1012,1012,1012,1016,0,0,0,0,0,1,1,0,0,0,421.9517189,0,0,0,0,3,1,1,0.05,10,0,0,0,3,14,1,0.05,100,0,0,0,0,0,0,0,0,0,0,0,0,0,0,0,0,0,0,0,0,0,0,0,0,0,0,0,0,0,0,0,0,0,0,0,0,0,0,0,0,0,0,0,0,0,0,0,0,0,0,0
1989,240,0,35,11.232,2,8,1,0,0,0,1,1,25,1012,1012,1012,1016,0,0,0,0,0,1,1,0,0,0,422.0113985,0,0,0,0,3,1,1,0.05,10,0,0,0,3,14,1,0.05,100,0,0,0,0,0,0,0,0,0,0,0,0,0,0,0,0,0,0,0,0,0,0,0,0,0,0,0,0,0,0,0,0,0,0,0,0,0,0,0,0,0,0,0,0,0,0,0,0,0,0,0
1989,240,0,35,23.472,2,8,1,0,1,0,1,1,25,1012,1012,1012,1016,0,0,0,0,0,1,1,0,0,0,422.0318257,0,0,0,0,3,1,1,0.05,10,0,0,0,3,14,1,0.05,100,0,0,0,0,0,0,0,0,0,0,0,0,0,0,0,0,0,0,0,0,0,0,0,0,0,0,0,0,0,0,0,0,0,0,0,0,0,0,0,0,0,0,0,0,0,0,0,0,0,0,0
1989,240,0,35,59.232,2,8,1,0,0,0,1,1,25,1012,1012,1012,1016,0,0,0,0,0,1,1,0,0,0,422.0915053,0,0,0,0,3,1,1,0.05,10,0,0,0,3,14,1,0.05,100,0,0,0,0,0,0,0,0,0,0,0,0,0,0,0,0,0,0,0,0,0,0,0,0,0,0,0,0,0,0,0,0,0,0,0,0,0,0,0,0,0,0,0,0,0,0,0,0,0,0,0
1989,240,0,36,11.472,2,8,1,0,1,0,1,1,25,1012,1012,1012,1016,0,0,0,0,0,1,1,0,0,0,422.1119325,0,0,0,0,3,1,1,0.05,10,0,0,0,3,14,1,0.05,100,0,0,0,0,0,0,0,0,0,0,0,0,0,0,0,0,0,0,0,0,0,0,0,0,0,0,0,0,0,0,0,0,0,0,0,0,0,0,0,0,0,0,0,0,0,0,0,0,0,0,0
1989,240,0,36,47.232,2,8,1,0,0,0,1,1,25,1012,1012,1012,1016,0,0,0,0,0,1,1,0,0,0,422.171612,0,0,0,0,3,1,1,0.05,10,0,0,0,3,14,1,0.05,100,0,0,0,0,0,0,0,0,0,0,0,0,0,0,0,0,0,0,0,0,0,0,0,0,0,0,0,0,0,0,0,0,0,0,0,0,0,0,0,0,0,0,0,0,0,0,0,0,0,0,0
1989,240,0,36,59.472,2,8,1,0,1,0,1,1,25,1012,1012,1012,1016,0,0,0,0,0,1,1,0,0,0,422.1920392,0,0,0,0,3,1,1,0.05,10,0,0,0,3,14,1,0.05,100,0,0,0,0,0,0,0,0,0,0,0,0,0,0,0,0,0,0,0,0,0,0,0,0,0,0,0,0,0,0,0,0,0,0,0,0,0,0,0,0,0,0,0,0,0,0,0,0,0,0,0
1989,240,0,37,35.232,2,8,1,0,0,0,1,1,25,1012,1012,1012,1016,0,0,0,0,0,1,1,0,0,0,422.2517186,0,0,0,0,3,1,1,0.05,10,0,0,0,3,14,1,0.05,100,0,0,0,0,0,0,0,0,0,0,0,0,0,0,0,0,0,0,0,0,0,0,0,0,0,0,0,0,0,0,0,0,0,0,0,0,0,0,0,0,0,0,0,0,0,0,0,0,0,0,0
1989,240,0,37,47.472,2,8,1,0,1,0,1,1,25,1012,1012,1012,1016,0,0,0,0,0,1,1,0,0,0,422.2721458,0,0,0,0,3,1,1,0.05,10,0,0,0,3,14,1,0.05,100,0,0,0,0,0,0,0,0,0,0,0,0,0,0,0,0,0,0,0,0,0,0,0,0,0,0,0,0,0,0,0,0,0,0,0,0,0,0,0,0,0,0,0,0,0,0,0,0,0,0,0
1989,240,0,38,23.231,2,8,1,0,0,0,1,1,25,1012,1012,1012,1016,0,0,0,0,0,1,1,0,0,0,422.3318235,0,0,0,0,3,1,1,0.05,10,0,0,0,3,14,1,0.05,100,0,0,0,0,0,0,0,0,0,0,0,0,0,0,0,0,0,0,0,0,0,0,0,0,0,0,0,0,0,0,0,0,0,0,0,0,0,0,0,0,0,0,0,0,0,0,0,0,0,0,0
1989,240,0,38,35.472,2,8,1,0,1,0,1,1,25,1012,1012,1012,1016,0,0,0,0,0,1,1,0,0,0,422.3522523,0,0,0,0,3,1,1,0.05,10,0,0,0,3,14,1,0.05,100,0,0,0,0,0,0,0,0,0,0,0,0,0,0,0,0,0,0,0,0,0,0,0,0,0,0,0,0,0,0,0,0,0,0,0,0,0,0,0,0,0,0,0,0,0,0,0,0,0,0,0
1989,240,0,39,11.232,2,8,1,0,0,0,1,1,25,1012,1012,1012,1016,0,0,0,0,0,1,1,0,0,0,422.4119316,0,0,0,0,3,1,1,0.05,10,0,0,0,3,14,1,0.05,100,0,0,0,0,0,0,0,0,0,0,0,0,0,0,0,0,0,0,0,0,0,0,0,0,0,0,0,0,0,0,0,0,0,0,0,0,0,0,0,0,0,0,0,0,0,0,0,0,0,0,0
1989,240,0,39,23.472,2,8,1,0,1,0,1,1,25,1012,1012,1012,1016,0,0,0,0,0,1,1,0,0,0,422.4323587,0,0,0,0,3,1,1,0.05,10,0,0,0,3,14,1,0.05,100,0,0,0,0,0,0,0,0,0,0,0,0,0,0,0,0,0,0,0,0,0,0,0,0,0,0,0,0,0,0,0,0,0,0,0,0,0,0,0,0,0,0,0,0,0,0,0,0,0,0,0
1989,240,0,42,2.83,2,8,1,0,1,0,1,1,25,1012,1012,1012,1016,0,0,0,0,0,1,1,0,0,0,422.6983081,0,0,0,0,3,1,1,0.05,10,0,0,0,3,14,1,0.05,100,0,0,0,0,0,0,0,0,0,0,0,0,0,0,0,0,0,0,0,0,0,0,0,0,0,0,0,0,0,0,0,0,0,0,0,0,0,0,0,0,0,0,0,0,0,0,0,0,0,0,0
1989,240,0,42,23.23,2,8,1,0,0,0,1,1,25,1012,1012,1012,1016,0,0,0,0,0,1,1,0,0,0,422.7323531,0,0,0,0,3,1,1,0.05,10,0,0,0,3,14,1,0.05,100,0,0,0,0,0,0,0,0,0,0,0,0,0,0,0,0,0,0,0,0,0,0,0,0,0,0,0,0,0,0,0,0,0,0,0,0,0,0,0,0,0,0,0,0,0,0,0,0,0,0,0
1989,240,0,42,35.471,2,8,1,0,1,0,1,1,25,1012,1012,1012,1016,0,0,0,0,0,1,1,0,0,0,422.7527818,0,0,0,0,3,1,1,0.05,10,0,0,0,3,14,1,0.05,100,0,0,0,0,0,0,0,0,0,0,0,0,0,0,0,0,0,0,0,0,0,0,0,0,0,0,0,0,0,0,0,0,0,0,0,0,0,0,0,0,0,0,0,0,0,0,0,0,0,0,0
1989,240,0,43,11.231,2,8,1,0,0,0,1,1,25,1012,1012,1012,1016,0,0,0,0,0,1,1,0,0,0,422.8124608,0,0,0,0,3,1,1,0.05,10,0,0,0,3,14,1,0.05,100,0,0,0,0,0,0,0,0,0,0,0,0,0,0,0,0,0,0,0,0,0,0,0,0,0,0,0,0,0,0,0,0,0,0,0,0,0,0,0,0,0,0,0,0,0,0,0,0,0,0,0
1989,240,0,43,23.471,2,8,1,0,1,0,1,1,25,1012,1012,1012,1016,0,0,0,0,0,1,1,0,0,0,422.8328878,0,0,0,0,3,1,1,0.05,10,0,0,0,3,14,1,0.05,100,0,0,0,0,0,0,0,0,0,0,0,0,0,0,0,0,0,0,0,0,0,0,0,0,0,0,0,0,0,0,0,0,0,0,0,0,0,0,0,0,0,0,0,0,0,0,0,0,0,0,0
1989,240,0,43,59.231,2,8,1,0,0,0,1,1,25,1012,1012,1012,1016,0,0,0,0,0,1,1,0,0,0,422.8925667,0,0,0,0,3,1,1,0.05,10,0,0,0,3,14,1,0.05,100,0,0,0,0,0,0,0,0,0,0,0,0,0,0,0,0,0,0,0,0,0,0,0,0,0,0,0,0,0,0,0,0,0,0,0,0,0,0,0,0,0,0,0,0,0,0,0,0,0,0,0
1989,240,0,44,11.471,2,8,1,0,1,0,1,1,25,1012,1012,1012,1016,0,0,0,0,0,1,1,0,0,0,422.9129937,0,0,0,0,3,1,1,0.05,10,0,0,0,3,14,1,0.05,100,0,0,0,0,0,0,0,0,0,0,0,0,0,0,0,0,0,0,0,0,0,0,0,0,0,0,0,0,0,0,0,0,0,0,0,0,0,0,0,0,0,0,0,0,0,0,0,0,0,0,0
1989,240,0,44,47.231,2,8,1,0,0,0,1,1,25,1012,1012,1012,1016,0,0,0,0,0,1,1,0,0,0,422.9726726,0,0,0,0,3,1,1,0.05,10,0,0,0,3,14,1,0.05,100,0,0,0,0,0,0,0,0,0,0,0,0,0,0,0,0,0,0,0,0,0,0,0,0,0,0,0,0,0,0,0,0,0,0,0,0,0,0,0,0,0,0,0,0,0,0,0,0,0,0,0
1989,240,0,44,59.471,2,8,1,0,1,0,1,1,25,1012,1012,1012,1016,0,0,0,0,0,1,1,0,0,0,422.9930995,0,0,0,0,3,1,1,0.05,10,0,0,0,3,14,1,0.05,100,0,0,0,0,0,0,0,0,0,0,0,0,0,0,0,0,0,0,0,0,0,0,0,0,0,0,0,0,0,0,0,0,0,0,0,0,0,0,0,0,0,0,0,0,0,0,0,0,0,0,0
1989,240,0,45,35.231,2,8,1,0,0,0,1,1,25,1012,1012,1012,1016,0,0,0,0,0,1,1,0,0,0,423.0527783,0,0,0,0,3,1,1,0.05,10,0,0,0,3,14,1,0.05,100,0,0,0,0,0,0,0,0,0,0,0,0,0,0,0,0,0,0,0,0,0,0,0,0,0,0,0,0,0,0,0,0,0,0,0,0,0,0,0,0,0,0,0,0,0,0,0,0,0,0,0
1989,240,0,45,47.471,2,8,1,0,1,0,1,1,25,1012,1012,1012,1016,0,0,0,0,0,1,1,0,0,0,423.0732053,0,0,0,0,3,1,1,0.05,10,0,0,0,3,14,1,0.05,100,0,0,0,0,0,0,0,0,0,0,0,0,0,0,0,0,0,0,0,0,0,0,0,0,0,0,0,0,0,0,0,0,0,0,0,0,0,0,0,0,0,0,0,0,0,0,0,0,0,0,0
1989,240,0,46,23.23,2,8,1,0,0,0,1,1,25,1012,1012,1012,1016,0,0,0,0,0,1,1,0,0,0,423.1328823,0,0,0,0,3,1,1,0.05,10,0,0,0,3,14,1,0.05,100,0,0,0,0,0,0,0,0,0,0,0,0,0,0,0,0,0,0,0,0,0,0,0,0,0,0,0,0,0,0,0,0,0,0,0,0,0,0,0,0,0,0,0,0,0,0,0,0,0,0,0
1989,240,0,46,35.471,2,8,1,0,1,0,1,1,25,1012,1012,1012,1016,0,0,0,0,0,1,1,0,0,0,423.1533109,0,0,0,0,3,1,1,0.05,10,0,0,0,3,14,1,0.05,100,0,0,0,0,0,0,0,0,0,0,0,0,0,0,0,0,0,0,0,0,0,0,0,0,0,0,0,0,0,0,0,0,0,0,0,0,0,0,0,0,0,0,0,0,0,0,0,0,0,0,0
1989,240,0,47,11.231,2,8,1,0,0,0,1,1,25,1012,1012,1012,1016,0,0,0,0,0,1,1,0,0,0,423.2129895,0,0,0,0,3,1,1,0.05,10,0,0,0,3,14,1,0.05,100,0,0,0,0,0,0,0,0,0,0,0,0,0,0,0,0,0,0,0,0,0,0,0,0,0,0,0,0,0,0,0,0,0,0,0,0,0,0,0,0,0,0,0,0,0,0,0,0,0,0,0
1989,240,0,47,23.471,2,8,1,0,1,0,1,1,25,1012,1012,1012,1016,0,0,0,0,0,1,1,0,0,0,423.2334164,0,0,0,0,3,1,1,0.05,10,0,0,0,3,14,1,0.05,100,0,0,0,0,0,0,0,0,0,0,0,0,0,0,0,0,0,0,0,0,0,0,0,0,0,0,0,0,0,0,0,0,0,0,0,0,0,0,0,0,0,0,0,0,0,0,0,0,0,0,0
1989,240,0,47,59.231,2,8,1,0,0,0,1,1,25,1012,1012,1012,1016,0,0,0,0,0,1,1,0,0,0,423.293095,0,0,0,0,3,1,1,0.05,10,0,0,0,3,14,1,0.05,100,0,0,0,0,0,0,0,0,0,0,0,0,0,0,0,0,0,0,0,0,0,0,0,0,0,0,0,0,0,0,0,0,0,0,0,0,0,0,0,0,0,0,0,0,0,0,0,0,0,0,0
1989,240,0,48,11.471,2,8,1,0,1,0,1,1,25,1012,1012,1012,1016,0,0,0,0,0,1,1,0,0,0,423.3135219,0,0,0,0,3,1,1,0.05,10,0,0,0,3,14,1,0.05,100,0,0,0,0,0,0,0,0,0,0,0,0,0,0,0,0,0,0,0,0,0,0,0,0,0,0,0,0,0,0,0,0,0,0,0,0,0,0,0,0,0,0,0,0,0,0,0,0,0,0,0
1989,240,0,48,47.231,2,8,1,0,0,0,1,1,25,1012,1012,1012,1016,0,0,0,0,0,1,1,0,0,0,423.3732004,0,0,0,0,3,1,1,0.05,10,0,0,0,3,14,1,0.05,100,0,0,0,0,0,0,0,0,0,0,0,0,0,0,0,0,0,0,0,0,0,0,0,0,0,0,0,0,0,0,0,0,0,0,0,0,0,0,0,0,0,0,0,0,0,0,0,0,0,0,0
1989,240,0,48,59.471,2,8,1,0,1,0,1,1,25,1012,1012,1012,1016,0,0,0,0,0,1,1,0,0,0,423.3936273,0,0,0,0,3,1,1,0.05,10,0,0,0,3,14,1,0.05,100,0,0,0,0,0,0,0,0,0,0,0,0,0,0,0,0,0,0,0,0,0,0,0,0,0,0,0,0,0,0,0,0,0,0,0,0,0,0,0,0,0,0,0,0,0,0,0,0,0,0,0
1989,240,0,49,35.231,2,8,1,0,0,0,1,1,25,1012,1012,1012,1016,0,0,0,0,0,1,1,0,0,0,423.4533057,0,0,0,0,3,1,1,0.05,10,0,0,0,3,14,1,0.05,100,0,0,0,0,0,0,0,0,0,0,0,0,0,0,0,0,0,0,0,0,0,0,0,0,0,0,0,0,0,0,0,0,0,0,0,0,0,0,0,0,0,0,0,0,0,0,0,0,0,0,0
1989,240,0,49,47.471,2,8,1,0,1,0,1,1,25,1012,1012,1012,1016,0,0,0,0,0,1,1,0,0,0,423.4737326,0,0,0,0,3,1,1,0.05,10,0,0,0,3,14,1,0.05,100,0,0,0,0,0,0,0,0,0,0,0,0,0,0,0,0,0,0,0,0,0,0,0,0,0,0,0,0,0,0,0,0,0,0,0,0,0,0,0,0,0,0,0,0,0,0,0,0,0,0,0
1989,240,0,50,23.23,2,8,1,0,0,0,1,1,25,1012,1012,1012,1016,0,0,0,0,0,1,1,0,0,0,423.5334093,0,0,0,0,3,1,1,0.05,10,0,0,0,3,14,1,0.05,100,0,0,0,0,0,0,0,0,0,0,0,0,0,0,0,0,0,0,0,0,0,0,0,0,0,0,0,0,0,0,0,0,0,0,0,0,0,0,0,0,0,0,0,0,0,0,0,0,0,0,0
1989,240,0,50,35.471,2,8,1,0,1,0,1,1,25,1012,1012,1012,1016,0,0,0,0,0,1,1,0,0,0,423.5538378,0,0,0,0,3,1,1,0.05,10,0,0,0,3,14,1,0.05,100,0,0,0,0,0,0,0,0,0,0,0,0,0,0,0,0,0,0,0,0,0,0,0,0,0,0,0,0,0,0,0,0,0,0,0,0,0,0,0,0,0,0,0,0,0,0,0,0,0,0,0
1989,240,0,51,11.231,2,8,1,0,0,0,1,1,25,1012,1012,1012,1016,0,0,0,0,0,1,1,0,0,0,423.6135161,0,0,0,0,3,1,1,0.05,10,0,0,0,3,14,1,0.05,100,0,0,0,0,0,0,0,0,0,0,0,0,0,0,0,0,0,0,0,0,0,0,0,0,0,0,0,0,0,0,0,0,0,0,0,0,0,0,0,0,0,0,0,0,0,0,0,0,0,0,0
1989,240,0,51,23.471,2,8,1,0,1,0,1,1,25,1012,1012,1012,1016,0,0,0,0,0,1,1,0,0,0,423.6339429,0,0,0,0,3,1,1,0.05,10,0,0,0,3,14,1,0.05,100,0,0,0,0,0,0,0,0,0,0,0,0,0,0,0,0,0,0,0,0,0,0,0,0,0,0,0,0,0,0,0,0,0,0,0,0,0,0,0,0,0,0,0,0,0,0,0,0,0,0,0
1989,240,0,54,2.83,2,8,1,0,1,0,1,1,25,1012,1012,1012,1016,0,0,0,0,0,1,1,0,0,0,423.8998896,0,0,0,0,3,1,1,0.05,10,0,0,0,3,14,1,0.05,100,0,0,0,0,0,0,0,0,0,0,0,0,0,0,0,0,0,0,0,0,0,0,0,0,0,0,0,0,0,0,0,0,0,0,0,0,0,0,0,0,0,0,0,0,0,0,0,0,0,0,0
1989,240,0,54,23.23,2,8,1,0,0,0,1,1,25,1012,1012,1012,1016,0,0,0,0,0,1,1,0,0,0,423.9339341,0,0,0,0,3,1,1,0.05,10,0,0,0,3,14,1,0.05,100,0,0,0,0,0,0,0,0,0,0,0,0,0,0,0,0,0,0,0,0,0,0,0,0,0,0,0,0,0,0,0,0,0,0,0,0,0,0,0,0,0,0,0,0,0,0,0,0,0,0,0
1989,240,0,54,35.471,2,8,1,0,1,0,1,1,25,1012,1012,1012,1016,0,0,0,0,0,1,1,0,0,0,423.9543625,0,0,0,0,3,1,1,0.05,10,0,0,0,3,14,1,0.05,100,0,0,0,0,0,0,0,0,0,0,0,0,0,0,0,0,0,0,0,0,0,0,0,0,0,0,0,0,0,0,0,0,0,0,0,0,0,0,0,0,0,0,0,0,0,0,0,0,0,0,0
1989,240,0,55,11.23,2,8,1,0,0,0,1,1,25,1012,1012,1012,1016,0,0,0,0,0,1,1,0,0,0,424.0140388,0,0,0,0,3,1,1,0.05,10,0,0,0,3,14,1,0.05,100,0,0,0,0,0,0,0,0,0,0,0,0,0,0,0,0,0,0,0,0,0,0,0,0,0,0,0,0,0,0,0,0,0,0,0,0,0,0,0,0,0,0,0,0,0,0,0,0,0,0,0
1989,240,0,55,23.47,2,8,1,0,1,0,1,1,25,1012,1012,1012,1016,0,0,0,0,0,1,1,0,0,0,424.0344655,0,0,0,0,3,1,1,0.05,10,0,0,0,3,14,1,0.05,100,0,0,0,0,0,0,0,0,0,0,0,0,0,0,0,0,0,0,0,0,0,0,0,0,0,0,0,0,0,0,0,0,0,0,0,0,0,0,0,0,0,0,0,0,0,0,0,0,0,0,0
1989,240,0,55,59.23,2,8,1,0,0,0,1,1,25,1012,1012,1012,1016,0,0,0,0,0,1,1,0,0,0,424.0941435,0,0,0,0,3,1,1,0.05,10,0,0,0,3,14,1,0.05,100,0,0,0,0,0,0,0,0,0,0,0,0,0,0,0,0,0,0,0,0,0,0,0,0,0,0,0,0,0,0,0,0,0,0,0,0,0,0,0,0,0,0,0,0,0,0,0,0,0,0,0
1989,240,0,56,11.47,2,8,1,0,1,0,1,1,25,1012,1012,1012,1016,0,0,0,0,0,1,1,0,0,0,424.1145701,0,0,0,0,3,1,1,0.05,10,0,0,0,3,14,1,0.05,100,0,0,0,0,0,0,0,0,0,0,0,0,0,0,0,0,0,0,0,0,0,0,0,0,0,0,0,0,0,0,0,0,0,0,0,0,0,0,0,0,0,0,0,0,0,0,0,0,0,0,0
1989,240,0,56,47.23,2,8,1,0,0,0,1,1,25,1012,1012,1012,1016,0,0,0,0,0,1,1,0,0,0,424.174248,0,0,0,0,3,1,1,0.05,10,0,0,0,3,14,1,0.05,100,0,0,0,0,0,0,0,0,0,0,0,0,0,0,0,0,0,0,0,0,0,0,0,0,0,0,0,0,0,0,0,0,0,0,0,0,0,0,0,0,0,0,0,0,0,0,0,0,0,0,0
1989,240,0,56,59.469,2,8,1,0,1,0,1,1,25,1012,1012,1012,1016,0,0,0,0,0,1,1,0,0,0,424.194673,0,0,0,0,3,1,1,0.05,10,0,0,0,3,14,1,0.05,100,0,0,0,0,0,0,0,0,0,0,0,0,0,0,0,0,0,0,0,0,0,0,0,0,0,0,0,0,0,0,0,0,0,0,0,0,0,0,0,0,0,0,0,0,0,0,0,0,0,0,0
1989,240,0,57,35.23,2,8,1,0,0,0,1,1,25,1012,1012,1012,1016,0,0,0,0,0,1,1,0,0,0,424.2543524,0,0,0,0,3,1,1,0.05,10,0,0,0,3,14,1,0.05,100,0,0,0,0,0,0,0,0,0,0,0,0,0,0,0,0,0,0,0,0,0,0,0,0,0,0,0,0,0,0,0,0,0,0,0,0,0,0,0,0,0,0,0,0,0,0,0,0,0,0,0
1989,240,0,57,47.469,2,8,1,0,1,0,1,1,25,1012,1012,1012,1016,0,0,0,0,0,1,1,0,0,0,424.2747774,0,0,0,0,3,1,1,0.05,10,0,0,0,3,14,1,0.05,100,0,0,0,0,0,0,0,0,0,0,0,0,0,0,0,0,0,0,0,0,0,0,0,0,0,0,0,0,0,0,0,0,0,0,0,0,0,0,0,0,0,0,0,0,0,0,0,0,0,0,0
1989,240,0,58,23.23,2,8,1,0,0,0,1,1,25,1012,1012,1012,1016,0,0,0,0,0,1,1,0,0,0,424.3344568,0,0,0,0,3,1,1,0.05,10,0,0,0,3,14,1,0.05,100,0,0,0,0,0,0,0,0,0,0,0,0,0,0,0,0,0,0,0,0,0,0,0,0,0,0,0,0,0,0,0,0,0,0,0,0,0,0,0,0,0,0,0,0,0,0,0,0,0,0,0
1989,240,0,58,35.47,2,8,1,0,1,0,1,1,25,1012,1012,1012,1016,0,0,0,0,0,1,1,0,0,0,424.3548834,0,0,0,0,3,1,1,0.05,10,0,0,0,3,14,1,0.05,100,0,0,0,0,0,0,0,0,0,0,0,0,0,0,0,0,0,0,0,0,0,0,0,0,0,0,0,0,0,0,0,0,0,0,0,0,0,0,0,0,0,0,0,0,0,0,0,0,0,0,0
1989,240,0,59,11.23,2,8,1,0,0,0,1,1,25,1012,1012,1012,1016,0,0,0,0,0,1,1,0,0,0,424.4145611,0,0,0,0,3,1,1,0.05,10,0,0,0,3,14,1,0.05,100,0,0,0,0,0,0,0,0,0,0,0,0,0,0,0,0,0,0,0,0,0,0,0,0,0,0,0,0,0,0,0,0,0,0,0,0,0,0,0,0,0,0,0,0,0,0,0,0,0,0,0
1989,240,0,59,23.47,2,8,1,0,1,0,1,1,25,1012,1012,1012,1016,0,0,0,0,0,1,1,0,0,0,424.4349876,0,0,0,0,3,1,1,0.05,10,0,0,0,3,14,1,0.05,100,0,0,0,0,0,0,0,0,0,0,0,0,0,0,0,0,0,0,0,0,0,0,0,0,0,0,0,0,0,0,0,0,0,0,0,0,0,0,0,0,0,0,0,0,0,0,0,0,0,0,0
1989,240,0,59,59.23,2,8,1,0,0,0,1,1,25,1012,1012,1012,1016,0,0,0,0,0,1,1,0,0,0,424.4946653,0,0,0,0,3,1,1,0.05,10,0,0,0,3,14,1,0.05,100,0,0,0,0,0,0,0,0,0,0,0,0,0,0,0,0,0,0,0,0,0,0,0,0,0,0,0,0,0,0,0,0,0,0,0,0,0,0,0,0,0,0,0,0,0,0,0,0,0,0,0
1989,240,1,0,11.47,2,8,1,0,1,0,1,1,25,1012,1012,1012,1016,0,0,0,0,0,1,1,0,0,0,424.5150918,0,0,0,0,3,1,1,0.05,10,0,0,0,3,14,1,0.05,100,0,0,0,0,0,0,0,0,0,0,0,0,0,0,0,0,0,0,0,0,0,0,0,0,0,0,0,0,0,0,0,0,0,0,0,0,0,0,0,0,0,0,0,0,0,0,0,0,0,0,0
1989,240,1,0,47.23,2,8,1,0,0,0,1,1,25,1012,1012,1012,1016,0,0,0,0,0,1,1,0,0,0,424.5747694,0,0,0,0,3,1,1,0.05,10,0,0,0,3,14,1,0.05,100,0,0,0,0,0,0,0,0,0,0,0,0,0,0,0,0,0,0,0,0,0,0,0,0,0,0,0,0,0,0,0,0,0,0,0,0,0,0,0,0,0,0,0,0,0,0,0,0,0,0,0
1989,240,1,0,59.469,2,8,1,0,1,0,1,1,25,1012,1012,1012,1016,0,0,0,0,0,1,1,0,0,0,424.5951942,0,0,0,0,3,1,1,0.05,10,0,0,0,3,14,1,0.05,100,0,0,0,0,0,0,0,0,0,0,0,0,0,0,0,0,0,0,0,0,0,0,0,0,0,0,0,0,0,0,0,0,0,0,0,0,0,0,0,0,0,0,0,0,0,0,0,0,0,0,0
1989,240,1,1,35.23,2,8,1,0,0,0,1,1,25,1012,1012,1012,1016,0,0,0,0,0,1,1,0,0,0,424.6548734,0,0,0,0,3,1,1,0.05,10,0,0,0,3,14,1,0.05,100,0,0,0,0,0,0,0,0,0,0,0,0,0,0,0,0,0,0,0,0,0,0,0,0,0,0,0,0,0,0,0,0,0,0,0,0,0,0,0,0,0,0,0,0,0,0,0,0,0,0,0
1989,240,1,1,47.469,2,8,1,0,1,0,1,1,25,1012,1012,1012,1016,0,0,0,0,0,1,1,0,0,0,424.6752982,0,0,0,0,3,1,1,0.05,10,0,0,0,3,14,1,0.05,100,0,0,0,0,0,0,0,0,0,0,0,0,0,0,0,0,0,0,0,0,0,0,0,0,0,0,0,0,0,0,0,0,0,0,0,0,0,0,0,0,0,0,0,0,0,0,0,0,0,0,0
1989,240,1,2,23.23,2,8,1,0,0,0,1,1,25,1012,1012,1012,1016,0,0,0,0,0,1,1,0,0,0,424.7349773,0,0,0,0,3,1,1,0.05,10,0,0,0,3,14,1,0.05,100,0,0,0,0,0,0,0,0,0,0,0,0,0,0,0,0,0,0,0,0,0,0,0,0,0,0,0,0,0,0,0,0,0,0,0,0,0,0,0,0,0,0,0,0,0,0,0,0,0,0,0
1989,240,1,2,35.47,2,8,1,0,1,0,1,1,25,1012,1012,1012,1016,0,0,0,0,0,1,1,0,0,0,424.7554038,0,0,0,0,3,1,1,0.05,10,0,0,0,3,14,1,0.05,100,0,0,0,0,0,0,0,0,0,0,0,0,0,0,0,0,0,0,0,0,0,0,0,0,0,0,0,0,0,0,0,0,0,0,0,0,0,0,0,0,0,0,0,0,0,0,0,0,0,0,0
1989,240,1,3,11.23,2,8,1,0,0,0,1,1,25,1012,1012,1012,1016,0,0,0,0,0,1,1,0,0,0,424.8150812,0,0,0,0,3,1,1,0.05,10,0,0,0,3,14,1,0.05,100,0,0,0,0,0,0,0,0,0,0,0,0,0,0,0,0,0,0,0,0,0,0,0,0,0,0,0,0,0,0,0,0,0,0,0,0,0,0,0,0,0,0,0,0,0,0,0,0,0,0,0
1989,240,1,3,23.47,2,8,1,0,1,0,1,1,25,1012,1012,1012,1016,0,0,0,0,0,1,1,0,0,0,424.8355076,0,0,0,0,3,1,1,0.05,10,0,0,0,3,14,1,0.05,100,0,0,0,0,0,0,0,0,0,0,0,0,0,0,0,0,0,0,0,0,0,0,0,0,0,0,0,0,0,0,0,0,0,0,0,0,0,0,0,0,0,0,0,0,0,0,0,0,0,0,0
1989,240,1,6,2.829,2,8,1,0,1,0,1,1,25,1012,1012,1012,1016,0,0,0,0,0,1,1,0,0,0,425.10145,0,0,0,0,3,1,1,0.05,10,0,0,0,3,14,1,0.05,100,0,0,0,0,0,0,0,0,0,0,0,0,0,0,0,0,0,0,0,0,0,0,0,0,0,0,0,0,0,0,0,0,0,0,0,0,0,0,0,0,0,0,0,0,0,0,0,0,0,0,0
1989,240,1,6,23.23,2,8,1,0,0,0,1,1,25,1012,1012,1012,1016,0,0,0,0,0,1,1,0,0,0,425.1354957,0,0,0,0,3,1,1,0.05,10,0,0,0,3,14,1,0.05,100,0,0,0,0,0,0,0,0,0,0,0,0,0,0,0,0,0,0,0,0,0,0,0,0,0,0,0,0,0,0,0,0,0,0,0,0,0,0,0,0,0,0,0,0,0,0,0,0,0,0,0
1989,240,1,6,35.47,2,8,1,0,1,0,1,1,25,1012,1012,1012,1016,0,0,0,0,0,1,1,0,0,0,425.1559221,0,0,0,0,3,1,1,0.05,10,0,0,0,3,14,1,0.05,100,0,0,0,0,0,0,0,0,0,0,0,0,0,0,0,0,0,0,0,0,0,0,0,0,0,0,0,0,0,0,0,0,0,0,0,0,0,0,0,0,0,0,0,0,0,0,0,0,0,0,0
1989,240,1,7,11.23,2,8,1,0,0,0,1,1,25,1012,1012,1012,1016,0,0,0,0,0,1,1,0,0,0,425.2155991,0,0,0,0,3,1,1,0.05,10,0,0,0,3,14,1,0.05,100,0,0,0,0,0,0,0,0,0,0,0,0,0,0,0,0,0,0,0,0,0,0,0,0,0,0,0,0,0,0,0,0,0,0,0,0,0,0,0,0,0,0,0,0,0,0,0,0,0,0,0
1989,240,1,7,23.47,2,8,1,0,1,0,1,1,25,1012,1012,1012,1016,0,0,0,0,0,1,1,0,0,0,425.2360254,0,0,0,0,3,1,1,0.05,10,0,0,0,3,14,1,0.05,100,0,0,0,0,0,0,0,0,0,0,0,0,0,0,0,0,0,0,0,0,0,0,0,0,0,0,0,0,0,0,0,0,0,0,0,0,0,0,0,0,0,0,0,0,0,0,0,0,0,0,0
1989,240,1,7,59.23,2,8,1,0,0,0,1,1,25,1012,1012,1012,1016,0,0,0,0,0,1,1,0,0,0,425.2957024,0,0,0,0,3,1,1,0.05,10,0,0,0,3,14,1,0.05,100,0,0,0,0,0,0,0,0,0,0,0,0,0,0,0,0,0,0,0,0,0,0,0,0,0,0,0,0,0,0,0,0,0,0,0,0,0,0,0,0,0,0,0,0,0,0,0,0,0,0,0
1989,240,1,8,11.47,2,8,1,0,1,0,1,1,25,1012,1012,1012,1016,0,0,0,0,0,1,1,0,0,0,425.3161288,0,0,0,0,3,1,1,0.05,10,0,0,0,3,14,1,0.05,100,0,0,0,0,0,0,0,0,0,0,0,0,0,0,0,0,0,0,0,0,0,0,0,0,0,0,0,0,0,0,0,0,0,0,0,0,0,0,0,0,0,0,0,0,0,0,0,0,0,0,0
1989,240,1,8,47.229,2,8,1,0,0,0,1,1,25,1012,1012,1012,1016,0,0,0,0,0,1,1,0,0,0,425.375804,0,0,0,0,3,1,1,0.05,10,0,0,0,3,14,1,0.05,100,0,0,0,0,0,0,0,0,0,0,0,0,0,0,0,0,0,0,0,0,0,0,0,0,0,0,0,0,0,0,0,0,0,0,0,0,0,0,0,0,0,0,0,0,0,0,0,0,0,0,0
1989,240,1,8,59.468,2,8,1,0,1,0,1,1,25,1012,1012,1012,1016,0,0,0,0,0,1,1,0,0,0,425.3962286,0,0,0,0,3,1,1,0.05,10,0,0,0,3,14,1,0.05,100,0,0,0,0,0,0,0,0,0,0,0,0,0,0,0,0,0,0,0,0,0,0,0,0,0,0,0,0,0,0,0,0,0,0,0,0,0,0,0,0,0,0,0,0,0,0,0,0,0,0,0
1989,240,1,9,35.229,2,8,1,0,0,0,1,1,25,1012,1012,1012,1016,0,0,0,0,0,1,1,0,0,0,425.4559071,0,0,0,0,3,1,1,0.05,10,0,0,0,3,14,1,0.05,100,0,0,0,0,0,0,0,0,0,0,0,0,0,0,0,0,0,0,0,0,0,0,0,0,0,0,0,0,0,0,0,0,0,0,0,0,0,0,0,0,0,0,0,0,0,0,0,0,0,0,0
1989,240,1,9,47.468,2,8,1,0,1,0,1,1,25,1012,1012,1012,1016,0,0,0,0,0,1,1,0,0,0,425.4763318,0,0,0,0,3,1,1,0.05,10,0,0,0,3,14,1,0.05,100,0,0,0,0,0,0,0,0,0,0,0,0,0,0,0,0,0,0,0,0,0,0,0,0,0,0,0,0,0,0,0,0,0,0,0,0,0,0,0,0,0,0,0,0,0,0,0,0,0,0,0
1989,240,1,10,23.228,2,8,1,0,0,0,1,1,25,1012,1012,1012,1016,0,0,0,0,0,1,1,0,0,0,425.5360085,0,0,0,0,3,1,1,0.05,10,0,0,0,3,14,1,0.05,100,0,0,0,0,0,0,0,0,0,0,0,0,0,0,0,0,0,0,0,0,0,0,0,0,0,0,0,0,0,0,0,0,0,0,0,0,0,0,0,0,0,0,0,0,0,0,0,0,0,0,0
1989,240,1,10,35.468,2,8,1,0,1,0,1,1,25,1012,1012,1012,1016,0,0,0,0,0,1,1,0,0,0,425.5564348,0,0,0,0,3,1,1,0.05,10,0,0,0,3,14,1,0.05,100,0,0,0,0,0,0,0,0,0,0,0,0,0,0,0,0,0,0,0,0,0,0,0,0,0,0,0,0,0,0,0,0,0,0,0,0,0,0,0,0,0,0,0,0,0,0,0,0,0,0,0
1989,240,1,11,11.229,2,8,1,0,0,0,1,1,25,1012,1012,1012,1016,0,0,0,0,0,1,1,0,0,0,425.6161132,0,0,0,0,3,1,1,0.05,10,0,0,0,3,14,1,0.05,100,0,0,0,0,0,0,0,0,0,0,0,0,0,0,0,0,0,0,0,0,0,0,0,0,0,0,0,0,0,0,0,0,0,0,0,0,0,0,0,0,0,0,0,0,0,0,0,0,0,0,0
1989,240,1,11,23.469,2,8,1,0,1,0,1,1,25,1012,1012,1012,1016,0,0,0,0,0,1,1,0,0,0,425.6365395,0,0,0,0,3,1,1,0.05,10,0,0,0,3,14,1,0.05,100,0,0,0,0,0,0,0,0,0,0,0,0,0,0,0,0,0,0,0,0,0,0,0,0,0,0,0,0,0,0,0,0,0,0,0,0,0,0,0,0,0,0,0,0,0,0,0,0,0,0,0
1989,240,1,11,59.229,2,8,1,0,0,0,1,1,25,1012,1012,1012,1016,0,0,0,0,0,1,1,0,0,0,425.6962161,0,0,0,0,3,1,1,0.05,10,0,0,0,3,14,1,0.05,100,0,0,0,0,0,0,0,0,0,0,0,0,0,0,0,0,0,0,0,0,0,0,0,0,0,0,0,0,0,0,0,0,0,0,0,0,0,0,0,0,0,0,0,0,0,0,0,0,0,0,0
1989,240,1,12,11.469,2,8,1,0,1,0,1,1,25,1012,1012,1012,1016,0,0,0,0,0,1,1,0,0,0,425.7166423,0,0,0,0,3,1,1,0.05,10,0,0,0,3,14,1,0.05,100,0,0,0,0,0,0,0,0,0,0,0,0,0,0,0,0,0,0,0,0,0,0,0,0,0,0,0,0,0,0,0,0,0,0,0,0,0,0,0,0,0,0,0,0,0,0,0,0,0,0,0
1989,240,1,12,47.229,2,8,1,0,0,0,1,1,25,1012,1012,1012,1016,0,0,0,0,0,1,1,0,0,0,425.7763189,0,0,0,0,3,1,1,0.05,10,0,0,0,3,14,1,0.05,100,0,0,0,0,0,0,0,0,0,0,0,0,0,0,0,0,0,0,0,0,0,0,0,0,0,0,0,0,0,0,0,0,0,0,0,0,0,0,0,0,0,0,0,0,0,0,0,0,0,0,0
1989,240,1,12,59.468,2,8,1,0,1,0,1,1,25,1012,1012,1012,1016,0,0,0,0,0,1,1,0,0,0,425.7967435,0,0,0,0,3,1,1,0.05,10,0,0,0,3,14,1,0.05,100,0,0,0,0,0,0,0,0,0,0,0,0,0,0,0,0,0,0,0,0,0,0,0,0,0,0,0,0,0,0,0,0,0,0,0,0,0,0,0,0,0,0,0,0,0,0,0,0,0,0,0
1989,240,1,13,35.229,2,8,1,0,0,0,1,1,25,1012,1012,1012,1016,0,0,0,0,0,1,1,0,0,0,425.8564216,0,0,0,0,3,1,1,0.05,10,0,0,0,3,14,1,0.05,100,0,0,0,0,0,0,0,0,0,0,0,0,0,0,0,0,0,0,0,0,0,0,0,0,0,0,0,0,0,0,0,0,0,0,0,0,0,0,0,0,0,0,0,0,0,0,0,0,0,0,0
1989,240,1,13,47.468,2,8,1,0,1,0,1,1,25,1012,1012,1012,1016,0,0,0,0,0,1,1,0,0,0,425.8768462,0,0,0,0,3,1,1,0.05,10,0,0,0,3,14,1,0.05,100,0,0,0,0,0,0,0,0,0,0,0,0,0,0,0,0,0,0,0,0,0,0,0,0,0,0,0,0,0,0,0,0,0,0,0,0,0,0,0,0,0,0,0,0,0,0,0,0,0,0,0
1989,240,1,14,23.228,2,8,1,0,0,0,1,1,25,1012,1012,1012,1016,0,0,0,0,0,1,1,0,0,0,425.9365226,0,0,0,0,3,1,1,0.05,10,0,0,0,3,14,1,0.05,100,0,0,0,0,0,0,0,0,0,0,0,0,0,0,0,0,0,0,0,0,0,0,0,0,0,0,0,0,0,0,0,0,0,0,0,0,0,0,0,0,0,0,0,0,0,0,0,0,0,0,0
1989,240,1,14,35.468,2,8,1,0,1,0,1,1,25,1012,1012,1012,1016,0,0,0,0,0,1,1,0,0,0,425.9569488,0,0,0,0,3,1,1,0.05,10,0,0,0,3,14,1,0.05,100,0,0,0,0,0,0,0,0,0,0,0,0,0,0,0,0,0,0,0,0,0,0,0,0,0,0,0,0,0,0,0,0,0,0,0,0,0,0,0,0,0,0,0,0,0,0,0,0,0,0,0
1989,240,1,15,11.229,2,8,1,0,0,0,1,1,25,1012,1012,1012,1016,0,0,0,0,0,1,1,0,0,0,426.0166268,0,0,0,0,3,1,1,0.05,10,0,0,0,3,14,1,0.05,100,0,0,0,0,0,0,0,0,0,0,0,0,0,0,0,0,0,0,0,0,0,0,0,0,0,0,0,0,0,0,0,0,0,0,0,0,0,0,0,0,0,0,0,0,0,0,0,0,0,0,0
1989,240,1,15,23.469,2,8,1,0,1,0,1,1,25,1012,1012,1012,1016,0,0,0,0,0,1,1,0,0,0,426.037053,0,0,0,0,3,1,1,0.05,10,0,0,0,3,14,1,0.05,100,0,0,0,0,0,0,0,0,0,0,0,0,0,0,0,0,0,0,0,0,0,0,0,0,0,0,0,0,0,0,0,0,0,0,0,0,0,0,0,0,0,0,0,0,0,0,0,0,0,0,0
1989,240,1,18,2.828,2,8,1,0,1,0,1,1,25,1012,1012,1012,1016,0,0,0,0,0,1,1,0,0,0,426.3029911,0,0,0,0,3,1,1,0.05,10,0,0,0,3,14,1,0.05,100,0,0,0,0,0,0,0,0,0,0,0,0,0,0,0,0,0,0,0,0,0,0,0,0,0,0,0,0,0,0,0,0,0,0,0,0,0,0,0,0,0,0,0,0,0,0,0,0,0,0,0
1989,240,1,18,23.228,2,8,1,0,0,0,1,1,25,1012,1012,1012,1016,0,0,0,0,0,1,1,0,0,0,426.3370345,0,0,0,0,3,1,1,0.05,10,0,0,0,3,14,1,0.05,100,0,0,0,0,0,0,0,0,0,0,0,0,0,0,0,0,0,0,0,0,0,0,0,0,0,0,0,0,0,0,0,0,0,0,0,0,0,0,0,0,0,0,0,0,0,0,0,0,0,0,0
1989,240,1,18,35.468,2,8,1,0,1,0,1,1,25,1012,1012,1012,1016,0,0,0,0,0,1,1,0,0,0,426.3574606,0,0,0,0,3,1,1,0.05,10,0,0,0,3,14,1,0.05,100,0,0,0,0,0,0,0,0,0,0,0,0,0,0,0,0,0,0,0,0,0,0,0,0,0,0,0,0,0,0,0,0,0,0,0,0,0,0,0,0,0,0,0,0,0,0,0,0,0,0,0
1989,240,1,19,11.229,2,8,1,0,0,0,1,1,25,1012,1012,1012,1016,0,0,0,0,0,1,1,0,0,0,426.4171383,0,0,0,0,3,1,1,0.05,10,0,0,0,3,14,1,0.05,100,0,0,0,0,0,0,0,0,0,0,0,0,0,0,0,0,0,0,0,0,0,0,0,0,0,0,0,0,0,0,0,0,0,0,0,0,0,0,0,0,0,0,0,0,0,0,0,0,0,0,0
1989,240,1,19,23.469,2,8,1,0,1,0,1,1,25,1012,1012,1012,1016,0,0,0,0,0,1,1,0,0,0,426.4375644,0,0,0,0,3,1,1,0.05,10,0,0,0,3,14,1,0.05,100,0,0,0,0,0,0,0,0,0,0,0,0,0,0,0,0,0,0,0,0,0,0,0,0,0,0,0,0,0,0,0,0,0,0,0,0,0,0,0,0,0,0,0,0,0,0,0,0,0,0,0
1989,240,1,19,59.229,2,8,1,0,0,0,1,1,25,1012,1012,1012,1016,0,0,0,0,0,1,1,0,0,0,426.4972404,0,0,0,0,3,1,1,0.05,10,0,0,0,3,14,1,0.05,100,0,0,0,0,0,0,0,0,0,0,0,0,0,0,0,0,0,0,0,0,0,0,0,0,0,0,0,0,0,0,0,0,0,0,0,0,0,0,0,0,0,0,0,0,0,0,0,0,0,0,0
1989,240,1,20,11.469,2,8,1,0,1,0,1,1,25,1012,1012,1012,1016,0,0,0,0,0,1,1,0,0,0,426.5176664,0,0,0,0,3,1,1,0.05,10,0,0,0,3,14,1,0.05,100,0,0,0,0,0,0,0,0,0,0,0,0,0,0,0,0,0,0,0,0,0,0,0,0,0,0,0,0,0,0,0,0,0,0,0,0,0,0,0,0,0,0,0,0,0,0,0,0,0,0,0
1989,240,1,20,47.229,2,8,1,0,0,0,1,1,25,1012,1012,1012,1016,0,0,0,0,0,1,1,0,0,0,426.5773424,0,0,0,0,3,1,1,0.05,10,0,0,0,3,14,1,0.05,100,0,0,0,0,0,0,0,0,0,0,0,0,0,0,0,0,0,0,0,0,0,0,0,0,0,0,0,0,0,0,0,0,0,0,0,0,0,0,0,0,0,0,0,0,0,0,0,0,0,0,0
1989,240,1,20,59.468,2,8,1,0,1,0,1,1,25,1012,1012,1012,1016,0,0,0,0,0,1,1,0,0,0,426.5977667,0,0,0,0,3,1,1,0.05,10,0,0,0,3,14,1,0.05,100,0,0,0,0,0,0,0,0,0,0,0,0,0,0,0,0,0,0,0,0,0,0,0,0,0,0,0,0,0,0,0,0,0,0,0,0,0,0,0,0,0,0,0,0,0,0,0,0,0,0,0
1989,240,1,21,35.228,2,8,1,0,0,0,1,1,25,1012,1012,1012,1016,0,0,0,0,0,1,1,0,0,0,426.6574426,0,0,0,0,3,1,1,0.05,10,0,0,0,3,14,1,0.05,100,0,0,0,0,0,0,0,0,0,0,0,0,0,0,0,0,0,0,0,0,0,0,0,0,0,0,0,0,0,0,0,0,0,0,0,0,0,0,0,0,0,0,0,0,0,0,0,0,0,0,0
1989,240,1,21,47.468,2,8,1,0,1,0,1,1,25,1012,1012,1012,1016,0,0,0,0,0,1,1,0,0,0,426.6778685,0,0,0,0,3,1,1,0.05,10,0,0,0,3,14,1,0.05,100,0,0,0,0,0,0,0,0,0,0,0,0,0,0,0,0,0,0,0,0,0,0,0,0,0,0,0,0,0,0,0,0,0,0,0,0,0,0,0,0,0,0,0,0,0,0,0,0,0,0,0
1989,240,1,22,23.227,2,8,1,0,0,0,1,1,25,1012,1012,1012,1016,0,0,0,0,0,1,1,0,0,0,426.7375427,0,0,0,0,3,1,1,0.05,10,0,0,0,3,14,1,0.05,100,0,0,0,0,0,0,0,0,0,0,0,0,0,0,0,0,0,0,0,0,0,0,0,0,0,0,0,0,0,0,0,0,0,0,0,0,0,0,0,0,0,0,0,0,0,0,0,0,0,0,0
1989,240,1,22,35.468,2,8,1,0,1,0,1,1,25,1012,1012,1012,1016,0,0,0,0,0,1,1,0,0,0,426.7579703,0,0,0,0,3,1,1,0.05,10,0,0,0,3,14,1,0.05,100,0,0,0,0,0,0,0,0,0,0,0,0,0,0,0,0,0,0,0,0,0,0,0,0,0,0,0,0,0,0,0,0,0,0,0,0,0,0,0,0,0,0,0,0,0,0,0,0,0,0,0
1989,240,1,23,11.228,2,8,1,0,0,0,1,1,25,1012,1012,1012,1016,0,0,0,0,0,1,1,0,0,0,426.817646,0,0,0,0,3,1,1,0.05,10,0,0,0,3,14,1,0.05,100,0,0,0,0,0,0,0,0,0,0,0,0,0,0,0,0,0,0,0,0,0,0,0,0,0,0,0,0,0,0,0,0,0,0,0,0,0,0,0,0,0,0,0,0,0,0,0,0,0,0,0
1989,240,1,23,23.468,2,8,1,0,1,0,1,1,25,1012,1012,1012,1016,0,0,0,0,0,1,1,0,0,0,426.838072,0,0,0,0,3,1,1,0.05,10,0,0,0,3,14,1,0.05,100,0,0,0,0,0,0,0,0,0,0,0,0,0,0,0,0,0,0,0,0,0,0,0,0,0,0,0,0,0,0,0,0,0,0,0,0,0,0,0,0,0,0,0,0,0,0,0,0,0,0,0
1989,240,1,23,59.228,2,8,1,0,0,0,1,1,25,1012,1012,1012,1016,0,0,0,0,0,1,1,0,0,0,426.8977477,0,0,0,0,3,1,1,0.05,10,0,0,0,3,14,1,0.05,100,0,0,0,0,0,0,0,0,0,0,0,0,0,0,0,0,0,0,0,0,0,0,0,0,0,0,0,0,0,0,0,0,0,0,0,0,0,0,0,0,0,0,0,0,0,0,0,0,0,0,0
1989,240,1,24,11.467,2,8,1,0,1,0,1,1,25,1012,1012,1012,1016,0,0,0,0,0,1,1,0,0,0,426.9181719,0,0,0,0,3,1,1,0.05,10,0,0,0,3,14,1,0.05,100,0,0,0,0,0,0,0,0,0,0,0,0,0,0,0,0,0,0,0,0,0,0,0,0,0,0,0,0,0,0,0,0,0,0,0,0,0,0,0,0,0,0,0,0,0,0,0,0,0,0,0
1989,240,1,24,47.228,2,8,1,0,0,0,1,1,25,1012,1012,1012,1016,0,0,0,0,0,1,1,0,0,0,426.9778492,0,0,0,0,3,1,1,0.05,10,0,0,0,3,14,1,0.05,100,0,0,0,0,0,0,0,0,0,0,0,0,0,0,0,0,0,0,0,0,0,0,0,0,0,0,0,0,0,0,0,0,0,0,0,0,0,0,0,0,0,0,0,0,0,0,0,0,0,0,0
1989,240,1,24,59.468,2,8,1,0,1,0,1,1,25,1012,1012,1012,1016,0,0,0,0,0,1,1,0,0,0,426.9982751,0,0,0,0,3,1,1,0.05,10,0,0,0,3,14,1,0.05,100,0,0,0,0,0,0,0,0,0,0,0,0,0,0,0,0,0,0,0,0,0,0,0,0,0,0,0,0,0,0,0,0,0,0,0,0,0,0,0,0,0,0,0,0,0,0,0,0,0,0,0
1989,240,1,25,35.228,2,8,1,0,0,0,1,1,25,1012,1012,1012,1016,0,0,0,0,0,1,1,0,0,0,427.0579506,0,0,0,0,3,1,1,0.05,10,0,0,0,3,14,1,0.05,100,0,0,0,0,0,0,0,0,0,0,0,0,0,0,0,0,0,0,0,0,0,0,0,0,0,0,0,0,0,0,0,0,0,0,0,0,0,0,0,0,0,0,0,0,0,0,0,0,0,0,0
1989,240,1,25,47.468,2,8,1,0,1,0,1,1,25,1012,1012,1012,1016,0,0,0,0,0,1,1,0,0,0,427.0783765,0,0,0,0,3,1,1,0.05,10,0,0,0,3,14,1,0.05,100,0,0,0,0,0,0,0,0,0,0,0,0,0,0,0,0,0,0,0,0,0,0,0,0,0,0,0,0,0,0,0,0,0,0,0,0,0,0,0,0,0,0,0,0,0,0,0,0,0,0,0
1989,240,1,26,23.227,2,8,1,0,0,0,1,1,25,1012,1012,1012,1016,0,0,0,0,0,1,1,0,0,0,427.1380503,0,0,0,0,3,1,1,0.05,10,0,0,0,3,14,1,0.05,100,0,0,0,0,0,0,0,0,0,0,0,0,0,0,0,0,0,0,0,0,0,0,0,0,0,0,0,0,0,0,0,0,0,0,0,0,0,0,0,0,0,0,0,0,0,0,0,0,0,0,0
1989,240,1,26,35.468,2,8,1,0,1,0,1,1,25,1012,1012,1012,1016,0,0,0,0,0,1,1,0,0,0,427.1584778,0,0,0,0,3,1,1,0.05,10,0,0,0,3,14,1,0.05,100,0,0,0,0,0,0,0,0,0,0,0,0,0,0,0,0,0,0,0,0,0,0,0,0,0,0,0,0,0,0,0,0,0,0,0,0,0,0,0,0,0,0,0,0,0,0,0,0,0,0,0
1989,240,1,27,11.228,2,8,1,0,0,0,1,1,25,1012,1012,1012,1016,0,0,0,0,0,1,1,0,0,0,427.2181533,0,0,0,0,3,1,1,0.05,10,0,0,0,3,14,1,0.05,100,0,0,0,0,0,0,0,0,0,0,0,0,0,0,0,0,0,0,0,0,0,0,0,0,0,0,0,0,0,0,0,0,0,0,0,0,0,0,0,0,0,0,0,0,0,0,0,0,0,0,0
1989,240,1,27,23.468,2,8,1,0,1,0,1,1,25,1012,1012,1012,1016,0,0,0,0,0,1,1,0,0,0,427.2385791,0,0,0,0,3,1,1,0.05,10,0,0,0,3,14,1,0.05,100,0,0,0,0,0,0,0,0,0,0,0,0,0,0,0,0,0,0,0,0,0,0,0,0,0,0,0,0,0,0,0,0,0,0,0,0,0,0,0,0,0,0,0,0,0,0,0,0,0,0,0
1989,240,1,30,2.827,2,8,1,0,1,0,1,1,25,1012,1012,1012,1016,0,0,0,0,0,1,1,0,0,0,427.504513,0,0,0,0,3,1,1,0.05,10,0,0,0,3,14,1,0.05,100,0,0,0,0,0,0,0,0,0,0,0,0,0,0,0,0,0,0,0,0,0,0,0,0,0,0,0,0,0,0,0,0,0,0,0,0,0,0,0,0,0,0,0,0,0,0,0,0,0,0,0
1989,240,1,30,23.227,2,8,1,0,0,0,1,1,25,1012,1012,1012,1016,0,0,0,0,0,1,1,0,0,0,427.5385559,0,0,0,0,3,1,1,0.05,10,0,0,0,3,14,1,0.05,100,0,0,0,0,0,0,0,0,0,0,0,0,0,0,0,0,0,0,0,0,0,0,0,0,0,0,0,0,0,0,0,0,0,0,0,0,0,0,0,0,0,0,0,0,0,0,0,0,0,0,0
1989,240,1,30,35.468,2,8,1,0,1,0,1,1,25,1012,1012,1012,1016,0,0,0,0,0,1,1,0,0,0,427.5589833,0,0,0,0,3,1,1,0.05,10,0,0,0,3,14,1,0.05,100,0,0,0,0,0,0,0,0,0,0,0,0,0,0,0,0,0,0,0,0,0,0,0,0,0,0,0,0,0,0,0,0,0,0,0,0,0,0,0,0,0,0,0,0,0,0,0,0,0,0,0
1989,240,1,31,11.228,2,8,1,0,0,0,1,1,25,1012,1012,1012,1016,0,0,0,0,0,1,1,0,0,0,427.6186584,0,0,0,0,3,1,1,0.05,10,0,0,0,3,14,1,0.05,100,0,0,0,0,0,0,0,0,0,0,0,0,0,0,0,0,0,0,0,0,0,0,0,0,0,0,0,0,0,0,0,0,0,0,0,0,0,0,0,0,0,0,0,0,0,0,0,0,0,0,0
1989,240,1,31,23.468,2,8,1,0,1,0,1,1,25,1012,1012,1012,1016,0,0,0,0,0,1,1,0,0,0,427.6390841,0,0,0,0,3,1,1,0.05,10,0,0,0,3,14,1,0.05,100,0,0,0,0,0,0,0,0,0,0,0,0,0,0,0,0,0,0,0,0,0,0,0,0,0,0,0,0,0,0,0,0,0,0,0,0,0,0,0,0,0,0,0,0,0,0,0,0,0,0,0
1989,240,1,31,59.228,2,8,1,0,0,0,1,1,25,1012,1012,1012,1016,0,0,0,0,0,1,1,0,0,0,427.6987592,0,0,0,0,3,1,1,0.05,10,0,0,0,3,14,1,0.05,100,0,0,0,0,0,0,0,0,0,0,0,0,0,0,0,0,0,0,0,0,0,0,0,0,0,0,0,0,0,0,0,0,0,0,0,0,0,0,0,0,0,0,0,0,0,0,0,0,0,0,0
1989,240,1,32,11.467,2,8,1,0,1,0,1,1,25,1012,1012,1012,1016,0,0,0,0,0,1,1,0,0,0,427.7191832,0,0,0,0,3,1,1,0.05,10,0,0,0,3,14,1,0.05,100,0,0,0,0,0,0,0,0,0,0,0,0,0,0,0,0,0,0,0,0,0,0,0,0,0,0,0,0,0,0,0,0,0,0,0,0,0,0,0,0,0,0,0,0,0,0,0,0,0,0,0
1989,240,1,32,47.228,2,8,1,0,0,0,1,1,25,1012,1012,1012,1016,0,0,0,0,0,1,1,0,0,0,427.7788598,0,0,0,0,3,1,1,0.05,10,0,0,0,3,14,1,0.05,100,0,0,0,0,0,0,0,0,0,0,0,0,0,0,0,0,0,0,0,0,0,0,0,0,0,0,0,0,0,0,0,0,0,0,0,0,0,0,0,0,0,0,0,0,0,0,0,0,0,0,0
1989,240,1,32,59.468,2,8,1,0,1,0,1,1,25,1012,1012,1012,1016,0,0,0,0,0,1,1,0,0,0,427.7992855,0,0,0,0,3,1,1,0.05,10,0,0,0,3,14,1,0.05,100,0,0,0,0,0,0,0,0,0,0,0,0,0,0,0,0,0,0,0,0,0,0,0,0,0,0,0,0,0,0,0,0,0,0,0,0,0,0,0,0,0,0,0,0,0,0,0,0,0,0,0
1989,240,1,33,35.228,2,8,1,0,0,0,1,1,25,1012,1012,1012,1016,0,0,0,0,0,1,1,0,0,0,427.8589604,0,0,0,0,3,1,1,0.05,10,0,0,0,3,14,1,0.05,100,0,0,0,0,0,0,0,0,0,0,0,0,0,0,0,0,0,0,0,0,0,0,0,0,0,0,0,0,0,0,0,0,0,0,0,0,0,0,0,0,0,0,0,0,0,0,0,0,0,0,0
1989,240,1,33,47.468,2,8,1,0,1,0,1,1,25,1012,1012,1012,1016,0,0,0,0,0,1,1,0,0,0,427.8793861,0,0,0,0,3,1,1,0.05,10,0,0,0,3,14,1,0.05,100,0,0,0,0,0,0,0,0,0,0,0,0,0,0,0,0,0,0,0,0,0,0,0,0,0,0,0,0,0,0,0,0,0,0,0,0,0,0,0,0,0,0,0,0,0,0,0,0,0,0,0
1989,240,1,34,23.227,2,8,1,0,0,0,1,1,25,1012,1012,1012,1016,0,0,0,0,0,1,1,0,0,0,427.9390593,0,0,0,0,3,1,1,0.05,10,0,0,0,3,14,1,0.05,100,0,0,0,0,0,0,0,0,0,0,0,0,0,0,0,0,0,0,0,0,0,0,0,0,0,0,0,0,0,0,0,0,0,0,0,0,0,0,0,0,0,0,0,0,0,0,0,0,0,0,0
1989,240,1,34,35.467,2,8,1,0,1,0,1,1,25,1012,1012,1012,1016,0,0,0,0,0,1,1,0,0,0,427.9594849,0,0,0,0,3,1,1,0.05,10,0,0,0,3,14,1,0.05,100,0,0,0,0,0,0,0,0,0,0,0,0,0,0,0,0,0,0,0,0,0,0,0,0,0,0,0,0,0,0,0,0,0,0,0,0,0,0,0,0,0,0,0,0,0,0,0,0,0,0,0
1989,240,1,35,11.227,2,8,1,0,0,0,1,1,25,1012,1012,1012,1016,0,0,0,0,0,1,1,0,0,0,428.0191597,0,0,0,0,3,1,1,0.05,10,0,0,0,3,14,1,0.05,100,0,0,0,0,0,0,0,0,0,0,0,0,0,0,0,0,0,0,0,0,0,0,0,0,0,0,0,0,0,0,0,0,0,0,0,0,0,0,0,0,0,0,0,0,0,0,0,0,0,0,0
1989,240,1,35,23.467,2,8,1,0,1,0,1,1,25,1012,1012,1012,1016,0,0,0,0,0,1,1,0,0,0,428.0395853,0,0,0,0,3,1,1,0.05,10,0,0,0,3,14,1,0.05,100,0,0,0,0,0,0,0,0,0,0,0,0,0,0,0,0,0,0,0,0,0,0,0,0,0,0,0,0,0,0,0,0,0,0,0,0,0,0,0,0,0,0,0,0,0,0,0,0,0,0,0
1989,240,1,35,59.227,2,8,1,0,0,0,1,1,25,1012,1012,1012,1016,0,0,0,0,0,1,1,0,0,0,428.0992601,0,0,0,0,3,1,1,0.05,10,0,0,0,3,14,1,0.05,100,0,0,0,0,0,0,0,0,0,0,0,0,0,0,0,0,0,0,0,0,0,0,0,0,0,0,0,0,0,0,0,0,0,0,0,0,0,0,0,0,0,0,0,0,0,0,0,0,0,0,0
1989,240,1,36,11.467,2,8,1,0,1,0,1,1,25,1012,1012,1012,1016,0,0,0,0,0,1,1,0,0,0,428.1196856,0,0,0,0,3,1,1,0.05,10,0,0,0,3,14,1,0.05,100,0,0,0,0,0,0,0,0,0,0,0,0,0,0,0,0,0,0,0,0,0,0,0,0,0,0,0,0,0,0,0,0,0,0,0,0,0,0,0,0,0,0,0,0,0,0,0,0,0,0,0
1989,240,1,36,47.227,2,8,1,0,0,0,1,1,25,1012,1012,1012,1016,0,0,0,0,0,1,1,0,0,0,428.1793603,0,0,0,0,3,1,1,0.05,10,0,0,0,3,14,1,0.05,100,0,0,0,0,0,0,0,0,0,0,0,0,0,0,0,0,0,0,0,0,0,0,0,0,0,0,0,0,0,0,0,0,0,0,0,0,0,0,0,0,0,0,0,0,0,0,0,0,0,0,0
1989,240,1,36,59.467,2,8,1,0,1,0,1,1,25,1012,1012,1012,1016,0,0,0,0,0,1,1,0,0,0,428.1997859,0,0,0,0,3,1,1,0.05,10,0,0,0,3,14,1,0.05,100,0,0,0,0,0,0,0,0,0,0,0,0,0,0,0,0,0,0,0,0,0,0,0,0,0,0,0,0,0,0,0,0,0,0,0,0,0,0,0,0,0,0,0,0,0,0,0,0,0,0,0
1989,240,1,37,35.227,2,8,1,0,0,0,1,1,25,1012,1012,1012,1016,0,0,0,0,0,1,1,0,0,0,428.2594605,0,0,0,0,3,1,1,0.05,10,0,0,0,3,14,1,0.05,100,0,0,0,0,0,0,0,0,0,0,0,0,0,0,0,0,0,0,0,0,0,0,0,0,0,0,0,0,0,0,0,0,0,0,0,0,0,0,0,0,0,0,0,0,0,0,0,0,0,0,0
1989,240,1,37,47.467,2,8,1,0,1,0,1,1,25,1012,1012,1012,1016,0,0,0,0,0,1,1,0,0,0,428.279886,0,0,0,0,3,1,1,0.05,10,0,0,0,3,14,1,0.05,100,0,0,0,0,0,0,0,0,0,0,0,0,0,0,0,0,0,0,0,0,0,0,0,0,0,0,0,0,0,0,0,0,0,0,0,0,0,0,0,0,0,0,0,0,0,0,0,0,0,0,0
1989,240,1,38,23.227,2,8,1,0,0,0,1,1,25,1012,1012,1012,1016,0,0,0,0,0,1,1,0,0,0,428.3395606,0,0,0,0,3,1,1,0.05,10,0,0,0,3,14,1,0.05,100,0,0,0,0,0,0,0,0,0,0,0,0,0,0,0,0,0,0,0,0,0,0,0,0,0,0,0,0,0,0,0,0,0,0,0,0,0,0,0,0,0,0,0,0,0,0,0,0,0,0,0
1989,240,1,38,35.467,2,8,1,0,1,0,1,1,25,1012,1012,1012,1016,0,0,0,0,0,1,1,0,0,0,428.3599861,0,0,0,0,3,1,1,0.05,10,0,0,0,3,14,1,0.05,100,0,0,0,0,0,0,0,0,0,0,0,0,0,0,0,0,0,0,0,0,0,0,0,0,0,0,0,0,0,0,0,0,0,0,0,0,0,0,0,0,0,0,0,0,0,0,0,0,0,0,0
1989,240,1,39,11.227,2,8,1,0,0,0,1,1,25,1012,1012,1012,1016,0,0,0,0,0,1,1,0,0,0,428.4196606,0,0,0,0,3,1,1,0.05,10,0,0,0,3,14,1,0.05,100,0,0,0,0,0,0,0,0,0,0,0,0,0,0,0,0,0,0,0,0,0,0,0,0,0,0,0,0,0,0,0,0,0,0,0,0,0,0,0,0,0,0,0,0,0,0,0,0,0,0,0
1989,240,1,39,23.467,2,8,1,0,1,0,1,1,25,1012,1012,1012,1016,0,0,0,0,0,1,1,0,0,0,428.4400861,0,0,0,0,3,1,1,0.05,10,0,0,0,3,14,1,0.05,100,0,0,0,0,0,0,0,0,0,0,0,0,0,0,0,0,0,0,0,0,0,0,0,0,0,0,0,0,0,0,0,0,0,0,0,0,0,0,0,0,0,0,0,0,0,0,0,0,0,0,0
1989,240,1,42,2.826,2,8,1,0,1,0,1,1,25,1012,1012,1012,1016,0,0,0,0,0,1,1,0,0,0,428.7060157,0,0,0,0,3,1,1,0.05,10,0,0,0,3,14,1,0.05,100,0,0,0,0,0,0,0,0,0,0,0,0,0,0,0,0,0,0,0,0,0,0,0,0,0,0,0,0,0,0,0,0,0,0,0,0,0,0,0,0,0,0,0,0,0,0,0,0,0,0,0
1989,240,1,42,23.227,2,8,1,0,0,0,1,1,25,1012,1012,1012,1016,0,0,0,0,0,1,1,0,0,0,428.7400597,0,0,0,0,3,1,1,0.05,10,0,0,0,3,14,1,0.05,100,0,0,0,0,0,0,0,0,0,0,0,0,0,0,0,0,0,0,0,0,0,0,0,0,0,0,0,0,0,0,0,0,0,0,0,0,0,0,0,0,0,0,0,0,0,0,0,0,0,0,0
1989,240,1,42,35.467,2,8,1,0,1,0,1,1,25,1012,1012,1012,1016,0,0,0,0,0,1,1,0,0,0,428.7604851,0,0,0,0,3,1,1,0.05,10,0,0,0,3,14,1,0.05,100,0,0,0,0,0,0,0,0,0,0,0,0,0,0,0,0,0,0,0,0,0,0,0,0,0,0,0,0,0,0,0,0,0,0,0,0,0,0,0,0,0,0,0,0,0,0,0,0,0,0,0
1989,240,1,43,11.227,2,8,1,0,0,0,1,1,25,1012,1012,1012,1016,0,0,0,0,0,1,1,0,0,0,428.8201593,0,0,0,0,3,1,1,0.05,10,0,0,0,3,14,1,0.05,100,0,0,0,0,0,0,0,0,0,0,0,0,0,0,0,0,0,0,0,0,0,0,0,0,0,0,0,0,0,0,0,0,0,0,0,0,0,0,0,0,0,0,0,0,0,0,0,0,0,0,0
1989,240,1,43,23.467,2,8,1,0,1,0,1,1,25,1012,1012,1012,1016,0,0,0,0,0,1,1,0,0,0,428.8405847,0,0,0,0,3,1,1,0.05,10,0,0,0,3,14,1,0.05,100,0,0,0,0,0,0,0,0,0,0,0,0,0,0,0,0,0,0,0,0,0,0,0,0,0,0,0,0,0,0,0,0,0,0,0,0,0,0,0,0,0,0,0,0,0,0,0,0,0,0,0
1989,240,1,43,59.227,2,8,1,0,0,0,1,1,25,1012,1012,1012,1016,0,0,0,0,0,1,1,0,0,0,428.9002588,0,0,0,0,3,1,1,0.05,10,0,0,0,3,14,1,0.05,100,0,0,0,0,0,0,0,0,0,0,0,0,0,0,0,0,0,0,0,0,0,0,0,0,0,0,0,0,0,0,0,0,0,0,0,0,0,0,0,0,0,0,0,0,0,0,0,0,0,0,0
1989,240,1,44,11.467,2,8,1,0,1,0,1,1,25,1012,1012,1012,1016,0,0,0,0,0,1,1,0,0,0,428.9206842,0,0,0,0,3,1,1,0.05,10,0,0,0,3,14,1,0.05,100,0,0,0,0,0,0,0,0,0,0,0,0,0,0,0,0,0,0,0,0,0,0,0,0,0,0,0,0,0,0,0,0,0,0,0,0,0,0,0,0,0,0,0,0,0,0,0,0,0,0,0
1989,240,1,44,47.227,2,8,1,0,0,0,1,1,25,1012,1012,1012,1016,0,0,0,0,0,1,1,0,0,0,428.9803582,0,0,0,0,3,1,1,0.05,10,0,0,0,3,14,1,0.05,100,0,0,0,0,0,0,0,0,0,0,0,0,0,0,0,0,0,0,0,0,0,0,0,0,0,0,0,0,0,0,0,0,0,0,0,0,0,0,0,0,0,0,0,0,0,0,0,0,0,0,0
1989,240,1,44,59.467,2,8,1,0,1,0,1,1,25,1012,1012,1012,1016,0,0,0,0,0,1,1,0,0,0,429.0007836,0,0,0,0,3,1,1,0.05,10,0,0,0,3,14,1,0.05,100,0,0,0,0,0,0,0,0,0,0,0,0,0,0,0,0,0,0,0,0,0,0,0,0,0,0,0,0,0,0,0,0,0,0,0,0,0,0,0,0,0,0,0,0,0,0,0,0,0,0,0
1989,240,1,45,35.227,2,8,1,0,0,0,1,1,25,1012,1012,1012,1016,0,0,0,0,0,1,1,0,0,0,429.0604576,0,0,0,0,3,1,1,0.05,10,0,0,0,3,14,1,0.05,100,0,0,0,0,0,0,0,0,0,0,0,0,0,0,0,0,0,0,0,0,0,0,0,0,0,0,0,0,0,0,0,0,0,0,0,0,0,0,0,0,0,0,0,0,0,0,0,0,0,0,0
1989,240,1,45,47.467,2,8,1,0,1,0,1,1,25,1012,1012,1012,1016,0,0,0,0,0,1,1,0,0,0,429.0808829,0,0,0,0,3,1,1,0.05,10,0,0,0,3,14,1,0.05,100,0,0,0,0,0,0,0,0,0,0,0,0,0,0,0,0,0,0,0,0,0,0,0,0,0,0,0,0,0,0,0,0,0,0,0,0,0,0,0,0,0,0,0,0,0,0,0,0,0,0,0
1989,240,1,46,23.227,2,8,1,0,0,0,1,1,25,1012,1012,1012,1016,0,0,0,0,0,1,1,0,0,0,429.1405568,0,0,0,0,3,1,1,0.05,10,0,0,0,3,14,1,0.05,100,0,0,0,0,0,0,0,0,0,0,0,0,0,0,0,0,0,0,0,0,0,0,0,0,0,0,0,0,0,0,0,0,0,0,0,0,0,0,0,0,0,0,0,0,0,0,0,0,0,0,0
1989,240,1,46,35.467,2,8,1,0,1,0,1,1,25,1012,1012,1012,1016,0,0,0,0,0,1,1,0,0,0,429.1609821,0,0,0,0,3,1,1,0.05,10,0,0,0,3,14,1,0.05,100,0,0,0,0,0,0,0,0,0,0,0,0,0,0,0,0,0,0,0,0,0,0,0,0,0,0,0,0,0,0,0,0,0,0,0,0,0,0,0,0,0,0,0,0,0,0,0,0,0,0,0
1989,240,1,47,11.226,2,8,1,0,0,0,1,1,25,1012,1012,1012,1016,0,0,0,0,0,1,1,0,0,0,429.2206543,0,0,0,0,3,1,1,0.05,10,0,0,0,3,14,1,0.05,100,0,0,0,0,0,0,0,0,0,0,0,0,0,0,0,0,0,0,0,0,0,0,0,0,0,0,0,0,0,0,0,0,0,0,0,0,0,0,0,0,0,0,0,0,0,0,0,0,0,0,0
1989,240,1,47,23.466,2,8,1,0,1,0,1,1,25,1012,1012,1012,1016,0,0,0,0,0,1,1,0,0,0,429.2410796,0,0,0,0,3,1,1,0.05,10,0,0,0,3,14,1,0.05,100,0,0,0,0,0,0,0,0,0,0,0,0,0,0,0,0,0,0,0,0,0,0,0,0,0,0,0,0,0,0,0,0,0,0,0,0,0,0,0,0,0,0,0,0,0,0,0,0,0,0,0
1989,240,1,47,59.226,2,8,1,0,0,0,1,1,25,1012,1012,1012,1016,0,0,0,0,0,1,1,0,0,0,429.3007534,0,0,0,0,3,1,1,0.05,10,0,0,0,3,14,1,0.05,100,0,0,0,0,0,0,0,0,0,0,0,0,0,0,0,0,0,0,0,0,0,0,0,0,0,0,0,0,0,0,0,0,0,0,0,0,0,0,0,0,0,0,0,0,0,0,0,0,0,0,0
1989,240,1,48,11.466,2,8,1,0,1,0,1,1,25,1012,1012,1012,1016,0,0,0,0,0,1,1,0,0,0,429.3211786,0,0,0,0,3,1,1,0.05,10,0,0,0,3,14,1,0.05,100,0,0,0,0,0,0,0,0,0,0,0,0,0,0,0,0,0,0,0,0,0,0,0,0,0,0,0,0,0,0,0,0,0,0,0,0,0,0,0,0,0,0,0,0,0,0,0,0,0,0,0
1989,240,1,48,47.226,2,8,1,0,0,0,1,1,25,1012,1012,1012,1016,0,0,0,0,0,1,1,0,0,0,429.3808524,0,0,0,0,3,1,1,0.05,10,0,0,0,3,14,1,0.05,100,0,0,0,0,0,0,0,0,0,0,0,0,0,0,0,0,0,0,0,0,0,0,0,0,0,0,0,0,0,0,0,0,0,0,0,0,0,0,0,0,0,0,0,0,0,0,0,0,0,0,0
1989,240,1,48,59.466,2,8,1,0,1,0,1,1,25,1012,1012,1012,1016,0,0,0,0,0,1,1,0,0,0,429.4012776,0,0,0,0,3,1,1,0.05,10,0,0,0,3,14,1,0.05,100,0,0,0,0,0,0,0,0,0,0,0,0,0,0,0,0,0,0,0,0,0,0,0,0,0,0,0,0,0,0,0,0,0,0,0,0,0,0,0,0,0,0,0,0,0,0,0,0,0,0,0
1989,240,1,49,35.226,2,8,1,0,0,0,1,1,25,1012,1012,1012,1016,0,0,0,0,0,1,1,0,0,0,429.4609513,0,0,0,0,3,1,1,0.05,10,0,0,0,3,14,1,0.05,100,0,0,0,0,0,0,0,0,0,0,0,0,0,0,0,0,0,0,0,0,0,0,0,0,0,0,0,0,0,0,0,0,0,0,0,0,0,0,0,0,0,0,0,0,0,0,0,0,0,0,0
1989,240,1,49,47.466,2,8,1,0,1,0,1,1,25,1012,1012,1012,1016,0,0,0,0,0,1,1,0,0,0,429.4813765,0,0,0,0,3,1,1,0.05,10,0,0,0,3,14,1,0.05,100,0,0,0,0,0,0,0,0,0,0,0,0,0,0,0,0,0,0,0,0,0,0,0,0,0,0,0,0,0,0,0,0,0,0,0,0,0,0,0,0,0,0,0,0,0,0,0,0,0,0,0
1989,240,1,50,23.226,2,8,1,0,0,0,1,1,25,1012,1012,1012,1016,0,0,0,0,0,1,1,0,0,0,429.5410501,0,0,0,0,3,1,1,0.05,10,0,0,0,3,14,1,0.05,100,0,0,0,0,0,0,0,0,0,0,0,0,0,0,0,0,0,0,0,0,0,0,0,0,0,0,0,0,0,0,0,0,0,0,0,0,0,0,0,0,0,0,0,0,0,0,0,0,0,0,0
1989,240,1,50,35.466,2,8,1,0,1,0,1,1,25,1012,1012,1012,1016,0,0,0,0,0,1,1,0,0,0,429.5614753,0,0,0,0,3,1,1,0.05,10,0,0,0,3,14,1,0.05,100,0,0,0,0,0,0,0,0,0,0,0,0,0,0,0,0,0,0,0,0,0,0,0,0,0,0,0,0,0,0,0,0,0,0,0,0,0,0,0,0,0,0,0,0,0,0,0,0,0,0,0
1989,240,1,51,11.226,2,8,1,0,0,0,1,1,25,1012,1012,1012,1016,0,0,0,0,0,1,1,0,0,0,429.6211488,0,0,0,0,3,1,1,0.05,10,0,0,0,3,14,1,0.05,100,0,0,0,0,0,0,0,0,0,0,0,0,0,0,0,0,0,0,0,0,0,0,0,0,0,0,0,0,0,0,0,0,0,0,0,0,0,0,0,0,0,0,0,0,0,0,0,0,0,0,0
1989,240,1,51,23.466,2,8,1,0,1,0,1,1,25,1012,1012,1012,1016,0,0,0,0,0,1,1,0,0,0,429.641574,0,0,0,0,3,1,1,0.05,10,0,0,0,3,14,1,0.05,100,0,0,0,0,0,0,0,0,0,0,0,0,0,0,0,0,0,0,0,0,0,0,0,0,0,0,0,0,0,0,0,0,0,0,0,0,0,0,0,0,0,0,0,0,0,0,0,0,0,0,0
1989,240,1,54,2.826,2,8,1,0,1,0,1,1,25,1012,1012,1012,1016,0,0,0,0,0,1,1,0,0,0,429.9075011,0,0,0,0,3,1,1,0.05,10,0,0,0,3,14,1,0.05,100,0,0,0,0,0,0,0,0,0,0,0,0,0,0,0,0,0,0,0,0,0,0,0,0,0,0,0,0,0,0,0,0,0,0,0,0,0,0,0,0,0,0,0,0,0,0,0,0,0,0,0
1989,240,1,54,23.226,2,8,1,0,0,0,1,1,25,1012,1012,1012,1016,0,0,0,0,0,1,1,0,0,0,429.9415429,0,0,0,0,3,1,1,0.05,10,0,0,0,3,14,1,0.05,100,0,0,0,0,0,0,0,0,0,0,0,0,0,0,0,0,0,0,0,0,0,0,0,0,0,0,0,0,0,0,0,0,0,0,0,0,0,0,0,0,0,0,0,0,0,0,0,0,0,0,0
1989,240,1,54,35.466,2,8,1,0,1,0,1,1,25,1012,1012,1012,1016,0,0,0,0,0,1,1,0,0,0,429.961968,0,0,0,0,3,1,1,0.05,10,0,0,0,3,14,1,0.05,100,0,0,0,0,0,0,0,0,0,0,0,0,0,0,0,0,0,0,0,0,0,0,0,0,0,0,0,0,0,0,0,0,0,0,0,0,0,0,0,0,0,0,0,0,0,0,0,0,0,0,0
1989,240,1,55,11.226,2,8,1,0,0,0,1,1,25,1012,1012,1012,1016,0,0,0,0,0,1,1,0,0,0,430.0216413,0,0,0,0,3,1,1,0.05,10,0,0,0,3,14,1,0.05,100,0,0,0,0,0,0,0,0,0,0,0,0,0,0,0,0,0,0,0,0,0,0,0,0,0,0,0,0,0,0,0,0,0,0,0,0,0,0,0,0,0,0,0,0,0,0,0,0,0,0,0
1989,240,1,55,23.466,2,8,1,0,1,0,1,1,25,1012,1012,1012,1016,0,0,0,0,0,1,1,0,0,0,430.0420663,0,0,0,0,3,1,1,0.05,10,0,0,0,3,14,1,0.05,100,0,0,0,0,0,0,0,0,0,0,0,0,0,0,0,0,0,0,0,0,0,0,0,0,0,0,0,0,0,0,0,0,0,0,0,0,0,0,0,0,0,0,0,0,0,0,0,0,0,0,0
1989,240,1,55,59.226,2,8,1,0,0,0,1,1,25,1012,1012,1012,1016,0,0,0,0,0,1,1,0,0,0,430.1017395,0,0,0,0,3,1,1,0.05,10,0,0,0,3,14,1,0.05,100,0,0,0,0,0,0,0,0,0,0,0,0,0,0,0,0,0,0,0,0,0,0,0,0,0,0,0,0,0,0,0,0,0,0,0,0,0,0,0,0,0,0,0,0,0,0,0,0,0,0,0
1989,240,1,56,11.466,2,8,1,0,1,0,1,1,25,1012,1012,1012,1016,0,0,0,0,0,1,1,0,0,0,430.1221645,0,0,0,0,3,1,1,0.05,10,0,0,0,3,14,1,0.05,100,0,0,0,0,0,0,0,0,0,0,0,0,0,0,0,0,0,0,0,0,0,0,0,0,0,0,0,0,0,0,0,0,0,0,0,0,0,0,0,0,0,0,0,0,0,0,0,0,0,0,0
1989,240,1,56,47.226,2,8,1,0,0,0,1,1,25,1012,1012,1012,1016,0,0,0,0,0,1,1,0,0,0,430.1818376,0,0,0,0,3,1,1,0.05,10,0,0,0,3,14,1,0.05,100,0,0,0,0,0,0,0,0,0,0,0,0,0,0,0,0,0,0,0,0,0,0,0,0,0,0,0,0,0,0,0,0,0,0,0,0,0,0,0,0,0,0,0,0,0,0,0,0,0,0,0
1989,240,1,56,59.466,2,8,1,0,1,0,1,1,25,1012,1012,1012,1016,0,0,0,0,0,1,1,0,0,0,430.2022627,0,0,0,0,3,1,1,0.05,10,0,0,0,3,14,1,0.05,100,0,0,0,0,0,0,0,0,0,0,0,0,0,0,0,0,0,0,0,0,0,0,0,0,0,0,0,0,0,0,0,0,0,0,0,0,0,0,0,0,0,0,0,0,0,0,0,0,0,0,0
1989,240,1,57,35.226,2,8,1,0,0,0,1,1,25,1012,1012,1012,1016,0,0,0,0,0,1,1,0,0,0,430.2619357,0,0,0,0,3,1,1,0.05,10,0,0,0,3,14,1,0.05,100,0,0,0,0,0,0,0,0,0,0,0,0,0,0,0,0,0,0,0,0,0,0,0,0,0,0,0,0,0,0,0,0,0,0,0,0,0,0,0,0,0,0,0,0,0,0,0,0,0,0,0
1989,240,1,57,47.466,2,8,1,0,1,0,1,1,25,1012,1012,1012,1016,0,0,0,0,0,1,1,0,0,0,430.2823607,0,0,0,0,3,1,1,0.05,10,0,0,0,3,14,1,0.05,100,0,0,0,0,0,0,0,0,0,0,0,0,0,0,0,0,0,0,0,0,0,0,0,0,0,0,0,0,0,0,0,0,0,0,0,0,0,0,0,0,0,0,0,0,0,0,0,0,0,0,0
1989,240,1,58,23.226,2,8,1,0,0,0,1,1,25,1012,1012,1012,1016,0,0,0,0,0,1,1,0,0,0,430.3420337,0,0,0,0,3,1,1,0.05,10,0,0,0,3,14,1,0.05,100,0,0,0,0,0,0,0,0,0,0,0,0,0,0,0,0,0,0,0,0,0,0,0,0,0,0,0,0,0,0,0,0,0,0,0,0,0,0,0,0,0,0,0,0,0,0,0,0,0,0,0
1989,240,1,58,35.466,2,8,1,0,1,0,1,1,25,1012,1012,1012,1016,0,0,0,0,0,1,1,0,0,0,430.3624587,0,0,0,0,3,1,1,0.05,10,0,0,0,3,14,1,0.05,100,0,0,0,0,0,0,0,0,0,0,0,0,0,0,0,0,0,0,0,0,0,0,0,0,0,0,0,0,0,0,0,0,0,0,0,0,0,0,0,0,0,0,0,0,0,0,0,0,0,0,0
1989,240,1,59,11.226,2,8,1,0,0,0,1,1,25,1012,1012,1012,1016,0,0,0,0,0,1,1,0,0,0,430.4221316,0,0,0,0,3,1,1,0.05,10,0,0,0,3,14,1,0.05,100,0,0,0,0,0,0,0,0,0,0,0,0,0,0,0,0,0,0,0,0,0,0,0,0,0,0,0,0,0,0,0,0,0,0,0,0,0,0,0,0,0,0,0,0,0,0,0,0,0,0,0
1989,240,1,59,23.466,2,8,1,0,1,0,1,1,25,1012,1012,1012,1016,0,0,0,0,0,1,1,0,0,0,430.4425565,0,0,0,0,3,1,1,0.05,10,0,0,0,3,14,1,0.05,100,0,0,0,0,0,0,0,0,0,0,0,0,0,0,0,0,0,0,0,0,0,0,0,0,0,0,0,0,0,0,0,0,0,0,0,0,0,0,0,0,0,0,0,0,0,0,0,0,0,0,0
1989,240,1,59,59.225,2,8,1,0,0,0,1,1,25,1012,1012,1012,1016,0,0,0,0,0,1,1,0,0,0,430.5022277,0,0,0,0,3,1,1,0.05,10,0,0,0,3,14,1,0.05,100,0,0,0,0,0,0,0,0,0,0,0,0,0,0,0,0,0,0,0,0,0,0,0,0,0,0,0,0,0,0,0,0,0,0,0,0,0,0,0,0,0,0,0,0,0,0,0,0,0,0,0
1989,240,2,0,11.465,2,8,1,0,1,0,1,1,25,1012,1012,1012,1016,0,0,0,0,0,1,1,0,0,0,430.5226527,0,0,0,0,3,1,1,0.05,10,0,0,0,3,14,1,0.05,100,0,0,0,0,0,0,0,0,0,0,0,0,0,0,0,0,0,0,0,0,0,0,0,0,0,0,0,0,0,0,0,0,0,0,0,0,0,0,0,0,0,0,0,0,0,0,0,0,0,0,0
1989,240,2,0,47.225,2,8,1,0,0,0,1,1,25,1012,1012,1012,1016,0,0,0,0,0,1,1,0,0,0,430.5823255,0,0,0,0,3,1,1,0.05,10,0,0,0,3,14,1,0.05,100,0,0,0,0,0,0,0,0,0,0,0,0,0,0,0,0,0,0,0,0,0,0,0,0,0,0,0,0,0,0,0,0,0,0,0,0,0,0,0,0,0,0,0,0,0,0,0,0,0,0,0
1989,240,2,0,59.465,2,8,1,0,1,0,1,1,25,1012,1012,1012,1016,0,0,0,0,0,1,1,0,0,0,430.6027504,0,0,0,0,3,1,1,0.05,10,0,0,0,3,14,1,0.05,100,0,0,0,0,0,0,0,0,0,0,0,0,0,0,0,0,0,0,0,0,0,0,0,0,0,0,0,0,0,0,0,0,0,0,0,0,0,0,0,0,0,0,0,0,0,0,0,0,0,0,0
1989,240,2,1,35.225,2,8,1,0,0,0,1,1,25,1012,1012,1012,1016,0,0,0,0,0,1,1,0,0,0,430.6624231,0,0,0,0,3,1,1,0.05,10,0,0,0,3,14,1,0.05,100,0,0,0,0,0,0,0,0,0,0,0,0,0,0,0,0,0,0,0,0,0,0,0,0,0,0,0,0,0,0,0,0,0,0,0,0,0,0,0,0,0,0,0,0,0,0,0,0,0,0,0
1989,240,2,1,47.465,2,8,1,0,1,0,1,1,25,1012,1012,1012,1016,0,0,0,0,0,1,1,0,0,0,430.682848,0,0,0,0,3,1,1,0.05,10,0,0,0,3,14,1,0.05,100,0,0,0,0,0,0,0,0,0,0,0,0,0,0,0,0,0,0,0,0,0,0,0,0,0,0,0,0,0,0,0,0,0,0,0,0,0,0,0,0,0,0,0,0,0,0,0,0,0,0,0
1989,240,2,2,23.224,2,8,1,0,0,0,1,1,25,1012,1012,1012,1016,0,0,0,0,0,1,1,0,0,0,430.742519,0,0,0,0,3,1,1,0.05,10,0,0,0,3,14,1,0.05,100,0,0,0,0,0,0,0,0,0,0,0,0,0,0,0,0,0,0,0,0,0,0,0,0,0,0,0,0,0,0,0,0,0,0,0,0,0,0,0,0,0,0,0,0,0,0,0,0,0,0,0
1989,240,2,2,35.465,2,8,1,0,1,0,1,1,25,1012,1012,1012,1016,0,0,0,0,0,1,1,0,0,0,430.7629455,0,0,0,0,3,1,1,0.05,10,0,0,0,3,14,1,0.05,100,0,0,0,0,0,0,0,0,0,0,0,0,0,0,0,0,0,0,0,0,0,0,0,0,0,0,0,0,0,0,0,0,0,0,0,0,0,0,0,0,0,0,0,0,0,0,0,0,0,0,0
1989,240,2,3,11.225,2,8,1,0,0,0,1,1,25,1012,1012,1012,1016,0,0,0,0,0,1,1,0,0,0,430.8226182,0,0,0,0,3,1,1,0.05,10,0,0,0,3,14,1,0.05,100,0,0,0,0,0,0,0,0,0,0,0,0,0,0,0,0,0,0,0,0,0,0,0,0,0,0,0,0,0,0,0,0,0,0,0,0,0,0,0,0,0,0,0,0,0,0,0,0,0,0,0
1989,240,2,3,23.465,2,8,1,0,1,0,1,1,25,1012,1012,1012,1016,0,0,0,0,0,1,1,0,0,0,430.843043,0,0,0,0,3,1,1,0.05,10,0,0,0,3,14,1,0.05,100,0,0,0,0,0,0,0,0,0,0,0,0,0,0,0,0,0,0,0,0,0,0,0,0,0,0,0,0,0,0,0,0,0,0,0,0,0,0,0,0,0,0,0,0,0,0,0,0,0,0,0
1989,240,2,6,2.824,2,8,1,0,1,0,1,1,25,1012,1012,1012,1016,0,0,0,0,0,1,1,0,0,0,431.1089643,0,0,0,0,3,1,1,0.05,10,0,0,0,3,14,1,0.05,100,0,0,0,0,0,0,0,0,0,0,0,0,0,0,0,0,0,0,0,0,0,0,0,0,0,0,0,0,0,0,0,0,0,0,0,0,0,0,0,0,0,0,0,0,0,0,0,0,0,0,0
1989,240,2,6,23.224,2,8,1,0,0,0,1,1,25,1012,1012,1012,1016,0,0,0,0,0,1,1,0,0,0,431.1430056,0,0,0,0,3,1,1,0.05,10,0,0,0,3,14,1,0.05,100,0,0,0,0,0,0,0,0,0,0,0,0,0,0,0,0,0,0,0,0,0,0,0,0,0,0,0,0,0,0,0,0,0,0,0,0,0,0,0,0,0,0,0,0,0,0,0,0,0,0,0
1989,240,2,6,35.465,2,8,1,0,1,0,1,1,25,1012,1012,1012,1016,0,0,0,0,0,1,1,0,0,0,431.163432,0,0,0,0,3,1,1,0.05,10,0,0,0,3,14,1,0.05,100,0,0,0,0,0,0,0,0,0,0,0,0,0,0,0,0,0,0,0,0,0,0,0,0,0,0,0,0,0,0,0,0,0,0,0,0,0,0,0,0,0,0,0,0,0,0,0,0,0,0,0
1989,240,2,7,11.225,2,8,1,0,0,0,1,1,25,1012,1012,1012,1016,0,0,0,0,0,1,1,0,0,0,431.2231043,0,0,0,0,3,1,1,0.05,10,0,0,0,3,14,1,0.05,100,0,0,0,0,0,0,0,0,0,0,0,0,0,0,0,0,0,0,0,0,0,0,0,0,0,0,0,0,0,0,0,0,0,0,0,0,0,0,0,0,0,0,0,0,0,0,0,0,0,0,0
1989,240,2,7,23.465,2,8,1,0,1,0,1,1,25,1012,1012,1012,1016,0,0,0,0,0,1,1,0,0,0,431.243529,0,0,0,0,3,1,1,0.05,10,0,0,0,3,14,1,0.05,100,0,0,0,0,0,0,0,0,0,0,0,0,0,0,0,0,0,0,0,0,0,0,0,0,0,0,0,0,0,0,0,0,0,0,0,0,0,0,0,0,0,0,0,0,0,0,0,0,0,0,0
1989,240,2,7,59.225,2,8,1,0,0,0,1,1,25,1012,1012,1012,1016,0,0,0,0,0,1,1,0,0,0,431.3032013,0,0,0,0,3,1,1,0.05,10,0,0,0,3,14,1,0.05,100,0,0,0,0,0,0,0,0,0,0,0,0,0,0,0,0,0,0,0,0,0,0,0,0,0,0,0,0,0,0,0,0,0,0,0,0,0,0,0,0,0,0,0,0,0,0,0,0,0,0,0
1989,240,2,8,11.465,2,8,1,0,1,0,1,1,25,1012,1012,1012,1016,0,0,0,0,0,1,1,0,0,0,431.323626,0,0,0,0,3,1,1,0.05,10,0,0,0,3,14,1,0.05,100,0,0,0,0,0,0,0,0,0,0,0,0,0,0,0,0,0,0,0,0,0,0,0,0,0,0,0,0,0,0,0,0,0,0,0,0,0,0,0,0,0,0,0,0,0,0,0,0,0,0,0
1989,240,2,8,47.225,2,8,1,0,0,0,1,1,25,1012,1012,1012,1016,0,0,0,0,0,1,1,0,0,0,431.3832982,0,0,0,0,3,1,1,0.05,10,0,0,0,3,14,1,0.05,100,0,0,0,0,0,0,0,0,0,0,0,0,0,0,0,0,0,0,0,0,0,0,0,0,0,0,0,0,0,0,0,0,0,0,0,0,0,0,0,0,0,0,0,0,0,0,0,0,0,0,0
1989,240,2,8,59.465,2,8,1,0,1,0,1,1,25,1012,1012,1012,1016,0,0,0,0,0,1,1,0,0,0,431.4037229,0,0,0,0,3,1,1,0.05,10,0,0,0,3,14,1,0.05,100,0,0,0,0,0,0,0,0,0,0,0,0,0,0,0,0,0,0,0,0,0,0,0,0,0,0,0,0,0,0,0,0,0,0,0,0,0,0,0,0,0,0,0,0,0,0,0,0,0,0,0
1989,240,2,9,35.225,2,8,1,0,0,0,1,1,25,1012,1012,1012,1016,0,0,0,0,0,1,1,0,0,0,431.463395,0,0,0,0,3,1,1,0.05,10,0,0,0,3,14,1,0.05,100,0,0,0,0,0,0,0,0,0,0,0,0,0,0,0,0,0,0,0,0,0,0,0,0,0,0,0,0,0,0,0,0,0,0,0,0,0,0,0,0,0,0,0,0,0,0,0,0,0,0,0
1989,240,2,9,47.465,2,8,1,0,1,0,1,1,25,1012,1012,1012,1016,0,0,0,0,0,1,1,0,0,0,431.4838197,0,0,0,0,3,1,1,0.05,10,0,0,0,3,14,1,0.05,100,0,0,0,0,0,0,0,0,0,0,0,0,0,0,0,0,0,0,0,0,0,0,0,0,0,0,0,0,0,0,0,0,0,0,0,0,0,0,0,0,0,0,0,0,0,0,0,0,0,0,0
1989,240,2,10,23.224,2,8,1,0,0,0,1,1,25,1012,1012,1012,1016,0,0,0,0,0,1,1,0,0,0,431.5434901,0,0,0,0,3,1,1,0.05,10,0,0,0,3,14,1,0.05,100,0,0,0,0,0,0,0,0,0,0,0,0,0,0,0,0,0,0,0,0,0,0,0,0,0,0,0,0,0,0,0,0,0,0,0,0,0,0,0,0,0,0,0,0,0,0,0,0,0,0,0
1989,240,2,10,35.465,2,8,1,0,1,0,1,1,25,1012,1012,1012,1016,0,0,0,0,0,1,1,0,0,0,431.5639164,0,0,0,0,3,1,1,0.05,10,0,0,0,3,14,1,0.05,100,0,0,0,0,0,0,0,0,0,0,0,0,0,0,0,0,0,0,0,0,0,0,0,0,0,0,0,0,0,0,0,0,0,0,0,0,0,0,0,0,0,0,0,0,0,0,0,0,0,0,0
1989,240,2,11,11.225,2,8,1,0,0,0,1,1,25,1012,1012,1012,1016,0,0,0,0,0,1,1,0,0,0,431.6235884,0,0,0,0,3,1,1,0.05,10,0,0,0,3,14,1,0.05,100,0,0,0,0,0,0,0,0,0,0,0,0,0,0,0,0,0,0,0,0,0,0,0,0,0,0,0,0,0,0,0,0,0,0,0,0,0,0,0,0,0,0,0,0,0,0,0,0,0,0,0
1989,240,2,11,23.465,2,8,1,0,1,0,1,1,25,1012,1012,1012,1016,0,0,0,0,0,1,1,0,0,0,431.644013,0,0,0,0,3,1,1,0.05,10,0,0,0,3,14,1,0.05,100,0,0,0,0,0,0,0,0,0,0,0,0,0,0,0,0,0,0,0,0,0,0,0,0,0,0,0,0,0,0,0,0,0,0,0,0,0,0,0,0,0,0,0,0,0,0,0,0,0,0,0
1989,240,2,11,59.225,2,8,1,0,0,0,1,1,25,1012,1012,1012,1016,0,0,0,0,0,1,1,0,0,0,431.7036849,0,0,0,0,3,1,1,0.05,10,0,0,0,3,14,1,0.05,100,0,0,0,0,0,0,0,0,0,0,0,0,0,0,0,0,0,0,0,0,0,0,0,0,0,0,0,0,0,0,0,0,0,0,0,0,0,0,0,0,0,0,0,0,0,0,0,0,0,0,0
1989,240,2,12,11.465,2,8,1,0,1,0,1,1,25,1012,1012,1012,1016,0,0,0,0,0,1,1,0,0,0,431.7241095,0,0,0,0,3,1,1,0.05,10,0,0,0,3,14,1,0.05,100,0,0,0,0,0,0,0,0,0,0,0,0,0,0,0,0,0,0,0,0,0,0,0,0,0,0,0,0,0,0,0,0,0,0,0,0,0,0,0,0,0,0,0,0,0,0,0,0,0,0,0
1989,240,2,12,47.224,2,8,1,0,0,0,1,1,25,1012,1012,1012,1016,0,0,0,0,0,1,1,0,0,0,431.7837797,0,0,0,0,3,1,1,0.05,10,0,0,0,3,14,1,0.05,100,0,0,0,0,0,0,0,0,0,0,0,0,0,0,0,0,0,0,0,0,0,0,0,0,0,0,0,0,0,0,0,0,0,0,0,0,0,0,0,0,0,0,0,0,0,0,0,0,0,0,0
1989,240,2,12,59.463,2,8,1,0,1,0,1,1,25,1012,1012,1012,1016,0,0,0,0,0,1,1,0,0,0,431.8042027,0,0,0,0,3,1,1,0.05,10,0,0,0,3,14,1,0.05,100,0,0,0,0,0,0,0,0,0,0,0,0,0,0,0,0,0,0,0,0,0,0,0,0,0,0,0,0,0,0,0,0,0,0,0,0,0,0,0,0,0,0,0,0,0,0,0,0,0,0,0
1989,240,2,13,35.224,2,8,1,0,0,0,1,1,25,1012,1012,1012,1016,0,0,0,0,0,1,1,0,0,0,431.8638761,0,0,0,0,3,1,1,0.05,10,0,0,0,3,14,1,0.05,100,0,0,0,0,0,0,0,0,0,0,0,0,0,0,0,0,0,0,0,0,0,0,0,0,0,0,0,0,0,0,0,0,0,0,0,0,0,0,0,0,0,0,0,0,0,0,0,0,0,0,0
1989,240,2,13,47.463,2,8,1,0,1,0,1,1,25,1012,1012,1012,1016,0,0,0,0,0,1,1,0,0,0,431.884299,0,0,0,0,3,1,1,0.05,10,0,0,0,3,14,1,0.05,100,0,0,0,0,0,0,0,0,0,0,0,0,0,0,0,0,0,0,0,0,0,0,0,0,0,0,0,0,0,0,0,0,0,0,0,0,0,0,0,0,0,0,0,0,0,0,0,0,0,0,0
1989,240,2,14,23.224,2,8,1,0,0,0,1,1,25,1012,1012,1012,1016,0,0,0,0,0,1,1,0,0,0,431.9439724,0,0,0,0,3,1,1,0.05,10,0,0,0,3,14,1,0.05,100,0,0,0,0,0,0,0,0,0,0,0,0,0,0,0,0,0,0,0,0,0,0,0,0,0,0,0,0,0,0,0,0,0,0,0,0,0,0,0,0,0,0,0,0,0,0,0,0,0,0,0
1989,240,2,14,35.464,2,8,1,0,1,0,1,1,25,1012,1012,1012,1016,0,0,0,0,0,1,1,0,0,0,431.964397,0,0,0,0,3,1,1,0.05,10,0,0,0,3,14,1,0.05,100,0,0,0,0,0,0,0,0,0,0,0,0,0,0,0,0,0,0,0,0,0,0,0,0,0,0,0,0,0,0,0,0,0,0,0,0,0,0,0,0,0,0,0,0,0,0,0,0,0,0,0
1989,240,2,15,11.224,2,8,1,0,0,0,1,1,25,1012,1012,1012,1016,0,0,0,0,0,1,1,0,0,0,432.0240687,0,0,0,0,3,1,1,0.05,10,0,0,0,3,14,1,0.05,100,0,0,0,0,0,0,0,0,0,0,0,0,0,0,0,0,0,0,0,0,0,0,0,0,0,0,0,0,0,0,0,0,0,0,0,0,0,0,0,0,0,0,0,0,0,0,0,0,0,0,0
1989,240,2,15,23.464,2,8,1,0,1,0,1,1,25,1012,1012,1012,1016,0,0,0,0,0,1,1,0,0,0,432.0444932,0,0,0,0,3,1,1,0.05,10,0,0,0,3,14,1,0.05,100,0,0,0,0,0,0,0,0,0,0,0,0,0,0,0,0,0,0,0,0,0,0,0,0,0,0,0,0,0,0,0,0,0,0,0,0,0,0,0,0,0,0,0,0,0,0,0,0,0,0,0
1989,240,2,18,2.823,2,8,1,0,1,0,1,1,25,1012,1012,1012,1016,0,0,0,0,0,1,1,0,0,0,432.3104103,0,0,0,0,3,1,1,0.05,10,0,0,0,3,14,1,0.05,100,0,0,0,0,0,0,0,0,0,0,0,0,0,0,0,0,0,0,0,0,0,0,0,0,0,0,0,0,0,0,0,0,0,0,0,0,0,0,0,0,0,0,0,0,0,0,0,0,0,0,0
1989,240,2,18,23.224,2,8,1,0,0,0,1,1,25,1012,1012,1012,1016,0,0,0,0,0,1,1,0,0,0,432.3444528,0,0,0,0,3,1,1,0.05,10,0,0,0,3,14,1,0.05,100,0,0,0,0,0,0,0,0,0,0,0,0,0,0,0,0,0,0,0,0,0,0,0,0,0,0,0,0,0,0,0,0,0,0,0,0,0,0,0,0,0,0,0,0,0,0,0,0,0,0,0
1989,240,2,18,35.464,2,8,1,0,1,0,1,1,25,1012,1012,1012,1016,0,0,0,0,0,1,1,0,0,0,432.3648772,0,0,0,0,3,1,1,0.05,10,0,0,0,3,14,1,0.05,100,0,0,0,0,0,0,0,0,0,0,0,0,0,0,0,0,0,0,0,0,0,0,0,0,0,0,0,0,0,0,0,0,0,0,0,0,0,0,0,0,0,0,0,0,0,0,0,0,0,0,0
1989,240,2,19,11.224,2,8,1,0,0,0,1,1,25,1012,1012,1012,1016,0,0,0,0,0,1,1,0,0,0,432.4245486,0,0,0,0,3,1,1,0.05,10,0,0,0,3,14,1,0.05,100,0,0,0,0,0,0,0,0,0,0,0,0,0,0,0,0,0,0,0,0,0,0,0,0,0,0,0,0,0,0,0,0,0,0,0,0,0,0,0,0,0,0,0,0,0,0,0,0,0,0,0
1989,240,2,19,23.464,2,8,1,0,1,0,1,1,25,1012,1012,1012,1016,0,0,0,0,0,1,1,0,0,0,432.444973,0,0,0,0,3,1,1,0.05,10,0,0,0,3,14,1,0.05,100,0,0,0,0,0,0,0,0,0,0,0,0,0,0,0,0,0,0,0,0,0,0,0,0,0,0,0,0,0,0,0,0,0,0,0,0,0,0,0,0,0,0,0,0,0,0,0,0,0,0,0
1989,240,2,19,59.224,2,8,1,0,0,0,1,1,25,1012,1012,1012,1016,0,0,0,0,0,1,1,0,0,0,432.5046443,0,0,0,0,3,1,1,0.05,10,0,0,0,3,14,1,0.05,100,0,0,0,0,0,0,0,0,0,0,0,0,0,0,0,0,0,0,0,0,0,0,0,0,0,0,0,0,0,0,0,0,0,0,0,0,0,0,0,0,0,0,0,0,0,0,0,0,0,0,0
1989,240,2,20,11.464,2,8,1,0,1,0,1,1,25,1012,1012,1012,1016,0,0,0,0,0,1,1,0,0,0,432.5250687,0,0,0,0,3,1,1,0.05,10,0,0,0,3,14,1,0.05,100,0,0,0,0,0,0,0,0,0,0,0,0,0,0,0,0,0,0,0,0,0,0,0,0,0,0,0,0,0,0,0,0,0,0,0,0,0,0,0,0,0,0,0,0,0,0,0,0,0,0,0
1989,240,2,20,47.224,2,8,1,0,0,0,1,1,25,1012,1012,1012,1016,0,0,0,0,0,1,1,0,0,0,432.5847399,0,0,0,0,3,1,1,0.05,10,0,0,0,3,14,1,0.05,100,0,0,0,0,0,0,0,0,0,0,0,0,0,0,0,0,0,0,0,0,0,0,0,0,0,0,0,0,0,0,0,0,0,0,0,0,0,0,0,0,0,0,0,0,0,0,0,0,0,0,0
1989,240,2,20,59.463,2,8,1,0,1,0,1,1,25,1012,1012,1012,1016,0,0,0,0,0,1,1,0,0,0,432.6051627,0,0,0,0,3,1,1,0.05,10,0,0,0,3,14,1,0.05,100,0,0,0,0,0,0,0,0,0,0,0,0,0,0,0,0,0,0,0,0,0,0,0,0,0,0,0,0,0,0,0,0,0,0,0,0,0,0,0,0,0,0,0,0,0,0,0,0,0,0,0
1989,240,2,21,35.224,2,8,1,0,0,0,1,1,25,1012,1012,1012,1016,0,0,0,0,0,1,1,0,0,0,432.6648355,0,0,0,0,3,1,1,0.05,10,0,0,0,3,14,1,0.05,100,0,0,0,0,0,0,0,0,0,0,0,0,0,0,0,0,0,0,0,0,0,0,0,0,0,0,0,0,0,0,0,0,0,0,0,0,0,0,0,0,0,0,0,0,0,0,0,0,0,0,0
1989,240,2,21,47.463,2,8,1,0,1,0,1,1,25,1012,1012,1012,1016,0,0,0,0,0,1,1,0,0,0,432.6852582,0,0,0,0,3,1,1,0.05,10,0,0,0,3,14,1,0.05,100,0,0,0,0,0,0,0,0,0,0,0,0,0,0,0,0,0,0,0,0,0,0,0,0,0,0,0,0,0,0,0,0,0,0,0,0,0,0,0,0,0,0,0,0,0,0,0,0,0,0,0
1989,240,2,22,23.224,2,8,1,0,0,0,1,1,25,1012,1012,1012,1016,0,0,0,0,0,1,1,0,0,0,432.744931,0,0,0,0,3,1,1,0.05,10,0,0,0,3,14,1,0.05,100,0,0,0,0,0,0,0,0,0,0,0,0,0,0,0,0,0,0,0,0,0,0,0,0,0,0,0,0,0,0,0,0,0,0,0,0,0,0,0,0,0,0,0,0,0,0,0,0,0,0,0
1989,240,2,22,35.464,2,8,1,0,1,0,1,1,25,1012,1012,1012,1016,0,0,0,0,0,1,1,0,0,0,432.7653553,0,0,0,0,3,1,1,0.05,10,0,0,0,3,14,1,0.05,100,0,0,0,0,0,0,0,0,0,0,0,0,0,0,0,0,0,0,0,0,0,0,0,0,0,0,0,0,0,0,0,0,0,0,0,0,0,0,0,0,0,0,0,0,0,0,0,0,0,0,0
1989,240,2,23,11.224,2,8,1,0,0,0,1,1,25,1012,1012,1012,1016,0,0,0,0,0,1,1,0,0,0,432.8250264,0,0,0,0,3,1,1,0.05,10,0,0,0,3,14,1,0.05,100,0,0,0,0,0,0,0,0,0,0,0,0,0,0,0,0,0,0,0,0,0,0,0,0,0,0,0,0,0,0,0,0,0,0,0,0,0,0,0,0,0,0,0,0,0,0,0,0,0,0,0
1989,240,2,23,23.464,2,8,1,0,1,0,1,1,25,1012,1012,1012,1016,0,0,0,0,0,1,1,0,0,0,432.8454507,0,0,0,0,3,1,1,0.05,10,0,0,0,3,14,1,0.05,100,0,0,0,0,0,0,0,0,0,0,0,0,0,0,0,0,0,0,0,0,0,0,0,0,0,0,0,0,0,0,0,0,0,0,0,0,0,0,0,0,0,0,0,0,0,0,0,0,0,0,0
1989,240,2,23,59.224,2,8,1,0,0,0,1,1,25,1012,1012,1012,1016,0,0,0,0,0,1,1,0,0,0,432.9051217,0,0,0,0,3,1,1,0.05,10,0,0,0,3,14,1,0.05,100,0,0,0,0,0,0,0,0,0,0,0,0,0,0,0,0,0,0,0,0,0,0,0,0,0,0,0,0,0,0,0,0,0,0,0,0,0,0,0,0,0,0,0,0,0,0,0,0,0,0,0
1989,240,2,24,11.464,2,8,1,0,1,0,1,1,25,1012,1012,1012,1016,0,0,0,0,0,1,1,0,0,0,432.925546,0,0,0,0,3,1,1,0.05,10,0,0,0,3,14,1,0.05,100,0,0,0,0,0,0,0,0,0,0,0,0,0,0,0,0,0,0,0,0,0,0,0,0,0,0,0,0,0,0,0,0,0,0,0,0,0,0,0,0,0,0,0,0,0,0,0,0,0,0,0
1989,240,2,24,47.224,2,8,1,0,0,0,1,1,25,1012,1012,1012,1016,0,0,0,0,0,1,1,0,0,0,432.9852169,0,0,0,0,3,1,1,0.05,10,0,0,0,3,14,1,0.05,100,0,0,0,0,0,0,0,0,0,0,0,0,0,0,0,0,0,0,0,0,0,0,0,0,0,0,0,0,0,0,0,0,0,0,0,0,0,0,0,0,0,0,0,0,0,0,0,0,0,0,0
1989,240,2,24,59.463,2,8,1,0,1,0,1,1,25,1012,1012,1012,1016,0,0,0,0,0,1,1,0,0,0,433.0056395,0,0,0,0,3,1,1,0.05,10,0,0,0,3,14,1,0.05,100,0,0,0,0,0,0,0,0,0,0,0,0,0,0,0,0,0,0,0,0,0,0,0,0,0,0,0,0,0,0,0,0,0,0,0,0,0,0,0,0,0,0,0,0,0,0,0,0,0,0,0
1989,240,2,25,35.223,2,8,1,0,0,0,1,1,25,1012,1012,1012,1016,0,0,0,0,0,1,1,0,0,0,433.0653104,0,0,0,0,3,1,1,0.05,10,0,0,0,3,14,1,0.05,100,0,0,0,0,0,0,0,0,0,0,0,0,0,0,0,0,0,0,0,0,0,0,0,0,0,0,0,0,0,0,0,0,0,0,0,0,0,0,0,0,0,0,0,0,0,0,0,0,0,0,0
1989,240,2,25,47.462,2,8,1,0,1,0,1,1,25,1012,1012,1012,1016,0,0,0,0,0,1,1,0,0,0,433.085733,0,0,0,0,3,1,1,0.05,10,0,0,0,3,14,1,0.05,100,0,0,0,0,0,0,0,0,0,0,0,0,0,0,0,0,0,0,0,0,0,0,0,0,0,0,0,0,0,0,0,0,0,0,0,0,0,0,0,0,0,0,0,0,0,0,0,0,0,0,0
1989,240,2,26,23.223,2,8,1,0,0,0,1,1,25,1012,1012,1012,1016,0,0,0,0,0,1,1,0,0,0,433.1454055,0,0,0,0,3,1,1,0.05,10,0,0,0,3,14,1,0.05,100,0,0,0,0,0,0,0,0,0,0,0,0,0,0,0,0,0,0,0,0,0,0,0,0,0,0,0,0,0,0,0,0,0,0,0,0,0,0,0,0,0,0,0,0,0,0,0,0,0,0,0
1989,240,2,26,35.463,2,8,1,0,1,0,1,1,25,1012,1012,1012,1016,0,0,0,0,0,1,1,0,0,0,433.1658297,0,0,0,0,3,1,1,0.05,10,0,0,0,3,14,1,0.05,100,0,0,0,0,0,0,0,0,0,0,0,0,0,0,0,0,0,0,0,0,0,0,0,0,0,0,0,0,0,0,0,0,0,0,0,0,0,0,0,0,0,0,0,0,0,0,0,0,0,0,0
1989,240,2,27,11.223,2,8,1,0,0,0,1,1,25,1012,1012,1012,1016,0,0,0,0,0,1,1,0,0,0,433.2255005,0,0,0,0,3,1,1,0.05,10,0,0,0,3,14,1,0.05,100,0,0,0,0,0,0,0,0,0,0,0,0,0,0,0,0,0,0,0,0,0,0,0,0,0,0,0,0,0,0,0,0,0,0,0,0,0,0,0,0,0,0,0,0,0,0,0,0,0,0,0
1989,240,2,27,23.463,2,8,1,0,1,0,1,1,25,1012,1012,1012,1016,0,0,0,0,0,1,1,0,0,0,433.2459247,0,0,0,0,3,1,1,0.05,10,0,0,0,3,14,1,0.05,100,0,0,0,0,0,0,0,0,0,0,0,0,0,0,0,0,0,0,0,0,0,0,0,0,0,0,0,0,0,0,0,0,0,0,0,0,0,0,0,0,0,0,0,0,0,0,0,0,0,0,0
1989,240,2,30,2.822,2,8,1,0,1,0,1,1,25,1012,1012,1012,1016,0,0,0,0,0,1,1,0,0,0,433.5118377,0,0,0,0,3,1,1,0.05,10,0,0,0,3,14,1,0.05,100,0,0,0,0,0,0,0,0,0,0,0,0,0,0,0,0,0,0,0,0,0,0,0,0,0,0,0,0,0,0,0,0,0,0,0,0,0,0,0,0,0,0,0,0,0,0,0,0,0,0,0
1989,240,2,30,23.223,2,8,1,0,0,0,1,1,25,1012,1012,1012,1016,0,0,0,0,0,1,1,0,0,0,433.5458796,0,0,0,0,3,1,1,0.05,10,0,0,0,3,14,1,0.05,100,0,0,0,0,0,0,0,0,0,0,0,0,0,0,0,0,0,0,0,0,0,0,0,0,0,0,0,0,0,0,0,0,0,0,0,0,0,0,0,0,0,0,0,0,0,0,0,0,0,0,0
1989,240,2,30,35.463,2,8,1,0,1,0,1,1,25,1012,1012,1012,1016,0,0,0,0,0,1,1,0,0,0,433.5663037,0,0,0,0,3,1,1,0.05,10,0,0,0,3,14,1,0.05,100,0,0,0,0,0,0,0,0,0,0,0,0,0,0,0,0,0,0,0,0,0,0,0,0,0,0,0,0,0,0,0,0,0,0,0,0,0,0,0,0,0,0,0,0,0,0,0,0,0,0,0
1989,240,2,31,11.223,2,8,1,0,0,0,1,1,25,1012,1012,1012,1016,0,0,0,0,0,1,1,0,0,0,433.6259741,0,0,0,0,3,1,1,0.05,10,0,0,0,3,14,1,0.05,100,0,0,0,0,0,0,0,0,0,0,0,0,0,0,0,0,0,0,0,0,0,0,0,0,0,0,0,0,0,0,0,0,0,0,0,0,0,0,0,0,0,0,0,0,0,0,0,0,0,0,0
1989,240,2,31,23.463,2,8,1,0,1,0,1,1,25,1012,1012,1012,1016,0,0,0,0,0,1,1,0,0,0,433.6463982,0,0,0,0,3,1,1,0.05,10,0,0,0,3,14,1,0.05,100,0,0,0,0,0,0,0,0,0,0,0,0,0,0,0,0,0,0,0,0,0,0,0,0,0,0,0,0,0,0,0,0,0,0,0,0,0,0,0,0,0,0,0,0,0,0,0,0,0,0,0
1989,240,2,31,59.223,2,8,1,0,0,0,1,1,25,1012,1012,1012,1016,0,0,0,0,0,1,1,0,0,0,433.7060686,0,0,0,0,3,1,1,0.05,10,0,0,0,3,14,1,0.05,100,0,0,0,0,0,0,0,0,0,0,0,0,0,0,0,0,0,0,0,0,0,0,0,0,0,0,0,0,0,0,0,0,0,0,0,0,0,0,0,0,0,0,0,0,0,0,0,0,0,0,0
1989,240,2,32,11.463,2,8,1,0,1,0,1,1,25,1012,1012,1012,1016,0,0,0,0,0,1,1,0,0,0,433.7264927,0,0,0,0,3,1,1,0.05,10,0,0,0,3,14,1,0.05,100,0,0,0,0,0,0,0,0,0,0,0,0,0,0,0,0,0,0,0,0,0,0,0,0,0,0,0,0,0,0,0,0,0,0,0,0,0,0,0,0,0,0,0,0,0,0,0,0,0,0,0
1989,240,2,32,47.223,2,8,1,0,0,0,1,1,25,1012,1012,1012,1016,0,0,0,0,0,1,1,0,0,0,433.786163,0,0,0,0,3,1,1,0.05,10,0,0,0,3,14,1,0.05,100,0,0,0,0,0,0,0,0,0,0,0,0,0,0,0,0,0,0,0,0,0,0,0,0,0,0,0,0,0,0,0,0,0,0,0,0,0,0,0,0,0,0,0,0,0,0,0,0,0,0,0
1989,240,2,32,59.462,2,8,1,0,1,0,1,1,25,1012,1012,1012,1016,0,0,0,0,0,1,1,0,0,0,433.8065854,0,0,0,0,3,1,1,0.05,10,0,0,0,3,14,1,0.05,100,0,0,0,0,0,0,0,0,0,0,0,0,0,0,0,0,0,0,0,0,0,0,0,0,0,0,0,0,0,0,0,0,0,0,0,0,0,0,0,0,0,0,0,0,0,0,0,0,0,0,0
1989,240,2,33,35.223,2,8,1,0,0,0,1,1,25,1012,1012,1012,1016,0,0,0,0,0,1,1,0,0,0,433.8662574,0,0,0,0,3,1,1,0.05,10,0,0,0,3,14,1,0.05,100,0,0,0,0,0,0,0,0,0,0,0,0,0,0,0,0,0,0,0,0,0,0,0,0,0,0,0,0,0,0,0,0,0,0,0,0,0,0,0,0,0,0,0,0,0,0,0,0,0,0,0
1989,240,2,33,47.462,2,8,1,0,1,0,1,1,25,1012,1012,1012,1016,0,0,0,0,0,1,1,0,0,0,433.8866797,0,0,0,0,3,1,1,0.05,10,0,0,0,3,14,1,0.05,100,0,0,0,0,0,0,0,0,0,0,0,0,0,0,0,0,0,0,0,0,0,0,0,0,0,0,0,0,0,0,0,0,0,0,0,0,0,0,0,0,0,0,0,0,0,0,0,0,0,0,0
1989,240,2,34,23.223,2,8,1,0,0,0,1,1,25,1012,1012,1012,1016,0,0,0,0,0,1,1,0,0,0,433.9463516,0,0,0,0,3,1,1,0.05,10,0,0,0,3,14,1,0.05,100,0,0,0,0,0,0,0,0,0,0,0,0,0,0,0,0,0,0,0,0,0,0,0,0,0,0,0,0,0,0,0,0,0,0,0,0,0,0,0,0,0,0,0,0,0,0,0,0,0,0,0
1989,240,2,34,35.463,2,8,1,0,1,0,1,1,25,1012,1012,1012,1016,0,0,0,0,0,1,1,0,0,0,433.9667756,0,0,0,0,3,1,1,0.05,10,0,0,0,3,14,1,0.05,100,0,0,0,0,0,0,0,0,0,0,0,0,0,0,0,0,0,0,0,0,0,0,0,0,0,0,0,0,0,0,0,0,0,0,0,0,0,0,0,0,0,0,0,0,0,0,0,0,0,0,0
1989,240,2,35,11.223,2,8,1,0,0,0,1,1,25,1012,1012,1012,1016,0,0,0,0,0,1,1,0,0,0,434.0264458,0,0,0,0,3,1,1,0.05,10,0,0,0,3,14,1,0.05,100,0,0,0,0,0,0,0,0,0,0,0,0,0,0,0,0,0,0,0,0,0,0,0,0,0,0,0,0,0,0,0,0,0,0,0,0,0,0,0,0,0,0,0,0,0,0,0,0,0,0,0
1989,240,2,35,23.463,2,8,1,0,1,0,1,1,25,1012,1012,1012,1016,0,0,0,0,0,1,1,0,0,0,434.0468698,0,0,0,0,3,1,1,0.05,10,0,0,0,3,14,1,0.05,100,0,0,0,0,0,0,0,0,0,0,0,0,0,0,0,0,0,0,0,0,0,0,0,0,0,0,0,0,0,0,0,0,0,0,0,0,0,0,0,0,0,0,0,0,0,0,0,0,0,0,0
1989,240,2,35,59.223,2,8,1,0,0,0,1,1,25,1012,1012,1012,1016,0,0,0,0,0,1,1,0,0,0,434.1065398,0,0,0,0,3,1,1,0.05,10,0,0,0,3,14,1,0.05,100,0,0,0,0,0,0,0,0,0,0,0,0,0,0,0,0,0,0,0,0,0,0,0,0,0,0,0,0,0,0,0,0,0,0,0,0,0,0,0,0,0,0,0,0,0,0,0,0,0,0,0
1989,240,2,36,11.463,2,8,1,0,1,0,1,1,25,1012,1012,1012,1016,0,0,0,0,0,1,1,0,0,0,434.1269638,0,0,0,0,3,1,1,0.05,10,0,0,0,3,14,1,0.05,100,0,0,0,0,0,0,0,0,0,0,0,0,0,0,0,0,0,0,0,0,0,0,0,0,0,0,0,0,0,0,0,0,0,0,0,0,0,0,0,0,0,0,0,0,0,0,0,0,0,0,0
1989,240,2,36,47.222,2,8,1,0,0,0,1,1,25,1012,1012,1012,1016,0,0,0,0,0,1,1,0,0,0,434.1866322,0,0,0,0,3,1,1,0.05,10,0,0,0,3,14,1,0.05,100,0,0,0,0,0,0,0,0,0,0,0,0,0,0,0,0,0,0,0,0,0,0,0,0,0,0,0,0,0,0,0,0,0,0,0,0,0,0,0,0,0,0,0,0,0,0,0,0,0,0,0
1989,240,2,36,59.462,2,8,1,0,1,0,1,1,25,1012,1012,1012,1016,0,0,0,0,0,1,1,0,0,0,434.2070561,0,0,0,0,3,1,1,0.05,10,0,0,0,3,14,1,0.05,100,0,0,0,0,0,0,0,0,0,0,0,0,0,0,0,0,0,0,0,0,0,0,0,0,0,0,0,0,0,0,0,0,0,0,0,0,0,0,0,0,0,0,0,0,0,0,0,0,0,0,0
1989,240,2,37,35.222,2,8,1,0,0,0,1,1,25,1012,1012,1012,1016,0,0,0,0,0,1,1,0,0,0,434.2667261,0,0,0,0,3,1,1,0.05,10,0,0,0,3,14,1,0.05,100,0,0,0,0,0,0,0,0,0,0,0,0,0,0,0,0,0,0,0,0,0,0,0,0,0,0,0,0,0,0,0,0,0,0,0,0,0,0,0,0,0,0,0,0,0,0,0,0,0,0,0
1989,240,2,37,47.462,2,8,1,0,1,0,1,1,25,1012,1012,1012,1016,0,0,0,0,0,1,1,0,0,0,434.28715,0,0,0,0,3,1,1,0.05,10,0,0,0,3,14,1,0.05,100,0,0,0,0,0,0,0,0,0,0,0,0,0,0,0,0,0,0,0,0,0,0,0,0,0,0,0,0,0,0,0,0,0,0,0,0,0,0,0,0,0,0,0,0,0,0,0,0,0,0,0
1989,240,2,38,23.221,2,8,1,0,0,0,1,1,25,1012,1012,1012,1016,0,0,0,0,0,1,1,0,0,0,434.3468182,0,0,0,0,3,1,1,0.05,10,0,0,0,3,14,1,0.05,100,0,0,0,0,0,0,0,0,0,0,0,0,0,0,0,0,0,0,0,0,0,0,0,0,0,0,0,0,0,0,0,0,0,0,0,0,0,0,0,0,0,0,0,0,0,0,0,0,0,0,0
1989,240,2,38,35.461,2,8,1,0,1,0,1,1,25,1012,1012,1012,1016,0,0,0,0,0,1,1,0,0,0,434.3672421,0,0,0,0,3,1,1,0.05,10,0,0,0,3,14,1,0.05,100,0,0,0,0,0,0,0,0,0,0,0,0,0,0,0,0,0,0,0,0,0,0,0,0,0,0,0,0,0,0,0,0,0,0,0,0,0,0,0,0,0,0,0,0,0,0,0,0,0,0,0
1989,240,2,39,11.221,2,8,1,0,0,0,1,1,25,1012,1012,1012,1016,0,0,0,0,0,1,1,0,0,0,434.426912,0,0,0,0,3,1,1,0.05,10,0,0,0,3,14,1,0.05,100,0,0,0,0,0,0,0,0,0,0,0,0,0,0,0,0,0,0,0,0,0,0,0,0,0,0,0,0,0,0,0,0,0,0,0,0,0,0,0,0,0,0,0,0,0,0,0,0,0,0,0
1989,240,2,39,23.461,2,8,1,0,1,0,1,1,25,1012,1012,1012,1016,0,0,0,0,0,1,1,0,0,0,434.4473359,0,0,0,0,3,1,1,0.05,10,0,0,0,3,14,1,0.05,100,0,0,0,0,0,0,0,0,0,0,0,0,0,0,0,0,0,0,0,0,0,0,0,0,0,0,0,0,0,0,0,0,0,0,0,0,0,0,0,0,0,0,0,0,0,0,0,0,0,0,0
1989,240,2,42,2.821,2,8,1,0,1,0,1,1,25,1012,1012,1012,1016,0,0,0,0,0,1,1,0,0,0,434.7132464,0,0,0,0,3,1,1,0.05,10,0,0,0,3,14,1,0.05,100,0,0,0,0,0,0,0,0,0,0,0,0,0,0,0,0,0,0,0,0,0,0,0,0,0,0,0,0,0,0,0,0,0,0,0,0,0,0,0,0,0,0,0,0,0,0,0,0,0,0,0
1989,240,2,42,23.221,2,8,1,0,0,0,1,1,25,1012,1012,1012,1016,0,0,0,0,0,1,1,0,0,0,434.7472861,0,0,0,0,3,1,1,0.05,10,0,0,0,3,14,1,0.05,100,0,0,0,0,0,0,0,0,0,0,0,0,0,0,0,0,0,0,0,0,0,0,0,0,0,0,0,0,0,0,0,0,0,0,0,0,0,0,0,0,0,0,0,0,0,0,0,0,0,0,0
1989,240,2,42,35.461,2,8,1,0,1,0,1,1,25,1012,1012,1012,1016,0,0,0,0,0,1,1,0,0,0,434.7677099,0,0,0,0,3,1,1,0.05,10,0,0,0,3,14,1,0.05,100,0,0,0,0,0,0,0,0,0,0,0,0,0,0,0,0,0,0,0,0,0,0,0,0,0,0,0,0,0,0,0,0,0,0,0,0,0,0,0,0,0,0,0,0,0,0,0,0,0,0,0
1989,240,2,43,11.221,2,8,1,0,0,0,1,1,25,1012,1012,1012,1016,0,0,0,0,0,1,1,0,0,0,434.8273795,0,0,0,0,3,1,1,0.05,10,0,0,0,3,14,1,0.05,100,0,0,0,0,0,0,0,0,0,0,0,0,0,0,0,0,0,0,0,0,0,0,0,0,0,0,0,0,0,0,0,0,0,0,0,0,0,0,0,0,0,0,0,0,0,0,0,0,0,0,0
1989,240,2,43,23.461,2,8,1,0,1,0,1,1,25,1012,1012,1012,1016,0,0,0,0,0,1,1,0,0,0,434.8478033,0,0,0,0,3,1,1,0.05,10,0,0,0,3,14,1,0.05,100,0,0,0,0,0,0,0,0,0,0,0,0,0,0,0,0,0,0,0,0,0,0,0,0,0,0,0,0,0,0,0,0,0,0,0,0,0,0,0,0,0,0,0,0,0,0,0,0,0,0,0
1989,240,2,43,59.221,2,8,1,0,0,0,1,1,25,1012,1012,1012,1016,0,0,0,0,0,1,1,0,0,0,434.9074727,0,0,0,0,3,1,1,0.05,10,0,0,0,3,14,1,0.05,100,0,0,0,0,0,0,0,0,0,0,0,0,0,0,0,0,0,0,0,0,0,0,0,0,0,0,0,0,0,0,0,0,0,0,0,0,0,0,0,0,0,0,0,0,0,0,0,0,0,0,0
1989,240,2,44,11.461,2,8,1,0,1,0,1,1,25,1012,1012,1012,1016,0,0,0,0,0,1,1,0,0,0,434.9278965,0,0,0,0,3,1,1,0.05,10,0,0,0,3,14,1,0.05,100,0,0,0,0,0,0,0,0,0,0,0,0,0,0,0,0,0,0,0,0,0,0,0,0,0,0,0,0,0,0,0,0,0,0,0,0,0,0,0,0,0,0,0,0,0,0,0,0,0,0,0
1989,240,2,44,26.821,2,8,1,0,1,0,1,1,25,1012,1012,1012,1016,0,0,0,0,0,1,1,0,0,0,434.9535263,0,0,0,0,3,1,1,0.05,10,0,0,0,3,14,1,0.05,100,0,0,0,0,0,0,0,0,0,0,0,0,0,0,0,0,0,0,0,0,0,0,0,0,0,0,0,0,0,0,0,0,0,0,0,0,0,0,0,0,0,0,0,0,0,0,0,0,0,0,0
1989,240,2,44,47.221,2,8,1,0,0,0,1,1,25,1012,1012,1012,1016,0,0,0,0,0,1,1,0,0,0,434.9875659,0,0,0,0,3,1,1,0.05,10,0,0,0,3,14,1,0.05,100,0,0,0,0,0,0,0,0,0,0,0,0,0,0,0,0,0,0,0,0,0,0,0,0,0,0,0,0,0,0,0,0,0,0,0,0,0,0,0,0,0,0,0,0,0,0,0,0,0,0,0
1989,240,2,44,59.461,2,8,1,0,1,0,1,1,25,1012,1012,1012,1016,0,0,0,0,0,1,1,0,0,0,435.0079896,0,0,0,0,3,1,1,0.05,10,0,0,0,3,14,1,0.05,100,0,0,0,0,0,0,0,0,0,0,0,0,0,0,0,0,0,0,0,0,0,0,0,0,0,0,0,0,0,0,0,0,0,0,0,0,0,0,0,0,0,0,0,0,0,0,0,0,0,0,0
1989,240,2,45,35.222,2,8,1,0,0,0,1,1,25,1012,1012,1012,1016,0,0,0,0,0,1,1,0,0,0,435.0676606,0,0,0,0,3,1,1,0.05,10,0,0,0,3,14,1,0.05,100,0,0,0,0,0,0,0,0,0,0,0,0,0,0,0,0,0,0,0,0,0,0,0,0,0,0,0,0,0,0,0,0,0,0,0,0,0,0,0,0,0,0,0,0,0,0,0,0,0,0,0
1989,240,2,45,47.461,2,8,1,0,1,0,1,1,25,1012,1012,1012,1016,0,0,0,0,0,1,1,0,0,0,435.0880827,0,0,0,0,3,1,1,0.05,10,0,0,0,3,14,1,0.05,100,0,0,0,0,0,0,0,0,0,0,0,0,0,0,0,0,0,0,0,0,0,0,0,0,0,0,0,0,0,0,0,0,0,0,0,0,0,0,0,0,0,0,0,0,0,0,0,0,0,0,0
1989,240,2,46,23.221,2,8,1,0,0,0,1,1,25,1012,1012,1012,1016,0,0,0,0,0,1,1,0,0,0,435.147752,0,0,0,0,3,1,1,0.05,10,0,0,0,3,14,1,0.05,100,0,0,0,0,0,0,0,0,0,0,0,0,0,0,0,0,0,0,0,0,0,0,0,0,0,0,0,0,0,0,0,0,0,0,0,0,0,0,0,0,0,0,0,0,0,0,0,0,0,0,0
1989,240,2,46,35.461,2,8,1,0,1,0,1,1,25,1012,1012,1012,1016,0,0,0,0,0,1,1,0,0,0,435.1681757,0,0,0,0,3,1,1,0.05,10,0,0,0,3,14,1,0.05,100,0,0,0,0,0,0,0,0,0,0,0,0,0,0,0,0,0,0,0,0,0,0,0,0,0,0,0,0,0,0,0,0,0,0,0,0,0,0,0,0,0,0,0,0,0,0,0,0,0,0,0
1989,240,2,47,11.222,2,8,1,0,0,0,1,1,25,1012,1012,1012,1016,0,0,0,0,0,1,1,0,0,0,435.2278466,0,0,0,0,3,1,1,0.05,10,0,0,0,3,14,1,0.05,100,0,0,0,0,0,0,0,0,0,0,0,0,0,0,0,0,0,0,0,0,0,0,0,0,0,0,0,0,0,0,0,0,0,0,0,0,0,0,0,0,0,0,0,0,0,0,0,0,0,0,0
1989,240,2,47,23.462,2,8,1,0,1,0,1,1,25,1012,1012,1012,1016,0,0,0,0,0,1,1,0,0,0,435.2482703,0,0,0,0,3,1,1,0.05,10,0,0,0,3,14,1,0.05,100,0,0,0,0,0,0,0,0,0,0,0,0,0,0,0,0,0,0,0,0,0,0,0,0,0,0,0,0,0,0,0,0,0,0,0,0,0,0,0,0,0,0,0,0,0,0,0,0,0,0,0
1989,240,2,47,59.222,2,8,1,0,0,0,1,1,25,1012,1012,1012,1016,0,0,0,0,0,1,1,0,0,0,435.3079394,0,0,0,0,3,1,1,0.05,10,0,0,0,3,14,1,0.05,100,0,0,0,0,0,0,0,0,0,0,0,0,0,0,0,0,0,0,0,0,0,0,0,0,0,0,0,0,0,0,0,0,0,0,0,0,0,0,0,0,0,0,0,0,0,0,0,0,0,0,0
1989,240,2,48,11.462,2,8,1,0,1,0,1,1,25,1012,1012,1012,1016,0,0,0,0,0,1,1,0,0,0,435.3283631,0,0,0,0,3,1,1,0.05,10,0,0,0,3,14,1,0.05,100,0,0,0,0,0,0,0,0,0,0,0,0,0,0,0,0,0,0,0,0,0,0,0,0,0,0,0,0,0,0,0,0,0,0,0,0,0,0,0,0,0,0,0,0,0,0,0,0,0,0,0
1989,240,2,48,47.222,2,8,1,0,0,0,1,1,25,1012,1012,1012,1016,0,0,0,0,0,1,1,0,0,0,435.3880322,0,0,0,0,3,1,1,0.05,10,0,0,0,3,14,1,0.05,100,0,0,0,0,0,0,0,0,0,0,0,0,0,0,0,0,0,0,0,0,0,0,0,0,0,0,0,0,0,0,0,0,0,0,0,0,0,0,0,0,0,0,0,0,0,0,0,0,0,0,0
1989,240,2,48,59.461,2,8,1,0,1,0,1,1,25,1012,1012,1012,1016,0,0,0,0,0,1,1,0,0,0,435.4084542,0,0,0,0,3,1,1,0.05,10,0,0,0,3,14,1,0.05,100,0,0,0,0,0,0,0,0,0,0,0,0,0,0,0,0,0,0,0,0,0,0,0,0,0,0,0,0,0,0,0,0,0,0,0,0,0,0,0,0,0,0,0,0,0,0,0,0,0,0,0
1989,240,2,49,35.222,2,8,1,0,0,0,1,1,25,1012,1012,1012,1016,0,0,0,0,0,1,1,0,0,0,435.4681249,0,0,0,0,3,1,1,0.05,10,0,0,0,3,14,1,0.05,100,0,0,0,0,0,0,0,0,0,0,0,0,0,0,0,0,0,0,0,0,0,0,0,0,0,0,0,0,0,0,0,0,0,0,0,0,0,0,0,0,0,0,0,0,0,0,0,0,0,0,0
1989,240,2,49,47.461,2,8,1,0,1,0,1,1,25,1012,1012,1012,1016,0,0,0,0,0,1,1,0,0,0,435.4885468,0,0,0,0,3,1,1,0.05,10,0,0,0,3,14,1,0.05,100,0,0,0,0,0,0,0,0,0,0,0,0,0,0,0,0,0,0,0,0,0,0,0,0,0,0,0,0,0,0,0,0,0,0,0,0,0,0,0,0,0,0,0,0,0,0,0,0,0,0,0
1989,240,2,50,23.221,2,8,1,0,0,0,1,1,25,1012,1012,1012,1016,0,0,0,0,0,1,1,0,0,0,435.5482158,0,0,0,0,3,1,1,0.05,10,0,0,0,3,14,1,0.05,100,0,0,0,0,0,0,0,0,0,0,0,0,0,0,0,0,0,0,0,0,0,0,0,0,0,0,0,0,0,0,0,0,0,0,0,0,0,0,0,0,0,0,0,0,0,0,0,0,0,0,0
1989,240,2,50,35.461,2,8,1,0,1,0,1,1,25,1012,1012,1012,1016,0,0,0,0,0,1,1,0,0,0,435.5686394,0,0,0,0,3,1,1,0.05,10,0,0,0,3,14,1,0.05,100,0,0,0,0,0,0,0,0,0,0,0,0,0,0,0,0,0,0,0,0,0,0,0,0,0,0,0,0,0,0,0,0,0,0,0,0,0,0,0,0,0,0,0,0,0,0,0,0,0,0,0
1989,240,2,51,11.222,2,8,1,0,0,0,1,1,25,1012,1012,1012,1016,0,0,0,0,0,1,1,0,0,0,435.62831,0,0,0,0,3,1,1,0.05,10,0,0,0,3,14,1,0.05,100,0,0,0,0,0,0,0,0,0,0,0,0,0,0,0,0,0,0,0,0,0,0,0,0,0,0,0,0,0,0,0,0,0,0,0,0,0,0,0,0,0,0,0,0,0,0,0,0,0,0,0
1989,240,2,51,23.462,2,8,1,0,1,0,1,1,25,1012,1012,1012,1016,0,0,0,0,0,1,1,0,0,0,435.6487336,0,0,0,0,3,1,1,0.05,10,0,0,0,3,14,1,0.05,100,0,0,0,0,0,0,0,0,0,0,0,0,0,0,0,0,0,0,0,0,0,0,0,0,0,0,0,0,0,0,0,0,0,0,0,0,0,0,0,0,0,0,0,0,0,0,0,0,0,0,0
1989,240,2,54,2.82,2,8,1,0,1,0,1,1,25,1012,1012,1012,1016,0,0,0,0,0,1,1,0,0,0,435.9146367,0,0,0,0,3,1,1,0.05,10,0,0,0,3,14,1,0.05,100,0,0,0,0,0,0,0,0,0,0,0,0,0,0,0,0,0,0,0,0,0,0,0,0,0,0,0,0,0,0,0,0,0,0,0,0,0,0,0,0,0,0,0,0,0,0,0,0,0,0,0
1989,240,2,54,23.22,2,8,1,0,0,0,1,1,25,1012,1012,1012,1016,0,0,0,0,0,1,1,0,0,0,435.9486759,0,0,0,0,3,1,1,0.05,10,0,0,0,3,14,1,0.05,100,0,0,0,0,0,0,0,0,0,0,0,0,0,0,0,0,0,0,0,0,0,0,0,0,0,0,0,0,0,0,0,0,0,0,0,0,0,0,0,0,0,0,0,0,0,0,0,0,0,0,0
1989,240,2,54,35.461,2,8,1,0,1,0,1,1,25,1012,1012,1012,1016,0,0,0,0,0,1,1,0,0,0,435.969101,0,0,0,0,3,1,1,0.05,10,0,0,0,3,14,1,0.05,100,0,0,0,0,0,0,0,0,0,0,0,0,0,0,0,0,0,0,0,0,0,0,0,0,0,0,0,0,0,0,0,0,0,0,0,0,0,0,0,0,0,0,0,0,0,0,0,0,0,0,0
1989,240,2,55,11.221,2,8,1,0,0,0,1,1,25,1012,1012,1012,1016,0,0,0,0,0,1,1,0,0,0,436.0287697,0,0,0,0,3,1,1,0.05,10,0,0,0,3,14,1,0.05,100,0,0,0,0,0,0,0,0,0,0,0,0,0,0,0,0,0,0,0,0,0,0,0,0,0,0,0,0,0,0,0,0,0,0,0,0,0,0,0,0,0,0,0,0,0,0,0,0,0,0,0
1989,240,2,55,23.461,2,8,1,0,1,0,1,1,25,1012,1012,1012,1016,0,0,0,0,0,1,1,0,0,0,436.0491931,0,0,0,0,3,1,1,0.05,10,0,0,0,3,14,1,0.05,100,0,0,0,0,0,0,0,0,0,0,0,0,0,0,0,0,0,0,0,0,0,0,0,0,0,0,0,0,0,0,0,0,0,0,0,0,0,0,0,0,0,0,0,0,0,0,0,0,0,0,0
1989,240,2,55,59.221,2,8,1,0,0,0,1,1,25,1012,1012,1012,1016,0,0,0,0,0,1,1,0,0,0,436.1088617,0,0,0,0,3,1,1,0.05,10,0,0,0,3,14,1,0.05,100,0,0,0,0,0,0,0,0,0,0,0,0,0,0,0,0,0,0,0,0,0,0,0,0,0,0,0,0,0,0,0,0,0,0,0,0,0,0,0,0,0,0,0,0,0,0,0,0,0,0,0
1989,240,2,56,11.46,2,8,1,0,1,0,1,1,25,1012,1012,1012,1016,0,0,0,0,0,1,1,0,0,0,436.1292835,0,0,0,0,3,1,1,0.05,10,0,0,0,3,14,1,0.05,100,0,0,0,0,0,0,0,0,0,0,0,0,0,0,0,0,0,0,0,0,0,0,0,0,0,0,0,0,0,0,0,0,0,0,0,0,0,0,0,0,0,0,0,0,0,0,0,0,0,0,0
1989,240,2,56,47.221,2,8,1,0,0,0,1,1,25,1012,1012,1012,1016,0,0,0,0,0,1,1,0,0,0,436.1889536,0,0,0,0,3,1,1,0.05,10,0,0,0,3,14,1,0.05,100,0,0,0,0,0,0,0,0,0,0,0,0,0,0,0,0,0,0,0,0,0,0,0,0,0,0,0,0,0,0,0,0,0,0,0,0,0,0,0,0,0,0,0,0,0,0,0,0,0,0,0
1989,240,2,56,59.461,2,8,1,0,1,0,1,1,25,1012,1012,1012,1016,0,0,0,0,0,1,1,0,0,0,436.2093771,0,0,0,0,3,1,1,0.05,10,0,0,0,3,14,1,0.05,100,0,0,0,0,0,0,0,0,0,0,0,0,0,0,0,0,0,0,0,0,0,0,0,0,0,0,0,0,0,0,0,0,0,0,0,0,0,0,0,0,0,0,0,0,0,0,0,0,0,0,0
1989,240,2,57,35.221,2,8,1,0,0,0,1,1,25,1012,1012,1012,1016,0,0,0,0,0,1,1,0,0,0,436.2690455,0,0,0,0,3,1,1,0.05,10,0,0,0,3,14,1,0.05,100,0,0,0,0,0,0,0,0,0,0,0,0,0,0,0,0,0,0,0,0,0,0,0,0,0,0,0,0,0,0,0,0,0,0,0,0,0,0,0,0,0,0,0,0,0,0,0,0,0,0,0
1989,240,2,57,47.461,2,8,1,0,1,0,1,1,25,1012,1012,1012,1016,0,0,0,0,0,1,1,0,0,0,436.2894689,0,0,0,0,3,1,1,0.05,10,0,0,0,3,14,1,0.05,100,0,0,0,0,0,0,0,0,0,0,0,0,0,0,0,0,0,0,0,0,0,0,0,0,0,0,0,0,0,0,0,0,0,0,0,0,0,0,0,0,0,0,0,0,0,0,0,0,0,0,0
1989,240,2,58,23.22,2,8,1,0,0,0,1,1,25,1012,1012,1012,1016,0,0,0,0,0,1,1,0,0,0,436.3491356,0,0,0,0,3,1,1,0.05,10,0,0,0,3,14,1,0.05,100,0,0,0,0,0,0,0,0,0,0,0,0,0,0,0,0,0,0,0,0,0,0,0,0,0,0,0,0,0,0,0,0,0,0,0,0,0,0,0,0,0,0,0,0,0,0,0,0,0,0,0
1989,240,2,58,35.461,2,8,1,0,1,0,1,1,25,1012,1012,1012,1016,0,0,0,0,0,1,1,0,0,0,436.3695607,0,0,0,0,3,1,1,0.05,10,0,0,0,3,14,1,0.05,100,0,0,0,0,0,0,0,0,0,0,0,0,0,0,0,0,0,0,0,0,0,0,0,0,0,0,0,0,0,0,0,0,0,0,0,0,0,0,0,0,0,0,0,0,0,0,0,0,0,0,0
1989,240,2,59,11.221,2,8,1,0,0,0,1,1,25,1012,1012,1012,1016,0,0,0,0,0,1,1,0,0,0,436.429229,0,0,0,0,3,1,1,0.05,10,0,0,0,3,14,1,0.05,100,0,0,0,0,0,0,0,0,0,0,0,0,0,0,0,0,0,0,0,0,0,0,0,0,0,0,0,0,0,0,0,0,0,0,0,0,0,0,0,0,0,0,0,0,0,0,0,0,0,0,0
1989,240,2,59,23.461,2,8,1,0,1,0,1,1,25,1012,1012,1012,1016,0,0,0,0,0,1,1,0,0,0,436.4496523,0,0,0,0,3,1,1,0.05,10,0,0,0,3,14,1,0.05,100,0,0,0,0,0,0,0,0,0,0,0,0,0,0,0,0,0,0,0,0,0,0,0,0,0,0,0,0,0,0,0,0,0,0,0,0,0,0,0,0,0,0,0,0,0,0,0,0,0,0,0
1989,240,2,59,59.221,2,8,1,0,0,0,1,1,25,1012,1012,1012,1016,0,0,0,0,0,1,1,0,0,0,436.5093206,0,0,0,0,3,1,1,0.05,10,0,0,0,3,14,1,0.05,100,0,0,0,0,0,0,0,0,0,0,0,0,0,0,0,0,0,0,0,0,0,0,0,0,0,0,0,0,0,0,0,0,0,0,0,0,0,0,0,0,0,0,0,0,0,0,0,0,0,0,0
1989,240,3,0,11.46,2,8,1,0,1,0,1,1,25,1012,1012,1012,1016,0,0,0,0,0,1,1,0,0,0,436.5297423,0,0,0,0,3,1,1,0.05,10,0,0,0,3,14,1,0.05,100,0,0,0,0,0,0,0,0,0,0,0,0,0,0,0,0,0,0,0,0,0,0,0,0,0,0,0,0,0,0,0,0,0,0,0,0,0,0,0,0,0,0,0,0,0,0,0,0,0,0,0
1989,240,3,0,47.221,2,8,1,0,0,0,1,1,25,1012,1012,1012,1016,0,0,0,0,0,1,1,0,0,0,436.5894121,0,0,0,0,3,1,1,0.05,10,0,0,0,3,14,1,0.05,100,0,0,0,0,0,0,0,0,0,0,0,0,0,0,0,0,0,0,0,0,0,0,0,0,0,0,0,0,0,0,0,0,0,0,0,0,0,0,0,0,0,0,0,0,0,0,0,0,0,0,0
1989,240,3,0,59.461,2,8,1,0,1,0,1,1,25,1012,1012,1012,1016,0,0,0,0,0,1,1,0,0,0,436.6098354,0,0,0,0,3,1,1,0.05,10,0,0,0,3,14,1,0.05,100,0,0,0,0,0,0,0,0,0,0,0,0,0,0,0,0,0,0,0,0,0,0,0,0,0,0,0,0,0,0,0,0,0,0,0,0,0,0,0,0,0,0,0,0,0,0,0,0,0,0,0
1989,240,3,1,35.221,2,8,1,0,0,0,1,1,25,1012,1012,1012,1016,0,0,0,0,0,1,1,0,0,0,436.6695036,0,0,0,0,3,1,1,0.05,10,0,0,0,3,14,1,0.05,100,0,0,0,0,0,0,0,0,0,0,0,0,0,0,0,0,0,0,0,0,0,0,0,0,0,0,0,0,0,0,0,0,0,0,0,0,0,0,0,0,0,0,0,0,0,0,0,0,0,0,0
1989,240,3,1,47.461,2,8,1,0,1,0,1,1,25,1012,1012,1012,1016,0,0,0,0,0,1,1,0,0,0,436.6899269,0,0,0,0,3,1,1,0.05,10,0,0,0,3,14,1,0.05,100,0,0,0,0,0,0,0,0,0,0,0,0,0,0,0,0,0,0,0,0,0,0,0,0,0,0,0,0,0,0,0,0,0,0,0,0,0,0,0,0,0,0,0,0,0,0,0,0,0,0,0
1989,240,3,2,23.22,2,8,1,0,0,0,1,1,25,1012,1012,1012,1016,0,0,0,0,0,1,1,0,0,0,436.7495933,0,0,0,0,3,1,1,0.05,10,0,0,0,3,14,1,0.05,100,0,0,0,0,0,0,0,0,0,0,0,0,0,0,0,0,0,0,0,0,0,0,0,0,0,0,0,0,0,0,0,0,0,0,0,0,0,0,0,0,0,0,0,0,0,0,0,0,0,0,0
1989,240,3,2,35.461,2,8,1,0,1,0,1,1,25,1012,1012,1012,1016,0,0,0,0,0,1,1,0,0,0,436.7700182,0,0,0,0,3,1,1,0.05,10,0,0,0,3,14,1,0.05,100,0,0,0,0,0,0,0,0,0,0,0,0,0,0,0,0,0,0,0,0,0,0,0,0,0,0,0,0,0,0,0,0,0,0,0,0,0,0,0,0,0,0,0,0,0,0,0,0,0,0,0
1989,240,3,3,11.221,2,8,1,0,0,0,1,1,25,1012,1012,1012,1016,0,0,0,0,0,1,1,0,0,0,436.8296862,0,0,0,0,3,1,1,0.05,10,0,0,0,3,14,1,0.05,100,0,0,0,0,0,0,0,0,0,0,0,0,0,0,0,0,0,0,0,0,0,0,0,0,0,0,0,0,0,0,0,0,0,0,0,0,0,0,0,0,0,0,0,0,0,0,0,0,0,0,0
1989,240,3,3,23.461,2,8,1,0,1,0,1,1,25,1012,1012,1012,1016,0,0,0,0,0,1,1,0,0,0,436.8501095,0,0,0,0,3,1,1,0.05,10,0,0,0,3,14,1,0.05,100,0,0,0,0,0,0,0,0,0,0,0,0,0,0,0,0,0,0,0,0,0,0,0,0,0,0,0,0,0,0,0,0,0,0,0,0,0,0,0,0,0,0,0,0,0,0,0,0,0,0,0
1989,240,3,6,2.819,2,8,1,0,1,0,1,1,25,1012,1012,1012,1016,0,0,0,0,0,1,1,0,0,0,437.1160086,0,0,0,0,3,1,1,0.05,10,0,0,0,3,14,1,0.05,100,0,0,0,0,0,0,0,0,0,0,0,0,0,0,0,0,0,0,0,0,0,0,0,0,0,0,0,0,0,0,0,0,0,0,0,0,0,0,0,0,0,0,0,0,0,0,0,0,0,0,0
1989,240,3,6,23.22,2,8,1,0,0,0,1,1,25,1012,1012,1012,1016,0,0,0,0,0,1,1,0,0,0,437.1500489,0,0,0,0,3,1,1,0.05,10,0,0,0,3,14,1,0.05,100,0,0,0,0,0,0,0,0,0,0,0,0,0,0,0,0,0,0,0,0,0,0,0,0,0,0,0,0,0,0,0,0,0,0,0,0,0,0,0,0,0,0,0,0,0,0,0,0,0,0,0
1989,240,3,6,35.46,2,8,1,0,1,0,1,1,25,1012,1012,1012,1016,0,0,0,0,0,1,1,0,0,0,437.1704721,0,0,0,0,3,1,1,0.05,10,0,0,0,3,14,1,0.05,100,0,0,0,0,0,0,0,0,0,0,0,0,0,0,0,0,0,0,0,0,0,0,0,0,0,0,0,0,0,0,0,0,0,0,0,0,0,0,0,0,0,0,0,0,0,0,0,0,0,0,0
1989,240,3,7,11.22,2,8,1,0,0,0,1,1,25,1012,1012,1012,1016,0,0,0,0,0,1,1,0,0,0,437.2301398,0,0,0,0,3,1,1,0.05,10,0,0,0,3,14,1,0.05,100,0,0,0,0,0,0,0,0,0,0,0,0,0,0,0,0,0,0,0,0,0,0,0,0,0,0,0,0,0,0,0,0,0,0,0,0,0,0,0,0,0,0,0,0,0,0,0,0,0,0,0
1989,240,3,7,23.46,2,8,1,0,1,0,1,1,25,1012,1012,1012,1016,0,0,0,0,0,1,1,0,0,0,437.250563,0,0,0,0,3,1,1,0.05,10,0,0,0,3,14,1,0.05,100,0,0,0,0,0,0,0,0,0,0,0,0,0,0,0,0,0,0,0,0,0,0,0,0,0,0,0,0,0,0,0,0,0,0,0,0,0,0,0,0,0,0,0,0,0,0,0,0,0,0,0
1989,240,3,7,59.22,2,8,1,0,0,0,1,1,25,1012,1012,1012,1016,0,0,0,0,0,1,1,0,0,0,437.3102306,0,0,0,0,3,1,1,0.05,10,0,0,0,3,14,1,0.05,100,0,0,0,0,0,0,0,0,0,0,0,0,0,0,0,0,0,0,0,0,0,0,0,0,0,0,0,0,0,0,0,0,0,0,0,0,0,0,0,0,0,0,0,0,0,0,0,0,0,0,0
1989,240,3,8,11.46,2,8,1,0,1,0,1,1,25,1012,1012,1012,1016,0,0,0,0,0,1,1,0,0,0,437.3306538,0,0,0,0,3,1,1,0.05,10,0,0,0,3,14,1,0.05,100,0,0,0,0,0,0,0,0,0,0,0,0,0,0,0,0,0,0,0,0,0,0,0,0,0,0,0,0,0,0,0,0,0,0,0,0,0,0,0,0,0,0,0,0,0,0,0,0,0,0,0
1989,240,3,8,47.22,2,8,1,0,0,0,1,1,25,1012,1012,1012,1016,0,0,0,0,0,1,1,0,0,0,437.3903213,0,0,0,0,3,1,1,0.05,10,0,0,0,3,14,1,0.05,100,0,0,0,0,0,0,0,0,0,0,0,0,0,0,0,0,0,0,0,0,0,0,0,0,0,0,0,0,0,0,0,0,0,0,0,0,0,0,0,0,0,0,0,0,0,0,0,0,0,0,0
1989,240,3,8,59.46,2,8,1,0,1,0,1,1,25,1012,1012,1012,1016,0,0,0,0,0,1,1,0,0,0,437.4107445,0,0,0,0,3,1,1,0.05,10,0,0,0,3,14,1,0.05,100,0,0,0,0,0,0,0,0,0,0,0,0,0,0,0,0,0,0,0,0,0,0,0,0,0,0,0,0,0,0,0,0,0,0,0,0,0,0,0,0,0,0,0,0,0,0,0,0,0,0,0
1989,240,3,9,35.22,2,8,1,0,0,0,1,1,25,1012,1012,1012,1016,0,0,0,0,0,1,1,0,0,0,437.470412,0,0,0,0,3,1,1,0.05,10,0,0,0,3,14,1,0.05,100,0,0,0,0,0,0,0,0,0,0,0,0,0,0,0,0,0,0,0,0,0,0,0,0,0,0,0,0,0,0,0,0,0,0,0,0,0,0,0,0,0,0,0,0,0,0,0,0,0,0,0
1989,240,3,9,47.46,2,8,1,0,1,0,1,1,25,1012,1012,1012,1016,0,0,0,0,0,1,1,0,0,0,437.4908351,0,0,0,0,3,1,1,0.05,10,0,0,0,3,14,1,0.05,100,0,0,0,0,0,0,0,0,0,0,0,0,0,0,0,0,0,0,0,0,0,0,0,0,0,0,0,0,0,0,0,0,0,0,0,0,0,0,0,0,0,0,0,0,0,0,0,0,0,0,0
1989,240,3,10,23.22,2,8,1,0,0,0,1,1,25,1012,1012,1012,1016,0,0,0,0,0,1,1,0,0,0,437.5505025,0,0,0,0,3,1,1,0.05,10,0,0,0,3,14,1,0.05,100,0,0,0,0,0,0,0,0,0,0,0,0,0,0,0,0,0,0,0,0,0,0,0,0,0,0,0,0,0,0,0,0,0,0,0,0,0,0,0,0,0,0,0,0,0,0,0,0,0,0,0
1989,240,3,10,35.46,2,8,1,0,1,0,1,1,25,1012,1012,1012,1016,0,0,0,0,0,1,1,0,0,0,437.5709256,0,0,0,0,3,1,1,0.05,10,0,0,0,3,14,1,0.05,100,0,0,0,0,0,0,0,0,0,0,0,0,0,0,0,0,0,0,0,0,0,0,0,0,0,0,0,0,0,0,0,0,0,0,0,0,0,0,0,0,0,0,0,0,0,0,0,0,0,0,0
1989,240,3,11,11.22,2,8,1,0,0,0,1,1,25,1012,1012,1012,1016,0,0,0,0,0,1,1,0,0,0,437.630593,0,0,0,0,3,1,1,0.05,10,0,0,0,3,14,1,0.05,100,0,0,0,0,0,0,0,0,0,0,0,0,0,0,0,0,0,0,0,0,0,0,0,0,0,0,0,0,0,0,0,0,0,0,0,0,0,0,0,0,0,0,0,0,0,0,0,0,0,0,0
1989,240,3,11,23.46,2,8,1,0,1,0,1,1,25,1012,1012,1012,1016,0,0,0,0,0,1,1,0,0,0,437.6510161,0,0,0,0,3,1,1,0.05,10,0,0,0,3,14,1,0.05,100,0,0,0,0,0,0,0,0,0,0,0,0,0,0,0,0,0,0,0,0,0,0,0,0,0,0,0,0,0,0,0,0,0,0,0,0,0,0,0,0,0,0,0,0,0,0,0,0,0,0,0
1989,240,3,11,59.22,2,8,1,0,0,0,1,1,25,1012,1012,1012,1016,0,0,0,0,0,1,1,0,0,0,437.7106834,0,0,0,0,3,1,1,0.05,10,0,0,0,3,14,1,0.05,100,0,0,0,0,0,0,0,0,0,0,0,0,0,0,0,0,0,0,0,0,0,0,0,0,0,0,0,0,0,0,0,0,0,0,0,0,0,0,0,0,0,0,0,0,0,0,0,0,0,0,0
1989,240,3,12,11.46,2,8,1,0,1,0,1,1,25,1012,1012,1012,1016,0,0,0,0,0,1,1,0,0,0,437.7311064,0,0,0,0,3,1,1,0.05,10,0,0,0,3,14,1,0.05,100,0,0,0,0,0,0,0,0,0,0,0,0,0,0,0,0,0,0,0,0,0,0,0,0,0,0,0,0,0,0,0,0,0,0,0,0,0,0,0,0,0,0,0,0,0,0,0,0,0,0,0
1989,240,3,12,47.22,2,8,1,0,0,0,1,1,25,1012,1012,1012,1016,0,0,0,0,0,1,1,0,0,0,437.7907737,0,0,0,0,3,1,1,0.05,10,0,0,0,3,14,1,0.05,100,0,0,0,0,0,0,0,0,0,0,0,0,0,0,0,0,0,0,0,0,0,0,0,0,0,0,0,0,0,0,0,0,0,0,0,0,0,0,0,0,0,0,0,0,0,0,0,0,0,0,0
1989,240,3,12,59.46,2,8,1,0,1,0,1,1,25,1012,1012,1012,1016,0,0,0,0,0,1,1,0,0,0,437.8111967,0,0,0,0,3,1,1,0.05,10,0,0,0,3,14,1,0.05,100,0,0,0,0,0,0,0,0,0,0,0,0,0,0,0,0,0,0,0,0,0,0,0,0,0,0,0,0,0,0,0,0,0,0,0,0,0,0,0,0,0,0,0,0,0,0,0,0,0,0,0
1989,240,3,13,35.22,2,8,1,0,0,0,1,1,25,1012,1012,1012,1016,0,0,0,0,0,1,1,0,0,0,437.870864,0,0,0,0,3,1,1,0.05,10,0,0,0,3,14,1,0.05,100,0,0,0,0,0,0,0,0,0,0,0,0,0,0,0,0,0,0,0,0,0,0,0,0,0,0,0,0,0,0,0,0,0,0,0,0,0,0,0,0,0,0,0,0,0,0,0,0,0,0,0
1989,240,3,13,47.46,2,8,1,0,1,0,1,1,25,1012,1012,1012,1016,0,0,0,0,0,1,1,0,0,0,437.891287,0,0,0,0,3,1,1,0.05,10,0,0,0,3,14,1,0.05,100,0,0,0,0,0,0,0,0,0,0,0,0,0,0,0,0,0,0,0,0,0,0,0,0,0,0,0,0,0,0,0,0,0,0,0,0,0,0,0,0,0,0,0,0,0,0,0,0,0,0,0
1989,240,3,14,23.22,2,8,1,0,0,0,1,1,25,1012,1012,1012,1016,0,0,0,0,0,1,1,0,0,0,437.9509541,0,0,0,0,3,1,1,0.05,10,0,0,0,3,14,1,0.05,100,0,0,0,0,0,0,0,0,0,0,0,0,0,0,0,0,0,0,0,0,0,0,0,0,0,0,0,0,0,0,0,0,0,0,0,0,0,0,0,0,0,0,0,0,0,0,0,0,0,0,0
1989,240,3,14,35.46,2,8,1,0,1,0,1,1,25,1012,1012,1012,1016,0,0,0,0,0,1,1,0,0,0,437.9713771,0,0,0,0,3,1,1,0.05,10,0,0,0,3,14,1,0.05,100,0,0,0,0,0,0,0,0,0,0,0,0,0,0,0,0,0,0,0,0,0,0,0,0,0,0,0,0,0,0,0,0,0,0,0,0,0,0,0,0,0,0,0,0,0,0,0,0,0,0,0
1989,240,3,15,11.22,2,8,1,0,0,0,1,1,25,1012,1012,1012,1016,0,0,0,0,0,1,1,0,0,0,438.0310442,0,0,0,0,3,1,1,0.05,10,0,0,0,3,14,1,0.05,100,0,0,0,0,0,0,0,0,0,0,0,0,0,0,0,0,0,0,0,0,0,0,0,0,0,0,0,0,0,0,0,0,0,0,0,0,0,0,0,0,0,0,0,0,0,0,0,0,0,0,0
1989,240,3,15,23.46,2,8,1,0,1,0,1,1,25,1012,1012,1012,1016,0,0,0,0,0,1,1,0,0,0,438.0514671,0,0,0,0,3,1,1,0.05,10,0,0,0,3,14,1,0.05,100,0,0,0,0,0,0,0,0,0,0,0,0,0,0,0,0,0,0,0,0,0,0,0,0,0,0,0,0,0,0,0,0,0,0,0,0,0,0,0,0,0,0,0,0,0,0,0,0,0,0,0
1989,240,3,18,2.819,2,8,1,0,1,0,1,1,25,1012,1012,1012,1016,0,0,0,0,0,1,1,0,0,0,438.3173639,0,0,0,0,3,1,1,0.05,10,0,0,0,3,14,1,0.05,100,0,0,0,0,0,0,0,0,0,0,0,0,0,0,0,0,0,0,0,0,0,0,0,0,0,0,0,0,0,0,0,0,0,0,0,0,0,0,0,0,0,0,0,0,0,0,0,0,0,0,0
1989,240,3,18,23.219,2,8,1,0,0,0,1,1,25,1012,1012,1012,1016,0,0,0,0,0,1,1,0,0,0,438.351402,0,0,0,0,3,1,1,0.05,10,0,0,0,3,14,1,0.05,100,0,0,0,0,0,0,0,0,0,0,0,0,0,0,0,0,0,0,0,0,0,0,0,0,0,0,0,0,0,0,0,0,0,0,0,0,0,0,0,0,0,0,0,0,0,0,0,0,0,0,0
1989,240,3,18,35.459,2,8,1,0,1,0,1,1,25,1012,1012,1012,1016,0,0,0,0,0,1,1,0,0,0,438.3718249,0,0,0,0,3,1,1,0.05,10,0,0,0,3,14,1,0.05,100,0,0,0,0,0,0,0,0,0,0,0,0,0,0,0,0,0,0,0,0,0,0,0,0,0,0,0,0,0,0,0,0,0,0,0,0,0,0,0,0,0,0,0,0,0,0,0,0,0,0,0
1989,240,3,19,11.219,2,8,1,0,0,0,1,1,25,1012,1012,1012,1016,0,0,0,0,0,1,1,0,0,0,438.4314917,0,0,0,0,3,1,1,0.05,10,0,0,0,3,14,1,0.05,100,0,0,0,0,0,0,0,0,0,0,0,0,0,0,0,0,0,0,0,0,0,0,0,0,0,0,0,0,0,0,0,0,0,0,0,0,0,0,0,0,0,0,0,0,0,0,0,0,0,0,0
1989,240,3,19,23.459,2,8,1,0,1,0,1,1,25,1012,1012,1012,1016,0,0,0,0,0,1,1,0,0,0,438.4519145,0,0,0,0,3,1,1,0.05,10,0,0,0,3,14,1,0.05,100,0,0,0,0,0,0,0,0,0,0,0,0,0,0,0,0,0,0,0,0,0,0,0,0,0,0,0,0,0,0,0,0,0,0,0,0,0,0,0,0,0,0,0,0,0,0,0,0,0,0,0
1989,240,3,19,59.219,2,8,1,0,0,0,1,1,25,1012,1012,1012,1016,0,0,0,0,0,1,1,0,0,0,438.5115813,0,0,0,0,3,1,1,0.05,10,0,0,0,3,14,1,0.05,100,0,0,0,0,0,0,0,0,0,0,0,0,0,0,0,0,0,0,0,0,0,0,0,0,0,0,0,0,0,0,0,0,0,0,0,0,0,0,0,0,0,0,0,0,0,0,0,0,0,0,0
1989,240,3,20,11.459,2,8,1,0,1,0,1,1,25,1012,1012,1012,1016,0,0,0,0,0,1,1,0,0,0,438.5320041,0,0,0,0,3,1,1,0.05,10,0,0,0,3,14,1,0.05,100,0,0,0,0,0,0,0,0,0,0,0,0,0,0,0,0,0,0,0,0,0,0,0,0,0,0,0,0,0,0,0,0,0,0,0,0,0,0,0,0,0,0,0,0,0,0,0,0,0,0,0
1989,240,3,20,47.219,2,8,1,0,0,0,1,1,25,1012,1012,1012,1016,0,0,0,0,0,1,1,0,0,0,438.5916708,0,0,0,0,3,1,1,0.05,10,0,0,0,3,14,1,0.05,100,0,0,0,0,0,0,0,0,0,0,0,0,0,0,0,0,0,0,0,0,0,0,0,0,0,0,0,0,0,0,0,0,0,0,0,0,0,0,0,0,0,0,0,0,0,0,0,0,0,0,0
1989,240,3,20,59.459,2,8,1,0,1,0,1,1,25,1012,1012,1012,1016,0,0,0,0,0,1,1,0,0,0,438.6120936,0,0,0,0,3,1,1,0.05,10,0,0,0,3,14,1,0.05,100,0,0,0,0,0,0,0,0,0,0,0,0,0,0,0,0,0,0,0,0,0,0,0,0,0,0,0,0,0,0,0,0,0,0,0,0,0,0,0,0,0,0,0,0,0,0,0,0,0,0,0
1989,240,3,21,35.219,2,8,1,0,0,0,1,1,25,1012,1012,1012,1016,0,0,0,0,0,1,1,0,0,0,438.6717602,0,0,0,0,3,1,1,0.05,10,0,0,0,3,14,1,0.05,100,0,0,0,0,0,0,0,0,0,0,0,0,0,0,0,0,0,0,0,0,0,0,0,0,0,0,0,0,0,0,0,0,0,0,0,0,0,0,0,0,0,0,0,0,0,0,0,0,0,0,0
1989,240,3,21,47.459,2,8,1,0,1,0,1,1,25,1012,1012,1012,1016,0,0,0,0,0,1,1,0,0,0,438.692183,0,0,0,0,3,1,1,0.05,10,0,0,0,3,14,1,0.05,100,0,0,0,0,0,0,0,0,0,0,0,0,0,0,0,0,0,0,0,0,0,0,0,0,0,0,0,0,0,0,0,0,0,0,0,0,0,0,0,0,0,0,0,0,0,0,0,0,0,0,0
1989,240,3,22,23.219,2,8,1,0,0,0,1,1,25,1012,1012,1012,1016,0,0,0,0,0,1,1,0,0,0,438.7518496,0,0,0,0,3,1,1,0.05,10,0,0,0,3,14,1,0.05,100,0,0,0,0,0,0,0,0,0,0,0,0,0,0,0,0,0,0,0,0,0,0,0,0,0,0,0,0,0,0,0,0,0,0,0,0,0,0,0,0,0,0,0,0,0,0,0,0,0,0,0
1989,240,3,22,35.459,2,8,1,0,1,0,1,1,25,1012,1012,1012,1016,0,0,0,0,0,1,1,0,0,0,438.7722723,0,0,0,0,3,1,1,0.05,10,0,0,0,3,14,1,0.05,100,0,0,0,0,0,0,0,0,0,0,0,0,0,0,0,0,0,0,0,0,0,0,0,0,0,0,0,0,0,0,0,0,0,0,0,0,0,0,0,0,0,0,0,0,0,0,0,0,0,0,0
1989,240,3,23,11.219,2,8,1,0,0,0,1,1,25,1012,1012,1012,1016,0,0,0,0,0,1,1,0,0,0,438.8319388,0,0,0,0,3,1,1,0.05,10,0,0,0,3,14,1,0.05,100,0,0,0,0,0,0,0,0,0,0,0,0,0,0,0,0,0,0,0,0,0,0,0,0,0,0,0,0,0,0,0,0,0,0,0,0,0,0,0,0,0,0,0,0,0,0,0,0,0,0,0
1989,240,3,23,23.459,2,8,1,0,1,0,1,1,25,1012,1012,1012,1016,0,0,0,0,0,1,1,0,0,0,438.8523616,0,0,0,0,3,1,1,0.05,10,0,0,0,3,14,1,0.05,100,0,0,0,0,0,0,0,0,0,0,0,0,0,0,0,0,0,0,0,0,0,0,0,0,0,0,0,0,0,0,0,0,0,0,0,0,0,0,0,0,0,0,0,0,0,0,0,0,0,0,0
1989,240,3,23,59.219,2,8,1,0,0,0,1,1,25,1012,1012,1012,1016,0,0,0,0,0,1,1,0,0,0,438.912028,0,0,0,0,3,1,1,0.05,10,0,0,0,3,14,1,0.05,100,0,0,0,0,0,0,0,0,0,0,0,0,0,0,0,0,0,0,0,0,0,0,0,0,0,0,0,0,0,0,0,0,0,0,0,0,0,0,0,0,0,0,0,0,0,0,0,0,0,0,0
1989,240,3,24,11.459,2,8,1,0,1,0,1,1,25,1012,1012,1012,1016,0,0,0,0,0,1,1,0,0,0,438.9324507,0,0,0,0,3,1,1,0.05,10,0,0,0,3,14,1,0.05,100,0,0,0,0,0,0,0,0,0,0,0,0,0,0,0,0,0,0,0,0,0,0,0,0,0,0,0,0,0,0,0,0,0,0,0,0,0,0,0,0,0,0,0,0,0,0,0,0,0,0,0
1989,240,3,24,47.219,2,8,1,0,0,0,1,1,25,1012,1012,1012,1016,0,0,0,0,0,1,1,0,0,0,438.9921171,0,0,0,0,3,1,1,0.05,10,0,0,0,3,14,1,0.05,100,0,0,0,0,0,0,0,0,0,0,0,0,0,0,0,0,0,0,0,0,0,0,0,0,0,0,0,0,0,0,0,0,0,0,0,0,0,0,0,0,0,0,0,0,0,0,0,0,0,0,0
1989,240,3,24,59.459,2,8,1,0,1,0,1,1,25,1012,1012,1012,1016,0,0,0,0,0,1,1,0,0,0,439.0125398,0,0,0,0,3,1,1,0.05,10,0,0,0,3,14,1,0.05,100,0,0,0,0,0,0,0,0,0,0,0,0,0,0,0,0,0,0,0,0,0,0,0,0,0,0,0,0,0,0,0,0,0,0,0,0,0,0,0,0,0,0,0,0,0,0,0,0,0,0,0
1989,240,3,25,35.219,2,8,1,0,0,0,1,1,25,1012,1012,1012,1016,0,0,0,0,0,1,1,0,0,0,439.0722061,0,0,0,0,3,1,1,0.05,10,0,0,0,3,14,1,0.05,100,0,0,0,0,0,0,0,0,0,0,0,0,0,0,0,0,0,0,0,0,0,0,0,0,0,0,0,0,0,0,0,0,0,0,0,0,0,0,0,0,0,0,0,0,0,0,0,0,0,0,0
1989,240,3,25,47.459,2,8,1,0,1,0,1,1,25,1012,1012,1012,1016,0,0,0,0,0,1,1,0,0,0,439.0926288,0,0,0,0,3,1,1,0.05,10,0,0,0,3,14,1,0.05,100,0,0,0,0,0,0,0,0,0,0,0,0,0,0,0,0,0,0,0,0,0,0,0,0,0,0,0,0,0,0,0,0,0,0,0,0,0,0,0,0,0,0,0,0,0,0,0,0,0,0,0
1989,240,3,26,23.219,2,8,1,0,0,0,1,1,25,1012,1012,1012,1016,0,0,0,0,0,1,1,0,0,0,439.1522951,0,0,0,0,3,1,1,0.05,10,0,0,0,3,14,1,0.05,100,0,0,0,0,0,0,0,0,0,0,0,0,0,0,0,0,0,0,0,0,0,0,0,0,0,0,0,0,0,0,0,0,0,0,0,0,0,0,0,0,0,0,0,0,0,0,0,0,0,0,0
1989,240,3,26,35.459,2,8,1,0,1,0,1,1,25,1012,1012,1012,1016,0,0,0,0,0,1,1,0,0,0,439.1727177,0,0,0,0,3,1,1,0.05,10,0,0,0,3,14,1,0.05,100,0,0,0,0,0,0,0,0,0,0,0,0,0,0,0,0,0,0,0,0,0,0,0,0,0,0,0,0,0,0,0,0,0,0,0,0,0,0,0,0,0,0,0,0,0,0,0,0,0,0,0
1989,240,3,27,11.219,2,8,1,0,0,0,1,1,25,1012,1012,1012,1016,0,0,0,0,0,1,1,0,0,0,439.2323839,0,0,0,0,3,1,1,0.05,10,0,0,0,3,14,1,0.05,100,0,0,0,0,0,0,0,0,0,0,0,0,0,0,0,0,0,0,0,0,0,0,0,0,0,0,0,0,0,0,0,0,0,0,0,0,0,0,0,0,0,0,0,0,0,0,0,0,0,0,0
1989,240,3,27,23.459,2,8,1,0,1,0,1,1,25,1012,1012,1012,1016,0,0,0,0,0,1,1,0,0,0,439.2528066,0,0,0,0,3,1,1,0.05,10,0,0,0,3,14,1,0.05,100,0,0,0,0,0,0,0,0,0,0,0,0,0,0,0,0,0,0,0,0,0,0,0,0,0,0,0,0,0,0,0,0,0,0,0,0,0,0,0,0,0,0,0,0,0,0,0,0,0,0,0
1989,240,3,30,2.817,2,8,1,0,1,0,1,1,25,1012,1012,1012,1016,0,0,0,0,0,1,1,0,0,0,439.5186976,0,0,0,0,3,1,1,0.05,10,0,0,0,3,14,1,0.05,100,0,0,0,0,0,0,0,0,0,0,0,0,0,0,0,0,0,0,0,0,0,0,0,0,0,0,0,0,0,0,0,0,0,0,0,0,0,0,0,0,0,0,0,0,0,0,0,0,0,0,0
1989,240,3,30,23.217,2,8,1,0,0,0,1,1,25,1012,1012,1012,1016,0,0,0,0,0,1,1,0,0,0,439.5527353,0,0,0,0,3,1,1,0.05,10,0,0,0,3,14,1,0.05,100,0,0,0,0,0,0,0,0,0,0,0,0,0,0,0,0,0,0,0,0,0,0,0,0,0,0,0,0,0,0,0,0,0,0,0,0,0,0,0,0,0,0,0,0,0,0,0,0,0,0,0
1989,240,3,30,35.458,2,8,1,0,1,0,1,1,25,1012,1012,1012,1016,0,0,0,0,0,1,1,0,0,0,439.5731595,0,0,0,0,3,1,1,0.05,10,0,0,0,3,14,1,0.05,100,0,0,0,0,0,0,0,0,0,0,0,0,0,0,0,0,0,0,0,0,0,0,0,0,0,0,0,0,0,0,0,0,0,0,0,0,0,0,0,0,0,0,0,0,0,0,0,0,0,0,0
1989,240,3,31,11.218,2,8,1,0,0,0,1,1,25,1012,1012,1012,1016,0,0,0,0,0,1,1,0,0,0,439.6328254,0,0,0,0,3,1,1,0.05,10,0,0,0,3,14,1,0.05,100,0,0,0,0,0,0,0,0,0,0,0,0,0,0,0,0,0,0,0,0,0,0,0,0,0,0,0,0,0,0,0,0,0,0,0,0,0,0,0,0,0,0,0,0,0,0,0,0,0,0,0
1989,240,3,31,23.458,2,8,1,0,1,0,1,1,25,1012,1012,1012,1016,0,0,0,0,0,1,1,0,0,0,439.6532479,0,0,0,0,3,1,1,0.05,10,0,0,0,3,14,1,0.05,100,0,0,0,0,0,0,0,0,0,0,0,0,0,0,0,0,0,0,0,0,0,0,0,0,0,0,0,0,0,0,0,0,0,0,0,0,0,0,0,0,0,0,0,0,0,0,0,0,0,0,0
1989,240,3,31,59.218,2,8,1,0,0,0,1,1,25,1012,1012,1012,1016,0,0,0,0,0,1,1,0,0,0,439.7129138,0,0,0,0,3,1,1,0.05,10,0,0,0,3,14,1,0.05,100,0,0,0,0,0,0,0,0,0,0,0,0,0,0,0,0,0,0,0,0,0,0,0,0,0,0,0,0,0,0,0,0,0,0,0,0,0,0,0,0,0,0,0,0,0,0,0,0,0,0,0
1989,240,3,32,11.458,2,8,1,0,1,0,1,1,25,1012,1012,1012,1016,0,0,0,0,0,1,1,0,0,0,439.7333363,0,0,0,0,3,1,1,0.05,10,0,0,0,3,14,1,0.05,100,0,0,0,0,0,0,0,0,0,0,0,0,0,0,0,0,0,0,0,0,0,0,0,0,0,0,0,0,0,0,0,0,0,0,0,0,0,0,0,0,0,0,0,0,0,0,0,0,0,0,0
1989,240,3,32,47.218,2,8,1,0,0,0,1,1,25,1012,1012,1012,1016,0,0,0,0,0,1,1,0,0,0,439.7930021,0,0,0,0,3,1,1,0.05,10,0,0,0,3,14,1,0.05,100,0,0,0,0,0,0,0,0,0,0,0,0,0,0,0,0,0,0,0,0,0,0,0,0,0,0,0,0,0,0,0,0,0,0,0,0,0,0,0,0,0,0,0,0,0,0,0,0,0,0,0
1989,240,3,32,59.458,2,8,1,0,1,0,1,1,25,1012,1012,1012,1016,0,0,0,0,0,1,1,0,0,0,439.8134246,0,0,0,0,3,1,1,0.05,10,0,0,0,3,14,1,0.05,100,0,0,0,0,0,0,0,0,0,0,0,0,0,0,0,0,0,0,0,0,0,0,0,0,0,0,0,0,0,0,0,0,0,0,0,0,0,0,0,0,0,0,0,0,0,0,0,0,0,0,0
1989,240,3,33,35.218,2,8,1,0,0,0,1,1,25,1012,1012,1012,1016,0,0,0,0,0,1,1,0,0,0,439.8730903,0,0,0,0,3,1,1,0.05,10,0,0,0,3,14,1,0.05,100,0,0,0,0,0,0,0,0,0,0,0,0,0,0,0,0,0,0,0,0,0,0,0,0,0,0,0,0,0,0,0,0,0,0,0,0,0,0,0,0,0,0,0,0,0,0,0,0,0,0,0
1989,240,3,33,47.458,2,8,1,0,1,0,1,1,25,1012,1012,1012,1016,0,0,0,0,0,1,1,0,0,0,439.8935128,0,0,0,0,3,1,1,0.05,10,0,0,0,3,14,1,0.05,100,0,0,0,0,0,0,0,0,0,0,0,0,0,0,0,0,0,0,0,0,0,0,0,0,0,0,0,0,0,0,0,0,0,0,0,0,0,0,0,0,0,0,0,0,0,0,0,0,0,0,0
1989,240,3,34,23.217,2,8,1,0,0,0,1,1,25,1012,1012,1012,1016,0,0,0,0,0,1,1,0,0,0,439.9531768,0,0,0,0,3,1,1,0.05,10,0,0,0,3,14,1,0.05,100,0,0,0,0,0,0,0,0,0,0,0,0,0,0,0,0,0,0,0,0,0,0,0,0,0,0,0,0,0,0,0,0,0,0,0,0,0,0,0,0,0,0,0,0,0,0,0,0,0,0,0
1989,240,3,34,35.458,2,8,1,0,1,0,1,1,25,1012,1012,1012,1016,0,0,0,0,0,1,1,0,0,0,439.9736009,0,0,0,0,3,1,1,0.05,10,0,0,0,3,14,1,0.05,100,0,0,0,0,0,0,0,0,0,0,0,0,0,0,0,0,0,0,0,0,0,0,0,0,0,0,0,0,0,0,0,0,0,0,0,0,0,0,0,0,0,0,0,0,0,0,0,0,0,0,0
1989,240,3,35,11.218,2,8,1,0,0,0,1,1,25,1012,1012,1012,1016,0,0,0,0,0,1,1,0,0,0,440.0332665,0,0,0,0,3,1,1,0.05,10,0,0,0,3,14,1,0.05,100,0,0,0,0,0,0,0,0,0,0,0,0,0,0,0,0,0,0,0,0,0,0,0,0,0,0,0,0,0,0,0,0,0,0,0,0,0,0,0,0,0,0,0,0,0,0,0,0,0,0,0
1989,240,3,35,23.458,2,8,1,0,1,0,1,1,25,1012,1012,1012,1016,0,0,0,0,0,1,1,0,0,0,440.0536889,0,0,0,0,3,1,1,0.05,10,0,0,0,3,14,1,0.05,100,0,0,0,0,0,0,0,0,0,0,0,0,0,0,0,0,0,0,0,0,0,0,0,0,0,0,0,0,0,0,0,0,0,0,0,0,0,0,0,0,0,0,0,0,0,0,0,0,0,0,0
1989,240,3,35,59.218,2,8,1,0,0,0,1,1,25,1012,1012,1012,1016,0,0,0,0,0,1,1,0,0,0,440.1133545,0,0,0,0,3,1,1,0.05,10,0,0,0,3,14,1,0.05,100,0,0,0,0,0,0,0,0,0,0,0,0,0,0,0,0,0,0,0,0,0,0,0,0,0,0,0,0,0,0,0,0,0,0,0,0,0,0,0,0,0,0,0,0,0,0,0,0,0,0,0
1989,240,3,36,11.458,2,8,1,0,1,0,1,1,25,1012,1012,1012,1016,0,0,0,0,0,1,1,0,0,0,440.1337769,0,0,0,0,3,1,1,0.05,10,0,0,0,3,14,1,0.05,100,0,0,0,0,0,0,0,0,0,0,0,0,0,0,0,0,0,0,0,0,0,0,0,0,0,0,0,0,0,0,0,0,0,0,0,0,0,0,0,0,0,0,0,0,0,0,0,0,0,0,0
1989,240,3,36,47.218,2,8,1,0,0,0,1,1,25,1012,1012,1012,1016,0,0,0,0,0,1,1,0,0,0,440.1934424,0,0,0,0,3,1,1,0.05,10,0,0,0,3,14,1,0.05,100,0,0,0,0,0,0,0,0,0,0,0,0,0,0,0,0,0,0,0,0,0,0,0,0,0,0,0,0,0,0,0,0,0,0,0,0,0,0,0,0,0,0,0,0,0,0,0,0,0,0,0
1989,240,3,36,59.458,2,8,1,0,1,0,1,1,25,1012,1012,1012,1016,0,0,0,0,0,1,1,0,0,0,440.2138648,0,0,0,0,3,1,1,0.05,10,0,0,0,3,14,1,0.05,100,0,0,0,0,0,0,0,0,0,0,0,0,0,0,0,0,0,0,0,0,0,0,0,0,0,0,0,0,0,0,0,0,0,0,0,0,0,0,0,0,0,0,0,0,0,0,0,0,0,0,0
1989,240,3,37,35.218,2,8,1,0,0,0,1,1,25,1012,1012,1012,1016,0,0,0,0,0,1,1,0,0,0,440.2735302,0,0,0,0,3,1,1,0.05,10,0,0,0,3,14,1,0.05,100,0,0,0,0,0,0,0,0,0,0,0,0,0,0,0,0,0,0,0,0,0,0,0,0,0,0,0,0,0,0,0,0,0,0,0,0,0,0,0,0,0,0,0,0,0,0,0,0,0,0,0
1989,240,3,37,47.458,2,8,1,0,1,0,1,1,25,1012,1012,1012,1016,0,0,0,0,0,1,1,0,0,0,440.2939526,0,0,0,0,3,1,1,0.05,10,0,0,0,3,14,1,0.05,100,0,0,0,0,0,0,0,0,0,0,0,0,0,0,0,0,0,0,0,0,0,0,0,0,0,0,0,0,0,0,0,0,0,0,0,0,0,0,0,0,0,0,0,0,0,0,0,0,0,0,0
1989,240,3,38,23.217,2,8,1,0,0,0,1,1,25,1012,1012,1012,1016,0,0,0,0,0,1,1,0,0,0,440.3536163,0,0,0,0,3,1,1,0.05,10,0,0,0,3,14,1,0.05,100,0,0,0,0,0,0,0,0,0,0,0,0,0,0,0,0,0,0,0,0,0,0,0,0,0,0,0,0,0,0,0,0,0,0,0,0,0,0,0,0,0,0,0,0,0,0,0,0,0,0,0
1989,240,3,38,35.458,2,8,1,0,1,0,1,1,25,1012,1012,1012,1016,0,0,0,0,0,1,1,0,0,0,440.3740403,0,0,0,0,3,1,1,0.05,10,0,0,0,3,14,1,0.05,100,0,0,0,0,0,0,0,0,0,0,0,0,0,0,0,0,0,0,0,0,0,0,0,0,0,0,0,0,0,0,0,0,0,0,0,0,0,0,0,0,0,0,0,0,0,0,0,0,0,0,0
1989,240,3,39,11.218,2,8,1,0,0,0,1,1,25,1012,1012,1012,1016,0,0,0,0,0,1,1,0,0,0,440.4337056,0,0,0,0,3,1,1,0.05,10,0,0,0,3,14,1,0.05,100,0,0,0,0,0,0,0,0,0,0,0,0,0,0,0,0,0,0,0,0,0,0,0,0,0,0,0,0,0,0,0,0,0,0,0,0,0,0,0,0,0,0,0,0,0,0,0,0,0,0,0
1989,240,3,39,23.458,2,8,1,0,1,0,1,1,25,1012,1012,1012,1016,0,0,0,0,0,1,1,0,0,0,440.4541279,0,0,0,0,3,1,1,0.05,10,0,0,0,3,14,1,0.05,100,0,0,0,0,0,0,0,0,0,0,0,0,0,0,0,0,0,0,0,0,0,0,0,0,0,0,0,0,0,0,0,0,0,0,0,0,0,0,0,0,0,0,0,0,0,0,0,0,0,0,0
1989,240,3,42,2.817,2,8,1,0,1,0,1,1,25,1012,1012,1012,1016,0,0,0,0,0,1,1,0,0,0,440.7200167,0,0,0,0,3,1,1,0.05,10,0,0,0,3,14,1,0.05,100,0,0,0,0,0,0,0,0,0,0,0,0,0,0,0,0,0,0,0,0,0,0,0,0,0,0,0,0,0,0,0,0,0,0,0,0,0,0,0,0,0,0,0,0,0,0,0,0,0,0,0
1989,240,3,42,23.217,2,8,1,0,0,0,1,1,25,1012,1012,1012,1016,0,0,0,0,0,1,1,0,0,0,440.7540538,0,0,0,0,3,1,1,0.05,10,0,0,0,3,14,1,0.05,100,0,0,0,0,0,0,0,0,0,0,0,0,0,0,0,0,0,0,0,0,0,0,0,0,0,0,0,0,0,0,0,0,0,0,0,0,0,0,0,0,0,0,0,0,0,0,0,0,0,0,0
1989,240,3,42,35.458,2,8,1,0,1,0,1,1,25,1012,1012,1012,1016,0,0,0,0,0,1,1,0,0,0,440.7744777,0,0,0,0,3,1,1,0.05,10,0,0,0,3,14,1,0.05,100,0,0,0,0,0,0,0,0,0,0,0,0,0,0,0,0,0,0,0,0,0,0,0,0,0,0,0,0,0,0,0,0,0,0,0,0,0,0,0,0,0,0,0,0,0,0,0,0,0,0,0
1989,240,3,43,11.217,2,8,1,0,0,0,1,1,25,1012,1012,1012,1016,0,0,0,0,0,1,1,0,0,0,440.834141,0,0,0,0,3,1,1,0.05,10,0,0,0,3,14,1,0.05,100,0,0,0,0,0,0,0,0,0,0,0,0,0,0,0,0,0,0,0,0,0,0,0,0,0,0,0,0,0,0,0,0,0,0,0,0,0,0,0,0,0,0,0,0,0,0,0,0,0,0,0
1989,240,3,43,23.457,2,8,1,0,1,0,1,1,25,1012,1012,1012,1016,0,0,0,0,0,1,1,0,0,0,440.8545633,0,0,0,0,3,1,1,0.05,10,0,0,0,3,14,1,0.05,100,0,0,0,0,0,0,0,0,0,0,0,0,0,0,0,0,0,0,0,0,0,0,0,0,0,0,0,0,0,0,0,0,0,0,0,0,0,0,0,0,0,0,0,0,0,0,0,0,0,0,0
1989,240,3,43,59.217,2,8,1,0,0,0,1,1,25,1012,1012,1012,1016,0,0,0,0,0,1,1,0,0,0,440.9142282,0,0,0,0,3,1,1,0.05,10,0,0,0,3,14,1,0.05,100,0,0,0,0,0,0,0,0,0,0,0,0,0,0,0,0,0,0,0,0,0,0,0,0,0,0,0,0,0,0,0,0,0,0,0,0,0,0,0,0,0,0,0,0,0,0,0,0,0,0,0
1989,240,3,44,11.457,2,8,1,0,1,0,1,1,25,1012,1012,1012,1016,0,0,0,0,0,1,1,0,0,0,440.9346504,0,0,0,0,3,1,1,0.05,10,0,0,0,3,14,1,0.05,100,0,0,0,0,0,0,0,0,0,0,0,0,0,0,0,0,0,0,0,0,0,0,0,0,0,0,0,0,0,0,0,0,0,0,0,0,0,0,0,0,0,0,0,0,0,0,0,0,0,0,0
1989,240,3,44,47.217,2,8,1,0,0,0,1,1,25,1012,1012,1012,1016,0,0,0,0,0,1,1,0,0,0,440.9943153,0,0,0,0,3,1,1,0.05,10,0,0,0,3,14,1,0.05,100,0,0,0,0,0,0,0,0,0,0,0,0,0,0,0,0,0,0,0,0,0,0,0,0,0,0,0,0,0,0,0,0,0,0,0,0,0,0,0,0,0,0,0,0,0,0,0,0,0,0,0
1989,240,3,44,59.456,2,8,1,0,1,0,1,1,25,1012,1012,1012,1016,0,0,0,0,0,1,1,0,0,0,441.0147358,0,0,0,0,3,1,1,0.05,10,0,0,0,3,14,1,0.05,100,0,0,0,0,0,0,0,0,0,0,0,0,0,0,0,0,0,0,0,0,0,0,0,0,0,0,0,0,0,0,0,0,0,0,0,0,0,0,0,0,0,0,0,0,0,0,0,0,0,0,0
1989,240,3,45,35.217,2,8,1,0,0,0,1,1,25,1012,1012,1012,1016,0,0,0,0,0,1,1,0,0,0,441.0744023,0,0,0,0,3,1,1,0.05,10,0,0,0,3,14,1,0.05,100,0,0,0,0,0,0,0,0,0,0,0,0,0,0,0,0,0,0,0,0,0,0,0,0,0,0,0,0,0,0,0,0,0,0,0,0,0,0,0,0,0,0,0,0,0,0,0,0,0,0,0
1989,240,3,45,47.456,2,8,1,0,1,0,1,1,25,1012,1012,1012,1016,0,0,0,0,0,1,1,0,0,0,441.0948228,0,0,0,0,3,1,1,0.05,10,0,0,0,3,14,1,0.05,100,0,0,0,0,0,0,0,0,0,0,0,0,0,0,0,0,0,0,0,0,0,0,0,0,0,0,0,0,0,0,0,0,0,0,0,0,0,0,0,0,0,0,0,0,0,0,0,0,0,0,0
1989,240,3,46,23.217,2,8,1,0,0,0,1,1,25,1012,1012,1012,1016,0,0,0,0,0,1,1,0,0,0,441.1544893,0,0,0,0,3,1,1,0.05,10,0,0,0,3,14,1,0.05,100,0,0,0,0,0,0,0,0,0,0,0,0,0,0,0,0,0,0,0,0,0,0,0,0,0,0,0,0,0,0,0,0,0,0,0,0,0,0,0,0,0,0,0,0,0,0,0,0,0,0,0
1989,240,3,46,35.457,2,8,1,0,1,0,1,1,25,1012,1012,1012,1016,0,0,0,0,0,1,1,0,0,0,441.1749114,0,0,0,0,3,1,1,0.05,10,0,0,0,3,14,1,0.05,100,0,0,0,0,0,0,0,0,0,0,0,0,0,0,0,0,0,0,0,0,0,0,0,0,0,0,0,0,0,0,0,0,0,0,0,0,0,0,0,0,0,0,0,0,0,0,0,0,0,0,0
1989,240,3,47,11.217,2,8,1,0,0,0,1,1,25,1012,1012,1012,1016,0,0,0,0,0,1,1,0,0,0,441.2345761,0,0,0,0,3,1,1,0.05,10,0,0,0,3,14,1,0.05,100,0,0,0,0,0,0,0,0,0,0,0,0,0,0,0,0,0,0,0,0,0,0,0,0,0,0,0,0,0,0,0,0,0,0,0,0,0,0,0,0,0,0,0,0,0,0,0,0,0,0,0
1989,240,3,47,23.457,2,8,1,0,1,0,1,1,25,1012,1012,1012,1016,0,0,0,0,0,1,1,0,0,0,441.2549983,0,0,0,0,3,1,1,0.05,10,0,0,0,3,14,1,0.05,100,0,0,0,0,0,0,0,0,0,0,0,0,0,0,0,0,0,0,0,0,0,0,0,0,0,0,0,0,0,0,0,0,0,0,0,0,0,0,0,0,0,0,0,0,0,0,0,0,0,0,0
1989,240,3,47,59.217,2,8,1,0,0,0,1,1,25,1012,1012,1012,1016,0,0,0,0,0,1,1,0,0,0,441.3146629,0,0,0,0,3,1,1,0.05,10,0,0,0,3,14,1,0.05,100,0,0,0,0,0,0,0,0,0,0,0,0,0,0,0,0,0,0,0,0,0,0,0,0,0,0,0,0,0,0,0,0,0,0,0,0,0,0,0,0,0,0,0,0,0,0,0,0,0,0,0
1989,240,3,48,11.457,2,8,1,0,1,0,1,1,25,1012,1012,1012,1016,0,0,0,0,0,1,1,0,0,0,441.335085,0,0,0,0,3,1,1,0.05,10,0,0,0,3,14,1,0.05,100,0,0,0,0,0,0,0,0,0,0,0,0,0,0,0,0,0,0,0,0,0,0,0,0,0,0,0,0,0,0,0,0,0,0,0,0,0,0,0,0,0,0,0,0,0,0,0,0,0,0,0
1989,240,3,48,47.217,2,8,1,0,0,0,1,1,25,1012,1012,1012,1016,0,0,0,0,0,1,1,0,0,0,441.3947496,0,0,0,0,3,1,1,0.05,10,0,0,0,3,14,1,0.05,100,0,0,0,0,0,0,0,0,0,0,0,0,0,0,0,0,0,0,0,0,0,0,0,0,0,0,0,0,0,0,0,0,0,0,0,0,0,0,0,0,0,0,0,0,0,0,0,0,0,0,0
1989,240,3,48,59.456,2,8,1,0,1,0,1,1,25,1012,1012,1012,1016,0,0,0,0,0,1,1,0,0,0,441.41517,0,0,0,0,3,1,1,0.05,10,0,0,0,3,14,1,0.05,100,0,0,0,0,0,0,0,0,0,0,0,0,0,0,0,0,0,0,0,0,0,0,0,0,0,0,0,0,0,0,0,0,0,0,0,0,0,0,0,0,0,0,0,0,0,0,0,0,0,0,0
1989,240,3,49,35.217,2,8,1,0,0,0,1,1,25,1012,1012,1012,1016,0,0,0,0,0,1,1,0,0,0,441.4748362,0,0,0,0,3,1,1,0.05,10,0,0,0,3,14,1,0.05,100,0,0,0,0,0,0,0,0,0,0,0,0,0,0,0,0,0,0,0,0,0,0,0,0,0,0,0,0,0,0,0,0,0,0,0,0,0,0,0,0,0,0,0,0,0,0,0,0,0,0,0
1989,240,3,49,47.456,2,8,1,0,1,0,1,1,25,1012,1012,1012,1016,0,0,0,0,0,1,1,0,0,0,441.4952566,0,0,0,0,3,1,1,0.05,10,0,0,0,3,14,1,0.05,100,0,0,0,0,0,0,0,0,0,0,0,0,0,0,0,0,0,0,0,0,0,0,0,0,0,0,0,0,0,0,0,0,0,0,0,0,0,0,0,0,0,0,0,0,0,0,0,0,0,0,0
1989,240,3,50,23.217,2,8,1,0,0,0,1,1,25,1012,1012,1012,1016,0,0,0,0,0,1,1,0,0,0,441.5549228,0,0,0,0,3,1,1,0.05,10,0,0,0,3,14,1,0.05,100,0,0,0,0,0,0,0,0,0,0,0,0,0,0,0,0,0,0,0,0,0,0,0,0,0,0,0,0,0,0,0,0,0,0,0,0,0,0,0,0,0,0,0,0,0,0,0,0,0,0,0
1989,240,3,50,35.457,2,8,1,0,1,0,1,1,25,1012,1012,1012,1016,0,0,0,0,0,1,1,0,0,0,441.5753448,0,0,0,0,3,1,1,0.05,10,0,0,0,3,14,1,0.05,100,0,0,0,0,0,0,0,0,0,0,0,0,0,0,0,0,0,0,0,0,0,0,0,0,0,0,0,0,0,0,0,0,0,0,0,0,0,0,0,0,0,0,0,0,0,0,0,0,0,0,0
1989,240,3,51,11.217,2,8,1,0,0,0,1,1,25,1012,1012,1012,1016,0,0,0,0,0,1,1,0,0,0,441.6350092,0,0,0,0,3,1,1,0.05,10,0,0,0,3,14,1,0.05,100,0,0,0,0,0,0,0,0,0,0,0,0,0,0,0,0,0,0,0,0,0,0,0,0,0,0,0,0,0,0,0,0,0,0,0,0,0,0,0,0,0,0,0,0,0,0,0,0,0,0,0
1989,240,3,51,23.457,2,8,1,0,1,0,1,1,25,1012,1012,1012,1016,0,0,0,0,0,1,1,0,0,0,441.6554313,0,0,0,0,3,1,1,0.05,10,0,0,0,3,14,1,0.05,100,0,0,0,0,0,0,0,0,0,0,0,0,0,0,0,0,0,0,0,0,0,0,0,0,0,0,0,0,0,0,0,0,0,0,0,0,0,0,0,0,0,0,0,0,0,0,0,0,0,0,0
1989,240,3,54,2.816,2,8,1,0,1,0,1,1,25,1012,1012,1012,1016,0,0,0,0,0,1,1,0,0,0,441.921316,0,0,0,0,3,1,1,0.05,10,0,0,0,3,14,1,0.05,100,0,0,0,0,0,0,0,0,0,0,0,0,0,0,0,0,0,0,0,0,0,0,0,0,0,0,0,0,0,0,0,0,0,0,0,0,0,0,0,0,0,0,0,0,0,0,0,0,0,0,0
1989,240,3,54,23.217,2,8,1,0,0,0,1,1,25,1012,1012,1012,1016,0,0,0,0,0,1,1,0,0,0,441.9553543,0,0,0,0,3,1,1,0.05,10,0,0,0,3,14,1,0.05,100,0,0,0,0,0,0,0,0,0,0,0,0,0,0,0,0,0,0,0,0,0,0,0,0,0,0,0,0,0,0,0,0,0,0,0,0,0,0,0,0,0,0,0,0,0,0,0,0,0,0,0
1989,240,3,54,35.457,2,8,1,0,1,0,1,1,25,1012,1012,1012,1016,0,0,0,0,0,1,1,0,0,0,441.9757762,0,0,0,0,3,1,1,0.05,10,0,0,0,3,14,1,0.05,100,0,0,0,0,0,0,0,0,0,0,0,0,0,0,0,0,0,0,0,0,0,0,0,0,0,0,0,0,0,0,0,0,0,0,0,0,0,0,0,0,0,0,0,0,0,0,0,0,0,0,0
1989,240,3,55,11.217,2,8,1,0,0,0,1,1,25,1012,1012,1012,1016,0,0,0,0,0,1,1,0,0,0,442.0354404,0,0,0,0,3,1,1,0.05,10,0,0,0,3,14,1,0.05,100,0,0,0,0,0,0,0,0,0,0,0,0,0,0,0,0,0,0,0,0,0,0,0,0,0,0,0,0,0,0,0,0,0,0,0,0,0,0,0,0,0,0,0,0,0,0,0,0,0,0,0
1989,240,3,55,23.457,2,8,1,0,1,0,1,1,25,1012,1012,1012,1016,0,0,0,0,0,1,1,0,0,0,442.0558623,0,0,0,0,3,1,1,0.05,10,0,0,0,3,14,1,0.05,100,0,0,0,0,0,0,0,0,0,0,0,0,0,0,0,0,0,0,0,0,0,0,0,0,0,0,0,0,0,0,0,0,0,0,0,0,0,0,0,0,0,0,0,0,0,0,0,0,0,0,0
1989,240,3,55,59.216,2,8,1,0,0,0,1,1,25,1012,1012,1012,1016,0,0,0,0,0,1,1,0,0,0,442.1155247,0,0,0,0,3,1,1,0.05,10,0,0,0,3,14,1,0.05,100,0,0,0,0,0,0,0,0,0,0,0,0,0,0,0,0,0,0,0,0,0,0,0,0,0,0,0,0,0,0,0,0,0,0,0,0,0,0,0,0,0,0,0,0,0,0,0,0,0,0,0
1989,240,3,56,11.456,2,8,1,0,1,0,1,1,25,1012,1012,1012,1016,0,0,0,0,0,1,1,0,0,0,442.1359466,0,0,0,0,3,1,1,0.05,10,0,0,0,3,14,1,0.05,100,0,0,0,0,0,0,0,0,0,0,0,0,0,0,0,0,0,0,0,0,0,0,0,0,0,0,0,0,0,0,0,0,0,0,0,0,0,0,0,0,0,0,0,0,0,0,0,0,0,0,0
1989,240,3,56,47.216,2,8,1,0,0,0,1,1,25,1012,1012,1012,1016,0,0,0,0,0,1,1,0,0,0,442.1956106,0,0,0,0,3,1,1,0.05,10,0,0,0,3,14,1,0.05,100,0,0,0,0,0,0,0,0,0,0,0,0,0,0,0,0,0,0,0,0,0,0,0,0,0,0,0,0,0,0,0,0,0,0,0,0,0,0,0,0,0,0,0,0,0,0,0,0,0,0,0
1989,240,3,56,59.455,2,8,1,0,1,0,1,1,25,1012,1012,1012,1016,0,0,0,0,0,1,1,0,0,0,442.2160308,0,0,0,0,3,1,1,0.05,10,0,0,0,3,14,1,0.05,100,0,0,0,0,0,0,0,0,0,0,0,0,0,0,0,0,0,0,0,0,0,0,0,0,0,0,0,0,0,0,0,0,0,0,0,0,0,0,0,0,0,0,0,0,0,0,0,0,0,0,0
1989,240,3,57,35.216,2,8,1,0,0,0,1,1,25,1012,1012,1012,1016,0,0,0,0,0,1,1,0,0,0,442.2756964,0,0,0,0,3,1,1,0.05,10,0,0,0,3,14,1,0.05,100,0,0,0,0,0,0,0,0,0,0,0,0,0,0,0,0,0,0,0,0,0,0,0,0,0,0,0,0,0,0,0,0,0,0,0,0,0,0,0,0,0,0,0,0,0,0,0,0,0,0,0
1989,240,3,57,47.455,2,8,1,0,1,0,1,1,25,1012,1012,1012,1016,0,0,0,0,0,1,1,0,0,0,442.2961166,0,0,0,0,3,1,1,0.05,10,0,0,0,3,14,1,0.05,100,0,0,0,0,0,0,0,0,0,0,0,0,0,0,0,0,0,0,0,0,0,0,0,0,0,0,0,0,0,0,0,0,0,0,0,0,0,0,0,0,0,0,0,0,0,0,0,0,0,0,0
1989,240,3,58,23.216,2,8,1,0,0,0,1,1,25,1012,1012,1012,1016,0,0,0,0,0,1,1,0,0,0,442.3557822,0,0,0,0,3,1,1,0.05,10,0,0,0,3,14,1,0.05,100,0,0,0,0,0,0,0,0,0,0,0,0,0,0,0,0,0,0,0,0,0,0,0,0,0,0,0,0,0,0,0,0,0,0,0,0,0,0,0,0,0,0,0,0,0,0,0,0,0,0,0
1989,240,3,58,35.456,2,8,1,0,1,0,1,1,25,1012,1012,1012,1016,0,0,0,0,0,1,1,0,0,0,442.376204,0,0,0,0,3,1,1,0.05,10,0,0,0,3,14,1,0.05,100,0,0,0,0,0,0,0,0,0,0,0,0,0,0,0,0,0,0,0,0,0,0,0,0,0,0,0,0,0,0,0,0,0,0,0,0,0,0,0,0,0,0,0,0,0,0,0,0,0,0,0
1989,240,3,59,11.216,2,8,1,0,0,0,1,1,25,1012,1012,1012,1016,0,0,0,0,0,1,1,0,0,0,442.4358678,0,0,0,0,3,1,1,0.05,10,0,0,0,3,14,1,0.05,100,0,0,0,0,0,0,0,0,0,0,0,0,0,0,0,0,0,0,0,0,0,0,0,0,0,0,0,0,0,0,0,0,0,0,0,0,0,0,0,0,0,0,0,0,0,0,0,0,0,0,0
1989,240,3,59,23.456,2,8,1,0,1,0,1,1,25,1012,1012,1012,1016,0,0,0,0,0,1,1,0,0,0,442.4562897,0,0,0,0,3,1,1,0.05,10,0,0,0,3,14,1,0.05,100,0,0,0,0,0,0,0,0,0,0,0,0,0,0,0,0,0,0,0,0,0,0,0,0,0,0,0,0,0,0,0,0,0,0,0,0,0,0,0,0,0,0,0,0,0,0,0,0,0,0,0
1989,240,3,59,59.216,2,8,1,0,0,0,1,1,25,1012,1012,1012,1016,0,0,0,0,0,1,1,0,0,0,442.5159534,0,0,0,0,3,1,1,0.05,10,0,0,0,3,14,1,0.05,100,0,0,0,0,0,0,0,0,0,0,0,0,0,0,0,0,0,0,0,0,0,0,0,0,0,0,0,0,0,0,0,0,0,0,0,0,0,0,0,0,0,0,0,0,0,0,0,0,0,0,0
1989,240,4,0,11.456,2,8,1,0,1,0,1,1,25,1012,1012,1012,1016,0,0,0,0,0,1,1,0,0,0,442.5363752,0,0,0,0,3,1,1,0.05,10,0,0,0,3,14,1,0.05,100,0,0,0,0,0,0,0,0,0,0,0,0,0,0,0,0,0,0,0,0,0,0,0,0,0,0,0,0,0,0,0,0,0,0,0,0,0,0,0,0,0,0,0,0,0,0,0,0,0,0,0
1989,240,4,0,47.216,2,8,1,0,0,0,1,1,25,1012,1012,1012,1016,0,0,0,0,0,1,1,0,0,0,442.5960389,0,0,0,0,3,1,1,0.05,10,0,0,0,3,14,1,0.05,100,0,0,0,0,0,0,0,0,0,0,0,0,0,0,0,0,0,0,0,0,0,0,0,0,0,0,0,0,0,0,0,0,0,0,0,0,0,0,0,0,0,0,0,0,0,0,0,0,0,0,0
1989,240,4,0,59.455,2,8,1,0,1,0,1,1,25,1012,1012,1012,1016,0,0,0,0,0,1,1,0,0,0,442.616459,0,0,0,0,3,1,1,0.05,10,0,0,0,3,14,1,0.05,100,0,0,0,0,0,0,0,0,0,0,0,0,0,0,0,0,0,0,0,0,0,0,0,0,0,0,0,0,0,0,0,0,0,0,0,0,0,0,0,0,0,0,0,0,0,0,0,0,0,0,0
1989,240,4,1,35.216,2,8,1,0,0,0,1,1,25,1012,1012,1012,1016,0,0,0,0,0,1,1,0,0,0,442.6761243,0,0,0,0,3,1,1,0.05,10,0,0,0,3,14,1,0.05,100,0,0,0,0,0,0,0,0,0,0,0,0,0,0,0,0,0,0,0,0,0,0,0,0,0,0,0,0,0,0,0,0,0,0,0,0,0,0,0,0,0,0,0,0,0,0,0,0,0,0,0
1989,240,4,1,47.455,2,8,1,0,1,0,1,1,25,1012,1012,1012,1016,0,0,0,0,0,1,1,0,0,0,442.6965445,0,0,0,0,3,1,1,0.05,10,0,0,0,3,14,1,0.05,100,0,0,0,0,0,0,0,0,0,0,0,0,0,0,0,0,0,0,0,0,0,0,0,0,0,0,0,0,0,0,0,0,0,0,0,0,0,0,0,0,0,0,0,0,0,0,0,0,0,0,0
1989,240,4,2,23.216,2,8,1,0,0,0,1,1,25,1012,1012,1012,1016,0,0,0,0,0,1,1,0,0,0,442.7562097,0,0,0,0,3,1,1,0.05,10,0,0,0,3,14,1,0.05,100,0,0,0,0,0,0,0,0,0,0,0,0,0,0,0,0,0,0,0,0,0,0,0,0,0,0,0,0,0,0,0,0,0,0,0,0,0,0,0,0,0,0,0,0,0,0,0,0,0,0,0
1989,240,4,2,35.456,2,8,1,0,1,0,1,1,25,1012,1012,1012,1016,0,0,0,0,0,1,1,0,0,0,442.7766314,0,0,0,0,3,1,1,0.05,10,0,0,0,3,14,1,0.05,100,0,0,0,0,0,0,0,0,0,0,0,0,0,0,0,0,0,0,0,0,0,0,0,0,0,0,0,0,0,0,0,0,0,0,0,0,0,0,0,0,0,0,0,0,0,0,0,0,0,0,0
1989,240,4,3,11.216,2,8,1,0,0,0,1,1,25,1012,1012,1012,1016,0,0,0,0,0,1,1,0,0,0,442.836295,0,0,0,0,3,1,1,0.05,10,0,0,0,3,14,1,0.05,100,0,0,0,0,0,0,0,0,0,0,0,0,0,0,0,0,0,0,0,0,0,0,0,0,0,0,0,0,0,0,0,0,0,0,0,0,0,0,0,0,0,0,0,0,0,0,0,0,0,0,0
1989,240,4,3,23.456,2,8,1,0,1,0,1,1,25,1012,1012,1012,1016,0,0,0,0,0,1,1,0,0,0,442.8567167,0,0,0,0,3,1,1,0.05,10,0,0,0,3,14,1,0.05,100,0,0,0,0,0,0,0,0,0,0,0,0,0,0,0,0,0,0,0,0,0,0,0,0,0,0,0,0,0,0,0,0,0,0,0,0,0,0,0,0,0,0,0,0,0,0,0,0,0,0,0
1989,240,4,6,2.815,2,8,1,0,1,0,1,1,25,1012,1012,1012,1016,0,0,0,0,0,1,1,0,0,0,443.1225975,0,0,0,0,3,1,1,0.05,10,0,0,0,3,14,1,0.05,100,0,0,0,0,0,0,0,0,0,0,0,0,0,0,0,0,0,0,0,0,0,0,0,0,0,0,0,0,0,0,0,0,0,0,0,0,0,0,0,0,0,0,0,0,0,0,0,0,0,0,0
1989,240,4,6,23.216,2,8,1,0,0,0,1,1,25,1012,1012,1012,1016,0,0,0,0,0,1,1,0,0,0,443.1566353,0,0,0,0,3,1,1,0.05,10,0,0,0,3,14,1,0.05,100,0,0,0,0,0,0,0,0,0,0,0,0,0,0,0,0,0,0,0,0,0,0,0,0,0,0,0,0,0,0,0,0,0,0,0,0,0,0,0,0,0,0,0,0,0,0,0,0,0,0,0
1989,240,4,6,35.456,2,8,1,0,1,0,1,1,25,1012,1012,1012,1016,0,0,0,0,0,1,1,0,0,0,443.1770569,0,0,0,0,3,1,1,0.05,10,0,0,0,3,14,1,0.05,100,0,0,0,0,0,0,0,0,0,0,0,0,0,0,0,0,0,0,0,0,0,0,0,0,0,0,0,0,0,0,0,0,0,0,0,0,0,0,0,0,0,0,0,0,0,0,0,0,0,0,0
1989,240,4,7,11.216,2,8,1,0,0,0,1,1,25,1012,1012,1012,1016,0,0,0,0,0,1,1,0,0,0,443.2367201,0,0,0,0,3,1,1,0.05,10,0,0,0,3,14,1,0.05,100,0,0,0,0,0,0,0,0,0,0,0,0,0,0,0,0,0,0,0,0,0,0,0,0,0,0,0,0,0,0,0,0,0,0,0,0,0,0,0,0,0,0,0,0,0,0,0,0,0,0,0
1989,240,4,7,23.456,2,8,1,0,1,0,1,1,25,1012,1012,1012,1016,0,0,0,0,0,1,1,0,0,0,443.2571418,0,0,0,0,3,1,1,0.05,10,0,0,0,3,14,1,0.05,100,0,0,0,0,0,0,0,0,0,0,0,0,0,0,0,0,0,0,0,0,0,0,0,0,0,0,0,0,0,0,0,0,0,0,0,0,0,0,0,0,0,0,0,0,0,0,0,0,0,0,0
1989,240,4,7,59.216,2,8,1,0,0,0,1,1,25,1012,1012,1012,1016,0,0,0,0,0,1,1,0,0,0,443.3168049,0,0,0,0,3,1,1,0.05,10,0,0,0,3,14,1,0.05,100,0,0,0,0,0,0,0,0,0,0,0,0,0,0,0,0,0,0,0,0,0,0,0,0,0,0,0,0,0,0,0,0,0,0,0,0,0,0,0,0,0,0,0,0,0,0,0,0,0,0,0
1989,240,4,8,11.456,2,8,1,0,1,0,1,1,25,1012,1012,1012,1016,0,0,0,0,0,1,1,0,0,0,443.3372265,0,0,0,0,3,1,1,0.05,10,0,0,0,3,14,1,0.05,100,0,0,0,0,0,0,0,0,0,0,0,0,0,0,0,0,0,0,0,0,0,0,0,0,0,0,0,0,0,0,0,0,0,0,0,0,0,0,0,0,0,0,0,0,0,0,0,0,0,0,0
1989,240,4,8,47.215,2,8,1,0,0,0,1,1,25,1012,1012,1012,1016,0,0,0,0,0,1,1,0,0,0,443.396888,0,0,0,0,3,1,1,0.05,10,0,0,0,3,14,1,0.05,100,0,0,0,0,0,0,0,0,0,0,0,0,0,0,0,0,0,0,0,0,0,0,0,0,0,0,0,0,0,0,0,0,0,0,0,0,0,0,0,0,0,0,0,0,0,0,0,0,0,0,0
1989,240,4,8,59.454,2,8,1,0,1,0,1,1,25,1012,1012,1012,1016,0,0,0,0,0,1,1,0,0,0,443.4173079,0,0,0,0,3,1,1,0.05,10,0,0,0,3,14,1,0.05,100,0,0,0,0,0,0,0,0,0,0,0,0,0,0,0,0,0,0,0,0,0,0,0,0,0,0,0,0,0,0,0,0,0,0,0,0,0,0,0,0,0,0,0,0,0,0,0,0,0,0,0
1989,240,4,9,35.215,2,8,1,0,0,0,1,1,25,1012,1012,1012,1016,0,0,0,0,0,1,1,0,0,0,443.4769726,0,0,0,0,3,1,1,0.05,10,0,0,0,3,14,1,0.05,100,0,0,0,0,0,0,0,0,0,0,0,0,0,0,0,0,0,0,0,0,0,0,0,0,0,0,0,0,0,0,0,0,0,0,0,0,0,0,0,0,0,0,0,0,0,0,0,0,0,0,0
1989,240,4,9,47.454,2,8,1,0,1,0,1,1,25,1012,1012,1012,1016,0,0,0,0,0,1,1,0,0,0,443.4973925,0,0,0,0,3,1,1,0.05,10,0,0,0,3,14,1,0.05,100,0,0,0,0,0,0,0,0,0,0,0,0,0,0,0,0,0,0,0,0,0,0,0,0,0,0,0,0,0,0,0,0,0,0,0,0,0,0,0,0,0,0,0,0,0,0,0,0,0,0,0
1989,240,4,10,23.214,2,8,1,0,0,0,1,1,25,1012,1012,1012,1016,0,0,0,0,0,1,1,0,0,0,443.5570555,0,0,0,0,3,1,1,0.05,10,0,0,0,3,14,1,0.05,100,0,0,0,0,0,0,0,0,0,0,0,0,0,0,0,0,0,0,0,0,0,0,0,0,0,0,0,0,0,0,0,0,0,0,0,0,0,0,0,0,0,0,0,0,0,0,0,0,0,0,0
1989,240,4,10,35.454,2,8,1,0,1,0,1,1,25,1012,1012,1012,1016,0,0,0,0,0,1,1,0,0,0,443.5774771,0,0,0,0,3,1,1,0.05,10,0,0,0,3,14,1,0.05,100,0,0,0,0,0,0,0,0,0,0,0,0,0,0,0,0,0,0,0,0,0,0,0,0,0,0,0,0,0,0,0,0,0,0,0,0,0,0,0,0,0,0,0,0,0,0,0,0,0,0,0
1989,240,4,11,11.215,2,8,1,0,0,0,1,1,25,1012,1012,1012,1016,0,0,0,0,0,1,1,0,0,0,443.6371417,0,0,0,0,3,1,1,0.05,10,0,0,0,3,14,1,0.05,100,0,0,0,0,0,0,0,0,0,0,0,0,0,0,0,0,0,0,0,0,0,0,0,0,0,0,0,0,0,0,0,0,0,0,0,0,0,0,0,0,0,0,0,0,0,0,0,0,0,0,0
1989,240,4,11,23.455,2,8,1,0,1,0,1,1,25,1012,1012,1012,1016,0,0,0,0,0,1,1,0,0,0,443.6575632,0,0,0,0,3,1,1,0.05,10,0,0,0,3,14,1,0.05,100,0,0,0,0,0,0,0,0,0,0,0,0,0,0,0,0,0,0,0,0,0,0,0,0,0,0,0,0,0,0,0,0,0,0,0,0,0,0,0,0,0,0,0,0,0,0,0,0,0,0,0
1989,240,4,11,59.215,2,8,1,0,0,0,1,1,25,1012,1012,1012,1016,0,0,0,0,0,1,1,0,0,0,443.7172261,0,0,0,0,3,1,1,0.05,10,0,0,0,3,14,1,0.05,100,0,0,0,0,0,0,0,0,0,0,0,0,0,0,0,0,0,0,0,0,0,0,0,0,0,0,0,0,0,0,0,0,0,0,0,0,0,0,0,0,0,0,0,0,0,0,0,0,0,0,0
1989,240,4,12,11.455,2,8,1,0,1,0,1,1,25,1012,1012,1012,1016,0,0,0,0,0,1,1,0,0,0,443.7376476,0,0,0,0,3,1,1,0.05,10,0,0,0,3,14,1,0.05,100,0,0,0,0,0,0,0,0,0,0,0,0,0,0,0,0,0,0,0,0,0,0,0,0,0,0,0,0,0,0,0,0,0,0,0,0,0,0,0,0,0,0,0,0,0,0,0,0,0,0,0
1989,240,4,12,47.215,2,8,1,0,0,0,1,1,25,1012,1012,1012,1016,0,0,0,0,0,1,1,0,0,0,443.7973104,0,0,0,0,3,1,1,0.05,10,0,0,0,3,14,1,0.05,100,0,0,0,0,0,0,0,0,0,0,0,0,0,0,0,0,0,0,0,0,0,0,0,0,0,0,0,0,0,0,0,0,0,0,0,0,0,0,0,0,0,0,0,0,0,0,0,0,0,0,0
1989,240,4,12,59.454,2,8,1,0,1,0,1,1,25,1012,1012,1012,1016,0,0,0,0,0,1,1,0,0,0,443.8177302,0,0,0,0,3,1,1,0.05,10,0,0,0,3,14,1,0.05,100,0,0,0,0,0,0,0,0,0,0,0,0,0,0,0,0,0,0,0,0,0,0,0,0,0,0,0,0,0,0,0,0,0,0,0,0,0,0,0,0,0,0,0,0,0,0,0,0,0,0,0
1989,240,4,13,35.215,2,8,1,0,0,0,1,1,25,1012,1012,1012,1016,0,0,0,0,0,1,1,0,0,0,443.8773946,0,0,0,0,3,1,1,0.05,10,0,0,0,3,14,1,0.05,100,0,0,0,0,0,0,0,0,0,0,0,0,0,0,0,0,0,0,0,0,0,0,0,0,0,0,0,0,0,0,0,0,0,0,0,0,0,0,0,0,0,0,0,0,0,0,0,0,0,0,0
1989,240,4,13,47.454,2,8,1,0,1,0,1,1,25,1012,1012,1012,1016,0,0,0,0,0,1,1,0,0,0,443.8978144,0,0,0,0,3,1,1,0.05,10,0,0,0,3,14,1,0.05,100,0,0,0,0,0,0,0,0,0,0,0,0,0,0,0,0,0,0,0,0,0,0,0,0,0,0,0,0,0,0,0,0,0,0,0,0,0,0,0,0,0,0,0,0,0,0,0,0,0,0,0
1989,240,4,14,23.214,2,8,1,0,0,0,1,1,25,1012,1012,1012,1016,0,0,0,0,0,1,1,0,0,0,443.9574771,0,0,0,0,3,1,1,0.05,10,0,0,0,3,14,1,0.05,100,0,0,0,0,0,0,0,0,0,0,0,0,0,0,0,0,0,0,0,0,0,0,0,0,0,0,0,0,0,0,0,0,0,0,0,0,0,0,0,0,0,0,0,0,0,0,0,0,0,0,0
1989,240,4,14,35.454,2,8,1,0,1,0,1,1,25,1012,1012,1012,1016,0,0,0,0,0,1,1,0,0,0,443.9778986,0,0,0,0,3,1,1,0.05,10,0,0,0,3,14,1,0.05,100,0,0,0,0,0,0,0,0,0,0,0,0,0,0,0,0,0,0,0,0,0,0,0,0,0,0,0,0,0,0,0,0,0,0,0,0,0,0,0,0,0,0,0,0,0,0,0,0,0,0,0
1989,240,4,15,11.215,2,8,1,0,0,0,1,1,25,1012,1012,1012,1016,0,0,0,0,0,1,1,0,0,0,444.0375629,0,0,0,0,3,1,1,0.05,10,0,0,0,3,14,1,0.05,100,0,0,0,0,0,0,0,0,0,0,0,0,0,0,0,0,0,0,0,0,0,0,0,0,0,0,0,0,0,0,0,0,0,0,0,0,0,0,0,0,0,0,0,0,0,0,0,0,0,0,0
1989,240,4,15,23.455,2,8,1,0,1,0,1,1,25,1012,1012,1012,1016,0,0,0,0,0,1,1,0,0,0,444.0579843,0,0,0,0,3,1,1,0.05,10,0,0,0,3,14,1,0.05,100,0,0,0,0,0,0,0,0,0,0,0,0,0,0,0,0,0,0,0,0,0,0,0,0,0,0,0,0,0,0,0,0,0,0,0,0,0,0,0,0,0,0,0,0,0,0,0,0,0,0,0
1989,240,4,18,2.814,2,8,1,0,1,0,1,1,25,1012,1012,1012,1016,0,0,0,0,0,1,1,0,0,0,444.3238612,0,0,0,0,3,1,1,0.05,10,0,0,0,3,14,1,0.05,100,0,0,0,0,0,0,0,0,0,0,0,0,0,0,0,0,0,0,0,0,0,0,0,0,0,0,0,0,0,0,0,0,0,0,0,0,0,0,0,0,0,0,0,0,0,0,0,0,0,0,0
1989,240,4,18,23.214,2,8,1,0,0,0,1,1,25,1012,1012,1012,1016,0,0,0,0,0,1,1,0,0,0,444.3578968,0,0,0,0,3,1,1,0.05,10,0,0,0,3,14,1,0.05,100,0,0,0,0,0,0,0,0,0,0,0,0,0,0,0,0,0,0,0,0,0,0,0,0,0,0,0,0,0,0,0,0,0,0,0,0,0,0,0,0,0,0,0,0,0,0,0,0,0,0,0
1989,240,4,18,35.454,2,8,1,0,1,0,1,1,25,1012,1012,1012,1016,0,0,0,0,0,1,1,0,0,0,444.3783181,0,0,0,0,3,1,1,0.05,10,0,0,0,3,14,1,0.05,100,0,0,0,0,0,0,0,0,0,0,0,0,0,0,0,0,0,0,0,0,0,0,0,0,0,0,0,0,0,0,0,0,0,0,0,0,0,0,0,0,0,0,0,0,0,0,0,0,0,0,0
1989,240,4,19,11.215,2,8,1,0,0,0,1,1,25,1012,1012,1012,1016,0,0,0,0,0,1,1,0,0,0,444.4379822,0,0,0,0,3,1,1,0.05,10,0,0,0,3,14,1,0.05,100,0,0,0,0,0,0,0,0,0,0,0,0,0,0,0,0,0,0,0,0,0,0,0,0,0,0,0,0,0,0,0,0,0,0,0,0,0,0,0,0,0,0,0,0,0,0,0,0,0,0,0
1989,240,4,19,23.455,2,8,1,0,1,0,1,1,25,1012,1012,1012,1016,0,0,0,0,0,1,1,0,0,0,444.4584035,0,0,0,0,3,1,1,0.05,10,0,0,0,3,14,1,0.05,100,0,0,0,0,0,0,0,0,0,0,0,0,0,0,0,0,0,0,0,0,0,0,0,0,0,0,0,0,0,0,0,0,0,0,0,0,0,0,0,0,0,0,0,0,0,0,0,0,0,0,0
1989,240,4,19,59.215,2,8,1,0,0,0,1,1,25,1012,1012,1012,1016,0,0,0,0,0,1,1,0,0,0,444.5180658,0,0,0,0,3,1,1,0.05,10,0,0,0,3,14,1,0.05,100,0,0,0,0,0,0,0,0,0,0,0,0,0,0,0,0,0,0,0,0,0,0,0,0,0,0,0,0,0,0,0,0,0,0,0,0,0,0,0,0,0,0,0,0,0,0,0,0,0,0,0
1989,240,4,20,11.455,2,8,1,0,1,0,1,1,25,1012,1012,1012,1016,0,0,0,0,0,1,1,0,0,0,444.5384871,0,0,0,0,3,1,1,0.05,10,0,0,0,3,14,1,0.05,100,0,0,0,0,0,0,0,0,0,0,0,0,0,0,0,0,0,0,0,0,0,0,0,0,0,0,0,0,0,0,0,0,0,0,0,0,0,0,0,0,0,0,0,0,0,0,0,0,0,0,0
1989,240,4,20,47.215,2,8,1,0,0,0,1,1,25,1012,1012,1012,1016,0,0,0,0,0,1,1,0,0,0,444.5981493,0,0,0,0,3,1,1,0.05,10,0,0,0,3,14,1,0.05,100,0,0,0,0,0,0,0,0,0,0,0,0,0,0,0,0,0,0,0,0,0,0,0,0,0,0,0,0,0,0,0,0,0,0,0,0,0,0,0,0,0,0,0,0,0,0,0,0,0,0,0
1989,240,4,20,59.454,2,8,1,0,1,0,1,1,25,1012,1012,1012,1016,0,0,0,0,0,1,1,0,0,0,444.6185689,0,0,0,0,3,1,1,0.05,10,0,0,0,3,14,1,0.05,100,0,0,0,0,0,0,0,0,0,0,0,0,0,0,0,0,0,0,0,0,0,0,0,0,0,0,0,0,0,0,0,0,0,0,0,0,0,0,0,0,0,0,0,0,0,0,0,0,0,0,0
1989,240,4,21,35.214,2,8,1,0,0,0,1,1,25,1012,1012,1012,1016,0,0,0,0,0,1,1,0,0,0,444.6782311,0,0,0,0,3,1,1,0.05,10,0,0,0,3,14,1,0.05,100,0,0,0,0,0,0,0,0,0,0,0,0,0,0,0,0,0,0,0,0,0,0,0,0,0,0,0,0,0,0,0,0,0,0,0,0,0,0,0,0,0,0,0,0,0,0,0,0,0,0,0
1989,240,4,21,47.454,2,8,1,0,1,0,1,1,25,1012,1012,1012,1016,0,0,0,0,0,1,1,0,0,0,444.6986524,0,0,0,0,3,1,1,0.05,10,0,0,0,3,14,1,0.05,100,0,0,0,0,0,0,0,0,0,0,0,0,0,0,0,0,0,0,0,0,0,0,0,0,0,0,0,0,0,0,0,0,0,0,0,0,0,0,0,0,0,0,0,0,0,0,0,0,0,0,0
1989,240,4,22,23.213,2,8,1,0,0,0,1,1,25,1012,1012,1012,1016,0,0,0,0,0,1,1,0,0,0,444.7583128,0,0,0,0,3,1,1,0.05,10,0,0,0,3,14,1,0.05,100,0,0,0,0,0,0,0,0,0,0,0,0,0,0,0,0,0,0,0,0,0,0,0,0,0,0,0,0,0,0,0,0,0,0,0,0,0,0,0,0,0,0,0,0,0,0,0,0,0,0,0
1989,240,4,22,35.454,2,8,1,0,1,0,1,1,25,1012,1012,1012,1016,0,0,0,0,0,1,1,0,0,0,444.7787357,0,0,0,0,3,1,1,0.05,10,0,0,0,3,14,1,0.05,100,0,0,0,0,0,0,0,0,0,0,0,0,0,0,0,0,0,0,0,0,0,0,0,0,0,0,0,0,0,0,0,0,0,0,0,0,0,0,0,0,0,0,0,0,0,0,0,0,0,0,0
1989,240,4,23,11.214,2,8,1,0,0,0,1,1,25,1012,1012,1012,1016,0,0,0,0,0,1,1,0,0,0,444.8383978,0,0,0,0,3,1,1,0.05,10,0,0,0,3,14,1,0.05,100,0,0,0,0,0,0,0,0,0,0,0,0,0,0,0,0,0,0,0,0,0,0,0,0,0,0,0,0,0,0,0,0,0,0,0,0,0,0,0,0,0,0,0,0,0,0,0,0,0,0,0
1989,240,4,23,23.454,2,8,1,0,1,0,1,1,25,1012,1012,1012,1016,0,0,0,0,0,1,1,0,0,0,444.858819,0,0,0,0,3,1,1,0.05,10,0,0,0,3,14,1,0.05,100,0,0,0,0,0,0,0,0,0,0,0,0,0,0,0,0,0,0,0,0,0,0,0,0,0,0,0,0,0,0,0,0,0,0,0,0,0,0,0,0,0,0,0,0,0,0,0,0,0,0,0
1989,240,4,23,59.214,2,8,1,0,0,0,1,1,25,1012,1012,1012,1016,0,0,0,0,0,1,1,0,0,0,444.918481,0,0,0,0,3,1,1,0.05,10,0,0,0,3,14,1,0.05,100,0,0,0,0,0,0,0,0,0,0,0,0,0,0,0,0,0,0,0,0,0,0,0,0,0,0,0,0,0,0,0,0,0,0,0,0,0,0,0,0,0,0,0,0,0,0,0,0,0,0,0
1989,240,4,24,11.454,2,8,1,0,1,0,1,1,25,1012,1012,1012,1016,0,0,0,0,0,1,1,0,0,0,444.9389022,0,0,0,0,3,1,1,0.05,10,0,0,0,3,14,1,0.05,100,0,0,0,0,0,0,0,0,0,0,0,0,0,0,0,0,0,0,0,0,0,0,0,0,0,0,0,0,0,0,0,0,0,0,0,0,0,0,0,0,0,0,0,0,0,0,0,0,0,0,0
1989,240,4,24,47.214,2,8,1,0,0,0,1,1,25,1012,1012,1012,1016,0,0,0,0,0,1,1,0,0,0,444.9985641,0,0,0,0,3,1,1,0.05,10,0,0,0,3,14,1,0.05,100,0,0,0,0,0,0,0,0,0,0,0,0,0,0,0,0,0,0,0,0,0,0,0,0,0,0,0,0,0,0,0,0,0,0,0,0,0,0,0,0,0,0,0,0,0,0,0,0,0,0,0
1989,240,4,24,59.454,2,8,1,0,1,0,1,1,25,1012,1012,1012,1016,0,0,0,0,0,1,1,0,0,0,445.0189853,0,0,0,0,3,1,1,0.05,10,0,0,0,3,14,1,0.05,100,0,0,0,0,0,0,0,0,0,0,0,0,0,0,0,0,0,0,0,0,0,0,0,0,0,0,0,0,0,0,0,0,0,0,0,0,0,0,0,0,0,0,0,0,0,0,0,0,0,0,0
1989,240,4,25,35.214,2,8,1,0,0,0,1,1,25,1012,1012,1012,1016,0,0,0,0,0,1,1,0,0,0,445.0786472,0,0,0,0,3,1,1,0.05,10,0,0,0,3,14,1,0.05,100,0,0,0,0,0,0,0,0,0,0,0,0,0,0,0,0,0,0,0,0,0,0,0,0,0,0,0,0,0,0,0,0,0,0,0,0,0,0,0,0,0,0,0,0,0,0,0,0,0,0,0
1989,240,4,25,47.454,2,8,1,0,1,0,1,1,25,1012,1012,1012,1016,0,0,0,0,0,1,1,0,0,0,445.0990684,0,0,0,0,3,1,1,0.05,10,0,0,0,3,14,1,0.05,100,0,0,0,0,0,0,0,0,0,0,0,0,0,0,0,0,0,0,0,0,0,0,0,0,0,0,0,0,0,0,0,0,0,0,0,0,0,0,0,0,0,0,0,0,0,0,0,0,0,0,0
1989,240,4,26,23.213,2,8,1,0,0,0,1,1,25,1012,1012,1012,1016,0,0,0,0,0,1,1,0,0,0,445.1587285,0,0,0,0,3,1,1,0.05,10,0,0,0,3,14,1,0.05,100,0,0,0,0,0,0,0,0,0,0,0,0,0,0,0,0,0,0,0,0,0,0,0,0,0,0,0,0,0,0,0,0,0,0,0,0,0,0,0,0,0,0,0,0,0,0,0,0,0,0,0
1989,240,4,26,35.454,2,8,1,0,1,0,1,1,25,1012,1012,1012,1016,0,0,0,0,0,1,1,0,0,0,445.1791514,0,0,0,0,3,1,1,0.05,10,0,0,0,3,14,1,0.05,100,0,0,0,0,0,0,0,0,0,0,0,0,0,0,0,0,0,0,0,0,0,0,0,0,0,0,0,0,0,0,0,0,0,0,0,0,0,0,0,0,0,0,0,0,0,0,0,0,0,0,0
1989,240,4,27,11.214,2,8,1,0,0,0,1,1,25,1012,1012,1012,1016,0,0,0,0,0,1,1,0,0,0,445.2388131,0,0,0,0,3,1,1,0.05,10,0,0,0,3,14,1,0.05,100,0,0,0,0,0,0,0,0,0,0,0,0,0,0,0,0,0,0,0,0,0,0,0,0,0,0,0,0,0,0,0,0,0,0,0,0,0,0,0,0,0,0,0,0,0,0,0,0,0,0,0
1989,240,4,27,23.454,2,8,1,0,1,0,1,1,25,1012,1012,1012,1016,0,0,0,0,0,1,1,0,0,0,445.2592342,0,0,0,0,3,1,1,0.05,10,0,0,0,3,14,1,0.05,100,0,0,0,0,0,0,0,0,0,0,0,0,0,0,0,0,0,0,0,0,0,0,0,0,0,0,0,0,0,0,0,0,0,0,0,0,0,0,0,0,0,0,0,0,0,0,0,0,0,0,0
1989,240,4,30,2.813,2,8,1,0,1,0,1,1,25,1012,1012,1012,1016,0,0,0,0,0,1,1,0,0,0,445.5251072,0,0,0,0,3,1,1,0.05,10,0,0,0,3,14,1,0.05,100,0,0,0,0,0,0,0,0,0,0,0,0,0,0,0,0,0,0,0,0,0,0,0,0,0,0,0,0,0,0,0,0,0,0,0,0,0,0,0,0,0,0,0,0,0,0,0,0,0,0,0
1989,240,4,30,23.213,2,8,1,0,0,0,1,1,25,1012,1012,1012,1016,0,0,0,0,0,1,1,0,0,0,445.5591423,0,0,0,0,3,1,1,0.05,10,0,0,0,3,14,1,0.05,100,0,0,0,0,0,0,0,0,0,0,0,0,0,0,0,0,0,0,0,0,0,0,0,0,0,0,0,0,0,0,0,0,0,0,0,0,0,0,0,0,0,0,0,0,0,0,0,0,0,0,0
1989,240,4,30,35.454,2,8,1,0,1,0,1,1,25,1012,1012,1012,1016,0,0,0,0,0,1,1,0,0,0,445.579565,0,0,0,0,3,1,1,0.05,10,0,0,0,3,14,1,0.05,100,0,0,0,0,0,0,0,0,0,0,0,0,0,0,0,0,0,0,0,0,0,0,0,0,0,0,0,0,0,0,0,0,0,0,0,0,0,0,0,0,0,0,0,0,0,0,0,0,0,0,0
1989,240,4,31,11.214,2,8,1,0,0,0,1,1,25,1012,1012,1012,1016,0,0,0,0,0,1,1,0,0,0,445.6392265,0,0,0,0,3,1,1,0.05,10,0,0,0,3,14,1,0.05,100,0,0,0,0,0,0,0,0,0,0,0,0,0,0,0,0,0,0,0,0,0,0,0,0,0,0,0,0,0,0,0,0,0,0,0,0,0,0,0,0,0,0,0,0,0,0,0,0,0,0,0
1989,240,4,31,23.454,2,8,1,0,1,0,1,1,25,1012,1012,1012,1016,0,0,0,0,0,1,1,0,0,0,445.6596475,0,0,0,0,3,1,1,0.05,10,0,0,0,3,14,1,0.05,100,0,0,0,0,0,0,0,0,0,0,0,0,0,0,0,0,0,0,0,0,0,0,0,0,0,0,0,0,0,0,0,0,0,0,0,0,0,0,0,0,0,0,0,0,0,0,0,0,0,0,0
1989,240,4,31,59.214,2,8,1,0,0,0,1,1,25,1012,1012,1012,1016,0,0,0,0,0,1,1,0,0,0,445.7193089,0,0,0,0,3,1,1,0.05,10,0,0,0,3,14,1,0.05,100,0,0,0,0,0,0,0,0,0,0,0,0,0,0,0,0,0,0,0,0,0,0,0,0,0,0,0,0,0,0,0,0,0,0,0,0,0,0,0,0,0,0,0,0,0,0,0,0,0,0,0
1989,240,4,32,11.454,2,8,1,0,1,0,1,1,25,1012,1012,1012,1016,0,0,0,0,0,1,1,0,0,0,445.7397299,0,0,0,0,3,1,1,0.05,10,0,0,0,3,14,1,0.05,100,0,0,0,0,0,0,0,0,0,0,0,0,0,0,0,0,0,0,0,0,0,0,0,0,0,0,0,0,0,0,0,0,0,0,0,0,0,0,0,0,0,0,0,0,0,0,0,0,0,0,0
1989,240,4,32,47.214,2,8,1,0,0,0,1,1,25,1012,1012,1012,1016,0,0,0,0,0,1,1,0,0,0,445.7993913,0,0,0,0,3,1,1,0.05,10,0,0,0,3,14,1,0.05,100,0,0,0,0,0,0,0,0,0,0,0,0,0,0,0,0,0,0,0,0,0,0,0,0,0,0,0,0,0,0,0,0,0,0,0,0,0,0,0,0,0,0,0,0,0,0,0,0,0,0,0
1989,240,4,32,59.454,2,8,1,0,1,0,1,1,25,1012,1012,1012,1016,0,0,0,0,0,1,1,0,0,0,445.8198123,0,0,0,0,3,1,1,0.05,10,0,0,0,3,14,1,0.05,100,0,0,0,0,0,0,0,0,0,0,0,0,0,0,0,0,0,0,0,0,0,0,0,0,0,0,0,0,0,0,0,0,0,0,0,0,0,0,0,0,0,0,0,0,0,0,0,0,0,0,0
1989,240,4,33,35.214,2,8,1,0,0,0,1,1,25,1012,1012,1012,1016,0,0,0,0,0,1,1,0,0,0,445.8794736,0,0,0,0,3,1,1,0.05,10,0,0,0,3,14,1,0.05,100,0,0,0,0,0,0,0,0,0,0,0,0,0,0,0,0,0,0,0,0,0,0,0,0,0,0,0,0,0,0,0,0,0,0,0,0,0,0,0,0,0,0,0,0,0,0,0,0,0,0,0
1989,240,4,33,47.454,2,8,1,0,1,0,1,1,25,1012,1012,1012,1016,0,0,0,0,0,1,1,0,0,0,445.8998945,0,0,0,0,3,1,1,0.05,10,0,0,0,3,14,1,0.05,100,0,0,0,0,0,0,0,0,0,0,0,0,0,0,0,0,0,0,0,0,0,0,0,0,0,0,0,0,0,0,0,0,0,0,0,0,0,0,0,0,0,0,0,0,0,0,0,0,0,0,0
1989,240,4,34,23.213,2,8,1,0,0,0,1,1,25,1012,1012,1012,1016,0,0,0,0,0,1,1,0,0,0,445.9595541,0,0,0,0,3,1,1,0.05,10,0,0,0,3,14,1,0.05,100,0,0,0,0,0,0,0,0,0,0,0,0,0,0,0,0,0,0,0,0,0,0,0,0,0,0,0,0,0,0,0,0,0,0,0,0,0,0,0,0,0,0,0,0,0,0,0,0,0,0,0
1989,240,4,34,35.454,2,8,1,0,1,0,1,1,25,1012,1012,1012,1016,0,0,0,0,0,1,1,0,0,0,445.9799767,0,0,0,0,3,1,1,0.05,10,0,0,0,3,14,1,0.05,100,0,0,0,0,0,0,0,0,0,0,0,0,0,0,0,0,0,0,0,0,0,0,0,0,0,0,0,0,0,0,0,0,0,0,0,0,0,0,0,0,0,0,0,0,0,0,0,0,0,0,0
1989,240,4,35,11.213,2,8,1,0,0,0,1,1,25,1012,1012,1012,1016,0,0,0,0,0,1,1,0,0,0,446.0396362,0,0,0,0,3,1,1,0.05,10,0,0,0,3,14,1,0.05,100,0,0,0,0,0,0,0,0,0,0,0,0,0,0,0,0,0,0,0,0,0,0,0,0,0,0,0,0,0,0,0,0,0,0,0,0,0,0,0,0,0,0,0,0,0,0,0,0,0,0,0
1989,240,4,35,23.453,2,8,1,0,1,0,1,1,25,1012,1012,1012,1016,0,0,0,0,0,1,1,0,0,0,446.0600572,0,0,0,0,3,1,1,0.05,10,0,0,0,3,14,1,0.05,100,0,0,0,0,0,0,0,0,0,0,0,0,0,0,0,0,0,0,0,0,0,0,0,0,0,0,0,0,0,0,0,0,0,0,0,0,0,0,0,0,0,0,0,0,0,0,0,0,0,0,0
1989,240,4,35,59.213,2,8,1,0,0,0,1,1,25,1012,1012,1012,1016,0,0,0,0,0,1,1,0,0,0,446.1197183,0,0,0,0,3,1,1,0.05,10,0,0,0,3,14,1,0.05,100,0,0,0,0,0,0,0,0,0,0,0,0,0,0,0,0,0,0,0,0,0,0,0,0,0,0,0,0,0,0,0,0,0,0,0,0,0,0,0,0,0,0,0,0,0,0,0,0,0,0,0
1989,240,4,36,11.453,2,8,1,0,1,0,1,1,25,1012,1012,1012,1016,0,0,0,0,0,1,1,0,0,0,446.1401392,0,0,0,0,3,1,1,0.05,10,0,0,0,3,14,1,0.05,100,0,0,0,0,0,0,0,0,0,0,0,0,0,0,0,0,0,0,0,0,0,0,0,0,0,0,0,0,0,0,0,0,0,0,0,0,0,0,0,0,0,0,0,0,0,0,0,0,0,0,0
1989,240,4,36,47.213,2,8,1,0,0,0,1,1,25,1012,1012,1012,1016,0,0,0,0,0,1,1,0,0,0,446.1998003,0,0,0,0,3,1,1,0.05,10,0,0,0,3,14,1,0.05,100,0,0,0,0,0,0,0,0,0,0,0,0,0,0,0,0,0,0,0,0,0,0,0,0,0,0,0,0,0,0,0,0,0,0,0,0,0,0,0,0,0,0,0,0,0,0,0,0,0,0,0
1989,240,4,36,59.453,2,8,1,0,1,0,1,1,25,1012,1012,1012,1016,0,0,0,0,0,1,1,0,0,0,446.2202212,0,0,0,0,3,1,1,0.05,10,0,0,0,3,14,1,0.05,100,0,0,0,0,0,0,0,0,0,0,0,0,0,0,0,0,0,0,0,0,0,0,0,0,0,0,0,0,0,0,0,0,0,0,0,0,0,0,0,0,0,0,0,0,0,0,0,0,0,0,0
1989,240,4,37,35.213,2,8,1,0,0,0,1,1,25,1012,1012,1012,1016,0,0,0,0,0,1,1,0,0,0,446.2798822,0,0,0,0,3,1,1,0.05,10,0,0,0,3,14,1,0.05,100,0,0,0,0,0,0,0,0,0,0,0,0,0,0,0,0,0,0,0,0,0,0,0,0,0,0,0,0,0,0,0,0,0,0,0,0,0,0,0,0,0,0,0,0,0,0,0,0,0,0,0
1989,240,4,37,47.453,2,8,1,0,1,0,1,1,25,1012,1012,1012,1016,0,0,0,0,0,1,1,0,0,0,446.300303,0,0,0,0,3,1,1,0.05,10,0,0,0,3,14,1,0.05,100,0,0,0,0,0,0,0,0,0,0,0,0,0,0,0,0,0,0,0,0,0,0,0,0,0,0,0,0,0,0,0,0,0,0,0,0,0,0,0,0,0,0,0,0,0,0,0,0,0,0,0
1989,240,4,38,23.213,2,8,1,0,0,0,1,1,25,1012,1012,1012,1016,0,0,0,0,0,1,1,0,0,0,446.359964,0,0,0,0,3,1,1,0.05,10,0,0,0,3,14,1,0.05,100,0,0,0,0,0,0,0,0,0,0,0,0,0,0,0,0,0,0,0,0,0,0,0,0,0,0,0,0,0,0,0,0,0,0,0,0,0,0,0,0,0,0,0,0,0,0,0,0,0,0,0
1989,240,4,38,35.453,2,8,1,0,1,0,1,1,25,1012,1012,1012,1016,0,0,0,0,0,1,1,0,0,0,446.3803848,0,0,0,0,3,1,1,0.05,10,0,0,0,3,14,1,0.05,100,0,0,0,0,0,0,0,0,0,0,0,0,0,0,0,0,0,0,0,0,0,0,0,0,0,0,0,0,0,0,0,0,0,0,0,0,0,0,0,0,0,0,0,0,0,0,0,0,0,0,0
1989,240,4,39,11.213,2,8,1,0,0,0,1,1,25,1012,1012,1012,1016,0,0,0,0,0,1,1,0,0,0,446.4400457,0,0,0,0,3,1,1,0.05,10,0,0,0,3,14,1,0.05,100,0,0,0,0,0,0,0,0,0,0,0,0,0,0,0,0,0,0,0,0,0,0,0,0,0,0,0,0,0,0,0,0,0,0,0,0,0,0,0,0,0,0,0,0,0,0,0,0,0,0,0
1989,240,4,39,23.453,2,8,1,0,1,0,1,1,25,1012,1012,1012,1016,0,0,0,0,0,1,1,0,0,0,446.4604665,0,0,0,0,3,1,1,0.05,10,0,0,0,3,14,1,0.05,100,0,0,0,0,0,0,0,0,0,0,0,0,0,0,0,0,0,0,0,0,0,0,0,0,0,0,0,0,0,0,0,0,0,0,0,0,0,0,0,0,0,0,0,0,0,0,0,0,0,0,0
1989,240,4,42,2.812,2,8,1,0,1,0,1,1,25,1012,1012,1012,1016,0,0,0,0,0,1,1,0,0,0,446.7263356,0,0,0,0,3,1,1,0.05,10,0,0,0,3,14,1,0.05,100,0,0,0,0,0,0,0,0,0,0,0,0,0,0,0,0,0,0,0,0,0,0,0,0,0,0,0,0,0,0,0,0,0,0,0,0,0,0,0,0,0,0,0,0,0,0,0,0,0,0,0
1989,240,4,42,23.213,2,8,1,0,0,0,1,1,25,1012,1012,1012,1016,0,0,0,0,0,1,1,0,0,0,446.7603719,0,0,0,0,3,1,1,0.05,10,0,0,0,3,14,1,0.05,100,0,0,0,0,0,0,0,0,0,0,0,0,0,0,0,0,0,0,0,0,0,0,0,0,0,0,0,0,0,0,0,0,0,0,0,0,0,0,0,0,0,0,0,0,0,0,0,0,0,0,0
1989,240,4,42,35.453,2,8,1,0,1,0,1,1,25,1012,1012,1012,1016,0,0,0,0,0,1,1,0,0,0,446.7807926,0,0,0,0,3,1,1,0.05,10,0,0,0,3,14,1,0.05,100,0,0,0,0,0,0,0,0,0,0,0,0,0,0,0,0,0,0,0,0,0,0,0,0,0,0,0,0,0,0,0,0,0,0,0,0,0,0,0,0,0,0,0,0,0,0,0,0,0,0,0
1989,240,4,43,11.213,2,8,1,0,0,0,1,1,25,1012,1012,1012,1016,0,0,0,0,0,1,1,0,0,0,446.8404532,0,0,0,0,3,1,1,0.05,10,0,0,0,3,14,1,0.05,100,0,0,0,0,0,0,0,0,0,0,0,0,0,0,0,0,0,0,0,0,0,0,0,0,0,0,0,0,0,0,0,0,0,0,0,0,0,0,0,0,0,0,0,0,0,0,0,0,0,0,0
1989,240,4,43,23.453,2,8,1,0,1,0,1,1,25,1012,1012,1012,1016,0,0,0,0,0,1,1,0,0,0,446.860874,0,0,0,0,3,1,1,0.05,10,0,0,0,3,14,1,0.05,100,0,0,0,0,0,0,0,0,0,0,0,0,0,0,0,0,0,0,0,0,0,0,0,0,0,0,0,0,0,0,0,0,0,0,0,0,0,0,0,0,0,0,0,0,0,0,0,0,0,0,0
1989,240,4,43,59.213,2,8,1,0,0,0,1,1,25,1012,1012,1012,1016,0,0,0,0,0,1,1,0,0,0,446.9205345,0,0,0,0,3,1,1,0.05,10,0,0,0,3,14,1,0.05,100,0,0,0,0,0,0,0,0,0,0,0,0,0,0,0,0,0,0,0,0,0,0,0,0,0,0,0,0,0,0,0,0,0,0,0,0,0,0,0,0,0,0,0,0,0,0,0,0,0,0,0
1989,240,4,44,11.453,2,8,1,0,1,0,1,1,25,1012,1012,1012,1016,0,0,0,0,0,1,1,0,0,0,446.9409552,0,0,0,0,3,1,1,0.05,10,0,0,0,3,14,1,0.05,100,0,0,0,0,0,0,0,0,0,0,0,0,0,0,0,0,0,0,0,0,0,0,0,0,0,0,0,0,0,0,0,0,0,0,0,0,0,0,0,0,0,0,0,0,0,0,0,0,0,0,0
1989,240,4,44,47.213,2,8,1,0,0,0,1,1,25,1012,1012,1012,1016,0,0,0,0,0,1,1,0,0,0,447.0006157,0,0,0,0,3,1,1,0.05,10,0,0,0,3,14,1,0.05,100,0,0,0,0,0,0,0,0,0,0,0,0,0,0,0,0,0,0,0,0,0,0,0,0,0,0,0,0,0,0,0,0,0,0,0,0,0,0,0,0,0,0,0,0,0,0,0,0,0,0,0
1989,240,4,44,59.453,2,8,1,0,1,0,1,1,25,1012,1012,1012,1016,0,0,0,0,0,1,1,0,0,0,447.0210364,0,0,0,0,3,1,1,0.05,10,0,0,0,3,14,1,0.05,100,0,0,0,0,0,0,0,0,0,0,0,0,0,0,0,0,0,0,0,0,0,0,0,0,0,0,0,0,0,0,0,0,0,0,0,0,0,0,0,0,0,0,0,0,0,0,0,0,0,0,0
1989,240,4,45,35.213,2,8,1,0,0,0,1,1,25,1012,1012,1012,1016,0,0,0,0,0,1,1,0,0,0,447.0806968,0,0,0,0,3,1,1,0.05,10,0,0,0,3,14,1,0.05,100,0,0,0,0,0,0,0,0,0,0,0,0,0,0,0,0,0,0,0,0,0,0,0,0,0,0,0,0,0,0,0,0,0,0,0,0,0,0,0,0,0,0,0,0,0,0,0,0,0,0,0
1989,240,4,45,47.453,2,8,1,0,1,0,1,1,25,1012,1012,1012,1016,0,0,0,0,0,1,1,0,0,0,447.1011175,0,0,0,0,3,1,1,0.05,10,0,0,0,3,14,1,0.05,100,0,0,0,0,0,0,0,0,0,0,0,0,0,0,0,0,0,0,0,0,0,0,0,0,0,0,0,0,0,0,0,0,0,0,0,0,0,0,0,0,0,0,0,0,0,0,0,0,0,0,0
1989,240,4,46,23.213,2,8,1,0,0,0,1,1,25,1012,1012,1012,1016,0,0,0,0,0,1,1,0,0,0,447.1607779,0,0,0,0,3,1,1,0.05,10,0,0,0,3,14,1,0.05,100,0,0,0,0,0,0,0,0,0,0,0,0,0,0,0,0,0,0,0,0,0,0,0,0,0,0,0,0,0,0,0,0,0,0,0,0,0,0,0,0,0,0,0,0,0,0,0,0,0,0,0
1989,240,4,46,35.453,2,8,1,0,1,0,1,1,25,1012,1012,1012,1016,0,0,0,0,0,1,1,0,0,0,447.1811985,0,0,0,0,3,1,1,0.05,10,0,0,0,3,14,1,0.05,100,0,0,0,0,0,0,0,0,0,0,0,0,0,0,0,0,0,0,0,0,0,0,0,0,0,0,0,0,0,0,0,0,0,0,0,0,0,0,0,0,0,0,0,0,0,0,0,0,0,0,0
1989,240,4,47,11.213,2,8,1,0,0,0,1,1,25,1012,1012,1012,1016,0,0,0,0,0,1,1,0,0,0,447.2408588,0,0,0,0,3,1,1,0.05,10,0,0,0,3,14,1,0.05,100,0,0,0,0,0,0,0,0,0,0,0,0,0,0,0,0,0,0,0,0,0,0,0,0,0,0,0,0,0,0,0,0,0,0,0,0,0,0,0,0,0,0,0,0,0,0,0,0,0,0,0
1989,240,4,47,23.453,2,8,1,0,1,0,1,1,25,1012,1012,1012,1016,0,0,0,0,0,1,1,0,0,0,447.2612794,0,0,0,0,3,1,1,0.05,10,0,0,0,3,14,1,0.05,100,0,0,0,0,0,0,0,0,0,0,0,0,0,0,0,0,0,0,0,0,0,0,0,0,0,0,0,0,0,0,0,0,0,0,0,0,0,0,0,0,0,0,0,0,0,0,0,0,0,0,0
1989,240,4,47,59.212,2,8,1,0,0,0,1,1,25,1012,1012,1012,1016,0,0,0,0,0,1,1,0,0,0,447.320938,0,0,0,0,3,1,1,0.05,10,0,0,0,3,14,1,0.05,100,0,0,0,0,0,0,0,0,0,0,0,0,0,0,0,0,0,0,0,0,0,0,0,0,0,0,0,0,0,0,0,0,0,0,0,0,0,0,0,0,0,0,0,0,0,0,0,0,0,0,0
1989,240,4,48,11.452,2,8,1,0,1,0,1,1,25,1012,1012,1012,1016,0,0,0,0,0,1,1,0,0,0,447.3413586,0,0,0,0,3,1,1,0.05,10,0,0,0,3,14,1,0.05,100,0,0,0,0,0,0,0,0,0,0,0,0,0,0,0,0,0,0,0,0,0,0,0,0,0,0,0,0,0,0,0,0,0,0,0,0,0,0,0,0,0,0,0,0,0,0,0,0,0,0,0
1989,240,4,48,47.212,2,8,1,0,0,0,1,1,25,1012,1012,1012,1016,0,0,0,0,0,1,1,0,0,0,447.4010188,0,0,0,0,3,1,1,0.05,10,0,0,0,3,14,1,0.05,100,0,0,0,0,0,0,0,0,0,0,0,0,0,0,0,0,0,0,0,0,0,0,0,0,0,0,0,0,0,0,0,0,0,0,0,0,0,0,0,0,0,0,0,0,0,0,0,0,0,0,0
1989,240,4,48,59.452,2,8,1,0,1,0,1,1,25,1012,1012,1012,1016,0,0,0,0,0,1,1,0,0,0,447.4214394,0,0,0,0,3,1,1,0.05,10,0,0,0,3,14,1,0.05,100,0,0,0,0,0,0,0,0,0,0,0,0,0,0,0,0,0,0,0,0,0,0,0,0,0,0,0,0,0,0,0,0,0,0,0,0,0,0,0,0,0,0,0,0,0,0,0,0,0,0,0
1989,240,4,49,35.212,2,8,1,0,0,0,1,1,25,1012,1012,1012,1016,0,0,0,0,0,1,1,0,0,0,447.4810996,0,0,0,0,3,1,1,0.05,10,0,0,0,3,14,1,0.05,100,0,0,0,0,0,0,0,0,0,0,0,0,0,0,0,0,0,0,0,0,0,0,0,0,0,0,0,0,0,0,0,0,0,0,0,0,0,0,0,0,0,0,0,0,0,0,0,0,0,0,0
1989,240,4,49,47.452,2,8,1,0,1,0,1,1,25,1012,1012,1012,1016,0,0,0,0,0,1,1,0,0,0,447.5015201,0,0,0,0,3,1,1,0.05,10,0,0,0,3,14,1,0.05,100,0,0,0,0,0,0,0,0,0,0,0,0,0,0,0,0,0,0,0,0,0,0,0,0,0,0,0,0,0,0,0,0,0,0,0,0,0,0,0,0,0,0,0,0,0,0,0,0,0,0,0
1989,240,4,50,23.212,2,8,1,0,0,0,1,1,25,1012,1012,1012,1016,0,0,0,0,0,1,1,0,0,0,447.5611802,0,0,0,0,3,1,1,0.05,10,0,0,0,3,14,1,0.05,100,0,0,0,0,0,0,0,0,0,0,0,0,0,0,0,0,0,0,0,0,0,0,0,0,0,0,0,0,0,0,0,0,0,0,0,0,0,0,0,0,0,0,0,0,0,0,0,0,0,0,0
1989,240,4,50,35.452,2,8,1,0,1,0,1,1,25,1012,1012,1012,1016,0,0,0,0,0,1,1,0,0,0,447.5816008,0,0,0,0,3,1,1,0.05,10,0,0,0,3,14,1,0.05,100,0,0,0,0,0,0,0,0,0,0,0,0,0,0,0,0,0,0,0,0,0,0,0,0,0,0,0,0,0,0,0,0,0,0,0,0,0,0,0,0,0,0,0,0,0,0,0,0,0,0,0
1989,240,4,51,11.212,2,8,1,0,0,0,1,1,25,1012,1012,1012,1016,0,0,0,0,0,1,1,0,0,0,447.6412608,0,0,0,0,3,1,1,0.05,10,0,0,0,3,14,1,0.05,100,0,0,0,0,0,0,0,0,0,0,0,0,0,0,0,0,0,0,0,0,0,0,0,0,0,0,0,0,0,0,0,0,0,0,0,0,0,0,0,0,0,0,0,0,0,0,0,0,0,0,0
1989,240,4,51,23.452,2,8,1,0,1,0,1,1,25,1012,1012,1012,1016,0,0,0,0,0,1,1,0,0,0,447.6616813,0,0,0,0,3,1,1,0.05,10,0,0,0,3,14,1,0.05,100,0,0,0,0,0,0,0,0,0,0,0,0,0,0,0,0,0,0,0,0,0,0,0,0,0,0,0,0,0,0,0,0,0,0,0,0,0,0,0,0,0,0,0,0,0,0,0,0,0,0,0
1989,240,4,54,2.812,2,8,1,0,1,0,1,1,25,1012,1012,1012,1016,0,0,0,0,0,1,1,0,0,0,447.9275482,0,0,0,0,3,1,1,0.05,10,0,0,0,3,14,1,0.05,100,0,0,0,0,0,0,0,0,0,0,0,0,0,0,0,0,0,0,0,0,0,0,0,0,0,0,0,0,0,0,0,0,0,0,0,0,0,0,0,0,0,0,0,0,0,0,0,0,0,0,0
1989,240,4,54,23.212,2,8,1,0,0,0,1,1,25,1012,1012,1012,1016,0,0,0,0,0,1,1,0,0,0,447.9615823,0,0,0,0,3,1,1,0.05,10,0,0,0,3,14,1,0.05,100,0,0,0,0,0,0,0,0,0,0,0,0,0,0,0,0,0,0,0,0,0,0,0,0,0,0,0,0,0,0,0,0,0,0,0,0,0,0,0,0,0,0,0,0,0,0,0,0,0,0,0
1989,240,4,54,35.452,2,8,1,0,1,0,1,1,25,1012,1012,1012,1016,0,0,0,0,0,1,1,0,0,0,447.9820028,0,0,0,0,3,1,1,0.05,10,0,0,0,3,14,1,0.05,100,0,0,0,0,0,0,0,0,0,0,0,0,0,0,0,0,0,0,0,0,0,0,0,0,0,0,0,0,0,0,0,0,0,0,0,0,0,0,0,0,0,0,0,0,0,0,0,0,0,0,0
1989,240,4,55,11.212,2,8,1,0,0,0,1,1,25,1012,1012,1012,1016,0,0,0,0,0,1,1,0,0,0,448.0416625,0,0,0,0,3,1,1,0.05,10,0,0,0,3,14,1,0.05,100,0,0,0,0,0,0,0,0,0,0,0,0,0,0,0,0,0,0,0,0,0,0,0,0,0,0,0,0,0,0,0,0,0,0,0,0,0,0,0,0,0,0,0,0,0,0,0,0,0,0,0
1989,240,4,55,23.452,2,8,1,0,1,0,1,1,25,1012,1012,1012,1016,0,0,0,0,0,1,1,0,0,0,448.0620829,0,0,0,0,3,1,1,0.05,10,0,0,0,3,14,1,0.05,100,0,0,0,0,0,0,0,0,0,0,0,0,0,0,0,0,0,0,0,0,0,0,0,0,0,0,0,0,0,0,0,0,0,0,0,0,0,0,0,0,0,0,0,0,0,0,0,0,0,0,0
1989,240,4,55,59.212,2,8,1,0,0,0,1,1,25,1012,1012,1012,1016,0,0,0,0,0,1,1,0,0,0,448.1217426,0,0,0,0,3,1,1,0.05,10,0,0,0,3,14,1,0.05,100,0,0,0,0,0,0,0,0,0,0,0,0,0,0,0,0,0,0,0,0,0,0,0,0,0,0,0,0,0,0,0,0,0,0,0,0,0,0,0,0,0,0,0,0,0,0,0,0,0,0,0
1989,240,4,56,11.452,2,8,1,0,1,0,1,1,25,1012,1012,1012,1016,0,0,0,0,0,1,1,0,0,0,448.142163,0,0,0,0,3,1,1,0.05,10,0,0,0,3,14,1,0.05,100,0,0,0,0,0,0,0,0,0,0,0,0,0,0,0,0,0,0,0,0,0,0,0,0,0,0,0,0,0,0,0,0,0,0,0,0,0,0,0,0,0,0,0,0,0,0,0,0,0,0,0
1989,240,4,56,47.212,2,8,1,0,0,0,1,1,25,1012,1012,1012,1016,0,0,0,0,0,1,1,0,0,0,448.2018226,0,0,0,0,3,1,1,0.05,10,0,0,0,3,14,1,0.05,100,0,0,0,0,0,0,0,0,0,0,0,0,0,0,0,0,0,0,0,0,0,0,0,0,0,0,0,0,0,0,0,0,0,0,0,0,0,0,0,0,0,0,0,0,0,0,0,0,0,0,0
1989,240,4,56,59.452,2,8,1,0,1,0,1,1,25,1012,1012,1012,1016,0,0,0,0,0,1,1,0,0,0,448.222243,0,0,0,0,3,1,1,0.05,10,0,0,0,3,14,1,0.05,100,0,0,0,0,0,0,0,0,0,0,0,0,0,0,0,0,0,0,0,0,0,0,0,0,0,0,0,0,0,0,0,0,0,0,0,0,0,0,0,0,0,0,0,0,0,0,0,0,0,0,0
1989,240,4,57,35.212,2,8,1,0,0,0,1,1,25,1012,1012,1012,1016,0,0,0,0,0,1,1,0,0,0,448.2819026,0,0,0,0,3,1,1,0.05,10,0,0,0,3,14,1,0.05,100,0,0,0,0,0,0,0,0,0,0,0,0,0,0,0,0,0,0,0,0,0,0,0,0,0,0,0,0,0,0,0,0,0,0,0,0,0,0,0,0,0,0,0,0,0,0,0,0,0,0,0
1989,240,4,57,47.452,2,8,1,0,1,0,1,1,25,1012,1012,1012,1016,0,0,0,0,0,1,1,0,0,0,448.302323,0,0,0,0,3,1,1,0.05,10,0,0,0,3,14,1,0.05,100,0,0,0,0,0,0,0,0,0,0,0,0,0,0,0,0,0,0,0,0,0,0,0,0,0,0,0,0,0,0,0,0,0,0,0,0,0,0,0,0,0,0,0,0,0,0,0,0,0,0,0
1989,240,4,58,23.212,2,8,1,0,0,0,1,1,25,1012,1012,1012,1016,0,0,0,0,0,1,1,0,0,0,448.3619825,0,0,0,0,3,1,1,0.05,10,0,0,0,3,14,1,0.05,100,0,0,0,0,0,0,0,0,0,0,0,0,0,0,0,0,0,0,0,0,0,0,0,0,0,0,0,0,0,0,0,0,0,0,0,0,0,0,0,0,0,0,0,0,0,0,0,0,0,0,0
1989,240,4,58,35.452,2,8,1,0,1,0,1,1,25,1012,1012,1012,1016,0,0,0,0,0,1,1,0,0,0,448.3824028,0,0,0,0,3,1,1,0.05,10,0,0,0,3,14,1,0.05,100,0,0,0,0,0,0,0,0,0,0,0,0,0,0,0,0,0,0,0,0,0,0,0,0,0,0,0,0,0,0,0,0,0,0,0,0,0,0,0,0,0,0,0,0,0,0,0,0,0,0,0
1989,240,4,59,11.212,2,8,1,0,0,0,1,1,25,1012,1012,1012,1016,0,0,0,0,0,1,1,0,0,0,448.4420623,0,0,0,0,3,1,1,0.05,10,0,0,0,3,14,1,0.05,100,0,0,0,0,0,0,0,0,0,0,0,0,0,0,0,0,0,0,0,0,0,0,0,0,0,0,0,0,0,0,0,0,0,0,0,0,0,0,0,0,0,0,0,0,0,0,0,0,0,0,0
1989,240,4,59,23.452,2,8,1,0,1,0,1,1,25,1012,1012,1012,1016,0,0,0,0,0,1,1,0,0,0,448.4624826,0,0,0,0,3,1,1,0.05,10,0,0,0,3,14,1,0.05,100,0,0,0,0,0,0,0,0,0,0,0,0,0,0,0,0,0,0,0,0,0,0,0,0,0,0,0,0,0,0,0,0,0,0,0,0,0,0,0,0,0,0,0,0,0,0,0,0,0,0,0
1989,240,4,59,59.212,2,8,1,0,0,0,1,1,25,1012,1012,1012,1016,0,0,0,0,0,1,1,0,0,0,448.522142,0,0,0,0,3,1,1,0.05,10,0,0,0,3,14,1,0.05,100,0,0,0,0,0,0,0,0,0,0,0,0,0,0,0,0,0,0,0,0,0,0,0,0,0,0,0,0,0,0,0,0,0,0,0,0,0,0,0,0,0,0,0,0,0,0,0,0,0,0,0
1989,240,5,0,11.452,2,8,1,0,1,0,1,1,25,1012,1012,1012,1016,0,0,0,0,0,1,1,0,0,0,448.5425623,0,0,0,0,3,1,1,0.05,10,0,0,0,3,14,1,0.05,100,0,0,0,0,0,0,0,0,0,0,0,0,0,0,0,0,0,0,0,0,0,0,0,0,0,0,0,0,0,0,0,0,0,0,0,0,0,0,0,0,0,0,0,0,0,0,0,0,0,0,0
1989,240,5,0,47.211,2,8,1,0,0,0,1,1,25,1012,1012,1012,1016,0,0,0,0,0,1,1,0,0,0,448.60222,0,0,0,0,3,1,1,0.05,10,0,0,0,3,14,1,0.05,100,0,0,0,0,0,0,0,0,0,0,0,0,0,0,0,0,0,0,0,0,0,0,0,0,0,0,0,0,0,0,0,0,0,0,0,0,0,0,0,0,0,0,0,0,0,0,0,0,0,0,0
1989,240,5,0,59.451,2,8,1,0,1,0,1,1,25,1012,1012,1012,1016,0,0,0,0,0,1,1,0,0,0,448.6226403,0,0,0,0,3,1,1,0.05,10,0,0,0,3,14,1,0.05,100,0,0,0,0,0,0,0,0,0,0,0,0,0,0,0,0,0,0,0,0,0,0,0,0,0,0,0,0,0,0,0,0,0,0,0,0,0,0,0,0,0,0,0,0,0,0,0,0,0,0,0
1989,240,5,1,35.211,2,8,1,0,0,0,1,1,25,1012,1012,1012,1016,0,0,0,0,0,1,1,0,0,0,448.6822995,0,0,0,0,3,1,1,0.05,10,0,0,0,3,14,1,0.05,100,0,0,0,0,0,0,0,0,0,0,0,0,0,0,0,0,0,0,0,0,0,0,0,0,0,0,0,0,0,0,0,0,0,0,0,0,0,0,0,0,0,0,0,0,0,0,0,0,0,0,0
1989,240,5,1,47.451,2,8,1,0,1,0,1,1,25,1012,1012,1012,1016,0,0,0,0,0,1,1,0,0,0,448.7027198,0,0,0,0,3,1,1,0.05,10,0,0,0,3,14,1,0.05,100,0,0,0,0,0,0,0,0,0,0,0,0,0,0,0,0,0,0,0,0,0,0,0,0,0,0,0,0,0,0,0,0,0,0,0,0,0,0,0,0,0,0,0,0,0,0,0,0,0,0,0
1989,240,5,2,23.21,2,8,1,0,0,0,1,1,25,1012,1012,1012,1016,0,0,0,0,0,1,1,0,0,0,448.7623774,0,0,0,0,3,1,1,0.05,10,0,0,0,3,14,1,0.05,100,0,0,0,0,0,0,0,0,0,0,0,0,0,0,0,0,0,0,0,0,0,0,0,0,0,0,0,0,0,0,0,0,0,0,0,0,0,0,0,0,0,0,0,0,0,0,0,0,0,0,0
1989,240,5,2,35.451,2,8,1,0,1,0,1,1,25,1012,1012,1012,1016,0,0,0,0,0,1,1,0,0,0,448.7827993,0,0,0,0,3,1,1,0.05,10,0,0,0,3,14,1,0.05,100,0,0,0,0,0,0,0,0,0,0,0,0,0,0,0,0,0,0,0,0,0,0,0,0,0,0,0,0,0,0,0,0,0,0,0,0,0,0,0,0,0,0,0,0,0,0,0,0,0,0,0
1989,240,5,3,11.21,2,8,1,0,0,0,1,1,25,1012,1012,1012,1016,0,0,0,0,0,1,1,0,0,0,448.8424568,0,0,0,0,3,1,1,0.05,10,0,0,0,3,14,1,0.05,100,0,0,0,0,0,0,0,0,0,0,0,0,0,0,0,0,0,0,0,0,0,0,0,0,0,0,0,0,0,0,0,0,0,0,0,0,0,0,0,0,0,0,0,0,0,0,0,0,0,0,0
1989,240,5,3,23.451,2,8,1,0,1,0,1,1,25,1012,1012,1012,1016,0,0,0,0,0,1,1,0,0,0,448.8628787,0,0,0,0,3,1,1,0.05,10,0,0,0,3,14,1,0.05,100,0,0,0,0,0,0,0,0,0,0,0,0,0,0,0,0,0,0,0,0,0,0,0,0,0,0,0,0,0,0,0,0,0,0,0,0,0,0,0,0,0,0,0,0,0,0,0,0,0,0,0
1989,240,5,6,2.81,2,8,1,0,1,0,1,1,25,1012,1012,1012,1016,0,0,0,0,0,1,1,0,0,0,449.12874,0,0,0,0,3,1,1,0.05,10,0,0,0,3,14,1,0.05,100,0,0,0,0,0,0,0,0,0,0,0,0,0,0,0,0,0,0,0,0,0,0,0,0,0,0,0,0,0,0,0,0,0,0,0,0,0,0,0,0,0,0,0,0,0,0,0,0,0,0,0
1989,240,5,6,23.21,2,8,1,0,0,0,1,1,25,1012,1012,1012,1016,0,0,0,0,0,1,1,0,0,0,449.1627737,0,0,0,0,3,1,1,0.05,10,0,0,0,3,14,1,0.05,100,0,0,0,0,0,0,0,0,0,0,0,0,0,0,0,0,0,0,0,0,0,0,0,0,0,0,0,0,0,0,0,0,0,0,0,0,0,0,0,0,0,0,0,0,0,0,0,0,0,0,0
1989,240,5,6,35.451,2,8,1,0,1,0,1,1,25,1012,1012,1012,1016,0,0,0,0,0,1,1,0,0,0,449.1831955,0,0,0,0,3,1,1,0.05,10,0,0,0,3,14,1,0.05,100,0,0,0,0,0,0,0,0,0,0,0,0,0,0,0,0,0,0,0,0,0,0,0,0,0,0,0,0,0,0,0,0,0,0,0,0,0,0,0,0,0,0,0,0,0,0,0,0,0,0,0
1989,240,5,7,11.21,2,8,1,0,0,0,1,1,25,1012,1012,1012,1016,0,0,0,0,0,1,1,0,0,0,449.2428527,0,0,0,0,3,1,1,0.05,10,0,0,0,3,14,1,0.05,100,0,0,0,0,0,0,0,0,0,0,0,0,0,0,0,0,0,0,0,0,0,0,0,0,0,0,0,0,0,0,0,0,0,0,0,0,0,0,0,0,0,0,0,0,0,0,0,0,0,0,0
1989,240,5,7,23.451,2,8,1,0,1,0,1,1,25,1012,1012,1012,1016,0,0,0,0,0,1,1,0,0,0,449.2632745,0,0,0,0,3,1,1,0.05,10,0,0,0,3,14,1,0.05,100,0,0,0,0,0,0,0,0,0,0,0,0,0,0,0,0,0,0,0,0,0,0,0,0,0,0,0,0,0,0,0,0,0,0,0,0,0,0,0,0,0,0,0,0,0,0,0,0,0,0,0
1989,240,5,7,59.211,2,8,1,0,0,0,1,1,25,1012,1012,1012,1016,0,0,0,0,0,1,1,0,0,0,449.3229333,0,0,0,0,3,1,1,0.05,10,0,0,0,3,14,1,0.05,100,0,0,0,0,0,0,0,0,0,0,0,0,0,0,0,0,0,0,0,0,0,0,0,0,0,0,0,0,0,0,0,0,0,0,0,0,0,0,0,0,0,0,0,0,0,0,0,0,0,0,0
1989,240,5,8,11.451,2,8,1,0,1,0,1,1,25,1012,1012,1012,1016,0,0,0,0,0,1,1,0,0,0,449.3433534,0,0,0,0,3,1,1,0.05,10,0,0,0,3,14,1,0.05,100,0,0,0,0,0,0,0,0,0,0,0,0,0,0,0,0,0,0,0,0,0,0,0,0,0,0,0,0,0,0,0,0,0,0,0,0,0,0,0,0,0,0,0,0,0,0,0,0,0,0,0
1989,240,5,8,47.211,2,8,1,0,0,0,1,1,25,1012,1012,1012,1016,0,0,0,0,0,1,1,0,0,0,449.4030122,0,0,0,0,3,1,1,0.05,10,0,0,0,3,14,1,0.05,100,0,0,0,0,0,0,0,0,0,0,0,0,0,0,0,0,0,0,0,0,0,0,0,0,0,0,0,0,0,0,0,0,0,0,0,0,0,0,0,0,0,0,0,0,0,0,0,0,0,0,0
1989,240,5,8,59.451,2,8,1,0,1,0,1,1,25,1012,1012,1012,1016,0,0,0,0,0,1,1,0,0,0,449.4234323,0,0,0,0,3,1,1,0.05,10,0,0,0,3,14,1,0.05,100,0,0,0,0,0,0,0,0,0,0,0,0,0,0,0,0,0,0,0,0,0,0,0,0,0,0,0,0,0,0,0,0,0,0,0,0,0,0,0,0,0,0,0,0,0,0,0,0,0,0,0
1989,240,5,9,35.211,2,8,1,0,0,0,1,1,25,1012,1012,1012,1016,0,0,0,0,0,1,1,0,0,0,449.483091,0,0,0,0,3,1,1,0.05,10,0,0,0,3,14,1,0.05,100,0,0,0,0,0,0,0,0,0,0,0,0,0,0,0,0,0,0,0,0,0,0,0,0,0,0,0,0,0,0,0,0,0,0,0,0,0,0,0,0,0,0,0,0,0,0,0,0,0,0,0
1989,240,5,9,47.451,2,8,1,0,1,0,1,1,25,1012,1012,1012,1016,0,0,0,0,0,1,1,0,0,0,449.5035111,0,0,0,0,3,1,1,0.05,10,0,0,0,3,14,1,0.05,100,0,0,0,0,0,0,0,0,0,0,0,0,0,0,0,0,0,0,0,0,0,0,0,0,0,0,0,0,0,0,0,0,0,0,0,0,0,0,0,0,0,0,0,0,0,0,0,0,0,0,0
1989,240,5,10,23.21,2,8,1,0,0,0,1,1,25,1012,1012,1012,1016,0,0,0,0,0,1,1,0,0,0,449.563168,0,0,0,0,3,1,1,0.05,10,0,0,0,3,14,1,0.05,100,0,0,0,0,0,0,0,0,0,0,0,0,0,0,0,0,0,0,0,0,0,0,0,0,0,0,0,0,0,0,0,0,0,0,0,0,0,0,0,0,0,0,0,0,0,0,0,0,0,0,0
1989,240,5,10,35.451,2,8,1,0,1,0,1,1,25,1012,1012,1012,1016,0,0,0,0,0,1,1,0,0,0,449.5835898,0,0,0,0,3,1,1,0.05,10,0,0,0,3,14,1,0.05,100,0,0,0,0,0,0,0,0,0,0,0,0,0,0,0,0,0,0,0,0,0,0,0,0,0,0,0,0,0,0,0,0,0,0,0,0,0,0,0,0,0,0,0,0,0,0,0,0,0,0,0
1989,240,5,11,11.21,2,8,1,0,0,0,1,1,25,1012,1012,1012,1016,0,0,0,0,0,1,1,0,0,0,449.6432467,0,0,0,0,3,1,1,0.05,10,0,0,0,3,14,1,0.05,100,0,0,0,0,0,0,0,0,0,0,0,0,0,0,0,0,0,0,0,0,0,0,0,0,0,0,0,0,0,0,0,0,0,0,0,0,0,0,0,0,0,0,0,0,0,0,0,0,0,0,0
1989,240,5,11,23.451,2,8,1,0,1,0,1,1,25,1012,1012,1012,1016,0,0,0,0,0,1,1,0,0,0,449.6636684,0,0,0,0,3,1,1,0.05,10,0,0,0,3,14,1,0.05,100,0,0,0,0,0,0,0,0,0,0,0,0,0,0,0,0,0,0,0,0,0,0,0,0,0,0,0,0,0,0,0,0,0,0,0,0,0,0,0,0,0,0,0,0,0,0,0,0,0,0,0
1989,240,5,11,59.211,2,8,1,0,0,0,1,1,25,1012,1012,1012,1016,0,0,0,0,0,1,1,0,0,0,449.7233269,0,0,0,0,3,1,1,0.05,10,0,0,0,3,14,1,0.05,100,0,0,0,0,0,0,0,0,0,0,0,0,0,0,0,0,0,0,0,0,0,0,0,0,0,0,0,0,0,0,0,0,0,0,0,0,0,0,0,0,0,0,0,0,0,0,0,0,0,0,0
1989,240,5,12,11.451,2,8,1,0,1,0,1,1,25,1012,1012,1012,1016,0,0,0,0,0,1,1,0,0,0,449.7437469,0,0,0,0,3,1,1,0.05,10,0,0,0,3,14,1,0.05,100,0,0,0,0,0,0,0,0,0,0,0,0,0,0,0,0,0,0,0,0,0,0,0,0,0,0,0,0,0,0,0,0,0,0,0,0,0,0,0,0,0,0,0,0,0,0,0,0,0,0,0
1989,240,5,18,2.809,2,8,1,0,1,0,1,1,25,1012,1012,1012,1016,0,0,0,0,0,1,1,0,0,0,450.3299162,0,0,0,0,3,1,1,0.05,10,0,0,0,3,14,1,0.05,100,0,0,0,0,0,0,0,0,0,0,0,0,0,0,0,0,0,0,0,0,0,0,0,0,0,0,0,0,0,0,0,0,0,0,0,0,0,0,0,0,0,0,0,0,0,0,0,0,0,0,0
1989,240,5,18,23.21,2,8,1,0,0,0,1,1,25,1012,1012,1012,1016,0,0,0,0,0,1,1,0,0,0,450.363951,0,0,0,0,3,1,1,0.05,10,0,0,0,3,14,1,0.05,100,0,0,0,0,0,0,0,0,0,0,0,0,0,0,0,0,0,0,0,0,0,0,0,0,0,0,0,0,0,0,0,0,0,0,0,0,0,0,0,0,0,0,0,0,0,0,0,0,0,0,0
1989,240,5,18,35.45,2,8,1,0,1,0,1,1,25,1012,1012,1012,1016,0,0,0,0,0,1,1,0,0,0,450.3843709,0,0,0,0,3,1,1,0.05,10,0,0,0,3,14,1,0.05,100,0,0,0,0,0,0,0,0,0,0,0,0,0,0,0,0,0,0,0,0,0,0,0,0,0,0,0,0,0,0,0,0,0,0,0,0,0,0,0,0,0,0,0,0,0,0,0,0,0,0,0
1989,240,5,19,11.21,2,8,1,0,0,0,1,1,25,1012,1012,1012,1016,0,0,0,0,0,1,1,0,0,0,450.4440289,0,0,0,0,3,1,1,0.05,10,0,0,0,3,14,1,0.05,100,0,0,0,0,0,0,0,0,0,0,0,0,0,0,0,0,0,0,0,0,0,0,0,0,0,0,0,0,0,0,0,0,0,0,0,0,0,0,0,0,0,0,0,0,0,0,0,0,0,0,0
1989,240,5,19,23.45,2,8,1,0,1,0,1,1,25,1012,1012,1012,1016,0,0,0,0,0,1,1,0,0,0,450.4644488,0,0,0,0,3,1,1,0.05,10,0,0,0,3,14,1,0.05,100,0,0,0,0,0,0,0,0,0,0,0,0,0,0,0,0,0,0,0,0,0,0,0,0,0,0,0,0,0,0,0,0,0,0,0,0,0,0,0,0,0,0,0,0,0,0,0,0,0,0,0
1989,240,5,19,59.21,2,8,1,0,0,0,1,1,25,1012,1012,1012,1016,0,0,0,0,0,1,1,0,0,0,450.5241067,0,0,0,0,3,1,1,0.05,10,0,0,0,3,14,1,0.05,100,0,0,0,0,0,0,0,0,0,0,0,0,0,0,0,0,0,0,0,0,0,0,0,0,0,0,0,0,0,0,0,0,0,0,0,0,0,0,0,0,0,0,0,0,0,0,0,0,0,0,0
1989,240,5,20,11.45,2,8,1,0,1,0,1,1,25,1012,1012,1012,1016,0,0,0,0,0,1,1,0,0,0,450.5445265,0,0,0,0,3,1,1,0.05,10,0,0,0,3,14,1,0.05,100,0,0,0,0,0,0,0,0,0,0,0,0,0,0,0,0,0,0,0,0,0,0,0,0,0,0,0,0,0,0,0,0,0,0,0,0,0,0,0,0,0,0,0,0,0,0,0,0,0,0,0
1989,240,5,20,47.21,2,8,1,0,0,0,1,1,25,1012,1012,1012,1016,0,0,0,0,0,1,1,0,0,0,450.6041844,0,0,0,0,3,1,1,0.05,10,0,0,0,3,14,1,0.05,100,0,0,0,0,0,0,0,0,0,0,0,0,0,0,0,0,0,0,0,0,0,0,0,0,0,0,0,0,0,0,0,0,0,0,0,0,0,0,0,0,0,0,0,0,0,0,0,0,0,0,0
1989,240,5,20,59.449,2,8,1,0,1,0,1,1,25,1012,1012,1012,1016,0,0,0,0,0,1,1,0,0,0,450.6246026,0,0,0,0,3,1,1,0.05,10,0,0,0,3,14,1,0.05,100,0,0,0,0,0,0,0,0,0,0,0,0,0,0,0,0,0,0,0,0,0,0,0,0,0,0,0,0,0,0,0,0,0,0,0,0,0,0,0,0,0,0,0,0,0,0,0,0,0,0,0
1989,240,5,21,35.21,2,8,1,0,0,0,1,1,25,1012,1012,1012,1016,0,0,0,0,0,1,1,0,0,0,450.6842621,0,0,0,0,3,1,1,0.05,10,0,0,0,3,14,1,0.05,100,0,0,0,0,0,0,0,0,0,0,0,0,0,0,0,0,0,0,0,0,0,0,0,0,0,0,0,0,0,0,0,0,0,0,0,0,0,0,0,0,0,0,0,0,0,0,0,0,0,0,0
1989,240,5,21,47.449,2,8,1,0,1,0,1,1,25,1012,1012,1012,1016,0,0,0,0,0,1,1,0,0,0,450.7046802,0,0,0,0,3,1,1,0.05,10,0,0,0,3,14,1,0.05,100,0,0,0,0,0,0,0,0,0,0,0,0,0,0,0,0,0,0,0,0,0,0,0,0,0,0,0,0,0,0,0,0,0,0,0,0,0,0,0,0,0,0,0,0,0,0,0,0,0,0,0
1989,240,5,22,23.21,2,8,1,0,0,0,1,1,25,1012,1012,1012,1016,0,0,0,0,0,1,1,0,0,0,450.7643397,0,0,0,0,3,1,1,0.05,10,0,0,0,3,14,1,0.05,100,0,0,0,0,0,0,0,0,0,0,0,0,0,0,0,0,0,0,0,0,0,0,0,0,0,0,0,0,0,0,0,0,0,0,0,0,0,0,0,0,0,0,0,0,0,0,0,0,0,0,0
1989,240,5,22,35.45,2,8,1,0,1,0,1,1,25,1012,1012,1012,1016,0,0,0,0,0,1,1,0,0,0,450.7847594,0,0,0,0,3,1,1,0.05,10,0,0,0,3,14,1,0.05,100,0,0,0,0,0,0,0,0,0,0,0,0,0,0,0,0,0,0,0,0,0,0,0,0,0,0,0,0,0,0,0,0,0,0,0,0,0,0,0,0,0,0,0,0,0,0,0,0,0,0,0
1989,240,5,23,11.21,2,8,1,0,0,0,1,1,25,1012,1012,1012,1016,0,0,0,0,0,1,1,0,0,0,450.8444172,0,0,0,0,3,1,1,0.05,10,0,0,0,3,14,1,0.05,100,0,0,0,0,0,0,0,0,0,0,0,0,0,0,0,0,0,0,0,0,0,0,0,0,0,0,0,0,0,0,0,0,0,0,0,0,0,0,0,0,0,0,0,0,0,0,0,0,0,0,0
1989,240,5,23,23.45,2,8,1,0,1,0,1,1,25,1012,1012,1012,1016,0,0,0,0,0,1,1,0,0,0,450.8648369,0,0,0,0,3,1,1,0.05,10,0,0,0,3,14,1,0.05,100,0,0,0,0,0,0,0,0,0,0,0,0,0,0,0,0,0,0,0,0,0,0,0,0,0,0,0,0,0,0,0,0,0,0,0,0,0,0,0,0,0,0,0,0,0,0,0,0,0,0,0
1989,240,5,23,59.21,2,8,1,0,0,0,1,1,25,1012,1012,1012,1016,0,0,0,0,0,1,1,0,0,0,450.9244946,0,0,0,0,3,1,1,0.05,10,0,0,0,3,14,1,0.05,100,0,0,0,0,0,0,0,0,0,0,0,0,0,0,0,0,0,0,0,0,0,0,0,0,0,0,0,0,0,0,0,0,0,0,0,0,0,0,0,0,0,0,0,0,0,0,0,0,0,0,0
1989,240,5,24,11.45,2,8,1,0,1,0,1,1,25,1012,1012,1012,1016,0,0,0,0,0,1,1,0,0,0,450.9449143,0,0,0,0,3,1,1,0.05,10,0,0,0,3,14,1,0.05,100,0,0,0,0,0,0,0,0,0,0,0,0,0,0,0,0,0,0,0,0,0,0,0,0,0,0,0,0,0,0,0,0,0,0,0,0,0,0,0,0,0,0,0,0,0,0,0,0,0,0,0
1989,240,5,24,47.21,2,8,1,0,0,0,1,1,25,1012,1012,1012,1016,0,0,0,0,0,1,1,0,0,0,451.0045719,0,0,0,0,3,1,1,0.05,10,0,0,0,3,14,1,0.05,100,0,0,0,0,0,0,0,0,0,0,0,0,0,0,0,0,0,0,0,0,0,0,0,0,0,0,0,0,0,0,0,0,0,0,0,0,0,0,0,0,0,0,0,0,0,0,0,0,0,0,0
1989,240,5,24,59.449,2,8,1,0,1,0,1,1,25,1012,1012,1012,1016,0,0,0,0,0,1,1,0,0,0,451.02499,0,0,0,0,3,1,1,0.05,10,0,0,0,3,14,1,0.05,100,0,0,0,0,0,0,0,0,0,0,0,0,0,0,0,0,0,0,0,0,0,0,0,0,0,0,0,0,0,0,0,0,0,0,0,0,0,0,0,0,0,0,0,0,0,0,0,0,0,0,0
1989,240,5,25,35.21,2,8,1,0,0,0,1,1,25,1012,1012,1012,1016,0,0,0,0,0,1,1,0,0,0,451.0846492,0,0,0,0,3,1,1,0.05,10,0,0,0,3,14,1,0.05,100,0,0,0,0,0,0,0,0,0,0,0,0,0,0,0,0,0,0,0,0,0,0,0,0,0,0,0,0,0,0,0,0,0,0,0,0,0,0,0,0,0,0,0,0,0,0,0,0,0,0,0
1989,240,5,25,47.449,2,8,1,0,1,0,1,1,25,1012,1012,1012,1016,0,0,0,0,0,1,1,0,0,0,451.1050672,0,0,0,0,3,1,1,0.05,10,0,0,0,3,14,1,0.05,100,0,0,0,0,0,0,0,0,0,0,0,0,0,0,0,0,0,0,0,0,0,0,0,0,0,0,0,0,0,0,0,0,0,0,0,0,0,0,0,0,0,0,0,0,0,0,0,0,0,0,0
1989,240,5,26,23.209,2,8,1,0,0,0,1,1,25,1012,1012,1012,1016,0,0,0,0,0,1,1,0,0,0,451.1647247,0,0,0,0,3,1,1,0.05,10,0,0,0,3,14,1,0.05,100,0,0,0,0,0,0,0,0,0,0,0,0,0,0,0,0,0,0,0,0,0,0,0,0,0,0,0,0,0,0,0,0,0,0,0,0,0,0,0,0,0,0,0,0,0,0,0,0,0,0,0
1989,240,5,26,35.449,2,8,1,0,1,0,1,1,25,1012,1012,1012,1016,0,0,0,0,0,1,1,0,0,0,451.1851444,0,0,0,0,3,1,1,0.05,10,0,0,0,3,14,1,0.05,100,0,0,0,0,0,0,0,0,0,0,0,0,0,0,0,0,0,0,0,0,0,0,0,0,0,0,0,0,0,0,0,0,0,0,0,0,0,0,0,0,0,0,0,0,0,0,0,0,0,0,0
1989,240,5,27,11.209,2,8,1,0,0,0,1,1,25,1012,1012,1012,1016,0,0,0,0,0,1,1,0,0,0,451.2448018,0,0,0,0,3,1,1,0.05,10,0,0,0,3,14,1,0.05,100,0,0,0,0,0,0,0,0,0,0,0,0,0,0,0,0,0,0,0,0,0,0,0,0,0,0,0,0,0,0,0,0,0,0,0,0,0,0,0,0,0,0,0,0,0,0,0,0,0,0,0
1989,240,5,27,23.449,2,8,1,0,1,0,1,1,25,1012,1012,1012,1016,0,0,0,0,0,1,1,0,0,0,451.2652215,0,0,0,0,3,1,1,0.05,10,0,0,0,3,14,1,0.05,100,0,0,0,0,0,0,0,0,0,0,0,0,0,0,0,0,0,0,0,0,0,0,0,0,0,0,0,0,0,0,0,0,0,0,0,0,0,0,0,0,0,0,0,0,0,0,0,0,0,0,0
1989,240,5,30,2.808,2,8,1,0,1,0,1,1,25,1012,1012,1012,1016,0,0,0,0,0,1,1,0,0,0,451.5310752,0,0,0,0,3,1,1,0.05,10,0,0,0,3,14,1,0.05,100,0,0,0,0,0,0,0,0,0,0,0,0,0,0,0,0,0,0,0,0,0,0,0,0,0,0,0,0,0,0,0,0,0,0,0,0,0,0,0,0,0,0,0,0,0,0,0,0,0,0,0
1989,240,5,30,23.209,2,8,1,0,0,0,1,1,25,1012,1012,1012,1016,0,0,0,0,0,1,1,0,0,0,451.5651095,0,0,0,0,3,1,1,0.05,10,0,0,0,3,14,1,0.05,100,0,0,0,0,0,0,0,0,0,0,0,0,0,0,0,0,0,0,0,0,0,0,0,0,0,0,0,0,0,0,0,0,0,0,0,0,0,0,0,0,0,0,0,0,0,0,0,0,0,0,0
1989,240,5,30,35.449,2,8,1,0,1,0,1,1,25,1012,1012,1012,1016,0,0,0,0,0,1,1,0,0,0,451.5855291,0,0,0,0,3,1,1,0.05,10,0,0,0,3,14,1,0.05,100,0,0,0,0,0,0,0,0,0,0,0,0,0,0,0,0,0,0,0,0,0,0,0,0,0,0,0,0,0,0,0,0,0,0,0,0,0,0,0,0,0,0,0,0,0,0,0,0,0,0,0
1989,240,5,31,11.209,2,8,1,0,0,0,1,1,25,1012,1012,1012,1016,0,0,0,0,0,1,1,0,0,0,451.6451863,0,0,0,0,3,1,1,0.05,10,0,0,0,3,14,1,0.05,100,0,0,0,0,0,0,0,0,0,0,0,0,0,0,0,0,0,0,0,0,0,0,0,0,0,0,0,0,0,0,0,0,0,0,0,0,0,0,0,0,0,0,0,0,0,0,0,0,0,0,0
1989,240,5,31,23.449,2,8,1,0,1,0,1,1,25,1012,1012,1012,1016,0,0,0,0,0,1,1,0,0,0,451.6656058,0,0,0,0,3,1,1,0.05,10,0,0,0,3,14,1,0.05,100,0,0,0,0,0,0,0,0,0,0,0,0,0,0,0,0,0,0,0,0,0,0,0,0,0,0,0,0,0,0,0,0,0,0,0,0,0,0,0,0,0,0,0,0,0,0,0,0,0,0,0
1989,240,5,31,59.209,2,8,1,0,0,0,1,1,25,1012,1012,1012,1016,0,0,0,0,0,1,1,0,0,0,451.7252629,0,0,0,0,3,1,1,0.05,10,0,0,0,3,14,1,0.05,100,0,0,0,0,0,0,0,0,0,0,0,0,0,0,0,0,0,0,0,0,0,0,0,0,0,0,0,0,0,0,0,0,0,0,0,0,0,0,0,0,0,0,0,0,0,0,0,0,0,0,0
1989,240,5,32,11.449,2,8,1,0,1,0,1,1,25,1012,1012,1012,1016,0,0,0,0,0,1,1,0,0,0,451.7456825,0,0,0,0,3,1,1,0.05,10,0,0,0,3,14,1,0.05,100,0,0,0,0,0,0,0,0,0,0,0,0,0,0,0,0,0,0,0,0,0,0,0,0,0,0,0,0,0,0,0,0,0,0,0,0,0,0,0,0,0,0,0,0,0,0,0,0,0,0,0
1989,240,5,32,47.209,2,8,1,0,0,0,1,1,25,1012,1012,1012,1016,0,0,0,0,0,1,1,0,0,0,451.8053395,0,0,0,0,3,1,1,0.05,10,0,0,0,3,14,1,0.05,100,0,0,0,0,0,0,0,0,0,0,0,0,0,0,0,0,0,0,0,0,0,0,0,0,0,0,0,0,0,0,0,0,0,0,0,0,0,0,0,0,0,0,0,0,0,0,0,0,0,0,0
1989,240,5,32,59.448,2,8,1,0,1,0,1,1,25,1012,1012,1012,1016,0,0,0,0,0,1,1,0,0,0,451.8257574,0,0,0,0,3,1,1,0.05,10,0,0,0,3,14,1,0.05,100,0,0,0,0,0,0,0,0,0,0,0,0,0,0,0,0,0,0,0,0,0,0,0,0,0,0,0,0,0,0,0,0,0,0,0,0,0,0,0,0,0,0,0,0,0,0,0,0,0,0,0
1989,240,5,33,35.209,2,8,1,0,0,0,1,1,25,1012,1012,1012,1016,0,0,0,0,0,1,1,0,0,0,451.885416,0,0,0,0,3,1,1,0.05,10,0,0,0,3,14,1,0.05,100,0,0,0,0,0,0,0,0,0,0,0,0,0,0,0,0,0,0,0,0,0,0,0,0,0,0,0,0,0,0,0,0,0,0,0,0,0,0,0,0,0,0,0,0,0,0,0,0,0,0,0
1989,240,5,33,47.448,2,8,1,0,1,0,1,1,25,1012,1012,1012,1016,0,0,0,0,0,1,1,0,0,0,451.9058338,0,0,0,0,3,1,1,0.05,10,0,0,0,3,14,1,0.05,100,0,0,0,0,0,0,0,0,0,0,0,0,0,0,0,0,0,0,0,0,0,0,0,0,0,0,0,0,0,0,0,0,0,0,0,0,0,0,0,0,0,0,0,0,0,0,0,0,0,0,0
1989,240,5,34,23.209,2,8,1,0,0,0,1,1,25,1012,1012,1012,1016,0,0,0,0,0,1,1,0,0,0,451.9654924,0,0,0,0,3,1,1,0.05,10,0,0,0,3,14,1,0.05,100,0,0,0,0,0,0,0,0,0,0,0,0,0,0,0,0,0,0,0,0,0,0,0,0,0,0,0,0,0,0,0,0,0,0,0,0,0,0,0,0,0,0,0,0,0,0,0,0,0,0,0
1989,240,5,34,35.449,2,8,1,0,1,0,1,1,25,1012,1012,1012,1016,0,0,0,0,0,1,1,0,0,0,451.9859119,0,0,0,0,3,1,1,0.05,10,0,0,0,3,14,1,0.05,100,0,0,0,0,0,0,0,0,0,0,0,0,0,0,0,0,0,0,0,0,0,0,0,0,0,0,0,0,0,0,0,0,0,0,0,0,0,0,0,0,0,0,0,0,0,0,0,0,0,0,0
1989,240,5,35,11.209,2,8,1,0,0,0,1,1,25,1012,1012,1012,1016,0,0,0,0,0,1,1,0,0,0,452.0455688,0,0,0,0,3,1,1,0.05,10,0,0,0,3,14,1,0.05,100,0,0,0,0,0,0,0,0,0,0,0,0,0,0,0,0,0,0,0,0,0,0,0,0,0,0,0,0,0,0,0,0,0,0,0,0,0,0,0,0,0,0,0,0,0,0,0,0,0,0,0
1989,240,5,35,23.449,2,8,1,0,1,0,1,1,25,1012,1012,1012,1016,0,0,0,0,0,1,1,0,0,0,452.0659883,0,0,0,0,3,1,1,0.05,10,0,0,0,3,14,1,0.05,100,0,0,0,0,0,0,0,0,0,0,0,0,0,0,0,0,0,0,0,0,0,0,0,0,0,0,0,0,0,0,0,0,0,0,0,0,0,0,0,0,0,0,0,0,0,0,0,0,0,0,0
1989,240,5,35,59.209,2,8,1,0,0,0,1,1,25,1012,1012,1012,1016,0,0,0,0,0,1,1,0,0,0,452.1256451,0,0,0,0,3,1,1,0.05,10,0,0,0,3,14,1,0.05,100,0,0,0,0,0,0,0,0,0,0,0,0,0,0,0,0,0,0,0,0,0,0,0,0,0,0,0,0,0,0,0,0,0,0,0,0,0,0,0,0,0,0,0,0,0,0,0,0,0,0,0
1989,240,5,36,11.449,2,8,1,0,1,0,1,1,25,1012,1012,1012,1016,0,0,0,0,0,1,1,0,0,0,452.1460645,0,0,0,0,3,1,1,0.05,10,0,0,0,3,14,1,0.05,100,0,0,0,0,0,0,0,0,0,0,0,0,0,0,0,0,0,0,0,0,0,0,0,0,0,0,0,0,0,0,0,0,0,0,0,0,0,0,0,0,0,0,0,0,0,0,0,0,0,0,0
1989,240,5,36,47.209,2,8,1,0,0,0,1,1,25,1012,1012,1012,1016,0,0,0,0,0,1,1,0,0,0,452.2057213,0,0,0,0,3,1,1,0.05,10,0,0,0,3,14,1,0.05,100,0,0,0,0,0,0,0,0,0,0,0,0,0,0,0,0,0,0,0,0,0,0,0,0,0,0,0,0,0,0,0,0,0,0,0,0,0,0,0,0,0,0,0,0,0,0,0,0,0,0,0
1989,240,5,36,59.448,2,8,1,0,1,0,1,1,25,1012,1012,1012,1016,0,0,0,0,0,1,1,0,0,0,452.226139,0,0,0,0,3,1,1,0.05,10,0,0,0,3,14,1,0.05,100,0,0,0,0,0,0,0,0,0,0,0,0,0,0,0,0,0,0,0,0,0,0,0,0,0,0,0,0,0,0,0,0,0,0,0,0,0,0,0,0,0,0,0,0,0,0,0,0,0,0,0
1989,240,5,37,35.209,2,8,1,0,0,0,1,1,25,1012,1012,1012,1016,0,0,0,0,0,1,1,0,0,0,452.2857974,0,0,0,0,3,1,1,0.05,10,0,0,0,3,14,1,0.05,100,0,0,0,0,0,0,0,0,0,0,0,0,0,0,0,0,0,0,0,0,0,0,0,0,0,0,0,0,0,0,0,0,0,0,0,0,0,0,0,0,0,0,0,0,0,0,0,0,0,0,0
1989,240,5,37,47.448,2,8,1,0,1,0,1,1,25,1012,1012,1012,1016,0,0,0,0,0,1,1,0,0,0,452.3062151,0,0,0,0,3,1,1,0.05,10,0,0,0,3,14,1,0.05,100,0,0,0,0,0,0,0,0,0,0,0,0,0,0,0,0,0,0,0,0,0,0,0,0,0,0,0,0,0,0,0,0,0,0,0,0,0,0,0,0,0,0,0,0,0,0,0,0,0,0,0
1989,240,5,38,23.209,2,8,1,0,0,0,1,1,25,1012,1012,1012,1016,0,0,0,0,0,1,1,0,0,0,452.3658735,0,0,0,0,3,1,1,0.05,10,0,0,0,3,14,1,0.05,100,0,0,0,0,0,0,0,0,0,0,0,0,0,0,0,0,0,0,0,0,0,0,0,0,0,0,0,0,0,0,0,0,0,0,0,0,0,0,0,0,0,0,0,0,0,0,0,0,0,0,0
1989,240,5,38,35.449,2,8,1,0,1,0,1,1,25,1012,1012,1012,1016,0,0,0,0,0,1,1,0,0,0,452.3862928,0,0,0,0,3,1,1,0.05,10,0,0,0,3,14,1,0.05,100,0,0,0,0,0,0,0,0,0,0,0,0,0,0,0,0,0,0,0,0,0,0,0,0,0,0,0,0,0,0,0,0,0,0,0,0,0,0,0,0,0,0,0,0,0,0,0,0,0,0,0
1989,240,5,39,11.208,2,8,1,0,0,0,1,1,25,1012,1012,1012,1016,0,0,0,0,0,1,1,0,0,0,452.4459478,0,0,0,0,3,1,1,0.05,10,0,0,0,3,14,1,0.05,100,0,0,0,0,0,0,0,0,0,0,0,0,0,0,0,0,0,0,0,0,0,0,0,0,0,0,0,0,0,0,0,0,0,0,0,0,0,0,0,0,0,0,0,0,0,0,0,0,0,0,0
1989,240,5,39,23.448,2,8,1,0,1,0,1,1,25,1012,1012,1012,1016,0,0,0,0,0,1,1,0,0,0,452.4663671,0,0,0,0,3,1,1,0.05,10,0,0,0,3,14,1,0.05,100,0,0,0,0,0,0,0,0,0,0,0,0,0,0,0,0,0,0,0,0,0,0,0,0,0,0,0,0,0,0,0,0,0,0,0,0,0,0,0,0,0,0,0,0,0,0,0,0,0,0,0
1989,240,5,42,2.807,2,8,1,0,1,0,1,1,25,1012,1012,1012,1016,0,0,0,0,0,1,1,0,0,0,452.7322171,0,0,0,0,3,1,1,0.05,10,0,0,0,3,14,1,0.05,100,0,0,0,0,0,0,0,0,0,0,0,0,0,0,0,0,0,0,0,0,0,0,0,0,0,0,0,0,0,0,0,0,0,0,0,0,0,0,0,0,0,0,0,0,0,0,0,0,0,0,0
1989,240,5,42,23.207,2,8,1,0,0,0,1,1,25,1012,1012,1012,1016,0,0,0,0,0,1,1,0,0,0,452.7662492,0,0,0,0,3,1,1,0.05,10,0,0,0,3,14,1,0.05,100,0,0,0,0,0,0,0,0,0,0,0,0,0,0,0,0,0,0,0,0,0,0,0,0,0,0,0,0,0,0,0,0,0,0,0,0,0,0,0,0,0,0,0,0,0,0,0,0,0,0,0
1989,240,5,42,35.448,2,8,1,0,1,0,1,1,25,1012,1012,1012,1016,0,0,0,0,0,1,1,0,0,0,452.7866702,0,0,0,0,3,1,1,0.05,10,0,0,0,3,14,1,0.05,100,0,0,0,0,0,0,0,0,0,0,0,0,0,0,0,0,0,0,0,0,0,0,0,0,0,0,0,0,0,0,0,0,0,0,0,0,0,0,0,0,0,0,0,0,0,0,0,0,0,0,0
1989,240,5,43,11.208,2,8,1,0,0,0,1,1,25,1012,1012,1012,1016,0,0,0,0,0,1,1,0,0,0,452.8463265,0,0,0,0,3,1,1,0.05,10,0,0,0,3,14,1,0.05,100,0,0,0,0,0,0,0,0,0,0,0,0,0,0,0,0,0,0,0,0,0,0,0,0,0,0,0,0,0,0,0,0,0,0,0,0,0,0,0,0,0,0,0,0,0,0,0,0,0,0,0
1989,240,5,43,23.448,2,8,1,0,1,0,1,1,25,1012,1012,1012,1016,0,0,0,0,0,1,1,0,0,0,452.8667458,0,0,0,0,3,1,1,0.05,10,0,0,0,3,14,1,0.05,100,0,0,0,0,0,0,0,0,0,0,0,0,0,0,0,0,0,0,0,0,0,0,0,0,0,0,0,0,0,0,0,0,0,0,0,0,0,0,0,0,0,0,0,0,0,0,0,0,0,0,0
1989,240,5,43,59.208,2,8,1,0,0,0,1,1,25,1012,1012,1012,1016,0,0,0,0,0,1,1,0,0,0,452.926402,0,0,0,0,3,1,1,0.05,10,0,0,0,3,14,1,0.05,100,0,0,0,0,0,0,0,0,0,0,0,0,0,0,0,0,0,0,0,0,0,0,0,0,0,0,0,0,0,0,0,0,0,0,0,0,0,0,0,0,0,0,0,0,0,0,0,0,0,0,0
1989,240,5,44,11.448,2,8,1,0,1,0,1,1,25,1012,1012,1012,1016,0,0,0,0,0,1,1,0,0,0,452.9468213,0,0,0,0,3,1,1,0.05,10,0,0,0,3,14,1,0.05,100,0,0,0,0,0,0,0,0,0,0,0,0,0,0,0,0,0,0,0,0,0,0,0,0,0,0,0,0,0,0,0,0,0,0,0,0,0,0,0,0,0,0,0,0,0,0,0,0,0,0,0
1989,240,5,44,47.208,2,8,1,0,0,0,1,1,25,1012,1012,1012,1016,0,0,0,0,0,1,1,0,0,0,453.0064775,0,0,0,0,3,1,1,0.05,10,0,0,0,3,14,1,0.05,100,0,0,0,0,0,0,0,0,0,0,0,0,0,0,0,0,0,0,0,0,0,0,0,0,0,0,0,0,0,0,0,0,0,0,0,0,0,0,0,0,0,0,0,0,0,0,0,0,0,0,0
1989,240,5,44,59.448,2,8,1,0,1,0,1,1,25,1012,1012,1012,1016,0,0,0,0,0,1,1,0,0,0,453.0268967,0,0,0,0,3,1,1,0.05,10,0,0,0,3,14,1,0.05,100,0,0,0,0,0,0,0,0,0,0,0,0,0,0,0,0,0,0,0,0,0,0,0,0,0,0,0,0,0,0,0,0,0,0,0,0,0,0,0,0,0,0,0,0,0,0,0,0,0,0,0
1989,240,5,45,35.208,2,8,1,0,0,0,1,1,25,1012,1012,1012,1016,0,0,0,0,0,1,1,0,0,0,453.0865528,0,0,0,0,3,1,1,0.05,10,0,0,0,3,14,1,0.05,100,0,0,0,0,0,0,0,0,0,0,0,0,0,0,0,0,0,0,0,0,0,0,0,0,0,0,0,0,0,0,0,0,0,0,0,0,0,0,0,0,0,0,0,0,0,0,0,0,0,0,0
1989,240,5,45,47.448,2,8,1,0,1,0,1,1,25,1012,1012,1012,1016,0,0,0,0,0,1,1,0,0,0,453.106972,0,0,0,0,3,1,1,0.05,10,0,0,0,3,14,1,0.05,100,0,0,0,0,0,0,0,0,0,0,0,0,0,0,0,0,0,0,0,0,0,0,0,0,0,0,0,0,0,0,0,0,0,0,0,0,0,0,0,0,0,0,0,0,0,0,0,0,0,0,0
1989,240,5,46,23.207,2,8,1,0,0,0,1,1,25,1012,1012,1012,1016,0,0,0,0,0,1,1,0,0,0,453.1666265,0,0,0,0,3,1,1,0.05,10,0,0,0,3,14,1,0.05,100,0,0,0,0,0,0,0,0,0,0,0,0,0,0,0,0,0,0,0,0,0,0,0,0,0,0,0,0,0,0,0,0,0,0,0,0,0,0,0,0,0,0,0,0,0,0,0,0,0,0,0
1989,240,5,46,35.448,2,8,1,0,1,0,1,1,25,1012,1012,1012,1016,0,0,0,0,0,1,1,0,0,0,453.1870473,0,0,0,0,3,1,1,0.05,10,0,0,0,3,14,1,0.05,100,0,0,0,0,0,0,0,0,0,0,0,0,0,0,0,0,0,0,0,0,0,0,0,0,0,0,0,0,0,0,0,0,0,0,0,0,0,0,0,0,0,0,0,0,0,0,0,0,0,0,0
1989,240,5,47,11.208,2,8,1,0,0,0,1,1,25,1012,1012,1012,1016,0,0,0,0,0,1,1,0,0,0,453.2467034,0,0,0,0,3,1,1,0.05,10,0,0,0,3,14,1,0.05,100,0,0,0,0,0,0,0,0,0,0,0,0,0,0,0,0,0,0,0,0,0,0,0,0,0,0,0,0,0,0,0,0,0,0,0,0,0,0,0,0,0,0,0,0,0,0,0,0,0,0,0
1989,240,5,47,23.448,2,8,1,0,1,0,1,1,25,1012,1012,1012,1016,0,0,0,0,0,1,1,0,0,0,453.2671225,0,0,0,0,3,1,1,0.05,10,0,0,0,3,14,1,0.05,100,0,0,0,0,0,0,0,0,0,0,0,0,0,0,0,0,0,0,0,0,0,0,0,0,0,0,0,0,0,0,0,0,0,0,0,0,0,0,0,0,0,0,0,0,0,0,0,0,0,0,0
1989,240,5,47,59.208,2,8,1,0,0,0,1,1,25,1012,1012,1012,1016,0,0,0,0,0,1,1,0,0,0,453.3267785,0,0,0,0,3,1,1,0.05,10,0,0,0,3,14,1,0.05,100,0,0,0,0,0,0,0,0,0,0,0,0,0,0,0,0,0,0,0,0,0,0,0,0,0,0,0,0,0,0,0,0,0,0,0,0,0,0,0,0,0,0,0,0,0,0,0,0,0,0,0
1989,240,5,48,11.448,2,8,1,0,1,0,1,1,25,1012,1012,1012,1016,0,0,0,0,0,1,1,0,0,0,453.3471976,0,0,0,0,3,1,1,0.05,10,0,0,0,3,14,1,0.05,100,0,0,0,0,0,0,0,0,0,0,0,0,0,0,0,0,0,0,0,0,0,0,0,0,0,0,0,0,0,0,0,0,0,0,0,0,0,0,0,0,0,0,0,0,0,0,0,0,0,0,0
1989,240,5,48,47.208,2,8,1,0,0,0,1,1,25,1012,1012,1012,1016,0,0,0,0,0,1,1,0,0,0,453.4068536,0,0,0,0,3,1,1,0.05,10,0,0,0,3,14,1,0.05,100,0,0,0,0,0,0,0,0,0,0,0,0,0,0,0,0,0,0,0,0,0,0,0,0,0,0,0,0,0,0,0,0,0,0,0,0,0,0,0,0,0,0,0,0,0,0,0,0,0,0,0
1989,240,5,48,59.448,2,8,1,0,1,0,1,1,25,1012,1012,1012,1016,0,0,0,0,0,1,1,0,0,0,453.4272727,0,0,0,0,3,1,1,0.05,10,0,0,0,3,14,1,0.05,100,0,0,0,0,0,0,0,0,0,0,0,0,0,0,0,0,0,0,0,0,0,0,0,0,0,0,0,0,0,0,0,0,0,0,0,0,0,0,0,0,0,0,0,0,0,0,0,0,0,0,0
1989,240,5,49,35.208,2,8,1,0,0,0,1,1,25,1012,1012,1012,1016,0,0,0,0,0,1,1,0,0,0,453.4869286,0,0,0,0,3,1,1,0.05,10,0,0,0,3,14,1,0.05,100,0,0,0,0,0,0,0,0,0,0,0,0,0,0,0,0,0,0,0,0,0,0,0,0,0,0,0,0,0,0,0,0,0,0,0,0,0,0,0,0,0,0,0,0,0,0,0,0,0,0,0
1989,240,5,49,47.448,2,8,1,0,1,0,1,1,25,1012,1012,1012,1016,0,0,0,0,0,1,1,0,0,0,453.5073477,0,0,0,0,3,1,1,0.05,10,0,0,0,3,14,1,0.05,100,0,0,0,0,0,0,0,0,0,0,0,0,0,0,0,0,0,0,0,0,0,0,0,0,0,0,0,0,0,0,0,0,0,0,0,0,0,0,0,0,0,0,0,0,0,0,0,0,0,0,0
1989,240,5,50,23.207,2,8,1,0,0,0,1,1,25,1012,1012,1012,1016,0,0,0,0,0,1,1,0,0,0,453.5670018,0,0,0,0,3,1,1,0.05,10,0,0,0,3,14,1,0.05,100,0,0,0,0,0,0,0,0,0,0,0,0,0,0,0,0,0,0,0,0,0,0,0,0,0,0,0,0,0,0,0,0,0,0,0,0,0,0,0,0,0,0,0,0,0,0,0,0,0,0,0
1989,240,5,50,35.448,2,8,1,0,1,0,1,1,25,1012,1012,1012,1016,0,0,0,0,0,1,1,0,0,0,453.5874226,0,0,0,0,3,1,1,0.05,10,0,0,0,3,14,1,0.05,100,0,0,0,0,0,0,0,0,0,0,0,0,0,0,0,0,0,0,0,0,0,0,0,0,0,0,0,0,0,0,0,0,0,0,0,0,0,0,0,0,0,0,0,0,0,0,0,0,0,0,0
1989,240,5,51,11.208,2,8,1,0,0,0,1,1,25,1012,1012,1012,1016,0,0,0,0,0,1,1,0,0,0,453.6470783,0,0,0,0,3,1,1,0.05,10,0,0,0,3,14,1,0.05,100,0,0,0,0,0,0,0,0,0,0,0,0,0,0,0,0,0,0,0,0,0,0,0,0,0,0,0,0,0,0,0,0,0,0,0,0,0,0,0,0,0,0,0,0,0,0,0,0,0,0,0
1989,240,5,51,23.448,2,8,1,0,1,0,1,1,25,1012,1012,1012,1016,0,0,0,0,0,1,1,0,0,0,453.6674974,0,0,0,0,3,1,1,0.05,10,0,0,0,3,14,1,0.05,100,0,0,0,0,0,0,0,0,0,0,0,0,0,0,0,0,0,0,0,0,0,0,0,0,0,0,0,0,0,0,0,0,0,0,0,0,0,0,0,0,0,0,0,0,0,0,0,0,0,0,0
1989,240,5,54,2.806,2,8,1,0,1,0,1,1,25,1012,1012,1012,1016,0,0,0,0,0,1,1,0,0,0,453.9333419,0,0,0,0,3,1,1,0.05,10,0,0,0,3,14,1,0.05,100,0,0,0,0,0,0,0,0,0,0,0,0,0,0,0,0,0,0,0,0,0,0,0,0,0,0,0,0,0,0,0,0,0,0,0,0,0,0,0,0,0,0,0,0,0,0,0,0,0,0,0
1989,240,5,54,23.206,2,8,1,0,0,0,1,1,25,1012,1012,1012,1016,0,0,0,0,0,1,1,0,0,0,453.9673736,0,0,0,0,3,1,1,0.05,10,0,0,0,3,14,1,0.05,100,0,0,0,0,0,0,0,0,0,0,0,0,0,0,0,0,0,0,0,0,0,0,0,0,0,0,0,0,0,0,0,0,0,0,0,0,0,0,0,0,0,0,0,0,0,0,0,0,0,0,0
1989,240,5,54,35.447,2,8,1,0,1,0,1,1,25,1012,1012,1012,1016,0,0,0,0,0,1,1,0,0,0,453.9877942,0,0,0,0,3,1,1,0.05,10,0,0,0,3,14,1,0.05,100,0,0,0,0,0,0,0,0,0,0,0,0,0,0,0,0,0,0,0,0,0,0,0,0,0,0,0,0,0,0,0,0,0,0,0,0,0,0,0,0,0,0,0,0,0,0,0,0,0,0,0
1989,240,5,55,11.207,2,8,1,0,0,0,1,1,25,1012,1012,1012,1016,0,0,0,0,0,1,1,0,0,0,454.0474497,0,0,0,0,3,1,1,0.05,10,0,0,0,3,14,1,0.05,100,0,0,0,0,0,0,0,0,0,0,0,0,0,0,0,0,0,0,0,0,0,0,0,0,0,0,0,0,0,0,0,0,0,0,0,0,0,0,0,0,0,0,0,0,0,0,0,0,0,0,0
1989,240,5,55,23.447,2,8,1,0,1,0,1,1,25,1012,1012,1012,1016,0,0,0,0,0,1,1,0,0,0,454.0678687,0,0,0,0,3,1,1,0.05,10,0,0,0,3,14,1,0.05,100,0,0,0,0,0,0,0,0,0,0,0,0,0,0,0,0,0,0,0,0,0,0,0,0,0,0,0,0,0,0,0,0,0,0,0,0,0,0,0,0,0,0,0,0,0,0,0,0,0,0,0
1989,240,5,55,59.207,2,8,1,0,0,0,1,1,25,1012,1012,1012,1016,0,0,0,0,0,1,1,0,0,0,454.1275241,0,0,0,0,3,1,1,0.05,10,0,0,0,3,14,1,0.05,100,0,0,0,0,0,0,0,0,0,0,0,0,0,0,0,0,0,0,0,0,0,0,0,0,0,0,0,0,0,0,0,0,0,0,0,0,0,0,0,0,0,0,0,0,0,0,0,0,0,0,0
1989,240,5,56,11.447,2,8,1,0,1,0,1,1,25,1012,1012,1012,1016,0,0,0,0,0,1,1,0,0,0,454.1479431,0,0,0,0,3,1,1,0.05,10,0,0,0,3,14,1,0.05,100,0,0,0,0,0,0,0,0,0,0,0,0,0,0,0,0,0,0,0,0,0,0,0,0,0,0,0,0,0,0,0,0,0,0,0,0,0,0,0,0,0,0,0,0,0,0,0,0,0,0,0
1989,240,5,56,47.207,2,8,1,0,0,0,1,1,25,1012,1012,1012,1016,0,0,0,0,0,1,1,0,0,0,454.2075984,0,0,0,0,3,1,1,0.05,10,0,0,0,3,14,1,0.05,100,0,0,0,0,0,0,0,0,0,0,0,0,0,0,0,0,0,0,0,0,0,0,0,0,0,0,0,0,0,0,0,0,0,0,0,0,0,0,0,0,0,0,0,0,0,0,0,0,0,0,0
1989,240,5,56,59.447,2,8,1,0,1,0,1,1,25,1012,1012,1012,1016,0,0,0,0,0,1,1,0,0,0,454.2280174,0,0,0,0,3,1,1,0.05,10,0,0,0,3,14,1,0.05,100,0,0,0,0,0,0,0,0,0,0,0,0,0,0,0,0,0,0,0,0,0,0,0,0,0,0,0,0,0,0,0,0,0,0,0,0,0,0,0,0,0,0,0,0,0,0,0,0,0,0,0
1989,240,5,57,35.207,2,8,1,0,0,0,1,1,25,1012,1012,1012,1016,0,0,0,0,0,1,1,0,0,0,454.2876727,0,0,0,0,3,1,1,0.05,10,0,0,0,3,14,1,0.05,100,0,0,0,0,0,0,0,0,0,0,0,0,0,0,0,0,0,0,0,0,0,0,0,0,0,0,0,0,0,0,0,0,0,0,0,0,0,0,0,0,0,0,0,0,0,0,0,0,0,0,0
1989,240,5,57,47.447,2,8,1,0,1,0,1,1,25,1012,1012,1012,1016,0,0,0,0,0,1,1,0,0,0,454.3080916,0,0,0,0,3,1,1,0.05,10,0,0,0,3,14,1,0.05,100,0,0,0,0,0,0,0,0,0,0,0,0,0,0,0,0,0,0,0,0,0,0,0,0,0,0,0,0,0,0,0,0,0,0,0,0,0,0,0,0,0,0,0,0,0,0,0,0,0,0,0
1989,240,5,58,23.206,2,8,1,0,0,0,1,1,25,1012,1012,1012,1016,0,0,0,0,0,1,1,0,0,0,454.3677452,0,0,0,0,3,1,1,0.05,10,0,0,0,3,14,1,0.05,100,0,0,0,0,0,0,0,0,0,0,0,0,0,0,0,0,0,0,0,0,0,0,0,0,0,0,0,0,0,0,0,0,0,0,0,0,0,0,0,0,0,0,0,0,0,0,0,0,0,0,0
1989,240,5,58,35.447,2,8,1,0,1,0,1,1,25,1012,1012,1012,1016,0,0,0,0,0,1,1,0,0,0,454.3881657,0,0,0,0,3,1,1,0.05,10,0,0,0,3,14,1,0.05,100,0,0,0,0,0,0,0,0,0,0,0,0,0,0,0,0,0,0,0,0,0,0,0,0,0,0,0,0,0,0,0,0,0,0,0,0,0,0,0,0,0,0,0,0,0,0,0,0,0,0,0
1989,240,5,59,11.207,2,8,1,0,0,0,1,1,25,1012,1012,1012,1016,0,0,0,0,0,1,1,0,0,0,454.4478209,0,0,0,0,3,1,1,0.05,10,0,0,0,3,14,1,0.05,100,0,0,0,0,0,0,0,0,0,0,0,0,0,0,0,0,0,0,0,0,0,0,0,0,0,0,0,0,0,0,0,0,0,0,0,0,0,0,0,0,0,0,0,0,0,0,0,0,0,0,0
1989,240,5,59,23.447,2,8,1,0,1,0,1,1,25,1012,1012,1012,1016,0,0,0,0,0,1,1,0,0,0,454.4682398,0,0,0,0,3,1,1,0.05,10,0,0,0,3,14,1,0.05,100,0,0,0,0,0,0,0,0,0,0,0,0,0,0,0,0,0,0,0,0,0,0,0,0,0,0,0,0,0,0,0,0,0,0,0,0,0,0,0,0,0,0,0,0,0,0,0,0,0,0,0
1989,240,5,59,59.207,2,8,1,0,0,0,1,1,25,1012,1012,1012,1016,0,0,0,0,0,1,1,0,0,0,454.5278949,0,0,0,0,3,1,1,0.05,10,0,0,0,3,14,1,0.05,100,0,0,0,0,0,0,0,0,0,0,0,0,0,0,0,0,0,0,0,0,0,0,0,0,0,0,0,0,0,0,0,0,0,0,0,0,0,0,0,0,0,0,0,0,0,0,0,0,0,0,0
1989,240,6,0,11.447,2,8,1,0,1,0,1,1,25,1012,1012,1012,1016,0,0,0,0,0,1,1,0,0,0,454.5483138,0,0,0,0,3,1,1,0.05,10,0,0,0,3,14,1,0.05,100,0,0,0,0,0,0,0,0,0,0,0,0,0,0,0,0,0,0,0,0,0,0,0,0,0,0,0,0,0,0,0,0,0,0,0,0,0,0,0,0,0,0,0,0,0,0,0,0,0,0,0
1989,240,6,0,47.207,2,8,1,0,0,0,1,1,25,1012,1012,1012,1016,0,0,0,0,0,1,1,0,0,0,454.6079689,0,0,0,0,3,1,1,0.05,10,0,0,0,3,14,1,0.05,100,0,0,0,0,0,0,0,0,0,0,0,0,0,0,0,0,0,0,0,0,0,0,0,0,0,0,0,0,0,0,0,0,0,0,0,0,0,0,0,0,0,0,0,0,0,0,0,0,0,0,0
1989,240,6,0,59.447,2,8,1,0,1,0,1,1,25,1012,1012,1012,1016,0,0,0,0,0,1,1,0,0,0,454.6283877,0,0,0,0,3,1,1,0.05,10,0,0,0,3,14,1,0.05,100,0,0,0,0,0,0,0,0,0,0,0,0,0,0,0,0,0,0,0,0,0,0,0,0,0,0,0,0,0,0,0,0,0,0,0,0,0,0,0,0,0,0,0,0,0,0,0,0,0,0,0
1989,240,6,1,35.207,2,8,1,0,0,0,1,1,25,1012,1012,1012,1016,0,0,0,0,0,1,1,0,0,0,454.6880427,0,0,0,0,3,1,1,0.05,10,0,0,0,3,14,1,0.05,100,0,0,0,0,0,0,0,0,0,0,0,0,0,0,0,0,0,0,0,0,0,0,0,0,0,0,0,0,0,0,0,0,0,0,0,0,0,0,0,0,0,0,0,0,0,0,0,0,0,0,0
1989,240,6,1,47.447,2,8,1,0,1,0,1,1,25,1012,1012,1012,1016,0,0,0,0,0,1,1,0,0,0,454.7084615,0,0,0,0,3,1,1,0.05,10,0,0,0,3,14,1,0.05,100,0,0,0,0,0,0,0,0,0,0,0,0,0,0,0,0,0,0,0,0,0,0,0,0,0,0,0,0,0,0,0,0,0,0,0,0,0,0,0,0,0,0,0,0,0,0,0,0,0,0,0
1989,240,6,2,23.206,2,8,1,0,0,0,1,1,25,1012,1012,1012,1016,0,0,0,0,0,1,1,0,0,0,454.7681148,0,0,0,0,3,1,1,0.05,10,0,0,0,3,14,1,0.05,100,0,0,0,0,0,0,0,0,0,0,0,0,0,0,0,0,0,0,0,0,0,0,0,0,0,0,0,0,0,0,0,0,0,0,0,0,0,0,0,0,0,0,0,0,0,0,0,0,0,0,0
1989,240,6,2,35.447,2,8,1,0,1,0,1,1,25,1012,1012,1012,1016,0,0,0,0,0,1,1,0,0,0,454.7885353,0,0,0,0,3,1,1,0.05,10,0,0,0,3,14,1,0.05,100,0,0,0,0,0,0,0,0,0,0,0,0,0,0,0,0,0,0,0,0,0,0,0,0,0,0,0,0,0,0,0,0,0,0,0,0,0,0,0,0,0,0,0,0,0,0,0,0,0,0,0
1989,240,6,3,11.207,2,8,1,0,0,0,1,1,25,1012,1012,1012,1016,0,0,0,0,0,1,1,0,0,0,454.8481902,0,0,0,0,3,1,1,0.05,10,0,0,0,3,14,1,0.05,100,0,0,0,0,0,0,0,0,0,0,0,0,0,0,0,0,0,0,0,0,0,0,0,0,0,0,0,0,0,0,0,0,0,0,0,0,0,0,0,0,0,0,0,0,0,0,0,0,0,0,0
1989,240,6,3,23.447,2,8,1,0,1,0,1,1,25,1012,1012,1012,1016,0,0,0,0,0,1,1,0,0,0,454.868609,0,0,0,0,3,1,1,0.05,10,0,0,0,3,14,1,0.05,100,0,0,0,0,0,0,0,0,0,0,0,0,0,0,0,0,0,0,0,0,0,0,0,0,0,0,0,0,0,0,0,0,0,0,0,0,0,0,0,0,0,0,0,0,0,0,0,0,0,0,0
1989,240,6,6,2.805,2,8,1,0,1,0,1,1,25,1012,1012,1012,1016,0,0,0,0,0,1,1,0,0,0,455.1344498,0,0,0,0,3,1,1,0.05,10,0,0,0,3,14,1,0.05,100,0,0,0,0,0,0,0,0,0,0,0,0,0,0,0,0,0,0,0,0,0,0,0,0,0,0,0,0,0,0,0,0,0,0,0,0,0,0,0,0,0,0,0,0,0,0,0,0,0,0,0
1989,240,6,6,23.206,2,8,1,0,0,0,1,1,25,1012,1012,1012,1016,0,0,0,0,0,1,1,0,0,0,455.1684827,0,0,0,0,3,1,1,0.05,10,0,0,0,3,14,1,0.05,100,0,0,0,0,0,0,0,0,0,0,0,0,0,0,0,0,0,0,0,0,0,0,0,0,0,0,0,0,0,0,0,0,0,0,0,0,0,0,0,0,0,0,0,0,0,0,0,0,0,0,0
1989,240,6,6,35.446,2,8,1,0,1,0,1,1,25,1012,1012,1012,1016,0,0,0,0,0,1,1,0,0,0,455.1889014,0,0,0,0,3,1,1,0.05,10,0,0,0,3,14,1,0.05,100,0,0,0,0,0,0,0,0,0,0,0,0,0,0,0,0,0,0,0,0,0,0,0,0,0,0,0,0,0,0,0,0,0,0,0,0,0,0,0,0,0,0,0,0,0,0,0,0,0,0,0
1989,240,6,7,11.206,2,8,1,0,0,0,1,1,25,1012,1012,1012,1016,0,0,0,0,0,1,1,0,0,0,455.248556,0,0,0,0,3,1,1,0.05,10,0,0,0,3,14,1,0.05,100,0,0,0,0,0,0,0,0,0,0,0,0,0,0,0,0,0,0,0,0,0,0,0,0,0,0,0,0,0,0,0,0,0,0,0,0,0,0,0,0,0,0,0,0,0,0,0,0,0,0,0
1989,240,6,7,23.446,2,8,1,0,1,0,1,1,25,1012,1012,1012,1016,0,0,0,0,0,1,1,0,0,0,455.2689747,0,0,0,0,3,1,1,0.05,10,0,0,0,3,14,1,0.05,100,0,0,0,0,0,0,0,0,0,0,0,0,0,0,0,0,0,0,0,0,0,0,0,0,0,0,0,0,0,0,0,0,0,0,0,0,0,0,0,0,0,0,0,0,0,0,0,0,0,0,0
1989,240,6,7,59.206,2,8,1,0,0,0,1,1,25,1012,1012,1012,1016,0,0,0,0,0,1,1,0,0,0,455.3286293,0,0,0,0,3,1,1,0.05,10,0,0,0,3,14,1,0.05,100,0,0,0,0,0,0,0,0,0,0,0,0,0,0,0,0,0,0,0,0,0,0,0,0,0,0,0,0,0,0,0,0,0,0,0,0,0,0,0,0,0,0,0,0,0,0,0,0,0,0,0
1989,240,6,8,11.446,2,8,1,0,1,0,1,1,25,1012,1012,1012,1016,0,0,0,0,0,1,1,0,0,0,455.3490479,0,0,0,0,3,1,1,0.05,10,0,0,0,3,14,1,0.05,100,0,0,0,0,0,0,0,0,0,0,0,0,0,0,0,0,0,0,0,0,0,0,0,0,0,0,0,0,0,0,0,0,0,0,0,0,0,0,0,0,0,0,0,0,0,0,0,0,0,0,0
1989,240,6,8,47.206,2,8,1,0,0,0,1,1,25,1012,1012,1012,1016,0,0,0,0,0,1,1,0,0,0,455.4087024,0,0,0,0,3,1,1,0.05,10,0,0,0,3,14,1,0.05,100,0,0,0,0,0,0,0,0,0,0,0,0,0,0,0,0,0,0,0,0,0,0,0,0,0,0,0,0,0,0,0,0,0,0,0,0,0,0,0,0,0,0,0,0,0,0,0,0,0,0,0
1989,240,6,8,59.446,2,8,1,0,1,0,1,1,25,1012,1012,1012,1016,0,0,0,0,0,1,1,0,0,0,455.4291211,0,0,0,0,3,1,1,0.05,10,0,0,0,3,14,1,0.05,100,0,0,0,0,0,0,0,0,0,0,0,0,0,0,0,0,0,0,0,0,0,0,0,0,0,0,0,0,0,0,0,0,0,0,0,0,0,0,0,0,0,0,0,0,0,0,0,0,0,0,0
1989,240,6,9,35.206,2,8,1,0,0,0,1,1,25,1012,1012,1012,1016,0,0,0,0,0,1,1,0,0,0,455.4887756,0,0,0,0,3,1,1,0.05,10,0,0,0,3,14,1,0.05,100,0,0,0,0,0,0,0,0,0,0,0,0,0,0,0,0,0,0,0,0,0,0,0,0,0,0,0,0,0,0,0,0,0,0,0,0,0,0,0,0,0,0,0,0,0,0,0,0,0,0,0
1989,240,6,9,47.446,2,8,1,0,1,0,1,1,25,1012,1012,1012,1016,0,0,0,0,0,1,1,0,0,0,455.5091942,0,0,0,0,3,1,1,0.05,10,0,0,0,3,14,1,0.05,100,0,0,0,0,0,0,0,0,0,0,0,0,0,0,0,0,0,0,0,0,0,0,0,0,0,0,0,0,0,0,0,0,0,0,0,0,0,0,0,0,0,0,0,0,0,0,0,0,0,0,0
1989,240,6,10,23.206,2,8,1,0,0,0,1,1,25,1012,1012,1012,1016,0,0,0,0,0,1,1,0,0,0,455.5688486,0,0,0,0,3,1,1,0.05,10,0,0,0,3,14,1,0.05,100,0,0,0,0,0,0,0,0,0,0,0,0,0,0,0,0,0,0,0,0,0,0,0,0,0,0,0,0,0,0,0,0,0,0,0,0,0,0,0,0,0,0,0,0,0,0,0,0,0,0,0
1989,240,6,10,35.446,2,8,1,0,1,0,1,1,25,1012,1012,1012,1016,0,0,0,0,0,1,1,0,0,0,455.5892672,0,0,0,0,3,1,1,0.05,10,0,0,0,3,14,1,0.05,100,0,0,0,0,0,0,0,0,0,0,0,0,0,0,0,0,0,0,0,0,0,0,0,0,0,0,0,0,0,0,0,0,0,0,0,0,0,0,0,0,0,0,0,0,0,0,0,0,0,0,0
1989,240,6,11,11.206,2,8,1,0,0,0,1,1,25,1012,1012,1012,1016,0,0,0,0,0,1,1,0,0,0,455.6489216,0,0,0,0,3,1,1,0.05,10,0,0,0,3,14,1,0.05,100,0,0,0,0,0,0,0,0,0,0,0,0,0,0,0,0,0,0,0,0,0,0,0,0,0,0,0,0,0,0,0,0,0,0,0,0,0,0,0,0,0,0,0,0,0,0,0,0,0,0,0
1989,240,6,11,23.446,2,8,1,0,1,0,1,1,25,1012,1012,1012,1016,0,0,0,0,0,1,1,0,0,0,455.6693402,0,0,0,0,3,1,1,0.05,10,0,0,0,3,14,1,0.05,100,0,0,0,0,0,0,0,0,0,0,0,0,0,0,0,0,0,0,0,0,0,0,0,0,0,0,0,0,0,0,0,0,0,0,0,0,0,0,0,0,0,0,0,0,0,0,0,0,0,0,0
1989,240,6,11,59.206,2,8,1,0,0,0,1,1,25,1012,1012,1012,1016,0,0,0,0,0,1,1,0,0,0,455.7289944,0,0,0,0,3,1,1,0.05,10,0,0,0,3,14,1,0.05,100,0,0,0,0,0,0,0,0,0,0,0,0,0,0,0,0,0,0,0,0,0,0,0,0,0,0,0,0,0,0,0,0,0,0,0,0,0,0,0,0,0,0,0,0,0,0,0,0,0,0,0
1989,240,6,12,11.446,2,8,1,0,1,0,1,1,25,1012,1012,1012,1016,0,0,0,0,0,1,1,0,0,0,455.749413,0,0,0,0,3,1,1,0.05,10,0,0,0,3,14,1,0.05,100,0,0,0,0,0,0,0,0,0,0,0,0,0,0,0,0,0,0,0,0,0,0,0,0,0,0,0,0,0,0,0,0,0,0,0,0,0,0,0,0,0,0,0,0,0,0,0,0,0,0,0
1989,240,6,12,47.206,2,8,1,0,0,0,1,1,25,1012,1012,1012,1016,0,0,0,0,0,1,1,0,0,0,455.8090673,0,0,0,0,3,1,1,0.05,10,0,0,0,3,14,1,0.05,100,0,0,0,0,0,0,0,0,0,0,0,0,0,0,0,0,0,0,0,0,0,0,0,0,0,0,0,0,0,0,0,0,0,0,0,0,0,0,0,0,0,0,0,0,0,0,0,0,0,0,0
1989,240,6,12,59.446,2,8,1,0,1,0,1,1,25,1012,1012,1012,1016,0,0,0,0,0,1,1,0,0,0,455.8294858,0,0,0,0,3,1,1,0.05,10,0,0,0,3,14,1,0.05,100,0,0,0,0,0,0,0,0,0,0,0,0,0,0,0,0,0,0,0,0,0,0,0,0,0,0,0,0,0,0,0,0,0,0,0,0,0,0,0,0,0,0,0,0,0,0,0,0,0,0,0
1989,240,6,13,35.206,2,8,1,0,0,0,1,1,25,1012,1012,1012,1016,0,0,0,0,0,1,1,0,0,0,455.88914,0,0,0,0,3,1,1,0.05,10,0,0,0,3,14,1,0.05,100,0,0,0,0,0,0,0,0,0,0,0,0,0,0,0,0,0,0,0,0,0,0,0,0,0,0,0,0,0,0,0,0,0,0,0,0,0,0,0,0,0,0,0,0,0,0,0,0,0,0,0
1989,240,6,13,47.446,2,8,1,0,1,0,1,1,25,1012,1012,1012,1016,0,0,0,0,0,1,1,0,0,0,455.9095585,0,0,0,0,3,1,1,0.05,10,0,0,0,3,14,1,0.05,100,0,0,0,0,0,0,0,0,0,0,0,0,0,0,0,0,0,0,0,0,0,0,0,0,0,0,0,0,0,0,0,0,0,0,0,0,0,0,0,0,0,0,0,0,0,0,0,0,0,0,0
1989,240,6,14,23.206,2,8,1,0,0,0,1,1,25,1012,1012,1012,1016,0,0,0,0,0,1,1,0,0,0,455.9692127,0,0,0,0,3,1,1,0.05,10,0,0,0,3,14,1,0.05,100,0,0,0,0,0,0,0,0,0,0,0,0,0,0,0,0,0,0,0,0,0,0,0,0,0,0,0,0,0,0,0,0,0,0,0,0,0,0,0,0,0,0,0,0,0,0,0,0,0,0,0
1989,240,6,14,35.446,2,8,1,0,1,0,1,1,25,1012,1012,1012,1016,0,0,0,0,0,1,1,0,0,0,455.9896312,0,0,0,0,3,1,1,0.05,10,0,0,0,3,14,1,0.05,100,0,0,0,0,0,0,0,0,0,0,0,0,0,0,0,0,0,0,0,0,0,0,0,0,0,0,0,0,0,0,0,0,0,0,0,0,0,0,0,0,0,0,0,0,0,0,0,0,0,0,0
1989,240,6,15,11.206,2,8,1,0,0,0,1,1,25,1012,1012,1012,1016,0,0,0,0,0,1,1,0,0,0,456.0492853,0,0,0,0,3,1,1,0.05,10,0,0,0,3,14,1,0.05,100,0,0,0,0,0,0,0,0,0,0,0,0,0,0,0,0,0,0,0,0,0,0,0,0,0,0,0,0,0,0,0,0,0,0,0,0,0,0,0,0,0,0,0,0,0,0,0,0,0,0,0
1989,240,6,15,23.446,2,8,1,0,1,0,1,1,25,1012,1012,1012,1016,0,0,0,0,0,1,1,0,0,0,456.0697038,0,0,0,0,3,1,1,0.05,10,0,0,0,3,14,1,0.05,100,0,0,0,0,0,0,0,0,0,0,0,0,0,0,0,0,0,0,0,0,0,0,0,0,0,0,0,0,0,0,0,0,0,0,0,0,0,0,0,0,0,0,0,0,0,0,0,0,0,0,0
1989,240,6,18,2.805,2,8,1,0,1,0,1,1,25,1012,1012,1012,1016,0,0,0,0,0,1,1,0,0,0,456.3355425,0,0,0,0,3,1,1,0.05,10,0,0,0,3,14,1,0.05,100,0,0,0,0,0,0,0,0,0,0,0,0,0,0,0,0,0,0,0,0,0,0,0,0,0,0,0,0,0,0,0,0,0,0,0,0,0,0,0,0,0,0,0,0,0,0,0,0,0,0,0
1989,240,6,18,23.205,2,8,1,0,0,0,1,1,25,1012,1012,1012,1016,0,0,0,0,0,1,1,0,0,0,456.3695732,0,0,0,0,3,1,1,0.05,10,0,0,0,3,14,1,0.05,100,0,0,0,0,0,0,0,0,0,0,0,0,0,0,0,0,0,0,0,0,0,0,0,0,0,0,0,0,0,0,0,0,0,0,0,0,0,0,0,0,0,0,0,0,0,0,0,0,0,0,0
1989,240,6,18,35.445,2,8,1,0,1,0,1,1,25,1012,1012,1012,1016,0,0,0,0,0,1,1,0,0,0,456.3899916,0,0,0,0,3,1,1,0.05,10,0,0,0,3,14,1,0.05,100,0,0,0,0,0,0,0,0,0,0,0,0,0,0,0,0,0,0,0,0,0,0,0,0,0,0,0,0,0,0,0,0,0,0,0,0,0,0,0,0,0,0,0,0,0,0,0,0,0,0,0
1989,240,6,19,11.205,2,8,1,0,0,0,1,1,25,1012,1012,1012,1016,0,0,0,0,0,1,1,0,0,0,456.4496454,0,0,0,0,3,1,1,0.05,10,0,0,0,3,14,1,0.05,100,0,0,0,0,0,0,0,0,0,0,0,0,0,0,0,0,0,0,0,0,0,0,0,0,0,0,0,0,0,0,0,0,0,0,0,0,0,0,0,0,0,0,0,0,0,0,0,0,0,0,0
1989,240,6,19,23.445,2,8,1,0,1,0,1,1,25,1012,1012,1012,1016,0,0,0,0,0,1,1,0,0,0,456.4700638,0,0,0,0,3,1,1,0.05,10,0,0,0,3,14,1,0.05,100,0,0,0,0,0,0,0,0,0,0,0,0,0,0,0,0,0,0,0,0,0,0,0,0,0,0,0,0,0,0,0,0,0,0,0,0,0,0,0,0,0,0,0,0,0,0,0,0,0,0,0
1989,240,6,19,59.205,2,8,1,0,0,0,1,1,25,1012,1012,1012,1016,0,0,0,0,0,1,1,0,0,0,456.5297176,0,0,0,0,3,1,1,0.05,10,0,0,0,3,14,1,0.05,100,0,0,0,0,0,0,0,0,0,0,0,0,0,0,0,0,0,0,0,0,0,0,0,0,0,0,0,0,0,0,0,0,0,0,0,0,0,0,0,0,0,0,0,0,0,0,0,0,0,0,0
1989,240,6,20,11.445,2,8,1,0,1,0,1,1,25,1012,1012,1012,1016,0,0,0,0,0,1,1,0,0,0,456.5501359,0,0,0,0,3,1,1,0.05,10,0,0,0,3,14,1,0.05,100,0,0,0,0,0,0,0,0,0,0,0,0,0,0,0,0,0,0,0,0,0,0,0,0,0,0,0,0,0,0,0,0,0,0,0,0,0,0,0,0,0,0,0,0,0,0,0,0,0,0,0
1989,240,6,20,47.205,2,8,1,0,0,0,1,1,25,1012,1012,1012,1016,0,0,0,0,0,1,1,0,0,0,456.6097896,0,0,0,0,3,1,1,0.05,10,0,0,0,3,14,1,0.05,100,0,0,0,0,0,0,0,0,0,0,0,0,0,0,0,0,0,0,0,0,0,0,0,0,0,0,0,0,0,0,0,0,0,0,0,0,0,0,0,0,0,0,0,0,0,0,0,0,0,0,0
1989,240,6,20,59.445,2,8,1,0,1,0,1,1,25,1012,1012,1012,1016,0,0,0,0,0,1,1,0,0,0,456.630208,0,0,0,0,3,1,1,0.05,10,0,0,0,3,14,1,0.05,100,0,0,0,0,0,0,0,0,0,0,0,0,0,0,0,0,0,0,0,0,0,0,0,0,0,0,0,0,0,0,0,0,0,0,0,0,0,0,0,0,0,0,0,0,0,0,0,0,0,0,0
1989,240,6,21,35.205,2,8,1,0,0,0,1,1,25,1012,1012,1012,1016,0,0,0,0,0,1,1,0,0,0,456.6898616,0,0,0,0,3,1,1,0.05,10,0,0,0,3,14,1,0.05,100,0,0,0,0,0,0,0,0,0,0,0,0,0,0,0,0,0,0,0,0,0,0,0,0,0,0,0,0,0,0,0,0,0,0,0,0,0,0,0,0,0,0,0,0,0,0,0,0,0,0,0
1989,240,6,21,47.445,2,8,1,0,1,0,1,1,25,1012,1012,1012,1016,0,0,0,0,0,1,1,0,0,0,456.71028,0,0,0,0,3,1,1,0.05,10,0,0,0,3,14,1,0.05,100,0,0,0,0,0,0,0,0,0,0,0,0,0,0,0,0,0,0,0,0,0,0,0,0,0,0,0,0,0,0,0,0,0,0,0,0,0,0,0,0,0,0,0,0,0,0,0,0,0,0,0
1989,240,6,22,23.205,2,8,1,0,0,0,1,1,25,1012,1012,1012,1016,0,0,0,0,0,1,1,0,0,0,456.7699335,0,0,0,0,3,1,1,0.05,10,0,0,0,3,14,1,0.05,100,0,0,0,0,0,0,0,0,0,0,0,0,0,0,0,0,0,0,0,0,0,0,0,0,0,0,0,0,0,0,0,0,0,0,0,0,0,0,0,0,0,0,0,0,0,0,0,0,0,0,0
1989,240,6,22,35.445,2,8,1,0,1,0,1,1,25,1012,1012,1012,1016,0,0,0,0,0,1,1,0,0,0,456.7903519,0,0,0,0,3,1,1,0.05,10,0,0,0,3,14,1,0.05,100,0,0,0,0,0,0,0,0,0,0,0,0,0,0,0,0,0,0,0,0,0,0,0,0,0,0,0,0,0,0,0,0,0,0,0,0,0,0,0,0,0,0,0,0,0,0,0,0,0,0,0
1989,240,6,23,11.205,2,8,1,0,0,0,1,1,25,1012,1012,1012,1016,0,0,0,0,0,1,1,0,0,0,456.8500054,0,0,0,0,3,1,1,0.05,10,0,0,0,3,14,1,0.05,100,0,0,0,0,0,0,0,0,0,0,0,0,0,0,0,0,0,0,0,0,0,0,0,0,0,0,0,0,0,0,0,0,0,0,0,0,0,0,0,0,0,0,0,0,0,0,0,0,0,0,0
1989,240,6,23,23.445,2,8,1,0,1,0,1,1,25,1012,1012,1012,1016,0,0,0,0,0,1,1,0,0,0,456.8704237,0,0,0,0,3,1,1,0.05,10,0,0,0,3,14,1,0.05,100,0,0,0,0,0,0,0,0,0,0,0,0,0,0,0,0,0,0,0,0,0,0,0,0,0,0,0,0,0,0,0,0,0,0,0,0,0,0,0,0,0,0,0,0,0,0,0,0,0,0,0
1989,240,6,23,59.205,2,8,1,0,0,0,1,1,25,1012,1012,1012,1016,0,0,0,0,0,1,1,0,0,0,456.9300772,0,0,0,0,3,1,1,0.05,10,0,0,0,3,14,1,0.05,100,0,0,0,0,0,0,0,0,0,0,0,0,0,0,0,0,0,0,0,0,0,0,0,0,0,0,0,0,0,0,0,0,0,0,0,0,0,0,0,0,0,0,0,0,0,0,0,0,0,0,0
1989,240,6,24,11.445,2,8,1,0,1,0,1,1,25,1012,1012,1012,1016,0,0,0,0,0,1,1,0,0,0,456.9504955,0,0,0,0,3,1,1,0.05,10,0,0,0,3,14,1,0.05,100,0,0,0,0,0,0,0,0,0,0,0,0,0,0,0,0,0,0,0,0,0,0,0,0,0,0,0,0,0,0,0,0,0,0,0,0,0,0,0,0,0,0,0,0,0,0,0,0,0,0,0
1989,240,6,24,47.205,2,8,1,0,0,0,1,1,25,1012,1012,1012,1016,0,0,0,0,0,1,1,0,0,0,457.0101489,0,0,0,0,3,1,1,0.05,10,0,0,0,3,14,1,0.05,100,0,0,0,0,0,0,0,0,0,0,0,0,0,0,0,0,0,0,0,0,0,0,0,0,0,0,0,0,0,0,0,0,0,0,0,0,0,0,0,0,0,0,0,0,0,0,0,0,0,0,0
1989,240,6,24,59.445,2,8,1,0,1,0,1,1,25,1012,1012,1012,1016,0,0,0,0,0,1,1,0,0,0,457.0305671,0,0,0,0,3,1,1,0.05,10,0,0,0,3,14,1,0.05,100,0,0,0,0,0,0,0,0,0,0,0,0,0,0,0,0,0,0,0,0,0,0,0,0,0,0,0,0,0,0,0,0,0,0,0,0,0,0,0,0,0,0,0,0,0,0,0,0,0,0,0
1989,240,6,25,35.205,2,8,1,0,0,0,1,1,25,1012,1012,1012,1016,0,0,0,0,0,1,1,0,0,0,457.0902205,0,0,0,0,3,1,1,0.05,10,0,0,0,3,14,1,0.05,100,0,0,0,0,0,0,0,0,0,0,0,0,0,0,0,0,0,0,0,0,0,0,0,0,0,0,0,0,0,0,0,0,0,0,0,0,0,0,0,0,0,0,0,0,0,0,0,0,0,0,0
1989,240,6,25,47.445,2,8,1,0,1,0,1,1,25,1012,1012,1012,1016,0,0,0,0,0,1,1,0,0,0,457.1106387,0,0,0,0,3,1,1,0.05,10,0,0,0,3,14,1,0.05,100,0,0,0,0,0,0,0,0,0,0,0,0,0,0,0,0,0,0,0,0,0,0,0,0,0,0,0,0,0,0,0,0,0,0,0,0,0,0,0,0,0,0,0,0,0,0,0,0,0,0,0
1989,240,6,26,23.205,2,8,1,0,0,0,1,1,25,1012,1012,1012,1016,0,0,0,0,0,1,1,0,0,0,457.170292,0,0,0,0,3,1,1,0.05,10,0,0,0,3,14,1,0.05,100,0,0,0,0,0,0,0,0,0,0,0,0,0,0,0,0,0,0,0,0,0,0,0,0,0,0,0,0,0,0,0,0,0,0,0,0,0,0,0,0,0,0,0,0,0,0,0,0,0,0,0
1989,240,6,26,35.445,2,8,1,0,1,0,1,1,25,1012,1012,1012,1016,0,0,0,0,0,1,1,0,0,0,457.1907103,0,0,0,0,3,1,1,0.05,10,0,0,0,3,14,1,0.05,100,0,0,0,0,0,0,0,0,0,0,0,0,0,0,0,0,0,0,0,0,0,0,0,0,0,0,0,0,0,0,0,0,0,0,0,0,0,0,0,0,0,0,0,0,0,0,0,0,0,0,0
1989,240,6,27,11.205,2,8,1,0,0,0,1,1,25,1012,1012,1012,1016,0,0,0,0,0,1,1,0,0,0,457.2503635,0,0,0,0,3,1,1,0.05,10,0,0,0,3,14,1,0.05,100,0,0,0,0,0,0,0,0,0,0,0,0,0,0,0,0,0,0,0,0,0,0,0,0,0,0,0,0,0,0,0,0,0,0,0,0,0,0,0,0,0,0,0,0,0,0,0,0,0,0,0
1989,240,6,27,23.445,2,8,1,0,1,0,1,1,25,1012,1012,1012,1016,0,0,0,0,0,1,1,0,0,0,457.2707817,0,0,0,0,3,1,1,0.05,10,0,0,0,3,14,1,0.05,100,0,0,0,0,0,0,0,0,0,0,0,0,0,0,0,0,0,0,0,0,0,0,0,0,0,0,0,0,0,0,0,0,0,0,0,0,0,0,0,0,0,0,0,0,0,0,0,0,0,0,0
1989,240,6,30,2.805,2,8,1,0,1,0,1,1,25,1012,1012,1012,1016,0,0,0,0,0,1,1,0,0,0,457.5366184,0,0,0,0,3,1,1,0.05,10,0,0,0,3,14,1,0.05,100,0,0,0,0,0,0,0,0,0,0,0,0,0,0,0,0,0,0,0,0,0,0,0,0,0,0,0,0,0,0,0,0,0,0,0,0,0,0,0,0,0,0,0,0,0,0,0,0,0,0,0
1989,240,6,30,23.205,2,8,1,0,0,0,1,1,25,1012,1012,1012,1016,0,0,0,0,0,1,1,0,0,0,457.5706487,0,0,0,0,3,1,1,0.05,10,0,0,0,3,14,1,0.05,100,0,0,0,0,0,0,0,0,0,0,0,0,0,0,0,0,0,0,0,0,0,0,0,0,0,0,0,0,0,0,0,0,0,0,0,0,0,0,0,0,0,0,0,0,0,0,0,0,0,0,0
1989,240,6,30,35.445,2,8,1,0,1,0,1,1,25,1012,1012,1012,1016,0,0,0,0,0,1,1,0,0,0,457.5910668,0,0,0,0,3,1,1,0.05,10,0,0,0,3,14,1,0.05,100,0,0,0,0,0,0,0,0,0,0,0,0,0,0,0,0,0,0,0,0,0,0,0,0,0,0,0,0,0,0,0,0,0,0,0,0,0,0,0,0,0,0,0,0,0,0,0,0,0,0,0
1989,240,6,31,11.204,2,8,1,0,0,0,1,1,25,1012,1012,1012,1016,0,0,0,0,0,1,1,0,0,0,457.6507181,0,0,0,0,3,1,1,0.05,10,0,0,0,3,14,1,0.05,100,0,0,0,0,0,0,0,0,0,0,0,0,0,0,0,0,0,0,0,0,0,0,0,0,0,0,0,0,0,0,0,0,0,0,0,0,0,0,0,0,0,0,0,0,0,0,0,0,0,0,0
1989,240,6,31,23.444,2,8,1,0,1,0,1,1,25,1012,1012,1012,1016,0,0,0,0,0,1,1,0,0,0,457.6711362,0,0,0,0,3,1,1,0.05,10,0,0,0,3,14,1,0.05,100,0,0,0,0,0,0,0,0,0,0,0,0,0,0,0,0,0,0,0,0,0,0,0,0,0,0,0,0,0,0,0,0,0,0,0,0,0,0,0,0,0,0,0,0,0,0,0,0,0,0,0
1989,240,6,31,59.204,2,8,1,0,0,0,1,1,25,1012,1012,1012,1016,0,0,0,0,0,1,1,0,0,0,457.7307891,0,0,0,0,3,1,1,0.05,10,0,0,0,3,14,1,0.05,100,0,0,0,0,0,0,0,0,0,0,0,0,0,0,0,0,0,0,0,0,0,0,0,0,0,0,0,0,0,0,0,0,0,0,0,0,0,0,0,0,0,0,0,0,0,0,0,0,0,0,0
1989,240,6,32,11.444,2,8,1,0,1,0,1,1,25,1012,1012,1012,1016,0,0,0,0,0,1,1,0,0,0,457.7512072,0,0,0,0,3,1,1,0.05,10,0,0,0,3,14,1,0.05,100,0,0,0,0,0,0,0,0,0,0,0,0,0,0,0,0,0,0,0,0,0,0,0,0,0,0,0,0,0,0,0,0,0,0,0,0,0,0,0,0,0,0,0,0,0,0,0,0,0,0,0
1989,240,6,32,47.204,2,8,1,0,0,0,1,1,25,1012,1012,1012,1016,0,0,0,0,0,1,1,0,0,0,457.8108601,0,0,0,0,3,1,1,0.05,10,0,0,0,3,14,1,0.05,100,0,0,0,0,0,0,0,0,0,0,0,0,0,0,0,0,0,0,0,0,0,0,0,0,0,0,0,0,0,0,0,0,0,0,0,0,0,0,0,0,0,0,0,0,0,0,0,0,0,0,0
1989,240,6,32,59.444,2,8,1,0,1,0,1,1,25,1012,1012,1012,1016,0,0,0,0,0,1,1,0,0,0,457.8312782,0,0,0,0,3,1,1,0.05,10,0,0,0,3,14,1,0.05,100,0,0,0,0,0,0,0,0,0,0,0,0,0,0,0,0,0,0,0,0,0,0,0,0,0,0,0,0,0,0,0,0,0,0,0,0,0,0,0,0,0,0,0,0,0,0,0,0,0,0,0
1989,240,6,33,35.204,2,8,1,0,0,0,1,1,25,1012,1012,1012,1016,0,0,0,0,0,1,1,0,0,0,457.890931,0,0,0,0,3,1,1,0.05,10,0,0,0,3,14,1,0.05,100,0,0,0,0,0,0,0,0,0,0,0,0,0,0,0,0,0,0,0,0,0,0,0,0,0,0,0,0,0,0,0,0,0,0,0,0,0,0,0,0,0,0,0,0,0,0,0,0,0,0,0
1989,240,6,33,47.444,2,8,1,0,1,0,1,1,25,1012,1012,1012,1016,0,0,0,0,0,1,1,0,0,0,457.911349,0,0,0,0,3,1,1,0.05,10,0,0,0,3,14,1,0.05,100,0,0,0,0,0,0,0,0,0,0,0,0,0,0,0,0,0,0,0,0,0,0,0,0,0,0,0,0,0,0,0,0,0,0,0,0,0,0,0,0,0,0,0,0,0,0,0,0,0,0,0
1989,240,6,34,23.203,2,8,1,0,0,0,1,1,25,1012,1012,1012,1016,0,0,0,0,0,1,1,0,0,0,457.9710001,0,0,0,0,3,1,1,0.05,10,0,0,0,3,14,1,0.05,100,0,0,0,0,0,0,0,0,0,0,0,0,0,0,0,0,0,0,0,0,0,0,0,0,0,0,0,0,0,0,0,0,0,0,0,0,0,0,0,0,0,0,0,0,0,0,0,0,0,0,0
1989,240,6,34,35.444,2,8,1,0,1,0,1,1,25,1012,1012,1012,1016,0,0,0,0,0,1,1,0,0,0,457.9914198,0,0,0,0,3,1,1,0.05,10,0,0,0,3,14,1,0.05,100,0,0,0,0,0,0,0,0,0,0,0,0,0,0,0,0,0,0,0,0,0,0,0,0,0,0,0,0,0,0,0,0,0,0,0,0,0,0,0,0,0,0,0,0,0,0,0,0,0,0,0
1989,240,6,35,11.204,2,8,1,0,0,0,1,1,25,1012,1012,1012,1016,0,0,0,0,0,1,1,0,0,0,458.0510725,0,0,0,0,3,1,1,0.05,10,0,0,0,3,14,1,0.05,100,0,0,0,0,0,0,0,0,0,0,0,0,0,0,0,0,0,0,0,0,0,0,0,0,0,0,0,0,0,0,0,0,0,0,0,0,0,0,0,0,0,0,0,0,0,0,0,0,0,0,0
1989,240,6,35,23.444,2,8,1,0,1,0,1,1,25,1012,1012,1012,1016,0,0,0,0,0,1,1,0,0,0,458.0714905,0,0,0,0,3,1,1,0.05,10,0,0,0,3,14,1,0.05,100,0,0,0,0,0,0,0,0,0,0,0,0,0,0,0,0,0,0,0,0,0,0,0,0,0,0,0,0,0,0,0,0,0,0,0,0,0,0,0,0,0,0,0,0,0,0,0,0,0,0,0
1989,240,6,35,59.204,2,8,1,0,0,0,1,1,25,1012,1012,1012,1016,0,0,0,0,0,1,1,0,0,0,458.1311432,0,0,0,0,3,1,1,0.05,10,0,0,0,3,14,1,0.05,100,0,0,0,0,0,0,0,0,0,0,0,0,0,0,0,0,0,0,0,0,0,0,0,0,0,0,0,0,0,0,0,0,0,0,0,0,0,0,0,0,0,0,0,0,0,0,0,0,0,0,0
1989,240,6,36,11.444,2,8,1,0,1,0,1,1,25,1012,1012,1012,1016,0,0,0,0,0,1,1,0,0,0,458.1515612,0,0,0,0,3,1,1,0.05,10,0,0,0,3,14,1,0.05,100,0,0,0,0,0,0,0,0,0,0,0,0,0,0,0,0,0,0,0,0,0,0,0,0,0,0,0,0,0,0,0,0,0,0,0,0,0,0,0,0,0,0,0,0,0,0,0,0,0,0,0
1989,240,6,36,47.204,2,8,1,0,0,0,1,1,25,1012,1012,1012,1016,0,0,0,0,0,1,1,0,0,0,458.2112137,0,0,0,0,3,1,1,0.05,10,0,0,0,3,14,1,0.05,100,0,0,0,0,0,0,0,0,0,0,0,0,0,0,0,0,0,0,0,0,0,0,0,0,0,0,0,0,0,0,0,0,0,0,0,0,0,0,0,0,0,0,0,0,0,0,0,0,0,0,0
1989,240,6,36,59.444,2,8,1,0,1,0,1,1,25,1012,1012,1012,1016,0,0,0,0,0,1,1,0,0,0,458.2316317,0,0,0,0,3,1,1,0.05,10,0,0,0,3,14,1,0.05,100,0,0,0,0,0,0,0,0,0,0,0,0,0,0,0,0,0,0,0,0,0,0,0,0,0,0,0,0,0,0,0,0,0,0,0,0,0,0,0,0,0,0,0,0,0,0,0,0,0,0,0
1989,240,6,37,35.204,2,8,1,0,0,0,1,1,25,1012,1012,1012,1016,0,0,0,0,0,1,1,0,0,0,458.2912843,0,0,0,0,3,1,1,0.05,10,0,0,0,3,14,1,0.05,100,0,0,0,0,0,0,0,0,0,0,0,0,0,0,0,0,0,0,0,0,0,0,0,0,0,0,0,0,0,0,0,0,0,0,0,0,0,0,0,0,0,0,0,0,0,0,0,0,0,0,0
1989,240,6,37,47.444,2,8,1,0,1,0,1,1,25,1012,1012,1012,1016,0,0,0,0,0,1,1,0,0,0,458.3117022,0,0,0,0,3,1,1,0.05,10,0,0,0,3,14,1,0.05,100,0,0,0,0,0,0,0,0,0,0,0,0,0,0,0,0,0,0,0,0,0,0,0,0,0,0,0,0,0,0,0,0,0,0,0,0,0,0,0,0,0,0,0,0,0,0,0,0,0,0,0
1989,240,6,38,23.203,2,8,1,0,0,0,1,1,25,1012,1012,1012,1016,0,0,0,0,0,1,1,0,0,0,458.371353,0,0,0,0,3,1,1,0.05,10,0,0,0,3,14,1,0.05,100,0,0,0,0,0,0,0,0,0,0,0,0,0,0,0,0,0,0,0,0,0,0,0,0,0,0,0,0,0,0,0,0,0,0,0,0,0,0,0,0,0,0,0,0,0,0,0,0,0,0,0
1989,240,6,38,35.444,2,8,1,0,1,0,1,1,25,1012,1012,1012,1016,0,0,0,0,0,1,1,0,0,0,458.3917726,0,0,0,0,3,1,1,0.05,10,0,0,0,3,14,1,0.05,100,0,0,0,0,0,0,0,0,0,0,0,0,0,0,0,0,0,0,0,0,0,0,0,0,0,0,0,0,0,0,0,0,0,0,0,0,0,0,0,0,0,0,0,0,0,0,0,0,0,0,0
1989,240,6,39,11.204,2,8,1,0,0,0,1,1,25,1012,1012,1012,1016,0,0,0,0,0,1,1,0,0,0,458.4514251,0,0,0,0,3,1,1,0.05,10,0,0,0,3,14,1,0.05,100,0,0,0,0,0,0,0,0,0,0,0,0,0,0,0,0,0,0,0,0,0,0,0,0,0,0,0,0,0,0,0,0,0,0,0,0,0,0,0,0,0,0,0,0,0,0,0,0,0,0,0
1989,240,6,39,23.444,2,8,1,0,1,0,1,1,25,1012,1012,1012,1016,0,0,0,0,0,1,1,0,0,0,458.471843,0,0,0,0,3,1,1,0.05,10,0,0,0,3,14,1,0.05,100,0,0,0,0,0,0,0,0,0,0,0,0,0,0,0,0,0,0,0,0,0,0,0,0,0,0,0,0,0,0,0,0,0,0,0,0,0,0,0,0,0,0,0,0,0,0,0,0,0,0,0
1989,240,6,42,2.803,2,8,1,0,1,0,1,1,25,1012,1012,1012,1016,0,0,0,0,0,1,1,0,0,0,458.7376743,0,0,0,0,3,1,1,0.05,10,0,0,0,3,14,1,0.05,100,0,0,0,0,0,0,0,0,0,0,0,0,0,0,0,0,0,0,0,0,0,0,0,0,0,0,0,0,0,0,0,0,0,0,0,0,0,0,0,0,0,0,0,0,0,0,0,0,0,0,0
1989,240,6,42,23.203,2,8,1,0,0,0,1,1,25,1012,1012,1012,1016,0,0,0,0,0,1,1,0,0,0,458.7717041,0,0,0,0,3,1,1,0.05,10,0,0,0,3,14,1,0.05,100,0,0,0,0,0,0,0,0,0,0,0,0,0,0,0,0,0,0,0,0,0,0,0,0,0,0,0,0,0,0,0,0,0,0,0,0,0,0,0,0,0,0,0,0,0,0,0,0,0,0,0
1989,240,6,42,35.444,2,8,1,0,1,0,1,1,25,1012,1012,1012,1016,0,0,0,0,0,1,1,0,0,0,458.7921236,0,0,0,0,3,1,1,0.05,10,0,0,0,3,14,1,0.05,100,0,0,0,0,0,0,0,0,0,0,0,0,0,0,0,0,0,0,0,0,0,0,0,0,0,0,0,0,0,0,0,0,0,0,0,0,0,0,0,0,0,0,0,0,0,0,0,0,0,0,0
1989,240,6,43,11.204,2,8,1,0,0,0,1,1,25,1012,1012,1012,1016,0,0,0,0,0,1,1,0,0,0,458.8517758,0,0,0,0,3,1,1,0.05,10,0,0,0,3,14,1,0.05,100,0,0,0,0,0,0,0,0,0,0,0,0,0,0,0,0,0,0,0,0,0,0,0,0,0,0,0,0,0,0,0,0,0,0,0,0,0,0,0,0,0,0,0,0,0,0,0,0,0,0,0
1989,240,6,43,23.444,2,8,1,0,1,0,1,1,25,1012,1012,1012,1016,0,0,0,0,0,1,1,0,0,0,458.8721936,0,0,0,0,3,1,1,0.05,10,0,0,0,3,14,1,0.05,100,0,0,0,0,0,0,0,0,0,0,0,0,0,0,0,0,0,0,0,0,0,0,0,0,0,0,0,0,0,0,0,0,0,0,0,0,0,0,0,0,0,0,0,0,0,0,0,0,0,0,0
1989,240,6,43,59.203,2,8,1,0,0,0,1,1,25,1012,1012,1012,1016,0,0,0,0,0,1,1,0,0,0,458.931844,0,0,0,0,3,1,1,0.05,10,0,0,0,3,14,1,0.05,100,0,0,0,0,0,0,0,0,0,0,0,0,0,0,0,0,0,0,0,0,0,0,0,0,0,0,0,0,0,0,0,0,0,0,0,0,0,0,0,0,0,0,0,0,0,0,0,0,0,0,0
1989,240,6,44,11.443,2,8,1,0,1,0,1,1,25,1012,1012,1012,1016,0,0,0,0,0,1,1,0,0,0,458.9522618,0,0,0,0,3,1,1,0.05,10,0,0,0,3,14,1,0.05,100,0,0,0,0,0,0,0,0,0,0,0,0,0,0,0,0,0,0,0,0,0,0,0,0,0,0,0,0,0,0,0,0,0,0,0,0,0,0,0,0,0,0,0,0,0,0,0,0,0,0,0
1989,240,6,44,47.203,2,8,1,0,0,0,1,1,25,1012,1012,1012,1016,0,0,0,0,0,1,1,0,0,0,459.0119139,0,0,0,0,3,1,1,0.05,10,0,0,0,3,14,1,0.05,100,0,0,0,0,0,0,0,0,0,0,0,0,0,0,0,0,0,0,0,0,0,0,0,0,0,0,0,0,0,0,0,0,0,0,0,0,0,0,0,0,0,0,0,0,0,0,0,0,0,0,0
1989,240,6,44,59.442,2,8,1,0,1,0,1,1,25,1012,1012,1012,1016,0,0,0,0,0,1,1,0,0,0,459.03233,0,0,0,0,3,1,1,0.05,10,0,0,0,3,14,1,0.05,100,0,0,0,0,0,0,0,0,0,0,0,0,0,0,0,0,0,0,0,0,0,0,0,0,0,0,0,0,0,0,0,0,0,0,0,0,0,0,0,0,0,0,0,0,0,0,0,0,0,0,0
1989,240,6,45,35.203,2,8,1,0,0,0,1,1,25,1012,1012,1012,1016,0,0,0,0,0,1,1,0,0,0,459.0919836,0,0,0,0,3,1,1,0.05,10,0,0,0,3,14,1,0.05,100,0,0,0,0,0,0,0,0,0,0,0,0,0,0,0,0,0,0,0,0,0,0,0,0,0,0,0,0,0,0,0,0,0,0,0,0,0,0,0,0,0,0,0,0,0,0,0,0,0,0,0
1989,240,6,45,47.442,2,8,1,0,1,0,1,1,25,1012,1012,1012,1016,0,0,0,0,0,1,1,0,0,0,459.1123998,0,0,0,0,3,1,1,0.05,10,0,0,0,3,14,1,0.05,100,0,0,0,0,0,0,0,0,0,0,0,0,0,0,0,0,0,0,0,0,0,0,0,0,0,0,0,0,0,0,0,0,0,0,0,0,0,0,0,0,0,0,0,0,0,0,0,0,0,0,0
1989,240,6,46,23.203,2,8,1,0,0,0,1,1,25,1012,1012,1012,1016,0,0,0,0,0,1,1,0,0,0,459.1720533,0,0,0,0,3,1,1,0.05,10,0,0,0,3,14,1,0.05,100,0,0,0,0,0,0,0,0,0,0,0,0,0,0,0,0,0,0,0,0,0,0,0,0,0,0,0,0,0,0,0,0,0,0,0,0,0,0,0,0,0,0,0,0,0,0,0,0,0,0,0
1989,240,6,46,35.443,2,8,1,0,1,0,1,1,25,1012,1012,1012,1016,0,0,0,0,0,1,1,0,0,0,459.1924711,0,0,0,0,3,1,1,0.05,10,0,0,0,3,14,1,0.05,100,0,0,0,0,0,0,0,0,0,0,0,0,0,0,0,0,0,0,0,0,0,0,0,0,0,0,0,0,0,0,0,0,0,0,0,0,0,0,0,0,0,0,0,0,0,0,0,0,0,0,0
1989,240,6,47,11.203,2,8,1,0,0,0,1,1,25,1012,1012,1012,1016,0,0,0,0,0,1,1,0,0,0,459.252123,0,0,0,0,3,1,1,0.05,10,0,0,0,3,14,1,0.05,100,0,0,0,0,0,0,0,0,0,0,0,0,0,0,0,0,0,0,0,0,0,0,0,0,0,0,0,0,0,0,0,0,0,0,0,0,0,0,0,0,0,0,0,0,0,0,0,0,0,0,0
1989,240,6,47,23.443,2,8,1,0,1,0,1,1,25,1012,1012,1012,1016,0,0,0,0,0,1,1,0,0,0,459.2725407,0,0,0,0,3,1,1,0.05,10,0,0,0,3,14,1,0.05,100,0,0,0,0,0,0,0,0,0,0,0,0,0,0,0,0,0,0,0,0,0,0,0,0,0,0,0,0,0,0,0,0,0,0,0,0,0,0,0,0,0,0,0,0,0,0,0,0,0,0,0
1989,240,6,47,59.203,2,8,1,0,0,0,1,1,25,1012,1012,1012,1016,0,0,0,0,0,1,1,0,0,0,459.3321925,0,0,0,0,3,1,1,0.05,10,0,0,0,3,14,1,0.05,100,0,0,0,0,0,0,0,0,0,0,0,0,0,0,0,0,0,0,0,0,0,0,0,0,0,0,0,0,0,0,0,0,0,0,0,0,0,0,0,0,0,0,0,0,0,0,0,0,0,0,0
1989,240,6,48,11.443,2,8,1,0,1,0,1,1,25,1012,1012,1012,1016,0,0,0,0,0,1,1,0,0,0,459.3526102,0,0,0,0,3,1,1,0.05,10,0,0,0,3,14,1,0.05,100,0,0,0,0,0,0,0,0,0,0,0,0,0,0,0,0,0,0,0,0,0,0,0,0,0,0,0,0,0,0,0,0,0,0,0,0,0,0,0,0,0,0,0,0,0,0,0,0,0,0,0
1989,240,6,48,47.203,2,8,1,0,0,0,1,1,25,1012,1012,1012,1016,0,0,0,0,0,1,1,0,0,0,459.412262,0,0,0,0,3,1,1,0.05,10,0,0,0,3,14,1,0.05,100,0,0,0,0,0,0,0,0,0,0,0,0,0,0,0,0,0,0,0,0,0,0,0,0,0,0,0,0,0,0,0,0,0,0,0,0,0,0,0,0,0,0,0,0,0,0,0,0,0,0,0
1989,240,6,48,59.442,2,8,1,0,1,0,1,1,25,1012,1012,1012,1016,0,0,0,0,0,1,1,0,0,0,459.432678,0,0,0,0,3,1,1,0.05,10,0,0,0,3,14,1,0.05,100,0,0,0,0,0,0,0,0,0,0,0,0,0,0,0,0,0,0,0,0,0,0,0,0,0,0,0,0,0,0,0,0,0,0,0,0,0,0,0,0,0,0,0,0,0,0,0,0,0,0,0
1989,240,6,49,35.203,2,8,1,0,0,0,1,1,25,1012,1012,1012,1016,0,0,0,0,0,1,1,0,0,0,459.4923314,0,0,0,0,3,1,1,0.05,10,0,0,0,3,14,1,0.05,100,0,0,0,0,0,0,0,0,0,0,0,0,0,0,0,0,0,0,0,0,0,0,0,0,0,0,0,0,0,0,0,0,0,0,0,0,0,0,0,0,0,0,0,0,0,0,0,0,0,0,0
1989,240,6,49,47.442,2,8,1,0,1,0,1,1,25,1012,1012,1012,1016,0,0,0,0,0,1,1,0,0,0,459.5127474,0,0,0,0,3,1,1,0.05,10,0,0,0,3,14,1,0.05,100,0,0,0,0,0,0,0,0,0,0,0,0,0,0,0,0,0,0,0,0,0,0,0,0,0,0,0,0,0,0,0,0,0,0,0,0,0,0,0,0,0,0,0,0,0,0,0,0,0,0,0
1989,240,6,50,23.203,2,8,1,0,0,0,1,1,25,1012,1012,1012,1016,0,0,0,0,0,1,1,0,0,0,459.5724007,0,0,0,0,3,1,1,0.05,10,0,0,0,3,14,1,0.05,100,0,0,0,0,0,0,0,0,0,0,0,0,0,0,0,0,0,0,0,0,0,0,0,0,0,0,0,0,0,0,0,0,0,0,0,0,0,0,0,0,0,0,0,0,0,0,0,0,0,0,0
1989,240,6,50,35.443,2,8,1,0,1,0,1,1,25,1012,1012,1012,1016,0,0,0,0,0,1,1,0,0,0,459.5928184,0,0,0,0,3,1,1,0.05,10,0,0,0,3,14,1,0.05,100,0,0,0,0,0,0,0,0,0,0,0,0,0,0,0,0,0,0,0,0,0,0,0,0,0,0,0,0,0,0,0,0,0,0,0,0,0,0,0,0,0,0,0,0,0,0,0,0,0,0,0
1989,240,6,51,11.203,2,8,1,0,0,0,1,1,25,1012,1012,1012,1016,0,0,0,0,0,1,1,0,0,0,459.65247,0,0,0,0,3,1,1,0.05,10,0,0,0,3,14,1,0.05,100,0,0,0,0,0,0,0,0,0,0,0,0,0,0,0,0,0,0,0,0,0,0,0,0,0,0,0,0,0,0,0,0,0,0,0,0,0,0,0,0,0,0,0,0,0,0,0,0,0,0,0
1989,240,6,51,23.443,2,8,1,0,1,0,1,1,25,1012,1012,1012,1016,0,0,0,0,0,1,1,0,0,0,459.6728876,0,0,0,0,3,1,1,0.05,10,0,0,0,3,14,1,0.05,100,0,0,0,0,0,0,0,0,0,0,0,0,0,0,0,0,0,0,0,0,0,0,0,0,0,0,0,0,0,0,0,0,0,0,0,0,0,0,0,0,0,0,0,0,0,0,0,0,0,0,0
1989,240,6,54,2.802,2,8,1,0,1,0,1,1,25,1012,1012,1012,1016,0,0,0,0,0,1,1,0,0,0,459.9387153,0,0,0,0,3,1,1,0.05,10,0,0,0,3,14,1,0.05,100,0,0,0,0,0,0,0,0,0,0,0,0,0,0,0,0,0,0,0,0,0,0,0,0,0,0,0,0,0,0,0,0,0,0,0,0,0,0,0,0,0,0,0,0,0,0,0,0,0,0,0
1989,240,6,54,23.203,2,8,1,0,0,0,1,1,25,1012,1012,1012,1016,0,0,0,0,0,1,1,0,0,0,459.9727463,0,0,0,0,3,1,1,0.05,10,0,0,0,3,14,1,0.05,100,0,0,0,0,0,0,0,0,0,0,0,0,0,0,0,0,0,0,0,0,0,0,0,0,0,0,0,0,0,0,0,0,0,0,0,0,0,0,0,0,0,0,0,0,0,0,0,0,0,0,0
1989,240,6,54,35.443,2,8,1,0,1,0,1,1,25,1012,1012,1012,1016,0,0,0,0,0,1,1,0,0,0,459.9931639,0,0,0,0,3,1,1,0.05,10,0,0,0,3,14,1,0.05,100,0,0,0,0,0,0,0,0,0,0,0,0,0,0,0,0,0,0,0,0,0,0,0,0,0,0,0,0,0,0,0,0,0,0,0,0,0,0,0,0,0,0,0,0,0,0,0,0,0,0,0
1989,240,6,55,11.203,2,8,1,0,0,0,1,1,25,1012,1012,1012,1016,0,0,0,0,0,1,1,0,0,0,460.0528152,0,0,0,0,3,1,1,0.05,10,0,0,0,3,14,1,0.05,100,0,0,0,0,0,0,0,0,0,0,0,0,0,0,0,0,0,0,0,0,0,0,0,0,0,0,0,0,0,0,0,0,0,0,0,0,0,0,0,0,0,0,0,0,0,0,0,0,0,0,0
1989,240,6,55,23.443,2,8,1,0,1,0,1,1,25,1012,1012,1012,1016,0,0,0,0,0,1,1,0,0,0,460.0732327,0,0,0,0,3,1,1,0.05,10,0,0,0,3,14,1,0.05,100,0,0,0,0,0,0,0,0,0,0,0,0,0,0,0,0,0,0,0,0,0,0,0,0,0,0,0,0,0,0,0,0,0,0,0,0,0,0,0,0,0,0,0,0,0,0,0,0,0,0,0
1989,240,6,55,59.203,2,8,1,0,0,0,1,1,25,1012,1012,1012,1016,0,0,0,0,0,1,1,0,0,0,460.132884,0,0,0,0,3,1,1,0.05,10,0,0,0,3,14,1,0.05,100,0,0,0,0,0,0,0,0,0,0,0,0,0,0,0,0,0,0,0,0,0,0,0,0,0,0,0,0,0,0,0,0,0,0,0,0,0,0,0,0,0,0,0,0,0,0,0,0,0,0,0
1989,240,6,56,11.443,2,8,1,0,1,0,1,1,25,1012,1012,1012,1016,0,0,0,0,0,1,1,0,0,0,460.1533015,0,0,0,0,3,1,1,0.05,10,0,0,0,3,14,1,0.05,100,0,0,0,0,0,0,0,0,0,0,0,0,0,0,0,0,0,0,0,0,0,0,0,0,0,0,0,0,0,0,0,0,0,0,0,0,0,0,0,0,0,0,0,0,0,0,0,0,0,0,0
1989,240,6,56,47.202,2,8,1,0,0,0,1,1,25,1012,1012,1012,1016,0,0,0,0,0,1,1,0,0,0,460.2129511,0,0,0,0,3,1,1,0.05,10,0,0,0,3,14,1,0.05,100,0,0,0,0,0,0,0,0,0,0,0,0,0,0,0,0,0,0,0,0,0,0,0,0,0,0,0,0,0,0,0,0,0,0,0,0,0,0,0,0,0,0,0,0,0,0,0,0,0,0,0
1989,240,6,56,59.441,2,8,1,0,1,0,1,1,25,1012,1012,1012,1016,0,0,0,0,0,1,1,0,0,0,460.2333669,0,0,0,0,3,1,1,0.05,10,0,0,0,3,14,1,0.05,100,0,0,0,0,0,0,0,0,0,0,0,0,0,0,0,0,0,0,0,0,0,0,0,0,0,0,0,0,0,0,0,0,0,0,0,0,0,0,0,0,0,0,0,0,0,0,0,0,0,0,0
1989,240,6,57,35.202,2,8,1,0,0,0,1,1,25,1012,1012,1012,1016,0,0,0,0,0,1,1,0,0,0,460.2930198,0,0,0,0,3,1,1,0.05,10,0,0,0,3,14,1,0.05,100,0,0,0,0,0,0,0,0,0,0,0,0,0,0,0,0,0,0,0,0,0,0,0,0,0,0,0,0,0,0,0,0,0,0,0,0,0,0,0,0,0,0,0,0,0,0,0,0,0,0,0
1989,240,6,57,47.441,2,8,1,0,1,0,1,1,25,1012,1012,1012,1016,0,0,0,0,0,1,1,0,0,0,460.3134356,0,0,0,0,3,1,1,0.05,10,0,0,0,3,14,1,0.05,100,0,0,0,0,0,0,0,0,0,0,0,0,0,0,0,0,0,0,0,0,0,0,0,0,0,0,0,0,0,0,0,0,0,0,0,0,0,0,0,0,0,0,0,0,0,0,0,0,0,0,0
1989,240,6,58,23.202,2,8,1,0,0,0,1,1,25,1012,1012,1012,1016,0,0,0,0,0,1,1,0,0,0,460.3730884,0,0,0,0,3,1,1,0.05,10,0,0,0,3,14,1,0.05,100,0,0,0,0,0,0,0,0,0,0,0,0,0,0,0,0,0,0,0,0,0,0,0,0,0,0,0,0,0,0,0,0,0,0,0,0,0,0,0,0,0,0,0,0,0,0,0,0,0,0,0
1989,240,6,58,35.442,2,8,1,0,1,0,1,1,25,1012,1012,1012,1016,0,0,0,0,0,1,1,0,0,0,460.3935058,0,0,0,0,3,1,1,0.05,10,0,0,0,3,14,1,0.05,100,0,0,0,0,0,0,0,0,0,0,0,0,0,0,0,0,0,0,0,0,0,0,0,0,0,0,0,0,0,0,0,0,0,0,0,0,0,0,0,0,0,0,0,0,0,0,0,0,0,0,0
1989,240,6,59,11.202,2,8,1,0,0,0,1,1,25,1012,1012,1012,1016,0,0,0,0,0,1,1,0,0,0,460.4531569,0,0,0,0,3,1,1,0.05,10,0,0,0,3,14,1,0.05,100,0,0,0,0,0,0,0,0,0,0,0,0,0,0,0,0,0,0,0,0,0,0,0,0,0,0,0,0,0,0,0,0,0,0,0,0,0,0,0,0,0,0,0,0,0,0,0,0,0,0,0
1989,240,6,59,23.442,2,8,1,0,1,0,1,1,25,1012,1012,1012,1016,0,0,0,0,0,1,1,0,0,0,460.4735743,0,0,0,0,3,1,1,0.05,10,0,0,0,3,14,1,0.05,100,0,0,0,0,0,0,0,0,0,0,0,0,0,0,0,0,0,0,0,0,0,0,0,0,0,0,0,0,0,0,0,0,0,0,0,0,0,0,0,0,0,0,0,0,0,0,0,0,0,0,0
1989,240,6,59,59.202,2,8,1,0,0,0,1,1,25,1012,1012,1012,1016,0,0,0,0,0,1,1,0,0,0,460.5332253,0,0,0,0,3,1,1,0.05,10,0,0,0,3,14,1,0.05,100,0,0,0,0,0,0,0,0,0,0,0,0,0,0,0,0,0,0,0,0,0,0,0,0,0,0,0,0,0,0,0,0,0,0,0,0,0,0,0,0,0,0,0,0,0,0,0,0,0,0,0
1989,240,7,0,11.441,2,8,1,0,1,0,1,1,25,1012,1012,1012,1016,0,0,0,0,0,1,1,0,0,0,460.5536411,0,0,0,0,3,1,1,0.05,10,0,0,0,3,14,1,0.05,100,0,0,0,0,0,0,0,0,0,0,0,0,0,0,0,0,0,0,0,0,0,0,0,0,0,0,0,0,0,0,0,0,0,0,0,0,0,0,0,0,0,0,0,0,0,0,0,0,0,0,0
1989,240,7,0,47.202,2,8,1,0,0,0,1,1,25,1012,1012,1012,1016,0,0,0,0,0,1,1,0,0,0,460.6132937,0,0,0,0,3,1,1,0.05,10,0,0,0,3,14,1,0.05,100,0,0,0,0,0,0,0,0,0,0,0,0,0,0,0,0,0,0,0,0,0,0,0,0,0,0,0,0,0,0,0,0,0,0,0,0,0,0,0,0,0,0,0,0,0,0,0,0,0,0,0
1989,240,7,0,59.441,2,8,1,0,1,0,1,1,25,1012,1012,1012,1016,0,0,0,0,0,1,1,0,0,0,460.6337095,0,0,0,0,3,1,1,0.05,10,0,0,0,3,14,1,0.05,100,0,0,0,0,0,0,0,0,0,0,0,0,0,0,0,0,0,0,0,0,0,0,0,0,0,0,0,0,0,0,0,0,0,0,0,0,0,0,0,0,0,0,0,0,0,0,0,0,0,0,0
1989,240,7,1,35.202,2,8,1,0,0,0,1,1,25,1012,1012,1012,1016,0,0,0,0,0,1,1,0,0,0,460.693362,0,0,0,0,3,1,1,0.05,10,0,0,0,3,14,1,0.05,100,0,0,0,0,0,0,0,0,0,0,0,0,0,0,0,0,0,0,0,0,0,0,0,0,0,0,0,0,0,0,0,0,0,0,0,0,0,0,0,0,0,0,0,0,0,0,0,0,0,0,0
1989,240,7,1,47.441,2,8,1,0,1,0,1,1,25,1012,1012,1012,1016,0,0,0,0,0,1,1,0,0,0,460.7137778,0,0,0,0,3,1,1,0.05,10,0,0,0,3,14,1,0.05,100,0,0,0,0,0,0,0,0,0,0,0,0,0,0,0,0,0,0,0,0,0,0,0,0,0,0,0,0,0,0,0,0,0,0,0,0,0,0,0,0,0,0,0,0,0,0,0,0,0,0,0
1989,240,7,2,23.202,2,8,1,0,0,0,1,1,25,1012,1012,1012,1016,0,0,0,0,0,1,1,0,0,0,460.7734303,0,0,0,0,3,1,1,0.05,10,0,0,0,3,14,1,0.05,100,0,0,0,0,0,0,0,0,0,0,0,0,0,0,0,0,0,0,0,0,0,0,0,0,0,0,0,0,0,0,0,0,0,0,0,0,0,0,0,0,0,0,0,0,0,0,0,0,0,0,0
1989,240,7,2,35.442,2,8,1,0,1,0,1,1,25,1012,1012,1012,1016,0,0,0,0,0,1,1,0,0,0,460.7938476,0,0,0,0,3,1,1,0.05,10,0,0,0,3,14,1,0.05,100,0,0,0,0,0,0,0,0,0,0,0,0,0,0,0,0,0,0,0,0,0,0,0,0,0,0,0,0,0,0,0,0,0,0,0,0,0,0,0,0,0,0,0,0,0,0,0,0,0,0,0
1989,240,7,3,11.202,2,8,1,0,0,0,1,1,25,1012,1012,1012,1016,0,0,0,0,0,1,1,0,0,0,460.8534984,0,0,0,0,3,1,1,0.05,10,0,0,0,3,14,1,0.05,100,0,0,0,0,0,0,0,0,0,0,0,0,0,0,0,0,0,0,0,0,0,0,0,0,0,0,0,0,0,0,0,0,0,0,0,0,0,0,0,0,0,0,0,0,0,0,0,0,0,0,0
1989,240,7,3,23.442,2,8,1,0,1,0,1,1,25,1012,1012,1012,1016,0,0,0,0,0,1,1,0,0,0,460.8739158,0,0,0,0,3,1,1,0.05,10,0,0,0,3,14,1,0.05,100,0,0,0,0,0,0,0,0,0,0,0,0,0,0,0,0,0,0,0,0,0,0,0,0,0,0,0,0,0,0,0,0,0,0,0,0,0,0,0,0,0,0,0,0,0,0,0,0,0,0,0
1989,240,7,6,2.801,2,8,1,0,1,0,1,1,25,1012,1012,1012,1016,0,0,0,0,0,1,1,0,0,0,461.1397398,0,0,0,0,3,1,1,0.05,10,0,0,0,3,14,1,0.05,100,0,0,0,0,0,0,0,0,0,0,0,0,0,0,0,0,0,0,0,0,0,0,0,0,0,0,0,0,0,0,0,0,0,0,0,0,0,0,0,0,0,0,0,0,0,0,0,0,0,0,0
1989,240,7,6,23.202,2,8,1,0,0,0,1,1,25,1012,1012,1012,1016,0,0,0,0,0,1,1,0,0,0,461.1737703,0,0,0,0,3,1,1,0.05,10,0,0,0,3,14,1,0.05,100,0,0,0,0,0,0,0,0,0,0,0,0,0,0,0,0,0,0,0,0,0,0,0,0,0,0,0,0,0,0,0,0,0,0,0,0,0,0,0,0,0,0,0,0,0,0,0,0,0,0,0
1989,240,7,6,35.442,2,8,1,0,1,0,1,1,25,1012,1012,1012,1016,0,0,0,0,0,1,1,0,0,0,461.1941876,0,0,0,0,3,1,1,0.05,10,0,0,0,3,14,1,0.05,100,0,0,0,0,0,0,0,0,0,0,0,0,0,0,0,0,0,0,0,0,0,0,0,0,0,0,0,0,0,0,0,0,0,0,0,0,0,0,0,0,0,0,0,0,0,0,0,0,0,0,0
1989,240,7,7,11.202,2,8,1,0,0,0,1,1,25,1012,1012,1012,1016,0,0,0,0,0,1,1,0,0,0,461.2538381,0,0,0,0,3,1,1,0.05,10,0,0,0,3,14,1,0.05,100,0,0,0,0,0,0,0,0,0,0,0,0,0,0,0,0,0,0,0,0,0,0,0,0,0,0,0,0,0,0,0,0,0,0,0,0,0,0,0,0,0,0,0,0,0,0,0,0,0,0,0
1989,240,7,7,23.442,2,8,1,0,1,0,1,1,25,1012,1012,1012,1016,0,0,0,0,0,1,1,0,0,0,461.2742554,0,0,0,0,3,1,1,0.05,10,0,0,0,3,14,1,0.05,100,0,0,0,0,0,0,0,0,0,0,0,0,0,0,0,0,0,0,0,0,0,0,0,0,0,0,0,0,0,0,0,0,0,0,0,0,0,0,0,0,0,0,0,0,0,0,0,0,0,0,0
1989,240,7,7,59.202,2,8,1,0,0,0,1,1,25,1012,1012,1012,1016,0,0,0,0,0,1,1,0,0,0,461.3339058,0,0,0,0,3,1,1,0.05,10,0,0,0,3,14,1,0.05,100,0,0,0,0,0,0,0,0,0,0,0,0,0,0,0,0,0,0,0,0,0,0,0,0,0,0,0,0,0,0,0,0,0,0,0,0,0,0,0,0,0,0,0,0,0,0,0,0,0,0,0
1989,240,7,8,11.441,2,8,1,0,1,0,1,1,25,1012,1012,1012,1016,0,0,0,0,0,1,1,0,0,0,461.3543214,0,0,0,0,3,1,1,0.05,10,0,0,0,3,14,1,0.05,100,0,0,0,0,0,0,0,0,0,0,0,0,0,0,0,0,0,0,0,0,0,0,0,0,0,0,0,0,0,0,0,0,0,0,0,0,0,0,0,0,0,0,0,0,0,0,0,0,0,0,0
1989,240,7,8,47.202,2,8,1,0,0,0,1,1,25,1012,1012,1012,1016,0,0,0,0,0,1,1,0,0,0,461.4139735,0,0,0,0,3,1,1,0.05,10,0,0,0,3,14,1,0.05,100,0,0,0,0,0,0,0,0,0,0,0,0,0,0,0,0,0,0,0,0,0,0,0,0,0,0,0,0,0,0,0,0,0,0,0,0,0,0,0,0,0,0,0,0,0,0,0,0,0,0,0
1989,240,7,8,59.441,2,8,1,0,1,0,1,1,25,1012,1012,1012,1016,0,0,0,0,0,1,1,0,0,0,461.4343891,0,0,0,0,3,1,1,0.05,10,0,0,0,3,14,1,0.05,100,0,0,0,0,0,0,0,0,0,0,0,0,0,0,0,0,0,0,0,0,0,0,0,0,0,0,0,0,0,0,0,0,0,0,0,0,0,0,0,0,0,0,0,0,0,0,0,0,0,0,0
1989,240,7,9,35.201,2,8,1,0,0,0,1,1,25,1012,1012,1012,1016,0,0,0,0,0,1,1,0,0,0,461.4940394,0,0,0,0,3,1,1,0.05,10,0,0,0,3,14,1,0.05,100,0,0,0,0,0,0,0,0,0,0,0,0,0,0,0,0,0,0,0,0,0,0,0,0,0,0,0,0,0,0,0,0,0,0,0,0,0,0,0,0,0,0,0,0,0,0,0,0,0,0,0
1989,240,7,9,47.441,2,8,1,0,1,0,1,1,25,1012,1012,1012,1016,0,0,0,0,0,1,1,0,0,0,461.5144566,0,0,0,0,3,1,1,0.05,10,0,0,0,3,14,1,0.05,100,0,0,0,0,0,0,0,0,0,0,0,0,0,0,0,0,0,0,0,0,0,0,0,0,0,0,0,0,0,0,0,0,0,0,0,0,0,0,0,0,0,0,0,0,0,0,0,0,0,0,0
1989,240,7,10,23.2,2,8,1,0,0,0,1,1,25,1012,1012,1012,1016,0,0,0,0,0,1,1,0,0,0,461.5741052,0,0,0,0,3,1,1,0.05,10,0,0,0,3,14,1,0.05,100,0,0,0,0,0,0,0,0,0,0,0,0,0,0,0,0,0,0,0,0,0,0,0,0,0,0,0,0,0,0,0,0,0,0,0,0,0,0,0,0,0,0,0,0,0,0,0,0,0,0,0
1989,240,7,10,35.441,2,8,1,0,1,0,1,1,25,1012,1012,1012,1016,0,0,0,0,0,1,1,0,0,0,461.5945241,0,0,0,0,3,1,1,0.05,10,0,0,0,3,14,1,0.05,100,0,0,0,0,0,0,0,0,0,0,0,0,0,0,0,0,0,0,0,0,0,0,0,0,0,0,0,0,0,0,0,0,0,0,0,0,0,0,0,0,0,0,0,0,0,0,0,0,0,0,0
1989,240,7,11,11.201,2,8,1,0,0,0,1,1,25,1012,1012,1012,1016,0,0,0,0,0,1,1,0,0,0,461.6541743,0,0,0,0,3,1,1,0.05,10,0,0,0,3,14,1,0.05,100,0,0,0,0,0,0,0,0,0,0,0,0,0,0,0,0,0,0,0,0,0,0,0,0,0,0,0,0,0,0,0,0,0,0,0,0,0,0,0,0,0,0,0,0,0,0,0,0,0,0,0
1989,240,7,11,23.441,2,8,1,0,1,0,1,1,25,1012,1012,1012,1016,0,0,0,0,0,1,1,0,0,0,461.6745915,0,0,0,0,3,1,1,0.05,10,0,0,0,3,14,1,0.05,100,0,0,0,0,0,0,0,0,0,0,0,0,0,0,0,0,0,0,0,0,0,0,0,0,0,0,0,0,0,0,0,0,0,0,0,0,0,0,0,0,0,0,0,0,0,0,0,0,0,0,0
1989,240,7,11,59.201,2,8,1,0,0,0,1,1,25,1012,1012,1012,1016,0,0,0,0,0,1,1,0,0,0,461.7342417,0,0,0,0,3,1,1,0.05,10,0,0,0,3,14,1,0.05,100,0,0,0,0,0,0,0,0,0,0,0,0,0,0,0,0,0,0,0,0,0,0,0,0,0,0,0,0,0,0,0,0,0,0,0,0,0,0,0,0,0,0,0,0,0,0,0,0,0,0,0
1989,240,7,12,11.441,2,8,1,0,1,0,1,1,25,1012,1012,1012,1016,0,0,0,0,0,1,1,0,0,0,461.7546589,0,0,0,0,3,1,1,0.05,10,0,0,0,3,14,1,0.05,100,0,0,0,0,0,0,0,0,0,0,0,0,0,0,0,0,0,0,0,0,0,0,0,0,0,0,0,0,0,0,0,0,0,0,0,0,0,0,0,0,0,0,0,0,0,0,0,0,0,0,0
1989,240,7,12,47.201,2,8,1,0,0,0,1,1,25,1012,1012,1012,1016,0,0,0,0,0,1,1,0,0,0,461.814309,0,0,0,0,3,1,1,0.05,10,0,0,0,3,14,1,0.05,100,0,0,0,0,0,0,0,0,0,0,0,0,0,0,0,0,0,0,0,0,0,0,0,0,0,0,0,0,0,0,0,0,0,0,0,0,0,0,0,0,0,0,0,0,0,0,0,0,0,0,0
1989,240,7,12,59.441,2,8,1,0,1,0,1,1,25,1012,1012,1012,1016,0,0,0,0,0,1,1,0,0,0,461.8347261,0,0,0,0,3,1,1,0.05,10,0,0,0,3,14,1,0.05,100,0,0,0,0,0,0,0,0,0,0,0,0,0,0,0,0,0,0,0,0,0,0,0,0,0,0,0,0,0,0,0,0,0,0,0,0,0,0,0,0,0,0,0,0,0,0,0,0,0,0,0
1989,240,7,13,35.201,2,8,1,0,0,0,1,1,25,1012,1012,1012,1016,0,0,0,0,0,1,1,0,0,0,461.8943762,0,0,0,0,3,1,1,0.05,10,0,0,0,3,14,1,0.05,100,0,0,0,0,0,0,0,0,0,0,0,0,0,0,0,0,0,0,0,0,0,0,0,0,0,0,0,0,0,0,0,0,0,0,0,0,0,0,0,0,0,0,0,0,0,0,0,0,0,0,0
1989,240,7,13,47.441,2,8,1,0,1,0,1,1,25,1012,1012,1012,1016,0,0,0,0,0,1,1,0,0,0,461.9147933,0,0,0,0,3,1,1,0.05,10,0,0,0,3,14,1,0.05,100,0,0,0,0,0,0,0,0,0,0,0,0,0,0,0,0,0,0,0,0,0,0,0,0,0,0,0,0,0,0,0,0,0,0,0,0,0,0,0,0,0,0,0,0,0,0,0,0,0,0,0
1989,240,7,14,23.2,2,8,1,0,0,0,1,1,25,1012,1012,1012,1016,0,0,0,0,0,1,1,0,0,0,461.9744417,0,0,0,0,3,1,1,0.05,10,0,0,0,3,14,1,0.05,100,0,0,0,0,0,0,0,0,0,0,0,0,0,0,0,0,0,0,0,0,0,0,0,0,0,0,0,0,0,0,0,0,0,0,0,0,0,0,0,0,0,0,0,0,0,0,0,0,0,0,0
1989,240,7,14,35.441,2,8,1,0,1,0,1,1,25,1012,1012,1012,1016,0,0,0,0,0,1,1,0,0,0,461.9948604,0,0,0,0,3,1,1,0.05,10,0,0,0,3,14,1,0.05,100,0,0,0,0,0,0,0,0,0,0,0,0,0,0,0,0,0,0,0,0,0,0,0,0,0,0,0,0,0,0,0,0,0,0,0,0,0,0,0,0,0,0,0,0,0,0,0,0,0,0,0
1989,240,7,15,11.201,2,8,1,0,0,0,1,1,25,1012,1012,1012,1016,0,0,0,0,0,1,1,0,0,0,462.0545104,0,0,0,0,3,1,1,0.05,10,0,0,0,3,14,1,0.05,100,0,0,0,0,0,0,0,0,0,0,0,0,0,0,0,0,0,0,0,0,0,0,0,0,0,0,0,0,0,0,0,0,0,0,0,0,0,0,0,0,0,0,0,0,0,0,0,0,0,0,0
1989,240,7,15,23.441,2,8,1,0,1,0,1,1,25,1012,1012,1012,1016,0,0,0,0,0,1,1,0,0,0,462.0749275,0,0,0,0,3,1,1,0.05,10,0,0,0,3,14,1,0.05,100,0,0,0,0,0,0,0,0,0,0,0,0,0,0,0,0,0,0,0,0,0,0,0,0,0,0,0,0,0,0,0,0,0,0,0,0,0,0,0,0,0,0,0,0,0,0,0,0,0,0,0
1989,240,7,18,2.8,2,8,1,0,1,0,1,1,25,1012,1012,1012,1016,0,0,0,0,0,1,1,0,0,0,462.3407479,0,0,0,0,3,1,1,0.05,10,0,0,0,3,14,1,0.05,100,0,0,0,0,0,0,0,0,0,0,0,0,0,0,0,0,0,0,0,0,0,0,0,0,0,0,0,0,0,0,0,0,0,0,0,0,0,0,0,0,0,0,0,0,0,0,0,0,0,0,0
1989,240,7,18,23.2,2,8,1,0,0,0,1,1,25,1012,1012,1012,1016,0,0,0,0,0,1,1,0,0,0,462.3747763,0,0,0,0,3,1,1,0.05,10,0,0,0,3,14,1,0.05,100,0,0,0,0,0,0,0,0,0,0,0,0,0,0,0,0,0,0,0,0,0,0,0,0,0,0,0,0,0,0,0,0,0,0,0,0,0,0,0,0,0,0,0,0,0,0,0,0,0,0,0
1989,240,7,18,35.441,2,8,1,0,1,0,1,1,25,1012,1012,1012,1016,0,0,0,0,0,1,1,0,0,0,462.395195,0,0,0,0,3,1,1,0.05,10,0,0,0,3,14,1,0.05,100,0,0,0,0,0,0,0,0,0,0,0,0,0,0,0,0,0,0,0,0,0,0,0,0,0,0,0,0,0,0,0,0,0,0,0,0,0,0,0,0,0,0,0,0,0,0,0,0,0,0,0
1989,240,7,19,11.201,2,8,1,0,0,0,1,1,25,1012,1012,1012,1016,0,0,0,0,0,1,1,0,0,0,462.4548446,0,0,0,0,3,1,1,0.05,10,0,0,0,3,14,1,0.05,100,0,0,0,0,0,0,0,0,0,0,0,0,0,0,0,0,0,0,0,0,0,0,0,0,0,0,0,0,0,0,0,0,0,0,0,0,0,0,0,0,0,0,0,0,0,0,0,0,0,0,0
1989,240,7,19,23.441,2,8,1,0,1,0,1,1,25,1012,1012,1012,1016,0,0,0,0,0,1,1,0,0,0,462.4752616,0,0,0,0,3,1,1,0.05,10,0,0,0,3,14,1,0.05,100,0,0,0,0,0,0,0,0,0,0,0,0,0,0,0,0,0,0,0,0,0,0,0,0,0,0,0,0,0,0,0,0,0,0,0,0,0,0,0,0,0,0,0,0,0,0,0,0,0,0,0
1989,240,7,19,59.201,2,8,1,0,0,0,1,1,25,1012,1012,1012,1016,0,0,0,0,0,1,1,0,0,0,462.5349113,0,0,0,0,3,1,1,0.05,10,0,0,0,3,14,1,0.05,100,0,0,0,0,0,0,0,0,0,0,0,0,0,0,0,0,0,0,0,0,0,0,0,0,0,0,0,0,0,0,0,0,0,0,0,0,0,0,0,0,0,0,0,0,0,0,0,0,0,0,0
1989,240,7,20,11.441,2,8,1,0,1,0,1,1,25,1012,1012,1012,1016,0,0,0,0,0,1,1,0,0,0,462.5553283,0,0,0,0,3,1,1,0.05,10,0,0,0,3,14,1,0.05,100,0,0,0,0,0,0,0,0,0,0,0,0,0,0,0,0,0,0,0,0,0,0,0,0,0,0,0,0,0,0,0,0,0,0,0,0,0,0,0,0,0,0,0,0,0,0,0,0,0,0,0
1989,240,7,20,47.201,2,8,1,0,0,0,1,1,25,1012,1012,1012,1016,0,0,0,0,0,1,1,0,0,0,462.6149778,0,0,0,0,3,1,1,0.05,10,0,0,0,3,14,1,0.05,100,0,0,0,0,0,0,0,0,0,0,0,0,0,0,0,0,0,0,0,0,0,0,0,0,0,0,0,0,0,0,0,0,0,0,0,0,0,0,0,0,0,0,0,0,0,0,0,0,0,0,0
1989,240,7,20,59.441,2,8,1,0,1,0,1,1,25,1012,1012,1012,1016,0,0,0,0,0,1,1,0,0,0,462.6353948,0,0,0,0,3,1,1,0.05,10,0,0,0,3,14,1,0.05,100,0,0,0,0,0,0,0,0,0,0,0,0,0,0,0,0,0,0,0,0,0,0,0,0,0,0,0,0,0,0,0,0,0,0,0,0,0,0,0,0,0,0,0,0,0,0,0,0,0,0,0
1989,240,7,21,35.201,2,8,1,0,0,0,1,1,25,1012,1012,1012,1016,0,0,0,0,0,1,1,0,0,0,462.6950443,0,0,0,0,3,1,1,0.05,10,0,0,0,3,14,1,0.05,100,0,0,0,0,0,0,0,0,0,0,0,0,0,0,0,0,0,0,0,0,0,0,0,0,0,0,0,0,0,0,0,0,0,0,0,0,0,0,0,0,0,0,0,0,0,0,0,0,0,0,0
1989,240,7,21,47.441,2,8,1,0,1,0,1,1,25,1012,1012,1012,1016,0,0,0,0,0,1,1,0,0,0,462.7154613,0,0,0,0,3,1,1,0.05,10,0,0,0,3,14,1,0.05,100,0,0,0,0,0,0,0,0,0,0,0,0,0,0,0,0,0,0,0,0,0,0,0,0,0,0,0,0,0,0,0,0,0,0,0,0,0,0,0,0,0,0,0,0,0,0,0,0,0,0,0
1989,240,7,22,23.199,2,8,1,0,0,0,1,1,25,1012,1012,1012,1016,0,0,0,0,0,1,1,0,0,0,462.7751074,0,0,0,0,3,1,1,0.05,10,0,0,0,3,14,1,0.05,100,0,0,0,0,0,0,0,0,0,0,0,0,0,0,0,0,0,0,0,0,0,0,0,0,0,0,0,0,0,0,0,0,0,0,0,0,0,0,0,0,0,0,0,0,0,0,0,0,0,0,0
1989,240,7,22,35.44,2,8,1,0,1,0,1,1,25,1012,1012,1012,1016,0,0,0,0,0,1,1,0,0,0,462.795526,0,0,0,0,3,1,1,0.05,10,0,0,0,3,14,1,0.05,100,0,0,0,0,0,0,0,0,0,0,0,0,0,0,0,0,0,0,0,0,0,0,0,0,0,0,0,0,0,0,0,0,0,0,0,0,0,0,0,0,0,0,0,0,0,0,0,0,0,0,0
1989,240,7,23,11.2,2,8,1,0,0,0,1,1,25,1012,1012,1012,1016,0,0,0,0,0,1,1,0,0,0,462.8551754,0,0,0,0,3,1,1,0.05,10,0,0,0,3,14,1,0.05,100,0,0,0,0,0,0,0,0,0,0,0,0,0,0,0,0,0,0,0,0,0,0,0,0,0,0,0,0,0,0,0,0,0,0,0,0,0,0,0,0,0,0,0,0,0,0,0,0,0,0,0
1989,240,7,23,23.44,2,8,1,0,1,0,1,1,25,1012,1012,1012,1016,0,0,0,0,0,1,1,0,0,0,462.8755923,0,0,0,0,3,1,1,0.05,10,0,0,0,3,14,1,0.05,100,0,0,0,0,0,0,0,0,0,0,0,0,0,0,0,0,0,0,0,0,0,0,0,0,0,0,0,0,0,0,0,0,0,0,0,0,0,0,0,0,0,0,0,0,0,0,0,0,0,0,0
1989,240,7,23,59.2,2,8,1,0,0,0,1,1,25,1012,1012,1012,1016,0,0,0,0,0,1,1,0,0,0,462.9352417,0,0,0,0,3,1,1,0.05,10,0,0,0,3,14,1,0.05,100,0,0,0,0,0,0,0,0,0,0,0,0,0,0,0,0,0,0,0,0,0,0,0,0,0,0,0,0,0,0,0,0,0,0,0,0,0,0,0,0,0,0,0,0,0,0,0,0,0,0,0
1989,240,7,24,11.44,2,8,1,0,1,0,1,1,25,1012,1012,1012,1016,0,0,0,0,0,1,1,0,0,0,462.9556586,0,0,0,0,3,1,1,0.05,10,0,0,0,3,14,1,0.05,100,0,0,0,0,0,0,0,0,0,0,0,0,0,0,0,0,0,0,0,0,0,0,0,0,0,0,0,0,0,0,0,0,0,0,0,0,0,0,0,0,0,0,0,0,0,0,0,0,0,0,0
1989,240,7,24,47.2,2,8,1,0,0,0,1,1,25,1012,1012,1012,1016,0,0,0,0,0,1,1,0,0,0,463.0153079,0,0,0,0,3,1,1,0.05,10,0,0,0,3,14,1,0.05,100,0,0,0,0,0,0,0,0,0,0,0,0,0,0,0,0,0,0,0,0,0,0,0,0,0,0,0,0,0,0,0,0,0,0,0,0,0,0,0,0,0,0,0,0,0,0,0,0,0,0,0
1989,240,7,24,59.44,2,8,1,0,1,0,1,1,25,1012,1012,1012,1016,0,0,0,0,0,1,1,0,0,0,463.0357247,0,0,0,0,3,1,1,0.05,10,0,0,0,3,14,1,0.05,100,0,0,0,0,0,0,0,0,0,0,0,0,0,0,0,0,0,0,0,0,0,0,0,0,0,0,0,0,0,0,0,0,0,0,0,0,0,0,0,0,0,0,0,0,0,0,0,0,0,0,0
1989,240,7,25,35.2,2,8,1,0,0,0,1,1,25,1012,1012,1012,1016,0,0,0,0,0,1,1,0,0,0,463.095374,0,0,0,0,3,1,1,0.05,10,0,0,0,3,14,1,0.05,100,0,0,0,0,0,0,0,0,0,0,0,0,0,0,0,0,0,0,0,0,0,0,0,0,0,0,0,0,0,0,0,0,0,0,0,0,0,0,0,0,0,0,0,0,0,0,0,0,0,0,0
1989,240,7,25,47.44,2,8,1,0,1,0,1,1,25,1012,1012,1012,1016,0,0,0,0,0,1,1,0,0,0,463.1157909,0,0,0,0,3,1,1,0.05,10,0,0,0,3,14,1,0.05,100,0,0,0,0,0,0,0,0,0,0,0,0,0,0,0,0,0,0,0,0,0,0,0,0,0,0,0,0,0,0,0,0,0,0,0,0,0,0,0,0,0,0,0,0,0,0,0,0,0,0,0
1989,240,7,26,23.199,2,8,1,0,0,0,1,1,25,1012,1012,1012,1016,0,0,0,0,0,1,1,0,0,0,463.1754384,0,0,0,0,3,1,1,0.05,10,0,0,0,3,14,1,0.05,100,0,0,0,0,0,0,0,0,0,0,0,0,0,0,0,0,0,0,0,0,0,0,0,0,0,0,0,0,0,0,0,0,0,0,0,0,0,0,0,0,0,0,0,0,0,0,0,0,0,0,0
1989,240,7,26,35.44,2,8,1,0,1,0,1,1,25,1012,1012,1012,1016,0,0,0,0,0,1,1,0,0,0,463.1958569,0,0,0,0,3,1,1,0.05,10,0,0,0,3,14,1,0.05,100,0,0,0,0,0,0,0,0,0,0,0,0,0,0,0,0,0,0,0,0,0,0,0,0,0,0,0,0,0,0,0,0,0,0,0,0,0,0,0,0,0,0,0,0,0,0,0,0,0,0,0
1989,240,7,27,11.2,2,8,1,0,0,0,1,1,25,1012,1012,1012,1016,0,0,0,0,0,1,1,0,0,0,463.255506,0,0,0,0,3,1,1,0.05,10,0,0,0,3,14,1,0.05,100,0,0,0,0,0,0,0,0,0,0,0,0,0,0,0,0,0,0,0,0,0,0,0,0,0,0,0,0,0,0,0,0,0,0,0,0,0,0,0,0,0,0,0,0,0,0,0,0,0,0,0
1989,240,7,27,23.44,2,8,1,0,1,0,1,1,25,1012,1012,1012,1016,0,0,0,0,0,1,1,0,0,0,463.2759228,0,0,0,0,3,1,1,0.05,10,0,0,0,3,14,1,0.05,100,0,0,0,0,0,0,0,0,0,0,0,0,0,0,0,0,0,0,0,0,0,0,0,0,0,0,0,0,0,0,0,0,0,0,0,0,0,0,0,0,0,0,0,0,0,0,0,0,0,0,0
1989,240,7,30,2.799,2,8,1,0,1,0,1,1,25,1012,1012,1012,1016,0,0,0,0,0,1,1,0,0,0,463.5417397,0,0,0,0,3,1,1,0.05,10,0,0,0,3,14,1,0.05,100,0,0,0,0,0,0,0,0,0,0,0,0,0,0,0,0,0,0,0,0,0,0,0,0,0,0,0,0,0,0,0,0,0,0,0,0,0,0,0,0,0,0,0,0,0,0,0,0,0,0,0
1989,240,7,30,23.199,2,8,1,0,0,0,1,1,25,1012,1012,1012,1016,0,0,0,0,0,1,1,0,0,0,463.5757676,0,0,0,0,3,1,1,0.05,10,0,0,0,3,14,1,0.05,100,0,0,0,0,0,0,0,0,0,0,0,0,0,0,0,0,0,0,0,0,0,0,0,0,0,0,0,0,0,0,0,0,0,0,0,0,0,0,0,0,0,0,0,0,0,0,0,0,0,0,0
1989,240,7,30,35.44,2,8,1,0,1,0,1,1,25,1012,1012,1012,1016,0,0,0,0,0,1,1,0,0,0,463.596186,0,0,0,0,3,1,1,0.05,10,0,0,0,3,14,1,0.05,100,0,0,0,0,0,0,0,0,0,0,0,0,0,0,0,0,0,0,0,0,0,0,0,0,0,0,0,0,0,0,0,0,0,0,0,0,0,0,0,0,0,0,0,0,0,0,0,0,0,0,0
1989,240,7,31,11.2,2,8,1,0,0,0,1,1,25,1012,1012,1012,1016,0,0,0,0,0,1,1,0,0,0,463.6558348,0,0,0,0,3,1,1,0.05,10,0,0,0,3,14,1,0.05,100,0,0,0,0,0,0,0,0,0,0,0,0,0,0,0,0,0,0,0,0,0,0,0,0,0,0,0,0,0,0,0,0,0,0,0,0,0,0,0,0,0,0,0,0,0,0,0,0,0,0,0
1989,240,7,31,23.44,2,8,1,0,1,0,1,1,25,1012,1012,1012,1016,0,0,0,0,0,1,1,0,0,0,463.6762516,0,0,0,0,3,1,1,0.05,10,0,0,0,3,14,1,0.05,100,0,0,0,0,0,0,0,0,0,0,0,0,0,0,0,0,0,0,0,0,0,0,0,0,0,0,0,0,0,0,0,0,0,0,0,0,0,0,0,0,0,0,0,0,0,0,0,0,0,0,0
1989,240,7,31,59.2,2,8,1,0,0,0,1,1,25,1012,1012,1012,1016,0,0,0,0,0,1,1,0,0,0,463.7359004,0,0,0,0,3,1,1,0.05,10,0,0,0,3,14,1,0.05,100,0,0,0,0,0,0,0,0,0,0,0,0,0,0,0,0,0,0,0,0,0,0,0,0,0,0,0,0,0,0,0,0,0,0,0,0,0,0,0,0,0,0,0,0,0,0,0,0,0,0,0
1989,240,7,32,11.44,2,8,1,0,1,0,1,1,25,1012,1012,1012,1016,0,0,0,0,0,1,1,0,0,0,463.7563171,0,0,0,0,3,1,1,0.05,10,0,0,0,3,14,1,0.05,100,0,0,0,0,0,0,0,0,0,0,0,0,0,0,0,0,0,0,0,0,0,0,0,0,0,0,0,0,0,0,0,0,0,0,0,0,0,0,0,0,0,0,0,0,0,0,0,0,0,0,0
1989,240,7,32,47.2,2,8,1,0,0,0,1,1,25,1012,1012,1012,1016,0,0,0,0,0,1,1,0,0,0,463.8159659,0,0,0,0,3,1,1,0.05,10,0,0,0,3,14,1,0.05,100,0,0,0,0,0,0,0,0,0,0,0,0,0,0,0,0,0,0,0,0,0,0,0,0,0,0,0,0,0,0,0,0,0,0,0,0,0,0,0,0,0,0,0,0,0,0,0,0,0,0,0
1989,240,7,32,59.44,2,8,1,0,1,0,1,1,25,1012,1012,1012,1016,0,0,0,0,0,1,1,0,0,0,463.8363826,0,0,0,0,3,1,1,0.05,10,0,0,0,3,14,1,0.05,100,0,0,0,0,0,0,0,0,0,0,0,0,0,0,0,0,0,0,0,0,0,0,0,0,0,0,0,0,0,0,0,0,0,0,0,0,0,0,0,0,0,0,0,0,0,0,0,0,0,0,0
1989,240,7,33,35.2,2,8,1,0,0,0,1,1,25,1012,1012,1012,1016,0,0,0,0,0,1,1,0,0,0,463.8960313,0,0,0,0,3,1,1,0.05,10,0,0,0,3,14,1,0.05,100,0,0,0,0,0,0,0,0,0,0,0,0,0,0,0,0,0,0,0,0,0,0,0,0,0,0,0,0,0,0,0,0,0,0,0,0,0,0,0,0,0,0,0,0,0,0,0,0,0,0,0
1989,240,7,33,47.44,2,8,1,0,1,0,1,1,25,1012,1012,1012,1016,0,0,0,0,0,1,1,0,0,0,463.9164479,0,0,0,0,3,1,1,0.05,10,0,0,0,3,14,1,0.05,100,0,0,0,0,0,0,0,0,0,0,0,0,0,0,0,0,0,0,0,0,0,0,0,0,0,0,0,0,0,0,0,0,0,0,0,0,0,0,0,0,0,0,0,0,0,0,0,0,0,0,0
1989,240,7,34,23.199,2,8,1,0,0,0,1,1,25,1012,1012,1012,1016,0,0,0,0,0,1,1,0,0,0,463.9760949,0,0,0,0,3,1,1,0.05,10,0,0,0,3,14,1,0.05,100,0,0,0,0,0,0,0,0,0,0,0,0,0,0,0,0,0,0,0,0,0,0,0,0,0,0,0,0,0,0,0,0,0,0,0,0,0,0,0,0,0,0,0,0,0,0,0,0,0,0,0
1989,240,7,34,35.44,2,8,1,0,1,0,1,1,25,1012,1012,1012,1016,0,0,0,0,0,1,1,0,0,0,463.9965132,0,0,0,0,3,1,1,0.05,10,0,0,0,3,14,1,0.05,100,0,0,0,0,0,0,0,0,0,0,0,0,0,0,0,0,0,0,0,0,0,0,0,0,0,0,0,0,0,0,0,0,0,0,0,0,0,0,0,0,0,0,0,0,0,0,0,0,0,0,0
1989,240,7,35,11.199,2,8,1,0,0,0,1,1,25,1012,1012,1012,1016,0,0,0,0,0,1,1,0,0,0,464.0561602,0,0,0,0,3,1,1,0.05,10,0,0,0,3,14,1,0.05,100,0,0,0,0,0,0,0,0,0,0,0,0,0,0,0,0,0,0,0,0,0,0,0,0,0,0,0,0,0,0,0,0,0,0,0,0,0,0,0,0,0,0,0,0,0,0,0,0,0,0,0
1989,240,7,35,23.439,2,8,1,0,1,0,1,1,25,1012,1012,1012,1016,0,0,0,0,0,1,1,0,0,0,464.0765768,0,0,0,0,3,1,1,0.05,10,0,0,0,3,14,1,0.05,100,0,0,0,0,0,0,0,0,0,0,0,0,0,0,0,0,0,0,0,0,0,0,0,0,0,0,0,0,0,0,0,0,0,0,0,0,0,0,0,0,0,0,0,0,0,0,0,0,0,0,0
1989,240,7,35,59.199,2,8,1,0,0,0,1,1,25,1012,1012,1012,1016,0,0,0,0,0,1,1,0,0,0,464.1362254,0,0,0,0,3,1,1,0.05,10,0,0,0,3,14,1,0.05,100,0,0,0,0,0,0,0,0,0,0,0,0,0,0,0,0,0,0,0,0,0,0,0,0,0,0,0,0,0,0,0,0,0,0,0,0,0,0,0,0,0,0,0,0,0,0,0,0,0,0,0
1989,240,7,36,11.439,2,8,1,0,1,0,1,1,25,1012,1012,1012,1016,0,0,0,0,0,1,1,0,0,0,464.156642,0,0,0,0,3,1,1,0.05,10,0,0,0,3,14,1,0.05,100,0,0,0,0,0,0,0,0,0,0,0,0,0,0,0,0,0,0,0,0,0,0,0,0,0,0,0,0,0,0,0,0,0,0,0,0,0,0,0,0,0,0,0,0,0,0,0,0,0,0,0
1989,240,7,36,47.199,2,8,1,0,0,0,1,1,25,1012,1012,1012,1016,0,0,0,0,0,1,1,0,0,0,464.2162905,0,0,0,0,3,1,1,0.05,10,0,0,0,3,14,1,0.05,100,0,0,0,0,0,0,0,0,0,0,0,0,0,0,0,0,0,0,0,0,0,0,0,0,0,0,0,0,0,0,0,0,0,0,0,0,0,0,0,0,0,0,0,0,0,0,0,0,0,0,0
1989,240,7,36,59.439,2,8,1,0,1,0,1,1,25,1012,1012,1012,1016,0,0,0,0,0,1,1,0,0,0,464.2367071,0,0,0,0,3,1,1,0.05,10,0,0,0,3,14,1,0.05,100,0,0,0,0,0,0,0,0,0,0,0,0,0,0,0,0,0,0,0,0,0,0,0,0,0,0,0,0,0,0,0,0,0,0,0,0,0,0,0,0,0,0,0,0,0,0,0,0,0,0,0
1989,240,7,37,35.199,2,8,1,0,0,0,1,1,25,1012,1012,1012,1016,0,0,0,0,0,1,1,0,0,0,464.2963555,0,0,0,0,3,1,1,0.05,10,0,0,0,3,14,1,0.05,100,0,0,0,0,0,0,0,0,0,0,0,0,0,0,0,0,0,0,0,0,0,0,0,0,0,0,0,0,0,0,0,0,0,0,0,0,0,0,0,0,0,0,0,0,0,0,0,0,0,0,0
1989,240,7,37,47.439,2,8,1,0,1,0,1,1,25,1012,1012,1012,1016,0,0,0,0,0,1,1,0,0,0,464.3167721,0,0,0,0,3,1,1,0.05,10,0,0,0,3,14,1,0.05,100,0,0,0,0,0,0,0,0,0,0,0,0,0,0,0,0,0,0,0,0,0,0,0,0,0,0,0,0,0,0,0,0,0,0,0,0,0,0,0,0,0,0,0,0,0,0,0,0,0,0,0
1989,240,7,38,23.199,2,8,1,0,0,0,1,1,25,1012,1012,1012,1016,0,0,0,0,0,1,1,0,0,0,464.3764205,0,0,0,0,3,1,1,0.05,10,0,0,0,3,14,1,0.05,100,0,0,0,0,0,0,0,0,0,0,0,0,0,0,0,0,0,0,0,0,0,0,0,0,0,0,0,0,0,0,0,0,0,0,0,0,0,0,0,0,0,0,0,0,0,0,0,0,0,0,0
1989,240,7,38,35.439,2,8,1,0,1,0,1,1,25,1012,1012,1012,1016,0,0,0,0,0,1,1,0,0,0,464.3968371,0,0,0,0,3,1,1,0.05,10,0,0,0,3,14,1,0.05,100,0,0,0,0,0,0,0,0,0,0,0,0,0,0,0,0,0,0,0,0,0,0,0,0,0,0,0,0,0,0,0,0,0,0,0,0,0,0,0,0,0,0,0,0,0,0,0,0,0,0,0
1989,240,7,39,11.199,2,8,1,0,0,0,1,1,25,1012,1012,1012,1016,0,0,0,0,0,1,1,0,0,0,464.4564854,0,0,0,0,3,1,1,0.05,10,0,0,0,3,14,1,0.05,100,0,0,0,0,0,0,0,0,0,0,0,0,0,0,0,0,0,0,0,0,0,0,0,0,0,0,0,0,0,0,0,0,0,0,0,0,0,0,0,0,0,0,0,0,0,0,0,0,0,0,0
1989,240,7,39,23.439,2,8,1,0,1,0,1,1,25,1012,1012,1012,1016,0,0,0,0,0,1,1,0,0,0,464.4769019,0,0,0,0,3,1,1,0.05,10,0,0,0,3,14,1,0.05,100,0,0,0,0,0,0,0,0,0,0,0,0,0,0,0,0,0,0,0,0,0,0,0,0,0,0,0,0,0,0,0,0,0,0,0,0,0,0,0,0,0,0,0,0,0,0,0,0,0,0,0
1989,240,7,42,2.798,2,8,1,0,1,0,1,1,25,1012,1012,1012,1016,0,0,0,0,0,1,1,0,0,0,464.7427152,0,0,0,0,3,1,1,0.05,10,0,0,0,3,14,1,0.05,100,0,0,0,0,0,0,0,0,0,0,0,0,0,0,0,0,0,0,0,0,0,0,0,0,0,0,0,0,0,0,0,0,0,0,0,0,0,0,0,0,0,0,0,0,0,0,0,0,0,0,0
1989,240,7,42,23.199,2,8,1,0,0,0,1,1,25,1012,1012,1012,1016,0,0,0,0,0,1,1,0,0,0,464.7767443,0,0,0,0,3,1,1,0.05,10,0,0,0,3,14,1,0.05,100,0,0,0,0,0,0,0,0,0,0,0,0,0,0,0,0,0,0,0,0,0,0,0,0,0,0,0,0,0,0,0,0,0,0,0,0,0,0,0,0,0,0,0,0,0,0,0,0,0,0,0
1989,240,7,42,35.439,2,8,1,0,1,0,1,1,25,1012,1012,1012,1016,0,0,0,0,0,1,1,0,0,0,464.7971607,0,0,0,0,3,1,1,0.05,10,0,0,0,3,14,1,0.05,100,0,0,0,0,0,0,0,0,0,0,0,0,0,0,0,0,0,0,0,0,0,0,0,0,0,0,0,0,0,0,0,0,0,0,0,0,0,0,0,0,0,0,0,0,0,0,0,0,0,0,0
1989,240,7,43,11.199,2,8,1,0,0,0,1,1,25,1012,1012,1012,1016,0,0,0,0,0,1,1,0,0,0,464.8568088,0,0,0,0,3,1,1,0.05,10,0,0,0,3,14,1,0.05,100,0,0,0,0,0,0,0,0,0,0,0,0,0,0,0,0,0,0,0,0,0,0,0,0,0,0,0,0,0,0,0,0,0,0,0,0,0,0,0,0,0,0,0,0,0,0,0,0,0,0,0
1989,240,7,43,23.439,2,8,1,0,1,0,1,1,25,1012,1012,1012,1016,0,0,0,0,0,1,1,0,0,0,464.8772253,0,0,0,0,3,1,1,0.05,10,0,0,0,3,14,1,0.05,100,0,0,0,0,0,0,0,0,0,0,0,0,0,0,0,0,0,0,0,0,0,0,0,0,0,0,0,0,0,0,0,0,0,0,0,0,0,0,0,0,0,0,0,0,0,0,0,0,0,0,0
1989,240,7,43,59.199,2,8,1,0,0,0,1,1,25,1012,1012,1012,1016,0,0,0,0,0,1,1,0,0,0,464.9368733,0,0,0,0,3,1,1,0.05,10,0,0,0,3,14,1,0.05,100,0,0,0,0,0,0,0,0,0,0,0,0,0,0,0,0,0,0,0,0,0,0,0,0,0,0,0,0,0,0,0,0,0,0,0,0,0,0,0,0,0,0,0,0,0,0,0,0,0,0,0
1989,240,7,44,11.439,2,8,1,0,1,0,1,1,25,1012,1012,1012,1016,0,0,0,0,0,1,1,0,0,0,464.9572897,0,0,0,0,3,1,1,0.05,10,0,0,0,3,14,1,0.05,100,0,0,0,0,0,0,0,0,0,0,0,0,0,0,0,0,0,0,0,0,0,0,0,0,0,0,0,0,0,0,0,0,0,0,0,0,0,0,0,0,0,0,0,0,0,0,0,0,0,0,0
1989,240,7,44,47.199,2,8,1,0,0,0,1,1,25,1012,1012,1012,1016,0,0,0,0,0,1,1,0,0,0,465.0169377,0,0,0,0,3,1,1,0.05,10,0,0,0,3,14,1,0.05,100,0,0,0,0,0,0,0,0,0,0,0,0,0,0,0,0,0,0,0,0,0,0,0,0,0,0,0,0,0,0,0,0,0,0,0,0,0,0,0,0,0,0,0,0,0,0,0,0,0,0,0
1989,240,7,44,59.439,2,8,1,0,1,0,1,1,25,1012,1012,1012,1016,0,0,0,0,0,1,1,0,0,0,465.0373541,0,0,0,0,3,1,1,0.05,10,0,0,0,3,14,1,0.05,100,0,0,0,0,0,0,0,0,0,0,0,0,0,0,0,0,0,0,0,0,0,0,0,0,0,0,0,0,0,0,0,0,0,0,0,0,0,0,0,0,0,0,0,0,0,0,0,0,0,0,0
1989,240,7,45,35.199,2,8,1,0,0,0,1,1,25,1012,1012,1012,1016,0,0,0,0,0,1,1,0,0,0,465.097002,0,0,0,0,3,1,1,0.05,10,0,0,0,3,14,1,0.05,100,0,0,0,0,0,0,0,0,0,0,0,0,0,0,0,0,0,0,0,0,0,0,0,0,0,0,0,0,0,0,0,0,0,0,0,0,0,0,0,0,0,0,0,0,0,0,0,0,0,0,0
1989,240,7,45,47.439,2,8,1,0,1,0,1,1,25,1012,1012,1012,1016,0,0,0,0,0,1,1,0,0,0,465.1174184,0,0,0,0,3,1,1,0.05,10,0,0,0,3,14,1,0.05,100,0,0,0,0,0,0,0,0,0,0,0,0,0,0,0,0,0,0,0,0,0,0,0,0,0,0,0,0,0,0,0,0,0,0,0,0,0,0,0,0,0,0,0,0,0,0,0,0,0,0,0
1989,240,7,46,23.199,2,8,1,0,0,0,1,1,25,1012,1012,1012,1016,0,0,0,0,0,1,1,0,0,0,465.1770663,0,0,0,0,3,1,1,0.05,10,0,0,0,3,14,1,0.05,100,0,0,0,0,0,0,0,0,0,0,0,0,0,0,0,0,0,0,0,0,0,0,0,0,0,0,0,0,0,0,0,0,0,0,0,0,0,0,0,0,0,0,0,0,0,0,0,0,0,0,0
1989,240,7,46,35.439,2,8,1,0,1,0,1,1,25,1012,1012,1012,1016,0,0,0,0,0,1,1,0,0,0,465.1974826,0,0,0,0,3,1,1,0.05,10,0,0,0,3,14,1,0.05,100,0,0,0,0,0,0,0,0,0,0,0,0,0,0,0,0,0,0,0,0,0,0,0,0,0,0,0,0,0,0,0,0,0,0,0,0,0,0,0,0,0,0,0,0,0,0,0,0,0,0,0
1989,240,7,47,11.199,2,8,1,0,0,0,1,1,25,1012,1012,1012,1016,0,0,0,0,0,1,1,0,0,0,465.2571304,0,0,0,0,3,1,1,0.05,10,0,0,0,3,14,1,0.05,100,0,0,0,0,0,0,0,0,0,0,0,0,0,0,0,0,0,0,0,0,0,0,0,0,0,0,0,0,0,0,0,0,0,0,0,0,0,0,0,0,0,0,0,0,0,0,0,0,0,0,0
1989,240,7,47,23.439,2,8,1,0,1,0,1,1,25,1012,1012,1012,1016,0,0,0,0,0,1,1,0,0,0,465.2775468,0,0,0,0,3,1,1,0.05,10,0,0,0,3,14,1,0.05,100,0,0,0,0,0,0,0,0,0,0,0,0,0,0,0,0,0,0,0,0,0,0,0,0,0,0,0,0,0,0,0,0,0,0,0,0,0,0,0,0,0,0,0,0,0,0,0,0,0,0,0
1989,240,7,47,59.199,2,8,1,0,0,0,1,1,25,1012,1012,1012,1016,0,0,0,0,0,1,1,0,0,0,465.3371945,0,0,0,0,3,1,1,0.05,10,0,0,0,3,14,1,0.05,100,0,0,0,0,0,0,0,0,0,0,0,0,0,0,0,0,0,0,0,0,0,0,0,0,0,0,0,0,0,0,0,0,0,0,0,0,0,0,0,0,0,0,0,0,0,0,0,0,0,0,0
1989,240,7,48,11.439,2,8,1,0,1,0,1,1,25,1012,1012,1012,1016,0,0,0,0,0,1,1,0,0,0,465.3576109,0,0,0,0,3,1,1,0.05,10,0,0,0,3,14,1,0.05,100,0,0,0,0,0,0,0,0,0,0,0,0,0,0,0,0,0,0,0,0,0,0,0,0,0,0,0,0,0,0,0,0,0,0,0,0,0,0,0,0,0,0,0,0,0,0,0,0,0,0,0
1989,240,7,48,47.198,2,8,1,0,0,0,1,1,25,1012,1012,1012,1016,0,0,0,0,0,1,1,0,0,0,465.4172569,0,0,0,0,3,1,1,0.05,10,0,0,0,3,14,1,0.05,100,0,0,0,0,0,0,0,0,0,0,0,0,0,0,0,0,0,0,0,0,0,0,0,0,0,0,0,0,0,0,0,0,0,0,0,0,0,0,0,0,0,0,0,0,0,0,0,0,0,0,0
1989,240,7,48,59.438,2,8,1,0,1,0,1,1,25,1012,1012,1012,1016,0,0,0,0,0,1,1,0,0,0,465.4376732,0,0,0,0,3,1,1,0.05,10,0,0,0,3,14,1,0.05,100,0,0,0,0,0,0,0,0,0,0,0,0,0,0,0,0,0,0,0,0,0,0,0,0,0,0,0,0,0,0,0,0,0,0,0,0,0,0,0,0,0,0,0,0,0,0,0,0,0,0,0
1989,240,7,49,35.198,2,8,1,0,0,0,1,1,25,1012,1012,1012,1016,0,0,0,0,0,1,1,0,0,0,465.4973209,0,0,0,0,3,1,1,0.05,10,0,0,0,3,14,1,0.05,100,0,0,0,0,0,0,0,0,0,0,0,0,0,0,0,0,0,0,0,0,0,0,0,0,0,0,0,0,0,0,0,0,0,0,0,0,0,0,0,0,0,0,0,0,0,0,0,0,0,0,0
1989,240,7,49,47.438,2,8,1,0,1,0,1,1,25,1012,1012,1012,1016,0,0,0,0,0,1,1,0,0,0,465.5177372,0,0,0,0,3,1,1,0.05,10,0,0,0,3,14,1,0.05,100,0,0,0,0,0,0,0,0,0,0,0,0,0,0,0,0,0,0,0,0,0,0,0,0,0,0,0,0,0,0,0,0,0,0,0,0,0,0,0,0,0,0,0,0,0,0,0,0,0,0,0
1989,240,7,50,23.198,2,8,1,0,0,0,1,1,25,1012,1012,1012,1016,0,0,0,0,0,1,1,0,0,0,465.5773848,0,0,0,0,3,1,1,0.05,10,0,0,0,3,14,1,0.05,100,0,0,0,0,0,0,0,0,0,0,0,0,0,0,0,0,0,0,0,0,0,0,0,0,0,0,0,0,0,0,0,0,0,0,0,0,0,0,0,0,0,0,0,0,0,0,0,0,0,0,0
1989,240,7,50,35.438,2,8,1,0,1,0,1,1,25,1012,1012,1012,1016,0,0,0,0,0,1,1,0,0,0,465.597801,0,0,0,0,3,1,1,0.05,10,0,0,0,3,14,1,0.05,100,0,0,0,0,0,0,0,0,0,0,0,0,0,0,0,0,0,0,0,0,0,0,0,0,0,0,0,0,0,0,0,0,0,0,0,0,0,0,0,0,0,0,0,0,0,0,0,0,0,0,0
1989,240,7,51,11.198,2,8,1,0,0,0,1,1,25,1012,1012,1012,1016,0,0,0,0,0,1,1,0,0,0,465.6574486,0,0,0,0,3,1,1,0.05,10,0,0,0,3,14,1,0.05,100,0,0,0,0,0,0,0,0,0,0,0,0,0,0,0,0,0,0,0,0,0,0,0,0,0,0,0,0,0,0,0,0,0,0,0,0,0,0,0,0,0,0,0,0,0,0,0,0,0,0,0
1989,240,7,51,23.438,2,8,1,0,1,0,1,1,25,1012,1012,1012,1016,0,0,0,0,0,1,1,0,0,0,465.6778649,0,0,0,0,3,1,1,0.05,10,0,0,0,3,14,1,0.05,100,0,0,0,0,0,0,0,0,0,0,0,0,0,0,0,0,0,0,0,0,0,0,0,0,0,0,0,0,0,0,0,0,0,0,0,0,0,0,0,0,0,0,0,0,0,0,0,0,0,0,0
1989,240,7,54,2.798,2,8,1,0,1,0,1,1,25,1012,1012,1012,1016,0,0,0,0,0,1,1,0,0,0,465.9436762,0,0,0,0,3,1,1,0.05,10,0,0,0,3,14,1,0.05,100,0,0,0,0,0,0,0,0,0,0,0,0,0,0,0,0,0,0,0,0,0,0,0,0,0,0,0,0,0,0,0,0,0,0,0,0,0,0,0,0,0,0,0,0,0,0,0,0,0,0,0
1989,240,7,54,23.198,2,8,1,0,0,0,1,1,25,1012,1012,1012,1016,0,0,0,0,0,1,1,0,0,0,465.9777032,0,0,0,0,3,1,1,0.05,10,0,0,0,3,14,1,0.05,100,0,0,0,0,0,0,0,0,0,0,0,0,0,0,0,0,0,0,0,0,0,0,0,0,0,0,0,0,0,0,0,0,0,0,0,0,0,0,0,0,0,0,0,0,0,0,0,0,0,0,0
1989,240,7,54,35.438,2,8,1,0,1,0,1,1,25,1012,1012,1012,1016,0,0,0,0,0,1,1,0,0,0,465.9981194,0,0,0,0,3,1,1,0.05,10,0,0,0,3,14,1,0.05,100,0,0,0,0,0,0,0,0,0,0,0,0,0,0,0,0,0,0,0,0,0,0,0,0,0,0,0,0,0,0,0,0,0,0,0,0,0,0,0,0,0,0,0,0,0,0,0,0,0,0,0
1989,240,7,55,11.198,2,8,1,0,0,0,1,1,25,1012,1012,1012,1016,0,0,0,0,0,1,1,0,0,0,466.0577666,0,0,0,0,3,1,1,0.05,10,0,0,0,3,14,1,0.05,100,0,0,0,0,0,0,0,0,0,0,0,0,0,0,0,0,0,0,0,0,0,0,0,0,0,0,0,0,0,0,0,0,0,0,0,0,0,0,0,0,0,0,0,0,0,0,0,0,0,0,0
1989,240,7,55,23.438,2,8,1,0,1,0,1,1,25,1012,1012,1012,1016,0,0,0,0,0,1,1,0,0,0,466.0781828,0,0,0,0,3,1,1,0.05,10,0,0,0,3,14,1,0.05,100,0,0,0,0,0,0,0,0,0,0,0,0,0,0,0,0,0,0,0,0,0,0,0,0,0,0,0,0,0,0,0,0,0,0,0,0,0,0,0,0,0,0,0,0,0,0,0,0,0,0,0
1989,240,7,55,59.198,2,8,1,0,0,0,1,1,25,1012,1012,1012,1016,0,0,0,0,0,1,1,0,0,0,466.13783,0,0,0,0,3,1,1,0.05,10,0,0,0,3,14,1,0.05,100,0,0,0,0,0,0,0,0,0,0,0,0,0,0,0,0,0,0,0,0,0,0,0,0,0,0,0,0,0,0,0,0,0,0,0,0,0,0,0,0,0,0,0,0,0,0,0,0,0,0,0
1989,240,7,56,11.438,2,8,1,0,1,0,1,1,25,1012,1012,1012,1016,0,0,0,0,0,1,1,0,0,0,466.1582462,0,0,0,0,3,1,1,0.05,10,0,0,0,3,14,1,0.05,100,0,0,0,0,0,0,0,0,0,0,0,0,0,0,0,0,0,0,0,0,0,0,0,0,0,0,0,0,0,0,0,0,0,0,0,0,0,0,0,0,0,0,0,0,0,0,0,0,0,0,0
1989,240,7,56,47.198,2,8,1,0,0,0,1,1,25,1012,1012,1012,1016,0,0,0,0,0,1,1,0,0,0,466.2178933,0,0,0,0,3,1,1,0.05,10,0,0,0,3,14,1,0.05,100,0,0,0,0,0,0,0,0,0,0,0,0,0,0,0,0,0,0,0,0,0,0,0,0,0,0,0,0,0,0,0,0,0,0,0,0,0,0,0,0,0,0,0,0,0,0,0,0,0,0,0
1989,240,7,56,59.438,2,8,1,0,1,0,1,1,25,1012,1012,1012,1016,0,0,0,0,0,1,1,0,0,0,466.2383095,0,0,0,0,3,1,1,0.05,10,0,0,0,3,14,1,0.05,100,0,0,0,0,0,0,0,0,0,0,0,0,0,0,0,0,0,0,0,0,0,0,0,0,0,0,0,0,0,0,0,0,0,0,0,0,0,0,0,0,0,0,0,0,0,0,0,0,0,0,0
1989,240,7,57,35.198,2,8,1,0,0,0,1,1,25,1012,1012,1012,1016,0,0,0,0,0,1,1,0,0,0,466.2979566,0,0,0,0,3,1,1,0.05,10,0,0,0,3,14,1,0.05,100,0,0,0,0,0,0,0,0,0,0,0,0,0,0,0,0,0,0,0,0,0,0,0,0,0,0,0,0,0,0,0,0,0,0,0,0,0,0,0,0,0,0,0,0,0,0,0,0,0,0,0
1989,240,7,57,47.438,2,8,1,0,1,0,1,1,25,1012,1012,1012,1016,0,0,0,0,0,1,1,0,0,0,466.3183727,0,0,0,0,3,1,1,0.05,10,0,0,0,3,14,1,0.05,100,0,0,0,0,0,0,0,0,0,0,0,0,0,0,0,0,0,0,0,0,0,0,0,0,0,0,0,0,0,0,0,0,0,0,0,0,0,0,0,0,0,0,0,0,0,0,0,0,0,0,0
1989,240,7,58,23.198,2,8,1,0,0,0,1,1,25,1012,1012,1012,1016,0,0,0,0,0,1,1,0,0,0,466.3780198,0,0,0,0,3,1,1,0.05,10,0,0,0,3,14,1,0.05,100,0,0,0,0,0,0,0,0,0,0,0,0,0,0,0,0,0,0,0,0,0,0,0,0,0,0,0,0,0,0,0,0,0,0,0,0,0,0,0,0,0,0,0,0,0,0,0,0,0,0,0
1989,240,7,58,35.438,2,8,1,0,1,0,1,1,25,1012,1012,1012,1016,0,0,0,0,0,1,1,0,0,0,466.3984359,0,0,0,0,3,1,1,0.05,10,0,0,0,3,14,1,0.05,100,0,0,0,0,0,0,0,0,0,0,0,0,0,0,0,0,0,0,0,0,0,0,0,0,0,0,0,0,0,0,0,0,0,0,0,0,0,0,0,0,0,0,0,0,0,0,0,0,0,0,0
1989,240,7,59,11.198,2,8,1,0,0,0,1,1,25,1012,1012,1012,1016,0,0,0,0,0,1,1,0,0,0,466.4580829,0,0,0,0,3,1,1,0.05,10,0,0,0,3,14,1,0.05,100,0,0,0,0,0,0,0,0,0,0,0,0,0,0,0,0,0,0,0,0,0,0,0,0,0,0,0,0,0,0,0,0,0,0,0,0,0,0,0,0,0,0,0,0,0,0,0,0,0,0,0
1989,240,7,59,23.438,2,8,1,0,1,0,1,1,25,1012,1012,1012,1016,0,0,0,0,0,1,1,0,0,0,466.478499,0,0,0,0,3,1,1,0.05,10,0,0,0,3,14,1,0.05,100,0,0,0,0,0,0,0,0,0,0,0,0,0,0,0,0,0,0,0,0,0,0,0,0,0,0,0,0,0,0,0,0,0,0,0,0,0,0,0,0,0,0,0,0,0,0,0,0,0,0,0
1989,240,7,59,59.198,2,8,1,0,0,0,1,1,25,1012,1012,1012,1016,0,0,0,0,0,1,1,0,0,0,466.5381459,0,0,0,0,3,1,1,0.05,10,0,0,0,3,14,1,0.05,100,0,0,0,0,0,0,0,0,0,0,0,0,0,0,0,0,0,0,0,0,0,0,0,0,0,0,0,0,0,0,0,0,0,0,0,0,0,0,0,0,0,0,0,0,0,0,0,0,0,0,0
1989,240,8,0,11.438,2,8,1,0,1,0,1,1,25,1012,1012,1012,1016,0,0,0,0,0,1,1,0,0,0,466.558562,0,0,0,0,3,1,1,0.05,10,0,0,0,3,14,1,0.05,100,0,0,0,0,0,0,0,0,0,0,0,0,0,0,0,0,0,0,0,0,0,0,0,0,0,0,0,0,0,0,0,0,0,0,0,0,0,0,0,0,0,0,0,0,0,0,0,0,0,0,0
1989,240,8,0,47.198,2,8,1,0,0,0,1,1,25,1012,1012,1012,1016,0,0,0,0,0,1,1,0,0,0,466.6182089,0,0,0,0,3,1,1,0.05,10,0,0,0,3,14,1,0.05,100,0,0,0,0,0,0,0,0,0,0,0,0,0,0,0,0,0,0,0,0,0,0,0,0,0,0,0,0,0,0,0,0,0,0,0,0,0,0,0,0,0,0,0,0,0,0,0,0,0,0,0
1989,240,8,0,59.438,2,8,1,0,1,0,1,1,25,1012,1012,1012,1016,0,0,0,0,0,1,1,0,0,0,466.6386249,0,0,0,0,3,1,1,0.05,10,0,0,0,3,14,1,0.05,100,0,0,0,0,0,0,0,0,0,0,0,0,0,0,0,0,0,0,0,0,0,0,0,0,0,0,0,0,0,0,0,0,0,0,0,0,0,0,0,0,0,0,0,0,0,0,0,0,0,0,0
1989,240,8,1,35.197,2,8,1,0,0,0,1,1,25,1012,1012,1012,1016,0,0,0,0,0,1,1,0,0,0,466.6982701,0,0,0,0,3,1,1,0.05,10,0,0,0,3,14,1,0.05,100,0,0,0,0,0,0,0,0,0,0,0,0,0,0,0,0,0,0,0,0,0,0,0,0,0,0,0,0,0,0,0,0,0,0,0,0,0,0,0,0,0,0,0,0,0,0,0,0,0,0,0
1989,240,8,1,47.437,2,8,1,0,1,0,1,1,25,1012,1012,1012,1016,0,0,0,0,0,1,1,0,0,0,466.7186861,0,0,0,0,3,1,1,0.05,10,0,0,0,3,14,1,0.05,100,0,0,0,0,0,0,0,0,0,0,0,0,0,0,0,0,0,0,0,0,0,0,0,0,0,0,0,0,0,0,0,0,0,0,0,0,0,0,0,0,0,0,0,0,0,0,0,0,0,0,0
1989,240,8,2,23.196,2,8,1,0,0,0,1,1,25,1012,1012,1012,1016,0,0,0,0,0,1,1,0,0,0,466.7783313,0,0,0,0,3,1,1,0.05,10,0,0,0,3,14,1,0.05,100,0,0,0,0,0,0,0,0,0,0,0,0,0,0,0,0,0,0,0,0,0,0,0,0,0,0,0,0,0,0,0,0,0,0,0,0,0,0,0,0,0,0,0,0,0,0,0,0,0,0,0
1989,240,8,2,35.437,2,8,1,0,1,0,1,1,25,1012,1012,1012,1016,0,0,0,0,0,1,1,0,0,0,466.7987489,0,0,0,0,3,1,1,0.05,10,0,0,0,3,14,1,0.05,100,0,0,0,0,0,0,0,0,0,0,0,0,0,0,0,0,0,0,0,0,0,0,0,0,0,0,0,0,0,0,0,0,0,0,0,0,0,0,0,0,0,0,0,0,0,0,0,0,0,0,0
1989,240,8,3,11.197,2,8,1,0,0,0,1,1,25,1012,1012,1012,1016,0,0,0,0,0,1,1,0,0,0,466.8583957,0,0,0,0,3,1,1,0.05,10,0,0,0,3,14,1,0.05,100,0,0,0,0,0,0,0,0,0,0,0,0,0,0,0,0,0,0,0,0,0,0,0,0,0,0,0,0,0,0,0,0,0,0,0,0,0,0,0,0,0,0,0,0,0,0,0,0,0,0,0
1989,240,8,3,23.437,2,8,1,0,1,0,1,1,25,1012,1012,1012,1016,0,0,0,0,0,1,1,0,0,0,466.8788117,0,0,0,0,3,1,1,0.05,10,0,0,0,3,14,1,0.05,100,0,0,0,0,0,0,0,0,0,0,0,0,0,0,0,0,0,0,0,0,0,0,0,0,0,0,0,0,0,0,0,0,0,0,0,0,0,0,0,0,0,0,0,0,0,0,0,0,0,0,0
1989,240,8,6,2.796,2,8,1,0,1,0,1,1,25,1012,1012,1012,1016,0,0,0,0,0,1,1,0,0,0,467.1446178,0,0,0,0,3,1,1,0.05,10,0,0,0,3,14,1,0.05,100,0,0,0,0,0,0,0,0,0,0,0,0,0,0,0,0,0,0,0,0,0,0,0,0,0,0,0,0,0,0,0,0,0,0,0,0,0,0,0,0,0,0,0,0,0,0,0,0,0,0,0
1989,240,8,6,23.196,2,8,1,0,0,0,1,1,25,1012,1012,1012,1016,0,0,0,0,0,1,1,0,0,0,467.1786443,0,0,0,0,3,1,1,0.05,10,0,0,0,3,14,1,0.05,100,0,0,0,0,0,0,0,0,0,0,0,0,0,0,0,0,0,0,0,0,0,0,0,0,0,0,0,0,0,0,0,0,0,0,0,0,0,0,0,0,0,0,0,0,0,0,0,0,0,0,0
1989,240,8,6,35.437,2,8,1,0,1,0,1,1,25,1012,1012,1012,1016,0,0,0,0,0,1,1,0,0,0,467.1990619,0,0,0,0,3,1,1,0.05,10,0,0,0,3,14,1,0.05,100,0,0,0,0,0,0,0,0,0,0,0,0,0,0,0,0,0,0,0,0,0,0,0,0,0,0,0,0,0,0,0,0,0,0,0,0,0,0,0,0,0,0,0,0,0,0,0,0,0,0,0
1989,240,8,7,11.197,2,8,1,0,0,0,1,1,25,1012,1012,1012,1016,0,0,0,0,0,1,1,0,0,0,467.2587084,0,0,0,0,3,1,1,0.05,10,0,0,0,3,14,1,0.05,100,0,0,0,0,0,0,0,0,0,0,0,0,0,0,0,0,0,0,0,0,0,0,0,0,0,0,0,0,0,0,0,0,0,0,0,0,0,0,0,0,0,0,0,0,0,0,0,0,0,0,0
1989,240,8,7,23.437,2,8,1,0,1,0,1,1,25,1012,1012,1012,1016,0,0,0,0,0,1,1,0,0,0,467.2791243,0,0,0,0,3,1,1,0.05,10,0,0,0,3,14,1,0.05,100,0,0,0,0,0,0,0,0,0,0,0,0,0,0,0,0,0,0,0,0,0,0,0,0,0,0,0,0,0,0,0,0,0,0,0,0,0,0,0,0,0,0,0,0,0,0,0,0,0,0,0
1989,240,8,7,59.197,2,8,1,0,0,0,1,1,25,1012,1012,1012,1016,0,0,0,0,0,1,1,0,0,0,467.3387707,0,0,0,0,3,1,1,0.05,10,0,0,0,3,14,1,0.05,100,0,0,0,0,0,0,0,0,0,0,0,0,0,0,0,0,0,0,0,0,0,0,0,0,0,0,0,0,0,0,0,0,0,0,0,0,0,0,0,0,0,0,0,0,0,0,0,0,0,0,0
1989,240,8,8,11.437,2,8,1,0,1,0,1,1,25,1012,1012,1012,1016,0,0,0,0,0,1,1,0,0,0,467.3591866,0,0,0,0,3,1,1,0.05,10,0,0,0,3,14,1,0.05,100,0,0,0,0,0,0,0,0,0,0,0,0,0,0,0,0,0,0,0,0,0,0,0,0,0,0,0,0,0,0,0,0,0,0,0,0,0,0,0,0,0,0,0,0,0,0,0,0,0,0,0
1989,240,8,8,47.197,2,8,1,0,0,0,1,1,25,1012,1012,1012,1016,0,0,0,0,0,1,1,0,0,0,467.4188329,0,0,0,0,3,1,1,0.05,10,0,0,0,3,14,1,0.05,100,0,0,0,0,0,0,0,0,0,0,0,0,0,0,0,0,0,0,0,0,0,0,0,0,0,0,0,0,0,0,0,0,0,0,0,0,0,0,0,0,0,0,0,0,0,0,0,0,0,0,0
1989,240,8,8,59.437,2,8,1,0,1,0,1,1,25,1012,1012,1012,1016,0,0,0,0,0,1,1,0,0,0,467.4392488,0,0,0,0,3,1,1,0.05,10,0,0,0,3,14,1,0.05,100,0,0,0,0,0,0,0,0,0,0,0,0,0,0,0,0,0,0,0,0,0,0,0,0,0,0,0,0,0,0,0,0,0,0,0,0,0,0,0,0,0,0,0,0,0,0,0,0,0,0,0
1989,240,8,9,35.197,2,8,1,0,0,0,1,1,25,1012,1012,1012,1016,0,0,0,0,0,1,1,0,0,0,467.4988951,0,0,0,0,3,1,1,0.05,10,0,0,0,3,14,1,0.05,100,0,0,0,0,0,0,0,0,0,0,0,0,0,0,0,0,0,0,0,0,0,0,0,0,0,0,0,0,0,0,0,0,0,0,0,0,0,0,0,0,0,0,0,0,0,0,0,0,0,0,0
1989,240,8,9,47.437,2,8,1,0,1,0,1,1,25,1012,1012,1012,1016,0,0,0,0,0,1,1,0,0,0,467.519311,0,0,0,0,3,1,1,0.05,10,0,0,0,3,14,1,0.05,100,0,0,0,0,0,0,0,0,0,0,0,0,0,0,0,0,0,0,0,0,0,0,0,0,0,0,0,0,0,0,0,0,0,0,0,0,0,0,0,0,0,0,0,0,0,0,0,0,0,0,0
1989,240,8,10,23.196,2,8,1,0,0,0,1,1,25,1012,1012,1012,1016,0,0,0,0,0,1,1,0,0,0,467.5789556,0,0,0,0,3,1,1,0.05,10,0,0,0,3,14,1,0.05,100,0,0,0,0,0,0,0,0,0,0,0,0,0,0,0,0,0,0,0,0,0,0,0,0,0,0,0,0,0,0,0,0,0,0,0,0,0,0,0,0,0,0,0,0,0,0,0,0,0,0,0
1989,240,8,10,35.437,2,8,1,0,1,0,1,1,25,1012,1012,1012,1016,0,0,0,0,0,1,1,0,0,0,467.5993731,0,0,0,0,3,1,1,0.05,10,0,0,0,3,14,1,0.05,100,0,0,0,0,0,0,0,0,0,0,0,0,0,0,0,0,0,0,0,0,0,0,0,0,0,0,0,0,0,0,0,0,0,0,0,0,0,0,0,0,0,0,0,0,0,0,0,0,0,0,0
1989,240,8,11,11.197,2,8,1,0,0,0,1,1,25,1012,1012,1012,1016,0,0,0,0,0,1,1,0,0,0,467.6590193,0,0,0,0,3,1,1,0.05,10,0,0,0,3,14,1,0.05,100,0,0,0,0,0,0,0,0,0,0,0,0,0,0,0,0,0,0,0,0,0,0,0,0,0,0,0,0,0,0,0,0,0,0,0,0,0,0,0,0,0,0,0,0,0,0,0,0,0,0,0
1989,240,8,11,23.437,2,8,1,0,1,0,1,1,25,1012,1012,1012,1016,0,0,0,0,0,1,1,0,0,0,467.6794351,0,0,0,0,3,1,1,0.05,10,0,0,0,3,14,1,0.05,100,0,0,0,0,0,0,0,0,0,0,0,0,0,0,0,0,0,0,0,0,0,0,0,0,0,0,0,0,0,0,0,0,0,0,0,0,0,0,0,0,0,0,0,0,0,0,0,0,0,0,0
1989,240,8,11,59.197,2,8,1,0,0,0,1,1,25,1012,1012,1012,1016,0,0,0,0,0,1,1,0,0,0,467.7390813,0,0,0,0,3,1,1,0.05,10,0,0,0,3,14,1,0.05,100,0,0,0,0,0,0,0,0,0,0,0,0,0,0,0,0,0,0,0,0,0,0,0,0,0,0,0,0,0,0,0,0,0,0,0,0,0,0,0,0,0,0,0,0,0,0,0,0,0,0,0
1989,240,8,12,11.437,2,8,1,0,1,0,1,1,25,1012,1012,1012,1016,0,0,0,0,0,1,1,0,0,0,467.759497,0,0,0,0,3,1,1,0.05,10,0,0,0,3,14,1,0.05,100,0,0,0,0,0,0,0,0,0,0,0,0,0,0,0,0,0,0,0,0,0,0,0,0,0,0,0,0,0,0,0,0,0,0,0,0,0,0,0,0,0,0,0,0,0,0,0,0,0,0,0
1989,240,8,12,47.197,2,8,1,0,0,0,1,1,25,1012,1012,1012,1016,0,0,0,0,0,1,1,0,0,0,467.8191432,0,0,0,0,3,1,1,0.05,10,0,0,0,3,14,1,0.05,100,0,0,0,0,0,0,0,0,0,0,0,0,0,0,0,0,0,0,0,0,0,0,0,0,0,0,0,0,0,0,0,0,0,0,0,0,0,0,0,0,0,0,0,0,0,0,0,0,0,0,0
1989,240,8,12,59.437,2,8,1,0,1,0,1,1,25,1012,1012,1012,1016,0,0,0,0,0,1,1,0,0,0,467.8395589,0,0,0,0,3,1,1,0.05,10,0,0,0,3,14,1,0.05,100,0,0,0,0,0,0,0,0,0,0,0,0,0,0,0,0,0,0,0,0,0,0,0,0,0,0,0,0,0,0,0,0,0,0,0,0,0,0,0,0,0,0,0,0,0,0,0,0,0,0,0
1989,240,8,13,35.197,2,8,1,0,0,0,1,1,25,1012,1012,1012,1016,0,0,0,0,0,1,1,0,0,0,467.899205,0,0,0,0,3,1,1,0.05,10,0,0,0,3,14,1,0.05,100,0,0,0,0,0,0,0,0,0,0,0,0,0,0,0,0,0,0,0,0,0,0,0,0,0,0,0,0,0,0,0,0,0,0,0,0,0,0,0,0,0,0,0,0,0,0,0,0,0,0,0
1989,240,8,13,47.437,2,8,1,0,1,0,1,1,25,1012,1012,1012,1016,0,0,0,0,0,1,1,0,0,0,467.9196207,0,0,0,0,3,1,1,0.05,10,0,0,0,3,14,1,0.05,100,0,0,0,0,0,0,0,0,0,0,0,0,0,0,0,0,0,0,0,0,0,0,0,0,0,0,0,0,0,0,0,0,0,0,0,0,0,0,0,0,0,0,0,0,0,0,0,0,0,0,0
1989,240,8,14,23.196,2,8,1,0,0,0,1,1,25,1012,1012,1012,1016,0,0,0,0,0,1,1,0,0,0,467.9792651,0,0,0,0,3,1,1,0.05,10,0,0,0,3,14,1,0.05,100,0,0,0,0,0,0,0,0,0,0,0,0,0,0,0,0,0,0,0,0,0,0,0,0,0,0,0,0,0,0,0,0,0,0,0,0,0,0,0,0,0,0,0,0,0,0,0,0,0,0,0
1989,240,8,14,35.436,2,8,1,0,1,0,1,1,25,1012,1012,1012,1016,0,0,0,0,0,1,1,0,0,0,467.9996808,0,0,0,0,3,1,1,0.05,10,0,0,0,3,14,1,0.05,100,0,0,0,0,0,0,0,0,0,0,0,0,0,0,0,0,0,0,0,0,0,0,0,0,0,0,0,0,0,0,0,0,0,0,0,0,0,0,0,0,0,0,0,0,0,0,0,0,0,0,0
1989,240,8,15,11.196,2,8,1,0,0,0,1,1,25,1012,1012,1012,1016,0,0,0,0,0,1,1,0,0,0,468.0593268,0,0,0,0,3,1,1,0.05,10,0,0,0,3,14,1,0.05,100,0,0,0,0,0,0,0,0,0,0,0,0,0,0,0,0,0,0,0,0,0,0,0,0,0,0,0,0,0,0,0,0,0,0,0,0,0,0,0,0,0,0,0,0,0,0,0,0,0,0,0
1989,240,8,15,23.436,2,8,1,0,1,0,1,1,25,1012,1012,1012,1016,0,0,0,0,0,1,1,0,0,0,468.0797425,0,0,0,0,3,1,1,0.05,10,0,0,0,3,14,1,0.05,100,0,0,0,0,0,0,0,0,0,0,0,0,0,0,0,0,0,0,0,0,0,0,0,0,0,0,0,0,0,0,0,0,0,0,0,0,0,0,0,0,0,0,0,0,0,0,0,0,0,0,0
1989,240,8,18,2.795,2,8,1,0,1,0,1,1,25,1012,1012,1012,1016,0,0,0,0,0,1,1,0,0,0,468.345545,0,0,0,0,3,1,1,0.05,10,0,0,0,3,14,1,0.05,100,0,0,0,0,0,0,0,0,0,0,0,0,0,0,0,0,0,0,0,0,0,0,0,0,0,0,0,0,0,0,0,0,0,0,0,0,0,0,0,0,0,0,0,0,0,0,0,0,0,0,0
1989,240,8,18,23.196,2,8,1,0,0,0,1,1,25,1012,1012,1012,1016,0,0,0,0,0,1,1,0,0,0,468.3795728,0,0,0,0,3,1,1,0.05,10,0,0,0,3,14,1,0.05,100,0,0,0,0,0,0,0,0,0,0,0,0,0,0,0,0,0,0,0,0,0,0,0,0,0,0,0,0,0,0,0,0,0,0,0,0,0,0,0,0,0,0,0,0,0,0,0,0,0,0,0
1989,240,8,18,35.436,2,8,1,0,1,0,1,1,25,1012,1012,1012,1016,0,0,0,0,0,1,1,0,0,0,468.3999884,0,0,0,0,3,1,1,0.05,10,0,0,0,3,14,1,0.05,100,0,0,0,0,0,0,0,0,0,0,0,0,0,0,0,0,0,0,0,0,0,0,0,0,0,0,0,0,0,0,0,0,0,0,0,0,0,0,0,0,0,0,0,0,0,0,0,0,0,0,0
1989,240,8,19,11.196,2,8,1,0,0,0,1,1,25,1012,1012,1012,1016,0,0,0,0,0,1,1,0,0,0,468.4596341,0,0,0,0,3,1,1,0.05,10,0,0,0,3,14,1,0.05,100,0,0,0,0,0,0,0,0,0,0,0,0,0,0,0,0,0,0,0,0,0,0,0,0,0,0,0,0,0,0,0,0,0,0,0,0,0,0,0,0,0,0,0,0,0,0,0,0,0,0,0
1989,240,8,19,23.436,2,8,1,0,1,0,1,1,25,1012,1012,1012,1016,0,0,0,0,0,1,1,0,0,0,468.4800498,0,0,0,0,3,1,1,0.05,10,0,0,0,3,14,1,0.05,100,0,0,0,0,0,0,0,0,0,0,0,0,0,0,0,0,0,0,0,0,0,0,0,0,0,0,0,0,0,0,0,0,0,0,0,0,0,0,0,0,0,0,0,0,0,0,0,0,0,0,0
1989,240,8,19,59.196,2,8,1,0,0,0,1,1,25,1012,1012,1012,1016,0,0,0,0,0,1,1,0,0,0,468.5396954,0,0,0,0,3,1,1,0.05,10,0,0,0,3,14,1,0.05,100,0,0,0,0,0,0,0,0,0,0,0,0,0,0,0,0,0,0,0,0,0,0,0,0,0,0,0,0,0,0,0,0,0,0,0,0,0,0,0,0,0,0,0,0,0,0,0,0,0,0,0
1989,240,8,20,11.436,2,8,1,0,1,0,1,1,25,1012,1012,1012,1016,0,0,0,0,0,1,1,0,0,0,468.560111,0,0,0,0,3,1,1,0.05,10,0,0,0,3,14,1,0.05,100,0,0,0,0,0,0,0,0,0,0,0,0,0,0,0,0,0,0,0,0,0,0,0,0,0,0,0,0,0,0,0,0,0,0,0,0,0,0,0,0,0,0,0,0,0,0,0,0,0,0,0
1989,240,8,20,47.196,2,8,1,0,0,0,1,1,25,1012,1012,1012,1016,0,0,0,0,0,1,1,0,0,0,468.6197566,0,0,0,0,3,1,1,0.05,10,0,0,0,3,14,1,0.05,100,0,0,0,0,0,0,0,0,0,0,0,0,0,0,0,0,0,0,0,0,0,0,0,0,0,0,0,0,0,0,0,0,0,0,0,0,0,0,0,0,0,0,0,0,0,0,0,0,0,0,0
1989,240,8,20,59.435,2,8,1,0,1,0,1,1,25,1012,1012,1012,1016,0,0,0,0,0,1,1,0,0,0,468.6401705,0,0,0,0,3,1,1,0.05,10,0,0,0,3,14,1,0.05,100,0,0,0,0,0,0,0,0,0,0,0,0,0,0,0,0,0,0,0,0,0,0,0,0,0,0,0,0,0,0,0,0,0,0,0,0,0,0,0,0,0,0,0,0,0,0,0,0,0,0,0
1989,240,8,21,35.196,2,8,1,0,0,0,1,1,25,1012,1012,1012,1016,0,0,0,0,0,1,1,0,0,0,468.6998177,0,0,0,0,3,1,1,0.05,10,0,0,0,3,14,1,0.05,100,0,0,0,0,0,0,0,0,0,0,0,0,0,0,0,0,0,0,0,0,0,0,0,0,0,0,0,0,0,0,0,0,0,0,0,0,0,0,0,0,0,0,0,0,0,0,0,0,0,0,0
1989,240,8,21,47.435,2,8,1,0,1,0,1,1,25,1012,1012,1012,1016,0,0,0,0,0,1,1,0,0,0,468.7202316,0,0,0,0,3,1,1,0.05,10,0,0,0,3,14,1,0.05,100,0,0,0,0,0,0,0,0,0,0,0,0,0,0,0,0,0,0,0,0,0,0,0,0,0,0,0,0,0,0,0,0,0,0,0,0,0,0,0,0,0,0,0,0,0,0,0,0,0,0,0
1989,240,8,22,23.196,2,8,1,0,0,0,1,1,25,1012,1012,1012,1016,0,0,0,0,0,1,1,0,0,0,468.7798788,0,0,0,0,3,1,1,0.05,10,0,0,0,3,14,1,0.05,100,0,0,0,0,0,0,0,0,0,0,0,0,0,0,0,0,0,0,0,0,0,0,0,0,0,0,0,0,0,0,0,0,0,0,0,0,0,0,0,0,0,0,0,0,0,0,0,0,0,0,0
1989,240,8,22,35.436,2,8,1,0,1,0,1,1,25,1012,1012,1012,1016,0,0,0,0,0,1,1,0,0,0,468.8002943,0,0,0,0,3,1,1,0.05,10,0,0,0,3,14,1,0.05,100,0,0,0,0,0,0,0,0,0,0,0,0,0,0,0,0,0,0,0,0,0,0,0,0,0,0,0,0,0,0,0,0,0,0,0,0,0,0,0,0,0,0,0,0,0,0,0,0,0,0,0
1989,240,8,23,11.196,2,8,1,0,0,0,1,1,25,1012,1012,1012,1016,0,0,0,0,0,1,1,0,0,0,468.8599397,0,0,0,0,3,1,1,0.05,10,0,0,0,3,14,1,0.05,100,0,0,0,0,0,0,0,0,0,0,0,0,0,0,0,0,0,0,0,0,0,0,0,0,0,0,0,0,0,0,0,0,0,0,0,0,0,0,0,0,0,0,0,0,0,0,0,0,0,0,0
1989,240,8,23,23.436,2,8,1,0,1,0,1,1,25,1012,1012,1012,1016,0,0,0,0,0,1,1,0,0,0,468.8803553,0,0,0,0,3,1,1,0.05,10,0,0,0,3,14,1,0.05,100,0,0,0,0,0,0,0,0,0,0,0,0,0,0,0,0,0,0,0,0,0,0,0,0,0,0,0,0,0,0,0,0,0,0,0,0,0,0,0,0,0,0,0,0,0,0,0,0,0,0,0
1989,240,8,23,59.196,2,8,1,0,0,0,1,1,25,1012,1012,1012,1016,0,0,0,0,0,1,1,0,0,0,468.9400006,0,0,0,0,3,1,1,0.05,10,0,0,0,3,14,1,0.05,100,0,0,0,0,0,0,0,0,0,0,0,0,0,0,0,0,0,0,0,0,0,0,0,0,0,0,0,0,0,0,0,0,0,0,0,0,0,0,0,0,0,0,0,0,0,0,0,0,0,0,0
1989,240,8,24,11.436,2,8,1,0,1,0,1,1,25,1012,1012,1012,1016,0,0,0,0,0,1,1,0,0,0,468.9604162,0,0,0,0,3,1,1,0.05,10,0,0,0,3,14,1,0.05,100,0,0,0,0,0,0,0,0,0,0,0,0,0,0,0,0,0,0,0,0,0,0,0,0,0,0,0,0,0,0,0,0,0,0,0,0,0,0,0,0,0,0,0,0,0,0,0,0,0,0,0
1989,240,8,24,47.196,2,8,1,0,0,0,1,1,25,1012,1012,1012,1016,0,0,0,0,0,1,1,0,0,0,469.0200615,0,0,0,0,3,1,1,0.05,10,0,0,0,3,14,1,0.05,100,0,0,0,0,0,0,0,0,0,0,0,0,0,0,0,0,0,0,0,0,0,0,0,0,0,0,0,0,0,0,0,0,0,0,0,0,0,0,0,0,0,0,0,0,0,0,0,0,0,0,0
1989,240,8,24,59.435,2,8,1,0,1,0,1,1,25,1012,1012,1012,1016,0,0,0,0,0,1,1,0,0,0,469.0404753,0,0,0,0,3,1,1,0.05,10,0,0,0,3,14,1,0.05,100,0,0,0,0,0,0,0,0,0,0,0,0,0,0,0,0,0,0,0,0,0,0,0,0,0,0,0,0,0,0,0,0,0,0,0,0,0,0,0,0,0,0,0,0,0,0,0,0,0,0,0
1989,240,8,25,35.196,2,8,1,0,0,0,1,1,25,1012,1012,1012,1016,0,0,0,0,0,1,1,0,0,0,469.1001222,0,0,0,0,3,1,1,0.05,10,0,0,0,3,14,1,0.05,100,0,0,0,0,0,0,0,0,0,0,0,0,0,0,0,0,0,0,0,0,0,0,0,0,0,0,0,0,0,0,0,0,0,0,0,0,0,0,0,0,0,0,0,0,0,0,0,0,0,0,0
1989,240,8,25,47.435,2,8,1,0,1,0,1,1,25,1012,1012,1012,1016,0,0,0,0,0,1,1,0,0,0,469.1205361,0,0,0,0,3,1,1,0.05,10,0,0,0,3,14,1,0.05,100,0,0,0,0,0,0,0,0,0,0,0,0,0,0,0,0,0,0,0,0,0,0,0,0,0,0,0,0,0,0,0,0,0,0,0,0,0,0,0,0,0,0,0,0,0,0,0,0,0,0,0
1989,240,8,26,23.196,2,8,1,0,0,0,1,1,25,1012,1012,1012,1016,0,0,0,0,0,1,1,0,0,0,469.1801829,0,0,0,0,3,1,1,0.05,10,0,0,0,3,14,1,0.05,100,0,0,0,0,0,0,0,0,0,0,0,0,0,0,0,0,0,0,0,0,0,0,0,0,0,0,0,0,0,0,0,0,0,0,0,0,0,0,0,0,0,0,0,0,0,0,0,0,0,0,0
1989,240,8,26,35.436,2,8,1,0,1,0,1,1,25,1012,1012,1012,1016,0,0,0,0,0,1,1,0,0,0,469.2005984,0,0,0,0,3,1,1,0.05,10,0,0,0,3,14,1,0.05,100,0,0,0,0,0,0,0,0,0,0,0,0,0,0,0,0,0,0,0,0,0,0,0,0,0,0,0,0,0,0,0,0,0,0,0,0,0,0,0,0,0,0,0,0,0,0,0,0,0,0,0
1989,240,8,27,11.195,2,8,1,0,0,0,1,1,25,1012,1012,1012,1016,0,0,0,0,0,1,1,0,0,0,469.2602419,0,0,0,0,3,1,1,0.05,10,0,0,0,3,14,1,0.05,100,0,0,0,0,0,0,0,0,0,0,0,0,0,0,0,0,0,0,0,0,0,0,0,0,0,0,0,0,0,0,0,0,0,0,0,0,0,0,0,0,0,0,0,0,0,0,0,0,0,0,0
1989,240,8,27,23.435,2,8,1,0,1,0,1,1,25,1012,1012,1012,1016,0,0,0,0,0,1,1,0,0,0,469.2806574,0,0,0,0,3,1,1,0.05,10,0,0,0,3,14,1,0.05,100,0,0,0,0,0,0,0,0,0,0,0,0,0,0,0,0,0,0,0,0,0,0,0,0,0,0,0,0,0,0,0,0,0,0,0,0,0,0,0,0,0,0,0,0,0,0,0,0,0,0,0
1989,240,8,30,2.794,2,8,1,0,1,0,1,1,25,1012,1012,1012,1016,0,0,0,0,0,1,1,0,0,0,469.5464564,0,0,0,0,3,1,1,0.05,10,0,0,0,3,14,1,0.05,100,0,0,0,0,0,0,0,0,0,0,0,0,0,0,0,0,0,0,0,0,0,0,0,0,0,0,0,0,0,0,0,0,0,0,0,0,0,0,0,0,0,0,0,0,0,0,0,0,0,0,0
1989,240,8,30,23.195,2,8,1,0,0,0,1,1,25,1012,1012,1012,1016,0,0,0,0,0,1,1,0,0,0,469.5804837,0,0,0,0,3,1,1,0.05,10,0,0,0,3,14,1,0.05,100,0,0,0,0,0,0,0,0,0,0,0,0,0,0,0,0,0,0,0,0,0,0,0,0,0,0,0,0,0,0,0,0,0,0,0,0,0,0,0,0,0,0,0,0,0,0,0,0,0,0,0
1989,240,8,30,35.435,2,8,1,0,1,0,1,1,25,1012,1012,1012,1016,0,0,0,0,0,1,1,0,0,0,469.6008991,0,0,0,0,3,1,1,0.05,10,0,0,0,3,14,1,0.05,100,0,0,0,0,0,0,0,0,0,0,0,0,0,0,0,0,0,0,0,0,0,0,0,0,0,0,0,0,0,0,0,0,0,0,0,0,0,0,0,0,0,0,0,0,0,0,0,0,0,0,0
1989,240,8,31,11.195,2,8,1,0,0,0,1,1,25,1012,1012,1012,1016,0,0,0,0,0,1,1,0,0,0,469.660544,0,0,0,0,3,1,1,0.05,10,0,0,0,3,14,1,0.05,100,0,0,0,0,0,0,0,0,0,0,0,0,0,0,0,0,0,0,0,0,0,0,0,0,0,0,0,0,0,0,0,0,0,0,0,0,0,0,0,0,0,0,0,0,0,0,0,0,0,0,0
1989,240,8,31,23.435,2,8,1,0,1,0,1,1,25,1012,1012,1012,1016,0,0,0,0,0,1,1,0,0,0,469.6809593,0,0,0,0,3,1,1,0.05,10,0,0,0,3,14,1,0.05,100,0,0,0,0,0,0,0,0,0,0,0,0,0,0,0,0,0,0,0,0,0,0,0,0,0,0,0,0,0,0,0,0,0,0,0,0,0,0,0,0,0,0,0,0,0,0,0,0,0,0,0
1989,240,8,31,59.195,2,8,1,0,0,0,1,1,25,1012,1012,1012,1016,0,0,0,0,0,1,1,0,0,0,469.7406042,0,0,0,0,3,1,1,0.05,10,0,0,0,3,14,1,0.05,100,0,0,0,0,0,0,0,0,0,0,0,0,0,0,0,0,0,0,0,0,0,0,0,0,0,0,0,0,0,0,0,0,0,0,0,0,0,0,0,0,0,0,0,0,0,0,0,0,0,0,0
1989,240,8,32,11.434,2,8,1,0,1,0,1,1,25,1012,1012,1012,1016,0,0,0,0,0,1,1,0,0,0,469.7610179,0,0,0,0,3,1,1,0.05,10,0,0,0,3,14,1,0.05,100,0,0,0,0,0,0,0,0,0,0,0,0,0,0,0,0,0,0,0,0,0,0,0,0,0,0,0,0,0,0,0,0,0,0,0,0,0,0,0,0,0,0,0,0,0,0,0,0,0,0,0
1989,240,8,32,47.195,2,8,1,0,0,0,1,1,25,1012,1012,1012,1016,0,0,0,0,0,1,1,0,0,0,469.8206643,0,0,0,0,3,1,1,0.05,10,0,0,0,3,14,1,0.05,100,0,0,0,0,0,0,0,0,0,0,0,0,0,0,0,0,0,0,0,0,0,0,0,0,0,0,0,0,0,0,0,0,0,0,0,0,0,0,0,0,0,0,0,0,0,0,0,0,0,0,0
1989,240,8,32,59.434,2,8,1,0,1,0,1,1,25,1012,1012,1012,1016,0,0,0,0,0,1,1,0,0,0,469.841078,0,0,0,0,3,1,1,0.05,10,0,0,0,3,14,1,0.05,100,0,0,0,0,0,0,0,0,0,0,0,0,0,0,0,0,0,0,0,0,0,0,0,0,0,0,0,0,0,0,0,0,0,0,0,0,0,0,0,0,0,0,0,0,0,0,0,0,0,0,0
1989,240,8,33,35.195,2,8,1,0,0,0,1,1,25,1012,1012,1012,1016,0,0,0,0,0,1,1,0,0,0,469.9007244,0,0,0,0,3,1,1,0.05,10,0,0,0,3,14,1,0.05,100,0,0,0,0,0,0,0,0,0,0,0,0,0,0,0,0,0,0,0,0,0,0,0,0,0,0,0,0,0,0,0,0,0,0,0,0,0,0,0,0,0,0,0,0,0,0,0,0,0,0,0
1989,240,8,33,47.434,2,8,1,0,1,0,1,1,25,1012,1012,1012,1016,0,0,0,0,0,1,1,0,0,0,469.921138,0,0,0,0,3,1,1,0.05,10,0,0,0,3,14,1,0.05,100,0,0,0,0,0,0,0,0,0,0,0,0,0,0,0,0,0,0,0,0,0,0,0,0,0,0,0,0,0,0,0,0,0,0,0,0,0,0,0,0,0,0,0,0,0,0,0,0,0,0,0
1989,240,8,34,23.195,2,8,1,0,0,0,1,1,25,1012,1012,1012,1016,0,0,0,0,0,1,1,0,0,0,469.9807844,0,0,0,0,3,1,1,0.05,10,0,0,0,3,14,1,0.05,100,0,0,0,0,0,0,0,0,0,0,0,0,0,0,0,0,0,0,0,0,0,0,0,0,0,0,0,0,0,0,0,0,0,0,0,0,0,0,0,0,0,0,0,0,0,0,0,0,0,0,0
1989,240,8,34,35.435,2,8,1,0,1,0,1,1,25,1012,1012,1012,1016,0,0,0,0,0,1,1,0,0,0,470.0011997,0,0,0,0,3,1,1,0.05,10,0,0,0,3,14,1,0.05,100,0,0,0,0,0,0,0,0,0,0,0,0,0,0,0,0,0,0,0,0,0,0,0,0,0,0,0,0,0,0,0,0,0,0,0,0,0,0,0,0,0,0,0,0,0,0,0,0,0,0,0
1989,240,8,35,11.195,2,8,1,0,0,0,1,1,25,1012,1012,1012,1016,0,0,0,0,0,1,1,0,0,0,470.0608443,0,0,0,0,3,1,1,0.05,10,0,0,0,3,14,1,0.05,100,0,0,0,0,0,0,0,0,0,0,0,0,0,0,0,0,0,0,0,0,0,0,0,0,0,0,0,0,0,0,0,0,0,0,0,0,0,0,0,0,0,0,0,0,0,0,0,0,0,0,0
1989,240,8,35,23.435,2,8,1,0,1,0,1,1,25,1012,1012,1012,1016,0,0,0,0,0,1,1,0,0,0,470.0812596,0,0,0,0,3,1,1,0.05,10,0,0,0,3,14,1,0.05,100,0,0,0,0,0,0,0,0,0,0,0,0,0,0,0,0,0,0,0,0,0,0,0,0,0,0,0,0,0,0,0,0,0,0,0,0,0,0,0,0,0,0,0,0,0,0,0,0,0,0,0
1989,240,8,35,59.195,2,8,1,0,0,0,1,1,25,1012,1012,1012,1016,0,0,0,0,0,1,1,0,0,0,470.1409042,0,0,0,0,3,1,1,0.05,10,0,0,0,3,14,1,0.05,100,0,0,0,0,0,0,0,0,0,0,0,0,0,0,0,0,0,0,0,0,0,0,0,0,0,0,0,0,0,0,0,0,0,0,0,0,0,0,0,0,0,0,0,0,0,0,0,0,0,0,0
1989,240,8,36,11.434,2,8,1,0,1,0,1,1,25,1012,1012,1012,1016,0,0,0,0,0,1,1,0,0,0,470.1613177,0,0,0,0,3,1,1,0.05,10,0,0,0,3,14,1,0.05,100,0,0,0,0,0,0,0,0,0,0,0,0,0,0,0,0,0,0,0,0,0,0,0,0,0,0,0,0,0,0,0,0,0,0,0,0,0,0,0,0,0,0,0,0,0,0,0,0,0,0,0
1989,240,8,36,47.195,2,8,1,0,0,0,1,1,25,1012,1012,1012,1016,0,0,0,0,0,1,1,0,0,0,470.2209639,0,0,0,0,3,1,1,0.05,10,0,0,0,3,14,1,0.05,100,0,0,0,0,0,0,0,0,0,0,0,0,0,0,0,0,0,0,0,0,0,0,0,0,0,0,0,0,0,0,0,0,0,0,0,0,0,0,0,0,0,0,0,0,0,0,0,0,0,0,0
1989,240,8,36,59.434,2,8,1,0,1,0,1,1,25,1012,1012,1012,1016,0,0,0,0,0,1,1,0,0,0,470.2413775,0,0,0,0,3,1,1,0.05,10,0,0,0,3,14,1,0.05,100,0,0,0,0,0,0,0,0,0,0,0,0,0,0,0,0,0,0,0,0,0,0,0,0,0,0,0,0,0,0,0,0,0,0,0,0,0,0,0,0,0,0,0,0,0,0,0,0,0,0,0
1989,240,8,37,35.195,2,8,1,0,0,0,1,1,25,1012,1012,1012,1016,0,0,0,0,0,1,1,0,0,0,470.3010237,0,0,0,0,3,1,1,0.05,10,0,0,0,3,14,1,0.05,100,0,0,0,0,0,0,0,0,0,0,0,0,0,0,0,0,0,0,0,0,0,0,0,0,0,0,0,0,0,0,0,0,0,0,0,0,0,0,0,0,0,0,0,0,0,0,0,0,0,0,0
1989,240,8,37,47.434,2,8,1,0,1,0,1,1,25,1012,1012,1012,1016,0,0,0,0,0,1,1,0,0,0,470.3214372,0,0,0,0,3,1,1,0.05,10,0,0,0,3,14,1,0.05,100,0,0,0,0,0,0,0,0,0,0,0,0,0,0,0,0,0,0,0,0,0,0,0,0,0,0,0,0,0,0,0,0,0,0,0,0,0,0,0,0,0,0,0,0,0,0,0,0,0,0,0
1989,240,8,38,23.195,2,8,1,0,0,0,1,1,25,1012,1012,1012,1016,0,0,0,0,0,1,1,0,0,0,470.3810833,0,0,0,0,3,1,1,0.05,10,0,0,0,3,14,1,0.05,100,0,0,0,0,0,0,0,0,0,0,0,0,0,0,0,0,0,0,0,0,0,0,0,0,0,0,0,0,0,0,0,0,0,0,0,0,0,0,0,0,0,0,0,0,0,0,0,0,0,0,0
1989,240,8,38,35.435,2,8,1,0,1,0,1,1,25,1012,1012,1012,1016,0,0,0,0,0,1,1,0,0,0,470.4014985,0,0,0,0,3,1,1,0.05,10,0,0,0,3,14,1,0.05,100,0,0,0,0,0,0,0,0,0,0,0,0,0,0,0,0,0,0,0,0,0,0,0,0,0,0,0,0,0,0,0,0,0,0,0,0,0,0,0,0,0,0,0,0,0,0,0,0,0,0,0
1989,240,8,39,11.195,2,8,1,0,0,0,1,1,25,1012,1012,1012,1016,0,0,0,0,0,1,1,0,0,0,470.4611429,0,0,0,0,3,1,1,0.05,10,0,0,0,3,14,1,0.05,100,0,0,0,0,0,0,0,0,0,0,0,0,0,0,0,0,0,0,0,0,0,0,0,0,0,0,0,0,0,0,0,0,0,0,0,0,0,0,0,0,0,0,0,0,0,0,0,0,0,0,0
1989,240,8,39,23.435,2,8,1,0,1,0,1,1,25,1012,1012,1012,1016,0,0,0,0,0,1,1,0,0,0,470.4815581,0,0,0,0,3,1,1,0.05,10,0,0,0,3,14,1,0.05,100,0,0,0,0,0,0,0,0,0,0,0,0,0,0,0,0,0,0,0,0,0,0,0,0,0,0,0,0,0,0,0,0,0,0,0,0,0,0,0,0,0,0,0,0,0,0,0,0,0,0,0
1989,240,8,42,2.793,2,8,1,0,1,0,1,1,25,1012,1012,1012,1016,0,0,0,0,0,1,1,0,0,0,470.7473519,0,0,0,0,3,1,1,0.05,10,0,0,0,3,14,1,0.05,100,0,0,0,0,0,0,0,0,0,0,0,0,0,0,0,0,0,0,0,0,0,0,0,0,0,0,0,0,0,0,0,0,0,0,0,0,0,0,0,0,0,0,0,0,0,0,0,0,0,0,0
1989,240,8,42,23.193,2,8,1,0,0,0,1,1,25,1012,1012,1012,1016,0,0,0,0,0,1,1,0,0,0,470.7813771,0,0,0,0,3,1,1,0.05,10,0,0,0,3,14,1,0.05,100,0,0,0,0,0,0,0,0,0,0,0,0,0,0,0,0,0,0,0,0,0,0,0,0,0,0,0,0,0,0,0,0,0,0,0,0,0,0,0,0,0,0,0,0,0,0,0,0,0,0,0
1989,240,8,42,35.434,2,8,1,0,1,0,1,1,25,1012,1012,1012,1016,0,0,0,0,0,1,1,0,0,0,470.8017939,0,0,0,0,3,1,1,0.05,10,0,0,0,3,14,1,0.05,100,0,0,0,0,0,0,0,0,0,0,0,0,0,0,0,0,0,0,0,0,0,0,0,0,0,0,0,0,0,0,0,0,0,0,0,0,0,0,0,0,0,0,0,0,0,0,0,0,0,0,0
1989,240,8,43,11.194,2,8,1,0,0,0,1,1,25,1012,1012,1012,1016,0,0,0,0,0,1,1,0,0,0,470.861438,0,0,0,0,3,1,1,0.05,10,0,0,0,3,14,1,0.05,100,0,0,0,0,0,0,0,0,0,0,0,0,0,0,0,0,0,0,0,0,0,0,0,0,0,0,0,0,0,0,0,0,0,0,0,0,0,0,0,0,0,0,0,0,0,0,0,0,0,0,0
1989,240,8,43,23.434,2,8,1,0,1,0,1,1,25,1012,1012,1012,1016,0,0,0,0,0,1,1,0,0,0,470.8818531,0,0,0,0,3,1,1,0.05,10,0,0,0,3,14,1,0.05,100,0,0,0,0,0,0,0,0,0,0,0,0,0,0,0,0,0,0,0,0,0,0,0,0,0,0,0,0,0,0,0,0,0,0,0,0,0,0,0,0,0,0,0,0,0,0,0,0,0,0,0
1989,240,8,43,59.194,2,8,1,0,0,0,1,1,25,1012,1012,1012,1016,0,0,0,0,0,1,1,0,0,0,470.9414972,0,0,0,0,3,1,1,0.05,10,0,0,0,3,14,1,0.05,100,0,0,0,0,0,0,0,0,0,0,0,0,0,0,0,0,0,0,0,0,0,0,0,0,0,0,0,0,0,0,0,0,0,0,0,0,0,0,0,0,0,0,0,0,0,0,0,0,0,0,0
1989,240,8,44,11.434,2,8,1,0,1,0,1,1,25,1012,1012,1012,1016,0,0,0,0,0,1,1,0,0,0,470.9619122,0,0,0,0,3,1,1,0.05,10,0,0,0,3,14,1,0.05,100,0,0,0,0,0,0,0,0,0,0,0,0,0,0,0,0,0,0,0,0,0,0,0,0,0,0,0,0,0,0,0,0,0,0,0,0,0,0,0,0,0,0,0,0,0,0,0,0,0,0,0
1989,240,8,44,47.194,2,8,1,0,0,0,1,1,25,1012,1012,1012,1016,0,0,0,0,0,1,1,0,0,0,471.0215563,0,0,0,0,3,1,1,0.05,10,0,0,0,3,14,1,0.05,100,0,0,0,0,0,0,0,0,0,0,0,0,0,0,0,0,0,0,0,0,0,0,0,0,0,0,0,0,0,0,0,0,0,0,0,0,0,0,0,0,0,0,0,0,0,0,0,0,0,0,0
1989,240,8,44,59.434,2,8,1,0,1,0,1,1,25,1012,1012,1012,1016,0,0,0,0,0,1,1,0,0,0,471.0419713,0,0,0,0,3,1,1,0.05,10,0,0,0,3,14,1,0.05,100,0,0,0,0,0,0,0,0,0,0,0,0,0,0,0,0,0,0,0,0,0,0,0,0,0,0,0,0,0,0,0,0,0,0,0,0,0,0,0,0,0,0,0,0,0,0,0,0,0,0,0
1989,240,8,45,35.194,2,8,1,0,0,0,1,1,25,1012,1012,1012,1016,0,0,0,0,0,1,1,0,0,0,471.1016153,0,0,0,0,3,1,1,0.05,10,0,0,0,3,14,1,0.05,100,0,0,0,0,0,0,0,0,0,0,0,0,0,0,0,0,0,0,0,0,0,0,0,0,0,0,0,0,0,0,0,0,0,0,0,0,0,0,0,0,0,0,0,0,0,0,0,0,0,0,0
1989,240,8,45,47.434,2,8,1,0,1,0,1,1,25,1012,1012,1012,1016,0,0,0,0,0,1,1,0,0,0,471.1220303,0,0,0,0,3,1,1,0.05,10,0,0,0,3,14,1,0.05,100,0,0,0,0,0,0,0,0,0,0,0,0,0,0,0,0,0,0,0,0,0,0,0,0,0,0,0,0,0,0,0,0,0,0,0,0,0,0,0,0,0,0,0,0,0,0,0,0,0,0,0
1989,240,8,46,23.193,2,8,1,0,0,0,1,1,25,1012,1012,1012,1016,0,0,0,0,0,1,1,0,0,0,471.1816725,0,0,0,0,3,1,1,0.05,10,0,0,0,3,14,1,0.05,100,0,0,0,0,0,0,0,0,0,0,0,0,0,0,0,0,0,0,0,0,0,0,0,0,0,0,0,0,0,0,0,0,0,0,0,0,0,0,0,0,0,0,0,0,0,0,0,0,0,0,0
1989,240,8,46,35.434,2,8,1,0,1,0,1,1,25,1012,1012,1012,1016,0,0,0,0,0,1,1,0,0,0,471.2020892,0,0,0,0,3,1,1,0.05,10,0,0,0,3,14,1,0.05,100,0,0,0,0,0,0,0,0,0,0,0,0,0,0,0,0,0,0,0,0,0,0,0,0,0,0,0,0,0,0,0,0,0,0,0,0,0,0,0,0,0,0,0,0,0,0,0,0,0,0,0
1989,240,8,47,11.194,2,8,1,0,0,0,1,1,25,1012,1012,1012,1016,0,0,0,0,0,1,1,0,0,0,471.2617331,0,0,0,0,3,1,1,0.05,10,0,0,0,3,14,1,0.05,100,0,0,0,0,0,0,0,0,0,0,0,0,0,0,0,0,0,0,0,0,0,0,0,0,0,0,0,0,0,0,0,0,0,0,0,0,0,0,0,0,0,0,0,0,0,0,0,0,0,0,0
1989,240,8,47,23.434,2,8,1,0,1,0,1,1,25,1012,1012,1012,1016,0,0,0,0,0,1,1,0,0,0,471.2821481,0,0,0,0,3,1,1,0.05,10,0,0,0,3,14,1,0.05,100,0,0,0,0,0,0,0,0,0,0,0,0,0,0,0,0,0,0,0,0,0,0,0,0,0,0,0,0,0,0,0,0,0,0,0,0,0,0,0,0,0,0,0,0,0,0,0,0,0,0,0
1989,240,8,47,59.194,2,8,1,0,0,0,1,1,25,1012,1012,1012,1016,0,0,0,0,0,1,1,0,0,0,471.3417919,0,0,0,0,3,1,1,0.05,10,0,0,0,3,14,1,0.05,100,0,0,0,0,0,0,0,0,0,0,0,0,0,0,0,0,0,0,0,0,0,0,0,0,0,0,0,0,0,0,0,0,0,0,0,0,0,0,0,0,0,0,0,0,0,0,0,0,0,0,0
1989,240,8,48,11.434,2,8,1,0,1,0,1,1,25,1012,1012,1012,1016,0,0,0,0,0,1,1,0,0,0,471.3622069,0,0,0,0,3,1,1,0.05,10,0,0,0,3,14,1,0.05,100,0,0,0,0,0,0,0,0,0,0,0,0,0,0,0,0,0,0,0,0,0,0,0,0,0,0,0,0,0,0,0,0,0,0,0,0,0,0,0,0,0,0,0,0,0,0,0,0,0,0,0
1989,240,8,48,47.194,2,8,1,0,0,0,1,1,25,1012,1012,1012,1016,0,0,0,0,0,1,1,0,0,0,471.4218506,0,0,0,0,3,1,1,0.05,10,0,0,0,3,14,1,0.05,100,0,0,0,0,0,0,0,0,0,0,0,0,0,0,0,0,0,0,0,0,0,0,0,0,0,0,0,0,0,0,0,0,0,0,0,0,0,0,0,0,0,0,0,0,0,0,0,0,0,0,0
1989,240,8,48,59.434,2,8,1,0,1,0,1,1,25,1012,1012,1012,1016,0,0,0,0,0,1,1,0,0,0,471.4422656,0,0,0,0,3,1,1,0.05,10,0,0,0,3,14,1,0.05,100,0,0,0,0,0,0,0,0,0,0,0,0,0,0,0,0,0,0,0,0,0,0,0,0,0,0,0,0,0,0,0,0,0,0,0,0,0,0,0,0,0,0,0,0,0,0,0,0,0,0,0
1989,240,8,49,35.194,2,8,1,0,0,0,1,1,25,1012,1012,1012,1016,0,0,0,0,0,1,1,0,0,0,471.5019093,0,0,0,0,3,1,1,0.05,10,0,0,0,3,14,1,0.05,100,0,0,0,0,0,0,0,0,0,0,0,0,0,0,0,0,0,0,0,0,0,0,0,0,0,0,0,0,0,0,0,0,0,0,0,0,0,0,0,0,0,0,0,0,0,0,0,0,0,0,0
1989,240,8,49,47.434,2,8,1,0,1,0,1,1,25,1012,1012,1012,1016,0,0,0,0,0,1,1,0,0,0,471.5223242,0,0,0,0,3,1,1,0.05,10,0,0,0,3,14,1,0.05,100,0,0,0,0,0,0,0,0,0,0,0,0,0,0,0,0,0,0,0,0,0,0,0,0,0,0,0,0,0,0,0,0,0,0,0,0,0,0,0,0,0,0,0,0,0,0,0,0,0,0,0
1989,240,8,50,23.193,2,8,1,0,0,0,1,1,25,1012,1012,1012,1016,0,0,0,0,0,1,1,0,0,0,471.5819662,0,0,0,0,3,1,1,0.05,10,0,0,0,3,14,1,0.05,100,0,0,0,0,0,0,0,0,0,0,0,0,0,0,0,0,0,0,0,0,0,0,0,0,0,0,0,0,0,0,0,0,0,0,0,0,0,0,0,0,0,0,0,0,0,0,0,0,0,0,0
1989,240,8,50,35.434,2,8,1,0,1,0,1,1,25,1012,1012,1012,1016,0,0,0,0,0,1,1,0,0,0,471.6023828,0,0,0,0,3,1,1,0.05,10,0,0,0,3,14,1,0.05,100,0,0,0,0,0,0,0,0,0,0,0,0,0,0,0,0,0,0,0,0,0,0,0,0,0,0,0,0,0,0,0,0,0,0,0,0,0,0,0,0,0,0,0,0,0,0,0,0,0,0,0
1989,240,8,51,11.194,2,8,1,0,0,0,1,1,25,1012,1012,1012,1016,0,0,0,0,0,1,1,0,0,0,471.6620264,0,0,0,0,3,1,1,0.05,10,0,0,0,3,14,1,0.05,100,0,0,0,0,0,0,0,0,0,0,0,0,0,0,0,0,0,0,0,0,0,0,0,0,0,0,0,0,0,0,0,0,0,0,0,0,0,0,0,0,0,0,0,0,0,0,0,0,0,0,0
1989,240,8,51,23.434,2,8,1,0,1,0,1,1,25,1012,1012,1012,1016,0,0,0,0,0,1,1,0,0,0,471.6824413,0,0,0,0,3,1,1,0.05,10,0,0,0,3,14,1,0.05,100,0,0,0,0,0,0,0,0,0,0,0,0,0,0,0,0,0,0,0,0,0,0,0,0,0,0,0,0,0,0,0,0,0,0,0,0,0,0,0,0,0,0,0,0,0,0,0,0,0,0,0
1989,240,8,54,2.792,2,8,1,0,1,0,1,1,25,1012,1012,1012,1016,0,0,0,0,0,1,1,0,0,0,471.9482317,0,0,0,0,3,1,1,0.05,10,0,0,0,3,14,1,0.05,100,0,0,0,0,0,0,0,0,0,0,0,0,0,0,0,0,0,0,0,0,0,0,0,0,0,0,0,0,0,0,0,0,0,0,0,0,0,0,0,0,0,0,0,0,0,0,0,0,0,0,0
1989,240,8,54,23.192,2,8,1,0,0,0,1,1,25,1012,1012,1012,1016,0,0,0,0,0,1,1,0,0,0,471.9822565,0,0,0,0,3,1,1,0.05,10,0,0,0,3,14,1,0.05,100,0,0,0,0,0,0,0,0,0,0,0,0,0,0,0,0,0,0,0,0,0,0,0,0,0,0,0,0,0,0,0,0,0,0,0,0,0,0,0,0,0,0,0,0,0,0,0,0,0,0,0
1989,240,8,54,35.433,2,8,1,0,1,0,1,1,25,1012,1012,1012,1016,0,0,0,0,0,1,1,0,0,0,472.002673,0,0,0,0,3,1,1,0.05,10,0,0,0,3,14,1,0.05,100,0,0,0,0,0,0,0,0,0,0,0,0,0,0,0,0,0,0,0,0,0,0,0,0,0,0,0,0,0,0,0,0,0,0,0,0,0,0,0,0,0,0,0,0,0,0,0,0,0,0,0
1989,240,8,55,11.193,2,8,1,0,0,0,1,1,25,1012,1012,1012,1016,0,0,0,0,0,1,1,0,0,0,472.0623163,0,0,0,0,3,1,1,0.05,10,0,0,0,3,14,1,0.05,100,0,0,0,0,0,0,0,0,0,0,0,0,0,0,0,0,0,0,0,0,0,0,0,0,0,0,0,0,0,0,0,0,0,0,0,0,0,0,0,0,0,0,0,0,0,0,0,0,0,0,0
1989,240,8,55,23.433,2,8,1,0,1,0,1,1,25,1012,1012,1012,1016,0,0,0,0,0,1,1,0,0,0,472.0827311,0,0,0,0,3,1,1,0.05,10,0,0,0,3,14,1,0.05,100,0,0,0,0,0,0,0,0,0,0,0,0,0,0,0,0,0,0,0,0,0,0,0,0,0,0,0,0,0,0,0,0,0,0,0,0,0,0,0,0,0,0,0,0,0,0,0,0,0,0,0
1989,240,8,55,59.193,2,8,1,0,0,0,1,1,25,1012,1012,1012,1016,0,0,0,0,0,1,1,0,0,0,472.1423744,0,0,0,0,3,1,1,0.05,10,0,0,0,3,14,1,0.05,100,0,0,0,0,0,0,0,0,0,0,0,0,0,0,0,0,0,0,0,0,0,0,0,0,0,0,0,0,0,0,0,0,0,0,0,0,0,0,0,0,0,0,0,0,0,0,0,0,0,0,0
1989,240,8,56,11.433,2,8,1,0,1,0,1,1,25,1012,1012,1012,1016,0,0,0,0,0,1,1,0,0,0,472.1627892,0,0,0,0,3,1,1,0.05,10,0,0,0,3,14,1,0.05,100,0,0,0,0,0,0,0,0,0,0,0,0,0,0,0,0,0,0,0,0,0,0,0,0,0,0,0,0,0,0,0,0,0,0,0,0,0,0,0,0,0,0,0,0,0,0,0,0,0,0,0
1989,240,8,56,47.193,2,8,1,0,0,0,1,1,25,1012,1012,1012,1016,0,0,0,0,0,1,1,0,0,0,472.2224325,0,0,0,0,3,1,1,0.05,10,0,0,0,3,14,1,0.05,100,0,0,0,0,0,0,0,0,0,0,0,0,0,0,0,0,0,0,0,0,0,0,0,0,0,0,0,0,0,0,0,0,0,0,0,0,0,0,0,0,0,0,0,0,0,0,0,0,0,0,0
1989,240,8,56,59.433,2,8,1,0,1,0,1,1,25,1012,1012,1012,1016,0,0,0,0,0,1,1,0,0,0,472.2428472,0,0,0,0,3,1,1,0.05,10,0,0,0,3,14,1,0.05,100,0,0,0,0,0,0,0,0,0,0,0,0,0,0,0,0,0,0,0,0,0,0,0,0,0,0,0,0,0,0,0,0,0,0,0,0,0,0,0,0,0,0,0,0,0,0,0,0,0,0,0
1989,240,8,57,35.193,2,8,1,0,0,0,1,1,25,1012,1012,1012,1016,0,0,0,0,0,1,1,0,0,0,472.3024904,0,0,0,0,3,1,1,0.05,10,0,0,0,3,14,1,0.05,100,0,0,0,0,0,0,0,0,0,0,0,0,0,0,0,0,0,0,0,0,0,0,0,0,0,0,0,0,0,0,0,0,0,0,0,0,0,0,0,0,0,0,0,0,0,0,0,0,0,0,0
1989,240,8,57,47.433,2,8,1,0,1,0,1,1,25,1012,1012,1012,1016,0,0,0,0,0,1,1,0,0,0,472.3229052,0,0,0,0,3,1,1,0.05,10,0,0,0,3,14,1,0.05,100,0,0,0,0,0,0,0,0,0,0,0,0,0,0,0,0,0,0,0,0,0,0,0,0,0,0,0,0,0,0,0,0,0,0,0,0,0,0,0,0,0,0,0,0,0,0,0,0,0,0,0
1989,240,8,58,23.192,2,8,1,0,0,0,1,1,25,1012,1012,1012,1016,0,0,0,0,0,1,1,0,0,0,472.3825467,0,0,0,0,3,1,1,0.05,10,0,0,0,3,14,1,0.05,100,0,0,0,0,0,0,0,0,0,0,0,0,0,0,0,0,0,0,0,0,0,0,0,0,0,0,0,0,0,0,0,0,0,0,0,0,0,0,0,0,0,0,0,0,0,0,0,0,0,0,0
1989,240,8,58,35.433,2,8,1,0,1,0,1,1,25,1012,1012,1012,1016,0,0,0,0,0,1,1,0,0,0,472.4029631,0,0,0,0,3,1,1,0.05,10,0,0,0,3,14,1,0.05,100,0,0,0,0,0,0,0,0,0,0,0,0,0,0,0,0,0,0,0,0,0,0,0,0,0,0,0,0,0,0,0,0,0,0,0,0,0,0,0,0,0,0,0,0,0,0,0,0,0,0,0
1989,240,8,59,11.193,2,8,1,0,0,0,1,1,25,1012,1012,1012,1016,0,0,0,0,0,1,1,0,0,0,472.4626061,0,0,0,0,3,1,1,0.05,10,0,0,0,3,14,1,0.05,100,0,0,0,0,0,0,0,0,0,0,0,0,0,0,0,0,0,0,0,0,0,0,0,0,0,0,0,0,0,0,0,0,0,0,0,0,0,0,0,0,0,0,0,0,0,0,0,0,0,0,0
1989,240,8,59,23.433,2,8,1,0,1,0,1,1,25,1012,1012,1012,1016,0,0,0,0,0,1,1,0,0,0,472.4830209,0,0,0,0,3,1,1,0.05,10,0,0,0,3,14,1,0.05,100,0,0,0,0,0,0,0,0,0,0,0,0,0,0,0,0,0,0,0,0,0,0,0,0,0,0,0,0,0,0,0,0,0,0,0,0,0,0,0,0,0,0,0,0,0,0,0,0,0,0,0
1989,240,8,59,59.193,2,8,1,0,0,0,1,1,25,1012,1012,1012,1016,0,0,0,0,0,1,1,0,0,0,472.5426639,0,0,0,0,3,1,1,0.05,10,0,0,0,3,14,1,0.05,100,0,0,0,0,0,0,0,0,0,0,0,0,0,0,0,0,0,0,0,0,0,0,0,0,0,0,0,0,0,0,0,0,0,0,0,0,0,0,0,0,0,0,0,0,0,0,0,0,0,0,0
1989,240,9,0,11.433,2,8,1,0,1,0,1,1,25,1012,1012,1012,1016,0,0,0,0,0,1,1,0,0,0,472.5630786,0,0,0,0,3,1,1,0.05,10,0,0,0,3,14,1,0.05,100,0,0,0,0,0,0,0,0,0,0,0,0,0,0,0,0,0,0,0,0,0,0,0,0,0,0,0,0,0,0,0,0,0,0,0,0,0,0,0,0,0,0,0,0,0,0,0,0,0,0,0
1989,240,9,0,47.193,2,8,1,0,0,0,1,1,25,1012,1012,1012,1016,0,0,0,0,0,1,1,0,0,0,472.6227216,0,0,0,0,3,1,1,0.05,10,0,0,0,3,14,1,0.05,100,0,0,0,0,0,0,0,0,0,0,0,0,0,0,0,0,0,0,0,0,0,0,0,0,0,0,0,0,0,0,0,0,0,0,0,0,0,0,0,0,0,0,0,0,0,0,0,0,0,0,0
1989,240,9,0,59.433,2,8,1,0,1,0,1,1,25,1012,1012,1012,1016,0,0,0,0,0,1,1,0,0,0,472.6431363,0,0,0,0,3,1,1,0.05,10,0,0,0,3,14,1,0.05,100,0,0,0,0,0,0,0,0,0,0,0,0,0,0,0,0,0,0,0,0,0,0,0,0,0,0,0,0,0,0,0,0,0,0,0,0,0,0,0,0,0,0,0,0,0,0,0,0,0,0,0
1989,240,9,1,35.193,2,8,1,0,0,0,1,1,25,1012,1012,1012,1016,0,0,0,0,0,1,1,0,0,0,472.7027792,0,0,0,0,3,1,1,0.05,10,0,0,0,3,14,1,0.05,100,0,0,0,0,0,0,0,0,0,0,0,0,0,0,0,0,0,0,0,0,0,0,0,0,0,0,0,0,0,0,0,0,0,0,0,0,0,0,0,0,0,0,0,0,0,0,0,0,0,0,0
1989,240,9,1,47.433,2,8,1,0,1,0,1,1,25,1012,1012,1012,1016,0,0,0,0,0,1,1,0,0,0,472.7231939,0,0,0,0,3,1,1,0.05,10,0,0,0,3,14,1,0.05,100,0,0,0,0,0,0,0,0,0,0,0,0,0,0,0,0,0,0,0,0,0,0,0,0,0,0,0,0,0,0,0,0,0,0,0,0,0,0,0,0,0,0,0,0,0,0,0,0,0,0,0
1989,240,9,2,23.192,2,8,1,0,0,0,1,1,25,1012,1012,1012,1016,0,0,0,0,0,1,1,0,0,0,472.7828351,0,0,0,0,3,1,1,0.05,10,0,0,0,3,14,1,0.05,100,0,0,0,0,0,0,0,0,0,0,0,0,0,0,0,0,0,0,0,0,0,0,0,0,0,0,0,0,0,0,0,0,0,0,0,0,0,0,0,0,0,0,0,0,0,0,0,0,0,0,0
1989,240,9,2,35.433,2,8,1,0,1,0,1,1,25,1012,1012,1012,1016,0,0,0,0,0,1,1,0,0,0,472.8032514,0,0,0,0,3,1,1,0.05,10,0,0,0,3,14,1,0.05,100,0,0,0,0,0,0,0,0,0,0,0,0,0,0,0,0,0,0,0,0,0,0,0,0,0,0,0,0,0,0,0,0,0,0,0,0,0,0,0,0,0,0,0,0,0,0,0,0,0,0,0
1989,240,9,3,11.193,2,8,1,0,0,0,1,1,25,1012,1012,1012,1016,0,0,0,0,0,1,1,0,0,0,472.8628942,0,0,0,0,3,1,1,0.05,10,0,0,0,3,14,1,0.05,100,0,0,0,0,0,0,0,0,0,0,0,0,0,0,0,0,0,0,0,0,0,0,0,0,0,0,0,0,0,0,0,0,0,0,0,0,0,0,0,0,0,0,0,0,0,0,0,0,0,0,0
1989,240,9,3,23.433,2,8,1,0,1,0,1,1,25,1012,1012,1012,1016,0,0,0,0,0,1,1,0,0,0,472.8833089,0,0,0,0,3,1,1,0.05,10,0,0,0,3,14,1,0.05,100,0,0,0,0,0,0,0,0,0,0,0,0,0,0,0,0,0,0,0,0,0,0,0,0,0,0,0,0,0,0,0,0,0,0,0,0,0,0,0,0,0,0,0,0,0,0,0,0,0,0,0
1989,240,9,6,2.791,2,8,1,0,1,0,1,1,25,1012,1012,1012,1016,0,0,0,0,0,1,1,0,0,0,473.1490958,0,0,0,0,3,1,1,0.05,10,0,0,0,3,14,1,0.05,100,0,0,0,0,0,0,0,0,0,0,0,0,0,0,0,0,0,0,0,0,0,0,0,0,0,0,0,0,0,0,0,0,0,0,0,0,0,0,0,0,0,0,0,0,0,0,0,0,0,0,0
1989,240,9,6,23.192,2,8,1,0,0,0,1,1,25,1012,1012,1012,1016,0,0,0,0,0,1,1,0,0,0,473.1831218,0,0,0,0,3,1,1,0.05,10,0,0,0,3,14,1,0.05,100,0,0,0,0,0,0,0,0,0,0,0,0,0,0,0,0,0,0,0,0,0,0,0,0,0,0,0,0,0,0,0,0,0,0,0,0,0,0,0,0,0,0,0,0,0,0,0,0,0,0,0
1989,240,9,6,35.432,2,8,1,0,1,0,1,1,25,1012,1012,1012,1016,0,0,0,0,0,1,1,0,0,0,473.2035364,0,0,0,0,3,1,1,0.05,10,0,0,0,3,14,1,0.05,100,0,0,0,0,0,0,0,0,0,0,0,0,0,0,0,0,0,0,0,0,0,0,0,0,0,0,0,0,0,0,0,0,0,0,0,0,0,0,0,0,0,0,0,0,0,0,0,0,0,0,0
1989,240,9,7,11.192,2,8,1,0,0,0,1,1,25,1012,1012,1012,1016,0,0,0,0,0,1,1,0,0,0,473.2631789,0,0,0,0,3,1,1,0.05,10,0,0,0,3,14,1,0.05,100,0,0,0,0,0,0,0,0,0,0,0,0,0,0,0,0,0,0,0,0,0,0,0,0,0,0,0,0,0,0,0,0,0,0,0,0,0,0,0,0,0,0,0,0,0,0,0,0,0,0,0
1989,240,9,7,23.432,2,8,1,0,1,0,1,1,25,1012,1012,1012,1016,0,0,0,0,0,1,1,0,0,0,473.2835935,0,0,0,0,3,1,1,0.05,10,0,0,0,3,14,1,0.05,100,0,0,0,0,0,0,0,0,0,0,0,0,0,0,0,0,0,0,0,0,0,0,0,0,0,0,0,0,0,0,0,0,0,0,0,0,0,0,0,0,0,0,0,0,0,0,0,0,0,0,0
1989,240,9,7,59.192,2,8,1,0,0,0,1,1,25,1012,1012,1012,1016,0,0,0,0,0,1,1,0,0,0,473.343236,0,0,0,0,3,1,1,0.05,10,0,0,0,3,14,1,0.05,100,0,0,0,0,0,0,0,0,0,0,0,0,0,0,0,0,0,0,0,0,0,0,0,0,0,0,0,0,0,0,0,0,0,0,0,0,0,0,0,0,0,0,0,0,0,0,0,0,0,0,0
1989,240,9,8,11.432,2,8,1,0,1,0,1,1,25,1012,1012,1012,1016,0,0,0,0,0,1,1,0,0,0,473.3636505,0,0,0,0,3,1,1,0.05,10,0,0,0,3,14,1,0.05,100,0,0,0,0,0,0,0,0,0,0,0,0,0,0,0,0,0,0,0,0,0,0,0,0,0,0,0,0,0,0,0,0,0,0,0,0,0,0,0,0,0,0,0,0,0,0,0,0,0,0,0
1989,240,9,8,47.192,2,8,1,0,0,0,1,1,25,1012,1012,1012,1016,0,0,0,0,0,1,1,0,0,0,473.423293,0,0,0,0,3,1,1,0.05,10,0,0,0,3,14,1,0.05,100,0,0,0,0,0,0,0,0,0,0,0,0,0,0,0,0,0,0,0,0,0,0,0,0,0,0,0,0,0,0,0,0,0,0,0,0,0,0,0,0,0,0,0,0,0,0,0,0,0,0,0
1989,240,9,8,59.432,2,8,1,0,1,0,1,1,25,1012,1012,1012,1016,0,0,0,0,0,1,1,0,0,0,473.4437075,0,0,0,0,3,1,1,0.05,10,0,0,0,3,14,1,0.05,100,0,0,0,0,0,0,0,0,0,0,0,0,0,0,0,0,0,0,0,0,0,0,0,0,0,0,0,0,0,0,0,0,0,0,0,0,0,0,0,0,0,0,0,0,0,0,0,0,0,0,0
1989,240,9,9,35.192,2,8,1,0,0,0,1,1,25,1012,1012,1012,1016,0,0,0,0,0,1,1,0,0,0,473.5033499,0,0,0,0,3,1,1,0.05,10,0,0,0,3,14,1,0.05,100,0,0,0,0,0,0,0,0,0,0,0,0,0,0,0,0,0,0,0,0,0,0,0,0,0,0,0,0,0,0,0,0,0,0,0,0,0,0,0,0,0,0,0,0,0,0,0,0,0,0,0
1989,240,9,9,47.432,2,8,1,0,1,0,1,1,25,1012,1012,1012,1016,0,0,0,0,0,1,1,0,0,0,473.5237644,0,0,0,0,3,1,1,0.05,10,0,0,0,3,14,1,0.05,100,0,0,0,0,0,0,0,0,0,0,0,0,0,0,0,0,0,0,0,0,0,0,0,0,0,0,0,0,0,0,0,0,0,0,0,0,0,0,0,0,0,0,0,0,0,0,0,0,0,0,0
1989,240,9,10,23.192,2,8,1,0,0,0,1,1,25,1012,1012,1012,1016,0,0,0,0,0,1,1,0,0,0,473.5834068,0,0,0,0,3,1,1,0.05,10,0,0,0,3,14,1,0.05,100,0,0,0,0,0,0,0,0,0,0,0,0,0,0,0,0,0,0,0,0,0,0,0,0,0,0,0,0,0,0,0,0,0,0,0,0,0,0,0,0,0,0,0,0,0,0,0,0,0,0,0
1989,240,9,10,35.432,2,8,1,0,1,0,1,1,25,1012,1012,1012,1016,0,0,0,0,0,1,1,0,0,0,473.6038213,0,0,0,0,3,1,1,0.05,10,0,0,0,3,14,1,0.05,100,0,0,0,0,0,0,0,0,0,0,0,0,0,0,0,0,0,0,0,0,0,0,0,0,0,0,0,0,0,0,0,0,0,0,0,0,0,0,0,0,0,0,0,0,0,0,0,0,0,0,0
1989,240,9,11,11.192,2,8,1,0,0,0,1,1,25,1012,1012,1012,1016,0,0,0,0,0,1,1,0,0,0,473.6634636,0,0,0,0,3,1,1,0.05,10,0,0,0,3,14,1,0.05,100,0,0,0,0,0,0,0,0,0,0,0,0,0,0,0,0,0,0,0,0,0,0,0,0,0,0,0,0,0,0,0,0,0,0,0,0,0,0,0,0,0,0,0,0,0,0,0,0,0,0,0
1989,240,9,11,23.432,2,8,1,0,1,0,1,1,25,1012,1012,1012,1016,0,0,0,0,0,1,1,0,0,0,473.683878,0,0,0,0,3,1,1,0.05,10,0,0,0,3,14,1,0.05,100,0,0,0,0,0,0,0,0,0,0,0,0,0,0,0,0,0,0,0,0,0,0,0,0,0,0,0,0,0,0,0,0,0,0,0,0,0,0,0,0,0,0,0,0,0,0,0,0,0,0,0
1989,240,9,11,59.192,2,8,1,0,0,0,1,1,25,1012,1012,1012,1016,0,0,0,0,0,1,1,0,0,0,473.7435203,0,0,0,0,3,1,1,0.05,10,0,0,0,3,14,1,0.05,100,0,0,0,0,0,0,0,0,0,0,0,0,0,0,0,0,0,0,0,0,0,0,0,0,0,0,0,0,0,0,0,0,0,0,0,0,0,0,0,0,0,0,0,0,0,0,0,0,0,0,0
1989,240,9,12,11.432,2,8,1,0,1,0,1,1,25,1012,1012,1012,1016,0,0,0,0,0,1,1,0,0,0,473.7639347,0,0,0,0,3,1,1,0.05,10,0,0,0,3,14,1,0.05,100,0,0,0,0,0,0,0,0,0,0,0,0,0,0,0,0,0,0,0,0,0,0,0,0,0,0,0,0,0,0,0,0,0,0,0,0,0,0,0,0,0,0,0,0,0,0,0,0,0,0,0
1989,240,9,12,47.192,2,8,1,0,0,0,1,1,25,1012,1012,1012,1016,0,0,0,0,0,1,1,0,0,0,473.8235769,0,0,0,0,3,1,1,0.05,10,0,0,0,3,14,1,0.05,100,0,0,0,0,0,0,0,0,0,0,0,0,0,0,0,0,0,0,0,0,0,0,0,0,0,0,0,0,0,0,0,0,0,0,0,0,0,0,0,0,0,0,0,0,0,0,0,0,0,0,0
1989,240,9,12,59.432,2,8,1,0,1,0,1,1,25,1012,1012,1012,1016,0,0,0,0,0,1,1,0,0,0,473.8439914,0,0,0,0,3,1,1,0.05,10,0,0,0,3,14,1,0.05,100,0,0,0,0,0,0,0,0,0,0,0,0,0,0,0,0,0,0,0,0,0,0,0,0,0,0,0,0,0,0,0,0,0,0,0,0,0,0,0,0,0,0,0,0,0,0,0,0,0,0,0
1989,240,9,13,35.192,2,8,1,0,0,0,1,1,25,1012,1012,1012,1016,0,0,0,0,0,1,1,0,0,0,473.9036335,0,0,0,0,3,1,1,0.05,10,0,0,0,3,14,1,0.05,100,0,0,0,0,0,0,0,0,0,0,0,0,0,0,0,0,0,0,0,0,0,0,0,0,0,0,0,0,0,0,0,0,0,0,0,0,0,0,0,0,0,0,0,0,0,0,0,0,0,0,0
1989,240,9,13,47.432,2,8,1,0,1,0,1,1,25,1012,1012,1012,1016,0,0,0,0,0,1,1,0,0,0,473.9240479,0,0,0,0,3,1,1,0.05,10,0,0,0,3,14,1,0.05,100,0,0,0,0,0,0,0,0,0,0,0,0,0,0,0,0,0,0,0,0,0,0,0,0,0,0,0,0,0,0,0,0,0,0,0,0,0,0,0,0,0,0,0,0,0,0,0,0,0,0,0
1989,240,9,14,23.192,2,8,1,0,0,0,1,1,25,1012,1012,1012,1016,0,0,0,0,0,1,1,0,0,0,473.98369,0,0,0,0,3,1,1,0.05,10,0,0,0,3,14,1,0.05,100,0,0,0,0,0,0,0,0,0,0,0,0,0,0,0,0,0,0,0,0,0,0,0,0,0,0,0,0,0,0,0,0,0,0,0,0,0,0,0,0,0,0,0,0,0,0,0,0,0,0,0
1989,240,9,14,35.432,2,8,1,0,1,0,1,1,25,1012,1012,1012,1016,0,0,0,0,0,1,1,0,0,0,474.0041044,0,0,0,0,3,1,1,0.05,10,0,0,0,3,14,1,0.05,100,0,0,0,0,0,0,0,0,0,0,0,0,0,0,0,0,0,0,0,0,0,0,0,0,0,0,0,0,0,0,0,0,0,0,0,0,0,0,0,0,0,0,0,0,0,0,0,0,0,0,0
1989,240,9,15,11.192,2,8,1,0,0,0,1,1,25,1012,1012,1012,1016,0,0,0,0,0,1,1,0,0,0,474.0637465,0,0,0,0,3,1,1,0.05,10,0,0,0,3,14,1,0.05,100,0,0,0,0,0,0,0,0,0,0,0,0,0,0,0,0,0,0,0,0,0,0,0,0,0,0,0,0,0,0,0,0,0,0,0,0,0,0,0,0,0,0,0,0,0,0,0,0,0,0,0
1989,240,9,15,23.432,2,8,1,0,1,0,1,1,25,1012,1012,1012,1016,0,0,0,0,0,1,1,0,0,0,474.0841609,0,0,0,0,3,1,1,0.05,10,0,0,0,3,14,1,0.05,100,0,0,0,0,0,0,0,0,0,0,0,0,0,0,0,0,0,0,0,0,0,0,0,0,0,0,0,0,0,0,0,0,0,0,0,0,0,0,0,0,0,0,0,0,0,0,0,0,0,0,0
1989,240,9,18,2.79,2,8,1,0,1,0,1,1,25,1012,1012,1012,1016,0,0,0,0,0,1,1,0,0,0,474.3499444,0,0,0,0,3,1,1,0.05,10,0,0,0,3,14,1,0.05,100,0,0,0,0,0,0,0,0,0,0,0,0,0,0,0,0,0,0,0,0,0,0,0,0,0,0,0,0,0,0,0,0,0,0,0,0,0,0,0,0,0,0,0,0,0,0,0,0,0,0,0
1989,240,9,18,23.19,2,8,1,0,0,0,1,1,25,1012,1012,1012,1016,0,0,0,0,0,1,1,0,0,0,474.3839682,0,0,0,0,3,1,1,0.05,10,0,0,0,3,14,1,0.05,100,0,0,0,0,0,0,0,0,0,0,0,0,0,0,0,0,0,0,0,0,0,0,0,0,0,0,0,0,0,0,0,0,0,0,0,0,0,0,0,0,0,0,0,0,0,0,0,0,0,0,0
1989,240,9,18,35.431,2,8,1,0,1,0,1,1,25,1012,1012,1012,1016,0,0,0,0,0,1,1,0,0,0,474.4043842,0,0,0,0,3,1,1,0.05,10,0,0,0,3,14,1,0.05,100,0,0,0,0,0,0,0,0,0,0,0,0,0,0,0,0,0,0,0,0,0,0,0,0,0,0,0,0,0,0,0,0,0,0,0,0,0,0,0,0,0,0,0,0,0,0,0,0,0,0,0
1989,240,9,19,11.191,2,8,1,0,0,0,1,1,25,1012,1012,1012,1016,0,0,0,0,0,1,1,0,0,0,474.464026,0,0,0,0,3,1,1,0.05,10,0,0,0,3,14,1,0.05,100,0,0,0,0,0,0,0,0,0,0,0,0,0,0,0,0,0,0,0,0,0,0,0,0,0,0,0,0,0,0,0,0,0,0,0,0,0,0,0,0,0,0,0,0,0,0,0,0,0,0,0
1989,240,9,19,23.431,2,8,1,0,1,0,1,1,25,1012,1012,1012,1016,0,0,0,0,0,1,1,0,0,0,474.4844403,0,0,0,0,3,1,1,0.05,10,0,0,0,3,14,1,0.05,100,0,0,0,0,0,0,0,0,0,0,0,0,0,0,0,0,0,0,0,0,0,0,0,0,0,0,0,0,0,0,0,0,0,0,0,0,0,0,0,0,0,0,0,0,0,0,0,0,0,0,0
1989,240,9,19,59.191,2,8,1,0,0,0,1,1,25,1012,1012,1012,1016,0,0,0,0,0,1,1,0,0,0,474.544082,0,0,0,0,3,1,1,0.05,10,0,0,0,3,14,1,0.05,100,0,0,0,0,0,0,0,0,0,0,0,0,0,0,0,0,0,0,0,0,0,0,0,0,0,0,0,0,0,0,0,0,0,0,0,0,0,0,0,0,0,0,0,0,0,0,0,0,0,0,0
1989,240,9,20,11.431,2,8,1,0,1,0,1,1,25,1012,1012,1012,1016,0,0,0,0,0,1,1,0,0,0,474.5644963,0,0,0,0,3,1,1,0.05,10,0,0,0,3,14,1,0.05,100,0,0,0,0,0,0,0,0,0,0,0,0,0,0,0,0,0,0,0,0,0,0,0,0,0,0,0,0,0,0,0,0,0,0,0,0,0,0,0,0,0,0,0,0,0,0,0,0,0,0,0
1989,240,9,20,47.191,2,8,1,0,0,0,1,1,25,1012,1012,1012,1016,0,0,0,0,0,1,1,0,0,0,474.624138,0,0,0,0,3,1,1,0.05,10,0,0,0,3,14,1,0.05,100,0,0,0,0,0,0,0,0,0,0,0,0,0,0,0,0,0,0,0,0,0,0,0,0,0,0,0,0,0,0,0,0,0,0,0,0,0,0,0,0,0,0,0,0,0,0,0,0,0,0,0
1989,240,9,20,59.431,2,8,1,0,1,0,1,1,25,1012,1012,1012,1016,0,0,0,0,0,1,1,0,0,0,474.6445522,0,0,0,0,3,1,1,0.05,10,0,0,0,3,14,1,0.05,100,0,0,0,0,0,0,0,0,0,0,0,0,0,0,0,0,0,0,0,0,0,0,0,0,0,0,0,0,0,0,0,0,0,0,0,0,0,0,0,0,0,0,0,0,0,0,0,0,0,0,0
1989,240,9,21,35.191,2,8,1,0,0,0,1,1,25,1012,1012,1012,1016,0,0,0,0,0,1,1,0,0,0,474.7041939,0,0,0,0,3,1,1,0.05,10,0,0,0,3,14,1,0.05,100,0,0,0,0,0,0,0,0,0,0,0,0,0,0,0,0,0,0,0,0,0,0,0,0,0,0,0,0,0,0,0,0,0,0,0,0,0,0,0,0,0,0,0,0,0,0,0,0,0,0,0
1989,240,9,21,47.431,2,8,1,0,1,0,1,1,25,1012,1012,1012,1016,0,0,0,0,0,1,1,0,0,0,474.7246081,0,0,0,0,3,1,1,0.05,10,0,0,0,3,14,1,0.05,100,0,0,0,0,0,0,0,0,0,0,0,0,0,0,0,0,0,0,0,0,0,0,0,0,0,0,0,0,0,0,0,0,0,0,0,0,0,0,0,0,0,0,0,0,0,0,0,0,0,0,0
1989,240,9,22,23.19,2,8,1,0,0,0,1,1,25,1012,1012,1012,1016,0,0,0,0,0,1,1,0,0,0,474.784248,0,0,0,0,3,1,1,0.05,10,0,0,0,3,14,1,0.05,100,0,0,0,0,0,0,0,0,0,0,0,0,0,0,0,0,0,0,0,0,0,0,0,0,0,0,0,0,0,0,0,0,0,0,0,0,0,0,0,0,0,0,0,0,0,0,0,0,0,0,0
1989,240,9,22,35.431,2,8,1,0,1,0,1,1,25,1012,1012,1012,1016,0,0,0,0,0,1,1,0,0,0,474.8046639,0,0,0,0,3,1,1,0.05,10,0,0,0,3,14,1,0.05,100,0,0,0,0,0,0,0,0,0,0,0,0,0,0,0,0,0,0,0,0,0,0,0,0,0,0,0,0,0,0,0,0,0,0,0,0,0,0,0,0,0,0,0,0,0,0,0,0,0,0,0
1989,240,9,23,11.191,2,8,1,0,0,0,1,1,25,1012,1012,1012,1016,0,0,0,0,0,1,1,0,0,0,474.8643055,0,0,0,0,3,1,1,0.05,10,0,0,0,3,14,1,0.05,100,0,0,0,0,0,0,0,0,0,0,0,0,0,0,0,0,0,0,0,0,0,0,0,0,0,0,0,0,0,0,0,0,0,0,0,0,0,0,0,0,0,0,0,0,0,0,0,0,0,0,0
1989,240,9,23,23.431,2,8,1,0,1,0,1,1,25,1012,1012,1012,1016,0,0,0,0,0,1,1,0,0,0,474.8847197,0,0,0,0,3,1,1,0.05,10,0,0,0,3,14,1,0.05,100,0,0,0,0,0,0,0,0,0,0,0,0,0,0,0,0,0,0,0,0,0,0,0,0,0,0,0,0,0,0,0,0,0,0,0,0,0,0,0,0,0,0,0,0,0,0,0,0,0,0,0
1989,240,9,23,59.191,2,8,1,0,0,0,1,1,25,1012,1012,1012,1016,0,0,0,0,0,1,1,0,0,0,474.9443611,0,0,0,0,3,1,1,0.05,10,0,0,0,3,14,1,0.05,100,0,0,0,0,0,0,0,0,0,0,0,0,0,0,0,0,0,0,0,0,0,0,0,0,0,0,0,0,0,0,0,0,0,0,0,0,0,0,0,0,0,0,0,0,0,0,0,0,0,0,0
1989,240,9,24,11.431,2,8,1,0,1,0,1,1,25,1012,1012,1012,1016,0,0,0,0,0,1,1,0,0,0,474.9647753,0,0,0,0,3,1,1,0.05,10,0,0,0,3,14,1,0.05,100,0,0,0,0,0,0,0,0,0,0,0,0,0,0,0,0,0,0,0,0,0,0,0,0,0,0,0,0,0,0,0,0,0,0,0,0,0,0,0,0,0,0,0,0,0,0,0,0,0,0,0
1989,240,9,24,47.191,2,8,1,0,0,0,1,1,25,1012,1012,1012,1016,0,0,0,0,0,1,1,0,0,0,475.0244168,0,0,0,0,3,1,1,0.05,10,0,0,0,3,14,1,0.05,100,0,0,0,0,0,0,0,0,0,0,0,0,0,0,0,0,0,0,0,0,0,0,0,0,0,0,0,0,0,0,0,0,0,0,0,0,0,0,0,0,0,0,0,0,0,0,0,0,0,0,0
1989,240,9,24,59.431,2,8,1,0,1,0,1,1,25,1012,1012,1012,1016,0,0,0,0,0,1,1,0,0,0,475.0448309,0,0,0,0,3,1,1,0.05,10,0,0,0,3,14,1,0.05,100,0,0,0,0,0,0,0,0,0,0,0,0,0,0,0,0,0,0,0,0,0,0,0,0,0,0,0,0,0,0,0,0,0,0,0,0,0,0,0,0,0,0,0,0,0,0,0,0,0,0,0
1989,240,9,25,35.191,2,8,1,0,0,0,1,1,25,1012,1012,1012,1016,0,0,0,0,0,1,1,0,0,0,475.1044723,0,0,0,0,3,1,1,0.05,10,0,0,0,3,14,1,0.05,100,0,0,0,0,0,0,0,0,0,0,0,0,0,0,0,0,0,0,0,0,0,0,0,0,0,0,0,0,0,0,0,0,0,0,0,0,0,0,0,0,0,0,0,0,0,0,0,0,0,0,0
1989,240,9,25,47.431,2,8,1,0,1,0,1,1,25,1012,1012,1012,1016,0,0,0,0,0,1,1,0,0,0,475.1248865,0,0,0,0,3,1,1,0.05,10,0,0,0,3,14,1,0.05,100,0,0,0,0,0,0,0,0,0,0,0,0,0,0,0,0,0,0,0,0,0,0,0,0,0,0,0,0,0,0,0,0,0,0,0,0,0,0,0,0,0,0,0,0,0,0,0,0,0,0,0
1989,240,9,26,23.19,2,8,1,0,0,0,1,1,25,1012,1012,1012,1016,0,0,0,0,0,1,1,0,0,0,475.1845261,0,0,0,0,3,1,1,0.05,10,0,0,0,3,14,1,0.05,100,0,0,0,0,0,0,0,0,0,0,0,0,0,0,0,0,0,0,0,0,0,0,0,0,0,0,0,0,0,0,0,0,0,0,0,0,0,0,0,0,0,0,0,0,0,0,0,0,0,0,0
1989,240,9,26,35.431,2,8,1,0,1,0,1,1,25,1012,1012,1012,1016,0,0,0,0,0,1,1,0,0,0,475.2049419,0,0,0,0,3,1,1,0.05,10,0,0,0,3,14,1,0.05,100,0,0,0,0,0,0,0,0,0,0,0,0,0,0,0,0,0,0,0,0,0,0,0,0,0,0,0,0,0,0,0,0,0,0,0,0,0,0,0,0,0,0,0,0,0,0,0,0,0,0,0
1989,240,9,30,2.79,2,8,1,0,1,0,1,1,25,1012,1012,1012,1016,0,0,0,0,0,1,1,0,0,0,475.5507791,0,0,0,0,3,1,1,0.05,10,0,0,0,3,14,1,0.05,100,0,0,0,0,0,0,0,0,0,0,0,0,0,0,0,0,0,0,0,0,0,0,0,0,0,0,0,0,0,0,0,0,0,0,0,0,0,0,0,0,0,0,0,0,0,0,0,0,0,0,0
1989,240,9,30,23.19,2,8,1,0,0,0,1,1,25,1012,1012,1012,1016,0,0,0,0,0,1,1,0,0,0,475.5848025,0,0,0,0,3,1,1,0.05,10,0,0,0,3,14,1,0.05,100,0,0,0,0,0,0,0,0,0,0,0,0,0,0,0,0,0,0,0,0,0,0,0,0,0,0,0,0,0,0,0,0,0,0,0,0,0,0,0,0,0,0,0,0,0,0,0,0,0,0,0
1989,240,9,30,35.431,2,8,1,0,1,0,1,1,25,1012,1012,1012,1016,0,0,0,0,0,1,1,0,0,0,475.6052182,0,0,0,0,3,1,1,0.05,10,0,0,0,3,14,1,0.05,100,0,0,0,0,0,0,0,0,0,0,0,0,0,0,0,0,0,0,0,0,0,0,0,0,0,0,0,0,0,0,0,0,0,0,0,0,0,0,0,0,0,0,0,0,0,0,0,0,0,0,0
1989,240,9,31,11.191,2,8,1,0,0,0,1,1,25,1012,1012,1012,1016,0,0,0,0,0,1,1,0,0,0,475.6648592,0,0,0,0,3,1,1,0.05,10,0,0,0,3,14,1,0.05,100,0,0,0,0,0,0,0,0,0,0,0,0,0,0,0,0,0,0,0,0,0,0,0,0,0,0,0,0,0,0,0,0,0,0,0,0,0,0,0,0,0,0,0,0,0,0,0,0,0,0,0
1989,240,9,31,23.431,2,8,1,0,1,0,1,1,25,1012,1012,1012,1016,0,0,0,0,0,1,1,0,0,0,475.6852732,0,0,0,0,3,1,1,0.05,10,0,0,0,3,14,1,0.05,100,0,0,0,0,0,0,0,0,0,0,0,0,0,0,0,0,0,0,0,0,0,0,0,0,0,0,0,0,0,0,0,0,0,0,0,0,0,0,0,0,0,0,0,0,0,0,0,0,0,0,0
1989,240,9,31,59.19,2,8,1,0,0,0,1,1,25,1012,1012,1012,1016,0,0,0,0,0,1,1,0,0,0,475.7449125,0,0,0,0,3,1,1,0.05,10,0,0,0,3,14,1,0.05,100,0,0,0,0,0,0,0,0,0,0,0,0,0,0,0,0,0,0,0,0,0,0,0,0,0,0,0,0,0,0,0,0,0,0,0,0,0,0,0,0,0,0,0,0,0,0,0,0,0,0,0
1989,240,9,32,11.43,2,8,1,0,1,0,1,1,25,1012,1012,1012,1016,0,0,0,0,0,1,1,0,0,0,475.7653266,0,0,0,0,3,1,1,0.05,10,0,0,0,3,14,1,0.05,100,0,0,0,0,0,0,0,0,0,0,0,0,0,0,0,0,0,0,0,0,0,0,0,0,0,0,0,0,0,0,0,0,0,0,0,0,0,0,0,0,0,0,0,0,0,0,0,0,0,0,0
1989,240,9,32,47.19,2,8,1,0,0,0,1,1,25,1012,1012,1012,1016,0,0,0,0,0,1,1,0,0,0,475.8249675,0,0,0,0,3,1,1,0.05,10,0,0,0,3,14,1,0.05,100,0,0,0,0,0,0,0,0,0,0,0,0,0,0,0,0,0,0,0,0,0,0,0,0,0,0,0,0,0,0,0,0,0,0,0,0,0,0,0,0,0,0,0,0,0,0,0,0,0,0,0
1989,240,9,32,59.43,2,8,1,0,1,0,1,1,25,1012,1012,1012,1016,0,0,0,0,0,1,1,0,0,0,475.8453815,0,0,0,0,3,1,1,0.05,10,0,0,0,3,14,1,0.05,100,0,0,0,0,0,0,0,0,0,0,0,0,0,0,0,0,0,0,0,0,0,0,0,0,0,0,0,0,0,0,0,0,0,0,0,0,0,0,0,0,0,0,0,0,0,0,0,0,0,0,0
1989,240,9,33,35.19,2,8,1,0,0,0,1,1,25,1012,1012,1012,1016,0,0,0,0,0,1,1,0,0,0,475.9050223,0,0,0,0,3,1,1,0.05,10,0,0,0,3,14,1,0.05,100,0,0,0,0,0,0,0,0,0,0,0,0,0,0,0,0,0,0,0,0,0,0,0,0,0,0,0,0,0,0,0,0,0,0,0,0,0,0,0,0,0,0,0,0,0,0,0,0,0,0,0
1989,240,9,33,47.43,2,8,1,0,1,0,1,1,25,1012,1012,1012,1016,0,0,0,0,0,1,1,0,0,0,475.9254363,0,0,0,0,3,1,1,0.05,10,0,0,0,3,14,1,0.05,100,0,0,0,0,0,0,0,0,0,0,0,0,0,0,0,0,0,0,0,0,0,0,0,0,0,0,0,0,0,0,0,0,0,0,0,0,0,0,0,0,0,0,0,0,0,0,0,0,0,0,0
1989,240,9,34,23.189,2,8,1,0,0,0,1,1,25,1012,1012,1012,1016,0,0,0,0,0,1,1,0,0,0,475.9850755,0,0,0,0,3,1,1,0.05,10,0,0,0,3,14,1,0.05,100,0,0,0,0,0,0,0,0,0,0,0,0,0,0,0,0,0,0,0,0,0,0,0,0,0,0,0,0,0,0,0,0,0,0,0,0,0,0,0,0,0,0,0,0,0,0,0,0,0,0,0
1989,240,9,34,35.43,2,8,1,0,1,0,1,1,25,1012,1012,1012,1016,0,0,0,0,0,1,1,0,0,0,476.0054911,0,0,0,0,3,1,1,0.05,10,0,0,0,3,14,1,0.05,100,0,0,0,0,0,0,0,0,0,0,0,0,0,0,0,0,0,0,0,0,0,0,0,0,0,0,0,0,0,0,0,0,0,0,0,0,0,0,0,0,0,0,0,0,0,0,0,0,0,0,0
1989,240,9,35,11.19,2,8,1,0,0,0,1,1,25,1012,1012,1012,1016,0,0,0,0,0,1,1,0,0,0,476.0651319,0,0,0,0,3,1,1,0.05,10,0,0,0,3,14,1,0.05,100,0,0,0,0,0,0,0,0,0,0,0,0,0,0,0,0,0,0,0,0,0,0,0,0,0,0,0,0,0,0,0,0,0,0,0,0,0,0,0,0,0,0,0,0,0,0,0,0,0,0,0
1989,240,9,35,23.43,2,8,1,0,1,0,1,1,25,1012,1012,1012,1016,0,0,0,0,0,1,1,0,0,0,476.0855458,0,0,0,0,3,1,1,0.05,10,0,0,0,3,14,1,0.05,100,0,0,0,0,0,0,0,0,0,0,0,0,0,0,0,0,0,0,0,0,0,0,0,0,0,0,0,0,0,0,0,0,0,0,0,0,0,0,0,0,0,0,0,0,0,0,0,0,0,0,0
1989,240,9,35,59.19,2,8,1,0,0,0,1,1,25,1012,1012,1012,1016,0,0,0,0,0,1,1,0,0,0,476.1451865,0,0,0,0,3,1,1,0.05,10,0,0,0,3,14,1,0.05,100,0,0,0,0,0,0,0,0,0,0,0,0,0,0,0,0,0,0,0,0,0,0,0,0,0,0,0,0,0,0,0,0,0,0,0,0,0,0,0,0,0,0,0,0,0,0,0,0,0,0,0
1989,240,9,36,11.43,2,8,1,0,1,0,1,1,25,1012,1012,1012,1016,0,0,0,0,0,1,1,0,0,0,476.1656004,0,0,0,0,3,1,1,0.05,10,0,0,0,3,14,1,0.05,100,0,0,0,0,0,0,0,0,0,0,0,0,0,0,0,0,0,0,0,0,0,0,0,0,0,0,0,0,0,0,0,0,0,0,0,0,0,0,0,0,0,0,0,0,0,0,0,0,0,0,0
1989,240,9,36,47.19,2,8,1,0,0,0,1,1,25,1012,1012,1012,1016,0,0,0,0,0,1,1,0,0,0,476.2252411,0,0,0,0,3,1,1,0.05,10,0,0,0,3,14,1,0.05,100,0,0,0,0,0,0,0,0,0,0,0,0,0,0,0,0,0,0,0,0,0,0,0,0,0,0,0,0,0,0,0,0,0,0,0,0,0,0,0,0,0,0,0,0,0,0,0,0,0,0,0
1989,240,9,36,59.43,2,8,1,0,1,0,1,1,25,1012,1012,1012,1016,0,0,0,0,0,1,1,0,0,0,476.245655,0,0,0,0,3,1,1,0.05,10,0,0,0,3,14,1,0.05,100,0,0,0,0,0,0,0,0,0,0,0,0,0,0,0,0,0,0,0,0,0,0,0,0,0,0,0,0,0,0,0,0,0,0,0,0,0,0,0,0,0,0,0,0,0,0,0,0,0,0,0
1989,240,9,37,35.19,2,8,1,0,0,0,1,1,25,1012,1012,1012,1016,0,0,0,0,0,1,1,0,0,0,476.3052956,0,0,0,0,3,1,1,0.05,10,0,0,0,3,14,1,0.05,100,0,0,0,0,0,0,0,0,0,0,0,0,0,0,0,0,0,0,0,0,0,0,0,0,0,0,0,0,0,0,0,0,0,0,0,0,0,0,0,0,0,0,0,0,0,0,0,0,0,0,0
1989,240,9,37,47.43,2,8,1,0,1,0,1,1,25,1012,1012,1012,1016,0,0,0,0,0,1,1,0,0,0,476.3257095,0,0,0,0,3,1,1,0.05,10,0,0,0,3,14,1,0.05,100,0,0,0,0,0,0,0,0,0,0,0,0,0,0,0,0,0,0,0,0,0,0,0,0,0,0,0,0,0,0,0,0,0,0,0,0,0,0,0,0,0,0,0,0,0,0,0,0,0,0,0
1989,240,9,38,23.189,2,8,1,0,0,0,1,1,25,1012,1012,1012,1016,0,0,0,0,0,1,1,0,0,0,476.3853484,0,0,0,0,3,1,1,0.05,10,0,0,0,3,14,1,0.05,100,0,0,0,0,0,0,0,0,0,0,0,0,0,0,0,0,0,0,0,0,0,0,0,0,0,0,0,0,0,0,0,0,0,0,0,0,0,0,0,0,0,0,0,0,0,0,0,0,0,0,0
1989,240,9,38,35.43,2,8,1,0,1,0,1,1,25,1012,1012,1012,1016,0,0,0,0,0,1,1,0,0,0,476.4057639,0,0,0,0,3,1,1,0.05,10,0,0,0,3,14,1,0.05,100,0,0,0,0,0,0,0,0,0,0,0,0,0,0,0,0,0,0,0,0,0,0,0,0,0,0,0,0,0,0,0,0,0,0,0,0,0,0,0,0,0,0,0,0,0,0,0,0,0,0,0
1989,240,9,39,11.19,2,8,1,0,0,0,1,1,25,1012,1012,1012,1016,0,0,0,0,0,1,1,0,0,0,476.4654045,0,0,0,0,3,1,1,0.05,10,0,0,0,3,14,1,0.05,100,0,0,0,0,0,0,0,0,0,0,0,0,0,0,0,0,0,0,0,0,0,0,0,0,0,0,0,0,0,0,0,0,0,0,0,0,0,0,0,0,0,0,0,0,0,0,0,0,0,0,0
1989,240,9,39,23.43,2,8,1,0,1,0,1,1,25,1012,1012,1012,1016,0,0,0,0,0,1,1,0,0,0,476.4858183,0,0,0,0,3,1,1,0.05,10,0,0,0,3,14,1,0.05,100,0,0,0,0,0,0,0,0,0,0,0,0,0,0,0,0,0,0,0,0,0,0,0,0,0,0,0,0,0,0,0,0,0,0,0,0,0,0,0,0,0,0,0,0,0,0,0,0,0,0,0
1989,240,9,42,2.789,2,8,1,0,1,0,1,1,25,1012,1012,1012,1016,0,0,0,0,0,1,1,0,0,0,476.7515966,0,0,0,0,3,1,1,0.05,10,0,0,0,3,14,1,0.05,100,0,0,0,0,0,0,0,0,0,0,0,0,0,0,0,0,0,0,0,0,0,0,0,0,0,0,0,0,0,0,0,0,0,0,0,0,0,0,0,0,0,0,0,0,0,0,0,0,0,0,0
1989,240,9,42,23.189,2,8,1,0,0,0,1,1,25,1012,1012,1012,1016,0,0,0,0,0,1,1,0,0,0,476.7856196,0,0,0,0,3,1,1,0.05,10,0,0,0,3,14,1,0.05,100,0,0,0,0,0,0,0,0,0,0,0,0,0,0,0,0,0,0,0,0,0,0,0,0,0,0,0,0,0,0,0,0,0,0,0,0,0,0,0,0,0,0,0,0,0,0,0,0,0,0,0
1989,240,9,42,35.43,2,8,1,0,1,0,1,1,25,1012,1012,1012,1016,0,0,0,0,0,1,1,0,0,0,476.8060351,0,0,0,0,3,1,1,0.05,10,0,0,0,3,14,1,0.05,100,0,0,0,0,0,0,0,0,0,0,0,0,0,0,0,0,0,0,0,0,0,0,0,0,0,0,0,0,0,0,0,0,0,0,0,0,0,0,0,0,0,0,0,0,0,0,0,0,0,0,0
1989,240,9,43,11.19,2,8,1,0,0,0,1,1,25,1012,1012,1012,1016,0,0,0,0,0,1,1,0,0,0,476.8656753,0,0,0,0,3,1,1,0.05,10,0,0,0,3,14,1,0.05,100,0,0,0,0,0,0,0,0,0,0,0,0,0,0,0,0,0,0,0,0,0,0,0,0,0,0,0,0,0,0,0,0,0,0,0,0,0,0,0,0,0,0,0,0,0,0,0,0,0,0,0
1989,240,9,43,23.43,2,8,1,0,1,0,1,1,25,1012,1012,1012,1016,0,0,0,0,0,1,1,0,0,0,476.8860891,0,0,0,0,3,1,1,0.05,10,0,0,0,3,14,1,0.05,100,0,0,0,0,0,0,0,0,0,0,0,0,0,0,0,0,0,0,0,0,0,0,0,0,0,0,0,0,0,0,0,0,0,0,0,0,0,0,0,0,0,0,0,0,0,0,0,0,0,0,0
1989,240,9,43,59.19,2,8,1,0,0,0,1,1,25,1012,1012,1012,1016,0,0,0,0,0,1,1,0,0,0,476.9457293,0,0,0,0,3,1,1,0.05,10,0,0,0,3,14,1,0.05,100,0,0,0,0,0,0,0,0,0,0,0,0,0,0,0,0,0,0,0,0,0,0,0,0,0,0,0,0,0,0,0,0,0,0,0,0,0,0,0,0,0,0,0,0,0,0,0,0,0,0,0
1989,240,9,44,11.43,2,8,1,0,1,0,1,1,25,1012,1012,1012,1016,0,0,0,0,0,1,1,0,0,0,476.9661431,0,0,0,0,3,1,1,0.05,10,0,0,0,3,14,1,0.05,100,0,0,0,0,0,0,0,0,0,0,0,0,0,0,0,0,0,0,0,0,0,0,0,0,0,0,0,0,0,0,0,0,0,0,0,0,0,0,0,0,0,0,0,0,0,0,0,0,0,0,0
1989,240,9,44,47.189,2,8,1,0,0,0,1,1,25,1012,1012,1012,1016,0,0,0,0,0,1,1,0,0,0,477.0257816,0,0,0,0,3,1,1,0.05,10,0,0,0,3,14,1,0.05,100,0,0,0,0,0,0,0,0,0,0,0,0,0,0,0,0,0,0,0,0,0,0,0,0,0,0,0,0,0,0,0,0,0,0,0,0,0,0,0,0,0,0,0,0,0,0,0,0,0,0,0
1989,240,9,44,59.428,2,8,1,0,1,0,1,1,25,1012,1012,1012,1016,0,0,0,0,0,1,1,0,0,0,477.0461936,0,0,0,0,3,1,1,0.05,10,0,0,0,3,14,1,0.05,100,0,0,0,0,0,0,0,0,0,0,0,0,0,0,0,0,0,0,0,0,0,0,0,0,0,0,0,0,0,0,0,0,0,0,0,0,0,0,0,0,0,0,0,0,0,0,0,0,0,0,0
1989,240,9,45,35.189,2,8,1,0,0,0,1,1,25,1012,1012,1012,1016,0,0,0,0,0,1,1,0,0,0,477.1058354,0,0,0,0,3,1,1,0.05,10,0,0,0,3,14,1,0.05,100,0,0,0,0,0,0,0,0,0,0,0,0,0,0,0,0,0,0,0,0,0,0,0,0,0,0,0,0,0,0,0,0,0,0,0,0,0,0,0,0,0,0,0,0,0,0,0,0,0,0,0
1989,240,9,45,47.428,2,8,1,0,1,0,1,1,25,1012,1012,1012,1016,0,0,0,0,0,1,1,0,0,0,477.1262474,0,0,0,0,3,1,1,0.05,10,0,0,0,3,14,1,0.05,100,0,0,0,0,0,0,0,0,0,0,0,0,0,0,0,0,0,0,0,0,0,0,0,0,0,0,0,0,0,0,0,0,0,0,0,0,0,0,0,0,0,0,0,0,0,0,0,0,0,0,0
1989,240,9,46,23.189,2,8,1,0,0,0,1,1,25,1012,1012,1012,1016,0,0,0,0,0,1,1,0,0,0,477.1858892,0,0,0,0,3,1,1,0.05,10,0,0,0,3,14,1,0.05,100,0,0,0,0,0,0,0,0,0,0,0,0,0,0,0,0,0,0,0,0,0,0,0,0,0,0,0,0,0,0,0,0,0,0,0,0,0,0,0,0,0,0,0,0,0,0,0,0,0,0,0
1989,240,9,46,35.429,2,8,1,0,1,0,1,1,25,1012,1012,1012,1016,0,0,0,0,0,1,1,0,0,0,477.2063029,0,0,0,0,3,1,1,0.05,10,0,0,0,3,14,1,0.05,100,0,0,0,0,0,0,0,0,0,0,0,0,0,0,0,0,0,0,0,0,0,0,0,0,0,0,0,0,0,0,0,0,0,0,0,0,0,0,0,0,0,0,0,0,0,0,0,0,0,0,0