YEAR,DOY,HOUR,MINUTE,SECOND,SPACECRAFT,PLANET_NUMBER,RESPONSE,L_OR_M_MODE,SHORT_OR_LONG,THRESHOLD_CURRENT,SAVE_PLOT,FIT,ITERATIONS,CHANNELS_CUPA,CHANNELS_CUPB,CHANNELS_CUPC,CHANNELS_CUPD,TOTAL_NUMBER_OF_FITTED_CHANNELS,CHI_SQUARE,VARY_V1,VARY_V2,VARY_V3,VARY_DENSITY,VARY_TEMPERATURE,VARY_KAPPA,ANALYTICAL_VPHI,V1,V2,V3,COMMON_TEMPERATURE,COMMON_KAPPA,DELAMERE_COMPOSITION,SPECIES_1,SPECIES_1_A,SPECIES_1_Z,SPECIES_1_N,SPECIES_1_T,SPECIES_1_KAPPA,SPECIES_1_N_UNCERT,SPECIES_1_T_UNCERT,SPECIES_2,SPECIES_2_A,SPECIES_2_Z,SPECIES_2_N,SPECIES_2_T,SPECIES_2_KAPPA,SPECIES_2_N_UNCERT,SPECIES_2_T_UNCERT,SPECIES_3,SPECIES_3_A,SPECIES_3_Z,SPECIES_3_N,SPECIES_3_T,SPECIES_3_KAPPA,SPECIES_3_N_UNCERT,SPECIES_3_T_UNCERT,SPECIES_4,SPECIES_4_A,SPECIES_4_Z,SPECIES_4_N,SPECIES_4_T,SPECIES_4_KAPPA,SPECIES_4_N_UNCERT,SPECIES_4_T_UNCERT,SPECIES_5,SPECIES_5_A,SPECIES_5_Z,SPECIES_5_N,SPECIES_5_T,SPECIES_5_KAPPA,SPECIES_5_N_UNCERT,SPECIES_5_T_UNCERT,SPECIES_6,SPECIES_6_A,SPECIES_6_Z,SPECIES_6_N,SPECIES_6_T,SPECIES_6_KAPPA,SPECIES_6_N_UNCERT,SPECIES_6_T_UNCERT,SPECIES_7,SPECIES_7_A,SPECIES_7_Z,SPECIES_7_N,SPECIES_7_T,SPECIES_7_KAPPA,SPECIES_7_N_UNCERT,SPECIES_7_T_UNCERT,SPECIES_8,SPECIES_8_A,SPECIES_8_Z,SPECIES_8_N,SPECIES_8_T,SPECIES_8_KAPPA,SPECIES_8_N_UNCERT,SPECIES_8_T_UNCERT
1986,26,7,22,30.053,2,7,0,-1,1,0,1,1,25,0,0,0,1028,0,0,0,0,0,1,1,0,0,0,-115.2693083,0,0,0,0,3,1,1,5,10,0,0,0,3,1,1,5,1000,0,0,0,0,0,0,0,0,0,0,0,0,0,0,0,0,0,0,0,0,0,0,0,0,0,0,0,0,0,0,0,0,0,0,0,0,0,0,0,0,0,0,0,0,0,0,0,0,0,0,0
1986,26,7,24,6.052,2,7,0,-1,1,0,1,1,25,0,0,0,1028,0,0,0,0,0,1,1,0,0,0,-115.3566724,0,0,0,0,3,1,1,5,10,0,0,0,3,1,1,5,1000,0,0,0,0,0,0,0,0,0,0,0,0,0,0,0,0,0,0,0,0,0,0,0,0,0,0,0,0,0,0,0,0,0,0,0,0,0,0,0,0,0,0,0,0,0,0,0,0,0,0,0
1986,26,7,25,42.052,2,7,0,-1,1,0,1,1,25,0,0,0,1028,0,0,0,0,0,1,1,0,0,0,-115.4440368,0,0,0,0,3,1,1,5,10,0,0,0,3,1,1,5,1000,0,0,0,0,0,0,0,0,0,0,0,0,0,0,0,0,0,0,0,0,0,0,0,0,0,0,0,0,0,0,0,0,0,0,0,0,0,0,0,0,0,0,0,0,0,0,0,0,0,0,0
1986,26,7,27,18.052,2,7,0,-1,1,0,1,1,25,0,0,0,1028,0,0,0,0,0,1,1,0,0,0,-115.5314006,0,0,0,0,3,1,1,5,10,0,0,0,3,1,1,5,1000,0,0,0,0,0,0,0,0,0,0,0,0,0,0,0,0,0,0,0,0,0,0,0,0,0,0,0,0,0,0,0,0,0,0,0,0,0,0,0,0,0,0,0,0,0,0,0,0,0,0,0
1986,26,7,31,18.052,2,7,0,-1,1,0,1,1,25,0,0,0,1028,0,0,0,0,0,1,1,0,0,0,-115.7498075,0,0,0,0,3,1,1,5,10,0,0,0,3,1,1,5,1000,0,0,0,0,0,0,0,0,0,0,0,0,0,0,0,0,0,0,0,0,0,0,0,0,0,0,0,0,0,0,0,0,0,0,0,0,0,0,0,0,0,0,0,0,0,0,0,0,0,0,0
1986,26,7,32,54.052,2,7,0,-1,1,0,1,1,25,0,0,0,1028,0,0,0,0,0,1,1,0,0,0,-115.8371691,0,0,0,0,3,1,1,5,10,0,0,0,3,1,1,5,1000,0,0,0,0,0,0,0,0,0,0,0,0,0,0,0,0,0,0,0,0,0,0,0,0,0,0,0,0,0,0,0,0,0,0,0,0,0,0,0,0,0,0,0,0,0,0,0,0,0,0,0
1986,26,7,34,30.052,2,7,0,-1,1,0,1,1,25,0,0,0,1028,0,0,0,0,0,1,1,0,0,0,-115.9245302,0,0,0,0,3,1,1,5,10,0,0,0,3,1,1,5,1000,0,0,0,0,0,0,0,0,0,0,0,0,0,0,0,0,0,0,0,0,0,0,0,0,0,0,0,0,0,0,0,0,0,0,0,0,0,0,0,0,0,0,0,0,0,0,0,0,0,0,0
1986,26,7,36,6.052,2,7,0,-1,1,0,1,1,25,0,0,0,1028,0,0,0,0,0,1,1,0,0,0,-116.0118906,0,0,0,0,3,1,1,5,10,0,0,0,3,1,1,5,1000,0,0,0,0,0,0,0,0,0,0,0,0,0,0,0,0,0,0,0,0,0,0,0,0,0,0,0,0,0,0,0,0,0,0,0,0,0,0,0,0,0,0,0,0,0,0,0,0,0,0,0
1986,26,7,37,42.052,2,7,0,-1,1,0,1,1,25,0,0,0,1028,0,0,0,0,0,1,1,0,0,0,-116.0992505,0,0,0,0,3,1,1,5,10,0,0,0,3,1,1,5,1000,0,0,0,0,0,0,0,0,0,0,0,0,0,0,0,0,0,0,0,0,0,0,0,0,0,0,0,0,0,0,0,0,0,0,0,0,0,0,0,0,0,0,0,0,0,0,0,0,0,0,0
1986,26,7,39,18.051,2,7,0,-1,1,0,1,1,25,0,0,0,1028,0,0,0,0,0,1,1,0,0,0,-116.1866088,0,0,0,0,3,1,1,5,10,0,0,0,3,1,1,5,1000,0,0,0,0,0,0,0,0,0,0,0,0,0,0,0,0,0,0,0,0,0,0,0,0,0,0,0,0,0,0,0,0,0,0,0,0,0,0,0,0,0,0,0,0,0,0,0,0,0,0,0
1986,26,7,43,18.051,2,7,0,-1,1,0,1,1,25,0,0,0,1028,0,0,0,0,0,1,1,0,0,0,-116.4050043,0,0,0,0,3,1,1,5,10,0,0,0,3,1,1,5,1000,0,0,0,0,0,0,0,0,0,0,0,0,0,0,0,0,0,0,0,0,0,0,0,0,0,0,0,0,0,0,0,0,0,0,0,0,0,0,0,0,0,0,0,0,0,0,0,0,0,0,0
1986,26,7,44,54.051,2,7,0,-1,1,0,1,1,25,0,0,0,1028,0,0,0,0,0,1,1,0,0,0,-116.4923614,0,0,0,0,3,1,1,5,10,0,0,0,3,1,1,5,1000,0,0,0,0,0,0,0,0,0,0,0,0,0,0,0,0,0,0,0,0,0,0,0,0,0,0,0,0,0,0,0,0,0,0,0,0,0,0,0,0,0,0,0,0,0,0,0,0,0,0,0
1986,26,7,46,30.051,2,7,0,-1,1,0,1,1,25,0,0,0,1028,0,0,0,0,0,1,1,0,0,0,-116.579718,0,0,0,0,3,1,1,5,10,0,0,0,3,1,1,5,1000,0,0,0,0,0,0,0,0,0,0,0,0,0,0,0,0,0,0,0,0,0,0,0,0,0,0,0,0,0,0,0,0,0,0,0,0,0,0,0,0,0,0,0,0,0,0,0,0,0,0,0
1986,26,7,48,6.051,2,7,0,-1,1,0,1,1,25,0,0,0,1028,0,0,0,0,0,1,1,0,0,0,-116.6670739,0,0,0,0,3,1,1,5,10,0,0,0,3,1,1,5,1000,0,0,0,0,0,0,0,0,0,0,0,0,0,0,0,0,0,0,0,0,0,0,0,0,0,0,0,0,0,0,0,0,0,0,0,0,0,0,0,0,0,0,0,0,0,0,0,0,0,0,0
1986,26,7,49,42.051,2,7,0,-1,1,0,1,1,25,0,0,0,1028,0,0,0,0,0,1,1,0,0,0,-116.7544292,0,0,0,0,3,1,1,5,10,0,0,0,3,1,1,5,1000,0,0,0,0,0,0,0,0,0,0,0,0,0,0,0,0,0,0,0,0,0,0,0,0,0,0,0,0,0,0,0,0,0,0,0,0,0,0,0,0,0,0,0,0,0,0,0,0,0,0,0
1986,26,7,51,18.051,2,7,0,-1,1,0,1,1,25,0,0,0,1028,0,0,0,0,0,1,1,0,0,0,-116.8417839,0,0,0,0,3,1,1,5,10,0,0,0,3,1,1,5,1000,0,0,0,0,0,0,0,0,0,0,0,0,0,0,0,0,0,0,0,0,0,0,0,0,0,0,0,0,0,0,0,0,0,0,0,0,0,0,0,0,0,0,0,0,0,0,0,0,0,0,0
1986,26,7,55,18.05,2,7,0,-1,1,0,1,1,25,0,0,0,1028,0,0,0,0,0,1,1,0,0,0,-117.0601672,0,0,0,0,3,1,1,5,10,0,0,0,3,1,1,5,1000,0,0,0,0,0,0,0,0,0,0,0,0,0,0,0,0,0,0,0,0,0,0,0,0,0,0,0,0,0,0,0,0,0,0,0,0,0,0,0,0,0,0,0,0,0,0,0,0,0,0,0
1986,26,7,56,54.05,2,7,0,-1,1,0,1,1,25,0,0,0,1028,0,0,0,0,0,1,1,0,0,0,-117.1475199,0,0,0,0,3,1,1,5,10,0,0,0,3,1,1,5,1000,0,0,0,0,0,0,0,0,0,0,0,0,0,0,0,0,0,0,0,0,0,0,0,0,0,0,0,0,0,0,0,0,0,0,0,0,0,0,0,0,0,0,0,0,0,0,0,0,0,0,0
1986,26,7,58,30.05,2,7,0,-1,1,0,1,1,25,0,0,0,1028,0,0,0,0,0,1,1,0,0,0,-117.2348719,0,0,0,0,3,1,1,5,10,0,0,0,3,1,1,5,1000,0,0,0,0,0,0,0,0,0,0,0,0,0,0,0,0,0,0,0,0,0,0,0,0,0,0,0,0,0,0,0,0,0,0,0,0,0,0,0,0,0,0,0,0,0,0,0,0,0,0,0
1986,26,8,0,6.05,2,7,0,-1,1,0,1,1,25,0,0,0,1028,0,0,0,0,0,1,1,0,0,0,-117.3222233,0,0,0,0,3,1,1,5,10,0,0,0,3,1,1,5,1000,0,0,0,0,0,0,0,0,0,0,0,0,0,0,0,0,0,0,0,0,0,0,0,0,0,0,0,0,0,0,0,0,0,0,0,0,0,0,0,0,0,0,0,0,0,0,0,0,0,0,0
1986,26,8,1,42.05,2,7,0,-1,1,0,1,1,25,0,0,0,1028,0,0,0,0,0,1,1,0,0,0,-117.4095742,0,0,0,0,3,1,1,5,10,0,0,0,3,1,1,5,1000,0,0,0,0,0,0,0,0,0,0,0,0,0,0,0,0,0,0,0,0,0,0,0,0,0,0,0,0,0,0,0,0,0,0,0,0,0,0,0,0,0,0,0,0,0,0,0,0,0,0,0
1986,26,8,3,18.05,2,7,0,-1,1,0,1,1,25,0,0,0,1028,0,0,0,0,0,1,1,0,0,0,-117.4969244,0,0,0,0,3,1,1,5,10,0,0,0,3,1,1,5,1000,0,0,0,0,0,0,0,0,0,0,0,0,0,0,0,0,0,0,0,0,0,0,0,0,0,0,0,0,0,0,0,0,0,0,0,0,0,0,0,0,0,0,0,0,0,0,0,0,0,0,0
1986,26,8,7,18.05,2,7,0,-1,1,0,1,1,25,0,0,0,1028,0,0,0,0,0,1,1,0,0,0,-117.7152975,0,0,0,0,3,1,1,5,10,0,0,0,3,1,1,5,1000,0,0,0,0,0,0,0,0,0,0,0,0,0,0,0,0,0,0,0,0,0,0,0,0,0,0,0,0,0,0,0,0,0,0,0,0,0,0,0,0,0,0,0,0,0,0,0,0,0,0,0
1986,26,8,8,54.049,2,7,0,-1,1,0,1,1,25,0,0,0,1028,0,0,0,0,0,1,1,0,0,0,-117.8026452,0,0,0,0,3,1,1,5,10,0,0,0,3,1,1,5,1000,0,0,0,0,0,0,0,0,0,0,0,0,0,0,0,0,0,0,0,0,0,0,0,0,0,0,0,0,0,0,0,0,0,0,0,0,0,0,0,0,0,0,0,0,0,0,0,0,0,0,0
1986,26,8,10,30.049,2,7,0,-1,1,0,1,1,25,0,0,0,1028,0,0,0,0,0,1,1,0,0,0,-117.8899923,0,0,0,0,3,1,1,5,10,0,0,0,3,1,1,5,1000,0,0,0,0,0,0,0,0,0,0,0,0,0,0,0,0,0,0,0,0,0,0,0,0,0,0,0,0,0,0,0,0,0,0,0,0,0,0,0,0,0,0,0,0,0,0,0,0,0,0,0
1986,26,8,12,6.049,2,7,0,-1,1,0,1,1,25,0,0,0,1028,0,0,0,0,0,1,1,0,0,0,-117.9773393,0,0,0,0,3,1,1,5,10,0,0,0,3,1,1,5,1000,0,0,0,0,0,0,0,0,0,0,0,0,0,0,0,0,0,0,0,0,0,0,0,0,0,0,0,0,0,0,0,0,0,0,0,0,0,0,0,0,0,0,0,0,0,0,0,0,0,0,0
1986,26,8,13,42.049,2,7,0,-1,1,0,1,1,25,0,0,0,1028,0,0,0,0,0,1,1,0,0,0,-118.0646857,0,0,0,0,3,1,1,5,10,0,0,0,3,1,1,5,1000,0,0,0,0,0,0,0,0,0,0,0,0,0,0,0,0,0,0,0,0,0,0,0,0,0,0,0,0,0,0,0,0,0,0,0,0,0,0,0,0,0,0,0,0,0,0,0,0,0,0,0
1986,26,8,15,18.049,2,7,0,-1,1,0,1,1,25,0,0,0,1028,0,0,0,0,0,1,1,0,0,0,-118.1520315,0,0,0,0,3,1,1,5,10,0,0,0,3,1,1,5,1000,0,0,0,0,0,0,0,0,0,0,0,0,0,0,0,0,0,0,0,0,0,0,0,0,0,0,0,0,0,0,0,0,0,0,0,0,0,0,0,0,0,0,0,0,0,0,0,0,0,0,0
1986,26,8,19,18.049,2,7,0,-1,1,0,1,1,25,0,0,0,1028,0,0,0,0,0,1,1,0,0,0,-118.3703935,0,0,0,0,3,1,1,5,10,0,0,0,3,1,1,5,1000,0,0,0,0,0,0,0,0,0,0,0,0,0,0,0,0,0,0,0,0,0,0,0,0,0,0,0,0,0,0,0,0,0,0,0,0,0,0,0,0,0,0,0,0,0,0,0,0,0,0,0
1986,26,8,20,54.049,2,7,0,-1,1,0,1,1,25,0,0,0,1028,0,0,0,0,0,1,1,0,0,0,-118.4577372,0,0,0,0,3,1,1,5,10,0,0,0,3,1,1,5,1000,0,0,0,0,0,0,0,0,0,0,0,0,0,0,0,0,0,0,0,0,0,0,0,0,0,0,0,0,0,0,0,0,0,0,0,0,0,0,0,0,0,0,0,0,0,0,0,0,0,0,0
1986,26,8,22,30.049,2,7,0,-1,1,0,1,1,25,0,0,0,1028,0,0,0,0,0,1,1,0,0,0,-118.5450804,0,0,0,0,3,1,1,5,10,0,0,0,3,1,1,5,1000,0,0,0,0,0,0,0,0,0,0,0,0,0,0,0,0,0,0,0,0,0,0,0,0,0,0,0,0,0,0,0,0,0,0,0,0,0,0,0,0,0,0,0,0,0,0,0,0,0,0,0
1986,26,8,24,6.048,2,7,0,-1,1,0,1,1,25,0,0,0,1028,0,0,0,0,0,1,1,0,0,0,-118.6324225,0,0,0,0,3,1,1,5,10,0,0,0,3,1,1,5,1000,0,0,0,0,0,0,0,0,0,0,0,0,0,0,0,0,0,0,0,0,0,0,0,0,0,0,0,0,0,0,0,0,0,0,0,0,0,0,0,0,0,0,0,0,0,0,0,0,0,0,0
1986,26,8,25,42.048,2,7,0,-1,1,0,1,1,25,0,0,0,1028,0,0,0,0,0,1,1,0,0,0,-118.7197641,0,0,0,0,3,1,1,5,10,0,0,0,3,1,1,5,1000,0,0,0,0,0,0,0,0,0,0,0,0,0,0,0,0,0,0,0,0,0,0,0,0,0,0,0,0,0,0,0,0,0,0,0,0,0,0,0,0,0,0,0,0,0,0,0,0,0,0,0
1986,26,8,27,18.048,2,7,0,-1,1,0,1,1,25,0,0,0,1028,0,0,0,0,0,1,1,0,0,0,-118.8071055,0,0,0,0,3,1,1,5,10,0,0,0,3,1,1,5,1000,0,0,0,0,0,0,0,0,0,0,0,0,0,0,0,0,0,0,0,0,0,0,0,0,0,0,0,0,0,0,0,0,0,0,0,0,0,0,0,0,0,0,0,0,0,0,0,0,0,0,0
1986,26,8,31,18.048,2,7,0,-1,1,0,1,1,25,0,0,0,1028,0,0,0,0,0,1,1,0,0,0,-119.0254564,0,0,0,0,3,1,1,5,10,0,0,0,3,1,1,5,1000,0,0,0,0,0,0,0,0,0,0,0,0,0,0,0,0,0,0,0,0,0,0,0,0,0,0,0,0,0,0,0,0,0,0,0,0,0,0,0,0,0,0,0,0,0,0,0,0,0,0,0
1986,26,8,32,54.048,2,7,0,-1,1,0,1,1,25,0,0,0,1028,0,0,0,0,0,1,1,0,0,0,-119.1127958,0,0,0,0,3,1,1,5,10,0,0,0,3,1,1,5,1000,0,0,0,0,0,0,0,0,0,0,0,0,0,0,0,0,0,0,0,0,0,0,0,0,0,0,0,0,0,0,0,0,0,0,0,0,0,0,0,0,0,0,0,0,0,0,0,0,0,0,0
1986,26,8,34,30.048,2,7,0,-1,1,0,1,1,25,0,0,0,1028,0,0,0,0,0,1,1,0,0,0,-119.2001346,0,0,0,0,3,1,1,5,10,0,0,0,3,1,1,5,1000,0,0,0,0,0,0,0,0,0,0,0,0,0,0,0,0,0,0,0,0,0,0,0,0,0,0,0,0,0,0,0,0,0,0,0,0,0,0,0,0,0,0,0,0,0,0,0,0,0,0,0
1986,26,8,36,6.048,2,7,0,-1,1,0,1,1,25,0,0,0,1028,0,0,0,0,0,1,1,0,0,0,-119.2874728,0,0,0,0,3,1,1,5,10,0,0,0,3,1,1,5,1000,0,0,0,0,0,0,0,0,0,0,0,0,0,0,0,0,0,0,0,0,0,0,0,0,0,0,0,0,0,0,0,0,0,0,0,0,0,0,0,0,0,0,0,0,0,0,0,0,0,0,0
1986,26,8,37,42.048,2,7,0,-1,1,0,1,1,25,0,0,0,1028,0,0,0,0,0,1,1,0,0,0,-119.3748105,0,0,0,0,3,1,1,5,10,0,0,0,3,1,1,5,1000,0,0,0,0,0,0,0,0,0,0,0,0,0,0,0,0,0,0,0,0,0,0,0,0,0,0,0,0,0,0,0,0,0,0,0,0,0,0,0,0,0,0,0,0,0,0,0,0,0,0,0
1986,26,8,39,18.047,2,7,0,-1,1,0,1,1,25,0,0,0,1028,0,0,0,0,0,1,1,0,0,0,-119.462147,0,0,0,0,3,1,1,5,10,0,0,0,3,1,1,5,1000,0,0,0,0,0,0,0,0,0,0,0,0,0,0,0,0,0,0,0,0,0,0,0,0,0,0,0,0,0,0,0,0,0,0,0,0,0,0,0,0,0,0,0,0,0,0,0,0,0,0,0
1986,26,8,43,18.047,2,7,0,-1,1,0,1,1,25,0,0,0,1028,0,0,0,0,0,1,1,0,0,0,-119.6804867,0,0,0,0,3,1,1,5,10,0,0,0,3,1,1,5,1000,0,0,0,0,0,0,0,0,0,0,0,0,0,0,0,0,0,0,0,0,0,0,0,0,0,0,0,0,0,0,0,0,0,0,0,0,0,0,0,0,0,0,0,0,0,0,0,0,0,0,0
1986,26,8,44,54.047,2,7,0,-1,1,0,1,1,25,0,0,0,1028,0,0,0,0,0,1,1,0,0,0,-119.7678217,0,0,0,0,3,1,1,5,10,0,0,0,3,1,1,5,1000,0,0,0,0,0,0,0,0,0,0,0,0,0,0,0,0,0,0,0,0,0,0,0,0,0,0,0,0,0,0,0,0,0,0,0,0,0,0,0,0,0,0,0,0,0,0,0,0,0,0,0
1986,26,8,46,30.047,2,7,0,-1,1,0,1,1,25,0,0,0,1028,0,0,0,0,0,1,1,0,0,0,-119.8551562,0,0,0,0,3,1,1,5,10,0,0,0,3,1,1,5,1000,0,0,0,0,0,0,0,0,0,0,0,0,0,0,0,0,0,0,0,0,0,0,0,0,0,0,0,0,0,0,0,0,0,0,0,0,0,0,0,0,0,0,0,0,0,0,0,0,0,0,0
1986,26,8,48,6.047,2,7,0,-1,1,0,1,1,25,0,0,0,1028,0,0,0,0,0,1,1,0,0,0,-119.9424901,0,0,0,0,3,1,1,5,10,0,0,0,3,1,1,5,1000,0,0,0,0,0,0,0,0,0,0,0,0,0,0,0,0,0,0,0,0,0,0,0,0,0,0,0,0,0,0,0,0,0,0,0,0,0,0,0,0,0,0,0,0,0,0,0,0,0,0,0
1986,26,8,49,42.047,2,7,0,-1,1,0,1,1,25,0,0,0,1028,0,0,0,0,0,1,1,0,0,0,-120.0298234,0,0,0,0,3,1,1,5,10,0,0,0,3,1,1,5,1000,0,0,0,0,0,0,0,0,0,0,0,0,0,0,0,0,0,0,0,0,0,0,0,0,0,0,0,0,0,0,0,0,0,0,0,0,0,0,0,0,0,0,0,0,0,0,0,0,0,0,0
1986,26,8,51,18.047,2,7,0,-1,1,0,1,1,25,0,0,0,1028,0,0,0,0,0,1,1,0,0,0,-120.1171561,0,0,0,0,3,1,1,5,10,0,0,0,3,1,1,5,1000,0,0,0,0,0,0,0,0,0,0,0,0,0,0,0,0,0,0,0,0,0,0,0,0,0,0,0,0,0,0,0,0,0,0,0,0,0,0,0,0,0,0,0,0,0,0,0,0,0,0,0
1986,26,8,55,18.046,2,7,0,-1,1,0,1,1,25,0,0,0,1028,0,0,0,0,0,1,1,0,0,0,-120.3354845,0,0,0,0,3,1,1,5,10,0,0,0,3,1,1,5,1000,0,0,0,0,0,0,0,0,0,0,0,0,0,0,0,0,0,0,0,0,0,0,0,0,0,0,0,0,0,0,0,0,0,0,0,0,0,0,0,0,0,0,0,0,0,0,0,0,0,0,0
1986,26,8,56,54.046,2,7,0,-1,1,0,1,1,25,0,0,0,1028,0,0,0,0,0,1,1,0,0,0,-120.4228152,0,0,0,0,3,1,1,5,10,0,0,0,3,1,1,5,1000,0,0,0,0,0,0,0,0,0,0,0,0,0,0,0,0,0,0,0,0,0,0,0,0,0,0,0,0,0,0,0,0,0,0,0,0,0,0,0,0,0,0,0,0,0,0,0,0,0,0,0
1986,26,8,58,30.046,2,7,0,-1,1,0,1,1,25,0,0,0,1028,0,0,0,0,0,1,1,0,0,0,-120.5101454,0,0,0,0,3,1,1,5,10,0,0,0,3,1,1,5,1000,0,0,0,0,0,0,0,0,0,0,0,0,0,0,0,0,0,0,0,0,0,0,0,0,0,0,0,0,0,0,0,0,0,0,0,0,0,0,0,0,0,0,0,0,0,0,0,0,0,0,0
1986,26,9,0,6.046,2,7,0,-1,1,0,1,1,25,0,0,0,1028,0,0,0,0,0,1,1,0,0,0,-120.597475,0,0,0,0,3,1,1,5,10,0,0,0,3,1,1,5,1000,0,0,0,0,0,0,0,0,0,0,0,0,0,0,0,0,0,0,0,0,0,0,0,0,0,0,0,0,0,0,0,0,0,0,0,0,0,0,0,0,0,0,0,0,0,0,0,0,0,0,0
1986,26,9,1,42.046,2,7,0,-1,1,0,1,1,25,0,0,0,1028,0,0,0,0,0,1,1,0,0,0,-120.684804,0,0,0,0,3,1,1,5,10,0,0,0,3,1,1,5,1000,0,0,0,0,0,0,0,0,0,0,0,0,0,0,0,0,0,0,0,0,0,0,0,0,0,0,0,0,0,0,0,0,0,0,0,0,0,0,0,0,0,0,0,0,0,0,0,0,0,0,0
1986,26,9,3,18.046,2,7,0,-1,1,0,1,1,25,0,0,0,1028,0,0,0,0,0,1,1,0,0,0,-120.7721324,0,0,0,0,3,1,1,5,10,0,0,0,3,1,1,5,1000,0,0,0,0,0,0,0,0,0,0,0,0,0,0,0,0,0,0,0,0,0,0,0,0,0,0,0,0,0,0,0,0,0,0,0,0,0,0,0,0,0,0,0,0,0,0,0,0,0,0,0
1986,26,9,7,18.046,2,7,0,-1,1,0,1,1,25,0,0,0,1028,0,0,0,0,0,1,1,0,0,0,-120.990451,0,0,0,0,3,1,1,5,10,0,0,0,3,1,1,5,1000,0,0,0,0,0,0,0,0,0,0,0,0,0,0,0,0,0,0,0,0,0,0,0,0,0,0,0,0,0,0,0,0,0,0,0,0,0,0,0,0,0,0,0,0,0,0,0,0,0,0,0
1986,26,9,8,54.045,2,7,0,-1,1,0,1,1,25,0,0,0,1028,0,0,0,0,0,1,1,0,0,0,-121.077777,0,0,0,0,3,1,1,5,10,0,0,0,3,1,1,5,1000,0,0,0,0,0,0,0,0,0,0,0,0,0,0,0,0,0,0,0,0,0,0,0,0,0,0,0,0,0,0,0,0,0,0,0,0,0,0,0,0,0,0,0,0,0,0,0,0,0,0,0
1986,26,9,10,30.045,2,7,0,-1,1,0,1,1,25,0,0,0,1028,0,0,0,0,0,1,1,0,0,0,-121.1651025,0,0,0,0,3,1,1,5,10,0,0,0,3,1,1,5,1000,0,0,0,0,0,0,0,0,0,0,0,0,0,0,0,0,0,0,0,0,0,0,0,0,0,0,0,0,0,0,0,0,0,0,0,0,0,0,0,0,0,0,0,0,0,0,0,0,0,0,0
1986,26,9,12,6.045,2,7,0,-1,1,0,1,1,25,0,0,0,1028,0,0,0,0,0,1,1,0,0,0,-121.2524278,0,0,0,0,3,1,1,5,10,0,0,0,3,1,1,5,1000,0,0,0,0,0,0,0,0,0,0,0,0,0,0,0,0,0,0,0,0,0,0,0,0,0,0,0,0,0,0,0,0,0,0,0,0,0,0,0,0,0,0,0,0,0,0,0,0,0,0,0
1986,26,9,13,42.045,2,7,0,-1,1,0,1,1,25,0,0,0,1028,0,0,0,0,0,1,1,0,0,0,-121.3397526,0,0,0,0,3,1,1,5,10,0,0,0,3,1,1,5,1000,0,0,0,0,0,0,0,0,0,0,0,0,0,0,0,0,0,0,0,0,0,0,0,0,0,0,0,0,0,0,0,0,0,0,0,0,0,0,0,0,0,0,0,0,0,0,0,0,0,0,0
1986,26,9,15,18.045,2,7,0,-1,1,0,1,1,25,0,0,0,1028,0,0,0,0,0,1,1,0,0,0,-121.4270768,0,0,0,0,3,1,1,5,10,0,0,0,3,1,1,5,1000,0,0,0,0,0,0,0,0,0,0,0,0,0,0,0,0,0,0,0,0,0,0,0,0,0,0,0,0,0,0,0,0,0,0,0,0,0,0,0,0,0,0,0,0,0,0,0,0,0,0,0
1986,26,9,19,18.045,2,7,0,-1,1,0,1,1,25,0,0,0,1028,0,0,0,0,0,1,1,0,0,0,-121.6453848,0,0,0,0,3,1,1,5,10,0,0,0,3,1,1,5,1000,0,0,0,0,0,0,0,0,0,0,0,0,0,0,0,0,0,0,0,0,0,0,0,0,0,0,0,0,0,0,0,0,0,0,0,0,0,0,0,0,0,0,0,0,0,0,0,0,0,0,0
1986,26,9,20,54.045,2,7,0,-1,1,0,1,1,25,0,0,0,1028,0,0,0,0,0,1,1,0,0,0,-121.732707,0,0,0,0,3,1,1,5,10,0,0,0,3,1,1,5,1000,0,0,0,0,0,0,0,0,0,0,0,0,0,0,0,0,0,0,0,0,0,0,0,0,0,0,0,0,0,0,0,0,0,0,0,0,0,0,0,0,0,0,0,0,0,0,0,0,0,0,0
1986,26,9,22,30.045,2,7,0,-1,1,0,1,1,25,0,0,0,1028,0,0,0,0,0,1,1,0,0,0,-121.8200287,0,0,0,0,3,1,1,5,10,0,0,0,3,1,1,5,1000,0,0,0,0,0,0,0,0,0,0,0,0,0,0,0,0,0,0,0,0,0,0,0,0,0,0,0,0,0,0,0,0,0,0,0,0,0,0,0,0,0,0,0,0,0,0,0,0,0,0,0
1986,26,9,24,6.044,2,7,0,-1,1,0,1,1,25,0,0,0,1028,0,0,0,0,0,1,1,0,0,0,-121.9073493,0,0,0,0,3,1,1,5,10,0,0,0,3,1,1,5,1000,0,0,0,0,0,0,0,0,0,0,0,0,0,0,0,0,0,0,0,0,0,0,0,0,0,0,0,0,0,0,0,0,0,0,0,0,0,0,0,0,0,0,0,0,0,0,0,0,0,0,0
1986,26,9,25,42.044,2,7,0,-1,1,0,1,1,25,0,0,0,1028,0,0,0,0,0,1,1,0,0,0,-121.9946694,0,0,0,0,3,1,1,5,10,0,0,0,3,1,1,5,1000,0,0,0,0,0,0,0,0,0,0,0,0,0,0,0,0,0,0,0,0,0,0,0,0,0,0,0,0,0,0,0,0,0,0,0,0,0,0,0,0,0,0,0,0,0,0,0,0,0,0,0
1986,26,9,27,18.044,2,7,0,-1,1,0,1,1,25,0,0,0,1028,0,0,0,0,0,1,1,0,0,0,-122.0819894,0,0,0,0,3,1,1,5,10,0,0,0,3,1,1,5,1000,0,0,0,0,0,0,0,0,0,0,0,0,0,0,0,0,0,0,0,0,0,0,0,0,0,0,0,0,0,0,0,0,0,0,0,0,0,0,0,0,0,0,0,0,0,0,0,0,0,0,0
1986,26,9,31,18.044,2,7,0,-1,1,0,1,1,25,0,0,0,1028,0,0,0,0,0,1,1,0,0,0,-122.3002869,0,0,0,0,3,1,1,5,10,0,0,0,3,1,1,5,1000,0,0,0,0,0,0,0,0,0,0,0,0,0,0,0,0,0,0,0,0,0,0,0,0,0,0,0,0,0,0,0,0,0,0,0,0,0,0,0,0,0,0,0,0,0,0,0,0,0,0,0
1986,26,9,32,54.044,2,7,0,-1,1,0,1,1,25,0,0,0,1028,0,0,0,0,0,1,1,0,0,0,-122.3876049,0,0,0,0,3,1,1,5,10,0,0,0,3,1,1,5,1000,0,0,0,0,0,0,0,0,0,0,0,0,0,0,0,0,0,0,0,0,0,0,0,0,0,0,0,0,0,0,0,0,0,0,0,0,0,0,0,0,0,0,0,0,0,0,0,0,0,0,0
1986,26,9,34,30.044,2,7,0,-1,1,0,1,1,25,0,0,0,1028,0,0,0,0,0,1,1,0,0,0,-122.4749224,0,0,0,0,3,1,1,5,10,0,0,0,3,1,1,5,1000,0,0,0,0,0,0,0,0,0,0,0,0,0,0,0,0,0,0,0,0,0,0,0,0,0,0,0,0,0,0,0,0,0,0,0,0,0,0,0,0,0,0,0,0,0,0,0,0,0,0,0
1986,26,9,36,6.044,2,7,0,-1,1,0,1,1,25,0,0,0,1028,0,0,0,0,0,1,1,0,0,0,-122.5622393,0,0,0,0,3,1,1,5,10,0,0,0,3,1,1,5,1000,0,0,0,0,0,0,0,0,0,0,0,0,0,0,0,0,0,0,0,0,0,0,0,0,0,0,0,0,0,0,0,0,0,0,0,0,0,0,0,0,0,0,0,0,0,0,0,0,0,0,0
1986,26,9,37,42.044,2,7,0,-1,1,0,1,1,25,0,0,0,1028,0,0,0,0,0,1,1,0,0,0,-122.6495557,0,0,0,0,3,1,1,5,10,0,0,0,3,1,1,5,1000,0,0,0,0,0,0,0,0,0,0,0,0,0,0,0,0,0,0,0,0,0,0,0,0,0,0,0,0,0,0,0,0,0,0,0,0,0,0,0,0,0,0,0,0,0,0,0,0,0,0,0
1986,26,9,39,18.043,2,7,0,-1,1,0,1,1,25,0,0,0,1028,0,0,0,0,0,1,1,0,0,0,-122.736871,0,0,0,0,3,1,1,5,10,0,0,0,3,1,1,5,1000,0,0,0,0,0,0,0,0,0,0,0,0,0,0,0,0,0,0,0,0,0,0,0,0,0,0,0,0,0,0,0,0,0,0,0,0,0,0,0,0,0,0,0,0,0,0,0,0,0,0,0
1986,26,9,43,18.043,2,7,0,-1,1,0,1,1,25,0,0,0,1028,0,0,0,0,0,1,1,0,0,0,-122.9551577,0,0,0,0,3,1,1,5,10,0,0,0,3,1,1,5,1000,0,0,0,0,0,0,0,0,0,0,0,0,0,0,0,0,0,0,0,0,0,0,0,0,0,0,0,0,0,0,0,0,0,0,0,0,0,0,0,0,0,0,0,0,0,0,0,0,0,0,0
1986,26,9,44,54.043,2,7,0,-1,1,0,1,1,25,0,0,0,1028,0,0,0,0,0,1,1,0,0,0,-123.0424716,0,0,0,0,3,1,1,5,10,0,0,0,3,1,1,5,1000,0,0,0,0,0,0,0,0,0,0,0,0,0,0,0,0,0,0,0,0,0,0,0,0,0,0,0,0,0,0,0,0,0,0,0,0,0,0,0,0,0,0,0,0,0,0,0,0,0,0,0
1986,26,9,46,30.043,2,7,0,-1,1,0,1,1,25,0,0,0,1028,0,0,0,0,0,1,1,0,0,0,-123.1297849,0,0,0,0,3,1,1,5,10,0,0,0,3,1,1,5,1000,0,0,0,0,0,0,0,0,0,0,0,0,0,0,0,0,0,0,0,0,0,0,0,0,0,0,0,0,0,0,0,0,0,0,0,0,0,0,0,0,0,0,0,0,0,0,0,0,0,0,0
1986,26,9,48,6.043,2,7,0,-1,1,0,1,1,25,0,0,0,1028,0,0,0,0,0,1,1,0,0,0,-123.2170976,0,0,0,0,3,1,1,5,10,0,0,0,3,1,1,5,1000,0,0,0,0,0,0,0,0,0,0,0,0,0,0,0,0,0,0,0,0,0,0,0,0,0,0,0,0,0,0,0,0,0,0,0,0,0,0,0,0,0,0,0,0,0,0,0,0,0,0,0
1986,26,9,49,42.043,2,7,0,-1,1,0,1,1,25,0,0,0,1028,0,0,0,0,0,1,1,0,0,0,-123.3044099,0,0,0,0,3,1,1,5,10,0,0,0,3,1,1,5,1000,0,0,0,0,0,0,0,0,0,0,0,0,0,0,0,0,0,0,0,0,0,0,0,0,0,0,0,0,0,0,0,0,0,0,0,0,0,0,0,0,0,0,0,0,0,0,0,0,0,0,0
1986,26,9,51,18.043,2,7,0,-1,1,0,1,1,25,0,0,0,1028,0,0,0,0,0,1,1,0,0,0,-123.3917215,0,0,0,0,3,1,1,5,10,0,0,0,3,1,1,5,1000,0,0,0,0,0,0,0,0,0,0,0,0,0,0,0,0,0,0,0,0,0,0,0,0,0,0,0,0,0,0,0,0,0,0,0,0,0,0,0,0,0,0,0,0,0,0,0,0,0,0,0
1986,26,9,55,18.042,2,7,0,-1,1,0,1,1,25,0,0,0,1028,0,0,0,0,0,1,1,0,0,0,-123.6099974,0,0,0,0,3,1,1,5,10,0,0,0,3,1,1,5,1000,0,0,0,0,0,0,0,0,0,0,0,0,0,0,0,0,0,0,0,0,0,0,0,0,0,0,0,0,0,0,0,0,0,0,0,0,0,0,0,0,0,0,0,0,0,0,0,0,0,0,0
1986,26,9,56,54.042,2,7,0,-1,1,0,1,1,25,0,0,0,1028,0,0,0,0,0,1,1,0,0,0,-123.6973071,0,0,0,0,3,1,1,5,10,0,0,0,3,1,1,5,1000,0,0,0,0,0,0,0,0,0,0,0,0,0,0,0,0,0,0,0,0,0,0,0,0,0,0,0,0,0,0,0,0,0,0,0,0,0,0,0,0,0,0,0,0,0,0,0,0,0,0,0
1986,26,9,58,30.042,2,7,0,-1,1,0,1,1,25,0,0,0,1028,0,0,0,0,0,1,1,0,0,0,-123.7846163,0,0,0,0,3,1,1,5,10,0,0,0,3,1,1,5,1000,0,0,0,0,0,0,0,0,0,0,0,0,0,0,0,0,0,0,0,0,0,0,0,0,0,0,0,0,0,0,0,0,0,0,0,0,0,0,0,0,0,0,0,0,0,0,0,0,0,0,0
1986,26,10,0,6.042,2,7,0,-1,1,0,1,1,25,0,0,0,1028,0,0,0,0,0,1,1,0,0,0,-123.871925,0,0,0,0,3,1,1,5,10,0,0,0,3,1,1,5,1000,0,0,0,0,0,0,0,0,0,0,0,0,0,0,0,0,0,0,0,0,0,0,0,0,0,0,0,0,0,0,0,0,0,0,0,0,0,0,0,0,0,0,0,0,0,0,0,0,0,0,0
1986,26,10,1,42.042,2,7,0,-1,1,0,1,1,25,0,0,0,1028,0,0,0,0,0,1,1,0,0,0,-123.9592331,0,0,0,0,3,1,1,5,10,0,0,0,3,1,1,5,1000,0,0,0,0,0,0,0,0,0,0,0,0,0,0,0,0,0,0,0,0,0,0,0,0,0,0,0,0,0,0,0,0,0,0,0,0,0,0,0,0,0,0,0,0,0,0,0,0,0,0,0
1986,26,10,3,18.042,2,7,0,-1,1,0,1,1,25,0,0,0,1028,0,0,0,0,0,1,1,0,0,0,-124.0465407,0,0,0,0,3,1,1,5,10,0,0,0,3,1,1,5,1000,0,0,0,0,0,0,0,0,0,0,0,0,0,0,0,0,0,0,0,0,0,0,0,0,0,0,0,0,0,0,0,0,0,0,0,0,0,0,0,0,0,0,0,0,0,0,0,0,0,0,0
1986,26,10,7,18.042,2,7,0,-1,1,0,1,1,25,0,0,0,1028,0,0,0,0,0,1,1,0,0,0,-124.2648072,0,0,0,0,3,1,1,5,10,0,0,0,3,1,1,5,1000,0,0,0,0,0,0,0,0,0,0,0,0,0,0,0,0,0,0,0,0,0,0,0,0,0,0,0,0,0,0,0,0,0,0,0,0,0,0,0,0,0,0,0,0,0,0,0,0,0,0,0
1986,26,10,8,54.042,2,7,0,-1,1,0,1,1,25,0,0,0,1028,0,0,0,0,0,1,1,0,0,0,-124.3521128,0,0,0,0,3,1,1,5,10,0,0,0,3,1,1,5,1000,0,0,0,0,0,0,0,0,0,0,0,0,0,0,0,0,0,0,0,0,0,0,0,0,0,0,0,0,0,0,0,0,0,0,0,0,0,0,0,0,0,0,0,0,0,0,0,0,0,0,0
1986,26,10,10,30.041,2,7,0,-1,1,0,1,1,25,0,0,0,1028,0,0,0,0,0,1,1,0,0,0,-124.4394171,0,0,0,0,3,1,1,5,10,0,0,0,3,1,1,5,1000,0,0,0,0,0,0,0,0,0,0,0,0,0,0,0,0,0,0,0,0,0,0,0,0,0,0,0,0,0,0,0,0,0,0,0,0,0,0,0,0,0,0,0,0,0,0,0,0,0,0,0
1986,26,10,12,6.041,2,7,0,-1,1,0,1,1,25,0,0,0,1028,0,0,0,0,0,1,1,0,0,0,-124.5267216,0,0,0,0,3,1,1,5,10,0,0,0,3,1,1,5,1000,0,0,0,0,0,0,0,0,0,0,0,0,0,0,0,0,0,0,0,0,0,0,0,0,0,0,0,0,0,0,0,0,0,0,0,0,0,0,0,0,0,0,0,0,0,0,0,0,0,0,0
1986,26,10,13,42.041,2,7,0,-1,1,0,1,1,25,0,0,0,1028,0,0,0,0,0,1,1,0,0,0,-124.6140257,0,0,0,0,3,1,1,5,10,0,0,0,3,1,1,5,1000,0,0,0,0,0,0,0,0,0,0,0,0,0,0,0,0,0,0,0,0,0,0,0,0,0,0,0,0,0,0,0,0,0,0,0,0,0,0,0,0,0,0,0,0,0,0,0,0,0,0,0
1986,26,10,15,18.041,2,7,0,-1,1,0,1,1,25,0,0,0,1028,0,0,0,0,0,1,1,0,0,0,-124.7013292,0,0,0,0,3,1,1,5,10,0,0,0,3,1,1,5,1000,0,0,0,0,0,0,0,0,0,0,0,0,0,0,0,0,0,0,0,0,0,0,0,0,0,0,0,0,0,0,0,0,0,0,0,0,0,0,0,0,0,0,0,0,0,0,0,0,0,0,0
1986,26,10,19,18.041,2,7,0,-1,1,0,1,1,25,0,0,0,1028,0,0,0,0,0,1,1,0,0,0,-124.9195855,0,0,0,0,3,1,1,5,10,0,0,0,3,1,1,5,1000,0,0,0,0,0,0,0,0,0,0,0,0,0,0,0,0,0,0,0,0,0,0,0,0,0,0,0,0,0,0,0,0,0,0,0,0,0,0,0,0,0,0,0,0,0,0,0,0,0,0,0
1986,26,10,20,54.041,2,7,0,-1,1,0,1,1,25,0,0,0,1028,0,0,0,0,0,1,1,0,0,0,-125.0068871,0,0,0,0,3,1,1,5,10,0,0,0,3,1,1,5,1000,0,0,0,0,0,0,0,0,0,0,0,0,0,0,0,0,0,0,0,0,0,0,0,0,0,0,0,0,0,0,0,0,0,0,0,0,0,0,0,0,0,0,0,0,0,0,0,0,0,0,0
1986,26,10,22,30.041,2,7,0,-1,1,0,1,1,25,0,0,0,1028,0,0,0,0,0,1,1,0,0,0,-125.0941883,0,0,0,0,3,1,1,5,10,0,0,0,3,1,1,5,1000,0,0,0,0,0,0,0,0,0,0,0,0,0,0,0,0,0,0,0,0,0,0,0,0,0,0,0,0,0,0,0,0,0,0,0,0,0,0,0,0,0,0,0,0,0,0,0,0,0,0,0
1986,26,10,24,6.041,2,7,0,-1,1,0,1,1,25,0,0,0,1028,0,0,0,0,0,1,1,0,0,0,-125.1814888,0,0,0,0,3,1,1,5,10,0,0,0,3,1,1,5,1000,0,0,0,0,0,0,0,0,0,0,0,0,0,0,0,0,0,0,0,0,0,0,0,0,0,0,0,0,0,0,0,0,0,0,0,0,0,0,0,0,0,0,0,0,0,0,0,0,0,0,0
1986,26,10,25,42.04,2,7,0,-1,1,0,1,1,25,0,0,0,1028,0,0,0,0,0,1,1,0,0,0,-125.2687879,0,0,0,0,3,1,1,5,10,0,0,0,3,1,1,5,1000,0,0,0,0,0,0,0,0,0,0,0,0,0,0,0,0,0,0,0,0,0,0,0,0,0,0,0,0,0,0,0,0,0,0,0,0,0,0,0,0,0,0,0,0,0,0,0,0,0,0,0
1986,26,10,27,18.04,2,7,0,-1,1,0,1,1,25,0,0,0,1028,0,0,0,0,0,1,1,0,0,0,-125.3560874,0,0,0,0,3,1,1,5,10,0,0,0,3,1,1,5,1000,0,0,0,0,0,0,0,0,0,0,0,0,0,0,0,0,0,0,0,0,0,0,0,0,0,0,0,0,0,0,0,0,0,0,0,0,0,0,0,0,0,0,0,0,0,0,0,0,0,0,0
1986,26,10,31,18.04,2,7,0,-1,1,0,1,1,25,0,0,0,1028,0,0,0,0,0,1,1,0,0,0,-125.5743337,0,0,0,0,3,1,1,5,10,0,0,0,3,1,1,5,1000,0,0,0,0,0,0,0,0,0,0,0,0,0,0,0,0,0,0,0,0,0,0,0,0,0,0,0,0,0,0,0,0,0,0,0,0,0,0,0,0,0,0,0,0,0,0,0,0,0,0,0
1986,26,10,32,54.04,2,7,0,-1,1,0,1,1,25,0,0,0,1028,0,0,0,0,0,1,1,0,0,0,-125.6616312,0,0,0,0,3,1,1,5,10,0,0,0,3,1,1,5,1000,0,0,0,0,0,0,0,0,0,0,0,0,0,0,0,0,0,0,0,0,0,0,0,0,0,0,0,0,0,0,0,0,0,0,0,0,0,0,0,0,0,0,0,0,0,0,0,0,0,0,0
1986,26,10,34,30.04,2,7,0,-1,1,0,1,1,25,0,0,0,1028,0,0,0,0,0,1,1,0,0,0,-125.7489283,0,0,0,0,3,1,1,5,10,0,0,0,3,1,1,5,1000,0,0,0,0,0,0,0,0,0,0,0,0,0,0,0,0,0,0,0,0,0,0,0,0,0,0,0,0,0,0,0,0,0,0,0,0,0,0,0,0,0,0,0,0,0,0,0,0,0,0,0
1986,26,10,36,6.04,2,7,0,-1,1,0,1,1,25,0,0,0,1028,0,0,0,0,0,1,1,0,0,0,-125.8362248,0,0,0,0,3,1,1,5,10,0,0,0,3,1,1,5,1000,0,0,0,0,0,0,0,0,0,0,0,0,0,0,0,0,0,0,0,0,0,0,0,0,0,0,0,0,0,0,0,0,0,0,0,0,0,0,0,0,0,0,0,0,0,0,0,0,0,0,0
1986,26,10,37,42.04,2,7,0,-1,1,0,1,1,25,0,0,0,1028,0,0,0,0,0,1,1,0,0,0,-125.9235208,0,0,0,0,3,1,1,5,10,0,0,0,3,1,1,5,1000,0,0,0,0,0,0,0,0,0,0,0,0,0,0,0,0,0,0,0,0,0,0,0,0,0,0,0,0,0,0,0,0,0,0,0,0,0,0,0,0,0,0,0,0,0,0,0,0,0,0,0
1986,26,10,39,18.04,2,7,0,-1,1,0,1,1,25,0,0,0,1028,0,0,0,0,0,1,1,0,0,0,-126.0108163,0,0,0,0,3,1,1,5,10,0,0,0,3,1,1,5,1000,0,0,0,0,0,0,0,0,0,0,0,0,0,0,0,0,0,0,0,0,0,0,0,0,0,0,0,0,0,0,0,0,0,0,0,0,0,0,0,0,0,0,0,0,0,0,0,0,0,0,0
1986,26,10,43,18.039,2,7,0,-1,1,0,1,1,25,0,0,0,1028,0,0,0,0,0,1,1,0,0,0,-126.2290517,0,0,0,0,3,1,1,5,10,0,0,0,3,1,1,5,1000,0,0,0,0,0,0,0,0,0,0,0,0,0,0,0,0,0,0,0,0,0,0,0,0,0,0,0,0,0,0,0,0,0,0,0,0,0,0,0,0,0,0,0,0,0,0,0,0,0,0,0
1986,26,10,44,54.039,2,7,0,-1,1,0,1,1,25,0,0,0,1028,0,0,0,0,0,1,1,0,0,0,-126.3163453,0,0,0,0,3,1,1,5,10,0,0,0,3,1,1,5,1000,0,0,0,0,0,0,0,0,0,0,0,0,0,0,0,0,0,0,0,0,0,0,0,0,0,0,0,0,0,0,0,0,0,0,0,0,0,0,0,0,0,0,0,0,0,0,0,0,0,0,0
1986,26,10,46,30.039,2,7,0,-1,1,0,1,1,25,0,0,0,1028,0,0,0,0,0,1,1,0,0,0,-126.4036383,0,0,0,0,3,1,1,5,10,0,0,0,3,1,1,5,1000,0,0,0,0,0,0,0,0,0,0,0,0,0,0,0,0,0,0,0,0,0,0,0,0,0,0,0,0,0,0,0,0,0,0,0,0,0,0,0,0,0,0,0,0,0,0,0,0,0,0,0
1986,26,10,48,6.039,2,7,0,-1,1,0,1,1,25,0,0,0,1028,0,0,0,0,0,1,1,0,0,0,-126.4909309,0,0,0,0,3,1,1,5,10,0,0,0,3,1,1,5,1000,0,0,0,0,0,0,0,0,0,0,0,0,0,0,0,0,0,0,0,0,0,0,0,0,0,0,0,0,0,0,0,0,0,0,0,0,0,0,0,0,0,0,0,0,0,0,0,0,0,0,0
1986,26,10,49,42.039,2,7,0,-1,1,0,1,1,25,0,0,0,1028,0,0,0,0,0,1,1,0,0,0,-126.5782229,0,0,0,0,3,1,1,5,10,0,0,0,3,1,1,5,1000,0,0,0,0,0,0,0,0,0,0,0,0,0,0,0,0,0,0,0,0,0,0,0,0,0,0,0,0,0,0,0,0,0,0,0,0,0,0,0,0,0,0,0,0,0,0,0,0,0,0,0
1986,26,10,51,18.039,2,7,0,-1,1,0,1,1,25,0,0,0,1028,0,0,0,0,0,1,1,0,0,0,-126.6655144,0,0,0,0,3,1,1,5,10,0,0,0,3,1,1,5,1000,0,0,0,0,0,0,0,0,0,0,0,0,0,0,0,0,0,0,0,0,0,0,0,0,0,0,0,0,0,0,0,0,0,0,0,0,0,0,0,0,0,0,0,0,0,0,0,0,0,0,0
1986,26,10,55,18.038,2,7,0,-1,1,0,1,1,25,0,0,0,1028,0,0,0,0,0,1,1,0,0,0,-126.8837399,0,0,0,0,3,1,1,5,10,0,0,0,3,1,1,5,1000,0,0,0,0,0,0,0,0,0,0,0,0,0,0,0,0,0,0,0,0,0,0,0,0,0,0,0,0,0,0,0,0,0,0,0,0,0,0,0,0,0,0,0,0,0,0,0,0,0,0,0
1986,26,10,56,54.038,2,7,0,-1,1,0,1,1,25,0,0,0,1028,0,0,0,0,0,1,1,0,0,0,-126.9710295,0,0,0,0,3,1,1,5,10,0,0,0,3,1,1,5,1000,0,0,0,0,0,0,0,0,0,0,0,0,0,0,0,0,0,0,0,0,0,0,0,0,0,0,0,0,0,0,0,0,0,0,0,0,0,0,0,0,0,0,0,0,0,0,0,0,0,0,0
1986,26,10,58,30.038,2,7,0,-1,1,0,1,1,25,0,0,0,1028,0,0,0,0,0,1,1,0,0,0,-127.0583186,0,0,0,0,3,1,1,5,10,0,0,0,3,1,1,5,1000,0,0,0,0,0,0,0,0,0,0,0,0,0,0,0,0,0,0,0,0,0,0,0,0,0,0,0,0,0,0,0,0,0,0,0,0,0,0,0,0,0,0,0,0,0,0,0,0,0,0,0
1986,26,11,0,6.038,2,7,0,-1,1,0,1,1,25,0,0,0,1028,0,0,0,0,0,1,1,0,0,0,-127.1456072,0,0,0,0,3,1,1,5,10,0,0,0,3,1,1,5,1000,0,0,0,0,0,0,0,0,0,0,0,0,0,0,0,0,0,0,0,0,0,0,0,0,0,0,0,0,0,0,0,0,0,0,0,0,0,0,0,0,0,0,0,0,0,0,0,0,0,0,0
1986,26,11,1,42.038,2,7,0,-1,1,0,1,1,25,0,0,0,1028,0,0,0,0,0,1,1,0,0,0,-127.2328953,0,0,0,0,3,1,1,5,10,0,0,0,3,1,1,5,1000,0,0,0,0,0,0,0,0,0,0,0,0,0,0,0,0,0,0,0,0,0,0,0,0,0,0,0,0,0,0,0,0,0,0,0,0,0,0,0,0,0,0,0,0,0,0,0,0,0,0,0
1986,26,11,3,18.038,2,7,0,-1,1,0,1,1,25,0,0,0,1028,0,0,0,0,0,1,1,0,0,0,-127.3201829,0,0,0,0,3,1,1,5,10,0,0,0,3,1,1,5,1000,0,0,0,0,0,0,0,0,0,0,0,0,0,0,0,0,0,0,0,0,0,0,0,0,0,0,0,0,0,0,0,0,0,0,0,0,0,0,0,0,0,0,0,0,0,0,0,0,0,0,0
1986,26,11,7,18.038,2,7,0,-1,1,0,1,1,25,0,0,0,1028,0,0,0,0,0,1,1,0,0,0,-127.5383995,0,0,0,0,3,1,1,5,10,0,0,0,3,1,1,5,1000,0,0,0,0,0,0,0,0,0,0,0,0,0,0,0,0,0,0,0,0,0,0,0,0,0,0,0,0,0,0,0,0,0,0,0,0,0,0,0,0,0,0,0,0,0,0,0,0,0,0,0
1986,26,11,8,54.038,2,7,0,-1,1,0,1,1,25,0,0,0,1028,0,0,0,0,0,1,1,0,0,0,-127.6256852,0,0,0,0,3,1,1,5,10,0,0,0,3,1,1,5,1000,0,0,0,0,0,0,0,0,0,0,0,0,0,0,0,0,0,0,0,0,0,0,0,0,0,0,0,0,0,0,0,0,0,0,0,0,0,0,0,0,0,0,0,0,0,0,0,0,0,0,0
1986,26,11,10,30.037,2,7,0,-1,1,0,1,1,25,0,0,0,1028,0,0,0,0,0,1,1,0,0,0,-127.7129695,0,0,0,0,3,1,1,5,10,0,0,0,3,1,1,5,1000,0,0,0,0,0,0,0,0,0,0,0,0,0,0,0,0,0,0,0,0,0,0,0,0,0,0,0,0,0,0,0,0,0,0,0,0,0,0,0,0,0,0,0,0,0,0,0,0,0,0,0
1986,26,11,12,6.037,2,7,0,-1,1,0,1,1,25,0,0,0,1028,0,0,0,0,0,1,1,0,0,0,-127.8002542,0,0,0,0,3,1,1,5,10,0,0,0,3,1,1,5,1000,0,0,0,0,0,0,0,0,0,0,0,0,0,0,0,0,0,0,0,0,0,0,0,0,0,0,0,0,0,0,0,0,0,0,0,0,0,0,0,0,0,0,0,0,0,0,0,0,0,0,0
1986,26,11,13,42.037,2,7,0,-1,1,0,1,1,25,0,0,0,1028,0,0,0,0,0,1,1,0,0,0,-127.8875383,0,0,0,0,3,1,1,5,10,0,0,0,3,1,1,5,1000,0,0,0,0,0,0,0,0,0,0,0,0,0,0,0,0,0,0,0,0,0,0,0,0,0,0,0,0,0,0,0,0,0,0,0,0,0,0,0,0,0,0,0,0,0,0,0,0,0,0,0
1986,26,11,15,18.037,2,7,0,-1,1,0,1,1,25,0,0,0,1028,0,0,0,0,0,1,1,0,0,0,-127.974822,0,0,0,0,3,1,1,5,10,0,0,0,3,1,1,5,1000,0,0,0,0,0,0,0,0,0,0,0,0,0,0,0,0,0,0,0,0,0,0,0,0,0,0,0,0,0,0,0,0,0,0,0,0,0,0,0,0,0,0,0,0,0,0,0,0,0,0,0
1986,26,11,19,18.037,2,7,0,-1,1,0,1,1,25,0,0,0,1028,0,0,0,0,0,1,1,0,0,0,-128.1930288,0,0,0,0,3,1,1,5,10,0,0,0,3,1,1,5,1000,0,0,0,0,0,0,0,0,0,0,0,0,0,0,0,0,0,0,0,0,0,0,0,0,0,0,0,0,0,0,0,0,0,0,0,0,0,0,0,0,0,0,0,0,0,0,0,0,0,0,0
1986,26,11,20,54.037,2,7,0,-1,1,0,1,1,25,0,0,0,1028,0,0,0,0,0,1,1,0,0,0,-128.2803107,0,0,0,0,3,1,1,5,10,0,0,0,3,1,1,5,1000,0,0,0,0,0,0,0,0,0,0,0,0,0,0,0,0,0,0,0,0,0,0,0,0,0,0,0,0,0,0,0,0,0,0,0,0,0,0,0,0,0,0,0,0,0,0,0,0,0,0,0
1986,26,11,22,30.037,2,7,0,-1,1,0,1,1,25,0,0,0,1028,0,0,0,0,0,1,1,0,0,0,-128.367592,0,0,0,0,3,1,1,5,10,0,0,0,3,1,1,5,1000,0,0,0,0,0,0,0,0,0,0,0,0,0,0,0,0,0,0,0,0,0,0,0,0,0,0,0,0,0,0,0,0,0,0,0,0,0,0,0,0,0,0,0,0,0,0,0,0,0,0,0
1986,26,11,24,6.037,2,7,0,-1,1,0,1,1,25,0,0,0,1028,0,0,0,0,0,1,1,0,0,0,-128.4548728,0,0,0,0,3,1,1,5,10,0,0,0,3,1,1,5,1000,0,0,0,0,0,0,0,0,0,0,0,0,0,0,0,0,0,0,0,0,0,0,0,0,0,0,0,0,0,0,0,0,0,0,0,0,0,0,0,0,0,0,0,0,0,0,0,0,0,0,0
1986,26,11,25,42.036,2,7,0,-1,1,0,1,1,25,0,0,0,1028,0,0,0,0,0,1,1,0,0,0,-128.5421522,0,0,0,0,3,1,1,5,10,0,0,0,3,1,1,5,1000,0,0,0,0,0,0,0,0,0,0,0,0,0,0,0,0,0,0,0,0,0,0,0,0,0,0,0,0,0,0,0,0,0,0,0,0,0,0,0,0,0,0,0,0,0,0,0,0,0,0,0
1986,26,11,27,18.036,2,7,0,-1,1,0,1,1,25,0,0,0,1028,0,0,0,0,0,1,1,0,0,0,-128.629432,0,0,0,0,3,1,1,5,10,0,0,0,3,1,1,5,1000,0,0,0,0,0,0,0,0,0,0,0,0,0,0,0,0,0,0,0,0,0,0,0,0,0,0,0,0,0,0,0,0,0,0,0,0,0,0,0,0,0,0,0,0,0,0,0,0,0,0,0
1986,26,11,31,18.036,2,7,0,-1,1,0,1,1,25,0,0,0,1028,0,0,0,0,0,1,1,0,0,0,-128.8476292,0,0,0,0,3,1,1,5,10,0,0,0,3,1,1,5,1000,0,0,0,0,0,0,0,0,0,0,0,0,0,0,0,0,0,0,0,0,0,0,0,0,0,0,0,0,0,0,0,0,0,0,0,0,0,0,0,0,0,0,0,0,0,0,0,0,0,0,0
1986,26,11,32,54.036,2,7,0,-1,1,0,1,1,25,0,0,0,1028,0,0,0,0,0,1,1,0,0,0,-128.9349072,0,0,0,0,3,1,1,5,10,0,0,0,3,1,1,5,1000,0,0,0,0,0,0,0,0,0,0,0,0,0,0,0,0,0,0,0,0,0,0,0,0,0,0,0,0,0,0,0,0,0,0,0,0,0,0,0,0,0,0,0,0,0,0,0,0,0,0,0
1986,26,11,34,30.036,2,7,0,-1,1,0,1,1,25,0,0,0,1028,0,0,0,0,0,1,1,0,0,0,-129.0221846,0,0,0,0,3,1,1,5,10,0,0,0,3,1,1,5,1000,0,0,0,0,0,0,0,0,0,0,0,0,0,0,0,0,0,0,0,0,0,0,0,0,0,0,0,0,0,0,0,0,0,0,0,0,0,0,0,0,0,0,0,0,0,0,0,0,0,0,0
1986,26,11,36,6.036,2,7,0,-1,1,0,1,1,25,0,0,0,1028,0,0,0,0,0,1,1,0,0,0,-129.1094616,0,0,0,0,3,1,1,5,10,0,0,0,3,1,1,5,1000,0,0,0,0,0,0,0,0,0,0,0,0,0,0,0,0,0,0,0,0,0,0,0,0,0,0,0,0,0,0,0,0,0,0,0,0,0,0,0,0,0,0,0,0,0,0,0,0,0,0,0
1986,26,11,37,42.036,2,7,0,-1,1,0,1,1,25,0,0,0,1028,0,0,0,0,0,1,1,0,0,0,-129.1967381,0,0,0,0,3,1,1,5,10,0,0,0,3,1,1,5,1000,0,0,0,0,0,0,0,0,0,0,0,0,0,0,0,0,0,0,0,0,0,0,0,0,0,0,0,0,0,0,0,0,0,0,0,0,0,0,0,0,0,0,0,0,0,0,0,0,0,0,0
1986,26,11,39,18.036,2,7,0,-1,1,0,1,1,25,0,0,0,1028,0,0,0,0,0,1,1,0,0,0,-129.284014,0,0,0,0,3,1,1,5,10,0,0,0,3,1,1,5,1000,0,0,0,0,0,0,0,0,0,0,0,0,0,0,0,0,0,0,0,0,0,0,0,0,0,0,0,0,0,0,0,0,0,0,0,0,0,0,0,0,0,0,0,0,0,0,0,0,0,0,0
1986,26,11,43,18.035,2,7,0,-1,1,0,1,1,25,0,0,0,1028,0,0,0,0,0,1,1,0,0,0,-129.5022007,0,0,0,0,3,1,1,5,10,0,0,0,3,1,1,5,1000,0,0,0,0,0,0,0,0,0,0,0,0,0,0,0,0,0,0,0,0,0,0,0,0,0,0,0,0,0,0,0,0,0,0,0,0,0,0,0,0,0,0,0,0,0,0,0,0,0,0,0
1986,26,11,44,54.035,2,7,0,-1,1,0,1,1,25,0,0,0,1028,0,0,0,0,0,1,1,0,0,0,-129.5894749,0,0,0,0,3,1,1,5,10,0,0,0,3,1,1,5,1000,0,0,0,0,0,0,0,0,0,0,0,0,0,0,0,0,0,0,0,0,0,0,0,0,0,0,0,0,0,0,0,0,0,0,0,0,0,0,0,0,0,0,0,0,0,0,0,0,0,0,0
1986,26,11,46,30.035,2,7,0,-1,1,0,1,1,25,0,0,0,1028,0,0,0,0,0,1,1,0,0,0,-129.6767485,0,0,0,0,3,1,1,5,10,0,0,0,3,1,1,5,1000,0,0,0,0,0,0,0,0,0,0,0,0,0,0,0,0,0,0,0,0,0,0,0,0,0,0,0,0,0,0,0,0,0,0,0,0,0,0,0,0,0,0,0,0,0,0,0,0,0,0,0
1986,26,11,48,6.035,2,7,0,-1,1,0,1,1,25,0,0,0,1028,0,0,0,0,0,1,1,0,0,0,-129.7640217,0,0,0,0,3,1,1,5,10,0,0,0,3,1,1,5,1000,0,0,0,0,0,0,0,0,0,0,0,0,0,0,0,0,0,0,0,0,0,0,0,0,0,0,0,0,0,0,0,0,0,0,0,0,0,0,0,0,0,0,0,0,0,0,0,0,0,0,0
1986,26,11,49,42.035,2,7,0,-1,1,0,1,1,25,0,0,0,1028,0,0,0,0,0,1,1,0,0,0,-129.8512943,0,0,0,0,3,1,1,5,10,0,0,0,3,1,1,5,1000,0,0,0,0,0,0,0,0,0,0,0,0,0,0,0,0,0,0,0,0,0,0,0,0,0,0,0,0,0,0,0,0,0,0,0,0,0,0,0,0,0,0,0,0,0,0,0,0,0,0,0
1986,26,11,51,18.035,2,7,0,-1,1,0,1,1,25,0,0,0,1028,0,0,0,0,0,1,1,0,0,0,-129.9385664,0,0,0,0,3,1,1,5,10,0,0,0,3,1,1,5,1000,0,0,0,0,0,0,0,0,0,0,0,0,0,0,0,0,0,0,0,0,0,0,0,0,0,0,0,0,0,0,0,0,0,0,0,0,0,0,0,0,0,0,0,0,0,0,0,0,0,0,0
1986,26,11,55,18.035,2,7,0,-1,1,0,1,1,25,0,0,0,1028,0,0,0,0,0,1,1,0,0,0,-130.1567441,0,0,0,0,3,1,1,5,10,0,0,0,3,1,1,5,1000,0,0,0,0,0,0,0,0,0,0,0,0,0,0,0,0,0,0,0,0,0,0,0,0,0,0,0,0,0,0,0,0,0,0,0,0,0,0,0,0,0,0,0,0,0,0,0,0,0,0,0
1986,26,11,56,54.034,2,7,0,-1,1,0,1,1,25,0,0,0,1028,0,0,0,0,0,1,1,0,0,0,-130.244014,0,0,0,0,3,1,1,5,10,0,0,0,3,1,1,5,1000,0,0,0,0,0,0,0,0,0,0,0,0,0,0,0,0,0,0,0,0,0,0,0,0,0,0,0,0,0,0,0,0,0,0,0,0,0,0,0,0,0,0,0,0,0,0,0,0,0,0,0
1986,26,11,58,30.034,2,7,0,-1,1,0,1,1,25,0,0,0,1028,0,0,0,0,0,1,1,0,0,0,-130.3312839,0,0,0,0,3,1,1,5,10,0,0,0,3,1,1,5,1000,0,0,0,0,0,0,0,0,0,0,0,0,0,0,0,0,0,0,0,0,0,0,0,0,0,0,0,0,0,0,0,0,0,0,0,0,0,0,0,0,0,0,0,0,0,0,0,0,0,0,0
1986,26,12,0,6.034,2,7,0,-1,1,0,1,1,25,0,0,0,1028,0,0,0,0,0,1,1,0,0,0,-130.4185533,0,0,0,0,3,1,1,5,10,0,0,0,3,1,1,5,1000,0,0,0,0,0,0,0,0,0,0,0,0,0,0,0,0,0,0,0,0,0,0,0,0,0,0,0,0,0,0,0,0,0,0,0,0,0,0,0,0,0,0,0,0,0,0,0,0,0,0,0
1986,26,12,1,42.034,2,7,0,-1,1,0,1,1,25,0,0,0,1028,0,0,0,0,0,1,1,0,0,0,-130.5058221,0,0,0,0,3,1,1,5,10,0,0,0,3,1,1,5,1000,0,0,0,0,0,0,0,0,0,0,0,0,0,0,0,0,0,0,0,0,0,0,0,0,0,0,0,0,0,0,0,0,0,0,0,0,0,0,0,0,0,0,0,0,0,0,0,0,0,0,0
1986,26,12,3,18.034,2,7,0,-1,1,0,1,1,25,0,0,0,1028,0,0,0,0,0,1,1,0,0,0,-130.5930905,0,0,0,0,3,1,1,5,10,0,0,0,3,1,1,5,1000,0,0,0,0,0,0,0,0,0,0,0,0,0,0,0,0,0,0,0,0,0,0,0,0,0,0,0,0,0,0,0,0,0,0,0,0,0,0,0,0,0,0,0,0,0,0,0,0,0,0,0
1986,26,12,7,18.034,2,7,0,-1,1,0,1,1,25,0,0,0,1028,0,0,0,0,0,1,1,0,0,0,-130.8112592,0,0,0,0,3,1,1,5,10,0,0,0,3,1,1,5,1000,0,0,0,0,0,0,0,0,0,0,0,0,0,0,0,0,0,0,0,0,0,0,0,0,0,0,0,0,0,0,0,0,0,0,0,0,0,0,0,0,0,0,0,0,0,0,0,0,0,0,0
1986,26,12,8,54.034,2,7,0,-1,1,0,1,1,25,0,0,0,1028,0,0,0,0,0,1,1,0,0,0,-130.8985258,0,0,0,0,3,1,1,5,10,0,0,0,3,1,1,5,1000,0,0,0,0,0,0,0,0,0,0,0,0,0,0,0,0,0,0,0,0,0,0,0,0,0,0,0,0,0,0,0,0,0,0,0,0,0,0,0,0,0,0,0,0,0,0,0,0,0,0,0
1986,26,12,10,30.034,2,7,0,-1,1,0,1,1,25,0,0,0,1028,0,0,0,0,0,1,1,0,0,0,-130.9857915,0,0,0,0,3,1,1,5,10,0,0,0,3,1,1,5,1000,0,0,0,0,0,0,0,0,0,0,0,0,0,0,0,0,0,0,0,0,0,0,0,0,0,0,0,0,0,0,0,0,0,0,0,0,0,0,0,0,0,0,0,0,0,0,0,0,0,0,0
1986,26,12,12,6.033,2,7,0,-1,1,0,1,1,25,0,0,0,1028,0,0,0,0,0,1,1,0,0,0,-131.0730566,0,0,0,0,3,1,1,5,10,0,0,0,3,1,1,5,1000,0,0,0,0,0,0,0,0,0,0,0,0,0,0,0,0,0,0,0,0,0,0,0,0,0,0,0,0,0,0,0,0,0,0,0,0,0,0,0,0,0,0,0,0,0,0,0,0,0,0,0
1986,26,12,13,42.033,2,7,0,-1,1,0,1,1,25,0,0,0,1028,0,0,0,0,0,1,1,0,0,0,-131.1603217,0,0,0,0,3,1,1,5,10,0,0,0,3,1,1,5,1000,0,0,0,0,0,0,0,0,0,0,0,0,0,0,0,0,0,0,0,0,0,0,0,0,0,0,0,0,0,0,0,0,0,0,0,0,0,0,0,0,0,0,0,0,0,0,0,0,0,0,0
1986,26,12,15,18.033,2,7,0,-1,1,0,1,1,25,0,0,0,1028,0,0,0,0,0,1,1,0,0,0,-131.2475863,0,0,0,0,3,1,1,5,10,0,0,0,3,1,1,5,1000,0,0,0,0,0,0,0,0,0,0,0,0,0,0,0,0,0,0,0,0,0,0,0,0,0,0,0,0,0,0,0,0,0,0,0,0,0,0,0,0,0,0,0,0,0,0,0,0,0,0,0
1986,26,12,20,54.033,2,7,0,-1,1,0,1,1,25,0,0,0,1028,0,0,0,0,0,1,1,0,0,0,-131.5530086,0,0,0,0,3,1,1,5,10,0,0,0,3,1,1,5,1000,0,0,0,0,0,0,0,0,0,0,0,0,0,0,0,0,0,0,0,0,0,0,0,0,0,0,0,0,0,0,0,0,0,0,0,0,0,0,0,0,0,0,0,0,0,0,0,0,0,0,0
1986,26,12,22,30.033,2,7,0,-1,1,0,1,1,25,0,0,0,1028,0,0,0,0,0,1,1,0,0,0,-131.640271,0,0,0,0,3,1,1,5,10,0,0,0,3,1,1,5,1000,0,0,0,0,0,0,0,0,0,0,0,0,0,0,0,0,0,0,0,0,0,0,0,0,0,0,0,0,0,0,0,0,0,0,0,0,0,0,0,0,0,0,0,0,0,0,0,0,0,0,0
1986,26,12,24,6.033,2,7,0,-1,1,0,1,1,25,0,0,0,1028,0,0,0,0,0,1,1,0,0,0,-131.7275329,0,0,0,0,3,1,1,5,10,0,0,0,3,1,1,5,1000,0,0,0,0,0,0,0,0,0,0,0,0,0,0,0,0,0,0,0,0,0,0,0,0,0,0,0,0,0,0,0,0,0,0,0,0,0,0,0,0,0,0,0,0,0,0,0,0,0,0,0
1986,26,12,25,42.033,2,7,0,-1,1,0,1,1,25,0,0,0,1028,0,0,0,0,0,1,1,0,0,0,-131.8147938,0,0,0,0,3,1,1,5,10,0,0,0,3,1,1,5,1000,0,0,0,0,0,0,0,0,0,0,0,0,0,0,0,0,0,0,0,0,0,0,0,0,0,0,0,0,0,0,0,0,0,0,0,0,0,0,0,0,0,0,0,0,0,0,0,0,0,0,0
1986,26,12,27,18.032,2,7,0,-1,1,0,1,1,25,0,0,0,1028,0,0,0,0,0,1,1,0,0,0,-131.9020542,0,0,0,0,3,1,1,5,10,0,0,0,3,1,1,5,1000,0,0,0,0,0,0,0,0,0,0,0,0,0,0,0,0,0,0,0,0,0,0,0,0,0,0,0,0,0,0,0,0,0,0,0,0,0,0,0,0,0,0,0,0,0,0,0,0,0,0,0
1986,26,12,31,18.032,2,7,0,-1,1,0,1,1,25,0,0,0,1028,0,0,0,0,0,1,1,0,0,0,-132.1202043,0,0,0,0,3,1,1,5,10,0,0,0,3,1,1,5,1000,0,0,0,0,0,0,0,0,0,0,0,0,0,0,0,0,0,0,0,0,0,0,0,0,0,0,0,0,0,0,0,0,0,0,0,0,0,0,0,0,0,0,0,0,0,0,0,0,0,0,0
1986,26,12,32,54.032,2,7,0,-1,1,0,1,1,25,0,0,0,1028,0,0,0,0,0,1,1,0,0,0,-132.2074635,0,0,0,0,3,1,1,5,10,0,0,0,3,1,1,5,1000,0,0,0,0,0,0,0,0,0,0,0,0,0,0,0,0,0,0,0,0,0,0,0,0,0,0,0,0,0,0,0,0,0,0,0,0,0,0,0,0,0,0,0,0,0,0,0,0,0,0,0
1986,26,12,34,30.032,2,7,0,-1,1,0,1,1,25,0,0,0,1028,0,0,0,0,0,1,1,0,0,0,-132.2947222,0,0,0,0,3,1,1,5,10,0,0,0,3,1,1,5,1000,0,0,0,0,0,0,0,0,0,0,0,0,0,0,0,0,0,0,0,0,0,0,0,0,0,0,0,0,0,0,0,0,0,0,0,0,0,0,0,0,0,0,0,0,0,0,0,0,0,0,0
1986,26,12,43,18.031,2,7,0,-1,1,0,1,1,25,0,0,0,1028,0,0,0,0,0,1,1,0,0,0,-132.7746353,0,0,0,0,3,1,1,5,10,0,0,0,3,1,1,5,1000,0,0,0,0,0,0,0,0,0,0,0,0,0,0,0,0,0,0,0,0,0,0,0,0,0,0,0,0,0,0,0,0,0,0,0,0,0,0,0,0,0,0,0,0,0,0,0,0,0,0,0
1986,26,12,44,54.031,2,7,0,-1,1,0,1,1,25,0,0,0,1028,0,0,0,0,0,1,1,0,0,0,-132.8618908,0,0,0,0,3,1,1,5,10,0,0,0,3,1,1,5,1000,0,0,0,0,0,0,0,0,0,0,0,0,0,0,0,0,0,0,0,0,0,0,0,0,0,0,0,0,0,0,0,0,0,0,0,0,0,0,0,0,0,0,0,0,0,0,0,0,0,0,0
1986,26,12,46,30.031,2,7,0,-1,1,0,1,1,25,0,0,0,1028,0,0,0,0,0,1,1,0,0,0,-132.9491459,0,0,0,0,3,1,1,5,10,0,0,0,3,1,1,5,1000,0,0,0,0,0,0,0,0,0,0,0,0,0,0,0,0,0,0,0,0,0,0,0,0,0,0,0,0,0,0,0,0,0,0,0,0,0,0,0,0,0,0,0,0,0,0,0,0,0,0,0
1986,26,12,48,6.031,2,7,0,-1,1,0,1,1,25,0,0,0,1028,0,0,0,0,0,1,1,0,0,0,-133.0364004,0,0,0,0,3,1,1,5,10,0,0,0,3,1,1,5,1000,0,0,0,0,0,0,0,0,0,0,0,0,0,0,0,0,0,0,0,0,0,0,0,0,0,0,0,0,0,0,0,0,0,0,0,0,0,0,0,0,0,0,0,0,0,0,0,0,0,0,0
1986,26,12,49,42.031,2,7,0,-1,1,0,1,1,25,0,0,0,1028,0,0,0,0,0,1,1,0,0,0,-133.1236544,0,0,0,0,3,1,1,5,10,0,0,0,3,1,1,5,1000,0,0,0,0,0,0,0,0,0,0,0,0,0,0,0,0,0,0,0,0,0,0,0,0,0,0,0,0,0,0,0,0,0,0,0,0,0,0,0,0,0,0,0,0,0,0,0,0,0,0,0
1986,26,12,51,18.031,2,7,0,-1,1,0,1,1,25,0,0,0,1028,0,0,0,0,0,1,1,0,0,0,-133.210908,0,0,0,0,3,1,1,5,10,0,0,0,3,1,1,5,1000,0,0,0,0,0,0,0,0,0,0,0,0,0,0,0,0,0,0,0,0,0,0,0,0,0,0,0,0,0,0,0,0,0,0,0,0,0,0,0,0,0,0,0,0,0,0,0,0,0,0,0
1986,26,13,0,6.03,2,7,0,-1,1,0,1,1,25,0,0,0,1028,0,0,0,0,0,1,1,0,0,0,-133.690793,0,0,0,0,3,1,1,5,10,0,0,0,3,1,1,5,1000,0,0,0,0,0,0,0,0,0,0,0,0,0,0,0,0,0,0,0,0,0,0,0,0,0,0,0,0,0,0,0,0,0,0,0,0,0,0,0,0,0,0,0,0,0,0,0,0,0,0,0
1986,26,13,1,42.03,2,7,0,-1,1,0,1,1,25,0,0,0,1028,0,0,0,0,0,1,1,0,0,0,-133.7780435,0,0,0,0,3,1,1,5,10,0,0,0,3,1,1,5,1000,0,0,0,0,0,0,0,0,0,0,0,0,0,0,0,0,0,0,0,0,0,0,0,0,0,0,0,0,0,0,0,0,0,0,0,0,0,0,0,0,0,0,0,0,0,0,0,0,0,0,0
1986,26,13,3,18.03,2,7,0,-1,1,0,1,1,25,0,0,0,1028,0,0,0,0,0,1,1,0,0,0,-133.8652934,0,0,0,0,3,1,1,5,10,0,0,0,3,1,1,5,1000,0,0,0,0,0,0,0,0,0,0,0,0,0,0,0,0,0,0,0,0,0,0,0,0,0,0,0,0,0,0,0,0,0,0,0,0,0,0,0,0,0,0,0,0,0,0,0,0,0,0,0
1986,26,13,7,18.03,2,7,0,-1,1,0,1,1,25,0,0,0,1028,0,0,0,0,0,1,1,0,0,0,-134.0834162,0,0,0,0,3,1,1,5,10,0,0,0,3,1,1,5,1000,0,0,0,0,0,0,0,0,0,0,0,0,0,0,0,0,0,0,0,0,0,0,0,0,0,0,0,0,0,0,0,0,0,0,0,0,0,0,0,0,0,0,0,0,0,0,0,0,0,0,0
1986,26,13,8,54.03,2,7,0,-1,1,0,1,1,25,0,0,0,1028,0,0,0,0,0,1,1,0,0,0,-134.1706644,0,0,0,0,3,1,1,5,10,0,0,0,3,1,1,5,1000,0,0,0,0,0,0,0,0,0,0,0,0,0,0,0,0,0,0,0,0,0,0,0,0,0,0,0,0,0,0,0,0,0,0,0,0,0,0,0,0,0,0,0,0,0,0,0,0,0,0,0
1986,26,13,10,30.03,2,7,0,-1,1,0,1,1,25,0,0,0,1028,0,0,0,0,0,1,1,0,0,0,-134.2579117,0,0,0,0,3,1,1,5,10,0,0,0,3,1,1,5,1000,0,0,0,0,0,0,0,0,0,0,0,0,0,0,0,0,0,0,0,0,0,0,0,0,0,0,0,0,0,0,0,0,0,0,0,0,0,0,0,0,0,0,0,0,0,0,0,0,0,0,0
1986,26,13,12,6.029,2,7,0,-1,1,0,1,1,25,0,0,0,1028,0,0,0,0,0,1,1,0,0,0,-134.3451586,0,0,0,0,3,1,1,5,10,0,0,0,3,1,1,5,1000,0,0,0,0,0,0,0,0,0,0,0,0,0,0,0,0,0,0,0,0,0,0,0,0,0,0,0,0,0,0,0,0,0,0,0,0,0,0,0,0,0,0,0,0,0,0,0,0,0,0,0
1986,26,13,13,42.029,2,7,0,-1,1,0,1,1,25,0,0,0,1028,0,0,0,0,0,1,1,0,0,0,-134.4324054,0,0,0,0,3,1,1,5,10,0,0,0,3,1,1,5,1000,0,0,0,0,0,0,0,0,0,0,0,0,0,0,0,0,0,0,0,0,0,0,0,0,0,0,0,0,0,0,0,0,0,0,0,0,0,0,0,0,0,0,0,0,0,0,0,0,0,0,0
1986,26,13,15,18.029,2,7,0,-1,1,0,1,1,25,0,0,0,1028,0,0,0,0,0,1,1,0,0,0,-134.5196518,0,0,0,0,3,1,1,5,10,0,0,0,3,1,1,5,1000,0,0,0,0,0,0,0,0,0,0,0,0,0,0,0,0,0,0,0,0,0,0,0,0,0,0,0,0,0,0,0,0,0,0,0,0,0,0,0,0,0,0,0,0,0,0,0,0,0,0,0
1986,26,13,19,18.029,2,7,0,-1,1,0,1,1,25,0,0,0,1028,0,0,0,0,0,1,1,0,0,0,-134.7377655,0,0,0,0,3,1,1,5,10,0,0,0,3,1,1,5,1000,0,0,0,0,0,0,0,0,0,0,0,0,0,0,0,0,0,0,0,0,0,0,0,0,0,0,0,0,0,0,0,0,0,0,0,0,0,0,0,0,0,0,0,0,0,0,0,0,0,0,0
1986,26,13,20,54.029,2,7,0,-1,1,0,1,1,25,0,0,0,1028,0,0,0,0,0,1,1,0,0,0,-134.8250102,0,0,0,0,3,1,1,5,10,0,0,0,3,1,1,5,1000,0,0,0,0,0,0,0,0,0,0,0,0,0,0,0,0,0,0,0,0,0,0,0,0,0,0,0,0,0,0,0,0,0,0,0,0,0,0,0,0,0,0,0,0,0,0,0,0,0,0,0
1986,26,13,22,30.029,2,7,0,-1,1,0,1,1,25,0,0,0,1028,0,0,0,0,0,1,1,0,0,0,-134.9122544,0,0,0,0,3,1,1,5,10,0,0,0,3,1,1,5,1000,0,0,0,0,0,0,0,0,0,0,0,0,0,0,0,0,0,0,0,0,0,0,0,0,0,0,0,0,0,0,0,0,0,0,0,0,0,0,0,0,0,0,0,0,0,0,0,0,0,0,0
1986,26,13,24,6.029,2,7,0,-1,1,0,1,1,25,0,0,0,1028,0,0,0,0,0,1,1,0,0,0,-134.9994981,0,0,0,0,3,1,1,5,10,0,0,0,3,1,1,5,1000,0,0,0,0,0,0,0,0,0,0,0,0,0,0,0,0,0,0,0,0,0,0,0,0,0,0,0,0,0,0,0,0,0,0,0,0,0,0,0,0,0,0,0,0,0,0,0,0,0,0,0
1986,26,13,25,42.029,2,7,0,-1,1,0,1,1,25,0,0,0,1028,0,0,0,0,0,1,1,0,0,0,-135.0867409,0,0,0,0,3,1,1,5,10,0,0,0,3,1,1,5,1000,0,0,0,0,0,0,0,0,0,0,0,0,0,0,0,0,0,0,0,0,0,0,0,0,0,0,0,0,0,0,0,0,0,0,0,0,0,0,0,0,0,0,0,0,0,0,0,0,0,0,0
1986,26,13,27,18.028,2,7,0,-1,1,0,1,1,25,0,0,0,1028,0,0,0,0,0,1,1,0,0,0,-135.1739833,0,0,0,0,3,1,1,5,10,0,0,0,3,1,1,5,1000,0,0,0,0,0,0,0,0,0,0,0,0,0,0,0,0,0,0,0,0,0,0,0,0,0,0,0,0,0,0,0,0,0,0,0,0,0,0,0,0,0,0,0,0,0,0,0,0,0,0,0
1986,26,13,31,18.028,2,7,0,-1,1,0,1,1,25,0,0,0,1028,0,0,0,0,0,1,1,0,0,0,-135.3920881,0,0,0,0,3,1,1,5,10,0,0,0,3,1,1,5,1000,0,0,0,0,0,0,0,0,0,0,0,0,0,0,0,0,0,0,0,0,0,0,0,0,0,0,0,0,0,0,0,0,0,0,0,0,0,0,0,0,0,0,0,0,0,0,0,0,0,0,0
1986,26,13,32,54.028,2,7,0,-1,1,0,1,1,25,0,0,0,1028,0,0,0,0,0,1,1,0,0,0,-135.4793293,0,0,0,0,3,1,1,5,10,0,0,0,3,1,1,5,1000,0,0,0,0,0,0,0,0,0,0,0,0,0,0,0,0,0,0,0,0,0,0,0,0,0,0,0,0,0,0,0,0,0,0,0,0,0,0,0,0,0,0,0,0,0,0,0,0,0,0,0
1986,26,13,34,30.028,2,7,0,-1,1,0,1,1,25,0,0,0,1028,0,0,0,0,0,1,1,0,0,0,-135.5665699,0,0,0,0,3,1,1,5,10,0,0,0,3,1,1,5,1000,0,0,0,0,0,0,0,0,0,0,0,0,0,0,0,0,0,0,0,0,0,0,0,0,0,0,0,0,0,0,0,0,0,0,0,0,0,0,0,0,0,0,0,0,0,0,0,0,0,0,0
1986,26,13,36,6.028,2,7,0,-1,1,0,1,1,25,0,0,0,1028,0,0,0,0,0,1,1,0,0,0,-135.6538101,0,0,0,0,3,1,1,5,10,0,0,0,3,1,1,5,1000,0,0,0,0,0,0,0,0,0,0,0,0,0,0,0,0,0,0,0,0,0,0,0,0,0,0,0,0,0,0,0,0,0,0,0,0,0,0,0,0,0,0,0,0,0,0,0,0,0,0,0
1986,26,13,37,42.028,2,7,0,-1,1,0,1,1,25,0,0,0,1028,0,0,0,0,0,1,1,0,0,0,-135.7410498,0,0,0,0,3,1,1,5,10,0,0,0,3,1,1,5,1000,0,0,0,0,0,0,0,0,0,0,0,0,0,0,0,0,0,0,0,0,0,0,0,0,0,0,0,0,0,0,0,0,0,0,0,0,0,0,0,0,0,0,0,0,0,0,0,0,0,0,0
1986,26,13,39,18.028,2,7,0,-1,1,0,1,1,25,0,0,0,1028,0,0,0,0,0,1,1,0,0,0,-135.828289,0,0,0,0,3,1,1,5,10,0,0,0,3,1,1,5,1000,0,0,0,0,0,0,0,0,0,0,0,0,0,0,0,0,0,0,0,0,0,0,0,0,0,0,0,0,0,0,0,0,0,0,0,0,0,0,0,0,0,0,0,0,0,0,0,0,0,0,0
1986,26,13,43,18.027,2,7,0,-1,1,0,1,1,25,0,0,0,1028,0,0,0,0,0,1,1,0,0,0,-136.0463842,0,0,0,0,3,1,1,5,10,0,0,0,3,1,1,5,1000,0,0,0,0,0,0,0,0,0,0,0,0,0,0,0,0,0,0,0,0,0,0,0,0,0,0,0,0,0,0,0,0,0,0,0,0,0,0,0,0,0,0,0,0,0,0,0,0,0,0,0
1986,26,13,44,54.027,2,7,0,-1,1,0,1,1,25,0,0,0,1028,0,0,0,0,0,1,1,0,0,0,-136.1336218,0,0,0,0,3,1,1,5,10,0,0,0,3,1,1,5,1000,0,0,0,0,0,0,0,0,0,0,0,0,0,0,0,0,0,0,0,0,0,0,0,0,0,0,0,0,0,0,0,0,0,0,0,0,0,0,0,0,0,0,0,0,0,0,0,0,0,0,0
1986,26,13,46,30.027,2,7,0,-1,1,0,1,1,25,0,0,0,1028,0,0,0,0,0,1,1,0,0,0,-136.2208589,0,0,0,0,3,1,1,5,10,0,0,0,3,1,1,5,1000,0,0,0,0,0,0,0,0,0,0,0,0,0,0,0,0,0,0,0,0,0,0,0,0,0,0,0,0,0,0,0,0,0,0,0,0,0,0,0,0,0,0,0,0,0,0,0,0,0,0,0
1986,26,13,48,6.027,2,7,0,-1,1,0,1,1,25,0,0,0,1028,0,0,0,0,0,1,1,0,0,0,-136.3080956,0,0,0,0,3,1,1,5,10,0,0,0,3,1,1,5,1000,0,0,0,0,0,0,0,0,0,0,0,0,0,0,0,0,0,0,0,0,0,0,0,0,0,0,0,0,0,0,0,0,0,0,0,0,0,0,0,0,0,0,0,0,0,0,0,0,0,0,0
1986,26,13,49,42.027,2,7,0,-1,1,0,1,1,25,0,0,0,1028,0,0,0,0,0,1,1,0,0,0,-136.3953318,0,0,0,0,3,1,1,5,10,0,0,0,3,1,1,5,1000,0,0,0,0,0,0,0,0,0,0,0,0,0,0,0,0,0,0,0,0,0,0,0,0,0,0,0,0,0,0,0,0,0,0,0,0,0,0,0,0,0,0,0,0,0,0,0,0,0,0,0
1986,26,13,51,18.027,2,7,0,-1,1,0,1,1,25,0,0,0,1028,0,0,0,0,0,1,1,0,0,0,-136.4825675,0,0,0,0,3,1,1,5,10,0,0,0,3,1,1,5,1000,0,0,0,0,0,0,0,0,0,0,0,0,0,0,0,0,0,0,0,0,0,0,0,0,0,0,0,0,0,0,0,0,0,0,0,0,0,0,0,0,0,0,0,0,0,0,0,0,0,0,0
1986,26,13,55,18.027,2,7,0,-1,1,0,1,1,25,0,0,0,1028,0,0,0,0,0,1,1,0,0,0,-136.7006548,0,0,0,0,3,1,1,5,10,0,0,0,3,1,1,5,1000,0,0,0,0,0,0,0,0,0,0,0,0,0,0,0,0,0,0,0,0,0,0,0,0,0,0,0,0,0,0,0,0,0,0,0,0,0,0,0,0,0,0,0,0,0,0,0,0,0,0,0
1986,26,13,56,54.026,2,7,0,-1,1,0,1,1,25,0,0,0,1028,0,0,0,0,0,1,1,0,0,0,-136.787888,0,0,0,0,3,1,1,5,10,0,0,0,3,1,1,5,1000,0,0,0,0,0,0,0,0,0,0,0,0,0,0,0,0,0,0,0,0,0,0,0,0,0,0,0,0,0,0,0,0,0,0,0,0,0,0,0,0,0,0,0,0,0,0,0,0,0,0,0
1986,26,13,58,30.026,2,7,0,-1,1,0,1,1,25,0,0,0,1028,0,0,0,0,0,1,1,0,0,0,-136.8751216,0,0,0,0,3,1,1,5,10,0,0,0,3,1,1,5,1000,0,0,0,0,0,0,0,0,0,0,0,0,0,0,0,0,0,0,0,0,0,0,0,0,0,0,0,0,0,0,0,0,0,0,0,0,0,0,0,0,0,0,0,0,0,0,0,0,0,0,0
1986,26,14,3,18.026,2,7,0,-1,1,0,1,1,25,0,0,0,1028,0,0,0,0,0,1,1,0,0,0,-137.1368198,0,0,0,0,3,1,1,5,10,0,0,0,3,1,1,5,1000,0,0,0,0,0,0,0,0,0,0,0,0,0,0,0,0,0,0,0,0,0,0,0,0,0,0,0,0,0,0,0,0,0,0,0,0,0,0,0,0,0,0,0,0,0,0,0,0,0,0,0
1986,26,14,7,18.026,2,7,0,-1,1,0,1,1,25,0,0,0,1028,0,0,0,0,0,1,1,0,0,0,-137.3548984,0,0,0,0,3,1,1,5,10,0,0,0,3,1,1,5,1000,0,0,0,0,0,0,0,0,0,0,0,0,0,0,0,0,0,0,0,0,0,0,0,0,0,0,0,0,0,0,0,0,0,0,0,0,0,0,0,0,0,0,0,0,0,0,0,0,0,0,0
1986,26,14,8,54.026,2,7,0,-1,1,0,1,1,25,0,0,0,1028,0,0,0,0,0,1,1,0,0,0,-137.442129,0,0,0,0,3,1,1,5,10,0,0,0,3,1,1,5,1000,0,0,0,0,0,0,0,0,0,0,0,0,0,0,0,0,0,0,0,0,0,0,0,0,0,0,0,0,0,0,0,0,0,0,0,0,0,0,0,0,0,0,0,0,0,0,0,0,0,0,0
1986,26,14,10,30.026,2,7,0,-1,1,0,1,1,25,0,0,0,1028,0,0,0,0,0,1,1,0,0,0,-137.5293592,0,0,0,0,3,1,1,5,10,0,0,0,3,1,1,5,1000,0,0,0,0,0,0,0,0,0,0,0,0,0,0,0,0,0,0,0,0,0,0,0,0,0,0,0,0,0,0,0,0,0,0,0,0,0,0,0,0,0,0,0,0,0,0,0,0,0,0,0
1986,26,14,12,6.025,2,7,0,-1,1,0,1,1,25,0,0,0,1028,0,0,0,0,0,1,1,0,0,0,-137.616588,0,0,0,0,3,1,1,5,10,0,0,0,3,1,1,5,1000,0,0,0,0,0,0,0,0,0,0,0,0,0,0,0,0,0,0,0,0,0,0,0,0,0,0,0,0,0,0,0,0,0,0,0,0,0,0,0,0,0,0,0,0,0,0,0,0,0,0,0
1986,26,14,13,42.025,2,7,0,-1,1,0,1,1,25,0,0,0,1028,0,0,0,0,0,1,1,0,0,0,-137.7038172,0,0,0,0,3,1,1,5,10,0,0,0,3,1,1,5,1000,0,0,0,0,0,0,0,0,0,0,0,0,0,0,0,0,0,0,0,0,0,0,0,0,0,0,0,0,0,0,0,0,0,0,0,0,0,0,0,0,0,0,0,0,0,0,0,0,0,0,0
1986,26,14,15,18.025,2,7,0,-1,1,0,1,1,25,0,0,0,1028,0,0,0,0,0,1,1,0,0,0,-137.791046,0,0,0,0,3,1,1,5,10,0,0,0,3,1,1,5,1000,0,0,0,0,0,0,0,0,0,0,0,0,0,0,0,0,0,0,0,0,0,0,0,0,0,0,0,0,0,0,0,0,0,0,0,0,0,0,0,0,0,0,0,0,0,0,0,0,0,0,0
1986,26,14,19,18.025,2,7,0,-1,1,0,1,1,25,0,0,0,1028,0,0,0,0,0,1,1,0,0,0,-138.009116,0,0,0,0,3,1,1,5,10,0,0,0,3,1,1,5,1000,0,0,0,0,0,0,0,0,0,0,0,0,0,0,0,0,0,0,0,0,0,0,0,0,0,0,0,0,0,0,0,0,0,0,0,0,0,0,0,0,0,0,0,0,0,0,0,0,0,0,0
1986,26,14,20,54.025,2,7,0,-1,1,0,1,1,25,0,0,0,1028,0,0,0,0,0,1,1,0,0,0,-138.0963432,0,0,0,0,3,1,1,5,10,0,0,0,3,1,1,5,1000,0,0,0,0,0,0,0,0,0,0,0,0,0,0,0,0,0,0,0,0,0,0,0,0,0,0,0,0,0,0,0,0,0,0,0,0,0,0,0,0,0,0,0,0,0,0,0,0,0,0,0
1986,26,14,22,30.025,2,7,0,-1,1,0,1,1,25,0,0,0,1028,0,0,0,0,0,1,1,0,0,0,-138.1835699,0,0,0,0,3,1,1,5,10,0,0,0,3,1,1,5,1000,0,0,0,0,0,0,0,0,0,0,0,0,0,0,0,0,0,0,0,0,0,0,0,0,0,0,0,0,0,0,0,0,0,0,0,0,0,0,0,0,0,0,0,0,0,0,0,0,0,0,0
1986,26,14,24,6.025,2,7,0,-1,1,0,1,1,25,0,0,0,1028,0,0,0,0,0,1,1,0,0,0,-138.2707962,0,0,0,0,3,1,1,5,10,0,0,0,3,1,1,5,1000,0,0,0,0,0,0,0,0,0,0,0,0,0,0,0,0,0,0,0,0,0,0,0,0,0,0,0,0,0,0,0,0,0,0,0,0,0,0,0,0,0,0,0,0,0,0,0,0,0,0,0
1986,26,14,25,42.025,2,7,0,-1,1,0,1,1,25,0,0,0,1028,0,0,0,0,0,1,1,0,0,0,-138.358022,0,0,0,0,3,1,1,5,10,0,0,0,3,1,1,5,1000,0,0,0,0,0,0,0,0,0,0,0,0,0,0,0,0,0,0,0,0,0,0,0,0,0,0,0,0,0,0,0,0,0,0,0,0,0,0,0,0,0,0,0,0,0,0,0,0,0,0,0
1986,26,14,27,18.024,2,7,0,-1,1,0,1,1,25,0,0,0,1028,0,0,0,0,0,1,1,0,0,0,-138.4452465,0,0,0,0,3,1,1,5,10,0,0,0,3,1,1,5,1000,0,0,0,0,0,0,0,0,0,0,0,0,0,0,0,0,0,0,0,0,0,0,0,0,0,0,0,0,0,0,0,0,0,0,0,0,0,0,0,0,0,0,0,0,0,0,0,0,0,0,0
1986,26,14,31,18.024,2,7,0,-1,1,0,1,1,25,0,0,0,1028,0,0,0,0,0,1,1,0,0,0,-138.6633079,0,0,0,0,3,1,1,5,10,0,0,0,3,1,1,5,1000,0,0,0,0,0,0,0,0,0,0,0,0,0,0,0,0,0,0,0,0,0,0,0,0,0,0,0,0,0,0,0,0,0,0,0,0,0,0,0,0,0,0,0,0,0,0,0,0,0,0,0
1986,26,14,32,54.024,2,7,0,-1,1,0,1,1,25,0,0,0,1028,0,0,0,0,0,1,1,0,0,0,-138.7505317,0,0,0,0,3,1,1,5,10,0,0,0,3,1,1,5,1000,0,0,0,0,0,0,0,0,0,0,0,0,0,0,0,0,0,0,0,0,0,0,0,0,0,0,0,0,0,0,0,0,0,0,0,0,0,0,0,0,0,0,0,0,0,0,0,0,0,0,0
1986,26,14,34,30.024,2,7,0,-1,1,0,1,1,25,0,0,0,1028,0,0,0,0,0,1,1,0,0,0,-138.837755,0,0,0,0,3,1,1,5,10,0,0,0,3,1,1,5,1000,0,0,0,0,0,0,0,0,0,0,0,0,0,0,0,0,0,0,0,0,0,0,0,0,0,0,0,0,0,0,0,0,0,0,0,0,0,0,0,0,0,0,0,0,0,0,0,0,0,0,0
1986,26,14,36,6.024,2,7,0,-1,1,0,1,1,25,0,0,0,1028,0,0,0,0,0,1,1,0,0,0,-138.9249779,0,0,0,0,3,1,1,5,10,0,0,0,3,1,1,5,1000,0,0,0,0,0,0,0,0,0,0,0,0,0,0,0,0,0,0,0,0,0,0,0,0,0,0,0,0,0,0,0,0,0,0,0,0,0,0,0,0,0,0,0,0,0,0,0,0,0,0,0
1986,26,14,37,42.024,2,7,0,-1,1,0,1,1,25,0,0,0,1028,0,0,0,0,0,1,1,0,0,0,-139.0122003,0,0,0,0,3,1,1,5,10,0,0,0,3,1,1,5,1000,0,0,0,0,0,0,0,0,0,0,0,0,0,0,0,0,0,0,0,0,0,0,0,0,0,0,0,0,0,0,0,0,0,0,0,0,0,0,0,0,0,0,0,0,0,0,0,0,0,0,0
1986,26,14,39,18.024,2,7,0,-1,1,0,1,1,25,0,0,0,1028,0,0,0,0,0,1,1,0,0,0,-139.0994223,0,0,0,0,3,1,1,5,10,0,0,0,3,1,1,5,1000,0,0,0,0,0,0,0,0,0,0,0,0,0,0,0,0,0,0,0,0,0,0,0,0,0,0,0,0,0,0,0,0,0,0,0,0,0,0,0,0,0,0,0,0,0,0,0,0,0,0,0
1986,26,14,43,18.023,2,7,0,-1,1,0,1,1,25,0,0,0,1028,0,0,0,0,0,1,1,0,0,0,-139.3174743,0,0,0,0,3,1,1,5,10,0,0,0,3,1,1,5,1000,0,0,0,0,0,0,0,0,0,0,0,0,0,0,0,0,0,0,0,0,0,0,0,0,0,0,0,0,0,0,0,0,0,0,0,0,0,0,0,0,0,0,0,0,0,0,0,0,0,0,0
1986,26,14,44,54.023,2,7,0,-1,1,0,1,1,25,0,0,0,1028,0,0,0,0,0,1,1,0,0,0,-139.4046947,0,0,0,0,3,1,1,5,10,0,0,0,3,1,1,5,1000,0,0,0,0,0,0,0,0,0,0,0,0,0,0,0,0,0,0,0,0,0,0,0,0,0,0,0,0,0,0,0,0,0,0,0,0,0,0,0,0,0,0,0,0,0,0,0,0,0,0,0
1986,26,14,46,30.023,2,7,0,-1,1,0,1,1,25,0,0,0,1028,0,0,0,0,0,1,1,0,0,0,-139.4919146,0,0,0,0,3,1,1,5,10,0,0,0,3,1,1,5,1000,0,0,0,0,0,0,0,0,0,0,0,0,0,0,0,0,0,0,0,0,0,0,0,0,0,0,0,0,0,0,0,0,0,0,0,0,0,0,0,0,0,0,0,0,0,0,0,0,0,0,0
1986,26,14,48,6.023,2,7,0,-1,1,0,1,1,25,0,0,0,1028,0,0,0,0,0,1,1,0,0,0,-139.5791341,0,0,0,0,3,1,1,5,10,0,0,0,3,1,1,5,1000,0,0,0,0,0,0,0,0,0,0,0,0,0,0,0,0,0,0,0,0,0,0,0,0,0,0,0,0,0,0,0,0,0,0,0,0,0,0,0,0,0,0,0,0,0,0,0,0,0,0,0
1986,26,14,49,42.023,2,7,0,-1,1,0,1,1,25,0,0,0,1028,0,0,0,0,0,1,1,0,0,0,-139.6663532,0,0,0,0,3,1,1,5,10,0,0,0,3,1,1,5,1000,0,0,0,0,0,0,0,0,0,0,0,0,0,0,0,0,0,0,0,0,0,0,0,0,0,0,0,0,0,0,0,0,0,0,0,0,0,0,0,0,0,0,0,0,0,0,0,0,0,0,0
1986,26,14,51,18.023,2,7,0,-1,1,0,1,1,25,0,0,0,1028,0,0,0,0,0,1,1,0,0,0,-139.7535718,0,0,0,0,3,1,1,5,10,0,0,0,3,1,1,5,1000,0,0,0,0,0,0,0,0,0,0,0,0,0,0,0,0,0,0,0,0,0,0,0,0,0,0,0,0,0,0,0,0,0,0,0,0,0,0,0,0,0,0,0,0,0,0,0,0,0,0,0
1986,26,14,55,18.023,2,7,0,-1,1,0,1,1,25,0,0,0,1028,0,0,0,0,0,1,1,0,0,0,-139.9716163,0,0,0,0,3,1,1,5,10,0,0,0,3,1,1,5,1000,0,0,0,0,0,0,0,0,0,0,0,0,0,0,0,0,0,0,0,0,0,0,0,0,0,0,0,0,0,0,0,0,0,0,0,0,0,0,0,0,0,0,0,0,0,0,0,0,0,0,0
1986,26,14,56,54.022,2,7,0,-1,1,0,1,1,25,0,0,0,1028,0,0,0,0,0,1,1,0,0,0,-140.0588324,0,0,0,0,3,1,1,5,10,0,0,0,3,1,1,5,1000,0,0,0,0,0,0,0,0,0,0,0,0,0,0,0,0,0,0,0,0,0,0,0,0,0,0,0,0,0,0,0,0,0,0,0,0,0,0,0,0,0,0,0,0,0,0,0,0,0,0,0
1986,26,14,58,30.022,2,7,0,-1,1,0,1,1,25,0,0,0,1028,0,0,0,0,0,1,1,0,0,0,-140.146049,0,0,0,0,3,1,1,5,10,0,0,0,3,1,1,5,1000,0,0,0,0,0,0,0,0,0,0,0,0,0,0,0,0,0,0,0,0,0,0,0,0,0,0,0,0,0,0,0,0,0,0,0,0,0,0,0,0,0,0,0,0,0,0,0,0,0,0,0
1986,26,15,0,6.022,2,7,0,-1,1,0,1,1,25,0,0,0,1028,0,0,0,0,0,1,1,0,0,0,-140.2332651,0,0,0,0,3,1,1,5,10,0,0,0,3,1,1,5,1000,0,0,0,0,0,0,0,0,0,0,0,0,0,0,0,0,0,0,0,0,0,0,0,0,0,0,0,0,0,0,0,0,0,0,0,0,0,0,0,0,0,0,0,0,0,0,0,0,0,0,0
1986,26,15,1,42.022,2,7,0,-1,1,0,1,1,25,0,0,0,1028,0,0,0,0,0,1,1,0,0,0,-140.3204808,0,0,0,0,3,1,1,5,10,0,0,0,3,1,1,5,1000,0,0,0,0,0,0,0,0,0,0,0,0,0,0,0,0,0,0,0,0,0,0,0,0,0,0,0,0,0,0,0,0,0,0,0,0,0,0,0,0,0,0,0,0,0,0,0,0,0,0,0
1986,26,15,3,18.022,2,7,0,-1,1,0,1,1,25,0,0,0,1028,0,0,0,0,0,1,1,0,0,0,-140.407696,0,0,0,0,3,1,1,5,10,0,0,0,3,1,1,5,1000,0,0,0,0,0,0,0,0,0,0,0,0,0,0,0,0,0,0,0,0,0,0,0,0,0,0,0,0,0,0,0,0,0,0,0,0,0,0,0,0,0,0,0,0,0,0,0,0,0,0,0
1986,26,15,7,18.022,2,7,0,-1,1,0,1,1,25,0,0,0,1028,0,0,0,0,0,1,1,0,0,0,-140.6257322,0,0,0,0,3,1,1,5,10,0,0,0,3,1,1,5,1000,0,0,0,0,0,0,0,0,0,0,0,0,0,0,0,0,0,0,0,0,0,0,0,0,0,0,0,0,0,0,0,0,0,0,0,0,0,0,0,0,0,0,0,0,0,0,0,0,0,0,0
1986,26,15,13,42.021,2,7,0,-1,1,0,1,1,25,0,0,0,1028,0,0,0,0,0,1,1,0,0,0,-140.9745834,0,0,0,0,3,1,1,5,10,0,0,0,3,1,1,5,1000,0,0,0,0,0,0,0,0,0,0,0,0,0,0,0,0,0,0,0,0,0,0,0,0,0,0,0,0,0,0,0,0,0,0,0,0,0,0,0,0,0,0,0,0,0,0,0,0,0,0,0
1986,26,15,15,18.021,2,7,0,-1,1,0,1,1,25,0,0,0,1028,0,0,0,0,0,1,1,0,0,0,-141.0617953,0,0,0,0,3,1,1,5,10,0,0,0,3,1,1,5,1000,0,0,0,0,0,0,0,0,0,0,0,0,0,0,0,0,0,0,0,0,0,0,0,0,0,0,0,0,0,0,0,0,0,0,0,0,0,0,0,0,0,0,0,0,0,0,0,0,0,0,0
1986,26,15,19,18.021,2,7,0,-1,1,0,1,1,25,0,0,0,1028,0,0,0,0,0,1,1,0,0,0,-141.2798232,0,0,0,0,3,1,1,5,10,0,0,0,3,1,1,5,1000,0,0,0,0,0,0,0,0,0,0,0,0,0,0,0,0,0,0,0,0,0,0,0,0,0,0,0,0,0,0,0,0,0,0,0,0,0,0,0,0,0,0,0,0,0,0,0,0,0,0,0
1986,26,15,20,54.021,2,7,0,-1,1,0,1,1,25,0,0,0,1028,0,0,0,0,0,1,1,0,0,0,-141.3670336,0,0,0,0,3,1,1,5,10,0,0,0,3,1,1,5,1000,0,0,0,0,0,0,0,0,0,0,0,0,0,0,0,0,0,0,0,0,0,0,0,0,0,0,0,0,0,0,0,0,0,0,0,0,0,0,0,0,0,0,0,0,0,0,0,0,0,0,0
1986,26,15,22,30.021,2,7,0,-1,1,0,1,1,25,0,0,0,1028,0,0,0,0,0,1,1,0,0,0,-141.4542436,0,0,0,0,3,1,1,5,10,0,0,0,3,1,1,5,1000,0,0,0,0,0,0,0,0,0,0,0,0,0,0,0,0,0,0,0,0,0,0,0,0,0,0,0,0,0,0,0,0,0,0,0,0,0,0,0,0,0,0,0,0,0,0,0,0,0,0,0
1986,26,15,24,6.021,2,7,0,-1,1,0,1,1,25,0,0,0,1028,0,0,0,0,0,1,1,0,0,0,-141.5414531,0,0,0,0,3,1,1,5,10,0,0,0,3,1,1,5,1000,0,0,0,0,0,0,0,0,0,0,0,0,0,0,0,0,0,0,0,0,0,0,0,0,0,0,0,0,0,0,0,0,0,0,0,0,0,0,0,0,0,0,0,0,0,0,0,0,0,0,0
1986,26,15,25,42.021,2,7,0,-1,1,0,1,1,25,0,0,0,1028,0,0,0,0,0,1,1,0,0,0,-141.6286621,0,0,0,0,3,1,1,5,10,0,0,0,3,1,1,5,1000,0,0,0,0,0,0,0,0,0,0,0,0,0,0,0,0,0,0,0,0,0,0,0,0,0,0,0,0,0,0,0,0,0,0,0,0,0,0,0,0,0,0,0,0,0,0,0,0,0,0,0
1986,26,15,27,18.02,2,7,0,-1,1,0,1,1,25,0,0,0,1028,0,0,0,0,0,1,1,0,0,0,-141.7158698,0,0,0,0,3,1,1,5,10,0,0,0,3,1,1,5,1000,0,0,0,0,0,0,0,0,0,0,0,0,0,0,0,0,0,0,0,0,0,0,0,0,0,0,0,0,0,0,0,0,0,0,0,0,0,0,0,0,0,0,0,0,0,0,0,0,0,0,0
1986,26,15,31,18.02,2,7,0,-1,1,0,1,1,25,0,0,0,1028,0,0,0,0,0,1,1,0,0,0,-141.9338895,0,0,0,0,3,1,1,5,10,0,0,0,3,1,1,5,1000,0,0,0,0,0,0,0,0,0,0,0,0,0,0,0,0,0,0,0,0,0,0,0,0,0,0,0,0,0,0,0,0,0,0,0,0,0,0,0,0,0,0,0,0,0,0,0,0,0,0,0
1986,26,15,32,54.02,2,7,0,-1,1,0,1,1,25,0,0,0,1028,0,0,0,0,0,1,1,0,0,0,-142.0210966,0,0,0,0,3,1,1,5,10,0,0,0,3,1,1,5,1000,0,0,0,0,0,0,0,0,0,0,0,0,0,0,0,0,0,0,0,0,0,0,0,0,0,0,0,0,0,0,0,0,0,0,0,0,0,0,0,0,0,0,0,0,0,0,0,0,0,0,0
1986,26,15,34,30.02,2,7,0,-1,1,0,1,1,25,0,0,0,1028,0,0,0,0,0,1,1,0,0,0,-142.1083033,0,0,0,0,3,1,1,5,10,0,0,0,3,1,1,5,1000,0,0,0,0,0,0,0,0,0,0,0,0,0,0,0,0,0,0,0,0,0,0,0,0,0,0,0,0,0,0,0,0,0,0,0,0,0,0,0,0,0,0,0,0,0,0,0,0,0,0,0
1986,26,15,36,6.02,2,7,0,-1,1,0,1,1,25,0,0,0,1028,0,0,0,0,0,1,1,0,0,0,-142.1955095,0,0,0,0,3,1,1,5,10,0,0,0,3,1,1,5,1000,0,0,0,0,0,0,0,0,0,0,0,0,0,0,0,0,0,0,0,0,0,0,0,0,0,0,0,0,0,0,0,0,0,0,0,0,0,0,0,0,0,0,0,0,0,0,0,0,0,0,0
1986,26,15,37,42.02,2,7,0,-1,1,0,1,1,25,0,0,0,1028,0,0,0,0,0,1,1,0,0,0,-142.2827153,0,0,0,0,3,1,1,5,10,0,0,0,3,1,1,5,1000,0,0,0,0,0,0,0,0,0,0,0,0,0,0,0,0,0,0,0,0,0,0,0,0,0,0,0,0,0,0,0,0,0,0,0,0,0,0,0,0,0,0,0,0,0,0,0,0,0,0,0
1986,26,15,39,18.02,2,7,0,-1,1,0,1,1,25,0,0,0,1028,0,0,0,0,0,1,1,0,0,0,-142.3699206,0,0,0,0,3,1,1,5,10,0,0,0,3,1,1,5,1000,0,0,0,0,0,0,0,0,0,0,0,0,0,0,0,0,0,0,0,0,0,0,0,0,0,0,0,0,0,0,0,0,0,0,0,0,0,0,0,0,0,0,0,0,0,0,0,0,0,0,0
1986,26,15,43,18.019,2,7,0,-1,1,0,1,1,25,0,0,0,1028,0,0,0,0,0,1,1,0,0,0,-142.5879312,0,0,0,0,3,1,1,5,10,0,0,0,3,1,1,5,1000,0,0,0,0,0,0,0,0,0,0,0,0,0,0,0,0,0,0,0,0,0,0,0,0,0,0,0,0,0,0,0,0,0,0,0,0,0,0,0,0,0,0,0,0,0,0,0,0,0,0,0
1986,26,15,44,54.019,2,7,0,-1,1,0,1,1,25,0,0,0,1028,0,0,0,0,0,1,1,0,0,0,-142.6751351,0,0,0,0,3,1,1,5,10,0,0,0,3,1,1,5,1000,0,0,0,0,0,0,0,0,0,0,0,0,0,0,0,0,0,0,0,0,0,0,0,0,0,0,0,0,0,0,0,0,0,0,0,0,0,0,0,0,0,0,0,0,0,0,0,0,0,0,0
1986,26,15,46,30.019,2,7,0,-1,1,0,1,1,25,0,0,0,1028,0,0,0,0,0,1,1,0,0,0,-142.7623385,0,0,0,0,3,1,1,5,10,0,0,0,3,1,1,5,1000,0,0,0,0,0,0,0,0,0,0,0,0,0,0,0,0,0,0,0,0,0,0,0,0,0,0,0,0,0,0,0,0,0,0,0,0,0,0,0,0,0,0,0,0,0,0,0,0,0,0,0
1986,26,15,48,6.019,2,7,0,-1,1,0,1,1,25,0,0,0,1028,0,0,0,0,0,1,1,0,0,0,-142.8495415,0,0,0,0,3,1,1,5,10,0,0,0,3,1,1,5,1000,0,0,0,0,0,0,0,0,0,0,0,0,0,0,0,0,0,0,0,0,0,0,0,0,0,0,0,0,0,0,0,0,0,0,0,0,0,0,0,0,0,0,0,0,0,0,0,0,0,0,0
1986,26,15,49,42.019,2,7,0,-1,1,0,1,1,25,0,0,0,1028,0,0,0,0,0,1,1,0,0,0,-142.936744,0,0,0,0,3,1,1,5,10,0,0,0,3,1,1,5,1000,0,0,0,0,0,0,0,0,0,0,0,0,0,0,0,0,0,0,0,0,0,0,0,0,0,0,0,0,0,0,0,0,0,0,0,0,0,0,0,0,0,0,0,0,0,0,0,0,0,0,0
1986,26,15,51,18.019,2,7,0,-1,1,0,1,1,25,0,0,0,1028,0,0,0,0,0,1,1,0,0,0,-143.0239461,0,0,0,0,3,1,1,5,10,0,0,0,3,1,1,5,1000,0,0,0,0,0,0,0,0,0,0,0,0,0,0,0,0,0,0,0,0,0,0,0,0,0,0,0,0,0,0,0,0,0,0,0,0,0,0,0,0,0,0,0,0,0,0,0,0,0,0,0
1986,26,15,55,18.019,2,7,0,-1,1,0,1,1,25,0,0,0,1028,0,0,0,0,0,1,1,0,0,0,-143.2419495,0,0,0,0,3,1,1,5,10,0,0,0,3,1,1,5,1000,0,0,0,0,0,0,0,0,0,0,0,0,0,0,0,0,0,0,0,0,0,0,0,0,0,0,0,0,0,0,0,0,0,0,0,0,0,0,0,0,0,0,0,0,0,0,0,0,0,0,0
1986,26,15,56,54.019,2,7,0,-1,1,0,1,1,25,0,0,0,1028,0,0,0,0,0,1,1,0,0,0,-143.3291497,0,0,0,0,3,1,1,5,10,0,0,0,3,1,1,5,1000,0,0,0,0,0,0,0,0,0,0,0,0,0,0,0,0,0,0,0,0,0,0,0,0,0,0,0,0,0,0,0,0,0,0,0,0,0,0,0,0,0,0,0,0,0,0,0,0,0,0,0
1986,26,15,58,30.018,2,7,0,-1,1,0,1,1,25,0,0,0,1028,0,0,0,0,0,1,1,0,0,0,-143.4163494,0,0,0,0,3,1,1,5,10,0,0,0,3,1,1,5,1000,0,0,0,0,0,0,0,0,0,0,0,0,0,0,0,0,0,0,0,0,0,0,0,0,0,0,0,0,0,0,0,0,0,0,0,0,0,0,0,0,0,0,0,0,0,0,0,0,0,0,0
1986,26,16,0,6.018,2,7,0,-1,1,0,1,1,25,0,0,0,1028,0,0,0,0,0,1,1,0,0,0,-143.5035491,0,0,0,0,3,1,1,5,10,0,0,0,3,1,1,5,1000,0,0,0,0,0,0,0,0,0,0,0,0,0,0,0,0,0,0,0,0,0,0,0,0,0,0,0,0,0,0,0,0,0,0,0,0,0,0,0,0,0,0,0,0,0,0,0,0,0,0,0
1986,26,16,1,42.018,2,7,0,-1,1,0,1,1,25,0,0,0,1028,0,0,0,0,0,1,1,0,0,0,-143.5907484,0,0,0,0,3,1,1,5,10,0,0,0,3,1,1,5,1000,0,0,0,0,0,0,0,0,0,0,0,0,0,0,0,0,0,0,0,0,0,0,0,0,0,0,0,0,0,0,0,0,0,0,0,0,0,0,0,0,0,0,0,0,0,0,0,0,0,0,0
1986,26,16,3,18.018,2,7,0,-1,1,0,1,1,25,0,0,0,1028,0,0,0,0,0,1,1,0,0,0,-143.6779473,0,0,0,0,3,1,1,5,10,0,0,0,3,1,1,5,1000,0,0,0,0,0,0,0,0,0,0,0,0,0,0,0,0,0,0,0,0,0,0,0,0,0,0,0,0,0,0,0,0,0,0,0,0,0,0,0,0,0,0,0,0,0,0,0,0,0,0,0
1986,26,16,7,18.018,2,7,0,-1,1,0,1,1,25,0,0,0,1028,0,0,0,0,0,1,1,0,0,0,-143.8959427,0,0,0,0,3,1,1,5,10,0,0,0,3,1,1,5,1000,0,0,0,0,0,0,0,0,0,0,0,0,0,0,0,0,0,0,0,0,0,0,0,0,0,0,0,0,0,0,0,0,0,0,0,0,0,0,0,0,0,0,0,0,0,0,0,0,0,0,0
1986,26,16,8,54.018,2,7,0,-1,1,0,1,1,25,0,0,0,1028,0,0,0,0,0,1,1,0,0,0,-143.9831401,0,0,0,0,3,1,1,5,10,0,0,0,3,1,1,5,1000,0,0,0,0,0,0,0,0,0,0,0,0,0,0,0,0,0,0,0,0,0,0,0,0,0,0,0,0,0,0,0,0,0,0,0,0,0,0,0,0,0,0,0,0,0,0,0,0,0,0,0
1986,26,16,10,30.018,2,7,0,-1,1,0,1,1,25,0,0,0,1028,0,0,0,0,0,1,1,0,0,0,-144.0703371,0,0,0,0,3,1,1,5,10,0,0,0,3,1,1,5,1000,0,0,0,0,0,0,0,0,0,0,0,0,0,0,0,0,0,0,0,0,0,0,0,0,0,0,0,0,0,0,0,0,0,0,0,0,0,0,0,0,0,0,0,0,0,0,0,0,0,0,0
1986,26,16,12,6.018,2,7,0,-1,1,0,1,1,25,0,0,0,1028,0,0,0,0,0,1,1,0,0,0,-144.1575332,0,0,0,0,3,1,1,5,10,0,0,0,3,1,1,5,1000,0,0,0,0,0,0,0,0,0,0,0,0,0,0,0,0,0,0,0,0,0,0,0,0,0,0,0,0,0,0,0,0,0,0,0,0,0,0,0,0,0,0,0,0,0,0,0,0,0,0,0
1986,26,16,13,42.017,2,7,0,-1,1,0,1,1,25,0,0,0,1028,0,0,0,0,0,1,1,0,0,0,-144.2447288,0,0,0,0,3,1,1,5,10,0,0,0,3,1,1,5,1000,0,0,0,0,0,0,0,0,0,0,0,0,0,0,0,0,0,0,0,0,0,0,0,0,0,0,0,0,0,0,0,0,0,0,0,0,0,0,0,0,0,0,0,0,0,0,0,0,0,0,0
1986,26,16,15,18.017,2,7,0,-1,1,0,1,1,25,0,0,0,1028,0,0,0,0,0,1,1,0,0,0,-144.3319245,0,0,0,0,3,1,1,5,10,0,0,0,3,1,1,5,1000,0,0,0,0,0,0,0,0,0,0,0,0,0,0,0,0,0,0,0,0,0,0,0,0,0,0,0,0,0,0,0,0,0,0,0,0,0,0,0,0,0,0,0,0,0,0,0,0,0,0,0
1986,26,16,19,18.017,2,7,0,-1,1,0,1,1,25,0,0,0,1028,0,0,0,0,0,1,1,0,0,0,-144.5499119,0,0,0,0,3,1,1,5,10,0,0,0,3,1,1,5,1000,0,0,0,0,0,0,0,0,0,0,0,0,0,0,0,0,0,0,0,0,0,0,0,0,0,0,0,0,0,0,0,0,0,0,0,0,0,0,0,0,0,0,0,0,0,0,0,0,0,0,0
1986,26,16,20,54.017,2,7,0,-1,1,0,1,1,25,0,0,0,1028,0,0,0,0,0,1,1,0,0,0,-144.6371061,0,0,0,0,3,1,1,5,10,0,0,0,3,1,1,5,1000,0,0,0,0,0,0,0,0,0,0,0,0,0,0,0,0,0,0,0,0,0,0,0,0,0,0,0,0,0,0,0,0,0,0,0,0,0,0,0,0,0,0,0,0,0,0,0,0,0,0,0
1986,26,16,25,42.017,2,7,0,-1,1,0,1,1,25,0,0,0,1028,0,0,0,0,0,1,1,0,0,0,-144.8986862,0,0,0,0,3,1,1,5,10,0,0,0,3,1,1,5,1000,0,0,0,0,0,0,0,0,0,0,0,0,0,0,0,0,0,0,0,0,0,0,0,0,0,0,0,0,0,0,0,0,0,0,0,0,0,0,0,0,0,0,0,0,0,0,0,0,0,0,0
1986,26,16,27,18.017,2,7,0,-1,1,0,1,1,25,0,0,0,1028,0,0,0,0,0,1,1,0,0,0,-144.9858783,0,0,0,0,3,1,1,5,10,0,0,0,3,1,1,5,1000,0,0,0,0,0,0,0,0,0,0,0,0,0,0,0,0,0,0,0,0,0,0,0,0,0,0,0,0,0,0,0,0,0,0,0,0,0,0,0,0,0,0,0,0,0,0,0,0,0,0,0
1986,26,16,31,18.016,2,7,0,-1,1,0,1,1,25,0,0,0,1028,0,0,0,0,0,1,1,0,0,0,-145.2038573,0,0,0,0,3,1,1,5,10,0,0,0,3,1,1,5,1000,0,0,0,0,0,0,0,0,0,0,0,0,0,0,0,0,0,0,0,0,0,0,0,0,0,0,0,0,0,0,0,0,0,0,0,0,0,0,0,0,0,0,0,0,0,0,0,0,0,0,0
1986,26,16,32,54.016,2,7,0,-1,1,0,1,1,25,0,0,0,1028,0,0,0,0,0,1,1,0,0,0,-145.2910484,0,0,0,0,3,1,1,5,10,0,0,0,3,1,1,5,1000,0,0,0,0,0,0,0,0,0,0,0,0,0,0,0,0,0,0,0,0,0,0,0,0,0,0,0,0,0,0,0,0,0,0,0,0,0,0,0,0,0,0,0,0,0,0,0,0,0,0,0
1986,26,16,34,30.016,2,7,0,-1,1,0,1,1,25,0,0,0,1028,0,0,0,0,0,1,1,0,0,0,-145.378239,0,0,0,0,3,1,1,5,10,0,0,0,3,1,1,5,1000,0,0,0,0,0,0,0,0,0,0,0,0,0,0,0,0,0,0,0,0,0,0,0,0,0,0,0,0,0,0,0,0,0,0,0,0,0,0,0,0,0,0,0,0,0,0,0,0,0,0,0
1986,26,16,36,6.016,2,7,0,-1,1,0,1,1,25,0,0,0,1028,0,0,0,0,0,1,1,0,0,0,-145.4654292,0,0,0,0,3,1,1,5,10,0,0,0,3,1,1,5,1000,0,0,0,0,0,0,0,0,0,0,0,0,0,0,0,0,0,0,0,0,0,0,0,0,0,0,0,0,0,0,0,0,0,0,0,0,0,0,0,0,0,0,0,0,0,0,0,0,0,0,0
1986,26,16,37,42.016,2,7,0,-1,1,0,1,1,25,0,0,0,1028,0,0,0,0,0,1,1,0,0,0,-145.552619,0,0,0,0,3,1,1,5,10,0,0,0,3,1,1,5,1000,0,0,0,0,0,0,0,0,0,0,0,0,0,0,0,0,0,0,0,0,0,0,0,0,0,0,0,0,0,0,0,0,0,0,0,0,0,0,0,0,0,0,0,0,0,0,0,0,0,0,0
1986,26,16,39,18.016,2,7,0,-1,1,0,1,1,25,0,0,0,1028,0,0,0,0,0,1,1,0,0,0,-145.6398084,0,0,0,0,3,1,1,5,10,0,0,0,3,1,1,5,1000,0,0,0,0,0,0,0,0,0,0,0,0,0,0,0,0,0,0,0,0,0,0,0,0,0,0,0,0,0,0,0,0,0,0,0,0,0,0,0,0,0,0,0,0,0,0,0,0,0,0,0
1986,26,16,43,18.015,2,7,0,-1,1,0,1,1,25,0,0,0,1028,0,0,0,0,0,1,1,0,0,0,-145.8577791,0,0,0,0,3,1,1,5,10,0,0,0,3,1,1,5,1000,0,0,0,0,0,0,0,0,0,0,0,0,0,0,0,0,0,0,0,0,0,0,0,0,0,0,0,0,0,0,0,0,0,0,0,0,0,0,0,0,0,0,0,0,0,0,0,0,0,0,0
1986,26,16,44,54.015,2,7,0,-1,1,0,1,1,25,0,0,0,1028,0,0,0,0,0,1,1,0,0,0,-145.944967,0,0,0,0,3,1,1,5,10,0,0,0,3,1,1,5,1000,0,0,0,0,0,0,0,0,0,0,0,0,0,0,0,0,0,0,0,0,0,0,0,0,0,0,0,0,0,0,0,0,0,0,0,0,0,0,0,0,0,0,0,0,0,0,0,0,0,0,0
1986,26,16,46,30.015,2,7,0,-1,1,0,1,1,25,0,0,0,1028,0,0,0,0,0,1,1,0,0,0,-146.0321545,0,0,0,0,3,1,1,5,10,0,0,0,3,1,1,5,1000,0,0,0,0,0,0,0,0,0,0,0,0,0,0,0,0,0,0,0,0,0,0,0,0,0,0,0,0,0,0,0,0,0,0,0,0,0,0,0,0,0,0,0,0,0,0,0,0,0,0,0
1986,26,16,48,6.015,2,7,0,-1,1,0,1,1,25,0,0,0,1028,0,0,0,0,0,1,1,0,0,0,-146.1193416,0,0,0,0,3,1,1,5,10,0,0,0,3,1,1,5,1000,0,0,0,0,0,0,0,0,0,0,0,0,0,0,0,0,0,0,0,0,0,0,0,0,0,0,0,0,0,0,0,0,0,0,0,0,0,0,0,0,0,0,0,0,0,0,0,0,0,0,0
1986,26,16,49,42.015,2,7,0,-1,1,0,1,1,25,0,0,0,1028,0,0,0,0,0,1,1,0,0,0,-146.2065283,0,0,0,0,3,1,1,5,10,0,0,0,3,1,1,5,1000,0,0,0,0,0,0,0,0,0,0,0,0,0,0,0,0,0,0,0,0,0,0,0,0,0,0,0,0,0,0,0,0,0,0,0,0,0,0,0,0,0,0,0,0,0,0,0,0,0,0,0
1986,26,16,51,18.015,2,7,0,-1,1,0,1,1,25,0,0,0,1028,0,0,0,0,0,1,1,0,0,0,-146.2937145,0,0,0,0,3,1,1,5,10,0,0,0,3,1,1,5,1000,0,0,0,0,0,0,0,0,0,0,0,0,0,0,0,0,0,0,0,0,0,0,0,0,0,0,0,0,0,0,0,0,0,0,0,0,0,0,0,0,0,0,0,0,0,0,0,0,0,0,0
1986,26,16,55,18.015,2,7,0,-1,1,0,1,1,25,0,0,0,1028,0,0,0,0,0,1,1,0,0,0,-146.5116783,0,0,0,0,3,1,1,5,10,0,0,0,3,1,1,5,1000,0,0,0,0,0,0,0,0,0,0,0,0,0,0,0,0,0,0,0,0,0,0,0,0,0,0,0,0,0,0,0,0,0,0,0,0,0,0,0,0,0,0,0,0,0,0,0,0,0,0,0
1986,26,16,56,54.015,2,7,0,-1,1,0,1,1,25,0,0,0,1028,0,0,0,0,0,1,1,0,0,0,-146.5988627,0,0,0,0,3,1,1,5,10,0,0,0,3,1,1,5,1000,0,0,0,0,0,0,0,0,0,0,0,0,0,0,0,0,0,0,0,0,0,0,0,0,0,0,0,0,0,0,0,0,0,0,0,0,0,0,0,0,0,0,0,0,0,0,0,0,0,0,0
1986,26,16,58,30.014,2,7,0,-1,1,0,1,1,25,0,0,0,1028,0,0,0,0,0,1,1,0,0,0,-146.6860466,0,0,0,0,3,1,1,5,10,0,0,0,3,1,1,5,1000,0,0,0,0,0,0,0,0,0,0,0,0,0,0,0,0,0,0,0,0,0,0,0,0,0,0,0,0,0,0,0,0,0,0,0,0,0,0,0,0,0,0,0,0,0,0,0,0,0,0,0
1986,26,17,0,6.014,2,7,0,-1,1,0,1,1,25,0,0,0,1028,0,0,0,0,0,1,1,0,0,0,-146.7732306,0,0,0,0,3,1,1,5,10,0,0,0,3,1,1,5,1000,0,0,0,0,0,0,0,0,0,0,0,0,0,0,0,0,0,0,0,0,0,0,0,0,0,0,0,0,0,0,0,0,0,0,0,0,0,0,0,0,0,0,0,0,0,0,0,0,0,0,0
1986,26,17,1,42.014,2,7,0,-1,1,0,1,1,25,0,0,0,1028,0,0,0,0,0,1,1,0,0,0,-146.8604142,0,0,0,0,3,1,1,5,10,0,0,0,3,1,1,5,1000,0,0,0,0,0,0,0,0,0,0,0,0,0,0,0,0,0,0,0,0,0,0,0,0,0,0,0,0,0,0,0,0,0,0,0,0,0,0,0,0,0,0,0,0,0,0,0,0,0,0,0
1986,26,17,3,18.014,2,7,0,-1,1,0,1,1,25,0,0,0,1028,0,0,0,0,0,1,1,0,0,0,-146.9475973,0,0,0,0,3,1,1,5,10,0,0,0,3,1,1,5,1000,0,0,0,0,0,0,0,0,0,0,0,0,0,0,0,0,0,0,0,0,0,0,0,0,0,0,0,0,0,0,0,0,0,0,0,0,0,0,0,0,0,0,0,0,0,0,0,0,0,0,0
1986,26,17,7,18.014,2,7,0,-1,1,0,1,1,25,0,0,0,1028,0,0,0,0,0,1,1,0,0,0,-147.1655534,0,0,0,0,3,1,1,5,10,0,0,0,3,1,1,5,1000,0,0,0,0,0,0,0,0,0,0,0,0,0,0,0,0,0,0,0,0,0,0,0,0,0,0,0,0,0,0,0,0,0,0,0,0,0,0,0,0,0,0,0,0,0,0,0,0,0,0,0
1986,26,17,8,54.014,2,7,0,-1,1,0,1,1,25,0,0,0,1028,0,0,0,0,0,1,1,0,0,0,-147.2527351,0,0,0,0,3,1,1,5,10,0,0,0,3,1,1,5,1000,0,0,0,0,0,0,0,0,0,0,0,0,0,0,0,0,0,0,0,0,0,0,0,0,0,0,0,0,0,0,0,0,0,0,0,0,0,0,0,0,0,0,0,0,0,0,0,0,0,0,0
1986,26,17,10,30.014,2,7,0,-1,1,0,1,1,25,0,0,0,1028,0,0,0,0,0,1,1,0,0,0,-147.3399164,0,0,0,0,3,1,1,5,10,0,0,0,3,1,1,5,1000,0,0,0,0,0,0,0,0,0,0,0,0,0,0,0,0,0,0,0,0,0,0,0,0,0,0,0,0,0,0,0,0,0,0,0,0,0,0,0,0,0,0,0,0,0,0,0,0,0,0,0
1986,26,17,12,6.014,2,7,0,-1,1,0,1,1,25,0,0,0,1028,0,0,0,0,0,1,1,0,0,0,-147.4270969,0,0,0,0,3,1,1,5,10,0,0,0,3,1,1,5,1000,0,0,0,0,0,0,0,0,0,0,0,0,0,0,0,0,0,0,0,0,0,0,0,0,0,0,0,0,0,0,0,0,0,0,0,0,0,0,0,0,0,0,0,0,0,0,0,0,0,0,0
1986,26,17,13,42.013,2,7,0,-1,1,0,1,1,25,0,0,0,1028,0,0,0,0,0,1,1,0,0,0,-147.5142769,0,0,0,0,3,1,1,5,10,0,0,0,3,1,1,5,1000,0,0,0,0,0,0,0,0,0,0,0,0,0,0,0,0,0,0,0,0,0,0,0,0,0,0,0,0,0,0,0,0,0,0,0,0,0,0,0,0,0,0,0,0,0,0,0,0,0,0,0
1986,26,17,15,18.013,2,7,0,-1,1,0,1,1,25,0,0,0,1028,0,0,0,0,0,1,1,0,0,0,-147.601457,0,0,0,0,3,1,1,5,10,0,0,0,3,1,1,5,1000,0,0,0,0,0,0,0,0,0,0,0,0,0,0,0,0,0,0,0,0,0,0,0,0,0,0,0,0,0,0,0,0,0,0,0,0,0,0,0,0,0,0,0,0,0,0,0,0,0,0,0
1986,26,17,19,18.013,2,7,0,-1,1,0,1,1,25,0,0,0,1028,0,0,0,0,0,1,1,0,0,0,-147.8194054,0,0,0,0,3,1,1,5,10,0,0,0,3,1,1,5,1000,0,0,0,0,0,0,0,0,0,0,0,0,0,0,0,0,0,0,0,0,0,0,0,0,0,0,0,0,0,0,0,0,0,0,0,0,0,0,0,0,0,0,0,0,0,0,0,0,0,0,0
1986,26,17,20,54.013,2,7,0,-1,1,0,1,1,25,0,0,0,1028,0,0,0,0,0,1,1,0,0,0,-147.906584,0,0,0,0,3,1,1,5,10,0,0,0,3,1,1,5,1000,0,0,0,0,0,0,0,0,0,0,0,0,0,0,0,0,0,0,0,0,0,0,0,0,0,0,0,0,0,0,0,0,0,0,0,0,0,0,0,0,0,0,0,0,0,0,0,0,0,0,0
1986,26,17,22,30.013,2,7,0,-1,1,0,1,1,25,0,0,0,1028,0,0,0,0,0,1,1,0,0,0,-147.9937623,0,0,0,0,3,1,1,5,10,0,0,0,3,1,1,5,1000,0,0,0,0,0,0,0,0,0,0,0,0,0,0,0,0,0,0,0,0,0,0,0,0,0,0,0,0,0,0,0,0,0,0,0,0,0,0,0,0,0,0,0,0,0,0,0,0,0,0,0
1986,26,17,24,6.013,2,7,0,-1,1,0,1,1,25,0,0,0,1028,0,0,0,0,0,1,1,0,0,0,-148.0809401,0,0,0,0,3,1,1,5,10,0,0,0,3,1,1,5,1000,0,0,0,0,0,0,0,0,0,0,0,0,0,0,0,0,0,0,0,0,0,0,0,0,0,0,0,0,0,0,0,0,0,0,0,0,0,0,0,0,0,0,0,0,0,0,0,0,0,0,0
1986,26,17,25,42.013,2,7,0,-1,1,0,1,1,25,0,0,0,1028,0,0,0,0,0,1,1,0,0,0,-148.1681175,0,0,0,0,3,1,1,5,10,0,0,0,3,1,1,5,1000,0,0,0,0,0,0,0,0,0,0,0,0,0,0,0,0,0,0,0,0,0,0,0,0,0,0,0,0,0,0,0,0,0,0,0,0,0,0,0,0,0,0,0,0,0,0,0,0,0,0,0
1986,26,17,27,18.013,2,7,0,-1,1,0,1,1,25,0,0,0,1028,0,0,0,0,0,1,1,0,0,0,-148.2552941,0,0,0,0,3,1,1,5,10,0,0,0,3,1,1,5,1000,0,0,0,0,0,0,0,0,0,0,0,0,0,0,0,0,0,0,0,0,0,0,0,0,0,0,0,0,0,0,0,0,0,0,0,0,0,0,0,0,0,0,0,0,0,0,0,0,0,0,0
1986,26,17,31,18.012,2,7,0,-1,1,0,1,1,25,0,0,0,1028,0,0,0,0,0,1,1,0,0,0,-148.4732344,0,0,0,0,3,1,1,5,10,0,0,0,3,1,1,5,1000,0,0,0,0,0,0,0,0,0,0,0,0,0,0,0,0,0,0,0,0,0,0,0,0,0,0,0,0,0,0,0,0,0,0,0,0,0,0,0,0,0,0,0,0,0,0,0,0,0,0,0
1986,26,17,32,54.012,2,7,0,-1,1,0,1,1,25,0,0,0,1028,0,0,0,0,0,1,1,0,0,0,-148.56041,0,0,0,0,3,1,1,5,10,0,0,0,3,1,1,5,1000,0,0,0,0,0,0,0,0,0,0,0,0,0,0,0,0,0,0,0,0,0,0,0,0,0,0,0,0,0,0,0,0,0,0,0,0,0,0,0,0,0,0,0,0,0,0,0,0,0,0,0
1986,26,17,34,30.012,2,7,0,-1,1,0,1,1,25,0,0,0,1028,0,0,0,0,0,1,1,0,0,0,-148.6475852,0,0,0,0,3,1,1,5,10,0,0,0,3,1,1,5,1000,0,0,0,0,0,0,0,0,0,0,0,0,0,0,0,0,0,0,0,0,0,0,0,0,0,0,0,0,0,0,0,0,0,0,0,0,0,0,0,0,0,0,0,0,0,0,0,0,0,0,0
1986,26,17,36,6.012,2,7,0,-1,1,0,1,1,25,0,0,0,1028,0,0,0,0,0,1,1,0,0,0,-148.73476,0,0,0,0,3,1,1,5,10,0,0,0,3,1,1,5,1000,0,0,0,0,0,0,0,0,0,0,0,0,0,0,0,0,0,0,0,0,0,0,0,0,0,0,0,0,0,0,0,0,0,0,0,0,0,0,0,0,0,0,0,0,0,0,0,0,0,0,0
1986,26,17,37,42.012,2,7,0,-1,1,0,1,1,25,0,0,0,1028,0,0,0,0,0,1,1,0,0,0,-148.8219344,0,0,0,0,3,1,1,5,10,0,0,0,3,1,1,5,1000,0,0,0,0,0,0,0,0,0,0,0,0,0,0,0,0,0,0,0,0,0,0,0,0,0,0,0,0,0,0,0,0,0,0,0,0,0,0,0,0,0,0,0,0,0,0,0,0,0,0,0
1986,26,17,39,18.012,2,7,0,-1,1,0,1,1,25,0,0,0,1028,0,0,0,0,0,1,1,0,0,0,-148.9091084,0,0,0,0,3,1,1,5,10,0,0,0,3,1,1,5,1000,0,0,0,0,0,0,0,0,0,0,0,0,0,0,0,0,0,0,0,0,0,0,0,0,0,0,0,0,0,0,0,0,0,0,0,0,0,0,0,0,0,0,0,0,0,0,0,0,0,0,0
1986,26,17,43,18.011,2,7,0,-1,1,0,1,1,25,0,0,0,1028,0,0,0,0,0,1,1,0,0,0,-149.1270407,0,0,0,0,3,1,1,5,10,0,0,0,3,1,1,5,1000,0,0,0,0,0,0,0,0,0,0,0,0,0,0,0,0,0,0,0,0,0,0,0,0,0,0,0,0,0,0,0,0,0,0,0,0,0,0,0,0,0,0,0,0,0,0,0,0,0,0,0
1986,26,17,44,54.011,2,7,0,-1,1,0,1,1,25,0,0,0,1028,0,0,0,0,0,1,1,0,0,0,-149.2142133,0,0,0,0,3,1,1,5,10,0,0,0,3,1,1,5,1000,0,0,0,0,0,0,0,0,0,0,0,0,0,0,0,0,0,0,0,0,0,0,0,0,0,0,0,0,0,0,0,0,0,0,0,0,0,0,0,0,0,0,0,0,0,0,0,0,0,0,0
1986,26,17,46,30.011,2,7,0,-1,1,0,1,1,25,0,0,0,1028,0,0,0,0,0,1,1,0,0,0,-149.3013855,0,0,0,0,3,1,1,5,10,0,0,0,3,1,1,5,1000,0,0,0,0,0,0,0,0,0,0,0,0,0,0,0,0,0,0,0,0,0,0,0,0,0,0,0,0,0,0,0,0,0,0,0,0,0,0,0,0,0,0,0,0,0,0,0,0,0,0,0
1986,26,17,48,6.011,2,7,0,-1,1,0,1,1,25,0,0,0,1028,0,0,0,0,0,1,1,0,0,0,-149.3885573,0,0,0,0,3,1,1,5,10,0,0,0,3,1,1,5,1000,0,0,0,0,0,0,0,0,0,0,0,0,0,0,0,0,0,0,0,0,0,0,0,0,0,0,0,0,0,0,0,0,0,0,0,0,0,0,0,0,0,0,0,0,0,0,0,0,0,0,0
1986,26,17,49,42.011,2,7,0,-1,1,0,1,1,25,0,0,0,1028,0,0,0,0,0,1,1,0,0,0,-149.4757286,0,0,0,0,3,1,1,5,10,0,0,0,3,1,1,5,1000,0,0,0,0,0,0,0,0,0,0,0,0,0,0,0,0,0,0,0,0,0,0,0,0,0,0,0,0,0,0,0,0,0,0,0,0,0,0,0,0,0,0,0,0,0,0,0,0,0,0,0
1986,26,17,51,18.011,2,7,0,-1,1,0,1,1,25,0,0,0,1028,0,0,0,0,0,1,1,0,0,0,-149.5628996,0,0,0,0,3,1,1,5,10,0,0,0,3,1,1,5,1000,0,0,0,0,0,0,0,0,0,0,0,0,0,0,0,0,0,0,0,0,0,0,0,0,0,0,0,0,0,0,0,0,0,0,0,0,0,0,0,0,0,0,0,0,0,0,0,0,0,0,0
1986,26,17,55,18.011,2,7,0,-1,1,0,1,1,25,0,0,0,1028,0,0,0,0,0,1,1,0,0,0,-149.7808253,0,0,0,0,3,1,1,5,10,0,0,0,3,1,1,5,1000,0,0,0,0,0,0,0,0,0,0,0,0,0,0,0,0,0,0,0,0,0,0,0,0,0,0,0,0,0,0,0,0,0,0,0,0,0,0,0,0,0,0,0,0,0,0,0,0,0,0,0
1986,26,17,56,54.011,2,7,0,-1,1,0,1,1,25,0,0,0,1028,0,0,0,0,0,1,1,0,0,0,-149.8679949,0,0,0,0,3,1,1,5,10,0,0,0,3,1,1,5,1000,0,0,0,0,0,0,0,0,0,0,0,0,0,0,0,0,0,0,0,0,0,0,0,0,0,0,0,0,0,0,0,0,0,0,0,0,0,0,0,0,0,0,0,0,0,0,0,0,0,0,0
1986,26,17,58,30.01,2,7,0,-1,1,0,1,1,25,0,0,0,1028,0,0,0,0,0,1,1,0,0,0,-149.9551632,0,0,0,0,3,1,1,5,10,0,0,0,3,1,1,5,1000,0,0,0,0,0,0,0,0,0,0,0,0,0,0,0,0,0,0,0,0,0,0,0,0,0,0,0,0,0,0,0,0,0,0,0,0,0,0,0,0,0,0,0,0,0,0,0,0,0,0,0
1986,26,18,0,6.01,2,7,0,-1,1,0,1,1,25,0,0,0,1028,0,0,0,0,0,1,1,0,0,0,-150.042332,0,0,0,0,3,1,1,5,10,0,0,0,3,1,1,5,1000,0,0,0,0,0,0,0,0,0,0,0,0,0,0,0,0,0,0,0,0,0,0,0,0,0,0,0,0,0,0,0,0,0,0,0,0,0,0,0,0,0,0,0,0,0,0,0,0,0,0,0
1986,26,18,1,42.01,2,7,0,-1,1,0,1,1,25,0,0,0,1028,0,0,0,0,0,1,1,0,0,0,-150.1295004,0,0,0,0,3,1,1,5,10,0,0,0,3,1,1,5,1000,0,0,0,0,0,0,0,0,0,0,0,0,0,0,0,0,0,0,0,0,0,0,0,0,0,0,0,0,0,0,0,0,0,0,0,0,0,0,0,0,0,0,0,0,0,0,0,0,0,0,0
1986,26,18,3,18.01,2,7,0,-1,1,0,1,1,25,0,0,0,1028,0,0,0,0,0,1,1,0,0,0,-150.2166684,0,0,0,0,3,1,1,5,10,0,0,0,3,1,1,5,1000,0,0,0,0,0,0,0,0,0,0,0,0,0,0,0,0,0,0,0,0,0,0,0,0,0,0,0,0,0,0,0,0,0,0,0,0,0,0,0,0,0,0,0,0,0,0,0,0,0,0,0
1986,26,18,7,18.01,2,7,0,-1,1,0,1,1,25,0,0,0,1028,0,0,0,0,0,1,1,0,0,0,-150.4345866,0,0,0,0,3,1,1,5,10,0,0,0,3,1,1,5,1000,0,0,0,0,0,0,0,0,0,0,0,0,0,0,0,0,0,0,0,0,0,0,0,0,0,0,0,0,0,0,0,0,0,0,0,0,0,0,0,0,0,0,0,0,0,0,0,0,0,0,0
1986,26,18,8,54.01,2,7,0,-1,1,0,1,1,25,0,0,0,1028,0,0,0,0,0,1,1,0,0,0,-150.5217532,0,0,0,0,3,1,1,5,10,0,0,0,3,1,1,5,1000,0,0,0,0,0,0,0,0,0,0,0,0,0,0,0,0,0,0,0,0,0,0,0,0,0,0,0,0,0,0,0,0,0,0,0,0,0,0,0,0,0,0,0,0,0,0,0,0,0,0,0
1986,26,18,10,30.01,2,7,0,-1,1,0,1,1,25,0,0,0,1028,0,0,0,0,0,1,1,0,0,0,-150.6089194,0,0,0,0,3,1,1,5,10,0,0,0,3,1,1,5,1000,0,0,0,0,0,0,0,0,0,0,0,0,0,0,0,0,0,0,0,0,0,0,0,0,0,0,0,0,0,0,0,0,0,0,0,0,0,0,0,0,0,0,0,0,0,0,0,0,0,0,0
1986,26,18,12,6.01,2,7,0,-1,1,0,1,1,25,0,0,0,1028,0,0,0,0,0,1,1,0,0,0,-150.6960853,0,0,0,0,3,1,1,5,10,0,0,0,3,1,1,5,1000,0,0,0,0,0,0,0,0,0,0,0,0,0,0,0,0,0,0,0,0,0,0,0,0,0,0,0,0,0,0,0,0,0,0,0,0,0,0,0,0,0,0,0,0,0,0,0,0,0,0,0
1986,26,18,13,42.009,2,7,0,-1,1,0,1,1,25,0,0,0,1028,0,0,0,0,0,1,1,0,0,0,-150.7832498,0,0,0,0,3,1,1,5,10,0,0,0,3,1,1,5,1000,0,0,0,0,0,0,0,0,0,0,0,0,0,0,0,0,0,0,0,0,0,0,0,0,0,0,0,0,0,0,0,0,0,0,0,0,0,0,0,0,0,0,0,0,0,0,0,0,0,0,0
1986,26,18,15,18.009,2,7,0,-1,1,0,1,1,25,0,0,0,1028,0,0,0,0,0,1,1,0,0,0,-150.8704148,0,0,0,0,3,1,1,5,10,0,0,0,3,1,1,5,1000,0,0,0,0,0,0,0,0,0,0,0,0,0,0,0,0,0,0,0,0,0,0,0,0,0,0,0,0,0,0,0,0,0,0,0,0,0,0,0,0,0,0,0,0,0,0,0,0,0,0,0
1986,26,18,19,18.009,2,7,0,-1,1,0,1,1,25,0,0,0,1028,0,0,0,0,0,1,1,0,0,0,-151.0883257,0,0,0,0,3,1,1,5,10,0,0,0,3,1,1,5,1000,0,0,0,0,0,0,0,0,0,0,0,0,0,0,0,0,0,0,0,0,0,0,0,0,0,0,0,0,0,0,0,0,0,0,0,0,0,0,0,0,0,0,0,0,0,0,0,0,0,0,0
1986,26,18,20,54.009,2,7,0,-1,1,0,1,1,25,0,0,0,1028,0,0,0,0,0,1,1,0,0,0,-151.1754893,0,0,0,0,3,1,1,5,10,0,0,0,3,1,1,5,1000,0,0,0,0,0,0,0,0,0,0,0,0,0,0,0,0,0,0,0,0,0,0,0,0,0,0,0,0,0,0,0,0,0,0,0,0,0,0,0,0,0,0,0,0,0,0,0,0,0,0,0
1986,26,18,22,30.009,2,7,0,-1,1,0,1,1,25,0,0,0,1028,0,0,0,0,0,1,1,0,0,0,-151.2626526,0,0,0,0,3,1,1,5,10,0,0,0,3,1,1,5,1000,0,0,0,0,0,0,0,0,0,0,0,0,0,0,0,0,0,0,0,0,0,0,0,0,0,0,0,0,0,0,0,0,0,0,0,0,0,0,0,0,0,0,0,0,0,0,0,0,0,0,0
1986,26,18,24,6.009,2,7,0,-1,1,0,1,1,25,0,0,0,1028,0,0,0,0,0,1,1,0,0,0,-151.3498155,0,0,0,0,3,1,1,5,10,0,0,0,3,1,1,5,1000,0,0,0,0,0,0,0,0,0,0,0,0,0,0,0,0,0,0,0,0,0,0,0,0,0,0,0,0,0,0,0,0,0,0,0,0,0,0,0,0,0,0,0,0,0,0,0,0,0,0,0
1986,26,18,25,42.009,2,7,0,-1,1,0,1,1,25,0,0,0,1028,0,0,0,0,0,1,1,0,0,0,-151.4369779,0,0,0,0,3,1,1,5,10,0,0,0,3,1,1,5,1000,0,0,0,0,0,0,0,0,0,0,0,0,0,0,0,0,0,0,0,0,0,0,0,0,0,0,0,0,0,0,0,0,0,0,0,0,0,0,0,0,0,0,0,0,0,0,0,0,0,0,0
1986,26,18,27,18.009,2,7,0,-1,1,0,1,1,25,0,0,0,1028,0,0,0,0,0,1,1,0,0,0,-151.52414,0,0,0,0,3,1,1,5,10,0,0,0,3,1,1,5,1000,0,0,0,0,0,0,0,0,0,0,0,0,0,0,0,0,0,0,0,0,0,0,0,0,0,0,0,0,0,0,0,0,0,0,0,0,0,0,0,0,0,0,0,0,0,0,0,0,0,0,0
1986,26,18,31,18.008,2,7,0,-1,1,0,1,1,25,0,0,0,1028,0,0,0,0,0,1,1,0,0,0,-151.7420426,0,0,0,0,3,1,1,5,10,0,0,0,3,1,1,5,1000,0,0,0,0,0,0,0,0,0,0,0,0,0,0,0,0,0,0,0,0,0,0,0,0,0,0,0,0,0,0,0,0,0,0,0,0,0,0,0,0,0,0,0,0,0,0,0,0,0,0,0
1986,26,18,32,54.008,2,7,0,-1,1,0,1,1,25,0,0,0,1028,0,0,0,0,0,1,1,0,0,0,-151.8292034,0,0,0,0,3,1,1,5,10,0,0,0,3,1,1,5,1000,0,0,0,0,0,0,0,0,0,0,0,0,0,0,0,0,0,0,0,0,0,0,0,0,0,0,0,0,0,0,0,0,0,0,0,0,0,0,0,0,0,0,0,0,0,0,0,0,0,0,0
1986,26,18,34,30.008,2,7,0,-1,1,0,1,1,25,0,0,0,1028,0,0,0,0,0,1,1,0,0,0,-151.9163637,0,0,0,0,3,1,1,5,10,0,0,0,3,1,1,5,1000,0,0,0,0,0,0,0,0,0,0,0,0,0,0,0,0,0,0,0,0,0,0,0,0,0,0,0,0,0,0,0,0,0,0,0,0,0,0,0,0,0,0,0,0,0,0,0,0,0,0,0
1986,26,18,36,6.008,2,7,0,-1,1,0,1,1,25,0,0,0,1028,0,0,0,0,0,1,1,0,0,0,-152.0035236,0,0,0,0,3,1,1,5,10,0,0,0,3,1,1,5,1000,0,0,0,0,0,0,0,0,0,0,0,0,0,0,0,0,0,0,0,0,0,0,0,0,0,0,0,0,0,0,0,0,0,0,0,0,0,0,0,0,0,0,0,0,0,0,0,0,0,0,0
1986,26,18,37,42.008,2,7,0,-1,1,0,1,1,25,0,0,0,1028,0,0,0,0,0,1,1,0,0,0,-152.0906832,0,0,0,0,3,1,1,5,10,0,0,0,3,1,1,5,1000,0,0,0,0,0,0,0,0,0,0,0,0,0,0,0,0,0,0,0,0,0,0,0,0,0,0,0,0,0,0,0,0,0,0,0,0,0,0,0,0,0,0,0,0,0,0,0,0,0,0,0
1986,26,18,39,18.008,2,7,0,-1,1,0,1,1,25,0,0,0,1028,0,0,0,0,0,1,1,0,0,0,-152.1778424,0,0,0,0,3,1,1,5,10,0,0,0,3,1,1,5,1000,0,0,0,0,0,0,0,0,0,0,0,0,0,0,0,0,0,0,0,0,0,0,0,0,0,0,0,0,0,0,0,0,0,0,0,0,0,0,0,0,0,0,0,0,0,0,0,0,0,0,0
1986,26,18,43,18.007,2,7,0,-1,1,0,1,1,25,0,0,0,1028,0,0,0,0,0,1,1,0,0,0,-152.3957377,0,0,0,0,3,1,1,5,10,0,0,0,3,1,1,5,1000,0,0,0,0,0,0,0,0,0,0,0,0,0,0,0,0,0,0,0,0,0,0,0,0,0,0,0,0,0,0,0,0,0,0,0,0,0,0,0,0,0,0,0,0,0,0,0,0,0,0,0
1986,26,18,44,54.007,2,7,0,-1,1,0,1,1,25,0,0,0,1028,0,0,0,0,0,1,1,0,0,0,-152.4828955,0,0,0,0,3,1,1,5,10,0,0,0,3,1,1,5,1000,0,0,0,0,0,0,0,0,0,0,0,0,0,0,0,0,0,0,0,0,0,0,0,0,0,0,0,0,0,0,0,0,0,0,0,0,0,0,0,0,0,0,0,0,0,0,0,0,0,0,0
1986,26,18,46,30.007,2,7,0,-1,1,0,1,1,25,0,0,0,1028,0,0,0,0,0,1,1,0,0,0,-152.5700529,0,0,0,0,3,1,1,5,10,0,0,0,3,1,1,5,1000,0,0,0,0,0,0,0,0,0,0,0,0,0,0,0,0,0,0,0,0,0,0,0,0,0,0,0,0,0,0,0,0,0,0,0,0,0,0,0,0,0,0,0,0,0,0,0,0,0,0,0
1986,26,18,48,6.007,2,7,0,-1,1,0,1,1,25,0,0,0,1028,0,0,0,0,0,1,1,0,0,0,-152.6572099,0,0,0,0,3,1,1,5,10,0,0,0,3,1,1,5,1000,0,0,0,0,0,0,0,0,0,0,0,0,0,0,0,0,0,0,0,0,0,0,0,0,0,0,0,0,0,0,0,0,0,0,0,0,0,0,0,0,0,0,0,0,0,0,0,0,0,0,0
1986,26,18,49,42.007,2,7,0,-1,1,0,1,1,25,0,0,0,1028,0,0,0,0,0,1,1,0,0,0,-152.7443666,0,0,0,0,3,1,1,5,10,0,0,0,3,1,1,5,1000,0,0,0,0,0,0,0,0,0,0,0,0,0,0,0,0,0,0,0,0,0,0,0,0,0,0,0,0,0,0,0,0,0,0,0,0,0,0,0,0,0,0,0,0,0,0,0,0,0,0,0
1986,26,18,51,18.007,2,7,0,-1,1,0,1,1,25,0,0,0,1028,0,0,0,0,0,1,1,0,0,0,-152.8315229,0,0,0,0,3,1,1,5,10,0,0,0,3,1,1,5,1000,0,0,0,0,0,0,0,0,0,0,0,0,0,0,0,0,0,0,0,0,0,0,0,0,0,0,0,0,0,0,0,0,0,0,0,0,0,0,0,0,0,0,0,0,0,0,0,0,0,0,0
1986,26,18,55,18.007,2,7,0,-1,1,0,1,1,25,0,0,0,1028,0,0,0,0,0,1,1,0,0,0,-153.0494118,0,0,0,0,3,1,1,5,10,0,0,0,3,1,1,5,1000,0,0,0,0,0,0,0,0,0,0,0,0,0,0,0,0,0,0,0,0,0,0,0,0,0,0,0,0,0,0,0,0,0,0,0,0,0,0,0,0,0,0,0,0,0,0,0,0,0,0,0
1986,26,18,56,54.007,2,7,0,-1,1,0,1,1,25,0,0,0,1028,0,0,0,0,0,1,1,0,0,0,-153.1365668,0,0,0,0,3,1,1,5,10,0,0,0,3,1,1,5,1000,0,0,0,0,0,0,0,0,0,0,0,0,0,0,0,0,0,0,0,0,0,0,0,0,0,0,0,0,0,0,0,0,0,0,0,0,0,0,0,0,0,0,0,0,0,0,0,0,0,0,0
1986,26,18,58,30.006,2,7,0,-1,1,0,1,1,25,0,0,0,1028,0,0,0,0,0,1,1,0,0,0,-153.2237204,0,0,0,0,3,1,1,5,10,0,0,0,3,1,1,5,1000,0,0,0,0,0,0,0,0,0,0,0,0,0,0,0,0,0,0,0,0,0,0,0,0,0,0,0,0,0,0,0,0,0,0,0,0,0,0,0,0,0,0,0,0,0,0,0,0,0,0,0
1986,26,19,0,6.006,2,7,0,-1,1,0,1,1,25,0,0,0,1028,0,0,0,0,0,1,1,0,0,0,-153.3108745,0,0,0,0,3,1,1,5,10,0,0,0,3,1,1,5,1000,0,0,0,0,0,0,0,0,0,0,0,0,0,0,0,0,0,0,0,0,0,0,0,0,0,0,0,0,0,0,0,0,0,0,0,0,0,0,0,0,0,0,0,0,0,0,0,0,0,0,0
1986,26,19,1,42.006,2,7,0,-1,1,0,1,1,25,0,0,0,1028,0,0,0,0,0,1,1,0,0,0,-153.3980283,0,0,0,0,3,1,1,5,10,0,0,0,3,1,1,5,1000,0,0,0,0,0,0,0,0,0,0,0,0,0,0,0,0,0,0,0,0,0,0,0,0,0,0,0,0,0,0,0,0,0,0,0,0,0,0,0,0,0,0,0,0,0,0,0,0,0,0,0
1986,26,19,3,18.006,2,7,0,-1,1,0,1,1,25,0,0,0,1028,0,0,0,0,0,1,1,0,0,0,-153.4851817,0,0,0,0,3,1,1,5,10,0,0,0,3,1,1,5,1000,0,0,0,0,0,0,0,0,0,0,0,0,0,0,0,0,0,0,0,0,0,0,0,0,0,0,0,0,0,0,0,0,0,0,0,0,0,0,0,0,0,0,0,0,0,0,0,0,0,0,0
1986,26,19,7,18.006,2,7,0,-1,1,0,1,1,25,0,0,0,1028,0,0,0,0,0,1,1,0,0,0,-153.7030635,0,0,0,0,3,1,1,5,10,0,0,0,3,1,1,5,1000,0,0,0,0,0,0,0,0,0,0,0,0,0,0,0,0,0,0,0,0,0,0,0,0,0,0,0,0,0,0,0,0,0,0,0,0,0,0,0,0,0,0,0,0,0,0,0,0,0,0,0
1986,26,19,8,54.006,2,7,0,-1,1,0,1,1,25,0,0,0,1028,0,0,0,0,0,1,1,0,0,0,-153.7902156,0,0,0,0,3,1,1,5,10,0,0,0,3,1,1,5,1000,0,0,0,0,0,0,0,0,0,0,0,0,0,0,0,0,0,0,0,0,0,0,0,0,0,0,0,0,0,0,0,0,0,0,0,0,0,0,0,0,0,0,0,0,0,0,0,0,0,0,0
1986,26,19,10,30.006,2,7,0,-1,1,0,1,1,25,0,0,0,1028,0,0,0,0,0,1,1,0,0,0,-153.8773672,0,0,0,0,3,1,1,5,10,0,0,0,3,1,1,5,1000,0,0,0,0,0,0,0,0,0,0,0,0,0,0,0,0,0,0,0,0,0,0,0,0,0,0,0,0,0,0,0,0,0,0,0,0,0,0,0,0,0,0,0,0,0,0,0,0,0,0,0
1986,26,19,12,6.006,2,7,0,-1,1,0,1,1,25,0,0,0,1028,0,0,0,0,0,1,1,0,0,0,-153.9645185,0,0,0,0,3,1,1,5,10,0,0,0,3,1,1,5,1000,0,0,0,0,0,0,0,0,0,0,0,0,0,0,0,0,0,0,0,0,0,0,0,0,0,0,0,0,0,0,0,0,0,0,0,0,0,0,0,0,0,0,0,0,0,0,0,0,0,0,0
1986,26,19,13,42.005,2,7,0,-1,1,0,1,1,25,0,0,0,1028,0,0,0,0,0,1,1,0,0,0,-154.0516685,0,0,0,0,3,1,1,5,10,0,0,0,3,1,1,5,1000,0,0,0,0,0,0,0,0,0,0,0,0,0,0,0,0,0,0,0,0,0,0,0,0,0,0,0,0,0,0,0,0,0,0,0,0,0,0,0,0,0,0,0,0,0,0,0,0,0,0,0
1986,26,19,15,18.005,2,7,0,-1,1,0,1,1,25,0,0,0,1028,0,0,0,0,0,1,1,0,0,0,-154.1388191,0,0,0,0,3,1,1,5,10,0,0,0,3,1,1,5,1000,0,0,0,0,0,0,0,0,0,0,0,0,0,0,0,0,0,0,0,0,0,0,0,0,0,0,0,0,0,0,0,0,0,0,0,0,0,0,0,0,0,0,0,0,0,0,0,0,0,0,0
1986,26,19,19,18.005,2,7,0,-1,1,0,1,1,25,0,0,0,1028,0,0,0,0,0,1,1,0,0,0,-154.3566937,0,0,0,0,3,1,1,5,10,0,0,0,3,1,1,5,1000,0,0,0,0,0,0,0,0,0,0,0,0,0,0,0,0,0,0,0,0,0,0,0,0,0,0,0,0,0,0,0,0,0,0,0,0,0,0,0,0,0,0,0,0,0,0,0,0,0,0,0
1986,26,19,20,54.005,2,7,0,-1,1,0,1,1,25,0,0,0,1028,0,0,0,0,0,1,1,0,0,0,-154.4438429,0,0,0,0,3,1,1,5,10,0,0,0,3,1,1,5,1000,0,0,0,0,0,0,0,0,0,0,0,0,0,0,0,0,0,0,0,0,0,0,0,0,0,0,0,0,0,0,0,0,0,0,0,0,0,0,0,0,0,0,0,0,0,0,0,0,0,0,0
1986,26,19,22,30.005,2,7,0,-1,1,0,1,1,25,0,0,0,1028,0,0,0,0,0,1,1,0,0,0,-154.5309917,0,0,0,0,3,1,1,5,10,0,0,0,3,1,1,5,1000,0,0,0,0,0,0,0,0,0,0,0,0,0,0,0,0,0,0,0,0,0,0,0,0,0,0,0,0,0,0,0,0,0,0,0,0,0,0,0,0,0,0,0,0,0,0,0,0,0,0,0
1986,26,19,24,6.005,2,7,0,-1,1,0,1,1,25,0,0,0,1028,0,0,0,0,0,1,1,0,0,0,-154.6181402,0,0,0,0,3,1,1,5,10,0,0,0,3,1,1,5,1000,0,0,0,0,0,0,0,0,0,0,0,0,0,0,0,0,0,0,0,0,0,0,0,0,0,0,0,0,0,0,0,0,0,0,0,0,0,0,0,0,0,0,0,0,0,0,0,0,0,0,0
1986,26,19,25,42.005,2,7,0,-1,1,0,1,1,25,0,0,0,1028,0,0,0,0,0,1,1,0,0,0,-154.7052883,0,0,0,0,3,1,1,5,10,0,0,0,3,1,1,5,1000,0,0,0,0,0,0,0,0,0,0,0,0,0,0,0,0,0,0,0,0,0,0,0,0,0,0,0,0,0,0,0,0,0,0,0,0,0,0,0,0,0,0,0,0,0,0,0,0,0,0,0
1986,26,19,27,18.005,2,7,0,-1,1,0,1,1,25,0,0,0,1028,0,0,0,0,0,1,1,0,0,0,-154.792436,0,0,0,0,3,1,1,5,10,0,0,0,3,1,1,5,1000,0,0,0,0,0,0,0,0,0,0,0,0,0,0,0,0,0,0,0,0,0,0,0,0,0,0,0,0,0,0,0,0,0,0,0,0,0,0,0,0,0,0,0,0,0,0,0,0,0,0,0
1986,26,19,31,18.004,2,7,0,-1,1,0,1,1,25,0,0,0,1028,0,0,0,0,0,1,1,0,0,0,-155.0103026,0,0,0,0,3,1,1,5,10,0,0,0,3,1,1,5,1000,0,0,0,0,0,0,0,0,0,0,0,0,0,0,0,0,0,0,0,0,0,0,0,0,0,0,0,0,0,0,0,0,0,0,0,0,0,0,0,0,0,0,0,0,0,0,0,0,0,0,0
1986,26,19,32,54.004,2,7,0,-1,1,0,1,1,25,0,0,0,1028,0,0,0,0,0,1,1,0,0,0,-155.097449,0,0,0,0,3,1,1,5,10,0,0,0,3,1,1,5,1000,0,0,0,0,0,0,0,0,0,0,0,0,0,0,0,0,0,0,0,0,0,0,0,0,0,0,0,0,0,0,0,0,0,0,0,0,0,0,0,0,0,0,0,0,0,0,0,0,0,0,0
1986,26,19,34,30.004,2,7,0,-1,1,0,1,1,25,0,0,0,1028,0,0,0,0,0,1,1,0,0,0,-155.184595,0,0,0,0,3,1,1,5,10,0,0,0,3,1,1,5,1000,0,0,0,0,0,0,0,0,0,0,0,0,0,0,0,0,0,0,0,0,0,0,0,0,0,0,0,0,0,0,0,0,0,0,0,0,0,0,0,0,0,0,0,0,0,0,0,0,0,0,0
1986,26,19,36,6.004,2,7,0,-1,1,0,1,1,25,0,0,0,1028,0,0,0,0,0,1,1,0,0,0,-155.2717406,0,0,0,0,3,1,1,5,10,0,0,0,3,1,1,5,1000,0,0,0,0,0,0,0,0,0,0,0,0,0,0,0,0,0,0,0,0,0,0,0,0,0,0,0,0,0,0,0,0,0,0,0,0,0,0,0,0,0,0,0,0,0,0,0,0,0,0,0
1986,26,19,37,42.004,2,7,0,-1,1,0,1,1,25,0,0,0,1028,0,0,0,0,0,1,1,0,0,0,-155.3588859,0,0,0,0,3,1,1,5,10,0,0,0,3,1,1,5,1000,0,0,0,0,0,0,0,0,0,0,0,0,0,0,0,0,0,0,0,0,0,0,0,0,0,0,0,0,0,0,0,0,0,0,0,0,0,0,0,0,0,0,0,0,0,0,0,0,0,0,0
1986,26,19,39,18.004,2,7,0,-1,1,0,1,1,25,0,0,0,1028,0,0,0,0,0,1,1,0,0,0,-155.4460308,0,0,0,0,3,1,1,5,10,0,0,0,3,1,1,5,1000,0,0,0,0,0,0,0,0,0,0,0,0,0,0,0,0,0,0,0,0,0,0,0,0,0,0,0,0,0,0,0,0,0,0,0,0,0,0,0,0,0,0,0,0,0,0,0,0,0,0,0
1986,26,19,43,18.004,2,7,0,-1,1,0,1,1,25,0,0,0,1028,0,0,0,0,0,1,1,0,0,0,-155.6638909,0,0,0,0,3,1,1,5,10,0,0,0,3,1,1,5,1000,0,0,0,0,0,0,0,0,0,0,0,0,0,0,0,0,0,0,0,0,0,0,0,0,0,0,0,0,0,0,0,0,0,0,0,0,0,0,0,0,0,0,0,0,0,0,0,0,0,0,0
1986,26,19,44,54.003,2,7,0,-1,1,0,1,1,25,0,0,0,1028,0,0,0,0,0,1,1,0,0,0,-155.751034,0,0,0,0,3,1,1,5,10,0,0,0,3,1,1,5,1000,0,0,0,0,0,0,0,0,0,0,0,0,0,0,0,0,0,0,0,0,0,0,0,0,0,0,0,0,0,0,0,0,0,0,0,0,0,0,0,0,0,0,0,0,0,0,0,0,0,0,0
1986,26,19,46,30.003,2,7,0,-1,1,0,1,1,25,0,0,0,1028,0,0,0,0,0,1,1,0,0,0,-155.8381772,0,0,0,0,3,1,1,5,10,0,0,0,3,1,1,5,1000,0,0,0,0,0,0,0,0,0,0,0,0,0,0,0,0,0,0,0,0,0,0,0,0,0,0,0,0,0,0,0,0,0,0,0,0,0,0,0,0,0,0,0,0,0,0,0,0,0,0,0
1986,26,19,48,6.003,2,7,0,-1,1,0,1,1,25,0,0,0,1028,0,0,0,0,0,1,1,0,0,0,-155.92532,0,0,0,0,3,1,1,5,10,0,0,0,3,1,1,5,1000,0,0,0,0,0,0,0,0,0,0,0,0,0,0,0,0,0,0,0,0,0,0,0,0,0,0,0,0,0,0,0,0,0,0,0,0,0,0,0,0,0,0,0,0,0,0,0,0,0,0,0
1986,26,19,49,42.003,2,7,0,-1,1,0,1,1,25,0,0,0,1028,0,0,0,0,0,1,1,0,0,0,-156.0124625,0,0,0,0,3,1,1,5,10,0,0,0,3,1,1,5,1000,0,0,0,0,0,0,0,0,0,0,0,0,0,0,0,0,0,0,0,0,0,0,0,0,0,0,0,0,0,0,0,0,0,0,0,0,0,0,0,0,0,0,0,0,0,0,0,0,0,0,0
1986,26,19,51,18.003,2,7,0,-1,1,0,1,1,25,0,0,0,1028,0,0,0,0,0,1,1,0,0,0,-156.0996045,0,0,0,0,3,1,1,5,10,0,0,0,3,1,1,5,1000,0,0,0,0,0,0,0,0,0,0,0,0,0,0,0,0,0,0,0,0,0,0,0,0,0,0,0,0,0,0,0,0,0,0,0,0,0,0,0,0,0,0,0,0,0,0,0,0,0,0,0
1986,26,19,55,18.003,2,7,0,-1,1,0,1,1,25,0,0,0,1028,0,0,0,0,0,1,1,0,0,0,-156.3174581,0,0,0,0,3,1,1,5,10,0,0,0,3,1,1,5,1000,0,0,0,0,0,0,0,0,0,0,0,0,0,0,0,0,0,0,0,0,0,0,0,0,0,0,0,0,0,0,0,0,0,0,0,0,0,0,0,0,0,0,0,0,0,0,0,0,0,0,0
1986,26,19,56,54.003,2,7,0,-1,1,0,1,1,25,0,0,0,1028,0,0,0,0,0,1,1,0,0,0,-156.4045989,0,0,0,0,3,1,1,5,10,0,0,0,3,1,1,5,1000,0,0,0,0,0,0,0,0,0,0,0,0,0,0,0,0,0,0,0,0,0,0,0,0,0,0,0,0,0,0,0,0,0,0,0,0,0,0,0,0,0,0,0,0,0,0,0,0,0,0,0
1986,26,19,58,30.003,2,7,0,-1,1,0,1,1,25,0,0,0,1028,0,0,0,0,0,1,1,0,0,0,-156.4917388,0,0,0,0,3,1,1,5,10,0,0,0,3,1,1,5,1000,0,0,0,0,0,0,0,0,0,0,0,0,0,0,0,0,0,0,0,0,0,0,0,0,0,0,0,0,0,0,0,0,0,0,0,0,0,0,0,0,0,0,0,0,0,0,0,0,0,0,0
1986,26,20,0,6.002,2,7,0,-1,1,0,1,1,25,0,0,0,1028,0,0,0,0,0,1,1,0,0,0,-156.5788784,0,0,0,0,3,1,1,5,10,0,0,0,3,1,1,5,1000,0,0,0,0,0,0,0,0,0,0,0,0,0,0,0,0,0,0,0,0,0,0,0,0,0,0,0,0,0,0,0,0,0,0,0,0,0,0,0,0,0,0,0,0,0,0,0,0,0,0,0
1986,26,20,1,42.002,2,7,0,-1,1,0,1,1,25,0,0,0,1028,0,0,0,0,0,1,1,0,0,0,-156.6660181,0,0,0,0,3,1,1,5,10,0,0,0,3,1,1,5,1000,0,0,0,0,0,0,0,0,0,0,0,0,0,0,0,0,0,0,0,0,0,0,0,0,0,0,0,0,0,0,0,0,0,0,0,0,0,0,0,0,0,0,0,0,0,0,0,0,0,0,0
1986,26,20,3,18.002,2,7,0,-1,1,0,1,1,25,0,0,0,1028,0,0,0,0,0,1,1,0,0,0,-156.7531574,0,0,0,0,3,1,1,5,10,0,0,0,3,1,1,5,1000,0,0,0,0,0,0,0,0,0,0,0,0,0,0,0,0,0,0,0,0,0,0,0,0,0,0,0,0,0,0,0,0,0,0,0,0,0,0,0,0,0,0,0,0,0,0,0,0,0,0,0
1986,26,20,7,18.002,2,7,0,-1,1,0,1,1,25,0,0,0,1028,0,0,0,0,0,1,1,0,0,0,-156.9710041,0,0,0,0,3,1,1,5,10,0,0,0,3,1,1,5,1000,0,0,0,0,0,0,0,0,0,0,0,0,0,0,0,0,0,0,0,0,0,0,0,0,0,0,0,0,0,0,0,0,0,0,0,0,0,0,0,0,0,0,0,0,0,0,0,0,0,0,0
1986,26,20,8,54.002,2,7,0,-1,1,0,1,1,25,0,0,0,1028,0,0,0,0,0,1,1,0,0,0,-157.0581421,0,0,0,0,3,1,1,5,10,0,0,0,3,1,1,5,1000,0,0,0,0,0,0,0,0,0,0,0,0,0,0,0,0,0,0,0,0,0,0,0,0,0,0,0,0,0,0,0,0,0,0,0,0,0,0,0,0,0,0,0,0,0,0,0,0,0,0,0
1986,26,20,10,30.002,2,7,0,-1,1,0,1,1,25,0,0,0,1028,0,0,0,0,0,1,1,0,0,0,-157.1452797,0,0,0,0,3,1,1,5,10,0,0,0,3,1,1,5,1000,0,0,0,0,0,0,0,0,0,0,0,0,0,0,0,0,0,0,0,0,0,0,0,0,0,0,0,0,0,0,0,0,0,0,0,0,0,0,0,0,0,0,0,0,0,0,0,0,0,0,0
1986,26,20,12,6.002,2,7,0,-1,1,0,1,1,25,0,0,0,1028,0,0,0,0,0,1,1,0,0,0,-157.232417,0,0,0,0,3,1,1,5,10,0,0,0,3,1,1,5,1000,0,0,0,0,0,0,0,0,0,0,0,0,0,0,0,0,0,0,0,0,0,0,0,0,0,0,0,0,0,0,0,0,0,0,0,0,0,0,0,0,0,0,0,0,0,0,0,0,0,0,0
1986,26,20,13,42.002,2,7,0,-1,1,0,1,1,25,0,0,0,1028,0,0,0,0,0,1,1,0,0,0,-157.3195535,0,0,0,0,3,1,1,5,10,0,0,0,3,1,1,5,1000,0,0,0,0,0,0,0,0,0,0,0,0,0,0,0,0,0,0,0,0,0,0,0,0,0,0,0,0,0,0,0,0,0,0,0,0,0,0,0,0,0,0,0,0,0,0,0,0,0,0,0
1986,26,20,15,18.001,2,7,0,-1,1,0,1,1,25,0,0,0,1028,0,0,0,0,0,1,1,0,0,0,-157.4066895,0,0,0,0,3,1,1,5,10,0,0,0,3,1,1,5,1000,0,0,0,0,0,0,0,0,0,0,0,0,0,0,0,0,0,0,0,0,0,0,0,0,0,0,0,0,0,0,0,0,0,0,0,0,0,0,0,0,0,0,0,0,0,0,0,0,0,0,0
1986,26,20,19,18.001,2,7,0,-1,1,0,1,1,25,0,0,0,1028,0,0,0,0,0,1,1,0,0,0,-157.6245293,0,0,0,0,3,1,1,5,10,0,0,0,3,1,1,5,1000,0,0,0,0,0,0,0,0,0,0,0,0,0,0,0,0,0,0,0,0,0,0,0,0,0,0,0,0,0,0,0,0,0,0,0,0,0,0,0,0,0,0,0,0,0,0,0,0,0,0,0
1986,26,20,20,54.001,2,7,0,-1,1,0,1,1,25,0,0,0,1028,0,0,0,0,0,1,1,0,0,0,-157.7116646,0,0,0,0,3,1,1,5,10,0,0,0,3,1,1,5,1000,0,0,0,0,0,0,0,0,0,0,0,0,0,0,0,0,0,0,0,0,0,0,0,0,0,0,0,0,0,0,0,0,0,0,0,0,0,0,0,0,0,0,0,0,0,0,0,0,0,0,0
1986,26,20,22,30.001,2,7,0,-1,1,0,1,1,25,0,0,0,1028,0,0,0,0,0,1,1,0,0,0,-157.7987995,0,0,0,0,3,1,1,5,10,0,0,0,3,1,1,5,1000,0,0,0,0,0,0,0,0,0,0,0,0,0,0,0,0,0,0,0,0,0,0,0,0,0,0,0,0,0,0,0,0,0,0,0,0,0,0,0,0,0,0,0,0,0,0,0,0,0,0,0
1986,26,20,24,6.001,2,7,0,-1,1,0,1,1,25,0,0,0,1028,0,0,0,0,0,1,1,0,0,0,-157.885934,0,0,0,0,3,1,1,5,10,0,0,0,3,1,1,5,1000,0,0,0,0,0,0,0,0,0,0,0,0,0,0,0,0,0,0,0,0,0,0,0,0,0,0,0,0,0,0,0,0,0,0,0,0,0,0,0,0,0,0,0,0,0,0,0,0,0,0,0
1986,26,20,25,42.001,2,7,0,-1,1,0,1,1,25,0,0,0,1028,0,0,0,0,0,1,1,0,0,0,-157.9730682,0,0,0,0,3,1,1,5,10,0,0,0,3,1,1,5,1000,0,0,0,0,0,0,0,0,0,0,0,0,0,0,0,0,0,0,0,0,0,0,0,0,0,0,0,0,0,0,0,0,0,0,0,0,0,0,0,0,0,0,0,0,0,0,0,0,0,0,0
1986,26,20,27,18.001,2,7,0,-1,1,0,1,1,25,0,0,0,1028,0,0,0,0,0,1,1,0,0,0,-158.060202,0,0,0,0,3,1,1,5,10,0,0,0,3,1,1,5,1000,0,0,0,0,0,0,0,0,0,0,0,0,0,0,0,0,0,0,0,0,0,0,0,0,0,0,0,0,0,0,0,0,0,0,0,0,0,0,0,0,0,0,0,0,0,0,0,0,0,0,0
1986,26,20,31,18,2,7,0,-1,1,0,1,1,25,0,0,0,1028,0,0,0,0,0,1,1,0,0,0,-158.278034,0,0,0,0,3,1,1,5,10,0,0,0,3,1,1,5,1000,0,0,0,0,0,0,0,0,0,0,0,0,0,0,0,0,0,0,0,0,0,0,0,0,0,0,0,0,0,0,0,0,0,0,0,0,0,0,0,0,0,0,0,0,0,0,0,0,0,0,0
1986,26,20,32,54,2,7,0,-1,1,0,1,1,25,0,0,0,1028,0,0,0,0,0,1,1,0,0,0,-158.3651666,0,0,0,0,3,1,1,5,10,0,0,0,3,1,1,5,1000,0,0,0,0,0,0,0,0,0,0,0,0,0,0,0,0,0,0,0,0,0,0,0,0,0,0,0,0,0,0,0,0,0,0,0,0,0,0,0,0,0,0,0,0,0,0,0,0,0,0,0
1986,26,20,34,30,2,7,0,-1,1,0,1,1,25,0,0,0,1028,0,0,0,0,0,1,1,0,0,0,-158.4522987,0,0,0,0,3,1,1,5,10,0,0,0,3,1,1,5,1000,0,0,0,0,0,0,0,0,0,0,0,0,0,0,0,0,0,0,0,0,0,0,0,0,0,0,0,0,0,0,0,0,0,0,0,0,0,0,0,0,0,0,0,0,0,0,0,0,0,0,0
1986,26,20,36,6,2,7,0,-1,1,0,1,1,25,0,0,0,1028,0,0,0,0,0,1,1,0,0,0,-158.5394305,0,0,0,0,3,1,1,5,10,0,0,0,3,1,1,5,1000,0,0,0,0,0,0,0,0,0,0,0,0,0,0,0,0,0,0,0,0,0,0,0,0,0,0,0,0,0,0,0,0,0,0,0,0,0,0,0,0,0,0,0,0,0,0,0,0,0,0,0
1986,26,20,37,42,2,7,0,-1,1,0,1,1,25,0,0,0,1028,0,0,0,0,0,1,1,0,0,0,-158.626562,0,0,0,0,3,1,1,5,10,0,0,0,3,1,1,5,1000,0,0,0,0,0,0,0,0,0,0,0,0,0,0,0,0,0,0,0,0,0,0,0,0,0,0,0,0,0,0,0,0,0,0,0,0,0,0,0,0,0,0,0,0,0,0,0,0,0,0,0
1986,26,20,39,18,2,7,0,-1,1,0,1,1,25,0,0,0,1028,0,0,0,0,0,1,1,0,0,0,-158.7136931,0,0,0,0,3,1,1,5,10,0,0,0,3,1,1,5,1000,0,0,0,0,0,0,0,0,0,0,0,0,0,0,0,0,0,0,0,0,0,0,0,0,0,0,0,0,0,0,0,0,0,0,0,0,0,0,0,0,0,0,0,0,0,0,0,0,0,0,0
1986,26,20,43,18,2,7,0,-1,1,0,1,1,25,0,0,0,1028,0,0,0,0,0,1,1,0,0,0,-158.9315188,0,0,0,0,3,1,1,5,10,0,0,0,3,1,1,5,1000,0,0,0,0,0,0,0,0,0,0,0,0,0,0,0,0,0,0,0,0,0,0,0,0,0,0,0,0,0,0,0,0,0,0,0,0,0,0,0,0,0,0,0,0,0,0,0,0,0,0,0
1986,26,20,44,53.999,2,7,0,-1,1,0,1,1,25,0,0,0,1028,0,0,0,0,0,1,1,0,0,0,-159.0186482,0,0,0,0,3,1,1,5,10,0,0,0,3,1,1,5,1000,0,0,0,0,0,0,0,0,0,0,0,0,0,0,0,0,0,0,0,0,0,0,0,0,0,0,0,0,0,0,0,0,0,0,0,0,0,0,0,0,0,0,0,0,0,0,0,0,0,0,0
1986,26,20,46,29.999,2,7,0,-1,1,0,1,1,25,0,0,0,1028,0,0,0,0,0,1,1,0,0,0,-159.1057776,0,0,0,0,3,1,1,5,10,0,0,0,3,1,1,5,1000,0,0,0,0,0,0,0,0,0,0,0,0,0,0,0,0,0,0,0,0,0,0,0,0,0,0,0,0,0,0,0,0,0,0,0,0,0,0,0,0,0,0,0,0,0,0,0,0,0,0,0
1986,26,20,48,5.999,2,7,0,-1,1,0,1,1,25,0,0,0,1028,0,0,0,0,0,1,1,0,0,0,-159.1929067,0,0,0,0,3,1,1,5,10,0,0,0,3,1,1,5,1000,0,0,0,0,0,0,0,0,0,0,0,0,0,0,0,0,0,0,0,0,0,0,0,0,0,0,0,0,0,0,0,0,0,0,0,0,0,0,0,0,0,0,0,0,0,0,0,0,0,0,0
1986,26,20,49,41.999,2,7,0,-1,1,0,1,1,25,0,0,0,1028,0,0,0,0,0,1,1,0,0,0,-159.2800355,0,0,0,0,3,1,1,5,10,0,0,0,3,1,1,5,1000,0,0,0,0,0,0,0,0,0,0,0,0,0,0,0,0,0,0,0,0,0,0,0,0,0,0,0,0,0,0,0,0,0,0,0,0,0,0,0,0,0,0,0,0,0,0,0,0,0,0,0
1986,26,20,51,17.999,2,7,0,-1,1,0,1,1,25,0,0,0,1028,0,0,0,0,0,1,1,0,0,0,-159.3671639,0,0,0,0,3,1,1,5,10,0,0,0,3,1,1,5,1000,0,0,0,0,0,0,0,0,0,0,0,0,0,0,0,0,0,0,0,0,0,0,0,0,0,0,0,0,0,0,0,0,0,0,0,0,0,0,0,0,0,0,0,0,0,0,0,0,0,0,0
1986,26,20,55,17.999,2,7,0,-1,1,0,1,1,25,0,0,0,1028,0,0,0,0,0,1,1,0,0,0,-159.5849833,0,0,0,0,3,1,1,5,10,0,0,0,3,1,1,5,1000,0,0,0,0,0,0,0,0,0,0,0,0,0,0,0,0,0,0,0,0,0,0,0,0,0,0,0,0,0,0,0,0,0,0,0,0,0,0,0,0,0,0,0,0,0,0,0,0,0,0,0
1986,26,20,56,53.999,2,7,0,-1,1,0,1,1,25,0,0,0,1028,0,0,0,0,0,1,1,0,0,0,-159.6721104,0,0,0,0,3,1,1,5,10,0,0,0,3,1,1,5,1000,0,0,0,0,0,0,0,0,0,0,0,0,0,0,0,0,0,0,0,0,0,0,0,0,0,0,0,0,0,0,0,0,0,0,0,0,0,0,0,0,0,0,0,0,0,0,0,0,0,0,0
1986,26,20,58,29.999,2,7,0,-1,1,0,1,1,25,0,0,0,1028,0,0,0,0,0,1,1,0,0,0,-159.7592368,0,0,0,0,3,1,1,5,10,0,0,0,3,1,1,5,1000,0,0,0,0,0,0,0,0,0,0,0,0,0,0,0,0,0,0,0,0,0,0,0,0,0,0,0,0,0,0,0,0,0,0,0,0,0,0,0,0,0,0,0,0,0,0,0,0,0,0,0
1986,26,21,0,5.998,2,7,0,-1,1,0,1,1,25,0,0,0,1028,0,0,0,0,0,1,1,0,0,0,-159.8463627,0,0,0,0,3,1,1,5,10,0,0,0,3,1,1,5,1000,0,0,0,0,0,0,0,0,0,0,0,0,0,0,0,0,0,0,0,0,0,0,0,0,0,0,0,0,0,0,0,0,0,0,0,0,0,0,0,0,0,0,0,0,0,0,0,0,0,0,0
1986,26,21,1,41.998,2,7,0,-1,1,0,1,1,25,0,0,0,1028,0,0,0,0,0,1,1,0,0,0,-159.9334888,0,0,0,0,3,1,1,5,10,0,0,0,3,1,1,5,1000,0,0,0,0,0,0,0,0,0,0,0,0,0,0,0,0,0,0,0,0,0,0,0,0,0,0,0,0,0,0,0,0,0,0,0,0,0,0,0,0,0,0,0,0,0,0,0,0,0,0,0
1986,26,21,3,17.998,2,7,0,-1,1,0,1,1,25,0,0,0,1028,0,0,0,0,0,1,1,0,0,0,-160.0206145,0,0,0,0,3,1,1,5,10,0,0,0,3,1,1,5,1000,0,0,0,0,0,0,0,0,0,0,0,0,0,0,0,0,0,0,0,0,0,0,0,0,0,0,0,0,0,0,0,0,0,0,0,0,0,0,0,0,0,0,0,0,0,0,0,0,0,0,0
1986,26,21,7,17.998,2,7,0,-1,1,0,1,1,25,0,0,0,1028,0,0,0,0,0,1,1,0,0,0,-160.2384272,0,0,0,0,3,1,1,5,10,0,0,0,3,1,1,5,1000,0,0,0,0,0,0,0,0,0,0,0,0,0,0,0,0,0,0,0,0,0,0,0,0,0,0,0,0,0,0,0,0,0,0,0,0,0,0,0,0,0,0,0,0,0,0,0,0,0,0,0
1986,26,21,8,53.998,2,7,0,-1,1,0,1,1,25,0,0,0,1028,0,0,0,0,0,1,1,0,0,0,-160.3255517,0,0,0,0,3,1,1,5,10,0,0,0,3,1,1,5,1000,0,0,0,0,0,0,0,0,0,0,0,0,0,0,0,0,0,0,0,0,0,0,0,0,0,0,0,0,0,0,0,0,0,0,0,0,0,0,0,0,0,0,0,0,0,0,0,0,0,0,0
1986,26,21,10,29.998,2,7,0,-1,1,0,1,1,25,0,0,0,1028,0,0,0,0,0,1,1,0,0,0,-160.4126758,0,0,0,0,3,1,1,5,10,0,0,0,3,1,1,5,1000,0,0,0,0,0,0,0,0,0,0,0,0,0,0,0,0,0,0,0,0,0,0,0,0,0,0,0,0,0,0,0,0,0,0,0,0,0,0,0,0,0,0,0,0,0,0,0,0,0,0,0
1986,26,21,12,5.998,2,7,0,-1,1,0,1,1,25,0,0,0,1028,0,0,0,0,0,1,1,0,0,0,-160.4997996,0,0,0,0,3,1,1,5,10,0,0,0,3,1,1,5,1000,0,0,0,0,0,0,0,0,0,0,0,0,0,0,0,0,0,0,0,0,0,0,0,0,0,0,0,0,0,0,0,0,0,0,0,0,0,0,0,0,0,0,0,0,0,0,0,0,0,0,0
1986,26,21,13,41.998,2,7,0,-1,1,0,1,1,25,0,0,0,1028,0,0,0,0,0,1,1,0,0,0,-160.5869225,0,0,0,0,3,1,1,5,10,0,0,0,3,1,1,5,1000,0,0,0,0,0,0,0,0,0,0,0,0,0,0,0,0,0,0,0,0,0,0,0,0,0,0,0,0,0,0,0,0,0,0,0,0,0,0,0,0,0,0,0,0,0,0,0,0,0,0,0
1986,26,21,15,17.997,2,7,0,-1,1,0,1,1,25,0,0,0,1028,0,0,0,0,0,1,1,0,0,0,-160.6740451,0,0,0,0,3,1,1,5,10,0,0,0,3,1,1,5,1000,0,0,0,0,0,0,0,0,0,0,0,0,0,0,0,0,0,0,0,0,0,0,0,0,0,0,0,0,0,0,0,0,0,0,0,0,0,0,0,0,0,0,0,0,0,0,0,0,0,0,0
1986,26,21,19,17.997,2,7,0,-1,1,0,1,1,25,0,0,0,1028,0,0,0,0,0,1,1,0,0,0,-160.8918512,0,0,0,0,3,1,1,5,10,0,0,0,3,1,1,5,1000,0,0,0,0,0,0,0,0,0,0,0,0,0,0,0,0,0,0,0,0,0,0,0,0,0,0,0,0,0,0,0,0,0,0,0,0,0,0,0,0,0,0,0,0,0,0,0,0,0,0,0
1986,26,21,20,53.997,2,7,0,-1,1,0,1,1,25,0,0,0,1028,0,0,0,0,0,1,1,0,0,0,-160.978973,0,0,0,0,3,1,1,5,10,0,0,0,3,1,1,5,1000,0,0,0,0,0,0,0,0,0,0,0,0,0,0,0,0,0,0,0,0,0,0,0,0,0,0,0,0,0,0,0,0,0,0,0,0,0,0,0,0,0,0,0,0,0,0,0,0,0,0,0
1986,26,21,22,29.997,2,7,0,-1,1,0,1,1,25,0,0,0,1028,0,0,0,0,0,1,1,0,0,0,-161.0660945,0,0,0,0,3,1,1,5,10,0,0,0,3,1,1,5,1000,0,0,0,0,0,0,0,0,0,0,0,0,0,0,0,0,0,0,0,0,0,0,0,0,0,0,0,0,0,0,0,0,0,0,0,0,0,0,0,0,0,0,0,0,0,0,0,0,0,0,0
1986,26,21,24,5.997,2,7,0,-1,1,0,1,1,25,0,0,0,1028,0,0,0,0,0,1,1,0,0,0,-161.1532156,0,0,0,0,3,1,1,5,10,0,0,0,3,1,1,5,1000,0,0,0,0,0,0,0,0,0,0,0,0,0,0,0,0,0,0,0,0,0,0,0,0,0,0,0,0,0,0,0,0,0,0,0,0,0,0,0,0,0,0,0,0,0,0,0,0,0,0,0
1986,26,21,25,41.997,2,7,0,-1,1,0,1,1,25,0,0,0,1028,0,0,0,0,0,1,1,0,0,0,-161.2403364,0,0,0,0,3,1,1,5,10,0,0,0,3,1,1,5,1000,0,0,0,0,0,0,0,0,0,0,0,0,0,0,0,0,0,0,0,0,0,0,0,0,0,0,0,0,0,0,0,0,0,0,0,0,0,0,0,0,0,0,0,0,0,0,0,0,0,0,0
1986,26,21,27,17.997,2,7,0,-1,1,0,1,1,25,0,0,0,1028,0,0,0,0,0,1,1,0,0,0,-161.3274568,0,0,0,0,3,1,1,5,10,0,0,0,3,1,1,5,1000,0,0,0,0,0,0,0,0,0,0,0,0,0,0,0,0,0,0,0,0,0,0,0,0,0,0,0,0,0,0,0,0,0,0,0,0,0,0,0,0,0,0,0,0,0,0,0,0,0,0,0
1986,26,21,31,17.996,2,7,0,-1,1,0,1,1,25,0,0,0,1028,0,0,0,0,0,1,1,0,0,0,-161.5452553,0,0,0,0,3,1,1,5,10,0,0,0,3,1,1,5,1000,0,0,0,0,0,0,0,0,0,0,0,0,0,0,0,0,0,0,0,0,0,0,0,0,0,0,0,0,0,0,0,0,0,0,0,0,0,0,0,0,0,0,0,0,0,0,0,0,0,0,0
1986,26,21,32,53.996,2,7,0,-1,1,0,1,1,25,0,0,0,1028,0,0,0,0,0,1,1,0,0,0,-161.6323745,0,0,0,0,3,1,1,5,10,0,0,0,3,1,1,5,1000,0,0,0,0,0,0,0,0,0,0,0,0,0,0,0,0,0,0,0,0,0,0,0,0,0,0,0,0,0,0,0,0,0,0,0,0,0,0,0,0,0,0,0,0,0,0,0,0,0,0,0
1986,26,21,34,29.996,2,7,0,-1,1,0,1,1,25,0,0,0,1028,0,0,0,0,0,1,1,0,0,0,-161.7194934,0,0,0,0,3,1,1,5,10,0,0,0,3,1,1,5,1000,0,0,0,0,0,0,0,0,0,0,0,0,0,0,0,0,0,0,0,0,0,0,0,0,0,0,0,0,0,0,0,0,0,0,0,0,0,0,0,0,0,0,0,0,0,0,0,0,0,0,0
1986,26,21,36,5.996,2,7,0,-1,1,0,1,1,25,0,0,0,1028,0,0,0,0,0,1,1,0,0,0,-161.8066118,0,0,0,0,3,1,1,5,10,0,0,0,3,1,1,5,1000,0,0,0,0,0,0,0,0,0,0,0,0,0,0,0,0,0,0,0,0,0,0,0,0,0,0,0,0,0,0,0,0,0,0,0,0,0,0,0,0,0,0,0,0,0,0,0,0,0,0,0
1986,26,21,37,41.996,2,7,0,-1,1,0,1,1,25,0,0,0,1028,0,0,0,0,0,1,1,0,0,0,-161.89373,0,0,0,0,3,1,1,5,10,0,0,0,3,1,1,5,1000,0,0,0,0,0,0,0,0,0,0,0,0,0,0,0,0,0,0,0,0,0,0,0,0,0,0,0,0,0,0,0,0,0,0,0,0,0,0,0,0,0,0,0,0,0,0,0,0,0,0,0
1986,26,21,39,17.996,2,7,0,-1,1,0,1,1,25,0,0,0,1028,0,0,0,0,0,1,1,0,0,0,-161.9808478,0,0,0,0,3,1,1,5,10,0,0,0,3,1,1,5,1000,0,0,0,0,0,0,0,0,0,0,0,0,0,0,0,0,0,0,0,0,0,0,0,0,0,0,0,0,0,0,0,0,0,0,0,0,0,0,0,0,0,0,0,0,0,0,0,0,0,0,0
1986,26,21,43,17.996,2,7,0,-1,1,0,1,1,25,0,0,0,1028,0,0,0,0,0,1,1,0,0,0,-162.1986407,0,0,0,0,3,1,1,5,10,0,0,0,3,1,1,5,1000,0,0,0,0,0,0,0,0,0,0,0,0,0,0,0,0,0,0,0,0,0,0,0,0,0,0,0,0,0,0,0,0,0,0,0,0,0,0,0,0,0,0,0,0,0,0,0,0,0,0,0
1986,26,21,44,53.995,2,7,0,-1,1,0,1,1,25,0,0,0,1028,0,0,0,0,0,1,1,0,0,0,-162.2857564,0,0,0,0,3,1,1,5,10,0,0,0,3,1,1,5,1000,0,0,0,0,0,0,0,0,0,0,0,0,0,0,0,0,0,0,0,0,0,0,0,0,0,0,0,0,0,0,0,0,0,0,0,0,0,0,0,0,0,0,0,0,0,0,0,0,0,0,0
1986,26,21,46,29.995,2,7,0,-1,1,0,1,1,25,0,0,0,1028,0,0,0,0,0,1,1,0,0,0,-162.3728726,0,0,0,0,3,1,1,5,10,0,0,0,3,1,1,5,1000,0,0,0,0,0,0,0,0,0,0,0,0,0,0,0,0,0,0,0,0,0,0,0,0,0,0,0,0,0,0,0,0,0,0,0,0,0,0,0,0,0,0,0,0,0,0,0,0,0,0,0
1986,26,21,48,5.995,2,7,0,-1,1,0,1,1,25,0,0,0,1028,0,0,0,0,0,1,1,0,0,0,-162.4599884,0,0,0,0,3,1,1,5,10,0,0,0,3,1,1,5,1000,0,0,0,0,0,0,0,0,0,0,0,0,0,0,0,0,0,0,0,0,0,0,0,0,0,0,0,0,0,0,0,0,0,0,0,0,0,0,0,0,0,0,0,0,0,0,0,0,0,0,0
1986,26,21,49,41.995,2,7,0,-1,1,0,1,1,25,0,0,0,1028,0,0,0,0,0,1,1,0,0,0,-162.547104,0,0,0,0,3,1,1,5,10,0,0,0,3,1,1,5,1000,0,0,0,0,0,0,0,0,0,0,0,0,0,0,0,0,0,0,0,0,0,0,0,0,0,0,0,0,0,0,0,0,0,0,0,0,0,0,0,0,0,0,0,0,0,0,0,0,0,0,0
1986,26,21,51,17.995,2,7,0,-1,1,0,1,1,25,0,0,0,1028,0,0,0,0,0,1,1,0,0,0,-162.6342191,0,0,0,0,3,1,1,5,10,0,0,0,3,1,1,5,1000,0,0,0,0,0,0,0,0,0,0,0,0,0,0,0,0,0,0,0,0,0,0,0,0,0,0,0,0,0,0,0,0,0,0,0,0,0,0,0,0,0,0,0,0,0,0,0,0,0,0,0
1986,26,21,55,17.995,2,7,0,-1,1,0,1,1,25,0,0,0,1028,0,0,0,0,0,1,1,0,0,0,-162.8520056,0,0,0,0,3,1,1,5,10,0,0,0,3,1,1,5,1000,0,0,0,0,0,0,0,0,0,0,0,0,0,0,0,0,0,0,0,0,0,0,0,0,0,0,0,0,0,0,0,0,0,0,0,0,0,0,0,0,0,0,0,0,0,0,0,0,0,0,0
1986,26,21,56,53.995,2,7,0,-1,1,0,1,1,25,0,0,0,1028,0,0,0,0,0,1,1,0,0,0,-162.9391195,0,0,0,0,3,1,1,5,10,0,0,0,3,1,1,5,1000,0,0,0,0,0,0,0,0,0,0,0,0,0,0,0,0,0,0,0,0,0,0,0,0,0,0,0,0,0,0,0,0,0,0,0,0,0,0,0,0,0,0,0,0,0,0,0,0,0,0,0
1986,26,21,58,29.995,2,7,0,-1,1,0,1,1,25,0,0,0,1028,0,0,0,0,0,1,1,0,0,0,-163.0262332,0,0,0,0,3,1,1,5,10,0,0,0,3,1,1,5,1000,0,0,0,0,0,0,0,0,0,0,0,0,0,0,0,0,0,0,0,0,0,0,0,0,0,0,0,0,0,0,0,0,0,0,0,0,0,0,0,0,0,0,0,0,0,0,0,0,0,0,0
1986,26,22,0,5.994,2,7,0,-1,1,0,1,1,25,0,0,0,1028,0,0,0,0,0,1,1,0,0,0,-163.1133455,0,0,0,0,3,1,1,5,10,0,0,0,3,1,1,5,1000,0,0,0,0,0,0,0,0,0,0,0,0,0,0,0,0,0,0,0,0,0,0,0,0,0,0,0,0,0,0,0,0,0,0,0,0,0,0,0,0,0,0,0,0,0,0,0,0,0,0,0
1986,26,22,1,41.994,2,7,0,-1,1,0,1,1,25,0,0,0,1028,0,0,0,0,0,1,1,0,0,0,-163.2004585,0,0,0,0,3,1,1,5,10,0,0,0,3,1,1,5,1000,0,0,0,0,0,0,0,0,0,0,0,0,0,0,0,0,0,0,0,0,0,0,0,0,0,0,0,0,0,0,0,0,0,0,0,0,0,0,0,0,0,0,0,0,0,0,0,0,0,0,0
1986,26,22,3,17.994,2,7,0,-1,1,0,1,1,25,0,0,0,1028,0,0,0,0,0,1,1,0,0,0,-163.2875711,0,0,0,0,3,1,1,5,10,0,0,0,3,1,1,5,1000,0,0,0,0,0,0,0,0,0,0,0,0,0,0,0,0,0,0,0,0,0,0,0,0,0,0,0,0,0,0,0,0,0,0,0,0,0,0,0,0,0,0,0,0,0,0,0,0,0,0,0
1986,26,22,7,17.994,2,7,0,-1,1,0,1,1,25,0,0,0,1028,0,0,0,0,0,1,1,0,0,0,-163.505351,0,0,0,0,3,1,1,5,10,0,0,0,3,1,1,5,1000,0,0,0,0,0,0,0,0,0,0,0,0,0,0,0,0,0,0,0,0,0,0,0,0,0,0,0,0,0,0,0,0,0,0,0,0,0,0,0,0,0,0,0,0,0,0,0,0,0,0,0
1986,26,22,8,53.994,2,7,0,-1,1,0,1,1,25,0,0,0,1028,0,0,0,0,0,1,1,0,0,0,-163.5924624,0,0,0,0,3,1,1,5,10,0,0,0,3,1,1,5,1000,0,0,0,0,0,0,0,0,0,0,0,0,0,0,0,0,0,0,0,0,0,0,0,0,0,0,0,0,0,0,0,0,0,0,0,0,0,0,0,0,0,0,0,0,0,0,0,0,0,0,0
1986,26,22,10,29.994,2,7,0,-1,1,0,1,1,25,0,0,0,1028,0,0,0,0,0,1,1,0,0,0,-163.6795735,0,0,0,0,3,1,1,5,10,0,0,0,3,1,1,5,1000,0,0,0,0,0,0,0,0,0,0,0,0,0,0,0,0,0,0,0,0,0,0,0,0,0,0,0,0,0,0,0,0,0,0,0,0,0,0,0,0,0,0,0,0,0,0,0,0,0,0,0
1986,26,22,12,5.994,2,7,0,-1,1,0,1,1,25,0,0,0,1028,0,0,0,0,0,1,1,0,0,0,-163.7666842,0,0,0,0,3,1,1,5,10,0,0,0,3,1,1,5,1000,0,0,0,0,0,0,0,0,0,0,0,0,0,0,0,0,0,0,0,0,0,0,0,0,0,0,0,0,0,0,0,0,0,0,0,0,0,0,0,0,0,0,0,0,0,0,0,0,0,0,0
1986,26,22,13,41.994,2,7,0,-1,1,0,1,1,25,0,0,0,1028,0,0,0,0,0,1,1,0,0,0,-163.8537945,0,0,0,0,3,1,1,5,10,0,0,0,3,1,1,5,1000,0,0,0,0,0,0,0,0,0,0,0,0,0,0,0,0,0,0,0,0,0,0,0,0,0,0,0,0,0,0,0,0,0,0,0,0,0,0,0,0,0,0,0,0,0,0,0,0,0,0,0
1986,26,22,15,17.993,2,7,0,-1,1,0,1,1,25,0,0,0,1028,0,0,0,0,0,1,1,0,0,0,-163.9409037,0,0,0,0,3,1,1,5,10,0,0,0,3,1,1,5,1000,0,0,0,0,0,0,0,0,0,0,0,0,0,0,0,0,0,0,0,0,0,0,0,0,0,0,0,0,0,0,0,0,0,0,0,0,0,0,0,0,0,0,0,0,0,0,0,0,0,0,0
1986,26,22,19,17.993,2,7,0,-1,1,0,1,1,25,0,0,0,1028,0,0,0,0,0,1,1,0,0,0,-164.1586772,0,0,0,0,3,1,1,5,10,0,0,0,3,1,1,5,1000,0,0,0,0,0,0,0,0,0,0,0,0,0,0,0,0,0,0,0,0,0,0,0,0,0,0,0,0,0,0,0,0,0,0,0,0,0,0,0,0,0,0,0,0,0,0,0,0,0,0,0
1986,26,22,20,53.993,2,7,0,-1,1,0,1,1,25,0,0,0,1028,0,0,0,0,0,1,1,0,0,0,-164.245786,0,0,0,0,3,1,1,5,10,0,0,0,3,1,1,5,1000,0,0,0,0,0,0,0,0,0,0,0,0,0,0,0,0,0,0,0,0,0,0,0,0,0,0,0,0,0,0,0,0,0,0,0,0,0,0,0,0,0,0,0,0,0,0,0,0,0,0,0
1986,26,22,22,29.993,2,7,0,-1,1,0,1,1,25,0,0,0,1028,0,0,0,0,0,1,1,0,0,0,-164.3328945,0,0,0,0,3,1,1,5,10,0,0,0,3,1,1,5,1000,0,0,0,0,0,0,0,0,0,0,0,0,0,0,0,0,0,0,0,0,0,0,0,0,0,0,0,0,0,0,0,0,0,0,0,0,0,0,0,0,0,0,0,0,0,0,0,0,0,0,0
1986,26,22,24,5.993,2,7,0,-1,1,0,1,1,25,0,0,0,1028,0,0,0,0,0,1,1,0,0,0,-164.4200027,0,0,0,0,3,1,1,5,10,0,0,0,3,1,1,5,1000,0,0,0,0,0,0,0,0,0,0,0,0,0,0,0,0,0,0,0,0,0,0,0,0,0,0,0,0,0,0,0,0,0,0,0,0,0,0,0,0,0,0,0,0,0,0,0,0,0,0,0
1986,26,22,25,41.993,2,7,0,-1,1,0,1,1,25,0,0,0,1028,0,0,0,0,0,1,1,0,0,0,-164.5071105,0,0,0,0,3,1,1,5,10,0,0,0,3,1,1,5,1000,0,0,0,0,0,0,0,0,0,0,0,0,0,0,0,0,0,0,0,0,0,0,0,0,0,0,0,0,0,0,0,0,0,0,0,0,0,0,0,0,0,0,0,0,0,0,0,0,0,0,0
1986,26,22,27,17.993,2,7,0,-1,1,0,1,1,25,0,0,0,1028,0,0,0,0,0,1,1,0,0,0,-164.594218,0,0,0,0,3,1,1,5,10,0,0,0,3,1,1,5,1000,0,0,0,0,0,0,0,0,0,0,0,0,0,0,0,0,0,0,0,0,0,0,0,0,0,0,0,0,0,0,0,0,0,0,0,0,0,0,0,0,0,0,0,0,0,0,0,0,0,0,0
1986,26,22,31,17.992,2,7,0,-1,1,0,1,1,25,0,0,0,1028,0,0,0,0,0,1,1,0,0,0,-164.8119842,0,0,0,0,3,1,1,5,10,0,0,0,3,1,1,5,1000,0,0,0,0,0,0,0,0,0,0,0,0,0,0,0,0,0,0,0,0,0,0,0,0,0,0,0,0,0,0,0,0,0,0,0,0,0,0,0,0,0,0,0,0,0,0,0,0,0,0,0
1986,26,22,32,53.992,2,7,0,-1,1,0,1,1,25,0,0,0,1028,0,0,0,0,0,1,1,0,0,0,-164.8990905,0,0,0,0,3,1,1,5,10,0,0,0,3,1,1,5,1000,0,0,0,0,0,0,0,0,0,0,0,0,0,0,0,0,0,0,0,0,0,0,0,0,0,0,0,0,0,0,0,0,0,0,0,0,0,0,0,0,0,0,0,0,0,0,0,0,0,0,0
1986,26,22,34,29.992,2,7,0,-1,1,0,1,1,25,0,0,0,1028,0,0,0,0,0,1,1,0,0,0,-164.9861965,0,0,0,0,3,1,1,5,10,0,0,0,3,1,1,5,1000,0,0,0,0,0,0,0,0,0,0,0,0,0,0,0,0,0,0,0,0,0,0,0,0,0,0,0,0,0,0,0,0,0,0,0,0,0,0,0,0,0,0,0,0,0,0,0,0,0,0,0
1986,26,22,36,5.992,2,7,0,-1,1,0,1,1,25,0,0,0,1028,0,0,0,0,0,1,1,0,0,0,-165.0733021,0,0,0,0,3,1,1,5,10,0,0,0,3,1,1,5,1000,0,0,0,0,0,0,0,0,0,0,0,0,0,0,0,0,0,0,0,0,0,0,0,0,0,0,0,0,0,0,0,0,0,0,0,0,0,0,0,0,0,0,0,0,0,0,0,0,0,0,0
1986,26,22,37,41.992,2,7,0,-1,1,0,1,1,25,0,0,0,1028,0,0,0,0,0,1,1,0,0,0,-165.1604073,0,0,0,0,3,1,1,5,10,0,0,0,3,1,1,5,1000,0,0,0,0,0,0,0,0,0,0,0,0,0,0,0,0,0,0,0,0,0,0,0,0,0,0,0,0,0,0,0,0,0,0,0,0,0,0,0,0,0,0,0,0,0,0,0,0,0,0,0
1986,26,22,39,17.992,2,7,0,-1,1,0,1,1,25,0,0,0,1028,0,0,0,0,0,1,1,0,0,0,-165.2475123,0,0,0,0,3,1,1,5,10,0,0,0,3,1,1,5,1000,0,0,0,0,0,0,0,0,0,0,0,0,0,0,0,0,0,0,0,0,0,0,0,0,0,0,0,0,0,0,0,0,0,0,0,0,0,0,0,0,0,0,0,0,0,0,0,0,0,0,0
1986,26,22,43,17.992,2,7,0,-1,1,0,1,1,25,0,0,0,1028,0,0,0,0,0,1,1,0,0,0,-165.4652731,0,0,0,0,3,1,1,5,10,0,0,0,3,1,1,5,1000,0,0,0,0,0,0,0,0,0,0,0,0,0,0,0,0,0,0,0,0,0,0,0,0,0,0,0,0,0,0,0,0,0,0,0,0,0,0,0,0,0,0,0,0,0,0,0,0,0,0,0
1986,26,22,44,53.991,2,7,0,-1,1,0,1,1,25,0,0,0,1028,0,0,0,0,0,1,1,0,0,0,-165.552376,0,0,0,0,3,1,1,5,10,0,0,0,3,1,1,5,1000,0,0,0,0,0,0,0,0,0,0,0,0,0,0,0,0,0,0,0,0,0,0,0,0,0,0,0,0,0,0,0,0,0,0,0,0,0,0,0,0,0,0,0,0,0,0,0,0,0,0,0
1986,26,22,46,29.991,2,7,0,-1,1,0,1,1,25,0,0,0,1028,0,0,0,0,0,1,1,0,0,0,-165.6394794,0,0,0,0,3,1,1,5,10,0,0,0,3,1,1,5,1000,0,0,0,0,0,0,0,0,0,0,0,0,0,0,0,0,0,0,0,0,0,0,0,0,0,0,0,0,0,0,0,0,0,0,0,0,0,0,0,0,0,0,0,0,0,0,0,0,0,0,0
1986,26,22,48,5.991,2,7,0,-1,1,0,1,1,25,0,0,0,1028,0,0,0,0,0,1,1,0,0,0,-165.7265825,0,0,0,0,3,1,1,5,10,0,0,0,3,1,1,5,1000,0,0,0,0,0,0,0,0,0,0,0,0,0,0,0,0,0,0,0,0,0,0,0,0,0,0,0,0,0,0,0,0,0,0,0,0,0,0,0,0,0,0,0,0,0,0,0,0,0,0,0
1986,26,22,49,41.991,2,7,0,-1,1,0,1,1,25,0,0,0,1028,0,0,0,0,0,1,1,0,0,0,-165.8136852,0,0,0,0,3,1,1,5,10,0,0,0,3,1,1,5,1000,0,0,0,0,0,0,0,0,0,0,0,0,0,0,0,0,0,0,0,0,0,0,0,0,0,0,0,0,0,0,0,0,0,0,0,0,0,0,0,0,0,0,0,0,0,0,0,0,0,0,0
1986,26,22,51,17.991,2,7,0,-1,1,0,1,1,25,0,0,0,1028,0,0,0,0,0,1,1,0,0,0,-165.9007876,0,0,0,0,3,1,1,5,10,0,0,0,3,1,1,5,1000,0,0,0,0,0,0,0,0,0,0,0,0,0,0,0,0,0,0,0,0,0,0,0,0,0,0,0,0,0,0,0,0,0,0,0,0,0,0,0,0,0,0,0,0,0,0,0,0,0,0,0
1986,26,22,55,17.991,2,7,0,-1,1,0,1,1,25,0,0,0,1028,0,0,0,0,0,1,1,0,0,0,-166.1185422,0,0,0,0,3,1,1,5,10,0,0,0,3,1,1,5,1000,0,0,0,0,0,0,0,0,0,0,0,0,0,0,0,0,0,0,0,0,0,0,0,0,0,0,0,0,0,0,0,0,0,0,0,0,0,0,0,0,0,0,0,0,0,0,0,0,0,0,0
1986,26,22,56,53.991,2,7,0,-1,1,0,1,1,25,0,0,0,1028,0,0,0,0,0,1,1,0,0,0,-166.2056435,0,0,0,0,3,1,1,5,10,0,0,0,3,1,1,5,1000,0,0,0,0,0,0,0,0,0,0,0,0,0,0,0,0,0,0,0,0,0,0,0,0,0,0,0,0,0,0,0,0,0,0,0,0,0,0,0,0,0,0,0,0,0,0,0,0,0,0,0
1986,26,22,58,29.991,2,7,0,-1,1,0,1,1,25,0,0,0,1028,0,0,0,0,0,1,1,0,0,0,-166.2927444,0,0,0,0,3,1,1,5,10,0,0,0,3,1,1,5,1000,0,0,0,0,0,0,0,0,0,0,0,0,0,0,0,0,0,0,0,0,0,0,0,0,0,0,0,0,0,0,0,0,0,0,0,0,0,0,0,0,0,0,0,0,0,0,0,0,0,0,0
1986,26,23,0,5.99,2,7,0,-1,1,0,1,1,25,0,0,0,1028,0,0,0,0,0,1,1,0,0,0,-166.3798441,0,0,0,0,3,1,1,5,10,0,0,0,3,1,1,5,1000,0,0,0,0,0,0,0,0,0,0,0,0,0,0,0,0,0,0,0,0,0,0,0,0,0,0,0,0,0,0,0,0,0,0,0,0,0,0,0,0,0,0,0,0,0,0,0,0,0,0,0
1986,26,23,1,41.99,2,7,0,-1,1,0,1,1,25,0,0,0,1028,0,0,0,0,0,1,1,0,0,0,-166.4669443,0,0,0,0,3,1,1,5,10,0,0,0,3,1,1,5,1000,0,0,0,0,0,0,0,0,0,0,0,0,0,0,0,0,0,0,0,0,0,0,0,0,0,0,0,0,0,0,0,0,0,0,0,0,0,0,0,0,0,0,0,0,0,0,0,0,0,0,0
1986,26,23,3,17.99,2,7,0,-1,1,0,1,1,25,0,0,0,1028,0,0,0,0,0,1,1,0,0,0,-166.5540442,0,0,0,0,3,1,1,5,10,0,0,0,3,1,1,5,1000,0,0,0,0,0,0,0,0,0,0,0,0,0,0,0,0,0,0,0,0,0,0,0,0,0,0,0,0,0,0,0,0,0,0,0,0,0,0,0,0,0,0,0,0,0,0,0,0,0,0,0
1986,26,23,7,17.99,2,7,0,-1,1,0,1,1,25,0,0,0,1028,0,0,0,0,0,1,1,0,0,0,-166.7717925,0,0,0,0,3,1,1,5,10,0,0,0,3,1,1,5,1000,0,0,0,0,0,0,0,0,0,0,0,0,0,0,0,0,0,0,0,0,0,0,0,0,0,0,0,0,0,0,0,0,0,0,0,0,0,0,0,0,0,0,0,0,0,0,0,0,0,0,0
1986,26,23,8,53.99,2,7,0,-1,1,0,1,1,25,0,0,0,1028,0,0,0,0,0,1,1,0,0,0,-166.8588913,0,0,0,0,3,1,1,5,10,0,0,0,3,1,1,5,1000,0,0,0,0,0,0,0,0,0,0,0,0,0,0,0,0,0,0,0,0,0,0,0,0,0,0,0,0,0,0,0,0,0,0,0,0,0,0,0,0,0,0,0,0,0,0,0,0,0,0,0
1986,26,23,10,29.99,2,7,0,-1,1,0,1,1,25,0,0,0,1028,0,0,0,0,0,1,1,0,0,0,-166.9459897,0,0,0,0,3,1,1,5,10,0,0,0,3,1,1,5,1000,0,0,0,0,0,0,0,0,0,0,0,0,0,0,0,0,0,0,0,0,0,0,0,0,0,0,0,0,0,0,0,0,0,0,0,0,0,0,0,0,0,0,0,0,0,0,0,0,0,0,0
1986,26,23,12,5.99,2,7,0,-1,1,0,1,1,25,0,0,0,1028,0,0,0,0,0,1,1,0,0,0,-167.0330878,0,0,0,0,3,1,1,5,10,0,0,0,3,1,1,5,1000,0,0,0,0,0,0,0,0,0,0,0,0,0,0,0,0,0,0,0,0,0,0,0,0,0,0,0,0,0,0,0,0,0,0,0,0,0,0,0,0,0,0,0,0,0,0,0,0,0,0,0
1986,26,23,13,41.99,2,7,0,-1,1,0,1,1,25,0,0,0,1028,0,0,0,0,0,1,1,0,0,0,-167.1201856,0,0,0,0,3,1,1,5,10,0,0,0,3,1,1,5,1000,0,0,0,0,0,0,0,0,0,0,0,0,0,0,0,0,0,0,0,0,0,0,0,0,0,0,0,0,0,0,0,0,0,0,0,0,0,0,0,0,0,0,0,0,0,0,0,0,0,0,0
1986,26,23,15,17.989,2,7,0,-1,1,0,1,1,25,0,0,0,1028,0,0,0,0,0,1,1,0,0,0,-167.2072821,0,0,0,0,3,1,1,5,10,0,0,0,3,1,1,5,1000,0,0,0,0,0,0,0,0,0,0,0,0,0,0,0,0,0,0,0,0,0,0,0,0,0,0,0,0,0,0,0,0,0,0,0,0,0,0,0,0,0,0,0,0,0,0,0,0,0,0,0
1986,26,23,19,17.989,2,7,0,-1,1,0,1,1,25,0,0,0,1028,0,0,0,0,0,1,1,0,0,0,-167.4250242,0,0,0,0,3,1,1,5,10,0,0,0,3,1,1,5,1000,0,0,0,0,0,0,0,0,0,0,0,0,0,0,0,0,0,0,0,0,0,0,0,0,0,0,0,0,0,0,0,0,0,0,0,0,0,0,0,0,0,0,0,0,0,0,0,0,0,0,0
1986,26,23,20,53.989,2,7,0,-1,1,0,1,1,25,0,0,0,1028,0,0,0,0,0,1,1,0,0,0,-167.5121205,0,0,0,0,3,1,1,5,10,0,0,0,3,1,1,5,1000,0,0,0,0,0,0,0,0,0,0,0,0,0,0,0,0,0,0,0,0,0,0,0,0,0,0,0,0,0,0,0,0,0,0,0,0,0,0,0,0,0,0,0,0,0,0,0,0,0,0,0
1986,26,23,22,29.989,2,7,0,-1,1,0,1,1,25,0,0,0,1028,0,0,0,0,0,1,1,0,0,0,-167.5992165,0,0,0,0,3,1,1,5,10,0,0,0,3,1,1,5,1000,0,0,0,0,0,0,0,0,0,0,0,0,0,0,0,0,0,0,0,0,0,0,0,0,0,0,0,0,0,0,0,0,0,0,0,0,0,0,0,0,0,0,0,0,0,0,0,0,0,0,0
1986,26,23,24,5.989,2,7,0,-1,1,0,1,1,25,0,0,0,1028,0,0,0,0,0,1,1,0,0,0,-167.6863121,0,0,0,0,3,1,1,5,10,0,0,0,3,1,1,5,1000,0,0,0,0,0,0,0,0,0,0,0,0,0,0,0,0,0,0,0,0,0,0,0,0,0,0,0,0,0,0,0,0,0,0,0,0,0,0,0,0,0,0,0,0,0,0,0,0,0,0,0
1986,26,23,25,41.989,2,7,0,-1,1,0,1,1,25,0,0,0,1028,0,0,0,0,0,1,1,0,0,0,-167.7734074,0,0,0,0,3,1,1,5,10,0,0,0,3,1,1,5,1000,0,0,0,0,0,0,0,0,0,0,0,0,0,0,0,0,0,0,0,0,0,0,0,0,0,0,0,0,0,0,0,0,0,0,0,0,0,0,0,0,0,0,0,0,0,0,0,0,0,0,0
1986,26,23,27,17.989,2,7,0,-1,1,0,1,1,25,0,0,0,1028,0,0,0,0,0,1,1,0,0,0,-167.8605023,0,0,0,0,3,1,1,5,10,0,0,0,3,1,1,5,1000,0,0,0,0,0,0,0,0,0,0,0,0,0,0,0,0,0,0,0,0,0,0,0,0,0,0,0,0,0,0,0,0,0,0,0,0,0,0,0,0,0,0,0,0,0,0,0,0,0,0,0
1986,26,23,31,17.988,2,7,0,-1,1,0,1,1,25,0,0,0,1028,0,0,0,0,0,1,1,0,0,0,-168.0782374,0,0,0,0,3,1,1,5,10,0,0,0,3,1,1,5,1000,0,0,0,0,0,0,0,0,0,0,0,0,0,0,0,0,0,0,0,0,0,0,0,0,0,0,0,0,0,0,0,0,0,0,0,0,0,0,0,0,0,0,0,0,0,0,0,0,0,0,0
1986,26,23,32,53.988,2,7,0,-1,1,0,1,1,25,0,0,0,1028,0,0,0,0,0,1,1,0,0,0,-168.1653312,0,0,0,0,3,1,1,5,10,0,0,0,3,1,1,5,1000,0,0,0,0,0,0,0,0,0,0,0,0,0,0,0,0,0,0,0,0,0,0,0,0,0,0,0,0,0,0,0,0,0,0,0,0,0,0,0,0,0,0,0,0,0,0,0,0,0,0,0
1986,26,23,34,29.988,2,7,0,-1,1,0,1,1,25,0,0,0,1028,0,0,0,0,0,1,1,0,0,0,-168.2524247,0,0,0,0,3,1,1,5,10,0,0,0,3,1,1,5,1000,0,0,0,0,0,0,0,0,0,0,0,0,0,0,0,0,0,0,0,0,0,0,0,0,0,0,0,0,0,0,0,0,0,0,0,0,0,0,0,0,0,0,0,0,0,0,0,0,0,0,0
1986,26,23,36,5.988,2,7,0,-1,1,0,1,1,25,0,0,0,1028,0,0,0,0,0,1,1,0,0,0,-168.3395179,0,0,0,0,3,1,1,5,10,0,0,0,3,1,1,5,1000,0,0,0,0,0,0,0,0,0,0,0,0,0,0,0,0,0,0,0,0,0,0,0,0,0,0,0,0,0,0,0,0,0,0,0,0,0,0,0,0,0,0,0,0,0,0,0,0,0,0,0
1986,26,23,37,41.988,2,7,0,-1,1,0,1,1,25,0,0,0,1028,0,0,0,0,0,1,1,0,0,0,-168.4266107,0,0,0,0,3,1,1,5,10,0,0,0,3,1,1,5,1000,0,0,0,0,0,0,0,0,0,0,0,0,0,0,0,0,0,0,0,0,0,0,0,0,0,0,0,0,0,0,0,0,0,0,0,0,0,0,0,0,0,0,0,0,0,0,0,0,0,0,0
1986,26,23,39,17.988,2,7,0,-1,1,0,1,1,25,0,0,0,1028,0,0,0,0,0,1,1,0,0,0,-168.5137032,0,0,0,0,3,1,1,5,10,0,0,0,3,1,1,5,1000,0,0,0,0,0,0,0,0,0,0,0,0,0,0,0,0,0,0,0,0,0,0,0,0,0,0,0,0,0,0,0,0,0,0,0,0,0,0,0,0,0,0,0,0,0,0,0,0,0,0,0
1986,26,23,43,17.988,2,7,0,-1,1,0,1,1,25,0,0,0,1028,0,0,0,0,0,1,1,0,0,0,-168.7314331,0,0,0,0,3,1,1,5,10,0,0,0,3,1,1,5,1000,0,0,0,0,0,0,0,0,0,0,0,0,0,0,0,0,0,0,0,0,0,0,0,0,0,0,0,0,0,0,0,0,0,0,0,0,0,0,0,0,0,0,0,0,0,0,0,0,0,0,0
1986,26,23,44,53.988,2,7,0,-1,1,0,1,1,25,0,0,0,1028,0,0,0,0,0,1,1,0,0,0,-168.818524,0,0,0,0,3,1,1,5,10,0,0,0,3,1,1,5,1000,0,0,0,0,0,0,0,0,0,0,0,0,0,0,0,0,0,0,0,0,0,0,0,0,0,0,0,0,0,0,0,0,0,0,0,0,0,0,0,0,0,0,0,0,0,0,0,0,0,0,0
1986,26,23,46,29.987,2,7,0,-1,1,0,1,1,25,0,0,0,1028,0,0,0,0,0,1,1,0,0,0,-168.9056146,0,0,0,0,3,1,1,5,10,0,0,0,3,1,1,5,1000,0,0,0,0,0,0,0,0,0,0,0,0,0,0,0,0,0,0,0,0,0,0,0,0,0,0,0,0,0,0,0,0,0,0,0,0,0,0,0,0,0,0,0,0,0,0,0,0,0,0,0
1986,26,23,48,5.987,2,7,0,-1,1,0,1,1,25,0,0,0,1028,0,0,0,0,0,1,1,0,0,0,-168.9927053,0,0,0,0,3,1,1,5,10,0,0,0,3,1,1,5,1000,0,0,0,0,0,0,0,0,0,0,0,0,0,0,0,0,0,0,0,0,0,0,0,0,0,0,0,0,0,0,0,0,0,0,0,0,0,0,0,0,0,0,0,0,0,0,0,0,0,0,0
1986,26,23,49,41.987,2,7,0,-1,1,0,1,1,25,0,0,0,1028,0,0,0,0,0,1,1,0,0,0,-169.0797957,0,0,0,0,3,1,1,5,10,0,0,0,3,1,1,5,1000,0,0,0,0,0,0,0,0,0,0,0,0,0,0,0,0,0,0,0,0,0,0,0,0,0,0,0,0,0,0,0,0,0,0,0,0,0,0,0,0,0,0,0,0,0,0,0,0,0,0,0
1986,26,23,51,17.987,2,7,0,-1,1,0,1,1,25,0,0,0,1028,0,0,0,0,0,1,1,0,0,0,-169.1668858,0,0,0,0,3,1,1,5,10,0,0,0,3,1,1,5,1000,0,0,0,0,0,0,0,0,0,0,0,0,0,0,0,0,0,0,0,0,0,0,0,0,0,0,0,0,0,0,0,0,0,0,0,0,0,0,0,0,0,0,0,0,0,0,0,0,0,0,0
1986,26,23,55,17.987,2,7,0,-1,1,0,1,1,25,0,0,0,1028,0,0,0,0,0,1,1,0,0,0,-169.3846096,0,0,0,0,3,1,1,5,10,0,0,0,3,1,1,5,1000,0,0,0,0,0,0,0,0,0,0,0,0,0,0,0,0,0,0,0,0,0,0,0,0,0,0,0,0,0,0,0,0,0,0,0,0,0,0,0,0,0,0,0,0,0,0,0,0,0,0,0
1986,26,23,56,53.987,2,7,0,-1,1,0,1,1,25,0,0,0,1028,0,0,0,0,0,1,1,0,0,0,-169.4716986,0,0,0,0,3,1,1,5,10,0,0,0,3,1,1,5,1000,0,0,0,0,0,0,0,0,0,0,0,0,0,0,0,0,0,0,0,0,0,0,0,0,0,0,0,0,0,0,0,0,0,0,0,0,0,0,0,0,0,0,0,0,0,0,0,0,0,0,0
1986,26,23,58,29.987,2,7,0,-1,1,0,1,1,25,0,0,0,1028,0,0,0,0,0,1,1,0,0,0,-169.5587872,0,0,0,0,3,1,1,5,10,0,0,0,3,1,1,5,1000,0,0,0,0,0,0,0,0,0,0,0,0,0,0,0,0,0,0,0,0,0,0,0,0,0,0,0,0,0,0,0,0,0,0,0,0,0,0,0,0,0,0,0,0,0,0,0,0,0,0,0
1986,27,0,1,41.986,2,7,0,-1,1,0,1,1,25,0,0,0,1028,0,0,0,0,0,1,1,0,0,0,-169.7329626,0,0,0,0,3,1,1,5,10,0,0,0,3,1,1,5,1000,0,0,0,0,0,0,0,0,0,0,0,0,0,0,0,0,0,0,0,0,0,0,0,0,0,0,0,0,0,0,0,0,0,0,0,0,0,0,0,0,0,0,0,0,0,0,0,0,0,0,0
1986,27,0,3,17.986,2,7,0,-1,1,0,1,1,25,0,0,0,1028,0,0,0,0,0,1,1,0,0,0,-169.8200502,0,0,0,0,3,1,1,5,10,0,0,0,3,1,1,5,1000,0,0,0,0,0,0,0,0,0,0,0,0,0,0,0,0,0,0,0,0,0,0,0,0,0,0,0,0,0,0,0,0,0,0,0,0,0,0,0,0,0,0,0,0,0,0,0,0,0,0,0
1986,27,0,7,17.986,2,7,0,-1,1,0,1,1,25,0,0,0,1028,0,0,0,0,0,1,1,0,0,0,-170.037768,0,0,0,0,3,1,1,5,10,0,0,0,3,1,1,5,1000,0,0,0,0,0,0,0,0,0,0,0,0,0,0,0,0,0,0,0,0,0,0,0,0,0,0,0,0,0,0,0,0,0,0,0,0,0,0,0,0,0,0,0,0,0,0,0,0,0,0,0
1986,27,0,8,53.986,2,7,0,-1,1,0,1,1,25,0,0,0,1028,0,0,0,0,0,1,1,0,0,0,-170.1248545,0,0,0,0,3,1,1,5,10,0,0,0,3,1,1,5,1000,0,0,0,0,0,0,0,0,0,0,0,0,0,0,0,0,0,0,0,0,0,0,0,0,0,0,0,0,0,0,0,0,0,0,0,0,0,0,0,0,0,0,0,0,0,0,0,0,0,0,0
1986,27,0,10,29.986,2,7,0,-1,1,0,1,1,25,0,0,0,1028,0,0,0,0,0,1,1,0,0,0,-170.2119407,0,0,0,0,3,1,1,5,10,0,0,0,3,1,1,5,1000,0,0,0,0,0,0,0,0,0,0,0,0,0,0,0,0,0,0,0,0,0,0,0,0,0,0,0,0,0,0,0,0,0,0,0,0,0,0,0,0,0,0,0,0,0,0,0,0,0,0,0
1986,27,0,12,5.986,2,7,0,-1,1,0,1,1,25,0,0,0,1028,0,0,0,0,0,1,1,0,0,0,-170.2990266,0,0,0,0,3,1,1,5,10,0,0,0,3,1,1,5,1000,0,0,0,0,0,0,0,0,0,0,0,0,0,0,0,0,0,0,0,0,0,0,0,0,0,0,0,0,0,0,0,0,0,0,0,0,0,0,0,0,0,0,0,0,0,0,0,0,0,0,0
1986,27,0,13,41.986,2,7,0,-1,1,0,1,1,25,0,0,0,1028,0,0,0,0,0,1,1,0,0,0,-170.3861122,0,0,0,0,3,1,1,5,10,0,0,0,3,1,1,5,1000,0,0,0,0,0,0,0,0,0,0,0,0,0,0,0,0,0,0,0,0,0,0,0,0,0,0,0,0,0,0,0,0,0,0,0,0,0,0,0,0,0,0,0,0,0,0,0,0,0,0,0
1986,27,0,15,17.985,2,7,0,-1,1,0,1,1,25,0,0,0,1028,0,0,0,0,0,1,1,0,0,0,-170.4731966,0,0,0,0,3,1,1,5,10,0,0,0,3,1,1,5,1000,0,0,0,0,0,0,0,0,0,0,0,0,0,0,0,0,0,0,0,0,0,0,0,0,0,0,0,0,0,0,0,0,0,0,0,0,0,0,0,0,0,0,0,0,0,0,0,0,0,0,0
1986,27,0,19,17.985,2,7,0,-1,1,0,1,1,25,0,0,0,1028,0,0,0,0,0,1,1,0,0,0,-170.6909083,0,0,0,0,3,1,1,5,10,0,0,0,3,1,1,5,1000,0,0,0,0,0,0,0,0,0,0,0,0,0,0,0,0,0,0,0,0,0,0,0,0,0,0,0,0,0,0,0,0,0,0,0,0,0,0,0,0,0,0,0,0,0,0,0,0,0,0,0
1986,27,0,20,53.985,2,7,0,-1,1,0,1,1,25,0,0,0,1028,0,0,0,0,0,1,1,0,0,0,-170.7779925,0,0,0,0,3,1,1,5,10,0,0,0,3,1,1,5,1000,0,0,0,0,0,0,0,0,0,0,0,0,0,0,0,0,0,0,0,0,0,0,0,0,0,0,0,0,0,0,0,0,0,0,0,0,0,0,0,0,0,0,0,0,0,0,0,0,0,0,0
1986,27,0,22,29.985,2,7,0,-1,1,0,1,1,25,0,0,0,1028,0,0,0,0,0,1,1,0,0,0,-170.8650763,0,0,0,0,3,1,1,5,10,0,0,0,3,1,1,5,1000,0,0,0,0,0,0,0,0,0,0,0,0,0,0,0,0,0,0,0,0,0,0,0,0,0,0,0,0,0,0,0,0,0,0,0,0,0,0,0,0,0,0,0,0,0,0,0,0,0,0,0
1986,27,0,24,5.985,2,7,0,-1,1,0,1,1,25,0,0,0,1028,0,0,0,0,0,1,1,0,0,0,-170.9521598,0,0,0,0,3,1,1,5,10,0,0,0,3,1,1,5,1000,0,0,0,0,0,0,0,0,0,0,0,0,0,0,0,0,0,0,0,0,0,0,0,0,0,0,0,0,0,0,0,0,0,0,0,0,0,0,0,0,0,0,0,0,0,0,0,0,0,0,0
1986,27,0,25,41.985,2,7,0,-1,1,0,1,1,25,0,0,0,1028,0,0,0,0,0,1,1,0,0,0,-171.039243,0,0,0,0,3,1,1,5,10,0,0,0,3,1,1,5,1000,0,0,0,0,0,0,0,0,0,0,0,0,0,0,0,0,0,0,0,0,0,0,0,0,0,0,0,0,0,0,0,0,0,0,0,0,0,0,0,0,0,0,0,0,0,0,0,0,0,0,0
1986,27,0,27,17.985,2,7,0,-1,1,0,1,1,25,0,0,0,1028,0,0,0,0,0,1,1,0,0,0,-171.1263259,0,0,0,0,3,1,1,5,10,0,0,0,3,1,1,5,1000,0,0,0,0,0,0,0,0,0,0,0,0,0,0,0,0,0,0,0,0,0,0,0,0,0,0,0,0,0,0,0,0,0,0,0,0,0,0,0,0,0,0,0,0,0,0,0,0,0,0,0
1986,27,0,31,17.984,2,7,0,-1,1,0,1,1,25,0,0,0,1028,0,0,0,0,0,1,1,0,0,0,-171.3440307,0,0,0,0,3,1,1,5,10,0,0,0,3,1,1,5,1000,0,0,0,0,0,0,0,0,0,0,0,0,0,0,0,0,0,0,0,0,0,0,0,0,0,0,0,0,0,0,0,0,0,0,0,0,0,0,0,0,0,0,0,0,0,0,0,0,0,0,0
1986,27,0,32,53.984,2,7,0,-1,1,0,1,1,25,0,0,0,1028,0,0,0,0,0,1,1,0,0,0,-171.4311125,0,0,0,0,3,1,1,5,10,0,0,0,3,1,1,5,1000,0,0,0,0,0,0,0,0,0,0,0,0,0,0,0,0,0,0,0,0,0,0,0,0,0,0,0,0,0,0,0,0,0,0,0,0,0,0,0,0,0,0,0,0,0,0,0,0,0,0,0
1986,27,0,34,29.984,2,7,0,-1,1,0,1,1,25,0,0,0,1028,0,0,0,0,0,1,1,0,0,0,-171.518194,0,0,0,0,3,1,1,5,10,0,0,0,3,1,1,5,1000,0,0,0,0,0,0,0,0,0,0,0,0,0,0,0,0,0,0,0,0,0,0,0,0,0,0,0,0,0,0,0,0,0,0,0,0,0,0,0,0,0,0,0,0,0,0,0,0,0,0,0
1986,27,0,36,5.984,2,7,0,-1,1,0,1,1,25,0,0,0,1028,0,0,0,0,0,1,1,0,0,0,-171.6052751,0,0,0,0,3,1,1,5,10,0,0,0,3,1,1,5,1000,0,0,0,0,0,0,0,0,0,0,0,0,0,0,0,0,0,0,0,0,0,0,0,0,0,0,0,0,0,0,0,0,0,0,0,0,0,0,0,0,0,0,0,0,0,0,0,0,0,0,0
1986,27,0,37,41.984,2,7,0,-1,1,0,1,1,25,0,0,0,1028,0,0,0,0,0,1,1,0,0,0,-171.6923559,0,0,0,0,3,1,1,5,10,0,0,0,3,1,1,5,1000,0,0,0,0,0,0,0,0,0,0,0,0,0,0,0,0,0,0,0,0,0,0,0,0,0,0,0,0,0,0,0,0,0,0,0,0,0,0,0,0,0,0,0,0,0,0,0,0,0,0,0
1986,27,0,39,17.984,2,7,0,-1,1,0,1,1,25,0,0,0,1028,0,0,0,0,0,1,1,0,0,0,-171.7794364,0,0,0,0,3,1,1,5,10,0,0,0,3,1,1,5,1000,0,0,0,0,0,0,0,0,0,0,0,0,0,0,0,0,0,0,0,0,0,0,0,0,0,0,0,0,0,0,0,0,0,0,0,0,0,0,0,0,0,0,0,0,0,0,0,0,0,0,0
1986,27,0,43,17.984,2,7,0,-1,1,0,1,1,25,0,0,0,1028,0,0,0,0,0,1,1,0,0,0,-171.9971363,0,0,0,0,3,1,1,5,10,0,0,0,3,1,1,5,1000,0,0,0,0,0,0,0,0,0,0,0,0,0,0,0,0,0,0,0,0,0,0,0,0,0,0,0,0,0,0,0,0,0,0,0,0,0,0,0,0,0,0,0,0,0,0,0,0,0,0,0
1986,27,0,44,53.984,2,7,0,-1,1,0,1,1,25,0,0,0,1028,0,0,0,0,0,1,1,0,0,0,-172.0842152,0,0,0,0,3,1,1,5,10,0,0,0,3,1,1,5,1000,0,0,0,0,0,0,0,0,0,0,0,0,0,0,0,0,0,0,0,0,0,0,0,0,0,0,0,0,0,0,0,0,0,0,0,0,0,0,0,0,0,0,0,0,0,0,0,0,0,0,0
1986,27,0,46,29.983,2,7,0,-1,1,0,1,1,25,0,0,0,1028,0,0,0,0,0,1,1,0,0,0,-172.1712939,0,0,0,0,3,1,1,5,10,0,0,0,3,1,1,5,1000,0,0,0,0,0,0,0,0,0,0,0,0,0,0,0,0,0,0,0,0,0,0,0,0,0,0,0,0,0,0,0,0,0,0,0,0,0,0,0,0,0,0,0,0,0,0,0,0,0,0,0
1986,27,0,48,5.983,2,7,0,-1,1,0,1,1,25,0,0,0,1028,0,0,0,0,0,1,1,0,0,0,-172.2583727,0,0,0,0,3,1,1,5,10,0,0,0,3,1,1,5,1000,0,0,0,0,0,0,0,0,0,0,0,0,0,0,0,0,0,0,0,0,0,0,0,0,0,0,0,0,0,0,0,0,0,0,0,0,0,0,0,0,0,0,0,0,0,0,0,0,0,0,0
1986,27,0,49,41.983,2,7,0,-1,1,0,1,1,25,0,0,0,1028,0,0,0,0,0,1,1,0,0,0,-172.3454511,0,0,0,0,3,1,1,5,10,0,0,0,3,1,1,5,1000,0,0,0,0,0,0,0,0,0,0,0,0,0,0,0,0,0,0,0,0,0,0,0,0,0,0,0,0,0,0,0,0,0,0,0,0,0,0,0,0,0,0,0,0,0,0,0,0,0,0,0
1986,27,0,51,17.983,2,7,0,-1,1,0,1,1,25,0,0,0,1028,0,0,0,0,0,1,1,0,0,0,-172.4325293,0,0,0,0,3,1,1,5,10,0,0,0,3,1,1,5,1000,0,0,0,0,0,0,0,0,0,0,0,0,0,0,0,0,0,0,0,0,0,0,0,0,0,0,0,0,0,0,0,0,0,0,0,0,0,0,0,0,0,0,0,0,0,0,0,0,0,0,0
1986,27,0,55,17.983,2,7,0,-1,1,0,1,1,25,0,0,0,1028,0,0,0,0,0,1,1,0,0,0,-172.6502233,0,0,0,0,3,1,1,5,10,0,0,0,3,1,1,5,1000,0,0,0,0,0,0,0,0,0,0,0,0,0,0,0,0,0,0,0,0,0,0,0,0,0,0,0,0,0,0,0,0,0,0,0,0,0,0,0,0,0,0,0,0,0,0,0,0,0,0,0
1986,27,0,56,53.983,2,7,0,-1,1,0,1,1,25,0,0,0,1028,0,0,0,0,0,1,1,0,0,0,-172.7373003,0,0,0,0,3,1,1,5,10,0,0,0,3,1,1,5,1000,0,0,0,0,0,0,0,0,0,0,0,0,0,0,0,0,0,0,0,0,0,0,0,0,0,0,0,0,0,0,0,0,0,0,0,0,0,0,0,0,0,0,0,0,0,0,0,0,0,0,0
1986,27,0,58,29.983,2,7,0,-1,1,0,1,1,25,0,0,0,1028,0,0,0,0,0,1,1,0,0,0,-172.8243771,0,0,0,0,3,1,1,5,10,0,0,0,3,1,1,5,1000,0,0,0,0,0,0,0,0,0,0,0,0,0,0,0,0,0,0,0,0,0,0,0,0,0,0,0,0,0,0,0,0,0,0,0,0,0,0,0,0,0,0,0,0,0,0,0,0,0,0,0
1986,27,1,0,5.983,2,7,0,-1,1,0,1,1,25,0,0,0,1028,0,0,0,0,0,1,1,0,0,0,-172.9114531,0,0,0,0,3,1,1,5,10,0,0,0,3,1,1,5,1000,0,0,0,0,0,0,0,0,0,0,0,0,0,0,0,0,0,0,0,0,0,0,0,0,0,0,0,0,0,0,0,0,0,0,0,0,0,0,0,0,0,0,0,0,0,0,0,0,0,0,0
1986,27,1,1,41.982,2,7,0,-1,1,0,1,1,25,0,0,0,1028,0,0,0,0,0,1,1,0,0,0,-172.9985287,0,0,0,0,3,1,1,5,10,0,0,0,3,1,1,5,1000,0,0,0,0,0,0,0,0,0,0,0,0,0,0,0,0,0,0,0,0,0,0,0,0,0,0,0,0,0,0,0,0,0,0,0,0,0,0,0,0,0,0,0,0,0,0,0,0,0,0,0
1986,27,1,3,17.982,2,7,0,-1,1,0,1,1,25,0,0,0,1028,0,0,0,0,0,1,1,0,0,0,-173.0856045,0,0,0,0,3,1,1,5,10,0,0,0,3,1,1,5,1000,0,0,0,0,0,0,0,0,0,0,0,0,0,0,0,0,0,0,0,0,0,0,0,0,0,0,0,0,0,0,0,0,0,0,0,0,0,0,0,0,0,0,0,0,0,0,0,0,0,0,0
1986,27,1,7,17.982,2,7,0,-1,1,0,1,1,25,0,0,0,1028,0,0,0,0,0,1,1,0,0,0,-173.3032927,0,0,0,0,3,1,1,5,10,0,0,0,3,1,1,5,1000,0,0,0,0,0,0,0,0,0,0,0,0,0,0,0,0,0,0,0,0,0,0,0,0,0,0,0,0,0,0,0,0,0,0,0,0,0,0,0,0,0,0,0,0,0,0,0,0,0,0,0
1986,27,1,8,53.982,2,7,0,-1,1,0,1,1,25,0,0,0,1028,0,0,0,0,0,1,1,0,0,0,-173.3903674,0,0,0,0,3,1,1,5,10,0,0,0,3,1,1,5,1000,0,0,0,0,0,0,0,0,0,0,0,0,0,0,0,0,0,0,0,0,0,0,0,0,0,0,0,0,0,0,0,0,0,0,0,0,0,0,0,0,0,0,0,0,0,0,0,0,0,0,0
1986,27,1,10,29.982,2,7,0,-1,1,0,1,1,25,0,0,0,1028,0,0,0,0,0,1,1,0,0,0,-173.4774418,0,0,0,0,3,1,1,5,10,0,0,0,3,1,1,5,1000,0,0,0,0,0,0,0,0,0,0,0,0,0,0,0,0,0,0,0,0,0,0,0,0,0,0,0,0,0,0,0,0,0,0,0,0,0,0,0,0,0,0,0,0,0,0,0,0,0,0,0
1986,27,1,12,5.982,2,7,0,-1,1,0,1,1,25,0,0,0,1028,0,0,0,0,0,1,1,0,0,0,-173.5645159,0,0,0,0,3,1,1,5,10,0,0,0,3,1,1,5,1000,0,0,0,0,0,0,0,0,0,0,0,0,0,0,0,0,0,0,0,0,0,0,0,0,0,0,0,0,0,0,0,0,0,0,0,0,0,0,0,0,0,0,0,0,0,0,0,0,0,0,0
1986,27,1,13,41.982,2,7,0,-1,1,0,1,1,25,0,0,0,1028,0,0,0,0,0,1,1,0,0,0,-173.6515897,0,0,0,0,3,1,1,5,10,0,0,0,3,1,1,5,1000,0,0,0,0,0,0,0,0,0,0,0,0,0,0,0,0,0,0,0,0,0,0,0,0,0,0,0,0,0,0,0,0,0,0,0,0,0,0,0,0,0,0,0,0,0,0,0,0,0,0,0
1986,27,1,15,17.982,2,7,0,-1,1,0,1,1,25,0,0,0,1028,0,0,0,0,0,1,1,0,0,0,-173.7386628,0,0,0,0,3,1,1,5,10,0,0,0,3,1,1,5,1000,0,0,0,0,0,0,0,0,0,0,0,0,0,0,0,0,0,0,0,0,0,0,0,0,0,0,0,0,0,0,0,0,0,0,0,0,0,0,0,0,0,0,0,0,0,0,0,0,0,0,0
1986,27,1,19,17.981,2,7,0,-1,1,0,1,1,25,0,0,0,1028,0,0,0,0,0,1,1,0,0,0,-173.9563447,0,0,0,0,3,1,1,5,10,0,0,0,3,1,1,5,1000,0,0,0,0,0,0,0,0,0,0,0,0,0,0,0,0,0,0,0,0,0,0,0,0,0,0,0,0,0,0,0,0,0,0,0,0,0,0,0,0,0,0,0,0,0,0,0,0,0,0,0
1986,27,1,20,53.981,2,7,0,-1,1,0,1,1,25,0,0,0,1028,0,0,0,0,0,1,1,0,0,0,-174.0434171,0,0,0,0,3,1,1,5,10,0,0,0,3,1,1,5,1000,0,0,0,0,0,0,0,0,0,0,0,0,0,0,0,0,0,0,0,0,0,0,0,0,0,0,0,0,0,0,0,0,0,0,0,0,0,0,0,0,0,0,0,0,0,0,0,0,0,0,0
1986,27,1,22,29.981,2,7,0,-1,1,0,1,1,25,0,0,0,1028,0,0,0,0,0,1,1,0,0,0,-174.1304892,0,0,0,0,3,1,1,5,10,0,0,0,3,1,1,5,1000,0,0,0,0,0,0,0,0,0,0,0,0,0,0,0,0,0,0,0,0,0,0,0,0,0,0,0,0,0,0,0,0,0,0,0,0,0,0,0,0,0,0,0,0,0,0,0,0,0,0,0
1986,27,1,24,5.981,2,7,0,-1,1,0,1,1,25,0,0,0,1028,0,0,0,0,0,1,1,0,0,0,-174.217561,0,0,0,0,3,1,1,5,10,0,0,0,3,1,1,5,1000,0,0,0,0,0,0,0,0,0,0,0,0,0,0,0,0,0,0,0,0,0,0,0,0,0,0,0,0,0,0,0,0,0,0,0,0,0,0,0,0,0,0,0,0,0,0,0,0,0,0,0
1986,27,1,25,41.981,2,7,0,-1,1,0,1,1,25,0,0,0,1028,0,0,0,0,0,1,1,0,0,0,-174.3046325,0,0,0,0,3,1,1,5,10,0,0,0,3,1,1,5,1000,0,0,0,0,0,0,0,0,0,0,0,0,0,0,0,0,0,0,0,0,0,0,0,0,0,0,0,0,0,0,0,0,0,0,0,0,0,0,0,0,0,0,0,0,0,0,0,0,0,0,0
1986,27,1,27,17.981,2,7,0,-1,1,0,1,1,25,0,0,0,1028,0,0,0,0,0,1,1,0,0,0,-174.3917036,0,0,0,0,3,1,1,5,10,0,0,0,3,1,1,5,1000,0,0,0,0,0,0,0,0,0,0,0,0,0,0,0,0,0,0,0,0,0,0,0,0,0,0,0,0,0,0,0,0,0,0,0,0,0,0,0,0,0,0,0,0,0,0,0,0,0,0,0
1986,27,1,31,17.98,2,7,0,-1,1,0,1,1,25,0,0,0,1028,0,0,0,0,0,1,1,0,0,0,-174.6093793,0,0,0,0,3,1,1,5,10,0,0,0,3,1,1,5,1000,0,0,0,0,0,0,0,0,0,0,0,0,0,0,0,0,0,0,0,0,0,0,0,0,0,0,0,0,0,0,0,0,0,0,0,0,0,0,0,0,0,0,0,0,0,0,0,0,0,0,0
1986,27,1,32,53.98,2,7,0,-1,1,0,1,1,25,0,0,0,1028,0,0,0,0,0,1,1,0,0,0,-174.6964494,0,0,0,0,3,1,1,5,10,0,0,0,3,1,1,5,1000,0,0,0,0,0,0,0,0,0,0,0,0,0,0,0,0,0,0,0,0,0,0,0,0,0,0,0,0,0,0,0,0,0,0,0,0,0,0,0,0,0,0,0,0,0,0,0,0,0,0,0
1986,27,1,34,29.98,2,7,0,-1,1,0,1,1,25,0,0,0,1028,0,0,0,0,0,1,1,0,0,0,-174.7835192,0,0,0,0,3,1,1,5,10,0,0,0,3,1,1,5,1000,0,0,0,0,0,0,0,0,0,0,0,0,0,0,0,0,0,0,0,0,0,0,0,0,0,0,0,0,0,0,0,0,0,0,0,0,0,0,0,0,0,0,0,0,0,0,0,0,0,0,0
1986,27,1,36,5.98,2,7,0,-1,1,0,1,1,25,0,0,0,1028,0,0,0,0,0,1,1,0,0,0,-174.8705887,0,0,0,0,3,1,1,5,10,0,0,0,3,1,1,5,1000,0,0,0,0,0,0,0,0,0,0,0,0,0,0,0,0,0,0,0,0,0,0,0,0,0,0,0,0,0,0,0,0,0,0,0,0,0,0,0,0,0,0,0,0,0,0,0,0,0,0,0
1986,27,1,37,41.98,2,7,0,-1,1,0,1,1,25,0,0,0,1028,0,0,0,0,0,1,1,0,0,0,-174.9576579,0,0,0,0,3,1,1,5,10,0,0,0,3,1,1,5,1000,0,0,0,0,0,0,0,0,0,0,0,0,0,0,0,0,0,0,0,0,0,0,0,0,0,0,0,0,0,0,0,0,0,0,0,0,0,0,0,0,0,0,0,0,0,0,0,0,0,0,0
1986,27,1,39,17.98,2,7,0,-1,1,0,1,1,25,0,0,0,1028,0,0,0,0,0,1,1,0,0,0,-175.0447268,0,0,0,0,3,1,1,5,10,0,0,0,3,1,1,5,1000,0,0,0,0,0,0,0,0,0,0,0,0,0,0,0,0,0,0,0,0,0,0,0,0,0,0,0,0,0,0,0,0,0,0,0,0,0,0,0,0,0,0,0,0,0,0,0,0,0,0,0
1986,27,1,43,17.98,2,7,0,-1,1,0,1,1,25,0,0,0,1028,0,0,0,0,0,1,1,0,0,0,-175.2623977,0,0,0,0,3,1,1,5,10,0,0,0,3,1,1,5,1000,0,0,0,0,0,0,0,0,0,0,0,0,0,0,0,0,0,0,0,0,0,0,0,0,0,0,0,0,0,0,0,0,0,0,0,0,0,0,0,0,0,0,0,0,0,0,0,0,0,0,0
1986,27,1,44,53.98,2,7,0,-1,1,0,1,1,25,0,0,0,1028,0,0,0,0,0,1,1,0,0,0,-175.3494655,0,0,0,0,3,1,1,5,10,0,0,0,3,1,1,5,1000,0,0,0,0,0,0,0,0,0,0,0,0,0,0,0,0,0,0,0,0,0,0,0,0,0,0,0,0,0,0,0,0,0,0,0,0,0,0,0,0,0,0,0,0,0,0,0,0,0,0,0
1986,27,1,46,29.979,2,7,0,-1,1,0,1,1,25,0,0,0,1028,0,0,0,0,0,1,1,0,0,0,-175.4365321,0,0,0,0,3,1,1,5,10,0,0,0,3,1,1,5,1000,0,0,0,0,0,0,0,0,0,0,0,0,0,0,0,0,0,0,0,0,0,0,0,0,0,0,0,0,0,0,0,0,0,0,0,0,0,0,0,0,0,0,0,0,0,0,0,0,0,0,0
1986,27,1,48,5.979,2,7,0,-1,1,0,1,1,25,0,0,0,1028,0,0,0,0,0,1,1,0,0,0,-175.5235993,0,0,0,0,3,1,1,5,10,0,0,0,3,1,1,5,1000,0,0,0,0,0,0,0,0,0,0,0,0,0,0,0,0,0,0,0,0,0,0,0,0,0,0,0,0,0,0,0,0,0,0,0,0,0,0,0,0,0,0,0,0,0,0,0,0,0,0,0
1986,27,1,49,41.979,2,7,0,-1,1,0,1,1,25,0,0,0,1028,0,0,0,0,0,1,1,0,0,0,-175.6106662,0,0,0,0,3,1,1,5,10,0,0,0,3,1,1,5,1000,0,0,0,0,0,0,0,0,0,0,0,0,0,0,0,0,0,0,0,0,0,0,0,0,0,0,0,0,0,0,0,0,0,0,0,0,0,0,0,0,0,0,0,0,0,0,0,0,0,0,0
1986,27,1,51,17.979,2,7,0,-1,1,0,1,1,25,0,0,0,1028,0,0,0,0,0,1,1,0,0,0,-175.6977328,0,0,0,0,3,1,1,5,10,0,0,0,3,1,1,5,1000,0,0,0,0,0,0,0,0,0,0,0,0,0,0,0,0,0,0,0,0,0,0,0,0,0,0,0,0,0,0,0,0,0,0,0,0,0,0,0,0,0,0,0,0,0,0,0,0,0,0,0
1986,27,1,55,17.979,2,7,0,-1,1,0,1,1,25,0,0,0,1028,0,0,0,0,0,1,1,0,0,0,-175.915398,0,0,0,0,3,1,1,5,10,0,0,0,3,1,1,5,1000,0,0,0,0,0,0,0,0,0,0,0,0,0,0,0,0,0,0,0,0,0,0,0,0,0,0,0,0,0,0,0,0,0,0,0,0,0,0,0,0,0,0,0,0,0,0,0,0,0,0,0
1986,27,1,56,53.979,2,7,0,-1,1,0,1,1,25,0,0,0,1028,0,0,0,0,0,1,1,0,0,0,-176.0024636,0,0,0,0,3,1,1,5,10,0,0,0,3,1,1,5,1000,0,0,0,0,0,0,0,0,0,0,0,0,0,0,0,0,0,0,0,0,0,0,0,0,0,0,0,0,0,0,0,0,0,0,0,0,0,0,0,0,0,0,0,0,0,0,0,0,0,0,0
1986,27,1,58,29.979,2,7,0,-1,1,0,1,1,25,0,0,0,1028,0,0,0,0,0,1,1,0,0,0,-176.0895288,0,0,0,0,3,1,1,5,10,0,0,0,3,1,1,5,1000,0,0,0,0,0,0,0,0,0,0,0,0,0,0,0,0,0,0,0,0,0,0,0,0,0,0,0,0,0,0,0,0,0,0,0,0,0,0,0,0,0,0,0,0,0,0,0,0,0,0,0
1986,27,2,0,5.979,2,7,0,-1,1,0,1,1,25,0,0,0,1028,0,0,0,0,0,1,1,0,0,0,-176.1765938,0,0,0,0,3,1,1,5,10,0,0,0,3,1,1,5,1000,0,0,0,0,0,0,0,0,0,0,0,0,0,0,0,0,0,0,0,0,0,0,0,0,0,0,0,0,0,0,0,0,0,0,0,0,0,0,0,0,0,0,0,0,0,0,0,0,0,0,0
1986,27,2,1,41.978,2,7,0,-1,1,0,1,1,25,0,0,0,1028,0,0,0,0,0,1,1,0,0,0,-176.2636575,0,0,0,0,3,1,1,5,10,0,0,0,3,1,1,5,1000,0,0,0,0,0,0,0,0,0,0,0,0,0,0,0,0,0,0,0,0,0,0,0,0,0,0,0,0,0,0,0,0,0,0,0,0,0,0,0,0,0,0,0,0,0,0,0,0,0,0,0
1986,27,2,3,17.978,2,7,0,-1,1,0,1,1,25,0,0,0,1028,0,0,0,0,0,1,1,0,0,0,-176.3507218,0,0,0,0,3,1,1,5,10,0,0,0,3,1,1,5,1000,0,0,0,0,0,0,0,0,0,0,0,0,0,0,0,0,0,0,0,0,0,0,0,0,0,0,0,0,0,0,0,0,0,0,0,0,0,0,0,0,0,0,0,0,0,0,0,0,0,0,0
1986,27,2,7,17.978,2,7,0,-1,1,0,1,1,25,0,0,0,1028,0,0,0,0,0,1,1,0,0,0,-176.5683814,0,0,0,0,3,1,1,5,10,0,0,0,3,1,1,5,1000,0,0,0,0,0,0,0,0,0,0,0,0,0,0,0,0,0,0,0,0,0,0,0,0,0,0,0,0,0,0,0,0,0,0,0,0,0,0,0,0,0,0,0,0,0,0,0,0,0,0,0
1986,27,2,8,53.978,2,7,0,-1,1,0,1,1,25,0,0,0,1028,0,0,0,0,0,1,1,0,0,0,-176.6554447,0,0,0,0,3,1,1,5,10,0,0,0,3,1,1,5,1000,0,0,0,0,0,0,0,0,0,0,0,0,0,0,0,0,0,0,0,0,0,0,0,0,0,0,0,0,0,0,0,0,0,0,0,0,0,0,0,0,0,0,0,0,0,0,0,0,0,0,0
1986,27,2,10,29.978,2,7,0,-1,1,0,1,1,25,0,0,0,1028,0,0,0,0,0,1,1,0,0,0,-176.7425077,0,0,0,0,3,1,1,5,10,0,0,0,3,1,1,5,1000,0,0,0,0,0,0,0,0,0,0,0,0,0,0,0,0,0,0,0,0,0,0,0,0,0,0,0,0,0,0,0,0,0,0,0,0,0,0,0,0,0,0,0,0,0,0,0,0,0,0,0
1986,27,2,12,5.978,2,7,0,-1,1,0,1,1,25,0,0,0,1028,0,0,0,0,0,1,1,0,0,0,-176.8295703,0,0,0,0,3,1,1,5,10,0,0,0,3,1,1,5,1000,0,0,0,0,0,0,0,0,0,0,0,0,0,0,0,0,0,0,0,0,0,0,0,0,0,0,0,0,0,0,0,0,0,0,0,0,0,0,0,0,0,0,0,0,0,0,0,0,0,0,0
1986,27,2,13,41.978,2,7,0,-1,1,0,1,1,25,0,0,0,1028,0,0,0,0,0,1,1,0,0,0,-176.9166327,0,0,0,0,3,1,1,5,10,0,0,0,3,1,1,5,1000,0,0,0,0,0,0,0,0,0,0,0,0,0,0,0,0,0,0,0,0,0,0,0,0,0,0,0,0,0,0,0,0,0,0,0,0,0,0,0,0,0,0,0,0,0,0,0,0,0,0,0
1986,27,2,15,17.978,2,7,0,-1,1,0,1,1,25,0,0,0,1028,0,0,0,0,0,1,1,0,0,0,-177.0036944,0,0,0,0,3,1,1,5,10,0,0,0,3,1,1,5,1000,0,0,0,0,0,0,0,0,0,0,0,0,0,0,0,0,0,0,0,0,0,0,0,0,0,0,0,0,0,0,0,0,0,0,0,0,0,0,0,0,0,0,0,0,0,0,0,0,0,0,0
1986,27,2,19,17.977,2,7,0,-1,1,0,1,1,25,0,0,0,1028,0,0,0,0,0,1,1,0,0,0,-177.2213478,0,0,0,0,3,1,1,5,10,0,0,0,3,1,1,5,1000,0,0,0,0,0,0,0,0,0,0,0,0,0,0,0,0,0,0,0,0,0,0,0,0,0,0,0,0,0,0,0,0,0,0,0,0,0,0,0,0,0,0,0,0,0,0,0,0,0,0,0
1986,27,2,20,53.977,2,7,0,-1,1,0,1,1,25,0,0,0,1028,0,0,0,0,0,1,1,0,0,0,-177.3084089,0,0,0,0,3,1,1,5,10,0,0,0,3,1,1,5,1000,0,0,0,0,0,0,0,0,0,0,0,0,0,0,0,0,0,0,0,0,0,0,0,0,0,0,0,0,0,0,0,0,0,0,0,0,0,0,0,0,0,0,0,0,0,0,0,0,0,0,0
1986,27,2,22,29.977,2,7,0,-1,1,0,1,1,25,0,0,0,1028,0,0,0,0,0,1,1,0,0,0,-177.3954696,0,0,0,0,3,1,1,5,10,0,0,0,3,1,1,5,1000,0,0,0,0,0,0,0,0,0,0,0,0,0,0,0,0,0,0,0,0,0,0,0,0,0,0,0,0,0,0,0,0,0,0,0,0,0,0,0,0,0,0,0,0,0,0,0,0,0,0,0
1986,27,2,24,5.977,2,7,0,-1,1,0,1,1,25,0,0,0,1028,0,0,0,0,0,1,1,0,0,0,-177.4825301,0,0,0,0,3,1,1,5,10,0,0,0,3,1,1,5,1000,0,0,0,0,0,0,0,0,0,0,0,0,0,0,0,0,0,0,0,0,0,0,0,0,0,0,0,0,0,0,0,0,0,0,0,0,0,0,0,0,0,0,0,0,0,0,0,0,0,0,0
1986,27,2,25,41.977,2,7,0,-1,1,0,1,1,25,0,0,0,1028,0,0,0,0,0,1,1,0,0,0,-177.5695902,0,0,0,0,3,1,1,5,10,0,0,0,3,1,1,5,1000,0,0,0,0,0,0,0,0,0,0,0,0,0,0,0,0,0,0,0,0,0,0,0,0,0,0,0,0,0,0,0,0,0,0,0,0,0,0,0,0,0,0,0,0,0,0,0,0,0,0,0
1986,27,2,27,17.977,2,7,0,-1,1,0,1,1,25,0,0,0,1028,0,0,0,0,0,1,1,0,0,0,-177.6566501,0,0,0,0,3,1,1,5,10,0,0,0,3,1,1,5,1000,0,0,0,0,0,0,0,0,0,0,0,0,0,0,0,0,0,0,0,0,0,0,0,0,0,0,0,0,0,0,0,0,0,0,0,0,0,0,0,0,0,0,0,0,0,0,0,0,0,0,0
1986,27,2,31,17.976,2,7,0,-1,1,0,1,1,25,0,0,0,1028,0,0,0,0,0,1,1,0,0,0,-177.8742975,0,0,0,0,3,1,1,5,10,0,0,0,3,1,1,5,1000,0,0,0,0,0,0,0,0,0,0,0,0,0,0,0,0,0,0,0,0,0,0,0,0,0,0,0,0,0,0,0,0,0,0,0,0,0,0,0,0,0,0,0,0,0,0,0,0,0,0,0
1986,27,2,32,53.976,2,7,0,-1,1,0,1,1,25,0,0,0,1028,0,0,0,0,0,1,1,0,0,0,-177.9613564,0,0,0,0,3,1,1,5,10,0,0,0,3,1,1,5,1000,0,0,0,0,0,0,0,0,0,0,0,0,0,0,0,0,0,0,0,0,0,0,0,0,0,0,0,0,0,0,0,0,0,0,0,0,0,0,0,0,0,0,0,0,0,0,0,0,0,0,0
1986,27,2,34,29.976,2,7,0,-1,1,0,1,1,25,0,0,0,1028,0,0,0,0,0,1,1,0,0,0,-178.0484149,0,0,0,0,3,1,1,5,10,0,0,0,3,1,1,5,1000,0,0,0,0,0,0,0,0,0,0,0,0,0,0,0,0,0,0,0,0,0,0,0,0,0,0,0,0,0,0,0,0,0,0,0,0,0,0,0,0,0,0,0,0,0,0,0,0,0,0,0
1986,27,2,36,5.976,2,7,0,-1,1,0,1,1,25,0,0,0,1028,0,0,0,0,0,1,1,0,0,0,-178.1354731,0,0,0,0,3,1,1,5,10,0,0,0,3,1,1,5,1000,0,0,0,0,0,0,0,0,0,0,0,0,0,0,0,0,0,0,0,0,0,0,0,0,0,0,0,0,0,0,0,0,0,0,0,0,0,0,0,0,0,0,0,0,0,0,0,0,0,0,0
1986,27,2,37,41.976,2,7,0,-1,1,0,1,1,25,0,0,0,1028,0,0,0,0,0,1,1,0,0,0,-178.222531,0,0,0,0,3,1,1,5,10,0,0,0,3,1,1,5,1000,0,0,0,0,0,0,0,0,0,0,0,0,0,0,0,0,0,0,0,0,0,0,0,0,0,0,0,0,0,0,0,0,0,0,0,0,0,0,0,0,0,0,0,0,0,0,0,0,0,0,0
1986,27,2,39,17.976,2,7,0,-1,1,0,1,1,25,0,0,0,1028,0,0,0,0,0,1,1,0,0,0,-178.3095887,0,0,0,0,3,1,1,5,10,0,0,0,3,1,1,5,1000,0,0,0,0,0,0,0,0,0,0,0,0,0,0,0,0,0,0,0,0,0,0,0,0,0,0,0,0,0,0,0,0,0,0,0,0,0,0,0,0,0,0,0,0,0,0,0,0,0,0,0
1986,27,2,43,17.976,2,7,0,-1,1,0,1,1,25,0,0,0,1028,0,0,0,0,0,1,1,0,0,0,-178.5272315,0,0,0,0,3,1,1,5,10,0,0,0,3,1,1,5,1000,0,0,0,0,0,0,0,0,0,0,0,0,0,0,0,0,0,0,0,0,0,0,0,0,0,0,0,0,0,0,0,0,0,0,0,0,0,0,0,0,0,0,0,0,0,0,0,0,0,0,0
1986,27,2,44,53.976,2,7,0,-1,1,0,1,1,25,0,0,0,1028,0,0,0,0,0,1,1,0,0,0,-178.6142881,0,0,0,0,3,1,1,5,10,0,0,0,3,1,1,5,1000,0,0,0,0,0,0,0,0,0,0,0,0,0,0,0,0,0,0,0,0,0,0,0,0,0,0,0,0,0,0,0,0,0,0,0,0,0,0,0,0,0,0,0,0,0,0,0,0,0,0,0
1986,27,2,46,29.975,2,7,0,-1,1,0,1,1,25,0,0,0,1028,0,0,0,0,0,1,1,0,0,0,-178.7013435,0,0,0,0,3,1,1,5,10,0,0,0,3,1,1,5,1000,0,0,0,0,0,0,0,0,0,0,0,0,0,0,0,0,0,0,0,0,0,0,0,0,0,0,0,0,0,0,0,0,0,0,0,0,0,0,0,0,0,0,0,0,0,0,0,0,0,0,0
1986,27,2,48,5.975,2,7,0,-1,1,0,1,1,25,0,0,0,1028,0,0,0,0,0,1,1,0,0,0,-178.7883995,0,0,0,0,3,1,1,5,10,0,0,0,3,1,1,5,1000,0,0,0,0,0,0,0,0,0,0,0,0,0,0,0,0,0,0,0,0,0,0,0,0,0,0,0,0,0,0,0,0,0,0,0,0,0,0,0,0,0,0,0,0,0,0,0,0,0,0,0
1986,27,2,49,41.975,2,7,0,-1,1,0,1,1,25,0,0,0,1028,0,0,0,0,0,1,1,0,0,0,-178.8754552,0,0,0,0,3,1,1,5,10,0,0,0,3,1,1,5,1000,0,0,0,0,0,0,0,0,0,0,0,0,0,0,0,0,0,0,0,0,0,0,0,0,0,0,0,0,0,0,0,0,0,0,0,0,0,0,0,0,0,0,0,0,0,0,0,0,0,0,0
1986,27,2,51,17.975,2,7,0,-1,1,0,1,1,25,0,0,0,1028,0,0,0,0,0,1,1,0,0,0,-178.9625106,0,0,0,0,3,1,1,5,10,0,0,0,3,1,1,5,1000,0,0,0,0,0,0,0,0,0,0,0,0,0,0,0,0,0,0,0,0,0,0,0,0,0,0,0,0,0,0,0,0,0,0,0,0,0,0,0,0,0,0,0,0,0,0,0,0,0,0,0
1986,27,2,55,17.975,2,7,0,-1,1,0,1,1,25,0,0,0,1028,0,0,0,0,0,1,1,0,0,0,-179.1801479,0,0,0,0,3,1,1,5,10,0,0,0,3,1,1,5,1000,0,0,0,0,0,0,0,0,0,0,0,0,0,0,0,0,0,0,0,0,0,0,0,0,0,0,0,0,0,0,0,0,0,0,0,0,0,0,0,0,0,0,0,0,0,0,0,0,0,0,0
1986,27,2,56,53.975,2,7,0,-1,1,0,1,1,25,0,0,0,1028,0,0,0,0,0,1,1,0,0,0,-179.2672023,0,0,0,0,3,1,1,5,10,0,0,0,3,1,1,5,1000,0,0,0,0,0,0,0,0,0,0,0,0,0,0,0,0,0,0,0,0,0,0,0,0,0,0,0,0,0,0,0,0,0,0,0,0,0,0,0,0,0,0,0,0,0,0,0,0,0,0,0
1986,27,2,58,29.975,2,7,0,-1,1,0,1,1,25,0,0,0,1028,0,0,0,0,0,1,1,0,0,0,-179.3542564,0,0,0,0,3,1,1,5,10,0,0,0,3,1,1,5,1000,0,0,0,0,0,0,0,0,0,0,0,0,0,0,0,0,0,0,0,0,0,0,0,0,0,0,0,0,0,0,0,0,0,0,0,0,0,0,0,0,0,0,0,0,0,0,0,0,0,0,0
1986,27,3,0,5.975,2,7,0,-1,1,0,1,1,25,0,0,0,1028,0,0,0,0,0,1,1,0,0,0,-179.4413103,0,0,0,0,3,1,1,5,10,0,0,0,3,1,1,5,1000,0,0,0,0,0,0,0,0,0,0,0,0,0,0,0,0,0,0,0,0,0,0,0,0,0,0,0,0,0,0,0,0,0,0,0,0,0,0,0,0,0,0,0,0,0,0,0,0,0,0,0
1986,27,3,1,41.974,2,7,0,-1,1,0,1,1,25,0,0,0,1028,0,0,0,0,0,1,1,0,0,0,-179.5283629,0,0,0,0,3,1,1,5,10,0,0,0,3,1,1,5,1000,0,0,0,0,0,0,0,0,0,0,0,0,0,0,0,0,0,0,0,0,0,0,0,0,0,0,0,0,0,0,0,0,0,0,0,0,0,0,0,0,0,0,0,0,0,0,0,0,0,0,0
1986,27,3,3,17.974,2,7,0,-1,1,0,1,1,25,0,0,0,1028,0,0,0,0,0,1,1,0,0,0,-179.6154161,0,0,0,0,3,1,1,5,10,0,0,0,3,1,1,5,1000,0,0,0,0,0,0,0,0,0,0,0,0,0,0,0,0,0,0,0,0,0,0,0,0,0,0,0,0,0,0,0,0,0,0,0,0,0,0,0,0,0,0,0,0,0,0,0,0,0,0,0
1986,27,3,7,17.974,2,7,0,-1,1,0,1,1,25,0,0,0,1028,0,0,0,0,0,1,1,0,0,0,-179.8330479,0,0,0,0,3,1,1,5,10,0,0,0,3,1,1,5,1000,0,0,0,0,0,0,0,0,0,0,0,0,0,0,0,0,0,0,0,0,0,0,0,0,0,0,0,0,0,0,0,0,0,0,0,0,0,0,0,0,0,0,0,0,0,0,0,0,0,0,0
1986,27,3,8,53.974,2,7,0,-1,1,0,1,1,25,0,0,0,1028,0,0,0,0,0,1,1,0,0,0,-179.9201001,0,0,0,0,3,1,1,5,10,0,0,0,3,1,1,5,1000,0,0,0,0,0,0,0,0,0,0,0,0,0,0,0,0,0,0,0,0,0,0,0,0,0,0,0,0,0,0,0,0,0,0,0,0,0,0,0,0,0,0,0,0,0,0,0,0,0,0,0
1986,27,3,10,29.974,2,7,0,-1,1,0,1,1,25,0,0,0,1028,0,0,0,0,0,1,1,0,0,0,-180.0071521,0,0,0,0,3,1,1,5,10,0,0,0,3,1,1,5,1000,0,0,0,0,0,0,0,0,0,0,0,0,0,0,0,0,0,0,0,0,0,0,0,0,0,0,0,0,0,0,0,0,0,0,0,0,0,0,0,0,0,0,0,0,0,0,0,0,0,0,0
1986,27,3,12,5.974,2,7,0,-1,1,0,1,1,25,0,0,0,1028,0,0,0,0,0,1,1,0,0,0,-180.0942037,0,0,0,0,3,1,1,5,10,0,0,0,3,1,1,5,1000,0,0,0,0,0,0,0,0,0,0,0,0,0,0,0,0,0,0,0,0,0,0,0,0,0,0,0,0,0,0,0,0,0,0,0,0,0,0,0,0,0,0,0,0,0,0,0,0,0,0,0
1986,27,3,13,41.974,2,7,0,-1,1,0,1,1,25,0,0,0,1028,0,0,0,0,0,1,1,0,0,0,-180.1812551,0,0,0,0,3,1,1,5,10,0,0,0,3,1,1,5,1000,0,0,0,0,0,0,0,0,0,0,0,0,0,0,0,0,0,0,0,0,0,0,0,0,0,0,0,0,0,0,0,0,0,0,0,0,0,0,0,0,0,0,0,0,0,0,0,0,0,0,0
1986,27,3,15,17.974,2,7,0,-1,1,0,1,1,25,0,0,0,1028,0,0,0,0,0,1,1,0,0,0,-180.2683061,0,0,0,0,3,1,1,5,10,0,0,0,3,1,1,5,1000,0,0,0,0,0,0,0,0,0,0,0,0,0,0,0,0,0,0,0,0,0,0,0,0,0,0,0,0,0,0,0,0,0,0,0,0,0,0,0,0,0,0,0,0,0,0,0,0,0,0,0
1986,27,3,19,17.973,2,7,0,-1,1,0,1,1,25,0,0,0,1028,0,0,0,0,0,1,1,0,0,0,-180.4859316,0,0,0,0,3,1,1,5,10,0,0,0,3,1,1,5,1000,0,0,0,0,0,0,0,0,0,0,0,0,0,0,0,0,0,0,0,0,0,0,0,0,0,0,0,0,0,0,0,0,0,0,0,0,0,0,0,0,0,0,0,0,0,0,0,0,0,0,0
1986,27,3,20,53.973,2,7,0,-1,1,0,1,1,25,0,0,0,1028,0,0,0,0,0,1,1,0,0,0,-180.5729816,0,0,0,0,3,1,1,5,10,0,0,0,3,1,1,5,1000,0,0,0,0,0,0,0,0,0,0,0,0,0,0,0,0,0,0,0,0,0,0,0,0,0,0,0,0,0,0,0,0,0,0,0,0,0,0,0,0,0,0,0,0,0,0,0,0,0,0,0
1986,27,3,22,29.973,2,7,0,-1,1,0,1,1,25,0,0,0,1028,0,0,0,0,0,1,1,0,0,0,-180.6600314,0,0,0,0,3,1,1,5,10,0,0,0,3,1,1,5,1000,0,0,0,0,0,0,0,0,0,0,0,0,0,0,0,0,0,0,0,0,0,0,0,0,0,0,0,0,0,0,0,0,0,0,0,0,0,0,0,0,0,0,0,0,0,0,0,0,0,0,0
1986,27,3,24,5.973,2,7,0,-1,1,0,1,1,25,0,0,0,1028,0,0,0,0,0,1,1,0,0,0,-180.7470808,0,0,0,0,3,1,1,5,10,0,0,0,3,1,1,5,1000,0,0,0,0,0,0,0,0,0,0,0,0,0,0,0,0,0,0,0,0,0,0,0,0,0,0,0,0,0,0,0,0,0,0,0,0,0,0,0,0,0,0,0,0,0,0,0,0,0,0,0
1986,27,3,25,41.973,2,7,0,-1,1,0,1,1,25,0,0,0,1028,0,0,0,0,0,1,1,0,0,0,-180.83413,0,0,0,0,3,1,1,5,10,0,0,0,3,1,1,5,1000,0,0,0,0,0,0,0,0,0,0,0,0,0,0,0,0,0,0,0,0,0,0,0,0,0,0,0,0,0,0,0,0,0,0,0,0,0,0,0,0,0,0,0,0,0,0,0,0,0,0,0
1986,27,3,27,17.973,2,7,0,-1,1,0,1,1,25,0,0,0,1028,0,0,0,0,0,1,1,0,0,0,-180.9211789,0,0,0,0,3,1,1,5,10,0,0,0,3,1,1,5,1000,0,0,0,0,0,0,0,0,0,0,0,0,0,0,0,0,0,0,0,0,0,0,0,0,0,0,0,0,0,0,0,0,0,0,0,0,0,0,0,0,0,0,0,0,0,0,0,0,0,0,0
1986,27,3,31,17.973,2,7,0,-1,1,0,1,1,25,0,0,0,1028,0,0,0,0,0,1,1,0,0,0,-181.1387994,0,0,0,0,3,1,1,5,10,0,0,0,3,1,1,5,1000,0,0,0,0,0,0,0,0,0,0,0,0,0,0,0,0,0,0,0,0,0,0,0,0,0,0,0,0,0,0,0,0,0,0,0,0,0,0,0,0,0,0,0,0,0,0,0,0,0,0,0
1986,27,3,32,53.972,2,7,0,-1,1,0,1,1,25,0,0,0,1028,0,0,0,0,0,1,1,0,0,0,-181.2258469,0,0,0,0,3,1,1,5,10,0,0,0,3,1,1,5,1000,0,0,0,0,0,0,0,0,0,0,0,0,0,0,0,0,0,0,0,0,0,0,0,0,0,0,0,0,0,0,0,0,0,0,0,0,0,0,0,0,0,0,0,0,0,0,0,0,0,0,0
1986,27,3,34,29.972,2,7,0,-1,1,0,1,1,25,0,0,0,1028,0,0,0,0,0,1,1,0,0,0,-181.3128945,0,0,0,0,3,1,1,5,10,0,0,0,3,1,1,5,1000,0,0,0,0,0,0,0,0,0,0,0,0,0,0,0,0,0,0,0,0,0,0,0,0,0,0,0,0,0,0,0,0,0,0,0,0,0,0,0,0,0,0,0,0,0,0,0,0,0,0,0
1986,27,3,36,5.972,2,7,0,-1,1,0,1,1,25,0,0,0,1028,0,0,0,0,0,1,1,0,0,0,-181.3999418,0,0,0,0,3,1,1,5,10,0,0,0,3,1,1,5,1000,0,0,0,0,0,0,0,0,0,0,0,0,0,0,0,0,0,0,0,0,0,0,0,0,0,0,0,0,0,0,0,0,0,0,0,0,0,0,0,0,0,0,0,0,0,0,0,0,0,0,0
1986,27,3,37,41.972,2,7,0,-1,1,0,1,1,25,0,0,0,1028,0,0,0,0,0,1,1,0,0,0,-181.4869888,0,0,0,0,3,1,1,5,10,0,0,0,3,1,1,5,1000,0,0,0,0,0,0,0,0,0,0,0,0,0,0,0,0,0,0,0,0,0,0,0,0,0,0,0,0,0,0,0,0,0,0,0,0,0,0,0,0,0,0,0,0,0,0,0,0,0,0,0
1986,27,3,39,17.972,2,7,0,-1,1,0,1,1,25,0,0,0,1028,0,0,0,0,0,1,1,0,0,0,-181.5740355,0,0,0,0,3,1,1,5,10,0,0,0,3,1,1,5,1000,0,0,0,0,0,0,0,0,0,0,0,0,0,0,0,0,0,0,0,0,0,0,0,0,0,0,0,0,0,0,0,0,0,0,0,0,0,0,0,0,0,0,0,0,0,0,0,0,0,0,0
1986,27,3,43,17.972,2,7,0,-1,1,0,1,1,25,0,0,0,1028,0,0,0,0,0,1,1,0,0,0,-181.7916511,0,0,0,0,3,1,1,5,10,0,0,0,3,1,1,5,1000,0,0,0,0,0,0,0,0,0,0,0,0,0,0,0,0,0,0,0,0,0,0,0,0,0,0,0,0,0,0,0,0,0,0,0,0,0,0,0,0,0,0,0,0,0,0,0,0,0,0,0
1986,27,3,44,53.972,2,7,0,-1,1,0,1,1,25,0,0,0,1028,0,0,0,0,0,1,1,0,0,0,-181.8786969,0,0,0,0,3,1,1,5,10,0,0,0,3,1,1,5,1000,0,0,0,0,0,0,0,0,0,0,0,0,0,0,0,0,0,0,0,0,0,0,0,0,0,0,0,0,0,0,0,0,0,0,0,0,0,0,0,0,0,0,0,0,0,0,0,0,0,0,0
1986,27,3,46,29.972,2,7,0,-1,1,0,1,1,25,0,0,0,1028,0,0,0,0,0,1,1,0,0,0,-181.9657419,0,0,0,0,3,1,1,5,10,0,0,0,3,1,1,5,1000,0,0,0,0,0,0,0,0,0,0,0,0,0,0,0,0,0,0,0,0,0,0,0,0,0,0,0,0,0,0,0,0,0,0,0,0,0,0,0,0,0,0,0,0,0,0,0,0,0,0,0
1986,27,3,48,5.971,2,7,0,-1,1,0,1,1,25,0,0,0,1028,0,0,0,0,0,1,1,0,0,0,-182.0527866,0,0,0,0,3,1,1,5,10,0,0,0,3,1,1,5,1000,0,0,0,0,0,0,0,0,0,0,0,0,0,0,0,0,0,0,0,0,0,0,0,0,0,0,0,0,0,0,0,0,0,0,0,0,0,0,0,0,0,0,0,0,0,0,0,0,0,0,0
1986,27,3,49,41.971,2,7,0,-1,1,0,1,1,25,0,0,0,1028,0,0,0,0,0,1,1,0,0,0,-182.1398315,0,0,0,0,3,1,1,5,10,0,0,0,3,1,1,5,1000,0,0,0,0,0,0,0,0,0,0,0,0,0,0,0,0,0,0,0,0,0,0,0,0,0,0,0,0,0,0,0,0,0,0,0,0,0,0,0,0,0,0,0,0,0,0,0,0,0,0,0
1986,27,3,51,17.971,2,7,0,-1,1,0,1,1,25,0,0,0,1028,0,0,0,0,0,1,1,0,0,0,-182.2268761,0,0,0,0,3,1,1,5,10,0,0,0,3,1,1,5,1000,0,0,0,0,0,0,0,0,0,0,0,0,0,0,0,0,0,0,0,0,0,0,0,0,0,0,0,0,0,0,0,0,0,0,0,0,0,0,0,0,0,0,0,0,0,0,0,0,0,0,0
1986,27,3,55,17.971,2,7,0,-1,1,0,1,1,25,0,0,0,1028,0,0,0,0,0,1,1,0,0,0,-182.4444863,0,0,0,0,3,1,1,5,10,0,0,0,3,1,1,5,1000,0,0,0,0,0,0,0,0,0,0,0,0,0,0,0,0,0,0,0,0,0,0,0,0,0,0,0,0,0,0,0,0,0,0,0,0,0,0,0,0,0,0,0,0,0,0,0,0,0,0,0
1986,27,3,56,53.971,2,7,0,-1,1,0,1,1,25,0,0,0,1028,0,0,0,0,0,1,1,0,0,0,-182.5315299,0,0,0,0,3,1,1,5,10,0,0,0,3,1,1,5,1000,0,0,0,0,0,0,0,0,0,0,0,0,0,0,0,0,0,0,0,0,0,0,0,0,0,0,0,0,0,0,0,0,0,0,0,0,0,0,0,0,0,0,0,0,0,0,0,0,0,0,0
1986,27,3,58,29.971,2,7,0,-1,1,0,1,1,25,0,0,0,1028,0,0,0,0,0,1,1,0,0,0,-182.6185733,0,0,0,0,3,1,1,5,10,0,0,0,3,1,1,5,1000,0,0,0,0,0,0,0,0,0,0,0,0,0,0,0,0,0,0,0,0,0,0,0,0,0,0,0,0,0,0,0,0,0,0,0,0,0,0,0,0,0,0,0,0,0,0,0,0,0,0,0
1986,27,4,0,5.971,2,7,0,-1,1,0,1,1,25,0,0,0,1028,0,0,0,0,0,1,1,0,0,0,-182.7056163,0,0,0,0,3,1,1,5,10,0,0,0,3,1,1,5,1000,0,0,0,0,0,0,0,0,0,0,0,0,0,0,0,0,0,0,0,0,0,0,0,0,0,0,0,0,0,0,0,0,0,0,0,0,0,0,0,0,0,0,0,0,0,0,0,0,0,0,0
1986,27,4,1,41.971,2,7,0,-1,1,0,1,1,25,0,0,0,1028,0,0,0,0,0,1,1,0,0,0,-182.7926586,0,0,0,0,3,1,1,5,10,0,0,0,3,1,1,5,1000,0,0,0,0,0,0,0,0,0,0,0,0,0,0,0,0,0,0,0,0,0,0,0,0,0,0,0,0,0,0,0,0,0,0,0,0,0,0,0,0,0,0,0,0,0,0,0,0,0,0,0
1986,27,4,3,17.97,2,7,0,-1,1,0,1,1,25,0,0,0,1028,0,0,0,0,0,1,1,0,0,0,-182.8797006,0,0,0,0,3,1,1,5,10,0,0,0,3,1,1,5,1000,0,0,0,0,0,0,0,0,0,0,0,0,0,0,0,0,0,0,0,0,0,0,0,0,0,0,0,0,0,0,0,0,0,0,0,0,0,0,0,0,0,0,0,0,0,0,0,0,0,0,0
1986,27,4,7,17.97,2,7,0,-1,1,0,1,1,25,0,0,0,1028,0,0,0,0,0,1,1,0,0,0,-183.0973056,0,0,0,0,3,1,1,5,10,0,0,0,3,1,1,5,1000,0,0,0,0,0,0,0,0,0,0,0,0,0,0,0,0,0,0,0,0,0,0,0,0,0,0,0,0,0,0,0,0,0,0,0,0,0,0,0,0,0,0,0,0,0,0,0,0,0,0,0
1986,27,4,8,53.97,2,7,0,-1,1,0,1,1,25,0,0,0,1028,0,0,0,0,0,1,1,0,0,0,-183.1843471,0,0,0,0,3,1,1,5,10,0,0,0,3,1,1,5,1000,0,0,0,0,0,0,0,0,0,0,0,0,0,0,0,0,0,0,0,0,0,0,0,0,0,0,0,0,0,0,0,0,0,0,0,0,0,0,0,0,0,0,0,0,0,0,0,0,0,0,0
1986,27,4,10,29.97,2,7,0,-1,1,0,1,1,25,0,0,0,1028,0,0,0,0,0,1,1,0,0,0,-183.2713883,0,0,0,0,3,1,1,5,10,0,0,0,3,1,1,5,1000,0,0,0,0,0,0,0,0,0,0,0,0,0,0,0,0,0,0,0,0,0,0,0,0,0,0,0,0,0,0,0,0,0,0,0,0,0,0,0,0,0,0,0,0,0,0,0,0,0,0,0
1986,27,4,12,5.97,2,7,0,-1,1,0,1,1,25,0,0,0,1028,0,0,0,0,0,1,1,0,0,0,-183.3584292,0,0,0,0,3,1,1,5,10,0,0,0,3,1,1,5,1000,0,0,0,0,0,0,0,0,0,0,0,0,0,0,0,0,0,0,0,0,0,0,0,0,0,0,0,0,0,0,0,0,0,0,0,0,0,0,0,0,0,0,0,0,0,0,0,0,0,0,0
1986,27,4,13,41.97,2,7,0,-1,1,0,1,1,25,0,0,0,1028,0,0,0,0,0,1,1,0,0,0,-183.4454698,0,0,0,0,3,1,1,5,10,0,0,0,3,1,1,5,1000,0,0,0,0,0,0,0,0,0,0,0,0,0,0,0,0,0,0,0,0,0,0,0,0,0,0,0,0,0,0,0,0,0,0,0,0,0,0,0,0,0,0,0,0,0,0,0,0,0,0,0
1986,27,4,15,17.97,2,7,0,-1,1,0,1,1,25,0,0,0,1028,0,0,0,0,0,1,1,0,0,0,-183.5325102,0,0,0,0,3,1,1,5,10,0,0,0,3,1,1,5,1000,0,0,0,0,0,0,0,0,0,0,0,0,0,0,0,0,0,0,0,0,0,0,0,0,0,0,0,0,0,0,0,0,0,0,0,0,0,0,0,0,0,0,0,0,0,0,0,0,0,0,0
1986,27,4,19,17.969,2,7,0,-1,1,0,1,1,25,0,0,0,1028,0,0,0,0,0,1,1,0,0,0,-183.750109,0,0,0,0,3,1,1,5,10,0,0,0,3,1,1,5,1000,0,0,0,0,0,0,0,0,0,0,0,0,0,0,0,0,0,0,0,0,0,0,0,0,0,0,0,0,0,0,0,0,0,0,0,0,0,0,0,0,0,0,0,0,0,0,0,0,0,0,0
1986,27,4,20,53.969,2,7,0,-1,1,0,1,1,25,0,0,0,1028,0,0,0,0,0,1,1,0,0,0,-183.8371484,0,0,0,0,3,1,1,5,10,0,0,0,3,1,1,5,1000,0,0,0,0,0,0,0,0,0,0,0,0,0,0,0,0,0,0,0,0,0,0,0,0,0,0,0,0,0,0,0,0,0,0,0,0,0,0,0,0,0,0,0,0,0,0,0,0,0,0,0
1986,27,4,22,29.969,2,7,0,-1,1,0,1,1,25,0,0,0,1028,0,0,0,0,0,1,1,0,0,0,-183.9241875,0,0,0,0,3,1,1,5,10,0,0,0,3,1,1,5,1000,0,0,0,0,0,0,0,0,0,0,0,0,0,0,0,0,0,0,0,0,0,0,0,0,0,0,0,0,0,0,0,0,0,0,0,0,0,0,0,0,0,0,0,0,0,0,0,0,0,0,0
1986,27,4,24,5.969,2,7,0,-1,1,0,1,1,25,0,0,0,1028,0,0,0,0,0,1,1,0,0,0,-184.0112263,0,0,0,0,3,1,1,5,10,0,0,0,3,1,1,5,1000,0,0,0,0,0,0,0,0,0,0,0,0,0,0,0,0,0,0,0,0,0,0,0,0,0,0,0,0,0,0,0,0,0,0,0,0,0,0,0,0,0,0,0,0,0,0,0,0,0,0,0
1986,27,4,25,41.969,2,7,0,-1,1,0,1,1,25,0,0,0,1028,0,0,0,0,0,1,1,0,0,0,-184.0982648,0,0,0,0,3,1,1,5,10,0,0,0,3,1,1,5,1000,0,0,0,0,0,0,0,0,0,0,0,0,0,0,0,0,0,0,0,0,0,0,0,0,0,0,0,0,0,0,0,0,0,0,0,0,0,0,0,0,0,0,0,0,0,0,0,0,0,0,0
1986,27,4,27,17.969,2,7,0,-1,1,0,1,1,25,0,0,0,1028,0,0,0,0,0,1,1,0,0,0,-184.1853031,0,0,0,0,3,1,1,5,10,0,0,0,3,1,1,5,1000,0,0,0,0,0,0,0,0,0,0,0,0,0,0,0,0,0,0,0,0,0,0,0,0,0,0,0,0,0,0,0,0,0,0,0,0,0,0,0,0,0,0,0,0,0,0,0,0,0,0,0
1986,27,4,31,17.969,2,7,0,-1,1,0,1,1,25,0,0,0,1028,0,0,0,0,0,1,1,0,0,0,-184.4028971,0,0,0,0,3,1,1,5,10,0,0,0,3,1,1,5,1000,0,0,0,0,0,0,0,0,0,0,0,0,0,0,0,0,0,0,0,0,0,0,0,0,0,0,0,0,0,0,0,0,0,0,0,0,0,0,0,0,0,0,0,0,0,0,0,0,0,0,0
1986,27,4,32,53.968,2,7,0,-1,1,0,1,1,25,0,0,0,1028,0,0,0,0,0,1,1,0,0,0,-184.4899339,0,0,0,0,3,1,1,5,10,0,0,0,3,1,1,5,1000,0,0,0,0,0,0,0,0,0,0,0,0,0,0,0,0,0,0,0,0,0,0,0,0,0,0,0,0,0,0,0,0,0,0,0,0,0,0,0,0,0,0,0,0,0,0,0,0,0,0,0
1986,27,4,34,29.968,2,7,0,-1,1,0,1,1,25,0,0,0,1028,0,0,0,0,0,1,1,0,0,0,-184.5769709,0,0,0,0,3,1,1,5,10,0,0,0,3,1,1,5,1000,0,0,0,0,0,0,0,0,0,0,0,0,0,0,0,0,0,0,0,0,0,0,0,0,0,0,0,0,0,0,0,0,0,0,0,0,0,0,0,0,0,0,0,0,0,0,0,0,0,0,0
1986,27,4,36,5.968,2,7,0,-1,1,0,1,1,25,0,0,0,1028,0,0,0,0,0,1,1,0,0,0,-184.6640077,0,0,0,0,3,1,1,5,10,0,0,0,3,1,1,5,1000,0,0,0,0,0,0,0,0,0,0,0,0,0,0,0,0,0,0,0,0,0,0,0,0,0,0,0,0,0,0,0,0,0,0,0,0,0,0,0,0,0,0,0,0,0,0,0,0,0,0,0
1986,27,4,37,41.968,2,7,0,-1,1,0,1,1,25,0,0,0,1028,0,0,0,0,0,1,1,0,0,0,-184.7510441,0,0,0,0,3,1,1,5,10,0,0,0,3,1,1,5,1000,0,0,0,0,0,0,0,0,0,0,0,0,0,0,0,0,0,0,0,0,0,0,0,0,0,0,0,0,0,0,0,0,0,0,0,0,0,0,0,0,0,0,0,0,0,0,0,0,0,0,0
1986,27,4,39,17.968,2,7,0,-1,1,0,1,1,25,0,0,0,1028,0,0,0,0,0,1,1,0,0,0,-184.8380803,0,0,0,0,3,1,1,5,10,0,0,0,3,1,1,5,1000,0,0,0,0,0,0,0,0,0,0,0,0,0,0,0,0,0,0,0,0,0,0,0,0,0,0,0,0,0,0,0,0,0,0,0,0,0,0,0,0,0,0,0,0,0,0,0,0,0,0,0
1986,27,4,43,17.968,2,7,0,-1,1,0,1,1,25,0,0,0,1028,0,0,0,0,0,1,1,0,0,0,-185.0556695,0,0,0,0,3,1,1,5,10,0,0,0,3,1,1,5,1000,0,0,0,0,0,0,0,0,0,0,0,0,0,0,0,0,0,0,0,0,0,0,0,0,0,0,0,0,0,0,0,0,0,0,0,0,0,0,0,0,0,0,0,0,0,0,0,0,0,0,0
1986,27,4,44,53.968,2,7,0,-1,1,0,1,1,25,0,0,0,1028,0,0,0,0,0,1,1,0,0,0,-185.1427047,0,0,0,0,3,1,1,5,10,0,0,0,3,1,1,5,1000,0,0,0,0,0,0,0,0,0,0,0,0,0,0,0,0,0,0,0,0,0,0,0,0,0,0,0,0,0,0,0,0,0,0,0,0,0,0,0,0,0,0,0,0,0,0,0,0,0,0,0
1986,27,4,46,29.968,2,7,0,-1,1,0,1,1,25,0,0,0,1028,0,0,0,0,0,1,1,0,0,0,-185.2297392,0,0,0,0,3,1,1,5,10,0,0,0,3,1,1,5,1000,0,0,0,0,0,0,0,0,0,0,0,0,0,0,0,0,0,0,0,0,0,0,0,0,0,0,0,0,0,0,0,0,0,0,0,0,0,0,0,0,0,0,0,0,0,0,0,0,0,0,0
1986,27,4,48,5.967,2,7,0,-1,1,0,1,1,25,0,0,0,1028,0,0,0,0,0,1,1,0,0,0,-185.3167734,0,0,0,0,3,1,1,5,10,0,0,0,3,1,1,5,1000,0,0,0,0,0,0,0,0,0,0,0,0,0,0,0,0,0,0,0,0,0,0,0,0,0,0,0,0,0,0,0,0,0,0,0,0,0,0,0,0,0,0,0,0,0,0,0,0,0,0,0
1986,27,4,49,41.967,2,7,0,-1,1,0,1,1,25,0,0,0,1028,0,0,0,0,0,1,1,0,0,0,-185.4038078,0,0,0,0,3,1,1,5,10,0,0,0,3,1,1,5,1000,0,0,0,0,0,0,0,0,0,0,0,0,0,0,0,0,0,0,0,0,0,0,0,0,0,0,0,0,0,0,0,0,0,0,0,0,0,0,0,0,0,0,0,0,0,0,0,0,0,0,0
1986,27,4,51,17.967,2,7,0,-1,1,0,1,1,25,0,0,0,1028,0,0,0,0,0,1,1,0,0,0,-185.4908419,0,0,0,0,3,1,1,5,10,0,0,0,3,1,1,5,1000,0,0,0,0,0,0,0,0,0,0,0,0,0,0,0,0,0,0,0,0,0,0,0,0,0,0,0,0,0,0,0,0,0,0,0,0,0,0,0,0,0,0,0,0,0,0,0,0,0,0,0
1986,27,4,55,17.967,2,7,0,-1,1,0,1,1,25,0,0,0,1028,0,0,0,0,0,1,1,0,0,0,-185.708426,0,0,0,0,3,1,1,5,10,0,0,0,3,1,1,5,1000,0,0,0,0,0,0,0,0,0,0,0,0,0,0,0,0,0,0,0,0,0,0,0,0,0,0,0,0,0,0,0,0,0,0,0,0,0,0,0,0,0,0,0,0,0,0,0,0,0,0,0
1986,27,4,56,53.967,2,7,0,-1,1,0,1,1,25,0,0,0,1028,0,0,0,0,0,1,1,0,0,0,-185.7954591,0,0,0,0,3,1,1,5,10,0,0,0,3,1,1,5,1000,0,0,0,0,0,0,0,0,0,0,0,0,0,0,0,0,0,0,0,0,0,0,0,0,0,0,0,0,0,0,0,0,0,0,0,0,0,0,0,0,0,0,0,0,0,0,0,0,0,0,0
1986,27,4,58,29.967,2,7,0,-1,1,0,1,1,25,0,0,0,1028,0,0,0,0,0,1,1,0,0,0,-185.882492,0,0,0,0,3,1,1,5,10,0,0,0,3,1,1,5,1000,0,0,0,0,0,0,0,0,0,0,0,0,0,0,0,0,0,0,0,0,0,0,0,0,0,0,0,0,0,0,0,0,0,0,0,0,0,0,0,0,0,0,0,0,0,0,0,0,0,0,0
1986,27,5,0,5.967,2,7,0,-1,1,0,1,1,25,0,0,0,1028,0,0,0,0,0,1,1,0,0,0,-185.9695246,0,0,0,0,3,1,1,5,10,0,0,0,3,1,1,5,1000,0,0,0,0,0,0,0,0,0,0,0,0,0,0,0,0,0,0,0,0,0,0,0,0,0,0,0,0,0,0,0,0,0,0,0,0,0,0,0,0,0,0,0,0,0,0,0,0,0,0,0
1986,27,5,1,41.967,2,7,0,-1,1,0,1,1,25,0,0,0,1028,0,0,0,0,0,1,1,0,0,0,-186.0565564,0,0,0,0,3,1,1,5,10,0,0,0,3,1,1,5,1000,0,0,0,0,0,0,0,0,0,0,0,0,0,0,0,0,0,0,0,0,0,0,0,0,0,0,0,0,0,0,0,0,0,0,0,0,0,0,0,0,0,0,0,0,0,0,0,0,0,0,0
1986,27,5,3,17.966,2,7,0,-1,1,0,1,1,25,0,0,0,1028,0,0,0,0,0,1,1,0,0,0,-186.143588,0,0,0,0,3,1,1,5,10,0,0,0,3,1,1,5,1000,0,0,0,0,0,0,0,0,0,0,0,0,0,0,0,0,0,0,0,0,0,0,0,0,0,0,0,0,0,0,0,0,0,0,0,0,0,0,0,0,0,0,0,0,0,0,0,0,0,0,0
1986,27,5,7,17.966,2,7,0,-1,1,0,1,1,25,0,0,0,1028,0,0,0,0,0,1,1,0,0,0,-186.3611669,0,0,0,0,3,1,1,5,10,0,0,0,3,1,1,5,1000,0,0,0,0,0,0,0,0,0,0,0,0,0,0,0,0,0,0,0,0,0,0,0,0,0,0,0,0,0,0,0,0,0,0,0,0,0,0,0,0,0,0,0,0,0,0,0,0,0,0,0
1986,27,5,8,53.966,2,7,0,-1,1,0,1,1,25,0,0,0,1028,0,0,0,0,0,1,1,0,0,0,-186.448198,0,0,0,0,3,1,1,5,10,0,0,0,3,1,1,5,1000,0,0,0,0,0,0,0,0,0,0,0,0,0,0,0,0,0,0,0,0,0,0,0,0,0,0,0,0,0,0,0,0,0,0,0,0,0,0,0,0,0,0,0,0,0,0,0,0,0,0,0
1986,27,5,10,29.966,2,7,0,-1,1,0,1,1,25,0,0,0,1028,0,0,0,0,0,1,1,0,0,0,-186.5352288,0,0,0,0,3,1,1,5,10,0,0,0,3,1,1,5,1000,0,0,0,0,0,0,0,0,0,0,0,0,0,0,0,0,0,0,0,0,0,0,0,0,0,0,0,0,0,0,0,0,0,0,0,0,0,0,0,0,0,0,0,0,0,0,0,0,0,0,0
1986,27,5,12,5.966,2,7,0,-1,1,0,1,1,25,0,0,0,1028,0,0,0,0,0,1,1,0,0,0,-186.6222594,0,0,0,0,3,1,1,5,10,0,0,0,3,1,1,5,1000,0,0,0,0,0,0,0,0,0,0,0,0,0,0,0,0,0,0,0,0,0,0,0,0,0,0,0,0,0,0,0,0,0,0,0,0,0,0,0,0,0,0,0,0,0,0,0,0,0,0,0
1986,27,5,13,41.966,2,7,0,-1,1,0,1,1,25,0,0,0,1028,0,0,0,0,0,1,1,0,0,0,-186.7092897,0,0,0,0,3,1,1,5,10,0,0,0,3,1,1,5,1000,0,0,0,0,0,0,0,0,0,0,0,0,0,0,0,0,0,0,0,0,0,0,0,0,0,0,0,0,0,0,0,0,0,0,0,0,0,0,0,0,0,0,0,0,0,0,0,0,0,0,0
1986,27,5,15,17.966,2,7,0,-1,1,0,1,1,25,0,0,0,1028,0,0,0,0,0,1,1,0,0,0,-186.7963196,0,0,0,0,3,1,1,5,10,0,0,0,3,1,1,5,1000,0,0,0,0,0,0,0,0,0,0,0,0,0,0,0,0,0,0,0,0,0,0,0,0,0,0,0,0,0,0,0,0,0,0,0,0,0,0,0,0,0,0,0,0,0,0,0,0,0,0,0
1986,27,5,19,17.965,2,7,0,-1,1,0,1,1,25,0,0,0,1028,0,0,0,0,0,1,1,0,0,0,-187.0138925,0,0,0,0,3,1,1,5,10,0,0,0,3,1,1,5,1000,0,0,0,0,0,0,0,0,0,0,0,0,0,0,0,0,0,0,0,0,0,0,0,0,0,0,0,0,0,0,0,0,0,0,0,0,0,0,0,0,0,0,0,0,0,0,0,0,0,0,0
1986,27,5,20,53.965,2,7,0,-1,1,0,1,1,25,0,0,0,1028,0,0,0,0,0,1,1,0,0,0,-187.1009216,0,0,0,0,3,1,1,5,10,0,0,0,3,1,1,5,1000,0,0,0,0,0,0,0,0,0,0,0,0,0,0,0,0,0,0,0,0,0,0,0,0,0,0,0,0,0,0,0,0,0,0,0,0,0,0,0,0,0,0,0,0,0,0,0,0,0,0,0
1986,27,5,24,5.965,2,7,0,-1,1,0,1,1,25,0,0,0,1028,0,0,0,0,0,1,1,0,0,0,-187.2749789,0,0,0,0,3,1,1,5,10,0,0,0,3,1,1,5,1000,0,0,0,0,0,0,0,0,0,0,0,0,0,0,0,0,0,0,0,0,0,0,0,0,0,0,0,0,0,0,0,0,0,0,0,0,0,0,0,0,0,0,0,0,0,0,0,0,0,0,0
1986,27,5,25,41.965,2,7,0,-1,1,0,1,1,25,0,0,0,1028,0,0,0,0,0,1,1,0,0,0,-187.3620071,0,0,0,0,3,1,1,5,10,0,0,0,3,1,1,5,1000,0,0,0,0,0,0,0,0,0,0,0,0,0,0,0,0,0,0,0,0,0,0,0,0,0,0,0,0,0,0,0,0,0,0,0,0,0,0,0,0,0,0,0,0,0,0,0,0,0,0,0
1986,27,5,27,17.965,2,7,0,-1,1,0,1,1,25,0,0,0,1028,0,0,0,0,0,1,1,0,0,0,-187.4490351,0,0,0,0,3,1,1,5,10,0,0,0,3,1,1,5,1000,0,0,0,0,0,0,0,0,0,0,0,0,0,0,0,0,0,0,0,0,0,0,0,0,0,0,0,0,0,0,0,0,0,0,0,0,0,0,0,0,0,0,0,0,0,0,0,0,0,0,0
1986,27,5,31,17.965,2,7,0,-1,1,0,1,1,25,0,0,0,1028,0,0,0,0,0,1,1,0,0,0,-187.6666038,0,0,0,0,3,1,1,5,10,0,0,0,3,1,1,5,1000,0,0,0,0,0,0,0,0,0,0,0,0,0,0,0,0,0,0,0,0,0,0,0,0,0,0,0,0,0,0,0,0,0,0,0,0,0,0,0,0,0,0,0,0,0,0,0,0,0,0,0
1986,27,5,32,53.964,2,7,0,-1,1,0,1,1,25,0,0,0,1028,0,0,0,0,0,1,1,0,0,0,-187.7536299,0,0,0,0,3,1,1,5,10,0,0,0,3,1,1,5,1000,0,0,0,0,0,0,0,0,0,0,0,0,0,0,0,0,0,0,0,0,0,0,0,0,0,0,0,0,0,0,0,0,0,0,0,0,0,0,0,0,0,0,0,0,0,0,0,0,0,0,0
1986,27,5,34,29.964,2,7,0,-1,1,0,1,1,25,0,0,0,1028,0,0,0,0,0,1,1,0,0,0,-187.8406566,0,0,0,0,3,1,1,5,10,0,0,0,3,1,1,5,1000,0,0,0,0,0,0,0,0,0,0,0,0,0,0,0,0,0,0,0,0,0,0,0,0,0,0,0,0,0,0,0,0,0,0,0,0,0,0,0,0,0,0,0,0,0,0,0,0,0,0,0
1986,27,5,36,5.964,2,7,0,-1,1,0,1,1,25,0,0,0,1028,0,0,0,0,0,1,1,0,0,0,-187.9276831,0,0,0,0,3,1,1,5,10,0,0,0,3,1,1,5,1000,0,0,0,0,0,0,0,0,0,0,0,0,0,0,0,0,0,0,0,0,0,0,0,0,0,0,0,0,0,0,0,0,0,0,0,0,0,0,0,0,0,0,0,0,0,0,0,0,0,0,0
1986,27,5,37,41.964,2,7,0,-1,1,0,1,1,25,0,0,0,1028,0,0,0,0,0,1,1,0,0,0,-188.0147093,0,0,0,0,3,1,1,5,10,0,0,0,3,1,1,5,1000,0,0,0,0,0,0,0,0,0,0,0,0,0,0,0,0,0,0,0,0,0,0,0,0,0,0,0,0,0,0,0,0,0,0,0,0,0,0,0,0,0,0,0,0,0,0,0,0,0,0,0
1986,27,5,39,17.964,2,7,0,-1,1,0,1,1,25,0,0,0,1028,0,0,0,0,0,1,1,0,0,0,-188.1017352,0,0,0,0,3,1,1,5,10,0,0,0,3,1,1,5,1000,0,0,0,0,0,0,0,0,0,0,0,0,0,0,0,0,0,0,0,0,0,0,0,0,0,0,0,0,0,0,0,0,0,0,0,0,0,0,0,0,0,0,0,0,0,0,0,0,0,0,0
1986,27,5,43,17.964,2,7,0,-1,1,0,1,1,25,0,0,0,1028,0,0,0,0,0,1,1,0,0,0,-188.3192989,0,0,0,0,3,1,1,5,10,0,0,0,3,1,1,5,1000,0,0,0,0,0,0,0,0,0,0,0,0,0,0,0,0,0,0,0,0,0,0,0,0,0,0,0,0,0,0,0,0,0,0,0,0,0,0,0,0,0,0,0,0,0,0,0,0,0,0,0
1986,27,5,44,53.964,2,7,0,-1,1,0,1,1,25,0,0,0,1028,0,0,0,0,0,1,1,0,0,0,-188.4063239,0,0,0,0,3,1,1,5,10,0,0,0,3,1,1,5,1000,0,0,0,0,0,0,0,0,0,0,0,0,0,0,0,0,0,0,0,0,0,0,0,0,0,0,0,0,0,0,0,0,0,0,0,0,0,0,0,0,0,0,0,0,0,0,0,0,0,0,0
1986,27,5,46,29.964,2,7,0,-1,1,0,1,1,25,0,0,0,1028,0,0,0,0,0,1,1,0,0,0,-188.4933486,0,0,0,0,3,1,1,5,10,0,0,0,3,1,1,5,1000,0,0,0,0,0,0,0,0,0,0,0,0,0,0,0,0,0,0,0,0,0,0,0,0,0,0,0,0,0,0,0,0,0,0,0,0,0,0,0,0,0,0,0,0,0,0,0,0,0,0,0
1986,27,5,48,5.963,2,7,0,-1,1,0,1,1,25,0,0,0,1028,0,0,0,0,0,1,1,0,0,0,-188.5803722,0,0,0,0,3,1,1,5,10,0,0,0,3,1,1,5,1000,0,0,0,0,0,0,0,0,0,0,0,0,0,0,0,0,0,0,0,0,0,0,0,0,0,0,0,0,0,0,0,0,0,0,0,0,0,0,0,0,0,0,0,0,0,0,0,0,0,0,0
1986,27,5,49,41.963,2,7,0,-1,1,0,1,1,25,0,0,0,1028,0,0,0,0,0,1,1,0,0,0,-188.6673964,0,0,0,0,3,1,1,5,10,0,0,0,3,1,1,5,1000,0,0,0,0,0,0,0,0,0,0,0,0,0,0,0,0,0,0,0,0,0,0,0,0,0,0,0,0,0,0,0,0,0,0,0,0,0,0,0,0,0,0,0,0,0,0,0,0,0,0,0
1986,27,5,51,17.963,2,7,0,-1,1,0,1,1,25,0,0,0,1028,0,0,0,0,0,1,1,0,0,0,-188.7544203,0,0,0,0,3,1,1,5,10,0,0,0,3,1,1,5,1000,0,0,0,0,0,0,0,0,0,0,0,0,0,0,0,0,0,0,0,0,0,0,0,0,0,0,0,0,0,0,0,0,0,0,0,0,0,0,0,0,0,0,0,0,0,0,0,0,0,0,0
1986,27,5,55,17.963,2,7,0,-1,1,0,1,1,25,0,0,0,1028,0,0,0,0,0,1,1,0,0,0,-188.971979,0,0,0,0,3,1,1,5,10,0,0,0,3,1,1,5,1000,0,0,0,0,0,0,0,0,0,0,0,0,0,0,0,0,0,0,0,0,0,0,0,0,0,0,0,0,0,0,0,0,0,0,0,0,0,0,0,0,0,0,0,0,0,0,0,0,0,0,0
1986,27,5,56,53.963,2,7,0,-1,1,0,1,1,25,0,0,0,1028,0,0,0,0,0,1,1,0,0,0,-189.0590019,0,0,0,0,3,1,1,5,10,0,0,0,3,1,1,5,1000,0,0,0,0,0,0,0,0,0,0,0,0,0,0,0,0,0,0,0,0,0,0,0,0,0,0,0,0,0,0,0,0,0,0,0,0,0,0,0,0,0,0,0,0,0,0,0,0,0,0,0
1986,27,5,58,29.963,2,7,0,-1,1,0,1,1,25,0,0,0,1028,0,0,0,0,0,1,1,0,0,0,-189.1460247,0,0,0,0,3,1,1,5,10,0,0,0,3,1,1,5,1000,0,0,0,0,0,0,0,0,0,0,0,0,0,0,0,0,0,0,0,0,0,0,0,0,0,0,0,0,0,0,0,0,0,0,0,0,0,0,0,0,0,0,0,0,0,0,0,0,0,0,0
1986,27,6,0,5.963,2,7,0,-1,1,0,1,1,25,0,0,0,1028,0,0,0,0,0,1,1,0,0,0,-189.2330471,0,0,0,0,3,1,1,5,10,0,0,0,3,1,1,5,1000,0,0,0,0,0,0,0,0,0,0,0,0,0,0,0,0,0,0,0,0,0,0,0,0,0,0,0,0,0,0,0,0,0,0,0,0,0,0,0,0,0,0,0,0,0,0,0,0,0,0,0
1986,27,6,1,41.963,2,7,0,-1,1,0,1,1,25,0,0,0,1028,0,0,0,0,0,1,1,0,0,0,-189.3200689,0,0,0,0,3,1,1,5,10,0,0,0,3,1,1,5,1000,0,0,0,0,0,0,0,0,0,0,0,0,0,0,0,0,0,0,0,0,0,0,0,0,0,0,0,0,0,0,0,0,0,0,0,0,0,0,0,0,0,0,0,0,0,0,0,0,0,0,0
1986,27,6,3,17.962,2,7,0,-1,1,0,1,1,25,0,0,0,1028,0,0,0,0,0,1,1,0,0,0,-189.4070903,0,0,0,0,3,1,1,5,10,0,0,0,3,1,1,5,1000,0,0,0,0,0,0,0,0,0,0,0,0,0,0,0,0,0,0,0,0,0,0,0,0,0,0,0,0,0,0,0,0,0,0,0,0,0,0,0,0,0,0,0,0,0,0,0,0,0,0,0
1986,27,6,7,17.962,2,7,0,-1,1,0,1,1,25,0,0,0,1028,0,0,0,0,0,1,1,0,0,0,-189.624644,0,0,0,0,3,1,1,5,10,0,0,0,3,1,1,5,1000,0,0,0,0,0,0,0,0,0,0,0,0,0,0,0,0,0,0,0,0,0,0,0,0,0,0,0,0,0,0,0,0,0,0,0,0,0,0,0,0,0,0,0,0,0,0,0,0,0,0,0
1986,27,6,8,53.962,2,7,0,-1,1,0,1,1,25,0,0,0,1028,0,0,0,0,0,1,1,0,0,0,-189.711665,0,0,0,0,3,1,1,5,10,0,0,0,3,1,1,5,1000,0,0,0,0,0,0,0,0,0,0,0,0,0,0,0,0,0,0,0,0,0,0,0,0,0,0,0,0,0,0,0,0,0,0,0,0,0,0,0,0,0,0,0,0,0,0,0,0,0,0,0
1986,27,6,10,29.962,2,7,0,-1,1,0,1,1,25,0,0,0,1028,0,0,0,0,0,1,1,0,0,0,-189.7986857,0,0,0,0,3,1,1,5,10,0,0,0,3,1,1,5,1000,0,0,0,0,0,0,0,0,0,0,0,0,0,0,0,0,0,0,0,0,0,0,0,0,0,0,0,0,0,0,0,0,0,0,0,0,0,0,0,0,0,0,0,0,0,0,0,0,0,0,0
1986,27,6,12,5.962,2,7,0,-1,1,0,1,1,25,0,0,0,1028,0,0,0,0,0,1,1,0,0,0,-189.8857062,0,0,0,0,3,1,1,5,10,0,0,0,3,1,1,5,1000,0,0,0,0,0,0,0,0,0,0,0,0,0,0,0,0,0,0,0,0,0,0,0,0,0,0,0,0,0,0,0,0,0,0,0,0,0,0,0,0,0,0,0,0,0,0,0,0,0,0,0
1986,27,6,13,41.962,2,7,0,-1,1,0,1,1,25,0,0,0,1028,0,0,0,0,0,1,1,0,0,0,-189.9727264,0,0,0,0,3,1,1,5,10,0,0,0,3,1,1,5,1000,0,0,0,0,0,0,0,0,0,0,0,0,0,0,0,0,0,0,0,0,0,0,0,0,0,0,0,0,0,0,0,0,0,0,0,0,0,0,0,0,0,0,0,0,0,0,0,0,0,0,0
1986,27,6,15,17.962,2,7,0,-1,1,0,1,1,25,0,0,0,1028,0,0,0,0,0,1,1,0,0,0,-190.0597463,0,0,0,0,3,1,1,5,10,0,0,0,3,1,1,5,1000,0,0,0,0,0,0,0,0,0,0,0,0,0,0,0,0,0,0,0,0,0,0,0,0,0,0,0,0,0,0,0,0,0,0,0,0,0,0,0,0,0,0,0,0,0,0,0,0,0,0,0
1986,27,6,19,17.961,2,7,0,-1,1,0,1,1,25,0,0,0,1028,0,0,0,0,0,1,1,0,0,0,-190.2772941,0,0,0,0,3,1,1,5,10,0,0,0,3,1,1,5,1000,0,0,0,0,0,0,0,0,0,0,0,0,0,0,0,0,0,0,0,0,0,0,0,0,0,0,0,0,0,0,0,0,0,0,0,0,0,0,0,0,0,0,0,0,0,0,0,0,0,0,0
1986,27,6,20,53.961,2,7,0,-1,1,0,1,1,25,0,0,0,1028,0,0,0,0,0,1,1,0,0,0,-190.3643131,0,0,0,0,3,1,1,5,10,0,0,0,3,1,1,5,1000,0,0,0,0,0,0,0,0,0,0,0,0,0,0,0,0,0,0,0,0,0,0,0,0,0,0,0,0,0,0,0,0,0,0,0,0,0,0,0,0,0,0,0,0,0,0,0,0,0,0,0
1986,27,6,22,29.961,2,7,0,-1,1,0,1,1,25,0,0,0,1028,0,0,0,0,0,1,1,0,0,0,-190.4513319,0,0,0,0,3,1,1,5,10,0,0,0,3,1,1,5,1000,0,0,0,0,0,0,0,0,0,0,0,0,0,0,0,0,0,0,0,0,0,0,0,0,0,0,0,0,0,0,0,0,0,0,0,0,0,0,0,0,0,0,0,0,0,0,0,0,0,0,0
1986,27,6,24,5.961,2,7,0,-1,1,0,1,1,25,0,0,0,1028,0,0,0,0,0,1,1,0,0,0,-190.5383504,0,0,0,0,3,1,1,5,10,0,0,0,3,1,1,5,1000,0,0,0,0,0,0,0,0,0,0,0,0,0,0,0,0,0,0,0,0,0,0,0,0,0,0,0,0,0,0,0,0,0,0,0,0,0,0,0,0,0,0,0,0,0,0,0,0,0,0,0
1986,27,6,25,41.961,2,7,0,-1,1,0,1,1,25,0,0,0,1028,0,0,0,0,0,1,1,0,0,0,-190.6253686,0,0,0,0,3,1,1,5,10,0,0,0,3,1,1,5,1000,0,0,0,0,0,0,0,0,0,0,0,0,0,0,0,0,0,0,0,0,0,0,0,0,0,0,0,0,0,0,0,0,0,0,0,0,0,0,0,0,0,0,0,0,0,0,0,0,0,0,0
1986,27,6,27,17.961,2,7,0,-1,1,0,1,1,25,0,0,0,1028,0,0,0,0,0,1,1,0,0,0,-190.7123866,0,0,0,0,3,1,1,5,10,0,0,0,3,1,1,5,1000,0,0,0,0,0,0,0,0,0,0,0,0,0,0,0,0,0,0,0,0,0,0,0,0,0,0,0,0,0,0,0,0,0,0,0,0,0,0,0,0,0,0,0,0,0,0,0,0,0,0,0
1986,27,6,31,17.961,2,7,0,-1,1,0,1,1,25,0,0,0,1028,0,0,0,0,0,1,1,0,0,0,-190.9299303,0,0,0,0,3,1,1,5,10,0,0,0,3,1,1,5,1000,0,0,0,0,0,0,0,0,0,0,0,0,0,0,0,0,0,0,0,0,0,0,0,0,0,0,0,0,0,0,0,0,0,0,0,0,0,0,0,0,0,0,0,0,0,0,0,0,0,0,0
1986,27,6,32,53.96,2,7,0,-1,1,0,1,1,25,0,0,0,1028,0,0,0,0,0,1,1,0,0,0,-191.0169465,0,0,0,0,3,1,1,5,10,0,0,0,3,1,1,5,1000,0,0,0,0,0,0,0,0,0,0,0,0,0,0,0,0,0,0,0,0,0,0,0,0,0,0,0,0,0,0,0,0,0,0,0,0,0,0,0,0,0,0,0,0,0,0,0,0,0,0,0
1986,27,6,34,29.96,2,7,0,-1,1,0,1,1,25,0,0,0,1028,0,0,0,0,0,1,1,0,0,0,-191.1039633,0,0,0,0,3,1,1,5,10,0,0,0,3,1,1,5,1000,0,0,0,0,0,0,0,0,0,0,0,0,0,0,0,0,0,0,0,0,0,0,0,0,0,0,0,0,0,0,0,0,0,0,0,0,0,0,0,0,0,0,0,0,0,0,0,0,0,0,0
1986,27,6,36,5.96,2,7,0,-1,1,0,1,1,25,0,0,0,1028,0,0,0,0,0,1,1,0,0,0,-191.1909798,0,0,0,0,3,1,1,5,10,0,0,0,3,1,1,5,1000,0,0,0,0,0,0,0,0,0,0,0,0,0,0,0,0,0,0,0,0,0,0,0,0,0,0,0,0,0,0,0,0,0,0,0,0,0,0,0,0,0,0,0,0,0,0,0,0,0,0,0
1986,27,6,37,41.96,2,7,0,-1,1,0,1,1,25,0,0,0,1028,0,0,0,0,0,1,1,0,0,0,-191.277996,0,0,0,0,3,1,1,5,10,0,0,0,3,1,1,5,1000,0,0,0,0,0,0,0,0,0,0,0,0,0,0,0,0,0,0,0,0,0,0,0,0,0,0,0,0,0,0,0,0,0,0,0,0,0,0,0,0,0,0,0,0,0,0,0,0,0,0,0
1986,27,6,39,17.96,2,7,0,-1,1,0,1,1,25,0,0,0,1028,0,0,0,0,0,1,1,0,0,0,-191.365012,0,0,0,0,3,1,1,5,10,0,0,0,3,1,1,5,1000,0,0,0,0,0,0,0,0,0,0,0,0,0,0,0,0,0,0,0,0,0,0,0,0,0,0,0,0,0,0,0,0,0,0,0,0,0,0,0,0,0,0,0,0,0,0,0,0,0,0,0
1986,27,6,43,17.96,2,7,0,-1,1,0,1,1,25,0,0,0,1028,0,0,0,0,0,1,1,0,0,0,-191.5825509,0,0,0,0,3,1,1,5,10,0,0,0,3,1,1,5,1000,0,0,0,0,0,0,0,0,0,0,0,0,0,0,0,0,0,0,0,0,0,0,0,0,0,0,0,0,0,0,0,0,0,0,0,0,0,0,0,0,0,0,0,0,0,0,0,0,0,0,0
1986,27,6,44,53.96,2,7,0,-1,1,0,1,1,25,0,0,0,1028,0,0,0,0,0,1,1,0,0,0,-191.669566,0,0,0,0,3,1,1,5,10,0,0,0,3,1,1,5,1000,0,0,0,0,0,0,0,0,0,0,0,0,0,0,0,0,0,0,0,0,0,0,0,0,0,0,0,0,0,0,0,0,0,0,0,0,0,0,0,0,0,0,0,0,0,0,0,0,0,0,0
1986,27,6,46,29.96,2,7,0,-1,1,0,1,1,25,0,0,0,1028,0,0,0,0,0,1,1,0,0,0,-191.7565808,0,0,0,0,3,1,1,5,10,0,0,0,3,1,1,5,1000,0,0,0,0,0,0,0,0,0,0,0,0,0,0,0,0,0,0,0,0,0,0,0,0,0,0,0,0,0,0,0,0,0,0,0,0,0,0,0,0,0,0,0,0,0,0,0,0,0,0,0
1986,27,6,48,5.959,2,7,0,-1,1,0,1,1,25,0,0,0,1028,0,0,0,0,0,1,1,0,0,0,-191.8435945,0,0,0,0,3,1,1,5,10,0,0,0,3,1,1,5,1000,0,0,0,0,0,0,0,0,0,0,0,0,0,0,0,0,0,0,0,0,0,0,0,0,0,0,0,0,0,0,0,0,0,0,0,0,0,0,0,0,0,0,0,0,0,0,0,0,0,0,0
1986,27,6,49,41.959,2,7,0,-1,1,0,1,1,25,0,0,0,1028,0,0,0,0,0,1,1,0,0,0,-191.9306088,0,0,0,0,3,1,1,5,10,0,0,0,3,1,1,5,1000,0,0,0,0,0,0,0,0,0,0,0,0,0,0,0,0,0,0,0,0,0,0,0,0,0,0,0,0,0,0,0,0,0,0,0,0,0,0,0,0,0,0,0,0,0,0,0,0,0,0,0
1986,27,6,51,17.959,2,7,0,-1,1,0,1,1,25,0,0,0,1028,0,0,0,0,0,1,1,0,0,0,-192.0176228,0,0,0,0,3,1,1,5,10,0,0,0,3,1,1,5,1000,0,0,0,0,0,0,0,0,0,0,0,0,0,0,0,0,0,0,0,0,0,0,0,0,0,0,0,0,0,0,0,0,0,0,0,0,0,0,0,0,0,0,0,0,0,0,0,0,0,0,0
1986,27,6,55,17.959,2,7,0,-1,1,0,1,1,25,0,0,0,1028,0,0,0,0,0,1,1,0,0,0,-192.2351568,0,0,0,0,3,1,1,5,10,0,0,0,3,1,1,5,1000,0,0,0,0,0,0,0,0,0,0,0,0,0,0,0,0,0,0,0,0,0,0,0,0,0,0,0,0,0,0,0,0,0,0,0,0,0,0,0,0,0,0,0,0,0,0,0,0,0,0,0
1986,27,6,56,53.959,2,7,0,-1,1,0,1,1,25,0,0,0,1028,0,0,0,0,0,1,1,0,0,0,-192.3221699,0,0,0,0,3,1,1,5,10,0,0,0,3,1,1,5,1000,0,0,0,0,0,0,0,0,0,0,0,0,0,0,0,0,0,0,0,0,0,0,0,0,0,0,0,0,0,0,0,0,0,0,0,0,0,0,0,0,0,0,0,0,0,0,0,0,0,0,0
1986,27,6,58,29.959,2,7,0,-1,1,0,1,1,25,0,0,0,1028,0,0,0,0,0,1,1,0,0,0,-192.4091828,0,0,0,0,3,1,1,5,10,0,0,0,3,1,1,5,1000,0,0,0,0,0,0,0,0,0,0,0,0,0,0,0,0,0,0,0,0,0,0,0,0,0,0,0,0,0,0,0,0,0,0,0,0,0,0,0,0,0,0,0,0,0,0,0,0,0,0,0
1986,27,7,0,5.959,2,7,0,-1,1,0,1,1,25,0,0,0,1028,0,0,0,0,0,1,1,0,0,0,-192.4961955,0,0,0,0,3,1,1,5,10,0,0,0,3,1,1,5,1000,0,0,0,0,0,0,0,0,0,0,0,0,0,0,0,0,0,0,0,0,0,0,0,0,0,0,0,0,0,0,0,0,0,0,0,0,0,0,0,0,0,0,0,0,0,0,0,0,0,0,0
1986,27,7,1,41.959,2,7,0,-1,1,0,1,1,25,0,0,0,1028,0,0,0,0,0,1,1,0,0,0,-192.5832078,0,0,0,0,3,1,1,5,10,0,0,0,3,1,1,5,1000,0,0,0,0,0,0,0,0,0,0,0,0,0,0,0,0,0,0,0,0,0,0,0,0,0,0,0,0,0,0,0,0,0,0,0,0,0,0,0,0,0,0,0,0,0,0,0,0,0,0,0
1986,27,7,3,17.958,2,7,0,-1,1,0,1,1,25,0,0,0,1028,0,0,0,0,0,1,1,0,0,0,-192.670219,0,0,0,0,3,1,1,5,10,0,0,0,3,1,1,5,1000,0,0,0,0,0,0,0,0,0,0,0,0,0,0,0,0,0,0,0,0,0,0,0,0,0,0,0,0,0,0,0,0,0,0,0,0,0,0,0,0,0,0,0,0,0,0,0,0,0,0,0
1986,27,7,7,17.958,2,7,0,-1,1,0,1,1,25,0,0,0,1028,0,0,0,0,0,1,1,0,0,0,-192.8877482,0,0,0,0,3,1,1,5,10,0,0,0,3,1,1,5,1000,0,0,0,0,0,0,0,0,0,0,0,0,0,0,0,0,0,0,0,0,0,0,0,0,0,0,0,0,0,0,0,0,0,0,0,0,0,0,0,0,0,0,0,0,0,0,0,0,0,0,0
1986,27,7,8,53.958,2,7,0,-1,1,0,1,1,25,0,0,0,1028,0,0,0,0,0,1,1,0,0,0,-192.9747594,0,0,0,0,3,1,1,5,10,0,0,0,3,1,1,5,1000,0,0,0,0,0,0,0,0,0,0,0,0,0,0,0,0,0,0,0,0,0,0,0,0,0,0,0,0,0,0,0,0,0,0,0,0,0,0,0,0,0,0,0,0,0,0,0,0,0,0,0
1986,27,7,10,29.958,2,7,0,-1,1,0,1,1,25,0,0,0,1028,0,0,0,0,0,1,1,0,0,0,-193.0617703,0,0,0,0,3,1,1,5,10,0,0,0,3,1,1,5,1000,0,0,0,0,0,0,0,0,0,0,0,0,0,0,0,0,0,0,0,0,0,0,0,0,0,0,0,0,0,0,0,0,0,0,0,0,0,0,0,0,0,0,0,0,0,0,0,0,0,0,0
1986,27,7,12,5.958,2,7,0,-1,1,0,1,1,25,0,0,0,1028,0,0,0,0,0,1,1,0,0,0,-193.148781,0,0,0,0,3,1,1,5,10,0,0,0,3,1,1,5,1000,0,0,0,0,0,0,0,0,0,0,0,0,0,0,0,0,0,0,0,0,0,0,0,0,0,0,0,0,0,0,0,0,0,0,0,0,0,0,0,0,0,0,0,0,0,0,0,0,0,0,0
1986,27,7,13,41.958,2,7,0,-1,1,0,1,1,25,0,0,0,1028,0,0,0,0,0,1,1,0,0,0,-193.2357914,0,0,0,0,3,1,1,5,10,0,0,0,3,1,1,5,1000,0,0,0,0,0,0,0,0,0,0,0,0,0,0,0,0,0,0,0,0,0,0,0,0,0,0,0,0,0,0,0,0,0,0,0,0,0,0,0,0,0,0,0,0,0,0,0,0,0,0,0
1986,27,7,15,17.958,2,7,0,-1,1,0,1,1,25,0,0,0,1028,0,0,0,0,0,1,1,0,0,0,-193.3228016,0,0,0,0,3,1,1,5,10,0,0,0,3,1,1,5,1000,0,0,0,0,0,0,0,0,0,0,0,0,0,0,0,0,0,0,0,0,0,0,0,0,0,0,0,0,0,0,0,0,0,0,0,0,0,0,0,0,0,0,0,0,0,0,0,0,0,0,0
1986,27,7,19,17.957,2,7,0,-1,1,0,1,1,25,0,0,0,1028,0,0,0,0,0,1,1,0,0,0,-193.540325,0,0,0,0,3,1,1,5,10,0,0,0,3,1,1,5,1000,0,0,0,0,0,0,0,0,0,0,0,0,0,0,0,0,0,0,0,0,0,0,0,0,0,0,0,0,0,0,0,0,0,0,0,0,0,0,0,0,0,0,0,0,0,0,0,0,0,0,0
1986,27,7,20,53.957,2,7,0,-1,1,0,1,1,25,0,0,0,1028,0,0,0,0,0,1,1,0,0,0,-193.6273343,0,0,0,0,3,1,1,5,10,0,0,0,3,1,1,5,1000,0,0,0,0,0,0,0,0,0,0,0,0,0,0,0,0,0,0,0,0,0,0,0,0,0,0,0,0,0,0,0,0,0,0,0,0,0,0,0,0,0,0,0,0,0,0,0,0,0,0,0
1986,27,7,22,29.957,2,7,0,-1,1,0,1,1,25,0,0,0,1028,0,0,0,0,0,1,1,0,0,0,-193.7143433,0,0,0,0,3,1,1,5,10,0,0,0,3,1,1,5,1000,0,0,0,0,0,0,0,0,0,0,0,0,0,0,0,0,0,0,0,0,0,0,0,0,0,0,0,0,0,0,0,0,0,0,0,0,0,0,0,0,0,0,0,0,0,0,0,0,0,0,0
1986,27,7,24,5.957,2,7,0,-1,1,0,1,1,25,0,0,0,1028,0,0,0,0,0,1,1,0,0,0,-193.8013521,0,0,0,0,3,1,1,5,10,0,0,0,3,1,1,5,1000,0,0,0,0,0,0,0,0,0,0,0,0,0,0,0,0,0,0,0,0,0,0,0,0,0,0,0,0,0,0,0,0,0,0,0,0,0,0,0,0,0,0,0,0,0,0,0,0,0,0,0
1986,27,7,25,41.957,2,7,0,-1,1,0,1,1,25,0,0,0,1028,0,0,0,0,0,1,1,0,0,0,-193.8883606,0,0,0,0,3,1,1,5,10,0,0,0,3,1,1,5,1000,0,0,0,0,0,0,0,0,0,0,0,0,0,0,0,0,0,0,0,0,0,0,0,0,0,0,0,0,0,0,0,0,0,0,0,0,0,0,0,0,0,0,0,0,0,0,0,0,0,0,0
1986,27,7,27,17.957,2,7,0,-1,1,0,1,1,25,0,0,0,1028,0,0,0,0,0,1,1,0,0,0,-193.9753689,0,0,0,0,3,1,1,5,10,0,0,0,3,1,1,5,1000,0,0,0,0,0,0,0,0,0,0,0,0,0,0,0,0,0,0,0,0,0,0,0,0,0,0,0,0,0,0,0,0,0,0,0,0,0,0,0,0,0,0,0,0,0,0,0,0,0,0,0
1986,27,7,31,17.957,2,7,0,-1,1,0,1,1,25,0,0,0,1028,0,0,0,0,0,1,1,0,0,0,-194.1928884,0,0,0,0,3,1,1,5,10,0,0,0,3,1,1,5,1000,0,0,0,0,0,0,0,0,0,0,0,0,0,0,0,0,0,0,0,0,0,0,0,0,0,0,0,0,0,0,0,0,0,0,0,0,0,0,0,0,0,0,0,0,0,0,0,0,0,0,0
1986,27,7,32,53.957,2,7,0,-1,1,0,1,1,25,0,0,0,1028,0,0,0,0,0,1,1,0,0,0,-194.2798953,0,0,0,0,3,1,1,5,10,0,0,0,3,1,1,5,1000,0,0,0,0,0,0,0,0,0,0,0,0,0,0,0,0,0,0,0,0,0,0,0,0,0,0,0,0,0,0,0,0,0,0,0,0,0,0,0,0,0,0,0,0,0,0,0,0,0,0,0
1986,27,7,34,29.956,2,7,0,-1,1,0,1,1,25,0,0,0,1028,0,0,0,0,0,1,1,0,0,0,-194.366902,0,0,0,0,3,1,1,5,10,0,0,0,3,1,1,5,1000,0,0,0,0,0,0,0,0,0,0,0,0,0,0,0,0,0,0,0,0,0,0,0,0,0,0,0,0,0,0,0,0,0,0,0,0,0,0,0,0,0,0,0,0,0,0,0,0,0,0,0
1986,27,7,36,5.956,2,7,0,-1,1,0,1,1,25,0,0,0,1028,0,0,0,0,0,1,1,0,0,0,-194.4539089,0,0,0,0,3,1,1,5,10,0,0,0,3,1,1,5,1000,0,0,0,0,0,0,0,0,0,0,0,0,0,0,0,0,0,0,0,0,0,0,0,0,0,0,0,0,0,0,0,0,0,0,0,0,0,0,0,0,0,0,0,0,0,0,0,0,0,0,0
1986,27,7,37,41.956,2,7,0,-1,1,0,1,1,25,0,0,0,1028,0,0,0,0,0,1,1,0,0,0,-194.5409155,0,0,0,0,3,1,1,5,10,0,0,0,3,1,1,5,1000,0,0,0,0,0,0,0,0,0,0,0,0,0,0,0,0,0,0,0,0,0,0,0,0,0,0,0,0,0,0,0,0,0,0,0,0,0,0,0,0,0,0,0,0,0,0,0,0,0,0,0
1986,27,7,39,17.956,2,7,0,-1,1,0,1,1,25,0,0,0,1028,0,0,0,0,0,1,1,0,0,0,-194.6279218,0,0,0,0,3,1,1,5,10,0,0,0,3,1,1,5,1000,0,0,0,0,0,0,0,0,0,0,0,0,0,0,0,0,0,0,0,0,0,0,0,0,0,0,0,0,0,0,0,0,0,0,0,0,0,0,0,0,0,0,0,0,0,0,0,0,0,0,0
1986,27,7,43,17.956,2,7,0,-1,1,0,1,1,25,0,0,0,1028,0,0,0,0,0,1,1,0,0,0,-194.8454366,0,0,0,0,3,1,1,5,10,0,0,0,3,1,1,5,1000,0,0,0,0,0,0,0,0,0,0,0,0,0,0,0,0,0,0,0,0,0,0,0,0,0,0,0,0,0,0,0,0,0,0,0,0,0,0,0,0,0,0,0,0,0,0,0,0,0,0,0
1986,27,7,44,53.956,2,7,0,-1,1,0,1,1,25,0,0,0,1028,0,0,0,0,0,1,1,0,0,0,-194.932442,0,0,0,0,3,1,1,5,10,0,0,0,3,1,1,5,1000,0,0,0,0,0,0,0,0,0,0,0,0,0,0,0,0,0,0,0,0,0,0,0,0,0,0,0,0,0,0,0,0,0,0,0,0,0,0,0,0,0,0,0,0,0,0,0,0,0,0,0
1986,27,7,46,29.956,2,7,0,-1,1,0,1,1,25,0,0,0,1028,0,0,0,0,0,1,1,0,0,0,-195.0194473,0,0,0,0,3,1,1,5,10,0,0,0,3,1,1,5,1000,0,0,0,0,0,0,0,0,0,0,0,0,0,0,0,0,0,0,0,0,0,0,0,0,0,0,0,0,0,0,0,0,0,0,0,0,0,0,0,0,0,0,0,0,0,0,0,0,0,0,0
1986,27,7,48,5.956,2,7,0,-1,1,0,1,1,25,0,0,0,1028,0,0,0,0,0,1,1,0,0,0,-195.1064518,0,0,0,0,3,1,1,5,10,0,0,0,3,1,1,5,1000,0,0,0,0,0,0,0,0,0,0,0,0,0,0,0,0,0,0,0,0,0,0,0,0,0,0,0,0,0,0,0,0,0,0,0,0,0,0,0,0,0,0,0,0,0,0,0,0,0,0,0
1986,27,7,49,41.955,2,7,0,-1,1,0,1,1,25,0,0,0,1028,0,0,0,0,0,1,1,0,0,0,-195.193456,0,0,0,0,3,1,1,5,10,0,0,0,3,1,1,5,1000,0,0,0,0,0,0,0,0,0,0,0,0,0,0,0,0,0,0,0,0,0,0,0,0,0,0,0,0,0,0,0,0,0,0,0,0,0,0,0,0,0,0,0,0,0,0,0,0,0,0,0
1986,27,7,51,17.955,2,7,0,-1,1,0,1,1,25,0,0,0,1028,0,0,0,0,0,1,1,0,0,0,-195.2804605,0,0,0,0,3,1,1,5,10,0,0,0,3,1,1,5,1000,0,0,0,0,0,0,0,0,0,0,0,0,0,0,0,0,0,0,0,0,0,0,0,0,0,0,0,0,0,0,0,0,0,0,0,0,0,0,0,0,0,0,0,0,0,0,0,0,0,0,0
1986,27,7,55,17.955,2,7,0,-1,1,0,1,1,25,0,0,0,1028,0,0,0,0,0,1,1,0,0,0,-195.4979705,0,0,0,0,3,1,1,5,10,0,0,0,3,1,1,5,1000,0,0,0,0,0,0,0,0,0,0,0,0,0,0,0,0,0,0,0,0,0,0,0,0,0,0,0,0,0,0,0,0,0,0,0,0,0,0,0,0,0,0,0,0,0,0,0,0,0,0,0
1986,27,7,56,53.955,2,7,0,-1,1,0,1,1,25,0,0,0,1028,0,0,0,0,0,1,1,0,0,0,-195.5849741,0,0,0,0,3,1,1,5,10,0,0,0,3,1,1,5,1000,0,0,0,0,0,0,0,0,0,0,0,0,0,0,0,0,0,0,0,0,0,0,0,0,0,0,0,0,0,0,0,0,0,0,0,0,0,0,0,0,0,0,0,0,0,0,0,0,0,0,0
1986,27,7,58,29.955,2,7,0,-1,1,0,1,1,25,0,0,0,1028,0,0,0,0,0,1,1,0,0,0,-195.6719774,0,0,0,0,3,1,1,5,10,0,0,0,3,1,1,5,1000,0,0,0,0,0,0,0,0,0,0,0,0,0,0,0,0,0,0,0,0,0,0,0,0,0,0,0,0,0,0,0,0,0,0,0,0,0,0,0,0,0,0,0,0,0,0,0,0,0,0,0
1986,27,8,0,5.955,2,7,0,-1,1,0,1,1,25,0,0,0,1028,0,0,0,0,0,1,1,0,0,0,-195.7589805,0,0,0,0,3,1,1,5,10,0,0,0,3,1,1,5,1000,0,0,0,0,0,0,0,0,0,0,0,0,0,0,0,0,0,0,0,0,0,0,0,0,0,0,0,0,0,0,0,0,0,0,0,0,0,0,0,0,0,0,0,0,0,0,0,0,0,0,0
1986,27,8,1,41.955,2,7,0,-1,1,0,1,1,25,0,0,0,1028,0,0,0,0,0,1,1,0,0,0,-195.8459833,0,0,0,0,3,1,1,5,10,0,0,0,3,1,1,5,1000,0,0,0,0,0,0,0,0,0,0,0,0,0,0,0,0,0,0,0,0,0,0,0,0,0,0,0,0,0,0,0,0,0,0,0,0,0,0,0,0,0,0,0,0,0,0,0,0,0,0,0
1986,27,8,3,17.954,2,7,0,-1,1,0,1,1,25,0,0,0,1028,0,0,0,0,0,1,1,0,0,0,-195.932985,0,0,0,0,3,1,1,5,10,0,0,0,3,1,1,5,1000,0,0,0,0,0,0,0,0,0,0,0,0,0,0,0,0,0,0,0,0,0,0,0,0,0,0,0,0,0,0,0,0,0,0,0,0,0,0,0,0,0,0,0,0,0,0,0,0,0,0,0
1986,27,8,7,17.954,2,7,0,-1,1,0,1,1,25,0,0,0,1028,0,0,0,0,0,1,1,0,0,0,-196.1504903,0,0,0,0,3,1,1,5,10,0,0,0,3,1,1,5,1000,0,0,0,0,0,0,0,0,0,0,0,0,0,0,0,0,0,0,0,0,0,0,0,0,0,0,0,0,0,0,0,0,0,0,0,0,0,0,0,0,0,0,0,0,0,0,0,0,0,0,0
1986,27,8,8,53.954,2,7,0,-1,1,0,1,1,25,0,0,0,1028,0,0,0,0,0,1,1,0,0,0,-196.237492,0,0,0,0,3,1,1,5,10,0,0,0,3,1,1,5,1000,0,0,0,0,0,0,0,0,0,0,0,0,0,0,0,0,0,0,0,0,0,0,0,0,0,0,0,0,0,0,0,0,0,0,0,0,0,0,0,0,0,0,0,0,0,0,0,0,0,0,0
1986,27,8,10,29.954,2,7,0,-1,1,0,1,1,25,0,0,0,1028,0,0,0,0,0,1,1,0,0,0,-196.3244935,0,0,0,0,3,1,1,5,10,0,0,0,3,1,1,5,1000,0,0,0,0,0,0,0,0,0,0,0,0,0,0,0,0,0,0,0,0,0,0,0,0,0,0,0,0,0,0,0,0,0,0,0,0,0,0,0,0,0,0,0,0,0,0,0,0,0,0,0
1986,27,8,12,5.954,2,7,0,-1,1,0,1,1,25,0,0,0,1028,0,0,0,0,0,1,1,0,0,0,-196.4114947,0,0,0,0,3,1,1,5,10,0,0,0,3,1,1,5,1000,0,0,0,0,0,0,0,0,0,0,0,0,0,0,0,0,0,0,0,0,0,0,0,0,0,0,0,0,0,0,0,0,0,0,0,0,0,0,0,0,0,0,0,0,0,0,0,0,0,0,0
1986,27,8,13,41.954,2,7,0,-1,1,0,1,1,25,0,0,0,1028,0,0,0,0,0,1,1,0,0,0,-196.4984956,0,0,0,0,3,1,1,5,10,0,0,0,3,1,1,5,1000,0,0,0,0,0,0,0,0,0,0,0,0,0,0,0,0,0,0,0,0,0,0,0,0,0,0,0,0,0,0,0,0,0,0,0,0,0,0,0,0,0,0,0,0,0,0,0,0,0,0,0
1986,27,8,15,17.954,2,7,0,-1,1,0,1,1,25,0,0,0,1028,0,0,0,0,0,1,1,0,0,0,-196.5854963,0,0,0,0,3,1,1,5,10,0,0,0,3,1,1,5,1000,0,0,0,0,0,0,0,0,0,0,0,0,0,0,0,0,0,0,0,0,0,0,0,0,0,0,0,0,0,0,0,0,0,0,0,0,0,0,0,0,0,0,0,0,0,0,0,0,0,0,0
1986,27,8,19,17.953,2,7,0,-1,1,0,1,1,25,0,0,0,1028,0,0,0,0,0,1,1,0,0,0,-196.802996,0,0,0,0,3,1,1,5,10,0,0,0,3,1,1,5,1000,0,0,0,0,0,0,0,0,0,0,0,0,0,0,0,0,0,0,0,0,0,0,0,0,0,0,0,0,0,0,0,0,0,0,0,0,0,0,0,0,0,0,0,0,0,0,0,0,0,0,0
1986,27,8,20,53.953,2,7,0,-1,1,0,1,1,25,0,0,0,1028,0,0,0,0,0,1,1,0,0,0,-196.8899959,0,0,0,0,3,1,1,5,10,0,0,0,3,1,1,5,1000,0,0,0,0,0,0,0,0,0,0,0,0,0,0,0,0,0,0,0,0,0,0,0,0,0,0,0,0,0,0,0,0,0,0,0,0,0,0,0,0,0,0,0,0,0,0,0,0,0,0,0
1986,27,8,22,29.953,2,7,0,-1,1,0,1,1,25,0,0,0,1028,0,0,0,0,0,1,1,0,0,0,-196.9769954,0,0,0,0,3,1,1,5,10,0,0,0,3,1,1,5,1000,0,0,0,0,0,0,0,0,0,0,0,0,0,0,0,0,0,0,0,0,0,0,0,0,0,0,0,0,0,0,0,0,0,0,0,0,0,0,0,0,0,0,0,0,0,0,0,0,0,0,0
1986,27,8,24,5.953,2,7,0,-1,1,0,1,1,25,0,0,0,1028,0,0,0,0,0,1,1,0,0,0,-197.0639948,0,0,0,0,3,1,1,5,10,0,0,0,3,1,1,5,1000,0,0,0,0,0,0,0,0,0,0,0,0,0,0,0,0,0,0,0,0,0,0,0,0,0,0,0,0,0,0,0,0,0,0,0,0,0,0,0,0,0,0,0,0,0,0,0,0,0,0,0
1986,27,8,25,41.953,2,7,0,-1,1,0,1,1,25,0,0,0,1028,0,0,0,0,0,1,1,0,0,0,-197.1509939,0,0,0,0,3,1,1,5,10,0,0,0,3,1,1,5,1000,0,0,0,0,0,0,0,0,0,0,0,0,0,0,0,0,0,0,0,0,0,0,0,0,0,0,0,0,0,0,0,0,0,0,0,0,0,0,0,0,0,0,0,0,0,0,0,0,0,0,0
1986,27,8,27,17.953,2,7,0,-1,1,0,1,1,25,0,0,0,1028,0,0,0,0,0,1,1,0,0,0,-197.2379927,0,0,0,0,3,1,1,5,10,0,0,0,3,1,1,5,1000,0,0,0,0,0,0,0,0,0,0,0,0,0,0,0,0,0,0,0,0,0,0,0,0,0,0,0,0,0,0,0,0,0,0,0,0,0,0,0,0,0,0,0,0,0,0,0,0,0,0,0
1986,27,8,31,17.953,2,7,0,-1,1,0,1,1,25,0,0,0,1028,0,0,0,0,0,1,1,0,0,0,-197.4554887,0,0,0,0,3,1,1,5,10,0,0,0,3,1,1,5,1000,0,0,0,0,0,0,0,0,0,0,0,0,0,0,0,0,0,0,0,0,0,0,0,0,0,0,0,0,0,0,0,0,0,0,0,0,0,0,0,0,0,0,0,0,0,0,0,0,0,0,0
1986,27,8,32,53.953,2,7,0,-1,1,0,1,1,25,0,0,0,1028,0,0,0,0,0,1,1,0,0,0,-197.5424862,0,0,0,0,3,1,1,5,10,0,0,0,3,1,1,5,1000,0,0,0,0,0,0,0,0,0,0,0,0,0,0,0,0,0,0,0,0,0,0,0,0,0,0,0,0,0,0,0,0,0,0,0,0,0,0,0,0,0,0,0,0,0,0,0,0,0,0,0
1986,27,8,34,29.952,2,7,0,-1,1,0,1,1,25,0,0,0,1028,0,0,0,0,0,1,1,0,0,0,-197.6294835,0,0,0,0,3,1,1,5,10,0,0,0,3,1,1,5,1000,0,0,0,0,0,0,0,0,0,0,0,0,0,0,0,0,0,0,0,0,0,0,0,0,0,0,0,0,0,0,0,0,0,0,0,0,0,0,0,0,0,0,0,0,0,0,0,0,0,0,0
1986,27,8,36,5.952,2,7,0,-1,1,0,1,1,25,0,0,0,1028,0,0,0,0,0,1,1,0,0,0,-197.716481,0,0,0,0,3,1,1,5,10,0,0,0,3,1,1,5,1000,0,0,0,0,0,0,0,0,0,0,0,0,0,0,0,0,0,0,0,0,0,0,0,0,0,0,0,0,0,0,0,0,0,0,0,0,0,0,0,0,0,0,0,0,0,0,0,0,0,0,0
1986,27,8,37,41.952,2,7,0,-1,1,0,1,1,25,0,0,0,1028,0,0,0,0,0,1,1,0,0,0,-197.8034782,0,0,0,0,3,1,1,5,10,0,0,0,3,1,1,5,1000,0,0,0,0,0,0,0,0,0,0,0,0,0,0,0,0,0,0,0,0,0,0,0,0,0,0,0,0,0,0,0,0,0,0,0,0,0,0,0,0,0,0,0,0,0,0,0,0,0,0,0
1986,27,8,39,17.952,2,7,0,-1,1,0,1,1,25,0,0,0,1028,0,0,0,0,0,1,1,0,0,0,-197.8904752,0,0,0,0,3,1,1,5,10,0,0,0,3,1,1,5,1000,0,0,0,0,0,0,0,0,0,0,0,0,0,0,0,0,0,0,0,0,0,0,0,0,0,0,0,0,0,0,0,0,0,0,0,0,0,0,0,0,0,0,0,0,0,0,0,0,0,0,0
1986,27,8,43,17.952,2,7,0,-1,1,0,1,1,25,0,0,0,1028,0,0,0,0,0,1,1,0,0,0,-198.1079665,0,0,0,0,3,1,1,5,10,0,0,0,3,1,1,5,1000,0,0,0,0,0,0,0,0,0,0,0,0,0,0,0,0,0,0,0,0,0,0,0,0,0,0,0,0,0,0,0,0,0,0,0,0,0,0,0,0,0,0,0,0,0,0,0,0,0,0,0
1986,27,8,44,53.952,2,7,0,-1,1,0,1,1,25,0,0,0,1028,0,0,0,0,0,1,1,0,0,0,-198.1949627,0,0,0,0,3,1,1,5,10,0,0,0,3,1,1,5,1000,0,0,0,0,0,0,0,0,0,0,0,0,0,0,0,0,0,0,0,0,0,0,0,0,0,0,0,0,0,0,0,0,0,0,0,0,0,0,0,0,0,0,0,0,0,0,0,0,0,0,0
1986,27,8,46,29.952,2,7,0,-1,1,0,1,1,25,0,0,0,1028,0,0,0,0,0,1,1,0,0,0,-198.2819585,0,0,0,0,3,1,1,5,10,0,0,0,3,1,1,5,1000,0,0,0,0,0,0,0,0,0,0,0,0,0,0,0,0,0,0,0,0,0,0,0,0,0,0,0,0,0,0,0,0,0,0,0,0,0,0,0,0,0,0,0,0,0,0,0,0,0,0,0
1986,27,8,48,5.952,2,7,0,-1,1,0,1,1,25,0,0,0,1028,0,0,0,0,0,1,1,0,0,0,-198.3689537,0,0,0,0,3,1,1,5,10,0,0,0,3,1,1,5,1000,0,0,0,0,0,0,0,0,0,0,0,0,0,0,0,0,0,0,0,0,0,0,0,0,0,0,0,0,0,0,0,0,0,0,0,0,0,0,0,0,0,0,0,0,0,0,0,0,0,0,0
1986,27,8,49,41.951,2,7,0,-1,1,0,1,1,25,0,0,0,1028,0,0,0,0,0,1,1,0,0,0,-198.4559486,0,0,0,0,3,1,1,5,10,0,0,0,3,1,1,5,1000,0,0,0,0,0,0,0,0,0,0,0,0,0,0,0,0,0,0,0,0,0,0,0,0,0,0,0,0,0,0,0,0,0,0,0,0,0,0,0,0,0,0,0,0,0,0,0,0,0,0,0
1986,27,8,51,17.951,2,7,0,-1,1,0,1,1,25,0,0,0,1028,0,0,0,0,0,1,1,0,0,0,-198.5429438,0,0,0,0,3,1,1,5,10,0,0,0,3,1,1,5,1000,0,0,0,0,0,0,0,0,0,0,0,0,0,0,0,0,0,0,0,0,0,0,0,0,0,0,0,0,0,0,0,0,0,0,0,0,0,0,0,0,0,0,0,0,0,0,0,0,0,0,0
1986,27,8,55,17.951,2,7,0,-1,1,0,1,1,25,0,0,0,1028,0,0,0,0,0,1,1,0,0,0,-198.7604306,0,0,0,0,3,1,1,5,10,0,0,0,3,1,1,5,1000,0,0,0,0,0,0,0,0,0,0,0,0,0,0,0,0,0,0,0,0,0,0,0,0,0,0,0,0,0,0,0,0,0,0,0,0,0,0,0,0,0,0,0,0,0,0,0,0,0,0,0
1986,27,8,56,53.951,2,7,0,-1,1,0,1,1,25,0,0,0,1028,0,0,0,0,0,1,1,0,0,0,-198.8474248,0,0,0,0,3,1,1,5,10,0,0,0,3,1,1,5,1000,0,0,0,0,0,0,0,0,0,0,0,0,0,0,0,0,0,0,0,0,0,0,0,0,0,0,0,0,0,0,0,0,0,0,0,0,0,0,0,0,0,0,0,0,0,0,0,0,0,0,0
1986,27,8,58,29.951,2,7,0,-1,1,0,1,1,25,0,0,0,1028,0,0,0,0,0,1,1,0,0,0,-198.9344189,0,0,0,0,3,1,1,5,10,0,0,0,3,1,1,5,1000,0,0,0,0,0,0,0,0,0,0,0,0,0,0,0,0,0,0,0,0,0,0,0,0,0,0,0,0,0,0,0,0,0,0,0,0,0,0,0,0,0,0,0,0,0,0,0,0,0,0,0
1986,27,9,0,5.951,2,7,0,-1,1,0,1,1,25,0,0,0,1028,0,0,0,0,0,1,1,0,0,0,-199.0214127,0,0,0,0,3,1,1,5,10,0,0,0,3,1,1,5,1000,0,0,0,0,0,0,0,0,0,0,0,0,0,0,0,0,0,0,0,0,0,0,0,0,0,0,0,0,0,0,0,0,0,0,0,0,0,0,0,0,0,0,0,0,0,0,0,0,0,0,0
1986,27,9,1,41.951,2,7,0,-1,1,0,1,1,25,0,0,0,1028,0,0,0,0,0,1,1,0,0,0,-199.1084062,0,0,0,0,3,1,1,5,10,0,0,0,3,1,1,5,1000,0,0,0,0,0,0,0,0,0,0,0,0,0,0,0,0,0,0,0,0,0,0,0,0,0,0,0,0,0,0,0,0,0,0,0,0,0,0,0,0,0,0,0,0,0,0,0,0,0,0,0
1986,27,9,3,17.951,2,7,0,-1,1,0,1,1,25,0,0,0,1028,0,0,0,0,0,1,1,0,0,0,-199.1953991,0,0,0,0,3,1,1,5,10,0,0,0,3,1,1,5,1000,0,0,0,0,0,0,0,0,0,0,0,0,0,0,0,0,0,0,0,0,0,0,0,0,0,0,0,0,0,0,0,0,0,0,0,0,0,0,0,0,0,0,0,0,0,0,0,0,0,0,0
1986,27,9,7,17.95,2,7,0,-1,1,0,1,1,25,0,0,0,1028,0,0,0,0,0,1,1,0,0,0,-199.4128808,0,0,0,0,3,1,1,5,10,0,0,0,3,1,1,5,1000,0,0,0,0,0,0,0,0,0,0,0,0,0,0,0,0,0,0,0,0,0,0,0,0,0,0,0,0,0,0,0,0,0,0,0,0,0,0,0,0,0,0,0,0,0,0,0,0,0,0,0
1986,27,9,10,29.95,2,7,0,-1,1,0,1,1,25,0,0,0,1028,0,0,0,0,0,1,1,0,0,0,-199.5868655,0,0,0,0,3,1,1,5,10,0,0,0,3,1,1,5,1000,0,0,0,0,0,0,0,0,0,0,0,0,0,0,0,0,0,0,0,0,0,0,0,0,0,0,0,0,0,0,0,0,0,0,0,0,0,0,0,0,0,0,0,0,0,0,0,0,0,0,0
1986,27,9,12,5.95,2,7,0,-1,1,0,1,1,25,0,0,0,1028,0,0,0,0,0,1,1,0,0,0,-199.6738575,0,0,0,0,3,1,1,5,10,0,0,0,3,1,1,5,1000,0,0,0,0,0,0,0,0,0,0,0,0,0,0,0,0,0,0,0,0,0,0,0,0,0,0,0,0,0,0,0,0,0,0,0,0,0,0,0,0,0,0,0,0,0,0,0,0,0,0,0
1986,27,9,13,41.95,2,7,0,-1,1,0,1,1,25,0,0,0,1028,0,0,0,0,0,1,1,0,0,0,-199.7608492,0,0,0,0,3,1,1,5,10,0,0,0,3,1,1,5,1000,0,0,0,0,0,0,0,0,0,0,0,0,0,0,0,0,0,0,0,0,0,0,0,0,0,0,0,0,0,0,0,0,0,0,0,0,0,0,0,0,0,0,0,0,0,0,0,0,0,0,0
1986,27,9,15,17.95,2,7,0,-1,1,0,1,1,25,0,0,0,1028,0,0,0,0,0,1,1,0,0,0,-199.8478407,0,0,0,0,3,1,1,5,10,0,0,0,3,1,1,5,1000,0,0,0,0,0,0,0,0,0,0,0,0,0,0,0,0,0,0,0,0,0,0,0,0,0,0,0,0,0,0,0,0,0,0,0,0,0,0,0,0,0,0,0,0,0,0,0,0,0,0,0
1986,27,9,19,17.949,2,7,0,-1,1,0,1,1,25,0,0,0,1028,0,0,0,0,0,1,1,0,0,0,-200.0653174,0,0,0,0,3,1,1,5,10,0,0,0,3,1,1,5,1000,0,0,0,0,0,0,0,0,0,0,0,0,0,0,0,0,0,0,0,0,0,0,0,0,0,0,0,0,0,0,0,0,0,0,0,0,0,0,0,0,0,0,0,0,0,0,0,0,0,0,0
1986,27,9,20,53.949,2,7,0,-1,1,0,1,1,25,0,0,0,1028,0,0,0,0,0,1,1,0,0,0,-200.1523081,0,0,0,0,3,1,1,5,10,0,0,0,3,1,1,5,1000,0,0,0,0,0,0,0,0,0,0,0,0,0,0,0,0,0,0,0,0,0,0,0,0,0,0,0,0,0,0,0,0,0,0,0,0,0,0,0,0,0,0,0,0,0,0,0,0,0,0,0
1986,27,9,22,29.949,2,7,0,-1,1,0,1,1,25,0,0,0,1028,0,0,0,0,0,1,1,0,0,0,-200.2392985,0,0,0,0,3,1,1,5,10,0,0,0,3,1,1,5,1000,0,0,0,0,0,0,0,0,0,0,0,0,0,0,0,0,0,0,0,0,0,0,0,0,0,0,0,0,0,0,0,0,0,0,0,0,0,0,0,0,0,0,0,0,0,0,0,0,0,0,0
1986,27,9,24,5.949,2,7,0,-1,1,0,1,1,25,0,0,0,1028,0,0,0,0,0,1,1,0,0,0,-200.3262886,0,0,0,0,3,1,1,5,10,0,0,0,3,1,1,5,1000,0,0,0,0,0,0,0,0,0,0,0,0,0,0,0,0,0,0,0,0,0,0,0,0,0,0,0,0,0,0,0,0,0,0,0,0,0,0,0,0,0,0,0,0,0,0,0,0,0,0,0
1986,27,9,25,41.949,2,7,0,-1,1,0,1,1,25,0,0,0,1028,0,0,0,0,0,1,1,0,0,0,-200.4132785,0,0,0,0,3,1,1,5,10,0,0,0,3,1,1,5,1000,0,0,0,0,0,0,0,0,0,0,0,0,0,0,0,0,0,0,0,0,0,0,0,0,0,0,0,0,0,0,0,0,0,0,0,0,0,0,0,0,0,0,0,0,0,0,0,0,0,0,0
1986,27,9,27,17.949,2,7,0,-1,1,0,1,1,25,0,0,0,1028,0,0,0,0,0,1,1,0,0,0,-200.5002682,0,0,0,0,3,1,1,5,10,0,0,0,3,1,1,5,1000,0,0,0,0,0,0,0,0,0,0,0,0,0,0,0,0,0,0,0,0,0,0,0,0,0,0,0,0,0,0,0,0,0,0,0,0,0,0,0,0,0,0,0,0,0,0,0,0,0,0,0
1986,27,9,31,17.949,2,7,0,-1,1,0,1,1,25,0,0,0,1028,0,0,0,0,0,1,1,0,0,0,-200.7177413,0,0,0,0,3,1,1,5,10,0,0,0,3,1,1,5,1000,0,0,0,0,0,0,0,0,0,0,0,0,0,0,0,0,0,0,0,0,0,0,0,0,0,0,0,0,0,0,0,0,0,0,0,0,0,0,0,0,0,0,0,0,0,0,0,0,0,0,0
1986,27,9,34,29.948,2,7,0,-1,1,0,1,1,25,0,0,0,1028,0,0,0,0,0,1,1,0,0,0,-200.8917179,0,0,0,0,3,1,1,5,10,0,0,0,3,1,1,5,1000,0,0,0,0,0,0,0,0,0,0,0,0,0,0,0,0,0,0,0,0,0,0,0,0,0,0,0,0,0,0,0,0,0,0,0,0,0,0,0,0,0,0,0,0,0,0,0,0,0,0,0
1986,27,9,36,5.948,2,7,0,-1,1,0,1,1,25,0,0,0,1028,0,0,0,0,0,1,1,0,0,0,-200.9787062,0,0,0,0,3,1,1,5,10,0,0,0,3,1,1,5,1000,0,0,0,0,0,0,0,0,0,0,0,0,0,0,0,0,0,0,0,0,0,0,0,0,0,0,0,0,0,0,0,0,0,0,0,0,0,0,0,0,0,0,0,0,0,0,0,0,0,0,0
1986,27,9,46,29.948,2,7,0,-1,1,0,1,1,25,0,0,0,1028,0,0,0,0,0,1,1,0,0,0,-201.5441247,0,0,0,0,3,1,1,5,10,0,0,0,3,1,1,5,1000,0,0,0,0,0,0,0,0,0,0,0,0,0,0,0,0,0,0,0,0,0,0,0,0,0,0,0,0,0,0,0,0,0,0,0,0,0,0,0,0,0,0,0,0,0,0,0,0,0,0,0
1986,27,9,48,5.948,2,7,0,-1,1,0,1,1,25,0,0,0,1028,0,0,0,0,0,1,1,0,0,0,-201.6311108,0,0,0,0,3,1,1,5,10,0,0,0,3,1,1,5,1000,0,0,0,0,0,0,0,0,0,0,0,0,0,0,0,0,0,0,0,0,0,0,0,0,0,0,0,0,0,0,0,0,0,0,0,0,0,0,0,0,0,0,0,0,0,0,0,0,0,0,0
1986,27,9,49,41.947,2,7,0,-1,1,0,1,1,25,0,0,0,1028,0,0,0,0,0,1,1,0,0,0,-201.7180966,0,0,0,0,3,1,1,5,10,0,0,0,3,1,1,5,1000,0,0,0,0,0,0,0,0,0,0,0,0,0,0,0,0,0,0,0,0,0,0,0,0,0,0,0,0,0,0,0,0,0,0,0,0,0,0,0,0,0,0,0,0,0,0,0,0,0,0,0
1986,27,9,51,17.947,2,7,0,-1,1,0,1,1,25,0,0,0,1028,0,0,0,0,0,1,1,0,0,0,-201.8050827,0,0,0,0,3,1,1,5,10,0,0,0,3,1,1,5,1000,0,0,0,0,0,0,0,0,0,0,0,0,0,0,0,0,0,0,0,0,0,0,0,0,0,0,0,0,0,0,0,0,0,0,0,0,0,0,0,0,0,0,0,0,0,0,0,0,0,0,0
1986,27,9,55,17.947,2,7,0,-1,1,0,1,1,25,0,0,0,1028,0,0,0,0,0,1,1,0,0,0,-202.0225469,0,0,0,0,3,1,1,5,10,0,0,0,3,1,1,5,1000,0,0,0,0,0,0,0,0,0,0,0,0,0,0,0,0,0,0,0,0,0,0,0,0,0,0,0,0,0,0,0,0,0,0,0,0,0,0,0,0,0,0,0,0,0,0,0,0,0,0,0
1986,27,9,56,53.947,2,7,0,-1,1,0,1,1,25,0,0,0,1028,0,0,0,0,0,1,1,0,0,0,-202.1095321,0,0,0,0,3,1,1,5,10,0,0,0,3,1,1,5,1000,0,0,0,0,0,0,0,0,0,0,0,0,0,0,0,0,0,0,0,0,0,0,0,0,0,0,0,0,0,0,0,0,0,0,0,0,0,0,0,0,0,0,0,0,0,0,0,0,0,0,0
1986,27,9,58,29.947,2,7,0,-1,1,0,1,1,25,0,0,0,1028,0,0,0,0,0,1,1,0,0,0,-202.1965171,0,0,0,0,3,1,1,5,10,0,0,0,3,1,1,5,1000,0,0,0,0,0,0,0,0,0,0,0,0,0,0,0,0,0,0,0,0,0,0,0,0,0,0,0,0,0,0,0,0,0,0,0,0,0,0,0,0,0,0,0,0,0,0,0,0,0,0,0
1986,27,10,0,5.947,2,7,0,-1,1,0,1,1,25,0,0,0,1028,0,0,0,0,0,1,1,0,0,0,-202.2835019,0,0,0,0,3,1,1,5,10,0,0,0,3,1,1,5,1000,0,0,0,0,0,0,0,0,0,0,0,0,0,0,0,0,0,0,0,0,0,0,0,0,0,0,0,0,0,0,0,0,0,0,0,0,0,0,0,0,0,0,0,0,0,0,0,0,0,0,0
1986,27,10,1,41.947,2,7,0,-1,1,0,1,1,25,0,0,0,1028,0,0,0,0,0,1,1,0,0,0,-202.3704865,0,0,0,0,3,1,1,5,10,0,0,0,3,1,1,5,1000,0,0,0,0,0,0,0,0,0,0,0,0,0,0,0,0,0,0,0,0,0,0,0,0,0,0,0,0,0,0,0,0,0,0,0,0,0,0,0,0,0,0,0,0,0,0,0,0,0,0,0
1986,27,10,3,17.947,2,7,0,-1,1,0,1,1,25,0,0,0,1028,0,0,0,0,0,1,1,0,0,0,-202.4574703,0,0,0,0,3,1,1,5,10,0,0,0,3,1,1,5,1000,0,0,0,0,0,0,0,0,0,0,0,0,0,0,0,0,0,0,0,0,0,0,0,0,0,0,0,0,0,0,0,0,0,0,0,0,0,0,0,0,0,0,0,0,0,0,0,0,0,0,0
1986,27,10,7,17.946,2,7,0,-1,1,0,1,1,25,0,0,0,1028,0,0,0,0,0,1,1,0,0,0,-202.6749296,0,0,0,0,3,1,1,5,10,0,0,0,3,1,1,5,1000,0,0,0,0,0,0,0,0,0,0,0,0,0,0,0,0,0,0,0,0,0,0,0,0,0,0,0,0,0,0,0,0,0,0,0,0,0,0,0,0,0,0,0,0,0,0,0,0,0,0,0
1986,27,10,8,53.946,2,7,0,-1,1,0,1,1,25,0,0,0,1028,0,0,0,0,0,1,1,0,0,0,-202.761913,0,0,0,0,3,1,1,5,10,0,0,0,3,1,1,5,1000,0,0,0,0,0,0,0,0,0,0,0,0,0,0,0,0,0,0,0,0,0,0,0,0,0,0,0,0,0,0,0,0,0,0,0,0,0,0,0,0,0,0,0,0,0,0,0,0,0,0,0
1986,27,10,10,29.946,2,7,0,-1,1,0,1,1,25,0,0,0,1028,0,0,0,0,0,1,1,0,0,0,-202.8488963,0,0,0,0,3,1,1,5,10,0,0,0,3,1,1,5,1000,0,0,0,0,0,0,0,0,0,0,0,0,0,0,0,0,0,0,0,0,0,0,0,0,0,0,0,0,0,0,0,0,0,0,0,0,0,0,0,0,0,0,0,0,0,0,0,0,0,0,0
1986,27,10,12,5.946,2,7,0,-1,1,0,1,1,25,0,0,0,1028,0,0,0,0,0,1,1,0,0,0,-202.9358793,0,0,0,0,3,1,1,5,10,0,0,0,3,1,1,5,1000,0,0,0,0,0,0,0,0,0,0,0,0,0,0,0,0,0,0,0,0,0,0,0,0,0,0,0,0,0,0,0,0,0,0,0,0,0,0,0,0,0,0,0,0,0,0,0,0,0,0,0
1986,27,10,13,41.946,2,7,0,-1,1,0,1,1,25,0,0,0,1028,0,0,0,0,0,1,1,0,0,0,-203.022862,0,0,0,0,3,1,1,5,10,0,0,0,3,1,1,5,1000,0,0,0,0,0,0,0,0,0,0,0,0,0,0,0,0,0,0,0,0,0,0,0,0,0,0,0,0,0,0,0,0,0,0,0,0,0,0,0,0,0,0,0,0,0,0,0,0,0,0,0
1986,27,10,15,17.946,2,7,0,-1,1,0,1,1,25,0,0,0,1028,0,0,0,0,0,1,1,0,0,0,-203.1098446,0,0,0,0,3,1,1,5,10,0,0,0,3,1,1,5,1000,0,0,0,0,0,0,0,0,0,0,0,0,0,0,0,0,0,0,0,0,0,0,0,0,0,0,0,0,0,0,0,0,0,0,0,0,0,0,0,0,0,0,0,0,0,0,0,0,0,0,0
1986,27,10,19,17.945,2,7,0,-1,1,0,1,1,25,0,0,0,1028,0,0,0,0,0,1,1,0,0,0,-203.327299,0,0,0,0,3,1,1,5,10,0,0,0,3,1,1,5,1000,0,0,0,0,0,0,0,0,0,0,0,0,0,0,0,0,0,0,0,0,0,0,0,0,0,0,0,0,0,0,0,0,0,0,0,0,0,0,0,0,0,0,0,0,0,0,0,0,0,0,0
1986,27,10,20,53.945,2,7,0,-1,1,0,1,1,25,0,0,0,1028,0,0,0,0,0,1,1,0,0,0,-203.4142807,0,0,0,0,3,1,1,5,10,0,0,0,3,1,1,5,1000,0,0,0,0,0,0,0,0,0,0,0,0,0,0,0,0,0,0,0,0,0,0,0,0,0,0,0,0,0,0,0,0,0,0,0,0,0,0,0,0,0,0,0,0,0,0,0,0,0,0,0
1986,27,10,25,41.945,2,7,0,-1,1,0,1,1,25,0,0,0,1028,0,0,0,0,0,1,1,0,0,0,-203.6752244,0,0,0,0,3,1,1,5,10,0,0,0,3,1,1,5,1000,0,0,0,0,0,0,0,0,0,0,0,0,0,0,0,0,0,0,0,0,0,0,0,0,0,0,0,0,0,0,0,0,0,0,0,0,0,0,0,0,0,0,0,0,0,0,0,0,0,0,0
1986,27,10,27,17.945,2,7,0,-1,1,0,1,1,25,0,0,0,1028,0,0,0,0,0,1,1,0,0,0,-203.7622051,0,0,0,0,3,1,1,5,10,0,0,0,3,1,1,5,1000,0,0,0,0,0,0,0,0,0,0,0,0,0,0,0,0,0,0,0,0,0,0,0,0,0,0,0,0,0,0,0,0,0,0,0,0,0,0,0,0,0,0,0,0,0,0,0,0,0,0,0
1986,27,10,31,17.945,2,7,0,-1,1,0,1,1,25,0,0,0,1028,0,0,0,0,0,1,1,0,0,0,-203.979656,0,0,0,0,3,1,1,5,10,0,0,0,3,1,1,5,1000,0,0,0,0,0,0,0,0,0,0,0,0,0,0,0,0,0,0,0,0,0,0,0,0,0,0,0,0,0,0,0,0,0,0,0,0,0,0,0,0,0,0,0,0,0,0,0,0,0,0,0
1986,27,10,32,53.945,2,7,0,-1,1,0,1,1,25,0,0,0,1028,0,0,0,0,0,1,1,0,0,0,-204.066636,0,0,0,0,3,1,1,5,10,0,0,0,3,1,1,5,1000,0,0,0,0,0,0,0,0,0,0,0,0,0,0,0,0,0,0,0,0,0,0,0,0,0,0,0,0,0,0,0,0,0,0,0,0,0,0,0,0,0,0,0,0,0,0,0,0,0,0,0
1986,27,10,34,29.944,2,7,0,-1,1,0,1,1,25,0,0,0,1028,0,0,0,0,0,1,1,0,0,0,-204.1536148,0,0,0,0,3,1,1,5,10,0,0,0,3,1,1,5,1000,0,0,0,0,0,0,0,0,0,0,0,0,0,0,0,0,0,0,0,0,0,0,0,0,0,0,0,0,0,0,0,0,0,0,0,0,0,0,0,0,0,0,0,0,0,0,0,0,0,0,0
1986,27,10,36,5.944,2,7,0,-1,1,0,1,1,25,0,0,0,1028,0,0,0,0,0,1,1,0,0,0,-204.2405943,0,0,0,0,3,1,1,5,10,0,0,0,3,1,1,5,1000,0,0,0,0,0,0,0,0,0,0,0,0,0,0,0,0,0,0,0,0,0,0,0,0,0,0,0,0,0,0,0,0,0,0,0,0,0,0,0,0,0,0,0,0,0,0,0,0,0,0,0
1986,27,10,37,41.944,2,7,0,-1,1,0,1,1,25,0,0,0,1028,0,0,0,0,0,1,1,0,0,0,-204.3275735,0,0,0,0,3,1,1,5,10,0,0,0,3,1,1,5,1000,0,0,0,0,0,0,0,0,0,0,0,0,0,0,0,0,0,0,0,0,0,0,0,0,0,0,0,0,0,0,0,0,0,0,0,0,0,0,0,0,0,0,0,0,0,0,0,0,0,0,0
1986,27,10,39,17.944,2,7,0,-1,1,0,1,1,25,0,0,0,1028,0,0,0,0,0,1,1,0,0,0,-204.4145525,0,0,0,0,3,1,1,5,10,0,0,0,3,1,1,5,1000,0,0,0,0,0,0,0,0,0,0,0,0,0,0,0,0,0,0,0,0,0,0,0,0,0,0,0,0,0,0,0,0,0,0,0,0,0,0,0,0,0,0,0,0,0,0,0,0,0,0,0
1986,27,10,43,17.944,2,7,0,-1,1,0,1,1,25,0,0,0,1028,0,0,0,0,0,1,1,0,0,0,-204.6319991,0,0,0,0,3,1,1,5,10,0,0,0,3,1,1,5,1000,0,0,0,0,0,0,0,0,0,0,0,0,0,0,0,0,0,0,0,0,0,0,0,0,0,0,0,0,0,0,0,0,0,0,0,0,0,0,0,0,0,0,0,0,0,0,0,0,0,0,0
1986,27,10,44,53.944,2,7,0,-1,1,0,1,1,25,0,0,0,1028,0,0,0,0,0,1,1,0,0,0,-204.7189773,0,0,0,0,3,1,1,5,10,0,0,0,3,1,1,5,1000,0,0,0,0,0,0,0,0,0,0,0,0,0,0,0,0,0,0,0,0,0,0,0,0,0,0,0,0,0,0,0,0,0,0,0,0,0,0,0,0,0,0,0,0,0,0,0,0,0,0,0
1986,27,10,46,29.944,2,7,0,-1,1,0,1,1,25,0,0,0,1028,0,0,0,0,0,1,1,0,0,0,-204.8059552,0,0,0,0,3,1,1,5,10,0,0,0,3,1,1,5,1000,0,0,0,0,0,0,0,0,0,0,0,0,0,0,0,0,0,0,0,0,0,0,0,0,0,0,0,0,0,0,0,0,0,0,0,0,0,0,0,0,0,0,0,0,0,0,0,0,0,0,0
1986,27,10,48,5.944,2,7,0,-1,1,0,1,1,25,0,0,0,1028,0,0,0,0,0,1,1,0,0,0,-204.892933,0,0,0,0,3,1,1,5,10,0,0,0,3,1,1,5,1000,0,0,0,0,0,0,0,0,0,0,0,0,0,0,0,0,0,0,0,0,0,0,0,0,0,0,0,0,0,0,0,0,0,0,0,0,0,0,0,0,0,0,0,0,0,0,0,0,0,0,0
1986,27,10,49,41.943,2,7,0,-1,1,0,1,1,25,0,0,0,1028,0,0,0,0,0,1,1,0,0,0,-204.9799096,0,0,0,0,3,1,1,5,10,0,0,0,3,1,1,5,1000,0,0,0,0,0,0,0,0,0,0,0,0,0,0,0,0,0,0,0,0,0,0,0,0,0,0,0,0,0,0,0,0,0,0,0,0,0,0,0,0,0,0,0,0,0,0,0,0,0,0,0
1986,27,10,51,17.943,2,7,0,-1,1,0,1,1,25,0,0,0,1028,0,0,0,0,0,1,1,0,0,0,-205.0668868,0,0,0,0,3,1,1,5,10,0,0,0,3,1,1,5,1000,0,0,0,0,0,0,0,0,0,0,0,0,0,0,0,0,0,0,0,0,0,0,0,0,0,0,0,0,0,0,0,0,0,0,0,0,0,0,0,0,0,0,0,0,0,0,0,0,0,0,0
1986,27,10,55,17.943,2,7,0,-1,1,0,1,1,25,0,0,0,1028,0,0,0,0,0,1,1,0,0,0,-205.284329,0,0,0,0,3,1,1,5,10,0,0,0,3,1,1,5,1000,0,0,0,0,0,0,0,0,0,0,0,0,0,0,0,0,0,0,0,0,0,0,0,0,0,0,0,0,0,0,0,0,0,0,0,0,0,0,0,0,0,0,0,0,0,0,0,0,0,0,0
1986,27,10,56,53.943,2,7,0,-1,1,0,1,1,25,0,0,0,1028,0,0,0,0,0,1,1,0,0,0,-205.3713055,0,0,0,0,3,1,1,5,10,0,0,0,3,1,1,5,1000,0,0,0,0,0,0,0,0,0,0,0,0,0,0,0,0,0,0,0,0,0,0,0,0,0,0,0,0,0,0,0,0,0,0,0,0,0,0,0,0,0,0,0,0,0,0,0,0,0,0,0
1986,27,10,58,29.943,2,7,0,-1,1,0,1,1,25,0,0,0,1028,0,0,0,0,0,1,1,0,0,0,-205.4582817,0,0,0,0,3,1,1,5,10,0,0,0,3,1,1,5,1000,0,0,0,0,0,0,0,0,0,0,0,0,0,0,0,0,0,0,0,0,0,0,0,0,0,0,0,0,0,0,0,0,0,0,0,0,0,0,0,0,0,0,0,0,0,0,0,0,0,0,0
1986,27,11,0,5.943,2,7,0,-1,1,0,1,1,25,0,0,0,1028,0,0,0,0,0,1,1,0,0,0,-205.5452577,0,0,0,0,3,1,1,5,10,0,0,0,3,1,1,5,1000,0,0,0,0,0,0,0,0,0,0,0,0,0,0,0,0,0,0,0,0,0,0,0,0,0,0,0,0,0,0,0,0,0,0,0,0,0,0,0,0,0,0,0,0,0,0,0,0,0,0,0
1986,27,11,1,41.943,2,7,0,-1,1,0,1,1,25,0,0,0,1028,0,0,0,0,0,1,1,0,0,0,-205.6322335,0,0,0,0,3,1,1,5,10,0,0,0,3,1,1,5,1000,0,0,0,0,0,0,0,0,0,0,0,0,0,0,0,0,0,0,0,0,0,0,0,0,0,0,0,0,0,0,0,0,0,0,0,0,0,0,0,0,0,0,0,0,0,0,0,0,0,0,0
1986,27,11,3,17.943,2,7,0,-1,1,0,1,1,25,0,0,0,1028,0,0,0,0,0,1,1,0,0,0,-205.719209,0,0,0,0,3,1,1,5,10,0,0,0,3,1,1,5,1000,0,0,0,0,0,0,0,0,0,0,0,0,0,0,0,0,0,0,0,0,0,0,0,0,0,0,0,0,0,0,0,0,0,0,0,0,0,0,0,0,0,0,0,0,0,0,0,0,0,0,0
1986,27,11,7,17.942,2,7,0,-1,1,0,1,1,25,0,0,0,1028,0,0,0,0,0,1,1,0,0,0,-205.936646,0,0,0,0,3,1,1,5,10,0,0,0,3,1,1,5,1000,0,0,0,0,0,0,0,0,0,0,0,0,0,0,0,0,0,0,0,0,0,0,0,0,0,0,0,0,0,0,0,0,0,0,0,0,0,0,0,0,0,0,0,0,0,0,0,0,0,0,0
1986,27,11,8,53.942,2,7,0,-1,1,0,1,1,25,0,0,0,1028,0,0,0,0,0,1,1,0,0,0,-206.0236207,0,0,0,0,3,1,1,5,10,0,0,0,3,1,1,5,1000,0,0,0,0,0,0,0,0,0,0,0,0,0,0,0,0,0,0,0,0,0,0,0,0,0,0,0,0,0,0,0,0,0,0,0,0,0,0,0,0,0,0,0,0,0,0,0,0,0,0,0
1986,27,11,10,29.942,2,7,0,-1,1,0,1,1,25,0,0,0,1028,0,0,0,0,0,1,1,0,0,0,-206.1105952,0,0,0,0,3,1,1,5,10,0,0,0,3,1,1,5,1000,0,0,0,0,0,0,0,0,0,0,0,0,0,0,0,0,0,0,0,0,0,0,0,0,0,0,0,0,0,0,0,0,0,0,0,0,0,0,0,0,0,0,0,0,0,0,0,0,0,0,0
1986,27,11,12,5.942,2,7,0,-1,1,0,1,1,25,0,0,0,1028,0,0,0,0,0,1,1,0,0,0,-206.1975695,0,0,0,0,3,1,1,5,10,0,0,0,3,1,1,5,1000,0,0,0,0,0,0,0,0,0,0,0,0,0,0,0,0,0,0,0,0,0,0,0,0,0,0,0,0,0,0,0,0,0,0,0,0,0,0,0,0,0,0,0,0,0,0,0,0,0,0,0
1986,27,11,13,41.942,2,7,0,-1,1,0,1,1,25,0,0,0,1028,0,0,0,0,0,1,1,0,0,0,-206.2845435,0,0,0,0,3,1,1,5,10,0,0,0,3,1,1,5,1000,0,0,0,0,0,0,0,0,0,0,0,0,0,0,0,0,0,0,0,0,0,0,0,0,0,0,0,0,0,0,0,0,0,0,0,0,0,0,0,0,0,0,0,0,0,0,0,0,0,0,0
1986,27,11,15,17.942,2,7,0,-1,1,0,1,1,25,0,0,0,1028,0,0,0,0,0,1,1,0,0,0,-206.3715173,0,0,0,0,3,1,1,5,10,0,0,0,3,1,1,5,1000,0,0,0,0,0,0,0,0,0,0,0,0,0,0,0,0,0,0,0,0,0,0,0,0,0,0,0,0,0,0,0,0,0,0,0,0,0,0,0,0,0,0,0,0,0,0,0,0,0,0,0
1986,27,11,19,17.942,2,7,0,-1,1,0,1,1,25,0,0,0,1028,0,0,0,0,0,1,1,0,0,0,-206.5889504,0,0,0,0,3,1,1,5,10,0,0,0,3,1,1,5,1000,0,0,0,0,0,0,0,0,0,0,0,0,0,0,0,0,0,0,0,0,0,0,0,0,0,0,0,0,0,0,0,0,0,0,0,0,0,0,0,0,0,0,0,0,0,0,0,0,0,0,0
1986,27,11,20,53.941,2,7,0,-1,1,0,1,1,25,0,0,0,1028,0,0,0,0,0,1,1,0,0,0,-206.675923,0,0,0,0,3,1,1,5,10,0,0,0,3,1,1,5,1000,0,0,0,0,0,0,0,0,0,0,0,0,0,0,0,0,0,0,0,0,0,0,0,0,0,0,0,0,0,0,0,0,0,0,0,0,0,0,0,0,0,0,0,0,0,0,0,0,0,0,0
1986,27,11,22,29.941,2,7,0,-1,1,0,1,1,25,0,0,0,1028,0,0,0,0,0,1,1,0,0,0,-206.7628958,0,0,0,0,3,1,1,5,10,0,0,0,3,1,1,5,1000,0,0,0,0,0,0,0,0,0,0,0,0,0,0,0,0,0,0,0,0,0,0,0,0,0,0,0,0,0,0,0,0,0,0,0,0,0,0,0,0,0,0,0,0,0,0,0,0,0,0,0
1986,27,11,24,5.941,2,7,0,-1,1,0,1,1,25,0,0,0,1028,0,0,0,0,0,1,1,0,0,0,-206.8498683,0,0,0,0,3,1,1,5,10,0,0,0,3,1,1,5,1000,0,0,0,0,0,0,0,0,0,0,0,0,0,0,0,0,0,0,0,0,0,0,0,0,0,0,0,0,0,0,0,0,0,0,0,0,0,0,0,0,0,0,0,0,0,0,0,0,0,0,0
1986,27,11,25,41.941,2,7,0,-1,1,0,1,1,25,0,0,0,1028,0,0,0,0,0,1,1,0,0,0,-206.9368402,0,0,0,0,3,1,1,5,10,0,0,0,3,1,1,5,1000,0,0,0,0,0,0,0,0,0,0,0,0,0,0,0,0,0,0,0,0,0,0,0,0,0,0,0,0,0,0,0,0,0,0,0,0,0,0,0,0,0,0,0,0,0,0,0,0,0,0,0
1986,27,11,31,17.941,2,7,0,-1,1,0,1,1,25,0,0,0,1028,0,0,0,0,0,1,1,0,0,0,-207.241242,0,0,0,0,3,1,1,5,10,0,0,0,3,1,1,5,1000,0,0,0,0,0,0,0,0,0,0,0,0,0,0,0,0,0,0,0,0,0,0,0,0,0,0,0,0,0,0,0,0,0,0,0,0,0,0,0,0,0,0,0,0,0,0,0,0,0,0,0
1986,27,11,32,53.941,2,7,0,-1,1,0,1,1,25,0,0,0,1028,0,0,0,0,0,1,1,0,0,0,-207.3282133,0,0,0,0,3,1,1,5,10,0,0,0,3,1,1,5,1000,0,0,0,0,0,0,0,0,0,0,0,0,0,0,0,0,0,0,0,0,0,0,0,0,0,0,0,0,0,0,0,0,0,0,0,0,0,0,0,0,0,0,0,0,0,0,0,0,0,0,0
1986,27,11,34,29.941,2,7,0,-1,1,0,1,1,25,0,0,0,1028,0,0,0,0,0,1,1,0,0,0,-207.415184,0,0,0,0,3,1,1,5,10,0,0,0,3,1,1,5,1000,0,0,0,0,0,0,0,0,0,0,0,0,0,0,0,0,0,0,0,0,0,0,0,0,0,0,0,0,0,0,0,0,0,0,0,0,0,0,0,0,0,0,0,0,0,0,0,0,0,0,0
1986,27,11,36,5.94,2,7,0,-1,1,0,1,1,25,0,0,0,1028,0,0,0,0,0,1,1,0,0,0,-207.5021544,0,0,0,0,3,1,1,5,10,0,0,0,3,1,1,5,1000,0,0,0,0,0,0,0,0,0,0,0,0,0,0,0,0,0,0,0,0,0,0,0,0,0,0,0,0,0,0,0,0,0,0,0,0,0,0,0,0,0,0,0,0,0,0,0,0,0,0,0
1986,27,11,37,41.94,2,7,0,-1,1,0,1,1,25,0,0,0,1028,0,0,0,0,0,1,1,0,0,0,-207.589125,0,0,0,0,3,1,1,5,10,0,0,0,3,1,1,5,1000,0,0,0,0,0,0,0,0,0,0,0,0,0,0,0,0,0,0,0,0,0,0,0,0,0,0,0,0,0,0,0,0,0,0,0,0,0,0,0,0,0,0,0,0,0,0,0,0,0,0,0
1986,27,11,39,17.94,2,7,0,-1,1,0,1,1,25,0,0,0,1028,0,0,0,0,0,1,1,0,0,0,-207.6760954,0,0,0,0,3,1,1,5,10,0,0,0,3,1,1,5,1000,0,0,0,0,0,0,0,0,0,0,0,0,0,0,0,0,0,0,0,0,0,0,0,0,0,0,0,0,0,0,0,0,0,0,0,0,0,0,0,0,0,0,0,0,0,0,0,0,0,0,0
1986,27,11,43,17.94,2,7,0,-1,1,0,1,1,25,0,0,0,1028,0,0,0,0,0,1,1,0,0,0,-207.8935204,0,0,0,0,3,1,1,5,10,0,0,0,3,1,1,5,1000,0,0,0,0,0,0,0,0,0,0,0,0,0,0,0,0,0,0,0,0,0,0,0,0,0,0,0,0,0,0,0,0,0,0,0,0,0,0,0,0,0,0,0,0,0,0,0,0,0,0,0
1986,27,11,44,53.94,2,7,0,-1,1,0,1,1,25,0,0,0,1028,0,0,0,0,0,1,1,0,0,0,-207.98049,0,0,0,0,3,1,1,5,10,0,0,0,3,1,1,5,1000,0,0,0,0,0,0,0,0,0,0,0,0,0,0,0,0,0,0,0,0,0,0,0,0,0,0,0,0,0,0,0,0,0,0,0,0,0,0,0,0,0,0,0,0,0,0,0,0,0,0,0
1986,27,11,46,29.94,2,7,0,-1,1,0,1,1,25,0,0,0,1028,0,0,0,0,0,1,1,0,0,0,-208.0674594,0,0,0,0,3,1,1,5,10,0,0,0,3,1,1,5,1000,0,0,0,0,0,0,0,0,0,0,0,0,0,0,0,0,0,0,0,0,0,0,0,0,0,0,0,0,0,0,0,0,0,0,0,0,0,0,0,0,0,0,0,0,0,0,0,0,0,0,0
1986,27,11,48,5.94,2,7,0,-1,1,0,1,1,25,0,0,0,1028,0,0,0,0,0,1,1,0,0,0,-208.1544285,0,0,0,0,3,1,1,5,10,0,0,0,3,1,1,5,1000,0,0,0,0,0,0,0,0,0,0,0,0,0,0,0,0,0,0,0,0,0,0,0,0,0,0,0,0,0,0,0,0,0,0,0,0,0,0,0,0,0,0,0,0,0,0,0,0,0,0,0
1986,27,11,49,41.939,2,7,0,-1,1,0,1,1,25,0,0,0,1028,0,0,0,0,0,1,1,0,0,0,-208.2413965,0,0,0,0,3,1,1,5,10,0,0,0,3,1,1,5,1000,0,0,0,0,0,0,0,0,0,0,0,0,0,0,0,0,0,0,0,0,0,0,0,0,0,0,0,0,0,0,0,0,0,0,0,0,0,0,0,0,0,0,0,0,0,0,0,0,0,0,0
1986,27,11,51,17.939,2,7,0,-1,1,0,1,1,25,0,0,0,1028,0,0,0,0,0,1,1,0,0,0,-208.3283653,0,0,0,0,3,1,1,5,10,0,0,0,3,1,1,5,1000,0,0,0,0,0,0,0,0,0,0,0,0,0,0,0,0,0,0,0,0,0,0,0,0,0,0,0,0,0,0,0,0,0,0,0,0,0,0,0,0,0,0,0,0,0,0,0,0,0,0,0
1986,27,11,55,17.939,2,7,0,-1,1,0,1,1,25,0,0,0,1028,0,0,0,0,0,1,1,0,0,0,-208.545786,0,0,0,0,3,1,1,5,10,0,0,0,3,1,1,5,1000,0,0,0,0,0,0,0,0,0,0,0,0,0,0,0,0,0,0,0,0,0,0,0,0,0,0,0,0,0,0,0,0,0,0,0,0,0,0,0,0,0,0,0,0,0,0,0,0,0,0,0
1986,27,11,56,53.939,2,7,0,-1,1,0,1,1,25,0,0,0,1028,0,0,0,0,0,1,1,0,0,0,-208.6327539,0,0,0,0,3,1,1,5,10,0,0,0,3,1,1,5,1000,0,0,0,0,0,0,0,0,0,0,0,0,0,0,0,0,0,0,0,0,0,0,0,0,0,0,0,0,0,0,0,0,0,0,0,0,0,0,0,0,0,0,0,0,0,0,0,0,0,0,0
1986,27,11,58,29.939,2,7,0,-1,1,0,1,1,25,0,0,0,1028,0,0,0,0,0,1,1,0,0,0,-208.7197216,0,0,0,0,3,1,1,5,10,0,0,0,3,1,1,5,1000,0,0,0,0,0,0,0,0,0,0,0,0,0,0,0,0,0,0,0,0,0,0,0,0,0,0,0,0,0,0,0,0,0,0,0,0,0,0,0,0,0,0,0,0,0,0,0,0,0,0,0
1986,27,12,0,5.939,2,7,0,-1,1,0,1,1,25,0,0,0,1028,0,0,0,0,0,1,1,0,0,0,-208.8066891,0,0,0,0,3,1,1,5,10,0,0,0,3,1,1,5,1000,0,0,0,0,0,0,0,0,0,0,0,0,0,0,0,0,0,0,0,0,0,0,0,0,0,0,0,0,0,0,0,0,0,0,0,0,0,0,0,0,0,0,0,0,0,0,0,0,0,0,0
1986,27,12,1,41.939,2,7,0,-1,1,0,1,1,25,0,0,0,1028,0,0,0,0,0,1,1,0,0,0,-208.8936563,0,0,0,0,3,1,1,5,10,0,0,0,3,1,1,5,1000,0,0,0,0,0,0,0,0,0,0,0,0,0,0,0,0,0,0,0,0,0,0,0,0,0,0,0,0,0,0,0,0,0,0,0,0,0,0,0,0,0,0,0,0,0,0,0,0,0,0,0
1986,27,12,3,17.939,2,7,0,-1,1,0,1,1,25,0,0,0,1028,0,0,0,0,0,1,1,0,0,0,-208.9806233,0,0,0,0,3,1,1,5,10,0,0,0,3,1,1,5,1000,0,0,0,0,0,0,0,0,0,0,0,0,0,0,0,0,0,0,0,0,0,0,0,0,0,0,0,0,0,0,0,0,0,0,0,0,0,0,0,0,0,0,0,0,0,0,0,0,0,0,0
1986,27,12,7,17.938,2,7,0,-1,1,0,1,1,25,0,0,0,1028,0,0,0,0,0,1,1,0,0,0,-209.198039,0,0,0,0,3,1,1,5,10,0,0,0,3,1,1,5,1000,0,0,0,0,0,0,0,0,0,0,0,0,0,0,0,0,0,0,0,0,0,0,0,0,0,0,0,0,0,0,0,0,0,0,0,0,0,0,0,0,0,0,0,0,0,0,0,0,0,0,0
1986,27,12,8,53.938,2,7,0,-1,1,0,1,1,25,0,0,0,1028,0,0,0,0,0,1,1,0,0,0,-209.2850052,0,0,0,0,3,1,1,5,10,0,0,0,3,1,1,5,1000,0,0,0,0,0,0,0,0,0,0,0,0,0,0,0,0,0,0,0,0,0,0,0,0,0,0,0,0,0,0,0,0,0,0,0,0,0,0,0,0,0,0,0,0,0,0,0,0,0,0,0
1986,27,12,10,29.938,2,7,0,-1,1,0,1,1,25,0,0,0,1028,0,0,0,0,0,1,1,0,0,0,-209.3719712,0,0,0,0,3,1,1,5,10,0,0,0,3,1,1,5,1000,0,0,0,0,0,0,0,0,0,0,0,0,0,0,0,0,0,0,0,0,0,0,0,0,0,0,0,0,0,0,0,0,0,0,0,0,0,0,0,0,0,0,0,0,0,0,0,0,0,0,0
1986,27,12,12,5.938,2,7,0,-1,1,0,1,1,25,0,0,0,1028,0,0,0,0,0,1,1,0,0,0,-209.458937,0,0,0,0,3,1,1,5,10,0,0,0,3,1,1,5,1000,0,0,0,0,0,0,0,0,0,0,0,0,0,0,0,0,0,0,0,0,0,0,0,0,0,0,0,0,0,0,0,0,0,0,0,0,0,0,0,0,0,0,0,0,0,0,0,0,0,0,0
1986,27,12,13,41.938,2,7,0,-1,1,0,1,1,25,0,0,0,1028,0,0,0,0,0,1,1,0,0,0,-209.5459026,0,0,0,0,3,1,1,5,10,0,0,0,3,1,1,5,1000,0,0,0,0,0,0,0,0,0,0,0,0,0,0,0,0,0,0,0,0,0,0,0,0,0,0,0,0,0,0,0,0,0,0,0,0,0,0,0,0,0,0,0,0,0,0,0,0,0,0,0
1986,27,12,15,17.938,2,7,0,-1,1,0,1,1,25,0,0,0,1028,0,0,0,0,0,1,1,0,0,0,-209.6328679,0,0,0,0,3,1,1,5,10,0,0,0,3,1,1,5,1000,0,0,0,0,0,0,0,0,0,0,0,0,0,0,0,0,0,0,0,0,0,0,0,0,0,0,0,0,0,0,0,0,0,0,0,0,0,0,0,0,0,0,0,0,0,0,0,0,0,0,0
1986,27,12,19,17.938,2,7,0,-1,1,0,1,1,25,0,0,0,1028,0,0,0,0,0,1,1,0,0,0,-209.8502798,0,0,0,0,3,1,1,5,10,0,0,0,3,1,1,5,1000,0,0,0,0,0,0,0,0,0,0,0,0,0,0,0,0,0,0,0,0,0,0,0,0,0,0,0,0,0,0,0,0,0,0,0,0,0,0,0,0,0,0,0,0,0,0,0,0,0,0,0
1986,27,12,20,53.937,2,7,0,-1,1,0,1,1,25,0,0,0,1028,0,0,0,0,0,1,1,0,0,0,-209.9372439,0,0,0,0,3,1,1,5,10,0,0,0,3,1,1,5,1000,0,0,0,0,0,0,0,0,0,0,0,0,0,0,0,0,0,0,0,0,0,0,0,0,0,0,0,0,0,0,0,0,0,0,0,0,0,0,0,0,0,0,0,0,0,0,0,0,0,0,0
1986,27,12,22,29.937,2,7,0,-1,1,0,1,1,25,0,0,0,1028,0,0,0,0,0,1,1,0,0,0,-210.0242083,0,0,0,0,3,1,1,5,10,0,0,0,3,1,1,5,1000,0,0,0,0,0,0,0,0,0,0,0,0,0,0,0,0,0,0,0,0,0,0,0,0,0,0,0,0,0,0,0,0,0,0,0,0,0,0,0,0,0,0,0,0,0,0,0,0,0,0,0
1986,27,12,24,5.937,2,7,0,-1,1,0,1,1,25,0,0,0,1028,0,0,0,0,0,1,1,0,0,0,-210.1111724,0,0,0,0,3,1,1,5,10,0,0,0,3,1,1,5,1000,0,0,0,0,0,0,0,0,0,0,0,0,0,0,0,0,0,0,0,0,0,0,0,0,0,0,0,0,0,0,0,0,0,0,0,0,0,0,0,0,0,0,0,0,0,0,0,0,0,0,0
1986,27,12,25,41.937,2,7,0,-1,1,0,1,1,25,0,0,0,1028,0,0,0,0,0,1,1,0,0,0,-210.1981363,0,0,0,0,3,1,1,5,10,0,0,0,3,1,1,5,1000,0,0,0,0,0,0,0,0,0,0,0,0,0,0,0,0,0,0,0,0,0,0,0,0,0,0,0,0,0,0,0,0,0,0,0,0,0,0,0,0,0,0,0,0,0,0,0,0,0,0,0
1986,27,12,27,17.937,2,7,0,-1,1,0,1,1,25,0,0,0,1028,0,0,0,0,0,1,1,0,0,0,-210.2850999,0,0,0,0,3,1,1,5,10,0,0,0,3,1,1,5,1000,0,0,0,0,0,0,0,0,0,0,0,0,0,0,0,0,0,0,0,0,0,0,0,0,0,0,0,0,0,0,0,0,0,0,0,0,0,0,0,0,0,0,0,0,0,0,0,0,0,0,0
1986,27,12,36,5.936,2,7,0,-1,1,0,1,1,25,0,0,0,1028,0,0,0,0,0,1,1,0,0,0,-210.7633953,0,0,0,0,3,1,1,5,10,0,0,0,3,1,1,5,1000,0,0,0,0,0,0,0,0,0,0,0,0,0,0,0,0,0,0,0,0,0,0,0,0,0,0,0,0,0,0,0,0,0,0,0,0,0,0,0,0,0,0,0,0,0,0,0,0,0,0,0
1986,27,12,37,41.936,2,7,0,-1,1,0,1,1,25,0,0,0,1028,0,0,0,0,0,1,1,0,0,0,-210.8503575,0,0,0,0,3,1,1,5,10,0,0,0,3,1,1,5,1000,0,0,0,0,0,0,0,0,0,0,0,0,0,0,0,0,0,0,0,0,0,0,0,0,0,0,0,0,0,0,0,0,0,0,0,0,0,0,0,0,0,0,0,0,0,0,0,0,0,0,0
1986,27,12,39,17.936,2,7,0,-1,1,0,1,1,25,0,0,0,1028,0,0,0,0,0,1,1,0,0,0,-210.9373195,0,0,0,0,3,1,1,5,10,0,0,0,3,1,1,5,1000,0,0,0,0,0,0,0,0,0,0,0,0,0,0,0,0,0,0,0,0,0,0,0,0,0,0,0,0,0,0,0,0,0,0,0,0,0,0,0,0,0,0,0,0,0,0,0,0,0,0,0
1986,27,12,46,29.936,2,7,0,-1,1,0,1,1,25,0,0,0,1028,0,0,0,0,0,1,1,0,0,0,-211.3286458,0,0,0,0,3,1,1,5,10,0,0,0,3,1,1,5,1000,0,0,0,0,0,0,0,0,0,0,0,0,0,0,0,0,0,0,0,0,0,0,0,0,0,0,0,0,0,0,0,0,0,0,0,0,0,0,0,0,0,0,0,0,0,0,0,0,0,0,0
1986,27,12,48,5.936,2,7,0,-1,1,0,1,1,25,0,0,0,1028,0,0,0,0,0,1,1,0,0,0,-211.4156066,0,0,0,0,3,1,1,5,10,0,0,0,3,1,1,5,1000,0,0,0,0,0,0,0,0,0,0,0,0,0,0,0,0,0,0,0,0,0,0,0,0,0,0,0,0,0,0,0,0,0,0,0,0,0,0,0,0,0,0,0,0,0,0,0,0,0,0,0
1986,27,12,49,41.936,2,7,0,-1,1,0,1,1,25,0,0,0,1028,0,0,0,0,0,1,1,0,0,0,-211.5025667,0,0,0,0,3,1,1,5,10,0,0,0,3,1,1,5,1000,0,0,0,0,0,0,0,0,0,0,0,0,0,0,0,0,0,0,0,0,0,0,0,0,0,0,0,0,0,0,0,0,0,0,0,0,0,0,0,0,0,0,0,0,0,0,0,0,0,0,0
1986,27,12,51,17.935,2,7,0,-1,1,0,1,1,25,0,0,0,1028,0,0,0,0,0,1,1,0,0,0,-211.5895266,0,0,0,0,3,1,1,5,10,0,0,0,3,1,1,5,1000,0,0,0,0,0,0,0,0,0,0,0,0,0,0,0,0,0,0,0,0,0,0,0,0,0,0,0,0,0,0,0,0,0,0,0,0,0,0,0,0,0,0,0,0,0,0,0,0,0,0,0
1986,27,12,55,17.935,2,7,0,-1,1,0,1,1,25,0,0,0,1028,0,0,0,0,0,1,1,0,0,0,-211.8069266,0,0,0,0,3,1,1,5,10,0,0,0,3,1,1,5,1000,0,0,0,0,0,0,0,0,0,0,0,0,0,0,0,0,0,0,0,0,0,0,0,0,0,0,0,0,0,0,0,0,0,0,0,0,0,0,0,0,0,0,0,0,0,0,0,0,0,0,0
1986,27,12,56,53.935,2,7,0,-1,1,0,1,1,25,0,0,0,1028,0,0,0,0,0,1,1,0,0,0,-211.8938861,0,0,0,0,3,1,1,5,10,0,0,0,3,1,1,5,1000,0,0,0,0,0,0,0,0,0,0,0,0,0,0,0,0,0,0,0,0,0,0,0,0,0,0,0,0,0,0,0,0,0,0,0,0,0,0,0,0,0,0,0,0,0,0,0,0,0,0,0
1986,27,12,58,29.935,2,7,0,-1,1,0,1,1,25,0,0,0,1028,0,0,0,0,0,1,1,0,0,0,-211.9808455,0,0,0,0,3,1,1,5,10,0,0,0,3,1,1,5,1000,0,0,0,0,0,0,0,0,0,0,0,0,0,0,0,0,0,0,0,0,0,0,0,0,0,0,0,0,0,0,0,0,0,0,0,0,0,0,0,0,0,0,0,0,0,0,0,0,0,0,0
1986,27,13,0,5.935,2,7,0,-1,1,0,1,1,25,0,0,0,1028,0,0,0,0,0,1,1,0,0,0,-212.0678047,0,0,0,0,3,1,1,5,10,0,0,0,3,1,1,5,1000,0,0,0,0,0,0,0,0,0,0,0,0,0,0,0,0,0,0,0,0,0,0,0,0,0,0,0,0,0,0,0,0,0,0,0,0,0,0,0,0,0,0,0,0,0,0,0,0,0,0,0
1986,27,13,1,41.935,2,7,0,-1,1,0,1,1,25,0,0,0,1028,0,0,0,0,0,1,1,0,0,0,-212.1547636,0,0,0,0,3,1,1,5,10,0,0,0,3,1,1,5,1000,0,0,0,0,0,0,0,0,0,0,0,0,0,0,0,0,0,0,0,0,0,0,0,0,0,0,0,0,0,0,0,0,0,0,0,0,0,0,0,0,0,0,0,0,0,0,0,0,0,0,0
1986,27,13,3,17.935,2,7,0,-1,1,0,1,1,25,0,0,0,1028,0,0,0,0,0,1,1,0,0,0,-212.2417223,0,0,0,0,3,1,1,5,10,0,0,0,3,1,1,5,1000,0,0,0,0,0,0,0,0,0,0,0,0,0,0,0,0,0,0,0,0,0,0,0,0,0,0,0,0,0,0,0,0,0,0,0,0,0,0,0,0,0,0,0,0,0,0,0,0,0,0,0
1986,27,13,7,17.934,2,7,0,-1,1,0,1,1,25,0,0,0,1028,0,0,0,0,0,1,1,0,0,0,-212.4591172,0,0,0,0,3,1,1,5,10,0,0,0,3,1,1,5,1000,0,0,0,0,0,0,0,0,0,0,0,0,0,0,0,0,0,0,0,0,0,0,0,0,0,0,0,0,0,0,0,0,0,0,0,0,0,0,0,0,0,0,0,0,0,0,0,0,0,0,0
1986,27,13,8,53.934,2,7,0,-1,1,0,1,1,25,0,0,0,1028,0,0,0,0,0,1,1,0,0,0,-212.5460752,0,0,0,0,3,1,1,5,10,0,0,0,3,1,1,5,1000,0,0,0,0,0,0,0,0,0,0,0,0,0,0,0,0,0,0,0,0,0,0,0,0,0,0,0,0,0,0,0,0,0,0,0,0,0,0,0,0,0,0,0,0,0,0,0,0,0,0,0
1986,27,13,10,29.934,2,7,0,-1,1,0,1,1,25,0,0,0,1028,0,0,0,0,0,1,1,0,0,0,-212.6330329,0,0,0,0,3,1,1,5,10,0,0,0,3,1,1,5,1000,0,0,0,0,0,0,0,0,0,0,0,0,0,0,0,0,0,0,0,0,0,0,0,0,0,0,0,0,0,0,0,0,0,0,0,0,0,0,0,0,0,0,0,0,0,0,0,0,0,0,0
1986,27,13,12,5.934,2,7,0,-1,1,0,1,1,25,0,0,0,1028,0,0,0,0,0,1,1,0,0,0,-212.7199904,0,0,0,0,3,1,1,5,10,0,0,0,3,1,1,5,1000,0,0,0,0,0,0,0,0,0,0,0,0,0,0,0,0,0,0,0,0,0,0,0,0,0,0,0,0,0,0,0,0,0,0,0,0,0,0,0,0,0,0,0,0,0,0,0,0,0,0,0
1986,27,13,13,41.934,2,7,0,-1,1,0,1,1,25,0,0,0,1028,0,0,0,0,0,1,1,0,0,0,-212.8069477,0,0,0,0,3,1,1,5,10,0,0,0,3,1,1,5,1000,0,0,0,0,0,0,0,0,0,0,0,0,0,0,0,0,0,0,0,0,0,0,0,0,0,0,0,0,0,0,0,0,0,0,0,0,0,0,0,0,0,0,0,0,0,0,0,0,0,0,0
1986,27,13,15,17.934,2,7,0,-1,1,0,1,1,25,0,0,0,1028,0,0,0,0,0,1,1,0,0,0,-212.8939048,0,0,0,0,3,1,1,5,10,0,0,0,3,1,1,5,1000,0,0,0,0,0,0,0,0,0,0,0,0,0,0,0,0,0,0,0,0,0,0,0,0,0,0,0,0,0,0,0,0,0,0,0,0,0,0,0,0,0,0,0,0,0,0,0,0,0,0,0
1986,27,13,19,17.934,2,7,0,-1,1,0,1,1,25,0,0,0,1028,0,0,0,0,0,1,1,0,0,0,-213.1112966,0,0,0,0,3,1,1,5,10,0,0,0,3,1,1,5,1000,0,0,0,0,0,0,0,0,0,0,0,0,0,0,0,0,0,0,0,0,0,0,0,0,0,0,0,0,0,0,0,0,0,0,0,0,0,0,0,0,0,0,0,0,0,0,0,0,0,0,0
1986,27,13,20,53.933,2,7,0,-1,1,0,1,1,25,0,0,0,1028,0,0,0,0,0,1,1,0,0,0,-213.198252,0,0,0,0,3,1,1,5,10,0,0,0,3,1,1,5,1000,0,0,0,0,0,0,0,0,0,0,0,0,0,0,0,0,0,0,0,0,0,0,0,0,0,0,0,0,0,0,0,0,0,0,0,0,0,0,0,0,0,0,0,0,0,0,0,0,0,0,0
1986,27,13,24,5.933,2,7,0,-1,1,0,1,1,25,0,0,0,1028,0,0,0,0,0,1,1,0,0,0,-213.372164,0,0,0,0,3,1,1,5,10,0,0,0,3,1,1,5,1000,0,0,0,0,0,0,0,0,0,0,0,0,0,0,0,0,0,0,0,0,0,0,0,0,0,0,0,0,0,0,0,0,0,0,0,0,0,0,0,0,0,0,0,0,0,0,0,0,0,0,0
1986,27,13,25,41.933,2,7,0,-1,1,0,1,1,25,0,0,0,1028,0,0,0,0,0,1,1,0,0,0,-213.4591196,0,0,0,0,3,1,1,5,10,0,0,0,3,1,1,5,1000,0,0,0,0,0,0,0,0,0,0,0,0,0,0,0,0,0,0,0,0,0,0,0,0,0,0,0,0,0,0,0,0,0,0,0,0,0,0,0,0,0,0,0,0,0,0,0,0,0,0,0
1986,27,13,27,17.933,2,7,0,-1,1,0,1,1,25,0,0,0,1028,0,0,0,0,0,1,1,0,0,0,-213.5460751,0,0,0,0,3,1,1,5,10,0,0,0,3,1,1,5,1000,0,0,0,0,0,0,0,0,0,0,0,0,0,0,0,0,0,0,0,0,0,0,0,0,0,0,0,0,0,0,0,0,0,0,0,0,0,0,0,0,0,0,0,0,0,0,0,0,0,0,0
1986,27,13,31,17.933,2,7,0,-1,1,0,1,1,25,0,0,0,1028,0,0,0,0,0,1,1,0,0,0,-213.7634628,0,0,0,0,3,1,1,5,10,0,0,0,3,1,1,5,1000,0,0,0,0,0,0,0,0,0,0,0,0,0,0,0,0,0,0,0,0,0,0,0,0,0,0,0,0,0,0,0,0,0,0,0,0,0,0,0,0,0,0,0,0,0,0,0,0,0,0,0
1986,27,13,32,53.933,2,7,0,-1,1,0,1,1,25,0,0,0,1028,0,0,0,0,0,1,1,0,0,0,-213.8504175,0,0,0,0,3,1,1,5,10,0,0,0,3,1,1,5,1000,0,0,0,0,0,0,0,0,0,0,0,0,0,0,0,0,0,0,0,0,0,0,0,0,0,0,0,0,0,0,0,0,0,0,0,0,0,0,0,0,0,0,0,0,0,0,0,0,0,0,0
1986,27,13,34,29.933,2,7,0,-1,1,0,1,1,25,0,0,0,1028,0,0,0,0,0,1,1,0,0,0,-213.9373715,0,0,0,0,3,1,1,5,10,0,0,0,3,1,1,5,1000,0,0,0,0,0,0,0,0,0,0,0,0,0,0,0,0,0,0,0,0,0,0,0,0,0,0,0,0,0,0,0,0,0,0,0,0,0,0,0,0,0,0,0,0,0,0,0,0,0,0,0
1986,27,13,36,5.932,2,7,0,-1,1,0,1,1,25,0,0,0,1028,0,0,0,0,0,1,1,0,0,0,-214.0243253,0,0,0,0,3,1,1,5,10,0,0,0,3,1,1,5,1000,0,0,0,0,0,0,0,0,0,0,0,0,0,0,0,0,0,0,0,0,0,0,0,0,0,0,0,0,0,0,0,0,0,0,0,0,0,0,0,0,0,0,0,0,0,0,0,0,0,0,0
1986,27,13,37,41.932,2,7,0,-1,1,0,1,1,25,0,0,0,1028,0,0,0,0,0,1,1,0,0,0,-214.1112794,0,0,0,0,3,1,1,5,10,0,0,0,3,1,1,5,1000,0,0,0,0,0,0,0,0,0,0,0,0,0,0,0,0,0,0,0,0,0,0,0,0,0,0,0,0,0,0,0,0,0,0,0,0,0,0,0,0,0,0,0,0,0,0,0,0,0,0,0
1986,27,13,39,17.932,2,7,0,-1,1,0,1,1,25,0,0,0,1028,0,0,0,0,0,1,1,0,0,0,-214.1982332,0,0,0,0,3,1,1,5,10,0,0,0,3,1,1,5,1000,0,0,0,0,0,0,0,0,0,0,0,0,0,0,0,0,0,0,0,0,0,0,0,0,0,0,0,0,0,0,0,0,0,0,0,0,0,0,0,0,0,0,0,0,0,0,0,0,0,0,0
1986,27,13,43,17.932,2,7,0,-1,1,0,1,1,25,0,0,0,1028,0,0,0,0,0,1,1,0,0,0,-214.4156169,0,0,0,0,3,1,1,5,10,0,0,0,3,1,1,5,1000,0,0,0,0,0,0,0,0,0,0,0,0,0,0,0,0,0,0,0,0,0,0,0,0,0,0,0,0,0,0,0,0,0,0,0,0,0,0,0,0,0,0,0,0,0,0,0,0,0,0,0
1986,27,13,44,53.932,2,7,0,-1,1,0,1,1,25,0,0,0,1028,0,0,0,0,0,1,1,0,0,0,-214.50257,0,0,0,0,3,1,1,5,10,0,0,0,3,1,1,5,1000,0,0,0,0,0,0,0,0,0,0,0,0,0,0,0,0,0,0,0,0,0,0,0,0,0,0,0,0,0,0,0,0,0,0,0,0,0,0,0,0,0,0,0,0,0,0,0,0,0,0,0
1986,27,13,46,29.932,2,7,0,-1,1,0,1,1,25,0,0,0,1028,0,0,0,0,0,1,1,0,0,0,-214.5895228,0,0,0,0,3,1,1,5,10,0,0,0,3,1,1,5,1000,0,0,0,0,0,0,0,0,0,0,0,0,0,0,0,0,0,0,0,0,0,0,0,0,0,0,0,0,0,0,0,0,0,0,0,0,0,0,0,0,0,0,0,0,0,0,0,0,0,0,0
1986,27,13,48,5.932,2,7,0,-1,1,0,1,1,25,0,0,0,1028,0,0,0,0,0,1,1,0,0,0,-214.6764755,0,0,0,0,3,1,1,5,10,0,0,0,3,1,1,5,1000,0,0,0,0,0,0,0,0,0,0,0,0,0,0,0,0,0,0,0,0,0,0,0,0,0,0,0,0,0,0,0,0,0,0,0,0,0,0,0,0,0,0,0,0,0,0,0,0,0,0,0
1986,27,13,49,41.932,2,7,0,-1,1,0,1,1,25,0,0,0,1028,0,0,0,0,0,1,1,0,0,0,-214.7634275,0,0,0,0,3,1,1,5,10,0,0,0,3,1,1,5,1000,0,0,0,0,0,0,0,0,0,0,0,0,0,0,0,0,0,0,0,0,0,0,0,0,0,0,0,0,0,0,0,0,0,0,0,0,0,0,0,0,0,0,0,0,0,0,0,0,0,0,0
1986,27,13,51,17.931,2,7,0,-1,1,0,1,1,25,0,0,0,1028,0,0,0,0,0,1,1,0,0,0,-214.8503793,0,0,0,0,3,1,1,5,10,0,0,0,3,1,1,5,1000,0,0,0,0,0,0,0,0,0,0,0,0,0,0,0,0,0,0,0,0,0,0,0,0,0,0,0,0,0,0,0,0,0,0,0,0,0,0,0,0,0,0,0,0,0,0,0,0,0,0,0
1986,27,13,55,17.931,2,7,0,-1,1,0,1,1,25,0,0,0,1028,0,0,0,0,0,1,1,0,0,0,-215.0677589,0,0,0,0,3,1,1,5,10,0,0,0,3,1,1,5,1000,0,0,0,0,0,0,0,0,0,0,0,0,0,0,0,0,0,0,0,0,0,0,0,0,0,0,0,0,0,0,0,0,0,0,0,0,0,0,0,0,0,0,0,0,0,0,0,0,0,0,0
1986,27,13,56,53.931,2,7,0,-1,1,0,1,1,25,0,0,0,1028,0,0,0,0,0,1,1,0,0,0,-215.1547104,0,0,0,0,3,1,1,5,10,0,0,0,3,1,1,5,1000,0,0,0,0,0,0,0,0,0,0,0,0,0,0,0,0,0,0,0,0,0,0,0,0,0,0,0,0,0,0,0,0,0,0,0,0,0,0,0,0,0,0,0,0,0,0,0,0,0,0,0
1986,27,13,58,29.931,2,7,0,-1,1,0,1,1,25,0,0,0,1028,0,0,0,0,0,1,1,0,0,0,-215.2416616,0,0,0,0,3,1,1,5,10,0,0,0,3,1,1,5,1000,0,0,0,0,0,0,0,0,0,0,0,0,0,0,0,0,0,0,0,0,0,0,0,0,0,0,0,0,0,0,0,0,0,0,0,0,0,0,0,0,0,0,0,0,0,0,0,0,0,0,0
1986,27,14,0,5.931,2,7,0,-1,1,0,1,1,25,0,0,0,1028,0,0,0,0,0,1,1,0,0,0,-215.3286127,0,0,0,0,3,1,1,5,10,0,0,0,3,1,1,5,1000,0,0,0,0,0,0,0,0,0,0,0,0,0,0,0,0,0,0,0,0,0,0,0,0,0,0,0,0,0,0,0,0,0,0,0,0,0,0,0,0,0,0,0,0,0,0,0,0,0,0,0
1986,27,14,1,41.931,2,7,0,-1,1,0,1,1,25,0,0,0,1028,0,0,0,0,0,1,1,0,0,0,-215.4155635,0,0,0,0,3,1,1,5,10,0,0,0,3,1,1,5,1000,0,0,0,0,0,0,0,0,0,0,0,0,0,0,0,0,0,0,0,0,0,0,0,0,0,0,0,0,0,0,0,0,0,0,0,0,0,0,0,0,0,0,0,0,0,0,0,0,0,0,0
1986,27,14,3,17.931,2,7,0,-1,1,0,1,1,25,0,0,0,1028,0,0,0,0,0,1,1,0,0,0,-215.5025142,0,0,0,0,3,1,1,5,10,0,0,0,3,1,1,5,1000,0,0,0,0,0,0,0,0,0,0,0,0,0,0,0,0,0,0,0,0,0,0,0,0,0,0,0,0,0,0,0,0,0,0,0,0,0,0,0,0,0,0,0,0,0,0,0,0,0,0,0
1986,27,14,7,17.93,2,7,0,-1,1,0,1,1,25,0,0,0,1028,0,0,0,0,0,1,1,0,0,0,-215.7198889,0,0,0,0,3,1,1,5,10,0,0,0,3,1,1,5,1000,0,0,0,0,0,0,0,0,0,0,0,0,0,0,0,0,0,0,0,0,0,0,0,0,0,0,0,0,0,0,0,0,0,0,0,0,0,0,0,0,0,0,0,0,0,0,0,0,0,0,0
1986,27,14,8,53.93,2,7,0,-1,1,0,1,1,25,0,0,0,1028,0,0,0,0,0,1,1,0,0,0,-215.8068388,0,0,0,0,3,1,1,5,10,0,0,0,3,1,1,5,1000,0,0,0,0,0,0,0,0,0,0,0,0,0,0,0,0,0,0,0,0,0,0,0,0,0,0,0,0,0,0,0,0,0,0,0,0,0,0,0,0,0,0,0,0,0,0,0,0,0,0,0
1986,27,14,10,29.93,2,7,0,-1,1,0,1,1,25,0,0,0,1028,0,0,0,0,0,1,1,0,0,0,-215.8937885,0,0,0,0,3,1,1,5,10,0,0,0,3,1,1,5,1000,0,0,0,0,0,0,0,0,0,0,0,0,0,0,0,0,0,0,0,0,0,0,0,0,0,0,0,0,0,0,0,0,0,0,0,0,0,0,0,0,0,0,0,0,0,0,0,0,0,0,0
1986,27,14,12,5.93,2,7,0,-1,1,0,1,1,25,0,0,0,1028,0,0,0,0,0,1,1,0,0,0,-215.9807379,0,0,0,0,3,1,1,5,10,0,0,0,3,1,1,5,1000,0,0,0,0,0,0,0,0,0,0,0,0,0,0,0,0,0,0,0,0,0,0,0,0,0,0,0,0,0,0,0,0,0,0,0,0,0,0,0,0,0,0,0,0,0,0,0,0,0,0,0
1986,27,14,13,41.93,2,7,0,-1,1,0,1,1,25,0,0,0,1028,0,0,0,0,0,1,1,0,0,0,-216.0676872,0,0,0,0,3,1,1,5,10,0,0,0,3,1,1,5,1000,0,0,0,0,0,0,0,0,0,0,0,0,0,0,0,0,0,0,0,0,0,0,0,0,0,0,0,0,0,0,0,0,0,0,0,0,0,0,0,0,0,0,0,0,0,0,0,0,0,0,0
1986,27,14,15,17.93,2,7,0,-1,1,0,1,1,25,0,0,0,1028,0,0,0,0,0,1,1,0,0,0,-216.1546362,0,0,0,0,3,1,1,5,10,0,0,0,3,1,1,5,1000,0,0,0,0,0,0,0,0,0,0,0,0,0,0,0,0,0,0,0,0,0,0,0,0,0,0,0,0,0,0,0,0,0,0,0,0,0,0,0,0,0,0,0,0,0,0,0,0,0,0,0
1986,27,14,19,17.93,2,7,0,-1,1,0,1,1,25,0,0,0,1028,0,0,0,0,0,1,1,0,0,0,-216.3720079,0,0,0,0,3,1,1,5,10,0,0,0,3,1,1,5,1000,0,0,0,0,0,0,0,0,0,0,0,0,0,0,0,0,0,0,0,0,0,0,0,0,0,0,0,0,0,0,0,0,0,0,0,0,0,0,0,0,0,0,0,0,0,0,0,0,0,0,0
1986,27,14,20,53.929,2,7,0,-1,1,0,1,1,25,0,0,0,1028,0,0,0,0,0,1,1,0,0,0,-216.4589552,0,0,0,0,3,1,1,5,10,0,0,0,3,1,1,5,1000,0,0,0,0,0,0,0,0,0,0,0,0,0,0,0,0,0,0,0,0,0,0,0,0,0,0,0,0,0,0,0,0,0,0,0,0,0,0,0,0,0,0,0,0,0,0,0,0,0,0,0
1986,27,14,22,29.929,2,7,0,-1,1,0,1,1,25,0,0,0,1028,0,0,0,0,0,1,1,0,0,0,-216.5459033,0,0,0,0,3,1,1,5,10,0,0,0,3,1,1,5,1000,0,0,0,0,0,0,0,0,0,0,0,0,0,0,0,0,0,0,0,0,0,0,0,0,0,0,0,0,0,0,0,0,0,0,0,0,0,0,0,0,0,0,0,0,0,0,0,0,0,0,0
1986,27,14,24,5.929,2,7,0,-1,1,0,1,1,25,0,0,0,1028,0,0,0,0,0,1,1,0,0,0,-216.6328512,0,0,0,0,3,1,1,5,10,0,0,0,3,1,1,5,1000,0,0,0,0,0,0,0,0,0,0,0,0,0,0,0,0,0,0,0,0,0,0,0,0,0,0,0,0,0,0,0,0,0,0,0,0,0,0,0,0,0,0,0,0,0,0,0,0,0,0,0
1986,27,14,25,41.929,2,7,0,-1,1,0,1,1,25,0,0,0,1028,0,0,0,0,0,1,1,0,0,0,-216.7197989,0,0,0,0,3,1,1,5,10,0,0,0,3,1,1,5,1000,0,0,0,0,0,0,0,0,0,0,0,0,0,0,0,0,0,0,0,0,0,0,0,0,0,0,0,0,0,0,0,0,0,0,0,0,0,0,0,0,0,0,0,0,0,0,0,0,0,0,0
1986,27,14,27,17.929,2,7,0,-1,1,0,1,1,25,0,0,0,1028,0,0,0,0,0,1,1,0,0,0,-216.8067463,0,0,0,0,3,1,1,5,10,0,0,0,3,1,1,5,1000,0,0,0,0,0,0,0,0,0,0,0,0,0,0,0,0,0,0,0,0,0,0,0,0,0,0,0,0,0,0,0,0,0,0,0,0,0,0,0,0,0,0,0,0,0,0,0,0,0,0,0
1986,27,14,31,17.929,2,7,0,-1,1,0,1,1,25,0,0,0,1028,0,0,0,0,0,1,1,0,0,0,-217.024114,0,0,0,0,3,1,1,5,10,0,0,0,3,1,1,5,1000,0,0,0,0,0,0,0,0,0,0,0,0,0,0,0,0,0,0,0,0,0,0,0,0,0,0,0,0,0,0,0,0,0,0,0,0,0,0,0,0,0,0,0,0,0,0,0,0,0,0,0
1986,27,14,32,53.929,2,7,0,-1,1,0,1,1,25,0,0,0,1028,0,0,0,0,0,1,1,0,0,0,-217.1110607,0,0,0,0,3,1,1,5,10,0,0,0,3,1,1,5,1000,0,0,0,0,0,0,0,0,0,0,0,0,0,0,0,0,0,0,0,0,0,0,0,0,0,0,0,0,0,0,0,0,0,0,0,0,0,0,0,0,0,0,0,0,0,0,0,0,0,0,0
1986,27,14,34,29.929,2,7,0,-1,1,0,1,1,25,0,0,0,1028,0,0,0,0,0,1,1,0,0,0,-217.1980072,0,0,0,0,3,1,1,5,10,0,0,0,3,1,1,5,1000,0,0,0,0,0,0,0,0,0,0,0,0,0,0,0,0,0,0,0,0,0,0,0,0,0,0,0,0,0,0,0,0,0,0,0,0,0,0,0,0,0,0,0,0,0,0,0,0,0,0,0
1986,27,14,36,5.928,2,7,0,-1,1,0,1,1,25,0,0,0,1028,0,0,0,0,0,1,1,0,0,0,-217.2849526,0,0,0,0,3,1,1,5,10,0,0,0,3,1,1,5,1000,0,0,0,0,0,0,0,0,0,0,0,0,0,0,0,0,0,0,0,0,0,0,0,0,0,0,0,0,0,0,0,0,0,0,0,0,0,0,0,0,0,0,0,0,0,0,0,0,0,0,0
1986,27,14,37,41.928,2,7,0,-1,1,0,1,1,25,0,0,0,1028,0,0,0,0,0,1,1,0,0,0,-217.3718987,0,0,0,0,3,1,1,5,10,0,0,0,3,1,1,5,1000,0,0,0,0,0,0,0,0,0,0,0,0,0,0,0,0,0,0,0,0,0,0,0,0,0,0,0,0,0,0,0,0,0,0,0,0,0,0,0,0,0,0,0,0,0,0,0,0,0,0,0
1986,27,14,39,17.928,2,7,0,-1,1,0,1,1,25,0,0,0,1028,0,0,0,0,0,1,1,0,0,0,-217.4588446,0,0,0,0,3,1,1,5,10,0,0,0,3,1,1,5,1000,0,0,0,0,0,0,0,0,0,0,0,0,0,0,0,0,0,0,0,0,0,0,0,0,0,0,0,0,0,0,0,0,0,0,0,0,0,0,0,0,0,0,0,0,0,0,0,0,0,0,0
1986,27,14,43,17.928,2,7,0,-1,1,0,1,1,25,0,0,0,1028,0,0,0,0,0,1,1,0,0,0,-217.6762084,0,0,0,0,3,1,1,5,10,0,0,0,3,1,1,5,1000,0,0,0,0,0,0,0,0,0,0,0,0,0,0,0,0,0,0,0,0,0,0,0,0,0,0,0,0,0,0,0,0,0,0,0,0,0,0,0,0,0,0,0,0,0,0,0,0,0,0,0
1986,27,14,44,53.928,2,7,0,-1,1,0,1,1,25,0,0,0,1028,0,0,0,0,0,1,1,0,0,0,-217.7631535,0,0,0,0,3,1,1,5,10,0,0,0,3,1,1,5,1000,0,0,0,0,0,0,0,0,0,0,0,0,0,0,0,0,0,0,0,0,0,0,0,0,0,0,0,0,0,0,0,0,0,0,0,0,0,0,0,0,0,0,0,0,0,0,0,0,0,0,0
1986,27,14,46,29.928,2,7,0,-1,1,0,1,1,25,0,0,0,1028,0,0,0,0,0,1,1,0,0,0,-217.8500984,0,0,0,0,3,1,1,5,10,0,0,0,3,1,1,5,1000,0,0,0,0,0,0,0,0,0,0,0,0,0,0,0,0,0,0,0,0,0,0,0,0,0,0,0,0,0,0,0,0,0,0,0,0,0,0,0,0,0,0,0,0,0,0,0,0,0,0,0
1986,27,14,48,5.928,2,7,0,-1,1,0,1,1,25,0,0,0,1028,0,0,0,0,0,1,1,0,0,0,-217.9370432,0,0,0,0,3,1,1,5,10,0,0,0,3,1,1,5,1000,0,0,0,0,0,0,0,0,0,0,0,0,0,0,0,0,0,0,0,0,0,0,0,0,0,0,0,0,0,0,0,0,0,0,0,0,0,0,0,0,0,0,0,0,0,0,0,0,0,0,0
1986,27,14,49,41.928,2,7,0,-1,1,0,1,1,25,0,0,0,1028,0,0,0,0,0,1,1,0,0,0,-218.0239877,0,0,0,0,3,1,1,5,10,0,0,0,3,1,1,5,1000,0,0,0,0,0,0,0,0,0,0,0,0,0,0,0,0,0,0,0,0,0,0,0,0,0,0,0,0,0,0,0,0,0,0,0,0,0,0,0,0,0,0,0,0,0,0,0,0,0,0,0
1986,27,14,51,17.927,2,7,0,-1,1,0,1,1,25,0,0,0,1028,0,0,0,0,0,1,1,0,0,0,-218.1109311,0,0,0,0,3,1,1,5,10,0,0,0,3,1,1,5,1000,0,0,0,0,0,0,0,0,0,0,0,0,0,0,0,0,0,0,0,0,0,0,0,0,0,0,0,0,0,0,0,0,0,0,0,0,0,0,0,0,0,0,0,0,0,0,0,0,0,0,0
1986,27,14,55,17.927,2,7,0,-1,1,0,1,1,25,0,0,0,1028,0,0,0,0,0,1,1,0,0,0,-218.3282909,0,0,0,0,3,1,1,5,10,0,0,0,3,1,1,5,1000,0,0,0,0,0,0,0,0,0,0,0,0,0,0,0,0,0,0,0,0,0,0,0,0,0,0,0,0,0,0,0,0,0,0,0,0,0,0,0,0,0,0,0,0,0,0,0,0,0,0,0
1986,27,14,56,53.927,2,7,0,-1,1,0,1,1,25,0,0,0,1028,0,0,0,0,0,1,1,0,0,0,-218.4152345,0,0,0,0,3,1,1,5,10,0,0,0,3,1,1,5,1000,0,0,0,0,0,0,0,0,0,0,0,0,0,0,0,0,0,0,0,0,0,0,0,0,0,0,0,0,0,0,0,0,0,0,0,0,0,0,0,0,0,0,0,0,0,0,0,0,0,0,0
1986,27,14,58,29.927,2,7,0,-1,1,0,1,1,25,0,0,0,1028,0,0,0,0,0,1,1,0,0,0,-218.5021779,0,0,0,0,3,1,1,5,10,0,0,0,3,1,1,5,1000,0,0,0,0,0,0,0,0,0,0,0,0,0,0,0,0,0,0,0,0,0,0,0,0,0,0,0,0,0,0,0,0,0,0,0,0,0,0,0,0,0,0,0,0,0,0,0,0,0,0,0
1986,27,15,0,5.927,2,7,0,-1,1,0,1,1,25,0,0,0,1028,0,0,0,0,0,1,1,0,0,0,-218.589121,0,0,0,0,3,1,1,5,10,0,0,0,3,1,1,5,1000,0,0,0,0,0,0,0,0,0,0,0,0,0,0,0,0,0,0,0,0,0,0,0,0,0,0,0,0,0,0,0,0,0,0,0,0,0,0,0,0,0,0,0,0,0,0,0,0,0,0,0
1986,27,15,1,41.927,2,7,0,-1,1,0,1,1,25,0,0,0,1028,0,0,0,0,0,1,1,0,0,0,-218.676064,0,0,0,0,3,1,1,5,10,0,0,0,3,1,1,5,1000,0,0,0,0,0,0,0,0,0,0,0,0,0,0,0,0,0,0,0,0,0,0,0,0,0,0,0,0,0,0,0,0,0,0,0,0,0,0,0,0,0,0,0,0,0,0,0,0,0,0,0
1986,27,15,3,17.927,2,7,0,-1,1,0,1,1,25,0,0,0,1028,0,0,0,0,0,1,1,0,0,0,-218.7630067,0,0,0,0,3,1,1,5,10,0,0,0,3,1,1,5,1000,0,0,0,0,0,0,0,0,0,0,0,0,0,0,0,0,0,0,0,0,0,0,0,0,0,0,0,0,0,0,0,0,0,0,0,0,0,0,0,0,0,0,0,0,0,0,0,0,0,0,0
1986,27,15,7,17.926,2,7,0,-1,1,0,1,1,25,0,0,0,1028,0,0,0,0,0,1,1,0,0,0,-218.9803618,0,0,0,0,3,1,1,5,10,0,0,0,3,1,1,5,1000,0,0,0,0,0,0,0,0,0,0,0,0,0,0,0,0,0,0,0,0,0,0,0,0,0,0,0,0,0,0,0,0,0,0,0,0,0,0,0,0,0,0,0,0,0,0,0,0,0,0,0
1986,27,15,10,29.926,2,7,0,-1,1,0,1,1,25,0,0,0,1028,0,0,0,0,0,1,1,0,0,0,-219.1542456,0,0,0,0,3,1,1,5,10,0,0,0,3,1,1,5,1000,0,0,0,0,0,0,0,0,0,0,0,0,0,0,0,0,0,0,0,0,0,0,0,0,0,0,0,0,0,0,0,0,0,0,0,0,0,0,0,0,0,0,0,0,0,0,0,0,0,0,0
1986,27,15,12,5.926,2,7,0,-1,1,0,1,1,25,0,0,0,1028,0,0,0,0,0,1,1,0,0,0,-219.2411872,0,0,0,0,3,1,1,5,10,0,0,0,3,1,1,5,1000,0,0,0,0,0,0,0,0,0,0,0,0,0,0,0,0,0,0,0,0,0,0,0,0,0,0,0,0,0,0,0,0,0,0,0,0,0,0,0,0,0,0,0,0,0,0,0,0,0,0,0
1986,27,15,13,41.926,2,7,0,-1,1,0,1,1,25,0,0,0,1028,0,0,0,0,0,1,1,0,0,0,-219.3281286,0,0,0,0,3,1,1,5,10,0,0,0,3,1,1,5,1000,0,0,0,0,0,0,0,0,0,0,0,0,0,0,0,0,0,0,0,0,0,0,0,0,0,0,0,0,0,0,0,0,0,0,0,0,0,0,0,0,0,0,0,0,0,0,0,0,0,0,0
1986,27,15,15,17.926,2,7,0,-1,1,0,1,1,25,0,0,0,1028,0,0,0,0,0,1,1,0,0,0,-219.4150698,0,0,0,0,3,1,1,5,10,0,0,0,3,1,1,5,1000,0,0,0,0,0,0,0,0,0,0,0,0,0,0,0,0,0,0,0,0,0,0,0,0,0,0,0,0,0,0,0,0,0,0,0,0,0,0,0,0,0,0,0,0,0,0,0,0,0,0,0
1986,27,15,19,17.926,2,7,0,-1,1,0,1,1,25,0,0,0,1028,0,0,0,0,0,1,1,0,0,0,-219.6324219,0,0,0,0,3,1,1,5,10,0,0,0,3,1,1,5,1000,0,0,0,0,0,0,0,0,0,0,0,0,0,0,0,0,0,0,0,0,0,0,0,0,0,0,0,0,0,0,0,0,0,0,0,0,0,0,0,0,0,0,0,0,0,0,0,0,0,0,0
1986,27,15,20,53.926,2,7,0,-1,1,0,1,1,25,0,0,0,1028,0,0,0,0,0,1,1,0,0,0,-219.7193619,0,0,0,0,3,1,1,5,10,0,0,0,3,1,1,5,1000,0,0,0,0,0,0,0,0,0,0,0,0,0,0,0,0,0,0,0,0,0,0,0,0,0,0,0,0,0,0,0,0,0,0,0,0,0,0,0,0,0,0,0,0,0,0,0,0,0,0,0
1986,27,15,22,29.925,2,7,0,-1,1,0,1,1,25,0,0,0,1028,0,0,0,0,0,1,1,0,0,0,-219.8063017,0,0,0,0,3,1,1,5,10,0,0,0,3,1,1,5,1000,0,0,0,0,0,0,0,0,0,0,0,0,0,0,0,0,0,0,0,0,0,0,0,0,0,0,0,0,0,0,0,0,0,0,0,0,0,0,0,0,0,0,0,0,0,0,0,0,0,0,0
1986,27,15,24,5.925,2,7,0,-1,1,0,1,1,25,0,0,0,1028,0,0,0,0,0,1,1,0,0,0,-219.8932418,0,0,0,0,3,1,1,5,10,0,0,0,3,1,1,5,1000,0,0,0,0,0,0,0,0,0,0,0,0,0,0,0,0,0,0,0,0,0,0,0,0,0,0,0,0,0,0,0,0,0,0,0,0,0,0,0,0,0,0,0,0,0,0,0,0,0,0,0
1986,27,15,25,41.925,2,7,0,-1,1,0,1,1,25,0,0,0,1028,0,0,0,0,0,1,1,0,0,0,-219.9801816,0,0,0,0,3,1,1,5,10,0,0,0,3,1,1,5,1000,0,0,0,0,0,0,0,0,0,0,0,0,0,0,0,0,0,0,0,0,0,0,0,0,0,0,0,0,0,0,0,0,0,0,0,0,0,0,0,0,0,0,0,0,0,0,0,0,0,0,0
1986,27,15,27,17.925,2,7,0,-1,1,0,1,1,25,0,0,0,1028,0,0,0,0,0,1,1,0,0,0,-220.0671213,0,0,0,0,3,1,1,5,10,0,0,0,3,1,1,5,1000,0,0,0,0,0,0,0,0,0,0,0,0,0,0,0,0,0,0,0,0,0,0,0,0,0,0,0,0,0,0,0,0,0,0,0,0,0,0,0,0,0,0,0,0,0,0,0,0,0,0,0
1986,27,15,31,17.925,2,7,0,-1,1,0,1,1,25,0,0,0,1028,0,0,0,0,0,1,1,0,0,0,-220.2844695,0,0,0,0,3,1,1,5,10,0,0,0,3,1,1,5,1000,0,0,0,0,0,0,0,0,0,0,0,0,0,0,0,0,0,0,0,0,0,0,0,0,0,0,0,0,0,0,0,0,0,0,0,0,0,0,0,0,0,0,0,0,0,0,0,0,0,0,0
1986,27,15,32,53.925,2,7,0,-1,1,0,1,1,25,0,0,0,1028,0,0,0,0,0,1,1,0,0,0,-220.3714084,0,0,0,0,3,1,1,5,10,0,0,0,3,1,1,5,1000,0,0,0,0,0,0,0,0,0,0,0,0,0,0,0,0,0,0,0,0,0,0,0,0,0,0,0,0,0,0,0,0,0,0,0,0,0,0,0,0,0,0,0,0,0,0,0,0,0,0,0
1986,27,15,34,29.925,2,7,0,-1,1,0,1,1,25,0,0,0,1028,0,0,0,0,0,1,1,0,0,0,-220.4583472,0,0,0,0,3,1,1,5,10,0,0,0,3,1,1,5,1000,0,0,0,0,0,0,0,0,0,0,0,0,0,0,0,0,0,0,0,0,0,0,0,0,0,0,0,0,0,0,0,0,0,0,0,0,0,0,0,0,0,0,0,0,0,0,0,0,0,0,0
1986,27,15,36,5.924,2,7,0,-1,1,0,1,1,25,0,0,0,1028,0,0,0,0,0,1,1,0,0,0,-220.5452848,0,0,0,0,3,1,1,5,10,0,0,0,3,1,1,5,1000,0,0,0,0,0,0,0,0,0,0,0,0,0,0,0,0,0,0,0,0,0,0,0,0,0,0,0,0,0,0,0,0,0,0,0,0,0,0,0,0,0,0,0,0,0,0,0,0,0,0,0
1986,27,15,37,41.924,2,7,0,-1,1,0,1,1,25,0,0,0,1028,0,0,0,0,0,1,1,0,0,0,-220.6322231,0,0,0,0,3,1,1,5,10,0,0,0,3,1,1,5,1000,0,0,0,0,0,0,0,0,0,0,0,0,0,0,0,0,0,0,0,0,0,0,0,0,0,0,0,0,0,0,0,0,0,0,0,0,0,0,0,0,0,0,0,0,0,0,0,0,0,0,0
1986,27,15,39,17.924,2,7,0,-1,1,0,1,1,25,0,0,0,1028,0,0,0,0,0,1,1,0,0,0,-220.7191612,0,0,0,0,3,1,1,5,10,0,0,0,3,1,1,5,1000,0,0,0,0,0,0,0,0,0,0,0,0,0,0,0,0,0,0,0,0,0,0,0,0,0,0,0,0,0,0,0,0,0,0,0,0,0,0,0,0,0,0,0,0,0,0,0,0,0,0,0
1986,27,15,43,17.924,2,7,0,-1,1,0,1,1,25,0,0,0,1028,0,0,0,0,0,1,1,0,0,0,-220.9365056,0,0,0,0,3,1,1,5,10,0,0,0,3,1,1,5,1000,0,0,0,0,0,0,0,0,0,0,0,0,0,0,0,0,0,0,0,0,0,0,0,0,0,0,0,0,0,0,0,0,0,0,0,0,0,0,0,0,0,0,0,0,0,0,0,0,0,0,0
1986,27,15,44,53.924,2,7,0,-1,1,0,1,1,25,0,0,0,1028,0,0,0,0,0,1,1,0,0,0,-221.023443,0,0,0,0,3,1,1,5,10,0,0,0,3,1,1,5,1000,0,0,0,0,0,0,0,0,0,0,0,0,0,0,0,0,0,0,0,0,0,0,0,0,0,0,0,0,0,0,0,0,0,0,0,0,0,0,0,0,0,0,0,0,0,0,0,0,0,0,0
1986,27,15,46,29.924,2,7,0,-1,1,0,1,1,25,0,0,0,1028,0,0,0,0,0,1,1,0,0,0,-221.1103802,0,0,0,0,3,1,1,5,10,0,0,0,3,1,1,5,1000,0,0,0,0,0,0,0,0,0,0,0,0,0,0,0,0,0,0,0,0,0,0,0,0,0,0,0,0,0,0,0,0,0,0,0,0,0,0,0,0,0,0,0,0,0,0,0,0,0,0,0
1986,27,15,48,5.924,2,7,0,-1,1,0,1,1,25,0,0,0,1028,0,0,0,0,0,1,1,0,0,0,-221.1973172,0,0,0,0,3,1,1,5,10,0,0,0,3,1,1,5,1000,0,0,0,0,0,0,0,0,0,0,0,0,0,0,0,0,0,0,0,0,0,0,0,0,0,0,0,0,0,0,0,0,0,0,0,0,0,0,0,0,0,0,0,0,0,0,0,0,0,0,0
1986,27,15,49,41.924,2,7,0,-1,1,0,1,1,25,0,0,0,1028,0,0,0,0,0,1,1,0,0,0,-221.284254,0,0,0,0,3,1,1,5,10,0,0,0,3,1,1,5,1000,0,0,0,0,0,0,0,0,0,0,0,0,0,0,0,0,0,0,0,0,0,0,0,0,0,0,0,0,0,0,0,0,0,0,0,0,0,0,0,0,0,0,0,0,0,0,0,0,0,0,0
1986,27,15,51,17.923,2,7,0,-1,1,0,1,1,25,0,0,0,1028,0,0,0,0,0,1,1,0,0,0,-221.3711896,0,0,0,0,3,1,1,5,10,0,0,0,3,1,1,5,1000,0,0,0,0,0,0,0,0,0,0,0,0,0,0,0,0,0,0,0,0,0,0,0,0,0,0,0,0,0,0,0,0,0,0,0,0,0,0,0,0,0,0,0,0,0,0,0,0,0,0,0
1986,27,15,55,17.923,2,7,0,-1,1,0,1,1,25,0,0,0,1028,0,0,0,0,0,1,1,0,0,0,-221.5885302,0,0,0,0,3,1,1,5,10,0,0,0,3,1,1,5,1000,0,0,0,0,0,0,0,0,0,0,0,0,0,0,0,0,0,0,0,0,0,0,0,0,0,0,0,0,0,0,0,0,0,0,0,0,0,0,0,0,0,0,0,0,0,0,0,0,0,0,0
1986,27,15,56,53.923,2,7,0,-1,1,0,1,1,25,0,0,0,1028,0,0,0,0,0,1,1,0,0,0,-221.6754661,0,0,0,0,3,1,1,5,10,0,0,0,3,1,1,5,1000,0,0,0,0,0,0,0,0,0,0,0,0,0,0,0,0,0,0,0,0,0,0,0,0,0,0,0,0,0,0,0,0,0,0,0,0,0,0,0,0,0,0,0,0,0,0,0,0,0,0,0
1986,27,15,58,29.923,2,7,0,-1,1,0,1,1,25,0,0,0,1028,0,0,0,0,0,1,1,0,0,0,-221.7624017,0,0,0,0,3,1,1,5,10,0,0,0,3,1,1,5,1000,0,0,0,0,0,0,0,0,0,0,0,0,0,0,0,0,0,0,0,0,0,0,0,0,0,0,0,0,0,0,0,0,0,0,0,0,0,0,0,0,0,0,0,0,0,0,0,0,0,0,0
1986,27,16,0,5.923,2,7,0,-1,1,0,1,1,25,0,0,0,1028,0,0,0,0,0,1,1,0,0,0,-221.8493372,0,0,0,0,3,1,1,5,10,0,0,0,3,1,1,5,1000,0,0,0,0,0,0,0,0,0,0,0,0,0,0,0,0,0,0,0,0,0,0,0,0,0,0,0,0,0,0,0,0,0,0,0,0,0,0,0,0,0,0,0,0,0,0,0,0,0,0,0
1986,27,16,1,41.923,2,7,0,-1,1,0,1,1,25,0,0,0,1028,0,0,0,0,0,1,1,0,0,0,-221.9362725,0,0,0,0,3,1,1,5,10,0,0,0,3,1,1,5,1000,0,0,0,0,0,0,0,0,0,0,0,0,0,0,0,0,0,0,0,0,0,0,0,0,0,0,0,0,0,0,0,0,0,0,0,0,0,0,0,0,0,0,0,0,0,0,0,0,0,0,0
1986,27,16,3,17.923,2,7,0,-1,1,0,1,1,25,0,0,0,1028,0,0,0,0,0,1,1,0,0,0,-222.0232075,0,0,0,0,3,1,1,5,10,0,0,0,3,1,1,5,1000,0,0,0,0,0,0,0,0,0,0,0,0,0,0,0,0,0,0,0,0,0,0,0,0,0,0,0,0,0,0,0,0,0,0,0,0,0,0,0,0,0,0,0,0,0,0,0,0,0,0,0
1986,27,16,7,17.922,2,7,0,-1,1,0,1,1,25,0,0,0,1028,0,0,0,0,0,1,1,0,0,0,-222.2405434,0,0,0,0,3,1,1,5,10,0,0,0,3,1,1,5,1000,0,0,0,0,0,0,0,0,0,0,0,0,0,0,0,0,0,0,0,0,0,0,0,0,0,0,0,0,0,0,0,0,0,0,0,0,0,0,0,0,0,0,0,0,0,0,0,0,0,0,0
1986,27,16,8,53.922,2,7,0,-1,1,0,1,1,25,0,0,0,1028,0,0,0,0,0,1,1,0,0,0,-222.3274777,0,0,0,0,3,1,1,5,10,0,0,0,3,1,1,5,1000,0,0,0,0,0,0,0,0,0,0,0,0,0,0,0,0,0,0,0,0,0,0,0,0,0,0,0,0,0,0,0,0,0,0,0,0,0,0,0,0,0,0,0,0,0,0,0,0,0,0,0
1986,27,16,10,29.922,2,7,0,-1,1,0,1,1,25,0,0,0,1028,0,0,0,0,0,1,1,0,0,0,-222.4144119,0,0,0,0,3,1,1,5,10,0,0,0,3,1,1,5,1000,0,0,0,0,0,0,0,0,0,0,0,0,0,0,0,0,0,0,0,0,0,0,0,0,0,0,0,0,0,0,0,0,0,0,0,0,0,0,0,0,0,0,0,0,0,0,0,0,0,0,0
1986,27,16,12,5.922,2,7,0,-1,1,0,1,1,25,0,0,0,1028,0,0,0,0,0,1,1,0,0,0,-222.5013458,0,0,0,0,3,1,1,5,10,0,0,0,3,1,1,5,1000,0,0,0,0,0,0,0,0,0,0,0,0,0,0,0,0,0,0,0,0,0,0,0,0,0,0,0,0,0,0,0,0,0,0,0,0,0,0,0,0,0,0,0,0,0,0,0,0,0,0,0
1986,27,16,13,41.922,2,7,0,-1,1,0,1,1,25,0,0,0,1028,0,0,0,0,0,1,1,0,0,0,-222.5882796,0,0,0,0,3,1,1,5,10,0,0,0,3,1,1,5,1000,0,0,0,0,0,0,0,0,0,0,0,0,0,0,0,0,0,0,0,0,0,0,0,0,0,0,0,0,0,0,0,0,0,0,0,0,0,0,0,0,0,0,0,0,0,0,0,0,0,0,0
1986,27,16,15,17.922,2,7,0,-1,1,0,1,1,25,0,0,0,1028,0,0,0,0,0,1,1,0,0,0,-222.6752131,0,0,0,0,3,1,1,5,10,0,0,0,3,1,1,5,1000,0,0,0,0,0,0,0,0,0,0,0,0,0,0,0,0,0,0,0,0,0,0,0,0,0,0,0,0,0,0,0,0,0,0,0,0,0,0,0,0,0,0,0,0,0,0,0,0,0,0,0
1986,27,16,19,17.922,2,7,0,-1,1,0,1,1,25,0,0,0,1028,0,0,0,0,0,1,1,0,0,0,-222.8925461,0,0,0,0,3,1,1,5,10,0,0,0,3,1,1,5,1000,0,0,0,0,0,0,0,0,0,0,0,0,0,0,0,0,0,0,0,0,0,0,0,0,0,0,0,0,0,0,0,0,0,0,0,0,0,0,0,0,0,0,0,0,0,0,0,0,0,0,0
1986,27,16,20,53.922,2,7,0,-1,1,0,1,1,25,0,0,0,1028,0,0,0,0,0,1,1,0,0,0,-222.9794785,0,0,0,0,3,1,1,5,10,0,0,0,3,1,1,5,1000,0,0,0,0,0,0,0,0,0,0,0,0,0,0,0,0,0,0,0,0,0,0,0,0,0,0,0,0,0,0,0,0,0,0,0,0,0,0,0,0,0,0,0,0,0,0,0,0,0,0,0
1986,27,16,22,29.921,2,7,0,-1,1,0,1,1,25,0,0,0,1028,0,0,0,0,0,1,1,0,0,0,-223.0664107,0,0,0,0,3,1,1,5,10,0,0,0,3,1,1,5,1000,0,0,0,0,0,0,0,0,0,0,0,0,0,0,0,0,0,0,0,0,0,0,0,0,0,0,0,0,0,0,0,0,0,0,0,0,0,0,0,0,0,0,0,0,0,0,0,0,0,0,0
1986,27,16,24,5.921,2,7,0,-1,1,0,1,1,25,0,0,0,1028,0,0,0,0,0,1,1,0,0,0,-223.1533431,0,0,0,0,3,1,1,5,10,0,0,0,3,1,1,5,1000,0,0,0,0,0,0,0,0,0,0,0,0,0,0,0,0,0,0,0,0,0,0,0,0,0,0,0,0,0,0,0,0,0,0,0,0,0,0,0,0,0,0,0,0,0,0,0,0,0,0,0
1986,27,16,25,41.921,2,7,0,-1,1,0,1,1,25,0,0,0,1028,0,0,0,0,0,1,1,0,0,0,-223.2402754,0,0,0,0,3,1,1,5,10,0,0,0,3,1,1,5,1000,0,0,0,0,0,0,0,0,0,0,0,0,0,0,0,0,0,0,0,0,0,0,0,0,0,0,0,0,0,0,0,0,0,0,0,0,0,0,0,0,0,0,0,0,0,0,0,0,0,0,0
1986,27,16,27,17.921,2,7,0,-1,1,0,1,1,25,0,0,0,1028,0,0,0,0,0,1,1,0,0,0,-223.3272074,0,0,0,0,3,1,1,5,10,0,0,0,3,1,1,5,1000,0,0,0,0,0,0,0,0,0,0,0,0,0,0,0,0,0,0,0,0,0,0,0,0,0,0,0,0,0,0,0,0,0,0,0,0,0,0,0,0,0,0,0,0,0,0,0,0,0,0,0
1986,27,16,31,17.921,2,7,0,-1,1,0,1,1,25,0,0,0,1028,0,0,0,0,0,1,1,0,0,0,-223.5445366,0,0,0,0,3,1,1,5,10,0,0,0,3,1,1,5,1000,0,0,0,0,0,0,0,0,0,0,0,0,0,0,0,0,0,0,0,0,0,0,0,0,0,0,0,0,0,0,0,0,0,0,0,0,0,0,0,0,0,0,0,0,0,0,0,0,0,0,0
1986,27,16,32,53.921,2,7,0,-1,1,0,1,1,25,0,0,0,1028,0,0,0,0,0,1,1,0,0,0,-223.631468,0,0,0,0,3,1,1,5,10,0,0,0,3,1,1,5,1000,0,0,0,0,0,0,0,0,0,0,0,0,0,0,0,0,0,0,0,0,0,0,0,0,0,0,0,0,0,0,0,0,0,0,0,0,0,0,0,0,0,0,0,0,0,0,0,0,0,0,0
1986,27,16,34,29.921,2,7,0,-1,1,0,1,1,25,0,0,0,1028,0,0,0,0,0,1,1,0,0,0,-223.7183991,0,0,0,0,3,1,1,5,10,0,0,0,3,1,1,5,1000,0,0,0,0,0,0,0,0,0,0,0,0,0,0,0,0,0,0,0,0,0,0,0,0,0,0,0,0,0,0,0,0,0,0,0,0,0,0,0,0,0,0,0,0,0,0,0,0,0,0,0
1986,27,16,36,5.921,2,7,0,-1,1,0,1,1,25,0,0,0,1028,0,0,0,0,0,1,1,0,0,0,-223.8053296,0,0,0,0,3,1,1,5,10,0,0,0,3,1,1,5,1000,0,0,0,0,0,0,0,0,0,0,0,0,0,0,0,0,0,0,0,0,0,0,0,0,0,0,0,0,0,0,0,0,0,0,0,0,0,0,0,0,0,0,0,0,0,0,0,0,0,0,0
1986,27,16,37,41.92,2,7,0,-1,1,0,1,1,25,0,0,0,1028,0,0,0,0,0,1,1,0,0,0,-223.8922599,0,0,0,0,3,1,1,5,10,0,0,0,3,1,1,5,1000,0,0,0,0,0,0,0,0,0,0,0,0,0,0,0,0,0,0,0,0,0,0,0,0,0,0,0,0,0,0,0,0,0,0,0,0,0,0,0,0,0,0,0,0,0,0,0,0,0,0,0
1986,27,16,39,17.92,2,7,0,-1,1,0,1,1,25,0,0,0,1028,0,0,0,0,0,1,1,0,0,0,-223.9791904,0,0,0,0,3,1,1,5,10,0,0,0,3,1,1,5,1000,0,0,0,0,0,0,0,0,0,0,0,0,0,0,0,0,0,0,0,0,0,0,0,0,0,0,0,0,0,0,0,0,0,0,0,0,0,0,0,0,0,0,0,0,0,0,0,0,0,0,0
1986,27,16,43,17.92,2,7,0,-1,1,0,1,1,25,0,0,0,1028,0,0,0,0,0,1,1,0,0,0,-224.1965159,0,0,0,0,3,1,1,5,10,0,0,0,3,1,1,5,1000,0,0,0,0,0,0,0,0,0,0,0,0,0,0,0,0,0,0,0,0,0,0,0,0,0,0,0,0,0,0,0,0,0,0,0,0,0,0,0,0,0,0,0,0,0,0,0,0,0,0,0
1986,27,16,44,53.92,2,7,0,-1,1,0,1,1,25,0,0,0,1028,0,0,0,0,0,1,1,0,0,0,-224.2834457,0,0,0,0,3,1,1,5,10,0,0,0,3,1,1,5,1000,0,0,0,0,0,0,0,0,0,0,0,0,0,0,0,0,0,0,0,0,0,0,0,0,0,0,0,0,0,0,0,0,0,0,0,0,0,0,0,0,0,0,0,0,0,0,0,0,0,0,0
1986,27,16,46,29.92,2,7,0,-1,1,0,1,1,25,0,0,0,1028,0,0,0,0,0,1,1,0,0,0,-224.3703754,0,0,0,0,3,1,1,5,10,0,0,0,3,1,1,5,1000,0,0,0,0,0,0,0,0,0,0,0,0,0,0,0,0,0,0,0,0,0,0,0,0,0,0,0,0,0,0,0,0,0,0,0,0,0,0,0,0,0,0,0,0,0,0,0,0,0,0,0
1986,27,16,48,5.92,2,7,0,-1,1,0,1,1,25,0,0,0,1028,0,0,0,0,0,1,1,0,0,0,-224.4573048,0,0,0,0,3,1,1,5,10,0,0,0,3,1,1,5,1000,0,0,0,0,0,0,0,0,0,0,0,0,0,0,0,0,0,0,0,0,0,0,0,0,0,0,0,0,0,0,0,0,0,0,0,0,0,0,0,0,0,0,0,0,0,0,0,0,0,0,0
1986,27,16,49,41.92,2,7,0,-1,1,0,1,1,25,0,0,0,1028,0,0,0,0,0,1,1,0,0,0,-224.544234,0,0,0,0,3,1,1,5,10,0,0,0,3,1,1,5,1000,0,0,0,0,0,0,0,0,0,0,0,0,0,0,0,0,0,0,0,0,0,0,0,0,0,0,0,0,0,0,0,0,0,0,0,0,0,0,0,0,0,0,0,0,0,0,0,0,0,0,0
1986,27,16,51,17.92,2,7,0,-1,1,0,1,1,25,0,0,0,1028,0,0,0,0,0,1,1,0,0,0,-224.6311626,0,0,0,0,3,1,1,5,10,0,0,0,3,1,1,5,1000,0,0,0,0,0,0,0,0,0,0,0,0,0,0,0,0,0,0,0,0,0,0,0,0,0,0,0,0,0,0,0,0,0,0,0,0,0,0,0,0,0,0,0,0,0,0,0,0,0,0,0
1986,27,16,55,17.919,2,7,0,-1,1,0,1,1,25,0,0,0,1028,0,0,0,0,0,1,1,0,0,0,-224.8484839,0,0,0,0,3,1,1,5,10,0,0,0,3,1,1,5,1000,0,0,0,0,0,0,0,0,0,0,0,0,0,0,0,0,0,0,0,0,0,0,0,0,0,0,0,0,0,0,0,0,0,0,0,0,0,0,0,0,0,0,0,0,0,0,0,0,0,0,0
1986,27,16,56,53.919,2,7,0,-1,1,0,1,1,25,0,0,0,1028,0,0,0,0,0,1,1,0,0,0,-224.9354123,0,0,0,0,3,1,1,5,10,0,0,0,3,1,1,5,1000,0,0,0,0,0,0,0,0,0,0,0,0,0,0,0,0,0,0,0,0,0,0,0,0,0,0,0,0,0,0,0,0,0,0,0,0,0,0,0,0,0,0,0,0,0,0,0,0,0,0,0
1986,27,16,58,29.919,2,7,0,-1,1,0,1,1,25,0,0,0,1028,0,0,0,0,0,1,1,0,0,0,-225.0223404,0,0,0,0,3,1,1,5,10,0,0,0,3,1,1,5,1000,0,0,0,0,0,0,0,0,0,0,0,0,0,0,0,0,0,0,0,0,0,0,0,0,0,0,0,0,0,0,0,0,0,0,0,0,0,0,0,0,0,0,0,0,0,0,0,0,0,0,0
1986,27,17,0,5.919,2,7,0,-1,1,0,1,1,25,0,0,0,1028,0,0,0,0,0,1,1,0,0,0,-225.1092684,0,0,0,0,3,1,1,5,10,0,0,0,3,1,1,5,1000,0,0,0,0,0,0,0,0,0,0,0,0,0,0,0,0,0,0,0,0,0,0,0,0,0,0,0,0,0,0,0,0,0,0,0,0,0,0,0,0,0,0,0,0,0,0,0,0,0,0,0
1986,27,17,1,41.919,2,7,0,-1,1,0,1,1,25,0,0,0,1028,0,0,0,0,0,1,1,0,0,0,-225.1961962,0,0,0,0,3,1,1,5,10,0,0,0,3,1,1,5,1000,0,0,0,0,0,0,0,0,0,0,0,0,0,0,0,0,0,0,0,0,0,0,0,0,0,0,0,0,0,0,0,0,0,0,0,0,0,0,0,0,0,0,0,0,0,0,0,0,0,0,0
1986,27,17,3,17.919,2,7,0,-1,1,0,1,1,25,0,0,0,1028,0,0,0,0,0,1,1,0,0,0,-225.2831237,0,0,0,0,3,1,1,5,10,0,0,0,3,1,1,5,1000,0,0,0,0,0,0,0,0,0,0,0,0,0,0,0,0,0,0,0,0,0,0,0,0,0,0,0,0,0,0,0,0,0,0,0,0,0,0,0,0,0,0,0,0,0,0,0,0,0,0,0
1986,27,17,15,17.916,2,7,0,-1,1,0,1,1,25,0,0,0,1028,0,0,0,0,0,1,1,0,0,0,-225.9350714,0,0,0,0,3,1,1,5,10,0,0,0,3,1,1,5,1000,0,0,0,0,0,0,0,0,0,0,0,0,0,0,0,0,0,0,0,0,0,0,0,0,0,0,0,0,0,0,0,0,0,0,0,0,0,0,0,0,0,0,0,0,0,0,0,0,0,0,0
1986,27,17,19,17.918,2,7,0,-1,1,0,1,1,25,0,0,0,1028,0,0,0,0,0,1,1,0,0,0,-226.1523876,0,0,0,0,3,1,1,5,10,0,0,0,3,1,1,5,1000,0,0,0,0,0,0,0,0,0,0,0,0,0,0,0,0,0,0,0,0,0,0,0,0,0,0,0,0,0,0,0,0,0,0,0,0,0,0,0,0,0,0,0,0,0,0,0,0,0,0,0
1986,27,17,20,53.918,2,7,0,-1,1,0,1,1,25,0,0,0,1028,0,0,0,0,0,1,1,0,0,0,-226.239313,0,0,0,0,3,1,1,5,10,0,0,0,3,1,1,5,1000,0,0,0,0,0,0,0,0,0,0,0,0,0,0,0,0,0,0,0,0,0,0,0,0,0,0,0,0,0,0,0,0,0,0,0,0,0,0,0,0,0,0,0,0,0,0,0,0,0,0,0
1986,27,17,22,29.917,2,7,0,-1,1,0,1,1,25,0,0,0,1028,0,0,0,0,0,1,1,0,0,0,-226.3262373,0,0,0,0,3,1,1,5,10,0,0,0,3,1,1,5,1000,0,0,0,0,0,0,0,0,0,0,0,0,0,0,0,0,0,0,0,0,0,0,0,0,0,0,0,0,0,0,0,0,0,0,0,0,0,0,0,0,0,0,0,0,0,0,0,0,0,0,0
1986,27,17,24,5.917,2,7,0,-1,1,0,1,1,25,0,0,0,1028,0,0,0,0,0,1,1,0,0,0,-226.4131623,0,0,0,0,3,1,1,5,10,0,0,0,3,1,1,5,1000,0,0,0,0,0,0,0,0,0,0,0,0,0,0,0,0,0,0,0,0,0,0,0,0,0,0,0,0,0,0,0,0,0,0,0,0,0,0,0,0,0,0,0,0,0,0,0,0,0,0,0
1986,27,17,25,41.917,2,7,0,-1,1,0,1,1,25,0,0,0,1028,0,0,0,0,0,1,1,0,0,0,-226.5000871,0,0,0,0,3,1,1,5,10,0,0,0,3,1,1,5,1000,0,0,0,0,0,0,0,0,0,0,0,0,0,0,0,0,0,0,0,0,0,0,0,0,0,0,0,0,0,0,0,0,0,0,0,0,0,0,0,0,0,0,0,0,0,0,0,0,0,0,0
1986,27,17,27,17.917,2,7,0,-1,1,0,1,1,25,0,0,0,1028,0,0,0,0,0,1,1,0,0,0,-226.5870117,0,0,0,0,3,1,1,5,10,0,0,0,3,1,1,5,1000,0,0,0,0,0,0,0,0,0,0,0,0,0,0,0,0,0,0,0,0,0,0,0,0,0,0,0,0,0,0,0,0,0,0,0,0,0,0,0,0,0,0,0,0,0,0,0,0,0,0,0
1986,27,17,31,17.917,2,7,0,-1,1,0,1,1,25,0,0,0,1028,0,0,0,0,0,1,1,0,0,0,-226.8043224,0,0,0,0,3,1,1,5,10,0,0,0,3,1,1,5,1000,0,0,0,0,0,0,0,0,0,0,0,0,0,0,0,0,0,0,0,0,0,0,0,0,0,0,0,0,0,0,0,0,0,0,0,0,0,0,0,0,0,0,0,0,0,0,0,0,0,0,0
1986,27,17,32,53.917,2,7,0,-1,1,0,1,1,25,0,0,0,1028,0,0,0,0,0,1,1,0,0,0,-226.8912463,0,0,0,0,3,1,1,5,10,0,0,0,3,1,1,5,1000,0,0,0,0,0,0,0,0,0,0,0,0,0,0,0,0,0,0,0,0,0,0,0,0,0,0,0,0,0,0,0,0,0,0,0,0,0,0,0,0,0,0,0,0,0,0,0,0,0,0,0
1986,27,17,34,29.917,2,7,0,-1,1,0,1,1,25,0,0,0,1028,0,0,0,0,0,1,1,0,0,0,-226.97817,0,0,0,0,3,1,1,5,10,0,0,0,3,1,1,5,1000,0,0,0,0,0,0,0,0,0,0,0,0,0,0,0,0,0,0,0,0,0,0,0,0,0,0,0,0,0,0,0,0,0,0,0,0,0,0,0,0,0,0,0,0,0,0,0,0,0,0,0
1986,27,17,36,5.917,2,7,0,-1,1,0,1,1,25,0,0,0,1028,0,0,0,0,0,1,1,0,0,0,-227.0650931,0,0,0,0,3,1,1,5,10,0,0,0,3,1,1,5,1000,0,0,0,0,0,0,0,0,0,0,0,0,0,0,0,0,0,0,0,0,0,0,0,0,0,0,0,0,0,0,0,0,0,0,0,0,0,0,0,0,0,0,0,0,0,0,0,0,0,0,0
1986,27,17,37,41.916,2,7,0,-1,1,0,1,1,25,0,0,0,1028,0,0,0,0,0,1,1,0,0,0,-227.152016,0,0,0,0,3,1,1,5,10,0,0,0,3,1,1,5,1000,0,0,0,0,0,0,0,0,0,0,0,0,0,0,0,0,0,0,0,0,0,0,0,0,0,0,0,0,0,0,0,0,0,0,0,0,0,0,0,0,0,0,0,0,0,0,0,0,0,0,0
1986,27,17,39,17.916,2,7,0,-1,1,0,1,1,25,0,0,0,1028,0,0,0,0,0,1,1,0,0,0,-227.2389391,0,0,0,0,3,1,1,5,10,0,0,0,3,1,1,5,1000,0,0,0,0,0,0,0,0,0,0,0,0,0,0,0,0,0,0,0,0,0,0,0,0,0,0,0,0,0,0,0,0,0,0,0,0,0,0,0,0,0,0,0,0,0,0,0,0,0,0,0
1986,27,17,43,17.916,2,7,0,-1,1,0,1,1,25,0,0,0,1028,0,0,0,0,0,1,1,0,0,0,-227.4562462,0,0,0,0,3,1,1,5,10,0,0,0,3,1,1,5,1000,0,0,0,0,0,0,0,0,0,0,0,0,0,0,0,0,0,0,0,0,0,0,0,0,0,0,0,0,0,0,0,0,0,0,0,0,0,0,0,0,0,0,0,0,0,0,0,0,0,0,0
1986,27,17,44,53.916,2,7,0,-1,1,0,1,1,25,0,0,0,1028,0,0,0,0,0,1,1,0,0,0,-227.5431686,0,0,0,0,3,1,1,5,10,0,0,0,3,1,1,5,1000,0,0,0,0,0,0,0,0,0,0,0,0,0,0,0,0,0,0,0,0,0,0,0,0,0,0,0,0,0,0,0,0,0,0,0,0,0,0,0,0,0,0,0,0,0,0,0,0,0,0,0
1986,27,17,46,29.916,2,7,0,-1,1,0,1,1,25,0,0,0,1028,0,0,0,0,0,1,1,0,0,0,-227.6300909,0,0,0,0,3,1,1,5,10,0,0,0,3,1,1,5,1000,0,0,0,0,0,0,0,0,0,0,0,0,0,0,0,0,0,0,0,0,0,0,0,0,0,0,0,0,0,0,0,0,0,0,0,0,0,0,0,0,0,0,0,0,0,0,0,0,0,0,0
1986,27,17,48,5.916,2,7,0,-1,1,0,1,1,25,0,0,0,1028,0,0,0,0,0,1,1,0,0,0,-227.717013,0,0,0,0,3,1,1,5,10,0,0,0,3,1,1,5,1000,0,0,0,0,0,0,0,0,0,0,0,0,0,0,0,0,0,0,0,0,0,0,0,0,0,0,0,0,0,0,0,0,0,0,0,0,0,0,0,0,0,0,0,0,0,0,0,0,0,0,0
1986,27,17,49,41.916,2,7,0,-1,1,0,1,1,25,0,0,0,1028,0,0,0,0,0,1,1,0,0,0,-227.8039349,0,0,0,0,3,1,1,5,10,0,0,0,3,1,1,5,1000,0,0,0,0,0,0,0,0,0,0,0,0,0,0,0,0,0,0,0,0,0,0,0,0,0,0,0,0,0,0,0,0,0,0,0,0,0,0,0,0,0,0,0,0,0,0,0,0,0,0,0
1986,27,17,51,17.916,2,7,0,-1,1,0,1,1,25,0,0,0,1028,0,0,0,0,0,1,1,0,0,0,-227.8908561,0,0,0,0,3,1,1,5,10,0,0,0,3,1,1,5,1000,0,0,0,0,0,0,0,0,0,0,0,0,0,0,0,0,0,0,0,0,0,0,0,0,0,0,0,0,0,0,0,0,0,0,0,0,0,0,0,0,0,0,0,0,0,0,0,0,0,0,0
1986,27,17,55,17.915,2,7,0,-1,1,0,1,1,25,0,0,0,1028,0,0,0,0,0,1,1,0,0,0,-228.108159,0,0,0,0,3,1,1,5,10,0,0,0,3,1,1,5,1000,0,0,0,0,0,0,0,0,0,0,0,0,0,0,0,0,0,0,0,0,0,0,0,0,0,0,0,0,0,0,0,0,0,0,0,0,0,0,0,0,0,0,0,0,0,0,0,0,0,0,0
1986,27,17,56,53.915,2,7,0,-1,1,0,1,1,25,0,0,0,1028,0,0,0,0,0,1,1,0,0,0,-228.19508,0,0,0,0,3,1,1,5,10,0,0,0,3,1,1,5,1000,0,0,0,0,0,0,0,0,0,0,0,0,0,0,0,0,0,0,0,0,0,0,0,0,0,0,0,0,0,0,0,0,0,0,0,0,0,0,0,0,0,0,0,0,0,0,0,0,0,0,0
1986,27,17,58,29.915,2,7,0,-1,1,0,1,1,25,0,0,0,1028,0,0,0,0,0,1,1,0,0,0,-228.2820009,0,0,0,0,3,1,1,5,10,0,0,0,3,1,1,5,1000,0,0,0,0,0,0,0,0,0,0,0,0,0,0,0,0,0,0,0,0,0,0,0,0,0,0,0,0,0,0,0,0,0,0,0,0,0,0,0,0,0,0,0,0,0,0,0,0,0,0,0
1986,27,18,1,41.915,2,7,0,-1,1,0,1,1,25,0,0,0,1028,0,0,0,0,0,1,1,0,0,0,-228.4558419,0,0,0,0,3,1,1,5,10,0,0,0,3,1,1,5,1000,0,0,0,0,0,0,0,0,0,0,0,0,0,0,0,0,0,0,0,0,0,0,0,0,0,0,0,0,0,0,0,0,0,0,0,0,0,0,0,0,0,0,0,0,0,0,0,0,0,0,0
1986,27,18,3,17.915,2,7,0,-1,1,0,1,1,25,0,0,0,1028,0,0,0,0,0,1,1,0,0,0,-228.5427622,0,0,0,0,3,1,1,5,10,0,0,0,3,1,1,5,1000,0,0,0,0,0,0,0,0,0,0,0,0,0,0,0,0,0,0,0,0,0,0,0,0,0,0,0,0,0,0,0,0,0,0,0,0,0,0,0,0,0,0,0,0,0,0,0,0,0,0,0
1986,27,18,7,17.914,2,7,0,-1,1,0,1,1,25,0,0,0,1028,0,0,0,0,0,1,1,0,0,0,-228.760061,0,0,0,0,3,1,1,5,10,0,0,0,3,1,1,5,1000,0,0,0,0,0,0,0,0,0,0,0,0,0,0,0,0,0,0,0,0,0,0,0,0,0,0,0,0,0,0,0,0,0,0,0,0,0,0,0,0,0,0,0,0,0,0,0,0,0,0,0
1986,27,18,8,53.914,2,7,0,-1,1,0,1,1,25,0,0,0,1028,0,0,0,0,0,1,1,0,0,0,-228.8469806,0,0,0,0,3,1,1,5,10,0,0,0,3,1,1,5,1000,0,0,0,0,0,0,0,0,0,0,0,0,0,0,0,0,0,0,0,0,0,0,0,0,0,0,0,0,0,0,0,0,0,0,0,0,0,0,0,0,0,0,0,0,0,0,0,0,0,0,0
1986,27,18,10,29.914,2,7,0,-1,1,0,1,1,25,0,0,0,1028,0,0,0,0,0,1,1,0,0,0,-228.9339,0,0,0,0,3,1,1,5,10,0,0,0,3,1,1,5,1000,0,0,0,0,0,0,0,0,0,0,0,0,0,0,0,0,0,0,0,0,0,0,0,0,0,0,0,0,0,0,0,0,0,0,0,0,0,0,0,0,0,0,0,0,0,0,0,0,0,0,0
1986,27,18,12,5.914,2,7,0,-1,1,0,1,1,25,0,0,0,1028,0,0,0,0,0,1,1,0,0,0,-229.0208191,0,0,0,0,3,1,1,5,10,0,0,0,3,1,1,5,1000,0,0,0,0,0,0,0,0,0,0,0,0,0,0,0,0,0,0,0,0,0,0,0,0,0,0,0,0,0,0,0,0,0,0,0,0,0,0,0,0,0,0,0,0,0,0,0,0,0,0,0
1986,27,18,13,41.914,2,7,0,-1,1,0,1,1,25,0,0,0,1028,0,0,0,0,0,1,1,0,0,0,-229.1077381,0,0,0,0,3,1,1,5,10,0,0,0,3,1,1,5,1000,0,0,0,0,0,0,0,0,0,0,0,0,0,0,0,0,0,0,0,0,0,0,0,0,0,0,0,0,0,0,0,0,0,0,0,0,0,0,0,0,0,0,0,0,0,0,0,0,0,0,0
1986,27,18,15,17.914,2,7,0,-1,1,0,1,1,25,0,0,0,1028,0,0,0,0,0,1,1,0,0,0,-229.1946569,0,0,0,0,3,1,1,5,10,0,0,0,3,1,1,5,1000,0,0,0,0,0,0,0,0,0,0,0,0,0,0,0,0,0,0,0,0,0,0,0,0,0,0,0,0,0,0,0,0,0,0,0,0,0,0,0,0,0,0,0,0,0,0,0,0,0,0,0
1986,27,18,19,17.914,2,7,0,-1,1,0,1,1,25,0,0,0,1028,0,0,0,0,0,1,1,0,0,0,-229.4119531,0,0,0,0,3,1,1,5,10,0,0,0,3,1,1,5,1000,0,0,0,0,0,0,0,0,0,0,0,0,0,0,0,0,0,0,0,0,0,0,0,0,0,0,0,0,0,0,0,0,0,0,0,0,0,0,0,0,0,0,0,0,0,0,0,0,0,0,0
1986,27,18,20,53.914,2,7,0,-1,1,0,1,1,25,0,0,0,1028,0,0,0,0,0,1,1,0,0,0,-229.4988712,0,0,0,0,3,1,1,5,10,0,0,0,3,1,1,5,1000,0,0,0,0,0,0,0,0,0,0,0,0,0,0,0,0,0,0,0,0,0,0,0,0,0,0,0,0,0,0,0,0,0,0,0,0,0,0,0,0,0,0,0,0,0,0,0,0,0,0,0
1986,27,18,22,29.913,2,7,0,-1,1,0,1,1,25,0,0,0,1028,0,0,0,0,0,1,1,0,0,0,-229.5857882,0,0,0,0,3,1,1,5,10,0,0,0,3,1,1,5,1000,0,0,0,0,0,0,0,0,0,0,0,0,0,0,0,0,0,0,0,0,0,0,0,0,0,0,0,0,0,0,0,0,0,0,0,0,0,0,0,0,0,0,0,0,0,0,0,0,0,0,0
1986,27,18,24,5.913,2,7,0,-1,1,0,1,1,25,0,0,0,1028,0,0,0,0,0,1,1,0,0,0,-229.672706,0,0,0,0,3,1,1,5,10,0,0,0,3,1,1,5,1000,0,0,0,0,0,0,0,0,0,0,0,0,0,0,0,0,0,0,0,0,0,0,0,0,0,0,0,0,0,0,0,0,0,0,0,0,0,0,0,0,0,0,0,0,0,0,0,0,0,0,0
1986,27,18,25,41.913,2,7,0,-1,1,0,1,1,25,0,0,0,1028,0,0,0,0,0,1,1,0,0,0,-229.7596235,0,0,0,0,3,1,1,5,10,0,0,0,3,1,1,5,1000,0,0,0,0,0,0,0,0,0,0,0,0,0,0,0,0,0,0,0,0,0,0,0,0,0,0,0,0,0,0,0,0,0,0,0,0,0,0,0,0,0,0,0,0,0,0,0,0,0,0,0
1986,27,18,27,17.913,2,7,0,-1,1,0,1,1,25,0,0,0,1028,0,0,0,0,0,1,1,0,0,0,-229.8465409,0,0,0,0,3,1,1,5,10,0,0,0,3,1,1,5,1000,0,0,0,0,0,0,0,0,0,0,0,0,0,0,0,0,0,0,0,0,0,0,0,0,0,0,0,0,0,0,0,0,0,0,0,0,0,0,0,0,0,0,0,0,0,0,0,0,0,0,0
1986,27,18,31,17.913,2,7,0,-1,1,0,1,1,25,0,0,0,1028,0,0,0,0,0,1,1,0,0,0,-230.0638335,0,0,0,0,3,1,1,5,10,0,0,0,3,1,1,5,1000,0,0,0,0,0,0,0,0,0,0,0,0,0,0,0,0,0,0,0,0,0,0,0,0,0,0,0,0,0,0,0,0,0,0,0,0,0,0,0,0,0,0,0,0,0,0,0,0,0,0,0
1986,27,18,32,53.913,2,7,0,-1,1,0,1,1,25,0,0,0,1028,0,0,0,0,0,1,1,0,0,0,-230.1507502,0,0,0,0,3,1,1,5,10,0,0,0,3,1,1,5,1000,0,0,0,0,0,0,0,0,0,0,0,0,0,0,0,0,0,0,0,0,0,0,0,0,0,0,0,0,0,0,0,0,0,0,0,0,0,0,0,0,0,0,0,0,0,0,0,0,0,0,0
1986,27,18,34,29.913,2,7,0,-1,1,0,1,1,25,0,0,0,1028,0,0,0,0,0,1,1,0,0,0,-230.2376667,0,0,0,0,3,1,1,5,10,0,0,0,3,1,1,5,1000,0,0,0,0,0,0,0,0,0,0,0,0,0,0,0,0,0,0,0,0,0,0,0,0,0,0,0,0,0,0,0,0,0,0,0,0,0,0,0,0,0,0,0,0,0,0,0,0,0,0,0
1986,27,18,36,5.913,2,7,0,-1,1,0,1,1,25,0,0,0,1028,0,0,0,0,0,1,1,0,0,0,-230.324583,0,0,0,0,3,1,1,5,10,0,0,0,3,1,1,5,1000,0,0,0,0,0,0,0,0,0,0,0,0,0,0,0,0,0,0,0,0,0,0,0,0,0,0,0,0,0,0,0,0,0,0,0,0,0,0,0,0,0,0,0,0,0,0,0,0,0,0,0
1986,27,18,37,41.912,2,7,0,-1,1,0,1,1,25,0,0,0,1028,0,0,0,0,0,1,1,0,0,0,-230.4114982,0,0,0,0,3,1,1,5,10,0,0,0,3,1,1,5,1000,0,0,0,0,0,0,0,0,0,0,0,0,0,0,0,0,0,0,0,0,0,0,0,0,0,0,0,0,0,0,0,0,0,0,0,0,0,0,0,0,0,0,0,0,0,0,0,0,0,0,0
1986,27,18,39,17.912,2,7,0,-1,1,0,1,1,25,0,0,0,1028,0,0,0,0,0,1,1,0,0,0,-230.4984141,0,0,0,0,3,1,1,5,10,0,0,0,3,1,1,5,1000,0,0,0,0,0,0,0,0,0,0,0,0,0,0,0,0,0,0,0,0,0,0,0,0,0,0,0,0,0,0,0,0,0,0,0,0,0,0,0,0,0,0,0,0,0,0,0,0,0,0,0
1986,27,18,43,17.912,2,7,0,-1,1,0,1,1,25,0,0,0,1028,0,0,0,0,0,1,1,0,0,0,-230.7157031,0,0,0,0,3,1,1,5,10,0,0,0,3,1,1,5,1000,0,0,0,0,0,0,0,0,0,0,0,0,0,0,0,0,0,0,0,0,0,0,0,0,0,0,0,0,0,0,0,0,0,0,0,0,0,0,0,0,0,0,0,0,0,0,0,0,0,0,0
1986,27,18,44,53.912,2,7,0,-1,1,0,1,1,25,0,0,0,1028,0,0,0,0,0,1,1,0,0,0,-230.8026184,0,0,0,0,3,1,1,5,10,0,0,0,3,1,1,5,1000,0,0,0,0,0,0,0,0,0,0,0,0,0,0,0,0,0,0,0,0,0,0,0,0,0,0,0,0,0,0,0,0,0,0,0,0,0,0,0,0,0,0,0,0,0,0,0,0,0,0,0
1986,27,18,46,29.912,2,7,0,-1,1,0,1,1,25,0,0,0,1028,0,0,0,0,0,1,1,0,0,0,-230.8895335,0,0,0,0,3,1,1,5,10,0,0,0,3,1,1,5,1000,0,0,0,0,0,0,0,0,0,0,0,0,0,0,0,0,0,0,0,0,0,0,0,0,0,0,0,0,0,0,0,0,0,0,0,0,0,0,0,0,0,0,0,0,0,0,0,0,0,0,0
1986,27,18,48,5.912,2,7,0,-1,1,0,1,1,25,0,0,0,1028,0,0,0,0,0,1,1,0,0,0,-230.9764484,0,0,0,0,3,1,1,5,10,0,0,0,3,1,1,5,1000,0,0,0,0,0,0,0,0,0,0,0,0,0,0,0,0,0,0,0,0,0,0,0,0,0,0,0,0,0,0,0,0,0,0,0,0,0,0,0,0,0,0,0,0,0,0,0,0,0,0,0
1986,27,18,49,41.912,2,7,0,-1,1,0,1,1,25,0,0,0,1028,0,0,0,0,0,1,1,0,0,0,-231.0633631,0,0,0,0,3,1,1,5,10,0,0,0,3,1,1,5,1000,0,0,0,0,0,0,0,0,0,0,0,0,0,0,0,0,0,0,0,0,0,0,0,0,0,0,0,0,0,0,0,0,0,0,0,0,0,0,0,0,0,0,0,0,0,0,0,0,0,0,0
1986,27,18,51,17.912,2,7,0,-1,1,0,1,1,25,0,0,0,1028,0,0,0,0,0,1,1,0,0,0,-231.1502776,0,0,0,0,3,1,1,5,10,0,0,0,3,1,1,5,1000,0,0,0,0,0,0,0,0,0,0,0,0,0,0,0,0,0,0,0,0,0,0,0,0,0,0,0,0,0,0,0,0,0,0,0,0,0,0,0,0,0,0,0,0,0,0,0,0,0,0,0
1986,27,18,55,17.911,2,7,0,-1,1,0,1,1,25,0,0,0,1028,0,0,0,0,0,1,1,0,0,0,-231.3675621,0,0,0,0,3,1,1,5,10,0,0,0,3,1,1,5,1000,0,0,0,0,0,0,0,0,0,0,0,0,0,0,0,0,0,0,0,0,0,0,0,0,0,0,0,0,0,0,0,0,0,0,0,0,0,0,0,0,0,0,0,0,0,0,0,0,0,0,0
1986,27,18,56,53.911,2,7,0,-1,1,0,1,1,25,0,0,0,1028,0,0,0,0,0,1,1,0,0,0,-231.454476,0,0,0,0,3,1,1,5,10,0,0,0,3,1,1,5,1000,0,0,0,0,0,0,0,0,0,0,0,0,0,0,0,0,0,0,0,0,0,0,0,0,0,0,0,0,0,0,0,0,0,0,0,0,0,0,0,0,0,0,0,0,0,0,0,0,0,0,0
1986,27,18,58,29.911,2,7,0,-1,1,0,1,1,25,0,0,0,1028,0,0,0,0,0,1,1,0,0,0,-231.5413896,0,0,0,0,3,1,1,5,10,0,0,0,3,1,1,5,1000,0,0,0,0,0,0,0,0,0,0,0,0,0,0,0,0,0,0,0,0,0,0,0,0,0,0,0,0,0,0,0,0,0,0,0,0,0,0,0,0,0,0,0,0,0,0,0,0,0,0,0
1986,27,19,0,5.911,2,7,0,-1,1,0,1,1,25,0,0,0,1028,0,0,0,0,0,1,1,0,0,0,-231.6283031,0,0,0,0,3,1,1,5,10,0,0,0,3,1,1,5,1000,0,0,0,0,0,0,0,0,0,0,0,0,0,0,0,0,0,0,0,0,0,0,0,0,0,0,0,0,0,0,0,0,0,0,0,0,0,0,0,0,0,0,0,0,0,0,0,0,0,0,0
1986,27,19,1,41.911,2,7,0,-1,1,0,1,1,25,0,0,0,1028,0,0,0,0,0,1,1,0,0,0,-231.7152164,0,0,0,0,3,1,1,5,10,0,0,0,3,1,1,5,1000,0,0,0,0,0,0,0,0,0,0,0,0,0,0,0,0,0,0,0,0,0,0,0,0,0,0,0,0,0,0,0,0,0,0,0,0,0,0,0,0,0,0,0,0,0,0,0,0,0,0,0
1986,27,19,3,17.911,2,7,0,-1,1,0,1,1,25,0,0,0,1028,0,0,0,0,0,1,1,0,0,0,-231.8021295,0,0,0,0,3,1,1,5,10,0,0,0,3,1,1,5,1000,0,0,0,0,0,0,0,0,0,0,0,0,0,0,0,0,0,0,0,0,0,0,0,0,0,0,0,0,0,0,0,0,0,0,0,0,0,0,0,0,0,0,0,0,0,0,0,0,0,0,0
1986,27,19,7,17.911,2,7,0,-1,1,0,1,1,25,0,0,0,1028,0,0,0,0,0,1,1,0,0,0,-232.0194109,0,0,0,0,3,1,1,5,10,0,0,0,3,1,1,5,1000,0,0,0,0,0,0,0,0,0,0,0,0,0,0,0,0,0,0,0,0,0,0,0,0,0,0,0,0,0,0,0,0,0,0,0,0,0,0,0,0,0,0,0,0,0,0,0,0,0,0,0
1986,27,19,8,53.91,2,7,0,-1,1,0,1,1,25,0,0,0,1028,0,0,0,0,0,1,1,0,0,0,-232.1063229,0,0,0,0,3,1,1,5,10,0,0,0,3,1,1,5,1000,0,0,0,0,0,0,0,0,0,0,0,0,0,0,0,0,0,0,0,0,0,0,0,0,0,0,0,0,0,0,0,0,0,0,0,0,0,0,0,0,0,0,0,0,0,0,0,0,0,0,0
1986,27,19,10,29.91,2,7,0,-1,1,0,1,1,25,0,0,0,1028,0,0,0,0,0,1,1,0,0,0,-232.1932352,0,0,0,0,3,1,1,5,10,0,0,0,3,1,1,5,1000,0,0,0,0,0,0,0,0,0,0,0,0,0,0,0,0,0,0,0,0,0,0,0,0,0,0,0,0,0,0,0,0,0,0,0,0,0,0,0,0,0,0,0,0,0,0,0,0,0,0,0
1986,27,19,12,5.91,2,7,0,-1,1,0,1,1,25,0,0,0,1028,0,0,0,0,0,1,1,0,0,0,-232.2801472,0,0,0,0,3,1,1,5,10,0,0,0,3,1,1,5,1000,0,0,0,0,0,0,0,0,0,0,0,0,0,0,0,0,0,0,0,0,0,0,0,0,0,0,0,0,0,0,0,0,0,0,0,0,0,0,0,0,0,0,0,0,0,0,0,0,0,0,0
1986,27,19,13,41.91,2,7,0,-1,1,0,1,1,25,0,0,0,1028,0,0,0,0,0,1,1,0,0,0,-232.3670591,0,0,0,0,3,1,1,5,10,0,0,0,3,1,1,5,1000,0,0,0,0,0,0,0,0,0,0,0,0,0,0,0,0,0,0,0,0,0,0,0,0,0,0,0,0,0,0,0,0,0,0,0,0,0,0,0,0,0,0,0,0,0,0,0,0,0,0,0
1986,27,19,15,17.91,2,7,0,-1,1,0,1,1,25,0,0,0,1028,0,0,0,0,0,1,1,0,0,0,-232.4539708,0,0,0,0,3,1,1,5,10,0,0,0,3,1,1,5,1000,0,0,0,0,0,0,0,0,0,0,0,0,0,0,0,0,0,0,0,0,0,0,0,0,0,0,0,0,0,0,0,0,0,0,0,0,0,0,0,0,0,0,0,0,0,0,0,0,0,0,0
1986,27,19,19,17.91,2,7,0,-1,1,0,1,1,25,0,0,0,1028,0,0,0,0,0,1,1,0,0,0,-232.6712492,0,0,0,0,3,1,1,5,10,0,0,0,3,1,1,5,1000,0,0,0,0,0,0,0,0,0,0,0,0,0,0,0,0,0,0,0,0,0,0,0,0,0,0,0,0,0,0,0,0,0,0,0,0,0,0,0,0,0,0,0,0,0,0,0,0,0,0,0
1986,27,19,20,53.91,2,7,0,-1,1,0,1,1,25,0,0,0,1028,0,0,0,0,0,1,1,0,0,0,-232.7581602,0,0,0,0,3,1,1,5,10,0,0,0,3,1,1,5,1000,0,0,0,0,0,0,0,0,0,0,0,0,0,0,0,0,0,0,0,0,0,0,0,0,0,0,0,0,0,0,0,0,0,0,0,0,0,0,0,0,0,0,0,0,0,0,0,0,0,0,0
1986,27,19,22,29.909,2,7,0,-1,1,0,1,1,25,0,0,0,1028,0,0,0,0,0,1,1,0,0,0,-232.8450701,0,0,0,0,3,1,1,5,10,0,0,0,3,1,1,5,1000,0,0,0,0,0,0,0,0,0,0,0,0,0,0,0,0,0,0,0,0,0,0,0,0,0,0,0,0,0,0,0,0,0,0,0,0,0,0,0,0,0,0,0,0,0,0,0,0,0,0,0
1986,27,19,24,5.909,2,7,0,-1,1,0,1,1,25,0,0,0,1028,0,0,0,0,0,1,1,0,0,0,-232.9319808,0,0,0,0,3,1,1,5,10,0,0,0,3,1,1,5,1000,0,0,0,0,0,0,0,0,0,0,0,0,0,0,0,0,0,0,0,0,0,0,0,0,0,0,0,0,0,0,0,0,0,0,0,0,0,0,0,0,0,0,0,0,0,0,0,0,0,0,0
1986,27,19,25,41.909,2,7,0,-1,1,0,1,1,25,0,0,0,1028,0,0,0,0,0,1,1,0,0,0,-233.0188912,0,0,0,0,3,1,1,5,10,0,0,0,3,1,1,5,1000,0,0,0,0,0,0,0,0,0,0,0,0,0,0,0,0,0,0,0,0,0,0,0,0,0,0,0,0,0,0,0,0,0,0,0,0,0,0,0,0,0,0,0,0,0,0,0,0,0,0,0
1986,27,19,27,17.909,2,7,0,-1,1,0,1,1,25,0,0,0,1028,0,0,0,0,0,1,1,0,0,0,-233.1058015,0,0,0,0,3,1,1,5,10,0,0,0,3,1,1,5,1000,0,0,0,0,0,0,0,0,0,0,0,0,0,0,0,0,0,0,0,0,0,0,0,0,0,0,0,0,0,0,0,0,0,0,0,0,0,0,0,0,0,0,0,0,0,0,0,0,0,0,0
1986,27,19,31,17.909,2,7,0,-1,1,0,1,1,25,0,0,0,1028,0,0,0,0,0,1,1,0,0,0,-233.3230764,0,0,0,0,3,1,1,5,10,0,0,0,3,1,1,5,1000,0,0,0,0,0,0,0,0,0,0,0,0,0,0,0,0,0,0,0,0,0,0,0,0,0,0,0,0,0,0,0,0,0,0,0,0,0,0,0,0,0,0,0,0,0,0,0,0,0,0,0
1986,27,19,32,53.909,2,7,0,-1,1,0,1,1,25,0,0,0,1028,0,0,0,0,0,1,1,0,0,0,-233.409986,0,0,0,0,3,1,1,5,10,0,0,0,3,1,1,5,1000,0,0,0,0,0,0,0,0,0,0,0,0,0,0,0,0,0,0,0,0,0,0,0,0,0,0,0,0,0,0,0,0,0,0,0,0,0,0,0,0,0,0,0,0,0,0,0,0,0,0,0
1986,27,19,34,29.909,2,7,0,-1,1,0,1,1,25,0,0,0,1028,0,0,0,0,0,1,1,0,0,0,-233.4968955,0,0,0,0,3,1,1,5,10,0,0,0,3,1,1,5,1000,0,0,0,0,0,0,0,0,0,0,0,0,0,0,0,0,0,0,0,0,0,0,0,0,0,0,0,0,0,0,0,0,0,0,0,0,0,0,0,0,0,0,0,0,0,0,0,0,0,0,0
1986,27,19,36,5.909,2,7,0,-1,1,0,1,1,25,0,0,0,1028,0,0,0,0,0,1,1,0,0,0,-233.5838047,0,0,0,0,3,1,1,5,10,0,0,0,3,1,1,5,1000,0,0,0,0,0,0,0,0,0,0,0,0,0,0,0,0,0,0,0,0,0,0,0,0,0,0,0,0,0,0,0,0,0,0,0,0,0,0,0,0,0,0,0,0,0,0,0,0,0,0,0
1986,27,19,37,41.908,2,7,0,-1,1,0,1,1,25,0,0,0,1028,0,0,0,0,0,1,1,0,0,0,-233.6707129,0,0,0,0,3,1,1,5,10,0,0,0,3,1,1,5,1000,0,0,0,0,0,0,0,0,0,0,0,0,0,0,0,0,0,0,0,0,0,0,0,0,0,0,0,0,0,0,0,0,0,0,0,0,0,0,0,0,0,0,0,0,0,0,0,0,0,0,0
1986,27,19,39,17.908,2,7,0,-1,1,0,1,1,25,0,0,0,1028,0,0,0,0,0,1,1,0,0,0,-233.7576218,0,0,0,0,3,1,1,5,10,0,0,0,3,1,1,5,1000,0,0,0,0,0,0,0,0,0,0,0,0,0,0,0,0,0,0,0,0,0,0,0,0,0,0,0,0,0,0,0,0,0,0,0,0,0,0,0,0,0,0,0,0,0,0,0,0,0,0,0
1986,27,19,43,17.908,2,7,0,-1,1,0,1,1,25,0,0,0,1028,0,0,0,0,0,1,1,0,0,0,-233.9748932,0,0,0,0,3,1,1,5,10,0,0,0,3,1,1,5,1000,0,0,0,0,0,0,0,0,0,0,0,0,0,0,0,0,0,0,0,0,0,0,0,0,0,0,0,0,0,0,0,0,0,0,0,0,0,0,0,0,0,0,0,0,0,0,0,0,0,0,0
1986,27,19,44,53.908,2,7,0,-1,1,0,1,1,25,0,0,0,1028,0,0,0,0,0,1,1,0,0,0,-234.0618014,0,0,0,0,3,1,1,5,10,0,0,0,3,1,1,5,1000,0,0,0,0,0,0,0,0,0,0,0,0,0,0,0,0,0,0,0,0,0,0,0,0,0,0,0,0,0,0,0,0,0,0,0,0,0,0,0,0,0,0,0,0,0,0,0,0,0,0,0
1986,27,19,46,29.908,2,7,0,-1,1,0,1,1,25,0,0,0,1028,0,0,0,0,0,1,1,0,0,0,-234.1487095,0,0,0,0,3,1,1,5,10,0,0,0,3,1,1,5,1000,0,0,0,0,0,0,0,0,0,0,0,0,0,0,0,0,0,0,0,0,0,0,0,0,0,0,0,0,0,0,0,0,0,0,0,0,0,0,0,0,0,0,0,0,0,0,0,0,0,0,0
1986,27,19,48,5.908,2,7,0,-1,1,0,1,1,25,0,0,0,1028,0,0,0,0,0,1,1,0,0,0,-234.2356173,0,0,0,0,3,1,1,5,10,0,0,0,3,1,1,5,1000,0,0,0,0,0,0,0,0,0,0,0,0,0,0,0,0,0,0,0,0,0,0,0,0,0,0,0,0,0,0,0,0,0,0,0,0,0,0,0,0,0,0,0,0,0,0,0,0,0,0,0
1986,27,19,49,41.908,2,7,0,-1,1,0,1,1,25,0,0,0,1028,0,0,0,0,0,1,1,0,0,0,-234.322525,0,0,0,0,3,1,1,5,10,0,0,0,3,1,1,5,1000,0,0,0,0,0,0,0,0,0,0,0,0,0,0,0,0,0,0,0,0,0,0,0,0,0,0,0,0,0,0,0,0,0,0,0,0,0,0,0,0,0,0,0,0,0,0,0,0,0,0,0
1986,27,19,51,17.908,2,7,0,-1,1,0,1,1,25,0,0,0,1028,0,0,0,0,0,1,1,0,0,0,-234.4094325,0,0,0,0,3,1,1,5,10,0,0,0,3,1,1,5,1000,0,0,0,0,0,0,0,0,0,0,0,0,0,0,0,0,0,0,0,0,0,0,0,0,0,0,0,0,0,0,0,0,0,0,0,0,0,0,0,0,0,0,0,0,0,0,0,0,0,0,0
1986,27,19,55,17.907,2,7,0,-1,1,0,1,1,25,0,0,0,1028,0,0,0,0,0,1,1,0,0,0,-234.6266995,0,0,0,0,3,1,1,5,10,0,0,0,3,1,1,5,1000,0,0,0,0,0,0,0,0,0,0,0,0,0,0,0,0,0,0,0,0,0,0,0,0,0,0,0,0,0,0,0,0,0,0,0,0,0,0,0,0,0,0,0,0,0,0,0,0,0,0,0
1986,27,19,56,53.907,2,7,0,-1,1,0,1,1,25,0,0,0,1028,0,0,0,0,0,1,1,0,0,0,-234.7136064,0,0,0,0,3,1,1,5,10,0,0,0,3,1,1,5,1000,0,0,0,0,0,0,0,0,0,0,0,0,0,0,0,0,0,0,0,0,0,0,0,0,0,0,0,0,0,0,0,0,0,0,0,0,0,0,0,0,0,0,0,0,0,0,0,0,0,0,0
1986,27,19,58,29.907,2,7,0,-1,1,0,1,1,25,0,0,0,1028,0,0,0,0,0,1,1,0,0,0,-234.800513,0,0,0,0,3,1,1,5,10,0,0,0,3,1,1,5,1000,0,0,0,0,0,0,0,0,0,0,0,0,0,0,0,0,0,0,0,0,0,0,0,0,0,0,0,0,0,0,0,0,0,0,0,0,0,0,0,0,0,0,0,0,0,0,0,0,0,0,0
1986,27,20,0,5.907,2,7,0,-1,1,0,1,1,25,0,0,0,1028,0,0,0,0,0,1,1,0,0,0,-234.8874195,0,0,0,0,3,1,1,5,10,0,0,0,3,1,1,5,1000,0,0,0,0,0,0,0,0,0,0,0,0,0,0,0,0,0,0,0,0,0,0,0,0,0,0,0,0,0,0,0,0,0,0,0,0,0,0,0,0,0,0,0,0,0,0,0,0,0,0,0
1986,27,20,3,17.907,2,7,0,-1,1,0,1,1,25,0,0,0,1028,0,0,0,0,0,1,1,0,0,0,-235.0612319,0,0,0,0,3,1,1,5,10,0,0,0,3,1,1,5,1000,0,0,0,0,0,0,0,0,0,0,0,0,0,0,0,0,0,0,0,0,0,0,0,0,0,0,0,0,0,0,0,0,0,0,0,0,0,0,0,0,0,0,0,0,0,0,0,0,0,0,0
1986,27,20,7,17.907,2,7,0,-1,1,0,1,1,25,0,0,0,1028,0,0,0,0,0,1,1,0,0,0,-235.278496,0,0,0,0,3,1,1,5,10,0,0,0,3,1,1,5,1000,0,0,0,0,0,0,0,0,0,0,0,0,0,0,0,0,0,0,0,0,0,0,0,0,0,0,0,0,0,0,0,0,0,0,0,0,0,0,0,0,0,0,0,0,0,0,0,0,0,0,0
1986,27,20,8,53.906,2,7,0,-1,1,0,1,1,25,0,0,0,1028,0,0,0,0,0,1,1,0,0,0,-235.365401,0,0,0,0,3,1,1,5,10,0,0,0,3,1,1,5,1000,0,0,0,0,0,0,0,0,0,0,0,0,0,0,0,0,0,0,0,0,0,0,0,0,0,0,0,0,0,0,0,0,0,0,0,0,0,0,0,0,0,0,0,0,0,0,0,0,0,0,0
1986,27,20,10,29.906,2,7,0,-1,1,0,1,1,25,0,0,0,1028,0,0,0,0,0,1,1,0,0,0,-235.4523062,0,0,0,0,3,1,1,5,10,0,0,0,3,1,1,5,1000,0,0,0,0,0,0,0,0,0,0,0,0,0,0,0,0,0,0,0,0,0,0,0,0,0,0,0,0,0,0,0,0,0,0,0,0,0,0,0,0,0,0,0,0,0,0,0,0,0,0,0
1986,27,20,12,5.906,2,7,0,-1,1,0,1,1,25,0,0,0,1028,0,0,0,0,0,1,1,0,0,0,-235.5392113,0,0,0,0,3,1,1,5,10,0,0,0,3,1,1,5,1000,0,0,0,0,0,0,0,0,0,0,0,0,0,0,0,0,0,0,0,0,0,0,0,0,0,0,0,0,0,0,0,0,0,0,0,0,0,0,0,0,0,0,0,0,0,0,0,0,0,0,0
1986,27,20,13,41.906,2,7,0,-1,1,0,1,1,25,0,0,0,1028,0,0,0,0,0,1,1,0,0,0,-235.6261163,0,0,0,0,3,1,1,5,10,0,0,0,3,1,1,5,1000,0,0,0,0,0,0,0,0,0,0,0,0,0,0,0,0,0,0,0,0,0,0,0,0,0,0,0,0,0,0,0,0,0,0,0,0,0,0,0,0,0,0,0,0,0,0,0,0,0,0,0
1986,27,20,15,17.906,2,7,0,-1,1,0,1,1,25,0,0,0,1028,0,0,0,0,0,1,1,0,0,0,-235.713021,0,0,0,0,3,1,1,5,10,0,0,0,3,1,1,5,1000,0,0,0,0,0,0,0,0,0,0,0,0,0,0,0,0,0,0,0,0,0,0,0,0,0,0,0,0,0,0,0,0,0,0,0,0,0,0,0,0,0,0,0,0,0,0,0,0,0,0,0
1986,27,20,19,17.906,2,7,0,-1,1,0,1,1,25,0,0,0,1028,0,0,0,0,0,1,1,0,0,0,-235.930282,0,0,0,0,3,1,1,5,10,0,0,0,3,1,1,5,1000,0,0,0,0,0,0,0,0,0,0,0,0,0,0,0,0,0,0,0,0,0,0,0,0,0,0,0,0,0,0,0,0,0,0,0,0,0,0,0,0,0,0,0,0,0,0,0,0,0,0,0
1986,27,20,20,53.906,2,7,0,-1,1,0,1,1,25,0,0,0,1028,0,0,0,0,0,1,1,0,0,0,-236.0171861,0,0,0,0,3,1,1,5,10,0,0,0,3,1,1,5,1000,0,0,0,0,0,0,0,0,0,0,0,0,0,0,0,0,0,0,0,0,0,0,0,0,0,0,0,0,0,0,0,0,0,0,0,0,0,0,0,0,0,0,0,0,0,0,0,0,0,0,0
1986,27,20,22,29.906,2,7,0,-1,1,0,1,1,25,0,0,0,1028,0,0,0,0,0,1,1,0,0,0,-236.1040896,0,0,0,0,3,1,1,5,10,0,0,0,3,1,1,5,1000,0,0,0,0,0,0,0,0,0,0,0,0,0,0,0,0,0,0,0,0,0,0,0,0,0,0,0,0,0,0,0,0,0,0,0,0,0,0,0,0,0,0,0,0,0,0,0,0,0,0,0
1986,27,20,24,5.905,2,7,0,-1,1,0,1,1,25,0,0,0,1028,0,0,0,0,0,1,1,0,0,0,-236.1909929,0,0,0,0,3,1,1,5,10,0,0,0,3,1,1,5,1000,0,0,0,0,0,0,0,0,0,0,0,0,0,0,0,0,0,0,0,0,0,0,0,0,0,0,0,0,0,0,0,0,0,0,0,0,0,0,0,0,0,0,0,0,0,0,0,0,0,0,0
1986,27,20,25,41.905,2,7,0,-1,1,0,1,1,25,0,0,0,1028,0,0,0,0,0,1,1,0,0,0,-236.2778964,0,0,0,0,3,1,1,5,10,0,0,0,3,1,1,5,1000,0,0,0,0,0,0,0,0,0,0,0,0,0,0,0,0,0,0,0,0,0,0,0,0,0,0,0,0,0,0,0,0,0,0,0,0,0,0,0,0,0,0,0,0,0,0,0,0,0,0,0
1986,27,20,27,17.905,2,7,0,-1,1,0,1,1,25,0,0,0,1028,0,0,0,0,0,1,1,0,0,0,-236.3647998,0,0,0,0,3,1,1,5,10,0,0,0,3,1,1,5,1000,0,0,0,0,0,0,0,0,0,0,0,0,0,0,0,0,0,0,0,0,0,0,0,0,0,0,0,0,0,0,0,0,0,0,0,0,0,0,0,0,0,0,0,0,0,0,0,0,0,0,0
1986,27,20,31,17.905,2,7,0,-1,1,0,1,1,25,0,0,0,1028,0,0,0,0,0,1,1,0,0,0,-236.5820574,0,0,0,0,3,1,1,5,10,0,0,0,3,1,1,5,1000,0,0,0,0,0,0,0,0,0,0,0,0,0,0,0,0,0,0,0,0,0,0,0,0,0,0,0,0,0,0,0,0,0,0,0,0,0,0,0,0,0,0,0,0,0,0,0,0,0,0,0
1986,27,20,32,53.905,2,7,0,-1,1,0,1,1,25,0,0,0,1028,0,0,0,0,0,1,1,0,0,0,-236.6689601,0,0,0,0,3,1,1,5,10,0,0,0,3,1,1,5,1000,0,0,0,0,0,0,0,0,0,0,0,0,0,0,0,0,0,0,0,0,0,0,0,0,0,0,0,0,0,0,0,0,0,0,0,0,0,0,0,0,0,0,0,0,0,0,0,0,0,0,0
1986,27,20,34,29.905,2,7,0,-1,1,0,1,1,25,0,0,0,1028,0,0,0,0,0,1,1,0,0,0,-236.7558626,0,0,0,0,3,1,1,5,10,0,0,0,3,1,1,5,1000,0,0,0,0,0,0,0,0,0,0,0,0,0,0,0,0,0,0,0,0,0,0,0,0,0,0,0,0,0,0,0,0,0,0,0,0,0,0,0,0,0,0,0,0,0,0,0,0,0,0,0
1986,27,20,36,5.905,2,7,0,-1,1,0,1,1,25,0,0,0,1028,0,0,0,0,0,1,1,0,0,0,-236.842765,0,0,0,0,3,1,1,5,10,0,0,0,3,1,1,5,1000,0,0,0,0,0,0,0,0,0,0,0,0,0,0,0,0,0,0,0,0,0,0,0,0,0,0,0,0,0,0,0,0,0,0,0,0,0,0,0,0,0,0,0,0,0,0,0,0,0,0,0
1986,27,20,37,41.905,2,7,0,-1,1,0,1,1,25,0,0,0,1028,0,0,0,0,0,1,1,0,0,0,-236.9296667,0,0,0,0,3,1,1,5,10,0,0,0,3,1,1,5,1000,0,0,0,0,0,0,0,0,0,0,0,0,0,0,0,0,0,0,0,0,0,0,0,0,0,0,0,0,0,0,0,0,0,0,0,0,0,0,0,0,0,0,0,0,0,0,0,0,0,0,0
1986,27,20,39,17.904,2,7,0,-1,1,0,1,1,25,0,0,0,1028,0,0,0,0,0,1,1,0,0,0,-237.0165683,0,0,0,0,3,1,1,5,10,0,0,0,3,1,1,5,1000,0,0,0,0,0,0,0,0,0,0,0,0,0,0,0,0,0,0,0,0,0,0,0,0,0,0,0,0,0,0,0,0,0,0,0,0,0,0,0,0,0,0,0,0,0,0,0,0,0,0,0
1986,27,20,44,53.904,2,7,0,-1,1,0,1,1,25,0,0,0,1028,0,0,0,0,0,1,1,0,0,0,-237.3207238,0,0,0,0,3,1,1,5,10,0,0,0,3,1,1,5,1000,0,0,0,0,0,0,0,0,0,0,0,0,0,0,0,0,0,0,0,0,0,0,0,0,0,0,0,0,0,0,0,0,0,0,0,0,0,0,0,0,0,0,0,0,0,0,0,0,0,0,0
1986,27,20,46,29.904,2,7,0,-1,1,0,1,1,25,0,0,0,1028,0,0,0,0,0,1,1,0,0,0,-237.407625,0,0,0,0,3,1,1,5,10,0,0,0,3,1,1,5,1000,0,0,0,0,0,0,0,0,0,0,0,0,0,0,0,0,0,0,0,0,0,0,0,0,0,0,0,0,0,0,0,0,0,0,0,0,0,0,0,0,0,0,0,0,0,0,0,0,0,0,0
1986,27,20,48,5.904,2,7,0,-1,1,0,1,1,25,0,0,0,1028,0,0,0,0,0,1,1,0,0,0,-237.494526,0,0,0,0,3,1,1,5,10,0,0,0,3,1,1,5,1000,0,0,0,0,0,0,0,0,0,0,0,0,0,0,0,0,0,0,0,0,0,0,0,0,0,0,0,0,0,0,0,0,0,0,0,0,0,0,0,0,0,0,0,0,0,0,0,0,0,0,0
1986,27,20,49,41.904,2,7,0,-1,1,0,1,1,25,0,0,0,1028,0,0,0,0,0,1,1,0,0,0,-237.5814268,0,0,0,0,3,1,1,5,10,0,0,0,3,1,1,5,1000,0,0,0,0,0,0,0,0,0,0,0,0,0,0,0,0,0,0,0,0,0,0,0,0,0,0,0,0,0,0,0,0,0,0,0,0,0,0,0,0,0,0,0,0,0,0,0,0,0,0,0
1986,27,20,51,17.904,2,7,0,-1,1,0,1,1,25,0,0,0,1028,0,0,0,0,0,1,1,0,0,0,-237.6683275,0,0,0,0,3,1,1,5,10,0,0,0,3,1,1,5,1000,0,0,0,0,0,0,0,0,0,0,0,0,0,0,0,0,0,0,0,0,0,0,0,0,0,0,0,0,0,0,0,0,0,0,0,0,0,0,0,0,0,0,0,0,0,0,0,0,0,0,0
1986,27,20,55,17.903,2,7,0,-1,1,0,1,1,25,0,0,0,1028,0,0,0,0,0,1,1,0,0,0,-237.8855774,0,0,0,0,3,1,1,5,10,0,0,0,3,1,1,5,1000,0,0,0,0,0,0,0,0,0,0,0,0,0,0,0,0,0,0,0,0,0,0,0,0,0,0,0,0,0,0,0,0,0,0,0,0,0,0,0,0,0,0,0,0,0,0,0,0,0,0,0
1986,27,20,56,53.903,2,7,0,-1,1,0,1,1,25,0,0,0,1028,0,0,0,0,0,1,1,0,0,0,-237.9724774,0,0,0,0,3,1,1,5,10,0,0,0,3,1,1,5,1000,0,0,0,0,0,0,0,0,0,0,0,0,0,0,0,0,0,0,0,0,0,0,0,0,0,0,0,0,0,0,0,0,0,0,0,0,0,0,0,0,0,0,0,0,0,0,0,0,0,0,0
1986,27,20,58,29.903,2,7,0,-1,1,0,1,1,25,0,0,0,1028,0,0,0,0,0,1,1,0,0,0,-238.0593772,0,0,0,0,3,1,1,5,10,0,0,0,3,1,1,5,1000,0,0,0,0,0,0,0,0,0,0,0,0,0,0,0,0,0,0,0,0,0,0,0,0,0,0,0,0,0,0,0,0,0,0,0,0,0,0,0,0,0,0,0,0,0,0,0,0,0,0,0
1986,27,21,0,5.903,2,7,0,-1,1,0,1,1,25,0,0,0,1028,0,0,0,0,0,1,1,0,0,0,-238.1462769,0,0,0,0,3,1,1,5,10,0,0,0,3,1,1,5,1000,0,0,0,0,0,0,0,0,0,0,0,0,0,0,0,0,0,0,0,0,0,0,0,0,0,0,0,0,0,0,0,0,0,0,0,0,0,0,0,0,0,0,0,0,0,0,0,0,0,0,0
1986,27,21,1,41.903,2,7,0,-1,1,0,1,1,25,0,0,0,1028,0,0,0,0,0,1,1,0,0,0,-238.2331763,0,0,0,0,3,1,1,5,10,0,0,0,3,1,1,5,1000,0,0,0,0,0,0,0,0,0,0,0,0,0,0,0,0,0,0,0,0,0,0,0,0,0,0,0,0,0,0,0,0,0,0,0,0,0,0,0,0,0,0,0,0,0,0,0,0,0,0,0
1986,27,21,3,17.903,2,7,0,-1,1,0,1,1,25,0,0,0,1028,0,0,0,0,0,1,1,0,0,0,-238.3200756,0,0,0,0,3,1,1,5,10,0,0,0,3,1,1,5,1000,0,0,0,0,0,0,0,0,0,0,0,0,0,0,0,0,0,0,0,0,0,0,0,0,0,0,0,0,0,0,0,0,0,0,0,0,0,0,0,0,0,0,0,0,0,0,0,0,0,0,0
1986,27,21,7,17.903,2,7,0,-1,1,0,1,1,25,0,0,0,1028,0,0,0,0,0,1,1,0,0,0,-238.5373231,0,0,0,0,3,1,1,5,10,0,0,0,3,1,1,5,1000,0,0,0,0,0,0,0,0,0,0,0,0,0,0,0,0,0,0,0,0,0,0,0,0,0,0,0,0,0,0,0,0,0,0,0,0,0,0,0,0,0,0,0,0,0,0,0,0,0,0,0
1986,27,21,8,53.902,2,7,0,-1,1,0,1,1,25,0,0,0,1028,0,0,0,0,0,1,1,0,0,0,-238.6242208,0,0,0,0,3,1,1,5,10,0,0,0,3,1,1,5,1000,0,0,0,0,0,0,0,0,0,0,0,0,0,0,0,0,0,0,0,0,0,0,0,0,0,0,0,0,0,0,0,0,0,0,0,0,0,0,0,0,0,0,0,0,0,0,0,0,0,0,0
1986,27,21,10,29.902,2,7,0,-1,1,0,1,1,25,0,0,0,1028,0,0,0,0,0,1,1,0,0,0,-238.7111193,0,0,0,0,3,1,1,5,10,0,0,0,3,1,1,5,1000,0,0,0,0,0,0,0,0,0,0,0,0,0,0,0,0,0,0,0,0,0,0,0,0,0,0,0,0,0,0,0,0,0,0,0,0,0,0,0,0,0,0,0,0,0,0,0,0,0,0,0
1986,27,21,12,5.902,2,7,0,-1,1,0,1,1,25,0,0,0,1028,0,0,0,0,0,1,1,0,0,0,-238.7980176,0,0,0,0,3,1,1,5,10,0,0,0,3,1,1,5,1000,0,0,0,0,0,0,0,0,0,0,0,0,0,0,0,0,0,0,0,0,0,0,0,0,0,0,0,0,0,0,0,0,0,0,0,0,0,0,0,0,0,0,0,0,0,0,0,0,0,0,0
1986,27,21,13,41.902,2,7,0,-1,1,0,1,1,25,0,0,0,1028,0,0,0,0,0,1,1,0,0,0,-238.8849157,0,0,0,0,3,1,1,5,10,0,0,0,3,1,1,5,1000,0,0,0,0,0,0,0,0,0,0,0,0,0,0,0,0,0,0,0,0,0,0,0,0,0,0,0,0,0,0,0,0,0,0,0,0,0,0,0,0,0,0,0,0,0,0,0,0,0,0,0
1986,27,21,15,17.902,2,7,0,-1,1,0,1,1,25,0,0,0,1028,0,0,0,0,0,1,1,0,0,0,-238.9718136,0,0,0,0,3,1,1,5,10,0,0,0,3,1,1,5,1000,0,0,0,0,0,0,0,0,0,0,0,0,0,0,0,0,0,0,0,0,0,0,0,0,0,0,0,0,0,0,0,0,0,0,0,0,0,0,0,0,0,0,0,0,0,0,0,0,0,0,0
1986,27,21,19,17.902,2,7,0,-1,1,0,1,1,25,0,0,0,1028,0,0,0,0,0,1,1,0,0,0,-239.1890577,0,0,0,0,3,1,1,5,10,0,0,0,3,1,1,5,1000,0,0,0,0,0,0,0,0,0,0,0,0,0,0,0,0,0,0,0,0,0,0,0,0,0,0,0,0,0,0,0,0,0,0,0,0,0,0,0,0,0,0,0,0,0,0,0,0,0,0,0
1986,27,21,20,53.902,2,7,0,-1,1,0,1,1,25,0,0,0,1028,0,0,0,0,0,1,1,0,0,0,-239.275955,0,0,0,0,3,1,1,5,10,0,0,0,3,1,1,5,1000,0,0,0,0,0,0,0,0,0,0,0,0,0,0,0,0,0,0,0,0,0,0,0,0,0,0,0,0,0,0,0,0,0,0,0,0,0,0,0,0,0,0,0,0,0,0,0,0,0,0,0
1986,27,21,22,29.902,2,7,0,-1,1,0,1,1,25,0,0,0,1028,0,0,0,0,0,1,1,0,0,0,-239.3628517,0,0,0,0,3,1,1,5,10,0,0,0,3,1,1,5,1000,0,0,0,0,0,0,0,0,0,0,0,0,0,0,0,0,0,0,0,0,0,0,0,0,0,0,0,0,0,0,0,0,0,0,0,0,0,0,0,0,0,0,0,0,0,0,0,0,0,0,0
1986,27,21,24,5.901,2,7,0,-1,1,0,1,1,25,0,0,0,1028,0,0,0,0,0,1,1,0,0,0,-239.4497482,0,0,0,0,3,1,1,5,10,0,0,0,3,1,1,5,1000,0,0,0,0,0,0,0,0,0,0,0,0,0,0,0,0,0,0,0,0,0,0,0,0,0,0,0,0,0,0,0,0,0,0,0,0,0,0,0,0,0,0,0,0,0,0,0,0,0,0,0
1986,27,21,25,41.901,2,7,0,-1,1,0,1,1,25,0,0,0,1028,0,0,0,0,0,1,1,0,0,0,-239.536645,0,0,0,0,3,1,1,5,10,0,0,0,3,1,1,5,1000,0,0,0,0,0,0,0,0,0,0,0,0,0,0,0,0,0,0,0,0,0,0,0,0,0,0,0,0,0,0,0,0,0,0,0,0,0,0,0,0,0,0,0,0,0,0,0,0,0,0,0
1986,27,21,27,17.901,2,7,0,-1,1,0,1,1,25,0,0,0,1028,0,0,0,0,0,1,1,0,0,0,-239.6235416,0,0,0,0,3,1,1,5,10,0,0,0,3,1,1,5,1000,0,0,0,0,0,0,0,0,0,0,0,0,0,0,0,0,0,0,0,0,0,0,0,0,0,0,0,0,0,0,0,0,0,0,0,0,0,0,0,0,0,0,0,0,0,0,0,0,0,0,0
1986,27,21,31,17.901,2,7,0,-1,1,0,1,1,25,0,0,0,1028,0,0,0,0,0,1,1,0,0,0,-239.8407823,0,0,0,0,3,1,1,5,10,0,0,0,3,1,1,5,1000,0,0,0,0,0,0,0,0,0,0,0,0,0,0,0,0,0,0,0,0,0,0,0,0,0,0,0,0,0,0,0,0,0,0,0,0,0,0,0,0,0,0,0,0,0,0,0,0,0,0,0
1986,27,21,32,53.901,2,7,0,-1,1,0,1,1,25,0,0,0,1028,0,0,0,0,0,1,1,0,0,0,-239.9276783,0,0,0,0,3,1,1,5,10,0,0,0,3,1,1,5,1000,0,0,0,0,0,0,0,0,0,0,0,0,0,0,0,0,0,0,0,0,0,0,0,0,0,0,0,0,0,0,0,0,0,0,0,0,0,0,0,0,0,0,0,0,0,0,0,0,0,0,0
1986,27,21,34,29.901,2,7,0,-1,1,0,1,1,25,0,0,0,1028,0,0,0,0,0,1,1,0,0,0,-240.0145741,0,0,0,0,3,1,1,5,10,0,0,0,3,1,1,5,1000,0,0,0,0,0,0,0,0,0,0,0,0,0,0,0,0,0,0,0,0,0,0,0,0,0,0,0,0,0,0,0,0,0,0,0,0,0,0,0,0,0,0,0,0,0,0,0,0,0,0,0
1986,27,21,36,5.901,2,7,0,-1,1,0,1,1,25,0,0,0,1028,0,0,0,0,0,1,1,0,0,0,-240.1014697,0,0,0,0,3,1,1,5,10,0,0,0,3,1,1,5,1000,0,0,0,0,0,0,0,0,0,0,0,0,0,0,0,0,0,0,0,0,0,0,0,0,0,0,0,0,0,0,0,0,0,0,0,0,0,0,0,0,0,0,0,0,0,0,0,0,0,0,0
1986,27,21,37,41.901,2,7,0,-1,1,0,1,1,25,0,0,0,1028,0,0,0,0,0,1,1,0,0,0,-240.1883647,0,0,0,0,3,1,1,5,10,0,0,0,3,1,1,5,1000,0,0,0,0,0,0,0,0,0,0,0,0,0,0,0,0,0,0,0,0,0,0,0,0,0,0,0,0,0,0,0,0,0,0,0,0,0,0,0,0,0,0,0,0,0,0,0,0,0,0,0
1986,27,21,39,17.9,2,7,0,-1,1,0,1,1,25,0,0,0,1028,0,0,0,0,0,1,1,0,0,0,-240.2752595,0,0,0,0,3,1,1,5,10,0,0,0,3,1,1,5,1000,0,0,0,0,0,0,0,0,0,0,0,0,0,0,0,0,0,0,0,0,0,0,0,0,0,0,0,0,0,0,0,0,0,0,0,0,0,0,0,0,0,0,0,0,0,0,0,0,0,0,0
1986,27,21,43,17.9,2,7,0,-1,1,0,1,1,25,0,0,0,1028,0,0,0,0,0,1,1,0,0,0,-240.4924969,0,0,0,0,3,1,1,5,10,0,0,0,3,1,1,5,1000,0,0,0,0,0,0,0,0,0,0,0,0,0,0,0,0,0,0,0,0,0,0,0,0,0,0,0,0,0,0,0,0,0,0,0,0,0,0,0,0,0,0,0,0,0,0,0,0,0,0,0
1986,27,21,44,53.9,2,7,0,-1,1,0,1,1,25,0,0,0,1028,0,0,0,0,0,1,1,0,0,0,-240.5793916,0,0,0,0,3,1,1,5,10,0,0,0,3,1,1,5,1000,0,0,0,0,0,0,0,0,0,0,0,0,0,0,0,0,0,0,0,0,0,0,0,0,0,0,0,0,0,0,0,0,0,0,0,0,0,0,0,0,0,0,0,0,0,0,0,0,0,0,0
1986,27,21,46,29.9,2,7,0,-1,1,0,1,1,25,0,0,0,1028,0,0,0,0,0,1,1,0,0,0,-240.666286,0,0,0,0,3,1,1,5,10,0,0,0,3,1,1,5,1000,0,0,0,0,0,0,0,0,0,0,0,0,0,0,0,0,0,0,0,0,0,0,0,0,0,0,0,0,0,0,0,0,0,0,0,0,0,0,0,0,0,0,0,0,0,0,0,0,0,0,0
1986,27,21,48,5.9,2,7,0,-1,1,0,1,1,25,0,0,0,1028,0,0,0,0,0,1,1,0,0,0,-240.7531803,0,0,0,0,3,1,1,5,10,0,0,0,3,1,1,5,1000,0,0,0,0,0,0,0,0,0,0,0,0,0,0,0,0,0,0,0,0,0,0,0,0,0,0,0,0,0,0,0,0,0,0,0,0,0,0,0,0,0,0,0,0,0,0,0,0,0,0,0
1986,27,21,49,41.9,2,7,0,-1,1,0,1,1,25,0,0,0,1028,0,0,0,0,0,1,1,0,0,0,-240.8400744,0,0,0,0,3,1,1,5,10,0,0,0,3,1,1,5,1000,0,0,0,0,0,0,0,0,0,0,0,0,0,0,0,0,0,0,0,0,0,0,0,0,0,0,0,0,0,0,0,0,0,0,0,0,0,0,0,0,0,0,0,0,0,0,0,0,0,0,0
1986,27,21,51,17.9,2,7,0,-1,1,0,1,1,25,0,0,0,1028,0,0,0,0,0,1,1,0,0,0,-240.9269684,0,0,0,0,3,1,1,5,10,0,0,0,3,1,1,5,1000,0,0,0,0,0,0,0,0,0,0,0,0,0,0,0,0,0,0,0,0,0,0,0,0,0,0,0,0,0,0,0,0,0,0,0,0,0,0,0,0,0,0,0,0,0,0,0,0,0,0,0
1986,27,21,55,17.899,2,7,0,-1,1,0,1,1,25,0,0,0,1028,0,0,0,0,0,1,1,0,0,0,-241.1442015,0,0,0,0,3,1,1,5,10,0,0,0,3,1,1,5,1000,0,0,0,0,0,0,0,0,0,0,0,0,0,0,0,0,0,0,0,0,0,0,0,0,0,0,0,0,0,0,0,0,0,0,0,0,0,0,0,0,0,0,0,0,0,0,0,0,0,0,0
1986,27,21,56,53.899,2,7,0,-1,1,0,1,1,25,0,0,0,1028,0,0,0,0,0,1,1,0,0,0,-241.2310949,0,0,0,0,3,1,1,5,10,0,0,0,3,1,1,5,1000,0,0,0,0,0,0,0,0,0,0,0,0,0,0,0,0,0,0,0,0,0,0,0,0,0,0,0,0,0,0,0,0,0,0,0,0,0,0,0,0,0,0,0,0,0,0,0,0,0,0,0
1986,27,21,58,29.899,2,7,0,-1,1,0,1,1,25,0,0,0,1028,0,0,0,0,0,1,1,0,0,0,-241.317988,0,0,0,0,3,1,1,5,10,0,0,0,3,1,1,5,1000,0,0,0,0,0,0,0,0,0,0,0,0,0,0,0,0,0,0,0,0,0,0,0,0,0,0,0,0,0,0,0,0,0,0,0,0,0,0,0,0,0,0,0,0,0,0,0,0,0,0,0
1986,27,22,0,5.899,2,7,0,-1,1,0,1,1,25,0,0,0,1028,0,0,0,0,0,1,1,0,0,0,-241.404881,0,0,0,0,3,1,1,5,10,0,0,0,3,1,1,5,1000,0,0,0,0,0,0,0,0,0,0,0,0,0,0,0,0,0,0,0,0,0,0,0,0,0,0,0,0,0,0,0,0,0,0,0,0,0,0,0,0,0,0,0,0,0,0,0,0,0,0,0
1986,27,22,1,41.899,2,7,0,-1,1,0,1,1,25,0,0,0,1028,0,0,0,0,0,1,1,0,0,0,-241.4917738,0,0,0,0,3,1,1,5,10,0,0,0,3,1,1,5,1000,0,0,0,0,0,0,0,0,0,0,0,0,0,0,0,0,0,0,0,0,0,0,0,0,0,0,0,0,0,0,0,0,0,0,0,0,0,0,0,0,0,0,0,0,0,0,0,0,0,0,0
1986,27,22,3,17.898,2,7,0,-1,1,0,1,1,25,0,0,0,1028,0,0,0,0,0,1,1,0,0,0,-241.578665,0,0,0,0,3,1,1,5,10,0,0,0,3,1,1,5,1000,0,0,0,0,0,0,0,0,0,0,0,0,0,0,0,0,0,0,0,0,0,0,0,0,0,0,0,0,0,0,0,0,0,0,0,0,0,0,0,0,0,0,0,0,0,0,0,0,0,0,0
1986,27,22,7,17.899,2,7,0,-1,1,0,1,1,25,0,0,0,1028,0,0,0,0,0,1,1,0,0,0,-241.7958972,0,0,0,0,3,1,1,5,10,0,0,0,3,1,1,5,1000,0,0,0,0,0,0,0,0,0,0,0,0,0,0,0,0,0,0,0,0,0,0,0,0,0,0,0,0,0,0,0,0,0,0,0,0,0,0,0,0,0,0,0,0,0,0,0,0,0,0,0
1986,27,22,8,53.898,2,7,0,-1,1,0,1,1,25,0,0,0,1028,0,0,0,0,0,1,1,0,0,0,-241.8827883,0,0,0,0,3,1,1,5,10,0,0,0,3,1,1,5,1000,0,0,0,0,0,0,0,0,0,0,0,0,0,0,0,0,0,0,0,0,0,0,0,0,0,0,0,0,0,0,0,0,0,0,0,0,0,0,0,0,0,0,0,0,0,0,0,0,0,0,0
1986,27,22,10,29.898,2,7,0,-1,1,0,1,1,25,0,0,0,1028,0,0,0,0,0,1,1,0,0,0,-241.9696801,0,0,0,0,3,1,1,5,10,0,0,0,3,1,1,5,1000,0,0,0,0,0,0,0,0,0,0,0,0,0,0,0,0,0,0,0,0,0,0,0,0,0,0,0,0,0,0,0,0,0,0,0,0,0,0,0,0,0,0,0,0,0,0,0,0,0,0,0
1986,27,22,12,5.898,2,7,0,-1,1,0,1,1,25,0,0,0,1028,0,0,0,0,0,1,1,0,0,0,-242.0565717,0,0,0,0,3,1,1,5,10,0,0,0,3,1,1,5,1000,0,0,0,0,0,0,0,0,0,0,0,0,0,0,0,0,0,0,0,0,0,0,0,0,0,0,0,0,0,0,0,0,0,0,0,0,0,0,0,0,0,0,0,0,0,0,0,0,0,0,0
1986,27,22,13,41.898,2,7,0,-1,1,0,1,1,25,0,0,0,1028,0,0,0,0,0,1,1,0,0,0,-242.1434632,0,0,0,0,3,1,1,5,10,0,0,0,3,1,1,5,1000,0,0,0,0,0,0,0,0,0,0,0,0,0,0,0,0,0,0,0,0,0,0,0,0,0,0,0,0,0,0,0,0,0,0,0,0,0,0,0,0,0,0,0,0,0,0,0,0,0,0,0
1986,27,22,15,17.898,2,7,0,-1,1,0,1,1,25,0,0,0,1028,0,0,0,0,0,1,1,0,0,0,-242.2303545,0,0,0,0,3,1,1,5,10,0,0,0,3,1,1,5,1000,0,0,0,0,0,0,0,0,0,0,0,0,0,0,0,0,0,0,0,0,0,0,0,0,0,0,0,0,0,0,0,0,0,0,0,0,0,0,0,0,0,0,0,0,0,0,0,0,0,0,0
1986,27,22,19,17.898,2,7,0,-1,1,0,1,1,25,0,0,0,1028,0,0,0,0,0,1,1,0,0,0,-242.447582,0,0,0,0,3,1,1,5,10,0,0,0,3,1,1,5,1000,0,0,0,0,0,0,0,0,0,0,0,0,0,0,0,0,0,0,0,0,0,0,0,0,0,0,0,0,0,0,0,0,0,0,0,0,0,0,0,0,0,0,0,0,0,0,0,0,0,0,0
1986,27,22,20,53.898,2,7,0,-1,1,0,1,1,25,0,0,0,1028,0,0,0,0,0,1,1,0,0,0,-242.5344727,0,0,0,0,3,1,1,5,10,0,0,0,3,1,1,5,1000,0,0,0,0,0,0,0,0,0,0,0,0,0,0,0,0,0,0,0,0,0,0,0,0,0,0,0,0,0,0,0,0,0,0,0,0,0,0,0,0,0,0,0,0,0,0,0,0,0,0,0
1986,27,22,22,29.898,2,7,0,-1,1,0,1,1,25,0,0,0,1028,0,0,0,0,0,1,1,0,0,0,-242.6213632,0,0,0,0,3,1,1,5,10,0,0,0,3,1,1,5,1000,0,0,0,0,0,0,0,0,0,0,0,0,0,0,0,0,0,0,0,0,0,0,0,0,0,0,0,0,0,0,0,0,0,0,0,0,0,0,0,0,0,0,0,0,0,0,0,0,0,0,0
1986,27,22,24,5.897,2,7,0,-1,1,0,1,1,25,0,0,0,1028,0,0,0,0,0,1,1,0,0,0,-242.7082526,0,0,0,0,3,1,1,5,10,0,0,0,3,1,1,5,1000,0,0,0,0,0,0,0,0,0,0,0,0,0,0,0,0,0,0,0,0,0,0,0,0,0,0,0,0,0,0,0,0,0,0,0,0,0,0,0,0,0,0,0,0,0,0,0,0,0,0,0
1986,27,22,25,41.897,2,7,0,-1,1,0,1,1,25,0,0,0,1028,0,0,0,0,0,1,1,0,0,0,-242.7951428,0,0,0,0,3,1,1,5,10,0,0,0,3,1,1,5,1000,0,0,0,0,0,0,0,0,0,0,0,0,0,0,0,0,0,0,0,0,0,0,0,0,0,0,0,0,0,0,0,0,0,0,0,0,0,0,0,0,0,0,0,0,0,0,0,0,0,0,0
1986,27,22,27,17.897,2,7,0,-1,1,0,1,1,25,0,0,0,1028,0,0,0,0,0,1,1,0,0,0,-242.8820328,0,0,0,0,3,1,1,5,10,0,0,0,3,1,1,5,1000,0,0,0,0,0,0,0,0,0,0,0,0,0,0,0,0,0,0,0,0,0,0,0,0,0,0,0,0,0,0,0,0,0,0,0,0,0,0,0,0,0,0,0,0,0,0,0,0,0,0,0
1986,27,22,31,17.897,2,7,0,-1,1,0,1,1,25,0,0,0,1028,0,0,0,0,0,1,1,0,0,0,-243.099257,0,0,0,0,3,1,1,5,10,0,0,0,3,1,1,5,1000,0,0,0,0,0,0,0,0,0,0,0,0,0,0,0,0,0,0,0,0,0,0,0,0,0,0,0,0,0,0,0,0,0,0,0,0,0,0,0,0,0,0,0,0,0,0,0,0,0,0,0
1986,27,22,32,53.897,2,7,0,-1,1,0,1,1,25,0,0,0,1028,0,0,0,0,0,1,1,0,0,0,-243.1861464,0,0,0,0,3,1,1,5,10,0,0,0,3,1,1,5,1000,0,0,0,0,0,0,0,0,0,0,0,0,0,0,0,0,0,0,0,0,0,0,0,0,0,0,0,0,0,0,0,0,0,0,0,0,0,0,0,0,0,0,0,0,0,0,0,0,0,0,0
1986,27,22,34,29.897,2,7,0,-1,1,0,1,1,25,0,0,0,1028,0,0,0,0,0,1,1,0,0,0,-243.2730356,0,0,0,0,3,1,1,5,10,0,0,0,3,1,1,5,1000,0,0,0,0,0,0,0,0,0,0,0,0,0,0,0,0,0,0,0,0,0,0,0,0,0,0,0,0,0,0,0,0,0,0,0,0,0,0,0,0,0,0,0,0,0,0,0,0,0,0,0
1986,27,22,36,5.897,2,7,0,-1,1,0,1,1,25,0,0,0,1028,0,0,0,0,0,1,1,0,0,0,-243.3599246,0,0,0,0,3,1,1,5,10,0,0,0,3,1,1,5,1000,0,0,0,0,0,0,0,0,0,0,0,0,0,0,0,0,0,0,0,0,0,0,0,0,0,0,0,0,0,0,0,0,0,0,0,0,0,0,0,0,0,0,0,0,0,0,0,0,0,0,0
1986,27,22,37,41.897,2,7,0,-1,1,0,1,1,25,0,0,0,1028,0,0,0,0,0,1,1,0,0,0,-243.4468135,0,0,0,0,3,1,1,5,10,0,0,0,3,1,1,5,1000,0,0,0,0,0,0,0,0,0,0,0,0,0,0,0,0,0,0,0,0,0,0,0,0,0,0,0,0,0,0,0,0,0,0,0,0,0,0,0,0,0,0,0,0,0,0,0,0,0,0,0
1986,27,22,39,17.896,2,7,0,-1,1,0,1,1,25,0,0,0,1028,0,0,0,0,0,1,1,0,0,0,-243.5337013,0,0,0,0,3,1,1,5,10,0,0,0,3,1,1,5,1000,0,0,0,0,0,0,0,0,0,0,0,0,0,0,0,0,0,0,0,0,0,0,0,0,0,0,0,0,0,0,0,0,0,0,0,0,0,0,0,0,0,0,0,0,0,0,0,0,0,0,0
1986,27,22,43,17.896,2,7,0,-1,1,0,1,1,25,0,0,0,1028,0,0,0,0,0,1,1,0,0,0,-243.7509222,0,0,0,0,3,1,1,5,10,0,0,0,3,1,1,5,1000,0,0,0,0,0,0,0,0,0,0,0,0,0,0,0,0,0,0,0,0,0,0,0,0,0,0,0,0,0,0,0,0,0,0,0,0,0,0,0,0,0,0,0,0,0,0,0,0,0,0,0
1986,27,22,44,53.896,2,7,0,-1,1,0,1,1,25,0,0,0,1028,0,0,0,0,0,1,1,0,0,0,-243.8378103,0,0,0,0,3,1,1,5,10,0,0,0,3,1,1,5,1000,0,0,0,0,0,0,0,0,0,0,0,0,0,0,0,0,0,0,0,0,0,0,0,0,0,0,0,0,0,0,0,0,0,0,0,0,0,0,0,0,0,0,0,0,0,0,0,0,0,0,0
1986,27,22,46,29.896,2,7,0,-1,1,0,1,1,25,0,0,0,1028,0,0,0,0,0,1,1,0,0,0,-243.9246982,0,0,0,0,3,1,1,5,10,0,0,0,3,1,1,5,1000,0,0,0,0,0,0,0,0,0,0,0,0,0,0,0,0,0,0,0,0,0,0,0,0,0,0,0,0,0,0,0,0,0,0,0,0,0,0,0,0,0,0,0,0,0,0,0,0,0,0,0
1986,27,22,48,5.896,2,7,0,-1,1,0,1,1,25,0,0,0,1028,0,0,0,0,0,1,1,0,0,0,-244.0115859,0,0,0,0,3,1,1,5,10,0,0,0,3,1,1,5,1000,0,0,0,0,0,0,0,0,0,0,0,0,0,0,0,0,0,0,0,0,0,0,0,0,0,0,0,0,0,0,0,0,0,0,0,0,0,0,0,0,0,0,0,0,0,0,0,0,0,0,0
1986,27,22,49,41.896,2,7,0,-1,1,0,1,1,25,0,0,0,1028,0,0,0,0,0,1,1,0,0,0,-244.0984735,0,0,0,0,3,1,1,5,10,0,0,0,3,1,1,5,1000,0,0,0,0,0,0,0,0,0,0,0,0,0,0,0,0,0,0,0,0,0,0,0,0,0,0,0,0,0,0,0,0,0,0,0,0,0,0,0,0,0,0,0,0,0,0,0,0,0,0,0
1986,27,22,51,17.896,2,7,0,-1,1,0,1,1,25,0,0,0,1028,0,0,0,0,0,1,1,0,0,0,-244.1853609,0,0,0,0,3,1,1,5,10,0,0,0,3,1,1,5,1000,0,0,0,0,0,0,0,0,0,0,0,0,0,0,0,0,0,0,0,0,0,0,0,0,0,0,0,0,0,0,0,0,0,0,0,0,0,0,0,0,0,0,0,0,0,0,0,0,0,0,0
1986,27,22,55,17.895,2,7,0,-1,1,0,1,1,25,0,0,0,1028,0,0,0,0,0,1,1,0,0,0,-244.4025777,0,0,0,0,3,1,1,5,10,0,0,0,3,1,1,5,1000,0,0,0,0,0,0,0,0,0,0,0,0,0,0,0,0,0,0,0,0,0,0,0,0,0,0,0,0,0,0,0,0,0,0,0,0,0,0,0,0,0,0,0,0,0,0,0,0,0,0,0
1986,27,22,56,53.895,2,7,0,-1,1,0,1,1,25,0,0,0,1028,0,0,0,0,0,1,1,0,0,0,-244.4894645,0,0,0,0,3,1,1,5,10,0,0,0,3,1,1,5,1000,0,0,0,0,0,0,0,0,0,0,0,0,0,0,0,0,0,0,0,0,0,0,0,0,0,0,0,0,0,0,0,0,0,0,0,0,0,0,0,0,0,0,0,0,0,0,0,0,0,0,0
1986,27,22,58,29.895,2,7,0,-1,1,0,1,1,25,0,0,0,1028,0,0,0,0,0,1,1,0,0,0,-244.5763511,0,0,0,0,3,1,1,5,10,0,0,0,3,1,1,5,1000,0,0,0,0,0,0,0,0,0,0,0,0,0,0,0,0,0,0,0,0,0,0,0,0,0,0,0,0,0,0,0,0,0,0,0,0,0,0,0,0,0,0,0,0,0,0,0,0,0,0,0
1986,27,23,0,5.895,2,7,0,-1,1,0,1,1,25,0,0,0,1028,0,0,0,0,0,1,1,0,0,0,-244.6632375,0,0,0,0,3,1,1,5,10,0,0,0,3,1,1,5,1000,0,0,0,0,0,0,0,0,0,0,0,0,0,0,0,0,0,0,0,0,0,0,0,0,0,0,0,0,0,0,0,0,0,0,0,0,0,0,0,0,0,0,0,0,0,0,0,0,0,0,0
1986,27,23,1,41.895,2,7,0,-1,1,0,1,1,25,0,0,0,1028,0,0,0,0,0,1,1,0,0,0,-244.7501238,0,0,0,0,3,1,1,5,10,0,0,0,3,1,1,5,1000,0,0,0,0,0,0,0,0,0,0,0,0,0,0,0,0,0,0,0,0,0,0,0,0,0,0,0,0,0,0,0,0,0,0,0,0,0,0,0,0,0,0,0,0,0,0,0,0,0,0,0
1986,27,23,3,17.895,2,7,0,-1,1,0,1,1,25,0,0,0,1028,0,0,0,0,0,1,1,0,0,0,-244.8370099,0,0,0,0,3,1,1,5,10,0,0,0,3,1,1,5,1000,0,0,0,0,0,0,0,0,0,0,0,0,0,0,0,0,0,0,0,0,0,0,0,0,0,0,0,0,0,0,0,0,0,0,0,0,0,0,0,0,0,0,0,0,0,0,0,0,0,0,0
1986,27,23,7,17.895,2,7,0,-1,1,0,1,1,25,0,0,0,1028,0,0,0,0,0,1,1,0,0,0,-245.0542244,0,0,0,0,3,1,1,5,10,0,0,0,3,1,1,5,1000,0,0,0,0,0,0,0,0,0,0,0,0,0,0,0,0,0,0,0,0,0,0,0,0,0,0,0,0,0,0,0,0,0,0,0,0,0,0,0,0,0,0,0,0,0,0,0,0,0,0,0
1986,27,23,8,53.894,2,7,0,-1,1,0,1,1,25,0,0,0,1028,0,0,0,0,0,1,1,0,0,0,-245.141109,0,0,0,0,3,1,1,5,10,0,0,0,3,1,1,5,1000,0,0,0,0,0,0,0,0,0,0,0,0,0,0,0,0,0,0,0,0,0,0,0,0,0,0,0,0,0,0,0,0,0,0,0,0,0,0,0,0,0,0,0,0,0,0,0,0,0,0,0
1986,27,23,10,29.894,2,7,0,-1,1,0,1,1,25,0,0,0,1028,0,0,0,0,0,1,1,0,0,0,-245.2279943,0,0,0,0,3,1,1,5,10,0,0,0,3,1,1,5,1000,0,0,0,0,0,0,0,0,0,0,0,0,0,0,0,0,0,0,0,0,0,0,0,0,0,0,0,0,0,0,0,0,0,0,0,0,0,0,0,0,0,0,0,0,0,0,0,0,0,0,0
1986,27,23,12,5.894,2,7,0,-1,1,0,1,1,25,0,0,0,1028,0,0,0,0,0,1,1,0,0,0,-245.3148794,0,0,0,0,3,1,1,5,10,0,0,0,3,1,1,5,1000,0,0,0,0,0,0,0,0,0,0,0,0,0,0,0,0,0,0,0,0,0,0,0,0,0,0,0,0,0,0,0,0,0,0,0,0,0,0,0,0,0,0,0,0,0,0,0,0,0,0,0
1986,27,23,13,41.894,2,7,0,-1,1,0,1,1,25,0,0,0,1028,0,0,0,0,0,1,1,0,0,0,-245.4017644,0,0,0,0,3,1,1,5,10,0,0,0,3,1,1,5,1000,0,0,0,0,0,0,0,0,0,0,0,0,0,0,0,0,0,0,0,0,0,0,0,0,0,0,0,0,0,0,0,0,0,0,0,0,0,0,0,0,0,0,0,0,0,0,0,0,0,0,0
1986,27,23,15,17.894,2,7,0,-1,1,0,1,1,25,0,0,0,1028,0,0,0,0,0,1,1,0,0,0,-245.4886492,0,0,0,0,3,1,1,5,10,0,0,0,3,1,1,5,1000,0,0,0,0,0,0,0,0,0,0,0,0,0,0,0,0,0,0,0,0,0,0,0,0,0,0,0,0,0,0,0,0,0,0,0,0,0,0,0,0,0,0,0,0,0,0,0,0,0,0,0
1986,27,23,19,17.894,2,7,0,-1,1,0,1,1,25,0,0,0,1028,0,0,0,0,0,1,1,0,0,0,-245.7058605,0,0,0,0,3,1,1,5,10,0,0,0,3,1,1,5,1000,0,0,0,0,0,0,0,0,0,0,0,0,0,0,0,0,0,0,0,0,0,0,0,0,0,0,0,0,0,0,0,0,0,0,0,0,0,0,0,0,0,0,0,0,0,0,0,0,0,0,0
1986,27,23,20,53.894,2,7,0,-1,1,0,1,1,25,0,0,0,1028,0,0,0,0,0,1,1,0,0,0,-245.7927447,0,0,0,0,3,1,1,5,10,0,0,0,3,1,1,5,1000,0,0,0,0,0,0,0,0,0,0,0,0,0,0,0,0,0,0,0,0,0,0,0,0,0,0,0,0,0,0,0,0,0,0,0,0,0,0,0,0,0,0,0,0,0,0,0,0,0,0,0
1986,27,23,22,29.894,2,7,0,-1,1,0,1,1,25,0,0,0,1028,0,0,0,0,0,1,1,0,0,0,-245.8796287,0,0,0,0,3,1,1,5,10,0,0,0,3,1,1,5,1000,0,0,0,0,0,0,0,0,0,0,0,0,0,0,0,0,0,0,0,0,0,0,0,0,0,0,0,0,0,0,0,0,0,0,0,0,0,0,0,0,0,0,0,0,0,0,0,0,0,0,0
1986,27,23,24,5.893,2,7,0,-1,1,0,1,1,25,0,0,0,1028,0,0,0,0,0,1,1,0,0,0,-245.9665117,0,0,0,0,3,1,1,5,10,0,0,0,3,1,1,5,1000,0,0,0,0,0,0,0,0,0,0,0,0,0,0,0,0,0,0,0,0,0,0,0,0,0,0,0,0,0,0,0,0,0,0,0,0,0,0,0,0,0,0,0,0,0,0,0,0,0,0,0
1986,27,23,25,41.893,2,7,0,-1,1,0,1,1,25,0,0,0,1028,0,0,0,0,0,1,1,0,0,0,-246.0533954,0,0,0,0,3,1,1,5,10,0,0,0,3,1,1,5,1000,0,0,0,0,0,0,0,0,0,0,0,0,0,0,0,0,0,0,0,0,0,0,0,0,0,0,0,0,0,0,0,0,0,0,0,0,0,0,0,0,0,0,0,0,0,0,0,0,0,0,0
1986,27,23,27,17.893,2,7,0,-1,1,0,1,1,25,0,0,0,1028,0,0,0,0,0,1,1,0,0,0,-246.1402789,0,0,0,0,3,1,1,5,10,0,0,0,3,1,1,5,1000,0,0,0,0,0,0,0,0,0,0,0,0,0,0,0,0,0,0,0,0,0,0,0,0,0,0,0,0,0,0,0,0,0,0,0,0,0,0,0,0,0,0,0,0,0,0,0,0,0,0,0
1986,27,23,39,17.892,2,7,0,-1,1,0,1,1,25,0,0,0,1028,0,0,0,0,0,1,1,0,0,0,-246.791899,0,0,0,0,3,1,1,5,10,0,0,0,3,1,1,5,1000,0,0,0,0,0,0,0,0,0,0,0,0,0,0,0,0,0,0,0,0,0,0,0,0,0,0,0,0,0,0,0,0,0,0,0,0,0,0,0,0,0,0,0,0,0,0,0,0,0,0,0
1986,27,23,43,17.892,2,7,0,-1,1,0,1,1,25,0,0,0,1028,0,0,0,0,0,1,1,0,0,0,-247.0091039,0,0,0,0,3,1,1,5,10,0,0,0,3,1,1,5,1000,0,0,0,0,0,0,0,0,0,0,0,0,0,0,0,0,0,0,0,0,0,0,0,0,0,0,0,0,0,0,0,0,0,0,0,0,0,0,0,0,0,0,0,0,0,0,0,0,0,0,0
1986,27,23,44,53.892,2,7,0,-1,1,0,1,1,25,0,0,0,1028,0,0,0,0,0,1,1,0,0,0,-247.0959856,0,0,0,0,3,1,1,5,10,0,0,0,3,1,1,5,1000,0,0,0,0,0,0,0,0,0,0,0,0,0,0,0,0,0,0,0,0,0,0,0,0,0,0,0,0,0,0,0,0,0,0,0,0,0,0,0,0,0,0,0,0,0,0,0,0,0,0,0
1986,27,23,46,29.892,2,7,0,-1,1,0,1,1,25,0,0,0,1028,0,0,0,0,0,1,1,0,0,0,-247.1828671,0,0,0,0,3,1,1,5,10,0,0,0,3,1,1,5,1000,0,0,0,0,0,0,0,0,0,0,0,0,0,0,0,0,0,0,0,0,0,0,0,0,0,0,0,0,0,0,0,0,0,0,0,0,0,0,0,0,0,0,0,0,0,0,0,0,0,0,0
1986,27,23,48,5.892,2,7,0,-1,1,0,1,1,25,0,0,0,1028,0,0,0,0,0,1,1,0,0,0,-247.2697484,0,0,0,0,3,1,1,5,10,0,0,0,3,1,1,5,1000,0,0,0,0,0,0,0,0,0,0,0,0,0,0,0,0,0,0,0,0,0,0,0,0,0,0,0,0,0,0,0,0,0,0,0,0,0,0,0,0,0,0,0,0,0,0,0,0,0,0,0
1986,27,23,49,41.892,2,7,0,-1,1,0,1,1,25,0,0,0,1028,0,0,0,0,0,1,1,0,0,0,-247.3566295,0,0,0,0,3,1,1,5,10,0,0,0,3,1,1,5,1000,0,0,0,0,0,0,0,0,0,0,0,0,0,0,0,0,0,0,0,0,0,0,0,0,0,0,0,0,0,0,0,0,0,0,0,0,0,0,0,0,0,0,0,0,0,0,0,0,0,0,0
1986,27,23,51,17.892,2,7,0,-1,1,0,1,1,25,0,0,0,1028,0,0,0,0,0,1,1,0,0,0,-247.4435105,0,0,0,0,3,1,1,5,10,0,0,0,3,1,1,5,1000,0,0,0,0,0,0,0,0,0,0,0,0,0,0,0,0,0,0,0,0,0,0,0,0,0,0,0,0,0,0,0,0,0,0,0,0,0,0,0,0,0,0,0,0,0,0,0,0,0,0,0
1986,27,23,55,17.891,2,7,0,-1,1,0,1,1,25,0,0,0,1028,0,0,0,0,0,1,1,0,0,0,-247.6607113,0,0,0,0,3,1,1,5,10,0,0,0,3,1,1,5,1000,0,0,0,0,0,0,0,0,0,0,0,0,0,0,0,0,0,0,0,0,0,0,0,0,0,0,0,0,0,0,0,0,0,0,0,0,0,0,0,0,0,0,0,0,0,0,0,0,0,0,0
1986,27,23,56,53.891,2,7,0,-1,1,0,1,1,25,0,0,0,1028,0,0,0,0,0,1,1,0,0,0,-247.7475917,0,0,0,0,3,1,1,5,10,0,0,0,3,1,1,5,1000,0,0,0,0,0,0,0,0,0,0,0,0,0,0,0,0,0,0,0,0,0,0,0,0,0,0,0,0,0,0,0,0,0,0,0,0,0,0,0,0,0,0,0,0,0,0,0,0,0,0,0
1986,27,23,58,29.891,2,7,0,-1,1,0,1,1,25,0,0,0,1028,0,0,0,0,0,1,1,0,0,0,-247.8344719,0,0,0,0,3,1,1,5,10,0,0,0,3,1,1,5,1000,0,0,0,0,0,0,0,0,0,0,0,0,0,0,0,0,0,0,0,0,0,0,0,0,0,0,0,0,0,0,0,0,0,0,0,0,0,0,0,0,0,0,0,0,0,0,0,0,0,0,0
1986,28,0,0,5.891,2,7,0,-1,1,0,1,1,25,0,0,0,1028,0,0,0,0,0,1,1,0,0,0,-247.921352,0,0,0,0,3,1,1,5,10,0,0,0,3,1,1,5,1000,0,0,0,0,0,0,0,0,0,0,0,0,0,0,0,0,0,0,0,0,0,0,0,0,0,0,0,0,0,0,0,0,0,0,0,0,0,0,0,0,0,0,0,0,0,0,0,0,0,0,0
1986,28,0,1,41.891,2,7,0,-1,1,0,1,1,25,0,0,0,1028,0,0,0,0,0,1,1,0,0,0,-248.0082319,0,0,0,0,3,1,1,5,10,0,0,0,3,1,1,5,1000,0,0,0,0,0,0,0,0,0,0,0,0,0,0,0,0,0,0,0,0,0,0,0,0,0,0,0,0,0,0,0,0,0,0,0,0,0,0,0,0,0,0,0,0,0,0,0,0,0,0,0
1986,28,0,3,17.891,2,7,0,-1,1,0,1,1,25,0,0,0,1028,0,0,0,0,0,1,1,0,0,0,-248.0951116,0,0,0,0,3,1,1,5,10,0,0,0,3,1,1,5,1000,0,0,0,0,0,0,0,0,0,0,0,0,0,0,0,0,0,0,0,0,0,0,0,0,0,0,0,0,0,0,0,0,0,0,0,0,0,0,0,0,0,0,0,0,0,0,0,0,0,0,0
1986,28,0,7,17.891,2,7,0,-1,1,0,1,1,25,0,0,0,1028,0,0,0,0,0,1,1,0,0,0,-248.3123102,0,0,0,0,3,1,1,5,10,0,0,0,3,1,1,5,1000,0,0,0,0,0,0,0,0,0,0,0,0,0,0,0,0,0,0,0,0,0,0,0,0,0,0,0,0,0,0,0,0,0,0,0,0,0,0,0,0,0,0,0,0,0,0,0,0,0,0,0
1986,28,0,8,53.891,2,7,0,-1,1,0,1,1,25,0,0,0,1028,0,0,0,0,0,1,1,0,0,0,-248.3991888,0,0,0,0,3,1,1,5,10,0,0,0,3,1,1,5,1000,0,0,0,0,0,0,0,0,0,0,0,0,0,0,0,0,0,0,0,0,0,0,0,0,0,0,0,0,0,0,0,0,0,0,0,0,0,0,0,0,0,0,0,0,0,0,0,0,0,0,0
1986,28,0,12,5.89,2,7,0,-1,1,0,1,1,25,0,0,0,1028,0,0,0,0,0,1,1,0,0,0,-248.5729461,0,0,0,0,3,1,1,5,10,0,0,0,3,1,1,5,1000,0,0,0,0,0,0,0,0,0,0,0,0,0,0,0,0,0,0,0,0,0,0,0,0,0,0,0,0,0,0,0,0,0,0,0,0,0,0,0,0,0,0,0,0,0,0,0,0,0,0,0
1986,28,0,13,41.89,2,7,0,-1,1,0,1,1,25,0,0,0,1028,0,0,0,0,0,1,1,0,0,0,-248.6598248,0,0,0,0,3,1,1,5,10,0,0,0,3,1,1,5,1000,0,0,0,0,0,0,0,0,0,0,0,0,0,0,0,0,0,0,0,0,0,0,0,0,0,0,0,0,0,0,0,0,0,0,0,0,0,0,0,0,0,0,0,0,0,0,0,0,0,0,0
1986,28,0,15,17.89,2,7,0,-1,1,0,1,1,25,0,0,0,1028,0,0,0,0,0,1,1,0,0,0,-248.7467032,0,0,0,0,3,1,1,5,10,0,0,0,3,1,1,5,1000,0,0,0,0,0,0,0,0,0,0,0,0,0,0,0,0,0,0,0,0,0,0,0,0,0,0,0,0,0,0,0,0,0,0,0,0,0,0,0,0,0,0,0,0,0,0,0,0,0,0,0
1986,28,0,19,17.89,2,7,0,-1,1,0,1,1,25,0,0,0,1028,0,0,0,0,0,1,1,0,0,0,-248.9638986,0,0,0,0,3,1,1,5,10,0,0,0,3,1,1,5,1000,0,0,0,0,0,0,0,0,0,0,0,0,0,0,0,0,0,0,0,0,0,0,0,0,0,0,0,0,0,0,0,0,0,0,0,0,0,0,0,0,0,0,0,0,0,0,0,0,0,0,0
1986,28,0,20,53.89,2,7,0,-1,1,0,1,1,25,0,0,0,1028,0,0,0,0,0,1,1,0,0,0,-249.0507765,0,0,0,0,3,1,1,5,10,0,0,0,3,1,1,5,1000,0,0,0,0,0,0,0,0,0,0,0,0,0,0,0,0,0,0,0,0,0,0,0,0,0,0,0,0,0,0,0,0,0,0,0,0,0,0,0,0,0,0,0,0,0,0,0,0,0,0,0
1986,28,0,22,29.89,2,7,0,-1,1,0,1,1,25,0,0,0,1028,0,0,0,0,0,1,1,0,0,0,-249.1376542,0,0,0,0,3,1,1,5,10,0,0,0,3,1,1,5,1000,0,0,0,0,0,0,0,0,0,0,0,0,0,0,0,0,0,0,0,0,0,0,0,0,0,0,0,0,0,0,0,0,0,0,0,0,0,0,0,0,0,0,0,0,0,0,0,0,0,0,0
1986,28,0,24,5.89,2,7,0,-1,1,0,1,1,25,0,0,0,1028,0,0,0,0,0,1,1,0,0,0,-249.2245313,0,0,0,0,3,1,1,5,10,0,0,0,3,1,1,5,1000,0,0,0,0,0,0,0,0,0,0,0,0,0,0,0,0,0,0,0,0,0,0,0,0,0,0,0,0,0,0,0,0,0,0,0,0,0,0,0,0,0,0,0,0,0,0,0,0,0,0,0
1986,28,0,25,41.889,2,7,0,-1,1,0,1,1,25,0,0,0,1028,0,0,0,0,0,1,1,0,0,0,-249.3114082,0,0,0,0,3,1,1,5,10,0,0,0,3,1,1,5,1000,0,0,0,0,0,0,0,0,0,0,0,0,0,0,0,0,0,0,0,0,0,0,0,0,0,0,0,0,0,0,0,0,0,0,0,0,0,0,0,0,0,0,0,0,0,0,0,0,0,0,0
1986,28,0,27,17.889,2,7,0,-1,1,0,1,1,25,0,0,0,1028,0,0,0,0,0,1,1,0,0,0,-249.3982854,0,0,0,0,3,1,1,5,10,0,0,0,3,1,1,5,1000,0,0,0,0,0,0,0,0,0,0,0,0,0,0,0,0,0,0,0,0,0,0,0,0,0,0,0,0,0,0,0,0,0,0,0,0,0,0,0,0,0,0,0,0,0,0,0,0,0,0,0
1986,28,0,31,17.889,2,7,0,-1,1,0,1,1,25,0,0,0,1028,0,0,0,0,0,1,1,0,0,0,-249.6154777,0,0,0,0,3,1,1,5,10,0,0,0,3,1,1,5,1000,0,0,0,0,0,0,0,0,0,0,0,0,0,0,0,0,0,0,0,0,0,0,0,0,0,0,0,0,0,0,0,0,0,0,0,0,0,0,0,0,0,0,0,0,0,0,0,0,0,0,0
1986,28,0,34,29.889,2,7,0,-1,1,0,1,1,25,0,0,0,1028,0,0,0,0,0,1,1,0,0,0,-249.7892308,0,0,0,0,3,1,1,5,10,0,0,0,3,1,1,5,1000,0,0,0,0,0,0,0,0,0,0,0,0,0,0,0,0,0,0,0,0,0,0,0,0,0,0,0,0,0,0,0,0,0,0,0,0,0,0,0,0,0,0,0,0,0,0,0,0,0,0,0
1986,28,0,36,5.889,2,7,0,-1,1,0,1,1,25,0,0,0,1028,0,0,0,0,0,1,1,0,0,0,-249.8761071,0,0,0,0,3,1,1,5,10,0,0,0,3,1,1,5,1000,0,0,0,0,0,0,0,0,0,0,0,0,0,0,0,0,0,0,0,0,0,0,0,0,0,0,0,0,0,0,0,0,0,0,0,0,0,0,0,0,0,0,0,0,0,0,0,0,0,0,0
1986,28,0,37,41.889,2,7,0,-1,1,0,1,1,25,0,0,0,1028,0,0,0,0,0,1,1,0,0,0,-249.9629832,0,0,0,0,3,1,1,5,10,0,0,0,3,1,1,5,1000,0,0,0,0,0,0,0,0,0,0,0,0,0,0,0,0,0,0,0,0,0,0,0,0,0,0,0,0,0,0,0,0,0,0,0,0,0,0,0,0,0,0,0,0,0,0,0,0,0,0,0
1986,28,0,39,17.889,2,7,0,-1,1,0,1,1,25,0,0,0,1028,0,0,0,0,0,1,1,0,0,0,-250.0498587,0,0,0,0,3,1,1,5,10,0,0,0,3,1,1,5,1000,0,0,0,0,0,0,0,0,0,0,0,0,0,0,0,0,0,0,0,0,0,0,0,0,0,0,0,0,0,0,0,0,0,0,0,0,0,0,0,0,0,0,0,0,0,0,0,0,0,0,0
1986,28,0,43,17.888,2,7,0,-1,1,0,1,1,25,0,0,0,1028,0,0,0,0,0,1,1,0,0,0,-250.2670474,0,0,0,0,3,1,1,5,10,0,0,0,3,1,1,5,1000,0,0,0,0,0,0,0,0,0,0,0,0,0,0,0,0,0,0,0,0,0,0,0,0,0,0,0,0,0,0,0,0,0,0,0,0,0,0,0,0,0,0,0,0,0,0,0,0,0,0,0
1986,28,0,46,29.888,2,7,0,-1,1,0,1,1,25,0,0,0,1028,0,0,0,0,0,1,1,0,0,0,-250.440798,0,0,0,0,3,1,1,5,10,0,0,0,3,1,1,5,1000,0,0,0,0,0,0,0,0,0,0,0,0,0,0,0,0,0,0,0,0,0,0,0,0,0,0,0,0,0,0,0,0,0,0,0,0,0,0,0,0,0,0,0,0,0,0,0,0,0,0,0
1986,28,0,48,5.888,2,7,0,-1,1,0,1,1,25,0,0,0,1028,0,0,0,0,0,1,1,0,0,0,-250.527673,0,0,0,0,3,1,1,5,10,0,0,0,3,1,1,5,1000,0,0,0,0,0,0,0,0,0,0,0,0,0,0,0,0,0,0,0,0,0,0,0,0,0,0,0,0,0,0,0,0,0,0,0,0,0,0,0,0,0,0,0,0,0,0,0,0,0,0,0
1986,28,0,49,41.888,2,7,0,-1,1,0,1,1,25,0,0,0,1028,0,0,0,0,0,1,1,0,0,0,-250.6145479,0,0,0,0,3,1,1,5,10,0,0,0,3,1,1,5,1000,0,0,0,0,0,0,0,0,0,0,0,0,0,0,0,0,0,0,0,0,0,0,0,0,0,0,0,0,0,0,0,0,0,0,0,0,0,0,0,0,0,0,0,0,0,0,0,0,0,0,0
1986,28,0,51,17.888,2,7,0,-1,1,0,1,1,25,0,0,0,1028,0,0,0,0,0,1,1,0,0,0,-250.7014226,0,0,0,0,3,1,1,5,10,0,0,0,3,1,1,5,1000,0,0,0,0,0,0,0,0,0,0,0,0,0,0,0,0,0,0,0,0,0,0,0,0,0,0,0,0,0,0,0,0,0,0,0,0,0,0,0,0,0,0,0,0,0,0,0,0,0,0,0
1986,28,0,55,17.887,2,7,0,-1,1,0,1,1,25,0,0,0,1028,0,0,0,0,0,1,1,0,0,0,-250.9186078,0,0,0,0,3,1,1,5,10,0,0,0,3,1,1,5,1000,0,0,0,0,0,0,0,0,0,0,0,0,0,0,0,0,0,0,0,0,0,0,0,0,0,0,0,0,0,0,0,0,0,0,0,0,0,0,0,0,0,0,0,0,0,0,0,0,0,0,0
1986,28,0,56,53.887,2,7,0,-1,1,0,1,1,25,0,0,0,1028,0,0,0,0,0,1,1,0,0,0,-251.0054819,0,0,0,0,3,1,1,5,10,0,0,0,3,1,1,5,1000,0,0,0,0,0,0,0,0,0,0,0,0,0,0,0,0,0,0,0,0,0,0,0,0,0,0,0,0,0,0,0,0,0,0,0,0,0,0,0,0,0,0,0,0,0,0,0,0,0,0,0
1986,28,0,58,29.887,2,7,0,-1,1,0,1,1,25,0,0,0,1028,0,0,0,0,0,1,1,0,0,0,-251.0923559,0,0,0,0,3,1,1,5,10,0,0,0,3,1,1,5,1000,0,0,0,0,0,0,0,0,0,0,0,0,0,0,0,0,0,0,0,0,0,0,0,0,0,0,0,0,0,0,0,0,0,0,0,0,0,0,0,0,0,0,0,0,0,0,0,0,0,0,0
1986,28,1,0,5.887,2,7,0,-1,1,0,1,1,25,0,0,0,1028,0,0,0,0,0,1,1,0,0,0,-251.1792297,0,0,0,0,3,1,1,5,10,0,0,0,3,1,1,5,1000,0,0,0,0,0,0,0,0,0,0,0,0,0,0,0,0,0,0,0,0,0,0,0,0,0,0,0,0,0,0,0,0,0,0,0,0,0,0,0,0,0,0,0,0,0,0,0,0,0,0,0
1986,28,1,1,41.887,2,7,0,-1,1,0,1,1,25,0,0,0,1028,0,0,0,0,0,1,1,0,0,0,-251.2661033,0,0,0,0,3,1,1,5,10,0,0,0,3,1,1,5,1000,0,0,0,0,0,0,0,0,0,0,0,0,0,0,0,0,0,0,0,0,0,0,0,0,0,0,0,0,0,0,0,0,0,0,0,0,0,0,0,0,0,0,0,0,0,0,0,0,0,0,0
1986,28,1,3,17.887,2,7,0,-1,1,0,1,1,25,0,0,0,1028,0,0,0,0,0,1,1,0,0,0,-251.3529768,0,0,0,0,3,1,1,5,10,0,0,0,3,1,1,5,1000,0,0,0,0,0,0,0,0,0,0,0,0,0,0,0,0,0,0,0,0,0,0,0,0,0,0,0,0,0,0,0,0,0,0,0,0,0,0,0,0,0,0,0,0,0,0,0,0,0,0,0
1986,28,1,7,17.887,2,7,0,-1,1,0,1,1,25,0,0,0,1028,0,0,0,0,0,1,1,0,0,0,-251.5701597,0,0,0,0,3,1,1,5,10,0,0,0,3,1,1,5,1000,0,0,0,0,0,0,0,0,0,0,0,0,0,0,0,0,0,0,0,0,0,0,0,0,0,0,0,0,0,0,0,0,0,0,0,0,0,0,0,0,0,0,0,0,0,0,0,0,0,0,0
1986,28,1,8,53.887,2,7,0,-1,1,0,1,1,25,0,0,0,1028,0,0,0,0,0,1,1,0,0,0,-251.6570322,0,0,0,0,3,1,1,5,10,0,0,0,3,1,1,5,1000,0,0,0,0,0,0,0,0,0,0,0,0,0,0,0,0,0,0,0,0,0,0,0,0,0,0,0,0,0,0,0,0,0,0,0,0,0,0,0,0,0,0,0,0,0,0,0,0,0,0,0
1986,28,1,10,29.886,2,7,0,-1,1,0,1,1,25,0,0,0,1028,0,0,0,0,0,1,1,0,0,0,-251.7439045,0,0,0,0,3,1,1,5,10,0,0,0,3,1,1,5,1000,0,0,0,0,0,0,0,0,0,0,0,0,0,0,0,0,0,0,0,0,0,0,0,0,0,0,0,0,0,0,0,0,0,0,0,0,0,0,0,0,0,0,0,0,0,0,0,0,0,0,0
1986,28,1,12,5.886,2,7,0,-1,1,0,1,1,25,0,0,0,1028,0,0,0,0,0,1,1,0,0,0,-251.830777,0,0,0,0,3,1,1,5,10,0,0,0,3,1,1,5,1000,0,0,0,0,0,0,0,0,0,0,0,0,0,0,0,0,0,0,0,0,0,0,0,0,0,0,0,0,0,0,0,0,0,0,0,0,0,0,0,0,0,0,0,0,0,0,0,0,0,0,0
1986,28,1,13,41.886,2,7,0,-1,1,0,1,1,25,0,0,0,1028,0,0,0,0,0,1,1,0,0,0,-251.9176495,0,0,0,0,3,1,1,5,10,0,0,0,3,1,1,5,1000,0,0,0,0,0,0,0,0,0,0,0,0,0,0,0,0,0,0,0,0,0,0,0,0,0,0,0,0,0,0,0,0,0,0,0,0,0,0,0,0,0,0,0,0,0,0,0,0,0,0,0
1986,28,1,15,17.886,2,7,0,-1,1,0,1,1,25,0,0,0,1028,0,0,0,0,0,1,1,0,0,0,-252.0045217,0,0,0,0,3,1,1,5,10,0,0,0,3,1,1,5,1000,0,0,0,0,0,0,0,0,0,0,0,0,0,0,0,0,0,0,0,0,0,0,0,0,0,0,0,0,0,0,0,0,0,0,0,0,0,0,0,0,0,0,0,0,0,0,0,0,0,0,0
1986,28,1,19,17.886,2,7,0,-1,1,0,1,1,25,0,0,0,1028,0,0,0,0,0,1,1,0,0,0,-252.2217016,0,0,0,0,3,1,1,5,10,0,0,0,3,1,1,5,1000,0,0,0,0,0,0,0,0,0,0,0,0,0,0,0,0,0,0,0,0,0,0,0,0,0,0,0,0,0,0,0,0,0,0,0,0,0,0,0,0,0,0,0,0,0,0,0,0,0,0,0
1986,28,1,20,53.886,2,7,0,-1,1,0,1,1,25,0,0,0,1028,0,0,0,0,0,1,1,0,0,0,-252.3085733,0,0,0,0,3,1,1,5,10,0,0,0,3,1,1,5,1000,0,0,0,0,0,0,0,0,0,0,0,0,0,0,0,0,0,0,0,0,0,0,0,0,0,0,0,0,0,0,0,0,0,0,0,0,0,0,0,0,0,0,0,0,0,0,0,0,0,0,0
1986,28,1,22,29.886,2,7,0,-1,1,0,1,1,25,0,0,0,1028,0,0,0,0,0,1,1,0,0,0,-252.3954448,0,0,0,0,3,1,1,5,10,0,0,0,3,1,1,5,1000,0,0,0,0,0,0,0,0,0,0,0,0,0,0,0,0,0,0,0,0,0,0,0,0,0,0,0,0,0,0,0,0,0,0,0,0,0,0,0,0,0,0,0,0,0,0,0,0,0,0,0
1986,28,1,25,41.885,2,7,0,-1,1,0,1,1,25,0,0,0,1028,0,0,0,0,0,1,1,0,0,0,-252.5691864,0,0,0,0,3,1,1,5,10,0,0,0,3,1,1,5,1000,0,0,0,0,0,0,0,0,0,0,0,0,0,0,0,0,0,0,0,0,0,0,0,0,0,0,0,0,0,0,0,0,0,0,0,0,0,0,0,0,0,0,0,0,0,0,0,0,0,0,0
1986,28,1,27,17.885,2,7,0,-1,1,0,1,1,25,0,0,0,1028,0,0,0,0,0,1,1,0,0,0,-252.6560574,0,0,0,0,3,1,1,5,10,0,0,0,3,1,1,5,1000,0,0,0,0,0,0,0,0,0,0,0,0,0,0,0,0,0,0,0,0,0,0,0,0,0,0,0,0,0,0,0,0,0,0,0,0,0,0,0,0,0,0,0,0,0,0,0,0,0,0,0
1986,28,1,31,17.885,2,7,0,-1,1,0,1,1,25,0,0,0,1028,0,0,0,0,0,1,1,0,0,0,-252.8732342,0,0,0,0,3,1,1,5,10,0,0,0,3,1,1,5,1000,0,0,0,0,0,0,0,0,0,0,0,0,0,0,0,0,0,0,0,0,0,0,0,0,0,0,0,0,0,0,0,0,0,0,0,0,0,0,0,0,0,0,0,0,0,0,0,0,0,0,0
1986,28,1,32,53.885,2,7,0,-1,1,0,1,1,25,0,0,0,1028,0,0,0,0,0,1,1,0,0,0,-252.9601047,0,0,0,0,3,1,1,5,10,0,0,0,3,1,1,5,1000,0,0,0,0,0,0,0,0,0,0,0,0,0,0,0,0,0,0,0,0,0,0,0,0,0,0,0,0,0,0,0,0,0,0,0,0,0,0,0,0,0,0,0,0,0,0,0,0,0,0,0
1986,28,1,34,29.885,2,7,0,-1,1,0,1,1,25,0,0,0,1028,0,0,0,0,0,1,1,0,0,0,-253.046975,0,0,0,0,3,1,1,5,10,0,0,0,3,1,1,5,1000,0,0,0,0,0,0,0,0,0,0,0,0,0,0,0,0,0,0,0,0,0,0,0,0,0,0,0,0,0,0,0,0,0,0,0,0,0,0,0,0,0,0,0,0,0,0,0,0,0,0,0
1986,28,1,36,5.885,2,7,0,-1,1,0,1,1,25,0,0,0,1028,0,0,0,0,0,1,1,0,0,0,-253.1338451,0,0,0,0,3,1,1,5,10,0,0,0,3,1,1,5,1000,0,0,0,0,0,0,0,0,0,0,0,0,0,0,0,0,0,0,0,0,0,0,0,0,0,0,0,0,0,0,0,0,0,0,0,0,0,0,0,0,0,0,0,0,0,0,0,0,0,0,0
1986,28,1,37,41.885,2,7,0,-1,1,0,1,1,25,0,0,0,1028,0,0,0,0,0,1,1,0,0,0,-253.220715,0,0,0,0,3,1,1,5,10,0,0,0,3,1,1,5,1000,0,0,0,0,0,0,0,0,0,0,0,0,0,0,0,0,0,0,0,0,0,0,0,0,0,0,0,0,0,0,0,0,0,0,0,0,0,0,0,0,0,0,0,0,0,0,0,0,0,0,0
1986,28,1,39,17.885,2,7,0,-1,1,0,1,1,25,0,0,0,1028,0,0,0,0,0,1,1,0,0,0,-253.3075844,0,0,0,0,3,1,1,5,10,0,0,0,3,1,1,5,1000,0,0,0,0,0,0,0,0,0,0,0,0,0,0,0,0,0,0,0,0,0,0,0,0,0,0,0,0,0,0,0,0,0,0,0,0,0,0,0,0,0,0,0,0,0,0,0,0,0,0,0
1986,28,1,43,17.884,2,7,0,-1,1,0,1,1,25,0,0,0,1028,0,0,0,0,0,1,1,0,0,0,-253.5247577,0,0,0,0,3,1,1,5,10,0,0,0,3,1,1,5,1000,0,0,0,0,0,0,0,0,0,0,0,0,0,0,0,0,0,0,0,0,0,0,0,0,0,0,0,0,0,0,0,0,0,0,0,0,0,0,0,0,0,0,0,0,0,0,0,0,0,0,0
1986,28,1,44,53.884,2,7,0,-1,1,0,1,1,25,0,0,0,1028,0,0,0,0,0,1,1,0,0,0,-253.6116269,0,0,0,0,3,1,1,5,10,0,0,0,3,1,1,5,1000,0,0,0,0,0,0,0,0,0,0,0,0,0,0,0,0,0,0,0,0,0,0,0,0,0,0,0,0,0,0,0,0,0,0,0,0,0,0,0,0,0,0,0,0,0,0,0,0,0,0,0
1986,28,1,46,29.884,2,7,0,-1,1,0,1,1,25,0,0,0,1028,0,0,0,0,0,1,1,0,0,0,-253.698496,0,0,0,0,3,1,1,5,10,0,0,0,3,1,1,5,1000,0,0,0,0,0,0,0,0,0,0,0,0,0,0,0,0,0,0,0,0,0,0,0,0,0,0,0,0,0,0,0,0,0,0,0,0,0,0,0,0,0,0,0,0,0,0,0,0,0,0,0
1986,28,1,48,5.884,2,7,0,-1,1,0,1,1,25,0,0,0,1028,0,0,0,0,0,1,1,0,0,0,-253.7853649,0,0,0,0,3,1,1,5,10,0,0,0,3,1,1,5,1000,0,0,0,0,0,0,0,0,0,0,0,0,0,0,0,0,0,0,0,0,0,0,0,0,0,0,0,0,0,0,0,0,0,0,0,0,0,0,0,0,0,0,0,0,0,0,0,0,0,0,0
1986,28,1,49,41.884,2,7,0,-1,1,0,1,1,25,0,0,0,1028,0,0,0,0,0,1,1,0,0,0,-253.8722336,0,0,0,0,3,1,1,5,10,0,0,0,3,1,1,5,1000,0,0,0,0,0,0,0,0,0,0,0,0,0,0,0,0,0,0,0,0,0,0,0,0,0,0,0,0,0,0,0,0,0,0,0,0,0,0,0,0,0,0,0,0,0,0,0,0,0,0,0
1986,28,1,51,17.884,2,7,0,-1,1,0,1,1,25,0,0,0,1028,0,0,0,0,0,1,1,0,0,0,-253.9591022,0,0,0,0,3,1,1,5,10,0,0,0,3,1,1,5,1000,0,0,0,0,0,0,0,0,0,0,0,0,0,0,0,0,0,0,0,0,0,0,0,0,0,0,0,0,0,0,0,0,0,0,0,0,0,0,0,0,0,0,0,0,0,0,0,0,0,0,0
1986,28,1,55,17.883,2,7,0,-1,1,0,1,1,25,0,0,0,1028,0,0,0,0,0,1,1,0,0,0,-254.176272,0,0,0,0,3,1,1,5,10,0,0,0,3,1,1,5,1000,0,0,0,0,0,0,0,0,0,0,0,0,0,0,0,0,0,0,0,0,0,0,0,0,0,0,0,0,0,0,0,0,0,0,0,0,0,0,0,0,0,0,0,0,0,0,0,0,0,0,0
1986,28,1,56,53.883,2,7,0,-1,1,0,1,1,25,0,0,0,1028,0,0,0,0,0,1,1,0,0,0,-254.2631401,0,0,0,0,3,1,1,5,10,0,0,0,3,1,1,5,1000,0,0,0,0,0,0,0,0,0,0,0,0,0,0,0,0,0,0,0,0,0,0,0,0,0,0,0,0,0,0,0,0,0,0,0,0,0,0,0,0,0,0,0,0,0,0,0,0,0,0,0
1986,28,1,58,29.883,2,7,0,-1,1,0,1,1,25,0,0,0,1028,0,0,0,0,0,1,1,0,0,0,-254.3500079,0,0,0,0,3,1,1,5,10,0,0,0,3,1,1,5,1000,0,0,0,0,0,0,0,0,0,0,0,0,0,0,0,0,0,0,0,0,0,0,0,0,0,0,0,0,0,0,0,0,0,0,0,0,0,0,0,0,0,0,0,0,0,0,0,0,0,0,0
1986,28,2,0,5.883,2,7,0,-1,1,0,1,1,25,0,0,0,1028,0,0,0,0,0,1,1,0,0,0,-254.4368756,0,0,0,0,3,1,1,5,10,0,0,0,3,1,1,5,1000,0,0,0,0,0,0,0,0,0,0,0,0,0,0,0,0,0,0,0,0,0,0,0,0,0,0,0,0,0,0,0,0,0,0,0,0,0,0,0,0,0,0,0,0,0,0,0,0,0,0,0
1986,28,2,1,41.883,2,7,0,-1,1,0,1,1,25,0,0,0,1028,0,0,0,0,0,1,1,0,0,0,-254.5237431,0,0,0,0,3,1,1,5,10,0,0,0,3,1,1,5,1000,0,0,0,0,0,0,0,0,0,0,0,0,0,0,0,0,0,0,0,0,0,0,0,0,0,0,0,0,0,0,0,0,0,0,0,0,0,0,0,0,0,0,0,0,0,0,0,0,0,0,0
1986,28,2,3,17.883,2,7,0,-1,1,0,1,1,25,0,0,0,1028,0,0,0,0,0,1,1,0,0,0,-254.6106105,0,0,0,0,3,1,1,5,10,0,0,0,3,1,1,5,1000,0,0,0,0,0,0,0,0,0,0,0,0,0,0,0,0,0,0,0,0,0,0,0,0,0,0,0,0,0,0,0,0,0,0,0,0,0,0,0,0,0,0,0,0,0,0,0,0,0,0,0
1986,28,2,7,17.883,2,7,0,-1,1,0,1,1,25,0,0,0,1028,0,0,0,0,0,1,1,0,0,0,-254.8277782,0,0,0,0,3,1,1,5,10,0,0,0,3,1,1,5,1000,0,0,0,0,0,0,0,0,0,0,0,0,0,0,0,0,0,0,0,0,0,0,0,0,0,0,0,0,0,0,0,0,0,0,0,0,0,0,0,0,0,0,0,0,0,0,0,0,0,0,0
1986,28,2,8,53.883,2,7,0,-1,1,0,1,1,25,0,0,0,1028,0,0,0,0,0,1,1,0,0,0,-254.914645,0,0,0,0,3,1,1,5,10,0,0,0,3,1,1,5,1000,0,0,0,0,0,0,0,0,0,0,0,0,0,0,0,0,0,0,0,0,0,0,0,0,0,0,0,0,0,0,0,0,0,0,0,0,0,0,0,0,0,0,0,0,0,0,0,0,0,0,0
1986,28,2,10,29.882,2,7,0,-1,1,0,1,1,25,0,0,0,1028,0,0,0,0,0,1,1,0,0,0,-255.0015108,0,0,0,0,3,1,1,5,10,0,0,0,3,1,1,5,1000,0,0,0,0,0,0,0,0,0,0,0,0,0,0,0,0,0,0,0,0,0,0,0,0,0,0,0,0,0,0,0,0,0,0,0,0,0,0,0,0,0,0,0,0,0,0,0,0,0,0,0
1986,28,2,12,5.882,2,7,0,-1,1,0,1,1,25,0,0,0,1028,0,0,0,0,0,1,1,0,0,0,-255.0883772,0,0,0,0,3,1,1,5,10,0,0,0,3,1,1,5,1000,0,0,0,0,0,0,0,0,0,0,0,0,0,0,0,0,0,0,0,0,0,0,0,0,0,0,0,0,0,0,0,0,0,0,0,0,0,0,0,0,0,0,0,0,0,0,0,0,0,0,0
1986,28,2,15,17.882,2,7,0,-1,1,0,1,1,25,0,0,0,1028,0,0,0,0,0,1,1,0,0,0,-255.2621097,0,0,0,0,3,1,1,5,10,0,0,0,3,1,1,5,1000,0,0,0,0,0,0,0,0,0,0,0,0,0,0,0,0,0,0,0,0,0,0,0,0,0,0,0,0,0,0,0,0,0,0,0,0,0,0,0,0,0,0,0,0,0,0,0,0,0,0,0
1986,28,2,19,17.882,2,7,0,-1,1,0,1,1,25,0,0,0,1028,0,0,0,0,0,1,1,0,0,0,-255.4792744,0,0,0,0,3,1,1,5,10,0,0,0,3,1,1,5,1000,0,0,0,0,0,0,0,0,0,0,0,0,0,0,0,0,0,0,0,0,0,0,0,0,0,0,0,0,0,0,0,0,0,0,0,0,0,0,0,0,0,0,0,0,0,0,0,0,0,0,0
1986,28,2,20,53.882,2,7,0,-1,1,0,1,1,25,0,0,0,1028,0,0,0,0,0,1,1,0,0,0,-255.56614,0,0,0,0,3,1,1,5,10,0,0,0,3,1,1,5,1000,0,0,0,0,0,0,0,0,0,0,0,0,0,0,0,0,0,0,0,0,0,0,0,0,0,0,0,0,0,0,0,0,0,0,0,0,0,0,0,0,0,0,0,0,0,0,0,0,0,0,0
1986,28,2,22,29.882,2,7,0,-1,1,0,1,1,25,0,0,0,1028,0,0,0,0,0,1,1,0,0,0,-255.6530055,0,0,0,0,3,1,1,5,10,0,0,0,3,1,1,5,1000,0,0,0,0,0,0,0,0,0,0,0,0,0,0,0,0,0,0,0,0,0,0,0,0,0,0,0,0,0,0,0,0,0,0,0,0,0,0,0,0,0,0,0,0,0,0,0,0,0,0,0
1986,28,2,25,41.881,2,7,0,-1,1,0,1,1,25,0,0,0,1028,0,0,0,0,0,1,1,0,0,0,-255.826735,0,0,0,0,3,1,1,5,10,0,0,0,3,1,1,5,1000,0,0,0,0,0,0,0,0,0,0,0,0,0,0,0,0,0,0,0,0,0,0,0,0,0,0,0,0,0,0,0,0,0,0,0,0,0,0,0,0,0,0,0,0,0,0,0,0,0,0,0
1986,28,2,27,17.881,2,7,0,-1,1,0,1,1,25,0,0,0,1028,0,0,0,0,0,1,1,0,0,0,-255.9135995,0,0,0,0,3,1,1,5,10,0,0,0,3,1,1,5,1000,0,0,0,0,0,0,0,0,0,0,0,0,0,0,0,0,0,0,0,0,0,0,0,0,0,0,0,0,0,0,0,0,0,0,0,0,0,0,0,0,0,0,0,0,0,0,0,0,0,0,0
1986,28,2,31,17.881,2,7,0,-1,1,0,1,1,25,0,0,0,1028,0,0,0,0,0,1,1,0,0,0,-256.1307616,0,0,0,0,3,1,1,5,10,0,0,0,3,1,1,5,1000,0,0,0,0,0,0,0,0,0,0,0,0,0,0,0,0,0,0,0,0,0,0,0,0,0,0,0,0,0,0,0,0,0,0,0,0,0,0,0,0,0,0,0,0,0,0,0,0,0,0,0
1986,28,2,32,53.881,2,7,0,-1,1,0,1,1,25,0,0,0,1028,0,0,0,0,0,1,1,0,0,0,-256.217626,0,0,0,0,3,1,1,5,10,0,0,0,3,1,1,5,1000,0,0,0,0,0,0,0,0,0,0,0,0,0,0,0,0,0,0,0,0,0,0,0,0,0,0,0,0,0,0,0,0,0,0,0,0,0,0,0,0,0,0,0,0,0,0,0,0,0,0,0
1986,28,2,34,29.881,2,7,0,-1,1,0,1,1,25,0,0,0,1028,0,0,0,0,0,1,1,0,0,0,-256.3044903,0,0,0,0,3,1,1,5,10,0,0,0,3,1,1,5,1000,0,0,0,0,0,0,0,0,0,0,0,0,0,0,0,0,0,0,0,0,0,0,0,0,0,0,0,0,0,0,0,0,0,0,0,0,0,0,0,0,0,0,0,0,0,0,0,0,0,0,0
1986,28,2,36,5.881,2,7,0,-1,1,0,1,1,25,0,0,0,1028,0,0,0,0,0,1,1,0,0,0,-256.3913544,0,0,0,0,3,1,1,5,10,0,0,0,3,1,1,5,1000,0,0,0,0,0,0,0,0,0,0,0,0,0,0,0,0,0,0,0,0,0,0,0,0,0,0,0,0,0,0,0,0,0,0,0,0,0,0,0,0,0,0,0,0,0,0,0,0,0,0,0
1986,28,2,37,41.881,2,7,0,-1,1,0,1,1,25,0,0,0,1028,0,0,0,0,0,1,1,0,0,0,-256.4782183,0,0,0,0,3,1,1,5,10,0,0,0,3,1,1,5,1000,0,0,0,0,0,0,0,0,0,0,0,0,0,0,0,0,0,0,0,0,0,0,0,0,0,0,0,0,0,0,0,0,0,0,0,0,0,0,0,0,0,0,0,0,0,0,0,0,0,0,0
1986,28,2,39,17.881,2,7,0,-1,1,0,1,1,25,0,0,0,1028,0,0,0,0,0,1,1,0,0,0,-256.5650816,0,0,0,0,3,1,1,5,10,0,0,0,3,1,1,5,1000,0,0,0,0,0,0,0,0,0,0,0,0,0,0,0,0,0,0,0,0,0,0,0,0,0,0,0,0,0,0,0,0,0,0,0,0,0,0,0,0,0,0,0,0,0,0,0,0,0,0,0
1986,28,2,43,17.88,2,7,0,-1,1,0,1,1,25,0,0,0,1028,0,0,0,0,0,1,1,0,0,0,-256.7822399,0,0,0,0,3,1,1,5,10,0,0,0,3,1,1,5,1000,0,0,0,0,0,0,0,0,0,0,0,0,0,0,0,0,0,0,0,0,0,0,0,0,0,0,0,0,0,0,0,0,0,0,0,0,0,0,0,0,0,0,0,0,0,0,0,0,0,0,0
1986,28,2,44,53.88,2,7,0,-1,1,0,1,1,25,0,0,0,1028,0,0,0,0,0,1,1,0,0,0,-256.8691031,0,0,0,0,3,1,1,5,10,0,0,0,3,1,1,5,1000,0,0,0,0,0,0,0,0,0,0,0,0,0,0,0,0,0,0,0,0,0,0,0,0,0,0,0,0,0,0,0,0,0,0,0,0,0,0,0,0,0,0,0,0,0,0,0,0,0,0,0
1986,28,2,46,29.88,2,7,0,-1,1,0,1,1,25,0,0,0,1028,0,0,0,0,0,1,1,0,0,0,-256.9559661,0,0,0,0,3,1,1,5,10,0,0,0,3,1,1,5,1000,0,0,0,0,0,0,0,0,0,0,0,0,0,0,0,0,0,0,0,0,0,0,0,0,0,0,0,0,0,0,0,0,0,0,0,0,0,0,0,0,0,0,0,0,0,0,0,0,0,0,0
1986,28,2,48,5.88,2,7,0,-1,1,0,1,1,25,0,0,0,1028,0,0,0,0,0,1,1,0,0,0,-257.042829,0,0,0,0,3,1,1,5,10,0,0,0,3,1,1,5,1000,0,0,0,0,0,0,0,0,0,0,0,0,0,0,0,0,0,0,0,0,0,0,0,0,0,0,0,0,0,0,0,0,0,0,0,0,0,0,0,0,0,0,0,0,0,0,0,0,0,0,0
1986,28,2,49,41.88,2,7,0,-1,1,0,1,1,25,0,0,0,1028,0,0,0,0,0,1,1,0,0,0,-257.1296918,0,0,0,0,3,1,1,5,10,0,0,0,3,1,1,5,1000,0,0,0,0,0,0,0,0,0,0,0,0,0,0,0,0,0,0,0,0,0,0,0,0,0,0,0,0,0,0,0,0,0,0,0,0,0,0,0,0,0,0,0,0,0,0,0,0,0,0,0
1986,28,2,51,17.88,2,7,0,-1,1,0,1,1,25,0,0,0,1028,0,0,0,0,0,1,1,0,0,0,-257.2165543,0,0,0,0,3,1,1,5,10,0,0,0,3,1,1,5,1000,0,0,0,0,0,0,0,0,0,0,0,0,0,0,0,0,0,0,0,0,0,0,0,0,0,0,0,0,0,0,0,0,0,0,0,0,0,0,0,0,0,0,0,0,0,0,0,0,0,0,0
1986,28,2,55,17.879,2,7,0,-1,1,0,1,1,25,0,0,0,1028,0,0,0,0,0,1,1,0,0,0,-257.4337092,0,0,0,0,3,1,1,5,10,0,0,0,3,1,1,5,1000,0,0,0,0,0,0,0,0,0,0,0,0,0,0,0,0,0,0,0,0,0,0,0,0,0,0,0,0,0,0,0,0,0,0,0,0,0,0,0,0,0,0,0,0,0,0,0,0,0,0,0
1986,28,2,56,53.879,2,7,0,-1,1,0,1,1,25,0,0,0,1028,0,0,0,0,0,1,1,0,0,0,-257.5205712,0,0,0,0,3,1,1,5,10,0,0,0,3,1,1,5,1000,0,0,0,0,0,0,0,0,0,0,0,0,0,0,0,0,0,0,0,0,0,0,0,0,0,0,0,0,0,0,0,0,0,0,0,0,0,0,0,0,0,0,0,0,0,0,0,0,0,0,0
1986,28,2,58,29.879,2,7,0,-1,1,0,1,1,25,0,0,0,1028,0,0,0,0,0,1,1,0,0,0,-257.6074331,0,0,0,0,3,1,1,5,10,0,0,0,3,1,1,5,1000,0,0,0,0,0,0,0,0,0,0,0,0,0,0,0,0,0,0,0,0,0,0,0,0,0,0,0,0,0,0,0,0,0,0,0,0,0,0,0,0,0,0,0,0,0,0,0,0,0,0,0
1986,28,3,0,5.879,2,7,0,-1,1,0,1,1,25,0,0,0,1028,0,0,0,0,0,1,1,0,0,0,-257.6942948,0,0,0,0,3,1,1,5,10,0,0,0,3,1,1,5,1000,0,0,0,0,0,0,0,0,0,0,0,0,0,0,0,0,0,0,0,0,0,0,0,0,0,0,0,0,0,0,0,0,0,0,0,0,0,0,0,0,0,0,0,0,0,0,0,0,0,0,0
1986,28,3,1,41.879,2,7,0,-1,1,0,1,1,25,0,0,0,1028,0,0,0,0,0,1,1,0,0,0,-257.7811563,0,0,0,0,3,1,1,5,10,0,0,0,3,1,1,5,1000,0,0,0,0,0,0,0,0,0,0,0,0,0,0,0,0,0,0,0,0,0,0,0,0,0,0,0,0,0,0,0,0,0,0,0,0,0,0,0,0,0,0,0,0,0,0,0,0,0,0,0
1986,28,3,3,17.878,2,7,0,-1,1,0,1,1,25,0,0,0,1028,0,0,0,0,0,1,1,0,0,0,-257.8680164,0,0,0,0,3,1,1,5,10,0,0,0,3,1,1,5,1000,0,0,0,0,0,0,0,0,0,0,0,0,0,0,0,0,0,0,0,0,0,0,0,0,0,0,0,0,0,0,0,0,0,0,0,0,0,0,0,0,0,0,0,0,0,0,0,0,0,0,0
1986,28,3,7,17.879,2,7,0,-1,1,0,1,1,25,0,0,0,1028,0,0,0,0,0,1,1,0,0,0,-258.0851705,0,0,0,0,3,1,1,5,10,0,0,0,3,1,1,5,1000,0,0,0,0,0,0,0,0,0,0,0,0,0,0,0,0,0,0,0,0,0,0,0,0,0,0,0,0,0,0,0,0,0,0,0,0,0,0,0,0,0,0,0,0,0,0,0,0,0,0,0
1986,28,3,8,53.879,2,7,0,-1,1,0,1,1,25,0,0,0,1028,0,0,0,0,0,1,1,0,0,0,-258.1720313,0,0,0,0,3,1,1,5,10,0,0,0,3,1,1,5,1000,0,0,0,0,0,0,0,0,0,0,0,0,0,0,0,0,0,0,0,0,0,0,0,0,0,0,0,0,0,0,0,0,0,0,0,0,0,0,0,0,0,0,0,0,0,0,0,0,0,0,0
1986,28,3,10,29.878,2,7,0,-1,1,0,1,1,25,0,0,0,1028,0,0,0,0,0,1,1,0,0,0,-258.2588911,0,0,0,0,3,1,1,5,10,0,0,0,3,1,1,5,1000,0,0,0,0,0,0,0,0,0,0,0,0,0,0,0,0,0,0,0,0,0,0,0,0,0,0,0,0,0,0,0,0,0,0,0,0,0,0,0,0,0,0,0,0,0,0,0,0,0,0,0
1986,28,3,12,5.878,2,7,0,-1,1,0,1,1,25,0,0,0,1028,0,0,0,0,0,1,1,0,0,0,-258.3457516,0,0,0,0,3,1,1,5,10,0,0,0,3,1,1,5,1000,0,0,0,0,0,0,0,0,0,0,0,0,0,0,0,0,0,0,0,0,0,0,0,0,0,0,0,0,0,0,0,0,0,0,0,0,0,0,0,0,0,0,0,0,0,0,0,0,0,0,0
1986,28,3,13,41.878,2,7,0,-1,1,0,1,1,25,0,0,0,1028,0,0,0,0,0,1,1,0,0,0,-258.432612,0,0,0,0,3,1,1,5,10,0,0,0,3,1,1,5,1000,0,0,0,0,0,0,0,0,0,0,0,0,0,0,0,0,0,0,0,0,0,0,0,0,0,0,0,0,0,0,0,0,0,0,0,0,0,0,0,0,0,0,0,0,0,0,0,0,0,0,0
1986,28,3,15,17.878,2,7,0,-1,1,0,1,1,25,0,0,0,1028,0,0,0,0,0,1,1,0,0,0,-258.5194722,0,0,0,0,3,1,1,5,10,0,0,0,3,1,1,5,1000,0,0,0,0,0,0,0,0,0,0,0,0,0,0,0,0,0,0,0,0,0,0,0,0,0,0,0,0,0,0,0,0,0,0,0,0,0,0,0,0,0,0,0,0,0,0,0,0,0,0,0
1986,28,3,19,17.878,2,7,0,-1,1,0,1,1,25,0,0,0,1028,0,0,0,0,0,1,1,0,0,0,-258.7366221,0,0,0,0,3,1,1,5,10,0,0,0,3,1,1,5,1000,0,0,0,0,0,0,0,0,0,0,0,0,0,0,0,0,0,0,0,0,0,0,0,0,0,0,0,0,0,0,0,0,0,0,0,0,0,0,0,0,0,0,0,0,0,0,0,0,0,0,0
1986,28,3,20,53.878,2,7,0,-1,1,0,1,1,25,0,0,0,1028,0,0,0,0,0,1,1,0,0,0,-258.8234817,0,0,0,0,3,1,1,5,10,0,0,0,3,1,1,5,1000,0,0,0,0,0,0,0,0,0,0,0,0,0,0,0,0,0,0,0,0,0,0,0,0,0,0,0,0,0,0,0,0,0,0,0,0,0,0,0,0,0,0,0,0,0,0,0,0,0,0,0
1986,28,3,22,29.878,2,7,0,-1,1,0,1,1,25,0,0,0,1028,0,0,0,0,0,1,1,0,0,0,-258.9103412,0,0,0,0,3,1,1,5,10,0,0,0,3,1,1,5,1000,0,0,0,0,0,0,0,0,0,0,0,0,0,0,0,0,0,0,0,0,0,0,0,0,0,0,0,0,0,0,0,0,0,0,0,0,0,0,0,0,0,0,0,0,0,0,0,0,0,0,0
1986,28,3,24,5.878,2,7,0,-1,1,0,1,1,25,0,0,0,1028,0,0,0,0,0,1,1,0,0,0,-258.9972006,0,0,0,0,3,1,1,5,10,0,0,0,3,1,1,5,1000,0,0,0,0,0,0,0,0,0,0,0,0,0,0,0,0,0,0,0,0,0,0,0,0,0,0,0,0,0,0,0,0,0,0,0,0,0,0,0,0,0,0,0,0,0,0,0,0,0,0,0
1986,28,3,25,41.877,2,7,0,-1,1,0,1,1,25,0,0,0,1028,0,0,0,0,0,1,1,0,0,0,-259.0840589,0,0,0,0,3,1,1,5,10,0,0,0,3,1,1,5,1000,0,0,0,0,0,0,0,0,0,0,0,0,0,0,0,0,0,0,0,0,0,0,0,0,0,0,0,0,0,0,0,0,0,0,0,0,0,0,0,0,0,0,0,0,0,0,0,0,0,0,0
1986,28,3,27,17.877,2,7,0,-1,1,0,1,1,25,0,0,0,1028,0,0,0,0,0,1,1,0,0,0,-259.1709179,0,0,0,0,3,1,1,5,10,0,0,0,3,1,1,5,1000,0,0,0,0,0,0,0,0,0,0,0,0,0,0,0,0,0,0,0,0,0,0,0,0,0,0,0,0,0,0,0,0,0,0,0,0,0,0,0,0,0,0,0,0,0,0,0,0,0,0,0
1986,28,3,31,17.877,2,7,0,-1,1,0,1,1,25,0,0,0,1028,0,0,0,0,0,1,1,0,0,0,-259.3880648,0,0,0,0,3,1,1,5,10,0,0,0,3,1,1,5,1000,0,0,0,0,0,0,0,0,0,0,0,0,0,0,0,0,0,0,0,0,0,0,0,0,0,0,0,0,0,0,0,0,0,0,0,0,0,0,0,0,0,0,0,0,0,0,0,0,0,0,0
1986,28,3,32,53.877,2,7,0,-1,1,0,1,1,25,0,0,0,1028,0,0,0,0,0,1,1,0,0,0,-259.4749233,0,0,0,0,3,1,1,5,10,0,0,0,3,1,1,5,1000,0,0,0,0,0,0,0,0,0,0,0,0,0,0,0,0,0,0,0,0,0,0,0,0,0,0,0,0,0,0,0,0,0,0,0,0,0,0,0,0,0,0,0,0,0,0,0,0,0,0,0
1986,28,3,34,29.877,2,7,0,-1,1,0,1,1,25,0,0,0,1028,0,0,0,0,0,1,1,0,0,0,-259.5617816,0,0,0,0,3,1,1,5,10,0,0,0,3,1,1,5,1000,0,0,0,0,0,0,0,0,0,0,0,0,0,0,0,0,0,0,0,0,0,0,0,0,0,0,0,0,0,0,0,0,0,0,0,0,0,0,0,0,0,0,0,0,0,0,0,0,0,0,0
1986,28,3,36,5.877,2,7,0,-1,1,0,1,1,25,0,0,0,1028,0,0,0,0,0,1,1,0,0,0,-259.6486398,0,0,0,0,3,1,1,5,10,0,0,0,3,1,1,5,1000,0,0,0,0,0,0,0,0,0,0,0,0,0,0,0,0,0,0,0,0,0,0,0,0,0,0,0,0,0,0,0,0,0,0,0,0,0,0,0,0,0,0,0,0,0,0,0,0,0,0,0
1986,28,3,37,41.877,2,7,0,-1,1,0,1,1,25,0,0,0,1028,0,0,0,0,0,1,1,0,0,0,-259.7354978,0,0,0,0,3,1,1,5,10,0,0,0,3,1,1,5,1000,0,0,0,0,0,0,0,0,0,0,0,0,0,0,0,0,0,0,0,0,0,0,0,0,0,0,0,0,0,0,0,0,0,0,0,0,0,0,0,0,0,0,0,0,0,0,0,0,0,0,0
1986,28,3,39,17.877,2,7,0,-1,1,0,1,1,25,0,0,0,1028,0,0,0,0,0,1,1,0,0,0,-259.8223557,0,0,0,0,3,1,1,5,10,0,0,0,3,1,1,5,1000,0,0,0,0,0,0,0,0,0,0,0,0,0,0,0,0,0,0,0,0,0,0,0,0,0,0,0,0,0,0,0,0,0,0,0,0,0,0,0,0,0,0,0,0,0,0,0,0,0,0,0
1986,28,3,43,17.876,2,7,0,-1,1,0,1,1,25,0,0,0,1028,0,0,0,0,0,1,1,0,0,0,-260.0394988,0,0,0,0,3,1,1,5,10,0,0,0,3,1,1,5,1000,0,0,0,0,0,0,0,0,0,0,0,0,0,0,0,0,0,0,0,0,0,0,0,0,0,0,0,0,0,0,0,0,0,0,0,0,0,0,0,0,0,0,0,0,0,0,0,0,0,0,0
1986,28,3,44,53.876,2,7,0,-1,1,0,1,1,25,0,0,0,1028,0,0,0,0,0,1,1,0,0,0,-260.1263561,0,0,0,0,3,1,1,5,10,0,0,0,3,1,1,5,1000,0,0,0,0,0,0,0,0,0,0,0,0,0,0,0,0,0,0,0,0,0,0,0,0,0,0,0,0,0,0,0,0,0,0,0,0,0,0,0,0,0,0,0,0,0,0,0,0,0,0,0
1986,28,3,46,29.876,2,7,0,-1,1,0,1,1,25,0,0,0,1028,0,0,0,0,0,1,1,0,0,0,-260.2132133,0,0,0,0,3,1,1,5,10,0,0,0,3,1,1,5,1000,0,0,0,0,0,0,0,0,0,0,0,0,0,0,0,0,0,0,0,0,0,0,0,0,0,0,0,0,0,0,0,0,0,0,0,0,0,0,0,0,0,0,0,0,0,0,0,0,0,0,0
1986,28,3,48,5.876,2,7,0,-1,1,0,1,1,25,0,0,0,1028,0,0,0,0,0,1,1,0,0,0,-260.3000703,0,0,0,0,3,1,1,5,10,0,0,0,3,1,1,5,1000,0,0,0,0,0,0,0,0,0,0,0,0,0,0,0,0,0,0,0,0,0,0,0,0,0,0,0,0,0,0,0,0,0,0,0,0,0,0,0,0,0,0,0,0,0,0,0,0,0,0,0
1986,28,3,49,41.876,2,7,0,-1,1,0,1,1,25,0,0,0,1028,0,0,0,0,0,1,1,0,0,0,-260.3869271,0,0,0,0,3,1,1,5,10,0,0,0,3,1,1,5,1000,0,0,0,0,0,0,0,0,0,0,0,0,0,0,0,0,0,0,0,0,0,0,0,0,0,0,0,0,0,0,0,0,0,0,0,0,0,0,0,0,0,0,0,0,0,0,0,0,0,0,0
1986,28,3,51,17.876,2,7,0,-1,1,0,1,1,25,0,0,0,1028,0,0,0,0,0,1,1,0,0,0,-260.4737838,0,0,0,0,3,1,1,5,10,0,0,0,3,1,1,5,1000,0,0,0,0,0,0,0,0,0,0,0,0,0,0,0,0,0,0,0,0,0,0,0,0,0,0,0,0,0,0,0,0,0,0,0,0,0,0,0,0,0,0,0,0,0,0,0,0,0,0,0
1986,28,3,55,17.876,2,7,0,-1,1,0,1,1,25,0,0,0,1028,0,0,0,0,0,1,1,0,0,0,-260.6909244,0,0,0,0,3,1,1,5,10,0,0,0,3,1,1,5,1000,0,0,0,0,0,0,0,0,0,0,0,0,0,0,0,0,0,0,0,0,0,0,0,0,0,0,0,0,0,0,0,0,0,0,0,0,0,0,0,0,0,0,0,0,0,0,0,0,0,0,0
1986,28,3,56,53.875,2,7,0,-1,1,0,1,1,25,0,0,0,1028,0,0,0,0,0,1,1,0,0,0,-260.7777802,0,0,0,0,3,1,1,5,10,0,0,0,3,1,1,5,1000,0,0,0,0,0,0,0,0,0,0,0,0,0,0,0,0,0,0,0,0,0,0,0,0,0,0,0,0,0,0,0,0,0,0,0,0,0,0,0,0,0,0,0,0,0,0,0,0,0,0,0
1986,28,3,58,29.875,2,7,0,-1,1,0,1,1,25,0,0,0,1028,0,0,0,0,0,1,1,0,0,0,-260.8646362,0,0,0,0,3,1,1,5,10,0,0,0,3,1,1,5,1000,0,0,0,0,0,0,0,0,0,0,0,0,0,0,0,0,0,0,0,0,0,0,0,0,0,0,0,0,0,0,0,0,0,0,0,0,0,0,0,0,0,0,0,0,0,0,0,0,0,0,0
1986,28,4,0,5.875,2,7,0,-1,1,0,1,1,25,0,0,0,1028,0,0,0,0,0,1,1,0,0,0,-260.951492,0,0,0,0,3,1,1,5,10,0,0,0,3,1,1,5,1000,0,0,0,0,0,0,0,0,0,0,0,0,0,0,0,0,0,0,0,0,0,0,0,0,0,0,0,0,0,0,0,0,0,0,0,0,0,0,0,0,0,0,0,0,0,0,0,0,0,0,0
1986,28,4,1,41.875,2,7,0,-1,1,0,1,1,25,0,0,0,1028,0,0,0,0,0,1,1,0,0,0,-261.0383477,0,0,0,0,3,1,1,5,10,0,0,0,3,1,1,5,1000,0,0,0,0,0,0,0,0,0,0,0,0,0,0,0,0,0,0,0,0,0,0,0,0,0,0,0,0,0,0,0,0,0,0,0,0,0,0,0,0,0,0,0,0,0,0,0,0,0,0,0
1986,28,4,3,17.875,2,7,0,-1,1,0,1,1,25,0,0,0,1028,0,0,0,0,0,1,1,0,0,0,-261.1252032,0,0,0,0,3,1,1,5,10,0,0,0,3,1,1,5,1000,0,0,0,0,0,0,0,0,0,0,0,0,0,0,0,0,0,0,0,0,0,0,0,0,0,0,0,0,0,0,0,0,0,0,0,0,0,0,0,0,0,0,0,0,0,0,0,0,0,0,0
1986,28,4,7,17.875,2,7,0,-1,1,0,1,1,25,0,0,0,1028,0,0,0,0,0,1,1,0,0,0,-261.3423414,0,0,0,0,3,1,1,5,10,0,0,0,3,1,1,5,1000,0,0,0,0,0,0,0,0,0,0,0,0,0,0,0,0,0,0,0,0,0,0,0,0,0,0,0,0,0,0,0,0,0,0,0,0,0,0,0,0,0,0,0,0,0,0,0,0,0,0,0
1986,28,4,8,53.875,2,7,0,-1,1,0,1,1,25,0,0,0,1028,0,0,0,0,0,1,1,0,0,0,-261.4291964,0,0,0,0,3,1,1,5,10,0,0,0,3,1,1,5,1000,0,0,0,0,0,0,0,0,0,0,0,0,0,0,0,0,0,0,0,0,0,0,0,0,0,0,0,0,0,0,0,0,0,0,0,0,0,0,0,0,0,0,0,0,0,0,0,0,0,0,0
1986,28,4,10,29.875,2,7,0,-1,1,0,1,1,25,0,0,0,1028,0,0,0,0,0,1,1,0,0,0,-261.5160508,0,0,0,0,3,1,1,5,10,0,0,0,3,1,1,5,1000,0,0,0,0,0,0,0,0,0,0,0,0,0,0,0,0,0,0,0,0,0,0,0,0,0,0,0,0,0,0,0,0,0,0,0,0,0,0,0,0,0,0,0,0,0,0,0,0,0,0,0
1986,28,4,12,5.874,2,7,0,-1,1,0,1,1,25,0,0,0,1028,0,0,0,0,0,1,1,0,0,0,-261.6029051,0,0,0,0,3,1,1,5,10,0,0,0,3,1,1,5,1000,0,0,0,0,0,0,0,0,0,0,0,0,0,0,0,0,0,0,0,0,0,0,0,0,0,0,0,0,0,0,0,0,0,0,0,0,0,0,0,0,0,0,0,0,0,0,0,0,0,0,0
1986,28,4,13,41.874,2,7,0,-1,1,0,1,1,25,0,0,0,1028,0,0,0,0,0,1,1,0,0,0,-261.6897596,0,0,0,0,3,1,1,5,10,0,0,0,3,1,1,5,1000,0,0,0,0,0,0,0,0,0,0,0,0,0,0,0,0,0,0,0,0,0,0,0,0,0,0,0,0,0,0,0,0,0,0,0,0,0,0,0,0,0,0,0,0,0,0,0,0,0,0,0
1986,28,4,15,17.873,2,7,0,-1,1,0,1,1,25,0,0,0,1028,0,0,0,0,0,1,1,0,0,0,-261.7766131,0,0,0,0,3,1,1,5,10,0,0,0,3,1,1,5,1000,0,0,0,0,0,0,0,0,0,0,0,0,0,0,0,0,0,0,0,0,0,0,0,0,0,0,0,0,0,0,0,0,0,0,0,0,0,0,0,0,0,0,0,0,0,0,0,0,0,0,0
1986,28,4,19,17.874,2,7,0,-1,1,0,1,1,25,0,0,0,1028,0,0,0,0,0,1,1,0,0,0,-261.9937493,0,0,0,0,3,1,1,5,10,0,0,0,3,1,1,5,1000,0,0,0,0,0,0,0,0,0,0,0,0,0,0,0,0,0,0,0,0,0,0,0,0,0,0,0,0,0,0,0,0,0,0,0,0,0,0,0,0,0,0,0,0,0,0,0,0,0,0,0
1986,28,4,20,53.874,2,7,0,-1,1,0,1,1,25,0,0,0,1028,0,0,0,0,0,1,1,0,0,0,-262.0806031,0,0,0,0,3,1,1,5,10,0,0,0,3,1,1,5,1000,0,0,0,0,0,0,0,0,0,0,0,0,0,0,0,0,0,0,0,0,0,0,0,0,0,0,0,0,0,0,0,0,0,0,0,0,0,0,0,0,0,0,0,0,0,0,0,0,0,0,0
1986,28,4,22,29.874,2,7,0,-1,1,0,1,1,25,0,0,0,1028,0,0,0,0,0,1,1,0,0,0,-262.1674568,0,0,0,0,3,1,1,5,10,0,0,0,3,1,1,5,1000,0,0,0,0,0,0,0,0,0,0,0,0,0,0,0,0,0,0,0,0,0,0,0,0,0,0,0,0,0,0,0,0,0,0,0,0,0,0,0,0,0,0,0,0,0,0,0,0,0,0,0
1986,28,4,24,5.874,2,7,0,-1,1,0,1,1,25,0,0,0,1028,0,0,0,0,0,1,1,0,0,0,-262.2543104,0,0,0,0,3,1,1,5,10,0,0,0,3,1,1,5,1000,0,0,0,0,0,0,0,0,0,0,0,0,0,0,0,0,0,0,0,0,0,0,0,0,0,0,0,0,0,0,0,0,0,0,0,0,0,0,0,0,0,0,0,0,0,0,0,0,0,0,0
1986,28,4,25,41.874,2,7,0,-1,1,0,1,1,25,0,0,0,1028,0,0,0,0,0,1,1,0,0,0,-262.3411633,0,0,0,0,3,1,1,5,10,0,0,0,3,1,1,5,1000,0,0,0,0,0,0,0,0,0,0,0,0,0,0,0,0,0,0,0,0,0,0,0,0,0,0,0,0,0,0,0,0,0,0,0,0,0,0,0,0,0,0,0,0,0,0,0,0,0,0,0
1986,28,4,27,17.873,2,7,0,-1,1,0,1,1,25,0,0,0,1028,0,0,0,0,0,1,1,0,0,0,-262.4280161,0,0,0,0,3,1,1,5,10,0,0,0,3,1,1,5,1000,0,0,0,0,0,0,0,0,0,0,0,0,0,0,0,0,0,0,0,0,0,0,0,0,0,0,0,0,0,0,0,0,0,0,0,0,0,0,0,0,0,0,0,0,0,0,0,0,0,0,0
1986,28,4,31,17.873,2,7,0,-1,1,0,1,1,25,0,0,0,1028,0,0,0,0,0,1,1,0,0,0,-262.6451485,0,0,0,0,3,1,1,5,10,0,0,0,3,1,1,5,1000,0,0,0,0,0,0,0,0,0,0,0,0,0,0,0,0,0,0,0,0,0,0,0,0,0,0,0,0,0,0,0,0,0,0,0,0,0,0,0,0,0,0,0,0,0,0,0,0,0,0,0
1986,28,4,32,53.873,2,7,0,-1,1,0,1,1,25,0,0,0,1028,0,0,0,0,0,1,1,0,0,0,-262.7320012,0,0,0,0,3,1,1,5,10,0,0,0,3,1,1,5,1000,0,0,0,0,0,0,0,0,0,0,0,0,0,0,0,0,0,0,0,0,0,0,0,0,0,0,0,0,0,0,0,0,0,0,0,0,0,0,0,0,0,0,0,0,0,0,0,0,0,0,0
1986,28,4,34,29.873,2,7,0,-1,1,0,1,1,25,0,0,0,1028,0,0,0,0,0,1,1,0,0,0,-262.8188537,0,0,0,0,3,1,1,5,10,0,0,0,3,1,1,5,1000,0,0,0,0,0,0,0,0,0,0,0,0,0,0,0,0,0,0,0,0,0,0,0,0,0,0,0,0,0,0,0,0,0,0,0,0,0,0,0,0,0,0,0,0,0,0,0,0,0,0,0
1986,28,4,36,5.873,2,7,0,-1,1,0,1,1,25,0,0,0,1028,0,0,0,0,0,1,1,0,0,0,-262.9057061,0,0,0,0,3,1,1,5,10,0,0,0,3,1,1,5,1000,0,0,0,0,0,0,0,0,0,0,0,0,0,0,0,0,0,0,0,0,0,0,0,0,0,0,0,0,0,0,0,0,0,0,0,0,0,0,0,0,0,0,0,0,0,0,0,0,0,0,0
1986,28,4,37,41.873,2,7,0,-1,1,0,1,1,25,0,0,0,1028,0,0,0,0,0,1,1,0,0,0,-262.9925584,0,0,0,0,3,1,1,5,10,0,0,0,3,1,1,5,1000,0,0,0,0,0,0,0,0,0,0,0,0,0,0,0,0,0,0,0,0,0,0,0,0,0,0,0,0,0,0,0,0,0,0,0,0,0,0,0,0,0,0,0,0,0,0,0,0,0,0,0
1986,28,4,39,17.873,2,7,0,-1,1,0,1,1,25,0,0,0,1028,0,0,0,0,0,1,1,0,0,0,-263.07941,0,0,0,0,3,1,1,5,10,0,0,0,3,1,1,5,1000,0,0,0,0,0,0,0,0,0,0,0,0,0,0,0,0,0,0,0,0,0,0,0,0,0,0,0,0,0,0,0,0,0,0,0,0,0,0,0,0,0,0,0,0,0,0,0,0,0,0,0
1986,28,4,43,17.872,2,7,0,-1,1,0,1,1,25,0,0,0,1028,0,0,0,0,0,1,1,0,0,0,-263.2965391,0,0,0,0,3,1,1,5,10,0,0,0,3,1,1,5,1000,0,0,0,0,0,0,0,0,0,0,0,0,0,0,0,0,0,0,0,0,0,0,0,0,0,0,0,0,0,0,0,0,0,0,0,0,0,0,0,0,0,0,0,0,0,0,0,0,0,0,0
1986,28,4,44,53.872,2,7,0,-1,1,0,1,1,25,0,0,0,1028,0,0,0,0,0,1,1,0,0,0,-263.3833907,0,0,0,0,3,1,1,5,10,0,0,0,3,1,1,5,1000,0,0,0,0,0,0,0,0,0,0,0,0,0,0,0,0,0,0,0,0,0,0,0,0,0,0,0,0,0,0,0,0,0,0,0,0,0,0,0,0,0,0,0,0,0,0,0,0,0,0,0
1986,28,4,46,29.872,2,7,0,-1,1,0,1,1,25,0,0,0,1028,0,0,0,0,0,1,1,0,0,0,-263.4702421,0,0,0,0,3,1,1,5,10,0,0,0,3,1,1,5,1000,0,0,0,0,0,0,0,0,0,0,0,0,0,0,0,0,0,0,0,0,0,0,0,0,0,0,0,0,0,0,0,0,0,0,0,0,0,0,0,0,0,0,0,0,0,0,0,0,0,0,0
1986,28,4,48,5.872,2,7,0,-1,1,0,1,1,25,0,0,0,1028,0,0,0,0,0,1,1,0,0,0,-263.5570933,0,0,0,0,3,1,1,5,10,0,0,0,3,1,1,5,1000,0,0,0,0,0,0,0,0,0,0,0,0,0,0,0,0,0,0,0,0,0,0,0,0,0,0,0,0,0,0,0,0,0,0,0,0,0,0,0,0,0,0,0,0,0,0,0,0,0,0,0
1986,28,4,51,17.872,2,7,0,-1,1,0,1,1,25,0,0,0,1028,0,0,0,0,0,1,1,0,0,0,-263.7307954,0,0,0,0,3,1,1,5,10,0,0,0,3,1,1,5,1000,0,0,0,0,0,0,0,0,0,0,0,0,0,0,0,0,0,0,0,0,0,0,0,0,0,0,0,0,0,0,0,0,0,0,0,0,0,0,0,0,0,0,0,0,0,0,0,0,0,0,0
1986,28,4,55,17.872,2,7,0,-1,1,0,1,1,25,0,0,0,1028,0,0,0,0,0,1,1,0,0,0,-263.9479216,0,0,0,0,3,1,1,5,10,0,0,0,3,1,1,5,1000,0,0,0,0,0,0,0,0,0,0,0,0,0,0,0,0,0,0,0,0,0,0,0,0,0,0,0,0,0,0,0,0,0,0,0,0,0,0,0,0,0,0,0,0,0,0,0,0,0,0,0
1986,28,4,56,53.871,2,7,0,-1,1,0,1,1,25,0,0,0,1028,0,0,0,0,0,1,1,0,0,0,-264.0347716,0,0,0,0,3,1,1,5,10,0,0,0,3,1,1,5,1000,0,0,0,0,0,0,0,0,0,0,0,0,0,0,0,0,0,0,0,0,0,0,0,0,0,0,0,0,0,0,0,0,0,0,0,0,0,0,0,0,0,0,0,0,0,0,0,0,0,0,0
1986,28,4,58,29.871,2,7,0,-1,1,0,1,1,25,0,0,0,1028,0,0,0,0,0,1,1,0,0,0,-264.1216219,0,0,0,0,3,1,1,5,10,0,0,0,3,1,1,5,1000,0,0,0,0,0,0,0,0,0,0,0,0,0,0,0,0,0,0,0,0,0,0,0,0,0,0,0,0,0,0,0,0,0,0,0,0,0,0,0,0,0,0,0,0,0,0,0,0,0,0,0
1986,28,5,0,5.871,2,7,0,-1,1,0,1,1,25,0,0,0,1028,0,0,0,0,0,1,1,0,0,0,-264.208472,0,0,0,0,3,1,1,5,10,0,0,0,3,1,1,5,1000,0,0,0,0,0,0,0,0,0,0,0,0,0,0,0,0,0,0,0,0,0,0,0,0,0,0,0,0,0,0,0,0,0,0,0,0,0,0,0,0,0,0,0,0,0,0,0,0,0,0,0
1986,28,5,1,41.871,2,7,0,-1,1,0,1,1,25,0,0,0,1028,0,0,0,0,0,1,1,0,0,0,-264.2953219,0,0,0,0,3,1,1,5,10,0,0,0,3,1,1,5,1000,0,0,0,0,0,0,0,0,0,0,0,0,0,0,0,0,0,0,0,0,0,0,0,0,0,0,0,0,0,0,0,0,0,0,0,0,0,0,0,0,0,0,0,0,0,0,0,0,0,0,0
1986,28,5,3,17.871,2,7,0,-1,1,0,1,1,25,0,0,0,1028,0,0,0,0,0,1,1,0,0,0,-264.3821718,0,0,0,0,3,1,1,5,10,0,0,0,3,1,1,5,1000,0,0,0,0,0,0,0,0,0,0,0,0,0,0,0,0,0,0,0,0,0,0,0,0,0,0,0,0,0,0,0,0,0,0,0,0,0,0,0,0,0,0,0,0,0,0,0,0,0,0,0
1986,28,5,7,17.871,2,7,0,-1,1,0,1,1,25,0,0,0,1028,0,0,0,0,0,1,1,0,0,0,-264.5992956,0,0,0,0,3,1,1,5,10,0,0,0,3,1,1,5,1000,0,0,0,0,0,0,0,0,0,0,0,0,0,0,0,0,0,0,0,0,0,0,0,0,0,0,0,0,0,0,0,0,0,0,0,0,0,0,0,0,0,0,0,0,0,0,0,0,0,0,0
1986,28,5,8,53.871,2,7,0,-1,1,0,1,1,25,0,0,0,1028,0,0,0,0,0,1,1,0,0,0,-264.6861449,0,0,0,0,3,1,1,5,10,0,0,0,3,1,1,5,1000,0,0,0,0,0,0,0,0,0,0,0,0,0,0,0,0,0,0,0,0,0,0,0,0,0,0,0,0,0,0,0,0,0,0,0,0,0,0,0,0,0,0,0,0,0,0,0,0,0,0,0
1986,28,5,10,29.871,2,7,0,-1,1,0,1,1,25,0,0,0,1028,0,0,0,0,0,1,1,0,0,0,-264.7729936,0,0,0,0,3,1,1,5,10,0,0,0,3,1,1,5,1000,0,0,0,0,0,0,0,0,0,0,0,0,0,0,0,0,0,0,0,0,0,0,0,0,0,0,0,0,0,0,0,0,0,0,0,0,0,0,0,0,0,0,0,0,0,0,0,0,0,0,0
1986,28,5,12,5.87,2,7,0,-1,1,0,1,1,25,0,0,0,1028,0,0,0,0,0,1,1,0,0,0,-264.8598421,0,0,0,0,3,1,1,5,10,0,0,0,3,1,1,5,1000,0,0,0,0,0,0,0,0,0,0,0,0,0,0,0,0,0,0,0,0,0,0,0,0,0,0,0,0,0,0,0,0,0,0,0,0,0,0,0,0,0,0,0,0,0,0,0,0,0,0,0
1986,28,5,13,41.87,2,7,0,-1,1,0,1,1,25,0,0,0,1028,0,0,0,0,0,1,1,0,0,0,-264.946691,0,0,0,0,3,1,1,5,10,0,0,0,3,1,1,5,1000,0,0,0,0,0,0,0,0,0,0,0,0,0,0,0,0,0,0,0,0,0,0,0,0,0,0,0,0,0,0,0,0,0,0,0,0,0,0,0,0,0,0,0,0,0,0,0,0,0,0,0
1986,28,5,15,17.868,2,7,0,-1,1,0,1,1,25,0,0,0,1028,0,0,0,0,0,1,1,0,0,0,-265.0335378,0,0,0,0,3,1,1,5,10,0,0,0,3,1,1,5,1000,0,0,0,0,0,0,0,0,0,0,0,0,0,0,0,0,0,0,0,0,0,0,0,0,0,0,0,0,0,0,0,0,0,0,0,0,0,0,0,0,0,0,0,0,0,0,0,0,0,0,0
1986,28,5,19,17.87,2,7,0,-1,1,0,1,1,25,0,0,0,1028,0,0,0,0,0,1,1,0,0,0,-265.2506607,0,0,0,0,3,1,1,5,10,0,0,0,3,1,1,5,1000,0,0,0,0,0,0,0,0,0,0,0,0,0,0,0,0,0,0,0,0,0,0,0,0,0,0,0,0,0,0,0,0,0,0,0,0,0,0,0,0,0,0,0,0,0,0,0,0,0,0,0
1986,28,5,20,53.87,2,7,0,-1,1,0,1,1,25,0,0,0,1028,0,0,0,0,0,1,1,0,0,0,-265.3375088,0,0,0,0,3,1,1,5,10,0,0,0,3,1,1,5,1000,0,0,0,0,0,0,0,0,0,0,0,0,0,0,0,0,0,0,0,0,0,0,0,0,0,0,0,0,0,0,0,0,0,0,0,0,0,0,0,0,0,0,0,0,0,0,0,0,0,0,0
1986,28,5,22,29.87,2,7,0,-1,1,0,1,1,25,0,0,0,1028,0,0,0,0,0,1,1,0,0,0,-265.4243569,0,0,0,0,3,1,1,5,10,0,0,0,3,1,1,5,1000,0,0,0,0,0,0,0,0,0,0,0,0,0,0,0,0,0,0,0,0,0,0,0,0,0,0,0,0,0,0,0,0,0,0,0,0,0,0,0,0,0,0,0,0,0,0,0,0,0,0,0
1986,28,5,24,5.87,2,7,0,-1,1,0,1,1,25,0,0,0,1028,0,0,0,0,0,1,1,0,0,0,-265.5112047,0,0,0,0,3,1,1,5,10,0,0,0,3,1,1,5,1000,0,0,0,0,0,0,0,0,0,0,0,0,0,0,0,0,0,0,0,0,0,0,0,0,0,0,0,0,0,0,0,0,0,0,0,0,0,0,0,0,0,0,0,0,0,0,0,0,0,0,0
1986,28,5,27,17.869,2,7,0,-1,1,0,1,1,25,0,0,0,1028,0,0,0,0,0,1,1,0,0,0,-265.6848991,0,0,0,0,3,1,1,5,10,0,0,0,3,1,1,5,1000,0,0,0,0,0,0,0,0,0,0,0,0,0,0,0,0,0,0,0,0,0,0,0,0,0,0,0,0,0,0,0,0,0,0,0,0,0,0,0,0,0,0,0,0,0,0,0,0,0,0,0
1986,28,5,31,17.869,2,7,0,-1,1,0,1,1,25,0,0,0,1028,0,0,0,0,0,1,1,0,0,0,-265.9020173,0,0,0,0,3,1,1,5,10,0,0,0,3,1,1,5,1000,0,0,0,0,0,0,0,0,0,0,0,0,0,0,0,0,0,0,0,0,0,0,0,0,0,0,0,0,0,0,0,0,0,0,0,0,0,0,0,0,0,0,0,0,0,0,0,0,0,0,0
1986,28,5,34,29.869,2,7,0,-1,1,0,1,1,25,0,0,0,1028,0,0,0,0,0,1,1,0,0,0,-266.0757112,0,0,0,0,3,1,1,5,10,0,0,0,3,1,1,5,1000,0,0,0,0,0,0,0,0,0,0,0,0,0,0,0,0,0,0,0,0,0,0,0,0,0,0,0,0,0,0,0,0,0,0,0,0,0,0,0,0,0,0,0,0,0,0,0,0,0,0,0
1986,28,5,36,5.869,2,7,0,-1,1,0,1,1,25,0,0,0,1028,0,0,0,0,0,1,1,0,0,0,-266.1625579,0,0,0,0,3,1,1,5,10,0,0,0,3,1,1,5,1000,0,0,0,0,0,0,0,0,0,0,0,0,0,0,0,0,0,0,0,0,0,0,0,0,0,0,0,0,0,0,0,0,0,0,0,0,0,0,0,0,0,0,0,0,0,0,0,0,0,0,0
1986,28,5,37,41.869,2,7,0,-1,1,0,1,1,25,0,0,0,1028,0,0,0,0,0,1,1,0,0,0,-266.2494045,0,0,0,0,3,1,1,5,10,0,0,0,3,1,1,5,1000,0,0,0,0,0,0,0,0,0,0,0,0,0,0,0,0,0,0,0,0,0,0,0,0,0,0,0,0,0,0,0,0,0,0,0,0,0,0,0,0,0,0,0,0,0,0,0,0,0,0,0
1986,28,5,39,17.869,2,7,0,-1,1,0,1,1,25,0,0,0,1028,0,0,0,0,0,1,1,0,0,0,-266.336251,0,0,0,0,3,1,1,5,10,0,0,0,3,1,1,5,1000,0,0,0,0,0,0,0,0,0,0,0,0,0,0,0,0,0,0,0,0,0,0,0,0,0,0,0,0,0,0,0,0,0,0,0,0,0,0,0,0,0,0,0,0,0,0,0,0,0,0,0
1986,28,5,43,17.868,2,7,0,-1,1,0,1,1,25,0,0,0,1028,0,0,0,0,0,1,1,0,0,0,-266.5533655,0,0,0,0,3,1,1,5,10,0,0,0,3,1,1,5,1000,0,0,0,0,0,0,0,0,0,0,0,0,0,0,0,0,0,0,0,0,0,0,0,0,0,0,0,0,0,0,0,0,0,0,0,0,0,0,0,0,0,0,0,0,0,0,0,0,0,0,0
1986,28,5,44,53.868,2,7,0,-1,1,0,1,1,25,0,0,0,1028,0,0,0,0,0,1,1,0,0,0,-266.6402114,0,0,0,0,3,1,1,5,10,0,0,0,3,1,1,5,1000,0,0,0,0,0,0,0,0,0,0,0,0,0,0,0,0,0,0,0,0,0,0,0,0,0,0,0,0,0,0,0,0,0,0,0,0,0,0,0,0,0,0,0,0,0,0,0,0,0,0,0
1986,28,5,46,29.868,2,7,0,-1,1,0,1,1,25,0,0,0,1028,0,0,0,0,0,1,1,0,0,0,-266.7270572,0,0,0,0,3,1,1,5,10,0,0,0,3,1,1,5,1000,0,0,0,0,0,0,0,0,0,0,0,0,0,0,0,0,0,0,0,0,0,0,0,0,0,0,0,0,0,0,0,0,0,0,0,0,0,0,0,0,0,0,0,0,0,0,0,0,0,0,0
1986,28,5,48,5.868,2,7,0,-1,1,0,1,1,25,0,0,0,1028,0,0,0,0,0,1,1,0,0,0,-266.8139028,0,0,0,0,3,1,1,5,10,0,0,0,3,1,1,5,1000,0,0,0,0,0,0,0,0,0,0,0,0,0,0,0,0,0,0,0,0,0,0,0,0,0,0,0,0,0,0,0,0,0,0,0,0,0,0,0,0,0,0,0,0,0,0,0,0,0,0,0
1986,28,5,49,41.868,2,7,0,-1,1,0,1,1,25,0,0,0,1028,0,0,0,0,0,1,1,0,0,0,-266.9007482,0,0,0,0,3,1,1,5,10,0,0,0,3,1,1,5,1000,0,0,0,0,0,0,0,0,0,0,0,0,0,0,0,0,0,0,0,0,0,0,0,0,0,0,0,0,0,0,0,0,0,0,0,0,0,0,0,0,0,0,0,0,0,0,0,0,0,0,0
1986,28,5,51,17.868,2,7,0,-1,1,0,1,1,25,0,0,0,1028,0,0,0,0,0,1,1,0,0,0,-266.9875936,0,0,0,0,3,1,1,5,10,0,0,0,3,1,1,5,1000,0,0,0,0,0,0,0,0,0,0,0,0,0,0,0,0,0,0,0,0,0,0,0,0,0,0,0,0,0,0,0,0,0,0,0,0,0,0,0,0,0,0,0,0,0,0,0,0,0,0,0
1986,28,5,55,17.868,2,7,0,-1,1,0,1,1,25,0,0,0,1028,0,0,0,0,0,1,1,0,0,0,-267.2047062,0,0,0,0,3,1,1,5,10,0,0,0,3,1,1,5,1000,0,0,0,0,0,0,0,0,0,0,0,0,0,0,0,0,0,0,0,0,0,0,0,0,0,0,0,0,0,0,0,0,0,0,0,0,0,0,0,0,0,0,0,0,0,0,0,0,0,0,0
1986,28,5,56,53.867,2,7,0,-1,1,0,1,1,25,0,0,0,1028,0,0,0,0,0,1,1,0,0,0,-267.2915501,0,0,0,0,3,1,1,5,10,0,0,0,3,1,1,5,1000,0,0,0,0,0,0,0,0,0,0,0,0,0,0,0,0,0,0,0,0,0,0,0,0,0,0,0,0,0,0,0,0,0,0,0,0,0,0,0,0,0,0,0,0,0,0,0,0,0,0,0
1986,28,5,58,29.867,2,7,0,-1,1,0,1,1,25,0,0,0,1028,0,0,0,0,0,1,1,0,0,0,-267.3783947,0,0,0,0,3,1,1,5,10,0,0,0,3,1,1,5,1000,0,0,0,0,0,0,0,0,0,0,0,0,0,0,0,0,0,0,0,0,0,0,0,0,0,0,0,0,0,0,0,0,0,0,0,0,0,0,0,0,0,0,0,0,0,0,0,0,0,0,0
1986,28,6,0,5.867,2,7,0,-1,1,0,1,1,25,0,0,0,1028,0,0,0,0,0,1,1,0,0,0,-267.4652392,0,0,0,0,3,1,1,5,10,0,0,0,3,1,1,5,1000,0,0,0,0,0,0,0,0,0,0,0,0,0,0,0,0,0,0,0,0,0,0,0,0,0,0,0,0,0,0,0,0,0,0,0,0,0,0,0,0,0,0,0,0,0,0,0,0,0,0,0
1986,28,6,1,41.867,2,7,0,-1,1,0,1,1,25,0,0,0,1028,0,0,0,0,0,1,1,0,0,0,-267.5520836,0,0,0,0,3,1,1,5,10,0,0,0,3,1,1,5,1000,0,0,0,0,0,0,0,0,0,0,0,0,0,0,0,0,0,0,0,0,0,0,0,0,0,0,0,0,0,0,0,0,0,0,0,0,0,0,0,0,0,0,0,0,0,0,0,0,0,0,0
1986,28,6,3,17.867,2,7,0,-1,1,0,1,1,25,0,0,0,1028,0,0,0,0,0,1,1,0,0,0,-267.6389278,0,0,0,0,3,1,1,5,10,0,0,0,3,1,1,5,1000,0,0,0,0,0,0,0,0,0,0,0,0,0,0,0,0,0,0,0,0,0,0,0,0,0,0,0,0,0,0,0,0,0,0,0,0,0,0,0,0,0,0,0,0,0,0,0,0,0,0,0
1986,28,6,8,53.867,2,7,0,-1,1,0,1,1,25,0,0,0,1028,0,0,0,0,0,1,1,0,0,0,-267.9428814,0,0,0,0,3,1,1,5,10,0,0,0,3,1,1,5,1000,0,0,0,0,0,0,0,0,0,0,0,0,0,0,0,0,0,0,0,0,0,0,0,0,0,0,0,0,0,0,0,0,0,0,0,0,0,0,0,0,0,0,0,0,0,0,0,0,0,0,0
1986,28,6,10,29.867,2,7,0,-1,1,0,1,1,25,0,0,0,1028,0,0,0,0,0,1,1,0,0,0,-268.0297249,0,0,0,0,3,1,1,5,10,0,0,0,3,1,1,5,1000,0,0,0,0,0,0,0,0,0,0,0,0,0,0,0,0,0,0,0,0,0,0,0,0,0,0,0,0,0,0,0,0,0,0,0,0,0,0,0,0,0,0,0,0,0,0,0,0,0,0,0
1986,28,6,12,5.866,2,7,0,-1,1,0,1,1,25,0,0,0,1028,0,0,0,0,0,1,1,0,0,0,-268.1165674,0,0,0,0,3,1,1,5,10,0,0,0,3,1,1,5,1000,0,0,0,0,0,0,0,0,0,0,0,0,0,0,0,0,0,0,0,0,0,0,0,0,0,0,0,0,0,0,0,0,0,0,0,0,0,0,0,0,0,0,0,0,0,0,0,0,0,0,0
1986,28,6,13,41.866,2,7,0,-1,1,0,1,1,25,0,0,0,1028,0,0,0,0,0,1,1,0,0,0,-268.2034106,0,0,0,0,3,1,1,5,10,0,0,0,3,1,1,5,1000,0,0,0,0,0,0,0,0,0,0,0,0,0,0,0,0,0,0,0,0,0,0,0,0,0,0,0,0,0,0,0,0,0,0,0,0,0,0,0,0,0,0,0,0,0,0,0,0,0,0,0
1986,28,6,15,17.865,2,7,0,-1,1,0,1,1,25,0,0,0,1028,0,0,0,0,0,1,1,0,0,0,-268.2902528,0,0,0,0,3,1,1,5,10,0,0,0,3,1,1,5,1000,0,0,0,0,0,0,0,0,0,0,0,0,0,0,0,0,0,0,0,0,0,0,0,0,0,0,0,0,0,0,0,0,0,0,0,0,0,0,0,0,0,0,0,0,0,0,0,0,0,0,0
1986,28,6,19,17.866,2,7,0,-1,1,0,1,1,25,0,0,0,1028,0,0,0,0,0,1,1,0,0,0,-268.5073608,0,0,0,0,3,1,1,5,10,0,0,0,3,1,1,5,1000,0,0,0,0,0,0,0,0,0,0,0,0,0,0,0,0,0,0,0,0,0,0,0,0,0,0,0,0,0,0,0,0,0,0,0,0,0,0,0,0,0,0,0,0,0,0,0,0,0,0,0
1986,28,6,20,53.866,2,7,0,-1,1,0,1,1,25,0,0,0,1028,0,0,0,0,0,1,1,0,0,0,-268.5942034,0,0,0,0,3,1,1,5,10,0,0,0,3,1,1,5,1000,0,0,0,0,0,0,0,0,0,0,0,0,0,0,0,0,0,0,0,0,0,0,0,0,0,0,0,0,0,0,0,0,0,0,0,0,0,0,0,0,0,0,0,0,0,0,0,0,0,0,0
1986,28,6,22,29.866,2,7,0,-1,1,0,1,1,25,0,0,0,1028,0,0,0,0,0,1,1,0,0,0,-268.6810458,0,0,0,0,3,1,1,5,10,0,0,0,3,1,1,5,1000,0,0,0,0,0,0,0,0,0,0,0,0,0,0,0,0,0,0,0,0,0,0,0,0,0,0,0,0,0,0,0,0,0,0,0,0,0,0,0,0,0,0,0,0,0,0,0,0,0,0,0
1986,28,6,24,5.866,2,7,0,-1,1,0,1,1,25,0,0,0,1028,0,0,0,0,0,1,1,0,0,0,-268.7678881,0,0,0,0,3,1,1,5,10,0,0,0,3,1,1,5,1000,0,0,0,0,0,0,0,0,0,0,0,0,0,0,0,0,0,0,0,0,0,0,0,0,0,0,0,0,0,0,0,0,0,0,0,0,0,0,0,0,0,0,0,0,0,0,0,0,0,0,0
1986,28,6,25,41.866,2,7,0,-1,1,0,1,1,25,0,0,0,1028,0,0,0,0,0,1,1,0,0,0,-268.8547303,0,0,0,0,3,1,1,5,10,0,0,0,3,1,1,5,1000,0,0,0,0,0,0,0,0,0,0,0,0,0,0,0,0,0,0,0,0,0,0,0,0,0,0,0,0,0,0,0,0,0,0,0,0,0,0,0,0,0,0,0,0,0,0,0,0,0,0,0
1986,28,6,27,17.865,2,7,0,-1,1,0,1,1,25,0,0,0,1028,0,0,0,0,0,1,1,0,0,0,-268.9415714,0,0,0,0,3,1,1,5,10,0,0,0,3,1,1,5,1000,0,0,0,0,0,0,0,0,0,0,0,0,0,0,0,0,0,0,0,0,0,0,0,0,0,0,0,0,0,0,0,0,0,0,0,0,0,0,0,0,0,0,0,0,0,0,0,0,0,0,0
1986,28,6,31,17.865,2,7,0,-1,1,0,1,1,25,0,0,0,1028,0,0,0,0,0,1,1,0,0,0,-269.1586757,0,0,0,0,3,1,1,5,10,0,0,0,3,1,1,5,1000,0,0,0,0,0,0,0,0,0,0,0,0,0,0,0,0,0,0,0,0,0,0,0,0,0,0,0,0,0,0,0,0,0,0,0,0,0,0,0,0,0,0,0,0,0,0,0,0,0,0,0
1986,28,6,32,53.865,2,7,0,-1,1,0,1,1,25,0,0,0,1028,0,0,0,0,0,1,1,0,0,0,-269.2455172,0,0,0,0,3,1,1,5,10,0,0,0,3,1,1,5,1000,0,0,0,0,0,0,0,0,0,0,0,0,0,0,0,0,0,0,0,0,0,0,0,0,0,0,0,0,0,0,0,0,0,0,0,0,0,0,0,0,0,0,0,0,0,0,0,0,0,0,0
1986,28,6,34,29.865,2,7,0,-1,1,0,1,1,25,0,0,0,1028,0,0,0,0,0,1,1,0,0,0,-269.3323585,0,0,0,0,3,1,1,5,10,0,0,0,3,1,1,5,1000,0,0,0,0,0,0,0,0,0,0,0,0,0,0,0,0,0,0,0,0,0,0,0,0,0,0,0,0,0,0,0,0,0,0,0,0,0,0,0,0,0,0,0,0,0,0,0,0,0,0,0
1986,28,6,36,5.865,2,7,0,-1,1,0,1,1,25,0,0,0,1028,0,0,0,0,0,1,1,0,0,0,-269.4191997,0,0,0,0,3,1,1,5,10,0,0,0,3,1,1,5,1000,0,0,0,0,0,0,0,0,0,0,0,0,0,0,0,0,0,0,0,0,0,0,0,0,0,0,0,0,0,0,0,0,0,0,0,0,0,0,0,0,0,0,0,0,0,0,0,0,0,0,0
1986,28,6,37,41.865,2,7,0,-1,1,0,1,1,25,0,0,0,1028,0,0,0,0,0,1,1,0,0,0,-269.5060408,0,0,0,0,3,1,1,5,10,0,0,0,3,1,1,5,1000,0,0,0,0,0,0,0,0,0,0,0,0,0,0,0,0,0,0,0,0,0,0,0,0,0,0,0,0,0,0,0,0,0,0,0,0,0,0,0,0,0,0,0,0,0,0,0,0,0,0,0
1986,28,6,39,17.865,2,7,0,-1,1,0,1,1,25,0,0,0,1028,0,0,0,0,0,1,1,0,0,0,-269.5928817,0,0,0,0,3,1,1,5,10,0,0,0,3,1,1,5,1000,0,0,0,0,0,0,0,0,0,0,0,0,0,0,0,0,0,0,0,0,0,0,0,0,0,0,0,0,0,0,0,0,0,0,0,0,0,0,0,0,0,0,0,0,0,0,0,0,0,0,0
1986,28,6,43,17.864,2,7,0,-1,1,0,1,1,25,0,0,0,1028,0,0,0,0,0,1,1,0,0,0,-269.8099823,0,0,0,0,3,1,1,5,10,0,0,0,3,1,1,5,1000,0,0,0,0,0,0,0,0,0,0,0,0,0,0,0,0,0,0,0,0,0,0,0,0,0,0,0,0,0,0,0,0,0,0,0,0,0,0,0,0,0,0,0,0,0,0,0,0,0,0,0
1986,28,6,44,53.864,2,7,0,-1,1,0,1,1,25,0,0,0,1028,0,0,0,0,0,1,1,0,0,0,-269.8968227,0,0,0,0,3,1,1,5,10,0,0,0,3,1,1,5,1000,0,0,0,0,0,0,0,0,0,0,0,0,0,0,0,0,0,0,0,0,0,0,0,0,0,0,0,0,0,0,0,0,0,0,0,0,0,0,0,0,0,0,0,0,0,0,0,0,0,0,0
1986,28,6,46,29.864,2,7,0,-1,1,0,1,1,25,0,0,0,1028,0,0,0,0,0,1,1,0,0,0,-269.983663,0,0,0,0,3,1,1,5,10,0,0,0,3,1,1,5,1000,0,0,0,0,0,0,0,0,0,0,0,0,0,0,0,0,0,0,0,0,0,0,0,0,0,0,0,0,0,0,0,0,0,0,0,0,0,0,0,0,0,0,0,0,0,0,0,0,0,0,0
1986,28,6,48,5.864,2,7,0,-1,1,0,1,1,25,0,0,0,1028,0,0,0,0,0,1,1,0,0,0,-270.0705031,0,0,0,0,3,1,1,5,10,0,0,0,3,1,1,5,1000,0,0,0,0,0,0,0,0,0,0,0,0,0,0,0,0,0,0,0,0,0,0,0,0,0,0,0,0,0,0,0,0,0,0,0,0,0,0,0,0,0,0,0,0,0,0,0,0,0,0,0
1986,28,6,49,41.864,2,7,0,-1,1,0,1,1,25,0,0,0,1028,0,0,0,0,0,1,1,0,0,0,-270.157343,0,0,0,0,3,1,1,5,10,0,0,0,3,1,1,5,1000,0,0,0,0,0,0,0,0,0,0,0,0,0,0,0,0,0,0,0,0,0,0,0,0,0,0,0,0,0,0,0,0,0,0,0,0,0,0,0,0,0,0,0,0,0,0,0,0,0,0,0
1986,28,6,51,17.864,2,7,0,-1,1,0,1,1,25,0,0,0,1028,0,0,0,0,0,1,1,0,0,0,-270.2441828,0,0,0,0,3,1,1,5,10,0,0,0,3,1,1,5,1000,0,0,0,0,0,0,0,0,0,0,0,0,0,0,0,0,0,0,0,0,0,0,0,0,0,0,0,0,0,0,0,0,0,0,0,0,0,0,0,0,0,0,0,0,0,0,0,0,0,0,0
1986,28,6,55,17.864,2,7,0,-1,1,0,1,1,25,0,0,0,1028,0,0,0,0,0,1,1,0,0,0,-270.4612817,0,0,0,0,3,1,1,5,10,0,0,0,3,1,1,5,1000,0,0,0,0,0,0,0,0,0,0,0,0,0,0,0,0,0,0,0,0,0,0,0,0,0,0,0,0,0,0,0,0,0,0,0,0,0,0,0,0,0,0,0,0,0,0,0,0,0,0,0
1986,28,6,56,53.863,2,7,0,-1,1,0,1,1,25,0,0,0,1028,0,0,0,0,0,1,1,0,0,0,-270.5481201,0,0,0,0,3,1,1,5,10,0,0,0,3,1,1,5,1000,0,0,0,0,0,0,0,0,0,0,0,0,0,0,0,0,0,0,0,0,0,0,0,0,0,0,0,0,0,0,0,0,0,0,0,0,0,0,0,0,0,0,0,0,0,0,0,0,0,0,0
1986,28,7,0,5.863,2,7,0,-1,1,0,1,1,25,0,0,0,1028,0,0,0,0,0,1,1,0,0,0,-270.7217982,0,0,0,0,3,1,1,5,10,0,0,0,3,1,1,5,1000,0,0,0,0,0,0,0,0,0,0,0,0,0,0,0,0,0,0,0,0,0,0,0,0,0,0,0,0,0,0,0,0,0,0,0,0,0,0,0,0,0,0,0,0,0,0,0,0,0,0,0
1986,28,7,1,41.863,2,7,0,-1,1,0,1,1,25,0,0,0,1028,0,0,0,0,0,1,1,0,0,0,-270.8086371,0,0,0,0,3,1,1,5,10,0,0,0,3,1,1,5,1000,0,0,0,0,0,0,0,0,0,0,0,0,0,0,0,0,0,0,0,0,0,0,0,0,0,0,0,0,0,0,0,0,0,0,0,0,0,0,0,0,0,0,0,0,0,0,0,0,0,0,0
1986,28,7,3,17.863,2,7,0,-1,1,0,1,1,25,0,0,0,1028,0,0,0,0,0,1,1,0,0,0,-270.8954758,0,0,0,0,3,1,1,5,10,0,0,0,3,1,1,5,1000,0,0,0,0,0,0,0,0,0,0,0,0,0,0,0,0,0,0,0,0,0,0,0,0,0,0,0,0,0,0,0,0,0,0,0,0,0,0,0,0,0,0,0,0,0,0,0,0,0,0,0
1986,28,7,15,17.86,2,7,0,-1,1,0,1,1,25,0,0,0,1028,0,0,0,0,0,1,1,0,0,0,-271.5467588,0,0,0,0,3,1,1,5,10,0,0,0,3,1,1,5,1000,0,0,0,0,0,0,0,0,0,0,0,0,0,0,0,0,0,0,0,0,0,0,0,0,0,0,0,0,0,0,0,0,0,0,0,0,0,0,0,0,0,0,0,0,0,0,0,0,0,0,0
1986,28,7,19,17.862,2,7,0,-1,1,0,1,1,25,0,0,0,1028,0,0,0,0,0,1,1,0,0,0,-271.7638541,0,0,0,0,3,1,1,5,10,0,0,0,3,1,1,5,1000,0,0,0,0,0,0,0,0,0,0,0,0,0,0,0,0,0,0,0,0,0,0,0,0,0,0,0,0,0,0,0,0,0,0,0,0,0,0,0,0,0,0,0,0,0,0,0,0,0,0,0
1986,28,7,20,53.862,2,7,0,-1,1,0,1,1,25,0,0,0,1028,0,0,0,0,0,1,1,0,0,0,-271.8506912,0,0,0,0,3,1,1,5,10,0,0,0,3,1,1,5,1000,0,0,0,0,0,0,0,0,0,0,0,0,0,0,0,0,0,0,0,0,0,0,0,0,0,0,0,0,0,0,0,0,0,0,0,0,0,0,0,0,0,0,0,0,0,0,0,0,0,0,0
1986,28,7,22,29.862,2,7,0,-1,1,0,1,1,25,0,0,0,1028,0,0,0,0,0,1,1,0,0,0,-271.9375282,0,0,0,0,3,1,1,5,10,0,0,0,3,1,1,5,1000,0,0,0,0,0,0,0,0,0,0,0,0,0,0,0,0,0,0,0,0,0,0,0,0,0,0,0,0,0,0,0,0,0,0,0,0,0,0,0,0,0,0,0,0,0,0,0,0,0,0,0
1986,28,7,24,5.862,2,7,0,-1,1,0,1,1,25,0,0,0,1028,0,0,0,0,0,1,1,0,0,0,-272.024365,0,0,0,0,3,1,1,5,10,0,0,0,3,1,1,5,1000,0,0,0,0,0,0,0,0,0,0,0,0,0,0,0,0,0,0,0,0,0,0,0,0,0,0,0,0,0,0,0,0,0,0,0,0,0,0,0,0,0,0,0,0,0,0,0,0,0,0,0
1986,28,7,25,41.862,2,7,0,-1,1,0,1,1,25,0,0,0,1028,0,0,0,0,0,1,1,0,0,0,-272.1112017,0,0,0,0,3,1,1,5,10,0,0,0,3,1,1,5,1000,0,0,0,0,0,0,0,0,0,0,0,0,0,0,0,0,0,0,0,0,0,0,0,0,0,0,0,0,0,0,0,0,0,0,0,0,0,0,0,0,0,0,0,0,0,0,0,0,0,0,0
1986,28,7,27,17.861,2,7,0,-1,1,0,1,1,25,0,0,0,1028,0,0,0,0,0,1,1,0,0,0,-272.1980374,0,0,0,0,3,1,1,5,10,0,0,0,3,1,1,5,1000,0,0,0,0,0,0,0,0,0,0,0,0,0,0,0,0,0,0,0,0,0,0,0,0,0,0,0,0,0,0,0,0,0,0,0,0,0,0,0,0,0,0,0,0,0,0,0,0,0,0,0
1986,28,7,31,17.861,2,7,0,-1,1,0,1,1,25,0,0,0,1028,0,0,0,0,0,1,1,0,0,0,-272.4151281,0,0,0,0,3,1,1,5,10,0,0,0,3,1,1,5,1000,0,0,0,0,0,0,0,0,0,0,0,0,0,0,0,0,0,0,0,0,0,0,0,0,0,0,0,0,0,0,0,0,0,0,0,0,0,0,0,0,0,0,0,0,0,0,0,0,0,0,0
1986,28,7,32,53.861,2,7,0,-1,1,0,1,1,25,0,0,0,1028,0,0,0,0,0,1,1,0,0,0,-272.5019642,0,0,0,0,3,1,1,5,10,0,0,0,3,1,1,5,1000,0,0,0,0,0,0,0,0,0,0,0,0,0,0,0,0,0,0,0,0,0,0,0,0,0,0,0,0,0,0,0,0,0,0,0,0,0,0,0,0,0,0,0,0,0,0,0,0,0,0,0
1986,28,7,34,29.861,2,7,0,-1,1,0,1,1,25,0,0,0,1028,0,0,0,0,0,1,1,0,0,0,-272.5888001,0,0,0,0,3,1,1,5,10,0,0,0,3,1,1,5,1000,0,0,0,0,0,0,0,0,0,0,0,0,0,0,0,0,0,0,0,0,0,0,0,0,0,0,0,0,0,0,0,0,0,0,0,0,0,0,0,0,0,0,0,0,0,0,0,0,0,0,0
1986,28,7,36,5.861,2,7,0,-1,1,0,1,1,25,0,0,0,1028,0,0,0,0,0,1,1,0,0,0,-272.6756358,0,0,0,0,3,1,1,5,10,0,0,0,3,1,1,5,1000,0,0,0,0,0,0,0,0,0,0,0,0,0,0,0,0,0,0,0,0,0,0,0,0,0,0,0,0,0,0,0,0,0,0,0,0,0,0,0,0,0,0,0,0,0,0,0,0,0,0,0
1986,28,7,37,41.861,2,7,0,-1,1,0,1,1,25,0,0,0,1028,0,0,0,0,0,1,1,0,0,0,-272.7624714,0,0,0,0,3,1,1,5,10,0,0,0,3,1,1,5,1000,0,0,0,0,0,0,0,0,0,0,0,0,0,0,0,0,0,0,0,0,0,0,0,0,0,0,0,0,0,0,0,0,0,0,0,0,0,0,0,0,0,0,0,0,0,0,0,0,0,0,0
1986,28,7,39,17.861,2,7,0,-1,1,0,1,1,25,0,0,0,1028,0,0,0,0,0,1,1,0,0,0,-272.8493069,0,0,0,0,3,1,1,5,10,0,0,0,3,1,1,5,1000,0,0,0,0,0,0,0,0,0,0,0,0,0,0,0,0,0,0,0,0,0,0,0,0,0,0,0,0,0,0,0,0,0,0,0,0,0,0,0,0,0,0,0,0,0,0,0,0,0,0,0
1986,28,7,43,17.86,2,7,0,-1,1,0,1,1,25,0,0,0,1028,0,0,0,0,0,1,1,0,0,0,-273.0663941,0,0,0,0,3,1,1,5,10,0,0,0,3,1,1,5,1000,0,0,0,0,0,0,0,0,0,0,0,0,0,0,0,0,0,0,0,0,0,0,0,0,0,0,0,0,0,0,0,0,0,0,0,0,0,0,0,0,0,0,0,0,0,0,0,0,0,0,0
1986,28,7,44,53.86,2,7,0,-1,1,0,1,1,25,0,0,0,1028,0,0,0,0,0,1,1,0,0,0,-273.153229,0,0,0,0,3,1,1,5,10,0,0,0,3,1,1,5,1000,0,0,0,0,0,0,0,0,0,0,0,0,0,0,0,0,0,0,0,0,0,0,0,0,0,0,0,0,0,0,0,0,0,0,0,0,0,0,0,0,0,0,0,0,0,0,0,0,0,0,0
1986,28,7,46,29.86,2,7,0,-1,1,0,1,1,25,0,0,0,1028,0,0,0,0,0,1,1,0,0,0,-273.2400639,0,0,0,0,3,1,1,5,10,0,0,0,3,1,1,5,1000,0,0,0,0,0,0,0,0,0,0,0,0,0,0,0,0,0,0,0,0,0,0,0,0,0,0,0,0,0,0,0,0,0,0,0,0,0,0,0,0,0,0,0,0,0,0,0,0,0,0,0
1986,28,7,48,5.86,2,7,0,-1,1,0,1,1,25,0,0,0,1028,0,0,0,0,0,1,1,0,0,0,-273.3268986,0,0,0,0,3,1,1,5,10,0,0,0,3,1,1,5,1000,0,0,0,0,0,0,0,0,0,0,0,0,0,0,0,0,0,0,0,0,0,0,0,0,0,0,0,0,0,0,0,0,0,0,0,0,0,0,0,0,0,0,0,0,0,0,0,0,0,0,0
1986,28,7,49,41.86,2,7,0,-1,1,0,1,1,25,0,0,0,1028,0,0,0,0,0,1,1,0,0,0,-273.4137331,0,0,0,0,3,1,1,5,10,0,0,0,3,1,1,5,1000,0,0,0,0,0,0,0,0,0,0,0,0,0,0,0,0,0,0,0,0,0,0,0,0,0,0,0,0,0,0,0,0,0,0,0,0,0,0,0,0,0,0,0,0,0,0,0,0,0,0,0
1986,28,7,51,17.86,2,7,0,-1,1,0,1,1,25,0,0,0,1028,0,0,0,0,0,1,1,0,0,0,-273.5005675,0,0,0,0,3,1,1,5,10,0,0,0,3,1,1,5,1000,0,0,0,0,0,0,0,0,0,0,0,0,0,0,0,0,0,0,0,0,0,0,0,0,0,0,0,0,0,0,0,0,0,0,0,0,0,0,0,0,0,0,0,0,0,0,0,0,0,0,0
1986,28,7,55,17.86,2,7,0,-1,1,0,1,1,25,0,0,0,1028,0,0,0,0,0,1,1,0,0,0,-273.7176529,0,0,0,0,3,1,1,5,10,0,0,0,3,1,1,5,1000,0,0,0,0,0,0,0,0,0,0,0,0,0,0,0,0,0,0,0,0,0,0,0,0,0,0,0,0,0,0,0,0,0,0,0,0,0,0,0,0,0,0,0,0,0,0,0,0,0,0,0
1986,28,7,56,53.859,2,7,0,-1,1,0,1,1,25,0,0,0,1028,0,0,0,0,0,1,1,0,0,0,-273.8044864,0,0,0,0,3,1,1,5,10,0,0,0,3,1,1,5,1000,0,0,0,0,0,0,0,0,0,0,0,0,0,0,0,0,0,0,0,0,0,0,0,0,0,0,0,0,0,0,0,0,0,0,0,0,0,0,0,0,0,0,0,0,0,0,0,0,0,0,0
1986,28,7,58,29.859,2,7,0,-1,1,0,1,1,25,0,0,0,1028,0,0,0,0,0,1,1,0,0,0,-273.8913197,0,0,0,0,3,1,1,5,10,0,0,0,3,1,1,5,1000,0,0,0,0,0,0,0,0,0,0,0,0,0,0,0,0,0,0,0,0,0,0,0,0,0,0,0,0,0,0,0,0,0,0,0,0,0,0,0,0,0,0,0,0,0,0,0,0,0,0,0
1986,28,8,0,5.859,2,7,0,-1,1,0,1,1,25,0,0,0,1028,0,0,0,0,0,1,1,0,0,0,-273.9781533,0,0,0,0,3,1,1,5,10,0,0,0,3,1,1,5,1000,0,0,0,0,0,0,0,0,0,0,0,0,0,0,0,0,0,0,0,0,0,0,0,0,0,0,0,0,0,0,0,0,0,0,0,0,0,0,0,0,0,0,0,0,0,0,0,0,0,0,0
1986,28,8,1,41.859,2,7,0,-1,1,0,1,1,25,0,0,0,1028,0,0,0,0,0,1,1,0,0,0,-274.0649868,0,0,0,0,3,1,1,5,10,0,0,0,3,1,1,5,1000,0,0,0,0,0,0,0,0,0,0,0,0,0,0,0,0,0,0,0,0,0,0,0,0,0,0,0,0,0,0,0,0,0,0,0,0,0,0,0,0,0,0,0,0,0,0,0,0,0,0,0
1986,28,8,3,17.859,2,7,0,-1,1,0,1,1,25,0,0,0,1028,0,0,0,0,0,1,1,0,0,0,-274.1518201,0,0,0,0,3,1,1,5,10,0,0,0,3,1,1,5,1000,0,0,0,0,0,0,0,0,0,0,0,0,0,0,0,0,0,0,0,0,0,0,0,0,0,0,0,0,0,0,0,0,0,0,0,0,0,0,0,0,0,0,0,0,0,0,0,0,0,0,0
1986,28,8,7,17.859,2,7,0,-1,1,0,1,1,25,0,0,0,1028,0,0,0,0,0,1,1,0,0,0,-274.3689028,0,0,0,0,3,1,1,5,10,0,0,0,3,1,1,5,1000,0,0,0,0,0,0,0,0,0,0,0,0,0,0,0,0,0,0,0,0,0,0,0,0,0,0,0,0,0,0,0,0,0,0,0,0,0,0,0,0,0,0,0,0,0,0,0,0,0,0,0
1986,28,8,8,53.859,2,7,0,-1,1,0,1,1,25,0,0,0,1028,0,0,0,0,0,1,1,0,0,0,-274.4557357,0,0,0,0,3,1,1,5,10,0,0,0,3,1,1,5,1000,0,0,0,0,0,0,0,0,0,0,0,0,0,0,0,0,0,0,0,0,0,0,0,0,0,0,0,0,0,0,0,0,0,0,0,0,0,0,0,0,0,0,0,0,0,0,0,0,0,0,0
1986,28,8,10,29.859,2,7,0,-1,1,0,1,1,25,0,0,0,1028,0,0,0,0,0,1,1,0,0,0,-274.5425684,0,0,0,0,3,1,1,5,10,0,0,0,3,1,1,5,1000,0,0,0,0,0,0,0,0,0,0,0,0,0,0,0,0,0,0,0,0,0,0,0,0,0,0,0,0,0,0,0,0,0,0,0,0,0,0,0,0,0,0,0,0,0,0,0,0,0,0,0
1986,28,8,12,5.858,2,7,0,-1,1,0,1,1,25,0,0,0,1028,0,0,0,0,0,1,1,0,0,0,-274.6294005,0,0,0,0,3,1,1,5,10,0,0,0,3,1,1,5,1000,0,0,0,0,0,0,0,0,0,0,0,0,0,0,0,0,0,0,0,0,0,0,0,0,0,0,0,0,0,0,0,0,0,0,0,0,0,0,0,0,0,0,0,0,0,0,0,0,0,0,0
1986,28,8,13,41.858,2,7,0,-1,1,0,1,1,25,0,0,0,1028,0,0,0,0,0,1,1,0,0,0,-274.7162324,0,0,0,0,3,1,1,5,10,0,0,0,3,1,1,5,1000,0,0,0,0,0,0,0,0,0,0,0,0,0,0,0,0,0,0,0,0,0,0,0,0,0,0,0,0,0,0,0,0,0,0,0,0,0,0,0,0,0,0,0,0,0,0,0,0,0,0,0
1986,28,8,15,17.858,2,7,0,-1,1,0,1,1,25,0,0,0,1028,0,0,0,0,0,1,1,0,0,0,-274.8030647,0,0,0,0,3,1,1,5,10,0,0,0,3,1,1,5,1000,0,0,0,0,0,0,0,0,0,0,0,0,0,0,0,0,0,0,0,0,0,0,0,0,0,0,0,0,0,0,0,0,0,0,0,0,0,0,0,0,0,0,0,0,0,0,0,0,0,0,0
1986,28,8,19,17.858,2,7,0,-1,1,0,1,1,25,0,0,0,1028,0,0,0,0,0,1,1,0,0,0,-275.0201448,0,0,0,0,3,1,1,5,10,0,0,0,3,1,1,5,1000,0,0,0,0,0,0,0,0,0,0,0,0,0,0,0,0,0,0,0,0,0,0,0,0,0,0,0,0,0,0,0,0,0,0,0,0,0,0,0,0,0,0,0,0,0,0,0,0,0,0,0
1986,28,8,20,53.858,2,7,0,-1,1,0,1,1,25,0,0,0,1028,0,0,0,0,0,1,1,0,0,0,-275.1069766,0,0,0,0,3,1,1,5,10,0,0,0,3,1,1,5,1000,0,0,0,0,0,0,0,0,0,0,0,0,0,0,0,0,0,0,0,0,0,0,0,0,0,0,0,0,0,0,0,0,0,0,0,0,0,0,0,0,0,0,0,0,0,0,0,0,0,0,0
1986,28,8,22,29.858,2,7,0,-1,1,0,1,1,25,0,0,0,1028,0,0,0,0,0,1,1,0,0,0,-275.1938082,0,0,0,0,3,1,1,5,10,0,0,0,3,1,1,5,1000,0,0,0,0,0,0,0,0,0,0,0,0,0,0,0,0,0,0,0,0,0,0,0,0,0,0,0,0,0,0,0,0,0,0,0,0,0,0,0,0,0,0,0,0,0,0,0,0,0,0,0
1986,28,8,24,5.858,2,7,0,-1,1,0,1,1,25,0,0,0,1028,0,0,0,0,0,1,1,0,0,0,-275.2806397,0,0,0,0,3,1,1,5,10,0,0,0,3,1,1,5,1000,0,0,0,0,0,0,0,0,0,0,0,0,0,0,0,0,0,0,0,0,0,0,0,0,0,0,0,0,0,0,0,0,0,0,0,0,0,0,0,0,0,0,0,0,0,0,0,0,0,0,0
1986,28,8,25,41.858,2,7,0,-1,1,0,1,1,25,0,0,0,1028,0,0,0,0,0,1,1,0,0,0,-275.3674711,0,0,0,0,3,1,1,5,10,0,0,0,3,1,1,5,1000,0,0,0,0,0,0,0,0,0,0,0,0,0,0,0,0,0,0,0,0,0,0,0,0,0,0,0,0,0,0,0,0,0,0,0,0,0,0,0,0,0,0,0,0,0,0,0,0,0,0,0
1986,28,8,27,17.857,2,7,0,-1,1,0,1,1,25,0,0,0,1028,0,0,0,0,0,1,1,0,0,0,-275.4543018,0,0,0,0,3,1,1,5,10,0,0,0,3,1,1,5,1000,0,0,0,0,0,0,0,0,0,0,0,0,0,0,0,0,0,0,0,0,0,0,0,0,0,0,0,0,0,0,0,0,0,0,0,0,0,0,0,0,0,0,0,0,0,0,0,0,0,0,0
1986,28,8,31,17.857,2,7,0,-1,1,0,1,1,25,0,0,0,1028,0,0,0,0,0,1,1,0,0,0,-275.6713788,0,0,0,0,3,1,1,5,10,0,0,0,3,1,1,5,1000,0,0,0,0,0,0,0,0,0,0,0,0,0,0,0,0,0,0,0,0,0,0,0,0,0,0,0,0,0,0,0,0,0,0,0,0,0,0,0,0,0,0,0,0,0,0,0,0,0,0,0
1986,28,8,32,53.857,2,7,0,-1,1,0,1,1,25,0,0,0,1028,0,0,0,0,0,1,1,0,0,0,-275.7582095,0,0,0,0,3,1,1,5,10,0,0,0,3,1,1,5,1000,0,0,0,0,0,0,0,0,0,0,0,0,0,0,0,0,0,0,0,0,0,0,0,0,0,0,0,0,0,0,0,0,0,0,0,0,0,0,0,0,0,0,0,0,0,0,0,0,0,0,0
1986,28,8,34,29.857,2,7,0,-1,1,0,1,1,25,0,0,0,1028,0,0,0,0,0,1,1,0,0,0,-275.8450401,0,0,0,0,3,1,1,5,10,0,0,0,3,1,1,5,1000,0,0,0,0,0,0,0,0,0,0,0,0,0,0,0,0,0,0,0,0,0,0,0,0,0,0,0,0,0,0,0,0,0,0,0,0,0,0,0,0,0,0,0,0,0,0,0,0,0,0,0
1986,28,8,36,5.857,2,7,0,-1,1,0,1,1,25,0,0,0,1028,0,0,0,0,0,1,1,0,0,0,-275.9318706,0,0,0,0,3,1,1,5,10,0,0,0,3,1,1,5,1000,0,0,0,0,0,0,0,0,0,0,0,0,0,0,0,0,0,0,0,0,0,0,0,0,0,0,0,0,0,0,0,0,0,0,0,0,0,0,0,0,0,0,0,0,0,0,0,0,0,0,0
1986,28,8,37,41.857,2,7,0,-1,1,0,1,1,25,0,0,0,1028,0,0,0,0,0,1,1,0,0,0,-276.0187009,0,0,0,0,3,1,1,5,10,0,0,0,3,1,1,5,1000,0,0,0,0,0,0,0,0,0,0,0,0,0,0,0,0,0,0,0,0,0,0,0,0,0,0,0,0,0,0,0,0,0,0,0,0,0,0,0,0,0,0,0,0,0,0,0,0,0,0,0
1986,28,8,39,17.857,2,7,0,-1,1,0,1,1,25,0,0,0,1028,0,0,0,0,0,1,1,0,0,0,-276.105531,0,0,0,0,3,1,1,5,10,0,0,0,3,1,1,5,1000,0,0,0,0,0,0,0,0,0,0,0,0,0,0,0,0,0,0,0,0,0,0,0,0,0,0,0,0,0,0,0,0,0,0,0,0,0,0,0,0,0,0,0,0,0,0,0,0,0,0,0
1986,28,8,43,17.856,2,7,0,-1,1,0,1,1,25,0,0,0,1028,0,0,0,0,0,1,1,0,0,0,-276.3226049,0,0,0,0,3,1,1,5,10,0,0,0,3,1,1,5,1000,0,0,0,0,0,0,0,0,0,0,0,0,0,0,0,0,0,0,0,0,0,0,0,0,0,0,0,0,0,0,0,0,0,0,0,0,0,0,0,0,0,0,0,0,0,0,0,0,0,0,0
1986,28,8,44,53.856,2,7,0,-1,1,0,1,1,25,0,0,0,1028,0,0,0,0,0,1,1,0,0,0,-276.4094346,0,0,0,0,3,1,1,5,10,0,0,0,3,1,1,5,1000,0,0,0,0,0,0,0,0,0,0,0,0,0,0,0,0,0,0,0,0,0,0,0,0,0,0,0,0,0,0,0,0,0,0,0,0,0,0,0,0,0,0,0,0,0,0,0,0,0,0,0
1986,28,8,46,29.856,2,7,0,-1,1,0,1,1,25,0,0,0,1028,0,0,0,0,0,1,1,0,0,0,-276.4962641,0,0,0,0,3,1,1,5,10,0,0,0,3,1,1,5,1000,0,0,0,0,0,0,0,0,0,0,0,0,0,0,0,0,0,0,0,0,0,0,0,0,0,0,0,0,0,0,0,0,0,0,0,0,0,0,0,0,0,0,0,0,0,0,0,0,0,0,0
1986,28,8,48,5.856,2,7,0,-1,1,0,1,1,25,0,0,0,1028,0,0,0,0,0,1,1,0,0,0,-276.5830935,0,0,0,0,3,1,1,5,10,0,0,0,3,1,1,5,1000,0,0,0,0,0,0,0,0,0,0,0,0,0,0,0,0,0,0,0,0,0,0,0,0,0,0,0,0,0,0,0,0,0,0,0,0,0,0,0,0,0,0,0,0,0,0,0,0,0,0,0
1986,28,8,49,41.856,2,7,0,-1,1,0,1,1,25,0,0,0,1028,0,0,0,0,0,1,1,0,0,0,-276.6699228,0,0,0,0,3,1,1,5,10,0,0,0,3,1,1,5,1000,0,0,0,0,0,0,0,0,0,0,0,0,0,0,0,0,0,0,0,0,0,0,0,0,0,0,0,0,0,0,0,0,0,0,0,0,0,0,0,0,0,0,0,0,0,0,0,0,0,0,0
1986,28,8,51,17.856,2,7,0,-1,1,0,1,1,25,0,0,0,1028,0,0,0,0,0,1,1,0,0,0,-276.7567519,0,0,0,0,3,1,1,5,10,0,0,0,3,1,1,5,1000,0,0,0,0,0,0,0,0,0,0,0,0,0,0,0,0,0,0,0,0,0,0,0,0,0,0,0,0,0,0,0,0,0,0,0,0,0,0,0,0,0,0,0,0,0,0,0,0,0,0,0
1986,28,8,55,17.856,2,7,0,-1,1,0,1,1,25,0,0,0,1028,0,0,0,0,0,1,1,0,0,0,-276.9738241,0,0,0,0,3,1,1,5,10,0,0,0,3,1,1,5,1000,0,0,0,0,0,0,0,0,0,0,0,0,0,0,0,0,0,0,0,0,0,0,0,0,0,0,0,0,0,0,0,0,0,0,0,0,0,0,0,0,0,0,0,0,0,0,0,0,0,0,0
1986,28,8,56,53.855,2,7,0,-1,1,0,1,1,25,0,0,0,1028,0,0,0,0,0,1,1,0,0,0,-277.0606523,0,0,0,0,3,1,1,5,10,0,0,0,3,1,1,5,1000,0,0,0,0,0,0,0,0,0,0,0,0,0,0,0,0,0,0,0,0,0,0,0,0,0,0,0,0,0,0,0,0,0,0,0,0,0,0,0,0,0,0,0,0,0,0,0,0,0,0,0
1986,28,8,58,29.855,2,7,0,-1,1,0,1,1,25,0,0,0,1028,0,0,0,0,0,1,1,0,0,0,-277.1474803,0,0,0,0,3,1,1,5,10,0,0,0,3,1,1,5,1000,0,0,0,0,0,0,0,0,0,0,0,0,0,0,0,0,0,0,0,0,0,0,0,0,0,0,0,0,0,0,0,0,0,0,0,0,0,0,0,0,0,0,0,0,0,0,0,0,0,0,0
1986,28,9,0,5.855,2,7,0,-1,1,0,1,1,25,0,0,0,1028,0,0,0,0,0,1,1,0,0,0,-277.2343086,0,0,0,0,3,1,1,5,10,0,0,0,3,1,1,5,1000,0,0,0,0,0,0,0,0,0,0,0,0,0,0,0,0,0,0,0,0,0,0,0,0,0,0,0,0,0,0,0,0,0,0,0,0,0,0,0,0,0,0,0,0,0,0,0,0,0,0,0
1986,28,9,1,41.855,2,7,0,-1,1,0,1,1,25,0,0,0,1028,0,0,0,0,0,1,1,0,0,0,-277.3211369,0,0,0,0,3,1,1,5,10,0,0,0,3,1,1,5,1000,0,0,0,0,0,0,0,0,0,0,0,0,0,0,0,0,0,0,0,0,0,0,0,0,0,0,0,0,0,0,0,0,0,0,0,0,0,0,0,0,0,0,0,0,0,0,0,0,0,0,0
1986,28,9,3,17.855,2,7,0,-1,1,0,1,1,25,0,0,0,1028,0,0,0,0,0,1,1,0,0,0,-277.4079649,0,0,0,0,3,1,1,5,10,0,0,0,3,1,1,5,1000,0,0,0,0,0,0,0,0,0,0,0,0,0,0,0,0,0,0,0,0,0,0,0,0,0,0,0,0,0,0,0,0,0,0,0,0,0,0,0,0,0,0,0,0,0,0,0,0,0,0,0
1986,28,9,7,17.855,2,7,0,-1,1,0,1,1,25,0,0,0,1028,0,0,0,0,0,1,1,0,0,0,-277.6250345,0,0,0,0,3,1,1,5,10,0,0,0,3,1,1,5,1000,0,0,0,0,0,0,0,0,0,0,0,0,0,0,0,0,0,0,0,0,0,0,0,0,0,0,0,0,0,0,0,0,0,0,0,0,0,0,0,0,0,0,0,0,0,0,0,0,0,0,0
1986,28,9,8,53.855,2,7,0,-1,1,0,1,1,25,0,0,0,1028,0,0,0,0,0,1,1,0,0,0,-277.7118621,0,0,0,0,3,1,1,5,10,0,0,0,3,1,1,5,1000,0,0,0,0,0,0,0,0,0,0,0,0,0,0,0,0,0,0,0,0,0,0,0,0,0,0,0,0,0,0,0,0,0,0,0,0,0,0,0,0,0,0,0,0,0,0,0,0,0,0,0
1986,28,9,10,29.855,2,7,0,-1,1,0,1,1,25,0,0,0,1028,0,0,0,0,0,1,1,0,0,0,-277.7986895,0,0,0,0,3,1,1,5,10,0,0,0,3,1,1,5,1000,0,0,0,0,0,0,0,0,0,0,0,0,0,0,0,0,0,0,0,0,0,0,0,0,0,0,0,0,0,0,0,0,0,0,0,0,0,0,0,0,0,0,0,0,0,0,0,0,0,0,0
1986,28,9,12,5.854,2,7,0,-1,1,0,1,1,25,0,0,0,1028,0,0,0,0,0,1,1,0,0,0,-277.8855164,0,0,0,0,3,1,1,5,10,0,0,0,3,1,1,5,1000,0,0,0,0,0,0,0,0,0,0,0,0,0,0,0,0,0,0,0,0,0,0,0,0,0,0,0,0,0,0,0,0,0,0,0,0,0,0,0,0,0,0,0,0,0,0,0,0,0,0,0
1986,28,9,13,41.854,2,7,0,-1,1,0,1,1,25,0,0,0,1028,0,0,0,0,0,1,1,0,0,0,-277.9723431,0,0,0,0,3,1,1,5,10,0,0,0,3,1,1,5,1000,0,0,0,0,0,0,0,0,0,0,0,0,0,0,0,0,0,0,0,0,0,0,0,0,0,0,0,0,0,0,0,0,0,0,0,0,0,0,0,0,0,0,0,0,0,0,0,0,0,0,0
1986,28,9,15,17.854,2,7,0,-1,1,0,1,1,25,0,0,0,1028,0,0,0,0,0,1,1,0,0,0,-278.0591701,0,0,0,0,3,1,1,5,10,0,0,0,3,1,1,5,1000,0,0,0,0,0,0,0,0,0,0,0,0,0,0,0,0,0,0,0,0,0,0,0,0,0,0,0,0,0,0,0,0,0,0,0,0,0,0,0,0,0,0,0,0,0,0,0,0,0,0,0
1986,28,9,19,17.854,2,7,0,-1,1,0,1,1,25,0,0,0,1028,0,0,0,0,0,1,1,0,0,0,-278.2762371,0,0,0,0,3,1,1,5,10,0,0,0,3,1,1,5,1000,0,0,0,0,0,0,0,0,0,0,0,0,0,0,0,0,0,0,0,0,0,0,0,0,0,0,0,0,0,0,0,0,0,0,0,0,0,0,0,0,0,0,0,0,0,0,0,0,0,0,0
1986,28,9,20,53.854,2,7,0,-1,1,0,1,1,25,0,0,0,1028,0,0,0,0,0,1,1,0,0,0,-278.3630637,0,0,0,0,3,1,1,5,10,0,0,0,3,1,1,5,1000,0,0,0,0,0,0,0,0,0,0,0,0,0,0,0,0,0,0,0,0,0,0,0,0,0,0,0,0,0,0,0,0,0,0,0,0,0,0,0,0,0,0,0,0,0,0,0,0,0,0,0
1986,28,9,22,29.854,2,7,0,-1,1,0,1,1,25,0,0,0,1028,0,0,0,0,0,1,1,0,0,0,-278.4498901,0,0,0,0,3,1,1,5,10,0,0,0,3,1,1,5,1000,0,0,0,0,0,0,0,0,0,0,0,0,0,0,0,0,0,0,0,0,0,0,0,0,0,0,0,0,0,0,0,0,0,0,0,0,0,0,0,0,0,0,0,0,0,0,0,0,0,0,0
1986,28,9,24,5.854,2,7,0,-1,1,0,1,1,25,0,0,0,1028,0,0,0,0,0,1,1,0,0,0,-278.5367164,0,0,0,0,3,1,1,5,10,0,0,0,3,1,1,5,1000,0,0,0,0,0,0,0,0,0,0,0,0,0,0,0,0,0,0,0,0,0,0,0,0,0,0,0,0,0,0,0,0,0,0,0,0,0,0,0,0,0,0,0,0,0,0,0,0,0,0,0
1986,28,9,25,41.854,2,7,0,-1,1,0,1,1,25,0,0,0,1028,0,0,0,0,0,1,1,0,0,0,-278.6235425,0,0,0,0,3,1,1,5,10,0,0,0,3,1,1,5,1000,0,0,0,0,0,0,0,0,0,0,0,0,0,0,0,0,0,0,0,0,0,0,0,0,0,0,0,0,0,0,0,0,0,0,0,0,0,0,0,0,0,0,0,0,0,0,0,0,0,0,0
1986,28,9,27,17.853,2,7,0,-1,1,0,1,1,25,0,0,0,1028,0,0,0,0,0,1,1,0,0,0,-278.710368,0,0,0,0,3,1,1,5,10,0,0,0,3,1,1,5,1000,0,0,0,0,0,0,0,0,0,0,0,0,0,0,0,0,0,0,0,0,0,0,0,0,0,0,0,0,0,0,0,0,0,0,0,0,0,0,0,0,0,0,0,0,0,0,0,0,0,0,0
1986,28,9,31,17.853,2,7,0,-1,1,0,1,1,25,0,0,0,1028,0,0,0,0,0,1,1,0,0,0,-278.927432,0,0,0,0,3,1,1,5,10,0,0,0,3,1,1,5,1000,0,0,0,0,0,0,0,0,0,0,0,0,0,0,0,0,0,0,0,0,0,0,0,0,0,0,0,0,0,0,0,0,0,0,0,0,0,0,0,0,0,0,0,0,0,0,0,0,0,0,0
1986,28,9,32,53.853,2,7,0,-1,1,0,1,1,25,0,0,0,1028,0,0,0,0,0,1,1,0,0,0,-279.0142575,0,0,0,0,3,1,1,5,10,0,0,0,3,1,1,5,1000,0,0,0,0,0,0,0,0,0,0,0,0,0,0,0,0,0,0,0,0,0,0,0,0,0,0,0,0,0,0,0,0,0,0,0,0,0,0,0,0,0,0,0,0,0,0,0,0,0,0,0
1986,28,9,34,29.853,2,7,0,-1,1,0,1,1,25,0,0,0,1028,0,0,0,0,0,1,1,0,0,0,-279.1010829,0,0,0,0,3,1,1,5,10,0,0,0,3,1,1,5,1000,0,0,0,0,0,0,0,0,0,0,0,0,0,0,0,0,0,0,0,0,0,0,0,0,0,0,0,0,0,0,0,0,0,0,0,0,0,0,0,0,0,0,0,0,0,0,0,0,0,0,0
1986,28,9,36,5.853,2,7,0,-1,1,0,1,1,25,0,0,0,1028,0,0,0,0,0,1,1,0,0,0,-279.1879081,0,0,0,0,3,1,1,5,10,0,0,0,3,1,1,5,1000,0,0,0,0,0,0,0,0,0,0,0,0,0,0,0,0,0,0,0,0,0,0,0,0,0,0,0,0,0,0,0,0,0,0,0,0,0,0,0,0,0,0,0,0,0,0,0,0,0,0,0
1986,28,9,37,41.853,2,7,0,-1,1,0,1,1,25,0,0,0,1028,0,0,0,0,0,1,1,0,0,0,-279.2747332,0,0,0,0,3,1,1,5,10,0,0,0,3,1,1,5,1000,0,0,0,0,0,0,0,0,0,0,0,0,0,0,0,0,0,0,0,0,0,0,0,0,0,0,0,0,0,0,0,0,0,0,0,0,0,0,0,0,0,0,0,0,0,0,0,0,0,0,0
1986,28,9,39,17.853,2,7,0,-1,1,0,1,1,25,0,0,0,1028,0,0,0,0,0,1,1,0,0,0,-279.3615582,0,0,0,0,3,1,1,5,10,0,0,0,3,1,1,5,1000,0,0,0,0,0,0,0,0,0,0,0,0,0,0,0,0,0,0,0,0,0,0,0,0,0,0,0,0,0,0,0,0,0,0,0,0,0,0,0,0,0,0,0,0,0,0,0,0,0,0,0
1986,28,9,43,17.852,2,7,0,-1,1,0,1,1,25,0,0,0,1028,0,0,0,0,0,1,1,0,0,0,-279.5786191,0,0,0,0,3,1,1,5,10,0,0,0,3,1,1,5,1000,0,0,0,0,0,0,0,0,0,0,0,0,0,0,0,0,0,0,0,0,0,0,0,0,0,0,0,0,0,0,0,0,0,0,0,0,0,0,0,0,0,0,0,0,0,0,0,0,0,0,0
1986,28,9,44,53.852,2,7,0,-1,1,0,1,1,25,0,0,0,1028,0,0,0,0,0,1,1,0,0,0,-279.6654436,0,0,0,0,3,1,1,5,10,0,0,0,3,1,1,5,1000,0,0,0,0,0,0,0,0,0,0,0,0,0,0,0,0,0,0,0,0,0,0,0,0,0,0,0,0,0,0,0,0,0,0,0,0,0,0,0,0,0,0,0,0,0,0,0,0,0,0,0
1986,28,9,46,29.852,2,7,0,-1,1,0,1,1,25,0,0,0,1028,0,0,0,0,0,1,1,0,0,0,-279.7522679,0,0,0,0,3,1,1,5,10,0,0,0,3,1,1,5,1000,0,0,0,0,0,0,0,0,0,0,0,0,0,0,0,0,0,0,0,0,0,0,0,0,0,0,0,0,0,0,0,0,0,0,0,0,0,0,0,0,0,0,0,0,0,0,0,0,0,0,0
1986,28,9,48,5.852,2,7,0,-1,1,0,1,1,25,0,0,0,1028,0,0,0,0,0,1,1,0,0,0,-279.8390921,0,0,0,0,3,1,1,5,10,0,0,0,3,1,1,5,1000,0,0,0,0,0,0,0,0,0,0,0,0,0,0,0,0,0,0,0,0,0,0,0,0,0,0,0,0,0,0,0,0,0,0,0,0,0,0,0,0,0,0,0,0,0,0,0,0,0,0,0
1986,28,9,49,41.852,2,7,0,-1,1,0,1,1,25,0,0,0,1028,0,0,0,0,0,1,1,0,0,0,-279.9259162,0,0,0,0,3,1,1,5,10,0,0,0,3,1,1,5,1000,0,0,0,0,0,0,0,0,0,0,0,0,0,0,0,0,0,0,0,0,0,0,0,0,0,0,0,0,0,0,0,0,0,0,0,0,0,0,0,0,0,0,0,0,0,0,0,0,0,0,0
1986,28,9,51,17.852,2,7,0,-1,1,0,1,1,25,0,0,0,1028,0,0,0,0,0,1,1,0,0,0,-280.0127401,0,0,0,0,3,1,1,5,10,0,0,0,3,1,1,5,1000,0,0,0,0,0,0,0,0,0,0,0,0,0,0,0,0,0,0,0,0,0,0,0,0,0,0,0,0,0,0,0,0,0,0,0,0,0,0,0,0,0,0,0,0,0,0,0,0,0,0,0
1986,28,9,55,17.852,2,7,0,-1,1,0,1,1,25,0,0,0,1028,0,0,0,0,0,1,1,0,0,0,-280.2297994,0,0,0,0,3,1,1,5,10,0,0,0,3,1,1,5,1000,0,0,0,0,0,0,0,0,0,0,0,0,0,0,0,0,0,0,0,0,0,0,0,0,0,0,0,0,0,0,0,0,0,0,0,0,0,0,0,0,0,0,0,0,0,0,0,0,0,0,0
1986,28,9,56,53.852,2,7,0,-1,1,0,1,1,25,0,0,0,1028,0,0,0,0,0,1,1,0,0,0,-280.3166229,0,0,0,0,3,1,1,5,10,0,0,0,3,1,1,5,1000,0,0,0,0,0,0,0,0,0,0,0,0,0,0,0,0,0,0,0,0,0,0,0,0,0,0,0,0,0,0,0,0,0,0,0,0,0,0,0,0,0,0,0,0,0,0,0,0,0,0,0
1986,28,9,58,29.851,2,7,0,-1,1,0,1,1,25,0,0,0,1028,0,0,0,0,0,1,1,0,0,0,-280.4034453,0,0,0,0,3,1,1,5,10,0,0,0,3,1,1,5,1000,0,0,0,0,0,0,0,0,0,0,0,0,0,0,0,0,0,0,0,0,0,0,0,0,0,0,0,0,0,0,0,0,0,0,0,0,0,0,0,0,0,0,0,0,0,0,0,0,0,0,0
1986,28,10,0,5.851,2,7,0,-1,1,0,1,1,25,0,0,0,1028,0,0,0,0,0,1,1,0,0,0,-280.4902685,0,0,0,0,3,1,1,5,10,0,0,0,3,1,1,5,1000,0,0,0,0,0,0,0,0,0,0,0,0,0,0,0,0,0,0,0,0,0,0,0,0,0,0,0,0,0,0,0,0,0,0,0,0,0,0,0,0,0,0,0,0,0,0,0,0,0,0,0
1986,28,10,1,41.851,2,7,0,-1,1,0,1,1,25,0,0,0,1028,0,0,0,0,0,1,1,0,0,0,-280.5770915,0,0,0,0,3,1,1,5,10,0,0,0,3,1,1,5,1000,0,0,0,0,0,0,0,0,0,0,0,0,0,0,0,0,0,0,0,0,0,0,0,0,0,0,0,0,0,0,0,0,0,0,0,0,0,0,0,0,0,0,0,0,0,0,0,0,0,0,0
1986,28,10,3,17.851,2,7,0,-1,1,0,1,1,25,0,0,0,1028,0,0,0,0,0,1,1,0,0,0,-280.6639144,0,0,0,0,3,1,1,5,10,0,0,0,3,1,1,5,1000,0,0,0,0,0,0,0,0,0,0,0,0,0,0,0,0,0,0,0,0,0,0,0,0,0,0,0,0,0,0,0,0,0,0,0,0,0,0,0,0,0,0,0,0,0,0,0,0,0,0,0
1986,28,10,7,17.851,2,7,0,-1,1,0,1,1,25,0,0,0,1028,0,0,0,0,0,1,1,0,0,0,-280.8809711,0,0,0,0,3,1,1,5,10,0,0,0,3,1,1,5,1000,0,0,0,0,0,0,0,0,0,0,0,0,0,0,0,0,0,0,0,0,0,0,0,0,0,0,0,0,0,0,0,0,0,0,0,0,0,0,0,0,0,0,0,0,0,0,0,0,0,0,0
1986,28,10,10,29.851,2,7,0,-1,1,0,1,1,25,0,0,0,1028,0,0,0,0,0,1,1,0,0,0,-281.0546159,0,0,0,0,3,1,1,5,10,0,0,0,3,1,1,5,1000,0,0,0,0,0,0,0,0,0,0,0,0,0,0,0,0,0,0,0,0,0,0,0,0,0,0,0,0,0,0,0,0,0,0,0,0,0,0,0,0,0,0,0,0,0,0,0,0,0,0,0
1986,28,10,12,5.851,2,7,0,-1,1,0,1,1,25,0,0,0,1028,0,0,0,0,0,1,1,0,0,0,-281.1414381,0,0,0,0,3,1,1,5,10,0,0,0,3,1,1,5,1000,0,0,0,0,0,0,0,0,0,0,0,0,0,0,0,0,0,0,0,0,0,0,0,0,0,0,0,0,0,0,0,0,0,0,0,0,0,0,0,0,0,0,0,0,0,0,0,0,0,0,0
1986,28,10,13,41.85,2,7,0,-1,1,0,1,1,25,0,0,0,1028,0,0,0,0,0,1,1,0,0,0,-281.2282592,0,0,0,0,3,1,1,5,10,0,0,0,3,1,1,5,1000,0,0,0,0,0,0,0,0,0,0,0,0,0,0,0,0,0,0,0,0,0,0,0,0,0,0,0,0,0,0,0,0,0,0,0,0,0,0,0,0,0,0,0,0,0,0,0,0,0,0,0
1986,28,10,15,17.85,2,7,0,-1,1,0,1,1,25,0,0,0,1028,0,0,0,0,0,1,1,0,0,0,-281.3150811,0,0,0,0,3,1,1,5,10,0,0,0,3,1,1,5,1000,0,0,0,0,0,0,0,0,0,0,0,0,0,0,0,0,0,0,0,0,0,0,0,0,0,0,0,0,0,0,0,0,0,0,0,0,0,0,0,0,0,0,0,0,0,0,0,0,0,0,0
1986,28,10,19,17.85,2,7,0,-1,1,0,1,1,25,0,0,0,1028,0,0,0,0,0,1,1,0,0,0,-281.5321352,0,0,0,0,3,1,1,5,10,0,0,0,3,1,1,5,1000,0,0,0,0,0,0,0,0,0,0,0,0,0,0,0,0,0,0,0,0,0,0,0,0,0,0,0,0,0,0,0,0,0,0,0,0,0,0,0,0,0,0,0,0,0,0,0,0,0,0,0
1986,28,10,20,53.85,2,7,0,-1,1,0,1,1,25,0,0,0,1028,0,0,0,0,0,1,1,0,0,0,-281.6189567,0,0,0,0,3,1,1,5,10,0,0,0,3,1,1,5,1000,0,0,0,0,0,0,0,0,0,0,0,0,0,0,0,0,0,0,0,0,0,0,0,0,0,0,0,0,0,0,0,0,0,0,0,0,0,0,0,0,0,0,0,0,0,0,0,0,0,0,0
1986,28,10,22,29.85,2,7,0,-1,1,0,1,1,25,0,0,0,1028,0,0,0,0,0,1,1,0,0,0,-281.705778,0,0,0,0,3,1,1,5,10,0,0,0,3,1,1,5,1000,0,0,0,0,0,0,0,0,0,0,0,0,0,0,0,0,0,0,0,0,0,0,0,0,0,0,0,0,0,0,0,0,0,0,0,0,0,0,0,0,0,0,0,0,0,0,0,0,0,0,0
1986,28,10,24,5.85,2,7,0,-1,1,0,1,1,25,0,0,0,1028,0,0,0,0,0,1,1,0,0,0,-281.7925991,0,0,0,0,3,1,1,5,10,0,0,0,3,1,1,5,1000,0,0,0,0,0,0,0,0,0,0,0,0,0,0,0,0,0,0,0,0,0,0,0,0,0,0,0,0,0,0,0,0,0,0,0,0,0,0,0,0,0,0,0,0,0,0,0,0,0,0,0
1986,28,10,25,41.85,2,7,0,-1,1,0,1,1,25,0,0,0,1028,0,0,0,0,0,1,1,0,0,0,-281.8794201,0,0,0,0,3,1,1,5,10,0,0,0,3,1,1,5,1000,0,0,0,0,0,0,0,0,0,0,0,0,0,0,0,0,0,0,0,0,0,0,0,0,0,0,0,0,0,0,0,0,0,0,0,0,0,0,0,0,0,0,0,0,0,0,0,0,0,0,0
1986,28,10,27,17.85,2,7,0,-1,1,0,1,1,25,0,0,0,1028,0,0,0,0,0,1,1,0,0,0,-281.966241,0,0,0,0,3,1,1,5,10,0,0,0,3,1,1,5,1000,0,0,0,0,0,0,0,0,0,0,0,0,0,0,0,0,0,0,0,0,0,0,0,0,0,0,0,0,0,0,0,0,0,0,0,0,0,0,0,0,0,0,0,0,0,0,0,0,0,0,0
1986,28,10,31,17.849,2,7,0,-1,1,0,1,1,25,0,0,0,1028,0,0,0,0,0,1,1,0,0,0,-282.1832917,0,0,0,0,3,1,1,5,10,0,0,0,3,1,1,5,1000,0,0,0,0,0,0,0,0,0,0,0,0,0,0,0,0,0,0,0,0,0,0,0,0,0,0,0,0,0,0,0,0,0,0,0,0,0,0,0,0,0,0,0,0,0,0,0,0,0,0,0
1986,28,10,32,53.849,2,7,0,-1,1,0,1,1,25,0,0,0,1028,0,0,0,0,0,1,1,0,0,0,-282.2701121,0,0,0,0,3,1,1,5,10,0,0,0,3,1,1,5,1000,0,0,0,0,0,0,0,0,0,0,0,0,0,0,0,0,0,0,0,0,0,0,0,0,0,0,0,0,0,0,0,0,0,0,0,0,0,0,0,0,0,0,0,0,0,0,0,0,0,0,0
1986,28,10,34,29.849,2,7,0,-1,1,0,1,1,25,0,0,0,1028,0,0,0,0,0,1,1,0,0,0,-282.3569324,0,0,0,0,3,1,1,5,10,0,0,0,3,1,1,5,1000,0,0,0,0,0,0,0,0,0,0,0,0,0,0,0,0,0,0,0,0,0,0,0,0,0,0,0,0,0,0,0,0,0,0,0,0,0,0,0,0,0,0,0,0,0,0,0,0,0,0,0
1986,28,10,36,5.849,2,7,0,-1,1,0,1,1,25,0,0,0,1028,0,0,0,0,0,1,1,0,0,0,-282.4437526,0,0,0,0,3,1,1,5,10,0,0,0,3,1,1,5,1000,0,0,0,0,0,0,0,0,0,0,0,0,0,0,0,0,0,0,0,0,0,0,0,0,0,0,0,0,0,0,0,0,0,0,0,0,0,0,0,0,0,0,0,0,0,0,0,0,0,0,0
1986,28,10,37,41.849,2,7,0,-1,1,0,1,1,25,0,0,0,1028,0,0,0,0,0,1,1,0,0,0,-282.5305726,0,0,0,0,3,1,1,5,10,0,0,0,3,1,1,5,1000,0,0,0,0,0,0,0,0,0,0,0,0,0,0,0,0,0,0,0,0,0,0,0,0,0,0,0,0,0,0,0,0,0,0,0,0,0,0,0,0,0,0,0,0,0,0,0,0,0,0,0
1986,28,10,39,17.849,2,7,0,-1,1,0,1,1,25,0,0,0,1028,0,0,0,0,0,1,1,0,0,0,-282.6173925,0,0,0,0,3,1,1,5,10,0,0,0,3,1,1,5,1000,0,0,0,0,0,0,0,0,0,0,0,0,0,0,0,0,0,0,0,0,0,0,0,0,0,0,0,0,0,0,0,0,0,0,0,0,0,0,0,0,0,0,0,0,0,0,0,0,0,0,0
1986,28,10,43,17.848,2,7,0,-1,1,0,1,1,25,0,0,0,1028,0,0,0,0,0,1,1,0,0,0,-282.8344407,0,0,0,0,3,1,1,5,10,0,0,0,3,1,1,5,1000,0,0,0,0,0,0,0,0,0,0,0,0,0,0,0,0,0,0,0,0,0,0,0,0,0,0,0,0,0,0,0,0,0,0,0,0,0,0,0,0,0,0,0,0,0,0,0,0,0,0,0
1986,28,10,44,53.848,2,7,0,-1,1,0,1,1,25,0,0,0,1028,0,0,0,0,0,1,1,0,0,0,-282.9212601,0,0,0,0,3,1,1,5,10,0,0,0,3,1,1,5,1000,0,0,0,0,0,0,0,0,0,0,0,0,0,0,0,0,0,0,0,0,0,0,0,0,0,0,0,0,0,0,0,0,0,0,0,0,0,0,0,0,0,0,0,0,0,0,0,0,0,0,0
1986,28,10,46,29.848,2,7,0,-1,1,0,1,1,25,0,0,0,1028,0,0,0,0,0,1,1,0,0,0,-283.0080793,0,0,0,0,3,1,1,5,10,0,0,0,3,1,1,5,1000,0,0,0,0,0,0,0,0,0,0,0,0,0,0,0,0,0,0,0,0,0,0,0,0,0,0,0,0,0,0,0,0,0,0,0,0,0,0,0,0,0,0,0,0,0,0,0,0,0,0,0
1986,28,10,48,5.848,2,7,0,-1,1,0,1,1,25,0,0,0,1028,0,0,0,0,0,1,1,0,0,0,-283.0948985,0,0,0,0,3,1,1,5,10,0,0,0,3,1,1,5,1000,0,0,0,0,0,0,0,0,0,0,0,0,0,0,0,0,0,0,0,0,0,0,0,0,0,0,0,0,0,0,0,0,0,0,0,0,0,0,0,0,0,0,0,0,0,0,0,0,0,0,0
1986,28,10,49,41.848,2,7,0,-1,1,0,1,1,25,0,0,0,1028,0,0,0,0,0,1,1,0,0,0,-283.1817175,0,0,0,0,3,1,1,5,10,0,0,0,3,1,1,5,1000,0,0,0,0,0,0,0,0,0,0,0,0,0,0,0,0,0,0,0,0,0,0,0,0,0,0,0,0,0,0,0,0,0,0,0,0,0,0,0,0,0,0,0,0,0,0,0,0,0,0,0
1986,28,10,51,17.848,2,7,0,-1,1,0,1,1,25,0,0,0,1028,0,0,0,0,0,1,1,0,0,0,-283.2685363,0,0,0,0,3,1,1,5,10,0,0,0,3,1,1,5,1000,0,0,0,0,0,0,0,0,0,0,0,0,0,0,0,0,0,0,0,0,0,0,0,0,0,0,0,0,0,0,0,0,0,0,0,0,0,0,0,0,0,0,0,0,0,0,0,0,0,0,0
1986,28,10,55,17.848,2,7,0,-1,1,0,1,1,25,0,0,0,1028,0,0,0,0,0,1,1,0,0,0,-283.4855829,0,0,0,0,3,1,1,5,10,0,0,0,3,1,1,5,1000,0,0,0,0,0,0,0,0,0,0,0,0,0,0,0,0,0,0,0,0,0,0,0,0,0,0,0,0,0,0,0,0,0,0,0,0,0,0,0,0,0,0,0,0,0,0,0,0,0,0,0
1986,28,10,56,53.848,2,7,0,-1,1,0,1,1,25,0,0,0,1028,0,0,0,0,0,1,1,0,0,0,-283.5724013,0,0,0,0,3,1,1,5,10,0,0,0,3,1,1,5,1000,0,0,0,0,0,0,0,0,0,0,0,0,0,0,0,0,0,0,0,0,0,0,0,0,0,0,0,0,0,0,0,0,0,0,0,0,0,0,0,0,0,0,0,0,0,0,0,0,0,0,0
1986,28,10,58,29.847,2,7,0,-1,1,0,1,1,25,0,0,0,1028,0,0,0,0,0,1,1,0,0,0,-283.6592187,0,0,0,0,3,1,1,5,10,0,0,0,3,1,1,5,1000,0,0,0,0,0,0,0,0,0,0,0,0,0,0,0,0,0,0,0,0,0,0,0,0,0,0,0,0,0,0,0,0,0,0,0,0,0,0,0,0,0,0,0,0,0,0,0,0,0,0,0
1986,28,11,0,5.847,2,7,0,-1,1,0,1,1,25,0,0,0,1028,0,0,0,0,0,1,1,0,0,0,-283.7460368,0,0,0,0,3,1,1,5,10,0,0,0,3,1,1,5,1000,0,0,0,0,0,0,0,0,0,0,0,0,0,0,0,0,0,0,0,0,0,0,0,0,0,0,0,0,0,0,0,0,0,0,0,0,0,0,0,0,0,0,0,0,0,0,0,0,0,0,0
1986,28,11,1,41.847,2,7,0,-1,1,0,1,1,25,0,0,0,1028,0,0,0,0,0,1,1,0,0,0,-283.8328548,0,0,0,0,3,1,1,5,10,0,0,0,3,1,1,5,1000,0,0,0,0,0,0,0,0,0,0,0,0,0,0,0,0,0,0,0,0,0,0,0,0,0,0,0,0,0,0,0,0,0,0,0,0,0,0,0,0,0,0,0,0,0,0,0,0,0,0,0
1986,28,11,3,17.847,2,7,0,-1,1,0,1,1,25,0,0,0,1028,0,0,0,0,0,1,1,0,0,0,-283.9196727,0,0,0,0,3,1,1,5,10,0,0,0,3,1,1,5,1000,0,0,0,0,0,0,0,0,0,0,0,0,0,0,0,0,0,0,0,0,0,0,0,0,0,0,0,0,0,0,0,0,0,0,0,0,0,0,0,0,0,0,0,0,0,0,0,0,0,0,0
1986,28,11,7,17.847,2,7,0,-1,1,0,1,1,25,0,0,0,1028,0,0,0,0,0,1,1,0,0,0,-284.1367168,0,0,0,0,3,1,1,5,10,0,0,0,3,1,1,5,1000,0,0,0,0,0,0,0,0,0,0,0,0,0,0,0,0,0,0,0,0,0,0,0,0,0,0,0,0,0,0,0,0,0,0,0,0,0,0,0,0,0,0,0,0,0,0,0,0,0,0,0
1986,28,11,8,53.847,2,7,0,-1,1,0,1,1,25,0,0,0,1028,0,0,0,0,0,1,1,0,0,0,-284.2235342,0,0,0,0,3,1,1,5,10,0,0,0,3,1,1,5,1000,0,0,0,0,0,0,0,0,0,0,0,0,0,0,0,0,0,0,0,0,0,0,0,0,0,0,0,0,0,0,0,0,0,0,0,0,0,0,0,0,0,0,0,0,0,0,0,0,0,0,0
1986,28,11,10,29.847,2,7,0,-1,1,0,1,1,25,0,0,0,1028,0,0,0,0,0,1,1,0,0,0,-284.3103515,0,0,0,0,3,1,1,5,10,0,0,0,3,1,1,5,1000,0,0,0,0,0,0,0,0,0,0,0,0,0,0,0,0,0,0,0,0,0,0,0,0,0,0,0,0,0,0,0,0,0,0,0,0,0,0,0,0,0,0,0,0,0,0,0,0,0,0,0
1986,28,11,12,5.847,2,7,0,-1,1,0,1,1,25,0,0,0,1028,0,0,0,0,0,1,1,0,0,0,-284.3971686,0,0,0,0,3,1,1,5,10,0,0,0,3,1,1,5,1000,0,0,0,0,0,0,0,0,0,0,0,0,0,0,0,0,0,0,0,0,0,0,0,0,0,0,0,0,0,0,0,0,0,0,0,0,0,0,0,0,0,0,0,0,0,0,0,0,0,0,0
1986,28,11,13,41.846,2,7,0,-1,1,0,1,1,25,0,0,0,1028,0,0,0,0,0,1,1,0,0,0,-284.4839847,0,0,0,0,3,1,1,5,10,0,0,0,3,1,1,5,1000,0,0,0,0,0,0,0,0,0,0,0,0,0,0,0,0,0,0,0,0,0,0,0,0,0,0,0,0,0,0,0,0,0,0,0,0,0,0,0,0,0,0,0,0,0,0,0,0,0,0,0
1986,28,11,15,17.846,2,7,0,-1,1,0,1,1,25,0,0,0,1028,0,0,0,0,0,1,1,0,0,0,-284.5708016,0,0,0,0,3,1,1,5,10,0,0,0,3,1,1,5,1000,0,0,0,0,0,0,0,0,0,0,0,0,0,0,0,0,0,0,0,0,0,0,0,0,0,0,0,0,0,0,0,0,0,0,0,0,0,0,0,0,0,0,0,0,0,0,0,0,0,0,0
1986,28,11,19,17.846,2,7,0,-1,1,0,1,1,25,0,0,0,1028,0,0,0,0,0,1,1,0,0,0,-284.7878432,0,0,0,0,3,1,1,5,10,0,0,0,3,1,1,5,1000,0,0,0,0,0,0,0,0,0,0,0,0,0,0,0,0,0,0,0,0,0,0,0,0,0,0,0,0,0,0,0,0,0,0,0,0,0,0,0,0,0,0,0,0,0,0,0,0,0,0,0
1986,28,11,20,53.846,2,7,0,-1,1,0,1,1,25,0,0,0,1028,0,0,0,0,0,1,1,0,0,0,-284.8746596,0,0,0,0,3,1,1,5,10,0,0,0,3,1,1,5,1000,0,0,0,0,0,0,0,0,0,0,0,0,0,0,0,0,0,0,0,0,0,0,0,0,0,0,0,0,0,0,0,0,0,0,0,0,0,0,0,0,0,0,0,0,0,0,0,0,0,0,0
1986,28,11,22,29.846,2,7,0,-1,1,0,1,1,25,0,0,0,1028,0,0,0,0,0,1,1,0,0,0,-284.9614759,0,0,0,0,3,1,1,5,10,0,0,0,3,1,1,5,1000,0,0,0,0,0,0,0,0,0,0,0,0,0,0,0,0,0,0,0,0,0,0,0,0,0,0,0,0,0,0,0,0,0,0,0,0,0,0,0,0,0,0,0,0,0,0,0,0,0,0,0
1986,28,11,24,5.846,2,7,0,-1,1,0,1,1,25,0,0,0,1028,0,0,0,0,0,1,1,0,0,0,-285.048292,0,0,0,0,3,1,1,5,10,0,0,0,3,1,1,5,1000,0,0,0,0,0,0,0,0,0,0,0,0,0,0,0,0,0,0,0,0,0,0,0,0,0,0,0,0,0,0,0,0,0,0,0,0,0,0,0,0,0,0,0,0,0,0,0,0,0,0,0
1986,28,11,25,41.846,2,7,0,-1,1,0,1,1,25,0,0,0,1028,0,0,0,0,0,1,1,0,0,0,-285.135108,0,0,0,0,3,1,1,5,10,0,0,0,3,1,1,5,1000,0,0,0,0,0,0,0,0,0,0,0,0,0,0,0,0,0,0,0,0,0,0,0,0,0,0,0,0,0,0,0,0,0,0,0,0,0,0,0,0,0,0,0,0,0,0,0,0,0,0,0
1986,28,11,27,17.846,2,7,0,-1,1,0,1,1,25,0,0,0,1028,0,0,0,0,0,1,1,0,0,0,-285.2219239,0,0,0,0,3,1,1,5,10,0,0,0,3,1,1,5,1000,0,0,0,0,0,0,0,0,0,0,0,0,0,0,0,0,0,0,0,0,0,0,0,0,0,0,0,0,0,0,0,0,0,0,0,0,0,0,0,0,0,0,0,0,0,0,0,0,0,0,0
1986,28,11,31,17.845,2,7,0,-1,1,0,1,1,25,0,0,0,1028,0,0,0,0,0,1,1,0,0,0,-285.4389621,0,0,0,0,3,1,1,5,10,0,0,0,3,1,1,5,1000,0,0,0,0,0,0,0,0,0,0,0,0,0,0,0,0,0,0,0,0,0,0,0,0,0,0,0,0,0,0,0,0,0,0,0,0,0,0,0,0,0,0,0,0,0,0,0,0,0,0,0
1986,28,11,32,53.845,2,7,0,-1,1,0,1,1,25,0,0,0,1028,0,0,0,0,0,1,1,0,0,0,-285.5257775,0,0,0,0,3,1,1,5,10,0,0,0,3,1,1,5,1000,0,0,0,0,0,0,0,0,0,0,0,0,0,0,0,0,0,0,0,0,0,0,0,0,0,0,0,0,0,0,0,0,0,0,0,0,0,0,0,0,0,0,0,0,0,0,0,0,0,0,0
1986,28,11,34,29.845,2,7,0,-1,1,0,1,1,25,0,0,0,1028,0,0,0,0,0,1,1,0,0,0,-285.6125928,0,0,0,0,3,1,1,5,10,0,0,0,3,1,1,5,1000,0,0,0,0,0,0,0,0,0,0,0,0,0,0,0,0,0,0,0,0,0,0,0,0,0,0,0,0,0,0,0,0,0,0,0,0,0,0,0,0,0,0,0,0,0,0,0,0,0,0,0
1986,28,11,36,5.845,2,7,0,-1,1,0,1,1,25,0,0,0,1028,0,0,0,0,0,1,1,0,0,0,-285.699408,0,0,0,0,3,1,1,5,10,0,0,0,3,1,1,5,1000,0,0,0,0,0,0,0,0,0,0,0,0,0,0,0,0,0,0,0,0,0,0,0,0,0,0,0,0,0,0,0,0,0,0,0,0,0,0,0,0,0,0,0,0,0,0,0,0,0,0,0
1986,28,11,37,41.845,2,7,0,-1,1,0,1,1,25,0,0,0,1028,0,0,0,0,0,1,1,0,0,0,-285.786223,0,0,0,0,3,1,1,5,10,0,0,0,3,1,1,5,1000,0,0,0,0,0,0,0,0,0,0,0,0,0,0,0,0,0,0,0,0,0,0,0,0,0,0,0,0,0,0,0,0,0,0,0,0,0,0,0,0,0,0,0,0,0,0,0,0,0,0,0
1986,28,11,39,17.845,2,7,0,-1,1,0,1,1,25,0,0,0,1028,0,0,0,0,0,1,1,0,0,0,-285.8730379,0,0,0,0,3,1,1,5,10,0,0,0,3,1,1,5,1000,0,0,0,0,0,0,0,0,0,0,0,0,0,0,0,0,0,0,0,0,0,0,0,0,0,0,0,0,0,0,0,0,0,0,0,0,0,0,0,0,0,0,0,0,0,0,0,0,0,0,0
1986,28,11,43,17.844,2,7,0,-1,1,0,1,1,25,0,0,0,1028,0,0,0,0,0,1,1,0,0,0,-286.0900741,0,0,0,0,3,1,1,5,10,0,0,0,3,1,1,5,1000,0,0,0,0,0,0,0,0,0,0,0,0,0,0,0,0,0,0,0,0,0,0,0,0,0,0,0,0,0,0,0,0,0,0,0,0,0,0,0,0,0,0,0,0,0,0,0,0,0,0,0
1986,28,11,44,53.844,2,7,0,-1,1,0,1,1,25,0,0,0,1028,0,0,0,0,0,1,1,0,0,0,-286.1768881,0,0,0,0,3,1,1,5,10,0,0,0,3,1,1,5,1000,0,0,0,0,0,0,0,0,0,0,0,0,0,0,0,0,0,0,0,0,0,0,0,0,0,0,0,0,0,0,0,0,0,0,0,0,0,0,0,0,0,0,0,0,0,0,0,0,0,0,0
1986,28,11,46,29.844,2,7,0,-1,1,0,1,1,25,0,0,0,1028,0,0,0,0,0,1,1,0,0,0,-286.2637024,0,0,0,0,3,1,1,5,10,0,0,0,3,1,1,5,1000,0,0,0,0,0,0,0,0,0,0,0,0,0,0,0,0,0,0,0,0,0,0,0,0,0,0,0,0,0,0,0,0,0,0,0,0,0,0,0,0,0,0,0,0,0,0,0,0,0,0,0
1986,28,11,48,5.844,2,7,0,-1,1,0,1,1,25,0,0,0,1028,0,0,0,0,0,1,1,0,0,0,-286.3505165,0,0,0,0,3,1,1,5,10,0,0,0,3,1,1,5,1000,0,0,0,0,0,0,0,0,0,0,0,0,0,0,0,0,0,0,0,0,0,0,0,0,0,0,0,0,0,0,0,0,0,0,0,0,0,0,0,0,0,0,0,0,0,0,0,0,0,0,0
1986,28,11,49,41.844,2,7,0,-1,1,0,1,1,25,0,0,0,1028,0,0,0,0,0,1,1,0,0,0,-286.4373306,0,0,0,0,3,1,1,5,10,0,0,0,3,1,1,5,1000,0,0,0,0,0,0,0,0,0,0,0,0,0,0,0,0,0,0,0,0,0,0,0,0,0,0,0,0,0,0,0,0,0,0,0,0,0,0,0,0,0,0,0,0,0,0,0,0,0,0,0
1986,28,11,51,17.844,2,7,0,-1,1,0,1,1,25,0,0,0,1028,0,0,0,0,0,1,1,0,0,0,-286.5241445,0,0,0,0,3,1,1,5,10,0,0,0,3,1,1,5,1000,0,0,0,0,0,0,0,0,0,0,0,0,0,0,0,0,0,0,0,0,0,0,0,0,0,0,0,0,0,0,0,0,0,0,0,0,0,0,0,0,0,0,0,0,0,0,0,0,0,0,0
1986,28,11,55,17.844,2,7,0,-1,1,0,1,1,25,0,0,0,1028,0,0,0,0,0,1,1,0,0,0,-286.7411787,0,0,0,0,3,1,1,5,10,0,0,0,3,1,1,5,1000,0,0,0,0,0,0,0,0,0,0,0,0,0,0,0,0,0,0,0,0,0,0,0,0,0,0,0,0,0,0,0,0,0,0,0,0,0,0,0,0,0,0,0,0,0,0,0,0,0,0,0
1986,28,11,56,53.844,2,7,0,-1,1,0,1,1,25,0,0,0,1028,0,0,0,0,0,1,1,0,0,0,-286.8279921,0,0,0,0,3,1,1,5,10,0,0,0,3,1,1,5,1000,0,0,0,0,0,0,0,0,0,0,0,0,0,0,0,0,0,0,0,0,0,0,0,0,0,0,0,0,0,0,0,0,0,0,0,0,0,0,0,0,0,0,0,0,0,0,0,0,0,0,0
1986,28,11,58,29.843,2,7,0,-1,1,0,1,1,25,0,0,0,1028,0,0,0,0,0,1,1,0,0,0,-286.914805,0,0,0,0,3,1,1,5,10,0,0,0,3,1,1,5,1000,0,0,0,0,0,0,0,0,0,0,0,0,0,0,0,0,0,0,0,0,0,0,0,0,0,0,0,0,0,0,0,0,0,0,0,0,0,0,0,0,0,0,0,0,0,0,0,0,0,0,0
1986,28,12,7,17.84,2,7,0,-1,1,0,1,1,25,0,0,0,1028,0,0,0,0,0,1,1,0,0,0,-287.3922728,0,0,0,0,3,1,1,5,10,0,0,0,3,1,1,5,1000,0,0,0,0,0,0,0,0,0,0,0,0,0,0,0,0,0,0,0,0,0,0,0,0,0,0,0,0,0,0,0,0,0,0,0,0,0,0,0,0,0,0,0,0,0,0,0,0,0,0,0
1986,28,12,8,53.843,2,7,0,-1,1,0,1,1,25,0,0,0,1028,0,0,0,0,0,1,1,0,0,0,-287.4790879,0,0,0,0,3,1,1,5,10,0,0,0,3,1,1,5,1000,0,0,0,0,0,0,0,0,0,0,0,0,0,0,0,0,0,0,0,0,0,0,0,0,0,0,0,0,0,0,0,0,0,0,0,0,0,0,0,0,0,0,0,0,0,0,0,0,0,0,0
1986,28,12,12,5.843,2,7,0,-1,1,0,1,1,25,0,0,0,1028,0,0,0,0,0,1,1,0,0,0,-287.6527125,0,0,0,0,3,1,1,5,10,0,0,0,3,1,1,5,1000,0,0,0,0,0,0,0,0,0,0,0,0,0,0,0,0,0,0,0,0,0,0,0,0,0,0,0,0,0,0,0,0,0,0,0,0,0,0,0,0,0,0,0,0,0,0,0,0,0,0,0
1986,28,12,13,41.842,2,7,0,-1,1,0,1,1,25,0,0,0,1028,0,0,0,0,0,1,1,0,0,0,-287.7395241,0,0,0,0,3,1,1,5,10,0,0,0,3,1,1,5,1000,0,0,0,0,0,0,0,0,0,0,0,0,0,0,0,0,0,0,0,0,0,0,0,0,0,0,0,0,0,0,0,0,0,0,0,0,0,0,0,0,0,0,0,0,0,0,0,0,0,0,0
1986,28,12,15,17.842,2,7,0,-1,1,0,1,1,25,0,0,0,1028,0,0,0,0,0,1,1,0,0,0,-287.8263356,0,0,0,0,3,1,1,5,10,0,0,0,3,1,1,5,1000,0,0,0,0,0,0,0,0,0,0,0,0,0,0,0,0,0,0,0,0,0,0,0,0,0,0,0,0,0,0,0,0,0,0,0,0,0,0,0,0,0,0,0,0,0,0,0,0,0,0,0
1986,28,12,19,17.842,2,7,0,-1,1,0,1,1,25,0,0,0,1028,0,0,0,0,0,1,1,0,0,0,-288.0433649,0,0,0,0,3,1,1,5,10,0,0,0,3,1,1,5,1000,0,0,0,0,0,0,0,0,0,0,0,0,0,0,0,0,0,0,0,0,0,0,0,0,0,0,0,0,0,0,0,0,0,0,0,0,0,0,0,0,0,0,0,0,0,0,0,0,0,0,0
1986,28,12,20,53.842,2,7,0,-1,1,0,1,1,25,0,0,0,1028,0,0,0,0,0,1,1,0,0,0,-288.1301764,0,0,0,0,3,1,1,5,10,0,0,0,3,1,1,5,1000,0,0,0,0,0,0,0,0,0,0,0,0,0,0,0,0,0,0,0,0,0,0,0,0,0,0,0,0,0,0,0,0,0,0,0,0,0,0,0,0,0,0,0,0,0,0,0,0,0,0,0
1986,28,12,22,29.842,2,7,0,-1,1,0,1,1,25,0,0,0,1028,0,0,0,0,0,1,1,0,0,0,-288.2169878,0,0,0,0,3,1,1,5,10,0,0,0,3,1,1,5,1000,0,0,0,0,0,0,0,0,0,0,0,0,0,0,0,0,0,0,0,0,0,0,0,0,0,0,0,0,0,0,0,0,0,0,0,0,0,0,0,0,0,0,0,0,0,0,0,0,0,0,0
1986,28,12,24,5.842,2,7,0,-1,1,0,1,1,25,0,0,0,1028,0,0,0,0,0,1,1,0,0,0,-288.303799,0,0,0,0,3,1,1,5,10,0,0,0,3,1,1,5,1000,0,0,0,0,0,0,0,0,0,0,0,0,0,0,0,0,0,0,0,0,0,0,0,0,0,0,0,0,0,0,0,0,0,0,0,0,0,0,0,0,0,0,0,0,0,0,0,0,0,0,0
1986,28,12,25,41.842,2,7,0,-1,1,0,1,1,25,0,0,0,1028,0,0,0,0,0,1,1,0,0,0,-288.3906101,0,0,0,0,3,1,1,5,10,0,0,0,3,1,1,5,1000,0,0,0,0,0,0,0,0,0,0,0,0,0,0,0,0,0,0,0,0,0,0,0,0,0,0,0,0,0,0,0,0,0,0,0,0,0,0,0,0,0,0,0,0,0,0,0,0,0,0,0
1986,28,12,27,17.842,2,7,0,-1,1,0,1,1,25,0,0,0,1028,0,0,0,0,0,1,1,0,0,0,-288.4774211,0,0,0,0,3,1,1,5,10,0,0,0,3,1,1,5,1000,0,0,0,0,0,0,0,0,0,0,0,0,0,0,0,0,0,0,0,0,0,0,0,0,0,0,0,0,0,0,0,0,0,0,0,0,0,0,0,0,0,0,0,0,0,0,0,0,0,0,0
1986,28,12,31,17.841,2,7,0,-1,1,0,1,1,25,0,0,0,1028,0,0,0,0,0,1,1,0,0,0,-288.6944471,0,0,0,0,3,1,1,5,10,0,0,0,3,1,1,5,1000,0,0,0,0,0,0,0,0,0,0,0,0,0,0,0,0,0,0,0,0,0,0,0,0,0,0,0,0,0,0,0,0,0,0,0,0,0,0,0,0,0,0,0,0,0,0,0,0,0,0,0
1986,28,12,32,53.841,2,7,0,-1,1,0,1,1,25,0,0,0,1028,0,0,0,0,0,1,1,0,0,0,-288.7812576,0,0,0,0,3,1,1,5,10,0,0,0,3,1,1,5,1000,0,0,0,0,0,0,0,0,0,0,0,0,0,0,0,0,0,0,0,0,0,0,0,0,0,0,0,0,0,0,0,0,0,0,0,0,0,0,0,0,0,0,0,0,0,0,0,0,0,0,0
1986,28,12,34,29.841,2,7,0,-1,1,0,1,1,25,0,0,0,1028,0,0,0,0,0,1,1,0,0,0,-288.868068,0,0,0,0,3,1,1,5,10,0,0,0,3,1,1,5,1000,0,0,0,0,0,0,0,0,0,0,0,0,0,0,0,0,0,0,0,0,0,0,0,0,0,0,0,0,0,0,0,0,0,0,0,0,0,0,0,0,0,0,0,0,0,0,0,0,0,0,0
1986,28,12,36,5.841,2,7,0,-1,1,0,1,1,25,0,0,0,1028,0,0,0,0,0,1,1,0,0,0,-288.9548783,0,0,0,0,3,1,1,5,10,0,0,0,3,1,1,5,1000,0,0,0,0,0,0,0,0,0,0,0,0,0,0,0,0,0,0,0,0,0,0,0,0,0,0,0,0,0,0,0,0,0,0,0,0,0,0,0,0,0,0,0,0,0,0,0,0,0,0,0
1986,28,12,37,41.841,2,7,0,-1,1,0,1,1,25,0,0,0,1028,0,0,0,0,0,1,1,0,0,0,-289.0416884,0,0,0,0,3,1,1,5,10,0,0,0,3,1,1,5,1000,0,0,0,0,0,0,0,0,0,0,0,0,0,0,0,0,0,0,0,0,0,0,0,0,0,0,0,0,0,0,0,0,0,0,0,0,0,0,0,0,0,0,0,0,0,0,0,0,0,0,0
1986,28,12,39,17.841,2,7,0,-1,1,0,1,1,25,0,0,0,1028,0,0,0,0,0,1,1,0,0,0,-289.1284984,0,0,0,0,3,1,1,5,10,0,0,0,3,1,1,5,1000,0,0,0,0,0,0,0,0,0,0,0,0,0,0,0,0,0,0,0,0,0,0,0,0,0,0,0,0,0,0,0,0,0,0,0,0,0,0,0,0,0,0,0,0,0,0,0,0,0,0,0
1986,28,12,43,17.84,2,7,0,-1,1,0,1,1,25,0,0,0,1028,0,0,0,0,0,1,1,0,0,0,-289.3455225,0,0,0,0,3,1,1,5,10,0,0,0,3,1,1,5,1000,0,0,0,0,0,0,0,0,0,0,0,0,0,0,0,0,0,0,0,0,0,0,0,0,0,0,0,0,0,0,0,0,0,0,0,0,0,0,0,0,0,0,0,0,0,0,0,0,0,0,0
1986,28,12,44,53.84,2,7,0,-1,1,0,1,1,25,0,0,0,1028,0,0,0,0,0,1,1,0,0,0,-289.4323316,0,0,0,0,3,1,1,5,10,0,0,0,3,1,1,5,1000,0,0,0,0,0,0,0,0,0,0,0,0,0,0,0,0,0,0,0,0,0,0,0,0,0,0,0,0,0,0,0,0,0,0,0,0,0,0,0,0,0,0,0,0,0,0,0,0,0,0,0
1986,28,12,46,29.84,2,7,0,-1,1,0,1,1,25,0,0,0,1028,0,0,0,0,0,1,1,0,0,0,-289.519141,0,0,0,0,3,1,1,5,10,0,0,0,3,1,1,5,1000,0,0,0,0,0,0,0,0,0,0,0,0,0,0,0,0,0,0,0,0,0,0,0,0,0,0,0,0,0,0,0,0,0,0,0,0,0,0,0,0,0,0,0,0,0,0,0,0,0,0,0
1986,28,12,48,5.84,2,7,0,-1,1,0,1,1,25,0,0,0,1028,0,0,0,0,0,1,1,0,0,0,-289.6059503,0,0,0,0,3,1,1,5,10,0,0,0,3,1,1,5,1000,0,0,0,0,0,0,0,0,0,0,0,0,0,0,0,0,0,0,0,0,0,0,0,0,0,0,0,0,0,0,0,0,0,0,0,0,0,0,0,0,0,0,0,0,0,0,0,0,0,0,0
1986,28,12,49,41.84,2,7,0,-1,1,0,1,1,25,0,0,0,1028,0,0,0,0,0,1,1,0,0,0,-289.6927595,0,0,0,0,3,1,1,5,10,0,0,0,3,1,1,5,1000,0,0,0,0,0,0,0,0,0,0,0,0,0,0,0,0,0,0,0,0,0,0,0,0,0,0,0,0,0,0,0,0,0,0,0,0,0,0,0,0,0,0,0,0,0,0,0,0,0,0,0
1986,28,12,51,17.84,2,7,0,-1,1,0,1,1,25,0,0,0,1028,0,0,0,0,0,1,1,0,0,0,-289.7795685,0,0,0,0,3,1,1,5,10,0,0,0,3,1,1,5,1000,0,0,0,0,0,0,0,0,0,0,0,0,0,0,0,0,0,0,0,0,0,0,0,0,0,0,0,0,0,0,0,0,0,0,0,0,0,0,0,0,0,0,0,0,0,0,0,0,0,0,0
1986,28,12,55,17.84,2,7,0,-1,1,0,1,1,25,0,0,0,1028,0,0,0,0,0,1,1,0,0,0,-289.9965906,0,0,0,0,3,1,1,5,10,0,0,0,3,1,1,5,1000,0,0,0,0,0,0,0,0,0,0,0,0,0,0,0,0,0,0,0,0,0,0,0,0,0,0,0,0,0,0,0,0,0,0,0,0,0,0,0,0,0,0,0,0,0,0,0,0,0,0,0
1986,28,12,56,53.84,2,7,0,-1,1,0,1,1,25,0,0,0,1028,0,0,0,0,0,1,1,0,0,0,-290.0833992,0,0,0,0,3,1,1,5,10,0,0,0,3,1,1,5,1000,0,0,0,0,0,0,0,0,0,0,0,0,0,0,0,0,0,0,0,0,0,0,0,0,0,0,0,0,0,0,0,0,0,0,0,0,0,0,0,0,0,0,0,0,0,0,0,0,0,0,0
1986,28,12,58,29.839,2,7,0,-1,1,0,1,1,25,0,0,0,1028,0,0,0,0,0,1,1,0,0,0,-290.1702072,0,0,0,0,3,1,1,5,10,0,0,0,3,1,1,5,1000,0,0,0,0,0,0,0,0,0,0,0,0,0,0,0,0,0,0,0,0,0,0,0,0,0,0,0,0,0,0,0,0,0,0,0,0,0,0,0,0,0,0,0,0,0,0,0,0,0,0,0
1986,28,13,0,5.839,2,7,0,-1,1,0,1,1,25,0,0,0,1028,0,0,0,0,0,1,1,0,0,0,-290.2570151,0,0,0,0,3,1,1,5,10,0,0,0,3,1,1,5,1000,0,0,0,0,0,0,0,0,0,0,0,0,0,0,0,0,0,0,0,0,0,0,0,0,0,0,0,0,0,0,0,0,0,0,0,0,0,0,0,0,0,0,0,0,0,0,0,0,0,0,0
1986,28,13,1,41.839,2,7,0,-1,1,0,1,1,25,0,0,0,1028,0,0,0,0,0,1,1,0,0,0,-290.3438233,0,0,0,0,3,1,1,5,10,0,0,0,3,1,1,5,1000,0,0,0,0,0,0,0,0,0,0,0,0,0,0,0,0,0,0,0,0,0,0,0,0,0,0,0,0,0,0,0,0,0,0,0,0,0,0,0,0,0,0,0,0,0,0,0,0,0,0,0
1986,28,13,3,17.839,2,7,0,-1,1,0,1,1,25,0,0,0,1028,0,0,0,0,0,1,1,0,0,0,-290.4306314,0,0,0,0,3,1,1,5,10,0,0,0,3,1,1,5,1000,0,0,0,0,0,0,0,0,0,0,0,0,0,0,0,0,0,0,0,0,0,0,0,0,0,0,0,0,0,0,0,0,0,0,0,0,0,0,0,0,0,0,0,0,0,0,0,0,0,0,0
1986,28,13,7,17.839,2,7,0,-1,1,0,1,1,25,0,0,0,1028,0,0,0,0,0,1,1,0,0,0,-290.6476511,0,0,0,0,3,1,1,5,10,0,0,0,3,1,1,5,1000,0,0,0,0,0,0,0,0,0,0,0,0,0,0,0,0,0,0,0,0,0,0,0,0,0,0,0,0,0,0,0,0,0,0,0,0,0,0,0,0,0,0,0,0,0,0,0,0,0,0,0
1986,28,13,8,53.839,2,7,0,-1,1,0,1,1,25,0,0,0,1028,0,0,0,0,0,1,1,0,0,0,-290.7344587,0,0,0,0,3,1,1,5,10,0,0,0,3,1,1,5,1000,0,0,0,0,0,0,0,0,0,0,0,0,0,0,0,0,0,0,0,0,0,0,0,0,0,0,0,0,0,0,0,0,0,0,0,0,0,0,0,0,0,0,0,0,0,0,0,0,0,0,0
1986,28,13,10,29.839,2,7,0,-1,1,0,1,1,25,0,0,0,1028,0,0,0,0,0,1,1,0,0,0,-290.8212662,0,0,0,0,3,1,1,5,10,0,0,0,3,1,1,5,1000,0,0,0,0,0,0,0,0,0,0,0,0,0,0,0,0,0,0,0,0,0,0,0,0,0,0,0,0,0,0,0,0,0,0,0,0,0,0,0,0,0,0,0,0,0,0,0,0,0,0,0
1986,28,13,12,5.839,2,7,0,-1,1,0,1,1,25,0,0,0,1028,0,0,0,0,0,1,1,0,0,0,-290.9080736,0,0,0,0,3,1,1,5,10,0,0,0,3,1,1,5,1000,0,0,0,0,0,0,0,0,0,0,0,0,0,0,0,0,0,0,0,0,0,0,0,0,0,0,0,0,0,0,0,0,0,0,0,0,0,0,0,0,0,0,0,0,0,0,0,0,0,0,0
