YEAR,DOY,HOUR,MINUTE,SECOND,SPACECRAFT,PLANET_NUMBER,RESPONSE,L_OR_M_MODE,SHORT_OR_LONG,THRESHOLD_CURRENT,SAVE_PLOT,FIT,ITERATIONS,CHANNELS_CUPA,CHANNELS_CUPB,CHANNELS_CUPC,CHANNELS_CUPD,TOTAL_NUMBER_OF_FITTED_CHANNELS,CHI_SQUARE,VARY_V1,VARY_V2,VARY_V3,VARY_DENSITY,VARY_TEMPERATURE,VARY_KAPPA,ANALYTICAL_VPHI,V1,V2,V3,COMMON_TEMPERATURE,COMMON_KAPPA,DELAMERE_COMPOSITION,SPECIES_1,SPECIES_1_A,SPECIES_1_Z,SPECIES_1_N,SPECIES_1_T,SPECIES_1_KAPPA,SPECIES_1_N_UNCERT,SPECIES_1_T_UNCERT,SPECIES_2,SPECIES_2_A,SPECIES_2_Z,SPECIES_2_N,SPECIES_2_T,SPECIES_2_KAPPA,SPECIES_2_N_UNCERT,SPECIES_2_T_UNCERT,SPECIES_3,SPECIES_3_A,SPECIES_3_Z,SPECIES_3_N,SPECIES_3_T,SPECIES_3_KAPPA,SPECIES_3_N_UNCERT,SPECIES_3_T_UNCERT,SPECIES_4,SPECIES_4_A,SPECIES_4_Z,SPECIES_4_N,SPECIES_4_T,SPECIES_4_KAPPA,SPECIES_4_N_UNCERT,SPECIES_4_T_UNCERT,SPECIES_5,SPECIES_5_A,SPECIES_5_Z,SPECIES_5_N,SPECIES_5_T,SPECIES_5_KAPPA,SPECIES_5_N_UNCERT,SPECIES_5_T_UNCERT,SPECIES_6,SPECIES_6_A,SPECIES_6_Z,SPECIES_6_N,SPECIES_6_T,SPECIES_6_KAPPA,SPECIES_6_N_UNCERT,SPECIES_6_T_UNCERT,SPECIES_7,SPECIES_7_A,SPECIES_7_Z,SPECIES_7_N,SPECIES_7_T,SPECIES_7_KAPPA,SPECIES_7_N_UNCERT,SPECIES_7_T_UNCERT,SPECIES_8,SPECIES_8_A,SPECIES_8_Z,SPECIES_8_N,SPECIES_8_T,SPECIES_8_KAPPA,SPECIES_8_N_UNCERT,SPECIES_8_T_UNCERT
1986,24,7,25,42.243,2,7,0,-1,1,0,1,1,25,0,0,0,1028,0,0,0,0,0,1,1,0,0,0,-28.04271267,0,0,0,0,3,1,1,5,10,0,0,0,3,1,1,5,1000,0,0,0,0,0,0,0,0,0,0,0,0,0,0,0,0,0,0,0,0,0,0,0,0,0,0,0,0,0,0,0,0,0,0,0,0,0,0,0,0,0,0,0,0,0,0,0,0,0,0,0
1986,24,7,27,18.243,2,7,0,-1,1,0,1,1,25,0,0,0,1028,0,0,0,0,0,1,1,0,0,0,-28.00063887,0,0,0,0,3,1,1,5,10,0,0,0,3,1,1,5,1000,0,0,0,0,0,0,0,0,0,0,0,0,0,0,0,0,0,0,0,0,0,0,0,0,0,0,0,0,0,0,0,0,0,0,0,0,0,0,0,0,0,0,0,0,0,0,0,0,0,0,0
1986,24,7,31,18.243,2,7,0,-1,1,0,1,1,25,0,0,0,1028,0,0,0,0,0,1,1,0,0,0,-27.89545509,0,0,0,0,3,1,1,5,10,0,0,0,3,1,1,5,1000,0,0,0,0,0,0,0,0,0,0,0,0,0,0,0,0,0,0,0,0,0,0,0,0,0,0,0,0,0,0,0,0,0,0,0,0,0,0,0,0,0,0,0,0,0,0,0,0,0,0,0
1986,24,7,32,54.243,2,7,0,-1,1,0,1,1,25,0,0,0,1028,0,0,0,0,0,1,1,0,0,0,-27.85338185,0,0,0,0,3,1,1,5,10,0,0,0,3,1,1,5,1000,0,0,0,0,0,0,0,0,0,0,0,0,0,0,0,0,0,0,0,0,0,0,0,0,0,0,0,0,0,0,0,0,0,0,0,0,0,0,0,0,0,0,0,0,0,0,0,0,0,0,0
1986,24,7,34,30.243,2,7,0,-1,1,0,1,1,25,0,0,0,1028,0,0,0,0,0,1,1,0,0,0,-27.81130875,0,0,0,0,3,1,1,5,10,0,0,0,3,1,1,5,1000,0,0,0,0,0,0,0,0,0,0,0,0,0,0,0,0,0,0,0,0,0,0,0,0,0,0,0,0,0,0,0,0,0,0,0,0,0,0,0,0,0,0,0,0,0,0,0,0,0,0,0
1986,24,7,36,6.242,2,7,0,-1,1,0,1,1,25,0,0,0,1028,0,0,0,0,0,1,1,0,0,0,-27.76923623,0,0,0,0,3,1,1,5,10,0,0,0,3,1,1,5,1000,0,0,0,0,0,0,0,0,0,0,0,0,0,0,0,0,0,0,0,0,0,0,0,0,0,0,0,0,0,0,0,0,0,0,0,0,0,0,0,0,0,0,0,0,0,0,0,0,0,0,0
1986,24,7,37,42.242,2,7,0,-1,1,0,1,1,25,0,0,0,1028,0,0,0,0,0,1,1,0,0,0,-27.7271634,0,0,0,0,3,1,1,5,10,0,0,0,3,1,1,5,1000,0,0,0,0,0,0,0,0,0,0,0,0,0,0,0,0,0,0,0,0,0,0,0,0,0,0,0,0,0,0,0,0,0,0,0,0,0,0,0,0,0,0,0,0,0,0,0,0,0,0,0
1986,24,7,39,18.242,2,7,0,-1,1,0,1,1,25,0,0,0,1028,0,0,0,0,0,1,1,0,0,0,-27.68509068,0,0,0,0,3,1,1,5,10,0,0,0,3,1,1,5,1000,0,0,0,0,0,0,0,0,0,0,0,0,0,0,0,0,0,0,0,0,0,0,0,0,0,0,0,0,0,0,0,0,0,0,0,0,0,0,0,0,0,0,0,0,0,0,0,0,0,0,0
1986,24,7,43,18.242,2,7,0,-1,1,0,1,1,25,0,0,0,1028,0,0,0,0,0,1,1,0,0,0,-27.57990938,0,0,0,0,3,1,1,5,10,0,0,0,3,1,1,5,1000,0,0,0,0,0,0,0,0,0,0,0,0,0,0,0,0,0,0,0,0,0,0,0,0,0,0,0,0,0,0,0,0,0,0,0,0,0,0,0,0,0,0,0,0,0,0,0,0,0,0,0
1986,24,7,44,54.242,2,7,0,-1,1,0,1,1,25,0,0,0,1028,0,0,0,0,0,1,1,0,0,0,-27.53783703,0,0,0,0,3,1,1,5,10,0,0,0,3,1,1,5,1000,0,0,0,0,0,0,0,0,0,0,0,0,0,0,0,0,0,0,0,0,0,0,0,0,0,0,0,0,0,0,0,0,0,0,0,0,0,0,0,0,0,0,0,0,0,0,0,0,0,0,0
1986,24,7,46,30.242,2,7,0,-1,1,0,1,1,25,0,0,0,1028,0,0,0,0,0,1,1,0,0,0,-27.49576476,0,0,0,0,3,1,1,5,10,0,0,0,3,1,1,5,1000,0,0,0,0,0,0,0,0,0,0,0,0,0,0,0,0,0,0,0,0,0,0,0,0,0,0,0,0,0,0,0,0,0,0,0,0,0,0,0,0,0,0,0,0,0,0,0,0,0,0,0
1986,24,7,48,6.242,2,7,0,-1,1,0,1,1,25,0,0,0,1028,0,0,0,0,0,1,1,0,0,0,-27.45369257,0,0,0,0,3,1,1,5,10,0,0,0,3,1,1,5,1000,0,0,0,0,0,0,0,0,0,0,0,0,0,0,0,0,0,0,0,0,0,0,0,0,0,0,0,0,0,0,0,0,0,0,0,0,0,0,0,0,0,0,0,0,0,0,0,0,0,0,0
1986,24,7,49,42.242,2,7,0,-1,1,0,1,1,25,0,0,0,1028,0,0,0,0,0,1,1,0,0,0,-27.41162045,0,0,0,0,3,1,1,5,10,0,0,0,3,1,1,5,1000,0,0,0,0,0,0,0,0,0,0,0,0,0,0,0,0,0,0,0,0,0,0,0,0,0,0,0,0,0,0,0,0,0,0,0,0,0,0,0,0,0,0,0,0,0,0,0,0,0,0,0
1986,24,7,51,18.241,2,7,0,-1,1,0,1,1,25,0,0,0,1028,0,0,0,0,0,1,1,0,0,0,-27.36954882,0,0,0,0,3,1,1,5,10,0,0,0,3,1,1,5,1000,0,0,0,0,0,0,0,0,0,0,0,0,0,0,0,0,0,0,0,0,0,0,0,0,0,0,0,0,0,0,0,0,0,0,0,0,0,0,0,0,0,0,0,0,0,0,0,0,0,0,0
1986,24,7,55,18.241,2,7,0,-1,1,0,1,1,25,0,0,0,1028,0,0,0,0,0,1,1,0,0,0,-27.26436886,0,0,0,0,3,1,1,5,10,0,0,0,3,1,1,5,1000,0,0,0,0,0,0,0,0,0,0,0,0,0,0,0,0,0,0,0,0,0,0,0,0,0,0,0,0,0,0,0,0,0,0,0,0,0,0,0,0,0,0,0,0,0,0,0,0,0,0,0
1986,24,7,56,54.241,2,7,0,-1,1,0,1,1,25,0,0,0,1028,0,0,0,0,0,1,1,0,0,0,-27.22229693,0,0,0,0,3,1,1,5,10,0,0,0,3,1,1,5,1000,0,0,0,0,0,0,0,0,0,0,0,0,0,0,0,0,0,0,0,0,0,0,0,0,0,0,0,0,0,0,0,0,0,0,0,0,0,0,0,0,0,0,0,0,0,0,0,0,0,0,0
1986,24,7,58,30.241,2,7,0,-1,1,0,1,1,25,0,0,0,1028,0,0,0,0,0,1,1,0,0,0,-27.18022501,0,0,0,0,3,1,1,5,10,0,0,0,3,1,1,5,1000,0,0,0,0,0,0,0,0,0,0,0,0,0,0,0,0,0,0,0,0,0,0,0,0,0,0,0,0,0,0,0,0,0,0,0,0,0,0,0,0,0,0,0,0,0,0,0,0,0,0,0
1986,24,8,0,6.241,2,7,0,-1,1,0,1,1,25,0,0,0,1028,0,0,0,0,0,1,1,0,0,0,-27.13815311,0,0,0,0,3,1,1,5,10,0,0,0,3,1,1,5,1000,0,0,0,0,0,0,0,0,0,0,0,0,0,0,0,0,0,0,0,0,0,0,0,0,0,0,0,0,0,0,0,0,0,0,0,0,0,0,0,0,0,0,0,0,0,0,0,0,0,0,0
1986,24,8,1,42.241,2,7,0,-1,1,0,1,1,25,0,0,0,1028,0,0,0,0,0,1,1,0,0,0,-27.0960812,0,0,0,0,3,1,1,5,10,0,0,0,3,1,1,5,1000,0,0,0,0,0,0,0,0,0,0,0,0,0,0,0,0,0,0,0,0,0,0,0,0,0,0,0,0,0,0,0,0,0,0,0,0,0,0,0,0,0,0,0,0,0,0,0,0,0,0,0
1986,24,8,3,18.241,2,7,0,-1,1,0,1,1,25,0,0,0,1028,0,0,0,0,0,1,1,0,0,0,-27.05400927,0,0,0,0,3,1,1,5,10,0,0,0,3,1,1,5,1000,0,0,0,0,0,0,0,0,0,0,0,0,0,0,0,0,0,0,0,0,0,0,0,0,0,0,0,0,0,0,0,0,0,0,0,0,0,0,0,0,0,0,0,0,0,0,0,0,0,0,0
1986,24,8,7,18.24,2,7,0,-1,1,0,1,1,25,0,0,0,1028,0,0,0,0,0,1,1,0,0,0,-26.94882978,0,0,0,0,3,1,1,5,10,0,0,0,3,1,1,5,1000,0,0,0,0,0,0,0,0,0,0,0,0,0,0,0,0,0,0,0,0,0,0,0,0,0,0,0,0,0,0,0,0,0,0,0,0,0,0,0,0,0,0,0,0,0,0,0,0,0,0,0
1986,24,8,8,54.24,2,7,0,-1,1,0,1,1,25,0,0,0,1028,0,0,0,0,0,1,1,0,0,0,-26.90675774,0,0,0,0,3,1,1,5,10,0,0,0,3,1,1,5,1000,0,0,0,0,0,0,0,0,0,0,0,0,0,0,0,0,0,0,0,0,0,0,0,0,0,0,0,0,0,0,0,0,0,0,0,0,0,0,0,0,0,0,0,0,0,0,0,0,0,0,0
1986,24,8,10,30.24,2,7,0,-1,1,0,1,1,25,0,0,0,1028,0,0,0,0,0,1,1,0,0,0,-26.86468563,0,0,0,0,3,1,1,5,10,0,0,0,3,1,1,5,1000,0,0,0,0,0,0,0,0,0,0,0,0,0,0,0,0,0,0,0,0,0,0,0,0,0,0,0,0,0,0,0,0,0,0,0,0,0,0,0,0,0,0,0,0,0,0,0,0,0,0,0
1986,24,8,12,6.24,2,7,0,-1,1,0,1,1,25,0,0,0,1028,0,0,0,0,0,1,1,0,0,0,-26.82261345,0,0,0,0,3,1,1,5,10,0,0,0,3,1,1,5,1000,0,0,0,0,0,0,0,0,0,0,0,0,0,0,0,0,0,0,0,0,0,0,0,0,0,0,0,0,0,0,0,0,0,0,0,0,0,0,0,0,0,0,0,0,0,0,0,0,0,0,0
1986,24,8,13,42.24,2,7,0,-1,1,0,1,1,25,0,0,0,1028,0,0,0,0,0,1,1,0,0,0,-26.78054118,0,0,0,0,3,1,1,5,10,0,0,0,3,1,1,5,1000,0,0,0,0,0,0,0,0,0,0,0,0,0,0,0,0,0,0,0,0,0,0,0,0,0,0,0,0,0,0,0,0,0,0,0,0,0,0,0,0,0,0,0,0,0,0,0,0,0,0,0
1986,24,8,15,18.24,2,7,0,-1,1,0,1,1,25,0,0,0,1028,0,0,0,0,0,1,1,0,0,0,-26.73846883,0,0,0,0,3,1,1,5,10,0,0,0,3,1,1,5,1000,0,0,0,0,0,0,0,0,0,0,0,0,0,0,0,0,0,0,0,0,0,0,0,0,0,0,0,0,0,0,0,0,0,0,0,0,0,0,0,0,0,0,0,0,0,0,0,0,0,0,0
1986,24,8,19,18.24,2,7,0,-1,1,0,1,1,25,0,0,0,1028,0,0,0,0,0,1,1,0,0,0,-26.63328745,0,0,0,0,3,1,1,5,10,0,0,0,3,1,1,5,1000,0,0,0,0,0,0,0,0,0,0,0,0,0,0,0,0,0,0,0,0,0,0,0,0,0,0,0,0,0,0,0,0,0,0,0,0,0,0,0,0,0,0,0,0,0,0,0,0,0,0,0
1986,24,8,20,54.24,2,7,0,-1,1,0,1,1,25,0,0,0,1028,0,0,0,0,0,1,1,0,0,0,-26.59121489,0,0,0,0,3,1,1,5,10,0,0,0,3,1,1,5,1000,0,0,0,0,0,0,0,0,0,0,0,0,0,0,0,0,0,0,0,0,0,0,0,0,0,0,0,0,0,0,0,0,0,0,0,0,0,0,0,0,0,0,0,0,0,0,0,0,0,0,0
1986,24,8,22,30.239,2,7,0,-1,1,0,1,1,25,0,0,0,1028,0,0,0,0,0,1,1,0,0,0,-26.54914218,0,0,0,0,3,1,1,5,10,0,0,0,3,1,1,5,1000,0,0,0,0,0,0,0,0,0,0,0,0,0,0,0,0,0,0,0,0,0,0,0,0,0,0,0,0,0,0,0,0,0,0,0,0,0,0,0,0,0,0,0,0,0,0,0,0,0,0,0
1986,24,8,24,6.239,2,7,0,-1,1,0,1,1,25,0,0,0,1028,0,0,0,0,0,1,1,0,0,0,-26.50706909,0,0,0,0,3,1,1,5,10,0,0,0,3,1,1,5,1000,0,0,0,0,0,0,0,0,0,0,0,0,0,0,0,0,0,0,0,0,0,0,0,0,0,0,0,0,0,0,0,0,0,0,0,0,0,0,0,0,0,0,0,0,0,0,0,0,0,0,0
1986,24,8,25,42.239,2,7,0,-1,1,0,1,1,25,0,0,0,1028,0,0,0,0,0,1,1,0,0,0,-26.46499583,0,0,0,0,3,1,1,5,10,0,0,0,3,1,1,5,1000,0,0,0,0,0,0,0,0,0,0,0,0,0,0,0,0,0,0,0,0,0,0,0,0,0,0,0,0,0,0,0,0,0,0,0,0,0,0,0,0,0,0,0,0,0,0,0,0,0,0,0
1986,24,8,27,18.239,2,7,0,-1,1,0,1,1,25,0,0,0,1028,0,0,0,0,0,1,1,0,0,0,-26.42292238,0,0,0,0,3,1,1,5,10,0,0,0,3,1,1,5,1000,0,0,0,0,0,0,0,0,0,0,0,0,0,0,0,0,0,0,0,0,0,0,0,0,0,0,0,0,0,0,0,0,0,0,0,0,0,0,0,0,0,0,0,0,0,0,0,0,0,0,0
1986,24,8,31,18.239,2,7,0,-1,1,0,1,1,25,0,0,0,1028,0,0,0,0,0,1,1,0,0,0,-26.31773785,0,0,0,0,3,1,1,5,10,0,0,0,3,1,1,5,1000,0,0,0,0,0,0,0,0,0,0,0,0,0,0,0,0,0,0,0,0,0,0,0,0,0,0,0,0,0,0,0,0,0,0,0,0,0,0,0,0,0,0,0,0,0,0,0,0,0,0,0
1986,24,8,32,54.239,2,7,0,-1,1,0,1,1,25,0,0,0,1028,0,0,0,0,0,1,1,0,0,0,-26.27566365,0,0,0,0,3,1,1,5,10,0,0,0,3,1,1,5,1000,0,0,0,0,0,0,0,0,0,0,0,0,0,0,0,0,0,0,0,0,0,0,0,0,0,0,0,0,0,0,0,0,0,0,0,0,0,0,0,0,0,0,0,0,0,0,0,0,0,0,0
1986,24,8,34,30.239,2,7,0,-1,1,0,1,1,25,0,0,0,1028,0,0,0,0,0,1,1,0,0,0,-26.23358919,0,0,0,0,3,1,1,5,10,0,0,0,3,1,1,5,1000,0,0,0,0,0,0,0,0,0,0,0,0,0,0,0,0,0,0,0,0,0,0,0,0,0,0,0,0,0,0,0,0,0,0,0,0,0,0,0,0,0,0,0,0,0,0,0,0,0,0,0
1986,24,8,36,6.239,2,7,0,-1,1,0,1,1,25,0,0,0,1028,0,0,0,0,0,1,1,0,0,0,-26.19151469,0,0,0,0,3,1,1,5,10,0,0,0,3,1,1,5,1000,0,0,0,0,0,0,0,0,0,0,0,0,0,0,0,0,0,0,0,0,0,0,0,0,0,0,0,0,0,0,0,0,0,0,0,0,0,0,0,0,0,0,0,0,0,0,0,0,0,0,0
1986,24,8,37,42.238,2,7,0,-1,1,0,1,1,25,0,0,0,1028,0,0,0,0,0,1,1,0,0,0,-26.14943991,0,0,0,0,3,1,1,5,10,0,0,0,3,1,1,5,1000,0,0,0,0,0,0,0,0,0,0,0,0,0,0,0,0,0,0,0,0,0,0,0,0,0,0,0,0,0,0,0,0,0,0,0,0,0,0,0,0,0,0,0,0,0,0,0,0,0,0,0
1986,24,8,39,18.238,2,7,0,-1,1,0,1,1,25,0,0,0,1028,0,0,0,0,0,1,1,0,0,0,-26.10736463,0,0,0,0,3,1,1,5,10,0,0,0,3,1,1,5,1000,0,0,0,0,0,0,0,0,0,0,0,0,0,0,0,0,0,0,0,0,0,0,0,0,0,0,0,0,0,0,0,0,0,0,0,0,0,0,0,0,0,0,0,0,0,0,0,0,0,0,0
1986,24,8,43,18.238,2,7,0,-1,1,0,1,1,25,0,0,0,1028,0,0,0,0,0,1,1,0,0,0,-26.00217503,0,0,0,0,3,1,1,5,10,0,0,0,3,1,1,5,1000,0,0,0,0,0,0,0,0,0,0,0,0,0,0,0,0,0,0,0,0,0,0,0,0,0,0,0,0,0,0,0,0,0,0,0,0,0,0,0,0,0,0,0,0,0,0,0,0,0,0,0
1986,24,8,44,54.238,2,7,0,-1,1,0,1,1,25,0,0,0,1028,0,0,0,0,0,1,1,0,0,0,-25.9600986,0,0,0,0,3,1,1,5,10,0,0,0,3,1,1,5,1000,0,0,0,0,0,0,0,0,0,0,0,0,0,0,0,0,0,0,0,0,0,0,0,0,0,0,0,0,0,0,0,0,0,0,0,0,0,0,0,0,0,0,0,0,0,0,0,0,0,0,0
1986,24,8,46,30.238,2,7,0,-1,1,0,1,1,25,0,0,0,1028,0,0,0,0,0,1,1,0,0,0,-25.91802181,0,0,0,0,3,1,1,5,10,0,0,0,3,1,1,5,1000,0,0,0,0,0,0,0,0,0,0,0,0,0,0,0,0,0,0,0,0,0,0,0,0,0,0,0,0,0,0,0,0,0,0,0,0,0,0,0,0,0,0,0,0,0,0,0,0,0,0,0
1986,24,8,48,6.238,2,7,0,-1,1,0,1,1,25,0,0,0,1028,0,0,0,0,0,1,1,0,0,0,-25.87594464,0,0,0,0,3,1,1,5,10,0,0,0,3,1,1,5,1000,0,0,0,0,0,0,0,0,0,0,0,0,0,0,0,0,0,0,0,0,0,0,0,0,0,0,0,0,0,0,0,0,0,0,0,0,0,0,0,0,0,0,0,0,0,0,0,0,0,0,0
1986,24,8,49,42.238,2,7,0,-1,1,0,1,1,25,0,0,0,1028,0,0,0,0,0,1,1,0,0,0,-25.83386707,0,0,0,0,3,1,1,5,10,0,0,0,3,1,1,5,1000,0,0,0,0,0,0,0,0,0,0,0,0,0,0,0,0,0,0,0,0,0,0,0,0,0,0,0,0,0,0,0,0,0,0,0,0,0,0,0,0,0,0,0,0,0,0,0,0,0,0,0
1986,24,8,51,18.237,2,7,0,-1,1,0,1,1,25,0,0,0,1028,0,0,0,0,0,1,1,0,0,0,-25.79178954,0,0,0,0,3,1,1,5,10,0,0,0,3,1,1,5,1000,0,0,0,0,0,0,0,0,0,0,0,0,0,0,0,0,0,0,0,0,0,0,0,0,0,0,0,0,0,0,0,0,0,0,0,0,0,0,0,0,0,0,0,0,0,0,0,0,0,0,0
1986,24,8,56,54.237,2,7,0,-1,1,0,1,1,25,0,0,0,1028,0,0,0,0,0,1,1,0,0,0,-25.64451313,0,0,0,0,3,1,1,5,10,0,0,0,3,1,1,5,1000,0,0,0,0,0,0,0,0,0,0,0,0,0,0,0,0,0,0,0,0,0,0,0,0,0,0,0,0,0,0,0,0,0,0,0,0,0,0,0,0,0,0,0,0,0,0,0,0,0,0,0
1986,24,8,58,30.237,2,7,0,-1,1,0,1,1,25,0,0,0,1028,0,0,0,0,0,1,1,0,0,0,-25.60243309,0,0,0,0,3,1,1,5,10,0,0,0,3,1,1,5,1000,0,0,0,0,0,0,0,0,0,0,0,0,0,0,0,0,0,0,0,0,0,0,0,0,0,0,0,0,0,0,0,0,0,0,0,0,0,0,0,0,0,0,0,0,0,0,0,0,0,0,0
1986,24,9,0,6.237,2,7,0,-1,1,0,1,1,25,0,0,0,1028,0,0,0,0,0,1,1,0,0,0,-25.56035253,0,0,0,0,3,1,1,5,10,0,0,0,3,1,1,5,1000,0,0,0,0,0,0,0,0,0,0,0,0,0,0,0,0,0,0,0,0,0,0,0,0,0,0,0,0,0,0,0,0,0,0,0,0,0,0,0,0,0,0,0,0,0,0,0,0,0,0,0
1986,24,9,1,42.237,2,7,0,-1,1,0,1,1,25,0,0,0,1028,0,0,0,0,0,1,1,0,0,0,-25.51827145,0,0,0,0,3,1,1,5,10,0,0,0,3,1,1,5,1000,0,0,0,0,0,0,0,0,0,0,0,0,0,0,0,0,0,0,0,0,0,0,0,0,0,0,0,0,0,0,0,0,0,0,0,0,0,0,0,0,0,0,0,0,0,0,0,0,0,0,0
1986,24,9,3,18.237,2,7,0,-1,1,0,1,1,25,0,0,0,1028,0,0,0,0,0,1,1,0,0,0,-25.47618982,0,0,0,0,3,1,1,5,10,0,0,0,3,1,1,5,1000,0,0,0,0,0,0,0,0,0,0,0,0,0,0,0,0,0,0,0,0,0,0,0,0,0,0,0,0,0,0,0,0,0,0,0,0,0,0,0,0,0,0,0,0,0,0,0,0,0,0,0
1986,24,9,7,18.236,2,7,0,-1,1,0,1,1,25,0,0,0,1028,0,0,0,0,0,1,1,0,0,0,-25.37098367,0,0,0,0,3,1,1,5,10,0,0,0,3,1,1,5,1000,0,0,0,0,0,0,0,0,0,0,0,0,0,0,0,0,0,0,0,0,0,0,0,0,0,0,0,0,0,0,0,0,0,0,0,0,0,0,0,0,0,0,0,0,0,0,0,0,0,0,0
1986,24,9,8,54.236,2,7,0,-1,1,0,1,1,25,0,0,0,1028,0,0,0,0,0,1,1,0,0,0,-25.32889997,0,0,0,0,3,1,1,5,10,0,0,0,3,1,1,5,1000,0,0,0,0,0,0,0,0,0,0,0,0,0,0,0,0,0,0,0,0,0,0,0,0,0,0,0,0,0,0,0,0,0,0,0,0,0,0,0,0,0,0,0,0,0,0,0,0,0,0,0
1986,24,9,10,30.237,2,7,0,-1,1,0,1,1,25,0,0,0,1028,0,0,0,0,0,1,1,0,0,0,-25.28681541,0,0,0,0,3,1,1,5,10,0,0,0,3,1,1,5,1000,0,0,0,0,0,0,0,0,0,0,0,0,0,0,0,0,0,0,0,0,0,0,0,0,0,0,0,0,0,0,0,0,0,0,0,0,0,0,0,0,0,0,0,0,0,0,0,0,0,0,0
1986,24,9,12,6.236,2,7,0,-1,1,0,1,1,25,0,0,0,1028,0,0,0,0,0,1,1,0,0,0,-25.24473064,0,0,0,0,3,1,1,5,10,0,0,0,3,1,1,5,1000,0,0,0,0,0,0,0,0,0,0,0,0,0,0,0,0,0,0,0,0,0,0,0,0,0,0,0,0,0,0,0,0,0,0,0,0,0,0,0,0,0,0,0,0,0,0,0,0,0,0,0
1986,24,9,13,42.236,2,7,0,-1,1,0,1,1,25,0,0,0,1028,0,0,0,0,0,1,1,0,0,0,-25.20264496,0,0,0,0,3,1,1,5,10,0,0,0,3,1,1,5,1000,0,0,0,0,0,0,0,0,0,0,0,0,0,0,0,0,0,0,0,0,0,0,0,0,0,0,0,0,0,0,0,0,0,0,0,0,0,0,0,0,0,0,0,0,0,0,0,0,0,0,0
1986,24,9,19,18.236,2,7,0,-1,1,0,1,1,25,0,0,0,1028,0,0,0,0,0,1,1,0,0,0,-25.05533943,0,0,0,0,3,1,1,5,10,0,0,0,3,1,1,5,1000,0,0,0,0,0,0,0,0,0,0,0,0,0,0,0,0,0,0,0,0,0,0,0,0,0,0,0,0,0,0,0,0,0,0,0,0,0,0,0,0,0,0,0,0,0,0,0,0,0,0,0
1986,24,9,20,54.236,2,7,0,-1,1,0,1,1,25,0,0,0,1028,0,0,0,0,0,1,1,0,0,0,-25.01325064,0,0,0,0,3,1,1,5,10,0,0,0,3,1,1,5,1000,0,0,0,0,0,0,0,0,0,0,0,0,0,0,0,0,0,0,0,0,0,0,0,0,0,0,0,0,0,0,0,0,0,0,0,0,0,0,0,0,0,0,0,0,0,0,0,0,0,0,0
1986,24,9,22,30.235,2,7,0,-1,1,0,1,1,25,0,0,0,1028,0,0,0,0,0,1,1,0,0,0,-24.97116105,0,0,0,0,3,1,1,5,10,0,0,0,3,1,1,5,1000,0,0,0,0,0,0,0,0,0,0,0,0,0,0,0,0,0,0,0,0,0,0,0,0,0,0,0,0,0,0,0,0,0,0,0,0,0,0,0,0,0,0,0,0,0,0,0,0,0,0,0
1986,24,9,24,6.235,2,7,0,-1,1,0,1,1,25,0,0,0,1028,0,0,0,0,0,1,1,0,0,0,-24.92907042,0,0,0,0,3,1,1,5,10,0,0,0,3,1,1,5,1000,0,0,0,0,0,0,0,0,0,0,0,0,0,0,0,0,0,0,0,0,0,0,0,0,0,0,0,0,0,0,0,0,0,0,0,0,0,0,0,0,0,0,0,0,0,0,0,0,0,0,0
1986,24,9,25,42.235,2,7,0,-1,1,0,1,1,25,0,0,0,1028,0,0,0,0,0,1,1,0,0,0,-24.88697893,0,0,0,0,3,1,1,5,10,0,0,0,3,1,1,5,1000,0,0,0,0,0,0,0,0,0,0,0,0,0,0,0,0,0,0,0,0,0,0,0,0,0,0,0,0,0,0,0,0,0,0,0,0,0,0,0,0,0,0,0,0,0,0,0,0,0,0,0
1986,24,9,27,18.235,2,7,0,-1,1,0,1,1,25,0,0,0,1028,0,0,0,0,0,1,1,0,0,0,-24.84488656,0,0,0,0,3,1,1,5,10,0,0,0,3,1,1,5,1000,0,0,0,0,0,0,0,0,0,0,0,0,0,0,0,0,0,0,0,0,0,0,0,0,0,0,0,0,0,0,0,0,0,0,0,0,0,0,0,0,0,0,0,0,0,0,0,0,0,0,0
1986,24,9,31,18.235,2,7,0,-1,1,0,1,1,25,0,0,0,1028,0,0,0,0,0,1,1,0,0,0,-24.73965165,0,0,0,0,3,1,1,5,10,0,0,0,3,1,1,5,1000,0,0,0,0,0,0,0,0,0,0,0,0,0,0,0,0,0,0,0,0,0,0,0,0,0,0,0,0,0,0,0,0,0,0,0,0,0,0,0,0,0,0,0,0,0,0,0,0,0,0,0
1986,24,9,32,54.235,2,7,0,-1,1,0,1,1,25,0,0,0,1028,0,0,0,0,0,1,1,0,0,0,-24.69755602,0,0,0,0,3,1,1,5,10,0,0,0,3,1,1,5,1000,0,0,0,0,0,0,0,0,0,0,0,0,0,0,0,0,0,0,0,0,0,0,0,0,0,0,0,0,0,0,0,0,0,0,0,0,0,0,0,0,0,0,0,0,0,0,0,0,0,0,0
1986,24,9,34,30.235,2,7,0,-1,1,0,1,1,25,0,0,0,1028,0,0,0,0,0,1,1,0,0,0,-24.6554594,0,0,0,0,3,1,1,5,10,0,0,0,3,1,1,5,1000,0,0,0,0,0,0,0,0,0,0,0,0,0,0,0,0,0,0,0,0,0,0,0,0,0,0,0,0,0,0,0,0,0,0,0,0,0,0,0,0,0,0,0,0,0,0,0,0,0,0,0
1986,24,9,36,6.235,2,7,0,-1,1,0,1,1,25,0,0,0,1028,0,0,0,0,0,1,1,0,0,0,-24.61336198,0,0,0,0,3,1,1,5,10,0,0,0,3,1,1,5,1000,0,0,0,0,0,0,0,0,0,0,0,0,0,0,0,0,0,0,0,0,0,0,0,0,0,0,0,0,0,0,0,0,0,0,0,0,0,0,0,0,0,0,0,0,0,0,0,0,0,0,0
1986,24,9,37,42.234,2,7,0,-1,1,0,1,1,25,0,0,0,1028,0,0,0,0,0,1,1,0,0,0,-24.57126351,0,0,0,0,3,1,1,5,10,0,0,0,3,1,1,5,1000,0,0,0,0,0,0,0,0,0,0,0,0,0,0,0,0,0,0,0,0,0,0,0,0,0,0,0,0,0,0,0,0,0,0,0,0,0,0,0,0,0,0,0,0,0,0,0,0,0,0,0
1986,24,9,39,18.234,2,7,0,-1,1,0,1,1,25,0,0,0,1028,0,0,0,0,0,1,1,0,0,0,-24.52916375,0,0,0,0,3,1,1,5,10,0,0,0,3,1,1,5,1000,0,0,0,0,0,0,0,0,0,0,0,0,0,0,0,0,0,0,0,0,0,0,0,0,0,0,0,0,0,0,0,0,0,0,0,0,0,0,0,0,0,0,0,0,0,0,0,0,0,0,0
1986,24,9,43,18.234,2,7,0,-1,1,0,1,1,25,0,0,0,1028,0,0,0,0,0,1,1,0,0,0,-24.42390946,0,0,0,0,3,1,1,5,10,0,0,0,3,1,1,5,1000,0,0,0,0,0,0,0,0,0,0,0,0,0,0,0,0,0,0,0,0,0,0,0,0,0,0,0,0,0,0,0,0,0,0,0,0,0,0,0,0,0,0,0,0,0,0,0,0,0,0,0
1986,24,9,44,54.234,2,7,0,-1,1,0,1,1,25,0,0,0,1028,0,0,0,0,0,1,1,0,0,0,-24.38180572,0,0,0,0,3,1,1,5,10,0,0,0,3,1,1,5,1000,0,0,0,0,0,0,0,0,0,0,0,0,0,0,0,0,0,0,0,0,0,0,0,0,0,0,0,0,0,0,0,0,0,0,0,0,0,0,0,0,0,0,0,0,0,0,0,0,0,0,0
1986,24,9,46,30.234,2,7,0,-1,1,0,1,1,25,0,0,0,1028,0,0,0,0,0,1,1,0,0,0,-24.33970077,0,0,0,0,3,1,1,5,10,0,0,0,3,1,1,5,1000,0,0,0,0,0,0,0,0,0,0,0,0,0,0,0,0,0,0,0,0,0,0,0,0,0,0,0,0,0,0,0,0,0,0,0,0,0,0,0,0,0,0,0,0,0,0,0,0,0,0,0
1986,24,9,48,6.234,2,7,0,-1,1,0,1,1,25,0,0,0,1028,0,0,0,0,0,1,1,0,0,0,-24.29759458,0,0,0,0,3,1,1,5,10,0,0,0,3,1,1,5,1000,0,0,0,0,0,0,0,0,0,0,0,0,0,0,0,0,0,0,0,0,0,0,0,0,0,0,0,0,0,0,0,0,0,0,0,0,0,0,0,0,0,0,0,0,0,0,0,0,0,0,0
1986,24,9,49,42.234,2,7,0,-1,1,0,1,1,25,0,0,0,1028,0,0,0,0,0,1,1,0,0,0,-24.25548713,0,0,0,0,3,1,1,5,10,0,0,0,3,1,1,5,1000,0,0,0,0,0,0,0,0,0,0,0,0,0,0,0,0,0,0,0,0,0,0,0,0,0,0,0,0,0,0,0,0,0,0,0,0,0,0,0,0,0,0,0,0,0,0,0,0,0,0,0
1986,24,9,51,18.234,2,7,0,-1,1,0,1,1,25,0,0,0,1028,0,0,0,0,0,1,1,0,0,0,-24.21337859,0,0,0,0,3,1,1,5,10,0,0,0,3,1,1,5,1000,0,0,0,0,0,0,0,0,0,0,0,0,0,0,0,0,0,0,0,0,0,0,0,0,0,0,0,0,0,0,0,0,0,0,0,0,0,0,0,0,0,0,0,0,0,0,0,0,0,0,0
1986,24,9,55,18.233,2,7,0,-1,1,0,1,1,25,0,0,0,1028,0,0,0,0,0,1,1,0,0,0,-24.10810104,0,0,0,0,3,1,1,5,10,0,0,0,3,1,1,5,1000,0,0,0,0,0,0,0,0,0,0,0,0,0,0,0,0,0,0,0,0,0,0,0,0,0,0,0,0,0,0,0,0,0,0,0,0,0,0,0,0,0,0,0,0,0,0,0,0,0,0,0
1986,24,9,56,54.233,2,7,0,-1,1,0,1,1,25,0,0,0,1028,0,0,0,0,0,1,1,0,0,0,-24.06598748,0,0,0,0,3,1,1,5,10,0,0,0,3,1,1,5,1000,0,0,0,0,0,0,0,0,0,0,0,0,0,0,0,0,0,0,0,0,0,0,0,0,0,0,0,0,0,0,0,0,0,0,0,0,0,0,0,0,0,0,0,0,0,0,0,0,0,0,0
1986,24,9,58,30.233,2,7,0,-1,1,0,1,1,25,0,0,0,1028,0,0,0,0,0,1,1,0,0,0,-24.02387248,0,0,0,0,3,1,1,5,10,0,0,0,3,1,1,5,1000,0,0,0,0,0,0,0,0,0,0,0,0,0,0,0,0,0,0,0,0,0,0,0,0,0,0,0,0,0,0,0,0,0,0,0,0,0,0,0,0,0,0,0,0,0,0,0,0,0,0,0
1986,24,10,0,6.233,2,7,0,-1,1,0,1,1,25,0,0,0,1028,0,0,0,0,0,1,1,0,0,0,-23.981756,0,0,0,0,3,1,1,5,10,0,0,0,3,1,1,5,1000,0,0,0,0,0,0,0,0,0,0,0,0,0,0,0,0,0,0,0,0,0,0,0,0,0,0,0,0,0,0,0,0,0,0,0,0,0,0,0,0,0,0,0,0,0,0,0,0,0,0,0
1986,24,10,1,42.233,2,7,0,-1,1,0,1,1,25,0,0,0,1028,0,0,0,0,0,1,1,0,0,0,-23.93963799,0,0,0,0,3,1,1,5,10,0,0,0,3,1,1,5,1000,0,0,0,0,0,0,0,0,0,0,0,0,0,0,0,0,0,0,0,0,0,0,0,0,0,0,0,0,0,0,0,0,0,0,0,0,0,0,0,0,0,0,0,0,0,0,0,0,0,0,0
1986,24,10,3,18.233,2,7,0,-1,1,0,1,1,25,0,0,0,1028,0,0,0,0,0,1,1,0,0,0,-23.89751844,0,0,0,0,3,1,1,5,10,0,0,0,3,1,1,5,1000,0,0,0,0,0,0,0,0,0,0,0,0,0,0,0,0,0,0,0,0,0,0,0,0,0,0,0,0,0,0,0,0,0,0,0,0,0,0,0,0,0,0,0,0,0,0,0,0,0,0,0
1986,24,10,7,18.232,2,7,0,-1,1,0,1,1,25,0,0,0,1028,0,0,0,0,0,1,1,0,0,0,-23.79221295,0,0,0,0,3,1,1,5,10,0,0,0,3,1,1,5,1000,0,0,0,0,0,0,0,0,0,0,0,0,0,0,0,0,0,0,0,0,0,0,0,0,0,0,0,0,0,0,0,0,0,0,0,0,0,0,0,0,0,0,0,0,0,0,0,0,0,0,0
1986,24,10,8,54.232,2,7,0,-1,1,0,1,1,25,0,0,0,1028,0,0,0,0,0,1,1,0,0,0,-23.75008767,0,0,0,0,3,1,1,5,10,0,0,0,3,1,1,5,1000,0,0,0,0,0,0,0,0,0,0,0,0,0,0,0,0,0,0,0,0,0,0,0,0,0,0,0,0,0,0,0,0,0,0,0,0,0,0,0,0,0,0,0,0,0,0,0,0,0,0,0
1986,24,10,10,30.232,2,7,0,-1,1,0,1,1,25,0,0,0,1028,0,0,0,0,0,1,1,0,0,0,-23.70796067,0,0,0,0,3,1,1,5,10,0,0,0,3,1,1,5,1000,0,0,0,0,0,0,0,0,0,0,0,0,0,0,0,0,0,0,0,0,0,0,0,0,0,0,0,0,0,0,0,0,0,0,0,0,0,0,0,0,0,0,0,0,0,0,0,0,0,0,0
1986,24,10,12,6.232,2,7,0,-1,1,0,1,1,25,0,0,0,1028,0,0,0,0,0,1,1,0,0,0,-23.6658319,0,0,0,0,3,1,1,5,10,0,0,0,3,1,1,5,1000,0,0,0,0,0,0,0,0,0,0,0,0,0,0,0,0,0,0,0,0,0,0,0,0,0,0,0,0,0,0,0,0,0,0,0,0,0,0,0,0,0,0,0,0,0,0,0,0,0,0,0
1986,24,10,13,42.232,2,7,0,-1,1,0,1,1,25,0,0,0,1028,0,0,0,0,0,1,1,0,0,0,-23.62370133,0,0,0,0,3,1,1,5,10,0,0,0,3,1,1,5,1000,0,0,0,0,0,0,0,0,0,0,0,0,0,0,0,0,0,0,0,0,0,0,0,0,0,0,0,0,0,0,0,0,0,0,0,0,0,0,0,0,0,0,0,0,0,0,0,0,0,0,0
1986,24,10,15,18.233,2,7,0,-1,1,0,1,1,25,0,0,0,1028,0,0,0,0,0,1,1,0,0,0,-23.5815687,0,0,0,0,3,1,1,5,10,0,0,0,3,1,1,5,1000,0,0,0,0,0,0,0,0,0,0,0,0,0,0,0,0,0,0,0,0,0,0,0,0,0,0,0,0,0,0,0,0,0,0,0,0,0,0,0,0,0,0,0,0,0,0,0,0,0,0,0
1986,24,10,19,18.232,2,7,0,-1,1,0,1,1,25,0,0,0,1028,0,0,0,0,0,1,1,0,0,0,-23.47622957,0,0,0,0,3,1,1,5,10,0,0,0,3,1,1,5,1000,0,0,0,0,0,0,0,0,0,0,0,0,0,0,0,0,0,0,0,0,0,0,0,0,0,0,0,0,0,0,0,0,0,0,0,0,0,0,0,0,0,0,0,0,0,0,0,0,0,0,0
1986,24,10,20,54.232,2,7,0,-1,1,0,1,1,25,0,0,0,1028,0,0,0,0,0,1,1,0,0,0,-23.43409038,0,0,0,0,3,1,1,5,10,0,0,0,3,1,1,5,1000,0,0,0,0,0,0,0,0,0,0,0,0,0,0,0,0,0,0,0,0,0,0,0,0,0,0,0,0,0,0,0,0,0,0,0,0,0,0,0,0,0,0,0,0,0,0,0,0,0,0,0
1986,24,10,22,30.231,2,7,0,-1,1,0,1,1,25,0,0,0,1028,0,0,0,0,0,1,1,0,0,0,-23.3919496,0,0,0,0,3,1,1,5,10,0,0,0,3,1,1,5,1000,0,0,0,0,0,0,0,0,0,0,0,0,0,0,0,0,0,0,0,0,0,0,0,0,0,0,0,0,0,0,0,0,0,0,0,0,0,0,0,0,0,0,0,0,0,0,0,0,0,0,0
1986,24,10,24,6.231,2,7,0,-1,1,0,1,1,25,0,0,0,1028,0,0,0,0,0,1,1,0,0,0,-23.3498063,0,0,0,0,3,1,1,5,10,0,0,0,3,1,1,5,1000,0,0,0,0,0,0,0,0,0,0,0,0,0,0,0,0,0,0,0,0,0,0,0,0,0,0,0,0,0,0,0,0,0,0,0,0,0,0,0,0,0,0,0,0,0,0,0,0,0,0,0
1986,24,10,25,42.231,2,7,0,-1,1,0,1,1,25,0,0,0,1028,0,0,0,0,0,1,1,0,0,0,-23.30766087,0,0,0,0,3,1,1,5,10,0,0,0,3,1,1,5,1000,0,0,0,0,0,0,0,0,0,0,0,0,0,0,0,0,0,0,0,0,0,0,0,0,0,0,0,0,0,0,0,0,0,0,0,0,0,0,0,0,0,0,0,0,0,0,0,0,0,0,0
1986,24,10,27,18.231,2,7,0,-1,1,0,1,1,25,0,0,0,1028,0,0,0,0,0,1,1,0,0,0,-23.26551328,0,0,0,0,3,1,1,5,10,0,0,0,3,1,1,5,1000,0,0,0,0,0,0,0,0,0,0,0,0,0,0,0,0,0,0,0,0,0,0,0,0,0,0,0,0,0,0,0,0,0,0,0,0,0,0,0,0,0,0,0,0,0,0,0,0,0,0,0
1986,24,10,31,18.231,2,7,0,-1,1,0,1,1,25,0,0,0,1028,0,0,0,0,0,1,1,0,0,0,-23.16013449,0,0,0,0,3,1,1,5,10,0,0,0,3,1,1,5,1000,0,0,0,0,0,0,0,0,0,0,0,0,0,0,0,0,0,0,0,0,0,0,0,0,0,0,0,0,0,0,0,0,0,0,0,0,0,0,0,0,0,0,0,0,0,0,0,0,0,0,0
1986,24,10,32,54.231,2,7,0,-1,1,0,1,1,25,0,0,0,1028,0,0,0,0,0,1,1,0,0,0,-23.11797892,0,0,0,0,3,1,1,5,10,0,0,0,3,1,1,5,1000,0,0,0,0,0,0,0,0,0,0,0,0,0,0,0,0,0,0,0,0,0,0,0,0,0,0,0,0,0,0,0,0,0,0,0,0,0,0,0,0,0,0,0,0,0,0,0,0,0,0,0
1986,24,10,34,30.231,2,7,0,-1,1,0,1,1,25,0,0,0,1028,0,0,0,0,0,1,1,0,0,0,-23.07582097,0,0,0,0,3,1,1,5,10,0,0,0,3,1,1,5,1000,0,0,0,0,0,0,0,0,0,0,0,0,0,0,0,0,0,0,0,0,0,0,0,0,0,0,0,0,0,0,0,0,0,0,0,0,0,0,0,0,0,0,0,0,0,0,0,0,0,0,0
1986,24,10,36,6.231,2,7,0,-1,1,0,1,1,25,0,0,0,1028,0,0,0,0,0,1,1,0,0,0,-23.03366058,0,0,0,0,3,1,1,5,10,0,0,0,3,1,1,5,1000,0,0,0,0,0,0,0,0,0,0,0,0,0,0,0,0,0,0,0,0,0,0,0,0,0,0,0,0,0,0,0,0,0,0,0,0,0,0,0,0,0,0,0,0,0,0,0,0,0,0,0
1986,24,10,37,42.23,2,7,0,-1,1,0,1,1,25,0,0,0,1028,0,0,0,0,0,1,1,0,0,0,-22.99149813,0,0,0,0,3,1,1,5,10,0,0,0,3,1,1,5,1000,0,0,0,0,0,0,0,0,0,0,0,0,0,0,0,0,0,0,0,0,0,0,0,0,0,0,0,0,0,0,0,0,0,0,0,0,0,0,0,0,0,0,0,0,0,0,0,0,0,0,0
1986,24,10,39,18.23,2,7,0,-1,1,0,1,1,25,0,0,0,1028,0,0,0,0,0,1,1,0,0,0,-22.94933271,0,0,0,0,3,1,1,5,10,0,0,0,3,1,1,5,1000,0,0,0,0,0,0,0,0,0,0,0,0,0,0,0,0,0,0,0,0,0,0,0,0,0,0,0,0,0,0,0,0,0,0,0,0,0,0,0,0,0,0,0,0,0,0,0,0,0,0,0
1986,24,10,43,18.23,2,7,0,-1,1,0,1,1,25,0,0,0,1028,0,0,0,0,0,1,1,0,0,0,-22.84390767,0,0,0,0,3,1,1,5,10,0,0,0,3,1,1,5,1000,0,0,0,0,0,0,0,0,0,0,0,0,0,0,0,0,0,0,0,0,0,0,0,0,0,0,0,0,0,0,0,0,0,0,0,0,0,0,0,0,0,0,0,0,0,0,0,0,0,0,0
1986,24,10,44,54.23,2,7,0,-1,1,0,1,1,25,0,0,0,1028,0,0,0,0,0,1,1,0,0,0,-22.80173292,0,0,0,0,3,1,1,5,10,0,0,0,3,1,1,5,1000,0,0,0,0,0,0,0,0,0,0,0,0,0,0,0,0,0,0,0,0,0,0,0,0,0,0,0,0,0,0,0,0,0,0,0,0,0,0,0,0,0,0,0,0,0,0,0,0,0,0,0
1986,24,10,46,30.23,2,7,0,-1,1,0,1,1,25,0,0,0,1028,0,0,0,0,0,1,1,0,0,0,-22.75955538,0,0,0,0,3,1,1,5,10,0,0,0,3,1,1,5,1000,0,0,0,0,0,0,0,0,0,0,0,0,0,0,0,0,0,0,0,0,0,0,0,0,0,0,0,0,0,0,0,0,0,0,0,0,0,0,0,0,0,0,0,0,0,0,0,0,0,0,0
1986,24,10,48,6.23,2,7,0,-1,1,0,1,1,25,0,0,0,1028,0,0,0,0,0,1,1,0,0,0,-22.71737499,0,0,0,0,3,1,1,5,10,0,0,0,3,1,1,5,1000,0,0,0,0,0,0,0,0,0,0,0,0,0,0,0,0,0,0,0,0,0,0,0,0,0,0,0,0,0,0,0,0,0,0,0,0,0,0,0,0,0,0,0,0,0,0,0,0,0,0,0
1986,24,10,49,42.23,2,7,0,-1,1,0,1,1,25,0,0,0,1028,0,0,0,0,0,1,1,0,0,0,-22.6751917,0,0,0,0,3,1,1,5,10,0,0,0,3,1,1,5,1000,0,0,0,0,0,0,0,0,0,0,0,0,0,0,0,0,0,0,0,0,0,0,0,0,0,0,0,0,0,0,0,0,0,0,0,0,0,0,0,0,0,0,0,0,0,0,0,0,0,0,0
1986,24,10,51,18.23,2,7,0,-1,1,0,1,1,25,0,0,0,1028,0,0,0,0,0,1,1,0,0,0,-22.63300544,0,0,0,0,3,1,1,5,10,0,0,0,3,1,1,5,1000,0,0,0,0,0,0,0,0,0,0,0,0,0,0,0,0,0,0,0,0,0,0,0,0,0,0,0,0,0,0,0,0,0,0,0,0,0,0,0,0,0,0,0,0,0,0,0,0,0,0,0
1986,24,10,55,18.229,2,7,0,-1,1,0,1,1,25,0,0,0,1028,0,0,0,0,0,1,1,0,0,0,-22.52752685,0,0,0,0,3,1,1,5,10,0,0,0,3,1,1,5,1000,0,0,0,0,0,0,0,0,0,0,0,0,0,0,0,0,0,0,0,0,0,0,0,0,0,0,0,0,0,0,0,0,0,0,0,0,0,0,0,0,0,0,0,0,0,0,0,0,0,0,0
1986,24,10,56,54.229,2,7,0,-1,1,0,1,1,25,0,0,0,1028,0,0,0,0,0,1,1,0,0,0,-22.48532973,0,0,0,0,3,1,1,5,10,0,0,0,3,1,1,5,1000,0,0,0,0,0,0,0,0,0,0,0,0,0,0,0,0,0,0,0,0,0,0,0,0,0,0,0,0,0,0,0,0,0,0,0,0,0,0,0,0,0,0,0,0,0,0,0,0,0,0,0
1986,24,10,58,30.229,2,7,0,-1,1,0,1,1,25,0,0,0,1028,0,0,0,0,0,1,1,0,0,0,-22.44312935,0,0,0,0,3,1,1,5,10,0,0,0,3,1,1,5,1000,0,0,0,0,0,0,0,0,0,0,0,0,0,0,0,0,0,0,0,0,0,0,0,0,0,0,0,0,0,0,0,0,0,0,0,0,0,0,0,0,0,0,0,0,0,0,0,0,0,0,0
1986,24,11,0,6.229,2,7,0,-1,1,0,1,1,25,0,0,0,1028,0,0,0,0,0,1,1,0,0,0,-22.40092567,0,0,0,0,3,1,1,5,10,0,0,0,3,1,1,5,1000,0,0,0,0,0,0,0,0,0,0,0,0,0,0,0,0,0,0,0,0,0,0,0,0,0,0,0,0,0,0,0,0,0,0,0,0,0,0,0,0,0,0,0,0,0,0,0,0,0,0,0
1986,24,11,1,42.229,2,7,0,-1,1,0,1,1,25,0,0,0,1028,0,0,0,0,0,1,1,0,0,0,-22.3587186,0,0,0,0,3,1,1,5,10,0,0,0,3,1,1,5,1000,0,0,0,0,0,0,0,0,0,0,0,0,0,0,0,0,0,0,0,0,0,0,0,0,0,0,0,0,0,0,0,0,0,0,0,0,0,0,0,0,0,0,0,0,0,0,0,0,0,0,0
1986,24,11,3,18.229,2,7,0,-1,1,0,1,1,25,0,0,0,1028,0,0,0,0,0,1,1,0,0,0,-22.31650809,0,0,0,0,3,1,1,5,10,0,0,0,3,1,1,5,1000,0,0,0,0,0,0,0,0,0,0,0,0,0,0,0,0,0,0,0,0,0,0,0,0,0,0,0,0,0,0,0,0,0,0,0,0,0,0,0,0,0,0,0,0,0,0,0,0,0,0,0
1986,24,11,7,18.229,2,7,0,-1,1,0,1,1,25,0,0,0,1028,0,0,0,0,0,1,1,0,0,0,-22.21096648,0,0,0,0,3,1,1,5,10,0,0,0,3,1,1,5,1000,0,0,0,0,0,0,0,0,0,0,0,0,0,0,0,0,0,0,0,0,0,0,0,0,0,0,0,0,0,0,0,0,0,0,0,0,0,0,0,0,0,0,0,0,0,0,0,0,0,0,0
1986,24,11,8,54.228,2,7,0,-1,1,0,1,1,25,0,0,0,1028,0,0,0,0,0,1,1,0,0,0,-22.16874357,0,0,0,0,3,1,1,5,10,0,0,0,3,1,1,5,1000,0,0,0,0,0,0,0,0,0,0,0,0,0,0,0,0,0,0,0,0,0,0,0,0,0,0,0,0,0,0,0,0,0,0,0,0,0,0,0,0,0,0,0,0,0,0,0,0,0,0,0
1986,24,11,10,30.228,2,7,0,-1,1,0,1,1,25,0,0,0,1028,0,0,0,0,0,1,1,0,0,0,-22.12651667,0,0,0,0,3,1,1,5,10,0,0,0,3,1,1,5,1000,0,0,0,0,0,0,0,0,0,0,0,0,0,0,0,0,0,0,0,0,0,0,0,0,0,0,0,0,0,0,0,0,0,0,0,0,0,0,0,0,0,0,0,0,0,0,0,0,0,0,0
1986,24,11,12,6.228,2,7,0,-1,1,0,1,1,25,0,0,0,1028,0,0,0,0,0,1,1,0,0,0,-22.08428593,0,0,0,0,3,1,1,5,10,0,0,0,3,1,1,5,1000,0,0,0,0,0,0,0,0,0,0,0,0,0,0,0,0,0,0,0,0,0,0,0,0,0,0,0,0,0,0,0,0,0,0,0,0,0,0,0,0,0,0,0,0,0,0,0,0,0,0,0
1986,24,11,13,42.228,2,7,0,-1,1,0,1,1,25,0,0,0,1028,0,0,0,0,0,1,1,0,0,0,-22.04205127,0,0,0,0,3,1,1,5,10,0,0,0,3,1,1,5,1000,0,0,0,0,0,0,0,0,0,0,0,0,0,0,0,0,0,0,0,0,0,0,0,0,0,0,0,0,0,0,0,0,0,0,0,0,0,0,0,0,0,0,0,0,0,0,0,0,0,0,0
1986,24,11,15,18.228,2,7,0,-1,1,0,1,1,25,0,0,0,1028,0,0,0,0,0,1,1,0,0,0,-21.99981261,0,0,0,0,3,1,1,5,10,0,0,0,3,1,1,5,1000,0,0,0,0,0,0,0,0,0,0,0,0,0,0,0,0,0,0,0,0,0,0,0,0,0,0,0,0,0,0,0,0,0,0,0,0,0,0,0,0,0,0,0,0,0,0,0,0,0,0,0
1986,24,11,19,18.228,2,7,0,-1,1,0,1,1,25,0,0,0,1028,0,0,0,0,0,1,1,0,0,0,-21.89419796,0,0,0,0,3,1,1,5,10,0,0,0,3,1,1,5,1000,0,0,0,0,0,0,0,0,0,0,0,0,0,0,0,0,0,0,0,0,0,0,0,0,0,0,0,0,0,0,0,0,0,0,0,0,0,0,0,0,0,0,0,0,0,0,0,0,0,0,0
1986,24,11,20,54.228,2,7,0,-1,1,0,1,1,25,0,0,0,1028,0,0,0,0,0,1,1,0,0,0,-21.85194469,0,0,0,0,3,1,1,5,10,0,0,0,3,1,1,5,1000,0,0,0,0,0,0,0,0,0,0,0,0,0,0,0,0,0,0,0,0,0,0,0,0,0,0,0,0,0,0,0,0,0,0,0,0,0,0,0,0,0,0,0,0,0,0,0,0,0,0,0
1986,24,11,22,30.227,2,7,0,-1,1,0,1,1,25,0,0,0,1028,0,0,0,0,0,1,1,0,0,0,-21.8096875,0,0,0,0,3,1,1,5,10,0,0,0,3,1,1,5,1000,0,0,0,0,0,0,0,0,0,0,0,0,0,0,0,0,0,0,0,0,0,0,0,0,0,0,0,0,0,0,0,0,0,0,0,0,0,0,0,0,0,0,0,0,0,0,0,0,0,0,0
1986,24,11,24,6.227,2,7,0,-1,1,0,1,1,25,0,0,0,1028,0,0,0,0,0,1,1,0,0,0,-21.76742541,0,0,0,0,3,1,1,5,10,0,0,0,3,1,1,5,1000,0,0,0,0,0,0,0,0,0,0,0,0,0,0,0,0,0,0,0,0,0,0,0,0,0,0,0,0,0,0,0,0,0,0,0,0,0,0,0,0,0,0,0,0,0,0,0,0,0,0,0
1986,24,11,25,42.227,2,7,0,-1,1,0,1,1,25,0,0,0,1028,0,0,0,0,0,1,1,0,0,0,-21.7251588,0,0,0,0,3,1,1,5,10,0,0,0,3,1,1,5,1000,0,0,0,0,0,0,0,0,0,0,0,0,0,0,0,0,0,0,0,0,0,0,0,0,0,0,0,0,0,0,0,0,0,0,0,0,0,0,0,0,0,0,0,0,0,0,0,0,0,0,0
1986,24,11,27,18.227,2,7,0,-1,1,0,1,1,25,0,0,0,1028,0,0,0,0,0,1,1,0,0,0,-21.68288757,0,0,0,0,3,1,1,5,10,0,0,0,3,1,1,5,1000,0,0,0,0,0,0,0,0,0,0,0,0,0,0,0,0,0,0,0,0,0,0,0,0,0,0,0,0,0,0,0,0,0,0,0,0,0,0,0,0,0,0,0,0,0,0,0,0,0,0,0
1986,24,11,31,18.227,2,7,0,-1,1,0,1,1,25,0,0,0,1028,0,0,0,0,0,1,1,0,0,0,-21.57718867,0,0,0,0,3,1,1,5,10,0,0,0,3,1,1,5,1000,0,0,0,0,0,0,0,0,0,0,0,0,0,0,0,0,0,0,0,0,0,0,0,0,0,0,0,0,0,0,0,0,0,0,0,0,0,0,0,0,0,0,0,0,0,0,0,0,0,0,0
1986,24,11,32,54.227,2,7,0,-1,1,0,1,1,25,0,0,0,1028,0,0,0,0,0,1,1,0,0,0,-21.53490054,0,0,0,0,3,1,1,5,10,0,0,0,3,1,1,5,1000,0,0,0,0,0,0,0,0,0,0,0,0,0,0,0,0,0,0,0,0,0,0,0,0,0,0,0,0,0,0,0,0,0,0,0,0,0,0,0,0,0,0,0,0,0,0,0,0,0,0,0
1986,24,11,34,30.227,2,7,0,-1,1,0,1,1,25,0,0,0,1028,0,0,0,0,0,1,1,0,0,0,-21.49260737,0,0,0,0,3,1,1,5,10,0,0,0,3,1,1,5,1000,0,0,0,0,0,0,0,0,0,0,0,0,0,0,0,0,0,0,0,0,0,0,0,0,0,0,0,0,0,0,0,0,0,0,0,0,0,0,0,0,0,0,0,0,0,0,0,0,0,0,0
1986,24,11,36,6.227,2,7,0,-1,1,0,1,1,25,0,0,0,1028,0,0,0,0,0,1,1,0,0,0,-21.45030907,0,0,0,0,3,1,1,5,10,0,0,0,3,1,1,5,1000,0,0,0,0,0,0,0,0,0,0,0,0,0,0,0,0,0,0,0,0,0,0,0,0,0,0,0,0,0,0,0,0,0,0,0,0,0,0,0,0,0,0,0,0,0,0,0,0,0,0,0
1986,24,11,37,42.226,2,7,0,-1,1,0,1,1,25,0,0,0,1028,0,0,0,0,0,1,1,0,0,0,-21.40800597,0,0,0,0,3,1,1,5,10,0,0,0,3,1,1,5,1000,0,0,0,0,0,0,0,0,0,0,0,0,0,0,0,0,0,0,0,0,0,0,0,0,0,0,0,0,0,0,0,0,0,0,0,0,0,0,0,0,0,0,0,0,0,0,0,0,0,0,0
1986,24,11,39,18.226,2,7,0,-1,1,0,1,1,25,0,0,0,1028,0,0,0,0,0,1,1,0,0,0,-21.3656971,0,0,0,0,3,1,1,5,10,0,0,0,3,1,1,5,1000,0,0,0,0,0,0,0,0,0,0,0,0,0,0,0,0,0,0,0,0,0,0,0,0,0,0,0,0,0,0,0,0,0,0,0,0,0,0,0,0,0,0,0,0,0,0,0,0,0,0,0
1986,24,11,43,18.226,2,7,0,-1,1,0,1,1,25,0,0,0,1028,0,0,0,0,0,1,1,0,0,0,-21.25990091,0,0,0,0,3,1,1,5,10,0,0,0,3,1,1,5,1000,0,0,0,0,0,0,0,0,0,0,0,0,0,0,0,0,0,0,0,0,0,0,0,0,0,0,0,0,0,0,0,0,0,0,0,0,0,0,0,0,0,0,0,0,0,0,0,0,0,0,0
1986,24,11,46,30.226,2,7,0,-1,1,0,1,1,25,0,0,0,1028,0,0,0,0,0,1,1,0,0,0,-21.17523836,0,0,0,0,3,1,1,5,10,0,0,0,3,1,1,5,1000,0,0,0,0,0,0,0,0,0,0,0,0,0,0,0,0,0,0,0,0,0,0,0,0,0,0,0,0,0,0,0,0,0,0,0,0,0,0,0,0,0,0,0,0,0,0,0,0,0,0,0
1986,24,11,55,18.225,2,7,0,-1,1,0,1,1,25,0,0,0,1028,0,0,0,0,0,1,1,0,0,0,-20.94229188,0,0,0,0,3,1,1,5,10,0,0,0,3,1,1,5,1000,0,0,0,0,0,0,0,0,0,0,0,0,0,0,0,0,0,0,0,0,0,0,0,0,0,0,0,0,0,0,0,0,0,0,0,0,0,0,0,0,0,0,0,0,0,0,0,0,0,0,0
1986,24,11,56,54.225,2,7,0,-1,1,0,1,1,25,0,0,0,1028,0,0,0,0,0,1,1,0,0,0,-20.89991712,0,0,0,0,3,1,1,5,10,0,0,0,3,1,1,5,1000,0,0,0,0,0,0,0,0,0,0,0,0,0,0,0,0,0,0,0,0,0,0,0,0,0,0,0,0,0,0,0,0,0,0,0,0,0,0,0,0,0,0,0,0,0,0,0,0,0,0,0
1986,24,11,58,30.225,2,7,0,-1,1,0,1,1,25,0,0,0,1028,0,0,0,0,0,1,1,0,0,0,-20.85753567,0,0,0,0,3,1,1,5,10,0,0,0,3,1,1,5,1000,0,0,0,0,0,0,0,0,0,0,0,0,0,0,0,0,0,0,0,0,0,0,0,0,0,0,0,0,0,0,0,0,0,0,0,0,0,0,0,0,0,0,0,0,0,0,0,0,0,0,0
1986,24,12,1,42.225,2,7,0,-1,1,0,1,1,25,0,0,0,1028,0,0,0,0,0,1,1,0,0,0,-20.77275217,0,0,0,0,3,1,1,5,10,0,0,0,3,1,1,5,1000,0,0,0,0,0,0,0,0,0,0,0,0,0,0,0,0,0,0,0,0,0,0,0,0,0,0,0,0,0,0,0,0,0,0,0,0,0,0,0,0,0,0,0,0,0,0,0,0,0,0,0
1986,24,12,3,18.225,2,7,0,-1,1,0,1,1,25,0,0,0,1028,0,0,0,0,0,1,1,0,0,0,-20.73034985,0,0,0,0,3,1,1,5,10,0,0,0,3,1,1,5,1000,0,0,0,0,0,0,0,0,0,0,0,0,0,0,0,0,0,0,0,0,0,0,0,0,0,0,0,0,0,0,0,0,0,0,0,0,0,0,0,0,0,0,0,0,0,0,0,0,0,0,0
1986,24,12,7,18.225,2,7,0,-1,1,0,1,1,25,0,0,0,1028,0,0,0,0,0,1,1,0,0,0,-20.6243124,0,0,0,0,3,1,1,5,10,0,0,0,3,1,1,5,1000,0,0,0,0,0,0,0,0,0,0,0,0,0,0,0,0,0,0,0,0,0,0,0,0,0,0,0,0,0,0,0,0,0,0,0,0,0,0,0,0,0,0,0,0,0,0,0,0,0,0,0
1986,24,12,8,54.224,2,7,0,-1,1,0,1,1,25,0,0,0,1028,0,0,0,0,0,1,1,0,0,0,-20.58188443,0,0,0,0,3,1,1,5,10,0,0,0,3,1,1,5,1000,0,0,0,0,0,0,0,0,0,0,0,0,0,0,0,0,0,0,0,0,0,0,0,0,0,0,0,0,0,0,0,0,0,0,0,0,0,0,0,0,0,0,0,0,0,0,0,0,0,0,0
1986,24,12,10,30.224,2,7,0,-1,1,0,1,1,25,0,0,0,1028,0,0,0,0,0,1,1,0,0,0,-20.53944853,0,0,0,0,3,1,1,5,10,0,0,0,3,1,1,5,1000,0,0,0,0,0,0,0,0,0,0,0,0,0,0,0,0,0,0,0,0,0,0,0,0,0,0,0,0,0,0,0,0,0,0,0,0,0,0,0,0,0,0,0,0,0,0,0,0,0,0,0
1986,24,12,12,6.224,2,7,0,-1,1,0,1,1,25,0,0,0,1028,0,0,0,0,0,1,1,0,0,0,-20.49700477,0,0,0,0,3,1,1,5,10,0,0,0,3,1,1,5,1000,0,0,0,0,0,0,0,0,0,0,0,0,0,0,0,0,0,0,0,0,0,0,0,0,0,0,0,0,0,0,0,0,0,0,0,0,0,0,0,0,0,0,0,0,0,0,0,0,0,0,0
1986,24,12,13,42.224,2,7,0,-1,1,0,1,1,25,0,0,0,1028,0,0,0,0,0,1,1,0,0,0,-20.454553,0,0,0,0,3,1,1,5,10,0,0,0,3,1,1,5,1000,0,0,0,0,0,0,0,0,0,0,0,0,0,0,0,0,0,0,0,0,0,0,0,0,0,0,0,0,0,0,0,0,0,0,0,0,0,0,0,0,0,0,0,0,0,0,0,0,0,0,0
1986,24,12,15,18.224,2,7,0,-1,1,0,1,1,25,0,0,0,1028,0,0,0,0,0,1,1,0,0,0,-20.41209308,0,0,0,0,3,1,1,5,10,0,0,0,3,1,1,5,1000,0,0,0,0,0,0,0,0,0,0,0,0,0,0,0,0,0,0,0,0,0,0,0,0,0,0,0,0,0,0,0,0,0,0,0,0,0,0,0,0,0,0,0,0,0,0,0,0,0,0,0
1986,24,12,19,18.224,2,7,0,-1,1,0,1,1,25,0,0,0,1028,0,0,0,0,0,1,1,0,0,0,-20.30590656,0,0,0,0,3,1,1,5,10,0,0,0,3,1,1,5,1000,0,0,0,0,0,0,0,0,0,0,0,0,0,0,0,0,0,0,0,0,0,0,0,0,0,0,0,0,0,0,0,0,0,0,0,0,0,0,0,0,0,0,0,0,0,0,0,0,0,0,0
1986,24,12,20,54.224,2,7,0,-1,1,0,1,1,25,0,0,0,1028,0,0,0,0,0,1,1,0,0,0,-20.26341685,0,0,0,0,3,1,1,5,10,0,0,0,3,1,1,5,1000,0,0,0,0,0,0,0,0,0,0,0,0,0,0,0,0,0,0,0,0,0,0,0,0,0,0,0,0,0,0,0,0,0,0,0,0,0,0,0,0,0,0,0,0,0,0,0,0,0,0,0
1986,24,12,22,30.224,2,7,0,-1,1,0,1,1,25,0,0,0,1028,0,0,0,0,0,1,1,0,0,0,-20.22091849,0,0,0,0,3,1,1,5,10,0,0,0,3,1,1,5,1000,0,0,0,0,0,0,0,0,0,0,0,0,0,0,0,0,0,0,0,0,0,0,0,0,0,0,0,0,0,0,0,0,0,0,0,0,0,0,0,0,0,0,0,0,0,0,0,0,0,0,0
1986,24,12,24,6.223,2,7,0,-1,1,0,1,1,25,0,0,0,1028,0,0,0,0,0,1,1,0,0,0,-20.17841109,0,0,0,0,3,1,1,5,10,0,0,0,3,1,1,5,1000,0,0,0,0,0,0,0,0,0,0,0,0,0,0,0,0,0,0,0,0,0,0,0,0,0,0,0,0,0,0,0,0,0,0,0,0,0,0,0,0,0,0,0,0,0,0,0,0,0,0,0
1986,24,12,25,42.223,2,7,0,-1,1,0,1,1,25,0,0,0,1028,0,0,0,0,0,1,1,0,0,0,-20.13589424,0,0,0,0,3,1,1,5,10,0,0,0,3,1,1,5,1000,0,0,0,0,0,0,0,0,0,0,0,0,0,0,0,0,0,0,0,0,0,0,0,0,0,0,0,0,0,0,0,0,0,0,0,0,0,0,0,0,0,0,0,0,0,0,0,0,0,0,0
1986,24,12,27,18.223,2,7,0,-1,1,0,1,1,25,0,0,0,1028,0,0,0,0,0,1,1,0,0,0,-20.09336801,0,0,0,0,3,1,1,5,10,0,0,0,3,1,1,5,1000,0,0,0,0,0,0,0,0,0,0,0,0,0,0,0,0,0,0,0,0,0,0,0,0,0,0,0,0,0,0,0,0,0,0,0,0,0,0,0,0,0,0,0,0,0,0,0,0,0,0,0
1986,24,12,31,18.223,2,7,0,-1,1,0,1,1,25,0,0,0,1028,0,0,0,0,0,1,1,0,0,0,-19.98701018,0,0,0,0,3,1,1,5,10,0,0,0,3,1,1,5,1000,0,0,0,0,0,0,0,0,0,0,0,0,0,0,0,0,0,0,0,0,0,0,0,0,0,0,0,0,0,0,0,0,0,0,0,0,0,0,0,0,0,0,0,0,0,0,0,0,0,0,0
1986,24,12,32,54.223,2,7,0,-1,1,0,1,1,25,0,0,0,1028,0,0,0,0,0,1,1,0,0,0,-19.94444967,0,0,0,0,3,1,1,5,10,0,0,0,3,1,1,5,1000,0,0,0,0,0,0,0,0,0,0,0,0,0,0,0,0,0,0,0,0,0,0,0,0,0,0,0,0,0,0,0,0,0,0,0,0,0,0,0,0,0,0,0,0,0,0,0,0,0,0,0
1986,24,12,34,30.223,2,7,0,-1,1,0,1,1,25,0,0,0,1028,0,0,0,0,0,1,1,0,0,0,-19.90187894,0,0,0,0,3,1,1,5,10,0,0,0,3,1,1,5,1000,0,0,0,0,0,0,0,0,0,0,0,0,0,0,0,0,0,0,0,0,0,0,0,0,0,0,0,0,0,0,0,0,0,0,0,0,0,0,0,0,0,0,0,0,0,0,0,0,0,0,0
1986,24,12,36,6.223,2,7,0,-1,1,0,1,1,25,0,0,0,1028,0,0,0,0,0,1,1,0,0,0,-19.8592978,0,0,0,0,3,1,1,5,10,0,0,0,3,1,1,5,1000,0,0,0,0,0,0,0,0,0,0,0,0,0,0,0,0,0,0,0,0,0,0,0,0,0,0,0,0,0,0,0,0,0,0,0,0,0,0,0,0,0,0,0,0,0,0,0,0,0,0,0
1986,24,12,37,42.223,2,7,0,-1,1,0,1,1,25,0,0,0,1028,0,0,0,0,0,1,1,0,0,0,-19.81670628,0,0,0,0,3,1,1,5,10,0,0,0,3,1,1,5,1000,0,0,0,0,0,0,0,0,0,0,0,0,0,0,0,0,0,0,0,0,0,0,0,0,0,0,0,0,0,0,0,0,0,0,0,0,0,0,0,0,0,0,0,0,0,0,0,0,0,0,0
1986,24,12,39,18.222,2,7,0,-1,1,0,1,1,25,0,0,0,1028,0,0,0,0,0,1,1,0,0,0,-19.77410396,0,0,0,0,3,1,1,5,10,0,0,0,3,1,1,5,1000,0,0,0,0,0,0,0,0,0,0,0,0,0,0,0,0,0,0,0,0,0,0,0,0,0,0,0,0,0,0,0,0,0,0,0,0,0,0,0,0,0,0,0,0,0,0,0,0,0,0,0
1986,24,12,43,18.222,2,7,0,-1,1,0,1,1,25,0,0,0,1028,0,0,0,0,0,1,1,0,0,0,-19.66754895,0,0,0,0,3,1,1,5,10,0,0,0,3,1,1,5,1000,0,0,0,0,0,0,0,0,0,0,0,0,0,0,0,0,0,0,0,0,0,0,0,0,0,0,0,0,0,0,0,0,0,0,0,0,0,0,0,0,0,0,0,0,0,0,0,0,0,0,0
1986,24,12,44,54.222,2,7,0,-1,1,0,1,1,25,0,0,0,1028,0,0,0,0,0,1,1,0,0,0,-19.62490694,0,0,0,0,3,1,1,5,10,0,0,0,3,1,1,5,1000,0,0,0,0,0,0,0,0,0,0,0,0,0,0,0,0,0,0,0,0,0,0,0,0,0,0,0,0,0,0,0,0,0,0,0,0,0,0,0,0,0,0,0,0,0,0,0,0,0,0,0
1986,24,12,46,30.222,2,7,0,-1,1,0,1,1,25,0,0,0,1028,0,0,0,0,0,1,1,0,0,0,-19.58225317,0,0,0,0,3,1,1,5,10,0,0,0,3,1,1,5,1000,0,0,0,0,0,0,0,0,0,0,0,0,0,0,0,0,0,0,0,0,0,0,0,0,0,0,0,0,0,0,0,0,0,0,0,0,0,0,0,0,0,0,0,0,0,0,0,0,0,0,0
1986,24,12,48,6.222,2,7,0,-1,1,0,1,1,25,0,0,0,1028,0,0,0,0,0,1,1,0,0,0,-19.53958742,0,0,0,0,3,1,1,5,10,0,0,0,3,1,1,5,1000,0,0,0,0,0,0,0,0,0,0,0,0,0,0,0,0,0,0,0,0,0,0,0,0,0,0,0,0,0,0,0,0,0,0,0,0,0,0,0,0,0,0,0,0,0,0,0,0,0,0,0
1986,24,12,49,42.222,2,7,0,-1,1,0,1,1,25,0,0,0,1028,0,0,0,0,0,1,1,0,0,0,-19.49690946,0,0,0,0,3,1,1,5,10,0,0,0,3,1,1,5,1000,0,0,0,0,0,0,0,0,0,0,0,0,0,0,0,0,0,0,0,0,0,0,0,0,0,0,0,0,0,0,0,0,0,0,0,0,0,0,0,0,0,0,0,0,0,0,0,0,0,0,0
1986,24,12,51,18.222,2,7,0,-1,1,0,1,1,25,0,0,0,1028,0,0,0,0,0,1,1,0,0,0,-19.45421906,0,0,0,0,3,1,1,5,10,0,0,0,3,1,1,5,1000,0,0,0,0,0,0,0,0,0,0,0,0,0,0,0,0,0,0,0,0,0,0,0,0,0,0,0,0,0,0,0,0,0,0,0,0,0,0,0,0,0,0,0,0,0,0,0,0,0,0,0
1986,24,12,55,18.221,2,7,0,-1,1,0,1,1,25,0,0,0,1028,0,0,0,0,0,1,1,0,0,0,-19.3474375,0,0,0,0,3,1,1,5,10,0,0,0,3,1,1,5,1000,0,0,0,0,0,0,0,0,0,0,0,0,0,0,0,0,0,0,0,0,0,0,0,0,0,0,0,0,0,0,0,0,0,0,0,0,0,0,0,0,0,0,0,0,0,0,0,0,0,0,0
1986,24,12,56,54.221,2,7,0,-1,1,0,1,1,25,0,0,0,1028,0,0,0,0,0,1,1,0,0,0,-19.30470165,0,0,0,0,3,1,1,5,10,0,0,0,3,1,1,5,1000,0,0,0,0,0,0,0,0,0,0,0,0,0,0,0,0,0,0,0,0,0,0,0,0,0,0,0,0,0,0,0,0,0,0,0,0,0,0,0,0,0,0,0,0,0,0,0,0,0,0,0
1986,24,12,58,30.221,2,7,0,-1,1,0,1,1,25,0,0,0,1028,0,0,0,0,0,1,1,0,0,0,-19.26195227,0,0,0,0,3,1,1,5,10,0,0,0,3,1,1,5,1000,0,0,0,0,0,0,0,0,0,0,0,0,0,0,0,0,0,0,0,0,0,0,0,0,0,0,0,0,0,0,0,0,0,0,0,0,0,0,0,0,0,0,0,0,0,0,0,0,0,0,0
1986,24,13,0,6.221,2,7,0,-1,1,0,1,1,25,0,0,0,1028,0,0,0,0,0,1,1,0,0,0,-19.21918908,0,0,0,0,3,1,1,5,10,0,0,0,3,1,1,5,1000,0,0,0,0,0,0,0,0,0,0,0,0,0,0,0,0,0,0,0,0,0,0,0,0,0,0,0,0,0,0,0,0,0,0,0,0,0,0,0,0,0,0,0,0,0,0,0,0,0,0,0
1986,24,13,1,42.221,2,7,0,-1,1,0,1,1,25,0,0,0,1028,0,0,0,0,0,1,1,0,0,0,-19.17641183,0,0,0,0,3,1,1,5,10,0,0,0,3,1,1,5,1000,0,0,0,0,0,0,0,0,0,0,0,0,0,0,0,0,0,0,0,0,0,0,0,0,0,0,0,0,0,0,0,0,0,0,0,0,0,0,0,0,0,0,0,0,0,0,0,0,0,0,0
1986,24,13,3,18.221,2,7,0,-1,1,0,1,1,25,0,0,0,1028,0,0,0,0,0,1,1,0,0,0,-19.13362025,0,0,0,0,3,1,1,5,10,0,0,0,3,1,1,5,1000,0,0,0,0,0,0,0,0,0,0,0,0,0,0,0,0,0,0,0,0,0,0,0,0,0,0,0,0,0,0,0,0,0,0,0,0,0,0,0,0,0,0,0,0,0,0,0,0,0,0,0
1986,24,13,7,18.221,2,7,0,-1,1,0,1,1,25,0,0,0,1028,0,0,0,0,0,1,1,0,0,0,-19.026577,0,0,0,0,3,1,1,5,10,0,0,0,3,1,1,5,1000,0,0,0,0,0,0,0,0,0,0,0,0,0,0,0,0,0,0,0,0,0,0,0,0,0,0,0,0,0,0,0,0,0,0,0,0,0,0,0,0,0,0,0,0,0,0,0,0,0,0,0
1986,24,13,8,54.22,2,7,0,-1,1,0,1,1,25,0,0,0,1028,0,0,0,0,0,1,1,0,0,0,-18.98373329,0,0,0,0,3,1,1,5,10,0,0,0,3,1,1,5,1000,0,0,0,0,0,0,0,0,0,0,0,0,0,0,0,0,0,0,0,0,0,0,0,0,0,0,0,0,0,0,0,0,0,0,0,0,0,0,0,0,0,0,0,0,0,0,0,0,0,0,0
1986,24,13,10,30.22,2,7,0,-1,1,0,1,1,25,0,0,0,1028,0,0,0,0,0,1,1,0,0,0,-18.94087374,0,0,0,0,3,1,1,5,10,0,0,0,3,1,1,5,1000,0,0,0,0,0,0,0,0,0,0,0,0,0,0,0,0,0,0,0,0,0,0,0,0,0,0,0,0,0,0,0,0,0,0,0,0,0,0,0,0,0,0,0,0,0,0,0,0,0,0,0
1986,24,13,12,6.22,2,7,0,-1,1,0,1,1,25,0,0,0,1028,0,0,0,0,0,1,1,0,0,0,-18.89799829,0,0,0,0,3,1,1,5,10,0,0,0,3,1,1,5,1000,0,0,0,0,0,0,0,0,0,0,0,0,0,0,0,0,0,0,0,0,0,0,0,0,0,0,0,0,0,0,0,0,0,0,0,0,0,0,0,0,0,0,0,0,0,0,0,0,0,0,0
1986,24,13,13,42.22,2,7,0,-1,1,0,1,1,25,0,0,0,1028,0,0,0,0,0,1,1,0,0,0,-18.85510663,0,0,0,0,3,1,1,5,10,0,0,0,3,1,1,5,1000,0,0,0,0,0,0,0,0,0,0,0,0,0,0,0,0,0,0,0,0,0,0,0,0,0,0,0,0,0,0,0,0,0,0,0,0,0,0,0,0,0,0,0,0,0,0,0,0,0,0,0
1986,24,13,15,18.22,2,7,0,-1,1,0,1,1,25,0,0,0,1028,0,0,0,0,0,1,1,0,0,0,-18.81219844,0,0,0,0,3,1,1,5,10,0,0,0,3,1,1,5,1000,0,0,0,0,0,0,0,0,0,0,0,0,0,0,0,0,0,0,0,0,0,0,0,0,0,0,0,0,0,0,0,0,0,0,0,0,0,0,0,0,0,0,0,0,0,0,0,0,0,0,0
1986,24,13,19,18.22,2,7,0,-1,1,0,1,1,25,0,0,0,1028,0,0,0,0,0,1,1,0,0,0,-18.70485358,0,0,0,0,3,1,1,5,10,0,0,0,3,1,1,5,1000,0,0,0,0,0,0,0,0,0,0,0,0,0,0,0,0,0,0,0,0,0,0,0,0,0,0,0,0,0,0,0,0,0,0,0,0,0,0,0,0,0,0,0,0,0,0,0,0,0,0,0
1986,24,13,20,54.22,2,7,0,-1,1,0,1,1,25,0,0,0,1028,0,0,0,0,0,1,1,0,0,0,-18.66188502,0,0,0,0,3,1,1,5,10,0,0,0,3,1,1,5,1000,0,0,0,0,0,0,0,0,0,0,0,0,0,0,0,0,0,0,0,0,0,0,0,0,0,0,0,0,0,0,0,0,0,0,0,0,0,0,0,0,0,0,0,0,0,0,0,0,0,0,0
1986,24,13,22,30.22,2,7,0,-1,1,0,1,1,25,0,0,0,1028,0,0,0,0,0,1,1,0,0,0,-18.61889868,0,0,0,0,3,1,1,5,10,0,0,0,3,1,1,5,1000,0,0,0,0,0,0,0,0,0,0,0,0,0,0,0,0,0,0,0,0,0,0,0,0,0,0,0,0,0,0,0,0,0,0,0,0,0,0,0,0,0,0,0,0,0,0,0,0,0,0,0
1986,24,13,24,6.219,2,7,0,-1,1,0,1,1,25,0,0,0,1028,0,0,0,0,0,1,1,0,0,0,-18.57589399,0,0,0,0,3,1,1,5,10,0,0,0,3,1,1,5,1000,0,0,0,0,0,0,0,0,0,0,0,0,0,0,0,0,0,0,0,0,0,0,0,0,0,0,0,0,0,0,0,0,0,0,0,0,0,0,0,0,0,0,0,0,0,0,0,0,0,0,0
1986,24,13,25,42.219,2,7,0,-1,1,0,1,1,25,0,0,0,1028,0,0,0,0,0,1,1,0,0,0,-18.53287036,0,0,0,0,3,1,1,5,10,0,0,0,3,1,1,5,1000,0,0,0,0,0,0,0,0,0,0,0,0,0,0,0,0,0,0,0,0,0,0,0,0,0,0,0,0,0,0,0,0,0,0,0,0,0,0,0,0,0,0,0,0,0,0,0,0,0,0,0
1986,24,13,27,18.219,2,7,0,-1,1,0,1,1,25,0,0,0,1028,0,0,0,0,0,1,1,0,0,0,-18.48982767,0,0,0,0,3,1,1,5,10,0,0,0,3,1,1,5,1000,0,0,0,0,0,0,0,0,0,0,0,0,0,0,0,0,0,0,0,0,0,0,0,0,0,0,0,0,0,0,0,0,0,0,0,0,0,0,0,0,0,0,0,0,0,0,0,0,0,0,0
1986,24,13,31,18.219,2,7,0,-1,1,0,1,1,25,0,0,0,1028,0,0,0,0,0,1,1,0,0,0,-18.38213508,0,0,0,0,3,1,1,5,10,0,0,0,3,1,1,5,1000,0,0,0,0,0,0,0,0,0,0,0,0,0,0,0,0,0,0,0,0,0,0,0,0,0,0,0,0,0,0,0,0,0,0,0,0,0,0,0,0,0,0,0,0,0,0,0,0,0,0,0
1986,24,13,32,54.219,2,7,0,-1,1,0,1,1,25,0,0,0,1028,0,0,0,0,0,1,1,0,0,0,-18.3390227,0,0,0,0,3,1,1,5,10,0,0,0,3,1,1,5,1000,0,0,0,0,0,0,0,0,0,0,0,0,0,0,0,0,0,0,0,0,0,0,0,0,0,0,0,0,0,0,0,0,0,0,0,0,0,0,0,0,0,0,0,0,0,0,0,0,0,0,0
1986,24,13,34,30.219,2,7,0,-1,1,0,1,1,25,0,0,0,1028,0,0,0,0,0,1,1,0,0,0,-18.29588952,0,0,0,0,3,1,1,5,10,0,0,0,3,1,1,5,1000,0,0,0,0,0,0,0,0,0,0,0,0,0,0,0,0,0,0,0,0,0,0,0,0,0,0,0,0,0,0,0,0,0,0,0,0,0,0,0,0,0,0,0,0,0,0,0,0,0,0,0
1986,24,13,36,6.219,2,7,0,-1,1,0,1,1,25,0,0,0,1028,0,0,0,0,0,1,1,0,0,0,-18.25273514,0,0,0,0,3,1,1,5,10,0,0,0,3,1,1,5,1000,0,0,0,0,0,0,0,0,0,0,0,0,0,0,0,0,0,0,0,0,0,0,0,0,0,0,0,0,0,0,0,0,0,0,0,0,0,0,0,0,0,0,0,0,0,0,0,0,0,0,0
1986,24,13,37,42.219,2,7,0,-1,1,0,1,1,25,0,0,0,1028,0,0,0,0,0,1,1,0,0,0,-18.20955938,0,0,0,0,3,1,1,5,10,0,0,0,3,1,1,5,1000,0,0,0,0,0,0,0,0,0,0,0,0,0,0,0,0,0,0,0,0,0,0,0,0,0,0,0,0,0,0,0,0,0,0,0,0,0,0,0,0,0,0,0,0,0,0,0,0,0,0,0
1986,24,13,39,18.218,2,7,0,-1,1,0,1,1,25,0,0,0,1028,0,0,0,0,0,1,1,0,0,0,-18.1663616,0,0,0,0,3,1,1,5,10,0,0,0,3,1,1,5,1000,0,0,0,0,0,0,0,0,0,0,0,0,0,0,0,0,0,0,0,0,0,0,0,0,0,0,0,0,0,0,0,0,0,0,0,0,0,0,0,0,0,0,0,0,0,0,0,0,0,0,0
1986,24,13,43,18.218,2,7,0,-1,1,0,1,1,25,0,0,0,1028,0,0,0,0,0,1,1,0,0,0,-18.05826733,0,0,0,0,3,1,1,5,10,0,0,0,3,1,1,5,1000,0,0,0,0,0,0,0,0,0,0,0,0,0,0,0,0,0,0,0,0,0,0,0,0,0,0,0,0,0,0,0,0,0,0,0,0,0,0,0,0,0,0,0,0,0,0,0,0,0,0,0
1986,24,13,44,54.218,2,7,0,-1,1,0,1,1,25,0,0,0,1028,0,0,0,0,0,1,1,0,0,0,-18.01498875,0,0,0,0,3,1,1,5,10,0,0,0,3,1,1,5,1000,0,0,0,0,0,0,0,0,0,0,0,0,0,0,0,0,0,0,0,0,0,0,0,0,0,0,0,0,0,0,0,0,0,0,0,0,0,0,0,0,0,0,0,0,0,0,0,0,0,0,0
1986,24,13,48,6.218,2,7,0,-1,1,0,1,1,25,0,0,0,1028,0,0,0,0,0,1,1,0,0,0,-17.92835901,0,0,0,0,3,1,1,5,10,0,0,0,3,1,1,5,1000,0,0,0,0,0,0,0,0,0,0,0,0,0,0,0,0,0,0,0,0,0,0,0,0,0,0,0,0,0,0,0,0,0,0,0,0,0,0,0,0,0,0,0,0,0,0,0,0,0,0,0
1986,24,13,49,42.218,2,7,0,-1,1,0,1,1,25,0,0,0,1028,0,0,0,0,0,1,1,0,0,0,-17.88500688,0,0,0,0,3,1,1,5,10,0,0,0,3,1,1,5,1000,0,0,0,0,0,0,0,0,0,0,0,0,0,0,0,0,0,0,0,0,0,0,0,0,0,0,0,0,0,0,0,0,0,0,0,0,0,0,0,0,0,0,0,0,0,0,0,0,0,0,0
1986,24,13,51,18.218,2,7,0,-1,1,0,1,1,25,0,0,0,1028,0,0,0,0,0,1,1,0,0,0,-17.84162926,0,0,0,0,3,1,1,5,10,0,0,0,3,1,1,5,1000,0,0,0,0,0,0,0,0,0,0,0,0,0,0,0,0,0,0,0,0,0,0,0,0,0,0,0,0,0,0,0,0,0,0,0,0,0,0,0,0,0,0,0,0,0,0,0,0,0,0,0
1986,24,13,55,18.217,2,7,0,-1,1,0,1,1,25,0,0,0,1028,0,0,0,0,0,1,1,0,0,0,-17.73307083,0,0,0,0,3,1,1,5,10,0,0,0,3,1,1,5,1000,0,0,0,0,0,0,0,0,0,0,0,0,0,0,0,0,0,0,0,0,0,0,0,0,0,0,0,0,0,0,0,0,0,0,0,0,0,0,0,0,0,0,0,0,0,0,0,0,0,0,0
1986,24,13,56,54.217,2,7,0,-1,1,0,1,1,25,0,0,0,1028,0,0,0,0,0,1,1,0,0,0,-17.68959996,0,0,0,0,3,1,1,5,10,0,0,0,3,1,1,5,1000,0,0,0,0,0,0,0,0,0,0,0,0,0,0,0,0,0,0,0,0,0,0,0,0,0,0,0,0,0,0,0,0,0,0,0,0,0,0,0,0,0,0,0,0,0,0,0,0,0,0,0
1986,24,13,58,30.217,2,7,0,-1,1,0,1,1,25,0,0,0,1028,0,0,0,0,0,1,1,0,0,0,-17.64610125,0,0,0,0,3,1,1,5,10,0,0,0,3,1,1,5,1000,0,0,0,0,0,0,0,0,0,0,0,0,0,0,0,0,0,0,0,0,0,0,0,0,0,0,0,0,0,0,0,0,0,0,0,0,0,0,0,0,0,0,0,0,0,0,0,0,0,0,0
1986,24,14,0,6.217,2,7,0,-1,1,0,1,1,25,0,0,0,1028,0,0,0,0,0,1,1,0,0,0,-17.60257415,0,0,0,0,3,1,1,5,10,0,0,0,3,1,1,5,1000,0,0,0,0,0,0,0,0,0,0,0,0,0,0,0,0,0,0,0,0,0,0,0,0,0,0,0,0,0,0,0,0,0,0,0,0,0,0,0,0,0,0,0,0,0,0,0,0,0,0,0
1986,24,14,1,42.217,2,7,0,-1,1,0,1,1,25,0,0,0,1028,0,0,0,0,0,1,1,0,0,0,-17.55901808,0,0,0,0,3,1,1,5,10,0,0,0,3,1,1,5,1000,0,0,0,0,0,0,0,0,0,0,0,0,0,0,0,0,0,0,0,0,0,0,0,0,0,0,0,0,0,0,0,0,0,0,0,0,0,0,0,0,0,0,0,0,0,0,0,0,0,0,0
1986,24,14,3,18.217,2,7,0,-1,1,0,1,1,25,0,0,0,1028,0,0,0,0,0,1,1,0,0,0,-17.51543248,0,0,0,0,3,1,1,5,10,0,0,0,3,1,1,5,1000,0,0,0,0,0,0,0,0,0,0,0,0,0,0,0,0,0,0,0,0,0,0,0,0,0,0,0,0,0,0,0,0,0,0,0,0,0,0,0,0,0,0,0,0,0,0,0,0,0,0,0
1986,24,14,7,18.217,2,7,0,-1,1,0,1,1,25,0,0,0,1028,0,0,0,0,0,1,1,0,0,0,-17.40633534,0,0,0,0,3,1,1,5,10,0,0,0,3,1,1,5,1000,0,0,0,0,0,0,0,0,0,0,0,0,0,0,0,0,0,0,0,0,0,0,0,0,0,0,0,0,0,0,0,0,0,0,0,0,0,0,0,0,0,0,0,0,0,0,0,0,0,0,0
1986,24,14,8,54.216,2,7,0,-1,1,0,1,1,25,0,0,0,1028,0,0,0,0,0,1,1,0,0,0,-17.36264207,0,0,0,0,3,1,1,5,10,0,0,0,3,1,1,5,1000,0,0,0,0,0,0,0,0,0,0,0,0,0,0,0,0,0,0,0,0,0,0,0,0,0,0,0,0,0,0,0,0,0,0,0,0,0,0,0,0,0,0,0,0,0,0,0,0,0,0,0
1986,24,14,10,30.216,2,7,0,-1,1,0,1,1,25,0,0,0,1028,0,0,0,0,0,1,1,0,0,0,-17.31891606,0,0,0,0,3,1,1,5,10,0,0,0,3,1,1,5,1000,0,0,0,0,0,0,0,0,0,0,0,0,0,0,0,0,0,0,0,0,0,0,0,0,0,0,0,0,0,0,0,0,0,0,0,0,0,0,0,0,0,0,0,0,0,0,0,0,0,0,0
1986,24,14,15,18.216,2,7,0,-1,1,0,1,1,25,0,0,0,1028,0,0,0,0,0,1,1,0,0,0,-17.18753766,0,0,0,0,3,1,1,5,10,0,0,0,3,1,1,5,1000,0,0,0,0,0,0,0,0,0,0,0,0,0,0,0,0,0,0,0,0,0,0,0,0,0,0,0,0,0,0,0,0,0,0,0,0,0,0,0,0,0,0,0,0,0,0,0,0,0,0,0
1986,24,14,19,18.216,2,7,0,-1,1,0,1,1,25,0,0,0,1028,0,0,0,0,0,1,1,0,0,0,-17.07781592,0,0,0,0,3,1,1,5,10,0,0,0,3,1,1,5,1000,0,0,0,0,0,0,0,0,0,0,0,0,0,0,0,0,0,0,0,0,0,0,0,0,0,0,0,0,0,0,0,0,0,0,0,0,0,0,0,0,0,0,0,0,0,0,0,0,0,0,0
1986,24,14,20,54.216,2,7,0,-1,1,0,1,1,25,0,0,0,1028,0,0,0,0,0,1,1,0,0,0,-17.03386349,0,0,0,0,3,1,1,5,10,0,0,0,3,1,1,5,1000,0,0,0,0,0,0,0,0,0,0,0,0,0,0,0,0,0,0,0,0,0,0,0,0,0,0,0,0,0,0,0,0,0,0,0,0,0,0,0,0,0,0,0,0,0,0,0,0,0,0,0
1986,24,14,22,30.216,2,7,0,-1,1,0,1,1,25,0,0,0,1028,0,0,0,0,0,1,1,0,0,0,-16.98987353,0,0,0,0,3,1,1,5,10,0,0,0,3,1,1,5,1000,0,0,0,0,0,0,0,0,0,0,0,0,0,0,0,0,0,0,0,0,0,0,0,0,0,0,0,0,0,0,0,0,0,0,0,0,0,0,0,0,0,0,0,0,0,0,0,0,0,0,0
1986,24,14,24,6.215,2,7,0,-1,1,0,1,1,25,0,0,0,1028,0,0,0,0,0,1,1,0,0,0,-16.94584573,0,0,0,0,3,1,1,5,10,0,0,0,3,1,1,5,1000,0,0,0,0,0,0,0,0,0,0,0,0,0,0,0,0,0,0,0,0,0,0,0,0,0,0,0,0,0,0,0,0,0,0,0,0,0,0,0,0,0,0,0,0,0,0,0,0,0,0,0
1986,24,14,25,42.215,2,7,0,-1,1,0,1,1,25,0,0,0,1028,0,0,0,0,0,1,1,0,0,0,-16.9017784,0,0,0,0,3,1,1,5,10,0,0,0,3,1,1,5,1000,0,0,0,0,0,0,0,0,0,0,0,0,0,0,0,0,0,0,0,0,0,0,0,0,0,0,0,0,0,0,0,0,0,0,0,0,0,0,0,0,0,0,0,0,0,0,0,0,0,0,0
1986,24,14,27,18.215,2,7,0,-1,1,0,1,1,25,0,0,0,1028,0,0,0,0,0,1,1,0,0,0,-16.85767119,0,0,0,0,3,1,1,5,10,0,0,0,3,1,1,5,1000,0,0,0,0,0,0,0,0,0,0,0,0,0,0,0,0,0,0,0,0,0,0,0,0,0,0,0,0,0,0,0,0,0,0,0,0,0,0,0,0,0,0,0,0,0,0,0,0,0,0,0
1986,24,14,31,18.215,2,7,0,-1,1,0,1,1,25,0,0,0,1028,0,0,0,0,0,1,1,0,0,0,-16.74722331,0,0,0,0,3,1,1,5,10,0,0,0,3,1,1,5,1000,0,0,0,0,0,0,0,0,0,0,0,0,0,0,0,0,0,0,0,0,0,0,0,0,0,0,0,0,0,0,0,0,0,0,0,0,0,0,0,0,0,0,0,0,0,0,0,0,0,0,0
1986,24,14,32,54.215,2,7,0,-1,1,0,1,1,25,0,0,0,1028,0,0,0,0,0,1,1,0,0,0,-16.70296998,0,0,0,0,3,1,1,5,10,0,0,0,3,1,1,5,1000,0,0,0,0,0,0,0,0,0,0,0,0,0,0,0,0,0,0,0,0,0,0,0,0,0,0,0,0,0,0,0,0,0,0,0,0,0,0,0,0,0,0,0,0,0,0,0,0,0,0,0
1986,24,14,34,30.215,2,7,0,-1,1,0,1,1,25,0,0,0,1028,0,0,0,0,0,1,1,0,0,0,-16.65867296,0,0,0,0,3,1,1,5,10,0,0,0,3,1,1,5,1000,0,0,0,0,0,0,0,0,0,0,0,0,0,0,0,0,0,0,0,0,0,0,0,0,0,0,0,0,0,0,0,0,0,0,0,0,0,0,0,0,0,0,0,0,0,0,0,0,0,0,0
1986,24,14,37,42.215,2,7,0,-1,1,0,1,1,25,0,0,0,1028,0,0,0,0,0,1,1,0,0,0,-16.56994421,0,0,0,0,3,1,1,5,10,0,0,0,3,1,1,5,1000,0,0,0,0,0,0,0,0,0,0,0,0,0,0,0,0,0,0,0,0,0,0,0,0,0,0,0,0,0,0,0,0,0,0,0,0,0,0,0,0,0,0,0,0,0,0,0,0,0,0,0
1986,24,14,39,18.214,2,7,0,-1,1,0,1,1,25,0,0,0,1028,0,0,0,0,0,1,1,0,0,0,-16.52551107,0,0,0,0,3,1,1,5,10,0,0,0,3,1,1,5,1000,0,0,0,0,0,0,0,0,0,0,0,0,0,0,0,0,0,0,0,0,0,0,0,0,0,0,0,0,0,0,0,0,0,0,0,0,0,0,0,0,0,0,0,0,0,0,0,0,0,0,0
1986,24,14,43,18.214,2,7,0,-1,1,0,1,1,25,0,0,0,1028,0,0,0,0,0,1,1,0,0,0,-16.41421719,0,0,0,0,3,1,1,5,10,0,0,0,3,1,1,5,1000,0,0,0,0,0,0,0,0,0,0,0,0,0,0,0,0,0,0,0,0,0,0,0,0,0,0,0,0,0,0,0,0,0,0,0,0,0,0,0,0,0,0,0,0,0,0,0,0,0,0,0
1986,24,14,44,54.214,2,7,0,-1,1,0,1,1,25,0,0,0,1028,0,0,0,0,0,1,1,0,0,0,-16.36961347,0,0,0,0,3,1,1,5,10,0,0,0,3,1,1,5,1000,0,0,0,0,0,0,0,0,0,0,0,0,0,0,0,0,0,0,0,0,0,0,0,0,0,0,0,0,0,0,0,0,0,0,0,0,0,0,0,0,0,0,0,0,0,0,0,0,0,0,0
1986,24,14,46,30.214,2,7,0,-1,1,0,1,1,25,0,0,0,1028,0,0,0,0,0,1,1,0,0,0,-16.32495854,0,0,0,0,3,1,1,5,10,0,0,0,3,1,1,5,1000,0,0,0,0,0,0,0,0,0,0,0,0,0,0,0,0,0,0,0,0,0,0,0,0,0,0,0,0,0,0,0,0,0,0,0,0,0,0,0,0,0,0,0,0,0,0,0,0,0,0,0
1986,24,14,48,6.214,2,7,0,-1,1,0,1,1,25,0,0,0,1028,0,0,0,0,0,1,1,0,0,0,-16.28025158,0,0,0,0,3,1,1,5,10,0,0,0,3,1,1,5,1000,0,0,0,0,0,0,0,0,0,0,0,0,0,0,0,0,0,0,0,0,0,0,0,0,0,0,0,0,0,0,0,0,0,0,0,0,0,0,0,0,0,0,0,0,0,0,0,0,0,0,0
1986,24,14,49,42.214,2,7,0,-1,1,0,1,1,25,0,0,0,1028,0,0,0,0,0,1,1,0,0,0,-16.23549149,0,0,0,0,3,1,1,5,10,0,0,0,3,1,1,5,1000,0,0,0,0,0,0,0,0,0,0,0,0,0,0,0,0,0,0,0,0,0,0,0,0,0,0,0,0,0,0,0,0,0,0,0,0,0,0,0,0,0,0,0,0,0,0,0,0,0,0,0
1986,24,14,51,18.214,2,7,0,-1,1,0,1,1,25,0,0,0,1028,0,0,0,0,0,1,1,0,0,0,-16.19067715,0,0,0,0,3,1,1,5,10,0,0,0,3,1,1,5,1000,0,0,0,0,0,0,0,0,0,0,0,0,0,0,0,0,0,0,0,0,0,0,0,0,0,0,0,0,0,0,0,0,0,0,0,0,0,0,0,0,0,0,0,0,0,0,0,0,0,0,0
1986,24,14,55,18.213,2,7,0,-1,1,0,1,1,25,0,0,0,1028,0,0,0,0,0,1,1,0,0,0,-16.07839693,0,0,0,0,3,1,1,5,10,0,0,0,3,1,1,5,1000,0,0,0,0,0,0,0,0,0,0,0,0,0,0,0,0,0,0,0,0,0,0,0,0,0,0,0,0,0,0,0,0,0,0,0,0,0,0,0,0,0,0,0,0,0,0,0,0,0,0,0
1986,24,14,56,54.213,2,7,0,-1,1,0,1,1,25,0,0,0,1028,0,0,0,0,0,1,1,0,0,0,-16.0333836,0,0,0,0,3,1,1,5,10,0,0,0,3,1,1,5,1000,0,0,0,0,0,0,0,0,0,0,0,0,0,0,0,0,0,0,0,0,0,0,0,0,0,0,0,0,0,0,0,0,0,0,0,0,0,0,0,0,0,0,0,0,0,0,0,0,0,0,0
1986,24,15,0,6.213,2,7,0,-1,1,0,1,1,25,0,0,0,1028,0,0,0,0,0,1,1,0,0,0,-15.94317695,0,0,0,0,3,1,1,5,10,0,0,0,3,1,1,5,1000,0,0,0,0,0,0,0,0,0,0,0,0,0,0,0,0,0,0,0,0,0,0,0,0,0,0,0,0,0,0,0,0,0,0,0,0,0,0,0,0,0,0,0,0,0,0,0,0,0,0,0
1986,24,15,1,42.213,2,7,0,-1,1,0,1,1,25,0,0,0,1028,0,0,0,0,0,1,1,0,0,0,-15.89798108,0,0,0,0,3,1,1,5,10,0,0,0,3,1,1,5,1000,0,0,0,0,0,0,0,0,0,0,0,0,0,0,0,0,0,0,0,0,0,0,0,0,0,0,0,0,0,0,0,0,0,0,0,0,0,0,0,0,0,0,0,0,0,0,0,0,0,0,0
1986,24,15,3,18.213,2,7,0,-1,1,0,1,1,25,0,0,0,1028,0,0,0,0,0,1,1,0,0,0,-15.85272177,0,0,0,0,3,1,1,5,10,0,0,0,3,1,1,5,1000,0,0,0,0,0,0,0,0,0,0,0,0,0,0,0,0,0,0,0,0,0,0,0,0,0,0,0,0,0,0,0,0,0,0,0,0,0,0,0,0,0,0,0,0,0,0,0,0,0,0,0
1986,24,15,7,18.213,2,7,0,-1,1,0,1,1,25,0,0,0,1028,0,0,0,0,0,1,1,0,0,0,-15.73928698,0,0,0,0,3,1,1,5,10,0,0,0,3,1,1,5,1000,0,0,0,0,0,0,0,0,0,0,0,0,0,0,0,0,0,0,0,0,0,0,0,0,0,0,0,0,0,0,0,0,0,0,0,0,0,0,0,0,0,0,0,0,0,0,0,0,0,0,0
1986,24,15,8,54.212,2,7,0,-1,1,0,1,1,25,0,0,0,1028,0,0,0,0,0,1,1,0,0,0,-15.69379525,0,0,0,0,3,1,1,5,10,0,0,0,3,1,1,5,1000,0,0,0,0,0,0,0,0,0,0,0,0,0,0,0,0,0,0,0,0,0,0,0,0,0,0,0,0,0,0,0,0,0,0,0,0,0,0,0,0,0,0,0,0,0,0,0,0,0,0,0
1986,24,15,10,30.212,2,7,0,-1,1,0,1,1,25,0,0,0,1028,0,0,0,0,0,1,1,0,0,0,-15.64823329,0,0,0,0,3,1,1,5,10,0,0,0,3,1,1,5,1000,0,0,0,0,0,0,0,0,0,0,0,0,0,0,0,0,0,0,0,0,0,0,0,0,0,0,0,0,0,0,0,0,0,0,0,0,0,0,0,0,0,0,0,0,0,0,0,0,0,0,0
1986,24,15,12,6.212,2,7,0,-1,1,0,1,1,25,0,0,0,1028,0,0,0,0,0,1,1,0,0,0,-15.60259984,0,0,0,0,3,1,1,5,10,0,0,0,3,1,1,5,1000,0,0,0,0,0,0,0,0,0,0,0,0,0,0,0,0,0,0,0,0,0,0,0,0,0,0,0,0,0,0,0,0,0,0,0,0,0,0,0,0,0,0,0,0,0,0,0,0,0,0,0
1986,24,15,13,42.212,2,7,0,-1,1,0,1,1,25,0,0,0,1028,0,0,0,0,0,1,1,0,0,0,-15.55689409,0,0,0,0,3,1,1,5,10,0,0,0,3,1,1,5,1000,0,0,0,0,0,0,0,0,0,0,0,0,0,0,0,0,0,0,0,0,0,0,0,0,0,0,0,0,0,0,0,0,0,0,0,0,0,0,0,0,0,0,0,0,0,0,0,0,0,0,0
1986,24,15,15,18.212,2,7,0,-1,1,0,1,1,25,0,0,0,1028,0,0,0,0,0,1,1,0,0,0,-15.51111376,0,0,0,0,3,1,1,5,10,0,0,0,3,1,1,5,1000,0,0,0,0,0,0,0,0,0,0,0,0,0,0,0,0,0,0,0,0,0,0,0,0,0,0,0,0,0,0,0,0,0,0,0,0,0,0,0,0,0,0,0,0,0,0,0,0,0,0,0
1986,24,15,19,18.212,2,7,0,-1,1,0,1,1,25,0,0,0,1028,0,0,0,0,0,1,1,0,0,0,-15.3963269,0,0,0,0,3,1,1,5,10,0,0,0,3,1,1,5,1000,0,0,0,0,0,0,0,0,0,0,0,0,0,0,0,0,0,0,0,0,0,0,0,0,0,0,0,0,0,0,0,0,0,0,0,0,0,0,0,0,0,0,0,0,0,0,0,0,0,0,0
1986,24,15,20,54.212,2,7,0,-1,1,0,1,1,25,0,0,0,1028,0,0,0,0,0,1,1,0,0,0,-15.35027381,0,0,0,0,3,1,1,5,10,0,0,0,3,1,1,5,1000,0,0,0,0,0,0,0,0,0,0,0,0,0,0,0,0,0,0,0,0,0,0,0,0,0,0,0,0,0,0,0,0,0,0,0,0,0,0,0,0,0,0,0,0,0,0,0,0,0,0,0
1986,24,15,22,30.212,2,7,0,-1,1,0,1,1,25,0,0,0,1028,0,0,0,0,0,1,1,0,0,0,-15.30413867,0,0,0,0,3,1,1,5,10,0,0,0,3,1,1,5,1000,0,0,0,0,0,0,0,0,0,0,0,0,0,0,0,0,0,0,0,0,0,0,0,0,0,0,0,0,0,0,0,0,0,0,0,0,0,0,0,0,0,0,0,0,0,0,0,0,0,0,0
1986,24,15,24,6.211,2,7,0,-1,1,0,1,1,25,0,0,0,1028,0,0,0,0,0,1,1,0,0,0,-15.25792043,0,0,0,0,3,1,1,5,10,0,0,0,3,1,1,5,1000,0,0,0,0,0,0,0,0,0,0,0,0,0,0,0,0,0,0,0,0,0,0,0,0,0,0,0,0,0,0,0,0,0,0,0,0,0,0,0,0,0,0,0,0,0,0,0,0,0,0,0
1986,24,15,25,42.211,2,7,0,-1,1,0,1,1,25,0,0,0,1028,0,0,0,0,0,1,1,0,0,0,-15.21161633,0,0,0,0,3,1,1,5,10,0,0,0,3,1,1,5,1000,0,0,0,0,0,0,0,0,0,0,0,0,0,0,0,0,0,0,0,0,0,0,0,0,0,0,0,0,0,0,0,0,0,0,0,0,0,0,0,0,0,0,0,0,0,0,0,0,0,0,0
1986,24,15,27,18.211,2,7,0,-1,1,0,1,1,25,0,0,0,1028,0,0,0,0,0,1,1,0,0,0,-15.165225,0,0,0,0,3,1,1,5,10,0,0,0,3,1,1,5,1000,0,0,0,0,0,0,0,0,0,0,0,0,0,0,0,0,0,0,0,0,0,0,0,0,0,0,0,0,0,0,0,0,0,0,0,0,0,0,0,0,0,0,0,0,0,0,0,0,0,0,0
1986,24,15,31,18.211,2,7,0,-1,1,0,1,1,25,0,0,0,1028,0,0,0,0,0,1,1,0,0,0,-15.04885256,0,0,0,0,3,1,1,5,10,0,0,0,3,1,1,5,1000,0,0,0,0,0,0,0,0,0,0,0,0,0,0,0,0,0,0,0,0,0,0,0,0,0,0,0,0,0,0,0,0,0,0,0,0,0,0,0,0,0,0,0,0,0,0,0,0,0,0,0
1986,24,15,32,54.211,2,7,0,-1,1,0,1,1,25,0,0,0,1028,0,0,0,0,0,1,1,0,0,0,-15.00214079,0,0,0,0,3,1,1,5,10,0,0,0,3,1,1,5,1000,0,0,0,0,0,0,0,0,0,0,0,0,0,0,0,0,0,0,0,0,0,0,0,0,0,0,0,0,0,0,0,0,0,0,0,0,0,0,0,0,0,0,0,0,0,0,0,0,0,0,0
1986,24,15,34,30.211,2,7,0,-1,1,0,1,1,25,0,0,0,1028,0,0,0,0,0,1,1,0,0,0,-14.95533297,0,0,0,0,3,1,1,5,10,0,0,0,3,1,1,5,1000,0,0,0,0,0,0,0,0,0,0,0,0,0,0,0,0,0,0,0,0,0,0,0,0,0,0,0,0,0,0,0,0,0,0,0,0,0,0,0,0,0,0,0,0,0,0,0,0,0,0,0
1986,24,15,36,6.211,2,7,0,-1,1,0,1,1,25,0,0,0,1028,0,0,0,0,0,1,1,0,0,0,-14.908427,0,0,0,0,3,1,1,5,10,0,0,0,3,1,1,5,1000,0,0,0,0,0,0,0,0,0,0,0,0,0,0,0,0,0,0,0,0,0,0,0,0,0,0,0,0,0,0,0,0,0,0,0,0,0,0,0,0,0,0,0,0,0,0,0,0,0,0,0
1986,24,15,37,42.21,2,7,0,-1,1,0,1,1,25,0,0,0,1028,0,0,0,0,0,1,1,0,0,0,-14.861421,0,0,0,0,3,1,1,5,10,0,0,0,3,1,1,5,1000,0,0,0,0,0,0,0,0,0,0,0,0,0,0,0,0,0,0,0,0,0,0,0,0,0,0,0,0,0,0,0,0,0,0,0,0,0,0,0,0,0,0,0,0,0,0,0,0,0,0,0
1986,24,15,43,18.21,2,7,0,-1,1,0,1,1,25,0,0,0,1028,0,0,0,0,0,1,1,0,0,0,-14.69607792,0,0,0,0,3,1,1,5,10,0,0,0,3,1,1,5,1000,0,0,0,0,0,0,0,0,0,0,0,0,0,0,0,0,0,0,0,0,0,0,0,0,0,0,0,0,0,0,0,0,0,0,0,0,0,0,0,0,0,0,0,0,0,0,0,0,0,0,0
1986,24,15,44,54.21,2,7,0,-1,1,0,1,1,25,0,0,0,1028,0,0,0,0,0,1,1,0,0,0,-14.64859284,0,0,0,0,3,1,1,5,10,0,0,0,3,1,1,5,1000,0,0,0,0,0,0,0,0,0,0,0,0,0,0,0,0,0,0,0,0,0,0,0,0,0,0,0,0,0,0,0,0,0,0,0,0,0,0,0,0,0,0,0,0,0,0,0,0,0,0,0
1986,24,15,46,30.21,2,7,0,-1,1,0,1,1,25,0,0,0,1028,0,0,0,0,0,1,1,0,0,0,-14.60099492,0,0,0,0,3,1,1,5,10,0,0,0,3,1,1,5,1000,0,0,0,0,0,0,0,0,0,0,0,0,0,0,0,0,0,0,0,0,0,0,0,0,0,0,0,0,0,0,0,0,0,0,0,0,0,0,0,0,0,0,0,0,0,0,0,0,0,0,0
1986,24,15,48,6.21,2,7,0,-1,1,0,1,1,25,0,0,0,1028,0,0,0,0,0,1,1,0,0,0,-14.55328172,0,0,0,0,3,1,1,5,10,0,0,0,3,1,1,5,1000,0,0,0,0,0,0,0,0,0,0,0,0,0,0,0,0,0,0,0,0,0,0,0,0,0,0,0,0,0,0,0,0,0,0,0,0,0,0,0,0,0,0,0,0,0,0,0,0,0,0,0
1986,24,15,49,42.21,2,7,0,-1,1,0,1,1,25,0,0,0,1028,0,0,0,0,0,1,1,0,0,0,-14.50545073,0,0,0,0,3,1,1,5,10,0,0,0,3,1,1,5,1000,0,0,0,0,0,0,0,0,0,0,0,0,0,0,0,0,0,0,0,0,0,0,0,0,0,0,0,0,0,0,0,0,0,0,0,0,0,0,0,0,0,0,0,0,0,0,0,0,0,0,0
1986,24,15,51,18.21,2,7,0,-1,1,0,1,1,25,0,0,0,1028,0,0,0,0,0,1,1,0,0,0,-14.4574994,0,0,0,0,3,1,1,5,10,0,0,0,3,1,1,5,1000,0,0,0,0,0,0,0,0,0,0,0,0,0,0,0,0,0,0,0,0,0,0,0,0,0,0,0,0,0,0,0,0,0,0,0,0,0,0,0,0,0,0,0,0,0,0,0,0,0,0,0
1986,24,15,55,18.209,2,7,0,-1,1,0,1,1,25,0,0,0,1028,0,0,0,0,0,1,1,0,0,0,-14.33707791,0,0,0,0,3,1,1,5,10,0,0,0,3,1,1,5,1000,0,0,0,0,0,0,0,0,0,0,0,0,0,0,0,0,0,0,0,0,0,0,0,0,0,0,0,0,0,0,0,0,0,0,0,0,0,0,0,0,0,0,0,0,0,0,0,0,0,0,0
1986,24,15,56,54.209,2,7,0,-1,1,0,1,1,25,0,0,0,1028,0,0,0,0,0,1,1,0,0,0,-14.28868455,0,0,0,0,3,1,1,5,10,0,0,0,3,1,1,5,1000,0,0,0,0,0,0,0,0,0,0,0,0,0,0,0,0,0,0,0,0,0,0,0,0,0,0,0,0,0,0,0,0,0,0,0,0,0,0,0,0,0,0,0,0,0,0,0,0,0,0,0
1986,24,15,58,30.209,2,7,0,-1,1,0,1,1,25,0,0,0,1028,0,0,0,0,0,1,1,0,0,0,-14.24015871,0,0,0,0,3,1,1,5,10,0,0,0,3,1,1,5,1000,0,0,0,0,0,0,0,0,0,0,0,0,0,0,0,0,0,0,0,0,0,0,0,0,0,0,0,0,0,0,0,0,0,0,0,0,0,0,0,0,0,0,0,0,0,0,0,0,0,0,0
1986,24,16,0,6.209,2,7,0,-1,1,0,1,1,25,0,0,0,1028,0,0,0,0,0,1,1,0,0,0,-14.19149754,0,0,0,0,3,1,1,5,10,0,0,0,3,1,1,5,1000,0,0,0,0,0,0,0,0,0,0,0,0,0,0,0,0,0,0,0,0,0,0,0,0,0,0,0,0,0,0,0,0,0,0,0,0,0,0,0,0,0,0,0,0,0,0,0,0,0,0,0
1986,24,16,3,18.209,2,7,0,-1,1,0,1,1,25,0,0,0,1028,0,0,0,0,0,1,1,0,0,0,-14.09375755,0,0,0,0,3,1,1,5,10,0,0,0,3,1,1,5,1000,0,0,0,0,0,0,0,0,0,0,0,0,0,0,0,0,0,0,0,0,0,0,0,0,0,0,0,0,0,0,0,0,0,0,0,0,0,0,0,0,0,0,0,0,0,0,0,0,0,0,0
1986,24,16,7,18.209,2,7,0,-1,1,0,1,1,25,0,0,0,1028,0,0,0,0,0,1,1,0,0,0,-13.97076837,0,0,0,0,3,1,1,5,10,0,0,0,3,1,1,5,1000,0,0,0,0,0,0,0,0,0,0,0,0,0,0,0,0,0,0,0,0,0,0,0,0,0,0,0,0,0,0,0,0,0,0,0,0,0,0,0,0,0,0,0,0,0,0,0,0,0,0,0
1986,24,16,10,30.208,2,7,0,-1,1,0,1,1,25,0,0,0,1028,0,0,0,0,0,1,1,0,0,0,-13.87169581,0,0,0,0,3,1,1,5,10,0,0,0,3,1,1,5,1000,0,0,0,0,0,0,0,0,0,0,0,0,0,0,0,0,0,0,0,0,0,0,0,0,0,0,0,0,0,0,0,0,0,0,0,0,0,0,0,0,0,0,0,0,0,0,0,0,0,0,0
1986,24,16,12,6.208,2,7,0,-1,1,0,1,1,25,0,0,0,1028,0,0,0,0,0,1,1,0,0,0,-13.82192316,0,0,0,0,3,1,1,5,10,0,0,0,3,1,1,5,1000,0,0,0,0,0,0,0,0,0,0,0,0,0,0,0,0,0,0,0,0,0,0,0,0,0,0,0,0,0,0,0,0,0,0,0,0,0,0,0,0,0,0,0,0,0,0,0,0,0,0,0
1986,24,16,19,18.208,2,7,0,-1,1,0,1,1,25,0,0,0,1028,0,0,0,0,0,1,1,0,0,0,-13.59589424,0,0,0,0,3,1,1,5,10,0,0,0,3,1,1,5,1000,0,0,0,0,0,0,0,0,0,0,0,0,0,0,0,0,0,0,0,0,0,0,0,0,0,0,0,0,0,0,0,0,0,0,0,0,0,0,0,0,0,0,0,0,0,0,0,0,0,0,0
1986,24,16,20,54.208,2,7,0,-1,1,0,1,1,25,0,0,0,1028,0,0,0,0,0,1,1,0,0,0,-13.54518884,0,0,0,0,3,1,1,5,10,0,0,0,3,1,1,5,1000,0,0,0,0,0,0,0,0,0,0,0,0,0,0,0,0,0,0,0,0,0,0,0,0,0,0,0,0,0,0,0,0,0,0,0,0,0,0,0,0,0,0,0,0,0,0,0,0,0,0,0
1986,24,16,22,30.208,2,7,0,-1,1,0,1,1,25,0,0,0,1028,0,0,0,0,0,1,1,0,0,0,-13.49430232,0,0,0,0,3,1,1,5,10,0,0,0,3,1,1,5,1000,0,0,0,0,0,0,0,0,0,0,0,0,0,0,0,0,0,0,0,0,0,0,0,0,0,0,0,0,0,0,0,0,0,0,0,0,0,0,0,0,0,0,0,0,0,0,0,0,0,0,0
1986,24,16,24,6.207,2,7,0,-1,1,0,1,1,25,0,0,0,1028,0,0,0,0,0,1,1,0,0,0,-13.44323125,0,0,0,0,3,1,1,5,10,0,0,0,3,1,1,5,1000,0,0,0,0,0,0,0,0,0,0,0,0,0,0,0,0,0,0,0,0,0,0,0,0,0,0,0,0,0,0,0,0,0,0,0,0,0,0,0,0,0,0,0,0,0,0,0,0,0,0,0
1986,24,16,25,42.207,2,7,0,-1,1,0,1,1,25,0,0,0,1028,0,0,0,0,0,1,1,0,0,0,-13.39197165,0,0,0,0,3,1,1,5,10,0,0,0,3,1,1,5,1000,0,0,0,0,0,0,0,0,0,0,0,0,0,0,0,0,0,0,0,0,0,0,0,0,0,0,0,0,0,0,0,0,0,0,0,0,0,0,0,0,0,0,0,0,0,0,0,0,0,0,0
1986,24,16,27,18.207,2,7,0,-1,1,0,1,1,25,0,0,0,1028,0,0,0,0,0,1,1,0,0,0,-13.34051947,0,0,0,0,3,1,1,5,10,0,0,0,3,1,1,5,1000,0,0,0,0,0,0,0,0,0,0,0,0,0,0,0,0,0,0,0,0,0,0,0,0,0,0,0,0,0,0,0,0,0,0,0,0,0,0,0,0,0,0,0,0,0,0,0,0,0,0,0
1986,24,16,31,18.207,2,7,0,-1,1,0,1,1,25,0,0,0,1028,0,0,0,0,0,1,1,0,0,0,-13.21102242,0,0,0,0,3,1,1,5,10,0,0,0,3,1,1,5,1000,0,0,0,0,0,0,0,0,0,0,0,0,0,0,0,0,0,0,0,0,0,0,0,0,0,0,0,0,0,0,0,0,0,0,0,0,0,0,0,0,0,0,0,0,0,0,0,0,0,0,0
1986,24,16,32,54.207,2,7,0,-1,1,0,1,1,25,0,0,0,1028,0,0,0,0,0,1,1,0,0,0,-13.15886673,0,0,0,0,3,1,1,5,10,0,0,0,3,1,1,5,1000,0,0,0,0,0,0,0,0,0,0,0,0,0,0,0,0,0,0,0,0,0,0,0,0,0,0,0,0,0,0,0,0,0,0,0,0,0,0,0,0,0,0,0,0,0,0,0,0,0,0,0
1986,24,16,34,30.207,2,7,0,-1,1,0,1,1,25,0,0,0,1028,0,0,0,0,0,1,1,0,0,0,-13.10650117,0,0,0,0,3,1,1,5,10,0,0,0,3,1,1,5,1000,0,0,0,0,0,0,0,0,0,0,0,0,0,0,0,0,0,0,0,0,0,0,0,0,0,0,0,0,0,0,0,0,0,0,0,0,0,0,0,0,0,0,0,0,0,0,0,0,0,0,0
1986,24,16,37,42.207,2,7,0,-1,1,0,1,1,25,0,0,0,1028,0,0,0,0,0,1,1,0,0,0,-13.00112442,0,0,0,0,3,1,1,5,10,0,0,0,3,1,1,5,1000,0,0,0,0,0,0,0,0,0,0,0,0,0,0,0,0,0,0,0,0,0,0,0,0,0,0,0,0,0,0,0,0,0,0,0,0,0,0,0,0,0,0,0,0,0,0,0,0,0,0,0
1986,24,16,39,18.206,2,7,0,-1,1,0,1,1,25,0,0,0,1028,0,0,0,0,0,1,1,0,0,0,-12.94810541,0,0,0,0,3,1,1,5,10,0,0,0,3,1,1,5,1000,0,0,0,0,0,0,0,0,0,0,0,0,0,0,0,0,0,0,0,0,0,0,0,0,0,0,0,0,0,0,0,0,0,0,0,0,0,0,0,0,0,0,0,0,0,0,0,0,0,0,0
1986,24,16,43,18.206,2,7,0,-1,1,0,1,1,25,0,0,0,1028,0,0,0,0,0,1,1,0,0,0,-12.8145595,0,0,0,0,3,1,1,5,10,0,0,0,3,1,1,5,1000,0,0,0,0,0,0,0,0,0,0,0,0,0,0,0,0,0,0,0,0,0,0,0,0,0,0,0,0,0,0,0,0,0,0,0,0,0,0,0,0,0,0,0,0,0,0,0,0,0,0,0
1986,24,16,44,54.206,2,7,0,-1,1,0,1,1,25,0,0,0,1028,0,0,0,0,0,1,1,0,0,0,-12.76073103,0,0,0,0,3,1,1,5,10,0,0,0,3,1,1,5,1000,0,0,0,0,0,0,0,0,0,0,0,0,0,0,0,0,0,0,0,0,0,0,0,0,0,0,0,0,0,0,0,0,0,0,0,0,0,0,0,0,0,0,0,0,0,0,0,0,0,0,0
1986,24,16,46,30.206,2,7,0,-1,1,0,1,1,25,0,0,0,1028,0,0,0,0,0,1,1,0,0,0,-12.70666207,0,0,0,0,3,1,1,5,10,0,0,0,3,1,1,5,1000,0,0,0,0,0,0,0,0,0,0,0,0,0,0,0,0,0,0,0,0,0,0,0,0,0,0,0,0,0,0,0,0,0,0,0,0,0,0,0,0,0,0,0,0,0,0,0,0,0,0,0
1986,24,16,48,6.206,2,7,0,-1,1,0,1,1,25,0,0,0,1028,0,0,0,0,0,1,1,0,0,0,-12.65234849,0,0,0,0,3,1,1,5,10,0,0,0,3,1,1,5,1000,0,0,0,0,0,0,0,0,0,0,0,0,0,0,0,0,0,0,0,0,0,0,0,0,0,0,0,0,0,0,0,0,0,0,0,0,0,0,0,0,0,0,0,0,0,0,0,0,0,0,0
1986,24,16,49,42.206,2,7,0,-1,1,0,1,1,25,0,0,0,1028,0,0,0,0,0,1,1,0,0,0,-12.59778615,0,0,0,0,3,1,1,5,10,0,0,0,3,1,1,5,1000,0,0,0,0,0,0,0,0,0,0,0,0,0,0,0,0,0,0,0,0,0,0,0,0,0,0,0,0,0,0,0,0,0,0,0,0,0,0,0,0,0,0,0,0,0,0,0,0,0,0,0
1986,24,16,51,18.206,2,7,0,-1,1,0,1,1,25,0,0,0,1028,0,0,0,0,0,1,1,0,0,0,-12.54297092,0,0,0,0,3,1,1,5,10,0,0,0,3,1,1,5,1000,0,0,0,0,0,0,0,0,0,0,0,0,0,0,0,0,0,0,0,0,0,0,0,0,0,0,0,0,0,0,0,0,0,0,0,0,0,0,0,0,0,0,0,0,0,0,0,0,0,0,0
1986,24,16,55,18.205,2,7,0,-1,1,0,1,1,25,0,0,0,1028,0,0,0,0,0,1,1,0,0,0,-12.40480018,0,0,0,0,3,1,1,5,10,0,0,0,3,1,1,5,1000,0,0,0,0,0,0,0,0,0,0,0,0,0,0,0,0,0,0,0,0,0,0,0,0,0,0,0,0,0,0,0,0,0,0,0,0,0,0,0,0,0,0,0,0,0,0,0,0,0,0,0
1986,24,16,56,54.205,2,7,0,-1,1,0,1,1,25,0,0,0,1028,0,0,0,0,0,1,1,0,0,0,-12.3490677,0,0,0,0,3,1,1,5,10,0,0,0,3,1,1,5,1000,0,0,0,0,0,0,0,0,0,0,0,0,0,0,0,0,0,0,0,0,0,0,0,0,0,0,0,0,0,0,0,0,0,0,0,0,0,0,0,0,0,0,0,0,0,0,0,0,0,0,0
1986,24,16,58,30.205,2,7,0,-1,1,0,1,1,25,0,0,0,1028,0,0,0,0,0,1,1,0,0,0,-12.29306409,0,0,0,0,3,1,1,5,10,0,0,0,3,1,1,5,1000,0,0,0,0,0,0,0,0,0,0,0,0,0,0,0,0,0,0,0,0,0,0,0,0,0,0,0,0,0,0,0,0,0,0,0,0,0,0,0,0,0,0,0,0,0,0,0,0,0,0,0
1986,24,17,0,6.205,2,7,0,-1,1,0,1,1,25,0,0,0,1028,0,0,0,0,0,1,1,0,0,0,-12.23678541,0,0,0,0,3,1,1,5,10,0,0,0,3,1,1,5,1000,0,0,0,0,0,0,0,0,0,0,0,0,0,0,0,0,0,0,0,0,0,0,0,0,0,0,0,0,0,0,0,0,0,0,0,0,0,0,0,0,0,0,0,0,0,0,0,0,0,0,0
1986,24,17,1,42.205,2,7,0,-1,1,0,1,1,25,0,0,0,1028,0,0,0,0,0,1,1,0,0,0,-12.1802278,0,0,0,0,3,1,1,5,10,0,0,0,3,1,1,5,1000,0,0,0,0,0,0,0,0,0,0,0,0,0,0,0,0,0,0,0,0,0,0,0,0,0,0,0,0,0,0,0,0,0,0,0,0,0,0,0,0,0,0,0,0,0,0,0,0,0,0,0
1986,24,17,3,18.205,2,7,0,-1,1,0,1,1,25,0,0,0,1028,0,0,0,0,0,1,1,0,0,0,-12.12338745,0,0,0,0,3,1,1,5,10,0,0,0,3,1,1,5,1000,0,0,0,0,0,0,0,0,0,0,0,0,0,0,0,0,0,0,0,0,0,0,0,0,0,0,0,0,0,0,0,0,0,0,0,0,0,0,0,0,0,0,0,0,0,0,0,0,0,0,0
1986,24,17,7,18.205,2,7,0,-1,1,0,1,1,25,0,0,0,1028,0,0,0,0,0,1,1,0,0,0,-11.98002534,0,0,0,0,3,1,1,5,10,0,0,0,3,1,1,5,1000,0,0,0,0,0,0,0,0,0,0,0,0,0,0,0,0,0,0,0,0,0,0,0,0,0,0,0,0,0,0,0,0,0,0,0,0,0,0,0,0,0,0,0,0,0,0,0,0,0,0,0
1986,24,17,8,54.204,2,7,0,-1,1,0,1,1,25,0,0,0,1028,0,0,0,0,0,1,1,0,0,0,-11.92216698,0,0,0,0,3,1,1,5,10,0,0,0,3,1,1,5,1000,0,0,0,0,0,0,0,0,0,0,0,0,0,0,0,0,0,0,0,0,0,0,0,0,0,0,0,0,0,0,0,0,0,0,0,0,0,0,0,0,0,0,0,0,0,0,0,0,0,0,0
1986,24,17,10,30.204,2,7,0,-1,1,0,1,1,25,0,0,0,1028,0,0,0,0,0,1,1,0,0,0,-11.86400991,0,0,0,0,3,1,1,5,10,0,0,0,3,1,1,5,1000,0,0,0,0,0,0,0,0,0,0,0,0,0,0,0,0,0,0,0,0,0,0,0,0,0,0,0,0,0,0,0,0,0,0,0,0,0,0,0,0,0,0,0,0,0,0,0,0,0,0,0
1986,24,17,12,6.204,2,7,0,-1,1,0,1,1,25,0,0,0,1028,0,0,0,0,0,1,1,0,0,0,-11.80555059,0,0,0,0,3,1,1,5,10,0,0,0,3,1,1,5,1000,0,0,0,0,0,0,0,0,0,0,0,0,0,0,0,0,0,0,0,0,0,0,0,0,0,0,0,0,0,0,0,0,0,0,0,0,0,0,0,0,0,0,0,0,0,0,0,0,0,0,0
1986,24,17,13,42.204,2,7,0,-1,1,0,1,1,25,0,0,0,1028,0,0,0,0,0,1,1,0,0,0,-11.74678625,0,0,0,0,3,1,1,5,10,0,0,0,3,1,1,5,1000,0,0,0,0,0,0,0,0,0,0,0,0,0,0,0,0,0,0,0,0,0,0,0,0,0,0,0,0,0,0,0,0,0,0,0,0,0,0,0,0,0,0,0,0,0,0,0,0,0,0,0
1986,24,17,15,18.204,2,7,0,-1,1,0,1,1,25,0,0,0,1028,0,0,0,0,0,1,1,0,0,0,-11.68771394,0,0,0,0,3,1,1,5,10,0,0,0,3,1,1,5,1000,0,0,0,0,0,0,0,0,0,0,0,0,0,0,0,0,0,0,0,0,0,0,0,0,0,0,0,0,0,0,0,0,0,0,0,0,0,0,0,0,0,0,0,0,0,0,0,0,0,0,0
1986,24,17,19,18.204,2,7,0,-1,1,0,1,1,25,0,0,0,1028,0,0,0,0,0,1,1,0,0,0,-11.5386681,0,0,0,0,3,1,1,5,10,0,0,0,3,1,1,5,1000,0,0,0,0,0,0,0,0,0,0,0,0,0,0,0,0,0,0,0,0,0,0,0,0,0,0,0,0,0,0,0,0,0,0,0,0,0,0,0,0,0,0,0,0,0,0,0,0,0,0,0
1986,24,17,20,54.204,2,7,0,-1,1,0,1,1,25,0,0,0,1028,0,0,0,0,0,1,1,0,0,0,-11.47849733,0,0,0,0,3,1,1,5,10,0,0,0,3,1,1,5,1000,0,0,0,0,0,0,0,0,0,0,0,0,0,0,0,0,0,0,0,0,0,0,0,0,0,0,0,0,0,0,0,0,0,0,0,0,0,0,0,0,0,0,0,0,0,0,0,0,0,0,0
1986,24,17,22,30.204,2,7,0,-1,1,0,1,1,25,0,0,0,1028,0,0,0,0,0,1,1,0,0,0,-11.41800762,0,0,0,0,3,1,1,5,10,0,0,0,3,1,1,5,1000,0,0,0,0,0,0,0,0,0,0,0,0,0,0,0,0,0,0,0,0,0,0,0,0,0,0,0,0,0,0,0,0,0,0,0,0,0,0,0,0,0,0,0,0,0,0,0,0,0,0,0
1986,24,17,24,6.203,2,7,0,-1,1,0,1,1,25,0,0,0,1028,0,0,0,0,0,1,1,0,0,0,-11.35719744,0,0,0,0,3,1,1,5,10,0,0,0,3,1,1,5,1000,0,0,0,0,0,0,0,0,0,0,0,0,0,0,0,0,0,0,0,0,0,0,0,0,0,0,0,0,0,0,0,0,0,0,0,0,0,0,0,0,0,0,0,0,0,0,0,0,0,0,0
1986,24,17,25,42.203,2,7,0,-1,1,0,1,1,25,0,0,0,1028,0,0,0,0,0,1,1,0,0,0,-11.29606485,0,0,0,0,3,1,1,5,10,0,0,0,3,1,1,5,1000,0,0,0,0,0,0,0,0,0,0,0,0,0,0,0,0,0,0,0,0,0,0,0,0,0,0,0,0,0,0,0,0,0,0,0,0,0,0,0,0,0,0,0,0,0,0,0,0,0,0,0
1986,24,17,27,18.203,2,7,0,-1,1,0,1,1,25,0,0,0,1028,0,0,0,0,0,1,1,0,0,0,-11.23460814,0,0,0,0,3,1,1,5,10,0,0,0,3,1,1,5,1000,0,0,0,0,0,0,0,0,0,0,0,0,0,0,0,0,0,0,0,0,0,0,0,0,0,0,0,0,0,0,0,0,0,0,0,0,0,0,0,0,0,0,0,0,0,0,0,0,0,0,0
1986,24,17,31,18.203,2,7,0,-1,1,0,1,1,25,0,0,0,1028,0,0,0,0,0,1,1,0,0,0,-11.07954307,0,0,0,0,3,1,1,5,10,0,0,0,3,1,1,5,1000,0,0,0,0,0,0,0,0,0,0,0,0,0,0,0,0,0,0,0,0,0,0,0,0,0,0,0,0,0,0,0,0,0,0,0,0,0,0,0,0,0,0,0,0,0,0,0,0,0,0,0
1986,24,17,32,54.203,2,7,0,-1,1,0,1,1,25,0,0,0,1028,0,0,0,0,0,1,1,0,0,0,-11.01694608,0,0,0,0,3,1,1,5,10,0,0,0,3,1,1,5,1000,0,0,0,0,0,0,0,0,0,0,0,0,0,0,0,0,0,0,0,0,0,0,0,0,0,0,0,0,0,0,0,0,0,0,0,0,0,0,0,0,0,0,0,0,0,0,0,0,0,0,0
1986,24,17,34,30.203,2,7,0,-1,1,0,1,1,25,0,0,0,1028,0,0,0,0,0,1,1,0,0,0,-10.9540225,0,0,0,0,3,1,1,5,10,0,0,0,3,1,1,5,1000,0,0,0,0,0,0,0,0,0,0,0,0,0,0,0,0,0,0,0,0,0,0,0,0,0,0,0,0,0,0,0,0,0,0,0,0,0,0,0,0,0,0,0,0,0,0,0,0,0,0,0
1986,24,17,36,6.203,2,7,0,-1,1,0,1,1,25,0,0,0,1028,0,0,0,0,0,1,1,0,0,0,-10.89077252,0,0,0,0,3,1,1,5,10,0,0,0,3,1,1,5,1000,0,0,0,0,0,0,0,0,0,0,0,0,0,0,0,0,0,0,0,0,0,0,0,0,0,0,0,0,0,0,0,0,0,0,0,0,0,0,0,0,0,0,0,0,0,0,0,0,0,0,0
1986,24,17,37,42.203,2,7,0,-1,1,0,1,1,25,0,0,0,1028,0,0,0,0,0,1,1,0,0,0,-10.82719669,0,0,0,0,3,1,1,5,10,0,0,0,3,1,1,5,1000,0,0,0,0,0,0,0,0,0,0,0,0,0,0,0,0,0,0,0,0,0,0,0,0,0,0,0,0,0,0,0,0,0,0,0,0,0,0,0,0,0,0,0,0,0,0,0,0,0,0,0
1986,24,17,39,18.202,2,7,0,-1,1,0,1,1,25,0,0,0,1028,0,0,0,0,0,1,1,0,0,0,-10.7632962,0,0,0,0,3,1,1,5,10,0,0,0,3,1,1,5,1000,0,0,0,0,0,0,0,0,0,0,0,0,0,0,0,0,0,0,0,0,0,0,0,0,0,0,0,0,0,0,0,0,0,0,0,0,0,0,0,0,0,0,0,0,0,0,0,0,0,0,0
1986,24,17,43,18.202,2,7,0,-1,1,0,1,1,25,0,0,0,1028,0,0,0,0,0,1,1,0,0,0,-10.6021315,0,0,0,0,3,1,1,5,10,0,0,0,3,1,1,5,1000,0,0,0,0,0,0,0,0,0,0,0,0,0,0,0,0,0,0,0,0,0,0,0,0,0,0,0,0,0,0,0,0,0,0,0,0,0,0,0,0,0,0,0,0,0,0,0,0,0,0,0
1986,24,17,44,54.202,2,7,0,-1,1,0,1,1,25,0,0,0,1028,0,0,0,0,0,1,1,0,0,0,-10.53710512,0,0,0,0,3,1,1,5,10,0,0,0,3,1,1,5,1000,0,0,0,0,0,0,0,0,0,0,0,0,0,0,0,0,0,0,0,0,0,0,0,0,0,0,0,0,0,0,0,0,0,0,0,0,0,0,0,0,0,0,0,0,0,0,0,0,0,0,0
1986,24,17,46,30.202,2,7,0,-1,1,0,1,1,25,0,0,0,1028,0,0,0,0,0,1,1,0,0,0,-10.47176204,0,0,0,0,3,1,1,5,10,0,0,0,3,1,1,5,1000,0,0,0,0,0,0,0,0,0,0,0,0,0,0,0,0,0,0,0,0,0,0,0,0,0,0,0,0,0,0,0,0,0,0,0,0,0,0,0,0,0,0,0,0,0,0,0,0,0,0,0
1986,24,17,48,6.202,2,7,0,-1,1,0,1,1,25,0,0,0,1028,0,0,0,0,0,1,1,0,0,0,-10.40610512,0,0,0,0,3,1,1,5,10,0,0,0,3,1,1,5,1000,0,0,0,0,0,0,0,0,0,0,0,0,0,0,0,0,0,0,0,0,0,0,0,0,0,0,0,0,0,0,0,0,0,0,0,0,0,0,0,0,0,0,0,0,0,0,0,0,0,0,0
1986,24,17,49,42.202,2,7,0,-1,1,0,1,1,25,0,0,0,1028,0,0,0,0,0,1,1,0,0,0,-10.34013763,0,0,0,0,3,1,1,5,10,0,0,0,3,1,1,5,1000,0,0,0,0,0,0,0,0,0,0,0,0,0,0,0,0,0,0,0,0,0,0,0,0,0,0,0,0,0,0,0,0,0,0,0,0,0,0,0,0,0,0,0,0,0,0,0,0,0,0,0
1986,24,17,51,18.202,2,7,0,-1,1,0,1,1,25,0,0,0,1028,0,0,0,0,0,1,1,0,0,0,-10.27386318,0,0,0,0,3,1,1,5,10,0,0,0,3,1,1,5,1000,0,0,0,0,0,0,0,0,0,0,0,0,0,0,0,0,0,0,0,0,0,0,0,0,0,0,0,0,0,0,0,0,0,0,0,0,0,0,0,0,0,0,0,0,0,0,0,0,0,0,0
1986,24,17,55,18.201,2,7,0,-1,1,0,1,1,25,0,0,0,1028,0,0,0,0,0,1,1,0,0,0,-10.10686224,0,0,0,0,3,1,1,5,10,0,0,0,3,1,1,5,1000,0,0,0,0,0,0,0,0,0,0,0,0,0,0,0,0,0,0,0,0,0,0,0,0,0,0,0,0,0,0,0,0,0,0,0,0,0,0,0,0,0,0,0,0,0,0,0,0,0,0,0
1986,24,17,56,54.201,2,7,0,-1,1,0,1,1,25,0,0,0,1028,0,0,0,0,0,1,1,0,0,0,-10.03954776,0,0,0,0,3,1,1,5,10,0,0,0,3,1,1,5,1000,0,0,0,0,0,0,0,0,0,0,0,0,0,0,0,0,0,0,0,0,0,0,0,0,0,0,0,0,0,0,0,0,0,0,0,0,0,0,0,0,0,0,0,0,0,0,0,0,0,0,0
1986,24,17,58,30.201,2,7,0,-1,1,0,1,1,25,0,0,0,1028,0,0,0,0,0,1,1,0,0,0,-9.971947558,0,0,0,0,3,1,1,5,10,0,0,0,3,1,1,5,1000,0,0,0,0,0,0,0,0,0,0,0,0,0,0,0,0,0,0,0,0,0,0,0,0,0,0,0,0,0,0,0,0,0,0,0,0,0,0,0,0,0,0,0,0,0,0,0,0,0,0,0
1986,24,18,0,6.201,2,7,0,-1,1,0,1,1,25,0,0,0,1028,0,0,0,0,0,1,1,0,0,0,-9.904067433,0,0,0,0,3,1,1,5,10,0,0,0,3,1,1,5,1000,0,0,0,0,0,0,0,0,0,0,0,0,0,0,0,0,0,0,0,0,0,0,0,0,0,0,0,0,0,0,0,0,0,0,0,0,0,0,0,0,0,0,0,0,0,0,0,0,0,0,0
1986,24,18,1,42.201,2,7,0,-1,1,0,1,1,25,0,0,0,1028,0,0,0,0,0,1,1,0,0,0,-9.835913583,0,0,0,0,3,1,1,5,10,0,0,0,3,1,1,5,1000,0,0,0,0,0,0,0,0,0,0,0,0,0,0,0,0,0,0,0,0,0,0,0,0,0,0,0,0,0,0,0,0,0,0,0,0,0,0,0,0,0,0,0,0,0,0,0,0,0,0,0
1986,24,18,3,18.201,2,7,0,-1,1,0,1,1,25,0,0,0,1028,0,0,0,0,0,1,1,0,0,0,-9.767492595,0,0,0,0,3,1,1,5,10,0,0,0,3,1,1,5,1000,0,0,0,0,0,0,0,0,0,0,0,0,0,0,0,0,0,0,0,0,0,0,0,0,0,0,0,0,0,0,0,0,0,0,0,0,0,0,0,0,0,0,0,0,0,0,0,0,0,0,0
1986,24,18,7,18.201,2,7,0,-1,1,0,1,1,25,0,0,0,1028,0,0,0,0,0,1,1,0,0,0,-9.595317743,0,0,0,0,3,1,1,5,10,0,0,0,3,1,1,5,1000,0,0,0,0,0,0,0,0,0,0,0,0,0,0,0,0,0,0,0,0,0,0,0,0,0,0,0,0,0,0,0,0,0,0,0,0,0,0,0,0,0,0,0,0,0,0,0,0,0,0,0
1986,24,18,8,54.201,2,7,0,-1,1,0,1,1,25,0,0,0,1028,0,0,0,0,0,1,1,0,0,0,-9.526019553,0,0,0,0,3,1,1,5,10,0,0,0,3,1,1,5,1000,0,0,0,0,0,0,0,0,0,0,0,0,0,0,0,0,0,0,0,0,0,0,0,0,0,0,0,0,0,0,0,0,0,0,0,0,0,0,0,0,0,0,0,0,0,0,0,0,0,0,0
1986,24,18,10,30.2,2,7,0,-1,1,0,1,1,25,0,0,0,1028,0,0,0,0,0,1,1,0,0,0,-9.456488952,0,0,0,0,3,1,1,5,10,0,0,0,3,1,1,5,1000,0,0,0,0,0,0,0,0,0,0,0,0,0,0,0,0,0,0,0,0,0,0,0,0,0,0,0,0,0,0,0,0,0,0,0,0,0,0,0,0,0,0,0,0,0,0,0,0,0,0,0
1986,24,18,12,6.2,2,7,0,-1,1,0,1,1,25,0,0,0,1028,0,0,0,0,0,1,1,0,0,0,-9.386733508,0,0,0,0,3,1,1,5,10,0,0,0,3,1,1,5,1000,0,0,0,0,0,0,0,0,0,0,0,0,0,0,0,0,0,0,0,0,0,0,0,0,0,0,0,0,0,0,0,0,0,0,0,0,0,0,0,0,0,0,0,0,0,0,0,0,0,0,0
1986,24,18,13,42.2,2,7,0,-1,1,0,1,1,25,0,0,0,1028,0,0,0,0,0,1,1,0,0,0,-9.316762953,0,0,0,0,3,1,1,5,10,0,0,0,3,1,1,5,1000,0,0,0,0,0,0,0,0,0,0,0,0,0,0,0,0,0,0,0,0,0,0,0,0,0,0,0,0,0,0,0,0,0,0,0,0,0,0,0,0,0,0,0,0,0,0,0,0,0,0,0
1986,24,18,15,18.2,2,7,0,-1,1,0,1,1,25,0,0,0,1028,0,0,0,0,0,1,1,0,0,0,-9.246586646,0,0,0,0,3,1,1,5,10,0,0,0,3,1,1,5,1000,0,0,0,0,0,0,0,0,0,0,0,0,0,0,0,0,0,0,0,0,0,0,0,0,0,0,0,0,0,0,0,0,0,0,0,0,0,0,0,0,0,0,0,0,0,0,0,0,0,0,0
1986,24,18,19,18.2,2,7,0,-1,1,0,1,1,25,0,0,0,1028,0,0,0,0,0,1,1,0,0,0,-9.070310187,0,0,0,0,3,1,1,5,10,0,0,0,3,1,1,5,1000,0,0,0,0,0,0,0,0,0,0,0,0,0,0,0,0,0,0,0,0,0,0,0,0,0,0,0,0,0,0,0,0,0,0,0,0,0,0,0,0,0,0,0,0,0,0,0,0,0,0,0
1986,24,18,20,54.2,2,7,0,-1,1,0,1,1,25,0,0,0,1028,0,0,0,0,0,1,1,0,0,0,-8.999492304,0,0,0,0,3,1,1,5,10,0,0,0,3,1,1,5,1000,0,0,0,0,0,0,0,0,0,0,0,0,0,0,0,0,0,0,0,0,0,0,0,0,0,0,0,0,0,0,0,0,0,0,0,0,0,0,0,0,0,0,0,0,0,0,0,0,0,0,0
1986,24,18,22,30.2,2,7,0,-1,1,0,1,1,25,0,0,0,1028,0,0,0,0,0,1,1,0,0,0,-8.928514895,0,0,0,0,3,1,1,5,10,0,0,0,3,1,1,5,1000,0,0,0,0,0,0,0,0,0,0,0,0,0,0,0,0,0,0,0,0,0,0,0,0,0,0,0,0,0,0,0,0,0,0,0,0,0,0,0,0,0,0,0,0,0,0,0,0,0,0,0
1986,24,18,25,42.199,2,7,0,-1,1,0,1,1,25,0,0,0,1028,0,0,0,0,0,1,1,0,0,0,-8.786127096,0,0,0,0,3,1,1,5,10,0,0,0,3,1,1,5,1000,0,0,0,0,0,0,0,0,0,0,0,0,0,0,0,0,0,0,0,0,0,0,0,0,0,0,0,0,0,0,0,0,0,0,0,0,0,0,0,0,0,0,0,0,0,0,0,0,0,0,0
1986,24,18,27,18.199,2,7,0,-1,1,0,1,1,25,0,0,0,1028,0,0,0,0,0,1,1,0,0,0,-8.714739131,0,0,0,0,3,1,1,5,10,0,0,0,3,1,1,5,1000,0,0,0,0,0,0,0,0,0,0,0,0,0,0,0,0,0,0,0,0,0,0,0,0,0,0,0,0,0,0,0,0,0,0,0,0,0,0,0,0,0,0,0,0,0,0,0,0,0,0,0
1986,24,18,31,18.199,2,7,0,-1,1,0,1,1,25,0,0,0,1028,0,0,0,0,0,1,1,0,0,0,-8.535800895,0,0,0,0,3,1,1,5,10,0,0,0,3,1,1,5,1000,0,0,0,0,0,0,0,0,0,0,0,0,0,0,0,0,0,0,0,0,0,0,0,0,0,0,0,0,0,0,0,0,0,0,0,0,0,0,0,0,0,0,0,0,0,0,0,0,0,0,0
1986,24,18,32,54.199,2,7,0,-1,1,0,1,1,25,0,0,0,1028,0,0,0,0,0,1,1,0,0,0,-8.464071069,0,0,0,0,3,1,1,5,10,0,0,0,3,1,1,5,1000,0,0,0,0,0,0,0,0,0,0,0,0,0,0,0,0,0,0,0,0,0,0,0,0,0,0,0,0,0,0,0,0,0,0,0,0,0,0,0,0,0,0,0,0,0,0,0,0,0,0,0
1986,24,18,34,30.199,2,7,0,-1,1,0,1,1,25,0,0,0,1028,0,0,0,0,0,1,1,0,0,0,-8.39227223,0,0,0,0,3,1,1,5,10,0,0,0,3,1,1,5,1000,0,0,0,0,0,0,0,0,0,0,0,0,0,0,0,0,0,0,0,0,0,0,0,0,0,0,0,0,0,0,0,0,0,0,0,0,0,0,0,0,0,0,0,0,0,0,0,0,0,0,0
1986,24,18,36,6.199,2,7,0,-1,1,0,1,1,25,0,0,0,1028,0,0,0,0,0,1,1,0,0,0,-8.320417598,0,0,0,0,3,1,1,5,10,0,0,0,3,1,1,5,1000,0,0,0,0,0,0,0,0,0,0,0,0,0,0,0,0,0,0,0,0,0,0,0,0,0,0,0,0,0,0,0,0,0,0,0,0,0,0,0,0,0,0,0,0,0,0,0,0,0,0,0
1986,24,18,37,42.199,2,7,0,-1,1,0,1,1,25,0,0,0,1028,0,0,0,0,0,1,1,0,0,0,-8.248520647,0,0,0,0,3,1,1,5,10,0,0,0,3,1,1,5,1000,0,0,0,0,0,0,0,0,0,0,0,0,0,0,0,0,0,0,0,0,0,0,0,0,0,0,0,0,0,0,0,0,0,0,0,0,0,0,0,0,0,0,0,0,0,0,0,0,0,0,0
1986,24,18,39,18.199,2,7,0,-1,1,0,1,1,25,0,0,0,1028,0,0,0,0,0,1,1,0,0,0,-8.176595106,0,0,0,0,3,1,1,5,10,0,0,0,3,1,1,5,1000,0,0,0,0,0,0,0,0,0,0,0,0,0,0,0,0,0,0,0,0,0,0,0,0,0,0,0,0,0,0,0,0,0,0,0,0,0,0,0,0,0,0,0,0,0,0,0,0,0,0,0
1986,24,18,43,18.198,2,7,0,-1,1,0,1,1,25,0,0,0,1028,0,0,0,0,0,1,1,0,0,0,-7.996749259,0,0,0,0,3,1,1,5,10,0,0,0,3,1,1,5,1000,0,0,0,0,0,0,0,0,0,0,0,0,0,0,0,0,0,0,0,0,0,0,0,0,0,0,0,0,0,0,0,0,0,0,0,0,0,0,0,0,0,0,0,0,0,0,0,0,0,0,0
1986,24,18,44,54.198,2,7,0,-1,1,0,1,1,25,0,0,0,1028,0,0,0,0,0,1,1,0,0,0,-7.924835359,0,0,0,0,3,1,1,5,10,0,0,0,3,1,1,5,1000,0,0,0,0,0,0,0,0,0,0,0,0,0,0,0,0,0,0,0,0,0,0,0,0,0,0,0,0,0,0,0,0,0,0,0,0,0,0,0,0,0,0,0,0,0,0,0,0,0,0,0
1986,24,18,46,30.198,2,7,0,-1,1,0,1,1,25,0,0,0,1028,0,0,0,0,0,1,1,0,0,0,-7.85295773,0,0,0,0,3,1,1,5,10,0,0,0,3,1,1,5,1000,0,0,0,0,0,0,0,0,0,0,0,0,0,0,0,0,0,0,0,0,0,0,0,0,0,0,0,0,0,0,0,0,0,0,0,0,0,0,0,0,0,0,0,0,0,0,0,0,0,0,0
1986,24,18,48,6.198,2,7,0,-1,1,0,1,1,25,0,0,0,1028,0,0,0,0,0,1,1,0,0,0,-7.781131475,0,0,0,0,3,1,1,5,10,0,0,0,3,1,1,5,1000,0,0,0,0,0,0,0,0,0,0,0,0,0,0,0,0,0,0,0,0,0,0,0,0,0,0,0,0,0,0,0,0,0,0,0,0,0,0,0,0,0,0,0,0,0,0,0,0,0,0,0
1986,24,18,49,42.198,2,7,0,-1,1,0,1,1,25,0,0,0,1028,0,0,0,0,0,1,1,0,0,0,-7.709371952,0,0,0,0,3,1,1,5,10,0,0,0,3,1,1,5,1000,0,0,0,0,0,0,0,0,0,0,0,0,0,0,0,0,0,0,0,0,0,0,0,0,0,0,0,0,0,0,0,0,0,0,0,0,0,0,0,0,0,0,0,0,0,0,0,0,0,0,0
1986,24,18,51,18.198,2,7,0,-1,1,0,1,1,25,0,0,0,1028,0,0,0,0,0,1,1,0,0,0,-7.637694776,0,0,0,0,3,1,1,5,10,0,0,0,3,1,1,5,1000,0,0,0,0,0,0,0,0,0,0,0,0,0,0,0,0,0,0,0,0,0,0,0,0,0,0,0,0,0,0,0,0,0,0,0,0,0,0,0,0,0,0,0,0,0,0,0,0,0,0,0
1986,24,18,55,18.197,2,7,0,-1,1,0,1,1,25,0,0,0,1028,0,0,0,0,0,1,1,0,0,0,-7.458967741,0,0,0,0,3,1,1,5,10,0,0,0,3,1,1,5,1000,0,0,0,0,0,0,0,0,0,0,0,0,0,0,0,0,0,0,0,0,0,0,0,0,0,0,0,0,0,0,0,0,0,0,0,0,0,0,0,0,0,0,0,0,0,0,0,0,0,0,0
1986,24,19,0,6.197,2,7,0,-1,1,0,1,1,25,0,0,0,1028,0,0,0,0,0,1,1,0,0,0,-7.245666563,0,0,0,0,3,1,1,5,10,0,0,0,3,1,1,5,1000,0,0,0,0,0,0,0,0,0,0,0,0,0,0,0,0,0,0,0,0,0,0,0,0,0,0,0,0,0,0,0,0,0,0,0,0,0,0,0,0,0,0,0,0,0,0,0,0,0,0,0
1986,24,19,1,42.197,2,7,0,-1,1,0,1,1,25,0,0,0,1028,0,0,0,0,0,1,1,0,0,0,-7.174924222,0,0,0,0,3,1,1,5,10,0,0,0,3,1,1,5,1000,0,0,0,0,0,0,0,0,0,0,0,0,0,0,0,0,0,0,0,0,0,0,0,0,0,0,0,0,0,0,0,0,0,0,0,0,0,0,0,0,0,0,0,0,0,0,0,0,0,0,0
1986,24,19,3,18.197,2,7,0,-1,1,0,1,1,25,0,0,0,1028,0,0,0,0,0,1,1,0,0,0,-7.104390294,0,0,0,0,3,1,1,5,10,0,0,0,3,1,1,5,1000,0,0,0,0,0,0,0,0,0,0,0,0,0,0,0,0,0,0,0,0,0,0,0,0,0,0,0,0,0,0,0,0,0,0,0,0,0,0,0,0,0,0,0,0,0,0,0,0,0,0,0
1986,24,19,7,18.197,2,7,0,-1,1,0,1,1,25,0,0,0,1028,0,0,0,0,0,1,1,0,0,0,-6.929087091,0,0,0,0,3,1,1,5,10,0,0,0,3,1,1,5,1000,0,0,0,0,0,0,0,0,0,0,0,0,0,0,0,0,0,0,0,0,0,0,0,0,0,0,0,0,0,0,0,0,0,0,0,0,0,0,0,0,0,0,0,0,0,0,0,0,0,0,0
1986,24,19,8,54.197,2,7,0,-1,1,0,1,1,25,0,0,0,1028,0,0,0,0,0,1,1,0,0,0,-6.859427668,0,0,0,0,3,1,1,5,10,0,0,0,3,1,1,5,1000,0,0,0,0,0,0,0,0,0,0,0,0,0,0,0,0,0,0,0,0,0,0,0,0,0,0,0,0,0,0,0,0,0,0,0,0,0,0,0,0,0,0,0,0,0,0,0,0,0,0,0
1986,24,19,10,30.196,2,7,0,-1,1,0,1,1,25,0,0,0,1028,0,0,0,0,0,1,1,0,0,0,-6.790061778,0,0,0,0,3,1,1,5,10,0,0,0,3,1,1,5,1000,0,0,0,0,0,0,0,0,0,0,0,0,0,0,0,0,0,0,0,0,0,0,0,0,0,0,0,0,0,0,0,0,0,0,0,0,0,0,0,0,0,0,0,0,0,0,0,0,0,0,0
1986,24,19,12,6.196,2,7,0,-1,1,0,1,1,25,0,0,0,1028,0,0,0,0,0,1,1,0,0,0,-6.721007786,0,0,0,0,3,1,1,5,10,0,0,0,3,1,1,5,1000,0,0,0,0,0,0,0,0,0,0,0,0,0,0,0,0,0,0,0,0,0,0,0,0,0,0,0,0,0,0,0,0,0,0,0,0,0,0,0,0,0,0,0,0,0,0,0,0,0,0,0
1986,24,19,15,18.196,2,7,0,-1,1,0,1,1,25,0,0,0,1028,0,0,0,0,0,1,1,0,0,0,-6.583919005,0,0,0,0,3,1,1,5,10,0,0,0,3,1,1,5,1000,0,0,0,0,0,0,0,0,0,0,0,0,0,0,0,0,0,0,0,0,0,0,0,0,0,0,0,0,0,0,0,0,0,0,0,0,0,0,0,0,0,0,0,0,0,0,0,0,0,0,0
1986,24,19,20,54.196,2,7,0,-1,1,0,1,1,25,0,0,0,1028,0,0,0,0,0,1,1,0,0,0,-6.347725326,0,0,0,0,3,1,1,5,10,0,0,0,3,1,1,5,1000,0,0,0,0,0,0,0,0,0,0,0,0,0,0,0,0,0,0,0,0,0,0,0,0,0,0,0,0,0,0,0,0,0,0,0,0,0,0,0,0,0,0,0,0,0,0,0,0,0,0,0
1986,24,19,22,30.196,2,7,0,-1,1,0,1,1,25,0,0,0,1028,0,0,0,0,0,1,1,0,0,0,-6.281216774,0,0,0,0,3,1,1,5,10,0,0,0,3,1,1,5,1000,0,0,0,0,0,0,0,0,0,0,0,0,0,0,0,0,0,0,0,0,0,0,0,0,0,0,0,0,0,0,0,0,0,0,0,0,0,0,0,0,0,0,0,0,0,0,0,0,0,0,0
1986,24,19,24,6.196,2,7,0,-1,1,0,1,1,25,0,0,0,1028,0,0,0,0,0,1,1,0,0,0,-6.215183987,0,0,0,0,3,1,1,5,10,0,0,0,3,1,1,5,1000,0,0,0,0,0,0,0,0,0,0,0,0,0,0,0,0,0,0,0,0,0,0,0,0,0,0,0,0,0,0,0,0,0,0,0,0,0,0,0,0,0,0,0,0,0,0,0,0,0,0,0
1986,24,19,25,42.195,2,7,0,-1,1,0,1,1,25,0,0,0,1028,0,0,0,0,0,1,1,0,0,0,-6.149651597,0,0,0,0,3,1,1,5,10,0,0,0,3,1,1,5,1000,0,0,0,0,0,0,0,0,0,0,0,0,0,0,0,0,0,0,0,0,0,0,0,0,0,0,0,0,0,0,0,0,0,0,0,0,0,0,0,0,0,0,0,0,0,0,0,0,0,0,0
1986,24,19,27,18.195,2,7,0,-1,1,0,1,1,25,0,0,0,1028,0,0,0,0,0,1,1,0,0,0,-6.08464277,0,0,0,0,3,1,1,5,10,0,0,0,3,1,1,5,1000,0,0,0,0,0,0,0,0,0,0,0,0,0,0,0,0,0,0,0,0,0,0,0,0,0,0,0,0,0,0,0,0,0,0,0,0,0,0,0,0,0,0,0,0,0,0,0,0,0,0,0
1986,24,19,31,18.195,2,7,0,-1,1,0,1,1,25,0,0,0,1028,0,0,0,0,0,1,1,0,0,0,-5.924580718,0,0,0,0,3,1,1,5,10,0,0,0,3,1,1,5,1000,0,0,0,0,0,0,0,0,0,0,0,0,0,0,0,0,0,0,0,0,0,0,0,0,0,0,0,0,0,0,0,0,0,0,0,0,0,0,0,0,0,0,0,0,0,0,0,0,0,0,0
1986,24,19,32,54.195,2,7,0,-1,1,0,1,1,25,0,0,0,1028,0,0,0,0,0,1,1,0,0,0,-5.86160874,0,0,0,0,3,1,1,5,10,0,0,0,3,1,1,5,1000,0,0,0,0,0,0,0,0,0,0,0,0,0,0,0,0,0,0,0,0,0,0,0,0,0,0,0,0,0,0,0,0,0,0,0,0,0,0,0,0,0,0,0,0,0,0,0,0,0,0,0
1986,24,19,34,30.195,2,7,0,-1,1,0,1,1,25,0,0,0,1028,0,0,0,0,0,1,1,0,0,0,-5.799279061,0,0,0,0,3,1,1,5,10,0,0,0,3,1,1,5,1000,0,0,0,0,0,0,0,0,0,0,0,0,0,0,0,0,0,0,0,0,0,0,0,0,0,0,0,0,0,0,0,0,0,0,0,0,0,0,0,0,0,0,0,0,0,0,0,0,0,0,0
1986,24,19,36,6.195,2,7,0,-1,1,0,1,1,25,0,0,0,1028,0,0,0,0,0,1,1,0,0,0,-5.73761972,0,0,0,0,3,1,1,5,10,0,0,0,3,1,1,5,1000,0,0,0,0,0,0,0,0,0,0,0,0,0,0,0,0,0,0,0,0,0,0,0,0,0,0,0,0,0,0,0,0,0,0,0,0,0,0,0,0,0,0,0,0,0,0,0,0,0,0,0
1986,24,19,37,42.195,2,7,0,-1,1,0,1,1,25,0,0,0,1028,0,0,0,0,0,1,1,0,0,0,-5.676659443,0,0,0,0,3,1,1,5,10,0,0,0,3,1,1,5,1000,0,0,0,0,0,0,0,0,0,0,0,0,0,0,0,0,0,0,0,0,0,0,0,0,0,0,0,0,0,0,0,0,0,0,0,0,0,0,0,0,0,0,0,0,0,0,0,0,0,0,0
1986,24,19,39,18.195,2,7,0,-1,1,0,1,1,25,0,0,0,1028,0,0,0,0,0,1,1,0,0,0,-5.616427658,0,0,0,0,3,1,1,5,10,0,0,0,3,1,1,5,1000,0,0,0,0,0,0,0,0,0,0,0,0,0,0,0,0,0,0,0,0,0,0,0,0,0,0,0,0,0,0,0,0,0,0,0,0,0,0,0,0,0,0,0,0,0,0,0,0,0,0,0
1986,24,19,43,18.194,2,7,0,-1,1,0,1,1,25,0,0,0,1028,0,0,0,0,0,1,1,0,0,0,-5.46923549,0,0,0,0,3,1,1,5,10,0,0,0,3,1,1,5,1000,0,0,0,0,0,0,0,0,0,0,0,0,0,0,0,0,0,0,0,0,0,0,0,0,0,0,0,0,0,0,0,0,0,0,0,0,0,0,0,0,0,0,0,0,0,0,0,0,0,0,0
1986,24,19,49,42.194,2,7,0,-1,1,0,1,1,25,0,0,0,1028,0,0,0,0,0,1,1,0,0,0,-5.244828264,0,0,0,0,3,1,1,5,10,0,0,0,3,1,1,5,1000,0,0,0,0,0,0,0,0,0,0,0,0,0,0,0,0,0,0,0,0,0,0,0,0,0,0,0,0,0,0,0,0,0,0,0,0,0,0,0,0,0,0,0,0,0,0,0,0,0,0,0
1986,24,19,51,18.194,2,7,0,-1,1,0,1,1,25,0,0,0,1028,0,0,0,0,0,1,1,0,0,0,-5.191070426,0,0,0,0,3,1,1,5,10,0,0,0,3,1,1,5,1000,0,0,0,0,0,0,0,0,0,0,0,0,0,0,0,0,0,0,0,0,0,0,0,0,0,0,0,0,0,0,0,0,0,0,0,0,0,0,0,0,0,0,0,0,0,0,0,0,0,0,0
1986,24,19,55,18.193,2,7,0,-1,1,0,1,1,25,0,0,0,1028,0,0,0,0,0,1,1,0,0,0,-5.06116295,0,0,0,0,3,1,1,5,10,0,0,0,3,1,1,5,1000,0,0,0,0,0,0,0,0,0,0,0,0,0,0,0,0,0,0,0,0,0,0,0,0,0,0,0,0,0,0,0,0,0,0,0,0,0,0,0,0,0,0,0,0,0,0,0,0,0,0,0
1986,24,19,56,54.193,2,7,0,-1,1,0,1,1,25,0,0,0,1028,0,0,0,0,0,1,1,0,0,0,-5.011090836,0,0,0,0,3,1,1,5,10,0,0,0,3,1,1,5,1000,0,0,0,0,0,0,0,0,0,0,0,0,0,0,0,0,0,0,0,0,0,0,0,0,0,0,0,0,0,0,0,0,0,0,0,0,0,0,0,0,0,0,0,0,0,0,0,0,0,0,0
1986,24,19,58,30.193,2,7,0,-1,1,0,1,1,25,0,0,0,1028,0,0,0,0,0,1,1,0,0,0,-4.962154932,0,0,0,0,3,1,1,5,10,0,0,0,3,1,1,5,1000,0,0,0,0,0,0,0,0,0,0,0,0,0,0,0,0,0,0,0,0,0,0,0,0,0,0,0,0,0,0,0,0,0,0,0,0,0,0,0,0,0,0,0,0,0,0,0,0,0,0,0
1986,24,20,0,6.193,2,7,0,-1,1,0,1,1,25,0,0,0,1028,0,0,0,0,0,1,1,0,0,0,-4.914393596,0,0,0,0,3,1,1,5,10,0,0,0,3,1,1,5,1000,0,0,0,0,0,0,0,0,0,0,0,0,0,0,0,0,0,0,0,0,0,0,0,0,0,0,0,0,0,0,0,0,0,0,0,0,0,0,0,0,0,0,0,0,0,0,0,0,0,0,0
1986,24,20,1,42.193,2,7,0,-1,1,0,1,1,25,0,0,0,1028,0,0,0,0,0,1,1,0,0,0,-4.867845379,0,0,0,0,3,1,1,5,10,0,0,0,3,1,1,5,1000,0,0,0,0,0,0,0,0,0,0,0,0,0,0,0,0,0,0,0,0,0,0,0,0,0,0,0,0,0,0,0,0,0,0,0,0,0,0,0,0,0,0,0,0,0,0,0,0,0,0,0
1986,24,20,3,18.193,2,7,0,-1,1,0,1,1,25,0,0,0,1028,0,0,0,0,0,1,1,0,0,0,-4.822549218,0,0,0,0,3,1,1,5,10,0,0,0,3,1,1,5,1000,0,0,0,0,0,0,0,0,0,0,0,0,0,0,0,0,0,0,0,0,0,0,0,0,0,0,0,0,0,0,0,0,0,0,0,0,0,0,0,0,0,0,0,0,0,0,0,0,0,0,0
1986,24,20,7,18.193,2,7,0,-1,1,0,1,1,25,0,0,0,1028,0,0,0,0,0,1,1,0,0,0,-4.715044733,0,0,0,0,3,1,1,5,10,0,0,0,3,1,1,5,1000,0,0,0,0,0,0,0,0,0,0,0,0,0,0,0,0,0,0,0,0,0,0,0,0,0,0,0,0,0,0,0,0,0,0,0,0,0,0,0,0,0,0,0,0,0,0,0,0,0,0,0
1986,24,20,8,54.193,2,7,0,-1,1,0,1,1,25,0,0,0,1028,0,0,0,0,0,1,1,0,0,0,-4.67444121,0,0,0,0,3,1,1,5,10,0,0,0,3,1,1,5,1000,0,0,0,0,0,0,0,0,0,0,0,0,0,0,0,0,0,0,0,0,0,0,0,0,0,0,0,0,0,0,0,0,0,0,0,0,0,0,0,0,0,0,0,0,0,0,0,0,0,0,0
1986,24,20,10,30.192,2,7,0,-1,1,0,1,1,25,0,0,0,1028,0,0,0,0,0,1,1,0,0,0,-4.635267801,0,0,0,0,3,1,1,5,10,0,0,0,3,1,1,5,1000,0,0,0,0,0,0,0,0,0,0,0,0,0,0,0,0,0,0,0,0,0,0,0,0,0,0,0,0,0,0,0,0,0,0,0,0,0,0,0,0,0,0,0,0,0,0,0,0,0,0,0
1986,24,20,12,6.192,2,7,0,-1,1,0,1,1,25,0,0,0,1028,0,0,0,0,0,1,1,0,0,0,-4.59756381,0,0,0,0,3,1,1,5,10,0,0,0,3,1,1,5,1000,0,0,0,0,0,0,0,0,0,0,0,0,0,0,0,0,0,0,0,0,0,0,0,0,0,0,0,0,0,0,0,0,0,0,0,0,0,0,0,0,0,0,0,0,0,0,0,0,0,0,0
1986,24,20,13,42.192,2,7,0,-1,1,0,1,1,25,0,0,0,1028,0,0,0,0,0,1,1,0,0,0,-4.561368315,0,0,0,0,3,1,1,5,10,0,0,0,3,1,1,5,1000,0,0,0,0,0,0,0,0,0,0,0,0,0,0,0,0,0,0,0,0,0,0,0,0,0,0,0,0,0,0,0,0,0,0,0,0,0,0,0,0,0,0,0,0,0,0,0,0,0,0,0
1986,24,20,15,18.192,2,7,0,-1,1,0,1,1,25,0,0,0,1028,0,0,0,0,0,1,1,0,0,0,-4.526720392,0,0,0,0,3,1,1,5,10,0,0,0,3,1,1,5,1000,0,0,0,0,0,0,0,0,0,0,0,0,0,0,0,0,0,0,0,0,0,0,0,0,0,0,0,0,0,0,0,0,0,0,0,0,0,0,0,0,0,0,0,0,0,0,0,0,0,0,0
1986,24,20,19,18.192,2,7,0,-1,1,0,1,1,25,0,0,0,1028,0,0,0,0,0,1,1,0,0,0,-4.447121163,0,0,0,0,3,1,1,5,10,0,0,0,3,1,1,5,1000,0,0,0,0,0,0,0,0,0,0,0,0,0,0,0,0,0,0,0,0,0,0,0,0,0,0,0,0,0,0,0,0,0,0,0,0,0,0,0,0,0,0,0,0,0,0,0,0,0,0,0
1986,24,20,20,54.192,2,7,0,-1,1,0,1,1,25,0,0,0,1028,0,0,0,0,0,1,1,0,0,0,-4.418186897,0,0,0,0,3,1,1,5,10,0,0,0,3,1,1,5,1000,0,0,0,0,0,0,0,0,0,0,0,0,0,0,0,0,0,0,0,0,0,0,0,0,0,0,0,0,0,0,0,0,0,0,0,0,0,0,0,0,0,0,0,0,0,0,0,0,0,0,0
1986,24,20,22,30.192,2,7,0,-1,1,0,1,1,25,0,0,0,1028,0,0,0,0,0,1,1,0,0,0,-4.390966394,0,0,0,0,3,1,1,5,10,0,0,0,3,1,1,5,1000,0,0,0,0,0,0,0,0,0,0,0,0,0,0,0,0,0,0,0,0,0,0,0,0,0,0,0,0,0,0,0,0,0,0,0,0,0,0,0,0,0,0,0,0,0,0,0,0,0,0,0
1986,24,20,24,6.192,2,7,0,-1,1,0,1,1,25,0,0,0,1028,0,0,0,0,0,1,1,0,0,0,-4.365493693,0,0,0,0,3,1,1,5,10,0,0,0,3,1,1,5,1000,0,0,0,0,0,0,0,0,0,0,0,0,0,0,0,0,0,0,0,0,0,0,0,0,0,0,0,0,0,0,0,0,0,0,0,0,0,0,0,0,0,0,0,0,0,0,0,0,0,0,0
1986,24,20,25,42.191,2,7,0,-1,1,0,1,1,25,0,0,0,1028,0,0,0,0,0,1,1,0,0,0,-4.341801539,0,0,0,0,3,1,1,5,10,0,0,0,3,1,1,5,1000,0,0,0,0,0,0,0,0,0,0,0,0,0,0,0,0,0,0,0,0,0,0,0,0,0,0,0,0,0,0,0,0,0,0,0,0,0,0,0,0,0,0,0,0,0,0,0,0,0,0,0
1986,24,20,27,18.191,2,7,0,-1,1,0,1,1,25,0,0,0,1028,0,0,0,0,0,1,1,0,0,0,-4.319920835,0,0,0,0,3,1,1,5,10,0,0,0,3,1,1,5,1000,0,0,0,0,0,0,0,0,0,0,0,0,0,0,0,0,0,0,0,0,0,0,0,0,0,0,0,0,0,0,0,0,0,0,0,0,0,0,0,0,0,0,0,0,0,0,0,0,0,0,0
1986,24,20,31,18.191,2,7,0,-1,1,0,1,1,25,0,0,0,1028,0,0,0,0,0,1,1,0,0,0,-4.273331433,0,0,0,0,3,1,1,5,10,0,0,0,3,1,1,5,1000,0,0,0,0,0,0,0,0,0,0,0,0,0,0,0,0,0,0,0,0,0,0,0,0,0,0,0,0,0,0,0,0,0,0,0,0,0,0,0,0,0,0,0,0,0,0,0,0,0,0,0
1986,24,20,32,54.191,2,7,0,-1,1,0,1,1,25,0,0,0,1028,0,0,0,0,0,1,1,0,0,0,-4.258008468,0,0,0,0,3,1,1,5,10,0,0,0,3,1,1,5,1000,0,0,0,0,0,0,0,0,0,0,0,0,0,0,0,0,0,0,0,0,0,0,0,0,0,0,0,0,0,0,0,0,0,0,0,0,0,0,0,0,0,0,0,0,0,0,0,0,0,0,0
1986,24,20,36,6.191,2,7,0,-1,1,0,1,1,25,0,0,0,1028,0,0,0,0,0,1,1,0,0,0,-4.23316353,0,0,0,0,3,1,1,5,10,0,0,0,3,1,1,5,1000,0,0,0,0,0,0,0,0,0,0,0,0,0,0,0,0,0,0,0,0,0,0,0,0,0,0,0,0,0,0,0,0,0,0,0,0,0,0,0,0,0,0,0,0,0,0,0,0,0,0,0
1986,24,20,37,42.191,2,7,0,-1,1,0,1,1,25,0,0,0,1028,0,0,0,0,0,1,1,0,0,0,-4.223677945,0,0,0,0,3,1,1,5,10,0,0,0,3,1,1,5,1000,0,0,0,0,0,0,0,0,0,0,0,0,0,0,0,0,0,0,0,0,0,0,0,0,0,0,0,0,0,0,0,0,0,0,0,0,0,0,0,0,0,0,0,0,0,0,0,0,0,0,0
1986,24,20,39,18.191,2,7,0,-1,1,0,1,1,25,0,0,0,1028,0,0,0,0,0,1,1,0,0,0,-4.21617017,0,0,0,0,3,1,1,5,10,0,0,0,3,1,1,5,1000,0,0,0,0,0,0,0,0,0,0,0,0,0,0,0,0,0,0,0,0,0,0,0,0,0,0,0,0,0,0,0,0,0,0,0,0,0,0,0,0,0,0,0,0,0,0,0,0,0,0,0
1986,24,20,43,18.19,2,7,0,-1,1,0,1,1,25,0,0,0,1028,0,0,0,0,0,1,1,0,0,0,-4.206122056,0,0,0,0,3,1,1,5,10,0,0,0,3,1,1,5,1000,0,0,0,0,0,0,0,0,0,0,0,0,0,0,0,0,0,0,0,0,0,0,0,0,0,0,0,0,0,0,0,0,0,0,0,0,0,0,0,0,0,0,0,0,0,0,0,0,0,0,0
1986,24,20,44,54.19,2,7,0,-1,1,0,1,1,25,0,0,0,1028,0,0,0,0,0,1,1,0,0,0,-4.205608313,0,0,0,0,3,1,1,5,10,0,0,0,3,1,1,5,1000,0,0,0,0,0,0,0,0,0,0,0,0,0,0,0,0,0,0,0,0,0,0,0,0,0,0,0,0,0,0,0,0,0,0,0,0,0,0,0,0,0,0,0,0,0,0,0,0,0,0,0
1986,24,20,46,30.19,2,7,0,-1,1,0,1,1,25,0,0,0,1028,0,0,0,0,0,1,1,0,0,0,-4.207101426,0,0,0,0,3,1,1,5,10,0,0,0,3,1,1,5,1000,0,0,0,0,0,0,0,0,0,0,0,0,0,0,0,0,0,0,0,0,0,0,0,0,0,0,0,0,0,0,0,0,0,0,0,0,0,0,0,0,0,0,0,0,0,0,0,0,0,0,0
1986,24,20,48,6.19,2,7,0,-1,1,0,1,1,25,0,0,0,1028,0,0,0,0,0,1,1,0,0,0,-4.210599814,0,0,0,0,3,1,1,5,10,0,0,0,3,1,1,5,1000,0,0,0,0,0,0,0,0,0,0,0,0,0,0,0,0,0,0,0,0,0,0,0,0,0,0,0,0,0,0,0,0,0,0,0,0,0,0,0,0,0,0,0,0,0,0,0,0,0,0,0
1986,24,20,49,42.19,2,7,0,-1,1,0,1,1,25,0,0,0,1028,0,0,0,0,0,1,1,0,0,0,-4.21609897,0,0,0,0,3,1,1,5,10,0,0,0,3,1,1,5,1000,0,0,0,0,0,0,0,0,0,0,0,0,0,0,0,0,0,0,0,0,0,0,0,0,0,0,0,0,0,0,0,0,0,0,0,0,0,0,0,0,0,0,0,0,0,0,0,0,0,0,0
1986,24,20,51,18.19,2,7,0,-1,1,0,1,1,25,0,0,0,1028,0,0,0,0,0,1,1,0,0,0,-4.223591499,0,0,0,0,3,1,1,5,10,0,0,0,3,1,1,5,1000,0,0,0,0,0,0,0,0,0,0,0,0,0,0,0,0,0,0,0,0,0,0,0,0,0,0,0,0,0,0,0,0,0,0,0,0,0,0,0,0,0,0,0,0,0,0,0,0,0,0,0
1986,24,20,55,18.189,2,7,0,-1,1,0,1,1,25,0,0,0,1028,0,0,0,0,0,1,1,0,0,0,-4.250969853,0,0,0,0,3,1,1,5,10,0,0,0,3,1,1,5,1000,0,0,0,0,0,0,0,0,0,0,0,0,0,0,0,0,0,0,0,0,0,0,0,0,0,0,0,0,0,0,0,0,0,0,0,0,0,0,0,0,0,0,0,0,0,0,0,0,0,0,0
1986,24,20,56,54.189,2,7,0,-1,1,0,1,1,25,0,0,0,1028,0,0,0,0,0,1,1,0,0,0,-4.265340666,0,0,0,0,3,1,1,5,10,0,0,0,3,1,1,5,1000,0,0,0,0,0,0,0,0,0,0,0,0,0,0,0,0,0,0,0,0,0,0,0,0,0,0,0,0,0,0,0,0,0,0,0,0,0,0,0,0,0,0,0,0,0,0,0,0,0,0,0
1986,24,20,58,30.189,2,7,0,-1,1,0,1,1,25,0,0,0,1028,0,0,0,0,0,1,1,0,0,0,-4.28163782,0,0,0,0,3,1,1,5,10,0,0,0,3,1,1,5,1000,0,0,0,0,0,0,0,0,0,0,0,0,0,0,0,0,0,0,0,0,0,0,0,0,0,0,0,0,0,0,0,0,0,0,0,0,0,0,0,0,0,0,0,0,0,0,0,0,0,0,0
1986,24,21,0,6.189,2,7,0,-1,1,0,1,1,25,0,0,0,1028,0,0,0,0,0,1,1,0,0,0,-4.299839445,0,0,0,0,3,1,1,5,10,0,0,0,3,1,1,5,1000,0,0,0,0,0,0,0,0,0,0,0,0,0,0,0,0,0,0,0,0,0,0,0,0,0,0,0,0,0,0,0,0,0,0,0,0,0,0,0,0,0,0,0,0,0,0,0,0,0,0,0
1986,24,21,1,42.189,2,7,0,-1,1,0,1,1,25,0,0,0,1028,0,0,0,0,0,1,1,0,0,0,-4.319921522,0,0,0,0,3,1,1,5,10,0,0,0,3,1,1,5,1000,0,0,0,0,0,0,0,0,0,0,0,0,0,0,0,0,0,0,0,0,0,0,0,0,0,0,0,0,0,0,0,0,0,0,0,0,0,0,0,0,0,0,0,0,0,0,0,0,0,0,0
1986,24,21,3,18.189,2,7,0,-1,1,0,1,1,25,0,0,0,1028,0,0,0,0,0,1,1,0,0,0,-4.341857968,0,0,0,0,3,1,1,5,10,0,0,0,3,1,1,5,1000,0,0,0,0,0,0,0,0,0,0,0,0,0,0,0,0,0,0,0,0,0,0,0,0,0,0,0,0,0,0,0,0,0,0,0,0,0,0,0,0,0,0,0,0,0,0,0,0,0,0,0
1986,24,21,8,54.189,2,7,0,-1,1,0,1,1,25,0,0,0,1028,0,0,0,0,0,1,1,0,0,0,-4.432819383,0,0,0,0,3,1,1,5,10,0,0,0,3,1,1,5,1000,0,0,0,0,0,0,0,0,0,0,0,0,0,0,0,0,0,0,0,0,0,0,0,0,0,0,0,0,0,0,0,0,0,0,0,0,0,0,0,0,0,0,0,0,0,0,0,0,0,0,0
1986,24,21,10,30.188,2,7,0,-1,1,0,1,1,25,0,0,0,1028,0,0,0,0,0,1,1,0,0,0,-4.462730428,0,0,0,0,3,1,1,5,10,0,0,0,3,1,1,5,1000,0,0,0,0,0,0,0,0,0,0,0,0,0,0,0,0,0,0,0,0,0,0,0,0,0,0,0,0,0,0,0,0,0,0,0,0,0,0,0,0,0,0,0,0,0,0,0,0,0,0,0
1986,24,21,12,6.188,2,7,0,-1,1,0,1,1,25,0,0,0,1028,0,0,0,0,0,1,1,0,0,0,-4.494322857,0,0,0,0,3,1,1,5,10,0,0,0,3,1,1,5,1000,0,0,0,0,0,0,0,0,0,0,0,0,0,0,0,0,0,0,0,0,0,0,0,0,0,0,0,0,0,0,0,0,0,0,0,0,0,0,0,0,0,0,0,0,0,0,0,0,0,0,0
1986,24,21,13,42.188,2,7,0,-1,1,0,1,1,25,0,0,0,1028,0,0,0,0,0,1,1,0,0,0,-4.52756142,0,0,0,0,3,1,1,5,10,0,0,0,3,1,1,5,1000,0,0,0,0,0,0,0,0,0,0,0,0,0,0,0,0,0,0,0,0,0,0,0,0,0,0,0,0,0,0,0,0,0,0,0,0,0,0,0,0,0,0,0,0,0,0,0,0,0,0,0
1986,24,21,15,18.188,2,7,0,-1,1,0,1,1,25,0,0,0,1028,0,0,0,0,0,1,1,0,0,0,-4.562409724,0,0,0,0,3,1,1,5,10,0,0,0,3,1,1,5,1000,0,0,0,0,0,0,0,0,0,0,0,0,0,0,0,0,0,0,0,0,0,0,0,0,0,0,0,0,0,0,0,0,0,0,0,0,0,0,0,0,0,0,0,0,0,0,0,0,0,0,0
1986,24,21,19,18.188,2,7,0,-1,1,0,1,1,25,0,0,0,1028,0,0,0,0,0,1,1,0,0,0,-4.6563299,0,0,0,0,3,1,1,5,10,0,0,0,3,1,1,5,1000,0,0,0,0,0,0,0,0,0,0,0,0,0,0,0,0,0,0,0,0,0,0,0,0,0,0,0,0,0,0,0,0,0,0,0,0,0,0,0,0,0,0,0,0,0,0,0,0,0,0,0
1986,24,21,22,30.188,2,7,0,-1,1,0,1,1,25,0,0,0,1028,0,0,0,0,0,1,1,0,0,0,-4.73814889,0,0,0,0,3,1,1,5,10,0,0,0,3,1,1,5,1000,0,0,0,0,0,0,0,0,0,0,0,0,0,0,0,0,0,0,0,0,0,0,0,0,0,0,0,0,0,0,0,0,0,0,0,0,0,0,0,0,0,0,0,0,0,0,0,0,0,0,0
1986,24,21,24,6.188,2,7,0,-1,1,0,1,1,25,0,0,0,1028,0,0,0,0,0,1,1,0,0,0,-4.7811816,0,0,0,0,3,1,1,5,10,0,0,0,3,1,1,5,1000,0,0,0,0,0,0,0,0,0,0,0,0,0,0,0,0,0,0,0,0,0,0,0,0,0,0,0,0,0,0,0,0,0,0,0,0,0,0,0,0,0,0,0,0,0,0,0,0,0,0,0
1986,24,21,25,42.187,2,7,0,-1,1,0,1,1,25,0,0,0,1028,0,0,0,0,0,1,1,0,0,0,-4.825578951,0,0,0,0,3,1,1,5,10,0,0,0,3,1,1,5,1000,0,0,0,0,0,0,0,0,0,0,0,0,0,0,0,0,0,0,0,0,0,0,0,0,0,0,0,0,0,0,0,0,0,0,0,0,0,0,0,0,0,0,0,0,0,0,0,0,0,0,0
1986,24,21,27,18.187,2,7,0,-1,1,0,1,1,25,0,0,0,1028,0,0,0,0,0,1,1,0,0,0,-4.87130343,0,0,0,0,3,1,1,5,10,0,0,0,3,1,1,5,1000,0,0,0,0,0,0,0,0,0,0,0,0,0,0,0,0,0,0,0,0,0,0,0,0,0,0,0,0,0,0,0,0,0,0,0,0,0,0,0,0,0,0,0,0,0,0,0,0,0,0,0
1986,24,21,31,18.187,2,7,0,-1,1,0,1,1,25,0,0,0,1028,0,0,0,0,0,1,1,0,0,0,-4.991176682,0,0,0,0,3,1,1,5,10,0,0,0,3,1,1,5,1000,0,0,0,0,0,0,0,0,0,0,0,0,0,0,0,0,0,0,0,0,0,0,0,0,0,0,0,0,0,0,0,0,0,0,0,0,0,0,0,0,0,0,0,0,0,0,0,0,0,0,0
1986,24,21,34,30.187,2,7,0,-1,1,0,1,1,25,0,0,0,1028,0,0,0,0,0,1,1,0,0,0,-5.092493773,0,0,0,0,3,1,1,5,10,0,0,0,3,1,1,5,1000,0,0,0,0,0,0,0,0,0,0,0,0,0,0,0,0,0,0,0,0,0,0,0,0,0,0,0,0,0,0,0,0,0,0,0,0,0,0,0,0,0,0,0,0,0,0,0,0,0,0,0
1986,24,21,36,6.187,2,7,0,-1,1,0,1,1,25,0,0,0,1028,0,0,0,0,0,1,1,0,0,0,-5.14486026,0,0,0,0,3,1,1,5,10,0,0,0,3,1,1,5,1000,0,0,0,0,0,0,0,0,0,0,0,0,0,0,0,0,0,0,0,0,0,0,0,0,0,0,0,0,0,0,0,0,0,0,0,0,0,0,0,0,0,0,0,0,0,0,0,0,0,0,0
1986,24,21,37,42.187,2,7,0,-1,1,0,1,1,25,0,0,0,1028,0,0,0,0,0,1,1,0,0,0,-5.198319099,0,0,0,0,3,1,1,5,10,0,0,0,3,1,1,5,1000,0,0,0,0,0,0,0,0,0,0,0,0,0,0,0,0,0,0,0,0,0,0,0,0,0,0,0,0,0,0,0,0,0,0,0,0,0,0,0,0,0,0,0,0,0,0,0,0,0,0,0
1986,24,21,39,18.187,2,7,0,-1,1,0,1,1,25,0,0,0,1028,0,0,0,0,0,1,1,0,0,0,-5.252836448,0,0,0,0,3,1,1,5,10,0,0,0,3,1,1,5,1000,0,0,0,0,0,0,0,0,0,0,0,0,0,0,0,0,0,0,0,0,0,0,0,0,0,0,0,0,0,0,0,0,0,0,0,0,0,0,0,0,0,0,0,0,0,0,0,0,0,0,0
1986,24,21,43,18.186,2,7,0,-1,1,0,1,1,25,0,0,0,1028,0,0,0,0,0,1,1,0,0,0,-5.393544782,0,0,0,0,3,1,1,5,10,0,0,0,3,1,1,5,1000,0,0,0,0,0,0,0,0,0,0,0,0,0,0,0,0,0,0,0,0,0,0,0,0,0,0,0,0,0,0,0,0,0,0,0,0,0,0,0,0,0,0,0,0,0,0,0,0,0,0,0
1986,24,21,44,54.186,2,7,0,-1,1,0,1,1,25,0,0,0,1028,0,0,0,0,0,1,1,0,0,0,-5.451511192,0,0,0,0,3,1,1,5,10,0,0,0,3,1,1,5,1000,0,0,0,0,0,0,0,0,0,0,0,0,0,0,0,0,0,0,0,0,0,0,0,0,0,0,0,0,0,0,0,0,0,0,0,0,0,0,0,0,0,0,0,0,0,0,0,0,0,0,0
1986,24,21,46,30.186,2,7,0,-1,1,0,1,1,25,0,0,0,1028,0,0,0,0,0,1,1,0,0,0,-5.510393227,0,0,0,0,3,1,1,5,10,0,0,0,3,1,1,5,1000,0,0,0,0,0,0,0,0,0,0,0,0,0,0,0,0,0,0,0,0,0,0,0,0,0,0,0,0,0,0,0,0,0,0,0,0,0,0,0,0,0,0,0,0,0,0,0,0,0,0,0
1986,24,21,48,6.186,2,7,0,-1,1,0,1,1,25,0,0,0,1028,0,0,0,0,0,1,1,0,0,0,-5.570161333,0,0,0,0,3,1,1,5,10,0,0,0,3,1,1,5,1000,0,0,0,0,0,0,0,0,0,0,0,0,0,0,0,0,0,0,0,0,0,0,0,0,0,0,0,0,0,0,0,0,0,0,0,0,0,0,0,0,0,0,0,0,0,0,0,0,0,0,0
1986,24,21,49,42.186,2,7,0,-1,1,0,1,1,25,0,0,0,1028,0,0,0,0,0,1,1,0,0,0,-5.630786778,0,0,0,0,3,1,1,5,10,0,0,0,3,1,1,5,1000,0,0,0,0,0,0,0,0,0,0,0,0,0,0,0,0,0,0,0,0,0,0,0,0,0,0,0,0,0,0,0,0,0,0,0,0,0,0,0,0,0,0,0,0,0,0,0,0,0,0,0
1986,24,21,51,18.186,2,7,0,-1,1,0,1,1,25,0,0,0,1028,0,0,0,0,0,1,1,0,0,0,-5.69224165,0,0,0,0,3,1,1,5,10,0,0,0,3,1,1,5,1000,0,0,0,0,0,0,0,0,0,0,0,0,0,0,0,0,0,0,0,0,0,0,0,0,0,0,0,0,0,0,0,0,0,0,0,0,0,0,0,0,0,0,0,0,0,0,0,0,0,0,0
1986,24,21,55,18.186,2,7,0,-1,1,0,1,1,25,0,0,0,1028,0,0,0,0,0,1,1,0,0,0,-5.849331775,0,0,0,0,3,1,1,5,10,0,0,0,3,1,1,5,1000,0,0,0,0,0,0,0,0,0,0,0,0,0,0,0,0,0,0,0,0,0,0,0,0,0,0,0,0,0,0,0,0,0,0,0,0,0,0,0,0,0,0,0,0,0,0,0,0,0,0,0
1986,24,21,56,54.185,2,7,0,-1,1,0,1,1,25,0,0,0,1028,0,0,0,0,0,1,1,0,0,0,-5.913480936,0,0,0,0,3,1,1,5,10,0,0,0,3,1,1,5,1000,0,0,0,0,0,0,0,0,0,0,0,0,0,0,0,0,0,0,0,0,0,0,0,0,0,0,0,0,0,0,0,0,0,0,0,0,0,0,0,0,0,0,0,0,0,0,0,0,0,0,0
1986,24,21,58,30.185,2,7,0,-1,1,0,1,1,25,0,0,0,1028,0,0,0,0,0,1,1,0,0,0,-5.978344628,0,0,0,0,3,1,1,5,10,0,0,0,3,1,1,5,1000,0,0,0,0,0,0,0,0,0,0,0,0,0,0,0,0,0,0,0,0,0,0,0,0,0,0,0,0,0,0,0,0,0,0,0,0,0,0,0,0,0,0,0,0,0,0,0,0,0,0,0
1986,24,22,0,6.185,2,7,0,-1,1,0,1,1,25,0,0,0,1028,0,0,0,0,0,1,1,0,0,0,-6.043898686,0,0,0,0,3,1,1,5,10,0,0,0,3,1,1,5,1000,0,0,0,0,0,0,0,0,0,0,0,0,0,0,0,0,0,0,0,0,0,0,0,0,0,0,0,0,0,0,0,0,0,0,0,0,0,0,0,0,0,0,0,0,0,0,0,0,0,0,0
1986,24,22,1,42.185,2,7,0,-1,1,0,1,1,25,0,0,0,1028,0,0,0,0,0,1,1,0,0,0,-6.110120374,0,0,0,0,3,1,1,5,10,0,0,0,3,1,1,5,1000,0,0,0,0,0,0,0,0,0,0,0,0,0,0,0,0,0,0,0,0,0,0,0,0,0,0,0,0,0,0,0,0,0,0,0,0,0,0,0,0,0,0,0,0,0,0,0,0,0,0,0
1986,24,22,3,18.185,2,7,0,-1,1,0,1,1,25,0,0,0,1028,0,0,0,0,0,1,1,0,0,0,-6.176987706,0,0,0,0,3,1,1,5,10,0,0,0,3,1,1,5,1000,0,0,0,0,0,0,0,0,0,0,0,0,0,0,0,0,0,0,0,0,0,0,0,0,0,0,0,0,0,0,0,0,0,0,0,0,0,0,0,0,0,0,0,0,0,0,0,0,0,0,0
1986,24,22,7,18.185,2,7,0,-1,1,0,1,1,25,0,0,0,1028,0,0,0,0,0,1,1,0,0,0,-6.346843015,0,0,0,0,3,1,1,5,10,0,0,0,3,1,1,5,1000,0,0,0,0,0,0,0,0,0,0,0,0,0,0,0,0,0,0,0,0,0,0,0,0,0,0,0,0,0,0,0,0,0,0,0,0,0,0,0,0,0,0,0,0,0,0,0,0,0,0,0
1986,24,22,8,54.185,2,7,0,-1,1,0,1,1,25,0,0,0,1028,0,0,0,0,0,1,1,0,0,0,-6.415807392,0,0,0,0,3,1,1,5,10,0,0,0,3,1,1,5,1000,0,0,0,0,0,0,0,0,0,0,0,0,0,0,0,0,0,0,0,0,0,0,0,0,0,0,0,0,0,0,0,0,0,0,0,0,0,0,0,0,0,0,0,0,0,0,0,0,0,0,0
1986,24,22,12,6.184,2,7,0,-1,1,0,1,1,25,0,0,0,1028,0,0,0,0,0,1,1,0,0,0,-6.555383833,0,0,0,0,3,1,1,5,10,0,0,0,3,1,1,5,1000,0,0,0,0,0,0,0,0,0,0,0,0,0,0,0,0,0,0,0,0,0,0,0,0,0,0,0,0,0,0,0,0,0,0,0,0,0,0,0,0,0,0,0,0,0,0,0,0,0,0,0
1986,24,22,13,42.184,2,7,0,-1,1,0,1,1,25,0,0,0,1028,0,0,0,0,0,1,1,0,0,0,-6.625960911,0,0,0,0,3,1,1,5,10,0,0,0,3,1,1,5,1000,0,0,0,0,0,0,0,0,0,0,0,0,0,0,0,0,0,0,0,0,0,0,0,0,0,0,0,0,0,0,0,0,0,0,0,0,0,0,0,0,0,0,0,0,0,0,0,0,0,0,0
1986,24,22,15,18.184,2,7,0,-1,1,0,1,1,25,0,0,0,1028,0,0,0,0,0,1,1,0,0,0,-6.697040881,0,0,0,0,3,1,1,5,10,0,0,0,3,1,1,5,1000,0,0,0,0,0,0,0,0,0,0,0,0,0,0,0,0,0,0,0,0,0,0,0,0,0,0,0,0,0,0,0,0,0,0,0,0,0,0,0,0,0,0,0,0,0,0,0,0,0,0,0
1986,24,22,19,18.184,2,7,0,-1,1,0,1,1,25,0,0,0,1028,0,0,0,0,0,1,1,0,0,0,-6.876835208,0,0,0,0,3,1,1,5,10,0,0,0,3,1,1,5,1000,0,0,0,0,0,0,0,0,0,0,0,0,0,0,0,0,0,0,0,0,0,0,0,0,0,0,0,0,0,0,0,0,0,0,0,0,0,0,0,0,0,0,0,0,0,0,0,0,0,0,0
1986,24,22,20,54.184,2,7,0,-1,1,0,1,1,25,0,0,0,1028,0,0,0,0,0,1,1,0,0,0,-6.949550435,0,0,0,0,3,1,1,5,10,0,0,0,3,1,1,5,1000,0,0,0,0,0,0,0,0,0,0,0,0,0,0,0,0,0,0,0,0,0,0,0,0,0,0,0,0,0,0,0,0,0,0,0,0,0,0,0,0,0,0,0,0,0,0,0,0,0,0,0
1986,24,22,22,30.184,2,7,0,-1,1,0,1,1,25,0,0,0,1028,0,0,0,0,0,1,1,0,0,0,-7.022699481,0,0,0,0,3,1,1,5,10,0,0,0,3,1,1,5,1000,0,0,0,0,0,0,0,0,0,0,0,0,0,0,0,0,0,0,0,0,0,0,0,0,0,0,0,0,0,0,0,0,0,0,0,0,0,0,0,0,0,0,0,0,0,0,0,0,0,0,0
1986,24,22,24,6.184,2,7,0,-1,1,0,1,1,25,0,0,0,1028,0,0,0,0,0,1,1,0,0,0,-7.096268463,0,0,0,0,3,1,1,5,10,0,0,0,3,1,1,5,1000,0,0,0,0,0,0,0,0,0,0,0,0,0,0,0,0,0,0,0,0,0,0,0,0,0,0,0,0,0,0,0,0,0,0,0,0,0,0,0,0,0,0,0,0,0,0,0,0,0,0,0
1986,24,22,25,42.184,2,7,0,-1,1,0,1,1,25,0,0,0,1028,0,0,0,0,0,1,1,0,0,0,-7.170243991,0,0,0,0,3,1,1,5,10,0,0,0,3,1,1,5,1000,0,0,0,0,0,0,0,0,0,0,0,0,0,0,0,0,0,0,0,0,0,0,0,0,0,0,0,0,0,0,0,0,0,0,0,0,0,0,0,0,0,0,0,0,0,0,0,0,0,0,0
1986,24,22,27,18.183,2,7,0,-1,1,0,1,1,25,0,0,0,1028,0,0,0,0,0,1,1,0,0,0,-7.244612373,0,0,0,0,3,1,1,5,10,0,0,0,3,1,1,5,1000,0,0,0,0,0,0,0,0,0,0,0,0,0,0,0,0,0,0,0,0,0,0,0,0,0,0,0,0,0,0,0,0,0,0,0,0,0,0,0,0,0,0,0,0,0,0,0,0,0,0,0
1986,24,22,31,18.183,2,7,0,-1,1,0,1,1,25,0,0,0,1028,0,0,0,0,0,1,1,0,0,0,-7.432176763,0,0,0,0,3,1,1,5,10,0,0,0,3,1,1,5,1000,0,0,0,0,0,0,0,0,0,0,0,0,0,0,0,0,0,0,0,0,0,0,0,0,0,0,0,0,0,0,0,0,0,0,0,0,0,0,0,0,0,0,0,0,0,0,0,0,0,0,0
1986,24,22,32,54.183,2,7,0,-1,1,0,1,1,25,0,0,0,1028,0,0,0,0,0,1,1,0,0,0,-7.507828428,0,0,0,0,3,1,1,5,10,0,0,0,3,1,1,5,1000,0,0,0,0,0,0,0,0,0,0,0,0,0,0,0,0,0,0,0,0,0,0,0,0,0,0,0,0,0,0,0,0,0,0,0,0,0,0,0,0,0,0,0,0,0,0,0,0,0,0,0
1986,24,22,34,30.183,2,7,0,-1,1,0,1,1,25,0,0,0,1028,0,0,0,0,0,1,1,0,0,0,-7.583821072,0,0,0,0,3,1,1,5,10,0,0,0,3,1,1,5,1000,0,0,0,0,0,0,0,0,0,0,0,0,0,0,0,0,0,0,0,0,0,0,0,0,0,0,0,0,0,0,0,0,0,0,0,0,0,0,0,0,0,0,0,0,0,0,0,0,0,0,0
1986,24,22,36,6.183,2,7,0,-1,1,0,1,1,25,0,0,0,1028,0,0,0,0,0,1,1,0,0,0,-7.660144111,0,0,0,0,3,1,1,5,10,0,0,0,3,1,1,5,1000,0,0,0,0,0,0,0,0,0,0,0,0,0,0,0,0,0,0,0,0,0,0,0,0,0,0,0,0,0,0,0,0,0,0,0,0,0,0,0,0,0,0,0,0,0,0,0,0,0,0,0
1986,24,22,37,42.183,2,7,0,-1,1,0,1,1,25,0,0,0,1028,0,0,0,0,0,1,1,0,0,0,-7.736787339,0,0,0,0,3,1,1,5,10,0,0,0,3,1,1,5,1000,0,0,0,0,0,0,0,0,0,0,0,0,0,0,0,0,0,0,0,0,0,0,0,0,0,0,0,0,0,0,0,0,0,0,0,0,0,0,0,0,0,0,0,0,0,0,0,0,0,0,0
1986,24,22,39,18.183,2,7,0,-1,1,0,1,1,25,0,0,0,1028,0,0,0,0,0,1,1,0,0,0,-7.813740909,0,0,0,0,3,1,1,5,10,0,0,0,3,1,1,5,1000,0,0,0,0,0,0,0,0,0,0,0,0,0,0,0,0,0,0,0,0,0,0,0,0,0,0,0,0,0,0,0,0,0,0,0,0,0,0,0,0,0,0,0,0,0,0,0,0,0,0,0
1986,24,22,43,18.182,2,7,0,-1,1,0,1,1,25,0,0,0,1028,0,0,0,0,0,1,1,0,0,0,-8.007420251,0,0,0,0,3,1,1,5,10,0,0,0,3,1,1,5,1000,0,0,0,0,0,0,0,0,0,0,0,0,0,0,0,0,0,0,0,0,0,0,0,0,0,0,0,0,0,0,0,0,0,0,0,0,0,0,0,0,0,0,0,0,0,0,0,0,0,0,0
1986,24,22,44,54.182,2,7,0,-1,1,0,1,1,25,0,0,0,1028,0,0,0,0,0,1,1,0,0,0,-8.085387372,0,0,0,0,3,1,1,5,10,0,0,0,3,1,1,5,1000,0,0,0,0,0,0,0,0,0,0,0,0,0,0,0,0,0,0,0,0,0,0,0,0,0,0,0,0,0,0,0,0,0,0,0,0,0,0,0,0,0,0,0,0,0,0,0,0,0,0,0
1986,24,22,46,30.182,2,7,0,-1,1,0,1,1,25,0,0,0,1028,0,0,0,0,0,1,1,0,0,0,-8.163624641,0,0,0,0,3,1,1,5,10,0,0,0,3,1,1,5,1000,0,0,0,0,0,0,0,0,0,0,0,0,0,0,0,0,0,0,0,0,0,0,0,0,0,0,0,0,0,0,0,0,0,0,0,0,0,0,0,0,0,0,0,0,0,0,0,0,0,0,0
1986,24,22,48,6.182,2,7,0,-1,1,0,1,1,25,0,0,0,1028,0,0,0,0,0,1,1,0,0,0,-8.242123964,0,0,0,0,3,1,1,5,10,0,0,0,3,1,1,5,1000,0,0,0,0,0,0,0,0,0,0,0,0,0,0,0,0,0,0,0,0,0,0,0,0,0,0,0,0,0,0,0,0,0,0,0,0,0,0,0,0,0,0,0,0,0,0,0,0,0,0,0
1986,24,22,49,42.182,2,7,0,-1,1,0,1,1,25,0,0,0,1028,0,0,0,0,0,1,1,0,0,0,-8.320877533,0,0,0,0,3,1,1,5,10,0,0,0,3,1,1,5,1000,0,0,0,0,0,0,0,0,0,0,0,0,0,0,0,0,0,0,0,0,0,0,0,0,0,0,0,0,0,0,0,0,0,0,0,0,0,0,0,0,0,0,0,0,0,0,0,0,0,0,0
1986,24,22,51,18.182,2,7,0,-1,1,0,1,1,25,0,0,0,1028,0,0,0,0,0,1,1,0,0,0,-8.399877807,0,0,0,0,3,1,1,5,10,0,0,0,3,1,1,5,1000,0,0,0,0,0,0,0,0,0,0,0,0,0,0,0,0,0,0,0,0,0,0,0,0,0,0,0,0,0,0,0,0,0,0,0,0,0,0,0,0,0,0,0,0,0,0,0,0,0,0,0
1986,24,22,55,18.182,2,7,0,-1,1,0,1,1,25,0,0,0,1028,0,0,0,0,0,1,1,0,0,0,-8.598410666,0,0,0,0,3,1,1,5,10,0,0,0,3,1,1,5,1000,0,0,0,0,0,0,0,0,0,0,0,0,0,0,0,0,0,0,0,0,0,0,0,0,0,0,0,0,0,0,0,0,0,0,0,0,0,0,0,0,0,0,0,0,0,0,0,0,0,0,0
1986,24,22,56,54.181,2,7,0,-1,1,0,1,1,25,0,0,0,1028,0,0,0,0,0,1,1,0,0,0,-8.678217865,0,0,0,0,3,1,1,5,10,0,0,0,3,1,1,5,1000,0,0,0,0,0,0,0,0,0,0,0,0,0,0,0,0,0,0,0,0,0,0,0,0,0,0,0,0,0,0,0,0,0,0,0,0,0,0,0,0,0,0,0,0,0,0,0,0,0,0,0
1986,24,22,58,30.181,2,7,0,-1,1,0,1,1,25,0,0,0,1028,0,0,0,0,0,1,1,0,0,0,-8.758241749,0,0,0,0,3,1,1,5,10,0,0,0,3,1,1,5,1000,0,0,0,0,0,0,0,0,0,0,0,0,0,0,0,0,0,0,0,0,0,0,0,0,0,0,0,0,0,0,0,0,0,0,0,0,0,0,0,0,0,0,0,0,0,0,0,0,0,0,0
1986,24,23,1,42.181,2,7,0,-1,1,0,1,1,25,0,0,0,1028,0,0,0,0,0,1,1,0,0,0,-8.918912382,0,0,0,0,3,1,1,5,10,0,0,0,3,1,1,5,1000,0,0,0,0,0,0,0,0,0,0,0,0,0,0,0,0,0,0,0,0,0,0,0,0,0,0,0,0,0,0,0,0,0,0,0,0,0,0,0,0,0,0,0,0,0,0,0,0,0,0,0
1986,24,23,3,18.181,2,7,0,-1,1,0,1,1,25,0,0,0,1028,0,0,0,0,0,1,1,0,0,0,-8.999547301,0,0,0,0,3,1,1,5,10,0,0,0,3,1,1,5,1000,0,0,0,0,0,0,0,0,0,0,0,0,0,0,0,0,0,0,0,0,0,0,0,0,0,0,0,0,0,0,0,0,0,0,0,0,0,0,0,0,0,0,0,0,0,0,0,0,0,0,0
1986,24,23,7,18.181,2,7,0,-1,1,0,1,1,25,0,0,0,1028,0,0,0,0,0,1,1,0,0,0,-9.201963543,0,0,0,0,3,1,1,5,10,0,0,0,3,1,1,5,1000,0,0,0,0,0,0,0,0,0,0,0,0,0,0,0,0,0,0,0,0,0,0,0,0,0,0,0,0,0,0,0,0,0,0,0,0,0,0,0,0,0,0,0,0,0,0,0,0,0,0,0
1986,24,23,8,54.181,2,7,0,-1,1,0,1,1,25,0,0,0,1028,0,0,0,0,0,1,1,0,0,0,-9.28324771,0,0,0,0,3,1,1,5,10,0,0,0,3,1,1,5,1000,0,0,0,0,0,0,0,0,0,0,0,0,0,0,0,0,0,0,0,0,0,0,0,0,0,0,0,0,0,0,0,0,0,0,0,0,0,0,0,0,0,0,0,0,0,0,0,0,0,0,0
1986,24,23,10,30.181,2,7,0,-1,1,0,1,1,25,0,0,0,1028,0,0,0,0,0,1,1,0,0,0,-9.364705815,0,0,0,0,3,1,1,5,10,0,0,0,3,1,1,5,1000,0,0,0,0,0,0,0,0,0,0,0,0,0,0,0,0,0,0,0,0,0,0,0,0,0,0,0,0,0,0,0,0,0,0,0,0,0,0,0,0,0,0,0,0,0,0,0,0,0,0,0
1986,24,23,12,6.18,2,7,0,-1,1,0,1,1,25,0,0,0,1028,0,0,0,0,0,1,1,0,0,0,-9.446332176,0,0,0,0,3,1,1,5,10,0,0,0,3,1,1,5,1000,0,0,0,0,0,0,0,0,0,0,0,0,0,0,0,0,0,0,0,0,0,0,0,0,0,0,0,0,0,0,0,0,0,0,0,0,0,0,0,0,0,0,0,0,0,0,0,0,0,0,0
1986,24,23,13,42.18,2,7,0,-1,1,0,1,1,25,0,0,0,1028,0,0,0,0,0,1,1,0,0,0,-9.528123822,0,0,0,0,3,1,1,5,10,0,0,0,3,1,1,5,1000,0,0,0,0,0,0,0,0,0,0,0,0,0,0,0,0,0,0,0,0,0,0,0,0,0,0,0,0,0,0,0,0,0,0,0,0,0,0,0,0,0,0,0,0,0,0,0,0,0,0,0
1986,24,23,15,18.18,2,7,0,-1,1,0,1,1,25,0,0,0,1028,0,0,0,0,0,1,1,0,0,0,-9.610075381,0,0,0,0,3,1,1,5,10,0,0,0,3,1,1,5,1000,0,0,0,0,0,0,0,0,0,0,0,0,0,0,0,0,0,0,0,0,0,0,0,0,0,0,0,0,0,0,0,0,0,0,0,0,0,0,0,0,0,0,0,0,0,0,0,0,0,0,0
1986,24,23,19,18.18,2,7,0,-1,1,0,1,1,25,0,0,0,1028,0,0,0,0,0,1,1,0,0,0,-9.81562554,0,0,0,0,3,1,1,5,10,0,0,0,3,1,1,5,1000,0,0,0,0,0,0,0,0,0,0,0,0,0,0,0,0,0,0,0,0,0,0,0,0,0,0,0,0,0,0,0,0,0,0,0,0,0,0,0,0,0,0,0,0,0,0,0,0,0,0,0
1986,24,23,20,54.18,2,7,0,-1,1,0,1,1,25,0,0,0,1028,0,0,0,0,0,1,1,0,0,0,-9.898103258,0,0,0,0,3,1,1,5,10,0,0,0,3,1,1,5,1000,0,0,0,0,0,0,0,0,0,0,0,0,0,0,0,0,0,0,0,0,0,0,0,0,0,0,0,0,0,0,0,0,0,0,0,0,0,0,0,0,0,0,0,0,0,0,0,0,0,0,0
1986,24,23,22,30.18,2,7,0,-1,1,0,1,1,25,0,0,0,1028,0,0,0,0,0,1,1,0,0,0,-9.980722278,0,0,0,0,3,1,1,5,10,0,0,0,3,1,1,5,1000,0,0,0,0,0,0,0,0,0,0,0,0,0,0,0,0,0,0,0,0,0,0,0,0,0,0,0,0,0,0,0,0,0,0,0,0,0,0,0,0,0,0,0,0,0,0,0,0,0,0,0
1986,24,23,24,6.18,2,7,0,-1,1,0,1,1,25,0,0,0,1028,0,0,0,0,0,1,1,0,0,0,-10.06347882,0,0,0,0,3,1,1,5,10,0,0,0,3,1,1,5,1000,0,0,0,0,0,0,0,0,0,0,0,0,0,0,0,0,0,0,0,0,0,0,0,0,0,0,0,0,0,0,0,0,0,0,0,0,0,0,0,0,0,0,0,0,0,0,0,0,0,0,0
1986,24,23,25,42.18,2,7,0,-1,1,0,1,1,25,0,0,0,1028,0,0,0,0,0,1,1,0,0,0,-10.14636922,0,0,0,0,3,1,1,5,10,0,0,0,3,1,1,5,1000,0,0,0,0,0,0,0,0,0,0,0,0,0,0,0,0,0,0,0,0,0,0,0,0,0,0,0,0,0,0,0,0,0,0,0,0,0,0,0,0,0,0,0,0,0,0,0,0,0,0,0
1986,24,23,27,18.179,2,7,0,-1,1,0,1,1,25,0,0,0,1028,0,0,0,0,0,1,1,0,0,0,-10.22938907,0,0,0,0,3,1,1,5,10,0,0,0,3,1,1,5,1000,0,0,0,0,0,0,0,0,0,0,0,0,0,0,0,0,0,0,0,0,0,0,0,0,0,0,0,0,0,0,0,0,0,0,0,0,0,0,0,0,0,0,0,0,0,0,0,0,0,0,0
1986,24,23,31,18.179,2,7,0,-1,1,0,1,1,25,0,0,0,1028,0,0,0,0,0,1,1,0,0,0,-10.43748869,0,0,0,0,3,1,1,5,10,0,0,0,3,1,1,5,1000,0,0,0,0,0,0,0,0,0,0,0,0,0,0,0,0,0,0,0,0,0,0,0,0,0,0,0,0,0,0,0,0,0,0,0,0,0,0,0,0,0,0,0,0,0,0,0,0,0,0,0
1986,24,23,32,54.179,2,7,0,-1,1,0,1,1,25,0,0,0,1028,0,0,0,0,0,1,1,0,0,0,-10.52093913,0,0,0,0,3,1,1,5,10,0,0,0,3,1,1,5,1000,0,0,0,0,0,0,0,0,0,0,0,0,0,0,0,0,0,0,0,0,0,0,0,0,0,0,0,0,0,0,0,0,0,0,0,0,0,0,0,0,0,0,0,0,0,0,0,0,0,0,0
1986,24,23,34,30.179,2,7,0,-1,1,0,1,1,25,0,0,0,1028,0,0,0,0,0,1,1,0,0,0,-10.60450524,0,0,0,0,3,1,1,5,10,0,0,0,3,1,1,5,1000,0,0,0,0,0,0,0,0,0,0,0,0,0,0,0,0,0,0,0,0,0,0,0,0,0,0,0,0,0,0,0,0,0,0,0,0,0,0,0,0,0,0,0,0,0,0,0,0,0,0,0
1986,24,23,36,6.179,2,7,0,-1,1,0,1,1,25,0,0,0,1028,0,0,0,0,0,1,1,0,0,0,-10.68818402,0,0,0,0,3,1,1,5,10,0,0,0,3,1,1,5,1000,0,0,0,0,0,0,0,0,0,0,0,0,0,0,0,0,0,0,0,0,0,0,0,0,0,0,0,0,0,0,0,0,0,0,0,0,0,0,0,0,0,0,0,0,0,0,0,0,0,0,0
1986,24,23,37,42.179,2,7,0,-1,1,0,1,1,25,0,0,0,1028,0,0,0,0,0,1,1,0,0,0,-10.77197259,0,0,0,0,3,1,1,5,10,0,0,0,3,1,1,5,1000,0,0,0,0,0,0,0,0,0,0,0,0,0,0,0,0,0,0,0,0,0,0,0,0,0,0,0,0,0,0,0,0,0,0,0,0,0,0,0,0,0,0,0,0,0,0,0,0,0,0,0
1986,24,23,39,18.179,2,7,0,-1,1,0,1,1,25,0,0,0,1028,0,0,0,0,0,1,1,0,0,0,-10.85586813,0,0,0,0,3,1,1,5,10,0,0,0,3,1,1,5,1000,0,0,0,0,0,0,0,0,0,0,0,0,0,0,0,0,0,0,0,0,0,0,0,0,0,0,0,0,0,0,0,0,0,0,0,0,0,0,0,0,0,0,0,0,0,0,0,0,0,0,0
1986,24,23,43,18.178,2,7,0,-1,1,0,1,1,25,0,0,0,1028,0,0,0,0,0,1,1,0,0,0,-11.06605645,0,0,0,0,3,1,1,5,10,0,0,0,3,1,1,5,1000,0,0,0,0,0,0,0,0,0,0,0,0,0,0,0,0,0,0,0,0,0,0,0,0,0,0,0,0,0,0,0,0,0,0,0,0,0,0,0,0,0,0,0,0,0,0,0,0,0,0,0
1986,24,23,44,54.178,2,7,0,-1,1,0,1,1,25,0,0,0,1028,0,0,0,0,0,1,1,0,0,0,-11.15030548,0,0,0,0,3,1,1,5,10,0,0,0,3,1,1,5,1000,0,0,0,0,0,0,0,0,0,0,0,0,0,0,0,0,0,0,0,0,0,0,0,0,0,0,0,0,0,0,0,0,0,0,0,0,0,0,0,0,0,0,0,0,0,0,0,0,0,0,0
1986,24,23,46,30.178,2,7,0,-1,1,0,1,1,25,0,0,0,1028,0,0,0,0,0,1,1,0,0,0,-11.23464985,0,0,0,0,3,1,1,5,10,0,0,0,3,1,1,5,1000,0,0,0,0,0,0,0,0,0,0,0,0,0,0,0,0,0,0,0,0,0,0,0,0,0,0,0,0,0,0,0,0,0,0,0,0,0,0,0,0,0,0,0,0,0,0,0,0,0,0,0
1986,24,23,48,6.178,2,7,0,-1,1,0,1,1,25,0,0,0,1028,0,0,0,0,0,1,1,0,0,0,-11.31908719,0,0,0,0,3,1,1,5,10,0,0,0,3,1,1,5,1000,0,0,0,0,0,0,0,0,0,0,0,0,0,0,0,0,0,0,0,0,0,0,0,0,0,0,0,0,0,0,0,0,0,0,0,0,0,0,0,0,0,0,0,0,0,0,0,0,0,0,0
1986,24,23,49,42.178,2,7,0,-1,1,0,1,1,25,0,0,0,1028,0,0,0,0,0,1,1,0,0,0,-11.40361517,0,0,0,0,3,1,1,5,10,0,0,0,3,1,1,5,1000,0,0,0,0,0,0,0,0,0,0,0,0,0,0,0,0,0,0,0,0,0,0,0,0,0,0,0,0,0,0,0,0,0,0,0,0,0,0,0,0,0,0,0,0,0,0,0,0,0,0,0
1986,24,23,51,18.178,2,7,0,-1,1,0,1,1,25,0,0,0,1028,0,0,0,0,0,1,1,0,0,0,-11.48823157,0,0,0,0,3,1,1,5,10,0,0,0,3,1,1,5,1000,0,0,0,0,0,0,0,0,0,0,0,0,0,0,0,0,0,0,0,0,0,0,0,0,0,0,0,0,0,0,0,0,0,0,0,0,0,0,0,0,0,0,0,0,0,0,0,0,0,0,0
1986,24,23,55,18.178,2,7,0,-1,1,0,1,1,25,0,0,0,1028,0,0,0,0,0,1,1,0,0,0,-11.70014522,0,0,0,0,3,1,1,5,10,0,0,0,3,1,1,5,1000,0,0,0,0,0,0,0,0,0,0,0,0,0,0,0,0,0,0,0,0,0,0,0,0,0,0,0,0,0,0,0,0,0,0,0,0,0,0,0,0,0,0,0,0,0,0,0,0,0,0,0
1986,24,23,56,54.177,2,7,0,-1,1,0,1,1,25,0,0,0,1028,0,0,0,0,0,1,1,0,0,0,-11.78505386,0,0,0,0,3,1,1,5,10,0,0,0,3,1,1,5,1000,0,0,0,0,0,0,0,0,0,0,0,0,0,0,0,0,0,0,0,0,0,0,0,0,0,0,0,0,0,0,0,0,0,0,0,0,0,0,0,0,0,0,0,0,0,0,0,0,0,0,0
1986,24,23,58,30.177,2,7,0,-1,1,0,1,1,25,0,0,0,1028,0,0,0,0,0,1,1,0,0,0,-11.8700416,0,0,0,0,3,1,1,5,10,0,0,0,3,1,1,5,1000,0,0,0,0,0,0,0,0,0,0,0,0,0,0,0,0,0,0,0,0,0,0,0,0,0,0,0,0,0,0,0,0,0,0,0,0,0,0,0,0,0,0,0,0,0,0,0,0,0,0,0
1986,25,0,0,6.177,2,7,0,-1,1,0,1,1,25,0,0,0,1028,0,0,0,0,0,1,1,0,0,0,-11.95510695,0,0,0,0,3,1,1,5,10,0,0,0,3,1,1,5,1000,0,0,0,0,0,0,0,0,0,0,0,0,0,0,0,0,0,0,0,0,0,0,0,0,0,0,0,0,0,0,0,0,0,0,0,0,0,0,0,0,0,0,0,0,0,0,0,0,0,0,0
1986,25,0,1,42.177,2,7,0,-1,1,0,1,1,25,0,0,0,1028,0,0,0,0,0,1,1,0,0,0,-12.04024762,0,0,0,0,3,1,1,5,10,0,0,0,3,1,1,5,1000,0,0,0,0,0,0,0,0,0,0,0,0,0,0,0,0,0,0,0,0,0,0,0,0,0,0,0,0,0,0,0,0,0,0,0,0,0,0,0,0,0,0,0,0,0,0,0,0,0,0,0
1986,25,0,3,18.177,2,7,0,-1,1,0,1,1,25,0,0,0,1028,0,0,0,0,0,1,1,0,0,0,-12.12546181,0,0,0,0,3,1,1,5,10,0,0,0,3,1,1,5,1000,0,0,0,0,0,0,0,0,0,0,0,0,0,0,0,0,0,0,0,0,0,0,0,0,0,0,0,0,0,0,0,0,0,0,0,0,0,0,0,0,0,0,0,0,0,0,0,0,0,0,0
1986,25,0,7,18.177,2,7,0,-1,1,0,1,1,25,0,0,0,1028,0,0,0,0,0,1,1,0,0,0,-12.33880749,0,0,0,0,3,1,1,5,10,0,0,0,3,1,1,5,1000,0,0,0,0,0,0,0,0,0,0,0,0,0,0,0,0,0,0,0,0,0,0,0,0,0,0,0,0,0,0,0,0,0,0,0,0,0,0,0,0,0,0,0,0,0,0,0,0,0,0,0
1986,25,0,8,54.177,2,7,0,-1,1,0,1,1,25,0,0,0,1028,0,0,0,0,0,1,1,0,0,0,-12.42426546,0,0,0,0,3,1,1,5,10,0,0,0,3,1,1,5,1000,0,0,0,0,0,0,0,0,0,0,0,0,0,0,0,0,0,0,0,0,0,0,0,0,0,0,0,0,0,0,0,0,0,0,0,0,0,0,0,0,0,0,0,0,0,0,0,0,0,0,0
1986,25,0,10,30.177,2,7,0,-1,1,0,1,1,25,0,0,0,1028,0,0,0,0,0,1,1,0,0,0,-12.50978941,0,0,0,0,3,1,1,5,10,0,0,0,3,1,1,5,1000,0,0,0,0,0,0,0,0,0,0,0,0,0,0,0,0,0,0,0,0,0,0,0,0,0,0,0,0,0,0,0,0,0,0,0,0,0,0,0,0,0,0,0,0,0,0,0,0,0,0,0
1986,25,0,12,6.176,2,7,0,-1,1,0,1,1,25,0,0,0,1028,0,0,0,0,0,1,1,0,0,0,-12.59537691,0,0,0,0,3,1,1,5,10,0,0,0,3,1,1,5,1000,0,0,0,0,0,0,0,0,0,0,0,0,0,0,0,0,0,0,0,0,0,0,0,0,0,0,0,0,0,0,0,0,0,0,0,0,0,0,0,0,0,0,0,0,0,0,0,0,0,0,0
1986,25,0,13,42.176,2,7,0,-1,1,0,1,1,25,0,0,0,1028,0,0,0,0,0,1,1,0,0,0,-12.68102823,0,0,0,0,3,1,1,5,10,0,0,0,3,1,1,5,1000,0,0,0,0,0,0,0,0,0,0,0,0,0,0,0,0,0,0,0,0,0,0,0,0,0,0,0,0,0,0,0,0,0,0,0,0,0,0,0,0,0,0,0,0,0,0,0,0,0,0,0
1986,25,0,15,18.176,2,7,0,-1,1,0,1,1,25,0,0,0,1028,0,0,0,0,0,1,1,0,0,0,-12.766741,0,0,0,0,3,1,1,5,10,0,0,0,3,1,1,5,1000,0,0,0,0,0,0,0,0,0,0,0,0,0,0,0,0,0,0,0,0,0,0,0,0,0,0,0,0,0,0,0,0,0,0,0,0,0,0,0,0,0,0,0,0,0,0,0,0,0,0,0
1986,25,0,19,18.176,2,7,0,-1,1,0,1,1,25,0,0,0,1028,0,0,0,0,0,1,1,0,0,0,-12.98128257,0,0,0,0,3,1,1,5,10,0,0,0,3,1,1,5,1000,0,0,0,0,0,0,0,0,0,0,0,0,0,0,0,0,0,0,0,0,0,0,0,0,0,0,0,0,0,0,0,0,0,0,0,0,0,0,0,0,0,0,0,0,0,0,0,0,0,0,0
1986,25,0,20,54.176,2,7,0,-1,1,0,1,1,25,0,0,0,1028,0,0,0,0,0,1,1,0,0,0,-13.06719947,0,0,0,0,3,1,1,5,10,0,0,0,3,1,1,5,1000,0,0,0,0,0,0,0,0,0,0,0,0,0,0,0,0,0,0,0,0,0,0,0,0,0,0,0,0,0,0,0,0,0,0,0,0,0,0,0,0,0,0,0,0,0,0,0,0,0,0,0
1986,25,0,22,30.176,2,7,0,-1,1,0,1,1,25,0,0,0,1028,0,0,0,0,0,1,1,0,0,0,-13.1531717,0,0,0,0,3,1,1,5,10,0,0,0,3,1,1,5,1000,0,0,0,0,0,0,0,0,0,0,0,0,0,0,0,0,0,0,0,0,0,0,0,0,0,0,0,0,0,0,0,0,0,0,0,0,0,0,0,0,0,0,0,0,0,0,0,0,0,0,0
1986,25,0,24,6.176,2,7,0,-1,1,0,1,1,25,0,0,0,1028,0,0,0,0,0,1,1,0,0,0,-13.23919801,0,0,0,0,3,1,1,5,10,0,0,0,3,1,1,5,1000,0,0,0,0,0,0,0,0,0,0,0,0,0,0,0,0,0,0,0,0,0,0,0,0,0,0,0,0,0,0,0,0,0,0,0,0,0,0,0,0,0,0,0,0,0,0,0,0,0,0,0
1986,25,0,25,42.176,2,7,0,-1,1,0,1,1,25,0,0,0,1028,0,0,0,0,0,1,1,0,0,0,-13.32527714,0,0,0,0,3,1,1,5,10,0,0,0,3,1,1,5,1000,0,0,0,0,0,0,0,0,0,0,0,0,0,0,0,0,0,0,0,0,0,0,0,0,0,0,0,0,0,0,0,0,0,0,0,0,0,0,0,0,0,0,0,0,0,0,0,0,0,0,0
1986,25,0,27,18.175,2,7,0,-1,1,0,1,1,25,0,0,0,1028,0,0,0,0,0,1,1,0,0,0,-13.41140747,0,0,0,0,3,1,1,5,10,0,0,0,3,1,1,5,1000,0,0,0,0,0,0,0,0,0,0,0,0,0,0,0,0,0,0,0,0,0,0,0,0,0,0,0,0,0,0,0,0,0,0,0,0,0,0,0,0,0,0,0,0,0,0,0,0,0,0,0
1986,25,0,31,18.175,2,7,0,-1,1,0,1,1,25,0,0,0,1028,0,0,0,0,0,1,1,0,0,0,-13.62695226,0,0,0,0,3,1,1,5,10,0,0,0,3,1,1,5,1000,0,0,0,0,0,0,0,0,0,0,0,0,0,0,0,0,0,0,0,0,0,0,0,0,0,0,0,0,0,0,0,0,0,0,0,0,0,0,0,0,0,0,0,0,0,0,0,0,0,0,0
1986,25,0,32,54.175,2,7,0,-1,1,0,1,1,25,0,0,0,1028,0,0,0,0,0,1,1,0,0,0,-13.71325475,0,0,0,0,3,1,1,5,10,0,0,0,3,1,1,5,1000,0,0,0,0,0,0,0,0,0,0,0,0,0,0,0,0,0,0,0,0,0,0,0,0,0,0,0,0,0,0,0,0,0,0,0,0,0,0,0,0,0,0,0,0,0,0,0,0,0,0,0
1986,25,0,34,30.175,2,7,0,-1,1,0,1,1,25,0,0,0,1028,0,0,0,0,0,1,1,0,0,0,-13.79960385,0,0,0,0,3,1,1,5,10,0,0,0,3,1,1,5,1000,0,0,0,0,0,0,0,0,0,0,0,0,0,0,0,0,0,0,0,0,0,0,0,0,0,0,0,0,0,0,0,0,0,0,0,0,0,0,0,0,0,0,0,0,0,0,0,0,0,0,0
1986,25,0,36,6.175,2,7,0,-1,1,0,1,1,25,0,0,0,1028,0,0,0,0,0,1,1,0,0,0,-13.88599852,0,0,0,0,3,1,1,5,10,0,0,0,3,1,1,5,1000,0,0,0,0,0,0,0,0,0,0,0,0,0,0,0,0,0,0,0,0,0,0,0,0,0,0,0,0,0,0,0,0,0,0,0,0,0,0,0,0,0,0,0,0,0,0,0,0,0,0,0
1986,25,0,37,42.175,2,7,0,-1,1,0,1,1,25,0,0,0,1028,0,0,0,0,0,1,1,0,0,0,-13.97243775,0,0,0,0,3,1,1,5,10,0,0,0,3,1,1,5,1000,0,0,0,0,0,0,0,0,0,0,0,0,0,0,0,0,0,0,0,0,0,0,0,0,0,0,0,0,0,0,0,0,0,0,0,0,0,0,0,0,0,0,0,0,0,0,0,0,0,0,0
1986,25,0,39,18.175,2,7,0,-1,1,0,1,1,25,0,0,0,1028,0,0,0,0,0,1,1,0,0,0,-14.05892054,0,0,0,0,3,1,1,5,10,0,0,0,3,1,1,5,1000,0,0,0,0,0,0,0,0,0,0,0,0,0,0,0,0,0,0,0,0,0,0,0,0,0,0,0,0,0,0,0,0,0,0,0,0,0,0,0,0,0,0,0,0,0,0,0,0,0,0,0
1986,25,0,43,18.174,2,7,0,-1,1,0,1,1,25,0,0,0,1028,0,0,0,0,0,1,1,0,0,0,-14.27531096,0,0,0,0,3,1,1,5,10,0,0,0,3,1,1,5,1000,0,0,0,0,0,0,0,0,0,0,0,0,0,0,0,0,0,0,0,0,0,0,0,0,0,0,0,0,0,0,0,0,0,0,0,0,0,0,0,0,0,0,0,0,0,0,0,0,0,0,0
1986,25,0,44,54.174,2,7,0,-1,1,0,1,1,25,0,0,0,1028,0,0,0,0,0,1,1,0,0,0,-14.3619388,0,0,0,0,3,1,1,5,10,0,0,0,3,1,1,5,1000,0,0,0,0,0,0,0,0,0,0,0,0,0,0,0,0,0,0,0,0,0,0,0,0,0,0,0,0,0,0,0,0,0,0,0,0,0,0,0,0,0,0,0,0,0,0,0,0,0,0,0
1986,25,0,46,30.174,2,7,0,-1,1,0,1,1,25,0,0,0,1028,0,0,0,0,0,1,1,0,0,0,-14.44860606,0,0,0,0,3,1,1,5,10,0,0,0,3,1,1,5,1000,0,0,0,0,0,0,0,0,0,0,0,0,0,0,0,0,0,0,0,0,0,0,0,0,0,0,0,0,0,0,0,0,0,0,0,0,0,0,0,0,0,0,0,0,0,0,0,0,0,0,0
1986,25,0,48,6.174,2,7,0,-1,1,0,1,1,25,0,0,0,1028,0,0,0,0,0,1,1,0,0,0,-14.53531188,0,0,0,0,3,1,1,5,10,0,0,0,3,1,1,5,1000,0,0,0,0,0,0,0,0,0,0,0,0,0,0,0,0,0,0,0,0,0,0,0,0,0,0,0,0,0,0,0,0,0,0,0,0,0,0,0,0,0,0,0,0,0,0,0,0,0,0,0
1986,25,0,49,42.174,2,7,0,-1,1,0,1,1,25,0,0,0,1028,0,0,0,0,0,1,1,0,0,0,-14.62205541,0,0,0,0,3,1,1,5,10,0,0,0,3,1,1,5,1000,0,0,0,0,0,0,0,0,0,0,0,0,0,0,0,0,0,0,0,0,0,0,0,0,0,0,0,0,0,0,0,0,0,0,0,0,0,0,0,0,0,0,0,0,0,0,0,0,0,0,0
1986,25,0,51,18.174,2,7,0,-1,1,0,1,1,25,0,0,0,1028,0,0,0,0,0,1,1,0,0,0,-14.70883584,0,0,0,0,3,1,1,5,10,0,0,0,3,1,1,5,1000,0,0,0,0,0,0,0,0,0,0,0,0,0,0,0,0,0,0,0,0,0,0,0,0,0,0,0,0,0,0,0,0,0,0,0,0,0,0,0,0,0,0,0,0,0,0,0,0,0,0,0
1986,25,0,55,18.174,2,7,0,-1,1,0,1,1,25,0,0,0,1028,0,0,0,0,0,1,1,0,0,0,-14.92594312,0,0,0,0,3,1,1,5,10,0,0,0,3,1,1,5,1000,0,0,0,0,0,0,0,0,0,0,0,0,0,0,0,0,0,0,0,0,0,0,0,0,0,0,0,0,0,0,0,0,0,0,0,0,0,0,0,0,0,0,0,0,0,0,0,0,0,0,0
1986,25,0,56,54.173,2,7,0,-1,1,0,1,1,25,0,0,0,1028,0,0,0,0,0,1,1,0,0,0,-15.01284606,0,0,0,0,3,1,1,5,10,0,0,0,3,1,1,5,1000,0,0,0,0,0,0,0,0,0,0,0,0,0,0,0,0,0,0,0,0,0,0,0,0,0,0,0,0,0,0,0,0,0,0,0,0,0,0,0,0,0,0,0,0,0,0,0,0,0,0,0
1986,25,0,58,30.173,2,7,0,-1,1,0,1,1,25,0,0,0,1028,0,0,0,0,0,1,1,0,0,0,-15.09978244,0,0,0,0,3,1,1,5,10,0,0,0,3,1,1,5,1000,0,0,0,0,0,0,0,0,0,0,0,0,0,0,0,0,0,0,0,0,0,0,0,0,0,0,0,0,0,0,0,0,0,0,0,0,0,0,0,0,0,0,0,0,0,0,0,0,0,0,0
1986,25,1,0,6.173,2,7,0,-1,1,0,1,1,25,0,0,0,1028,0,0,0,0,0,1,1,0,0,0,-15.18675201,0,0,0,0,3,1,1,5,10,0,0,0,3,1,1,5,1000,0,0,0,0,0,0,0,0,0,0,0,0,0,0,0,0,0,0,0,0,0,0,0,0,0,0,0,0,0,0,0,0,0,0,0,0,0,0,0,0,0,0,0,0,0,0,0,0,0,0,0
1986,25,1,20,54.172,2,7,0,-1,1,0,1,1,25,0,0,0,1028,0,0,0,0,0,1,1,0,0,0,-16.32003644,0,0,0,0,3,1,1,5,10,0,0,0,3,1,1,5,1000,0,0,0,0,0,0,0,0,0,0,0,0,0,0,0,0,0,0,0,0,0,0,0,0,0,0,0,0,0,0,0,0,0,0,0,0,0,0,0,0,0,0,0,0,0,0,0,0,0,0,0
1986,25,1,24,6.172,2,7,0,-1,1,0,1,1,25,0,0,0,1028,0,0,0,0,0,1,1,0,0,0,-16.49478257,0,0,0,0,3,1,1,5,10,0,0,0,3,1,1,5,1000,0,0,0,0,0,0,0,0,0,0,0,0,0,0,0,0,0,0,0,0,0,0,0,0,0,0,0,0,0,0,0,0,0,0,0,0,0,0,0,0,0,0,0,0,0,0,0,0,0,0,0
1986,25,1,25,42.172,2,7,0,-1,1,0,1,1,25,0,0,0,1028,0,0,0,0,0,1,1,0,0,0,-16.58219079,0,0,0,0,3,1,1,5,10,0,0,0,3,1,1,5,1000,0,0,0,0,0,0,0,0,0,0,0,0,0,0,0,0,0,0,0,0,0,0,0,0,0,0,0,0,0,0,0,0,0,0,0,0,0,0,0,0,0,0,0,0,0,0,0,0,0,0,0
1986,25,1,27,18.171,2,7,0,-1,1,0,1,1,25,0,0,0,1028,0,0,0,0,0,1,1,0,0,0,-16.66962136,0,0,0,0,3,1,1,5,10,0,0,0,3,1,1,5,1000,0,0,0,0,0,0,0,0,0,0,0,0,0,0,0,0,0,0,0,0,0,0,0,0,0,0,0,0,0,0,0,0,0,0,0,0,0,0,0,0,0,0,0,0,0,0,0,0,0,0,0
1986,25,1,31,18.171,2,7,0,-1,1,0,1,1,25,0,0,0,1028,0,0,0,0,0,1,1,0,0,0,-16.88829508,0,0,0,0,3,1,1,5,10,0,0,0,3,1,1,5,1000,0,0,0,0,0,0,0,0,0,0,0,0,0,0,0,0,0,0,0,0,0,0,0,0,0,0,0,0,0,0,0,0,0,0,0,0,0,0,0,0,0,0,0,0,0,0,0,0,0,0,0
1986,25,1,32,54.171,2,7,0,-1,1,0,1,1,25,0,0,0,1028,0,0,0,0,0,1,1,0,0,0,-16.97580221,0,0,0,0,3,1,1,5,10,0,0,0,3,1,1,5,1000,0,0,0,0,0,0,0,0,0,0,0,0,0,0,0,0,0,0,0,0,0,0,0,0,0,0,0,0,0,0,0,0,0,0,0,0,0,0,0,0,0,0,0,0,0,0,0,0,0,0,0
1986,25,1,34,30.171,2,7,0,-1,1,0,1,1,25,0,0,0,1028,0,0,0,0,0,1,1,0,0,0,-17.06333008,0,0,0,0,3,1,1,5,10,0,0,0,3,1,1,5,1000,0,0,0,0,0,0,0,0,0,0,0,0,0,0,0,0,0,0,0,0,0,0,0,0,0,0,0,0,0,0,0,0,0,0,0,0,0,0,0,0,0,0,0,0,0,0,0,0,0,0,0
1986,25,1,36,6.171,2,7,0,-1,1,0,1,1,25,0,0,0,1028,0,0,0,0,0,1,1,0,0,0,-17.15087827,0,0,0,0,3,1,1,5,10,0,0,0,3,1,1,5,1000,0,0,0,0,0,0,0,0,0,0,0,0,0,0,0,0,0,0,0,0,0,0,0,0,0,0,0,0,0,0,0,0,0,0,0,0,0,0,0,0,0,0,0,0,0,0,0,0,0,0,0
1986,25,1,37,42.171,2,7,0,-1,1,0,1,1,25,0,0,0,1028,0,0,0,0,0,1,1,0,0,0,-17.23844635,0,0,0,0,3,1,1,5,10,0,0,0,3,1,1,5,1000,0,0,0,0,0,0,0,0,0,0,0,0,0,0,0,0,0,0,0,0,0,0,0,0,0,0,0,0,0,0,0,0,0,0,0,0,0,0,0,0,0,0,0,0,0,0,0,0,0,0,0
1986,25,1,39,18.171,2,7,0,-1,1,0,1,1,25,0,0,0,1028,0,0,0,0,0,1,1,0,0,0,-17.32603392,0,0,0,0,3,1,1,5,10,0,0,0,3,1,1,5,1000,0,0,0,0,0,0,0,0,0,0,0,0,0,0,0,0,0,0,0,0,0,0,0,0,0,0,0,0,0,0,0,0,0,0,0,0,0,0,0,0,0,0,0,0,0,0,0,0,0,0,0
1986,25,1,43,18.17,2,7,0,-1,1,0,1,1,25,0,0,0,1028,0,0,0,0,0,1,1,0,0,0,-17.54508457,0,0,0,0,3,1,1,5,10,0,0,0,3,1,1,5,1000,0,0,0,0,0,0,0,0,0,0,0,0,0,0,0,0,0,0,0,0,0,0,0,0,0,0,0,0,0,0,0,0,0,0,0,0,0,0,0,0,0,0,0,0,0,0,0,0,0,0,0
1986,25,1,44,54.17,2,7,0,-1,1,0,1,1,25,0,0,0,1028,0,0,0,0,0,1,1,0,0,0,-17.63273724,0,0,0,0,3,1,1,5,10,0,0,0,3,1,1,5,1000,0,0,0,0,0,0,0,0,0,0,0,0,0,0,0,0,0,0,0,0,0,0,0,0,0,0,0,0,0,0,0,0,0,0,0,0,0,0,0,0,0,0,0,0,0,0,0,0,0,0,0
1986,25,1,46,30.17,2,7,0,-1,1,0,1,1,25,0,0,0,1028,0,0,0,0,0,1,1,0,0,0,-17.72040765,0,0,0,0,3,1,1,5,10,0,0,0,3,1,1,5,1000,0,0,0,0,0,0,0,0,0,0,0,0,0,0,0,0,0,0,0,0,0,0,0,0,0,0,0,0,0,0,0,0,0,0,0,0,0,0,0,0,0,0,0,0,0,0,0,0,0,0,0
1986,25,1,48,6.17,2,7,0,-1,1,0,1,1,25,0,0,0,1028,0,0,0,0,0,1,1,0,0,0,-17.80809545,0,0,0,0,3,1,1,5,10,0,0,0,3,1,1,5,1000,0,0,0,0,0,0,0,0,0,0,0,0,0,0,0,0,0,0,0,0,0,0,0,0,0,0,0,0,0,0,0,0,0,0,0,0,0,0,0,0,0,0,0,0,0,0,0,0,0,0,0
1986,25,1,49,42.17,2,7,0,-1,1,0,1,1,25,0,0,0,1028,0,0,0,0,0,1,1,0,0,0,-17.89580027,0,0,0,0,3,1,1,5,10,0,0,0,3,1,1,5,1000,0,0,0,0,0,0,0,0,0,0,0,0,0,0,0,0,0,0,0,0,0,0,0,0,0,0,0,0,0,0,0,0,0,0,0,0,0,0,0,0,0,0,0,0,0,0,0,0,0,0,0
1986,25,1,51,18.17,2,7,0,-1,1,0,1,1,25,0,0,0,1028,0,0,0,0,0,1,1,0,0,0,-17.98352178,0,0,0,0,3,1,1,5,10,0,0,0,3,1,1,5,1000,0,0,0,0,0,0,0,0,0,0,0,0,0,0,0,0,0,0,0,0,0,0,0,0,0,0,0,0,0,0,0,0,0,0,0,0,0,0,0,0,0,0,0,0,0,0,0,0,0,0,0
1986,25,1,55,18.17,2,7,0,-1,1,0,1,1,25,0,0,0,1028,0,0,0,0,0,1,1,0,0,0,-18.20289628,0,0,0,0,3,1,1,5,10,0,0,0,3,1,1,5,1000,0,0,0,0,0,0,0,0,0,0,0,0,0,0,0,0,0,0,0,0,0,0,0,0,0,0,0,0,0,0,0,0,0,0,0,0,0,0,0,0,0,0,0,0,0,0,0,0,0,0,0
1986,25,1,56,54.17,2,7,0,-1,1,0,1,1,25,0,0,0,1028,0,0,0,0,0,1,1,0,0,0,-18.29067351,0,0,0,0,3,1,1,5,10,0,0,0,3,1,1,5,1000,0,0,0,0,0,0,0,0,0,0,0,0,0,0,0,0,0,0,0,0,0,0,0,0,0,0,0,0,0,0,0,0,0,0,0,0,0,0,0,0,0,0,0,0,0,0,0,0,0,0,0
1986,25,1,58,30.169,2,7,0,-1,1,0,1,1,25,0,0,0,1028,0,0,0,0,0,1,1,0,0,0,-18.37846502,0,0,0,0,3,1,1,5,10,0,0,0,3,1,1,5,1000,0,0,0,0,0,0,0,0,0,0,0,0,0,0,0,0,0,0,0,0,0,0,0,0,0,0,0,0,0,0,0,0,0,0,0,0,0,0,0,0,0,0,0,0,0,0,0,0,0,0,0
1986,25,2,0,6.169,2,7,0,-1,1,0,1,1,25,0,0,0,1028,0,0,0,0,0,1,1,0,0,0,-18.46627233,0,0,0,0,3,1,1,5,10,0,0,0,3,1,1,5,1000,0,0,0,0,0,0,0,0,0,0,0,0,0,0,0,0,0,0,0,0,0,0,0,0,0,0,0,0,0,0,0,0,0,0,0,0,0,0,0,0,0,0,0,0,0,0,0,0,0,0,0
1986,25,2,10,30.169,2,7,0,-1,1,0,1,1,25,0,0,0,1028,0,0,0,0,0,1,1,0,0,0,-19.03736221,0,0,0,0,3,1,1,5,10,0,0,0,3,1,1,5,1000,0,0,0,0,0,0,0,0,0,0,0,0,0,0,0,0,0,0,0,0,0,0,0,0,0,0,0,0,0,0,0,0,0,0,0,0,0,0,0,0,0,0,0,0,0,0,0,0,0,0,0
1986,25,2,12,6.169,2,7,0,-1,1,0,1,1,25,0,0,0,1028,0,0,0,0,0,1,1,0,0,0,-19.12527187,0,0,0,0,3,1,1,5,10,0,0,0,3,1,1,5,1000,0,0,0,0,0,0,0,0,0,0,0,0,0,0,0,0,0,0,0,0,0,0,0,0,0,0,0,0,0,0,0,0,0,0,0,0,0,0,0,0,0,0,0,0,0,0,0,0,0,0,0
1986,25,2,13,42.168,2,7,0,-1,1,0,1,1,25,0,0,0,1028,0,0,0,0,0,1,1,0,0,0,-19.21319309,0,0,0,0,3,1,1,5,10,0,0,0,3,1,1,5,1000,0,0,0,0,0,0,0,0,0,0,0,0,0,0,0,0,0,0,0,0,0,0,0,0,0,0,0,0,0,0,0,0,0,0,0,0,0,0,0,0,0,0,0,0,0,0,0,0,0,0,0
1986,25,2,19,18.168,2,7,0,-1,1,0,1,1,25,0,0,0,1028,0,0,0,0,0,1,1,0,0,0,-19.52101526,0,0,0,0,3,1,1,5,10,0,0,0,3,1,1,5,1000,0,0,0,0,0,0,0,0,0,0,0,0,0,0,0,0,0,0,0,0,0,0,0,0,0,0,0,0,0,0,0,0,0,0,0,0,0,0,0,0,0,0,0,0,0,0,0,0,0,0,0
1986,25,2,20,54.168,2,7,0,-1,1,0,1,1,25,0,0,0,1028,0,0,0,0,0,1,1,0,0,0,-19.60899049,0,0,0,0,3,1,1,5,10,0,0,0,3,1,1,5,1000,0,0,0,0,0,0,0,0,0,0,0,0,0,0,0,0,0,0,0,0,0,0,0,0,0,0,0,0,0,0,0,0,0,0,0,0,0,0,0,0,0,0,0,0,0,0,0,0,0,0,0
1986,25,2,25,42.168,2,7,0,-1,1,0,1,1,25,0,0,0,1028,0,0,0,0,0,1,1,0,0,0,-19.87298209,0,0,0,0,3,1,1,5,10,0,0,0,3,1,1,5,1000,0,0,0,0,0,0,0,0,0,0,0,0,0,0,0,0,0,0,0,0,0,0,0,0,0,0,0,0,0,0,0,0,0,0,0,0,0,0,0,0,0,0,0,0,0,0,0,0,0,0,0
1986,25,2,27,18.167,2,7,0,-1,1,0,1,1,25,0,0,0,1028,0,0,0,0,0,1,1,0,0,0,-19.96100006,0,0,0,0,3,1,1,5,10,0,0,0,3,1,1,5,1000,0,0,0,0,0,0,0,0,0,0,0,0,0,0,0,0,0,0,0,0,0,0,0,0,0,0,0,0,0,0,0,0,0,0,0,0,0,0,0,0,0,0,0,0,0,0,0,0,0,0,0
1986,25,2,31,18.167,2,7,0,-1,1,0,1,1,25,0,0,0,1028,0,0,0,0,0,1,1,0,0,0,-20.18109004,0,0,0,0,3,1,1,5,10,0,0,0,3,1,1,5,1000,0,0,0,0,0,0,0,0,0,0,0,0,0,0,0,0,0,0,0,0,0,0,0,0,0,0,0,0,0,0,0,0,0,0,0,0,0,0,0,0,0,0,0,0,0,0,0,0,0,0,0
1986,25,2,32,54.167,2,7,0,-1,1,0,1,1,25,0,0,0,1028,0,0,0,0,0,1,1,0,0,0,-20.26914341,0,0,0,0,3,1,1,5,10,0,0,0,3,1,1,5,1000,0,0,0,0,0,0,0,0,0,0,0,0,0,0,0,0,0,0,0,0,0,0,0,0,0,0,0,0,0,0,0,0,0,0,0,0,0,0,0,0,0,0,0,0,0,0,0,0,0,0,0
1986,25,2,34,30.167,2,7,0,-1,1,0,1,1,25,0,0,0,1028,0,0,0,0,0,1,1,0,0,0,-20.35720631,0,0,0,0,3,1,1,5,10,0,0,0,3,1,1,5,1000,0,0,0,0,0,0,0,0,0,0,0,0,0,0,0,0,0,0,0,0,0,0,0,0,0,0,0,0,0,0,0,0,0,0,0,0,0,0,0,0,0,0,0,0,0,0,0,0,0,0,0
1986,25,2,36,6.167,2,7,0,-1,1,0,1,1,25,0,0,0,1028,0,0,0,0,0,1,1,0,0,0,-20.44527854,0,0,0,0,3,1,1,5,10,0,0,0,3,1,1,5,1000,0,0,0,0,0,0,0,0,0,0,0,0,0,0,0,0,0,0,0,0,0,0,0,0,0,0,0,0,0,0,0,0,0,0,0,0,0,0,0,0,0,0,0,0,0,0,0,0,0,0,0
1986,25,2,37,42.167,2,7,0,-1,1,0,1,1,25,0,0,0,1028,0,0,0,0,0,1,1,0,0,0,-20.5333599,0,0,0,0,3,1,1,5,10,0,0,0,3,1,1,5,1000,0,0,0,0,0,0,0,0,0,0,0,0,0,0,0,0,0,0,0,0,0,0,0,0,0,0,0,0,0,0,0,0,0,0,0,0,0,0,0,0,0,0,0,0,0,0,0,0,0,0,0
1986,25,2,39,18.167,2,7,0,-1,1,0,1,1,25,0,0,0,1028,0,0,0,0,0,1,1,0,0,0,-20.6214502,0,0,0,0,3,1,1,5,10,0,0,0,3,1,1,5,1000,0,0,0,0,0,0,0,0,0,0,0,0,0,0,0,0,0,0,0,0,0,0,0,0,0,0,0,0,0,0,0,0,0,0,0,0,0,0,0,0,0,0,0,0,0,0,0,0,0,0,0
1986,25,2,43,18.166,2,7,0,-1,1,0,1,1,25,0,0,0,1028,0,0,0,0,0,1,1,0,0,0,-20.84171293,0,0,0,0,3,1,1,5,10,0,0,0,3,1,1,5,1000,0,0,0,0,0,0,0,0,0,0,0,0,0,0,0,0,0,0,0,0,0,0,0,0,0,0,0,0,0,0,0,0,0,0,0,0,0,0,0,0,0,0,0,0,0,0,0,0,0,0,0
1986,25,2,44,54.166,2,7,0,-1,1,0,1,1,25,0,0,0,1028,0,0,0,0,0,1,1,0,0,0,-20.92983308,0,0,0,0,3,1,1,5,10,0,0,0,3,1,1,5,1000,0,0,0,0,0,0,0,0,0,0,0,0,0,0,0,0,0,0,0,0,0,0,0,0,0,0,0,0,0,0,0,0,0,0,0,0,0,0,0,0,0,0,0,0,0,0,0,0,0,0,0
1986,25,2,46,30.166,2,7,0,-1,1,0,1,1,25,0,0,0,1028,0,0,0,0,0,1,1,0,0,0,-21.01796136,0,0,0,0,3,1,1,5,10,0,0,0,3,1,1,5,1000,0,0,0,0,0,0,0,0,0,0,0,0,0,0,0,0,0,0,0,0,0,0,0,0,0,0,0,0,0,0,0,0,0,0,0,0,0,0,0,0,0,0,0,0,0,0,0,0,0,0,0
1986,25,2,48,6.166,2,7,0,-1,1,0,1,1,25,0,0,0,1028,0,0,0,0,0,1,1,0,0,0,-21.10609759,0,0,0,0,3,1,1,5,10,0,0,0,3,1,1,5,1000,0,0,0,0,0,0,0,0,0,0,0,0,0,0,0,0,0,0,0,0,0,0,0,0,0,0,0,0,0,0,0,0,0,0,0,0,0,0,0,0,0,0,0,0,0,0,0,0,0,0,0
1986,25,2,49,42.165,2,7,0,-1,1,0,1,1,25,0,0,0,1028,0,0,0,0,0,1,1,0,0,0,-21.1942407,0,0,0,0,3,1,1,5,10,0,0,0,3,1,1,5,1000,0,0,0,0,0,0,0,0,0,0,0,0,0,0,0,0,0,0,0,0,0,0,0,0,0,0,0,0,0,0,0,0,0,0,0,0,0,0,0,0,0,0,0,0,0,0,0,0,0,0,0
1986,25,2,51,18.166,2,7,0,-1,1,0,1,1,25,0,0,0,1028,0,0,0,0,0,1,1,0,0,0,-21.28239326,0,0,0,0,3,1,1,5,10,0,0,0,3,1,1,5,1000,0,0,0,0,0,0,0,0,0,0,0,0,0,0,0,0,0,0,0,0,0,0,0,0,0,0,0,0,0,0,0,0,0,0,0,0,0,0,0,0,0,0,0,0,0,0,0,0,0,0,0
1986,25,2,55,18.166,2,7,0,-1,1,0,1,1,25,0,0,0,1028,0,0,0,0,0,1,1,0,0,0,-21.50280468,0,0,0,0,3,1,1,5,10,0,0,0,3,1,1,5,1000,0,0,0,0,0,0,0,0,0,0,0,0,0,0,0,0,0,0,0,0,0,0,0,0,0,0,0,0,0,0,0,0,0,0,0,0,0,0,0,0,0,0,0,0,0,0,0,0,0,0,0
1986,25,2,56,54.166,2,7,0,-1,1,0,1,1,25,0,0,0,1028,0,0,0,0,0,1,1,0,0,0,-21.59098175,0,0,0,0,3,1,1,5,10,0,0,0,3,1,1,5,1000,0,0,0,0,0,0,0,0,0,0,0,0,0,0,0,0,0,0,0,0,0,0,0,0,0,0,0,0,0,0,0,0,0,0,0,0,0,0,0,0,0,0,0,0,0,0,0,0,0,0,0
1986,25,2,58,30.165,2,7,0,-1,1,0,1,1,25,0,0,0,1028,0,0,0,0,0,1,1,0,0,0,-21.67916483,0,0,0,0,3,1,1,5,10,0,0,0,3,1,1,5,1000,0,0,0,0,0,0,0,0,0,0,0,0,0,0,0,0,0,0,0,0,0,0,0,0,0,0,0,0,0,0,0,0,0,0,0,0,0,0,0,0,0,0,0,0,0,0,0,0,0,0,0
1986,25,3,0,6.165,2,7,0,-1,1,0,1,1,25,0,0,0,1028,0,0,0,0,0,1,1,0,0,0,-21.76735559,0,0,0,0,3,1,1,5,10,0,0,0,3,1,1,5,1000,0,0,0,0,0,0,0,0,0,0,0,0,0,0,0,0,0,0,0,0,0,0,0,0,0,0,0,0,0,0,0,0,0,0,0,0,0,0,0,0,0,0,0,0,0,0,0,0,0,0,0
1986,25,3,1,42.165,2,7,0,-1,1,0,1,1,25,0,0,0,1028,0,0,0,0,0,1,1,0,0,0,-21.85555298,0,0,0,0,3,1,1,5,10,0,0,0,3,1,1,5,1000,0,0,0,0,0,0,0,0,0,0,0,0,0,0,0,0,0,0,0,0,0,0,0,0,0,0,0,0,0,0,0,0,0,0,0,0,0,0,0,0,0,0,0,0,0,0,0,0,0,0,0
1986,25,3,3,18.165,2,7,0,-1,1,0,1,1,25,0,0,0,1028,0,0,0,0,0,1,1,0,0,0,-21.94375685,0,0,0,0,3,1,1,5,10,0,0,0,3,1,1,5,1000,0,0,0,0,0,0,0,0,0,0,0,0,0,0,0,0,0,0,0,0,0,0,0,0,0,0,0,0,0,0,0,0,0,0,0,0,0,0,0,0,0,0,0,0,0,0,0,0,0,0,0
1986,25,3,7,18.165,2,7,0,-1,1,0,1,1,25,0,0,0,1028,0,0,0,0,0,1,1,0,0,0,-22.16429395,0,0,0,0,3,1,1,5,10,0,0,0,3,1,1,5,1000,0,0,0,0,0,0,0,0,0,0,0,0,0,0,0,0,0,0,0,0,0,0,0,0,0,0,0,0,0,0,0,0,0,0,0,0,0,0,0,0,0,0,0,0,0,0,0,0,0,0,0
1986,25,3,8,54.165,2,7,0,-1,1,0,1,1,25,0,0,0,1028,0,0,0,0,0,1,1,0,0,0,-22.2525194,0,0,0,0,3,1,1,5,10,0,0,0,3,1,1,5,1000,0,0,0,0,0,0,0,0,0,0,0,0,0,0,0,0,0,0,0,0,0,0,0,0,0,0,0,0,0,0,0,0,0,0,0,0,0,0,0,0,0,0,0,0,0,0,0,0,0,0,0
1986,25,3,10,30.165,2,7,0,-1,1,0,1,1,25,0,0,0,1028,0,0,0,0,0,1,1,0,0,0,-22.34075073,0,0,0,0,3,1,1,5,10,0,0,0,3,1,1,5,1000,0,0,0,0,0,0,0,0,0,0,0,0,0,0,0,0,0,0,0,0,0,0,0,0,0,0,0,0,0,0,0,0,0,0,0,0,0,0,0,0,0,0,0,0,0,0,0,0,0,0,0
1986,25,3,12,6.165,2,7,0,-1,1,0,1,1,25,0,0,0,1028,0,0,0,0,0,1,1,0,0,0,-22.42898779,0,0,0,0,3,1,1,5,10,0,0,0,3,1,1,5,1000,0,0,0,0,0,0,0,0,0,0,0,0,0,0,0,0,0,0,0,0,0,0,0,0,0,0,0,0,0,0,0,0,0,0,0,0,0,0,0,0,0,0,0,0,0,0,0,0,0,0,0
1986,25,3,13,42.164,2,7,0,-1,1,0,1,1,25,0,0,0,1028,0,0,0,0,0,1,1,0,0,0,-22.51722954,0,0,0,0,3,1,1,5,10,0,0,0,3,1,1,5,1000,0,0,0,0,0,0,0,0,0,0,0,0,0,0,0,0,0,0,0,0,0,0,0,0,0,0,0,0,0,0,0,0,0,0,0,0,0,0,0,0,0,0,0,0,0,0,0,0,0,0,0
1986,25,3,15,18.164,2,7,0,-1,1,0,1,1,25,0,0,0,1028,0,0,0,0,0,1,1,0,0,0,-22.60547769,0,0,0,0,3,1,1,5,10,0,0,0,3,1,1,5,1000,0,0,0,0,0,0,0,0,0,0,0,0,0,0,0,0,0,0,0,0,0,0,0,0,0,0,0,0,0,0,0,0,0,0,0,0,0,0,0,0,0,0,0,0,0,0,0,0,0,0,0
1986,25,3,19,18.164,2,7,0,-1,1,0,1,1,25,0,0,0,1028,0,0,0,0,0,1,1,0,0,0,-22.82612128,0,0,0,0,3,1,1,5,10,0,0,0,3,1,1,5,1000,0,0,0,0,0,0,0,0,0,0,0,0,0,0,0,0,0,0,0,0,0,0,0,0,0,0,0,0,0,0,0,0,0,0,0,0,0,0,0,0,0,0,0,0,0,0,0,0,0,0,0
1986,25,3,20,54.164,2,7,0,-1,1,0,1,1,25,0,0,0,1028,0,0,0,0,0,1,1,0,0,0,-22.91438768,0,0,0,0,3,1,1,5,10,0,0,0,3,1,1,5,1000,0,0,0,0,0,0,0,0,0,0,0,0,0,0,0,0,0,0,0,0,0,0,0,0,0,0,0,0,0,0,0,0,0,0,0,0,0,0,0,0,0,0,0,0,0,0,0,0,0,0,0
1986,25,3,22,30.164,2,7,0,-1,1,0,1,1,25,0,0,0,1028,0,0,0,0,0,1,1,0,0,0,-23.00265903,0,0,0,0,3,1,1,5,10,0,0,0,3,1,1,5,1000,0,0,0,0,0,0,0,0,0,0,0,0,0,0,0,0,0,0,0,0,0,0,0,0,0,0,0,0,0,0,0,0,0,0,0,0,0,0,0,0,0,0,0,0,0,0,0,0,0,0,0
1986,25,3,24,6.164,2,7,0,-1,1,0,1,1,25,0,0,0,1028,0,0,0,0,0,1,1,0,0,0,-23.09093522,0,0,0,0,3,1,1,5,10,0,0,0,3,1,1,5,1000,0,0,0,0,0,0,0,0,0,0,0,0,0,0,0,0,0,0,0,0,0,0,0,0,0,0,0,0,0,0,0,0,0,0,0,0,0,0,0,0,0,0,0,0,0,0,0,0,0,0,0
1986,25,3,25,42.164,2,7,0,-1,1,0,1,1,25,0,0,0,1028,0,0,0,0,0,1,1,0,0,0,-23.17921614,0,0,0,0,3,1,1,5,10,0,0,0,3,1,1,5,1000,0,0,0,0,0,0,0,0,0,0,0,0,0,0,0,0,0,0,0,0,0,0,0,0,0,0,0,0,0,0,0,0,0,0,0,0,0,0,0,0,0,0,0,0,0,0,0,0,0,0,0
1986,25,3,27,18.164,2,7,0,-1,1,0,1,1,25,0,0,0,1028,0,0,0,0,0,1,1,0,0,0,-23.26750167,0,0,0,0,3,1,1,5,10,0,0,0,3,1,1,5,1000,0,0,0,0,0,0,0,0,0,0,0,0,0,0,0,0,0,0,0,0,0,0,0,0,0,0,0,0,0,0,0,0,0,0,0,0,0,0,0,0,0,0,0,0,0,0,0,0,0,0,0
1986,25,3,31,18.163,2,7,0,-1,1,0,1,1,25,0,0,0,1028,0,0,0,0,0,1,1,0,0,0,-23.48823408,0,0,0,0,3,1,1,5,10,0,0,0,3,1,1,5,1000,0,0,0,0,0,0,0,0,0,0,0,0,0,0,0,0,0,0,0,0,0,0,0,0,0,0,0,0,0,0,0,0,0,0,0,0,0,0,0,0,0,0,0,0,0,0,0,0,0,0,0
1986,25,3,32,54.163,2,7,0,-1,1,0,1,1,25,0,0,0,1028,0,0,0,0,0,1,1,0,0,0,-23.57653494,0,0,0,0,3,1,1,5,10,0,0,0,3,1,1,5,1000,0,0,0,0,0,0,0,0,0,0,0,0,0,0,0,0,0,0,0,0,0,0,0,0,0,0,0,0,0,0,0,0,0,0,0,0,0,0,0,0,0,0,0,0,0,0,0,0,0,0,0
1986,25,3,34,30.163,2,7,0,-1,1,0,1,1,25,0,0,0,1028,0,0,0,0,0,1,1,0,0,0,-23.66483995,0,0,0,0,3,1,1,5,10,0,0,0,3,1,1,5,1000,0,0,0,0,0,0,0,0,0,0,0,0,0,0,0,0,0,0,0,0,0,0,0,0,0,0,0,0,0,0,0,0,0,0,0,0,0,0,0,0,0,0,0,0,0,0,0,0,0,0,0
1986,25,3,36,6.163,2,7,0,-1,1,0,1,1,25,0,0,0,1028,0,0,0,0,0,1,1,0,0,0,-23.753149,0,0,0,0,3,1,1,5,10,0,0,0,3,1,1,5,1000,0,0,0,0,0,0,0,0,0,0,0,0,0,0,0,0,0,0,0,0,0,0,0,0,0,0,0,0,0,0,0,0,0,0,0,0,0,0,0,0,0,0,0,0,0,0,0,0,0,0,0
1986,25,3,37,42.163,2,7,0,-1,1,0,1,1,25,0,0,0,1028,0,0,0,0,0,1,1,0,0,0,-23.84146202,0,0,0,0,3,1,1,5,10,0,0,0,3,1,1,5,1000,0,0,0,0,0,0,0,0,0,0,0,0,0,0,0,0,0,0,0,0,0,0,0,0,0,0,0,0,0,0,0,0,0,0,0,0,0,0,0,0,0,0,0,0,0,0,0,0,0,0,0
1986,25,3,43,18.162,2,7,0,-1,1,0,1,1,25,0,0,0,1028,0,0,0,0,0,1,1,0,0,0,-24.15058687,0,0,0,0,3,1,1,5,10,0,0,0,3,1,1,5,1000,0,0,0,0,0,0,0,0,0,0,0,0,0,0,0,0,0,0,0,0,0,0,0,0,0,0,0,0,0,0,0,0,0,0,0,0,0,0,0,0,0,0,0,0,0,0,0,0,0,0,0
1986,25,3,44,54.162,2,7,0,-1,1,0,1,1,25,0,0,0,1028,0,0,0,0,0,1,1,0,0,0,-24.23891605,0,0,0,0,3,1,1,5,10,0,0,0,3,1,1,5,1000,0,0,0,0,0,0,0,0,0,0,0,0,0,0,0,0,0,0,0,0,0,0,0,0,0,0,0,0,0,0,0,0,0,0,0,0,0,0,0,0,0,0,0,0,0,0,0,0,0,0,0
1986,25,3,46,30.162,2,7,0,-1,1,0,1,1,25,0,0,0,1028,0,0,0,0,0,1,1,0,0,0,-24.32724915,0,0,0,0,3,1,1,5,10,0,0,0,3,1,1,5,1000,0,0,0,0,0,0,0,0,0,0,0,0,0,0,0,0,0,0,0,0,0,0,0,0,0,0,0,0,0,0,0,0,0,0,0,0,0,0,0,0,0,0,0,0,0,0,0,0,0,0,0
1986,25,3,48,6.162,2,7,0,-1,1,0,1,1,25,0,0,0,1028,0,0,0,0,0,1,1,0,0,0,-24.4155856,0,0,0,0,3,1,1,5,10,0,0,0,3,1,1,5,1000,0,0,0,0,0,0,0,0,0,0,0,0,0,0,0,0,0,0,0,0,0,0,0,0,0,0,0,0,0,0,0,0,0,0,0,0,0,0,0,0,0,0,0,0,0,0,0,0,0,0,0
1986,25,3,49,42.162,2,7,0,-1,1,0,1,1,25,0,0,0,1028,0,0,0,0,0,1,1,0,0,0,-24.50392533,0,0,0,0,3,1,1,5,10,0,0,0,3,1,1,5,1000,0,0,0,0,0,0,0,0,0,0,0,0,0,0,0,0,0,0,0,0,0,0,0,0,0,0,0,0,0,0,0,0,0,0,0,0,0,0,0,0,0,0,0,0,0,0,0,0,0,0,0
1986,25,3,51,18.162,2,7,0,-1,1,0,1,1,25,0,0,0,1028,0,0,0,0,0,1,1,0,0,0,-24.59226826,0,0,0,0,3,1,1,5,10,0,0,0,3,1,1,5,1000,0,0,0,0,0,0,0,0,0,0,0,0,0,0,0,0,0,0,0,0,0,0,0,0,0,0,0,0,0,0,0,0,0,0,0,0,0,0,0,0,0,0,0,0,0,0,0,0,0,0,0
1986,25,3,55,18.162,2,7,0,-1,1,0,1,1,25,0,0,0,1028,0,0,0,0,0,1,1,0,0,0,-24.813139,0,0,0,0,3,1,1,5,10,0,0,0,3,1,1,5,1000,0,0,0,0,0,0,0,0,0,0,0,0,0,0,0,0,0,0,0,0,0,0,0,0,0,0,0,0,0,0,0,0,0,0,0,0,0,0,0,0,0,0,0,0,0,0,0,0,0,0,0
1986,25,3,56,54.162,2,7,0,-1,1,0,1,1,25,0,0,0,1028,0,0,0,0,0,1,1,0,0,0,-24.90149246,0,0,0,0,3,1,1,5,10,0,0,0,3,1,1,5,1000,0,0,0,0,0,0,0,0,0,0,0,0,0,0,0,0,0,0,0,0,0,0,0,0,0,0,0,0,0,0,0,0,0,0,0,0,0,0,0,0,0,0,0,0,0,0,0,0,0,0,0
1986,25,3,58,30.161,2,7,0,-1,1,0,1,1,25,0,0,0,1028,0,0,0,0,0,1,1,0,0,0,-24.9898483,0,0,0,0,3,1,1,5,10,0,0,0,3,1,1,5,1000,0,0,0,0,0,0,0,0,0,0,0,0,0,0,0,0,0,0,0,0,0,0,0,0,0,0,0,0,0,0,0,0,0,0,0,0,0,0,0,0,0,0,0,0,0,0,0,0,0,0,0
1986,25,4,0,6.161,2,7,0,-1,1,0,1,1,25,0,0,0,1028,0,0,0,0,0,1,1,0,0,0,-25.07820689,0,0,0,0,3,1,1,5,10,0,0,0,3,1,1,5,1000,0,0,0,0,0,0,0,0,0,0,0,0,0,0,0,0,0,0,0,0,0,0,0,0,0,0,0,0,0,0,0,0,0,0,0,0,0,0,0,0,0,0,0,0,0,0,0,0,0,0,0
1986,25,4,1,42.161,2,7,0,-1,1,0,1,1,25,0,0,0,1028,0,0,0,0,0,1,1,0,0,0,-25.16656863,0,0,0,0,3,1,1,5,10,0,0,0,3,1,1,5,1000,0,0,0,0,0,0,0,0,0,0,0,0,0,0,0,0,0,0,0,0,0,0,0,0,0,0,0,0,0,0,0,0,0,0,0,0,0,0,0,0,0,0,0,0,0,0,0,0,0,0,0
1986,25,4,3,18.161,2,7,0,-1,1,0,1,1,25,0,0,0,1028,0,0,0,0,0,1,1,0,0,0,-25.25493297,0,0,0,0,3,1,1,5,10,0,0,0,3,1,1,5,1000,0,0,0,0,0,0,0,0,0,0,0,0,0,0,0,0,0,0,0,0,0,0,0,0,0,0,0,0,0,0,0,0,0,0,0,0,0,0,0,0,0,0,0,0,0,0,0,0,0,0,0
1986,25,4,7,18.161,2,7,0,-1,1,0,1,1,25,0,0,0,1028,0,0,0,0,0,1,1,0,0,0,-25.47585478,0,0,0,0,3,1,1,5,10,0,0,0,3,1,1,5,1000,0,0,0,0,0,0,0,0,0,0,0,0,0,0,0,0,0,0,0,0,0,0,0,0,0,0,0,0,0,0,0,0,0,0,0,0,0,0,0,0,0,0,0,0,0,0,0,0,0,0,0
1986,25,4,8,54.161,2,7,0,-1,1,0,1,1,25,0,0,0,1028,0,0,0,0,0,1,1,0,0,0,-25.5642277,0,0,0,0,3,1,1,5,10,0,0,0,3,1,1,5,1000,0,0,0,0,0,0,0,0,0,0,0,0,0,0,0,0,0,0,0,0,0,0,0,0,0,0,0,0,0,0,0,0,0,0,0,0,0,0,0,0,0,0,0,0,0,0,0,0,0,0,0
1986,25,4,10,30.161,2,7,0,-1,1,0,1,1,25,0,0,0,1028,0,0,0,0,0,1,1,0,0,0,-25.65260291,0,0,0,0,3,1,1,5,10,0,0,0,3,1,1,5,1000,0,0,0,0,0,0,0,0,0,0,0,0,0,0,0,0,0,0,0,0,0,0,0,0,0,0,0,0,0,0,0,0,0,0,0,0,0,0,0,0,0,0,0,0,0,0,0,0,0,0,0
1986,25,4,12,6.161,2,7,0,-1,1,0,1,1,25,0,0,0,1028,0,0,0,0,0,1,1,0,0,0,-25.74098035,0,0,0,0,3,1,1,5,10,0,0,0,3,1,1,5,1000,0,0,0,0,0,0,0,0,0,0,0,0,0,0,0,0,0,0,0,0,0,0,0,0,0,0,0,0,0,0,0,0,0,0,0,0,0,0,0,0,0,0,0,0,0,0,0,0,0,0,0
1986,25,4,13,42.16,2,7,0,-1,1,0,1,1,25,0,0,0,1028,0,0,0,0,0,1,1,0,0,0,-25.82935949,0,0,0,0,3,1,1,5,10,0,0,0,3,1,1,5,1000,0,0,0,0,0,0,0,0,0,0,0,0,0,0,0,0,0,0,0,0,0,0,0,0,0,0,0,0,0,0,0,0,0,0,0,0,0,0,0,0,0,0,0,0,0,0,0,0,0,0,0
1986,25,4,15,18.16,2,7,0,-1,1,0,1,1,25,0,0,0,1028,0,0,0,0,0,1,1,0,0,0,-25.91774073,0,0,0,0,3,1,1,5,10,0,0,0,3,1,1,5,1000,0,0,0,0,0,0,0,0,0,0,0,0,0,0,0,0,0,0,0,0,0,0,0,0,0,0,0,0,0,0,0,0,0,0,0,0,0,0,0,0,0,0,0,0,0,0,0,0,0,0,0
1986,25,4,19,18.16,2,7,0,-1,1,0,1,1,25,0,0,0,1028,0,0,0,0,0,1,1,0,0,0,-26.13870372,0,0,0,0,3,1,1,5,10,0,0,0,3,1,1,5,1000,0,0,0,0,0,0,0,0,0,0,0,0,0,0,0,0,0,0,0,0,0,0,0,0,0,0,0,0,0,0,0,0,0,0,0,0,0,0,0,0,0,0,0,0,0,0,0,0,0,0,0
1986,25,4,20,54.16,2,7,0,-1,1,0,1,1,25,0,0,0,1028,0,0,0,0,0,1,1,0,0,0,-26.22709226,0,0,0,0,3,1,1,5,10,0,0,0,3,1,1,5,1000,0,0,0,0,0,0,0,0,0,0,0,0,0,0,0,0,0,0,0,0,0,0,0,0,0,0,0,0,0,0,0,0,0,0,0,0,0,0,0,0,0,0,0,0,0,0,0,0,0,0,0
1986,25,4,22,30.16,2,7,0,-1,1,0,1,1,25,0,0,0,1028,0,0,0,0,0,1,1,0,0,0,-26.31548262,0,0,0,0,3,1,1,5,10,0,0,0,3,1,1,5,1000,0,0,0,0,0,0,0,0,0,0,0,0,0,0,0,0,0,0,0,0,0,0,0,0,0,0,0,0,0,0,0,0,0,0,0,0,0,0,0,0,0,0,0,0,0,0,0,0,0,0,0
1986,25,4,24,6.16,2,7,0,-1,1,0,1,1,25,0,0,0,1028,0,0,0,0,0,1,1,0,0,0,-26.40387474,0,0,0,0,3,1,1,5,10,0,0,0,3,1,1,5,1000,0,0,0,0,0,0,0,0,0,0,0,0,0,0,0,0,0,0,0,0,0,0,0,0,0,0,0,0,0,0,0,0,0,0,0,0,0,0,0,0,0,0,0,0,0,0,0,0,0,0,0
1986,25,4,25,42.16,2,7,0,-1,1,0,1,1,25,0,0,0,1028,0,0,0,0,0,1,1,0,0,0,-26.49226856,0,0,0,0,3,1,1,5,10,0,0,0,3,1,1,5,1000,0,0,0,0,0,0,0,0,0,0,0,0,0,0,0,0,0,0,0,0,0,0,0,0,0,0,0,0,0,0,0,0,0,0,0,0,0,0,0,0,0,0,0,0,0,0,0,0,0,0,0
1986,25,4,27,18.16,2,7,0,-1,1,0,1,1,25,0,0,0,1028,0,0,0,0,0,1,1,0,0,0,-26.58066403,0,0,0,0,3,1,1,5,10,0,0,0,3,1,1,5,1000,0,0,0,0,0,0,0,0,0,0,0,0,0,0,0,0,0,0,0,0,0,0,0,0,0,0,0,0,0,0,0,0,0,0,0,0,0,0,0,0,0,0,0,0,0,0,0,0,0,0,0
1986,25,4,31,18.159,2,7,0,-1,1,0,1,1,25,0,0,0,1028,0,0,0,0,0,1,1,0,0,0,-26.80165861,0,0,0,0,3,1,1,5,10,0,0,0,3,1,1,5,1000,0,0,0,0,0,0,0,0,0,0,0,0,0,0,0,0,0,0,0,0,0,0,0,0,0,0,0,0,0,0,0,0,0,0,0,0,0,0,0,0,0,0,0,0,0,0,0,0,0,0,0
1986,25,4,32,54.159,2,7,0,-1,1,0,1,1,25,0,0,0,1028,0,0,0,0,0,1,1,0,0,0,-26.89005939,0,0,0,0,3,1,1,5,10,0,0,0,3,1,1,5,1000,0,0,0,0,0,0,0,0,0,0,0,0,0,0,0,0,0,0,0,0,0,0,0,0,0,0,0,0,0,0,0,0,0,0,0,0,0,0,0,0,0,0,0,0,0,0,0,0,0,0,0
1986,25,4,34,30.159,2,7,0,-1,1,0,1,1,25,0,0,0,1028,0,0,0,0,0,1,1,0,0,0,-26.97846158,0,0,0,0,3,1,1,5,10,0,0,0,3,1,1,5,1000,0,0,0,0,0,0,0,0,0,0,0,0,0,0,0,0,0,0,0,0,0,0,0,0,0,0,0,0,0,0,0,0,0,0,0,0,0,0,0,0,0,0,0,0,0,0,0,0,0,0,0
1986,25,4,36,6.159,2,7,0,-1,1,0,1,1,25,0,0,0,1028,0,0,0,0,0,1,1,0,0,0,-27.06686512,0,0,0,0,3,1,1,5,10,0,0,0,3,1,1,5,1000,0,0,0,0,0,0,0,0,0,0,0,0,0,0,0,0,0,0,0,0,0,0,0,0,0,0,0,0,0,0,0,0,0,0,0,0,0,0,0,0,0,0,0,0,0,0,0,0,0,0,0
1986,25,4,37,42.159,2,7,0,-1,1,0,1,1,25,0,0,0,1028,0,0,0,0,0,1,1,0,0,0,-27.15526995,0,0,0,0,3,1,1,5,10,0,0,0,3,1,1,5,1000,0,0,0,0,0,0,0,0,0,0,0,0,0,0,0,0,0,0,0,0,0,0,0,0,0,0,0,0,0,0,0,0,0,0,0,0,0,0,0,0,0,0,0,0,0,0,0,0,0,0,0
1986,25,4,39,18.159,2,7,0,-1,1,0,1,1,25,0,0,0,1028,0,0,0,0,0,1,1,0,0,0,-27.24367604,0,0,0,0,3,1,1,5,10,0,0,0,3,1,1,5,1000,0,0,0,0,0,0,0,0,0,0,0,0,0,0,0,0,0,0,0,0,0,0,0,0,0,0,0,0,0,0,0,0,0,0,0,0,0,0,0,0,0,0,0,0,0,0,0,0,0,0,0
1986,25,4,43,18.158,2,7,0,-1,1,0,1,1,25,0,0,0,1028,0,0,0,0,0,1,1,0,0,0,-27.46469591,0,0,0,0,3,1,1,5,10,0,0,0,3,1,1,5,1000,0,0,0,0,0,0,0,0,0,0,0,0,0,0,0,0,0,0,0,0,0,0,0,0,0,0,0,0,0,0,0,0,0,0,0,0,0,0,0,0,0,0,0,0,0,0,0,0,0,0,0
1986,25,4,44,54.158,2,7,0,-1,1,0,1,1,25,0,0,0,1028,0,0,0,0,0,1,1,0,0,0,-27.55310551,0,0,0,0,3,1,1,5,10,0,0,0,3,1,1,5,1000,0,0,0,0,0,0,0,0,0,0,0,0,0,0,0,0,0,0,0,0,0,0,0,0,0,0,0,0,0,0,0,0,0,0,0,0,0,0,0,0,0,0,0,0,0,0,0,0,0,0,0
1986,25,4,46,30.158,2,7,0,-1,1,0,1,1,25,0,0,0,1028,0,0,0,0,0,1,1,0,0,0,-27.64151661,0,0,0,0,3,1,1,5,10,0,0,0,3,1,1,5,1000,0,0,0,0,0,0,0,0,0,0,0,0,0,0,0,0,0,0,0,0,0,0,0,0,0,0,0,0,0,0,0,0,0,0,0,0,0,0,0,0,0,0,0,0,0,0,0,0,0,0,0
1986,25,4,48,6.158,2,7,0,-1,1,0,1,1,25,0,0,0,1028,0,0,0,0,0,1,1,0,0,0,-27.72992869,0,0,0,0,3,1,1,5,10,0,0,0,3,1,1,5,1000,0,0,0,0,0,0,0,0,0,0,0,0,0,0,0,0,0,0,0,0,0,0,0,0,0,0,0,0,0,0,0,0,0,0,0,0,0,0,0,0,0,0,0,0,0,0,0,0,0,0,0
1986,25,4,49,42.158,2,7,0,-1,1,0,1,1,25,0,0,0,1028,0,0,0,0,0,1,1,0,0,0,-27.81834171,0,0,0,0,3,1,1,5,10,0,0,0,3,1,1,5,1000,0,0,0,0,0,0,0,0,0,0,0,0,0,0,0,0,0,0,0,0,0,0,0,0,0,0,0,0,0,0,0,0,0,0,0,0,0,0,0,0,0,0,0,0,0,0,0,0,0,0,0
1986,25,4,51,18.158,2,7,0,-1,1,0,1,1,25,0,0,0,1028,0,0,0,0,0,1,1,0,0,0,-27.90675562,0,0,0,0,3,1,1,5,10,0,0,0,3,1,1,5,1000,0,0,0,0,0,0,0,0,0,0,0,0,0,0,0,0,0,0,0,0,0,0,0,0,0,0,0,0,0,0,0,0,0,0,0,0,0,0,0,0,0,0,0,0,0,0,0,0,0,0,0
1986,25,4,55,18.158,2,7,0,-1,1,0,1,1,25,0,0,0,1028,0,0,0,0,0,1,1,0,0,0,-28.12779404,0,0,0,0,3,1,1,5,10,0,0,0,3,1,1,5,1000,0,0,0,0,0,0,0,0,0,0,0,0,0,0,0,0,0,0,0,0,0,0,0,0,0,0,0,0,0,0,0,0,0,0,0,0,0,0,0,0,0,0,0,0,0,0,0,0,0,0,0
1986,25,4,56,54.158,2,7,0,-1,1,0,1,1,25,0,0,0,1028,0,0,0,0,0,1,1,0,0,0,-28.21621075,0,0,0,0,3,1,1,5,10,0,0,0,3,1,1,5,1000,0,0,0,0,0,0,0,0,0,0,0,0,0,0,0,0,0,0,0,0,0,0,0,0,0,0,0,0,0,0,0,0,0,0,0,0,0,0,0,0,0,0,0,0,0,0,0,0,0,0,0
1986,25,4,58,30.157,2,7,0,-1,1,0,1,1,25,0,0,0,1028,0,0,0,0,0,1,1,0,0,0,-28.30462771,0,0,0,0,3,1,1,5,10,0,0,0,3,1,1,5,1000,0,0,0,0,0,0,0,0,0,0,0,0,0,0,0,0,0,0,0,0,0,0,0,0,0,0,0,0,0,0,0,0,0,0,0,0,0,0,0,0,0,0,0,0,0,0,0,0,0,0,0
1986,25,5,0,6.157,2,7,0,-1,1,0,1,1,25,0,0,0,1028,0,0,0,0,0,1,1,0,0,0,-28.39304533,0,0,0,0,3,1,1,5,10,0,0,0,3,1,1,5,1000,0,0,0,0,0,0,0,0,0,0,0,0,0,0,0,0,0,0,0,0,0,0,0,0,0,0,0,0,0,0,0,0,0,0,0,0,0,0,0,0,0,0,0,0,0,0,0,0,0,0,0
1986,25,5,1,42.157,2,7,0,-1,1,0,1,1,25,0,0,0,1028,0,0,0,0,0,1,1,0,0,0,-28.48146404,0,0,0,0,3,1,1,5,10,0,0,0,3,1,1,5,1000,0,0,0,0,0,0,0,0,0,0,0,0,0,0,0,0,0,0,0,0,0,0,0,0,0,0,0,0,0,0,0,0,0,0,0,0,0,0,0,0,0,0,0,0,0,0,0,0,0,0,0
1986,25,5,3,18.157,2,7,0,-1,1,0,1,1,25,0,0,0,1028,0,0,0,0,0,1,1,0,0,0,-28.56988333,0,0,0,0,3,1,1,5,10,0,0,0,3,1,1,5,1000,0,0,0,0,0,0,0,0,0,0,0,0,0,0,0,0,0,0,0,0,0,0,0,0,0,0,0,0,0,0,0,0,0,0,0,0,0,0,0,0,0,0,0,0,0,0,0,0,0,0,0
1986,25,5,7,18.157,2,7,0,-1,1,0,1,1,25,0,0,0,1028,0,0,0,0,0,1,1,0,0,0,-28.79093387,0,0,0,0,3,1,1,5,10,0,0,0,3,1,1,5,1000,0,0,0,0,0,0,0,0,0,0,0,0,0,0,0,0,0,0,0,0,0,0,0,0,0,0,0,0,0,0,0,0,0,0,0,0,0,0,0,0,0,0,0,0,0,0,0,0,0,0,0
1986,25,5,8,54.157,2,7,0,-1,1,0,1,1,25,0,0,0,1028,0,0,0,0,0,1,1,0,0,0,-28.87935492,0,0,0,0,3,1,1,5,10,0,0,0,3,1,1,5,1000,0,0,0,0,0,0,0,0,0,0,0,0,0,0,0,0,0,0,0,0,0,0,0,0,0,0,0,0,0,0,0,0,0,0,0,0,0,0,0,0,0,0,0,0,0,0,0,0,0,0,0
1986,25,5,10,30.157,2,7,0,-1,1,0,1,1,25,0,0,0,1028,0,0,0,0,0,1,1,0,0,0,-28.96777638,0,0,0,0,3,1,1,5,10,0,0,0,3,1,1,5,1000,0,0,0,0,0,0,0,0,0,0,0,0,0,0,0,0,0,0,0,0,0,0,0,0,0,0,0,0,0,0,0,0,0,0,0,0,0,0,0,0,0,0,0,0,0,0,0,0,0,0,0
1986,25,5,12,6.157,2,7,0,-1,1,0,1,1,25,0,0,0,1028,0,0,0,0,0,1,1,0,0,0,-29.05619822,0,0,0,0,3,1,1,5,10,0,0,0,3,1,1,5,1000,0,0,0,0,0,0,0,0,0,0,0,0,0,0,0,0,0,0,0,0,0,0,0,0,0,0,0,0,0,0,0,0,0,0,0,0,0,0,0,0,0,0,0,0,0,0,0,0,0,0,0
1986,25,5,13,42.156,2,7,0,-1,1,0,1,1,25,0,0,0,1028,0,0,0,0,0,1,1,0,0,0,-29.14461995,0,0,0,0,3,1,1,5,10,0,0,0,3,1,1,5,1000,0,0,0,0,0,0,0,0,0,0,0,0,0,0,0,0,0,0,0,0,0,0,0,0,0,0,0,0,0,0,0,0,0,0,0,0,0,0,0,0,0,0,0,0,0,0,0,0,0,0,0
1986,25,5,15,18.156,2,7,0,-1,1,0,1,1,25,0,0,0,1028,0,0,0,0,0,1,1,0,0,0,-29.23304199,0,0,0,0,3,1,1,5,10,0,0,0,3,1,1,5,1000,0,0,0,0,0,0,0,0,0,0,0,0,0,0,0,0,0,0,0,0,0,0,0,0,0,0,0,0,0,0,0,0,0,0,0,0,0,0,0,0,0,0,0,0,0,0,0,0,0,0,0
1986,25,5,19,18.156,2,7,0,-1,1,0,1,1,25,0,0,0,1028,0,0,0,0,0,1,1,0,0,0,-29.45409938,0,0,0,0,3,1,1,5,10,0,0,0,3,1,1,5,1000,0,0,0,0,0,0,0,0,0,0,0,0,0,0,0,0,0,0,0,0,0,0,0,0,0,0,0,0,0,0,0,0,0,0,0,0,0,0,0,0,0,0,0,0,0,0,0,0,0,0,0
1986,25,5,20,54.156,2,7,0,-1,1,0,1,1,25,0,0,0,1028,0,0,0,0,0,1,1,0,0,0,-29.54252271,0,0,0,0,3,1,1,5,10,0,0,0,3,1,1,5,1000,0,0,0,0,0,0,0,0,0,0,0,0,0,0,0,0,0,0,0,0,0,0,0,0,0,0,0,0,0,0,0,0,0,0,0,0,0,0,0,0,0,0,0,0,0,0,0,0,0,0,0
1986,25,5,25,42.156,2,7,0,-1,1,0,1,1,25,0,0,0,1028,0,0,0,0,0,1,1,0,0,0,-29.80779354,0,0,0,0,3,1,1,5,10,0,0,0,3,1,1,5,1000,0,0,0,0,0,0,0,0,0,0,0,0,0,0,0,0,0,0,0,0,0,0,0,0,0,0,0,0,0,0,0,0,0,0,0,0,0,0,0,0,0,0,0,0,0,0,0,0,0,0,0
1986,25,5,27,18.156,2,7,0,-1,1,0,1,1,25,0,0,0,1028,0,0,0,0,0,1,1,0,0,0,-29.89621733,0,0,0,0,3,1,1,5,10,0,0,0,3,1,1,5,1000,0,0,0,0,0,0,0,0,0,0,0,0,0,0,0,0,0,0,0,0,0,0,0,0,0,0,0,0,0,0,0,0,0,0,0,0,0,0,0,0,0,0,0,0,0,0,0,0,0,0,0
1986,25,5,31,18.155,2,7,0,-1,1,0,1,1,25,0,0,0,1028,0,0,0,0,0,1,1,0,0,0,-30.117276,0,0,0,0,3,1,1,5,10,0,0,0,3,1,1,5,1000,0,0,0,0,0,0,0,0,0,0,0,0,0,0,0,0,0,0,0,0,0,0,0,0,0,0,0,0,0,0,0,0,0,0,0,0,0,0,0,0,0,0,0,0,0,0,0,0,0,0,0
1986,25,5,32,54.155,2,7,0,-1,1,0,1,1,25,0,0,0,1028,0,0,0,0,0,1,1,0,0,0,-30.2056998,0,0,0,0,3,1,1,5,10,0,0,0,3,1,1,5,1000,0,0,0,0,0,0,0,0,0,0,0,0,0,0,0,0,0,0,0,0,0,0,0,0,0,0,0,0,0,0,0,0,0,0,0,0,0,0,0,0,0,0,0,0,0,0,0,0,0,0,0
1986,25,5,34,30.155,2,7,0,-1,1,0,1,1,25,0,0,0,1028,0,0,0,0,0,1,1,0,0,0,-30.29412354,0,0,0,0,3,1,1,5,10,0,0,0,3,1,1,5,1000,0,0,0,0,0,0,0,0,0,0,0,0,0,0,0,0,0,0,0,0,0,0,0,0,0,0,0,0,0,0,0,0,0,0,0,0,0,0,0,0,0,0,0,0,0,0,0,0,0,0,0
1986,25,5,36,6.155,2,7,0,-1,1,0,1,1,25,0,0,0,1028,0,0,0,0,0,1,1,0,0,0,-30.38254718,0,0,0,0,3,1,1,5,10,0,0,0,3,1,1,5,1000,0,0,0,0,0,0,0,0,0,0,0,0,0,0,0,0,0,0,0,0,0,0,0,0,0,0,0,0,0,0,0,0,0,0,0,0,0,0,0,0,0,0,0,0,0,0,0,0,0,0,0
1986,25,5,37,42.155,2,7,0,-1,1,0,1,1,25,0,0,0,1028,0,0,0,0,0,1,1,0,0,0,-30.47097071,0,0,0,0,3,1,1,5,10,0,0,0,3,1,1,5,1000,0,0,0,0,0,0,0,0,0,0,0,0,0,0,0,0,0,0,0,0,0,0,0,0,0,0,0,0,0,0,0,0,0,0,0,0,0,0,0,0,0,0,0,0,0,0,0,0,0,0,0
1986,25,5,39,18.155,2,7,0,-1,1,0,1,1,25,0,0,0,1028,0,0,0,0,0,1,1,0,0,0,-30.5593941,0,0,0,0,3,1,1,5,10,0,0,0,3,1,1,5,1000,0,0,0,0,0,0,0,0,0,0,0,0,0,0,0,0,0,0,0,0,0,0,0,0,0,0,0,0,0,0,0,0,0,0,0,0,0,0,0,0,0,0,0,0,0,0,0,0,0,0,0
1986,25,5,43,18.155,2,7,0,-1,1,0,1,1,25,0,0,0,1028,0,0,0,0,0,1,1,0,0,0,-30.78045175,0,0,0,0,3,1,1,5,10,0,0,0,3,1,1,5,1000,0,0,0,0,0,0,0,0,0,0,0,0,0,0,0,0,0,0,0,0,0,0,0,0,0,0,0,0,0,0,0,0,0,0,0,0,0,0,0,0,0,0,0,0,0,0,0,0,0,0,0
1986,25,5,44,54.154,2,7,0,-1,1,0,1,1,25,0,0,0,1028,0,0,0,0,0,1,1,0,0,0,-30.8688735,0,0,0,0,3,1,1,5,10,0,0,0,3,1,1,5,1000,0,0,0,0,0,0,0,0,0,0,0,0,0,0,0,0,0,0,0,0,0,0,0,0,0,0,0,0,0,0,0,0,0,0,0,0,0,0,0,0,0,0,0,0,0,0,0,0,0,0,0
1986,25,5,46,30.154,2,7,0,-1,1,0,1,1,25,0,0,0,1028,0,0,0,0,0,1,1,0,0,0,-30.95729591,0,0,0,0,3,1,1,5,10,0,0,0,3,1,1,5,1000,0,0,0,0,0,0,0,0,0,0,0,0,0,0,0,0,0,0,0,0,0,0,0,0,0,0,0,0,0,0,0,0,0,0,0,0,0,0,0,0,0,0,0,0,0,0,0,0,0,0,0
1986,25,5,48,6.154,2,7,0,-1,1,0,1,1,25,0,0,0,1028,0,0,0,0,0,1,1,0,0,0,-31.04571803,0,0,0,0,3,1,1,5,10,0,0,0,3,1,1,5,1000,0,0,0,0,0,0,0,0,0,0,0,0,0,0,0,0,0,0,0,0,0,0,0,0,0,0,0,0,0,0,0,0,0,0,0,0,0,0,0,0,0,0,0,0,0,0,0,0,0,0,0
1986,25,5,49,42.154,2,7,0,-1,1,0,1,1,25,0,0,0,1028,0,0,0,0,0,1,1,0,0,0,-31.13413984,0,0,0,0,3,1,1,5,10,0,0,0,3,1,1,5,1000,0,0,0,0,0,0,0,0,0,0,0,0,0,0,0,0,0,0,0,0,0,0,0,0,0,0,0,0,0,0,0,0,0,0,0,0,0,0,0,0,0,0,0,0,0,0,0,0,0,0,0
1986,25,5,51,18.154,2,7,0,-1,1,0,1,1,25,0,0,0,1028,0,0,0,0,0,1,1,0,0,0,-31.22256132,0,0,0,0,3,1,1,5,10,0,0,0,3,1,1,5,1000,0,0,0,0,0,0,0,0,0,0,0,0,0,0,0,0,0,0,0,0,0,0,0,0,0,0,0,0,0,0,0,0,0,0,0,0,0,0,0,0,0,0,0,0,0,0,0,0,0,0,0
1986,25,5,55,18.154,2,7,0,-1,1,0,1,1,25,0,0,0,1028,0,0,0,0,0,1,1,0,0,0,-31.4436134,0,0,0,0,3,1,1,5,10,0,0,0,3,1,1,5,1000,0,0,0,0,0,0,0,0,0,0,0,0,0,0,0,0,0,0,0,0,0,0,0,0,0,0,0,0,0,0,0,0,0,0,0,0,0,0,0,0,0,0,0,0,0,0,0,0,0,0,0
1986,25,5,56,54.154,2,7,0,-1,1,0,1,1,25,0,0,0,1028,0,0,0,0,0,1,1,0,0,0,-31.53203353,0,0,0,0,3,1,1,5,10,0,0,0,3,1,1,5,1000,0,0,0,0,0,0,0,0,0,0,0,0,0,0,0,0,0,0,0,0,0,0,0,0,0,0,0,0,0,0,0,0,0,0,0,0,0,0,0,0,0,0,0,0,0,0,0,0,0,0,0
1986,25,5,58,30.154,2,7,0,-1,1,0,1,1,25,0,0,0,1028,0,0,0,0,0,1,1,0,0,0,-31.62045321,0,0,0,0,3,1,1,5,10,0,0,0,3,1,1,5,1000,0,0,0,0,0,0,0,0,0,0,0,0,0,0,0,0,0,0,0,0,0,0,0,0,0,0,0,0,0,0,0,0,0,0,0,0,0,0,0,0,0,0,0,0,0,0,0,0,0,0,0
1986,25,6,0,6.153,2,7,0,-1,1,0,1,1,25,0,0,0,1028,0,0,0,0,0,1,1,0,0,0,-31.70887152,0,0,0,0,3,1,1,5,10,0,0,0,3,1,1,5,1000,0,0,0,0,0,0,0,0,0,0,0,0,0,0,0,0,0,0,0,0,0,0,0,0,0,0,0,0,0,0,0,0,0,0,0,0,0,0,0,0,0,0,0,0,0,0,0,0,0,0,0
1986,25,6,1,42.153,2,7,0,-1,1,0,1,1,25,0,0,0,1028,0,0,0,0,0,1,1,0,0,0,-31.79729027,0,0,0,0,3,1,1,5,10,0,0,0,3,1,1,5,1000,0,0,0,0,0,0,0,0,0,0,0,0,0,0,0,0,0,0,0,0,0,0,0,0,0,0,0,0,0,0,0,0,0,0,0,0,0,0,0,0,0,0,0,0,0,0,0,0,0,0,0
1986,25,6,3,18.153,2,7,0,-1,1,0,1,1,25,0,0,0,1028,0,0,0,0,0,1,1,0,0,0,-31.88570851,0,0,0,0,3,1,1,5,10,0,0,0,3,1,1,5,1000,0,0,0,0,0,0,0,0,0,0,0,0,0,0,0,0,0,0,0,0,0,0,0,0,0,0,0,0,0,0,0,0,0,0,0,0,0,0,0,0,0,0,0,0,0,0,0,0,0,0,0
1986,25,6,7,18.153,2,7,0,-1,1,0,1,1,25,0,0,0,1028,0,0,0,0,0,1,1,0,0,0,-32.10675179,0,0,0,0,3,1,1,5,10,0,0,0,3,1,1,5,1000,0,0,0,0,0,0,0,0,0,0,0,0,0,0,0,0,0,0,0,0,0,0,0,0,0,0,0,0,0,0,0,0,0,0,0,0,0,0,0,0,0,0,0,0,0,0,0,0,0,0,0
1986,25,6,8,54.153,2,7,0,-1,1,0,1,1,25,0,0,0,1028,0,0,0,0,0,1,1,0,0,0,-32.19516811,0,0,0,0,3,1,1,5,10,0,0,0,3,1,1,5,1000,0,0,0,0,0,0,0,0,0,0,0,0,0,0,0,0,0,0,0,0,0,0,0,0,0,0,0,0,0,0,0,0,0,0,0,0,0,0,0,0,0,0,0,0,0,0,0,0,0,0,0
1986,25,6,10,30.153,2,7,0,-1,1,0,1,1,25,0,0,0,1028,0,0,0,0,0,1,1,0,0,0,-32.28358384,0,0,0,0,3,1,1,5,10,0,0,0,3,1,1,5,1000,0,0,0,0,0,0,0,0,0,0,0,0,0,0,0,0,0,0,0,0,0,0,0,0,0,0,0,0,0,0,0,0,0,0,0,0,0,0,0,0,0,0,0,0,0,0,0,0,0,0,0
1986,25,6,12,6.153,2,7,0,-1,1,0,1,1,25,0,0,0,1028,0,0,0,0,0,1,1,0,0,0,-32.37199896,0,0,0,0,3,1,1,5,10,0,0,0,3,1,1,5,1000,0,0,0,0,0,0,0,0,0,0,0,0,0,0,0,0,0,0,0,0,0,0,0,0,0,0,0,0,0,0,0,0,0,0,0,0,0,0,0,0,0,0,0,0,0,0,0,0,0,0,0
1986,25,6,13,42.153,2,7,0,-1,1,0,1,1,25,0,0,0,1028,0,0,0,0,0,1,1,0,0,0,-32.46041345,0,0,0,0,3,1,1,5,10,0,0,0,3,1,1,5,1000,0,0,0,0,0,0,0,0,0,0,0,0,0,0,0,0,0,0,0,0,0,0,0,0,0,0,0,0,0,0,0,0,0,0,0,0,0,0,0,0,0,0,0,0,0,0,0,0,0,0,0
1986,25,6,15,18.152,2,7,0,-1,1,0,1,1,25,0,0,0,1028,0,0,0,0,0,1,1,0,0,0,-32.54882637,0,0,0,0,3,1,1,5,10,0,0,0,3,1,1,5,1000,0,0,0,0,0,0,0,0,0,0,0,0,0,0,0,0,0,0,0,0,0,0,0,0,0,0,0,0,0,0,0,0,0,0,0,0,0,0,0,0,0,0,0,0,0,0,0,0,0,0,0
1986,25,6,19,18.152,2,7,0,-1,1,0,1,1,25,0,0,0,1028,0,0,0,0,0,1,1,0,0,0,-32.76985799,0,0,0,0,3,1,1,5,10,0,0,0,3,1,1,5,1000,0,0,0,0,0,0,0,0,0,0,0,0,0,0,0,0,0,0,0,0,0,0,0,0,0,0,0,0,0,0,0,0,0,0,0,0,0,0,0,0,0,0,0,0,0,0,0,0,0,0,0
1986,25,6,20,54.152,2,7,0,-1,1,0,1,1,25,0,0,0,1028,0,0,0,0,0,1,1,0,0,0,-32.85826941,0,0,0,0,3,1,1,5,10,0,0,0,3,1,1,5,1000,0,0,0,0,0,0,0,0,0,0,0,0,0,0,0,0,0,0,0,0,0,0,0,0,0,0,0,0,0,0,0,0,0,0,0,0,0,0,0,0,0,0,0,0,0,0,0,0,0,0,0
1986,25,6,22,30.152,2,7,0,-1,1,0,1,1,25,0,0,0,1028,0,0,0,0,0,1,1,0,0,0,-32.9466801,0,0,0,0,3,1,1,5,10,0,0,0,3,1,1,5,1000,0,0,0,0,0,0,0,0,0,0,0,0,0,0,0,0,0,0,0,0,0,0,0,0,0,0,0,0,0,0,0,0,0,0,0,0,0,0,0,0,0,0,0,0,0,0,0,0,0,0,0
1986,25,6,24,6.152,2,7,0,-1,1,0,1,1,25,0,0,0,1028,0,0,0,0,0,1,1,0,0,0,-33.03509004,0,0,0,0,3,1,1,5,10,0,0,0,3,1,1,5,1000,0,0,0,0,0,0,0,0,0,0,0,0,0,0,0,0,0,0,0,0,0,0,0,0,0,0,0,0,0,0,0,0,0,0,0,0,0,0,0,0,0,0,0,0,0,0,0,0,0,0,0
1986,25,6,25,42.152,2,7,0,-1,1,0,1,1,25,0,0,0,1028,0,0,0,0,0,1,1,0,0,0,-33.12349921,0,0,0,0,3,1,1,5,10,0,0,0,3,1,1,5,1000,0,0,0,0,0,0,0,0,0,0,0,0,0,0,0,0,0,0,0,0,0,0,0,0,0,0,0,0,0,0,0,0,0,0,0,0,0,0,0,0,0,0,0,0,0,0,0,0,0,0,0
1986,25,6,27,18.152,2,7,0,-1,1,0,1,1,25,0,0,0,1028,0,0,0,0,0,1,1,0,0,0,-33.2119076,0,0,0,0,3,1,1,5,10,0,0,0,3,1,1,5,1000,0,0,0,0,0,0,0,0,0,0,0,0,0,0,0,0,0,0,0,0,0,0,0,0,0,0,0,0,0,0,0,0,0,0,0,0,0,0,0,0,0,0,0,0,0,0,0,0,0,0,0
1986,25,6,31,18.151,2,7,0,-1,1,0,1,1,25,0,0,0,1028,0,0,0,0,0,1,1,0,0,0,-33.43292413,0,0,0,0,3,1,1,5,10,0,0,0,3,1,1,5,1000,0,0,0,0,0,0,0,0,0,0,0,0,0,0,0,0,0,0,0,0,0,0,0,0,0,0,0,0,0,0,0,0,0,0,0,0,0,0,0,0,0,0,0,0,0,0,0,0,0,0,0
1986,25,6,32,54.151,2,7,0,-1,1,0,1,1,25,0,0,0,1028,0,0,0,0,0,1,1,0,0,0,-33.52132967,0,0,0,0,3,1,1,5,10,0,0,0,3,1,1,5,1000,0,0,0,0,0,0,0,0,0,0,0,0,0,0,0,0,0,0,0,0,0,0,0,0,0,0,0,0,0,0,0,0,0,0,0,0,0,0,0,0,0,0,0,0,0,0,0,0,0,0,0
1986,25,6,34,30.151,2,7,0,-1,1,0,1,1,25,0,0,0,1028,0,0,0,0,0,1,1,0,0,0,-33.60973434,0,0,0,0,3,1,1,5,10,0,0,0,3,1,1,5,1000,0,0,0,0,0,0,0,0,0,0,0,0,0,0,0,0,0,0,0,0,0,0,0,0,0,0,0,0,0,0,0,0,0,0,0,0,0,0,0,0,0,0,0,0,0,0,0,0,0,0,0
1986,25,6,36,6.151,2,7,0,-1,1,0,1,1,25,0,0,0,1028,0,0,0,0,0,1,1,0,0,0,-33.69813815,0,0,0,0,3,1,1,5,10,0,0,0,3,1,1,5,1000,0,0,0,0,0,0,0,0,0,0,0,0,0,0,0,0,0,0,0,0,0,0,0,0,0,0,0,0,0,0,0,0,0,0,0,0,0,0,0,0,0,0,0,0,0,0,0,0,0,0,0
1986,25,6,37,42.151,2,7,0,-1,1,0,1,1,25,0,0,0,1028,0,0,0,0,0,1,1,0,0,0,-33.78654108,0,0,0,0,3,1,1,5,10,0,0,0,3,1,1,5,1000,0,0,0,0,0,0,0,0,0,0,0,0,0,0,0,0,0,0,0,0,0,0,0,0,0,0,0,0,0,0,0,0,0,0,0,0,0,0,0,0,0,0,0,0,0,0,0,0,0,0,0
1986,25,6,39,18.151,2,7,0,-1,1,0,1,1,25,0,0,0,1028,0,0,0,0,0,1,1,0,0,0,-33.87494311,0,0,0,0,3,1,1,5,10,0,0,0,3,1,1,5,1000,0,0,0,0,0,0,0,0,0,0,0,0,0,0,0,0,0,0,0,0,0,0,0,0,0,0,0,0,0,0,0,0,0,0,0,0,0,0,0,0,0,0,0,0,0,0,0,0,0,0,0
1986,25,6,43,18.151,2,7,0,-1,1,0,1,1,25,0,0,0,1028,0,0,0,0,0,1,1,0,0,0,-34.09594417,0,0,0,0,3,1,1,5,10,0,0,0,3,1,1,5,1000,0,0,0,0,0,0,0,0,0,0,0,0,0,0,0,0,0,0,0,0,0,0,0,0,0,0,0,0,0,0,0,0,0,0,0,0,0,0,0,0,0,0,0,0,0,0,0,0,0,0,0
1986,25,6,44,54.15,2,7,0,-1,1,0,1,1,25,0,0,0,1028,0,0,0,0,0,1,1,0,0,0,-34.18434203,0,0,0,0,3,1,1,5,10,0,0,0,3,1,1,5,1000,0,0,0,0,0,0,0,0,0,0,0,0,0,0,0,0,0,0,0,0,0,0,0,0,0,0,0,0,0,0,0,0,0,0,0,0,0,0,0,0,0,0,0,0,0,0,0,0,0,0,0
1986,25,6,46,30.15,2,7,0,-1,1,0,1,1,25,0,0,0,1028,0,0,0,0,0,1,1,0,0,0,-34.27273985,0,0,0,0,3,1,1,5,10,0,0,0,3,1,1,5,1000,0,0,0,0,0,0,0,0,0,0,0,0,0,0,0,0,0,0,0,0,0,0,0,0,0,0,0,0,0,0,0,0,0,0,0,0,0,0,0,0,0,0,0,0,0,0,0,0,0,0,0
1986,25,6,48,6.15,2,7,0,-1,1,0,1,1,25,0,0,0,1028,0,0,0,0,0,1,1,0,0,0,-34.36113669,0,0,0,0,3,1,1,5,10,0,0,0,3,1,1,5,1000,0,0,0,0,0,0,0,0,0,0,0,0,0,0,0,0,0,0,0,0,0,0,0,0,0,0,0,0,0,0,0,0,0,0,0,0,0,0,0,0,0,0,0,0,0,0,0,0,0,0,0
1986,25,6,49,42.15,2,7,0,-1,1,0,1,1,25,0,0,0,1028,0,0,0,0,0,1,1,0,0,0,-34.44953255,0,0,0,0,3,1,1,5,10,0,0,0,3,1,1,5,1000,0,0,0,0,0,0,0,0,0,0,0,0,0,0,0,0,0,0,0,0,0,0,0,0,0,0,0,0,0,0,0,0,0,0,0,0,0,0,0,0,0,0,0,0,0,0,0,0,0,0,0
1986,25,6,51,18.15,2,7,0,-1,1,0,1,1,25,0,0,0,1028,0,0,0,0,0,1,1,0,0,0,-34.53792741,0,0,0,0,3,1,1,5,10,0,0,0,3,1,1,5,1000,0,0,0,0,0,0,0,0,0,0,0,0,0,0,0,0,0,0,0,0,0,0,0,0,0,0,0,0,0,0,0,0,0,0,0,0,0,0,0,0,0,0,0,0,0,0,0,0,0,0,0
1986,25,6,55,18.15,2,7,0,-1,1,0,1,1,25,0,0,0,1028,0,0,0,0,0,1,1,0,0,0,-34.75891011,0,0,0,0,3,1,1,5,10,0,0,0,3,1,1,5,1000,0,0,0,0,0,0,0,0,0,0,0,0,0,0,0,0,0,0,0,0,0,0,0,0,0,0,0,0,0,0,0,0,0,0,0,0,0,0,0,0,0,0,0,0,0,0,0,0,0,0,0
1986,25,6,56,54.15,2,7,0,-1,1,0,1,1,25,0,0,0,1028,0,0,0,0,0,1,1,0,0,0,-34.84730138,0,0,0,0,3,1,1,5,10,0,0,0,3,1,1,5,1000,0,0,0,0,0,0,0,0,0,0,0,0,0,0,0,0,0,0,0,0,0,0,0,0,0,0,0,0,0,0,0,0,0,0,0,0,0,0,0,0,0,0,0,0,0,0,0,0,0,0,0
1986,25,6,58,30.15,2,7,0,-1,1,0,1,1,25,0,0,0,1028,0,0,0,0,0,1,1,0,0,0,-34.93569159,0,0,0,0,3,1,1,5,10,0,0,0,3,1,1,5,1000,0,0,0,0,0,0,0,0,0,0,0,0,0,0,0,0,0,0,0,0,0,0,0,0,0,0,0,0,0,0,0,0,0,0,0,0,0,0,0,0,0,0,0,0,0,0,0,0,0,0,0
1986,25,7,0,6.149,2,7,0,-1,1,0,1,1,25,0,0,0,1028,0,0,0,0,0,1,1,0,0,0,-35.02407981,0,0,0,0,3,1,1,5,10,0,0,0,3,1,1,5,1000,0,0,0,0,0,0,0,0,0,0,0,0,0,0,0,0,0,0,0,0,0,0,0,0,0,0,0,0,0,0,0,0,0,0,0,0,0,0,0,0,0,0,0,0,0,0,0,0,0,0,0
1986,25,7,1,42.149,2,7,0,-1,1,0,1,1,25,0,0,0,1028,0,0,0,0,0,1,1,0,0,0,-35.11246788,0,0,0,0,3,1,1,5,10,0,0,0,3,1,1,5,1000,0,0,0,0,0,0,0,0,0,0,0,0,0,0,0,0,0,0,0,0,0,0,0,0,0,0,0,0,0,0,0,0,0,0,0,0,0,0,0,0,0,0,0,0,0,0,0,0,0,0,0
1986,25,7,3,18.149,2,7,0,-1,1,0,1,1,25,0,0,0,1028,0,0,0,0,0,1,1,0,0,0,-35.20085486,0,0,0,0,3,1,1,5,10,0,0,0,3,1,1,5,1000,0,0,0,0,0,0,0,0,0,0,0,0,0,0,0,0,0,0,0,0,0,0,0,0,0,0,0,0,0,0,0,0,0,0,0,0,0,0,0,0,0,0,0,0,0,0,0,0,0,0,0
1986,25,7,8,54.149,2,7,0,-1,1,0,1,1,25,0,0,0,1028,0,0,0,0,0,1,1,0,0,0,-35.51020054,0,0,0,0,3,1,1,5,10,0,0,0,3,1,1,5,1000,0,0,0,0,0,0,0,0,0,0,0,0,0,0,0,0,0,0,0,0,0,0,0,0,0,0,0,0,0,0,0,0,0,0,0,0,0,0,0,0,0,0,0,0,0,0,0,0,0,0,0
1986,25,7,10,30.149,2,7,0,-1,1,0,1,1,25,0,0,0,1028,0,0,0,0,0,1,1,0,0,0,-35.59858249,0,0,0,0,3,1,1,5,10,0,0,0,3,1,1,5,1000,0,0,0,0,0,0,0,0,0,0,0,0,0,0,0,0,0,0,0,0,0,0,0,0,0,0,0,0,0,0,0,0,0,0,0,0,0,0,0,0,0,0,0,0,0,0,0,0,0,0,0
1986,25,7,12,6.149,2,7,0,-1,1,0,1,1,25,0,0,0,1028,0,0,0,0,0,1,1,0,0,0,-35.68696328,0,0,0,0,3,1,1,5,10,0,0,0,3,1,1,5,1000,0,0,0,0,0,0,0,0,0,0,0,0,0,0,0,0,0,0,0,0,0,0,0,0,0,0,0,0,0,0,0,0,0,0,0,0,0,0,0,0,0,0,0,0,0,0,0,0,0,0,0
1986,25,7,13,42.149,2,7,0,-1,1,0,1,1,25,0,0,0,1028,0,0,0,0,0,1,1,0,0,0,-35.77534292,0,0,0,0,3,1,1,5,10,0,0,0,3,1,1,5,1000,0,0,0,0,0,0,0,0,0,0,0,0,0,0,0,0,0,0,0,0,0,0,0,0,0,0,0,0,0,0,0,0,0,0,0,0,0,0,0,0,0,0,0,0,0,0,0,0,0,0,0
1986,25,7,15,18.148,2,7,0,-1,1,0,1,1,25,0,0,0,1028,0,0,0,0,0,1,1,0,0,0,-35.86372047,0,0,0,0,3,1,1,5,10,0,0,0,3,1,1,5,1000,0,0,0,0,0,0,0,0,0,0,0,0,0,0,0,0,0,0,0,0,0,0,0,0,0,0,0,0,0,0,0,0,0,0,0,0,0,0,0,0,0,0,0,0,0,0,0,0,0,0,0
1986,25,7,19,18.148,2,7,0,-1,1,0,1,1,25,0,0,0,1028,0,0,0,0,0,1,1,0,0,0,-36.08466146,0,0,0,0,3,1,1,5,10,0,0,0,3,1,1,5,1000,0,0,0,0,0,0,0,0,0,0,0,0,0,0,0,0,0,0,0,0,0,0,0,0,0,0,0,0,0,0,0,0,0,0,0,0,0,0,0,0,0,0,0,0,0,0,0,0,0,0,0
1986,25,7,20,54.148,2,7,0,-1,1,0,1,1,25,0,0,0,1028,0,0,0,0,0,1,1,0,0,0,-36.17303577,0,0,0,0,3,1,1,5,10,0,0,0,3,1,1,5,1000,0,0,0,0,0,0,0,0,0,0,0,0,0,0,0,0,0,0,0,0,0,0,0,0,0,0,0,0,0,0,0,0,0,0,0,0,0,0,0,0,0,0,0,0,0,0,0,0,0,0,0
1986,25,7,22,30.148,2,7,0,-1,1,0,1,1,25,0,0,0,1028,0,0,0,0,0,1,1,0,0,0,-36.26140886,0,0,0,0,3,1,1,5,10,0,0,0,3,1,1,5,1000,0,0,0,0,0,0,0,0,0,0,0,0,0,0,0,0,0,0,0,0,0,0,0,0,0,0,0,0,0,0,0,0,0,0,0,0,0,0,0,0,0,0,0,0,0,0,0,0,0,0,0
1986,25,7,24,6.148,2,7,0,-1,1,0,1,1,25,0,0,0,1028,0,0,0,0,0,1,1,0,0,0,-36.34978073,0,0,0,0,3,1,1,5,10,0,0,0,3,1,1,5,1000,0,0,0,0,0,0,0,0,0,0,0,0,0,0,0,0,0,0,0,0,0,0,0,0,0,0,0,0,0,0,0,0,0,0,0,0,0,0,0,0,0,0,0,0,0,0,0,0,0,0,0
1986,25,7,25,42.148,2,7,0,-1,1,0,1,1,25,0,0,0,1028,0,0,0,0,0,1,1,0,0,0,-36.43815138,0,0,0,0,3,1,1,5,10,0,0,0,3,1,1,5,1000,0,0,0,0,0,0,0,0,0,0,0,0,0,0,0,0,0,0,0,0,0,0,0,0,0,0,0,0,0,0,0,0,0,0,0,0,0,0,0,0,0,0,0,0,0,0,0,0,0,0,0
1986,25,7,27,18.148,2,7,0,-1,1,0,1,1,25,0,0,0,1028,0,0,0,0,0,1,1,0,0,0,-36.52652079,0,0,0,0,3,1,1,5,10,0,0,0,3,1,1,5,1000,0,0,0,0,0,0,0,0,0,0,0,0,0,0,0,0,0,0,0,0,0,0,0,0,0,0,0,0,0,0,0,0,0,0,0,0,0,0,0,0,0,0,0,0,0,0,0,0,0,0,0
1986,25,7,31,18.147,2,7,0,-1,1,0,1,1,25,0,0,0,1028,0,0,0,0,0,1,1,0,0,0,-36.74743792,0,0,0,0,3,1,1,5,10,0,0,0,3,1,1,5,1000,0,0,0,0,0,0,0,0,0,0,0,0,0,0,0,0,0,0,0,0,0,0,0,0,0,0,0,0,0,0,0,0,0,0,0,0,0,0,0,0,0,0,0,0,0,0,0,0,0,0,0
1986,25,7,32,54.147,2,7,0,-1,1,0,1,1,25,0,0,0,1028,0,0,0,0,0,1,1,0,0,0,-36.83580293,0,0,0,0,3,1,1,5,10,0,0,0,3,1,1,5,1000,0,0,0,0,0,0,0,0,0,0,0,0,0,0,0,0,0,0,0,0,0,0,0,0,0,0,0,0,0,0,0,0,0,0,0,0,0,0,0,0,0,0,0,0,0,0,0,0,0,0,0
1986,25,7,34,30.147,2,7,0,-1,1,0,1,1,25,0,0,0,1028,0,0,0,0,0,1,1,0,0,0,-36.92416667,0,0,0,0,3,1,1,5,10,0,0,0,3,1,1,5,1000,0,0,0,0,0,0,0,0,0,0,0,0,0,0,0,0,0,0,0,0,0,0,0,0,0,0,0,0,0,0,0,0,0,0,0,0,0,0,0,0,0,0,0,0,0,0,0,0,0,0,0
1986,25,7,36,6.147,2,7,0,-1,1,0,1,1,25,0,0,0,1028,0,0,0,0,0,1,1,0,0,0,-37.01252912,0,0,0,0,3,1,1,5,10,0,0,0,3,1,1,5,1000,0,0,0,0,0,0,0,0,0,0,0,0,0,0,0,0,0,0,0,0,0,0,0,0,0,0,0,0,0,0,0,0,0,0,0,0,0,0,0,0,0,0,0,0,0,0,0,0,0,0,0
1986,25,7,37,42.147,2,7,0,-1,1,0,1,1,25,0,0,0,1028,0,0,0,0,0,1,1,0,0,0,-37.10089029,0,0,0,0,3,1,1,5,10,0,0,0,3,1,1,5,1000,0,0,0,0,0,0,0,0,0,0,0,0,0,0,0,0,0,0,0,0,0,0,0,0,0,0,0,0,0,0,0,0,0,0,0,0,0,0,0,0,0,0,0,0,0,0,0,0,0,0,0
1986,25,7,39,18.147,2,7,0,-1,1,0,1,1,25,0,0,0,1028,0,0,0,0,0,1,1,0,0,0,-37.18925015,0,0,0,0,3,1,1,5,10,0,0,0,3,1,1,5,1000,0,0,0,0,0,0,0,0,0,0,0,0,0,0,0,0,0,0,0,0,0,0,0,0,0,0,0,0,0,0,0,0,0,0,0,0,0,0,0,0,0,0,0,0,0,0,0,0,0,0,0
1986,25,7,43,18.147,2,7,0,-1,1,0,1,1,25,0,0,0,1028,0,0,0,0,0,1,1,0,0,0,-37.41014409,0,0,0,0,3,1,1,5,10,0,0,0,3,1,1,5,1000,0,0,0,0,0,0,0,0,0,0,0,0,0,0,0,0,0,0,0,0,0,0,0,0,0,0,0,0,0,0,0,0,0,0,0,0,0,0,0,0,0,0,0,0,0,0,0,0,0,0,0
1986,25,7,44,54.146,2,7,0,-1,1,0,1,1,25,0,0,0,1028,0,0,0,0,0,1,1,0,0,0,-37.4984989,0,0,0,0,3,1,1,5,10,0,0,0,3,1,1,5,1000,0,0,0,0,0,0,0,0,0,0,0,0,0,0,0,0,0,0,0,0,0,0,0,0,0,0,0,0,0,0,0,0,0,0,0,0,0,0,0,0,0,0,0,0,0,0,0,0,0,0,0
1986,25,7,46,30.146,2,7,0,-1,1,0,1,1,25,0,0,0,1028,0,0,0,0,0,1,1,0,0,0,-37.58685237,0,0,0,0,3,1,1,5,10,0,0,0,3,1,1,5,1000,0,0,0,0,0,0,0,0,0,0,0,0,0,0,0,0,0,0,0,0,0,0,0,0,0,0,0,0,0,0,0,0,0,0,0,0,0,0,0,0,0,0,0,0,0,0,0,0,0,0,0
1986,25,7,48,6.146,2,7,0,-1,1,0,1,1,25,0,0,0,1028,0,0,0,0,0,1,1,0,0,0,-37.67520497,0,0,0,0,3,1,1,5,10,0,0,0,3,1,1,5,1000,0,0,0,0,0,0,0,0,0,0,0,0,0,0,0,0,0,0,0,0,0,0,0,0,0,0,0,0,0,0,0,0,0,0,0,0,0,0,0,0,0,0,0,0,0,0,0,0,0,0,0
1986,25,7,49,42.146,2,7,0,-1,1,0,1,1,25,0,0,0,1028,0,0,0,0,0,1,1,0,0,0,-37.76355622,0,0,0,0,3,1,1,5,10,0,0,0,3,1,1,5,1000,0,0,0,0,0,0,0,0,0,0,0,0,0,0,0,0,0,0,0,0,0,0,0,0,0,0,0,0,0,0,0,0,0,0,0,0,0,0,0,0,0,0,0,0,0,0,0,0,0,0,0
1986,25,7,51,18.146,2,7,0,-1,1,0,1,1,25,0,0,0,1028,0,0,0,0,0,1,1,0,0,0,-37.85190613,0,0,0,0,3,1,1,5,10,0,0,0,3,1,1,5,1000,0,0,0,0,0,0,0,0,0,0,0,0,0,0,0,0,0,0,0,0,0,0,0,0,0,0,0,0,0,0,0,0,0,0,0,0,0,0,0,0,0,0,0,0,0,0,0,0,0,0,0
1986,25,7,55,18.146,2,7,0,-1,1,0,1,1,25,0,0,0,1028,0,0,0,0,0,1,1,0,0,0,-38.07277493,0,0,0,0,3,1,1,5,10,0,0,0,3,1,1,5,1000,0,0,0,0,0,0,0,0,0,0,0,0,0,0,0,0,0,0,0,0,0,0,0,0,0,0,0,0,0,0,0,0,0,0,0,0,0,0,0,0,0,0,0,0,0,0,0,0,0,0,0
1986,25,7,56,54.146,2,7,0,-1,1,0,1,1,25,0,0,0,1028,0,0,0,0,0,1,1,0,0,0,-38.16112006,0,0,0,0,3,1,1,5,10,0,0,0,3,1,1,5,1000,0,0,0,0,0,0,0,0,0,0,0,0,0,0,0,0,0,0,0,0,0,0,0,0,0,0,0,0,0,0,0,0,0,0,0,0,0,0,0,0,0,0,0,0,0,0,0,0,0,0,0
1986,25,7,58,30.146,2,7,0,-1,1,0,1,1,25,0,0,0,1028,0,0,0,0,0,1,1,0,0,0,-38.24946381,0,0,0,0,3,1,1,5,10,0,0,0,3,1,1,5,1000,0,0,0,0,0,0,0,0,0,0,0,0,0,0,0,0,0,0,0,0,0,0,0,0,0,0,0,0,0,0,0,0,0,0,0,0,0,0,0,0,0,0,0,0,0,0,0,0,0,0,0
1986,25,8,0,6.145,2,7,0,-1,1,0,1,1,25,0,0,0,1028,0,0,0,0,0,1,1,0,0,0,-38.33780571,0,0,0,0,3,1,1,5,10,0,0,0,3,1,1,5,1000,0,0,0,0,0,0,0,0,0,0,0,0,0,0,0,0,0,0,0,0,0,0,0,0,0,0,0,0,0,0,0,0,0,0,0,0,0,0,0,0,0,0,0,0,0,0,0,0,0,0,0
1986,25,8,1,42.145,2,7,0,-1,1,0,1,1,25,0,0,0,1028,0,0,0,0,0,1,1,0,0,0,-38.42614622,0,0,0,0,3,1,1,5,10,0,0,0,3,1,1,5,1000,0,0,0,0,0,0,0,0,0,0,0,0,0,0,0,0,0,0,0,0,0,0,0,0,0,0,0,0,0,0,0,0,0,0,0,0,0,0,0,0,0,0,0,0,0,0,0,0,0,0,0
1986,25,8,3,18.145,2,7,0,-1,1,0,1,1,25,0,0,0,1028,0,0,0,0,0,1,1,0,0,0,-38.51448579,0,0,0,0,3,1,1,5,10,0,0,0,3,1,1,5,1000,0,0,0,0,0,0,0,0,0,0,0,0,0,0,0,0,0,0,0,0,0,0,0,0,0,0,0,0,0,0,0,0,0,0,0,0,0,0,0,0,0,0,0,0,0,0,0,0,0,0,0
1986,25,8,7,18.145,2,7,0,-1,1,0,1,1,25,0,0,0,1028,0,0,0,0,0,1,1,0,0,0,-38.73532858,0,0,0,0,3,1,1,5,10,0,0,0,3,1,1,5,1000,0,0,0,0,0,0,0,0,0,0,0,0,0,0,0,0,0,0,0,0,0,0,0,0,0,0,0,0,0,0,0,0,0,0,0,0,0,0,0,0,0,0,0,0,0,0,0,0,0,0,0
1986,25,8,8,54.145,2,7,0,-1,1,0,1,1,25,0,0,0,1028,0,0,0,0,0,1,1,0,0,0,-38.82366323,0,0,0,0,3,1,1,5,10,0,0,0,3,1,1,5,1000,0,0,0,0,0,0,0,0,0,0,0,0,0,0,0,0,0,0,0,0,0,0,0,0,0,0,0,0,0,0,0,0,0,0,0,0,0,0,0,0,0,0,0,0,0,0,0,0,0,0,0
1986,25,8,10,30.145,2,7,0,-1,1,0,1,1,25,0,0,0,1028,0,0,0,0,0,1,1,0,0,0,-38.91199645,0,0,0,0,3,1,1,5,10,0,0,0,3,1,1,5,1000,0,0,0,0,0,0,0,0,0,0,0,0,0,0,0,0,0,0,0,0,0,0,0,0,0,0,0,0,0,0,0,0,0,0,0,0,0,0,0,0,0,0,0,0,0,0,0,0,0,0,0
1986,25,8,12,6.145,2,7,0,-1,1,0,1,1,25,0,0,0,1028,0,0,0,0,0,1,1,0,0,0,-39.00032825,0,0,0,0,3,1,1,5,10,0,0,0,3,1,1,5,1000,0,0,0,0,0,0,0,0,0,0,0,0,0,0,0,0,0,0,0,0,0,0,0,0,0,0,0,0,0,0,0,0,0,0,0,0,0,0,0,0,0,0,0,0,0,0,0,0,0,0,0
1986,25,8,13,42.145,2,7,0,-1,1,0,1,1,25,0,0,0,1028,0,0,0,0,0,1,1,0,0,0,-39.08865861,0,0,0,0,3,1,1,5,10,0,0,0,3,1,1,5,1000,0,0,0,0,0,0,0,0,0,0,0,0,0,0,0,0,0,0,0,0,0,0,0,0,0,0,0,0,0,0,0,0,0,0,0,0,0,0,0,0,0,0,0,0,0,0,0,0,0,0,0
1986,25,8,15,18.144,2,7,0,-1,1,0,1,1,25,0,0,0,1028,0,0,0,0,0,1,1,0,0,0,-39.17698662,0,0,0,0,3,1,1,5,10,0,0,0,3,1,1,5,1000,0,0,0,0,0,0,0,0,0,0,0,0,0,0,0,0,0,0,0,0,0,0,0,0,0,0,0,0,0,0,0,0,0,0,0,0,0,0,0,0,0,0,0,0,0,0,0,0,0,0,0
1986,25,8,19,18.144,2,7,0,-1,1,0,1,1,25,0,0,0,1028,0,0,0,0,0,1,1,0,0,0,-39.39780263,0,0,0,0,3,1,1,5,10,0,0,0,3,1,1,5,1000,0,0,0,0,0,0,0,0,0,0,0,0,0,0,0,0,0,0,0,0,0,0,0,0,0,0,0,0,0,0,0,0,0,0,0,0,0,0,0,0,0,0,0,0,0,0,0,0,0,0,0
1986,25,8,20,54.144,2,7,0,-1,1,0,1,1,25,0,0,0,1028,0,0,0,0,0,1,1,0,0,0,-39.4861265,0,0,0,0,3,1,1,5,10,0,0,0,3,1,1,5,1000,0,0,0,0,0,0,0,0,0,0,0,0,0,0,0,0,0,0,0,0,0,0,0,0,0,0,0,0,0,0,0,0,0,0,0,0,0,0,0,0,0,0,0,0,0,0,0,0,0,0,0
1986,25,8,22,30.144,2,7,0,-1,1,0,1,1,25,0,0,0,1028,0,0,0,0,0,1,1,0,0,0,-39.57444891,0,0,0,0,3,1,1,5,10,0,0,0,3,1,1,5,1000,0,0,0,0,0,0,0,0,0,0,0,0,0,0,0,0,0,0,0,0,0,0,0,0,0,0,0,0,0,0,0,0,0,0,0,0,0,0,0,0,0,0,0,0,0,0,0,0,0,0,0
1986,25,8,24,6.144,2,7,0,-1,1,0,1,1,25,0,0,0,1028,0,0,0,0,0,1,1,0,0,0,-39.66276985,0,0,0,0,3,1,1,5,10,0,0,0,3,1,1,5,1000,0,0,0,0,0,0,0,0,0,0,0,0,0,0,0,0,0,0,0,0,0,0,0,0,0,0,0,0,0,0,0,0,0,0,0,0,0,0,0,0,0,0,0,0,0,0,0,0,0,0,0
1986,25,8,25,42.144,2,7,0,-1,1,0,1,1,25,0,0,0,1028,0,0,0,0,0,1,1,0,0,0,-39.75108934,0,0,0,0,3,1,1,5,10,0,0,0,3,1,1,5,1000,0,0,0,0,0,0,0,0,0,0,0,0,0,0,0,0,0,0,0,0,0,0,0,0,0,0,0,0,0,0,0,0,0,0,0,0,0,0,0,0,0,0,0,0,0,0,0,0,0,0,0
1986,25,8,27,18.144,2,7,0,-1,1,0,1,1,25,0,0,0,1028,0,0,0,0,0,1,1,0,0,0,-39.83940735,0,0,0,0,3,1,1,5,10,0,0,0,3,1,1,5,1000,0,0,0,0,0,0,0,0,0,0,0,0,0,0,0,0,0,0,0,0,0,0,0,0,0,0,0,0,0,0,0,0,0,0,0,0,0,0,0,0,0,0,0,0,0,0,0,0,0,0,0
1986,25,8,31,18.143,2,7,0,-1,1,0,1,1,25,0,0,0,1028,0,0,0,0,0,1,1,0,0,0,-40.060195,0,0,0,0,3,1,1,5,10,0,0,0,3,1,1,5,1000,0,0,0,0,0,0,0,0,0,0,0,0,0,0,0,0,0,0,0,0,0,0,0,0,0,0,0,0,0,0,0,0,0,0,0,0,0,0,0,0,0,0,0,0,0,0,0,0,0,0,0
1986,25,8,32,54.143,2,7,0,-1,1,0,1,1,25,0,0,0,1028,0,0,0,0,0,1,1,0,0,0,-40.14850784,0,0,0,0,3,1,1,5,10,0,0,0,3,1,1,5,1000,0,0,0,0,0,0,0,0,0,0,0,0,0,0,0,0,0,0,0,0,0,0,0,0,0,0,0,0,0,0,0,0,0,0,0,0,0,0,0,0,0,0,0,0,0,0,0,0,0,0,0
1986,25,8,34,30.143,2,7,0,-1,1,0,1,1,25,0,0,0,1028,0,0,0,0,0,1,1,0,0,0,-40.23681918,0,0,0,0,3,1,1,5,10,0,0,0,3,1,1,5,1000,0,0,0,0,0,0,0,0,0,0,0,0,0,0,0,0,0,0,0,0,0,0,0,0,0,0,0,0,0,0,0,0,0,0,0,0,0,0,0,0,0,0,0,0,0,0,0,0,0,0,0
1986,25,8,36,6.143,2,7,0,-1,1,0,1,1,25,0,0,0,1028,0,0,0,0,0,1,1,0,0,0,-40.32512904,0,0,0,0,3,1,1,5,10,0,0,0,3,1,1,5,1000,0,0,0,0,0,0,0,0,0,0,0,0,0,0,0,0,0,0,0,0,0,0,0,0,0,0,0,0,0,0,0,0,0,0,0,0,0,0,0,0,0,0,0,0,0,0,0,0,0,0,0
1986,25,8,37,42.143,2,7,0,-1,1,0,1,1,25,0,0,0,1028,0,0,0,0,0,1,1,0,0,0,-40.4134374,0,0,0,0,3,1,1,5,10,0,0,0,3,1,1,5,1000,0,0,0,0,0,0,0,0,0,0,0,0,0,0,0,0,0,0,0,0,0,0,0,0,0,0,0,0,0,0,0,0,0,0,0,0,0,0,0,0,0,0,0,0,0,0,0,0,0,0,0
1986,25,8,39,18.143,2,7,0,-1,1,0,1,1,25,0,0,0,1028,0,0,0,0,0,1,1,0,0,0,-40.50174426,0,0,0,0,3,1,1,5,10,0,0,0,3,1,1,5,1000,0,0,0,0,0,0,0,0,0,0,0,0,0,0,0,0,0,0,0,0,0,0,0,0,0,0,0,0,0,0,0,0,0,0,0,0,0,0,0,0,0,0,0,0,0,0,0,0,0,0,0
1986,25,8,43,18.143,2,7,0,-1,1,0,1,1,25,0,0,0,1028,0,0,0,0,0,1,1,0,0,0,-40.72250483,0,0,0,0,3,1,1,5,10,0,0,0,3,1,1,5,1000,0,0,0,0,0,0,0,0,0,0,0,0,0,0,0,0,0,0,0,0,0,0,0,0,0,0,0,0,0,0,0,0,0,0,0,0,0,0,0,0,0,0,0,0,0,0,0,0,0,0,0
1986,25,8,44,54.142,2,7,0,-1,1,0,1,1,25,0,0,0,1028,0,0,0,0,0,1,1,0,0,0,-40.81080596,0,0,0,0,3,1,1,5,10,0,0,0,3,1,1,5,1000,0,0,0,0,0,0,0,0,0,0,0,0,0,0,0,0,0,0,0,0,0,0,0,0,0,0,0,0,0,0,0,0,0,0,0,0,0,0,0,0,0,0,0,0,0,0,0,0,0,0,0
1986,25,8,46,30.142,2,7,0,-1,1,0,1,1,25,0,0,0,1028,0,0,0,0,0,1,1,0,0,0,-40.89910557,0,0,0,0,3,1,1,5,10,0,0,0,3,1,1,5,1000,0,0,0,0,0,0,0,0,0,0,0,0,0,0,0,0,0,0,0,0,0,0,0,0,0,0,0,0,0,0,0,0,0,0,0,0,0,0,0,0,0,0,0,0,0,0,0,0,0,0,0
1986,25,8,48,6.142,2,7,0,-1,1,0,1,1,25,0,0,0,1028,0,0,0,0,0,1,1,0,0,0,-40.98740413,0,0,0,0,3,1,1,5,10,0,0,0,3,1,1,5,1000,0,0,0,0,0,0,0,0,0,0,0,0,0,0,0,0,0,0,0,0,0,0,0,0,0,0,0,0,0,0,0,0,0,0,0,0,0,0,0,0,0,0,0,0,0,0,0,0,0,0,0
1986,25,8,49,42.142,2,7,0,-1,1,0,1,1,25,0,0,0,1028,0,0,0,0,0,1,1,0,0,0,-41.07570117,0,0,0,0,3,1,1,5,10,0,0,0,3,1,1,5,1000,0,0,0,0,0,0,0,0,0,0,0,0,0,0,0,0,0,0,0,0,0,0,0,0,0,0,0,0,0,0,0,0,0,0,0,0,0,0,0,0,0,0,0,0,0,0,0,0,0,0,0
1986,25,8,51,18.142,2,7,0,-1,1,0,1,1,25,0,0,0,1028,0,0,0,0,0,1,1,0,0,0,-41.16399668,0,0,0,0,3,1,1,5,10,0,0,0,3,1,1,5,1000,0,0,0,0,0,0,0,0,0,0,0,0,0,0,0,0,0,0,0,0,0,0,0,0,0,0,0,0,0,0,0,0,0,0,0,0,0,0,0,0,0,0,0,0,0,0,0,0,0,0,0
1986,25,8,55,18.142,2,7,0,-1,1,0,1,1,25,0,0,0,1028,0,0,0,0,0,1,1,0,0,0,-41.38472878,0,0,0,0,3,1,1,5,10,0,0,0,3,1,1,5,1000,0,0,0,0,0,0,0,0,0,0,0,0,0,0,0,0,0,0,0,0,0,0,0,0,0,0,0,0,0,0,0,0,0,0,0,0,0,0,0,0,0,0,0,0,0,0,0,0,0,0,0
1986,25,8,56,54.142,2,7,0,-1,1,0,1,1,25,0,0,0,1028,0,0,0,0,0,1,1,0,0,0,-41.47301894,0,0,0,0,3,1,1,5,10,0,0,0,3,1,1,5,1000,0,0,0,0,0,0,0,0,0,0,0,0,0,0,0,0,0,0,0,0,0,0,0,0,0,0,0,0,0,0,0,0,0,0,0,0,0,0,0,0,0,0,0,0,0,0,0,0,0,0,0
1986,25,8,58,30.142,2,7,0,-1,1,0,1,1,25,0,0,0,1028,0,0,0,0,0,1,1,0,0,0,-41.56130756,0,0,0,0,3,1,1,5,10,0,0,0,3,1,1,5,1000,0,0,0,0,0,0,0,0,0,0,0,0,0,0,0,0,0,0,0,0,0,0,0,0,0,0,0,0,0,0,0,0,0,0,0,0,0,0,0,0,0,0,0,0,0,0,0,0,0,0,0
1986,25,9,0,6.141,2,7,0,-1,1,0,1,1,25,0,0,0,1028,0,0,0,0,0,1,1,0,0,0,-41.64959419,0,0,0,0,3,1,1,5,10,0,0,0,3,1,1,5,1000,0,0,0,0,0,0,0,0,0,0,0,0,0,0,0,0,0,0,0,0,0,0,0,0,0,0,0,0,0,0,0,0,0,0,0,0,0,0,0,0,0,0,0,0,0,0,0,0,0,0,0
1986,25,9,1,42.141,2,7,0,-1,1,0,1,1,25,0,0,0,1028,0,0,0,0,0,1,1,0,0,0,-41.73787927,0,0,0,0,3,1,1,5,10,0,0,0,3,1,1,5,1000,0,0,0,0,0,0,0,0,0,0,0,0,0,0,0,0,0,0,0,0,0,0,0,0,0,0,0,0,0,0,0,0,0,0,0,0,0,0,0,0,0,0,0,0,0,0,0,0,0,0,0
1986,25,9,3,18.141,2,7,0,-1,1,0,1,1,25,0,0,0,1028,0,0,0,0,0,1,1,0,0,0,-41.82616327,0,0,0,0,3,1,1,5,10,0,0,0,3,1,1,5,1000,0,0,0,0,0,0,0,0,0,0,0,0,0,0,0,0,0,0,0,0,0,0,0,0,0,0,0,0,0,0,0,0,0,0,0,0,0,0,0,0,0,0,0,0,0,0,0,0,0,0,0
1986,25,9,7,18.141,2,7,0,-1,1,0,1,1,25,0,0,0,1028,0,0,0,0,0,1,1,0,0,0,-42.04686651,0,0,0,0,3,1,1,5,10,0,0,0,3,1,1,5,1000,0,0,0,0,0,0,0,0,0,0,0,0,0,0,0,0,0,0,0,0,0,0,0,0,0,0,0,0,0,0,0,0,0,0,0,0,0,0,0,0,0,0,0,0,0,0,0,0,0,0,0
1986,25,9,8,54.141,2,7,0,-1,1,0,1,1,25,0,0,0,1028,0,0,0,0,0,1,1,0,0,0,-42.13514509,0,0,0,0,3,1,1,5,10,0,0,0,3,1,1,5,1000,0,0,0,0,0,0,0,0,0,0,0,0,0,0,0,0,0,0,0,0,0,0,0,0,0,0,0,0,0,0,0,0,0,0,0,0,0,0,0,0,0,0,0,0,0,0,0,0,0,0,0
1986,25,9,10,30.141,2,7,0,-1,1,0,1,1,25,0,0,0,1028,0,0,0,0,0,1,1,0,0,0,-42.22342211,0,0,0,0,3,1,1,5,10,0,0,0,3,1,1,5,1000,0,0,0,0,0,0,0,0,0,0,0,0,0,0,0,0,0,0,0,0,0,0,0,0,0,0,0,0,0,0,0,0,0,0,0,0,0,0,0,0,0,0,0,0,0,0,0,0,0,0,0
1986,25,9,12,6.141,2,7,0,-1,1,0,1,1,25,0,0,0,1028,0,0,0,0,0,1,1,0,0,0,-42.31169758,0,0,0,0,3,1,1,5,10,0,0,0,3,1,1,5,1000,0,0,0,0,0,0,0,0,0,0,0,0,0,0,0,0,0,0,0,0,0,0,0,0,0,0,0,0,0,0,0,0,0,0,0,0,0,0,0,0,0,0,0,0,0,0,0,0,0,0,0
1986,25,9,13,42.141,2,7,0,-1,1,0,1,1,25,0,0,0,1028,0,0,0,0,0,1,1,0,0,0,-42.39997149,0,0,0,0,3,1,1,5,10,0,0,0,3,1,1,5,1000,0,0,0,0,0,0,0,0,0,0,0,0,0,0,0,0,0,0,0,0,0,0,0,0,0,0,0,0,0,0,0,0,0,0,0,0,0,0,0,0,0,0,0,0,0,0,0,0,0,0,0
1986,25,9,15,18.14,2,7,0,-1,1,0,1,1,25,0,0,0,1028,0,0,0,0,0,1,1,0,0,0,-42.48824338,0,0,0,0,3,1,1,5,10,0,0,0,3,1,1,5,1000,0,0,0,0,0,0,0,0,0,0,0,0,0,0,0,0,0,0,0,0,0,0,0,0,0,0,0,0,0,0,0,0,0,0,0,0,0,0,0,0,0,0,0,0,0,0,0,0,0,0,0
1986,25,9,19,18.14,2,7,0,-1,1,0,1,1,25,0,0,0,1028,0,0,0,0,0,1,1,0,0,0,-42.70891696,0,0,0,0,3,1,1,5,10,0,0,0,3,1,1,5,1000,0,0,0,0,0,0,0,0,0,0,0,0,0,0,0,0,0,0,0,0,0,0,0,0,0,0,0,0,0,0,0,0,0,0,0,0,0,0,0,0,0,0,0,0,0,0,0,0,0,0,0
1986,25,9,20,54.14,2,7,0,-1,1,0,1,1,25,0,0,0,1028,0,0,0,0,0,1,1,0,0,0,-42.79718384,0,0,0,0,3,1,1,5,10,0,0,0,3,1,1,5,1000,0,0,0,0,0,0,0,0,0,0,0,0,0,0,0,0,0,0,0,0,0,0,0,0,0,0,0,0,0,0,0,0,0,0,0,0,0,0,0,0,0,0,0,0,0,0,0,0,0,0,0
1986,25,9,22,30.14,2,7,0,-1,1,0,1,1,25,0,0,0,1028,0,0,0,0,0,1,1,0,0,0,-42.88544914,0,0,0,0,3,1,1,5,10,0,0,0,3,1,1,5,1000,0,0,0,0,0,0,0,0,0,0,0,0,0,0,0,0,0,0,0,0,0,0,0,0,0,0,0,0,0,0,0,0,0,0,0,0,0,0,0,0,0,0,0,0,0,0,0,0,0,0,0
1986,25,9,24,6.14,2,7,0,-1,1,0,1,1,25,0,0,0,1028,0,0,0,0,0,1,1,0,0,0,-42.97371288,0,0,0,0,3,1,1,5,10,0,0,0,3,1,1,5,1000,0,0,0,0,0,0,0,0,0,0,0,0,0,0,0,0,0,0,0,0,0,0,0,0,0,0,0,0,0,0,0,0,0,0,0,0,0,0,0,0,0,0,0,0,0,0,0,0,0,0,0
1986,25,9,25,42.14,2,7,0,-1,1,0,1,1,25,0,0,0,1028,0,0,0,0,0,1,1,0,0,0,-43.06197504,0,0,0,0,3,1,1,5,10,0,0,0,3,1,1,5,1000,0,0,0,0,0,0,0,0,0,0,0,0,0,0,0,0,0,0,0,0,0,0,0,0,0,0,0,0,0,0,0,0,0,0,0,0,0,0,0,0,0,0,0,0,0,0,0,0,0,0,0
1986,25,9,27,18.14,2,7,0,-1,1,0,1,1,25,0,0,0,1028,0,0,0,0,0,1,1,0,0,0,-43.15023563,0,0,0,0,3,1,1,5,10,0,0,0,3,1,1,5,1000,0,0,0,0,0,0,0,0,0,0,0,0,0,0,0,0,0,0,0,0,0,0,0,0,0,0,0,0,0,0,0,0,0,0,0,0,0,0,0,0,0,0,0,0,0,0,0,0,0,0,0
1986,25,9,31,18.139,2,7,0,-1,1,0,1,1,25,0,0,0,1028,0,0,0,0,0,1,1,0,0,0,-43.3708793,0,0,0,0,3,1,1,5,10,0,0,0,3,1,1,5,1000,0,0,0,0,0,0,0,0,0,0,0,0,0,0,0,0,0,0,0,0,0,0,0,0,0,0,0,0,0,0,0,0,0,0,0,0,0,0,0,0,0,0,0,0,0,0,0,0,0,0,0
1986,25,9,32,54.139,2,7,0,-1,1,0,1,1,25,0,0,0,1028,0,0,0,0,0,1,1,0,0,0,-43.45913437,0,0,0,0,3,1,1,5,10,0,0,0,3,1,1,5,1000,0,0,0,0,0,0,0,0,0,0,0,0,0,0,0,0,0,0,0,0,0,0,0,0,0,0,0,0,0,0,0,0,0,0,0,0,0,0,0,0,0,0,0,0,0,0,0,0,0,0,0
1986,25,9,34,30.139,2,7,0,-1,1,0,1,1,25,0,0,0,1028,0,0,0,0,0,1,1,0,0,0,-43.54738786,0,0,0,0,3,1,1,5,10,0,0,0,3,1,1,5,1000,0,0,0,0,0,0,0,0,0,0,0,0,0,0,0,0,0,0,0,0,0,0,0,0,0,0,0,0,0,0,0,0,0,0,0,0,0,0,0,0,0,0,0,0,0,0,0,0,0,0,0
1986,25,9,36,6.139,2,7,0,-1,1,0,1,1,25,0,0,0,1028,0,0,0,0,0,1,1,0,0,0,-43.63563977,0,0,0,0,3,1,1,5,10,0,0,0,3,1,1,5,1000,0,0,0,0,0,0,0,0,0,0,0,0,0,0,0,0,0,0,0,0,0,0,0,0,0,0,0,0,0,0,0,0,0,0,0,0,0,0,0,0,0,0,0,0,0,0,0,0,0,0,0
1986,25,9,37,42.139,2,7,0,-1,1,0,1,1,25,0,0,0,1028,0,0,0,0,0,1,1,0,0,0,-43.7238901,0,0,0,0,3,1,1,5,10,0,0,0,3,1,1,5,1000,0,0,0,0,0,0,0,0,0,0,0,0,0,0,0,0,0,0,0,0,0,0,0,0,0,0,0,0,0,0,0,0,0,0,0,0,0,0,0,0,0,0,0,0,0,0,0,0,0,0,0
1986,25,9,39,18.139,2,7,0,-1,1,0,1,1,25,0,0,0,1028,0,0,0,0,0,1,1,0,0,0,-43.81213884,0,0,0,0,3,1,1,5,10,0,0,0,3,1,1,5,1000,0,0,0,0,0,0,0,0,0,0,0,0,0,0,0,0,0,0,0,0,0,0,0,0,0,0,0,0,0,0,0,0,0,0,0,0,0,0,0,0,0,0,0,0,0,0,0,0,0,0,0
1986,25,9,43,18.139,2,7,0,-1,1,0,1,1,25,0,0,0,1028,0,0,0,0,0,1,1,0,0,0,-44.03275376,0,0,0,0,3,1,1,5,10,0,0,0,3,1,1,5,1000,0,0,0,0,0,0,0,0,0,0,0,0,0,0,0,0,0,0,0,0,0,0,0,0,0,0,0,0,0,0,0,0,0,0,0,0,0,0,0,0,0,0,0,0,0,0,0,0,0,0,0
1986,25,9,44,54.139,2,7,0,-1,1,0,1,1,25,0,0,0,1028,0,0,0,0,0,1,1,0,0,0,-44.12099695,0,0,0,0,3,1,1,5,10,0,0,0,3,1,1,5,1000,0,0,0,0,0,0,0,0,0,0,0,0,0,0,0,0,0,0,0,0,0,0,0,0,0,0,0,0,0,0,0,0,0,0,0,0,0,0,0,0,0,0,0,0,0,0,0,0,0,0,0
1986,25,9,46,30.138,2,7,0,-1,1,0,1,1,25,0,0,0,1028,0,0,0,0,0,1,1,0,0,0,-44.20923763,0,0,0,0,3,1,1,5,10,0,0,0,3,1,1,5,1000,0,0,0,0,0,0,0,0,0,0,0,0,0,0,0,0,0,0,0,0,0,0,0,0,0,0,0,0,0,0,0,0,0,0,0,0,0,0,0,0,0,0,0,0,0,0,0,0,0,0,0
1986,25,9,48,6.138,2,7,0,-1,1,0,1,1,25,0,0,0,1028,0,0,0,0,0,1,1,0,0,0,-44.29747764,0,0,0,0,3,1,1,5,10,0,0,0,3,1,1,5,1000,0,0,0,0,0,0,0,0,0,0,0,0,0,0,0,0,0,0,0,0,0,0,0,0,0,0,0,0,0,0,0,0,0,0,0,0,0,0,0,0,0,0,0,0,0,0,0,0,0,0,0
1986,25,9,51,18.138,2,7,0,-1,1,0,1,1,25,0,0,0,1028,0,0,0,0,0,1,1,0,0,0,-44.47395289,0,0,0,0,3,1,1,5,10,0,0,0,3,1,1,5,1000,0,0,0,0,0,0,0,0,0,0,0,0,0,0,0,0,0,0,0,0,0,0,0,0,0,0,0,0,0,0,0,0,0,0,0,0,0,0,0,0,0,0,0,0,0,0,0,0,0,0,0
1986,25,9,55,18.138,2,7,0,-1,1,0,1,1,25,0,0,0,1028,0,0,0,0,0,1,1,0,0,0,-44.694538,0,0,0,0,3,1,1,5,10,0,0,0,3,1,1,5,1000,0,0,0,0,0,0,0,0,0,0,0,0,0,0,0,0,0,0,0,0,0,0,0,0,0,0,0,0,0,0,0,0,0,0,0,0,0,0,0,0,0,0,0,0,0,0,0,0,0,0,0
1986,25,9,56,54.138,2,7,0,-1,1,0,1,1,25,0,0,0,1028,0,0,0,0,0,1,1,0,0,0,-44.78276925,0,0,0,0,3,1,1,5,10,0,0,0,3,1,1,5,1000,0,0,0,0,0,0,0,0,0,0,0,0,0,0,0,0,0,0,0,0,0,0,0,0,0,0,0,0,0,0,0,0,0,0,0,0,0,0,0,0,0,0,0,0,0,0,0,0,0,0,0
1986,25,9,58,30.138,2,7,0,-1,1,0,1,1,25,0,0,0,1028,0,0,0,0,0,1,1,0,0,0,-44.87099891,0,0,0,0,3,1,1,5,10,0,0,0,3,1,1,5,1000,0,0,0,0,0,0,0,0,0,0,0,0,0,0,0,0,0,0,0,0,0,0,0,0,0,0,0,0,0,0,0,0,0,0,0,0,0,0,0,0,0,0,0,0,0,0,0,0,0,0,0
1986,25,10,0,6.138,2,7,0,-1,1,0,1,1,25,0,0,0,1028,0,0,0,0,0,1,1,0,0,0,-44.95922697,0,0,0,0,3,1,1,5,10,0,0,0,3,1,1,5,1000,0,0,0,0,0,0,0,0,0,0,0,0,0,0,0,0,0,0,0,0,0,0,0,0,0,0,0,0,0,0,0,0,0,0,0,0,0,0,0,0,0,0,0,0,0,0,0,0,0,0,0
1986,25,10,1,42.137,2,7,0,-1,1,0,1,1,25,0,0,0,1028,0,0,0,0,0,1,1,0,0,0,-45.04745251,0,0,0,0,3,1,1,5,10,0,0,0,3,1,1,5,1000,0,0,0,0,0,0,0,0,0,0,0,0,0,0,0,0,0,0,0,0,0,0,0,0,0,0,0,0,0,0,0,0,0,0,0,0,0,0,0,0,0,0,0,0,0,0,0,0,0,0,0
1986,25,10,3,18.137,2,7,0,-1,1,0,1,1,25,0,0,0,1028,0,0,0,0,0,1,1,0,0,0,-45.13567738,0,0,0,0,3,1,1,5,10,0,0,0,3,1,1,5,1000,0,0,0,0,0,0,0,0,0,0,0,0,0,0,0,0,0,0,0,0,0,0,0,0,0,0,0,0,0,0,0,0,0,0,0,0,0,0,0,0,0,0,0,0,0,0,0,0,0,0,0
1986,25,10,7,18.137,2,7,0,-1,1,0,1,1,25,0,0,0,1028,0,0,0,0,0,1,1,0,0,0,-45.35623256,0,0,0,0,3,1,1,5,10,0,0,0,3,1,1,5,1000,0,0,0,0,0,0,0,0,0,0,0,0,0,0,0,0,0,0,0,0,0,0,0,0,0,0,0,0,0,0,0,0,0,0,0,0,0,0,0,0,0,0,0,0,0,0,0,0,0,0,0
1986,25,10,8,54.137,2,7,0,-1,1,0,1,1,25,0,0,0,1028,0,0,0,0,0,1,1,0,0,0,-45.44445183,0,0,0,0,3,1,1,5,10,0,0,0,3,1,1,5,1000,0,0,0,0,0,0,0,0,0,0,0,0,0,0,0,0,0,0,0,0,0,0,0,0,0,0,0,0,0,0,0,0,0,0,0,0,0,0,0,0,0,0,0,0,0,0,0,0,0,0,0
1986,25,10,10,30.137,2,7,0,-1,1,0,1,1,25,0,0,0,1028,0,0,0,0,0,1,1,0,0,0,-45.5326695,0,0,0,0,3,1,1,5,10,0,0,0,3,1,1,5,1000,0,0,0,0,0,0,0,0,0,0,0,0,0,0,0,0,0,0,0,0,0,0,0,0,0,0,0,0,0,0,0,0,0,0,0,0,0,0,0,0,0,0,0,0,0,0,0,0,0,0,0
1986,25,10,12,6.137,2,7,0,-1,1,0,1,1,25,0,0,0,1028,0,0,0,0,0,1,1,0,0,0,-45.62088558,0,0,0,0,3,1,1,5,10,0,0,0,3,1,1,5,1000,0,0,0,0,0,0,0,0,0,0,0,0,0,0,0,0,0,0,0,0,0,0,0,0,0,0,0,0,0,0,0,0,0,0,0,0,0,0,0,0,0,0,0,0,0,0,0,0,0,0,0
1986,25,10,13,42.137,2,7,0,-1,1,0,1,1,25,0,0,0,1028,0,0,0,0,0,1,1,0,0,0,-45.70910005,0,0,0,0,3,1,1,5,10,0,0,0,3,1,1,5,1000,0,0,0,0,0,0,0,0,0,0,0,0,0,0,0,0,0,0,0,0,0,0,0,0,0,0,0,0,0,0,0,0,0,0,0,0,0,0,0,0,0,0,0,0,0,0,0,0,0,0,0
1986,25,10,15,18.136,2,7,0,-1,1,0,1,1,25,0,0,0,1028,0,0,0,0,0,1,1,0,0,0,-45.79731247,0,0,0,0,3,1,1,5,10,0,0,0,3,1,1,5,1000,0,0,0,0,0,0,0,0,0,0,0,0,0,0,0,0,0,0,0,0,0,0,0,0,0,0,0,0,0,0,0,0,0,0,0,0,0,0,0,0,0,0,0,0,0,0,0,0,0,0,0
1986,25,10,19,18.136,2,7,0,-1,1,0,1,1,25,0,0,0,1028,0,0,0,0,0,1,1,0,0,0,-46.01783719,0,0,0,0,3,1,1,5,10,0,0,0,3,1,1,5,1000,0,0,0,0,0,0,0,0,0,0,0,0,0,0,0,0,0,0,0,0,0,0,0,0,0,0,0,0,0,0,0,0,0,0,0,0,0,0,0,0,0,0,0,0,0,0,0,0,0,0,0
1986,25,10,20,54.136,2,7,0,-1,1,0,1,1,25,0,0,0,1028,0,0,0,0,0,1,1,0,0,0,-46.10604447,0,0,0,0,3,1,1,5,10,0,0,0,3,1,1,5,1000,0,0,0,0,0,0,0,0,0,0,0,0,0,0,0,0,0,0,0,0,0,0,0,0,0,0,0,0,0,0,0,0,0,0,0,0,0,0,0,0,0,0,0,0,0,0,0,0,0,0,0
1986,25,10,22,30.136,2,7,0,-1,1,0,1,1,25,0,0,0,1028,0,0,0,0,0,1,1,0,0,0,-46.19425014,0,0,0,0,3,1,1,5,10,0,0,0,3,1,1,5,1000,0,0,0,0,0,0,0,0,0,0,0,0,0,0,0,0,0,0,0,0,0,0,0,0,0,0,0,0,0,0,0,0,0,0,0,0,0,0,0,0,0,0,0,0,0,0,0,0,0,0,0
1986,25,10,24,6.136,2,7,0,-1,1,0,1,1,25,0,0,0,1028,0,0,0,0,0,1,1,0,0,0,-46.28245421,0,0,0,0,3,1,1,5,10,0,0,0,3,1,1,5,1000,0,0,0,0,0,0,0,0,0,0,0,0,0,0,0,0,0,0,0,0,0,0,0,0,0,0,0,0,0,0,0,0,0,0,0,0,0,0,0,0,0,0,0,0,0,0,0,0,0,0,0
1986,25,10,25,42.136,2,7,0,-1,1,0,1,1,25,0,0,0,1028,0,0,0,0,0,1,1,0,0,0,-46.37065667,0,0,0,0,3,1,1,5,10,0,0,0,3,1,1,5,1000,0,0,0,0,0,0,0,0,0,0,0,0,0,0,0,0,0,0,0,0,0,0,0,0,0,0,0,0,0,0,0,0,0,0,0,0,0,0,0,0,0,0,0,0,0,0,0,0,0,0,0
1986,25,10,27,18.136,2,7,0,-1,1,0,1,1,25,0,0,0,1028,0,0,0,0,0,1,1,0,0,0,-46.45885754,0,0,0,0,3,1,1,5,10,0,0,0,3,1,1,5,1000,0,0,0,0,0,0,0,0,0,0,0,0,0,0,0,0,0,0,0,0,0,0,0,0,0,0,0,0,0,0,0,0,0,0,0,0,0,0,0,0,0,0,0,0,0,0,0,0,0,0,0
1986,25,10,31,18.135,2,7,0,-1,1,0,1,1,25,0,0,0,1028,0,0,0,0,0,1,1,0,0,0,-46.67935178,0,0,0,0,3,1,1,5,10,0,0,0,3,1,1,5,1000,0,0,0,0,0,0,0,0,0,0,0,0,0,0,0,0,0,0,0,0,0,0,0,0,0,0,0,0,0,0,0,0,0,0,0,0,0,0,0,0,0,0,0,0,0,0,0,0,0,0,0
1986,25,10,32,54.135,2,7,0,-1,1,0,1,1,25,0,0,0,1028,0,0,0,0,0,1,1,0,0,0,-46.76754704,0,0,0,0,3,1,1,5,10,0,0,0,3,1,1,5,1000,0,0,0,0,0,0,0,0,0,0,0,0,0,0,0,0,0,0,0,0,0,0,0,0,0,0,0,0,0,0,0,0,0,0,0,0,0,0,0,0,0,0,0,0,0,0,0,0,0,0,0
1986,25,10,34,30.135,2,7,0,-1,1,0,1,1,25,0,0,0,1028,0,0,0,0,0,1,1,0,0,0,-46.8557407,0,0,0,0,3,1,1,5,10,0,0,0,3,1,1,5,1000,0,0,0,0,0,0,0,0,0,0,0,0,0,0,0,0,0,0,0,0,0,0,0,0,0,0,0,0,0,0,0,0,0,0,0,0,0,0,0,0,0,0,0,0,0,0,0,0,0,0,0
1986,25,10,36,6.135,2,7,0,-1,1,0,1,1,25,0,0,0,1028,0,0,0,0,0,1,1,0,0,0,-46.94393276,0,0,0,0,3,1,1,5,10,0,0,0,3,1,1,5,1000,0,0,0,0,0,0,0,0,0,0,0,0,0,0,0,0,0,0,0,0,0,0,0,0,0,0,0,0,0,0,0,0,0,0,0,0,0,0,0,0,0,0,0,0,0,0,0,0,0,0,0
1986,25,10,37,42.135,2,7,0,-1,1,0,1,1,25,0,0,0,1028,0,0,0,0,0,1,1,0,0,0,-47.03212322,0,0,0,0,3,1,1,5,10,0,0,0,3,1,1,5,1000,0,0,0,0,0,0,0,0,0,0,0,0,0,0,0,0,0,0,0,0,0,0,0,0,0,0,0,0,0,0,0,0,0,0,0,0,0,0,0,0,0,0,0,0,0,0,0,0,0,0,0
1986,25,10,39,18.135,2,7,0,-1,1,0,1,1,25,0,0,0,1028,0,0,0,0,0,1,1,0,0,0,-47.12031207,0,0,0,0,3,1,1,5,10,0,0,0,3,1,1,5,1000,0,0,0,0,0,0,0,0,0,0,0,0,0,0,0,0,0,0,0,0,0,0,0,0,0,0,0,0,0,0,0,0,0,0,0,0,0,0,0,0,0,0,0,0,0,0,0,0,0,0,0
1986,25,10,43,18.135,2,7,0,-1,1,0,1,1,25,0,0,0,1028,0,0,0,0,0,1,1,0,0,0,-47.34077721,0,0,0,0,3,1,1,5,10,0,0,0,3,1,1,5,1000,0,0,0,0,0,0,0,0,0,0,0,0,0,0,0,0,0,0,0,0,0,0,0,0,0,0,0,0,0,0,0,0,0,0,0,0,0,0,0,0,0,0,0,0,0,0,0,0,0,0,0
1986,25,10,44,54.135,2,7,0,-1,1,0,1,1,25,0,0,0,1028,0,0,0,0,0,1,1,0,0,0,-47.42896047,0,0,0,0,3,1,1,5,10,0,0,0,3,1,1,5,1000,0,0,0,0,0,0,0,0,0,0,0,0,0,0,0,0,0,0,0,0,0,0,0,0,0,0,0,0,0,0,0,0,0,0,0,0,0,0,0,0,0,0,0,0,0,0,0,0,0,0,0
1986,25,10,46,30.134,2,7,0,-1,1,0,1,1,25,0,0,0,1028,0,0,0,0,0,1,1,0,0,0,-47.5171412,0,0,0,0,3,1,1,5,10,0,0,0,3,1,1,5,1000,0,0,0,0,0,0,0,0,0,0,0,0,0,0,0,0,0,0,0,0,0,0,0,0,0,0,0,0,0,0,0,0,0,0,0,0,0,0,0,0,0,0,0,0,0,0,0,0,0,0,0
1986,25,10,48,6.134,2,7,0,-1,1,0,1,1,25,0,0,0,1028,0,0,0,0,0,1,1,0,0,0,-47.60532126,0,0,0,0,3,1,1,5,10,0,0,0,3,1,1,5,1000,0,0,0,0,0,0,0,0,0,0,0,0,0,0,0,0,0,0,0,0,0,0,0,0,0,0,0,0,0,0,0,0,0,0,0,0,0,0,0,0,0,0,0,0,0,0,0,0,0,0,0
1986,25,10,49,42.134,2,7,0,-1,1,0,1,1,25,0,0,0,1028,0,0,0,0,0,1,1,0,0,0,-47.69349971,0,0,0,0,3,1,1,5,10,0,0,0,3,1,1,5,1000,0,0,0,0,0,0,0,0,0,0,0,0,0,0,0,0,0,0,0,0,0,0,0,0,0,0,0,0,0,0,0,0,0,0,0,0,0,0,0,0,0,0,0,0,0,0,0,0,0,0,0
1986,25,10,51,18.134,2,7,0,-1,1,0,1,1,25,0,0,0,1028,0,0,0,0,0,1,1,0,0,0,-47.78167657,0,0,0,0,3,1,1,5,10,0,0,0,3,1,1,5,1000,0,0,0,0,0,0,0,0,0,0,0,0,0,0,0,0,0,0,0,0,0,0,0,0,0,0,0,0,0,0,0,0,0,0,0,0,0,0,0,0,0,0,0,0,0,0,0,0,0,0,0
1986,25,10,55,18.134,2,7,0,-1,1,0,1,1,25,0,0,0,1028,0,0,0,0,0,1,1,0,0,0,-48.00211172,0,0,0,0,3,1,1,5,10,0,0,0,3,1,1,5,1000,0,0,0,0,0,0,0,0,0,0,0,0,0,0,0,0,0,0,0,0,0,0,0,0,0,0,0,0,0,0,0,0,0,0,0,0,0,0,0,0,0,0,0,0,0,0,0,0,0,0,0
1986,25,10,56,54.134,2,7,0,-1,1,0,1,1,25,0,0,0,1028,0,0,0,0,0,1,1,0,0,0,-48.09028298,0,0,0,0,3,1,1,5,10,0,0,0,3,1,1,5,1000,0,0,0,0,0,0,0,0,0,0,0,0,0,0,0,0,0,0,0,0,0,0,0,0,0,0,0,0,0,0,0,0,0,0,0,0,0,0,0,0,0,0,0,0,0,0,0,0,0,0,0
1986,25,10,58,30.134,2,7,0,-1,1,0,1,1,25,0,0,0,1028,0,0,0,0,0,1,1,0,0,0,-48.17845265,0,0,0,0,3,1,1,5,10,0,0,0,3,1,1,5,1000,0,0,0,0,0,0,0,0,0,0,0,0,0,0,0,0,0,0,0,0,0,0,0,0,0,0,0,0,0,0,0,0,0,0,0,0,0,0,0,0,0,0,0,0,0,0,0,0,0,0,0
1986,25,11,0,6.134,2,7,0,-1,1,0,1,1,25,0,0,0,1028,0,0,0,0,0,1,1,0,0,0,-48.26662072,0,0,0,0,3,1,1,5,10,0,0,0,3,1,1,5,1000,0,0,0,0,0,0,0,0,0,0,0,0,0,0,0,0,0,0,0,0,0,0,0,0,0,0,0,0,0,0,0,0,0,0,0,0,0,0,0,0,0,0,0,0,0,0,0,0,0,0,0
1986,25,11,1,42.133,2,7,0,-1,1,0,1,1,25,0,0,0,1028,0,0,0,0,0,1,1,0,0,0,-48.35478627,0,0,0,0,3,1,1,5,10,0,0,0,3,1,1,5,1000,0,0,0,0,0,0,0,0,0,0,0,0,0,0,0,0,0,0,0,0,0,0,0,0,0,0,0,0,0,0,0,0,0,0,0,0,0,0,0,0,0,0,0,0,0,0,0,0,0,0,0
1986,25,11,3,18.133,2,7,0,-1,1,0,1,1,25,0,0,0,1028,0,0,0,0,0,1,1,0,0,0,-48.44295115,0,0,0,0,3,1,1,5,10,0,0,0,3,1,1,5,1000,0,0,0,0,0,0,0,0,0,0,0,0,0,0,0,0,0,0,0,0,0,0,0,0,0,0,0,0,0,0,0,0,0,0,0,0,0,0,0,0,0,0,0,0,0,0,0,0,0,0,0
1986,25,11,7,18.133,2,7,0,-1,1,0,1,1,25,0,0,0,1028,0,0,0,0,0,1,1,0,0,0,-48.66335637,0,0,0,0,3,1,1,5,10,0,0,0,3,1,1,5,1000,0,0,0,0,0,0,0,0,0,0,0,0,0,0,0,0,0,0,0,0,0,0,0,0,0,0,0,0,0,0,0,0,0,0,0,0,0,0,0,0,0,0,0,0,0,0,0,0,0,0,0
1986,25,11,8,54.133,2,7,0,-1,1,0,1,1,25,0,0,0,1028,0,0,0,0,0,1,1,0,0,0,-48.75151567,0,0,0,0,3,1,1,5,10,0,0,0,3,1,1,5,1000,0,0,0,0,0,0,0,0,0,0,0,0,0,0,0,0,0,0,0,0,0,0,0,0,0,0,0,0,0,0,0,0,0,0,0,0,0,0,0,0,0,0,0,0,0,0,0,0,0,0,0
1986,25,11,10,30.133,2,7,0,-1,1,0,1,1,25,0,0,0,1028,0,0,0,0,0,1,1,0,0,0,-48.83967337,0,0,0,0,3,1,1,5,10,0,0,0,3,1,1,5,1000,0,0,0,0,0,0,0,0,0,0,0,0,0,0,0,0,0,0,0,0,0,0,0,0,0,0,0,0,0,0,0,0,0,0,0,0,0,0,0,0,0,0,0,0,0,0,0,0,0,0,0
1986,25,11,12,6.133,2,7,0,-1,1,0,1,1,25,0,0,0,1028,0,0,0,0,0,1,1,0,0,0,-48.92782949,0,0,0,0,3,1,1,5,10,0,0,0,3,1,1,5,1000,0,0,0,0,0,0,0,0,0,0,0,0,0,0,0,0,0,0,0,0,0,0,0,0,0,0,0,0,0,0,0,0,0,0,0,0,0,0,0,0,0,0,0,0,0,0,0,0,0,0,0
1986,25,11,13,42.133,2,7,0,-1,1,0,1,1,25,0,0,0,1028,0,0,0,0,0,1,1,0,0,0,-49.01598401,0,0,0,0,3,1,1,5,10,0,0,0,3,1,1,5,1000,0,0,0,0,0,0,0,0,0,0,0,0,0,0,0,0,0,0,0,0,0,0,0,0,0,0,0,0,0,0,0,0,0,0,0,0,0,0,0,0,0,0,0,0,0,0,0,0,0,0,0
1986,25,11,15,18.133,2,7,0,-1,1,0,1,1,25,0,0,0,1028,0,0,0,0,0,1,1,0,0,0,-49.10413694,0,0,0,0,3,1,1,5,10,0,0,0,3,1,1,5,1000,0,0,0,0,0,0,0,0,0,0,0,0,0,0,0,0,0,0,0,0,0,0,0,0,0,0,0,0,0,0,0,0,0,0,0,0,0,0,0,0,0,0,0,0,0,0,0,0,0,0,0
1986,25,11,19,18.132,2,7,0,-1,1,0,1,1,25,0,0,0,1028,0,0,0,0,0,1,1,0,0,0,-49.32451139,0,0,0,0,3,1,1,5,10,0,0,0,3,1,1,5,1000,0,0,0,0,0,0,0,0,0,0,0,0,0,0,0,0,0,0,0,0,0,0,0,0,0,0,0,0,0,0,0,0,0,0,0,0,0,0,0,0,0,0,0,0,0,0,0,0,0,0,0
1986,25,11,20,54.132,2,7,0,-1,1,0,1,1,25,0,0,0,1028,0,0,0,0,0,1,1,0,0,0,-49.41265876,0,0,0,0,3,1,1,5,10,0,0,0,3,1,1,5,1000,0,0,0,0,0,0,0,0,0,0,0,0,0,0,0,0,0,0,0,0,0,0,0,0,0,0,0,0,0,0,0,0,0,0,0,0,0,0,0,0,0,0,0,0,0,0,0,0,0,0,0
1986,25,11,22,30.132,2,7,0,-1,1,0,1,1,25,0,0,0,1028,0,0,0,0,0,1,1,0,0,0,-49.50080454,0,0,0,0,3,1,1,5,10,0,0,0,3,1,1,5,1000,0,0,0,0,0,0,0,0,0,0,0,0,0,0,0,0,0,0,0,0,0,0,0,0,0,0,0,0,0,0,0,0,0,0,0,0,0,0,0,0,0,0,0,0,0,0,0,0,0,0,0
1986,25,11,24,6.132,2,7,0,-1,1,0,1,1,25,0,0,0,1028,0,0,0,0,0,1,1,0,0,0,-49.58894874,0,0,0,0,3,1,1,5,10,0,0,0,3,1,1,5,1000,0,0,0,0,0,0,0,0,0,0,0,0,0,0,0,0,0,0,0,0,0,0,0,0,0,0,0,0,0,0,0,0,0,0,0,0,0,0,0,0,0,0,0,0,0,0,0,0,0,0,0
1986,25,11,25,42.132,2,7,0,-1,1,0,1,1,25,0,0,0,1028,0,0,0,0,0,1,1,0,0,0,-49.67709134,0,0,0,0,3,1,1,5,10,0,0,0,3,1,1,5,1000,0,0,0,0,0,0,0,0,0,0,0,0,0,0,0,0,0,0,0,0,0,0,0,0,0,0,0,0,0,0,0,0,0,0,0,0,0,0,0,0,0,0,0,0,0,0,0,0,0,0,0
1986,25,11,27,18.132,2,7,0,-1,1,0,1,1,25,0,0,0,1028,0,0,0,0,0,1,1,0,0,0,-49.76523237,0,0,0,0,3,1,1,5,10,0,0,0,3,1,1,5,1000,0,0,0,0,0,0,0,0,0,0,0,0,0,0,0,0,0,0,0,0,0,0,0,0,0,0,0,0,0,0,0,0,0,0,0,0,0,0,0,0,0,0,0,0,0,0,0,0,0,0,0
1986,25,11,31,18.131,2,7,0,-1,1,0,1,1,25,0,0,0,1028,0,0,0,0,0,1,1,0,0,0,-49.98557754,0,0,0,0,3,1,1,5,10,0,0,0,3,1,1,5,1000,0,0,0,0,0,0,0,0,0,0,0,0,0,0,0,0,0,0,0,0,0,0,0,0,0,0,0,0,0,0,0,0,0,0,0,0,0,0,0,0,0,0,0,0,0,0,0,0,0,0,0
1986,25,11,32,54.131,2,7,0,-1,1,0,1,1,25,0,0,0,1028,0,0,0,0,0,1,1,0,0,0,-50.07371256,0,0,0,0,3,1,1,5,10,0,0,0,3,1,1,5,1000,0,0,0,0,0,0,0,0,0,0,0,0,0,0,0,0,0,0,0,0,0,0,0,0,0,0,0,0,0,0,0,0,0,0,0,0,0,0,0,0,0,0,0,0,0,0,0,0,0,0,0
1986,25,11,34,30.131,2,7,0,-1,1,0,1,1,25,0,0,0,1028,0,0,0,0,0,1,1,0,0,0,-50.16184646,0,0,0,0,3,1,1,5,10,0,0,0,3,1,1,5,1000,0,0,0,0,0,0,0,0,0,0,0,0,0,0,0,0,0,0,0,0,0,0,0,0,0,0,0,0,0,0,0,0,0,0,0,0,0,0,0,0,0,0,0,0,0,0,0,0,0,0,0
1986,25,11,36,6.131,2,7,0,-1,1,0,1,1,25,0,0,0,1028,0,0,0,0,0,1,1,0,0,0,-50.24997879,0,0,0,0,3,1,1,5,10,0,0,0,3,1,1,5,1000,0,0,0,0,0,0,0,0,0,0,0,0,0,0,0,0,0,0,0,0,0,0,0,0,0,0,0,0,0,0,0,0,0,0,0,0,0,0,0,0,0,0,0,0,0,0,0,0,0,0,0
1986,25,11,37,42.131,2,7,0,-1,1,0,1,1,25,0,0,0,1028,0,0,0,0,0,1,1,0,0,0,-50.33810953,0,0,0,0,3,1,1,5,10,0,0,0,3,1,1,5,1000,0,0,0,0,0,0,0,0,0,0,0,0,0,0,0,0,0,0,0,0,0,0,0,0,0,0,0,0,0,0,0,0,0,0,0,0,0,0,0,0,0,0,0,0,0,0,0,0,0,0,0
1986,25,11,39,18.131,2,7,0,-1,1,0,1,1,25,0,0,0,1028,0,0,0,0,0,1,1,0,0,0,-50.42623869,0,0,0,0,3,1,1,5,10,0,0,0,3,1,1,5,1000,0,0,0,0,0,0,0,0,0,0,0,0,0,0,0,0,0,0,0,0,0,0,0,0,0,0,0,0,0,0,0,0,0,0,0,0,0,0,0,0,0,0,0,0,0,0,0,0,0,0,0
1986,25,11,43,18.131,2,7,0,-1,1,0,1,1,25,0,0,0,1028,0,0,0,0,0,1,1,0,0,0,-50.6465547,0,0,0,0,3,1,1,5,10,0,0,0,3,1,1,5,1000,0,0,0,0,0,0,0,0,0,0,0,0,0,0,0,0,0,0,0,0,0,0,0,0,0,0,0,0,0,0,0,0,0,0,0,0,0,0,0,0,0,0,0,0,0,0,0,0,0,0,0
1986,25,11,44,54.131,2,7,0,-1,1,0,1,1,25,0,0,0,1028,0,0,0,0,0,1,1,0,0,0,-50.73467835,0,0,0,0,3,1,1,5,10,0,0,0,3,1,1,5,1000,0,0,0,0,0,0,0,0,0,0,0,0,0,0,0,0,0,0,0,0,0,0,0,0,0,0,0,0,0,0,0,0,0,0,0,0,0,0,0,0,0,0,0,0,0,0,0,0,0,0,0
1986,25,11,46,30.13,2,7,0,-1,1,0,1,1,25,0,0,0,1028,0,0,0,0,0,1,1,0,0,0,-50.82279997,0,0,0,0,3,1,1,5,10,0,0,0,3,1,1,5,1000,0,0,0,0,0,0,0,0,0,0,0,0,0,0,0,0,0,0,0,0,0,0,0,0,0,0,0,0,0,0,0,0,0,0,0,0,0,0,0,0,0,0,0,0,0,0,0,0,0,0,0
1986,25,11,48,6.13,2,7,0,-1,1,0,1,1,25,0,0,0,1028,0,0,0,0,0,1,1,0,0,0,-50.91092001,0,0,0,0,3,1,1,5,10,0,0,0,3,1,1,5,1000,0,0,0,0,0,0,0,0,0,0,0,0,0,0,0,0,0,0,0,0,0,0,0,0,0,0,0,0,0,0,0,0,0,0,0,0,0,0,0,0,0,0,0,0,0,0,0,0,0,0,0
1986,25,11,49,42.13,2,7,0,-1,1,0,1,1,25,0,0,0,1028,0,0,0,0,0,1,1,0,0,0,-50.99903894,0,0,0,0,3,1,1,5,10,0,0,0,3,1,1,5,1000,0,0,0,0,0,0,0,0,0,0,0,0,0,0,0,0,0,0,0,0,0,0,0,0,0,0,0,0,0,0,0,0,0,0,0,0,0,0,0,0,0,0,0,0,0,0,0,0,0,0,0
1986,25,11,51,18.13,2,7,0,-1,1,0,1,1,25,0,0,0,1028,0,0,0,0,0,1,1,0,0,0,-51.0871563,0,0,0,0,3,1,1,5,10,0,0,0,3,1,1,5,1000,0,0,0,0,0,0,0,0,0,0,0,0,0,0,0,0,0,0,0,0,0,0,0,0,0,0,0,0,0,0,0,0,0,0,0,0,0,0,0,0,0,0,0,0,0,0,0,0,0,0,0
1986,25,11,55,18.13,2,7,0,-1,1,0,1,1,25,0,0,0,1028,0,0,0,0,0,1,1,0,0,0,-51.30744284,0,0,0,0,3,1,1,5,10,0,0,0,3,1,1,5,1000,0,0,0,0,0,0,0,0,0,0,0,0,0,0,0,0,0,0,0,0,0,0,0,0,0,0,0,0,0,0,0,0,0,0,0,0,0,0,0,0,0,0,0,0,0,0,0,0,0,0,0
1986,25,11,56,54.13,2,7,0,-1,1,0,1,1,25,0,0,0,1028,0,0,0,0,0,1,1,0,0,0,-51.39555471,0,0,0,0,3,1,1,5,10,0,0,0,3,1,1,5,1000,0,0,0,0,0,0,0,0,0,0,0,0,0,0,0,0,0,0,0,0,0,0,0,0,0,0,0,0,0,0,0,0,0,0,0,0,0,0,0,0,0,0,0,0,0,0,0,0,0,0,0
1986,25,11,58,30.13,2,7,0,-1,1,0,1,1,25,0,0,0,1028,0,0,0,0,0,1,1,0,0,0,-51.48366502,0,0,0,0,3,1,1,5,10,0,0,0,3,1,1,5,1000,0,0,0,0,0,0,0,0,0,0,0,0,0,0,0,0,0,0,0,0,0,0,0,0,0,0,0,0,0,0,0,0,0,0,0,0,0,0,0,0,0,0,0,0,0,0,0,0,0,0,0
1986,25,12,0,6.13,2,7,0,-1,1,0,1,1,25,0,0,0,1028,0,0,0,0,0,1,1,0,0,0,-51.57177376,0,0,0,0,3,1,1,5,10,0,0,0,3,1,1,5,1000,0,0,0,0,0,0,0,0,0,0,0,0,0,0,0,0,0,0,0,0,0,0,0,0,0,0,0,0,0,0,0,0,0,0,0,0,0,0,0,0,0,0,0,0,0,0,0,0,0,0,0
1986,25,12,1,42.129,2,7,0,-1,1,0,1,1,25,0,0,0,1028,0,0,0,0,0,1,1,0,0,0,-51.65988002,0,0,0,0,3,1,1,5,10,0,0,0,3,1,1,5,1000,0,0,0,0,0,0,0,0,0,0,0,0,0,0,0,0,0,0,0,0,0,0,0,0,0,0,0,0,0,0,0,0,0,0,0,0,0,0,0,0,0,0,0,0,0,0,0,0,0,0,0
1986,25,12,3,18.129,2,7,0,-1,1,0,1,1,25,0,0,0,1028,0,0,0,0,0,1,1,0,0,0,-51.74798563,0,0,0,0,3,1,1,5,10,0,0,0,3,1,1,5,1000,0,0,0,0,0,0,0,0,0,0,0,0,0,0,0,0,0,0,0,0,0,0,0,0,0,0,0,0,0,0,0,0,0,0,0,0,0,0,0,0,0,0,0,0,0,0,0,0,0,0,0
1986,25,12,8,54.129,2,7,0,-1,1,0,1,1,25,0,0,0,1028,0,0,0,0,0,1,1,0,0,0,-52.05634301,0,0,0,0,3,1,1,5,10,0,0,0,3,1,1,5,1000,0,0,0,0,0,0,0,0,0,0,0,0,0,0,0,0,0,0,0,0,0,0,0,0,0,0,0,0,0,0,0,0,0,0,0,0,0,0,0,0,0,0,0,0,0,0,0,0,0,0,0
1986,25,12,10,30.129,2,7,0,-1,1,0,1,1,25,0,0,0,1028,0,0,0,0,0,1,1,0,0,0,-52.14444161,0,0,0,0,3,1,1,5,10,0,0,0,3,1,1,5,1000,0,0,0,0,0,0,0,0,0,0,0,0,0,0,0,0,0,0,0,0,0,0,0,0,0,0,0,0,0,0,0,0,0,0,0,0,0,0,0,0,0,0,0,0,0,0,0,0,0,0,0
1986,25,12,12,6.129,2,7,0,-1,1,0,1,1,25,0,0,0,1028,0,0,0,0,0,1,1,0,0,0,-52.23253866,0,0,0,0,3,1,1,5,10,0,0,0,3,1,1,5,1000,0,0,0,0,0,0,0,0,0,0,0,0,0,0,0,0,0,0,0,0,0,0,0,0,0,0,0,0,0,0,0,0,0,0,0,0,0,0,0,0,0,0,0,0,0,0,0,0,0,0,0
1986,25,12,13,42.129,2,7,0,-1,1,0,1,1,25,0,0,0,1028,0,0,0,0,0,1,1,0,0,0,-52.32063415,0,0,0,0,3,1,1,5,10,0,0,0,3,1,1,5,1000,0,0,0,0,0,0,0,0,0,0,0,0,0,0,0,0,0,0,0,0,0,0,0,0,0,0,0,0,0,0,0,0,0,0,0,0,0,0,0,0,0,0,0,0,0,0,0,0,0,0,0
1986,25,12,15,18.129,2,7,0,-1,1,0,1,1,25,0,0,0,1028,0,0,0,0,0,1,1,0,0,0,-52.40872809,0,0,0,0,3,1,1,5,10,0,0,0,3,1,1,5,1000,0,0,0,0,0,0,0,0,0,0,0,0,0,0,0,0,0,0,0,0,0,0,0,0,0,0,0,0,0,0,0,0,0,0,0,0,0,0,0,0,0,0,0,0,0,0,0,0,0,0,0
1986,25,12,19,18.128,2,7,0,-1,1,0,1,1,25,0,0,0,1028,0,0,0,0,0,1,1,0,0,0,-52.62895524,0,0,0,0,3,1,1,5,10,0,0,0,3,1,1,5,1000,0,0,0,0,0,0,0,0,0,0,0,0,0,0,0,0,0,0,0,0,0,0,0,0,0,0,0,0,0,0,0,0,0,0,0,0,0,0,0,0,0,0,0,0,0,0,0,0,0,0,0
1986,25,12,20,54.128,2,7,0,-1,1,0,1,1,25,0,0,0,1028,0,0,0,0,0,1,1,0,0,0,-52.71704376,0,0,0,0,3,1,1,5,10,0,0,0,3,1,1,5,1000,0,0,0,0,0,0,0,0,0,0,0,0,0,0,0,0,0,0,0,0,0,0,0,0,0,0,0,0,0,0,0,0,0,0,0,0,0,0,0,0,0,0,0,0,0,0,0,0,0,0,0
1986,25,12,22,30.128,2,7,0,-1,1,0,1,1,25,0,0,0,1028,0,0,0,0,0,1,1,0,0,0,-52.80513073,0,0,0,0,3,1,1,5,10,0,0,0,3,1,1,5,1000,0,0,0,0,0,0,0,0,0,0,0,0,0,0,0,0,0,0,0,0,0,0,0,0,0,0,0,0,0,0,0,0,0,0,0,0,0,0,0,0,0,0,0,0,0,0,0,0,0,0,0
1986,25,12,24,6.128,2,7,0,-1,1,0,1,1,25,0,0,0,1028,0,0,0,0,0,1,1,0,0,0,-52.89321615,0,0,0,0,3,1,1,5,10,0,0,0,3,1,1,5,1000,0,0,0,0,0,0,0,0,0,0,0,0,0,0,0,0,0,0,0,0,0,0,0,0,0,0,0,0,0,0,0,0,0,0,0,0,0,0,0,0,0,0,0,0,0,0,0,0,0,0,0
1986,25,12,25,42.128,2,7,0,-1,1,0,1,1,25,0,0,0,1028,0,0,0,0,0,1,1,0,0,0,-52.98130003,0,0,0,0,3,1,1,5,10,0,0,0,3,1,1,5,1000,0,0,0,0,0,0,0,0,0,0,0,0,0,0,0,0,0,0,0,0,0,0,0,0,0,0,0,0,0,0,0,0,0,0,0,0,0,0,0,0,0,0,0,0,0,0,0,0,0,0,0
1986,25,12,27,18.128,2,7,0,-1,1,0,1,1,25,0,0,0,1028,0,0,0,0,0,1,1,0,0,0,-53.06938236,0,0,0,0,3,1,1,5,10,0,0,0,3,1,1,5,1000,0,0,0,0,0,0,0,0,0,0,0,0,0,0,0,0,0,0,0,0,0,0,0,0,0,0,0,0,0,0,0,0,0,0,0,0,0,0,0,0,0,0,0,0,0,0,0,0,0,0,0
1986,25,12,31,18.127,2,7,0,-1,1,0,1,1,25,0,0,0,1028,0,0,0,0,0,1,1,0,0,0,-53.289581,0,0,0,0,3,1,1,5,10,0,0,0,3,1,1,5,1000,0,0,0,0,0,0,0,0,0,0,0,0,0,0,0,0,0,0,0,0,0,0,0,0,0,0,0,0,0,0,0,0,0,0,0,0,0,0,0,0,0,0,0,0,0,0,0,0,0,0,0
1986,25,12,32,54.127,2,7,0,-1,1,0,1,1,25,0,0,0,1028,0,0,0,0,0,1,1,0,0,0,-53.37765749,0,0,0,0,3,1,1,5,10,0,0,0,3,1,1,5,1000,0,0,0,0,0,0,0,0,0,0,0,0,0,0,0,0,0,0,0,0,0,0,0,0,0,0,0,0,0,0,0,0,0,0,0,0,0,0,0,0,0,0,0,0,0,0,0,0,0,0,0
1986,25,12,34,30.127,2,7,0,-1,1,0,1,1,25,0,0,0,1028,0,0,0,0,0,1,1,0,0,0,-53.4657329,0,0,0,0,3,1,1,5,10,0,0,0,3,1,1,5,1000,0,0,0,0,0,0,0,0,0,0,0,0,0,0,0,0,0,0,0,0,0,0,0,0,0,0,0,0,0,0,0,0,0,0,0,0,0,0,0,0,0,0,0,0,0,0,0,0,0,0,0
1986,25,12,36,6.127,2,7,0,-1,1,0,1,1,25,0,0,0,1028,0,0,0,0,0,1,1,0,0,0,-53.55380678,0,0,0,0,3,1,1,5,10,0,0,0,3,1,1,5,1000,0,0,0,0,0,0,0,0,0,0,0,0,0,0,0,0,0,0,0,0,0,0,0,0,0,0,0,0,0,0,0,0,0,0,0,0,0,0,0,0,0,0,0,0,0,0,0,0,0,0,0
1986,25,12,37,42.127,2,7,0,-1,1,0,1,1,25,0,0,0,1028,0,0,0,0,0,1,1,0,0,0,-53.64187912,0,0,0,0,3,1,1,5,10,0,0,0,3,1,1,5,1000,0,0,0,0,0,0,0,0,0,0,0,0,0,0,0,0,0,0,0,0,0,0,0,0,0,0,0,0,0,0,0,0,0,0,0,0,0,0,0,0,0,0,0,0,0,0,0,0,0,0,0
1986,25,12,39,18.127,2,7,0,-1,1,0,1,1,25,0,0,0,1028,0,0,0,0,0,1,1,0,0,0,-53.72994992,0,0,0,0,3,1,1,5,10,0,0,0,3,1,1,5,1000,0,0,0,0,0,0,0,0,0,0,0,0,0,0,0,0,0,0,0,0,0,0,0,0,0,0,0,0,0,0,0,0,0,0,0,0,0,0,0,0,0,0,0,0,0,0,0,0,0,0,0
1986,25,12,43,18.127,2,7,0,-1,1,0,1,1,25,0,0,0,1028,0,0,0,0,0,1,1,0,0,0,-53.95012025,0,0,0,0,3,1,1,5,10,0,0,0,3,1,1,5,1000,0,0,0,0,0,0,0,0,0,0,0,0,0,0,0,0,0,0,0,0,0,0,0,0,0,0,0,0,0,0,0,0,0,0,0,0,0,0,0,0,0,0,0,0,0,0,0,0,0,0,0
1986,25,12,44,54.127,2,7,0,-1,1,0,1,1,25,0,0,0,1028,0,0,0,0,0,1,1,0,0,0,-54.0381857,0,0,0,0,3,1,1,5,10,0,0,0,3,1,1,5,1000,0,0,0,0,0,0,0,0,0,0,0,0,0,0,0,0,0,0,0,0,0,0,0,0,0,0,0,0,0,0,0,0,0,0,0,0,0,0,0,0,0,0,0,0,0,0,0,0,0,0,0
1986,25,12,46,30.126,2,7,0,-1,1,0,1,1,25,0,0,0,1028,0,0,0,0,0,1,1,0,0,0,-54.12624917,0,0,0,0,3,1,1,5,10,0,0,0,3,1,1,5,1000,0,0,0,0,0,0,0,0,0,0,0,0,0,0,0,0,0,0,0,0,0,0,0,0,0,0,0,0,0,0,0,0,0,0,0,0,0,0,0,0,0,0,0,0,0,0,0,0,0,0,0
1986,25,12,48,6.126,2,7,0,-1,1,0,1,1,25,0,0,0,1028,0,0,0,0,0,1,1,0,0,0,-54.21431112,0,0,0,0,3,1,1,5,10,0,0,0,3,1,1,5,1000,0,0,0,0,0,0,0,0,0,0,0,0,0,0,0,0,0,0,0,0,0,0,0,0,0,0,0,0,0,0,0,0,0,0,0,0,0,0,0,0,0,0,0,0,0,0,0,0,0,0,0
1986,25,12,49,42.126,2,7,0,-1,1,0,1,1,25,0,0,0,1028,0,0,0,0,0,1,1,0,0,0,-54.302372,0,0,0,0,3,1,1,5,10,0,0,0,3,1,1,5,1000,0,0,0,0,0,0,0,0,0,0,0,0,0,0,0,0,0,0,0,0,0,0,0,0,0,0,0,0,0,0,0,0,0,0,0,0,0,0,0,0,0,0,0,0,0,0,0,0,0,0,0
1986,25,12,51,18.126,2,7,0,-1,1,0,1,1,25,0,0,0,1028,0,0,0,0,0,1,1,0,0,0,-54.39043136,0,0,0,0,3,1,1,5,10,0,0,0,3,1,1,5,1000,0,0,0,0,0,0,0,0,0,0,0,0,0,0,0,0,0,0,0,0,0,0,0,0,0,0,0,0,0,0,0,0,0,0,0,0,0,0,0,0,0,0,0,0,0,0,0,0,0,0,0
1986,25,12,55,18.126,2,7,0,-1,1,0,1,1,25,0,0,0,1028,0,0,0,0,0,1,1,0,0,0,-54.61057311,0,0,0,0,3,1,1,5,10,0,0,0,3,1,1,5,1000,0,0,0,0,0,0,0,0,0,0,0,0,0,0,0,0,0,0,0,0,0,0,0,0,0,0,0,0,0,0,0,0,0,0,0,0,0,0,0,0,0,0,0,0,0,0,0,0,0,0,0
1986,25,12,56,54.126,2,7,0,-1,1,0,1,1,25,0,0,0,1028,0,0,0,0,0,1,1,0,0,0,-54.69862716,0,0,0,0,3,1,1,5,10,0,0,0,3,1,1,5,1000,0,0,0,0,0,0,0,0,0,0,0,0,0,0,0,0,0,0,0,0,0,0,0,0,0,0,0,0,0,0,0,0,0,0,0,0,0,0,0,0,0,0,0,0,0,0,0,0,0,0,0
1986,25,12,58,30.126,2,7,0,-1,1,0,1,1,25,0,0,0,1028,0,0,0,0,0,1,1,0,0,0,-54.78667969,0,0,0,0,3,1,1,5,10,0,0,0,3,1,1,5,1000,0,0,0,0,0,0,0,0,0,0,0,0,0,0,0,0,0,0,0,0,0,0,0,0,0,0,0,0,0,0,0,0,0,0,0,0,0,0,0,0,0,0,0,0,0,0,0,0,0,0,0
1986,25,13,0,6.126,2,7,0,-1,1,0,1,1,25,0,0,0,1028,0,0,0,0,0,1,1,0,0,0,-54.87473071,0,0,0,0,3,1,1,5,10,0,0,0,3,1,1,5,1000,0,0,0,0,0,0,0,0,0,0,0,0,0,0,0,0,0,0,0,0,0,0,0,0,0,0,0,0,0,0,0,0,0,0,0,0,0,0,0,0,0,0,0,0,0,0,0,0,0,0,0
1986,25,13,1,42.125,2,7,0,-1,1,0,1,1,25,0,0,0,1028,0,0,0,0,0,1,1,0,0,0,-54.96277975,0,0,0,0,3,1,1,5,10,0,0,0,3,1,1,5,1000,0,0,0,0,0,0,0,0,0,0,0,0,0,0,0,0,0,0,0,0,0,0,0,0,0,0,0,0,0,0,0,0,0,0,0,0,0,0,0,0,0,0,0,0,0,0,0,0,0,0,0
1986,25,13,3,18.125,2,7,0,-1,1,0,1,1,25,0,0,0,1028,0,0,0,0,0,1,1,0,0,0,-55.05082729,0,0,0,0,3,1,1,5,10,0,0,0,3,1,1,5,1000,0,0,0,0,0,0,0,0,0,0,0,0,0,0,0,0,0,0,0,0,0,0,0,0,0,0,0,0,0,0,0,0,0,0,0,0,0,0,0,0,0,0,0,0,0,0,0,0,0,0,0
1986,25,13,7,18.125,2,7,0,-1,1,0,1,1,25,0,0,0,1028,0,0,0,0,0,1,1,0,0,0,-55.27094068,0,0,0,0,3,1,1,5,10,0,0,0,3,1,1,5,1000,0,0,0,0,0,0,0,0,0,0,0,0,0,0,0,0,0,0,0,0,0,0,0,0,0,0,0,0,0,0,0,0,0,0,0,0,0,0,0,0,0,0,0,0,0,0,0,0,0,0,0
1986,25,13,8,54.125,2,7,0,-1,1,0,1,1,25,0,0,0,1028,0,0,0,0,0,1,1,0,0,0,-55.3589834,0,0,0,0,3,1,1,5,10,0,0,0,3,1,1,5,1000,0,0,0,0,0,0,0,0,0,0,0,0,0,0,0,0,0,0,0,0,0,0,0,0,0,0,0,0,0,0,0,0,0,0,0,0,0,0,0,0,0,0,0,0,0,0,0,0,0,0,0
1986,25,13,10,30.125,2,7,0,-1,1,0,1,1,25,0,0,0,1028,0,0,0,0,0,1,1,0,0,0,-55.44702462,0,0,0,0,3,1,1,5,10,0,0,0,3,1,1,5,1000,0,0,0,0,0,0,0,0,0,0,0,0,0,0,0,0,0,0,0,0,0,0,0,0,0,0,0,0,0,0,0,0,0,0,0,0,0,0,0,0,0,0,0,0,0,0,0,0,0,0,0
1986,25,13,12,6.125,2,7,0,-1,1,0,1,1,25,0,0,0,1028,0,0,0,0,0,1,1,0,0,0,-55.53506434,0,0,0,0,3,1,1,5,10,0,0,0,3,1,1,5,1000,0,0,0,0,0,0,0,0,0,0,0,0,0,0,0,0,0,0,0,0,0,0,0,0,0,0,0,0,0,0,0,0,0,0,0,0,0,0,0,0,0,0,0,0,0,0,0,0,0,0,0
1986,25,13,13,42.125,2,7,0,-1,1,0,1,1,25,0,0,0,1028,0,0,0,0,0,1,1,0,0,0,-55.62310255,0,0,0,0,3,1,1,5,10,0,0,0,3,1,1,5,1000,0,0,0,0,0,0,0,0,0,0,0,0,0,0,0,0,0,0,0,0,0,0,0,0,0,0,0,0,0,0,0,0,0,0,0,0,0,0,0,0,0,0,0,0,0,0,0,0,0,0,0
1986,25,13,15,18.125,2,7,0,-1,1,0,1,1,25,0,0,0,1028,0,0,0,0,0,1,1,0,0,0,-55.71113927,0,0,0,0,3,1,1,5,10,0,0,0,3,1,1,5,1000,0,0,0,0,0,0,0,0,0,0,0,0,0,0,0,0,0,0,0,0,0,0,0,0,0,0,0,0,0,0,0,0,0,0,0,0,0,0,0,0,0,0,0,0,0,0,0,0,0,0,0
1986,25,13,19,18.124,2,7,0,-1,1,0,1,1,25,0,0,0,1028,0,0,0,0,0,1,1,0,0,0,-55.9312236,0,0,0,0,3,1,1,5,10,0,0,0,3,1,1,5,1000,0,0,0,0,0,0,0,0,0,0,0,0,0,0,0,0,0,0,0,0,0,0,0,0,0,0,0,0,0,0,0,0,0,0,0,0,0,0,0,0,0,0,0,0,0,0,0,0,0,0,0
1986,25,13,20,54.124,2,7,0,-1,1,0,1,1,25,0,0,0,1028,0,0,0,0,0,1,1,0,0,0,-56.01925508,0,0,0,0,3,1,1,5,10,0,0,0,3,1,1,5,1000,0,0,0,0,0,0,0,0,0,0,0,0,0,0,0,0,0,0,0,0,0,0,0,0,0,0,0,0,0,0,0,0,0,0,0,0,0,0,0,0,0,0,0,0,0,0,0,0,0,0,0
1986,25,13,22,30.124,2,7,0,-1,1,0,1,1,25,0,0,0,1028,0,0,0,0,0,1,1,0,0,0,-56.10728508,0,0,0,0,3,1,1,5,10,0,0,0,3,1,1,5,1000,0,0,0,0,0,0,0,0,0,0,0,0,0,0,0,0,0,0,0,0,0,0,0,0,0,0,0,0,0,0,0,0,0,0,0,0,0,0,0,0,0,0,0,0,0,0,0,0,0,0,0
1986,25,13,24,6.124,2,7,0,-1,1,0,1,1,25,0,0,0,1028,0,0,0,0,0,1,1,0,0,0,-56.19531358,0,0,0,0,3,1,1,5,10,0,0,0,3,1,1,5,1000,0,0,0,0,0,0,0,0,0,0,0,0,0,0,0,0,0,0,0,0,0,0,0,0,0,0,0,0,0,0,0,0,0,0,0,0,0,0,0,0,0,0,0,0,0,0,0,0,0,0,0
1986,25,13,25,42.124,2,7,0,-1,1,0,1,1,25,0,0,0,1028,0,0,0,0,0,1,1,0,0,0,-56.28334059,0,0,0,0,3,1,1,5,10,0,0,0,3,1,1,5,1000,0,0,0,0,0,0,0,0,0,0,0,0,0,0,0,0,0,0,0,0,0,0,0,0,0,0,0,0,0,0,0,0,0,0,0,0,0,0,0,0,0,0,0,0,0,0,0,0,0,0,0
1986,25,13,27,18.124,2,7,0,-1,1,0,1,1,25,0,0,0,1028,0,0,0,0,0,1,1,0,0,0,-56.37136612,0,0,0,0,3,1,1,5,10,0,0,0,3,1,1,5,1000,0,0,0,0,0,0,0,0,0,0,0,0,0,0,0,0,0,0,0,0,0,0,0,0,0,0,0,0,0,0,0,0,0,0,0,0,0,0,0,0,0,0,0,0,0,0,0,0,0,0,0
1986,25,13,31,18.124,2,7,0,-1,1,0,1,1,25,0,0,0,1028,0,0,0,0,0,1,1,0,0,0,-56.59142345,0,0,0,0,3,1,1,5,10,0,0,0,3,1,1,5,1000,0,0,0,0,0,0,0,0,0,0,0,0,0,0,0,0,0,0,0,0,0,0,0,0,0,0,0,0,0,0,0,0,0,0,0,0,0,0,0,0,0,0,0,0,0,0,0,0,0,0,0
1986,25,13,32,54.123,2,7,0,-1,1,0,1,1,25,0,0,0,1028,0,0,0,0,0,1,1,0,0,0,-56.67944287,0,0,0,0,3,1,1,5,10,0,0,0,3,1,1,5,1000,0,0,0,0,0,0,0,0,0,0,0,0,0,0,0,0,0,0,0,0,0,0,0,0,0,0,0,0,0,0,0,0,0,0,0,0,0,0,0,0,0,0,0,0,0,0,0,0,0,0,0
1986,25,13,34,30.123,2,7,0,-1,1,0,1,1,25,0,0,0,1028,0,0,0,0,0,1,1,0,0,0,-56.76746173,0,0,0,0,3,1,1,5,10,0,0,0,3,1,1,5,1000,0,0,0,0,0,0,0,0,0,0,0,0,0,0,0,0,0,0,0,0,0,0,0,0,0,0,0,0,0,0,0,0,0,0,0,0,0,0,0,0,0,0,0,0,0,0,0,0,0,0,0
1986,25,13,36,6.123,2,7,0,-1,1,0,1,1,25,0,0,0,1028,0,0,0,0,0,1,1,0,0,0,-56.85547911,0,0,0,0,3,1,1,5,10,0,0,0,3,1,1,5,1000,0,0,0,0,0,0,0,0,0,0,0,0,0,0,0,0,0,0,0,0,0,0,0,0,0,0,0,0,0,0,0,0,0,0,0,0,0,0,0,0,0,0,0,0,0,0,0,0,0,0,0
1986,25,13,37,42.123,2,7,0,-1,1,0,1,1,25,0,0,0,1028,0,0,0,0,0,1,1,0,0,0,-56.94349501,0,0,0,0,3,1,1,5,10,0,0,0,3,1,1,5,1000,0,0,0,0,0,0,0,0,0,0,0,0,0,0,0,0,0,0,0,0,0,0,0,0,0,0,0,0,0,0,0,0,0,0,0,0,0,0,0,0,0,0,0,0,0,0,0,0,0,0,0
1986,25,13,39,18.123,2,7,0,-1,1,0,1,1,25,0,0,0,1028,0,0,0,0,0,1,1,0,0,0,-57.03150944,0,0,0,0,3,1,1,5,10,0,0,0,3,1,1,5,1000,0,0,0,0,0,0,0,0,0,0,0,0,0,0,0,0,0,0,0,0,0,0,0,0,0,0,0,0,0,0,0,0,0,0,0,0,0,0,0,0,0,0,0,0,0,0,0,0,0,0,0
1986,25,13,43,18.123,2,7,0,-1,1,0,1,1,25,0,0,0,1028,0,0,0,0,0,1,1,0,0,0,-57.25153908,0,0,0,0,3,1,1,5,10,0,0,0,3,1,1,5,1000,0,0,0,0,0,0,0,0,0,0,0,0,0,0,0,0,0,0,0,0,0,0,0,0,0,0,0,0,0,0,0,0,0,0,0,0,0,0,0,0,0,0,0,0,0,0,0,0,0,0,0
1986,25,13,44,54.123,2,7,0,-1,1,0,1,1,25,0,0,0,1028,0,0,0,0,0,1,1,0,0,0,-57.33954836,0,0,0,0,3,1,1,5,10,0,0,0,3,1,1,5,1000,0,0,0,0,0,0,0,0,0,0,0,0,0,0,0,0,0,0,0,0,0,0,0,0,0,0,0,0,0,0,0,0,0,0,0,0,0,0,0,0,0,0,0,0,0,0,0,0,0,0,0
1986,25,13,46,30.123,2,7,0,-1,1,0,1,1,25,0,0,0,1028,0,0,0,0,0,1,1,0,0,0,-57.42755618,0,0,0,0,3,1,1,5,10,0,0,0,3,1,1,5,1000,0,0,0,0,0,0,0,0,0,0,0,0,0,0,0,0,0,0,0,0,0,0,0,0,0,0,0,0,0,0,0,0,0,0,0,0,0,0,0,0,0,0,0,0,0,0,0,0,0,0,0
1986,25,13,48,6.122,2,7,0,-1,1,0,1,1,25,0,0,0,1028,0,0,0,0,0,1,1,0,0,0,-57.51556161,0,0,0,0,3,1,1,5,10,0,0,0,3,1,1,5,1000,0,0,0,0,0,0,0,0,0,0,0,0,0,0,0,0,0,0,0,0,0,0,0,0,0,0,0,0,0,0,0,0,0,0,0,0,0,0,0,0,0,0,0,0,0,0,0,0,0,0,0
1986,25,13,49,42.122,2,7,0,-1,1,0,1,1,25,0,0,0,1028,0,0,0,0,0,1,1,0,0,0,-57.6035665,0,0,0,0,3,1,1,5,10,0,0,0,3,1,1,5,1000,0,0,0,0,0,0,0,0,0,0,0,0,0,0,0,0,0,0,0,0,0,0,0,0,0,0,0,0,0,0,0,0,0,0,0,0,0,0,0,0,0,0,0,0,0,0,0,0,0,0,0
1986,25,13,51,18.122,2,7,0,-1,1,0,1,1,25,0,0,0,1028,0,0,0,0,0,1,1,0,0,0,-57.69156993,0,0,0,0,3,1,1,5,10,0,0,0,3,1,1,5,1000,0,0,0,0,0,0,0,0,0,0,0,0,0,0,0,0,0,0,0,0,0,0,0,0,0,0,0,0,0,0,0,0,0,0,0,0,0,0,0,0,0,0,0,0,0,0,0,0,0,0,0
1986,25,13,55,18.122,2,7,0,-1,1,0,1,1,25,0,0,0,1028,0,0,0,0,0,1,1,0,0,0,-57.91157211,0,0,0,0,3,1,1,5,10,0,0,0,3,1,1,5,1000,0,0,0,0,0,0,0,0,0,0,0,0,0,0,0,0,0,0,0,0,0,0,0,0,0,0,0,0,0,0,0,0,0,0,0,0,0,0,0,0,0,0,0,0,0,0,0,0,0,0,0
1986,25,13,56,54.122,2,7,0,-1,1,0,1,1,25,0,0,0,1028,0,0,0,0,0,1,1,0,0,0,-57.99957043,0,0,0,0,3,1,1,5,10,0,0,0,3,1,1,5,1000,0,0,0,0,0,0,0,0,0,0,0,0,0,0,0,0,0,0,0,0,0,0,0,0,0,0,0,0,0,0,0,0,0,0,0,0,0,0,0,0,0,0,0,0,0,0,0,0,0,0,0
1986,25,13,58,30.122,2,7,0,-1,1,0,1,1,25,0,0,0,1028,0,0,0,0,0,1,1,0,0,0,-58.0875673,0,0,0,0,3,1,1,5,10,0,0,0,3,1,1,5,1000,0,0,0,0,0,0,0,0,0,0,0,0,0,0,0,0,0,0,0,0,0,0,0,0,0,0,0,0,0,0,0,0,0,0,0,0,0,0,0,0,0,0,0,0,0,0,0,0,0,0,0
1986,25,14,0,6.122,2,7,0,-1,1,0,1,1,25,0,0,0,1028,0,0,0,0,0,1,1,0,0,0,-58.17556272,0,0,0,0,3,1,1,5,10,0,0,0,3,1,1,5,1000,0,0,0,0,0,0,0,0,0,0,0,0,0,0,0,0,0,0,0,0,0,0,0,0,0,0,0,0,0,0,0,0,0,0,0,0,0,0,0,0,0,0,0,0,0,0,0,0,0,0,0
1986,25,14,1,42.121,2,7,0,-1,1,0,1,1,25,0,0,0,1028,0,0,0,0,0,1,1,0,0,0,-58.26355622,0,0,0,0,3,1,1,5,10,0,0,0,3,1,1,5,1000,0,0,0,0,0,0,0,0,0,0,0,0,0,0,0,0,0,0,0,0,0,0,0,0,0,0,0,0,0,0,0,0,0,0,0,0,0,0,0,0,0,0,0,0,0,0,0,0,0,0,0
1986,25,14,3,18.121,2,7,0,-1,1,0,1,1,25,0,0,0,1028,0,0,0,0,0,1,1,0,0,0,-58.35154828,0,0,0,0,3,1,1,5,10,0,0,0,3,1,1,5,1000,0,0,0,0,0,0,0,0,0,0,0,0,0,0,0,0,0,0,0,0,0,0,0,0,0,0,0,0,0,0,0,0,0,0,0,0,0,0,0,0,0,0,0,0,0,0,0,0,0,0,0
1986,25,14,7,18.121,2,7,0,-1,1,0,1,1,25,0,0,0,1028,0,0,0,0,0,1,1,0,0,0,-58.57152324,0,0,0,0,3,1,1,5,10,0,0,0,3,1,1,5,1000,0,0,0,0,0,0,0,0,0,0,0,0,0,0,0,0,0,0,0,0,0,0,0,0,0,0,0,0,0,0,0,0,0,0,0,0,0,0,0,0,0,0,0,0,0,0,0,0,0,0,0
1986,25,14,8,54.121,2,7,0,-1,1,0,1,1,25,0,0,0,1028,0,0,0,0,0,1,1,0,0,0,-58.6595107,0,0,0,0,3,1,1,5,10,0,0,0,3,1,1,5,1000,0,0,0,0,0,0,0,0,0,0,0,0,0,0,0,0,0,0,0,0,0,0,0,0,0,0,0,0,0,0,0,0,0,0,0,0,0,0,0,0,0,0,0,0,0,0,0,0,0,0,0
1986,25,14,10,30.121,2,7,0,-1,1,0,1,1,25,0,0,0,1028,0,0,0,0,0,1,1,0,0,0,-58.74749672,0,0,0,0,3,1,1,5,10,0,0,0,3,1,1,5,1000,0,0,0,0,0,0,0,0,0,0,0,0,0,0,0,0,0,0,0,0,0,0,0,0,0,0,0,0,0,0,0,0,0,0,0,0,0,0,0,0,0,0,0,0,0,0,0,0,0,0,0
1986,25,14,12,6.121,2,7,0,-1,1,0,1,1,25,0,0,0,1028,0,0,0,0,0,1,1,0,0,0,-58.8354813,0,0,0,0,3,1,1,5,10,0,0,0,3,1,1,5,1000,0,0,0,0,0,0,0,0,0,0,0,0,0,0,0,0,0,0,0,0,0,0,0,0,0,0,0,0,0,0,0,0,0,0,0,0,0,0,0,0,0,0,0,0,0,0,0,0,0,0,0
1986,25,14,13,42.121,2,7,0,-1,1,0,1,1,25,0,0,0,1028,0,0,0,0,0,1,1,0,0,0,-58.92346444,0,0,0,0,3,1,1,5,10,0,0,0,3,1,1,5,1000,0,0,0,0,0,0,0,0,0,0,0,0,0,0,0,0,0,0,0,0,0,0,0,0,0,0,0,0,0,0,0,0,0,0,0,0,0,0,0,0,0,0,0,0,0,0,0,0,0,0,0
1986,25,14,15,18.121,2,7,0,-1,1,0,1,1,25,0,0,0,1028,0,0,0,0,0,1,1,0,0,0,-59.01144614,0,0,0,0,3,1,1,5,10,0,0,0,3,1,1,5,1000,0,0,0,0,0,0,0,0,0,0,0,0,0,0,0,0,0,0,0,0,0,0,0,0,0,0,0,0,0,0,0,0,0,0,0,0,0,0,0,0,0,0,0,0,0,0,0,0,0,0,0
1986,25,14,19,18.12,2,7,0,-1,1,0,1,1,25,0,0,0,1028,0,0,0,0,0,1,1,0,0,0,-59.23139321,0,0,0,0,3,1,1,5,10,0,0,0,3,1,1,5,1000,0,0,0,0,0,0,0,0,0,0,0,0,0,0,0,0,0,0,0,0,0,0,0,0,0,0,0,0,0,0,0,0,0,0,0,0,0,0,0,0,0,0,0,0,0,0,0,0,0,0,0
1986,25,14,20,54.12,2,7,0,-1,1,0,1,1,25,0,0,0,1028,0,0,0,0,0,1,1,0,0,0,-59.3193699,0,0,0,0,3,1,1,5,10,0,0,0,3,1,1,5,1000,0,0,0,0,0,0,0,0,0,0,0,0,0,0,0,0,0,0,0,0,0,0,0,0,0,0,0,0,0,0,0,0,0,0,0,0,0,0,0,0,0,0,0,0,0,0,0,0,0,0,0
1986,25,14,22,30.12,2,7,0,-1,1,0,1,1,25,0,0,0,1028,0,0,0,0,0,1,1,0,0,0,-59.40734516,0,0,0,0,3,1,1,5,10,0,0,0,3,1,1,5,1000,0,0,0,0,0,0,0,0,0,0,0,0,0,0,0,0,0,0,0,0,0,0,0,0,0,0,0,0,0,0,0,0,0,0,0,0,0,0,0,0,0,0,0,0,0,0,0,0,0,0,0
1986,25,14,24,6.12,2,7,0,-1,1,0,1,1,25,0,0,0,1028,0,0,0,0,0,1,1,0,0,0,-59.495319,0,0,0,0,3,1,1,5,10,0,0,0,3,1,1,5,1000,0,0,0,0,0,0,0,0,0,0,0,0,0,0,0,0,0,0,0,0,0,0,0,0,0,0,0,0,0,0,0,0,0,0,0,0,0,0,0,0,0,0,0,0,0,0,0,0,0,0,0
1986,25,14,25,42.12,2,7,0,-1,1,0,1,1,25,0,0,0,1028,0,0,0,0,0,1,1,0,0,0,-59.58329141,0,0,0,0,3,1,1,5,10,0,0,0,3,1,1,5,1000,0,0,0,0,0,0,0,0,0,0,0,0,0,0,0,0,0,0,0,0,0,0,0,0,0,0,0,0,0,0,0,0,0,0,0,0,0,0,0,0,0,0,0,0,0,0,0,0,0,0,0
1986,25,14,27,18.12,2,7,0,-1,1,0,1,1,25,0,0,0,1028,0,0,0,0,0,1,1,0,0,0,-59.67126239,0,0,0,0,3,1,1,5,10,0,0,0,3,1,1,5,1000,0,0,0,0,0,0,0,0,0,0,0,0,0,0,0,0,0,0,0,0,0,0,0,0,0,0,0,0,0,0,0,0,0,0,0,0,0,0,0,0,0,0,0,0,0,0,0,0,0,0,0
1986,25,14,31,18.12,2,7,0,-1,1,0,1,1,25,0,0,0,1028,0,0,0,0,0,1,1,0,0,0,-59.89118365,0,0,0,0,3,1,1,5,10,0,0,0,3,1,1,5,1000,0,0,0,0,0,0,0,0,0,0,0,0,0,0,0,0,0,0,0,0,0,0,0,0,0,0,0,0,0,0,0,0,0,0,0,0,0,0,0,0,0,0,0,0,0,0,0,0,0,0,0
1986,25,14,32,54.119,2,7,0,-1,1,0,1,1,25,0,0,0,1028,0,0,0,0,0,1,1,0,0,0,-59.97914875,0,0,0,0,3,1,1,5,10,0,0,0,3,1,1,5,1000,0,0,0,0,0,0,0,0,0,0,0,0,0,0,0,0,0,0,0,0,0,0,0,0,0,0,0,0,0,0,0,0,0,0,0,0,0,0,0,0,0,0,0,0,0,0,0,0,0,0,0
1986,25,14,34,30.119,2,7,0,-1,1,0,1,1,25,0,0,0,1028,0,0,0,0,0,1,1,0,0,0,-60.06711335,0,0,0,0,3,1,1,5,10,0,0,0,3,1,1,5,1000,0,0,0,0,0,0,0,0,0,0,0,0,0,0,0,0,0,0,0,0,0,0,0,0,0,0,0,0,0,0,0,0,0,0,0,0,0,0,0,0,0,0,0,0,0,0,0,0,0,0,0
1986,25,14,36,6.119,2,7,0,-1,1,0,1,1,25,0,0,0,1028,0,0,0,0,0,1,1,0,0,0,-60.15507654,0,0,0,0,3,1,1,5,10,0,0,0,3,1,1,5,1000,0,0,0,0,0,0,0,0,0,0,0,0,0,0,0,0,0,0,0,0,0,0,0,0,0,0,0,0,0,0,0,0,0,0,0,0,0,0,0,0,0,0,0,0,0,0,0,0,0,0,0
1986,25,14,37,42.119,2,7,0,-1,1,0,1,1,25,0,0,0,1028,0,0,0,0,0,1,1,0,0,0,-60.24303832,0,0,0,0,3,1,1,5,10,0,0,0,3,1,1,5,1000,0,0,0,0,0,0,0,0,0,0,0,0,0,0,0,0,0,0,0,0,0,0,0,0,0,0,0,0,0,0,0,0,0,0,0,0,0,0,0,0,0,0,0,0,0,0,0,0,0,0,0
1986,25,14,39,18.119,2,7,0,-1,1,0,1,1,25,0,0,0,1028,0,0,0,0,0,1,1,0,0,0,-60.33099869,0,0,0,0,3,1,1,5,10,0,0,0,3,1,1,5,1000,0,0,0,0,0,0,0,0,0,0,0,0,0,0,0,0,0,0,0,0,0,0,0,0,0,0,0,0,0,0,0,0,0,0,0,0,0,0,0,0,0,0,0,0,0,0,0,0,0,0,0
1986,25,14,43,18.119,2,7,0,-1,1,0,1,1,25,0,0,0,1028,0,0,0,0,0,1,1,0,0,0,-60.55089346,0,0,0,0,3,1,1,5,10,0,0,0,3,1,1,5,1000,0,0,0,0,0,0,0,0,0,0,0,0,0,0,0,0,0,0,0,0,0,0,0,0,0,0,0,0,0,0,0,0,0,0,0,0,0,0,0,0,0,0,0,0,0,0,0,0,0,0,0
1986,25,14,44,54.119,2,7,0,-1,1,0,1,1,25,0,0,0,1028,0,0,0,0,0,1,1,0,0,0,-60.63884891,0,0,0,0,3,1,1,5,10,0,0,0,3,1,1,5,1000,0,0,0,0,0,0,0,0,0,0,0,0,0,0,0,0,0,0,0,0,0,0,0,0,0,0,0,0,0,0,0,0,0,0,0,0,0,0,0,0,0,0,0,0,0,0,0,0,0,0,0
1986,25,14,46,30.119,2,7,0,-1,1,0,1,1,25,0,0,0,1028,0,0,0,0,0,1,1,0,0,0,-60.72680295,0,0,0,0,3,1,1,5,10,0,0,0,3,1,1,5,1000,0,0,0,0,0,0,0,0,0,0,0,0,0,0,0,0,0,0,0,0,0,0,0,0,0,0,0,0,0,0,0,0,0,0,0,0,0,0,0,0,0,0,0,0,0,0,0,0,0,0,0
1986,25,14,48,6.118,2,7,0,-1,1,0,1,1,25,0,0,0,1028,0,0,0,0,0,1,1,0,0,0,-60.81475468,0,0,0,0,3,1,1,5,10,0,0,0,3,1,1,5,1000,0,0,0,0,0,0,0,0,0,0,0,0,0,0,0,0,0,0,0,0,0,0,0,0,0,0,0,0,0,0,0,0,0,0,0,0,0,0,0,0,0,0,0,0,0,0,0,0,0,0,0
1986,25,14,49,42.118,2,7,0,-1,1,0,1,1,25,0,0,0,1028,0,0,0,0,0,1,1,0,0,0,-60.90270593,0,0,0,0,3,1,1,5,10,0,0,0,3,1,1,5,1000,0,0,0,0,0,0,0,0,0,0,0,0,0,0,0,0,0,0,0,0,0,0,0,0,0,0,0,0,0,0,0,0,0,0,0,0,0,0,0,0,0,0,0,0,0,0,0,0,0,0,0
1986,25,14,51,18.118,2,7,0,-1,1,0,1,1,25,0,0,0,1028,0,0,0,0,0,1,1,0,0,0,-60.99065578,0,0,0,0,3,1,1,5,10,0,0,0,3,1,1,5,1000,0,0,0,0,0,0,0,0,0,0,0,0,0,0,0,0,0,0,0,0,0,0,0,0,0,0,0,0,0,0,0,0,0,0,0,0,0,0,0,0,0,0,0,0,0,0,0,0,0,0,0
1986,25,14,55,18.118,2,7,0,-1,1,0,1,1,25,0,0,0,1028,0,0,0,0,0,1,1,0,0,0,-61.21052431,0,0,0,0,3,1,1,5,10,0,0,0,3,1,1,5,1000,0,0,0,0,0,0,0,0,0,0,0,0,0,0,0,0,0,0,0,0,0,0,0,0,0,0,0,0,0,0,0,0,0,0,0,0,0,0,0,0,0,0,0,0,0,0,0,0,0,0,0
1986,25,14,56,54.118,2,7,0,-1,1,0,1,1,25,0,0,0,1028,0,0,0,0,0,1,1,0,0,0,-61.29846929,0,0,0,0,3,1,1,5,10,0,0,0,3,1,1,5,1000,0,0,0,0,0,0,0,0,0,0,0,0,0,0,0,0,0,0,0,0,0,0,0,0,0,0,0,0,0,0,0,0,0,0,0,0,0,0,0,0,0,0,0,0,0,0,0,0,0,0,0
1986,25,14,58,30.118,2,7,0,-1,1,0,1,1,25,0,0,0,1028,0,0,0,0,0,1,1,0,0,0,-61.38641287,0,0,0,0,3,1,1,5,10,0,0,0,3,1,1,5,1000,0,0,0,0,0,0,0,0,0,0,0,0,0,0,0,0,0,0,0,0,0,0,0,0,0,0,0,0,0,0,0,0,0,0,0,0,0,0,0,0,0,0,0,0,0,0,0,0,0,0,0
1986,25,15,0,6.118,2,7,0,-1,1,0,1,1,25,0,0,0,1028,0,0,0,0,0,1,1,0,0,0,-61.47435507,0,0,0,0,3,1,1,5,10,0,0,0,3,1,1,5,1000,0,0,0,0,0,0,0,0,0,0,0,0,0,0,0,0,0,0,0,0,0,0,0,0,0,0,0,0,0,0,0,0,0,0,0,0,0,0,0,0,0,0,0,0,0,0,0,0,0,0,0
1986,25,15,1,42.118,2,7,0,-1,1,0,1,1,25,0,0,0,1028,0,0,0,0,0,1,1,0,0,0,-61.56229589,0,0,0,0,3,1,1,5,10,0,0,0,3,1,1,5,1000,0,0,0,0,0,0,0,0,0,0,0,0,0,0,0,0,0,0,0,0,0,0,0,0,0,0,0,0,0,0,0,0,0,0,0,0,0,0,0,0,0,0,0,0,0,0,0,0,0,0,0
1986,25,15,3,18.117,2,7,0,-1,1,0,1,1,25,0,0,0,1028,0,0,0,0,0,1,1,0,0,0,-61.6502344,0,0,0,0,3,1,1,5,10,0,0,0,3,1,1,5,1000,0,0,0,0,0,0,0,0,0,0,0,0,0,0,0,0,0,0,0,0,0,0,0,0,0,0,0,0,0,0,0,0,0,0,0,0,0,0,0,0,0,0,0,0,0,0,0,0,0,0,0
1986,25,15,7,18.117,2,7,0,-1,1,0,1,1,25,0,0,0,1028,0,0,0,0,0,1,1,0,0,0,-61.87007694,0,0,0,0,3,1,1,5,10,0,0,0,3,1,1,5,1000,0,0,0,0,0,0,0,0,0,0,0,0,0,0,0,0,0,0,0,0,0,0,0,0,0,0,0,0,0,0,0,0,0,0,0,0,0,0,0,0,0,0,0,0,0,0,0,0,0,0,0
1986,25,15,8,54.117,2,7,0,-1,1,0,1,1,25,0,0,0,1028,0,0,0,0,0,1,1,0,0,0,-61.95801154,0,0,0,0,3,1,1,5,10,0,0,0,3,1,1,5,1000,0,0,0,0,0,0,0,0,0,0,0,0,0,0,0,0,0,0,0,0,0,0,0,0,0,0,0,0,0,0,0,0,0,0,0,0,0,0,0,0,0,0,0,0,0,0,0,0,0,0,0
1986,25,15,10,30.117,2,7,0,-1,1,0,1,1,25,0,0,0,1028,0,0,0,0,0,1,1,0,0,0,-62.04594477,0,0,0,0,3,1,1,5,10,0,0,0,3,1,1,5,1000,0,0,0,0,0,0,0,0,0,0,0,0,0,0,0,0,0,0,0,0,0,0,0,0,0,0,0,0,0,0,0,0,0,0,0,0,0,0,0,0,0,0,0,0,0,0,0,0,0,0,0
1986,25,15,12,6.117,2,7,0,-1,1,0,1,1,25,0,0,0,1028,0,0,0,0,0,1,1,0,0,0,-62.13387663,0,0,0,0,3,1,1,5,10,0,0,0,3,1,1,5,1000,0,0,0,0,0,0,0,0,0,0,0,0,0,0,0,0,0,0,0,0,0,0,0,0,0,0,0,0,0,0,0,0,0,0,0,0,0,0,0,0,0,0,0,0,0,0,0,0,0,0,0
1986,25,15,13,42.117,2,7,0,-1,1,0,1,1,25,0,0,0,1028,0,0,0,0,0,1,1,0,0,0,-62.22180711,0,0,0,0,3,1,1,5,10,0,0,0,3,1,1,5,1000,0,0,0,0,0,0,0,0,0,0,0,0,0,0,0,0,0,0,0,0,0,0,0,0,0,0,0,0,0,0,0,0,0,0,0,0,0,0,0,0,0,0,0,0,0,0,0,0,0,0,0
1986,25,15,15,18.117,2,7,0,-1,1,0,1,1,25,0,0,0,1028,0,0,0,0,0,1,1,0,0,0,-62.30973622,0,0,0,0,3,1,1,5,10,0,0,0,3,1,1,5,1000,0,0,0,0,0,0,0,0,0,0,0,0,0,0,0,0,0,0,0,0,0,0,0,0,0,0,0,0,0,0,0,0,0,0,0,0,0,0,0,0,0,0,0,0,0,0,0,0,0,0,0
1986,25,15,19,18.116,2,7,0,-1,1,0,1,1,25,0,0,0,1028,0,0,0,0,0,1,1,0,0,0,-62.5295521,0,0,0,0,3,1,1,5,10,0,0,0,3,1,1,5,1000,0,0,0,0,0,0,0,0,0,0,0,0,0,0,0,0,0,0,0,0,0,0,0,0,0,0,0,0,0,0,0,0,0,0,0,0,0,0,0,0,0,0,0,0,0,0,0,0,0,0,0
1986,25,15,20,54.116,2,7,0,-1,1,0,1,1,25,0,0,0,1028,0,0,0,0,0,1,1,0,0,0,-62.61747643,0,0,0,0,3,1,1,5,10,0,0,0,3,1,1,5,1000,0,0,0,0,0,0,0,0,0,0,0,0,0,0,0,0,0,0,0,0,0,0,0,0,0,0,0,0,0,0,0,0,0,0,0,0,0,0,0,0,0,0,0,0,0,0,0,0,0,0,0
1986,25,15,22,30.116,2,7,0,-1,1,0,1,1,25,0,0,0,1028,0,0,0,0,0,1,1,0,0,0,-62.7053994,0,0,0,0,3,1,1,5,10,0,0,0,3,1,1,5,1000,0,0,0,0,0,0,0,0,0,0,0,0,0,0,0,0,0,0,0,0,0,0,0,0,0,0,0,0,0,0,0,0,0,0,0,0,0,0,0,0,0,0,0,0,0,0,0,0,0,0,0
1986,25,15,24,6.116,2,7,0,-1,1,0,1,1,25,0,0,0,1028,0,0,0,0,0,1,1,0,0,0,-62.79332101,0,0,0,0,3,1,1,5,10,0,0,0,3,1,1,5,1000,0,0,0,0,0,0,0,0,0,0,0,0,0,0,0,0,0,0,0,0,0,0,0,0,0,0,0,0,0,0,0,0,0,0,0,0,0,0,0,0,0,0,0,0,0,0,0,0,0,0,0
1986,25,15,25,42.116,2,7,0,-1,1,0,1,1,25,0,0,0,1028,0,0,0,0,0,1,1,0,0,0,-62.88124126,0,0,0,0,3,1,1,5,10,0,0,0,3,1,1,5,1000,0,0,0,0,0,0,0,0,0,0,0,0,0,0,0,0,0,0,0,0,0,0,0,0,0,0,0,0,0,0,0,0,0,0,0,0,0,0,0,0,0,0,0,0,0,0,0,0,0,0,0
1986,25,15,27,18.116,2,7,0,-1,1,0,1,1,25,0,0,0,1028,0,0,0,0,0,1,1,0,0,0,-62.96916015,0,0,0,0,3,1,1,5,10,0,0,0,3,1,1,5,1000,0,0,0,0,0,0,0,0,0,0,0,0,0,0,0,0,0,0,0,0,0,0,0,0,0,0,0,0,0,0,0,0,0,0,0,0,0,0,0,0,0,0,0,0,0,0,0,0,0,0,0
1986,25,15,31,18.116,2,7,0,-1,1,0,1,1,25,0,0,0,1028,0,0,0,0,0,1,1,0,0,0,-63.18895146,0,0,0,0,3,1,1,5,10,0,0,0,3,1,1,5,1000,0,0,0,0,0,0,0,0,0,0,0,0,0,0,0,0,0,0,0,0,0,0,0,0,0,0,0,0,0,0,0,0,0,0,0,0,0,0,0,0,0,0,0,0,0,0,0,0,0,0,0
1986,25,15,32,54.115,2,7,0,-1,1,0,1,1,25,0,0,0,1028,0,0,0,0,0,1,1,0,0,0,-63.27686516,0,0,0,0,3,1,1,5,10,0,0,0,3,1,1,5,1000,0,0,0,0,0,0,0,0,0,0,0,0,0,0,0,0,0,0,0,0,0,0,0,0,0,0,0,0,0,0,0,0,0,0,0,0,0,0,0,0,0,0,0,0,0,0,0,0,0,0,0
1986,25,15,34,30.115,2,7,0,-1,1,0,1,1,25,0,0,0,1028,0,0,0,0,0,1,1,0,0,0,-63.36477751,0,0,0,0,3,1,1,5,10,0,0,0,3,1,1,5,1000,0,0,0,0,0,0,0,0,0,0,0,0,0,0,0,0,0,0,0,0,0,0,0,0,0,0,0,0,0,0,0,0,0,0,0,0,0,0,0,0,0,0,0,0,0,0,0,0,0,0,0
1986,25,15,36,6.115,2,7,0,-1,1,0,1,1,25,0,0,0,1028,0,0,0,0,0,1,1,0,0,0,-63.45268897,0,0,0,0,3,1,1,5,10,0,0,0,3,1,1,5,1000,0,0,0,0,0,0,0,0,0,0,0,0,0,0,0,0,0,0,0,0,0,0,0,0,0,0,0,0,0,0,0,0,0,0,0,0,0,0,0,0,0,0,0,0,0,0,0,0,0,0,0
1986,25,15,37,42.115,2,7,0,-1,1,0,1,1,25,0,0,0,1028,0,0,0,0,0,1,1,0,0,0,-63.54059909,0,0,0,0,3,1,1,5,10,0,0,0,3,1,1,5,1000,0,0,0,0,0,0,0,0,0,0,0,0,0,0,0,0,0,0,0,0,0,0,0,0,0,0,0,0,0,0,0,0,0,0,0,0,0,0,0,0,0,0,0,0,0,0,0,0,0,0,0
1986,25,15,39,18.115,2,7,0,-1,1,0,1,1,25,0,0,0,1028,0,0,0,0,0,1,1,0,0,0,-63.62850786,0,0,0,0,3,1,1,5,10,0,0,0,3,1,1,5,1000,0,0,0,0,0,0,0,0,0,0,0,0,0,0,0,0,0,0,0,0,0,0,0,0,0,0,0,0,0,0,0,0,0,0,0,0,0,0,0,0,0,0,0,0,0,0,0,0,0,0,0
1986,25,15,43,18.115,2,7,0,-1,1,0,1,1,25,0,0,0,1028,0,0,0,0,0,1,1,0,0,0,-63.84827393,0,0,0,0,3,1,1,5,10,0,0,0,3,1,1,5,1000,0,0,0,0,0,0,0,0,0,0,0,0,0,0,0,0,0,0,0,0,0,0,0,0,0,0,0,0,0,0,0,0,0,0,0,0,0,0,0,0,0,0,0,0,0,0,0,0,0,0,0
1986,25,15,44,54.115,2,7,0,-1,1,0,1,1,25,0,0,0,1028,0,0,0,0,0,1,1,0,0,0,-63.93617801,0,0,0,0,3,1,1,5,10,0,0,0,3,1,1,5,1000,0,0,0,0,0,0,0,0,0,0,0,0,0,0,0,0,0,0,0,0,0,0,0,0,0,0,0,0,0,0,0,0,0,0,0,0,0,0,0,0,0,0,0,0,0,0,0,0,0,0,0
1986,25,15,46,30.115,2,7,0,-1,1,0,1,1,25,0,0,0,1028,0,0,0,0,0,1,1,0,0,0,-64.02408076,0,0,0,0,3,1,1,5,10,0,0,0,3,1,1,5,1000,0,0,0,0,0,0,0,0,0,0,0,0,0,0,0,0,0,0,0,0,0,0,0,0,0,0,0,0,0,0,0,0,0,0,0,0,0,0,0,0,0,0,0,0,0,0,0,0,0,0,0
1986,25,15,48,6.114,2,7,0,-1,1,0,1,1,25,0,0,0,1028,0,0,0,0,0,1,1,0,0,0,-64.11198126,0,0,0,0,3,1,1,5,10,0,0,0,3,1,1,5,1000,0,0,0,0,0,0,0,0,0,0,0,0,0,0,0,0,0,0,0,0,0,0,0,0,0,0,0,0,0,0,0,0,0,0,0,0,0,0,0,0,0,0,0,0,0,0,0,0,0,0,0
1986,25,15,49,42.114,2,7,0,-1,1,0,1,1,25,0,0,0,1028,0,0,0,0,0,1,1,0,0,0,-64.19988135,0,0,0,0,3,1,1,5,10,0,0,0,3,1,1,5,1000,0,0,0,0,0,0,0,0,0,0,0,0,0,0,0,0,0,0,0,0,0,0,0,0,0,0,0,0,0,0,0,0,0,0,0,0,0,0,0,0,0,0,0,0,0,0,0,0,0,0,0
1986,25,15,51,18.114,2,7,0,-1,1,0,1,1,25,0,0,0,1028,0,0,0,0,0,1,1,0,0,0,-64.2877801,0,0,0,0,3,1,1,5,10,0,0,0,3,1,1,5,1000,0,0,0,0,0,0,0,0,0,0,0,0,0,0,0,0,0,0,0,0,0,0,0,0,0,0,0,0,0,0,0,0,0,0,0,0,0,0,0,0,0,0,0,0,0,0,0,0,0,0,0
1986,25,15,55,18.114,2,7,0,-1,1,0,1,1,25,0,0,0,1028,0,0,0,0,0,1,1,0,0,0,-64.50752118,0,0,0,0,3,1,1,5,10,0,0,0,3,1,1,5,1000,0,0,0,0,0,0,0,0,0,0,0,0,0,0,0,0,0,0,0,0,0,0,0,0,0,0,0,0,0,0,0,0,0,0,0,0,0,0,0,0,0,0,0,0,0,0,0,0,0,0,0
1986,25,15,56,54.114,2,7,0,-1,1,0,1,1,25,0,0,0,1028,0,0,0,0,0,1,1,0,0,0,-64.5954153,0,0,0,0,3,1,1,5,10,0,0,0,3,1,1,5,1000,0,0,0,0,0,0,0,0,0,0,0,0,0,0,0,0,0,0,0,0,0,0,0,0,0,0,0,0,0,0,0,0,0,0,0,0,0,0,0,0,0,0,0,0,0,0,0,0,0,0,0
1986,25,15,58,30.114,2,7,0,-1,1,0,1,1,25,0,0,0,1028,0,0,0,0,0,1,1,0,0,0,-64.68330809,0,0,0,0,3,1,1,5,10,0,0,0,3,1,1,5,1000,0,0,0,0,0,0,0,0,0,0,0,0,0,0,0,0,0,0,0,0,0,0,0,0,0,0,0,0,0,0,0,0,0,0,0,0,0,0,0,0,0,0,0,0,0,0,0,0,0,0,0
1986,25,16,0,6.114,2,7,0,-1,1,0,1,1,25,0,0,0,1028,0,0,0,0,0,1,1,0,0,0,-64.77119956,0,0,0,0,3,1,1,5,10,0,0,0,3,1,1,5,1000,0,0,0,0,0,0,0,0,0,0,0,0,0,0,0,0,0,0,0,0,0,0,0,0,0,0,0,0,0,0,0,0,0,0,0,0,0,0,0,0,0,0,0,0,0,0,0,0,0,0,0
1986,25,16,1,42.114,2,7,0,-1,1,0,1,1,25,0,0,0,1028,0,0,0,0,0,1,1,0,0,0,-64.85908971,0,0,0,0,3,1,1,5,10,0,0,0,3,1,1,5,1000,0,0,0,0,0,0,0,0,0,0,0,0,0,0,0,0,0,0,0,0,0,0,0,0,0,0,0,0,0,0,0,0,0,0,0,0,0,0,0,0,0,0,0,0,0,0,0,0,0,0,0
1986,25,16,3,18.113,2,7,0,-1,1,0,1,1,25,0,0,0,1028,0,0,0,0,0,1,1,0,0,0,-64.94697763,0,0,0,0,3,1,1,5,10,0,0,0,3,1,1,5,1000,0,0,0,0,0,0,0,0,0,0,0,0,0,0,0,0,0,0,0,0,0,0,0,0,0,0,0,0,0,0,0,0,0,0,0,0,0,0,0,0,0,0,0,0,0,0,0,0,0,0,0
1986,25,16,7,18.113,2,7,0,-1,1,0,1,1,25,0,0,0,1028,0,0,0,0,0,1,1,0,0,0,-65.16669397,0,0,0,0,3,1,1,5,10,0,0,0,3,1,1,5,1000,0,0,0,0,0,0,0,0,0,0,0,0,0,0,0,0,0,0,0,0,0,0,0,0,0,0,0,0,0,0,0,0,0,0,0,0,0,0,0,0,0,0,0,0,0,0,0,0,0,0,0
1986,25,16,8,54.113,2,7,0,-1,1,0,1,1,25,0,0,0,1028,0,0,0,0,0,1,1,0,0,0,-65.25457821,0,0,0,0,3,1,1,5,10,0,0,0,3,1,1,5,1000,0,0,0,0,0,0,0,0,0,0,0,0,0,0,0,0,0,0,0,0,0,0,0,0,0,0,0,0,0,0,0,0,0,0,0,0,0,0,0,0,0,0,0,0,0,0,0,0,0,0,0
1986,25,16,10,30.113,2,7,0,-1,1,0,1,1,25,0,0,0,1028,0,0,0,0,0,1,1,0,0,0,-65.34246114,0,0,0,0,3,1,1,5,10,0,0,0,3,1,1,5,1000,0,0,0,0,0,0,0,0,0,0,0,0,0,0,0,0,0,0,0,0,0,0,0,0,0,0,0,0,0,0,0,0,0,0,0,0,0,0,0,0,0,0,0,0,0,0,0,0,0,0,0
1986,25,16,12,6.113,2,7,0,-1,1,0,1,1,25,0,0,0,1028,0,0,0,0,0,1,1,0,0,0,-65.43034276,0,0,0,0,3,1,1,5,10,0,0,0,3,1,1,5,1000,0,0,0,0,0,0,0,0,0,0,0,0,0,0,0,0,0,0,0,0,0,0,0,0,0,0,0,0,0,0,0,0,0,0,0,0,0,0,0,0,0,0,0,0,0,0,0,0,0,0,0
1986,25,16,19,18.112,2,7,0,-1,1,0,1,1,25,0,0,0,1028,0,0,0,0,0,1,1,0,0,0,-65.82579303,0,0,0,0,3,1,1,5,10,0,0,0,3,1,1,5,1000,0,0,0,0,0,0,0,0,0,0,0,0,0,0,0,0,0,0,0,0,0,0,0,0,0,0,0,0,0,0,0,0,0,0,0,0,0,0,0,0,0,0,0,0,0,0,0,0,0,0,0
1986,25,16,20,54.112,2,7,0,-1,1,0,1,1,25,0,0,0,1028,0,0,0,0,0,1,1,0,0,0,-65.9136675,0,0,0,0,3,1,1,5,10,0,0,0,3,1,1,5,1000,0,0,0,0,0,0,0,0,0,0,0,0,0,0,0,0,0,0,0,0,0,0,0,0,0,0,0,0,0,0,0,0,0,0,0,0,0,0,0,0,0,0,0,0,0,0,0,0,0,0,0
1986,25,16,22,30.112,2,7,0,-1,1,0,1,1,25,0,0,0,1028,0,0,0,0,0,1,1,0,0,0,-66.00154067,0,0,0,0,3,1,1,5,10,0,0,0,3,1,1,5,1000,0,0,0,0,0,0,0,0,0,0,0,0,0,0,0,0,0,0,0,0,0,0,0,0,0,0,0,0,0,0,0,0,0,0,0,0,0,0,0,0,0,0,0,0,0,0,0,0,0,0,0
1986,25,16,24,6.112,2,7,0,-1,1,0,1,1,25,0,0,0,1028,0,0,0,0,0,1,1,0,0,0,-66.08941255,0,0,0,0,3,1,1,5,10,0,0,0,3,1,1,5,1000,0,0,0,0,0,0,0,0,0,0,0,0,0,0,0,0,0,0,0,0,0,0,0,0,0,0,0,0,0,0,0,0,0,0,0,0,0,0,0,0,0,0,0,0,0,0,0,0,0,0,0
1986,25,16,25,42.112,2,7,0,-1,1,0,1,1,25,0,0,0,1028,0,0,0,0,0,1,1,0,0,0,-66.17728314,0,0,0,0,3,1,1,5,10,0,0,0,3,1,1,5,1000,0,0,0,0,0,0,0,0,0,0,0,0,0,0,0,0,0,0,0,0,0,0,0,0,0,0,0,0,0,0,0,0,0,0,0,0,0,0,0,0,0,0,0,0,0,0,0,0,0,0,0
1986,25,16,27,18.112,2,7,0,-1,1,0,1,1,25,0,0,0,1028,0,0,0,0,0,1,1,0,0,0,-66.26515243,0,0,0,0,3,1,1,5,10,0,0,0,3,1,1,5,1000,0,0,0,0,0,0,0,0,0,0,0,0,0,0,0,0,0,0,0,0,0,0,0,0,0,0,0,0,0,0,0,0,0,0,0,0,0,0,0,0,0,0,0,0,0,0,0,0,0,0,0
1986,25,16,31,18.112,2,7,0,-1,1,0,1,1,25,0,0,0,1028,0,0,0,0,0,1,1,0,0,0,-66.48482004,0,0,0,0,3,1,1,5,10,0,0,0,3,1,1,5,1000,0,0,0,0,0,0,0,0,0,0,0,0,0,0,0,0,0,0,0,0,0,0,0,0,0,0,0,0,0,0,0,0,0,0,0,0,0,0,0,0,0,0,0,0,0,0,0,0,0,0,0
1986,25,16,32,54.111,2,7,0,-1,1,0,1,1,25,0,0,0,1028,0,0,0,0,0,1,1,0,0,0,-66.57268438,0,0,0,0,3,1,1,5,10,0,0,0,3,1,1,5,1000,0,0,0,0,0,0,0,0,0,0,0,0,0,0,0,0,0,0,0,0,0,0,0,0,0,0,0,0,0,0,0,0,0,0,0,0,0,0,0,0,0,0,0,0,0,0,0,0,0,0,0
1986,25,16,34,30.111,2,7,0,-1,1,0,1,1,25,0,0,0,1028,0,0,0,0,0,1,1,0,0,0,-66.66054743,0,0,0,0,3,1,1,5,10,0,0,0,3,1,1,5,1000,0,0,0,0,0,0,0,0,0,0,0,0,0,0,0,0,0,0,0,0,0,0,0,0,0,0,0,0,0,0,0,0,0,0,0,0,0,0,0,0,0,0,0,0,0,0,0,0,0,0,0
1986,25,16,36,6.111,2,7,0,-1,1,0,1,1,25,0,0,0,1028,0,0,0,0,0,1,1,0,0,0,-66.74840966,0,0,0,0,3,1,1,5,10,0,0,0,3,1,1,5,1000,0,0,0,0,0,0,0,0,0,0,0,0,0,0,0,0,0,0,0,0,0,0,0,0,0,0,0,0,0,0,0,0,0,0,0,0,0,0,0,0,0,0,0,0,0,0,0,0,0,0,0
1986,25,16,37,42.111,2,7,0,-1,1,0,1,1,25,0,0,0,1028,0,0,0,0,0,1,1,0,0,0,-66.83627061,0,0,0,0,3,1,1,5,10,0,0,0,3,1,1,5,1000,0,0,0,0,0,0,0,0,0,0,0,0,0,0,0,0,0,0,0,0,0,0,0,0,0,0,0,0,0,0,0,0,0,0,0,0,0,0,0,0,0,0,0,0,0,0,0,0,0,0,0
1986,25,16,39,18.111,2,7,0,-1,1,0,1,1,25,0,0,0,1028,0,0,0,0,0,1,1,0,0,0,-66.92413029,0,0,0,0,3,1,1,5,10,0,0,0,3,1,1,5,1000,0,0,0,0,0,0,0,0,0,0,0,0,0,0,0,0,0,0,0,0,0,0,0,0,0,0,0,0,0,0,0,0,0,0,0,0,0,0,0,0,0,0,0,0,0,0,0,0,0,0,0
1986,25,16,43,18.111,2,7,0,-1,1,0,1,1,25,0,0,0,1028,0,0,0,0,0,1,1,0,0,0,-67.1437739,0,0,0,0,3,1,1,5,10,0,0,0,3,1,1,5,1000,0,0,0,0,0,0,0,0,0,0,0,0,0,0,0,0,0,0,0,0,0,0,0,0,0,0,0,0,0,0,0,0,0,0,0,0,0,0,0,0,0,0,0,0,0,0,0,0,0,0,0
1986,25,16,44,54.111,2,7,0,-1,1,0,1,1,25,0,0,0,1028,0,0,0,0,0,1,1,0,0,0,-67.23162912,0,0,0,0,3,1,1,5,10,0,0,0,3,1,1,5,1000,0,0,0,0,0,0,0,0,0,0,0,0,0,0,0,0,0,0,0,0,0,0,0,0,0,0,0,0,0,0,0,0,0,0,0,0,0,0,0,0,0,0,0,0,0,0,0,0,0,0,0
1986,25,16,46,30.111,2,7,0,-1,1,0,1,1,25,0,0,0,1028,0,0,0,0,0,1,1,0,0,0,-67.31948307,0,0,0,0,3,1,1,5,10,0,0,0,3,1,1,5,1000,0,0,0,0,0,0,0,0,0,0,0,0,0,0,0,0,0,0,0,0,0,0,0,0,0,0,0,0,0,0,0,0,0,0,0,0,0,0,0,0,0,0,0,0,0,0,0,0,0,0,0
1986,25,16,48,6.11,2,7,0,-1,1,0,1,1,25,0,0,0,1028,0,0,0,0,0,1,1,0,0,0,-67.40733529,0,0,0,0,3,1,1,5,10,0,0,0,3,1,1,5,1000,0,0,0,0,0,0,0,0,0,0,0,0,0,0,0,0,0,0,0,0,0,0,0,0,0,0,0,0,0,0,0,0,0,0,0,0,0,0,0,0,0,0,0,0,0,0,0,0,0,0,0
1986,25,16,49,42.11,2,7,0,-1,1,0,1,1,25,0,0,0,1028,0,0,0,0,0,1,1,0,0,0,-67.49518625,0,0,0,0,3,1,1,5,10,0,0,0,3,1,1,5,1000,0,0,0,0,0,0,0,0,0,0,0,0,0,0,0,0,0,0,0,0,0,0,0,0,0,0,0,0,0,0,0,0,0,0,0,0,0,0,0,0,0,0,0,0,0,0,0,0,0,0,0
1986,25,16,51,18.11,2,7,0,-1,1,0,1,1,25,0,0,0,1028,0,0,0,0,0,1,1,0,0,0,-67.58303641,0,0,0,0,3,1,1,5,10,0,0,0,3,1,1,5,1000,0,0,0,0,0,0,0,0,0,0,0,0,0,0,0,0,0,0,0,0,0,0,0,0,0,0,0,0,0,0,0,0,0,0,0,0,0,0,0,0,0,0,0,0,0,0,0,0,0,0,0
1986,25,16,55,18.11,2,7,0,-1,1,0,1,1,25,0,0,0,1028,0,0,0,0,0,1,1,0,0,0,-67.80265627,0,0,0,0,3,1,1,5,10,0,0,0,3,1,1,5,1000,0,0,0,0,0,0,0,0,0,0,0,0,0,0,0,0,0,0,0,0,0,0,0,0,0,0,0,0,0,0,0,0,0,0,0,0,0,0,0,0,0,0,0,0,0,0,0,0,0,0,0
1986,25,16,56,54.11,2,7,0,-1,1,0,1,1,25,0,0,0,1028,0,0,0,0,0,1,1,0,0,0,-67.89050201,0,0,0,0,3,1,1,5,10,0,0,0,3,1,1,5,1000,0,0,0,0,0,0,0,0,0,0,0,0,0,0,0,0,0,0,0,0,0,0,0,0,0,0,0,0,0,0,0,0,0,0,0,0,0,0,0,0,0,0,0,0,0,0,0,0,0,0,0
1986,25,16,58,30.11,2,7,0,-1,1,0,1,1,25,0,0,0,1028,0,0,0,0,0,1,1,0,0,0,-67.9783465,0,0,0,0,3,1,1,5,10,0,0,0,3,1,1,5,1000,0,0,0,0,0,0,0,0,0,0,0,0,0,0,0,0,0,0,0,0,0,0,0,0,0,0,0,0,0,0,0,0,0,0,0,0,0,0,0,0,0,0,0,0,0,0,0,0,0,0,0
1986,25,17,0,6.11,2,7,0,-1,1,0,1,1,25,0,0,0,1028,0,0,0,0,0,1,1,0,0,0,-68.06618973,0,0,0,0,3,1,1,5,10,0,0,0,3,1,1,5,1000,0,0,0,0,0,0,0,0,0,0,0,0,0,0,0,0,0,0,0,0,0,0,0,0,0,0,0,0,0,0,0,0,0,0,0,0,0,0,0,0,0,0,0,0,0,0,0,0,0,0,0
1986,25,17,1,42.11,2,7,0,-1,1,0,1,1,25,0,0,0,1028,0,0,0,0,0,1,1,0,0,0,-68.15403171,0,0,0,0,3,1,1,5,10,0,0,0,3,1,1,5,1000,0,0,0,0,0,0,0,0,0,0,0,0,0,0,0,0,0,0,0,0,0,0,0,0,0,0,0,0,0,0,0,0,0,0,0,0,0,0,0,0,0,0,0,0,0,0,0,0,0,0,0
1986,25,17,3,18.109,2,7,0,-1,1,0,1,1,25,0,0,0,1028,0,0,0,0,0,1,1,0,0,0,-68.24187198,0,0,0,0,3,1,1,5,10,0,0,0,3,1,1,5,1000,0,0,0,0,0,0,0,0,0,0,0,0,0,0,0,0,0,0,0,0,0,0,0,0,0,0,0,0,0,0,0,0,0,0,0,0,0,0,0,0,0,0,0,0,0,0,0,0,0,0,0
1986,25,17,7,18.109,2,7,0,-1,1,0,1,1,25,0,0,0,1028,0,0,0,0,0,1,1,0,0,0,-68.46146788,0,0,0,0,3,1,1,5,10,0,0,0,3,1,1,5,1000,0,0,0,0,0,0,0,0,0,0,0,0,0,0,0,0,0,0,0,0,0,0,0,0,0,0,0,0,0,0,0,0,0,0,0,0,0,0,0,0,0,0,0,0,0,0,0,0,0,0,0
1986,25,17,8,54.109,2,7,0,-1,1,0,1,1,25,0,0,0,1028,0,0,0,0,0,1,1,0,0,0,-68.54930424,0,0,0,0,3,1,1,5,10,0,0,0,3,1,1,5,1000,0,0,0,0,0,0,0,0,0,0,0,0,0,0,0,0,0,0,0,0,0,0,0,0,0,0,0,0,0,0,0,0,0,0,0,0,0,0,0,0,0,0,0,0,0,0,0,0,0,0,0
1986,25,17,10,30.109,2,7,0,-1,1,0,1,1,25,0,0,0,1028,0,0,0,0,0,1,1,0,0,0,-68.63713936,0,0,0,0,3,1,1,5,10,0,0,0,3,1,1,5,1000,0,0,0,0,0,0,0,0,0,0,0,0,0,0,0,0,0,0,0,0,0,0,0,0,0,0,0,0,0,0,0,0,0,0,0,0,0,0,0,0,0,0,0,0,0,0,0,0,0,0,0
1986,25,17,12,6.109,2,7,0,-1,1,0,1,1,25,0,0,0,1028,0,0,0,0,0,1,1,0,0,0,-68.72497324,0,0,0,0,3,1,1,5,10,0,0,0,3,1,1,5,1000,0,0,0,0,0,0,0,0,0,0,0,0,0,0,0,0,0,0,0,0,0,0,0,0,0,0,0,0,0,0,0,0,0,0,0,0,0,0,0,0,0,0,0,0,0,0,0,0,0,0,0
1986,25,17,13,42.109,2,7,0,-1,1,0,1,1,25,0,0,0,1028,0,0,0,0,0,1,1,0,0,0,-68.81280588,0,0,0,0,3,1,1,5,10,0,0,0,3,1,1,5,1000,0,0,0,0,0,0,0,0,0,0,0,0,0,0,0,0,0,0,0,0,0,0,0,0,0,0,0,0,0,0,0,0,0,0,0,0,0,0,0,0,0,0,0,0,0,0,0,0,0,0,0
1986,25,17,15,18.109,2,7,0,-1,1,0,1,1,25,0,0,0,1028,0,0,0,0,0,1,1,0,0,0,-68.90063728,0,0,0,0,3,1,1,5,10,0,0,0,3,1,1,5,1000,0,0,0,0,0,0,0,0,0,0,0,0,0,0,0,0,0,0,0,0,0,0,0,0,0,0,0,0,0,0,0,0,0,0,0,0,0,0,0,0,0,0,0,0,0,0,0,0,0,0,0
1986,25,17,19,18.108,2,7,0,-1,1,0,1,1,25,0,0,0,1028,0,0,0,0,0,1,1,0,0,0,-69.12020946,0,0,0,0,3,1,1,5,10,0,0,0,3,1,1,5,1000,0,0,0,0,0,0,0,0,0,0,0,0,0,0,0,0,0,0,0,0,0,0,0,0,0,0,0,0,0,0,0,0,0,0,0,0,0,0,0,0,0,0,0,0,0,0,0,0,0,0,0
1986,25,17,20,54.108,2,7,0,-1,1,0,1,1,25,0,0,0,1028,0,0,0,0,0,1,1,0,0,0,-69.20803654,0,0,0,0,3,1,1,5,10,0,0,0,3,1,1,5,1000,0,0,0,0,0,0,0,0,0,0,0,0,0,0,0,0,0,0,0,0,0,0,0,0,0,0,0,0,0,0,0,0,0,0,0,0,0,0,0,0,0,0,0,0,0,0,0,0,0,0,0
1986,25,17,22,30.108,2,7,0,-1,1,0,1,1,25,0,0,0,1028,0,0,0,0,0,1,1,0,0,0,-69.29586239,0,0,0,0,3,1,1,5,10,0,0,0,3,1,1,5,1000,0,0,0,0,0,0,0,0,0,0,0,0,0,0,0,0,0,0,0,0,0,0,0,0,0,0,0,0,0,0,0,0,0,0,0,0,0,0,0,0,0,0,0,0,0,0,0,0,0,0,0
1986,25,17,24,6.108,2,7,0,-1,1,0,1,1,25,0,0,0,1028,0,0,0,0,0,1,1,0,0,0,-69.38368702,0,0,0,0,3,1,1,5,10,0,0,0,3,1,1,5,1000,0,0,0,0,0,0,0,0,0,0,0,0,0,0,0,0,0,0,0,0,0,0,0,0,0,0,0,0,0,0,0,0,0,0,0,0,0,0,0,0,0,0,0,0,0,0,0,0,0,0,0
1986,25,17,25,42.108,2,7,0,-1,1,0,1,1,25,0,0,0,1028,0,0,0,0,0,1,1,0,0,0,-69.47151041,0,0,0,0,3,1,1,5,10,0,0,0,3,1,1,5,1000,0,0,0,0,0,0,0,0,0,0,0,0,0,0,0,0,0,0,0,0,0,0,0,0,0,0,0,0,0,0,0,0,0,0,0,0,0,0,0,0,0,0,0,0,0,0,0,0,0,0,0
1986,25,17,27,18.108,2,7,0,-1,1,0,1,1,25,0,0,0,1028,0,0,0,0,0,1,1,0,0,0,-69.55933258,0,0,0,0,3,1,1,5,10,0,0,0,3,1,1,5,1000,0,0,0,0,0,0,0,0,0,0,0,0,0,0,0,0,0,0,0,0,0,0,0,0,0,0,0,0,0,0,0,0,0,0,0,0,0,0,0,0,0,0,0,0,0,0,0,0,0,0,0
1986,25,17,31,18.108,2,7,0,-1,1,0,1,1,25,0,0,0,1028,0,0,0,0,0,1,1,0,0,0,-69.77888266,0,0,0,0,3,1,1,5,10,0,0,0,3,1,1,5,1000,0,0,0,0,0,0,0,0,0,0,0,0,0,0,0,0,0,0,0,0,0,0,0,0,0,0,0,0,0,0,0,0,0,0,0,0,0,0,0,0,0,0,0,0,0,0,0,0,0,0,0
1986,25,17,32,54.108,2,7,0,-1,1,0,1,1,25,0,0,0,1028,0,0,0,0,0,1,1,0,0,0,-69.86670056,0,0,0,0,3,1,1,5,10,0,0,0,3,1,1,5,1000,0,0,0,0,0,0,0,0,0,0,0,0,0,0,0,0,0,0,0,0,0,0,0,0,0,0,0,0,0,0,0,0,0,0,0,0,0,0,0,0,0,0,0,0,0,0,0,0,0,0,0
1986,25,17,34,30.107,2,7,0,-1,1,0,1,1,25,0,0,0,1028,0,0,0,0,0,1,1,0,0,0,-69.95451632,0,0,0,0,3,1,1,5,10,0,0,0,3,1,1,5,1000,0,0,0,0,0,0,0,0,0,0,0,0,0,0,0,0,0,0,0,0,0,0,0,0,0,0,0,0,0,0,0,0,0,0,0,0,0,0,0,0,0,0,0,0,0,0,0,0,0,0,0
1986,25,17,36,6.107,2,7,0,-1,1,0,1,1,25,0,0,0,1028,0,0,0,0,0,1,1,0,0,0,-70.04233178,0,0,0,0,3,1,1,5,10,0,0,0,3,1,1,5,1000,0,0,0,0,0,0,0,0,0,0,0,0,0,0,0,0,0,0,0,0,0,0,0,0,0,0,0,0,0,0,0,0,0,0,0,0,0,0,0,0,0,0,0,0,0,0,0,0,0,0,0
1986,25,17,37,42.107,2,7,0,-1,1,0,1,1,25,0,0,0,1028,0,0,0,0,0,1,1,0,0,0,-70.13014603,0,0,0,0,3,1,1,5,10,0,0,0,3,1,1,5,1000,0,0,0,0,0,0,0,0,0,0,0,0,0,0,0,0,0,0,0,0,0,0,0,0,0,0,0,0,0,0,0,0,0,0,0,0,0,0,0,0,0,0,0,0,0,0,0,0,0,0,0
1986,25,17,39,18.107,2,7,0,-1,1,0,1,1,25,0,0,0,1028,0,0,0,0,0,1,1,0,0,0,-70.21795906,0,0,0,0,3,1,1,5,10,0,0,0,3,1,1,5,1000,0,0,0,0,0,0,0,0,0,0,0,0,0,0,0,0,0,0,0,0,0,0,0,0,0,0,0,0,0,0,0,0,0,0,0,0,0,0,0,0,0,0,0,0,0,0,0,0,0,0,0
1986,25,17,43,18.107,2,7,0,-1,1,0,1,1,25,0,0,0,1028,0,0,0,0,0,1,1,0,0,0,-70.43748636,0,0,0,0,3,1,1,5,10,0,0,0,3,1,1,5,1000,0,0,0,0,0,0,0,0,0,0,0,0,0,0,0,0,0,0,0,0,0,0,0,0,0,0,0,0,0,0,0,0,0,0,0,0,0,0,0,0,0,0,0,0,0,0,0,0,0,0,0
1986,25,17,44,54.107,2,7,0,-1,1,0,1,1,25,0,0,0,1028,0,0,0,0,0,1,1,0,0,0,-70.52529517,0,0,0,0,3,1,1,5,10,0,0,0,3,1,1,5,1000,0,0,0,0,0,0,0,0,0,0,0,0,0,0,0,0,0,0,0,0,0,0,0,0,0,0,0,0,0,0,0,0,0,0,0,0,0,0,0,0,0,0,0,0,0,0,0,0,0,0,0
1986,25,17,46,30.107,2,7,0,-1,1,0,1,1,25,0,0,0,1028,0,0,0,0,0,1,1,0,0,0,-70.61310277,0,0,0,0,3,1,1,5,10,0,0,0,3,1,1,5,1000,0,0,0,0,0,0,0,0,0,0,0,0,0,0,0,0,0,0,0,0,0,0,0,0,0,0,0,0,0,0,0,0,0,0,0,0,0,0,0,0,0,0,0,0,0,0,0,0,0,0,0
1986,25,17,48,6.106,2,7,0,-1,1,0,1,1,25,0,0,0,1028,0,0,0,0,0,1,1,0,0,0,-70.70090871,0,0,0,0,3,1,1,5,10,0,0,0,3,1,1,5,1000,0,0,0,0,0,0,0,0,0,0,0,0,0,0,0,0,0,0,0,0,0,0,0,0,0,0,0,0,0,0,0,0,0,0,0,0,0,0,0,0,0,0,0,0,0,0,0,0,0,0,0
1986,25,17,49,42.106,2,7,0,-1,1,0,1,1,25,0,0,0,1028,0,0,0,0,0,1,1,0,0,0,-70.78871344,0,0,0,0,3,1,1,5,10,0,0,0,3,1,1,5,1000,0,0,0,0,0,0,0,0,0,0,0,0,0,0,0,0,0,0,0,0,0,0,0,0,0,0,0,0,0,0,0,0,0,0,0,0,0,0,0,0,0,0,0,0,0,0,0,0,0,0,0
1986,25,17,51,18.106,2,7,0,-1,1,0,1,1,25,0,0,0,1028,0,0,0,0,0,1,1,0,0,0,-70.87651744,0,0,0,0,3,1,1,5,10,0,0,0,3,1,1,5,1000,0,0,0,0,0,0,0,0,0,0,0,0,0,0,0,0,0,0,0,0,0,0,0,0,0,0,0,0,0,0,0,0,0,0,0,0,0,0,0,0,0,0,0,0,0,0,0,0,0,0,0
1986,25,17,55,18.106,2,7,0,-1,1,0,1,1,25,0,0,0,1028,0,0,0,0,0,1,1,0,0,0,-71.09602219,0,0,0,0,3,1,1,5,10,0,0,0,3,1,1,5,1000,0,0,0,0,0,0,0,0,0,0,0,0,0,0,0,0,0,0,0,0,0,0,0,0,0,0,0,0,0,0,0,0,0,0,0,0,0,0,0,0,0,0,0,0,0,0,0,0,0,0,0
1986,25,17,56,54.106,2,7,0,-1,1,0,1,1,25,0,0,0,1028,0,0,0,0,0,1,1,0,0,0,-71.183822,0,0,0,0,3,1,1,5,10,0,0,0,3,1,1,5,1000,0,0,0,0,0,0,0,0,0,0,0,0,0,0,0,0,0,0,0,0,0,0,0,0,0,0,0,0,0,0,0,0,0,0,0,0,0,0,0,0,0,0,0,0,0,0,0,0,0,0,0
1986,25,17,58,30.106,2,7,0,-1,1,0,1,1,25,0,0,0,1028,0,0,0,0,0,1,1,0,0,0,-71.27162062,0,0,0,0,3,1,1,5,10,0,0,0,3,1,1,5,1000,0,0,0,0,0,0,0,0,0,0,0,0,0,0,0,0,0,0,0,0,0,0,0,0,0,0,0,0,0,0,0,0,0,0,0,0,0,0,0,0,0,0,0,0,0,0,0,0,0,0,0
1986,25,18,0,6.106,2,7,0,-1,1,0,1,1,25,0,0,0,1028,0,0,0,0,0,1,1,0,0,0,-71.35941805,0,0,0,0,3,1,1,5,10,0,0,0,3,1,1,5,1000,0,0,0,0,0,0,0,0,0,0,0,0,0,0,0,0,0,0,0,0,0,0,0,0,0,0,0,0,0,0,0,0,0,0,0,0,0,0,0,0,0,0,0,0,0,0,0,0,0,0,0
1986,25,18,1,42.106,2,7,0,-1,1,0,1,1,25,0,0,0,1028,0,0,0,0,0,1,1,0,0,0,-71.44721429,0,0,0,0,3,1,1,5,10,0,0,0,3,1,1,5,1000,0,0,0,0,0,0,0,0,0,0,0,0,0,0,0,0,0,0,0,0,0,0,0,0,0,0,0,0,0,0,0,0,0,0,0,0,0,0,0,0,0,0,0,0,0,0,0,0,0,0,0
1986,25,18,3,18.105,2,7,0,-1,1,0,1,1,25,0,0,0,1028,0,0,0,0,0,1,1,0,0,0,-71.53500888,0,0,0,0,3,1,1,5,10,0,0,0,3,1,1,5,1000,0,0,0,0,0,0,0,0,0,0,0,0,0,0,0,0,0,0,0,0,0,0,0,0,0,0,0,0,0,0,0,0,0,0,0,0,0,0,0,0,0,0,0,0,0,0,0,0,0,0,0
1986,25,18,7,18.105,2,7,0,-1,1,0,1,1,25,0,0,0,1028,0,0,0,0,0,1,1,0,0,0,-71.75449087,0,0,0,0,3,1,1,5,10,0,0,0,3,1,1,5,1000,0,0,0,0,0,0,0,0,0,0,0,0,0,0,0,0,0,0,0,0,0,0,0,0,0,0,0,0,0,0,0,0,0,0,0,0,0,0,0,0,0,0,0,0,0,0,0,0,0,0,0
1986,25,18,8,54.105,2,7,0,-1,1,0,1,1,25,0,0,0,1028,0,0,0,0,0,1,1,0,0,0,-71.84228178,0,0,0,0,3,1,1,5,10,0,0,0,3,1,1,5,1000,0,0,0,0,0,0,0,0,0,0,0,0,0,0,0,0,0,0,0,0,0,0,0,0,0,0,0,0,0,0,0,0,0,0,0,0,0,0,0,0,0,0,0,0,0,0,0,0,0,0,0
1986,25,18,10,30.105,2,7,0,-1,1,0,1,1,25,0,0,0,1028,0,0,0,0,0,1,1,0,0,0,-71.93007151,0,0,0,0,3,1,1,5,10,0,0,0,3,1,1,5,1000,0,0,0,0,0,0,0,0,0,0,0,0,0,0,0,0,0,0,0,0,0,0,0,0,0,0,0,0,0,0,0,0,0,0,0,0,0,0,0,0,0,0,0,0,0,0,0,0,0,0,0
1986,25,18,12,6.105,2,7,0,-1,1,0,1,1,25,0,0,0,1028,0,0,0,0,0,1,1,0,0,0,-72.01786006,0,0,0,0,3,1,1,5,10,0,0,0,3,1,1,5,1000,0,0,0,0,0,0,0,0,0,0,0,0,0,0,0,0,0,0,0,0,0,0,0,0,0,0,0,0,0,0,0,0,0,0,0,0,0,0,0,0,0,0,0,0,0,0,0,0,0,0,0
1986,25,18,13,42.105,2,7,0,-1,1,0,1,1,25,0,0,0,1028,0,0,0,0,0,1,1,0,0,0,-72.10564743,0,0,0,0,3,1,1,5,10,0,0,0,3,1,1,5,1000,0,0,0,0,0,0,0,0,0,0,0,0,0,0,0,0,0,0,0,0,0,0,0,0,0,0,0,0,0,0,0,0,0,0,0,0,0,0,0,0,0,0,0,0,0,0,0,0,0,0,0
1986,25,18,15,18.105,2,7,0,-1,1,0,1,1,25,0,0,0,1028,0,0,0,0,0,1,1,0,0,0,-72.19343363,0,0,0,0,3,1,1,5,10,0,0,0,3,1,1,5,1000,0,0,0,0,0,0,0,0,0,0,0,0,0,0,0,0,0,0,0,0,0,0,0,0,0,0,0,0,0,0,0,0,0,0,0,0,0,0,0,0,0,0,0,0,0,0,0,0,0,0,0
1986,25,18,19,18.104,2,7,0,-1,1,0,1,1,25,0,0,0,1028,0,0,0,0,0,1,1,0,0,0,-72.41289309,0,0,0,0,3,1,1,5,10,0,0,0,3,1,1,5,1000,0,0,0,0,0,0,0,0,0,0,0,0,0,0,0,0,0,0,0,0,0,0,0,0,0,0,0,0,0,0,0,0,0,0,0,0,0,0,0,0,0,0,0,0,0,0,0,0,0,0,0
1986,25,18,20,54.104,2,7,0,-1,1,0,1,1,25,0,0,0,1028,0,0,0,0,0,1,1,0,0,0,-72.50067519,0,0,0,0,3,1,1,5,10,0,0,0,3,1,1,5,1000,0,0,0,0,0,0,0,0,0,0,0,0,0,0,0,0,0,0,0,0,0,0,0,0,0,0,0,0,0,0,0,0,0,0,0,0,0,0,0,0,0,0,0,0,0,0,0,0,0,0,0
1986,25,18,22,30.104,2,7,0,-1,1,0,1,1,25,0,0,0,1028,0,0,0,0,0,1,1,0,0,0,-72.58845613,0,0,0,0,3,1,1,5,10,0,0,0,3,1,1,5,1000,0,0,0,0,0,0,0,0,0,0,0,0,0,0,0,0,0,0,0,0,0,0,0,0,0,0,0,0,0,0,0,0,0,0,0,0,0,0,0,0,0,0,0,0,0,0,0,0,0,0,0
1986,25,18,24,6.104,2,7,0,-1,1,0,1,1,25,0,0,0,1028,0,0,0,0,0,1,1,0,0,0,-72.67623589,0,0,0,0,3,1,1,5,10,0,0,0,3,1,1,5,1000,0,0,0,0,0,0,0,0,0,0,0,0,0,0,0,0,0,0,0,0,0,0,0,0,0,0,0,0,0,0,0,0,0,0,0,0,0,0,0,0,0,0,0,0,0,0,0,0,0,0,0
1986,25,18,25,42.104,2,7,0,-1,1,0,1,1,25,0,0,0,1028,0,0,0,0,0,1,1,0,0,0,-72.7640145,0,0,0,0,3,1,1,5,10,0,0,0,3,1,1,5,1000,0,0,0,0,0,0,0,0,0,0,0,0,0,0,0,0,0,0,0,0,0,0,0,0,0,0,0,0,0,0,0,0,0,0,0,0,0,0,0,0,0,0,0,0,0,0,0,0,0,0,0
1986,25,18,27,18.104,2,7,0,-1,1,0,1,1,25,0,0,0,1028,0,0,0,0,0,1,1,0,0,0,-72.85179194,0,0,0,0,3,1,1,5,10,0,0,0,3,1,1,5,1000,0,0,0,0,0,0,0,0,0,0,0,0,0,0,0,0,0,0,0,0,0,0,0,0,0,0,0,0,0,0,0,0,0,0,0,0,0,0,0,0,0,0,0,0,0,0,0,0,0,0,0
1986,25,18,31,18.104,2,7,0,-1,1,0,1,1,25,0,0,0,1028,0,0,0,0,0,1,1,0,0,0,-73.07123047,0,0,0,0,3,1,1,5,10,0,0,0,3,1,1,5,1000,0,0,0,0,0,0,0,0,0,0,0,0,0,0,0,0,0,0,0,0,0,0,0,0,0,0,0,0,0,0,0,0,0,0,0,0,0,0,0,0,0,0,0,0,0,0,0,0,0,0,0
1986,25,18,32,54.104,2,7,0,-1,1,0,1,1,25,0,0,0,1028,0,0,0,0,0,1,1,0,0,0,-73.15900385,0,0,0,0,3,1,1,5,10,0,0,0,3,1,1,5,1000,0,0,0,0,0,0,0,0,0,0,0,0,0,0,0,0,0,0,0,0,0,0,0,0,0,0,0,0,0,0,0,0,0,0,0,0,0,0,0,0,0,0,0,0,0,0,0,0,0,0,0
1986,25,18,34,30.103,2,7,0,-1,1,0,1,1,25,0,0,0,1028,0,0,0,0,0,1,1,0,0,0,-73.24677517,0,0,0,0,3,1,1,5,10,0,0,0,3,1,1,5,1000,0,0,0,0,0,0,0,0,0,0,0,0,0,0,0,0,0,0,0,0,0,0,0,0,0,0,0,0,0,0,0,0,0,0,0,0,0,0,0,0,0,0,0,0,0,0,0,0,0,0,0
1986,25,18,36,6.103,2,7,0,-1,1,0,1,1,25,0,0,0,1028,0,0,0,0,0,1,1,0,0,0,-73.33454624,0,0,0,0,3,1,1,5,10,0,0,0,3,1,1,5,1000,0,0,0,0,0,0,0,0,0,0,0,0,0,0,0,0,0,0,0,0,0,0,0,0,0,0,0,0,0,0,0,0,0,0,0,0,0,0,0,0,0,0,0,0,0,0,0,0,0,0,0
1986,25,18,37,42.103,2,7,0,-1,1,0,1,1,25,0,0,0,1028,0,0,0,0,0,1,1,0,0,0,-73.42231617,0,0,0,0,3,1,1,5,10,0,0,0,3,1,1,5,1000,0,0,0,0,0,0,0,0,0,0,0,0,0,0,0,0,0,0,0,0,0,0,0,0,0,0,0,0,0,0,0,0,0,0,0,0,0,0,0,0,0,0,0,0,0,0,0,0,0,0,0
1986,25,18,39,18.103,2,7,0,-1,1,0,1,1,25,0,0,0,1028,0,0,0,0,0,1,1,0,0,0,-73.51008494,0,0,0,0,3,1,1,5,10,0,0,0,3,1,1,5,1000,0,0,0,0,0,0,0,0,0,0,0,0,0,0,0,0,0,0,0,0,0,0,0,0,0,0,0,0,0,0,0,0,0,0,0,0,0,0,0,0,0,0,0,0,0,0,0,0,0,0,0
1986,25,18,43,18.103,2,7,0,-1,1,0,1,1,25,0,0,0,1028,0,0,0,0,0,1,1,0,0,0,-73.72950186,0,0,0,0,3,1,1,5,10,0,0,0,3,1,1,5,1000,0,0,0,0,0,0,0,0,0,0,0,0,0,0,0,0,0,0,0,0,0,0,0,0,0,0,0,0,0,0,0,0,0,0,0,0,0,0,0,0,0,0,0,0,0,0,0,0,0,0,0
1986,25,18,44,54.103,2,7,0,-1,1,0,1,1,25,0,0,0,1028,0,0,0,0,0,1,1,0,0,0,-73.81726662,0,0,0,0,3,1,1,5,10,0,0,0,3,1,1,5,1000,0,0,0,0,0,0,0,0,0,0,0,0,0,0,0,0,0,0,0,0,0,0,0,0,0,0,0,0,0,0,0,0,0,0,0,0,0,0,0,0,0,0,0,0,0,0,0,0,0,0,0
1986,25,18,46,30.103,2,7,0,-1,1,0,1,1,25,0,0,0,1028,0,0,0,0,0,1,1,0,0,0,-73.90503024,0,0,0,0,3,1,1,5,10,0,0,0,3,1,1,5,1000,0,0,0,0,0,0,0,0,0,0,0,0,0,0,0,0,0,0,0,0,0,0,0,0,0,0,0,0,0,0,0,0,0,0,0,0,0,0,0,0,0,0,0,0,0,0,0,0,0,0,0
1986,25,18,48,6.103,2,7,0,-1,1,0,1,1,25,0,0,0,1028,0,0,0,0,0,1,1,0,0,0,-73.99279272,0,0,0,0,3,1,1,5,10,0,0,0,3,1,1,5,1000,0,0,0,0,0,0,0,0,0,0,0,0,0,0,0,0,0,0,0,0,0,0,0,0,0,0,0,0,0,0,0,0,0,0,0,0,0,0,0,0,0,0,0,0,0,0,0,0,0,0,0
1986,25,18,49,42.102,2,7,0,-1,1,0,1,1,25,0,0,0,1028,0,0,0,0,0,1,1,0,0,0,-74.08055314,0,0,0,0,3,1,1,5,10,0,0,0,3,1,1,5,1000,0,0,0,0,0,0,0,0,0,0,0,0,0,0,0,0,0,0,0,0,0,0,0,0,0,0,0,0,0,0,0,0,0,0,0,0,0,0,0,0,0,0,0,0,0,0,0,0,0,0,0
1986,25,18,51,18.102,2,7,0,-1,1,0,1,1,25,0,0,0,1028,0,0,0,0,0,1,1,0,0,0,-74.16831334,0,0,0,0,3,1,1,5,10,0,0,0,3,1,1,5,1000,0,0,0,0,0,0,0,0,0,0,0,0,0,0,0,0,0,0,0,0,0,0,0,0,0,0,0,0,0,0,0,0,0,0,0,0,0,0,0,0,0,0,0,0,0,0,0,0,0,0,0
1986,25,18,55,18.102,2,7,0,-1,1,0,1,1,25,0,0,0,1028,0,0,0,0,0,1,1,0,0,0,-74.38770887,0,0,0,0,3,1,1,5,10,0,0,0,3,1,1,5,1000,0,0,0,0,0,0,0,0,0,0,0,0,0,0,0,0,0,0,0,0,0,0,0,0,0,0,0,0,0,0,0,0,0,0,0,0,0,0,0,0,0,0,0,0,0,0,0,0,0,0,0
1986,25,18,56,54.102,2,7,0,-1,1,0,1,1,25,0,0,0,1028,0,0,0,0,0,1,1,0,0,0,-74.47546509,0,0,0,0,3,1,1,5,10,0,0,0,3,1,1,5,1000,0,0,0,0,0,0,0,0,0,0,0,0,0,0,0,0,0,0,0,0,0,0,0,0,0,0,0,0,0,0,0,0,0,0,0,0,0,0,0,0,0,0,0,0,0,0,0,0,0,0,0
1986,25,18,58,30.102,2,7,0,-1,1,0,1,1,25,0,0,0,1028,0,0,0,0,0,1,1,0,0,0,-74.56322019,0,0,0,0,3,1,1,5,10,0,0,0,3,1,1,5,1000,0,0,0,0,0,0,0,0,0,0,0,0,0,0,0,0,0,0,0,0,0,0,0,0,0,0,0,0,0,0,0,0,0,0,0,0,0,0,0,0,0,0,0,0,0,0,0,0,0,0,0
1986,25,19,0,6.102,2,7,0,-1,1,0,1,1,25,0,0,0,1028,0,0,0,0,0,1,1,0,0,0,-74.65097416,0,0,0,0,3,1,1,5,10,0,0,0,3,1,1,5,1000,0,0,0,0,0,0,0,0,0,0,0,0,0,0,0,0,0,0,0,0,0,0,0,0,0,0,0,0,0,0,0,0,0,0,0,0,0,0,0,0,0,0,0,0,0,0,0,0,0,0,0
1986,25,19,1,42.102,2,7,0,-1,1,0,1,1,25,0,0,0,1028,0,0,0,0,0,1,1,0,0,0,-74.738727,0,0,0,0,3,1,1,5,10,0,0,0,3,1,1,5,1000,0,0,0,0,0,0,0,0,0,0,0,0,0,0,0,0,0,0,0,0,0,0,0,0,0,0,0,0,0,0,0,0,0,0,0,0,0,0,0,0,0,0,0,0,0,0,0,0,0,0,0
1986,25,19,3,18.102,2,7,0,-1,1,0,1,1,25,0,0,0,1028,0,0,0,0,0,1,1,0,0,0,-74.82647871,0,0,0,0,3,1,1,5,10,0,0,0,3,1,1,5,1000,0,0,0,0,0,0,0,0,0,0,0,0,0,0,0,0,0,0,0,0,0,0,0,0,0,0,0,0,0,0,0,0,0,0,0,0,0,0,0,0,0,0,0,0,0,0,0,0,0,0,0
1986,25,19,7,18.101,2,7,0,-1,1,0,1,1,25,0,0,0,1028,0,0,0,0,0,1,1,0,0,0,-75.04585216,0,0,0,0,3,1,1,5,10,0,0,0,3,1,1,5,1000,0,0,0,0,0,0,0,0,0,0,0,0,0,0,0,0,0,0,0,0,0,0,0,0,0,0,0,0,0,0,0,0,0,0,0,0,0,0,0,0,0,0,0,0,0,0,0,0,0,0,0
1986,25,19,8,54.101,2,7,0,-1,1,0,1,1,25,0,0,0,1028,0,0,0,0,0,1,1,0,0,0,-75.13359995,0,0,0,0,3,1,1,5,10,0,0,0,3,1,1,5,1000,0,0,0,0,0,0,0,0,0,0,0,0,0,0,0,0,0,0,0,0,0,0,0,0,0,0,0,0,0,0,0,0,0,0,0,0,0,0,0,0,0,0,0,0,0,0,0,0,0,0,0
1986,25,19,10,30.101,2,7,0,-1,1,0,1,1,25,0,0,0,1028,0,0,0,0,0,1,1,0,0,0,-75.22134661,0,0,0,0,3,1,1,5,10,0,0,0,3,1,1,5,1000,0,0,0,0,0,0,0,0,0,0,0,0,0,0,0,0,0,0,0,0,0,0,0,0,0,0,0,0,0,0,0,0,0,0,0,0,0,0,0,0,0,0,0,0,0,0,0,0,0,0,0
1986,25,19,12,6.101,2,7,0,-1,1,0,1,1,25,0,0,0,1028,0,0,0,0,0,1,1,0,0,0,-75.30909216,0,0,0,0,3,1,1,5,10,0,0,0,3,1,1,5,1000,0,0,0,0,0,0,0,0,0,0,0,0,0,0,0,0,0,0,0,0,0,0,0,0,0,0,0,0,0,0,0,0,0,0,0,0,0,0,0,0,0,0,0,0,0,0,0,0,0,0,0
1986,25,19,13,42.101,2,7,0,-1,1,0,1,1,25,0,0,0,1028,0,0,0,0,0,1,1,0,0,0,-75.39683659,0,0,0,0,3,1,1,5,10,0,0,0,3,1,1,5,1000,0,0,0,0,0,0,0,0,0,0,0,0,0,0,0,0,0,0,0,0,0,0,0,0,0,0,0,0,0,0,0,0,0,0,0,0,0,0,0,0,0,0,0,0,0,0,0,0,0,0,0
1986,25,19,15,18.101,2,7,0,-1,1,0,1,1,25,0,0,0,1028,0,0,0,0,0,1,1,0,0,0,-75.48457991,0,0,0,0,3,1,1,5,10,0,0,0,3,1,1,5,1000,0,0,0,0,0,0,0,0,0,0,0,0,0,0,0,0,0,0,0,0,0,0,0,0,0,0,0,0,0,0,0,0,0,0,0,0,0,0,0,0,0,0,0,0,0,0,0,0,0,0,0
1986,25,19,19,18.1,2,7,0,-1,1,0,1,1,25,0,0,0,1028,0,0,0,0,0,1,1,0,0,0,-75.70393288,0,0,0,0,3,1,1,5,10,0,0,0,3,1,1,5,1000,0,0,0,0,0,0,0,0,0,0,0,0,0,0,0,0,0,0,0,0,0,0,0,0,0,0,0,0,0,0,0,0,0,0,0,0,0,0,0,0,0,0,0,0,0,0,0,0,0,0,0
1986,25,19,20,54.1,2,7,0,-1,1,0,1,1,25,0,0,0,1028,0,0,0,0,0,1,1,0,0,0,-75.79167185,0,0,0,0,3,1,1,5,10,0,0,0,3,1,1,5,1000,0,0,0,0,0,0,0,0,0,0,0,0,0,0,0,0,0,0,0,0,0,0,0,0,0,0,0,0,0,0,0,0,0,0,0,0,0,0,0,0,0,0,0,0,0,0,0,0,0,0,0
1986,25,19,22,30.1,2,7,0,-1,1,0,1,1,25,0,0,0,1028,0,0,0,0,0,1,1,0,0,0,-75.87941017,0,0,0,0,3,1,1,5,10,0,0,0,3,1,1,5,1000,0,0,0,0,0,0,0,0,0,0,0,0,0,0,0,0,0,0,0,0,0,0,0,0,0,0,0,0,0,0,0,0,0,0,0,0,0,0,0,0,0,0,0,0,0,0,0,0,0,0,0
1986,25,19,24,6.1,2,7,0,-1,1,0,1,1,25,0,0,0,1028,0,0,0,0,0,1,1,0,0,0,-75.96714739,0,0,0,0,3,1,1,5,10,0,0,0,3,1,1,5,1000,0,0,0,0,0,0,0,0,0,0,0,0,0,0,0,0,0,0,0,0,0,0,0,0,0,0,0,0,0,0,0,0,0,0,0,0,0,0,0,0,0,0,0,0,0,0,0,0,0,0,0
1986,25,19,25,42.1,2,7,0,-1,1,0,1,1,25,0,0,0,1028,0,0,0,0,0,1,1,0,0,0,-76.0548835,0,0,0,0,3,1,1,5,10,0,0,0,3,1,1,5,1000,0,0,0,0,0,0,0,0,0,0,0,0,0,0,0,0,0,0,0,0,0,0,0,0,0,0,0,0,0,0,0,0,0,0,0,0,0,0,0,0,0,0,0,0,0,0,0,0,0,0,0
1986,25,19,27,18.1,2,7,0,-1,1,0,1,1,25,0,0,0,1028,0,0,0,0,0,1,1,0,0,0,-76.14261851,0,0,0,0,3,1,1,5,10,0,0,0,3,1,1,5,1000,0,0,0,0,0,0,0,0,0,0,0,0,0,0,0,0,0,0,0,0,0,0,0,0,0,0,0,0,0,0,0,0,0,0,0,0,0,0,0,0,0,0,0,0,0,0,0,0,0,0,0
1986,25,19,31,18.1,2,7,0,-1,1,0,1,1,25,0,0,0,1028,0,0,0,0,0,1,1,0,0,0,-76.36195121,0,0,0,0,3,1,1,5,10,0,0,0,3,1,1,5,1000,0,0,0,0,0,0,0,0,0,0,0,0,0,0,0,0,0,0,0,0,0,0,0,0,0,0,0,0,0,0,0,0,0,0,0,0,0,0,0,0,0,0,0,0,0,0,0,0,0,0,0
1986,25,19,32,54.1,2,7,0,-1,1,0,1,1,25,0,0,0,1028,0,0,0,0,0,1,1,0,0,0,-76.44968238,0,0,0,0,3,1,1,5,10,0,0,0,3,1,1,5,1000,0,0,0,0,0,0,0,0,0,0,0,0,0,0,0,0,0,0,0,0,0,0,0,0,0,0,0,0,0,0,0,0,0,0,0,0,0,0,0,0,0,0,0,0,0,0,0,0,0,0,0
1986,25,19,34,30.099,2,7,0,-1,1,0,1,1,25,0,0,0,1028,0,0,0,0,0,1,1,0,0,0,-76.53741198,0,0,0,0,3,1,1,5,10,0,0,0,3,1,1,5,1000,0,0,0,0,0,0,0,0,0,0,0,0,0,0,0,0,0,0,0,0,0,0,0,0,0,0,0,0,0,0,0,0,0,0,0,0,0,0,0,0,0,0,0,0,0,0,0,0,0,0,0
1986,25,19,36,6.099,2,7,0,-1,1,0,1,1,25,0,0,0,1028,0,0,0,0,0,1,1,0,0,0,-76.6251405,0,0,0,0,3,1,1,5,10,0,0,0,3,1,1,5,1000,0,0,0,0,0,0,0,0,0,0,0,0,0,0,0,0,0,0,0,0,0,0,0,0,0,0,0,0,0,0,0,0,0,0,0,0,0,0,0,0,0,0,0,0,0,0,0,0,0,0,0
1986,25,19,37,42.099,2,7,0,-1,1,0,1,1,25,0,0,0,1028,0,0,0,0,0,1,1,0,0,0,-76.71286838,0,0,0,0,3,1,1,5,10,0,0,0,3,1,1,5,1000,0,0,0,0,0,0,0,0,0,0,0,0,0,0,0,0,0,0,0,0,0,0,0,0,0,0,0,0,0,0,0,0,0,0,0,0,0,0,0,0,0,0,0,0,0,0,0,0,0,0,0
1986,25,19,39,18.099,2,7,0,-1,1,0,1,1,25,0,0,0,1028,0,0,0,0,0,1,1,0,0,0,-76.80059517,0,0,0,0,3,1,1,5,10,0,0,0,3,1,1,5,1000,0,0,0,0,0,0,0,0,0,0,0,0,0,0,0,0,0,0,0,0,0,0,0,0,0,0,0,0,0,0,0,0,0,0,0,0,0,0,0,0,0,0,0,0,0,0,0,0,0,0,0
1986,25,19,43,18.099,2,7,0,-1,1,0,1,1,25,0,0,0,1028,0,0,0,0,0,1,1,0,0,0,-77.01990737,0,0,0,0,3,1,1,5,10,0,0,0,3,1,1,5,1000,0,0,0,0,0,0,0,0,0,0,0,0,0,0,0,0,0,0,0,0,0,0,0,0,0,0,0,0,0,0,0,0,0,0,0,0,0,0,0,0,0,0,0,0,0,0,0,0,0,0,0
1986,25,19,44,54.099,2,7,0,-1,1,0,1,1,25,0,0,0,1028,0,0,0,0,0,1,1,0,0,0,-77.10763035,0,0,0,0,3,1,1,5,10,0,0,0,3,1,1,5,1000,0,0,0,0,0,0,0,0,0,0,0,0,0,0,0,0,0,0,0,0,0,0,0,0,0,0,0,0,0,0,0,0,0,0,0,0,0,0,0,0,0,0,0,0,0,0,0,0,0,0,0
1986,25,19,46,30.099,2,7,0,-1,1,0,1,1,25,0,0,0,1028,0,0,0,0,0,1,1,0,0,0,-77.19535225,0,0,0,0,3,1,1,5,10,0,0,0,3,1,1,5,1000,0,0,0,0,0,0,0,0,0,0,0,0,0,0,0,0,0,0,0,0,0,0,0,0,0,0,0,0,0,0,0,0,0,0,0,0,0,0,0,0,0,0,0,0,0,0,0,0,0,0,0
1986,25,19,48,6.099,2,7,0,-1,1,0,1,1,25,0,0,0,1028,0,0,0,0,0,1,1,0,0,0,-77.28307306,0,0,0,0,3,1,1,5,10,0,0,0,3,1,1,5,1000,0,0,0,0,0,0,0,0,0,0,0,0,0,0,0,0,0,0,0,0,0,0,0,0,0,0,0,0,0,0,0,0,0,0,0,0,0,0,0,0,0,0,0,0,0,0,0,0,0,0,0
1986,25,19,49,42.098,2,7,0,-1,1,0,1,1,25,0,0,0,1028,0,0,0,0,0,1,1,0,0,0,-77.37079188,0,0,0,0,3,1,1,5,10,0,0,0,3,1,1,5,1000,0,0,0,0,0,0,0,0,0,0,0,0,0,0,0,0,0,0,0,0,0,0,0,0,0,0,0,0,0,0,0,0,0,0,0,0,0,0,0,0,0,0,0,0,0,0,0,0,0,0,0
1986,25,19,51,18.098,2,7,0,-1,1,0,1,1,25,0,0,0,1028,0,0,0,0,0,1,1,0,0,0,-77.45851054,0,0,0,0,3,1,1,5,10,0,0,0,3,1,1,5,1000,0,0,0,0,0,0,0,0,0,0,0,0,0,0,0,0,0,0,0,0,0,0,0,0,0,0,0,0,0,0,0,0,0,0,0,0,0,0,0,0,0,0,0,0,0,0,0,0,0,0,0
1986,25,19,55,18.098,2,7,0,-1,1,0,1,1,25,0,0,0,1028,0,0,0,0,0,1,1,0,0,0,-77.67780245,0,0,0,0,3,1,1,5,10,0,0,0,3,1,1,5,1000,0,0,0,0,0,0,0,0,0,0,0,0,0,0,0,0,0,0,0,0,0,0,0,0,0,0,0,0,0,0,0,0,0,0,0,0,0,0,0,0,0,0,0,0,0,0,0,0,0,0,0
1986,25,19,56,54.098,2,7,0,-1,1,0,1,1,25,0,0,0,1028,0,0,0,0,0,1,1,0,0,0,-77.76551734,0,0,0,0,3,1,1,5,10,0,0,0,3,1,1,5,1000,0,0,0,0,0,0,0,0,0,0,0,0,0,0,0,0,0,0,0,0,0,0,0,0,0,0,0,0,0,0,0,0,0,0,0,0,0,0,0,0,0,0,0,0,0,0,0,0,0,0,0
1986,25,19,58,30.098,2,7,0,-1,1,0,1,1,25,0,0,0,1028,0,0,0,0,0,1,1,0,0,0,-77.85323115,0,0,0,0,3,1,1,5,10,0,0,0,3,1,1,5,1000,0,0,0,0,0,0,0,0,0,0,0,0,0,0,0,0,0,0,0,0,0,0,0,0,0,0,0,0,0,0,0,0,0,0,0,0,0,0,0,0,0,0,0,0,0,0,0,0,0,0,0
1986,25,20,0,6.098,2,7,0,-1,1,0,1,1,25,0,0,0,1028,0,0,0,0,0,1,1,0,0,0,-77.9409439,0,0,0,0,3,1,1,5,10,0,0,0,3,1,1,5,1000,0,0,0,0,0,0,0,0,0,0,0,0,0,0,0,0,0,0,0,0,0,0,0,0,0,0,0,0,0,0,0,0,0,0,0,0,0,0,0,0,0,0,0,0,0,0,0,0,0,0,0
1986,25,20,1,42.098,2,7,0,-1,1,0,1,1,25,0,0,0,1028,0,0,0,0,0,1,1,0,0,0,-78.02865557,0,0,0,0,3,1,1,5,10,0,0,0,3,1,1,5,1000,0,0,0,0,0,0,0,0,0,0,0,0,0,0,0,0,0,0,0,0,0,0,0,0,0,0,0,0,0,0,0,0,0,0,0,0,0,0,0,0,0,0,0,0,0,0,0,0,0,0,0
1986,25,20,3,18.098,2,7,0,-1,1,0,1,1,25,0,0,0,1028,0,0,0,0,0,1,1,0,0,0,-78.11636617,0,0,0,0,3,1,1,5,10,0,0,0,3,1,1,5,1000,0,0,0,0,0,0,0,0,0,0,0,0,0,0,0,0,0,0,0,0,0,0,0,0,0,0,0,0,0,0,0,0,0,0,0,0,0,0,0,0,0,0,0,0,0,0,0,0,0,0,0
1986,25,20,7,18.097,2,7,0,-1,1,0,1,1,25,0,0,0,1028,0,0,0,0,0,1,1,0,0,0,-78.33563711,0,0,0,0,3,1,1,5,10,0,0,0,3,1,1,5,1000,0,0,0,0,0,0,0,0,0,0,0,0,0,0,0,0,0,0,0,0,0,0,0,0,0,0,0,0,0,0,0,0,0,0,0,0,0,0,0,0,0,0,0,0,0,0,0,0,0,0,0
1986,25,20,8,54.097,2,7,0,-1,1,0,1,1,25,0,0,0,1028,0,0,0,0,0,1,1,0,0,0,-78.42334398,0,0,0,0,3,1,1,5,10,0,0,0,3,1,1,5,1000,0,0,0,0,0,0,0,0,0,0,0,0,0,0,0,0,0,0,0,0,0,0,0,0,0,0,0,0,0,0,0,0,0,0,0,0,0,0,0,0,0,0,0,0,0,0,0,0,0,0,0
1986,25,20,10,30.097,2,7,0,-1,1,0,1,1,25,0,0,0,1028,0,0,0,0,0,1,1,0,0,0,-78.5110498,0,0,0,0,3,1,1,5,10,0,0,0,3,1,1,5,1000,0,0,0,0,0,0,0,0,0,0,0,0,0,0,0,0,0,0,0,0,0,0,0,0,0,0,0,0,0,0,0,0,0,0,0,0,0,0,0,0,0,0,0,0,0,0,0,0,0,0,0
1986,25,20,12,6.097,2,7,0,-1,1,0,1,1,25,0,0,0,1028,0,0,0,0,0,1,1,0,0,0,-78.59875455,0,0,0,0,3,1,1,5,10,0,0,0,3,1,1,5,1000,0,0,0,0,0,0,0,0,0,0,0,0,0,0,0,0,0,0,0,0,0,0,0,0,0,0,0,0,0,0,0,0,0,0,0,0,0,0,0,0,0,0,0,0,0,0,0,0,0,0,0
1986,25,20,13,42.097,2,7,0,-1,1,0,1,1,25,0,0,0,1028,0,0,0,0,0,1,1,0,0,0,-78.68645825,0,0,0,0,3,1,1,5,10,0,0,0,3,1,1,5,1000,0,0,0,0,0,0,0,0,0,0,0,0,0,0,0,0,0,0,0,0,0,0,0,0,0,0,0,0,0,0,0,0,0,0,0,0,0,0,0,0,0,0,0,0,0,0,0,0,0,0,0
1986,25,20,15,18.097,2,7,0,-1,1,0,1,1,25,0,0,0,1028,0,0,0,0,0,1,1,0,0,0,-78.77416089,0,0,0,0,3,1,1,5,10,0,0,0,3,1,1,5,1000,0,0,0,0,0,0,0,0,0,0,0,0,0,0,0,0,0,0,0,0,0,0,0,0,0,0,0,0,0,0,0,0,0,0,0,0,0,0,0,0,0,0,0,0,0,0,0,0,0,0,0
1986,25,20,19,18.096,2,7,0,-1,1,0,1,1,25,0,0,0,1028,0,0,0,0,0,1,1,0,0,0,-78.99341241,0,0,0,0,3,1,1,5,10,0,0,0,3,1,1,5,1000,0,0,0,0,0,0,0,0,0,0,0,0,0,0,0,0,0,0,0,0,0,0,0,0,0,0,0,0,0,0,0,0,0,0,0,0,0,0,0,0,0,0,0,0,0,0,0,0,0,0,0
1986,25,20,20,54.096,2,7,0,-1,1,0,1,1,25,0,0,0,1028,0,0,0,0,0,1,1,0,0,0,-79.08111091,0,0,0,0,3,1,1,5,10,0,0,0,3,1,1,5,1000,0,0,0,0,0,0,0,0,0,0,0,0,0,0,0,0,0,0,0,0,0,0,0,0,0,0,0,0,0,0,0,0,0,0,0,0,0,0,0,0,0,0,0,0,0,0,0,0,0,0,0
1986,25,20,22,30.096,2,7,0,-1,1,0,1,1,25,0,0,0,1028,0,0,0,0,0,1,1,0,0,0,-79.16880881,0,0,0,0,3,1,1,5,10,0,0,0,3,1,1,5,1000,0,0,0,0,0,0,0,0,0,0,0,0,0,0,0,0,0,0,0,0,0,0,0,0,0,0,0,0,0,0,0,0,0,0,0,0,0,0,0,0,0,0,0,0,0,0,0,0,0,0,0
1986,25,20,24,6.096,2,7,0,-1,1,0,1,1,25,0,0,0,1028,0,0,0,0,0,1,1,0,0,0,-79.25650566,0,0,0,0,3,1,1,5,10,0,0,0,3,1,1,5,1000,0,0,0,0,0,0,0,0,0,0,0,0,0,0,0,0,0,0,0,0,0,0,0,0,0,0,0,0,0,0,0,0,0,0,0,0,0,0,0,0,0,0,0,0,0,0,0,0,0,0,0
1986,25,20,25,42.096,2,7,0,-1,1,0,1,1,25,0,0,0,1028,0,0,0,0,0,1,1,0,0,0,-79.34420146,0,0,0,0,3,1,1,5,10,0,0,0,3,1,1,5,1000,0,0,0,0,0,0,0,0,0,0,0,0,0,0,0,0,0,0,0,0,0,0,0,0,0,0,0,0,0,0,0,0,0,0,0,0,0,0,0,0,0,0,0,0,0,0,0,0,0,0,0
1986,25,20,27,18.096,2,7,0,-1,1,0,1,1,25,0,0,0,1028,0,0,0,0,0,1,1,0,0,0,-79.43189622,0,0,0,0,3,1,1,5,10,0,0,0,3,1,1,5,1000,0,0,0,0,0,0,0,0,0,0,0,0,0,0,0,0,0,0,0,0,0,0,0,0,0,0,0,0,0,0,0,0,0,0,0,0,0,0,0,0,0,0,0,0,0,0,0,0,0,0,0
1986,25,20,31,18.096,2,7,0,-1,1,0,1,1,25,0,0,0,1028,0,0,0,0,0,1,1,0,0,0,-79.65112855,0,0,0,0,3,1,1,5,10,0,0,0,3,1,1,5,1000,0,0,0,0,0,0,0,0,0,0,0,0,0,0,0,0,0,0,0,0,0,0,0,0,0,0,0,0,0,0,0,0,0,0,0,0,0,0,0,0,0,0,0,0,0,0,0,0,0,0,0
1986,25,20,32,54.096,2,7,0,-1,1,0,1,1,25,0,0,0,1028,0,0,0,0,0,1,1,0,0,0,-79.73881966,0,0,0,0,3,1,1,5,10,0,0,0,3,1,1,5,1000,0,0,0,0,0,0,0,0,0,0,0,0,0,0,0,0,0,0,0,0,0,0,0,0,0,0,0,0,0,0,0,0,0,0,0,0,0,0,0,0,0,0,0,0,0,0,0,0,0,0,0
1986,25,20,34,30.095,2,7,0,-1,1,0,1,1,25,0,0,0,1028,0,0,0,0,0,1,1,0,0,0,-79.82650927,0,0,0,0,3,1,1,5,10,0,0,0,3,1,1,5,1000,0,0,0,0,0,0,0,0,0,0,0,0,0,0,0,0,0,0,0,0,0,0,0,0,0,0,0,0,0,0,0,0,0,0,0,0,0,0,0,0,0,0,0,0,0,0,0,0,0,0,0
1986,25,20,36,6.095,2,7,0,-1,1,0,1,1,25,0,0,0,1028,0,0,0,0,0,1,1,0,0,0,-79.91419784,0,0,0,0,3,1,1,5,10,0,0,0,3,1,1,5,1000,0,0,0,0,0,0,0,0,0,0,0,0,0,0,0,0,0,0,0,0,0,0,0,0,0,0,0,0,0,0,0,0,0,0,0,0,0,0,0,0,0,0,0,0,0,0,0,0,0,0,0
1986,25,20,37,42.095,2,7,0,-1,1,0,1,1,25,0,0,0,1028,0,0,0,0,0,1,1,0,0,0,-80.00188584,0,0,0,0,3,1,1,5,10,0,0,0,3,1,1,5,1000,0,0,0,0,0,0,0,0,0,0,0,0,0,0,0,0,0,0,0,0,0,0,0,0,0,0,0,0,0,0,0,0,0,0,0,0,0,0,0,0,0,0,0,0,0,0,0,0,0,0,0
1986,25,20,39,18.095,2,7,0,-1,1,0,1,1,25,0,0,0,1028,0,0,0,0,0,1,1,0,0,0,-80.0895728,0,0,0,0,3,1,1,5,10,0,0,0,3,1,1,5,1000,0,0,0,0,0,0,0,0,0,0,0,0,0,0,0,0,0,0,0,0,0,0,0,0,0,0,0,0,0,0,0,0,0,0,0,0,0,0,0,0,0,0,0,0,0,0,0,0,0,0,0
1986,25,20,43,18.095,2,7,0,-1,1,0,1,1,25,0,0,0,1028,0,0,0,0,0,1,1,0,0,0,-80.30878567,0,0,0,0,3,1,1,5,10,0,0,0,3,1,1,5,1000,0,0,0,0,0,0,0,0,0,0,0,0,0,0,0,0,0,0,0,0,0,0,0,0,0,0,0,0,0,0,0,0,0,0,0,0,0,0,0,0,0,0,0,0,0,0,0,0,0,0,0
1986,25,20,44,54.095,2,7,0,-1,1,0,1,1,25,0,0,0,1028,0,0,0,0,0,1,1,0,0,0,-80.39646902,0,0,0,0,3,1,1,5,10,0,0,0,3,1,1,5,1000,0,0,0,0,0,0,0,0,0,0,0,0,0,0,0,0,0,0,0,0,0,0,0,0,0,0,0,0,0,0,0,0,0,0,0,0,0,0,0,0,0,0,0,0,0,0,0,0,0,0,0
1986,25,20,46,30.095,2,7,0,-1,1,0,1,1,25,0,0,0,1028,0,0,0,0,0,1,1,0,0,0,-80.48415134,0,0,0,0,3,1,1,5,10,0,0,0,3,1,1,5,1000,0,0,0,0,0,0,0,0,0,0,0,0,0,0,0,0,0,0,0,0,0,0,0,0,0,0,0,0,0,0,0,0,0,0,0,0,0,0,0,0,0,0,0,0,0,0,0,0,0,0,0
1986,25,20,48,6.095,2,7,0,-1,1,0,1,1,25,0,0,0,1028,0,0,0,0,0,1,1,0,0,0,-80.57183263,0,0,0,0,3,1,1,5,10,0,0,0,3,1,1,5,1000,0,0,0,0,0,0,0,0,0,0,0,0,0,0,0,0,0,0,0,0,0,0,0,0,0,0,0,0,0,0,0,0,0,0,0,0,0,0,0,0,0,0,0,0,0,0,0,0,0,0,0
1986,25,20,49,42.094,2,7,0,-1,1,0,1,1,25,0,0,0,1028,0,0,0,0,0,1,1,0,0,0,-80.65951244,0,0,0,0,3,1,1,5,10,0,0,0,3,1,1,5,1000,0,0,0,0,0,0,0,0,0,0,0,0,0,0,0,0,0,0,0,0,0,0,0,0,0,0,0,0,0,0,0,0,0,0,0,0,0,0,0,0,0,0,0,0,0,0,0,0,0,0,0
1986,25,20,51,18.094,2,7,0,-1,1,0,1,1,25,0,0,0,1028,0,0,0,0,0,1,1,0,0,0,-80.74719123,0,0,0,0,3,1,1,5,10,0,0,0,3,1,1,5,1000,0,0,0,0,0,0,0,0,0,0,0,0,0,0,0,0,0,0,0,0,0,0,0,0,0,0,0,0,0,0,0,0,0,0,0,0,0,0,0,0,0,0,0,0,0,0,0,0,0,0,0
1986,25,20,55,18.094,2,7,0,-1,1,0,1,1,25,0,0,0,1028,0,0,0,0,0,1,1,0,0,0,-80.96638486,0,0,0,0,3,1,1,5,10,0,0,0,3,1,1,5,1000,0,0,0,0,0,0,0,0,0,0,0,0,0,0,0,0,0,0,0,0,0,0,0,0,0,0,0,0,0,0,0,0,0,0,0,0,0,0,0,0,0,0,0,0,0,0,0,0,0,0,0
1986,25,20,56,54.094,2,7,0,-1,1,0,1,1,25,0,0,0,1028,0,0,0,0,0,1,1,0,0,0,-81.05406053,0,0,0,0,3,1,1,5,10,0,0,0,3,1,1,5,1000,0,0,0,0,0,0,0,0,0,0,0,0,0,0,0,0,0,0,0,0,0,0,0,0,0,0,0,0,0,0,0,0,0,0,0,0,0,0,0,0,0,0,0,0,0,0,0,0,0,0,0
1986,25,20,58,30.094,2,7,0,-1,1,0,1,1,25,0,0,0,1028,0,0,0,0,0,1,1,0,0,0,-81.14173518,0,0,0,0,3,1,1,5,10,0,0,0,3,1,1,5,1000,0,0,0,0,0,0,0,0,0,0,0,0,0,0,0,0,0,0,0,0,0,0,0,0,0,0,0,0,0,0,0,0,0,0,0,0,0,0,0,0,0,0,0,0,0,0,0,0,0,0,0
1986,25,21,0,6.094,2,7,0,-1,1,0,1,1,25,0,0,0,1028,0,0,0,0,0,1,1,0,0,0,-81.22940881,0,0,0,0,3,1,1,5,10,0,0,0,3,1,1,5,1000,0,0,0,0,0,0,0,0,0,0,0,0,0,0,0,0,0,0,0,0,0,0,0,0,0,0,0,0,0,0,0,0,0,0,0,0,0,0,0,0,0,0,0,0,0,0,0,0,0,0,0
1986,25,21,1,42.094,2,7,0,-1,1,0,1,1,25,0,0,0,1028,0,0,0,0,0,1,1,0,0,0,-81.31708143,0,0,0,0,3,1,1,5,10,0,0,0,3,1,1,5,1000,0,0,0,0,0,0,0,0,0,0,0,0,0,0,0,0,0,0,0,0,0,0,0,0,0,0,0,0,0,0,0,0,0,0,0,0,0,0,0,0,0,0,0,0,0,0,0,0,0,0,0
1986,25,21,3,18.094,2,7,0,-1,1,0,1,1,25,0,0,0,1028,0,0,0,0,0,1,1,0,0,0,-81.40475303,0,0,0,0,3,1,1,5,10,0,0,0,3,1,1,5,1000,0,0,0,0,0,0,0,0,0,0,0,0,0,0,0,0,0,0,0,0,0,0,0,0,0,0,0,0,0,0,0,0,0,0,0,0,0,0,0,0,0,0,0,0,0,0,0,0,0,0,0
1986,25,21,7,18.093,2,7,0,-1,1,0,1,1,25,0,0,0,1028,0,0,0,0,0,1,1,0,0,0,-81.6239267,0,0,0,0,3,1,1,5,10,0,0,0,3,1,1,5,1000,0,0,0,0,0,0,0,0,0,0,0,0,0,0,0,0,0,0,0,0,0,0,0,0,0,0,0,0,0,0,0,0,0,0,0,0,0,0,0,0,0,0,0,0,0,0,0,0,0,0,0
1986,25,21,8,54.093,2,7,0,-1,1,0,1,1,25,0,0,0,1028,0,0,0,0,0,1,1,0,0,0,-81.71159477,0,0,0,0,3,1,1,5,10,0,0,0,3,1,1,5,1000,0,0,0,0,0,0,0,0,0,0,0,0,0,0,0,0,0,0,0,0,0,0,0,0,0,0,0,0,0,0,0,0,0,0,0,0,0,0,0,0,0,0,0,0,0,0,0,0,0,0,0
1986,25,21,10,30.093,2,7,0,-1,1,0,1,1,25,0,0,0,1028,0,0,0,0,0,1,1,0,0,0,-81.79926183,0,0,0,0,3,1,1,5,10,0,0,0,3,1,1,5,1000,0,0,0,0,0,0,0,0,0,0,0,0,0,0,0,0,0,0,0,0,0,0,0,0,0,0,0,0,0,0,0,0,0,0,0,0,0,0,0,0,0,0,0,0,0,0,0,0,0,0,0
1986,25,21,12,6.093,2,7,0,-1,1,0,1,1,25,0,0,0,1028,0,0,0,0,0,1,1,0,0,0,-81.88692789,0,0,0,0,3,1,1,5,10,0,0,0,3,1,1,5,1000,0,0,0,0,0,0,0,0,0,0,0,0,0,0,0,0,0,0,0,0,0,0,0,0,0,0,0,0,0,0,0,0,0,0,0,0,0,0,0,0,0,0,0,0,0,0,0,0,0,0,0
1986,25,21,13,42.093,2,7,0,-1,1,0,1,1,25,0,0,0,1028,0,0,0,0,0,1,1,0,0,0,-81.97459294,0,0,0,0,3,1,1,5,10,0,0,0,3,1,1,5,1000,0,0,0,0,0,0,0,0,0,0,0,0,0,0,0,0,0,0,0,0,0,0,0,0,0,0,0,0,0,0,0,0,0,0,0,0,0,0,0,0,0,0,0,0,0,0,0,0,0,0,0
1986,25,21,15,18.093,2,7,0,-1,1,0,1,1,25,0,0,0,1028,0,0,0,0,0,1,1,0,0,0,-82.06225699,0,0,0,0,3,1,1,5,10,0,0,0,3,1,1,5,1000,0,0,0,0,0,0,0,0,0,0,0,0,0,0,0,0,0,0,0,0,0,0,0,0,0,0,0,0,0,0,0,0,0,0,0,0,0,0,0,0,0,0,0,0,0,0,0,0,0,0,0
1986,25,21,19,18.093,2,7,0,-1,1,0,1,1,25,0,0,0,1028,0,0,0,0,0,1,1,0,0,0,-82.28141273,0,0,0,0,3,1,1,5,10,0,0,0,3,1,1,5,1000,0,0,0,0,0,0,0,0,0,0,0,0,0,0,0,0,0,0,0,0,0,0,0,0,0,0,0,0,0,0,0,0,0,0,0,0,0,0,0,0,0,0,0,0,0,0,0,0,0,0,0
1986,25,21,20,54.092,2,7,0,-1,1,0,1,1,25,0,0,0,1028,0,0,0,0,0,1,1,0,0,0,-82.36907236,0,0,0,0,3,1,1,5,10,0,0,0,3,1,1,5,1000,0,0,0,0,0,0,0,0,0,0,0,0,0,0,0,0,0,0,0,0,0,0,0,0,0,0,0,0,0,0,0,0,0,0,0,0,0,0,0,0,0,0,0,0,0,0,0,0,0,0,0
1986,25,21,22,30.092,2,7,0,-1,1,0,1,1,25,0,0,0,1028,0,0,0,0,0,1,1,0,0,0,-82.45673191,0,0,0,0,3,1,1,5,10,0,0,0,3,1,1,5,1000,0,0,0,0,0,0,0,0,0,0,0,0,0,0,0,0,0,0,0,0,0,0,0,0,0,0,0,0,0,0,0,0,0,0,0,0,0,0,0,0,0,0,0,0,0,0,0,0,0,0,0
1986,25,21,24,6.092,2,7,0,-1,1,0,1,1,25,0,0,0,1028,0,0,0,0,0,1,1,0,0,0,-82.54439047,0,0,0,0,3,1,1,5,10,0,0,0,3,1,1,5,1000,0,0,0,0,0,0,0,0,0,0,0,0,0,0,0,0,0,0,0,0,0,0,0,0,0,0,0,0,0,0,0,0,0,0,0,0,0,0,0,0,0,0,0,0,0,0,0,0,0,0,0
1986,25,21,25,42.092,2,7,0,-1,1,0,1,1,25,0,0,0,1028,0,0,0,0,0,1,1,0,0,0,-82.63204803,0,0,0,0,3,1,1,5,10,0,0,0,3,1,1,5,1000,0,0,0,0,0,0,0,0,0,0,0,0,0,0,0,0,0,0,0,0,0,0,0,0,0,0,0,0,0,0,0,0,0,0,0,0,0,0,0,0,0,0,0,0,0,0,0,0,0,0,0
1986,25,21,27,18.092,2,7,0,-1,1,0,1,1,25,0,0,0,1028,0,0,0,0,0,1,1,0,0,0,-82.7197046,0,0,0,0,3,1,1,5,10,0,0,0,3,1,1,5,1000,0,0,0,0,0,0,0,0,0,0,0,0,0,0,0,0,0,0,0,0,0,0,0,0,0,0,0,0,0,0,0,0,0,0,0,0,0,0,0,0,0,0,0,0,0,0,0,0,0,0,0
1986,25,21,31,18.092,2,7,0,-1,1,0,1,1,25,0,0,0,1028,0,0,0,0,0,1,1,0,0,0,-82.93884168,0,0,0,0,3,1,1,5,10,0,0,0,3,1,1,5,1000,0,0,0,0,0,0,0,0,0,0,0,0,0,0,0,0,0,0,0,0,0,0,0,0,0,0,0,0,0,0,0,0,0,0,0,0,0,0,0,0,0,0,0,0,0,0,0,0,0,0,0
1986,25,21,32,54.092,2,7,0,-1,1,0,1,1,25,0,0,0,1028,0,0,0,0,0,1,1,0,0,0,-83.02649479,0,0,0,0,3,1,1,5,10,0,0,0,3,1,1,5,1000,0,0,0,0,0,0,0,0,0,0,0,0,0,0,0,0,0,0,0,0,0,0,0,0,0,0,0,0,0,0,0,0,0,0,0,0,0,0,0,0,0,0,0,0,0,0,0,0,0,0,0
1986,25,21,34,30.091,2,7,0,-1,1,0,1,1,25,0,0,0,1028,0,0,0,0,0,1,1,0,0,0,-83.11414645,0,0,0,0,3,1,1,5,10,0,0,0,3,1,1,5,1000,0,0,0,0,0,0,0,0,0,0,0,0,0,0,0,0,0,0,0,0,0,0,0,0,0,0,0,0,0,0,0,0,0,0,0,0,0,0,0,0,0,0,0,0,0,0,0,0,0,0,0
1986,25,21,36,6.091,2,7,0,-1,1,0,1,1,25,0,0,0,1028,0,0,0,0,0,1,1,0,0,0,-83.20179713,0,0,0,0,3,1,1,5,10,0,0,0,3,1,1,5,1000,0,0,0,0,0,0,0,0,0,0,0,0,0,0,0,0,0,0,0,0,0,0,0,0,0,0,0,0,0,0,0,0,0,0,0,0,0,0,0,0,0,0,0,0,0,0,0,0,0,0,0
1986,25,21,37,42.091,2,7,0,-1,1,0,1,1,25,0,0,0,1028,0,0,0,0,0,1,1,0,0,0,-83.28944728,0,0,0,0,3,1,1,5,10,0,0,0,3,1,1,5,1000,0,0,0,0,0,0,0,0,0,0,0,0,0,0,0,0,0,0,0,0,0,0,0,0,0,0,0,0,0,0,0,0,0,0,0,0,0,0,0,0,0,0,0,0,0,0,0,0,0,0,0
1986,25,21,39,18.091,2,7,0,-1,1,0,1,1,25,0,0,0,1028,0,0,0,0,0,1,1,0,0,0,-83.37709645,0,0,0,0,3,1,1,5,10,0,0,0,3,1,1,5,1000,0,0,0,0,0,0,0,0,0,0,0,0,0,0,0,0,0,0,0,0,0,0,0,0,0,0,0,0,0,0,0,0,0,0,0,0,0,0,0,0,0,0,0,0,0,0,0,0,0,0,0
1986,25,21,43,18.091,2,7,0,-1,1,0,1,1,25,0,0,0,1028,0,0,0,0,0,1,1,0,0,0,-83.59621508,0,0,0,0,3,1,1,5,10,0,0,0,3,1,1,5,1000,0,0,0,0,0,0,0,0,0,0,0,0,0,0,0,0,0,0,0,0,0,0,0,0,0,0,0,0,0,0,0,0,0,0,0,0,0,0,0,0,0,0,0,0,0,0,0,0,0,0,0
1986,25,21,44,54.091,2,7,0,-1,1,0,1,1,25,0,0,0,1028,0,0,0,0,0,1,1,0,0,0,-83.68386082,0,0,0,0,3,1,1,5,10,0,0,0,3,1,1,5,1000,0,0,0,0,0,0,0,0,0,0,0,0,0,0,0,0,0,0,0,0,0,0,0,0,0,0,0,0,0,0,0,0,0,0,0,0,0,0,0,0,0,0,0,0,0,0,0,0,0,0,0
1986,25,21,46,30.091,2,7,0,-1,1,0,1,1,25,0,0,0,1028,0,0,0,0,0,1,1,0,0,0,-83.77150558,0,0,0,0,3,1,1,5,10,0,0,0,3,1,1,5,1000,0,0,0,0,0,0,0,0,0,0,0,0,0,0,0,0,0,0,0,0,0,0,0,0,0,0,0,0,0,0,0,0,0,0,0,0,0,0,0,0,0,0,0,0,0,0,0,0,0,0,0
1986,25,21,48,6.091,2,7,0,-1,1,0,1,1,25,0,0,0,1028,0,0,0,0,0,1,1,0,0,0,-83.85914937,0,0,0,0,3,1,1,5,10,0,0,0,3,1,1,5,1000,0,0,0,0,0,0,0,0,0,0,0,0,0,0,0,0,0,0,0,0,0,0,0,0,0,0,0,0,0,0,0,0,0,0,0,0,0,0,0,0,0,0,0,0,0,0,0,0,0,0,0
1986,25,21,49,42.09,2,7,0,-1,1,0,1,1,25,0,0,0,1028,0,0,0,0,0,1,1,0,0,0,-83.94679173,0,0,0,0,3,1,1,5,10,0,0,0,3,1,1,5,1000,0,0,0,0,0,0,0,0,0,0,0,0,0,0,0,0,0,0,0,0,0,0,0,0,0,0,0,0,0,0,0,0,0,0,0,0,0,0,0,0,0,0,0,0,0,0,0,0,0,0,0
1986,25,21,51,18.09,2,7,0,-1,1,0,1,1,25,0,0,0,1028,0,0,0,0,0,1,1,0,0,0,-84.03443311,0,0,0,0,3,1,1,5,10,0,0,0,3,1,1,5,1000,0,0,0,0,0,0,0,0,0,0,0,0,0,0,0,0,0,0,0,0,0,0,0,0,0,0,0,0,0,0,0,0,0,0,0,0,0,0,0,0,0,0,0,0,0,0,0,0,0,0,0
1986,25,21,55,18.09,2,7,0,-1,1,0,1,1,25,0,0,0,1028,0,0,0,0,0,1,1,0,0,0,-84.25353348,0,0,0,0,3,1,1,5,10,0,0,0,3,1,1,5,1000,0,0,0,0,0,0,0,0,0,0,0,0,0,0,0,0,0,0,0,0,0,0,0,0,0,0,0,0,0,0,0,0,0,0,0,0,0,0,0,0,0,0,0,0,0,0,0,0,0,0,0
1986,25,21,56,54.09,2,7,0,-1,1,0,1,1,25,0,0,0,1028,0,0,0,0,0,1,1,0,0,0,-84.34117193,0,0,0,0,3,1,1,5,10,0,0,0,3,1,1,5,1000,0,0,0,0,0,0,0,0,0,0,0,0,0,0,0,0,0,0,0,0,0,0,0,0,0,0,0,0,0,0,0,0,0,0,0,0,0,0,0,0,0,0,0,0,0,0,0,0,0,0,0
1986,25,21,58,30.09,2,7,0,-1,1,0,1,1,25,0,0,0,1028,0,0,0,0,0,1,1,0,0,0,-84.42880941,0,0,0,0,3,1,1,5,10,0,0,0,3,1,1,5,1000,0,0,0,0,0,0,0,0,0,0,0,0,0,0,0,0,0,0,0,0,0,0,0,0,0,0,0,0,0,0,0,0,0,0,0,0,0,0,0,0,0,0,0,0,0,0,0,0,0,0,0
1986,25,22,0,6.09,2,7,0,-1,1,0,1,1,25,0,0,0,1028,0,0,0,0,0,1,1,0,0,0,-84.51644593,0,0,0,0,3,1,1,5,10,0,0,0,3,1,1,5,1000,0,0,0,0,0,0,0,0,0,0,0,0,0,0,0,0,0,0,0,0,0,0,0,0,0,0,0,0,0,0,0,0,0,0,0,0,0,0,0,0,0,0,0,0,0,0,0,0,0,0,0
1986,25,22,1,42.09,2,7,0,-1,1,0,1,1,25,0,0,0,1028,0,0,0,0,0,1,1,0,0,0,-84.60408149,0,0,0,0,3,1,1,5,10,0,0,0,3,1,1,5,1000,0,0,0,0,0,0,0,0,0,0,0,0,0,0,0,0,0,0,0,0,0,0,0,0,0,0,0,0,0,0,0,0,0,0,0,0,0,0,0,0,0,0,0,0,0,0,0,0,0,0,0
1986,25,22,3,18.09,2,7,0,-1,1,0,1,1,25,0,0,0,1028,0,0,0,0,0,1,1,0,0,0,-84.69171608,0,0,0,0,3,1,1,5,10,0,0,0,3,1,1,5,1000,0,0,0,0,0,0,0,0,0,0,0,0,0,0,0,0,0,0,0,0,0,0,0,0,0,0,0,0,0,0,0,0,0,0,0,0,0,0,0,0,0,0,0,0,0,0,0,0,0,0,0
1986,25,22,7,18.089,2,7,0,-1,1,0,1,1,25,0,0,0,1028,0,0,0,0,0,1,1,0,0,0,-84.91079746,0,0,0,0,3,1,1,5,10,0,0,0,3,1,1,5,1000,0,0,0,0,0,0,0,0,0,0,0,0,0,0,0,0,0,0,0,0,0,0,0,0,0,0,0,0,0,0,0,0,0,0,0,0,0,0,0,0,0,0,0,0,0,0,0,0,0,0,0
1986,25,22,8,54.089,2,7,0,-1,1,0,1,1,25,0,0,0,1028,0,0,0,0,0,1,1,0,0,0,-84.99842869,0,0,0,0,3,1,1,5,10,0,0,0,3,1,1,5,1000,0,0,0,0,0,0,0,0,0,0,0,0,0,0,0,0,0,0,0,0,0,0,0,0,0,0,0,0,0,0,0,0,0,0,0,0,0,0,0,0,0,0,0,0,0,0,0,0,0,0,0
1986,25,22,10,30.089,2,7,0,-1,1,0,1,1,25,0,0,0,1028,0,0,0,0,0,1,1,0,0,0,-85.08605897,0,0,0,0,3,1,1,5,10,0,0,0,3,1,1,5,1000,0,0,0,0,0,0,0,0,0,0,0,0,0,0,0,0,0,0,0,0,0,0,0,0,0,0,0,0,0,0,0,0,0,0,0,0,0,0,0,0,0,0,0,0,0,0,0,0,0,0,0
1986,25,22,12,6.089,2,7,0,-1,1,0,1,1,25,0,0,0,1028,0,0,0,0,0,1,1,0,0,0,-85.1736883,0,0,0,0,3,1,1,5,10,0,0,0,3,1,1,5,1000,0,0,0,0,0,0,0,0,0,0,0,0,0,0,0,0,0,0,0,0,0,0,0,0,0,0,0,0,0,0,0,0,0,0,0,0,0,0,0,0,0,0,0,0,0,0,0,0,0,0,0
1986,25,22,13,42.089,2,7,0,-1,1,0,1,1,25,0,0,0,1028,0,0,0,0,0,1,1,0,0,0,-85.26131667,0,0,0,0,3,1,1,5,10,0,0,0,3,1,1,5,1000,0,0,0,0,0,0,0,0,0,0,0,0,0,0,0,0,0,0,0,0,0,0,0,0,0,0,0,0,0,0,0,0,0,0,0,0,0,0,0,0,0,0,0,0,0,0,0,0,0,0,0
1986,25,22,15,18.089,2,7,0,-1,1,0,1,1,25,0,0,0,1028,0,0,0,0,0,1,1,0,0,0,-85.34894409,0,0,0,0,3,1,1,5,10,0,0,0,3,1,1,5,1000,0,0,0,0,0,0,0,0,0,0,0,0,0,0,0,0,0,0,0,0,0,0,0,0,0,0,0,0,0,0,0,0,0,0,0,0,0,0,0,0,0,0,0,0,0,0,0,0,0,0,0
1986,25,22,19,18.089,2,7,0,-1,1,0,1,1,25,0,0,0,1028,0,0,0,0,0,1,1,0,0,0,-85.56800849,0,0,0,0,3,1,1,5,10,0,0,0,3,1,1,5,1000,0,0,0,0,0,0,0,0,0,0,0,0,0,0,0,0,0,0,0,0,0,0,0,0,0,0,0,0,0,0,0,0,0,0,0,0,0,0,0,0,0,0,0,0,0,0,0,0,0,0,0
1986,25,22,20,54.088,2,7,0,-1,1,0,1,1,25,0,0,0,1028,0,0,0,0,0,1,1,0,0,0,-85.65563167,0,0,0,0,3,1,1,5,10,0,0,0,3,1,1,5,1000,0,0,0,0,0,0,0,0,0,0,0,0,0,0,0,0,0,0,0,0,0,0,0,0,0,0,0,0,0,0,0,0,0,0,0,0,0,0,0,0,0,0,0,0,0,0,0,0,0,0,0
1986,25,22,22,30.088,2,7,0,-1,1,0,1,1,25,0,0,0,1028,0,0,0,0,0,1,1,0,0,0,-85.74325482,0,0,0,0,3,1,1,5,10,0,0,0,3,1,1,5,1000,0,0,0,0,0,0,0,0,0,0,0,0,0,0,0,0,0,0,0,0,0,0,0,0,0,0,0,0,0,0,0,0,0,0,0,0,0,0,0,0,0,0,0,0,0,0,0,0,0,0,0
1986,25,22,24,6.088,2,7,0,-1,1,0,1,1,25,0,0,0,1028,0,0,0,0,0,1,1,0,0,0,-85.83087703,0,0,0,0,3,1,1,5,10,0,0,0,3,1,1,5,1000,0,0,0,0,0,0,0,0,0,0,0,0,0,0,0,0,0,0,0,0,0,0,0,0,0,0,0,0,0,0,0,0,0,0,0,0,0,0,0,0,0,0,0,0,0,0,0,0,0,0,0
1986,25,22,25,42.088,2,7,0,-1,1,0,1,1,25,0,0,0,1028,0,0,0,0,0,1,1,0,0,0,-85.91849829,0,0,0,0,3,1,1,5,10,0,0,0,3,1,1,5,1000,0,0,0,0,0,0,0,0,0,0,0,0,0,0,0,0,0,0,0,0,0,0,0,0,0,0,0,0,0,0,0,0,0,0,0,0,0,0,0,0,0,0,0,0,0,0,0,0,0,0,0
1986,25,22,27,18.088,2,7,0,-1,1,0,1,1,25,0,0,0,1028,0,0,0,0,0,1,1,0,0,0,-86.00611861,0,0,0,0,3,1,1,5,10,0,0,0,3,1,1,5,1000,0,0,0,0,0,0,0,0,0,0,0,0,0,0,0,0,0,0,0,0,0,0,0,0,0,0,0,0,0,0,0,0,0,0,0,0,0,0,0,0,0,0,0,0,0,0,0,0,0,0,0
1986,25,22,31,18.088,2,7,0,-1,1,0,1,1,25,0,0,0,1028,0,0,0,0,0,1,1,0,0,0,-86.2251653,0,0,0,0,3,1,1,5,10,0,0,0,3,1,1,5,1000,0,0,0,0,0,0,0,0,0,0,0,0,0,0,0,0,0,0,0,0,0,0,0,0,0,0,0,0,0,0,0,0,0,0,0,0,0,0,0,0,0,0,0,0,0,0,0,0,0,0,0
1986,25,22,32,54.088,2,7,0,-1,1,0,1,1,25,0,0,0,1028,0,0,0,0,0,1,1,0,0,0,-86.31278233,0,0,0,0,3,1,1,5,10,0,0,0,3,1,1,5,1000,0,0,0,0,0,0,0,0,0,0,0,0,0,0,0,0,0,0,0,0,0,0,0,0,0,0,0,0,0,0,0,0,0,0,0,0,0,0,0,0,0,0,0,0,0,0,0,0,0,0,0
1986,25,22,34,30.088,2,7,0,-1,1,0,1,1,25,0,0,0,1028,0,0,0,0,0,1,1,0,0,0,-86.40039843,0,0,0,0,3,1,1,5,10,0,0,0,3,1,1,5,1000,0,0,0,0,0,0,0,0,0,0,0,0,0,0,0,0,0,0,0,0,0,0,0,0,0,0,0,0,0,0,0,0,0,0,0,0,0,0,0,0,0,0,0,0,0,0,0,0,0,0,0
1986,25,22,36,6.087,2,7,0,-1,1,0,1,1,25,0,0,0,1028,0,0,0,0,0,1,1,0,0,0,-86.48801268,0,0,0,0,3,1,1,5,10,0,0,0,3,1,1,5,1000,0,0,0,0,0,0,0,0,0,0,0,0,0,0,0,0,0,0,0,0,0,0,0,0,0,0,0,0,0,0,0,0,0,0,0,0,0,0,0,0,0,0,0,0,0,0,0,0,0,0,0
1986,25,22,37,42.087,2,7,0,-1,1,0,1,1,25,0,0,0,1028,0,0,0,0,0,1,1,0,0,0,-86.5756269,0,0,0,0,3,1,1,5,10,0,0,0,3,1,1,5,1000,0,0,0,0,0,0,0,0,0,0,0,0,0,0,0,0,0,0,0,0,0,0,0,0,0,0,0,0,0,0,0,0,0,0,0,0,0,0,0,0,0,0,0,0,0,0,0,0,0,0,0
1986,25,22,39,18.087,2,7,0,-1,1,0,1,1,25,0,0,0,1028,0,0,0,0,0,1,1,0,0,0,-86.66324019,0,0,0,0,3,1,1,5,10,0,0,0,3,1,1,5,1000,0,0,0,0,0,0,0,0,0,0,0,0,0,0,0,0,0,0,0,0,0,0,0,0,0,0,0,0,0,0,0,0,0,0,0,0,0,0,0,0,0,0,0,0,0,0,0,0,0,0,0
1986,25,22,43,18.087,2,7,0,-1,1,0,1,1,25,0,0,0,1028,0,0,0,0,0,1,1,0,0,0,-86.88226935,0,0,0,0,3,1,1,5,10,0,0,0,3,1,1,5,1000,0,0,0,0,0,0,0,0,0,0,0,0,0,0,0,0,0,0,0,0,0,0,0,0,0,0,0,0,0,0,0,0,0,0,0,0,0,0,0,0,0,0,0,0,0,0,0,0,0,0,0
1986,25,22,44,54.087,2,7,0,-1,1,0,1,1,25,0,0,0,1028,0,0,0,0,0,1,1,0,0,0,-86.96987939,0,0,0,0,3,1,1,5,10,0,0,0,3,1,1,5,1000,0,0,0,0,0,0,0,0,0,0,0,0,0,0,0,0,0,0,0,0,0,0,0,0,0,0,0,0,0,0,0,0,0,0,0,0,0,0,0,0,0,0,0,0,0,0,0,0,0,0,0
1986,25,22,46,30.087,2,7,0,-1,1,0,1,1,25,0,0,0,1028,0,0,0,0,0,1,1,0,0,0,-87.0574885,0,0,0,0,3,1,1,5,10,0,0,0,3,1,1,5,1000,0,0,0,0,0,0,0,0,0,0,0,0,0,0,0,0,0,0,0,0,0,0,0,0,0,0,0,0,0,0,0,0,0,0,0,0,0,0,0,0,0,0,0,0,0,0,0,0,0,0,0
1986,25,22,48,6.087,2,7,0,-1,1,0,1,1,25,0,0,0,1028,0,0,0,0,0,1,1,0,0,0,-87.14509669,0,0,0,0,3,1,1,5,10,0,0,0,3,1,1,5,1000,0,0,0,0,0,0,0,0,0,0,0,0,0,0,0,0,0,0,0,0,0,0,0,0,0,0,0,0,0,0,0,0,0,0,0,0,0,0,0,0,0,0,0,0,0,0,0,0,0,0,0
1986,25,22,49,42.087,2,7,0,-1,1,0,1,1,25,0,0,0,1028,0,0,0,0,0,1,1,0,0,0,-87.23270395,0,0,0,0,3,1,1,5,10,0,0,0,3,1,1,5,1000,0,0,0,0,0,0,0,0,0,0,0,0,0,0,0,0,0,0,0,0,0,0,0,0,0,0,0,0,0,0,0,0,0,0,0,0,0,0,0,0,0,0,0,0,0,0,0,0,0,0,0
1986,25,22,51,18.086,2,7,0,-1,1,0,1,1,25,0,0,0,1028,0,0,0,0,0,1,1,0,0,0,-87.32030938,0,0,0,0,3,1,1,5,10,0,0,0,3,1,1,5,1000,0,0,0,0,0,0,0,0,0,0,0,0,0,0,0,0,0,0,0,0,0,0,0,0,0,0,0,0,0,0,0,0,0,0,0,0,0,0,0,0,0,0,0,0,0,0,0,0,0,0,0
1986,25,22,55,18.086,2,7,0,-1,1,0,1,1,25,0,0,0,1028,0,0,0,0,0,1,1,0,0,0,-87.53932119,0,0,0,0,3,1,1,5,10,0,0,0,3,1,1,5,1000,0,0,0,0,0,0,0,0,0,0,0,0,0,0,0,0,0,0,0,0,0,0,0,0,0,0,0,0,0,0,0,0,0,0,0,0,0,0,0,0,0,0,0,0,0,0,0,0,0,0,0
1986,25,22,56,54.086,2,7,0,-1,1,0,1,1,25,0,0,0,1028,0,0,0,0,0,1,1,0,0,0,-87.62692431,0,0,0,0,3,1,1,5,10,0,0,0,3,1,1,5,1000,0,0,0,0,0,0,0,0,0,0,0,0,0,0,0,0,0,0,0,0,0,0,0,0,0,0,0,0,0,0,0,0,0,0,0,0,0,0,0,0,0,0,0,0,0,0,0,0,0,0,0
1986,25,22,58,30.086,2,7,0,-1,1,0,1,1,25,0,0,0,1028,0,0,0,0,0,1,1,0,0,0,-87.71452651,0,0,0,0,3,1,1,5,10,0,0,0,3,1,1,5,1000,0,0,0,0,0,0,0,0,0,0,0,0,0,0,0,0,0,0,0,0,0,0,0,0,0,0,0,0,0,0,0,0,0,0,0,0,0,0,0,0,0,0,0,0,0,0,0,0,0,0,0
1986,25,23,0,6.086,2,7,0,-1,1,0,1,1,25,0,0,0,1028,0,0,0,0,0,1,1,0,0,0,-87.80212779,0,0,0,0,3,1,1,5,10,0,0,0,3,1,1,5,1000,0,0,0,0,0,0,0,0,0,0,0,0,0,0,0,0,0,0,0,0,0,0,0,0,0,0,0,0,0,0,0,0,0,0,0,0,0,0,0,0,0,0,0,0,0,0,0,0,0,0,0
1986,25,23,1,42.086,2,7,0,-1,1,0,1,1,25,0,0,0,1028,0,0,0,0,0,1,1,0,0,0,-87.88972816,0,0,0,0,3,1,1,5,10,0,0,0,3,1,1,5,1000,0,0,0,0,0,0,0,0,0,0,0,0,0,0,0,0,0,0,0,0,0,0,0,0,0,0,0,0,0,0,0,0,0,0,0,0,0,0,0,0,0,0,0,0,0,0,0,0,0,0,0
1986,25,23,3,18.086,2,7,0,-1,1,0,1,1,25,0,0,0,1028,0,0,0,0,0,1,1,0,0,0,-87.97732761,0,0,0,0,3,1,1,5,10,0,0,0,3,1,1,5,1000,0,0,0,0,0,0,0,0,0,0,0,0,0,0,0,0,0,0,0,0,0,0,0,0,0,0,0,0,0,0,0,0,0,0,0,0,0,0,0,0,0,0,0,0,0,0,0,0,0,0,0
1986,25,23,7,18.085,2,7,0,-1,1,0,1,1,25,0,0,0,1028,0,0,0,0,0,1,1,0,0,0,-88.19632134,0,0,0,0,3,1,1,5,10,0,0,0,3,1,1,5,1000,0,0,0,0,0,0,0,0,0,0,0,0,0,0,0,0,0,0,0,0,0,0,0,0,0,0,0,0,0,0,0,0,0,0,0,0,0,0,0,0,0,0,0,0,0,0,0,0,0,0,0
1986,25,23,8,54.085,2,7,0,-1,1,0,1,1,25,0,0,0,1028,0,0,0,0,0,1,1,0,0,0,-88.28391761,0,0,0,0,3,1,1,5,10,0,0,0,3,1,1,5,1000,0,0,0,0,0,0,0,0,0,0,0,0,0,0,0,0,0,0,0,0,0,0,0,0,0,0,0,0,0,0,0,0,0,0,0,0,0,0,0,0,0,0,0,0,0,0,0,0,0,0,0
1986,25,23,10,30.085,2,7,0,-1,1,0,1,1,25,0,0,0,1028,0,0,0,0,0,1,1,0,0,0,-88.37151297,0,0,0,0,3,1,1,5,10,0,0,0,3,1,1,5,1000,0,0,0,0,0,0,0,0,0,0,0,0,0,0,0,0,0,0,0,0,0,0,0,0,0,0,0,0,0,0,0,0,0,0,0,0,0,0,0,0,0,0,0,0,0,0,0,0,0,0,0
1986,25,23,12,6.085,2,7,0,-1,1,0,1,1,25,0,0,0,1028,0,0,0,0,0,1,1,0,0,0,-88.45910742,0,0,0,0,3,1,1,5,10,0,0,0,3,1,1,5,1000,0,0,0,0,0,0,0,0,0,0,0,0,0,0,0,0,0,0,0,0,0,0,0,0,0,0,0,0,0,0,0,0,0,0,0,0,0,0,0,0,0,0,0,0,0,0,0,0,0,0,0
1986,25,23,13,42.085,2,7,0,-1,1,0,1,1,25,0,0,0,1028,0,0,0,0,0,1,1,0,0,0,-88.54670096,0,0,0,0,3,1,1,5,10,0,0,0,3,1,1,5,1000,0,0,0,0,0,0,0,0,0,0,0,0,0,0,0,0,0,0,0,0,0,0,0,0,0,0,0,0,0,0,0,0,0,0,0,0,0,0,0,0,0,0,0,0,0,0,0,0,0,0,0
1986,25,23,15,18.085,2,7,0,-1,1,0,1,1,25,0,0,0,1028,0,0,0,0,0,1,1,0,0,0,-88.6342936,0,0,0,0,3,1,1,5,10,0,0,0,3,1,1,5,1000,0,0,0,0,0,0,0,0,0,0,0,0,0,0,0,0,0,0,0,0,0,0,0,0,0,0,0,0,0,0,0,0,0,0,0,0,0,0,0,0,0,0,0,0,0,0,0,0,0,0,0
1986,25,23,19,18.085,2,7,0,-1,1,0,1,1,25,0,0,0,1028,0,0,0,0,0,1,1,0,0,0,-88.85327125,0,0,0,0,3,1,1,5,10,0,0,0,3,1,1,5,1000,0,0,0,0,0,0,0,0,0,0,0,0,0,0,0,0,0,0,0,0,0,0,0,0,0,0,0,0,0,0,0,0,0,0,0,0,0,0,0,0,0,0,0,0,0,0,0,0,0,0,0
1986,25,23,20,54.084,2,7,0,-1,1,0,1,1,25,0,0,0,1028,0,0,0,0,0,1,1,0,0,0,-88.94086028,0,0,0,0,3,1,1,5,10,0,0,0,3,1,1,5,1000,0,0,0,0,0,0,0,0,0,0,0,0,0,0,0,0,0,0,0,0,0,0,0,0,0,0,0,0,0,0,0,0,0,0,0,0,0,0,0,0,0,0,0,0,0,0,0,0,0,0,0
1986,25,23,22,30.084,2,7,0,-1,1,0,1,1,25,0,0,0,1028,0,0,0,0,0,1,1,0,0,0,-89.02844841,0,0,0,0,3,1,1,5,10,0,0,0,3,1,1,5,1000,0,0,0,0,0,0,0,0,0,0,0,0,0,0,0,0,0,0,0,0,0,0,0,0,0,0,0,0,0,0,0,0,0,0,0,0,0,0,0,0,0,0,0,0,0,0,0,0,0,0,0
1986,25,23,24,6.084,2,7,0,-1,1,0,1,1,25,0,0,0,1028,0,0,0,0,0,1,1,0,0,0,-89.1160361,0,0,0,0,3,1,1,5,10,0,0,0,3,1,1,5,1000,0,0,0,0,0,0,0,0,0,0,0,0,0,0,0,0,0,0,0,0,0,0,0,0,0,0,0,0,0,0,0,0,0,0,0,0,0,0,0,0,0,0,0,0,0,0,0,0,0,0,0
1986,25,23,25,42.084,2,7,0,-1,1,0,1,1,25,0,0,0,1028,0,0,0,0,0,1,1,0,0,0,-89.20362289,0,0,0,0,3,1,1,5,10,0,0,0,3,1,1,5,1000,0,0,0,0,0,0,0,0,0,0,0,0,0,0,0,0,0,0,0,0,0,0,0,0,0,0,0,0,0,0,0,0,0,0,0,0,0,0,0,0,0,0,0,0,0,0,0,0,0,0,0
1986,25,23,27,18.084,2,7,0,-1,1,0,1,1,25,0,0,0,1028,0,0,0,0,0,1,1,0,0,0,-89.29120878,0,0,0,0,3,1,1,5,10,0,0,0,3,1,1,5,1000,0,0,0,0,0,0,0,0,0,0,0,0,0,0,0,0,0,0,0,0,0,0,0,0,0,0,0,0,0,0,0,0,0,0,0,0,0,0,0,0,0,0,0,0,0,0,0,0,0,0,0
1986,25,23,31,18.084,2,7,0,-1,1,0,1,1,25,0,0,0,1028,0,0,0,0,0,1,1,0,0,0,-89.51016961,0,0,0,0,3,1,1,5,10,0,0,0,3,1,1,5,1000,0,0,0,0,0,0,0,0,0,0,0,0,0,0,0,0,0,0,0,0,0,0,0,0,0,0,0,0,0,0,0,0,0,0,0,0,0,0,0,0,0,0,0,0,0,0,0,0,0,0,0
1986,25,23,32,54.084,2,7,0,-1,1,0,1,1,25,0,0,0,1028,0,0,0,0,0,1,1,0,0,0,-89.59775238,0,0,0,0,3,1,1,5,10,0,0,0,3,1,1,5,1000,0,0,0,0,0,0,0,0,0,0,0,0,0,0,0,0,0,0,0,0,0,0,0,0,0,0,0,0,0,0,0,0,0,0,0,0,0,0,0,0,0,0,0,0,0,0,0,0,0,0,0
1986,25,23,34,30.084,2,7,0,-1,1,0,1,1,25,0,0,0,1028,0,0,0,0,0,1,1,0,0,0,-89.68533426,0,0,0,0,3,1,1,5,10,0,0,0,3,1,1,5,1000,0,0,0,0,0,0,0,0,0,0,0,0,0,0,0,0,0,0,0,0,0,0,0,0,0,0,0,0,0,0,0,0,0,0,0,0,0,0,0,0,0,0,0,0,0,0,0,0,0,0,0
1986,25,23,36,6.083,2,7,0,-1,1,0,1,1,25,0,0,0,1028,0,0,0,0,0,1,1,0,0,0,-89.77291434,0,0,0,0,3,1,1,5,10,0,0,0,3,1,1,5,1000,0,0,0,0,0,0,0,0,0,0,0,0,0,0,0,0,0,0,0,0,0,0,0,0,0,0,0,0,0,0,0,0,0,0,0,0,0,0,0,0,0,0,0,0,0,0,0,0,0,0,0
1986,25,23,37,42.083,2,7,0,-1,1,0,1,1,25,0,0,0,1028,0,0,0,0,0,1,1,0,0,0,-89.86049445,0,0,0,0,3,1,1,5,10,0,0,0,3,1,1,5,1000,0,0,0,0,0,0,0,0,0,0,0,0,0,0,0,0,0,0,0,0,0,0,0,0,0,0,0,0,0,0,0,0,0,0,0,0,0,0,0,0,0,0,0,0,0,0,0,0,0,0,0
1986,25,23,39,18.083,2,7,0,-1,1,0,1,1,25,0,0,0,1028,0,0,0,0,0,1,1,0,0,0,-89.94807367,0,0,0,0,3,1,1,5,10,0,0,0,3,1,1,5,1000,0,0,0,0,0,0,0,0,0,0,0,0,0,0,0,0,0,0,0,0,0,0,0,0,0,0,0,0,0,0,0,0,0,0,0,0,0,0,0,0,0,0,0,0,0,0,0,0,0,0,0
1986,25,23,43,18.083,2,7,0,-1,1,0,1,1,25,0,0,0,1028,0,0,0,0,0,1,1,0,0,0,-90.16701785,0,0,0,0,3,1,1,5,10,0,0,0,3,1,1,5,1000,0,0,0,0,0,0,0,0,0,0,0,0,0,0,0,0,0,0,0,0,0,0,0,0,0,0,0,0,0,0,0,0,0,0,0,0,0,0,0,0,0,0,0,0,0,0,0,0,0,0,0
1986,25,23,44,54.083,2,7,0,-1,1,0,1,1,25,0,0,0,1028,0,0,0,0,0,1,1,0,0,0,-90.25459397,0,0,0,0,3,1,1,5,10,0,0,0,3,1,1,5,1000,0,0,0,0,0,0,0,0,0,0,0,0,0,0,0,0,0,0,0,0,0,0,0,0,0,0,0,0,0,0,0,0,0,0,0,0,0,0,0,0,0,0,0,0,0,0,0,0,0,0,0
1986,25,23,46,30.083,2,7,0,-1,1,0,1,1,25,0,0,0,1028,0,0,0,0,0,1,1,0,0,0,-90.34216922,0,0,0,0,3,1,1,5,10,0,0,0,3,1,1,5,1000,0,0,0,0,0,0,0,0,0,0,0,0,0,0,0,0,0,0,0,0,0,0,0,0,0,0,0,0,0,0,0,0,0,0,0,0,0,0,0,0,0,0,0,0,0,0,0,0,0,0,0
1986,25,23,48,6.083,2,7,0,-1,1,0,1,1,25,0,0,0,1028,0,0,0,0,0,1,1,0,0,0,-90.42974358,0,0,0,0,3,1,1,5,10,0,0,0,3,1,1,5,1000,0,0,0,0,0,0,0,0,0,0,0,0,0,0,0,0,0,0,0,0,0,0,0,0,0,0,0,0,0,0,0,0,0,0,0,0,0,0,0,0,0,0,0,0,0,0,0,0,0,0,0
1986,25,23,49,42.083,2,7,0,-1,1,0,1,1,25,0,0,0,1028,0,0,0,0,0,1,1,0,0,0,-90.51731707,0,0,0,0,3,1,1,5,10,0,0,0,3,1,1,5,1000,0,0,0,0,0,0,0,0,0,0,0,0,0,0,0,0,0,0,0,0,0,0,0,0,0,0,0,0,0,0,0,0,0,0,0,0,0,0,0,0,0,0,0,0,0,0,0,0,0,0,0
1986,25,23,51,18.082,2,7,0,-1,1,0,1,1,25,0,0,0,1028,0,0,0,0,0,1,1,0,0,0,-90.60488877,0,0,0,0,3,1,1,5,10,0,0,0,3,1,1,5,1000,0,0,0,0,0,0,0,0,0,0,0,0,0,0,0,0,0,0,0,0,0,0,0,0,0,0,0,0,0,0,0,0,0,0,0,0,0,0,0,0,0,0,0,0,0,0,0,0,0,0,0
1986,25,23,55,18.082,2,7,0,-1,1,0,1,1,25,0,0,0,1028,0,0,0,0,0,1,1,0,0,0,-90.82381646,0,0,0,0,3,1,1,5,10,0,0,0,3,1,1,5,1000,0,0,0,0,0,0,0,0,0,0,0,0,0,0,0,0,0,0,0,0,0,0,0,0,0,0,0,0,0,0,0,0,0,0,0,0,0,0,0,0,0,0,0,0,0,0,0,0,0,0,0
1986,25,23,56,54.082,2,7,0,-1,1,0,1,1,25,0,0,0,1028,0,0,0,0,0,1,1,0,0,0,-90.91138601,0,0,0,0,3,1,1,5,10,0,0,0,3,1,1,5,1000,0,0,0,0,0,0,0,0,0,0,0,0,0,0,0,0,0,0,0,0,0,0,0,0,0,0,0,0,0,0,0,0,0,0,0,0,0,0,0,0,0,0,0,0,0,0,0,0,0,0,0
1986,25,23,58,30.082,2,7,0,-1,1,0,1,1,25,0,0,0,1028,0,0,0,0,0,1,1,0,0,0,-90.99895469,0,0,0,0,3,1,1,5,10,0,0,0,3,1,1,5,1000,0,0,0,0,0,0,0,0,0,0,0,0,0,0,0,0,0,0,0,0,0,0,0,0,0,0,0,0,0,0,0,0,0,0,0,0,0,0,0,0,0,0,0,0,0,0,0,0,0,0,0
1986,26,0,0,6.082,2,7,0,-1,1,0,1,1,25,0,0,0,1028,0,0,0,0,0,1,1,0,0,0,-91.0865225,0,0,0,0,3,1,1,5,10,0,0,0,3,1,1,5,1000,0,0,0,0,0,0,0,0,0,0,0,0,0,0,0,0,0,0,0,0,0,0,0,0,0,0,0,0,0,0,0,0,0,0,0,0,0,0,0,0,0,0,0,0,0,0,0,0,0,0,0
1986,26,0,1,42.082,2,7,0,-1,1,0,1,1,25,0,0,0,1028,0,0,0,0,0,1,1,0,0,0,-91.17408943,0,0,0,0,3,1,1,5,10,0,0,0,3,1,1,5,1000,0,0,0,0,0,0,0,0,0,0,0,0,0,0,0,0,0,0,0,0,0,0,0,0,0,0,0,0,0,0,0,0,0,0,0,0,0,0,0,0,0,0,0,0,0,0,0,0,0,0,0
1986,26,0,3,18.082,2,7,0,-1,1,0,1,1,25,0,0,0,1028,0,0,0,0,0,1,1,0,0,0,-91.2616555,0,0,0,0,3,1,1,5,10,0,0,0,3,1,1,5,1000,0,0,0,0,0,0,0,0,0,0,0,0,0,0,0,0,0,0,0,0,0,0,0,0,0,0,0,0,0,0,0,0,0,0,0,0,0,0,0,0,0,0,0,0,0,0,0,0,0,0,0
1986,26,0,7,18.081,2,7,0,-1,1,0,1,1,25,0,0,0,1028,0,0,0,0,0,1,1,0,0,0,-91.48056597,0,0,0,0,3,1,1,5,10,0,0,0,3,1,1,5,1000,0,0,0,0,0,0,0,0,0,0,0,0,0,0,0,0,0,0,0,0,0,0,0,0,0,0,0,0,0,0,0,0,0,0,0,0,0,0,0,0,0,0,0,0,0,0,0,0,0,0,0
1986,26,0,8,54.081,2,7,0,-1,1,0,1,1,25,0,0,0,1028,0,0,0,0,0,1,1,0,0,0,-91.568129,0,0,0,0,3,1,1,5,10,0,0,0,3,1,1,5,1000,0,0,0,0,0,0,0,0,0,0,0,0,0,0,0,0,0,0,0,0,0,0,0,0,0,0,0,0,0,0,0,0,0,0,0,0,0,0,0,0,0,0,0,0,0,0,0,0,0,0,0
1986,26,0,10,30.081,2,7,0,-1,1,0,1,1,25,0,0,0,1028,0,0,0,0,0,1,1,0,0,0,-91.65569118,0,0,0,0,3,1,1,5,10,0,0,0,3,1,1,5,1000,0,0,0,0,0,0,0,0,0,0,0,0,0,0,0,0,0,0,0,0,0,0,0,0,0,0,0,0,0,0,0,0,0,0,0,0,0,0,0,0,0,0,0,0,0,0,0,0,0,0,0
1986,26,0,12,6.081,2,7,0,-1,1,0,1,1,25,0,0,0,1028,0,0,0,0,0,1,1,0,0,0,-91.74325249,0,0,0,0,3,1,1,5,10,0,0,0,3,1,1,5,1000,0,0,0,0,0,0,0,0,0,0,0,0,0,0,0,0,0,0,0,0,0,0,0,0,0,0,0,0,0,0,0,0,0,0,0,0,0,0,0,0,0,0,0,0,0,0,0,0,0,0,0
1986,26,0,13,42.081,2,7,0,-1,1,0,1,1,25,0,0,0,1028,0,0,0,0,0,1,1,0,0,0,-91.83081294,0,0,0,0,3,1,1,5,10,0,0,0,3,1,1,5,1000,0,0,0,0,0,0,0,0,0,0,0,0,0,0,0,0,0,0,0,0,0,0,0,0,0,0,0,0,0,0,0,0,0,0,0,0,0,0,0,0,0,0,0,0,0,0,0,0,0,0,0
1986,26,0,15,18.081,2,7,0,-1,1,0,1,1,25,0,0,0,1028,0,0,0,0,0,1,1,0,0,0,-91.91837253,0,0,0,0,3,1,1,5,10,0,0,0,3,1,1,5,1000,0,0,0,0,0,0,0,0,0,0,0,0,0,0,0,0,0,0,0,0,0,0,0,0,0,0,0,0,0,0,0,0,0,0,0,0,0,0,0,0,0,0,0,0,0,0,0,0,0,0,0
1986,26,0,19,18.081,2,7,0,-1,1,0,1,1,25,0,0,0,1028,0,0,0,0,0,1,1,0,0,0,-92.13726776,0,0,0,0,3,1,1,5,10,0,0,0,3,1,1,5,1000,0,0,0,0,0,0,0,0,0,0,0,0,0,0,0,0,0,0,0,0,0,0,0,0,0,0,0,0,0,0,0,0,0,0,0,0,0,0,0,0,0,0,0,0,0,0,0,0,0,0,0
1986,26,0,20,54.08,2,7,0,-1,1,0,1,1,25,0,0,0,1028,0,0,0,0,0,1,1,0,0,0,-92.22482389,0,0,0,0,3,1,1,5,10,0,0,0,3,1,1,5,1000,0,0,0,0,0,0,0,0,0,0,0,0,0,0,0,0,0,0,0,0,0,0,0,0,0,0,0,0,0,0,0,0,0,0,0,0,0,0,0,0,0,0,0,0,0,0,0,0,0,0,0
1986,26,0,22,30.08,2,7,0,-1,1,0,1,1,25,0,0,0,1028,0,0,0,0,0,1,1,0,0,0,-92.31237917,0,0,0,0,3,1,1,5,10,0,0,0,3,1,1,5,1000,0,0,0,0,0,0,0,0,0,0,0,0,0,0,0,0,0,0,0,0,0,0,0,0,0,0,0,0,0,0,0,0,0,0,0,0,0,0,0,0,0,0,0,0,0,0,0,0,0,0,0
1986,26,0,24,6.08,2,7,0,-1,1,0,1,1,25,0,0,0,1028,0,0,0,0,0,1,1,0,0,0,-92.39993406,0,0,0,0,3,1,1,5,10,0,0,0,3,1,1,5,1000,0,0,0,0,0,0,0,0,0,0,0,0,0,0,0,0,0,0,0,0,0,0,0,0,0,0,0,0,0,0,0,0,0,0,0,0,0,0,0,0,0,0,0,0,0,0,0,0,0,0,0
1986,26,0,25,42.08,2,7,0,-1,1,0,1,1,25,0,0,0,1028,0,0,0,0,0,1,1,0,0,0,-92.48748809,0,0,0,0,3,1,1,5,10,0,0,0,3,1,1,5,1000,0,0,0,0,0,0,0,0,0,0,0,0,0,0,0,0,0,0,0,0,0,0,0,0,0,0,0,0,0,0,0,0,0,0,0,0,0,0,0,0,0,0,0,0,0,0,0,0,0,0,0
1986,26,0,27,18.08,2,7,0,-1,1,0,1,1,25,0,0,0,1028,0,0,0,0,0,1,1,0,0,0,-92.57504127,0,0,0,0,3,1,1,5,10,0,0,0,3,1,1,5,1000,0,0,0,0,0,0,0,0,0,0,0,0,0,0,0,0,0,0,0,0,0,0,0,0,0,0,0,0,0,0,0,0,0,0,0,0,0,0,0,0,0,0,0,0,0,0,0,0,0,0,0
1986,26,0,31,18.08,2,7,0,-1,1,0,1,1,25,0,0,0,1028,0,0,0,0,0,1,1,0,0,0,-92.7939205,0,0,0,0,3,1,1,5,10,0,0,0,3,1,1,5,1000,0,0,0,0,0,0,0,0,0,0,0,0,0,0,0,0,0,0,0,0,0,0,0,0,0,0,0,0,0,0,0,0,0,0,0,0,0,0,0,0,0,0,0,0,0,0,0,0,0,0,0
1986,26,0,32,54.08,2,7,0,-1,1,0,1,1,25,0,0,0,1028,0,0,0,0,0,1,1,0,0,0,-92.88147071,0,0,0,0,3,1,1,5,10,0,0,0,3,1,1,5,1000,0,0,0,0,0,0,0,0,0,0,0,0,0,0,0,0,0,0,0,0,0,0,0,0,0,0,0,0,0,0,0,0,0,0,0,0,0,0,0,0,0,0,0,0,0,0,0,0,0,0,0
1986,26,0,34,30.08,2,7,0,-1,1,0,1,1,25,0,0,0,1028,0,0,0,0,0,1,1,0,0,0,-92.96902008,0,0,0,0,3,1,1,5,10,0,0,0,3,1,1,5,1000,0,0,0,0,0,0,0,0,0,0,0,0,0,0,0,0,0,0,0,0,0,0,0,0,0,0,0,0,0,0,0,0,0,0,0,0,0,0,0,0,0,0,0,0,0,0,0,0,0,0,0
1986,26,0,36,6.079,2,7,0,-1,1,0,1,1,25,0,0,0,1028,0,0,0,0,0,1,1,0,0,0,-93.05656814,0,0,0,0,3,1,1,5,10,0,0,0,3,1,1,5,1000,0,0,0,0,0,0,0,0,0,0,0,0,0,0,0,0,0,0,0,0,0,0,0,0,0,0,0,0,0,0,0,0,0,0,0,0,0,0,0,0,0,0,0,0,0,0,0,0,0,0,0
1986,26,0,37,42.079,2,7,0,-1,1,0,1,1,25,0,0,0,1028,0,0,0,0,0,1,1,0,0,0,-93.14411536,0,0,0,0,3,1,1,5,10,0,0,0,3,1,1,5,1000,0,0,0,0,0,0,0,0,0,0,0,0,0,0,0,0,0,0,0,0,0,0,0,0,0,0,0,0,0,0,0,0,0,0,0,0,0,0,0,0,0,0,0,0,0,0,0,0,0,0,0
1986,26,0,39,18.079,2,7,0,-1,1,0,1,1,25,0,0,0,1028,0,0,0,0,0,1,1,0,0,0,-93.23166219,0,0,0,0,3,1,1,5,10,0,0,0,3,1,1,5,1000,0,0,0,0,0,0,0,0,0,0,0,0,0,0,0,0,0,0,0,0,0,0,0,0,0,0,0,0,0,0,0,0,0,0,0,0,0,0,0,0,0,0,0,0,0,0,0,0,0,0,0
1986,26,0,43,18.079,2,7,0,-1,1,0,1,1,25,0,0,0,1028,0,0,0,0,0,1,1,0,0,0,-93.45052559,0,0,0,0,3,1,1,5,10,0,0,0,3,1,1,5,1000,0,0,0,0,0,0,0,0,0,0,0,0,0,0,0,0,0,0,0,0,0,0,0,0,0,0,0,0,0,0,0,0,0,0,0,0,0,0,0,0,0,0,0,0,0,0,0,0,0,0,0
1986,26,0,44,54.079,2,7,0,-1,1,0,1,1,25,0,0,0,1028,0,0,0,0,0,1,1,0,0,0,-93.53806948,0,0,0,0,3,1,1,5,10,0,0,0,3,1,1,5,1000,0,0,0,0,0,0,0,0,0,0,0,0,0,0,0,0,0,0,0,0,0,0,0,0,0,0,0,0,0,0,0,0,0,0,0,0,0,0,0,0,0,0,0,0,0,0,0,0,0,0,0
1986,26,0,46,30.079,2,7,0,-1,1,0,1,1,25,0,0,0,1028,0,0,0,0,0,1,1,0,0,0,-93.62561254,0,0,0,0,3,1,1,5,10,0,0,0,3,1,1,5,1000,0,0,0,0,0,0,0,0,0,0,0,0,0,0,0,0,0,0,0,0,0,0,0,0,0,0,0,0,0,0,0,0,0,0,0,0,0,0,0,0,0,0,0,0,0,0,0,0,0,0,0
1986,26,0,48,6.079,2,7,0,-1,1,0,1,1,25,0,0,0,1028,0,0,0,0,0,1,1,0,0,0,-93.71315476,0,0,0,0,3,1,1,5,10,0,0,0,3,1,1,5,1000,0,0,0,0,0,0,0,0,0,0,0,0,0,0,0,0,0,0,0,0,0,0,0,0,0,0,0,0,0,0,0,0,0,0,0,0,0,0,0,0,0,0,0,0,0,0,0,0,0,0,0
1986,26,0,49,42.079,2,7,0,-1,1,0,1,1,25,0,0,0,1028,0,0,0,0,0,1,1,0,0,0,-93.80069614,0,0,0,0,3,1,1,5,10,0,0,0,3,1,1,5,1000,0,0,0,0,0,0,0,0,0,0,0,0,0,0,0,0,0,0,0,0,0,0,0,0,0,0,0,0,0,0,0,0,0,0,0,0,0,0,0,0,0,0,0,0,0,0,0,0,0,0,0
1986,26,0,51,18.078,2,7,0,-1,1,0,1,1,25,0,0,0,1028,0,0,0,0,0,1,1,0,0,0,-93.88823623,0,0,0,0,3,1,1,5,10,0,0,0,3,1,1,5,1000,0,0,0,0,0,0,0,0,0,0,0,0,0,0,0,0,0,0,0,0,0,0,0,0,0,0,0,0,0,0,0,0,0,0,0,0,0,0,0,0,0,0,0,0,0,0,0,0,0,0,0
1986,26,0,55,18.078,2,7,0,-1,1,0,1,1,25,0,0,0,1028,0,0,0,0,0,1,1,0,0,0,-94.1070835,0,0,0,0,3,1,1,5,10,0,0,0,3,1,1,5,1000,0,0,0,0,0,0,0,0,0,0,0,0,0,0,0,0,0,0,0,0,0,0,0,0,0,0,0,0,0,0,0,0,0,0,0,0,0,0,0,0,0,0,0,0,0,0,0,0,0,0,0
1986,26,0,56,54.078,2,7,0,-1,1,0,1,1,25,0,0,0,1028,0,0,0,0,0,1,1,0,0,0,-94.19462114,0,0,0,0,3,1,1,5,10,0,0,0,3,1,1,5,1000,0,0,0,0,0,0,0,0,0,0,0,0,0,0,0,0,0,0,0,0,0,0,0,0,0,0,0,0,0,0,0,0,0,0,0,0,0,0,0,0,0,0,0,0,0,0,0,0,0,0,0
1986,26,0,58,30.078,2,7,0,-1,1,0,1,1,25,0,0,0,1028,0,0,0,0,0,1,1,0,0,0,-94.28215795,0,0,0,0,3,1,1,5,10,0,0,0,3,1,1,5,1000,0,0,0,0,0,0,0,0,0,0,0,0,0,0,0,0,0,0,0,0,0,0,0,0,0,0,0,0,0,0,0,0,0,0,0,0,0,0,0,0,0,0,0,0,0,0,0,0,0,0,0
1986,26,1,0,6.078,2,7,0,-1,1,0,1,1,25,0,0,0,1028,0,0,0,0,0,1,1,0,0,0,-94.36969393,0,0,0,0,3,1,1,5,10,0,0,0,3,1,1,5,1000,0,0,0,0,0,0,0,0,0,0,0,0,0,0,0,0,0,0,0,0,0,0,0,0,0,0,0,0,0,0,0,0,0,0,0,0,0,0,0,0,0,0,0,0,0,0,0,0,0,0,0
1986,26,1,1,42.078,2,7,0,-1,1,0,1,1,25,0,0,0,1028,0,0,0,0,0,1,1,0,0,0,-94.45722908,0,0,0,0,3,1,1,5,10,0,0,0,3,1,1,5,1000,0,0,0,0,0,0,0,0,0,0,0,0,0,0,0,0,0,0,0,0,0,0,0,0,0,0,0,0,0,0,0,0,0,0,0,0,0,0,0,0,0,0,0,0,0,0,0,0,0,0,0
1986,26,1,3,18.078,2,7,0,-1,1,0,1,1,25,0,0,0,1028,0,0,0,0,0,1,1,0,0,0,-94.54476341,0,0,0,0,3,1,1,5,10,0,0,0,3,1,1,5,1000,0,0,0,0,0,0,0,0,0,0,0,0,0,0,0,0,0,0,0,0,0,0,0,0,0,0,0,0,0,0,0,0,0,0,0,0,0,0,0,0,0,0,0,0,0,0,0,0,0,0,0
1986,26,1,7,18.077,2,7,0,-1,1,0,1,1,25,0,0,0,1028,0,0,0,0,0,1,1,0,0,0,-94.76359471,0,0,0,0,3,1,1,5,10,0,0,0,3,1,1,5,1000,0,0,0,0,0,0,0,0,0,0,0,0,0,0,0,0,0,0,0,0,0,0,0,0,0,0,0,0,0,0,0,0,0,0,0,0,0,0,0,0,0,0,0,0,0,0,0,0,0,0,0
1986,26,1,8,54.077,2,7,0,-1,1,0,1,1,25,0,0,0,1028,0,0,0,0,0,1,1,0,0,0,-94.85112615,0,0,0,0,3,1,1,5,10,0,0,0,3,1,1,5,1000,0,0,0,0,0,0,0,0,0,0,0,0,0,0,0,0,0,0,0,0,0,0,0,0,0,0,0,0,0,0,0,0,0,0,0,0,0,0,0,0,0,0,0,0,0,0,0,0,0,0,0
1986,26,1,10,30.077,2,7,0,-1,1,0,1,1,25,0,0,0,1028,0,0,0,0,0,1,1,0,0,0,-94.93865677,0,0,0,0,3,1,1,5,10,0,0,0,3,1,1,5,1000,0,0,0,0,0,0,0,0,0,0,0,0,0,0,0,0,0,0,0,0,0,0,0,0,0,0,0,0,0,0,0,0,0,0,0,0,0,0,0,0,0,0,0,0,0,0,0,0,0,0,0
1986,26,1,12,6.077,2,7,0,-1,1,0,1,1,25,0,0,0,1028,0,0,0,0,0,1,1,0,0,0,-95.02618658,0,0,0,0,3,1,1,5,10,0,0,0,3,1,1,5,1000,0,0,0,0,0,0,0,0,0,0,0,0,0,0,0,0,0,0,0,0,0,0,0,0,0,0,0,0,0,0,0,0,0,0,0,0,0,0,0,0,0,0,0,0,0,0,0,0,0,0,0
1986,26,1,13,42.077,2,7,0,-1,1,0,1,1,25,0,0,0,1028,0,0,0,0,0,1,1,0,0,0,-95.11371556,0,0,0,0,3,1,1,5,10,0,0,0,3,1,1,5,1000,0,0,0,0,0,0,0,0,0,0,0,0,0,0,0,0,0,0,0,0,0,0,0,0,0,0,0,0,0,0,0,0,0,0,0,0,0,0,0,0,0,0,0,0,0,0,0,0,0,0,0
1986,26,1,15,18.077,2,7,0,-1,1,0,1,1,25,0,0,0,1028,0,0,0,0,0,1,1,0,0,0,-95.20124373,0,0,0,0,3,1,1,5,10,0,0,0,3,1,1,5,1000,0,0,0,0,0,0,0,0,0,0,0,0,0,0,0,0,0,0,0,0,0,0,0,0,0,0,0,0,0,0,0,0,0,0,0,0,0,0,0,0,0,0,0,0,0,0,0,0,0,0,0
1986,26,1,19,18.077,2,7,0,-1,1,0,1,1,25,0,0,0,1028,0,0,0,0,0,1,1,0,0,0,-95.42006057,0,0,0,0,3,1,1,5,10,0,0,0,3,1,1,5,1000,0,0,0,0,0,0,0,0,0,0,0,0,0,0,0,0,0,0,0,0,0,0,0,0,0,0,0,0,0,0,0,0,0,0,0,0,0,0,0,0,0,0,0,0,0,0,0,0,0,0,0
1986,26,1,20,54.076,2,7,0,-1,1,0,1,1,25,0,0,0,1028,0,0,0,0,0,1,1,0,0,0,-95.50758543,0,0,0,0,3,1,1,5,10,0,0,0,3,1,1,5,1000,0,0,0,0,0,0,0,0,0,0,0,0,0,0,0,0,0,0,0,0,0,0,0,0,0,0,0,0,0,0,0,0,0,0,0,0,0,0,0,0,0,0,0,0,0,0,0,0,0,0,0
1986,26,1,22,30.076,2,7,0,-1,1,0,1,1,25,0,0,0,1028,0,0,0,0,0,1,1,0,0,0,-95.59510947,0,0,0,0,3,1,1,5,10,0,0,0,3,1,1,5,1000,0,0,0,0,0,0,0,0,0,0,0,0,0,0,0,0,0,0,0,0,0,0,0,0,0,0,0,0,0,0,0,0,0,0,0,0,0,0,0,0,0,0,0,0,0,0,0,0,0,0,0
1986,26,1,24,6.076,2,7,0,-1,1,0,1,1,25,0,0,0,1028,0,0,0,0,0,1,1,0,0,0,-95.68263316,0,0,0,0,3,1,1,5,10,0,0,0,3,1,1,5,1000,0,0,0,0,0,0,0,0,0,0,0,0,0,0,0,0,0,0,0,0,0,0,0,0,0,0,0,0,0,0,0,0,0,0,0,0,0,0,0,0,0,0,0,0,0,0,0,0,0,0,0
1986,26,1,25,42.076,2,7,0,-1,1,0,1,1,25,0,0,0,1028,0,0,0,0,0,1,1,0,0,0,-95.77015604,0,0,0,0,3,1,1,5,10,0,0,0,3,1,1,5,1000,0,0,0,0,0,0,0,0,0,0,0,0,0,0,0,0,0,0,0,0,0,0,0,0,0,0,0,0,0,0,0,0,0,0,0,0,0,0,0,0,0,0,0,0,0,0,0,0,0,0,0
1986,26,1,27,18.076,2,7,0,-1,1,0,1,1,25,0,0,0,1028,0,0,0,0,0,1,1,0,0,0,-95.8576781,0,0,0,0,3,1,1,5,10,0,0,0,3,1,1,5,1000,0,0,0,0,0,0,0,0,0,0,0,0,0,0,0,0,0,0,0,0,0,0,0,0,0,0,0,0,0,0,0,0,0,0,0,0,0,0,0,0,0,0,0,0,0,0,0,0,0,0,0
1986,26,1,31,18.076,2,7,0,-1,1,0,1,1,25,0,0,0,1028,0,0,0,0,0,1,1,0,0,0,-96.07647973,0,0,0,0,3,1,1,5,10,0,0,0,3,1,1,5,1000,0,0,0,0,0,0,0,0,0,0,0,0,0,0,0,0,0,0,0,0,0,0,0,0,0,0,0,0,0,0,0,0,0,0,0,0,0,0,0,0,0,0,0,0,0,0,0,0,0,0,0
1986,26,1,32,54.076,2,7,0,-1,1,0,1,1,25,0,0,0,1028,0,0,0,0,0,1,1,0,0,0,-96.16399897,0,0,0,0,3,1,1,5,10,0,0,0,3,1,1,5,1000,0,0,0,0,0,0,0,0,0,0,0,0,0,0,0,0,0,0,0,0,0,0,0,0,0,0,0,0,0,0,0,0,0,0,0,0,0,0,0,0,0,0,0,0,0,0,0,0,0,0,0
1986,26,1,34,30.076,2,7,0,-1,1,0,1,1,25,0,0,0,1028,0,0,0,0,0,1,1,0,0,0,-96.25151741,0,0,0,0,3,1,1,5,10,0,0,0,3,1,1,5,1000,0,0,0,0,0,0,0,0,0,0,0,0,0,0,0,0,0,0,0,0,0,0,0,0,0,0,0,0,0,0,0,0,0,0,0,0,0,0,0,0,0,0,0,0,0,0,0,0,0,0,0
1986,26,1,36,6.075,2,7,0,-1,1,0,1,1,25,0,0,0,1028,0,0,0,0,0,1,1,0,0,0,-96.33903459,0,0,0,0,3,1,1,5,10,0,0,0,3,1,1,5,1000,0,0,0,0,0,0,0,0,0,0,0,0,0,0,0,0,0,0,0,0,0,0,0,0,0,0,0,0,0,0,0,0,0,0,0,0,0,0,0,0,0,0,0,0,0,0,0,0,0,0,0
1986,26,1,39,18.075,2,7,0,-1,1,0,1,1,25,0,0,0,1028,0,0,0,0,0,1,1,0,0,0,-96.51406699,0,0,0,0,3,1,1,5,10,0,0,0,3,1,1,5,1000,0,0,0,0,0,0,0,0,0,0,0,0,0,0,0,0,0,0,0,0,0,0,0,0,0,0,0,0,0,0,0,0,0,0,0,0,0,0,0,0,0,0,0,0,0,0,0,0,0,0,0
1986,26,1,43,18.075,2,7,0,-1,1,0,1,1,25,0,0,0,1028,0,0,0,0,0,1,1,0,0,0,-96.73285356,0,0,0,0,3,1,1,5,10,0,0,0,3,1,1,5,1000,0,0,0,0,0,0,0,0,0,0,0,0,0,0,0,0,0,0,0,0,0,0,0,0,0,0,0,0,0,0,0,0,0,0,0,0,0,0,0,0,0,0,0,0,0,0,0,0,0,0,0
1986,26,1,44,54.075,2,7,0,-1,1,0,1,1,25,0,0,0,1028,0,0,0,0,0,1,1,0,0,0,-96.82036679,0,0,0,0,3,1,1,5,10,0,0,0,3,1,1,5,1000,0,0,0,0,0,0,0,0,0,0,0,0,0,0,0,0,0,0,0,0,0,0,0,0,0,0,0,0,0,0,0,0,0,0,0,0,0,0,0,0,0,0,0,0,0,0,0,0,0,0,0
1986,26,1,46,30.075,2,7,0,-1,1,0,1,1,25,0,0,0,1028,0,0,0,0,0,1,1,0,0,0,-96.90787922,0,0,0,0,3,1,1,5,10,0,0,0,3,1,1,5,1000,0,0,0,0,0,0,0,0,0,0,0,0,0,0,0,0,0,0,0,0,0,0,0,0,0,0,0,0,0,0,0,0,0,0,0,0,0,0,0,0,0,0,0,0,0,0,0,0,0,0,0
1986,26,1,48,6.075,2,7,0,-1,1,0,1,1,25,0,0,0,1028,0,0,0,0,0,1,1,0,0,0,-96.99539086,0,0,0,0,3,1,1,5,10,0,0,0,3,1,1,5,1000,0,0,0,0,0,0,0,0,0,0,0,0,0,0,0,0,0,0,0,0,0,0,0,0,0,0,0,0,0,0,0,0,0,0,0,0,0,0,0,0,0,0,0,0,0,0,0,0,0,0,0
1986,26,1,49,42.075,2,7,0,-1,1,0,1,1,25,0,0,0,1028,0,0,0,0,0,1,1,0,0,0,-97.0829017,0,0,0,0,3,1,1,5,10,0,0,0,3,1,1,5,1000,0,0,0,0,0,0,0,0,0,0,0,0,0,0,0,0,0,0,0,0,0,0,0,0,0,0,0,0,0,0,0,0,0,0,0,0,0,0,0,0,0,0,0,0,0,0,0,0,0,0,0
1986,26,1,51,18.074,2,7,0,-1,1,0,1,1,25,0,0,0,1028,0,0,0,0,0,1,1,0,0,0,-97.17041129,0,0,0,0,3,1,1,5,10,0,0,0,3,1,1,5,1000,0,0,0,0,0,0,0,0,0,0,0,0,0,0,0,0,0,0,0,0,0,0,0,0,0,0,0,0,0,0,0,0,0,0,0,0,0,0,0,0,0,0,0,0,0,0,0,0,0,0,0
1986,26,1,55,18.074,2,7,0,-1,1,0,1,1,25,0,0,0,1028,0,0,0,0,0,1,1,0,0,0,-97.38918248,0,0,0,0,3,1,1,5,10,0,0,0,3,1,1,5,1000,0,0,0,0,0,0,0,0,0,0,0,0,0,0,0,0,0,0,0,0,0,0,0,0,0,0,0,0,0,0,0,0,0,0,0,0,0,0,0,0,0,0,0,0,0,0,0,0,0,0,0
1986,26,1,56,54.074,2,7,0,-1,1,0,1,1,25,0,0,0,1028,0,0,0,0,0,1,1,0,0,0,-97.47668976,0,0,0,0,3,1,1,5,10,0,0,0,3,1,1,5,1000,0,0,0,0,0,0,0,0,0,0,0,0,0,0,0,0,0,0,0,0,0,0,0,0,0,0,0,0,0,0,0,0,0,0,0,0,0,0,0,0,0,0,0,0,0,0,0,0,0,0,0
1986,26,1,58,30.074,2,7,0,-1,1,0,1,1,25,0,0,0,1028,0,0,0,0,0,1,1,0,0,0,-97.56419625,0,0,0,0,3,1,1,5,10,0,0,0,3,1,1,5,1000,0,0,0,0,0,0,0,0,0,0,0,0,0,0,0,0,0,0,0,0,0,0,0,0,0,0,0,0,0,0,0,0,0,0,0,0,0,0,0,0,0,0,0,0,0,0,0,0,0,0,0
1986,26,2,0,6.074,2,7,0,-1,1,0,1,1,25,0,0,0,1028,0,0,0,0,0,1,1,0,0,0,-97.65170195,0,0,0,0,3,1,1,5,10,0,0,0,3,1,1,5,1000,0,0,0,0,0,0,0,0,0,0,0,0,0,0,0,0,0,0,0,0,0,0,0,0,0,0,0,0,0,0,0,0,0,0,0,0,0,0,0,0,0,0,0,0,0,0,0,0,0,0,0
1986,26,2,1,42.074,2,7,0,-1,1,0,1,1,25,0,0,0,1028,0,0,0,0,0,1,1,0,0,0,-97.73920686,0,0,0,0,3,1,1,5,10,0,0,0,3,1,1,5,1000,0,0,0,0,0,0,0,0,0,0,0,0,0,0,0,0,0,0,0,0,0,0,0,0,0,0,0,0,0,0,0,0,0,0,0,0,0,0,0,0,0,0,0,0,0,0,0,0,0,0,0
1986,26,2,3,18.074,2,7,0,-1,1,0,1,1,25,0,0,0,1028,0,0,0,0,0,1,1,0,0,0,-97.82671099,0,0,0,0,3,1,1,5,10,0,0,0,3,1,1,5,1000,0,0,0,0,0,0,0,0,0,0,0,0,0,0,0,0,0,0,0,0,0,0,0,0,0,0,0,0,0,0,0,0,0,0,0,0,0,0,0,0,0,0,0,0,0,0,0,0,0,0,0
1986,26,2,7,18.073,2,7,0,-1,1,0,1,1,25,0,0,0,1028,0,0,0,0,0,1,1,0,0,0,-98.04546696,0,0,0,0,3,1,1,5,10,0,0,0,3,1,1,5,1000,0,0,0,0,0,0,0,0,0,0,0,0,0,0,0,0,0,0,0,0,0,0,0,0,0,0,0,0,0,0,0,0,0,0,0,0,0,0,0,0,0,0,0,0,0,0,0,0,0,0,0
1986,26,2,8,54.073,2,7,0,-1,1,0,1,1,25,0,0,0,1028,0,0,0,0,0,1,1,0,0,0,-98.13296834,0,0,0,0,3,1,1,5,10,0,0,0,3,1,1,5,1000,0,0,0,0,0,0,0,0,0,0,0,0,0,0,0,0,0,0,0,0,0,0,0,0,0,0,0,0,0,0,0,0,0,0,0,0,0,0,0,0,0,0,0,0,0,0,0,0,0,0,0
1986,26,2,10,30.073,2,7,0,-1,1,0,1,1,25,0,0,0,1028,0,0,0,0,0,1,1,0,0,0,-98.22046894,0,0,0,0,3,1,1,5,10,0,0,0,3,1,1,5,1000,0,0,0,0,0,0,0,0,0,0,0,0,0,0,0,0,0,0,0,0,0,0,0,0,0,0,0,0,0,0,0,0,0,0,0,0,0,0,0,0,0,0,0,0,0,0,0,0,0,0,0
1986,26,2,12,6.073,2,7,0,-1,1,0,1,1,25,0,0,0,1028,0,0,0,0,0,1,1,0,0,0,-98.30796876,0,0,0,0,3,1,1,5,10,0,0,0,3,1,1,5,1000,0,0,0,0,0,0,0,0,0,0,0,0,0,0,0,0,0,0,0,0,0,0,0,0,0,0,0,0,0,0,0,0,0,0,0,0,0,0,0,0,0,0,0,0,0,0,0,0,0,0,0
1986,26,2,13,42.073,2,7,0,-1,1,0,1,1,25,0,0,0,1028,0,0,0,0,0,1,1,0,0,0,-98.3954678,0,0,0,0,3,1,1,5,10,0,0,0,3,1,1,5,1000,0,0,0,0,0,0,0,0,0,0,0,0,0,0,0,0,0,0,0,0,0,0,0,0,0,0,0,0,0,0,0,0,0,0,0,0,0,0,0,0,0,0,0,0,0,0,0,0,0,0,0
1986,26,2,15,18.073,2,7,0,-1,1,0,1,1,25,0,0,0,1028,0,0,0,0,0,1,1,0,0,0,-98.48296606,0,0,0,0,3,1,1,5,10,0,0,0,3,1,1,5,1000,0,0,0,0,0,0,0,0,0,0,0,0,0,0,0,0,0,0,0,0,0,0,0,0,0,0,0,0,0,0,0,0,0,0,0,0,0,0,0,0,0,0,0,0,0,0,0,0,0,0,0
1986,26,2,27,18.072,2,7,0,-1,1,0,1,1,25,0,0,0,1028,0,0,0,0,0,1,1,0,0,0,-99.1391774,0,0,0,0,3,1,1,5,10,0,0,0,3,1,1,5,1000,0,0,0,0,0,0,0,0,0,0,0,0,0,0,0,0,0,0,0,0,0,0,0,0,0,0,0,0,0,0,0,0,0,0,0,0,0,0,0,0,0,0,0,0,0,0,0,0,0,0,0
1986,26,2,31,18.072,2,7,0,-1,1,0,1,1,25,0,0,0,1028,0,0,0,0,0,1,1,0,0,0,-99.35790517,0,0,0,0,3,1,1,5,10,0,0,0,3,1,1,5,1000,0,0,0,0,0,0,0,0,0,0,0,0,0,0,0,0,0,0,0,0,0,0,0,0,0,0,0,0,0,0,0,0,0,0,0,0,0,0,0,0,0,0,0,0,0,0,0,0,0,0,0
1986,26,2,32,54.072,2,7,0,-1,1,0,1,1,25,0,0,0,1028,0,0,0,0,0,1,1,0,0,0,-99.44539493,0,0,0,0,3,1,1,5,10,0,0,0,3,1,1,5,1000,0,0,0,0,0,0,0,0,0,0,0,0,0,0,0,0,0,0,0,0,0,0,0,0,0,0,0,0,0,0,0,0,0,0,0,0,0,0,0,0,0,0,0,0,0,0,0,0,0,0,0
1986,26,2,34,30.072,2,7,0,-1,1,0,1,1,25,0,0,0,1028,0,0,0,0,0,1,1,0,0,0,-99.53288393,0,0,0,0,3,1,1,5,10,0,0,0,3,1,1,5,1000,0,0,0,0,0,0,0,0,0,0,0,0,0,0,0,0,0,0,0,0,0,0,0,0,0,0,0,0,0,0,0,0,0,0,0,0,0,0,0,0,0,0,0,0,0,0,0,0,0,0,0
1986,26,2,36,6.072,2,7,0,-1,1,0,1,1,25,0,0,0,1028,0,0,0,0,0,1,1,0,0,0,-99.62037216,0,0,0,0,3,1,1,5,10,0,0,0,3,1,1,5,1000,0,0,0,0,0,0,0,0,0,0,0,0,0,0,0,0,0,0,0,0,0,0,0,0,0,0,0,0,0,0,0,0,0,0,0,0,0,0,0,0,0,0,0,0,0,0,0,0,0,0,0
1986,26,2,37,42.071,2,7,0,-1,1,0,1,1,25,0,0,0,1028,0,0,0,0,0,1,1,0,0,0,-99.70785872,0,0,0,0,3,1,1,5,10,0,0,0,3,1,1,5,1000,0,0,0,0,0,0,0,0,0,0,0,0,0,0,0,0,0,0,0,0,0,0,0,0,0,0,0,0,0,0,0,0,0,0,0,0,0,0,0,0,0,0,0,0,0,0,0,0,0,0,0
1986,26,2,39,18.071,2,7,0,-1,1,0,1,1,25,0,0,0,1028,0,0,0,0,0,1,1,0,0,0,-99.79534542,0,0,0,0,3,1,1,5,10,0,0,0,3,1,1,5,1000,0,0,0,0,0,0,0,0,0,0,0,0,0,0,0,0,0,0,0,0,0,0,0,0,0,0,0,0,0,0,0,0,0,0,0,0,0,0,0,0,0,0,0,0,0,0,0,0,0,0,0
1986,26,2,43,18.071,2,7,0,-1,1,0,1,1,25,0,0,0,1028,0,0,0,0,0,1,1,0,0,0,-100.0140589,0,0,0,0,3,1,1,5,10,0,0,0,3,1,1,5,1000,0,0,0,0,0,0,0,0,0,0,0,0,0,0,0,0,0,0,0,0,0,0,0,0,0,0,0,0,0,0,0,0,0,0,0,0,0,0,0,0,0,0,0,0,0,0,0,0,0,0,0
1986,26,2,55,18.07,2,7,0,-1,1,0,1,1,25,0,0,0,1028,0,0,0,0,0,1,1,0,0,0,-100.6701698,0,0,0,0,3,1,1,5,10,0,0,0,3,1,1,5,1000,0,0,0,0,0,0,0,0,0,0,0,0,0,0,0,0,0,0,0,0,0,0,0,0,0,0,0,0,0,0,0,0,0,0,0,0,0,0,0,0,0,0,0,0,0,0,0,0,0,0,0
1986,26,2,56,54.07,2,7,0,-1,1,0,1,1,25,0,0,0,1028,0,0,0,0,0,1,1,0,0,0,-100.7576481,0,0,0,0,3,1,1,5,10,0,0,0,3,1,1,5,1000,0,0,0,0,0,0,0,0,0,0,0,0,0,0,0,0,0,0,0,0,0,0,0,0,0,0,0,0,0,0,0,0,0,0,0,0,0,0,0,0,0,0,0,0,0,0,0,0,0,0,0
1986,26,2,58,30.07,2,7,0,-1,1,0,1,1,25,0,0,0,1028,0,0,0,0,0,1,1,0,0,0,-100.8451258,0,0,0,0,3,1,1,5,10,0,0,0,3,1,1,5,1000,0,0,0,0,0,0,0,0,0,0,0,0,0,0,0,0,0,0,0,0,0,0,0,0,0,0,0,0,0,0,0,0,0,0,0,0,0,0,0,0,0,0,0,0,0,0,0,0,0,0,0
1986,26,3,0,6.07,2,7,0,-1,1,0,1,1,25,0,0,0,1028,0,0,0,0,0,1,1,0,0,0,-100.9326026,0,0,0,0,3,1,1,5,10,0,0,0,3,1,1,5,1000,0,0,0,0,0,0,0,0,0,0,0,0,0,0,0,0,0,0,0,0,0,0,0,0,0,0,0,0,0,0,0,0,0,0,0,0,0,0,0,0,0,0,0,0,0,0,0,0,0,0,0
1986,26,3,1,42.07,2,7,0,-1,1,0,1,1,25,0,0,0,1028,0,0,0,0,0,1,1,0,0,0,-101.0200787,0,0,0,0,3,1,1,5,10,0,0,0,3,1,1,5,1000,0,0,0,0,0,0,0,0,0,0,0,0,0,0,0,0,0,0,0,0,0,0,0,0,0,0,0,0,0,0,0,0,0,0,0,0,0,0,0,0,0,0,0,0,0,0,0,0,0,0,0
1986,26,3,3,18.07,2,7,0,-1,1,0,1,1,25,0,0,0,1028,0,0,0,0,0,1,1,0,0,0,-101.1075541,0,0,0,0,3,1,1,5,10,0,0,0,3,1,1,5,1000,0,0,0,0,0,0,0,0,0,0,0,0,0,0,0,0,0,0,0,0,0,0,0,0,0,0,0,0,0,0,0,0,0,0,0,0,0,0,0,0,0,0,0,0,0,0,0,0,0,0,0
1986,26,3,7,18.069,2,7,0,-1,1,0,1,1,25,0,0,0,1028,0,0,0,0,0,1,1,0,0,0,-101.3262388,0,0,0,0,3,1,1,5,10,0,0,0,3,1,1,5,1000,0,0,0,0,0,0,0,0,0,0,0,0,0,0,0,0,0,0,0,0,0,0,0,0,0,0,0,0,0,0,0,0,0,0,0,0,0,0,0,0,0,0,0,0,0,0,0,0,0,0,0
1986,26,3,8,54.069,2,7,0,-1,1,0,1,1,25,0,0,0,1028,0,0,0,0,0,1,1,0,0,0,-101.4137111,0,0,0,0,3,1,1,5,10,0,0,0,3,1,1,5,1000,0,0,0,0,0,0,0,0,0,0,0,0,0,0,0,0,0,0,0,0,0,0,0,0,0,0,0,0,0,0,0,0,0,0,0,0,0,0,0,0,0,0,0,0,0,0,0,0,0,0,0
1986,26,3,10,30.069,2,7,0,-1,1,0,1,1,25,0,0,0,1028,0,0,0,0,0,1,1,0,0,0,-101.5011831,0,0,0,0,3,1,1,5,10,0,0,0,3,1,1,5,1000,0,0,0,0,0,0,0,0,0,0,0,0,0,0,0,0,0,0,0,0,0,0,0,0,0,0,0,0,0,0,0,0,0,0,0,0,0,0,0,0,0,0,0,0,0,0,0,0,0,0,0
1986,26,3,12,6.069,2,7,0,-1,1,0,1,1,25,0,0,0,1028,0,0,0,0,0,1,1,0,0,0,-101.5886544,0,0,0,0,3,1,1,5,10,0,0,0,3,1,1,5,1000,0,0,0,0,0,0,0,0,0,0,0,0,0,0,0,0,0,0,0,0,0,0,0,0,0,0,0,0,0,0,0,0,0,0,0,0,0,0,0,0,0,0,0,0,0,0,0,0,0,0,0
1986,26,3,13,42.069,2,7,0,-1,1,0,1,1,25,0,0,0,1028,0,0,0,0,0,1,1,0,0,0,-101.6761249,0,0,0,0,3,1,1,5,10,0,0,0,3,1,1,5,1000,0,0,0,0,0,0,0,0,0,0,0,0,0,0,0,0,0,0,0,0,0,0,0,0,0,0,0,0,0,0,0,0,0,0,0,0,0,0,0,0,0,0,0,0,0,0,0,0,0,0,0
1986,26,3,15,18.069,2,7,0,-1,1,0,1,1,25,0,0,0,1028,0,0,0,0,0,1,1,0,0,0,-101.7635947,0,0,0,0,3,1,1,5,10,0,0,0,3,1,1,5,1000,0,0,0,0,0,0,0,0,0,0,0,0,0,0,0,0,0,0,0,0,0,0,0,0,0,0,0,0,0,0,0,0,0,0,0,0,0,0,0,0,0,0,0,0,0,0,0,0,0,0,0
1986,26,3,19,18.069,2,7,0,-1,1,0,1,1,25,0,0,0,1028,0,0,0,0,0,1,1,0,0,0,-101.9822659,0,0,0,0,3,1,1,5,10,0,0,0,3,1,1,5,1000,0,0,0,0,0,0,0,0,0,0,0,0,0,0,0,0,0,0,0,0,0,0,0,0,0,0,0,0,0,0,0,0,0,0,0,0,0,0,0,0,0,0,0,0,0,0,0,0,0,0,0
1986,26,3,20,54.069,2,7,0,-1,1,0,1,1,25,0,0,0,1028,0,0,0,0,0,1,1,0,0,0,-102.0697331,0,0,0,0,3,1,1,5,10,0,0,0,3,1,1,5,1000,0,0,0,0,0,0,0,0,0,0,0,0,0,0,0,0,0,0,0,0,0,0,0,0,0,0,0,0,0,0,0,0,0,0,0,0,0,0,0,0,0,0,0,0,0,0,0,0,0,0,0
1986,26,3,22,30.068,2,7,0,-1,1,0,1,1,25,0,0,0,1028,0,0,0,0,0,1,1,0,0,0,-102.1571986,0,0,0,0,3,1,1,5,10,0,0,0,3,1,1,5,1000,0,0,0,0,0,0,0,0,0,0,0,0,0,0,0,0,0,0,0,0,0,0,0,0,0,0,0,0,0,0,0,0,0,0,0,0,0,0,0,0,0,0,0,0,0,0,0,0,0,0,0
1986,26,3,24,6.068,2,7,0,-1,1,0,1,1,25,0,0,0,1028,0,0,0,0,0,1,1,0,0,0,-102.2446644,0,0,0,0,3,1,1,5,10,0,0,0,3,1,1,5,1000,0,0,0,0,0,0,0,0,0,0,0,0,0,0,0,0,0,0,0,0,0,0,0,0,0,0,0,0,0,0,0,0,0,0,0,0,0,0,0,0,0,0,0,0,0,0,0,0,0,0,0
1986,26,3,25,42.068,2,7,0,-1,1,0,1,1,25,0,0,0,1028,0,0,0,0,0,1,1,0,0,0,-102.3321293,0,0,0,0,3,1,1,5,10,0,0,0,3,1,1,5,1000,0,0,0,0,0,0,0,0,0,0,0,0,0,0,0,0,0,0,0,0,0,0,0,0,0,0,0,0,0,0,0,0,0,0,0,0,0,0,0,0,0,0,0,0,0,0,0,0,0,0,0
1986,26,3,27,18.068,2,7,0,-1,1,0,1,1,25,0,0,0,1028,0,0,0,0,0,1,1,0,0,0,-102.4195936,0,0,0,0,3,1,1,5,10,0,0,0,3,1,1,5,1000,0,0,0,0,0,0,0,0,0,0,0,0,0,0,0,0,0,0,0,0,0,0,0,0,0,0,0,0,0,0,0,0,0,0,0,0,0,0,0,0,0,0,0,0,0,0,0,0,0,0,0
1986,26,3,31,18.068,2,7,0,-1,1,0,1,1,25,0,0,0,1028,0,0,0,0,0,1,1,0,0,0,-102.638251,0,0,0,0,3,1,1,5,10,0,0,0,3,1,1,5,1000,0,0,0,0,0,0,0,0,0,0,0,0,0,0,0,0,0,0,0,0,0,0,0,0,0,0,0,0,0,0,0,0,0,0,0,0,0,0,0,0,0,0,0,0,0,0,0,0,0,0,0
1986,26,3,32,54.068,2,7,0,-1,1,0,1,1,25,0,0,0,1028,0,0,0,0,0,1,1,0,0,0,-102.7257127,0,0,0,0,3,1,1,5,10,0,0,0,3,1,1,5,1000,0,0,0,0,0,0,0,0,0,0,0,0,0,0,0,0,0,0,0,0,0,0,0,0,0,0,0,0,0,0,0,0,0,0,0,0,0,0,0,0,0,0,0,0,0,0,0,0,0,0,0
1986,26,3,34,30.068,2,7,0,-1,1,0,1,1,25,0,0,0,1028,0,0,0,0,0,1,1,0,0,0,-102.8131737,0,0,0,0,3,1,1,5,10,0,0,0,3,1,1,5,1000,0,0,0,0,0,0,0,0,0,0,0,0,0,0,0,0,0,0,0,0,0,0,0,0,0,0,0,0,0,0,0,0,0,0,0,0,0,0,0,0,0,0,0,0,0,0,0,0,0,0,0
1986,26,3,36,6.068,2,7,0,-1,1,0,1,1,25,0,0,0,1028,0,0,0,0,0,1,1,0,0,0,-102.9006339,0,0,0,0,3,1,1,5,10,0,0,0,3,1,1,5,1000,0,0,0,0,0,0,0,0,0,0,0,0,0,0,0,0,0,0,0,0,0,0,0,0,0,0,0,0,0,0,0,0,0,0,0,0,0,0,0,0,0,0,0,0,0,0,0,0,0,0,0
1986,26,3,37,42.067,2,7,0,-1,1,0,1,1,25,0,0,0,1028,0,0,0,0,0,1,1,0,0,0,-102.9880925,0,0,0,0,3,1,1,5,10,0,0,0,3,1,1,5,1000,0,0,0,0,0,0,0,0,0,0,0,0,0,0,0,0,0,0,0,0,0,0,0,0,0,0,0,0,0,0,0,0,0,0,0,0,0,0,0,0,0,0,0,0,0,0,0,0,0,0,0
1986,26,3,39,18.067,2,7,0,-1,1,0,1,1,25,0,0,0,1028,0,0,0,0,0,1,1,0,0,0,-103.0755512,0,0,0,0,3,1,1,5,10,0,0,0,3,1,1,5,1000,0,0,0,0,0,0,0,0,0,0,0,0,0,0,0,0,0,0,0,0,0,0,0,0,0,0,0,0,0,0,0,0,0,0,0,0,0,0,0,0,0,0,0,0,0,0,0,0,0,0,0
1986,26,3,43,18.067,2,7,0,-1,1,0,1,1,25,0,0,0,1028,0,0,0,0,0,1,1,0,0,0,-103.294195,0,0,0,0,3,1,1,5,10,0,0,0,3,1,1,5,1000,0,0,0,0,0,0,0,0,0,0,0,0,0,0,0,0,0,0,0,0,0,0,0,0,0,0,0,0,0,0,0,0,0,0,0,0,0,0,0,0,0,0,0,0,0,0,0,0,0,0,0
1986,26,3,44,54.067,2,7,0,-1,1,0,1,1,25,0,0,0,1028,0,0,0,0,0,1,1,0,0,0,-103.3816512,0,0,0,0,3,1,1,5,10,0,0,0,3,1,1,5,1000,0,0,0,0,0,0,0,0,0,0,0,0,0,0,0,0,0,0,0,0,0,0,0,0,0,0,0,0,0,0,0,0,0,0,0,0,0,0,0,0,0,0,0,0,0,0,0,0,0,0,0
1986,26,3,46,30.067,2,7,0,-1,1,0,1,1,25,0,0,0,1028,0,0,0,0,0,1,1,0,0,0,-103.4691067,0,0,0,0,3,1,1,5,10,0,0,0,3,1,1,5,1000,0,0,0,0,0,0,0,0,0,0,0,0,0,0,0,0,0,0,0,0,0,0,0,0,0,0,0,0,0,0,0,0,0,0,0,0,0,0,0,0,0,0,0,0,0,0,0,0,0,0,0
1986,26,3,48,6.067,2,7,0,-1,1,0,1,1,25,0,0,0,1028,0,0,0,0,0,1,1,0,0,0,-103.5565615,0,0,0,0,3,1,1,5,10,0,0,0,3,1,1,5,1000,0,0,0,0,0,0,0,0,0,0,0,0,0,0,0,0,0,0,0,0,0,0,0,0,0,0,0,0,0,0,0,0,0,0,0,0,0,0,0,0,0,0,0,0,0,0,0,0,0,0,0
1986,26,3,49,42.067,2,7,0,-1,1,0,1,1,25,0,0,0,1028,0,0,0,0,0,1,1,0,0,0,-103.6440156,0,0,0,0,3,1,1,5,10,0,0,0,3,1,1,5,1000,0,0,0,0,0,0,0,0,0,0,0,0,0,0,0,0,0,0,0,0,0,0,0,0,0,0,0,0,0,0,0,0,0,0,0,0,0,0,0,0,0,0,0,0,0,0,0,0,0,0,0
1986,26,3,51,18.067,2,7,0,-1,1,0,1,1,25,0,0,0,1028,0,0,0,0,0,1,1,0,0,0,-103.7314689,0,0,0,0,3,1,1,5,10,0,0,0,3,1,1,5,1000,0,0,0,0,0,0,0,0,0,0,0,0,0,0,0,0,0,0,0,0,0,0,0,0,0,0,0,0,0,0,0,0,0,0,0,0,0,0,0,0,0,0,0,0,0,0,0,0,0,0,0
1986,26,3,55,18.066,2,7,0,-1,1,0,1,1,25,0,0,0,1028,0,0,0,0,0,1,1,0,0,0,-103.9500982,0,0,0,0,3,1,1,5,10,0,0,0,3,1,1,5,1000,0,0,0,0,0,0,0,0,0,0,0,0,0,0,0,0,0,0,0,0,0,0,0,0,0,0,0,0,0,0,0,0,0,0,0,0,0,0,0,0,0,0,0,0,0,0,0,0,0,0,0
1986,26,3,56,54.066,2,7,0,-1,1,0,1,1,25,0,0,0,1028,0,0,0,0,0,1,1,0,0,0,-104.037549,0,0,0,0,3,1,1,5,10,0,0,0,3,1,1,5,1000,0,0,0,0,0,0,0,0,0,0,0,0,0,0,0,0,0,0,0,0,0,0,0,0,0,0,0,0,0,0,0,0,0,0,0,0,0,0,0,0,0,0,0,0,0,0,0,0,0,0,0
1986,26,3,58,30.066,2,7,0,-1,1,0,1,1,25,0,0,0,1028,0,0,0,0,0,1,1,0,0,0,-104.1249991,0,0,0,0,3,1,1,5,10,0,0,0,3,1,1,5,1000,0,0,0,0,0,0,0,0,0,0,0,0,0,0,0,0,0,0,0,0,0,0,0,0,0,0,0,0,0,0,0,0,0,0,0,0,0,0,0,0,0,0,0,0,0,0,0,0,0,0,0
1986,26,4,0,6.066,2,7,0,-1,1,0,1,1,25,0,0,0,1028,0,0,0,0,0,1,1,0,0,0,-104.2124485,0,0,0,0,3,1,1,5,10,0,0,0,3,1,1,5,1000,0,0,0,0,0,0,0,0,0,0,0,0,0,0,0,0,0,0,0,0,0,0,0,0,0,0,0,0,0,0,0,0,0,0,0,0,0,0,0,0,0,0,0,0,0,0,0,0,0,0,0
1986,26,4,1,42.066,2,7,0,-1,1,0,1,1,25,0,0,0,1028,0,0,0,0,0,1,1,0,0,0,-104.2998972,0,0,0,0,3,1,1,5,10,0,0,0,3,1,1,5,1000,0,0,0,0,0,0,0,0,0,0,0,0,0,0,0,0,0,0,0,0,0,0,0,0,0,0,0,0,0,0,0,0,0,0,0,0,0,0,0,0,0,0,0,0,0,0,0,0,0,0,0
1986,26,4,3,18.066,2,7,0,-1,1,0,1,1,25,0,0,0,1028,0,0,0,0,0,1,1,0,0,0,-104.3873451,0,0,0,0,3,1,1,5,10,0,0,0,3,1,1,5,1000,0,0,0,0,0,0,0,0,0,0,0,0,0,0,0,0,0,0,0,0,0,0,0,0,0,0,0,0,0,0,0,0,0,0,0,0,0,0,0,0,0,0,0,0,0,0,0,0,0,0,0
1986,26,4,7,18.065,2,7,0,-1,1,0,1,1,25,0,0,0,1028,0,0,0,0,0,1,1,0,0,0,-104.6059615,0,0,0,0,3,1,1,5,10,0,0,0,3,1,1,5,1000,0,0,0,0,0,0,0,0,0,0,0,0,0,0,0,0,0,0,0,0,0,0,0,0,0,0,0,0,0,0,0,0,0,0,0,0,0,0,0,0,0,0,0,0,0,0,0,0,0,0,0
1986,26,4,8,54.065,2,7,0,-1,1,0,1,1,25,0,0,0,1028,0,0,0,0,0,1,1,0,0,0,-104.6934065,0,0,0,0,3,1,1,5,10,0,0,0,3,1,1,5,1000,0,0,0,0,0,0,0,0,0,0,0,0,0,0,0,0,0,0,0,0,0,0,0,0,0,0,0,0,0,0,0,0,0,0,0,0,0,0,0,0,0,0,0,0,0,0,0,0,0,0,0
1986,26,4,10,30.065,2,7,0,-1,1,0,1,1,25,0,0,0,1028,0,0,0,0,0,1,1,0,0,0,-104.7808513,0,0,0,0,3,1,1,5,10,0,0,0,3,1,1,5,1000,0,0,0,0,0,0,0,0,0,0,0,0,0,0,0,0,0,0,0,0,0,0,0,0,0,0,0,0,0,0,0,0,0,0,0,0,0,0,0,0,0,0,0,0,0,0,0,0,0,0,0
1986,26,4,12,6.065,2,7,0,-1,1,0,1,1,25,0,0,0,1028,0,0,0,0,0,1,1,0,0,0,-104.8682953,0,0,0,0,3,1,1,5,10,0,0,0,3,1,1,5,1000,0,0,0,0,0,0,0,0,0,0,0,0,0,0,0,0,0,0,0,0,0,0,0,0,0,0,0,0,0,0,0,0,0,0,0,0,0,0,0,0,0,0,0,0,0,0,0,0,0,0,0
1986,26,4,13,42.065,2,7,0,-1,1,0,1,1,25,0,0,0,1028,0,0,0,0,0,1,1,0,0,0,-104.9557387,0,0,0,0,3,1,1,5,10,0,0,0,3,1,1,5,1000,0,0,0,0,0,0,0,0,0,0,0,0,0,0,0,0,0,0,0,0,0,0,0,0,0,0,0,0,0,0,0,0,0,0,0,0,0,0,0,0,0,0,0,0,0,0,0,0,0,0,0
1986,26,4,15,18.065,2,7,0,-1,1,0,1,1,25,0,0,0,1028,0,0,0,0,0,1,1,0,0,0,-105.0431813,0,0,0,0,3,1,1,5,10,0,0,0,3,1,1,5,1000,0,0,0,0,0,0,0,0,0,0,0,0,0,0,0,0,0,0,0,0,0,0,0,0,0,0,0,0,0,0,0,0,0,0,0,0,0,0,0,0,0,0,0,0,0,0,0,0,0,0,0
1986,26,4,19,18.065,2,7,0,-1,1,0,1,1,25,0,0,0,1028,0,0,0,0,0,1,1,0,0,0,-105.2617848,0,0,0,0,3,1,1,5,10,0,0,0,3,1,1,5,1000,0,0,0,0,0,0,0,0,0,0,0,0,0,0,0,0,0,0,0,0,0,0,0,0,0,0,0,0,0,0,0,0,0,0,0,0,0,0,0,0,0,0,0,0,0,0,0,0,0,0,0
1986,26,4,20,54.065,2,7,0,-1,1,0,1,1,25,0,0,0,1028,0,0,0,0,0,1,1,0,0,0,-105.349225,0,0,0,0,3,1,1,5,10,0,0,0,3,1,1,5,1000,0,0,0,0,0,0,0,0,0,0,0,0,0,0,0,0,0,0,0,0,0,0,0,0,0,0,0,0,0,0,0,0,0,0,0,0,0,0,0,0,0,0,0,0,0,0,0,0,0,0,0
1986,26,4,22,30.064,2,7,0,-1,1,0,1,1,25,0,0,0,1028,0,0,0,0,0,1,1,0,0,0,-105.436664,0,0,0,0,3,1,1,5,10,0,0,0,3,1,1,5,1000,0,0,0,0,0,0,0,0,0,0,0,0,0,0,0,0,0,0,0,0,0,0,0,0,0,0,0,0,0,0,0,0,0,0,0,0,0,0,0,0,0,0,0,0,0,0,0,0,0,0,0
1986,26,4,24,6.064,2,7,0,-1,1,0,1,1,25,0,0,0,1028,0,0,0,0,0,1,1,0,0,0,-105.5241023,0,0,0,0,3,1,1,5,10,0,0,0,3,1,1,5,1000,0,0,0,0,0,0,0,0,0,0,0,0,0,0,0,0,0,0,0,0,0,0,0,0,0,0,0,0,0,0,0,0,0,0,0,0,0,0,0,0,0,0,0,0,0,0,0,0,0,0,0
1986,26,4,25,42.064,2,7,0,-1,1,0,1,1,25,0,0,0,1028,0,0,0,0,0,1,1,0,0,0,-105.6115403,0,0,0,0,3,1,1,5,10,0,0,0,3,1,1,5,1000,0,0,0,0,0,0,0,0,0,0,0,0,0,0,0,0,0,0,0,0,0,0,0,0,0,0,0,0,0,0,0,0,0,0,0,0,0,0,0,0,0,0,0,0,0,0,0,0,0,0,0
1986,26,4,27,18.064,2,7,0,-1,1,0,1,1,25,0,0,0,1028,0,0,0,0,0,1,1,0,0,0,-105.6989777,0,0,0,0,3,1,1,5,10,0,0,0,3,1,1,5,1000,0,0,0,0,0,0,0,0,0,0,0,0,0,0,0,0,0,0,0,0,0,0,0,0,0,0,0,0,0,0,0,0,0,0,0,0,0,0,0,0,0,0,0,0,0,0,0,0,0,0,0
1986,26,4,31,18.064,2,7,0,-1,1,0,1,1,25,0,0,0,1028,0,0,0,0,0,1,1,0,0,0,-105.917568,0,0,0,0,3,1,1,5,10,0,0,0,3,1,1,5,1000,0,0,0,0,0,0,0,0,0,0,0,0,0,0,0,0,0,0,0,0,0,0,0,0,0,0,0,0,0,0,0,0,0,0,0,0,0,0,0,0,0,0,0,0,0,0,0,0,0,0,0
1986,26,4,32,54.064,2,7,0,-1,1,0,1,1,25,0,0,0,1028,0,0,0,0,0,1,1,0,0,0,-106.005003,0,0,0,0,3,1,1,5,10,0,0,0,3,1,1,5,1000,0,0,0,0,0,0,0,0,0,0,0,0,0,0,0,0,0,0,0,0,0,0,0,0,0,0,0,0,0,0,0,0,0,0,0,0,0,0,0,0,0,0,0,0,0,0,0,0,0,0,0
1986,26,4,34,30.064,2,7,0,-1,1,0,1,1,25,0,0,0,1028,0,0,0,0,0,1,1,0,0,0,-106.0924372,0,0,0,0,3,1,1,5,10,0,0,0,3,1,1,5,1000,0,0,0,0,0,0,0,0,0,0,0,0,0,0,0,0,0,0,0,0,0,0,0,0,0,0,0,0,0,0,0,0,0,0,0,0,0,0,0,0,0,0,0,0,0,0,0,0,0,0,0
1986,26,4,36,6.064,2,7,0,-1,1,0,1,1,25,0,0,0,1028,0,0,0,0,0,1,1,0,0,0,-106.1798707,0,0,0,0,3,1,1,5,10,0,0,0,3,1,1,5,1000,0,0,0,0,0,0,0,0,0,0,0,0,0,0,0,0,0,0,0,0,0,0,0,0,0,0,0,0,0,0,0,0,0,0,0,0,0,0,0,0,0,0,0,0,0,0,0,0,0,0,0
1986,26,4,37,42.063,2,7,0,-1,1,0,1,1,25,0,0,0,1028,0,0,0,0,0,1,1,0,0,0,-106.2673031,0,0,0,0,3,1,1,5,10,0,0,0,3,1,1,5,1000,0,0,0,0,0,0,0,0,0,0,0,0,0,0,0,0,0,0,0,0,0,0,0,0,0,0,0,0,0,0,0,0,0,0,0,0,0,0,0,0,0,0,0,0,0,0,0,0,0,0,0
1986,26,4,39,18.063,2,7,0,-1,1,0,1,1,25,0,0,0,1028,0,0,0,0,0,1,1,0,0,0,-106.3547347,0,0,0,0,3,1,1,5,10,0,0,0,3,1,1,5,1000,0,0,0,0,0,0,0,0,0,0,0,0,0,0,0,0,0,0,0,0,0,0,0,0,0,0,0,0,0,0,0,0,0,0,0,0,0,0,0,0,0,0,0,0,0,0,0,0,0,0,0
1986,26,4,43,18.063,2,7,0,-1,1,0,1,1,25,0,0,0,1028,0,0,0,0,0,1,1,0,0,0,-106.573312,0,0,0,0,3,1,1,5,10,0,0,0,3,1,1,5,1000,0,0,0,0,0,0,0,0,0,0,0,0,0,0,0,0,0,0,0,0,0,0,0,0,0,0,0,0,0,0,0,0,0,0,0,0,0,0,0,0,0,0,0,0,0,0,0,0,0,0,0
1986,26,4,44,54.063,2,7,0,-1,1,0,1,1,25,0,0,0,1028,0,0,0,0,0,1,1,0,0,0,-106.6607418,0,0,0,0,3,1,1,5,10,0,0,0,3,1,1,5,1000,0,0,0,0,0,0,0,0,0,0,0,0,0,0,0,0,0,0,0,0,0,0,0,0,0,0,0,0,0,0,0,0,0,0,0,0,0,0,0,0,0,0,0,0,0,0,0,0,0,0,0
1986,26,4,46,30.063,2,7,0,-1,1,0,1,1,25,0,0,0,1028,0,0,0,0,0,1,1,0,0,0,-106.7481708,0,0,0,0,3,1,1,5,10,0,0,0,3,1,1,5,1000,0,0,0,0,0,0,0,0,0,0,0,0,0,0,0,0,0,0,0,0,0,0,0,0,0,0,0,0,0,0,0,0,0,0,0,0,0,0,0,0,0,0,0,0,0,0,0,0,0,0,0
1986,26,4,48,6.063,2,7,0,-1,1,0,1,1,25,0,0,0,1028,0,0,0,0,0,1,1,0,0,0,-106.8355991,0,0,0,0,3,1,1,5,10,0,0,0,3,1,1,5,1000,0,0,0,0,0,0,0,0,0,0,0,0,0,0,0,0,0,0,0,0,0,0,0,0,0,0,0,0,0,0,0,0,0,0,0,0,0,0,0,0,0,0,0,0,0,0,0,0,0,0,0
1986,26,4,49,42.063,2,7,0,-1,1,0,1,1,25,0,0,0,1028,0,0,0,0,0,1,1,0,0,0,-106.9230267,0,0,0,0,3,1,1,5,10,0,0,0,3,1,1,5,1000,0,0,0,0,0,0,0,0,0,0,0,0,0,0,0,0,0,0,0,0,0,0,0,0,0,0,0,0,0,0,0,0,0,0,0,0,0,0,0,0,0,0,0,0,0,0,0,0,0,0,0
1986,26,4,51,18.063,2,7,0,-1,1,0,1,1,25,0,0,0,1028,0,0,0,0,0,1,1,0,0,0,-107.0104537,0,0,0,0,3,1,1,5,10,0,0,0,3,1,1,5,1000,0,0,0,0,0,0,0,0,0,0,0,0,0,0,0,0,0,0,0,0,0,0,0,0,0,0,0,0,0,0,0,0,0,0,0,0,0,0,0,0,0,0,0,0,0,0,0,0,0,0,0
1986,26,4,55,18.062,2,7,0,-1,1,0,1,1,25,0,0,0,1028,0,0,0,0,0,1,1,0,0,0,-107.2290172,0,0,0,0,3,1,1,5,10,0,0,0,3,1,1,5,1000,0,0,0,0,0,0,0,0,0,0,0,0,0,0,0,0,0,0,0,0,0,0,0,0,0,0,0,0,0,0,0,0,0,0,0,0,0,0,0,0,0,0,0,0,0,0,0,0,0,0,0
1986,26,4,56,54.062,2,7,0,-1,1,0,1,1,25,0,0,0,1028,0,0,0,0,0,1,1,0,0,0,-107.3164417,0,0,0,0,3,1,1,5,10,0,0,0,3,1,1,5,1000,0,0,0,0,0,0,0,0,0,0,0,0,0,0,0,0,0,0,0,0,0,0,0,0,0,0,0,0,0,0,0,0,0,0,0,0,0,0,0,0,0,0,0,0,0,0,0,0,0,0,0
1986,26,4,58,30.062,2,7,0,-1,1,0,1,1,25,0,0,0,1028,0,0,0,0,0,1,1,0,0,0,-107.4038656,0,0,0,0,3,1,1,5,10,0,0,0,3,1,1,5,1000,0,0,0,0,0,0,0,0,0,0,0,0,0,0,0,0,0,0,0,0,0,0,0,0,0,0,0,0,0,0,0,0,0,0,0,0,0,0,0,0,0,0,0,0,0,0,0,0,0,0,0
1986,26,5,0,6.062,2,7,0,-1,1,0,1,1,25,0,0,0,1028,0,0,0,0,0,1,1,0,0,0,-107.4912888,0,0,0,0,3,1,1,5,10,0,0,0,3,1,1,5,1000,0,0,0,0,0,0,0,0,0,0,0,0,0,0,0,0,0,0,0,0,0,0,0,0,0,0,0,0,0,0,0,0,0,0,0,0,0,0,0,0,0,0,0,0,0,0,0,0,0,0,0
1986,26,5,1,42.062,2,7,0,-1,1,0,1,1,25,0,0,0,1028,0,0,0,0,0,1,1,0,0,0,-107.5787113,0,0,0,0,3,1,1,5,10,0,0,0,3,1,1,5,1000,0,0,0,0,0,0,0,0,0,0,0,0,0,0,0,0,0,0,0,0,0,0,0,0,0,0,0,0,0,0,0,0,0,0,0,0,0,0,0,0,0,0,0,0,0,0,0,0,0,0,0
1986,26,5,3,18.062,2,7,0,-1,1,0,1,1,25,0,0,0,1028,0,0,0,0,0,1,1,0,0,0,-107.6661331,0,0,0,0,3,1,1,5,10,0,0,0,3,1,1,5,1000,0,0,0,0,0,0,0,0,0,0,0,0,0,0,0,0,0,0,0,0,0,0,0,0,0,0,0,0,0,0,0,0,0,0,0,0,0,0,0,0,0,0,0,0,0,0,0,0,0,0,0
1986,26,5,7,18.061,2,7,0,-1,1,0,1,1,25,0,0,0,1028,0,0,0,0,0,1,1,0,0,0,-107.8846843,0,0,0,0,3,1,1,5,10,0,0,0,3,1,1,5,1000,0,0,0,0,0,0,0,0,0,0,0,0,0,0,0,0,0,0,0,0,0,0,0,0,0,0,0,0,0,0,0,0,0,0,0,0,0,0,0,0,0,0,0,0,0,0,0,0,0,0,0
1986,26,5,8,54.061,2,7,0,-1,1,0,1,1,25,0,0,0,1028,0,0,0,0,0,1,1,0,0,0,-107.9721032,0,0,0,0,3,1,1,5,10,0,0,0,3,1,1,5,1000,0,0,0,0,0,0,0,0,0,0,0,0,0,0,0,0,0,0,0,0,0,0,0,0,0,0,0,0,0,0,0,0,0,0,0,0,0,0,0,0,0,0,0,0,0,0,0,0,0,0,0
1986,26,5,10,30.061,2,7,0,-1,1,0,1,1,25,0,0,0,1028,0,0,0,0,0,1,1,0,0,0,-108.059522,0,0,0,0,3,1,1,5,10,0,0,0,3,1,1,5,1000,0,0,0,0,0,0,0,0,0,0,0,0,0,0,0,0,0,0,0,0,0,0,0,0,0,0,0,0,0,0,0,0,0,0,0,0,0,0,0,0,0,0,0,0,0,0,0,0,0,0,0
1986,26,5,12,6.061,2,7,0,-1,1,0,1,1,25,0,0,0,1028,0,0,0,0,0,1,1,0,0,0,-108.1469401,0,0,0,0,3,1,1,5,10,0,0,0,3,1,1,5,1000,0,0,0,0,0,0,0,0,0,0,0,0,0,0,0,0,0,0,0,0,0,0,0,0,0,0,0,0,0,0,0,0,0,0,0,0,0,0,0,0,0,0,0,0,0,0,0,0,0,0,0
1986,26,5,13,42.061,2,7,0,-1,1,0,1,1,25,0,0,0,1028,0,0,0,0,0,1,1,0,0,0,-108.2343575,0,0,0,0,3,1,1,5,10,0,0,0,3,1,1,5,1000,0,0,0,0,0,0,0,0,0,0,0,0,0,0,0,0,0,0,0,0,0,0,0,0,0,0,0,0,0,0,0,0,0,0,0,0,0,0,0,0,0,0,0,0,0,0,0,0,0,0,0
1986,26,5,15,18.061,2,7,0,-1,1,0,1,1,25,0,0,0,1028,0,0,0,0,0,1,1,0,0,0,-108.3217743,0,0,0,0,3,1,1,5,10,0,0,0,3,1,1,5,1000,0,0,0,0,0,0,0,0,0,0,0,0,0,0,0,0,0,0,0,0,0,0,0,0,0,0,0,0,0,0,0,0,0,0,0,0,0,0,0,0,0,0,0,0,0,0,0,0,0,0,0
1986,26,5,19,18.061,2,7,0,-1,1,0,1,1,25,0,0,0,1028,0,0,0,0,0,1,1,0,0,0,-108.5403132,0,0,0,0,3,1,1,5,10,0,0,0,3,1,1,5,1000,0,0,0,0,0,0,0,0,0,0,0,0,0,0,0,0,0,0,0,0,0,0,0,0,0,0,0,0,0,0,0,0,0,0,0,0,0,0,0,0,0,0,0,0,0,0,0,0,0,0,0
1986,26,5,20,54.061,2,7,0,-1,1,0,1,1,25,0,0,0,1028,0,0,0,0,0,1,1,0,0,0,-108.6277276,0,0,0,0,3,1,1,5,10,0,0,0,3,1,1,5,1000,0,0,0,0,0,0,0,0,0,0,0,0,0,0,0,0,0,0,0,0,0,0,0,0,0,0,0,0,0,0,0,0,0,0,0,0,0,0,0,0,0,0,0,0,0,0,0,0,0,0,0
1986,26,5,22,30.06,2,7,0,-1,1,0,1,1,25,0,0,0,1028,0,0,0,0,0,1,1,0,0,0,-108.7151408,0,0,0,0,3,1,1,5,10,0,0,0,3,1,1,5,1000,0,0,0,0,0,0,0,0,0,0,0,0,0,0,0,0,0,0,0,0,0,0,0,0,0,0,0,0,0,0,0,0,0,0,0,0,0,0,0,0,0,0,0,0,0,0,0,0,0,0,0
1986,26,5,24,6.06,2,7,0,-1,1,0,1,1,25,0,0,0,1028,0,0,0,0,0,1,1,0,0,0,-108.8025534,0,0,0,0,3,1,1,5,10,0,0,0,3,1,1,5,1000,0,0,0,0,0,0,0,0,0,0,0,0,0,0,0,0,0,0,0,0,0,0,0,0,0,0,0,0,0,0,0,0,0,0,0,0,0,0,0,0,0,0,0,0,0,0,0,0,0,0,0
1986,26,5,25,42.06,2,7,0,-1,1,0,1,1,25,0,0,0,1028,0,0,0,0,0,1,1,0,0,0,-108.8899658,0,0,0,0,3,1,1,5,10,0,0,0,3,1,1,5,1000,0,0,0,0,0,0,0,0,0,0,0,0,0,0,0,0,0,0,0,0,0,0,0,0,0,0,0,0,0,0,0,0,0,0,0,0,0,0,0,0,0,0,0,0,0,0,0,0,0,0,0
1986,26,5,27,18.06,2,7,0,-1,1,0,1,1,25,0,0,0,1028,0,0,0,0,0,1,1,0,0,0,-108.9773775,0,0,0,0,3,1,1,5,10,0,0,0,3,1,1,5,1000,0,0,0,0,0,0,0,0,0,0,0,0,0,0,0,0,0,0,0,0,0,0,0,0,0,0,0,0,0,0,0,0,0,0,0,0,0,0,0,0,0,0,0,0,0,0,0,0,0,0,0
1986,26,5,31,18.06,2,7,0,-1,1,0,1,1,25,0,0,0,1028,0,0,0,0,0,1,1,0,0,0,-109.1959038,0,0,0,0,3,1,1,5,10,0,0,0,3,1,1,5,1000,0,0,0,0,0,0,0,0,0,0,0,0,0,0,0,0,0,0,0,0,0,0,0,0,0,0,0,0,0,0,0,0,0,0,0,0,0,0,0,0,0,0,0,0,0,0,0,0,0,0,0
1986,26,5,32,54.06,2,7,0,-1,1,0,1,1,25,0,0,0,1028,0,0,0,0,0,1,1,0,0,0,-109.2833132,0,0,0,0,3,1,1,5,10,0,0,0,3,1,1,5,1000,0,0,0,0,0,0,0,0,0,0,0,0,0,0,0,0,0,0,0,0,0,0,0,0,0,0,0,0,0,0,0,0,0,0,0,0,0,0,0,0,0,0,0,0,0,0,0,0,0,0,0
1986,26,5,34,30.06,2,7,0,-1,1,0,1,1,25,0,0,0,1028,0,0,0,0,0,1,1,0,0,0,-109.3707219,0,0,0,0,3,1,1,5,10,0,0,0,3,1,1,5,1000,0,0,0,0,0,0,0,0,0,0,0,0,0,0,0,0,0,0,0,0,0,0,0,0,0,0,0,0,0,0,0,0,0,0,0,0,0,0,0,0,0,0,0,0,0,0,0,0,0,0,0
1986,26,5,36,6.06,2,7,0,-1,1,0,1,1,25,0,0,0,1028,0,0,0,0,0,1,1,0,0,0,-109.45813,0,0,0,0,3,1,1,5,10,0,0,0,3,1,1,5,1000,0,0,0,0,0,0,0,0,0,0,0,0,0,0,0,0,0,0,0,0,0,0,0,0,0,0,0,0,0,0,0,0,0,0,0,0,0,0,0,0,0,0,0,0,0,0,0,0,0,0,0
1986,26,5,37,42.059,2,7,0,-1,1,0,1,1,25,0,0,0,1028,0,0,0,0,0,1,1,0,0,0,-109.5455369,0,0,0,0,3,1,1,5,10,0,0,0,3,1,1,5,1000,0,0,0,0,0,0,0,0,0,0,0,0,0,0,0,0,0,0,0,0,0,0,0,0,0,0,0,0,0,0,0,0,0,0,0,0,0,0,0,0,0,0,0,0,0,0,0,0,0,0,0
1986,26,5,39,18.059,2,7,0,-1,1,0,1,1,25,0,0,0,1028,0,0,0,0,0,1,1,0,0,0,-109.6329431,0,0,0,0,3,1,1,5,10,0,0,0,3,1,1,5,1000,0,0,0,0,0,0,0,0,0,0,0,0,0,0,0,0,0,0,0,0,0,0,0,0,0,0,0,0,0,0,0,0,0,0,0,0,0,0,0,0,0,0,0,0,0,0,0,0,0,0,0
1986,26,5,43,18.059,2,7,0,-1,1,0,1,1,25,0,0,0,1028,0,0,0,0,0,1,1,0,0,0,-109.851457,0,0,0,0,3,1,1,5,10,0,0,0,3,1,1,5,1000,0,0,0,0,0,0,0,0,0,0,0,0,0,0,0,0,0,0,0,0,0,0,0,0,0,0,0,0,0,0,0,0,0,0,0,0,0,0,0,0,0,0,0,0,0,0,0,0,0,0,0
1986,26,5,44,54.059,2,7,0,-1,1,0,1,1,25,0,0,0,1028,0,0,0,0,0,1,1,0,0,0,-109.9388614,0,0,0,0,3,1,1,5,10,0,0,0,3,1,1,5,1000,0,0,0,0,0,0,0,0,0,0,0,0,0,0,0,0,0,0,0,0,0,0,0,0,0,0,0,0,0,0,0,0,0,0,0,0,0,0,0,0,0,0,0,0,0,0,0,0,0,0,0
1986,26,5,46,30.059,2,7,0,-1,1,0,1,1,25,0,0,0,1028,0,0,0,0,0,1,1,0,0,0,-110.0262652,0,0,0,0,3,1,1,5,10,0,0,0,3,1,1,5,1000,0,0,0,0,0,0,0,0,0,0,0,0,0,0,0,0,0,0,0,0,0,0,0,0,0,0,0,0,0,0,0,0,0,0,0,0,0,0,0,0,0,0,0,0,0,0,0,0,0,0,0
1986,26,5,48,6.059,2,7,0,-1,1,0,1,1,25,0,0,0,1028,0,0,0,0,0,1,1,0,0,0,-110.1136683,0,0,0,0,3,1,1,5,10,0,0,0,3,1,1,5,1000,0,0,0,0,0,0,0,0,0,0,0,0,0,0,0,0,0,0,0,0,0,0,0,0,0,0,0,0,0,0,0,0,0,0,0,0,0,0,0,0,0,0,0,0,0,0,0,0,0,0,0
1986,26,5,49,42.059,2,7,0,-1,1,0,1,1,25,0,0,0,1028,0,0,0,0,0,1,1,0,0,0,-110.2010707,0,0,0,0,3,1,1,5,10,0,0,0,3,1,1,5,1000,0,0,0,0,0,0,0,0,0,0,0,0,0,0,0,0,0,0,0,0,0,0,0,0,0,0,0,0,0,0,0,0,0,0,0,0,0,0,0,0,0,0,0,0,0,0,0,0,0,0,0
1986,26,5,51,18.059,2,7,0,-1,1,0,1,1,25,0,0,0,1028,0,0,0,0,0,1,1,0,0,0,-110.2884725,0,0,0,0,3,1,1,5,10,0,0,0,3,1,1,5,1000,0,0,0,0,0,0,0,0,0,0,0,0,0,0,0,0,0,0,0,0,0,0,0,0,0,0,0,0,0,0,0,0,0,0,0,0,0,0,0,0,0,0,0,0,0,0,0,0,0,0,0
1986,26,5,55,18.058,2,7,0,-1,1,0,1,1,25,0,0,0,1028,0,0,0,0,0,1,1,0,0,0,-110.5069731,0,0,0,0,3,1,1,5,10,0,0,0,3,1,1,5,1000,0,0,0,0,0,0,0,0,0,0,0,0,0,0,0,0,0,0,0,0,0,0,0,0,0,0,0,0,0,0,0,0,0,0,0,0,0,0,0,0,0,0,0,0,0,0,0,0,0,0,0
1986,26,5,56,54.058,2,7,0,-1,1,0,1,1,25,0,0,0,1028,0,0,0,0,0,1,1,0,0,0,-110.5943726,0,0,0,0,3,1,1,5,10,0,0,0,3,1,1,5,1000,0,0,0,0,0,0,0,0,0,0,0,0,0,0,0,0,0,0,0,0,0,0,0,0,0,0,0,0,0,0,0,0,0,0,0,0,0,0,0,0,0,0,0,0,0,0,0,0,0,0,0
1986,26,5,58,30.058,2,7,0,-1,1,0,1,1,25,0,0,0,1028,0,0,0,0,0,1,1,0,0,0,-110.6817714,0,0,0,0,3,1,1,5,10,0,0,0,3,1,1,5,1000,0,0,0,0,0,0,0,0,0,0,0,0,0,0,0,0,0,0,0,0,0,0,0,0,0,0,0,0,0,0,0,0,0,0,0,0,0,0,0,0,0,0,0,0,0,0,0,0,0,0,0
1986,26,6,0,6.058,2,7,0,-1,1,0,1,1,25,0,0,0,1028,0,0,0,0,0,1,1,0,0,0,-110.7691696,0,0,0,0,3,1,1,5,10,0,0,0,3,1,1,5,1000,0,0,0,0,0,0,0,0,0,0,0,0,0,0,0,0,0,0,0,0,0,0,0,0,0,0,0,0,0,0,0,0,0,0,0,0,0,0,0,0,0,0,0,0,0,0,0,0,0,0,0
1986,26,6,1,42.058,2,7,0,-1,1,0,1,1,25,0,0,0,1028,0,0,0,0,0,1,1,0,0,0,-110.8565671,0,0,0,0,3,1,1,5,10,0,0,0,3,1,1,5,1000,0,0,0,0,0,0,0,0,0,0,0,0,0,0,0,0,0,0,0,0,0,0,0,0,0,0,0,0,0,0,0,0,0,0,0,0,0,0,0,0,0,0,0,0,0,0,0,0,0,0,0
1986,26,6,3,18.058,2,7,0,-1,1,0,1,1,25,0,0,0,1028,0,0,0,0,0,1,1,0,0,0,-110.943964,0,0,0,0,3,1,1,5,10,0,0,0,3,1,1,5,1000,0,0,0,0,0,0,0,0,0,0,0,0,0,0,0,0,0,0,0,0,0,0,0,0,0,0,0,0,0,0,0,0,0,0,0,0,0,0,0,0,0,0,0,0,0,0,0,0,0,0,0
1986,26,6,7,18.058,2,7,0,-1,1,0,1,1,25,0,0,0,1028,0,0,0,0,0,1,1,0,0,0,-111.1624534,0,0,0,0,3,1,1,5,10,0,0,0,3,1,1,5,1000,0,0,0,0,0,0,0,0,0,0,0,0,0,0,0,0,0,0,0,0,0,0,0,0,0,0,0,0,0,0,0,0,0,0,0,0,0,0,0,0,0,0,0,0,0,0,0,0,0,0,0
1986,26,6,8,54.057,2,7,0,-1,1,0,1,1,25,0,0,0,1028,0,0,0,0,0,1,1,0,0,0,-111.2498471,0,0,0,0,3,1,1,5,10,0,0,0,3,1,1,5,1000,0,0,0,0,0,0,0,0,0,0,0,0,0,0,0,0,0,0,0,0,0,0,0,0,0,0,0,0,0,0,0,0,0,0,0,0,0,0,0,0,0,0,0,0,0,0,0,0,0,0,0
1986,26,6,10,30.057,2,7,0,-1,1,0,1,1,25,0,0,0,1028,0,0,0,0,0,1,1,0,0,0,-111.337241,0,0,0,0,3,1,1,5,10,0,0,0,3,1,1,5,1000,0,0,0,0,0,0,0,0,0,0,0,0,0,0,0,0,0,0,0,0,0,0,0,0,0,0,0,0,0,0,0,0,0,0,0,0,0,0,0,0,0,0,0,0,0,0,0,0,0,0,0
1986,26,6,12,6.057,2,7,0,-1,1,0,1,1,25,0,0,0,1028,0,0,0,0,0,1,1,0,0,0,-111.4246343,0,0,0,0,3,1,1,5,10,0,0,0,3,1,1,5,1000,0,0,0,0,0,0,0,0,0,0,0,0,0,0,0,0,0,0,0,0,0,0,0,0,0,0,0,0,0,0,0,0,0,0,0,0,0,0,0,0,0,0,0,0,0,0,0,0,0,0,0
1986,26,6,13,42.057,2,7,0,-1,1,0,1,1,25,0,0,0,1028,0,0,0,0,0,1,1,0,0,0,-111.512027,0,0,0,0,3,1,1,5,10,0,0,0,3,1,1,5,1000,0,0,0,0,0,0,0,0,0,0,0,0,0,0,0,0,0,0,0,0,0,0,0,0,0,0,0,0,0,0,0,0,0,0,0,0,0,0,0,0,0,0,0,0,0,0,0,0,0,0,0
1986,26,6,15,18.057,2,7,0,-1,1,0,1,1,25,0,0,0,1028,0,0,0,0,0,1,1,0,0,0,-111.599419,0,0,0,0,3,1,1,5,10,0,0,0,3,1,1,5,1000,0,0,0,0,0,0,0,0,0,0,0,0,0,0,0,0,0,0,0,0,0,0,0,0,0,0,0,0,0,0,0,0,0,0,0,0,0,0,0,0,0,0,0,0,0,0,0,0,0,0,0
1986,26,6,19,18.057,2,7,0,-1,1,0,1,1,25,0,0,0,1028,0,0,0,0,0,1,1,0,0,0,-111.8178962,0,0,0,0,3,1,1,5,10,0,0,0,3,1,1,5,1000,0,0,0,0,0,0,0,0,0,0,0,0,0,0,0,0,0,0,0,0,0,0,0,0,0,0,0,0,0,0,0,0,0,0,0,0,0,0,0,0,0,0,0,0,0,0,0,0,0,0,0
1986,26,6,20,54.057,2,7,0,-1,1,0,1,1,25,0,0,0,1028,0,0,0,0,0,1,1,0,0,0,-111.905286,0,0,0,0,3,1,1,5,10,0,0,0,3,1,1,5,1000,0,0,0,0,0,0,0,0,0,0,0,0,0,0,0,0,0,0,0,0,0,0,0,0,0,0,0,0,0,0,0,0,0,0,0,0,0,0,0,0,0,0,0,0,0,0,0,0,0,0,0
1986,26,6,22,30.057,2,7,0,-1,1,0,1,1,25,0,0,0,1028,0,0,0,0,0,1,1,0,0,0,-111.9926751,0,0,0,0,3,1,1,5,10,0,0,0,3,1,1,5,1000,0,0,0,0,0,0,0,0,0,0,0,0,0,0,0,0,0,0,0,0,0,0,0,0,0,0,0,0,0,0,0,0,0,0,0,0,0,0,0,0,0,0,0,0,0,0,0,0,0,0,0
1986,26,6,24,6.056,2,7,0,-1,1,0,1,1,25,0,0,0,1028,0,0,0,0,0,1,1,0,0,0,-112.0800627,0,0,0,0,3,1,1,5,10,0,0,0,3,1,1,5,1000,0,0,0,0,0,0,0,0,0,0,0,0,0,0,0,0,0,0,0,0,0,0,0,0,0,0,0,0,0,0,0,0,0,0,0,0,0,0,0,0,0,0,0,0,0,0,0,0,0,0,0
1986,26,6,25,42.056,2,7,0,-1,1,0,1,1,25,0,0,0,1028,0,0,0,0,0,1,1,0,0,0,-112.1674506,0,0,0,0,3,1,1,5,10,0,0,0,3,1,1,5,1000,0,0,0,0,0,0,0,0,0,0,0,0,0,0,0,0,0,0,0,0,0,0,0,0,0,0,0,0,0,0,0,0,0,0,0,0,0,0,0,0,0,0,0,0,0,0,0,0,0,0,0
1986,26,6,27,18.056,2,7,0,-1,1,0,1,1,25,0,0,0,1028,0,0,0,0,0,1,1,0,0,0,-112.2548378,0,0,0,0,3,1,1,5,10,0,0,0,3,1,1,5,1000,0,0,0,0,0,0,0,0,0,0,0,0,0,0,0,0,0,0,0,0,0,0,0,0,0,0,0,0,0,0,0,0,0,0,0,0,0,0,0,0,0,0,0,0,0,0,0,0,0,0,0
1986,26,6,31,18.056,2,7,0,-1,1,0,1,1,25,0,0,0,1028,0,0,0,0,0,1,1,0,0,0,-112.473303,0,0,0,0,3,1,1,5,10,0,0,0,3,1,1,5,1000,0,0,0,0,0,0,0,0,0,0,0,0,0,0,0,0,0,0,0,0,0,0,0,0,0,0,0,0,0,0,0,0,0,0,0,0,0,0,0,0,0,0,0,0,0,0,0,0,0,0,0
1986,26,6,32,54.056,2,7,0,-1,1,0,1,1,25,0,0,0,1028,0,0,0,0,0,1,1,0,0,0,-112.560688,0,0,0,0,3,1,1,5,10,0,0,0,3,1,1,5,1000,0,0,0,0,0,0,0,0,0,0,0,0,0,0,0,0,0,0,0,0,0,0,0,0,0,0,0,0,0,0,0,0,0,0,0,0,0,0,0,0,0,0,0,0,0,0,0,0,0,0,0
1986,26,6,34,30.056,2,7,0,-1,1,0,1,1,25,0,0,0,1028,0,0,0,0,0,1,1,0,0,0,-112.6480723,0,0,0,0,3,1,1,5,10,0,0,0,3,1,1,5,1000,0,0,0,0,0,0,0,0,0,0,0,0,0,0,0,0,0,0,0,0,0,0,0,0,0,0,0,0,0,0,0,0,0,0,0,0,0,0,0,0,0,0,0,0,0,0,0,0,0,0,0
1986,26,6,36,6.056,2,7,0,-1,1,0,1,1,25,0,0,0,1028,0,0,0,0,0,1,1,0,0,0,-112.7354561,0,0,0,0,3,1,1,5,10,0,0,0,3,1,1,5,1000,0,0,0,0,0,0,0,0,0,0,0,0,0,0,0,0,0,0,0,0,0,0,0,0,0,0,0,0,0,0,0,0,0,0,0,0,0,0,0,0,0,0,0,0,0,0,0,0,0,0,0
1986,26,6,37,42.056,2,7,0,-1,1,0,1,1,25,0,0,0,1028,0,0,0,0,0,1,1,0,0,0,-112.8228391,0,0,0,0,3,1,1,5,10,0,0,0,3,1,1,5,1000,0,0,0,0,0,0,0,0,0,0,0,0,0,0,0,0,0,0,0,0,0,0,0,0,0,0,0,0,0,0,0,0,0,0,0,0,0,0,0,0,0,0,0,0,0,0,0,0,0,0,0
1986,26,6,39,18.055,2,7,0,-1,1,0,1,1,25,0,0,0,1028,0,0,0,0,0,1,1,0,0,0,-112.9102207,0,0,0,0,3,1,1,5,10,0,0,0,3,1,1,5,1000,0,0,0,0,0,0,0,0,0,0,0,0,0,0,0,0,0,0,0,0,0,0,0,0,0,0,0,0,0,0,0,0,0,0,0,0,0,0,0,0,0,0,0,0,0,0,0,0,0,0,0
1986,26,6,43,18.055,2,7,0,-1,1,0,1,1,25,0,0,0,1028,0,0,0,0,0,1,1,0,0,0,-113.128674,0,0,0,0,3,1,1,5,10,0,0,0,3,1,1,5,1000,0,0,0,0,0,0,0,0,0,0,0,0,0,0,0,0,0,0,0,0,0,0,0,0,0,0,0,0,0,0,0,0,0,0,0,0,0,0,0,0,0,0,0,0,0,0,0,0,0,0,0
1986,26,6,44,54.055,2,7,0,-1,1,0,1,1,25,0,0,0,1028,0,0,0,0,0,1,1,0,0,0,-113.2160542,0,0,0,0,3,1,1,5,10,0,0,0,3,1,1,5,1000,0,0,0,0,0,0,0,0,0,0,0,0,0,0,0,0,0,0,0,0,0,0,0,0,0,0,0,0,0,0,0,0,0,0,0,0,0,0,0,0,0,0,0,0,0,0,0,0,0,0,0
1986,26,6,46,30.055,2,7,0,-1,1,0,1,1,25,0,0,0,1028,0,0,0,0,0,1,1,0,0,0,-113.3034338,0,0,0,0,3,1,1,5,10,0,0,0,3,1,1,5,1000,0,0,0,0,0,0,0,0,0,0,0,0,0,0,0,0,0,0,0,0,0,0,0,0,0,0,0,0,0,0,0,0,0,0,0,0,0,0,0,0,0,0,0,0,0,0,0,0,0,0,0
1986,26,6,48,6.055,2,7,0,-1,1,0,1,1,25,0,0,0,1028,0,0,0,0,0,1,1,0,0,0,-113.3908128,0,0,0,0,3,1,1,5,10,0,0,0,3,1,1,5,1000,0,0,0,0,0,0,0,0,0,0,0,0,0,0,0,0,0,0,0,0,0,0,0,0,0,0,0,0,0,0,0,0,0,0,0,0,0,0,0,0,0,0,0,0,0,0,0,0,0,0,0
1986,26,6,49,42.055,2,7,0,-1,1,0,1,1,25,0,0,0,1028,0,0,0,0,0,1,1,0,0,0,-113.4781912,0,0,0,0,3,1,1,5,10,0,0,0,3,1,1,5,1000,0,0,0,0,0,0,0,0,0,0,0,0,0,0,0,0,0,0,0,0,0,0,0,0,0,0,0,0,0,0,0,0,0,0,0,0,0,0,0,0,0,0,0,0,0,0,0,0,0,0,0
1986,26,6,51,18.055,2,7,0,-1,1,0,1,1,25,0,0,0,1028,0,0,0,0,0,1,1,0,0,0,-113.5655689,0,0,0,0,3,1,1,5,10,0,0,0,3,1,1,5,1000,0,0,0,0,0,0,0,0,0,0,0,0,0,0,0,0,0,0,0,0,0,0,0,0,0,0,0,0,0,0,0,0,0,0,0,0,0,0,0,0,0,0,0,0,0,0,0,0,0,0,0
1986,26,6,56,54.054,2,7,0,-1,1,0,1,1,25,0,0,0,1028,0,0,0,0,0,1,1,0,0,0,-113.8713851,0,0,0,0,3,1,1,5,10,0,0,0,3,1,1,5,1000,0,0,0,0,0,0,0,0,0,0,0,0,0,0,0,0,0,0,0,0,0,0,0,0,0,0,0,0,0,0,0,0,0,0,0,0,0,0,0,0,0,0,0,0,0,0,0,0,0,0,0
1986,26,6,58,30.054,2,7,0,-1,1,0,1,1,25,0,0,0,1028,0,0,0,0,0,1,1,0,0,0,-113.95876,0,0,0,0,3,1,1,5,10,0,0,0,3,1,1,5,1000,0,0,0,0,0,0,0,0,0,0,0,0,0,0,0,0,0,0,0,0,0,0,0,0,0,0,0,0,0,0,0,0,0,0,0,0,0,0,0,0,0,0,0,0,0,0,0,0,0,0,0
