YEAR,DOY,HOUR,MINUTE,SECOND,SPACECRAFT,PLANET_NUMBER,RESPONSE,L_OR_M_MODE,SHORT_OR_LONG,THRESHOLD_CURRENT,SAVE_PLOT,FIT,ITERATIONS,CHANNELS_CUPA,CHANNELS_CUPB,CHANNELS_CUPC,CHANNELS_CUPD,TOTAL_NUMBER_OF_FITTED_CHANNELS,CHI_SQUARE,VARY_V1,VARY_V2,VARY_V3,VARY_DENSITY,VARY_TEMPERATURE,VARY_KAPPA,ANALYTICAL_VPHI,V1,V2,V3,COMMON_TEMPERATURE,COMMON_KAPPA,DELAMERE_COMPOSITION,SPECIES_1,SPECIES_1_A,SPECIES_1_Z,SPECIES_1_N,SPECIES_1_T,SPECIES_1_KAPPA,SPECIES_1_N_UNCERT,SPECIES_1_T_UNCERT,SPECIES_2,SPECIES_2_A,SPECIES_2_Z,SPECIES_2_N,SPECIES_2_T,SPECIES_2_KAPPA,SPECIES_2_N_UNCERT,SPECIES_2_T_UNCERT,SPECIES_3,SPECIES_3_A,SPECIES_3_Z,SPECIES_3_N,SPECIES_3_T,SPECIES_3_KAPPA,SPECIES_3_N_UNCERT,SPECIES_3_T_UNCERT,SPECIES_4,SPECIES_4_A,SPECIES_4_Z,SPECIES_4_N,SPECIES_4_T,SPECIES_4_KAPPA,SPECIES_4_N_UNCERT,SPECIES_4_T_UNCERT,SPECIES_5,SPECIES_5_A,SPECIES_5_Z,SPECIES_5_N,SPECIES_5_T,SPECIES_5_KAPPA,SPECIES_5_N_UNCERT,SPECIES_5_T_UNCERT,SPECIES_6,SPECIES_6_A,SPECIES_6_Z,SPECIES_6_N,SPECIES_6_T,SPECIES_6_KAPPA,SPECIES_6_N_UNCERT,SPECIES_6_T_UNCERT,SPECIES_7,SPECIES_7_A,SPECIES_7_Z,SPECIES_7_N,SPECIES_7_T,SPECIES_7_KAPPA,SPECIES_7_N_UNCERT,SPECIES_7_T_UNCERT,SPECIES_8,SPECIES_8_A,SPECIES_8_Z,SPECIES_8_N,SPECIES_8_T,SPECIES_8_KAPPA,SPECIES_8_N_UNCERT,SPECIES_8_T_UNCERT
1986,23,14,30,55.39,2,7,0,-1,0,0,1,1,25,0,0,0,1028,0,0,0,0,0,1,1,0,0,0,-54.79696009,0,0,0,0,3,1,1,5,10,0,0,0,3,1,1,5,1000,0,0,0,0,0,0,0,0,0,0,0,0,0,0,0,0,0,0,0,0,0,0,0,0,0,0,0,0,0,0,0,0,0,0,0,0,0,0,0,0,0,0,0,0,0,0,0,0,0,0,0
1986,23,14,32,31.39,2,7,0,-1,0,0,1,1,25,0,0,0,1028,0,0,0,0,0,1,1,0,0,0,-54.75470655,0,0,0,0,3,1,1,5,10,0,0,0,3,1,1,5,1000,0,0,0,0,0,0,0,0,0,0,0,0,0,0,0,0,0,0,0,0,0,0,0,0,0,0,0,0,0,0,0,0,0,0,0,0,0,0,0,0,0,0,0,0,0,0,0,0,0,0,0
1986,23,14,34,7.39,2,7,0,-1,0,0,1,1,25,0,0,0,1028,0,0,0,0,0,1,1,0,0,0,-54.71245311,0,0,0,0,3,1,1,5,10,0,0,0,3,1,1,5,1000,0,0,0,0,0,0,0,0,0,0,0,0,0,0,0,0,0,0,0,0,0,0,0,0,0,0,0,0,0,0,0,0,0,0,0,0,0,0,0,0,0,0,0,0,0,0,0,0,0,0,0
1986,23,14,35,43.39,2,7,0,-1,0,0,1,1,25,0,0,0,1028,0,0,0,0,0,1,1,0,0,0,-54.67019975,0,0,0,0,3,1,1,5,10,0,0,0,3,1,1,5,1000,0,0,0,0,0,0,0,0,0,0,0,0,0,0,0,0,0,0,0,0,0,0,0,0,0,0,0,0,0,0,0,0,0,0,0,0,0,0,0,0,0,0,0,0,0,0,0,0,0,0,0
1986,23,14,37,19.39,2,7,0,-1,0,0,1,1,25,0,0,0,1028,0,0,0,0,0,1,1,0,0,0,-54.62794648,0,0,0,0,3,1,1,5,10,0,0,0,3,1,1,5,1000,0,0,0,0,0,0,0,0,0,0,0,0,0,0,0,0,0,0,0,0,0,0,0,0,0,0,0,0,0,0,0,0,0,0,0,0,0,0,0,0,0,0,0,0,0,0,0,0,0,0,0
1986,23,14,38,55.39,2,7,0,-1,0,0,1,1,25,0,0,0,1028,0,0,0,0,0,1,1,0,0,0,-54.5856933,0,0,0,0,3,1,1,5,10,0,0,0,3,1,1,5,1000,0,0,0,0,0,0,0,0,0,0,0,0,0,0,0,0,0,0,0,0,0,0,0,0,0,0,0,0,0,0,0,0,0,0,0,0,0,0,0,0,0,0,0,0,0,0,0,0,0,0,0
1986,23,14,42,55.39,2,7,0,-1,0,0,1,1,25,0,0,0,1028,0,0,0,0,0,1,1,0,0,0,-54.48006074,0,0,0,0,3,1,1,5,10,0,0,0,3,1,1,5,1000,0,0,0,0,0,0,0,0,0,0,0,0,0,0,0,0,0,0,0,0,0,0,0,0,0,0,0,0,0,0,0,0,0,0,0,0,0,0,0,0,0,0,0,0,0,0,0,0,0,0,0
1986,23,14,44,31.389,2,7,0,-1,0,0,1,1,25,0,0,0,1028,0,0,0,0,0,1,1,0,0,0,-54.43780832,0,0,0,0,3,1,1,5,10,0,0,0,3,1,1,5,1000,0,0,0,0,0,0,0,0,0,0,0,0,0,0,0,0,0,0,0,0,0,0,0,0,0,0,0,0,0,0,0,0,0,0,0,0,0,0,0,0,0,0,0,0,0,0,0,0,0,0,0
1986,23,14,46,7.389,2,7,0,-1,0,0,1,1,25,0,0,0,1028,0,0,0,0,0,1,1,0,0,0,-54.39555554,0,0,0,0,3,1,1,5,10,0,0,0,3,1,1,5,1000,0,0,0,0,0,0,0,0,0,0,0,0,0,0,0,0,0,0,0,0,0,0,0,0,0,0,0,0,0,0,0,0,0,0,0,0,0,0,0,0,0,0,0,0,0,0,0,0,0,0,0
1986,23,14,47,43.389,2,7,0,-1,0,0,1,1,25,0,0,0,1028,0,0,0,0,0,1,1,0,0,0,-54.35330286,0,0,0,0,3,1,1,5,10,0,0,0,3,1,1,5,1000,0,0,0,0,0,0,0,0,0,0,0,0,0,0,0,0,0,0,0,0,0,0,0,0,0,0,0,0,0,0,0,0,0,0,0,0,0,0,0,0,0,0,0,0,0,0,0,0,0,0,0
1986,23,14,49,19.389,2,7,0,-1,0,0,1,1,25,0,0,0,1028,0,0,0,0,0,1,1,0,0,0,-54.31105027,0,0,0,0,3,1,1,5,10,0,0,0,3,1,1,5,1000,0,0,0,0,0,0,0,0,0,0,0,0,0,0,0,0,0,0,0,0,0,0,0,0,0,0,0,0,0,0,0,0,0,0,0,0,0,0,0,0,0,0,0,0,0,0,0,0,0,0,0
1986,23,14,50,55.389,2,7,0,-1,0,0,1,1,25,0,0,0,1028,0,0,0,0,0,1,1,0,0,0,-54.26879777,0,0,0,0,3,1,1,5,10,0,0,0,3,1,1,5,1000,0,0,0,0,0,0,0,0,0,0,0,0,0,0,0,0,0,0,0,0,0,0,0,0,0,0,0,0,0,0,0,0,0,0,0,0,0,0,0,0,0,0,0,0,0,0,0,0,0,0,0
1986,23,14,54,55.389,2,7,0,-1,0,0,1,1,25,0,0,0,1028,0,0,0,0,0,1,1,0,0,0,-54.16316693,0,0,0,0,3,1,1,5,10,0,0,0,3,1,1,5,1000,0,0,0,0,0,0,0,0,0,0,0,0,0,0,0,0,0,0,0,0,0,0,0,0,0,0,0,0,0,0,0,0,0,0,0,0,0,0,0,0,0,0,0,0,0,0,0,0,0,0,0
1986,23,14,56,31.389,2,7,0,-1,0,0,1,1,25,0,0,0,1028,0,0,0,0,0,1,1,0,0,0,-54.12091476,0,0,0,0,3,1,1,5,10,0,0,0,3,1,1,5,1000,0,0,0,0,0,0,0,0,0,0,0,0,0,0,0,0,0,0,0,0,0,0,0,0,0,0,0,0,0,0,0,0,0,0,0,0,0,0,0,0,0,0,0,0,0,0,0,0,0,0,0
1986,23,14,58,7.389,2,7,0,-1,0,0,1,1,25,0,0,0,1028,0,0,0,0,0,1,1,0,0,0,-54.07866268,0,0,0,0,3,1,1,5,10,0,0,0,3,1,1,5,1000,0,0,0,0,0,0,0,0,0,0,0,0,0,0,0,0,0,0,0,0,0,0,0,0,0,0,0,0,0,0,0,0,0,0,0,0,0,0,0,0,0,0,0,0,0,0,0,0,0,0,0
1986,23,14,59,43.388,2,7,0,-1,0,0,1,1,25,0,0,0,1028,0,0,0,0,0,1,1,0,0,0,-54.03641114,0,0,0,0,3,1,1,5,10,0,0,0,3,1,1,5,1000,0,0,0,0,0,0,0,0,0,0,0,0,0,0,0,0,0,0,0,0,0,0,0,0,0,0,0,0,0,0,0,0,0,0,0,0,0,0,0,0,0,0,0,0,0,0,0,0,0,0,0
1986,23,15,1,19.388,2,7,0,-1,0,0,1,1,25,0,0,0,1028,0,0,0,0,0,1,1,0,0,0,-53.99415925,0,0,0,0,3,1,1,5,10,0,0,0,3,1,1,5,1000,0,0,0,0,0,0,0,0,0,0,0,0,0,0,0,0,0,0,0,0,0,0,0,0,0,0,0,0,0,0,0,0,0,0,0,0,0,0,0,0,0,0,0,0,0,0,0,0,0,0,0
1986,23,15,2,55.388,2,7,0,-1,0,0,1,1,25,0,0,0,1028,0,0,0,0,0,1,1,0,0,0,-53.95190746,0,0,0,0,3,1,1,5,10,0,0,0,3,1,1,5,1000,0,0,0,0,0,0,0,0,0,0,0,0,0,0,0,0,0,0,0,0,0,0,0,0,0,0,0,0,0,0,0,0,0,0,0,0,0,0,0,0,0,0,0,0,0,0,0,0,0,0,0
1986,23,15,6,55.388,2,7,0,-1,0,0,1,1,25,0,0,0,1028,0,0,0,0,0,1,1,0,0,0,-53.8462784,0,0,0,0,3,1,1,5,10,0,0,0,3,1,1,5,1000,0,0,0,0,0,0,0,0,0,0,0,0,0,0,0,0,0,0,0,0,0,0,0,0,0,0,0,0,0,0,0,0,0,0,0,0,0,0,0,0,0,0,0,0,0,0,0,0,0,0,0
1986,23,15,8,31.388,2,7,0,-1,0,0,1,1,25,0,0,0,1028,0,0,0,0,0,1,1,0,0,0,-53.80402694,0,0,0,0,3,1,1,5,10,0,0,0,3,1,1,5,1000,0,0,0,0,0,0,0,0,0,0,0,0,0,0,0,0,0,0,0,0,0,0,0,0,0,0,0,0,0,0,0,0,0,0,0,0,0,0,0,0,0,0,0,0,0,0,0,0,0,0,0
1986,23,15,10,7.388,2,7,0,-1,0,0,1,1,25,0,0,0,1028,0,0,0,0,0,1,1,0,0,0,-53.76177559,0,0,0,0,3,1,1,5,10,0,0,0,3,1,1,5,1000,0,0,0,0,0,0,0,0,0,0,0,0,0,0,0,0,0,0,0,0,0,0,0,0,0,0,0,0,0,0,0,0,0,0,0,0,0,0,0,0,0,0,0,0,0,0,0,0,0,0,0
1986,23,15,11,43.388,2,7,0,-1,0,0,1,1,25,0,0,0,1028,0,0,0,0,0,1,1,0,0,0,-53.71952433,0,0,0,0,3,1,1,5,10,0,0,0,3,1,1,5,1000,0,0,0,0,0,0,0,0,0,0,0,0,0,0,0,0,0,0,0,0,0,0,0,0,0,0,0,0,0,0,0,0,0,0,0,0,0,0,0,0,0,0,0,0,0,0,0,0,0,0,0
1986,23,15,13,19.388,2,7,0,-1,0,0,1,1,25,0,0,0,1028,0,0,0,0,0,1,1,0,0,0,-53.67727317,0,0,0,0,3,1,1,5,10,0,0,0,3,1,1,5,1000,0,0,0,0,0,0,0,0,0,0,0,0,0,0,0,0,0,0,0,0,0,0,0,0,0,0,0,0,0,0,0,0,0,0,0,0,0,0,0,0,0,0,0,0,0,0,0,0,0,0,0
1986,23,15,14,55.387,2,7,0,-1,0,0,1,1,25,0,0,0,1028,0,0,0,0,0,1,1,0,0,0,-53.63502254,0,0,0,0,3,1,1,5,10,0,0,0,3,1,1,5,1000,0,0,0,0,0,0,0,0,0,0,0,0,0,0,0,0,0,0,0,0,0,0,0,0,0,0,0,0,0,0,0,0,0,0,0,0,0,0,0,0,0,0,0,0,0,0,0,0,0,0,0
1986,23,15,18,55.387,2,7,0,-1,0,0,1,1,25,0,0,0,1028,0,0,0,0,0,1,1,0,0,0,-53.52939532,0,0,0,0,3,1,1,5,10,0,0,0,3,1,1,5,1000,0,0,0,0,0,0,0,0,0,0,0,0,0,0,0,0,0,0,0,0,0,0,0,0,0,0,0,0,0,0,0,0,0,0,0,0,0,0,0,0,0,0,0,0,0,0,0,0,0,0,0
1986,23,15,20,31.387,2,7,0,-1,0,0,1,1,25,0,0,0,1028,0,0,0,0,0,1,1,0,0,0,-53.48714461,0,0,0,0,3,1,1,5,10,0,0,0,3,1,1,5,1000,0,0,0,0,0,0,0,0,0,0,0,0,0,0,0,0,0,0,0,0,0,0,0,0,0,0,0,0,0,0,0,0,0,0,0,0,0,0,0,0,0,0,0,0,0,0,0,0,0,0,0
1986,23,15,22,7.387,2,7,0,-1,0,0,1,1,25,0,0,0,1028,0,0,0,0,0,1,1,0,0,0,-53.444894,0,0,0,0,3,1,1,5,10,0,0,0,3,1,1,5,1000,0,0,0,0,0,0,0,0,0,0,0,0,0,0,0,0,0,0,0,0,0,0,0,0,0,0,0,0,0,0,0,0,0,0,0,0,0,0,0,0,0,0,0,0,0,0,0,0,0,0,0
1986,23,15,23,43.387,2,7,0,-1,0,0,1,1,25,0,0,0,1028,0,0,0,0,0,1,1,0,0,0,-53.40264349,0,0,0,0,3,1,1,5,10,0,0,0,3,1,1,5,1000,0,0,0,0,0,0,0,0,0,0,0,0,0,0,0,0,0,0,0,0,0,0,0,0,0,0,0,0,0,0,0,0,0,0,0,0,0,0,0,0,0,0,0,0,0,0,0,0,0,0,0
1986,23,15,25,19.387,2,7,0,-1,0,0,1,1,25,0,0,0,1028,0,0,0,0,0,1,1,0,0,0,-53.36039308,0,0,0,0,3,1,1,5,10,0,0,0,3,1,1,5,1000,0,0,0,0,0,0,0,0,0,0,0,0,0,0,0,0,0,0,0,0,0,0,0,0,0,0,0,0,0,0,0,0,0,0,0,0,0,0,0,0,0,0,0,0,0,0,0,0,0,0,0
1986,23,15,26,55.387,2,7,0,-1,0,0,1,1,25,0,0,0,1028,0,0,0,0,0,1,1,0,0,0,-53.31814278,0,0,0,0,3,1,1,5,10,0,0,0,3,1,1,5,1000,0,0,0,0,0,0,0,0,0,0,0,0,0,0,0,0,0,0,0,0,0,0,0,0,0,0,0,0,0,0,0,0,0,0,0,0,0,0,0,0,0,0,0,0,0,0,0,0,0,0,0
1986,23,15,30,55.386,2,7,0,-1,0,0,1,1,25,0,0,0,1028,0,0,0,0,0,1,1,0,0,0,-53.2125179,0,0,0,0,3,1,1,5,10,0,0,0,3,1,1,5,1000,0,0,0,0,0,0,0,0,0,0,0,0,0,0,0,0,0,0,0,0,0,0,0,0,0,0,0,0,0,0,0,0,0,0,0,0,0,0,0,0,0,0,0,0,0,0,0,0,0,0,0
1986,23,15,37,19.386,2,7,0,-1,0,0,1,1,25,0,0,0,1028,0,0,0,0,0,1,1,0,0,0,-53.04351875,0,0,0,0,3,1,1,5,10,0,0,0,3,1,1,5,1000,0,0,0,0,0,0,0,0,0,0,0,0,0,0,0,0,0,0,0,0,0,0,0,0,0,0,0,0,0,0,0,0,0,0,0,0,0,0,0,0,0,0,0,0,0,0,0,0,0,0,0
1986,23,15,38,55.386,2,7,0,-1,0,0,1,1,25,0,0,0,1028,0,0,0,0,0,1,1,0,0,0,-53.00126923,0,0,0,0,3,1,1,5,10,0,0,0,3,1,1,5,1000,0,0,0,0,0,0,0,0,0,0,0,0,0,0,0,0,0,0,0,0,0,0,0,0,0,0,0,0,0,0,0,0,0,0,0,0,0,0,0,0,0,0,0,0,0,0,0,0,0,0,0
1986,23,15,42,55.386,2,7,0,-1,0,0,1,1,25,0,0,0,1028,0,0,0,0,0,1,1,0,0,0,-52.89564588,0,0,0,0,3,1,1,5,10,0,0,0,3,1,1,5,1000,0,0,0,0,0,0,0,0,0,0,0,0,0,0,0,0,0,0,0,0,0,0,0,0,0,0,0,0,0,0,0,0,0,0,0,0,0,0,0,0,0,0,0,0,0,0,0,0,0,0,0
1986,23,15,44,31.386,2,7,0,-1,0,0,1,1,25,0,0,0,1028,0,0,0,0,0,1,1,0,0,0,-52.85339695,0,0,0,0,3,1,1,5,10,0,0,0,3,1,1,5,1000,0,0,0,0,0,0,0,0,0,0,0,0,0,0,0,0,0,0,0,0,0,0,0,0,0,0,0,0,0,0,0,0,0,0,0,0,0,0,0,0,0,0,0,0,0,0,0,0,0,0,0
1986,23,15,46,7.385,2,7,0,-1,0,0,1,1,25,0,0,0,1028,0,0,0,0,0,1,1,0,0,0,-52.81114813,0,0,0,0,3,1,1,5,10,0,0,0,3,1,1,5,1000,0,0,0,0,0,0,0,0,0,0,0,0,0,0,0,0,0,0,0,0,0,0,0,0,0,0,0,0,0,0,0,0,0,0,0,0,0,0,0,0,0,0,0,0,0,0,0,0,0,0,0
1986,23,15,47,43.385,2,7,0,-1,0,0,1,1,25,0,0,0,1028,0,0,0,0,0,1,1,0,0,0,-52.76889919,0,0,0,0,3,1,1,5,10,0,0,0,3,1,1,5,1000,0,0,0,0,0,0,0,0,0,0,0,0,0,0,0,0,0,0,0,0,0,0,0,0,0,0,0,0,0,0,0,0,0,0,0,0,0,0,0,0,0,0,0,0,0,0,0,0,0,0,0
1986,23,15,49,19.385,2,7,0,-1,0,0,1,1,25,0,0,0,1028,0,0,0,0,0,1,1,0,0,0,-52.72665037,0,0,0,0,3,1,1,5,10,0,0,0,3,1,1,5,1000,0,0,0,0,0,0,0,0,0,0,0,0,0,0,0,0,0,0,0,0,0,0,0,0,0,0,0,0,0,0,0,0,0,0,0,0,0,0,0,0,0,0,0,0,0,0,0,0,0,0,0
1986,23,15,50,55.385,2,7,0,-1,0,0,1,1,25,0,0,0,1028,0,0,0,0,0,1,1,0,0,0,-52.68440165,0,0,0,0,3,1,1,5,10,0,0,0,3,1,1,5,1000,0,0,0,0,0,0,0,0,0,0,0,0,0,0,0,0,0,0,0,0,0,0,0,0,0,0,0,0,0,0,0,0,0,0,0,0,0,0,0,0,0,0,0,0,0,0,0,0,0,0,0
1986,23,15,54,55.385,2,7,0,-1,0,0,1,1,25,0,0,0,1028,0,0,0,0,0,1,1,0,0,0,-52.57878034,0,0,0,0,3,1,1,5,10,0,0,0,3,1,1,5,1000,0,0,0,0,0,0,0,0,0,0,0,0,0,0,0,0,0,0,0,0,0,0,0,0,0,0,0,0,0,0,0,0,0,0,0,0,0,0,0,0,0,0,0,0,0,0,0,0,0,0,0
1986,23,15,56,31.385,2,7,0,-1,0,0,1,1,25,0,0,0,1028,0,0,0,0,0,1,1,0,0,0,-52.53653201,0,0,0,0,3,1,1,5,10,0,0,0,3,1,1,5,1000,0,0,0,0,0,0,0,0,0,0,0,0,0,0,0,0,0,0,0,0,0,0,0,0,0,0,0,0,0,0,0,0,0,0,0,0,0,0,0,0,0,0,0,0,0,0,0,0,0,0,0
1986,23,15,58,7.385,2,7,0,-1,0,0,1,1,25,0,0,0,1028,0,0,0,0,0,1,1,0,0,0,-52.49428379,0,0,0,0,3,1,1,5,10,0,0,0,3,1,1,5,1000,0,0,0,0,0,0,0,0,0,0,0,0,0,0,0,0,0,0,0,0,0,0,0,0,0,0,0,0,0,0,0,0,0,0,0,0,0,0,0,0,0,0,0,0,0,0,0,0,0,0,0
1986,23,15,59,43.385,2,7,0,-1,0,0,1,1,25,0,0,0,1028,0,0,0,0,0,1,1,0,0,0,-52.4520359,0,0,0,0,3,1,1,5,10,0,0,0,3,1,1,5,1000,0,0,0,0,0,0,0,0,0,0,0,0,0,0,0,0,0,0,0,0,0,0,0,0,0,0,0,0,0,0,0,0,0,0,0,0,0,0,0,0,0,0,0,0,0,0,0,0,0,0,0
1986,23,16,1,19.384,2,7,0,-1,0,0,1,1,25,0,0,0,1028,0,0,0,0,0,1,1,0,0,0,-52.40978813,0,0,0,0,3,1,1,5,10,0,0,0,3,1,1,5,1000,0,0,0,0,0,0,0,0,0,0,0,0,0,0,0,0,0,0,0,0,0,0,0,0,0,0,0,0,0,0,0,0,0,0,0,0,0,0,0,0,0,0,0,0,0,0,0,0,0,0,0
1986,23,16,2,55.384,2,7,0,-1,0,0,1,1,25,0,0,0,1028,0,0,0,0,0,1,1,0,0,0,-52.36754024,0,0,0,0,3,1,1,5,10,0,0,0,3,1,1,5,1000,0,0,0,0,0,0,0,0,0,0,0,0,0,0,0,0,0,0,0,0,0,0,0,0,0,0,0,0,0,0,0,0,0,0,0,0,0,0,0,0,0,0,0,0,0,0,0,0,0,0,0
1986,23,16,8,31.384,2,7,0,-1,0,0,1,1,25,0,0,0,1028,0,0,0,0,0,1,1,0,0,0,-52.21967355,0,0,0,0,3,1,1,5,10,0,0,0,3,1,1,5,1000,0,0,0,0,0,0,0,0,0,0,0,0,0,0,0,0,0,0,0,0,0,0,0,0,0,0,0,0,0,0,0,0,0,0,0,0,0,0,0,0,0,0,0,0,0,0,0,0,0,0,0
1986,23,16,10,7.384,2,7,0,-1,0,0,1,1,25,0,0,0,1028,0,0,0,0,0,1,1,0,0,0,-52.17742619,0,0,0,0,3,1,1,5,10,0,0,0,3,1,1,5,1000,0,0,0,0,0,0,0,0,0,0,0,0,0,0,0,0,0,0,0,0,0,0,0,0,0,0,0,0,0,0,0,0,0,0,0,0,0,0,0,0,0,0,0,0,0,0,0,0,0,0,0
1986,23,16,11,43.384,2,7,0,-1,0,0,1,1,25,0,0,0,1028,0,0,0,0,0,1,1,0,0,0,-52.13517893,0,0,0,0,3,1,1,5,10,0,0,0,3,1,1,5,1000,0,0,0,0,0,0,0,0,0,0,0,0,0,0,0,0,0,0,0,0,0,0,0,0,0,0,0,0,0,0,0,0,0,0,0,0,0,0,0,0,0,0,0,0,0,0,0,0,0,0,0
1986,23,16,13,19.384,2,7,0,-1,0,0,1,1,25,0,0,0,1028,0,0,0,0,0,1,1,0,0,0,-52.0929318,0,0,0,0,3,1,1,5,10,0,0,0,3,1,1,5,1000,0,0,0,0,0,0,0,0,0,0,0,0,0,0,0,0,0,0,0,0,0,0,0,0,0,0,0,0,0,0,0,0,0,0,0,0,0,0,0,0,0,0,0,0,0,0,0,0,0,0,0
1986,23,16,14,55.383,2,7,0,-1,0,0,1,1,25,0,0,0,1028,0,0,0,0,0,1,1,0,0,0,-52.05068522,0,0,0,0,3,1,1,5,10,0,0,0,3,1,1,5,1000,0,0,0,0,0,0,0,0,0,0,0,0,0,0,0,0,0,0,0,0,0,0,0,0,0,0,0,0,0,0,0,0,0,0,0,0,0,0,0,0,0,0,0,0,0,0,0,0,0,0,0
1986,23,16,18,55.383,2,7,0,-1,0,0,1,1,25,0,0,0,1028,0,0,0,0,0,1,1,0,0,0,-51.94506818,0,0,0,0,3,1,1,5,10,0,0,0,3,1,1,5,1000,0,0,0,0,0,0,0,0,0,0,0,0,0,0,0,0,0,0,0,0,0,0,0,0,0,0,0,0,0,0,0,0,0,0,0,0,0,0,0,0,0,0,0,0,0,0,0,0,0,0,0
1986,23,16,20,31.383,2,7,0,-1,0,0,1,1,25,0,0,0,1028,0,0,0,0,0,1,1,0,0,0,-51.90282158,0,0,0,0,3,1,1,5,10,0,0,0,3,1,1,5,1000,0,0,0,0,0,0,0,0,0,0,0,0,0,0,0,0,0,0,0,0,0,0,0,0,0,0,0,0,0,0,0,0,0,0,0,0,0,0,0,0,0,0,0,0,0,0,0,0,0,0,0
1986,23,16,22,7.383,2,7,0,-1,0,0,1,1,25,0,0,0,1028,0,0,0,0,0,1,1,0,0,0,-51.86057509,0,0,0,0,3,1,1,5,10,0,0,0,3,1,1,5,1000,0,0,0,0,0,0,0,0,0,0,0,0,0,0,0,0,0,0,0,0,0,0,0,0,0,0,0,0,0,0,0,0,0,0,0,0,0,0,0,0,0,0,0,0,0,0,0,0,0,0,0
1986,23,16,23,43.383,2,7,0,-1,0,0,1,1,25,0,0,0,1028,0,0,0,0,0,1,1,0,0,0,-51.81832872,0,0,0,0,3,1,1,5,10,0,0,0,3,1,1,5,1000,0,0,0,0,0,0,0,0,0,0,0,0,0,0,0,0,0,0,0,0,0,0,0,0,0,0,0,0,0,0,0,0,0,0,0,0,0,0,0,0,0,0,0,0,0,0,0,0,0,0,0
1986,23,16,25,19.383,2,7,0,-1,0,0,1,1,25,0,0,0,1028,0,0,0,0,0,1,1,0,0,0,-51.77608247,0,0,0,0,3,1,1,5,10,0,0,0,3,1,1,5,1000,0,0,0,0,0,0,0,0,0,0,0,0,0,0,0,0,0,0,0,0,0,0,0,0,0,0,0,0,0,0,0,0,0,0,0,0,0,0,0,0,0,0,0,0,0,0,0,0,0,0,0
1986,23,16,26,55.383,2,7,0,-1,0,0,1,1,25,0,0,0,1028,0,0,0,0,0,1,1,0,0,0,-51.73383634,0,0,0,0,3,1,1,5,10,0,0,0,3,1,1,5,1000,0,0,0,0,0,0,0,0,0,0,0,0,0,0,0,0,0,0,0,0,0,0,0,0,0,0,0,0,0,0,0,0,0,0,0,0,0,0,0,0,0,0,0,0,0,0,0,0,0,0,0
1986,23,16,30,55.382,2,7,0,-1,0,0,1,1,25,0,0,0,1028,0,0,0,0,0,1,1,0,0,0,-51.62822199,0,0,0,0,3,1,1,5,10,0,0,0,3,1,1,5,1000,0,0,0,0,0,0,0,0,0,0,0,0,0,0,0,0,0,0,0,0,0,0,0,0,0,0,0,0,0,0,0,0,0,0,0,0,0,0,0,0,0,0,0,0,0,0,0,0,0,0,0
1986,23,16,32,31.382,2,7,0,-1,0,0,1,1,25,0,0,0,1028,0,0,0,0,0,1,1,0,0,0,-51.58597629,0,0,0,0,3,1,1,5,10,0,0,0,3,1,1,5,1000,0,0,0,0,0,0,0,0,0,0,0,0,0,0,0,0,0,0,0,0,0,0,0,0,0,0,0,0,0,0,0,0,0,0,0,0,0,0,0,0,0,0,0,0,0,0,0,0,0,0,0
1986,23,16,34,7.382,2,7,0,-1,0,0,1,1,25,0,0,0,1028,0,0,0,0,0,1,1,0,0,0,-51.54373071,0,0,0,0,3,1,1,5,10,0,0,0,3,1,1,5,1000,0,0,0,0,0,0,0,0,0,0,0,0,0,0,0,0,0,0,0,0,0,0,0,0,0,0,0,0,0,0,0,0,0,0,0,0,0,0,0,0,0,0,0,0,0,0,0,0,0,0,0
1986,23,16,35,43.382,2,7,0,-1,0,0,1,1,25,0,0,0,1028,0,0,0,0,0,1,1,0,0,0,-51.50148525,0,0,0,0,3,1,1,5,10,0,0,0,3,1,1,5,1000,0,0,0,0,0,0,0,0,0,0,0,0,0,0,0,0,0,0,0,0,0,0,0,0,0,0,0,0,0,0,0,0,0,0,0,0,0,0,0,0,0,0,0,0,0,0,0,0,0,0,0
1986,23,16,37,19.382,2,7,0,-1,0,0,1,1,25,0,0,0,1028,0,0,0,0,0,1,1,0,0,0,-51.45923992,0,0,0,0,3,1,1,5,10,0,0,0,3,1,1,5,1000,0,0,0,0,0,0,0,0,0,0,0,0,0,0,0,0,0,0,0,0,0,0,0,0,0,0,0,0,0,0,0,0,0,0,0,0,0,0,0,0,0,0,0,0,0,0,0,0,0,0,0
1986,23,16,38,55.382,2,7,0,-1,0,0,1,1,25,0,0,0,1028,0,0,0,0,0,1,1,0,0,0,-51.41699471,0,0,0,0,3,1,1,5,10,0,0,0,3,1,1,5,1000,0,0,0,0,0,0,0,0,0,0,0,0,0,0,0,0,0,0,0,0,0,0,0,0,0,0,0,0,0,0,0,0,0,0,0,0,0,0,0,0,0,0,0,0,0,0,0,0,0,0,0
1986,23,16,42,55.382,2,7,0,-1,0,0,1,1,25,0,0,0,1028,0,0,0,0,0,1,1,0,0,0,-51.31138223,0,0,0,0,3,1,1,5,10,0,0,0,3,1,1,5,1000,0,0,0,0,0,0,0,0,0,0,0,0,0,0,0,0,0,0,0,0,0,0,0,0,0,0,0,0,0,0,0,0,0,0,0,0,0,0,0,0,0,0,0,0,0,0,0,0,0,0,0
1986,23,16,44,31.382,2,7,0,-1,0,0,1,1,25,0,0,0,1028,0,0,0,0,0,1,1,0,0,0,-51.26913768,0,0,0,0,3,1,1,5,10,0,0,0,3,1,1,5,1000,0,0,0,0,0,0,0,0,0,0,0,0,0,0,0,0,0,0,0,0,0,0,0,0,0,0,0,0,0,0,0,0,0,0,0,0,0,0,0,0,0,0,0,0,0,0,0,0,0,0,0
1986,23,16,46,7.381,2,7,0,-1,0,0,1,1,25,0,0,0,1028,0,0,0,0,0,1,1,0,0,0,-51.22689326,0,0,0,0,3,1,1,5,10,0,0,0,3,1,1,5,1000,0,0,0,0,0,0,0,0,0,0,0,0,0,0,0,0,0,0,0,0,0,0,0,0,0,0,0,0,0,0,0,0,0,0,0,0,0,0,0,0,0,0,0,0,0,0,0,0,0,0,0
1986,23,16,47,43.381,2,7,0,-1,0,0,1,1,25,0,0,0,1028,0,0,0,0,0,1,1,0,0,0,-51.18464874,0,0,0,0,3,1,1,5,10,0,0,0,3,1,1,5,1000,0,0,0,0,0,0,0,0,0,0,0,0,0,0,0,0,0,0,0,0,0,0,0,0,0,0,0,0,0,0,0,0,0,0,0,0,0,0,0,0,0,0,0,0,0,0,0,0,0,0,0
1986,23,16,49,19.381,2,7,0,-1,0,0,1,1,25,0,0,0,1028,0,0,0,0,0,1,1,0,0,0,-51.14240436,0,0,0,0,3,1,1,5,10,0,0,0,3,1,1,5,1000,0,0,0,0,0,0,0,0,0,0,0,0,0,0,0,0,0,0,0,0,0,0,0,0,0,0,0,0,0,0,0,0,0,0,0,0,0,0,0,0,0,0,0,0,0,0,0,0,0,0,0
1986,23,16,50,55.381,2,7,0,-1,0,0,1,1,25,0,0,0,1028,0,0,0,0,0,1,1,0,0,0,-51.1001601,0,0,0,0,3,1,1,5,10,0,0,0,3,1,1,5,1000,0,0,0,0,0,0,0,0,0,0,0,0,0,0,0,0,0,0,0,0,0,0,0,0,0,0,0,0,0,0,0,0,0,0,0,0,0,0,0,0,0,0,0,0,0,0,0,0,0,0,0
1986,23,16,56,31.381,2,7,0,-1,0,0,1,1,25,0,0,0,1028,0,0,0,0,0,1,1,0,0,0,-50.9523062,0,0,0,0,3,1,1,5,10,0,0,0,3,1,1,5,1000,0,0,0,0,0,0,0,0,0,0,0,0,0,0,0,0,0,0,0,0,0,0,0,0,0,0,0,0,0,0,0,0,0,0,0,0,0,0,0,0,0,0,0,0,0,0,0,0,0,0,0
1986,23,16,58,7.381,2,7,0,-1,0,0,1,1,25,0,0,0,1028,0,0,0,0,0,1,1,0,0,0,-50.91006253,0,0,0,0,3,1,1,5,10,0,0,0,3,1,1,5,1000,0,0,0,0,0,0,0,0,0,0,0,0,0,0,0,0,0,0,0,0,0,0,0,0,0,0,0,0,0,0,0,0,0,0,0,0,0,0,0,0,0,0,0,0,0,0,0,0,0,0,0
1986,23,16,59,43.381,2,7,0,-1,0,0,1,1,25,0,0,0,1028,0,0,0,0,0,1,1,0,0,0,-50.8678192,0,0,0,0,3,1,1,5,10,0,0,0,3,1,1,5,1000,0,0,0,0,0,0,0,0,0,0,0,0,0,0,0,0,0,0,0,0,0,0,0,0,0,0,0,0,0,0,0,0,0,0,0,0,0,0,0,0,0,0,0,0,0,0,0,0,0,0,0
1986,23,17,1,19.38,2,7,0,-1,0,0,1,1,25,0,0,0,1028,0,0,0,0,0,1,1,0,0,0,-50.82557601,0,0,0,0,3,1,1,5,10,0,0,0,3,1,1,5,1000,0,0,0,0,0,0,0,0,0,0,0,0,0,0,0,0,0,0,0,0,0,0,0,0,0,0,0,0,0,0,0,0,0,0,0,0,0,0,0,0,0,0,0,0,0,0,0,0,0,0,0
1986,23,17,2,55.38,2,7,0,-1,0,0,1,1,25,0,0,0,1028,0,0,0,0,0,1,1,0,0,0,-50.78333273,0,0,0,0,3,1,1,5,10,0,0,0,3,1,1,5,1000,0,0,0,0,0,0,0,0,0,0,0,0,0,0,0,0,0,0,0,0,0,0,0,0,0,0,0,0,0,0,0,0,0,0,0,0,0,0,0,0,0,0,0,0,0,0,0,0,0,0,0
1986,23,17,6,55.38,2,7,0,-1,0,0,1,1,25,0,0,0,1028,0,0,0,0,0,1,1,0,0,0,-50.67772511,0,0,0,0,3,1,1,5,10,0,0,0,3,1,1,5,1000,0,0,0,0,0,0,0,0,0,0,0,0,0,0,0,0,0,0,0,0,0,0,0,0,0,0,0,0,0,0,0,0,0,0,0,0,0,0,0,0,0,0,0,0,0,0,0,0,0,0,0
1986,23,17,8,31.38,2,7,0,-1,0,0,1,1,25,0,0,0,1028,0,0,0,0,0,1,1,0,0,0,-50.6354823,0,0,0,0,3,1,1,5,10,0,0,0,3,1,1,5,1000,0,0,0,0,0,0,0,0,0,0,0,0,0,0,0,0,0,0,0,0,0,0,0,0,0,0,0,0,0,0,0,0,0,0,0,0,0,0,0,0,0,0,0,0,0,0,0,0,0,0,0
1986,23,17,10,7.38,2,7,0,-1,0,0,1,1,25,0,0,0,1028,0,0,0,0,0,1,1,0,0,0,-50.59323962,0,0,0,0,3,1,1,5,10,0,0,0,3,1,1,5,1000,0,0,0,0,0,0,0,0,0,0,0,0,0,0,0,0,0,0,0,0,0,0,0,0,0,0,0,0,0,0,0,0,0,0,0,0,0,0,0,0,0,0,0,0,0,0,0,0,0,0,0
1986,23,17,11,43.38,2,7,0,-1,0,0,1,1,25,0,0,0,1028,0,0,0,0,0,1,1,0,0,0,-50.55099708,0,0,0,0,3,1,1,5,10,0,0,0,3,1,1,5,1000,0,0,0,0,0,0,0,0,0,0,0,0,0,0,0,0,0,0,0,0,0,0,0,0,0,0,0,0,0,0,0,0,0,0,0,0,0,0,0,0,0,0,0,0,0,0,0,0,0,0,0
1986,23,17,13,19.38,2,7,0,-1,0,0,1,1,25,0,0,0,1028,0,0,0,0,0,1,1,0,0,0,-50.50875467,0,0,0,0,3,1,1,5,10,0,0,0,3,1,1,5,1000,0,0,0,0,0,0,0,0,0,0,0,0,0,0,0,0,0,0,0,0,0,0,0,0,0,0,0,0,0,0,0,0,0,0,0,0,0,0,0,0,0,0,0,0,0,0,0,0,0,0,0
1986,23,17,14,55.38,2,7,0,-1,0,0,1,1,25,0,0,0,1028,0,0,0,0,0,1,1,0,0,0,-50.46651262,0,0,0,0,3,1,1,5,10,0,0,0,3,1,1,5,1000,0,0,0,0,0,0,0,0,0,0,0,0,0,0,0,0,0,0,0,0,0,0,0,0,0,0,0,0,0,0,0,0,0,0,0,0,0,0,0,0,0,0,0,0,0,0,0,0,0,0,0
1986,23,17,18,55.379,2,7,0,-1,0,0,1,1,25,0,0,0,1028,0,0,0,0,0,1,1,0,0,0,-50.36090776,0,0,0,0,3,1,1,5,10,0,0,0,3,1,1,5,1000,0,0,0,0,0,0,0,0,0,0,0,0,0,0,0,0,0,0,0,0,0,0,0,0,0,0,0,0,0,0,0,0,0,0,0,0,0,0,0,0,0,0,0,0,0,0,0,0,0,0,0
1986,23,17,20,31.379,2,7,0,-1,0,0,1,1,25,0,0,0,1028,0,0,0,0,0,1,1,0,0,0,-50.31866598,0,0,0,0,3,1,1,5,10,0,0,0,3,1,1,5,1000,0,0,0,0,0,0,0,0,0,0,0,0,0,0,0,0,0,0,0,0,0,0,0,0,0,0,0,0,0,0,0,0,0,0,0,0,0,0,0,0,0,0,0,0,0,0,0,0,0,0,0
1986,23,17,22,7.379,2,7,0,-1,0,0,1,1,25,0,0,0,1028,0,0,0,0,0,1,1,0,0,0,-50.27642433,0,0,0,0,3,1,1,5,10,0,0,0,3,1,1,5,1000,0,0,0,0,0,0,0,0,0,0,0,0,0,0,0,0,0,0,0,0,0,0,0,0,0,0,0,0,0,0,0,0,0,0,0,0,0,0,0,0,0,0,0,0,0,0,0,0,0,0,0
1986,23,17,23,43.379,2,7,0,-1,0,0,1,1,25,0,0,0,1028,0,0,0,0,0,1,1,0,0,0,-50.23418282,0,0,0,0,3,1,1,5,10,0,0,0,3,1,1,5,1000,0,0,0,0,0,0,0,0,0,0,0,0,0,0,0,0,0,0,0,0,0,0,0,0,0,0,0,0,0,0,0,0,0,0,0,0,0,0,0,0,0,0,0,0,0,0,0,0,0,0,0
1986,23,17,25,19.379,2,7,0,-1,0,0,1,1,25,0,0,0,1028,0,0,0,0,0,1,1,0,0,0,-50.19194145,0,0,0,0,3,1,1,5,10,0,0,0,3,1,1,5,1000,0,0,0,0,0,0,0,0,0,0,0,0,0,0,0,0,0,0,0,0,0,0,0,0,0,0,0,0,0,0,0,0,0,0,0,0,0,0,0,0,0,0,0,0,0,0,0,0,0,0,0
1986,23,17,26,55.379,2,7,0,-1,0,0,1,1,25,0,0,0,1028,0,0,0,0,0,1,1,0,0,0,-50.14970022,0,0,0,0,3,1,1,5,10,0,0,0,3,1,1,5,1000,0,0,0,0,0,0,0,0,0,0,0,0,0,0,0,0,0,0,0,0,0,0,0,0,0,0,0,0,0,0,0,0,0,0,0,0,0,0,0,0,0,0,0,0,0,0,0,0,0,0,0
1986,23,17,30,55.378,2,7,0,-1,0,0,1,1,25,0,0,0,1028,0,0,0,0,0,1,1,0,0,0,-50.04409821,0,0,0,0,3,1,1,5,10,0,0,0,3,1,1,5,1000,0,0,0,0,0,0,0,0,0,0,0,0,0,0,0,0,0,0,0,0,0,0,0,0,0,0,0,0,0,0,0,0,0,0,0,0,0,0,0,0,0,0,0,0,0,0,0,0,0,0,0
1986,23,17,32,31.378,2,7,0,-1,0,0,1,1,25,0,0,0,1028,0,0,0,0,0,1,1,0,0,0,-50.00185748,0,0,0,0,3,1,1,5,10,0,0,0,3,1,1,5,1000,0,0,0,0,0,0,0,0,0,0,0,0,0,0,0,0,0,0,0,0,0,0,0,0,0,0,0,0,0,0,0,0,0,0,0,0,0,0,0,0,0,0,0,0,0,0,0,0,0,0,0
1986,23,17,34,7.378,2,7,0,-1,0,0,1,1,25,0,0,0,1028,0,0,0,0,0,1,1,0,0,0,-49.95961689,0,0,0,0,3,1,1,5,10,0,0,0,3,1,1,5,1000,0,0,0,0,0,0,0,0,0,0,0,0,0,0,0,0,0,0,0,0,0,0,0,0,0,0,0,0,0,0,0,0,0,0,0,0,0,0,0,0,0,0,0,0,0,0,0,0,0,0,0
1986,23,17,35,43.378,2,7,0,-1,0,0,1,1,25,0,0,0,1028,0,0,0,0,0,1,1,0,0,0,-49.91737644,0,0,0,0,3,1,1,5,10,0,0,0,3,1,1,5,1000,0,0,0,0,0,0,0,0,0,0,0,0,0,0,0,0,0,0,0,0,0,0,0,0,0,0,0,0,0,0,0,0,0,0,0,0,0,0,0,0,0,0,0,0,0,0,0,0,0,0,0
1986,23,17,37,19.378,2,7,0,-1,0,0,1,1,25,0,0,0,1028,0,0,0,0,0,1,1,0,0,0,-49.87513614,0,0,0,0,3,1,1,5,10,0,0,0,3,1,1,5,1000,0,0,0,0,0,0,0,0,0,0,0,0,0,0,0,0,0,0,0,0,0,0,0,0,0,0,0,0,0,0,0,0,0,0,0,0,0,0,0,0,0,0,0,0,0,0,0,0,0,0,0
1986,23,17,38,55.378,2,7,0,-1,0,0,1,1,25,0,0,0,1028,0,0,0,0,0,1,1,0,0,0,-49.83289599,0,0,0,0,3,1,1,5,10,0,0,0,3,1,1,5,1000,0,0,0,0,0,0,0,0,0,0,0,0,0,0,0,0,0,0,0,0,0,0,0,0,0,0,0,0,0,0,0,0,0,0,0,0,0,0,0,0,0,0,0,0,0,0,0,0,0,0,0
1986,23,17,42,55.378,2,7,0,-1,0,0,1,1,25,0,0,0,1028,0,0,0,0,0,1,1,0,0,0,-49.72729624,0,0,0,0,3,1,1,5,10,0,0,0,3,1,1,5,1000,0,0,0,0,0,0,0,0,0,0,0,0,0,0,0,0,0,0,0,0,0,0,0,0,0,0,0,0,0,0,0,0,0,0,0,0,0,0,0,0,0,0,0,0,0,0,0,0,0,0,0
1986,23,17,44,31.378,2,7,0,-1,0,0,1,1,25,0,0,0,1028,0,0,0,0,0,1,1,0,0,0,-49.6850566,0,0,0,0,3,1,1,5,10,0,0,0,3,1,1,5,1000,0,0,0,0,0,0,0,0,0,0,0,0,0,0,0,0,0,0,0,0,0,0,0,0,0,0,0,0,0,0,0,0,0,0,0,0,0,0,0,0,0,0,0,0,0,0,0,0,0,0,0
1986,23,17,46,7.377,2,7,0,-1,0,0,1,1,25,0,0,0,1028,0,0,0,0,0,1,1,0,0,0,-49.64281754,0,0,0,0,3,1,1,5,10,0,0,0,3,1,1,5,1000,0,0,0,0,0,0,0,0,0,0,0,0,0,0,0,0,0,0,0,0,0,0,0,0,0,0,0,0,0,0,0,0,0,0,0,0,0,0,0,0,0,0,0,0,0,0,0,0,0,0,0
1986,23,17,47,43.377,2,7,0,-1,0,0,1,1,25,0,0,0,1028,0,0,0,0,0,1,1,0,0,0,-49.6005782,0,0,0,0,3,1,1,5,10,0,0,0,3,1,1,5,1000,0,0,0,0,0,0,0,0,0,0,0,0,0,0,0,0,0,0,0,0,0,0,0,0,0,0,0,0,0,0,0,0,0,0,0,0,0,0,0,0,0,0,0,0,0,0,0,0,0,0,0
1986,23,17,49,19.377,2,7,0,-1,0,0,1,1,25,0,0,0,1028,0,0,0,0,0,1,1,0,0,0,-49.558339,0,0,0,0,3,1,1,5,10,0,0,0,3,1,1,5,1000,0,0,0,0,0,0,0,0,0,0,0,0,0,0,0,0,0,0,0,0,0,0,0,0,0,0,0,0,0,0,0,0,0,0,0,0,0,0,0,0,0,0,0,0,0,0,0,0,0,0,0
1986,23,17,50,55.377,2,7,0,-1,0,0,1,1,25,0,0,0,1028,0,0,0,0,0,1,1,0,0,0,-49.51609995,0,0,0,0,3,1,1,5,10,0,0,0,3,1,1,5,1000,0,0,0,0,0,0,0,0,0,0,0,0,0,0,0,0,0,0,0,0,0,0,0,0,0,0,0,0,0,0,0,0,0,0,0,0,0,0,0,0,0,0,0,0,0,0,0,0,0,0,0
1986,23,17,54,55.377,2,7,0,-1,0,0,1,1,25,0,0,0,1028,0,0,0,0,0,1,1,0,0,0,-49.41050299,0,0,0,0,3,1,1,5,10,0,0,0,3,1,1,5,1000,0,0,0,0,0,0,0,0,0,0,0,0,0,0,0,0,0,0,0,0,0,0,0,0,0,0,0,0,0,0,0,0,0,0,0,0,0,0,0,0,0,0,0,0,0,0,0,0,0,0,0
1986,23,17,56,31.377,2,7,0,-1,0,0,1,1,25,0,0,0,1028,0,0,0,0,0,1,1,0,0,0,-49.36826447,0,0,0,0,3,1,1,5,10,0,0,0,3,1,1,5,1000,0,0,0,0,0,0,0,0,0,0,0,0,0,0,0,0,0,0,0,0,0,0,0,0,0,0,0,0,0,0,0,0,0,0,0,0,0,0,0,0,0,0,0,0,0,0,0,0,0,0,0
1986,23,17,58,7.377,2,7,0,-1,0,0,1,1,25,0,0,0,1028,0,0,0,0,0,1,1,0,0,0,-49.32602611,0,0,0,0,3,1,1,5,10,0,0,0,3,1,1,5,1000,0,0,0,0,0,0,0,0,0,0,0,0,0,0,0,0,0,0,0,0,0,0,0,0,0,0,0,0,0,0,0,0,0,0,0,0,0,0,0,0,0,0,0,0,0,0,0,0,0,0,0
1986,23,17,59,43.377,2,7,0,-1,0,0,1,1,25,0,0,0,1028,0,0,0,0,0,1,1,0,0,0,-49.28378789,0,0,0,0,3,1,1,5,10,0,0,0,3,1,1,5,1000,0,0,0,0,0,0,0,0,0,0,0,0,0,0,0,0,0,0,0,0,0,0,0,0,0,0,0,0,0,0,0,0,0,0,0,0,0,0,0,0,0,0,0,0,0,0,0,0,0,0,0
1986,23,18,1,19.376,2,7,0,-1,0,0,1,1,25,0,0,0,1028,0,0,0,0,0,1,1,0,0,0,-49.24155027,0,0,0,0,3,1,1,5,10,0,0,0,3,1,1,5,1000,0,0,0,0,0,0,0,0,0,0,0,0,0,0,0,0,0,0,0,0,0,0,0,0,0,0,0,0,0,0,0,0,0,0,0,0,0,0,0,0,0,0,0,0,0,0,0,0,0,0,0
1986,23,18,2,55.376,2,7,0,-1,0,0,1,1,25,0,0,0,1028,0,0,0,0,0,1,1,0,0,0,-49.19931236,0,0,0,0,3,1,1,5,10,0,0,0,3,1,1,5,1000,0,0,0,0,0,0,0,0,0,0,0,0,0,0,0,0,0,0,0,0,0,0,0,0,0,0,0,0,0,0,0,0,0,0,0,0,0,0,0,0,0,0,0,0,0,0,0,0,0,0,0
1986,23,18,6,55.376,2,7,0,-1,0,0,1,1,25,0,0,0,1028,0,0,0,0,0,1,1,0,0,0,-49.09371827,0,0,0,0,3,1,1,5,10,0,0,0,3,1,1,5,1000,0,0,0,0,0,0,0,0,0,0,0,0,0,0,0,0,0,0,0,0,0,0,0,0,0,0,0,0,0,0,0,0,0,0,0,0,0,0,0,0,0,0,0,0,0,0,0,0,0,0,0
1986,23,18,8,31.376,2,7,0,-1,0,0,1,1,25,0,0,0,1028,0,0,0,0,0,1,1,0,0,0,-49.05148091,0,0,0,0,3,1,1,5,10,0,0,0,3,1,1,5,1000,0,0,0,0,0,0,0,0,0,0,0,0,0,0,0,0,0,0,0,0,0,0,0,0,0,0,0,0,0,0,0,0,0,0,0,0,0,0,0,0,0,0,0,0,0,0,0,0,0,0,0
1986,23,18,10,7.376,2,7,0,-1,0,0,1,1,25,0,0,0,1028,0,0,0,0,0,1,1,0,0,0,-49.00924371,0,0,0,0,3,1,1,5,10,0,0,0,3,1,1,5,1000,0,0,0,0,0,0,0,0,0,0,0,0,0,0,0,0,0,0,0,0,0,0,0,0,0,0,0,0,0,0,0,0,0,0,0,0,0,0,0,0,0,0,0,0,0,0,0,0,0,0,0
1986,23,18,11,43.376,2,7,0,-1,0,0,1,1,25,0,0,0,1028,0,0,0,0,0,1,1,0,0,0,-48.96700666,0,0,0,0,3,1,1,5,10,0,0,0,3,1,1,5,1000,0,0,0,0,0,0,0,0,0,0,0,0,0,0,0,0,0,0,0,0,0,0,0,0,0,0,0,0,0,0,0,0,0,0,0,0,0,0,0,0,0,0,0,0,0,0,0,0,0,0,0
1986,23,18,13,19.376,2,7,0,-1,0,0,1,1,25,0,0,0,1028,0,0,0,0,0,1,1,0,0,0,-48.92476977,0,0,0,0,3,1,1,5,10,0,0,0,3,1,1,5,1000,0,0,0,0,0,0,0,0,0,0,0,0,0,0,0,0,0,0,0,0,0,0,0,0,0,0,0,0,0,0,0,0,0,0,0,0,0,0,0,0,0,0,0,0,0,0,0,0,0,0,0
1986,23,18,14,55.376,2,7,0,-1,0,0,1,1,25,0,0,0,1028,0,0,0,0,0,1,1,0,0,0,-48.88253325,0,0,0,0,3,1,1,5,10,0,0,0,3,1,1,5,1000,0,0,0,0,0,0,0,0,0,0,0,0,0,0,0,0,0,0,0,0,0,0,0,0,0,0,0,0,0,0,0,0,0,0,0,0,0,0,0,0,0,0,0,0,0,0,0,0,0,0,0
1986,23,18,18,55.375,2,7,0,-1,0,0,1,1,25,0,0,0,1028,0,0,0,0,0,1,1,0,0,0,-48.77694234,0,0,0,0,3,1,1,5,10,0,0,0,3,1,1,5,1000,0,0,0,0,0,0,0,0,0,0,0,0,0,0,0,0,0,0,0,0,0,0,0,0,0,0,0,0,0,0,0,0,0,0,0,0,0,0,0,0,0,0,0,0,0,0,0,0,0,0,0
1986,23,18,20,31.375,2,7,0,-1,0,0,1,1,25,0,0,0,1028,0,0,0,0,0,1,1,0,0,0,-48.73470617,0,0,0,0,3,1,1,5,10,0,0,0,3,1,1,5,1000,0,0,0,0,0,0,0,0,0,0,0,0,0,0,0,0,0,0,0,0,0,0,0,0,0,0,0,0,0,0,0,0,0,0,0,0,0,0,0,0,0,0,0,0,0,0,0,0,0,0,0
1986,23,18,22,7.375,2,7,0,-1,0,0,1,1,25,0,0,0,1028,0,0,0,0,0,1,1,0,0,0,-48.69247016,0,0,0,0,3,1,1,5,10,0,0,0,3,1,1,5,1000,0,0,0,0,0,0,0,0,0,0,0,0,0,0,0,0,0,0,0,0,0,0,0,0,0,0,0,0,0,0,0,0,0,0,0,0,0,0,0,0,0,0,0,0,0,0,0,0,0,0,0
1986,23,18,23,43.375,2,7,0,-1,0,0,1,1,25,0,0,0,1028,0,0,0,0,0,1,1,0,0,0,-48.65023431,0,0,0,0,3,1,1,5,10,0,0,0,3,1,1,5,1000,0,0,0,0,0,0,0,0,0,0,0,0,0,0,0,0,0,0,0,0,0,0,0,0,0,0,0,0,0,0,0,0,0,0,0,0,0,0,0,0,0,0,0,0,0,0,0,0,0,0,0
1986,23,18,25,19.375,2,7,0,-1,0,0,1,1,25,0,0,0,1028,0,0,0,0,0,1,1,0,0,0,-48.60799863,0,0,0,0,3,1,1,5,10,0,0,0,3,1,1,5,1000,0,0,0,0,0,0,0,0,0,0,0,0,0,0,0,0,0,0,0,0,0,0,0,0,0,0,0,0,0,0,0,0,0,0,0,0,0,0,0,0,0,0,0,0,0,0,0,0,0,0,0
1986,23,18,26,55.375,2,7,0,-1,0,0,1,1,25,0,0,0,1028,0,0,0,0,0,1,1,0,0,0,-48.56576311,0,0,0,0,3,1,1,5,10,0,0,0,3,1,1,5,1000,0,0,0,0,0,0,0,0,0,0,0,0,0,0,0,0,0,0,0,0,0,0,0,0,0,0,0,0,0,0,0,0,0,0,0,0,0,0,0,0,0,0,0,0,0,0,0,0,0,0,0
1986,23,18,30,55.374,2,7,0,-1,0,0,1,1,25,0,0,0,1028,0,0,0,0,0,1,1,0,0,0,-48.46017546,0,0,0,0,3,1,1,5,10,0,0,0,3,1,1,5,1000,0,0,0,0,0,0,0,0,0,0,0,0,0,0,0,0,0,0,0,0,0,0,0,0,0,0,0,0,0,0,0,0,0,0,0,0,0,0,0,0,0,0,0,0,0,0,0,0,0,0,0
1986,23,18,32,31.374,2,7,0,-1,0,0,1,1,25,0,0,0,1028,0,0,0,0,0,1,1,0,0,0,-48.41794052,0,0,0,0,3,1,1,5,10,0,0,0,3,1,1,5,1000,0,0,0,0,0,0,0,0,0,0,0,0,0,0,0,0,0,0,0,0,0,0,0,0,0,0,0,0,0,0,0,0,0,0,0,0,0,0,0,0,0,0,0,0,0,0,0,0,0,0,0
1986,23,18,34,7.374,2,7,0,-1,0,0,1,1,25,0,0,0,1028,0,0,0,0,0,1,1,0,0,0,-48.37570574,0,0,0,0,3,1,1,5,10,0,0,0,3,1,1,5,1000,0,0,0,0,0,0,0,0,0,0,0,0,0,0,0,0,0,0,0,0,0,0,0,0,0,0,0,0,0,0,0,0,0,0,0,0,0,0,0,0,0,0,0,0,0,0,0,0,0,0,0
1986,23,18,35,43.374,2,7,0,-1,0,0,1,1,25,0,0,0,1028,0,0,0,0,0,1,1,0,0,0,-48.33347113,0,0,0,0,3,1,1,5,10,0,0,0,3,1,1,5,1000,0,0,0,0,0,0,0,0,0,0,0,0,0,0,0,0,0,0,0,0,0,0,0,0,0,0,0,0,0,0,0,0,0,0,0,0,0,0,0,0,0,0,0,0,0,0,0,0,0,0,0
1986,23,18,37,19.374,2,7,0,-1,0,0,1,1,25,0,0,0,1028,0,0,0,0,0,1,1,0,0,0,-48.29123669,0,0,0,0,3,1,1,5,10,0,0,0,3,1,1,5,1000,0,0,0,0,0,0,0,0,0,0,0,0,0,0,0,0,0,0,0,0,0,0,0,0,0,0,0,0,0,0,0,0,0,0,0,0,0,0,0,0,0,0,0,0,0,0,0,0,0,0,0
1986,23,18,38,55.374,2,7,0,-1,0,0,1,1,25,0,0,0,1028,0,0,0,0,0,1,1,0,0,0,-48.24900241,0,0,0,0,3,1,1,5,10,0,0,0,3,1,1,5,1000,0,0,0,0,0,0,0,0,0,0,0,0,0,0,0,0,0,0,0,0,0,0,0,0,0,0,0,0,0,0,0,0,0,0,0,0,0,0,0,0,0,0,0,0,0,0,0,0,0,0,0
1986,23,18,42,55.374,2,7,0,-1,0,0,1,1,25,0,0,0,1028,0,0,0,0,0,1,1,0,0,0,-48.14341747,0,0,0,0,3,1,1,5,10,0,0,0,3,1,1,5,1000,0,0,0,0,0,0,0,0,0,0,0,0,0,0,0,0,0,0,0,0,0,0,0,0,0,0,0,0,0,0,0,0,0,0,0,0,0,0,0,0,0,0,0,0,0,0,0,0,0,0,0
1986,23,18,44,31.374,2,7,0,-1,0,0,1,1,25,0,0,0,1028,0,0,0,0,0,1,1,0,0,0,-48.10118379,0,0,0,0,3,1,1,5,10,0,0,0,3,1,1,5,1000,0,0,0,0,0,0,0,0,0,0,0,0,0,0,0,0,0,0,0,0,0,0,0,0,0,0,0,0,0,0,0,0,0,0,0,0,0,0,0,0,0,0,0,0,0,0,0,0,0,0,0
1986,23,18,46,7.373,2,7,0,-1,0,0,1,1,25,0,0,0,1028,0,0,0,0,0,1,1,0,0,0,-48.05895072,0,0,0,0,3,1,1,5,10,0,0,0,3,1,1,5,1000,0,0,0,0,0,0,0,0,0,0,0,0,0,0,0,0,0,0,0,0,0,0,0,0,0,0,0,0,0,0,0,0,0,0,0,0,0,0,0,0,0,0,0,0,0,0,0,0,0,0,0
1986,23,18,47,43.373,2,7,0,-1,0,0,1,1,25,0,0,0,1028,0,0,0,0,0,1,1,0,0,0,-48.01671738,0,0,0,0,3,1,1,5,10,0,0,0,3,1,1,5,1000,0,0,0,0,0,0,0,0,0,0,0,0,0,0,0,0,0,0,0,0,0,0,0,0,0,0,0,0,0,0,0,0,0,0,0,0,0,0,0,0,0,0,0,0,0,0,0,0,0,0,0
1986,23,18,49,19.373,2,7,0,-1,0,0,1,1,25,0,0,0,1028,0,0,0,0,0,1,1,0,0,0,-47.97448421,0,0,0,0,3,1,1,5,10,0,0,0,3,1,1,5,1000,0,0,0,0,0,0,0,0,0,0,0,0,0,0,0,0,0,0,0,0,0,0,0,0,0,0,0,0,0,0,0,0,0,0,0,0,0,0,0,0,0,0,0,0,0,0,0,0,0,0,0
1986,23,18,50,55.373,2,7,0,-1,0,0,1,1,25,0,0,0,1028,0,0,0,0,0,1,1,0,0,0,-47.93225122,0,0,0,0,3,1,1,5,10,0,0,0,3,1,1,5,1000,0,0,0,0,0,0,0,0,0,0,0,0,0,0,0,0,0,0,0,0,0,0,0,0,0,0,0,0,0,0,0,0,0,0,0,0,0,0,0,0,0,0,0,0,0,0,0,0,0,0,0
1986,23,18,54,55.373,2,7,0,-1,0,0,1,1,25,0,0,0,1028,0,0,0,0,0,1,1,0,0,0,-47.8266695,0,0,0,0,3,1,1,5,10,0,0,0,3,1,1,5,1000,0,0,0,0,0,0,0,0,0,0,0,0,0,0,0,0,0,0,0,0,0,0,0,0,0,0,0,0,0,0,0,0,0,0,0,0,0,0,0,0,0,0,0,0,0,0,0,0,0,0,0
1986,23,18,56,31.373,2,7,0,-1,0,0,1,1,25,0,0,0,1028,0,0,0,0,0,1,1,0,0,0,-47.78443712,0,0,0,0,3,1,1,5,10,0,0,0,3,1,1,5,1000,0,0,0,0,0,0,0,0,0,0,0,0,0,0,0,0,0,0,0,0,0,0,0,0,0,0,0,0,0,0,0,0,0,0,0,0,0,0,0,0,0,0,0,0,0,0,0,0,0,0,0
1986,23,18,58,7.373,2,7,0,-1,0,0,1,1,25,0,0,0,1028,0,0,0,0,0,1,1,0,0,0,-47.74220492,0,0,0,0,3,1,1,5,10,0,0,0,3,1,1,5,1000,0,0,0,0,0,0,0,0,0,0,0,0,0,0,0,0,0,0,0,0,0,0,0,0,0,0,0,0,0,0,0,0,0,0,0,0,0,0,0,0,0,0,0,0,0,0,0,0,0,0,0
1986,23,18,59,43.373,2,7,0,-1,0,0,1,1,25,0,0,0,1028,0,0,0,0,0,1,1,0,0,0,-47.69997289,0,0,0,0,3,1,1,5,10,0,0,0,3,1,1,5,1000,0,0,0,0,0,0,0,0,0,0,0,0,0,0,0,0,0,0,0,0,0,0,0,0,0,0,0,0,0,0,0,0,0,0,0,0,0,0,0,0,0,0,0,0,0,0,0,0,0,0,0
1986,23,19,1,19.372,2,7,0,-1,0,0,1,1,25,0,0,0,1028,0,0,0,0,0,1,1,0,0,0,-47.65774148,0,0,0,0,3,1,1,5,10,0,0,0,3,1,1,5,1000,0,0,0,0,0,0,0,0,0,0,0,0,0,0,0,0,0,0,0,0,0,0,0,0,0,0,0,0,0,0,0,0,0,0,0,0,0,0,0,0,0,0,0,0,0,0,0,0,0,0,0
1986,23,19,2,55.372,2,7,0,-1,0,0,1,1,25,0,0,0,1028,0,0,0,0,0,1,1,0,0,0,-47.61550981,0,0,0,0,3,1,1,5,10,0,0,0,3,1,1,5,1000,0,0,0,0,0,0,0,0,0,0,0,0,0,0,0,0,0,0,0,0,0,0,0,0,0,0,0,0,0,0,0,0,0,0,0,0,0,0,0,0,0,0,0,0,0,0,0,0,0,0,0
1986,23,19,6,55.372,2,7,0,-1,0,0,1,1,25,0,0,0,1028,0,0,0,0,0,1,1,0,0,0,-47.50993142,0,0,0,0,3,1,1,5,10,0,0,0,3,1,1,5,1000,0,0,0,0,0,0,0,0,0,0,0,0,0,0,0,0,0,0,0,0,0,0,0,0,0,0,0,0,0,0,0,0,0,0,0,0,0,0,0,0,0,0,0,0,0,0,0,0,0,0,0
1986,23,19,8,31.372,2,7,0,-1,0,0,1,1,25,0,0,0,1028,0,0,0,0,0,1,1,0,0,0,-47.46770038,0,0,0,0,3,1,1,5,10,0,0,0,3,1,1,5,1000,0,0,0,0,0,0,0,0,0,0,0,0,0,0,0,0,0,0,0,0,0,0,0,0,0,0,0,0,0,0,0,0,0,0,0,0,0,0,0,0,0,0,0,0,0,0,0,0,0,0,0
1986,23,19,10,7.372,2,7,0,-1,0,0,1,1,25,0,0,0,1028,0,0,0,0,0,1,1,0,0,0,-47.42546951,0,0,0,0,3,1,1,5,10,0,0,0,3,1,1,5,1000,0,0,0,0,0,0,0,0,0,0,0,0,0,0,0,0,0,0,0,0,0,0,0,0,0,0,0,0,0,0,0,0,0,0,0,0,0,0,0,0,0,0,0,0,0,0,0,0,0,0,0
1986,23,19,11,43.372,2,7,0,-1,0,0,1,1,25,0,0,0,1028,0,0,0,0,0,1,1,0,0,0,-47.38323884,0,0,0,0,3,1,1,5,10,0,0,0,3,1,1,5,1000,0,0,0,0,0,0,0,0,0,0,0,0,0,0,0,0,0,0,0,0,0,0,0,0,0,0,0,0,0,0,0,0,0,0,0,0,0,0,0,0,0,0,0,0,0,0,0,0,0,0,0
1986,23,19,13,19.372,2,7,0,-1,0,0,1,1,25,0,0,0,1028,0,0,0,0,0,1,1,0,0,0,-47.34100834,0,0,0,0,3,1,1,5,10,0,0,0,3,1,1,5,1000,0,0,0,0,0,0,0,0,0,0,0,0,0,0,0,0,0,0,0,0,0,0,0,0,0,0,0,0,0,0,0,0,0,0,0,0,0,0,0,0,0,0,0,0,0,0,0,0,0,0,0
1986,23,19,14,55.372,2,7,0,-1,0,0,1,1,25,0,0,0,1028,0,0,0,0,0,1,1,0,0,0,-47.29877803,0,0,0,0,3,1,1,5,10,0,0,0,3,1,1,5,1000,0,0,0,0,0,0,0,0,0,0,0,0,0,0,0,0,0,0,0,0,0,0,0,0,0,0,0,0,0,0,0,0,0,0,0,0,0,0,0,0,0,0,0,0,0,0,0,0,0,0,0
1986,23,19,18,55.371,2,7,0,-1,0,0,1,1,25,0,0,0,1028,0,0,0,0,0,1,1,0,0,0,-47.19320349,0,0,0,0,3,1,1,5,10,0,0,0,3,1,1,5,1000,0,0,0,0,0,0,0,0,0,0,0,0,0,0,0,0,0,0,0,0,0,0,0,0,0,0,0,0,0,0,0,0,0,0,0,0,0,0,0,0,0,0,0,0,0,0,0,0,0,0,0
1986,23,19,20,31.371,2,7,0,-1,0,0,1,1,25,0,0,0,1028,0,0,0,0,0,1,1,0,0,0,-47.15097383,0,0,0,0,3,1,1,5,10,0,0,0,3,1,1,5,1000,0,0,0,0,0,0,0,0,0,0,0,0,0,0,0,0,0,0,0,0,0,0,0,0,0,0,0,0,0,0,0,0,0,0,0,0,0,0,0,0,0,0,0,0,0,0,0,0,0,0,0
1986,23,19,22,7.371,2,7,0,-1,0,0,1,1,25,0,0,0,1028,0,0,0,0,0,1,1,0,0,0,-47.10874435,0,0,0,0,3,1,1,5,10,0,0,0,3,1,1,5,1000,0,0,0,0,0,0,0,0,0,0,0,0,0,0,0,0,0,0,0,0,0,0,0,0,0,0,0,0,0,0,0,0,0,0,0,0,0,0,0,0,0,0,0,0,0,0,0,0,0,0,0
1986,23,19,23,43.371,2,7,0,-1,0,0,1,1,25,0,0,0,1028,0,0,0,0,0,1,1,0,0,0,-47.06651506,0,0,0,0,3,1,1,5,10,0,0,0,3,1,1,5,1000,0,0,0,0,0,0,0,0,0,0,0,0,0,0,0,0,0,0,0,0,0,0,0,0,0,0,0,0,0,0,0,0,0,0,0,0,0,0,0,0,0,0,0,0,0,0,0,0,0,0,0
1986,23,19,25,19.371,2,7,0,-1,0,0,1,1,25,0,0,0,1028,0,0,0,0,0,1,1,0,0,0,-47.02428596,0,0,0,0,3,1,1,5,10,0,0,0,3,1,1,5,1000,0,0,0,0,0,0,0,0,0,0,0,0,0,0,0,0,0,0,0,0,0,0,0,0,0,0,0,0,0,0,0,0,0,0,0,0,0,0,0,0,0,0,0,0,0,0,0,0,0,0,0
1986,23,19,26,55.371,2,7,0,-1,0,0,1,1,25,0,0,0,1028,0,0,0,0,0,1,1,0,0,0,-46.98205704,0,0,0,0,3,1,1,5,10,0,0,0,3,1,1,5,1000,0,0,0,0,0,0,0,0,0,0,0,0,0,0,0,0,0,0,0,0,0,0,0,0,0,0,0,0,0,0,0,0,0,0,0,0,0,0,0,0,0,0,0,0,0,0,0,0,0,0,0
1986,23,19,30,55.371,2,7,0,-1,0,0,1,1,25,0,0,0,1028,0,0,0,0,0,1,1,0,0,0,-46.87648581,0,0,0,0,3,1,1,5,10,0,0,0,3,1,1,5,1000,0,0,0,0,0,0,0,0,0,0,0,0,0,0,0,0,0,0,0,0,0,0,0,0,0,0,0,0,0,0,0,0,0,0,0,0,0,0,0,0,0,0,0,0,0,0,0,0,0,0,0
1986,23,19,32,31.37,2,7,0,-1,0,0,1,1,25,0,0,0,1028,0,0,0,0,0,1,1,0,0,0,-46.83425778,0,0,0,0,3,1,1,5,10,0,0,0,3,1,1,5,1000,0,0,0,0,0,0,0,0,0,0,0,0,0,0,0,0,0,0,0,0,0,0,0,0,0,0,0,0,0,0,0,0,0,0,0,0,0,0,0,0,0,0,0,0,0,0,0,0,0,0,0
1986,23,19,34,7.37,2,7,0,-1,0,0,1,1,25,0,0,0,1028,0,0,0,0,0,1,1,0,0,0,-46.79202972,0,0,0,0,3,1,1,5,10,0,0,0,3,1,1,5,1000,0,0,0,0,0,0,0,0,0,0,0,0,0,0,0,0,0,0,0,0,0,0,0,0,0,0,0,0,0,0,0,0,0,0,0,0,0,0,0,0,0,0,0,0,0,0,0,0,0,0,0
1986,23,19,35,43.37,2,7,0,-1,0,0,1,1,25,0,0,0,1028,0,0,0,0,0,1,1,0,0,0,-46.74980186,0,0,0,0,3,1,1,5,10,0,0,0,3,1,1,5,1000,0,0,0,0,0,0,0,0,0,0,0,0,0,0,0,0,0,0,0,0,0,0,0,0,0,0,0,0,0,0,0,0,0,0,0,0,0,0,0,0,0,0,0,0,0,0,0,0,0,0,0
1986,23,19,37,19.37,2,7,0,-1,0,0,1,1,25,0,0,0,1028,0,0,0,0,0,1,1,0,0,0,-46.70757419,0,0,0,0,3,1,1,5,10,0,0,0,3,1,1,5,1000,0,0,0,0,0,0,0,0,0,0,0,0,0,0,0,0,0,0,0,0,0,0,0,0,0,0,0,0,0,0,0,0,0,0,0,0,0,0,0,0,0,0,0,0,0,0,0,0,0,0,0
1986,23,19,38,55.37,2,7,0,-1,0,0,1,1,25,0,0,0,1028,0,0,0,0,0,1,1,0,0,0,-46.66534671,0,0,0,0,3,1,1,5,10,0,0,0,3,1,1,5,1000,0,0,0,0,0,0,0,0,0,0,0,0,0,0,0,0,0,0,0,0,0,0,0,0,0,0,0,0,0,0,0,0,0,0,0,0,0,0,0,0,0,0,0,0,0,0,0,0,0,0,0
1986,23,19,42,55.37,2,7,0,-1,0,0,1,1,25,0,0,0,1028,0,0,0,0,0,1,1,0,0,0,-46.55977887,0,0,0,0,3,1,1,5,10,0,0,0,3,1,1,5,1000,0,0,0,0,0,0,0,0,0,0,0,0,0,0,0,0,0,0,0,0,0,0,0,0,0,0,0,0,0,0,0,0,0,0,0,0,0,0,0,0,0,0,0,0,0,0,0,0,0,0,0
1986,23,19,44,31.37,2,7,0,-1,0,0,1,1,25,0,0,0,1028,0,0,0,0,0,1,1,0,0,0,-46.51755208,0,0,0,0,3,1,1,5,10,0,0,0,3,1,1,5,1000,0,0,0,0,0,0,0,0,0,0,0,0,0,0,0,0,0,0,0,0,0,0,0,0,0,0,0,0,0,0,0,0,0,0,0,0,0,0,0,0,0,0,0,0,0,0,0,0,0,0,0
1986,23,19,46,7.37,2,7,0,-1,0,0,1,1,25,0,0,0,1028,0,0,0,0,0,1,1,0,0,0,-46.47532571,0,0,0,0,3,1,1,5,10,0,0,0,3,1,1,5,1000,0,0,0,0,0,0,0,0,0,0,0,0,0,0,0,0,0,0,0,0,0,0,0,0,0,0,0,0,0,0,0,0,0,0,0,0,0,0,0,0,0,0,0,0,0,0,0,0,0,0,0
1986,23,19,47,43.37,2,7,0,-1,0,0,1,1,25,0,0,0,1028,0,0,0,0,0,1,1,0,0,0,-46.43309909,0,0,0,0,3,1,1,5,10,0,0,0,3,1,1,5,1000,0,0,0,0,0,0,0,0,0,0,0,0,0,0,0,0,0,0,0,0,0,0,0,0,0,0,0,0,0,0,0,0,0,0,0,0,0,0,0,0,0,0,0,0,0,0,0,0,0,0,0
1986,23,19,49,19.369,2,7,0,-1,0,0,1,1,25,0,0,0,1028,0,0,0,0,0,1,1,0,0,0,-46.39087333,0,0,0,0,3,1,1,5,10,0,0,0,3,1,1,5,1000,0,0,0,0,0,0,0,0,0,0,0,0,0,0,0,0,0,0,0,0,0,0,0,0,0,0,0,0,0,0,0,0,0,0,0,0,0,0,0,0,0,0,0,0,0,0,0,0,0,0,0
1986,23,19,50,55.37,2,7,0,-1,0,0,1,1,25,0,0,0,1028,0,0,0,0,0,1,1,0,0,0,-46.34864712,0,0,0,0,3,1,1,5,10,0,0,0,3,1,1,5,1000,0,0,0,0,0,0,0,0,0,0,0,0,0,0,0,0,0,0,0,0,0,0,0,0,0,0,0,0,0,0,0,0,0,0,0,0,0,0,0,0,0,0,0,0,0,0,0,0,0,0,0
1986,23,19,54,55.37,2,7,0,-1,0,0,1,1,25,0,0,0,1028,0,0,0,0,0,1,1,0,0,0,-46.243083,0,0,0,0,3,1,1,5,10,0,0,0,3,1,1,5,1000,0,0,0,0,0,0,0,0,0,0,0,0,0,0,0,0,0,0,0,0,0,0,0,0,0,0,0,0,0,0,0,0,0,0,0,0,0,0,0,0,0,0,0,0,0,0,0,0,0,0,0
1986,23,19,56,31.37,2,7,0,-1,0,0,1,1,25,0,0,0,1028,0,0,0,0,0,1,1,0,0,0,-46.2008577,0,0,0,0,3,1,1,5,10,0,0,0,3,1,1,5,1000,0,0,0,0,0,0,0,0,0,0,0,0,0,0,0,0,0,0,0,0,0,0,0,0,0,0,0,0,0,0,0,0,0,0,0,0,0,0,0,0,0,0,0,0,0,0,0,0,0,0,0
1986,23,19,58,7.369,2,7,0,-1,0,0,1,1,25,0,0,0,1028,0,0,0,0,0,1,1,0,0,0,-46.15863283,0,0,0,0,3,1,1,5,10,0,0,0,3,1,1,5,1000,0,0,0,0,0,0,0,0,0,0,0,0,0,0,0,0,0,0,0,0,0,0,0,0,0,0,0,0,0,0,0,0,0,0,0,0,0,0,0,0,0,0,0,0,0,0,0,0,0,0,0
1986,23,19,59,43.37,2,7,0,-1,0,0,1,1,25,0,0,0,1028,0,0,0,0,0,1,1,0,0,0,-46.11640751,0,0,0,0,3,1,1,5,10,0,0,0,3,1,1,5,1000,0,0,0,0,0,0,0,0,0,0,0,0,0,0,0,0,0,0,0,0,0,0,0,0,0,0,0,0,0,0,0,0,0,0,0,0,0,0,0,0,0,0,0,0,0,0,0,0,0,0,0
1986,23,20,1,19.368,2,7,0,-1,0,0,1,1,25,0,0,0,1028,0,0,0,0,0,1,1,0,0,0,-46.0741837,0,0,0,0,3,1,1,5,10,0,0,0,3,1,1,5,1000,0,0,0,0,0,0,0,0,0,0,0,0,0,0,0,0,0,0,0,0,0,0,0,0,0,0,0,0,0,0,0,0,0,0,0,0,0,0,0,0,0,0,0,0,0,0,0,0,0,0,0
1986,23,20,2,55.368,2,7,0,-1,0,0,1,1,25,0,0,0,1028,0,0,0,0,0,1,1,0,0,0,-46.03195923,0,0,0,0,3,1,1,5,10,0,0,0,3,1,1,5,1000,0,0,0,0,0,0,0,0,0,0,0,0,0,0,0,0,0,0,0,0,0,0,0,0,0,0,0,0,0,0,0,0,0,0,0,0,0,0,0,0,0,0,0,0,0,0,0,0,0,0,0
1986,23,20,6,55.368,2,7,0,-1,0,0,1,1,25,0,0,0,1028,0,0,0,0,0,1,1,0,0,0,-45.92639893,0,0,0,0,3,1,1,5,10,0,0,0,3,1,1,5,1000,0,0,0,0,0,0,0,0,0,0,0,0,0,0,0,0,0,0,0,0,0,0,0,0,0,0,0,0,0,0,0,0,0,0,0,0,0,0,0,0,0,0,0,0,0,0,0,0,0,0,0
1986,23,20,8,31.368,2,7,0,-1,0,0,1,1,25,0,0,0,1028,0,0,0,0,0,1,1,0,0,0,-45.88417518,0,0,0,0,3,1,1,5,10,0,0,0,3,1,1,5,1000,0,0,0,0,0,0,0,0,0,0,0,0,0,0,0,0,0,0,0,0,0,0,0,0,0,0,0,0,0,0,0,0,0,0,0,0,0,0,0,0,0,0,0,0,0,0,0,0,0,0,0
1986,23,20,10,7.368,2,7,0,-1,0,0,1,1,25,0,0,0,1028,0,0,0,0,0,1,1,0,0,0,-45.84195163,0,0,0,0,3,1,1,5,10,0,0,0,3,1,1,5,1000,0,0,0,0,0,0,0,0,0,0,0,0,0,0,0,0,0,0,0,0,0,0,0,0,0,0,0,0,0,0,0,0,0,0,0,0,0,0,0,0,0,0,0,0,0,0,0,0,0,0,0
1986,23,20,11,43.368,2,7,0,-1,0,0,1,1,25,0,0,0,1028,0,0,0,0,0,1,1,0,0,0,-45.7997283,0,0,0,0,3,1,1,5,10,0,0,0,3,1,1,5,1000,0,0,0,0,0,0,0,0,0,0,0,0,0,0,0,0,0,0,0,0,0,0,0,0,0,0,0,0,0,0,0,0,0,0,0,0,0,0,0,0,0,0,0,0,0,0,0,0,0,0,0
1986,23,20,13,19.368,2,7,0,-1,0,0,1,1,25,0,0,0,1028,0,0,0,0,0,1,1,0,0,0,-45.75750517,0,0,0,0,3,1,1,5,10,0,0,0,3,1,1,5,1000,0,0,0,0,0,0,0,0,0,0,0,0,0,0,0,0,0,0,0,0,0,0,0,0,0,0,0,0,0,0,0,0,0,0,0,0,0,0,0,0,0,0,0,0,0,0,0,0,0,0,0
1986,23,20,14,55.368,2,7,0,-1,0,0,1,1,25,0,0,0,1028,0,0,0,0,0,1,1,0,0,0,-45.71528226,0,0,0,0,3,1,1,5,10,0,0,0,3,1,1,5,1000,0,0,0,0,0,0,0,0,0,0,0,0,0,0,0,0,0,0,0,0,0,0,0,0,0,0,0,0,0,0,0,0,0,0,0,0,0,0,0,0,0,0,0,0,0,0,0,0,0,0,0
1986,23,20,18,55.367,2,7,0,-1,0,0,1,1,25,0,0,0,1028,0,0,0,0,0,1,1,0,0,0,-45.60972634,0,0,0,0,3,1,1,5,10,0,0,0,3,1,1,5,1000,0,0,0,0,0,0,0,0,0,0,0,0,0,0,0,0,0,0,0,0,0,0,0,0,0,0,0,0,0,0,0,0,0,0,0,0,0,0,0,0,0,0,0,0,0,0,0,0,0,0,0
1986,23,20,20,31.367,2,7,0,-1,0,0,1,1,25,0,0,0,1028,0,0,0,0,0,1,1,0,0,0,-45.56750417,0,0,0,0,3,1,1,5,10,0,0,0,3,1,1,5,1000,0,0,0,0,0,0,0,0,0,0,0,0,0,0,0,0,0,0,0,0,0,0,0,0,0,0,0,0,0,0,0,0,0,0,0,0,0,0,0,0,0,0,0,0,0,0,0,0,0,0,0
1986,23,20,22,7.367,2,7,0,-1,0,0,1,1,25,0,0,0,1028,0,0,0,0,0,1,1,0,0,0,-45.52528221,0,0,0,0,3,1,1,5,10,0,0,0,3,1,1,5,1000,0,0,0,0,0,0,0,0,0,0,0,0,0,0,0,0,0,0,0,0,0,0,0,0,0,0,0,0,0,0,0,0,0,0,0,0,0,0,0,0,0,0,0,0,0,0,0,0,0,0,0
1986,23,20,23,43.367,2,7,0,-1,0,0,1,1,25,0,0,0,1028,0,0,0,0,0,1,1,0,0,0,-45.48306047,0,0,0,0,3,1,1,5,10,0,0,0,3,1,1,5,1000,0,0,0,0,0,0,0,0,0,0,0,0,0,0,0,0,0,0,0,0,0,0,0,0,0,0,0,0,0,0,0,0,0,0,0,0,0,0,0,0,0,0,0,0,0,0,0,0,0,0,0
1986,23,20,25,19.367,2,7,0,-1,0,0,1,1,25,0,0,0,1028,0,0,0,0,0,1,1,0,0,0,-45.44083894,0,0,0,0,3,1,1,5,10,0,0,0,3,1,1,5,1000,0,0,0,0,0,0,0,0,0,0,0,0,0,0,0,0,0,0,0,0,0,0,0,0,0,0,0,0,0,0,0,0,0,0,0,0,0,0,0,0,0,0,0,0,0,0,0,0,0,0,0
1986,23,20,26,55.367,2,7,0,-1,0,0,1,1,25,0,0,0,1028,0,0,0,0,0,1,1,0,0,0,-45.39861763,0,0,0,0,3,1,1,5,10,0,0,0,3,1,1,5,1000,0,0,0,0,0,0,0,0,0,0,0,0,0,0,0,0,0,0,0,0,0,0,0,0,0,0,0,0,0,0,0,0,0,0,0,0,0,0,0,0,0,0,0,0,0,0,0,0,0,0,0
1986,23,20,30,55.367,2,7,0,-1,0,0,1,1,25,0,0,0,1028,0,0,0,0,0,1,1,0,0,0,-45.29306553,0,0,0,0,3,1,1,5,10,0,0,0,3,1,1,5,1000,0,0,0,0,0,0,0,0,0,0,0,0,0,0,0,0,0,0,0,0,0,0,0,0,0,0,0,0,0,0,0,0,0,0,0,0,0,0,0,0,0,0,0,0,0,0,0,0,0,0,0
1986,23,20,32,31.366,2,7,0,-1,0,0,1,1,25,0,0,0,1028,0,0,0,0,0,1,1,0,0,0,-45.2508452,0,0,0,0,3,1,1,5,10,0,0,0,3,1,1,5,1000,0,0,0,0,0,0,0,0,0,0,0,0,0,0,0,0,0,0,0,0,0,0,0,0,0,0,0,0,0,0,0,0,0,0,0,0,0,0,0,0,0,0,0,0,0,0,0,0,0,0,0
1986,23,20,34,7.366,2,7,0,-1,0,0,1,1,25,0,0,0,1028,0,0,0,0,0,1,1,0,0,0,-45.20862488,0,0,0,0,3,1,1,5,10,0,0,0,3,1,1,5,1000,0,0,0,0,0,0,0,0,0,0,0,0,0,0,0,0,0,0,0,0,0,0,0,0,0,0,0,0,0,0,0,0,0,0,0,0,0,0,0,0,0,0,0,0,0,0,0,0,0,0,0
1986,23,20,35,43.366,2,7,0,-1,0,0,1,1,25,0,0,0,1028,0,0,0,0,0,1,1,0,0,0,-45.16640478,0,0,0,0,3,1,1,5,10,0,0,0,3,1,1,5,1000,0,0,0,0,0,0,0,0,0,0,0,0,0,0,0,0,0,0,0,0,0,0,0,0,0,0,0,0,0,0,0,0,0,0,0,0,0,0,0,0,0,0,0,0,0,0,0,0,0,0,0
1986,23,20,37,19.366,2,7,0,-1,0,0,1,1,25,0,0,0,1028,0,0,0,0,0,1,1,0,0,0,-45.12418489,0,0,0,0,3,1,1,5,10,0,0,0,3,1,1,5,1000,0,0,0,0,0,0,0,0,0,0,0,0,0,0,0,0,0,0,0,0,0,0,0,0,0,0,0,0,0,0,0,0,0,0,0,0,0,0,0,0,0,0,0,0,0,0,0,0,0,0,0
1986,23,20,38,55.366,2,7,0,-1,0,0,1,1,25,0,0,0,1028,0,0,0,0,0,1,1,0,0,0,-45.08196523,0,0,0,0,3,1,1,5,10,0,0,0,3,1,1,5,1000,0,0,0,0,0,0,0,0,0,0,0,0,0,0,0,0,0,0,0,0,0,0,0,0,0,0,0,0,0,0,0,0,0,0,0,0,0,0,0,0,0,0,0,0,0,0,0,0,0,0,0
1986,23,20,42,55.366,2,7,0,-1,0,0,1,1,25,0,0,0,1028,0,0,0,0,0,1,1,0,0,0,-44.97641706,0,0,0,0,3,1,1,5,10,0,0,0,3,1,1,5,1000,0,0,0,0,0,0,0,0,0,0,0,0,0,0,0,0,0,0,0,0,0,0,0,0,0,0,0,0,0,0,0,0,0,0,0,0,0,0,0,0,0,0,0,0,0,0,0,0,0,0,0
1986,23,20,44,31.366,2,7,0,-1,0,0,1,1,25,0,0,0,1028,0,0,0,0,0,1,1,0,0,0,-44.93419819,0,0,0,0,3,1,1,5,10,0,0,0,3,1,1,5,1000,0,0,0,0,0,0,0,0,0,0,0,0,0,0,0,0,0,0,0,0,0,0,0,0,0,0,0,0,0,0,0,0,0,0,0,0,0,0,0,0,0,0,0,0,0,0,0,0,0,0,0
1986,23,20,46,7.366,2,7,0,-1,0,0,1,1,25,0,0,0,1028,0,0,0,0,0,1,1,0,0,0,-44.89197976,0,0,0,0,3,1,1,5,10,0,0,0,3,1,1,5,1000,0,0,0,0,0,0,0,0,0,0,0,0,0,0,0,0,0,0,0,0,0,0,0,0,0,0,0,0,0,0,0,0,0,0,0,0,0,0,0,0,0,0,0,0,0,0,0,0,0,0,0
1986,23,20,47,43.365,2,7,0,-1,0,0,1,1,25,0,0,0,1028,0,0,0,0,0,1,1,0,0,0,-44.84976156,0,0,0,0,3,1,1,5,10,0,0,0,3,1,1,5,1000,0,0,0,0,0,0,0,0,0,0,0,0,0,0,0,0,0,0,0,0,0,0,0,0,0,0,0,0,0,0,0,0,0,0,0,0,0,0,0,0,0,0,0,0,0,0,0,0,0,0,0
1986,23,20,49,19.365,2,7,0,-1,0,0,1,1,25,0,0,0,1028,0,0,0,0,0,1,1,0,0,0,-44.80754336,0,0,0,0,3,1,1,5,10,0,0,0,3,1,1,5,1000,0,0,0,0,0,0,0,0,0,0,0,0,0,0,0,0,0,0,0,0,0,0,0,0,0,0,0,0,0,0,0,0,0,0,0,0,0,0,0,0,0,0,0,0,0,0,0,0,0,0,0
1986,23,20,50,55.365,2,7,0,-1,0,0,1,1,25,0,0,0,1028,0,0,0,0,0,1,1,0,0,0,-44.7653254,0,0,0,0,3,1,1,5,10,0,0,0,3,1,1,5,1000,0,0,0,0,0,0,0,0,0,0,0,0,0,0,0,0,0,0,0,0,0,0,0,0,0,0,0,0,0,0,0,0,0,0,0,0,0,0,0,0,0,0,0,0,0,0,0,0,0,0,0
1986,23,20,54,55.365,2,7,0,-1,0,0,1,1,25,0,0,0,1028,0,0,0,0,0,1,1,0,0,0,-44.65978149,0,0,0,0,3,1,1,5,10,0,0,0,3,1,1,5,1000,0,0,0,0,0,0,0,0,0,0,0,0,0,0,0,0,0,0,0,0,0,0,0,0,0,0,0,0,0,0,0,0,0,0,0,0,0,0,0,0,0,0,0,0,0,0,0,0,0,0,0
1986,23,20,56,31.365,2,7,0,-1,0,0,1,1,25,0,0,0,1028,0,0,0,0,0,1,1,0,0,0,-44.61756433,0,0,0,0,3,1,1,5,10,0,0,0,3,1,1,5,1000,0,0,0,0,0,0,0,0,0,0,0,0,0,0,0,0,0,0,0,0,0,0,0,0,0,0,0,0,0,0,0,0,0,0,0,0,0,0,0,0,0,0,0,0,0,0,0,0,0,0,0
1986,23,20,58,7.365,2,7,0,-1,0,0,1,1,25,0,0,0,1028,0,0,0,0,0,1,1,0,0,0,-44.57534741,0,0,0,0,3,1,1,5,10,0,0,0,3,1,1,5,1000,0,0,0,0,0,0,0,0,0,0,0,0,0,0,0,0,0,0,0,0,0,0,0,0,0,0,0,0,0,0,0,0,0,0,0,0,0,0,0,0,0,0,0,0,0,0,0,0,0,0,0
1986,23,20,59,43.365,2,7,0,-1,0,0,1,1,25,0,0,0,1028,0,0,0,0,0,1,1,0,0,0,-44.53313071,0,0,0,0,3,1,1,5,10,0,0,0,3,1,1,5,1000,0,0,0,0,0,0,0,0,0,0,0,0,0,0,0,0,0,0,0,0,0,0,0,0,0,0,0,0,0,0,0,0,0,0,0,0,0,0,0,0,0,0,0,0,0,0,0,0,0,0,0
1986,23,21,1,19.365,2,7,0,-1,0,0,1,1,25,0,0,0,1028,0,0,0,0,0,1,1,0,0,0,-44.49091447,0,0,0,0,3,1,1,5,10,0,0,0,3,1,1,5,1000,0,0,0,0,0,0,0,0,0,0,0,0,0,0,0,0,0,0,0,0,0,0,0,0,0,0,0,0,0,0,0,0,0,0,0,0,0,0,0,0,0,0,0,0,0,0,0,0,0,0,0
1986,23,21,2,55.364,2,7,0,-1,0,0,1,1,25,0,0,0,1028,0,0,0,0,0,1,1,0,0,0,-44.44869847,0,0,0,0,3,1,1,5,10,0,0,0,3,1,1,5,1000,0,0,0,0,0,0,0,0,0,0,0,0,0,0,0,0,0,0,0,0,0,0,0,0,0,0,0,0,0,0,0,0,0,0,0,0,0,0,0,0,0,0,0,0,0,0,0,0,0,0,0
1986,23,21,6,55.364,2,7,0,-1,0,0,1,1,25,0,0,0,1028,0,0,0,0,0,1,1,0,0,0,-44.34315894,0,0,0,0,3,1,1,5,10,0,0,0,3,1,1,5,1000,0,0,0,0,0,0,0,0,0,0,0,0,0,0,0,0,0,0,0,0,0,0,0,0,0,0,0,0,0,0,0,0,0,0,0,0,0,0,0,0,0,0,0,0,0,0,0,0,0,0,0
1986,23,21,8,31.364,2,7,0,-1,0,0,1,1,25,0,0,0,1028,0,0,0,0,0,1,1,0,0,0,-44.30094354,0,0,0,0,3,1,1,5,10,0,0,0,3,1,1,5,1000,0,0,0,0,0,0,0,0,0,0,0,0,0,0,0,0,0,0,0,0,0,0,0,0,0,0,0,0,0,0,0,0,0,0,0,0,0,0,0,0,0,0,0,0,0,0,0,0,0,0,0
1986,23,21,10,7.364,2,7,0,-1,0,0,1,1,25,0,0,0,1028,0,0,0,0,0,1,1,0,0,0,-44.25872838,0,0,0,0,3,1,1,5,10,0,0,0,3,1,1,5,1000,0,0,0,0,0,0,0,0,0,0,0,0,0,0,0,0,0,0,0,0,0,0,0,0,0,0,0,0,0,0,0,0,0,0,0,0,0,0,0,0,0,0,0,0,0,0,0,0,0,0,0
1986,23,21,11,43.364,2,7,0,-1,0,0,1,1,25,0,0,0,1028,0,0,0,0,0,1,1,0,0,0,-44.21651346,0,0,0,0,3,1,1,5,10,0,0,0,3,1,1,5,1000,0,0,0,0,0,0,0,0,0,0,0,0,0,0,0,0,0,0,0,0,0,0,0,0,0,0,0,0,0,0,0,0,0,0,0,0,0,0,0,0,0,0,0,0,0,0,0,0,0,0,0
1986,23,21,13,19.364,2,7,0,-1,0,0,1,1,25,0,0,0,1028,0,0,0,0,0,1,1,0,0,0,-44.17429878,0,0,0,0,3,1,1,5,10,0,0,0,3,1,1,5,1000,0,0,0,0,0,0,0,0,0,0,0,0,0,0,0,0,0,0,0,0,0,0,0,0,0,0,0,0,0,0,0,0,0,0,0,0,0,0,0,0,0,0,0,0,0,0,0,0,0,0,0
1986,23,21,14,55.364,2,7,0,-1,0,0,1,1,25,0,0,0,1028,0,0,0,0,0,1,1,0,0,0,-44.13208434,0,0,0,0,3,1,1,5,10,0,0,0,3,1,1,5,1000,0,0,0,0,0,0,0,0,0,0,0,0,0,0,0,0,0,0,0,0,0,0,0,0,0,0,0,0,0,0,0,0,0,0,0,0,0,0,0,0,0,0,0,0,0,0,0,0,0,0,0
1986,23,21,18,55.363,2,7,0,-1,0,0,1,1,25,0,0,0,1028,0,0,0,0,0,1,1,0,0,0,-44.02654975,0,0,0,0,3,1,1,5,10,0,0,0,3,1,1,5,1000,0,0,0,0,0,0,0,0,0,0,0,0,0,0,0,0,0,0,0,0,0,0,0,0,0,0,0,0,0,0,0,0,0,0,0,0,0,0,0,0,0,0,0,0,0,0,0,0,0,0,0
1986,23,21,20,31.363,2,7,0,-1,0,0,1,1,25,0,0,0,1028,0,0,0,0,0,1,1,0,0,0,-43.98433616,0,0,0,0,3,1,1,5,10,0,0,0,3,1,1,5,1000,0,0,0,0,0,0,0,0,0,0,0,0,0,0,0,0,0,0,0,0,0,0,0,0,0,0,0,0,0,0,0,0,0,0,0,0,0,0,0,0,0,0,0,0,0,0,0,0,0,0,0
1986,23,21,22,7.363,2,7,0,-1,0,0,1,1,25,0,0,0,1028,0,0,0,0,0,1,1,0,0,0,-43.94212281,0,0,0,0,3,1,1,5,10,0,0,0,3,1,1,5,1000,0,0,0,0,0,0,0,0,0,0,0,0,0,0,0,0,0,0,0,0,0,0,0,0,0,0,0,0,0,0,0,0,0,0,0,0,0,0,0,0,0,0,0,0,0,0,0,0,0,0,0
1986,23,21,23,43.363,2,7,0,-1,0,0,1,1,25,0,0,0,1028,0,0,0,0,0,1,1,0,0,0,-43.89990972,0,0,0,0,3,1,1,5,10,0,0,0,3,1,1,5,1000,0,0,0,0,0,0,0,0,0,0,0,0,0,0,0,0,0,0,0,0,0,0,0,0,0,0,0,0,0,0,0,0,0,0,0,0,0,0,0,0,0,0,0,0,0,0,0,0,0,0,0
1986,23,21,25,19.363,2,7,0,-1,0,0,1,1,25,0,0,0,1028,0,0,0,0,0,1,1,0,0,0,-43.85769686,0,0,0,0,3,1,1,5,10,0,0,0,3,1,1,5,1000,0,0,0,0,0,0,0,0,0,0,0,0,0,0,0,0,0,0,0,0,0,0,0,0,0,0,0,0,0,0,0,0,0,0,0,0,0,0,0,0,0,0,0,0,0,0,0,0,0,0,0
1986,23,21,26,55.363,2,7,0,-1,0,0,1,1,25,0,0,0,1028,0,0,0,0,0,1,1,0,0,0,-43.81548426,0,0,0,0,3,1,1,5,10,0,0,0,3,1,1,5,1000,0,0,0,0,0,0,0,0,0,0,0,0,0,0,0,0,0,0,0,0,0,0,0,0,0,0,0,0,0,0,0,0,0,0,0,0,0,0,0,0,0,0,0,0,0,0,0,0,0,0,0
1986,23,21,30,55.363,2,7,0,-1,0,0,1,1,25,0,0,0,1028,0,0,0,0,0,1,1,0,0,0,-43.70995384,0,0,0,0,3,1,1,5,10,0,0,0,3,1,1,5,1000,0,0,0,0,0,0,0,0,0,0,0,0,0,0,0,0,0,0,0,0,0,0,0,0,0,0,0,0,0,0,0,0,0,0,0,0,0,0,0,0,0,0,0,0,0,0,0,0,0,0,0
1986,23,21,32,31.362,2,7,0,-1,0,0,1,1,25,0,0,0,1028,0,0,0,0,0,1,1,0,0,0,-43.66774254,0,0,0,0,3,1,1,5,10,0,0,0,3,1,1,5,1000,0,0,0,0,0,0,0,0,0,0,0,0,0,0,0,0,0,0,0,0,0,0,0,0,0,0,0,0,0,0,0,0,0,0,0,0,0,0,0,0,0,0,0,0,0,0,0,0,0,0,0
1986,23,21,34,7.362,2,7,0,-1,0,0,1,1,25,0,0,0,1028,0,0,0,0,0,1,1,0,0,0,-43.62553106,0,0,0,0,3,1,1,5,10,0,0,0,3,1,1,5,1000,0,0,0,0,0,0,0,0,0,0,0,0,0,0,0,0,0,0,0,0,0,0,0,0,0,0,0,0,0,0,0,0,0,0,0,0,0,0,0,0,0,0,0,0,0,0,0,0,0,0,0
1986,23,21,35,43.362,2,7,0,-1,0,0,1,1,25,0,0,0,1028,0,0,0,0,0,1,1,0,0,0,-43.58331983,0,0,0,0,3,1,1,5,10,0,0,0,3,1,1,5,1000,0,0,0,0,0,0,0,0,0,0,0,0,0,0,0,0,0,0,0,0,0,0,0,0,0,0,0,0,0,0,0,0,0,0,0,0,0,0,0,0,0,0,0,0,0,0,0,0,0,0,0
1986,23,21,37,19.362,2,7,0,-1,0,0,1,1,25,0,0,0,1028,0,0,0,0,0,1,1,0,0,0,-43.54110886,0,0,0,0,3,1,1,5,10,0,0,0,3,1,1,5,1000,0,0,0,0,0,0,0,0,0,0,0,0,0,0,0,0,0,0,0,0,0,0,0,0,0,0,0,0,0,0,0,0,0,0,0,0,0,0,0,0,0,0,0,0,0,0,0,0,0,0,0
1986,23,21,38,55.362,2,7,0,-1,0,0,1,1,25,0,0,0,1028,0,0,0,0,0,1,1,0,0,0,-43.49889813,0,0,0,0,3,1,1,5,10,0,0,0,3,1,1,5,1000,0,0,0,0,0,0,0,0,0,0,0,0,0,0,0,0,0,0,0,0,0,0,0,0,0,0,0,0,0,0,0,0,0,0,0,0,0,0,0,0,0,0,0,0,0,0,0,0,0,0,0
1986,23,21,42,55.362,2,7,0,-1,0,0,1,1,25,0,0,0,1028,0,0,0,0,0,1,1,0,0,0,-43.39337244,0,0,0,0,3,1,1,5,10,0,0,0,3,1,1,5,1000,0,0,0,0,0,0,0,0,0,0,0,0,0,0,0,0,0,0,0,0,0,0,0,0,0,0,0,0,0,0,0,0,0,0,0,0,0,0,0,0,0,0,0,0,0,0,0,0,0,0,0
1986,23,21,44,31.362,2,7,0,-1,0,0,1,1,25,0,0,0,1028,0,0,0,0,0,1,1,0,0,0,-43.35116262,0,0,0,0,3,1,1,5,10,0,0,0,3,1,1,5,1000,0,0,0,0,0,0,0,0,0,0,0,0,0,0,0,0,0,0,0,0,0,0,0,0,0,0,0,0,0,0,0,0,0,0,0,0,0,0,0,0,0,0,0,0,0,0,0,0,0,0,0
1986,23,21,46,7.362,2,7,0,-1,0,0,1,1,25,0,0,0,1028,0,0,0,0,0,1,1,0,0,0,-43.30895305,0,0,0,0,3,1,1,5,10,0,0,0,3,1,1,5,1000,0,0,0,0,0,0,0,0,0,0,0,0,0,0,0,0,0,0,0,0,0,0,0,0,0,0,0,0,0,0,0,0,0,0,0,0,0,0,0,0,0,0,0,0,0,0,0,0,0,0,0
1986,23,21,47,43.361,2,7,0,-1,0,0,1,1,25,0,0,0,1028,0,0,0,0,0,1,1,0,0,0,-43.26674418,0,0,0,0,3,1,1,5,10,0,0,0,3,1,1,5,1000,0,0,0,0,0,0,0,0,0,0,0,0,0,0,0,0,0,0,0,0,0,0,0,0,0,0,0,0,0,0,0,0,0,0,0,0,0,0,0,0,0,0,0,0,0,0,0,0,0,0,0
1986,23,21,49,19.361,2,7,0,-1,0,0,1,1,25,0,0,0,1028,0,0,0,0,0,1,1,0,0,0,-43.22453512,0,0,0,0,3,1,1,5,10,0,0,0,3,1,1,5,1000,0,0,0,0,0,0,0,0,0,0,0,0,0,0,0,0,0,0,0,0,0,0,0,0,0,0,0,0,0,0,0,0,0,0,0,0,0,0,0,0,0,0,0,0,0,0,0,0,0,0,0
1986,23,21,50,55.361,2,7,0,-1,0,0,1,1,25,0,0,0,1028,0,0,0,0,0,1,1,0,0,0,-43.18232633,0,0,0,0,3,1,1,5,10,0,0,0,3,1,1,5,1000,0,0,0,0,0,0,0,0,0,0,0,0,0,0,0,0,0,0,0,0,0,0,0,0,0,0,0,0,0,0,0,0,0,0,0,0,0,0,0,0,0,0,0,0,0,0,0,0,0,0,0
1986,23,21,54,55.361,2,7,0,-1,0,0,1,1,25,0,0,0,1028,0,0,0,0,0,1,1,0,0,0,-43.0768055,0,0,0,0,3,1,1,5,10,0,0,0,3,1,1,5,1000,0,0,0,0,0,0,0,0,0,0,0,0,0,0,0,0,0,0,0,0,0,0,0,0,0,0,0,0,0,0,0,0,0,0,0,0,0,0,0,0,0,0,0,0,0,0,0,0,0,0,0
1986,23,21,56,31.361,2,7,0,-1,0,0,1,1,25,0,0,0,1028,0,0,0,0,0,1,1,0,0,0,-43.03459762,0,0,0,0,3,1,1,5,10,0,0,0,3,1,1,5,1000,0,0,0,0,0,0,0,0,0,0,0,0,0,0,0,0,0,0,0,0,0,0,0,0,0,0,0,0,0,0,0,0,0,0,0,0,0,0,0,0,0,0,0,0,0,0,0,0,0,0,0
1986,23,21,58,7.361,2,7,0,-1,0,0,1,1,25,0,0,0,1028,0,0,0,0,0,1,1,0,0,0,-42.99239001,0,0,0,0,3,1,1,5,10,0,0,0,3,1,1,5,1000,0,0,0,0,0,0,0,0,0,0,0,0,0,0,0,0,0,0,0,0,0,0,0,0,0,0,0,0,0,0,0,0,0,0,0,0,0,0,0,0,0,0,0,0,0,0,0,0,0,0,0
1986,23,21,59,43.361,2,7,0,-1,0,0,1,1,25,0,0,0,1028,0,0,0,0,0,1,1,0,0,0,-42.95018267,0,0,0,0,3,1,1,5,10,0,0,0,3,1,1,5,1000,0,0,0,0,0,0,0,0,0,0,0,0,0,0,0,0,0,0,0,0,0,0,0,0,0,0,0,0,0,0,0,0,0,0,0,0,0,0,0,0,0,0,0,0,0,0,0,0,0,0,0
1986,23,22,1,19.361,2,7,0,-1,0,0,1,1,25,0,0,0,1028,0,0,0,0,0,1,1,0,0,0,-42.90797581,0,0,0,0,3,1,1,5,10,0,0,0,3,1,1,5,1000,0,0,0,0,0,0,0,0,0,0,0,0,0,0,0,0,0,0,0,0,0,0,0,0,0,0,0,0,0,0,0,0,0,0,0,0,0,0,0,0,0,0,0,0,0,0,0,0,0,0,0
1986,23,22,2,55.36,2,7,0,-1,0,0,1,1,25,0,0,0,1028,0,0,0,0,0,1,1,0,0,0,-42.86576922,0,0,0,0,3,1,1,5,10,0,0,0,3,1,1,5,1000,0,0,0,0,0,0,0,0,0,0,0,0,0,0,0,0,0,0,0,0,0,0,0,0,0,0,0,0,0,0,0,0,0,0,0,0,0,0,0,0,0,0,0,0,0,0,0,0,0,0,0
1986,23,22,6,55.36,2,7,0,-1,0,0,1,1,25,0,0,0,1028,0,0,0,0,0,1,1,0,0,0,-42.76025337,0,0,0,0,3,1,1,5,10,0,0,0,3,1,1,5,1000,0,0,0,0,0,0,0,0,0,0,0,0,0,0,0,0,0,0,0,0,0,0,0,0,0,0,0,0,0,0,0,0,0,0,0,0,0,0,0,0,0,0,0,0,0,0,0,0,0,0,0
1986,23,22,8,31.36,2,7,0,-1,0,0,1,1,25,0,0,0,1028,0,0,0,0,0,1,1,0,0,0,-42.7180475,0,0,0,0,3,1,1,5,10,0,0,0,3,1,1,5,1000,0,0,0,0,0,0,0,0,0,0,0,0,0,0,0,0,0,0,0,0,0,0,0,0,0,0,0,0,0,0,0,0,0,0,0,0,0,0,0,0,0,0,0,0,0,0,0,0,0,0,0
1986,23,22,10,7.36,2,7,0,-1,0,0,1,1,25,0,0,0,1028,0,0,0,0,0,1,1,0,0,0,-42.6758419,0,0,0,0,3,1,1,5,10,0,0,0,3,1,1,5,1000,0,0,0,0,0,0,0,0,0,0,0,0,0,0,0,0,0,0,0,0,0,0,0,0,0,0,0,0,0,0,0,0,0,0,0,0,0,0,0,0,0,0,0,0,0,0,0,0,0,0,0
1986,23,22,11,43.36,2,7,0,-1,0,0,1,1,25,0,0,0,1028,0,0,0,0,0,1,1,0,0,0,-42.63363657,0,0,0,0,3,1,1,5,10,0,0,0,3,1,1,5,1000,0,0,0,0,0,0,0,0,0,0,0,0,0,0,0,0,0,0,0,0,0,0,0,0,0,0,0,0,0,0,0,0,0,0,0,0,0,0,0,0,0,0,0,0,0,0,0,0,0,0,0
1986,23,22,13,19.36,2,7,0,-1,0,0,1,1,25,0,0,0,1028,0,0,0,0,0,1,1,0,0,0,-42.59143152,0,0,0,0,3,1,1,5,10,0,0,0,3,1,1,5,1000,0,0,0,0,0,0,0,0,0,0,0,0,0,0,0,0,0,0,0,0,0,0,0,0,0,0,0,0,0,0,0,0,0,0,0,0,0,0,0,0,0,0,0,0,0,0,0,0,0,0,0
1986,23,22,14,55.36,2,7,0,-1,0,0,1,1,25,0,0,0,1028,0,0,0,0,0,1,1,0,0,0,-42.54922674,0,0,0,0,3,1,1,5,10,0,0,0,3,1,1,5,1000,0,0,0,0,0,0,0,0,0,0,0,0,0,0,0,0,0,0,0,0,0,0,0,0,0,0,0,0,0,0,0,0,0,0,0,0,0,0,0,0,0,0,0,0,0,0,0,0,0,0,0
1986,23,22,18,55.359,2,7,0,-1,0,0,1,1,25,0,0,0,1028,0,0,0,0,0,1,1,0,0,0,-42.44371643,0,0,0,0,3,1,1,5,10,0,0,0,3,1,1,5,1000,0,0,0,0,0,0,0,0,0,0,0,0,0,0,0,0,0,0,0,0,0,0,0,0,0,0,0,0,0,0,0,0,0,0,0,0,0,0,0,0,0,0,0,0,0,0,0,0,0,0,0
1986,23,22,20,31.359,2,7,0,-1,0,0,1,1,25,0,0,0,1028,0,0,0,0,0,1,1,0,0,0,-42.40151262,0,0,0,0,3,1,1,5,10,0,0,0,3,1,1,5,1000,0,0,0,0,0,0,0,0,0,0,0,0,0,0,0,0,0,0,0,0,0,0,0,0,0,0,0,0,0,0,0,0,0,0,0,0,0,0,0,0,0,0,0,0,0,0,0,0,0,0,0
1986,23,22,22,7.359,2,7,0,-1,0,0,1,1,25,0,0,0,1028,0,0,0,0,0,1,1,0,0,0,-42.35930908,0,0,0,0,3,1,1,5,10,0,0,0,3,1,1,5,1000,0,0,0,0,0,0,0,0,0,0,0,0,0,0,0,0,0,0,0,0,0,0,0,0,0,0,0,0,0,0,0,0,0,0,0,0,0,0,0,0,0,0,0,0,0,0,0,0,0,0,0
1986,23,22,23,43.359,2,7,0,-1,0,0,1,1,25,0,0,0,1028,0,0,0,0,0,1,1,0,0,0,-42.31710582,0,0,0,0,3,1,1,5,10,0,0,0,3,1,1,5,1000,0,0,0,0,0,0,0,0,0,0,0,0,0,0,0,0,0,0,0,0,0,0,0,0,0,0,0,0,0,0,0,0,0,0,0,0,0,0,0,0,0,0,0,0,0,0,0,0,0,0,0
1986,23,22,25,19.359,2,7,0,-1,0,0,1,1,25,0,0,0,1028,0,0,0,0,0,1,1,0,0,0,-42.27490284,0,0,0,0,3,1,1,5,10,0,0,0,3,1,1,5,1000,0,0,0,0,0,0,0,0,0,0,0,0,0,0,0,0,0,0,0,0,0,0,0,0,0,0,0,0,0,0,0,0,0,0,0,0,0,0,0,0,0,0,0,0,0,0,0,0,0,0,0
1986,23,22,26,55.359,2,7,0,-1,0,0,1,1,25,0,0,0,1028,0,0,0,0,0,1,1,0,0,0,-42.23270015,0,0,0,0,3,1,1,5,10,0,0,0,3,1,1,5,1000,0,0,0,0,0,0,0,0,0,0,0,0,0,0,0,0,0,0,0,0,0,0,0,0,0,0,0,0,0,0,0,0,0,0,0,0,0,0,0,0,0,0,0,0,0,0,0,0,0,0,0
1986,23,22,30,55.359,2,7,0,-1,0,0,1,1,25,0,0,0,1028,0,0,0,0,0,1,1,0,0,0,-42.12719463,0,0,0,0,3,1,1,5,10,0,0,0,3,1,1,5,1000,0,0,0,0,0,0,0,0,0,0,0,0,0,0,0,0,0,0,0,0,0,0,0,0,0,0,0,0,0,0,0,0,0,0,0,0,0,0,0,0,0,0,0,0,0,0,0,0,0,0,0
1986,23,22,32,31.358,2,7,0,-1,0,0,1,1,25,0,0,0,1028,0,0,0,0,0,1,1,0,0,0,-42.08499336,0,0,0,0,3,1,1,5,10,0,0,0,3,1,1,5,1000,0,0,0,0,0,0,0,0,0,0,0,0,0,0,0,0,0,0,0,0,0,0,0,0,0,0,0,0,0,0,0,0,0,0,0,0,0,0,0,0,0,0,0,0,0,0,0,0,0,0,0
1986,23,22,34,7.358,2,7,0,-1,0,0,1,1,25,0,0,0,1028,0,0,0,0,0,1,1,0,0,0,-42.04279194,0,0,0,0,3,1,1,5,10,0,0,0,3,1,1,5,1000,0,0,0,0,0,0,0,0,0,0,0,0,0,0,0,0,0,0,0,0,0,0,0,0,0,0,0,0,0,0,0,0,0,0,0,0,0,0,0,0,0,0,0,0,0,0,0,0,0,0,0
1986,23,22,35,43.358,2,7,0,-1,0,0,1,1,25,0,0,0,1028,0,0,0,0,0,1,1,0,0,0,-42.0005908,0,0,0,0,3,1,1,5,10,0,0,0,3,1,1,5,1000,0,0,0,0,0,0,0,0,0,0,0,0,0,0,0,0,0,0,0,0,0,0,0,0,0,0,0,0,0,0,0,0,0,0,0,0,0,0,0,0,0,0,0,0,0,0,0,0,0,0,0
1986,23,22,37,19.358,2,7,0,-1,0,0,1,1,25,0,0,0,1028,0,0,0,0,0,1,1,0,0,0,-41.95838995,0,0,0,0,3,1,1,5,10,0,0,0,3,1,1,5,1000,0,0,0,0,0,0,0,0,0,0,0,0,0,0,0,0,0,0,0,0,0,0,0,0,0,0,0,0,0,0,0,0,0,0,0,0,0,0,0,0,0,0,0,0,0,0,0,0,0,0,0
1986,23,22,38,55.358,2,7,0,-1,0,0,1,1,25,0,0,0,1028,0,0,0,0,0,1,1,0,0,0,-41.91618939,0,0,0,0,3,1,1,5,10,0,0,0,3,1,1,5,1000,0,0,0,0,0,0,0,0,0,0,0,0,0,0,0,0,0,0,0,0,0,0,0,0,0,0,0,0,0,0,0,0,0,0,0,0,0,0,0,0,0,0,0,0,0,0,0,0,0,0,0
1986,23,22,42,55.358,2,7,0,-1,0,0,1,1,25,0,0,0,1028,0,0,0,0,0,1,1,0,0,0,-41.81068924,0,0,0,0,3,1,1,5,10,0,0,0,3,1,1,5,1000,0,0,0,0,0,0,0,0,0,0,0,0,0,0,0,0,0,0,0,0,0,0,0,0,0,0,0,0,0,0,0,0,0,0,0,0,0,0,0,0,0,0,0,0,0,0,0,0,0,0,0
1986,23,22,44,31.358,2,7,0,-1,0,0,1,1,25,0,0,0,1028,0,0,0,0,0,1,1,0,0,0,-41.76848969,0,0,0,0,3,1,1,5,10,0,0,0,3,1,1,5,1000,0,0,0,0,0,0,0,0,0,0,0,0,0,0,0,0,0,0,0,0,0,0,0,0,0,0,0,0,0,0,0,0,0,0,0,0,0,0,0,0,0,0,0,0,0,0,0,0,0,0,0
1986,23,22,46,7.358,2,7,0,-1,0,0,1,1,25,0,0,0,1028,0,0,0,0,0,1,1,0,0,0,-41.72629043,0,0,0,0,3,1,1,5,10,0,0,0,3,1,1,5,1000,0,0,0,0,0,0,0,0,0,0,0,0,0,0,0,0,0,0,0,0,0,0,0,0,0,0,0,0,0,0,0,0,0,0,0,0,0,0,0,0,0,0,0,0,0,0,0,0,0,0,0
1986,23,22,47,43.357,2,7,0,-1,0,0,1,1,25,0,0,0,1028,0,0,0,0,0,1,1,0,0,0,-41.68409191,0,0,0,0,3,1,1,5,10,0,0,0,3,1,1,5,1000,0,0,0,0,0,0,0,0,0,0,0,0,0,0,0,0,0,0,0,0,0,0,0,0,0,0,0,0,0,0,0,0,0,0,0,0,0,0,0,0,0,0,0,0,0,0,0,0,0,0,0
1986,23,22,49,19.357,2,7,0,-1,0,0,1,1,25,0,0,0,1028,0,0,0,0,0,1,1,0,0,0,-41.64189323,0,0,0,0,3,1,1,5,10,0,0,0,3,1,1,5,1000,0,0,0,0,0,0,0,0,0,0,0,0,0,0,0,0,0,0,0,0,0,0,0,0,0,0,0,0,0,0,0,0,0,0,0,0,0,0,0,0,0,0,0,0,0,0,0,0,0,0,0
1986,23,22,50,55.357,2,7,0,-1,0,0,1,1,25,0,0,0,1028,0,0,0,0,0,1,1,0,0,0,-41.59969486,0,0,0,0,3,1,1,5,10,0,0,0,3,1,1,5,1000,0,0,0,0,0,0,0,0,0,0,0,0,0,0,0,0,0,0,0,0,0,0,0,0,0,0,0,0,0,0,0,0,0,0,0,0,0,0,0,0,0,0,0,0,0,0,0,0,0,0,0
1986,23,22,54,55.357,2,7,0,-1,0,0,1,1,25,0,0,0,1028,0,0,0,0,0,1,1,0,0,0,-41.49420021,0,0,0,0,3,1,1,5,10,0,0,0,3,1,1,5,1000,0,0,0,0,0,0,0,0,0,0,0,0,0,0,0,0,0,0,0,0,0,0,0,0,0,0,0,0,0,0,0,0,0,0,0,0,0,0,0,0,0,0,0,0,0,0,0,0,0,0,0
1986,23,22,56,31.357,2,7,0,-1,0,0,1,1,25,0,0,0,1028,0,0,0,0,0,1,1,0,0,0,-41.45200287,0,0,0,0,3,1,1,5,10,0,0,0,3,1,1,5,1000,0,0,0,0,0,0,0,0,0,0,0,0,0,0,0,0,0,0,0,0,0,0,0,0,0,0,0,0,0,0,0,0,0,0,0,0,0,0,0,0,0,0,0,0,0,0,0,0,0,0,0
1986,23,22,58,7.357,2,7,0,-1,0,0,1,1,25,0,0,0,1028,0,0,0,0,0,1,1,0,0,0,-41.40980583,0,0,0,0,3,1,1,5,10,0,0,0,3,1,1,5,1000,0,0,0,0,0,0,0,0,0,0,0,0,0,0,0,0,0,0,0,0,0,0,0,0,0,0,0,0,0,0,0,0,0,0,0,0,0,0,0,0,0,0,0,0,0,0,0,0,0,0,0
1986,23,22,59,43.357,2,7,0,-1,0,0,1,1,25,0,0,0,1028,0,0,0,0,0,1,1,0,0,0,-41.36760909,0,0,0,0,3,1,1,5,10,0,0,0,3,1,1,5,1000,0,0,0,0,0,0,0,0,0,0,0,0,0,0,0,0,0,0,0,0,0,0,0,0,0,0,0,0,0,0,0,0,0,0,0,0,0,0,0,0,0,0,0,0,0,0,0,0,0,0,0
1986,23,23,1,19.357,2,7,0,-1,0,0,1,1,25,0,0,0,1028,0,0,0,0,0,1,1,0,0,0,-41.32541265,0,0,0,0,3,1,1,5,10,0,0,0,3,1,1,5,1000,0,0,0,0,0,0,0,0,0,0,0,0,0,0,0,0,0,0,0,0,0,0,0,0,0,0,0,0,0,0,0,0,0,0,0,0,0,0,0,0,0,0,0,0,0,0,0,0,0,0,0
1986,23,23,2,55.356,2,7,0,-1,0,0,1,1,25,0,0,0,1028,0,0,0,0,0,1,1,0,0,0,-41.28321695,0,0,0,0,3,1,1,5,10,0,0,0,3,1,1,5,1000,0,0,0,0,0,0,0,0,0,0,0,0,0,0,0,0,0,0,0,0,0,0,0,0,0,0,0,0,0,0,0,0,0,0,0,0,0,0,0,0,0,0,0,0,0,0,0,0,0,0,0
1986,23,23,6,55.356,2,7,0,-1,0,0,1,1,25,0,0,0,1028,0,0,0,0,0,1,1,0,0,0,-41.17772793,0,0,0,0,3,1,1,5,10,0,0,0,3,1,1,5,1000,0,0,0,0,0,0,0,0,0,0,0,0,0,0,0,0,0,0,0,0,0,0,0,0,0,0,0,0,0,0,0,0,0,0,0,0,0,0,0,0,0,0,0,0,0,0,0,0,0,0,0
1986,23,23,8,31.356,2,7,0,-1,0,0,1,1,25,0,0,0,1028,0,0,0,0,0,1,1,0,0,0,-41.13553285,0,0,0,0,3,1,1,5,10,0,0,0,3,1,1,5,1000,0,0,0,0,0,0,0,0,0,0,0,0,0,0,0,0,0,0,0,0,0,0,0,0,0,0,0,0,0,0,0,0,0,0,0,0,0,0,0,0,0,0,0,0,0,0,0,0,0,0,0
1986,23,23,10,7.356,2,7,0,-1,0,0,1,1,25,0,0,0,1028,0,0,0,0,0,1,1,0,0,0,-41.09333808,0,0,0,0,3,1,1,5,10,0,0,0,3,1,1,5,1000,0,0,0,0,0,0,0,0,0,0,0,0,0,0,0,0,0,0,0,0,0,0,0,0,0,0,0,0,0,0,0,0,0,0,0,0,0,0,0,0,0,0,0,0,0,0,0,0,0,0,0
1986,23,23,11,43.356,2,7,0,-1,0,0,1,1,25,0,0,0,1028,0,0,0,0,0,1,1,0,0,0,-41.05114362,0,0,0,0,3,1,1,5,10,0,0,0,3,1,1,5,1000,0,0,0,0,0,0,0,0,0,0,0,0,0,0,0,0,0,0,0,0,0,0,0,0,0,0,0,0,0,0,0,0,0,0,0,0,0,0,0,0,0,0,0,0,0,0,0,0,0,0,0
1986,23,23,13,19.356,2,7,0,-1,0,0,1,1,25,0,0,0,1028,0,0,0,0,0,1,1,0,0,0,-41.00894947,0,0,0,0,3,1,1,5,10,0,0,0,3,1,1,5,1000,0,0,0,0,0,0,0,0,0,0,0,0,0,0,0,0,0,0,0,0,0,0,0,0,0,0,0,0,0,0,0,0,0,0,0,0,0,0,0,0,0,0,0,0,0,0,0,0,0,0,0
1986,23,23,14,55.356,2,7,0,-1,0,0,1,1,25,0,0,0,1028,0,0,0,0,0,1,1,0,0,0,-40.96675562,0,0,0,0,3,1,1,5,10,0,0,0,3,1,1,5,1000,0,0,0,0,0,0,0,0,0,0,0,0,0,0,0,0,0,0,0,0,0,0,0,0,0,0,0,0,0,0,0,0,0,0,0,0,0,0,0,0,0,0,0,0,0,0,0,0,0,0,0
1986,23,23,18,55.355,2,7,0,-1,0,0,1,1,25,0,0,0,1028,0,0,0,0,0,1,1,0,0,0,-40.86127281,0,0,0,0,3,1,1,5,10,0,0,0,3,1,1,5,1000,0,0,0,0,0,0,0,0,0,0,0,0,0,0,0,0,0,0,0,0,0,0,0,0,0,0,0,0,0,0,0,0,0,0,0,0,0,0,0,0,0,0,0,0,0,0,0,0,0,0,0
1986,23,23,20,31.355,2,7,0,-1,0,0,1,1,25,0,0,0,1028,0,0,0,0,0,1,1,0,0,0,-40.81908005,0,0,0,0,3,1,1,5,10,0,0,0,3,1,1,5,1000,0,0,0,0,0,0,0,0,0,0,0,0,0,0,0,0,0,0,0,0,0,0,0,0,0,0,0,0,0,0,0,0,0,0,0,0,0,0,0,0,0,0,0,0,0,0,0,0,0,0,0
1986,23,23,22,7.355,2,7,0,-1,0,0,1,1,25,0,0,0,1028,0,0,0,0,0,1,1,0,0,0,-40.77688761,0,0,0,0,3,1,1,5,10,0,0,0,3,1,1,5,1000,0,0,0,0,0,0,0,0,0,0,0,0,0,0,0,0,0,0,0,0,0,0,0,0,0,0,0,0,0,0,0,0,0,0,0,0,0,0,0,0,0,0,0,0,0,0,0,0,0,0,0
1986,23,23,23,43.355,2,7,0,-1,0,0,1,1,25,0,0,0,1028,0,0,0,0,0,1,1,0,0,0,-40.73469548,0,0,0,0,3,1,1,5,10,0,0,0,3,1,1,5,1000,0,0,0,0,0,0,0,0,0,0,0,0,0,0,0,0,0,0,0,0,0,0,0,0,0,0,0,0,0,0,0,0,0,0,0,0,0,0,0,0,0,0,0,0,0,0,0,0,0,0,0
1986,23,23,25,19.355,2,7,0,-1,0,0,1,1,25,0,0,0,1028,0,0,0,0,0,1,1,0,0,0,-40.69250367,0,0,0,0,3,1,1,5,10,0,0,0,3,1,1,5,1000,0,0,0,0,0,0,0,0,0,0,0,0,0,0,0,0,0,0,0,0,0,0,0,0,0,0,0,0,0,0,0,0,0,0,0,0,0,0,0,0,0,0,0,0,0,0,0,0,0,0,0
1986,23,23,26,55.355,2,7,0,-1,0,0,1,1,25,0,0,0,1028,0,0,0,0,0,1,1,0,0,0,-40.65031217,0,0,0,0,3,1,1,5,10,0,0,0,3,1,1,5,1000,0,0,0,0,0,0,0,0,0,0,0,0,0,0,0,0,0,0,0,0,0,0,0,0,0,0,0,0,0,0,0,0,0,0,0,0,0,0,0,0,0,0,0,0,0,0,0,0,0,0,0
1986,23,23,30,55.355,2,7,0,-1,0,0,1,1,25,0,0,0,1028,0,0,0,0,0,1,1,0,0,0,-40.54483482,0,0,0,0,3,1,1,5,10,0,0,0,3,1,1,5,1000,0,0,0,0,0,0,0,0,0,0,0,0,0,0,0,0,0,0,0,0,0,0,0,0,0,0,0,0,0,0,0,0,0,0,0,0,0,0,0,0,0,0,0,0,0,0,0,0,0,0,0
1986,23,23,32,31.355,2,7,0,-1,0,0,1,1,25,0,0,0,1028,0,0,0,0,0,1,1,0,0,0,-40.50264465,0,0,0,0,3,1,1,5,10,0,0,0,3,1,1,5,1000,0,0,0,0,0,0,0,0,0,0,0,0,0,0,0,0,0,0,0,0,0,0,0,0,0,0,0,0,0,0,0,0,0,0,0,0,0,0,0,0,0,0,0,0,0,0,0,0,0,0,0
1986,23,23,34,7.354,2,7,0,-1,0,0,1,1,25,0,0,0,1028,0,0,0,0,0,1,1,0,0,0,-40.46045481,0,0,0,0,3,1,1,5,10,0,0,0,3,1,1,5,1000,0,0,0,0,0,0,0,0,0,0,0,0,0,0,0,0,0,0,0,0,0,0,0,0,0,0,0,0,0,0,0,0,0,0,0,0,0,0,0,0,0,0,0,0,0,0,0,0,0,0,0
1986,23,23,35,43.354,2,7,0,-1,0,0,1,1,25,0,0,0,1028,0,0,0,0,0,1,1,0,0,0,-40.41826507,0,0,0,0,3,1,1,5,10,0,0,0,3,1,1,5,1000,0,0,0,0,0,0,0,0,0,0,0,0,0,0,0,0,0,0,0,0,0,0,0,0,0,0,0,0,0,0,0,0,0,0,0,0,0,0,0,0,0,0,0,0,0,0,0,0,0,0,0
1986,23,23,37,19.354,2,7,0,-1,0,0,1,1,25,0,0,0,1028,0,0,0,0,0,1,1,0,0,0,-40.37607565,0,0,0,0,3,1,1,5,10,0,0,0,3,1,1,5,1000,0,0,0,0,0,0,0,0,0,0,0,0,0,0,0,0,0,0,0,0,0,0,0,0,0,0,0,0,0,0,0,0,0,0,0,0,0,0,0,0,0,0,0,0,0,0,0,0,0,0,0
1986,23,23,38,55.354,2,7,0,-1,0,0,1,1,25,0,0,0,1028,0,0,0,0,0,1,1,0,0,0,-40.33388655,0,0,0,0,3,1,1,5,10,0,0,0,3,1,1,5,1000,0,0,0,0,0,0,0,0,0,0,0,0,0,0,0,0,0,0,0,0,0,0,0,0,0,0,0,0,0,0,0,0,0,0,0,0,0,0,0,0,0,0,0,0,0,0,0,0,0,0,0
1986,23,23,42,55.354,2,7,0,-1,0,0,1,1,25,0,0,0,1028,0,0,0,0,0,1,1,0,0,0,-40.22841524,0,0,0,0,3,1,1,5,10,0,0,0,3,1,1,5,1000,0,0,0,0,0,0,0,0,0,0,0,0,0,0,0,0,0,0,0,0,0,0,0,0,0,0,0,0,0,0,0,0,0,0,0,0,0,0,0,0,0,0,0,0,0,0,0,0,0,0,0
1986,23,23,44,31.354,2,7,0,-1,0,0,1,1,25,0,0,0,1028,0,0,0,0,0,1,1,0,0,0,-40.18622728,0,0,0,0,3,1,1,5,10,0,0,0,3,1,1,5,1000,0,0,0,0,0,0,0,0,0,0,0,0,0,0,0,0,0,0,0,0,0,0,0,0,0,0,0,0,0,0,0,0,0,0,0,0,0,0,0,0,0,0,0,0,0,0,0,0,0,0,0
1986,23,23,46,7.354,2,7,0,-1,0,0,1,1,25,0,0,0,1028,0,0,0,0,0,1,1,0,0,0,-40.14403966,0,0,0,0,3,1,1,5,10,0,0,0,3,1,1,5,1000,0,0,0,0,0,0,0,0,0,0,0,0,0,0,0,0,0,0,0,0,0,0,0,0,0,0,0,0,0,0,0,0,0,0,0,0,0,0,0,0,0,0,0,0,0,0,0,0,0,0,0
1986,23,23,47,43.353,2,7,0,-1,0,0,1,1,25,0,0,0,1028,0,0,0,0,0,1,1,0,0,0,-40.1018528,0,0,0,0,3,1,1,5,10,0,0,0,3,1,1,5,1000,0,0,0,0,0,0,0,0,0,0,0,0,0,0,0,0,0,0,0,0,0,0,0,0,0,0,0,0,0,0,0,0,0,0,0,0,0,0,0,0,0,0,0,0,0,0,0,0,0,0,0
1986,23,23,49,19.353,2,7,0,-1,0,0,1,1,25,0,0,0,1028,0,0,0,0,0,1,1,0,0,0,-40.05966583,0,0,0,0,3,1,1,5,10,0,0,0,3,1,1,5,1000,0,0,0,0,0,0,0,0,0,0,0,0,0,0,0,0,0,0,0,0,0,0,0,0,0,0,0,0,0,0,0,0,0,0,0,0,0,0,0,0,0,0,0,0,0,0,0,0,0,0,0
1986,23,23,50,55.353,2,7,0,-1,0,0,1,1,25,0,0,0,1028,0,0,0,0,0,1,1,0,0,0,-40.01747919,0,0,0,0,3,1,1,5,10,0,0,0,3,1,1,5,1000,0,0,0,0,0,0,0,0,0,0,0,0,0,0,0,0,0,0,0,0,0,0,0,0,0,0,0,0,0,0,0,0,0,0,0,0,0,0,0,0,0,0,0,0,0,0,0,0,0,0,0
1986,23,23,54,55.353,2,7,0,-1,0,0,1,1,25,0,0,0,1028,0,0,0,0,0,1,1,0,0,0,-39.91201405,0,0,0,0,3,1,1,5,10,0,0,0,3,1,1,5,1000,0,0,0,0,0,0,0,0,0,0,0,0,0,0,0,0,0,0,0,0,0,0,0,0,0,0,0,0,0,0,0,0,0,0,0,0,0,0,0,0,0,0,0,0,0,0,0,0,0,0,0
1986,23,23,56,31.353,2,7,0,-1,0,0,1,1,25,0,0,0,1028,0,0,0,0,0,1,1,0,0,0,-39.86982858,0,0,0,0,3,1,1,5,10,0,0,0,3,1,1,5,1000,0,0,0,0,0,0,0,0,0,0,0,0,0,0,0,0,0,0,0,0,0,0,0,0,0,0,0,0,0,0,0,0,0,0,0,0,0,0,0,0,0,0,0,0,0,0,0,0,0,0,0
1986,23,23,58,7.353,2,7,0,-1,0,0,1,1,25,0,0,0,1028,0,0,0,0,0,1,1,0,0,0,-39.82764344,0,0,0,0,3,1,1,5,10,0,0,0,3,1,1,5,1000,0,0,0,0,0,0,0,0,0,0,0,0,0,0,0,0,0,0,0,0,0,0,0,0,0,0,0,0,0,0,0,0,0,0,0,0,0,0,0,0,0,0,0,0,0,0,0,0,0,0,0
1986,23,23,59,43.353,2,7,0,-1,0,0,1,1,25,0,0,0,1028,0,0,0,0,0,1,1,0,0,0,-39.78545864,0,0,0,0,3,1,1,5,10,0,0,0,3,1,1,5,1000,0,0,0,0,0,0,0,0,0,0,0,0,0,0,0,0,0,0,0,0,0,0,0,0,0,0,0,0,0,0,0,0,0,0,0,0,0,0,0,0,0,0,0,0,0,0,0,0,0,0,0
1986,24,0,1,19.353,2,7,0,-1,0,0,1,1,25,0,0,0,1028,0,0,0,0,0,1,1,0,0,0,-39.74327418,0,0,0,0,3,1,1,5,10,0,0,0,3,1,1,5,1000,0,0,0,0,0,0,0,0,0,0,0,0,0,0,0,0,0,0,0,0,0,0,0,0,0,0,0,0,0,0,0,0,0,0,0,0,0,0,0,0,0,0,0,0,0,0,0,0,0,0,0
1986,24,0,2,55.352,2,7,0,-1,0,0,1,1,25,0,0,0,1028,0,0,0,0,0,1,1,0,0,0,-39.70109049,0,0,0,0,3,1,1,5,10,0,0,0,3,1,1,5,1000,0,0,0,0,0,0,0,0,0,0,0,0,0,0,0,0,0,0,0,0,0,0,0,0,0,0,0,0,0,0,0,0,0,0,0,0,0,0,0,0,0,0,0,0,0,0,0,0,0,0,0
1986,24,0,6,55.352,2,7,0,-1,0,0,1,1,25,0,0,0,1028,0,0,0,0,0,1,1,0,0,0,-39.59563167,0,0,0,0,3,1,1,5,10,0,0,0,3,1,1,5,1000,0,0,0,0,0,0,0,0,0,0,0,0,0,0,0,0,0,0,0,0,0,0,0,0,0,0,0,0,0,0,0,0,0,0,0,0,0,0,0,0,0,0,0,0,0,0,0,0,0,0,0
1986,24,0,8,31.352,2,7,0,-1,0,0,1,1,25,0,0,0,1028,0,0,0,0,0,1,1,0,0,0,-39.55344873,0,0,0,0,3,1,1,5,10,0,0,0,3,1,1,5,1000,0,0,0,0,0,0,0,0,0,0,0,0,0,0,0,0,0,0,0,0,0,0,0,0,0,0,0,0,0,0,0,0,0,0,0,0,0,0,0,0,0,0,0,0,0,0,0,0,0,0,0
1986,24,0,10,7.352,2,7,0,-1,0,0,1,1,25,0,0,0,1028,0,0,0,0,0,1,1,0,0,0,-39.51126614,0,0,0,0,3,1,1,5,10,0,0,0,3,1,1,5,1000,0,0,0,0,0,0,0,0,0,0,0,0,0,0,0,0,0,0,0,0,0,0,0,0,0,0,0,0,0,0,0,0,0,0,0,0,0,0,0,0,0,0,0,0,0,0,0,0,0,0,0
1986,24,0,11,43.352,2,7,0,-1,0,0,1,1,25,0,0,0,1028,0,0,0,0,0,1,1,0,0,0,-39.46908389,0,0,0,0,3,1,1,5,10,0,0,0,3,1,1,5,1000,0,0,0,0,0,0,0,0,0,0,0,0,0,0,0,0,0,0,0,0,0,0,0,0,0,0,0,0,0,0,0,0,0,0,0,0,0,0,0,0,0,0,0,0,0,0,0,0,0,0,0
1986,24,0,13,19.352,2,7,0,-1,0,0,1,1,25,0,0,0,1028,0,0,0,0,0,1,1,0,0,0,-39.42690199,0,0,0,0,3,1,1,5,10,0,0,0,3,1,1,5,1000,0,0,0,0,0,0,0,0,0,0,0,0,0,0,0,0,0,0,0,0,0,0,0,0,0,0,0,0,0,0,0,0,0,0,0,0,0,0,0,0,0,0,0,0,0,0,0,0,0,0,0
1986,24,0,14,55.352,2,7,0,-1,0,0,1,1,25,0,0,0,1028,0,0,0,0,0,1,1,0,0,0,-39.38472044,0,0,0,0,3,1,1,5,10,0,0,0,3,1,1,5,1000,0,0,0,0,0,0,0,0,0,0,0,0,0,0,0,0,0,0,0,0,0,0,0,0,0,0,0,0,0,0,0,0,0,0,0,0,0,0,0,0,0,0,0,0,0,0,0,0,0,0,0
1986,24,0,18,55.351,2,7,0,-1,0,0,1,1,25,0,0,0,1028,0,0,0,0,0,1,1,0,0,0,-39.2792685,0,0,0,0,3,1,1,5,10,0,0,0,3,1,1,5,1000,0,0,0,0,0,0,0,0,0,0,0,0,0,0,0,0,0,0,0,0,0,0,0,0,0,0,0,0,0,0,0,0,0,0,0,0,0,0,0,0,0,0,0,0,0,0,0,0,0,0,0
1986,24,0,20,31.351,2,7,0,-1,0,0,1,1,25,0,0,0,1028,0,0,0,0,0,1,1,0,0,0,-39.23708817,0,0,0,0,3,1,1,5,10,0,0,0,3,1,1,5,1000,0,0,0,0,0,0,0,0,0,0,0,0,0,0,0,0,0,0,0,0,0,0,0,0,0,0,0,0,0,0,0,0,0,0,0,0,0,0,0,0,0,0,0,0,0,0,0,0,0,0,0
1986,24,0,22,7.351,2,7,0,-1,0,0,1,1,25,0,0,0,1028,0,0,0,0,0,1,1,0,0,0,-39.19490818,0,0,0,0,3,1,1,5,10,0,0,0,3,1,1,5,1000,0,0,0,0,0,0,0,0,0,0,0,0,0,0,0,0,0,0,0,0,0,0,0,0,0,0,0,0,0,0,0,0,0,0,0,0,0,0,0,0,0,0,0,0,0,0,0,0,0,0,0
1986,24,0,23,43.351,2,7,0,-1,0,0,1,1,25,0,0,0,1028,0,0,0,0,0,1,1,0,0,0,-39.15272854,0,0,0,0,3,1,1,5,10,0,0,0,3,1,1,5,1000,0,0,0,0,0,0,0,0,0,0,0,0,0,0,0,0,0,0,0,0,0,0,0,0,0,0,0,0,0,0,0,0,0,0,0,0,0,0,0,0,0,0,0,0,0,0,0,0,0,0,0
1986,24,0,25,19.351,2,7,0,-1,0,0,1,1,25,0,0,0,1028,0,0,0,0,0,1,1,0,0,0,-39.11054926,0,0,0,0,3,1,1,5,10,0,0,0,3,1,1,5,1000,0,0,0,0,0,0,0,0,0,0,0,0,0,0,0,0,0,0,0,0,0,0,0,0,0,0,0,0,0,0,0,0,0,0,0,0,0,0,0,0,0,0,0,0,0,0,0,0,0,0,0
1986,24,0,26,55.351,2,7,0,-1,0,0,1,1,25,0,0,0,1028,0,0,0,0,0,1,1,0,0,0,-39.06837032,0,0,0,0,3,1,1,5,10,0,0,0,3,1,1,5,1000,0,0,0,0,0,0,0,0,0,0,0,0,0,0,0,0,0,0,0,0,0,0,0,0,0,0,0,0,0,0,0,0,0,0,0,0,0,0,0,0,0,0,0,0,0,0,0,0,0,0,0
1986,24,0,30,55.351,2,7,0,-1,0,0,1,1,25,0,0,0,1028,0,0,0,0,0,1,1,0,0,0,-38.96292455,0,0,0,0,3,1,1,5,10,0,0,0,3,1,1,5,1000,0,0,0,0,0,0,0,0,0,0,0,0,0,0,0,0,0,0,0,0,0,0,0,0,0,0,0,0,0,0,0,0,0,0,0,0,0,0,0,0,0,0,0,0,0,0,0,0,0,0,0
1986,24,0,32,31.351,2,7,0,-1,0,0,1,1,25,0,0,0,1028,0,0,0,0,0,1,1,0,0,0,-38.92074708,0,0,0,0,3,1,1,5,10,0,0,0,3,1,1,5,1000,0,0,0,0,0,0,0,0,0,0,0,0,0,0,0,0,0,0,0,0,0,0,0,0,0,0,0,0,0,0,0,0,0,0,0,0,0,0,0,0,0,0,0,0,0,0,0,0,0,0,0
1986,24,0,34,7.35,2,7,0,-1,0,0,1,1,25,0,0,0,1028,0,0,0,0,0,1,1,0,0,0,-38.87856997,0,0,0,0,3,1,1,5,10,0,0,0,3,1,1,5,1000,0,0,0,0,0,0,0,0,0,0,0,0,0,0,0,0,0,0,0,0,0,0,0,0,0,0,0,0,0,0,0,0,0,0,0,0,0,0,0,0,0,0,0,0,0,0,0,0,0,0,0
1986,24,0,35,43.35,2,7,0,-1,0,0,1,1,25,0,0,0,1028,0,0,0,0,0,1,1,0,0,0,-38.836393,0,0,0,0,3,1,1,5,10,0,0,0,3,1,1,5,1000,0,0,0,0,0,0,0,0,0,0,0,0,0,0,0,0,0,0,0,0,0,0,0,0,0,0,0,0,0,0,0,0,0,0,0,0,0,0,0,0,0,0,0,0,0,0,0,0,0,0,0
1986,24,0,37,19.35,2,7,0,-1,0,0,1,1,25,0,0,0,1028,0,0,0,0,0,1,1,0,0,0,-38.79421638,0,0,0,0,3,1,1,5,10,0,0,0,3,1,1,5,1000,0,0,0,0,0,0,0,0,0,0,0,0,0,0,0,0,0,0,0,0,0,0,0,0,0,0,0,0,0,0,0,0,0,0,0,0,0,0,0,0,0,0,0,0,0,0,0,0,0,0,0
1986,24,0,42,55.35,2,7,0,-1,0,0,1,1,25,0,0,0,1028,0,0,0,0,0,1,1,0,0,0,-38.64660109,0,0,0,0,3,1,1,5,10,0,0,0,3,1,1,5,1000,0,0,0,0,0,0,0,0,0,0,0,0,0,0,0,0,0,0,0,0,0,0,0,0,0,0,0,0,0,0,0,0,0,0,0,0,0,0,0,0,0,0,0,0,0,0,0,0,0,0,0
1986,24,0,44,31.35,2,7,0,-1,0,0,1,1,25,0,0,0,1028,0,0,0,0,0,1,1,0,0,0,-38.60442611,0,0,0,0,3,1,1,5,10,0,0,0,3,1,1,5,1000,0,0,0,0,0,0,0,0,0,0,0,0,0,0,0,0,0,0,0,0,0,0,0,0,0,0,0,0,0,0,0,0,0,0,0,0,0,0,0,0,0,0,0,0,0,0,0,0,0,0,0
1986,24,0,46,7.35,2,7,0,-1,0,0,1,1,25,0,0,0,1028,0,0,0,0,0,1,1,0,0,0,-38.56225149,0,0,0,0,3,1,1,5,10,0,0,0,3,1,1,5,1000,0,0,0,0,0,0,0,0,0,0,0,0,0,0,0,0,0,0,0,0,0,0,0,0,0,0,0,0,0,0,0,0,0,0,0,0,0,0,0,0,0,0,0,0,0,0,0,0,0,0,0
1986,24,0,47,43.35,2,7,0,-1,0,0,1,1,25,0,0,0,1028,0,0,0,0,0,1,1,0,0,0,-38.52007746,0,0,0,0,3,1,1,5,10,0,0,0,3,1,1,5,1000,0,0,0,0,0,0,0,0,0,0,0,0,0,0,0,0,0,0,0,0,0,0,0,0,0,0,0,0,0,0,0,0,0,0,0,0,0,0,0,0,0,0,0,0,0,0,0,0,0,0,0
1986,24,0,49,19.349,2,7,0,-1,0,0,1,1,25,0,0,0,1028,0,0,0,0,0,1,1,0,0,0,-38.47790379,0,0,0,0,3,1,1,5,10,0,0,0,3,1,1,5,1000,0,0,0,0,0,0,0,0,0,0,0,0,0,0,0,0,0,0,0,0,0,0,0,0,0,0,0,0,0,0,0,0,0,0,0,0,0,0,0,0,0,0,0,0,0,0,0,0,0,0,0
1986,24,0,50,55.349,2,7,0,-1,0,0,1,1,25,0,0,0,1028,0,0,0,0,0,1,1,0,0,0,-38.43573028,0,0,0,0,3,1,1,5,10,0,0,0,3,1,1,5,1000,0,0,0,0,0,0,0,0,0,0,0,0,0,0,0,0,0,0,0,0,0,0,0,0,0,0,0,0,0,0,0,0,0,0,0,0,0,0,0,0,0,0,0,0,0,0,0,0,0,0,0
1986,24,0,54,55.349,2,7,0,-1,0,0,1,1,25,0,0,0,1028,0,0,0,0,0,1,1,0,0,0,-38.33029811,0,0,0,0,3,1,1,5,10,0,0,0,3,1,1,5,1000,0,0,0,0,0,0,0,0,0,0,0,0,0,0,0,0,0,0,0,0,0,0,0,0,0,0,0,0,0,0,0,0,0,0,0,0,0,0,0,0,0,0,0,0,0,0,0,0,0,0,0
1986,24,0,56,31.349,2,7,0,-1,0,0,1,1,25,0,0,0,1028,0,0,0,0,0,1,1,0,0,0,-38.28812589,0,0,0,0,3,1,1,5,10,0,0,0,3,1,1,5,1000,0,0,0,0,0,0,0,0,0,0,0,0,0,0,0,0,0,0,0,0,0,0,0,0,0,0,0,0,0,0,0,0,0,0,0,0,0,0,0,0,0,0,0,0,0,0,0,0,0,0,0
1986,24,0,58,7.349,2,7,0,-1,0,0,1,1,25,0,0,0,1028,0,0,0,0,0,1,1,0,0,0,-38.24595404,0,0,0,0,3,1,1,5,10,0,0,0,3,1,1,5,1000,0,0,0,0,0,0,0,0,0,0,0,0,0,0,0,0,0,0,0,0,0,0,0,0,0,0,0,0,0,0,0,0,0,0,0,0,0,0,0,0,0,0,0,0,0,0,0,0,0,0,0
1986,24,0,59,43.349,2,7,0,-1,0,0,1,1,25,0,0,0,1028,0,0,0,0,0,1,1,0,0,0,-38.20378257,0,0,0,0,3,1,1,5,10,0,0,0,3,1,1,5,1000,0,0,0,0,0,0,0,0,0,0,0,0,0,0,0,0,0,0,0,0,0,0,0,0,0,0,0,0,0,0,0,0,0,0,0,0,0,0,0,0,0,0,0,0,0,0,0,0,0,0,0
1986,24,1,1,19.349,2,7,0,-1,0,0,1,1,25,0,0,0,1028,0,0,0,0,0,1,1,0,0,0,-38.16161147,0,0,0,0,3,1,1,5,10,0,0,0,3,1,1,5,1000,0,0,0,0,0,0,0,0,0,0,0,0,0,0,0,0,0,0,0,0,0,0,0,0,0,0,0,0,0,0,0,0,0,0,0,0,0,0,0,0,0,0,0,0,0,0,0,0,0,0,0
1986,24,1,2,55.349,2,7,0,-1,0,0,1,1,25,0,0,0,1028,0,0,0,0,0,1,1,0,0,0,-38.11944097,0,0,0,0,3,1,1,5,10,0,0,0,3,1,1,5,1000,0,0,0,0,0,0,0,0,0,0,0,0,0,0,0,0,0,0,0,0,0,0,0,0,0,0,0,0,0,0,0,0,0,0,0,0,0,0,0,0,0,0,0,0,0,0,0,0,0,0,0
1986,24,1,6,55.348,2,7,0,-1,0,0,1,1,25,0,0,0,1028,0,0,0,0,0,1,1,0,0,0,-38.01401602,0,0,0,0,3,1,1,5,10,0,0,0,3,1,1,5,1000,0,0,0,0,0,0,0,0,0,0,0,0,0,0,0,0,0,0,0,0,0,0,0,0,0,0,0,0,0,0,0,0,0,0,0,0,0,0,0,0,0,0,0,0,0,0,0,0,0,0,0
1986,24,1,8,31.348,2,7,0,-1,0,0,1,1,25,0,0,0,1028,0,0,0,0,0,1,1,0,0,0,-37.97184662,0,0,0,0,3,1,1,5,10,0,0,0,3,1,1,5,1000,0,0,0,0,0,0,0,0,0,0,0,0,0,0,0,0,0,0,0,0,0,0,0,0,0,0,0,0,0,0,0,0,0,0,0,0,0,0,0,0,0,0,0,0,0,0,0,0,0,0,0
1986,24,1,10,7.348,2,7,0,-1,0,0,1,1,25,0,0,0,1028,0,0,0,0,0,1,1,0,0,0,-37.9296776,0,0,0,0,3,1,1,5,10,0,0,0,3,1,1,5,1000,0,0,0,0,0,0,0,0,0,0,0,0,0,0,0,0,0,0,0,0,0,0,0,0,0,0,0,0,0,0,0,0,0,0,0,0,0,0,0,0,0,0,0,0,0,0,0,0,0,0,0
1986,24,1,11,43.348,2,7,0,-1,0,0,1,1,25,0,0,0,1028,0,0,0,0,0,1,1,0,0,0,-37.88750896,0,0,0,0,3,1,1,5,10,0,0,0,3,1,1,5,1000,0,0,0,0,0,0,0,0,0,0,0,0,0,0,0,0,0,0,0,0,0,0,0,0,0,0,0,0,0,0,0,0,0,0,0,0,0,0,0,0,0,0,0,0,0,0,0,0,0,0,0
1986,24,1,13,19.348,2,7,0,-1,0,0,1,1,25,0,0,0,1028,0,0,0,0,0,1,1,0,0,0,-37.8453407,0,0,0,0,3,1,1,5,10,0,0,0,3,1,1,5,1000,0,0,0,0,0,0,0,0,0,0,0,0,0,0,0,0,0,0,0,0,0,0,0,0,0,0,0,0,0,0,0,0,0,0,0,0,0,0,0,0,0,0,0,0,0,0,0,0,0,0,0
1986,24,1,14,55.348,2,7,0,-1,0,0,1,1,25,0,0,0,1028,0,0,0,0,0,1,1,0,0,0,-37.80317282,0,0,0,0,3,1,1,5,10,0,0,0,3,1,1,5,1000,0,0,0,0,0,0,0,0,0,0,0,0,0,0,0,0,0,0,0,0,0,0,0,0,0,0,0,0,0,0,0,0,0,0,0,0,0,0,0,0,0,0,0,0,0,0,0,0,0,0,0
1986,24,1,22,7.347,2,7,0,-1,0,0,1,1,25,0,0,0,1028,0,0,0,0,0,1,1,0,0,0,-37.61342258,0,0,0,0,3,1,1,5,10,0,0,0,3,1,1,5,1000,0,0,0,0,0,0,0,0,0,0,0,0,0,0,0,0,0,0,0,0,0,0,0,0,0,0,0,0,0,0,0,0,0,0,0,0,0,0,0,0,0,0,0,0,0,0,0,0,0,0,0
1986,24,1,23,43.347,2,7,0,-1,0,0,1,1,25,0,0,0,1028,0,0,0,0,0,1,1,0,0,0,-37.57125683,0,0,0,0,3,1,1,5,10,0,0,0,3,1,1,5,1000,0,0,0,0,0,0,0,0,0,0,0,0,0,0,0,0,0,0,0,0,0,0,0,0,0,0,0,0,0,0,0,0,0,0,0,0,0,0,0,0,0,0,0,0,0,0,0,0,0,0,0
1986,24,1,25,19.347,2,7,0,-1,0,0,1,1,25,0,0,0,1028,0,0,0,0,0,1,1,0,0,0,-37.52909146,0,0,0,0,3,1,1,5,10,0,0,0,3,1,1,5,1000,0,0,0,0,0,0,0,0,0,0,0,0,0,0,0,0,0,0,0,0,0,0,0,0,0,0,0,0,0,0,0,0,0,0,0,0,0,0,0,0,0,0,0,0,0,0,0,0,0,0,0
1986,24,1,26,55.347,2,7,0,-1,0,0,1,1,25,0,0,0,1028,0,0,0,0,0,1,1,0,0,0,-37.48692648,0,0,0,0,3,1,1,5,10,0,0,0,3,1,1,5,1000,0,0,0,0,0,0,0,0,0,0,0,0,0,0,0,0,0,0,0,0,0,0,0,0,0,0,0,0,0,0,0,0,0,0,0,0,0,0,0,0,0,0,0,0,0,0,0,0,0,0,0
1986,24,1,30,55.347,2,7,0,-1,0,0,1,1,25,0,0,0,1028,0,0,0,0,0,1,1,0,0,0,-37.38151576,0,0,0,0,3,1,1,5,10,0,0,0,3,1,1,5,1000,0,0,0,0,0,0,0,0,0,0,0,0,0,0,0,0,0,0,0,0,0,0,0,0,0,0,0,0,0,0,0,0,0,0,0,0,0,0,0,0,0,0,0,0,0,0,0,0,0,0,0
1986,24,1,32,31.347,2,7,0,-1,0,0,1,1,25,0,0,0,1028,0,0,0,0,0,1,1,0,0,0,-37.33935216,0,0,0,0,3,1,1,5,10,0,0,0,3,1,1,5,1000,0,0,0,0,0,0,0,0,0,0,0,0,0,0,0,0,0,0,0,0,0,0,0,0,0,0,0,0,0,0,0,0,0,0,0,0,0,0,0,0,0,0,0,0,0,0,0,0,0,0,0
1986,24,1,34,7.346,2,7,0,-1,0,0,1,1,25,0,0,0,1028,0,0,0,0,0,1,1,0,0,0,-37.29718939,0,0,0,0,3,1,1,5,10,0,0,0,3,1,1,5,1000,0,0,0,0,0,0,0,0,0,0,0,0,0,0,0,0,0,0,0,0,0,0,0,0,0,0,0,0,0,0,0,0,0,0,0,0,0,0,0,0,0,0,0,0,0,0,0,0,0,0,0
1986,24,1,35,43.346,2,7,0,-1,0,0,1,1,25,0,0,0,1028,0,0,0,0,0,1,1,0,0,0,-37.25502657,0,0,0,0,3,1,1,5,10,0,0,0,3,1,1,5,1000,0,0,0,0,0,0,0,0,0,0,0,0,0,0,0,0,0,0,0,0,0,0,0,0,0,0,0,0,0,0,0,0,0,0,0,0,0,0,0,0,0,0,0,0,0,0,0,0,0,0,0
1986,24,1,37,19.346,2,7,0,-1,0,0,1,1,25,0,0,0,1028,0,0,0,0,0,1,1,0,0,0,-37.21286416,0,0,0,0,3,1,1,5,10,0,0,0,3,1,1,5,1000,0,0,0,0,0,0,0,0,0,0,0,0,0,0,0,0,0,0,0,0,0,0,0,0,0,0,0,0,0,0,0,0,0,0,0,0,0,0,0,0,0,0,0,0,0,0,0,0,0,0,0
1986,24,1,38,55.346,2,7,0,-1,0,0,1,1,25,0,0,0,1028,0,0,0,0,0,1,1,0,0,0,-37.17070214,0,0,0,0,3,1,1,5,10,0,0,0,3,1,1,5,1000,0,0,0,0,0,0,0,0,0,0,0,0,0,0,0,0,0,0,0,0,0,0,0,0,0,0,0,0,0,0,0,0,0,0,0,0,0,0,0,0,0,0,0,0,0,0,0,0,0,0,0
1986,24,1,42,55.346,2,7,0,-1,0,0,1,1,25,0,0,0,1028,0,0,0,0,0,1,1,0,0,0,-37.06529883,0,0,0,0,3,1,1,5,10,0,0,0,3,1,1,5,1000,0,0,0,0,0,0,0,0,0,0,0,0,0,0,0,0,0,0,0,0,0,0,0,0,0,0,0,0,0,0,0,0,0,0,0,0,0,0,0,0,0,0,0,0,0,0,0,0,0,0,0
1986,24,1,44,31.346,2,7,0,-1,0,0,1,1,25,0,0,0,1028,0,0,0,0,0,1,1,0,0,0,-37.02313821,0,0,0,0,3,1,1,5,10,0,0,0,3,1,1,5,1000,0,0,0,0,0,0,0,0,0,0,0,0,0,0,0,0,0,0,0,0,0,0,0,0,0,0,0,0,0,0,0,0,0,0,0,0,0,0,0,0,0,0,0,0,0,0,0,0,0,0,0
1986,24,1,46,7.346,2,7,0,-1,0,0,1,1,25,0,0,0,1028,0,0,0,0,0,1,1,0,0,0,-36.98097798,0,0,0,0,3,1,1,5,10,0,0,0,3,1,1,5,1000,0,0,0,0,0,0,0,0,0,0,0,0,0,0,0,0,0,0,0,0,0,0,0,0,0,0,0,0,0,0,0,0,0,0,0,0,0,0,0,0,0,0,0,0,0,0,0,0,0,0,0
1986,24,1,47,43.346,2,7,0,-1,0,0,1,1,25,0,0,0,1028,0,0,0,0,0,1,1,0,0,0,-36.93881838,0,0,0,0,3,1,1,5,10,0,0,0,3,1,1,5,1000,0,0,0,0,0,0,0,0,0,0,0,0,0,0,0,0,0,0,0,0,0,0,0,0,0,0,0,0,0,0,0,0,0,0,0,0,0,0,0,0,0,0,0,0,0,0,0,0,0,0,0
1986,24,1,49,19.345,2,7,0,-1,0,0,1,1,25,0,0,0,1028,0,0,0,0,0,1,1,0,0,0,-36.89665919,0,0,0,0,3,1,1,5,10,0,0,0,3,1,1,5,1000,0,0,0,0,0,0,0,0,0,0,0,0,0,0,0,0,0,0,0,0,0,0,0,0,0,0,0,0,0,0,0,0,0,0,0,0,0,0,0,0,0,0,0,0,0,0,0,0,0,0,0
1986,24,1,50,55.345,2,7,0,-1,0,0,1,1,25,0,0,0,1028,0,0,0,0,0,1,1,0,0,0,-36.85450018,0,0,0,0,3,1,1,5,10,0,0,0,3,1,1,5,1000,0,0,0,0,0,0,0,0,0,0,0,0,0,0,0,0,0,0,0,0,0,0,0,0,0,0,0,0,0,0,0,0,0,0,0,0,0,0,0,0,0,0,0,0,0,0,0,0,0,0,0
1986,24,1,54,55.345,2,7,0,-1,0,0,1,1,25,0,0,0,1028,0,0,0,0,0,1,1,0,0,0,-36.74910442,0,0,0,0,3,1,1,5,10,0,0,0,3,1,1,5,1000,0,0,0,0,0,0,0,0,0,0,0,0,0,0,0,0,0,0,0,0,0,0,0,0,0,0,0,0,0,0,0,0,0,0,0,0,0,0,0,0,0,0,0,0,0,0,0,0,0,0,0
1986,24,1,56,31.345,2,7,0,-1,0,0,1,1,25,0,0,0,1028,0,0,0,0,0,1,1,0,0,0,-36.70694683,0,0,0,0,3,1,1,5,10,0,0,0,3,1,1,5,1000,0,0,0,0,0,0,0,0,0,0,0,0,0,0,0,0,0,0,0,0,0,0,0,0,0,0,0,0,0,0,0,0,0,0,0,0,0,0,0,0,0,0,0,0,0,0,0,0,0,0,0
1986,24,1,58,7.345,2,7,0,-1,0,0,1,1,25,0,0,0,1028,0,0,0,0,0,1,1,0,0,0,-36.66478965,0,0,0,0,3,1,1,5,10,0,0,0,3,1,1,5,1000,0,0,0,0,0,0,0,0,0,0,0,0,0,0,0,0,0,0,0,0,0,0,0,0,0,0,0,0,0,0,0,0,0,0,0,0,0,0,0,0,0,0,0,0,0,0,0,0,0,0,0
1986,24,1,59,43.345,2,7,0,-1,0,0,1,1,25,0,0,0,1028,0,0,0,0,0,1,1,0,0,0,-36.62263287,0,0,0,0,3,1,1,5,10,0,0,0,3,1,1,5,1000,0,0,0,0,0,0,0,0,0,0,0,0,0,0,0,0,0,0,0,0,0,0,0,0,0,0,0,0,0,0,0,0,0,0,0,0,0,0,0,0,0,0,0,0,0,0,0,0,0,0,0
1986,24,2,1,19.345,2,7,0,-1,0,0,1,1,25,0,0,0,1028,0,0,0,0,0,1,1,0,0,0,-36.58047651,0,0,0,0,3,1,1,5,10,0,0,0,3,1,1,5,1000,0,0,0,0,0,0,0,0,0,0,0,0,0,0,0,0,0,0,0,0,0,0,0,0,0,0,0,0,0,0,0,0,0,0,0,0,0,0,0,0,0,0,0,0,0,0,0,0,0,0,0
1986,24,2,2,55.345,2,7,0,-1,0,0,1,1,25,0,0,0,1028,0,0,0,0,0,1,1,0,0,0,-36.53832078,0,0,0,0,3,1,1,5,10,0,0,0,3,1,1,5,1000,0,0,0,0,0,0,0,0,0,0,0,0,0,0,0,0,0,0,0,0,0,0,0,0,0,0,0,0,0,0,0,0,0,0,0,0,0,0,0,0,0,0,0,0,0,0,0,0,0,0,0
1986,24,2,6,55.344,2,7,0,-1,0,0,1,1,25,0,0,0,1028,0,0,0,0,0,1,1,0,0,0,-36.43293292,0,0,0,0,3,1,1,5,10,0,0,0,3,1,1,5,1000,0,0,0,0,0,0,0,0,0,0,0,0,0,0,0,0,0,0,0,0,0,0,0,0,0,0,0,0,0,0,0,0,0,0,0,0,0,0,0,0,0,0,0,0,0,0,0,0,0,0,0
1986,24,2,8,31.344,2,7,0,-1,0,0,1,1,25,0,0,0,1028,0,0,0,0,0,1,1,0,0,0,-36.39077841,0,0,0,0,3,1,1,5,10,0,0,0,3,1,1,5,1000,0,0,0,0,0,0,0,0,0,0,0,0,0,0,0,0,0,0,0,0,0,0,0,0,0,0,0,0,0,0,0,0,0,0,0,0,0,0,0,0,0,0,0,0,0,0,0,0,0,0,0
1986,24,2,10,7.344,2,7,0,-1,0,0,1,1,25,0,0,0,1028,0,0,0,0,0,1,1,0,0,0,-36.34862432,0,0,0,0,3,1,1,5,10,0,0,0,3,1,1,5,1000,0,0,0,0,0,0,0,0,0,0,0,0,0,0,0,0,0,0,0,0,0,0,0,0,0,0,0,0,0,0,0,0,0,0,0,0,0,0,0,0,0,0,0,0,0,0,0,0,0,0,0
1986,24,2,11,43.344,2,7,0,-1,0,0,1,1,25,0,0,0,1028,0,0,0,0,0,1,1,0,0,0,-36.30647064,0,0,0,0,3,1,1,5,10,0,0,0,3,1,1,5,1000,0,0,0,0,0,0,0,0,0,0,0,0,0,0,0,0,0,0,0,0,0,0,0,0,0,0,0,0,0,0,0,0,0,0,0,0,0,0,0,0,0,0,0,0,0,0,0,0,0,0,0
1986,24,2,13,19.344,2,7,0,-1,0,0,1,1,25,0,0,0,1028,0,0,0,0,0,1,1,0,0,0,-36.26431738,0,0,0,0,3,1,1,5,10,0,0,0,3,1,1,5,1000,0,0,0,0,0,0,0,0,0,0,0,0,0,0,0,0,0,0,0,0,0,0,0,0,0,0,0,0,0,0,0,0,0,0,0,0,0,0,0,0,0,0,0,0,0,0,0,0,0,0,0
1986,24,2,14,55.344,2,7,0,-1,0,0,1,1,25,0,0,0,1028,0,0,0,0,0,1,1,0,0,0,-36.22216454,0,0,0,0,3,1,1,5,10,0,0,0,3,1,1,5,1000,0,0,0,0,0,0,0,0,0,0,0,0,0,0,0,0,0,0,0,0,0,0,0,0,0,0,0,0,0,0,0,0,0,0,0,0,0,0,0,0,0,0,0,0,0,0,0,0,0,0,0
1986,24,2,18,55.343,2,7,0,-1,0,0,1,1,25,0,0,0,1028,0,0,0,0,0,1,1,0,0,0,-36.1167847,0,0,0,0,3,1,1,5,10,0,0,0,3,1,1,5,1000,0,0,0,0,0,0,0,0,0,0,0,0,0,0,0,0,0,0,0,0,0,0,0,0,0,0,0,0,0,0,0,0,0,0,0,0,0,0,0,0,0,0,0,0,0,0,0,0,0,0,0
1986,24,2,20,31.343,2,7,0,-1,0,0,1,1,25,0,0,0,1028,0,0,0,0,0,1,1,0,0,0,-36.07463333,0,0,0,0,3,1,1,5,10,0,0,0,3,1,1,5,1000,0,0,0,0,0,0,0,0,0,0,0,0,0,0,0,0,0,0,0,0,0,0,0,0,0,0,0,0,0,0,0,0,0,0,0,0,0,0,0,0,0,0,0,0,0,0,0,0,0,0,0
1986,24,2,22,7.343,2,7,0,-1,0,0,1,1,25,0,0,0,1028,0,0,0,0,0,1,1,0,0,0,-36.03248237,0,0,0,0,3,1,1,5,10,0,0,0,3,1,1,5,1000,0,0,0,0,0,0,0,0,0,0,0,0,0,0,0,0,0,0,0,0,0,0,0,0,0,0,0,0,0,0,0,0,0,0,0,0,0,0,0,0,0,0,0,0,0,0,0,0,0,0,0
1986,24,2,23,43.343,2,7,0,-1,0,0,1,1,25,0,0,0,1028,0,0,0,0,0,1,1,0,0,0,-35.99033184,0,0,0,0,3,1,1,5,10,0,0,0,3,1,1,5,1000,0,0,0,0,0,0,0,0,0,0,0,0,0,0,0,0,0,0,0,0,0,0,0,0,0,0,0,0,0,0,0,0,0,0,0,0,0,0,0,0,0,0,0,0,0,0,0,0,0,0,0
1986,24,2,25,19.343,2,7,0,-1,0,0,1,1,25,0,0,0,1028,0,0,0,0,0,1,1,0,0,0,-35.94818173,0,0,0,0,3,1,1,5,10,0,0,0,3,1,1,5,1000,0,0,0,0,0,0,0,0,0,0,0,0,0,0,0,0,0,0,0,0,0,0,0,0,0,0,0,0,0,0,0,0,0,0,0,0,0,0,0,0,0,0,0,0,0,0,0,0,0,0,0
1986,24,2,26,55.343,2,7,0,-1,0,0,1,1,25,0,0,0,1028,0,0,0,0,0,1,1,0,0,0,-35.90603205,0,0,0,0,3,1,1,5,10,0,0,0,3,1,1,5,1000,0,0,0,0,0,0,0,0,0,0,0,0,0,0,0,0,0,0,0,0,0,0,0,0,0,0,0,0,0,0,0,0,0,0,0,0,0,0,0,0,0,0,0,0,0,0,0,0,0,0,0
1986,24,2,30,55.343,2,7,0,-1,0,0,1,1,25,0,0,0,1028,0,0,0,0,0,1,1,0,0,0,-35.8006597,0,0,0,0,3,1,1,5,10,0,0,0,3,1,1,5,1000,0,0,0,0,0,0,0,0,0,0,0,0,0,0,0,0,0,0,0,0,0,0,0,0,0,0,0,0,0,0,0,0,0,0,0,0,0,0,0,0,0,0,0,0,0,0,0,0,0,0,0
1986,24,2,32,31.343,2,7,0,-1,0,0,1,1,25,0,0,0,1028,0,0,0,0,0,1,1,0,0,0,-35.7585115,0,0,0,0,3,1,1,5,10,0,0,0,3,1,1,5,1000,0,0,0,0,0,0,0,0,0,0,0,0,0,0,0,0,0,0,0,0,0,0,0,0,0,0,0,0,0,0,0,0,0,0,0,0,0,0,0,0,0,0,0,0,0,0,0,0,0,0,0
1986,24,2,34,7.342,2,7,0,-1,0,0,1,1,25,0,0,0,1028,0,0,0,0,0,1,1,0,0,0,-35.71636417,0,0,0,0,3,1,1,5,10,0,0,0,3,1,1,5,1000,0,0,0,0,0,0,0,0,0,0,0,0,0,0,0,0,0,0,0,0,0,0,0,0,0,0,0,0,0,0,0,0,0,0,0,0,0,0,0,0,0,0,0,0,0,0,0,0,0,0,0
1986,24,2,35,43.342,2,7,0,-1,0,0,1,1,25,0,0,0,1028,0,0,0,0,0,1,1,0,0,0,-35.67421683,0,0,0,0,3,1,1,5,10,0,0,0,3,1,1,5,1000,0,0,0,0,0,0,0,0,0,0,0,0,0,0,0,0,0,0,0,0,0,0,0,0,0,0,0,0,0,0,0,0,0,0,0,0,0,0,0,0,0,0,0,0,0,0,0,0,0,0,0
1986,24,2,37,19.342,2,7,0,-1,0,0,1,1,25,0,0,0,1028,0,0,0,0,0,1,1,0,0,0,-35.63206992,0,0,0,0,3,1,1,5,10,0,0,0,3,1,1,5,1000,0,0,0,0,0,0,0,0,0,0,0,0,0,0,0,0,0,0,0,0,0,0,0,0,0,0,0,0,0,0,0,0,0,0,0,0,0,0,0,0,0,0,0,0,0,0,0,0,0,0,0
1986,24,2,38,55.342,2,7,0,-1,0,0,1,1,25,0,0,0,1028,0,0,0,0,0,1,1,0,0,0,-35.58992344,0,0,0,0,3,1,1,5,10,0,0,0,3,1,1,5,1000,0,0,0,0,0,0,0,0,0,0,0,0,0,0,0,0,0,0,0,0,0,0,0,0,0,0,0,0,0,0,0,0,0,0,0,0,0,0,0,0,0,0,0,0,0,0,0,0,0,0,0
1986,24,2,42,55.342,2,7,0,-1,0,0,1,1,25,0,0,0,1028,0,0,0,0,0,1,1,0,0,0,-35.48455912,0,0,0,0,3,1,1,5,10,0,0,0,3,1,1,5,1000,0,0,0,0,0,0,0,0,0,0,0,0,0,0,0,0,0,0,0,0,0,0,0,0,0,0,0,0,0,0,0,0,0,0,0,0,0,0,0,0,0,0,0,0,0,0,0,0,0,0,0
1986,24,2,44,31.342,2,7,0,-1,0,0,1,1,25,0,0,0,1028,0,0,0,0,0,1,1,0,0,0,-35.44241415,0,0,0,0,3,1,1,5,10,0,0,0,3,1,1,5,1000,0,0,0,0,0,0,0,0,0,0,0,0,0,0,0,0,0,0,0,0,0,0,0,0,0,0,0,0,0,0,0,0,0,0,0,0,0,0,0,0,0,0,0,0,0,0,0,0,0,0,0
1986,24,2,46,7.342,2,7,0,-1,0,0,1,1,25,0,0,0,1028,0,0,0,0,0,1,1,0,0,0,-35.40026962,0,0,0,0,3,1,1,5,10,0,0,0,3,1,1,5,1000,0,0,0,0,0,0,0,0,0,0,0,0,0,0,0,0,0,0,0,0,0,0,0,0,0,0,0,0,0,0,0,0,0,0,0,0,0,0,0,0,0,0,0,0,0,0,0,0,0,0,0
1986,24,2,47,43.342,2,7,0,-1,0,0,1,1,25,0,0,0,1028,0,0,0,0,0,1,1,0,0,0,-35.35812551,0,0,0,0,3,1,1,5,10,0,0,0,3,1,1,5,1000,0,0,0,0,0,0,0,0,0,0,0,0,0,0,0,0,0,0,0,0,0,0,0,0,0,0,0,0,0,0,0,0,0,0,0,0,0,0,0,0,0,0,0,0,0,0,0,0,0,0,0
1986,24,2,49,19.341,2,7,0,-1,0,0,1,1,25,0,0,0,1028,0,0,0,0,0,1,1,0,0,0,-35.31598228,0,0,0,0,3,1,1,5,10,0,0,0,3,1,1,5,1000,0,0,0,0,0,0,0,0,0,0,0,0,0,0,0,0,0,0,0,0,0,0,0,0,0,0,0,0,0,0,0,0,0,0,0,0,0,0,0,0,0,0,0,0,0,0,0,0,0,0,0
1986,24,2,50,55.341,2,7,0,-1,0,0,1,1,25,0,0,0,1028,0,0,0,0,0,1,1,0,0,0,-35.27383905,0,0,0,0,3,1,1,5,10,0,0,0,3,1,1,5,1000,0,0,0,0,0,0,0,0,0,0,0,0,0,0,0,0,0,0,0,0,0,0,0,0,0,0,0,0,0,0,0,0,0,0,0,0,0,0,0,0,0,0,0,0,0,0,0,0,0,0,0
1986,24,2,54,55.341,2,7,0,-1,0,0,1,1,25,0,0,0,1028,0,0,0,0,0,1,1,0,0,0,-35.16848287,0,0,0,0,3,1,1,5,10,0,0,0,3,1,1,5,1000,0,0,0,0,0,0,0,0,0,0,0,0,0,0,0,0,0,0,0,0,0,0,0,0,0,0,0,0,0,0,0,0,0,0,0,0,0,0,0,0,0,0,0,0,0,0,0,0,0,0,0
1986,24,2,56,31.341,2,7,0,-1,0,0,1,1,25,0,0,0,1028,0,0,0,0,0,1,1,0,0,0,-35.12634117,0,0,0,0,3,1,1,5,10,0,0,0,3,1,1,5,1000,0,0,0,0,0,0,0,0,0,0,0,0,0,0,0,0,0,0,0,0,0,0,0,0,0,0,0,0,0,0,0,0,0,0,0,0,0,0,0,0,0,0,0,0,0,0,0,0,0,0,0
1986,24,2,58,7.341,2,7,0,-1,0,0,1,1,25,0,0,0,1028,0,0,0,0,0,1,1,0,0,0,-35.08419991,0,0,0,0,3,1,1,5,10,0,0,0,3,1,1,5,1000,0,0,0,0,0,0,0,0,0,0,0,0,0,0,0,0,0,0,0,0,0,0,0,0,0,0,0,0,0,0,0,0,0,0,0,0,0,0,0,0,0,0,0,0,0,0,0,0,0,0,0
1986,24,2,59,43.341,2,7,0,-1,0,0,1,1,25,0,0,0,1028,0,0,0,0,0,1,1,0,0,0,-35.04205908,0,0,0,0,3,1,1,5,10,0,0,0,3,1,1,5,1000,0,0,0,0,0,0,0,0,0,0,0,0,0,0,0,0,0,0,0,0,0,0,0,0,0,0,0,0,0,0,0,0,0,0,0,0,0,0,0,0,0,0,0,0,0,0,0,0,0,0,0
1986,24,3,1,19.341,2,7,0,-1,0,0,1,1,25,0,0,0,1028,0,0,0,0,0,1,1,0,0,0,-34.99991869,0,0,0,0,3,1,1,5,10,0,0,0,3,1,1,5,1000,0,0,0,0,0,0,0,0,0,0,0,0,0,0,0,0,0,0,0,0,0,0,0,0,0,0,0,0,0,0,0,0,0,0,0,0,0,0,0,0,0,0,0,0,0,0,0,0,0,0,0
1986,24,3,2,55.341,2,7,0,-1,0,0,1,1,25,0,0,0,1028,0,0,0,0,0,1,1,0,0,0,-34.95777875,0,0,0,0,3,1,1,5,10,0,0,0,3,1,1,5,1000,0,0,0,0,0,0,0,0,0,0,0,0,0,0,0,0,0,0,0,0,0,0,0,0,0,0,0,0,0,0,0,0,0,0,0,0,0,0,0,0,0,0,0,0,0,0,0,0,0,0,0
1986,24,3,6,55.34,2,7,0,-1,0,0,1,1,25,0,0,0,1028,0,0,0,0,0,1,1,0,0,0,-34.85243126,0,0,0,0,3,1,1,5,10,0,0,0,3,1,1,5,1000,0,0,0,0,0,0,0,0,0,0,0,0,0,0,0,0,0,0,0,0,0,0,0,0,0,0,0,0,0,0,0,0,0,0,0,0,0,0,0,0,0,0,0,0,0,0,0,0,0,0,0
1986,24,3,8,31.34,2,7,0,-1,0,0,1,1,25,0,0,0,1028,0,0,0,0,0,1,1,0,0,0,-34.81029286,0,0,0,0,3,1,1,5,10,0,0,0,3,1,1,5,1000,0,0,0,0,0,0,0,0,0,0,0,0,0,0,0,0,0,0,0,0,0,0,0,0,0,0,0,0,0,0,0,0,0,0,0,0,0,0,0,0,0,0,0,0,0,0,0,0,0,0,0
1986,24,3,10,7.34,2,7,0,-1,0,0,1,1,25,0,0,0,1028,0,0,0,0,0,1,1,0,0,0,-34.7681549,0,0,0,0,3,1,1,5,10,0,0,0,3,1,1,5,1000,0,0,0,0,0,0,0,0,0,0,0,0,0,0,0,0,0,0,0,0,0,0,0,0,0,0,0,0,0,0,0,0,0,0,0,0,0,0,0,0,0,0,0,0,0,0,0,0,0,0,0
1986,24,3,11,43.34,2,7,0,-1,0,0,1,1,25,0,0,0,1028,0,0,0,0,0,1,1,0,0,0,-34.72601739,0,0,0,0,3,1,1,5,10,0,0,0,3,1,1,5,1000,0,0,0,0,0,0,0,0,0,0,0,0,0,0,0,0,0,0,0,0,0,0,0,0,0,0,0,0,0,0,0,0,0,0,0,0,0,0,0,0,0,0,0,0,0,0,0,0,0,0,0
1986,24,3,13,19.34,2,7,0,-1,0,0,1,1,25,0,0,0,1028,0,0,0,0,0,1,1,0,0,0,-34.68388033,0,0,0,0,3,1,1,5,10,0,0,0,3,1,1,5,1000,0,0,0,0,0,0,0,0,0,0,0,0,0,0,0,0,0,0,0,0,0,0,0,0,0,0,0,0,0,0,0,0,0,0,0,0,0,0,0,0,0,0,0,0,0,0,0,0,0,0,0
1986,24,3,14,55.34,2,7,0,-1,0,0,1,1,25,0,0,0,1028,0,0,0,0,0,1,1,0,0,0,-34.64174371,0,0,0,0,3,1,1,5,10,0,0,0,3,1,1,5,1000,0,0,0,0,0,0,0,0,0,0,0,0,0,0,0,0,0,0,0,0,0,0,0,0,0,0,0,0,0,0,0,0,0,0,0,0,0,0,0,0,0,0,0,0,0,0,0,0,0,0,0
1986,24,3,18,55.34,2,7,0,-1,0,0,1,1,25,0,0,0,1028,0,0,0,0,0,1,1,0,0,0,-34.53640433,0,0,0,0,3,1,1,5,10,0,0,0,3,1,1,5,1000,0,0,0,0,0,0,0,0,0,0,0,0,0,0,0,0,0,0,0,0,0,0,0,0,0,0,0,0,0,0,0,0,0,0,0,0,0,0,0,0,0,0,0,0,0,0,0,0,0,0,0
1986,24,3,20,31.339,2,7,0,-1,0,0,1,1,25,0,0,0,1028,0,0,0,0,0,1,1,0,0,0,-34.49426949,0,0,0,0,3,1,1,5,10,0,0,0,3,1,1,5,1000,0,0,0,0,0,0,0,0,0,0,0,0,0,0,0,0,0,0,0,0,0,0,0,0,0,0,0,0,0,0,0,0,0,0,0,0,0,0,0,0,0,0,0,0,0,0,0,0,0,0,0
1986,24,3,22,7.339,2,7,0,-1,0,0,1,1,25,0,0,0,1028,0,0,0,0,0,1,1,0,0,0,-34.45213488,0,0,0,0,3,1,1,5,10,0,0,0,3,1,1,5,1000,0,0,0,0,0,0,0,0,0,0,0,0,0,0,0,0,0,0,0,0,0,0,0,0,0,0,0,0,0,0,0,0,0,0,0,0,0,0,0,0,0,0,0,0,0,0,0,0,0,0,0
1986,24,3,23,43.339,2,7,0,-1,0,0,1,1,25,0,0,0,1028,0,0,0,0,0,1,1,0,0,0,-34.41000072,0,0,0,0,3,1,1,5,10,0,0,0,3,1,1,5,1000,0,0,0,0,0,0,0,0,0,0,0,0,0,0,0,0,0,0,0,0,0,0,0,0,0,0,0,0,0,0,0,0,0,0,0,0,0,0,0,0,0,0,0,0,0,0,0,0,0,0,0
1986,24,3,25,19.339,2,7,0,-1,0,0,1,1,25,0,0,0,1028,0,0,0,0,0,1,1,0,0,0,-34.36786701,0,0,0,0,3,1,1,5,10,0,0,0,3,1,1,5,1000,0,0,0,0,0,0,0,0,0,0,0,0,0,0,0,0,0,0,0,0,0,0,0,0,0,0,0,0,0,0,0,0,0,0,0,0,0,0,0,0,0,0,0,0,0,0,0,0,0,0,0
1986,24,3,26,55.339,2,7,0,-1,0,0,1,1,25,0,0,0,1028,0,0,0,0,0,1,1,0,0,0,-34.32573375,0,0,0,0,3,1,1,5,10,0,0,0,3,1,1,5,1000,0,0,0,0,0,0,0,0,0,0,0,0,0,0,0,0,0,0,0,0,0,0,0,0,0,0,0,0,0,0,0,0,0,0,0,0,0,0,0,0,0,0,0,0,0,0,0,0,0,0,0
1986,24,3,30,55.339,2,7,0,-1,0,0,1,1,25,0,0,0,1028,0,0,0,0,0,1,1,0,0,0,-34.22040256,0,0,0,0,3,1,1,5,10,0,0,0,3,1,1,5,1000,0,0,0,0,0,0,0,0,0,0,0,0,0,0,0,0,0,0,0,0,0,0,0,0,0,0,0,0,0,0,0,0,0,0,0,0,0,0,0,0,0,0,0,0,0,0,0,0,0,0,0
1986,24,3,32,31.339,2,7,0,-1,0,0,1,1,25,0,0,0,1028,0,0,0,0,0,1,1,0,0,0,-34.17827088,0,0,0,0,3,1,1,5,10,0,0,0,3,1,1,5,1000,0,0,0,0,0,0,0,0,0,0,0,0,0,0,0,0,0,0,0,0,0,0,0,0,0,0,0,0,0,0,0,0,0,0,0,0,0,0,0,0,0,0,0,0,0,0,0,0,0,0,0
1986,24,3,34,7.339,2,7,0,-1,0,0,1,1,25,0,0,0,1028,0,0,0,0,0,1,1,0,0,0,-34.13613986,0,0,0,0,3,1,1,5,10,0,0,0,3,1,1,5,1000,0,0,0,0,0,0,0,0,0,0,0,0,0,0,0,0,0,0,0,0,0,0,0,0,0,0,0,0,0,0,0,0,0,0,0,0,0,0,0,0,0,0,0,0,0,0,0,0,0,0,0
1986,24,3,35,43.338,2,7,0,-1,0,0,1,1,25,0,0,0,1028,0,0,0,0,0,1,1,0,0,0,-34.0940093,0,0,0,0,3,1,1,5,10,0,0,0,3,1,1,5,1000,0,0,0,0,0,0,0,0,0,0,0,0,0,0,0,0,0,0,0,0,0,0,0,0,0,0,0,0,0,0,0,0,0,0,0,0,0,0,0,0,0,0,0,0,0,0,0,0,0,0,0
1986,24,3,37,19.338,2,7,0,-1,0,0,1,1,25,0,0,0,1028,0,0,0,0,0,1,1,0,0,0,-34.05187897,0,0,0,0,3,1,1,5,10,0,0,0,3,1,1,5,1000,0,0,0,0,0,0,0,0,0,0,0,0,0,0,0,0,0,0,0,0,0,0,0,0,0,0,0,0,0,0,0,0,0,0,0,0,0,0,0,0,0,0,0,0,0,0,0,0,0,0,0
1986,24,3,38,55.338,2,7,0,-1,0,0,1,1,25,0,0,0,1028,0,0,0,0,0,1,1,0,0,0,-34.0097491,0,0,0,0,3,1,1,5,10,0,0,0,3,1,1,5,1000,0,0,0,0,0,0,0,0,0,0,0,0,0,0,0,0,0,0,0,0,0,0,0,0,0,0,0,0,0,0,0,0,0,0,0,0,0,0,0,0,0,0,0,0,0,0,0,0,0,0,0
1986,24,3,42,55.338,2,7,0,-1,0,0,1,1,25,0,0,0,1028,0,0,0,0,0,1,1,0,0,0,-33.90442639,0,0,0,0,3,1,1,5,10,0,0,0,3,1,1,5,1000,0,0,0,0,0,0,0,0,0,0,0,0,0,0,0,0,0,0,0,0,0,0,0,0,0,0,0,0,0,0,0,0,0,0,0,0,0,0,0,0,0,0,0,0,0,0,0,0,0,0,0
1986,24,3,44,31.338,2,7,0,-1,0,0,1,1,25,0,0,0,1028,0,0,0,0,0,1,1,0,0,0,-33.8622981,0,0,0,0,3,1,1,5,10,0,0,0,3,1,1,5,1000,0,0,0,0,0,0,0,0,0,0,0,0,0,0,0,0,0,0,0,0,0,0,0,0,0,0,0,0,0,0,0,0,0,0,0,0,0,0,0,0,0,0,0,0,0,0,0,0,0,0,0
1986,24,3,46,7.338,2,7,0,-1,0,0,1,1,25,0,0,0,1028,0,0,0,0,0,1,1,0,0,0,-33.82017027,0,0,0,0,3,1,1,5,10,0,0,0,3,1,1,5,1000,0,0,0,0,0,0,0,0,0,0,0,0,0,0,0,0,0,0,0,0,0,0,0,0,0,0,0,0,0,0,0,0,0,0,0,0,0,0,0,0,0,0,0,0,0,0,0,0,0,0,0
1986,24,3,47,43.338,2,7,0,-1,0,0,1,1,25,0,0,0,1028,0,0,0,0,0,1,1,0,0,0,-33.7780429,0,0,0,0,3,1,1,5,10,0,0,0,3,1,1,5,1000,0,0,0,0,0,0,0,0,0,0,0,0,0,0,0,0,0,0,0,0,0,0,0,0,0,0,0,0,0,0,0,0,0,0,0,0,0,0,0,0,0,0,0,0,0,0,0,0,0,0,0
1986,24,3,49,19.337,2,7,0,-1,0,0,1,1,25,0,0,0,1028,0,0,0,0,0,1,1,0,0,0,-33.73591641,0,0,0,0,3,1,1,5,10,0,0,0,3,1,1,5,1000,0,0,0,0,0,0,0,0,0,0,0,0,0,0,0,0,0,0,0,0,0,0,0,0,0,0,0,0,0,0,0,0,0,0,0,0,0,0,0,0,0,0,0,0,0,0,0,0,0,0,0
1986,24,3,50,55.337,2,7,0,-1,0,0,1,1,25,0,0,0,1028,0,0,0,0,0,1,1,0,0,0,-33.69378995,0,0,0,0,3,1,1,5,10,0,0,0,3,1,1,5,1000,0,0,0,0,0,0,0,0,0,0,0,0,0,0,0,0,0,0,0,0,0,0,0,0,0,0,0,0,0,0,0,0,0,0,0,0,0,0,0,0,0,0,0,0,0,0,0,0,0,0,0
1986,24,3,54,55.337,2,7,0,-1,0,0,1,1,25,0,0,0,1028,0,0,0,0,0,1,1,0,0,0,-33.58847578,0,0,0,0,3,1,1,5,10,0,0,0,3,1,1,5,1000,0,0,0,0,0,0,0,0,0,0,0,0,0,0,0,0,0,0,0,0,0,0,0,0,0,0,0,0,0,0,0,0,0,0,0,0,0,0,0,0,0,0,0,0,0,0,0,0,0,0,0
1986,24,3,56,31.337,2,7,0,-1,0,0,1,1,25,0,0,0,1028,0,0,0,0,0,1,1,0,0,0,-33.54635091,0,0,0,0,3,1,1,5,10,0,0,0,3,1,1,5,1000,0,0,0,0,0,0,0,0,0,0,0,0,0,0,0,0,0,0,0,0,0,0,0,0,0,0,0,0,0,0,0,0,0,0,0,0,0,0,0,0,0,0,0,0,0,0,0,0,0,0,0
1986,24,3,58,7.337,2,7,0,-1,0,0,1,1,25,0,0,0,1028,0,0,0,0,0,1,1,0,0,0,-33.5042265,0,0,0,0,3,1,1,5,10,0,0,0,3,1,1,5,1000,0,0,0,0,0,0,0,0,0,0,0,0,0,0,0,0,0,0,0,0,0,0,0,0,0,0,0,0,0,0,0,0,0,0,0,0,0,0,0,0,0,0,0,0,0,0,0,0,0,0,0
1986,24,3,59,43.337,2,7,0,-1,0,0,1,1,25,0,0,0,1028,0,0,0,0,0,1,1,0,0,0,-33.46210255,0,0,0,0,3,1,1,5,10,0,0,0,3,1,1,5,1000,0,0,0,0,0,0,0,0,0,0,0,0,0,0,0,0,0,0,0,0,0,0,0,0,0,0,0,0,0,0,0,0,0,0,0,0,0,0,0,0,0,0,0,0,0,0,0,0,0,0,0
1986,24,4,1,19.337,2,7,0,-1,0,0,1,1,25,0,0,0,1028,0,0,0,0,0,1,1,0,0,0,-33.41997905,0,0,0,0,3,1,1,5,10,0,0,0,3,1,1,5,1000,0,0,0,0,0,0,0,0,0,0,0,0,0,0,0,0,0,0,0,0,0,0,0,0,0,0,0,0,0,0,0,0,0,0,0,0,0,0,0,0,0,0,0,0,0,0,0,0,0,0,0
1986,24,4,2,55.337,2,7,0,-1,0,0,1,1,25,0,0,0,1028,0,0,0,0,0,1,1,0,0,0,-33.37785601,0,0,0,0,3,1,1,5,10,0,0,0,3,1,1,5,1000,0,0,0,0,0,0,0,0,0,0,0,0,0,0,0,0,0,0,0,0,0,0,0,0,0,0,0,0,0,0,0,0,0,0,0,0,0,0,0,0,0,0,0,0,0,0,0,0,0,0,0
1986,24,4,6,55.336,2,7,0,-1,0,0,1,1,25,0,0,0,1028,0,0,0,0,0,1,1,0,0,0,-33.27255086,0,0,0,0,3,1,1,5,10,0,0,0,3,1,1,5,1000,0,0,0,0,0,0,0,0,0,0,0,0,0,0,0,0,0,0,0,0,0,0,0,0,0,0,0,0,0,0,0,0,0,0,0,0,0,0,0,0,0,0,0,0,0,0,0,0,0,0,0
1986,24,4,8,31.336,2,7,0,-1,0,0,1,1,25,0,0,0,1028,0,0,0,0,0,1,1,0,0,0,-33.23042942,0,0,0,0,3,1,1,5,10,0,0,0,3,1,1,5,1000,0,0,0,0,0,0,0,0,0,0,0,0,0,0,0,0,0,0,0,0,0,0,0,0,0,0,0,0,0,0,0,0,0,0,0,0,0,0,0,0,0,0,0,0,0,0,0,0,0,0,0
1986,24,4,10,7.336,2,7,0,-1,0,0,1,1,25,0,0,0,1028,0,0,0,0,0,1,1,0,0,0,-33.18830845,0,0,0,0,3,1,1,5,10,0,0,0,3,1,1,5,1000,0,0,0,0,0,0,0,0,0,0,0,0,0,0,0,0,0,0,0,0,0,0,0,0,0,0,0,0,0,0,0,0,0,0,0,0,0,0,0,0,0,0,0,0,0,0,0,0,0,0,0
1986,24,4,11,43.336,2,7,0,-1,0,0,1,1,25,0,0,0,1028,0,0,0,0,0,1,1,0,0,0,-33.14618793,0,0,0,0,3,1,1,5,10,0,0,0,3,1,1,5,1000,0,0,0,0,0,0,0,0,0,0,0,0,0,0,0,0,0,0,0,0,0,0,0,0,0,0,0,0,0,0,0,0,0,0,0,0,0,0,0,0,0,0,0,0,0,0,0,0,0,0,0
1986,24,4,13,19.336,2,7,0,-1,0,0,1,1,25,0,0,0,1028,0,0,0,0,0,1,1,0,0,0,-33.10406787,0,0,0,0,3,1,1,5,10,0,0,0,3,1,1,5,1000,0,0,0,0,0,0,0,0,0,0,0,0,0,0,0,0,0,0,0,0,0,0,0,0,0,0,0,0,0,0,0,0,0,0,0,0,0,0,0,0,0,0,0,0,0,0,0,0,0,0,0
1986,24,4,14,55.336,2,7,0,-1,0,0,1,1,25,0,0,0,1028,0,0,0,0,0,1,1,0,0,0,-33.06194827,0,0,0,0,3,1,1,5,10,0,0,0,3,1,1,5,1000,0,0,0,0,0,0,0,0,0,0,0,0,0,0,0,0,0,0,0,0,0,0,0,0,0,0,0,0,0,0,0,0,0,0,0,0,0,0,0,0,0,0,0,0,0,0,0,0,0,0,0
1986,24,4,18,55.336,2,7,0,-1,0,0,1,1,25,0,0,0,1028,0,0,0,0,0,1,1,0,0,0,-32.95665149,0,0,0,0,3,1,1,5,10,0,0,0,3,1,1,5,1000,0,0,0,0,0,0,0,0,0,0,0,0,0,0,0,0,0,0,0,0,0,0,0,0,0,0,0,0,0,0,0,0,0,0,0,0,0,0,0,0,0,0,0,0,0,0,0,0,0,0,0
1986,24,4,20,31.335,2,7,0,-1,0,0,1,1,25,0,0,0,1028,0,0,0,0,0,1,1,0,0,0,-32.91453372,0,0,0,0,3,1,1,5,10,0,0,0,3,1,1,5,1000,0,0,0,0,0,0,0,0,0,0,0,0,0,0,0,0,0,0,0,0,0,0,0,0,0,0,0,0,0,0,0,0,0,0,0,0,0,0,0,0,0,0,0,0,0,0,0,0,0,0,0
1986,24,4,22,7.335,2,7,0,-1,0,0,1,1,25,0,0,0,1028,0,0,0,0,0,1,1,0,0,0,-32.87241618,0,0,0,0,3,1,1,5,10,0,0,0,3,1,1,5,1000,0,0,0,0,0,0,0,0,0,0,0,0,0,0,0,0,0,0,0,0,0,0,0,0,0,0,0,0,0,0,0,0,0,0,0,0,0,0,0,0,0,0,0,0,0,0,0,0,0,0,0
1986,24,4,23,43.335,2,7,0,-1,0,0,1,1,25,0,0,0,1028,0,0,0,0,0,1,1,0,0,0,-32.83029911,0,0,0,0,3,1,1,5,10,0,0,0,3,1,1,5,1000,0,0,0,0,0,0,0,0,0,0,0,0,0,0,0,0,0,0,0,0,0,0,0,0,0,0,0,0,0,0,0,0,0,0,0,0,0,0,0,0,0,0,0,0,0,0,0,0,0,0,0
1986,24,4,25,19.335,2,7,0,-1,0,0,1,1,25,0,0,0,1028,0,0,0,0,0,1,1,0,0,0,-32.78818249,0,0,0,0,3,1,1,5,10,0,0,0,3,1,1,5,1000,0,0,0,0,0,0,0,0,0,0,0,0,0,0,0,0,0,0,0,0,0,0,0,0,0,0,0,0,0,0,0,0,0,0,0,0,0,0,0,0,0,0,0,0,0,0,0,0,0,0,0
1986,24,4,26,55.335,2,7,0,-1,0,0,1,1,25,0,0,0,1028,0,0,0,0,0,1,1,0,0,0,-32.74606633,0,0,0,0,3,1,1,5,10,0,0,0,3,1,1,5,1000,0,0,0,0,0,0,0,0,0,0,0,0,0,0,0,0,0,0,0,0,0,0,0,0,0,0,0,0,0,0,0,0,0,0,0,0,0,0,0,0,0,0,0,0,0,0,0,0,0,0,0
1986,24,4,30,55.335,2,7,0,-1,0,0,1,1,25,0,0,0,1028,0,0,0,0,0,1,1,0,0,0,-32.64077793,0,0,0,0,3,1,1,5,10,0,0,0,3,1,1,5,1000,0,0,0,0,0,0,0,0,0,0,0,0,0,0,0,0,0,0,0,0,0,0,0,0,0,0,0,0,0,0,0,0,0,0,0,0,0,0,0,0,0,0,0,0,0,0,0,0,0,0,0
1986,24,4,32,31.335,2,7,0,-1,0,0,1,1,25,0,0,0,1028,0,0,0,0,0,1,1,0,0,0,-32.59866338,0,0,0,0,3,1,1,5,10,0,0,0,3,1,1,5,1000,0,0,0,0,0,0,0,0,0,0,0,0,0,0,0,0,0,0,0,0,0,0,0,0,0,0,0,0,0,0,0,0,0,0,0,0,0,0,0,0,0,0,0,0,0,0,0,0,0,0,0
1986,24,4,34,7.335,2,7,0,-1,0,0,1,1,25,0,0,0,1028,0,0,0,0,0,1,1,0,0,0,-32.5565495,0,0,0,0,3,1,1,5,10,0,0,0,3,1,1,5,1000,0,0,0,0,0,0,0,0,0,0,0,0,0,0,0,0,0,0,0,0,0,0,0,0,0,0,0,0,0,0,0,0,0,0,0,0,0,0,0,0,0,0,0,0,0,0,0,0,0,0,0
1986,24,4,35,43.334,2,7,0,-1,0,0,1,1,25,0,0,0,1028,0,0,0,0,0,1,1,0,0,0,-32.51443608,0,0,0,0,3,1,1,5,10,0,0,0,3,1,1,5,1000,0,0,0,0,0,0,0,0,0,0,0,0,0,0,0,0,0,0,0,0,0,0,0,0,0,0,0,0,0,0,0,0,0,0,0,0,0,0,0,0,0,0,0,0,0,0,0,0,0,0,0
1986,24,4,37,19.334,2,7,0,-1,0,0,1,1,25,0,0,0,1028,0,0,0,0,0,1,1,0,0,0,-32.4723229,0,0,0,0,3,1,1,5,10,0,0,0,3,1,1,5,1000,0,0,0,0,0,0,0,0,0,0,0,0,0,0,0,0,0,0,0,0,0,0,0,0,0,0,0,0,0,0,0,0,0,0,0,0,0,0,0,0,0,0,0,0,0,0,0,0,0,0,0
1986,24,4,38,55.334,2,7,0,-1,0,0,1,1,25,0,0,0,1028,0,0,0,0,0,1,1,0,0,0,-32.43021017,0,0,0,0,3,1,1,5,10,0,0,0,3,1,1,5,1000,0,0,0,0,0,0,0,0,0,0,0,0,0,0,0,0,0,0,0,0,0,0,0,0,0,0,0,0,0,0,0,0,0,0,0,0,0,0,0,0,0,0,0,0,0,0,0,0,0,0,0
1986,24,4,42,55.334,2,7,0,-1,0,0,1,1,25,0,0,0,1028,0,0,0,0,0,1,1,0,0,0,-32.32493036,0,0,0,0,3,1,1,5,10,0,0,0,3,1,1,5,1000,0,0,0,0,0,0,0,0,0,0,0,0,0,0,0,0,0,0,0,0,0,0,0,0,0,0,0,0,0,0,0,0,0,0,0,0,0,0,0,0,0,0,0,0,0,0,0,0,0,0,0
1986,24,4,44,31.334,2,7,0,-1,0,0,1,1,25,0,0,0,1028,0,0,0,0,0,1,1,0,0,0,-32.28281923,0,0,0,0,3,1,1,5,10,0,0,0,3,1,1,5,1000,0,0,0,0,0,0,0,0,0,0,0,0,0,0,0,0,0,0,0,0,0,0,0,0,0,0,0,0,0,0,0,0,0,0,0,0,0,0,0,0,0,0,0,0,0,0,0,0,0,0,0
1986,24,4,46,7.334,2,7,0,-1,0,0,1,1,25,0,0,0,1028,0,0,0,0,0,1,1,0,0,0,-32.24070856,0,0,0,0,3,1,1,5,10,0,0,0,3,1,1,5,1000,0,0,0,0,0,0,0,0,0,0,0,0,0,0,0,0,0,0,0,0,0,0,0,0,0,0,0,0,0,0,0,0,0,0,0,0,0,0,0,0,0,0,0,0,0,0,0,0,0,0,0
1986,24,4,47,43.334,2,7,0,-1,0,0,1,1,25,0,0,0,1028,0,0,0,0,0,1,1,0,0,0,-32.19859834,0,0,0,0,3,1,1,5,10,0,0,0,3,1,1,5,1000,0,0,0,0,0,0,0,0,0,0,0,0,0,0,0,0,0,0,0,0,0,0,0,0,0,0,0,0,0,0,0,0,0,0,0,0,0,0,0,0,0,0,0,0,0,0,0,0,0,0,0
1986,24,4,49,19.334,2,7,0,-1,0,0,1,1,25,0,0,0,1028,0,0,0,0,0,1,1,0,0,0,-32.1564888,0,0,0,0,3,1,1,5,10,0,0,0,3,1,1,5,1000,0,0,0,0,0,0,0,0,0,0,0,0,0,0,0,0,0,0,0,0,0,0,0,0,0,0,0,0,0,0,0,0,0,0,0,0,0,0,0,0,0,0,0,0,0,0,0,0,0,0,0
1986,24,4,50,55.333,2,7,0,-1,0,0,1,1,25,0,0,0,1028,0,0,0,0,0,1,1,0,0,0,-32.11437971,0,0,0,0,3,1,1,5,10,0,0,0,3,1,1,5,1000,0,0,0,0,0,0,0,0,0,0,0,0,0,0,0,0,0,0,0,0,0,0,0,0,0,0,0,0,0,0,0,0,0,0,0,0,0,0,0,0,0,0,0,0,0,0,0,0,0,0,0
1986,24,4,54,55.333,2,7,0,-1,0,0,1,1,25,0,0,0,1028,0,0,0,0,0,1,1,0,0,0,-32.00910843,0,0,0,0,3,1,1,5,10,0,0,0,3,1,1,5,1000,0,0,0,0,0,0,0,0,0,0,0,0,0,0,0,0,0,0,0,0,0,0,0,0,0,0,0,0,0,0,0,0,0,0,0,0,0,0,0,0,0,0,0,0,0,0,0,0,0,0,0
1986,24,4,56,31.333,2,7,0,-1,0,0,1,1,25,0,0,0,1028,0,0,0,0,0,1,1,0,0,0,-31.96700071,0,0,0,0,3,1,1,5,10,0,0,0,3,1,1,5,1000,0,0,0,0,0,0,0,0,0,0,0,0,0,0,0,0,0,0,0,0,0,0,0,0,0,0,0,0,0,0,0,0,0,0,0,0,0,0,0,0,0,0,0,0,0,0,0,0,0,0,0
1986,24,4,58,7.333,2,7,0,-1,0,0,1,1,25,0,0,0,1028,0,0,0,0,0,1,1,0,0,0,-31.92489345,0,0,0,0,3,1,1,5,10,0,0,0,3,1,1,5,1000,0,0,0,0,0,0,0,0,0,0,0,0,0,0,0,0,0,0,0,0,0,0,0,0,0,0,0,0,0,0,0,0,0,0,0,0,0,0,0,0,0,0,0,0,0,0,0,0,0,0,0
1986,24,4,59,43.333,2,7,0,-1,0,0,1,1,25,0,0,0,1028,0,0,0,0,0,1,1,0,0,0,-31.88278663,0,0,0,0,3,1,1,5,10,0,0,0,3,1,1,5,1000,0,0,0,0,0,0,0,0,0,0,0,0,0,0,0,0,0,0,0,0,0,0,0,0,0,0,0,0,0,0,0,0,0,0,0,0,0,0,0,0,0,0,0,0,0,0,0,0,0,0,0
1986,24,5,1,19.333,2,7,0,-1,0,0,1,1,25,0,0,0,1028,0,0,0,0,0,1,1,0,0,0,-31.84068027,0,0,0,0,3,1,1,5,10,0,0,0,3,1,1,5,1000,0,0,0,0,0,0,0,0,0,0,0,0,0,0,0,0,0,0,0,0,0,0,0,0,0,0,0,0,0,0,0,0,0,0,0,0,0,0,0,0,0,0,0,0,0,0,0,0,0,0,0
1986,24,5,2,55.333,2,7,0,-1,0,0,1,1,25,0,0,0,1028,0,0,0,0,0,1,1,0,0,0,-31.79857435,0,0,0,0,3,1,1,5,10,0,0,0,3,1,1,5,1000,0,0,0,0,0,0,0,0,0,0,0,0,0,0,0,0,0,0,0,0,0,0,0,0,0,0,0,0,0,0,0,0,0,0,0,0,0,0,0,0,0,0,0,0,0,0,0,0,0,0,0
1986,24,5,6,55.332,2,7,0,-1,0,0,1,1,25,0,0,0,1028,0,0,0,0,0,1,1,0,0,0,-31.69331197,0,0,0,0,3,1,1,5,10,0,0,0,3,1,1,5,1000,0,0,0,0,0,0,0,0,0,0,0,0,0,0,0,0,0,0,0,0,0,0,0,0,0,0,0,0,0,0,0,0,0,0,0,0,0,0,0,0,0,0,0,0,0,0,0,0,0,0,0
1986,24,5,8,31.332,2,7,0,-1,0,0,1,1,25,0,0,0,1028,0,0,0,0,0,1,1,0,0,0,-31.65120763,0,0,0,0,3,1,1,5,10,0,0,0,3,1,1,5,1000,0,0,0,0,0,0,0,0,0,0,0,0,0,0,0,0,0,0,0,0,0,0,0,0,0,0,0,0,0,0,0,0,0,0,0,0,0,0,0,0,0,0,0,0,0,0,0,0,0,0,0
1986,24,5,10,7.332,2,7,0,-1,0,0,1,1,25,0,0,0,1028,0,0,0,0,0,1,1,0,0,0,-31.60910373,0,0,0,0,3,1,1,5,10,0,0,0,3,1,1,5,1000,0,0,0,0,0,0,0,0,0,0,0,0,0,0,0,0,0,0,0,0,0,0,0,0,0,0,0,0,0,0,0,0,0,0,0,0,0,0,0,0,0,0,0,0,0,0,0,0,0,0,0
1986,24,5,11,43.332,2,7,0,-1,0,0,1,1,25,0,0,0,1028,0,0,0,0,0,1,1,0,0,0,-31.56700028,0,0,0,0,3,1,1,5,10,0,0,0,3,1,1,5,1000,0,0,0,0,0,0,0,0,0,0,0,0,0,0,0,0,0,0,0,0,0,0,0,0,0,0,0,0,0,0,0,0,0,0,0,0,0,0,0,0,0,0,0,0,0,0,0,0,0,0,0
1986,24,5,13,19.332,2,7,0,-1,0,0,1,1,25,0,0,0,1028,0,0,0,0,0,1,1,0,0,0,-31.52489728,0,0,0,0,3,1,1,5,10,0,0,0,3,1,1,5,1000,0,0,0,0,0,0,0,0,0,0,0,0,0,0,0,0,0,0,0,0,0,0,0,0,0,0,0,0,0,0,0,0,0,0,0,0,0,0,0,0,0,0,0,0,0,0,0,0,0,0,0
1986,24,5,14,55.332,2,7,0,-1,0,0,1,1,25,0,0,0,1028,0,0,0,0,0,1,1,0,0,0,-31.48279472,0,0,0,0,3,1,1,5,10,0,0,0,3,1,1,5,1000,0,0,0,0,0,0,0,0,0,0,0,0,0,0,0,0,0,0,0,0,0,0,0,0,0,0,0,0,0,0,0,0,0,0,0,0,0,0,0,0,0,0,0,0,0,0,0,0,0,0,0
1986,24,5,18,55.332,2,7,0,-1,0,0,1,1,25,0,0,0,1028,0,0,0,0,0,1,1,0,0,0,-31.37754025,0,0,0,0,3,1,1,5,10,0,0,0,3,1,1,5,1000,0,0,0,0,0,0,0,0,0,0,0,0,0,0,0,0,0,0,0,0,0,0,0,0,0,0,0,0,0,0,0,0,0,0,0,0,0,0,0,0,0,0,0,0,0,0,0,0,0,0,0
1986,24,5,20,31.331,2,7,0,-1,0,0,1,1,25,0,0,0,1028,0,0,0,0,0,1,1,0,0,0,-31.33543968,0,0,0,0,3,1,1,5,10,0,0,0,3,1,1,5,1000,0,0,0,0,0,0,0,0,0,0,0,0,0,0,0,0,0,0,0,0,0,0,0,0,0,0,0,0,0,0,0,0,0,0,0,0,0,0,0,0,0,0,0,0,0,0,0,0,0,0,0
1986,24,5,22,7.331,2,7,0,-1,0,0,1,1,25,0,0,0,1028,0,0,0,0,0,1,1,0,0,0,-31.2933391,0,0,0,0,3,1,1,5,10,0,0,0,3,1,1,5,1000,0,0,0,0,0,0,0,0,0,0,0,0,0,0,0,0,0,0,0,0,0,0,0,0,0,0,0,0,0,0,0,0,0,0,0,0,0,0,0,0,0,0,0,0,0,0,0,0,0,0,0
1986,24,5,23,43.331,2,7,0,-1,0,0,1,1,25,0,0,0,1028,0,0,0,0,0,1,1,0,0,0,-31.25123897,0,0,0,0,3,1,1,5,10,0,0,0,3,1,1,5,1000,0,0,0,0,0,0,0,0,0,0,0,0,0,0,0,0,0,0,0,0,0,0,0,0,0,0,0,0,0,0,0,0,0,0,0,0,0,0,0,0,0,0,0,0,0,0,0,0,0,0,0
1986,24,5,25,19.331,2,7,0,-1,0,0,1,1,25,0,0,0,1028,0,0,0,0,0,1,1,0,0,0,-31.20913927,0,0,0,0,3,1,1,5,10,0,0,0,3,1,1,5,1000,0,0,0,0,0,0,0,0,0,0,0,0,0,0,0,0,0,0,0,0,0,0,0,0,0,0,0,0,0,0,0,0,0,0,0,0,0,0,0,0,0,0,0,0,0,0,0,0,0,0,0
1986,24,5,26,55.331,2,7,0,-1,0,0,1,1,25,0,0,0,1028,0,0,0,0,0,1,1,0,0,0,-31.16704001,0,0,0,0,3,1,1,5,10,0,0,0,3,1,1,5,1000,0,0,0,0,0,0,0,0,0,0,0,0,0,0,0,0,0,0,0,0,0,0,0,0,0,0,0,0,0,0,0,0,0,0,0,0,0,0,0,0,0,0,0,0,0,0,0,0,0,0,0
1986,24,5,30,55.331,2,7,0,-1,0,0,1,1,25,0,0,0,1028,0,0,0,0,0,1,1,0,0,0,-31.06179376,0,0,0,0,3,1,1,5,10,0,0,0,3,1,1,5,1000,0,0,0,0,0,0,0,0,0,0,0,0,0,0,0,0,0,0,0,0,0,0,0,0,0,0,0,0,0,0,0,0,0,0,0,0,0,0,0,0,0,0,0,0,0,0,0,0,0,0,0
1986,24,5,32,31.331,2,7,0,-1,0,0,1,1,25,0,0,0,1028,0,0,0,0,0,1,1,0,0,0,-31.01969602,0,0,0,0,3,1,1,5,10,0,0,0,3,1,1,5,1000,0,0,0,0,0,0,0,0,0,0,0,0,0,0,0,0,0,0,0,0,0,0,0,0,0,0,0,0,0,0,0,0,0,0,0,0,0,0,0,0,0,0,0,0,0,0,0,0,0,0,0
1986,24,5,34,7.331,2,7,0,-1,0,0,1,1,25,0,0,0,1028,0,0,0,0,0,1,1,0,0,0,-30.97759892,0,0,0,0,3,1,1,5,10,0,0,0,3,1,1,5,1000,0,0,0,0,0,0,0,0,0,0,0,0,0,0,0,0,0,0,0,0,0,0,0,0,0,0,0,0,0,0,0,0,0,0,0,0,0,0,0,0,0,0,0,0,0,0,0,0,0,0,0
1986,24,5,35,43.33,2,7,0,-1,0,0,1,1,25,0,0,0,1028,0,0,0,0,0,1,1,0,0,0,-30.93550226,0,0,0,0,3,1,1,5,10,0,0,0,3,1,1,5,1000,0,0,0,0,0,0,0,0,0,0,0,0,0,0,0,0,0,0,0,0,0,0,0,0,0,0,0,0,0,0,0,0,0,0,0,0,0,0,0,0,0,0,0,0,0,0,0,0,0,0,0
1986,24,5,37,19.33,2,7,0,-1,0,0,1,1,25,0,0,0,1028,0,0,0,0,0,1,1,0,0,0,-30.8934058,0,0,0,0,3,1,1,5,10,0,0,0,3,1,1,5,1000,0,0,0,0,0,0,0,0,0,0,0,0,0,0,0,0,0,0,0,0,0,0,0,0,0,0,0,0,0,0,0,0,0,0,0,0,0,0,0,0,0,0,0,0,0,0,0,0,0,0,0
1986,24,5,38,55.33,2,7,0,-1,0,0,1,1,25,0,0,0,1028,0,0,0,0,0,1,1,0,0,0,-30.85130977,0,0,0,0,3,1,1,5,10,0,0,0,3,1,1,5,1000,0,0,0,0,0,0,0,0,0,0,0,0,0,0,0,0,0,0,0,0,0,0,0,0,0,0,0,0,0,0,0,0,0,0,0,0,0,0,0,0,0,0,0,0,0,0,0,0,0,0,0
1986,24,5,42,55.33,2,7,0,-1,0,0,1,1,25,0,0,0,1028,0,0,0,0,0,1,1,0,0,0,-30.74607155,0,0,0,0,3,1,1,5,10,0,0,0,3,1,1,5,1000,0,0,0,0,0,0,0,0,0,0,0,0,0,0,0,0,0,0,0,0,0,0,0,0,0,0,0,0,0,0,0,0,0,0,0,0,0,0,0,0,0,0,0,0,0,0,0,0,0,0,0
1986,24,5,44,31.33,2,7,0,-1,0,0,1,1,25,0,0,0,1028,0,0,0,0,0,1,1,0,0,0,-30.703977,0,0,0,0,3,1,1,5,10,0,0,0,3,1,1,5,1000,0,0,0,0,0,0,0,0,0,0,0,0,0,0,0,0,0,0,0,0,0,0,0,0,0,0,0,0,0,0,0,0,0,0,0,0,0,0,0,0,0,0,0,0,0,0,0,0,0,0,0
1986,24,5,46,7.33,2,7,0,-1,0,0,1,1,25,0,0,0,1028,0,0,0,0,0,1,1,0,0,0,-30.66188287,0,0,0,0,3,1,1,5,10,0,0,0,3,1,1,5,1000,0,0,0,0,0,0,0,0,0,0,0,0,0,0,0,0,0,0,0,0,0,0,0,0,0,0,0,0,0,0,0,0,0,0,0,0,0,0,0,0,0,0,0,0,0,0,0,0,0,0,0
1986,24,5,47,43.33,2,7,0,-1,0,0,1,1,25,0,0,0,1028,0,0,0,0,0,1,1,0,0,0,-30.61978915,0,0,0,0,3,1,1,5,10,0,0,0,3,1,1,5,1000,0,0,0,0,0,0,0,0,0,0,0,0,0,0,0,0,0,0,0,0,0,0,0,0,0,0,0,0,0,0,0,0,0,0,0,0,0,0,0,0,0,0,0,0,0,0,0,0,0,0,0
1986,24,5,49,19.33,2,7,0,-1,0,0,1,1,25,0,0,0,1028,0,0,0,0,0,1,1,0,0,0,-30.57769607,0,0,0,0,3,1,1,5,10,0,0,0,3,1,1,5,1000,0,0,0,0,0,0,0,0,0,0,0,0,0,0,0,0,0,0,0,0,0,0,0,0,0,0,0,0,0,0,0,0,0,0,0,0,0,0,0,0,0,0,0,0,0,0,0,0,0,0,0
1986,24,5,50,55.329,2,7,0,-1,0,0,1,1,25,0,0,0,1028,0,0,0,0,0,1,1,0,0,0,-30.5356034,0,0,0,0,3,1,1,5,10,0,0,0,3,1,1,5,1000,0,0,0,0,0,0,0,0,0,0,0,0,0,0,0,0,0,0,0,0,0,0,0,0,0,0,0,0,0,0,0,0,0,0,0,0,0,0,0,0,0,0,0,0,0,0,0,0,0,0,0
1986,24,5,54,55.329,2,7,0,-1,0,0,1,1,25,0,0,0,1028,0,0,0,0,0,1,1,0,0,0,-30.43037298,0,0,0,0,3,1,1,5,10,0,0,0,3,1,1,5,1000,0,0,0,0,0,0,0,0,0,0,0,0,0,0,0,0,0,0,0,0,0,0,0,0,0,0,0,0,0,0,0,0,0,0,0,0,0,0,0,0,0,0,0,0,0,0,0,0,0,0,0
1986,24,5,56,31.329,2,7,0,-1,0,0,1,1,25,0,0,0,1028,0,0,0,0,0,1,1,0,0,0,-30.38828153,0,0,0,0,3,1,1,5,10,0,0,0,3,1,1,5,1000,0,0,0,0,0,0,0,0,0,0,0,0,0,0,0,0,0,0,0,0,0,0,0,0,0,0,0,0,0,0,0,0,0,0,0,0,0,0,0,0,0,0,0,0,0,0,0,0,0,0,0
1986,24,5,58,7.329,2,7,0,-1,0,0,1,1,25,0,0,0,1028,0,0,0,0,0,1,1,0,0,0,-30.34619048,0,0,0,0,3,1,1,5,10,0,0,0,3,1,1,5,1000,0,0,0,0,0,0,0,0,0,0,0,0,0,0,0,0,0,0,0,0,0,0,0,0,0,0,0,0,0,0,0,0,0,0,0,0,0,0,0,0,0,0,0,0,0,0,0,0,0,0,0
1986,24,5,59,43.329,2,7,0,-1,0,0,1,1,25,0,0,0,1028,0,0,0,0,0,1,1,0,0,0,-30.30409983,0,0,0,0,3,1,1,5,10,0,0,0,3,1,1,5,1000,0,0,0,0,0,0,0,0,0,0,0,0,0,0,0,0,0,0,0,0,0,0,0,0,0,0,0,0,0,0,0,0,0,0,0,0,0,0,0,0,0,0,0,0,0,0,0,0,0,0,0
1986,24,6,1,19.329,2,7,0,-1,0,0,1,1,25,0,0,0,1028,0,0,0,0,0,1,1,0,0,0,-30.26200958,0,0,0,0,3,1,1,5,10,0,0,0,3,1,1,5,1000,0,0,0,0,0,0,0,0,0,0,0,0,0,0,0,0,0,0,0,0,0,0,0,0,0,0,0,0,0,0,0,0,0,0,0,0,0,0,0,0,0,0,0,0,0,0,0,0,0,0,0
1986,24,6,2,55.329,2,7,0,-1,0,0,1,1,25,0,0,0,1028,0,0,0,0,0,1,1,0,0,0,-30.21991974,0,0,0,0,3,1,1,5,10,0,0,0,3,1,1,5,1000,0,0,0,0,0,0,0,0,0,0,0,0,0,0,0,0,0,0,0,0,0,0,0,0,0,0,0,0,0,0,0,0,0,0,0,0,0,0,0,0,0,0,0,0,0,0,0,0,0,0,0
1986,24,6,6,55.328,2,7,0,-1,0,0,1,1,25,0,0,0,1028,0,0,0,0,0,1,1,0,0,0,-30.11469728,0,0,0,0,3,1,1,5,10,0,0,0,3,1,1,5,1000,0,0,0,0,0,0,0,0,0,0,0,0,0,0,0,0,0,0,0,0,0,0,0,0,0,0,0,0,0,0,0,0,0,0,0,0,0,0,0,0,0,0,0,0,0,0,0,0,0,0,0
1986,24,6,8,31.328,2,7,0,-1,0,0,1,1,25,0,0,0,1028,0,0,0,0,0,1,1,0,0,0,-30.0726088,0,0,0,0,3,1,1,5,10,0,0,0,3,1,1,5,1000,0,0,0,0,0,0,0,0,0,0,0,0,0,0,0,0,0,0,0,0,0,0,0,0,0,0,0,0,0,0,0,0,0,0,0,0,0,0,0,0,0,0,0,0,0,0,0,0,0,0,0
1986,24,6,10,7.328,2,7,0,-1,0,0,1,1,25,0,0,0,1028,0,0,0,0,0,1,1,0,0,0,-30.03052072,0,0,0,0,3,1,1,5,10,0,0,0,3,1,1,5,1000,0,0,0,0,0,0,0,0,0,0,0,0,0,0,0,0,0,0,0,0,0,0,0,0,0,0,0,0,0,0,0,0,0,0,0,0,0,0,0,0,0,0,0,0,0,0,0,0,0,0,0
1986,24,6,11,43.328,2,7,0,-1,0,0,1,1,25,0,0,0,1028,0,0,0,0,0,1,1,0,0,0,-29.98843301,0,0,0,0,3,1,1,5,10,0,0,0,3,1,1,5,1000,0,0,0,0,0,0,0,0,0,0,0,0,0,0,0,0,0,0,0,0,0,0,0,0,0,0,0,0,0,0,0,0,0,0,0,0,0,0,0,0,0,0,0,0,0,0,0,0,0,0,0
1986,24,6,13,19.328,2,7,0,-1,0,0,1,1,25,0,0,0,1028,0,0,0,0,0,1,1,0,0,0,-29.94634569,0,0,0,0,3,1,1,5,10,0,0,0,3,1,1,5,1000,0,0,0,0,0,0,0,0,0,0,0,0,0,0,0,0,0,0,0,0,0,0,0,0,0,0,0,0,0,0,0,0,0,0,0,0,0,0,0,0,0,0,0,0,0,0,0,0,0,0,0
1986,24,6,14,55.328,2,7,0,-1,0,0,1,1,25,0,0,0,1028,0,0,0,0,0,1,1,0,0,0,-29.90425875,0,0,0,0,3,1,1,5,10,0,0,0,3,1,1,5,1000,0,0,0,0,0,0,0,0,0,0,0,0,0,0,0,0,0,0,0,0,0,0,0,0,0,0,0,0,0,0,0,0,0,0,0,0,0,0,0,0,0,0,0,0,0,0,0,0,0,0,0
1986,24,6,18,55.328,2,7,0,-1,0,0,1,1,25,0,0,0,1028,0,0,0,0,0,1,1,0,0,0,-29.79904304,0,0,0,0,3,1,1,5,10,0,0,0,3,1,1,5,1000,0,0,0,0,0,0,0,0,0,0,0,0,0,0,0,0,0,0,0,0,0,0,0,0,0,0,0,0,0,0,0,0,0,0,0,0,0,0,0,0,0,0,0,0,0,0,0,0,0,0,0
1986,24,6,20,31.327,2,7,0,-1,0,0,1,1,25,0,0,0,1028,0,0,0,0,0,1,1,0,0,0,-29.75695785,0,0,0,0,3,1,1,5,10,0,0,0,3,1,1,5,1000,0,0,0,0,0,0,0,0,0,0,0,0,0,0,0,0,0,0,0,0,0,0,0,0,0,0,0,0,0,0,0,0,0,0,0,0,0,0,0,0,0,0,0,0,0,0,0,0,0,0,0
1986,24,6,22,7.327,2,7,0,-1,0,0,1,1,25,0,0,0,1028,0,0,0,0,0,1,1,0,0,0,-29.71487258,0,0,0,0,3,1,1,5,10,0,0,0,3,1,1,5,1000,0,0,0,0,0,0,0,0,0,0,0,0,0,0,0,0,0,0,0,0,0,0,0,0,0,0,0,0,0,0,0,0,0,0,0,0,0,0,0,0,0,0,0,0,0,0,0,0,0,0,0
1986,24,6,23,43.327,2,7,0,-1,0,0,1,1,25,0,0,0,1028,0,0,0,0,0,1,1,0,0,0,-29.67278767,0,0,0,0,3,1,1,5,10,0,0,0,3,1,1,5,1000,0,0,0,0,0,0,0,0,0,0,0,0,0,0,0,0,0,0,0,0,0,0,0,0,0,0,0,0,0,0,0,0,0,0,0,0,0,0,0,0,0,0,0,0,0,0,0,0,0,0,0
1986,24,6,25,19.327,2,7,0,-1,0,0,1,1,25,0,0,0,1028,0,0,0,0,0,1,1,0,0,0,-29.63070313,0,0,0,0,3,1,1,5,10,0,0,0,3,1,1,5,1000,0,0,0,0,0,0,0,0,0,0,0,0,0,0,0,0,0,0,0,0,0,0,0,0,0,0,0,0,0,0,0,0,0,0,0,0,0,0,0,0,0,0,0,0,0,0,0,0,0,0,0
1986,24,6,26,55.327,2,7,0,-1,0,0,1,1,25,0,0,0,1028,0,0,0,0,0,1,1,0,0,0,-29.58861894,0,0,0,0,3,1,1,5,10,0,0,0,3,1,1,5,1000,0,0,0,0,0,0,0,0,0,0,0,0,0,0,0,0,0,0,0,0,0,0,0,0,0,0,0,0,0,0,0,0,0,0,0,0,0,0,0,0,0,0,0,0,0,0,0,0,0,0,0
1986,24,6,30,55.327,2,7,0,-1,0,0,1,1,25,0,0,0,1028,0,0,0,0,0,1,1,0,0,0,-29.48341002,0,0,0,0,3,1,1,5,10,0,0,0,3,1,1,5,1000,0,0,0,0,0,0,0,0,0,0,0,0,0,0,0,0,0,0,0,0,0,0,0,0,0,0,0,0,0,0,0,0,0,0,0,0,0,0,0,0,0,0,0,0,0,0,0,0,0,0,0
1986,24,6,32,31.327,2,7,0,-1,0,0,1,1,25,0,0,0,1028,0,0,0,0,0,1,1,0,0,0,-29.44132705,0,0,0,0,3,1,1,5,10,0,0,0,3,1,1,5,1000,0,0,0,0,0,0,0,0,0,0,0,0,0,0,0,0,0,0,0,0,0,0,0,0,0,0,0,0,0,0,0,0,0,0,0,0,0,0,0,0,0,0,0,0,0,0,0,0,0,0,0
1986,24,6,34,7.327,2,7,0,-1,0,0,1,1,25,0,0,0,1028,0,0,0,0,0,1,1,0,0,0,-29.39924443,0,0,0,0,3,1,1,5,10,0,0,0,3,1,1,5,1000,0,0,0,0,0,0,0,0,0,0,0,0,0,0,0,0,0,0,0,0,0,0,0,0,0,0,0,0,0,0,0,0,0,0,0,0,0,0,0,0,0,0,0,0,0,0,0,0,0,0,0
1986,24,6,35,43.326,2,7,0,-1,0,0,1,1,25,0,0,0,1028,0,0,0,0,0,1,1,0,0,0,-29.35716259,0,0,0,0,3,1,1,5,10,0,0,0,3,1,1,5,1000,0,0,0,0,0,0,0,0,0,0,0,0,0,0,0,0,0,0,0,0,0,0,0,0,0,0,0,0,0,0,0,0,0,0,0,0,0,0,0,0,0,0,0,0,0,0,0,0,0,0,0
1986,24,6,37,19.326,2,7,0,-1,0,0,1,1,25,0,0,0,1028,0,0,0,0,0,1,1,0,0,0,-29.31508065,0,0,0,0,3,1,1,5,10,0,0,0,3,1,1,5,1000,0,0,0,0,0,0,0,0,0,0,0,0,0,0,0,0,0,0,0,0,0,0,0,0,0,0,0,0,0,0,0,0,0,0,0,0,0,0,0,0,0,0,0,0,0,0,0,0,0,0,0
1986,24,6,38,55.326,2,7,0,-1,0,0,1,1,25,0,0,0,1028,0,0,0,0,0,1,1,0,0,0,-29.27299903,0,0,0,0,3,1,1,5,10,0,0,0,3,1,1,5,1000,0,0,0,0,0,0,0,0,0,0,0,0,0,0,0,0,0,0,0,0,0,0,0,0,0,0,0,0,0,0,0,0,0,0,0,0,0,0,0,0,0,0,0,0,0,0,0,0,0,0,0
1986,24,6,42,55.326,2,7,0,-1,0,0,1,1,25,0,0,0,1028,0,0,0,0,0,1,1,0,0,0,-29.16779642,0,0,0,0,3,1,1,5,10,0,0,0,3,1,1,5,1000,0,0,0,0,0,0,0,0,0,0,0,0,0,0,0,0,0,0,0,0,0,0,0,0,0,0,0,0,0,0,0,0,0,0,0,0,0,0,0,0,0,0,0,0,0,0,0,0,0,0,0
1986,24,6,44,31.326,2,7,0,-1,0,0,1,1,25,0,0,0,1028,0,0,0,0,0,1,1,0,0,0,-29.12571593,0,0,0,0,3,1,1,5,10,0,0,0,3,1,1,5,1000,0,0,0,0,0,0,0,0,0,0,0,0,0,0,0,0,0,0,0,0,0,0,0,0,0,0,0,0,0,0,0,0,0,0,0,0,0,0,0,0,0,0,0,0,0,0,0,0,0,0,0
1986,24,6,46,7.326,2,7,0,-1,0,0,1,1,25,0,0,0,1028,0,0,0,0,0,1,1,0,0,0,-29.08363576,0,0,0,0,3,1,1,5,10,0,0,0,3,1,1,5,1000,0,0,0,0,0,0,0,0,0,0,0,0,0,0,0,0,0,0,0,0,0,0,0,0,0,0,0,0,0,0,0,0,0,0,0,0,0,0,0,0,0,0,0,0,0,0,0,0,0,0,0
1986,24,6,47,43.326,2,7,0,-1,0,0,1,1,25,0,0,0,1028,0,0,0,0,0,1,1,0,0,0,-29.0415559,0,0,0,0,3,1,1,5,10,0,0,0,3,1,1,5,1000,0,0,0,0,0,0,0,0,0,0,0,0,0,0,0,0,0,0,0,0,0,0,0,0,0,0,0,0,0,0,0,0,0,0,0,0,0,0,0,0,0,0,0,0,0,0,0,0,0,0,0
1986,24,6,49,19.326,2,7,0,-1,0,0,1,1,25,0,0,0,1028,0,0,0,0,0,1,1,0,0,0,-28.99947634,0,0,0,0,3,1,1,5,10,0,0,0,3,1,1,5,1000,0,0,0,0,0,0,0,0,0,0,0,0,0,0,0,0,0,0,0,0,0,0,0,0,0,0,0,0,0,0,0,0,0,0,0,0,0,0,0,0,0,0,0,0,0,0,0,0,0,0,0
1986,24,6,50,55.325,2,7,0,-1,0,0,1,1,25,0,0,0,1028,0,0,0,0,0,1,1,0,0,0,-28.95739752,0,0,0,0,3,1,1,5,10,0,0,0,3,1,1,5,1000,0,0,0,0,0,0,0,0,0,0,0,0,0,0,0,0,0,0,0,0,0,0,0,0,0,0,0,0,0,0,0,0,0,0,0,0,0,0,0,0,0,0,0,0,0,0,0,0,0,0,0
1986,24,6,54,55.325,2,7,0,-1,0,0,1,1,25,0,0,0,1028,0,0,0,0,0,1,1,0,0,0,-28.85220066,0,0,0,0,3,1,1,5,10,0,0,0,3,1,1,5,1000,0,0,0,0,0,0,0,0,0,0,0,0,0,0,0,0,0,0,0,0,0,0,0,0,0,0,0,0,0,0,0,0,0,0,0,0,0,0,0,0,0,0,0,0,0,0,0,0,0,0,0
1986,24,6,56,31.325,2,7,0,-1,0,0,1,1,25,0,0,0,1028,0,0,0,0,0,1,1,0,0,0,-28.81012242,0,0,0,0,3,1,1,5,10,0,0,0,3,1,1,5,1000,0,0,0,0,0,0,0,0,0,0,0,0,0,0,0,0,0,0,0,0,0,0,0,0,0,0,0,0,0,0,0,0,0,0,0,0,0,0,0,0,0,0,0,0,0,0,0,0,0,0,0
1986,24,6,58,7.325,2,7,0,-1,0,0,1,1,25,0,0,0,1028,0,0,0,0,0,1,1,0,0,0,-28.76804446,0,0,0,0,3,1,1,5,10,0,0,0,3,1,1,5,1000,0,0,0,0,0,0,0,0,0,0,0,0,0,0,0,0,0,0,0,0,0,0,0,0,0,0,0,0,0,0,0,0,0,0,0,0,0,0,0,0,0,0,0,0,0,0,0,0,0,0,0
1986,24,6,59,43.325,2,7,0,-1,0,0,1,1,25,0,0,0,1028,0,0,0,0,0,1,1,0,0,0,-28.72596678,0,0,0,0,3,1,1,5,10,0,0,0,3,1,1,5,1000,0,0,0,0,0,0,0,0,0,0,0,0,0,0,0,0,0,0,0,0,0,0,0,0,0,0,0,0,0,0,0,0,0,0,0,0,0,0,0,0,0,0,0,0,0,0,0,0,0,0,0
1986,24,7,1,19.325,2,7,0,-1,0,0,1,1,25,0,0,0,1028,0,0,0,0,0,1,1,0,0,0,-28.68388937,0,0,0,0,3,1,1,5,10,0,0,0,3,1,1,5,1000,0,0,0,0,0,0,0,0,0,0,0,0,0,0,0,0,0,0,0,0,0,0,0,0,0,0,0,0,0,0,0,0,0,0,0,0,0,0,0,0,0,0,0,0,0,0,0,0,0,0,0
1986,24,7,2,55.325,2,7,0,-1,0,0,1,1,25,0,0,0,1028,0,0,0,0,0,1,1,0,0,0,-28.64181222,0,0,0,0,3,1,1,5,10,0,0,0,3,1,1,5,1000,0,0,0,0,0,0,0,0,0,0,0,0,0,0,0,0,0,0,0,0,0,0,0,0,0,0,0,0,0,0,0,0,0,0,0,0,0,0,0,0,0,0,0,0,0,0,0,0,0,0,0
1986,24,7,6,55.324,2,7,0,-1,0,0,1,1,25,0,0,0,1028,0,0,0,0,0,1,1,0,0,0,-28.53662091,0,0,0,0,3,1,1,5,10,0,0,0,3,1,1,5,1000,0,0,0,0,0,0,0,0,0,0,0,0,0,0,0,0,0,0,0,0,0,0,0,0,0,0,0,0,0,0,0,0,0,0,0,0,0,0,0,0,0,0,0,0,0,0,0,0,0,0,0
1986,24,7,8,31.324,2,7,0,-1,0,0,1,1,25,0,0,0,1028,0,0,0,0,0,1,1,0,0,0,-28.49454465,0,0,0,0,3,1,1,5,10,0,0,0,3,1,1,5,1000,0,0,0,0,0,0,0,0,0,0,0,0,0,0,0,0,0,0,0,0,0,0,0,0,0,0,0,0,0,0,0,0,0,0,0,0,0,0,0,0,0,0,0,0,0,0,0,0,0,0,0
1986,24,7,10,7.324,2,7,0,-1,0,0,1,1,25,0,0,0,1028,0,0,0,0,0,1,1,0,0,0,-28.45246863,0,0,0,0,3,1,1,5,10,0,0,0,3,1,1,5,1000,0,0,0,0,0,0,0,0,0,0,0,0,0,0,0,0,0,0,0,0,0,0,0,0,0,0,0,0,0,0,0,0,0,0,0,0,0,0,0,0,0,0,0,0,0,0,0,0,0,0,0
1986,24,7,11,43.324,2,7,0,-1,0,0,1,1,25,0,0,0,1028,0,0,0,0,0,1,1,0,0,0,-28.41039285,0,0,0,0,3,1,1,5,10,0,0,0,3,1,1,5,1000,0,0,0,0,0,0,0,0,0,0,0,0,0,0,0,0,0,0,0,0,0,0,0,0,0,0,0,0,0,0,0,0,0,0,0,0,0,0,0,0,0,0,0,0,0,0,0,0,0,0,0
1986,24,7,13,19.324,2,7,0,-1,0,0,1,1,25,0,0,0,1028,0,0,0,0,0,1,1,0,0,0,-28.3683173,0,0,0,0,3,1,1,5,10,0,0,0,3,1,1,5,1000,0,0,0,0,0,0,0,0,0,0,0,0,0,0,0,0,0,0,0,0,0,0,0,0,0,0,0,0,0,0,0,0,0,0,0,0,0,0,0,0,0,0,0,0,0,0,0,0,0,0,0
1986,24,7,14,55.324,2,7,0,-1,0,0,1,1,25,0,0,0,1028,0,0,0,0,0,1,1,0,0,0,-28.32624197,0,0,0,0,3,1,1,5,10,0,0,0,3,1,1,5,1000,0,0,0,0,0,0,0,0,0,0,0,0,0,0,0,0,0,0,0,0,0,0,0,0,0,0,0,0,0,0,0,0,0,0,0,0,0,0,0,0,0,0,0,0,0,0,0,0,0,0,0
1986,24,7,18,55.324,2,7,0,-1,0,0,1,1,25,0,0,0,1028,0,0,0,0,0,1,1,0,0,0,-28.22105459,0,0,0,0,3,1,1,5,10,0,0,0,3,1,1,5,1000,0,0,0,0,0,0,0,0,0,0,0,0,0,0,0,0,0,0,0,0,0,0,0,0,0,0,0,0,0,0,0,0,0,0,0,0,0,0,0,0,0,0,0,0,0,0,0,0,0,0,0
1986,24,7,20,31.324,2,7,0,-1,0,0,1,1,25,0,0,0,1028,0,0,0,0,0,1,1,0,0,0,-28.17898022,0,0,0,0,3,1,1,5,10,0,0,0,3,1,1,5,1000,0,0,0,0,0,0,0,0,0,0,0,0,0,0,0,0,0,0,0,0,0,0,0,0,0,0,0,0,0,0,0,0,0,0,0,0,0,0,0,0,0,0,0,0,0,0,0,0,0,0,0
1986,24,7,22,7.323,2,7,0,-1,0,0,1,1,25,0,0,0,1028,0,0,0,0,0,1,1,0,0,0,-28.13690604,0,0,0,0,3,1,1,5,10,0,0,0,3,1,1,5,1000,0,0,0,0,0,0,0,0,0,0,0,0,0,0,0,0,0,0,0,0,0,0,0,0,0,0,0,0,0,0,0,0,0,0,0,0,0,0,0,0,0,0,0,0,0,0,0,0,0,0,0
1986,24,7,23,43.323,2,7,0,-1,0,0,1,1,25,0,0,0,1028,0,0,0,0,0,1,1,0,0,0,-28.09483184,0,0,0,0,3,1,1,5,10,0,0,0,3,1,1,5,1000,0,0,0,0,0,0,0,0,0,0,0,0,0,0,0,0,0,0,0,0,0,0,0,0,0,0,0,0,0,0,0,0,0,0,0,0,0,0,0,0,0,0,0,0,0,0,0,0,0,0,0
1986,24,7,25,19.323,2,7,0,-1,0,0,1,1,25,0,0,0,1028,0,0,0,0,0,1,1,0,0,0,-28.05275782,0,0,0,0,3,1,1,5,10,0,0,0,3,1,1,5,1000,0,0,0,0,0,0,0,0,0,0,0,0,0,0,0,0,0,0,0,0,0,0,0,0,0,0,0,0,0,0,0,0,0,0,0,0,0,0,0,0,0,0,0,0,0,0,0,0,0,0,0
