YEAR,DOY,HOUR,MINUTE,SECOND,SPACECRAFT,PLANET_NUMBER,RESPONSE,L_OR_M_MODE,SHORT_OR_LONG,THRESHOLD_CURRENT,SAVE_PLOT,FIT,ITERATIONS,CHANNELS_CUPA,CHANNELS_CUPB,CHANNELS_CUPC,CHANNELS_CUPD,TOTAL_NUMBER_OF_FITTED_CHANNELS,CHI_SQUARE,VARY_V1,VARY_V2,VARY_V3,VARY_DENSITY,VARY_TEMPERATURE,VARY_KAPPA,ANALYTICAL_VPHI,V1,V2,V3,COMMON_TEMPERATURE,COMMON_KAPPA,DELAMERE_COMPOSITION,SPECIES_1,SPECIES_1_A,SPECIES_1_Z,SPECIES_1_N,SPECIES_1_T,SPECIES_1_KAPPA,SPECIES_1_N_UNCERT,SPECIES_1_T_UNCERT,SPECIES_2,SPECIES_2_A,SPECIES_2_Z,SPECIES_2_N,SPECIES_2_T,SPECIES_2_KAPPA,SPECIES_2_N_UNCERT,SPECIES_2_T_UNCERT,SPECIES_3,SPECIES_3_A,SPECIES_3_Z,SPECIES_3_N,SPECIES_3_T,SPECIES_3_KAPPA,SPECIES_3_N_UNCERT,SPECIES_3_T_UNCERT,SPECIES_4,SPECIES_4_A,SPECIES_4_Z,SPECIES_4_N,SPECIES_4_T,SPECIES_4_KAPPA,SPECIES_4_N_UNCERT,SPECIES_4_T_UNCERT,SPECIES_5,SPECIES_5_A,SPECIES_5_Z,SPECIES_5_N,SPECIES_5_T,SPECIES_5_KAPPA,SPECIES_5_N_UNCERT,SPECIES_5_T_UNCERT,SPECIES_6,SPECIES_6_A,SPECIES_6_Z,SPECIES_6_N,SPECIES_6_T,SPECIES_6_KAPPA,SPECIES_6_N_UNCERT,SPECIES_6_T_UNCERT,SPECIES_7,SPECIES_7_A,SPECIES_7_Z,SPECIES_7_N,SPECIES_7_T,SPECIES_7_KAPPA,SPECIES_7_N_UNCERT,SPECIES_7_T_UNCERT,SPECIES_8,SPECIES_8_A,SPECIES_8_Z,SPECIES_8_N,SPECIES_8_T,SPECIES_8_KAPPA,SPECIES_8_N_UNCERT,SPECIES_8_T_UNCERT
1986,28,21,25,48.046,2,7,1,0,1,0,1,1,25,1016,1016,1016,1016,0,0,0,0,0,1,1,0,0,0,-317.6880249,0,0,0,0,3,1,1,10,10,0,0,0,3,1,1,10,1000,0,0,0,0,0,0,0,0,0,0,0,0,0,0,0,0,0,0,0,0,0,0,0,0,0,0,0,0,0,0,0,0,0,0,0,0,0,0,0,0,0,0,0,0,0,0,0,0,0,0,0
1986,28,21,26,36.046,2,7,1,0,1,0,1,1,25,1016,1016,1016,1016,0,0,0,0,0,1,1,0,0,0,-317.7314106,0,0,0,0,3,1,1,10,10,0,0,0,3,1,1,10,1000,0,0,0,0,0,0,0,0,0,0,0,0,0,0,0,0,0,0,0,0,0,0,0,0,0,0,0,0,0,0,0,0,0,0,0,0,0,0,0,0,0,0,0,0,0,0,0,0,0,0,0
1986,28,21,27,24.046,2,7,1,0,1,0,1,1,25,1016,1016,1016,1016,0,0,0,0,0,1,1,0,0,0,-317.7747962,0,0,0,0,3,1,1,10,10,0,0,0,3,1,1,10,1000,0,0,0,0,0,0,0,0,0,0,0,0,0,0,0,0,0,0,0,0,0,0,0,0,0,0,0,0,0,0,0,0,0,0,0,0,0,0,0,0,0,0,0,0,0,0,0,0,0,0,0
1986,28,21,30,3.406,2,7,1,0,1,0,1,1,25,1016,1016,1016,1016,0,0,0,0,0,1,1,0,0,0,-317.9188362,0,0,0,0,3,1,1,10,10,0,0,0,3,1,1,10,1000,0,0,0,0,0,0,0,0,0,0,0,0,0,0,0,0,0,0,0,0,0,0,0,0,0,0,0,0,0,0,0,0,0,0,0,0,0,0,0,0,0,0,0,0,0,0,0,0,0,0,0
1986,28,21,30,36.046,2,7,1,0,1,0,1,1,25,1016,1016,1016,1016,0,0,0,0,0,1,1,0,0,0,-317.9483383,0,0,0,0,3,1,1,10,10,0,0,0,3,1,1,10,1000,0,0,0,0,0,0,0,0,0,0,0,0,0,0,0,0,0,0,0,0,0,0,0,0,0,0,0,0,0,0,0,0,0,0,0,0,0,0,0,0,0,0,0,0,0,0,0,0,0,0,0
1986,28,21,31,24.046,2,7,1,0,1,0,1,1,25,1016,1016,1016,1016,0,0,0,0,0,1,1,0,0,0,-317.9917238,0,0,0,0,3,1,1,10,10,0,0,0,3,1,1,10,1000,0,0,0,0,0,0,0,0,0,0,0,0,0,0,0,0,0,0,0,0,0,0,0,0,0,0,0,0,0,0,0,0,0,0,0,0,0,0,0,0,0,0,0,0,0,0,0,0,0,0,0
1986,28,21,32,12.045,2,7,1,0,1,0,1,1,25,1016,1016,1016,1016,0,0,0,0,0,1,1,0,0,0,-318.0351084,0,0,0,0,3,1,1,10,10,0,0,0,3,1,1,10,1000,0,0,0,0,0,0,0,0,0,0,0,0,0,0,0,0,0,0,0,0,0,0,0,0,0,0,0,0,0,0,0,0,0,0,0,0,0,0,0,0,0,0,0,0,0,0,0,0,0,0,0
1986,28,21,33,0.045,2,7,1,0,1,0,1,1,25,1016,1016,1016,1016,0,0,0,0,0,1,1,0,0,0,-318.0784938,0,0,0,0,3,1,1,10,10,0,0,0,3,1,1,10,1000,0,0,0,0,0,0,0,0,0,0,0,0,0,0,0,0,0,0,0,0,0,0,0,0,0,0,0,0,0,0,0,0,0,0,0,0,0,0,0,0,0,0,0,0,0,0,0,0,0,0,0
1986,28,21,33,48.045,2,7,1,0,1,0,1,1,25,1016,1016,1016,1016,0,0,0,0,0,1,1,0,0,0,-318.1218792,0,0,0,0,3,1,1,10,10,0,0,0,3,1,1,10,1000,0,0,0,0,0,0,0,0,0,0,0,0,0,0,0,0,0,0,0,0,0,0,0,0,0,0,0,0,0,0,0,0,0,0,0,0,0,0,0,0,0,0,0,0,0,0,0,0,0,0,0
1986,28,21,34,36.045,2,7,1,0,1,0,1,1,25,1016,1016,1016,1016,0,0,0,0,0,1,1,0,0,0,-318.1652645,0,0,0,0,3,1,1,10,10,0,0,0,3,1,1,10,1000,0,0,0,0,0,0,0,0,0,0,0,0,0,0,0,0,0,0,0,0,0,0,0,0,0,0,0,0,0,0,0,0,0,0,0,0,0,0,0,0,0,0,0,0,0,0,0,0,0,0,0
1986,28,21,35,24.045,2,7,1,0,1,0,1,1,25,1016,1016,1016,1016,0,0,0,0,0,1,1,0,0,0,-318.2086499,0,0,0,0,3,1,1,10,10,0,0,0,3,1,1,10,1000,0,0,0,0,0,0,0,0,0,0,0,0,0,0,0,0,0,0,0,0,0,0,0,0,0,0,0,0,0,0,0,0,0,0,0,0,0,0,0,0,0,0,0,0,0,0,0,0,0,0,0
1986,28,21,36,12.045,2,7,1,0,1,0,1,1,25,1016,1016,1016,1016,0,0,0,0,0,1,1,0,0,0,-318.2520352,0,0,0,0,3,1,1,10,10,0,0,0,3,1,1,10,1000,0,0,0,0,0,0,0,0,0,0,0,0,0,0,0,0,0,0,0,0,0,0,0,0,0,0,0,0,0,0,0,0,0,0,0,0,0,0,0,0,0,0,0,0,0,0,0,0,0,0,0
1986,28,21,37,0.045,2,7,1,0,1,0,1,1,25,1016,1016,1016,1016,0,0,0,0,0,1,1,0,0,0,-318.2954205,0,0,0,0,3,1,1,10,10,0,0,0,3,1,1,10,1000,0,0,0,0,0,0,0,0,0,0,0,0,0,0,0,0,0,0,0,0,0,0,0,0,0,0,0,0,0,0,0,0,0,0,0,0,0,0,0,0,0,0,0,0,0,0,0,0,0,0,0
1986,28,21,37,48.045,2,7,1,0,1,0,1,1,25,1016,1016,1016,1016,0,0,0,0,0,1,1,0,0,0,-318.3388057,0,0,0,0,3,1,1,10,10,0,0,0,3,1,1,10,1000,0,0,0,0,0,0,0,0,0,0,0,0,0,0,0,0,0,0,0,0,0,0,0,0,0,0,0,0,0,0,0,0,0,0,0,0,0,0,0,0,0,0,0,0,0,0,0,0,0,0,0
1986,28,21,38,36.045,2,7,1,0,1,0,1,1,25,1016,1016,1016,1016,0,0,0,0,0,1,1,0,0,0,-318.382191,0,0,0,0,3,1,1,10,10,0,0,0,3,1,1,10,1000,0,0,0,0,0,0,0,0,0,0,0,0,0,0,0,0,0,0,0,0,0,0,0,0,0,0,0,0,0,0,0,0,0,0,0,0,0,0,0,0,0,0,0,0,0,0,0,0,0,0,0
1986,28,21,39,24.045,2,7,1,0,1,0,1,1,25,1016,1016,1016,1016,0,0,0,0,0,1,1,0,0,0,-318.4255762,0,0,0,0,3,1,1,10,10,0,0,0,3,1,1,10,1000,0,0,0,0,0,0,0,0,0,0,0,0,0,0,0,0,0,0,0,0,0,0,0,0,0,0,0,0,0,0,0,0,0,0,0,0,0,0,0,0,0,0,0,0,0,0,0,0,0,0,0
1986,28,21,42,3.405,2,7,1,0,1,0,1,1,25,1016,1016,1016,1016,0,0,0,0,0,1,1,0,0,0,-318.5696149,0,0,0,0,3,1,1,10,10,0,0,0,3,1,1,10,1000,0,0,0,0,0,0,0,0,0,0,0,0,0,0,0,0,0,0,0,0,0,0,0,0,0,0,0,0,0,0,0,0,0,0,0,0,0,0,0,0,0,0,0,0,0,0,0,0,0,0,0
1986,28,21,42,36.045,2,7,1,0,1,0,1,1,25,1016,1016,1016,1016,0,0,0,0,0,1,1,0,0,0,-318.5991167,0,0,0,0,3,1,1,10,10,0,0,0,3,1,1,10,1000,0,0,0,0,0,0,0,0,0,0,0,0,0,0,0,0,0,0,0,0,0,0,0,0,0,0,0,0,0,0,0,0,0,0,0,0,0,0,0,0,0,0,0,0,0,0,0,0,0,0,0
1986,28,21,43,24.045,2,7,1,0,1,0,1,1,25,1016,1016,1016,1016,0,0,0,0,0,1,1,0,0,0,-318.6425018,0,0,0,0,3,1,1,10,10,0,0,0,3,1,1,10,1000,0,0,0,0,0,0,0,0,0,0,0,0,0,0,0,0,0,0,0,0,0,0,0,0,0,0,0,0,0,0,0,0,0,0,0,0,0,0,0,0,0,0,0,0,0,0,0,0,0,0,0
1986,28,21,44,12.045,2,7,1,0,1,0,1,1,25,1016,1016,1016,1016,0,0,0,0,0,1,1,0,0,0,-318.6858868,0,0,0,0,3,1,1,10,10,0,0,0,3,1,1,10,1000,0,0,0,0,0,0,0,0,0,0,0,0,0,0,0,0,0,0,0,0,0,0,0,0,0,0,0,0,0,0,0,0,0,0,0,0,0,0,0,0,0,0,0,0,0,0,0,0,0,0,0
1986,28,21,45,0.045,2,7,1,0,1,0,1,1,25,1016,1016,1016,1016,0,0,0,0,0,1,1,0,0,0,-318.7292719,0,0,0,0,3,1,1,10,10,0,0,0,3,1,1,10,1000,0,0,0,0,0,0,0,0,0,0,0,0,0,0,0,0,0,0,0,0,0,0,0,0,0,0,0,0,0,0,0,0,0,0,0,0,0,0,0,0,0,0,0,0,0,0,0,0,0,0,0
1986,28,21,45,48.045,2,7,1,0,1,0,1,1,25,1016,1016,1016,1016,0,0,0,0,0,1,1,0,0,0,-318.7726569,0,0,0,0,3,1,1,10,10,0,0,0,3,1,1,10,1000,0,0,0,0,0,0,0,0,0,0,0,0,0,0,0,0,0,0,0,0,0,0,0,0,0,0,0,0,0,0,0,0,0,0,0,0,0,0,0,0,0,0,0,0,0,0,0,0,0,0,0
1986,28,21,46,36.045,2,7,1,0,1,0,1,1,25,1016,1016,1016,1016,0,0,0,0,0,1,1,0,0,0,-318.8160418,0,0,0,0,3,1,1,10,10,0,0,0,3,1,1,10,1000,0,0,0,0,0,0,0,0,0,0,0,0,0,0,0,0,0,0,0,0,0,0,0,0,0,0,0,0,0,0,0,0,0,0,0,0,0,0,0,0,0,0,0,0,0,0,0,0,0,0,0
1986,28,21,47,24.044,2,7,1,0,1,0,1,1,25,1016,1016,1016,1016,0,0,0,0,0,1,1,0,0,0,-318.8594259,0,0,0,0,3,1,1,10,10,0,0,0,3,1,1,10,1000,0,0,0,0,0,0,0,0,0,0,0,0,0,0,0,0,0,0,0,0,0,0,0,0,0,0,0,0,0,0,0,0,0,0,0,0,0,0,0,0,0,0,0,0,0,0,0,0,0,0,0
1986,28,21,48,12.044,2,7,1,0,1,0,1,1,25,1016,1016,1016,1016,0,0,0,0,0,1,1,0,0,0,-318.9028108,0,0,0,0,3,1,1,10,10,0,0,0,3,1,1,10,1000,0,0,0,0,0,0,0,0,0,0,0,0,0,0,0,0,0,0,0,0,0,0,0,0,0,0,0,0,0,0,0,0,0,0,0,0,0,0,0,0,0,0,0,0,0,0,0,0,0,0,0
1986,28,21,49,0.044,2,7,1,0,1,0,1,1,25,1016,1016,1016,1016,0,0,0,0,0,1,1,0,0,0,-318.9461957,0,0,0,0,3,1,1,10,10,0,0,0,3,1,1,10,1000,0,0,0,0,0,0,0,0,0,0,0,0,0,0,0,0,0,0,0,0,0,0,0,0,0,0,0,0,0,0,0,0,0,0,0,0,0,0,0,0,0,0,0,0,0,0,0,0,0,0,0
1986,28,21,49,48.044,2,7,1,0,1,0,1,1,25,1016,1016,1016,1016,0,0,0,0,0,1,1,0,0,0,-318.9895805,0,0,0,0,3,1,1,10,10,0,0,0,3,1,1,10,1000,0,0,0,0,0,0,0,0,0,0,0,0,0,0,0,0,0,0,0,0,0,0,0,0,0,0,0,0,0,0,0,0,0,0,0,0,0,0,0,0,0,0,0,0,0,0,0,0,0,0,0
1986,28,21,50,36.044,2,7,1,0,1,0,1,1,25,1016,1016,1016,1016,0,0,0,0,0,1,1,0,0,0,-319.0329654,0,0,0,0,3,1,1,10,10,0,0,0,3,1,1,10,1000,0,0,0,0,0,0,0,0,0,0,0,0,0,0,0,0,0,0,0,0,0,0,0,0,0,0,0,0,0,0,0,0,0,0,0,0,0,0,0,0,0,0,0,0,0,0,0,0,0,0,0
1986,28,21,51,24.044,2,7,1,0,1,0,1,1,25,1016,1016,1016,1016,0,0,0,0,0,1,1,0,0,0,-319.0763502,0,0,0,0,3,1,1,10,10,0,0,0,3,1,1,10,1000,0,0,0,0,0,0,0,0,0,0,0,0,0,0,0,0,0,0,0,0,0,0,0,0,0,0,0,0,0,0,0,0,0,0,0,0,0,0,0,0,0,0,0,0,0,0,0,0,0,0,0
1986,28,21,54,3.404,2,7,1,0,1,0,1,1,25,1016,1016,1016,1016,0,0,0,0,0,1,1,0,0,0,-319.2203875,0,0,0,0,3,1,1,10,10,0,0,0,3,1,1,10,1000,0,0,0,0,0,0,0,0,0,0,0,0,0,0,0,0,0,0,0,0,0,0,0,0,0,0,0,0,0,0,0,0,0,0,0,0,0,0,0,0,0,0,0,0,0,0,0,0,0,0,0
1986,28,21,54,36.044,2,7,1,0,1,0,1,1,25,1016,1016,1016,1016,0,0,0,0,0,1,1,0,0,0,-319.2498891,0,0,0,0,3,1,1,10,10,0,0,0,3,1,1,10,1000,0,0,0,0,0,0,0,0,0,0,0,0,0,0,0,0,0,0,0,0,0,0,0,0,0,0,0,0,0,0,0,0,0,0,0,0,0,0,0,0,0,0,0,0,0,0,0,0,0,0,0
1986,28,21,55,24.044,2,7,1,0,1,0,1,1,25,1016,1016,1016,1016,0,0,0,0,0,1,1,0,0,0,-319.2932738,0,0,0,0,3,1,1,10,10,0,0,0,3,1,1,10,1000,0,0,0,0,0,0,0,0,0,0,0,0,0,0,0,0,0,0,0,0,0,0,0,0,0,0,0,0,0,0,0,0,0,0,0,0,0,0,0,0,0,0,0,0,0,0,0,0,0,0,0
1986,28,21,56,12.044,2,7,1,0,1,0,1,1,25,1016,1016,1016,1016,0,0,0,0,0,1,1,0,0,0,-319.3366585,0,0,0,0,3,1,1,10,10,0,0,0,3,1,1,10,1000,0,0,0,0,0,0,0,0,0,0,0,0,0,0,0,0,0,0,0,0,0,0,0,0,0,0,0,0,0,0,0,0,0,0,0,0,0,0,0,0,0,0,0,0,0,0,0,0,0,0,0
1986,28,21,57,0.044,2,7,1,0,1,0,1,1,25,1016,1016,1016,1016,0,0,0,0,0,1,1,0,0,0,-319.3800431,0,0,0,0,3,1,1,10,10,0,0,0,3,1,1,10,1000,0,0,0,0,0,0,0,0,0,0,0,0,0,0,0,0,0,0,0,0,0,0,0,0,0,0,0,0,0,0,0,0,0,0,0,0,0,0,0,0,0,0,0,0,0,0,0,0,0,0,0
1986,28,21,57,48.044,2,7,1,0,1,0,1,1,25,1016,1016,1016,1016,0,0,0,0,0,1,1,0,0,0,-319.4234277,0,0,0,0,3,1,1,10,10,0,0,0,3,1,1,10,1000,0,0,0,0,0,0,0,0,0,0,0,0,0,0,0,0,0,0,0,0,0,0,0,0,0,0,0,0,0,0,0,0,0,0,0,0,0,0,0,0,0,0,0,0,0,0,0,0,0,0,0
1986,28,21,58,36.044,2,7,1,0,1,0,1,1,25,1016,1016,1016,1016,0,0,0,0,0,1,1,0,0,0,-319.4668122,0,0,0,0,3,1,1,10,10,0,0,0,3,1,1,10,1000,0,0,0,0,0,0,0,0,0,0,0,0,0,0,0,0,0,0,0,0,0,0,0,0,0,0,0,0,0,0,0,0,0,0,0,0,0,0,0,0,0,0,0,0,0,0,0,0,0,0,0
1986,28,21,59,24.044,2,7,1,0,1,0,1,1,25,1016,1016,1016,1016,0,0,0,0,0,1,1,0,0,0,-319.5101968,0,0,0,0,3,1,1,10,10,0,0,0,3,1,1,10,1000,0,0,0,0,0,0,0,0,0,0,0,0,0,0,0,0,0,0,0,0,0,0,0,0,0,0,0,0,0,0,0,0,0,0,0,0,0,0,0,0,0,0,0,0,0,0,0,0,0,0,0
1986,28,22,0,12.044,2,7,1,0,1,0,1,1,25,1016,1016,1016,1016,0,0,0,0,0,1,1,0,0,0,-319.5535813,0,0,0,0,3,1,1,10,10,0,0,0,3,1,1,10,1000,0,0,0,0,0,0,0,0,0,0,0,0,0,0,0,0,0,0,0,0,0,0,0,0,0,0,0,0,0,0,0,0,0,0,0,0,0,0,0,0,0,0,0,0,0,0,0,0,0,0,0
1986,28,22,1,0.044,2,7,1,0,1,0,1,1,25,1016,1016,1016,1016,0,0,0,0,0,1,1,0,0,0,-319.5969658,0,0,0,0,3,1,1,10,10,0,0,0,3,1,1,10,1000,0,0,0,0,0,0,0,0,0,0,0,0,0,0,0,0,0,0,0,0,0,0,0,0,0,0,0,0,0,0,0,0,0,0,0,0,0,0,0,0,0,0,0,0,0,0,0,0,0,0,0
1986,28,22,2,36.043,2,7,1,0,1,0,1,1,25,1016,1016,1016,1016,0,0,0,0,0,1,1,0,0,0,-319.6837338,0,0,0,0,3,1,1,10,10,0,0,0,3,1,1,10,1000,0,0,0,0,0,0,0,0,0,0,0,0,0,0,0,0,0,0,0,0,0,0,0,0,0,0,0,0,0,0,0,0,0,0,0,0,0,0,0,0,0,0,0,0,0,0,0,0,0,0,0
1986,28,22,3,24.043,2,7,1,0,1,0,1,1,25,1016,1016,1016,1016,0,0,0,0,0,1,1,0,0,0,-319.7271182,0,0,0,0,3,1,1,10,10,0,0,0,3,1,1,10,1000,0,0,0,0,0,0,0,0,0,0,0,0,0,0,0,0,0,0,0,0,0,0,0,0,0,0,0,0,0,0,0,0,0,0,0,0,0,0,0,0,0,0,0,0,0,0,0,0,0,0,0
1986,28,22,6,3.403,2,7,1,0,1,0,1,1,25,1016,1016,1016,1016,0,0,0,0,0,1,1,0,0,0,-319.8711543,0,0,0,0,3,1,1,10,10,0,0,0,3,1,1,10,1000,0,0,0,0,0,0,0,0,0,0,0,0,0,0,0,0,0,0,0,0,0,0,0,0,0,0,0,0,0,0,0,0,0,0,0,0,0,0,0,0,0,0,0,0,0,0,0,0,0,0,0
1986,28,22,6,36.043,2,7,1,0,1,0,1,1,25,1016,1016,1016,1016,0,0,0,0,0,1,1,0,0,0,-319.9006556,0,0,0,0,3,1,1,10,10,0,0,0,3,1,1,10,1000,0,0,0,0,0,0,0,0,0,0,0,0,0,0,0,0,0,0,0,0,0,0,0,0,0,0,0,0,0,0,0,0,0,0,0,0,0,0,0,0,0,0,0,0,0,0,0,0,0,0,0
1986,28,22,7,24.043,2,7,1,0,1,0,1,1,25,1016,1016,1016,1016,0,0,0,0,0,1,1,0,0,0,-319.9440399,0,0,0,0,3,1,1,10,10,0,0,0,3,1,1,10,1000,0,0,0,0,0,0,0,0,0,0,0,0,0,0,0,0,0,0,0,0,0,0,0,0,0,0,0,0,0,0,0,0,0,0,0,0,0,0,0,0,0,0,0,0,0,0,0,0,0,0,0
1986,28,22,8,12.043,2,7,1,0,1,0,1,1,25,1016,1016,1016,1016,0,0,0,0,0,1,1,0,0,0,-319.9874241,0,0,0,0,3,1,1,10,10,0,0,0,3,1,1,10,1000,0,0,0,0,0,0,0,0,0,0,0,0,0,0,0,0,0,0,0,0,0,0,0,0,0,0,0,0,0,0,0,0,0,0,0,0,0,0,0,0,0,0,0,0,0,0,0,0,0,0,0
1986,28,22,9,0.043,2,7,1,0,1,0,1,1,25,1016,1016,1016,1016,0,0,0,0,0,1,1,0,0,0,-320.0308083,0,0,0,0,3,1,1,10,10,0,0,0,3,1,1,10,1000,0,0,0,0,0,0,0,0,0,0,0,0,0,0,0,0,0,0,0,0,0,0,0,0,0,0,0,0,0,0,0,0,0,0,0,0,0,0,0,0,0,0,0,0,0,0,0,0,0,0,0
1986,28,22,9,48.043,2,7,1,0,1,0,1,1,25,1016,1016,1016,1016,0,0,0,0,0,1,1,0,0,0,-320.0741925,0,0,0,0,3,1,1,10,10,0,0,0,3,1,1,10,1000,0,0,0,0,0,0,0,0,0,0,0,0,0,0,0,0,0,0,0,0,0,0,0,0,0,0,0,0,0,0,0,0,0,0,0,0,0,0,0,0,0,0,0,0,0,0,0,0,0,0,0
1986,28,22,10,36.043,2,7,1,0,1,0,1,1,25,1016,1016,1016,1016,0,0,0,0,0,1,1,0,0,0,-320.1175767,0,0,0,0,3,1,1,10,10,0,0,0,3,1,1,10,1000,0,0,0,0,0,0,0,0,0,0,0,0,0,0,0,0,0,0,0,0,0,0,0,0,0,0,0,0,0,0,0,0,0,0,0,0,0,0,0,0,0,0,0,0,0,0,0,0,0,0,0
1986,28,22,11,24.043,2,7,1,0,1,0,1,1,25,1016,1016,1016,1016,0,0,0,0,0,1,1,0,0,0,-320.1609609,0,0,0,0,3,1,1,10,10,0,0,0,3,1,1,10,1000,0,0,0,0,0,0,0,0,0,0,0,0,0,0,0,0,0,0,0,0,0,0,0,0,0,0,0,0,0,0,0,0,0,0,0,0,0,0,0,0,0,0,0,0,0,0,0,0,0,0,0
1986,28,22,12,12.043,2,7,1,0,1,0,1,1,25,1016,1016,1016,1016,0,0,0,0,0,1,1,0,0,0,-320.204345,0,0,0,0,3,1,1,10,10,0,0,0,3,1,1,10,1000,0,0,0,0,0,0,0,0,0,0,0,0,0,0,0,0,0,0,0,0,0,0,0,0,0,0,0,0,0,0,0,0,0,0,0,0,0,0,0,0,0,0,0,0,0,0,0,0,0,0,0
1986,28,22,13,0.043,2,7,1,0,1,0,1,1,25,1016,1016,1016,1016,0,0,0,0,0,1,1,0,0,0,-320.2477291,0,0,0,0,3,1,1,10,10,0,0,0,3,1,1,10,1000,0,0,0,0,0,0,0,0,0,0,0,0,0,0,0,0,0,0,0,0,0,0,0,0,0,0,0,0,0,0,0,0,0,0,0,0,0,0,0,0,0,0,0,0,0,0,0,0,0,0,0
1986,28,22,13,48.043,2,7,1,0,1,0,1,1,25,1016,1016,1016,1016,0,0,0,0,0,1,1,0,0,0,-320.2911131,0,0,0,0,3,1,1,10,10,0,0,0,3,1,1,10,1000,0,0,0,0,0,0,0,0,0,0,0,0,0,0,0,0,0,0,0,0,0,0,0,0,0,0,0,0,0,0,0,0,0,0,0,0,0,0,0,0,0,0,0,0,0,0,0,0,0,0,0
1986,28,22,14,36.043,2,7,1,0,1,0,1,1,25,1016,1016,1016,1016,0,0,0,0,0,1,1,0,0,0,-320.3344972,0,0,0,0,3,1,1,10,10,0,0,0,3,1,1,10,1000,0,0,0,0,0,0,0,0,0,0,0,0,0,0,0,0,0,0,0,0,0,0,0,0,0,0,0,0,0,0,0,0,0,0,0,0,0,0,0,0,0,0,0,0,0,0,0,0,0,0,0
1986,28,22,15,24.043,2,7,1,0,1,0,1,1,25,1016,1016,1016,1016,0,0,0,0,0,1,1,0,0,0,-320.3778812,0,0,0,0,3,1,1,10,10,0,0,0,3,1,1,10,1000,0,0,0,0,0,0,0,0,0,0,0,0,0,0,0,0,0,0,0,0,0,0,0,0,0,0,0,0,0,0,0,0,0,0,0,0,0,0,0,0,0,0,0,0,0,0,0,0,0,0,0
1986,28,22,18,3.402,2,7,1,0,1,0,1,1,25,1016,1016,1016,1016,0,0,0,0,0,1,1,0,0,0,-320.521915,0,0,0,0,3,1,1,10,10,0,0,0,3,1,1,10,1000,0,0,0,0,0,0,0,0,0,0,0,0,0,0,0,0,0,0,0,0,0,0,0,0,0,0,0,0,0,0,0,0,0,0,0,0,0,0,0,0,0,0,0,0,0,0,0,0,0,0,0
1986,28,22,18,36.042,2,7,1,0,1,0,1,1,25,1016,1016,1016,1016,0,0,0,0,0,1,1,0,0,0,-320.5514161,0,0,0,0,3,1,1,10,10,0,0,0,3,1,1,10,1000,0,0,0,0,0,0,0,0,0,0,0,0,0,0,0,0,0,0,0,0,0,0,0,0,0,0,0,0,0,0,0,0,0,0,0,0,0,0,0,0,0,0,0,0,0,0,0,0,0,0,0
1986,28,22,19,24.042,2,7,1,0,1,0,1,1,25,1016,1016,1016,1016,0,0,0,0,0,1,1,0,0,0,-320.5948,0,0,0,0,3,1,1,10,10,0,0,0,3,1,1,10,1000,0,0,0,0,0,0,0,0,0,0,0,0,0,0,0,0,0,0,0,0,0,0,0,0,0,0,0,0,0,0,0,0,0,0,0,0,0,0,0,0,0,0,0,0,0,0,0,0,0,0,0
1986,28,22,20,12.042,2,7,1,0,1,0,1,1,25,1016,1016,1016,1016,0,0,0,0,0,1,1,0,0,0,-320.6381838,0,0,0,0,3,1,1,10,10,0,0,0,3,1,1,10,1000,0,0,0,0,0,0,0,0,0,0,0,0,0,0,0,0,0,0,0,0,0,0,0,0,0,0,0,0,0,0,0,0,0,0,0,0,0,0,0,0,0,0,0,0,0,0,0,0,0,0,0
1986,28,22,21,0.042,2,7,1,0,1,0,1,1,25,1016,1016,1016,1016,0,0,0,0,0,1,1,0,0,0,-320.6815677,0,0,0,0,3,1,1,10,10,0,0,0,3,1,1,10,1000,0,0,0,0,0,0,0,0,0,0,0,0,0,0,0,0,0,0,0,0,0,0,0,0,0,0,0,0,0,0,0,0,0,0,0,0,0,0,0,0,0,0,0,0,0,0,0,0,0,0,0
1986,28,22,21,48.042,2,7,1,0,1,0,1,1,25,1016,1016,1016,1016,0,0,0,0,0,1,1,0,0,0,-320.7249515,0,0,0,0,3,1,1,10,10,0,0,0,3,1,1,10,1000,0,0,0,0,0,0,0,0,0,0,0,0,0,0,0,0,0,0,0,0,0,0,0,0,0,0,0,0,0,0,0,0,0,0,0,0,0,0,0,0,0,0,0,0,0,0,0,0,0,0,0
1986,28,22,22,36.042,2,7,1,0,1,0,1,1,25,1016,1016,1016,1016,0,0,0,0,0,1,1,0,0,0,-320.7683353,0,0,0,0,3,1,1,10,10,0,0,0,3,1,1,10,1000,0,0,0,0,0,0,0,0,0,0,0,0,0,0,0,0,0,0,0,0,0,0,0,0,0,0,0,0,0,0,0,0,0,0,0,0,0,0,0,0,0,0,0,0,0,0,0,0,0,0,0
1986,28,22,23,24.042,2,7,1,0,1,0,1,1,25,1016,1016,1016,1016,0,0,0,0,0,1,1,0,0,0,-320.811719,0,0,0,0,3,1,1,10,10,0,0,0,3,1,1,10,1000,0,0,0,0,0,0,0,0,0,0,0,0,0,0,0,0,0,0,0,0,0,0,0,0,0,0,0,0,0,0,0,0,0,0,0,0,0,0,0,0,0,0,0,0,0,0,0,0,0,0,0
1986,28,22,24,12.042,2,7,1,0,1,0,1,1,25,1016,1016,1016,1016,0,0,0,0,0,1,1,0,0,0,-320.8551028,0,0,0,0,3,1,1,10,10,0,0,0,3,1,1,10,1000,0,0,0,0,0,0,0,0,0,0,0,0,0,0,0,0,0,0,0,0,0,0,0,0,0,0,0,0,0,0,0,0,0,0,0,0,0,0,0,0,0,0,0,0,0,0,0,0,0,0,0
1986,28,22,25,0.042,2,7,1,0,1,0,1,1,25,1016,1016,1016,1016,0,0,0,0,0,1,1,0,0,0,-320.8984865,0,0,0,0,3,1,1,10,10,0,0,0,3,1,1,10,1000,0,0,0,0,0,0,0,0,0,0,0,0,0,0,0,0,0,0,0,0,0,0,0,0,0,0,0,0,0,0,0,0,0,0,0,0,0,0,0,0,0,0,0,0,0,0,0,0,0,0,0
1986,28,22,25,48.042,2,7,1,0,1,0,1,1,25,1016,1016,1016,1016,0,0,0,0,0,1,1,0,0,0,-320.9418701,0,0,0,0,3,1,1,10,10,0,0,0,3,1,1,10,1000,0,0,0,0,0,0,0,0,0,0,0,0,0,0,0,0,0,0,0,0,0,0,0,0,0,0,0,0,0,0,0,0,0,0,0,0,0,0,0,0,0,0,0,0,0,0,0,0,0,0,0
1986,28,22,26,36.042,2,7,1,0,1,0,1,1,25,1016,1016,1016,1016,0,0,0,0,0,1,1,0,0,0,-320.9852538,0,0,0,0,3,1,1,10,10,0,0,0,3,1,1,10,1000,0,0,0,0,0,0,0,0,0,0,0,0,0,0,0,0,0,0,0,0,0,0,0,0,0,0,0,0,0,0,0,0,0,0,0,0,0,0,0,0,0,0,0,0,0,0,0,0,0,0,0
1986,28,22,27,24.042,2,7,1,0,1,0,1,1,25,1016,1016,1016,1016,0,0,0,0,0,1,1,0,0,0,-321.0286374,0,0,0,0,3,1,1,10,10,0,0,0,3,1,1,10,1000,0,0,0,0,0,0,0,0,0,0,0,0,0,0,0,0,0,0,0,0,0,0,0,0,0,0,0,0,0,0,0,0,0,0,0,0,0,0,0,0,0,0,0,0,0,0,0,0,0,0,0
1986,28,22,30,3.402,2,7,1,0,1,0,1,1,25,1016,1016,1016,1016,0,0,0,0,0,1,1,0,0,0,-321.1726708,0,0,0,0,3,1,1,10,10,0,0,0,3,1,1,10,1000,0,0,0,0,0,0,0,0,0,0,0,0,0,0,0,0,0,0,0,0,0,0,0,0,0,0,0,0,0,0,0,0,0,0,0,0,0,0,0,0,0,0,0,0,0,0,0,0,0,0,0
1986,28,22,30,36.042,2,7,1,0,1,0,1,1,25,1016,1016,1016,1016,0,0,0,0,0,1,1,0,0,0,-321.2021716,0,0,0,0,3,1,1,10,10,0,0,0,3,1,1,10,1000,0,0,0,0,0,0,0,0,0,0,0,0,0,0,0,0,0,0,0,0,0,0,0,0,0,0,0,0,0,0,0,0,0,0,0,0,0,0,0,0,0,0,0,0,0,0,0,0,0,0,0
1986,28,22,31,24.042,2,7,1,0,1,0,1,1,25,1016,1016,1016,1016,0,0,0,0,0,1,1,0,0,0,-321.2455551,0,0,0,0,3,1,1,10,10,0,0,0,3,1,1,10,1000,0,0,0,0,0,0,0,0,0,0,0,0,0,0,0,0,0,0,0,0,0,0,0,0,0,0,0,0,0,0,0,0,0,0,0,0,0,0,0,0,0,0,0,0,0,0,0,0,0,0,0
1986,28,22,32,12.041,2,7,1,0,1,0,1,1,25,1016,1016,1016,1016,0,0,0,0,0,1,1,0,0,0,-321.2889377,0,0,0,0,3,1,1,10,10,0,0,0,3,1,1,10,1000,0,0,0,0,0,0,0,0,0,0,0,0,0,0,0,0,0,0,0,0,0,0,0,0,0,0,0,0,0,0,0,0,0,0,0,0,0,0,0,0,0,0,0,0,0,0,0,0,0,0,0
1986,28,22,33,0.041,2,7,1,0,1,0,1,1,25,1016,1016,1016,1016,0,0,0,0,0,1,1,0,0,0,-321.3323211,0,0,0,0,3,1,1,10,10,0,0,0,3,1,1,10,1000,0,0,0,0,0,0,0,0,0,0,0,0,0,0,0,0,0,0,0,0,0,0,0,0,0,0,0,0,0,0,0,0,0,0,0,0,0,0,0,0,0,0,0,0,0,0,0,0,0,0,0
1986,28,22,33,48.041,2,7,1,0,1,0,1,1,25,1016,1016,1016,1016,0,0,0,0,0,1,1,0,0,0,-321.3757045,0,0,0,0,3,1,1,10,10,0,0,0,3,1,1,10,1000,0,0,0,0,0,0,0,0,0,0,0,0,0,0,0,0,0,0,0,0,0,0,0,0,0,0,0,0,0,0,0,0,0,0,0,0,0,0,0,0,0,0,0,0,0,0,0,0,0,0,0
1986,28,22,34,36.041,2,7,1,0,1,0,1,1,25,1016,1016,1016,1016,0,0,0,0,0,1,1,0,0,0,-321.4190879,0,0,0,0,3,1,1,10,10,0,0,0,3,1,1,10,1000,0,0,0,0,0,0,0,0,0,0,0,0,0,0,0,0,0,0,0,0,0,0,0,0,0,0,0,0,0,0,0,0,0,0,0,0,0,0,0,0,0,0,0,0,0,0,0,0,0,0,0
1986,28,22,35,24.041,2,7,1,0,1,0,1,1,25,1016,1016,1016,1016,0,0,0,0,0,1,1,0,0,0,-321.4624713,0,0,0,0,3,1,1,10,10,0,0,0,3,1,1,10,1000,0,0,0,0,0,0,0,0,0,0,0,0,0,0,0,0,0,0,0,0,0,0,0,0,0,0,0,0,0,0,0,0,0,0,0,0,0,0,0,0,0,0,0,0,0,0,0,0,0,0,0
1986,28,22,36,12.041,2,7,1,0,1,0,1,1,25,1016,1016,1016,1016,0,0,0,0,0,1,1,0,0,0,-321.5058546,0,0,0,0,3,1,1,10,10,0,0,0,3,1,1,10,1000,0,0,0,0,0,0,0,0,0,0,0,0,0,0,0,0,0,0,0,0,0,0,0,0,0,0,0,0,0,0,0,0,0,0,0,0,0,0,0,0,0,0,0,0,0,0,0,0,0,0,0
1986,28,22,37,0.041,2,7,1,0,1,0,1,1,25,1016,1016,1016,1016,0,0,0,0,0,1,1,0,0,0,-321.5492379,0,0,0,0,3,1,1,10,10,0,0,0,3,1,1,10,1000,0,0,0,0,0,0,0,0,0,0,0,0,0,0,0,0,0,0,0,0,0,0,0,0,0,0,0,0,0,0,0,0,0,0,0,0,0,0,0,0,0,0,0,0,0,0,0,0,0,0,0
1986,28,22,37,48.041,2,7,1,0,1,0,1,1,25,1016,1016,1016,1016,0,0,0,0,0,1,1,0,0,0,-321.5926212,0,0,0,0,3,1,1,10,10,0,0,0,3,1,1,10,1000,0,0,0,0,0,0,0,0,0,0,0,0,0,0,0,0,0,0,0,0,0,0,0,0,0,0,0,0,0,0,0,0,0,0,0,0,0,0,0,0,0,0,0,0,0,0,0,0,0,0,0
1986,28,22,38,36.041,2,7,1,0,1,0,1,1,25,1016,1016,1016,1016,0,0,0,0,0,1,1,0,0,0,-321.6360045,0,0,0,0,3,1,1,10,10,0,0,0,3,1,1,10,1000,0,0,0,0,0,0,0,0,0,0,0,0,0,0,0,0,0,0,0,0,0,0,0,0,0,0,0,0,0,0,0,0,0,0,0,0,0,0,0,0,0,0,0,0,0,0,0,0,0,0,0
1986,28,22,39,24.041,2,7,1,0,1,0,1,1,25,1016,1016,1016,1016,0,0,0,0,0,1,1,0,0,0,-321.6793877,0,0,0,0,3,1,1,10,10,0,0,0,3,1,1,10,1000,0,0,0,0,0,0,0,0,0,0,0,0,0,0,0,0,0,0,0,0,0,0,0,0,0,0,0,0,0,0,0,0,0,0,0,0,0,0,0,0,0,0,0,0,0,0,0,0,0,0,0
1986,28,22,42,3.401,2,7,1,0,1,0,1,1,25,1016,1016,1016,1016,0,0,0,0,0,1,1,0,0,0,-321.8234198,0,0,0,0,3,1,1,10,10,0,0,0,3,1,1,10,1000,0,0,0,0,0,0,0,0,0,0,0,0,0,0,0,0,0,0,0,0,0,0,0,0,0,0,0,0,0,0,0,0,0,0,0,0,0,0,0,0,0,0,0,0,0,0,0,0,0,0,0
1986,28,22,42,36.041,2,7,1,0,1,0,1,1,25,1016,1016,1016,1016,0,0,0,0,0,1,1,0,0,0,-321.8529204,0,0,0,0,3,1,1,10,10,0,0,0,3,1,1,10,1000,0,0,0,0,0,0,0,0,0,0,0,0,0,0,0,0,0,0,0,0,0,0,0,0,0,0,0,0,0,0,0,0,0,0,0,0,0,0,0,0,0,0,0,0,0,0,0,0,0,0,0
1986,28,22,43,24.041,2,7,1,0,1,0,1,1,25,1016,1016,1016,1016,0,0,0,0,0,1,1,0,0,0,-321.8963035,0,0,0,0,3,1,1,10,10,0,0,0,3,1,1,10,1000,0,0,0,0,0,0,0,0,0,0,0,0,0,0,0,0,0,0,0,0,0,0,0,0,0,0,0,0,0,0,0,0,0,0,0,0,0,0,0,0,0,0,0,0,0,0,0,0,0,0,0
1986,28,22,44,12.041,2,7,1,0,1,0,1,1,25,1016,1016,1016,1016,0,0,0,0,0,1,1,0,0,0,-321.9396865,0,0,0,0,3,1,1,10,10,0,0,0,3,1,1,10,1000,0,0,0,0,0,0,0,0,0,0,0,0,0,0,0,0,0,0,0,0,0,0,0,0,0,0,0,0,0,0,0,0,0,0,0,0,0,0,0,0,0,0,0,0,0,0,0,0,0,0,0
1986,28,22,45,0.041,2,7,1,0,1,0,1,1,25,1016,1016,1016,1016,0,0,0,0,0,1,1,0,0,0,-321.9830696,0,0,0,0,3,1,1,10,10,0,0,0,3,1,1,10,1000,0,0,0,0,0,0,0,0,0,0,0,0,0,0,0,0,0,0,0,0,0,0,0,0,0,0,0,0,0,0,0,0,0,0,0,0,0,0,0,0,0,0,0,0,0,0,0,0,0,0,0
1986,28,22,45,48.041,2,7,1,0,1,0,1,1,25,1016,1016,1016,1016,0,0,0,0,0,1,1,0,0,0,-322.0264526,0,0,0,0,3,1,1,10,10,0,0,0,3,1,1,10,1000,0,0,0,0,0,0,0,0,0,0,0,0,0,0,0,0,0,0,0,0,0,0,0,0,0,0,0,0,0,0,0,0,0,0,0,0,0,0,0,0,0,0,0,0,0,0,0,0,0,0,0
1986,28,22,46,36.041,2,7,1,0,1,0,1,1,25,1016,1016,1016,1016,0,0,0,0,0,1,1,0,0,0,-322.0698356,0,0,0,0,3,1,1,10,10,0,0,0,3,1,1,10,1000,0,0,0,0,0,0,0,0,0,0,0,0,0,0,0,0,0,0,0,0,0,0,0,0,0,0,0,0,0,0,0,0,0,0,0,0,0,0,0,0,0,0,0,0,0,0,0,0,0,0,0
1986,28,22,47,24.04,2,7,1,0,1,0,1,1,25,1016,1016,1016,1016,0,0,0,0,0,1,1,0,0,0,-322.1132177,0,0,0,0,3,1,1,10,10,0,0,0,3,1,1,10,1000,0,0,0,0,0,0,0,0,0,0,0,0,0,0,0,0,0,0,0,0,0,0,0,0,0,0,0,0,0,0,0,0,0,0,0,0,0,0,0,0,0,0,0,0,0,0,0,0,0,0,0
1986,28,22,48,12.04,2,7,1,0,1,0,1,1,25,1016,1016,1016,1016,0,0,0,0,0,1,1,0,0,0,-322.1566006,0,0,0,0,3,1,1,10,10,0,0,0,3,1,1,10,1000,0,0,0,0,0,0,0,0,0,0,0,0,0,0,0,0,0,0,0,0,0,0,0,0,0,0,0,0,0,0,0,0,0,0,0,0,0,0,0,0,0,0,0,0,0,0,0,0,0,0,0
1986,28,22,49,0.04,2,7,1,0,1,0,1,1,25,1016,1016,1016,1016,0,0,0,0,0,1,1,0,0,0,-322.1999836,0,0,0,0,3,1,1,10,10,0,0,0,3,1,1,10,1000,0,0,0,0,0,0,0,0,0,0,0,0,0,0,0,0,0,0,0,0,0,0,0,0,0,0,0,0,0,0,0,0,0,0,0,0,0,0,0,0,0,0,0,0,0,0,0,0,0,0,0
1986,28,22,49,48.04,2,7,1,0,1,0,1,1,25,1016,1016,1016,1016,0,0,0,0,0,1,1,0,0,0,-322.2433664,0,0,0,0,3,1,1,10,10,0,0,0,3,1,1,10,1000,0,0,0,0,0,0,0,0,0,0,0,0,0,0,0,0,0,0,0,0,0,0,0,0,0,0,0,0,0,0,0,0,0,0,0,0,0,0,0,0,0,0,0,0,0,0,0,0,0,0,0
1986,28,22,50,36.04,2,7,1,0,1,0,1,1,25,1016,1016,1016,1016,0,0,0,0,0,1,1,0,0,0,-322.2867493,0,0,0,0,3,1,1,10,10,0,0,0,3,1,1,10,1000,0,0,0,0,0,0,0,0,0,0,0,0,0,0,0,0,0,0,0,0,0,0,0,0,0,0,0,0,0,0,0,0,0,0,0,0,0,0,0,0,0,0,0,0,0,0,0,0,0,0,0
1986,28,22,51,24.04,2,7,1,0,1,0,1,1,25,1016,1016,1016,1016,0,0,0,0,0,1,1,0,0,0,-322.3301322,0,0,0,0,3,1,1,10,10,0,0,0,3,1,1,10,1000,0,0,0,0,0,0,0,0,0,0,0,0,0,0,0,0,0,0,0,0,0,0,0,0,0,0,0,0,0,0,0,0,0,0,0,0,0,0,0,0,0,0,0,0,0,0,0,0,0,0,0
1986,28,22,54,3.4,2,7,1,0,1,0,1,1,25,1016,1016,1016,1016,0,0,0,0,0,1,1,0,0,0,-322.474163,0,0,0,0,3,1,1,10,10,0,0,0,3,1,1,10,1000,0,0,0,0,0,0,0,0,0,0,0,0,0,0,0,0,0,0,0,0,0,0,0,0,0,0,0,0,0,0,0,0,0,0,0,0,0,0,0,0,0,0,0,0,0,0,0,0,0,0,0
1986,28,22,54,36.04,2,7,1,0,1,0,1,1,25,1016,1016,1016,1016,0,0,0,0,0,1,1,0,0,0,-322.5036633,0,0,0,0,3,1,1,10,10,0,0,0,3,1,1,10,1000,0,0,0,0,0,0,0,0,0,0,0,0,0,0,0,0,0,0,0,0,0,0,0,0,0,0,0,0,0,0,0,0,0,0,0,0,0,0,0,0,0,0,0,0,0,0,0,0,0,0,0
1986,28,22,55,24.04,2,7,1,0,1,0,1,1,25,1016,1016,1016,1016,0,0,0,0,0,1,1,0,0,0,-322.547046,0,0,0,0,3,1,1,10,10,0,0,0,3,1,1,10,1000,0,0,0,0,0,0,0,0,0,0,0,0,0,0,0,0,0,0,0,0,0,0,0,0,0,0,0,0,0,0,0,0,0,0,0,0,0,0,0,0,0,0,0,0,0,0,0,0,0,0,0
1986,28,22,56,12.04,2,7,1,0,1,0,1,1,25,1016,1016,1016,1016,0,0,0,0,0,1,1,0,0,0,-322.5904287,0,0,0,0,3,1,1,10,10,0,0,0,3,1,1,10,1000,0,0,0,0,0,0,0,0,0,0,0,0,0,0,0,0,0,0,0,0,0,0,0,0,0,0,0,0,0,0,0,0,0,0,0,0,0,0,0,0,0,0,0,0,0,0,0,0,0,0,0
1986,28,22,57,0.04,2,7,1,0,1,0,1,1,25,1016,1016,1016,1016,0,0,0,0,0,1,1,0,0,0,-322.6338113,0,0,0,0,3,1,1,10,10,0,0,0,3,1,1,10,1000,0,0,0,0,0,0,0,0,0,0,0,0,0,0,0,0,0,0,0,0,0,0,0,0,0,0,0,0,0,0,0,0,0,0,0,0,0,0,0,0,0,0,0,0,0,0,0,0,0,0,0
1986,28,22,57,48.04,2,7,1,0,1,0,1,1,25,1016,1016,1016,1016,0,0,0,0,0,1,1,0,0,0,-322.677194,0,0,0,0,3,1,1,10,10,0,0,0,3,1,1,10,1000,0,0,0,0,0,0,0,0,0,0,0,0,0,0,0,0,0,0,0,0,0,0,0,0,0,0,0,0,0,0,0,0,0,0,0,0,0,0,0,0,0,0,0,0,0,0,0,0,0,0,0
1986,28,22,58,36.04,2,7,1,0,1,0,1,1,25,1016,1016,1016,1016,0,0,0,0,0,1,1,0,0,0,-322.7205766,0,0,0,0,3,1,1,10,10,0,0,0,3,1,1,10,1000,0,0,0,0,0,0,0,0,0,0,0,0,0,0,0,0,0,0,0,0,0,0,0,0,0,0,0,0,0,0,0,0,0,0,0,0,0,0,0,0,0,0,0,0,0,0,0,0,0,0,0
1986,28,22,59,24.04,2,7,1,0,1,0,1,1,25,1016,1016,1016,1016,0,0,0,0,0,1,1,0,0,0,-322.7639591,0,0,0,0,3,1,1,10,10,0,0,0,3,1,1,10,1000,0,0,0,0,0,0,0,0,0,0,0,0,0,0,0,0,0,0,0,0,0,0,0,0,0,0,0,0,0,0,0,0,0,0,0,0,0,0,0,0,0,0,0,0,0,0,0,0,0,0,0
1986,28,23,0,12.04,2,7,1,0,1,0,1,1,25,1016,1016,1016,1016,0,0,0,0,0,1,1,0,0,0,-322.8073417,0,0,0,0,3,1,1,10,10,0,0,0,3,1,1,10,1000,0,0,0,0,0,0,0,0,0,0,0,0,0,0,0,0,0,0,0,0,0,0,0,0,0,0,0,0,0,0,0,0,0,0,0,0,0,0,0,0,0,0,0,0,0,0,0,0,0,0,0
1986,28,23,1,0.04,2,7,1,0,1,0,1,1,25,1016,1016,1016,1016,0,0,0,0,0,1,1,0,0,0,-322.8507242,0,0,0,0,3,1,1,10,10,0,0,0,3,1,1,10,1000,0,0,0,0,0,0,0,0,0,0,0,0,0,0,0,0,0,0,0,0,0,0,0,0,0,0,0,0,0,0,0,0,0,0,0,0,0,0,0,0,0,0,0,0,0,0,0,0,0,0,0
1986,28,23,1,48.04,2,7,1,0,1,0,1,1,25,1016,1016,1016,1016,0,0,0,0,0,1,1,0,0,0,-322.8941067,0,0,0,0,3,1,1,10,10,0,0,0,3,1,1,10,1000,0,0,0,0,0,0,0,0,0,0,0,0,0,0,0,0,0,0,0,0,0,0,0,0,0,0,0,0,0,0,0,0,0,0,0,0,0,0,0,0,0,0,0,0,0,0,0,0,0,0,0
1986,28,23,2,36.039,2,7,1,0,1,0,1,1,25,1016,1016,1016,1016,0,0,0,0,0,1,1,0,0,0,-322.9374883,0,0,0,0,3,1,1,10,10,0,0,0,3,1,1,10,1000,0,0,0,0,0,0,0,0,0,0,0,0,0,0,0,0,0,0,0,0,0,0,0,0,0,0,0,0,0,0,0,0,0,0,0,0,0,0,0,0,0,0,0,0,0,0,0,0,0,0,0
1986,28,23,3,24.039,2,7,1,0,1,0,1,1,25,1016,1016,1016,1016,0,0,0,0,0,1,1,0,0,0,-322.9808708,0,0,0,0,3,1,1,10,10,0,0,0,3,1,1,10,1000,0,0,0,0,0,0,0,0,0,0,0,0,0,0,0,0,0,0,0,0,0,0,0,0,0,0,0,0,0,0,0,0,0,0,0,0,0,0,0,0,0,0,0,0,0,0,0,0,0,0,0
1986,28,23,6,3.399,2,7,1,0,1,0,1,1,25,1016,1016,1016,1016,0,0,0,0,0,1,1,0,0,0,-323.1249003,0,0,0,0,3,1,1,10,10,0,0,0,3,1,1,10,1000,0,0,0,0,0,0,0,0,0,0,0,0,0,0,0,0,0,0,0,0,0,0,0,0,0,0,0,0,0,0,0,0,0,0,0,0,0,0,0,0,0,0,0,0,0,0,0,0,0,0,0
1986,28,23,6,36.039,2,7,1,0,1,0,1,1,25,1016,1016,1016,1016,0,0,0,0,0,1,1,0,0,0,-323.1544003,0,0,0,0,3,1,1,10,10,0,0,0,3,1,1,10,1000,0,0,0,0,0,0,0,0,0,0,0,0,0,0,0,0,0,0,0,0,0,0,0,0,0,0,0,0,0,0,0,0,0,0,0,0,0,0,0,0,0,0,0,0,0,0,0,0,0,0,0
1986,28,23,7,24.039,2,7,1,0,1,0,1,1,25,1016,1016,1016,1016,0,0,0,0,0,1,1,0,0,0,-323.1977826,0,0,0,0,3,1,1,10,10,0,0,0,3,1,1,10,1000,0,0,0,0,0,0,0,0,0,0,0,0,0,0,0,0,0,0,0,0,0,0,0,0,0,0,0,0,0,0,0,0,0,0,0,0,0,0,0,0,0,0,0,0,0,0,0,0,0,0,0
1986,28,23,8,12.039,2,7,1,0,1,0,1,1,25,1016,1016,1016,1016,0,0,0,0,0,1,1,0,0,0,-323.2411649,0,0,0,0,3,1,1,10,10,0,0,0,3,1,1,10,1000,0,0,0,0,0,0,0,0,0,0,0,0,0,0,0,0,0,0,0,0,0,0,0,0,0,0,0,0,0,0,0,0,0,0,0,0,0,0,0,0,0,0,0,0,0,0,0,0,0,0,0
1986,28,23,9,0.039,2,7,1,0,1,0,1,1,25,1016,1016,1016,1016,0,0,0,0,0,1,1,0,0,0,-323.2845472,0,0,0,0,3,1,1,10,10,0,0,0,3,1,1,10,1000,0,0,0,0,0,0,0,0,0,0,0,0,0,0,0,0,0,0,0,0,0,0,0,0,0,0,0,0,0,0,0,0,0,0,0,0,0,0,0,0,0,0,0,0,0,0,0,0,0,0,0
1986,28,23,9,48.039,2,7,1,0,1,0,1,1,25,1016,1016,1016,1016,0,0,0,0,0,1,1,0,0,0,-323.3279295,0,0,0,0,3,1,1,10,10,0,0,0,3,1,1,10,1000,0,0,0,0,0,0,0,0,0,0,0,0,0,0,0,0,0,0,0,0,0,0,0,0,0,0,0,0,0,0,0,0,0,0,0,0,0,0,0,0,0,0,0,0,0,0,0,0,0,0,0
1986,28,23,10,36.039,2,7,1,0,1,0,1,1,25,1016,1016,1016,1016,0,0,0,0,0,1,1,0,0,0,-323.3713117,0,0,0,0,3,1,1,10,10,0,0,0,3,1,1,10,1000,0,0,0,0,0,0,0,0,0,0,0,0,0,0,0,0,0,0,0,0,0,0,0,0,0,0,0,0,0,0,0,0,0,0,0,0,0,0,0,0,0,0,0,0,0,0,0,0,0,0,0
1986,28,23,11,24.039,2,7,1,0,1,0,1,1,25,1016,1016,1016,1016,0,0,0,0,0,1,1,0,0,0,-323.4146939,0,0,0,0,3,1,1,10,10,0,0,0,3,1,1,10,1000,0,0,0,0,0,0,0,0,0,0,0,0,0,0,0,0,0,0,0,0,0,0,0,0,0,0,0,0,0,0,0,0,0,0,0,0,0,0,0,0,0,0,0,0,0,0,0,0,0,0,0
1986,28,23,12,12.039,2,7,1,0,1,0,1,1,25,1016,1016,1016,1016,0,0,0,0,0,1,1,0,0,0,-323.458076,0,0,0,0,3,1,1,10,10,0,0,0,3,1,1,10,1000,0,0,0,0,0,0,0,0,0,0,0,0,0,0,0,0,0,0,0,0,0,0,0,0,0,0,0,0,0,0,0,0,0,0,0,0,0,0,0,0,0,0,0,0,0,0,0,0,0,0,0
1986,28,23,13,0.039,2,7,1,0,1,0,1,1,25,1016,1016,1016,1016,0,0,0,0,0,1,1,0,0,0,-323.5014582,0,0,0,0,3,1,1,10,10,0,0,0,3,1,1,10,1000,0,0,0,0,0,0,0,0,0,0,0,0,0,0,0,0,0,0,0,0,0,0,0,0,0,0,0,0,0,0,0,0,0,0,0,0,0,0,0,0,0,0,0,0,0,0,0,0,0,0,0
1986,28,23,13,48.039,2,7,1,0,1,0,1,1,25,1016,1016,1016,1016,0,0,0,0,0,1,1,0,0,0,-323.5448403,0,0,0,0,3,1,1,10,10,0,0,0,3,1,1,10,1000,0,0,0,0,0,0,0,0,0,0,0,0,0,0,0,0,0,0,0,0,0,0,0,0,0,0,0,0,0,0,0,0,0,0,0,0,0,0,0,0,0,0,0,0,0,0,0,0,0,0,0
1986,28,23,14,36.039,2,7,1,0,1,0,1,1,25,1016,1016,1016,1016,0,0,0,0,0,1,1,0,0,0,-323.5882224,0,0,0,0,3,1,1,10,10,0,0,0,3,1,1,10,1000,0,0,0,0,0,0,0,0,0,0,0,0,0,0,0,0,0,0,0,0,0,0,0,0,0,0,0,0,0,0,0,0,0,0,0,0,0,0,0,0,0,0,0,0,0,0,0,0,0,0,0
1986,28,23,15,24.039,2,7,1,0,1,0,1,1,25,1016,1016,1016,1016,0,0,0,0,0,1,1,0,0,0,-323.6316045,0,0,0,0,3,1,1,10,10,0,0,0,3,1,1,10,1000,0,0,0,0,0,0,0,0,0,0,0,0,0,0,0,0,0,0,0,0,0,0,0,0,0,0,0,0,0,0,0,0,0,0,0,0,0,0,0,0,0,0,0,0,0,0,0,0,0,0,0
1986,28,23,18,3.398,2,7,1,0,1,0,1,1,25,1016,1016,1016,1016,0,0,0,0,0,1,1,0,0,0,-323.7756318,0,0,0,0,3,1,1,10,10,0,0,0,3,1,1,10,1000,0,0,0,0,0,0,0,0,0,0,0,0,0,0,0,0,0,0,0,0,0,0,0,0,0,0,0,0,0,0,0,0,0,0,0,0,0,0,0,0,0,0,0,0,0,0,0,0,0,0,0
1986,28,23,18,36.038,2,7,1,0,1,0,1,1,25,1016,1016,1016,1016,0,0,0,0,0,1,1,0,0,0,-323.8051316,0,0,0,0,3,1,1,10,10,0,0,0,3,1,1,10,1000,0,0,0,0,0,0,0,0,0,0,0,0,0,0,0,0,0,0,0,0,0,0,0,0,0,0,0,0,0,0,0,0,0,0,0,0,0,0,0,0,0,0,0,0,0,0,0,0,0,0,0
1986,28,23,19,24.038,2,7,1,0,1,0,1,1,25,1016,1016,1016,1016,0,0,0,0,0,1,1,0,0,0,-323.8485135,0,0,0,0,3,1,1,10,10,0,0,0,3,1,1,10,1000,0,0,0,0,0,0,0,0,0,0,0,0,0,0,0,0,0,0,0,0,0,0,0,0,0,0,0,0,0,0,0,0,0,0,0,0,0,0,0,0,0,0,0,0,0,0,0,0,0,0,0
1986,28,23,20,12.038,2,7,1,0,1,0,1,1,25,1016,1016,1016,1016,0,0,0,0,0,1,1,0,0,0,-323.8918954,0,0,0,0,3,1,1,10,10,0,0,0,3,1,1,10,1000,0,0,0,0,0,0,0,0,0,0,0,0,0,0,0,0,0,0,0,0,0,0,0,0,0,0,0,0,0,0,0,0,0,0,0,0,0,0,0,0,0,0,0,0,0,0,0,0,0,0,0
1986,28,23,21,0.038,2,7,1,0,1,0,1,1,25,1016,1016,1016,1016,0,0,0,0,0,1,1,0,0,0,-323.9352773,0,0,0,0,3,1,1,10,10,0,0,0,3,1,1,10,1000,0,0,0,0,0,0,0,0,0,0,0,0,0,0,0,0,0,0,0,0,0,0,0,0,0,0,0,0,0,0,0,0,0,0,0,0,0,0,0,0,0,0,0,0,0,0,0,0,0,0,0
1986,28,23,21,48.038,2,7,1,0,1,0,1,1,25,1016,1016,1016,1016,0,0,0,0,0,1,1,0,0,0,-323.9786592,0,0,0,0,3,1,1,10,10,0,0,0,3,1,1,10,1000,0,0,0,0,0,0,0,0,0,0,0,0,0,0,0,0,0,0,0,0,0,0,0,0,0,0,0,0,0,0,0,0,0,0,0,0,0,0,0,0,0,0,0,0,0,0,0,0,0,0,0
1986,28,23,22,36.038,2,7,1,0,1,0,1,1,25,1016,1016,1016,1016,0,0,0,0,0,1,1,0,0,0,-324.022041,0,0,0,0,3,1,1,10,10,0,0,0,3,1,1,10,1000,0,0,0,0,0,0,0,0,0,0,0,0,0,0,0,0,0,0,0,0,0,0,0,0,0,0,0,0,0,0,0,0,0,0,0,0,0,0,0,0,0,0,0,0,0,0,0,0,0,0,0
1986,28,23,23,24.038,2,7,1,0,1,0,1,1,25,1016,1016,1016,1016,0,0,0,0,0,1,1,0,0,0,-324.0654228,0,0,0,0,3,1,1,10,10,0,0,0,3,1,1,10,1000,0,0,0,0,0,0,0,0,0,0,0,0,0,0,0,0,0,0,0,0,0,0,0,0,0,0,0,0,0,0,0,0,0,0,0,0,0,0,0,0,0,0,0,0,0,0,0,0,0,0,0
1986,28,23,24,12.038,2,7,1,0,1,0,1,1,25,1016,1016,1016,1016,0,0,0,0,0,1,1,0,0,0,-324.1088046,0,0,0,0,3,1,1,10,10,0,0,0,3,1,1,10,1000,0,0,0,0,0,0,0,0,0,0,0,0,0,0,0,0,0,0,0,0,0,0,0,0,0,0,0,0,0,0,0,0,0,0,0,0,0,0,0,0,0,0,0,0,0,0,0,0,0,0,0
1986,28,23,25,0.038,2,7,1,0,1,0,1,1,25,1016,1016,1016,1016,0,0,0,0,0,1,1,0,0,0,-324.1521864,0,0,0,0,3,1,1,10,10,0,0,0,3,1,1,10,1000,0,0,0,0,0,0,0,0,0,0,0,0,0,0,0,0,0,0,0,0,0,0,0,0,0,0,0,0,0,0,0,0,0,0,0,0,0,0,0,0,0,0,0,0,0,0,0,0,0,0,0
1986,28,23,25,48.038,2,7,1,0,1,0,1,1,25,1016,1016,1016,1016,0,0,0,0,0,1,1,0,0,0,-324.1955681,0,0,0,0,3,1,1,10,10,0,0,0,3,1,1,10,1000,0,0,0,0,0,0,0,0,0,0,0,0,0,0,0,0,0,0,0,0,0,0,0,0,0,0,0,0,0,0,0,0,0,0,0,0,0,0,0,0,0,0,0,0,0,0,0,0,0,0,0
1986,28,23,26,36.038,2,7,1,0,1,0,1,1,25,1016,1016,1016,1016,0,0,0,0,0,1,1,0,0,0,-324.2389498,0,0,0,0,3,1,1,10,10,0,0,0,3,1,1,10,1000,0,0,0,0,0,0,0,0,0,0,0,0,0,0,0,0,0,0,0,0,0,0,0,0,0,0,0,0,0,0,0,0,0,0,0,0,0,0,0,0,0,0,0,0,0,0,0,0,0,0,0
1986,28,23,27,24.038,2,7,1,0,1,0,1,1,25,1016,1016,1016,1016,0,0,0,0,0,1,1,0,0,0,-324.2823315,0,0,0,0,3,1,1,10,10,0,0,0,3,1,1,10,1000,0,0,0,0,0,0,0,0,0,0,0,0,0,0,0,0,0,0,0,0,0,0,0,0,0,0,0,0,0,0,0,0,0,0,0,0,0,0,0,0,0,0,0,0,0,0,0,0,0,0,0
1986,28,23,30,3.398,2,7,1,0,1,0,1,1,25,1016,1016,1016,1016,0,0,0,0,0,1,1,0,0,0,-324.4263585,0,0,0,0,3,1,1,10,10,0,0,0,3,1,1,10,1000,0,0,0,0,0,0,0,0,0,0,0,0,0,0,0,0,0,0,0,0,0,0,0,0,0,0,0,0,0,0,0,0,0,0,0,0,0,0,0,0,0,0,0,0,0,0,0,0,0,0,0
1986,28,23,30,36.038,2,7,1,0,1,0,1,1,25,1016,1016,1016,1016,0,0,0,0,0,1,1,0,0,0,-324.4558579,0,0,0,0,3,1,1,10,10,0,0,0,3,1,1,10,1000,0,0,0,0,0,0,0,0,0,0,0,0,0,0,0,0,0,0,0,0,0,0,0,0,0,0,0,0,0,0,0,0,0,0,0,0,0,0,0,0,0,0,0,0,0,0,0,0,0,0,0
1986,28,23,31,24.038,2,7,1,0,1,0,1,1,25,1016,1016,1016,1016,0,0,0,0,0,1,1,0,0,0,-324.4992395,0,0,0,0,3,1,1,10,10,0,0,0,3,1,1,10,1000,0,0,0,0,0,0,0,0,0,0,0,0,0,0,0,0,0,0,0,0,0,0,0,0,0,0,0,0,0,0,0,0,0,0,0,0,0,0,0,0,0,0,0,0,0,0,0,0,0,0,0
1986,28,23,32,12.038,2,7,1,0,1,0,1,1,25,1016,1016,1016,1016,0,0,0,0,0,1,1,0,0,0,-324.542621,0,0,0,0,3,1,1,10,10,0,0,0,3,1,1,10,1000,0,0,0,0,0,0,0,0,0,0,0,0,0,0,0,0,0,0,0,0,0,0,0,0,0,0,0,0,0,0,0,0,0,0,0,0,0,0,0,0,0,0,0,0,0,0,0,0,0,0,0
1986,28,23,33,0.037,2,7,1,0,1,0,1,1,25,1016,1016,1016,1016,0,0,0,0,0,1,1,0,0,0,-324.5860016,0,0,0,0,3,1,1,10,10,0,0,0,3,1,1,10,1000,0,0,0,0,0,0,0,0,0,0,0,0,0,0,0,0,0,0,0,0,0,0,0,0,0,0,0,0,0,0,0,0,0,0,0,0,0,0,0,0,0,0,0,0,0,0,0,0,0,0,0
1986,28,23,33,48.037,2,7,1,0,1,0,1,1,25,1016,1016,1016,1016,0,0,0,0,0,1,1,0,0,0,-324.6293831,0,0,0,0,3,1,1,10,10,0,0,0,3,1,1,10,1000,0,0,0,0,0,0,0,0,0,0,0,0,0,0,0,0,0,0,0,0,0,0,0,0,0,0,0,0,0,0,0,0,0,0,0,0,0,0,0,0,0,0,0,0,0,0,0,0,0,0,0
1986,28,23,34,36.037,2,7,1,0,1,0,1,1,25,1016,1016,1016,1016,0,0,0,0,0,1,1,0,0,0,-324.6727645,0,0,0,0,3,1,1,10,10,0,0,0,3,1,1,10,1000,0,0,0,0,0,0,0,0,0,0,0,0,0,0,0,0,0,0,0,0,0,0,0,0,0,0,0,0,0,0,0,0,0,0,0,0,0,0,0,0,0,0,0,0,0,0,0,0,0,0,0
1986,28,23,35,24.037,2,7,1,0,1,0,1,1,25,1016,1016,1016,1016,0,0,0,0,0,1,1,0,0,0,-324.716146,0,0,0,0,3,1,1,10,10,0,0,0,3,1,1,10,1000,0,0,0,0,0,0,0,0,0,0,0,0,0,0,0,0,0,0,0,0,0,0,0,0,0,0,0,0,0,0,0,0,0,0,0,0,0,0,0,0,0,0,0,0,0,0,0,0,0,0,0
1986,28,23,36,12.037,2,7,1,0,1,0,1,1,25,1016,1016,1016,1016,0,0,0,0,0,1,1,0,0,0,-324.7595274,0,0,0,0,3,1,1,10,10,0,0,0,3,1,1,10,1000,0,0,0,0,0,0,0,0,0,0,0,0,0,0,0,0,0,0,0,0,0,0,0,0,0,0,0,0,0,0,0,0,0,0,0,0,0,0,0,0,0,0,0,0,0,0,0,0,0,0,0
1986,28,23,37,0.037,2,7,1,0,1,0,1,1,25,1016,1016,1016,1016,0,0,0,0,0,1,1,0,0,0,-324.8029087,0,0,0,0,3,1,1,10,10,0,0,0,3,1,1,10,1000,0,0,0,0,0,0,0,0,0,0,0,0,0,0,0,0,0,0,0,0,0,0,0,0,0,0,0,0,0,0,0,0,0,0,0,0,0,0,0,0,0,0,0,0,0,0,0,0,0,0,0
1986,28,23,37,48.037,2,7,1,0,1,0,1,1,25,1016,1016,1016,1016,0,0,0,0,0,1,1,0,0,0,-324.8462901,0,0,0,0,3,1,1,10,10,0,0,0,3,1,1,10,1000,0,0,0,0,0,0,0,0,0,0,0,0,0,0,0,0,0,0,0,0,0,0,0,0,0,0,0,0,0,0,0,0,0,0,0,0,0,0,0,0,0,0,0,0,0,0,0,0,0,0,0
1986,28,23,38,36.037,2,7,1,0,1,0,1,1,25,1016,1016,1016,1016,0,0,0,0,0,1,1,0,0,0,-324.8896714,0,0,0,0,3,1,1,10,10,0,0,0,3,1,1,10,1000,0,0,0,0,0,0,0,0,0,0,0,0,0,0,0,0,0,0,0,0,0,0,0,0,0,0,0,0,0,0,0,0,0,0,0,0,0,0,0,0,0,0,0,0,0,0,0,0,0,0,0
1986,28,23,39,24.037,2,7,1,0,1,0,1,1,25,1016,1016,1016,1016,0,0,0,0,0,1,1,0,0,0,-324.9330527,0,0,0,0,3,1,1,10,10,0,0,0,3,1,1,10,1000,0,0,0,0,0,0,0,0,0,0,0,0,0,0,0,0,0,0,0,0,0,0,0,0,0,0,0,0,0,0,0,0,0,0,0,0,0,0,0,0,0,0,0,0,0,0,0,0,0,0,0
1986,28,23,42,3.397,2,7,1,0,1,0,1,1,25,1016,1016,1016,1016,0,0,0,0,0,1,1,0,0,0,-325.0770784,0,0,0,0,3,1,1,10,10,0,0,0,3,1,1,10,1000,0,0,0,0,0,0,0,0,0,0,0,0,0,0,0,0,0,0,0,0,0,0,0,0,0,0,0,0,0,0,0,0,0,0,0,0,0,0,0,0,0,0,0,0,0,0,0,0,0,0,0
1986,28,23,42,36.037,2,7,1,0,1,0,1,1,25,1016,1016,1016,1016,0,0,0,0,0,1,1,0,0,0,-325.1065777,0,0,0,0,3,1,1,10,10,0,0,0,3,1,1,10,1000,0,0,0,0,0,0,0,0,0,0,0,0,0,0,0,0,0,0,0,0,0,0,0,0,0,0,0,0,0,0,0,0,0,0,0,0,0,0,0,0,0,0,0,0,0,0,0,0,0,0,0
1986,28,23,43,24.037,2,7,1,0,1,0,1,1,25,1016,1016,1016,1016,0,0,0,0,0,1,1,0,0,0,-325.1499588,0,0,0,0,3,1,1,10,10,0,0,0,3,1,1,10,1000,0,0,0,0,0,0,0,0,0,0,0,0,0,0,0,0,0,0,0,0,0,0,0,0,0,0,0,0,0,0,0,0,0,0,0,0,0,0,0,0,0,0,0,0,0,0,0,0,0,0,0
1986,28,23,44,12.037,2,7,1,0,1,0,1,1,25,1016,1016,1016,1016,0,0,0,0,0,1,1,0,0,0,-325.19334,0,0,0,0,3,1,1,10,10,0,0,0,3,1,1,10,1000,0,0,0,0,0,0,0,0,0,0,0,0,0,0,0,0,0,0,0,0,0,0,0,0,0,0,0,0,0,0,0,0,0,0,0,0,0,0,0,0,0,0,0,0,0,0,0,0,0,0,0
1986,28,23,45,0.037,2,7,1,0,1,0,1,1,25,1016,1016,1016,1016,0,0,0,0,0,1,1,0,0,0,-325.2367211,0,0,0,0,3,1,1,10,10,0,0,0,3,1,1,10,1000,0,0,0,0,0,0,0,0,0,0,0,0,0,0,0,0,0,0,0,0,0,0,0,0,0,0,0,0,0,0,0,0,0,0,0,0,0,0,0,0,0,0,0,0,0,0,0,0,0,0,0
1986,28,23,45,48.037,2,7,1,0,1,0,1,1,25,1016,1016,1016,1016,0,0,0,0,0,1,1,0,0,0,-325.2801022,0,0,0,0,3,1,1,10,10,0,0,0,3,1,1,10,1000,0,0,0,0,0,0,0,0,0,0,0,0,0,0,0,0,0,0,0,0,0,0,0,0,0,0,0,0,0,0,0,0,0,0,0,0,0,0,0,0,0,0,0,0,0,0,0,0,0,0,0
1986,28,23,46,36.037,2,7,1,0,1,0,1,1,25,1016,1016,1016,1016,0,0,0,0,0,1,1,0,0,0,-325.3234832,0,0,0,0,3,1,1,10,10,0,0,0,3,1,1,10,1000,0,0,0,0,0,0,0,0,0,0,0,0,0,0,0,0,0,0,0,0,0,0,0,0,0,0,0,0,0,0,0,0,0,0,0,0,0,0,0,0,0,0,0,0,0,0,0,0,0,0,0
1986,28,23,47,24.037,2,7,1,0,1,0,1,1,25,1016,1016,1016,1016,0,0,0,0,0,1,1,0,0,0,-325.3668643,0,0,0,0,3,1,1,10,10,0,0,0,3,1,1,10,1000,0,0,0,0,0,0,0,0,0,0,0,0,0,0,0,0,0,0,0,0,0,0,0,0,0,0,0,0,0,0,0,0,0,0,0,0,0,0,0,0,0,0,0,0,0,0,0,0,0,0,0
1986,28,23,48,12.036,2,7,1,0,1,0,1,1,25,1016,1016,1016,1016,0,0,0,0,0,1,1,0,0,0,-325.4102444,0,0,0,0,3,1,1,10,10,0,0,0,3,1,1,10,1000,0,0,0,0,0,0,0,0,0,0,0,0,0,0,0,0,0,0,0,0,0,0,0,0,0,0,0,0,0,0,0,0,0,0,0,0,0,0,0,0,0,0,0,0,0,0,0,0,0,0,0
1986,28,23,49,0.036,2,7,1,0,1,0,1,1,25,1016,1016,1016,1016,0,0,0,0,0,1,1,0,0,0,-325.4536254,0,0,0,0,3,1,1,10,10,0,0,0,3,1,1,10,1000,0,0,0,0,0,0,0,0,0,0,0,0,0,0,0,0,0,0,0,0,0,0,0,0,0,0,0,0,0,0,0,0,0,0,0,0,0,0,0,0,0,0,0,0,0,0,0,0,0,0,0
1986,28,23,49,48.036,2,7,1,0,1,0,1,1,25,1016,1016,1016,1016,0,0,0,0,0,1,1,0,0,0,-325.4970064,0,0,0,0,3,1,1,10,10,0,0,0,3,1,1,10,1000,0,0,0,0,0,0,0,0,0,0,0,0,0,0,0,0,0,0,0,0,0,0,0,0,0,0,0,0,0,0,0,0,0,0,0,0,0,0,0,0,0,0,0,0,0,0,0,0,0,0,0
1986,28,23,50,36.036,2,7,1,0,1,0,1,1,25,1016,1016,1016,1016,0,0,0,0,0,1,1,0,0,0,-325.5403873,0,0,0,0,3,1,1,10,10,0,0,0,3,1,1,10,1000,0,0,0,0,0,0,0,0,0,0,0,0,0,0,0,0,0,0,0,0,0,0,0,0,0,0,0,0,0,0,0,0,0,0,0,0,0,0,0,0,0,0,0,0,0,0,0,0,0,0,0
1986,28,23,51,24.036,2,7,1,0,1,0,1,1,25,1016,1016,1016,1016,0,0,0,0,0,1,1,0,0,0,-325.5837682,0,0,0,0,3,1,1,10,10,0,0,0,3,1,1,10,1000,0,0,0,0,0,0,0,0,0,0,0,0,0,0,0,0,0,0,0,0,0,0,0,0,0,0,0,0,0,0,0,0,0,0,0,0,0,0,0,0,0,0,0,0,0,0,0,0,0,0,0
1986,28,23,54,3.396,2,7,1,0,1,0,1,1,25,1016,1016,1016,1016,0,0,0,0,0,1,1,0,0,0,-325.7277927,0,0,0,0,3,1,1,10,10,0,0,0,3,1,1,10,1000,0,0,0,0,0,0,0,0,0,0,0,0,0,0,0,0,0,0,0,0,0,0,0,0,0,0,0,0,0,0,0,0,0,0,0,0,0,0,0,0,0,0,0,0,0,0,0,0,0,0,0
1986,28,23,54,36.036,2,7,1,0,1,0,1,1,25,1016,1016,1016,1016,0,0,0,0,0,1,1,0,0,0,-325.7572916,0,0,0,0,3,1,1,10,10,0,0,0,3,1,1,10,1000,0,0,0,0,0,0,0,0,0,0,0,0,0,0,0,0,0,0,0,0,0,0,0,0,0,0,0,0,0,0,0,0,0,0,0,0,0,0,0,0,0,0,0,0,0,0,0,0,0,0,0
1986,28,23,55,24.036,2,7,1,0,1,0,1,1,25,1016,1016,1016,1016,0,0,0,0,0,1,1,0,0,0,-325.8006724,0,0,0,0,3,1,1,10,10,0,0,0,3,1,1,10,1000,0,0,0,0,0,0,0,0,0,0,0,0,0,0,0,0,0,0,0,0,0,0,0,0,0,0,0,0,0,0,0,0,0,0,0,0,0,0,0,0,0,0,0,0,0,0,0,0,0,0,0
1986,28,23,56,12.036,2,7,1,0,1,0,1,1,25,1016,1016,1016,1016,0,0,0,0,0,1,1,0,0,0,-325.8440532,0,0,0,0,3,1,1,10,10,0,0,0,3,1,1,10,1000,0,0,0,0,0,0,0,0,0,0,0,0,0,0,0,0,0,0,0,0,0,0,0,0,0,0,0,0,0,0,0,0,0,0,0,0,0,0,0,0,0,0,0,0,0,0,0,0,0,0,0
1986,28,23,57,0.036,2,7,1,0,1,0,1,1,25,1016,1016,1016,1016,0,0,0,0,0,1,1,0,0,0,-325.8874339,0,0,0,0,3,1,1,10,10,0,0,0,3,1,1,10,1000,0,0,0,0,0,0,0,0,0,0,0,0,0,0,0,0,0,0,0,0,0,0,0,0,0,0,0,0,0,0,0,0,0,0,0,0,0,0,0,0,0,0,0,0,0,0,0,0,0,0,0
1986,28,23,57,48.036,2,7,1,0,1,0,1,1,25,1016,1016,1016,1016,0,0,0,0,0,1,1,0,0,0,-325.9308146,0,0,0,0,3,1,1,10,10,0,0,0,3,1,1,10,1000,0,0,0,0,0,0,0,0,0,0,0,0,0,0,0,0,0,0,0,0,0,0,0,0,0,0,0,0,0,0,0,0,0,0,0,0,0,0,0,0,0,0,0,0,0,0,0,0,0,0,0
1986,28,23,58,36.036,2,7,1,0,1,0,1,1,25,1016,1016,1016,1016,0,0,0,0,0,1,1,0,0,0,-325.9741953,0,0,0,0,3,1,1,10,10,0,0,0,3,1,1,10,1000,0,0,0,0,0,0,0,0,0,0,0,0,0,0,0,0,0,0,0,0,0,0,0,0,0,0,0,0,0,0,0,0,0,0,0,0,0,0,0,0,0,0,0,0,0,0,0,0,0,0,0
1986,28,23,59,24.036,2,7,1,0,1,0,1,1,25,1016,1016,1016,1016,0,0,0,0,0,1,1,0,0,0,-326.017576,0,0,0,0,3,1,1,10,10,0,0,0,3,1,1,10,1000,0,0,0,0,0,0,0,0,0,0,0,0,0,0,0,0,0,0,0,0,0,0,0,0,0,0,0,0,0,0,0,0,0,0,0,0,0,0,0,0,0,0,0,0,0,0,0,0,0,0,0
1986,29,0,0,12.036,2,7,1,0,1,0,1,1,25,1016,1016,1016,1016,0,0,0,0,0,1,1,0,0,0,-326.0609566,0,0,0,0,3,1,1,10,10,0,0,0,3,1,1,10,1000,0,0,0,0,0,0,0,0,0,0,0,0,0,0,0,0,0,0,0,0,0,0,0,0,0,0,0,0,0,0,0,0,0,0,0,0,0,0,0,0,0,0,0,0,0,0,0,0,0,0,0
1986,29,0,1,0.036,2,7,1,0,1,0,1,1,25,1016,1016,1016,1016,0,0,0,0,0,1,1,0,0,0,-326.1043372,0,0,0,0,3,1,1,10,10,0,0,0,3,1,1,10,1000,0,0,0,0,0,0,0,0,0,0,0,0,0,0,0,0,0,0,0,0,0,0,0,0,0,0,0,0,0,0,0,0,0,0,0,0,0,0,0,0,0,0,0,0,0,0,0,0,0,0,0
1986,29,0,1,48.036,2,7,1,0,1,0,1,1,25,1016,1016,1016,1016,0,0,0,0,0,1,1,0,0,0,-326.1477178,0,0,0,0,3,1,1,10,10,0,0,0,3,1,1,10,1000,0,0,0,0,0,0,0,0,0,0,0,0,0,0,0,0,0,0,0,0,0,0,0,0,0,0,0,0,0,0,0,0,0,0,0,0,0,0,0,0,0,0,0,0,0,0,0,0,0,0,0
1986,29,0,2,36.035,2,7,1,0,1,0,1,1,25,1016,1016,1016,1016,0,0,0,0,0,1,1,0,0,0,-326.1910975,0,0,0,0,3,1,1,10,10,0,0,0,3,1,1,10,1000,0,0,0,0,0,0,0,0,0,0,0,0,0,0,0,0,0,0,0,0,0,0,0,0,0,0,0,0,0,0,0,0,0,0,0,0,0,0,0,0,0,0,0,0,0,0,0,0,0,0,0
1986,29,0,3,24.035,2,7,1,0,1,0,1,1,25,1016,1016,1016,1016,0,0,0,0,0,1,1,0,0,0,-326.234478,0,0,0,0,3,1,1,10,10,0,0,0,3,1,1,10,1000,0,0,0,0,0,0,0,0,0,0,0,0,0,0,0,0,0,0,0,0,0,0,0,0,0,0,0,0,0,0,0,0,0,0,0,0,0,0,0,0,0,0,0,0,0,0,0,0,0,0,0
1986,29,0,6,3.395,2,7,1,0,1,0,1,1,25,1016,1016,1016,1016,0,0,0,0,0,1,1,0,0,0,-326.3785012,0,0,0,0,3,1,1,10,10,0,0,0,3,1,1,10,1000,0,0,0,0,0,0,0,0,0,0,0,0,0,0,0,0,0,0,0,0,0,0,0,0,0,0,0,0,0,0,0,0,0,0,0,0,0,0,0,0,0,0,0,0,0,0,0,0,0,0,0
1986,29,0,6,36.035,2,7,1,0,1,0,1,1,25,1016,1016,1016,1016,0,0,0,0,0,1,1,0,0,0,-326.4079999,0,0,0,0,3,1,1,10,10,0,0,0,3,1,1,10,1000,0,0,0,0,0,0,0,0,0,0,0,0,0,0,0,0,0,0,0,0,0,0,0,0,0,0,0,0,0,0,0,0,0,0,0,0,0,0,0,0,0,0,0,0,0,0,0,0,0,0,0
1986,29,0,7,24.035,2,7,1,0,1,0,1,1,25,1016,1016,1016,1016,0,0,0,0,0,1,1,0,0,0,-326.4513803,0,0,0,0,3,1,1,10,10,0,0,0,3,1,1,10,1000,0,0,0,0,0,0,0,0,0,0,0,0,0,0,0,0,0,0,0,0,0,0,0,0,0,0,0,0,0,0,0,0,0,0,0,0,0,0,0,0,0,0,0,0,0,0,0,0,0,0,0
1986,29,0,8,12.035,2,7,1,0,1,0,1,1,25,1016,1016,1016,1016,0,0,0,0,0,1,1,0,0,0,-326.4947607,0,0,0,0,3,1,1,10,10,0,0,0,3,1,1,10,1000,0,0,0,0,0,0,0,0,0,0,0,0,0,0,0,0,0,0,0,0,0,0,0,0,0,0,0,0,0,0,0,0,0,0,0,0,0,0,0,0,0,0,0,0,0,0,0,0,0,0,0
1986,29,0,9,0.035,2,7,1,0,1,0,1,1,25,1016,1016,1016,1016,0,0,0,0,0,1,1,0,0,0,-326.538141,0,0,0,0,3,1,1,10,10,0,0,0,3,1,1,10,1000,0,0,0,0,0,0,0,0,0,0,0,0,0,0,0,0,0,0,0,0,0,0,0,0,0,0,0,0,0,0,0,0,0,0,0,0,0,0,0,0,0,0,0,0,0,0,0,0,0,0,0
1986,29,0,9,48.035,2,7,1,0,1,0,1,1,25,1016,1016,1016,1016,0,0,0,0,0,1,1,0,0,0,-326.5815214,0,0,0,0,3,1,1,10,10,0,0,0,3,1,1,10,1000,0,0,0,0,0,0,0,0,0,0,0,0,0,0,0,0,0,0,0,0,0,0,0,0,0,0,0,0,0,0,0,0,0,0,0,0,0,0,0,0,0,0,0,0,0,0,0,0,0,0,0
1986,29,0,10,36.035,2,7,1,0,1,0,1,1,25,1016,1016,1016,1016,0,0,0,0,0,1,1,0,0,0,-326.6249017,0,0,0,0,3,1,1,10,10,0,0,0,3,1,1,10,1000,0,0,0,0,0,0,0,0,0,0,0,0,0,0,0,0,0,0,0,0,0,0,0,0,0,0,0,0,0,0,0,0,0,0,0,0,0,0,0,0,0,0,0,0,0,0,0,0,0,0,0
1986,29,0,11,24.035,2,7,1,0,1,0,1,1,25,1016,1016,1016,1016,0,0,0,0,0,1,1,0,0,0,-326.668282,0,0,0,0,3,1,1,10,10,0,0,0,3,1,1,10,1000,0,0,0,0,0,0,0,0,0,0,0,0,0,0,0,0,0,0,0,0,0,0,0,0,0,0,0,0,0,0,0,0,0,0,0,0,0,0,0,0,0,0,0,0,0,0,0,0,0,0,0
1986,29,0,12,12.035,2,7,1,0,1,0,1,1,25,1016,1016,1016,1016,0,0,0,0,0,1,1,0,0,0,-326.7116622,0,0,0,0,3,1,1,10,10,0,0,0,3,1,1,10,1000,0,0,0,0,0,0,0,0,0,0,0,0,0,0,0,0,0,0,0,0,0,0,0,0,0,0,0,0,0,0,0,0,0,0,0,0,0,0,0,0,0,0,0,0,0,0,0,0,0,0,0
1986,29,0,13,0.035,2,7,1,0,1,0,1,1,25,1016,1016,1016,1016,0,0,0,0,0,1,1,0,0,0,-326.7550425,0,0,0,0,3,1,1,10,10,0,0,0,3,1,1,10,1000,0,0,0,0,0,0,0,0,0,0,0,0,0,0,0,0,0,0,0,0,0,0,0,0,0,0,0,0,0,0,0,0,0,0,0,0,0,0,0,0,0,0,0,0,0,0,0,0,0,0,0
1986,29,0,13,48.035,2,7,1,0,1,0,1,1,25,1016,1016,1016,1016,0,0,0,0,0,1,1,0,0,0,-326.7984227,0,0,0,0,3,1,1,10,10,0,0,0,3,1,1,10,1000,0,0,0,0,0,0,0,0,0,0,0,0,0,0,0,0,0,0,0,0,0,0,0,0,0,0,0,0,0,0,0,0,0,0,0,0,0,0,0,0,0,0,0,0,0,0,0,0,0,0,0
1986,29,0,14,36.035,2,7,1,0,1,0,1,1,25,1016,1016,1016,1016,0,0,0,0,0,1,1,0,0,0,-326.8418028,0,0,0,0,3,1,1,10,10,0,0,0,3,1,1,10,1000,0,0,0,0,0,0,0,0,0,0,0,0,0,0,0,0,0,0,0,0,0,0,0,0,0,0,0,0,0,0,0,0,0,0,0,0,0,0,0,0,0,0,0,0,0,0,0,0,0,0,0
1986,29,0,15,24.035,2,7,1,0,1,0,1,1,25,1016,1016,1016,1016,0,0,0,0,0,1,1,0,0,0,-326.885183,0,0,0,0,3,1,1,10,10,0,0,0,3,1,1,10,1000,0,0,0,0,0,0,0,0,0,0,0,0,0,0,0,0,0,0,0,0,0,0,0,0,0,0,0,0,0,0,0,0,0,0,0,0,0,0,0,0,0,0,0,0,0,0,0,0,0,0,0
1986,29,0,21,0.034,2,7,1,0,1,0,1,1,25,1016,1016,1016,1016,0,0,0,0,0,1,1,0,0,0,-327.1888425,0,0,0,0,3,1,1,10,10,0,0,0,3,1,1,10,1000,0,0,0,0,0,0,0,0,0,0,0,0,0,0,0,0,0,0,0,0,0,0,0,0,0,0,0,0,0,0,0,0,0,0,0,0,0,0,0,0,0,0,0,0,0,0,0,0,0,0,0
1986,29,0,21,48.034,2,7,1,0,1,0,1,1,25,1016,1016,1016,1016,0,0,0,0,0,1,1,0,0,0,-327.2322224,0,0,0,0,3,1,1,10,10,0,0,0,3,1,1,10,1000,0,0,0,0,0,0,0,0,0,0,0,0,0,0,0,0,0,0,0,0,0,0,0,0,0,0,0,0,0,0,0,0,0,0,0,0,0,0,0,0,0,0,0,0,0,0,0,0,0,0,0
1986,29,0,22,36.034,2,7,1,0,1,0,1,1,25,1016,1016,1016,1016,0,0,0,0,0,1,1,0,0,0,-327.2756024,0,0,0,0,3,1,1,10,10,0,0,0,3,1,1,10,1000,0,0,0,0,0,0,0,0,0,0,0,0,0,0,0,0,0,0,0,0,0,0,0,0,0,0,0,0,0,0,0,0,0,0,0,0,0,0,0,0,0,0,0,0,0,0,0,0,0,0,0
1986,29,0,23,24.034,2,7,1,0,1,0,1,1,25,1016,1016,1016,1016,0,0,0,0,0,1,1,0,0,0,-327.3189823,0,0,0,0,3,1,1,10,10,0,0,0,3,1,1,10,1000,0,0,0,0,0,0,0,0,0,0,0,0,0,0,0,0,0,0,0,0,0,0,0,0,0,0,0,0,0,0,0,0,0,0,0,0,0,0,0,0,0,0,0,0,0,0,0,0,0,0,0
1986,29,0,24,12.034,2,7,1,0,1,0,1,1,25,1016,1016,1016,1016,0,0,0,0,0,1,1,0,0,0,-327.3623622,0,0,0,0,3,1,1,10,10,0,0,0,3,1,1,10,1000,0,0,0,0,0,0,0,0,0,0,0,0,0,0,0,0,0,0,0,0,0,0,0,0,0,0,0,0,0,0,0,0,0,0,0,0,0,0,0,0,0,0,0,0,0,0,0,0,0,0,0
1986,29,0,25,0.034,2,7,1,0,1,0,1,1,25,1016,1016,1016,1016,0,0,0,0,0,1,1,0,0,0,-327.405742,0,0,0,0,3,1,1,10,10,0,0,0,3,1,1,10,1000,0,0,0,0,0,0,0,0,0,0,0,0,0,0,0,0,0,0,0,0,0,0,0,0,0,0,0,0,0,0,0,0,0,0,0,0,0,0,0,0,0,0,0,0,0,0,0,0,0,0,0
1986,29,0,25,48.034,2,7,1,0,1,0,1,1,25,1016,1016,1016,1016,0,0,0,0,0,1,1,0,0,0,-327.4491218,0,0,0,0,3,1,1,10,10,0,0,0,3,1,1,10,1000,0,0,0,0,0,0,0,0,0,0,0,0,0,0,0,0,0,0,0,0,0,0,0,0,0,0,0,0,0,0,0,0,0,0,0,0,0,0,0,0,0,0,0,0,0,0,0,0,0,0,0
1986,29,0,26,36.034,2,7,1,0,1,0,1,1,25,1016,1016,1016,1016,0,0,0,0,0,1,1,0,0,0,-327.4925017,0,0,0,0,3,1,1,10,10,0,0,0,3,1,1,10,1000,0,0,0,0,0,0,0,0,0,0,0,0,0,0,0,0,0,0,0,0,0,0,0,0,0,0,0,0,0,0,0,0,0,0,0,0,0,0,0,0,0,0,0,0,0,0,0,0,0,0,0
1986,29,0,27,24.034,2,7,1,0,1,0,1,1,25,1016,1016,1016,1016,0,0,0,0,0,1,1,0,0,0,-327.5358814,0,0,0,0,3,1,1,10,10,0,0,0,3,1,1,10,1000,0,0,0,0,0,0,0,0,0,0,0,0,0,0,0,0,0,0,0,0,0,0,0,0,0,0,0,0,0,0,0,0,0,0,0,0,0,0,0,0,0,0,0,0,0,0,0,0,0,0,0
1986,29,0,30,3.394,2,7,1,0,1,0,1,1,25,1016,1016,1016,1016,0,0,0,0,0,1,1,0,0,0,-327.6799021,0,0,0,0,3,1,1,10,10,0,0,0,3,1,1,10,1000,0,0,0,0,0,0,0,0,0,0,0,0,0,0,0,0,0,0,0,0,0,0,0,0,0,0,0,0,0,0,0,0,0,0,0,0,0,0,0,0,0,0,0,0,0,0,0,0,0,0,0
1986,29,0,30,36.034,2,7,1,0,1,0,1,1,25,1016,1016,1016,1016,0,0,0,0,0,1,1,0,0,0,-327.7094003,0,0,0,0,3,1,1,10,10,0,0,0,3,1,1,10,1000,0,0,0,0,0,0,0,0,0,0,0,0,0,0,0,0,0,0,0,0,0,0,0,0,0,0,0,0,0,0,0,0,0,0,0,0,0,0,0,0,0,0,0,0,0,0,0,0,0,0,0
1986,29,0,31,24.034,2,7,1,0,1,0,1,1,25,1016,1016,1016,1016,0,0,0,0,0,1,1,0,0,0,-327.75278,0,0,0,0,3,1,1,10,10,0,0,0,3,1,1,10,1000,0,0,0,0,0,0,0,0,0,0,0,0,0,0,0,0,0,0,0,0,0,0,0,0,0,0,0,0,0,0,0,0,0,0,0,0,0,0,0,0,0,0,0,0,0,0,0,0,0,0,0
1986,29,0,32,12.034,2,7,1,0,1,0,1,1,25,1016,1016,1016,1016,0,0,0,0,0,1,1,0,0,0,-327.7961596,0,0,0,0,3,1,1,10,10,0,0,0,3,1,1,10,1000,0,0,0,0,0,0,0,0,0,0,0,0,0,0,0,0,0,0,0,0,0,0,0,0,0,0,0,0,0,0,0,0,0,0,0,0,0,0,0,0,0,0,0,0,0,0,0,0,0,0,0
1986,29,0,33,0.033,2,7,1,0,1,0,1,1,25,1016,1016,1016,1016,0,0,0,0,0,1,1,0,0,0,-327.8395383,0,0,0,0,3,1,1,10,10,0,0,0,3,1,1,10,1000,0,0,0,0,0,0,0,0,0,0,0,0,0,0,0,0,0,0,0,0,0,0,0,0,0,0,0,0,0,0,0,0,0,0,0,0,0,0,0,0,0,0,0,0,0,0,0,0,0,0,0
1986,29,0,33,48.033,2,7,1,0,1,0,1,1,25,1016,1016,1016,1016,0,0,0,0,0,1,1,0,0,0,-327.8829179,0,0,0,0,3,1,1,10,10,0,0,0,3,1,1,10,1000,0,0,0,0,0,0,0,0,0,0,0,0,0,0,0,0,0,0,0,0,0,0,0,0,0,0,0,0,0,0,0,0,0,0,0,0,0,0,0,0,0,0,0,0,0,0,0,0,0,0,0
1986,29,0,34,36.033,2,7,1,0,1,0,1,1,25,1016,1016,1016,1016,0,0,0,0,0,1,1,0,0,0,-327.9262974,0,0,0,0,3,1,1,10,10,0,0,0,3,1,1,10,1000,0,0,0,0,0,0,0,0,0,0,0,0,0,0,0,0,0,0,0,0,0,0,0,0,0,0,0,0,0,0,0,0,0,0,0,0,0,0,0,0,0,0,0,0,0,0,0,0,0,0,0
1986,29,0,35,24.033,2,7,1,0,1,0,1,1,25,1016,1016,1016,1016,0,0,0,0,0,1,1,0,0,0,-327.9696769,0,0,0,0,3,1,1,10,10,0,0,0,3,1,1,10,1000,0,0,0,0,0,0,0,0,0,0,0,0,0,0,0,0,0,0,0,0,0,0,0,0,0,0,0,0,0,0,0,0,0,0,0,0,0,0,0,0,0,0,0,0,0,0,0,0,0,0,0
1986,29,0,36,12.033,2,7,1,0,1,0,1,1,25,1016,1016,1016,1016,0,0,0,0,0,1,1,0,0,0,-328.0130564,0,0,0,0,3,1,1,10,10,0,0,0,3,1,1,10,1000,0,0,0,0,0,0,0,0,0,0,0,0,0,0,0,0,0,0,0,0,0,0,0,0,0,0,0,0,0,0,0,0,0,0,0,0,0,0,0,0,0,0,0,0,0,0,0,0,0,0,0
1986,29,0,37,0.033,2,7,1,0,1,0,1,1,25,1016,1016,1016,1016,0,0,0,0,0,1,1,0,0,0,-328.0564359,0,0,0,0,3,1,1,10,10,0,0,0,3,1,1,10,1000,0,0,0,0,0,0,0,0,0,0,0,0,0,0,0,0,0,0,0,0,0,0,0,0,0,0,0,0,0,0,0,0,0,0,0,0,0,0,0,0,0,0,0,0,0,0,0,0,0,0,0
1986,29,0,37,48.033,2,7,1,0,1,0,1,1,25,1016,1016,1016,1016,0,0,0,0,0,1,1,0,0,0,-328.0998154,0,0,0,0,3,1,1,10,10,0,0,0,3,1,1,10,1000,0,0,0,0,0,0,0,0,0,0,0,0,0,0,0,0,0,0,0,0,0,0,0,0,0,0,0,0,0,0,0,0,0,0,0,0,0,0,0,0,0,0,0,0,0,0,0,0,0,0,0
1986,29,0,38,36.033,2,7,1,0,1,0,1,1,25,1016,1016,1016,1016,0,0,0,0,0,1,1,0,0,0,-328.1431948,0,0,0,0,3,1,1,10,10,0,0,0,3,1,1,10,1000,0,0,0,0,0,0,0,0,0,0,0,0,0,0,0,0,0,0,0,0,0,0,0,0,0,0,0,0,0,0,0,0,0,0,0,0,0,0,0,0,0,0,0,0,0,0,0,0,0,0,0
1986,29,0,39,24.033,2,7,1,0,1,0,1,1,25,1016,1016,1016,1016,0,0,0,0,0,1,1,0,0,0,-328.1865742,0,0,0,0,3,1,1,10,10,0,0,0,3,1,1,10,1000,0,0,0,0,0,0,0,0,0,0,0,0,0,0,0,0,0,0,0,0,0,0,0,0,0,0,0,0,0,0,0,0,0,0,0,0,0,0,0,0,0,0,0,0,0,0,0,0,0,0,0
1986,29,0,42,3.393,2,7,1,0,1,0,1,1,25,1016,1016,1016,1016,0,0,0,0,0,1,1,0,0,0,-328.3305937,0,0,0,0,3,1,1,10,10,0,0,0,3,1,1,10,1000,0,0,0,0,0,0,0,0,0,0,0,0,0,0,0,0,0,0,0,0,0,0,0,0,0,0,0,0,0,0,0,0,0,0,0,0,0,0,0,0,0,0,0,0,0,0,0,0,0,0,0
1986,29,0,42,36.033,2,7,1,0,1,0,1,1,25,1016,1016,1016,1016,0,0,0,0,0,1,1,0,0,0,-328.3600916,0,0,0,0,3,1,1,10,10,0,0,0,3,1,1,10,1000,0,0,0,0,0,0,0,0,0,0,0,0,0,0,0,0,0,0,0,0,0,0,0,0,0,0,0,0,0,0,0,0,0,0,0,0,0,0,0,0,0,0,0,0,0,0,0,0,0,0,0
1986,29,0,43,24.033,2,7,1,0,1,0,1,1,25,1016,1016,1016,1016,0,0,0,0,0,1,1,0,0,0,-328.4034709,0,0,0,0,3,1,1,10,10,0,0,0,3,1,1,10,1000,0,0,0,0,0,0,0,0,0,0,0,0,0,0,0,0,0,0,0,0,0,0,0,0,0,0,0,0,0,0,0,0,0,0,0,0,0,0,0,0,0,0,0,0,0,0,0,0,0,0,0
1986,29,0,44,12.033,2,7,1,0,1,0,1,1,25,1016,1016,1016,1016,0,0,0,0,0,1,1,0,0,0,-328.4468501,0,0,0,0,3,1,1,10,10,0,0,0,3,1,1,10,1000,0,0,0,0,0,0,0,0,0,0,0,0,0,0,0,0,0,0,0,0,0,0,0,0,0,0,0,0,0,0,0,0,0,0,0,0,0,0,0,0,0,0,0,0,0,0,0,0,0,0,0
1986,29,0,45,0.033,2,7,1,0,1,0,1,1,25,1016,1016,1016,1016,0,0,0,0,0,1,1,0,0,0,-328.4902293,0,0,0,0,3,1,1,10,10,0,0,0,3,1,1,10,1000,0,0,0,0,0,0,0,0,0,0,0,0,0,0,0,0,0,0,0,0,0,0,0,0,0,0,0,0,0,0,0,0,0,0,0,0,0,0,0,0,0,0,0,0,0,0,0,0,0,0,0
1986,29,0,45,48.033,2,7,1,0,1,0,1,1,25,1016,1016,1016,1016,0,0,0,0,0,1,1,0,0,0,-328.5336085,0,0,0,0,3,1,1,10,10,0,0,0,3,1,1,10,1000,0,0,0,0,0,0,0,0,0,0,0,0,0,0,0,0,0,0,0,0,0,0,0,0,0,0,0,0,0,0,0,0,0,0,0,0,0,0,0,0,0,0,0,0,0,0,0,0,0,0,0
1986,29,0,46,36.033,2,7,1,0,1,0,1,1,25,1016,1016,1016,1016,0,0,0,0,0,1,1,0,0,0,-328.5769877,0,0,0,0,3,1,1,10,10,0,0,0,3,1,1,10,1000,0,0,0,0,0,0,0,0,0,0,0,0,0,0,0,0,0,0,0,0,0,0,0,0,0,0,0,0,0,0,0,0,0,0,0,0,0,0,0,0,0,0,0,0,0,0,0,0,0,0,0
1986,29,0,48,12.032,2,7,1,0,1,0,1,1,25,1016,1016,1016,1016,0,0,0,0,0,1,1,0,0,0,-328.6637451,0,0,0,0,3,1,1,10,10,0,0,0,3,1,1,10,1000,0,0,0,0,0,0,0,0,0,0,0,0,0,0,0,0,0,0,0,0,0,0,0,0,0,0,0,0,0,0,0,0,0,0,0,0,0,0,0,0,0,0,0,0,0,0,0,0,0,0,0
1986,29,0,49,0.032,2,7,1,0,1,0,1,1,25,1016,1016,1016,1016,0,0,0,0,0,1,1,0,0,0,-328.7071242,0,0,0,0,3,1,1,10,10,0,0,0,3,1,1,10,1000,0,0,0,0,0,0,0,0,0,0,0,0,0,0,0,0,0,0,0,0,0,0,0,0,0,0,0,0,0,0,0,0,0,0,0,0,0,0,0,0,0,0,0,0,0,0,0,0,0,0,0
1986,29,0,49,48.032,2,7,1,0,1,0,1,1,25,1016,1016,1016,1016,0,0,0,0,0,1,1,0,0,0,-328.7505033,0,0,0,0,3,1,1,10,10,0,0,0,3,1,1,10,1000,0,0,0,0,0,0,0,0,0,0,0,0,0,0,0,0,0,0,0,0,0,0,0,0,0,0,0,0,0,0,0,0,0,0,0,0,0,0,0,0,0,0,0,0,0,0,0,0,0,0,0
1986,29,0,50,36.032,2,7,1,0,1,0,1,1,25,1016,1016,1016,1016,0,0,0,0,0,1,1,0,0,0,-328.7938823,0,0,0,0,3,1,1,10,10,0,0,0,3,1,1,10,1000,0,0,0,0,0,0,0,0,0,0,0,0,0,0,0,0,0,0,0,0,0,0,0,0,0,0,0,0,0,0,0,0,0,0,0,0,0,0,0,0,0,0,0,0,0,0,0,0,0,0,0
1986,29,0,51,24.032,2,7,1,0,1,0,1,1,25,1016,1016,1016,1016,0,0,0,0,0,1,1,0,0,0,-328.8372614,0,0,0,0,3,1,1,10,10,0,0,0,3,1,1,10,1000,0,0,0,0,0,0,0,0,0,0,0,0,0,0,0,0,0,0,0,0,0,0,0,0,0,0,0,0,0,0,0,0,0,0,0,0,0,0,0,0,0,0,0,0,0,0,0,0,0,0,0
1986,29,0,54,3.392,2,7,1,0,1,0,1,1,25,1016,1016,1016,1016,0,0,0,0,0,1,1,0,0,0,-328.9812796,0,0,0,0,3,1,1,10,10,0,0,0,3,1,1,10,1000,0,0,0,0,0,0,0,0,0,0,0,0,0,0,0,0,0,0,0,0,0,0,0,0,0,0,0,0,0,0,0,0,0,0,0,0,0,0,0,0,0,0,0,0,0,0,0,0,0,0,0
1986,29,0,54,36.032,2,7,1,0,1,0,1,1,25,1016,1016,1016,1016,0,0,0,0,0,1,1,0,0,0,-329.0107772,0,0,0,0,3,1,1,10,10,0,0,0,3,1,1,10,1000,0,0,0,0,0,0,0,0,0,0,0,0,0,0,0,0,0,0,0,0,0,0,0,0,0,0,0,0,0,0,0,0,0,0,0,0,0,0,0,0,0,0,0,0,0,0,0,0,0,0,0
1986,29,0,55,24.032,2,7,1,0,1,0,1,1,25,1016,1016,1016,1016,0,0,0,0,0,1,1,0,0,0,-329.0541561,0,0,0,0,3,1,1,10,10,0,0,0,3,1,1,10,1000,0,0,0,0,0,0,0,0,0,0,0,0,0,0,0,0,0,0,0,0,0,0,0,0,0,0,0,0,0,0,0,0,0,0,0,0,0,0,0,0,0,0,0,0,0,0,0,0,0,0,0
1986,29,0,57,0.032,2,7,1,0,1,0,1,1,25,1016,1016,1016,1016,0,0,0,0,0,1,1,0,0,0,-329.1409139,0,0,0,0,3,1,1,10,10,0,0,0,3,1,1,10,1000,0,0,0,0,0,0,0,0,0,0,0,0,0,0,0,0,0,0,0,0,0,0,0,0,0,0,0,0,0,0,0,0,0,0,0,0,0,0,0,0,0,0,0,0,0,0,0,0,0,0,0
1986,29,0,57,48.032,2,7,1,0,1,0,1,1,25,1016,1016,1016,1016,0,0,0,0,0,1,1,0,0,0,-329.1842927,0,0,0,0,3,1,1,10,10,0,0,0,3,1,1,10,1000,0,0,0,0,0,0,0,0,0,0,0,0,0,0,0,0,0,0,0,0,0,0,0,0,0,0,0,0,0,0,0,0,0,0,0,0,0,0,0,0,0,0,0,0,0,0,0,0,0,0,0
1986,29,0,58,36.032,2,7,1,0,1,0,1,1,25,1016,1016,1016,1016,0,0,0,0,0,1,1,0,0,0,-329.2276715,0,0,0,0,3,1,1,10,10,0,0,0,3,1,1,10,1000,0,0,0,0,0,0,0,0,0,0,0,0,0,0,0,0,0,0,0,0,0,0,0,0,0,0,0,0,0,0,0,0,0,0,0,0,0,0,0,0,0,0,0,0,0,0,0,0,0,0,0
1986,29,0,59,24.032,2,7,1,0,1,0,1,1,25,1016,1016,1016,1016,0,0,0,0,0,1,1,0,0,0,-329.2710503,0,0,0,0,3,1,1,10,10,0,0,0,3,1,1,10,1000,0,0,0,0,0,0,0,0,0,0,0,0,0,0,0,0,0,0,0,0,0,0,0,0,0,0,0,0,0,0,0,0,0,0,0,0,0,0,0,0,0,0,0,0,0,0,0,0,0,0,0
1986,29,1,0,12.032,2,7,1,0,1,0,1,1,25,1016,1016,1016,1016,0,0,0,0,0,1,1,0,0,0,-329.314429,0,0,0,0,3,1,1,10,10,0,0,0,3,1,1,10,1000,0,0,0,0,0,0,0,0,0,0,0,0,0,0,0,0,0,0,0,0,0,0,0,0,0,0,0,0,0,0,0,0,0,0,0,0,0,0,0,0,0,0,0,0,0,0,0,0,0,0,0
1986,29,1,1,0.032,2,7,1,0,1,0,1,1,25,1016,1016,1016,1016,0,0,0,0,0,1,1,0,0,0,-329.3578078,0,0,0,0,3,1,1,10,10,0,0,0,3,1,1,10,1000,0,0,0,0,0,0,0,0,0,0,0,0,0,0,0,0,0,0,0,0,0,0,0,0,0,0,0,0,0,0,0,0,0,0,0,0,0,0,0,0,0,0,0,0,0,0,0,0,0,0,0
1986,29,1,1,48.032,2,7,1,0,1,0,1,1,25,1016,1016,1016,1016,0,0,0,0,0,1,1,0,0,0,-329.4011865,0,0,0,0,3,1,1,10,10,0,0,0,3,1,1,10,1000,0,0,0,0,0,0,0,0,0,0,0,0,0,0,0,0,0,0,0,0,0,0,0,0,0,0,0,0,0,0,0,0,0,0,0,0,0,0,0,0,0,0,0,0,0,0,0,0,0,0,0
1986,29,1,2,36.032,2,7,1,0,1,0,1,1,25,1016,1016,1016,1016,0,0,0,0,0,1,1,0,0,0,-329.4445652,0,0,0,0,3,1,1,10,10,0,0,0,3,1,1,10,1000,0,0,0,0,0,0,0,0,0,0,0,0,0,0,0,0,0,0,0,0,0,0,0,0,0,0,0,0,0,0,0,0,0,0,0,0,0,0,0,0,0,0,0,0,0,0,0,0,0,0,0
1986,29,1,3,24.031,2,7,1,0,1,0,1,1,25,1016,1016,1016,1016,0,0,0,0,0,1,1,0,0,0,-329.4879429,0,0,0,0,3,1,1,10,10,0,0,0,3,1,1,10,1000,0,0,0,0,0,0,0,0,0,0,0,0,0,0,0,0,0,0,0,0,0,0,0,0,0,0,0,0,0,0,0,0,0,0,0,0,0,0,0,0,0,0,0,0,0,0,0,0,0,0,0
1986,29,1,6,3.391,2,7,1,0,1,0,1,1,25,1016,1016,1016,1016,0,0,0,0,0,1,1,0,0,0,-329.6319599,0,0,0,0,3,1,1,10,10,0,0,0,3,1,1,10,1000,0,0,0,0,0,0,0,0,0,0,0,0,0,0,0,0,0,0,0,0,0,0,0,0,0,0,0,0,0,0,0,0,0,0,0,0,0,0,0,0,0,0,0,0,0,0,0,0,0,0,0
1986,29,1,6,36.031,2,7,1,0,1,0,1,1,25,1016,1016,1016,1016,0,0,0,0,0,1,1,0,0,0,-329.6614573,0,0,0,0,3,1,1,10,10,0,0,0,3,1,1,10,1000,0,0,0,0,0,0,0,0,0,0,0,0,0,0,0,0,0,0,0,0,0,0,0,0,0,0,0,0,0,0,0,0,0,0,0,0,0,0,0,0,0,0,0,0,0,0,0,0,0,0,0
1986,29,1,7,24.031,2,7,1,0,1,0,1,1,25,1016,1016,1016,1016,0,0,0,0,0,1,1,0,0,0,-329.7048358,0,0,0,0,3,1,1,10,10,0,0,0,3,1,1,10,1000,0,0,0,0,0,0,0,0,0,0,0,0,0,0,0,0,0,0,0,0,0,0,0,0,0,0,0,0,0,0,0,0,0,0,0,0,0,0,0,0,0,0,0,0,0,0,0,0,0,0,0
1986,29,1,8,12.031,2,7,1,0,1,0,1,1,25,1016,1016,1016,1016,0,0,0,0,0,1,1,0,0,0,-329.7482143,0,0,0,0,3,1,1,10,10,0,0,0,3,1,1,10,1000,0,0,0,0,0,0,0,0,0,0,0,0,0,0,0,0,0,0,0,0,0,0,0,0,0,0,0,0,0,0,0,0,0,0,0,0,0,0,0,0,0,0,0,0,0,0,0,0,0,0,0
1986,29,1,9,0.031,2,7,1,0,1,0,1,1,25,1016,1016,1016,1016,0,0,0,0,0,1,1,0,0,0,-329.7915928,0,0,0,0,3,1,1,10,10,0,0,0,3,1,1,10,1000,0,0,0,0,0,0,0,0,0,0,0,0,0,0,0,0,0,0,0,0,0,0,0,0,0,0,0,0,0,0,0,0,0,0,0,0,0,0,0,0,0,0,0,0,0,0,0,0,0,0,0
1986,29,1,9,48.031,2,7,1,0,1,0,1,1,25,1016,1016,1016,1016,0,0,0,0,0,1,1,0,0,0,-329.8349713,0,0,0,0,3,1,1,10,10,0,0,0,3,1,1,10,1000,0,0,0,0,0,0,0,0,0,0,0,0,0,0,0,0,0,0,0,0,0,0,0,0,0,0,0,0,0,0,0,0,0,0,0,0,0,0,0,0,0,0,0,0,0,0,0,0,0,0,0
1986,29,1,10,36.031,2,7,1,0,1,0,1,1,25,1016,1016,1016,1016,0,0,0,0,0,1,1,0,0,0,-329.8783497,0,0,0,0,3,1,1,10,10,0,0,0,3,1,1,10,1000,0,0,0,0,0,0,0,0,0,0,0,0,0,0,0,0,0,0,0,0,0,0,0,0,0,0,0,0,0,0,0,0,0,0,0,0,0,0,0,0,0,0,0,0,0,0,0,0,0,0,0
1986,29,1,11,24.031,2,7,1,0,1,0,1,1,25,1016,1016,1016,1016,0,0,0,0,0,1,1,0,0,0,-329.9217281,0,0,0,0,3,1,1,10,10,0,0,0,3,1,1,10,1000,0,0,0,0,0,0,0,0,0,0,0,0,0,0,0,0,0,0,0,0,0,0,0,0,0,0,0,0,0,0,0,0,0,0,0,0,0,0,0,0,0,0,0,0,0,0,0,0,0,0,0
1986,29,1,12,12.031,2,7,1,0,1,0,1,1,25,1016,1016,1016,1016,0,0,0,0,0,1,1,0,0,0,-329.9651065,0,0,0,0,3,1,1,10,10,0,0,0,3,1,1,10,1000,0,0,0,0,0,0,0,0,0,0,0,0,0,0,0,0,0,0,0,0,0,0,0,0,0,0,0,0,0,0,0,0,0,0,0,0,0,0,0,0,0,0,0,0,0,0,0,0,0,0,0
1986,29,1,13,0.031,2,7,1,0,1,0,1,1,25,1016,1016,1016,1016,0,0,0,0,0,1,1,0,0,0,-330.0084849,0,0,0,0,3,1,1,10,10,0,0,0,3,1,1,10,1000,0,0,0,0,0,0,0,0,0,0,0,0,0,0,0,0,0,0,0,0,0,0,0,0,0,0,0,0,0,0,0,0,0,0,0,0,0,0,0,0,0,0,0,0,0,0,0,0,0,0,0
1986,29,1,13,48.031,2,7,1,0,1,0,1,1,25,1016,1016,1016,1016,0,0,0,0,0,1,1,0,0,0,-330.0518632,0,0,0,0,3,1,1,10,10,0,0,0,3,1,1,10,1000,0,0,0,0,0,0,0,0,0,0,0,0,0,0,0,0,0,0,0,0,0,0,0,0,0,0,0,0,0,0,0,0,0,0,0,0,0,0,0,0,0,0,0,0,0,0,0,0,0,0,0
1986,29,1,14,36.031,2,7,1,0,1,0,1,1,25,1016,1016,1016,1016,0,0,0,0,0,1,1,0,0,0,-330.0952415,0,0,0,0,3,1,1,10,10,0,0,0,3,1,1,10,1000,0,0,0,0,0,0,0,0,0,0,0,0,0,0,0,0,0,0,0,0,0,0,0,0,0,0,0,0,0,0,0,0,0,0,0,0,0,0,0,0,0,0,0,0,0,0,0,0,0,0,0
1986,29,1,15,24.031,2,7,1,0,1,0,1,1,25,1016,1016,1016,1016,0,0,0,0,0,1,1,0,0,0,-330.1386198,0,0,0,0,3,1,1,10,10,0,0,0,3,1,1,10,1000,0,0,0,0,0,0,0,0,0,0,0,0,0,0,0,0,0,0,0,0,0,0,0,0,0,0,0,0,0,0,0,0,0,0,0,0,0,0,0,0,0,0,0,0,0,0,0,0,0,0,0
1986,29,1,18,3.39,2,7,1,0,1,0,1,1,25,1016,1016,1016,1016,0,0,0,0,0,1,1,0,0,0,-330.2826346,0,0,0,0,3,1,1,10,10,0,0,0,3,1,1,10,1000,0,0,0,0,0,0,0,0,0,0,0,0,0,0,0,0,0,0,0,0,0,0,0,0,0,0,0,0,0,0,0,0,0,0,0,0,0,0,0,0,0,0,0,0,0,0,0,0,0,0,0
1986,29,1,18,36.03,2,7,1,0,1,0,1,1,25,1016,1016,1016,1016,0,0,0,0,0,1,1,0,0,0,-330.3121318,0,0,0,0,3,1,1,10,10,0,0,0,3,1,1,10,1000,0,0,0,0,0,0,0,0,0,0,0,0,0,0,0,0,0,0,0,0,0,0,0,0,0,0,0,0,0,0,0,0,0,0,0,0,0,0,0,0,0,0,0,0,0,0,0,0,0,0,0
1986,29,1,19,24.03,2,7,1,0,1,0,1,1,25,1016,1016,1016,1016,0,0,0,0,0,1,1,0,0,0,-330.35551,0,0,0,0,3,1,1,10,10,0,0,0,3,1,1,10,1000,0,0,0,0,0,0,0,0,0,0,0,0,0,0,0,0,0,0,0,0,0,0,0,0,0,0,0,0,0,0,0,0,0,0,0,0,0,0,0,0,0,0,0,0,0,0,0,0,0,0,0
1986,29,1,20,12.03,2,7,1,0,1,0,1,1,25,1016,1016,1016,1016,0,0,0,0,0,1,1,0,0,0,-330.3988881,0,0,0,0,3,1,1,10,10,0,0,0,3,1,1,10,1000,0,0,0,0,0,0,0,0,0,0,0,0,0,0,0,0,0,0,0,0,0,0,0,0,0,0,0,0,0,0,0,0,0,0,0,0,0,0,0,0,0,0,0,0,0,0,0,0,0,0,0
1986,29,1,21,0.03,2,7,1,0,1,0,1,1,25,1016,1016,1016,1016,0,0,0,0,0,1,1,0,0,0,-330.4422662,0,0,0,0,3,1,1,10,10,0,0,0,3,1,1,10,1000,0,0,0,0,0,0,0,0,0,0,0,0,0,0,0,0,0,0,0,0,0,0,0,0,0,0,0,0,0,0,0,0,0,0,0,0,0,0,0,0,0,0,0,0,0,0,0,0,0,0,0
1986,29,1,21,48.03,2,7,1,0,1,0,1,1,25,1016,1016,1016,1016,0,0,0,0,0,1,1,0,0,0,-330.4856443,0,0,0,0,3,1,1,10,10,0,0,0,3,1,1,10,1000,0,0,0,0,0,0,0,0,0,0,0,0,0,0,0,0,0,0,0,0,0,0,0,0,0,0,0,0,0,0,0,0,0,0,0,0,0,0,0,0,0,0,0,0,0,0,0,0,0,0,0
1986,29,1,22,36.03,2,7,1,0,1,0,1,1,25,1016,1016,1016,1016,0,0,0,0,0,1,1,0,0,0,-330.5290224,0,0,0,0,3,1,1,10,10,0,0,0,3,1,1,10,1000,0,0,0,0,0,0,0,0,0,0,0,0,0,0,0,0,0,0,0,0,0,0,0,0,0,0,0,0,0,0,0,0,0,0,0,0,0,0,0,0,0,0,0,0,0,0,0,0,0,0,0
1986,29,1,23,24.03,2,7,1,0,1,0,1,1,25,1016,1016,1016,1016,0,0,0,0,0,1,1,0,0,0,-330.5724004,0,0,0,0,3,1,1,10,10,0,0,0,3,1,1,10,1000,0,0,0,0,0,0,0,0,0,0,0,0,0,0,0,0,0,0,0,0,0,0,0,0,0,0,0,0,0,0,0,0,0,0,0,0,0,0,0,0,0,0,0,0,0,0,0,0,0,0,0
1986,29,1,24,12.03,2,7,1,0,1,0,1,1,25,1016,1016,1016,1016,0,0,0,0,0,1,1,0,0,0,-330.6157784,0,0,0,0,3,1,1,10,10,0,0,0,3,1,1,10,1000,0,0,0,0,0,0,0,0,0,0,0,0,0,0,0,0,0,0,0,0,0,0,0,0,0,0,0,0,0,0,0,0,0,0,0,0,0,0,0,0,0,0,0,0,0,0,0,0,0,0,0
1986,29,1,25,0.03,2,7,1,0,1,0,1,1,25,1016,1016,1016,1016,0,0,0,0,0,1,1,0,0,0,-330.6591564,0,0,0,0,3,1,1,10,10,0,0,0,3,1,1,10,1000,0,0,0,0,0,0,0,0,0,0,0,0,0,0,0,0,0,0,0,0,0,0,0,0,0,0,0,0,0,0,0,0,0,0,0,0,0,0,0,0,0,0,0,0,0,0,0,0,0,0,0
1986,29,1,25,48.03,2,7,1,0,1,0,1,1,25,1016,1016,1016,1016,0,0,0,0,0,1,1,0,0,0,-330.7025344,0,0,0,0,3,1,1,10,10,0,0,0,3,1,1,10,1000,0,0,0,0,0,0,0,0,0,0,0,0,0,0,0,0,0,0,0,0,0,0,0,0,0,0,0,0,0,0,0,0,0,0,0,0,0,0,0,0,0,0,0,0,0,0,0,0,0,0,0
1986,29,1,26,36.03,2,7,1,0,1,0,1,1,25,1016,1016,1016,1016,0,0,0,0,0,1,1,0,0,0,-330.7459123,0,0,0,0,3,1,1,10,10,0,0,0,3,1,1,10,1000,0,0,0,0,0,0,0,0,0,0,0,0,0,0,0,0,0,0,0,0,0,0,0,0,0,0,0,0,0,0,0,0,0,0,0,0,0,0,0,0,0,0,0,0,0,0,0,0,0,0,0
1986,29,1,27,24.03,2,7,1,0,1,0,1,1,25,1016,1016,1016,1016,0,0,0,0,0,1,1,0,0,0,-330.7892902,0,0,0,0,3,1,1,10,10,0,0,0,3,1,1,10,1000,0,0,0,0,0,0,0,0,0,0,0,0,0,0,0,0,0,0,0,0,0,0,0,0,0,0,0,0,0,0,0,0,0,0,0,0,0,0,0,0,0,0,0,0,0,0,0,0,0,0,0
1986,29,1,30,3.39,2,7,1,0,1,0,1,1,25,1016,1016,1016,1016,0,0,0,0,0,1,1,0,0,0,-330.9333047,0,0,0,0,3,1,1,10,10,0,0,0,3,1,1,10,1000,0,0,0,0,0,0,0,0,0,0,0,0,0,0,0,0,0,0,0,0,0,0,0,0,0,0,0,0,0,0,0,0,0,0,0,0,0,0,0,0,0,0,0,0,0,0,0,0,0,0,0
1986,29,1,30,36.03,2,7,1,0,1,0,1,1,25,1016,1016,1016,1016,0,0,0,0,0,1,1,0,0,0,-330.9628016,0,0,0,0,3,1,1,10,10,0,0,0,3,1,1,10,1000,0,0,0,0,0,0,0,0,0,0,0,0,0,0,0,0,0,0,0,0,0,0,0,0,0,0,0,0,0,0,0,0,0,0,0,0,0,0,0,0,0,0,0,0,0,0,0,0,0,0,0
1986,29,1,31,24.03,2,7,1,0,1,0,1,1,25,1016,1016,1016,1016,0,0,0,0,0,1,1,0,0,0,-331.0061794,0,0,0,0,3,1,1,10,10,0,0,0,3,1,1,10,1000,0,0,0,0,0,0,0,0,0,0,0,0,0,0,0,0,0,0,0,0,0,0,0,0,0,0,0,0,0,0,0,0,0,0,0,0,0,0,0,0,0,0,0,0,0,0,0,0,0,0,0
1986,29,1,32,12.03,2,7,1,0,1,0,1,1,25,1016,1016,1016,1016,0,0,0,0,0,1,1,0,0,0,-331.0495572,0,0,0,0,3,1,1,10,10,0,0,0,3,1,1,10,1000,0,0,0,0,0,0,0,0,0,0,0,0,0,0,0,0,0,0,0,0,0,0,0,0,0,0,0,0,0,0,0,0,0,0,0,0,0,0,0,0,0,0,0,0,0,0,0,0,0,0,0
1986,29,1,33,0.03,2,7,1,0,1,0,1,1,25,1016,1016,1016,1016,0,0,0,0,0,1,1,0,0,0,-331.092935,0,0,0,0,3,1,1,10,10,0,0,0,3,1,1,10,1000,0,0,0,0,0,0,0,0,0,0,0,0,0,0,0,0,0,0,0,0,0,0,0,0,0,0,0,0,0,0,0,0,0,0,0,0,0,0,0,0,0,0,0,0,0,0,0,0,0,0,0
1986,29,1,33,48.029,2,7,1,0,1,0,1,1,25,1016,1016,1016,1016,0,0,0,0,0,1,1,0,0,0,-331.1363118,0,0,0,0,3,1,1,10,10,0,0,0,3,1,1,10,1000,0,0,0,0,0,0,0,0,0,0,0,0,0,0,0,0,0,0,0,0,0,0,0,0,0,0,0,0,0,0,0,0,0,0,0,0,0,0,0,0,0,0,0,0,0,0,0,0,0,0,0
1986,29,1,34,36.029,2,7,1,0,1,0,1,1,25,1016,1016,1016,1016,0,0,0,0,0,1,1,0,0,0,-331.1796895,0,0,0,0,3,1,1,10,10,0,0,0,3,1,1,10,1000,0,0,0,0,0,0,0,0,0,0,0,0,0,0,0,0,0,0,0,0,0,0,0,0,0,0,0,0,0,0,0,0,0,0,0,0,0,0,0,0,0,0,0,0,0,0,0,0,0,0,0
1986,29,1,35,24.029,2,7,1,0,1,0,1,1,25,1016,1016,1016,1016,0,0,0,0,0,1,1,0,0,0,-331.2230671,0,0,0,0,3,1,1,10,10,0,0,0,3,1,1,10,1000,0,0,0,0,0,0,0,0,0,0,0,0,0,0,0,0,0,0,0,0,0,0,0,0,0,0,0,0,0,0,0,0,0,0,0,0,0,0,0,0,0,0,0,0,0,0,0,0,0,0,0
1986,29,1,36,12.029,2,7,1,0,1,0,1,1,25,1016,1016,1016,1016,0,0,0,0,0,1,1,0,0,0,-331.2664448,0,0,0,0,3,1,1,10,10,0,0,0,3,1,1,10,1000,0,0,0,0,0,0,0,0,0,0,0,0,0,0,0,0,0,0,0,0,0,0,0,0,0,0,0,0,0,0,0,0,0,0,0,0,0,0,0,0,0,0,0,0,0,0,0,0,0,0,0
1986,29,1,37,0.029,2,7,1,0,1,0,1,1,25,1016,1016,1016,1016,0,0,0,0,0,1,1,0,0,0,-331.3098224,0,0,0,0,3,1,1,10,10,0,0,0,3,1,1,10,1000,0,0,0,0,0,0,0,0,0,0,0,0,0,0,0,0,0,0,0,0,0,0,0,0,0,0,0,0,0,0,0,0,0,0,0,0,0,0,0,0,0,0,0,0,0,0,0,0,0,0,0
1986,29,1,37,48.029,2,7,1,0,1,0,1,1,25,1016,1016,1016,1016,0,0,0,0,0,1,1,0,0,0,-331.3532,0,0,0,0,3,1,1,10,10,0,0,0,3,1,1,10,1000,0,0,0,0,0,0,0,0,0,0,0,0,0,0,0,0,0,0,0,0,0,0,0,0,0,0,0,0,0,0,0,0,0,0,0,0,0,0,0,0,0,0,0,0,0,0,0,0,0,0,0
1986,29,1,38,36.029,2,7,1,0,1,0,1,1,25,1016,1016,1016,1016,0,0,0,0,0,1,1,0,0,0,-331.3965776,0,0,0,0,3,1,1,10,10,0,0,0,3,1,1,10,1000,0,0,0,0,0,0,0,0,0,0,0,0,0,0,0,0,0,0,0,0,0,0,0,0,0,0,0,0,0,0,0,0,0,0,0,0,0,0,0,0,0,0,0,0,0,0,0,0,0,0,0
1986,29,1,39,24.029,2,7,1,0,1,0,1,1,25,1016,1016,1016,1016,0,0,0,0,0,1,1,0,0,0,-331.4399551,0,0,0,0,3,1,1,10,10,0,0,0,3,1,1,10,1000,0,0,0,0,0,0,0,0,0,0,0,0,0,0,0,0,0,0,0,0,0,0,0,0,0,0,0,0,0,0,0,0,0,0,0,0,0,0,0,0,0,0,0,0,0,0,0,0,0,0,0
1986,29,1,42,3.389,2,7,1,0,1,0,1,1,25,1016,1016,1016,1016,0,0,0,0,0,1,1,0,0,0,-331.5839684,0,0,0,0,3,1,1,10,10,0,0,0,3,1,1,10,1000,0,0,0,0,0,0,0,0,0,0,0,0,0,0,0,0,0,0,0,0,0,0,0,0,0,0,0,0,0,0,0,0,0,0,0,0,0,0,0,0,0,0,0,0,0,0,0,0,0,0,0
1986,29,1,42,36.029,2,7,1,0,1,0,1,1,25,1016,1016,1016,1016,0,0,0,0,0,1,1,0,0,0,-331.6134651,0,0,0,0,3,1,1,10,10,0,0,0,3,1,1,10,1000,0,0,0,0,0,0,0,0,0,0,0,0,0,0,0,0,0,0,0,0,0,0,0,0,0,0,0,0,0,0,0,0,0,0,0,0,0,0,0,0,0,0,0,0,0,0,0,0,0,0,0
1986,29,1,43,24.029,2,7,1,0,1,0,1,1,25,1016,1016,1016,1016,0,0,0,0,0,1,1,0,0,0,-331.6568425,0,0,0,0,3,1,1,10,10,0,0,0,3,1,1,10,1000,0,0,0,0,0,0,0,0,0,0,0,0,0,0,0,0,0,0,0,0,0,0,0,0,0,0,0,0,0,0,0,0,0,0,0,0,0,0,0,0,0,0,0,0,0,0,0,0,0,0,0
1986,29,1,44,12.029,2,7,1,0,1,0,1,1,25,1016,1016,1016,1016,0,0,0,0,0,1,1,0,0,0,-331.7002199,0,0,0,0,3,1,1,10,10,0,0,0,3,1,1,10,1000,0,0,0,0,0,0,0,0,0,0,0,0,0,0,0,0,0,0,0,0,0,0,0,0,0,0,0,0,0,0,0,0,0,0,0,0,0,0,0,0,0,0,0,0,0,0,0,0,0,0,0
1986,29,1,45,0.029,2,7,1,0,1,0,1,1,25,1016,1016,1016,1016,0,0,0,0,0,1,1,0,0,0,-331.7435973,0,0,0,0,3,1,1,10,10,0,0,0,3,1,1,10,1000,0,0,0,0,0,0,0,0,0,0,0,0,0,0,0,0,0,0,0,0,0,0,0,0,0,0,0,0,0,0,0,0,0,0,0,0,0,0,0,0,0,0,0,0,0,0,0,0,0,0,0
1986,29,1,45,48.029,2,7,1,0,1,0,1,1,25,1016,1016,1016,1016,0,0,0,0,0,1,1,0,0,0,-331.7869746,0,0,0,0,3,1,1,10,10,0,0,0,3,1,1,10,1000,0,0,0,0,0,0,0,0,0,0,0,0,0,0,0,0,0,0,0,0,0,0,0,0,0,0,0,0,0,0,0,0,0,0,0,0,0,0,0,0,0,0,0,0,0,0,0,0,0,0,0
1986,29,1,46,36.029,2,7,1,0,1,0,1,1,25,1016,1016,1016,1016,0,0,0,0,0,1,1,0,0,0,-331.830352,0,0,0,0,3,1,1,10,10,0,0,0,3,1,1,10,1000,0,0,0,0,0,0,0,0,0,0,0,0,0,0,0,0,0,0,0,0,0,0,0,0,0,0,0,0,0,0,0,0,0,0,0,0,0,0,0,0,0,0,0,0,0,0,0,0,0,0,0
1986,29,1,47,24.029,2,7,1,0,1,0,1,1,25,1016,1016,1016,1016,0,0,0,0,0,1,1,0,0,0,-331.8737293,0,0,0,0,3,1,1,10,10,0,0,0,3,1,1,10,1000,0,0,0,0,0,0,0,0,0,0,0,0,0,0,0,0,0,0,0,0,0,0,0,0,0,0,0,0,0,0,0,0,0,0,0,0,0,0,0,0,0,0,0,0,0,0,0,0,0,0,0
1986,29,1,48,12.028,2,7,1,0,1,0,1,1,25,1016,1016,1016,1016,0,0,0,0,0,1,1,0,0,0,-331.9171056,0,0,0,0,3,1,1,10,10,0,0,0,3,1,1,10,1000,0,0,0,0,0,0,0,0,0,0,0,0,0,0,0,0,0,0,0,0,0,0,0,0,0,0,0,0,0,0,0,0,0,0,0,0,0,0,0,0,0,0,0,0,0,0,0,0,0,0,0
1986,29,1,49,0.028,2,7,1,0,1,0,1,1,25,1016,1016,1016,1016,0,0,0,0,0,1,1,0,0,0,-331.9604829,0,0,0,0,3,1,1,10,10,0,0,0,3,1,1,10,1000,0,0,0,0,0,0,0,0,0,0,0,0,0,0,0,0,0,0,0,0,0,0,0,0,0,0,0,0,0,0,0,0,0,0,0,0,0,0,0,0,0,0,0,0,0,0,0,0,0,0,0
1986,29,1,49,48.028,2,7,1,0,1,0,1,1,25,1016,1016,1016,1016,0,0,0,0,0,1,1,0,0,0,-332.0038601,0,0,0,0,3,1,1,10,10,0,0,0,3,1,1,10,1000,0,0,0,0,0,0,0,0,0,0,0,0,0,0,0,0,0,0,0,0,0,0,0,0,0,0,0,0,0,0,0,0,0,0,0,0,0,0,0,0,0,0,0,0,0,0,0,0,0,0,0
1986,29,1,50,36.028,2,7,1,0,1,0,1,1,25,1016,1016,1016,1016,0,0,0,0,0,1,1,0,0,0,-332.0472373,0,0,0,0,3,1,1,10,10,0,0,0,3,1,1,10,1000,0,0,0,0,0,0,0,0,0,0,0,0,0,0,0,0,0,0,0,0,0,0,0,0,0,0,0,0,0,0,0,0,0,0,0,0,0,0,0,0,0,0,0,0,0,0,0,0,0,0,0
1986,29,1,51,24.028,2,7,1,0,1,0,1,1,25,1016,1016,1016,1016,0,0,0,0,0,1,1,0,0,0,-332.0906145,0,0,0,0,3,1,1,10,10,0,0,0,3,1,1,10,1000,0,0,0,0,0,0,0,0,0,0,0,0,0,0,0,0,0,0,0,0,0,0,0,0,0,0,0,0,0,0,0,0,0,0,0,0,0,0,0,0,0,0,0,0,0,0,0,0,0,0,0
1986,29,1,54,3.388,2,7,1,0,1,0,1,1,25,1016,1016,1016,1016,0,0,0,0,0,1,1,0,0,0,-332.2346266,0,0,0,0,3,1,1,10,10,0,0,0,3,1,1,10,1000,0,0,0,0,0,0,0,0,0,0,0,0,0,0,0,0,0,0,0,0,0,0,0,0,0,0,0,0,0,0,0,0,0,0,0,0,0,0,0,0,0,0,0,0,0,0,0,0,0,0,0
1986,29,1,54,36.028,2,7,1,0,1,0,1,1,25,1016,1016,1016,1016,0,0,0,0,0,1,1,0,0,0,-332.264123,0,0,0,0,3,1,1,10,10,0,0,0,3,1,1,10,1000,0,0,0,0,0,0,0,0,0,0,0,0,0,0,0,0,0,0,0,0,0,0,0,0,0,0,0,0,0,0,0,0,0,0,0,0,0,0,0,0,0,0,0,0,0,0,0,0,0,0,0
1986,29,1,55,24.028,2,7,1,0,1,0,1,1,25,1016,1016,1016,1016,0,0,0,0,0,1,1,0,0,0,-332.3075,0,0,0,0,3,1,1,10,10,0,0,0,3,1,1,10,1000,0,0,0,0,0,0,0,0,0,0,0,0,0,0,0,0,0,0,0,0,0,0,0,0,0,0,0,0,0,0,0,0,0,0,0,0,0,0,0,0,0,0,0,0,0,0,0,0,0,0,0
1986,29,1,56,12.028,2,7,1,0,1,0,1,1,25,1016,1016,1016,1016,0,0,0,0,0,1,1,0,0,0,-332.3508771,0,0,0,0,3,1,1,10,10,0,0,0,3,1,1,10,1000,0,0,0,0,0,0,0,0,0,0,0,0,0,0,0,0,0,0,0,0,0,0,0,0,0,0,0,0,0,0,0,0,0,0,0,0,0,0,0,0,0,0,0,0,0,0,0,0,0,0,0
1986,29,1,57,0.028,2,7,1,0,1,0,1,1,25,1016,1016,1016,1016,0,0,0,0,0,1,1,0,0,0,-332.3942541,0,0,0,0,3,1,1,10,10,0,0,0,3,1,1,10,1000,0,0,0,0,0,0,0,0,0,0,0,0,0,0,0,0,0,0,0,0,0,0,0,0,0,0,0,0,0,0,0,0,0,0,0,0,0,0,0,0,0,0,0,0,0,0,0,0,0,0,0
1986,29,1,57,48.028,2,7,1,0,1,0,1,1,25,1016,1016,1016,1016,0,0,0,0,0,1,1,0,0,0,-332.4376311,0,0,0,0,3,1,1,10,10,0,0,0,3,1,1,10,1000,0,0,0,0,0,0,0,0,0,0,0,0,0,0,0,0,0,0,0,0,0,0,0,0,0,0,0,0,0,0,0,0,0,0,0,0,0,0,0,0,0,0,0,0,0,0,0,0,0,0,0
1986,29,1,58,36.028,2,7,1,0,1,0,1,1,25,1016,1016,1016,1016,0,0,0,0,0,1,1,0,0,0,-332.481008,0,0,0,0,3,1,1,10,10,0,0,0,3,1,1,10,1000,0,0,0,0,0,0,0,0,0,0,0,0,0,0,0,0,0,0,0,0,0,0,0,0,0,0,0,0,0,0,0,0,0,0,0,0,0,0,0,0,0,0,0,0,0,0,0,0,0,0,0
1986,29,1,59,24.028,2,7,1,0,1,0,1,1,25,1016,1016,1016,1016,0,0,0,0,0,1,1,0,0,0,-332.524385,0,0,0,0,3,1,1,10,10,0,0,0,3,1,1,10,1000,0,0,0,0,0,0,0,0,0,0,0,0,0,0,0,0,0,0,0,0,0,0,0,0,0,0,0,0,0,0,0,0,0,0,0,0,0,0,0,0,0,0,0,0,0,0,0,0,0,0,0
1986,29,2,0,12.028,2,7,1,0,1,0,1,1,25,1016,1016,1016,1016,0,0,0,0,0,1,1,0,0,0,-332.5677619,0,0,0,0,3,1,1,10,10,0,0,0,3,1,1,10,1000,0,0,0,0,0,0,0,0,0,0,0,0,0,0,0,0,0,0,0,0,0,0,0,0,0,0,0,0,0,0,0,0,0,0,0,0,0,0,0,0,0,0,0,0,0,0,0,0,0,0,0
1986,29,2,1,0.028,2,7,1,0,1,0,1,1,25,1016,1016,1016,1016,0,0,0,0,0,1,1,0,0,0,-332.6111388,0,0,0,0,3,1,1,10,10,0,0,0,3,1,1,10,1000,0,0,0,0,0,0,0,0,0,0,0,0,0,0,0,0,0,0,0,0,0,0,0,0,0,0,0,0,0,0,0,0,0,0,0,0,0,0,0,0,0,0,0,0,0,0,0,0,0,0,0
1986,29,2,1,48.028,2,7,1,0,1,0,1,1,25,1016,1016,1016,1016,0,0,0,0,0,1,1,0,0,0,-332.6545156,0,0,0,0,3,1,1,10,10,0,0,0,3,1,1,10,1000,0,0,0,0,0,0,0,0,0,0,0,0,0,0,0,0,0,0,0,0,0,0,0,0,0,0,0,0,0,0,0,0,0,0,0,0,0,0,0,0,0,0,0,0,0,0,0,0,0,0,0
1986,29,2,2,36.028,2,7,1,0,1,0,1,1,25,1016,1016,1016,1016,0,0,0,0,0,1,1,0,0,0,-332.6978925,0,0,0,0,3,1,1,10,10,0,0,0,3,1,1,10,1000,0,0,0,0,0,0,0,0,0,0,0,0,0,0,0,0,0,0,0,0,0,0,0,0,0,0,0,0,0,0,0,0,0,0,0,0,0,0,0,0,0,0,0,0,0,0,0,0,0,0,0
1986,29,2,3,24.027,2,7,1,0,1,0,1,1,25,1016,1016,1016,1016,0,0,0,0,0,1,1,0,0,0,-332.7412684,0,0,0,0,3,1,1,10,10,0,0,0,3,1,1,10,1000,0,0,0,0,0,0,0,0,0,0,0,0,0,0,0,0,0,0,0,0,0,0,0,0,0,0,0,0,0,0,0,0,0,0,0,0,0,0,0,0,0,0,0,0,0,0,0,0,0,0,0
1986,29,2,6,3.387,2,7,1,0,1,0,1,1,25,1016,1016,1016,1016,0,0,0,0,0,1,1,0,0,0,-332.8852793,0,0,0,0,3,1,1,10,10,0,0,0,3,1,1,10,1000,0,0,0,0,0,0,0,0,0,0,0,0,0,0,0,0,0,0,0,0,0,0,0,0,0,0,0,0,0,0,0,0,0,0,0,0,0,0,0,0,0,0,0,0,0,0,0,0,0,0,0
1986,29,2,6,36.027,2,7,1,0,1,0,1,1,25,1016,1016,1016,1016,0,0,0,0,0,1,1,0,0,0,-332.9147754,0,0,0,0,3,1,1,10,10,0,0,0,3,1,1,10,1000,0,0,0,0,0,0,0,0,0,0,0,0,0,0,0,0,0,0,0,0,0,0,0,0,0,0,0,0,0,0,0,0,0,0,0,0,0,0,0,0,0,0,0,0,0,0,0,0,0,0,0
1986,29,2,7,24.027,2,7,1,0,1,0,1,1,25,1016,1016,1016,1016,0,0,0,0,0,1,1,0,0,0,-332.9581521,0,0,0,0,3,1,1,10,10,0,0,0,3,1,1,10,1000,0,0,0,0,0,0,0,0,0,0,0,0,0,0,0,0,0,0,0,0,0,0,0,0,0,0,0,0,0,0,0,0,0,0,0,0,0,0,0,0,0,0,0,0,0,0,0,0,0,0,0
1986,29,2,8,12.027,2,7,1,0,1,0,1,1,25,1016,1016,1016,1016,0,0,0,0,0,1,1,0,0,0,-333.0015288,0,0,0,0,3,1,1,10,10,0,0,0,3,1,1,10,1000,0,0,0,0,0,0,0,0,0,0,0,0,0,0,0,0,0,0,0,0,0,0,0,0,0,0,0,0,0,0,0,0,0,0,0,0,0,0,0,0,0,0,0,0,0,0,0,0,0,0,0
1986,29,2,9,0.027,2,7,1,0,1,0,1,1,25,1016,1016,1016,1016,0,0,0,0,0,1,1,0,0,0,-333.0449054,0,0,0,0,3,1,1,10,10,0,0,0,3,1,1,10,1000,0,0,0,0,0,0,0,0,0,0,0,0,0,0,0,0,0,0,0,0,0,0,0,0,0,0,0,0,0,0,0,0,0,0,0,0,0,0,0,0,0,0,0,0,0,0,0,0,0,0,0
1986,29,2,9,48.027,2,7,1,0,1,0,1,1,25,1016,1016,1016,1016,0,0,0,0,0,1,1,0,0,0,-333.0882821,0,0,0,0,3,1,1,10,10,0,0,0,3,1,1,10,1000,0,0,0,0,0,0,0,0,0,0,0,0,0,0,0,0,0,0,0,0,0,0,0,0,0,0,0,0,0,0,0,0,0,0,0,0,0,0,0,0,0,0,0,0,0,0,0,0,0,0,0
1986,29,2,10,36.027,2,7,1,0,1,0,1,1,25,1016,1016,1016,1016,0,0,0,0,0,1,1,0,0,0,-333.1316587,0,0,0,0,3,1,1,10,10,0,0,0,3,1,1,10,1000,0,0,0,0,0,0,0,0,0,0,0,0,0,0,0,0,0,0,0,0,0,0,0,0,0,0,0,0,0,0,0,0,0,0,0,0,0,0,0,0,0,0,0,0,0,0,0,0,0,0,0
1986,29,2,11,24.027,2,7,1,0,1,0,1,1,25,1016,1016,1016,1016,0,0,0,0,0,1,1,0,0,0,-333.1750352,0,0,0,0,3,1,1,10,10,0,0,0,3,1,1,10,1000,0,0,0,0,0,0,0,0,0,0,0,0,0,0,0,0,0,0,0,0,0,0,0,0,0,0,0,0,0,0,0,0,0,0,0,0,0,0,0,0,0,0,0,0,0,0,0,0,0,0,0
1986,29,2,12,12.027,2,7,1,0,1,0,1,1,25,1016,1016,1016,1016,0,0,0,0,0,1,1,0,0,0,-333.2184118,0,0,0,0,3,1,1,10,10,0,0,0,3,1,1,10,1000,0,0,0,0,0,0,0,0,0,0,0,0,0,0,0,0,0,0,0,0,0,0,0,0,0,0,0,0,0,0,0,0,0,0,0,0,0,0,0,0,0,0,0,0,0,0,0,0,0,0,0
1986,29,2,13,0.027,2,7,1,0,1,0,1,1,25,1016,1016,1016,1016,0,0,0,0,0,1,1,0,0,0,-333.2617883,0,0,0,0,3,1,1,10,10,0,0,0,3,1,1,10,1000,0,0,0,0,0,0,0,0,0,0,0,0,0,0,0,0,0,0,0,0,0,0,0,0,0,0,0,0,0,0,0,0,0,0,0,0,0,0,0,0,0,0,0,0,0,0,0,0,0,0,0
1986,29,2,13,48.027,2,7,1,0,1,0,1,1,25,1016,1016,1016,1016,0,0,0,0,0,1,1,0,0,0,-333.3051648,0,0,0,0,3,1,1,10,10,0,0,0,3,1,1,10,1000,0,0,0,0,0,0,0,0,0,0,0,0,0,0,0,0,0,0,0,0,0,0,0,0,0,0,0,0,0,0,0,0,0,0,0,0,0,0,0,0,0,0,0,0,0,0,0,0,0,0,0
1986,29,2,14,36.027,2,7,1,0,1,0,1,1,25,1016,1016,1016,1016,0,0,0,0,0,1,1,0,0,0,-333.3485413,0,0,0,0,3,1,1,10,10,0,0,0,3,1,1,10,1000,0,0,0,0,0,0,0,0,0,0,0,0,0,0,0,0,0,0,0,0,0,0,0,0,0,0,0,0,0,0,0,0,0,0,0,0,0,0,0,0,0,0,0,0,0,0,0,0,0,0,0
1986,29,2,15,24.027,2,7,1,0,1,0,1,1,25,1016,1016,1016,1016,0,0,0,0,0,1,1,0,0,0,-333.3919177,0,0,0,0,3,1,1,10,10,0,0,0,3,1,1,10,1000,0,0,0,0,0,0,0,0,0,0,0,0,0,0,0,0,0,0,0,0,0,0,0,0,0,0,0,0,0,0,0,0,0,0,0,0,0,0,0,0,0,0,0,0,0,0,0,0,0,0,0
1986,29,2,18,3.386,2,7,1,0,1,0,1,1,25,1016,1016,1016,1016,0,0,0,0,0,1,1,0,0,0,-333.5359265,0,0,0,0,3,1,1,10,10,0,0,0,3,1,1,10,1000,0,0,0,0,0,0,0,0,0,0,0,0,0,0,0,0,0,0,0,0,0,0,0,0,0,0,0,0,0,0,0,0,0,0,0,0,0,0,0,0,0,0,0,0,0,0,0,0,0,0,0
1986,29,2,18,36.026,2,7,1,0,1,0,1,1,25,1016,1016,1016,1016,0,0,0,0,0,1,1,0,0,0,-333.5654224,0,0,0,0,3,1,1,10,10,0,0,0,3,1,1,10,1000,0,0,0,0,0,0,0,0,0,0,0,0,0,0,0,0,0,0,0,0,0,0,0,0,0,0,0,0,0,0,0,0,0,0,0,0,0,0,0,0,0,0,0,0,0,0,0,0,0,0,0
1986,29,2,19,24.026,2,7,1,0,1,0,1,1,25,1016,1016,1016,1016,0,0,0,0,0,1,1,0,0,0,-333.6087987,0,0,0,0,3,1,1,10,10,0,0,0,3,1,1,10,1000,0,0,0,0,0,0,0,0,0,0,0,0,0,0,0,0,0,0,0,0,0,0,0,0,0,0,0,0,0,0,0,0,0,0,0,0,0,0,0,0,0,0,0,0,0,0,0,0,0,0,0
1986,29,2,20,12.026,2,7,1,0,1,0,1,1,25,1016,1016,1016,1016,0,0,0,0,0,1,1,0,0,0,-333.652175,0,0,0,0,3,1,1,10,10,0,0,0,3,1,1,10,1000,0,0,0,0,0,0,0,0,0,0,0,0,0,0,0,0,0,0,0,0,0,0,0,0,0,0,0,0,0,0,0,0,0,0,0,0,0,0,0,0,0,0,0,0,0,0,0,0,0,0,0
1986,29,2,21,0.026,2,7,1,0,1,0,1,1,25,1016,1016,1016,1016,0,0,0,0,0,1,1,0,0,0,-333.6955513,0,0,0,0,3,1,1,10,10,0,0,0,3,1,1,10,1000,0,0,0,0,0,0,0,0,0,0,0,0,0,0,0,0,0,0,0,0,0,0,0,0,0,0,0,0,0,0,0,0,0,0,0,0,0,0,0,0,0,0,0,0,0,0,0,0,0,0,0
1986,29,2,21,48.026,2,7,1,0,1,0,1,1,25,1016,1016,1016,1016,0,0,0,0,0,1,1,0,0,0,-333.7389276,0,0,0,0,3,1,1,10,10,0,0,0,3,1,1,10,1000,0,0,0,0,0,0,0,0,0,0,0,0,0,0,0,0,0,0,0,0,0,0,0,0,0,0,0,0,0,0,0,0,0,0,0,0,0,0,0,0,0,0,0,0,0,0,0,0,0,0,0
1986,29,2,22,36.026,2,7,1,0,1,0,1,1,25,1016,1016,1016,1016,0,0,0,0,0,1,1,0,0,0,-333.7823038,0,0,0,0,3,1,1,10,10,0,0,0,3,1,1,10,1000,0,0,0,0,0,0,0,0,0,0,0,0,0,0,0,0,0,0,0,0,0,0,0,0,0,0,0,0,0,0,0,0,0,0,0,0,0,0,0,0,0,0,0,0,0,0,0,0,0,0,0
1986,29,2,23,24.026,2,7,1,0,1,0,1,1,25,1016,1016,1016,1016,0,0,0,0,0,1,1,0,0,0,-333.82568,0,0,0,0,3,1,1,10,10,0,0,0,3,1,1,10,1000,0,0,0,0,0,0,0,0,0,0,0,0,0,0,0,0,0,0,0,0,0,0,0,0,0,0,0,0,0,0,0,0,0,0,0,0,0,0,0,0,0,0,0,0,0,0,0,0,0,0,0
1986,29,2,24,12.026,2,7,1,0,1,0,1,1,25,1016,1016,1016,1016,0,0,0,0,0,1,1,0,0,0,-333.8690562,0,0,0,0,3,1,1,10,10,0,0,0,3,1,1,10,1000,0,0,0,0,0,0,0,0,0,0,0,0,0,0,0,0,0,0,0,0,0,0,0,0,0,0,0,0,0,0,0,0,0,0,0,0,0,0,0,0,0,0,0,0,0,0,0,0,0,0,0
1986,29,2,25,0.026,2,7,1,0,1,0,1,1,25,1016,1016,1016,1016,0,0,0,0,0,1,1,0,0,0,-333.9124324,0,0,0,0,3,1,1,10,10,0,0,0,3,1,1,10,1000,0,0,0,0,0,0,0,0,0,0,0,0,0,0,0,0,0,0,0,0,0,0,0,0,0,0,0,0,0,0,0,0,0,0,0,0,0,0,0,0,0,0,0,0,0,0,0,0,0,0,0
1986,29,2,25,48.026,2,7,1,0,1,0,1,1,25,1016,1016,1016,1016,0,0,0,0,0,1,1,0,0,0,-333.9558085,0,0,0,0,3,1,1,10,10,0,0,0,3,1,1,10,1000,0,0,0,0,0,0,0,0,0,0,0,0,0,0,0,0,0,0,0,0,0,0,0,0,0,0,0,0,0,0,0,0,0,0,0,0,0,0,0,0,0,0,0,0,0,0,0,0,0,0,0
1986,29,2,26,36.026,2,7,1,0,1,0,1,1,25,1016,1016,1016,1016,0,0,0,0,0,1,1,0,0,0,-333.9991846,0,0,0,0,3,1,1,10,10,0,0,0,3,1,1,10,1000,0,0,0,0,0,0,0,0,0,0,0,0,0,0,0,0,0,0,0,0,0,0,0,0,0,0,0,0,0,0,0,0,0,0,0,0,0,0,0,0,0,0,0,0,0,0,0,0,0,0,0
1986,29,2,27,24.026,2,7,1,0,1,0,1,1,25,1016,1016,1016,1016,0,0,0,0,0,1,1,0,0,0,-334.0425607,0,0,0,0,3,1,1,10,10,0,0,0,3,1,1,10,1000,0,0,0,0,0,0,0,0,0,0,0,0,0,0,0,0,0,0,0,0,0,0,0,0,0,0,0,0,0,0,0,0,0,0,0,0,0,0,0,0,0,0,0,0,0,0,0,0,0,0,0
1986,29,2,30,3.386,2,7,1,0,1,0,1,1,25,1016,1016,1016,1016,0,0,0,0,0,1,1,0,0,0,-334.1865692,0,0,0,0,3,1,1,10,10,0,0,0,3,1,1,10,1000,0,0,0,0,0,0,0,0,0,0,0,0,0,0,0,0,0,0,0,0,0,0,0,0,0,0,0,0,0,0,0,0,0,0,0,0,0,0,0,0,0,0,0,0,0,0,0,0,0,0,0
1986,29,2,30,36.026,2,7,1,0,1,0,1,1,25,1016,1016,1016,1016,0,0,0,0,0,1,1,0,0,0,-334.2160648,0,0,0,0,3,1,1,10,10,0,0,0,3,1,1,10,1000,0,0,0,0,0,0,0,0,0,0,0,0,0,0,0,0,0,0,0,0,0,0,0,0,0,0,0,0,0,0,0,0,0,0,0,0,0,0,0,0,0,0,0,0,0,0,0,0,0,0,0
1986,29,2,31,24.026,2,7,1,0,1,0,1,1,25,1016,1016,1016,1016,0,0,0,0,0,1,1,0,0,0,-334.2594408,0,0,0,0,3,1,1,10,10,0,0,0,3,1,1,10,1000,0,0,0,0,0,0,0,0,0,0,0,0,0,0,0,0,0,0,0,0,0,0,0,0,0,0,0,0,0,0,0,0,0,0,0,0,0,0,0,0,0,0,0,0,0,0,0,0,0,0,0
1986,29,2,32,12.026,2,7,1,0,1,0,1,1,25,1016,1016,1016,1016,0,0,0,0,0,1,1,0,0,0,-334.3028168,0,0,0,0,3,1,1,10,10,0,0,0,3,1,1,10,1000,0,0,0,0,0,0,0,0,0,0,0,0,0,0,0,0,0,0,0,0,0,0,0,0,0,0,0,0,0,0,0,0,0,0,0,0,0,0,0,0,0,0,0,0,0,0,0,0,0,0,0
1986,29,2,33,0.026,2,7,1,0,1,0,1,1,25,1016,1016,1016,1016,0,0,0,0,0,1,1,0,0,0,-334.3461927,0,0,0,0,3,1,1,10,10,0,0,0,3,1,1,10,1000,0,0,0,0,0,0,0,0,0,0,0,0,0,0,0,0,0,0,0,0,0,0,0,0,0,0,0,0,0,0,0,0,0,0,0,0,0,0,0,0,0,0,0,0,0,0,0,0,0,0,0
1986,29,2,33,48.025,2,7,1,0,1,0,1,1,25,1016,1016,1016,1016,0,0,0,0,0,1,1,0,0,0,-334.3895677,0,0,0,0,3,1,1,10,10,0,0,0,3,1,1,10,1000,0,0,0,0,0,0,0,0,0,0,0,0,0,0,0,0,0,0,0,0,0,0,0,0,0,0,0,0,0,0,0,0,0,0,0,0,0,0,0,0,0,0,0,0,0,0,0,0,0,0,0
1986,29,2,34,36.025,2,7,1,0,1,0,1,1,25,1016,1016,1016,1016,0,0,0,0,0,1,1,0,0,0,-334.4329436,0,0,0,0,3,1,1,10,10,0,0,0,3,1,1,10,1000,0,0,0,0,0,0,0,0,0,0,0,0,0,0,0,0,0,0,0,0,0,0,0,0,0,0,0,0,0,0,0,0,0,0,0,0,0,0,0,0,0,0,0,0,0,0,0,0,0,0,0
1986,29,2,50,36.024,2,7,1,0,1,0,1,1,25,1016,1016,1016,1016,0,0,0,0,0,1,1,0,0,0,-335.3004551,0,0,0,0,3,1,1,10,10,0,0,0,3,1,1,10,1000,0,0,0,0,0,0,0,0,0,0,0,0,0,0,0,0,0,0,0,0,0,0,0,0,0,0,0,0,0,0,0,0,0,0,0,0,0,0,0,0,0,0,0,0,0,0,0,0,0,0,0
1986,29,2,55,24.024,2,7,1,0,1,0,1,1,25,1016,1016,1016,1016,0,0,0,0,0,1,1,0,0,0,-335.560707,0,0,0,0,3,1,1,10,10,0,0,0,3,1,1,10,1000,0,0,0,0,0,0,0,0,0,0,0,0,0,0,0,0,0,0,0,0,0,0,0,0,0,0,0,0,0,0,0,0,0,0,0,0,0,0,0,0,0,0,0,0,0,0,0,0,0,0,0
1986,29,2,56,12.024,2,7,1,0,1,0,1,1,25,1016,1016,1016,1016,0,0,0,0,0,1,1,0,0,0,-335.6040822,0,0,0,0,3,1,1,10,10,0,0,0,3,1,1,10,1000,0,0,0,0,0,0,0,0,0,0,0,0,0,0,0,0,0,0,0,0,0,0,0,0,0,0,0,0,0,0,0,0,0,0,0,0,0,0,0,0,0,0,0,0,0,0,0,0,0,0,0
1986,29,2,57,0.024,2,7,1,0,1,0,1,1,25,1016,1016,1016,1016,0,0,0,0,0,1,1,0,0,0,-335.6474574,0,0,0,0,3,1,1,10,10,0,0,0,3,1,1,10,1000,0,0,0,0,0,0,0,0,0,0,0,0,0,0,0,0,0,0,0,0,0,0,0,0,0,0,0,0,0,0,0,0,0,0,0,0,0,0,0,0,0,0,0,0,0,0,0,0,0,0,0
1986,29,2,57,48.024,2,7,1,0,1,0,1,1,25,1016,1016,1016,1016,0,0,0,0,0,1,1,0,0,0,-335.6908326,0,0,0,0,3,1,1,10,10,0,0,0,3,1,1,10,1000,0,0,0,0,0,0,0,0,0,0,0,0,0,0,0,0,0,0,0,0,0,0,0,0,0,0,0,0,0,0,0,0,0,0,0,0,0,0,0,0,0,0,0,0,0,0,0,0,0,0,0
1986,29,2,58,36.024,2,7,1,0,1,0,1,1,25,1016,1016,1016,1016,0,0,0,0,0,1,1,0,0,0,-335.7342077,0,0,0,0,3,1,1,10,10,0,0,0,3,1,1,10,1000,0,0,0,0,0,0,0,0,0,0,0,0,0,0,0,0,0,0,0,0,0,0,0,0,0,0,0,0,0,0,0,0,0,0,0,0,0,0,0,0,0,0,0,0,0,0,0,0,0,0,0
1986,29,2,59,24.024,2,7,1,0,1,0,1,1,25,1016,1016,1016,1016,0,0,0,0,0,1,1,0,0,0,-335.7775829,0,0,0,0,3,1,1,10,10,0,0,0,3,1,1,10,1000,0,0,0,0,0,0,0,0,0,0,0,0,0,0,0,0,0,0,0,0,0,0,0,0,0,0,0,0,0,0,0,0,0,0,0,0,0,0,0,0,0,0,0,0,0,0,0,0,0,0,0
1986,29,3,0,12.024,2,7,1,0,1,0,1,1,25,1016,1016,1016,1016,0,0,0,0,0,1,1,0,0,0,-335.820958,0,0,0,0,3,1,1,10,10,0,0,0,3,1,1,10,1000,0,0,0,0,0,0,0,0,0,0,0,0,0,0,0,0,0,0,0,0,0,0,0,0,0,0,0,0,0,0,0,0,0,0,0,0,0,0,0,0,0,0,0,0,0,0,0,0,0,0,0
1986,29,3,1,0.024,2,7,1,0,1,0,1,1,25,1016,1016,1016,1016,0,0,0,0,0,1,1,0,0,0,-335.8643331,0,0,0,0,3,1,1,10,10,0,0,0,3,1,1,10,1000,0,0,0,0,0,0,0,0,0,0,0,0,0,0,0,0,0,0,0,0,0,0,0,0,0,0,0,0,0,0,0,0,0,0,0,0,0,0,0,0,0,0,0,0,0,0,0,0,0,0,0
1986,29,3,1,48.024,2,7,1,0,1,0,1,1,25,1016,1016,1016,1016,0,0,0,0,0,1,1,0,0,0,-335.9077081,0,0,0,0,3,1,1,10,10,0,0,0,3,1,1,10,1000,0,0,0,0,0,0,0,0,0,0,0,0,0,0,0,0,0,0,0,0,0,0,0,0,0,0,0,0,0,0,0,0,0,0,0,0,0,0,0,0,0,0,0,0,0,0,0,0,0,0,0
1986,29,3,2,36.024,2,7,1,0,1,0,1,1,25,1016,1016,1016,1016,0,0,0,0,0,1,1,0,0,0,-335.9510832,0,0,0,0,3,1,1,10,10,0,0,0,3,1,1,10,1000,0,0,0,0,0,0,0,0,0,0,0,0,0,0,0,0,0,0,0,0,0,0,0,0,0,0,0,0,0,0,0,0,0,0,0,0,0,0,0,0,0,0,0,0,0,0,0,0,0,0,0
1986,29,3,3,24.024,2,7,1,0,1,0,1,1,25,1016,1016,1016,1016,0,0,0,0,0,1,1,0,0,0,-335.9944582,0,0,0,0,3,1,1,10,10,0,0,0,3,1,1,10,1000,0,0,0,0,0,0,0,0,0,0,0,0,0,0,0,0,0,0,0,0,0,0,0,0,0,0,0,0,0,0,0,0,0,0,0,0,0,0,0,0,0,0,0,0,0,0,0,0,0,0,0
1986,29,3,6,3.383,2,7,1,0,1,0,1,1,25,1016,1016,1016,1016,0,0,0,0,0,1,1,0,0,0,-336.1384621,0,0,0,0,3,1,1,10,10,0,0,0,3,1,1,10,1000,0,0,0,0,0,0,0,0,0,0,0,0,0,0,0,0,0,0,0,0,0,0,0,0,0,0,0,0,0,0,0,0,0,0,0,0,0,0,0,0,0,0,0,0,0,0,0,0,0,0,0
1986,29,3,6,36.023,2,7,1,0,1,0,1,1,25,1016,1016,1016,1016,0,0,0,0,0,1,1,0,0,0,-336.1679571,0,0,0,0,3,1,1,10,10,0,0,0,3,1,1,10,1000,0,0,0,0,0,0,0,0,0,0,0,0,0,0,0,0,0,0,0,0,0,0,0,0,0,0,0,0,0,0,0,0,0,0,0,0,0,0,0,0,0,0,0,0,0,0,0,0,0,0,0
1986,29,3,7,24.023,2,7,1,0,1,0,1,1,25,1016,1016,1016,1016,0,0,0,0,0,1,1,0,0,0,-336.211332,0,0,0,0,3,1,1,10,10,0,0,0,3,1,1,10,1000,0,0,0,0,0,0,0,0,0,0,0,0,0,0,0,0,0,0,0,0,0,0,0,0,0,0,0,0,0,0,0,0,0,0,0,0,0,0,0,0,0,0,0,0,0,0,0,0,0,0,0
1986,29,3,8,12.023,2,7,1,0,1,0,1,1,25,1016,1016,1016,1016,0,0,0,0,0,1,1,0,0,0,-336.2547068,0,0,0,0,3,1,1,10,10,0,0,0,3,1,1,10,1000,0,0,0,0,0,0,0,0,0,0,0,0,0,0,0,0,0,0,0,0,0,0,0,0,0,0,0,0,0,0,0,0,0,0,0,0,0,0,0,0,0,0,0,0,0,0,0,0,0,0,0
1986,29,3,9,0.023,2,7,1,0,1,0,1,1,25,1016,1016,1016,1016,0,0,0,0,0,1,1,0,0,0,-336.2980817,0,0,0,0,3,1,1,10,10,0,0,0,3,1,1,10,1000,0,0,0,0,0,0,0,0,0,0,0,0,0,0,0,0,0,0,0,0,0,0,0,0,0,0,0,0,0,0,0,0,0,0,0,0,0,0,0,0,0,0,0,0,0,0,0,0,0,0,0
1986,29,3,13,48.023,2,7,1,0,1,0,1,1,25,1016,1016,1016,1016,0,0,0,0,0,1,1,0,0,0,-336.5583303,0,0,0,0,3,1,1,10,10,0,0,0,3,1,1,10,1000,0,0,0,0,0,0,0,0,0,0,0,0,0,0,0,0,0,0,0,0,0,0,0,0,0,0,0,0,0,0,0,0,0,0,0,0,0,0,0,0,0,0,0,0,0,0,0,0,0,0,0
1986,29,3,18,3.382,2,7,1,0,1,0,1,1,25,1016,1016,1016,1016,0,0,0,0,0,1,1,0,0,0,-336.7890824,0,0,0,0,3,1,1,10,10,0,0,0,3,1,1,10,1000,0,0,0,0,0,0,0,0,0,0,0,0,0,0,0,0,0,0,0,0,0,0,0,0,0,0,0,0,0,0,0,0,0,0,0,0,0,0,0,0,0,0,0,0,0,0,0,0,0,0,0
1986,29,3,18,36.022,2,7,1,0,1,0,1,1,25,1016,1016,1016,1016,0,0,0,0,0,1,1,0,0,0,-336.8185771,0,0,0,0,3,1,1,10,10,0,0,0,3,1,1,10,1000,0,0,0,0,0,0,0,0,0,0,0,0,0,0,0,0,0,0,0,0,0,0,0,0,0,0,0,0,0,0,0,0,0,0,0,0,0,0,0,0,0,0,0,0,0,0,0,0,0,0,0
1986,29,3,20,12.022,2,7,1,0,1,0,1,1,25,1016,1016,1016,1016,0,0,0,0,0,1,1,0,0,0,-336.9053261,0,0,0,0,3,1,1,10,10,0,0,0,3,1,1,10,1000,0,0,0,0,0,0,0,0,0,0,0,0,0,0,0,0,0,0,0,0,0,0,0,0,0,0,0,0,0,0,0,0,0,0,0,0,0,0,0,0,0,0,0,0,0,0,0,0,0,0,0
1986,29,3,21,0.022,2,7,1,0,1,0,1,1,25,1016,1016,1016,1016,0,0,0,0,0,1,1,0,0,0,-336.9487006,0,0,0,0,3,1,1,10,10,0,0,0,3,1,1,10,1000,0,0,0,0,0,0,0,0,0,0,0,0,0,0,0,0,0,0,0,0,0,0,0,0,0,0,0,0,0,0,0,0,0,0,0,0,0,0,0,0,0,0,0,0,0,0,0,0,0,0,0
1986,29,3,21,48.022,2,7,1,0,1,0,1,1,25,1016,1016,1016,1016,0,0,0,0,0,1,1,0,0,0,-336.9920751,0,0,0,0,3,1,1,10,10,0,0,0,3,1,1,10,1000,0,0,0,0,0,0,0,0,0,0,0,0,0,0,0,0,0,0,0,0,0,0,0,0,0,0,0,0,0,0,0,0,0,0,0,0,0,0,0,0,0,0,0,0,0,0,0,0,0,0,0
1986,29,3,23,24.022,2,7,1,0,1,0,1,1,25,1016,1016,1016,1016,0,0,0,0,0,1,1,0,0,0,-337.078824,0,0,0,0,3,1,1,10,10,0,0,0,3,1,1,10,1000,0,0,0,0,0,0,0,0,0,0,0,0,0,0,0,0,0,0,0,0,0,0,0,0,0,0,0,0,0,0,0,0,0,0,0,0,0,0,0,0,0,0,0,0,0,0,0,0,0,0,0
1986,29,3,27,24.022,2,7,1,0,1,0,1,1,25,1016,1016,1016,1016,0,0,0,0,0,1,1,0,0,0,-337.2956957,0,0,0,0,3,1,1,10,10,0,0,0,3,1,1,10,1000,0,0,0,0,0,0,0,0,0,0,0,0,0,0,0,0,0,0,0,0,0,0,0,0,0,0,0,0,0,0,0,0,0,0,0,0,0,0,0,0,0,0,0,0,0,0,0,0,0,0,0
1986,29,4,33,0.018,2,7,1,0,1,0,1,1,25,1016,1016,1016,1016,0,0,0,0,0,1,1,0,0,0,-340.8523051,0,0,0,0,3,1,1,10,10,0,0,0,3,1,1,10,1000,0,0,0,0,0,0,0,0,0,0,0,0,0,0,0,0,0,0,0,0,0,0,0,0,0,0,0,0,0,0,0,0,0,0,0,0,0,0,0,0,0,0,0,0,0,0,0,0,0,0,0
1986,29,4,33,48.018,2,7,1,0,1,0,1,1,25,1016,1016,1016,1016,0,0,0,0,0,1,1,0,0,0,-340.8956774,0,0,0,0,3,1,1,10,10,0,0,0,3,1,1,10,1000,0,0,0,0,0,0,0,0,0,0,0,0,0,0,0,0,0,0,0,0,0,0,0,0,0,0,0,0,0,0,0,0,0,0,0,0,0,0,0,0,0,0,0,0,0,0,0,0,0,0,0
1986,29,4,35,24.017,2,7,1,0,1,0,1,1,25,1016,1016,1016,1016,0,0,0,0,0,1,1,0,0,0,-340.9824212,0,0,0,0,3,1,1,10,10,0,0,0,3,1,1,10,1000,0,0,0,0,0,0,0,0,0,0,0,0,0,0,0,0,0,0,0,0,0,0,0,0,0,0,0,0,0,0,0,0,0,0,0,0,0,0,0,0,0,0,0,0,0,0,0,0,0,0,0
1986,29,4,36,12.017,2,7,1,0,1,0,1,1,25,1016,1016,1016,1016,0,0,0,0,0,1,1,0,0,0,-341.0257935,0,0,0,0,3,1,1,10,10,0,0,0,3,1,1,10,1000,0,0,0,0,0,0,0,0,0,0,0,0,0,0,0,0,0,0,0,0,0,0,0,0,0,0,0,0,0,0,0,0,0,0,0,0,0,0,0,0,0,0,0,0,0,0,0,0,0,0,0
1986,29,4,37,0.017,2,7,1,0,1,0,1,1,25,1016,1016,1016,1016,0,0,0,0,0,1,1,0,0,0,-341.0691658,0,0,0,0,3,1,1,10,10,0,0,0,3,1,1,10,1000,0,0,0,0,0,0,0,0,0,0,0,0,0,0,0,0,0,0,0,0,0,0,0,0,0,0,0,0,0,0,0,0,0,0,0,0,0,0,0,0,0,0,0,0,0,0,0,0,0,0,0
1986,29,4,37,48.017,2,7,1,0,1,0,1,1,25,1016,1016,1016,1016,0,0,0,0,0,1,1,0,0,0,-341.112538,0,0,0,0,3,1,1,10,10,0,0,0,3,1,1,10,1000,0,0,0,0,0,0,0,0,0,0,0,0,0,0,0,0,0,0,0,0,0,0,0,0,0,0,0,0,0,0,0,0,0,0,0,0,0,0,0,0,0,0,0,0,0,0,0,0,0,0,0
1986,29,4,38,36.017,2,7,1,0,1,0,1,1,25,1016,1016,1016,1016,0,0,0,0,0,1,1,0,0,0,-341.1559102,0,0,0,0,3,1,1,10,10,0,0,0,3,1,1,10,1000,0,0,0,0,0,0,0,0,0,0,0,0,0,0,0,0,0,0,0,0,0,0,0,0,0,0,0,0,0,0,0,0,0,0,0,0,0,0,0,0,0,0,0,0,0,0,0,0,0,0,0
1986,29,4,39,24.017,2,7,1,0,1,0,1,1,25,1016,1016,1016,1016,0,0,0,0,0,1,1,0,0,0,-341.1992824,0,0,0,0,3,1,1,10,10,0,0,0,3,1,1,10,1000,0,0,0,0,0,0,0,0,0,0,0,0,0,0,0,0,0,0,0,0,0,0,0,0,0,0,0,0,0,0,0,0,0,0,0,0,0,0,0,0,0,0,0,0,0,0,0,0,0,0,0
1986,29,4,42,3.377,2,7,1,0,1,0,1,1,25,1016,1016,1016,1016,0,0,0,0,0,1,1,0,0,0,-341.343278,0,0,0,0,3,1,1,10,10,0,0,0,3,1,1,10,1000,0,0,0,0,0,0,0,0,0,0,0,0,0,0,0,0,0,0,0,0,0,0,0,0,0,0,0,0,0,0,0,0,0,0,0,0,0,0,0,0,0,0,0,0,0,0,0,0,0,0,0
1986,29,4,42,36.017,2,7,1,0,1,0,1,1,25,1016,1016,1016,1016,0,0,0,0,0,1,1,0,0,0,-341.372771,0,0,0,0,3,1,1,10,10,0,0,0,3,1,1,10,1000,0,0,0,0,0,0,0,0,0,0,0,0,0,0,0,0,0,0,0,0,0,0,0,0,0,0,0,0,0,0,0,0,0,0,0,0,0,0,0,0,0,0,0,0,0,0,0,0,0,0,0
1986,29,4,43,24.017,2,7,1,0,1,0,1,1,25,1016,1016,1016,1016,0,0,0,0,0,1,1,0,0,0,-341.4161431,0,0,0,0,3,1,1,10,10,0,0,0,3,1,1,10,1000,0,0,0,0,0,0,0,0,0,0,0,0,0,0,0,0,0,0,0,0,0,0,0,0,0,0,0,0,0,0,0,0,0,0,0,0,0,0,0,0,0,0,0,0,0,0,0,0,0,0,0
1986,29,4,44,12.017,2,7,1,0,1,0,1,1,25,1016,1016,1016,1016,0,0,0,0,0,1,1,0,0,0,-341.4595152,0,0,0,0,3,1,1,10,10,0,0,0,3,1,1,10,1000,0,0,0,0,0,0,0,0,0,0,0,0,0,0,0,0,0,0,0,0,0,0,0,0,0,0,0,0,0,0,0,0,0,0,0,0,0,0,0,0,0,0,0,0,0,0,0,0,0,0,0
1986,29,4,45,0.017,2,7,1,0,1,0,1,1,25,1016,1016,1016,1016,0,0,0,0,0,1,1,0,0,0,-341.5028872,0,0,0,0,3,1,1,10,10,0,0,0,3,1,1,10,1000,0,0,0,0,0,0,0,0,0,0,0,0,0,0,0,0,0,0,0,0,0,0,0,0,0,0,0,0,0,0,0,0,0,0,0,0,0,0,0,0,0,0,0,0,0,0,0,0,0,0,0
1986,29,4,45,48.017,2,7,1,0,1,0,1,1,25,1016,1016,1016,1016,0,0,0,0,0,1,1,0,0,0,-341.5462592,0,0,0,0,3,1,1,10,10,0,0,0,3,1,1,10,1000,0,0,0,0,0,0,0,0,0,0,0,0,0,0,0,0,0,0,0,0,0,0,0,0,0,0,0,0,0,0,0,0,0,0,0,0,0,0,0,0,0,0,0,0,0,0,0,0,0,0,0
1986,29,4,46,36.017,2,7,1,0,1,0,1,1,25,1016,1016,1016,1016,0,0,0,0,0,1,1,0,0,0,-341.5896312,0,0,0,0,3,1,1,10,10,0,0,0,3,1,1,10,1000,0,0,0,0,0,0,0,0,0,0,0,0,0,0,0,0,0,0,0,0,0,0,0,0,0,0,0,0,0,0,0,0,0,0,0,0,0,0,0,0,0,0,0,0,0,0,0,0,0,0,0
1986,29,4,47,24.017,2,7,1,0,1,0,1,1,25,1016,1016,1016,1016,0,0,0,0,0,1,1,0,0,0,-341.6330032,0,0,0,0,3,1,1,10,10,0,0,0,3,1,1,10,1000,0,0,0,0,0,0,0,0,0,0,0,0,0,0,0,0,0,0,0,0,0,0,0,0,0,0,0,0,0,0,0,0,0,0,0,0,0,0,0,0,0,0,0,0,0,0,0,0,0,0,0
1986,29,4,48,12.017,2,7,1,0,1,0,1,1,25,1016,1016,1016,1016,0,0,0,0,0,1,1,0,0,0,-341.6763751,0,0,0,0,3,1,1,10,10,0,0,0,3,1,1,10,1000,0,0,0,0,0,0,0,0,0,0,0,0,0,0,0,0,0,0,0,0,0,0,0,0,0,0,0,0,0,0,0,0,0,0,0,0,0,0,0,0,0,0,0,0,0,0,0,0,0,0,0
1986,29,4,49,0.017,2,7,1,0,1,0,1,1,25,1016,1016,1016,1016,0,0,0,0,0,1,1,0,0,0,-341.7197471,0,0,0,0,3,1,1,10,10,0,0,0,3,1,1,10,1000,0,0,0,0,0,0,0,0,0,0,0,0,0,0,0,0,0,0,0,0,0,0,0,0,0,0,0,0,0,0,0,0,0,0,0,0,0,0,0,0,0,0,0,0,0,0,0,0,0,0,0
1986,29,4,49,48.016,2,7,1,0,1,0,1,1,25,1016,1016,1016,1016,0,0,0,0,0,1,1,0,0,0,-341.7631181,0,0,0,0,3,1,1,10,10,0,0,0,3,1,1,10,1000,0,0,0,0,0,0,0,0,0,0,0,0,0,0,0,0,0,0,0,0,0,0,0,0,0,0,0,0,0,0,0,0,0,0,0,0,0,0,0,0,0,0,0,0,0,0,0,0,0,0,0
1986,29,4,50,36.016,2,7,1,0,1,0,1,1,25,1016,1016,1016,1016,0,0,0,0,0,1,1,0,0,0,-341.8064899,0,0,0,0,3,1,1,10,10,0,0,0,3,1,1,10,1000,0,0,0,0,0,0,0,0,0,0,0,0,0,0,0,0,0,0,0,0,0,0,0,0,0,0,0,0,0,0,0,0,0,0,0,0,0,0,0,0,0,0,0,0,0,0,0,0,0,0,0
1986,29,4,51,24.016,2,7,1,0,1,0,1,1,25,1016,1016,1016,1016,0,0,0,0,0,1,1,0,0,0,-341.8498618,0,0,0,0,3,1,1,10,10,0,0,0,3,1,1,10,1000,0,0,0,0,0,0,0,0,0,0,0,0,0,0,0,0,0,0,0,0,0,0,0,0,0,0,0,0,0,0,0,0,0,0,0,0,0,0,0,0,0,0,0,0,0,0,0,0,0,0,0
1986,29,4,54,3.376,2,7,1,0,1,0,1,1,25,1016,1016,1016,1016,0,0,0,0,0,1,1,0,0,0,-341.9938562,0,0,0,0,3,1,1,10,10,0,0,0,3,1,1,10,1000,0,0,0,0,0,0,0,0,0,0,0,0,0,0,0,0,0,0,0,0,0,0,0,0,0,0,0,0,0,0,0,0,0,0,0,0,0,0,0,0,0,0,0,0,0,0,0,0,0,0,0
1986,29,4,54,36.016,2,7,1,0,1,0,1,1,25,1016,1016,1016,1016,0,0,0,0,0,1,1,0,0,0,-342.023349,0,0,0,0,3,1,1,10,10,0,0,0,3,1,1,10,1000,0,0,0,0,0,0,0,0,0,0,0,0,0,0,0,0,0,0,0,0,0,0,0,0,0,0,0,0,0,0,0,0,0,0,0,0,0,0,0,0,0,0,0,0,0,0,0,0,0,0,0
1986,29,4,55,24.016,2,7,1,0,1,0,1,1,25,1016,1016,1016,1016,0,0,0,0,0,1,1,0,0,0,-342.0667207,0,0,0,0,3,1,1,10,10,0,0,0,3,1,1,10,1000,0,0,0,0,0,0,0,0,0,0,0,0,0,0,0,0,0,0,0,0,0,0,0,0,0,0,0,0,0,0,0,0,0,0,0,0,0,0,0,0,0,0,0,0,0,0,0,0,0,0,0
1986,29,4,56,12.016,2,7,1,0,1,0,1,1,25,1016,1016,1016,1016,0,0,0,0,0,1,1,0,0,0,-342.1100924,0,0,0,0,3,1,1,10,10,0,0,0,3,1,1,10,1000,0,0,0,0,0,0,0,0,0,0,0,0,0,0,0,0,0,0,0,0,0,0,0,0,0,0,0,0,0,0,0,0,0,0,0,0,0,0,0,0,0,0,0,0,0,0,0,0,0,0,0
1986,29,4,57,0.016,2,7,1,0,1,0,1,1,25,1016,1016,1016,1016,0,0,0,0,0,1,1,0,0,0,-342.1534641,0,0,0,0,3,1,1,10,10,0,0,0,3,1,1,10,1000,0,0,0,0,0,0,0,0,0,0,0,0,0,0,0,0,0,0,0,0,0,0,0,0,0,0,0,0,0,0,0,0,0,0,0,0,0,0,0,0,0,0,0,0,0,0,0,0,0,0,0
1986,29,4,57,48.016,2,7,1,0,1,0,1,1,25,1016,1016,1016,1016,0,0,0,0,0,1,1,0,0,0,-342.1968358,0,0,0,0,3,1,1,10,10,0,0,0,3,1,1,10,1000,0,0,0,0,0,0,0,0,0,0,0,0,0,0,0,0,0,0,0,0,0,0,0,0,0,0,0,0,0,0,0,0,0,0,0,0,0,0,0,0,0,0,0,0,0,0,0,0,0,0,0
1986,29,4,58,36.016,2,7,1,0,1,0,1,1,25,1016,1016,1016,1016,0,0,0,0,0,1,1,0,0,0,-342.2402075,0,0,0,0,3,1,1,10,10,0,0,0,3,1,1,10,1000,0,0,0,0,0,0,0,0,0,0,0,0,0,0,0,0,0,0,0,0,0,0,0,0,0,0,0,0,0,0,0,0,0,0,0,0,0,0,0,0,0,0,0,0,0,0,0,0,0,0,0
1986,29,4,59,24.016,2,7,1,0,1,0,1,1,25,1016,1016,1016,1016,0,0,0,0,0,1,1,0,0,0,-342.2835791,0,0,0,0,3,1,1,10,10,0,0,0,3,1,1,10,1000,0,0,0,0,0,0,0,0,0,0,0,0,0,0,0,0,0,0,0,0,0,0,0,0,0,0,0,0,0,0,0,0,0,0,0,0,0,0,0,0,0,0,0,0,0,0,0,0,0,0,0
1986,29,5,0,12.016,2,7,1,0,1,0,1,1,25,1016,1016,1016,1016,0,0,0,0,0,1,1,0,0,0,-342.3269507,0,0,0,0,3,1,1,10,10,0,0,0,3,1,1,10,1000,0,0,0,0,0,0,0,0,0,0,0,0,0,0,0,0,0,0,0,0,0,0,0,0,0,0,0,0,0,0,0,0,0,0,0,0,0,0,0,0,0,0,0,0,0,0,0,0,0,0,0
1986,29,5,1,0.016,2,7,1,0,1,0,1,1,25,1016,1016,1016,1016,0,0,0,0,0,1,1,0,0,0,-342.3703223,0,0,0,0,3,1,1,10,10,0,0,0,3,1,1,10,1000,0,0,0,0,0,0,0,0,0,0,0,0,0,0,0,0,0,0,0,0,0,0,0,0,0,0,0,0,0,0,0,0,0,0,0,0,0,0,0,0,0,0,0,0,0,0,0,0,0,0,0
1986,29,5,1,48.016,2,7,1,0,1,0,1,1,25,1016,1016,1016,1016,0,0,0,0,0,1,1,0,0,0,-342.4136938,0,0,0,0,3,1,1,10,10,0,0,0,3,1,1,10,1000,0,0,0,0,0,0,0,0,0,0,0,0,0,0,0,0,0,0,0,0,0,0,0,0,0,0,0,0,0,0,0,0,0,0,0,0,0,0,0,0,0,0,0,0,0,0,0,0,0,0,0
1986,29,5,2,36.016,2,7,1,0,1,0,1,1,25,1016,1016,1016,1016,0,0,0,0,0,1,1,0,0,0,-342.4570654,0,0,0,0,3,1,1,10,10,0,0,0,3,1,1,10,1000,0,0,0,0,0,0,0,0,0,0,0,0,0,0,0,0,0,0,0,0,0,0,0,0,0,0,0,0,0,0,0,0,0,0,0,0,0,0,0,0,0,0,0,0,0,0,0,0,0,0,0
1986,29,5,3,24.016,2,7,1,0,1,0,1,1,25,1016,1016,1016,1016,0,0,0,0,0,1,1,0,0,0,-342.5004369,0,0,0,0,3,1,1,10,10,0,0,0,3,1,1,10,1000,0,0,0,0,0,0,0,0,0,0,0,0,0,0,0,0,0,0,0,0,0,0,0,0,0,0,0,0,0,0,0,0,0,0,0,0,0,0,0,0,0,0,0,0,0,0,0,0,0,0,0
1986,29,5,6,3.375,2,7,1,0,1,0,1,1,25,1016,1016,1016,1016,0,0,0,0,0,1,1,0,0,0,-342.6444292,0,0,0,0,3,1,1,10,10,0,0,0,3,1,1,10,1000,0,0,0,0,0,0,0,0,0,0,0,0,0,0,0,0,0,0,0,0,0,0,0,0,0,0,0,0,0,0,0,0,0,0,0,0,0,0,0,0,0,0,0,0,0,0,0,0,0,0,0
1986,29,5,6,36.015,2,7,1,0,1,0,1,1,25,1016,1016,1016,1016,0,0,0,0,0,1,1,0,0,0,-342.6739218,0,0,0,0,3,1,1,10,10,0,0,0,3,1,1,10,1000,0,0,0,0,0,0,0,0,0,0,0,0,0,0,0,0,0,0,0,0,0,0,0,0,0,0,0,0,0,0,0,0,0,0,0,0,0,0,0,0,0,0,0,0,0,0,0,0,0,0,0
1986,29,5,7,24.015,2,7,1,0,1,0,1,1,25,1016,1016,1016,1016,0,0,0,0,0,1,1,0,0,0,-342.7172932,0,0,0,0,3,1,1,10,10,0,0,0,3,1,1,10,1000,0,0,0,0,0,0,0,0,0,0,0,0,0,0,0,0,0,0,0,0,0,0,0,0,0,0,0,0,0,0,0,0,0,0,0,0,0,0,0,0,0,0,0,0,0,0,0,0,0,0,0
1986,29,5,8,12.015,2,7,1,0,1,0,1,1,25,1016,1016,1016,1016,0,0,0,0,0,1,1,0,0,0,-342.7606646,0,0,0,0,3,1,1,10,10,0,0,0,3,1,1,10,1000,0,0,0,0,0,0,0,0,0,0,0,0,0,0,0,0,0,0,0,0,0,0,0,0,0,0,0,0,0,0,0,0,0,0,0,0,0,0,0,0,0,0,0,0,0,0,0,0,0,0,0
1986,29,5,9,0.015,2,7,1,0,1,0,1,1,25,1016,1016,1016,1016,0,0,0,0,0,1,1,0,0,0,-342.8040359,0,0,0,0,3,1,1,10,10,0,0,0,3,1,1,10,1000,0,0,0,0,0,0,0,0,0,0,0,0,0,0,0,0,0,0,0,0,0,0,0,0,0,0,0,0,0,0,0,0,0,0,0,0,0,0,0,0,0,0,0,0,0,0,0,0,0,0,0
1986,29,5,9,48.015,2,7,1,0,1,0,1,1,25,1016,1016,1016,1016,0,0,0,0,0,1,1,0,0,0,-342.8474073,0,0,0,0,3,1,1,10,10,0,0,0,3,1,1,10,1000,0,0,0,0,0,0,0,0,0,0,0,0,0,0,0,0,0,0,0,0,0,0,0,0,0,0,0,0,0,0,0,0,0,0,0,0,0,0,0,0,0,0,0,0,0,0,0,0,0,0,0
1986,29,5,10,36.015,2,7,1,0,1,0,1,1,25,1016,1016,1016,1016,0,0,0,0,0,1,1,0,0,0,-342.8907786,0,0,0,0,3,1,1,10,10,0,0,0,3,1,1,10,1000,0,0,0,0,0,0,0,0,0,0,0,0,0,0,0,0,0,0,0,0,0,0,0,0,0,0,0,0,0,0,0,0,0,0,0,0,0,0,0,0,0,0,0,0,0,0,0,0,0,0,0
1986,29,5,11,24.015,2,7,1,0,1,0,1,1,25,1016,1016,1016,1016,0,0,0,0,0,1,1,0,0,0,-342.9341499,0,0,0,0,3,1,1,10,10,0,0,0,3,1,1,10,1000,0,0,0,0,0,0,0,0,0,0,0,0,0,0,0,0,0,0,0,0,0,0,0,0,0,0,0,0,0,0,0,0,0,0,0,0,0,0,0,0,0,0,0,0,0,0,0,0,0,0,0
1986,29,5,12,12.015,2,7,1,0,1,0,1,1,25,1016,1016,1016,1016,0,0,0,0,0,1,1,0,0,0,-342.9775211,0,0,0,0,3,1,1,10,10,0,0,0,3,1,1,10,1000,0,0,0,0,0,0,0,0,0,0,0,0,0,0,0,0,0,0,0,0,0,0,0,0,0,0,0,0,0,0,0,0,0,0,0,0,0,0,0,0,0,0,0,0,0,0,0,0,0,0,0
1986,29,5,13,0.015,2,7,1,0,1,0,1,1,25,1016,1016,1016,1016,0,0,0,0,0,1,1,0,0,0,-343.0208924,0,0,0,0,3,1,1,10,10,0,0,0,3,1,1,10,1000,0,0,0,0,0,0,0,0,0,0,0,0,0,0,0,0,0,0,0,0,0,0,0,0,0,0,0,0,0,0,0,0,0,0,0,0,0,0,0,0,0,0,0,0,0,0,0,0,0,0,0
1986,29,5,13,48.015,2,7,1,0,1,0,1,1,25,1016,1016,1016,1016,0,0,0,0,0,1,1,0,0,0,-343.0642636,0,0,0,0,3,1,1,10,10,0,0,0,3,1,1,10,1000,0,0,0,0,0,0,0,0,0,0,0,0,0,0,0,0,0,0,0,0,0,0,0,0,0,0,0,0,0,0,0,0,0,0,0,0,0,0,0,0,0,0,0,0,0,0,0,0,0,0,0
1986,29,5,14,36.015,2,7,1,0,1,0,1,1,25,1016,1016,1016,1016,0,0,0,0,0,1,1,0,0,0,-343.1076348,0,0,0,0,3,1,1,10,10,0,0,0,3,1,1,10,1000,0,0,0,0,0,0,0,0,0,0,0,0,0,0,0,0,0,0,0,0,0,0,0,0,0,0,0,0,0,0,0,0,0,0,0,0,0,0,0,0,0,0,0,0,0,0,0,0,0,0,0
1986,29,5,15,24.015,2,7,1,0,1,0,1,1,25,1016,1016,1016,1016,0,0,0,0,0,1,1,0,0,0,-343.1510059,0,0,0,0,3,1,1,10,10,0,0,0,3,1,1,10,1000,0,0,0,0,0,0,0,0,0,0,0,0,0,0,0,0,0,0,0,0,0,0,0,0,0,0,0,0,0,0,0,0,0,0,0,0,0,0,0,0,0,0,0,0,0,0,0,0,0,0,0
1986,29,5,18,3.375,2,7,1,0,1,0,1,1,25,1016,1016,1016,1016,0,0,0,0,0,1,1,0,0,0,-343.2949981,0,0,0,0,3,1,1,10,10,0,0,0,3,1,1,10,1000,0,0,0,0,0,0,0,0,0,0,0,0,0,0,0,0,0,0,0,0,0,0,0,0,0,0,0,0,0,0,0,0,0,0,0,0,0,0,0,0,0,0,0,0,0,0,0,0,0,0,0
1986,29,5,18,36.015,2,7,1,0,1,0,1,1,25,1016,1016,1016,1016,0,0,0,0,0,1,1,0,0,0,-343.3244904,0,0,0,0,3,1,1,10,10,0,0,0,3,1,1,10,1000,0,0,0,0,0,0,0,0,0,0,0,0,0,0,0,0,0,0,0,0,0,0,0,0,0,0,0,0,0,0,0,0,0,0,0,0,0,0,0,0,0,0,0,0,0,0,0,0,0,0,0
1986,29,5,19,24.015,2,7,1,0,1,0,1,1,25,1016,1016,1016,1016,0,0,0,0,0,1,1,0,0,0,-343.3678614,0,0,0,0,3,1,1,10,10,0,0,0,3,1,1,10,1000,0,0,0,0,0,0,0,0,0,0,0,0,0,0,0,0,0,0,0,0,0,0,0,0,0,0,0,0,0,0,0,0,0,0,0,0,0,0,0,0,0,0,0,0,0,0,0,0,0,0,0
1986,29,5,20,12.014,2,7,1,0,1,0,1,1,25,1016,1016,1016,1016,0,0,0,0,0,1,1,0,0,0,-343.4112316,0,0,0,0,3,1,1,10,10,0,0,0,3,1,1,10,1000,0,0,0,0,0,0,0,0,0,0,0,0,0,0,0,0,0,0,0,0,0,0,0,0,0,0,0,0,0,0,0,0,0,0,0,0,0,0,0,0,0,0,0,0,0,0,0,0,0,0,0
1986,29,5,21,0.014,2,7,1,0,1,0,1,1,25,1016,1016,1016,1016,0,0,0,0,0,1,1,0,0,0,-343.4546026,0,0,0,0,3,1,1,10,10,0,0,0,3,1,1,10,1000,0,0,0,0,0,0,0,0,0,0,0,0,0,0,0,0,0,0,0,0,0,0,0,0,0,0,0,0,0,0,0,0,0,0,0,0,0,0,0,0,0,0,0,0,0,0,0,0,0,0,0
1986,29,5,21,48.014,2,7,1,0,1,0,1,1,25,1016,1016,1016,1016,0,0,0,0,0,1,1,0,0,0,-343.4979736,0,0,0,0,3,1,1,10,10,0,0,0,3,1,1,10,1000,0,0,0,0,0,0,0,0,0,0,0,0,0,0,0,0,0,0,0,0,0,0,0,0,0,0,0,0,0,0,0,0,0,0,0,0,0,0,0,0,0,0,0,0,0,0,0,0,0,0,0
1986,29,5,22,36.014,2,7,1,0,1,0,1,1,25,1016,1016,1016,1016,0,0,0,0,0,1,1,0,0,0,-343.5413445,0,0,0,0,3,1,1,10,10,0,0,0,3,1,1,10,1000,0,0,0,0,0,0,0,0,0,0,0,0,0,0,0,0,0,0,0,0,0,0,0,0,0,0,0,0,0,0,0,0,0,0,0,0,0,0,0,0,0,0,0,0,0,0,0,0,0,0,0
1986,29,5,23,24.014,2,7,1,0,1,0,1,1,25,1016,1016,1016,1016,0,0,0,0,0,1,1,0,0,0,-343.5847155,0,0,0,0,3,1,1,10,10,0,0,0,3,1,1,10,1000,0,0,0,0,0,0,0,0,0,0,0,0,0,0,0,0,0,0,0,0,0,0,0,0,0,0,0,0,0,0,0,0,0,0,0,0,0,0,0,0,0,0,0,0,0,0,0,0,0,0,0
1986,29,5,24,12.014,2,7,1,0,1,0,1,1,25,1016,1016,1016,1016,0,0,0,0,0,1,1,0,0,0,-343.6280864,0,0,0,0,3,1,1,10,10,0,0,0,3,1,1,10,1000,0,0,0,0,0,0,0,0,0,0,0,0,0,0,0,0,0,0,0,0,0,0,0,0,0,0,0,0,0,0,0,0,0,0,0,0,0,0,0,0,0,0,0,0,0,0,0,0,0,0,0
1986,29,5,25,0.014,2,7,1,0,1,0,1,1,25,1016,1016,1016,1016,0,0,0,0,0,1,1,0,0,0,-343.6714573,0,0,0,0,3,1,1,10,10,0,0,0,3,1,1,10,1000,0,0,0,0,0,0,0,0,0,0,0,0,0,0,0,0,0,0,0,0,0,0,0,0,0,0,0,0,0,0,0,0,0,0,0,0,0,0,0,0,0,0,0,0,0,0,0,0,0,0,0
1986,29,5,25,48.014,2,7,1,0,1,0,1,1,25,1016,1016,1016,1016,0,0,0,0,0,1,1,0,0,0,-343.7148282,0,0,0,0,3,1,1,10,10,0,0,0,3,1,1,10,1000,0,0,0,0,0,0,0,0,0,0,0,0,0,0,0,0,0,0,0,0,0,0,0,0,0,0,0,0,0,0,0,0,0,0,0,0,0,0,0,0,0,0,0,0,0,0,0,0,0,0,0
1986,29,5,26,36.014,2,7,1,0,1,0,1,1,25,1016,1016,1016,1016,0,0,0,0,0,1,1,0,0,0,-343.758199,0,0,0,0,3,1,1,10,10,0,0,0,3,1,1,10,1000,0,0,0,0,0,0,0,0,0,0,0,0,0,0,0,0,0,0,0,0,0,0,0,0,0,0,0,0,0,0,0,0,0,0,0,0,0,0,0,0,0,0,0,0,0,0,0,0,0,0,0
1986,29,5,27,24.014,2,7,1,0,1,0,1,1,25,1016,1016,1016,1016,0,0,0,0,0,1,1,0,0,0,-343.8015698,0,0,0,0,3,1,1,10,10,0,0,0,3,1,1,10,1000,0,0,0,0,0,0,0,0,0,0,0,0,0,0,0,0,0,0,0,0,0,0,0,0,0,0,0,0,0,0,0,0,0,0,0,0,0,0,0,0,0,0,0,0,0,0,0,0,0,0,0
1986,29,5,30,3.374,2,7,1,0,1,0,1,1,25,1016,1016,1016,1016,0,0,0,0,0,1,1,0,0,0,-343.9455608,0,0,0,0,3,1,1,10,10,0,0,0,3,1,1,10,1000,0,0,0,0,0,0,0,0,0,0,0,0,0,0,0,0,0,0,0,0,0,0,0,0,0,0,0,0,0,0,0,0,0,0,0,0,0,0,0,0,0,0,0,0,0,0,0,0,0,0,0
1986,29,5,30,36.014,2,7,1,0,1,0,1,1,25,1016,1016,1016,1016,0,0,0,0,0,1,1,0,0,0,-343.9750529,0,0,0,0,3,1,1,10,10,0,0,0,3,1,1,10,1000,0,0,0,0,0,0,0,0,0,0,0,0,0,0,0,0,0,0,0,0,0,0,0,0,0,0,0,0,0,0,0,0,0,0,0,0,0,0,0,0,0,0,0,0,0,0,0,0,0,0,0
1986,29,5,31,24.014,2,7,1,0,1,0,1,1,25,1016,1016,1016,1016,0,0,0,0,0,1,1,0,0,0,-344.0184237,0,0,0,0,3,1,1,10,10,0,0,0,3,1,1,10,1000,0,0,0,0,0,0,0,0,0,0,0,0,0,0,0,0,0,0,0,0,0,0,0,0,0,0,0,0,0,0,0,0,0,0,0,0,0,0,0,0,0,0,0,0,0,0,0,0,0,0,0
1986,29,5,32,12.014,2,7,1,0,1,0,1,1,25,1016,1016,1016,1016,0,0,0,0,0,1,1,0,0,0,-344.0617943,0,0,0,0,3,1,1,10,10,0,0,0,3,1,1,10,1000,0,0,0,0,0,0,0,0,0,0,0,0,0,0,0,0,0,0,0,0,0,0,0,0,0,0,0,0,0,0,0,0,0,0,0,0,0,0,0,0,0,0,0,0,0,0,0,0,0,0,0
1986,29,5,33,0.014,2,7,1,0,1,0,1,1,25,1016,1016,1016,1016,0,0,0,0,0,1,1,0,0,0,-344.105165,0,0,0,0,3,1,1,10,10,0,0,0,3,1,1,10,1000,0,0,0,0,0,0,0,0,0,0,0,0,0,0,0,0,0,0,0,0,0,0,0,0,0,0,0,0,0,0,0,0,0,0,0,0,0,0,0,0,0,0,0,0,0,0,0,0,0,0,0
1986,29,5,33,48.014,2,7,1,0,1,0,1,1,25,1016,1016,1016,1016,0,0,0,0,0,1,1,0,0,0,-344.1485357,0,0,0,0,3,1,1,10,10,0,0,0,3,1,1,10,1000,0,0,0,0,0,0,0,0,0,0,0,0,0,0,0,0,0,0,0,0,0,0,0,0,0,0,0,0,0,0,0,0,0,0,0,0,0,0,0,0,0,0,0,0,0,0,0,0,0,0,0
1986,29,5,34,36.013,2,7,1,0,1,0,1,1,25,1016,1016,1016,1016,0,0,0,0,0,1,1,0,0,0,-344.1919054,0,0,0,0,3,1,1,10,10,0,0,0,3,1,1,10,1000,0,0,0,0,0,0,0,0,0,0,0,0,0,0,0,0,0,0,0,0,0,0,0,0,0,0,0,0,0,0,0,0,0,0,0,0,0,0,0,0,0,0,0,0,0,0,0,0,0,0,0
1986,29,5,35,24.013,2,7,1,0,1,0,1,1,25,1016,1016,1016,1016,0,0,0,0,0,1,1,0,0,0,-344.235276,0,0,0,0,3,1,1,10,10,0,0,0,3,1,1,10,1000,0,0,0,0,0,0,0,0,0,0,0,0,0,0,0,0,0,0,0,0,0,0,0,0,0,0,0,0,0,0,0,0,0,0,0,0,0,0,0,0,0,0,0,0,0,0,0,0,0,0,0
1986,29,5,36,12.013,2,7,1,0,1,0,1,1,25,1016,1016,1016,1016,0,0,0,0,0,1,1,0,0,0,-344.2786466,0,0,0,0,3,1,1,10,10,0,0,0,3,1,1,10,1000,0,0,0,0,0,0,0,0,0,0,0,0,0,0,0,0,0,0,0,0,0,0,0,0,0,0,0,0,0,0,0,0,0,0,0,0,0,0,0,0,0,0,0,0,0,0,0,0,0,0,0
1986,29,5,37,0.013,2,7,1,0,1,0,1,1,25,1016,1016,1016,1016,0,0,0,0,0,1,1,0,0,0,-344.3220171,0,0,0,0,3,1,1,10,10,0,0,0,3,1,1,10,1000,0,0,0,0,0,0,0,0,0,0,0,0,0,0,0,0,0,0,0,0,0,0,0,0,0,0,0,0,0,0,0,0,0,0,0,0,0,0,0,0,0,0,0,0,0,0,0,0,0,0,0
1986,29,5,37,48.013,2,7,1,0,1,0,1,1,25,1016,1016,1016,1016,0,0,0,0,0,1,1,0,0,0,-344.3653877,0,0,0,0,3,1,1,10,10,0,0,0,3,1,1,10,1000,0,0,0,0,0,0,0,0,0,0,0,0,0,0,0,0,0,0,0,0,0,0,0,0,0,0,0,0,0,0,0,0,0,0,0,0,0,0,0,0,0,0,0,0,0,0,0,0,0,0,0
1986,29,5,38,36.013,2,7,1,0,1,0,1,1,25,1016,1016,1016,1016,0,0,0,0,0,1,1,0,0,0,-344.4087582,0,0,0,0,3,1,1,10,10,0,0,0,3,1,1,10,1000,0,0,0,0,0,0,0,0,0,0,0,0,0,0,0,0,0,0,0,0,0,0,0,0,0,0,0,0,0,0,0,0,0,0,0,0,0,0,0,0,0,0,0,0,0,0,0,0,0,0,0
1986,29,5,39,24.013,2,7,1,0,1,0,1,1,25,1016,1016,1016,1016,0,0,0,0,0,1,1,0,0,0,-344.4521287,0,0,0,0,3,1,1,10,10,0,0,0,3,1,1,10,1000,0,0,0,0,0,0,0,0,0,0,0,0,0,0,0,0,0,0,0,0,0,0,0,0,0,0,0,0,0,0,0,0,0,0,0,0,0,0,0,0,0,0,0,0,0,0,0,0,0,0,0
1986,29,5,42,3.373,2,7,1,0,1,0,1,1,25,1016,1016,1016,1016,0,0,0,0,0,1,1,0,0,0,-344.5961185,0,0,0,0,3,1,1,10,10,0,0,0,3,1,1,10,1000,0,0,0,0,0,0,0,0,0,0,0,0,0,0,0,0,0,0,0,0,0,0,0,0,0,0,0,0,0,0,0,0,0,0,0,0,0,0,0,0,0,0,0,0,0,0,0,0,0,0,0
1986,29,5,42,36.013,2,7,1,0,1,0,1,1,25,1016,1016,1016,1016,0,0,0,0,0,1,1,0,0,0,-344.6256104,0,0,0,0,3,1,1,10,10,0,0,0,3,1,1,10,1000,0,0,0,0,0,0,0,0,0,0,0,0,0,0,0,0,0,0,0,0,0,0,0,0,0,0,0,0,0,0,0,0,0,0,0,0,0,0,0,0,0,0,0,0,0,0,0,0,0,0,0
1986,29,5,43,24.013,2,7,1,0,1,0,1,1,25,1016,1016,1016,1016,0,0,0,0,0,1,1,0,0,0,-344.6689808,0,0,0,0,3,1,1,10,10,0,0,0,3,1,1,10,1000,0,0,0,0,0,0,0,0,0,0,0,0,0,0,0,0,0,0,0,0,0,0,0,0,0,0,0,0,0,0,0,0,0,0,0,0,0,0,0,0,0,0,0,0,0,0,0,0,0,0,0
1986,29,5,44,12.013,2,7,1,0,1,0,1,1,25,1016,1016,1016,1016,0,0,0,0,0,1,1,0,0,0,-344.7123511,0,0,0,0,3,1,1,10,10,0,0,0,3,1,1,10,1000,0,0,0,0,0,0,0,0,0,0,0,0,0,0,0,0,0,0,0,0,0,0,0,0,0,0,0,0,0,0,0,0,0,0,0,0,0,0,0,0,0,0,0,0,0,0,0,0,0,0,0
1986,29,5,45,0.013,2,7,1,0,1,0,1,1,25,1016,1016,1016,1016,0,0,0,0,0,1,1,0,0,0,-344.7557215,0,0,0,0,3,1,1,10,10,0,0,0,3,1,1,10,1000,0,0,0,0,0,0,0,0,0,0,0,0,0,0,0,0,0,0,0,0,0,0,0,0,0,0,0,0,0,0,0,0,0,0,0,0,0,0,0,0,0,0,0,0,0,0,0,0,0,0,0
1986,29,5,45,48.013,2,7,1,0,1,0,1,1,25,1016,1016,1016,1016,0,0,0,0,0,1,1,0,0,0,-344.7990918,0,0,0,0,3,1,1,10,10,0,0,0,3,1,1,10,1000,0,0,0,0,0,0,0,0,0,0,0,0,0,0,0,0,0,0,0,0,0,0,0,0,0,0,0,0,0,0,0,0,0,0,0,0,0,0,0,0,0,0,0,0,0,0,0,0,0,0,0
1986,29,5,46,36.013,2,7,1,0,1,0,1,1,25,1016,1016,1016,1016,0,0,0,0,0,1,1,0,0,0,-344.8424621,0,0,0,0,3,1,1,10,10,0,0,0,3,1,1,10,1000,0,0,0,0,0,0,0,0,0,0,0,0,0,0,0,0,0,0,0,0,0,0,0,0,0,0,0,0,0,0,0,0,0,0,0,0,0,0,0,0,0,0,0,0,0,0,0,0,0,0,0
1986,29,5,47,24.013,2,7,1,0,1,0,1,1,25,1016,1016,1016,1016,0,0,0,0,0,1,1,0,0,0,-344.8858323,0,0,0,0,3,1,1,10,10,0,0,0,3,1,1,10,1000,0,0,0,0,0,0,0,0,0,0,0,0,0,0,0,0,0,0,0,0,0,0,0,0,0,0,0,0,0,0,0,0,0,0,0,0,0,0,0,0,0,0,0,0,0,0,0,0,0,0,0
1986,29,5,48,12.013,2,7,1,0,1,0,1,1,25,1016,1016,1016,1016,0,0,0,0,0,1,1,0,0,0,-344.9292026,0,0,0,0,3,1,1,10,10,0,0,0,3,1,1,10,1000,0,0,0,0,0,0,0,0,0,0,0,0,0,0,0,0,0,0,0,0,0,0,0,0,0,0,0,0,0,0,0,0,0,0,0,0,0,0,0,0,0,0,0,0,0,0,0,0,0,0,0
1986,29,5,49,0.013,2,7,1,0,1,0,1,1,25,1016,1016,1016,1016,0,0,0,0,0,1,1,0,0,0,-344.9725728,0,0,0,0,3,1,1,10,10,0,0,0,3,1,1,10,1000,0,0,0,0,0,0,0,0,0,0,0,0,0,0,0,0,0,0,0,0,0,0,0,0,0,0,0,0,0,0,0,0,0,0,0,0,0,0,0,0,0,0,0,0,0,0,0,0,0,0,0
1986,29,5,49,48.012,2,7,1,0,1,0,1,1,25,1016,1016,1016,1016,0,0,0,0,0,1,1,0,0,0,-345.0159421,0,0,0,0,3,1,1,10,10,0,0,0,3,1,1,10,1000,0,0,0,0,0,0,0,0,0,0,0,0,0,0,0,0,0,0,0,0,0,0,0,0,0,0,0,0,0,0,0,0,0,0,0,0,0,0,0,0,0,0,0,0,0,0,0,0,0,0,0
1986,29,5,50,36.012,2,7,1,0,1,0,1,1,25,1016,1016,1016,1016,0,0,0,0,0,1,1,0,0,0,-345.0593122,0,0,0,0,3,1,1,10,10,0,0,0,3,1,1,10,1000,0,0,0,0,0,0,0,0,0,0,0,0,0,0,0,0,0,0,0,0,0,0,0,0,0,0,0,0,0,0,0,0,0,0,0,0,0,0,0,0,0,0,0,0,0,0,0,0,0,0,0
1986,29,5,51,24.012,2,7,1,0,1,0,1,1,25,1016,1016,1016,1016,0,0,0,0,0,1,1,0,0,0,-345.1026824,0,0,0,0,3,1,1,10,10,0,0,0,3,1,1,10,1000,0,0,0,0,0,0,0,0,0,0,0,0,0,0,0,0,0,0,0,0,0,0,0,0,0,0,0,0,0,0,0,0,0,0,0,0,0,0,0,0,0,0,0,0,0,0,0,0,0,0,0
1986,29,5,54,3.372,2,7,1,0,1,0,1,1,25,1016,1016,1016,1016,0,0,0,0,0,1,1,0,0,0,-345.2466711,0,0,0,0,3,1,1,10,10,0,0,0,3,1,1,10,1000,0,0,0,0,0,0,0,0,0,0,0,0,0,0,0,0,0,0,0,0,0,0,0,0,0,0,0,0,0,0,0,0,0,0,0,0,0,0,0,0,0,0,0,0,0,0,0,0,0,0,0
1986,29,5,54,36.012,2,7,1,0,1,0,1,1,25,1016,1016,1016,1016,0,0,0,0,0,1,1,0,0,0,-345.2761628,0,0,0,0,3,1,1,10,10,0,0,0,3,1,1,10,1000,0,0,0,0,0,0,0,0,0,0,0,0,0,0,0,0,0,0,0,0,0,0,0,0,0,0,0,0,0,0,0,0,0,0,0,0,0,0,0,0,0,0,0,0,0,0,0,0,0,0,0
1986,29,5,55,24.012,2,7,1,0,1,0,1,1,25,1016,1016,1016,1016,0,0,0,0,0,1,1,0,0,0,-345.3195328,0,0,0,0,3,1,1,10,10,0,0,0,3,1,1,10,1000,0,0,0,0,0,0,0,0,0,0,0,0,0,0,0,0,0,0,0,0,0,0,0,0,0,0,0,0,0,0,0,0,0,0,0,0,0,0,0,0,0,0,0,0,0,0,0,0,0,0,0
1986,29,5,56,12.012,2,7,1,0,1,0,1,1,25,1016,1016,1016,1016,0,0,0,0,0,1,1,0,0,0,-345.3629028,0,0,0,0,3,1,1,10,10,0,0,0,3,1,1,10,1000,0,0,0,0,0,0,0,0,0,0,0,0,0,0,0,0,0,0,0,0,0,0,0,0,0,0,0,0,0,0,0,0,0,0,0,0,0,0,0,0,0,0,0,0,0,0,0,0,0,0,0
1986,29,5,57,0.012,2,7,1,0,1,0,1,1,25,1016,1016,1016,1016,0,0,0,0,0,1,1,0,0,0,-345.4062728,0,0,0,0,3,1,1,10,10,0,0,0,3,1,1,10,1000,0,0,0,0,0,0,0,0,0,0,0,0,0,0,0,0,0,0,0,0,0,0,0,0,0,0,0,0,0,0,0,0,0,0,0,0,0,0,0,0,0,0,0,0,0,0,0,0,0,0,0
1986,29,5,57,48.012,2,7,1,0,1,0,1,1,25,1016,1016,1016,1016,0,0,0,0,0,1,1,0,0,0,-345.4496428,0,0,0,0,3,1,1,10,10,0,0,0,3,1,1,10,1000,0,0,0,0,0,0,0,0,0,0,0,0,0,0,0,0,0,0,0,0,0,0,0,0,0,0,0,0,0,0,0,0,0,0,0,0,0,0,0,0,0,0,0,0,0,0,0,0,0,0,0
1986,29,5,58,36.012,2,7,1,0,1,0,1,1,25,1016,1016,1016,1016,0,0,0,0,0,1,1,0,0,0,-345.4930127,0,0,0,0,3,1,1,10,10,0,0,0,3,1,1,10,1000,0,0,0,0,0,0,0,0,0,0,0,0,0,0,0,0,0,0,0,0,0,0,0,0,0,0,0,0,0,0,0,0,0,0,0,0,0,0,0,0,0,0,0,0,0,0,0,0,0,0,0
1986,29,5,59,24.012,2,7,1,0,1,0,1,1,25,1016,1016,1016,1016,0,0,0,0,0,1,1,0,0,0,-345.5363827,0,0,0,0,3,1,1,10,10,0,0,0,3,1,1,10,1000,0,0,0,0,0,0,0,0,0,0,0,0,0,0,0,0,0,0,0,0,0,0,0,0,0,0,0,0,0,0,0,0,0,0,0,0,0,0,0,0,0,0,0,0,0,0,0,0,0,0,0
1986,29,6,0,12.012,2,7,1,0,1,0,1,1,25,1016,1016,1016,1016,0,0,0,0,0,1,1,0,0,0,-345.5797526,0,0,0,0,3,1,1,10,10,0,0,0,3,1,1,10,1000,0,0,0,0,0,0,0,0,0,0,0,0,0,0,0,0,0,0,0,0,0,0,0,0,0,0,0,0,0,0,0,0,0,0,0,0,0,0,0,0,0,0,0,0,0,0,0,0,0,0,0
1986,29,6,1,0.012,2,7,1,0,1,0,1,1,25,1016,1016,1016,1016,0,0,0,0,0,1,1,0,0,0,-345.6231224,0,0,0,0,3,1,1,10,10,0,0,0,3,1,1,10,1000,0,0,0,0,0,0,0,0,0,0,0,0,0,0,0,0,0,0,0,0,0,0,0,0,0,0,0,0,0,0,0,0,0,0,0,0,0,0,0,0,0,0,0,0,0,0,0,0,0,0,0
1986,29,6,1,48.012,2,7,1,0,1,0,1,1,25,1016,1016,1016,1016,0,0,0,0,0,1,1,0,0,0,-345.6664923,0,0,0,0,3,1,1,10,10,0,0,0,3,1,1,10,1000,0,0,0,0,0,0,0,0,0,0,0,0,0,0,0,0,0,0,0,0,0,0,0,0,0,0,0,0,0,0,0,0,0,0,0,0,0,0,0,0,0,0,0,0,0,0,0,0,0,0,0
1986,29,6,2,36.012,2,7,1,0,1,0,1,1,25,1016,1016,1016,1016,0,0,0,0,0,1,1,0,0,0,-345.7098621,0,0,0,0,3,1,1,10,10,0,0,0,3,1,1,10,1000,0,0,0,0,0,0,0,0,0,0,0,0,0,0,0,0,0,0,0,0,0,0,0,0,0,0,0,0,0,0,0,0,0,0,0,0,0,0,0,0,0,0,0,0,0,0,0,0,0,0,0
1986,29,6,3,24.012,2,7,1,0,1,0,1,1,25,1016,1016,1016,1016,0,0,0,0,0,1,1,0,0,0,-345.753232,0,0,0,0,3,1,1,10,10,0,0,0,3,1,1,10,1000,0,0,0,0,0,0,0,0,0,0,0,0,0,0,0,0,0,0,0,0,0,0,0,0,0,0,0,0,0,0,0,0,0,0,0,0,0,0,0,0,0,0,0,0,0,0,0,0,0,0,0
1986,29,6,6,3.371,2,7,1,0,1,0,1,1,25,1016,1016,1016,1016,0,0,0,0,0,1,1,0,0,0,-345.8972187,0,0,0,0,3,1,1,10,10,0,0,0,3,1,1,10,1000,0,0,0,0,0,0,0,0,0,0,0,0,0,0,0,0,0,0,0,0,0,0,0,0,0,0,0,0,0,0,0,0,0,0,0,0,0,0,0,0,0,0,0,0,0,0,0,0,0,0,0
1986,29,6,6,36.011,2,7,1,0,1,0,1,1,25,1016,1016,1016,1016,0,0,0,0,0,1,1,0,0,0,-345.9267101,0,0,0,0,3,1,1,10,10,0,0,0,3,1,1,10,1000,0,0,0,0,0,0,0,0,0,0,0,0,0,0,0,0,0,0,0,0,0,0,0,0,0,0,0,0,0,0,0,0,0,0,0,0,0,0,0,0,0,0,0,0,0,0,0,0,0,0,0
