YEAR,DOY,HOUR,MINUTE,SECOND,SPACECRAFT,PLANET_NUMBER,RESPONSE,L_OR_M_MODE,SHORT_OR_LONG,THRESHOLD_CURRENT,SAVE_PLOT,FIT,ITERATIONS,CHANNELS_CUPA,CHANNELS_CUPB,CHANNELS_CUPC,CHANNELS_CUPD,TOTAL_NUMBER_OF_FITTED_CHANNELS,CHI_SQUARE,VARY_V1,VARY_V2,VARY_V3,VARY_DENSITY,VARY_TEMPERATURE,VARY_KAPPA,ANALYTICAL_VPHI,V1,V2,V3,COMMON_TEMPERATURE,COMMON_KAPPA,DELAMERE_COMPOSITION,SPECIES_1,SPECIES_1_A,SPECIES_1_Z,SPECIES_1_N,SPECIES_1_T,SPECIES_1_KAPPA,SPECIES_1_N_UNCERT,SPECIES_1_T_UNCERT,SPECIES_2,SPECIES_2_A,SPECIES_2_Z,SPECIES_2_N,SPECIES_2_T,SPECIES_2_KAPPA,SPECIES_2_N_UNCERT,SPECIES_2_T_UNCERT,SPECIES_3,SPECIES_3_A,SPECIES_3_Z,SPECIES_3_N,SPECIES_3_T,SPECIES_3_KAPPA,SPECIES_3_N_UNCERT,SPECIES_3_T_UNCERT,SPECIES_4,SPECIES_4_A,SPECIES_4_Z,SPECIES_4_N,SPECIES_4_T,SPECIES_4_KAPPA,SPECIES_4_N_UNCERT,SPECIES_4_T_UNCERT,SPECIES_5,SPECIES_5_A,SPECIES_5_Z,SPECIES_5_N,SPECIES_5_T,SPECIES_5_KAPPA,SPECIES_5_N_UNCERT,SPECIES_5_T_UNCERT,SPECIES_6,SPECIES_6_A,SPECIES_6_Z,SPECIES_6_N,SPECIES_6_T,SPECIES_6_KAPPA,SPECIES_6_N_UNCERT,SPECIES_6_T_UNCERT,SPECIES_7,SPECIES_7_A,SPECIES_7_Z,SPECIES_7_N,SPECIES_7_T,SPECIES_7_KAPPA,SPECIES_7_N_UNCERT,SPECIES_7_T_UNCERT,SPECIES_8,SPECIES_8_A,SPECIES_8_Z,SPECIES_8_N,SPECIES_8_T,SPECIES_8_KAPPA,SPECIES_8_N_UNCERT,SPECIES_8_T_UNCERT
1986,26,7,21,36.053,2,7,1,0,0,0,1,1,25,1016,1016,1016,1016,0,0,0,0,0,1,1,0,0,0,-115.2201652,0,0,0,0,3,1,1,10,10,0,0,0,3,1,1,10,1000,0,0,0,0,0,0,0,0,0,0,0,0,0,0,0,0,0,0,0,0,0,0,0,0,0,0,0,0,0,0,0,0,0,0,0,0,0,0,0,0,0,0,0,0,0,0,0,0,0,0,0
1986,26,7,22,24.053,2,7,1,0,0,0,1,1,25,1016,1016,1016,1016,0,0,0,0,0,1,1,0,0,0,-115.263848,0,0,0,0,3,1,1,10,10,0,0,0,3,1,1,10,1000,0,0,0,0,0,0,0,0,0,0,0,0,0,0,0,0,0,0,0,0,0,0,0,0,0,0,0,0,0,0,0,0,0,0,0,0,0,0,0,0,0,0,0,0,0,0,0,0,0,0,0
1986,26,7,23,12.052,2,7,1,0,0,0,1,1,25,1016,1016,1016,1016,0,0,0,0,0,1,1,0,0,0,-115.3075297,0,0,0,0,3,1,1,10,10,0,0,0,3,1,1,10,1000,0,0,0,0,0,0,0,0,0,0,0,0,0,0,0,0,0,0,0,0,0,0,0,0,0,0,0,0,0,0,0,0,0,0,0,0,0,0,0,0,0,0,0,0,0,0,0,0,0,0,0
1986,26,7,24,0.052,2,7,1,0,0,0,1,1,25,1016,1016,1016,1016,0,0,0,0,0,1,1,0,0,0,-115.3512121,0,0,0,0,3,1,1,10,10,0,0,0,3,1,1,10,1000,0,0,0,0,0,0,0,0,0,0,0,0,0,0,0,0,0,0,0,0,0,0,0,0,0,0,0,0,0,0,0,0,0,0,0,0,0,0,0,0,0,0,0,0,0,0,0,0,0,0,0
1986,26,7,24,48.052,2,7,1,0,0,0,1,1,25,1016,1016,1016,1016,0,0,0,0,0,1,1,0,0,0,-115.3948944,0,0,0,0,3,1,1,10,10,0,0,0,3,1,1,10,1000,0,0,0,0,0,0,0,0,0,0,0,0,0,0,0,0,0,0,0,0,0,0,0,0,0,0,0,0,0,0,0,0,0,0,0,0,0,0,0,0,0,0,0,0,0,0,0,0,0,0,0
1986,26,7,25,36.052,2,7,1,0,0,0,1,1,25,1016,1016,1016,1016,0,0,0,0,0,1,1,0,0,0,-115.4385766,0,0,0,0,3,1,1,10,10,0,0,0,3,1,1,10,1000,0,0,0,0,0,0,0,0,0,0,0,0,0,0,0,0,0,0,0,0,0,0,0,0,0,0,0,0,0,0,0,0,0,0,0,0,0,0,0,0,0,0,0,0,0,0,0,0,0,0,0
1986,26,7,26,24.052,2,7,1,0,0,0,1,1,25,1016,1016,1016,1016,0,0,0,0,0,1,1,0,0,0,-115.4822586,0,0,0,0,3,1,1,10,10,0,0,0,3,1,1,10,1000,0,0,0,0,0,0,0,0,0,0,0,0,0,0,0,0,0,0,0,0,0,0,0,0,0,0,0,0,0,0,0,0,0,0,0,0,0,0,0,0,0,0,0,0,0,0,0,0,0,0,0
1986,26,7,27,12.052,2,7,1,0,0,0,1,1,25,1016,1016,1016,1016,0,0,0,0,0,1,1,0,0,0,-115.5259404,0,0,0,0,3,1,1,10,10,0,0,0,3,1,1,10,1000,0,0,0,0,0,0,0,0,0,0,0,0,0,0,0,0,0,0,0,0,0,0,0,0,0,0,0,0,0,0,0,0,0,0,0,0,0,0,0,0,0,0,0,0,0,0,0,0,0,0,0
1986,26,7,30,24.052,2,7,1,0,0,0,1,1,25,1016,1016,1016,1016,0,0,0,0,0,1,1,0,0,0,-115.7006662,0,0,0,0,3,1,1,10,10,0,0,0,3,1,1,10,1000,0,0,0,0,0,0,0,0,0,0,0,0,0,0,0,0,0,0,0,0,0,0,0,0,0,0,0,0,0,0,0,0,0,0,0,0,0,0,0,0,0,0,0,0,0,0,0,0,0,0,0
1986,26,7,31,12.052,2,7,1,0,0,0,1,1,25,1016,1016,1016,1016,0,0,0,0,0,1,1,0,0,0,-115.7443473,0,0,0,0,3,1,1,10,10,0,0,0,3,1,1,10,1000,0,0,0,0,0,0,0,0,0,0,0,0,0,0,0,0,0,0,0,0,0,0,0,0,0,0,0,0,0,0,0,0,0,0,0,0,0,0,0,0,0,0,0,0,0,0,0,0,0,0,0
1986,26,7,32,0.052,2,7,1,0,0,0,1,1,25,1016,1016,1016,1016,0,0,0,0,0,1,1,0,0,0,-115.7880283,0,0,0,0,3,1,1,10,10,0,0,0,3,1,1,10,1000,0,0,0,0,0,0,0,0,0,0,0,0,0,0,0,0,0,0,0,0,0,0,0,0,0,0,0,0,0,0,0,0,0,0,0,0,0,0,0,0,0,0,0,0,0,0,0,0,0,0,0
1986,26,7,32,48.052,2,7,1,0,0,0,1,1,25,1016,1016,1016,1016,0,0,0,0,0,1,1,0,0,0,-115.831709,0,0,0,0,3,1,1,10,10,0,0,0,3,1,1,10,1000,0,0,0,0,0,0,0,0,0,0,0,0,0,0,0,0,0,0,0,0,0,0,0,0,0,0,0,0,0,0,0,0,0,0,0,0,0,0,0,0,0,0,0,0,0,0,0,0,0,0,0
1986,26,7,33,36.052,2,7,1,0,0,0,1,1,25,1016,1016,1016,1016,0,0,0,0,0,1,1,0,0,0,-115.8753897,0,0,0,0,3,1,1,10,10,0,0,0,3,1,1,10,1000,0,0,0,0,0,0,0,0,0,0,0,0,0,0,0,0,0,0,0,0,0,0,0,0,0,0,0,0,0,0,0,0,0,0,0,0,0,0,0,0,0,0,0,0,0,0,0,0,0,0,0
1986,26,7,34,24.052,2,7,1,0,0,0,1,1,25,1016,1016,1016,1016,0,0,0,0,0,1,1,0,0,0,-115.9190701,0,0,0,0,3,1,1,10,10,0,0,0,3,1,1,10,1000,0,0,0,0,0,0,0,0,0,0,0,0,0,0,0,0,0,0,0,0,0,0,0,0,0,0,0,0,0,0,0,0,0,0,0,0,0,0,0,0,0,0,0,0,0,0,0,0,0,0,0
1986,26,7,35,12.052,2,7,1,0,0,0,1,1,25,1016,1016,1016,1016,0,0,0,0,0,1,1,0,0,0,-115.9627505,0,0,0,0,3,1,1,10,10,0,0,0,3,1,1,10,1000,0,0,0,0,0,0,0,0,0,0,0,0,0,0,0,0,0,0,0,0,0,0,0,0,0,0,0,0,0,0,0,0,0,0,0,0,0,0,0,0,0,0,0,0,0,0,0,0,0,0,0
1986,26,7,36,0.052,2,7,1,0,0,0,1,1,25,1016,1016,1016,1016,0,0,0,0,0,1,1,0,0,0,-116.0064306,0,0,0,0,3,1,1,10,10,0,0,0,3,1,1,10,1000,0,0,0,0,0,0,0,0,0,0,0,0,0,0,0,0,0,0,0,0,0,0,0,0,0,0,0,0,0,0,0,0,0,0,0,0,0,0,0,0,0,0,0,0,0,0,0,0,0,0,0
1986,26,7,36,48.052,2,7,1,0,0,0,1,1,25,1016,1016,1016,1016,0,0,0,0,0,1,1,0,0,0,-116.0501107,0,0,0,0,3,1,1,10,10,0,0,0,3,1,1,10,1000,0,0,0,0,0,0,0,0,0,0,0,0,0,0,0,0,0,0,0,0,0,0,0,0,0,0,0,0,0,0,0,0,0,0,0,0,0,0,0,0,0,0,0,0,0,0,0,0,0,0,0
1986,26,7,37,36.052,2,7,1,0,0,0,1,1,25,1016,1016,1016,1016,0,0,0,0,0,1,1,0,0,0,-116.0937905,0,0,0,0,3,1,1,10,10,0,0,0,3,1,1,10,1000,0,0,0,0,0,0,0,0,0,0,0,0,0,0,0,0,0,0,0,0,0,0,0,0,0,0,0,0,0,0,0,0,0,0,0,0,0,0,0,0,0,0,0,0,0,0,0,0,0,0,0
1986,26,7,38,24.051,2,7,1,0,0,0,1,1,25,1016,1016,1016,1016,0,0,0,0,0,1,1,0,0,0,-116.1374693,0,0,0,0,3,1,1,10,10,0,0,0,3,1,1,10,1000,0,0,0,0,0,0,0,0,0,0,0,0,0,0,0,0,0,0,0,0,0,0,0,0,0,0,0,0,0,0,0,0,0,0,0,0,0,0,0,0,0,0,0,0,0,0,0,0,0,0,0
1986,26,7,39,12.051,2,7,1,0,0,0,1,1,25,1016,1016,1016,1016,0,0,0,0,0,1,1,0,0,0,-116.1811489,0,0,0,0,3,1,1,10,10,0,0,0,3,1,1,10,1000,0,0,0,0,0,0,0,0,0,0,0,0,0,0,0,0,0,0,0,0,0,0,0,0,0,0,0,0,0,0,0,0,0,0,0,0,0,0,0,0,0,0,0,0,0,0,0,0,0,0,0
1986,26,7,42,24.051,2,7,1,0,0,0,1,1,25,1016,1016,1016,1016,0,0,0,0,0,1,1,0,0,0,-116.3558656,0,0,0,0,3,1,1,10,10,0,0,0,3,1,1,10,1000,0,0,0,0,0,0,0,0,0,0,0,0,0,0,0,0,0,0,0,0,0,0,0,0,0,0,0,0,0,0,0,0,0,0,0,0,0,0,0,0,0,0,0,0,0,0,0,0,0,0,0
1986,26,7,43,12.051,2,7,1,0,0,0,1,1,25,1016,1016,1016,1016,0,0,0,0,0,1,1,0,0,0,-116.3995445,0,0,0,0,3,1,1,10,10,0,0,0,3,1,1,10,1000,0,0,0,0,0,0,0,0,0,0,0,0,0,0,0,0,0,0,0,0,0,0,0,0,0,0,0,0,0,0,0,0,0,0,0,0,0,0,0,0,0,0,0,0,0,0,0,0,0,0,0
1986,26,7,44,0.051,2,7,1,0,0,0,1,1,25,1016,1016,1016,1016,0,0,0,0,0,1,1,0,0,0,-116.4432231,0,0,0,0,3,1,1,10,10,0,0,0,3,1,1,10,1000,0,0,0,0,0,0,0,0,0,0,0,0,0,0,0,0,0,0,0,0,0,0,0,0,0,0,0,0,0,0,0,0,0,0,0,0,0,0,0,0,0,0,0,0,0,0,0,0,0,0,0
1986,26,7,44,48.051,2,7,1,0,0,0,1,1,25,1016,1016,1016,1016,0,0,0,0,0,1,1,0,0,0,-116.4869016,0,0,0,0,3,1,1,10,10,0,0,0,3,1,1,10,1000,0,0,0,0,0,0,0,0,0,0,0,0,0,0,0,0,0,0,0,0,0,0,0,0,0,0,0,0,0,0,0,0,0,0,0,0,0,0,0,0,0,0,0,0,0,0,0,0,0,0,0
1986,26,7,45,36.051,2,7,1,0,0,0,1,1,25,1016,1016,1016,1016,0,0,0,0,0,1,1,0,0,0,-116.53058,0,0,0,0,3,1,1,10,10,0,0,0,3,1,1,10,1000,0,0,0,0,0,0,0,0,0,0,0,0,0,0,0,0,0,0,0,0,0,0,0,0,0,0,0,0,0,0,0,0,0,0,0,0,0,0,0,0,0,0,0,0,0,0,0,0,0,0,0
1986,26,7,46,24.051,2,7,1,0,0,0,1,1,25,1016,1016,1016,1016,0,0,0,0,0,1,1,0,0,0,-116.5742582,0,0,0,0,3,1,1,10,10,0,0,0,3,1,1,10,1000,0,0,0,0,0,0,0,0,0,0,0,0,0,0,0,0,0,0,0,0,0,0,0,0,0,0,0,0,0,0,0,0,0,0,0,0,0,0,0,0,0,0,0,0,0,0,0,0,0,0,0
1986,26,7,47,12.051,2,7,1,0,0,0,1,1,25,1016,1016,1016,1016,0,0,0,0,0,1,1,0,0,0,-116.6179362,0,0,0,0,3,1,1,10,10,0,0,0,3,1,1,10,1000,0,0,0,0,0,0,0,0,0,0,0,0,0,0,0,0,0,0,0,0,0,0,0,0,0,0,0,0,0,0,0,0,0,0,0,0,0,0,0,0,0,0,0,0,0,0,0,0,0,0,0
1986,26,7,48,0.051,2,7,1,0,0,0,1,1,25,1016,1016,1016,1016,0,0,0,0,0,1,1,0,0,0,-116.6616142,0,0,0,0,3,1,1,10,10,0,0,0,3,1,1,10,1000,0,0,0,0,0,0,0,0,0,0,0,0,0,0,0,0,0,0,0,0,0,0,0,0,0,0,0,0,0,0,0,0,0,0,0,0,0,0,0,0,0,0,0,0,0,0,0,0,0,0,0
1986,26,7,48,48.051,2,7,1,0,0,0,1,1,25,1016,1016,1016,1016,0,0,0,0,0,1,1,0,0,0,-116.7052919,0,0,0,0,3,1,1,10,10,0,0,0,3,1,1,10,1000,0,0,0,0,0,0,0,0,0,0,0,0,0,0,0,0,0,0,0,0,0,0,0,0,0,0,0,0,0,0,0,0,0,0,0,0,0,0,0,0,0,0,0,0,0,0,0,0,0,0,0
1986,26,7,49,36.051,2,7,1,0,0,0,1,1,25,1016,1016,1016,1016,0,0,0,0,0,1,1,0,0,0,-116.7489695,0,0,0,0,3,1,1,10,10,0,0,0,3,1,1,10,1000,0,0,0,0,0,0,0,0,0,0,0,0,0,0,0,0,0,0,0,0,0,0,0,0,0,0,0,0,0,0,0,0,0,0,0,0,0,0,0,0,0,0,0,0,0,0,0,0,0,0,0
1986,26,7,50,24.051,2,7,1,0,0,0,1,1,25,1016,1016,1016,1016,0,0,0,0,0,1,1,0,0,0,-116.792647,0,0,0,0,3,1,1,10,10,0,0,0,3,1,1,10,1000,0,0,0,0,0,0,0,0,0,0,0,0,0,0,0,0,0,0,0,0,0,0,0,0,0,0,0,0,0,0,0,0,0,0,0,0,0,0,0,0,0,0,0,0,0,0,0,0,0,0,0
1986,26,7,51,12.051,2,7,1,0,0,0,1,1,25,1016,1016,1016,1016,0,0,0,0,0,1,1,0,0,0,-116.8363243,0,0,0,0,3,1,1,10,10,0,0,0,3,1,1,10,1000,0,0,0,0,0,0,0,0,0,0,0,0,0,0,0,0,0,0,0,0,0,0,0,0,0,0,0,0,0,0,0,0,0,0,0,0,0,0,0,0,0,0,0,0,0,0,0,0,0,0,0
1986,26,7,54,24.05,2,7,1,0,0,0,1,1,25,1016,1016,1016,1016,0,0,0,0,0,1,1,0,0,0,-117.0110311,0,0,0,0,3,1,1,10,10,0,0,0,3,1,1,10,1000,0,0,0,0,0,0,0,0,0,0,0,0,0,0,0,0,0,0,0,0,0,0,0,0,0,0,0,0,0,0,0,0,0,0,0,0,0,0,0,0,0,0,0,0,0,0,0,0,0,0,0
1986,26,7,55,12.05,2,7,1,0,0,0,1,1,25,1016,1016,1016,1016,0,0,0,0,0,1,1,0,0,0,-117.0547077,0,0,0,0,3,1,1,10,10,0,0,0,3,1,1,10,1000,0,0,0,0,0,0,0,0,0,0,0,0,0,0,0,0,0,0,0,0,0,0,0,0,0,0,0,0,0,0,0,0,0,0,0,0,0,0,0,0,0,0,0,0,0,0,0,0,0,0,0
1986,26,7,56,0.05,2,7,1,0,0,0,1,1,25,1016,1016,1016,1016,0,0,0,0,0,1,1,0,0,0,-117.0983841,0,0,0,0,3,1,1,10,10,0,0,0,3,1,1,10,1000,0,0,0,0,0,0,0,0,0,0,0,0,0,0,0,0,0,0,0,0,0,0,0,0,0,0,0,0,0,0,0,0,0,0,0,0,0,0,0,0,0,0,0,0,0,0,0,0,0,0,0
1986,26,7,56,48.05,2,7,1,0,0,0,1,1,25,1016,1016,1016,1016,0,0,0,0,0,1,1,0,0,0,-117.1420603,0,0,0,0,3,1,1,10,10,0,0,0,3,1,1,10,1000,0,0,0,0,0,0,0,0,0,0,0,0,0,0,0,0,0,0,0,0,0,0,0,0,0,0,0,0,0,0,0,0,0,0,0,0,0,0,0,0,0,0,0,0,0,0,0,0,0,0,0
1986,26,7,57,36.05,2,7,1,0,0,0,1,1,25,1016,1016,1016,1016,0,0,0,0,0,1,1,0,0,0,-117.1857364,0,0,0,0,3,1,1,10,10,0,0,0,3,1,1,10,1000,0,0,0,0,0,0,0,0,0,0,0,0,0,0,0,0,0,0,0,0,0,0,0,0,0,0,0,0,0,0,0,0,0,0,0,0,0,0,0,0,0,0,0,0,0,0,0,0,0,0,0
1986,26,7,58,24.05,2,7,1,0,0,0,1,1,25,1016,1016,1016,1016,0,0,0,0,0,1,1,0,0,0,-117.2294124,0,0,0,0,3,1,1,10,10,0,0,0,3,1,1,10,1000,0,0,0,0,0,0,0,0,0,0,0,0,0,0,0,0,0,0,0,0,0,0,0,0,0,0,0,0,0,0,0,0,0,0,0,0,0,0,0,0,0,0,0,0,0,0,0,0,0,0,0
1986,26,7,59,12.05,2,7,1,0,0,0,1,1,25,1016,1016,1016,1016,0,0,0,0,0,1,1,0,0,0,-117.2730882,0,0,0,0,3,1,1,10,10,0,0,0,3,1,1,10,1000,0,0,0,0,0,0,0,0,0,0,0,0,0,0,0,0,0,0,0,0,0,0,0,0,0,0,0,0,0,0,0,0,0,0,0,0,0,0,0,0,0,0,0,0,0,0,0,0,0,0,0
1986,26,8,0,0.05,2,7,1,0,0,0,1,1,25,1016,1016,1016,1016,0,0,0,0,0,1,1,0,0,0,-117.3167639,0,0,0,0,3,1,1,10,10,0,0,0,3,1,1,10,1000,0,0,0,0,0,0,0,0,0,0,0,0,0,0,0,0,0,0,0,0,0,0,0,0,0,0,0,0,0,0,0,0,0,0,0,0,0,0,0,0,0,0,0,0,0,0,0,0,0,0,0
1986,26,8,0,48.05,2,7,1,0,0,0,1,1,25,1016,1016,1016,1016,0,0,0,0,0,1,1,0,0,0,-117.3604394,0,0,0,0,3,1,1,10,10,0,0,0,3,1,1,10,1000,0,0,0,0,0,0,0,0,0,0,0,0,0,0,0,0,0,0,0,0,0,0,0,0,0,0,0,0,0,0,0,0,0,0,0,0,0,0,0,0,0,0,0,0,0,0,0,0,0,0,0
1986,26,8,1,36.05,2,7,1,0,0,0,1,1,25,1016,1016,1016,1016,0,0,0,0,0,1,1,0,0,0,-117.4041148,0,0,0,0,3,1,1,10,10,0,0,0,3,1,1,10,1000,0,0,0,0,0,0,0,0,0,0,0,0,0,0,0,0,0,0,0,0,0,0,0,0,0,0,0,0,0,0,0,0,0,0,0,0,0,0,0,0,0,0,0,0,0,0,0,0,0,0,0
1986,26,8,2,24.05,2,7,1,0,0,0,1,1,25,1016,1016,1016,1016,0,0,0,0,0,1,1,0,0,0,-117.44779,0,0,0,0,3,1,1,10,10,0,0,0,3,1,1,10,1000,0,0,0,0,0,0,0,0,0,0,0,0,0,0,0,0,0,0,0,0,0,0,0,0,0,0,0,0,0,0,0,0,0,0,0,0,0,0,0,0,0,0,0,0,0,0,0,0,0,0,0
1986,26,8,3,12.05,2,7,1,0,0,0,1,1,25,1016,1016,1016,1016,0,0,0,0,0,1,1,0,0,0,-117.4914651,0,0,0,0,3,1,1,10,10,0,0,0,3,1,1,10,1000,0,0,0,0,0,0,0,0,0,0,0,0,0,0,0,0,0,0,0,0,0,0,0,0,0,0,0,0,0,0,0,0,0,0,0,0,0,0,0,0,0,0,0,0,0,0,0,0,0,0,0
1986,26,8,6,24.05,2,7,1,0,0,0,1,1,25,1016,1016,1016,1016,0,0,0,0,0,1,1,0,0,0,-117.6661638,0,0,0,0,3,1,1,10,10,0,0,0,3,1,1,10,1000,0,0,0,0,0,0,0,0,0,0,0,0,0,0,0,0,0,0,0,0,0,0,0,0,0,0,0,0,0,0,0,0,0,0,0,0,0,0,0,0,0,0,0,0,0,0,0,0,0,0,0
1986,26,8,7,12.05,2,7,1,0,0,0,1,1,25,1016,1016,1016,1016,0,0,0,0,0,1,1,0,0,0,-117.7098382,0,0,0,0,3,1,1,10,10,0,0,0,3,1,1,10,1000,0,0,0,0,0,0,0,0,0,0,0,0,0,0,0,0,0,0,0,0,0,0,0,0,0,0,0,0,0,0,0,0,0,0,0,0,0,0,0,0,0,0,0,0,0,0,0,0,0,0,0
1986,26,8,8,0.05,2,7,1,0,0,0,1,1,25,1016,1016,1016,1016,0,0,0,0,0,1,1,0,0,0,-117.7535124,0,0,0,0,3,1,1,10,10,0,0,0,3,1,1,10,1000,0,0,0,0,0,0,0,0,0,0,0,0,0,0,0,0,0,0,0,0,0,0,0,0,0,0,0,0,0,0,0,0,0,0,0,0,0,0,0,0,0,0,0,0,0,0,0,0,0,0,0
1986,26,8,8,48.049,2,7,1,0,0,0,1,1,25,1016,1016,1016,1016,0,0,0,0,0,1,1,0,0,0,-117.7971855,0,0,0,0,3,1,1,10,10,0,0,0,3,1,1,10,1000,0,0,0,0,0,0,0,0,0,0,0,0,0,0,0,0,0,0,0,0,0,0,0,0,0,0,0,0,0,0,0,0,0,0,0,0,0,0,0,0,0,0,0,0,0,0,0,0,0,0,0
1986,26,8,9,36.049,2,7,1,0,0,0,1,1,25,1016,1016,1016,1016,0,0,0,0,0,1,1,0,0,0,-117.8408594,0,0,0,0,3,1,1,10,10,0,0,0,3,1,1,10,1000,0,0,0,0,0,0,0,0,0,0,0,0,0,0,0,0,0,0,0,0,0,0,0,0,0,0,0,0,0,0,0,0,0,0,0,0,0,0,0,0,0,0,0,0,0,0,0,0,0,0,0
1986,26,8,10,24.049,2,7,1,0,0,0,1,1,25,1016,1016,1016,1016,0,0,0,0,0,1,1,0,0,0,-117.8845331,0,0,0,0,3,1,1,10,10,0,0,0,3,1,1,10,1000,0,0,0,0,0,0,0,0,0,0,0,0,0,0,0,0,0,0,0,0,0,0,0,0,0,0,0,0,0,0,0,0,0,0,0,0,0,0,0,0,0,0,0,0,0,0,0,0,0,0,0
1986,26,8,11,12.049,2,7,1,0,0,0,1,1,25,1016,1016,1016,1016,0,0,0,0,0,1,1,0,0,0,-117.9282067,0,0,0,0,3,1,1,10,10,0,0,0,3,1,1,10,1000,0,0,0,0,0,0,0,0,0,0,0,0,0,0,0,0,0,0,0,0,0,0,0,0,0,0,0,0,0,0,0,0,0,0,0,0,0,0,0,0,0,0,0,0,0,0,0,0,0,0,0
1986,26,8,12,0.049,2,7,1,0,0,0,1,1,25,1016,1016,1016,1016,0,0,0,0,0,1,1,0,0,0,-117.9718801,0,0,0,0,3,1,1,10,10,0,0,0,3,1,1,10,1000,0,0,0,0,0,0,0,0,0,0,0,0,0,0,0,0,0,0,0,0,0,0,0,0,0,0,0,0,0,0,0,0,0,0,0,0,0,0,0,0,0,0,0,0,0,0,0,0,0,0,0
1986,26,8,12,48.049,2,7,1,0,0,0,1,1,25,1016,1016,1016,1016,0,0,0,0,0,1,1,0,0,0,-118.0155534,0,0,0,0,3,1,1,10,10,0,0,0,3,1,1,10,1000,0,0,0,0,0,0,0,0,0,0,0,0,0,0,0,0,0,0,0,0,0,0,0,0,0,0,0,0,0,0,0,0,0,0,0,0,0,0,0,0,0,0,0,0,0,0,0,0,0,0,0
1986,26,8,13,36.049,2,7,1,0,0,0,1,1,25,1016,1016,1016,1016,0,0,0,0,0,1,1,0,0,0,-118.0592266,0,0,0,0,3,1,1,10,10,0,0,0,3,1,1,10,1000,0,0,0,0,0,0,0,0,0,0,0,0,0,0,0,0,0,0,0,0,0,0,0,0,0,0,0,0,0,0,0,0,0,0,0,0,0,0,0,0,0,0,0,0,0,0,0,0,0,0,0
1986,26,8,14,24.049,2,7,1,0,0,0,1,1,25,1016,1016,1016,1016,0,0,0,0,0,1,1,0,0,0,-118.1028996,0,0,0,0,3,1,1,10,10,0,0,0,3,1,1,10,1000,0,0,0,0,0,0,0,0,0,0,0,0,0,0,0,0,0,0,0,0,0,0,0,0,0,0,0,0,0,0,0,0,0,0,0,0,0,0,0,0,0,0,0,0,0,0,0,0,0,0,0
1986,26,8,15,12.049,2,7,1,0,0,0,1,1,25,1016,1016,1016,1016,0,0,0,0,0,1,1,0,0,0,-118.1465724,0,0,0,0,3,1,1,10,10,0,0,0,3,1,1,10,1000,0,0,0,0,0,0,0,0,0,0,0,0,0,0,0,0,0,0,0,0,0,0,0,0,0,0,0,0,0,0,0,0,0,0,0,0,0,0,0,0,0,0,0,0,0,0,0,0,0,0,0
1986,26,8,18,24.049,2,7,1,0,0,0,1,1,25,1016,1016,1016,1016,0,0,0,0,0,1,1,0,0,0,-118.3212623,0,0,0,0,3,1,1,10,10,0,0,0,3,1,1,10,1000,0,0,0,0,0,0,0,0,0,0,0,0,0,0,0,0,0,0,0,0,0,0,0,0,0,0,0,0,0,0,0,0,0,0,0,0,0,0,0,0,0,0,0,0,0,0,0,0,0,0,0
1986,26,8,19,12.049,2,7,1,0,0,0,1,1,25,1016,1016,1016,1016,0,0,0,0,0,1,1,0,0,0,-118.3649345,0,0,0,0,3,1,1,10,10,0,0,0,3,1,1,10,1000,0,0,0,0,0,0,0,0,0,0,0,0,0,0,0,0,0,0,0,0,0,0,0,0,0,0,0,0,0,0,0,0,0,0,0,0,0,0,0,0,0,0,0,0,0,0,0,0,0,0,0
1986,26,8,20,0.049,2,7,1,0,0,0,1,1,25,1016,1016,1016,1016,0,0,0,0,0,1,1,0,0,0,-118.4086064,0,0,0,0,3,1,1,10,10,0,0,0,3,1,1,10,1000,0,0,0,0,0,0,0,0,0,0,0,0,0,0,0,0,0,0,0,0,0,0,0,0,0,0,0,0,0,0,0,0,0,0,0,0,0,0,0,0,0,0,0,0,0,0,0,0,0,0,0
1986,26,8,20,48.049,2,7,1,0,0,0,1,1,25,1016,1016,1016,1016,0,0,0,0,0,1,1,0,0,0,-118.4522782,0,0,0,0,3,1,1,10,10,0,0,0,3,1,1,10,1000,0,0,0,0,0,0,0,0,0,0,0,0,0,0,0,0,0,0,0,0,0,0,0,0,0,0,0,0,0,0,0,0,0,0,0,0,0,0,0,0,0,0,0,0,0,0,0,0,0,0,0
1986,26,8,21,36.049,2,7,1,0,0,0,1,1,25,1016,1016,1016,1016,0,0,0,0,0,1,1,0,0,0,-118.4959499,0,0,0,0,3,1,1,10,10,0,0,0,3,1,1,10,1000,0,0,0,0,0,0,0,0,0,0,0,0,0,0,0,0,0,0,0,0,0,0,0,0,0,0,0,0,0,0,0,0,0,0,0,0,0,0,0,0,0,0,0,0,0,0,0,0,0,0,0
1986,26,8,22,24.049,2,7,1,0,0,0,1,1,25,1016,1016,1016,1016,0,0,0,0,0,1,1,0,0,0,-118.5396215,0,0,0,0,3,1,1,10,10,0,0,0,3,1,1,10,1000,0,0,0,0,0,0,0,0,0,0,0,0,0,0,0,0,0,0,0,0,0,0,0,0,0,0,0,0,0,0,0,0,0,0,0,0,0,0,0,0,0,0,0,0,0,0,0,0,0,0,0
1986,26,8,23,12.049,2,7,1,0,0,0,1,1,25,1016,1016,1016,1016,0,0,0,0,0,1,1,0,0,0,-118.5832928,0,0,0,0,3,1,1,10,10,0,0,0,3,1,1,10,1000,0,0,0,0,0,0,0,0,0,0,0,0,0,0,0,0,0,0,0,0,0,0,0,0,0,0,0,0,0,0,0,0,0,0,0,0,0,0,0,0,0,0,0,0,0,0,0,0,0,0,0
1986,26,8,24,0.048,2,7,1,0,0,0,1,1,25,1016,1016,1016,1016,0,0,0,0,0,1,1,0,0,0,-118.6269632,0,0,0,0,3,1,1,10,10,0,0,0,3,1,1,10,1000,0,0,0,0,0,0,0,0,0,0,0,0,0,0,0,0,0,0,0,0,0,0,0,0,0,0,0,0,0,0,0,0,0,0,0,0,0,0,0,0,0,0,0,0,0,0,0,0,0,0,0
1986,26,8,24,48.048,2,7,1,0,0,0,1,1,25,1016,1016,1016,1016,0,0,0,0,0,1,1,0,0,0,-118.6706342,0,0,0,0,3,1,1,10,10,0,0,0,3,1,1,10,1000,0,0,0,0,0,0,0,0,0,0,0,0,0,0,0,0,0,0,0,0,0,0,0,0,0,0,0,0,0,0,0,0,0,0,0,0,0,0,0,0,0,0,0,0,0,0,0,0,0,0,0
1986,26,8,25,36.048,2,7,1,0,0,0,1,1,25,1016,1016,1016,1016,0,0,0,0,0,1,1,0,0,0,-118.7143052,0,0,0,0,3,1,1,10,10,0,0,0,3,1,1,10,1000,0,0,0,0,0,0,0,0,0,0,0,0,0,0,0,0,0,0,0,0,0,0,0,0,0,0,0,0,0,0,0,0,0,0,0,0,0,0,0,0,0,0,0,0,0,0,0,0,0,0,0
1986,26,8,26,24.048,2,7,1,0,0,0,1,1,25,1016,1016,1016,1016,0,0,0,0,0,1,1,0,0,0,-118.757976,0,0,0,0,3,1,1,10,10,0,0,0,3,1,1,10,1000,0,0,0,0,0,0,0,0,0,0,0,0,0,0,0,0,0,0,0,0,0,0,0,0,0,0,0,0,0,0,0,0,0,0,0,0,0,0,0,0,0,0,0,0,0,0,0,0,0,0,0
1986,26,8,27,12.048,2,7,1,0,0,0,1,1,25,1016,1016,1016,1016,0,0,0,0,0,1,1,0,0,0,-118.8016466,0,0,0,0,3,1,1,10,10,0,0,0,3,1,1,10,1000,0,0,0,0,0,0,0,0,0,0,0,0,0,0,0,0,0,0,0,0,0,0,0,0,0,0,0,0,0,0,0,0,0,0,0,0,0,0,0,0,0,0,0,0,0,0,0,0,0,0,0
1986,26,8,30,24.048,2,7,1,0,0,0,1,1,25,1016,1016,1016,1016,0,0,0,0,0,1,1,0,0,0,-118.9763278,0,0,0,0,3,1,1,10,10,0,0,0,3,1,1,10,1000,0,0,0,0,0,0,0,0,0,0,0,0,0,0,0,0,0,0,0,0,0,0,0,0,0,0,0,0,0,0,0,0,0,0,0,0,0,0,0,0,0,0,0,0,0,0,0,0,0,0,0
1986,26,8,31,12.048,2,7,1,0,0,0,1,1,25,1016,1016,1016,1016,0,0,0,0,0,1,1,0,0,0,-119.0199977,0,0,0,0,3,1,1,10,10,0,0,0,3,1,1,10,1000,0,0,0,0,0,0,0,0,0,0,0,0,0,0,0,0,0,0,0,0,0,0,0,0,0,0,0,0,0,0,0,0,0,0,0,0,0,0,0,0,0,0,0,0,0,0,0,0,0,0,0
1986,26,8,32,0.048,2,7,1,0,0,0,1,1,25,1016,1016,1016,1016,0,0,0,0,0,1,1,0,0,0,-119.0636675,0,0,0,0,3,1,1,10,10,0,0,0,3,1,1,10,1000,0,0,0,0,0,0,0,0,0,0,0,0,0,0,0,0,0,0,0,0,0,0,0,0,0,0,0,0,0,0,0,0,0,0,0,0,0,0,0,0,0,0,0,0,0,0,0,0,0,0,0
1986,26,8,32,48.048,2,7,1,0,0,0,1,1,25,1016,1016,1016,1016,0,0,0,0,0,1,1,0,0,0,-119.1073371,0,0,0,0,3,1,1,10,10,0,0,0,3,1,1,10,1000,0,0,0,0,0,0,0,0,0,0,0,0,0,0,0,0,0,0,0,0,0,0,0,0,0,0,0,0,0,0,0,0,0,0,0,0,0,0,0,0,0,0,0,0,0,0,0,0,0,0,0
1986,26,8,33,36.048,2,7,1,0,0,0,1,1,25,1016,1016,1016,1016,0,0,0,0,0,1,1,0,0,0,-119.1510066,0,0,0,0,3,1,1,10,10,0,0,0,3,1,1,10,1000,0,0,0,0,0,0,0,0,0,0,0,0,0,0,0,0,0,0,0,0,0,0,0,0,0,0,0,0,0,0,0,0,0,0,0,0,0,0,0,0,0,0,0,0,0,0,0,0,0,0,0
1986,26,8,34,24.048,2,7,1,0,0,0,1,1,25,1016,1016,1016,1016,0,0,0,0,0,1,1,0,0,0,-119.194676,0,0,0,0,3,1,1,10,10,0,0,0,3,1,1,10,1000,0,0,0,0,0,0,0,0,0,0,0,0,0,0,0,0,0,0,0,0,0,0,0,0,0,0,0,0,0,0,0,0,0,0,0,0,0,0,0,0,0,0,0,0,0,0,0,0,0,0,0
1986,26,8,35,12.048,2,7,1,0,0,0,1,1,25,1016,1016,1016,1016,0,0,0,0,0,1,1,0,0,0,-119.2383451,0,0,0,0,3,1,1,10,10,0,0,0,3,1,1,10,1000,0,0,0,0,0,0,0,0,0,0,0,0,0,0,0,0,0,0,0,0,0,0,0,0,0,0,0,0,0,0,0,0,0,0,0,0,0,0,0,0,0,0,0,0,0,0,0,0,0,0,0
1986,26,8,36,0.048,2,7,1,0,0,0,1,1,25,1016,1016,1016,1016,0,0,0,0,0,1,1,0,0,0,-119.2820142,0,0,0,0,3,1,1,10,10,0,0,0,3,1,1,10,1000,0,0,0,0,0,0,0,0,0,0,0,0,0,0,0,0,0,0,0,0,0,0,0,0,0,0,0,0,0,0,0,0,0,0,0,0,0,0,0,0,0,0,0,0,0,0,0,0,0,0,0
1986,26,8,36,48.048,2,7,1,0,0,0,1,1,25,1016,1016,1016,1016,0,0,0,0,0,1,1,0,0,0,-119.3256831,0,0,0,0,3,1,1,10,10,0,0,0,3,1,1,10,1000,0,0,0,0,0,0,0,0,0,0,0,0,0,0,0,0,0,0,0,0,0,0,0,0,0,0,0,0,0,0,0,0,0,0,0,0,0,0,0,0,0,0,0,0,0,0,0,0,0,0,0
1986,26,8,37,36.048,2,7,1,0,0,0,1,1,25,1016,1016,1016,1016,0,0,0,0,0,1,1,0,0,0,-119.3693519,0,0,0,0,3,1,1,10,10,0,0,0,3,1,1,10,1000,0,0,0,0,0,0,0,0,0,0,0,0,0,0,0,0,0,0,0,0,0,0,0,0,0,0,0,0,0,0,0,0,0,0,0,0,0,0,0,0,0,0,0,0,0,0,0,0,0,0,0
1986,26,8,38,24.048,2,7,1,0,0,0,1,1,25,1016,1016,1016,1016,0,0,0,0,0,1,1,0,0,0,-119.4130205,0,0,0,0,3,1,1,10,10,0,0,0,3,1,1,10,1000,0,0,0,0,0,0,0,0,0,0,0,0,0,0,0,0,0,0,0,0,0,0,0,0,0,0,0,0,0,0,0,0,0,0,0,0,0,0,0,0,0,0,0,0,0,0,0,0,0,0,0
1986,26,8,39,12.047,2,7,1,0,0,0,1,1,25,1016,1016,1016,1016,0,0,0,0,0,1,1,0,0,0,-119.456688,0,0,0,0,3,1,1,10,10,0,0,0,3,1,1,10,1000,0,0,0,0,0,0,0,0,0,0,0,0,0,0,0,0,0,0,0,0,0,0,0,0,0,0,0,0,0,0,0,0,0,0,0,0,0,0,0,0,0,0,0,0,0,0,0,0,0,0,0
1986,26,8,42,24.047,2,7,1,0,0,0,1,1,25,1016,1016,1016,1016,0,0,0,0,0,1,1,0,0,0,-119.6313605,0,0,0,0,3,1,1,10,10,0,0,0,3,1,1,10,1000,0,0,0,0,0,0,0,0,0,0,0,0,0,0,0,0,0,0,0,0,0,0,0,0,0,0,0,0,0,0,0,0,0,0,0,0,0,0,0,0,0,0,0,0,0,0,0,0,0,0,0
1986,26,8,43,12.047,2,7,1,0,0,0,1,1,25,1016,1016,1016,1016,0,0,0,0,0,1,1,0,0,0,-119.6750282,0,0,0,0,3,1,1,10,10,0,0,0,3,1,1,10,1000,0,0,0,0,0,0,0,0,0,0,0,0,0,0,0,0,0,0,0,0,0,0,0,0,0,0,0,0,0,0,0,0,0,0,0,0,0,0,0,0,0,0,0,0,0,0,0,0,0,0,0
1986,26,8,44,0.047,2,7,1,0,0,0,1,1,25,1016,1016,1016,1016,0,0,0,0,0,1,1,0,0,0,-119.7186958,0,0,0,0,3,1,1,10,10,0,0,0,3,1,1,10,1000,0,0,0,0,0,0,0,0,0,0,0,0,0,0,0,0,0,0,0,0,0,0,0,0,0,0,0,0,0,0,0,0,0,0,0,0,0,0,0,0,0,0,0,0,0,0,0,0,0,0,0
1986,26,8,44,48.047,2,7,1,0,0,0,1,1,25,1016,1016,1016,1016,0,0,0,0,0,1,1,0,0,0,-119.7623633,0,0,0,0,3,1,1,10,10,0,0,0,3,1,1,10,1000,0,0,0,0,0,0,0,0,0,0,0,0,0,0,0,0,0,0,0,0,0,0,0,0,0,0,0,0,0,0,0,0,0,0,0,0,0,0,0,0,0,0,0,0,0,0,0,0,0,0,0
1986,26,8,45,36.047,2,7,1,0,0,0,1,1,25,1016,1016,1016,1016,0,0,0,0,0,1,1,0,0,0,-119.8060306,0,0,0,0,3,1,1,10,10,0,0,0,3,1,1,10,1000,0,0,0,0,0,0,0,0,0,0,0,0,0,0,0,0,0,0,0,0,0,0,0,0,0,0,0,0,0,0,0,0,0,0,0,0,0,0,0,0,0,0,0,0,0,0,0,0,0,0,0
1986,26,8,46,24.047,2,7,1,0,0,0,1,1,25,1016,1016,1016,1016,0,0,0,0,0,1,1,0,0,0,-119.8496978,0,0,0,0,3,1,1,10,10,0,0,0,3,1,1,10,1000,0,0,0,0,0,0,0,0,0,0,0,0,0,0,0,0,0,0,0,0,0,0,0,0,0,0,0,0,0,0,0,0,0,0,0,0,0,0,0,0,0,0,0,0,0,0,0,0,0,0,0
1986,26,8,47,12.047,2,7,1,0,0,0,1,1,25,1016,1016,1016,1016,0,0,0,0,0,1,1,0,0,0,-119.8933648,0,0,0,0,3,1,1,10,10,0,0,0,3,1,1,10,1000,0,0,0,0,0,0,0,0,0,0,0,0,0,0,0,0,0,0,0,0,0,0,0,0,0,0,0,0,0,0,0,0,0,0,0,0,0,0,0,0,0,0,0,0,0,0,0,0,0,0,0
1986,26,8,48,0.047,2,7,1,0,0,0,1,1,25,1016,1016,1016,1016,0,0,0,0,0,1,1,0,0,0,-119.9370317,0,0,0,0,3,1,1,10,10,0,0,0,3,1,1,10,1000,0,0,0,0,0,0,0,0,0,0,0,0,0,0,0,0,0,0,0,0,0,0,0,0,0,0,0,0,0,0,0,0,0,0,0,0,0,0,0,0,0,0,0,0,0,0,0,0,0,0,0
1986,26,8,48,48.047,2,7,1,0,0,0,1,1,25,1016,1016,1016,1016,0,0,0,0,0,1,1,0,0,0,-119.9806984,0,0,0,0,3,1,1,10,10,0,0,0,3,1,1,10,1000,0,0,0,0,0,0,0,0,0,0,0,0,0,0,0,0,0,0,0,0,0,0,0,0,0,0,0,0,0,0,0,0,0,0,0,0,0,0,0,0,0,0,0,0,0,0,0,0,0,0,0
1986,26,8,49,36.047,2,7,1,0,0,0,1,1,25,1016,1016,1016,1016,0,0,0,0,0,1,1,0,0,0,-120.024365,0,0,0,0,3,1,1,10,10,0,0,0,3,1,1,10,1000,0,0,0,0,0,0,0,0,0,0,0,0,0,0,0,0,0,0,0,0,0,0,0,0,0,0,0,0,0,0,0,0,0,0,0,0,0,0,0,0,0,0,0,0,0,0,0,0,0,0,0
1986,26,8,50,24.047,2,7,1,0,0,0,1,1,25,1016,1016,1016,1016,0,0,0,0,0,1,1,0,0,0,-120.0680315,0,0,0,0,3,1,1,10,10,0,0,0,3,1,1,10,1000,0,0,0,0,0,0,0,0,0,0,0,0,0,0,0,0,0,0,0,0,0,0,0,0,0,0,0,0,0,0,0,0,0,0,0,0,0,0,0,0,0,0,0,0,0,0,0,0,0,0,0
1986,26,8,51,12.047,2,7,1,0,0,0,1,1,25,1016,1016,1016,1016,0,0,0,0,0,1,1,0,0,0,-120.1116978,0,0,0,0,3,1,1,10,10,0,0,0,3,1,1,10,1000,0,0,0,0,0,0,0,0,0,0,0,0,0,0,0,0,0,0,0,0,0,0,0,0,0,0,0,0,0,0,0,0,0,0,0,0,0,0,0,0,0,0,0,0,0,0,0,0,0,0,0
1986,26,8,54,24.046,2,7,1,0,0,0,1,1,25,1016,1016,1016,1016,0,0,0,0,0,1,1,0,0,0,-120.2863607,0,0,0,0,3,1,1,10,10,0,0,0,3,1,1,10,1000,0,0,0,0,0,0,0,0,0,0,0,0,0,0,0,0,0,0,0,0,0,0,0,0,0,0,0,0,0,0,0,0,0,0,0,0,0,0,0,0,0,0,0,0,0,0,0,0,0,0,0
1986,26,8,55,12.046,2,7,1,0,0,0,1,1,25,1016,1016,1016,1016,0,0,0,0,0,1,1,0,0,0,-120.3300263,0,0,0,0,3,1,1,10,10,0,0,0,3,1,1,10,1000,0,0,0,0,0,0,0,0,0,0,0,0,0,0,0,0,0,0,0,0,0,0,0,0,0,0,0,0,0,0,0,0,0,0,0,0,0,0,0,0,0,0,0,0,0,0,0,0,0,0,0
1986,26,8,56,0.046,2,7,1,0,0,0,1,1,25,1016,1016,1016,1016,0,0,0,0,0,1,1,0,0,0,-120.3736918,0,0,0,0,3,1,1,10,10,0,0,0,3,1,1,10,1000,0,0,0,0,0,0,0,0,0,0,0,0,0,0,0,0,0,0,0,0,0,0,0,0,0,0,0,0,0,0,0,0,0,0,0,0,0,0,0,0,0,0,0,0,0,0,0,0,0,0,0
1986,26,8,56,48.046,2,7,1,0,0,0,1,1,25,1016,1016,1016,1016,0,0,0,0,0,1,1,0,0,0,-120.4173571,0,0,0,0,3,1,1,10,10,0,0,0,3,1,1,10,1000,0,0,0,0,0,0,0,0,0,0,0,0,0,0,0,0,0,0,0,0,0,0,0,0,0,0,0,0,0,0,0,0,0,0,0,0,0,0,0,0,0,0,0,0,0,0,0,0,0,0,0
1986,26,8,57,36.046,2,7,1,0,0,0,1,1,25,1016,1016,1016,1016,0,0,0,0,0,1,1,0,0,0,-120.4610222,0,0,0,0,3,1,1,10,10,0,0,0,3,1,1,10,1000,0,0,0,0,0,0,0,0,0,0,0,0,0,0,0,0,0,0,0,0,0,0,0,0,0,0,0,0,0,0,0,0,0,0,0,0,0,0,0,0,0,0,0,0,0,0,0,0,0,0,0
1986,26,8,58,24.046,2,7,1,0,0,0,1,1,25,1016,1016,1016,1016,0,0,0,0,0,1,1,0,0,0,-120.5046873,0,0,0,0,3,1,1,10,10,0,0,0,3,1,1,10,1000,0,0,0,0,0,0,0,0,0,0,0,0,0,0,0,0,0,0,0,0,0,0,0,0,0,0,0,0,0,0,0,0,0,0,0,0,0,0,0,0,0,0,0,0,0,0,0,0,0,0,0
1986,26,8,59,12.046,2,7,1,0,0,0,1,1,25,1016,1016,1016,1016,0,0,0,0,0,1,1,0,0,0,-120.5483521,0,0,0,0,3,1,1,10,10,0,0,0,3,1,1,10,1000,0,0,0,0,0,0,0,0,0,0,0,0,0,0,0,0,0,0,0,0,0,0,0,0,0,0,0,0,0,0,0,0,0,0,0,0,0,0,0,0,0,0,0,0,0,0,0,0,0,0,0
1986,26,9,0,0.046,2,7,1,0,0,0,1,1,25,1016,1016,1016,1016,0,0,0,0,0,1,1,0,0,0,-120.5920169,0,0,0,0,3,1,1,10,10,0,0,0,3,1,1,10,1000,0,0,0,0,0,0,0,0,0,0,0,0,0,0,0,0,0,0,0,0,0,0,0,0,0,0,0,0,0,0,0,0,0,0,0,0,0,0,0,0,0,0,0,0,0,0,0,0,0,0,0
1986,26,9,0,48.046,2,7,1,0,0,0,1,1,25,1016,1016,1016,1016,0,0,0,0,0,1,1,0,0,0,-120.6356815,0,0,0,0,3,1,1,10,10,0,0,0,3,1,1,10,1000,0,0,0,0,0,0,0,0,0,0,0,0,0,0,0,0,0,0,0,0,0,0,0,0,0,0,0,0,0,0,0,0,0,0,0,0,0,0,0,0,0,0,0,0,0,0,0,0,0,0,0
1986,26,9,1,36.046,2,7,1,0,0,0,1,1,25,1016,1016,1016,1016,0,0,0,0,0,1,1,0,0,0,-120.6793459,0,0,0,0,3,1,1,10,10,0,0,0,3,1,1,10,1000,0,0,0,0,0,0,0,0,0,0,0,0,0,0,0,0,0,0,0,0,0,0,0,0,0,0,0,0,0,0,0,0,0,0,0,0,0,0,0,0,0,0,0,0,0,0,0,0,0,0,0
1986,26,9,2,24.046,2,7,1,0,0,0,1,1,25,1016,1016,1016,1016,0,0,0,0,0,1,1,0,0,0,-120.7230102,0,0,0,0,3,1,1,10,10,0,0,0,3,1,1,10,1000,0,0,0,0,0,0,0,0,0,0,0,0,0,0,0,0,0,0,0,0,0,0,0,0,0,0,0,0,0,0,0,0,0,0,0,0,0,0,0,0,0,0,0,0,0,0,0,0,0,0,0
1986,26,9,3,12.046,2,7,1,0,0,0,1,1,25,1016,1016,1016,1016,0,0,0,0,0,1,1,0,0,0,-120.7666744,0,0,0,0,3,1,1,10,10,0,0,0,3,1,1,10,1000,0,0,0,0,0,0,0,0,0,0,0,0,0,0,0,0,0,0,0,0,0,0,0,0,0,0,0,0,0,0,0,0,0,0,0,0,0,0,0,0,0,0,0,0,0,0,0,0,0,0,0
1986,26,9,6,24.046,2,7,1,0,0,0,1,1,25,1016,1016,1016,1016,0,0,0,0,0,1,1,0,0,0,-120.9413297,0,0,0,0,3,1,1,10,10,0,0,0,3,1,1,10,1000,0,0,0,0,0,0,0,0,0,0,0,0,0,0,0,0,0,0,0,0,0,0,0,0,0,0,0,0,0,0,0,0,0,0,0,0,0,0,0,0,0,0,0,0,0,0,0,0,0,0,0
1986,26,9,7,12.046,2,7,1,0,0,0,1,1,25,1016,1016,1016,1016,0,0,0,0,0,1,1,0,0,0,-120.9849931,0,0,0,0,3,1,1,10,10,0,0,0,3,1,1,10,1000,0,0,0,0,0,0,0,0,0,0,0,0,0,0,0,0,0,0,0,0,0,0,0,0,0,0,0,0,0,0,0,0,0,0,0,0,0,0,0,0,0,0,0,0,0,0,0,0,0,0,0
1986,26,9,8,0.046,2,7,1,0,0,0,1,1,25,1016,1016,1016,1016,0,0,0,0,0,1,1,0,0,0,-121.0286564,0,0,0,0,3,1,1,10,10,0,0,0,3,1,1,10,1000,0,0,0,0,0,0,0,0,0,0,0,0,0,0,0,0,0,0,0,0,0,0,0,0,0,0,0,0,0,0,0,0,0,0,0,0,0,0,0,0,0,0,0,0,0,0,0,0,0,0,0
1986,26,9,8,48.045,2,7,1,0,0,0,1,1,25,1016,1016,1016,1016,0,0,0,0,0,1,1,0,0,0,-121.0723187,0,0,0,0,3,1,1,10,10,0,0,0,3,1,1,10,1000,0,0,0,0,0,0,0,0,0,0,0,0,0,0,0,0,0,0,0,0,0,0,0,0,0,0,0,0,0,0,0,0,0,0,0,0,0,0,0,0,0,0,0,0,0,0,0,0,0,0,0
1986,26,9,9,36.045,2,7,1,0,0,0,1,1,25,1016,1016,1016,1016,0,0,0,0,0,1,1,0,0,0,-121.1159817,0,0,0,0,3,1,1,10,10,0,0,0,3,1,1,10,1000,0,0,0,0,0,0,0,0,0,0,0,0,0,0,0,0,0,0,0,0,0,0,0,0,0,0,0,0,0,0,0,0,0,0,0,0,0,0,0,0,0,0,0,0,0,0,0,0,0,0,0
1986,26,9,10,24.045,2,7,1,0,0,0,1,1,25,1016,1016,1016,1016,0,0,0,0,0,1,1,0,0,0,-121.1596446,0,0,0,0,3,1,1,10,10,0,0,0,3,1,1,10,1000,0,0,0,0,0,0,0,0,0,0,0,0,0,0,0,0,0,0,0,0,0,0,0,0,0,0,0,0,0,0,0,0,0,0,0,0,0,0,0,0,0,0,0,0,0,0,0,0,0,0,0
1986,26,9,11,12.045,2,7,1,0,0,0,1,1,25,1016,1016,1016,1016,0,0,0,0,0,1,1,0,0,0,-121.2033074,0,0,0,0,3,1,1,10,10,0,0,0,3,1,1,10,1000,0,0,0,0,0,0,0,0,0,0,0,0,0,0,0,0,0,0,0,0,0,0,0,0,0,0,0,0,0,0,0,0,0,0,0,0,0,0,0,0,0,0,0,0,0,0,0,0,0,0,0
1986,26,9,12,0.045,2,7,1,0,0,0,1,1,25,1016,1016,1016,1016,0,0,0,0,0,1,1,0,0,0,-121.24697,0,0,0,0,3,1,1,10,10,0,0,0,3,1,1,10,1000,0,0,0,0,0,0,0,0,0,0,0,0,0,0,0,0,0,0,0,0,0,0,0,0,0,0,0,0,0,0,0,0,0,0,0,0,0,0,0,0,0,0,0,0,0,0,0,0,0,0,0
1986,26,9,12,48.045,2,7,1,0,0,0,1,1,25,1016,1016,1016,1016,0,0,0,0,0,1,1,0,0,0,-121.2906325,0,0,0,0,3,1,1,10,10,0,0,0,3,1,1,10,1000,0,0,0,0,0,0,0,0,0,0,0,0,0,0,0,0,0,0,0,0,0,0,0,0,0,0,0,0,0,0,0,0,0,0,0,0,0,0,0,0,0,0,0,0,0,0,0,0,0,0,0
1986,26,9,13,36.045,2,7,1,0,0,0,1,1,25,1016,1016,1016,1016,0,0,0,0,0,1,1,0,0,0,-121.3342948,0,0,0,0,3,1,1,10,10,0,0,0,3,1,1,10,1000,0,0,0,0,0,0,0,0,0,0,0,0,0,0,0,0,0,0,0,0,0,0,0,0,0,0,0,0,0,0,0,0,0,0,0,0,0,0,0,0,0,0,0,0,0,0,0,0,0,0,0
1986,26,9,14,24.045,2,7,1,0,0,0,1,1,25,1016,1016,1016,1016,0,0,0,0,0,1,1,0,0,0,-121.377957,0,0,0,0,3,1,1,10,10,0,0,0,3,1,1,10,1000,0,0,0,0,0,0,0,0,0,0,0,0,0,0,0,0,0,0,0,0,0,0,0,0,0,0,0,0,0,0,0,0,0,0,0,0,0,0,0,0,0,0,0,0,0,0,0,0,0,0,0
1986,26,9,15,12.045,2,7,1,0,0,0,1,1,25,1016,1016,1016,1016,0,0,0,0,0,1,1,0,0,0,-121.421619,0,0,0,0,3,1,1,10,10,0,0,0,3,1,1,10,1000,0,0,0,0,0,0,0,0,0,0,0,0,0,0,0,0,0,0,0,0,0,0,0,0,0,0,0,0,0,0,0,0,0,0,0,0,0,0,0,0,0,0,0,0,0,0,0,0,0,0,0
1986,26,9,18,24.045,2,7,1,0,0,0,1,1,25,1016,1016,1016,1016,0,0,0,0,0,1,1,0,0,0,-121.5962658,0,0,0,0,3,1,1,10,10,0,0,0,3,1,1,10,1000,0,0,0,0,0,0,0,0,0,0,0,0,0,0,0,0,0,0,0,0,0,0,0,0,0,0,0,0,0,0,0,0,0,0,0,0,0,0,0,0,0,0,0,0,0,0,0,0,0,0,0
1986,26,9,19,12.045,2,7,1,0,0,0,1,1,25,1016,1016,1016,1016,0,0,0,0,0,1,1,0,0,0,-121.6399271,0,0,0,0,3,1,1,10,10,0,0,0,3,1,1,10,1000,0,0,0,0,0,0,0,0,0,0,0,0,0,0,0,0,0,0,0,0,0,0,0,0,0,0,0,0,0,0,0,0,0,0,0,0,0,0,0,0,0,0,0,0,0,0,0,0,0,0,0
1986,26,9,20,0.045,2,7,1,0,0,0,1,1,25,1016,1016,1016,1016,0,0,0,0,0,1,1,0,0,0,-121.6835883,0,0,0,0,3,1,1,10,10,0,0,0,3,1,1,10,1000,0,0,0,0,0,0,0,0,0,0,0,0,0,0,0,0,0,0,0,0,0,0,0,0,0,0,0,0,0,0,0,0,0,0,0,0,0,0,0,0,0,0,0,0,0,0,0,0,0,0,0
1986,26,9,20,48.045,2,7,1,0,0,0,1,1,25,1016,1016,1016,1016,0,0,0,0,0,1,1,0,0,0,-121.7272494,0,0,0,0,3,1,1,10,10,0,0,0,3,1,1,10,1000,0,0,0,0,0,0,0,0,0,0,0,0,0,0,0,0,0,0,0,0,0,0,0,0,0,0,0,0,0,0,0,0,0,0,0,0,0,0,0,0,0,0,0,0,0,0,0,0,0,0,0
1986,26,9,21,36.045,2,7,1,0,0,0,1,1,25,1016,1016,1016,1016,0,0,0,0,0,1,1,0,0,0,-121.7709103,0,0,0,0,3,1,1,10,10,0,0,0,3,1,1,10,1000,0,0,0,0,0,0,0,0,0,0,0,0,0,0,0,0,0,0,0,0,0,0,0,0,0,0,0,0,0,0,0,0,0,0,0,0,0,0,0,0,0,0,0,0,0,0,0,0,0,0,0
1986,26,9,22,24.045,2,7,1,0,0,0,1,1,25,1016,1016,1016,1016,0,0,0,0,0,1,1,0,0,0,-121.8145711,0,0,0,0,3,1,1,10,10,0,0,0,3,1,1,10,1000,0,0,0,0,0,0,0,0,0,0,0,0,0,0,0,0,0,0,0,0,0,0,0,0,0,0,0,0,0,0,0,0,0,0,0,0,0,0,0,0,0,0,0,0,0,0,0,0,0,0,0
1986,26,9,23,12.045,2,7,1,0,0,0,1,1,25,1016,1016,1016,1016,0,0,0,0,0,1,1,0,0,0,-121.8582317,0,0,0,0,3,1,1,10,10,0,0,0,3,1,1,10,1000,0,0,0,0,0,0,0,0,0,0,0,0,0,0,0,0,0,0,0,0,0,0,0,0,0,0,0,0,0,0,0,0,0,0,0,0,0,0,0,0,0,0,0,0,0,0,0,0,0,0,0
1986,26,9,24,0.044,2,7,1,0,0,0,1,1,25,1016,1016,1016,1016,0,0,0,0,0,1,1,0,0,0,-121.9018913,0,0,0,0,3,1,1,10,10,0,0,0,3,1,1,10,1000,0,0,0,0,0,0,0,0,0,0,0,0,0,0,0,0,0,0,0,0,0,0,0,0,0,0,0,0,0,0,0,0,0,0,0,0,0,0,0,0,0,0,0,0,0,0,0,0,0,0,0
1986,26,9,24,48.044,2,7,1,0,0,0,1,1,25,1016,1016,1016,1016,0,0,0,0,0,1,1,0,0,0,-121.9455517,0,0,0,0,3,1,1,10,10,0,0,0,3,1,1,10,1000,0,0,0,0,0,0,0,0,0,0,0,0,0,0,0,0,0,0,0,0,0,0,0,0,0,0,0,0,0,0,0,0,0,0,0,0,0,0,0,0,0,0,0,0,0,0,0,0,0,0,0
1986,26,9,25,36.044,2,7,1,0,0,0,1,1,25,1016,1016,1016,1016,0,0,0,0,0,1,1,0,0,0,-121.9892119,0,0,0,0,3,1,1,10,10,0,0,0,3,1,1,10,1000,0,0,0,0,0,0,0,0,0,0,0,0,0,0,0,0,0,0,0,0,0,0,0,0,0,0,0,0,0,0,0,0,0,0,0,0,0,0,0,0,0,0,0,0,0,0,0,0,0,0,0
1986,26,9,26,24.044,2,7,1,0,0,0,1,1,25,1016,1016,1016,1016,0,0,0,0,0,1,1,0,0,0,-122.032872,0,0,0,0,3,1,1,10,10,0,0,0,3,1,1,10,1000,0,0,0,0,0,0,0,0,0,0,0,0,0,0,0,0,0,0,0,0,0,0,0,0,0,0,0,0,0,0,0,0,0,0,0,0,0,0,0,0,0,0,0,0,0,0,0,0,0,0,0
1986,26,9,27,12.044,2,7,1,0,0,0,1,1,25,1016,1016,1016,1016,0,0,0,0,0,1,1,0,0,0,-122.0765319,0,0,0,0,3,1,1,10,10,0,0,0,3,1,1,10,1000,0,0,0,0,0,0,0,0,0,0,0,0,0,0,0,0,0,0,0,0,0,0,0,0,0,0,0,0,0,0,0,0,0,0,0,0,0,0,0,0,0,0,0,0,0,0,0,0,0,0,0
1986,26,9,30,24.044,2,7,1,0,0,0,1,1,25,1016,1016,1016,1016,0,0,0,0,0,1,1,0,0,0,-122.2511703,0,0,0,0,3,1,1,10,10,0,0,0,3,1,1,10,1000,0,0,0,0,0,0,0,0,0,0,0,0,0,0,0,0,0,0,0,0,0,0,0,0,0,0,0,0,0,0,0,0,0,0,0,0,0,0,0,0,0,0,0,0,0,0,0,0,0,0,0
1986,26,9,31,12.044,2,7,1,0,0,0,1,1,25,1016,1016,1016,1016,0,0,0,0,0,1,1,0,0,0,-122.2948295,0,0,0,0,3,1,1,10,10,0,0,0,3,1,1,10,1000,0,0,0,0,0,0,0,0,0,0,0,0,0,0,0,0,0,0,0,0,0,0,0,0,0,0,0,0,0,0,0,0,0,0,0,0,0,0,0,0,0,0,0,0,0,0,0,0,0,0,0
1986,26,9,32,0.044,2,7,1,0,0,0,1,1,25,1016,1016,1016,1016,0,0,0,0,0,1,1,0,0,0,-122.3384886,0,0,0,0,3,1,1,10,10,0,0,0,3,1,1,10,1000,0,0,0,0,0,0,0,0,0,0,0,0,0,0,0,0,0,0,0,0,0,0,0,0,0,0,0,0,0,0,0,0,0,0,0,0,0,0,0,0,0,0,0,0,0,0,0,0,0,0,0
1986,26,9,32,48.044,2,7,1,0,0,0,1,1,25,1016,1016,1016,1016,0,0,0,0,0,1,1,0,0,0,-122.3821476,0,0,0,0,3,1,1,10,10,0,0,0,3,1,1,10,1000,0,0,0,0,0,0,0,0,0,0,0,0,0,0,0,0,0,0,0,0,0,0,0,0,0,0,0,0,0,0,0,0,0,0,0,0,0,0,0,0,0,0,0,0,0,0,0,0,0,0,0
1986,26,9,33,36.044,2,7,1,0,0,0,1,1,25,1016,1016,1016,1016,0,0,0,0,0,1,1,0,0,0,-122.4258064,0,0,0,0,3,1,1,10,10,0,0,0,3,1,1,10,1000,0,0,0,0,0,0,0,0,0,0,0,0,0,0,0,0,0,0,0,0,0,0,0,0,0,0,0,0,0,0,0,0,0,0,0,0,0,0,0,0,0,0,0,0,0,0,0,0,0,0,0
1986,26,9,34,24.044,2,7,1,0,0,0,1,1,25,1016,1016,1016,1016,0,0,0,0,0,1,1,0,0,0,-122.4694651,0,0,0,0,3,1,1,10,10,0,0,0,3,1,1,10,1000,0,0,0,0,0,0,0,0,0,0,0,0,0,0,0,0,0,0,0,0,0,0,0,0,0,0,0,0,0,0,0,0,0,0,0,0,0,0,0,0,0,0,0,0,0,0,0,0,0,0,0
1986,26,9,35,12.044,2,7,1,0,0,0,1,1,25,1016,1016,1016,1016,0,0,0,0,0,1,1,0,0,0,-122.5131236,0,0,0,0,3,1,1,10,10,0,0,0,3,1,1,10,1000,0,0,0,0,0,0,0,0,0,0,0,0,0,0,0,0,0,0,0,0,0,0,0,0,0,0,0,0,0,0,0,0,0,0,0,0,0,0,0,0,0,0,0,0,0,0,0,0,0,0,0
1986,26,9,36,0.044,2,7,1,0,0,0,1,1,25,1016,1016,1016,1016,0,0,0,0,0,1,1,0,0,0,-122.556782,0,0,0,0,3,1,1,10,10,0,0,0,3,1,1,10,1000,0,0,0,0,0,0,0,0,0,0,0,0,0,0,0,0,0,0,0,0,0,0,0,0,0,0,0,0,0,0,0,0,0,0,0,0,0,0,0,0,0,0,0,0,0,0,0,0,0,0,0
1986,26,9,36,48.044,2,7,1,0,0,0,1,1,25,1016,1016,1016,1016,0,0,0,0,0,1,1,0,0,0,-122.6004403,0,0,0,0,3,1,1,10,10,0,0,0,3,1,1,10,1000,0,0,0,0,0,0,0,0,0,0,0,0,0,0,0,0,0,0,0,0,0,0,0,0,0,0,0,0,0,0,0,0,0,0,0,0,0,0,0,0,0,0,0,0,0,0,0,0,0,0,0
1986,26,9,37,36.044,2,7,1,0,0,0,1,1,25,1016,1016,1016,1016,0,0,0,0,0,1,1,0,0,0,-122.6440984,0,0,0,0,3,1,1,10,10,0,0,0,3,1,1,10,1000,0,0,0,0,0,0,0,0,0,0,0,0,0,0,0,0,0,0,0,0,0,0,0,0,0,0,0,0,0,0,0,0,0,0,0,0,0,0,0,0,0,0,0,0,0,0,0,0,0,0,0
1986,26,9,38,24.044,2,7,1,0,0,0,1,1,25,1016,1016,1016,1016,0,0,0,0,0,1,1,0,0,0,-122.6877564,0,0,0,0,3,1,1,10,10,0,0,0,3,1,1,10,1000,0,0,0,0,0,0,0,0,0,0,0,0,0,0,0,0,0,0,0,0,0,0,0,0,0,0,0,0,0,0,0,0,0,0,0,0,0,0,0,0,0,0,0,0,0,0,0,0,0,0,0
1986,26,9,39,12.043,2,7,1,0,0,0,1,1,25,1016,1016,1016,1016,0,0,0,0,0,1,1,0,0,0,-122.7314134,0,0,0,0,3,1,1,10,10,0,0,0,3,1,1,10,1000,0,0,0,0,0,0,0,0,0,0,0,0,0,0,0,0,0,0,0,0,0,0,0,0,0,0,0,0,0,0,0,0,0,0,0,0,0,0,0,0,0,0,0,0,0,0,0,0,0,0,0
1986,26,9,42,24.043,2,7,1,0,0,0,1,1,25,1016,1016,1016,1016,0,0,0,0,0,1,1,0,0,0,-122.9060434,0,0,0,0,3,1,1,10,10,0,0,0,3,1,1,10,1000,0,0,0,0,0,0,0,0,0,0,0,0,0,0,0,0,0,0,0,0,0,0,0,0,0,0,0,0,0,0,0,0,0,0,0,0,0,0,0,0,0,0,0,0,0,0,0,0,0,0,0
1986,26,9,43,12.043,2,7,1,0,0,0,1,1,25,1016,1016,1016,1016,0,0,0,0,0,1,1,0,0,0,-122.9497006,0,0,0,0,3,1,1,10,10,0,0,0,3,1,1,10,1000,0,0,0,0,0,0,0,0,0,0,0,0,0,0,0,0,0,0,0,0,0,0,0,0,0,0,0,0,0,0,0,0,0,0,0,0,0,0,0,0,0,0,0,0,0,0,0,0,0,0,0
1986,26,9,44,0.043,2,7,1,0,0,0,1,1,25,1016,1016,1016,1016,0,0,0,0,0,1,1,0,0,0,-122.9933576,0,0,0,0,3,1,1,10,10,0,0,0,3,1,1,10,1000,0,0,0,0,0,0,0,0,0,0,0,0,0,0,0,0,0,0,0,0,0,0,0,0,0,0,0,0,0,0,0,0,0,0,0,0,0,0,0,0,0,0,0,0,0,0,0,0,0,0,0
1986,26,9,44,48.043,2,7,1,0,0,0,1,1,25,1016,1016,1016,1016,0,0,0,0,0,1,1,0,0,0,-123.0370145,0,0,0,0,3,1,1,10,10,0,0,0,3,1,1,10,1000,0,0,0,0,0,0,0,0,0,0,0,0,0,0,0,0,0,0,0,0,0,0,0,0,0,0,0,0,0,0,0,0,0,0,0,0,0,0,0,0,0,0,0,0,0,0,0,0,0,0,0
1986,26,9,45,36.043,2,7,1,0,0,0,1,1,25,1016,1016,1016,1016,0,0,0,0,0,1,1,0,0,0,-123.0806712,0,0,0,0,3,1,1,10,10,0,0,0,3,1,1,10,1000,0,0,0,0,0,0,0,0,0,0,0,0,0,0,0,0,0,0,0,0,0,0,0,0,0,0,0,0,0,0,0,0,0,0,0,0,0,0,0,0,0,0,0,0,0,0,0,0,0,0,0
1986,26,9,46,24.043,2,7,1,0,0,0,1,1,25,1016,1016,1016,1016,0,0,0,0,0,1,1,0,0,0,-123.1243278,0,0,0,0,3,1,1,10,10,0,0,0,3,1,1,10,1000,0,0,0,0,0,0,0,0,0,0,0,0,0,0,0,0,0,0,0,0,0,0,0,0,0,0,0,0,0,0,0,0,0,0,0,0,0,0,0,0,0,0,0,0,0,0,0,0,0,0,0
1986,26,9,47,12.043,2,7,1,0,0,0,1,1,25,1016,1016,1016,1016,0,0,0,0,0,1,1,0,0,0,-123.1679843,0,0,0,0,3,1,1,10,10,0,0,0,3,1,1,10,1000,0,0,0,0,0,0,0,0,0,0,0,0,0,0,0,0,0,0,0,0,0,0,0,0,0,0,0,0,0,0,0,0,0,0,0,0,0,0,0,0,0,0,0,0,0,0,0,0,0,0,0
1986,26,9,48,0.043,2,7,1,0,0,0,1,1,25,1016,1016,1016,1016,0,0,0,0,0,1,1,0,0,0,-123.2116406,0,0,0,0,3,1,1,10,10,0,0,0,3,1,1,10,1000,0,0,0,0,0,0,0,0,0,0,0,0,0,0,0,0,0,0,0,0,0,0,0,0,0,0,0,0,0,0,0,0,0,0,0,0,0,0,0,0,0,0,0,0,0,0,0,0,0,0,0
1986,26,9,48,48.043,2,7,1,0,0,0,1,1,25,1016,1016,1016,1016,0,0,0,0,0,1,1,0,0,0,-123.2552968,0,0,0,0,3,1,1,10,10,0,0,0,3,1,1,10,1000,0,0,0,0,0,0,0,0,0,0,0,0,0,0,0,0,0,0,0,0,0,0,0,0,0,0,0,0,0,0,0,0,0,0,0,0,0,0,0,0,0,0,0,0,0,0,0,0,0,0,0
1986,26,9,49,36.043,2,7,1,0,0,0,1,1,25,1016,1016,1016,1016,0,0,0,0,0,1,1,0,0,0,-123.2989529,0,0,0,0,3,1,1,10,10,0,0,0,3,1,1,10,1000,0,0,0,0,0,0,0,0,0,0,0,0,0,0,0,0,0,0,0,0,0,0,0,0,0,0,0,0,0,0,0,0,0,0,0,0,0,0,0,0,0,0,0,0,0,0,0,0,0,0,0
1986,26,9,50,24.043,2,7,1,0,0,0,1,1,25,1016,1016,1016,1016,0,0,0,0,0,1,1,0,0,0,-123.3426088,0,0,0,0,3,1,1,10,10,0,0,0,3,1,1,10,1000,0,0,0,0,0,0,0,0,0,0,0,0,0,0,0,0,0,0,0,0,0,0,0,0,0,0,0,0,0,0,0,0,0,0,0,0,0,0,0,0,0,0,0,0,0,0,0,0,0,0,0
1986,26,9,51,12.043,2,7,1,0,0,0,1,1,25,1016,1016,1016,1016,0,0,0,0,0,1,1,0,0,0,-123.3862646,0,0,0,0,3,1,1,10,10,0,0,0,3,1,1,10,1000,0,0,0,0,0,0,0,0,0,0,0,0,0,0,0,0,0,0,0,0,0,0,0,0,0,0,0,0,0,0,0,0,0,0,0,0,0,0,0,0,0,0,0,0,0,0,0,0,0,0,0
1986,26,9,54,24.042,2,7,1,0,0,0,1,1,25,1016,1016,1016,1016,0,0,0,0,0,1,1,0,0,0,-123.5608854,0,0,0,0,3,1,1,10,10,0,0,0,3,1,1,10,1000,0,0,0,0,0,0,0,0,0,0,0,0,0,0,0,0,0,0,0,0,0,0,0,0,0,0,0,0,0,0,0,0,0,0,0,0,0,0,0,0,0,0,0,0,0,0,0,0,0,0,0
1986,26,9,55,12.042,2,7,1,0,0,0,1,1,25,1016,1016,1016,1016,0,0,0,0,0,1,1,0,0,0,-123.6045405,0,0,0,0,3,1,1,10,10,0,0,0,3,1,1,10,1000,0,0,0,0,0,0,0,0,0,0,0,0,0,0,0,0,0,0,0,0,0,0,0,0,0,0,0,0,0,0,0,0,0,0,0,0,0,0,0,0,0,0,0,0,0,0,0,0,0,0,0
1986,26,9,56,0.042,2,7,1,0,0,0,1,1,25,1016,1016,1016,1016,0,0,0,0,0,1,1,0,0,0,-123.6481955,0,0,0,0,3,1,1,10,10,0,0,0,3,1,1,10,1000,0,0,0,0,0,0,0,0,0,0,0,0,0,0,0,0,0,0,0,0,0,0,0,0,0,0,0,0,0,0,0,0,0,0,0,0,0,0,0,0,0,0,0,0,0,0,0,0,0,0,0
1986,26,9,56,48.042,2,7,1,0,0,0,1,1,25,1016,1016,1016,1016,0,0,0,0,0,1,1,0,0,0,-123.6918503,0,0,0,0,3,1,1,10,10,0,0,0,3,1,1,10,1000,0,0,0,0,0,0,0,0,0,0,0,0,0,0,0,0,0,0,0,0,0,0,0,0,0,0,0,0,0,0,0,0,0,0,0,0,0,0,0,0,0,0,0,0,0,0,0,0,0,0,0
1986,26,9,57,36.042,2,7,1,0,0,0,1,1,25,1016,1016,1016,1016,0,0,0,0,0,1,1,0,0,0,-123.735505,0,0,0,0,3,1,1,10,10,0,0,0,3,1,1,10,1000,0,0,0,0,0,0,0,0,0,0,0,0,0,0,0,0,0,0,0,0,0,0,0,0,0,0,0,0,0,0,0,0,0,0,0,0,0,0,0,0,0,0,0,0,0,0,0,0,0,0,0
1986,26,9,58,24.042,2,7,1,0,0,0,1,1,25,1016,1016,1016,1016,0,0,0,0,0,1,1,0,0,0,-123.7791595,0,0,0,0,3,1,1,10,10,0,0,0,3,1,1,10,1000,0,0,0,0,0,0,0,0,0,0,0,0,0,0,0,0,0,0,0,0,0,0,0,0,0,0,0,0,0,0,0,0,0,0,0,0,0,0,0,0,0,0,0,0,0,0,0,0,0,0,0
1986,26,9,59,12.042,2,7,1,0,0,0,1,1,25,1016,1016,1016,1016,0,0,0,0,0,1,1,0,0,0,-123.8228139,0,0,0,0,3,1,1,10,10,0,0,0,3,1,1,10,1000,0,0,0,0,0,0,0,0,0,0,0,0,0,0,0,0,0,0,0,0,0,0,0,0,0,0,0,0,0,0,0,0,0,0,0,0,0,0,0,0,0,0,0,0,0,0,0,0,0,0,0
1986,26,10,0,0.042,2,7,1,0,0,0,1,1,25,1016,1016,1016,1016,0,0,0,0,0,1,1,0,0,0,-123.8664682,0,0,0,0,3,1,1,10,10,0,0,0,3,1,1,10,1000,0,0,0,0,0,0,0,0,0,0,0,0,0,0,0,0,0,0,0,0,0,0,0,0,0,0,0,0,0,0,0,0,0,0,0,0,0,0,0,0,0,0,0,0,0,0,0,0,0,0,0
1986,26,10,0,48.042,2,7,1,0,0,0,1,1,25,1016,1016,1016,1016,0,0,0,0,0,1,1,0,0,0,-123.9101224,0,0,0,0,3,1,1,10,10,0,0,0,3,1,1,10,1000,0,0,0,0,0,0,0,0,0,0,0,0,0,0,0,0,0,0,0,0,0,0,0,0,0,0,0,0,0,0,0,0,0,0,0,0,0,0,0,0,0,0,0,0,0,0,0,0,0,0,0
1986,26,10,1,36.042,2,7,1,0,0,0,1,1,25,1016,1016,1016,1016,0,0,0,0,0,1,1,0,0,0,-123.9537764,0,0,0,0,3,1,1,10,10,0,0,0,3,1,1,10,1000,0,0,0,0,0,0,0,0,0,0,0,0,0,0,0,0,0,0,0,0,0,0,0,0,0,0,0,0,0,0,0,0,0,0,0,0,0,0,0,0,0,0,0,0,0,0,0,0,0,0,0
1986,26,10,2,24.042,2,7,1,0,0,0,1,1,25,1016,1016,1016,1016,0,0,0,0,0,1,1,0,0,0,-123.9974302,0,0,0,0,3,1,1,10,10,0,0,0,3,1,1,10,1000,0,0,0,0,0,0,0,0,0,0,0,0,0,0,0,0,0,0,0,0,0,0,0,0,0,0,0,0,0,0,0,0,0,0,0,0,0,0,0,0,0,0,0,0,0,0,0,0,0,0,0
1986,26,10,3,12.042,2,7,1,0,0,0,1,1,25,1016,1016,1016,1016,0,0,0,0,0,1,1,0,0,0,-124.041084,0,0,0,0,3,1,1,10,10,0,0,0,3,1,1,10,1000,0,0,0,0,0,0,0,0,0,0,0,0,0,0,0,0,0,0,0,0,0,0,0,0,0,0,0,0,0,0,0,0,0,0,0,0,0,0,0,0,0,0,0,0,0,0,0,0,0,0,0
1986,26,10,6,24.042,2,7,1,0,0,0,1,1,25,1016,1016,1016,1016,0,0,0,0,0,1,1,0,0,0,-124.2156975,0,0,0,0,3,1,1,10,10,0,0,0,3,1,1,10,1000,0,0,0,0,0,0,0,0,0,0,0,0,0,0,0,0,0,0,0,0,0,0,0,0,0,0,0,0,0,0,0,0,0,0,0,0,0,0,0,0,0,0,0,0,0,0,0,0,0,0,0
1986,26,10,7,12.042,2,7,1,0,0,0,1,1,25,1016,1016,1016,1016,0,0,0,0,0,1,1,0,0,0,-124.2593506,0,0,0,0,3,1,1,10,10,0,0,0,3,1,1,10,1000,0,0,0,0,0,0,0,0,0,0,0,0,0,0,0,0,0,0,0,0,0,0,0,0,0,0,0,0,0,0,0,0,0,0,0,0,0,0,0,0,0,0,0,0,0,0,0,0,0,0,0
1986,26,10,8,0.042,2,7,1,0,0,0,1,1,25,1016,1016,1016,1016,0,0,0,0,0,1,1,0,0,0,-124.3030035,0,0,0,0,3,1,1,10,10,0,0,0,3,1,1,10,1000,0,0,0,0,0,0,0,0,0,0,0,0,0,0,0,0,0,0,0,0,0,0,0,0,0,0,0,0,0,0,0,0,0,0,0,0,0,0,0,0,0,0,0,0,0,0,0,0,0,0,0
1986,26,10,8,48.042,2,7,1,0,0,0,1,1,25,1016,1016,1016,1016,0,0,0,0,0,1,1,0,0,0,-124.3466563,0,0,0,0,3,1,1,10,10,0,0,0,3,1,1,10,1000,0,0,0,0,0,0,0,0,0,0,0,0,0,0,0,0,0,0,0,0,0,0,0,0,0,0,0,0,0,0,0,0,0,0,0,0,0,0,0,0,0,0,0,0,0,0,0,0,0,0,0
1986,26,10,9,36.041,2,7,1,0,0,0,1,1,25,1016,1016,1016,1016,0,0,0,0,0,1,1,0,0,0,-124.390308,0,0,0,0,3,1,1,10,10,0,0,0,3,1,1,10,1000,0,0,0,0,0,0,0,0,0,0,0,0,0,0,0,0,0,0,0,0,0,0,0,0,0,0,0,0,0,0,0,0,0,0,0,0,0,0,0,0,0,0,0,0,0,0,0,0,0,0,0
1986,26,10,10,24.041,2,7,1,0,0,0,1,1,25,1016,1016,1016,1016,0,0,0,0,0,1,1,0,0,0,-124.4339605,0,0,0,0,3,1,1,10,10,0,0,0,3,1,1,10,1000,0,0,0,0,0,0,0,0,0,0,0,0,0,0,0,0,0,0,0,0,0,0,0,0,0,0,0,0,0,0,0,0,0,0,0,0,0,0,0,0,0,0,0,0,0,0,0,0,0,0,0
1986,26,10,11,12.041,2,7,1,0,0,0,1,1,25,1016,1016,1016,1016,0,0,0,0,0,1,1,0,0,0,-124.4776129,0,0,0,0,3,1,1,10,10,0,0,0,3,1,1,10,1000,0,0,0,0,0,0,0,0,0,0,0,0,0,0,0,0,0,0,0,0,0,0,0,0,0,0,0,0,0,0,0,0,0,0,0,0,0,0,0,0,0,0,0,0,0,0,0,0,0,0,0
1986,26,10,12,0.041,2,7,1,0,0,0,1,1,25,1016,1016,1016,1016,0,0,0,0,0,1,1,0,0,0,-124.5212651,0,0,0,0,3,1,1,10,10,0,0,0,3,1,1,10,1000,0,0,0,0,0,0,0,0,0,0,0,0,0,0,0,0,0,0,0,0,0,0,0,0,0,0,0,0,0,0,0,0,0,0,0,0,0,0,0,0,0,0,0,0,0,0,0,0,0,0,0
1986,26,10,12,48.041,2,7,1,0,0,0,1,1,25,1016,1016,1016,1016,0,0,0,0,0,1,1,0,0,0,-124.5649172,0,0,0,0,3,1,1,10,10,0,0,0,3,1,1,10,1000,0,0,0,0,0,0,0,0,0,0,0,0,0,0,0,0,0,0,0,0,0,0,0,0,0,0,0,0,0,0,0,0,0,0,0,0,0,0,0,0,0,0,0,0,0,0,0,0,0,0,0
1986,26,10,13,36.041,2,7,1,0,0,0,1,1,25,1016,1016,1016,1016,0,0,0,0,0,1,1,0,0,0,-124.6085692,0,0,0,0,3,1,1,10,10,0,0,0,3,1,1,10,1000,0,0,0,0,0,0,0,0,0,0,0,0,0,0,0,0,0,0,0,0,0,0,0,0,0,0,0,0,0,0,0,0,0,0,0,0,0,0,0,0,0,0,0,0,0,0,0,0,0,0,0
1986,26,10,14,24.041,2,7,1,0,0,0,1,1,25,1016,1016,1016,1016,0,0,0,0,0,1,1,0,0,0,-124.652221,0,0,0,0,3,1,1,10,10,0,0,0,3,1,1,10,1000,0,0,0,0,0,0,0,0,0,0,0,0,0,0,0,0,0,0,0,0,0,0,0,0,0,0,0,0,0,0,0,0,0,0,0,0,0,0,0,0,0,0,0,0,0,0,0,0,0,0,0
1986,26,10,15,12.041,2,7,1,0,0,0,1,1,25,1016,1016,1016,1016,0,0,0,0,0,1,1,0,0,0,-124.6958727,0,0,0,0,3,1,1,10,10,0,0,0,3,1,1,10,1000,0,0,0,0,0,0,0,0,0,0,0,0,0,0,0,0,0,0,0,0,0,0,0,0,0,0,0,0,0,0,0,0,0,0,0,0,0,0,0,0,0,0,0,0,0,0,0,0,0,0,0
1986,26,10,18,24.041,2,7,1,0,0,0,1,1,25,1016,1016,1016,1016,0,0,0,0,0,1,1,0,0,0,-124.8704781,0,0,0,0,3,1,1,10,10,0,0,0,3,1,1,10,1000,0,0,0,0,0,0,0,0,0,0,0,0,0,0,0,0,0,0,0,0,0,0,0,0,0,0,0,0,0,0,0,0,0,0,0,0,0,0,0,0,0,0,0,0,0,0,0,0,0,0,0
1986,26,10,19,12.041,2,7,1,0,0,0,1,1,25,1016,1016,1016,1016,0,0,0,0,0,1,1,0,0,0,-124.9141292,0,0,0,0,3,1,1,10,10,0,0,0,3,1,1,10,1000,0,0,0,0,0,0,0,0,0,0,0,0,0,0,0,0,0,0,0,0,0,0,0,0,0,0,0,0,0,0,0,0,0,0,0,0,0,0,0,0,0,0,0,0,0,0,0,0,0,0,0
1986,26,10,20,0.041,2,7,1,0,0,0,1,1,25,1016,1016,1016,1016,0,0,0,0,0,1,1,0,0,0,-124.95778,0,0,0,0,3,1,1,10,10,0,0,0,3,1,1,10,1000,0,0,0,0,0,0,0,0,0,0,0,0,0,0,0,0,0,0,0,0,0,0,0,0,0,0,0,0,0,0,0,0,0,0,0,0,0,0,0,0,0,0,0,0,0,0,0,0,0,0,0
1986,26,10,20,48.041,2,7,1,0,0,0,1,1,25,1016,1016,1016,1016,0,0,0,0,0,1,1,0,0,0,-125.0014308,0,0,0,0,3,1,1,10,10,0,0,0,3,1,1,10,1000,0,0,0,0,0,0,0,0,0,0,0,0,0,0,0,0,0,0,0,0,0,0,0,0,0,0,0,0,0,0,0,0,0,0,0,0,0,0,0,0,0,0,0,0,0,0,0,0,0,0,0
1986,26,10,21,36.041,2,7,1,0,0,0,1,1,25,1016,1016,1016,1016,0,0,0,0,0,1,1,0,0,0,-125.0450814,0,0,0,0,3,1,1,10,10,0,0,0,3,1,1,10,1000,0,0,0,0,0,0,0,0,0,0,0,0,0,0,0,0,0,0,0,0,0,0,0,0,0,0,0,0,0,0,0,0,0,0,0,0,0,0,0,0,0,0,0,0,0,0,0,0,0,0,0
1986,26,10,22,24.041,2,7,1,0,0,0,1,1,25,1016,1016,1016,1016,0,0,0,0,0,1,1,0,0,0,-125.088732,0,0,0,0,3,1,1,10,10,0,0,0,3,1,1,10,1000,0,0,0,0,0,0,0,0,0,0,0,0,0,0,0,0,0,0,0,0,0,0,0,0,0,0,0,0,0,0,0,0,0,0,0,0,0,0,0,0,0,0,0,0,0,0,0,0,0,0,0
1986,26,10,23,12.041,2,7,1,0,0,0,1,1,25,1016,1016,1016,1016,0,0,0,0,0,1,1,0,0,0,-125.1323823,0,0,0,0,3,1,1,10,10,0,0,0,3,1,1,10,1000,0,0,0,0,0,0,0,0,0,0,0,0,0,0,0,0,0,0,0,0,0,0,0,0,0,0,0,0,0,0,0,0,0,0,0,0,0,0,0,0,0,0,0,0,0,0,0,0,0,0,0
1986,26,10,24,0.041,2,7,1,0,0,0,1,1,25,1016,1016,1016,1016,0,0,0,0,0,1,1,0,0,0,-125.1760326,0,0,0,0,3,1,1,10,10,0,0,0,3,1,1,10,1000,0,0,0,0,0,0,0,0,0,0,0,0,0,0,0,0,0,0,0,0,0,0,0,0,0,0,0,0,0,0,0,0,0,0,0,0,0,0,0,0,0,0,0,0,0,0,0,0,0,0,0
1986,26,10,24,48.04,2,7,1,0,0,0,1,1,25,1016,1016,1016,1016,0,0,0,0,0,1,1,0,0,0,-125.2196817,0,0,0,0,3,1,1,10,10,0,0,0,3,1,1,10,1000,0,0,0,0,0,0,0,0,0,0,0,0,0,0,0,0,0,0,0,0,0,0,0,0,0,0,0,0,0,0,0,0,0,0,0,0,0,0,0,0,0,0,0,0,0,0,0,0,0,0,0
1986,26,10,25,36.04,2,7,1,0,0,0,1,1,25,1016,1016,1016,1016,0,0,0,0,0,1,1,0,0,0,-125.2633317,0,0,0,0,3,1,1,10,10,0,0,0,3,1,1,10,1000,0,0,0,0,0,0,0,0,0,0,0,0,0,0,0,0,0,0,0,0,0,0,0,0,0,0,0,0,0,0,0,0,0,0,0,0,0,0,0,0,0,0,0,0,0,0,0,0,0,0,0
1986,26,10,26,24.04,2,7,1,0,0,0,1,1,25,1016,1016,1016,1016,0,0,0,0,0,1,1,0,0,0,-125.3069815,0,0,0,0,3,1,1,10,10,0,0,0,3,1,1,10,1000,0,0,0,0,0,0,0,0,0,0,0,0,0,0,0,0,0,0,0,0,0,0,0,0,0,0,0,0,0,0,0,0,0,0,0,0,0,0,0,0,0,0,0,0,0,0,0,0,0,0,0
1986,26,10,27,12.04,2,7,1,0,0,0,1,1,25,1016,1016,1016,1016,0,0,0,0,0,1,1,0,0,0,-125.3506312,0,0,0,0,3,1,1,10,10,0,0,0,3,1,1,10,1000,0,0,0,0,0,0,0,0,0,0,0,0,0,0,0,0,0,0,0,0,0,0,0,0,0,0,0,0,0,0,0,0,0,0,0,0,0,0,0,0,0,0,0,0,0,0,0,0,0,0,0
1986,26,10,30,24.04,2,7,1,0,0,0,1,1,25,1016,1016,1016,1016,0,0,0,0,0,1,1,0,0,0,-125.5252285,0,0,0,0,3,1,1,10,10,0,0,0,3,1,1,10,1000,0,0,0,0,0,0,0,0,0,0,0,0,0,0,0,0,0,0,0,0,0,0,0,0,0,0,0,0,0,0,0,0,0,0,0,0,0,0,0,0,0,0,0,0,0,0,0,0,0,0,0
1986,26,10,31,12.04,2,7,1,0,0,0,1,1,25,1016,1016,1016,1016,0,0,0,0,0,1,1,0,0,0,-125.5688775,0,0,0,0,3,1,1,10,10,0,0,0,3,1,1,10,1000,0,0,0,0,0,0,0,0,0,0,0,0,0,0,0,0,0,0,0,0,0,0,0,0,0,0,0,0,0,0,0,0,0,0,0,0,0,0,0,0,0,0,0,0,0,0,0,0,0,0,0
1986,26,10,32,0.04,2,7,1,0,0,0,1,1,25,1016,1016,1016,1016,0,0,0,0,0,1,1,0,0,0,-125.6125264,0,0,0,0,3,1,1,10,10,0,0,0,3,1,1,10,1000,0,0,0,0,0,0,0,0,0,0,0,0,0,0,0,0,0,0,0,0,0,0,0,0,0,0,0,0,0,0,0,0,0,0,0,0,0,0,0,0,0,0,0,0,0,0,0,0,0,0,0
1986,26,10,32,48.04,2,7,1,0,0,0,1,1,25,1016,1016,1016,1016,0,0,0,0,0,1,1,0,0,0,-125.6561752,0,0,0,0,3,1,1,10,10,0,0,0,3,1,1,10,1000,0,0,0,0,0,0,0,0,0,0,0,0,0,0,0,0,0,0,0,0,0,0,0,0,0,0,0,0,0,0,0,0,0,0,0,0,0,0,0,0,0,0,0,0,0,0,0,0,0,0,0
1986,26,10,33,36.04,2,7,1,0,0,0,1,1,25,1016,1016,1016,1016,0,0,0,0,0,1,1,0,0,0,-125.6998238,0,0,0,0,3,1,1,10,10,0,0,0,3,1,1,10,1000,0,0,0,0,0,0,0,0,0,0,0,0,0,0,0,0,0,0,0,0,0,0,0,0,0,0,0,0,0,0,0,0,0,0,0,0,0,0,0,0,0,0,0,0,0,0,0,0,0,0,0
1986,26,10,34,24.04,2,7,1,0,0,0,1,1,25,1016,1016,1016,1016,0,0,0,0,0,1,1,0,0,0,-125.7434722,0,0,0,0,3,1,1,10,10,0,0,0,3,1,1,10,1000,0,0,0,0,0,0,0,0,0,0,0,0,0,0,0,0,0,0,0,0,0,0,0,0,0,0,0,0,0,0,0,0,0,0,0,0,0,0,0,0,0,0,0,0,0,0,0,0,0,0,0
1986,26,10,35,12.04,2,7,1,0,0,0,1,1,25,1016,1016,1016,1016,0,0,0,0,0,1,1,0,0,0,-125.7871206,0,0,0,0,3,1,1,10,10,0,0,0,3,1,1,10,1000,0,0,0,0,0,0,0,0,0,0,0,0,0,0,0,0,0,0,0,0,0,0,0,0,0,0,0,0,0,0,0,0,0,0,0,0,0,0,0,0,0,0,0,0,0,0,0,0,0,0,0
1986,26,10,36,0.04,2,7,1,0,0,0,1,1,25,1016,1016,1016,1016,0,0,0,0,0,1,1,0,0,0,-125.8307688,0,0,0,0,3,1,1,10,10,0,0,0,3,1,1,10,1000,0,0,0,0,0,0,0,0,0,0,0,0,0,0,0,0,0,0,0,0,0,0,0,0,0,0,0,0,0,0,0,0,0,0,0,0,0,0,0,0,0,0,0,0,0,0,0,0,0,0,0
1986,26,10,36,48.04,2,7,1,0,0,0,1,1,25,1016,1016,1016,1016,0,0,0,0,0,1,1,0,0,0,-125.8744169,0,0,0,0,3,1,1,10,10,0,0,0,3,1,1,10,1000,0,0,0,0,0,0,0,0,0,0,0,0,0,0,0,0,0,0,0,0,0,0,0,0,0,0,0,0,0,0,0,0,0,0,0,0,0,0,0,0,0,0,0,0,0,0,0,0,0,0,0
1986,26,10,37,36.04,2,7,1,0,0,0,1,1,25,1016,1016,1016,1016,0,0,0,0,0,1,1,0,0,0,-125.9180648,0,0,0,0,3,1,1,10,10,0,0,0,3,1,1,10,1000,0,0,0,0,0,0,0,0,0,0,0,0,0,0,0,0,0,0,0,0,0,0,0,0,0,0,0,0,0,0,0,0,0,0,0,0,0,0,0,0,0,0,0,0,0,0,0,0,0,0,0
1986,26,10,38,24.04,2,7,1,0,0,0,1,1,25,1016,1016,1016,1016,0,0,0,0,0,1,1,0,0,0,-125.9617126,0,0,0,0,3,1,1,10,10,0,0,0,3,1,1,10,1000,0,0,0,0,0,0,0,0,0,0,0,0,0,0,0,0,0,0,0,0,0,0,0,0,0,0,0,0,0,0,0,0,0,0,0,0,0,0,0,0,0,0,0,0,0,0,0,0,0,0,0
1986,26,10,39,12.04,2,7,1,0,0,0,1,1,25,1016,1016,1016,1016,0,0,0,0,0,1,1,0,0,0,-126.0053603,0,0,0,0,3,1,1,10,10,0,0,0,3,1,1,10,1000,0,0,0,0,0,0,0,0,0,0,0,0,0,0,0,0,0,0,0,0,0,0,0,0,0,0,0,0,0,0,0,0,0,0,0,0,0,0,0,0,0,0,0,0,0,0,0,0,0,0,0
1986,26,10,42,24.039,2,7,1,0,0,0,1,1,25,1016,1016,1016,1016,0,0,0,0,0,1,1,0,0,0,-126.1799488,0,0,0,0,3,1,1,10,10,0,0,0,3,1,1,10,1000,0,0,0,0,0,0,0,0,0,0,0,0,0,0,0,0,0,0,0,0,0,0,0,0,0,0,0,0,0,0,0,0,0,0,0,0,0,0,0,0,0,0,0,0,0,0,0,0,0,0,0
1986,26,10,43,12.039,2,7,1,0,0,0,1,1,25,1016,1016,1016,1016,0,0,0,0,0,1,1,0,0,0,-126.2235958,0,0,0,0,3,1,1,10,10,0,0,0,3,1,1,10,1000,0,0,0,0,0,0,0,0,0,0,0,0,0,0,0,0,0,0,0,0,0,0,0,0,0,0,0,0,0,0,0,0,0,0,0,0,0,0,0,0,0,0,0,0,0,0,0,0,0,0,0
1986,26,10,44,0.039,2,7,1,0,0,0,1,1,25,1016,1016,1016,1016,0,0,0,0,0,1,1,0,0,0,-126.2672427,0,0,0,0,3,1,1,10,10,0,0,0,3,1,1,10,1000,0,0,0,0,0,0,0,0,0,0,0,0,0,0,0,0,0,0,0,0,0,0,0,0,0,0,0,0,0,0,0,0,0,0,0,0,0,0,0,0,0,0,0,0,0,0,0,0,0,0,0
1986,26,10,44,48.039,2,7,1,0,0,0,1,1,25,1016,1016,1016,1016,0,0,0,0,0,1,1,0,0,0,-126.3108894,0,0,0,0,3,1,1,10,10,0,0,0,3,1,1,10,1000,0,0,0,0,0,0,0,0,0,0,0,0,0,0,0,0,0,0,0,0,0,0,0,0,0,0,0,0,0,0,0,0,0,0,0,0,0,0,0,0,0,0,0,0,0,0,0,0,0,0,0
1986,26,10,45,36.039,2,7,1,0,0,0,1,1,25,1016,1016,1016,1016,0,0,0,0,0,1,1,0,0,0,-126.354536,0,0,0,0,3,1,1,10,10,0,0,0,3,1,1,10,1000,0,0,0,0,0,0,0,0,0,0,0,0,0,0,0,0,0,0,0,0,0,0,0,0,0,0,0,0,0,0,0,0,0,0,0,0,0,0,0,0,0,0,0,0,0,0,0,0,0,0,0
1986,26,10,46,24.039,2,7,1,0,0,0,1,1,25,1016,1016,1016,1016,0,0,0,0,0,1,1,0,0,0,-126.3981825,0,0,0,0,3,1,1,10,10,0,0,0,3,1,1,10,1000,0,0,0,0,0,0,0,0,0,0,0,0,0,0,0,0,0,0,0,0,0,0,0,0,0,0,0,0,0,0,0,0,0,0,0,0,0,0,0,0,0,0,0,0,0,0,0,0,0,0,0
1986,26,10,47,12.039,2,7,1,0,0,0,1,1,25,1016,1016,1016,1016,0,0,0,0,0,1,1,0,0,0,-126.4418289,0,0,0,0,3,1,1,10,10,0,0,0,3,1,1,10,1000,0,0,0,0,0,0,0,0,0,0,0,0,0,0,0,0,0,0,0,0,0,0,0,0,0,0,0,0,0,0,0,0,0,0,0,0,0,0,0,0,0,0,0,0,0,0,0,0,0,0,0
1986,26,10,48,0.039,2,7,1,0,0,0,1,1,25,1016,1016,1016,1016,0,0,0,0,0,1,1,0,0,0,-126.4854751,0,0,0,0,3,1,1,10,10,0,0,0,3,1,1,10,1000,0,0,0,0,0,0,0,0,0,0,0,0,0,0,0,0,0,0,0,0,0,0,0,0,0,0,0,0,0,0,0,0,0,0,0,0,0,0,0,0,0,0,0,0,0,0,0,0,0,0,0
1986,26,10,48,48.039,2,7,1,0,0,0,1,1,25,1016,1016,1016,1016,0,0,0,0,0,1,1,0,0,0,-126.5291212,0,0,0,0,3,1,1,10,10,0,0,0,3,1,1,10,1000,0,0,0,0,0,0,0,0,0,0,0,0,0,0,0,0,0,0,0,0,0,0,0,0,0,0,0,0,0,0,0,0,0,0,0,0,0,0,0,0,0,0,0,0,0,0,0,0,0,0,0
1986,26,10,49,36.039,2,7,1,0,0,0,1,1,25,1016,1016,1016,1016,0,0,0,0,0,1,1,0,0,0,-126.5727672,0,0,0,0,3,1,1,10,10,0,0,0,3,1,1,10,1000,0,0,0,0,0,0,0,0,0,0,0,0,0,0,0,0,0,0,0,0,0,0,0,0,0,0,0,0,0,0,0,0,0,0,0,0,0,0,0,0,0,0,0,0,0,0,0,0,0,0,0
1986,26,10,50,24.039,2,7,1,0,0,0,1,1,25,1016,1016,1016,1016,0,0,0,0,0,1,1,0,0,0,-126.616413,0,0,0,0,3,1,1,10,10,0,0,0,3,1,1,10,1000,0,0,0,0,0,0,0,0,0,0,0,0,0,0,0,0,0,0,0,0,0,0,0,0,0,0,0,0,0,0,0,0,0,0,0,0,0,0,0,0,0,0,0,0,0,0,0,0,0,0,0
1986,26,10,51,12.039,2,7,1,0,0,0,1,1,25,1016,1016,1016,1016,0,0,0,0,0,1,1,0,0,0,-126.6600587,0,0,0,0,3,1,1,10,10,0,0,0,3,1,1,10,1000,0,0,0,0,0,0,0,0,0,0,0,0,0,0,0,0,0,0,0,0,0,0,0,0,0,0,0,0,0,0,0,0,0,0,0,0,0,0,0,0,0,0,0,0,0,0,0,0,0,0,0
1986,26,10,54,24.038,2,7,1,0,0,0,1,1,25,1016,1016,1016,1016,0,0,0,0,0,1,1,0,0,0,-126.8346392,0,0,0,0,3,1,1,10,10,0,0,0,3,1,1,10,1000,0,0,0,0,0,0,0,0,0,0,0,0,0,0,0,0,0,0,0,0,0,0,0,0,0,0,0,0,0,0,0,0,0,0,0,0,0,0,0,0,0,0,0,0,0,0,0,0,0,0,0
1986,26,10,55,12.038,2,7,1,0,0,0,1,1,25,1016,1016,1016,1016,0,0,0,0,0,1,1,0,0,0,-126.8782843,0,0,0,0,3,1,1,10,10,0,0,0,3,1,1,10,1000,0,0,0,0,0,0,0,0,0,0,0,0,0,0,0,0,0,0,0,0,0,0,0,0,0,0,0,0,0,0,0,0,0,0,0,0,0,0,0,0,0,0,0,0,0,0,0,0,0,0,0
1986,26,10,56,0.038,2,7,1,0,0,0,1,1,25,1016,1016,1016,1016,0,0,0,0,0,1,1,0,0,0,-126.9219292,0,0,0,0,3,1,1,10,10,0,0,0,3,1,1,10,1000,0,0,0,0,0,0,0,0,0,0,0,0,0,0,0,0,0,0,0,0,0,0,0,0,0,0,0,0,0,0,0,0,0,0,0,0,0,0,0,0,0,0,0,0,0,0,0,0,0,0,0
1986,26,10,56,48.038,2,7,1,0,0,0,1,1,25,1016,1016,1016,1016,0,0,0,0,0,1,1,0,0,0,-126.9655739,0,0,0,0,3,1,1,10,10,0,0,0,3,1,1,10,1000,0,0,0,0,0,0,0,0,0,0,0,0,0,0,0,0,0,0,0,0,0,0,0,0,0,0,0,0,0,0,0,0,0,0,0,0,0,0,0,0,0,0,0,0,0,0,0,0,0,0,0
1986,26,10,57,36.038,2,7,1,0,0,0,1,1,25,1016,1016,1016,1016,0,0,0,0,0,1,1,0,0,0,-127.0092186,0,0,0,0,3,1,1,10,10,0,0,0,3,1,1,10,1000,0,0,0,0,0,0,0,0,0,0,0,0,0,0,0,0,0,0,0,0,0,0,0,0,0,0,0,0,0,0,0,0,0,0,0,0,0,0,0,0,0,0,0,0,0,0,0,0,0,0,0
1986,26,10,58,24.038,2,7,1,0,0,0,1,1,25,1016,1016,1016,1016,0,0,0,0,0,1,1,0,0,0,-127.0528631,0,0,0,0,3,1,1,10,10,0,0,0,3,1,1,10,1000,0,0,0,0,0,0,0,0,0,0,0,0,0,0,0,0,0,0,0,0,0,0,0,0,0,0,0,0,0,0,0,0,0,0,0,0,0,0,0,0,0,0,0,0,0,0,0,0,0,0,0
1986,26,10,59,12.038,2,7,1,0,0,0,1,1,25,1016,1016,1016,1016,0,0,0,0,0,1,1,0,0,0,-127.0965075,0,0,0,0,3,1,1,10,10,0,0,0,3,1,1,10,1000,0,0,0,0,0,0,0,0,0,0,0,0,0,0,0,0,0,0,0,0,0,0,0,0,0,0,0,0,0,0,0,0,0,0,0,0,0,0,0,0,0,0,0,0,0,0,0,0,0,0,0
1986,26,11,0,0.038,2,7,1,0,0,0,1,1,25,1016,1016,1016,1016,0,0,0,0,0,1,1,0,0,0,-127.1401517,0,0,0,0,3,1,1,10,10,0,0,0,3,1,1,10,1000,0,0,0,0,0,0,0,0,0,0,0,0,0,0,0,0,0,0,0,0,0,0,0,0,0,0,0,0,0,0,0,0,0,0,0,0,0,0,0,0,0,0,0,0,0,0,0,0,0,0,0
1986,26,11,0,48.038,2,7,1,0,0,0,1,1,25,1016,1016,1016,1016,0,0,0,0,0,1,1,0,0,0,-127.1837958,0,0,0,0,3,1,1,10,10,0,0,0,3,1,1,10,1000,0,0,0,0,0,0,0,0,0,0,0,0,0,0,0,0,0,0,0,0,0,0,0,0,0,0,0,0,0,0,0,0,0,0,0,0,0,0,0,0,0,0,0,0,0,0,0,0,0,0,0
1986,26,11,1,36.038,2,7,1,0,0,0,1,1,25,1016,1016,1016,1016,0,0,0,0,0,1,1,0,0,0,-127.2274398,0,0,0,0,3,1,1,10,10,0,0,0,3,1,1,10,1000,0,0,0,0,0,0,0,0,0,0,0,0,0,0,0,0,0,0,0,0,0,0,0,0,0,0,0,0,0,0,0,0,0,0,0,0,0,0,0,0,0,0,0,0,0,0,0,0,0,0,0
1986,26,11,2,24.038,2,7,1,0,0,0,1,1,25,1016,1016,1016,1016,0,0,0,0,0,1,1,0,0,0,-127.2710837,0,0,0,0,3,1,1,10,10,0,0,0,3,1,1,10,1000,0,0,0,0,0,0,0,0,0,0,0,0,0,0,0,0,0,0,0,0,0,0,0,0,0,0,0,0,0,0,0,0,0,0,0,0,0,0,0,0,0,0,0,0,0,0,0,0,0,0,0
1986,26,11,3,12.038,2,7,1,0,0,0,1,1,25,1016,1016,1016,1016,0,0,0,0,0,1,1,0,0,0,-127.3147274,0,0,0,0,3,1,1,10,10,0,0,0,3,1,1,10,1000,0,0,0,0,0,0,0,0,0,0,0,0,0,0,0,0,0,0,0,0,0,0,0,0,0,0,0,0,0,0,0,0,0,0,0,0,0,0,0,0,0,0,0,0,0,0,0,0,0,0,0
1986,26,11,6,24.038,2,7,1,0,0,0,1,1,25,1016,1016,1016,1016,0,0,0,0,0,1,1,0,0,0,-127.489301,0,0,0,0,3,1,1,10,10,0,0,0,3,1,1,10,1000,0,0,0,0,0,0,0,0,0,0,0,0,0,0,0,0,0,0,0,0,0,0,0,0,0,0,0,0,0,0,0,0,0,0,0,0,0,0,0,0,0,0,0,0,0,0,0,0,0,0,0
1986,26,11,7,12.038,2,7,1,0,0,0,1,1,25,1016,1016,1016,1016,0,0,0,0,0,1,1,0,0,0,-127.5329441,0,0,0,0,3,1,1,10,10,0,0,0,3,1,1,10,1000,0,0,0,0,0,0,0,0,0,0,0,0,0,0,0,0,0,0,0,0,0,0,0,0,0,0,0,0,0,0,0,0,0,0,0,0,0,0,0,0,0,0,0,0,0,0,0,0,0,0,0
1986,26,11,8,0.038,2,7,1,0,0,0,1,1,25,1016,1016,1016,1016,0,0,0,0,0,1,1,0,0,0,-127.576587,0,0,0,0,3,1,1,10,10,0,0,0,3,1,1,10,1000,0,0,0,0,0,0,0,0,0,0,0,0,0,0,0,0,0,0,0,0,0,0,0,0,0,0,0,0,0,0,0,0,0,0,0,0,0,0,0,0,0,0,0,0,0,0,0,0,0,0,0
1986,26,11,8,48.038,2,7,1,0,0,0,1,1,25,1016,1016,1016,1016,0,0,0,0,0,1,1,0,0,0,-127.6202298,0,0,0,0,3,1,1,10,10,0,0,0,3,1,1,10,1000,0,0,0,0,0,0,0,0,0,0,0,0,0,0,0,0,0,0,0,0,0,0,0,0,0,0,0,0,0,0,0,0,0,0,0,0,0,0,0,0,0,0,0,0,0,0,0,0,0,0,0
1986,26,11,9,36.037,2,7,1,0,0,0,1,1,25,1016,1016,1016,1016,0,0,0,0,0,1,1,0,0,0,-127.6638716,0,0,0,0,3,1,1,10,10,0,0,0,3,1,1,10,1000,0,0,0,0,0,0,0,0,0,0,0,0,0,0,0,0,0,0,0,0,0,0,0,0,0,0,0,0,0,0,0,0,0,0,0,0,0,0,0,0,0,0,0,0,0,0,0,0,0,0,0
1986,26,11,10,24.037,2,7,1,0,0,0,1,1,25,1016,1016,1016,1016,0,0,0,0,0,1,1,0,0,0,-127.7075142,0,0,0,0,3,1,1,10,10,0,0,0,3,1,1,10,1000,0,0,0,0,0,0,0,0,0,0,0,0,0,0,0,0,0,0,0,0,0,0,0,0,0,0,0,0,0,0,0,0,0,0,0,0,0,0,0,0,0,0,0,0,0,0,0,0,0,0,0
1986,26,11,11,12.037,2,7,1,0,0,0,1,1,25,1016,1016,1016,1016,0,0,0,0,0,1,1,0,0,0,-127.7511566,0,0,0,0,3,1,1,10,10,0,0,0,3,1,1,10,1000,0,0,0,0,0,0,0,0,0,0,0,0,0,0,0,0,0,0,0,0,0,0,0,0,0,0,0,0,0,0,0,0,0,0,0,0,0,0,0,0,0,0,0,0,0,0,0,0,0,0,0
1986,26,11,12,0.037,2,7,1,0,0,0,1,1,25,1016,1016,1016,1016,0,0,0,0,0,1,1,0,0,0,-127.7947989,0,0,0,0,3,1,1,10,10,0,0,0,3,1,1,10,1000,0,0,0,0,0,0,0,0,0,0,0,0,0,0,0,0,0,0,0,0,0,0,0,0,0,0,0,0,0,0,0,0,0,0,0,0,0,0,0,0,0,0,0,0,0,0,0,0,0,0,0
1986,26,11,12,48.037,2,7,1,0,0,0,1,1,25,1016,1016,1016,1016,0,0,0,0,0,1,1,0,0,0,-127.8384411,0,0,0,0,3,1,1,10,10,0,0,0,3,1,1,10,1000,0,0,0,0,0,0,0,0,0,0,0,0,0,0,0,0,0,0,0,0,0,0,0,0,0,0,0,0,0,0,0,0,0,0,0,0,0,0,0,0,0,0,0,0,0,0,0,0,0,0,0
1986,26,11,13,36.037,2,7,1,0,0,0,1,1,25,1016,1016,1016,1016,0,0,0,0,0,1,1,0,0,0,-127.8820831,0,0,0,0,3,1,1,10,10,0,0,0,3,1,1,10,1000,0,0,0,0,0,0,0,0,0,0,0,0,0,0,0,0,0,0,0,0,0,0,0,0,0,0,0,0,0,0,0,0,0,0,0,0,0,0,0,0,0,0,0,0,0,0,0,0,0,0,0
1986,26,11,14,24.037,2,7,1,0,0,0,1,1,25,1016,1016,1016,1016,0,0,0,0,0,1,1,0,0,0,-127.925725,0,0,0,0,3,1,1,10,10,0,0,0,3,1,1,10,1000,0,0,0,0,0,0,0,0,0,0,0,0,0,0,0,0,0,0,0,0,0,0,0,0,0,0,0,0,0,0,0,0,0,0,0,0,0,0,0,0,0,0,0,0,0,0,0,0,0,0,0
1986,26,11,15,12.037,2,7,1,0,0,0,1,1,25,1016,1016,1016,1016,0,0,0,0,0,1,1,0,0,0,-127.9693668,0,0,0,0,3,1,1,10,10,0,0,0,3,1,1,10,1000,0,0,0,0,0,0,0,0,0,0,0,0,0,0,0,0,0,0,0,0,0,0,0,0,0,0,0,0,0,0,0,0,0,0,0,0,0,0,0,0,0,0,0,0,0,0,0,0,0,0,0
1986,26,11,18,24.037,2,7,1,0,0,0,1,1,25,1016,1016,1016,1016,0,0,0,0,0,1,1,0,0,0,-128.1439326,0,0,0,0,3,1,1,10,10,0,0,0,3,1,1,10,1000,0,0,0,0,0,0,0,0,0,0,0,0,0,0,0,0,0,0,0,0,0,0,0,0,0,0,0,0,0,0,0,0,0,0,0,0,0,0,0,0,0,0,0,0,0,0,0,0,0,0,0
1986,26,11,19,12.037,2,7,1,0,0,0,1,1,25,1016,1016,1016,1016,0,0,0,0,0,1,1,0,0,0,-128.1875737,0,0,0,0,3,1,1,10,10,0,0,0,3,1,1,10,1000,0,0,0,0,0,0,0,0,0,0,0,0,0,0,0,0,0,0,0,0,0,0,0,0,0,0,0,0,0,0,0,0,0,0,0,0,0,0,0,0,0,0,0,0,0,0,0,0,0,0,0
1986,26,11,20,0.037,2,7,1,0,0,0,1,1,25,1016,1016,1016,1016,0,0,0,0,0,1,1,0,0,0,-128.2312147,0,0,0,0,3,1,1,10,10,0,0,0,3,1,1,10,1000,0,0,0,0,0,0,0,0,0,0,0,0,0,0,0,0,0,0,0,0,0,0,0,0,0,0,0,0,0,0,0,0,0,0,0,0,0,0,0,0,0,0,0,0,0,0,0,0,0,0,0
1986,26,11,20,48.037,2,7,1,0,0,0,1,1,25,1016,1016,1016,1016,0,0,0,0,0,1,1,0,0,0,-128.2748556,0,0,0,0,3,1,1,10,10,0,0,0,3,1,1,10,1000,0,0,0,0,0,0,0,0,0,0,0,0,0,0,0,0,0,0,0,0,0,0,0,0,0,0,0,0,0,0,0,0,0,0,0,0,0,0,0,0,0,0,0,0,0,0,0,0,0,0,0
1986,26,11,21,36.037,2,7,1,0,0,0,1,1,25,1016,1016,1016,1016,0,0,0,0,0,1,1,0,0,0,-128.3184963,0,0,0,0,3,1,1,10,10,0,0,0,3,1,1,10,1000,0,0,0,0,0,0,0,0,0,0,0,0,0,0,0,0,0,0,0,0,0,0,0,0,0,0,0,0,0,0,0,0,0,0,0,0,0,0,0,0,0,0,0,0,0,0,0,0,0,0,0
1986,26,11,22,24.037,2,7,1,0,0,0,1,1,25,1016,1016,1016,1016,0,0,0,0,0,1,1,0,0,0,-128.3621369,0,0,0,0,3,1,1,10,10,0,0,0,3,1,1,10,1000,0,0,0,0,0,0,0,0,0,0,0,0,0,0,0,0,0,0,0,0,0,0,0,0,0,0,0,0,0,0,0,0,0,0,0,0,0,0,0,0,0,0,0,0,0,0,0,0,0,0,0
1986,26,11,23,12.037,2,7,1,0,0,0,1,1,25,1016,1016,1016,1016,0,0,0,0,0,1,1,0,0,0,-128.4057774,0,0,0,0,3,1,1,10,10,0,0,0,3,1,1,10,1000,0,0,0,0,0,0,0,0,0,0,0,0,0,0,0,0,0,0,0,0,0,0,0,0,0,0,0,0,0,0,0,0,0,0,0,0,0,0,0,0,0,0,0,0,0,0,0,0,0,0,0
1986,26,11,24,0.037,2,7,1,0,0,0,1,1,25,1016,1016,1016,1016,0,0,0,0,0,1,1,0,0,0,-128.4494178,0,0,0,0,3,1,1,10,10,0,0,0,3,1,1,10,1000,0,0,0,0,0,0,0,0,0,0,0,0,0,0,0,0,0,0,0,0,0,0,0,0,0,0,0,0,0,0,0,0,0,0,0,0,0,0,0,0,0,0,0,0,0,0,0,0,0,0,0
1986,26,11,24,48.036,2,7,1,0,0,0,1,1,25,1016,1016,1016,1016,0,0,0,0,0,1,1,0,0,0,-128.4930571,0,0,0,0,3,1,1,10,10,0,0,0,3,1,1,10,1000,0,0,0,0,0,0,0,0,0,0,0,0,0,0,0,0,0,0,0,0,0,0,0,0,0,0,0,0,0,0,0,0,0,0,0,0,0,0,0,0,0,0,0,0,0,0,0,0,0,0,0
1986,26,11,25,36.036,2,7,1,0,0,0,1,1,25,1016,1016,1016,1016,0,0,0,0,0,1,1,0,0,0,-128.5366972,0,0,0,0,3,1,1,10,10,0,0,0,3,1,1,10,1000,0,0,0,0,0,0,0,0,0,0,0,0,0,0,0,0,0,0,0,0,0,0,0,0,0,0,0,0,0,0,0,0,0,0,0,0,0,0,0,0,0,0,0,0,0,0,0,0,0,0,0
1986,26,11,26,24.036,2,7,1,0,0,0,1,1,25,1016,1016,1016,1016,0,0,0,0,0,1,1,0,0,0,-128.5803372,0,0,0,0,3,1,1,10,10,0,0,0,3,1,1,10,1000,0,0,0,0,0,0,0,0,0,0,0,0,0,0,0,0,0,0,0,0,0,0,0,0,0,0,0,0,0,0,0,0,0,0,0,0,0,0,0,0,0,0,0,0,0,0,0,0,0,0,0
1986,26,11,27,12.036,2,7,1,0,0,0,1,1,25,1016,1016,1016,1016,0,0,0,0,0,1,1,0,0,0,-128.623977,0,0,0,0,3,1,1,10,10,0,0,0,3,1,1,10,1000,0,0,0,0,0,0,0,0,0,0,0,0,0,0,0,0,0,0,0,0,0,0,0,0,0,0,0,0,0,0,0,0,0,0,0,0,0,0,0,0,0,0,0,0,0,0,0,0,0,0,0
1986,26,11,30,24.036,2,7,1,0,0,0,1,1,25,1016,1016,1016,1016,0,0,0,0,0,1,1,0,0,0,-128.7985351,0,0,0,0,3,1,1,10,10,0,0,0,3,1,1,10,1000,0,0,0,0,0,0,0,0,0,0,0,0,0,0,0,0,0,0,0,0,0,0,0,0,0,0,0,0,0,0,0,0,0,0,0,0,0,0,0,0,0,0,0,0,0,0,0,0,0,0,0
1986,26,11,31,12.036,2,7,1,0,0,0,1,1,25,1016,1016,1016,1016,0,0,0,0,0,1,1,0,0,0,-128.8421743,0,0,0,0,3,1,1,10,10,0,0,0,3,1,1,10,1000,0,0,0,0,0,0,0,0,0,0,0,0,0,0,0,0,0,0,0,0,0,0,0,0,0,0,0,0,0,0,0,0,0,0,0,0,0,0,0,0,0,0,0,0,0,0,0,0,0,0,0
1986,26,11,32,0.036,2,7,1,0,0,0,1,1,25,1016,1016,1016,1016,0,0,0,0,0,1,1,0,0,0,-128.8858134,0,0,0,0,3,1,1,10,10,0,0,0,3,1,1,10,1000,0,0,0,0,0,0,0,0,0,0,0,0,0,0,0,0,0,0,0,0,0,0,0,0,0,0,0,0,0,0,0,0,0,0,0,0,0,0,0,0,0,0,0,0,0,0,0,0,0,0,0
1986,26,11,32,48.036,2,7,1,0,0,0,1,1,25,1016,1016,1016,1016,0,0,0,0,0,1,1,0,0,0,-128.9294523,0,0,0,0,3,1,1,10,10,0,0,0,3,1,1,10,1000,0,0,0,0,0,0,0,0,0,0,0,0,0,0,0,0,0,0,0,0,0,0,0,0,0,0,0,0,0,0,0,0,0,0,0,0,0,0,0,0,0,0,0,0,0,0,0,0,0,0,0
1986,26,11,33,36.036,2,7,1,0,0,0,1,1,25,1016,1016,1016,1016,0,0,0,0,0,1,1,0,0,0,-128.9730911,0,0,0,0,3,1,1,10,10,0,0,0,3,1,1,10,1000,0,0,0,0,0,0,0,0,0,0,0,0,0,0,0,0,0,0,0,0,0,0,0,0,0,0,0,0,0,0,0,0,0,0,0,0,0,0,0,0,0,0,0,0,0,0,0,0,0,0,0
1986,26,11,34,24.036,2,7,1,0,0,0,1,1,25,1016,1016,1016,1016,0,0,0,0,0,1,1,0,0,0,-129.0167298,0,0,0,0,3,1,1,10,10,0,0,0,3,1,1,10,1000,0,0,0,0,0,0,0,0,0,0,0,0,0,0,0,0,0,0,0,0,0,0,0,0,0,0,0,0,0,0,0,0,0,0,0,0,0,0,0,0,0,0,0,0,0,0,0,0,0,0,0
1986,26,11,35,12.036,2,7,1,0,0,0,1,1,25,1016,1016,1016,1016,0,0,0,0,0,1,1,0,0,0,-129.0603684,0,0,0,0,3,1,1,10,10,0,0,0,3,1,1,10,1000,0,0,0,0,0,0,0,0,0,0,0,0,0,0,0,0,0,0,0,0,0,0,0,0,0,0,0,0,0,0,0,0,0,0,0,0,0,0,0,0,0,0,0,0,0,0,0,0,0,0,0
1986,26,11,36,0.036,2,7,1,0,0,0,1,1,25,1016,1016,1016,1016,0,0,0,0,0,1,1,0,0,0,-129.1040068,0,0,0,0,3,1,1,10,10,0,0,0,3,1,1,10,1000,0,0,0,0,0,0,0,0,0,0,0,0,0,0,0,0,0,0,0,0,0,0,0,0,0,0,0,0,0,0,0,0,0,0,0,0,0,0,0,0,0,0,0,0,0,0,0,0,0,0,0
1986,26,11,36,48.036,2,7,1,0,0,0,1,1,25,1016,1016,1016,1016,0,0,0,0,0,1,1,0,0,0,-129.1476451,0,0,0,0,3,1,1,10,10,0,0,0,3,1,1,10,1000,0,0,0,0,0,0,0,0,0,0,0,0,0,0,0,0,0,0,0,0,0,0,0,0,0,0,0,0,0,0,0,0,0,0,0,0,0,0,0,0,0,0,0,0,0,0,0,0,0,0,0
1986,26,11,37,36.036,2,7,1,0,0,0,1,1,25,1016,1016,1016,1016,0,0,0,0,0,1,1,0,0,0,-129.1912833,0,0,0,0,3,1,1,10,10,0,0,0,3,1,1,10,1000,0,0,0,0,0,0,0,0,0,0,0,0,0,0,0,0,0,0,0,0,0,0,0,0,0,0,0,0,0,0,0,0,0,0,0,0,0,0,0,0,0,0,0,0,0,0,0,0,0,0,0
1986,26,11,38,24.036,2,7,1,0,0,0,1,1,25,1016,1016,1016,1016,0,0,0,0,0,1,1,0,0,0,-129.2349213,0,0,0,0,3,1,1,10,10,0,0,0,3,1,1,10,1000,0,0,0,0,0,0,0,0,0,0,0,0,0,0,0,0,0,0,0,0,0,0,0,0,0,0,0,0,0,0,0,0,0,0,0,0,0,0,0,0,0,0,0,0,0,0,0,0,0,0,0
1986,26,11,39,12.036,2,7,1,0,0,0,1,1,25,1016,1016,1016,1016,0,0,0,0,0,1,1,0,0,0,-129.2785593,0,0,0,0,3,1,1,10,10,0,0,0,3,1,1,10,1000,0,0,0,0,0,0,0,0,0,0,0,0,0,0,0,0,0,0,0,0,0,0,0,0,0,0,0,0,0,0,0,0,0,0,0,0,0,0,0,0,0,0,0,0,0,0,0,0,0,0,0
1986,26,11,42,24.035,2,7,1,0,0,0,1,1,25,1016,1016,1016,1016,0,0,0,0,0,1,1,0,0,0,-129.4531088,0,0,0,0,3,1,1,10,10,0,0,0,3,1,1,10,1000,0,0,0,0,0,0,0,0,0,0,0,0,0,0,0,0,0,0,0,0,0,0,0,0,0,0,0,0,0,0,0,0,0,0,0,0,0,0,0,0,0,0,0,0,0,0,0,0,0,0,0
1986,26,11,43,12.035,2,7,1,0,0,0,1,1,25,1016,1016,1016,1016,0,0,0,0,0,1,1,0,0,0,-129.4967461,0,0,0,0,3,1,1,10,10,0,0,0,3,1,1,10,1000,0,0,0,0,0,0,0,0,0,0,0,0,0,0,0,0,0,0,0,0,0,0,0,0,0,0,0,0,0,0,0,0,0,0,0,0,0,0,0,0,0,0,0,0,0,0,0,0,0,0,0
1986,26,11,44,0.036,2,7,1,0,0,0,1,1,25,1016,1016,1016,1016,0,0,0,0,0,1,1,0,0,0,-129.5403841,0,0,0,0,3,1,1,10,10,0,0,0,3,1,1,10,1000,0,0,0,0,0,0,0,0,0,0,0,0,0,0,0,0,0,0,0,0,0,0,0,0,0,0,0,0,0,0,0,0,0,0,0,0,0,0,0,0,0,0,0,0,0,0,0,0,0,0,0
1986,26,11,44,48.035,2,7,1,0,0,0,1,1,25,1016,1016,1016,1016,0,0,0,0,0,1,1,0,0,0,-129.5840202,0,0,0,0,3,1,1,10,10,0,0,0,3,1,1,10,1000,0,0,0,0,0,0,0,0,0,0,0,0,0,0,0,0,0,0,0,0,0,0,0,0,0,0,0,0,0,0,0,0,0,0,0,0,0,0,0,0,0,0,0,0,0,0,0,0,0,0,0
1986,26,11,45,36.035,2,7,1,0,0,0,1,1,25,1016,1016,1016,1016,0,0,0,0,0,1,1,0,0,0,-129.6276572,0,0,0,0,3,1,1,10,10,0,0,0,3,1,1,10,1000,0,0,0,0,0,0,0,0,0,0,0,0,0,0,0,0,0,0,0,0,0,0,0,0,0,0,0,0,0,0,0,0,0,0,0,0,0,0,0,0,0,0,0,0,0,0,0,0,0,0,0
1986,26,11,46,24.035,2,7,1,0,0,0,1,1,25,1016,1016,1016,1016,0,0,0,0,0,1,1,0,0,0,-129.6712939,0,0,0,0,3,1,1,10,10,0,0,0,3,1,1,10,1000,0,0,0,0,0,0,0,0,0,0,0,0,0,0,0,0,0,0,0,0,0,0,0,0,0,0,0,0,0,0,0,0,0,0,0,0,0,0,0,0,0,0,0,0,0,0,0,0,0,0,0
1986,26,11,47,12.035,2,7,1,0,0,0,1,1,25,1016,1016,1016,1016,0,0,0,0,0,1,1,0,0,0,-129.7149306,0,0,0,0,3,1,1,10,10,0,0,0,3,1,1,10,1000,0,0,0,0,0,0,0,0,0,0,0,0,0,0,0,0,0,0,0,0,0,0,0,0,0,0,0,0,0,0,0,0,0,0,0,0,0,0,0,0,0,0,0,0,0,0,0,0,0,0,0
1986,26,11,48,0.036,2,7,1,0,0,0,1,1,25,1016,1016,1016,1016,0,0,0,0,0,1,1,0,0,0,-129.758568,0,0,0,0,3,1,1,10,10,0,0,0,3,1,1,10,1000,0,0,0,0,0,0,0,0,0,0,0,0,0,0,0,0,0,0,0,0,0,0,0,0,0,0,0,0,0,0,0,0,0,0,0,0,0,0,0,0,0,0,0,0,0,0,0,0,0,0,0
1986,26,11,48,48.035,2,7,1,0,0,0,1,1,25,1016,1016,1016,1016,0,0,0,0,0,1,1,0,0,0,-129.8022035,0,0,0,0,3,1,1,10,10,0,0,0,3,1,1,10,1000,0,0,0,0,0,0,0,0,0,0,0,0,0,0,0,0,0,0,0,0,0,0,0,0,0,0,0,0,0,0,0,0,0,0,0,0,0,0,0,0,0,0,0,0,0,0,0,0,0,0,0
1986,26,11,49,36.035,2,7,1,0,0,0,1,1,25,1016,1016,1016,1016,0,0,0,0,0,1,1,0,0,0,-129.8458398,0,0,0,0,3,1,1,10,10,0,0,0,3,1,1,10,1000,0,0,0,0,0,0,0,0,0,0,0,0,0,0,0,0,0,0,0,0,0,0,0,0,0,0,0,0,0,0,0,0,0,0,0,0,0,0,0,0,0,0,0,0,0,0,0,0,0,0,0
1986,26,11,50,24.035,2,7,1,0,0,0,1,1,25,1016,1016,1016,1016,0,0,0,0,0,1,1,0,0,0,-129.8894759,0,0,0,0,3,1,1,10,10,0,0,0,3,1,1,10,1000,0,0,0,0,0,0,0,0,0,0,0,0,0,0,0,0,0,0,0,0,0,0,0,0,0,0,0,0,0,0,0,0,0,0,0,0,0,0,0,0,0,0,0,0,0,0,0,0,0,0,0
1986,26,11,51,12.035,2,7,1,0,0,0,1,1,25,1016,1016,1016,1016,0,0,0,0,0,1,1,0,0,0,-129.933112,0,0,0,0,3,1,1,10,10,0,0,0,3,1,1,10,1000,0,0,0,0,0,0,0,0,0,0,0,0,0,0,0,0,0,0,0,0,0,0,0,0,0,0,0,0,0,0,0,0,0,0,0,0,0,0,0,0,0,0,0,0,0,0,0,0,0,0,0
1986,26,11,54,24.035,2,7,1,0,0,0,1,1,25,1016,1016,1016,1016,0,0,0,0,0,1,1,0,0,0,-130.1076548,0,0,0,0,3,1,1,10,10,0,0,0,3,1,1,10,1000,0,0,0,0,0,0,0,0,0,0,0,0,0,0,0,0,0,0,0,0,0,0,0,0,0,0,0,0,0,0,0,0,0,0,0,0,0,0,0,0,0,0,0,0,0,0,0,0,0,0,0
1986,26,11,55,12.034,2,7,1,0,0,0,1,1,25,1016,1016,1016,1016,0,0,0,0,0,1,1,0,0,0,-130.1512892,0,0,0,0,3,1,1,10,10,0,0,0,3,1,1,10,1000,0,0,0,0,0,0,0,0,0,0,0,0,0,0,0,0,0,0,0,0,0,0,0,0,0,0,0,0,0,0,0,0,0,0,0,0,0,0,0,0,0,0,0,0,0,0,0,0,0,0,0
1986,26,11,56,0.035,2,7,1,0,0,0,1,1,25,1016,1016,1016,1016,0,0,0,0,0,1,1,0,0,0,-130.1949254,0,0,0,0,3,1,1,10,10,0,0,0,3,1,1,10,1000,0,0,0,0,0,0,0,0,0,0,0,0,0,0,0,0,0,0,0,0,0,0,0,0,0,0,0,0,0,0,0,0,0,0,0,0,0,0,0,0,0,0,0,0,0,0,0,0,0,0,0
1986,26,11,56,48.034,2,7,1,0,0,0,1,1,25,1016,1016,1016,1016,0,0,0,0,0,1,1,0,0,0,-130.2385596,0,0,0,0,3,1,1,10,10,0,0,0,3,1,1,10,1000,0,0,0,0,0,0,0,0,0,0,0,0,0,0,0,0,0,0,0,0,0,0,0,0,0,0,0,0,0,0,0,0,0,0,0,0,0,0,0,0,0,0,0,0,0,0,0,0,0,0,0
1986,26,11,57,36.034,2,7,1,0,0,0,1,1,25,1016,1016,1016,1016,0,0,0,0,0,1,1,0,0,0,-130.2821947,0,0,0,0,3,1,1,10,10,0,0,0,3,1,1,10,1000,0,0,0,0,0,0,0,0,0,0,0,0,0,0,0,0,0,0,0,0,0,0,0,0,0,0,0,0,0,0,0,0,0,0,0,0,0,0,0,0,0,0,0,0,0,0,0,0,0,0,0
1986,26,11,58,24.034,2,7,1,0,0,0,1,1,25,1016,1016,1016,1016,0,0,0,0,0,1,1,0,0,0,-130.3258295,0,0,0,0,3,1,1,10,10,0,0,0,3,1,1,10,1000,0,0,0,0,0,0,0,0,0,0,0,0,0,0,0,0,0,0,0,0,0,0,0,0,0,0,0,0,0,0,0,0,0,0,0,0,0,0,0,0,0,0,0,0,0,0,0,0,0,0,0
1986,26,11,59,12.034,2,7,1,0,0,0,1,1,25,1016,1016,1016,1016,0,0,0,0,0,1,1,0,0,0,-130.3694643,0,0,0,0,3,1,1,10,10,0,0,0,3,1,1,10,1000,0,0,0,0,0,0,0,0,0,0,0,0,0,0,0,0,0,0,0,0,0,0,0,0,0,0,0,0,0,0,0,0,0,0,0,0,0,0,0,0,0,0,0,0,0,0,0,0,0,0,0
1986,26,12,0,0.034,2,7,1,0,0,0,1,1,25,1016,1016,1016,1016,0,0,0,0,0,1,1,0,0,0,-130.4130989,0,0,0,0,3,1,1,10,10,0,0,0,3,1,1,10,1000,0,0,0,0,0,0,0,0,0,0,0,0,0,0,0,0,0,0,0,0,0,0,0,0,0,0,0,0,0,0,0,0,0,0,0,0,0,0,0,0,0,0,0,0,0,0,0,0,0,0,0
1986,26,12,0,48.034,2,7,1,0,0,0,1,1,25,1016,1016,1016,1016,0,0,0,0,0,1,1,0,0,0,-130.4567334,0,0,0,0,3,1,1,10,10,0,0,0,3,1,1,10,1000,0,0,0,0,0,0,0,0,0,0,0,0,0,0,0,0,0,0,0,0,0,0,0,0,0,0,0,0,0,0,0,0,0,0,0,0,0,0,0,0,0,0,0,0,0,0,0,0,0,0,0
1986,26,12,1,36.034,2,7,1,0,0,0,1,1,25,1016,1016,1016,1016,0,0,0,0,0,1,1,0,0,0,-130.5003678,0,0,0,0,3,1,1,10,10,0,0,0,3,1,1,10,1000,0,0,0,0,0,0,0,0,0,0,0,0,0,0,0,0,0,0,0,0,0,0,0,0,0,0,0,0,0,0,0,0,0,0,0,0,0,0,0,0,0,0,0,0,0,0,0,0,0,0,0
1986,26,12,2,24.034,2,7,1,0,0,0,1,1,25,1016,1016,1016,1016,0,0,0,0,0,1,1,0,0,0,-130.5440021,0,0,0,0,3,1,1,10,10,0,0,0,3,1,1,10,1000,0,0,0,0,0,0,0,0,0,0,0,0,0,0,0,0,0,0,0,0,0,0,0,0,0,0,0,0,0,0,0,0,0,0,0,0,0,0,0,0,0,0,0,0,0,0,0,0,0,0,0
1986,26,12,3,12.034,2,7,1,0,0,0,1,1,25,1016,1016,1016,1016,0,0,0,0,0,1,1,0,0,0,-130.5876362,0,0,0,0,3,1,1,10,10,0,0,0,3,1,1,10,1000,0,0,0,0,0,0,0,0,0,0,0,0,0,0,0,0,0,0,0,0,0,0,0,0,0,0,0,0,0,0,0,0,0,0,0,0,0,0,0,0,0,0,0,0,0,0,0,0,0,0,0
1986,26,12,6,24.034,2,7,1,0,0,0,1,1,25,1016,1016,1016,1016,0,0,0,0,0,1,1,0,0,0,-130.7621715,0,0,0,0,3,1,1,10,10,0,0,0,3,1,1,10,1000,0,0,0,0,0,0,0,0,0,0,0,0,0,0,0,0,0,0,0,0,0,0,0,0,0,0,0,0,0,0,0,0,0,0,0,0,0,0,0,0,0,0,0,0,0,0,0,0,0,0,0
1986,26,12,7,12.034,2,7,1,0,0,0,1,1,25,1016,1016,1016,1016,0,0,0,0,0,1,1,0,0,0,-130.805805,0,0,0,0,3,1,1,10,10,0,0,0,3,1,1,10,1000,0,0,0,0,0,0,0,0,0,0,0,0,0,0,0,0,0,0,0,0,0,0,0,0,0,0,0,0,0,0,0,0,0,0,0,0,0,0,0,0,0,0,0,0,0,0,0,0,0,0,0
1986,26,12,8,0.034,2,7,1,0,0,0,1,1,25,1016,1016,1016,1016,0,0,0,0,0,1,1,0,0,0,-130.8494384,0,0,0,0,3,1,1,10,10,0,0,0,3,1,1,10,1000,0,0,0,0,0,0,0,0,0,0,0,0,0,0,0,0,0,0,0,0,0,0,0,0,0,0,0,0,0,0,0,0,0,0,0,0,0,0,0,0,0,0,0,0,0,0,0,0,0,0,0
1986,26,12,8,48.034,2,7,1,0,0,0,1,1,25,1016,1016,1016,1016,0,0,0,0,0,1,1,0,0,0,-130.8930716,0,0,0,0,3,1,1,10,10,0,0,0,3,1,1,10,1000,0,0,0,0,0,0,0,0,0,0,0,0,0,0,0,0,0,0,0,0,0,0,0,0,0,0,0,0,0,0,0,0,0,0,0,0,0,0,0,0,0,0,0,0,0,0,0,0,0,0,0
1986,26,12,9,36.034,2,7,1,0,0,0,1,1,25,1016,1016,1016,1016,0,0,0,0,0,1,1,0,0,0,-130.9367048,0,0,0,0,3,1,1,10,10,0,0,0,3,1,1,10,1000,0,0,0,0,0,0,0,0,0,0,0,0,0,0,0,0,0,0,0,0,0,0,0,0,0,0,0,0,0,0,0,0,0,0,0,0,0,0,0,0,0,0,0,0,0,0,0,0,0,0,0
1986,26,12,10,24.033,2,7,1,0,0,0,1,1,25,1016,1016,1016,1016,0,0,0,0,0,1,1,0,0,0,-130.9803369,0,0,0,0,3,1,1,10,10,0,0,0,3,1,1,10,1000,0,0,0,0,0,0,0,0,0,0,0,0,0,0,0,0,0,0,0,0,0,0,0,0,0,0,0,0,0,0,0,0,0,0,0,0,0,0,0,0,0,0,0,0,0,0,0,0,0,0,0
1986,26,12,11,12.033,2,7,1,0,0,0,1,1,25,1016,1016,1016,1016,0,0,0,0,0,1,1,0,0,0,-131.0239698,0,0,0,0,3,1,1,10,10,0,0,0,3,1,1,10,1000,0,0,0,0,0,0,0,0,0,0,0,0,0,0,0,0,0,0,0,0,0,0,0,0,0,0,0,0,0,0,0,0,0,0,0,0,0,0,0,0,0,0,0,0,0,0,0,0,0,0,0
1986,26,12,12,0.033,2,7,1,0,0,0,1,1,25,1016,1016,1016,1016,0,0,0,0,0,1,1,0,0,0,-131.0676025,0,0,0,0,3,1,1,10,10,0,0,0,3,1,1,10,1000,0,0,0,0,0,0,0,0,0,0,0,0,0,0,0,0,0,0,0,0,0,0,0,0,0,0,0,0,0,0,0,0,0,0,0,0,0,0,0,0,0,0,0,0,0,0,0,0,0,0,0
1986,26,12,12,48.033,2,7,1,0,0,0,1,1,25,1016,1016,1016,1016,0,0,0,0,0,1,1,0,0,0,-131.1112352,0,0,0,0,3,1,1,10,10,0,0,0,3,1,1,10,1000,0,0,0,0,0,0,0,0,0,0,0,0,0,0,0,0,0,0,0,0,0,0,0,0,0,0,0,0,0,0,0,0,0,0,0,0,0,0,0,0,0,0,0,0,0,0,0,0,0,0,0
1986,26,12,13,36.033,2,7,1,0,0,0,1,1,25,1016,1016,1016,1016,0,0,0,0,0,1,1,0,0,0,-131.1548677,0,0,0,0,3,1,1,10,10,0,0,0,3,1,1,10,1000,0,0,0,0,0,0,0,0,0,0,0,0,0,0,0,0,0,0,0,0,0,0,0,0,0,0,0,0,0,0,0,0,0,0,0,0,0,0,0,0,0,0,0,0,0,0,0,0,0,0,0
1986,26,12,14,24.033,2,7,1,0,0,0,1,1,25,1016,1016,1016,1016,0,0,0,0,0,1,1,0,0,0,-131.1985001,0,0,0,0,3,1,1,10,10,0,0,0,3,1,1,10,1000,0,0,0,0,0,0,0,0,0,0,0,0,0,0,0,0,0,0,0,0,0,0,0,0,0,0,0,0,0,0,0,0,0,0,0,0,0,0,0,0,0,0,0,0,0,0,0,0,0,0,0
1986,26,12,15,12.033,2,7,1,0,0,0,1,1,25,1016,1016,1016,1016,0,0,0,0,0,1,1,0,0,0,-131.2421323,0,0,0,0,3,1,1,10,10,0,0,0,3,1,1,10,1000,0,0,0,0,0,0,0,0,0,0,0,0,0,0,0,0,0,0,0,0,0,0,0,0,0,0,0,0,0,0,0,0,0,0,0,0,0,0,0,0,0,0,0,0,0,0,0,0,0,0,0
1986,26,12,19,12.033,2,7,1,0,0,0,1,1,25,1016,1016,1016,1016,0,0,0,0,0,1,1,0,0,0,-131.4602918,0,0,0,0,3,1,1,10,10,0,0,0,3,1,1,10,1000,0,0,0,0,0,0,0,0,0,0,0,0,0,0,0,0,0,0,0,0,0,0,0,0,0,0,0,0,0,0,0,0,0,0,0,0,0,0,0,0,0,0,0,0,0,0,0,0,0,0,0
1986,26,12,20,0.033,2,7,1,0,0,0,1,1,25,1016,1016,1016,1016,0,0,0,0,0,1,1,0,0,0,-131.5039233,0,0,0,0,3,1,1,10,10,0,0,0,3,1,1,10,1000,0,0,0,0,0,0,0,0,0,0,0,0,0,0,0,0,0,0,0,0,0,0,0,0,0,0,0,0,0,0,0,0,0,0,0,0,0,0,0,0,0,0,0,0,0,0,0,0,0,0,0
1986,26,12,20,48.033,2,7,1,0,0,0,1,1,25,1016,1016,1016,1016,0,0,0,0,0,1,1,0,0,0,-131.5475547,0,0,0,0,3,1,1,10,10,0,0,0,3,1,1,10,1000,0,0,0,0,0,0,0,0,0,0,0,0,0,0,0,0,0,0,0,0,0,0,0,0,0,0,0,0,0,0,0,0,0,0,0,0,0,0,0,0,0,0,0,0,0,0,0,0,0,0,0
1986,26,12,21,36.033,2,7,1,0,0,0,1,1,25,1016,1016,1016,1016,0,0,0,0,0,1,1,0,0,0,-131.5911859,0,0,0,0,3,1,1,10,10,0,0,0,3,1,1,10,1000,0,0,0,0,0,0,0,0,0,0,0,0,0,0,0,0,0,0,0,0,0,0,0,0,0,0,0,0,0,0,0,0,0,0,0,0,0,0,0,0,0,0,0,0,0,0,0,0,0,0,0
1986,26,12,22,24.033,2,7,1,0,0,0,1,1,25,1016,1016,1016,1016,0,0,0,0,0,1,1,0,0,0,-131.6348171,0,0,0,0,3,1,1,10,10,0,0,0,3,1,1,10,1000,0,0,0,0,0,0,0,0,0,0,0,0,0,0,0,0,0,0,0,0,0,0,0,0,0,0,0,0,0,0,0,0,0,0,0,0,0,0,0,0,0,0,0,0,0,0,0,0,0,0,0
1986,26,12,23,12.033,2,7,1,0,0,0,1,1,25,1016,1016,1016,1016,0,0,0,0,0,1,1,0,0,0,-131.6784481,0,0,0,0,3,1,1,10,10,0,0,0,3,1,1,10,1000,0,0,0,0,0,0,0,0,0,0,0,0,0,0,0,0,0,0,0,0,0,0,0,0,0,0,0,0,0,0,0,0,0,0,0,0,0,0,0,0,0,0,0,0,0,0,0,0,0,0,0
1986,26,12,24,0.033,2,7,1,0,0,0,1,1,25,1016,1016,1016,1016,0,0,0,0,0,1,1,0,0,0,-131.722079,0,0,0,0,3,1,1,10,10,0,0,0,3,1,1,10,1000,0,0,0,0,0,0,0,0,0,0,0,0,0,0,0,0,0,0,0,0,0,0,0,0,0,0,0,0,0,0,0,0,0,0,0,0,0,0,0,0,0,0,0,0,0,0,0,0,0,0,0
1986,26,12,24,48.033,2,7,1,0,0,0,1,1,25,1016,1016,1016,1016,0,0,0,0,0,1,1,0,0,0,-131.7657098,0,0,0,0,3,1,1,10,10,0,0,0,3,1,1,10,1000,0,0,0,0,0,0,0,0,0,0,0,0,0,0,0,0,0,0,0,0,0,0,0,0,0,0,0,0,0,0,0,0,0,0,0,0,0,0,0,0,0,0,0,0,0,0,0,0,0,0,0
1986,26,12,25,36.032,2,7,1,0,0,0,1,1,25,1016,1016,1016,1016,0,0,0,0,0,1,1,0,0,0,-131.8093395,0,0,0,0,3,1,1,10,10,0,0,0,3,1,1,10,1000,0,0,0,0,0,0,0,0,0,0,0,0,0,0,0,0,0,0,0,0,0,0,0,0,0,0,0,0,0,0,0,0,0,0,0,0,0,0,0,0,0,0,0,0,0,0,0,0,0,0,0
1986,26,12,26,24.032,2,7,1,0,0,0,1,1,25,1016,1016,1016,1016,0,0,0,0,0,1,1,0,0,0,-131.85297,0,0,0,0,3,1,1,10,10,0,0,0,3,1,1,10,1000,0,0,0,0,0,0,0,0,0,0,0,0,0,0,0,0,0,0,0,0,0,0,0,0,0,0,0,0,0,0,0,0,0,0,0,0,0,0,0,0,0,0,0,0,0,0,0,0,0,0,0
1986,26,12,27,12.032,2,7,1,0,0,0,1,1,25,1016,1016,1016,1016,0,0,0,0,0,1,1,0,0,0,-131.8966004,0,0,0,0,3,1,1,10,10,0,0,0,3,1,1,10,1000,0,0,0,0,0,0,0,0,0,0,0,0,0,0,0,0,0,0,0,0,0,0,0,0,0,0,0,0,0,0,0,0,0,0,0,0,0,0,0,0,0,0,0,0,0,0,0,0,0,0,0
1986,26,12,30,24.032,2,7,1,0,0,0,1,1,25,1016,1016,1016,1016,0,0,0,0,0,1,1,0,0,0,-132.0711208,0,0,0,0,3,1,1,10,10,0,0,0,3,1,1,10,1000,0,0,0,0,0,0,0,0,0,0,0,0,0,0,0,0,0,0,0,0,0,0,0,0,0,0,0,0,0,0,0,0,0,0,0,0,0,0,0,0,0,0,0,0,0,0,0,0,0,0,0
1986,26,12,31,12.032,2,7,1,0,0,0,1,1,25,1016,1016,1016,1016,0,0,0,0,0,1,1,0,0,0,-132.1147506,0,0,0,0,3,1,1,10,10,0,0,0,3,1,1,10,1000,0,0,0,0,0,0,0,0,0,0,0,0,0,0,0,0,0,0,0,0,0,0,0,0,0,0,0,0,0,0,0,0,0,0,0,0,0,0,0,0,0,0,0,0,0,0,0,0,0,0,0
1986,26,12,32,0.032,2,7,1,0,0,0,1,1,25,1016,1016,1016,1016,0,0,0,0,0,1,1,0,0,0,-132.1583803,0,0,0,0,3,1,1,10,10,0,0,0,3,1,1,10,1000,0,0,0,0,0,0,0,0,0,0,0,0,0,0,0,0,0,0,0,0,0,0,0,0,0,0,0,0,0,0,0,0,0,0,0,0,0,0,0,0,0,0,0,0,0,0,0,0,0,0,0
1986,26,12,32,48.032,2,7,1,0,0,0,1,1,25,1016,1016,1016,1016,0,0,0,0,0,1,1,0,0,0,-132.2020098,0,0,0,0,3,1,1,10,10,0,0,0,3,1,1,10,1000,0,0,0,0,0,0,0,0,0,0,0,0,0,0,0,0,0,0,0,0,0,0,0,0,0,0,0,0,0,0,0,0,0,0,0,0,0,0,0,0,0,0,0,0,0,0,0,0,0,0,0
1986,26,12,33,36.032,2,7,1,0,0,0,1,1,25,1016,1016,1016,1016,0,0,0,0,0,1,1,0,0,0,-132.2456393,0,0,0,0,3,1,1,10,10,0,0,0,3,1,1,10,1000,0,0,0,0,0,0,0,0,0,0,0,0,0,0,0,0,0,0,0,0,0,0,0,0,0,0,0,0,0,0,0,0,0,0,0,0,0,0,0,0,0,0,0,0,0,0,0,0,0,0,0
1986,26,12,34,24.032,2,7,1,0,0,0,1,1,25,1016,1016,1016,1016,0,0,0,0,0,1,1,0,0,0,-132.2892686,0,0,0,0,3,1,1,10,10,0,0,0,3,1,1,10,1000,0,0,0,0,0,0,0,0,0,0,0,0,0,0,0,0,0,0,0,0,0,0,0,0,0,0,0,0,0,0,0,0,0,0,0,0,0,0,0,0,0,0,0,0,0,0,0,0,0,0,0
1986,26,12,35,12.032,2,7,1,0,0,0,1,1,25,1016,1016,1016,1016,0,0,0,0,0,1,1,0,0,0,-132.3328977,0,0,0,0,3,1,1,10,10,0,0,0,3,1,1,10,1000,0,0,0,0,0,0,0,0,0,0,0,0,0,0,0,0,0,0,0,0,0,0,0,0,0,0,0,0,0,0,0,0,0,0,0,0,0,0,0,0,0,0,0,0,0,0,0,0,0,0,0
1986,26,12,42,24.031,2,7,1,0,0,0,1,1,25,1016,1016,1016,1016,0,0,0,0,0,1,1,0,0,0,-132.7255539,0,0,0,0,3,1,1,10,10,0,0,0,3,1,1,10,1000,0,0,0,0,0,0,0,0,0,0,0,0,0,0,0,0,0,0,0,0,0,0,0,0,0,0,0,0,0,0,0,0,0,0,0,0,0,0,0,0,0,0,0,0,0,0,0,0,0,0,0
1986,26,12,43,12.031,2,7,1,0,0,0,1,1,25,1016,1016,1016,1016,0,0,0,0,0,1,1,0,0,0,-132.7691818,0,0,0,0,3,1,1,10,10,0,0,0,3,1,1,10,1000,0,0,0,0,0,0,0,0,0,0,0,0,0,0,0,0,0,0,0,0,0,0,0,0,0,0,0,0,0,0,0,0,0,0,0,0,0,0,0,0,0,0,0,0,0,0,0,0,0,0,0
1986,26,12,44,0.031,2,7,1,0,0,0,1,1,25,1016,1016,1016,1016,0,0,0,0,0,1,1,0,0,0,-132.8128097,0,0,0,0,3,1,1,10,10,0,0,0,3,1,1,10,1000,0,0,0,0,0,0,0,0,0,0,0,0,0,0,0,0,0,0,0,0,0,0,0,0,0,0,0,0,0,0,0,0,0,0,0,0,0,0,0,0,0,0,0,0,0,0,0,0,0,0,0
1986,26,12,44,48.031,2,7,1,0,0,0,1,1,25,1016,1016,1016,1016,0,0,0,0,0,1,1,0,0,0,-132.8564374,0,0,0,0,3,1,1,10,10,0,0,0,3,1,1,10,1000,0,0,0,0,0,0,0,0,0,0,0,0,0,0,0,0,0,0,0,0,0,0,0,0,0,0,0,0,0,0,0,0,0,0,0,0,0,0,0,0,0,0,0,0,0,0,0,0,0,0,0
1986,26,12,45,36.031,2,7,1,0,0,0,1,1,25,1016,1016,1016,1016,0,0,0,0,0,1,1,0,0,0,-132.900065,0,0,0,0,3,1,1,10,10,0,0,0,3,1,1,10,1000,0,0,0,0,0,0,0,0,0,0,0,0,0,0,0,0,0,0,0,0,0,0,0,0,0,0,0,0,0,0,0,0,0,0,0,0,0,0,0,0,0,0,0,0,0,0,0,0,0,0,0
1986,26,12,46,24.031,2,7,1,0,0,0,1,1,25,1016,1016,1016,1016,0,0,0,0,0,1,1,0,0,0,-132.9436924,0,0,0,0,3,1,1,10,10,0,0,0,3,1,1,10,1000,0,0,0,0,0,0,0,0,0,0,0,0,0,0,0,0,0,0,0,0,0,0,0,0,0,0,0,0,0,0,0,0,0,0,0,0,0,0,0,0,0,0,0,0,0,0,0,0,0,0,0
1986,26,12,47,12.031,2,7,1,0,0,0,1,1,25,1016,1016,1016,1016,0,0,0,0,0,1,1,0,0,0,-132.9873198,0,0,0,0,3,1,1,10,10,0,0,0,3,1,1,10,1000,0,0,0,0,0,0,0,0,0,0,0,0,0,0,0,0,0,0,0,0,0,0,0,0,0,0,0,0,0,0,0,0,0,0,0,0,0,0,0,0,0,0,0,0,0,0,0,0,0,0,0
1986,26,12,48,0.031,2,7,1,0,0,0,1,1,25,1016,1016,1016,1016,0,0,0,0,0,1,1,0,0,0,-133.030947,0,0,0,0,3,1,1,10,10,0,0,0,3,1,1,10,1000,0,0,0,0,0,0,0,0,0,0,0,0,0,0,0,0,0,0,0,0,0,0,0,0,0,0,0,0,0,0,0,0,0,0,0,0,0,0,0,0,0,0,0,0,0,0,0,0,0,0,0
1986,26,12,48,48.031,2,7,1,0,0,0,1,1,25,1016,1016,1016,1016,0,0,0,0,0,1,1,0,0,0,-133.0745741,0,0,0,0,3,1,1,10,10,0,0,0,3,1,1,10,1000,0,0,0,0,0,0,0,0,0,0,0,0,0,0,0,0,0,0,0,0,0,0,0,0,0,0,0,0,0,0,0,0,0,0,0,0,0,0,0,0,0,0,0,0,0,0,0,0,0,0,0
1986,26,12,49,36.031,2,7,1,0,0,0,1,1,25,1016,1016,1016,1016,0,0,0,0,0,1,1,0,0,0,-133.1182011,0,0,0,0,3,1,1,10,10,0,0,0,3,1,1,10,1000,0,0,0,0,0,0,0,0,0,0,0,0,0,0,0,0,0,0,0,0,0,0,0,0,0,0,0,0,0,0,0,0,0,0,0,0,0,0,0,0,0,0,0,0,0,0,0,0,0,0,0
1986,26,12,50,24.031,2,7,1,0,0,0,1,1,25,1016,1016,1016,1016,0,0,0,0,0,1,1,0,0,0,-133.1618279,0,0,0,0,3,1,1,10,10,0,0,0,3,1,1,10,1000,0,0,0,0,0,0,0,0,0,0,0,0,0,0,0,0,0,0,0,0,0,0,0,0,0,0,0,0,0,0,0,0,0,0,0,0,0,0,0,0,0,0,0,0,0,0,0,0,0,0,0
1986,26,12,51,12.031,2,7,1,0,0,0,1,1,25,1016,1016,1016,1016,0,0,0,0,0,1,1,0,0,0,-133.2054547,0,0,0,0,3,1,1,10,10,0,0,0,3,1,1,10,1000,0,0,0,0,0,0,0,0,0,0,0,0,0,0,0,0,0,0,0,0,0,0,0,0,0,0,0,0,0,0,0,0,0,0,0,0,0,0,0,0,0,0,0,0,0,0,0,0,0,0,0
1986,26,13,0,0.031,2,7,1,0,0,0,1,1,25,1016,1016,1016,1016,0,0,0,0,0,1,1,0,0,0,-133.6853408,0,0,0,0,3,1,1,10,10,0,0,0,3,1,1,10,1000,0,0,0,0,0,0,0,0,0,0,0,0,0,0,0,0,0,0,0,0,0,0,0,0,0,0,0,0,0,0,0,0,0,0,0,0,0,0,0,0,0,0,0,0,0,0,0,0,0,0,0
1986,26,13,0,48.03,2,7,1,0,0,0,1,1,25,1016,1016,1016,1016,0,0,0,0,0,1,1,0,0,0,-133.7289652,0,0,0,0,3,1,1,10,10,0,0,0,3,1,1,10,1000,0,0,0,0,0,0,0,0,0,0,0,0,0,0,0,0,0,0,0,0,0,0,0,0,0,0,0,0,0,0,0,0,0,0,0,0,0,0,0,0,0,0,0,0,0,0,0,0,0,0,0
1986,26,13,1,36.03,2,7,1,0,0,0,1,1,25,1016,1016,1016,1016,0,0,0,0,0,1,1,0,0,0,-133.7725903,0,0,0,0,3,1,1,10,10,0,0,0,3,1,1,10,1000,0,0,0,0,0,0,0,0,0,0,0,0,0,0,0,0,0,0,0,0,0,0,0,0,0,0,0,0,0,0,0,0,0,0,0,0,0,0,0,0,0,0,0,0,0,0,0,0,0,0,0
1986,26,13,2,24.03,2,7,1,0,0,0,1,1,25,1016,1016,1016,1016,0,0,0,0,0,1,1,0,0,0,-133.8162154,0,0,0,0,3,1,1,10,10,0,0,0,3,1,1,10,1000,0,0,0,0,0,0,0,0,0,0,0,0,0,0,0,0,0,0,0,0,0,0,0,0,0,0,0,0,0,0,0,0,0,0,0,0,0,0,0,0,0,0,0,0,0,0,0,0,0,0,0
1986,26,13,3,12.03,2,7,1,0,0,0,1,1,25,1016,1016,1016,1016,0,0,0,0,0,1,1,0,0,0,-133.8598403,0,0,0,0,3,1,1,10,10,0,0,0,3,1,1,10,1000,0,0,0,0,0,0,0,0,0,0,0,0,0,0,0,0,0,0,0,0,0,0,0,0,0,0,0,0,0,0,0,0,0,0,0,0,0,0,0,0,0,0,0,0,0,0,0,0,0,0,0
1986,26,13,6,24.03,2,7,1,0,0,0,1,1,25,1016,1016,1016,1016,0,0,0,0,0,1,1,0,0,0,-134.0343388,0,0,0,0,3,1,1,10,10,0,0,0,3,1,1,10,1000,0,0,0,0,0,0,0,0,0,0,0,0,0,0,0,0,0,0,0,0,0,0,0,0,0,0,0,0,0,0,0,0,0,0,0,0,0,0,0,0,0,0,0,0,0,0,0,0,0,0,0
1986,26,13,7,12.03,2,7,1,0,0,0,1,1,25,1016,1016,1016,1016,0,0,0,0,0,1,1,0,0,0,-134.0779631,0,0,0,0,3,1,1,10,10,0,0,0,3,1,1,10,1000,0,0,0,0,0,0,0,0,0,0,0,0,0,0,0,0,0,0,0,0,0,0,0,0,0,0,0,0,0,0,0,0,0,0,0,0,0,0,0,0,0,0,0,0,0,0,0,0,0,0,0
1986,26,13,8,0.03,2,7,1,0,0,0,1,1,25,1016,1016,1016,1016,0,0,0,0,0,1,1,0,0,0,-134.1215873,0,0,0,0,3,1,1,10,10,0,0,0,3,1,1,10,1000,0,0,0,0,0,0,0,0,0,0,0,0,0,0,0,0,0,0,0,0,0,0,0,0,0,0,0,0,0,0,0,0,0,0,0,0,0,0,0,0,0,0,0,0,0,0,0,0,0,0,0
1986,26,13,8,48.03,2,7,1,0,0,0,1,1,25,1016,1016,1016,1016,0,0,0,0,0,1,1,0,0,0,-134.1652114,0,0,0,0,3,1,1,10,10,0,0,0,3,1,1,10,1000,0,0,0,0,0,0,0,0,0,0,0,0,0,0,0,0,0,0,0,0,0,0,0,0,0,0,0,0,0,0,0,0,0,0,0,0,0,0,0,0,0,0,0,0,0,0,0,0,0,0,0
1986,26,13,9,36.03,2,7,1,0,0,0,1,1,25,1016,1016,1016,1016,0,0,0,0,0,1,1,0,0,0,-134.2088354,0,0,0,0,3,1,1,10,10,0,0,0,3,1,1,10,1000,0,0,0,0,0,0,0,0,0,0,0,0,0,0,0,0,0,0,0,0,0,0,0,0,0,0,0,0,0,0,0,0,0,0,0,0,0,0,0,0,0,0,0,0,0,0,0,0,0,0,0
1986,26,13,10,24.029,2,7,1,0,0,0,1,1,25,1016,1016,1016,1016,0,0,0,0,0,1,1,0,0,0,-134.2524583,0,0,0,0,3,1,1,10,10,0,0,0,3,1,1,10,1000,0,0,0,0,0,0,0,0,0,0,0,0,0,0,0,0,0,0,0,0,0,0,0,0,0,0,0,0,0,0,0,0,0,0,0,0,0,0,0,0,0,0,0,0,0,0,0,0,0,0,0
1986,26,13,11,12.029,2,7,1,0,0,0,1,1,25,1016,1016,1016,1016,0,0,0,0,0,1,1,0,0,0,-134.296082,0,0,0,0,3,1,1,10,10,0,0,0,3,1,1,10,1000,0,0,0,0,0,0,0,0,0,0,0,0,0,0,0,0,0,0,0,0,0,0,0,0,0,0,0,0,0,0,0,0,0,0,0,0,0,0,0,0,0,0,0,0,0,0,0,0,0,0,0
1986,26,13,12,0.029,2,7,1,0,0,0,1,1,25,1016,1016,1016,1016,0,0,0,0,0,1,1,0,0,0,-134.3397056,0,0,0,0,3,1,1,10,10,0,0,0,3,1,1,10,1000,0,0,0,0,0,0,0,0,0,0,0,0,0,0,0,0,0,0,0,0,0,0,0,0,0,0,0,0,0,0,0,0,0,0,0,0,0,0,0,0,0,0,0,0,0,0,0,0,0,0,0
1986,26,13,12,48.029,2,7,1,0,0,0,1,1,25,1016,1016,1016,1016,0,0,0,0,0,1,1,0,0,0,-134.3833291,0,0,0,0,3,1,1,10,10,0,0,0,3,1,1,10,1000,0,0,0,0,0,0,0,0,0,0,0,0,0,0,0,0,0,0,0,0,0,0,0,0,0,0,0,0,0,0,0,0,0,0,0,0,0,0,0,0,0,0,0,0,0,0,0,0,0,0,0
1986,26,13,13,36.029,2,7,1,0,0,0,1,1,25,1016,1016,1016,1016,0,0,0,0,0,1,1,0,0,0,-134.4269525,0,0,0,0,3,1,1,10,10,0,0,0,3,1,1,10,1000,0,0,0,0,0,0,0,0,0,0,0,0,0,0,0,0,0,0,0,0,0,0,0,0,0,0,0,0,0,0,0,0,0,0,0,0,0,0,0,0,0,0,0,0,0,0,0,0,0,0,0
1986,26,13,14,24.029,2,7,1,0,0,0,1,1,25,1016,1016,1016,1016,0,0,0,0,0,1,1,0,0,0,-134.4705757,0,0,0,0,3,1,1,10,10,0,0,0,3,1,1,10,1000,0,0,0,0,0,0,0,0,0,0,0,0,0,0,0,0,0,0,0,0,0,0,0,0,0,0,0,0,0,0,0,0,0,0,0,0,0,0,0,0,0,0,0,0,0,0,0,0,0,0,0
1986,26,13,15,12.029,2,7,1,0,0,0,1,1,25,1016,1016,1016,1016,0,0,0,0,0,1,1,0,0,0,-134.5141989,0,0,0,0,3,1,1,10,10,0,0,0,3,1,1,10,1000,0,0,0,0,0,0,0,0,0,0,0,0,0,0,0,0,0,0,0,0,0,0,0,0,0,0,0,0,0,0,0,0,0,0,0,0,0,0,0,0,0,0,0,0,0,0,0,0,0,0,0
1986,26,13,18,24.029,2,7,1,0,0,0,1,1,25,1016,1016,1016,1016,0,0,0,0,0,1,1,0,0,0,-134.6886902,0,0,0,0,3,1,1,10,10,0,0,0,3,1,1,10,1000,0,0,0,0,0,0,0,0,0,0,0,0,0,0,0,0,0,0,0,0,0,0,0,0,0,0,0,0,0,0,0,0,0,0,0,0,0,0,0,0,0,0,0,0,0,0,0,0,0,0,0
1986,26,13,19,12.029,2,7,1,0,0,0,1,1,25,1016,1016,1016,1016,0,0,0,0,0,1,1,0,0,0,-134.7323127,0,0,0,0,3,1,1,10,10,0,0,0,3,1,1,10,1000,0,0,0,0,0,0,0,0,0,0,0,0,0,0,0,0,0,0,0,0,0,0,0,0,0,0,0,0,0,0,0,0,0,0,0,0,0,0,0,0,0,0,0,0,0,0,0,0,0,0,0
1986,26,13,20,0.029,2,7,1,0,0,0,1,1,25,1016,1016,1016,1016,0,0,0,0,0,1,1,0,0,0,-134.7759351,0,0,0,0,3,1,1,10,10,0,0,0,3,1,1,10,1000,0,0,0,0,0,0,0,0,0,0,0,0,0,0,0,0,0,0,0,0,0,0,0,0,0,0,0,0,0,0,0,0,0,0,0,0,0,0,0,0,0,0,0,0,0,0,0,0,0,0,0
1986,26,13,20,48.029,2,7,1,0,0,0,1,1,25,1016,1016,1016,1016,0,0,0,0,0,1,1,0,0,0,-134.8195574,0,0,0,0,3,1,1,10,10,0,0,0,3,1,1,10,1000,0,0,0,0,0,0,0,0,0,0,0,0,0,0,0,0,0,0,0,0,0,0,0,0,0,0,0,0,0,0,0,0,0,0,0,0,0,0,0,0,0,0,0,0,0,0,0,0,0,0,0
1986,26,13,21,36.029,2,7,1,0,0,0,1,1,25,1016,1016,1016,1016,0,0,0,0,0,1,1,0,0,0,-134.8631796,0,0,0,0,3,1,1,10,10,0,0,0,3,1,1,10,1000,0,0,0,0,0,0,0,0,0,0,0,0,0,0,0,0,0,0,0,0,0,0,0,0,0,0,0,0,0,0,0,0,0,0,0,0,0,0,0,0,0,0,0,0,0,0,0,0,0,0,0
1986,26,13,22,24.029,2,7,1,0,0,0,1,1,25,1016,1016,1016,1016,0,0,0,0,0,1,1,0,0,0,-134.9068017,0,0,0,0,3,1,1,10,10,0,0,0,3,1,1,10,1000,0,0,0,0,0,0,0,0,0,0,0,0,0,0,0,0,0,0,0,0,0,0,0,0,0,0,0,0,0,0,0,0,0,0,0,0,0,0,0,0,0,0,0,0,0,0,0,0,0,0,0
1986,26,13,23,12.029,2,7,1,0,0,0,1,1,25,1016,1016,1016,1016,0,0,0,0,0,1,1,0,0,0,-134.9504236,0,0,0,0,3,1,1,10,10,0,0,0,3,1,1,10,1000,0,0,0,0,0,0,0,0,0,0,0,0,0,0,0,0,0,0,0,0,0,0,0,0,0,0,0,0,0,0,0,0,0,0,0,0,0,0,0,0,0,0,0,0,0,0,0,0,0,0,0
1986,26,13,24,0.029,2,7,1,0,0,0,1,1,25,1016,1016,1016,1016,0,0,0,0,0,1,1,0,0,0,-134.9940454,0,0,0,0,3,1,1,10,10,0,0,0,3,1,1,10,1000,0,0,0,0,0,0,0,0,0,0,0,0,0,0,0,0,0,0,0,0,0,0,0,0,0,0,0,0,0,0,0,0,0,0,0,0,0,0,0,0,0,0,0,0,0,0,0,0,0,0,0
1986,26,13,24,48.029,2,7,1,0,0,0,1,1,25,1016,1016,1016,1016,0,0,0,0,0,1,1,0,0,0,-135.0376671,0,0,0,0,3,1,1,10,10,0,0,0,3,1,1,10,1000,0,0,0,0,0,0,0,0,0,0,0,0,0,0,0,0,0,0,0,0,0,0,0,0,0,0,0,0,0,0,0,0,0,0,0,0,0,0,0,0,0,0,0,0,0,0,0,0,0,0,0
1986,26,13,25,36.028,2,7,1,0,0,0,1,1,25,1016,1016,1016,1016,0,0,0,0,0,1,1,0,0,0,-135.0812878,0,0,0,0,3,1,1,10,10,0,0,0,3,1,1,10,1000,0,0,0,0,0,0,0,0,0,0,0,0,0,0,0,0,0,0,0,0,0,0,0,0,0,0,0,0,0,0,0,0,0,0,0,0,0,0,0,0,0,0,0,0,0,0,0,0,0,0,0
1986,26,13,26,24.028,2,7,1,0,0,0,1,1,25,1016,1016,1016,1016,0,0,0,0,0,1,1,0,0,0,-135.1249092,0,0,0,0,3,1,1,10,10,0,0,0,3,1,1,10,1000,0,0,0,0,0,0,0,0,0,0,0,0,0,0,0,0,0,0,0,0,0,0,0,0,0,0,0,0,0,0,0,0,0,0,0,0,0,0,0,0,0,0,0,0,0,0,0,0,0,0,0
1986,26,13,27,12.028,2,7,1,0,0,0,1,1,25,1016,1016,1016,1016,0,0,0,0,0,1,1,0,0,0,-135.1685306,0,0,0,0,3,1,1,10,10,0,0,0,3,1,1,10,1000,0,0,0,0,0,0,0,0,0,0,0,0,0,0,0,0,0,0,0,0,0,0,0,0,0,0,0,0,0,0,0,0,0,0,0,0,0,0,0,0,0,0,0,0,0,0,0,0,0,0,0
1986,26,13,30,24.028,2,7,1,0,0,0,1,1,25,1016,1016,1016,1016,0,0,0,0,0,1,1,0,0,0,-135.3430148,0,0,0,0,3,1,1,10,10,0,0,0,3,1,1,10,1000,0,0,0,0,0,0,0,0,0,0,0,0,0,0,0,0,0,0,0,0,0,0,0,0,0,0,0,0,0,0,0,0,0,0,0,0,0,0,0,0,0,0,0,0,0,0,0,0,0,0,0
1986,26,13,31,12.028,2,7,1,0,0,0,1,1,25,1016,1016,1016,1016,0,0,0,0,0,1,1,0,0,0,-135.3866355,0,0,0,0,3,1,1,10,10,0,0,0,3,1,1,10,1000,0,0,0,0,0,0,0,0,0,0,0,0,0,0,0,0,0,0,0,0,0,0,0,0,0,0,0,0,0,0,0,0,0,0,0,0,0,0,0,0,0,0,0,0,0,0,0,0,0,0,0
1986,26,13,32,0.028,2,7,1,0,0,0,1,1,25,1016,1016,1016,1016,0,0,0,0,0,1,1,0,0,0,-135.4302562,0,0,0,0,3,1,1,10,10,0,0,0,3,1,1,10,1000,0,0,0,0,0,0,0,0,0,0,0,0,0,0,0,0,0,0,0,0,0,0,0,0,0,0,0,0,0,0,0,0,0,0,0,0,0,0,0,0,0,0,0,0,0,0,0,0,0,0,0
1986,26,13,32,48.028,2,7,1,0,0,0,1,1,25,1016,1016,1016,1016,0,0,0,0,0,1,1,0,0,0,-135.4738767,0,0,0,0,3,1,1,10,10,0,0,0,3,1,1,10,1000,0,0,0,0,0,0,0,0,0,0,0,0,0,0,0,0,0,0,0,0,0,0,0,0,0,0,0,0,0,0,0,0,0,0,0,0,0,0,0,0,0,0,0,0,0,0,0,0,0,0,0
1986,26,13,33,36.028,2,7,1,0,0,0,1,1,25,1016,1016,1016,1016,0,0,0,0,0,1,1,0,0,0,-135.5174971,0,0,0,0,3,1,1,10,10,0,0,0,3,1,1,10,1000,0,0,0,0,0,0,0,0,0,0,0,0,0,0,0,0,0,0,0,0,0,0,0,0,0,0,0,0,0,0,0,0,0,0,0,0,0,0,0,0,0,0,0,0,0,0,0,0,0,0,0
1986,26,13,34,24.028,2,7,1,0,0,0,1,1,25,1016,1016,1016,1016,0,0,0,0,0,1,1,0,0,0,-135.5611174,0,0,0,0,3,1,1,10,10,0,0,0,3,1,1,10,1000,0,0,0,0,0,0,0,0,0,0,0,0,0,0,0,0,0,0,0,0,0,0,0,0,0,0,0,0,0,0,0,0,0,0,0,0,0,0,0,0,0,0,0,0,0,0,0,0,0,0,0
1986,26,13,35,12.028,2,7,1,0,0,0,1,1,25,1016,1016,1016,1016,0,0,0,0,0,1,1,0,0,0,-135.6047375,0,0,0,0,3,1,1,10,10,0,0,0,3,1,1,10,1000,0,0,0,0,0,0,0,0,0,0,0,0,0,0,0,0,0,0,0,0,0,0,0,0,0,0,0,0,0,0,0,0,0,0,0,0,0,0,0,0,0,0,0,0,0,0,0,0,0,0,0
1986,26,13,36,0.028,2,7,1,0,0,0,1,1,25,1016,1016,1016,1016,0,0,0,0,0,1,1,0,0,0,-135.6483576,0,0,0,0,3,1,1,10,10,0,0,0,3,1,1,10,1000,0,0,0,0,0,0,0,0,0,0,0,0,0,0,0,0,0,0,0,0,0,0,0,0,0,0,0,0,0,0,0,0,0,0,0,0,0,0,0,0,0,0,0,0,0,0,0,0,0,0,0
1986,26,13,36,48.028,2,7,1,0,0,0,1,1,25,1016,1016,1016,1016,0,0,0,0,0,1,1,0,0,0,-135.6919775,0,0,0,0,3,1,1,10,10,0,0,0,3,1,1,10,1000,0,0,0,0,0,0,0,0,0,0,0,0,0,0,0,0,0,0,0,0,0,0,0,0,0,0,0,0,0,0,0,0,0,0,0,0,0,0,0,0,0,0,0,0,0,0,0,0,0,0,0
1986,26,13,37,36.028,2,7,1,0,0,0,1,1,25,1016,1016,1016,1016,0,0,0,0,0,1,1,0,0,0,-135.7355973,0,0,0,0,3,1,1,10,10,0,0,0,3,1,1,10,1000,0,0,0,0,0,0,0,0,0,0,0,0,0,0,0,0,0,0,0,0,0,0,0,0,0,0,0,0,0,0,0,0,0,0,0,0,0,0,0,0,0,0,0,0,0,0,0,0,0,0,0
1986,26,13,38,24.028,2,7,1,0,0,0,1,1,25,1016,1016,1016,1016,0,0,0,0,0,1,1,0,0,0,-135.779217,0,0,0,0,3,1,1,10,10,0,0,0,3,1,1,10,1000,0,0,0,0,0,0,0,0,0,0,0,0,0,0,0,0,0,0,0,0,0,0,0,0,0,0,0,0,0,0,0,0,0,0,0,0,0,0,0,0,0,0,0,0,0,0,0,0,0,0,0
1986,26,13,39,12.028,2,7,1,0,0,0,1,1,25,1016,1016,1016,1016,0,0,0,0,0,1,1,0,0,0,-135.8228366,0,0,0,0,3,1,1,10,10,0,0,0,3,1,1,10,1000,0,0,0,0,0,0,0,0,0,0,0,0,0,0,0,0,0,0,0,0,0,0,0,0,0,0,0,0,0,0,0,0,0,0,0,0,0,0,0,0,0,0,0,0,0,0,0,0,0,0,0
1986,26,13,42,24.027,2,7,1,0,0,0,1,1,25,1016,1016,1016,1016,0,0,0,0,0,1,1,0,0,0,-135.9973128,0,0,0,0,3,1,1,10,10,0,0,0,3,1,1,10,1000,0,0,0,0,0,0,0,0,0,0,0,0,0,0,0,0,0,0,0,0,0,0,0,0,0,0,0,0,0,0,0,0,0,0,0,0,0,0,0,0,0,0,0,0,0,0,0,0,0,0,0
1986,26,13,43,12.027,2,7,1,0,0,0,1,1,25,1016,1016,1016,1016,0,0,0,0,0,1,1,0,0,0,-136.0409318,0,0,0,0,3,1,1,10,10,0,0,0,3,1,1,10,1000,0,0,0,0,0,0,0,0,0,0,0,0,0,0,0,0,0,0,0,0,0,0,0,0,0,0,0,0,0,0,0,0,0,0,0,0,0,0,0,0,0,0,0,0,0,0,0,0,0,0,0
1986,26,13,44,0.027,2,7,1,0,0,0,1,1,25,1016,1016,1016,1016,0,0,0,0,0,1,1,0,0,0,-136.0845507,0,0,0,0,3,1,1,10,10,0,0,0,3,1,1,10,1000,0,0,0,0,0,0,0,0,0,0,0,0,0,0,0,0,0,0,0,0,0,0,0,0,0,0,0,0,0,0,0,0,0,0,0,0,0,0,0,0,0,0,0,0,0,0,0,0,0,0,0
1986,26,13,44,48.027,2,7,1,0,0,0,1,1,25,1016,1016,1016,1016,0,0,0,0,0,1,1,0,0,0,-136.1281694,0,0,0,0,3,1,1,10,10,0,0,0,3,1,1,10,1000,0,0,0,0,0,0,0,0,0,0,0,0,0,0,0,0,0,0,0,0,0,0,0,0,0,0,0,0,0,0,0,0,0,0,0,0,0,0,0,0,0,0,0,0,0,0,0,0,0,0,0
1986,26,13,45,36.027,2,7,1,0,0,0,1,1,25,1016,1016,1016,1016,0,0,0,0,0,1,1,0,0,0,-136.1717881,0,0,0,0,3,1,1,10,10,0,0,0,3,1,1,10,1000,0,0,0,0,0,0,0,0,0,0,0,0,0,0,0,0,0,0,0,0,0,0,0,0,0,0,0,0,0,0,0,0,0,0,0,0,0,0,0,0,0,0,0,0,0,0,0,0,0,0,0
1986,26,13,46,24.027,2,7,1,0,0,0,1,1,25,1016,1016,1016,1016,0,0,0,0,0,1,1,0,0,0,-136.2154066,0,0,0,0,3,1,1,10,10,0,0,0,3,1,1,10,1000,0,0,0,0,0,0,0,0,0,0,0,0,0,0,0,0,0,0,0,0,0,0,0,0,0,0,0,0,0,0,0,0,0,0,0,0,0,0,0,0,0,0,0,0,0,0,0,0,0,0,0
1986,26,13,47,12.027,2,7,1,0,0,0,1,1,25,1016,1016,1016,1016,0,0,0,0,0,1,1,0,0,0,-136.259025,0,0,0,0,3,1,1,10,10,0,0,0,3,1,1,10,1000,0,0,0,0,0,0,0,0,0,0,0,0,0,0,0,0,0,0,0,0,0,0,0,0,0,0,0,0,0,0,0,0,0,0,0,0,0,0,0,0,0,0,0,0,0,0,0,0,0,0,0
1986,26,13,48,0.027,2,7,1,0,0,0,1,1,25,1016,1016,1016,1016,0,0,0,0,0,1,1,0,0,0,-136.3026433,0,0,0,0,3,1,1,10,10,0,0,0,3,1,1,10,1000,0,0,0,0,0,0,0,0,0,0,0,0,0,0,0,0,0,0,0,0,0,0,0,0,0,0,0,0,0,0,0,0,0,0,0,0,0,0,0,0,0,0,0,0,0,0,0,0,0,0,0
1986,26,13,48,48.027,2,7,1,0,0,0,1,1,25,1016,1016,1016,1016,0,0,0,0,0,1,1,0,0,0,-136.3462615,0,0,0,0,3,1,1,10,10,0,0,0,3,1,1,10,1000,0,0,0,0,0,0,0,0,0,0,0,0,0,0,0,0,0,0,0,0,0,0,0,0,0,0,0,0,0,0,0,0,0,0,0,0,0,0,0,0,0,0,0,0,0,0,0,0,0,0,0
1986,26,13,49,36.027,2,7,1,0,0,0,1,1,25,1016,1016,1016,1016,0,0,0,0,0,1,1,0,0,0,-136.3898795,0,0,0,0,3,1,1,10,10,0,0,0,3,1,1,10,1000,0,0,0,0,0,0,0,0,0,0,0,0,0,0,0,0,0,0,0,0,0,0,0,0,0,0,0,0,0,0,0,0,0,0,0,0,0,0,0,0,0,0,0,0,0,0,0,0,0,0,0
1986,26,13,50,24.027,2,7,1,0,0,0,1,1,25,1016,1016,1016,1016,0,0,0,0,0,1,1,0,0,0,-136.4334975,0,0,0,0,3,1,1,10,10,0,0,0,3,1,1,10,1000,0,0,0,0,0,0,0,0,0,0,0,0,0,0,0,0,0,0,0,0,0,0,0,0,0,0,0,0,0,0,0,0,0,0,0,0,0,0,0,0,0,0,0,0,0,0,0,0,0,0,0
1986,26,13,51,12.027,2,7,1,0,0,0,1,1,25,1016,1016,1016,1016,0,0,0,0,0,1,1,0,0,0,-136.4771153,0,0,0,0,3,1,1,10,10,0,0,0,3,1,1,10,1000,0,0,0,0,0,0,0,0,0,0,0,0,0,0,0,0,0,0,0,0,0,0,0,0,0,0,0,0,0,0,0,0,0,0,0,0,0,0,0,0,0,0,0,0,0,0,0,0,0,0,0
1986,26,13,54,24.027,2,7,1,0,0,0,1,1,25,1016,1016,1016,1016,0,0,0,0,0,1,1,0,0,0,-136.6515854,0,0,0,0,3,1,1,10,10,0,0,0,3,1,1,10,1000,0,0,0,0,0,0,0,0,0,0,0,0,0,0,0,0,0,0,0,0,0,0,0,0,0,0,0,0,0,0,0,0,0,0,0,0,0,0,0,0,0,0,0,0,0,0,0,0,0,0,0
1986,26,13,55,12.027,2,7,1,0,0,0,1,1,25,1016,1016,1016,1016,0,0,0,0,0,1,1,0,0,0,-136.6952026,0,0,0,0,3,1,1,10,10,0,0,0,3,1,1,10,1000,0,0,0,0,0,0,0,0,0,0,0,0,0,0,0,0,0,0,0,0,0,0,0,0,0,0,0,0,0,0,0,0,0,0,0,0,0,0,0,0,0,0,0,0,0,0,0,0,0,0,0
1986,26,13,56,0.026,2,7,1,0,0,0,1,1,25,1016,1016,1016,1016,0,0,0,0,0,1,1,0,0,0,-136.7388189,0,0,0,0,3,1,1,10,10,0,0,0,3,1,1,10,1000,0,0,0,0,0,0,0,0,0,0,0,0,0,0,0,0,0,0,0,0,0,0,0,0,0,0,0,0,0,0,0,0,0,0,0,0,0,0,0,0,0,0,0,0,0,0,0,0,0,0,0
1986,26,13,56,48.026,2,7,1,0,0,0,1,1,25,1016,1016,1016,1016,0,0,0,0,0,1,1,0,0,0,-136.7824359,0,0,0,0,3,1,1,10,10,0,0,0,3,1,1,10,1000,0,0,0,0,0,0,0,0,0,0,0,0,0,0,0,0,0,0,0,0,0,0,0,0,0,0,0,0,0,0,0,0,0,0,0,0,0,0,0,0,0,0,0,0,0,0,0,0,0,0,0
1986,26,13,57,36.026,2,7,1,0,0,0,1,1,25,1016,1016,1016,1016,0,0,0,0,0,1,1,0,0,0,-136.8260528,0,0,0,0,3,1,1,10,10,0,0,0,3,1,1,10,1000,0,0,0,0,0,0,0,0,0,0,0,0,0,0,0,0,0,0,0,0,0,0,0,0,0,0,0,0,0,0,0,0,0,0,0,0,0,0,0,0,0,0,0,0,0,0,0,0,0,0,0
1986,26,13,58,24.026,2,7,1,0,0,0,1,1,25,1016,1016,1016,1016,0,0,0,0,0,1,1,0,0,0,-136.8696695,0,0,0,0,3,1,1,10,10,0,0,0,3,1,1,10,1000,0,0,0,0,0,0,0,0,0,0,0,0,0,0,0,0,0,0,0,0,0,0,0,0,0,0,0,0,0,0,0,0,0,0,0,0,0,0,0,0,0,0,0,0,0,0,0,0,0,0,0
1986,26,13,59,12.026,2,7,1,0,0,0,1,1,25,1016,1016,1016,1016,0,0,0,0,0,1,1,0,0,0,-136.9132862,0,0,0,0,3,1,1,10,10,0,0,0,3,1,1,10,1000,0,0,0,0,0,0,0,0,0,0,0,0,0,0,0,0,0,0,0,0,0,0,0,0,0,0,0,0,0,0,0,0,0,0,0,0,0,0,0,0,0,0,0,0,0,0,0,0,0,0,0
1986,26,14,3,12.026,2,7,1,0,0,0,1,1,25,1016,1016,1016,1016,0,0,0,0,0,1,1,0,0,0,-137.1313678,0,0,0,0,3,1,1,10,10,0,0,0,3,1,1,10,1000,0,0,0,0,0,0,0,0,0,0,0,0,0,0,0,0,0,0,0,0,0,0,0,0,0,0,0,0,0,0,0,0,0,0,0,0,0,0,0,0,0,0,0,0,0,0,0,0,0,0,0
1986,26,14,6,24.026,2,7,1,0,0,0,1,1,25,1016,1016,1016,1016,0,0,0,0,0,1,1,0,0,0,-137.3058309,0,0,0,0,3,1,1,10,10,0,0,0,3,1,1,10,1000,0,0,0,0,0,0,0,0,0,0,0,0,0,0,0,0,0,0,0,0,0,0,0,0,0,0,0,0,0,0,0,0,0,0,0,0,0,0,0,0,0,0,0,0,0,0,0,0,0,0,0
1986,26,14,7,12.026,2,7,1,0,0,0,1,1,25,1016,1016,1016,1016,0,0,0,0,0,1,1,0,0,0,-137.3494464,0,0,0,0,3,1,1,10,10,0,0,0,3,1,1,10,1000,0,0,0,0,0,0,0,0,0,0,0,0,0,0,0,0,0,0,0,0,0,0,0,0,0,0,0,0,0,0,0,0,0,0,0,0,0,0,0,0,0,0,0,0,0,0,0,0,0,0,0
1986,26,14,8,0.026,2,7,1,0,0,0,1,1,25,1016,1016,1016,1016,0,0,0,0,0,1,1,0,0,0,-137.3930618,0,0,0,0,3,1,1,10,10,0,0,0,3,1,1,10,1000,0,0,0,0,0,0,0,0,0,0,0,0,0,0,0,0,0,0,0,0,0,0,0,0,0,0,0,0,0,0,0,0,0,0,0,0,0,0,0,0,0,0,0,0,0,0,0,0,0,0,0
1986,26,14,8,48.026,2,7,1,0,0,0,1,1,25,1016,1016,1016,1016,0,0,0,0,0,1,1,0,0,0,-137.4366771,0,0,0,0,3,1,1,10,10,0,0,0,3,1,1,10,1000,0,0,0,0,0,0,0,0,0,0,0,0,0,0,0,0,0,0,0,0,0,0,0,0,0,0,0,0,0,0,0,0,0,0,0,0,0,0,0,0,0,0,0,0,0,0,0,0,0,0,0
1986,26,14,9,36.026,2,7,1,0,0,0,1,1,25,1016,1016,1016,1016,0,0,0,0,0,1,1,0,0,0,-137.4802922,0,0,0,0,3,1,1,10,10,0,0,0,3,1,1,10,1000,0,0,0,0,0,0,0,0,0,0,0,0,0,0,0,0,0,0,0,0,0,0,0,0,0,0,0,0,0,0,0,0,0,0,0,0,0,0,0,0,0,0,0,0,0,0,0,0,0,0,0
1986,26,14,10,24.026,2,7,1,0,0,0,1,1,25,1016,1016,1016,1016,0,0,0,0,0,1,1,0,0,0,-137.5239073,0,0,0,0,3,1,1,10,10,0,0,0,3,1,1,10,1000,0,0,0,0,0,0,0,0,0,0,0,0,0,0,0,0,0,0,0,0,0,0,0,0,0,0,0,0,0,0,0,0,0,0,0,0,0,0,0,0,0,0,0,0,0,0,0,0,0,0,0
1986,26,14,11,12.025,2,7,1,0,0,0,1,1,25,1016,1016,1016,1016,0,0,0,0,0,1,1,0,0,0,-137.5675213,0,0,0,0,3,1,1,10,10,0,0,0,3,1,1,10,1000,0,0,0,0,0,0,0,0,0,0,0,0,0,0,0,0,0,0,0,0,0,0,0,0,0,0,0,0,0,0,0,0,0,0,0,0,0,0,0,0,0,0,0,0,0,0,0,0,0,0,0
1986,26,14,12,0.025,2,7,1,0,0,0,1,1,25,1016,1016,1016,1016,0,0,0,0,0,1,1,0,0,0,-137.6111361,0,0,0,0,3,1,1,10,10,0,0,0,3,1,1,10,1000,0,0,0,0,0,0,0,0,0,0,0,0,0,0,0,0,0,0,0,0,0,0,0,0,0,0,0,0,0,0,0,0,0,0,0,0,0,0,0,0,0,0,0,0,0,0,0,0,0,0,0
1986,26,14,12,48.025,2,7,1,0,0,0,1,1,25,1016,1016,1016,1016,0,0,0,0,0,1,1,0,0,0,-137.6547508,0,0,0,0,3,1,1,10,10,0,0,0,3,1,1,10,1000,0,0,0,0,0,0,0,0,0,0,0,0,0,0,0,0,0,0,0,0,0,0,0,0,0,0,0,0,0,0,0,0,0,0,0,0,0,0,0,0,0,0,0,0,0,0,0,0,0,0,0
1986,26,14,13,36.025,2,7,1,0,0,0,1,1,25,1016,1016,1016,1016,0,0,0,0,0,1,1,0,0,0,-137.6983654,0,0,0,0,3,1,1,10,10,0,0,0,3,1,1,10,1000,0,0,0,0,0,0,0,0,0,0,0,0,0,0,0,0,0,0,0,0,0,0,0,0,0,0,0,0,0,0,0,0,0,0,0,0,0,0,0,0,0,0,0,0,0,0,0,0,0,0,0
1986,26,14,14,24.025,2,7,1,0,0,0,1,1,25,1016,1016,1016,1016,0,0,0,0,0,1,1,0,0,0,-137.7419799,0,0,0,0,3,1,1,10,10,0,0,0,3,1,1,10,1000,0,0,0,0,0,0,0,0,0,0,0,0,0,0,0,0,0,0,0,0,0,0,0,0,0,0,0,0,0,0,0,0,0,0,0,0,0,0,0,0,0,0,0,0,0,0,0,0,0,0,0
1986,26,14,15,12.025,2,7,1,0,0,0,1,1,25,1016,1016,1016,1016,0,0,0,0,0,1,1,0,0,0,-137.7855942,0,0,0,0,3,1,1,10,10,0,0,0,3,1,1,10,1000,0,0,0,0,0,0,0,0,0,0,0,0,0,0,0,0,0,0,0,0,0,0,0,0,0,0,0,0,0,0,0,0,0,0,0,0,0,0,0,0,0,0,0,0,0,0,0,0,0,0,0
1986,26,14,18,24.025,2,7,1,0,0,0,1,1,25,1016,1016,1016,1016,0,0,0,0,0,1,1,0,0,0,-137.9600505,0,0,0,0,3,1,1,10,10,0,0,0,3,1,1,10,1000,0,0,0,0,0,0,0,0,0,0,0,0,0,0,0,0,0,0,0,0,0,0,0,0,0,0,0,0,0,0,0,0,0,0,0,0,0,0,0,0,0,0,0,0,0,0,0,0,0,0,0
1986,26,14,19,12.025,2,7,1,0,0,0,1,1,25,1016,1016,1016,1016,0,0,0,0,0,1,1,0,0,0,-138.0036643,0,0,0,0,3,1,1,10,10,0,0,0,3,1,1,10,1000,0,0,0,0,0,0,0,0,0,0,0,0,0,0,0,0,0,0,0,0,0,0,0,0,0,0,0,0,0,0,0,0,0,0,0,0,0,0,0,0,0,0,0,0,0,0,0,0,0,0,0
1986,26,14,20,0.025,2,7,1,0,0,0,1,1,25,1016,1016,1016,1016,0,0,0,0,0,1,1,0,0,0,-138.0472779,0,0,0,0,3,1,1,10,10,0,0,0,3,1,1,10,1000,0,0,0,0,0,0,0,0,0,0,0,0,0,0,0,0,0,0,0,0,0,0,0,0,0,0,0,0,0,0,0,0,0,0,0,0,0,0,0,0,0,0,0,0,0,0,0,0,0,0,0
1986,26,14,20,48.025,2,7,1,0,0,0,1,1,25,1016,1016,1016,1016,0,0,0,0,0,1,1,0,0,0,-138.0908915,0,0,0,0,3,1,1,10,10,0,0,0,3,1,1,10,1000,0,0,0,0,0,0,0,0,0,0,0,0,0,0,0,0,0,0,0,0,0,0,0,0,0,0,0,0,0,0,0,0,0,0,0,0,0,0,0,0,0,0,0,0,0,0,0,0,0,0,0
1986,26,14,21,36.025,2,7,1,0,0,0,1,1,25,1016,1016,1016,1016,0,0,0,0,0,1,1,0,0,0,-138.1345049,0,0,0,0,3,1,1,10,10,0,0,0,3,1,1,10,1000,0,0,0,0,0,0,0,0,0,0,0,0,0,0,0,0,0,0,0,0,0,0,0,0,0,0,0,0,0,0,0,0,0,0,0,0,0,0,0,0,0,0,0,0,0,0,0,0,0,0,0
1986,26,14,22,24.025,2,7,1,0,0,0,1,1,25,1016,1016,1016,1016,0,0,0,0,0,1,1,0,0,0,-138.1781183,0,0,0,0,3,1,1,10,10,0,0,0,3,1,1,10,1000,0,0,0,0,0,0,0,0,0,0,0,0,0,0,0,0,0,0,0,0,0,0,0,0,0,0,0,0,0,0,0,0,0,0,0,0,0,0,0,0,0,0,0,0,0,0,0,0,0,0,0
1986,26,14,23,12.025,2,7,1,0,0,0,1,1,25,1016,1016,1016,1016,0,0,0,0,0,1,1,0,0,0,-138.2217315,0,0,0,0,3,1,1,10,10,0,0,0,3,1,1,10,1000,0,0,0,0,0,0,0,0,0,0,0,0,0,0,0,0,0,0,0,0,0,0,0,0,0,0,0,0,0,0,0,0,0,0,0,0,0,0,0,0,0,0,0,0,0,0,0,0,0,0,0
1986,26,14,24,0.025,2,7,1,0,0,0,1,1,25,1016,1016,1016,1016,0,0,0,0,0,1,1,0,0,0,-138.2653446,0,0,0,0,3,1,1,10,10,0,0,0,3,1,1,10,1000,0,0,0,0,0,0,0,0,0,0,0,0,0,0,0,0,0,0,0,0,0,0,0,0,0,0,0,0,0,0,0,0,0,0,0,0,0,0,0,0,0,0,0,0,0,0,0,0,0,0,0
1986,26,14,24,48.025,2,7,1,0,0,0,1,1,25,1016,1016,1016,1016,0,0,0,0,0,1,1,0,0,0,-138.3089576,0,0,0,0,3,1,1,10,10,0,0,0,3,1,1,10,1000,0,0,0,0,0,0,0,0,0,0,0,0,0,0,0,0,0,0,0,0,0,0,0,0,0,0,0,0,0,0,0,0,0,0,0,0,0,0,0,0,0,0,0,0,0,0,0,0,0,0,0
1986,26,14,25,36.025,2,7,1,0,0,0,1,1,25,1016,1016,1016,1016,0,0,0,0,0,1,1,0,0,0,-138.3525704,0,0,0,0,3,1,1,10,10,0,0,0,3,1,1,10,1000,0,0,0,0,0,0,0,0,0,0,0,0,0,0,0,0,0,0,0,0,0,0,0,0,0,0,0,0,0,0,0,0,0,0,0,0,0,0,0,0,0,0,0,0,0,0,0,0,0,0,0
1986,26,14,26,24.024,2,7,1,0,0,0,1,1,25,1016,1016,1016,1016,0,0,0,0,0,1,1,0,0,0,-138.3961823,0,0,0,0,3,1,1,10,10,0,0,0,3,1,1,10,1000,0,0,0,0,0,0,0,0,0,0,0,0,0,0,0,0,0,0,0,0,0,0,0,0,0,0,0,0,0,0,0,0,0,0,0,0,0,0,0,0,0,0,0,0,0,0,0,0,0,0,0
1986,26,14,27,12.024,2,7,1,0,0,0,1,1,25,1016,1016,1016,1016,0,0,0,0,0,1,1,0,0,0,-138.4397949,0,0,0,0,3,1,1,10,10,0,0,0,3,1,1,10,1000,0,0,0,0,0,0,0,0,0,0,0,0,0,0,0,0,0,0,0,0,0,0,0,0,0,0,0,0,0,0,0,0,0,0,0,0,0,0,0,0,0,0,0,0,0,0,0,0,0,0,0
1986,26,14,30,24.024,2,7,1,0,0,0,1,1,25,1016,1016,1016,1016,0,0,0,0,0,1,1,0,0,0,-138.6142443,0,0,0,0,3,1,1,10,10,0,0,0,3,1,1,10,1000,0,0,0,0,0,0,0,0,0,0,0,0,0,0,0,0,0,0,0,0,0,0,0,0,0,0,0,0,0,0,0,0,0,0,0,0,0,0,0,0,0,0,0,0,0,0,0,0,0,0,0
1986,26,14,31,12.024,2,7,1,0,0,0,1,1,25,1016,1016,1016,1016,0,0,0,0,0,1,1,0,0,0,-138.6578564,0,0,0,0,3,1,1,10,10,0,0,0,3,1,1,10,1000,0,0,0,0,0,0,0,0,0,0,0,0,0,0,0,0,0,0,0,0,0,0,0,0,0,0,0,0,0,0,0,0,0,0,0,0,0,0,0,0,0,0,0,0,0,0,0,0,0,0,0
1986,26,14,32,0.024,2,7,1,0,0,0,1,1,25,1016,1016,1016,1016,0,0,0,0,0,1,1,0,0,0,-138.7014684,0,0,0,0,3,1,1,10,10,0,0,0,3,1,1,10,1000,0,0,0,0,0,0,0,0,0,0,0,0,0,0,0,0,0,0,0,0,0,0,0,0,0,0,0,0,0,0,0,0,0,0,0,0,0,0,0,0,0,0,0,0,0,0,0,0,0,0,0
1986,26,14,32,48.024,2,7,1,0,0,0,1,1,25,1016,1016,1016,1016,0,0,0,0,0,1,1,0,0,0,-138.7450802,0,0,0,0,3,1,1,10,10,0,0,0,3,1,1,10,1000,0,0,0,0,0,0,0,0,0,0,0,0,0,0,0,0,0,0,0,0,0,0,0,0,0,0,0,0,0,0,0,0,0,0,0,0,0,0,0,0,0,0,0,0,0,0,0,0,0,0,0
1986,26,14,33,36.024,2,7,1,0,0,0,1,1,25,1016,1016,1016,1016,0,0,0,0,0,1,1,0,0,0,-138.7886919,0,0,0,0,3,1,1,10,10,0,0,0,3,1,1,10,1000,0,0,0,0,0,0,0,0,0,0,0,0,0,0,0,0,0,0,0,0,0,0,0,0,0,0,0,0,0,0,0,0,0,0,0,0,0,0,0,0,0,0,0,0,0,0,0,0,0,0,0
1986,26,14,34,24.024,2,7,1,0,0,0,1,1,25,1016,1016,1016,1016,0,0,0,0,0,1,1,0,0,0,-138.8323036,0,0,0,0,3,1,1,10,10,0,0,0,3,1,1,10,1000,0,0,0,0,0,0,0,0,0,0,0,0,0,0,0,0,0,0,0,0,0,0,0,0,0,0,0,0,0,0,0,0,0,0,0,0,0,0,0,0,0,0,0,0,0,0,0,0,0,0,0
1986,26,14,35,12.024,2,7,1,0,0,0,1,1,25,1016,1016,1016,1016,0,0,0,0,0,1,1,0,0,0,-138.8759151,0,0,0,0,3,1,1,10,10,0,0,0,3,1,1,10,1000,0,0,0,0,0,0,0,0,0,0,0,0,0,0,0,0,0,0,0,0,0,0,0,0,0,0,0,0,0,0,0,0,0,0,0,0,0,0,0,0,0,0,0,0,0,0,0,0,0,0,0
1986,26,14,36,0.024,2,7,1,0,0,0,1,1,25,1016,1016,1016,1016,0,0,0,0,0,1,1,0,0,0,-138.9195265,0,0,0,0,3,1,1,10,10,0,0,0,3,1,1,10,1000,0,0,0,0,0,0,0,0,0,0,0,0,0,0,0,0,0,0,0,0,0,0,0,0,0,0,0,0,0,0,0,0,0,0,0,0,0,0,0,0,0,0,0,0,0,0,0,0,0,0,0
1986,26,14,36,48.024,2,7,1,0,0,0,1,1,25,1016,1016,1016,1016,0,0,0,0,0,1,1,0,0,0,-138.9631377,0,0,0,0,3,1,1,10,10,0,0,0,3,1,1,10,1000,0,0,0,0,0,0,0,0,0,0,0,0,0,0,0,0,0,0,0,0,0,0,0,0,0,0,0,0,0,0,0,0,0,0,0,0,0,0,0,0,0,0,0,0,0,0,0,0,0,0,0
1986,26,14,37,36.024,2,7,1,0,0,0,1,1,25,1016,1016,1016,1016,0,0,0,0,0,1,1,0,0,0,-139.0067489,0,0,0,0,3,1,1,10,10,0,0,0,3,1,1,10,1000,0,0,0,0,0,0,0,0,0,0,0,0,0,0,0,0,0,0,0,0,0,0,0,0,0,0,0,0,0,0,0,0,0,0,0,0,0,0,0,0,0,0,0,0,0,0,0,0,0,0,0
1986,26,14,38,24.024,2,7,1,0,0,0,1,1,25,1016,1016,1016,1016,0,0,0,0,0,1,1,0,0,0,-139.05036,0,0,0,0,3,1,1,10,10,0,0,0,3,1,1,10,1000,0,0,0,0,0,0,0,0,0,0,0,0,0,0,0,0,0,0,0,0,0,0,0,0,0,0,0,0,0,0,0,0,0,0,0,0,0,0,0,0,0,0,0,0,0,0,0,0,0,0,0
1986,26,14,39,12.024,2,7,1,0,0,0,1,1,25,1016,1016,1016,1016,0,0,0,0,0,1,1,0,0,0,-139.0939709,0,0,0,0,3,1,1,10,10,0,0,0,3,1,1,10,1000,0,0,0,0,0,0,0,0,0,0,0,0,0,0,0,0,0,0,0,0,0,0,0,0,0,0,0,0,0,0,0,0,0,0,0,0,0,0,0,0,0,0,0,0,0,0,0,0,0,0,0
1986,26,14,42,24.023,2,7,1,0,0,0,1,1,25,1016,1016,1016,1016,0,0,0,0,0,1,1,0,0,0,-139.2684126,0,0,0,0,3,1,1,10,10,0,0,0,3,1,1,10,1000,0,0,0,0,0,0,0,0,0,0,0,0,0,0,0,0,0,0,0,0,0,0,0,0,0,0,0,0,0,0,0,0,0,0,0,0,0,0,0,0,0,0,0,0,0,0,0,0,0,0,0
1986,26,14,43,12.023,2,7,1,0,0,0,1,1,25,1016,1016,1016,1016,0,0,0,0,0,1,1,0,0,0,-139.312023,0,0,0,0,3,1,1,10,10,0,0,0,3,1,1,10,1000,0,0,0,0,0,0,0,0,0,0,0,0,0,0,0,0,0,0,0,0,0,0,0,0,0,0,0,0,0,0,0,0,0,0,0,0,0,0,0,0,0,0,0,0,0,0,0,0,0,0,0
1986,26,14,44,0.023,2,7,1,0,0,0,1,1,25,1016,1016,1016,1016,0,0,0,0,0,1,1,0,0,0,-139.3556333,0,0,0,0,3,1,1,10,10,0,0,0,3,1,1,10,1000,0,0,0,0,0,0,0,0,0,0,0,0,0,0,0,0,0,0,0,0,0,0,0,0,0,0,0,0,0,0,0,0,0,0,0,0,0,0,0,0,0,0,0,0,0,0,0,0,0,0,0
1986,26,14,44,48.023,2,7,1,0,0,0,1,1,25,1016,1016,1016,1016,0,0,0,0,0,1,1,0,0,0,-139.3992434,0,0,0,0,3,1,1,10,10,0,0,0,3,1,1,10,1000,0,0,0,0,0,0,0,0,0,0,0,0,0,0,0,0,0,0,0,0,0,0,0,0,0,0,0,0,0,0,0,0,0,0,0,0,0,0,0,0,0,0,0,0,0,0,0,0,0,0,0
1986,26,14,45,36.023,2,7,1,0,0,0,1,1,25,1016,1016,1016,1016,0,0,0,0,0,1,1,0,0,0,-139.4428535,0,0,0,0,3,1,1,10,10,0,0,0,3,1,1,10,1000,0,0,0,0,0,0,0,0,0,0,0,0,0,0,0,0,0,0,0,0,0,0,0,0,0,0,0,0,0,0,0,0,0,0,0,0,0,0,0,0,0,0,0,0,0,0,0,0,0,0,0
1986,26,14,46,24.023,2,7,1,0,0,0,1,1,25,1016,1016,1016,1016,0,0,0,0,0,1,1,0,0,0,-139.4864634,0,0,0,0,3,1,1,10,10,0,0,0,3,1,1,10,1000,0,0,0,0,0,0,0,0,0,0,0,0,0,0,0,0,0,0,0,0,0,0,0,0,0,0,0,0,0,0,0,0,0,0,0,0,0,0,0,0,0,0,0,0,0,0,0,0,0,0,0
1986,26,14,47,12.023,2,7,1,0,0,0,1,1,25,1016,1016,1016,1016,0,0,0,0,0,1,1,0,0,0,-139.5300732,0,0,0,0,3,1,1,10,10,0,0,0,3,1,1,10,1000,0,0,0,0,0,0,0,0,0,0,0,0,0,0,0,0,0,0,0,0,0,0,0,0,0,0,0,0,0,0,0,0,0,0,0,0,0,0,0,0,0,0,0,0,0,0,0,0,0,0,0
1986,26,14,48,0.023,2,7,1,0,0,0,1,1,25,1016,1016,1016,1016,0,0,0,0,0,1,1,0,0,0,-139.5736829,0,0,0,0,3,1,1,10,10,0,0,0,3,1,1,10,1000,0,0,0,0,0,0,0,0,0,0,0,0,0,0,0,0,0,0,0,0,0,0,0,0,0,0,0,0,0,0,0,0,0,0,0,0,0,0,0,0,0,0,0,0,0,0,0,0,0,0,0
1986,26,14,48,48.023,2,7,1,0,0,0,1,1,25,1016,1016,1016,1016,0,0,0,0,0,1,1,0,0,0,-139.6172925,0,0,0,0,3,1,1,10,10,0,0,0,3,1,1,10,1000,0,0,0,0,0,0,0,0,0,0,0,0,0,0,0,0,0,0,0,0,0,0,0,0,0,0,0,0,0,0,0,0,0,0,0,0,0,0,0,0,0,0,0,0,0,0,0,0,0,0,0
1986,26,14,49,36.023,2,7,1,0,0,0,1,1,25,1016,1016,1016,1016,0,0,0,0,0,1,1,0,0,0,-139.660902,0,0,0,0,3,1,1,10,10,0,0,0,3,1,1,10,1000,0,0,0,0,0,0,0,0,0,0,0,0,0,0,0,0,0,0,0,0,0,0,0,0,0,0,0,0,0,0,0,0,0,0,0,0,0,0,0,0,0,0,0,0,0,0,0,0,0,0,0
1986,26,14,50,24.023,2,7,1,0,0,0,1,1,25,1016,1016,1016,1016,0,0,0,0,0,1,1,0,0,0,-139.7045113,0,0,0,0,3,1,1,10,10,0,0,0,3,1,1,10,1000,0,0,0,0,0,0,0,0,0,0,0,0,0,0,0,0,0,0,0,0,0,0,0,0,0,0,0,0,0,0,0,0,0,0,0,0,0,0,0,0,0,0,0,0,0,0,0,0,0,0,0
1986,26,14,51,12.023,2,7,1,0,0,0,1,1,25,1016,1016,1016,1016,0,0,0,0,0,1,1,0,0,0,-139.7481206,0,0,0,0,3,1,1,10,10,0,0,0,3,1,1,10,1000,0,0,0,0,0,0,0,0,0,0,0,0,0,0,0,0,0,0,0,0,0,0,0,0,0,0,0,0,0,0,0,0,0,0,0,0,0,0,0,0,0,0,0,0,0,0,0,0,0,0,0
1986,26,14,54,24.023,2,7,1,0,0,0,1,1,25,1016,1016,1016,1016,0,0,0,0,0,1,1,0,0,0,-139.9225565,0,0,0,0,3,1,1,10,10,0,0,0,3,1,1,10,1000,0,0,0,0,0,0,0,0,0,0,0,0,0,0,0,0,0,0,0,0,0,0,0,0,0,0,0,0,0,0,0,0,0,0,0,0,0,0,0,0,0,0,0,0,0,0,0,0,0,0,0
1986,26,14,55,12.023,2,7,1,0,0,0,1,1,25,1016,1016,1016,1016,0,0,0,0,0,1,1,0,0,0,-139.9661652,0,0,0,0,3,1,1,10,10,0,0,0,3,1,1,10,1000,0,0,0,0,0,0,0,0,0,0,0,0,0,0,0,0,0,0,0,0,0,0,0,0,0,0,0,0,0,0,0,0,0,0,0,0,0,0,0,0,0,0,0,0,0,0,0,0,0,0,0
1986,26,14,56,0.022,2,7,1,0,0,0,1,1,25,1016,1016,1016,1016,0,0,0,0,0,1,1,0,0,0,-140.0097729,0,0,0,0,3,1,1,10,10,0,0,0,3,1,1,10,1000,0,0,0,0,0,0,0,0,0,0,0,0,0,0,0,0,0,0,0,0,0,0,0,0,0,0,0,0,0,0,0,0,0,0,0,0,0,0,0,0,0,0,0,0,0,0,0,0,0,0,0
1986,26,14,56,48.022,2,7,1,0,0,0,1,1,25,1016,1016,1016,1016,0,0,0,0,0,1,1,0,0,0,-140.0533813,0,0,0,0,3,1,1,10,10,0,0,0,3,1,1,10,1000,0,0,0,0,0,0,0,0,0,0,0,0,0,0,0,0,0,0,0,0,0,0,0,0,0,0,0,0,0,0,0,0,0,0,0,0,0,0,0,0,0,0,0,0,0,0,0,0,0,0,0
1986,26,14,57,36.022,2,7,1,0,0,0,1,1,25,1016,1016,1016,1016,0,0,0,0,0,1,1,0,0,0,-140.0969897,0,0,0,0,3,1,1,10,10,0,0,0,3,1,1,10,1000,0,0,0,0,0,0,0,0,0,0,0,0,0,0,0,0,0,0,0,0,0,0,0,0,0,0,0,0,0,0,0,0,0,0,0,0,0,0,0,0,0,0,0,0,0,0,0,0,0,0,0
1986,26,14,58,24.022,2,7,1,0,0,0,1,1,25,1016,1016,1016,1016,0,0,0,0,0,1,1,0,0,0,-140.140598,0,0,0,0,3,1,1,10,10,0,0,0,3,1,1,10,1000,0,0,0,0,0,0,0,0,0,0,0,0,0,0,0,0,0,0,0,0,0,0,0,0,0,0,0,0,0,0,0,0,0,0,0,0,0,0,0,0,0,0,0,0,0,0,0,0,0,0,0
1986,26,14,59,12.022,2,7,1,0,0,0,1,1,25,1016,1016,1016,1016,0,0,0,0,0,1,1,0,0,0,-140.1842061,0,0,0,0,3,1,1,10,10,0,0,0,3,1,1,10,1000,0,0,0,0,0,0,0,0,0,0,0,0,0,0,0,0,0,0,0,0,0,0,0,0,0,0,0,0,0,0,0,0,0,0,0,0,0,0,0,0,0,0,0,0,0,0,0,0,0,0,0
1986,26,15,0,0.022,2,7,1,0,0,0,1,1,25,1016,1016,1016,1016,0,0,0,0,0,1,1,0,0,0,-140.2278141,0,0,0,0,3,1,1,10,10,0,0,0,3,1,1,10,1000,0,0,0,0,0,0,0,0,0,0,0,0,0,0,0,0,0,0,0,0,0,0,0,0,0,0,0,0,0,0,0,0,0,0,0,0,0,0,0,0,0,0,0,0,0,0,0,0,0,0,0
1986,26,15,0,48.022,2,7,1,0,0,0,1,1,25,1016,1016,1016,1016,0,0,0,0,0,1,1,0,0,0,-140.271422,0,0,0,0,3,1,1,10,10,0,0,0,3,1,1,10,1000,0,0,0,0,0,0,0,0,0,0,0,0,0,0,0,0,0,0,0,0,0,0,0,0,0,0,0,0,0,0,0,0,0,0,0,0,0,0,0,0,0,0,0,0,0,0,0,0,0,0,0
1986,26,15,1,36.022,2,7,1,0,0,0,1,1,25,1016,1016,1016,1016,0,0,0,0,0,1,1,0,0,0,-140.3150298,0,0,0,0,3,1,1,10,10,0,0,0,3,1,1,10,1000,0,0,0,0,0,0,0,0,0,0,0,0,0,0,0,0,0,0,0,0,0,0,0,0,0,0,0,0,0,0,0,0,0,0,0,0,0,0,0,0,0,0,0,0,0,0,0,0,0,0,0
1986,26,15,2,24.022,2,7,1,0,0,0,1,1,25,1016,1016,1016,1016,0,0,0,0,0,1,1,0,0,0,-140.3586375,0,0,0,0,3,1,1,10,10,0,0,0,3,1,1,10,1000,0,0,0,0,0,0,0,0,0,0,0,0,0,0,0,0,0,0,0,0,0,0,0,0,0,0,0,0,0,0,0,0,0,0,0,0,0,0,0,0,0,0,0,0,0,0,0,0,0,0,0
1986,26,15,3,12.022,2,7,1,0,0,0,1,1,25,1016,1016,1016,1016,0,0,0,0,0,1,1,0,0,0,-140.4022451,0,0,0,0,3,1,1,10,10,0,0,0,3,1,1,10,1000,0,0,0,0,0,0,0,0,0,0,0,0,0,0,0,0,0,0,0,0,0,0,0,0,0,0,0,0,0,0,0,0,0,0,0,0,0,0,0,0,0,0,0,0,0,0,0,0,0,0,0
1986,26,15,6,24.022,2,7,1,0,0,0,1,1,25,1016,1016,1016,1016,0,0,0,0,0,1,1,0,0,0,-140.5766743,0,0,0,0,3,1,1,10,10,0,0,0,3,1,1,10,1000,0,0,0,0,0,0,0,0,0,0,0,0,0,0,0,0,0,0,0,0,0,0,0,0,0,0,0,0,0,0,0,0,0,0,0,0,0,0,0,0,0,0,0,0,0,0,0,0,0,0,0
1986,26,15,7,12.022,2,7,1,0,0,0,1,1,25,1016,1016,1016,1016,0,0,0,0,0,1,1,0,0,0,-140.6202813,0,0,0,0,3,1,1,10,10,0,0,0,3,1,1,10,1000,0,0,0,0,0,0,0,0,0,0,0,0,0,0,0,0,0,0,0,0,0,0,0,0,0,0,0,0,0,0,0,0,0,0,0,0,0,0,0,0,0,0,0,0,0,0,0,0,0,0,0
1986,26,15,12,0.021,2,7,1,0,0,0,1,1,25,1016,1016,1016,1016,0,0,0,0,0,1,1,0,0,0,-140.8819203,0,0,0,0,3,1,1,10,10,0,0,0,3,1,1,10,1000,0,0,0,0,0,0,0,0,0,0,0,0,0,0,0,0,0,0,0,0,0,0,0,0,0,0,0,0,0,0,0,0,0,0,0,0,0,0,0,0,0,0,0,0,0,0,0,0,0,0,0
1986,26,15,12,48.021,2,7,1,0,0,0,1,1,25,1016,1016,1016,1016,0,0,0,0,0,1,1,0,0,0,-140.9255265,0,0,0,0,3,1,1,10,10,0,0,0,3,1,1,10,1000,0,0,0,0,0,0,0,0,0,0,0,0,0,0,0,0,0,0,0,0,0,0,0,0,0,0,0,0,0,0,0,0,0,0,0,0,0,0,0,0,0,0,0,0,0,0,0,0,0,0,0
1986,26,15,13,36.021,2,7,1,0,0,0,1,1,25,1016,1016,1016,1016,0,0,0,0,0,1,1,0,0,0,-140.9691327,0,0,0,0,3,1,1,10,10,0,0,0,3,1,1,10,1000,0,0,0,0,0,0,0,0,0,0,0,0,0,0,0,0,0,0,0,0,0,0,0,0,0,0,0,0,0,0,0,0,0,0,0,0,0,0,0,0,0,0,0,0,0,0,0,0,0,0,0
1986,26,15,14,24.021,2,7,1,0,0,0,1,1,25,1016,1016,1016,1016,0,0,0,0,0,1,1,0,0,0,-141.0127387,0,0,0,0,3,1,1,10,10,0,0,0,3,1,1,10,1000,0,0,0,0,0,0,0,0,0,0,0,0,0,0,0,0,0,0,0,0,0,0,0,0,0,0,0,0,0,0,0,0,0,0,0,0,0,0,0,0,0,0,0,0,0,0,0,0,0,0,0
1986,26,15,15,12.021,2,7,1,0,0,0,1,1,25,1016,1016,1016,1016,0,0,0,0,0,1,1,0,0,0,-141.0563446,0,0,0,0,3,1,1,10,10,0,0,0,3,1,1,10,1000,0,0,0,0,0,0,0,0,0,0,0,0,0,0,0,0,0,0,0,0,0,0,0,0,0,0,0,0,0,0,0,0,0,0,0,0,0,0,0,0,0,0,0,0,0,0,0,0,0,0,0
1986,26,15,18,24.021,2,7,1,0,0,0,1,1,25,1016,1016,1016,1016,0,0,0,0,0,1,1,0,0,0,-141.2307672,0,0,0,0,3,1,1,10,10,0,0,0,3,1,1,10,1000,0,0,0,0,0,0,0,0,0,0,0,0,0,0,0,0,0,0,0,0,0,0,0,0,0,0,0,0,0,0,0,0,0,0,0,0,0,0,0,0,0,0,0,0,0,0,0,0,0,0,0
1986,26,15,19,12.021,2,7,1,0,0,0,1,1,25,1016,1016,1016,1016,0,0,0,0,0,1,1,0,0,0,-141.2743726,0,0,0,0,3,1,1,10,10,0,0,0,3,1,1,10,1000,0,0,0,0,0,0,0,0,0,0,0,0,0,0,0,0,0,0,0,0,0,0,0,0,0,0,0,0,0,0,0,0,0,0,0,0,0,0,0,0,0,0,0,0,0,0,0,0,0,0,0
1986,26,15,20,0.021,2,7,1,0,0,0,1,1,25,1016,1016,1016,1016,0,0,0,0,0,1,1,0,0,0,-141.3179778,0,0,0,0,3,1,1,10,10,0,0,0,3,1,1,10,1000,0,0,0,0,0,0,0,0,0,0,0,0,0,0,0,0,0,0,0,0,0,0,0,0,0,0,0,0,0,0,0,0,0,0,0,0,0,0,0,0,0,0,0,0,0,0,0,0,0,0,0
1986,26,15,20,48.021,2,7,1,0,0,0,1,1,25,1016,1016,1016,1016,0,0,0,0,0,1,1,0,0,0,-141.361583,0,0,0,0,3,1,1,10,10,0,0,0,3,1,1,10,1000,0,0,0,0,0,0,0,0,0,0,0,0,0,0,0,0,0,0,0,0,0,0,0,0,0,0,0,0,0,0,0,0,0,0,0,0,0,0,0,0,0,0,0,0,0,0,0,0,0,0,0
1986,26,15,21,36.021,2,7,1,0,0,0,1,1,25,1016,1016,1016,1016,0,0,0,0,0,1,1,0,0,0,-141.405188,0,0,0,0,3,1,1,10,10,0,0,0,3,1,1,10,1000,0,0,0,0,0,0,0,0,0,0,0,0,0,0,0,0,0,0,0,0,0,0,0,0,0,0,0,0,0,0,0,0,0,0,0,0,0,0,0,0,0,0,0,0,0,0,0,0,0,0,0
1986,26,15,22,24.021,2,7,1,0,0,0,1,1,25,1016,1016,1016,1016,0,0,0,0,0,1,1,0,0,0,-141.4487929,0,0,0,0,3,1,1,10,10,0,0,0,3,1,1,10,1000,0,0,0,0,0,0,0,0,0,0,0,0,0,0,0,0,0,0,0,0,0,0,0,0,0,0,0,0,0,0,0,0,0,0,0,0,0,0,0,0,0,0,0,0,0,0,0,0,0,0,0
1986,26,15,23,12.021,2,7,1,0,0,0,1,1,25,1016,1016,1016,1016,0,0,0,0,0,1,1,0,0,0,-141.4923978,0,0,0,0,3,1,1,10,10,0,0,0,3,1,1,10,1000,0,0,0,0,0,0,0,0,0,0,0,0,0,0,0,0,0,0,0,0,0,0,0,0,0,0,0,0,0,0,0,0,0,0,0,0,0,0,0,0,0,0,0,0,0,0,0,0,0,0,0
1986,26,15,24,0.021,2,7,1,0,0,0,1,1,25,1016,1016,1016,1016,0,0,0,0,0,1,1,0,0,0,-141.5360025,0,0,0,0,3,1,1,10,10,0,0,0,3,1,1,10,1000,0,0,0,0,0,0,0,0,0,0,0,0,0,0,0,0,0,0,0,0,0,0,0,0,0,0,0,0,0,0,0,0,0,0,0,0,0,0,0,0,0,0,0,0,0,0,0,0,0,0,0
1986,26,15,24,48.021,2,7,1,0,0,0,1,1,25,1016,1016,1016,1016,0,0,0,0,0,1,1,0,0,0,-141.5796071,0,0,0,0,3,1,1,10,10,0,0,0,3,1,1,10,1000,0,0,0,0,0,0,0,0,0,0,0,0,0,0,0,0,0,0,0,0,0,0,0,0,0,0,0,0,0,0,0,0,0,0,0,0,0,0,0,0,0,0,0,0,0,0,0,0,0,0,0
1986,26,15,25,36.021,2,7,1,0,0,0,1,1,25,1016,1016,1016,1016,0,0,0,0,0,1,1,0,0,0,-141.6232116,0,0,0,0,3,1,1,10,10,0,0,0,3,1,1,10,1000,0,0,0,0,0,0,0,0,0,0,0,0,0,0,0,0,0,0,0,0,0,0,0,0,0,0,0,0,0,0,0,0,0,0,0,0,0,0,0,0,0,0,0,0,0,0,0,0,0,0,0
1986,26,15,26,24.02,2,7,1,0,0,0,1,1,25,1016,1016,1016,1016,0,0,0,0,0,1,1,0,0,0,-141.666815,0,0,0,0,3,1,1,10,10,0,0,0,3,1,1,10,1000,0,0,0,0,0,0,0,0,0,0,0,0,0,0,0,0,0,0,0,0,0,0,0,0,0,0,0,0,0,0,0,0,0,0,0,0,0,0,0,0,0,0,0,0,0,0,0,0,0,0,0
1986,26,15,27,12.02,2,7,1,0,0,0,1,1,25,1016,1016,1016,1016,0,0,0,0,0,1,1,0,0,0,-141.7104193,0,0,0,0,3,1,1,10,10,0,0,0,3,1,1,10,1000,0,0,0,0,0,0,0,0,0,0,0,0,0,0,0,0,0,0,0,0,0,0,0,0,0,0,0,0,0,0,0,0,0,0,0,0,0,0,0,0,0,0,0,0,0,0,0,0,0,0,0
1986,26,15,30,24.02,2,7,1,0,0,0,1,1,25,1016,1016,1016,1016,0,0,0,0,0,1,1,0,0,0,-141.8848353,0,0,0,0,3,1,1,10,10,0,0,0,3,1,1,10,1000,0,0,0,0,0,0,0,0,0,0,0,0,0,0,0,0,0,0,0,0,0,0,0,0,0,0,0,0,0,0,0,0,0,0,0,0,0,0,0,0,0,0,0,0,0,0,0,0,0,0,0
1986,26,15,31,12.02,2,7,1,0,0,0,1,1,25,1016,1016,1016,1016,0,0,0,0,0,1,1,0,0,0,-141.928439,0,0,0,0,3,1,1,10,10,0,0,0,3,1,1,10,1000,0,0,0,0,0,0,0,0,0,0,0,0,0,0,0,0,0,0,0,0,0,0,0,0,0,0,0,0,0,0,0,0,0,0,0,0,0,0,0,0,0,0,0,0,0,0,0,0,0,0,0
1986,26,15,32,0.02,2,7,1,0,0,0,1,1,25,1016,1016,1016,1016,0,0,0,0,0,1,1,0,0,0,-141.9720427,0,0,0,0,3,1,1,10,10,0,0,0,3,1,1,10,1000,0,0,0,0,0,0,0,0,0,0,0,0,0,0,0,0,0,0,0,0,0,0,0,0,0,0,0,0,0,0,0,0,0,0,0,0,0,0,0,0,0,0,0,0,0,0,0,0,0,0,0
1986,26,15,32,48.02,2,7,1,0,0,0,1,1,25,1016,1016,1016,1016,0,0,0,0,0,1,1,0,0,0,-142.0156462,0,0,0,0,3,1,1,10,10,0,0,0,3,1,1,10,1000,0,0,0,0,0,0,0,0,0,0,0,0,0,0,0,0,0,0,0,0,0,0,0,0,0,0,0,0,0,0,0,0,0,0,0,0,0,0,0,0,0,0,0,0,0,0,0,0,0,0,0
1986,26,15,33,36.02,2,7,1,0,0,0,1,1,25,1016,1016,1016,1016,0,0,0,0,0,1,1,0,0,0,-142.0592496,0,0,0,0,3,1,1,10,10,0,0,0,3,1,1,10,1000,0,0,0,0,0,0,0,0,0,0,0,0,0,0,0,0,0,0,0,0,0,0,0,0,0,0,0,0,0,0,0,0,0,0,0,0,0,0,0,0,0,0,0,0,0,0,0,0,0,0,0
1986,26,15,34,24.02,2,7,1,0,0,0,1,1,25,1016,1016,1016,1016,0,0,0,0,0,1,1,0,0,0,-142.1028529,0,0,0,0,3,1,1,10,10,0,0,0,3,1,1,10,1000,0,0,0,0,0,0,0,0,0,0,0,0,0,0,0,0,0,0,0,0,0,0,0,0,0,0,0,0,0,0,0,0,0,0,0,0,0,0,0,0,0,0,0,0,0,0,0,0,0,0,0
1986,26,15,35,12.02,2,7,1,0,0,0,1,1,25,1016,1016,1016,1016,0,0,0,0,0,1,1,0,0,0,-142.146456,0,0,0,0,3,1,1,10,10,0,0,0,3,1,1,10,1000,0,0,0,0,0,0,0,0,0,0,0,0,0,0,0,0,0,0,0,0,0,0,0,0,0,0,0,0,0,0,0,0,0,0,0,0,0,0,0,0,0,0,0,0,0,0,0,0,0,0,0
1986,26,15,36,0.02,2,7,1,0,0,0,1,1,25,1016,1016,1016,1016,0,0,0,0,0,1,1,0,0,0,-142.1900591,0,0,0,0,3,1,1,10,10,0,0,0,3,1,1,10,1000,0,0,0,0,0,0,0,0,0,0,0,0,0,0,0,0,0,0,0,0,0,0,0,0,0,0,0,0,0,0,0,0,0,0,0,0,0,0,0,0,0,0,0,0,0,0,0,0,0,0,0
1986,26,15,36,48.02,2,7,1,0,0,0,1,1,25,1016,1016,1016,1016,0,0,0,0,0,1,1,0,0,0,-142.2336621,0,0,0,0,3,1,1,10,10,0,0,0,3,1,1,10,1000,0,0,0,0,0,0,0,0,0,0,0,0,0,0,0,0,0,0,0,0,0,0,0,0,0,0,0,0,0,0,0,0,0,0,0,0,0,0,0,0,0,0,0,0,0,0,0,0,0,0,0
1986,26,15,37,36.02,2,7,1,0,0,0,1,1,25,1016,1016,1016,1016,0,0,0,0,0,1,1,0,0,0,-142.2772649,0,0,0,0,3,1,1,10,10,0,0,0,3,1,1,10,1000,0,0,0,0,0,0,0,0,0,0,0,0,0,0,0,0,0,0,0,0,0,0,0,0,0,0,0,0,0,0,0,0,0,0,0,0,0,0,0,0,0,0,0,0,0,0,0,0,0,0,0
1986,26,15,38,24.02,2,7,1,0,0,0,1,1,25,1016,1016,1016,1016,0,0,0,0,0,1,1,0,0,0,-142.3208677,0,0,0,0,3,1,1,10,10,0,0,0,3,1,1,10,1000,0,0,0,0,0,0,0,0,0,0,0,0,0,0,0,0,0,0,0,0,0,0,0,0,0,0,0,0,0,0,0,0,0,0,0,0,0,0,0,0,0,0,0,0,0,0,0,0,0,0,0
1986,26,15,39,12.02,2,7,1,0,0,0,1,1,25,1016,1016,1016,1016,0,0,0,0,0,1,1,0,0,0,-142.3644703,0,0,0,0,3,1,1,10,10,0,0,0,3,1,1,10,1000,0,0,0,0,0,0,0,0,0,0,0,0,0,0,0,0,0,0,0,0,0,0,0,0,0,0,0,0,0,0,0,0,0,0,0,0,0,0,0,0,0,0,0,0,0,0,0,0,0,0,0
1986,26,15,42,24.019,2,7,1,0,0,0,1,1,25,1016,1016,1016,1016,0,0,0,0,0,1,1,0,0,0,-142.5388789,0,0,0,0,3,1,1,10,10,0,0,0,3,1,1,10,1000,0,0,0,0,0,0,0,0,0,0,0,0,0,0,0,0,0,0,0,0,0,0,0,0,0,0,0,0,0,0,0,0,0,0,0,0,0,0,0,0,0,0,0,0,0,0,0,0,0,0,0
1986,26,15,43,12.019,2,7,1,0,0,0,1,1,25,1016,1016,1016,1016,0,0,0,0,0,1,1,0,0,0,-142.582481,0,0,0,0,3,1,1,10,10,0,0,0,3,1,1,10,1000,0,0,0,0,0,0,0,0,0,0,0,0,0,0,0,0,0,0,0,0,0,0,0,0,0,0,0,0,0,0,0,0,0,0,0,0,0,0,0,0,0,0,0,0,0,0,0,0,0,0,0
1986,26,15,44,0.019,2,7,1,0,0,0,1,1,25,1016,1016,1016,1016,0,0,0,0,0,1,1,0,0,0,-142.626083,0,0,0,0,3,1,1,10,10,0,0,0,3,1,1,10,1000,0,0,0,0,0,0,0,0,0,0,0,0,0,0,0,0,0,0,0,0,0,0,0,0,0,0,0,0,0,0,0,0,0,0,0,0,0,0,0,0,0,0,0,0,0,0,0,0,0,0,0
1986,26,15,44,48.019,2,7,1,0,0,0,1,1,25,1016,1016,1016,1016,0,0,0,0,0,1,1,0,0,0,-142.6696848,0,0,0,0,3,1,1,10,10,0,0,0,3,1,1,10,1000,0,0,0,0,0,0,0,0,0,0,0,0,0,0,0,0,0,0,0,0,0,0,0,0,0,0,0,0,0,0,0,0,0,0,0,0,0,0,0,0,0,0,0,0,0,0,0,0,0,0,0
1986,26,15,45,36.019,2,7,1,0,0,0,1,1,25,1016,1016,1016,1016,0,0,0,0,0,1,1,0,0,0,-142.7132866,0,0,0,0,3,1,1,10,10,0,0,0,3,1,1,10,1000,0,0,0,0,0,0,0,0,0,0,0,0,0,0,0,0,0,0,0,0,0,0,0,0,0,0,0,0,0,0,0,0,0,0,0,0,0,0,0,0,0,0,0,0,0,0,0,0,0,0,0
1986,26,15,46,24.019,2,7,1,0,0,0,1,1,25,1016,1016,1016,1016,0,0,0,0,0,1,1,0,0,0,-142.7568883,0,0,0,0,3,1,1,10,10,0,0,0,3,1,1,10,1000,0,0,0,0,0,0,0,0,0,0,0,0,0,0,0,0,0,0,0,0,0,0,0,0,0,0,0,0,0,0,0,0,0,0,0,0,0,0,0,0,0,0,0,0,0,0,0,0,0,0,0
1986,26,15,47,12.019,2,7,1,0,0,0,1,1,25,1016,1016,1016,1016,0,0,0,0,0,1,1,0,0,0,-142.8004898,0,0,0,0,3,1,1,10,10,0,0,0,3,1,1,10,1000,0,0,0,0,0,0,0,0,0,0,0,0,0,0,0,0,0,0,0,0,0,0,0,0,0,0,0,0,0,0,0,0,0,0,0,0,0,0,0,0,0,0,0,0,0,0,0,0,0,0,0
1986,26,15,48,0.019,2,7,1,0,0,0,1,1,25,1016,1016,1016,1016,0,0,0,0,0,1,1,0,0,0,-142.8440913,0,0,0,0,3,1,1,10,10,0,0,0,3,1,1,10,1000,0,0,0,0,0,0,0,0,0,0,0,0,0,0,0,0,0,0,0,0,0,0,0,0,0,0,0,0,0,0,0,0,0,0,0,0,0,0,0,0,0,0,0,0,0,0,0,0,0,0,0
1986,26,15,48,48.019,2,7,1,0,0,0,1,1,25,1016,1016,1016,1016,0,0,0,0,0,1,1,0,0,0,-142.8876926,0,0,0,0,3,1,1,10,10,0,0,0,3,1,1,10,1000,0,0,0,0,0,0,0,0,0,0,0,0,0,0,0,0,0,0,0,0,0,0,0,0,0,0,0,0,0,0,0,0,0,0,0,0,0,0,0,0,0,0,0,0,0,0,0,0,0,0,0
1986,26,15,49,36.019,2,7,1,0,0,0,1,1,25,1016,1016,1016,1016,0,0,0,0,0,1,1,0,0,0,-142.9312938,0,0,0,0,3,1,1,10,10,0,0,0,3,1,1,10,1000,0,0,0,0,0,0,0,0,0,0,0,0,0,0,0,0,0,0,0,0,0,0,0,0,0,0,0,0,0,0,0,0,0,0,0,0,0,0,0,0,0,0,0,0,0,0,0,0,0,0,0
1986,26,15,50,24.019,2,7,1,0,0,0,1,1,25,1016,1016,1016,1016,0,0,0,0,0,1,1,0,0,0,-142.974895,0,0,0,0,3,1,1,10,10,0,0,0,3,1,1,10,1000,0,0,0,0,0,0,0,0,0,0,0,0,0,0,0,0,0,0,0,0,0,0,0,0,0,0,0,0,0,0,0,0,0,0,0,0,0,0,0,0,0,0,0,0,0,0,0,0,0,0,0
1986,26,15,51,12.019,2,7,1,0,0,0,1,1,25,1016,1016,1016,1016,0,0,0,0,0,1,1,0,0,0,-143.018496,0,0,0,0,3,1,1,10,10,0,0,0,3,1,1,10,1000,0,0,0,0,0,0,0,0,0,0,0,0,0,0,0,0,0,0,0,0,0,0,0,0,0,0,0,0,0,0,0,0,0,0,0,0,0,0,0,0,0,0,0,0,0,0,0,0,0,0,0
1986,26,15,54,24.019,2,7,1,0,0,0,1,1,25,1016,1016,1016,1016,0,0,0,0,0,1,1,0,0,0,-143.192899,0,0,0,0,3,1,1,10,10,0,0,0,3,1,1,10,1000,0,0,0,0,0,0,0,0,0,0,0,0,0,0,0,0,0,0,0,0,0,0,0,0,0,0,0,0,0,0,0,0,0,0,0,0,0,0,0,0,0,0,0,0,0,0,0,0,0,0,0
1986,26,15,55,12.019,2,7,1,0,0,0,1,1,25,1016,1016,1016,1016,0,0,0,0,0,1,1,0,0,0,-143.2364995,0,0,0,0,3,1,1,10,10,0,0,0,3,1,1,10,1000,0,0,0,0,0,0,0,0,0,0,0,0,0,0,0,0,0,0,0,0,0,0,0,0,0,0,0,0,0,0,0,0,0,0,0,0,0,0,0,0,0,0,0,0,0,0,0,0,0,0,0
1986,26,15,56,0.019,2,7,1,0,0,0,1,1,25,1016,1016,1016,1016,0,0,0,0,0,1,1,0,0,0,-143.2800998,0,0,0,0,3,1,1,10,10,0,0,0,3,1,1,10,1000,0,0,0,0,0,0,0,0,0,0,0,0,0,0,0,0,0,0,0,0,0,0,0,0,0,0,0,0,0,0,0,0,0,0,0,0,0,0,0,0,0,0,0,0,0,0,0,0,0,0,0
1986,26,15,56,48.018,2,7,1,0,0,0,1,1,25,1016,1016,1016,1016,0,0,0,0,0,1,1,0,0,0,-143.3236992,0,0,0,0,3,1,1,10,10,0,0,0,3,1,1,10,1000,0,0,0,0,0,0,0,0,0,0,0,0,0,0,0,0,0,0,0,0,0,0,0,0,0,0,0,0,0,0,0,0,0,0,0,0,0,0,0,0,0,0,0,0,0,0,0,0,0,0,0
1986,26,15,57,36.018,2,7,1,0,0,0,1,1,25,1016,1016,1016,1016,0,0,0,0,0,1,1,0,0,0,-143.3672993,0,0,0,0,3,1,1,10,10,0,0,0,3,1,1,10,1000,0,0,0,0,0,0,0,0,0,0,0,0,0,0,0,0,0,0,0,0,0,0,0,0,0,0,0,0,0,0,0,0,0,0,0,0,0,0,0,0,0,0,0,0,0,0,0,0,0,0,0
1986,26,15,58,24.018,2,7,1,0,0,0,1,1,25,1016,1016,1016,1016,0,0,0,0,0,1,1,0,0,0,-143.4108994,0,0,0,0,3,1,1,10,10,0,0,0,3,1,1,10,1000,0,0,0,0,0,0,0,0,0,0,0,0,0,0,0,0,0,0,0,0,0,0,0,0,0,0,0,0,0,0,0,0,0,0,0,0,0,0,0,0,0,0,0,0,0,0,0,0,0,0,0
1986,26,15,59,12.018,2,7,1,0,0,0,1,1,25,1016,1016,1016,1016,0,0,0,0,0,1,1,0,0,0,-143.4544993,0,0,0,0,3,1,1,10,10,0,0,0,3,1,1,10,1000,0,0,0,0,0,0,0,0,0,0,0,0,0,0,0,0,0,0,0,0,0,0,0,0,0,0,0,0,0,0,0,0,0,0,0,0,0,0,0,0,0,0,0,0,0,0,0,0,0,0,0
1986,26,16,0,0.018,2,7,1,0,0,0,1,1,25,1016,1016,1016,1016,0,0,0,0,0,1,1,0,0,0,-143.4980992,0,0,0,0,3,1,1,10,10,0,0,0,3,1,1,10,1000,0,0,0,0,0,0,0,0,0,0,0,0,0,0,0,0,0,0,0,0,0,0,0,0,0,0,0,0,0,0,0,0,0,0,0,0,0,0,0,0,0,0,0,0,0,0,0,0,0,0,0
1986,26,16,0,48.018,2,7,1,0,0,0,1,1,25,1016,1016,1016,1016,0,0,0,0,0,1,1,0,0,0,-143.5416989,0,0,0,0,3,1,1,10,10,0,0,0,3,1,1,10,1000,0,0,0,0,0,0,0,0,0,0,0,0,0,0,0,0,0,0,0,0,0,0,0,0,0,0,0,0,0,0,0,0,0,0,0,0,0,0,0,0,0,0,0,0,0,0,0,0,0,0,0
1986,26,16,1,36.018,2,7,1,0,0,0,1,1,25,1016,1016,1016,1016,0,0,0,0,0,1,1,0,0,0,-143.5852985,0,0,0,0,3,1,1,10,10,0,0,0,3,1,1,10,1000,0,0,0,0,0,0,0,0,0,0,0,0,0,0,0,0,0,0,0,0,0,0,0,0,0,0,0,0,0,0,0,0,0,0,0,0,0,0,0,0,0,0,0,0,0,0,0,0,0,0,0
1986,26,16,2,24.018,2,7,1,0,0,0,1,1,25,1016,1016,1016,1016,0,0,0,0,0,1,1,0,0,0,-143.628898,0,0,0,0,3,1,1,10,10,0,0,0,3,1,1,10,1000,0,0,0,0,0,0,0,0,0,0,0,0,0,0,0,0,0,0,0,0,0,0,0,0,0,0,0,0,0,0,0,0,0,0,0,0,0,0,0,0,0,0,0,0,0,0,0,0,0,0,0
1986,26,16,3,12.018,2,7,1,0,0,0,1,1,25,1016,1016,1016,1016,0,0,0,0,0,1,1,0,0,0,-143.6724974,0,0,0,0,3,1,1,10,10,0,0,0,3,1,1,10,1000,0,0,0,0,0,0,0,0,0,0,0,0,0,0,0,0,0,0,0,0,0,0,0,0,0,0,0,0,0,0,0,0,0,0,0,0,0,0,0,0,0,0,0,0,0,0,0,0,0,0,0
1986,26,16,6,24.018,2,7,1,0,0,0,1,1,25,1016,1016,1016,1016,0,0,0,0,0,1,1,0,0,0,-143.846894,0,0,0,0,3,1,1,10,10,0,0,0,3,1,1,10,1000,0,0,0,0,0,0,0,0,0,0,0,0,0,0,0,0,0,0,0,0,0,0,0,0,0,0,0,0,0,0,0,0,0,0,0,0,0,0,0,0,0,0,0,0,0,0,0,0,0,0,0
1986,26,16,7,12.018,2,7,1,0,0,0,1,1,25,1016,1016,1016,1016,0,0,0,0,0,1,1,0,0,0,-143.8904929,0,0,0,0,3,1,1,10,10,0,0,0,3,1,1,10,1000,0,0,0,0,0,0,0,0,0,0,0,0,0,0,0,0,0,0,0,0,0,0,0,0,0,0,0,0,0,0,0,0,0,0,0,0,0,0,0,0,0,0,0,0,0,0,0,0,0,0,0
1986,26,16,8,0.018,2,7,1,0,0,0,1,1,25,1016,1016,1016,1016,0,0,0,0,0,1,1,0,0,0,-143.9340916,0,0,0,0,3,1,1,10,10,0,0,0,3,1,1,10,1000,0,0,0,0,0,0,0,0,0,0,0,0,0,0,0,0,0,0,0,0,0,0,0,0,0,0,0,0,0,0,0,0,0,0,0,0,0,0,0,0,0,0,0,0,0,0,0,0,0,0,0
1986,26,16,8,48.018,2,7,1,0,0,0,1,1,25,1016,1016,1016,1016,0,0,0,0,0,1,1,0,0,0,-143.9776903,0,0,0,0,3,1,1,10,10,0,0,0,3,1,1,10,1000,0,0,0,0,0,0,0,0,0,0,0,0,0,0,0,0,0,0,0,0,0,0,0,0,0,0,0,0,0,0,0,0,0,0,0,0,0,0,0,0,0,0,0,0,0,0,0,0,0,0,0
1986,26,16,9,36.018,2,7,1,0,0,0,1,1,25,1016,1016,1016,1016,0,0,0,0,0,1,1,0,0,0,-144.0212888,0,0,0,0,3,1,1,10,10,0,0,0,3,1,1,10,1000,0,0,0,0,0,0,0,0,0,0,0,0,0,0,0,0,0,0,0,0,0,0,0,0,0,0,0,0,0,0,0,0,0,0,0,0,0,0,0,0,0,0,0,0,0,0,0,0,0,0,0
1986,26,16,10,24.018,2,7,1,0,0,0,1,1,25,1016,1016,1016,1016,0,0,0,0,0,1,1,0,0,0,-144.0648873,0,0,0,0,3,1,1,10,10,0,0,0,3,1,1,10,1000,0,0,0,0,0,0,0,0,0,0,0,0,0,0,0,0,0,0,0,0,0,0,0,0,0,0,0,0,0,0,0,0,0,0,0,0,0,0,0,0,0,0,0,0,0,0,0,0,0,0,0
1986,26,16,11,12.018,2,7,1,0,0,0,1,1,25,1016,1016,1016,1016,0,0,0,0,0,1,1,0,0,0,-144.1084856,0,0,0,0,3,1,1,10,10,0,0,0,3,1,1,10,1000,0,0,0,0,0,0,0,0,0,0,0,0,0,0,0,0,0,0,0,0,0,0,0,0,0,0,0,0,0,0,0,0,0,0,0,0,0,0,0,0,0,0,0,0,0,0,0,0,0,0,0
1986,26,16,12,0.017,2,7,1,0,0,0,1,1,25,1016,1016,1016,1016,0,0,0,0,0,1,1,0,0,0,-144.1520829,0,0,0,0,3,1,1,10,10,0,0,0,3,1,1,10,1000,0,0,0,0,0,0,0,0,0,0,0,0,0,0,0,0,0,0,0,0,0,0,0,0,0,0,0,0,0,0,0,0,0,0,0,0,0,0,0,0,0,0,0,0,0,0,0,0,0,0,0
1986,26,16,12,48.017,2,7,1,0,0,0,1,1,25,1016,1016,1016,1016,0,0,0,0,0,1,1,0,0,0,-144.1956811,0,0,0,0,3,1,1,10,10,0,0,0,3,1,1,10,1000,0,0,0,0,0,0,0,0,0,0,0,0,0,0,0,0,0,0,0,0,0,0,0,0,0,0,0,0,0,0,0,0,0,0,0,0,0,0,0,0,0,0,0,0,0,0,0,0,0,0,0
1986,26,16,13,36.017,2,7,1,0,0,0,1,1,25,1016,1016,1016,1016,0,0,0,0,0,1,1,0,0,0,-144.2392791,0,0,0,0,3,1,1,10,10,0,0,0,3,1,1,10,1000,0,0,0,0,0,0,0,0,0,0,0,0,0,0,0,0,0,0,0,0,0,0,0,0,0,0,0,0,0,0,0,0,0,0,0,0,0,0,0,0,0,0,0,0,0,0,0,0,0,0,0
1986,26,16,14,24.017,2,7,1,0,0,0,1,1,25,1016,1016,1016,1016,0,0,0,0,0,1,1,0,0,0,-144.282877,0,0,0,0,3,1,1,10,10,0,0,0,3,1,1,10,1000,0,0,0,0,0,0,0,0,0,0,0,0,0,0,0,0,0,0,0,0,0,0,0,0,0,0,0,0,0,0,0,0,0,0,0,0,0,0,0,0,0,0,0,0,0,0,0,0,0,0,0
1986,26,16,15,12.017,2,7,1,0,0,0,1,1,25,1016,1016,1016,1016,0,0,0,0,0,1,1,0,0,0,-144.3264748,0,0,0,0,3,1,1,10,10,0,0,0,3,1,1,10,1000,0,0,0,0,0,0,0,0,0,0,0,0,0,0,0,0,0,0,0,0,0,0,0,0,0,0,0,0,0,0,0,0,0,0,0,0,0,0,0,0,0,0,0,0,0,0,0,0,0,0,0
1986,26,16,18,24.017,2,7,1,0,0,0,1,1,25,1016,1016,1016,1016,0,0,0,0,0,1,1,0,0,0,-144.500865,0,0,0,0,3,1,1,10,10,0,0,0,3,1,1,10,1000,0,0,0,0,0,0,0,0,0,0,0,0,0,0,0,0,0,0,0,0,0,0,0,0,0,0,0,0,0,0,0,0,0,0,0,0,0,0,0,0,0,0,0,0,0,0,0,0,0,0,0
1986,26,16,19,12.017,2,7,1,0,0,0,1,1,25,1016,1016,1016,1016,0,0,0,0,0,1,1,0,0,0,-144.5444623,0,0,0,0,3,1,1,10,10,0,0,0,3,1,1,10,1000,0,0,0,0,0,0,0,0,0,0,0,0,0,0,0,0,0,0,0,0,0,0,0,0,0,0,0,0,0,0,0,0,0,0,0,0,0,0,0,0,0,0,0,0,0,0,0,0,0,0,0
1986,26,16,20,0.017,2,7,1,0,0,0,1,1,25,1016,1016,1016,1016,0,0,0,0,0,1,1,0,0,0,-144.5880594,0,0,0,0,3,1,1,10,10,0,0,0,3,1,1,10,1000,0,0,0,0,0,0,0,0,0,0,0,0,0,0,0,0,0,0,0,0,0,0,0,0,0,0,0,0,0,0,0,0,0,0,0,0,0,0,0,0,0,0,0,0,0,0,0,0,0,0,0
1986,26,16,20,48.017,2,7,1,0,0,0,1,1,25,1016,1016,1016,1016,0,0,0,0,0,1,1,0,0,0,-144.6316565,0,0,0,0,3,1,1,10,10,0,0,0,3,1,1,10,1000,0,0,0,0,0,0,0,0,0,0,0,0,0,0,0,0,0,0,0,0,0,0,0,0,0,0,0,0,0,0,0,0,0,0,0,0,0,0,0,0,0,0,0,0,0,0,0,0,0,0,0
1986,26,16,21,36.017,2,7,1,0,0,0,1,1,25,1016,1016,1016,1016,0,0,0,0,0,1,1,0,0,0,-144.6752535,0,0,0,0,3,1,1,10,10,0,0,0,3,1,1,10,1000,0,0,0,0,0,0,0,0,0,0,0,0,0,0,0,0,0,0,0,0,0,0,0,0,0,0,0,0,0,0,0,0,0,0,0,0,0,0,0,0,0,0,0,0,0,0,0,0,0,0,0
1986,26,16,24,48.017,2,7,1,0,0,0,1,1,25,1016,1016,1016,1016,0,0,0,0,0,1,1,0,0,0,-144.8496402,0,0,0,0,3,1,1,10,10,0,0,0,3,1,1,10,1000,0,0,0,0,0,0,0,0,0,0,0,0,0,0,0,0,0,0,0,0,0,0,0,0,0,0,0,0,0,0,0,0,0,0,0,0,0,0,0,0,0,0,0,0,0,0,0,0,0,0,0
1986,26,16,25,36.017,2,7,1,0,0,0,1,1,25,1016,1016,1016,1016,0,0,0,0,0,1,1,0,0,0,-144.8932367,0,0,0,0,3,1,1,10,10,0,0,0,3,1,1,10,1000,0,0,0,0,0,0,0,0,0,0,0,0,0,0,0,0,0,0,0,0,0,0,0,0,0,0,0,0,0,0,0,0,0,0,0,0,0,0,0,0,0,0,0,0,0,0,0,0,0,0,0
1986,26,16,26,24.017,2,7,1,0,0,0,1,1,25,1016,1016,1016,1016,0,0,0,0,0,1,1,0,0,0,-144.936833,0,0,0,0,3,1,1,10,10,0,0,0,3,1,1,10,1000,0,0,0,0,0,0,0,0,0,0,0,0,0,0,0,0,0,0,0,0,0,0,0,0,0,0,0,0,0,0,0,0,0,0,0,0,0,0,0,0,0,0,0,0,0,0,0,0,0,0,0
1986,26,16,27,12.016,2,7,1,0,0,0,1,1,25,1016,1016,1016,1016,0,0,0,0,0,1,1,0,0,0,-144.9804283,0,0,0,0,3,1,1,10,10,0,0,0,3,1,1,10,1000,0,0,0,0,0,0,0,0,0,0,0,0,0,0,0,0,0,0,0,0,0,0,0,0,0,0,0,0,0,0,0,0,0,0,0,0,0,0,0,0,0,0,0,0,0,0,0,0,0,0,0
1986,26,16,30,24.016,2,7,1,0,0,0,1,1,25,1016,1016,1016,1016,0,0,0,0,0,1,1,0,0,0,-145.1548122,0,0,0,0,3,1,1,10,10,0,0,0,3,1,1,10,1000,0,0,0,0,0,0,0,0,0,0,0,0,0,0,0,0,0,0,0,0,0,0,0,0,0,0,0,0,0,0,0,0,0,0,0,0,0,0,0,0,0,0,0,0,0,0,0,0,0,0,0
1986,26,16,31,12.016,2,7,1,0,0,0,1,1,25,1016,1016,1016,1016,0,0,0,0,0,1,1,0,0,0,-145.1984079,0,0,0,0,3,1,1,10,10,0,0,0,3,1,1,10,1000,0,0,0,0,0,0,0,0,0,0,0,0,0,0,0,0,0,0,0,0,0,0,0,0,0,0,0,0,0,0,0,0,0,0,0,0,0,0,0,0,0,0,0,0,0,0,0,0,0,0,0
1986,26,16,32,0.016,2,7,1,0,0,0,1,1,25,1016,1016,1016,1016,0,0,0,0,0,1,1,0,0,0,-145.2420035,0,0,0,0,3,1,1,10,10,0,0,0,3,1,1,10,1000,0,0,0,0,0,0,0,0,0,0,0,0,0,0,0,0,0,0,0,0,0,0,0,0,0,0,0,0,0,0,0,0,0,0,0,0,0,0,0,0,0,0,0,0,0,0,0,0,0,0,0
1986,26,16,32,48.016,2,7,1,0,0,0,1,1,25,1016,1016,1016,1016,0,0,0,0,0,1,1,0,0,0,-145.2855989,0,0,0,0,3,1,1,10,10,0,0,0,3,1,1,10,1000,0,0,0,0,0,0,0,0,0,0,0,0,0,0,0,0,0,0,0,0,0,0,0,0,0,0,0,0,0,0,0,0,0,0,0,0,0,0,0,0,0,0,0,0,0,0,0,0,0,0,0
1986,26,16,33,36.016,2,7,1,0,0,0,1,1,25,1016,1016,1016,1016,0,0,0,0,0,1,1,0,0,0,-145.3291943,0,0,0,0,3,1,1,10,10,0,0,0,3,1,1,10,1000,0,0,0,0,0,0,0,0,0,0,0,0,0,0,0,0,0,0,0,0,0,0,0,0,0,0,0,0,0,0,0,0,0,0,0,0,0,0,0,0,0,0,0,0,0,0,0,0,0,0,0
1986,26,16,34,24.016,2,7,1,0,0,0,1,1,25,1016,1016,1016,1016,0,0,0,0,0,1,1,0,0,0,-145.3727896,0,0,0,0,3,1,1,10,10,0,0,0,3,1,1,10,1000,0,0,0,0,0,0,0,0,0,0,0,0,0,0,0,0,0,0,0,0,0,0,0,0,0,0,0,0,0,0,0,0,0,0,0,0,0,0,0,0,0,0,0,0,0,0,0,0,0,0,0
1986,26,16,35,12.016,2,7,1,0,0,0,1,1,25,1016,1016,1016,1016,0,0,0,0,0,1,1,0,0,0,-145.4163848,0,0,0,0,3,1,1,10,10,0,0,0,3,1,1,10,1000,0,0,0,0,0,0,0,0,0,0,0,0,0,0,0,0,0,0,0,0,0,0,0,0,0,0,0,0,0,0,0,0,0,0,0,0,0,0,0,0,0,0,0,0,0,0,0,0,0,0,0
1986,26,16,36,0.016,2,7,1,0,0,0,1,1,25,1016,1016,1016,1016,0,0,0,0,0,1,1,0,0,0,-145.4599798,0,0,0,0,3,1,1,10,10,0,0,0,3,1,1,10,1000,0,0,0,0,0,0,0,0,0,0,0,0,0,0,0,0,0,0,0,0,0,0,0,0,0,0,0,0,0,0,0,0,0,0,0,0,0,0,0,0,0,0,0,0,0,0,0,0,0,0,0
1986,26,16,36,48.016,2,7,1,0,0,0,1,1,25,1016,1016,1016,1016,0,0,0,0,0,1,1,0,0,0,-145.5035748,0,0,0,0,3,1,1,10,10,0,0,0,3,1,1,10,1000,0,0,0,0,0,0,0,0,0,0,0,0,0,0,0,0,0,0,0,0,0,0,0,0,0,0,0,0,0,0,0,0,0,0,0,0,0,0,0,0,0,0,0,0,0,0,0,0,0,0,0
1986,26,16,37,36.016,2,7,1,0,0,0,1,1,25,1016,1016,1016,1016,0,0,0,0,0,1,1,0,0,0,-145.5471697,0,0,0,0,3,1,1,10,10,0,0,0,3,1,1,10,1000,0,0,0,0,0,0,0,0,0,0,0,0,0,0,0,0,0,0,0,0,0,0,0,0,0,0,0,0,0,0,0,0,0,0,0,0,0,0,0,0,0,0,0,0,0,0,0,0,0,0,0
1986,26,16,38,24.016,2,7,1,0,0,0,1,1,25,1016,1016,1016,1016,0,0,0,0,0,1,1,0,0,0,-145.5907644,0,0,0,0,3,1,1,10,10,0,0,0,3,1,1,10,1000,0,0,0,0,0,0,0,0,0,0,0,0,0,0,0,0,0,0,0,0,0,0,0,0,0,0,0,0,0,0,0,0,0,0,0,0,0,0,0,0,0,0,0,0,0,0,0,0,0,0,0
1986,26,16,39,12.016,2,7,1,0,0,0,1,1,25,1016,1016,1016,1016,0,0,0,0,0,1,1,0,0,0,-145.6343591,0,0,0,0,3,1,1,10,10,0,0,0,3,1,1,10,1000,0,0,0,0,0,0,0,0,0,0,0,0,0,0,0,0,0,0,0,0,0,0,0,0,0,0,0,0,0,0,0,0,0,0,0,0,0,0,0,0,0,0,0,0,0,0,0,0,0,0,0
1986,26,16,42,24.015,2,7,1,0,0,0,1,1,25,1016,1016,1016,1016,0,0,0,0,0,1,1,0,0,0,-145.8087357,0,0,0,0,3,1,1,10,10,0,0,0,3,1,1,10,1000,0,0,0,0,0,0,0,0,0,0,0,0,0,0,0,0,0,0,0,0,0,0,0,0,0,0,0,0,0,0,0,0,0,0,0,0,0,0,0,0,0,0,0,0,0,0,0,0,0,0,0
1986,26,16,43,12.015,2,7,1,0,0,0,1,1,25,1016,1016,1016,1016,0,0,0,0,0,1,1,0,0,0,-145.8523298,0,0,0,0,3,1,1,10,10,0,0,0,3,1,1,10,1000,0,0,0,0,0,0,0,0,0,0,0,0,0,0,0,0,0,0,0,0,0,0,0,0,0,0,0,0,0,0,0,0,0,0,0,0,0,0,0,0,0,0,0,0,0,0,0,0,0,0,0
1986,26,16,44,0.015,2,7,1,0,0,0,1,1,25,1016,1016,1016,1016,0,0,0,0,0,1,1,0,0,0,-145.8959239,0,0,0,0,3,1,1,10,10,0,0,0,3,1,1,10,1000,0,0,0,0,0,0,0,0,0,0,0,0,0,0,0,0,0,0,0,0,0,0,0,0,0,0,0,0,0,0,0,0,0,0,0,0,0,0,0,0,0,0,0,0,0,0,0,0,0,0,0
1986,26,16,44,48.015,2,7,1,0,0,0,1,1,25,1016,1016,1016,1016,0,0,0,0,0,1,1,0,0,0,-145.9395178,0,0,0,0,3,1,1,10,10,0,0,0,3,1,1,10,1000,0,0,0,0,0,0,0,0,0,0,0,0,0,0,0,0,0,0,0,0,0,0,0,0,0,0,0,0,0,0,0,0,0,0,0,0,0,0,0,0,0,0,0,0,0,0,0,0,0,0,0
1986,26,16,45,36.015,2,7,1,0,0,0,1,1,25,1016,1016,1016,1016,0,0,0,0,0,1,1,0,0,0,-145.9831116,0,0,0,0,3,1,1,10,10,0,0,0,3,1,1,10,1000,0,0,0,0,0,0,0,0,0,0,0,0,0,0,0,0,0,0,0,0,0,0,0,0,0,0,0,0,0,0,0,0,0,0,0,0,0,0,0,0,0,0,0,0,0,0,0,0,0,0,0
1986,26,16,46,24.015,2,7,1,0,0,0,1,1,25,1016,1016,1016,1016,0,0,0,0,0,1,1,0,0,0,-146.0267053,0,0,0,0,3,1,1,10,10,0,0,0,3,1,1,10,1000,0,0,0,0,0,0,0,0,0,0,0,0,0,0,0,0,0,0,0,0,0,0,0,0,0,0,0,0,0,0,0,0,0,0,0,0,0,0,0,0,0,0,0,0,0,0,0,0,0,0,0
1986,26,16,47,12.015,2,7,1,0,0,0,1,1,25,1016,1016,1016,1016,0,0,0,0,0,1,1,0,0,0,-146.0702989,0,0,0,0,3,1,1,10,10,0,0,0,3,1,1,10,1000,0,0,0,0,0,0,0,0,0,0,0,0,0,0,0,0,0,0,0,0,0,0,0,0,0,0,0,0,0,0,0,0,0,0,0,0,0,0,0,0,0,0,0,0,0,0,0,0,0,0,0
1986,26,16,48,0.015,2,7,1,0,0,0,1,1,25,1016,1016,1016,1016,0,0,0,0,0,1,1,0,0,0,-146.1138924,0,0,0,0,3,1,1,10,10,0,0,0,3,1,1,10,1000,0,0,0,0,0,0,0,0,0,0,0,0,0,0,0,0,0,0,0,0,0,0,0,0,0,0,0,0,0,0,0,0,0,0,0,0,0,0,0,0,0,0,0,0,0,0,0,0,0,0,0
1986,26,16,48,48.015,2,7,1,0,0,0,1,1,25,1016,1016,1016,1016,0,0,0,0,0,1,1,0,0,0,-146.1574858,0,0,0,0,3,1,1,10,10,0,0,0,3,1,1,10,1000,0,0,0,0,0,0,0,0,0,0,0,0,0,0,0,0,0,0,0,0,0,0,0,0,0,0,0,0,0,0,0,0,0,0,0,0,0,0,0,0,0,0,0,0,0,0,0,0,0,0,0
1986,26,16,49,36.015,2,7,1,0,0,0,1,1,25,1016,1016,1016,1016,0,0,0,0,0,1,1,0,0,0,-146.2010791,0,0,0,0,3,1,1,10,10,0,0,0,3,1,1,10,1000,0,0,0,0,0,0,0,0,0,0,0,0,0,0,0,0,0,0,0,0,0,0,0,0,0,0,0,0,0,0,0,0,0,0,0,0,0,0,0,0,0,0,0,0,0,0,0,0,0,0,0
1986,26,16,50,24.015,2,7,1,0,0,0,1,1,25,1016,1016,1016,1016,0,0,0,0,0,1,1,0,0,0,-146.2446723,0,0,0,0,3,1,1,10,10,0,0,0,3,1,1,10,1000,0,0,0,0,0,0,0,0,0,0,0,0,0,0,0,0,0,0,0,0,0,0,0,0,0,0,0,0,0,0,0,0,0,0,0,0,0,0,0,0,0,0,0,0,0,0,0,0,0,0,0
1986,26,16,51,12.015,2,7,1,0,0,0,1,1,25,1016,1016,1016,1016,0,0,0,0,0,1,1,0,0,0,-146.2882654,0,0,0,0,3,1,1,10,10,0,0,0,3,1,1,10,1000,0,0,0,0,0,0,0,0,0,0,0,0,0,0,0,0,0,0,0,0,0,0,0,0,0,0,0,0,0,0,0,0,0,0,0,0,0,0,0,0,0,0,0,0,0,0,0,0,0,0,0
1986,26,16,54,24.015,2,7,1,0,0,0,1,1,25,1016,1016,1016,1016,0,0,0,0,0,1,1,0,0,0,-146.4626367,0,0,0,0,3,1,1,10,10,0,0,0,3,1,1,10,1000,0,0,0,0,0,0,0,0,0,0,0,0,0,0,0,0,0,0,0,0,0,0,0,0,0,0,0,0,0,0,0,0,0,0,0,0,0,0,0,0,0,0,0,0,0,0,0,0,0,0,0
1986,26,16,55,12.015,2,7,1,0,0,0,1,1,25,1016,1016,1016,1016,0,0,0,0,0,1,1,0,0,0,-146.5062293,0,0,0,0,3,1,1,10,10,0,0,0,3,1,1,10,1000,0,0,0,0,0,0,0,0,0,0,0,0,0,0,0,0,0,0,0,0,0,0,0,0,0,0,0,0,0,0,0,0,0,0,0,0,0,0,0,0,0,0,0,0,0,0,0,0,0,0,0
1986,26,16,56,0.015,2,7,1,0,0,0,1,1,25,1016,1016,1016,1016,0,0,0,0,0,1,1,0,0,0,-146.5498217,0,0,0,0,3,1,1,10,10,0,0,0,3,1,1,10,1000,0,0,0,0,0,0,0,0,0,0,0,0,0,0,0,0,0,0,0,0,0,0,0,0,0,0,0,0,0,0,0,0,0,0,0,0,0,0,0,0,0,0,0,0,0,0,0,0,0,0,0
1986,26,16,56,48.014,2,7,1,0,0,0,1,1,25,1016,1016,1016,1016,0,0,0,0,0,1,1,0,0,0,-146.5934132,0,0,0,0,3,1,1,10,10,0,0,0,3,1,1,10,1000,0,0,0,0,0,0,0,0,0,0,0,0,0,0,0,0,0,0,0,0,0,0,0,0,0,0,0,0,0,0,0,0,0,0,0,0,0,0,0,0,0,0,0,0,0,0,0,0,0,0,0
1986,26,16,57,36.014,2,7,1,0,0,0,1,1,25,1016,1016,1016,1016,0,0,0,0,0,1,1,0,0,0,-146.6370055,0,0,0,0,3,1,1,10,10,0,0,0,3,1,1,10,1000,0,0,0,0,0,0,0,0,0,0,0,0,0,0,0,0,0,0,0,0,0,0,0,0,0,0,0,0,0,0,0,0,0,0,0,0,0,0,0,0,0,0,0,0,0,0,0,0,0,0,0
1986,26,16,58,24.014,2,7,1,0,0,0,1,1,25,1016,1016,1016,1016,0,0,0,0,0,1,1,0,0,0,-146.6805976,0,0,0,0,3,1,1,10,10,0,0,0,3,1,1,10,1000,0,0,0,0,0,0,0,0,0,0,0,0,0,0,0,0,0,0,0,0,0,0,0,0,0,0,0,0,0,0,0,0,0,0,0,0,0,0,0,0,0,0,0,0,0,0,0,0,0,0,0
1986,26,16,59,12.014,2,7,1,0,0,0,1,1,25,1016,1016,1016,1016,0,0,0,0,0,1,1,0,0,0,-146.7241897,0,0,0,0,3,1,1,10,10,0,0,0,3,1,1,10,1000,0,0,0,0,0,0,0,0,0,0,0,0,0,0,0,0,0,0,0,0,0,0,0,0,0,0,0,0,0,0,0,0,0,0,0,0,0,0,0,0,0,0,0,0,0,0,0,0,0,0,0
1986,26,17,0,0.014,2,7,1,0,0,0,1,1,25,1016,1016,1016,1016,0,0,0,0,0,1,1,0,0,0,-146.7677816,0,0,0,0,3,1,1,10,10,0,0,0,3,1,1,10,1000,0,0,0,0,0,0,0,0,0,0,0,0,0,0,0,0,0,0,0,0,0,0,0,0,0,0,0,0,0,0,0,0,0,0,0,0,0,0,0,0,0,0,0,0,0,0,0,0,0,0,0
1986,26,17,0,48.014,2,7,1,0,0,0,1,1,25,1016,1016,1016,1016,0,0,0,0,0,1,1,0,0,0,-146.8113735,0,0,0,0,3,1,1,10,10,0,0,0,3,1,1,10,1000,0,0,0,0,0,0,0,0,0,0,0,0,0,0,0,0,0,0,0,0,0,0,0,0,0,0,0,0,0,0,0,0,0,0,0,0,0,0,0,0,0,0,0,0,0,0,0,0,0,0,0
1986,26,17,1,36.014,2,7,1,0,0,0,1,1,25,1016,1016,1016,1016,0,0,0,0,0,1,1,0,0,0,-146.8549652,0,0,0,0,3,1,1,10,10,0,0,0,3,1,1,10,1000,0,0,0,0,0,0,0,0,0,0,0,0,0,0,0,0,0,0,0,0,0,0,0,0,0,0,0,0,0,0,0,0,0,0,0,0,0,0,0,0,0,0,0,0,0,0,0,0,0,0,0
1986,26,17,2,24.014,2,7,1,0,0,0,1,1,25,1016,1016,1016,1016,0,0,0,0,0,1,1,0,0,0,-146.8985568,0,0,0,0,3,1,1,10,10,0,0,0,3,1,1,10,1000,0,0,0,0,0,0,0,0,0,0,0,0,0,0,0,0,0,0,0,0,0,0,0,0,0,0,0,0,0,0,0,0,0,0,0,0,0,0,0,0,0,0,0,0,0,0,0,0,0,0,0
1986,26,17,3,12.014,2,7,1,0,0,0,1,1,25,1016,1016,1016,1016,0,0,0,0,0,1,1,0,0,0,-146.9421484,0,0,0,0,3,1,1,10,10,0,0,0,3,1,1,10,1000,0,0,0,0,0,0,0,0,0,0,0,0,0,0,0,0,0,0,0,0,0,0,0,0,0,0,0,0,0,0,0,0,0,0,0,0,0,0,0,0,0,0,0,0,0,0,0,0,0,0,0
1986,26,17,6,24.014,2,7,1,0,0,0,1,1,25,1016,1016,1016,1016,0,0,0,0,0,1,1,0,0,0,-147.1165135,0,0,0,0,3,1,1,10,10,0,0,0,3,1,1,10,1000,0,0,0,0,0,0,0,0,0,0,0,0,0,0,0,0,0,0,0,0,0,0,0,0,0,0,0,0,0,0,0,0,0,0,0,0,0,0,0,0,0,0,0,0,0,0,0,0,0,0,0
1986,26,17,7,12.014,2,7,1,0,0,0,1,1,25,1016,1016,1016,1016,0,0,0,0,0,1,1,0,0,0,-147.1601045,0,0,0,0,3,1,1,10,10,0,0,0,3,1,1,10,1000,0,0,0,0,0,0,0,0,0,0,0,0,0,0,0,0,0,0,0,0,0,0,0,0,0,0,0,0,0,0,0,0,0,0,0,0,0,0,0,0,0,0,0,0,0,0,0,0,0,0,0
1986,26,17,8,0.014,2,7,1,0,0,0,1,1,25,1016,1016,1016,1016,0,0,0,0,0,1,1,0,0,0,-147.2036954,0,0,0,0,3,1,1,10,10,0,0,0,3,1,1,10,1000,0,0,0,0,0,0,0,0,0,0,0,0,0,0,0,0,0,0,0,0,0,0,0,0,0,0,0,0,0,0,0,0,0,0,0,0,0,0,0,0,0,0,0,0,0,0,0,0,0,0,0
1986,26,17,8,48.014,2,7,1,0,0,0,1,1,25,1016,1016,1016,1016,0,0,0,0,0,1,1,0,0,0,-147.2472863,0,0,0,0,3,1,1,10,10,0,0,0,3,1,1,10,1000,0,0,0,0,0,0,0,0,0,0,0,0,0,0,0,0,0,0,0,0,0,0,0,0,0,0,0,0,0,0,0,0,0,0,0,0,0,0,0,0,0,0,0,0,0,0,0,0,0,0,0
1986,26,17,9,36.014,2,7,1,0,0,0,1,1,25,1016,1016,1016,1016,0,0,0,0,0,1,1,0,0,0,-147.290877,0,0,0,0,3,1,1,10,10,0,0,0,3,1,1,10,1000,0,0,0,0,0,0,0,0,0,0,0,0,0,0,0,0,0,0,0,0,0,0,0,0,0,0,0,0,0,0,0,0,0,0,0,0,0,0,0,0,0,0,0,0,0,0,0,0,0,0,0
1986,26,17,10,24.014,2,7,1,0,0,0,1,1,25,1016,1016,1016,1016,0,0,0,0,0,1,1,0,0,0,-147.3344676,0,0,0,0,3,1,1,10,10,0,0,0,3,1,1,10,1000,0,0,0,0,0,0,0,0,0,0,0,0,0,0,0,0,0,0,0,0,0,0,0,0,0,0,0,0,0,0,0,0,0,0,0,0,0,0,0,0,0,0,0,0,0,0,0,0,0,0,0
1986,26,17,11,12.014,2,7,1,0,0,0,1,1,25,1016,1016,1016,1016,0,0,0,0,0,1,1,0,0,0,-147.3780581,0,0,0,0,3,1,1,10,10,0,0,0,3,1,1,10,1000,0,0,0,0,0,0,0,0,0,0,0,0,0,0,0,0,0,0,0,0,0,0,0,0,0,0,0,0,0,0,0,0,0,0,0,0,0,0,0,0,0,0,0,0,0,0,0,0,0,0,0
1986,26,17,12,0.013,2,7,1,0,0,0,1,1,25,1016,1016,1016,1016,0,0,0,0,0,1,1,0,0,0,-147.4216476,0,0,0,0,3,1,1,10,10,0,0,0,3,1,1,10,1000,0,0,0,0,0,0,0,0,0,0,0,0,0,0,0,0,0,0,0,0,0,0,0,0,0,0,0,0,0,0,0,0,0,0,0,0,0,0,0,0,0,0,0,0,0,0,0,0,0,0,0
1986,26,17,12,48.013,2,7,1,0,0,0,1,1,25,1016,1016,1016,1016,0,0,0,0,0,1,1,0,0,0,-147.4652379,0,0,0,0,3,1,1,10,10,0,0,0,3,1,1,10,1000,0,0,0,0,0,0,0,0,0,0,0,0,0,0,0,0,0,0,0,0,0,0,0,0,0,0,0,0,0,0,0,0,0,0,0,0,0,0,0,0,0,0,0,0,0,0,0,0,0,0,0
1986,26,17,13,36.013,2,7,1,0,0,0,1,1,25,1016,1016,1016,1016,0,0,0,0,0,1,1,0,0,0,-147.5088281,0,0,0,0,3,1,1,10,10,0,0,0,3,1,1,10,1000,0,0,0,0,0,0,0,0,0,0,0,0,0,0,0,0,0,0,0,0,0,0,0,0,0,0,0,0,0,0,0,0,0,0,0,0,0,0,0,0,0,0,0,0,0,0,0,0,0,0,0
1986,26,17,14,24.013,2,7,1,0,0,0,1,1,25,1016,1016,1016,1016,0,0,0,0,0,1,1,0,0,0,-147.5524182,0,0,0,0,3,1,1,10,10,0,0,0,3,1,1,10,1000,0,0,0,0,0,0,0,0,0,0,0,0,0,0,0,0,0,0,0,0,0,0,0,0,0,0,0,0,0,0,0,0,0,0,0,0,0,0,0,0,0,0,0,0,0,0,0,0,0,0,0
1986,26,17,15,12.013,2,7,1,0,0,0,1,1,25,1016,1016,1016,1016,0,0,0,0,0,1,1,0,0,0,-147.5960082,0,0,0,0,3,1,1,10,10,0,0,0,3,1,1,10,1000,0,0,0,0,0,0,0,0,0,0,0,0,0,0,0,0,0,0,0,0,0,0,0,0,0,0,0,0,0,0,0,0,0,0,0,0,0,0,0,0,0,0,0,0,0,0,0,0,0,0,0
1986,26,17,18,24.013,2,7,1,0,0,0,1,1,25,1016,1016,1016,1016,0,0,0,0,0,1,1,0,0,0,-147.7703672,0,0,0,0,3,1,1,10,10,0,0,0,3,1,1,10,1000,0,0,0,0,0,0,0,0,0,0,0,0,0,0,0,0,0,0,0,0,0,0,0,0,0,0,0,0,0,0,0,0,0,0,0,0,0,0,0,0,0,0,0,0,0,0,0,0,0,0,0
1986,26,17,19,12.013,2,7,1,0,0,0,1,1,25,1016,1016,1016,1016,0,0,0,0,0,1,1,0,0,0,-147.8139567,0,0,0,0,3,1,1,10,10,0,0,0,3,1,1,10,1000,0,0,0,0,0,0,0,0,0,0,0,0,0,0,0,0,0,0,0,0,0,0,0,0,0,0,0,0,0,0,0,0,0,0,0,0,0,0,0,0,0,0,0,0,0,0,0,0,0,0,0
1986,26,17,20,0.013,2,7,1,0,0,0,1,1,25,1016,1016,1016,1016,0,0,0,0,0,1,1,0,0,0,-147.8575461,0,0,0,0,3,1,1,10,10,0,0,0,3,1,1,10,1000,0,0,0,0,0,0,0,0,0,0,0,0,0,0,0,0,0,0,0,0,0,0,0,0,0,0,0,0,0,0,0,0,0,0,0,0,0,0,0,0,0,0,0,0,0,0,0,0,0,0,0
1986,26,17,20,48.013,2,7,1,0,0,0,1,1,25,1016,1016,1016,1016,0,0,0,0,0,1,1,0,0,0,-147.9011354,0,0,0,0,3,1,1,10,10,0,0,0,3,1,1,10,1000,0,0,0,0,0,0,0,0,0,0,0,0,0,0,0,0,0,0,0,0,0,0,0,0,0,0,0,0,0,0,0,0,0,0,0,0,0,0,0,0,0,0,0,0,0,0,0,0,0,0,0
1986,26,17,21,36.013,2,7,1,0,0,0,1,1,25,1016,1016,1016,1016,0,0,0,0,0,1,1,0,0,0,-147.9447245,0,0,0,0,3,1,1,10,10,0,0,0,3,1,1,10,1000,0,0,0,0,0,0,0,0,0,0,0,0,0,0,0,0,0,0,0,0,0,0,0,0,0,0,0,0,0,0,0,0,0,0,0,0,0,0,0,0,0,0,0,0,0,0,0,0,0,0,0
1986,26,17,22,24.013,2,7,1,0,0,0,1,1,25,1016,1016,1016,1016,0,0,0,0,0,1,1,0,0,0,-147.9883136,0,0,0,0,3,1,1,10,10,0,0,0,3,1,1,10,1000,0,0,0,0,0,0,0,0,0,0,0,0,0,0,0,0,0,0,0,0,0,0,0,0,0,0,0,0,0,0,0,0,0,0,0,0,0,0,0,0,0,0,0,0,0,0,0,0,0,0,0
1986,26,17,23,12.013,2,7,1,0,0,0,1,1,25,1016,1016,1016,1016,0,0,0,0,0,1,1,0,0,0,-148.0319026,0,0,0,0,3,1,1,10,10,0,0,0,3,1,1,10,1000,0,0,0,0,0,0,0,0,0,0,0,0,0,0,0,0,0,0,0,0,0,0,0,0,0,0,0,0,0,0,0,0,0,0,0,0,0,0,0,0,0,0,0,0,0,0,0,0,0,0,0
1986,26,17,24,0.013,2,7,1,0,0,0,1,1,25,1016,1016,1016,1016,0,0,0,0,0,1,1,0,0,0,-148.0754915,0,0,0,0,3,1,1,10,10,0,0,0,3,1,1,10,1000,0,0,0,0,0,0,0,0,0,0,0,0,0,0,0,0,0,0,0,0,0,0,0,0,0,0,0,0,0,0,0,0,0,0,0,0,0,0,0,0,0,0,0,0,0,0,0,0,0,0,0
1986,26,17,24,48.013,2,7,1,0,0,0,1,1,25,1016,1016,1016,1016,0,0,0,0,0,1,1,0,0,0,-148.1190803,0,0,0,0,3,1,1,10,10,0,0,0,3,1,1,10,1000,0,0,0,0,0,0,0,0,0,0,0,0,0,0,0,0,0,0,0,0,0,0,0,0,0,0,0,0,0,0,0,0,0,0,0,0,0,0,0,0,0,0,0,0,0,0,0,0,0,0,0
1986,26,17,25,36.013,2,7,1,0,0,0,1,1,25,1016,1016,1016,1016,0,0,0,0,0,1,1,0,0,0,-148.1626689,0,0,0,0,3,1,1,10,10,0,0,0,3,1,1,10,1000,0,0,0,0,0,0,0,0,0,0,0,0,0,0,0,0,0,0,0,0,0,0,0,0,0,0,0,0,0,0,0,0,0,0,0,0,0,0,0,0,0,0,0,0,0,0,0,0,0,0,0
1986,26,17,26,24.013,2,7,1,0,0,0,1,1,25,1016,1016,1016,1016,0,0,0,0,0,1,1,0,0,0,-148.2062575,0,0,0,0,3,1,1,10,10,0,0,0,3,1,1,10,1000,0,0,0,0,0,0,0,0,0,0,0,0,0,0,0,0,0,0,0,0,0,0,0,0,0,0,0,0,0,0,0,0,0,0,0,0,0,0,0,0,0,0,0,0,0,0,0,0,0,0,0
1986,26,17,27,12.012,2,7,1,0,0,0,1,1,25,1016,1016,1016,1016,0,0,0,0,0,1,1,0,0,0,-148.2498451,0,0,0,0,3,1,1,10,10,0,0,0,3,1,1,10,1000,0,0,0,0,0,0,0,0,0,0,0,0,0,0,0,0,0,0,0,0,0,0,0,0,0,0,0,0,0,0,0,0,0,0,0,0,0,0,0,0,0,0,0,0,0,0,0,0,0,0,0
1986,26,17,30,24.012,2,7,1,0,0,0,1,1,25,1016,1016,1016,1016,0,0,0,0,0,1,1,0,0,0,-148.424198,0,0,0,0,3,1,1,10,10,0,0,0,3,1,1,10,1000,0,0,0,0,0,0,0,0,0,0,0,0,0,0,0,0,0,0,0,0,0,0,0,0,0,0,0,0,0,0,0,0,0,0,0,0,0,0,0,0,0,0,0,0,0,0,0,0,0,0,0
1986,26,17,31,12.012,2,7,1,0,0,0,1,1,25,1016,1016,1016,1016,0,0,0,0,0,1,1,0,0,0,-148.4677859,0,0,0,0,3,1,1,10,10,0,0,0,3,1,1,10,1000,0,0,0,0,0,0,0,0,0,0,0,0,0,0,0,0,0,0,0,0,0,0,0,0,0,0,0,0,0,0,0,0,0,0,0,0,0,0,0,0,0,0,0,0,0,0,0,0,0,0,0
1986,26,17,32,0.012,2,7,1,0,0,0,1,1,25,1016,1016,1016,1016,0,0,0,0,0,1,1,0,0,0,-148.5113738,0,0,0,0,3,1,1,10,10,0,0,0,3,1,1,10,1000,0,0,0,0,0,0,0,0,0,0,0,0,0,0,0,0,0,0,0,0,0,0,0,0,0,0,0,0,0,0,0,0,0,0,0,0,0,0,0,0,0,0,0,0,0,0,0,0,0,0,0
1986,26,17,32,48.012,2,7,1,0,0,0,1,1,25,1016,1016,1016,1016,0,0,0,0,0,1,1,0,0,0,-148.5549616,0,0,0,0,3,1,1,10,10,0,0,0,3,1,1,10,1000,0,0,0,0,0,0,0,0,0,0,0,0,0,0,0,0,0,0,0,0,0,0,0,0,0,0,0,0,0,0,0,0,0,0,0,0,0,0,0,0,0,0,0,0,0,0,0,0,0,0,0
1986,26,17,33,36.012,2,7,1,0,0,0,1,1,25,1016,1016,1016,1016,0,0,0,0,0,1,1,0,0,0,-148.5985492,0,0,0,0,3,1,1,10,10,0,0,0,3,1,1,10,1000,0,0,0,0,0,0,0,0,0,0,0,0,0,0,0,0,0,0,0,0,0,0,0,0,0,0,0,0,0,0,0,0,0,0,0,0,0,0,0,0,0,0,0,0,0,0,0,0,0,0,0
1986,26,17,34,24.012,2,7,1,0,0,0,1,1,25,1016,1016,1016,1016,0,0,0,0,0,1,1,0,0,0,-148.6421368,0,0,0,0,3,1,1,10,10,0,0,0,3,1,1,10,1000,0,0,0,0,0,0,0,0,0,0,0,0,0,0,0,0,0,0,0,0,0,0,0,0,0,0,0,0,0,0,0,0,0,0,0,0,0,0,0,0,0,0,0,0,0,0,0,0,0,0,0
1986,26,17,35,12.012,2,7,1,0,0,0,1,1,25,1016,1016,1016,1016,0,0,0,0,0,1,1,0,0,0,-148.6857242,0,0,0,0,3,1,1,10,10,0,0,0,3,1,1,10,1000,0,0,0,0,0,0,0,0,0,0,0,0,0,0,0,0,0,0,0,0,0,0,0,0,0,0,0,0,0,0,0,0,0,0,0,0,0,0,0,0,0,0,0,0,0,0,0,0,0,0,0
1986,26,17,36,0.012,2,7,1,0,0,0,1,1,25,1016,1016,1016,1016,0,0,0,0,0,1,1,0,0,0,-148.7293116,0,0,0,0,3,1,1,10,10,0,0,0,3,1,1,10,1000,0,0,0,0,0,0,0,0,0,0,0,0,0,0,0,0,0,0,0,0,0,0,0,0,0,0,0,0,0,0,0,0,0,0,0,0,0,0,0,0,0,0,0,0,0,0,0,0,0,0,0
1986,26,17,36,48.012,2,7,1,0,0,0,1,1,25,1016,1016,1016,1016,0,0,0,0,0,1,1,0,0,0,-148.7728989,0,0,0,0,3,1,1,10,10,0,0,0,3,1,1,10,1000,0,0,0,0,0,0,0,0,0,0,0,0,0,0,0,0,0,0,0,0,0,0,0,0,0,0,0,0,0,0,0,0,0,0,0,0,0,0,0,0,0,0,0,0,0,0,0,0,0,0,0
1986,26,17,37,36.012,2,7,1,0,0,0,1,1,25,1016,1016,1016,1016,0,0,0,0,0,1,1,0,0,0,-148.816486,0,0,0,0,3,1,1,10,10,0,0,0,3,1,1,10,1000,0,0,0,0,0,0,0,0,0,0,0,0,0,0,0,0,0,0,0,0,0,0,0,0,0,0,0,0,0,0,0,0,0,0,0,0,0,0,0,0,0,0,0,0,0,0,0,0,0,0,0
1986,26,17,38,24.012,2,7,1,0,0,0,1,1,25,1016,1016,1016,1016,0,0,0,0,0,1,1,0,0,0,-148.8600731,0,0,0,0,3,1,1,10,10,0,0,0,3,1,1,10,1000,0,0,0,0,0,0,0,0,0,0,0,0,0,0,0,0,0,0,0,0,0,0,0,0,0,0,0,0,0,0,0,0,0,0,0,0,0,0,0,0,0,0,0,0,0,0,0,0,0,0,0
1986,26,17,39,12.012,2,7,1,0,0,0,1,1,25,1016,1016,1016,1016,0,0,0,0,0,1,1,0,0,0,-148.90366,0,0,0,0,3,1,1,10,10,0,0,0,3,1,1,10,1000,0,0,0,0,0,0,0,0,0,0,0,0,0,0,0,0,0,0,0,0,0,0,0,0,0,0,0,0,0,0,0,0,0,0,0,0,0,0,0,0,0,0,0,0,0,0,0,0,0,0,0
1986,26,17,42,24.011,2,7,1,0,0,0,1,1,25,1016,1016,1016,1016,0,0,0,0,0,1,1,0,0,0,-149.078006,0,0,0,0,3,1,1,10,10,0,0,0,3,1,1,10,1000,0,0,0,0,0,0,0,0,0,0,0,0,0,0,0,0,0,0,0,0,0,0,0,0,0,0,0,0,0,0,0,0,0,0,0,0,0,0,0,0,0,0,0,0,0,0,0,0,0,0,0
1986,26,17,43,12.011,2,7,1,0,0,0,1,1,25,1016,1016,1016,1016,0,0,0,0,0,1,1,0,0,0,-149.1215924,0,0,0,0,3,1,1,10,10,0,0,0,3,1,1,10,1000,0,0,0,0,0,0,0,0,0,0,0,0,0,0,0,0,0,0,0,0,0,0,0,0,0,0,0,0,0,0,0,0,0,0,0,0,0,0,0,0,0,0,0,0,0,0,0,0,0,0,0
1986,26,17,44,0.011,2,7,1,0,0,0,1,1,25,1016,1016,1016,1016,0,0,0,0,0,1,1,0,0,0,-149.1651788,0,0,0,0,3,1,1,10,10,0,0,0,3,1,1,10,1000,0,0,0,0,0,0,0,0,0,0,0,0,0,0,0,0,0,0,0,0,0,0,0,0,0,0,0,0,0,0,0,0,0,0,0,0,0,0,0,0,0,0,0,0,0,0,0,0,0,0,0
1986,26,17,44,48.011,2,7,1,0,0,0,1,1,25,1016,1016,1016,1016,0,0,0,0,0,1,1,0,0,0,-149.208765,0,0,0,0,3,1,1,10,10,0,0,0,3,1,1,10,1000,0,0,0,0,0,0,0,0,0,0,0,0,0,0,0,0,0,0,0,0,0,0,0,0,0,0,0,0,0,0,0,0,0,0,0,0,0,0,0,0,0,0,0,0,0,0,0,0,0,0,0
1986,26,17,45,36.011,2,7,1,0,0,0,1,1,25,1016,1016,1016,1016,0,0,0,0,0,1,1,0,0,0,-149.2523512,0,0,0,0,3,1,1,10,10,0,0,0,3,1,1,10,1000,0,0,0,0,0,0,0,0,0,0,0,0,0,0,0,0,0,0,0,0,0,0,0,0,0,0,0,0,0,0,0,0,0,0,0,0,0,0,0,0,0,0,0,0,0,0,0,0,0,0,0
1986,26,17,46,24.011,2,7,1,0,0,0,1,1,25,1016,1016,1016,1016,0,0,0,0,0,1,1,0,0,0,-149.2959372,0,0,0,0,3,1,1,10,10,0,0,0,3,1,1,10,1000,0,0,0,0,0,0,0,0,0,0,0,0,0,0,0,0,0,0,0,0,0,0,0,0,0,0,0,0,0,0,0,0,0,0,0,0,0,0,0,0,0,0,0,0,0,0,0,0,0,0,0
1986,26,17,47,12.011,2,7,1,0,0,0,1,1,25,1016,1016,1016,1016,0,0,0,0,0,1,1,0,0,0,-149.3395232,0,0,0,0,3,1,1,10,10,0,0,0,3,1,1,10,1000,0,0,0,0,0,0,0,0,0,0,0,0,0,0,0,0,0,0,0,0,0,0,0,0,0,0,0,0,0,0,0,0,0,0,0,0,0,0,0,0,0,0,0,0,0,0,0,0,0,0,0
1986,26,17,48,0.011,2,7,1,0,0,0,1,1,25,1016,1016,1016,1016,0,0,0,0,0,1,1,0,0,0,-149.383109,0,0,0,0,3,1,1,10,10,0,0,0,3,1,1,10,1000,0,0,0,0,0,0,0,0,0,0,0,0,0,0,0,0,0,0,0,0,0,0,0,0,0,0,0,0,0,0,0,0,0,0,0,0,0,0,0,0,0,0,0,0,0,0,0,0,0,0,0
1986,26,17,48,48.011,2,7,1,0,0,0,1,1,25,1016,1016,1016,1016,0,0,0,0,0,1,1,0,0,0,-149.4266948,0,0,0,0,3,1,1,10,10,0,0,0,3,1,1,10,1000,0,0,0,0,0,0,0,0,0,0,0,0,0,0,0,0,0,0,0,0,0,0,0,0,0,0,0,0,0,0,0,0,0,0,0,0,0,0,0,0,0,0,0,0,0,0,0,0,0,0,0
1986,26,17,49,36.011,2,7,1,0,0,0,1,1,25,1016,1016,1016,1016,0,0,0,0,0,1,1,0,0,0,-149.4702804,0,0,0,0,3,1,1,10,10,0,0,0,3,1,1,10,1000,0,0,0,0,0,0,0,0,0,0,0,0,0,0,0,0,0,0,0,0,0,0,0,0,0,0,0,0,0,0,0,0,0,0,0,0,0,0,0,0,0,0,0,0,0,0,0,0,0,0,0
1986,26,17,50,24.011,2,7,1,0,0,0,1,1,25,1016,1016,1016,1016,0,0,0,0,0,1,1,0,0,0,-149.513866,0,0,0,0,3,1,1,10,10,0,0,0,3,1,1,10,1000,0,0,0,0,0,0,0,0,0,0,0,0,0,0,0,0,0,0,0,0,0,0,0,0,0,0,0,0,0,0,0,0,0,0,0,0,0,0,0,0,0,0,0,0,0,0,0,0,0,0,0
1986,26,17,51,12.011,2,7,1,0,0,0,1,1,25,1016,1016,1016,1016,0,0,0,0,0,1,1,0,0,0,-149.5574514,0,0,0,0,3,1,1,10,10,0,0,0,3,1,1,10,1000,0,0,0,0,0,0,0,0,0,0,0,0,0,0,0,0,0,0,0,0,0,0,0,0,0,0,0,0,0,0,0,0,0,0,0,0,0,0,0,0,0,0,0,0,0,0,0,0,0,0,0
1986,26,17,54,24.011,2,7,1,0,0,0,1,1,25,1016,1016,1016,1016,0,0,0,0,0,1,1,0,0,0,-149.7317923,0,0,0,0,3,1,1,10,10,0,0,0,3,1,1,10,1000,0,0,0,0,0,0,0,0,0,0,0,0,0,0,0,0,0,0,0,0,0,0,0,0,0,0,0,0,0,0,0,0,0,0,0,0,0,0,0,0,0,0,0,0,0,0,0,0,0,0,0
1986,26,17,55,12.011,2,7,1,0,0,0,1,1,25,1016,1016,1016,1016,0,0,0,0,0,1,1,0,0,0,-149.7753772,0,0,0,0,3,1,1,10,10,0,0,0,3,1,1,10,1000,0,0,0,0,0,0,0,0,0,0,0,0,0,0,0,0,0,0,0,0,0,0,0,0,0,0,0,0,0,0,0,0,0,0,0,0,0,0,0,0,0,0,0,0,0,0,0,0,0,0,0
1986,26,17,56,0.011,2,7,1,0,0,0,1,1,25,1016,1016,1016,1016,0,0,0,0,0,1,1,0,0,0,-149.8189621,0,0,0,0,3,1,1,10,10,0,0,0,3,1,1,10,1000,0,0,0,0,0,0,0,0,0,0,0,0,0,0,0,0,0,0,0,0,0,0,0,0,0,0,0,0,0,0,0,0,0,0,0,0,0,0,0,0,0,0,0,0,0,0,0,0,0,0,0
1986,26,17,56,48.011,2,7,1,0,0,0,1,1,25,1016,1016,1016,1016,0,0,0,0,0,1,1,0,0,0,-149.8625468,0,0,0,0,3,1,1,10,10,0,0,0,3,1,1,10,1000,0,0,0,0,0,0,0,0,0,0,0,0,0,0,0,0,0,0,0,0,0,0,0,0,0,0,0,0,0,0,0,0,0,0,0,0,0,0,0,0,0,0,0,0,0,0,0,0,0,0,0
1986,26,17,57,36.01,2,7,1,0,0,0,1,1,25,1016,1016,1016,1016,0,0,0,0,0,1,1,0,0,0,-149.9061306,0,0,0,0,3,1,1,10,10,0,0,0,3,1,1,10,1000,0,0,0,0,0,0,0,0,0,0,0,0,0,0,0,0,0,0,0,0,0,0,0,0,0,0,0,0,0,0,0,0,0,0,0,0,0,0,0,0,0,0,0,0,0,0,0,0,0,0,0
1986,26,17,58,24.01,2,7,1,0,0,0,1,1,25,1016,1016,1016,1016,0,0,0,0,0,1,1,0,0,0,-149.9497151,0,0,0,0,3,1,1,10,10,0,0,0,3,1,1,10,1000,0,0,0,0,0,0,0,0,0,0,0,0,0,0,0,0,0,0,0,0,0,0,0,0,0,0,0,0,0,0,0,0,0,0,0,0,0,0,0,0,0,0,0,0,0,0,0,0,0,0,0
1986,26,17,59,12.01,2,7,1,0,0,0,1,1,25,1016,1016,1016,1016,0,0,0,0,0,1,1,0,0,0,-149.9932996,0,0,0,0,3,1,1,10,10,0,0,0,3,1,1,10,1000,0,0,0,0,0,0,0,0,0,0,0,0,0,0,0,0,0,0,0,0,0,0,0,0,0,0,0,0,0,0,0,0,0,0,0,0,0,0,0,0,0,0,0,0,0,0,0,0,0,0,0
1986,26,18,0,0.01,2,7,1,0,0,0,1,1,25,1016,1016,1016,1016,0,0,0,0,0,1,1,0,0,0,-150.0368839,0,0,0,0,3,1,1,10,10,0,0,0,3,1,1,10,1000,0,0,0,0,0,0,0,0,0,0,0,0,0,0,0,0,0,0,0,0,0,0,0,0,0,0,0,0,0,0,0,0,0,0,0,0,0,0,0,0,0,0,0,0,0,0,0,0,0,0,0
1986,26,18,0,48.01,2,7,1,0,0,0,1,1,25,1016,1016,1016,1016,0,0,0,0,0,1,1,0,0,0,-150.0804682,0,0,0,0,3,1,1,10,10,0,0,0,3,1,1,10,1000,0,0,0,0,0,0,0,0,0,0,0,0,0,0,0,0,0,0,0,0,0,0,0,0,0,0,0,0,0,0,0,0,0,0,0,0,0,0,0,0,0,0,0,0,0,0,0,0,0,0,0
1986,26,18,1,36.01,2,7,1,0,0,0,1,1,25,1016,1016,1016,1016,0,0,0,0,0,1,1,0,0,0,-150.1240524,0,0,0,0,3,1,1,10,10,0,0,0,3,1,1,10,1000,0,0,0,0,0,0,0,0,0,0,0,0,0,0,0,0,0,0,0,0,0,0,0,0,0,0,0,0,0,0,0,0,0,0,0,0,0,0,0,0,0,0,0,0,0,0,0,0,0,0,0
1986,26,18,2,24.01,2,7,1,0,0,0,1,1,25,1016,1016,1016,1016,0,0,0,0,0,1,1,0,0,0,-150.1676364,0,0,0,0,3,1,1,10,10,0,0,0,3,1,1,10,1000,0,0,0,0,0,0,0,0,0,0,0,0,0,0,0,0,0,0,0,0,0,0,0,0,0,0,0,0,0,0,0,0,0,0,0,0,0,0,0,0,0,0,0,0,0,0,0,0,0,0,0
1986,26,18,3,12.01,2,7,1,0,0,0,1,1,25,1016,1016,1016,1016,0,0,0,0,0,1,1,0,0,0,-150.2112204,0,0,0,0,3,1,1,10,10,0,0,0,3,1,1,10,1000,0,0,0,0,0,0,0,0,0,0,0,0,0,0,0,0,0,0,0,0,0,0,0,0,0,0,0,0,0,0,0,0,0,0,0,0,0,0,0,0,0,0,0,0,0,0,0,0,0,0,0
1986,26,18,6,24.01,2,7,1,0,0,0,1,1,25,1016,1016,1016,1016,0,0,0,0,0,1,1,0,0,0,-150.3855552,0,0,0,0,3,1,1,10,10,0,0,0,3,1,1,10,1000,0,0,0,0,0,0,0,0,0,0,0,0,0,0,0,0,0,0,0,0,0,0,0,0,0,0,0,0,0,0,0,0,0,0,0,0,0,0,0,0,0,0,0,0,0,0,0,0,0,0,0
1986,26,18,7,12.01,2,7,1,0,0,0,1,1,25,1016,1016,1016,1016,0,0,0,0,0,1,1,0,0,0,-150.4291387,0,0,0,0,3,1,1,10,10,0,0,0,3,1,1,10,1000,0,0,0,0,0,0,0,0,0,0,0,0,0,0,0,0,0,0,0,0,0,0,0,0,0,0,0,0,0,0,0,0,0,0,0,0,0,0,0,0,0,0,0,0,0,0,0,0,0,0,0
1986,26,18,8,0.01,2,7,1,0,0,0,1,1,25,1016,1016,1016,1016,0,0,0,0,0,1,1,0,0,0,-150.4727221,0,0,0,0,3,1,1,10,10,0,0,0,3,1,1,10,1000,0,0,0,0,0,0,0,0,0,0,0,0,0,0,0,0,0,0,0,0,0,0,0,0,0,0,0,0,0,0,0,0,0,0,0,0,0,0,0,0,0,0,0,0,0,0,0,0,0,0,0
1986,26,18,8,48.01,2,7,1,0,0,0,1,1,25,1016,1016,1016,1016,0,0,0,0,0,1,1,0,0,0,-150.5163053,0,0,0,0,3,1,1,10,10,0,0,0,3,1,1,10,1000,0,0,0,0,0,0,0,0,0,0,0,0,0,0,0,0,0,0,0,0,0,0,0,0,0,0,0,0,0,0,0,0,0,0,0,0,0,0,0,0,0,0,0,0,0,0,0,0,0,0,0
1986,26,18,9,36.01,2,7,1,0,0,0,1,1,25,1016,1016,1016,1016,0,0,0,0,0,1,1,0,0,0,-150.5598885,0,0,0,0,3,1,1,10,10,0,0,0,3,1,1,10,1000,0,0,0,0,0,0,0,0,0,0,0,0,0,0,0,0,0,0,0,0,0,0,0,0,0,0,0,0,0,0,0,0,0,0,0,0,0,0,0,0,0,0,0,0,0,0,0,0,0,0,0
1986,26,18,10,24.01,2,7,1,0,0,0,1,1,25,1016,1016,1016,1016,0,0,0,0,0,1,1,0,0,0,-150.6034716,0,0,0,0,3,1,1,10,10,0,0,0,3,1,1,10,1000,0,0,0,0,0,0,0,0,0,0,0,0,0,0,0,0,0,0,0,0,0,0,0,0,0,0,0,0,0,0,0,0,0,0,0,0,0,0,0,0,0,0,0,0,0,0,0,0,0,0,0
1986,26,18,11,12.01,2,7,1,0,0,0,1,1,25,1016,1016,1016,1016,0,0,0,0,0,1,1,0,0,0,-150.6470545,0,0,0,0,3,1,1,10,10,0,0,0,3,1,1,10,1000,0,0,0,0,0,0,0,0,0,0,0,0,0,0,0,0,0,0,0,0,0,0,0,0,0,0,0,0,0,0,0,0,0,0,0,0,0,0,0,0,0,0,0,0,0,0,0,0,0,0,0
1986,26,18,12,0.01,2,7,1,0,0,0,1,1,25,1016,1016,1016,1016,0,0,0,0,0,1,1,0,0,0,-150.6906374,0,0,0,0,3,1,1,10,10,0,0,0,3,1,1,10,1000,0,0,0,0,0,0,0,0,0,0,0,0,0,0,0,0,0,0,0,0,0,0,0,0,0,0,0,0,0,0,0,0,0,0,0,0,0,0,0,0,0,0,0,0,0,0,0,0,0,0,0
1986,26,18,12,48.009,2,7,1,0,0,0,1,1,25,1016,1016,1016,1016,0,0,0,0,0,1,1,0,0,0,-150.7342193,0,0,0,0,3,1,1,10,10,0,0,0,3,1,1,10,1000,0,0,0,0,0,0,0,0,0,0,0,0,0,0,0,0,0,0,0,0,0,0,0,0,0,0,0,0,0,0,0,0,0,0,0,0,0,0,0,0,0,0,0,0,0,0,0,0,0,0,0
1986,26,18,13,36.009,2,7,1,0,0,0,1,1,25,1016,1016,1016,1016,0,0,0,0,0,1,1,0,0,0,-150.777802,0,0,0,0,3,1,1,10,10,0,0,0,3,1,1,10,1000,0,0,0,0,0,0,0,0,0,0,0,0,0,0,0,0,0,0,0,0,0,0,0,0,0,0,0,0,0,0,0,0,0,0,0,0,0,0,0,0,0,0,0,0,0,0,0,0,0,0,0
1986,26,18,14,24.009,2,7,1,0,0,0,1,1,25,1016,1016,1016,1016,0,0,0,0,0,1,1,0,0,0,-150.8213845,0,0,0,0,3,1,1,10,10,0,0,0,3,1,1,10,1000,0,0,0,0,0,0,0,0,0,0,0,0,0,0,0,0,0,0,0,0,0,0,0,0,0,0,0,0,0,0,0,0,0,0,0,0,0,0,0,0,0,0,0,0,0,0,0,0,0,0,0
1986,26,18,15,12.009,2,7,1,0,0,0,1,1,25,1016,1016,1016,1016,0,0,0,0,0,1,1,0,0,0,-150.864967,0,0,0,0,3,1,1,10,10,0,0,0,3,1,1,10,1000,0,0,0,0,0,0,0,0,0,0,0,0,0,0,0,0,0,0,0,0,0,0,0,0,0,0,0,0,0,0,0,0,0,0,0,0,0,0,0,0,0,0,0,0,0,0,0,0,0,0,0
1986,26,18,18,24.009,2,7,1,0,0,0,1,1,25,1016,1016,1016,1016,0,0,0,0,0,1,1,0,0,0,-151.0392959,0,0,0,0,3,1,1,10,10,0,0,0,3,1,1,10,1000,0,0,0,0,0,0,0,0,0,0,0,0,0,0,0,0,0,0,0,0,0,0,0,0,0,0,0,0,0,0,0,0,0,0,0,0,0,0,0,0,0,0,0,0,0,0,0,0,0,0,0
1986,26,18,19,12.009,2,7,1,0,0,0,1,1,25,1016,1016,1016,1016,0,0,0,0,0,1,1,0,0,0,-151.0828779,0,0,0,0,3,1,1,10,10,0,0,0,3,1,1,10,1000,0,0,0,0,0,0,0,0,0,0,0,0,0,0,0,0,0,0,0,0,0,0,0,0,0,0,0,0,0,0,0,0,0,0,0,0,0,0,0,0,0,0,0,0,0,0,0,0,0,0,0
1986,26,18,20,0.009,2,7,1,0,0,0,1,1,25,1016,1016,1016,1016,0,0,0,0,0,1,1,0,0,0,-151.1264598,0,0,0,0,3,1,1,10,10,0,0,0,3,1,1,10,1000,0,0,0,0,0,0,0,0,0,0,0,0,0,0,0,0,0,0,0,0,0,0,0,0,0,0,0,0,0,0,0,0,0,0,0,0,0,0,0,0,0,0,0,0,0,0,0,0,0,0,0
1986,26,18,20,48.009,2,7,1,0,0,0,1,1,25,1016,1016,1016,1016,0,0,0,0,0,1,1,0,0,0,-151.1700416,0,0,0,0,3,1,1,10,10,0,0,0,3,1,1,10,1000,0,0,0,0,0,0,0,0,0,0,0,0,0,0,0,0,0,0,0,0,0,0,0,0,0,0,0,0,0,0,0,0,0,0,0,0,0,0,0,0,0,0,0,0,0,0,0,0,0,0,0
1986,26,18,21,36.009,2,7,1,0,0,0,1,1,25,1016,1016,1016,1016,0,0,0,0,0,1,1,0,0,0,-151.2136233,0,0,0,0,3,1,1,10,10,0,0,0,3,1,1,10,1000,0,0,0,0,0,0,0,0,0,0,0,0,0,0,0,0,0,0,0,0,0,0,0,0,0,0,0,0,0,0,0,0,0,0,0,0,0,0,0,0,0,0,0,0,0,0,0,0,0,0,0
1986,26,18,22,24.009,2,7,1,0,0,0,1,1,25,1016,1016,1016,1016,0,0,0,0,0,1,1,0,0,0,-151.2572049,0,0,0,0,3,1,1,10,10,0,0,0,3,1,1,10,1000,0,0,0,0,0,0,0,0,0,0,0,0,0,0,0,0,0,0,0,0,0,0,0,0,0,0,0,0,0,0,0,0,0,0,0,0,0,0,0,0,0,0,0,0,0,0,0,0,0,0,0
1986,26,18,23,12.009,2,7,1,0,0,0,1,1,25,1016,1016,1016,1016,0,0,0,0,0,1,1,0,0,0,-151.3007864,0,0,0,0,3,1,1,10,10,0,0,0,3,1,1,10,1000,0,0,0,0,0,0,0,0,0,0,0,0,0,0,0,0,0,0,0,0,0,0,0,0,0,0,0,0,0,0,0,0,0,0,0,0,0,0,0,0,0,0,0,0,0,0,0,0,0,0,0
1986,26,18,24,0.009,2,7,1,0,0,0,1,1,25,1016,1016,1016,1016,0,0,0,0,0,1,1,0,0,0,-151.3443678,0,0,0,0,3,1,1,10,10,0,0,0,3,1,1,10,1000,0,0,0,0,0,0,0,0,0,0,0,0,0,0,0,0,0,0,0,0,0,0,0,0,0,0,0,0,0,0,0,0,0,0,0,0,0,0,0,0,0,0,0,0,0,0,0,0,0,0,0
1986,26,18,24,48.009,2,7,1,0,0,0,1,1,25,1016,1016,1016,1016,0,0,0,0,0,1,1,0,0,0,-151.3879491,0,0,0,0,3,1,1,10,10,0,0,0,3,1,1,10,1000,0,0,0,0,0,0,0,0,0,0,0,0,0,0,0,0,0,0,0,0,0,0,0,0,0,0,0,0,0,0,0,0,0,0,0,0,0,0,0,0,0,0,0,0,0,0,0,0,0,0,0
1986,26,18,25,36.009,2,7,1,0,0,0,1,1,25,1016,1016,1016,1016,0,0,0,0,0,1,1,0,0,0,-151.4315303,0,0,0,0,3,1,1,10,10,0,0,0,3,1,1,10,1000,0,0,0,0,0,0,0,0,0,0,0,0,0,0,0,0,0,0,0,0,0,0,0,0,0,0,0,0,0,0,0,0,0,0,0,0,0,0,0,0,0,0,0,0,0,0,0,0,0,0,0
1986,26,18,26,24.009,2,7,1,0,0,0,1,1,25,1016,1016,1016,1016,0,0,0,0,0,1,1,0,0,0,-151.4751114,0,0,0,0,3,1,1,10,10,0,0,0,3,1,1,10,1000,0,0,0,0,0,0,0,0,0,0,0,0,0,0,0,0,0,0,0,0,0,0,0,0,0,0,0,0,0,0,0,0,0,0,0,0,0,0,0,0,0,0,0,0,0,0,0,0,0,0,0
1986,26,18,27,12.009,2,7,1,0,0,0,1,1,25,1016,1016,1016,1016,0,0,0,0,0,1,1,0,0,0,-151.5186924,0,0,0,0,3,1,1,10,10,0,0,0,3,1,1,10,1000,0,0,0,0,0,0,0,0,0,0,0,0,0,0,0,0,0,0,0,0,0,0,0,0,0,0,0,0,0,0,0,0,0,0,0,0,0,0,0,0,0,0,0,0,0,0,0,0,0,0,0
1986,26,18,30,24.008,2,7,1,0,0,0,1,1,25,1016,1016,1016,1016,0,0,0,0,0,1,1,0,0,0,-151.6930146,0,0,0,0,3,1,1,10,10,0,0,0,3,1,1,10,1000,0,0,0,0,0,0,0,0,0,0,0,0,0,0,0,0,0,0,0,0,0,0,0,0,0,0,0,0,0,0,0,0,0,0,0,0,0,0,0,0,0,0,0,0,0,0,0,0,0,0,0
1986,26,18,31,12.008,2,7,1,0,0,0,1,1,25,1016,1016,1016,1016,0,0,0,0,0,1,1,0,0,0,-151.7365951,0,0,0,0,3,1,1,10,10,0,0,0,3,1,1,10,1000,0,0,0,0,0,0,0,0,0,0,0,0,0,0,0,0,0,0,0,0,0,0,0,0,0,0,0,0,0,0,0,0,0,0,0,0,0,0,0,0,0,0,0,0,0,0,0,0,0,0,0
1986,26,18,32,0.008,2,7,1,0,0,0,1,1,25,1016,1016,1016,1016,0,0,0,0,0,1,1,0,0,0,-151.7801755,0,0,0,0,3,1,1,10,10,0,0,0,3,1,1,10,1000,0,0,0,0,0,0,0,0,0,0,0,0,0,0,0,0,0,0,0,0,0,0,0,0,0,0,0,0,0,0,0,0,0,0,0,0,0,0,0,0,0,0,0,0,0,0,0,0,0,0,0
1986,26,18,32,48.008,2,7,1,0,0,0,1,1,25,1016,1016,1016,1016,0,0,0,0,0,1,1,0,0,0,-151.8237558,0,0,0,0,3,1,1,10,10,0,0,0,3,1,1,10,1000,0,0,0,0,0,0,0,0,0,0,0,0,0,0,0,0,0,0,0,0,0,0,0,0,0,0,0,0,0,0,0,0,0,0,0,0,0,0,0,0,0,0,0,0,0,0,0,0,0,0,0
1986,26,18,33,36.008,2,7,1,0,0,0,1,1,25,1016,1016,1016,1016,0,0,0,0,0,1,1,0,0,0,-151.867336,0,0,0,0,3,1,1,10,10,0,0,0,3,1,1,10,1000,0,0,0,0,0,0,0,0,0,0,0,0,0,0,0,0,0,0,0,0,0,0,0,0,0,0,0,0,0,0,0,0,0,0,0,0,0,0,0,0,0,0,0,0,0,0,0,0,0,0,0
1986,26,18,34,24.008,2,7,1,0,0,0,1,1,25,1016,1016,1016,1016,0,0,0,0,0,1,1,0,0,0,-151.9109162,0,0,0,0,3,1,1,10,10,0,0,0,3,1,1,10,1000,0,0,0,0,0,0,0,0,0,0,0,0,0,0,0,0,0,0,0,0,0,0,0,0,0,0,0,0,0,0,0,0,0,0,0,0,0,0,0,0,0,0,0,0,0,0,0,0,0,0,0
1986,26,18,35,12.008,2,7,1,0,0,0,1,1,25,1016,1016,1016,1016,0,0,0,0,0,1,1,0,0,0,-151.9544962,0,0,0,0,3,1,1,10,10,0,0,0,3,1,1,10,1000,0,0,0,0,0,0,0,0,0,0,0,0,0,0,0,0,0,0,0,0,0,0,0,0,0,0,0,0,0,0,0,0,0,0,0,0,0,0,0,0,0,0,0,0,0,0,0,0,0,0,0
1986,26,18,36,0.008,2,7,1,0,0,0,1,1,25,1016,1016,1016,1016,0,0,0,0,0,1,1,0,0,0,-151.9980761,0,0,0,0,3,1,1,10,10,0,0,0,3,1,1,10,1000,0,0,0,0,0,0,0,0,0,0,0,0,0,0,0,0,0,0,0,0,0,0,0,0,0,0,0,0,0,0,0,0,0,0,0,0,0,0,0,0,0,0,0,0,0,0,0,0,0,0,0
1986,26,18,36,48.008,2,7,1,0,0,0,1,1,25,1016,1016,1016,1016,0,0,0,0,0,1,1,0,0,0,-152.041656,0,0,0,0,3,1,1,10,10,0,0,0,3,1,1,10,1000,0,0,0,0,0,0,0,0,0,0,0,0,0,0,0,0,0,0,0,0,0,0,0,0,0,0,0,0,0,0,0,0,0,0,0,0,0,0,0,0,0,0,0,0,0,0,0,0,0,0,0
1986,26,18,37,36.008,2,7,1,0,0,0,1,1,25,1016,1016,1016,1016,0,0,0,0,0,1,1,0,0,0,-152.0852357,0,0,0,0,3,1,1,10,10,0,0,0,3,1,1,10,1000,0,0,0,0,0,0,0,0,0,0,0,0,0,0,0,0,0,0,0,0,0,0,0,0,0,0,0,0,0,0,0,0,0,0,0,0,0,0,0,0,0,0,0,0,0,0,0,0,0,0,0
1986,26,18,38,24.008,2,7,1,0,0,0,1,1,25,1016,1016,1016,1016,0,0,0,0,0,1,1,0,0,0,-152.1288154,0,0,0,0,3,1,1,10,10,0,0,0,3,1,1,10,1000,0,0,0,0,0,0,0,0,0,0,0,0,0,0,0,0,0,0,0,0,0,0,0,0,0,0,0,0,0,0,0,0,0,0,0,0,0,0,0,0,0,0,0,0,0,0,0,0,0,0,0
1986,26,18,39,12.008,2,7,1,0,0,0,1,1,25,1016,1016,1016,1016,0,0,0,0,0,1,1,0,0,0,-152.1723949,0,0,0,0,3,1,1,10,10,0,0,0,3,1,1,10,1000,0,0,0,0,0,0,0,0,0,0,0,0,0,0,0,0,0,0,0,0,0,0,0,0,0,0,0,0,0,0,0,0,0,0,0,0,0,0,0,0,0,0,0,0,0,0,0,0,0,0,0
1986,26,18,42,24.007,2,7,1,0,0,0,1,1,25,1016,1016,1016,1016,0,0,0,0,0,1,1,0,0,0,-152.3467112,0,0,0,0,3,1,1,10,10,0,0,0,3,1,1,10,1000,0,0,0,0,0,0,0,0,0,0,0,0,0,0,0,0,0,0,0,0,0,0,0,0,0,0,0,0,0,0,0,0,0,0,0,0,0,0,0,0,0,0,0,0,0,0,0,0,0,0,0
1986,26,18,43,12.007,2,7,1,0,0,0,1,1,25,1016,1016,1016,1016,0,0,0,0,0,1,1,0,0,0,-152.3902903,0,0,0,0,3,1,1,10,10,0,0,0,3,1,1,10,1000,0,0,0,0,0,0,0,0,0,0,0,0,0,0,0,0,0,0,0,0,0,0,0,0,0,0,0,0,0,0,0,0,0,0,0,0,0,0,0,0,0,0,0,0,0,0,0,0,0,0,0
1986,26,18,44,0.007,2,7,1,0,0,0,1,1,25,1016,1016,1016,1016,0,0,0,0,0,1,1,0,0,0,-152.4338693,0,0,0,0,3,1,1,10,10,0,0,0,3,1,1,10,1000,0,0,0,0,0,0,0,0,0,0,0,0,0,0,0,0,0,0,0,0,0,0,0,0,0,0,0,0,0,0,0,0,0,0,0,0,0,0,0,0,0,0,0,0,0,0,0,0,0,0,0
1986,26,18,44,48.007,2,7,1,0,0,0,1,1,25,1016,1016,1016,1016,0,0,0,0,0,1,1,0,0,0,-152.4774481,0,0,0,0,3,1,1,10,10,0,0,0,3,1,1,10,1000,0,0,0,0,0,0,0,0,0,0,0,0,0,0,0,0,0,0,0,0,0,0,0,0,0,0,0,0,0,0,0,0,0,0,0,0,0,0,0,0,0,0,0,0,0,0,0,0,0,0,0
1986,26,18,45,36.007,2,7,1,0,0,0,1,1,25,1016,1016,1016,1016,0,0,0,0,0,1,1,0,0,0,-152.5210269,0,0,0,0,3,1,1,10,10,0,0,0,3,1,1,10,1000,0,0,0,0,0,0,0,0,0,0,0,0,0,0,0,0,0,0,0,0,0,0,0,0,0,0,0,0,0,0,0,0,0,0,0,0,0,0,0,0,0,0,0,0,0,0,0,0,0,0,0
1986,26,18,46,24.007,2,7,1,0,0,0,1,1,25,1016,1016,1016,1016,0,0,0,0,0,1,1,0,0,0,-152.5646056,0,0,0,0,3,1,1,10,10,0,0,0,3,1,1,10,1000,0,0,0,0,0,0,0,0,0,0,0,0,0,0,0,0,0,0,0,0,0,0,0,0,0,0,0,0,0,0,0,0,0,0,0,0,0,0,0,0,0,0,0,0,0,0,0,0,0,0,0
1986,26,18,47,12.007,2,7,1,0,0,0,1,1,25,1016,1016,1016,1016,0,0,0,0,0,1,1,0,0,0,-152.6081842,0,0,0,0,3,1,1,10,10,0,0,0,3,1,1,10,1000,0,0,0,0,0,0,0,0,0,0,0,0,0,0,0,0,0,0,0,0,0,0,0,0,0,0,0,0,0,0,0,0,0,0,0,0,0,0,0,0,0,0,0,0,0,0,0,0,0,0,0
1986,26,18,48,0.007,2,7,1,0,0,0,1,1,25,1016,1016,1016,1016,0,0,0,0,0,1,1,0,0,0,-152.6517626,0,0,0,0,3,1,1,10,10,0,0,0,3,1,1,10,1000,0,0,0,0,0,0,0,0,0,0,0,0,0,0,0,0,0,0,0,0,0,0,0,0,0,0,0,0,0,0,0,0,0,0,0,0,0,0,0,0,0,0,0,0,0,0,0,0,0,0,0
1986,26,18,48,48.007,2,7,1,0,0,0,1,1,25,1016,1016,1016,1016,0,0,0,0,0,1,1,0,0,0,-152.695341,0,0,0,0,3,1,1,10,10,0,0,0,3,1,1,10,1000,0,0,0,0,0,0,0,0,0,0,0,0,0,0,0,0,0,0,0,0,0,0,0,0,0,0,0,0,0,0,0,0,0,0,0,0,0,0,0,0,0,0,0,0,0,0,0,0,0,0,0
1986,26,18,49,36.007,2,7,1,0,0,0,1,1,25,1016,1016,1016,1016,0,0,0,0,0,1,1,0,0,0,-152.7389193,0,0,0,0,3,1,1,10,10,0,0,0,3,1,1,10,1000,0,0,0,0,0,0,0,0,0,0,0,0,0,0,0,0,0,0,0,0,0,0,0,0,0,0,0,0,0,0,0,0,0,0,0,0,0,0,0,0,0,0,0,0,0,0,0,0,0,0,0
1986,26,18,50,24.007,2,7,1,0,0,0,1,1,25,1016,1016,1016,1016,0,0,0,0,0,1,1,0,0,0,-152.7824975,0,0,0,0,3,1,1,10,10,0,0,0,3,1,1,10,1000,0,0,0,0,0,0,0,0,0,0,0,0,0,0,0,0,0,0,0,0,0,0,0,0,0,0,0,0,0,0,0,0,0,0,0,0,0,0,0,0,0,0,0,0,0,0,0,0,0,0,0
1986,26,18,51,12.007,2,7,1,0,0,0,1,1,25,1016,1016,1016,1016,0,0,0,0,0,1,1,0,0,0,-152.8260756,0,0,0,0,3,1,1,10,10,0,0,0,3,1,1,10,1000,0,0,0,0,0,0,0,0,0,0,0,0,0,0,0,0,0,0,0,0,0,0,0,0,0,0,0,0,0,0,0,0,0,0,0,0,0,0,0,0,0,0,0,0,0,0,0,0,0,0,0
1986,26,18,54,24.007,2,7,1,0,0,0,1,1,25,1016,1016,1016,1016,0,0,0,0,0,1,1,0,0,0,-153.000387,0,0,0,0,3,1,1,10,10,0,0,0,3,1,1,10,1000,0,0,0,0,0,0,0,0,0,0,0,0,0,0,0,0,0,0,0,0,0,0,0,0,0,0,0,0,0,0,0,0,0,0,0,0,0,0,0,0,0,0,0,0,0,0,0,0,0,0,0
1986,26,18,55,12.007,2,7,1,0,0,0,1,1,25,1016,1016,1016,1016,0,0,0,0,0,1,1,0,0,0,-153.0439646,0,0,0,0,3,1,1,10,10,0,0,0,3,1,1,10,1000,0,0,0,0,0,0,0,0,0,0,0,0,0,0,0,0,0,0,0,0,0,0,0,0,0,0,0,0,0,0,0,0,0,0,0,0,0,0,0,0,0,0,0,0,0,0,0,0,0,0,0
1986,26,18,56,0.007,2,7,1,0,0,0,1,1,25,1016,1016,1016,1016,0,0,0,0,0,1,1,0,0,0,-153.0875422,0,0,0,0,3,1,1,10,10,0,0,0,3,1,1,10,1000,0,0,0,0,0,0,0,0,0,0,0,0,0,0,0,0,0,0,0,0,0,0,0,0,0,0,0,0,0,0,0,0,0,0,0,0,0,0,0,0,0,0,0,0,0,0,0,0,0,0,0
1986,26,18,56,48.007,2,7,1,0,0,0,1,1,25,1016,1016,1016,1016,0,0,0,0,0,1,1,0,0,0,-153.1311196,0,0,0,0,3,1,1,10,10,0,0,0,3,1,1,10,1000,0,0,0,0,0,0,0,0,0,0,0,0,0,0,0,0,0,0,0,0,0,0,0,0,0,0,0,0,0,0,0,0,0,0,0,0,0,0,0,0,0,0,0,0,0,0,0,0,0,0,0
1986,26,18,57,36.006,2,7,1,0,0,0,1,1,25,1016,1016,1016,1016,0,0,0,0,0,1,1,0,0,0,-153.174696,0,0,0,0,3,1,1,10,10,0,0,0,3,1,1,10,1000,0,0,0,0,0,0,0,0,0,0,0,0,0,0,0,0,0,0,0,0,0,0,0,0,0,0,0,0,0,0,0,0,0,0,0,0,0,0,0,0,0,0,0,0,0,0,0,0,0,0,0
1986,26,18,58,24.006,2,7,1,0,0,0,1,1,25,1016,1016,1016,1016,0,0,0,0,0,1,1,0,0,0,-153.2182732,0,0,0,0,3,1,1,10,10,0,0,0,3,1,1,10,1000,0,0,0,0,0,0,0,0,0,0,0,0,0,0,0,0,0,0,0,0,0,0,0,0,0,0,0,0,0,0,0,0,0,0,0,0,0,0,0,0,0,0,0,0,0,0,0,0,0,0,0
1986,26,18,59,12.006,2,7,1,0,0,0,1,1,25,1016,1016,1016,1016,0,0,0,0,0,1,1,0,0,0,-153.2618504,0,0,0,0,3,1,1,10,10,0,0,0,3,1,1,10,1000,0,0,0,0,0,0,0,0,0,0,0,0,0,0,0,0,0,0,0,0,0,0,0,0,0,0,0,0,0,0,0,0,0,0,0,0,0,0,0,0,0,0,0,0,0,0,0,0,0,0,0
1986,26,19,0,0.006,2,7,1,0,0,0,1,1,25,1016,1016,1016,1016,0,0,0,0,0,1,1,0,0,0,-153.3054274,0,0,0,0,3,1,1,10,10,0,0,0,3,1,1,10,1000,0,0,0,0,0,0,0,0,0,0,0,0,0,0,0,0,0,0,0,0,0,0,0,0,0,0,0,0,0,0,0,0,0,0,0,0,0,0,0,0,0,0,0,0,0,0,0,0,0,0,0
1986,26,19,0,48.006,2,7,1,0,0,0,1,1,25,1016,1016,1016,1016,0,0,0,0,0,1,1,0,0,0,-153.3490044,0,0,0,0,3,1,1,10,10,0,0,0,3,1,1,10,1000,0,0,0,0,0,0,0,0,0,0,0,0,0,0,0,0,0,0,0,0,0,0,0,0,0,0,0,0,0,0,0,0,0,0,0,0,0,0,0,0,0,0,0,0,0,0,0,0,0,0,0
1986,26,19,1,36.006,2,7,1,0,0,0,1,1,25,1016,1016,1016,1016,0,0,0,0,0,1,1,0,0,0,-153.3925812,0,0,0,0,3,1,1,10,10,0,0,0,3,1,1,10,1000,0,0,0,0,0,0,0,0,0,0,0,0,0,0,0,0,0,0,0,0,0,0,0,0,0,0,0,0,0,0,0,0,0,0,0,0,0,0,0,0,0,0,0,0,0,0,0,0,0,0,0
1986,26,19,2,24.006,2,7,1,0,0,0,1,1,25,1016,1016,1016,1016,0,0,0,0,0,1,1,0,0,0,-153.436158,0,0,0,0,3,1,1,10,10,0,0,0,3,1,1,10,1000,0,0,0,0,0,0,0,0,0,0,0,0,0,0,0,0,0,0,0,0,0,0,0,0,0,0,0,0,0,0,0,0,0,0,0,0,0,0,0,0,0,0,0,0,0,0,0,0,0,0,0
1986,26,19,3,12.006,2,7,1,0,0,0,1,1,25,1016,1016,1016,1016,0,0,0,0,0,1,1,0,0,0,-153.4797346,0,0,0,0,3,1,1,10,10,0,0,0,3,1,1,10,1000,0,0,0,0,0,0,0,0,0,0,0,0,0,0,0,0,0,0,0,0,0,0,0,0,0,0,0,0,0,0,0,0,0,0,0,0,0,0,0,0,0,0,0,0,0,0,0,0,0,0,0
1986,26,19,6,24.006,2,7,1,0,0,0,1,1,25,1016,1016,1016,1016,0,0,0,0,0,1,1,0,0,0,-153.6540403,0,0,0,0,3,1,1,10,10,0,0,0,3,1,1,10,1000,0,0,0,0,0,0,0,0,0,0,0,0,0,0,0,0,0,0,0,0,0,0,0,0,0,0,0,0,0,0,0,0,0,0,0,0,0,0,0,0,0,0,0,0,0,0,0,0,0,0,0
1986,26,19,7,12.006,2,7,1,0,0,0,1,1,25,1016,1016,1016,1016,0,0,0,0,0,1,1,0,0,0,-153.6976165,0,0,0,0,3,1,1,10,10,0,0,0,3,1,1,10,1000,0,0,0,0,0,0,0,0,0,0,0,0,0,0,0,0,0,0,0,0,0,0,0,0,0,0,0,0,0,0,0,0,0,0,0,0,0,0,0,0,0,0,0,0,0,0,0,0,0,0,0
1986,26,19,8,0.007,2,7,1,0,0,0,1,1,25,1016,1016,1016,1016,0,0,0,0,0,1,1,0,0,0,-153.7411935,0,0,0,0,3,1,1,10,10,0,0,0,3,1,1,10,1000,0,0,0,0,0,0,0,0,0,0,0,0,0,0,0,0,0,0,0,0,0,0,0,0,0,0,0,0,0,0,0,0,0,0,0,0,0,0,0,0,0,0,0,0,0,0,0,0,0,0,0
1986,26,19,8,48.006,2,7,1,0,0,0,1,1,25,1016,1016,1016,1016,0,0,0,0,0,1,1,0,0,0,-153.7847686,0,0,0,0,3,1,1,10,10,0,0,0,3,1,1,10,1000,0,0,0,0,0,0,0,0,0,0,0,0,0,0,0,0,0,0,0,0,0,0,0,0,0,0,0,0,0,0,0,0,0,0,0,0,0,0,0,0,0,0,0,0,0,0,0,0,0,0,0
1986,26,19,9,36.006,2,7,1,0,0,0,1,1,25,1016,1016,1016,1016,0,0,0,0,0,1,1,0,0,0,-153.8283445,0,0,0,0,3,1,1,10,10,0,0,0,3,1,1,10,1000,0,0,0,0,0,0,0,0,0,0,0,0,0,0,0,0,0,0,0,0,0,0,0,0,0,0,0,0,0,0,0,0,0,0,0,0,0,0,0,0,0,0,0,0,0,0,0,0,0,0,0
1986,26,19,10,24.006,2,7,1,0,0,0,1,1,25,1016,1016,1016,1016,0,0,0,0,0,1,1,0,0,0,-153.8719203,0,0,0,0,3,1,1,10,10,0,0,0,3,1,1,10,1000,0,0,0,0,0,0,0,0,0,0,0,0,0,0,0,0,0,0,0,0,0,0,0,0,0,0,0,0,0,0,0,0,0,0,0,0,0,0,0,0,0,0,0,0,0,0,0,0,0,0,0
1986,26,19,11,12.006,2,7,1,0,0,0,1,1,25,1016,1016,1016,1016,0,0,0,0,0,1,1,0,0,0,-153.915496,0,0,0,0,3,1,1,10,10,0,0,0,3,1,1,10,1000,0,0,0,0,0,0,0,0,0,0,0,0,0,0,0,0,0,0,0,0,0,0,0,0,0,0,0,0,0,0,0,0,0,0,0,0,0,0,0,0,0,0,0,0,0,0,0,0,0,0,0
1986,26,19,12,0.007,2,7,1,0,0,0,1,1,25,1016,1016,1016,1016,0,0,0,0,0,1,1,0,0,0,-153.9590725,0,0,0,0,3,1,1,10,10,0,0,0,3,1,1,10,1000,0,0,0,0,0,0,0,0,0,0,0,0,0,0,0,0,0,0,0,0,0,0,0,0,0,0,0,0,0,0,0,0,0,0,0,0,0,0,0,0,0,0,0,0,0,0,0,0,0,0,0
1986,26,19,12,48.005,2,7,1,0,0,0,1,1,25,1016,1016,1016,1016,0,0,0,0,0,1,1,0,0,0,-154.0026462,0,0,0,0,3,1,1,10,10,0,0,0,3,1,1,10,1000,0,0,0,0,0,0,0,0,0,0,0,0,0,0,0,0,0,0,0,0,0,0,0,0,0,0,0,0,0,0,0,0,0,0,0,0,0,0,0,0,0,0,0,0,0,0,0,0,0,0,0
1986,26,19,13,36.005,2,7,1,0,0,0,1,1,25,1016,1016,1016,1016,0,0,0,0,0,1,1,0,0,0,-154.0462216,0,0,0,0,3,1,1,10,10,0,0,0,3,1,1,10,1000,0,0,0,0,0,0,0,0,0,0,0,0,0,0,0,0,0,0,0,0,0,0,0,0,0,0,0,0,0,0,0,0,0,0,0,0,0,0,0,0,0,0,0,0,0,0,0,0,0,0,0
1986,26,19,14,24.005,2,7,1,0,0,0,1,1,25,1016,1016,1016,1016,0,0,0,0,0,1,1,0,0,0,-154.0897969,0,0,0,0,3,1,1,10,10,0,0,0,3,1,1,10,1000,0,0,0,0,0,0,0,0,0,0,0,0,0,0,0,0,0,0,0,0,0,0,0,0,0,0,0,0,0,0,0,0,0,0,0,0,0,0,0,0,0,0,0,0,0,0,0,0,0,0,0
1986,26,19,15,12.005,2,7,1,0,0,0,1,1,25,1016,1016,1016,1016,0,0,0,0,0,1,1,0,0,0,-154.1333722,0,0,0,0,3,1,1,10,10,0,0,0,3,1,1,10,1000,0,0,0,0,0,0,0,0,0,0,0,0,0,0,0,0,0,0,0,0,0,0,0,0,0,0,0,0,0,0,0,0,0,0,0,0,0,0,0,0,0,0,0,0,0,0,0,0,0,0,0
1986,26,19,18,24.005,2,7,1,0,0,0,1,1,25,1016,1016,1016,1016,0,0,0,0,0,1,1,0,0,0,-154.3076721,0,0,0,0,3,1,1,10,10,0,0,0,3,1,1,10,1000,0,0,0,0,0,0,0,0,0,0,0,0,0,0,0,0,0,0,0,0,0,0,0,0,0,0,0,0,0,0,0,0,0,0,0,0,0,0,0,0,0,0,0,0,0,0,0,0,0,0,0
1986,26,19,19,12.005,2,7,1,0,0,0,1,1,25,1016,1016,1016,1016,0,0,0,0,0,1,1,0,0,0,-154.3512469,0,0,0,0,3,1,1,10,10,0,0,0,3,1,1,10,1000,0,0,0,0,0,0,0,0,0,0,0,0,0,0,0,0,0,0,0,0,0,0,0,0,0,0,0,0,0,0,0,0,0,0,0,0,0,0,0,0,0,0,0,0,0,0,0,0,0,0,0
1986,26,19,20,0.005,2,7,1,0,0,0,1,1,25,1016,1016,1016,1016,0,0,0,0,0,1,1,0,0,0,-154.3948215,0,0,0,0,3,1,1,10,10,0,0,0,3,1,1,10,1000,0,0,0,0,0,0,0,0,0,0,0,0,0,0,0,0,0,0,0,0,0,0,0,0,0,0,0,0,0,0,0,0,0,0,0,0,0,0,0,0,0,0,0,0,0,0,0,0,0,0,0
1986,26,19,20,48.005,2,7,1,0,0,0,1,1,25,1016,1016,1016,1016,0,0,0,0,0,1,1,0,0,0,-154.4383961,0,0,0,0,3,1,1,10,10,0,0,0,3,1,1,10,1000,0,0,0,0,0,0,0,0,0,0,0,0,0,0,0,0,0,0,0,0,0,0,0,0,0,0,0,0,0,0,0,0,0,0,0,0,0,0,0,0,0,0,0,0,0,0,0,0,0,0,0
1986,26,19,21,36.005,2,7,1,0,0,0,1,1,25,1016,1016,1016,1016,0,0,0,0,0,1,1,0,0,0,-154.4819706,0,0,0,0,3,1,1,10,10,0,0,0,3,1,1,10,1000,0,0,0,0,0,0,0,0,0,0,0,0,0,0,0,0,0,0,0,0,0,0,0,0,0,0,0,0,0,0,0,0,0,0,0,0,0,0,0,0,0,0,0,0,0,0,0,0,0,0,0
1986,26,19,22,24.005,2,7,1,0,0,0,1,1,25,1016,1016,1016,1016,0,0,0,0,0,1,1,0,0,0,-154.525545,0,0,0,0,3,1,1,10,10,0,0,0,3,1,1,10,1000,0,0,0,0,0,0,0,0,0,0,0,0,0,0,0,0,0,0,0,0,0,0,0,0,0,0,0,0,0,0,0,0,0,0,0,0,0,0,0,0,0,0,0,0,0,0,0,0,0,0,0
1986,26,19,23,12.005,2,7,1,0,0,0,1,1,25,1016,1016,1016,1016,0,0,0,0,0,1,1,0,0,0,-154.5691192,0,0,0,0,3,1,1,10,10,0,0,0,3,1,1,10,1000,0,0,0,0,0,0,0,0,0,0,0,0,0,0,0,0,0,0,0,0,0,0,0,0,0,0,0,0,0,0,0,0,0,0,0,0,0,0,0,0,0,0,0,0,0,0,0,0,0,0,0
1986,26,19,24,0.005,2,7,1,0,0,0,1,1,25,1016,1016,1016,1016,0,0,0,0,0,1,1,0,0,0,-154.6126934,0,0,0,0,3,1,1,10,10,0,0,0,3,1,1,10,1000,0,0,0,0,0,0,0,0,0,0,0,0,0,0,0,0,0,0,0,0,0,0,0,0,0,0,0,0,0,0,0,0,0,0,0,0,0,0,0,0,0,0,0,0,0,0,0,0,0,0,0
1986,26,19,24,48.005,2,7,1,0,0,0,1,1,25,1016,1016,1016,1016,0,0,0,0,0,1,1,0,0,0,-154.6562675,0,0,0,0,3,1,1,10,10,0,0,0,3,1,1,10,1000,0,0,0,0,0,0,0,0,0,0,0,0,0,0,0,0,0,0,0,0,0,0,0,0,0,0,0,0,0,0,0,0,0,0,0,0,0,0,0,0,0,0,0,0,0,0,0,0,0,0,0
1986,26,19,25,36.005,2,7,1,0,0,0,1,1,25,1016,1016,1016,1016,0,0,0,0,0,1,1,0,0,0,-154.6998415,0,0,0,0,3,1,1,10,10,0,0,0,3,1,1,10,1000,0,0,0,0,0,0,0,0,0,0,0,0,0,0,0,0,0,0,0,0,0,0,0,0,0,0,0,0,0,0,0,0,0,0,0,0,0,0,0,0,0,0,0,0,0,0,0,0,0,0,0
1986,26,19,26,24.005,2,7,1,0,0,0,1,1,25,1016,1016,1016,1016,0,0,0,0,0,1,1,0,0,0,-154.7434154,0,0,0,0,3,1,1,10,10,0,0,0,3,1,1,10,1000,0,0,0,0,0,0,0,0,0,0,0,0,0,0,0,0,0,0,0,0,0,0,0,0,0,0,0,0,0,0,0,0,0,0,0,0,0,0,0,0,0,0,0,0,0,0,0,0,0,0,0
1986,26,19,27,12.005,2,7,1,0,0,0,1,1,25,1016,1016,1016,1016,0,0,0,0,0,1,1,0,0,0,-154.7869892,0,0,0,0,3,1,1,10,10,0,0,0,3,1,1,10,1000,0,0,0,0,0,0,0,0,0,0,0,0,0,0,0,0,0,0,0,0,0,0,0,0,0,0,0,0,0,0,0,0,0,0,0,0,0,0,0,0,0,0,0,0,0,0,0,0,0,0,0
1986,26,19,30,24.004,2,7,1,0,0,0,1,1,25,1016,1016,1016,1016,0,0,0,0,0,1,1,0,0,0,-154.9612826,0,0,0,0,3,1,1,10,10,0,0,0,3,1,1,10,1000,0,0,0,0,0,0,0,0,0,0,0,0,0,0,0,0,0,0,0,0,0,0,0,0,0,0,0,0,0,0,0,0,0,0,0,0,0,0,0,0,0,0,0,0,0,0,0,0,0,0,0
1986,26,19,31,12.004,2,7,1,0,0,0,1,1,25,1016,1016,1016,1016,0,0,0,0,0,1,1,0,0,0,-155.004856,0,0,0,0,3,1,1,10,10,0,0,0,3,1,1,10,1000,0,0,0,0,0,0,0,0,0,0,0,0,0,0,0,0,0,0,0,0,0,0,0,0,0,0,0,0,0,0,0,0,0,0,0,0,0,0,0,0,0,0,0,0,0,0,0,0,0,0,0
1986,26,19,32,0.004,2,7,1,0,0,0,1,1,25,1016,1016,1016,1016,0,0,0,0,0,1,1,0,0,0,-155.0484292,0,0,0,0,3,1,1,10,10,0,0,0,3,1,1,10,1000,0,0,0,0,0,0,0,0,0,0,0,0,0,0,0,0,0,0,0,0,0,0,0,0,0,0,0,0,0,0,0,0,0,0,0,0,0,0,0,0,0,0,0,0,0,0,0,0,0,0,0
1986,26,19,32,48.004,2,7,1,0,0,0,1,1,25,1016,1016,1016,1016,0,0,0,0,0,1,1,0,0,0,-155.0920024,0,0,0,0,3,1,1,10,10,0,0,0,3,1,1,10,1000,0,0,0,0,0,0,0,0,0,0,0,0,0,0,0,0,0,0,0,0,0,0,0,0,0,0,0,0,0,0,0,0,0,0,0,0,0,0,0,0,0,0,0,0,0,0,0,0,0,0,0
1986,26,19,33,36.004,2,7,1,0,0,0,1,1,25,1016,1016,1016,1016,0,0,0,0,0,1,1,0,0,0,-155.1355754,0,0,0,0,3,1,1,10,10,0,0,0,3,1,1,10,1000,0,0,0,0,0,0,0,0,0,0,0,0,0,0,0,0,0,0,0,0,0,0,0,0,0,0,0,0,0,0,0,0,0,0,0,0,0,0,0,0,0,0,0,0,0,0,0,0,0,0,0
1986,26,19,34,24.004,2,7,1,0,0,0,1,1,25,1016,1016,1016,1016,0,0,0,0,0,1,1,0,0,0,-155.1791484,0,0,0,0,3,1,1,10,10,0,0,0,3,1,1,10,1000,0,0,0,0,0,0,0,0,0,0,0,0,0,0,0,0,0,0,0,0,0,0,0,0,0,0,0,0,0,0,0,0,0,0,0,0,0,0,0,0,0,0,0,0,0,0,0,0,0,0,0
1986,26,19,35,12.004,2,7,1,0,0,0,1,1,25,1016,1016,1016,1016,0,0,0,0,0,1,1,0,0,0,-155.2227213,0,0,0,0,3,1,1,10,10,0,0,0,3,1,1,10,1000,0,0,0,0,0,0,0,0,0,0,0,0,0,0,0,0,0,0,0,0,0,0,0,0,0,0,0,0,0,0,0,0,0,0,0,0,0,0,0,0,0,0,0,0,0,0,0,0,0,0,0
1986,26,19,36,0.004,2,7,1,0,0,0,1,1,25,1016,1016,1016,1016,0,0,0,0,0,1,1,0,0,0,-155.266294,0,0,0,0,3,1,1,10,10,0,0,0,3,1,1,10,1000,0,0,0,0,0,0,0,0,0,0,0,0,0,0,0,0,0,0,0,0,0,0,0,0,0,0,0,0,0,0,0,0,0,0,0,0,0,0,0,0,0,0,0,0,0,0,0,0,0,0,0
1986,26,19,36,48.004,2,7,1,0,0,0,1,1,25,1016,1016,1016,1016,0,0,0,0,0,1,1,0,0,0,-155.3098667,0,0,0,0,3,1,1,10,10,0,0,0,3,1,1,10,1000,0,0,0,0,0,0,0,0,0,0,0,0,0,0,0,0,0,0,0,0,0,0,0,0,0,0,0,0,0,0,0,0,0,0,0,0,0,0,0,0,0,0,0,0,0,0,0,0,0,0,0
1986,26,19,37,36.004,2,7,1,0,0,0,1,1,25,1016,1016,1016,1016,0,0,0,0,0,1,1,0,0,0,-155.3534393,0,0,0,0,3,1,1,10,10,0,0,0,3,1,1,10,1000,0,0,0,0,0,0,0,0,0,0,0,0,0,0,0,0,0,0,0,0,0,0,0,0,0,0,0,0,0,0,0,0,0,0,0,0,0,0,0,0,0,0,0,0,0,0,0,0,0,0,0
1986,26,19,38,24.004,2,7,1,0,0,0,1,1,25,1016,1016,1016,1016,0,0,0,0,0,1,1,0,0,0,-155.3970118,0,0,0,0,3,1,1,10,10,0,0,0,3,1,1,10,1000,0,0,0,0,0,0,0,0,0,0,0,0,0,0,0,0,0,0,0,0,0,0,0,0,0,0,0,0,0,0,0,0,0,0,0,0,0,0,0,0,0,0,0,0,0,0,0,0,0,0,0
1986,26,19,39,12.004,2,7,1,0,0,0,1,1,25,1016,1016,1016,1016,0,0,0,0,0,1,1,0,0,0,-155.4405842,0,0,0,0,3,1,1,10,10,0,0,0,3,1,1,10,1000,0,0,0,0,0,0,0,0,0,0,0,0,0,0,0,0,0,0,0,0,0,0,0,0,0,0,0,0,0,0,0,0,0,0,0,0,0,0,0,0,0,0,0,0,0,0,0,0,0,0,0
1986,26,19,42,24.004,2,7,1,0,0,0,1,1,25,1016,1016,1016,1016,0,0,0,0,0,1,1,0,0,0,-155.6148729,0,0,0,0,3,1,1,10,10,0,0,0,3,1,1,10,1000,0,0,0,0,0,0,0,0,0,0,0,0,0,0,0,0,0,0,0,0,0,0,0,0,0,0,0,0,0,0,0,0,0,0,0,0,0,0,0,0,0,0,0,0,0,0,0,0,0,0,0
1986,26,19,43,12.003,2,7,1,0,0,0,1,1,25,1016,1016,1016,1016,0,0,0,0,0,1,1,0,0,0,-155.6584439,0,0,0,0,3,1,1,10,10,0,0,0,3,1,1,10,1000,0,0,0,0,0,0,0,0,0,0,0,0,0,0,0,0,0,0,0,0,0,0,0,0,0,0,0,0,0,0,0,0,0,0,0,0,0,0,0,0,0,0,0,0,0,0,0,0,0,0,0
1986,26,19,44,0.003,2,7,1,0,0,0,1,1,25,1016,1016,1016,1016,0,0,0,0,0,1,1,0,0,0,-155.7020158,0,0,0,0,3,1,1,10,10,0,0,0,3,1,1,10,1000,0,0,0,0,0,0,0,0,0,0,0,0,0,0,0,0,0,0,0,0,0,0,0,0,0,0,0,0,0,0,0,0,0,0,0,0,0,0,0,0,0,0,0,0,0,0,0,0,0,0,0
1986,26,19,44,48.003,2,7,1,0,0,0,1,1,25,1016,1016,1016,1016,0,0,0,0,0,1,1,0,0,0,-155.7455875,0,0,0,0,3,1,1,10,10,0,0,0,3,1,1,10,1000,0,0,0,0,0,0,0,0,0,0,0,0,0,0,0,0,0,0,0,0,0,0,0,0,0,0,0,0,0,0,0,0,0,0,0,0,0,0,0,0,0,0,0,0,0,0,0,0,0,0,0
1986,26,19,45,36.003,2,7,1,0,0,0,1,1,25,1016,1016,1016,1016,0,0,0,0,0,1,1,0,0,0,-155.7891592,0,0,0,0,3,1,1,10,10,0,0,0,3,1,1,10,1000,0,0,0,0,0,0,0,0,0,0,0,0,0,0,0,0,0,0,0,0,0,0,0,0,0,0,0,0,0,0,0,0,0,0,0,0,0,0,0,0,0,0,0,0,0,0,0,0,0,0,0
1986,26,19,46,24.003,2,7,1,0,0,0,1,1,25,1016,1016,1016,1016,0,0,0,0,0,1,1,0,0,0,-155.8327307,0,0,0,0,3,1,1,10,10,0,0,0,3,1,1,10,1000,0,0,0,0,0,0,0,0,0,0,0,0,0,0,0,0,0,0,0,0,0,0,0,0,0,0,0,0,0,0,0,0,0,0,0,0,0,0,0,0,0,0,0,0,0,0,0,0,0,0,0
1986,26,19,47,12.003,2,7,1,0,0,0,1,1,25,1016,1016,1016,1016,0,0,0,0,0,1,1,0,0,0,-155.8763022,0,0,0,0,3,1,1,10,10,0,0,0,3,1,1,10,1000,0,0,0,0,0,0,0,0,0,0,0,0,0,0,0,0,0,0,0,0,0,0,0,0,0,0,0,0,0,0,0,0,0,0,0,0,0,0,0,0,0,0,0,0,0,0,0,0,0,0,0
1986,26,19,48,0.003,2,7,1,0,0,0,1,1,25,1016,1016,1016,1016,0,0,0,0,0,1,1,0,0,0,-155.9198736,0,0,0,0,3,1,1,10,10,0,0,0,3,1,1,10,1000,0,0,0,0,0,0,0,0,0,0,0,0,0,0,0,0,0,0,0,0,0,0,0,0,0,0,0,0,0,0,0,0,0,0,0,0,0,0,0,0,0,0,0,0,0,0,0,0,0,0,0
1986,26,19,48,48.003,2,7,1,0,0,0,1,1,25,1016,1016,1016,1016,0,0,0,0,0,1,1,0,0,0,-155.9634449,0,0,0,0,3,1,1,10,10,0,0,0,3,1,1,10,1000,0,0,0,0,0,0,0,0,0,0,0,0,0,0,0,0,0,0,0,0,0,0,0,0,0,0,0,0,0,0,0,0,0,0,0,0,0,0,0,0,0,0,0,0,0,0,0,0,0,0,0
1986,26,19,49,36.003,2,7,1,0,0,0,1,1,25,1016,1016,1016,1016,0,0,0,0,0,1,1,0,0,0,-156.0070161,0,0,0,0,3,1,1,10,10,0,0,0,3,1,1,10,1000,0,0,0,0,0,0,0,0,0,0,0,0,0,0,0,0,0,0,0,0,0,0,0,0,0,0,0,0,0,0,0,0,0,0,0,0,0,0,0,0,0,0,0,0,0,0,0,0,0,0,0
1986,26,19,50,24.003,2,7,1,0,0,0,1,1,25,1016,1016,1016,1016,0,0,0,0,0,1,1,0,0,0,-156.0505872,0,0,0,0,3,1,1,10,10,0,0,0,3,1,1,10,1000,0,0,0,0,0,0,0,0,0,0,0,0,0,0,0,0,0,0,0,0,0,0,0,0,0,0,0,0,0,0,0,0,0,0,0,0,0,0,0,0,0,0,0,0,0,0,0,0,0,0,0
1986,26,19,51,12.003,2,7,1,0,0,0,1,1,25,1016,1016,1016,1016,0,0,0,0,0,1,1,0,0,0,-156.0941582,0,0,0,0,3,1,1,10,10,0,0,0,3,1,1,10,1000,0,0,0,0,0,0,0,0,0,0,0,0,0,0,0,0,0,0,0,0,0,0,0,0,0,0,0,0,0,0,0,0,0,0,0,0,0,0,0,0,0,0,0,0,0,0,0,0,0,0,0
1986,26,19,54,24.003,2,7,1,0,0,0,1,1,25,1016,1016,1016,1016,0,0,0,0,0,1,1,0,0,0,-156.2684413,0,0,0,0,3,1,1,10,10,0,0,0,3,1,1,10,1000,0,0,0,0,0,0,0,0,0,0,0,0,0,0,0,0,0,0,0,0,0,0,0,0,0,0,0,0,0,0,0,0,0,0,0,0,0,0,0,0,0,0,0,0,0,0,0,0,0,0,0
1986,26,19,55,12.003,2,7,1,0,0,0,1,1,25,1016,1016,1016,1016,0,0,0,0,0,1,1,0,0,0,-156.3120118,0,0,0,0,3,1,1,10,10,0,0,0,3,1,1,10,1000,0,0,0,0,0,0,0,0,0,0,0,0,0,0,0,0,0,0,0,0,0,0,0,0,0,0,0,0,0,0,0,0,0,0,0,0,0,0,0,0,0,0,0,0,0,0,0,0,0,0,0
1986,26,19,56,0.003,2,7,1,0,0,0,1,1,25,1016,1016,1016,1016,0,0,0,0,0,1,1,0,0,0,-156.3555822,0,0,0,0,3,1,1,10,10,0,0,0,3,1,1,10,1000,0,0,0,0,0,0,0,0,0,0,0,0,0,0,0,0,0,0,0,0,0,0,0,0,0,0,0,0,0,0,0,0,0,0,0,0,0,0,0,0,0,0,0,0,0,0,0,0,0,0,0
1986,26,19,56,48.003,2,7,1,0,0,0,1,1,25,1016,1016,1016,1016,0,0,0,0,0,1,1,0,0,0,-156.3991526,0,0,0,0,3,1,1,10,10,0,0,0,3,1,1,10,1000,0,0,0,0,0,0,0,0,0,0,0,0,0,0,0,0,0,0,0,0,0,0,0,0,0,0,0,0,0,0,0,0,0,0,0,0,0,0,0,0,0,0,0,0,0,0,0,0,0,0,0
1986,26,19,57,36.003,2,7,1,0,0,0,1,1,25,1016,1016,1016,1016,0,0,0,0,0,1,1,0,0,0,-156.4427229,0,0,0,0,3,1,1,10,10,0,0,0,3,1,1,10,1000,0,0,0,0,0,0,0,0,0,0,0,0,0,0,0,0,0,0,0,0,0,0,0,0,0,0,0,0,0,0,0,0,0,0,0,0,0,0,0,0,0,0,0,0,0,0,0,0,0,0,0
1986,26,19,58,24.002,2,7,1,0,0,0,1,1,25,1016,1016,1016,1016,0,0,0,0,0,1,1,0,0,0,-156.4862921,0,0,0,0,3,1,1,10,10,0,0,0,3,1,1,10,1000,0,0,0,0,0,0,0,0,0,0,0,0,0,0,0,0,0,0,0,0,0,0,0,0,0,0,0,0,0,0,0,0,0,0,0,0,0,0,0,0,0,0,0,0,0,0,0,0,0,0,0
1986,26,19,59,12.002,2,7,1,0,0,0,1,1,25,1016,1016,1016,1016,0,0,0,0,0,1,1,0,0,0,-156.5298622,0,0,0,0,3,1,1,10,10,0,0,0,3,1,1,10,1000,0,0,0,0,0,0,0,0,0,0,0,0,0,0,0,0,0,0,0,0,0,0,0,0,0,0,0,0,0,0,0,0,0,0,0,0,0,0,0,0,0,0,0,0,0,0,0,0,0,0,0
1986,26,20,0,0.002,2,7,1,0,0,0,1,1,25,1016,1016,1016,1016,0,0,0,0,0,1,1,0,0,0,-156.5734322,0,0,0,0,3,1,1,10,10,0,0,0,3,1,1,10,1000,0,0,0,0,0,0,0,0,0,0,0,0,0,0,0,0,0,0,0,0,0,0,0,0,0,0,0,0,0,0,0,0,0,0,0,0,0,0,0,0,0,0,0,0,0,0,0,0,0,0,0
1986,26,20,0,48.002,2,7,1,0,0,0,1,1,25,1016,1016,1016,1016,0,0,0,0,0,1,1,0,0,0,-156.6170021,0,0,0,0,3,1,1,10,10,0,0,0,3,1,1,10,1000,0,0,0,0,0,0,0,0,0,0,0,0,0,0,0,0,0,0,0,0,0,0,0,0,0,0,0,0,0,0,0,0,0,0,0,0,0,0,0,0,0,0,0,0,0,0,0,0,0,0,0
1986,26,20,1,36.002,2,7,1,0,0,0,1,1,25,1016,1016,1016,1016,0,0,0,0,0,1,1,0,0,0,-156.6605719,0,0,0,0,3,1,1,10,10,0,0,0,3,1,1,10,1000,0,0,0,0,0,0,0,0,0,0,0,0,0,0,0,0,0,0,0,0,0,0,0,0,0,0,0,0,0,0,0,0,0,0,0,0,0,0,0,0,0,0,0,0,0,0,0,0,0,0,0
1986,26,20,2,24.002,2,7,1,0,0,0,1,1,25,1016,1016,1016,1016,0,0,0,0,0,1,1,0,0,0,-156.7041416,0,0,0,0,3,1,1,10,10,0,0,0,3,1,1,10,1000,0,0,0,0,0,0,0,0,0,0,0,0,0,0,0,0,0,0,0,0,0,0,0,0,0,0,0,0,0,0,0,0,0,0,0,0,0,0,0,0,0,0,0,0,0,0,0,0,0,0,0
1986,26,20,3,12.002,2,7,1,0,0,0,1,1,25,1016,1016,1016,1016,0,0,0,0,0,1,1,0,0,0,-156.7477112,0,0,0,0,3,1,1,10,10,0,0,0,3,1,1,10,1000,0,0,0,0,0,0,0,0,0,0,0,0,0,0,0,0,0,0,0,0,0,0,0,0,0,0,0,0,0,0,0,0,0,0,0,0,0,0,0,0,0,0,0,0,0,0,0,0,0,0,0
1986,26,20,6,24.002,2,7,1,0,0,0,1,1,25,1016,1016,1016,1016,0,0,0,0,0,1,1,0,0,0,-156.9219888,0,0,0,0,3,1,1,10,10,0,0,0,3,1,1,10,1000,0,0,0,0,0,0,0,0,0,0,0,0,0,0,0,0,0,0,0,0,0,0,0,0,0,0,0,0,0,0,0,0,0,0,0,0,0,0,0,0,0,0,0,0,0,0,0,0,0,0,0
1986,26,20,7,12.002,2,7,1,0,0,0,1,1,25,1016,1016,1016,1016,0,0,0,0,0,1,1,0,0,0,-156.9655579,0,0,0,0,3,1,1,10,10,0,0,0,3,1,1,10,1000,0,0,0,0,0,0,0,0,0,0,0,0,0,0,0,0,0,0,0,0,0,0,0,0,0,0,0,0,0,0,0,0,0,0,0,0,0,0,0,0,0,0,0,0,0,0,0,0,0,0,0
1986,26,20,8,0.002,2,7,1,0,0,0,1,1,25,1016,1016,1016,1016,0,0,0,0,0,1,1,0,0,0,-157.009127,0,0,0,0,3,1,1,10,10,0,0,0,3,1,1,10,1000,0,0,0,0,0,0,0,0,0,0,0,0,0,0,0,0,0,0,0,0,0,0,0,0,0,0,0,0,0,0,0,0,0,0,0,0,0,0,0,0,0,0,0,0,0,0,0,0,0,0,0
1986,26,20,8,48.002,2,7,1,0,0,0,1,1,25,1016,1016,1016,1016,0,0,0,0,0,1,1,0,0,0,-157.052696,0,0,0,0,3,1,1,10,10,0,0,0,3,1,1,10,1000,0,0,0,0,0,0,0,0,0,0,0,0,0,0,0,0,0,0,0,0,0,0,0,0,0,0,0,0,0,0,0,0,0,0,0,0,0,0,0,0,0,0,0,0,0,0,0,0,0,0,0
1986,26,20,9,36.002,2,7,1,0,0,0,1,1,25,1016,1016,1016,1016,0,0,0,0,0,1,1,0,0,0,-157.0962648,0,0,0,0,3,1,1,10,10,0,0,0,3,1,1,10,1000,0,0,0,0,0,0,0,0,0,0,0,0,0,0,0,0,0,0,0,0,0,0,0,0,0,0,0,0,0,0,0,0,0,0,0,0,0,0,0,0,0,0,0,0,0,0,0,0,0,0,0
1986,26,20,10,24.002,2,7,1,0,0,0,1,1,25,1016,1016,1016,1016,0,0,0,0,0,1,1,0,0,0,-157.1398336,0,0,0,0,3,1,1,10,10,0,0,0,3,1,1,10,1000,0,0,0,0,0,0,0,0,0,0,0,0,0,0,0,0,0,0,0,0,0,0,0,0,0,0,0,0,0,0,0,0,0,0,0,0,0,0,0,0,0,0,0,0,0,0,0,0,0,0,0
1986,26,20,11,12.002,2,7,1,0,0,0,1,1,25,1016,1016,1016,1016,0,0,0,0,0,1,1,0,0,0,-157.1834023,0,0,0,0,3,1,1,10,10,0,0,0,3,1,1,10,1000,0,0,0,0,0,0,0,0,0,0,0,0,0,0,0,0,0,0,0,0,0,0,0,0,0,0,0,0,0,0,0,0,0,0,0,0,0,0,0,0,0,0,0,0,0,0,0,0,0,0,0
1986,26,20,12,0.002,2,7,1,0,0,0,1,1,25,1016,1016,1016,1016,0,0,0,0,0,1,1,0,0,0,-157.2269709,0,0,0,0,3,1,1,10,10,0,0,0,3,1,1,10,1000,0,0,0,0,0,0,0,0,0,0,0,0,0,0,0,0,0,0,0,0,0,0,0,0,0,0,0,0,0,0,0,0,0,0,0,0,0,0,0,0,0,0,0,0,0,0,0,0,0,0,0
1986,26,20,12,48.002,2,7,1,0,0,0,1,1,25,1016,1016,1016,1016,0,0,0,0,0,1,1,0,0,0,-157.2705394,0,0,0,0,3,1,1,10,10,0,0,0,3,1,1,10,1000,0,0,0,0,0,0,0,0,0,0,0,0,0,0,0,0,0,0,0,0,0,0,0,0,0,0,0,0,0,0,0,0,0,0,0,0,0,0,0,0,0,0,0,0,0,0,0,0,0,0,0
1986,26,20,13,36.001,2,7,1,0,0,0,1,1,25,1016,1016,1016,1016,0,0,0,0,0,1,1,0,0,0,-157.314107,0,0,0,0,3,1,1,10,10,0,0,0,3,1,1,10,1000,0,0,0,0,0,0,0,0,0,0,0,0,0,0,0,0,0,0,0,0,0,0,0,0,0,0,0,0,0,0,0,0,0,0,0,0,0,0,0,0,0,0,0,0,0,0,0,0,0,0,0
1986,26,20,14,24.001,2,7,1,0,0,0,1,1,25,1016,1016,1016,1016,0,0,0,0,0,1,1,0,0,0,-157.3576753,0,0,0,0,3,1,1,10,10,0,0,0,3,1,1,10,1000,0,0,0,0,0,0,0,0,0,0,0,0,0,0,0,0,0,0,0,0,0,0,0,0,0,0,0,0,0,0,0,0,0,0,0,0,0,0,0,0,0,0,0,0,0,0,0,0,0,0,0
1986,26,20,15,12.001,2,7,1,0,0,0,1,1,25,1016,1016,1016,1016,0,0,0,0,0,1,1,0,0,0,-157.4012435,0,0,0,0,3,1,1,10,10,0,0,0,3,1,1,10,1000,0,0,0,0,0,0,0,0,0,0,0,0,0,0,0,0,0,0,0,0,0,0,0,0,0,0,0,0,0,0,0,0,0,0,0,0,0,0,0,0,0,0,0,0,0,0,0,0,0,0,0
1986,26,20,18,24.001,2,7,1,0,0,0,1,1,25,1016,1016,1016,1016,0,0,0,0,0,1,1,0,0,0,-157.5755156,0,0,0,0,3,1,1,10,10,0,0,0,3,1,1,10,1000,0,0,0,0,0,0,0,0,0,0,0,0,0,0,0,0,0,0,0,0,0,0,0,0,0,0,0,0,0,0,0,0,0,0,0,0,0,0,0,0,0,0,0,0,0,0,0,0,0,0,0
1986,26,20,19,12.001,2,7,1,0,0,0,1,1,25,1016,1016,1016,1016,0,0,0,0,0,1,1,0,0,0,-157.6190833,0,0,0,0,3,1,1,10,10,0,0,0,3,1,1,10,1000,0,0,0,0,0,0,0,0,0,0,0,0,0,0,0,0,0,0,0,0,0,0,0,0,0,0,0,0,0,0,0,0,0,0,0,0,0,0,0,0,0,0,0,0,0,0,0,0,0,0,0
1986,26,20,20,0.001,2,7,1,0,0,0,1,1,25,1016,1016,1016,1016,0,0,0,0,0,1,1,0,0,0,-157.662651,0,0,0,0,3,1,1,10,10,0,0,0,3,1,1,10,1000,0,0,0,0,0,0,0,0,0,0,0,0,0,0,0,0,0,0,0,0,0,0,0,0,0,0,0,0,0,0,0,0,0,0,0,0,0,0,0,0,0,0,0,0,0,0,0,0,0,0,0
1986,26,20,20,48.001,2,7,1,0,0,0,1,1,25,1016,1016,1016,1016,0,0,0,0,0,1,1,0,0,0,-157.7062186,0,0,0,0,3,1,1,10,10,0,0,0,3,1,1,10,1000,0,0,0,0,0,0,0,0,0,0,0,0,0,0,0,0,0,0,0,0,0,0,0,0,0,0,0,0,0,0,0,0,0,0,0,0,0,0,0,0,0,0,0,0,0,0,0,0,0,0,0
1986,26,20,21,36.001,2,7,1,0,0,0,1,1,25,1016,1016,1016,1016,0,0,0,0,0,1,1,0,0,0,-157.7497861,0,0,0,0,3,1,1,10,10,0,0,0,3,1,1,10,1000,0,0,0,0,0,0,0,0,0,0,0,0,0,0,0,0,0,0,0,0,0,0,0,0,0,0,0,0,0,0,0,0,0,0,0,0,0,0,0,0,0,0,0,0,0,0,0,0,0,0,0
1986,26,20,22,24.001,2,7,1,0,0,0,1,1,25,1016,1016,1016,1016,0,0,0,0,0,1,1,0,0,0,-157.7933536,0,0,0,0,3,1,1,10,10,0,0,0,3,1,1,10,1000,0,0,0,0,0,0,0,0,0,0,0,0,0,0,0,0,0,0,0,0,0,0,0,0,0,0,0,0,0,0,0,0,0,0,0,0,0,0,0,0,0,0,0,0,0,0,0,0,0,0,0
1986,26,20,23,12.001,2,7,1,0,0,0,1,1,25,1016,1016,1016,1016,0,0,0,0,0,1,1,0,0,0,-157.8369209,0,0,0,0,3,1,1,10,10,0,0,0,3,1,1,10,1000,0,0,0,0,0,0,0,0,0,0,0,0,0,0,0,0,0,0,0,0,0,0,0,0,0,0,0,0,0,0,0,0,0,0,0,0,0,0,0,0,0,0,0,0,0,0,0,0,0,0,0
1986,26,20,24,0.001,2,7,1,0,0,0,1,1,25,1016,1016,1016,1016,0,0,0,0,0,1,1,0,0,0,-157.8804881,0,0,0,0,3,1,1,10,10,0,0,0,3,1,1,10,1000,0,0,0,0,0,0,0,0,0,0,0,0,0,0,0,0,0,0,0,0,0,0,0,0,0,0,0,0,0,0,0,0,0,0,0,0,0,0,0,0,0,0,0,0,0,0,0,0,0,0,0
1986,26,20,24,48.001,2,7,1,0,0,0,1,1,25,1016,1016,1016,1016,0,0,0,0,0,1,1,0,0,0,-157.9240553,0,0,0,0,3,1,1,10,10,0,0,0,3,1,1,10,1000,0,0,0,0,0,0,0,0,0,0,0,0,0,0,0,0,0,0,0,0,0,0,0,0,0,0,0,0,0,0,0,0,0,0,0,0,0,0,0,0,0,0,0,0,0,0,0,0,0,0,0
1986,26,20,25,36.001,2,7,1,0,0,0,1,1,25,1016,1016,1016,1016,0,0,0,0,0,1,1,0,0,0,-157.9676223,0,0,0,0,3,1,1,10,10,0,0,0,3,1,1,10,1000,0,0,0,0,0,0,0,0,0,0,0,0,0,0,0,0,0,0,0,0,0,0,0,0,0,0,0,0,0,0,0,0,0,0,0,0,0,0,0,0,0,0,0,0,0,0,0,0,0,0,0
1986,26,20,26,24.001,2,7,1,0,0,0,1,1,25,1016,1016,1016,1016,0,0,0,0,0,1,1,0,0,0,-158.0111893,0,0,0,0,3,1,1,10,10,0,0,0,3,1,1,10,1000,0,0,0,0,0,0,0,0,0,0,0,0,0,0,0,0,0,0,0,0,0,0,0,0,0,0,0,0,0,0,0,0,0,0,0,0,0,0,0,0,0,0,0,0,0,0,0,0,0,0,0
1986,26,20,27,12.001,2,7,1,0,0,0,1,1,25,1016,1016,1016,1016,0,0,0,0,0,1,1,0,0,0,-158.0547561,0,0,0,0,3,1,1,10,10,0,0,0,3,1,1,10,1000,0,0,0,0,0,0,0,0,0,0,0,0,0,0,0,0,0,0,0,0,0,0,0,0,0,0,0,0,0,0,0,0,0,0,0,0,0,0,0,0,0,0,0,0,0,0,0,0,0,0,0
1986,26,20,30,24,2,7,1,0,0,0,1,1,25,1016,1016,1016,1016,0,0,0,0,0,1,1,0,0,0,-158.2290218,0,0,0,0,3,1,1,10,10,0,0,0,3,1,1,10,1000,0,0,0,0,0,0,0,0,0,0,0,0,0,0,0,0,0,0,0,0,0,0,0,0,0,0,0,0,0,0,0,0,0,0,0,0,0,0,0,0,0,0,0,0,0,0,0,0,0,0,0
1986,26,20,31,12,2,7,1,0,0,0,1,1,25,1016,1016,1016,1016,0,0,0,0,0,1,1,0,0,0,-158.2725882,0,0,0,0,3,1,1,10,10,0,0,0,3,1,1,10,1000,0,0,0,0,0,0,0,0,0,0,0,0,0,0,0,0,0,0,0,0,0,0,0,0,0,0,0,0,0,0,0,0,0,0,0,0,0,0,0,0,0,0,0,0,0,0,0,0,0,0,0
1986,26,20,32,0,2,7,1,0,0,0,1,1,25,1016,1016,1016,1016,0,0,0,0,0,1,1,0,0,0,-158.3161545,0,0,0,0,3,1,1,10,10,0,0,0,3,1,1,10,1000,0,0,0,0,0,0,0,0,0,0,0,0,0,0,0,0,0,0,0,0,0,0,0,0,0,0,0,0,0,0,0,0,0,0,0,0,0,0,0,0,0,0,0,0,0,0,0,0,0,0,0
1986,26,20,32,48,2,7,1,0,0,0,1,1,25,1016,1016,1016,1016,0,0,0,0,0,1,1,0,0,0,-158.3597208,0,0,0,0,3,1,1,10,10,0,0,0,3,1,1,10,1000,0,0,0,0,0,0,0,0,0,0,0,0,0,0,0,0,0,0,0,0,0,0,0,0,0,0,0,0,0,0,0,0,0,0,0,0,0,0,0,0,0,0,0,0,0,0,0,0,0,0,0
1986,26,20,33,36,2,7,1,0,0,0,1,1,25,1016,1016,1016,1016,0,0,0,0,0,1,1,0,0,0,-158.4032869,0,0,0,0,3,1,1,10,10,0,0,0,3,1,1,10,1000,0,0,0,0,0,0,0,0,0,0,0,0,0,0,0,0,0,0,0,0,0,0,0,0,0,0,0,0,0,0,0,0,0,0,0,0,0,0,0,0,0,0,0,0,0,0,0,0,0,0,0
1986,26,20,34,24,2,7,1,0,0,0,1,1,25,1016,1016,1016,1016,0,0,0,0,0,1,1,0,0,0,-158.446853,0,0,0,0,3,1,1,10,10,0,0,0,3,1,1,10,1000,0,0,0,0,0,0,0,0,0,0,0,0,0,0,0,0,0,0,0,0,0,0,0,0,0,0,0,0,0,0,0,0,0,0,0,0,0,0,0,0,0,0,0,0,0,0,0,0,0,0,0
1986,26,20,35,12,2,7,1,0,0,0,1,1,25,1016,1016,1016,1016,0,0,0,0,0,1,1,0,0,0,-158.4904189,0,0,0,0,3,1,1,10,10,0,0,0,3,1,1,10,1000,0,0,0,0,0,0,0,0,0,0,0,0,0,0,0,0,0,0,0,0,0,0,0,0,0,0,0,0,0,0,0,0,0,0,0,0,0,0,0,0,0,0,0,0,0,0,0,0,0,0,0
1986,26,20,36,0,2,7,1,0,0,0,1,1,25,1016,1016,1016,1016,0,0,0,0,0,1,1,0,0,0,-158.5339848,0,0,0,0,3,1,1,10,10,0,0,0,3,1,1,10,1000,0,0,0,0,0,0,0,0,0,0,0,0,0,0,0,0,0,0,0,0,0,0,0,0,0,0,0,0,0,0,0,0,0,0,0,0,0,0,0,0,0,0,0,0,0,0,0,0,0,0,0
1986,26,20,36,48,2,7,1,0,0,0,1,1,25,1016,1016,1016,1016,0,0,0,0,0,1,1,0,0,0,-158.5775506,0,0,0,0,3,1,1,10,10,0,0,0,3,1,1,10,1000,0,0,0,0,0,0,0,0,0,0,0,0,0,0,0,0,0,0,0,0,0,0,0,0,0,0,0,0,0,0,0,0,0,0,0,0,0,0,0,0,0,0,0,0,0,0,0,0,0,0,0
1986,26,20,37,36,2,7,1,0,0,0,1,1,25,1016,1016,1016,1016,0,0,0,0,0,1,1,0,0,0,-158.6211163,0,0,0,0,3,1,1,10,10,0,0,0,3,1,1,10,1000,0,0,0,0,0,0,0,0,0,0,0,0,0,0,0,0,0,0,0,0,0,0,0,0,0,0,0,0,0,0,0,0,0,0,0,0,0,0,0,0,0,0,0,0,0,0,0,0,0,0,0
1986,26,20,38,24,2,7,1,0,0,0,1,1,25,1016,1016,1016,1016,0,0,0,0,0,1,1,0,0,0,-158.6646819,0,0,0,0,3,1,1,10,10,0,0,0,3,1,1,10,1000,0,0,0,0,0,0,0,0,0,0,0,0,0,0,0,0,0,0,0,0,0,0,0,0,0,0,0,0,0,0,0,0,0,0,0,0,0,0,0,0,0,0,0,0,0,0,0,0,0,0,0
1986,26,20,39,12,2,7,1,0,0,0,1,1,25,1016,1016,1016,1016,0,0,0,0,0,1,1,0,0,0,-158.7082474,0,0,0,0,3,1,1,10,10,0,0,0,3,1,1,10,1000,0,0,0,0,0,0,0,0,0,0,0,0,0,0,0,0,0,0,0,0,0,0,0,0,0,0,0,0,0,0,0,0,0,0,0,0,0,0,0,0,0,0,0,0,0,0,0,0,0,0,0
1986,26,20,42,24,2,7,1,0,0,0,1,1,25,1016,1016,1016,1016,0,0,0,0,0,1,1,0,0,0,-158.8825085,0,0,0,0,3,1,1,10,10,0,0,0,3,1,1,10,1000,0,0,0,0,0,0,0,0,0,0,0,0,0,0,0,0,0,0,0,0,0,0,0,0,0,0,0,0,0,0,0,0,0,0,0,0,0,0,0,0,0,0,0,0,0,0,0,0,0,0,0
1986,26,20,43,11.999,2,7,1,0,0,0,1,1,25,1016,1016,1016,1016,0,0,0,0,0,1,1,0,0,0,-158.9260727,0,0,0,0,3,1,1,10,10,0,0,0,3,1,1,10,1000,0,0,0,0,0,0,0,0,0,0,0,0,0,0,0,0,0,0,0,0,0,0,0,0,0,0,0,0,0,0,0,0,0,0,0,0,0,0,0,0,0,0,0,0,0,0,0,0,0,0,0
1986,26,20,44,0,2,7,1,0,0,0,1,1,25,1016,1016,1016,1016,0,0,0,0,0,1,1,0,0,0,-158.9696386,0,0,0,0,3,1,1,10,10,0,0,0,3,1,1,10,1000,0,0,0,0,0,0,0,0,0,0,0,0,0,0,0,0,0,0,0,0,0,0,0,0,0,0,0,0,0,0,0,0,0,0,0,0,0,0,0,0,0,0,0,0,0,0,0,0,0,0,0
1986,26,20,44,47.999,2,7,1,0,0,0,1,1,25,1016,1016,1016,1016,0,0,0,0,0,1,1,0,0,0,-159.0132026,0,0,0,0,3,1,1,10,10,0,0,0,3,1,1,10,1000,0,0,0,0,0,0,0,0,0,0,0,0,0,0,0,0,0,0,0,0,0,0,0,0,0,0,0,0,0,0,0,0,0,0,0,0,0,0,0,0,0,0,0,0,0,0,0,0,0,0,0
1986,26,20,45,35.999,2,7,1,0,0,0,1,1,25,1016,1016,1016,1016,0,0,0,0,0,1,1,0,0,0,-159.0567673,0,0,0,0,3,1,1,10,10,0,0,0,3,1,1,10,1000,0,0,0,0,0,0,0,0,0,0,0,0,0,0,0,0,0,0,0,0,0,0,0,0,0,0,0,0,0,0,0,0,0,0,0,0,0,0,0,0,0,0,0,0,0,0,0,0,0,0,0
1986,26,20,46,23.999,2,7,1,0,0,0,1,1,25,1016,1016,1016,1016,0,0,0,0,0,1,1,0,0,0,-159.100332,0,0,0,0,3,1,1,10,10,0,0,0,3,1,1,10,1000,0,0,0,0,0,0,0,0,0,0,0,0,0,0,0,0,0,0,0,0,0,0,0,0,0,0,0,0,0,0,0,0,0,0,0,0,0,0,0,0,0,0,0,0,0,0,0,0,0,0,0
1986,26,20,47,11.999,2,7,1,0,0,0,1,1,25,1016,1016,1016,1016,0,0,0,0,0,1,1,0,0,0,-159.1438967,0,0,0,0,3,1,1,10,10,0,0,0,3,1,1,10,1000,0,0,0,0,0,0,0,0,0,0,0,0,0,0,0,0,0,0,0,0,0,0,0,0,0,0,0,0,0,0,0,0,0,0,0,0,0,0,0,0,0,0,0,0,0,0,0,0,0,0,0
1986,26,20,48,0,2,7,1,0,0,0,1,1,25,1016,1016,1016,1016,0,0,0,0,0,1,1,0,0,0,-159.1874621,0,0,0,0,3,1,1,10,10,0,0,0,3,1,1,10,1000,0,0,0,0,0,0,0,0,0,0,0,0,0,0,0,0,0,0,0,0,0,0,0,0,0,0,0,0,0,0,0,0,0,0,0,0,0,0,0,0,0,0,0,0,0,0,0,0,0,0,0
1986,26,20,48,47.999,2,7,1,0,0,0,1,1,25,1016,1016,1016,1016,0,0,0,0,0,1,1,0,0,0,-159.2310256,0,0,0,0,3,1,1,10,10,0,0,0,3,1,1,10,1000,0,0,0,0,0,0,0,0,0,0,0,0,0,0,0,0,0,0,0,0,0,0,0,0,0,0,0,0,0,0,0,0,0,0,0,0,0,0,0,0,0,0,0,0,0,0,0,0,0,0,0
1986,26,20,49,35.999,2,7,1,0,0,0,1,1,25,1016,1016,1016,1016,0,0,0,0,0,1,1,0,0,0,-159.2745899,0,0,0,0,3,1,1,10,10,0,0,0,3,1,1,10,1000,0,0,0,0,0,0,0,0,0,0,0,0,0,0,0,0,0,0,0,0,0,0,0,0,0,0,0,0,0,0,0,0,0,0,0,0,0,0,0,0,0,0,0,0,0,0,0,0,0,0,0
1986,26,20,50,23.999,2,7,1,0,0,0,1,1,25,1016,1016,1016,1016,0,0,0,0,0,1,1,0,0,0,-159.3181542,0,0,0,0,3,1,1,10,10,0,0,0,3,1,1,10,1000,0,0,0,0,0,0,0,0,0,0,0,0,0,0,0,0,0,0,0,0,0,0,0,0,0,0,0,0,0,0,0,0,0,0,0,0,0,0,0,0,0,0,0,0,0,0,0,0,0,0,0
1986,26,20,51,11.999,2,7,1,0,0,0,1,1,25,1016,1016,1016,1016,0,0,0,0,0,1,1,0,0,0,-159.3617184,0,0,0,0,3,1,1,10,10,0,0,0,3,1,1,10,1000,0,0,0,0,0,0,0,0,0,0,0,0,0,0,0,0,0,0,0,0,0,0,0,0,0,0,0,0,0,0,0,0,0,0,0,0,0,0,0,0,0,0,0,0,0,0,0,0,0,0,0
1986,26,20,54,23.999,2,7,1,0,0,0,1,1,25,1016,1016,1016,1016,0,0,0,0,0,1,1,0,0,0,-159.5359741,0,0,0,0,3,1,1,10,10,0,0,0,3,1,1,10,1000,0,0,0,0,0,0,0,0,0,0,0,0,0,0,0,0,0,0,0,0,0,0,0,0,0,0,0,0,0,0,0,0,0,0,0,0,0,0,0,0,0,0,0,0,0,0,0,0,0,0,0
1986,26,20,55,11.999,2,7,1,0,0,0,1,1,25,1016,1016,1016,1016,0,0,0,0,0,1,1,0,0,0,-159.5795378,0,0,0,0,3,1,1,10,10,0,0,0,3,1,1,10,1000,0,0,0,0,0,0,0,0,0,0,0,0,0,0,0,0,0,0,0,0,0,0,0,0,0,0,0,0,0,0,0,0,0,0,0,0,0,0,0,0,0,0,0,0,0,0,0,0,0,0,0
1986,26,20,56,0,2,7,1,0,0,0,1,1,25,1016,1016,1016,1016,0,0,0,0,0,1,1,0,0,0,-159.6231024,0,0,0,0,3,1,1,10,10,0,0,0,3,1,1,10,1000,0,0,0,0,0,0,0,0,0,0,0,0,0,0,0,0,0,0,0,0,0,0,0,0,0,0,0,0,0,0,0,0,0,0,0,0,0,0,0,0,0,0,0,0,0,0,0,0,0,0,0
1986,26,20,56,47.999,2,7,1,0,0,0,1,1,25,1016,1016,1016,1016,0,0,0,0,0,1,1,0,0,0,-159.666665,0,0,0,0,3,1,1,10,10,0,0,0,3,1,1,10,1000,0,0,0,0,0,0,0,0,0,0,0,0,0,0,0,0,0,0,0,0,0,0,0,0,0,0,0,0,0,0,0,0,0,0,0,0,0,0,0,0,0,0,0,0,0,0,0,0,0,0,0
1986,26,20,57,35.999,2,7,1,0,0,0,1,1,25,1016,1016,1016,1016,0,0,0,0,0,1,1,0,0,0,-159.7102284,0,0,0,0,3,1,1,10,10,0,0,0,3,1,1,10,1000,0,0,0,0,0,0,0,0,0,0,0,0,0,0,0,0,0,0,0,0,0,0,0,0,0,0,0,0,0,0,0,0,0,0,0,0,0,0,0,0,0,0,0,0,0,0,0,0,0,0,0
1986,26,20,58,23.998,2,7,1,0,0,0,1,1,25,1016,1016,1016,1016,0,0,0,0,0,1,1,0,0,0,-159.7537909,0,0,0,0,3,1,1,10,10,0,0,0,3,1,1,10,1000,0,0,0,0,0,0,0,0,0,0,0,0,0,0,0,0,0,0,0,0,0,0,0,0,0,0,0,0,0,0,0,0,0,0,0,0,0,0,0,0,0,0,0,0,0,0,0,0,0,0,0
1986,26,20,59,11.998,2,7,1,0,0,0,1,1,25,1016,1016,1016,1016,0,0,0,0,0,1,1,0,0,0,-159.7973542,0,0,0,0,3,1,1,10,10,0,0,0,3,1,1,10,1000,0,0,0,0,0,0,0,0,0,0,0,0,0,0,0,0,0,0,0,0,0,0,0,0,0,0,0,0,0,0,0,0,0,0,0,0,0,0,0,0,0,0,0,0,0,0,0,0,0,0,0
1986,26,20,59,59.998,2,7,1,0,0,0,1,1,25,1016,1016,1016,1016,0,0,0,0,0,1,1,0,0,0,-159.8409173,0,0,0,0,3,1,1,10,10,0,0,0,3,1,1,10,1000,0,0,0,0,0,0,0,0,0,0,0,0,0,0,0,0,0,0,0,0,0,0,0,0,0,0,0,0,0,0,0,0,0,0,0,0,0,0,0,0,0,0,0,0,0,0,0,0,0,0,0
1986,26,21,0,47.998,2,7,1,0,0,0,1,1,25,1016,1016,1016,1016,0,0,0,0,0,1,1,0,0,0,-159.8844804,0,0,0,0,3,1,1,10,10,0,0,0,3,1,1,10,1000,0,0,0,0,0,0,0,0,0,0,0,0,0,0,0,0,0,0,0,0,0,0,0,0,0,0,0,0,0,0,0,0,0,0,0,0,0,0,0,0,0,0,0,0,0,0,0,0,0,0,0
1986,26,21,1,35.998,2,7,1,0,0,0,1,1,25,1016,1016,1016,1016,0,0,0,0,0,1,1,0,0,0,-159.9280434,0,0,0,0,3,1,1,10,10,0,0,0,3,1,1,10,1000,0,0,0,0,0,0,0,0,0,0,0,0,0,0,0,0,0,0,0,0,0,0,0,0,0,0,0,0,0,0,0,0,0,0,0,0,0,0,0,0,0,0,0,0,0,0,0,0,0,0,0
1986,26,21,2,23.998,2,7,1,0,0,0,1,1,25,1016,1016,1016,1016,0,0,0,0,0,1,1,0,0,0,-159.9716063,0,0,0,0,3,1,1,10,10,0,0,0,3,1,1,10,1000,0,0,0,0,0,0,0,0,0,0,0,0,0,0,0,0,0,0,0,0,0,0,0,0,0,0,0,0,0,0,0,0,0,0,0,0,0,0,0,0,0,0,0,0,0,0,0,0,0,0,0
1986,26,21,3,11.998,2,7,1,0,0,0,1,1,25,1016,1016,1016,1016,0,0,0,0,0,1,1,0,0,0,-160.0151692,0,0,0,0,3,1,1,10,10,0,0,0,3,1,1,10,1000,0,0,0,0,0,0,0,0,0,0,0,0,0,0,0,0,0,0,0,0,0,0,0,0,0,0,0,0,0,0,0,0,0,0,0,0,0,0,0,0,0,0,0,0,0,0,0,0,0,0,0
1986,26,21,6,23.998,2,7,1,0,0,0,1,1,25,1016,1016,1016,1016,0,0,0,0,0,1,1,0,0,0,-160.1894196,0,0,0,0,3,1,1,10,10,0,0,0,3,1,1,10,1000,0,0,0,0,0,0,0,0,0,0,0,0,0,0,0,0,0,0,0,0,0,0,0,0,0,0,0,0,0,0,0,0,0,0,0,0,0,0,0,0,0,0,0,0,0,0,0,0,0,0,0
1986,26,21,7,11.998,2,7,1,0,0,0,1,1,25,1016,1016,1016,1016,0,0,0,0,0,1,1,0,0,0,-160.2329819,0,0,0,0,3,1,1,10,10,0,0,0,3,1,1,10,1000,0,0,0,0,0,0,0,0,0,0,0,0,0,0,0,0,0,0,0,0,0,0,0,0,0,0,0,0,0,0,0,0,0,0,0,0,0,0,0,0,0,0,0,0,0,0,0,0,0,0,0
1986,26,21,7,59.998,2,7,1,0,0,0,1,1,25,1016,1016,1016,1016,0,0,0,0,0,1,1,0,0,0,-160.2765442,0,0,0,0,3,1,1,10,10,0,0,0,3,1,1,10,1000,0,0,0,0,0,0,0,0,0,0,0,0,0,0,0,0,0,0,0,0,0,0,0,0,0,0,0,0,0,0,0,0,0,0,0,0,0,0,0,0,0,0,0,0,0,0,0,0,0,0,0
1986,26,21,8,47.998,2,7,1,0,0,0,1,1,25,1016,1016,1016,1016,0,0,0,0,0,1,1,0,0,0,-160.3201064,0,0,0,0,3,1,1,10,10,0,0,0,3,1,1,10,1000,0,0,0,0,0,0,0,0,0,0,0,0,0,0,0,0,0,0,0,0,0,0,0,0,0,0,0,0,0,0,0,0,0,0,0,0,0,0,0,0,0,0,0,0,0,0,0,0,0,0,0
1986,26,21,9,35.998,2,7,1,0,0,0,1,1,25,1016,1016,1016,1016,0,0,0,0,0,1,1,0,0,0,-160.3636685,0,0,0,0,3,1,1,10,10,0,0,0,3,1,1,10,1000,0,0,0,0,0,0,0,0,0,0,0,0,0,0,0,0,0,0,0,0,0,0,0,0,0,0,0,0,0,0,0,0,0,0,0,0,0,0,0,0,0,0,0,0,0,0,0,0,0,0,0
1986,26,21,10,23.998,2,7,1,0,0,0,1,1,25,1016,1016,1016,1016,0,0,0,0,0,1,1,0,0,0,-160.4072306,0,0,0,0,3,1,1,10,10,0,0,0,3,1,1,10,1000,0,0,0,0,0,0,0,0,0,0,0,0,0,0,0,0,0,0,0,0,0,0,0,0,0,0,0,0,0,0,0,0,0,0,0,0,0,0,0,0,0,0,0,0,0,0,0,0,0,0,0
1986,26,21,11,11.998,2,7,1,0,0,0,1,1,25,1016,1016,1016,1016,0,0,0,0,0,1,1,0,0,0,-160.4507925,0,0,0,0,3,1,1,10,10,0,0,0,3,1,1,10,1000,0,0,0,0,0,0,0,0,0,0,0,0,0,0,0,0,0,0,0,0,0,0,0,0,0,0,0,0,0,0,0,0,0,0,0,0,0,0,0,0,0,0,0,0,0,0,0,0,0,0,0
1986,26,21,11,59.998,2,7,1,0,0,0,1,1,25,1016,1016,1016,1016,0,0,0,0,0,1,1,0,0,0,-160.4943543,0,0,0,0,3,1,1,10,10,0,0,0,3,1,1,10,1000,0,0,0,0,0,0,0,0,0,0,0,0,0,0,0,0,0,0,0,0,0,0,0,0,0,0,0,0,0,0,0,0,0,0,0,0,0,0,0,0,0,0,0,0,0,0,0,0,0,0,0
1986,26,21,12,47.998,2,7,1,0,0,0,1,1,25,1016,1016,1016,1016,0,0,0,0,0,1,1,0,0,0,-160.5379161,0,0,0,0,3,1,1,10,10,0,0,0,3,1,1,10,1000,0,0,0,0,0,0,0,0,0,0,0,0,0,0,0,0,0,0,0,0,0,0,0,0,0,0,0,0,0,0,0,0,0,0,0,0,0,0,0,0,0,0,0,0,0,0,0,0,0,0,0
1986,26,21,13,35.997,2,7,1,0,0,0,1,1,25,1016,1016,1016,1016,0,0,0,0,0,1,1,0,0,0,-160.5814769,0,0,0,0,3,1,1,10,10,0,0,0,3,1,1,10,1000,0,0,0,0,0,0,0,0,0,0,0,0,0,0,0,0,0,0,0,0,0,0,0,0,0,0,0,0,0,0,0,0,0,0,0,0,0,0,0,0,0,0,0,0,0,0,0,0,0,0,0
1986,26,21,14,23.997,2,7,1,0,0,0,1,1,25,1016,1016,1016,1016,0,0,0,0,0,1,1,0,0,0,-160.6250384,0,0,0,0,3,1,1,10,10,0,0,0,3,1,1,10,1000,0,0,0,0,0,0,0,0,0,0,0,0,0,0,0,0,0,0,0,0,0,0,0,0,0,0,0,0,0,0,0,0,0,0,0,0,0,0,0,0,0,0,0,0,0,0,0,0,0,0,0
1986,26,21,15,11.997,2,7,1,0,0,0,1,1,25,1016,1016,1016,1016,0,0,0,0,0,1,1,0,0,0,-160.6685999,0,0,0,0,3,1,1,10,10,0,0,0,3,1,1,10,1000,0,0,0,0,0,0,0,0,0,0,0,0,0,0,0,0,0,0,0,0,0,0,0,0,0,0,0,0,0,0,0,0,0,0,0,0,0,0,0,0,0,0,0,0,0,0,0,0,0,0,0
1986,26,21,18,23.997,2,7,1,0,0,0,1,1,25,1016,1016,1016,1016,0,0,0,0,0,1,1,0,0,0,-160.842845,0,0,0,0,3,1,1,10,10,0,0,0,3,1,1,10,1000,0,0,0,0,0,0,0,0,0,0,0,0,0,0,0,0,0,0,0,0,0,0,0,0,0,0,0,0,0,0,0,0,0,0,0,0,0,0,0,0,0,0,0,0,0,0,0,0,0,0,0
1986,26,21,19,11.997,2,7,1,0,0,0,1,1,25,1016,1016,1016,1016,0,0,0,0,0,1,1,0,0,0,-160.8864061,0,0,0,0,3,1,1,10,10,0,0,0,3,1,1,10,1000,0,0,0,0,0,0,0,0,0,0,0,0,0,0,0,0,0,0,0,0,0,0,0,0,0,0,0,0,0,0,0,0,0,0,0,0,0,0,0,0,0,0,0,0,0,0,0,0,0,0,0
1986,26,21,19,59.997,2,7,1,0,0,0,1,1,25,1016,1016,1016,1016,0,0,0,0,0,1,1,0,0,0,-160.929967,0,0,0,0,3,1,1,10,10,0,0,0,3,1,1,10,1000,0,0,0,0,0,0,0,0,0,0,0,0,0,0,0,0,0,0,0,0,0,0,0,0,0,0,0,0,0,0,0,0,0,0,0,0,0,0,0,0,0,0,0,0,0,0,0,0,0,0,0
1986,26,21,20,47.997,2,7,1,0,0,0,1,1,25,1016,1016,1016,1016,0,0,0,0,0,1,1,0,0,0,-160.9735279,0,0,0,0,3,1,1,10,10,0,0,0,3,1,1,10,1000,0,0,0,0,0,0,0,0,0,0,0,0,0,0,0,0,0,0,0,0,0,0,0,0,0,0,0,0,0,0,0,0,0,0,0,0,0,0,0,0,0,0,0,0,0,0,0,0,0,0,0
1986,26,21,21,35.997,2,7,1,0,0,0,1,1,25,1016,1016,1016,1016,0,0,0,0,0,1,1,0,0,0,-161.0170887,0,0,0,0,3,1,1,10,10,0,0,0,3,1,1,10,1000,0,0,0,0,0,0,0,0,0,0,0,0,0,0,0,0,0,0,0,0,0,0,0,0,0,0,0,0,0,0,0,0,0,0,0,0,0,0,0,0,0,0,0,0,0,0,0,0,0,0,0
1986,26,21,22,23.997,2,7,1,0,0,0,1,1,25,1016,1016,1016,1016,0,0,0,0,0,1,1,0,0,0,-161.0606494,0,0,0,0,3,1,1,10,10,0,0,0,3,1,1,10,1000,0,0,0,0,0,0,0,0,0,0,0,0,0,0,0,0,0,0,0,0,0,0,0,0,0,0,0,0,0,0,0,0,0,0,0,0,0,0,0,0,0,0,0,0,0,0,0,0,0,0,0
1986,26,21,23,11.997,2,7,1,0,0,0,1,1,25,1016,1016,1016,1016,0,0,0,0,0,1,1,0,0,0,-161.10421,0,0,0,0,3,1,1,10,10,0,0,0,3,1,1,10,1000,0,0,0,0,0,0,0,0,0,0,0,0,0,0,0,0,0,0,0,0,0,0,0,0,0,0,0,0,0,0,0,0,0,0,0,0,0,0,0,0,0,0,0,0,0,0,0,0,0,0,0
1986,26,21,23,59.997,2,7,1,0,0,0,1,1,25,1016,1016,1016,1016,0,0,0,0,0,1,1,0,0,0,-161.1477705,0,0,0,0,3,1,1,10,10,0,0,0,3,1,1,10,1000,0,0,0,0,0,0,0,0,0,0,0,0,0,0,0,0,0,0,0,0,0,0,0,0,0,0,0,0,0,0,0,0,0,0,0,0,0,0,0,0,0,0,0,0,0,0,0,0,0,0,0
1986,26,21,24,47.997,2,7,1,0,0,0,1,1,25,1016,1016,1016,1016,0,0,0,0,0,1,1,0,0,0,-161.191331,0,0,0,0,3,1,1,10,10,0,0,0,3,1,1,10,1000,0,0,0,0,0,0,0,0,0,0,0,0,0,0,0,0,0,0,0,0,0,0,0,0,0,0,0,0,0,0,0,0,0,0,0,0,0,0,0,0,0,0,0,0,0,0,0,0,0,0,0
1986,26,21,25,35.997,2,7,1,0,0,0,1,1,25,1016,1016,1016,1016,0,0,0,0,0,1,1,0,0,0,-161.2348913,0,0,0,0,3,1,1,10,10,0,0,0,3,1,1,10,1000,0,0,0,0,0,0,0,0,0,0,0,0,0,0,0,0,0,0,0,0,0,0,0,0,0,0,0,0,0,0,0,0,0,0,0,0,0,0,0,0,0,0,0,0,0,0,0,0,0,0,0
1986,26,21,26,23.997,2,7,1,0,0,0,1,1,25,1016,1016,1016,1016,0,0,0,0,0,1,1,0,0,0,-161.2784516,0,0,0,0,3,1,1,10,10,0,0,0,3,1,1,10,1000,0,0,0,0,0,0,0,0,0,0,0,0,0,0,0,0,0,0,0,0,0,0,0,0,0,0,0,0,0,0,0,0,0,0,0,0,0,0,0,0,0,0,0,0,0,0,0,0,0,0,0
1986,26,21,27,11.997,2,7,1,0,0,0,1,1,25,1016,1016,1016,1016,0,0,0,0,0,1,1,0,0,0,-161.3220117,0,0,0,0,3,1,1,10,10,0,0,0,3,1,1,10,1000,0,0,0,0,0,0,0,0,0,0,0,0,0,0,0,0,0,0,0,0,0,0,0,0,0,0,0,0,0,0,0,0,0,0,0,0,0,0,0,0,0,0,0,0,0,0,0,0,0,0,0
1986,26,21,30,23.996,2,7,1,0,0,0,1,1,25,1016,1016,1016,1016,0,0,0,0,0,1,1,0,0,0,-161.4962506,0,0,0,0,3,1,1,10,10,0,0,0,3,1,1,10,1000,0,0,0,0,0,0,0,0,0,0,0,0,0,0,0,0,0,0,0,0,0,0,0,0,0,0,0,0,0,0,0,0,0,0,0,0,0,0,0,0,0,0,0,0,0,0,0,0,0,0,0
1986,26,21,31,11.996,2,7,1,0,0,0,1,1,25,1016,1016,1016,1016,0,0,0,0,0,1,1,0,0,0,-161.5398104,0,0,0,0,3,1,1,10,10,0,0,0,3,1,1,10,1000,0,0,0,0,0,0,0,0,0,0,0,0,0,0,0,0,0,0,0,0,0,0,0,0,0,0,0,0,0,0,0,0,0,0,0,0,0,0,0,0,0,0,0,0,0,0,0,0,0,0,0
1986,26,21,31,59.996,2,7,1,0,0,0,1,1,25,1016,1016,1016,1016,0,0,0,0,0,1,1,0,0,0,-161.58337,0,0,0,0,3,1,1,10,10,0,0,0,3,1,1,10,1000,0,0,0,0,0,0,0,0,0,0,0,0,0,0,0,0,0,0,0,0,0,0,0,0,0,0,0,0,0,0,0,0,0,0,0,0,0,0,0,0,0,0,0,0,0,0,0,0,0,0,0
1986,26,21,32,47.996,2,7,1,0,0,0,1,1,25,1016,1016,1016,1016,0,0,0,0,0,1,1,0,0,0,-161.6269296,0,0,0,0,3,1,1,10,10,0,0,0,3,1,1,10,1000,0,0,0,0,0,0,0,0,0,0,0,0,0,0,0,0,0,0,0,0,0,0,0,0,0,0,0,0,0,0,0,0,0,0,0,0,0,0,0,0,0,0,0,0,0,0,0,0,0,0,0
1986,26,21,33,35.996,2,7,1,0,0,0,1,1,25,1016,1016,1016,1016,0,0,0,0,0,1,1,0,0,0,-161.6704891,0,0,0,0,3,1,1,10,10,0,0,0,3,1,1,10,1000,0,0,0,0,0,0,0,0,0,0,0,0,0,0,0,0,0,0,0,0,0,0,0,0,0,0,0,0,0,0,0,0,0,0,0,0,0,0,0,0,0,0,0,0,0,0,0,0,0,0,0
1986,26,21,34,23.996,2,7,1,0,0,0,1,1,25,1016,1016,1016,1016,0,0,0,0,0,1,1,0,0,0,-161.7140484,0,0,0,0,3,1,1,10,10,0,0,0,3,1,1,10,1000,0,0,0,0,0,0,0,0,0,0,0,0,0,0,0,0,0,0,0,0,0,0,0,0,0,0,0,0,0,0,0,0,0,0,0,0,0,0,0,0,0,0,0,0,0,0,0,0,0,0,0
1986,26,21,35,11.996,2,7,1,0,0,0,1,1,25,1016,1016,1016,1016,0,0,0,0,0,1,1,0,0,0,-161.7576077,0,0,0,0,3,1,1,10,10,0,0,0,3,1,1,10,1000,0,0,0,0,0,0,0,0,0,0,0,0,0,0,0,0,0,0,0,0,0,0,0,0,0,0,0,0,0,0,0,0,0,0,0,0,0,0,0,0,0,0,0,0,0,0,0,0,0,0,0
1986,26,21,35,59.996,2,7,1,0,0,0,1,1,25,1016,1016,1016,1016,0,0,0,0,0,1,1,0,0,0,-161.8011669,0,0,0,0,3,1,1,10,10,0,0,0,3,1,1,10,1000,0,0,0,0,0,0,0,0,0,0,0,0,0,0,0,0,0,0,0,0,0,0,0,0,0,0,0,0,0,0,0,0,0,0,0,0,0,0,0,0,0,0,0,0,0,0,0,0,0,0,0
1986,26,21,36,47.996,2,7,1,0,0,0,1,1,25,1016,1016,1016,1016,0,0,0,0,0,1,1,0,0,0,-161.8447261,0,0,0,0,3,1,1,10,10,0,0,0,3,1,1,10,1000,0,0,0,0,0,0,0,0,0,0,0,0,0,0,0,0,0,0,0,0,0,0,0,0,0,0,0,0,0,0,0,0,0,0,0,0,0,0,0,0,0,0,0,0,0,0,0,0,0,0,0
1986,26,21,37,35.996,2,7,1,0,0,0,1,1,25,1016,1016,1016,1016,0,0,0,0,0,1,1,0,0,0,-161.8882851,0,0,0,0,3,1,1,10,10,0,0,0,3,1,1,10,1000,0,0,0,0,0,0,0,0,0,0,0,0,0,0,0,0,0,0,0,0,0,0,0,0,0,0,0,0,0,0,0,0,0,0,0,0,0,0,0,0,0,0,0,0,0,0,0,0,0,0,0
1986,26,21,38,23.996,2,7,1,0,0,0,1,1,25,1016,1016,1016,1016,0,0,0,0,0,1,1,0,0,0,-161.931844,0,0,0,0,3,1,1,10,10,0,0,0,3,1,1,10,1000,0,0,0,0,0,0,0,0,0,0,0,0,0,0,0,0,0,0,0,0,0,0,0,0,0,0,0,0,0,0,0,0,0,0,0,0,0,0,0,0,0,0,0,0,0,0,0,0,0,0,0
1986,26,21,39,11.996,2,7,1,0,0,0,1,1,25,1016,1016,1016,1016,0,0,0,0,0,1,1,0,0,0,-161.9754029,0,0,0,0,3,1,1,10,10,0,0,0,3,1,1,10,1000,0,0,0,0,0,0,0,0,0,0,0,0,0,0,0,0,0,0,0,0,0,0,0,0,0,0,0,0,0,0,0,0,0,0,0,0,0,0,0,0,0,0,0,0,0,0,0,0,0,0,0
1986,26,21,42,23.996,2,7,1,0,0,0,1,1,25,1016,1016,1016,1016,0,0,0,0,0,1,1,0,0,0,-162.1496375,0,0,0,0,3,1,1,10,10,0,0,0,3,1,1,10,1000,0,0,0,0,0,0,0,0,0,0,0,0,0,0,0,0,0,0,0,0,0,0,0,0,0,0,0,0,0,0,0,0,0,0,0,0,0,0,0,0,0,0,0,0,0,0,0,0,0,0,0
1986,26,21,43,11.996,2,7,1,0,0,0,1,1,25,1016,1016,1016,1016,0,0,0,0,0,1,1,0,0,0,-162.1931959,0,0,0,0,3,1,1,10,10,0,0,0,3,1,1,10,1000,0,0,0,0,0,0,0,0,0,0,0,0,0,0,0,0,0,0,0,0,0,0,0,0,0,0,0,0,0,0,0,0,0,0,0,0,0,0,0,0,0,0,0,0,0,0,0,0,0,0,0
1986,26,21,43,59.995,2,7,1,0,0,0,1,1,25,1016,1016,1016,1016,0,0,0,0,0,1,1,0,0,0,-162.2367533,0,0,0,0,3,1,1,10,10,0,0,0,3,1,1,10,1000,0,0,0,0,0,0,0,0,0,0,0,0,0,0,0,0,0,0,0,0,0,0,0,0,0,0,0,0,0,0,0,0,0,0,0,0,0,0,0,0,0,0,0,0,0,0,0,0,0,0,0
1986,26,21,44,47.995,2,7,1,0,0,0,1,1,25,1016,1016,1016,1016,0,0,0,0,0,1,1,0,0,0,-162.2803116,0,0,0,0,3,1,1,10,10,0,0,0,3,1,1,10,1000,0,0,0,0,0,0,0,0,0,0,0,0,0,0,0,0,0,0,0,0,0,0,0,0,0,0,0,0,0,0,0,0,0,0,0,0,0,0,0,0,0,0,0,0,0,0,0,0,0,0,0
1986,26,21,45,35.995,2,7,1,0,0,0,1,1,25,1016,1016,1016,1016,0,0,0,0,0,1,1,0,0,0,-162.3238697,0,0,0,0,3,1,1,10,10,0,0,0,3,1,1,10,1000,0,0,0,0,0,0,0,0,0,0,0,0,0,0,0,0,0,0,0,0,0,0,0,0,0,0,0,0,0,0,0,0,0,0,0,0,0,0,0,0,0,0,0,0,0,0,0,0,0,0,0
1986,26,21,46,23.995,2,7,1,0,0,0,1,1,25,1016,1016,1016,1016,0,0,0,0,0,1,1,0,0,0,-162.3674278,0,0,0,0,3,1,1,10,10,0,0,0,3,1,1,10,1000,0,0,0,0,0,0,0,0,0,0,0,0,0,0,0,0,0,0,0,0,0,0,0,0,0,0,0,0,0,0,0,0,0,0,0,0,0,0,0,0,0,0,0,0,0,0,0,0,0,0,0
1986,26,21,47,11.995,2,7,1,0,0,0,1,1,25,1016,1016,1016,1016,0,0,0,0,0,1,1,0,0,0,-162.4109858,0,0,0,0,3,1,1,10,10,0,0,0,3,1,1,10,1000,0,0,0,0,0,0,0,0,0,0,0,0,0,0,0,0,0,0,0,0,0,0,0,0,0,0,0,0,0,0,0,0,0,0,0,0,0,0,0,0,0,0,0,0,0,0,0,0,0,0,0
1986,26,21,47,59.995,2,7,1,0,0,0,1,1,25,1016,1016,1016,1016,0,0,0,0,0,1,1,0,0,0,-162.4545437,0,0,0,0,3,1,1,10,10,0,0,0,3,1,1,10,1000,0,0,0,0,0,0,0,0,0,0,0,0,0,0,0,0,0,0,0,0,0,0,0,0,0,0,0,0,0,0,0,0,0,0,0,0,0,0,0,0,0,0,0,0,0,0,0,0,0,0,0
1986,26,21,48,47.995,2,7,1,0,0,0,1,1,25,1016,1016,1016,1016,0,0,0,0,0,1,1,0,0,0,-162.4981015,0,0,0,0,3,1,1,10,10,0,0,0,3,1,1,10,1000,0,0,0,0,0,0,0,0,0,0,0,0,0,0,0,0,0,0,0,0,0,0,0,0,0,0,0,0,0,0,0,0,0,0,0,0,0,0,0,0,0,0,0,0,0,0,0,0,0,0,0
1986,26,21,49,35.995,2,7,1,0,0,0,1,1,25,1016,1016,1016,1016,0,0,0,0,0,1,1,0,0,0,-162.5416593,0,0,0,0,3,1,1,10,10,0,0,0,3,1,1,10,1000,0,0,0,0,0,0,0,0,0,0,0,0,0,0,0,0,0,0,0,0,0,0,0,0,0,0,0,0,0,0,0,0,0,0,0,0,0,0,0,0,0,0,0,0,0,0,0,0,0,0,0
1986,26,21,50,23.995,2,7,1,0,0,0,1,1,25,1016,1016,1016,1016,0,0,0,0,0,1,1,0,0,0,-162.5852169,0,0,0,0,3,1,1,10,10,0,0,0,3,1,1,10,1000,0,0,0,0,0,0,0,0,0,0,0,0,0,0,0,0,0,0,0,0,0,0,0,0,0,0,0,0,0,0,0,0,0,0,0,0,0,0,0,0,0,0,0,0,0,0,0,0,0,0,0
1986,26,21,51,11.995,2,7,1,0,0,0,1,1,25,1016,1016,1016,1016,0,0,0,0,0,1,1,0,0,0,-162.6287745,0,0,0,0,3,1,1,10,10,0,0,0,3,1,1,10,1000,0,0,0,0,0,0,0,0,0,0,0,0,0,0,0,0,0,0,0,0,0,0,0,0,0,0,0,0,0,0,0,0,0,0,0,0,0,0,0,0,0,0,0,0,0,0,0,0,0,0,0
1986,26,21,54,23.995,2,7,1,0,0,0,1,1,25,1016,1016,1016,1016,0,0,0,0,0,1,1,0,0,0,-162.8030038,0,0,0,0,3,1,1,10,10,0,0,0,3,1,1,10,1000,0,0,0,0,0,0,0,0,0,0,0,0,0,0,0,0,0,0,0,0,0,0,0,0,0,0,0,0,0,0,0,0,0,0,0,0,0,0,0,0,0,0,0,0,0,0,0,0,0,0,0
1986,26,21,55,11.995,2,7,1,0,0,0,1,1,25,1016,1016,1016,1016,0,0,0,0,0,1,1,0,0,0,-162.8465609,0,0,0,0,3,1,1,10,10,0,0,0,3,1,1,10,1000,0,0,0,0,0,0,0,0,0,0,0,0,0,0,0,0,0,0,0,0,0,0,0,0,0,0,0,0,0,0,0,0,0,0,0,0,0,0,0,0,0,0,0,0,0,0,0,0,0,0,0
1986,26,21,55,59.995,2,7,1,0,0,0,1,1,25,1016,1016,1016,1016,0,0,0,0,0,1,1,0,0,0,-162.890118,0,0,0,0,3,1,1,10,10,0,0,0,3,1,1,10,1000,0,0,0,0,0,0,0,0,0,0,0,0,0,0,0,0,0,0,0,0,0,0,0,0,0,0,0,0,0,0,0,0,0,0,0,0,0,0,0,0,0,0,0,0,0,0,0,0,0,0,0
1986,26,21,56,47.995,2,7,1,0,0,0,1,1,25,1016,1016,1016,1016,0,0,0,0,0,1,1,0,0,0,-162.9336749,0,0,0,0,3,1,1,10,10,0,0,0,3,1,1,10,1000,0,0,0,0,0,0,0,0,0,0,0,0,0,0,0,0,0,0,0,0,0,0,0,0,0,0,0,0,0,0,0,0,0,0,0,0,0,0,0,0,0,0,0,0,0,0,0,0,0,0,0
1986,26,21,57,35.995,2,7,1,0,0,0,1,1,25,1016,1016,1016,1016,0,0,0,0,0,1,1,0,0,0,-162.9772318,0,0,0,0,3,1,1,10,10,0,0,0,3,1,1,10,1000,0,0,0,0,0,0,0,0,0,0,0,0,0,0,0,0,0,0,0,0,0,0,0,0,0,0,0,0,0,0,0,0,0,0,0,0,0,0,0,0,0,0,0,0,0,0,0,0,0,0,0
1986,26,21,58,23.995,2,7,1,0,0,0,1,1,25,1016,1016,1016,1016,0,0,0,0,0,1,1,0,0,0,-163.0207886,0,0,0,0,3,1,1,10,10,0,0,0,3,1,1,10,1000,0,0,0,0,0,0,0,0,0,0,0,0,0,0,0,0,0,0,0,0,0,0,0,0,0,0,0,0,0,0,0,0,0,0,0,0,0,0,0,0,0,0,0,0,0,0,0,0,0,0,0
1986,26,21,59,11.994,2,7,1,0,0,0,1,1,25,1016,1016,1016,1016,0,0,0,0,0,1,1,0,0,0,-163.0643444,0,0,0,0,3,1,1,10,10,0,0,0,3,1,1,10,1000,0,0,0,0,0,0,0,0,0,0,0,0,0,0,0,0,0,0,0,0,0,0,0,0,0,0,0,0,0,0,0,0,0,0,0,0,0,0,0,0,0,0,0,0,0,0,0,0,0,0,0
1986,26,21,59,59.994,2,7,1,0,0,0,1,1,25,1016,1016,1016,1016,0,0,0,0,0,1,1,0,0,0,-163.107901,0,0,0,0,3,1,1,10,10,0,0,0,3,1,1,10,1000,0,0,0,0,0,0,0,0,0,0,0,0,0,0,0,0,0,0,0,0,0,0,0,0,0,0,0,0,0,0,0,0,0,0,0,0,0,0,0,0,0,0,0,0,0,0,0,0,0,0,0
1986,26,22,0,47.994,2,7,1,0,0,0,1,1,25,1016,1016,1016,1016,0,0,0,0,0,1,1,0,0,0,-163.1514575,0,0,0,0,3,1,1,10,10,0,0,0,3,1,1,10,1000,0,0,0,0,0,0,0,0,0,0,0,0,0,0,0,0,0,0,0,0,0,0,0,0,0,0,0,0,0,0,0,0,0,0,0,0,0,0,0,0,0,0,0,0,0,0,0,0,0,0,0
1986,26,22,1,35.994,2,7,1,0,0,0,1,1,25,1016,1016,1016,1016,0,0,0,0,0,1,1,0,0,0,-163.1950139,0,0,0,0,3,1,1,10,10,0,0,0,3,1,1,10,1000,0,0,0,0,0,0,0,0,0,0,0,0,0,0,0,0,0,0,0,0,0,0,0,0,0,0,0,0,0,0,0,0,0,0,0,0,0,0,0,0,0,0,0,0,0,0,0,0,0,0,0
1986,26,22,2,23.994,2,7,1,0,0,0,1,1,25,1016,1016,1016,1016,0,0,0,0,0,1,1,0,0,0,-163.2385703,0,0,0,0,3,1,1,10,10,0,0,0,3,1,1,10,1000,0,0,0,0,0,0,0,0,0,0,0,0,0,0,0,0,0,0,0,0,0,0,0,0,0,0,0,0,0,0,0,0,0,0,0,0,0,0,0,0,0,0,0,0,0,0,0,0,0,0,0
1986,26,22,3,11.994,2,7,1,0,0,0,1,1,25,1016,1016,1016,1016,0,0,0,0,0,1,1,0,0,0,-163.2821265,0,0,0,0,3,1,1,10,10,0,0,0,3,1,1,10,1000,0,0,0,0,0,0,0,0,0,0,0,0,0,0,0,0,0,0,0,0,0,0,0,0,0,0,0,0,0,0,0,0,0,0,0,0,0,0,0,0,0,0,0,0,0,0,0,0,0,0,0
1986,26,22,6,23.994,2,7,1,0,0,0,1,1,25,1016,1016,1016,1016,0,0,0,0,0,1,1,0,0,0,-163.4563507,0,0,0,0,3,1,1,10,10,0,0,0,3,1,1,10,1000,0,0,0,0,0,0,0,0,0,0,0,0,0,0,0,0,0,0,0,0,0,0,0,0,0,0,0,0,0,0,0,0,0,0,0,0,0,0,0,0,0,0,0,0,0,0,0,0,0,0,0
1986,26,22,7,11.994,2,7,1,0,0,0,1,1,25,1016,1016,1016,1016,0,0,0,0,0,1,1,0,0,0,-163.4999066,0,0,0,0,3,1,1,10,10,0,0,0,3,1,1,10,1000,0,0,0,0,0,0,0,0,0,0,0,0,0,0,0,0,0,0,0,0,0,0,0,0,0,0,0,0,0,0,0,0,0,0,0,0,0,0,0,0,0,0,0,0,0,0,0,0,0,0,0
1986,26,22,7,59.994,2,7,1,0,0,0,1,1,25,1016,1016,1016,1016,0,0,0,0,0,1,1,0,0,0,-163.5434623,0,0,0,0,3,1,1,10,10,0,0,0,3,1,1,10,1000,0,0,0,0,0,0,0,0,0,0,0,0,0,0,0,0,0,0,0,0,0,0,0,0,0,0,0,0,0,0,0,0,0,0,0,0,0,0,0,0,0,0,0,0,0,0,0,0,0,0,0
1986,26,22,8,47.994,2,7,1,0,0,0,1,1,25,1016,1016,1016,1016,0,0,0,0,0,1,1,0,0,0,-163.587018,0,0,0,0,3,1,1,10,10,0,0,0,3,1,1,10,1000,0,0,0,0,0,0,0,0,0,0,0,0,0,0,0,0,0,0,0,0,0,0,0,0,0,0,0,0,0,0,0,0,0,0,0,0,0,0,0,0,0,0,0,0,0,0,0,0,0,0,0
1986,26,22,9,35.994,2,7,1,0,0,0,1,1,25,1016,1016,1016,1016,0,0,0,0,0,1,1,0,0,0,-163.6305736,0,0,0,0,3,1,1,10,10,0,0,0,3,1,1,10,1000,0,0,0,0,0,0,0,0,0,0,0,0,0,0,0,0,0,0,0,0,0,0,0,0,0,0,0,0,0,0,0,0,0,0,0,0,0,0,0,0,0,0,0,0,0,0,0,0,0,0,0
1986,26,22,10,23.994,2,7,1,0,0,0,1,1,25,1016,1016,1016,1016,0,0,0,0,0,1,1,0,0,0,-163.674129,0,0,0,0,3,1,1,10,10,0,0,0,3,1,1,10,1000,0,0,0,0,0,0,0,0,0,0,0,0,0,0,0,0,0,0,0,0,0,0,0,0,0,0,0,0,0,0,0,0,0,0,0,0,0,0,0,0,0,0,0,0,0,0,0,0,0,0,0
1986,26,22,11,11.994,2,7,1,0,0,0,1,1,25,1016,1016,1016,1016,0,0,0,0,0,1,1,0,0,0,-163.7176845,0,0,0,0,3,1,1,10,10,0,0,0,3,1,1,10,1000,0,0,0,0,0,0,0,0,0,0,0,0,0,0,0,0,0,0,0,0,0,0,0,0,0,0,0,0,0,0,0,0,0,0,0,0,0,0,0,0,0,0,0,0,0,0,0,0,0,0,0
1986,26,22,11,59.994,2,7,1,0,0,0,1,1,25,1016,1016,1016,1016,0,0,0,0,0,1,1,0,0,0,-163.7612398,0,0,0,0,3,1,1,10,10,0,0,0,3,1,1,10,1000,0,0,0,0,0,0,0,0,0,0,0,0,0,0,0,0,0,0,0,0,0,0,0,0,0,0,0,0,0,0,0,0,0,0,0,0,0,0,0,0,0,0,0,0,0,0,0,0,0,0,0
1986,26,22,12,47.994,2,7,1,0,0,0,1,1,25,1016,1016,1016,1016,0,0,0,0,0,1,1,0,0,0,-163.804795,0,0,0,0,3,1,1,10,10,0,0,0,3,1,1,10,1000,0,0,0,0,0,0,0,0,0,0,0,0,0,0,0,0,0,0,0,0,0,0,0,0,0,0,0,0,0,0,0,0,0,0,0,0,0,0,0,0,0,0,0,0,0,0,0,0,0,0,0
1986,26,22,13,35.994,2,7,1,0,0,0,1,1,25,1016,1016,1016,1016,0,0,0,0,0,1,1,0,0,0,-163.8483502,0,0,0,0,3,1,1,10,10,0,0,0,3,1,1,10,1000,0,0,0,0,0,0,0,0,0,0,0,0,0,0,0,0,0,0,0,0,0,0,0,0,0,0,0,0,0,0,0,0,0,0,0,0,0,0,0,0,0,0,0,0,0,0,0,0,0,0,0
1986,26,22,14,23.993,2,7,1,0,0,0,1,1,25,1016,1016,1016,1016,0,0,0,0,0,1,1,0,0,0,-163.8919043,0,0,0,0,3,1,1,10,10,0,0,0,3,1,1,10,1000,0,0,0,0,0,0,0,0,0,0,0,0,0,0,0,0,0,0,0,0,0,0,0,0,0,0,0,0,0,0,0,0,0,0,0,0,0,0,0,0,0,0,0,0,0,0,0,0,0,0,0
1986,26,22,15,11.993,2,7,1,0,0,0,1,1,25,1016,1016,1016,1016,0,0,0,0,0,1,1,0,0,0,-163.9354593,0,0,0,0,3,1,1,10,10,0,0,0,3,1,1,10,1000,0,0,0,0,0,0,0,0,0,0,0,0,0,0,0,0,0,0,0,0,0,0,0,0,0,0,0,0,0,0,0,0,0,0,0,0,0,0,0,0,0,0,0,0,0,0,0,0,0,0,0
1986,26,22,18,23.993,2,7,1,0,0,0,1,1,25,1016,1016,1016,1016,0,0,0,0,0,1,1,0,0,0,-164.1096783,0,0,0,0,3,1,1,10,10,0,0,0,3,1,1,10,1000,0,0,0,0,0,0,0,0,0,0,0,0,0,0,0,0,0,0,0,0,0,0,0,0,0,0,0,0,0,0,0,0,0,0,0,0,0,0,0,0,0,0,0,0,0,0,0,0,0,0,0
1986,26,22,19,11.993,2,7,1,0,0,0,1,1,25,1016,1016,1016,1016,0,0,0,0,0,1,1,0,0,0,-164.1532329,0,0,0,0,3,1,1,10,10,0,0,0,3,1,1,10,1000,0,0,0,0,0,0,0,0,0,0,0,0,0,0,0,0,0,0,0,0,0,0,0,0,0,0,0,0,0,0,0,0,0,0,0,0,0,0,0,0,0,0,0,0,0,0,0,0,0,0,0
1986,26,22,19,59.993,2,7,1,0,0,0,1,1,25,1016,1016,1016,1016,0,0,0,0,0,1,1,0,0,0,-164.1967874,0,0,0,0,3,1,1,10,10,0,0,0,3,1,1,10,1000,0,0,0,0,0,0,0,0,0,0,0,0,0,0,0,0,0,0,0,0,0,0,0,0,0,0,0,0,0,0,0,0,0,0,0,0,0,0,0,0,0,0,0,0,0,0,0,0,0,0,0
1986,26,22,20,47.993,2,7,1,0,0,0,1,1,25,1016,1016,1016,1016,0,0,0,0,0,1,1,0,0,0,-164.2403417,0,0,0,0,3,1,1,10,10,0,0,0,3,1,1,10,1000,0,0,0,0,0,0,0,0,0,0,0,0,0,0,0,0,0,0,0,0,0,0,0,0,0,0,0,0,0,0,0,0,0,0,0,0,0,0,0,0,0,0,0,0,0,0,0,0,0,0,0
1986,26,22,21,35.993,2,7,1,0,0,0,1,1,25,1016,1016,1016,1016,0,0,0,0,0,1,1,0,0,0,-164.283896,0,0,0,0,3,1,1,10,10,0,0,0,3,1,1,10,1000,0,0,0,0,0,0,0,0,0,0,0,0,0,0,0,0,0,0,0,0,0,0,0,0,0,0,0,0,0,0,0,0,0,0,0,0,0,0,0,0,0,0,0,0,0,0,0,0,0,0,0
1986,26,22,22,23.993,2,7,1,0,0,0,1,1,25,1016,1016,1016,1016,0,0,0,0,0,1,1,0,0,0,-164.3274503,0,0,0,0,3,1,1,10,10,0,0,0,3,1,1,10,1000,0,0,0,0,0,0,0,0,0,0,0,0,0,0,0,0,0,0,0,0,0,0,0,0,0,0,0,0,0,0,0,0,0,0,0,0,0,0,0,0,0,0,0,0,0,0,0,0,0,0,0
1986,26,22,23,11.993,2,7,1,0,0,0,1,1,25,1016,1016,1016,1016,0,0,0,0,0,1,1,0,0,0,-164.3710044,0,0,0,0,3,1,1,10,10,0,0,0,3,1,1,10,1000,0,0,0,0,0,0,0,0,0,0,0,0,0,0,0,0,0,0,0,0,0,0,0,0,0,0,0,0,0,0,0,0,0,0,0,0,0,0,0,0,0,0,0,0,0,0,0,0,0,0,0
1986,26,22,23,59.993,2,7,1,0,0,0,1,1,25,1016,1016,1016,1016,0,0,0,0,0,1,1,0,0,0,-164.4145584,0,0,0,0,3,1,1,10,10,0,0,0,3,1,1,10,1000,0,0,0,0,0,0,0,0,0,0,0,0,0,0,0,0,0,0,0,0,0,0,0,0,0,0,0,0,0,0,0,0,0,0,0,0,0,0,0,0,0,0,0,0,0,0,0,0,0,0,0
1986,26,22,24,47.993,2,7,1,0,0,0,1,1,25,1016,1016,1016,1016,0,0,0,0,0,1,1,0,0,0,-164.4581124,0,0,0,0,3,1,1,10,10,0,0,0,3,1,1,10,1000,0,0,0,0,0,0,0,0,0,0,0,0,0,0,0,0,0,0,0,0,0,0,0,0,0,0,0,0,0,0,0,0,0,0,0,0,0,0,0,0,0,0,0,0,0,0,0,0,0,0,0
1986,26,22,25,35.993,2,7,1,0,0,0,1,1,25,1016,1016,1016,1016,0,0,0,0,0,1,1,0,0,0,-164.5016663,0,0,0,0,3,1,1,10,10,0,0,0,3,1,1,10,1000,0,0,0,0,0,0,0,0,0,0,0,0,0,0,0,0,0,0,0,0,0,0,0,0,0,0,0,0,0,0,0,0,0,0,0,0,0,0,0,0,0,0,0,0,0,0,0,0,0,0,0
1986,26,22,26,23.993,2,7,1,0,0,0,1,1,25,1016,1016,1016,1016,0,0,0,0,0,1,1,0,0,0,-164.54522,0,0,0,0,3,1,1,10,10,0,0,0,3,1,1,10,1000,0,0,0,0,0,0,0,0,0,0,0,0,0,0,0,0,0,0,0,0,0,0,0,0,0,0,0,0,0,0,0,0,0,0,0,0,0,0,0,0,0,0,0,0,0,0,0,0,0,0,0
1986,26,22,27,11.993,2,7,1,0,0,0,1,1,25,1016,1016,1016,1016,0,0,0,0,0,1,1,0,0,0,-164.5887737,0,0,0,0,3,1,1,10,10,0,0,0,3,1,1,10,1000,0,0,0,0,0,0,0,0,0,0,0,0,0,0,0,0,0,0,0,0,0,0,0,0,0,0,0,0,0,0,0,0,0,0,0,0,0,0,0,0,0,0,0,0,0,0,0,0,0,0,0
1986,26,22,30,23.992,2,7,1,0,0,0,1,1,25,1016,1016,1016,1016,0,0,0,0,0,1,1,0,0,0,-164.7629868,0,0,0,0,3,1,1,10,10,0,0,0,3,1,1,10,1000,0,0,0,0,0,0,0,0,0,0,0,0,0,0,0,0,0,0,0,0,0,0,0,0,0,0,0,0,0,0,0,0,0,0,0,0,0,0,0,0,0,0,0,0,0,0,0,0,0,0,0
1986,26,22,31,11.992,2,7,1,0,0,0,1,1,25,1016,1016,1016,1016,0,0,0,0,0,1,1,0,0,0,-164.8065401,0,0,0,0,3,1,1,10,10,0,0,0,3,1,1,10,1000,0,0,0,0,0,0,0,0,0,0,0,0,0,0,0,0,0,0,0,0,0,0,0,0,0,0,0,0,0,0,0,0,0,0,0,0,0,0,0,0,0,0,0,0,0,0,0,0,0,0,0
1986,26,22,31,59.992,2,7,1,0,0,0,1,1,25,1016,1016,1016,1016,0,0,0,0,0,1,1,0,0,0,-164.8500933,0,0,0,0,3,1,1,10,10,0,0,0,3,1,1,10,1000,0,0,0,0,0,0,0,0,0,0,0,0,0,0,0,0,0,0,0,0,0,0,0,0,0,0,0,0,0,0,0,0,0,0,0,0,0,0,0,0,0,0,0,0,0,0,0,0,0,0,0
1986,26,22,32,47.992,2,7,1,0,0,0,1,1,25,1016,1016,1016,1016,0,0,0,0,0,1,1,0,0,0,-164.8936464,0,0,0,0,3,1,1,10,10,0,0,0,3,1,1,10,1000,0,0,0,0,0,0,0,0,0,0,0,0,0,0,0,0,0,0,0,0,0,0,0,0,0,0,0,0,0,0,0,0,0,0,0,0,0,0,0,0,0,0,0,0,0,0,0,0,0,0,0
1986,26,22,33,35.992,2,7,1,0,0,0,1,1,25,1016,1016,1016,1016,0,0,0,0,0,1,1,0,0,0,-164.9371994,0,0,0,0,3,1,1,10,10,0,0,0,3,1,1,10,1000,0,0,0,0,0,0,0,0,0,0,0,0,0,0,0,0,0,0,0,0,0,0,0,0,0,0,0,0,0,0,0,0,0,0,0,0,0,0,0,0,0,0,0,0,0,0,0,0,0,0,0
1986,26,22,34,23.992,2,7,1,0,0,0,1,1,25,1016,1016,1016,1016,0,0,0,0,0,1,1,0,0,0,-164.9807523,0,0,0,0,3,1,1,10,10,0,0,0,3,1,1,10,1000,0,0,0,0,0,0,0,0,0,0,0,0,0,0,0,0,0,0,0,0,0,0,0,0,0,0,0,0,0,0,0,0,0,0,0,0,0,0,0,0,0,0,0,0,0,0,0,0,0,0,0
1986,26,22,35,11.992,2,7,1,0,0,0,1,1,25,1016,1016,1016,1016,0,0,0,0,0,1,1,0,0,0,-165.0243052,0,0,0,0,3,1,1,10,10,0,0,0,3,1,1,10,1000,0,0,0,0,0,0,0,0,0,0,0,0,0,0,0,0,0,0,0,0,0,0,0,0,0,0,0,0,0,0,0,0,0,0,0,0,0,0,0,0,0,0,0,0,0,0,0,0,0,0,0
1986,26,22,35,59.992,2,7,1,0,0,0,1,1,25,1016,1016,1016,1016,0,0,0,0,0,1,1,0,0,0,-165.067858,0,0,0,0,3,1,1,10,10,0,0,0,3,1,1,10,1000,0,0,0,0,0,0,0,0,0,0,0,0,0,0,0,0,0,0,0,0,0,0,0,0,0,0,0,0,0,0,0,0,0,0,0,0,0,0,0,0,0,0,0,0,0,0,0,0,0,0,0
1986,26,22,36,47.992,2,7,1,0,0,0,1,1,25,1016,1016,1016,1016,0,0,0,0,0,1,1,0,0,0,-165.1114107,0,0,0,0,3,1,1,10,10,0,0,0,3,1,1,10,1000,0,0,0,0,0,0,0,0,0,0,0,0,0,0,0,0,0,0,0,0,0,0,0,0,0,0,0,0,0,0,0,0,0,0,0,0,0,0,0,0,0,0,0,0,0,0,0,0,0,0,0
1986,26,22,37,35.992,2,7,1,0,0,0,1,1,25,1016,1016,1016,1016,0,0,0,0,0,1,1,0,0,0,-165.1549633,0,0,0,0,3,1,1,10,10,0,0,0,3,1,1,10,1000,0,0,0,0,0,0,0,0,0,0,0,0,0,0,0,0,0,0,0,0,0,0,0,0,0,0,0,0,0,0,0,0,0,0,0,0,0,0,0,0,0,0,0,0,0,0,0,0,0,0,0
1986,26,22,38,23.992,2,7,1,0,0,0,1,1,25,1016,1016,1016,1016,0,0,0,0,0,1,1,0,0,0,-165.1985158,0,0,0,0,3,1,1,10,10,0,0,0,3,1,1,10,1000,0,0,0,0,0,0,0,0,0,0,0,0,0,0,0,0,0,0,0,0,0,0,0,0,0,0,0,0,0,0,0,0,0,0,0,0,0,0,0,0,0,0,0,0,0,0,0,0,0,0,0
1986,26,22,39,11.992,2,7,1,0,0,0,1,1,25,1016,1016,1016,1016,0,0,0,0,0,1,1,0,0,0,-165.2420682,0,0,0,0,3,1,1,10,10,0,0,0,3,1,1,10,1000,0,0,0,0,0,0,0,0,0,0,0,0,0,0,0,0,0,0,0,0,0,0,0,0,0,0,0,0,0,0,0,0,0,0,0,0,0,0,0,0,0,0,0,0,0,0,0,0,0,0,0
1986,26,22,42,23.992,2,7,1,0,0,0,1,1,25,1016,1016,1016,1016,0,0,0,0,0,1,1,0,0,0,-165.4162771,0,0,0,0,3,1,1,10,10,0,0,0,3,1,1,10,1000,0,0,0,0,0,0,0,0,0,0,0,0,0,0,0,0,0,0,0,0,0,0,0,0,0,0,0,0,0,0,0,0,0,0,0,0,0,0,0,0,0,0,0,0,0,0,0,0,0,0,0
1986,26,22,43,11.992,2,7,1,0,0,0,1,1,25,1016,1016,1016,1016,0,0,0,0,0,1,1,0,0,0,-165.4598291,0,0,0,0,3,1,1,10,10,0,0,0,3,1,1,10,1000,0,0,0,0,0,0,0,0,0,0,0,0,0,0,0,0,0,0,0,0,0,0,0,0,0,0,0,0,0,0,0,0,0,0,0,0,0,0,0,0,0,0,0,0,0,0,0,0,0,0,0
1986,26,22,43,59.991,2,7,1,0,0,0,1,1,25,1016,1016,1016,1016,0,0,0,0,0,1,1,0,0,0,-165.5033802,0,0,0,0,3,1,1,10,10,0,0,0,3,1,1,10,1000,0,0,0,0,0,0,0,0,0,0,0,0,0,0,0,0,0,0,0,0,0,0,0,0,0,0,0,0,0,0,0,0,0,0,0,0,0,0,0,0,0,0,0,0,0,0,0,0,0,0,0
1986,26,22,44,47.991,2,7,1,0,0,0,1,1,25,1016,1016,1016,1016,0,0,0,0,0,1,1,0,0,0,-165.546932,0,0,0,0,3,1,1,10,10,0,0,0,3,1,1,10,1000,0,0,0,0,0,0,0,0,0,0,0,0,0,0,0,0,0,0,0,0,0,0,0,0,0,0,0,0,0,0,0,0,0,0,0,0,0,0,0,0,0,0,0,0,0,0,0,0,0,0,0
1986,26,22,45,35.991,2,7,1,0,0,0,1,1,25,1016,1016,1016,1016,0,0,0,0,0,1,1,0,0,0,-165.5904838,0,0,0,0,3,1,1,10,10,0,0,0,3,1,1,10,1000,0,0,0,0,0,0,0,0,0,0,0,0,0,0,0,0,0,0,0,0,0,0,0,0,0,0,0,0,0,0,0,0,0,0,0,0,0,0,0,0,0,0,0,0,0,0,0,0,0,0,0
1986,26,22,46,23.991,2,7,1,0,0,0,1,1,25,1016,1016,1016,1016,0,0,0,0,0,1,1,0,0,0,-165.6340354,0,0,0,0,3,1,1,10,10,0,0,0,3,1,1,10,1000,0,0,0,0,0,0,0,0,0,0,0,0,0,0,0,0,0,0,0,0,0,0,0,0,0,0,0,0,0,0,0,0,0,0,0,0,0,0,0,0,0,0,0,0,0,0,0,0,0,0,0
1986,26,22,47,11.991,2,7,1,0,0,0,1,1,25,1016,1016,1016,1016,0,0,0,0,0,1,1,0,0,0,-165.677587,0,0,0,0,3,1,1,10,10,0,0,0,3,1,1,10,1000,0,0,0,0,0,0,0,0,0,0,0,0,0,0,0,0,0,0,0,0,0,0,0,0,0,0,0,0,0,0,0,0,0,0,0,0,0,0,0,0,0,0,0,0,0,0,0,0,0,0,0
1986,26,22,47,59.991,2,7,1,0,0,0,1,1,25,1016,1016,1016,1016,0,0,0,0,0,1,1,0,0,0,-165.7211385,0,0,0,0,3,1,1,10,10,0,0,0,3,1,1,10,1000,0,0,0,0,0,0,0,0,0,0,0,0,0,0,0,0,0,0,0,0,0,0,0,0,0,0,0,0,0,0,0,0,0,0,0,0,0,0,0,0,0,0,0,0,0,0,0,0,0,0,0
1986,26,22,48,47.991,2,7,1,0,0,0,1,1,25,1016,1016,1016,1016,0,0,0,0,0,1,1,0,0,0,-165.76469,0,0,0,0,3,1,1,10,10,0,0,0,3,1,1,10,1000,0,0,0,0,0,0,0,0,0,0,0,0,0,0,0,0,0,0,0,0,0,0,0,0,0,0,0,0,0,0,0,0,0,0,0,0,0,0,0,0,0,0,0,0,0,0,0,0,0,0,0
1986,26,22,49,35.991,2,7,1,0,0,0,1,1,25,1016,1016,1016,1016,0,0,0,0,0,1,1,0,0,0,-165.8082413,0,0,0,0,3,1,1,10,10,0,0,0,3,1,1,10,1000,0,0,0,0,0,0,0,0,0,0,0,0,0,0,0,0,0,0,0,0,0,0,0,0,0,0,0,0,0,0,0,0,0,0,0,0,0,0,0,0,0,0,0,0,0,0,0,0,0,0,0
1986,26,22,50,23.991,2,7,1,0,0,0,1,1,25,1016,1016,1016,1016,0,0,0,0,0,1,1,0,0,0,-165.8517926,0,0,0,0,3,1,1,10,10,0,0,0,3,1,1,10,1000,0,0,0,0,0,0,0,0,0,0,0,0,0,0,0,0,0,0,0,0,0,0,0,0,0,0,0,0,0,0,0,0,0,0,0,0,0,0,0,0,0,0,0,0,0,0,0,0,0,0,0
1986,26,22,51,11.991,2,7,1,0,0,0,1,1,25,1016,1016,1016,1016,0,0,0,0,0,1,1,0,0,0,-165.8953438,0,0,0,0,3,1,1,10,10,0,0,0,3,1,1,10,1000,0,0,0,0,0,0,0,0,0,0,0,0,0,0,0,0,0,0,0,0,0,0,0,0,0,0,0,0,0,0,0,0,0,0,0,0,0,0,0,0,0,0,0,0,0,0,0,0,0,0,0
1986,26,22,54,23.991,2,7,1,0,0,0,1,1,25,1016,1016,1016,1016,0,0,0,0,0,1,1,0,0,0,-166.0695476,0,0,0,0,3,1,1,10,10,0,0,0,3,1,1,10,1000,0,0,0,0,0,0,0,0,0,0,0,0,0,0,0,0,0,0,0,0,0,0,0,0,0,0,0,0,0,0,0,0,0,0,0,0,0,0,0,0,0,0,0,0,0,0,0,0,0,0,0
1986,26,22,55,11.991,2,7,1,0,0,0,1,1,25,1016,1016,1016,1016,0,0,0,0,0,1,1,0,0,0,-166.1130984,0,0,0,0,3,1,1,10,10,0,0,0,3,1,1,10,1000,0,0,0,0,0,0,0,0,0,0,0,0,0,0,0,0,0,0,0,0,0,0,0,0,0,0,0,0,0,0,0,0,0,0,0,0,0,0,0,0,0,0,0,0,0,0,0,0,0,0,0
1986,26,22,55,59.991,2,7,1,0,0,0,1,1,25,1016,1016,1016,1016,0,0,0,0,0,1,1,0,0,0,-166.1566491,0,0,0,0,3,1,1,10,10,0,0,0,3,1,1,10,1000,0,0,0,0,0,0,0,0,0,0,0,0,0,0,0,0,0,0,0,0,0,0,0,0,0,0,0,0,0,0,0,0,0,0,0,0,0,0,0,0,0,0,0,0,0,0,0,0,0,0,0
1986,26,22,56,47.991,2,7,1,0,0,0,1,1,25,1016,1016,1016,1016,0,0,0,0,0,1,1,0,0,0,-166.2001997,0,0,0,0,3,1,1,10,10,0,0,0,3,1,1,10,1000,0,0,0,0,0,0,0,0,0,0,0,0,0,0,0,0,0,0,0,0,0,0,0,0,0,0,0,0,0,0,0,0,0,0,0,0,0,0,0,0,0,0,0,0,0,0,0,0,0,0,0
1986,26,22,57,35.991,2,7,1,0,0,0,1,1,25,1016,1016,1016,1016,0,0,0,0,0,1,1,0,0,0,-166.2437502,0,0,0,0,3,1,1,10,10,0,0,0,3,1,1,10,1000,0,0,0,0,0,0,0,0,0,0,0,0,0,0,0,0,0,0,0,0,0,0,0,0,0,0,0,0,0,0,0,0,0,0,0,0,0,0,0,0,0,0,0,0,0,0,0,0,0,0,0
1986,26,22,58,23.991,2,7,1,0,0,0,1,1,25,1016,1016,1016,1016,0,0,0,0,0,1,1,0,0,0,-166.2873006,0,0,0,0,3,1,1,10,10,0,0,0,3,1,1,10,1000,0,0,0,0,0,0,0,0,0,0,0,0,0,0,0,0,0,0,0,0,0,0,0,0,0,0,0,0,0,0,0,0,0,0,0,0,0,0,0,0,0,0,0,0,0,0,0,0,0,0,0
1986,26,22,59,11.99,2,7,1,0,0,0,1,1,25,1016,1016,1016,1016,0,0,0,0,0,1,1,0,0,0,-166.33085,0,0,0,0,3,1,1,10,10,0,0,0,3,1,1,10,1000,0,0,0,0,0,0,0,0,0,0,0,0,0,0,0,0,0,0,0,0,0,0,0,0,0,0,0,0,0,0,0,0,0,0,0,0,0,0,0,0,0,0,0,0,0,0,0,0,0,0,0
1986,26,22,59,59.99,2,7,1,0,0,0,1,1,25,1016,1016,1016,1016,0,0,0,0,0,1,1,0,0,0,-166.3744003,0,0,0,0,3,1,1,10,10,0,0,0,3,1,1,10,1000,0,0,0,0,0,0,0,0,0,0,0,0,0,0,0,0,0,0,0,0,0,0,0,0,0,0,0,0,0,0,0,0,0,0,0,0,0,0,0,0,0,0,0,0,0,0,0,0,0,0,0
1986,26,23,0,47.99,2,7,1,0,0,0,1,1,25,1016,1016,1016,1016,0,0,0,0,0,1,1,0,0,0,-166.4179505,0,0,0,0,3,1,1,10,10,0,0,0,3,1,1,10,1000,0,0,0,0,0,0,0,0,0,0,0,0,0,0,0,0,0,0,0,0,0,0,0,0,0,0,0,0,0,0,0,0,0,0,0,0,0,0,0,0,0,0,0,0,0,0,0,0,0,0,0
1986,26,23,1,35.99,2,7,1,0,0,0,1,1,25,1016,1016,1016,1016,0,0,0,0,0,1,1,0,0,0,-166.4615005,0,0,0,0,3,1,1,10,10,0,0,0,3,1,1,10,1000,0,0,0,0,0,0,0,0,0,0,0,0,0,0,0,0,0,0,0,0,0,0,0,0,0,0,0,0,0,0,0,0,0,0,0,0,0,0,0,0,0,0,0,0,0,0,0,0,0,0,0
1986,26,23,2,23.99,2,7,1,0,0,0,1,1,25,1016,1016,1016,1016,0,0,0,0,0,1,1,0,0,0,-166.5050506,0,0,0,0,3,1,1,10,10,0,0,0,3,1,1,10,1000,0,0,0,0,0,0,0,0,0,0,0,0,0,0,0,0,0,0,0,0,0,0,0,0,0,0,0,0,0,0,0,0,0,0,0,0,0,0,0,0,0,0,0,0,0,0,0,0,0,0,0
1986,26,23,3,11.99,2,7,1,0,0,0,1,1,25,1016,1016,1016,1016,0,0,0,0,0,1,1,0,0,0,-166.5486005,0,0,0,0,3,1,1,10,10,0,0,0,3,1,1,10,1000,0,0,0,0,0,0,0,0,0,0,0,0,0,0,0,0,0,0,0,0,0,0,0,0,0,0,0,0,0,0,0,0,0,0,0,0,0,0,0,0,0,0,0,0,0,0,0,0,0,0,0
1986,26,23,6,23.99,2,7,1,0,0,0,1,1,25,1016,1016,1016,1016,0,0,0,0,0,1,1,0,0,0,-166.7227994,0,0,0,0,3,1,1,10,10,0,0,0,3,1,1,10,1000,0,0,0,0,0,0,0,0,0,0,0,0,0,0,0,0,0,0,0,0,0,0,0,0,0,0,0,0,0,0,0,0,0,0,0,0,0,0,0,0,0,0,0,0,0,0,0,0,0,0,0
1986,26,23,7,11.99,2,7,1,0,0,0,1,1,25,1016,1016,1016,1016,0,0,0,0,0,1,1,0,0,0,-166.7663489,0,0,0,0,3,1,1,10,10,0,0,0,3,1,1,10,1000,0,0,0,0,0,0,0,0,0,0,0,0,0,0,0,0,0,0,0,0,0,0,0,0,0,0,0,0,0,0,0,0,0,0,0,0,0,0,0,0,0,0,0,0,0,0,0,0,0,0,0
1986,26,23,7,59.99,2,7,1,0,0,0,1,1,25,1016,1016,1016,1016,0,0,0,0,0,1,1,0,0,0,-166.8098983,0,0,0,0,3,1,1,10,10,0,0,0,3,1,1,10,1000,0,0,0,0,0,0,0,0,0,0,0,0,0,0,0,0,0,0,0,0,0,0,0,0,0,0,0,0,0,0,0,0,0,0,0,0,0,0,0,0,0,0,0,0,0,0,0,0,0,0,0
1986,26,23,8,47.99,2,7,1,0,0,0,1,1,25,1016,1016,1016,1016,0,0,0,0,0,1,1,0,0,0,-166.8534476,0,0,0,0,3,1,1,10,10,0,0,0,3,1,1,10,1000,0,0,0,0,0,0,0,0,0,0,0,0,0,0,0,0,0,0,0,0,0,0,0,0,0,0,0,0,0,0,0,0,0,0,0,0,0,0,0,0,0,0,0,0,0,0,0,0,0,0,0
1986,26,23,9,35.99,2,7,1,0,0,0,1,1,25,1016,1016,1016,1016,0,0,0,0,0,1,1,0,0,0,-166.8969969,0,0,0,0,3,1,1,10,10,0,0,0,3,1,1,10,1000,0,0,0,0,0,0,0,0,0,0,0,0,0,0,0,0,0,0,0,0,0,0,0,0,0,0,0,0,0,0,0,0,0,0,0,0,0,0,0,0,0,0,0,0,0,0,0,0,0,0,0
1986,26,23,10,23.99,2,7,1,0,0,0,1,1,25,1016,1016,1016,1016,0,0,0,0,0,1,1,0,0,0,-166.9405461,0,0,0,0,3,1,1,10,10,0,0,0,3,1,1,10,1000,0,0,0,0,0,0,0,0,0,0,0,0,0,0,0,0,0,0,0,0,0,0,0,0,0,0,0,0,0,0,0,0,0,0,0,0,0,0,0,0,0,0,0,0,0,0,0,0,0,0,0
1986,26,23,11,11.99,2,7,1,0,0,0,1,1,25,1016,1016,1016,1016,0,0,0,0,0,1,1,0,0,0,-166.9840952,0,0,0,0,3,1,1,10,10,0,0,0,3,1,1,10,1000,0,0,0,0,0,0,0,0,0,0,0,0,0,0,0,0,0,0,0,0,0,0,0,0,0,0,0,0,0,0,0,0,0,0,0,0,0,0,0,0,0,0,0,0,0,0,0,0,0,0,0
1986,26,23,11,59.99,2,7,1,0,0,0,1,1,25,1016,1016,1016,1016,0,0,0,0,0,1,1,0,0,0,-167.0276442,0,0,0,0,3,1,1,10,10,0,0,0,3,1,1,10,1000,0,0,0,0,0,0,0,0,0,0,0,0,0,0,0,0,0,0,0,0,0,0,0,0,0,0,0,0,0,0,0,0,0,0,0,0,0,0,0,0,0,0,0,0,0,0,0,0,0,0,0
1986,26,23,12,47.99,2,7,1,0,0,0,1,1,25,1016,1016,1016,1016,0,0,0,0,0,1,1,0,0,0,-167.0711931,0,0,0,0,3,1,1,10,10,0,0,0,3,1,1,10,1000,0,0,0,0,0,0,0,0,0,0,0,0,0,0,0,0,0,0,0,0,0,0,0,0,0,0,0,0,0,0,0,0,0,0,0,0,0,0,0,0,0,0,0,0,0,0,0,0,0,0,0
1986,26,23,13,35.99,2,7,1,0,0,0,1,1,25,1016,1016,1016,1016,0,0,0,0,0,1,1,0,0,0,-167.114742,0,0,0,0,3,1,1,10,10,0,0,0,3,1,1,10,1000,0,0,0,0,0,0,0,0,0,0,0,0,0,0,0,0,0,0,0,0,0,0,0,0,0,0,0,0,0,0,0,0,0,0,0,0,0,0,0,0,0,0,0,0,0,0,0,0,0,0,0
1986,26,23,14,23.989,2,7,1,0,0,0,1,1,25,1016,1016,1016,1016,0,0,0,0,0,1,1,0,0,0,-167.1582898,0,0,0,0,3,1,1,10,10,0,0,0,3,1,1,10,1000,0,0,0,0,0,0,0,0,0,0,0,0,0,0,0,0,0,0,0,0,0,0,0,0,0,0,0,0,0,0,0,0,0,0,0,0,0,0,0,0,0,0,0,0,0,0,0,0,0,0,0
1986,26,23,15,11.989,2,7,1,0,0,0,1,1,25,1016,1016,1016,1016,0,0,0,0,0,1,1,0,0,0,-167.2018385,0,0,0,0,3,1,1,10,10,0,0,0,3,1,1,10,1000,0,0,0,0,0,0,0,0,0,0,0,0,0,0,0,0,0,0,0,0,0,0,0,0,0,0,0,0,0,0,0,0,0,0,0,0,0,0,0,0,0,0,0,0,0,0,0,0,0,0,0
1986,26,23,18,23.989,2,7,1,0,0,0,1,1,25,1016,1016,1016,1016,0,0,0,0,0,1,1,0,0,0,-167.3760324,0,0,0,0,3,1,1,10,10,0,0,0,3,1,1,10,1000,0,0,0,0,0,0,0,0,0,0,0,0,0,0,0,0,0,0,0,0,0,0,0,0,0,0,0,0,0,0,0,0,0,0,0,0,0,0,0,0,0,0,0,0,0,0,0,0,0,0,0
1986,26,23,19,11.989,2,7,1,0,0,0,1,1,25,1016,1016,1016,1016,0,0,0,0,0,1,1,0,0,0,-167.4195807,0,0,0,0,3,1,1,10,10,0,0,0,3,1,1,10,1000,0,0,0,0,0,0,0,0,0,0,0,0,0,0,0,0,0,0,0,0,0,0,0,0,0,0,0,0,0,0,0,0,0,0,0,0,0,0,0,0,0,0,0,0,0,0,0,0,0,0,0
1986,26,23,19,59.989,2,7,1,0,0,0,1,1,25,1016,1016,1016,1016,0,0,0,0,0,1,1,0,0,0,-167.4631289,0,0,0,0,3,1,1,10,10,0,0,0,3,1,1,10,1000,0,0,0,0,0,0,0,0,0,0,0,0,0,0,0,0,0,0,0,0,0,0,0,0,0,0,0,0,0,0,0,0,0,0,0,0,0,0,0,0,0,0,0,0,0,0,0,0,0,0,0
1986,26,23,20,47.989,2,7,1,0,0,0,1,1,25,1016,1016,1016,1016,0,0,0,0,0,1,1,0,0,0,-167.506677,0,0,0,0,3,1,1,10,10,0,0,0,3,1,1,10,1000,0,0,0,0,0,0,0,0,0,0,0,0,0,0,0,0,0,0,0,0,0,0,0,0,0,0,0,0,0,0,0,0,0,0,0,0,0,0,0,0,0,0,0,0,0,0,0,0,0,0,0
1986,26,23,21,35.989,2,7,1,0,0,0,1,1,25,1016,1016,1016,1016,0,0,0,0,0,1,1,0,0,0,-167.550225,0,0,0,0,3,1,1,10,10,0,0,0,3,1,1,10,1000,0,0,0,0,0,0,0,0,0,0,0,0,0,0,0,0,0,0,0,0,0,0,0,0,0,0,0,0,0,0,0,0,0,0,0,0,0,0,0,0,0,0,0,0,0,0,0,0,0,0,0
1986,26,23,22,23.989,2,7,1,0,0,0,1,1,25,1016,1016,1016,1016,0,0,0,0,0,1,1,0,0,0,-167.593773,0,0,0,0,3,1,1,10,10,0,0,0,3,1,1,10,1000,0,0,0,0,0,0,0,0,0,0,0,0,0,0,0,0,0,0,0,0,0,0,0,0,0,0,0,0,0,0,0,0,0,0,0,0,0,0,0,0,0,0,0,0,0,0,0,0,0,0,0
1986,26,23,23,11.989,2,7,1,0,0,0,1,1,25,1016,1016,1016,1016,0,0,0,0,0,1,1,0,0,0,-167.6373208,0,0,0,0,3,1,1,10,10,0,0,0,3,1,1,10,1000,0,0,0,0,0,0,0,0,0,0,0,0,0,0,0,0,0,0,0,0,0,0,0,0,0,0,0,0,0,0,0,0,0,0,0,0,0,0,0,0,0,0,0,0,0,0,0,0,0,0,0
1986,26,23,23,59.989,2,7,1,0,0,0,1,1,25,1016,1016,1016,1016,0,0,0,0,0,1,1,0,0,0,-167.6808686,0,0,0,0,3,1,1,10,10,0,0,0,3,1,1,10,1000,0,0,0,0,0,0,0,0,0,0,0,0,0,0,0,0,0,0,0,0,0,0,0,0,0,0,0,0,0,0,0,0,0,0,0,0,0,0,0,0,0,0,0,0,0,0,0,0,0,0,0
1986,26,23,24,47.989,2,7,1,0,0,0,1,1,25,1016,1016,1016,1016,0,0,0,0,0,1,1,0,0,0,-167.7244163,0,0,0,0,3,1,1,10,10,0,0,0,3,1,1,10,1000,0,0,0,0,0,0,0,0,0,0,0,0,0,0,0,0,0,0,0,0,0,0,0,0,0,0,0,0,0,0,0,0,0,0,0,0,0,0,0,0,0,0,0,0,0,0,0,0,0,0,0
1986,26,23,25,35.989,2,7,1,0,0,0,1,1,25,1016,1016,1016,1016,0,0,0,0,0,1,1,0,0,0,-167.7679639,0,0,0,0,3,1,1,10,10,0,0,0,3,1,1,10,1000,0,0,0,0,0,0,0,0,0,0,0,0,0,0,0,0,0,0,0,0,0,0,0,0,0,0,0,0,0,0,0,0,0,0,0,0,0,0,0,0,0,0,0,0,0,0,0,0,0,0,0
1986,26,23,26,23.989,2,7,1,0,0,0,1,1,25,1016,1016,1016,1016,0,0,0,0,0,1,1,0,0,0,-167.8115115,0,0,0,0,3,1,1,10,10,0,0,0,3,1,1,10,1000,0,0,0,0,0,0,0,0,0,0,0,0,0,0,0,0,0,0,0,0,0,0,0,0,0,0,0,0,0,0,0,0,0,0,0,0,0,0,0,0,0,0,0,0,0,0,0,0,0,0,0
1986,26,23,27,11.989,2,7,1,0,0,0,1,1,25,1016,1016,1016,1016,0,0,0,0,0,1,1,0,0,0,-167.8550589,0,0,0,0,3,1,1,10,10,0,0,0,3,1,1,10,1000,0,0,0,0,0,0,0,0,0,0,0,0,0,0,0,0,0,0,0,0,0,0,0,0,0,0,0,0,0,0,0,0,0,0,0,0,0,0,0,0,0,0,0,0,0,0,0,0,0,0,0
1986,26,23,30,23.988,2,7,1,0,0,0,1,1,25,1016,1016,1016,1016,0,0,0,0,0,1,1,0,0,0,-168.029247,0,0,0,0,3,1,1,10,10,0,0,0,3,1,1,10,1000,0,0,0,0,0,0,0,0,0,0,0,0,0,0,0,0,0,0,0,0,0,0,0,0,0,0,0,0,0,0,0,0,0,0,0,0,0,0,0,0,0,0,0,0,0,0,0,0,0,0,0
1986,26,23,31,11.988,2,7,1,0,0,0,1,1,25,1016,1016,1016,1016,0,0,0,0,0,1,1,0,0,0,-168.072794,0,0,0,0,3,1,1,10,10,0,0,0,3,1,1,10,1000,0,0,0,0,0,0,0,0,0,0,0,0,0,0,0,0,0,0,0,0,0,0,0,0,0,0,0,0,0,0,0,0,0,0,0,0,0,0,0,0,0,0,0,0,0,0,0,0,0,0,0
1986,26,23,31,59.988,2,7,1,0,0,0,1,1,25,1016,1016,1016,1016,0,0,0,0,0,1,1,0,0,0,-168.116341,0,0,0,0,3,1,1,10,10,0,0,0,3,1,1,10,1000,0,0,0,0,0,0,0,0,0,0,0,0,0,0,0,0,0,0,0,0,0,0,0,0,0,0,0,0,0,0,0,0,0,0,0,0,0,0,0,0,0,0,0,0,0,0,0,0,0,0,0
1986,26,23,32,47.988,2,7,1,0,0,0,1,1,25,1016,1016,1016,1016,0,0,0,0,0,1,1,0,0,0,-168.1598879,0,0,0,0,3,1,1,10,10,0,0,0,3,1,1,10,1000,0,0,0,0,0,0,0,0,0,0,0,0,0,0,0,0,0,0,0,0,0,0,0,0,0,0,0,0,0,0,0,0,0,0,0,0,0,0,0,0,0,0,0,0,0,0,0,0,0,0,0
1986,26,23,33,35.988,2,7,1,0,0,0,1,1,25,1016,1016,1016,1016,0,0,0,0,0,1,1,0,0,0,-168.2034347,0,0,0,0,3,1,1,10,10,0,0,0,3,1,1,10,1000,0,0,0,0,0,0,0,0,0,0,0,0,0,0,0,0,0,0,0,0,0,0,0,0,0,0,0,0,0,0,0,0,0,0,0,0,0,0,0,0,0,0,0,0,0,0,0,0,0,0,0
1986,26,23,34,23.988,2,7,1,0,0,0,1,1,25,1016,1016,1016,1016,0,0,0,0,0,1,1,0,0,0,-168.2469814,0,0,0,0,3,1,1,10,10,0,0,0,3,1,1,10,1000,0,0,0,0,0,0,0,0,0,0,0,0,0,0,0,0,0,0,0,0,0,0,0,0,0,0,0,0,0,0,0,0,0,0,0,0,0,0,0,0,0,0,0,0,0,0,0,0,0,0,0
1986,26,23,35,11.988,2,7,1,0,0,0,1,1,25,1016,1016,1016,1016,0,0,0,0,0,1,1,0,0,0,-168.290528,0,0,0,0,3,1,1,10,10,0,0,0,3,1,1,10,1000,0,0,0,0,0,0,0,0,0,0,0,0,0,0,0,0,0,0,0,0,0,0,0,0,0,0,0,0,0,0,0,0,0,0,0,0,0,0,0,0,0,0,0,0,0,0,0,0,0,0,0
1986,26,23,35,59.988,2,7,1,0,0,0,1,1,25,1016,1016,1016,1016,0,0,0,0,0,1,1,0,0,0,-168.3340746,0,0,0,0,3,1,1,10,10,0,0,0,3,1,1,10,1000,0,0,0,0,0,0,0,0,0,0,0,0,0,0,0,0,0,0,0,0,0,0,0,0,0,0,0,0,0,0,0,0,0,0,0,0,0,0,0,0,0,0,0,0,0,0,0,0,0,0,0
1986,26,23,36,47.988,2,7,1,0,0,0,1,1,25,1016,1016,1016,1016,0,0,0,0,0,1,1,0,0,0,-168.377621,0,0,0,0,3,1,1,10,10,0,0,0,3,1,1,10,1000,0,0,0,0,0,0,0,0,0,0,0,0,0,0,0,0,0,0,0,0,0,0,0,0,0,0,0,0,0,0,0,0,0,0,0,0,0,0,0,0,0,0,0,0,0,0,0,0,0,0,0
1986,26,23,37,35.988,2,7,1,0,0,0,1,1,25,1016,1016,1016,1016,0,0,0,0,0,1,1,0,0,0,-168.4211674,0,0,0,0,3,1,1,10,10,0,0,0,3,1,1,10,1000,0,0,0,0,0,0,0,0,0,0,0,0,0,0,0,0,0,0,0,0,0,0,0,0,0,0,0,0,0,0,0,0,0,0,0,0,0,0,0,0,0,0,0,0,0,0,0,0,0,0,0
1986,26,23,38,23.988,2,7,1,0,0,0,1,1,25,1016,1016,1016,1016,0,0,0,0,0,1,1,0,0,0,-168.4647137,0,0,0,0,3,1,1,10,10,0,0,0,3,1,1,10,1000,0,0,0,0,0,0,0,0,0,0,0,0,0,0,0,0,0,0,0,0,0,0,0,0,0,0,0,0,0,0,0,0,0,0,0,0,0,0,0,0,0,0,0,0,0,0,0,0,0,0,0
1986,26,23,39,11.988,2,7,1,0,0,0,1,1,25,1016,1016,1016,1016,0,0,0,0,0,1,1,0,0,0,-168.50826,0,0,0,0,3,1,1,10,10,0,0,0,3,1,1,10,1000,0,0,0,0,0,0,0,0,0,0,0,0,0,0,0,0,0,0,0,0,0,0,0,0,0,0,0,0,0,0,0,0,0,0,0,0,0,0,0,0,0,0,0,0,0,0,0,0,0,0,0
1986,26,23,42,23.988,2,7,1,0,0,0,1,1,25,1016,1016,1016,1016,0,0,0,0,0,1,1,0,0,0,-168.682444,0,0,0,0,3,1,1,10,10,0,0,0,3,1,1,10,1000,0,0,0,0,0,0,0,0,0,0,0,0,0,0,0,0,0,0,0,0,0,0,0,0,0,0,0,0,0,0,0,0,0,0,0,0,0,0,0,0,0,0,0,0,0,0,0,0,0,0,0
1986,26,23,43,11.988,2,7,1,0,0,0,1,1,25,1016,1016,1016,1016,0,0,0,0,0,1,1,0,0,0,-168.7259899,0,0,0,0,3,1,1,10,10,0,0,0,3,1,1,10,1000,0,0,0,0,0,0,0,0,0,0,0,0,0,0,0,0,0,0,0,0,0,0,0,0,0,0,0,0,0,0,0,0,0,0,0,0,0,0,0,0,0,0,0,0,0,0,0,0,0,0,0
1986,26,23,43,59.988,2,7,1,0,0,0,1,1,25,1016,1016,1016,1016,0,0,0,0,0,1,1,0,0,0,-168.7695356,0,0,0,0,3,1,1,10,10,0,0,0,3,1,1,10,1000,0,0,0,0,0,0,0,0,0,0,0,0,0,0,0,0,0,0,0,0,0,0,0,0,0,0,0,0,0,0,0,0,0,0,0,0,0,0,0,0,0,0,0,0,0,0,0,0,0,0,0
1986,26,23,44,47.987,2,7,1,0,0,0,1,1,25,1016,1016,1016,1016,0,0,0,0,0,1,1,0,0,0,-168.8130804,0,0,0,0,3,1,1,10,10,0,0,0,3,1,1,10,1000,0,0,0,0,0,0,0,0,0,0,0,0,0,0,0,0,0,0,0,0,0,0,0,0,0,0,0,0,0,0,0,0,0,0,0,0,0,0,0,0,0,0,0,0,0,0,0,0,0,0,0
1986,26,23,45,35.987,2,7,1,0,0,0,1,1,25,1016,1016,1016,1016,0,0,0,0,0,1,1,0,0,0,-168.8566259,0,0,0,0,3,1,1,10,10,0,0,0,3,1,1,10,1000,0,0,0,0,0,0,0,0,0,0,0,0,0,0,0,0,0,0,0,0,0,0,0,0,0,0,0,0,0,0,0,0,0,0,0,0,0,0,0,0,0,0,0,0,0,0,0,0,0,0,0
1986,26,23,46,23.987,2,7,1,0,0,0,1,1,25,1016,1016,1016,1016,0,0,0,0,0,1,1,0,0,0,-168.9001714,0,0,0,0,3,1,1,10,10,0,0,0,3,1,1,10,1000,0,0,0,0,0,0,0,0,0,0,0,0,0,0,0,0,0,0,0,0,0,0,0,0,0,0,0,0,0,0,0,0,0,0,0,0,0,0,0,0,0,0,0,0,0,0,0,0,0,0,0
1986,26,23,47,11.987,2,7,1,0,0,0,1,1,25,1016,1016,1016,1016,0,0,0,0,0,1,1,0,0,0,-168.9437168,0,0,0,0,3,1,1,10,10,0,0,0,3,1,1,10,1000,0,0,0,0,0,0,0,0,0,0,0,0,0,0,0,0,0,0,0,0,0,0,0,0,0,0,0,0,0,0,0,0,0,0,0,0,0,0,0,0,0,0,0,0,0,0,0,0,0,0,0
1986,26,23,47,59.987,2,7,1,0,0,0,1,1,25,1016,1016,1016,1016,0,0,0,0,0,1,1,0,0,0,-168.9872622,0,0,0,0,3,1,1,10,10,0,0,0,3,1,1,10,1000,0,0,0,0,0,0,0,0,0,0,0,0,0,0,0,0,0,0,0,0,0,0,0,0,0,0,0,0,0,0,0,0,0,0,0,0,0,0,0,0,0,0,0,0,0,0,0,0,0,0,0
1986,26,23,48,47.987,2,7,1,0,0,0,1,1,25,1016,1016,1016,1016,0,0,0,0,0,1,1,0,0,0,-169.0308074,0,0,0,0,3,1,1,10,10,0,0,0,3,1,1,10,1000,0,0,0,0,0,0,0,0,0,0,0,0,0,0,0,0,0,0,0,0,0,0,0,0,0,0,0,0,0,0,0,0,0,0,0,0,0,0,0,0,0,0,0,0,0,0,0,0,0,0,0
1986,26,23,49,35.987,2,7,1,0,0,0,1,1,25,1016,1016,1016,1016,0,0,0,0,0,1,1,0,0,0,-169.0743526,0,0,0,0,3,1,1,10,10,0,0,0,3,1,1,10,1000,0,0,0,0,0,0,0,0,0,0,0,0,0,0,0,0,0,0,0,0,0,0,0,0,0,0,0,0,0,0,0,0,0,0,0,0,0,0,0,0,0,0,0,0,0,0,0,0,0,0,0
1986,26,23,50,23.987,2,7,1,0,0,0,1,1,25,1016,1016,1016,1016,0,0,0,0,0,1,1,0,0,0,-169.1178977,0,0,0,0,3,1,1,10,10,0,0,0,3,1,1,10,1000,0,0,0,0,0,0,0,0,0,0,0,0,0,0,0,0,0,0,0,0,0,0,0,0,0,0,0,0,0,0,0,0,0,0,0,0,0,0,0,0,0,0,0,0,0,0,0,0,0,0,0
1986,26,23,51,11.987,2,7,1,0,0,0,1,1,25,1016,1016,1016,1016,0,0,0,0,0,1,1,0,0,0,-169.1614427,0,0,0,0,3,1,1,10,10,0,0,0,3,1,1,10,1000,0,0,0,0,0,0,0,0,0,0,0,0,0,0,0,0,0,0,0,0,0,0,0,0,0,0,0,0,0,0,0,0,0,0,0,0,0,0,0,0,0,0,0,0,0,0,0,0,0,0,0
1986,26,23,54,23.987,2,7,1,0,0,0,1,1,25,1016,1016,1016,1016,0,0,0,0,0,1,1,0,0,0,-169.3356219,0,0,0,0,3,1,1,10,10,0,0,0,3,1,1,10,1000,0,0,0,0,0,0,0,0,0,0,0,0,0,0,0,0,0,0,0,0,0,0,0,0,0,0,0,0,0,0,0,0,0,0,0,0,0,0,0,0,0,0,0,0,0,0,0,0,0,0,0
1986,26,23,55,11.987,2,7,1,0,0,0,1,1,25,1016,1016,1016,1016,0,0,0,0,0,1,1,0,0,0,-169.3791665,0,0,0,0,3,1,1,10,10,0,0,0,3,1,1,10,1000,0,0,0,0,0,0,0,0,0,0,0,0,0,0,0,0,0,0,0,0,0,0,0,0,0,0,0,0,0,0,0,0,0,0,0,0,0,0,0,0,0,0,0,0,0,0,0,0,0,0,0
1986,26,23,55,59.987,2,7,1,0,0,0,1,1,25,1016,1016,1016,1016,0,0,0,0,0,1,1,0,0,0,-169.4227111,0,0,0,0,3,1,1,10,10,0,0,0,3,1,1,10,1000,0,0,0,0,0,0,0,0,0,0,0,0,0,0,0,0,0,0,0,0,0,0,0,0,0,0,0,0,0,0,0,0,0,0,0,0,0,0,0,0,0,0,0,0,0,0,0,0,0,0,0
1986,26,23,56,47.987,2,7,1,0,0,0,1,1,25,1016,1016,1016,1016,0,0,0,0,0,1,1,0,0,0,-169.4662555,0,0,0,0,3,1,1,10,10,0,0,0,3,1,1,10,1000,0,0,0,0,0,0,0,0,0,0,0,0,0,0,0,0,0,0,0,0,0,0,0,0,0,0,0,0,0,0,0,0,0,0,0,0,0,0,0,0,0,0,0,0,0,0,0,0,0,0,0
1986,26,23,57,35.987,2,7,1,0,0,0,1,1,25,1016,1016,1016,1016,0,0,0,0,0,1,1,0,0,0,-169.5097999,0,0,0,0,3,1,1,10,10,0,0,0,3,1,1,10,1000,0,0,0,0,0,0,0,0,0,0,0,0,0,0,0,0,0,0,0,0,0,0,0,0,0,0,0,0,0,0,0,0,0,0,0,0,0,0,0,0,0,0,0,0,0,0,0,0,0,0,0
1986,26,23,58,23.987,2,7,1,0,0,0,1,1,25,1016,1016,1016,1016,0,0,0,0,0,1,1,0,0,0,-169.5533441,0,0,0,0,3,1,1,10,10,0,0,0,3,1,1,10,1000,0,0,0,0,0,0,0,0,0,0,0,0,0,0,0,0,0,0,0,0,0,0,0,0,0,0,0,0,0,0,0,0,0,0,0,0,0,0,0,0,0,0,0,0,0,0,0,0,0,0,0
1986,26,23,59,11.987,2,7,1,0,0,0,1,1,25,1016,1016,1016,1016,0,0,0,0,0,1,1,0,0,0,-169.5968883,0,0,0,0,3,1,1,10,10,0,0,0,3,1,1,10,1000,0,0,0,0,0,0,0,0,0,0,0,0,0,0,0,0,0,0,0,0,0,0,0,0,0,0,0,0,0,0,0,0,0,0,0,0,0,0,0,0,0,0,0,0,0,0,0,0,0,0,0
1986,27,0,0,47.986,2,7,1,0,0,0,1,1,25,1016,1016,1016,1016,0,0,0,0,0,1,1,0,0,0,-169.6839756,0,0,0,0,3,1,1,10,10,0,0,0,3,1,1,10,1000,0,0,0,0,0,0,0,0,0,0,0,0,0,0,0,0,0,0,0,0,0,0,0,0,0,0,0,0,0,0,0,0,0,0,0,0,0,0,0,0,0,0,0,0,0,0,0,0,0,0,0
1986,27,0,1,35.986,2,7,1,0,0,0,1,1,25,1016,1016,1016,1016,0,0,0,0,0,1,1,0,0,0,-169.7275196,0,0,0,0,3,1,1,10,10,0,0,0,3,1,1,10,1000,0,0,0,0,0,0,0,0,0,0,0,0,0,0,0,0,0,0,0,0,0,0,0,0,0,0,0,0,0,0,0,0,0,0,0,0,0,0,0,0,0,0,0,0,0,0,0,0,0,0,0
1986,27,0,2,23.986,2,7,1,0,0,0,1,1,25,1016,1016,1016,1016,0,0,0,0,0,1,1,0,0,0,-169.7710634,0,0,0,0,3,1,1,10,10,0,0,0,3,1,1,10,1000,0,0,0,0,0,0,0,0,0,0,0,0,0,0,0,0,0,0,0,0,0,0,0,0,0,0,0,0,0,0,0,0,0,0,0,0,0,0,0,0,0,0,0,0,0,0,0,0,0,0,0
1986,27,0,3,11.986,2,7,1,0,0,0,1,1,25,1016,1016,1016,1016,0,0,0,0,0,1,1,0,0,0,-169.8146072,0,0,0,0,3,1,1,10,10,0,0,0,3,1,1,10,1000,0,0,0,0,0,0,0,0,0,0,0,0,0,0,0,0,0,0,0,0,0,0,0,0,0,0,0,0,0,0,0,0,0,0,0,0,0,0,0,0,0,0,0,0,0,0,0,0,0,0,0
1986,27,0,6,23.986,2,7,1,0,0,0,1,1,25,1016,1016,1016,1016,0,0,0,0,0,1,1,0,0,0,-169.9887816,0,0,0,0,3,1,1,10,10,0,0,0,3,1,1,10,1000,0,0,0,0,0,0,0,0,0,0,0,0,0,0,0,0,0,0,0,0,0,0,0,0,0,0,0,0,0,0,0,0,0,0,0,0,0,0,0,0,0,0,0,0,0,0,0,0,0,0,0
1986,27,0,7,11.986,2,7,1,0,0,0,1,1,25,1016,1016,1016,1016,0,0,0,0,0,1,1,0,0,0,-170.032325,0,0,0,0,3,1,1,10,10,0,0,0,3,1,1,10,1000,0,0,0,0,0,0,0,0,0,0,0,0,0,0,0,0,0,0,0,0,0,0,0,0,0,0,0,0,0,0,0,0,0,0,0,0,0,0,0,0,0,0,0,0,0,0,0,0,0,0,0
1986,27,0,7,59.986,2,7,1,0,0,0,1,1,25,1016,1016,1016,1016,0,0,0,0,0,1,1,0,0,0,-170.0758684,0,0,0,0,3,1,1,10,10,0,0,0,3,1,1,10,1000,0,0,0,0,0,0,0,0,0,0,0,0,0,0,0,0,0,0,0,0,0,0,0,0,0,0,0,0,0,0,0,0,0,0,0,0,0,0,0,0,0,0,0,0,0,0,0,0,0,0,0
1986,27,0,8,47.986,2,7,1,0,0,0,1,1,25,1016,1016,1016,1016,0,0,0,0,0,1,1,0,0,0,-170.1194116,0,0,0,0,3,1,1,10,10,0,0,0,3,1,1,10,1000,0,0,0,0,0,0,0,0,0,0,0,0,0,0,0,0,0,0,0,0,0,0,0,0,0,0,0,0,0,0,0,0,0,0,0,0,0,0,0,0,0,0,0,0,0,0,0,0,0,0,0
1986,27,0,9,35.986,2,7,1,0,0,0,1,1,25,1016,1016,1016,1016,0,0,0,0,0,1,1,0,0,0,-170.1629548,0,0,0,0,3,1,1,10,10,0,0,0,3,1,1,10,1000,0,0,0,0,0,0,0,0,0,0,0,0,0,0,0,0,0,0,0,0,0,0,0,0,0,0,0,0,0,0,0,0,0,0,0,0,0,0,0,0,0,0,0,0,0,0,0,0,0,0,0
1986,27,0,10,23.986,2,7,1,0,0,0,1,1,25,1016,1016,1016,1016,0,0,0,0,0,1,1,0,0,0,-170.2064978,0,0,0,0,3,1,1,10,10,0,0,0,3,1,1,10,1000,0,0,0,0,0,0,0,0,0,0,0,0,0,0,0,0,0,0,0,0,0,0,0,0,0,0,0,0,0,0,0,0,0,0,0,0,0,0,0,0,0,0,0,0,0,0,0,0,0,0,0
1986,27,0,11,11.986,2,7,1,0,0,0,1,1,25,1016,1016,1016,1016,0,0,0,0,0,1,1,0,0,0,-170.2500408,0,0,0,0,3,1,1,10,10,0,0,0,3,1,1,10,1000,0,0,0,0,0,0,0,0,0,0,0,0,0,0,0,0,0,0,0,0,0,0,0,0,0,0,0,0,0,0,0,0,0,0,0,0,0,0,0,0,0,0,0,0,0,0,0,0,0,0,0
1986,27,0,11,59.986,2,7,1,0,0,0,1,1,25,1016,1016,1016,1016,0,0,0,0,0,1,1,0,0,0,-170.2935838,0,0,0,0,3,1,1,10,10,0,0,0,3,1,1,10,1000,0,0,0,0,0,0,0,0,0,0,0,0,0,0,0,0,0,0,0,0,0,0,0,0,0,0,0,0,0,0,0,0,0,0,0,0,0,0,0,0,0,0,0,0,0,0,0,0,0,0,0
1986,27,0,12,47.986,2,7,1,0,0,0,1,1,25,1016,1016,1016,1016,0,0,0,0,0,1,1,0,0,0,-170.3371266,0,0,0,0,3,1,1,10,10,0,0,0,3,1,1,10,1000,0,0,0,0,0,0,0,0,0,0,0,0,0,0,0,0,0,0,0,0,0,0,0,0,0,0,0,0,0,0,0,0,0,0,0,0,0,0,0,0,0,0,0,0,0,0,0,0,0,0,0
1986,27,0,13,35.986,2,7,1,0,0,0,1,1,25,1016,1016,1016,1016,0,0,0,0,0,1,1,0,0,0,-170.3806694,0,0,0,0,3,1,1,10,10,0,0,0,3,1,1,10,1000,0,0,0,0,0,0,0,0,0,0,0,0,0,0,0,0,0,0,0,0,0,0,0,0,0,0,0,0,0,0,0,0,0,0,0,0,0,0,0,0,0,0,0,0,0,0,0,0,0,0,0
1986,27,0,14,23.985,2,7,1,0,0,0,1,1,25,1016,1016,1016,1016,0,0,0,0,0,1,1,0,0,0,-170.4242111,0,0,0,0,3,1,1,10,10,0,0,0,3,1,1,10,1000,0,0,0,0,0,0,0,0,0,0,0,0,0,0,0,0,0,0,0,0,0,0,0,0,0,0,0,0,0,0,0,0,0,0,0,0,0,0,0,0,0,0,0,0,0,0,0,0,0,0,0
1986,27,0,15,11.985,2,7,1,0,0,0,1,1,25,1016,1016,1016,1016,0,0,0,0,0,1,1,0,0,0,-170.4677537,0,0,0,0,3,1,1,10,10,0,0,0,3,1,1,10,1000,0,0,0,0,0,0,0,0,0,0,0,0,0,0,0,0,0,0,0,0,0,0,0,0,0,0,0,0,0,0,0,0,0,0,0,0,0,0,0,0,0,0,0,0,0,0,0,0,0,0,0
1986,27,0,18,23.985,2,7,1,0,0,0,1,1,25,1016,1016,1016,1016,0,0,0,0,0,1,1,0,0,0,-170.6419233,0,0,0,0,3,1,1,10,10,0,0,0,3,1,1,10,1000,0,0,0,0,0,0,0,0,0,0,0,0,0,0,0,0,0,0,0,0,0,0,0,0,0,0,0,0,0,0,0,0,0,0,0,0,0,0,0,0,0,0,0,0,0,0,0,0,0,0,0
1986,27,0,19,11.985,2,7,1,0,0,0,1,1,25,1016,1016,1016,1016,0,0,0,0,0,1,1,0,0,0,-170.6854655,0,0,0,0,3,1,1,10,10,0,0,0,3,1,1,10,1000,0,0,0,0,0,0,0,0,0,0,0,0,0,0,0,0,0,0,0,0,0,0,0,0,0,0,0,0,0,0,0,0,0,0,0,0,0,0,0,0,0,0,0,0,0,0,0,0,0,0,0
1986,27,0,19,59.985,2,7,1,0,0,0,1,1,25,1016,1016,1016,1016,0,0,0,0,0,1,1,0,0,0,-170.7290077,0,0,0,0,3,1,1,10,10,0,0,0,3,1,1,10,1000,0,0,0,0,0,0,0,0,0,0,0,0,0,0,0,0,0,0,0,0,0,0,0,0,0,0,0,0,0,0,0,0,0,0,0,0,0,0,0,0,0,0,0,0,0,0,0,0,0,0,0
1986,27,0,20,47.985,2,7,1,0,0,0,1,1,25,1016,1016,1016,1016,0,0,0,0,0,1,1,0,0,0,-170.7725497,0,0,0,0,3,1,1,10,10,0,0,0,3,1,1,10,1000,0,0,0,0,0,0,0,0,0,0,0,0,0,0,0,0,0,0,0,0,0,0,0,0,0,0,0,0,0,0,0,0,0,0,0,0,0,0,0,0,0,0,0,0,0,0,0,0,0,0,0
1986,27,0,21,35.985,2,7,1,0,0,0,1,1,25,1016,1016,1016,1016,0,0,0,0,0,1,1,0,0,0,-170.8160917,0,0,0,0,3,1,1,10,10,0,0,0,3,1,1,10,1000,0,0,0,0,0,0,0,0,0,0,0,0,0,0,0,0,0,0,0,0,0,0,0,0,0,0,0,0,0,0,0,0,0,0,0,0,0,0,0,0,0,0,0,0,0,0,0,0,0,0,0
1986,27,0,22,23.985,2,7,1,0,0,0,1,1,25,1016,1016,1016,1016,0,0,0,0,0,1,1,0,0,0,-170.8596335,0,0,0,0,3,1,1,10,10,0,0,0,3,1,1,10,1000,0,0,0,0,0,0,0,0,0,0,0,0,0,0,0,0,0,0,0,0,0,0,0,0,0,0,0,0,0,0,0,0,0,0,0,0,0,0,0,0,0,0,0,0,0,0,0,0,0,0,0
1986,27,0,23,11.985,2,7,1,0,0,0,1,1,25,1016,1016,1016,1016,0,0,0,0,0,1,1,0,0,0,-170.9031754,0,0,0,0,3,1,1,10,10,0,0,0,3,1,1,10,1000,0,0,0,0,0,0,0,0,0,0,0,0,0,0,0,0,0,0,0,0,0,0,0,0,0,0,0,0,0,0,0,0,0,0,0,0,0,0,0,0,0,0,0,0,0,0,0,0,0,0,0
1986,27,0,23,59.985,2,7,1,0,0,0,1,1,25,1016,1016,1016,1016,0,0,0,0,0,1,1,0,0,0,-170.9467171,0,0,0,0,3,1,1,10,10,0,0,0,3,1,1,10,1000,0,0,0,0,0,0,0,0,0,0,0,0,0,0,0,0,0,0,0,0,0,0,0,0,0,0,0,0,0,0,0,0,0,0,0,0,0,0,0,0,0,0,0,0,0,0,0,0,0,0,0
1986,27,0,24,47.985,2,7,1,0,0,0,1,1,25,1016,1016,1016,1016,0,0,0,0,0,1,1,0,0,0,-170.9902587,0,0,0,0,3,1,1,10,10,0,0,0,3,1,1,10,1000,0,0,0,0,0,0,0,0,0,0,0,0,0,0,0,0,0,0,0,0,0,0,0,0,0,0,0,0,0,0,0,0,0,0,0,0,0,0,0,0,0,0,0,0,0,0,0,0,0,0,0
1986,27,0,25,35.985,2,7,1,0,0,0,1,1,25,1016,1016,1016,1016,0,0,0,0,0,1,1,0,0,0,-171.0338003,0,0,0,0,3,1,1,10,10,0,0,0,3,1,1,10,1000,0,0,0,0,0,0,0,0,0,0,0,0,0,0,0,0,0,0,0,0,0,0,0,0,0,0,0,0,0,0,0,0,0,0,0,0,0,0,0,0,0,0,0,0,0,0,0,0,0,0,0
1986,27,0,26,23.985,2,7,1,0,0,0,1,1,25,1016,1016,1016,1016,0,0,0,0,0,1,1,0,0,0,-171.0773418,0,0,0,0,3,1,1,10,10,0,0,0,3,1,1,10,1000,0,0,0,0,0,0,0,0,0,0,0,0,0,0,0,0,0,0,0,0,0,0,0,0,0,0,0,0,0,0,0,0,0,0,0,0,0,0,0,0,0,0,0,0,0,0,0,0,0,0,0
1986,27,0,27,11.985,2,7,1,0,0,0,1,1,25,1016,1016,1016,1016,0,0,0,0,0,1,1,0,0,0,-171.1208832,0,0,0,0,3,1,1,10,10,0,0,0,3,1,1,10,1000,0,0,0,0,0,0,0,0,0,0,0,0,0,0,0,0,0,0,0,0,0,0,0,0,0,0,0,0,0,0,0,0,0,0,0,0,0,0,0,0,0,0,0,0,0,0,0,0,0,0,0
1986,27,0,30,23.984,2,7,1,0,0,0,1,1,25,1016,1016,1016,1016,0,0,0,0,0,1,1,0,0,0,-171.2950471,0,0,0,0,3,1,1,10,10,0,0,0,3,1,1,10,1000,0,0,0,0,0,0,0,0,0,0,0,0,0,0,0,0,0,0,0,0,0,0,0,0,0,0,0,0,0,0,0,0,0,0,0,0,0,0,0,0,0,0,0,0,0,0,0,0,0,0,0
1986,27,0,31,11.984,2,7,1,0,0,0,1,1,25,1016,1016,1016,1016,0,0,0,0,0,1,1,0,0,0,-171.3385881,0,0,0,0,3,1,1,10,10,0,0,0,3,1,1,10,1000,0,0,0,0,0,0,0,0,0,0,0,0,0,0,0,0,0,0,0,0,0,0,0,0,0,0,0,0,0,0,0,0,0,0,0,0,0,0,0,0,0,0,0,0,0,0,0,0,0,0,0
1986,27,0,31,59.984,2,7,1,0,0,0,1,1,25,1016,1016,1016,1016,0,0,0,0,0,1,1,0,0,0,-171.3821291,0,0,0,0,3,1,1,10,10,0,0,0,3,1,1,10,1000,0,0,0,0,0,0,0,0,0,0,0,0,0,0,0,0,0,0,0,0,0,0,0,0,0,0,0,0,0,0,0,0,0,0,0,0,0,0,0,0,0,0,0,0,0,0,0,0,0,0,0
1986,27,0,32,47.984,2,7,1,0,0,0,1,1,25,1016,1016,1016,1016,0,0,0,0,0,1,1,0,0,0,-171.4256699,0,0,0,0,3,1,1,10,10,0,0,0,3,1,1,10,1000,0,0,0,0,0,0,0,0,0,0,0,0,0,0,0,0,0,0,0,0,0,0,0,0,0,0,0,0,0,0,0,0,0,0,0,0,0,0,0,0,0,0,0,0,0,0,0,0,0,0,0
1986,27,0,33,35.984,2,7,1,0,0,0,1,1,25,1016,1016,1016,1016,0,0,0,0,0,1,1,0,0,0,-171.4692107,0,0,0,0,3,1,1,10,10,0,0,0,3,1,1,10,1000,0,0,0,0,0,0,0,0,0,0,0,0,0,0,0,0,0,0,0,0,0,0,0,0,0,0,0,0,0,0,0,0,0,0,0,0,0,0,0,0,0,0,0,0,0,0,0,0,0,0,0
1986,27,0,34,23.984,2,7,1,0,0,0,1,1,25,1016,1016,1016,1016,0,0,0,0,0,1,1,0,0,0,-171.5127514,0,0,0,0,3,1,1,10,10,0,0,0,3,1,1,10,1000,0,0,0,0,0,0,0,0,0,0,0,0,0,0,0,0,0,0,0,0,0,0,0,0,0,0,0,0,0,0,0,0,0,0,0,0,0,0,0,0,0,0,0,0,0,0,0,0,0,0,0
1986,27,0,35,11.984,2,7,1,0,0,0,1,1,25,1016,1016,1016,1016,0,0,0,0,0,1,1,0,0,0,-171.556292,0,0,0,0,3,1,1,10,10,0,0,0,3,1,1,10,1000,0,0,0,0,0,0,0,0,0,0,0,0,0,0,0,0,0,0,0,0,0,0,0,0,0,0,0,0,0,0,0,0,0,0,0,0,0,0,0,0,0,0,0,0,0,0,0,0,0,0,0
1986,27,0,35,59.984,2,7,1,0,0,0,1,1,25,1016,1016,1016,1016,0,0,0,0,0,1,1,0,0,0,-171.5998325,0,0,0,0,3,1,1,10,10,0,0,0,3,1,1,10,1000,0,0,0,0,0,0,0,0,0,0,0,0,0,0,0,0,0,0,0,0,0,0,0,0,0,0,0,0,0,0,0,0,0,0,0,0,0,0,0,0,0,0,0,0,0,0,0,0,0,0,0
1986,27,0,36,47.984,2,7,1,0,0,0,1,1,25,1016,1016,1016,1016,0,0,0,0,0,1,1,0,0,0,-171.643373,0,0,0,0,3,1,1,10,10,0,0,0,3,1,1,10,1000,0,0,0,0,0,0,0,0,0,0,0,0,0,0,0,0,0,0,0,0,0,0,0,0,0,0,0,0,0,0,0,0,0,0,0,0,0,0,0,0,0,0,0,0,0,0,0,0,0,0,0
1986,27,0,37,35.984,2,7,1,0,0,0,1,1,25,1016,1016,1016,1016,0,0,0,0,0,1,1,0,0,0,-171.6869134,0,0,0,0,3,1,1,10,10,0,0,0,3,1,1,10,1000,0,0,0,0,0,0,0,0,0,0,0,0,0,0,0,0,0,0,0,0,0,0,0,0,0,0,0,0,0,0,0,0,0,0,0,0,0,0,0,0,0,0,0,0,0,0,0,0,0,0,0
1986,27,0,38,23.984,2,7,1,0,0,0,1,1,25,1016,1016,1016,1016,0,0,0,0,0,1,1,0,0,0,-171.7304537,0,0,0,0,3,1,1,10,10,0,0,0,3,1,1,10,1000,0,0,0,0,0,0,0,0,0,0,0,0,0,0,0,0,0,0,0,0,0,0,0,0,0,0,0,0,0,0,0,0,0,0,0,0,0,0,0,0,0,0,0,0,0,0,0,0,0,0,0
1986,27,0,39,11.984,2,7,1,0,0,0,1,1,25,1016,1016,1016,1016,0,0,0,0,0,1,1,0,0,0,-171.7739939,0,0,0,0,3,1,1,10,10,0,0,0,3,1,1,10,1000,0,0,0,0,0,0,0,0,0,0,0,0,0,0,0,0,0,0,0,0,0,0,0,0,0,0,0,0,0,0,0,0,0,0,0,0,0,0,0,0,0,0,0,0,0,0,0,0,0,0,0
1986,27,0,42,23.984,2,7,1,0,0,0,1,1,25,1016,1016,1016,1016,0,0,0,0,0,1,1,0,0,0,-171.948154,0,0,0,0,3,1,1,10,10,0,0,0,3,1,1,10,1000,0,0,0,0,0,0,0,0,0,0,0,0,0,0,0,0,0,0,0,0,0,0,0,0,0,0,0,0,0,0,0,0,0,0,0,0,0,0,0,0,0,0,0,0,0,0,0,0,0,0,0
1986,27,0,43,11.984,2,7,1,0,0,0,1,1,25,1016,1016,1016,1016,0,0,0,0,0,1,1,0,0,0,-171.9916938,0,0,0,0,3,1,1,10,10,0,0,0,3,1,1,10,1000,0,0,0,0,0,0,0,0,0,0,0,0,0,0,0,0,0,0,0,0,0,0,0,0,0,0,0,0,0,0,0,0,0,0,0,0,0,0,0,0,0,0,0,0,0,0,0,0,0,0,0
1986,27,0,43,59.985,2,7,1,0,0,0,1,1,25,1016,1016,1016,1016,0,0,0,0,0,1,1,0,0,0,-172.0352345,0,0,0,0,3,1,1,10,10,0,0,0,3,1,1,10,1000,0,0,0,0,0,0,0,0,0,0,0,0,0,0,0,0,0,0,0,0,0,0,0,0,0,0,0,0,0,0,0,0,0,0,0,0,0,0,0,0,0,0,0,0,0,0,0,0,0,0,0
1986,27,0,44,47.983,2,7,1,0,0,0,1,1,25,1016,1016,1016,1016,0,0,0,0,0,1,1,0,0,0,-172.0787723,0,0,0,0,3,1,1,10,10,0,0,0,3,1,1,10,1000,0,0,0,0,0,0,0,0,0,0,0,0,0,0,0,0,0,0,0,0,0,0,0,0,0,0,0,0,0,0,0,0,0,0,0,0,0,0,0,0,0,0,0,0,0,0,0,0,0,0,0
1986,27,0,45,35.983,2,7,1,0,0,0,1,1,25,1016,1016,1016,1016,0,0,0,0,0,1,1,0,0,0,-172.1223119,0,0,0,0,3,1,1,10,10,0,0,0,3,1,1,10,1000,0,0,0,0,0,0,0,0,0,0,0,0,0,0,0,0,0,0,0,0,0,0,0,0,0,0,0,0,0,0,0,0,0,0,0,0,0,0,0,0,0,0,0,0,0,0,0,0,0,0,0
1986,27,0,46,23.983,2,7,1,0,0,0,1,1,25,1016,1016,1016,1016,0,0,0,0,0,1,1,0,0,0,-172.1658514,0,0,0,0,3,1,1,10,10,0,0,0,3,1,1,10,1000,0,0,0,0,0,0,0,0,0,0,0,0,0,0,0,0,0,0,0,0,0,0,0,0,0,0,0,0,0,0,0,0,0,0,0,0,0,0,0,0,0,0,0,0,0,0,0,0,0,0,0
1986,27,0,47,11.983,2,7,1,0,0,0,1,1,25,1016,1016,1016,1016,0,0,0,0,0,1,1,0,0,0,-172.2093909,0,0,0,0,3,1,1,10,10,0,0,0,3,1,1,10,1000,0,0,0,0,0,0,0,0,0,0,0,0,0,0,0,0,0,0,0,0,0,0,0,0,0,0,0,0,0,0,0,0,0,0,0,0,0,0,0,0,0,0,0,0,0,0,0,0,0,0,0
1986,27,0,47,59.983,2,7,1,0,0,0,1,1,25,1016,1016,1016,1016,0,0,0,0,0,1,1,0,0,0,-172.2529302,0,0,0,0,3,1,1,10,10,0,0,0,3,1,1,10,1000,0,0,0,0,0,0,0,0,0,0,0,0,0,0,0,0,0,0,0,0,0,0,0,0,0,0,0,0,0,0,0,0,0,0,0,0,0,0,0,0,0,0,0,0,0,0,0,0,0,0,0
1986,27,0,48,47.983,2,7,1,0,0,0,1,1,25,1016,1016,1016,1016,0,0,0,0,0,1,1,0,0,0,-172.2964695,0,0,0,0,3,1,1,10,10,0,0,0,3,1,1,10,1000,0,0,0,0,0,0,0,0,0,0,0,0,0,0,0,0,0,0,0,0,0,0,0,0,0,0,0,0,0,0,0,0,0,0,0,0,0,0,0,0,0,0,0,0,0,0,0,0,0,0,0
1986,27,0,49,35.983,2,7,1,0,0,0,1,1,25,1016,1016,1016,1016,0,0,0,0,0,1,1,0,0,0,-172.3400087,0,0,0,0,3,1,1,10,10,0,0,0,3,1,1,10,1000,0,0,0,0,0,0,0,0,0,0,0,0,0,0,0,0,0,0,0,0,0,0,0,0,0,0,0,0,0,0,0,0,0,0,0,0,0,0,0,0,0,0,0,0,0,0,0,0,0,0,0
1986,27,0,50,23.983,2,7,1,0,0,0,1,1,25,1016,1016,1016,1016,0,0,0,0,0,1,1,0,0,0,-172.3835478,0,0,0,0,3,1,1,10,10,0,0,0,3,1,1,10,1000,0,0,0,0,0,0,0,0,0,0,0,0,0,0,0,0,0,0,0,0,0,0,0,0,0,0,0,0,0,0,0,0,0,0,0,0,0,0,0,0,0,0,0,0,0,0,0,0,0,0,0
1986,27,0,51,11.983,2,7,1,0,0,0,1,1,25,1016,1016,1016,1016,0,0,0,0,0,1,1,0,0,0,-172.4270869,0,0,0,0,3,1,1,10,10,0,0,0,3,1,1,10,1000,0,0,0,0,0,0,0,0,0,0,0,0,0,0,0,0,0,0,0,0,0,0,0,0,0,0,0,0,0,0,0,0,0,0,0,0,0,0,0,0,0,0,0,0,0,0,0,0,0,0,0
1986,27,0,54,23.983,2,7,1,0,0,0,1,1,25,1016,1016,1016,1016,0,0,0,0,0,1,1,0,0,0,-172.6012423,0,0,0,0,3,1,1,10,10,0,0,0,3,1,1,10,1000,0,0,0,0,0,0,0,0,0,0,0,0,0,0,0,0,0,0,0,0,0,0,0,0,0,0,0,0,0,0,0,0,0,0,0,0,0,0,0,0,0,0,0,0,0,0,0,0,0,0,0
1986,27,0,55,11.983,2,7,1,0,0,0,1,1,25,1016,1016,1016,1016,0,0,0,0,0,1,1,0,0,0,-172.6447809,0,0,0,0,3,1,1,10,10,0,0,0,3,1,1,10,1000,0,0,0,0,0,0,0,0,0,0,0,0,0,0,0,0,0,0,0,0,0,0,0,0,0,0,0,0,0,0,0,0,0,0,0,0,0,0,0,0,0,0,0,0,0,0,0,0,0,0,0
1986,27,0,55,59.983,2,7,1,0,0,0,1,1,25,1016,1016,1016,1016,0,0,0,0,0,1,1,0,0,0,-172.6883195,0,0,0,0,3,1,1,10,10,0,0,0,3,1,1,10,1000,0,0,0,0,0,0,0,0,0,0,0,0,0,0,0,0,0,0,0,0,0,0,0,0,0,0,0,0,0,0,0,0,0,0,0,0,0,0,0,0,0,0,0,0,0,0,0,0,0,0,0
1986,27,0,56,47.983,2,7,1,0,0,0,1,1,25,1016,1016,1016,1016,0,0,0,0,0,1,1,0,0,0,-172.731858,0,0,0,0,3,1,1,10,10,0,0,0,3,1,1,10,1000,0,0,0,0,0,0,0,0,0,0,0,0,0,0,0,0,0,0,0,0,0,0,0,0,0,0,0,0,0,0,0,0,0,0,0,0,0,0,0,0,0,0,0,0,0,0,0,0,0,0,0
1986,27,0,57,35.983,2,7,1,0,0,0,1,1,25,1016,1016,1016,1016,0,0,0,0,0,1,1,0,0,0,-172.7753964,0,0,0,0,3,1,1,10,10,0,0,0,3,1,1,10,1000,0,0,0,0,0,0,0,0,0,0,0,0,0,0,0,0,0,0,0,0,0,0,0,0,0,0,0,0,0,0,0,0,0,0,0,0,0,0,0,0,0,0,0,0,0,0,0,0,0,0,0
1986,27,0,58,23.983,2,7,1,0,0,0,1,1,25,1016,1016,1016,1016,0,0,0,0,0,1,1,0,0,0,-172.8189348,0,0,0,0,3,1,1,10,10,0,0,0,3,1,1,10,1000,0,0,0,0,0,0,0,0,0,0,0,0,0,0,0,0,0,0,0,0,0,0,0,0,0,0,0,0,0,0,0,0,0,0,0,0,0,0,0,0,0,0,0,0,0,0,0,0,0,0,0
1986,27,0,59,11.983,2,7,1,0,0,0,1,1,25,1016,1016,1016,1016,0,0,0,0,0,1,1,0,0,0,-172.8624731,0,0,0,0,3,1,1,10,10,0,0,0,3,1,1,10,1000,0,0,0,0,0,0,0,0,0,0,0,0,0,0,0,0,0,0,0,0,0,0,0,0,0,0,0,0,0,0,0,0,0,0,0,0,0,0,0,0,0,0,0,0,0,0,0,0,0,0,0
1986,27,0,59,59.982,2,7,1,0,0,0,1,1,25,1016,1016,1016,1016,0,0,0,0,0,1,1,0,0,0,-172.9060103,0,0,0,0,3,1,1,10,10,0,0,0,3,1,1,10,1000,0,0,0,0,0,0,0,0,0,0,0,0,0,0,0,0,0,0,0,0,0,0,0,0,0,0,0,0,0,0,0,0,0,0,0,0,0,0,0,0,0,0,0,0,0,0,0,0,0,0,0
1986,27,1,0,47.982,2,7,1,0,0,0,1,1,25,1016,1016,1016,1016,0,0,0,0,0,1,1,0,0,0,-172.9495484,0,0,0,0,3,1,1,10,10,0,0,0,3,1,1,10,1000,0,0,0,0,0,0,0,0,0,0,0,0,0,0,0,0,0,0,0,0,0,0,0,0,0,0,0,0,0,0,0,0,0,0,0,0,0,0,0,0,0,0,0,0,0,0,0,0,0,0,0
1986,27,1,1,35.982,2,7,1,0,0,0,1,1,25,1016,1016,1016,1016,0,0,0,0,0,1,1,0,0,0,-172.9930865,0,0,0,0,3,1,1,10,10,0,0,0,3,1,1,10,1000,0,0,0,0,0,0,0,0,0,0,0,0,0,0,0,0,0,0,0,0,0,0,0,0,0,0,0,0,0,0,0,0,0,0,0,0,0,0,0,0,0,0,0,0,0,0,0,0,0,0,0
1986,27,1,2,23.982,2,7,1,0,0,0,1,1,25,1016,1016,1016,1016,0,0,0,0,0,1,1,0,0,0,-173.0366244,0,0,0,0,3,1,1,10,10,0,0,0,3,1,1,10,1000,0,0,0,0,0,0,0,0,0,0,0,0,0,0,0,0,0,0,0,0,0,0,0,0,0,0,0,0,0,0,0,0,0,0,0,0,0,0,0,0,0,0,0,0,0,0,0,0,0,0,0
1986,27,1,3,11.982,2,7,1,0,0,0,1,1,25,1016,1016,1016,1016,0,0,0,0,0,1,1,0,0,0,-173.0801623,0,0,0,0,3,1,1,10,10,0,0,0,3,1,1,10,1000,0,0,0,0,0,0,0,0,0,0,0,0,0,0,0,0,0,0,0,0,0,0,0,0,0,0,0,0,0,0,0,0,0,0,0,0,0,0,0,0,0,0,0,0,0,0,0,0,0,0,0
1986,27,1,6,23.982,2,7,1,0,0,0,1,1,25,1016,1016,1016,1016,0,0,0,0,0,1,1,0,0,0,-173.254313,0,0,0,0,3,1,1,10,10,0,0,0,3,1,1,10,1000,0,0,0,0,0,0,0,0,0,0,0,0,0,0,0,0,0,0,0,0,0,0,0,0,0,0,0,0,0,0,0,0,0,0,0,0,0,0,0,0,0,0,0,0,0,0,0,0,0,0,0
1986,27,1,7,11.982,2,7,1,0,0,0,1,1,25,1016,1016,1016,1016,0,0,0,0,0,1,1,0,0,0,-173.2978505,0,0,0,0,3,1,1,10,10,0,0,0,3,1,1,10,1000,0,0,0,0,0,0,0,0,0,0,0,0,0,0,0,0,0,0,0,0,0,0,0,0,0,0,0,0,0,0,0,0,0,0,0,0,0,0,0,0,0,0,0,0,0,0,0,0,0,0,0
1986,27,1,7,59.982,2,7,1,0,0,0,1,1,25,1016,1016,1016,1016,0,0,0,0,0,1,1,0,0,0,-173.3413879,0,0,0,0,3,1,1,10,10,0,0,0,3,1,1,10,1000,0,0,0,0,0,0,0,0,0,0,0,0,0,0,0,0,0,0,0,0,0,0,0,0,0,0,0,0,0,0,0,0,0,0,0,0,0,0,0,0,0,0,0,0,0,0,0,0,0,0,0
1986,27,1,8,47.982,2,7,1,0,0,0,1,1,25,1016,1016,1016,1016,0,0,0,0,0,1,1,0,0,0,-173.3849253,0,0,0,0,3,1,1,10,10,0,0,0,3,1,1,10,1000,0,0,0,0,0,0,0,0,0,0,0,0,0,0,0,0,0,0,0,0,0,0,0,0,0,0,0,0,0,0,0,0,0,0,0,0,0,0,0,0,0,0,0,0,0,0,0,0,0,0,0
1986,27,1,9,35.982,2,7,1,0,0,0,1,1,25,1016,1016,1016,1016,0,0,0,0,0,1,1,0,0,0,-173.4284625,0,0,0,0,3,1,1,10,10,0,0,0,3,1,1,10,1000,0,0,0,0,0,0,0,0,0,0,0,0,0,0,0,0,0,0,0,0,0,0,0,0,0,0,0,0,0,0,0,0,0,0,0,0,0,0,0,0,0,0,0,0,0,0,0,0,0,0,0
1986,27,1,10,23.982,2,7,1,0,0,0,1,1,25,1016,1016,1016,1016,0,0,0,0,0,1,1,0,0,0,-173.4719997,0,0,0,0,3,1,1,10,10,0,0,0,3,1,1,10,1000,0,0,0,0,0,0,0,0,0,0,0,0,0,0,0,0,0,0,0,0,0,0,0,0,0,0,0,0,0,0,0,0,0,0,0,0,0,0,0,0,0,0,0,0,0,0,0,0,0,0,0
1986,27,1,11,11.982,2,7,1,0,0,0,1,1,25,1016,1016,1016,1016,0,0,0,0,0,1,1,0,0,0,-173.5155368,0,0,0,0,3,1,1,10,10,0,0,0,3,1,1,10,1000,0,0,0,0,0,0,0,0,0,0,0,0,0,0,0,0,0,0,0,0,0,0,0,0,0,0,0,0,0,0,0,0,0,0,0,0,0,0,0,0,0,0,0,0,0,0,0,0,0,0,0
1986,27,1,11,59.982,2,7,1,0,0,0,1,1,25,1016,1016,1016,1016,0,0,0,0,0,1,1,0,0,0,-173.5590738,0,0,0,0,3,1,1,10,10,0,0,0,3,1,1,10,1000,0,0,0,0,0,0,0,0,0,0,0,0,0,0,0,0,0,0,0,0,0,0,0,0,0,0,0,0,0,0,0,0,0,0,0,0,0,0,0,0,0,0,0,0,0,0,0,0,0,0,0
1986,27,1,12,47.982,2,7,1,0,0,0,1,1,25,1016,1016,1016,1016,0,0,0,0,0,1,1,0,0,0,-173.6026108,0,0,0,0,3,1,1,10,10,0,0,0,3,1,1,10,1000,0,0,0,0,0,0,0,0,0,0,0,0,0,0,0,0,0,0,0,0,0,0,0,0,0,0,0,0,0,0,0,0,0,0,0,0,0,0,0,0,0,0,0,0,0,0,0,0,0,0,0
1986,27,1,13,35.982,2,7,1,0,0,0,1,1,25,1016,1016,1016,1016,0,0,0,0,0,1,1,0,0,0,-173.6461476,0,0,0,0,3,1,1,10,10,0,0,0,3,1,1,10,1000,0,0,0,0,0,0,0,0,0,0,0,0,0,0,0,0,0,0,0,0,0,0,0,0,0,0,0,0,0,0,0,0,0,0,0,0,0,0,0,0,0,0,0,0,0,0,0,0,0,0,0
1986,27,1,14,23.982,2,7,1,0,0,0,1,1,25,1016,1016,1016,1016,0,0,0,0,0,1,1,0,0,0,-173.6896844,0,0,0,0,3,1,1,10,10,0,0,0,3,1,1,10,1000,0,0,0,0,0,0,0,0,0,0,0,0,0,0,0,0,0,0,0,0,0,0,0,0,0,0,0,0,0,0,0,0,0,0,0,0,0,0,0,0,0,0,0,0,0,0,0,0,0,0,0
1986,27,1,15,11.981,2,7,1,0,0,0,1,1,25,1016,1016,1016,1016,0,0,0,0,0,1,1,0,0,0,-173.7332202,0,0,0,0,3,1,1,10,10,0,0,0,3,1,1,10,1000,0,0,0,0,0,0,0,0,0,0,0,0,0,0,0,0,0,0,0,0,0,0,0,0,0,0,0,0,0,0,0,0,0,0,0,0,0,0,0,0,0,0,0,0,0,0,0,0,0,0,0
1986,27,1,18,23.981,2,7,1,0,0,0,1,1,25,1016,1016,1016,1016,0,0,0,0,0,1,1,0,0,0,-173.9073663,0,0,0,0,3,1,1,10,10,0,0,0,3,1,1,10,1000,0,0,0,0,0,0,0,0,0,0,0,0,0,0,0,0,0,0,0,0,0,0,0,0,0,0,0,0,0,0,0,0,0,0,0,0,0,0,0,0,0,0,0,0,0,0,0,0,0,0,0
1986,27,1,19,11.981,2,7,1,0,0,0,1,1,25,1016,1016,1016,1016,0,0,0,0,0,1,1,0,0,0,-173.9509026,0,0,0,0,3,1,1,10,10,0,0,0,3,1,1,10,1000,0,0,0,0,0,0,0,0,0,0,0,0,0,0,0,0,0,0,0,0,0,0,0,0,0,0,0,0,0,0,0,0,0,0,0,0,0,0,0,0,0,0,0,0,0,0,0,0,0,0,0
1986,27,1,19,59.981,2,7,1,0,0,0,1,1,25,1016,1016,1016,1016,0,0,0,0,0,1,1,0,0,0,-173.9944389,0,0,0,0,3,1,1,10,10,0,0,0,3,1,1,10,1000,0,0,0,0,0,0,0,0,0,0,0,0,0,0,0,0,0,0,0,0,0,0,0,0,0,0,0,0,0,0,0,0,0,0,0,0,0,0,0,0,0,0,0,0,0,0,0,0,0,0,0
1986,27,1,20,47.981,2,7,1,0,0,0,1,1,25,1016,1016,1016,1016,0,0,0,0,0,1,1,0,0,0,-174.0379751,0,0,0,0,3,1,1,10,10,0,0,0,3,1,1,10,1000,0,0,0,0,0,0,0,0,0,0,0,0,0,0,0,0,0,0,0,0,0,0,0,0,0,0,0,0,0,0,0,0,0,0,0,0,0,0,0,0,0,0,0,0,0,0,0,0,0,0,0
1986,27,1,21,35.981,2,7,1,0,0,0,1,1,25,1016,1016,1016,1016,0,0,0,0,0,1,1,0,0,0,-174.0815112,0,0,0,0,3,1,1,10,10,0,0,0,3,1,1,10,1000,0,0,0,0,0,0,0,0,0,0,0,0,0,0,0,0,0,0,0,0,0,0,0,0,0,0,0,0,0,0,0,0,0,0,0,0,0,0,0,0,0,0,0,0,0,0,0,0,0,0,0
1986,27,1,22,23.981,2,7,1,0,0,0,1,1,25,1016,1016,1016,1016,0,0,0,0,0,1,1,0,0,0,-174.1250472,0,0,0,0,3,1,1,10,10,0,0,0,3,1,1,10,1000,0,0,0,0,0,0,0,0,0,0,0,0,0,0,0,0,0,0,0,0,0,0,0,0,0,0,0,0,0,0,0,0,0,0,0,0,0,0,0,0,0,0,0,0,0,0,0,0,0,0,0
1986,27,1,23,11.981,2,7,1,0,0,0,1,1,25,1016,1016,1016,1016,0,0,0,0,0,1,1,0,0,0,-174.1685831,0,0,0,0,3,1,1,10,10,0,0,0,3,1,1,10,1000,0,0,0,0,0,0,0,0,0,0,0,0,0,0,0,0,0,0,0,0,0,0,0,0,0,0,0,0,0,0,0,0,0,0,0,0,0,0,0,0,0,0,0,0,0,0,0,0,0,0,0
1986,27,1,23,59.981,2,7,1,0,0,0,1,1,25,1016,1016,1016,1016,0,0,0,0,0,1,1,0,0,0,-174.212119,0,0,0,0,3,1,1,10,10,0,0,0,3,1,1,10,1000,0,0,0,0,0,0,0,0,0,0,0,0,0,0,0,0,0,0,0,0,0,0,0,0,0,0,0,0,0,0,0,0,0,0,0,0,0,0,0,0,0,0,0,0,0,0,0,0,0,0,0
1986,27,1,24,47.981,2,7,1,0,0,0,1,1,25,1016,1016,1016,1016,0,0,0,0,0,1,1,0,0,0,-174.2556548,0,0,0,0,3,1,1,10,10,0,0,0,3,1,1,10,1000,0,0,0,0,0,0,0,0,0,0,0,0,0,0,0,0,0,0,0,0,0,0,0,0,0,0,0,0,0,0,0,0,0,0,0,0,0,0,0,0,0,0,0,0,0,0,0,0,0,0,0
1986,27,1,25,35.981,2,7,1,0,0,0,1,1,25,1016,1016,1016,1016,0,0,0,0,0,1,1,0,0,0,-174.2991905,0,0,0,0,3,1,1,10,10,0,0,0,3,1,1,10,1000,0,0,0,0,0,0,0,0,0,0,0,0,0,0,0,0,0,0,0,0,0,0,0,0,0,0,0,0,0,0,0,0,0,0,0,0,0,0,0,0,0,0,0,0,0,0,0,0,0,0,0
1986,27,1,26,23.981,2,7,1,0,0,0,1,1,25,1016,1016,1016,1016,0,0,0,0,0,1,1,0,0,0,-174.3427261,0,0,0,0,3,1,1,10,10,0,0,0,3,1,1,10,1000,0,0,0,0,0,0,0,0,0,0,0,0,0,0,0,0,0,0,0,0,0,0,0,0,0,0,0,0,0,0,0,0,0,0,0,0,0,0,0,0,0,0,0,0,0,0,0,0,0,0,0
1986,27,1,27,11.981,2,7,1,0,0,0,1,1,25,1016,1016,1016,1016,0,0,0,0,0,1,1,0,0,0,-174.3862617,0,0,0,0,3,1,1,10,10,0,0,0,3,1,1,10,1000,0,0,0,0,0,0,0,0,0,0,0,0,0,0,0,0,0,0,0,0,0,0,0,0,0,0,0,0,0,0,0,0,0,0,0,0,0,0,0,0,0,0,0,0,0,0,0,0,0,0,0
1986,27,1,30,23.98,2,7,1,0,0,0,1,1,25,1016,1016,1016,1016,0,0,0,0,0,1,1,0,0,0,-174.5604023,0,0,0,0,3,1,1,10,10,0,0,0,3,1,1,10,1000,0,0,0,0,0,0,0,0,0,0,0,0,0,0,0,0,0,0,0,0,0,0,0,0,0,0,0,0,0,0,0,0,0,0,0,0,0,0,0,0,0,0,0,0,0,0,0,0,0,0,0
1986,27,1,31,11.98,2,7,1,0,0,0,1,1,25,1016,1016,1016,1016,0,0,0,0,0,1,1,0,0,0,-174.6039374,0,0,0,0,3,1,1,10,10,0,0,0,3,1,1,10,1000,0,0,0,0,0,0,0,0,0,0,0,0,0,0,0,0,0,0,0,0,0,0,0,0,0,0,0,0,0,0,0,0,0,0,0,0,0,0,0,0,0,0,0,0,0,0,0,0,0,0,0
1986,27,1,31,59.98,2,7,1,0,0,0,1,1,25,1016,1016,1016,1016,0,0,0,0,0,1,1,0,0,0,-174.6474725,0,0,0,0,3,1,1,10,10,0,0,0,3,1,1,10,1000,0,0,0,0,0,0,0,0,0,0,0,0,0,0,0,0,0,0,0,0,0,0,0,0,0,0,0,0,0,0,0,0,0,0,0,0,0,0,0,0,0,0,0,0,0,0,0,0,0,0,0
1986,27,1,32,47.98,2,7,1,0,0,0,1,1,25,1016,1016,1016,1016,0,0,0,0,0,1,1,0,0,0,-174.6910076,0,0,0,0,3,1,1,10,10,0,0,0,3,1,1,10,1000,0,0,0,0,0,0,0,0,0,0,0,0,0,0,0,0,0,0,0,0,0,0,0,0,0,0,0,0,0,0,0,0,0,0,0,0,0,0,0,0,0,0,0,0,0,0,0,0,0,0,0
1986,27,1,33,35.98,2,7,1,0,0,0,1,1,25,1016,1016,1016,1016,0,0,0,0,0,1,1,0,0,0,-174.7345425,0,0,0,0,3,1,1,10,10,0,0,0,3,1,1,10,1000,0,0,0,0,0,0,0,0,0,0,0,0,0,0,0,0,0,0,0,0,0,0,0,0,0,0,0,0,0,0,0,0,0,0,0,0,0,0,0,0,0,0,0,0,0,0,0,0,0,0,0
1986,27,1,34,23.98,2,7,1,0,0,0,1,1,25,1016,1016,1016,1016,0,0,0,0,0,1,1,0,0,0,-174.7780774,0,0,0,0,3,1,1,10,10,0,0,0,3,1,1,10,1000,0,0,0,0,0,0,0,0,0,0,0,0,0,0,0,0,0,0,0,0,0,0,0,0,0,0,0,0,0,0,0,0,0,0,0,0,0,0,0,0,0,0,0,0,0,0,0,0,0,0,0
1986,27,1,35,11.98,2,7,1,0,0,0,1,1,25,1016,1016,1016,1016,0,0,0,0,0,1,1,0,0,0,-174.8216122,0,0,0,0,3,1,1,10,10,0,0,0,3,1,1,10,1000,0,0,0,0,0,0,0,0,0,0,0,0,0,0,0,0,0,0,0,0,0,0,0,0,0,0,0,0,0,0,0,0,0,0,0,0,0,0,0,0,0,0,0,0,0,0,0,0,0,0,0
1986,27,1,35,59.98,2,7,1,0,0,0,1,1,25,1016,1016,1016,1016,0,0,0,0,0,1,1,0,0,0,-174.8651469,0,0,0,0,3,1,1,10,10,0,0,0,3,1,1,10,1000,0,0,0,0,0,0,0,0,0,0,0,0,0,0,0,0,0,0,0,0,0,0,0,0,0,0,0,0,0,0,0,0,0,0,0,0,0,0,0,0,0,0,0,0,0,0,0,0,0,0,0
1986,27,1,36,47.98,2,7,1,0,0,0,1,1,25,1016,1016,1016,1016,0,0,0,0,0,1,1,0,0,0,-174.9086815,0,0,0,0,3,1,1,10,10,0,0,0,3,1,1,10,1000,0,0,0,0,0,0,0,0,0,0,0,0,0,0,0,0,0,0,0,0,0,0,0,0,0,0,0,0,0,0,0,0,0,0,0,0,0,0,0,0,0,0,0,0,0,0,0,0,0,0,0
1986,27,1,37,35.98,2,7,1,0,0,0,1,1,25,1016,1016,1016,1016,0,0,0,0,0,1,1,0,0,0,-174.9522161,0,0,0,0,3,1,1,10,10,0,0,0,3,1,1,10,1000,0,0,0,0,0,0,0,0,0,0,0,0,0,0,0,0,0,0,0,0,0,0,0,0,0,0,0,0,0,0,0,0,0,0,0,0,0,0,0,0,0,0,0,0,0,0,0,0,0,0,0
1986,27,1,38,23.98,2,7,1,0,0,0,1,1,25,1016,1016,1016,1016,0,0,0,0,0,1,1,0,0,0,-174.9957506,0,0,0,0,3,1,1,10,10,0,0,0,3,1,1,10,1000,0,0,0,0,0,0,0,0,0,0,0,0,0,0,0,0,0,0,0,0,0,0,0,0,0,0,0,0,0,0,0,0,0,0,0,0,0,0,0,0,0,0,0,0,0,0,0,0,0,0,0
1986,27,1,39,11.98,2,7,1,0,0,0,1,1,25,1016,1016,1016,1016,0,0,0,0,0,1,1,0,0,0,-175.039285,0,0,0,0,3,1,1,10,10,0,0,0,3,1,1,10,1000,0,0,0,0,0,0,0,0,0,0,0,0,0,0,0,0,0,0,0,0,0,0,0,0,0,0,0,0,0,0,0,0,0,0,0,0,0,0,0,0,0,0,0,0,0,0,0,0,0,0,0
1986,27,1,42,23.98,2,7,1,0,0,0,1,1,25,1016,1016,1016,1016,0,0,0,0,0,1,1,0,0,0,-175.2134219,0,0,0,0,3,1,1,10,10,0,0,0,3,1,1,10,1000,0,0,0,0,0,0,0,0,0,0,0,0,0,0,0,0,0,0,0,0,0,0,0,0,0,0,0,0,0,0,0,0,0,0,0,0,0,0,0,0,0,0,0,0,0,0,0,0,0,0,0
1986,27,1,43,11.98,2,7,1,0,0,0,1,1,25,1016,1016,1016,1016,0,0,0,0,0,1,1,0,0,0,-175.2569559,0,0,0,0,3,1,1,10,10,0,0,0,3,1,1,10,1000,0,0,0,0,0,0,0,0,0,0,0,0,0,0,0,0,0,0,0,0,0,0,0,0,0,0,0,0,0,0,0,0,0,0,0,0,0,0,0,0,0,0,0,0,0,0,0,0,0,0,0
1986,27,1,43,59.98,2,7,1,0,0,0,1,1,25,1016,1016,1016,1016,0,0,0,0,0,1,1,0,0,0,-175.3004899,0,0,0,0,3,1,1,10,10,0,0,0,3,1,1,10,1000,0,0,0,0,0,0,0,0,0,0,0,0,0,0,0,0,0,0,0,0,0,0,0,0,0,0,0,0,0,0,0,0,0,0,0,0,0,0,0,0,0,0,0,0,0,0,0,0,0,0,0
1986,27,1,44,47.98,2,7,1,0,0,0,1,1,25,1016,1016,1016,1016,0,0,0,0,0,1,1,0,0,0,-175.3440238,0,0,0,0,3,1,1,10,10,0,0,0,3,1,1,10,1000,0,0,0,0,0,0,0,0,0,0,0,0,0,0,0,0,0,0,0,0,0,0,0,0,0,0,0,0,0,0,0,0,0,0,0,0,0,0,0,0,0,0,0,0,0,0,0,0,0,0,0
1986,27,1,45,35.979,2,7,1,0,0,0,1,1,25,1016,1016,1016,1016,0,0,0,0,0,1,1,0,0,0,-175.3875567,0,0,0,0,3,1,1,10,10,0,0,0,3,1,1,10,1000,0,0,0,0,0,0,0,0,0,0,0,0,0,0,0,0,0,0,0,0,0,0,0,0,0,0,0,0,0,0,0,0,0,0,0,0,0,0,0,0,0,0,0,0,0,0,0,0,0,0,0
1986,27,1,46,23.979,2,7,1,0,0,0,1,1,25,1016,1016,1016,1016,0,0,0,0,0,1,1,0,0,0,-175.4310904,0,0,0,0,3,1,1,10,10,0,0,0,3,1,1,10,1000,0,0,0,0,0,0,0,0,0,0,0,0,0,0,0,0,0,0,0,0,0,0,0,0,0,0,0,0,0,0,0,0,0,0,0,0,0,0,0,0,0,0,0,0,0,0,0,0,0,0,0
1986,27,1,47,11.979,2,7,1,0,0,0,1,1,25,1016,1016,1016,1016,0,0,0,0,0,1,1,0,0,0,-175.4746241,0,0,0,0,3,1,1,10,10,0,0,0,3,1,1,10,1000,0,0,0,0,0,0,0,0,0,0,0,0,0,0,0,0,0,0,0,0,0,0,0,0,0,0,0,0,0,0,0,0,0,0,0,0,0,0,0,0,0,0,0,0,0,0,0,0,0,0,0
1986,27,1,47,59.979,2,7,1,0,0,0,1,1,25,1016,1016,1016,1016,0,0,0,0,0,1,1,0,0,0,-175.5181576,0,0,0,0,3,1,1,10,10,0,0,0,3,1,1,10,1000,0,0,0,0,0,0,0,0,0,0,0,0,0,0,0,0,0,0,0,0,0,0,0,0,0,0,0,0,0,0,0,0,0,0,0,0,0,0,0,0,0,0,0,0,0,0,0,0,0,0,0
1986,27,1,48,47.979,2,7,1,0,0,0,1,1,25,1016,1016,1016,1016,0,0,0,0,0,1,1,0,0,0,-175.5616911,0,0,0,0,3,1,1,10,10,0,0,0,3,1,1,10,1000,0,0,0,0,0,0,0,0,0,0,0,0,0,0,0,0,0,0,0,0,0,0,0,0,0,0,0,0,0,0,0,0,0,0,0,0,0,0,0,0,0,0,0,0,0,0,0,0,0,0,0
1986,27,1,49,35.979,2,7,1,0,0,0,1,1,25,1016,1016,1016,1016,0,0,0,0,0,1,1,0,0,0,-175.6052246,0,0,0,0,3,1,1,10,10,0,0,0,3,1,1,10,1000,0,0,0,0,0,0,0,0,0,0,0,0,0,0,0,0,0,0,0,0,0,0,0,0,0,0,0,0,0,0,0,0,0,0,0,0,0,0,0,0,0,0,0,0,0,0,0,0,0,0,0
1986,27,1,50,23.979,2,7,1,0,0,0,1,1,25,1016,1016,1016,1016,0,0,0,0,0,1,1,0,0,0,-175.6487579,0,0,0,0,3,1,1,10,10,0,0,0,3,1,1,10,1000,0,0,0,0,0,0,0,0,0,0,0,0,0,0,0,0,0,0,0,0,0,0,0,0,0,0,0,0,0,0,0,0,0,0,0,0,0,0,0,0,0,0,0,0,0,0,0,0,0,0,0
1986,27,1,51,11.979,2,7,1,0,0,0,1,1,25,1016,1016,1016,1016,0,0,0,0,0,1,1,0,0,0,-175.6922912,0,0,0,0,3,1,1,10,10,0,0,0,3,1,1,10,1000,0,0,0,0,0,0,0,0,0,0,0,0,0,0,0,0,0,0,0,0,0,0,0,0,0,0,0,0,0,0,0,0,0,0,0,0,0,0,0,0,0,0,0,0,0,0,0,0,0,0,0
1986,27,1,54,23.979,2,7,1,0,0,0,1,1,25,1016,1016,1016,1016,0,0,0,0,0,1,1,0,0,0,-175.8664235,0,0,0,0,3,1,1,10,10,0,0,0,3,1,1,10,1000,0,0,0,0,0,0,0,0,0,0,0,0,0,0,0,0,0,0,0,0,0,0,0,0,0,0,0,0,0,0,0,0,0,0,0,0,0,0,0,0,0,0,0,0,0,0,0,0,0,0,0
1986,27,1,55,11.979,2,7,1,0,0,0,1,1,25,1016,1016,1016,1016,0,0,0,0,0,1,1,0,0,0,-175.9099564,0,0,0,0,3,1,1,10,10,0,0,0,3,1,1,10,1000,0,0,0,0,0,0,0,0,0,0,0,0,0,0,0,0,0,0,0,0,0,0,0,0,0,0,0,0,0,0,0,0,0,0,0,0,0,0,0,0,0,0,0,0,0,0,0,0,0,0,0
1986,27,1,55,59.979,2,7,1,0,0,0,1,1,25,1016,1016,1016,1016,0,0,0,0,0,1,1,0,0,0,-175.9534892,0,0,0,0,3,1,1,10,10,0,0,0,3,1,1,10,1000,0,0,0,0,0,0,0,0,0,0,0,0,0,0,0,0,0,0,0,0,0,0,0,0,0,0,0,0,0,0,0,0,0,0,0,0,0,0,0,0,0,0,0,0,0,0,0,0,0,0,0
1986,27,1,56,47.979,2,7,1,0,0,0,1,1,25,1016,1016,1016,1016,0,0,0,0,0,1,1,0,0,0,-175.997022,0,0,0,0,3,1,1,10,10,0,0,0,3,1,1,10,1000,0,0,0,0,0,0,0,0,0,0,0,0,0,0,0,0,0,0,0,0,0,0,0,0,0,0,0,0,0,0,0,0,0,0,0,0,0,0,0,0,0,0,0,0,0,0,0,0,0,0,0
1986,27,1,57,35.979,2,7,1,0,0,0,1,1,25,1016,1016,1016,1016,0,0,0,0,0,1,1,0,0,0,-176.0405547,0,0,0,0,3,1,1,10,10,0,0,0,3,1,1,10,1000,0,0,0,0,0,0,0,0,0,0,0,0,0,0,0,0,0,0,0,0,0,0,0,0,0,0,0,0,0,0,0,0,0,0,0,0,0,0,0,0,0,0,0,0,0,0,0,0,0,0,0
1986,27,1,58,23.979,2,7,1,0,0,0,1,1,25,1016,1016,1016,1016,0,0,0,0,0,1,1,0,0,0,-176.0840873,0,0,0,0,3,1,1,10,10,0,0,0,3,1,1,10,1000,0,0,0,0,0,0,0,0,0,0,0,0,0,0,0,0,0,0,0,0,0,0,0,0,0,0,0,0,0,0,0,0,0,0,0,0,0,0,0,0,0,0,0,0,0,0,0,0,0,0,0
1986,27,1,59,11.979,2,7,1,0,0,0,1,1,25,1016,1016,1016,1016,0,0,0,0,0,1,1,0,0,0,-176.1276198,0,0,0,0,3,1,1,10,10,0,0,0,3,1,1,10,1000,0,0,0,0,0,0,0,0,0,0,0,0,0,0,0,0,0,0,0,0,0,0,0,0,0,0,0,0,0,0,0,0,0,0,0,0,0,0,0,0,0,0,0,0,0,0,0,0,0,0,0
1986,27,1,59,59.979,2,7,1,0,0,0,1,1,25,1016,1016,1016,1016,0,0,0,0,0,1,1,0,0,0,-176.1711522,0,0,0,0,3,1,1,10,10,0,0,0,3,1,1,10,1000,0,0,0,0,0,0,0,0,0,0,0,0,0,0,0,0,0,0,0,0,0,0,0,0,0,0,0,0,0,0,0,0,0,0,0,0,0,0,0,0,0,0,0,0,0,0,0,0,0,0,0
1986,27,2,0,47.978,2,7,1,0,0,0,1,1,25,1016,1016,1016,1016,0,0,0,0,0,1,1,0,0,0,-176.2146837,0,0,0,0,3,1,1,10,10,0,0,0,3,1,1,10,1000,0,0,0,0,0,0,0,0,0,0,0,0,0,0,0,0,0,0,0,0,0,0,0,0,0,0,0,0,0,0,0,0,0,0,0,0,0,0,0,0,0,0,0,0,0,0,0,0,0,0,0
1986,27,2,1,35.978,2,7,1,0,0,0,1,1,25,1016,1016,1016,1016,0,0,0,0,0,1,1,0,0,0,-176.258216,0,0,0,0,3,1,1,10,10,0,0,0,3,1,1,10,1000,0,0,0,0,0,0,0,0,0,0,0,0,0,0,0,0,0,0,0,0,0,0,0,0,0,0,0,0,0,0,0,0,0,0,0,0,0,0,0,0,0,0,0,0,0,0,0,0,0,0,0
1986,27,2,2,23.978,2,7,1,0,0,0,1,1,25,1016,1016,1016,1016,0,0,0,0,0,1,1,0,0,0,-176.3017482,0,0,0,0,3,1,1,10,10,0,0,0,3,1,1,10,1000,0,0,0,0,0,0,0,0,0,0,0,0,0,0,0,0,0,0,0,0,0,0,0,0,0,0,0,0,0,0,0,0,0,0,0,0,0,0,0,0,0,0,0,0,0,0,0,0,0,0,0
1986,27,2,3,11.978,2,7,1,0,0,0,1,1,25,1016,1016,1016,1016,0,0,0,0,0,1,1,0,0,0,-176.3452803,0,0,0,0,3,1,1,10,10,0,0,0,3,1,1,10,1000,0,0,0,0,0,0,0,0,0,0,0,0,0,0,0,0,0,0,0,0,0,0,0,0,0,0,0,0,0,0,0,0,0,0,0,0,0,0,0,0,0,0,0,0,0,0,0,0,0,0,0
1986,27,2,6,23.978,2,7,1,0,0,0,1,1,25,1016,1016,1016,1016,0,0,0,0,0,1,1,0,0,0,-176.5194081,0,0,0,0,3,1,1,10,10,0,0,0,3,1,1,10,1000,0,0,0,0,0,0,0,0,0,0,0,0,0,0,0,0,0,0,0,0,0,0,0,0,0,0,0,0,0,0,0,0,0,0,0,0,0,0,0,0,0,0,0,0,0,0,0,0,0,0,0
1986,27,2,7,11.978,2,7,1,0,0,0,1,1,25,1016,1016,1016,1016,0,0,0,0,0,1,1,0,0,0,-176.5629399,0,0,0,0,3,1,1,10,10,0,0,0,3,1,1,10,1000,0,0,0,0,0,0,0,0,0,0,0,0,0,0,0,0,0,0,0,0,0,0,0,0,0,0,0,0,0,0,0,0,0,0,0,0,0,0,0,0,0,0,0,0,0,0,0,0,0,0,0
1986,27,2,7,59.978,2,7,1,0,0,0,1,1,25,1016,1016,1016,1016,0,0,0,0,0,1,1,0,0,0,-176.6064716,0,0,0,0,3,1,1,10,10,0,0,0,3,1,1,10,1000,0,0,0,0,0,0,0,0,0,0,0,0,0,0,0,0,0,0,0,0,0,0,0,0,0,0,0,0,0,0,0,0,0,0,0,0,0,0,0,0,0,0,0,0,0,0,0,0,0,0,0
1986,27,2,8,47.978,2,7,1,0,0,0,1,1,25,1016,1016,1016,1016,0,0,0,0,0,1,1,0,0,0,-176.6500032,0,0,0,0,3,1,1,10,10,0,0,0,3,1,1,10,1000,0,0,0,0,0,0,0,0,0,0,0,0,0,0,0,0,0,0,0,0,0,0,0,0,0,0,0,0,0,0,0,0,0,0,0,0,0,0,0,0,0,0,0,0,0,0,0,0,0,0,0
1986,27,2,9,35.978,2,7,1,0,0,0,1,1,25,1016,1016,1016,1016,0,0,0,0,0,1,1,0,0,0,-176.6935348,0,0,0,0,3,1,1,10,10,0,0,0,3,1,1,10,1000,0,0,0,0,0,0,0,0,0,0,0,0,0,0,0,0,0,0,0,0,0,0,0,0,0,0,0,0,0,0,0,0,0,0,0,0,0,0,0,0,0,0,0,0,0,0,0,0,0,0,0
1986,27,2,10,23.978,2,7,1,0,0,0,1,1,25,1016,1016,1016,1016,0,0,0,0,0,1,1,0,0,0,-176.7370662,0,0,0,0,3,1,1,10,10,0,0,0,3,1,1,10,1000,0,0,0,0,0,0,0,0,0,0,0,0,0,0,0,0,0,0,0,0,0,0,0,0,0,0,0,0,0,0,0,0,0,0,0,0,0,0,0,0,0,0,0,0,0,0,0,0,0,0,0
1986,27,2,11,11.978,2,7,1,0,0,0,1,1,25,1016,1016,1016,1016,0,0,0,0,0,1,1,0,0,0,-176.7805976,0,0,0,0,3,1,1,10,10,0,0,0,3,1,1,10,1000,0,0,0,0,0,0,0,0,0,0,0,0,0,0,0,0,0,0,0,0,0,0,0,0,0,0,0,0,0,0,0,0,0,0,0,0,0,0,0,0,0,0,0,0,0,0,0,0,0,0,0
1986,27,2,11,59.978,2,7,1,0,0,0,1,1,25,1016,1016,1016,1016,0,0,0,0,0,1,1,0,0,0,-176.8241289,0,0,0,0,3,1,1,10,10,0,0,0,3,1,1,10,1000,0,0,0,0,0,0,0,0,0,0,0,0,0,0,0,0,0,0,0,0,0,0,0,0,0,0,0,0,0,0,0,0,0,0,0,0,0,0,0,0,0,0,0,0,0,0,0,0,0,0,0
1986,27,2,12,47.978,2,7,1,0,0,0,1,1,25,1016,1016,1016,1016,0,0,0,0,0,1,1,0,0,0,-176.8676602,0,0,0,0,3,1,1,10,10,0,0,0,3,1,1,10,1000,0,0,0,0,0,0,0,0,0,0,0,0,0,0,0,0,0,0,0,0,0,0,0,0,0,0,0,0,0,0,0,0,0,0,0,0,0,0,0,0,0,0,0,0,0,0,0,0,0,0,0
1986,27,2,13,35.978,2,7,1,0,0,0,1,1,25,1016,1016,1016,1016,0,0,0,0,0,1,1,0,0,0,-176.9111913,0,0,0,0,3,1,1,10,10,0,0,0,3,1,1,10,1000,0,0,0,0,0,0,0,0,0,0,0,0,0,0,0,0,0,0,0,0,0,0,0,0,0,0,0,0,0,0,0,0,0,0,0,0,0,0,0,0,0,0,0,0,0,0,0,0,0,0,0
1986,27,2,14,23.978,2,7,1,0,0,0,1,1,25,1016,1016,1016,1016,0,0,0,0,0,1,1,0,0,0,-176.9547224,0,0,0,0,3,1,1,10,10,0,0,0,3,1,1,10,1000,0,0,0,0,0,0,0,0,0,0,0,0,0,0,0,0,0,0,0,0,0,0,0,0,0,0,0,0,0,0,0,0,0,0,0,0,0,0,0,0,0,0,0,0,0,0,0,0,0,0,0
1986,27,2,15,11.977,2,7,1,0,0,0,1,1,25,1016,1016,1016,1016,0,0,0,0,0,1,1,0,0,0,-176.9982526,0,0,0,0,3,1,1,10,10,0,0,0,3,1,1,10,1000,0,0,0,0,0,0,0,0,0,0,0,0,0,0,0,0,0,0,0,0,0,0,0,0,0,0,0,0,0,0,0,0,0,0,0,0,0,0,0,0,0,0,0,0,0,0,0,0,0,0,0
1986,27,2,18,23.977,2,7,1,0,0,0,1,1,25,1016,1016,1016,1016,0,0,0,0,0,1,1,0,0,0,-177.1723759,0,0,0,0,3,1,1,10,10,0,0,0,3,1,1,10,1000,0,0,0,0,0,0,0,0,0,0,0,0,0,0,0,0,0,0,0,0,0,0,0,0,0,0,0,0,0,0,0,0,0,0,0,0,0,0,0,0,0,0,0,0,0,0,0,0,0,0,0
1986,27,2,19,11.977,2,7,1,0,0,0,1,1,25,1016,1016,1016,1016,0,0,0,0,0,1,1,0,0,0,-177.2159065,0,0,0,0,3,1,1,10,10,0,0,0,3,1,1,10,1000,0,0,0,0,0,0,0,0,0,0,0,0,0,0,0,0,0,0,0,0,0,0,0,0,0,0,0,0,0,0,0,0,0,0,0,0,0,0,0,0,0,0,0,0,0,0,0,0,0,0,0
1986,27,2,19,59.977,2,7,1,0,0,0,1,1,25,1016,1016,1016,1016,0,0,0,0,0,1,1,0,0,0,-177.2594371,0,0,0,0,3,1,1,10,10,0,0,0,3,1,1,10,1000,0,0,0,0,0,0,0,0,0,0,0,0,0,0,0,0,0,0,0,0,0,0,0,0,0,0,0,0,0,0,0,0,0,0,0,0,0,0,0,0,0,0,0,0,0,0,0,0,0,0,0
1986,27,2,20,47.977,2,7,1,0,0,0,1,1,25,1016,1016,1016,1016,0,0,0,0,0,1,1,0,0,0,-177.3029676,0,0,0,0,3,1,1,10,10,0,0,0,3,1,1,10,1000,0,0,0,0,0,0,0,0,0,0,0,0,0,0,0,0,0,0,0,0,0,0,0,0,0,0,0,0,0,0,0,0,0,0,0,0,0,0,0,0,0,0,0,0,0,0,0,0,0,0,0
1986,27,2,21,35.977,2,7,1,0,0,0,1,1,25,1016,1016,1016,1016,0,0,0,0,0,1,1,0,0,0,-177.346498,0,0,0,0,3,1,1,10,10,0,0,0,3,1,1,10,1000,0,0,0,0,0,0,0,0,0,0,0,0,0,0,0,0,0,0,0,0,0,0,0,0,0,0,0,0,0,0,0,0,0,0,0,0,0,0,0,0,0,0,0,0,0,0,0,0,0,0,0
1986,27,2,22,23.977,2,7,1,0,0,0,1,1,25,1016,1016,1016,1016,0,0,0,0,0,1,1,0,0,0,-177.3900284,0,0,0,0,3,1,1,10,10,0,0,0,3,1,1,10,1000,0,0,0,0,0,0,0,0,0,0,0,0,0,0,0,0,0,0,0,0,0,0,0,0,0,0,0,0,0,0,0,0,0,0,0,0,0,0,0,0,0,0,0,0,0,0,0,0,0,0,0
1986,27,2,23,11.977,2,7,1,0,0,0,1,1,25,1016,1016,1016,1016,0,0,0,0,0,1,1,0,0,0,-177.4335586,0,0,0,0,3,1,1,10,10,0,0,0,3,1,1,10,1000,0,0,0,0,0,0,0,0,0,0,0,0,0,0,0,0,0,0,0,0,0,0,0,0,0,0,0,0,0,0,0,0,0,0,0,0,0,0,0,0,0,0,0,0,0,0,0,0,0,0,0
1986,27,2,23,59.977,2,7,1,0,0,0,1,1,25,1016,1016,1016,1016,0,0,0,0,0,1,1,0,0,0,-177.4770888,0,0,0,0,3,1,1,10,10,0,0,0,3,1,1,10,1000,0,0,0,0,0,0,0,0,0,0,0,0,0,0,0,0,0,0,0,0,0,0,0,0,0,0,0,0,0,0,0,0,0,0,0,0,0,0,0,0,0,0,0,0,0,0,0,0,0,0,0
1986,27,2,24,47.977,2,7,1,0,0,0,1,1,25,1016,1016,1016,1016,0,0,0,0,0,1,1,0,0,0,-177.5206189,0,0,0,0,3,1,1,10,10,0,0,0,3,1,1,10,1000,0,0,0,0,0,0,0,0,0,0,0,0,0,0,0,0,0,0,0,0,0,0,0,0,0,0,0,0,0,0,0,0,0,0,0,0,0,0,0,0,0,0,0,0,0,0,0,0,0,0,0
1986,27,2,25,35.977,2,7,1,0,0,0,1,1,25,1016,1016,1016,1016,0,0,0,0,0,1,1,0,0,0,-177.564149,0,0,0,0,3,1,1,10,10,0,0,0,3,1,1,10,1000,0,0,0,0,0,0,0,0,0,0,0,0,0,0,0,0,0,0,0,0,0,0,0,0,0,0,0,0,0,0,0,0,0,0,0,0,0,0,0,0,0,0,0,0,0,0,0,0,0,0,0
1986,27,2,26,23.977,2,7,1,0,0,0,1,1,25,1016,1016,1016,1016,0,0,0,0,0,1,1,0,0,0,-177.607679,0,0,0,0,3,1,1,10,10,0,0,0,3,1,1,10,1000,0,0,0,0,0,0,0,0,0,0,0,0,0,0,0,0,0,0,0,0,0,0,0,0,0,0,0,0,0,0,0,0,0,0,0,0,0,0,0,0,0,0,0,0,0,0,0,0,0,0,0
1986,27,2,27,11.977,2,7,1,0,0,0,1,1,25,1016,1016,1016,1016,0,0,0,0,0,1,1,0,0,0,-177.6512089,0,0,0,0,3,1,1,10,10,0,0,0,3,1,1,10,1000,0,0,0,0,0,0,0,0,0,0,0,0,0,0,0,0,0,0,0,0,0,0,0,0,0,0,0,0,0,0,0,0,0,0,0,0,0,0,0,0,0,0,0,0,0,0,0,0,0,0,0
1986,27,2,30,23.976,2,7,1,0,0,0,1,1,25,1016,1016,1016,1016,0,0,0,0,0,1,1,0,0,0,-177.8253268,0,0,0,0,3,1,1,10,10,0,0,0,3,1,1,10,1000,0,0,0,0,0,0,0,0,0,0,0,0,0,0,0,0,0,0,0,0,0,0,0,0,0,0,0,0,0,0,0,0,0,0,0,0,0,0,0,0,0,0,0,0,0,0,0,0,0,0,0
1986,27,2,31,11.976,2,7,1,0,0,0,1,1,25,1016,1016,1016,1016,0,0,0,0,0,1,1,0,0,0,-177.8688563,0,0,0,0,3,1,1,10,10,0,0,0,3,1,1,10,1000,0,0,0,0,0,0,0,0,0,0,0,0,0,0,0,0,0,0,0,0,0,0,0,0,0,0,0,0,0,0,0,0,0,0,0,0,0,0,0,0,0,0,0,0,0,0,0,0,0,0,0
1986,27,2,31,59.976,2,7,1,0,0,0,1,1,25,1016,1016,1016,1016,0,0,0,0,0,1,1,0,0,0,-177.9123858,0,0,0,0,3,1,1,10,10,0,0,0,3,1,1,10,1000,0,0,0,0,0,0,0,0,0,0,0,0,0,0,0,0,0,0,0,0,0,0,0,0,0,0,0,0,0,0,0,0,0,0,0,0,0,0,0,0,0,0,0,0,0,0,0,0,0,0,0
1986,27,2,32,47.976,2,7,1,0,0,0,1,1,25,1016,1016,1016,1016,0,0,0,0,0,1,1,0,0,0,-177.9559152,0,0,0,0,3,1,1,10,10,0,0,0,3,1,1,10,1000,0,0,0,0,0,0,0,0,0,0,0,0,0,0,0,0,0,0,0,0,0,0,0,0,0,0,0,0,0,0,0,0,0,0,0,0,0,0,0,0,0,0,0,0,0,0,0,0,0,0,0
1986,27,2,33,35.976,2,7,1,0,0,0,1,1,25,1016,1016,1016,1016,0,0,0,0,0,1,1,0,0,0,-177.9994445,0,0,0,0,3,1,1,10,10,0,0,0,3,1,1,10,1000,0,0,0,0,0,0,0,0,0,0,0,0,0,0,0,0,0,0,0,0,0,0,0,0,0,0,0,0,0,0,0,0,0,0,0,0,0,0,0,0,0,0,0,0,0,0,0,0,0,0,0
1986,27,2,34,23.976,2,7,1,0,0,0,1,1,25,1016,1016,1016,1016,0,0,0,0,0,1,1,0,0,0,-178.0429737,0,0,0,0,3,1,1,10,10,0,0,0,3,1,1,10,1000,0,0,0,0,0,0,0,0,0,0,0,0,0,0,0,0,0,0,0,0,0,0,0,0,0,0,0,0,0,0,0,0,0,0,0,0,0,0,0,0,0,0,0,0,0,0,0,0,0,0,0
1986,27,2,35,11.976,2,7,1,0,0,0,1,1,25,1016,1016,1016,1016,0,0,0,0,0,1,1,0,0,0,-178.0865029,0,0,0,0,3,1,1,10,10,0,0,0,3,1,1,10,1000,0,0,0,0,0,0,0,0,0,0,0,0,0,0,0,0,0,0,0,0,0,0,0,0,0,0,0,0,0,0,0,0,0,0,0,0,0,0,0,0,0,0,0,0,0,0,0,0,0,0,0
1986,27,2,35,59.976,2,7,1,0,0,0,1,1,25,1016,1016,1016,1016,0,0,0,0,0,1,1,0,0,0,-178.130032,0,0,0,0,3,1,1,10,10,0,0,0,3,1,1,10,1000,0,0,0,0,0,0,0,0,0,0,0,0,0,0,0,0,0,0,0,0,0,0,0,0,0,0,0,0,0,0,0,0,0,0,0,0,0,0,0,0,0,0,0,0,0,0,0,0,0,0,0
1986,27,2,36,47.976,2,7,1,0,0,0,1,1,25,1016,1016,1016,1016,0,0,0,0,0,1,1,0,0,0,-178.173561,0,0,0,0,3,1,1,10,10,0,0,0,3,1,1,10,1000,0,0,0,0,0,0,0,0,0,0,0,0,0,0,0,0,0,0,0,0,0,0,0,0,0,0,0,0,0,0,0,0,0,0,0,0,0,0,0,0,0,0,0,0,0,0,0,0,0,0,0
1986,27,2,37,35.976,2,7,1,0,0,0,1,1,25,1016,1016,1016,1016,0,0,0,0,0,1,1,0,0,0,-178.2170899,0,0,0,0,3,1,1,10,10,0,0,0,3,1,1,10,1000,0,0,0,0,0,0,0,0,0,0,0,0,0,0,0,0,0,0,0,0,0,0,0,0,0,0,0,0,0,0,0,0,0,0,0,0,0,0,0,0,0,0,0,0,0,0,0,0,0,0,0
1986,27,2,38,23.976,2,7,1,0,0,0,1,1,25,1016,1016,1016,1016,0,0,0,0,0,1,1,0,0,0,-178.2606188,0,0,0,0,3,1,1,10,10,0,0,0,3,1,1,10,1000,0,0,0,0,0,0,0,0,0,0,0,0,0,0,0,0,0,0,0,0,0,0,0,0,0,0,0,0,0,0,0,0,0,0,0,0,0,0,0,0,0,0,0,0,0,0,0,0,0,0,0
1986,27,2,39,11.976,2,7,1,0,0,0,1,1,25,1016,1016,1016,1016,0,0,0,0,0,1,1,0,0,0,-178.3041476,0,0,0,0,3,1,1,10,10,0,0,0,3,1,1,10,1000,0,0,0,0,0,0,0,0,0,0,0,0,0,0,0,0,0,0,0,0,0,0,0,0,0,0,0,0,0,0,0,0,0,0,0,0,0,0,0,0,0,0,0,0,0,0,0,0,0,0,0
1986,27,2,42,23.976,2,7,1,0,0,0,1,1,25,1016,1016,1016,1016,0,0,0,0,0,1,1,0,0,0,-178.478262,0,0,0,0,3,1,1,10,10,0,0,0,3,1,1,10,1000,0,0,0,0,0,0,0,0,0,0,0,0,0,0,0,0,0,0,0,0,0,0,0,0,0,0,0,0,0,0,0,0,0,0,0,0,0,0,0,0,0,0,0,0,0,0,0,0,0,0,0
1986,27,2,43,11.976,2,7,1,0,0,0,1,1,25,1016,1016,1016,1016,0,0,0,0,0,1,1,0,0,0,-178.5217904,0,0,0,0,3,1,1,10,10,0,0,0,3,1,1,10,1000,0,0,0,0,0,0,0,0,0,0,0,0,0,0,0,0,0,0,0,0,0,0,0,0,0,0,0,0,0,0,0,0,0,0,0,0,0,0,0,0,0,0,0,0,0,0,0,0,0,0,0
1986,27,2,43,59.976,2,7,1,0,0,0,1,1,25,1016,1016,1016,1016,0,0,0,0,0,1,1,0,0,0,-178.5653188,0,0,0,0,3,1,1,10,10,0,0,0,3,1,1,10,1000,0,0,0,0,0,0,0,0,0,0,0,0,0,0,0,0,0,0,0,0,0,0,0,0,0,0,0,0,0,0,0,0,0,0,0,0,0,0,0,0,0,0,0,0,0,0,0,0,0,0,0
1986,27,2,44,47.976,2,7,1,0,0,0,1,1,25,1016,1016,1016,1016,0,0,0,0,0,1,1,0,0,0,-178.608847,0,0,0,0,3,1,1,10,10,0,0,0,3,1,1,10,1000,0,0,0,0,0,0,0,0,0,0,0,0,0,0,0,0,0,0,0,0,0,0,0,0,0,0,0,0,0,0,0,0,0,0,0,0,0,0,0,0,0,0,0,0,0,0,0,0,0,0,0
1986,27,2,45,35.975,2,7,1,0,0,0,1,1,25,1016,1016,1016,1016,0,0,0,0,0,1,1,0,0,0,-178.6523743,0,0,0,0,3,1,1,10,10,0,0,0,3,1,1,10,1000,0,0,0,0,0,0,0,0,0,0,0,0,0,0,0,0,0,0,0,0,0,0,0,0,0,0,0,0,0,0,0,0,0,0,0,0,0,0,0,0,0,0,0,0,0,0,0,0,0,0,0
1986,27,2,46,23.975,2,7,1,0,0,0,1,1,25,1016,1016,1016,1016,0,0,0,0,0,1,1,0,0,0,-178.6959025,0,0,0,0,3,1,1,10,10,0,0,0,3,1,1,10,1000,0,0,0,0,0,0,0,0,0,0,0,0,0,0,0,0,0,0,0,0,0,0,0,0,0,0,0,0,0,0,0,0,0,0,0,0,0,0,0,0,0,0,0,0,0,0,0,0,0,0,0
1986,27,2,47,11.975,2,7,1,0,0,0,1,1,25,1016,1016,1016,1016,0,0,0,0,0,1,1,0,0,0,-178.7394305,0,0,0,0,3,1,1,10,10,0,0,0,3,1,1,10,1000,0,0,0,0,0,0,0,0,0,0,0,0,0,0,0,0,0,0,0,0,0,0,0,0,0,0,0,0,0,0,0,0,0,0,0,0,0,0,0,0,0,0,0,0,0,0,0,0,0,0,0
1986,27,2,47,59.975,2,7,1,0,0,0,1,1,25,1016,1016,1016,1016,0,0,0,0,0,1,1,0,0,0,-178.7829585,0,0,0,0,3,1,1,10,10,0,0,0,3,1,1,10,1000,0,0,0,0,0,0,0,0,0,0,0,0,0,0,0,0,0,0,0,0,0,0,0,0,0,0,0,0,0,0,0,0,0,0,0,0,0,0,0,0,0,0,0,0,0,0,0,0,0,0,0
1986,27,2,48,47.975,2,7,1,0,0,0,1,1,25,1016,1016,1016,1016,0,0,0,0,0,1,1,0,0,0,-178.8264864,0,0,0,0,3,1,1,10,10,0,0,0,3,1,1,10,1000,0,0,0,0,0,0,0,0,0,0,0,0,0,0,0,0,0,0,0,0,0,0,0,0,0,0,0,0,0,0,0,0,0,0,0,0,0,0,0,0,0,0,0,0,0,0,0,0,0,0,0
1986,27,2,49,35.975,2,7,1,0,0,0,1,1,25,1016,1016,1016,1016,0,0,0,0,0,1,1,0,0,0,-178.8700142,0,0,0,0,3,1,1,10,10,0,0,0,3,1,1,10,1000,0,0,0,0,0,0,0,0,0,0,0,0,0,0,0,0,0,0,0,0,0,0,0,0,0,0,0,0,0,0,0,0,0,0,0,0,0,0,0,0,0,0,0,0,0,0,0,0,0,0,0
1986,27,2,50,23.975,2,7,1,0,0,0,1,1,25,1016,1016,1016,1016,0,0,0,0,0,1,1,0,0,0,-178.913542,0,0,0,0,3,1,1,10,10,0,0,0,3,1,1,10,1000,0,0,0,0,0,0,0,0,0,0,0,0,0,0,0,0,0,0,0,0,0,0,0,0,0,0,0,0,0,0,0,0,0,0,0,0,0,0,0,0,0,0,0,0,0,0,0,0,0,0,0
1986,27,2,51,11.975,2,7,1,0,0,0,1,1,25,1016,1016,1016,1016,0,0,0,0,0,1,1,0,0,0,-178.9570697,0,0,0,0,3,1,1,10,10,0,0,0,3,1,1,10,1000,0,0,0,0,0,0,0,0,0,0,0,0,0,0,0,0,0,0,0,0,0,0,0,0,0,0,0,0,0,0,0,0,0,0,0,0,0,0,0,0,0,0,0,0,0,0,0,0,0,0,0
1986,27,2,54,23.975,2,7,1,0,0,0,1,1,25,1016,1016,1016,1016,0,0,0,0,0,1,1,0,0,0,-179.1311797,0,0,0,0,3,1,1,10,10,0,0,0,3,1,1,10,1000,0,0,0,0,0,0,0,0,0,0,0,0,0,0,0,0,0,0,0,0,0,0,0,0,0,0,0,0,0,0,0,0,0,0,0,0,0,0,0,0,0,0,0,0,0,0,0,0,0,0,0
1986,27,2,55,11.975,2,7,1,0,0,0,1,1,25,1016,1016,1016,1016,0,0,0,0,0,1,1,0,0,0,-179.174707,0,0,0,0,3,1,1,10,10,0,0,0,3,1,1,10,1000,0,0,0,0,0,0,0,0,0,0,0,0,0,0,0,0,0,0,0,0,0,0,0,0,0,0,0,0,0,0,0,0,0,0,0,0,0,0,0,0,0,0,0,0,0,0,0,0,0,0,0
1986,27,2,55,59.975,2,7,1,0,0,0,1,1,25,1016,1016,1016,1016,0,0,0,0,0,1,1,0,0,0,-179.2182343,0,0,0,0,3,1,1,10,10,0,0,0,3,1,1,10,1000,0,0,0,0,0,0,0,0,0,0,0,0,0,0,0,0,0,0,0,0,0,0,0,0,0,0,0,0,0,0,0,0,0,0,0,0,0,0,0,0,0,0,0,0,0,0,0,0,0,0,0
1986,27,2,56,47.975,2,7,1,0,0,0,1,1,25,1016,1016,1016,1016,0,0,0,0,0,1,1,0,0,0,-179.2617614,0,0,0,0,3,1,1,10,10,0,0,0,3,1,1,10,1000,0,0,0,0,0,0,0,0,0,0,0,0,0,0,0,0,0,0,0,0,0,0,0,0,0,0,0,0,0,0,0,0,0,0,0,0,0,0,0,0,0,0,0,0,0,0,0,0,0,0,0
1986,27,2,57,35.975,2,7,1,0,0,0,1,1,25,1016,1016,1016,1016,0,0,0,0,0,1,1,0,0,0,-179.3052885,0,0,0,0,3,1,1,10,10,0,0,0,3,1,1,10,1000,0,0,0,0,0,0,0,0,0,0,0,0,0,0,0,0,0,0,0,0,0,0,0,0,0,0,0,0,0,0,0,0,0,0,0,0,0,0,0,0,0,0,0,0,0,0,0,0,0,0,0
1986,27,2,58,23.975,2,7,1,0,0,0,1,1,25,1016,1016,1016,1016,0,0,0,0,0,1,1,0,0,0,-179.3488156,0,0,0,0,3,1,1,10,10,0,0,0,3,1,1,10,1000,0,0,0,0,0,0,0,0,0,0,0,0,0,0,0,0,0,0,0,0,0,0,0,0,0,0,0,0,0,0,0,0,0,0,0,0,0,0,0,0,0,0,0,0,0,0,0,0,0,0,0
1986,27,2,59,11.975,2,7,1,0,0,0,1,1,25,1016,1016,1016,1016,0,0,0,0,0,1,1,0,0,0,-179.3923425,0,0,0,0,3,1,1,10,10,0,0,0,3,1,1,10,1000,0,0,0,0,0,0,0,0,0,0,0,0,0,0,0,0,0,0,0,0,0,0,0,0,0,0,0,0,0,0,0,0,0,0,0,0,0,0,0,0,0,0,0,0,0,0,0,0,0,0,0
1986,27,2,59,59.975,2,7,1,0,0,0,1,1,25,1016,1016,1016,1016,0,0,0,0,0,1,1,0,0,0,-179.4358694,0,0,0,0,3,1,1,10,10,0,0,0,3,1,1,10,1000,0,0,0,0,0,0,0,0,0,0,0,0,0,0,0,0,0,0,0,0,0,0,0,0,0,0,0,0,0,0,0,0,0,0,0,0,0,0,0,0,0,0,0,0,0,0,0,0,0,0,0
1986,27,3,0,47.974,2,7,1,0,0,0,1,1,25,1016,1016,1016,1016,0,0,0,0,0,1,1,0,0,0,-179.4793953,0,0,0,0,3,1,1,10,10,0,0,0,3,1,1,10,1000,0,0,0,0,0,0,0,0,0,0,0,0,0,0,0,0,0,0,0,0,0,0,0,0,0,0,0,0,0,0,0,0,0,0,0,0,0,0,0,0,0,0,0,0,0,0,0,0,0,0,0
1986,27,3,1,35.974,2,7,1,0,0,0,1,1,25,1016,1016,1016,1016,0,0,0,0,0,1,1,0,0,0,-179.522922,0,0,0,0,3,1,1,10,10,0,0,0,3,1,1,10,1000,0,0,0,0,0,0,0,0,0,0,0,0,0,0,0,0,0,0,0,0,0,0,0,0,0,0,0,0,0,0,0,0,0,0,0,0,0,0,0,0,0,0,0,0,0,0,0,0,0,0,0
1986,27,3,2,23.974,2,7,1,0,0,0,1,1,25,1016,1016,1016,1016,0,0,0,0,0,1,1,0,0,0,-179.5664487,0,0,0,0,3,1,1,10,10,0,0,0,3,1,1,10,1000,0,0,0,0,0,0,0,0,0,0,0,0,0,0,0,0,0,0,0,0,0,0,0,0,0,0,0,0,0,0,0,0,0,0,0,0,0,0,0,0,0,0,0,0,0,0,0,0,0,0,0
1986,27,3,3,11.974,2,7,1,0,0,0,1,1,25,1016,1016,1016,1016,0,0,0,0,0,1,1,0,0,0,-179.6099753,0,0,0,0,3,1,1,10,10,0,0,0,3,1,1,10,1000,0,0,0,0,0,0,0,0,0,0,0,0,0,0,0,0,0,0,0,0,0,0,0,0,0,0,0,0,0,0,0,0,0,0,0,0,0,0,0,0,0,0,0,0,0,0,0,0,0,0,0
1986,27,3,6,23.974,2,7,1,0,0,0,1,1,25,1016,1016,1016,1016,0,0,0,0,0,1,1,0,0,0,-179.7840809,0,0,0,0,3,1,1,10,10,0,0,0,3,1,1,10,1000,0,0,0,0,0,0,0,0,0,0,0,0,0,0,0,0,0,0,0,0,0,0,0,0,0,0,0,0,0,0,0,0,0,0,0,0,0,0,0,0,0,0,0,0,0,0,0,0,0,0,0
1986,27,3,7,11.974,2,7,1,0,0,0,1,1,25,1016,1016,1016,1016,0,0,0,0,0,1,1,0,0,0,-179.8276072,0,0,0,0,3,1,1,10,10,0,0,0,3,1,1,10,1000,0,0,0,0,0,0,0,0,0,0,0,0,0,0,0,0,0,0,0,0,0,0,0,0,0,0,0,0,0,0,0,0,0,0,0,0,0,0,0,0,0,0,0,0,0,0,0,0,0,0,0
1986,27,3,7,59.974,2,7,1,0,0,0,1,1,25,1016,1016,1016,1016,0,0,0,0,0,1,1,0,0,0,-179.8711333,0,0,0,0,3,1,1,10,10,0,0,0,3,1,1,10,1000,0,0,0,0,0,0,0,0,0,0,0,0,0,0,0,0,0,0,0,0,0,0,0,0,0,0,0,0,0,0,0,0,0,0,0,0,0,0,0,0,0,0,0,0,0,0,0,0,0,0,0
1986,27,3,8,47.974,2,7,1,0,0,0,1,1,25,1016,1016,1016,1016,0,0,0,0,0,1,1,0,0,0,-179.9146594,0,0,0,0,3,1,1,10,10,0,0,0,3,1,1,10,1000,0,0,0,0,0,0,0,0,0,0,0,0,0,0,0,0,0,0,0,0,0,0,0,0,0,0,0,0,0,0,0,0,0,0,0,0,0,0,0,0,0,0,0,0,0,0,0,0,0,0,0
1986,27,3,9,35.974,2,7,1,0,0,0,1,1,25,1016,1016,1016,1016,0,0,0,0,0,1,1,0,0,0,-179.9581854,0,0,0,0,3,1,1,10,10,0,0,0,3,1,1,10,1000,0,0,0,0,0,0,0,0,0,0,0,0,0,0,0,0,0,0,0,0,0,0,0,0,0,0,0,0,0,0,0,0,0,0,0,0,0,0,0,0,0,0,0,0,0,0,0,0,0,0,0
1986,27,3,10,23.974,2,7,1,0,0,0,1,1,25,1016,1016,1016,1016,0,0,0,0,0,1,1,0,0,0,-180.0017113,0,0,0,0,3,1,1,10,10,0,0,0,3,1,1,10,1000,0,0,0,0,0,0,0,0,0,0,0,0,0,0,0,0,0,0,0,0,0,0,0,0,0,0,0,0,0,0,0,0,0,0,0,0,0,0,0,0,0,0,0,0,0,0,0,0,0,0,0
1986,27,3,11,11.974,2,7,1,0,0,0,1,1,25,1016,1016,1016,1016,0,0,0,0,0,1,1,0,0,0,-180.0452372,0,0,0,0,3,1,1,10,10,0,0,0,3,1,1,10,1000,0,0,0,0,0,0,0,0,0,0,0,0,0,0,0,0,0,0,0,0,0,0,0,0,0,0,0,0,0,0,0,0,0,0,0,0,0,0,0,0,0,0,0,0,0,0,0,0,0,0,0
1986,27,3,11,59.974,2,7,1,0,0,0,1,1,25,1016,1016,1016,1016,0,0,0,0,0,1,1,0,0,0,-180.088763,0,0,0,0,3,1,1,10,10,0,0,0,3,1,1,10,1000,0,0,0,0,0,0,0,0,0,0,0,0,0,0,0,0,0,0,0,0,0,0,0,0,0,0,0,0,0,0,0,0,0,0,0,0,0,0,0,0,0,0,0,0,0,0,0,0,0,0,0
1986,27,3,12,47.974,2,7,1,0,0,0,1,1,25,1016,1016,1016,1016,0,0,0,0,0,1,1,0,0,0,-180.1322887,0,0,0,0,3,1,1,10,10,0,0,0,3,1,1,10,1000,0,0,0,0,0,0,0,0,0,0,0,0,0,0,0,0,0,0,0,0,0,0,0,0,0,0,0,0,0,0,0,0,0,0,0,0,0,0,0,0,0,0,0,0,0,0,0,0,0,0,0
1986,27,3,13,35.974,2,7,1,0,0,0,1,1,25,1016,1016,1016,1016,0,0,0,0,0,1,1,0,0,0,-180.1758144,0,0,0,0,3,1,1,10,10,0,0,0,3,1,1,10,1000,0,0,0,0,0,0,0,0,0,0,0,0,0,0,0,0,0,0,0,0,0,0,0,0,0,0,0,0,0,0,0,0,0,0,0,0,0,0,0,0,0,0,0,0,0,0,0,0,0,0,0
1986,27,3,14,23.974,2,7,1,0,0,0,1,1,25,1016,1016,1016,1016,0,0,0,0,0,1,1,0,0,0,-180.2193399,0,0,0,0,3,1,1,10,10,0,0,0,3,1,1,10,1000,0,0,0,0,0,0,0,0,0,0,0,0,0,0,0,0,0,0,0,0,0,0,0,0,0,0,0,0,0,0,0,0,0,0,0,0,0,0,0,0,0,0,0,0,0,0,0,0,0,0,0
1986,27,3,15,11.974,2,7,1,0,0,0,1,1,25,1016,1016,1016,1016,0,0,0,0,0,1,1,0,0,0,-180.2628654,0,0,0,0,3,1,1,10,10,0,0,0,3,1,1,10,1000,0,0,0,0,0,0,0,0,0,0,0,0,0,0,0,0,0,0,0,0,0,0,0,0,0,0,0,0,0,0,0,0,0,0,0,0,0,0,0,0,0,0,0,0,0,0,0,0,0,0,0
1986,27,3,18,23.973,2,7,1,0,0,0,1,1,25,1016,1016,1016,1016,0,0,0,0,0,1,1,0,0,0,-180.4369658,0,0,0,0,3,1,1,10,10,0,0,0,3,1,1,10,1000,0,0,0,0,0,0,0,0,0,0,0,0,0,0,0,0,0,0,0,0,0,0,0,0,0,0,0,0,0,0,0,0,0,0,0,0,0,0,0,0,0,0,0,0,0,0,0,0,0,0,0
1986,27,3,19,11.973,2,7,1,0,0,0,1,1,25,1016,1016,1016,1016,0,0,0,0,0,1,1,0,0,0,-180.4804909,0,0,0,0,3,1,1,10,10,0,0,0,3,1,1,10,1000,0,0,0,0,0,0,0,0,0,0,0,0,0,0,0,0,0,0,0,0,0,0,0,0,0,0,0,0,0,0,0,0,0,0,0,0,0,0,0,0,0,0,0,0,0,0,0,0,0,0,0
1986,27,3,19,59.973,2,7,1,0,0,0,1,1,25,1016,1016,1016,1016,0,0,0,0,0,1,1,0,0,0,-180.524016,0,0,0,0,3,1,1,10,10,0,0,0,3,1,1,10,1000,0,0,0,0,0,0,0,0,0,0,0,0,0,0,0,0,0,0,0,0,0,0,0,0,0,0,0,0,0,0,0,0,0,0,0,0,0,0,0,0,0,0,0,0,0,0,0,0,0,0,0
1986,27,3,20,47.973,2,7,1,0,0,0,1,1,25,1016,1016,1016,1016,0,0,0,0,0,1,1,0,0,0,-180.567541,0,0,0,0,3,1,1,10,10,0,0,0,3,1,1,10,1000,0,0,0,0,0,0,0,0,0,0,0,0,0,0,0,0,0,0,0,0,0,0,0,0,0,0,0,0,0,0,0,0,0,0,0,0,0,0,0,0,0,0,0,0,0,0,0,0,0,0,0
1986,27,3,21,35.973,2,7,1,0,0,0,1,1,25,1016,1016,1016,1016,0,0,0,0,0,1,1,0,0,0,-180.6110659,0,0,0,0,3,1,1,10,10,0,0,0,3,1,1,10,1000,0,0,0,0,0,0,0,0,0,0,0,0,0,0,0,0,0,0,0,0,0,0,0,0,0,0,0,0,0,0,0,0,0,0,0,0,0,0,0,0,0,0,0,0,0,0,0,0,0,0,0
1986,27,3,22,23.973,2,7,1,0,0,0,1,1,25,1016,1016,1016,1016,0,0,0,0,0,1,1,0,0,0,-180.6545908,0,0,0,0,3,1,1,10,10,0,0,0,3,1,1,10,1000,0,0,0,0,0,0,0,0,0,0,0,0,0,0,0,0,0,0,0,0,0,0,0,0,0,0,0,0,0,0,0,0,0,0,0,0,0,0,0,0,0,0,0,0,0,0,0,0,0,0,0
1986,27,3,23,11.973,2,7,1,0,0,0,1,1,25,1016,1016,1016,1016,0,0,0,0,0,1,1,0,0,0,-180.6981156,0,0,0,0,3,1,1,10,10,0,0,0,3,1,1,10,1000,0,0,0,0,0,0,0,0,0,0,0,0,0,0,0,0,0,0,0,0,0,0,0,0,0,0,0,0,0,0,0,0,0,0,0,0,0,0,0,0,0,0,0,0,0,0,0,0,0,0,0
1986,27,3,23,59.973,2,7,1,0,0,0,1,1,25,1016,1016,1016,1016,0,0,0,0,0,1,1,0,0,0,-180.7416403,0,0,0,0,3,1,1,10,10,0,0,0,3,1,1,10,1000,0,0,0,0,0,0,0,0,0,0,0,0,0,0,0,0,0,0,0,0,0,0,0,0,0,0,0,0,0,0,0,0,0,0,0,0,0,0,0,0,0,0,0,0,0,0,0,0,0,0,0
1986,27,3,24,47.973,2,7,1,0,0,0,1,1,25,1016,1016,1016,1016,0,0,0,0,0,1,1,0,0,0,-180.7851649,0,0,0,0,3,1,1,10,10,0,0,0,3,1,1,10,1000,0,0,0,0,0,0,0,0,0,0,0,0,0,0,0,0,0,0,0,0,0,0,0,0,0,0,0,0,0,0,0,0,0,0,0,0,0,0,0,0,0,0,0,0,0,0,0,0,0,0,0
1986,27,3,25,35.973,2,7,1,0,0,0,1,1,25,1016,1016,1016,1016,0,0,0,0,0,1,1,0,0,0,-180.8286895,0,0,0,0,3,1,1,10,10,0,0,0,3,1,1,10,1000,0,0,0,0,0,0,0,0,0,0,0,0,0,0,0,0,0,0,0,0,0,0,0,0,0,0,0,0,0,0,0,0,0,0,0,0,0,0,0,0,0,0,0,0,0,0,0,0,0,0,0
1986,27,3,26,23.973,2,7,1,0,0,0,1,1,25,1016,1016,1016,1016,0,0,0,0,0,1,1,0,0,0,-180.8722139,0,0,0,0,3,1,1,10,10,0,0,0,3,1,1,10,1000,0,0,0,0,0,0,0,0,0,0,0,0,0,0,0,0,0,0,0,0,0,0,0,0,0,0,0,0,0,0,0,0,0,0,0,0,0,0,0,0,0,0,0,0,0,0,0,0,0,0,0
1986,27,3,27,11.973,2,7,1,0,0,0,1,1,25,1016,1016,1016,1016,0,0,0,0,0,1,1,0,0,0,-180.9157384,0,0,0,0,3,1,1,10,10,0,0,0,3,1,1,10,1000,0,0,0,0,0,0,0,0,0,0,0,0,0,0,0,0,0,0,0,0,0,0,0,0,0,0,0,0,0,0,0,0,0,0,0,0,0,0,0,0,0,0,0,0,0,0,0,0,0,0,0
1986,27,3,30,23.973,2,7,1,0,0,0,1,1,25,1016,1016,1016,1016,0,0,0,0,0,1,1,0,0,0,-181.0898353,0,0,0,0,3,1,1,10,10,0,0,0,3,1,1,10,1000,0,0,0,0,0,0,0,0,0,0,0,0,0,0,0,0,0,0,0,0,0,0,0,0,0,0,0,0,0,0,0,0,0,0,0,0,0,0,0,0,0,0,0,0,0,0,0,0,0,0,0
1986,27,3,31,11.972,2,7,1,0,0,0,1,1,25,1016,1016,1016,1016,0,0,0,0,0,1,1,0,0,0,-181.1333585,0,0,0,0,3,1,1,10,10,0,0,0,3,1,1,10,1000,0,0,0,0,0,0,0,0,0,0,0,0,0,0,0,0,0,0,0,0,0,0,0,0,0,0,0,0,0,0,0,0,0,0,0,0,0,0,0,0,0,0,0,0,0,0,0,0,0,0,0
1986,27,3,31,59.972,2,7,1,0,0,0,1,1,25,1016,1016,1016,1016,0,0,0,0,0,1,1,0,0,0,-181.1768825,0,0,0,0,3,1,1,10,10,0,0,0,3,1,1,10,1000,0,0,0,0,0,0,0,0,0,0,0,0,0,0,0,0,0,0,0,0,0,0,0,0,0,0,0,0,0,0,0,0,0,0,0,0,0,0,0,0,0,0,0,0,0,0,0,0,0,0,0
1986,27,3,32,47.972,2,7,1,0,0,0,1,1,25,1016,1016,1016,1016,0,0,0,0,0,1,1,0,0,0,-181.2204064,0,0,0,0,3,1,1,10,10,0,0,0,3,1,1,10,1000,0,0,0,0,0,0,0,0,0,0,0,0,0,0,0,0,0,0,0,0,0,0,0,0,0,0,0,0,0,0,0,0,0,0,0,0,0,0,0,0,0,0,0,0,0,0,0,0,0,0,0
1986,27,3,33,35.972,2,7,1,0,0,0,1,1,25,1016,1016,1016,1016,0,0,0,0,0,1,1,0,0,0,-181.2639302,0,0,0,0,3,1,1,10,10,0,0,0,3,1,1,10,1000,0,0,0,0,0,0,0,0,0,0,0,0,0,0,0,0,0,0,0,0,0,0,0,0,0,0,0,0,0,0,0,0,0,0,0,0,0,0,0,0,0,0,0,0,0,0,0,0,0,0,0
1986,27,3,34,23.972,2,7,1,0,0,0,1,1,25,1016,1016,1016,1016,0,0,0,0,0,1,1,0,0,0,-181.307454,0,0,0,0,3,1,1,10,10,0,0,0,3,1,1,10,1000,0,0,0,0,0,0,0,0,0,0,0,0,0,0,0,0,0,0,0,0,0,0,0,0,0,0,0,0,0,0,0,0,0,0,0,0,0,0,0,0,0,0,0,0,0,0,0,0,0,0,0
1986,27,3,35,11.972,2,7,1,0,0,0,1,1,25,1016,1016,1016,1016,0,0,0,0,0,1,1,0,0,0,-181.3509777,0,0,0,0,3,1,1,10,10,0,0,0,3,1,1,10,1000,0,0,0,0,0,0,0,0,0,0,0,0,0,0,0,0,0,0,0,0,0,0,0,0,0,0,0,0,0,0,0,0,0,0,0,0,0,0,0,0,0,0,0,0,0,0,0,0,0,0,0
1986,27,3,35,59.972,2,7,1,0,0,0,1,1,25,1016,1016,1016,1016,0,0,0,0,0,1,1,0,0,0,-181.3945013,0,0,0,0,3,1,1,10,10,0,0,0,3,1,1,10,1000,0,0,0,0,0,0,0,0,0,0,0,0,0,0,0,0,0,0,0,0,0,0,0,0,0,0,0,0,0,0,0,0,0,0,0,0,0,0,0,0,0,0,0,0,0,0,0,0,0,0,0
1986,27,3,36,47.972,2,7,1,0,0,0,1,1,25,1016,1016,1016,1016,0,0,0,0,0,1,1,0,0,0,-181.4380249,0,0,0,0,3,1,1,10,10,0,0,0,3,1,1,10,1000,0,0,0,0,0,0,0,0,0,0,0,0,0,0,0,0,0,0,0,0,0,0,0,0,0,0,0,0,0,0,0,0,0,0,0,0,0,0,0,0,0,0,0,0,0,0,0,0,0,0,0
1986,27,3,37,35.972,2,7,1,0,0,0,1,1,25,1016,1016,1016,1016,0,0,0,0,0,1,1,0,0,0,-181.4815484,0,0,0,0,3,1,1,10,10,0,0,0,3,1,1,10,1000,0,0,0,0,0,0,0,0,0,0,0,0,0,0,0,0,0,0,0,0,0,0,0,0,0,0,0,0,0,0,0,0,0,0,0,0,0,0,0,0,0,0,0,0,0,0,0,0,0,0,0
1986,27,3,38,23.972,2,7,1,0,0,0,1,1,25,1016,1016,1016,1016,0,0,0,0,0,1,1,0,0,0,-181.5250718,0,0,0,0,3,1,1,10,10,0,0,0,3,1,1,10,1000,0,0,0,0,0,0,0,0,0,0,0,0,0,0,0,0,0,0,0,0,0,0,0,0,0,0,0,0,0,0,0,0,0,0,0,0,0,0,0,0,0,0,0,0,0,0,0,0,0,0,0
1986,27,3,39,11.972,2,7,1,0,0,0,1,1,25,1016,1016,1016,1016,0,0,0,0,0,1,1,0,0,0,-181.5685951,0,0,0,0,3,1,1,10,10,0,0,0,3,1,1,10,1000,0,0,0,0,0,0,0,0,0,0,0,0,0,0,0,0,0,0,0,0,0,0,0,0,0,0,0,0,0,0,0,0,0,0,0,0,0,0,0,0,0,0,0,0,0,0,0,0,0,0,0
1986,27,3,42,23.972,2,7,1,0,0,0,1,1,25,1016,1016,1016,1016,0,0,0,0,0,1,1,0,0,0,-181.7426878,0,0,0,0,3,1,1,10,10,0,0,0,3,1,1,10,1000,0,0,0,0,0,0,0,0,0,0,0,0,0,0,0,0,0,0,0,0,0,0,0,0,0,0,0,0,0,0,0,0,0,0,0,0,0,0,0,0,0,0,0,0,0,0,0,0,0,0,0
1986,27,3,43,11.972,2,7,1,0,0,0,1,1,25,1016,1016,1016,1016,0,0,0,0,0,1,1,0,0,0,-181.7862108,0,0,0,0,3,1,1,10,10,0,0,0,3,1,1,10,1000,0,0,0,0,0,0,0,0,0,0,0,0,0,0,0,0,0,0,0,0,0,0,0,0,0,0,0,0,0,0,0,0,0,0,0,0,0,0,0,0,0,0,0,0,0,0,0,0,0,0,0
1986,27,3,43,59.972,2,7,1,0,0,0,1,1,25,1016,1016,1016,1016,0,0,0,0,0,1,1,0,0,0,-181.8297337,0,0,0,0,3,1,1,10,10,0,0,0,3,1,1,10,1000,0,0,0,0,0,0,0,0,0,0,0,0,0,0,0,0,0,0,0,0,0,0,0,0,0,0,0,0,0,0,0,0,0,0,0,0,0,0,0,0,0,0,0,0,0,0,0,0,0,0,0
1986,27,3,44,47.972,2,7,1,0,0,0,1,1,25,1016,1016,1016,1016,0,0,0,0,0,1,1,0,0,0,-181.8732565,0,0,0,0,3,1,1,10,10,0,0,0,3,1,1,10,1000,0,0,0,0,0,0,0,0,0,0,0,0,0,0,0,0,0,0,0,0,0,0,0,0,0,0,0,0,0,0,0,0,0,0,0,0,0,0,0,0,0,0,0,0,0,0,0,0,0,0,0
1986,27,3,45,35.972,2,7,1,0,0,0,1,1,25,1016,1016,1016,1016,0,0,0,0,0,1,1,0,0,0,-181.9167793,0,0,0,0,3,1,1,10,10,0,0,0,3,1,1,10,1000,0,0,0,0,0,0,0,0,0,0,0,0,0,0,0,0,0,0,0,0,0,0,0,0,0,0,0,0,0,0,0,0,0,0,0,0,0,0,0,0,0,0,0,0,0,0,0,0,0,0,0
1986,27,3,46,23.971,2,7,1,0,0,0,1,1,25,1016,1016,1016,1016,0,0,0,0,0,1,1,0,0,0,-181.9603011,0,0,0,0,3,1,1,10,10,0,0,0,3,1,1,10,1000,0,0,0,0,0,0,0,0,0,0,0,0,0,0,0,0,0,0,0,0,0,0,0,0,0,0,0,0,0,0,0,0,0,0,0,0,0,0,0,0,0,0,0,0,0,0,0,0,0,0,0
1986,27,3,47,11.971,2,7,1,0,0,0,1,1,25,1016,1016,1016,1016,0,0,0,0,0,1,1,0,0,0,-182.0038237,0,0,0,0,3,1,1,10,10,0,0,0,3,1,1,10,1000,0,0,0,0,0,0,0,0,0,0,0,0,0,0,0,0,0,0,0,0,0,0,0,0,0,0,0,0,0,0,0,0,0,0,0,0,0,0,0,0,0,0,0,0,0,0,0,0,0,0,0
1986,27,3,47,59.971,2,7,1,0,0,0,1,1,25,1016,1016,1016,1016,0,0,0,0,0,1,1,0,0,0,-182.0473463,0,0,0,0,3,1,1,10,10,0,0,0,3,1,1,10,1000,0,0,0,0,0,0,0,0,0,0,0,0,0,0,0,0,0,0,0,0,0,0,0,0,0,0,0,0,0,0,0,0,0,0,0,0,0,0,0,0,0,0,0,0,0,0,0,0,0,0,0
1986,27,3,48,47.971,2,7,1,0,0,0,1,1,25,1016,1016,1016,1016,0,0,0,0,0,1,1,0,0,0,-182.0908688,0,0,0,0,3,1,1,10,10,0,0,0,3,1,1,10,1000,0,0,0,0,0,0,0,0,0,0,0,0,0,0,0,0,0,0,0,0,0,0,0,0,0,0,0,0,0,0,0,0,0,0,0,0,0,0,0,0,0,0,0,0,0,0,0,0,0,0,0
1986,27,3,49,35.971,2,7,1,0,0,0,1,1,25,1016,1016,1016,1016,0,0,0,0,0,1,1,0,0,0,-182.1343912,0,0,0,0,3,1,1,10,10,0,0,0,3,1,1,10,1000,0,0,0,0,0,0,0,0,0,0,0,0,0,0,0,0,0,0,0,0,0,0,0,0,0,0,0,0,0,0,0,0,0,0,0,0,0,0,0,0,0,0,0,0,0,0,0,0,0,0,0
1986,27,3,50,23.971,2,7,1,0,0,0,1,1,25,1016,1016,1016,1016,0,0,0,0,0,1,1,0,0,0,-182.1779135,0,0,0,0,3,1,1,10,10,0,0,0,3,1,1,10,1000,0,0,0,0,0,0,0,0,0,0,0,0,0,0,0,0,0,0,0,0,0,0,0,0,0,0,0,0,0,0,0,0,0,0,0,0,0,0,0,0,0,0,0,0,0,0,0,0,0,0,0
1986,27,3,51,11.971,2,7,1,0,0,0,1,1,25,1016,1016,1016,1016,0,0,0,0,0,1,1,0,0,0,-182.2214358,0,0,0,0,3,1,1,10,10,0,0,0,3,1,1,10,1000,0,0,0,0,0,0,0,0,0,0,0,0,0,0,0,0,0,0,0,0,0,0,0,0,0,0,0,0,0,0,0,0,0,0,0,0,0,0,0,0,0,0,0,0,0,0,0,0,0,0,0
1986,27,3,54,23.971,2,7,1,0,0,0,1,1,25,1016,1016,1016,1016,0,0,0,0,0,1,1,0,0,0,-182.3955242,0,0,0,0,3,1,1,10,10,0,0,0,3,1,1,10,1000,0,0,0,0,0,0,0,0,0,0,0,0,0,0,0,0,0,0,0,0,0,0,0,0,0,0,0,0,0,0,0,0,0,0,0,0,0,0,0,0,0,0,0,0,0,0,0,0,0,0,0
1986,27,3,55,11.971,2,7,1,0,0,0,1,1,25,1016,1016,1016,1016,0,0,0,0,0,1,1,0,0,0,-182.4390461,0,0,0,0,3,1,1,10,10,0,0,0,3,1,1,10,1000,0,0,0,0,0,0,0,0,0,0,0,0,0,0,0,0,0,0,0,0,0,0,0,0,0,0,0,0,0,0,0,0,0,0,0,0,0,0,0,0,0,0,0,0,0,0,0,0,0,0,0
1986,27,3,55,59.971,2,7,1,0,0,0,1,1,25,1016,1016,1016,1016,0,0,0,0,0,1,1,0,0,0,-182.4825679,0,0,0,0,3,1,1,10,10,0,0,0,3,1,1,10,1000,0,0,0,0,0,0,0,0,0,0,0,0,0,0,0,0,0,0,0,0,0,0,0,0,0,0,0,0,0,0,0,0,0,0,0,0,0,0,0,0,0,0,0,0,0,0,0,0,0,0,0
1986,27,3,56,47.971,2,7,1,0,0,0,1,1,25,1016,1016,1016,1016,0,0,0,0,0,1,1,0,0,0,-182.5260897,0,0,0,0,3,1,1,10,10,0,0,0,3,1,1,10,1000,0,0,0,0,0,0,0,0,0,0,0,0,0,0,0,0,0,0,0,0,0,0,0,0,0,0,0,0,0,0,0,0,0,0,0,0,0,0,0,0,0,0,0,0,0,0,0,0,0,0,0
1986,27,3,57,35.971,2,7,1,0,0,0,1,1,25,1016,1016,1016,1016,0,0,0,0,0,1,1,0,0,0,-182.5696114,0,0,0,0,3,1,1,10,10,0,0,0,3,1,1,10,1000,0,0,0,0,0,0,0,0,0,0,0,0,0,0,0,0,0,0,0,0,0,0,0,0,0,0,0,0,0,0,0,0,0,0,0,0,0,0,0,0,0,0,0,0,0,0,0,0,0,0,0
1986,27,3,58,23.971,2,7,1,0,0,0,1,1,25,1016,1016,1016,1016,0,0,0,0,0,1,1,0,0,0,-182.6131331,0,0,0,0,3,1,1,10,10,0,0,0,3,1,1,10,1000,0,0,0,0,0,0,0,0,0,0,0,0,0,0,0,0,0,0,0,0,0,0,0,0,0,0,0,0,0,0,0,0,0,0,0,0,0,0,0,0,0,0,0,0,0,0,0,0,0,0,0
1986,27,3,59,11.971,2,7,1,0,0,0,1,1,25,1016,1016,1016,1016,0,0,0,0,0,1,1,0,0,0,-182.6566546,0,0,0,0,3,1,1,10,10,0,0,0,3,1,1,10,1000,0,0,0,0,0,0,0,0,0,0,0,0,0,0,0,0,0,0,0,0,0,0,0,0,0,0,0,0,0,0,0,0,0,0,0,0,0,0,0,0,0,0,0,0,0,0,0,0,0,0,0
1986,27,3,59,59.971,2,7,1,0,0,0,1,1,25,1016,1016,1016,1016,0,0,0,0,0,1,1,0,0,0,-182.7001761,0,0,0,0,3,1,1,10,10,0,0,0,3,1,1,10,1000,0,0,0,0,0,0,0,0,0,0,0,0,0,0,0,0,0,0,0,0,0,0,0,0,0,0,0,0,0,0,0,0,0,0,0,0,0,0,0,0,0,0,0,0,0,0,0,0,0,0,0
1986,27,4,0,47.971,2,7,1,0,0,0,1,1,25,1016,1016,1016,1016,0,0,0,0,0,1,1,0,0,0,-182.7436975,0,0,0,0,3,1,1,10,10,0,0,0,3,1,1,10,1000,0,0,0,0,0,0,0,0,0,0,0,0,0,0,0,0,0,0,0,0,0,0,0,0,0,0,0,0,0,0,0,0,0,0,0,0,0,0,0,0,0,0,0,0,0,0,0,0,0,0,0
1986,27,4,1,35.97,2,7,1,0,0,0,1,1,25,1016,1016,1016,1016,0,0,0,0,0,1,1,0,0,0,-182.787218,0,0,0,0,3,1,1,10,10,0,0,0,3,1,1,10,1000,0,0,0,0,0,0,0,0,0,0,0,0,0,0,0,0,0,0,0,0,0,0,0,0,0,0,0,0,0,0,0,0,0,0,0,0,0,0,0,0,0,0,0,0,0,0,0,0,0,0,0
1986,27,4,2,23.97,2,7,1,0,0,0,1,1,25,1016,1016,1016,1016,0,0,0,0,0,1,1,0,0,0,-182.8307393,0,0,0,0,3,1,1,10,10,0,0,0,3,1,1,10,1000,0,0,0,0,0,0,0,0,0,0,0,0,0,0,0,0,0,0,0,0,0,0,0,0,0,0,0,0,0,0,0,0,0,0,0,0,0,0,0,0,0,0,0,0,0,0,0,0,0,0,0
1986,27,4,3,11.97,2,7,1,0,0,0,1,1,25,1016,1016,1016,1016,0,0,0,0,0,1,1,0,0,0,-182.8742605,0,0,0,0,3,1,1,10,10,0,0,0,3,1,1,10,1000,0,0,0,0,0,0,0,0,0,0,0,0,0,0,0,0,0,0,0,0,0,0,0,0,0,0,0,0,0,0,0,0,0,0,0,0,0,0,0,0,0,0,0,0,0,0,0,0,0,0,0
1986,27,4,6,23.97,2,7,1,0,0,0,1,1,25,1016,1016,1016,1016,0,0,0,0,0,1,1,0,0,0,-183.0483446,0,0,0,0,3,1,1,10,10,0,0,0,3,1,1,10,1000,0,0,0,0,0,0,0,0,0,0,0,0,0,0,0,0,0,0,0,0,0,0,0,0,0,0,0,0,0,0,0,0,0,0,0,0,0,0,0,0,0,0,0,0,0,0,0,0,0,0,0
1986,27,4,7,11.97,2,7,1,0,0,0,1,1,25,1016,1016,1016,1016,0,0,0,0,0,1,1,0,0,0,-183.0918655,0,0,0,0,3,1,1,10,10,0,0,0,3,1,1,10,1000,0,0,0,0,0,0,0,0,0,0,0,0,0,0,0,0,0,0,0,0,0,0,0,0,0,0,0,0,0,0,0,0,0,0,0,0,0,0,0,0,0,0,0,0,0,0,0,0,0,0,0
1986,27,4,7,59.97,2,7,1,0,0,0,1,1,25,1016,1016,1016,1016,0,0,0,0,0,1,1,0,0,0,-183.1353863,0,0,0,0,3,1,1,10,10,0,0,0,3,1,1,10,1000,0,0,0,0,0,0,0,0,0,0,0,0,0,0,0,0,0,0,0,0,0,0,0,0,0,0,0,0,0,0,0,0,0,0,0,0,0,0,0,0,0,0,0,0,0,0,0,0,0,0,0
1986,27,4,8,47.97,2,7,1,0,0,0,1,1,25,1016,1016,1016,1016,0,0,0,0,0,1,1,0,0,0,-183.178907,0,0,0,0,3,1,1,10,10,0,0,0,3,1,1,10,1000,0,0,0,0,0,0,0,0,0,0,0,0,0,0,0,0,0,0,0,0,0,0,0,0,0,0,0,0,0,0,0,0,0,0,0,0,0,0,0,0,0,0,0,0,0,0,0,0,0,0,0
1986,27,4,9,35.97,2,7,1,0,0,0,1,1,25,1016,1016,1016,1016,0,0,0,0,0,1,1,0,0,0,-183.2224276,0,0,0,0,3,1,1,10,10,0,0,0,3,1,1,10,1000,0,0,0,0,0,0,0,0,0,0,0,0,0,0,0,0,0,0,0,0,0,0,0,0,0,0,0,0,0,0,0,0,0,0,0,0,0,0,0,0,0,0,0,0,0,0,0,0,0,0,0
1986,27,4,10,23.97,2,7,1,0,0,0,1,1,25,1016,1016,1016,1016,0,0,0,0,0,1,1,0,0,0,-183.2659482,0,0,0,0,3,1,1,10,10,0,0,0,3,1,1,10,1000,0,0,0,0,0,0,0,0,0,0,0,0,0,0,0,0,0,0,0,0,0,0,0,0,0,0,0,0,0,0,0,0,0,0,0,0,0,0,0,0,0,0,0,0,0,0,0,0,0,0,0
1986,27,4,11,11.97,2,7,1,0,0,0,1,1,25,1016,1016,1016,1016,0,0,0,0,0,1,1,0,0,0,-183.3094687,0,0,0,0,3,1,1,10,10,0,0,0,3,1,1,10,1000,0,0,0,0,0,0,0,0,0,0,0,0,0,0,0,0,0,0,0,0,0,0,0,0,0,0,0,0,0,0,0,0,0,0,0,0,0,0,0,0,0,0,0,0,0,0,0,0,0,0,0
1986,27,4,11,59.97,2,7,1,0,0,0,1,1,25,1016,1016,1016,1016,0,0,0,0,0,1,1,0,0,0,-183.3529892,0,0,0,0,3,1,1,10,10,0,0,0,3,1,1,10,1000,0,0,0,0,0,0,0,0,0,0,0,0,0,0,0,0,0,0,0,0,0,0,0,0,0,0,0,0,0,0,0,0,0,0,0,0,0,0,0,0,0,0,0,0,0,0,0,0,0,0,0
1986,27,4,12,47.97,2,7,1,0,0,0,1,1,25,1016,1016,1016,1016,0,0,0,0,0,1,1,0,0,0,-183.3965095,0,0,0,0,3,1,1,10,10,0,0,0,3,1,1,10,1000,0,0,0,0,0,0,0,0,0,0,0,0,0,0,0,0,0,0,0,0,0,0,0,0,0,0,0,0,0,0,0,0,0,0,0,0,0,0,0,0,0,0,0,0,0,0,0,0,0,0,0
1986,27,4,13,35.97,2,7,1,0,0,0,1,1,25,1016,1016,1016,1016,0,0,0,0,0,1,1,0,0,0,-183.4400298,0,0,0,0,3,1,1,10,10,0,0,0,3,1,1,10,1000,0,0,0,0,0,0,0,0,0,0,0,0,0,0,0,0,0,0,0,0,0,0,0,0,0,0,0,0,0,0,0,0,0,0,0,0,0,0,0,0,0,0,0,0,0,0,0,0,0,0,0
1986,27,4,14,23.97,2,7,1,0,0,0,1,1,25,1016,1016,1016,1016,0,0,0,0,0,1,1,0,0,0,-183.48355,0,0,0,0,3,1,1,10,10,0,0,0,3,1,1,10,1000,0,0,0,0,0,0,0,0,0,0,0,0,0,0,0,0,0,0,0,0,0,0,0,0,0,0,0,0,0,0,0,0,0,0,0,0,0,0,0,0,0,0,0,0,0,0,0,0,0,0,0
1986,27,4,15,11.97,2,7,1,0,0,0,1,1,25,1016,1016,1016,1016,0,0,0,0,0,1,1,0,0,0,-183.5270702,0,0,0,0,3,1,1,10,10,0,0,0,3,1,1,10,1000,0,0,0,0,0,0,0,0,0,0,0,0,0,0,0,0,0,0,0,0,0,0,0,0,0,0,0,0,0,0,0,0,0,0,0,0,0,0,0,0,0,0,0,0,0,0,0,0,0,0,0
1986,27,4,18,23.969,2,7,1,0,0,0,1,1,25,1016,1016,1016,1016,0,0,0,0,0,1,1,0,0,0,-183.7011492,0,0,0,0,3,1,1,10,10,0,0,0,3,1,1,10,1000,0,0,0,0,0,0,0,0,0,0,0,0,0,0,0,0,0,0,0,0,0,0,0,0,0,0,0,0,0,0,0,0,0,0,0,0,0,0,0,0,0,0,0,0,0,0,0,0,0,0,0
1986,27,4,19,11.969,2,7,1,0,0,0,1,1,25,1016,1016,1016,1016,0,0,0,0,0,1,1,0,0,0,-183.744669,0,0,0,0,3,1,1,10,10,0,0,0,3,1,1,10,1000,0,0,0,0,0,0,0,0,0,0,0,0,0,0,0,0,0,0,0,0,0,0,0,0,0,0,0,0,0,0,0,0,0,0,0,0,0,0,0,0,0,0,0,0,0,0,0,0,0,0,0
1986,27,4,19,59.969,2,7,1,0,0,0,1,1,25,1016,1016,1016,1016,0,0,0,0,0,1,1,0,0,0,-183.7881887,0,0,0,0,3,1,1,10,10,0,0,0,3,1,1,10,1000,0,0,0,0,0,0,0,0,0,0,0,0,0,0,0,0,0,0,0,0,0,0,0,0,0,0,0,0,0,0,0,0,0,0,0,0,0,0,0,0,0,0,0,0,0,0,0,0,0,0,0
1986,27,4,20,47.969,2,7,1,0,0,0,1,1,25,1016,1016,1016,1016,0,0,0,0,0,1,1,0,0,0,-183.8317084,0,0,0,0,3,1,1,10,10,0,0,0,3,1,1,10,1000,0,0,0,0,0,0,0,0,0,0,0,0,0,0,0,0,0,0,0,0,0,0,0,0,0,0,0,0,0,0,0,0,0,0,0,0,0,0,0,0,0,0,0,0,0,0,0,0,0,0,0
1986,27,4,21,35.969,2,7,1,0,0,0,1,1,25,1016,1016,1016,1016,0,0,0,0,0,1,1,0,0,0,-183.875228,0,0,0,0,3,1,1,10,10,0,0,0,3,1,1,10,1000,0,0,0,0,0,0,0,0,0,0,0,0,0,0,0,0,0,0,0,0,0,0,0,0,0,0,0,0,0,0,0,0,0,0,0,0,0,0,0,0,0,0,0,0,0,0,0,0,0,0,0
1986,27,4,22,23.969,2,7,1,0,0,0,1,1,25,1016,1016,1016,1016,0,0,0,0,0,1,1,0,0,0,-183.9187475,0,0,0,0,3,1,1,10,10,0,0,0,3,1,1,10,1000,0,0,0,0,0,0,0,0,0,0,0,0,0,0,0,0,0,0,0,0,0,0,0,0,0,0,0,0,0,0,0,0,0,0,0,0,0,0,0,0,0,0,0,0,0,0,0,0,0,0,0
1986,27,4,23,11.969,2,7,1,0,0,0,1,1,25,1016,1016,1016,1016,0,0,0,0,0,1,1,0,0,0,-183.962267,0,0,0,0,3,1,1,10,10,0,0,0,3,1,1,10,1000,0,0,0,0,0,0,0,0,0,0,0,0,0,0,0,0,0,0,0,0,0,0,0,0,0,0,0,0,0,0,0,0,0,0,0,0,0,0,0,0,0,0,0,0,0,0,0,0,0,0,0
1986,27,4,23,59.969,2,7,1,0,0,0,1,1,25,1016,1016,1016,1016,0,0,0,0,0,1,1,0,0,0,-184.0057864,0,0,0,0,3,1,1,10,10,0,0,0,3,1,1,10,1000,0,0,0,0,0,0,0,0,0,0,0,0,0,0,0,0,0,0,0,0,0,0,0,0,0,0,0,0,0,0,0,0,0,0,0,0,0,0,0,0,0,0,0,0,0,0,0,0,0,0,0
1986,27,4,24,47.969,2,7,1,0,0,0,1,1,25,1016,1016,1016,1016,0,0,0,0,0,1,1,0,0,0,-184.0493057,0,0,0,0,3,1,1,10,10,0,0,0,3,1,1,10,1000,0,0,0,0,0,0,0,0,0,0,0,0,0,0,0,0,0,0,0,0,0,0,0,0,0,0,0,0,0,0,0,0,0,0,0,0,0,0,0,0,0,0,0,0,0,0,0,0,0,0,0
1986,27,4,25,35.969,2,7,1,0,0,0,1,1,25,1016,1016,1016,1016,0,0,0,0,0,1,1,0,0,0,-184.0928249,0,0,0,0,3,1,1,10,10,0,0,0,3,1,1,10,1000,0,0,0,0,0,0,0,0,0,0,0,0,0,0,0,0,0,0,0,0,0,0,0,0,0,0,0,0,0,0,0,0,0,0,0,0,0,0,0,0,0,0,0,0,0,0,0,0,0,0,0
1986,27,4,26,23.969,2,7,1,0,0,0,1,1,25,1016,1016,1016,1016,0,0,0,0,0,1,1,0,0,0,-184.1363441,0,0,0,0,3,1,1,10,10,0,0,0,3,1,1,10,1000,0,0,0,0,0,0,0,0,0,0,0,0,0,0,0,0,0,0,0,0,0,0,0,0,0,0,0,0,0,0,0,0,0,0,0,0,0,0,0,0,0,0,0,0,0,0,0,0,0,0,0
1986,27,4,27,11.969,2,7,1,0,0,0,1,1,25,1016,1016,1016,1016,0,0,0,0,0,1,1,0,0,0,-184.1798632,0,0,0,0,3,1,1,10,10,0,0,0,3,1,1,10,1000,0,0,0,0,0,0,0,0,0,0,0,0,0,0,0,0,0,0,0,0,0,0,0,0,0,0,0,0,0,0,0,0,0,0,0,0,0,0,0,0,0,0,0,0,0,0,0,0,0,0,0
1986,27,4,30,23.969,2,7,1,0,0,0,1,1,25,1016,1016,1016,1016,0,0,0,0,0,1,1,0,0,0,-184.3539389,0,0,0,0,3,1,1,10,10,0,0,0,3,1,1,10,1000,0,0,0,0,0,0,0,0,0,0,0,0,0,0,0,0,0,0,0,0,0,0,0,0,0,0,0,0,0,0,0,0,0,0,0,0,0,0,0,0,0,0,0,0,0,0,0,0,0,0,0
1986,27,4,31,11.968,2,7,1,0,0,0,1,1,25,1016,1016,1016,1016,0,0,0,0,0,1,1,0,0,0,-184.3974568,0,0,0,0,3,1,1,10,10,0,0,0,3,1,1,10,1000,0,0,0,0,0,0,0,0,0,0,0,0,0,0,0,0,0,0,0,0,0,0,0,0,0,0,0,0,0,0,0,0,0,0,0,0,0,0,0,0,0,0,0,0,0,0,0,0,0,0,0
1986,27,4,31,59.968,2,7,1,0,0,0,1,1,25,1016,1016,1016,1016,0,0,0,0,0,1,1,0,0,0,-184.4409755,0,0,0,0,3,1,1,10,10,0,0,0,3,1,1,10,1000,0,0,0,0,0,0,0,0,0,0,0,0,0,0,0,0,0,0,0,0,0,0,0,0,0,0,0,0,0,0,0,0,0,0,0,0,0,0,0,0,0,0,0,0,0,0,0,0,0,0,0
1986,27,4,32,47.968,2,7,1,0,0,0,1,1,25,1016,1016,1016,1016,0,0,0,0,0,1,1,0,0,0,-184.4844941,0,0,0,0,3,1,1,10,10,0,0,0,3,1,1,10,1000,0,0,0,0,0,0,0,0,0,0,0,0,0,0,0,0,0,0,0,0,0,0,0,0,0,0,0,0,0,0,0,0,0,0,0,0,0,0,0,0,0,0,0,0,0,0,0,0,0,0,0
1986,27,4,33,35.968,2,7,1,0,0,0,1,1,25,1016,1016,1016,1016,0,0,0,0,0,1,1,0,0,0,-184.5280126,0,0,0,0,3,1,1,10,10,0,0,0,3,1,1,10,1000,0,0,0,0,0,0,0,0,0,0,0,0,0,0,0,0,0,0,0,0,0,0,0,0,0,0,0,0,0,0,0,0,0,0,0,0,0,0,0,0,0,0,0,0,0,0,0,0,0,0,0
1986,27,4,34,23.968,2,7,1,0,0,0,1,1,25,1016,1016,1016,1016,0,0,0,0,0,1,1,0,0,0,-184.5715311,0,0,0,0,3,1,1,10,10,0,0,0,3,1,1,10,1000,0,0,0,0,0,0,0,0,0,0,0,0,0,0,0,0,0,0,0,0,0,0,0,0,0,0,0,0,0,0,0,0,0,0,0,0,0,0,0,0,0,0,0,0,0,0,0,0,0,0,0
1986,27,4,35,11.968,2,7,1,0,0,0,1,1,25,1016,1016,1016,1016,0,0,0,0,0,1,1,0,0,0,-184.6150495,0,0,0,0,3,1,1,10,10,0,0,0,3,1,1,10,1000,0,0,0,0,0,0,0,0,0,0,0,0,0,0,0,0,0,0,0,0,0,0,0,0,0,0,0,0,0,0,0,0,0,0,0,0,0,0,0,0,0,0,0,0,0,0,0,0,0,0,0
1986,27,4,35,59.968,2,7,1,0,0,0,1,1,25,1016,1016,1016,1016,0,0,0,0,0,1,1,0,0,0,-184.6585679,0,0,0,0,3,1,1,10,10,0,0,0,3,1,1,10,1000,0,0,0,0,0,0,0,0,0,0,0,0,0,0,0,0,0,0,0,0,0,0,0,0,0,0,0,0,0,0,0,0,0,0,0,0,0,0,0,0,0,0,0,0,0,0,0,0,0,0,0
1986,27,4,36,47.968,2,7,1,0,0,0,1,1,25,1016,1016,1016,1016,0,0,0,0,0,1,1,0,0,0,-184.7020862,0,0,0,0,3,1,1,10,10,0,0,0,3,1,1,10,1000,0,0,0,0,0,0,0,0,0,0,0,0,0,0,0,0,0,0,0,0,0,0,0,0,0,0,0,0,0,0,0,0,0,0,0,0,0,0,0,0,0,0,0,0,0,0,0,0,0,0,0
1986,27,4,37,35.968,2,7,1,0,0,0,1,1,25,1016,1016,1016,1016,0,0,0,0,0,1,1,0,0,0,-184.7456044,0,0,0,0,3,1,1,10,10,0,0,0,3,1,1,10,1000,0,0,0,0,0,0,0,0,0,0,0,0,0,0,0,0,0,0,0,0,0,0,0,0,0,0,0,0,0,0,0,0,0,0,0,0,0,0,0,0,0,0,0,0,0,0,0,0,0,0,0
1986,27,4,38,23.968,2,7,1,0,0,0,1,1,25,1016,1016,1016,1016,0,0,0,0,0,1,1,0,0,0,-184.7891225,0,0,0,0,3,1,1,10,10,0,0,0,3,1,1,10,1000,0,0,0,0,0,0,0,0,0,0,0,0,0,0,0,0,0,0,0,0,0,0,0,0,0,0,0,0,0,0,0,0,0,0,0,0,0,0,0,0,0,0,0,0,0,0,0,0,0,0,0
1986,27,4,39,11.968,2,7,1,0,0,0,1,1,25,1016,1016,1016,1016,0,0,0,0,0,1,1,0,0,0,-184.8326405,0,0,0,0,3,1,1,10,10,0,0,0,3,1,1,10,1000,0,0,0,0,0,0,0,0,0,0,0,0,0,0,0,0,0,0,0,0,0,0,0,0,0,0,0,0,0,0,0,0,0,0,0,0,0,0,0,0,0,0,0,0,0,0,0,0,0,0,0
1986,27,4,42,23.968,2,7,1,0,0,0,1,1,25,1016,1016,1016,1016,0,0,0,0,0,1,1,0,0,0,-185.0067121,0,0,0,0,3,1,1,10,10,0,0,0,3,1,1,10,1000,0,0,0,0,0,0,0,0,0,0,0,0,0,0,0,0,0,0,0,0,0,0,0,0,0,0,0,0,0,0,0,0,0,0,0,0,0,0,0,0,0,0,0,0,0,0,0,0,0,0,0
1986,27,4,43,11.968,2,7,1,0,0,0,1,1,25,1016,1016,1016,1016,0,0,0,0,0,1,1,0,0,0,-185.0502298,0,0,0,0,3,1,1,10,10,0,0,0,3,1,1,10,1000,0,0,0,0,0,0,0,0,0,0,0,0,0,0,0,0,0,0,0,0,0,0,0,0,0,0,0,0,0,0,0,0,0,0,0,0,0,0,0,0,0,0,0,0,0,0,0,0,0,0,0
1986,27,4,43,59.968,2,7,1,0,0,0,1,1,25,1016,1016,1016,1016,0,0,0,0,0,1,1,0,0,0,-185.0937475,0,0,0,0,3,1,1,10,10,0,0,0,3,1,1,10,1000,0,0,0,0,0,0,0,0,0,0,0,0,0,0,0,0,0,0,0,0,0,0,0,0,0,0,0,0,0,0,0,0,0,0,0,0,0,0,0,0,0,0,0,0,0,0,0,0,0,0,0
1986,27,4,44,47.968,2,7,1,0,0,0,1,1,25,1016,1016,1016,1016,0,0,0,0,0,1,1,0,0,0,-185.1372651,0,0,0,0,3,1,1,10,10,0,0,0,3,1,1,10,1000,0,0,0,0,0,0,0,0,0,0,0,0,0,0,0,0,0,0,0,0,0,0,0,0,0,0,0,0,0,0,0,0,0,0,0,0,0,0,0,0,0,0,0,0,0,0,0,0,0,0,0
1986,27,4,45,35.968,2,7,1,0,0,0,1,1,25,1016,1016,1016,1016,0,0,0,0,0,1,1,0,0,0,-185.1807826,0,0,0,0,3,1,1,10,10,0,0,0,3,1,1,10,1000,0,0,0,0,0,0,0,0,0,0,0,0,0,0,0,0,0,0,0,0,0,0,0,0,0,0,0,0,0,0,0,0,0,0,0,0,0,0,0,0,0,0,0,0,0,0,0,0,0,0,0
1986,27,4,46,23.967,2,7,1,0,0,0,1,1,25,1016,1016,1016,1016,0,0,0,0,0,1,1,0,0,0,-185.2242991,0,0,0,0,3,1,1,10,10,0,0,0,3,1,1,10,1000,0,0,0,0,0,0,0,0,0,0,0,0,0,0,0,0,0,0,0,0,0,0,0,0,0,0,0,0,0,0,0,0,0,0,0,0,0,0,0,0,0,0,0,0,0,0,0,0,0,0,0
1986,27,4,47,11.967,2,7,1,0,0,0,1,1,25,1016,1016,1016,1016,0,0,0,0,0,1,1,0,0,0,-185.2678165,0,0,0,0,3,1,1,10,10,0,0,0,3,1,1,10,1000,0,0,0,0,0,0,0,0,0,0,0,0,0,0,0,0,0,0,0,0,0,0,0,0,0,0,0,0,0,0,0,0,0,0,0,0,0,0,0,0,0,0,0,0,0,0,0,0,0,0,0
1986,27,4,47,59.967,2,7,1,0,0,0,1,1,25,1016,1016,1016,1016,0,0,0,0,0,1,1,0,0,0,-185.3113338,0,0,0,0,3,1,1,10,10,0,0,0,3,1,1,10,1000,0,0,0,0,0,0,0,0,0,0,0,0,0,0,0,0,0,0,0,0,0,0,0,0,0,0,0,0,0,0,0,0,0,0,0,0,0,0,0,0,0,0,0,0,0,0,0,0,0,0,0
1986,27,4,48,47.967,2,7,1,0,0,0,1,1,25,1016,1016,1016,1016,0,0,0,0,0,1,1,0,0,0,-185.354851,0,0,0,0,3,1,1,10,10,0,0,0,3,1,1,10,1000,0,0,0,0,0,0,0,0,0,0,0,0,0,0,0,0,0,0,0,0,0,0,0,0,0,0,0,0,0,0,0,0,0,0,0,0,0,0,0,0,0,0,0,0,0,0,0,0,0,0,0
1986,27,4,49,35.967,2,7,1,0,0,0,1,1,25,1016,1016,1016,1016,0,0,0,0,0,1,1,0,0,0,-185.3983682,0,0,0,0,3,1,1,10,10,0,0,0,3,1,1,10,1000,0,0,0,0,0,0,0,0,0,0,0,0,0,0,0,0,0,0,0,0,0,0,0,0,0,0,0,0,0,0,0,0,0,0,0,0,0,0,0,0,0,0,0,0,0,0,0,0,0,0,0
1986,27,4,50,23.967,2,7,1,0,0,0,1,1,25,1016,1016,1016,1016,0,0,0,0,0,1,1,0,0,0,-185.4418853,0,0,0,0,3,1,1,10,10,0,0,0,3,1,1,10,1000,0,0,0,0,0,0,0,0,0,0,0,0,0,0,0,0,0,0,0,0,0,0,0,0,0,0,0,0,0,0,0,0,0,0,0,0,0,0,0,0,0,0,0,0,0,0,0,0,0,0,0
1986,27,4,51,11.967,2,7,1,0,0,0,1,1,25,1016,1016,1016,1016,0,0,0,0,0,1,1,0,0,0,-185.4854023,0,0,0,0,3,1,1,10,10,0,0,0,3,1,1,10,1000,0,0,0,0,0,0,0,0,0,0,0,0,0,0,0,0,0,0,0,0,0,0,0,0,0,0,0,0,0,0,0,0,0,0,0,0,0,0,0,0,0,0,0,0,0,0,0,0,0,0,0
1986,27,4,54,23.967,2,7,1,0,0,0,1,1,25,1016,1016,1016,1016,0,0,0,0,0,1,1,0,0,0,-185.6594697,0,0,0,0,3,1,1,10,10,0,0,0,3,1,1,10,1000,0,0,0,0,0,0,0,0,0,0,0,0,0,0,0,0,0,0,0,0,0,0,0,0,0,0,0,0,0,0,0,0,0,0,0,0,0,0,0,0,0,0,0,0,0,0,0,0,0,0,0
1986,27,4,55,11.967,2,7,1,0,0,0,1,1,25,1016,1016,1016,1016,0,0,0,0,0,1,1,0,0,0,-185.7029864,0,0,0,0,3,1,1,10,10,0,0,0,3,1,1,10,1000,0,0,0,0,0,0,0,0,0,0,0,0,0,0,0,0,0,0,0,0,0,0,0,0,0,0,0,0,0,0,0,0,0,0,0,0,0,0,0,0,0,0,0,0,0,0,0,0,0,0,0
1986,27,4,55,59.967,2,7,1,0,0,0,1,1,25,1016,1016,1016,1016,0,0,0,0,0,1,1,0,0,0,-185.746503,0,0,0,0,3,1,1,10,10,0,0,0,3,1,1,10,1000,0,0,0,0,0,0,0,0,0,0,0,0,0,0,0,0,0,0,0,0,0,0,0,0,0,0,0,0,0,0,0,0,0,0,0,0,0,0,0,0,0,0,0,0,0,0,0,0,0,0,0
1986,27,4,56,47.967,2,7,1,0,0,0,1,1,25,1016,1016,1016,1016,0,0,0,0,0,1,1,0,0,0,-185.7900195,0,0,0,0,3,1,1,10,10,0,0,0,3,1,1,10,1000,0,0,0,0,0,0,0,0,0,0,0,0,0,0,0,0,0,0,0,0,0,0,0,0,0,0,0,0,0,0,0,0,0,0,0,0,0,0,0,0,0,0,0,0,0,0,0,0,0,0,0
1986,27,4,57,35.967,2,7,1,0,0,0,1,1,25,1016,1016,1016,1016,0,0,0,0,0,1,1,0,0,0,-185.833536,0,0,0,0,3,1,1,10,10,0,0,0,3,1,1,10,1000,0,0,0,0,0,0,0,0,0,0,0,0,0,0,0,0,0,0,0,0,0,0,0,0,0,0,0,0,0,0,0,0,0,0,0,0,0,0,0,0,0,0,0,0,0,0,0,0,0,0,0
1986,27,4,58,23.967,2,7,1,0,0,0,1,1,25,1016,1016,1016,1016,0,0,0,0,0,1,1,0,0,0,-185.8770524,0,0,0,0,3,1,1,10,10,0,0,0,3,1,1,10,1000,0,0,0,0,0,0,0,0,0,0,0,0,0,0,0,0,0,0,0,0,0,0,0,0,0,0,0,0,0,0,0,0,0,0,0,0,0,0,0,0,0,0,0,0,0,0,0,0,0,0,0
1986,27,4,59,11.967,2,7,1,0,0,0,1,1,25,1016,1016,1016,1016,0,0,0,0,0,1,1,0,0,0,-185.9205688,0,0,0,0,3,1,1,10,10,0,0,0,3,1,1,10,1000,0,0,0,0,0,0,0,0,0,0,0,0,0,0,0,0,0,0,0,0,0,0,0,0,0,0,0,0,0,0,0,0,0,0,0,0,0,0,0,0,0,0,0,0,0,0,0,0,0,0,0
1986,27,4,59,59.967,2,7,1,0,0,0,1,1,25,1016,1016,1016,1016,0,0,0,0,0,1,1,0,0,0,-185.964085,0,0,0,0,3,1,1,10,10,0,0,0,3,1,1,10,1000,0,0,0,0,0,0,0,0,0,0,0,0,0,0,0,0,0,0,0,0,0,0,0,0,0,0,0,0,0,0,0,0,0,0,0,0,0,0,0,0,0,0,0,0,0,0,0,0,0,0,0
1986,27,5,0,47.967,2,7,1,0,0,0,1,1,25,1016,1016,1016,1016,0,0,0,0,0,1,1,0,0,0,-186.0076012,0,0,0,0,3,1,1,10,10,0,0,0,3,1,1,10,1000,0,0,0,0,0,0,0,0,0,0,0,0,0,0,0,0,0,0,0,0,0,0,0,0,0,0,0,0,0,0,0,0,0,0,0,0,0,0,0,0,0,0,0,0,0,0,0,0,0,0,0
1986,27,5,1,35.966,2,7,1,0,0,0,1,1,25,1016,1016,1016,1016,0,0,0,0,0,1,1,0,0,0,-186.0511165,0,0,0,0,3,1,1,10,10,0,0,0,3,1,1,10,1000,0,0,0,0,0,0,0,0,0,0,0,0,0,0,0,0,0,0,0,0,0,0,0,0,0,0,0,0,0,0,0,0,0,0,0,0,0,0,0,0,0,0,0,0,0,0,0,0,0,0,0
1986,27,5,2,23.966,2,7,1,0,0,0,1,1,25,1016,1016,1016,1016,0,0,0,0,0,1,1,0,0,0,-186.0946325,0,0,0,0,3,1,1,10,10,0,0,0,3,1,1,10,1000,0,0,0,0,0,0,0,0,0,0,0,0,0,0,0,0,0,0,0,0,0,0,0,0,0,0,0,0,0,0,0,0,0,0,0,0,0,0,0,0,0,0,0,0,0,0,0,0,0,0,0
1986,27,5,3,11.966,2,7,1,0,0,0,1,1,25,1016,1016,1016,1016,0,0,0,0,0,1,1,0,0,0,-186.1381485,0,0,0,0,3,1,1,10,10,0,0,0,3,1,1,10,1000,0,0,0,0,0,0,0,0,0,0,0,0,0,0,0,0,0,0,0,0,0,0,0,0,0,0,0,0,0,0,0,0,0,0,0,0,0,0,0,0,0,0,0,0,0,0,0,0,0,0,0
1986,27,5,6,23.966,2,7,1,0,0,0,1,1,25,1016,1016,1016,1016,0,0,0,0,0,1,1,0,0,0,-186.3122118,0,0,0,0,3,1,1,10,10,0,0,0,3,1,1,10,1000,0,0,0,0,0,0,0,0,0,0,0,0,0,0,0,0,0,0,0,0,0,0,0,0,0,0,0,0,0,0,0,0,0,0,0,0,0,0,0,0,0,0,0,0,0,0,0,0,0,0,0
1986,27,5,7,11.966,2,7,1,0,0,0,1,1,25,1016,1016,1016,1016,0,0,0,0,0,1,1,0,0,0,-186.3557275,0,0,0,0,3,1,1,10,10,0,0,0,3,1,1,10,1000,0,0,0,0,0,0,0,0,0,0,0,0,0,0,0,0,0,0,0,0,0,0,0,0,0,0,0,0,0,0,0,0,0,0,0,0,0,0,0,0,0,0,0,0,0,0,0,0,0,0,0
1986,27,5,7,59.966,2,7,1,0,0,0,1,1,25,1016,1016,1016,1016,0,0,0,0,0,1,1,0,0,0,-186.3992431,0,0,0,0,3,1,1,10,10,0,0,0,3,1,1,10,1000,0,0,0,0,0,0,0,0,0,0,0,0,0,0,0,0,0,0,0,0,0,0,0,0,0,0,0,0,0,0,0,0,0,0,0,0,0,0,0,0,0,0,0,0,0,0,0,0,0,0,0
1986,27,5,8,47.966,2,7,1,0,0,0,1,1,25,1016,1016,1016,1016,0,0,0,0,0,1,1,0,0,0,-186.4427586,0,0,0,0,3,1,1,10,10,0,0,0,3,1,1,10,1000,0,0,0,0,0,0,0,0,0,0,0,0,0,0,0,0,0,0,0,0,0,0,0,0,0,0,0,0,0,0,0,0,0,0,0,0,0,0,0,0,0,0,0,0,0,0,0,0,0,0,0
1986,27,5,9,35.966,2,7,1,0,0,0,1,1,25,1016,1016,1016,1016,0,0,0,0,0,1,1,0,0,0,-186.486274,0,0,0,0,3,1,1,10,10,0,0,0,3,1,1,10,1000,0,0,0,0,0,0,0,0,0,0,0,0,0,0,0,0,0,0,0,0,0,0,0,0,0,0,0,0,0,0,0,0,0,0,0,0,0,0,0,0,0,0,0,0,0,0,0,0,0,0,0
1986,27,5,10,23.966,2,7,1,0,0,0,1,1,25,1016,1016,1016,1016,0,0,0,0,0,1,1,0,0,0,-186.5297894,0,0,0,0,3,1,1,10,10,0,0,0,3,1,1,10,1000,0,0,0,0,0,0,0,0,0,0,0,0,0,0,0,0,0,0,0,0,0,0,0,0,0,0,0,0,0,0,0,0,0,0,0,0,0,0,0,0,0,0,0,0,0,0,0,0,0,0,0
1986,27,5,11,11.966,2,7,1,0,0,0,1,1,25,1016,1016,1016,1016,0,0,0,0,0,1,1,0,0,0,-186.5733047,0,0,0,0,3,1,1,10,10,0,0,0,3,1,1,10,1000,0,0,0,0,0,0,0,0,0,0,0,0,0,0,0,0,0,0,0,0,0,0,0,0,0,0,0,0,0,0,0,0,0,0,0,0,0,0,0,0,0,0,0,0,0,0,0,0,0,0,0
1986,27,5,11,59.966,2,7,1,0,0,0,1,1,25,1016,1016,1016,1016,0,0,0,0,0,1,1,0,0,0,-186.61682,0,0,0,0,3,1,1,10,10,0,0,0,3,1,1,10,1000,0,0,0,0,0,0,0,0,0,0,0,0,0,0,0,0,0,0,0,0,0,0,0,0,0,0,0,0,0,0,0,0,0,0,0,0,0,0,0,0,0,0,0,0,0,0,0,0,0,0,0
1986,27,5,12,47.966,2,7,1,0,0,0,1,1,25,1016,1016,1016,1016,0,0,0,0,0,1,1,0,0,0,-186.6603352,0,0,0,0,3,1,1,10,10,0,0,0,3,1,1,10,1000,0,0,0,0,0,0,0,0,0,0,0,0,0,0,0,0,0,0,0,0,0,0,0,0,0,0,0,0,0,0,0,0,0,0,0,0,0,0,0,0,0,0,0,0,0,0,0,0,0,0,0
1986,27,5,13,35.966,2,7,1,0,0,0,1,1,25,1016,1016,1016,1016,0,0,0,0,0,1,1,0,0,0,-186.7038503,0,0,0,0,3,1,1,10,10,0,0,0,3,1,1,10,1000,0,0,0,0,0,0,0,0,0,0,0,0,0,0,0,0,0,0,0,0,0,0,0,0,0,0,0,0,0,0,0,0,0,0,0,0,0,0,0,0,0,0,0,0,0,0,0,0,0,0,0
1986,27,5,14,23.966,2,7,1,0,0,0,1,1,25,1016,1016,1016,1016,0,0,0,0,0,1,1,0,0,0,-186.7473653,0,0,0,0,3,1,1,10,10,0,0,0,3,1,1,10,1000,0,0,0,0,0,0,0,0,0,0,0,0,0,0,0,0,0,0,0,0,0,0,0,0,0,0,0,0,0,0,0,0,0,0,0,0,0,0,0,0,0,0,0,0,0,0,0,0,0,0,0
1986,27,5,15,11.966,2,7,1,0,0,0,1,1,25,1016,1016,1016,1016,0,0,0,0,0,1,1,0,0,0,-186.7908803,0,0,0,0,3,1,1,10,10,0,0,0,3,1,1,10,1000,0,0,0,0,0,0,0,0,0,0,0,0,0,0,0,0,0,0,0,0,0,0,0,0,0,0,0,0,0,0,0,0,0,0,0,0,0,0,0,0,0,0,0,0,0,0,0,0,0,0,0
1986,27,5,18,23.965,2,7,1,0,0,0,1,1,25,1016,1016,1016,1016,0,0,0,0,0,1,1,0,0,0,-186.9649386,0,0,0,0,3,1,1,10,10,0,0,0,3,1,1,10,1000,0,0,0,0,0,0,0,0,0,0,0,0,0,0,0,0,0,0,0,0,0,0,0,0,0,0,0,0,0,0,0,0,0,0,0,0,0,0,0,0,0,0,0,0,0,0,0,0,0,0,0
1986,27,5,19,11.965,2,7,1,0,0,0,1,1,25,1016,1016,1016,1016,0,0,0,0,0,1,1,0,0,0,-187.0084532,0,0,0,0,3,1,1,10,10,0,0,0,3,1,1,10,1000,0,0,0,0,0,0,0,0,0,0,0,0,0,0,0,0,0,0,0,0,0,0,0,0,0,0,0,0,0,0,0,0,0,0,0,0,0,0,0,0,0,0,0,0,0,0,0,0,0,0,0
1986,27,5,19,59.965,2,7,1,0,0,0,1,1,25,1016,1016,1016,1016,0,0,0,0,0,1,1,0,0,0,-187.0519678,0,0,0,0,3,1,1,10,10,0,0,0,3,1,1,10,1000,0,0,0,0,0,0,0,0,0,0,0,0,0,0,0,0,0,0,0,0,0,0,0,0,0,0,0,0,0,0,0,0,0,0,0,0,0,0,0,0,0,0,0,0,0,0,0,0,0,0,0
1986,27,5,20,47.965,2,7,1,0,0,0,1,1,25,1016,1016,1016,1016,0,0,0,0,0,1,1,0,0,0,-187.0954823,0,0,0,0,3,1,1,10,10,0,0,0,3,1,1,10,1000,0,0,0,0,0,0,0,0,0,0,0,0,0,0,0,0,0,0,0,0,0,0,0,0,0,0,0,0,0,0,0,0,0,0,0,0,0,0,0,0,0,0,0,0,0,0,0,0,0,0,0
1986,27,5,22,23.965,2,7,1,0,0,0,1,1,25,1016,1016,1016,1016,0,0,0,0,0,1,1,0,0,0,-187.1825111,0,0,0,0,3,1,1,10,10,0,0,0,3,1,1,10,1000,0,0,0,0,0,0,0,0,0,0,0,0,0,0,0,0,0,0,0,0,0,0,0,0,0,0,0,0,0,0,0,0,0,0,0,0,0,0,0,0,0,0,0,0,0,0,0,0,0,0,0
1986,27,5,23,11.965,2,7,1,0,0,0,1,1,25,1016,1016,1016,1016,0,0,0,0,0,1,1,0,0,0,-187.2260254,0,0,0,0,3,1,1,10,10,0,0,0,3,1,1,10,1000,0,0,0,0,0,0,0,0,0,0,0,0,0,0,0,0,0,0,0,0,0,0,0,0,0,0,0,0,0,0,0,0,0,0,0,0,0,0,0,0,0,0,0,0,0,0,0,0,0,0,0
1986,27,5,23,59.965,2,7,1,0,0,0,1,1,25,1016,1016,1016,1016,0,0,0,0,0,1,1,0,0,0,-187.2695396,0,0,0,0,3,1,1,10,10,0,0,0,3,1,1,10,1000,0,0,0,0,0,0,0,0,0,0,0,0,0,0,0,0,0,0,0,0,0,0,0,0,0,0,0,0,0,0,0,0,0,0,0,0,0,0,0,0,0,0,0,0,0,0,0,0,0,0,0
1986,27,5,24,47.965,2,7,1,0,0,0,1,1,25,1016,1016,1016,1016,0,0,0,0,0,1,1,0,0,0,-187.3130537,0,0,0,0,3,1,1,10,10,0,0,0,3,1,1,10,1000,0,0,0,0,0,0,0,0,0,0,0,0,0,0,0,0,0,0,0,0,0,0,0,0,0,0,0,0,0,0,0,0,0,0,0,0,0,0,0,0,0,0,0,0,0,0,0,0,0,0,0
1986,27,5,25,35.965,2,7,1,0,0,0,1,1,25,1016,1016,1016,1016,0,0,0,0,0,1,1,0,0,0,-187.3565678,0,0,0,0,3,1,1,10,10,0,0,0,3,1,1,10,1000,0,0,0,0,0,0,0,0,0,0,0,0,0,0,0,0,0,0,0,0,0,0,0,0,0,0,0,0,0,0,0,0,0,0,0,0,0,0,0,0,0,0,0,0,0,0,0,0,0,0,0
1986,27,5,26,23.965,2,7,1,0,0,0,1,1,25,1016,1016,1016,1016,0,0,0,0,0,1,1,0,0,0,-187.4000819,0,0,0,0,3,1,1,10,10,0,0,0,3,1,1,10,1000,0,0,0,0,0,0,0,0,0,0,0,0,0,0,0,0,0,0,0,0,0,0,0,0,0,0,0,0,0,0,0,0,0,0,0,0,0,0,0,0,0,0,0,0,0,0,0,0,0,0,0
1986,27,5,27,11.965,2,7,1,0,0,0,1,1,25,1016,1016,1016,1016,0,0,0,0,0,1,1,0,0,0,-187.4435958,0,0,0,0,3,1,1,10,10,0,0,0,3,1,1,10,1000,0,0,0,0,0,0,0,0,0,0,0,0,0,0,0,0,0,0,0,0,0,0,0,0,0,0,0,0,0,0,0,0,0,0,0,0,0,0,0,0,0,0,0,0,0,0,0,0,0,0,0
1986,27,5,30,23.965,2,7,1,0,0,0,1,1,25,1016,1016,1016,1016,0,0,0,0,0,1,1,0,0,0,-187.617651,0,0,0,0,3,1,1,10,10,0,0,0,3,1,1,10,1000,0,0,0,0,0,0,0,0,0,0,0,0,0,0,0,0,0,0,0,0,0,0,0,0,0,0,0,0,0,0,0,0,0,0,0,0,0,0,0,0,0,0,0,0,0,0,0,0,0,0,0
1986,27,5,31,11.965,2,7,1,0,0,0,1,1,25,1016,1016,1016,1016,0,0,0,0,0,1,1,0,0,0,-187.6611646,0,0,0,0,3,1,1,10,10,0,0,0,3,1,1,10,1000,0,0,0,0,0,0,0,0,0,0,0,0,0,0,0,0,0,0,0,0,0,0,0,0,0,0,0,0,0,0,0,0,0,0,0,0,0,0,0,0,0,0,0,0,0,0,0,0,0,0,0
1986,27,5,31,59.964,2,7,1,0,0,0,1,1,25,1016,1016,1016,1016,0,0,0,0,0,1,1,0,0,0,-187.7046772,0,0,0,0,3,1,1,10,10,0,0,0,3,1,1,10,1000,0,0,0,0,0,0,0,0,0,0,0,0,0,0,0,0,0,0,0,0,0,0,0,0,0,0,0,0,0,0,0,0,0,0,0,0,0,0,0,0,0,0,0,0,0,0,0,0,0,0,0
1986,27,5,32,47.964,2,7,1,0,0,0,1,1,25,1016,1016,1016,1016,0,0,0,0,0,1,1,0,0,0,-187.7481907,0,0,0,0,3,1,1,10,10,0,0,0,3,1,1,10,1000,0,0,0,0,0,0,0,0,0,0,0,0,0,0,0,0,0,0,0,0,0,0,0,0,0,0,0,0,0,0,0,0,0,0,0,0,0,0,0,0,0,0,0,0,0,0,0,0,0,0,0
1986,27,5,33,35.964,2,7,1,0,0,0,1,1,25,1016,1016,1016,1016,0,0,0,0,0,1,1,0,0,0,-187.7917041,0,0,0,0,3,1,1,10,10,0,0,0,3,1,1,10,1000,0,0,0,0,0,0,0,0,0,0,0,0,0,0,0,0,0,0,0,0,0,0,0,0,0,0,0,0,0,0,0,0,0,0,0,0,0,0,0,0,0,0,0,0,0,0,0,0,0,0,0
1986,27,5,34,23.964,2,7,1,0,0,0,1,1,25,1016,1016,1016,1016,0,0,0,0,0,1,1,0,0,0,-187.8352175,0,0,0,0,3,1,1,10,10,0,0,0,3,1,1,10,1000,0,0,0,0,0,0,0,0,0,0,0,0,0,0,0,0,0,0,0,0,0,0,0,0,0,0,0,0,0,0,0,0,0,0,0,0,0,0,0,0,0,0,0,0,0,0,0,0,0,0,0
1986,27,5,35,11.964,2,7,1,0,0,0,1,1,25,1016,1016,1016,1016,0,0,0,0,0,1,1,0,0,0,-187.8787307,0,0,0,0,3,1,1,10,10,0,0,0,3,1,1,10,1000,0,0,0,0,0,0,0,0,0,0,0,0,0,0,0,0,0,0,0,0,0,0,0,0,0,0,0,0,0,0,0,0,0,0,0,0,0,0,0,0,0,0,0,0,0,0,0,0,0,0,0
1986,27,5,35,59.964,2,7,1,0,0,0,1,1,25,1016,1016,1016,1016,0,0,0,0,0,1,1,0,0,0,-187.922244,0,0,0,0,3,1,1,10,10,0,0,0,3,1,1,10,1000,0,0,0,0,0,0,0,0,0,0,0,0,0,0,0,0,0,0,0,0,0,0,0,0,0,0,0,0,0,0,0,0,0,0,0,0,0,0,0,0,0,0,0,0,0,0,0,0,0,0,0
1986,27,5,36,47.964,2,7,1,0,0,0,1,1,25,1016,1016,1016,1016,0,0,0,0,0,1,1,0,0,0,-187.9657571,0,0,0,0,3,1,1,10,10,0,0,0,3,1,1,10,1000,0,0,0,0,0,0,0,0,0,0,0,0,0,0,0,0,0,0,0,0,0,0,0,0,0,0,0,0,0,0,0,0,0,0,0,0,0,0,0,0,0,0,0,0,0,0,0,0,0,0,0
1986,27,5,37,35.964,2,7,1,0,0,0,1,1,25,1016,1016,1016,1016,0,0,0,0,0,1,1,0,0,0,-188.0092702,0,0,0,0,3,1,1,10,10,0,0,0,3,1,1,10,1000,0,0,0,0,0,0,0,0,0,0,0,0,0,0,0,0,0,0,0,0,0,0,0,0,0,0,0,0,0,0,0,0,0,0,0,0,0,0,0,0,0,0,0,0,0,0,0,0,0,0,0
1986,27,5,38,23.964,2,7,1,0,0,0,1,1,25,1016,1016,1016,1016,0,0,0,0,0,1,1,0,0,0,-188.0527832,0,0,0,0,3,1,1,10,10,0,0,0,3,1,1,10,1000,0,0,0,0,0,0,0,0,0,0,0,0,0,0,0,0,0,0,0,0,0,0,0,0,0,0,0,0,0,0,0,0,0,0,0,0,0,0,0,0,0,0,0,0,0,0,0,0,0,0,0
1986,27,5,39,11.964,2,7,1,0,0,0,1,1,25,1016,1016,1016,1016,0,0,0,0,0,1,1,0,0,0,-188.0962961,0,0,0,0,3,1,1,10,10,0,0,0,3,1,1,10,1000,0,0,0,0,0,0,0,0,0,0,0,0,0,0,0,0,0,0,0,0,0,0,0,0,0,0,0,0,0,0,0,0,0,0,0,0,0,0,0,0,0,0,0,0,0,0,0,0,0,0,0
1986,27,5,42,23.964,2,7,1,0,0,0,1,1,25,1016,1016,1016,1016,0,0,0,0,0,1,1,0,0,0,-188.2703472,0,0,0,0,3,1,1,10,10,0,0,0,3,1,1,10,1000,0,0,0,0,0,0,0,0,0,0,0,0,0,0,0,0,0,0,0,0,0,0,0,0,0,0,0,0,0,0,0,0,0,0,0,0,0,0,0,0,0,0,0,0,0,0,0,0,0,0,0
1986,27,5,43,11.964,2,7,1,0,0,0,1,1,25,1016,1016,1016,1016,0,0,0,0,0,1,1,0,0,0,-188.3138598,0,0,0,0,3,1,1,10,10,0,0,0,3,1,1,10,1000,0,0,0,0,0,0,0,0,0,0,0,0,0,0,0,0,0,0,0,0,0,0,0,0,0,0,0,0,0,0,0,0,0,0,0,0,0,0,0,0,0,0,0,0,0,0,0,0,0,0,0
1986,27,5,43,59.964,2,7,1,0,0,0,1,1,25,1016,1016,1016,1016,0,0,0,0,0,1,1,0,0,0,-188.3573724,0,0,0,0,3,1,1,10,10,0,0,0,3,1,1,10,1000,0,0,0,0,0,0,0,0,0,0,0,0,0,0,0,0,0,0,0,0,0,0,0,0,0,0,0,0,0,0,0,0,0,0,0,0,0,0,0,0,0,0,0,0,0,0,0,0,0,0,0
1986,27,5,44,47.964,2,7,1,0,0,0,1,1,25,1016,1016,1016,1016,0,0,0,0,0,1,1,0,0,0,-188.4008849,0,0,0,0,3,1,1,10,10,0,0,0,3,1,1,10,1000,0,0,0,0,0,0,0,0,0,0,0,0,0,0,0,0,0,0,0,0,0,0,0,0,0,0,0,0,0,0,0,0,0,0,0,0,0,0,0,0,0,0,0,0,0,0,0,0,0,0,0
1986,27,5,45,35.964,2,7,1,0,0,0,1,1,25,1016,1016,1016,1016,0,0,0,0,0,1,1,0,0,0,-188.4443973,0,0,0,0,3,1,1,10,10,0,0,0,3,1,1,10,1000,0,0,0,0,0,0,0,0,0,0,0,0,0,0,0,0,0,0,0,0,0,0,0,0,0,0,0,0,0,0,0,0,0,0,0,0,0,0,0,0,0,0,0,0,0,0,0,0,0,0,0
1986,27,5,46,23.964,2,7,1,0,0,0,1,1,25,1016,1016,1016,1016,0,0,0,0,0,1,1,0,0,0,-188.4879096,0,0,0,0,3,1,1,10,10,0,0,0,3,1,1,10,1000,0,0,0,0,0,0,0,0,0,0,0,0,0,0,0,0,0,0,0,0,0,0,0,0,0,0,0,0,0,0,0,0,0,0,0,0,0,0,0,0,0,0,0,0,0,0,0,0,0,0,0
1986,27,5,47,11.963,2,7,1,0,0,0,1,1,25,1016,1016,1016,1016,0,0,0,0,0,1,1,0,0,0,-188.531421,0,0,0,0,3,1,1,10,10,0,0,0,3,1,1,10,1000,0,0,0,0,0,0,0,0,0,0,0,0,0,0,0,0,0,0,0,0,0,0,0,0,0,0,0,0,0,0,0,0,0,0,0,0,0,0,0,0,0,0,0,0,0,0,0,0,0,0,0
1986,27,5,47,59.963,2,7,1,0,0,0,1,1,25,1016,1016,1016,1016,0,0,0,0,0,1,1,0,0,0,-188.5749332,0,0,0,0,3,1,1,10,10,0,0,0,3,1,1,10,1000,0,0,0,0,0,0,0,0,0,0,0,0,0,0,0,0,0,0,0,0,0,0,0,0,0,0,0,0,0,0,0,0,0,0,0,0,0,0,0,0,0,0,0,0,0,0,0,0,0,0,0
1986,27,5,48,47.963,2,7,1,0,0,0,1,1,25,1016,1016,1016,1016,0,0,0,0,0,1,1,0,0,0,-188.6184453,0,0,0,0,3,1,1,10,10,0,0,0,3,1,1,10,1000,0,0,0,0,0,0,0,0,0,0,0,0,0,0,0,0,0,0,0,0,0,0,0,0,0,0,0,0,0,0,0,0,0,0,0,0,0,0,0,0,0,0,0,0,0,0,0,0,0,0,0
1986,27,5,49,35.963,2,7,1,0,0,0,1,1,25,1016,1016,1016,1016,0,0,0,0,0,1,1,0,0,0,-188.6619574,0,0,0,0,3,1,1,10,10,0,0,0,3,1,1,10,1000,0,0,0,0,0,0,0,0,0,0,0,0,0,0,0,0,0,0,0,0,0,0,0,0,0,0,0,0,0,0,0,0,0,0,0,0,0,0,0,0,0,0,0,0,0,0,0,0,0,0,0
1986,27,5,50,23.963,2,7,1,0,0,0,1,1,25,1016,1016,1016,1016,0,0,0,0,0,1,1,0,0,0,-188.7054694,0,0,0,0,3,1,1,10,10,0,0,0,3,1,1,10,1000,0,0,0,0,0,0,0,0,0,0,0,0,0,0,0,0,0,0,0,0,0,0,0,0,0,0,0,0,0,0,0,0,0,0,0,0,0,0,0,0,0,0,0,0,0,0,0,0,0,0,0
1986,27,5,51,11.963,2,7,1,0,0,0,1,1,25,1016,1016,1016,1016,0,0,0,0,0,1,1,0,0,0,-188.7489813,0,0,0,0,3,1,1,10,10,0,0,0,3,1,1,10,1000,0,0,0,0,0,0,0,0,0,0,0,0,0,0,0,0,0,0,0,0,0,0,0,0,0,0,0,0,0,0,0,0,0,0,0,0,0,0,0,0,0,0,0,0,0,0,0,0,0,0,0
1986,27,5,54,23.963,2,7,1,0,0,0,1,1,25,1016,1016,1016,1016,0,0,0,0,0,1,1,0,0,0,-188.9230284,0,0,0,0,3,1,1,10,10,0,0,0,3,1,1,10,1000,0,0,0,0,0,0,0,0,0,0,0,0,0,0,0,0,0,0,0,0,0,0,0,0,0,0,0,0,0,0,0,0,0,0,0,0,0,0,0,0,0,0,0,0,0,0,0,0,0,0,0
1986,27,5,55,11.963,2,7,1,0,0,0,1,1,25,1016,1016,1016,1016,0,0,0,0,0,1,1,0,0,0,-188.96654,0,0,0,0,3,1,1,10,10,0,0,0,3,1,1,10,1000,0,0,0,0,0,0,0,0,0,0,0,0,0,0,0,0,0,0,0,0,0,0,0,0,0,0,0,0,0,0,0,0,0,0,0,0,0,0,0,0,0,0,0,0,0,0,0,0,0,0,0
1986,27,5,55,59.963,2,7,1,0,0,0,1,1,25,1016,1016,1016,1016,0,0,0,0,0,1,1,0,0,0,-189.0100515,0,0,0,0,3,1,1,10,10,0,0,0,3,1,1,10,1000,0,0,0,0,0,0,0,0,0,0,0,0,0,0,0,0,0,0,0,0,0,0,0,0,0,0,0,0,0,0,0,0,0,0,0,0,0,0,0,0,0,0,0,0,0,0,0,0,0,0,0
1986,27,5,56,47.963,2,7,1,0,0,0,1,1,25,1016,1016,1016,1016,0,0,0,0,0,1,1,0,0,0,-189.053563,0,0,0,0,3,1,1,10,10,0,0,0,3,1,1,10,1000,0,0,0,0,0,0,0,0,0,0,0,0,0,0,0,0,0,0,0,0,0,0,0,0,0,0,0,0,0,0,0,0,0,0,0,0,0,0,0,0,0,0,0,0,0,0,0,0,0,0,0
1986,27,5,57,35.963,2,7,1,0,0,0,1,1,25,1016,1016,1016,1016,0,0,0,0,0,1,1,0,0,0,-189.0970744,0,0,0,0,3,1,1,10,10,0,0,0,3,1,1,10,1000,0,0,0,0,0,0,0,0,0,0,0,0,0,0,0,0,0,0,0,0,0,0,0,0,0,0,0,0,0,0,0,0,0,0,0,0,0,0,0,0,0,0,0,0,0,0,0,0,0,0,0
1986,27,5,58,23.963,2,7,1,0,0,0,1,1,25,1016,1016,1016,1016,0,0,0,0,0,1,1,0,0,0,-189.1405858,0,0,0,0,3,1,1,10,10,0,0,0,3,1,1,10,1000,0,0,0,0,0,0,0,0,0,0,0,0,0,0,0,0,0,0,0,0,0,0,0,0,0,0,0,0,0,0,0,0,0,0,0,0,0,0,0,0,0,0,0,0,0,0,0,0,0,0,0
1986,27,5,59,11.963,2,7,1,0,0,0,1,1,25,1016,1016,1016,1016,0,0,0,0,0,1,1,0,0,0,-189.184097,0,0,0,0,3,1,1,10,10,0,0,0,3,1,1,10,1000,0,0,0,0,0,0,0,0,0,0,0,0,0,0,0,0,0,0,0,0,0,0,0,0,0,0,0,0,0,0,0,0,0,0,0,0,0,0,0,0,0,0,0,0,0,0,0,0,0,0,0
1986,27,5,59,59.963,2,7,1,0,0,0,1,1,25,1016,1016,1016,1016,0,0,0,0,0,1,1,0,0,0,-189.2276082,0,0,0,0,3,1,1,10,10,0,0,0,3,1,1,10,1000,0,0,0,0,0,0,0,0,0,0,0,0,0,0,0,0,0,0,0,0,0,0,0,0,0,0,0,0,0,0,0,0,0,0,0,0,0,0,0,0,0,0,0,0,0,0,0,0,0,0,0
1986,27,6,0,47.963,2,7,1,0,0,0,1,1,25,1016,1016,1016,1016,0,0,0,0,0,1,1,0,0,0,-189.2711194,0,0,0,0,3,1,1,10,10,0,0,0,3,1,1,10,1000,0,0,0,0,0,0,0,0,0,0,0,0,0,0,0,0,0,0,0,0,0,0,0,0,0,0,0,0,0,0,0,0,0,0,0,0,0,0,0,0,0,0,0,0,0,0,0,0,0,0,0
1986,27,6,1,35.962,2,7,1,0,0,0,1,1,25,1016,1016,1016,1016,0,0,0,0,0,1,1,0,0,0,-189.3146295,0,0,0,0,3,1,1,10,10,0,0,0,3,1,1,10,1000,0,0,0,0,0,0,0,0,0,0,0,0,0,0,0,0,0,0,0,0,0,0,0,0,0,0,0,0,0,0,0,0,0,0,0,0,0,0,0,0,0,0,0,0,0,0,0,0,0,0,0
1986,27,6,2,23.962,2,7,1,0,0,0,1,1,25,1016,1016,1016,1016,0,0,0,0,0,1,1,0,0,0,-189.3581405,0,0,0,0,3,1,1,10,10,0,0,0,3,1,1,10,1000,0,0,0,0,0,0,0,0,0,0,0,0,0,0,0,0,0,0,0,0,0,0,0,0,0,0,0,0,0,0,0,0,0,0,0,0,0,0,0,0,0,0,0,0,0,0,0,0,0,0,0
1986,27,6,3,11.962,2,7,1,0,0,0,1,1,25,1016,1016,1016,1016,0,0,0,0,0,1,1,0,0,0,-189.4016515,0,0,0,0,3,1,1,10,10,0,0,0,3,1,1,10,1000,0,0,0,0,0,0,0,0,0,0,0,0,0,0,0,0,0,0,0,0,0,0,0,0,0,0,0,0,0,0,0,0,0,0,0,0,0,0,0,0,0,0,0,0,0,0,0,0,0,0,0
1986,27,6,6,23.962,2,7,1,0,0,0,1,1,25,1016,1016,1016,1016,0,0,0,0,0,1,1,0,0,0,-189.5756946,0,0,0,0,3,1,1,10,10,0,0,0,3,1,1,10,1000,0,0,0,0,0,0,0,0,0,0,0,0,0,0,0,0,0,0,0,0,0,0,0,0,0,0,0,0,0,0,0,0,0,0,0,0,0,0,0,0,0,0,0,0,0,0,0,0,0,0,0
1986,27,6,7,11.962,2,7,1,0,0,0,1,1,25,1016,1016,1016,1016,0,0,0,0,0,1,1,0,0,0,-189.6192052,0,0,0,0,3,1,1,10,10,0,0,0,3,1,1,10,1000,0,0,0,0,0,0,0,0,0,0,0,0,0,0,0,0,0,0,0,0,0,0,0,0,0,0,0,0,0,0,0,0,0,0,0,0,0,0,0,0,0,0,0,0,0,0,0,0,0,0,0
1986,27,6,7,59.962,2,7,1,0,0,0,1,1,25,1016,1016,1016,1016,0,0,0,0,0,1,1,0,0,0,-189.6627157,0,0,0,0,3,1,1,10,10,0,0,0,3,1,1,10,1000,0,0,0,0,0,0,0,0,0,0,0,0,0,0,0,0,0,0,0,0,0,0,0,0,0,0,0,0,0,0,0,0,0,0,0,0,0,0,0,0,0,0,0,0,0,0,0,0,0,0,0
1986,27,6,8,47.962,2,7,1,0,0,0,1,1,25,1016,1016,1016,1016,0,0,0,0,0,1,1,0,0,0,-189.7062262,0,0,0,0,3,1,1,10,10,0,0,0,3,1,1,10,1000,0,0,0,0,0,0,0,0,0,0,0,0,0,0,0,0,0,0,0,0,0,0,0,0,0,0,0,0,0,0,0,0,0,0,0,0,0,0,0,0,0,0,0,0,0,0,0,0,0,0,0
1986,27,6,9,35.962,2,7,1,0,0,0,1,1,25,1016,1016,1016,1016,0,0,0,0,0,1,1,0,0,0,-189.7497366,0,0,0,0,3,1,1,10,10,0,0,0,3,1,1,10,1000,0,0,0,0,0,0,0,0,0,0,0,0,0,0,0,0,0,0,0,0,0,0,0,0,0,0,0,0,0,0,0,0,0,0,0,0,0,0,0,0,0,0,0,0,0,0,0,0,0,0,0
1986,27,6,10,23.962,2,7,1,0,0,0,1,1,25,1016,1016,1016,1016,0,0,0,0,0,1,1,0,0,0,-189.7932469,0,0,0,0,3,1,1,10,10,0,0,0,3,1,1,10,1000,0,0,0,0,0,0,0,0,0,0,0,0,0,0,0,0,0,0,0,0,0,0,0,0,0,0,0,0,0,0,0,0,0,0,0,0,0,0,0,0,0,0,0,0,0,0,0,0,0,0,0
1986,27,6,11,11.962,2,7,1,0,0,0,1,1,25,1016,1016,1016,1016,0,0,0,0,0,1,1,0,0,0,-189.8367572,0,0,0,0,3,1,1,10,10,0,0,0,3,1,1,10,1000,0,0,0,0,0,0,0,0,0,0,0,0,0,0,0,0,0,0,0,0,0,0,0,0,0,0,0,0,0,0,0,0,0,0,0,0,0,0,0,0,0,0,0,0,0,0,0,0,0,0,0
1986,27,6,11,59.962,2,7,1,0,0,0,1,1,25,1016,1016,1016,1016,0,0,0,0,0,1,1,0,0,0,-189.8802674,0,0,0,0,3,1,1,10,10,0,0,0,3,1,1,10,1000,0,0,0,0,0,0,0,0,0,0,0,0,0,0,0,0,0,0,0,0,0,0,0,0,0,0,0,0,0,0,0,0,0,0,0,0,0,0,0,0,0,0,0,0,0,0,0,0,0,0,0
1986,27,6,12,47.962,2,7,1,0,0,0,1,1,25,1016,1016,1016,1016,0,0,0,0,0,1,1,0,0,0,-189.9237776,0,0,0,0,3,1,1,10,10,0,0,0,3,1,1,10,1000,0,0,0,0,0,0,0,0,0,0,0,0,0,0,0,0,0,0,0,0,0,0,0,0,0,0,0,0,0,0,0,0,0,0,0,0,0,0,0,0,0,0,0,0,0,0,0,0,0,0,0
1986,27,6,13,35.962,2,7,1,0,0,0,1,1,25,1016,1016,1016,1016,0,0,0,0,0,1,1,0,0,0,-189.9672876,0,0,0,0,3,1,1,10,10,0,0,0,3,1,1,10,1000,0,0,0,0,0,0,0,0,0,0,0,0,0,0,0,0,0,0,0,0,0,0,0,0,0,0,0,0,0,0,0,0,0,0,0,0,0,0,0,0,0,0,0,0,0,0,0,0,0,0,0
1986,27,6,14,23.962,2,7,1,0,0,0,1,1,25,1016,1016,1016,1016,0,0,0,0,0,1,1,0,0,0,-190.0107977,0,0,0,0,3,1,1,10,10,0,0,0,3,1,1,10,1000,0,0,0,0,0,0,0,0,0,0,0,0,0,0,0,0,0,0,0,0,0,0,0,0,0,0,0,0,0,0,0,0,0,0,0,0,0,0,0,0,0,0,0,0,0,0,0,0,0,0,0
1986,27,6,15,11.962,2,7,1,0,0,0,1,1,25,1016,1016,1016,1016,0,0,0,0,0,1,1,0,0,0,-190.0543076,0,0,0,0,3,1,1,10,10,0,0,0,3,1,1,10,1000,0,0,0,0,0,0,0,0,0,0,0,0,0,0,0,0,0,0,0,0,0,0,0,0,0,0,0,0,0,0,0,0,0,0,0,0,0,0,0,0,0,0,0,0,0,0,0,0,0,0,0
1986,27,6,18,23.961,2,7,1,0,0,0,1,1,25,1016,1016,1016,1016,0,0,0,0,0,1,1,0,0,0,-190.2283458,0,0,0,0,3,1,1,10,10,0,0,0,3,1,1,10,1000,0,0,0,0,0,0,0,0,0,0,0,0,0,0,0,0,0,0,0,0,0,0,0,0,0,0,0,0,0,0,0,0,0,0,0,0,0,0,0,0,0,0,0,0,0,0,0,0,0,0,0
1986,27,6,19,11.961,2,7,1,0,0,0,1,1,25,1016,1016,1016,1016,0,0,0,0,0,1,1,0,0,0,-190.2718554,0,0,0,0,3,1,1,10,10,0,0,0,3,1,1,10,1000,0,0,0,0,0,0,0,0,0,0,0,0,0,0,0,0,0,0,0,0,0,0,0,0,0,0,0,0,0,0,0,0,0,0,0,0,0,0,0,0,0,0,0,0,0,0,0,0,0,0,0
1986,27,6,19,59.961,2,7,1,0,0,0,1,1,25,1016,1016,1016,1016,0,0,0,0,0,1,1,0,0,0,-190.315365,0,0,0,0,3,1,1,10,10,0,0,0,3,1,1,10,1000,0,0,0,0,0,0,0,0,0,0,0,0,0,0,0,0,0,0,0,0,0,0,0,0,0,0,0,0,0,0,0,0,0,0,0,0,0,0,0,0,0,0,0,0,0,0,0,0,0,0,0
1986,27,6,20,47.961,2,7,1,0,0,0,1,1,25,1016,1016,1016,1016,0,0,0,0,0,1,1,0,0,0,-190.3588745,0,0,0,0,3,1,1,10,10,0,0,0,3,1,1,10,1000,0,0,0,0,0,0,0,0,0,0,0,0,0,0,0,0,0,0,0,0,0,0,0,0,0,0,0,0,0,0,0,0,0,0,0,0,0,0,0,0,0,0,0,0,0,0,0,0,0,0,0
1986,27,6,21,35.961,2,7,1,0,0,0,1,1,25,1016,1016,1016,1016,0,0,0,0,0,1,1,0,0,0,-190.4023839,0,0,0,0,3,1,1,10,10,0,0,0,3,1,1,10,1000,0,0,0,0,0,0,0,0,0,0,0,0,0,0,0,0,0,0,0,0,0,0,0,0,0,0,0,0,0,0,0,0,0,0,0,0,0,0,0,0,0,0,0,0,0,0,0,0,0,0,0
1986,27,6,22,23.961,2,7,1,0,0,0,1,1,25,1016,1016,1016,1016,0,0,0,0,0,1,1,0,0,0,-190.4458932,0,0,0,0,3,1,1,10,10,0,0,0,3,1,1,10,1000,0,0,0,0,0,0,0,0,0,0,0,0,0,0,0,0,0,0,0,0,0,0,0,0,0,0,0,0,0,0,0,0,0,0,0,0,0,0,0,0,0,0,0,0,0,0,0,0,0,0,0
1986,27,6,23,11.961,2,7,1,0,0,0,1,1,25,1016,1016,1016,1016,0,0,0,0,0,1,1,0,0,0,-190.4894025,0,0,0,0,3,1,1,10,10,0,0,0,3,1,1,10,1000,0,0,0,0,0,0,0,0,0,0,0,0,0,0,0,0,0,0,0,0,0,0,0,0,0,0,0,0,0,0,0,0,0,0,0,0,0,0,0,0,0,0,0,0,0,0,0,0,0,0,0
1986,27,6,23,59.961,2,7,1,0,0,0,1,1,25,1016,1016,1016,1016,0,0,0,0,0,1,1,0,0,0,-190.5329117,0,0,0,0,3,1,1,10,10,0,0,0,3,1,1,10,1000,0,0,0,0,0,0,0,0,0,0,0,0,0,0,0,0,0,0,0,0,0,0,0,0,0,0,0,0,0,0,0,0,0,0,0,0,0,0,0,0,0,0,0,0,0,0,0,0,0,0,0
1986,27,6,24,47.961,2,7,1,0,0,0,1,1,25,1016,1016,1016,1016,0,0,0,0,0,1,1,0,0,0,-190.5764209,0,0,0,0,3,1,1,10,10,0,0,0,3,1,1,10,1000,0,0,0,0,0,0,0,0,0,0,0,0,0,0,0,0,0,0,0,0,0,0,0,0,0,0,0,0,0,0,0,0,0,0,0,0,0,0,0,0,0,0,0,0,0,0,0,0,0,0,0
1986,27,6,25,35.961,2,7,1,0,0,0,1,1,25,1016,1016,1016,1016,0,0,0,0,0,1,1,0,0,0,-190.61993,0,0,0,0,3,1,1,10,10,0,0,0,3,1,1,10,1000,0,0,0,0,0,0,0,0,0,0,0,0,0,0,0,0,0,0,0,0,0,0,0,0,0,0,0,0,0,0,0,0,0,0,0,0,0,0,0,0,0,0,0,0,0,0,0,0,0,0,0
1986,27,6,26,23.961,2,7,1,0,0,0,1,1,25,1016,1016,1016,1016,0,0,0,0,0,1,1,0,0,0,-190.663439,0,0,0,0,3,1,1,10,10,0,0,0,3,1,1,10,1000,0,0,0,0,0,0,0,0,0,0,0,0,0,0,0,0,0,0,0,0,0,0,0,0,0,0,0,0,0,0,0,0,0,0,0,0,0,0,0,0,0,0,0,0,0,0,0,0,0,0,0
1986,27,6,27,11.961,2,7,1,0,0,0,1,1,25,1016,1016,1016,1016,0,0,0,0,0,1,1,0,0,0,-190.706948,0,0,0,0,3,1,1,10,10,0,0,0,3,1,1,10,1000,0,0,0,0,0,0,0,0,0,0,0,0,0,0,0,0,0,0,0,0,0,0,0,0,0,0,0,0,0,0,0,0,0,0,0,0,0,0,0,0,0,0,0,0,0,0,0,0,0,0,0
1986,27,6,30,23.961,2,7,1,0,0,0,1,1,25,1016,1016,1016,1016,0,0,0,0,0,1,1,0,0,0,-190.8809831,0,0,0,0,3,1,1,10,10,0,0,0,3,1,1,10,1000,0,0,0,0,0,0,0,0,0,0,0,0,0,0,0,0,0,0,0,0,0,0,0,0,0,0,0,0,0,0,0,0,0,0,0,0,0,0,0,0,0,0,0,0,0,0,0,0,0,0,0
1986,27,6,31,11.961,2,7,1,0,0,0,1,1,25,1016,1016,1016,1016,0,0,0,0,0,1,1,0,0,0,-190.9244918,0,0,0,0,3,1,1,10,10,0,0,0,3,1,1,10,1000,0,0,0,0,0,0,0,0,0,0,0,0,0,0,0,0,0,0,0,0,0,0,0,0,0,0,0,0,0,0,0,0,0,0,0,0,0,0,0,0,0,0,0,0,0,0,0,0,0,0,0
1986,27,6,31,59.96,2,7,1,0,0,0,1,1,25,1016,1016,1016,1016,0,0,0,0,0,1,1,0,0,0,-190.9679994,0,0,0,0,3,1,1,10,10,0,0,0,3,1,1,10,1000,0,0,0,0,0,0,0,0,0,0,0,0,0,0,0,0,0,0,0,0,0,0,0,0,0,0,0,0,0,0,0,0,0,0,0,0,0,0,0,0,0,0,0,0,0,0,0,0,0,0,0
1986,27,6,32,47.96,2,7,1,0,0,0,1,1,25,1016,1016,1016,1016,0,0,0,0,0,1,1,0,0,0,-191.0115079,0,0,0,0,3,1,1,10,10,0,0,0,3,1,1,10,1000,0,0,0,0,0,0,0,0,0,0,0,0,0,0,0,0,0,0,0,0,0,0,0,0,0,0,0,0,0,0,0,0,0,0,0,0,0,0,0,0,0,0,0,0,0,0,0,0,0,0,0
1986,27,6,33,35.96,2,7,1,0,0,0,1,1,25,1016,1016,1016,1016,0,0,0,0,0,1,1,0,0,0,-191.0550163,0,0,0,0,3,1,1,10,10,0,0,0,3,1,1,10,1000,0,0,0,0,0,0,0,0,0,0,0,0,0,0,0,0,0,0,0,0,0,0,0,0,0,0,0,0,0,0,0,0,0,0,0,0,0,0,0,0,0,0,0,0,0,0,0,0,0,0,0
1986,27,6,34,23.96,2,7,1,0,0,0,1,1,25,1016,1016,1016,1016,0,0,0,0,0,1,1,0,0,0,-191.0985247,0,0,0,0,3,1,1,10,10,0,0,0,3,1,1,10,1000,0,0,0,0,0,0,0,0,0,0,0,0,0,0,0,0,0,0,0,0,0,0,0,0,0,0,0,0,0,0,0,0,0,0,0,0,0,0,0,0,0,0,0,0,0,0,0,0,0,0,0
1986,27,6,35,11.96,2,7,1,0,0,0,1,1,25,1016,1016,1016,1016,0,0,0,0,0,1,1,0,0,0,-191.142033,0,0,0,0,3,1,1,10,10,0,0,0,3,1,1,10,1000,0,0,0,0,0,0,0,0,0,0,0,0,0,0,0,0,0,0,0,0,0,0,0,0,0,0,0,0,0,0,0,0,0,0,0,0,0,0,0,0,0,0,0,0,0,0,0,0,0,0,0
1986,27,6,35,59.96,2,7,1,0,0,0,1,1,25,1016,1016,1016,1016,0,0,0,0,0,1,1,0,0,0,-191.1855413,0,0,0,0,3,1,1,10,10,0,0,0,3,1,1,10,1000,0,0,0,0,0,0,0,0,0,0,0,0,0,0,0,0,0,0,0,0,0,0,0,0,0,0,0,0,0,0,0,0,0,0,0,0,0,0,0,0,0,0,0,0,0,0,0,0,0,0,0
1986,27,6,36,47.96,2,7,1,0,0,0,1,1,25,1016,1016,1016,1016,0,0,0,0,0,1,1,0,0,0,-191.2290494,0,0,0,0,3,1,1,10,10,0,0,0,3,1,1,10,1000,0,0,0,0,0,0,0,0,0,0,0,0,0,0,0,0,0,0,0,0,0,0,0,0,0,0,0,0,0,0,0,0,0,0,0,0,0,0,0,0,0,0,0,0,0,0,0,0,0,0,0
1986,27,6,37,35.96,2,7,1,0,0,0,1,1,25,1016,1016,1016,1016,0,0,0,0,0,1,1,0,0,0,-191.2725575,0,0,0,0,3,1,1,10,10,0,0,0,3,1,1,10,1000,0,0,0,0,0,0,0,0,0,0,0,0,0,0,0,0,0,0,0,0,0,0,0,0,0,0,0,0,0,0,0,0,0,0,0,0,0,0,0,0,0,0,0,0,0,0,0,0,0,0,0
1986,27,6,38,23.96,2,7,1,0,0,0,1,1,25,1016,1016,1016,1016,0,0,0,0,0,1,1,0,0,0,-191.3160656,0,0,0,0,3,1,1,10,10,0,0,0,3,1,1,10,1000,0,0,0,0,0,0,0,0,0,0,0,0,0,0,0,0,0,0,0,0,0,0,0,0,0,0,0,0,0,0,0,0,0,0,0,0,0,0,0,0,0,0,0,0,0,0,0,0,0,0,0
1986,27,6,39,11.96,2,7,1,0,0,0,1,1,25,1016,1016,1016,1016,0,0,0,0,0,1,1,0,0,0,-191.3595735,0,0,0,0,3,1,1,10,10,0,0,0,3,1,1,10,1000,0,0,0,0,0,0,0,0,0,0,0,0,0,0,0,0,0,0,0,0,0,0,0,0,0,0,0,0,0,0,0,0,0,0,0,0,0,0,0,0,0,0,0,0,0,0,0,0,0,0,0
1986,27,6,42,23.96,2,7,1,0,0,0,1,1,25,1016,1016,1016,1016,0,0,0,0,0,1,1,0,0,0,-191.5336048,0,0,0,0,3,1,1,10,10,0,0,0,3,1,1,10,1000,0,0,0,0,0,0,0,0,0,0,0,0,0,0,0,0,0,0,0,0,0,0,0,0,0,0,0,0,0,0,0,0,0,0,0,0,0,0,0,0,0,0,0,0,0,0,0,0,0,0,0
1986,27,6,43,11.96,2,7,1,0,0,0,1,1,25,1016,1016,1016,1016,0,0,0,0,0,1,1,0,0,0,-191.5771124,0,0,0,0,3,1,1,10,10,0,0,0,3,1,1,10,1000,0,0,0,0,0,0,0,0,0,0,0,0,0,0,0,0,0,0,0,0,0,0,0,0,0,0,0,0,0,0,0,0,0,0,0,0,0,0,0,0,0,0,0,0,0,0,0,0,0,0,0
1986,27,6,43,59.96,2,7,1,0,0,0,1,1,25,1016,1016,1016,1016,0,0,0,0,0,1,1,0,0,0,-191.62062,0,0,0,0,3,1,1,10,10,0,0,0,3,1,1,10,1000,0,0,0,0,0,0,0,0,0,0,0,0,0,0,0,0,0,0,0,0,0,0,0,0,0,0,0,0,0,0,0,0,0,0,0,0,0,0,0,0,0,0,0,0,0,0,0,0,0,0,0
1986,27,6,44,47.96,2,7,1,0,0,0,1,1,25,1016,1016,1016,1016,0,0,0,0,0,1,1,0,0,0,-191.6641275,0,0,0,0,3,1,1,10,10,0,0,0,3,1,1,10,1000,0,0,0,0,0,0,0,0,0,0,0,0,0,0,0,0,0,0,0,0,0,0,0,0,0,0,0,0,0,0,0,0,0,0,0,0,0,0,0,0,0,0,0,0,0,0,0,0,0,0,0
1986,27,6,45,35.96,2,7,1,0,0,0,1,1,25,1016,1016,1016,1016,0,0,0,0,0,1,1,0,0,0,-191.707635,0,0,0,0,3,1,1,10,10,0,0,0,3,1,1,10,1000,0,0,0,0,0,0,0,0,0,0,0,0,0,0,0,0,0,0,0,0,0,0,0,0,0,0,0,0,0,0,0,0,0,0,0,0,0,0,0,0,0,0,0,0,0,0,0,0,0,0,0
1986,27,6,46,23.96,2,7,1,0,0,0,1,1,25,1016,1016,1016,1016,0,0,0,0,0,1,1,0,0,0,-191.7511424,0,0,0,0,3,1,1,10,10,0,0,0,3,1,1,10,1000,0,0,0,0,0,0,0,0,0,0,0,0,0,0,0,0,0,0,0,0,0,0,0,0,0,0,0,0,0,0,0,0,0,0,0,0,0,0,0,0,0,0,0,0,0,0,0,0,0,0,0
1986,27,6,47,11.959,2,7,1,0,0,0,1,1,25,1016,1016,1016,1016,0,0,0,0,0,1,1,0,0,0,-191.7946488,0,0,0,0,3,1,1,10,10,0,0,0,3,1,1,10,1000,0,0,0,0,0,0,0,0,0,0,0,0,0,0,0,0,0,0,0,0,0,0,0,0,0,0,0,0,0,0,0,0,0,0,0,0,0,0,0,0,0,0,0,0,0,0,0,0,0,0,0
1986,27,6,47,59.959,2,7,1,0,0,0,1,1,25,1016,1016,1016,1016,0,0,0,0,0,1,1,0,0,0,-191.8381561,0,0,0,0,3,1,1,10,10,0,0,0,3,1,1,10,1000,0,0,0,0,0,0,0,0,0,0,0,0,0,0,0,0,0,0,0,0,0,0,0,0,0,0,0,0,0,0,0,0,0,0,0,0,0,0,0,0,0,0,0,0,0,0,0,0,0,0,0
1986,27,6,48,47.959,2,7,1,0,0,0,1,1,25,1016,1016,1016,1016,0,0,0,0,0,1,1,0,0,0,-191.8816633,0,0,0,0,3,1,1,10,10,0,0,0,3,1,1,10,1000,0,0,0,0,0,0,0,0,0,0,0,0,0,0,0,0,0,0,0,0,0,0,0,0,0,0,0,0,0,0,0,0,0,0,0,0,0,0,0,0,0,0,0,0,0,0,0,0,0,0,0
1986,27,6,49,35.959,2,7,1,0,0,0,1,1,25,1016,1016,1016,1016,0,0,0,0,0,1,1,0,0,0,-191.9251704,0,0,0,0,3,1,1,10,10,0,0,0,3,1,1,10,1000,0,0,0,0,0,0,0,0,0,0,0,0,0,0,0,0,0,0,0,0,0,0,0,0,0,0,0,0,0,0,0,0,0,0,0,0,0,0,0,0,0,0,0,0,0,0,0,0,0,0,0
1986,27,6,50,23.959,2,7,1,0,0,0,1,1,25,1016,1016,1016,1016,0,0,0,0,0,1,1,0,0,0,-191.9686775,0,0,0,0,3,1,1,10,10,0,0,0,3,1,1,10,1000,0,0,0,0,0,0,0,0,0,0,0,0,0,0,0,0,0,0,0,0,0,0,0,0,0,0,0,0,0,0,0,0,0,0,0,0,0,0,0,0,0,0,0,0,0,0,0,0,0,0,0
1986,27,6,51,11.959,2,7,1,0,0,0,1,1,25,1016,1016,1016,1016,0,0,0,0,0,1,1,0,0,0,-192.0121845,0,0,0,0,3,1,1,10,10,0,0,0,3,1,1,10,1000,0,0,0,0,0,0,0,0,0,0,0,0,0,0,0,0,0,0,0,0,0,0,0,0,0,0,0,0,0,0,0,0,0,0,0,0,0,0,0,0,0,0,0,0,0,0,0,0,0,0,0
1986,27,6,54,23.959,2,7,1,0,0,0,1,1,25,1016,1016,1016,1016,0,0,0,0,0,1,1,0,0,0,-192.1862118,0,0,0,0,3,1,1,10,10,0,0,0,3,1,1,10,1000,0,0,0,0,0,0,0,0,0,0,0,0,0,0,0,0,0,0,0,0,0,0,0,0,0,0,0,0,0,0,0,0,0,0,0,0,0,0,0,0,0,0,0,0,0,0,0,0,0,0,0
1986,27,6,55,11.959,2,7,1,0,0,0,1,1,25,1016,1016,1016,1016,0,0,0,0,0,1,1,0,0,0,-192.2297185,0,0,0,0,3,1,1,10,10,0,0,0,3,1,1,10,1000,0,0,0,0,0,0,0,0,0,0,0,0,0,0,0,0,0,0,0,0,0,0,0,0,0,0,0,0,0,0,0,0,0,0,0,0,0,0,0,0,0,0,0,0,0,0,0,0,0,0,0
1986,27,6,55,59.959,2,7,1,0,0,0,1,1,25,1016,1016,1016,1016,0,0,0,0,0,1,1,0,0,0,-192.2732251,0,0,0,0,3,1,1,10,10,0,0,0,3,1,1,10,1000,0,0,0,0,0,0,0,0,0,0,0,0,0,0,0,0,0,0,0,0,0,0,0,0,0,0,0,0,0,0,0,0,0,0,0,0,0,0,0,0,0,0,0,0,0,0,0,0,0,0,0
1986,27,6,56,47.959,2,7,1,0,0,0,1,1,25,1016,1016,1016,1016,0,0,0,0,0,1,1,0,0,0,-192.3167316,0,0,0,0,3,1,1,10,10,0,0,0,3,1,1,10,1000,0,0,0,0,0,0,0,0,0,0,0,0,0,0,0,0,0,0,0,0,0,0,0,0,0,0,0,0,0,0,0,0,0,0,0,0,0,0,0,0,0,0,0,0,0,0,0,0,0,0,0
1986,27,6,57,35.959,2,7,1,0,0,0,1,1,25,1016,1016,1016,1016,0,0,0,0,0,1,1,0,0,0,-192.3602381,0,0,0,0,3,1,1,10,10,0,0,0,3,1,1,10,1000,0,0,0,0,0,0,0,0,0,0,0,0,0,0,0,0,0,0,0,0,0,0,0,0,0,0,0,0,0,0,0,0,0,0,0,0,0,0,0,0,0,0,0,0,0,0,0,0,0,0,0
1986,27,6,58,23.959,2,7,1,0,0,0,1,1,25,1016,1016,1016,1016,0,0,0,0,0,1,1,0,0,0,-192.4037445,0,0,0,0,3,1,1,10,10,0,0,0,3,1,1,10,1000,0,0,0,0,0,0,0,0,0,0,0,0,0,0,0,0,0,0,0,0,0,0,0,0,0,0,0,0,0,0,0,0,0,0,0,0,0,0,0,0,0,0,0,0,0,0,0,0,0,0,0
1986,27,6,59,11.959,2,7,1,0,0,0,1,1,25,1016,1016,1016,1016,0,0,0,0,0,1,1,0,0,0,-192.4472509,0,0,0,0,3,1,1,10,10,0,0,0,3,1,1,10,1000,0,0,0,0,0,0,0,0,0,0,0,0,0,0,0,0,0,0,0,0,0,0,0,0,0,0,0,0,0,0,0,0,0,0,0,0,0,0,0,0,0,0,0,0,0,0,0,0,0,0,0
1986,27,6,59,59.959,2,7,1,0,0,0,1,1,25,1016,1016,1016,1016,0,0,0,0,0,1,1,0,0,0,-192.4907572,0,0,0,0,3,1,1,10,10,0,0,0,3,1,1,10,1000,0,0,0,0,0,0,0,0,0,0,0,0,0,0,0,0,0,0,0,0,0,0,0,0,0,0,0,0,0,0,0,0,0,0,0,0,0,0,0,0,0,0,0,0,0,0,0,0,0,0,0
1986,27,7,0,47.959,2,7,1,0,0,0,1,1,25,1016,1016,1016,1016,0,0,0,0,0,1,1,0,0,0,-192.5342634,0,0,0,0,3,1,1,10,10,0,0,0,3,1,1,10,1000,0,0,0,0,0,0,0,0,0,0,0,0,0,0,0,0,0,0,0,0,0,0,0,0,0,0,0,0,0,0,0,0,0,0,0,0,0,0,0,0,0,0,0,0,0,0,0,0,0,0,0
1986,27,7,1,35.959,2,7,1,0,0,0,1,1,25,1016,1016,1016,1016,0,0,0,0,0,1,1,0,0,0,-192.5777696,0,0,0,0,3,1,1,10,10,0,0,0,3,1,1,10,1000,0,0,0,0,0,0,0,0,0,0,0,0,0,0,0,0,0,0,0,0,0,0,0,0,0,0,0,0,0,0,0,0,0,0,0,0,0,0,0,0,0,0,0,0,0,0,0,0,0,0,0
1986,27,7,2,23.958,2,7,1,0,0,0,1,1,25,1016,1016,1016,1016,0,0,0,0,0,1,1,0,0,0,-192.6212747,0,0,0,0,3,1,1,10,10,0,0,0,3,1,1,10,1000,0,0,0,0,0,0,0,0,0,0,0,0,0,0,0,0,0,0,0,0,0,0,0,0,0,0,0,0,0,0,0,0,0,0,0,0,0,0,0,0,0,0,0,0,0,0,0,0,0,0,0
1986,27,7,3,11.958,2,7,1,0,0,0,1,1,25,1016,1016,1016,1016,0,0,0,0,0,1,1,0,0,0,-192.6647808,0,0,0,0,3,1,1,10,10,0,0,0,3,1,1,10,1000,0,0,0,0,0,0,0,0,0,0,0,0,0,0,0,0,0,0,0,0,0,0,0,0,0,0,0,0,0,0,0,0,0,0,0,0,0,0,0,0,0,0,0,0,0,0,0,0,0,0,0
1986,27,7,6,23.958,2,7,1,0,0,0,1,1,25,1016,1016,1016,1016,0,0,0,0,0,1,1,0,0,0,-192.8388042,0,0,0,0,3,1,1,10,10,0,0,0,3,1,1,10,1000,0,0,0,0,0,0,0,0,0,0,0,0,0,0,0,0,0,0,0,0,0,0,0,0,0,0,0,0,0,0,0,0,0,0,0,0,0,0,0,0,0,0,0,0,0,0,0,0,0,0,0
1986,27,7,7,11.958,2,7,1,0,0,0,1,1,25,1016,1016,1016,1016,0,0,0,0,0,1,1,0,0,0,-192.88231,0,0,0,0,3,1,1,10,10,0,0,0,3,1,1,10,1000,0,0,0,0,0,0,0,0,0,0,0,0,0,0,0,0,0,0,0,0,0,0,0,0,0,0,0,0,0,0,0,0,0,0,0,0,0,0,0,0,0,0,0,0,0,0,0,0,0,0,0
1986,27,7,7,59.958,2,7,1,0,0,0,1,1,25,1016,1016,1016,1016,0,0,0,0,0,1,1,0,0,0,-192.9258156,0,0,0,0,3,1,1,10,10,0,0,0,3,1,1,10,1000,0,0,0,0,0,0,0,0,0,0,0,0,0,0,0,0,0,0,0,0,0,0,0,0,0,0,0,0,0,0,0,0,0,0,0,0,0,0,0,0,0,0,0,0,0,0,0,0,0,0,0
1986,27,7,8,47.958,2,7,1,0,0,0,1,1,25,1016,1016,1016,1016,0,0,0,0,0,1,1,0,0,0,-192.9693212,0,0,0,0,3,1,1,10,10,0,0,0,3,1,1,10,1000,0,0,0,0,0,0,0,0,0,0,0,0,0,0,0,0,0,0,0,0,0,0,0,0,0,0,0,0,0,0,0,0,0,0,0,0,0,0,0,0,0,0,0,0,0,0,0,0,0,0,0
1986,27,7,9,35.958,2,7,1,0,0,0,1,1,25,1016,1016,1016,1016,0,0,0,0,0,1,1,0,0,0,-193.0128267,0,0,0,0,3,1,1,10,10,0,0,0,3,1,1,10,1000,0,0,0,0,0,0,0,0,0,0,0,0,0,0,0,0,0,0,0,0,0,0,0,0,0,0,0,0,0,0,0,0,0,0,0,0,0,0,0,0,0,0,0,0,0,0,0,0,0,0,0
1986,27,7,10,23.958,2,7,1,0,0,0,1,1,25,1016,1016,1016,1016,0,0,0,0,0,1,1,0,0,0,-193.0563321,0,0,0,0,3,1,1,10,10,0,0,0,3,1,1,10,1000,0,0,0,0,0,0,0,0,0,0,0,0,0,0,0,0,0,0,0,0,0,0,0,0,0,0,0,0,0,0,0,0,0,0,0,0,0,0,0,0,0,0,0,0,0,0,0,0,0,0,0
1986,27,7,11,11.958,2,7,1,0,0,0,1,1,25,1016,1016,1016,1016,0,0,0,0,0,1,1,0,0,0,-193.0998375,0,0,0,0,3,1,1,10,10,0,0,0,3,1,1,10,1000,0,0,0,0,0,0,0,0,0,0,0,0,0,0,0,0,0,0,0,0,0,0,0,0,0,0,0,0,0,0,0,0,0,0,0,0,0,0,0,0,0,0,0,0,0,0,0,0,0,0,0
1986,27,7,11,59.958,2,7,1,0,0,0,1,1,25,1016,1016,1016,1016,0,0,0,0,0,1,1,0,0,0,-193.1433428,0,0,0,0,3,1,1,10,10,0,0,0,3,1,1,10,1000,0,0,0,0,0,0,0,0,0,0,0,0,0,0,0,0,0,0,0,0,0,0,0,0,0,0,0,0,0,0,0,0,0,0,0,0,0,0,0,0,0,0,0,0,0,0,0,0,0,0,0
1986,27,7,12,47.958,2,7,1,0,0,0,1,1,25,1016,1016,1016,1016,0,0,0,0,0,1,1,0,0,0,-193.1868481,0,0,0,0,3,1,1,10,10,0,0,0,3,1,1,10,1000,0,0,0,0,0,0,0,0,0,0,0,0,0,0,0,0,0,0,0,0,0,0,0,0,0,0,0,0,0,0,0,0,0,0,0,0,0,0,0,0,0,0,0,0,0,0,0,0,0,0,0
1986,27,7,13,35.958,2,7,1,0,0,0,1,1,25,1016,1016,1016,1016,0,0,0,0,0,1,1,0,0,0,-193.2303533,0,0,0,0,3,1,1,10,10,0,0,0,3,1,1,10,1000,0,0,0,0,0,0,0,0,0,0,0,0,0,0,0,0,0,0,0,0,0,0,0,0,0,0,0,0,0,0,0,0,0,0,0,0,0,0,0,0,0,0,0,0,0,0,0,0,0,0,0
1986,27,7,14,23.958,2,7,1,0,0,0,1,1,25,1016,1016,1016,1016,0,0,0,0,0,1,1,0,0,0,-193.2738584,0,0,0,0,3,1,1,10,10,0,0,0,3,1,1,10,1000,0,0,0,0,0,0,0,0,0,0,0,0,0,0,0,0,0,0,0,0,0,0,0,0,0,0,0,0,0,0,0,0,0,0,0,0,0,0,0,0,0,0,0,0,0,0,0,0,0,0,0
1986,27,7,15,11.958,2,7,1,0,0,0,1,1,25,1016,1016,1016,1016,0,0,0,0,0,1,1,0,0,0,-193.3173635,0,0,0,0,3,1,1,10,10,0,0,0,3,1,1,10,1000,0,0,0,0,0,0,0,0,0,0,0,0,0,0,0,0,0,0,0,0,0,0,0,0,0,0,0,0,0,0,0,0,0,0,0,0,0,0,0,0,0,0,0,0,0,0,0,0,0,0,0
1986,27,7,18,23.957,2,7,1,0,0,0,1,1,25,1016,1016,1016,1016,0,0,0,0,0,1,1,0,0,0,-193.4913822,0,0,0,0,3,1,1,10,10,0,0,0,3,1,1,10,1000,0,0,0,0,0,0,0,0,0,0,0,0,0,0,0,0,0,0,0,0,0,0,0,0,0,0,0,0,0,0,0,0,0,0,0,0,0,0,0,0,0,0,0,0,0,0,0,0,0,0,0
1986,27,7,19,11.957,2,7,1,0,0,0,1,1,25,1016,1016,1016,1016,0,0,0,0,0,1,1,0,0,0,-193.5348869,0,0,0,0,3,1,1,10,10,0,0,0,3,1,1,10,1000,0,0,0,0,0,0,0,0,0,0,0,0,0,0,0,0,0,0,0,0,0,0,0,0,0,0,0,0,0,0,0,0,0,0,0,0,0,0,0,0,0,0,0,0,0,0,0,0,0,0,0
1986,27,7,19,59.957,2,7,1,0,0,0,1,1,25,1016,1016,1016,1016,0,0,0,0,0,1,1,0,0,0,-193.5783916,0,0,0,0,3,1,1,10,10,0,0,0,3,1,1,10,1000,0,0,0,0,0,0,0,0,0,0,0,0,0,0,0,0,0,0,0,0,0,0,0,0,0,0,0,0,0,0,0,0,0,0,0,0,0,0,0,0,0,0,0,0,0,0,0,0,0,0,0
1986,27,7,20,47.957,2,7,1,0,0,0,1,1,25,1016,1016,1016,1016,0,0,0,0,0,1,1,0,0,0,-193.6218962,0,0,0,0,3,1,1,10,10,0,0,0,3,1,1,10,1000,0,0,0,0,0,0,0,0,0,0,0,0,0,0,0,0,0,0,0,0,0,0,0,0,0,0,0,0,0,0,0,0,0,0,0,0,0,0,0,0,0,0,0,0,0,0,0,0,0,0,0
1986,27,7,21,35.957,2,7,1,0,0,0,1,1,25,1016,1016,1016,1016,0,0,0,0,0,1,1,0,0,0,-193.6654008,0,0,0,0,3,1,1,10,10,0,0,0,3,1,1,10,1000,0,0,0,0,0,0,0,0,0,0,0,0,0,0,0,0,0,0,0,0,0,0,0,0,0,0,0,0,0,0,0,0,0,0,0,0,0,0,0,0,0,0,0,0,0,0,0,0,0,0,0
1986,27,7,22,23.957,2,7,1,0,0,0,1,1,25,1016,1016,1016,1016,0,0,0,0,0,1,1,0,0,0,-193.7089053,0,0,0,0,3,1,1,10,10,0,0,0,3,1,1,10,1000,0,0,0,0,0,0,0,0,0,0,0,0,0,0,0,0,0,0,0,0,0,0,0,0,0,0,0,0,0,0,0,0,0,0,0,0,0,0,0,0,0,0,0,0,0,0,0,0,0,0,0
1986,27,7,23,11.957,2,7,1,0,0,0,1,1,25,1016,1016,1016,1016,0,0,0,0,0,1,1,0,0,0,-193.7524097,0,0,0,0,3,1,1,10,10,0,0,0,3,1,1,10,1000,0,0,0,0,0,0,0,0,0,0,0,0,0,0,0,0,0,0,0,0,0,0,0,0,0,0,0,0,0,0,0,0,0,0,0,0,0,0,0,0,0,0,0,0,0,0,0,0,0,0,0
1986,27,7,23,59.957,2,7,1,0,0,0,1,1,25,1016,1016,1016,1016,0,0,0,0,0,1,1,0,0,0,-193.7959141,0,0,0,0,3,1,1,10,10,0,0,0,3,1,1,10,1000,0,0,0,0,0,0,0,0,0,0,0,0,0,0,0,0,0,0,0,0,0,0,0,0,0,0,0,0,0,0,0,0,0,0,0,0,0,0,0,0,0,0,0,0,0,0,0,0,0,0,0
1986,27,7,24,47.957,2,7,1,0,0,0,1,1,25,1016,1016,1016,1016,0,0,0,0,0,1,1,0,0,0,-193.8394184,0,0,0,0,3,1,1,10,10,0,0,0,3,1,1,10,1000,0,0,0,0,0,0,0,0,0,0,0,0,0,0,0,0,0,0,0,0,0,0,0,0,0,0,0,0,0,0,0,0,0,0,0,0,0,0,0,0,0,0,0,0,0,0,0,0,0,0,0
1986,27,7,25,35.957,2,7,1,0,0,0,1,1,25,1016,1016,1016,1016,0,0,0,0,0,1,1,0,0,0,-193.8829226,0,0,0,0,3,1,1,10,10,0,0,0,3,1,1,10,1000,0,0,0,0,0,0,0,0,0,0,0,0,0,0,0,0,0,0,0,0,0,0,0,0,0,0,0,0,0,0,0,0,0,0,0,0,0,0,0,0,0,0,0,0,0,0,0,0,0,0,0
1986,27,7,26,23.957,2,7,1,0,0,0,1,1,25,1016,1016,1016,1016,0,0,0,0,0,1,1,0,0,0,-193.9264268,0,0,0,0,3,1,1,10,10,0,0,0,3,1,1,10,1000,0,0,0,0,0,0,0,0,0,0,0,0,0,0,0,0,0,0,0,0,0,0,0,0,0,0,0,0,0,0,0,0,0,0,0,0,0,0,0,0,0,0,0,0,0,0,0,0,0,0,0
1986,27,7,27,11.957,2,7,1,0,0,0,1,1,25,1016,1016,1016,1016,0,0,0,0,0,1,1,0,0,0,-193.9699309,0,0,0,0,3,1,1,10,10,0,0,0,3,1,1,10,1000,0,0,0,0,0,0,0,0,0,0,0,0,0,0,0,0,0,0,0,0,0,0,0,0,0,0,0,0,0,0,0,0,0,0,0,0,0,0,0,0,0,0,0,0,0,0,0,0,0,0,0
1986,27,7,30,23.957,2,7,1,0,0,0,1,1,25,1016,1016,1016,1016,0,0,0,0,0,1,1,0,0,0,-194.1439467,0,0,0,0,3,1,1,10,10,0,0,0,3,1,1,10,1000,0,0,0,0,0,0,0,0,0,0,0,0,0,0,0,0,0,0,0,0,0,0,0,0,0,0,0,0,0,0,0,0,0,0,0,0,0,0,0,0,0,0,0,0,0,0,0,0,0,0,0
1986,27,7,31,11.957,2,7,1,0,0,0,1,1,25,1016,1016,1016,1016,0,0,0,0,0,1,1,0,0,0,-194.1874504,0,0,0,0,3,1,1,10,10,0,0,0,3,1,1,10,1000,0,0,0,0,0,0,0,0,0,0,0,0,0,0,0,0,0,0,0,0,0,0,0,0,0,0,0,0,0,0,0,0,0,0,0,0,0,0,0,0,0,0,0,0,0,0,0,0,0,0,0
1986,27,7,31,59.957,2,7,1,0,0,0,1,1,25,1016,1016,1016,1016,0,0,0,0,0,1,1,0,0,0,-194.2309542,0,0,0,0,3,1,1,10,10,0,0,0,3,1,1,10,1000,0,0,0,0,0,0,0,0,0,0,0,0,0,0,0,0,0,0,0,0,0,0,0,0,0,0,0,0,0,0,0,0,0,0,0,0,0,0,0,0,0,0,0,0,0,0,0,0,0,0,0
1986,27,7,32,47.956,2,7,1,0,0,0,1,1,25,1016,1016,1016,1016,0,0,0,0,0,1,1,0,0,0,-194.2744569,0,0,0,0,3,1,1,10,10,0,0,0,3,1,1,10,1000,0,0,0,0,0,0,0,0,0,0,0,0,0,0,0,0,0,0,0,0,0,0,0,0,0,0,0,0,0,0,0,0,0,0,0,0,0,0,0,0,0,0,0,0,0,0,0,0,0,0,0
1986,27,7,33,35.956,2,7,1,0,0,0,1,1,25,1016,1016,1016,1016,0,0,0,0,0,1,1,0,0,0,-194.3179605,0,0,0,0,3,1,1,10,10,0,0,0,3,1,1,10,1000,0,0,0,0,0,0,0,0,0,0,0,0,0,0,0,0,0,0,0,0,0,0,0,0,0,0,0,0,0,0,0,0,0,0,0,0,0,0,0,0,0,0,0,0,0,0,0,0,0,0,0
1986,27,7,34,23.956,2,7,1,0,0,0,1,1,25,1016,1016,1016,1016,0,0,0,0,0,1,1,0,0,0,-194.3614641,0,0,0,0,3,1,1,10,10,0,0,0,3,1,1,10,1000,0,0,0,0,0,0,0,0,0,0,0,0,0,0,0,0,0,0,0,0,0,0,0,0,0,0,0,0,0,0,0,0,0,0,0,0,0,0,0,0,0,0,0,0,0,0,0,0,0,0,0
1986,27,7,35,11.956,2,7,1,0,0,0,1,1,25,1016,1016,1016,1016,0,0,0,0,0,1,1,0,0,0,-194.4049675,0,0,0,0,3,1,1,10,10,0,0,0,3,1,1,10,1000,0,0,0,0,0,0,0,0,0,0,0,0,0,0,0,0,0,0,0,0,0,0,0,0,0,0,0,0,0,0,0,0,0,0,0,0,0,0,0,0,0,0,0,0,0,0,0,0,0,0,0
1986,27,7,35,59.956,2,7,1,0,0,0,1,1,25,1016,1016,1016,1016,0,0,0,0,0,1,1,0,0,0,-194.4484709,0,0,0,0,3,1,1,10,10,0,0,0,3,1,1,10,1000,0,0,0,0,0,0,0,0,0,0,0,0,0,0,0,0,0,0,0,0,0,0,0,0,0,0,0,0,0,0,0,0,0,0,0,0,0,0,0,0,0,0,0,0,0,0,0,0,0,0,0
1986,27,7,36,47.956,2,7,1,0,0,0,1,1,25,1016,1016,1016,1016,0,0,0,0,0,1,1,0,0,0,-194.4919743,0,0,0,0,3,1,1,10,10,0,0,0,3,1,1,10,1000,0,0,0,0,0,0,0,0,0,0,0,0,0,0,0,0,0,0,0,0,0,0,0,0,0,0,0,0,0,0,0,0,0,0,0,0,0,0,0,0,0,0,0,0,0,0,0,0,0,0,0
1986,27,7,37,35.956,2,7,1,0,0,0,1,1,25,1016,1016,1016,1016,0,0,0,0,0,1,1,0,0,0,-194.5354776,0,0,0,0,3,1,1,10,10,0,0,0,3,1,1,10,1000,0,0,0,0,0,0,0,0,0,0,0,0,0,0,0,0,0,0,0,0,0,0,0,0,0,0,0,0,0,0,0,0,0,0,0,0,0,0,0,0,0,0,0,0,0,0,0,0,0,0,0
1986,27,7,38,23.956,2,7,1,0,0,0,1,1,25,1016,1016,1016,1016,0,0,0,0,0,1,1,0,0,0,-194.5789808,0,0,0,0,3,1,1,10,10,0,0,0,3,1,1,10,1000,0,0,0,0,0,0,0,0,0,0,0,0,0,0,0,0,0,0,0,0,0,0,0,0,0,0,0,0,0,0,0,0,0,0,0,0,0,0,0,0,0,0,0,0,0,0,0,0,0,0,0
1986,27,7,39,11.956,2,7,1,0,0,0,1,1,25,1016,1016,1016,1016,0,0,0,0,0,1,1,0,0,0,-194.6224839,0,0,0,0,3,1,1,10,10,0,0,0,3,1,1,10,1000,0,0,0,0,0,0,0,0,0,0,0,0,0,0,0,0,0,0,0,0,0,0,0,0,0,0,0,0,0,0,0,0,0,0,0,0,0,0,0,0,0,0,0,0,0,0,0,0,0,0,0
1986,27,7,42,23.956,2,7,1,0,0,0,1,1,25,1016,1016,1016,1016,0,0,0,0,0,1,1,0,0,0,-194.7964959,0,0,0,0,3,1,1,10,10,0,0,0,3,1,1,10,1000,0,0,0,0,0,0,0,0,0,0,0,0,0,0,0,0,0,0,0,0,0,0,0,0,0,0,0,0,0,0,0,0,0,0,0,0,0,0,0,0,0,0,0,0,0,0,0,0,0,0,0
1986,27,7,43,11.956,2,7,1,0,0,0,1,1,25,1016,1016,1016,1016,0,0,0,0,0,1,1,0,0,0,-194.8399987,0,0,0,0,3,1,1,10,10,0,0,0,3,1,1,10,1000,0,0,0,0,0,0,0,0,0,0,0,0,0,0,0,0,0,0,0,0,0,0,0,0,0,0,0,0,0,0,0,0,0,0,0,0,0,0,0,0,0,0,0,0,0,0,0,0,0,0,0
1986,27,7,43,59.956,2,7,1,0,0,0,1,1,25,1016,1016,1016,1016,0,0,0,0,0,1,1,0,0,0,-194.8835015,0,0,0,0,3,1,1,10,10,0,0,0,3,1,1,10,1000,0,0,0,0,0,0,0,0,0,0,0,0,0,0,0,0,0,0,0,0,0,0,0,0,0,0,0,0,0,0,0,0,0,0,0,0,0,0,0,0,0,0,0,0,0,0,0,0,0,0,0
1986,27,7,44,47.956,2,7,1,0,0,0,1,1,25,1016,1016,1016,1016,0,0,0,0,0,1,1,0,0,0,-194.9270042,0,0,0,0,3,1,1,10,10,0,0,0,3,1,1,10,1000,0,0,0,0,0,0,0,0,0,0,0,0,0,0,0,0,0,0,0,0,0,0,0,0,0,0,0,0,0,0,0,0,0,0,0,0,0,0,0,0,0,0,0,0,0,0,0,0,0,0,0
1986,27,7,45,35.956,2,7,1,0,0,0,1,1,25,1016,1016,1016,1016,0,0,0,0,0,1,1,0,0,0,-194.9705069,0,0,0,0,3,1,1,10,10,0,0,0,3,1,1,10,1000,0,0,0,0,0,0,0,0,0,0,0,0,0,0,0,0,0,0,0,0,0,0,0,0,0,0,0,0,0,0,0,0,0,0,0,0,0,0,0,0,0,0,0,0,0,0,0,0,0,0,0
1986,27,7,46,23.956,2,7,1,0,0,0,1,1,25,1016,1016,1016,1016,0,0,0,0,0,1,1,0,0,0,-195.0140094,0,0,0,0,3,1,1,10,10,0,0,0,3,1,1,10,1000,0,0,0,0,0,0,0,0,0,0,0,0,0,0,0,0,0,0,0,0,0,0,0,0,0,0,0,0,0,0,0,0,0,0,0,0,0,0,0,0,0,0,0,0,0,0,0,0,0,0,0
1986,27,7,47,11.956,2,7,1,0,0,0,1,1,25,1016,1016,1016,1016,0,0,0,0,0,1,1,0,0,0,-195.057512,0,0,0,0,3,1,1,10,10,0,0,0,3,1,1,10,1000,0,0,0,0,0,0,0,0,0,0,0,0,0,0,0,0,0,0,0,0,0,0,0,0,0,0,0,0,0,0,0,0,0,0,0,0,0,0,0,0,0,0,0,0,0,0,0,0,0,0,0
1986,27,7,47,59.955,2,7,1,0,0,0,1,1,25,1016,1016,1016,1016,0,0,0,0,0,1,1,0,0,0,-195.1010135,0,0,0,0,3,1,1,10,10,0,0,0,3,1,1,10,1000,0,0,0,0,0,0,0,0,0,0,0,0,0,0,0,0,0,0,0,0,0,0,0,0,0,0,0,0,0,0,0,0,0,0,0,0,0,0,0,0,0,0,0,0,0,0,0,0,0,0,0
1986,27,7,48,47.955,2,7,1,0,0,0,1,1,25,1016,1016,1016,1016,0,0,0,0,0,1,1,0,0,0,-195.1445159,0,0,0,0,3,1,1,10,10,0,0,0,3,1,1,10,1000,0,0,0,0,0,0,0,0,0,0,0,0,0,0,0,0,0,0,0,0,0,0,0,0,0,0,0,0,0,0,0,0,0,0,0,0,0,0,0,0,0,0,0,0,0,0,0,0,0,0,0
1986,27,7,49,35.955,2,7,1,0,0,0,1,1,25,1016,1016,1016,1016,0,0,0,0,0,1,1,0,0,0,-195.1880182,0,0,0,0,3,1,1,10,10,0,0,0,3,1,1,10,1000,0,0,0,0,0,0,0,0,0,0,0,0,0,0,0,0,0,0,0,0,0,0,0,0,0,0,0,0,0,0,0,0,0,0,0,0,0,0,0,0,0,0,0,0,0,0,0,0,0,0,0
1986,27,7,50,23.955,2,7,1,0,0,0,1,1,25,1016,1016,1016,1016,0,0,0,0,0,1,1,0,0,0,-195.2315205,0,0,0,0,3,1,1,10,10,0,0,0,3,1,1,10,1000,0,0,0,0,0,0,0,0,0,0,0,0,0,0,0,0,0,0,0,0,0,0,0,0,0,0,0,0,0,0,0,0,0,0,0,0,0,0,0,0,0,0,0,0,0,0,0,0,0,0,0
1986,27,7,51,11.955,2,7,1,0,0,0,1,1,25,1016,1016,1016,1016,0,0,0,0,0,1,1,0,0,0,-195.2750227,0,0,0,0,3,1,1,10,10,0,0,0,3,1,1,10,1000,0,0,0,0,0,0,0,0,0,0,0,0,0,0,0,0,0,0,0,0,0,0,0,0,0,0,0,0,0,0,0,0,0,0,0,0,0,0,0,0,0,0,0,0,0,0,0,0,0,0,0
1986,27,7,54,23.955,2,7,1,0,0,0,1,1,25,1016,1016,1016,1016,0,0,0,0,0,1,1,0,0,0,-195.4490309,0,0,0,0,3,1,1,10,10,0,0,0,3,1,1,10,1000,0,0,0,0,0,0,0,0,0,0,0,0,0,0,0,0,0,0,0,0,0,0,0,0,0,0,0,0,0,0,0,0,0,0,0,0,0,0,0,0,0,0,0,0,0,0,0,0,0,0,0
1986,27,7,55,11.955,2,7,1,0,0,0,1,1,25,1016,1016,1016,1016,0,0,0,0,0,1,1,0,0,0,-195.4925328,0,0,0,0,3,1,1,10,10,0,0,0,3,1,1,10,1000,0,0,0,0,0,0,0,0,0,0,0,0,0,0,0,0,0,0,0,0,0,0,0,0,0,0,0,0,0,0,0,0,0,0,0,0,0,0,0,0,0,0,0,0,0,0,0,0,0,0,0
1986,27,7,55,59.955,2,7,1,0,0,0,1,1,25,1016,1016,1016,1016,0,0,0,0,0,1,1,0,0,0,-195.5360346,0,0,0,0,3,1,1,10,10,0,0,0,3,1,1,10,1000,0,0,0,0,0,0,0,0,0,0,0,0,0,0,0,0,0,0,0,0,0,0,0,0,0,0,0,0,0,0,0,0,0,0,0,0,0,0,0,0,0,0,0,0,0,0,0,0,0,0,0
1986,27,7,56,47.955,2,7,1,0,0,0,1,1,25,1016,1016,1016,1016,0,0,0,0,0,1,1,0,0,0,-195.5795364,0,0,0,0,3,1,1,10,10,0,0,0,3,1,1,10,1000,0,0,0,0,0,0,0,0,0,0,0,0,0,0,0,0,0,0,0,0,0,0,0,0,0,0,0,0,0,0,0,0,0,0,0,0,0,0,0,0,0,0,0,0,0,0,0,0,0,0,0
1986,27,7,57,35.955,2,7,1,0,0,0,1,1,25,1016,1016,1016,1016,0,0,0,0,0,1,1,0,0,0,-195.6230381,0,0,0,0,3,1,1,10,10,0,0,0,3,1,1,10,1000,0,0,0,0,0,0,0,0,0,0,0,0,0,0,0,0,0,0,0,0,0,0,0,0,0,0,0,0,0,0,0,0,0,0,0,0,0,0,0,0,0,0,0,0,0,0,0,0,0,0,0
1986,27,7,58,23.955,2,7,1,0,0,0,1,1,25,1016,1016,1016,1016,0,0,0,0,0,1,1,0,0,0,-195.6665397,0,0,0,0,3,1,1,10,10,0,0,0,3,1,1,10,1000,0,0,0,0,0,0,0,0,0,0,0,0,0,0,0,0,0,0,0,0,0,0,0,0,0,0,0,0,0,0,0,0,0,0,0,0,0,0,0,0,0,0,0,0,0,0,0,0,0,0,0
1986,27,7,59,11.955,2,7,1,0,0,0,1,1,25,1016,1016,1016,1016,0,0,0,0,0,1,1,0,0,0,-195.7100413,0,0,0,0,3,1,1,10,10,0,0,0,3,1,1,10,1000,0,0,0,0,0,0,0,0,0,0,0,0,0,0,0,0,0,0,0,0,0,0,0,0,0,0,0,0,0,0,0,0,0,0,0,0,0,0,0,0,0,0,0,0,0,0,0,0,0,0,0
1986,27,7,59,59.955,2,7,1,0,0,0,1,1,25,1016,1016,1016,1016,0,0,0,0,0,1,1,0,0,0,-195.7535428,0,0,0,0,3,1,1,10,10,0,0,0,3,1,1,10,1000,0,0,0,0,0,0,0,0,0,0,0,0,0,0,0,0,0,0,0,0,0,0,0,0,0,0,0,0,0,0,0,0,0,0,0,0,0,0,0,0,0,0,0,0,0,0,0,0,0,0,0
1986,27,8,0,47.955,2,7,1,0,0,0,1,1,25,1016,1016,1016,1016,0,0,0,0,0,1,1,0,0,0,-195.7970443,0,0,0,0,3,1,1,10,10,0,0,0,3,1,1,10,1000,0,0,0,0,0,0,0,0,0,0,0,0,0,0,0,0,0,0,0,0,0,0,0,0,0,0,0,0,0,0,0,0,0,0,0,0,0,0,0,0,0,0,0,0,0,0,0,0,0,0,0
1986,27,8,1,35.955,2,7,1,0,0,0,1,1,25,1016,1016,1016,1016,0,0,0,0,0,1,1,0,0,0,-195.8405456,0,0,0,0,3,1,1,10,10,0,0,0,3,1,1,10,1000,0,0,0,0,0,0,0,0,0,0,0,0,0,0,0,0,0,0,0,0,0,0,0,0,0,0,0,0,0,0,0,0,0,0,0,0,0,0,0,0,0,0,0,0,0,0,0,0,0,0,0
1986,27,8,2,23.954,2,7,1,0,0,0,1,1,25,1016,1016,1016,1016,0,0,0,0,0,1,1,0,0,0,-195.8840461,0,0,0,0,3,1,1,10,10,0,0,0,3,1,1,10,1000,0,0,0,0,0,0,0,0,0,0,0,0,0,0,0,0,0,0,0,0,0,0,0,0,0,0,0,0,0,0,0,0,0,0,0,0,0,0,0,0,0,0,0,0,0,0,0,0,0,0,0
1986,27,8,3,11.954,2,7,1,0,0,0,1,1,25,1016,1016,1016,1016,0,0,0,0,0,1,1,0,0,0,-195.9275473,0,0,0,0,3,1,1,10,10,0,0,0,3,1,1,10,1000,0,0,0,0,0,0,0,0,0,0,0,0,0,0,0,0,0,0,0,0,0,0,0,0,0,0,0,0,0,0,0,0,0,0,0,0,0,0,0,0,0,0,0,0,0,0,0,0,0,0,0
1986,27,8,6,23.954,2,7,1,0,0,0,1,1,25,1016,1016,1016,1016,0,0,0,0,0,1,1,0,0,0,-196.1015518,0,0,0,0,3,1,1,10,10,0,0,0,3,1,1,10,1000,0,0,0,0,0,0,0,0,0,0,0,0,0,0,0,0,0,0,0,0,0,0,0,0,0,0,0,0,0,0,0,0,0,0,0,0,0,0,0,0,0,0,0,0,0,0,0,0,0,0,0
1986,27,8,7,11.954,2,7,1,0,0,0,1,1,25,1016,1016,1016,1016,0,0,0,0,0,1,1,0,0,0,-196.1450527,0,0,0,0,3,1,1,10,10,0,0,0,3,1,1,10,1000,0,0,0,0,0,0,0,0,0,0,0,0,0,0,0,0,0,0,0,0,0,0,0,0,0,0,0,0,0,0,0,0,0,0,0,0,0,0,0,0,0,0,0,0,0,0,0,0,0,0,0
1986,27,8,7,59.954,2,7,1,0,0,0,1,1,25,1016,1016,1016,1016,0,0,0,0,0,1,1,0,0,0,-196.1885536,0,0,0,0,3,1,1,10,10,0,0,0,3,1,1,10,1000,0,0,0,0,0,0,0,0,0,0,0,0,0,0,0,0,0,0,0,0,0,0,0,0,0,0,0,0,0,0,0,0,0,0,0,0,0,0,0,0,0,0,0,0,0,0,0,0,0,0,0
1986,27,8,8,47.954,2,7,1,0,0,0,1,1,25,1016,1016,1016,1016,0,0,0,0,0,1,1,0,0,0,-196.2320544,0,0,0,0,3,1,1,10,10,0,0,0,3,1,1,10,1000,0,0,0,0,0,0,0,0,0,0,0,0,0,0,0,0,0,0,0,0,0,0,0,0,0,0,0,0,0,0,0,0,0,0,0,0,0,0,0,0,0,0,0,0,0,0,0,0,0,0,0
1986,27,8,9,35.954,2,7,1,0,0,0,1,1,25,1016,1016,1016,1016,0,0,0,0,0,1,1,0,0,0,-196.2755552,0,0,0,0,3,1,1,10,10,0,0,0,3,1,1,10,1000,0,0,0,0,0,0,0,0,0,0,0,0,0,0,0,0,0,0,0,0,0,0,0,0,0,0,0,0,0,0,0,0,0,0,0,0,0,0,0,0,0,0,0,0,0,0,0,0,0,0,0
1986,27,8,10,23.954,2,7,1,0,0,0,1,1,25,1016,1016,1016,1016,0,0,0,0,0,1,1,0,0,0,-196.3190559,0,0,0,0,3,1,1,10,10,0,0,0,3,1,1,10,1000,0,0,0,0,0,0,0,0,0,0,0,0,0,0,0,0,0,0,0,0,0,0,0,0,0,0,0,0,0,0,0,0,0,0,0,0,0,0,0,0,0,0,0,0,0,0,0,0,0,0,0
1986,27,8,11,11.954,2,7,1,0,0,0,1,1,25,1016,1016,1016,1016,0,0,0,0,0,1,1,0,0,0,-196.3625565,0,0,0,0,3,1,1,10,10,0,0,0,3,1,1,10,1000,0,0,0,0,0,0,0,0,0,0,0,0,0,0,0,0,0,0,0,0,0,0,0,0,0,0,0,0,0,0,0,0,0,0,0,0,0,0,0,0,0,0,0,0,0,0,0,0,0,0,0
1986,27,8,11,59.954,2,7,1,0,0,0,1,1,25,1016,1016,1016,1016,0,0,0,0,0,1,1,0,0,0,-196.4060571,0,0,0,0,3,1,1,10,10,0,0,0,3,1,1,10,1000,0,0,0,0,0,0,0,0,0,0,0,0,0,0,0,0,0,0,0,0,0,0,0,0,0,0,0,0,0,0,0,0,0,0,0,0,0,0,0,0,0,0,0,0,0,0,0,0,0,0,0
1986,27,8,12,47.954,2,7,1,0,0,0,1,1,25,1016,1016,1016,1016,0,0,0,0,0,1,1,0,0,0,-196.4495576,0,0,0,0,3,1,1,10,10,0,0,0,3,1,1,10,1000,0,0,0,0,0,0,0,0,0,0,0,0,0,0,0,0,0,0,0,0,0,0,0,0,0,0,0,0,0,0,0,0,0,0,0,0,0,0,0,0,0,0,0,0,0,0,0,0,0,0,0
1986,27,8,13,35.954,2,7,1,0,0,0,1,1,25,1016,1016,1016,1016,0,0,0,0,0,1,1,0,0,0,-196.493058,0,0,0,0,3,1,1,10,10,0,0,0,3,1,1,10,1000,0,0,0,0,0,0,0,0,0,0,0,0,0,0,0,0,0,0,0,0,0,0,0,0,0,0,0,0,0,0,0,0,0,0,0,0,0,0,0,0,0,0,0,0,0,0,0,0,0,0,0
1986,27,8,14,23.954,2,7,1,0,0,0,1,1,25,1016,1016,1016,1016,0,0,0,0,0,1,1,0,0,0,-196.5365584,0,0,0,0,3,1,1,10,10,0,0,0,3,1,1,10,1000,0,0,0,0,0,0,0,0,0,0,0,0,0,0,0,0,0,0,0,0,0,0,0,0,0,0,0,0,0,0,0,0,0,0,0,0,0,0,0,0,0,0,0,0,0,0,0,0,0,0,0
1986,27,8,15,11.954,2,7,1,0,0,0,1,1,25,1016,1016,1016,1016,0,0,0,0,0,1,1,0,0,0,-196.5800588,0,0,0,0,3,1,1,10,10,0,0,0,3,1,1,10,1000,0,0,0,0,0,0,0,0,0,0,0,0,0,0,0,0,0,0,0,0,0,0,0,0,0,0,0,0,0,0,0,0,0,0,0,0,0,0,0,0,0,0,0,0,0,0,0,0,0,0,0
1986,27,8,18,23.953,2,7,1,0,0,0,1,1,25,1016,1016,1016,1016,0,0,0,0,0,1,1,0,0,0,-196.7540585,0,0,0,0,3,1,1,10,10,0,0,0,3,1,1,10,1000,0,0,0,0,0,0,0,0,0,0,0,0,0,0,0,0,0,0,0,0,0,0,0,0,0,0,0,0,0,0,0,0,0,0,0,0,0,0,0,0,0,0,0,0,0,0,0,0,0,0,0
1986,27,8,19,11.953,2,7,1,0,0,0,1,1,25,1016,1016,1016,1016,0,0,0,0,0,1,1,0,0,0,-196.7975585,0,0,0,0,3,1,1,10,10,0,0,0,3,1,1,10,1000,0,0,0,0,0,0,0,0,0,0,0,0,0,0,0,0,0,0,0,0,0,0,0,0,0,0,0,0,0,0,0,0,0,0,0,0,0,0,0,0,0,0,0,0,0,0,0,0,0,0,0
1986,27,8,19,59.953,2,7,1,0,0,0,1,1,25,1016,1016,1016,1016,0,0,0,0,0,1,1,0,0,0,-196.8410585,0,0,0,0,3,1,1,10,10,0,0,0,3,1,1,10,1000,0,0,0,0,0,0,0,0,0,0,0,0,0,0,0,0,0,0,0,0,0,0,0,0,0,0,0,0,0,0,0,0,0,0,0,0,0,0,0,0,0,0,0,0,0,0,0,0,0,0,0
1986,27,8,20,47.953,2,7,1,0,0,0,1,1,25,1016,1016,1016,1016,0,0,0,0,0,1,1,0,0,0,-196.8845584,0,0,0,0,3,1,1,10,10,0,0,0,3,1,1,10,1000,0,0,0,0,0,0,0,0,0,0,0,0,0,0,0,0,0,0,0,0,0,0,0,0,0,0,0,0,0,0,0,0,0,0,0,0,0,0,0,0,0,0,0,0,0,0,0,0,0,0,0
1986,27,8,21,35.953,2,7,1,0,0,0,1,1,25,1016,1016,1016,1016,0,0,0,0,0,1,1,0,0,0,-196.9280582,0,0,0,0,3,1,1,10,10,0,0,0,3,1,1,10,1000,0,0,0,0,0,0,0,0,0,0,0,0,0,0,0,0,0,0,0,0,0,0,0,0,0,0,0,0,0,0,0,0,0,0,0,0,0,0,0,0,0,0,0,0,0,0,0,0,0,0,0
1986,27,8,22,23.953,2,7,1,0,0,0,1,1,25,1016,1016,1016,1016,0,0,0,0,0,1,1,0,0,0,-196.971558,0,0,0,0,3,1,1,10,10,0,0,0,3,1,1,10,1000,0,0,0,0,0,0,0,0,0,0,0,0,0,0,0,0,0,0,0,0,0,0,0,0,0,0,0,0,0,0,0,0,0,0,0,0,0,0,0,0,0,0,0,0,0,0,0,0,0,0,0
1986,27,8,23,11.953,2,7,1,0,0,0,1,1,25,1016,1016,1016,1016,0,0,0,0,0,1,1,0,0,0,-197.0150577,0,0,0,0,3,1,1,10,10,0,0,0,3,1,1,10,1000,0,0,0,0,0,0,0,0,0,0,0,0,0,0,0,0,0,0,0,0,0,0,0,0,0,0,0,0,0,0,0,0,0,0,0,0,0,0,0,0,0,0,0,0,0,0,0,0,0,0,0
1986,27,8,23,59.953,2,7,1,0,0,0,1,1,25,1016,1016,1016,1016,0,0,0,0,0,1,1,0,0,0,-197.0585573,0,0,0,0,3,1,1,10,10,0,0,0,3,1,1,10,1000,0,0,0,0,0,0,0,0,0,0,0,0,0,0,0,0,0,0,0,0,0,0,0,0,0,0,0,0,0,0,0,0,0,0,0,0,0,0,0,0,0,0,0,0,0,0,0,0,0,0,0
1986,27,8,24,47.953,2,7,1,0,0,0,1,1,25,1016,1016,1016,1016,0,0,0,0,0,1,1,0,0,0,-197.1020569,0,0,0,0,3,1,1,10,10,0,0,0,3,1,1,10,1000,0,0,0,0,0,0,0,0,0,0,0,0,0,0,0,0,0,0,0,0,0,0,0,0,0,0,0,0,0,0,0,0,0,0,0,0,0,0,0,0,0,0,0,0,0,0,0,0,0,0,0
1986,27,8,25,35.953,2,7,1,0,0,0,1,1,25,1016,1016,1016,1016,0,0,0,0,0,1,1,0,0,0,-197.1455564,0,0,0,0,3,1,1,10,10,0,0,0,3,1,1,10,1000,0,0,0,0,0,0,0,0,0,0,0,0,0,0,0,0,0,0,0,0,0,0,0,0,0,0,0,0,0,0,0,0,0,0,0,0,0,0,0,0,0,0,0,0,0,0,0,0,0,0,0
1986,27,8,26,23.953,2,7,1,0,0,0,1,1,25,1016,1016,1016,1016,0,0,0,0,0,1,1,0,0,0,-197.1890559,0,0,0,0,3,1,1,10,10,0,0,0,3,1,1,10,1000,0,0,0,0,0,0,0,0,0,0,0,0,0,0,0,0,0,0,0,0,0,0,0,0,0,0,0,0,0,0,0,0,0,0,0,0,0,0,0,0,0,0,0,0,0,0,0,0,0,0,0
1986,27,8,27,11.953,2,7,1,0,0,0,1,1,25,1016,1016,1016,1016,0,0,0,0,0,1,1,0,0,0,-197.2325553,0,0,0,0,3,1,1,10,10,0,0,0,3,1,1,10,1000,0,0,0,0,0,0,0,0,0,0,0,0,0,0,0,0,0,0,0,0,0,0,0,0,0,0,0,0,0,0,0,0,0,0,0,0,0,0,0,0,0,0,0,0,0,0,0,0,0,0,0
1986,27,8,30,23.953,2,7,1,0,0,0,1,1,25,1016,1016,1016,1016,0,0,0,0,0,1,1,0,0,0,-197.4065522,0,0,0,0,3,1,1,10,10,0,0,0,3,1,1,10,1000,0,0,0,0,0,0,0,0,0,0,0,0,0,0,0,0,0,0,0,0,0,0,0,0,0,0,0,0,0,0,0,0,0,0,0,0,0,0,0,0,0,0,0,0,0,0,0,0,0,0,0
1986,27,8,31,11.953,2,7,1,0,0,0,1,1,25,1016,1016,1016,1016,0,0,0,0,0,1,1,0,0,0,-197.4500513,0,0,0,0,3,1,1,10,10,0,0,0,3,1,1,10,1000,0,0,0,0,0,0,0,0,0,0,0,0,0,0,0,0,0,0,0,0,0,0,0,0,0,0,0,0,0,0,0,0,0,0,0,0,0,0,0,0,0,0,0,0,0,0,0,0,0,0,0
1986,27,8,31,59.953,2,7,1,0,0,0,1,1,25,1016,1016,1016,1016,0,0,0,0,0,1,1,0,0,0,-197.4935503,0,0,0,0,3,1,1,10,10,0,0,0,3,1,1,10,1000,0,0,0,0,0,0,0,0,0,0,0,0,0,0,0,0,0,0,0,0,0,0,0,0,0,0,0,0,0,0,0,0,0,0,0,0,0,0,0,0,0,0,0,0,0,0,0,0,0,0,0
1986,27,8,32,47.952,2,7,1,0,0,0,1,1,25,1016,1016,1016,1016,0,0,0,0,0,1,1,0,0,0,-197.5370484,0,0,0,0,3,1,1,10,10,0,0,0,3,1,1,10,1000,0,0,0,0,0,0,0,0,0,0,0,0,0,0,0,0,0,0,0,0,0,0,0,0,0,0,0,0,0,0,0,0,0,0,0,0,0,0,0,0,0,0,0,0,0,0,0,0,0,0,0
1986,27,8,33,35.952,2,7,1,0,0,0,1,1,25,1016,1016,1016,1016,0,0,0,0,0,1,1,0,0,0,-197.5805473,0,0,0,0,3,1,1,10,10,0,0,0,3,1,1,10,1000,0,0,0,0,0,0,0,0,0,0,0,0,0,0,0,0,0,0,0,0,0,0,0,0,0,0,0,0,0,0,0,0,0,0,0,0,0,0,0,0,0,0,0,0,0,0,0,0,0,0,0
1986,27,8,34,23.952,2,7,1,0,0,0,1,1,25,1016,1016,1016,1016,0,0,0,0,0,1,1,0,0,0,-197.6240461,0,0,0,0,3,1,1,10,10,0,0,0,3,1,1,10,1000,0,0,0,0,0,0,0,0,0,0,0,0,0,0,0,0,0,0,0,0,0,0,0,0,0,0,0,0,0,0,0,0,0,0,0,0,0,0,0,0,0,0,0,0,0,0,0,0,0,0,0
1986,27,8,35,11.952,2,7,1,0,0,0,1,1,25,1016,1016,1016,1016,0,0,0,0,0,1,1,0,0,0,-197.6675449,0,0,0,0,3,1,1,10,10,0,0,0,3,1,1,10,1000,0,0,0,0,0,0,0,0,0,0,0,0,0,0,0,0,0,0,0,0,0,0,0,0,0,0,0,0,0,0,0,0,0,0,0,0,0,0,0,0,0,0,0,0,0,0,0,0,0,0,0
1986,27,8,35,59.952,2,7,1,0,0,0,1,1,25,1016,1016,1016,1016,0,0,0,0,0,1,1,0,0,0,-197.7110436,0,0,0,0,3,1,1,10,10,0,0,0,3,1,1,10,1000,0,0,0,0,0,0,0,0,0,0,0,0,0,0,0,0,0,0,0,0,0,0,0,0,0,0,0,0,0,0,0,0,0,0,0,0,0,0,0,0,0,0,0,0,0,0,0,0,0,0,0
1986,27,8,36,47.952,2,7,1,0,0,0,1,1,25,1016,1016,1016,1016,0,0,0,0,0,1,1,0,0,0,-197.7545423,0,0,0,0,3,1,1,10,10,0,0,0,3,1,1,10,1000,0,0,0,0,0,0,0,0,0,0,0,0,0,0,0,0,0,0,0,0,0,0,0,0,0,0,0,0,0,0,0,0,0,0,0,0,0,0,0,0,0,0,0,0,0,0,0,0,0,0,0
1986,27,8,37,35.952,2,7,1,0,0,0,1,1,25,1016,1016,1016,1016,0,0,0,0,0,1,1,0,0,0,-197.7980409,0,0,0,0,3,1,1,10,10,0,0,0,3,1,1,10,1000,0,0,0,0,0,0,0,0,0,0,0,0,0,0,0,0,0,0,0,0,0,0,0,0,0,0,0,0,0,0,0,0,0,0,0,0,0,0,0,0,0,0,0,0,0,0,0,0,0,0,0
1986,27,8,38,23.952,2,7,1,0,0,0,1,1,25,1016,1016,1016,1016,0,0,0,0,0,1,1,0,0,0,-197.8415394,0,0,0,0,3,1,1,10,10,0,0,0,3,1,1,10,1000,0,0,0,0,0,0,0,0,0,0,0,0,0,0,0,0,0,0,0,0,0,0,0,0,0,0,0,0,0,0,0,0,0,0,0,0,0,0,0,0,0,0,0,0,0,0,0,0,0,0,0
1986,27,8,39,11.952,2,7,1,0,0,0,1,1,25,1016,1016,1016,1016,0,0,0,0,0,1,1,0,0,0,-197.8850379,0,0,0,0,3,1,1,10,10,0,0,0,3,1,1,10,1000,0,0,0,0,0,0,0,0,0,0,0,0,0,0,0,0,0,0,0,0,0,0,0,0,0,0,0,0,0,0,0,0,0,0,0,0,0,0,0,0,0,0,0,0,0,0,0,0,0,0,0
1986,27,8,42,23.952,2,7,1,0,0,0,1,1,25,1016,1016,1016,1016,0,0,0,0,0,1,1,0,0,0,-198.0590311,0,0,0,0,3,1,1,10,10,0,0,0,3,1,1,10,1000,0,0,0,0,0,0,0,0,0,0,0,0,0,0,0,0,0,0,0,0,0,0,0,0,0,0,0,0,0,0,0,0,0,0,0,0,0,0,0,0,0,0,0,0,0,0,0,0,0,0,0
1986,27,8,43,11.952,2,7,1,0,0,0,1,1,25,1016,1016,1016,1016,0,0,0,0,0,1,1,0,0,0,-198.1025293,0,0,0,0,3,1,1,10,10,0,0,0,3,1,1,10,1000,0,0,0,0,0,0,0,0,0,0,0,0,0,0,0,0,0,0,0,0,0,0,0,0,0,0,0,0,0,0,0,0,0,0,0,0,0,0,0,0,0,0,0,0,0,0,0,0,0,0,0
1986,27,8,43,59.952,2,7,1,0,0,0,1,1,25,1016,1016,1016,1016,0,0,0,0,0,1,1,0,0,0,-198.1460274,0,0,0,0,3,1,1,10,10,0,0,0,3,1,1,10,1000,0,0,0,0,0,0,0,0,0,0,0,0,0,0,0,0,0,0,0,0,0,0,0,0,0,0,0,0,0,0,0,0,0,0,0,0,0,0,0,0,0,0,0,0,0,0,0,0,0,0,0
1986,27,8,44,47.952,2,7,1,0,0,0,1,1,25,1016,1016,1016,1016,0,0,0,0,0,1,1,0,0,0,-198.1895254,0,0,0,0,3,1,1,10,10,0,0,0,3,1,1,10,1000,0,0,0,0,0,0,0,0,0,0,0,0,0,0,0,0,0,0,0,0,0,0,0,0,0,0,0,0,0,0,0,0,0,0,0,0,0,0,0,0,0,0,0,0,0,0,0,0,0,0,0
1986,27,8,45,35.952,2,7,1,0,0,0,1,1,25,1016,1016,1016,1016,0,0,0,0,0,1,1,0,0,0,-198.2330234,0,0,0,0,3,1,1,10,10,0,0,0,3,1,1,10,1000,0,0,0,0,0,0,0,0,0,0,0,0,0,0,0,0,0,0,0,0,0,0,0,0,0,0,0,0,0,0,0,0,0,0,0,0,0,0,0,0,0,0,0,0,0,0,0,0,0,0,0
1986,27,8,46,23.952,2,7,1,0,0,0,1,1,25,1016,1016,1016,1016,0,0,0,0,0,1,1,0,0,0,-198.2765213,0,0,0,0,3,1,1,10,10,0,0,0,3,1,1,10,1000,0,0,0,0,0,0,0,0,0,0,0,0,0,0,0,0,0,0,0,0,0,0,0,0,0,0,0,0,0,0,0,0,0,0,0,0,0,0,0,0,0,0,0,0,0,0,0,0,0,0,0
1986,27,8,47,11.952,2,7,1,0,0,0,1,1,25,1016,1016,1016,1016,0,0,0,0,0,1,1,0,0,0,-198.3200192,0,0,0,0,3,1,1,10,10,0,0,0,3,1,1,10,1000,0,0,0,0,0,0,0,0,0,0,0,0,0,0,0,0,0,0,0,0,0,0,0,0,0,0,0,0,0,0,0,0,0,0,0,0,0,0,0,0,0,0,0,0,0,0,0,0,0,0,0
1986,27,8,47,59.951,2,7,1,0,0,0,1,1,25,1016,1016,1016,1016,0,0,0,0,0,1,1,0,0,0,-198.363516,0,0,0,0,3,1,1,10,10,0,0,0,3,1,1,10,1000,0,0,0,0,0,0,0,0,0,0,0,0,0,0,0,0,0,0,0,0,0,0,0,0,0,0,0,0,0,0,0,0,0,0,0,0,0,0,0,0,0,0,0,0,0,0,0,0,0,0,0
1986,27,8,48,47.951,2,7,1,0,0,0,1,1,25,1016,1016,1016,1016,0,0,0,0,0,1,1,0,0,0,-198.4070138,0,0,0,0,3,1,1,10,10,0,0,0,3,1,1,10,1000,0,0,0,0,0,0,0,0,0,0,0,0,0,0,0,0,0,0,0,0,0,0,0,0,0,0,0,0,0,0,0,0,0,0,0,0,0,0,0,0,0,0,0,0,0,0,0,0,0,0,0
1986,27,8,49,35.951,2,7,1,0,0,0,1,1,25,1016,1016,1016,1016,0,0,0,0,0,1,1,0,0,0,-198.4505114,0,0,0,0,3,1,1,10,10,0,0,0,3,1,1,10,1000,0,0,0,0,0,0,0,0,0,0,0,0,0,0,0,0,0,0,0,0,0,0,0,0,0,0,0,0,0,0,0,0,0,0,0,0,0,0,0,0,0,0,0,0,0,0,0,0,0,0,0
1986,27,8,50,23.951,2,7,1,0,0,0,1,1,25,1016,1016,1016,1016,0,0,0,0,0,1,1,0,0,0,-198.494009,0,0,0,0,3,1,1,10,10,0,0,0,3,1,1,10,1000,0,0,0,0,0,0,0,0,0,0,0,0,0,0,0,0,0,0,0,0,0,0,0,0,0,0,0,0,0,0,0,0,0,0,0,0,0,0,0,0,0,0,0,0,0,0,0,0,0,0,0
1986,27,8,51,11.951,2,7,1,0,0,0,1,1,25,1016,1016,1016,1016,0,0,0,0,0,1,1,0,0,0,-198.5375066,0,0,0,0,3,1,1,10,10,0,0,0,3,1,1,10,1000,0,0,0,0,0,0,0,0,0,0,0,0,0,0,0,0,0,0,0,0,0,0,0,0,0,0,0,0,0,0,0,0,0,0,0,0,0,0,0,0,0,0,0,0,0,0,0,0,0,0,0
1986,27,8,54,23.951,2,7,1,0,0,0,1,1,25,1016,1016,1016,1016,0,0,0,0,0,1,1,0,0,0,-198.7114962,0,0,0,0,3,1,1,10,10,0,0,0,3,1,1,10,1000,0,0,0,0,0,0,0,0,0,0,0,0,0,0,0,0,0,0,0,0,0,0,0,0,0,0,0,0,0,0,0,0,0,0,0,0,0,0,0,0,0,0,0,0,0,0,0,0,0,0,0
1986,27,8,55,11.951,2,7,1,0,0,0,1,1,25,1016,1016,1016,1016,0,0,0,0,0,1,1,0,0,0,-198.7549934,0,0,0,0,3,1,1,10,10,0,0,0,3,1,1,10,1000,0,0,0,0,0,0,0,0,0,0,0,0,0,0,0,0,0,0,0,0,0,0,0,0,0,0,0,0,0,0,0,0,0,0,0,0,0,0,0,0,0,0,0,0,0,0,0,0,0,0,0
1986,27,8,55,59.951,2,7,1,0,0,0,1,1,25,1016,1016,1016,1016,0,0,0,0,0,1,1,0,0,0,-198.7984906,0,0,0,0,3,1,1,10,10,0,0,0,3,1,1,10,1000,0,0,0,0,0,0,0,0,0,0,0,0,0,0,0,0,0,0,0,0,0,0,0,0,0,0,0,0,0,0,0,0,0,0,0,0,0,0,0,0,0,0,0,0,0,0,0,0,0,0,0
1986,27,8,56,47.951,2,7,1,0,0,0,1,1,25,1016,1016,1016,1016,0,0,0,0,0,1,1,0,0,0,-198.8419877,0,0,0,0,3,1,1,10,10,0,0,0,3,1,1,10,1000,0,0,0,0,0,0,0,0,0,0,0,0,0,0,0,0,0,0,0,0,0,0,0,0,0,0,0,0,0,0,0,0,0,0,0,0,0,0,0,0,0,0,0,0,0,0,0,0,0,0,0
1986,27,8,57,35.951,2,7,1,0,0,0,1,1,25,1016,1016,1016,1016,0,0,0,0,0,1,1,0,0,0,-198.8854848,0,0,0,0,3,1,1,10,10,0,0,0,3,1,1,10,1000,0,0,0,0,0,0,0,0,0,0,0,0,0,0,0,0,0,0,0,0,0,0,0,0,0,0,0,0,0,0,0,0,0,0,0,0,0,0,0,0,0,0,0,0,0,0,0,0,0,0,0
1986,27,8,58,23.951,2,7,1,0,0,0,1,1,25,1016,1016,1016,1016,0,0,0,0,0,1,1,0,0,0,-198.9289818,0,0,0,0,3,1,1,10,10,0,0,0,3,1,1,10,1000,0,0,0,0,0,0,0,0,0,0,0,0,0,0,0,0,0,0,0,0,0,0,0,0,0,0,0,0,0,0,0,0,0,0,0,0,0,0,0,0,0,0,0,0,0,0,0,0,0,0,0
1986,27,8,59,11.951,2,7,1,0,0,0,1,1,25,1016,1016,1016,1016,0,0,0,0,0,1,1,0,0,0,-198.9724787,0,0,0,0,3,1,1,10,10,0,0,0,3,1,1,10,1000,0,0,0,0,0,0,0,0,0,0,0,0,0,0,0,0,0,0,0,0,0,0,0,0,0,0,0,0,0,0,0,0,0,0,0,0,0,0,0,0,0,0,0,0,0,0,0,0,0,0,0
1986,27,8,59,59.951,2,7,1,0,0,0,1,1,25,1016,1016,1016,1016,0,0,0,0,0,1,1,0,0,0,-199.0159756,0,0,0,0,3,1,1,10,10,0,0,0,3,1,1,10,1000,0,0,0,0,0,0,0,0,0,0,0,0,0,0,0,0,0,0,0,0,0,0,0,0,0,0,0,0,0,0,0,0,0,0,0,0,0,0,0,0,0,0,0,0,0,0,0,0,0,0,0
1986,27,9,0,47.951,2,7,1,0,0,0,1,1,25,1016,1016,1016,1016,0,0,0,0,0,1,1,0,0,0,-199.0594724,0,0,0,0,3,1,1,10,10,0,0,0,3,1,1,10,1000,0,0,0,0,0,0,0,0,0,0,0,0,0,0,0,0,0,0,0,0,0,0,0,0,0,0,0,0,0,0,0,0,0,0,0,0,0,0,0,0,0,0,0,0,0,0,0,0,0,0,0
1986,27,9,1,35.951,2,7,1,0,0,0,1,1,25,1016,1016,1016,1016,0,0,0,0,0,1,1,0,0,0,-199.1029691,0,0,0,0,3,1,1,10,10,0,0,0,3,1,1,10,1000,0,0,0,0,0,0,0,0,0,0,0,0,0,0,0,0,0,0,0,0,0,0,0,0,0,0,0,0,0,0,0,0,0,0,0,0,0,0,0,0,0,0,0,0,0,0,0,0,0,0,0
1986,27,9,2,23.951,2,7,1,0,0,0,1,1,25,1016,1016,1016,1016,0,0,0,0,0,1,1,0,0,0,-199.1464658,0,0,0,0,3,1,1,10,10,0,0,0,3,1,1,10,1000,0,0,0,0,0,0,0,0,0,0,0,0,0,0,0,0,0,0,0,0,0,0,0,0,0,0,0,0,0,0,0,0,0,0,0,0,0,0,0,0,0,0,0,0,0,0,0,0,0,0,0
1986,27,9,3,11.95,2,7,1,0,0,0,1,1,25,1016,1016,1016,1016,0,0,0,0,0,1,1,0,0,0,-199.1899615,0,0,0,0,3,1,1,10,10,0,0,0,3,1,1,10,1000,0,0,0,0,0,0,0,0,0,0,0,0,0,0,0,0,0,0,0,0,0,0,0,0,0,0,0,0,0,0,0,0,0,0,0,0,0,0,0,0,0,0,0,0,0,0,0,0,0,0,0
1986,27,9,6,23.95,2,7,1,0,0,0,1,1,25,1016,1016,1016,1016,0,0,0,0,0,1,1,0,0,0,-199.3639475,0,0,0,0,3,1,1,10,10,0,0,0,3,1,1,10,1000,0,0,0,0,0,0,0,0,0,0,0,0,0,0,0,0,0,0,0,0,0,0,0,0,0,0,0,0,0,0,0,0,0,0,0,0,0,0,0,0,0,0,0,0,0,0,0,0,0,0,0
1986,27,9,7,11.95,2,7,1,0,0,0,1,1,25,1016,1016,1016,1016,0,0,0,0,0,1,1,0,0,0,-199.4074438,0,0,0,0,3,1,1,10,10,0,0,0,3,1,1,10,1000,0,0,0,0,0,0,0,0,0,0,0,0,0,0,0,0,0,0,0,0,0,0,0,0,0,0,0,0,0,0,0,0,0,0,0,0,0,0,0,0,0,0,0,0,0,0,0,0,0,0,0
1986,27,9,7,59.95,2,7,1,0,0,0,1,1,25,1016,1016,1016,1016,0,0,0,0,0,1,1,0,0,0,-199.4509401,0,0,0,0,3,1,1,10,10,0,0,0,3,1,1,10,1000,0,0,0,0,0,0,0,0,0,0,0,0,0,0,0,0,0,0,0,0,0,0,0,0,0,0,0,0,0,0,0,0,0,0,0,0,0,0,0,0,0,0,0,0,0,0,0,0,0,0,0
1986,27,9,9,35.95,2,7,1,0,0,0,1,1,25,1016,1016,1016,1016,0,0,0,0,0,1,1,0,0,0,-199.5379324,0,0,0,0,3,1,1,10,10,0,0,0,3,1,1,10,1000,0,0,0,0,0,0,0,0,0,0,0,0,0,0,0,0,0,0,0,0,0,0,0,0,0,0,0,0,0,0,0,0,0,0,0,0,0,0,0,0,0,0,0,0,0,0,0,0,0,0,0
1986,27,9,10,23.95,2,7,1,0,0,0,1,1,25,1016,1016,1016,1016,0,0,0,0,0,1,1,0,0,0,-199.5814285,0,0,0,0,3,1,1,10,10,0,0,0,3,1,1,10,1000,0,0,0,0,0,0,0,0,0,0,0,0,0,0,0,0,0,0,0,0,0,0,0,0,0,0,0,0,0,0,0,0,0,0,0,0,0,0,0,0,0,0,0,0,0,0,0,0,0,0,0
1986,27,9,11,11.95,2,7,1,0,0,0,1,1,25,1016,1016,1016,1016,0,0,0,0,0,1,1,0,0,0,-199.6249245,0,0,0,0,3,1,1,10,10,0,0,0,3,1,1,10,1000,0,0,0,0,0,0,0,0,0,0,0,0,0,0,0,0,0,0,0,0,0,0,0,0,0,0,0,0,0,0,0,0,0,0,0,0,0,0,0,0,0,0,0,0,0,0,0,0,0,0,0
1986,27,9,11,59.95,2,7,1,0,0,0,1,1,25,1016,1016,1016,1016,0,0,0,0,0,1,1,0,0,0,-199.6684205,0,0,0,0,3,1,1,10,10,0,0,0,3,1,1,10,1000,0,0,0,0,0,0,0,0,0,0,0,0,0,0,0,0,0,0,0,0,0,0,0,0,0,0,0,0,0,0,0,0,0,0,0,0,0,0,0,0,0,0,0,0,0,0,0,0,0,0,0
1986,27,9,12,47.95,2,7,1,0,0,0,1,1,25,1016,1016,1016,1016,0,0,0,0,0,1,1,0,0,0,-199.7119164,0,0,0,0,3,1,1,10,10,0,0,0,3,1,1,10,1000,0,0,0,0,0,0,0,0,0,0,0,0,0,0,0,0,0,0,0,0,0,0,0,0,0,0,0,0,0,0,0,0,0,0,0,0,0,0,0,0,0,0,0,0,0,0,0,0,0,0,0
1986,27,9,13,35.95,2,7,1,0,0,0,1,1,25,1016,1016,1016,1016,0,0,0,0,0,1,1,0,0,0,-199.7554122,0,0,0,0,3,1,1,10,10,0,0,0,3,1,1,10,1000,0,0,0,0,0,0,0,0,0,0,0,0,0,0,0,0,0,0,0,0,0,0,0,0,0,0,0,0,0,0,0,0,0,0,0,0,0,0,0,0,0,0,0,0,0,0,0,0,0,0,0
1986,27,9,14,23.95,2,7,1,0,0,0,1,1,25,1016,1016,1016,1016,0,0,0,0,0,1,1,0,0,0,-199.798908,0,0,0,0,3,1,1,10,10,0,0,0,3,1,1,10,1000,0,0,0,0,0,0,0,0,0,0,0,0,0,0,0,0,0,0,0,0,0,0,0,0,0,0,0,0,0,0,0,0,0,0,0,0,0,0,0,0,0,0,0,0,0,0,0,0,0,0,0
1986,27,9,15,11.95,2,7,1,0,0,0,1,1,25,1016,1016,1016,1016,0,0,0,0,0,1,1,0,0,0,-199.8424037,0,0,0,0,3,1,1,10,10,0,0,0,3,1,1,10,1000,0,0,0,0,0,0,0,0,0,0,0,0,0,0,0,0,0,0,0,0,0,0,0,0,0,0,0,0,0,0,0,0,0,0,0,0,0,0,0,0,0,0,0,0,0,0,0,0,0,0,0
1986,27,9,18,23.949,2,7,1,0,0,0,1,1,25,1016,1016,1016,1016,0,0,0,0,0,1,1,0,0,0,-200.0163851,0,0,0,0,3,1,1,10,10,0,0,0,3,1,1,10,1000,0,0,0,0,0,0,0,0,0,0,0,0,0,0,0,0,0,0,0,0,0,0,0,0,0,0,0,0,0,0,0,0,0,0,0,0,0,0,0,0,0,0,0,0,0,0,0,0,0,0,0
1986,27,9,19,11.949,2,7,1,0,0,0,1,1,25,1016,1016,1016,1016,0,0,0,0,0,1,1,0,0,0,-200.0598805,0,0,0,0,3,1,1,10,10,0,0,0,3,1,1,10,1000,0,0,0,0,0,0,0,0,0,0,0,0,0,0,0,0,0,0,0,0,0,0,0,0,0,0,0,0,0,0,0,0,0,0,0,0,0,0,0,0,0,0,0,0,0,0,0,0,0,0,0
1986,27,9,19,59.949,2,7,1,0,0,0,1,1,25,1016,1016,1016,1016,0,0,0,0,0,1,1,0,0,0,-200.1033759,0,0,0,0,3,1,1,10,10,0,0,0,3,1,1,10,1000,0,0,0,0,0,0,0,0,0,0,0,0,0,0,0,0,0,0,0,0,0,0,0,0,0,0,0,0,0,0,0,0,0,0,0,0,0,0,0,0,0,0,0,0,0,0,0,0,0,0,0
1986,27,9,20,47.949,2,7,1,0,0,0,1,1,25,1016,1016,1016,1016,0,0,0,0,0,1,1,0,0,0,-200.1468712,0,0,0,0,3,1,1,10,10,0,0,0,3,1,1,10,1000,0,0,0,0,0,0,0,0,0,0,0,0,0,0,0,0,0,0,0,0,0,0,0,0,0,0,0,0,0,0,0,0,0,0,0,0,0,0,0,0,0,0,0,0,0,0,0,0,0,0,0
1986,27,9,21,35.949,2,7,1,0,0,0,1,1,25,1016,1016,1016,1016,0,0,0,0,0,1,1,0,0,0,-200.1903664,0,0,0,0,3,1,1,10,10,0,0,0,3,1,1,10,1000,0,0,0,0,0,0,0,0,0,0,0,0,0,0,0,0,0,0,0,0,0,0,0,0,0,0,0,0,0,0,0,0,0,0,0,0,0,0,0,0,0,0,0,0,0,0,0,0,0,0,0
1986,27,9,22,23.949,2,7,1,0,0,0,1,1,25,1016,1016,1016,1016,0,0,0,0,0,1,1,0,0,0,-200.2338616,0,0,0,0,3,1,1,10,10,0,0,0,3,1,1,10,1000,0,0,0,0,0,0,0,0,0,0,0,0,0,0,0,0,0,0,0,0,0,0,0,0,0,0,0,0,0,0,0,0,0,0,0,0,0,0,0,0,0,0,0,0,0,0,0,0,0,0,0
1986,27,9,23,11.949,2,7,1,0,0,0,1,1,25,1016,1016,1016,1016,0,0,0,0,0,1,1,0,0,0,-200.2773567,0,0,0,0,3,1,1,10,10,0,0,0,3,1,1,10,1000,0,0,0,0,0,0,0,0,0,0,0,0,0,0,0,0,0,0,0,0,0,0,0,0,0,0,0,0,0,0,0,0,0,0,0,0,0,0,0,0,0,0,0,0,0,0,0,0,0,0,0
1986,27,9,23,59.949,2,7,1,0,0,0,1,1,25,1016,1016,1016,1016,0,0,0,0,0,1,1,0,0,0,-200.3208517,0,0,0,0,3,1,1,10,10,0,0,0,3,1,1,10,1000,0,0,0,0,0,0,0,0,0,0,0,0,0,0,0,0,0,0,0,0,0,0,0,0,0,0,0,0,0,0,0,0,0,0,0,0,0,0,0,0,0,0,0,0,0,0,0,0,0,0,0
1986,27,9,24,47.949,2,7,1,0,0,0,1,1,25,1016,1016,1016,1016,0,0,0,0,0,1,1,0,0,0,-200.3643467,0,0,0,0,3,1,1,10,10,0,0,0,3,1,1,10,1000,0,0,0,0,0,0,0,0,0,0,0,0,0,0,0,0,0,0,0,0,0,0,0,0,0,0,0,0,0,0,0,0,0,0,0,0,0,0,0,0,0,0,0,0,0,0,0,0,0,0,0
1986,27,9,25,35.949,2,7,1,0,0,0,1,1,25,1016,1016,1016,1016,0,0,0,0,0,1,1,0,0,0,-200.4078417,0,0,0,0,3,1,1,10,10,0,0,0,3,1,1,10,1000,0,0,0,0,0,0,0,0,0,0,0,0,0,0,0,0,0,0,0,0,0,0,0,0,0,0,0,0,0,0,0,0,0,0,0,0,0,0,0,0,0,0,0,0,0,0,0,0,0,0,0
1986,27,9,26,23.949,2,7,1,0,0,0,1,1,25,1016,1016,1016,1016,0,0,0,0,0,1,1,0,0,0,-200.4513365,0,0,0,0,3,1,1,10,10,0,0,0,3,1,1,10,1000,0,0,0,0,0,0,0,0,0,0,0,0,0,0,0,0,0,0,0,0,0,0,0,0,0,0,0,0,0,0,0,0,0,0,0,0,0,0,0,0,0,0,0,0,0,0,0,0,0,0,0
1986,27,9,27,11.949,2,7,1,0,0,0,1,1,25,1016,1016,1016,1016,0,0,0,0,0,1,1,0,0,0,-200.4948314,0,0,0,0,3,1,1,10,10,0,0,0,3,1,1,10,1000,0,0,0,0,0,0,0,0,0,0,0,0,0,0,0,0,0,0,0,0,0,0,0,0,0,0,0,0,0,0,0,0,0,0,0,0,0,0,0,0,0,0,0,0,0,0,0,0,0,0,0
1986,27,9,30,23.949,2,7,1,0,0,0,1,1,25,1016,1016,1016,1016,0,0,0,0,0,1,1,0,0,0,-200.66881,0,0,0,0,3,1,1,10,10,0,0,0,3,1,1,10,1000,0,0,0,0,0,0,0,0,0,0,0,0,0,0,0,0,0,0,0,0,0,0,0,0,0,0,0,0,0,0,0,0,0,0,0,0,0,0,0,0,0,0,0,0,0,0,0,0,0,0,0
1986,27,9,31,11.949,2,7,1,0,0,0,1,1,25,1016,1016,1016,1016,0,0,0,0,0,1,1,0,0,0,-200.7123045,0,0,0,0,3,1,1,10,10,0,0,0,3,1,1,10,1000,0,0,0,0,0,0,0,0,0,0,0,0,0,0,0,0,0,0,0,0,0,0,0,0,0,0,0,0,0,0,0,0,0,0,0,0,0,0,0,0,0,0,0,0,0,0,0,0,0,0,0
1986,27,9,32,47.949,2,7,1,0,0,0,1,1,25,1016,1016,1016,1016,0,0,0,0,0,1,1,0,0,0,-200.7992934,0,0,0,0,3,1,1,10,10,0,0,0,3,1,1,10,1000,0,0,0,0,0,0,0,0,0,0,0,0,0,0,0,0,0,0,0,0,0,0,0,0,0,0,0,0,0,0,0,0,0,0,0,0,0,0,0,0,0,0,0,0,0,0,0,0,0,0,0
1986,27,9,33,35.948,2,7,1,0,0,0,1,1,25,1016,1016,1016,1016,0,0,0,0,0,1,1,0,0,0,-200.8427868,0,0,0,0,3,1,1,10,10,0,0,0,3,1,1,10,1000,0,0,0,0,0,0,0,0,0,0,0,0,0,0,0,0,0,0,0,0,0,0,0,0,0,0,0,0,0,0,0,0,0,0,0,0,0,0,0,0,0,0,0,0,0,0,0,0,0,0,0
1986,27,9,34,23.948,2,7,1,0,0,0,1,1,25,1016,1016,1016,1016,0,0,0,0,0,1,1,0,0,0,-200.8862811,0,0,0,0,3,1,1,10,10,0,0,0,3,1,1,10,1000,0,0,0,0,0,0,0,0,0,0,0,0,0,0,0,0,0,0,0,0,0,0,0,0,0,0,0,0,0,0,0,0,0,0,0,0,0,0,0,0,0,0,0,0,0,0,0,0,0,0,0
1986,27,9,35,11.948,2,7,1,0,0,0,1,1,25,1016,1016,1016,1016,0,0,0,0,0,1,1,0,0,0,-200.9297753,0,0,0,0,3,1,1,10,10,0,0,0,3,1,1,10,1000,0,0,0,0,0,0,0,0,0,0,0,0,0,0,0,0,0,0,0,0,0,0,0,0,0,0,0,0,0,0,0,0,0,0,0,0,0,0,0,0,0,0,0,0,0,0,0,0,0,0,0
1986,27,9,35,59.948,2,7,1,0,0,0,1,1,25,1016,1016,1016,1016,0,0,0,0,0,1,1,0,0,0,-200.9732694,0,0,0,0,3,1,1,10,10,0,0,0,3,1,1,10,1000,0,0,0,0,0,0,0,0,0,0,0,0,0,0,0,0,0,0,0,0,0,0,0,0,0,0,0,0,0,0,0,0,0,0,0,0,0,0,0,0,0,0,0,0,0,0,0,0,0,0,0
1986,27,9,36,47.948,2,7,1,0,0,0,1,1,25,1016,1016,1016,1016,0,0,0,0,0,1,1,0,0,0,-201.0167635,0,0,0,0,3,1,1,10,10,0,0,0,3,1,1,10,1000,0,0,0,0,0,0,0,0,0,0,0,0,0,0,0,0,0,0,0,0,0,0,0,0,0,0,0,0,0,0,0,0,0,0,0,0,0,0,0,0,0,0,0,0,0,0,0,0,0,0,0
1986,27,9,45,35.948,2,7,1,0,0,0,1,1,25,1016,1016,1016,1016,0,0,0,0,0,1,1,0,0,0,-201.4951946,0,0,0,0,3,1,1,10,10,0,0,0,3,1,1,10,1000,0,0,0,0,0,0,0,0,0,0,0,0,0,0,0,0,0,0,0,0,0,0,0,0,0,0,0,0,0,0,0,0,0,0,0,0,0,0,0,0,0,0,0,0,0,0,0,0,0,0,0
1986,27,9,46,23.948,2,7,1,0,0,0,1,1,25,1016,1016,1016,1016,0,0,0,0,0,1,1,0,0,0,-201.538688,0,0,0,0,3,1,1,10,10,0,0,0,3,1,1,10,1000,0,0,0,0,0,0,0,0,0,0,0,0,0,0,0,0,0,0,0,0,0,0,0,0,0,0,0,0,0,0,0,0,0,0,0,0,0,0,0,0,0,0,0,0,0,0,0,0,0,0,0
1986,27,9,47,11.948,2,7,1,0,0,0,1,1,25,1016,1016,1016,1016,0,0,0,0,0,1,1,0,0,0,-201.5821813,0,0,0,0,3,1,1,10,10,0,0,0,3,1,1,10,1000,0,0,0,0,0,0,0,0,0,0,0,0,0,0,0,0,0,0,0,0,0,0,0,0,0,0,0,0,0,0,0,0,0,0,0,0,0,0,0,0,0,0,0,0,0,0,0,0,0,0,0
1986,27,9,47,59.947,2,7,1,0,0,0,1,1,25,1016,1016,1016,1016,0,0,0,0,0,1,1,0,0,0,-201.6256737,0,0,0,0,3,1,1,10,10,0,0,0,3,1,1,10,1000,0,0,0,0,0,0,0,0,0,0,0,0,0,0,0,0,0,0,0,0,0,0,0,0,0,0,0,0,0,0,0,0,0,0,0,0,0,0,0,0,0,0,0,0,0,0,0,0,0,0,0
1986,27,9,48,47.947,2,7,1,0,0,0,1,1,25,1016,1016,1016,1016,0,0,0,0,0,1,1,0,0,0,-201.6691669,0,0,0,0,3,1,1,10,10,0,0,0,3,1,1,10,1000,0,0,0,0,0,0,0,0,0,0,0,0,0,0,0,0,0,0,0,0,0,0,0,0,0,0,0,0,0,0,0,0,0,0,0,0,0,0,0,0,0,0,0,0,0,0,0,0,0,0,0
1986,27,9,49,35.947,2,7,1,0,0,0,1,1,25,1016,1016,1016,1016,0,0,0,0,0,1,1,0,0,0,-201.71266,0,0,0,0,3,1,1,10,10,0,0,0,3,1,1,10,1000,0,0,0,0,0,0,0,0,0,0,0,0,0,0,0,0,0,0,0,0,0,0,0,0,0,0,0,0,0,0,0,0,0,0,0,0,0,0,0,0,0,0,0,0,0,0,0,0,0,0,0
1986,27,9,50,23.947,2,7,1,0,0,0,1,1,25,1016,1016,1016,1016,0,0,0,0,0,1,1,0,0,0,-201.7561531,0,0,0,0,3,1,1,10,10,0,0,0,3,1,1,10,1000,0,0,0,0,0,0,0,0,0,0,0,0,0,0,0,0,0,0,0,0,0,0,0,0,0,0,0,0,0,0,0,0,0,0,0,0,0,0,0,0,0,0,0,0,0,0,0,0,0,0,0
1986,27,9,51,11.947,2,7,1,0,0,0,1,1,25,1016,1016,1016,1016,0,0,0,0,0,1,1,0,0,0,-201.7996461,0,0,0,0,3,1,1,10,10,0,0,0,3,1,1,10,1000,0,0,0,0,0,0,0,0,0,0,0,0,0,0,0,0,0,0,0,0,0,0,0,0,0,0,0,0,0,0,0,0,0,0,0,0,0,0,0,0,0,0,0,0,0,0,0,0,0,0,0
1986,27,9,54,23.947,2,7,1,0,0,0,1,1,25,1016,1016,1016,1016,0,0,0,0,0,1,1,0,0,0,-201.9736176,0,0,0,0,3,1,1,10,10,0,0,0,3,1,1,10,1000,0,0,0,0,0,0,0,0,0,0,0,0,0,0,0,0,0,0,0,0,0,0,0,0,0,0,0,0,0,0,0,0,0,0,0,0,0,0,0,0,0,0,0,0,0,0,0,0,0,0,0
1986,27,9,55,11.947,2,7,1,0,0,0,1,1,25,1016,1016,1016,1016,0,0,0,0,0,1,1,0,0,0,-202.0171103,0,0,0,0,3,1,1,10,10,0,0,0,3,1,1,10,1000,0,0,0,0,0,0,0,0,0,0,0,0,0,0,0,0,0,0,0,0,0,0,0,0,0,0,0,0,0,0,0,0,0,0,0,0,0,0,0,0,0,0,0,0,0,0,0,0,0,0,0
1986,27,9,55,59.947,2,7,1,0,0,0,1,1,25,1016,1016,1016,1016,0,0,0,0,0,1,1,0,0,0,-202.060603,0,0,0,0,3,1,1,10,10,0,0,0,3,1,1,10,1000,0,0,0,0,0,0,0,0,0,0,0,0,0,0,0,0,0,0,0,0,0,0,0,0,0,0,0,0,0,0,0,0,0,0,0,0,0,0,0,0,0,0,0,0,0,0,0,0,0,0,0
1986,27,9,56,47.947,2,7,1,0,0,0,1,1,25,1016,1016,1016,1016,0,0,0,0,0,1,1,0,0,0,-202.1040956,0,0,0,0,3,1,1,10,10,0,0,0,3,1,1,10,1000,0,0,0,0,0,0,0,0,0,0,0,0,0,0,0,0,0,0,0,0,0,0,0,0,0,0,0,0,0,0,0,0,0,0,0,0,0,0,0,0,0,0,0,0,0,0,0,0,0,0,0
1986,27,9,57,35.947,2,7,1,0,0,0,1,1,25,1016,1016,1016,1016,0,0,0,0,0,1,1,0,0,0,-202.1475881,0,0,0,0,3,1,1,10,10,0,0,0,3,1,1,10,1000,0,0,0,0,0,0,0,0,0,0,0,0,0,0,0,0,0,0,0,0,0,0,0,0,0,0,0,0,0,0,0,0,0,0,0,0,0,0,0,0,0,0,0,0,0,0,0,0,0,0,0
1986,27,9,58,23.947,2,7,1,0,0,0,1,1,25,1016,1016,1016,1016,0,0,0,0,0,1,1,0,0,0,-202.1910806,0,0,0,0,3,1,1,10,10,0,0,0,3,1,1,10,1000,0,0,0,0,0,0,0,0,0,0,0,0,0,0,0,0,0,0,0,0,0,0,0,0,0,0,0,0,0,0,0,0,0,0,0,0,0,0,0,0,0,0,0,0,0,0,0,0,0,0,0
1986,27,9,59,11.947,2,7,1,0,0,0,1,1,25,1016,1016,1016,1016,0,0,0,0,0,1,1,0,0,0,-202.234573,0,0,0,0,3,1,1,10,10,0,0,0,3,1,1,10,1000,0,0,0,0,0,0,0,0,0,0,0,0,0,0,0,0,0,0,0,0,0,0,0,0,0,0,0,0,0,0,0,0,0,0,0,0,0,0,0,0,0,0,0,0,0,0,0,0,0,0,0
1986,27,9,59,59.947,2,7,1,0,0,0,1,1,25,1016,1016,1016,1016,0,0,0,0,0,1,1,0,0,0,-202.2780654,0,0,0,0,3,1,1,10,10,0,0,0,3,1,1,10,1000,0,0,0,0,0,0,0,0,0,0,0,0,0,0,0,0,0,0,0,0,0,0,0,0,0,0,0,0,0,0,0,0,0,0,0,0,0,0,0,0,0,0,0,0,0,0,0,0,0,0,0
1986,27,10,0,47.947,2,7,1,0,0,0,1,1,25,1016,1016,1016,1016,0,0,0,0,0,1,1,0,0,0,-202.3215577,0,0,0,0,3,1,1,10,10,0,0,0,3,1,1,10,1000,0,0,0,0,0,0,0,0,0,0,0,0,0,0,0,0,0,0,0,0,0,0,0,0,0,0,0,0,0,0,0,0,0,0,0,0,0,0,0,0,0,0,0,0,0,0,0,0,0,0,0
1986,27,10,1,35.947,2,7,1,0,0,0,1,1,25,1016,1016,1016,1016,0,0,0,0,0,1,1,0,0,0,-202.3650499,0,0,0,0,3,1,1,10,10,0,0,0,3,1,1,10,1000,0,0,0,0,0,0,0,0,0,0,0,0,0,0,0,0,0,0,0,0,0,0,0,0,0,0,0,0,0,0,0,0,0,0,0,0,0,0,0,0,0,0,0,0,0,0,0,0,0,0,0
1986,27,10,2,23.947,2,7,1,0,0,0,1,1,25,1016,1016,1016,1016,0,0,0,0,0,1,1,0,0,0,-202.4085421,0,0,0,0,3,1,1,10,10,0,0,0,3,1,1,10,1000,0,0,0,0,0,0,0,0,0,0,0,0,0,0,0,0,0,0,0,0,0,0,0,0,0,0,0,0,0,0,0,0,0,0,0,0,0,0,0,0,0,0,0,0,0,0,0,0,0,0,0
1986,27,10,3,11.946,2,7,1,0,0,0,1,1,25,1016,1016,1016,1016,0,0,0,0,0,1,1,0,0,0,-202.4520333,0,0,0,0,3,1,1,10,10,0,0,0,3,1,1,10,1000,0,0,0,0,0,0,0,0,0,0,0,0,0,0,0,0,0,0,0,0,0,0,0,0,0,0,0,0,0,0,0,0,0,0,0,0,0,0,0,0,0,0,0,0,0,0,0,0,0,0,0
1986,27,10,6,23.946,2,7,1,0,0,0,1,1,25,1016,1016,1016,1016,0,0,0,0,0,1,1,0,0,0,-202.6260013,0,0,0,0,3,1,1,10,10,0,0,0,3,1,1,10,1000,0,0,0,0,0,0,0,0,0,0,0,0,0,0,0,0,0,0,0,0,0,0,0,0,0,0,0,0,0,0,0,0,0,0,0,0,0,0,0,0,0,0,0,0,0,0,0,0,0,0,0
1986,27,10,7,11.946,2,7,1,0,0,0,1,1,25,1016,1016,1016,1016,0,0,0,0,0,1,1,0,0,0,-202.6694931,0,0,0,0,3,1,1,10,10,0,0,0,3,1,1,10,1000,0,0,0,0,0,0,0,0,0,0,0,0,0,0,0,0,0,0,0,0,0,0,0,0,0,0,0,0,0,0,0,0,0,0,0,0,0,0,0,0,0,0,0,0,0,0,0,0,0,0,0
1986,27,10,7,59.946,2,7,1,0,0,0,1,1,25,1016,1016,1016,1016,0,0,0,0,0,1,1,0,0,0,-202.7129849,0,0,0,0,3,1,1,10,10,0,0,0,3,1,1,10,1000,0,0,0,0,0,0,0,0,0,0,0,0,0,0,0,0,0,0,0,0,0,0,0,0,0,0,0,0,0,0,0,0,0,0,0,0,0,0,0,0,0,0,0,0,0,0,0,0,0,0,0
1986,27,10,8,47.946,2,7,1,0,0,0,1,1,25,1016,1016,1016,1016,0,0,0,0,0,1,1,0,0,0,-202.7564766,0,0,0,0,3,1,1,10,10,0,0,0,3,1,1,10,1000,0,0,0,0,0,0,0,0,0,0,0,0,0,0,0,0,0,0,0,0,0,0,0,0,0,0,0,0,0,0,0,0,0,0,0,0,0,0,0,0,0,0,0,0,0,0,0,0,0,0,0
1986,27,10,9,35.946,2,7,1,0,0,0,1,1,25,1016,1016,1016,1016,0,0,0,0,0,1,1,0,0,0,-202.7999682,0,0,0,0,3,1,1,10,10,0,0,0,3,1,1,10,1000,0,0,0,0,0,0,0,0,0,0,0,0,0,0,0,0,0,0,0,0,0,0,0,0,0,0,0,0,0,0,0,0,0,0,0,0,0,0,0,0,0,0,0,0,0,0,0,0,0,0,0
1986,27,10,10,23.946,2,7,1,0,0,0,1,1,25,1016,1016,1016,1016,0,0,0,0,0,1,1,0,0,0,-202.8434598,0,0,0,0,3,1,1,10,10,0,0,0,3,1,1,10,1000,0,0,0,0,0,0,0,0,0,0,0,0,0,0,0,0,0,0,0,0,0,0,0,0,0,0,0,0,0,0,0,0,0,0,0,0,0,0,0,0,0,0,0,0,0,0,0,0,0,0,0
1986,27,10,11,11.946,2,7,1,0,0,0,1,1,25,1016,1016,1016,1016,0,0,0,0,0,1,1,0,0,0,-202.8869514,0,0,0,0,3,1,1,10,10,0,0,0,3,1,1,10,1000,0,0,0,0,0,0,0,0,0,0,0,0,0,0,0,0,0,0,0,0,0,0,0,0,0,0,0,0,0,0,0,0,0,0,0,0,0,0,0,0,0,0,0,0,0,0,0,0,0,0,0
1986,27,10,11,59.946,2,7,1,0,0,0,1,1,25,1016,1016,1016,1016,0,0,0,0,0,1,1,0,0,0,-202.9304428,0,0,0,0,3,1,1,10,10,0,0,0,3,1,1,10,1000,0,0,0,0,0,0,0,0,0,0,0,0,0,0,0,0,0,0,0,0,0,0,0,0,0,0,0,0,0,0,0,0,0,0,0,0,0,0,0,0,0,0,0,0,0,0,0,0,0,0,0
1986,27,10,12,47.946,2,7,1,0,0,0,1,1,25,1016,1016,1016,1016,0,0,0,0,0,1,1,0,0,0,-202.9739343,0,0,0,0,3,1,1,10,10,0,0,0,3,1,1,10,1000,0,0,0,0,0,0,0,0,0,0,0,0,0,0,0,0,0,0,0,0,0,0,0,0,0,0,0,0,0,0,0,0,0,0,0,0,0,0,0,0,0,0,0,0,0,0,0,0,0,0,0
1986,27,10,13,35.946,2,7,1,0,0,0,1,1,25,1016,1016,1016,1016,0,0,0,0,0,1,1,0,0,0,-203.0174256,0,0,0,0,3,1,1,10,10,0,0,0,3,1,1,10,1000,0,0,0,0,0,0,0,0,0,0,0,0,0,0,0,0,0,0,0,0,0,0,0,0,0,0,0,0,0,0,0,0,0,0,0,0,0,0,0,0,0,0,0,0,0,0,0,0,0,0,0
1986,27,10,14,23.946,2,7,1,0,0,0,1,1,25,1016,1016,1016,1016,0,0,0,0,0,1,1,0,0,0,-203.0609169,0,0,0,0,3,1,1,10,10,0,0,0,3,1,1,10,1000,0,0,0,0,0,0,0,0,0,0,0,0,0,0,0,0,0,0,0,0,0,0,0,0,0,0,0,0,0,0,0,0,0,0,0,0,0,0,0,0,0,0,0,0,0,0,0,0,0,0,0
1986,27,10,15,11.946,2,7,1,0,0,0,1,1,25,1016,1016,1016,1016,0,0,0,0,0,1,1,0,0,0,-203.1044082,0,0,0,0,3,1,1,10,10,0,0,0,3,1,1,10,1000,0,0,0,0,0,0,0,0,0,0,0,0,0,0,0,0,0,0,0,0,0,0,0,0,0,0,0,0,0,0,0,0,0,0,0,0,0,0,0,0,0,0,0,0,0,0,0,0,0,0,0
1986,27,10,18,23.945,2,7,1,0,0,0,1,1,25,1016,1016,1016,1016,0,0,0,0,0,1,1,0,0,0,-203.2783716,0,0,0,0,3,1,1,10,10,0,0,0,3,1,1,10,1000,0,0,0,0,0,0,0,0,0,0,0,0,0,0,0,0,0,0,0,0,0,0,0,0,0,0,0,0,0,0,0,0,0,0,0,0,0,0,0,0,0,0,0,0,0,0,0,0,0,0,0
1986,27,10,19,11.945,2,7,1,0,0,0,1,1,25,1016,1016,1016,1016,0,0,0,0,0,1,1,0,0,0,-203.3218626,0,0,0,0,3,1,1,10,10,0,0,0,3,1,1,10,1000,0,0,0,0,0,0,0,0,0,0,0,0,0,0,0,0,0,0,0,0,0,0,0,0,0,0,0,0,0,0,0,0,0,0,0,0,0,0,0,0,0,0,0,0,0,0,0,0,0,0,0
1986,27,10,19,59.945,2,7,1,0,0,0,1,1,25,1016,1016,1016,1016,0,0,0,0,0,1,1,0,0,0,-203.3653535,0,0,0,0,3,1,1,10,10,0,0,0,3,1,1,10,1000,0,0,0,0,0,0,0,0,0,0,0,0,0,0,0,0,0,0,0,0,0,0,0,0,0,0,0,0,0,0,0,0,0,0,0,0,0,0,0,0,0,0,0,0,0,0,0,0,0,0,0
1986,27,10,20,47.945,2,7,1,0,0,0,1,1,25,1016,1016,1016,1016,0,0,0,0,0,1,1,0,0,0,-203.4088443,0,0,0,0,3,1,1,10,10,0,0,0,3,1,1,10,1000,0,0,0,0,0,0,0,0,0,0,0,0,0,0,0,0,0,0,0,0,0,0,0,0,0,0,0,0,0,0,0,0,0,0,0,0,0,0,0,0,0,0,0,0,0,0,0,0,0,0,0
1986,27,10,23,59.945,2,7,1,0,0,0,1,1,25,1016,1016,1016,1016,0,0,0,0,0,1,1,0,0,0,-203.5828071,0,0,0,0,3,1,1,10,10,0,0,0,3,1,1,10,1000,0,0,0,0,0,0,0,0,0,0,0,0,0,0,0,0,0,0,0,0,0,0,0,0,0,0,0,0,0,0,0,0,0,0,0,0,0,0,0,0,0,0,0,0,0,0,0,0,0,0,0
1986,27,10,24,47.945,2,7,1,0,0,0,1,1,25,1016,1016,1016,1016,0,0,0,0,0,1,1,0,0,0,-203.6262976,0,0,0,0,3,1,1,10,10,0,0,0,3,1,1,10,1000,0,0,0,0,0,0,0,0,0,0,0,0,0,0,0,0,0,0,0,0,0,0,0,0,0,0,0,0,0,0,0,0,0,0,0,0,0,0,0,0,0,0,0,0,0,0,0,0,0,0,0
1986,27,10,25,35.945,2,7,1,0,0,0,1,1,25,1016,1016,1016,1016,0,0,0,0,0,1,1,0,0,0,-203.6697881,0,0,0,0,3,1,1,10,10,0,0,0,3,1,1,10,1000,0,0,0,0,0,0,0,0,0,0,0,0,0,0,0,0,0,0,0,0,0,0,0,0,0,0,0,0,0,0,0,0,0,0,0,0,0,0,0,0,0,0,0,0,0,0,0,0,0,0,0
1986,27,10,26,23.945,2,7,1,0,0,0,1,1,25,1016,1016,1016,1016,0,0,0,0,0,1,1,0,0,0,-203.7132785,0,0,0,0,3,1,1,10,10,0,0,0,3,1,1,10,1000,0,0,0,0,0,0,0,0,0,0,0,0,0,0,0,0,0,0,0,0,0,0,0,0,0,0,0,0,0,0,0,0,0,0,0,0,0,0,0,0,0,0,0,0,0,0,0,0,0,0,0
1986,27,10,27,11.945,2,7,1,0,0,0,1,1,25,1016,1016,1016,1016,0,0,0,0,0,1,1,0,0,0,-203.7567689,0,0,0,0,3,1,1,10,10,0,0,0,3,1,1,10,1000,0,0,0,0,0,0,0,0,0,0,0,0,0,0,0,0,0,0,0,0,0,0,0,0,0,0,0,0,0,0,0,0,0,0,0,0,0,0,0,0,0,0,0,0,0,0,0,0,0,0,0
1986,27,10,30,23.945,2,7,1,0,0,0,1,1,25,1016,1016,1016,1016,0,0,0,0,0,1,1,0,0,0,-203.9307297,0,0,0,0,3,1,1,10,10,0,0,0,3,1,1,10,1000,0,0,0,0,0,0,0,0,0,0,0,0,0,0,0,0,0,0,0,0,0,0,0,0,0,0,0,0,0,0,0,0,0,0,0,0,0,0,0,0,0,0,0,0,0,0,0,0,0,0,0
1986,27,10,31,11.945,2,7,1,0,0,0,1,1,25,1016,1016,1016,1016,0,0,0,0,0,1,1,0,0,0,-203.9742198,0,0,0,0,3,1,1,10,10,0,0,0,3,1,1,10,1000,0,0,0,0,0,0,0,0,0,0,0,0,0,0,0,0,0,0,0,0,0,0,0,0,0,0,0,0,0,0,0,0,0,0,0,0,0,0,0,0,0,0,0,0,0,0,0,0,0,0,0
1986,27,10,31,59.945,2,7,1,0,0,0,1,1,25,1016,1016,1016,1016,0,0,0,0,0,1,1,0,0,0,-204.0177098,0,0,0,0,3,1,1,10,10,0,0,0,3,1,1,10,1000,0,0,0,0,0,0,0,0,0,0,0,0,0,0,0,0,0,0,0,0,0,0,0,0,0,0,0,0,0,0,0,0,0,0,0,0,0,0,0,0,0,0,0,0,0,0,0,0,0,0,0
1986,27,10,32,47.945,2,7,1,0,0,0,1,1,25,1016,1016,1016,1016,0,0,0,0,0,1,1,0,0,0,-204.0611997,0,0,0,0,3,1,1,10,10,0,0,0,3,1,1,10,1000,0,0,0,0,0,0,0,0,0,0,0,0,0,0,0,0,0,0,0,0,0,0,0,0,0,0,0,0,0,0,0,0,0,0,0,0,0,0,0,0,0,0,0,0,0,0,0,0,0,0,0
1986,27,10,33,35.944,2,7,1,0,0,0,1,1,25,1016,1016,1016,1016,0,0,0,0,0,1,1,0,0,0,-204.1046887,0,0,0,0,3,1,1,10,10,0,0,0,3,1,1,10,1000,0,0,0,0,0,0,0,0,0,0,0,0,0,0,0,0,0,0,0,0,0,0,0,0,0,0,0,0,0,0,0,0,0,0,0,0,0,0,0,0,0,0,0,0,0,0,0,0,0,0,0
1986,27,10,34,23.944,2,7,1,0,0,0,1,1,25,1016,1016,1016,1016,0,0,0,0,0,1,1,0,0,0,-204.1481786,0,0,0,0,3,1,1,10,10,0,0,0,3,1,1,10,1000,0,0,0,0,0,0,0,0,0,0,0,0,0,0,0,0,0,0,0,0,0,0,0,0,0,0,0,0,0,0,0,0,0,0,0,0,0,0,0,0,0,0,0,0,0,0,0,0,0,0,0
1986,27,10,35,11.944,2,7,1,0,0,0,1,1,25,1016,1016,1016,1016,0,0,0,0,0,1,1,0,0,0,-204.1916683,0,0,0,0,3,1,1,10,10,0,0,0,3,1,1,10,1000,0,0,0,0,0,0,0,0,0,0,0,0,0,0,0,0,0,0,0,0,0,0,0,0,0,0,0,0,0,0,0,0,0,0,0,0,0,0,0,0,0,0,0,0,0,0,0,0,0,0,0
1986,27,10,35,59.944,2,7,1,0,0,0,1,1,25,1016,1016,1016,1016,0,0,0,0,0,1,1,0,0,0,-204.2351581,0,0,0,0,3,1,1,10,10,0,0,0,3,1,1,10,1000,0,0,0,0,0,0,0,0,0,0,0,0,0,0,0,0,0,0,0,0,0,0,0,0,0,0,0,0,0,0,0,0,0,0,0,0,0,0,0,0,0,0,0,0,0,0,0,0,0,0,0
1986,27,10,36,47.944,2,7,1,0,0,0,1,1,25,1016,1016,1016,1016,0,0,0,0,0,1,1,0,0,0,-204.2786477,0,0,0,0,3,1,1,10,10,0,0,0,3,1,1,10,1000,0,0,0,0,0,0,0,0,0,0,0,0,0,0,0,0,0,0,0,0,0,0,0,0,0,0,0,0,0,0,0,0,0,0,0,0,0,0,0,0,0,0,0,0,0,0,0,0,0,0,0
1986,27,10,37,35.944,2,7,1,0,0,0,1,1,25,1016,1016,1016,1016,0,0,0,0,0,1,1,0,0,0,-204.3221373,0,0,0,0,3,1,1,10,10,0,0,0,3,1,1,10,1000,0,0,0,0,0,0,0,0,0,0,0,0,0,0,0,0,0,0,0,0,0,0,0,0,0,0,0,0,0,0,0,0,0,0,0,0,0,0,0,0,0,0,0,0,0,0,0,0,0,0,0
1986,27,10,38,23.944,2,7,1,0,0,0,1,1,25,1016,1016,1016,1016,0,0,0,0,0,1,1,0,0,0,-204.3656269,0,0,0,0,3,1,1,10,10,0,0,0,3,1,1,10,1000,0,0,0,0,0,0,0,0,0,0,0,0,0,0,0,0,0,0,0,0,0,0,0,0,0,0,0,0,0,0,0,0,0,0,0,0,0,0,0,0,0,0,0,0,0,0,0,0,0,0,0
1986,27,10,39,11.944,2,7,1,0,0,0,1,1,25,1016,1016,1016,1016,0,0,0,0,0,1,1,0,0,0,-204.4091164,0,0,0,0,3,1,1,10,10,0,0,0,3,1,1,10,1000,0,0,0,0,0,0,0,0,0,0,0,0,0,0,0,0,0,0,0,0,0,0,0,0,0,0,0,0,0,0,0,0,0,0,0,0,0,0,0,0,0,0,0,0,0,0,0,0,0,0,0
1986,27,10,42,23.944,2,7,1,0,0,0,1,1,25,1016,1016,1016,1016,0,0,0,0,0,1,1,0,0,0,-204.5830737,0,0,0,0,3,1,1,10,10,0,0,0,3,1,1,10,1000,0,0,0,0,0,0,0,0,0,0,0,0,0,0,0,0,0,0,0,0,0,0,0,0,0,0,0,0,0,0,0,0,0,0,0,0,0,0,0,0,0,0,0,0,0,0,0,0,0,0,0
1986,27,10,43,11.944,2,7,1,0,0,0,1,1,25,1016,1016,1016,1016,0,0,0,0,0,1,1,0,0,0,-204.6265629,0,0,0,0,3,1,1,10,10,0,0,0,3,1,1,10,1000,0,0,0,0,0,0,0,0,0,0,0,0,0,0,0,0,0,0,0,0,0,0,0,0,0,0,0,0,0,0,0,0,0,0,0,0,0,0,0,0,0,0,0,0,0,0,0,0,0,0,0
1986,27,10,43,59.944,2,7,1,0,0,0,1,1,25,1016,1016,1016,1016,0,0,0,0,0,1,1,0,0,0,-204.6700521,0,0,0,0,3,1,1,10,10,0,0,0,3,1,1,10,1000,0,0,0,0,0,0,0,0,0,0,0,0,0,0,0,0,0,0,0,0,0,0,0,0,0,0,0,0,0,0,0,0,0,0,0,0,0,0,0,0,0,0,0,0,0,0,0,0,0,0,0
1986,27,10,44,47.944,2,7,1,0,0,0,1,1,25,1016,1016,1016,1016,0,0,0,0,0,1,1,0,0,0,-204.7135411,0,0,0,0,3,1,1,10,10,0,0,0,3,1,1,10,1000,0,0,0,0,0,0,0,0,0,0,0,0,0,0,0,0,0,0,0,0,0,0,0,0,0,0,0,0,0,0,0,0,0,0,0,0,0,0,0,0,0,0,0,0,0,0,0,0,0,0,0
1986,27,10,45,35.944,2,7,1,0,0,0,1,1,25,1016,1016,1016,1016,0,0,0,0,0,1,1,0,0,0,-204.7570302,0,0,0,0,3,1,1,10,10,0,0,0,3,1,1,10,1000,0,0,0,0,0,0,0,0,0,0,0,0,0,0,0,0,0,0,0,0,0,0,0,0,0,0,0,0,0,0,0,0,0,0,0,0,0,0,0,0,0,0,0,0,0,0,0,0,0,0,0
1986,27,10,46,23.944,2,7,1,0,0,0,1,1,25,1016,1016,1016,1016,0,0,0,0,0,1,1,0,0,0,-204.8005191,0,0,0,0,3,1,1,10,10,0,0,0,3,1,1,10,1000,0,0,0,0,0,0,0,0,0,0,0,0,0,0,0,0,0,0,0,0,0,0,0,0,0,0,0,0,0,0,0,0,0,0,0,0,0,0,0,0,0,0,0,0,0,0,0,0,0,0,0
1986,27,10,47,11.944,2,7,1,0,0,0,1,1,25,1016,1016,1016,1016,0,0,0,0,0,1,1,0,0,0,-204.844008,0,0,0,0,3,1,1,10,10,0,0,0,3,1,1,10,1000,0,0,0,0,0,0,0,0,0,0,0,0,0,0,0,0,0,0,0,0,0,0,0,0,0,0,0,0,0,0,0,0,0,0,0,0,0,0,0,0,0,0,0,0,0,0,0,0,0,0,0
1986,27,10,47,59.944,2,7,1,0,0,0,1,1,25,1016,1016,1016,1016,0,0,0,0,0,1,1,0,0,0,-204.8874969,0,0,0,0,3,1,1,10,10,0,0,0,3,1,1,10,1000,0,0,0,0,0,0,0,0,0,0,0,0,0,0,0,0,0,0,0,0,0,0,0,0,0,0,0,0,0,0,0,0,0,0,0,0,0,0,0,0,0,0,0,0,0,0,0,0,0,0,0
1986,27,10,48,47.943,2,7,1,0,0,0,1,1,25,1016,1016,1016,1016,0,0,0,0,0,1,1,0,0,0,-204.9309848,0,0,0,0,3,1,1,10,10,0,0,0,3,1,1,10,1000,0,0,0,0,0,0,0,0,0,0,0,0,0,0,0,0,0,0,0,0,0,0,0,0,0,0,0,0,0,0,0,0,0,0,0,0,0,0,0,0,0,0,0,0,0,0,0,0,0,0,0
1986,27,10,49,35.943,2,7,1,0,0,0,1,1,25,1016,1016,1016,1016,0,0,0,0,0,1,1,0,0,0,-204.9744735,0,0,0,0,3,1,1,10,10,0,0,0,3,1,1,10,1000,0,0,0,0,0,0,0,0,0,0,0,0,0,0,0,0,0,0,0,0,0,0,0,0,0,0,0,0,0,0,0,0,0,0,0,0,0,0,0,0,0,0,0,0,0,0,0,0,0,0,0
1986,27,10,50,23.943,2,7,1,0,0,0,1,1,25,1016,1016,1016,1016,0,0,0,0,0,1,1,0,0,0,-205.0179622,0,0,0,0,3,1,1,10,10,0,0,0,3,1,1,10,1000,0,0,0,0,0,0,0,0,0,0,0,0,0,0,0,0,0,0,0,0,0,0,0,0,0,0,0,0,0,0,0,0,0,0,0,0,0,0,0,0,0,0,0,0,0,0,0,0,0,0,0
1986,27,10,51,11.943,2,7,1,0,0,0,1,1,25,1016,1016,1016,1016,0,0,0,0,0,1,1,0,0,0,-205.0614508,0,0,0,0,3,1,1,10,10,0,0,0,3,1,1,10,1000,0,0,0,0,0,0,0,0,0,0,0,0,0,0,0,0,0,0,0,0,0,0,0,0,0,0,0,0,0,0,0,0,0,0,0,0,0,0,0,0,0,0,0,0,0,0,0,0,0,0,0
1986,27,10,54,23.943,2,7,1,0,0,0,1,1,25,1016,1016,1016,1016,0,0,0,0,0,1,1,0,0,0,-205.2354047,0,0,0,0,3,1,1,10,10,0,0,0,3,1,1,10,1000,0,0,0,0,0,0,0,0,0,0,0,0,0,0,0,0,0,0,0,0,0,0,0,0,0,0,0,0,0,0,0,0,0,0,0,0,0,0,0,0,0,0,0,0,0,0,0,0,0,0,0
1986,27,10,55,11.943,2,7,1,0,0,0,1,1,25,1016,1016,1016,1016,0,0,0,0,0,1,1,0,0,0,-205.278893,0,0,0,0,3,1,1,10,10,0,0,0,3,1,1,10,1000,0,0,0,0,0,0,0,0,0,0,0,0,0,0,0,0,0,0,0,0,0,0,0,0,0,0,0,0,0,0,0,0,0,0,0,0,0,0,0,0,0,0,0,0,0,0,0,0,0,0,0
1986,27,10,55,59.943,2,7,1,0,0,0,1,1,25,1016,1016,1016,1016,0,0,0,0,0,1,1,0,0,0,-205.3223812,0,0,0,0,3,1,1,10,10,0,0,0,3,1,1,10,1000,0,0,0,0,0,0,0,0,0,0,0,0,0,0,0,0,0,0,0,0,0,0,0,0,0,0,0,0,0,0,0,0,0,0,0,0,0,0,0,0,0,0,0,0,0,0,0,0,0,0,0
1986,27,10,56,47.943,2,7,1,0,0,0,1,1,25,1016,1016,1016,1016,0,0,0,0,0,1,1,0,0,0,-205.3658695,0,0,0,0,3,1,1,10,10,0,0,0,3,1,1,10,1000,0,0,0,0,0,0,0,0,0,0,0,0,0,0,0,0,0,0,0,0,0,0,0,0,0,0,0,0,0,0,0,0,0,0,0,0,0,0,0,0,0,0,0,0,0,0,0,0,0,0,0
1986,27,10,57,35.943,2,7,1,0,0,0,1,1,25,1016,1016,1016,1016,0,0,0,0,0,1,1,0,0,0,-205.4093576,0,0,0,0,3,1,1,10,10,0,0,0,3,1,1,10,1000,0,0,0,0,0,0,0,0,0,0,0,0,0,0,0,0,0,0,0,0,0,0,0,0,0,0,0,0,0,0,0,0,0,0,0,0,0,0,0,0,0,0,0,0,0,0,0,0,0,0,0
1986,27,10,58,23.943,2,7,1,0,0,0,1,1,25,1016,1016,1016,1016,0,0,0,0,0,1,1,0,0,0,-205.4528457,0,0,0,0,3,1,1,10,10,0,0,0,3,1,1,10,1000,0,0,0,0,0,0,0,0,0,0,0,0,0,0,0,0,0,0,0,0,0,0,0,0,0,0,0,0,0,0,0,0,0,0,0,0,0,0,0,0,0,0,0,0,0,0,0,0,0,0,0
1986,27,10,59,11.943,2,7,1,0,0,0,1,1,25,1016,1016,1016,1016,0,0,0,0,0,1,1,0,0,0,-205.4963337,0,0,0,0,3,1,1,10,10,0,0,0,3,1,1,10,1000,0,0,0,0,0,0,0,0,0,0,0,0,0,0,0,0,0,0,0,0,0,0,0,0,0,0,0,0,0,0,0,0,0,0,0,0,0,0,0,0,0,0,0,0,0,0,0,0,0,0,0
1986,27,10,59,59.943,2,7,1,0,0,0,1,1,25,1016,1016,1016,1016,0,0,0,0,0,1,1,0,0,0,-205.5398217,0,0,0,0,3,1,1,10,10,0,0,0,3,1,1,10,1000,0,0,0,0,0,0,0,0,0,0,0,0,0,0,0,0,0,0,0,0,0,0,0,0,0,0,0,0,0,0,0,0,0,0,0,0,0,0,0,0,0,0,0,0,0,0,0,0,0,0,0
1986,27,11,0,47.943,2,7,1,0,0,0,1,1,25,1016,1016,1016,1016,0,0,0,0,0,1,1,0,0,0,-205.5833096,0,0,0,0,3,1,1,10,10,0,0,0,3,1,1,10,1000,0,0,0,0,0,0,0,0,0,0,0,0,0,0,0,0,0,0,0,0,0,0,0,0,0,0,0,0,0,0,0,0,0,0,0,0,0,0,0,0,0,0,0,0,0,0,0,0,0,0,0
1986,27,11,1,35.943,2,7,1,0,0,0,1,1,25,1016,1016,1016,1016,0,0,0,0,0,1,1,0,0,0,-205.6267975,0,0,0,0,3,1,1,10,10,0,0,0,3,1,1,10,1000,0,0,0,0,0,0,0,0,0,0,0,0,0,0,0,0,0,0,0,0,0,0,0,0,0,0,0,0,0,0,0,0,0,0,0,0,0,0,0,0,0,0,0,0,0,0,0,0,0,0,0
1986,27,11,2,23.943,2,7,1,0,0,0,1,1,25,1016,1016,1016,1016,0,0,0,0,0,1,1,0,0,0,-205.6702853,0,0,0,0,3,1,1,10,10,0,0,0,3,1,1,10,1000,0,0,0,0,0,0,0,0,0,0,0,0,0,0,0,0,0,0,0,0,0,0,0,0,0,0,0,0,0,0,0,0,0,0,0,0,0,0,0,0,0,0,0,0,0,0,0,0,0,0,0
1986,27,11,3,11.943,2,7,1,0,0,0,1,1,25,1016,1016,1016,1016,0,0,0,0,0,1,1,0,0,0,-205.7137731,0,0,0,0,3,1,1,10,10,0,0,0,3,1,1,10,1000,0,0,0,0,0,0,0,0,0,0,0,0,0,0,0,0,0,0,0,0,0,0,0,0,0,0,0,0,0,0,0,0,0,0,0,0,0,0,0,0,0,0,0,0,0,0,0,0,0,0,0
1986,27,11,6,23.942,2,7,1,0,0,0,1,1,25,1016,1016,1016,1016,0,0,0,0,0,1,1,0,0,0,-205.8877226,0,0,0,0,3,1,1,10,10,0,0,0,3,1,1,10,1000,0,0,0,0,0,0,0,0,0,0,0,0,0,0,0,0,0,0,0,0,0,0,0,0,0,0,0,0,0,0,0,0,0,0,0,0,0,0,0,0,0,0,0,0,0,0,0,0,0,0,0
1986,27,11,7,11.942,2,7,1,0,0,0,1,1,25,1016,1016,1016,1016,0,0,0,0,0,1,1,0,0,0,-205.93121,0,0,0,0,3,1,1,10,10,0,0,0,3,1,1,10,1000,0,0,0,0,0,0,0,0,0,0,0,0,0,0,0,0,0,0,0,0,0,0,0,0,0,0,0,0,0,0,0,0,0,0,0,0,0,0,0,0,0,0,0,0,0,0,0,0,0,0,0
1986,27,11,7,59.942,2,7,1,0,0,0,1,1,25,1016,1016,1016,1016,0,0,0,0,0,1,1,0,0,0,-205.9746974,0,0,0,0,3,1,1,10,10,0,0,0,3,1,1,10,1000,0,0,0,0,0,0,0,0,0,0,0,0,0,0,0,0,0,0,0,0,0,0,0,0,0,0,0,0,0,0,0,0,0,0,0,0,0,0,0,0,0,0,0,0,0,0,0,0,0,0,0
1986,27,11,8,47.942,2,7,1,0,0,0,1,1,25,1016,1016,1016,1016,0,0,0,0,0,1,1,0,0,0,-206.0181848,0,0,0,0,3,1,1,10,10,0,0,0,3,1,1,10,1000,0,0,0,0,0,0,0,0,0,0,0,0,0,0,0,0,0,0,0,0,0,0,0,0,0,0,0,0,0,0,0,0,0,0,0,0,0,0,0,0,0,0,0,0,0,0,0,0,0,0,0
1986,27,11,9,35.942,2,7,1,0,0,0,1,1,25,1016,1016,1016,1016,0,0,0,0,0,1,1,0,0,0,-206.0616721,0,0,0,0,3,1,1,10,10,0,0,0,3,1,1,10,1000,0,0,0,0,0,0,0,0,0,0,0,0,0,0,0,0,0,0,0,0,0,0,0,0,0,0,0,0,0,0,0,0,0,0,0,0,0,0,0,0,0,0,0,0,0,0,0,0,0,0,0
1986,27,11,10,23.942,2,7,1,0,0,0,1,1,25,1016,1016,1016,1016,0,0,0,0,0,1,1,0,0,0,-206.1051593,0,0,0,0,3,1,1,10,10,0,0,0,3,1,1,10,1000,0,0,0,0,0,0,0,0,0,0,0,0,0,0,0,0,0,0,0,0,0,0,0,0,0,0,0,0,0,0,0,0,0,0,0,0,0,0,0,0,0,0,0,0,0,0,0,0,0,0,0
1986,27,11,11,11.942,2,7,1,0,0,0,1,1,25,1016,1016,1016,1016,0,0,0,0,0,1,1,0,0,0,-206.1486465,0,0,0,0,3,1,1,10,10,0,0,0,3,1,1,10,1000,0,0,0,0,0,0,0,0,0,0,0,0,0,0,0,0,0,0,0,0,0,0,0,0,0,0,0,0,0,0,0,0,0,0,0,0,0,0,0,0,0,0,0,0,0,0,0,0,0,0,0
1986,27,11,11,59.942,2,7,1,0,0,0,1,1,25,1016,1016,1016,1016,0,0,0,0,0,1,1,0,0,0,-206.1921336,0,0,0,0,3,1,1,10,10,0,0,0,3,1,1,10,1000,0,0,0,0,0,0,0,0,0,0,0,0,0,0,0,0,0,0,0,0,0,0,0,0,0,0,0,0,0,0,0,0,0,0,0,0,0,0,0,0,0,0,0,0,0,0,0,0,0,0,0
1986,27,11,12,47.942,2,7,1,0,0,0,1,1,25,1016,1016,1016,1016,0,0,0,0,0,1,1,0,0,0,-206.2356206,0,0,0,0,3,1,1,10,10,0,0,0,3,1,1,10,1000,0,0,0,0,0,0,0,0,0,0,0,0,0,0,0,0,0,0,0,0,0,0,0,0,0,0,0,0,0,0,0,0,0,0,0,0,0,0,0,0,0,0,0,0,0,0,0,0,0,0,0
1986,27,11,13,35.942,2,7,1,0,0,0,1,1,25,1016,1016,1016,1016,0,0,0,0,0,1,1,0,0,0,-206.2791077,0,0,0,0,3,1,1,10,10,0,0,0,3,1,1,10,1000,0,0,0,0,0,0,0,0,0,0,0,0,0,0,0,0,0,0,0,0,0,0,0,0,0,0,0,0,0,0,0,0,0,0,0,0,0,0,0,0,0,0,0,0,0,0,0,0,0,0,0
1986,27,11,14,23.942,2,7,1,0,0,0,1,1,25,1016,1016,1016,1016,0,0,0,0,0,1,1,0,0,0,-206.3225946,0,0,0,0,3,1,1,10,10,0,0,0,3,1,1,10,1000,0,0,0,0,0,0,0,0,0,0,0,0,0,0,0,0,0,0,0,0,0,0,0,0,0,0,0,0,0,0,0,0,0,0,0,0,0,0,0,0,0,0,0,0,0,0,0,0,0,0,0
1986,27,11,15,11.942,2,7,1,0,0,0,1,1,25,1016,1016,1016,1016,0,0,0,0,0,1,1,0,0,0,-206.3660815,0,0,0,0,3,1,1,10,10,0,0,0,3,1,1,10,1000,0,0,0,0,0,0,0,0,0,0,0,0,0,0,0,0,0,0,0,0,0,0,0,0,0,0,0,0,0,0,0,0,0,0,0,0,0,0,0,0,0,0,0,0,0,0,0,0,0,0,0
1986,27,11,18,23.942,2,7,1,0,0,0,1,1,25,1016,1016,1016,1016,0,0,0,0,0,1,1,0,0,0,-206.5400285,0,0,0,0,3,1,1,10,10,0,0,0,3,1,1,10,1000,0,0,0,0,0,0,0,0,0,0,0,0,0,0,0,0,0,0,0,0,0,0,0,0,0,0,0,0,0,0,0,0,0,0,0,0,0,0,0,0,0,0,0,0,0,0,0,0,0,0,0
1986,27,11,19,11.941,2,7,1,0,0,0,1,1,25,1016,1016,1016,1016,0,0,0,0,0,1,1,0,0,0,-206.5835142,0,0,0,0,3,1,1,10,10,0,0,0,3,1,1,10,1000,0,0,0,0,0,0,0,0,0,0,0,0,0,0,0,0,0,0,0,0,0,0,0,0,0,0,0,0,0,0,0,0,0,0,0,0,0,0,0,0,0,0,0,0,0,0,0,0,0,0,0
1986,27,11,19,59.941,2,7,1,0,0,0,1,1,25,1016,1016,1016,1016,0,0,0,0,0,1,1,0,0,0,-206.6270007,0,0,0,0,3,1,1,10,10,0,0,0,3,1,1,10,1000,0,0,0,0,0,0,0,0,0,0,0,0,0,0,0,0,0,0,0,0,0,0,0,0,0,0,0,0,0,0,0,0,0,0,0,0,0,0,0,0,0,0,0,0,0,0,0,0,0,0,0
1986,27,11,20,47.941,2,7,1,0,0,0,1,1,25,1016,1016,1016,1016,0,0,0,0,0,1,1,0,0,0,-206.6704872,0,0,0,0,3,1,1,10,10,0,0,0,3,1,1,10,1000,0,0,0,0,0,0,0,0,0,0,0,0,0,0,0,0,0,0,0,0,0,0,0,0,0,0,0,0,0,0,0,0,0,0,0,0,0,0,0,0,0,0,0,0,0,0,0,0,0,0,0
1986,27,11,21,35.941,2,7,1,0,0,0,1,1,25,1016,1016,1016,1016,0,0,0,0,0,1,1,0,0,0,-206.7139736,0,0,0,0,3,1,1,10,10,0,0,0,3,1,1,10,1000,0,0,0,0,0,0,0,0,0,0,0,0,0,0,0,0,0,0,0,0,0,0,0,0,0,0,0,0,0,0,0,0,0,0,0,0,0,0,0,0,0,0,0,0,0,0,0,0,0,0,0
1986,27,11,22,23.941,2,7,1,0,0,0,1,1,25,1016,1016,1016,1016,0,0,0,0,0,1,1,0,0,0,-206.75746,0,0,0,0,3,1,1,10,10,0,0,0,3,1,1,10,1000,0,0,0,0,0,0,0,0,0,0,0,0,0,0,0,0,0,0,0,0,0,0,0,0,0,0,0,0,0,0,0,0,0,0,0,0,0,0,0,0,0,0,0,0,0,0,0,0,0,0,0
1986,27,11,23,11.941,2,7,1,0,0,0,1,1,25,1016,1016,1016,1016,0,0,0,0,0,1,1,0,0,0,-206.8009463,0,0,0,0,3,1,1,10,10,0,0,0,3,1,1,10,1000,0,0,0,0,0,0,0,0,0,0,0,0,0,0,0,0,0,0,0,0,0,0,0,0,0,0,0,0,0,0,0,0,0,0,0,0,0,0,0,0,0,0,0,0,0,0,0,0,0,0,0
1986,27,11,23,59.941,2,7,1,0,0,0,1,1,25,1016,1016,1016,1016,0,0,0,0,0,1,1,0,0,0,-206.8444326,0,0,0,0,3,1,1,10,10,0,0,0,3,1,1,10,1000,0,0,0,0,0,0,0,0,0,0,0,0,0,0,0,0,0,0,0,0,0,0,0,0,0,0,0,0,0,0,0,0,0,0,0,0,0,0,0,0,0,0,0,0,0,0,0,0,0,0,0
1986,27,11,25,35.941,2,7,1,0,0,0,1,1,25,1016,1016,1016,1016,0,0,0,0,0,1,1,0,0,0,-206.9314049,0,0,0,0,3,1,1,10,10,0,0,0,3,1,1,10,1000,0,0,0,0,0,0,0,0,0,0,0,0,0,0,0,0,0,0,0,0,0,0,0,0,0,0,0,0,0,0,0,0,0,0,0,0,0,0,0,0,0,0,0,0,0,0,0,0,0,0,0
1986,27,11,27,11.941,2,7,1,0,0,0,1,1,25,1016,1016,1016,1016,0,0,0,0,0,1,1,0,0,0,-207.018377,0,0,0,0,3,1,1,10,10,0,0,0,3,1,1,10,1000,0,0,0,0,0,0,0,0,0,0,0,0,0,0,0,0,0,0,0,0,0,0,0,0,0,0,0,0,0,0,0,0,0,0,0,0,0,0,0,0,0,0,0,0,0,0,0,0,0,0,0
1986,27,11,30,23.941,2,7,1,0,0,0,1,1,25,1016,1016,1016,1016,0,0,0,0,0,1,1,0,0,0,-207.1923206,0,0,0,0,3,1,1,10,10,0,0,0,3,1,1,10,1000,0,0,0,0,0,0,0,0,0,0,0,0,0,0,0,0,0,0,0,0,0,0,0,0,0,0,0,0,0,0,0,0,0,0,0,0,0,0,0,0,0,0,0,0,0,0,0,0,0,0,0
1986,27,11,31,11.941,2,7,1,0,0,0,1,1,25,1016,1016,1016,1016,0,0,0,0,0,1,1,0,0,0,-207.2358063,0,0,0,0,3,1,1,10,10,0,0,0,3,1,1,10,1000,0,0,0,0,0,0,0,0,0,0,0,0,0,0,0,0,0,0,0,0,0,0,0,0,0,0,0,0,0,0,0,0,0,0,0,0,0,0,0,0,0,0,0,0,0,0,0,0,0,0,0
1986,27,11,31,59.941,2,7,1,0,0,0,1,1,25,1016,1016,1016,1016,0,0,0,0,0,1,1,0,0,0,-207.279292,0,0,0,0,3,1,1,10,10,0,0,0,3,1,1,10,1000,0,0,0,0,0,0,0,0,0,0,0,0,0,0,0,0,0,0,0,0,0,0,0,0,0,0,0,0,0,0,0,0,0,0,0,0,0,0,0,0,0,0,0,0,0,0,0,0,0,0,0
1986,27,11,32,47.941,2,7,1,0,0,0,1,1,25,1016,1016,1016,1016,0,0,0,0,0,1,1,0,0,0,-207.3227776,0,0,0,0,3,1,1,10,10,0,0,0,3,1,1,10,1000,0,0,0,0,0,0,0,0,0,0,0,0,0,0,0,0,0,0,0,0,0,0,0,0,0,0,0,0,0,0,0,0,0,0,0,0,0,0,0,0,0,0,0,0,0,0,0,0,0,0,0
1986,27,11,33,35.941,2,7,1,0,0,0,1,1,25,1016,1016,1016,1016,0,0,0,0,0,1,1,0,0,0,-207.3662632,0,0,0,0,3,1,1,10,10,0,0,0,3,1,1,10,1000,0,0,0,0,0,0,0,0,0,0,0,0,0,0,0,0,0,0,0,0,0,0,0,0,0,0,0,0,0,0,0,0,0,0,0,0,0,0,0,0,0,0,0,0,0,0,0,0,0,0,0
1986,27,11,34,23.94,2,7,1,0,0,0,1,1,25,1016,1016,1016,1016,0,0,0,0,0,1,1,0,0,0,-207.4097478,0,0,0,0,3,1,1,10,10,0,0,0,3,1,1,10,1000,0,0,0,0,0,0,0,0,0,0,0,0,0,0,0,0,0,0,0,0,0,0,0,0,0,0,0,0,0,0,0,0,0,0,0,0,0,0,0,0,0,0,0,0,0,0,0,0,0,0,0
1986,27,11,35,11.94,2,7,1,0,0,0,1,1,25,1016,1016,1016,1016,0,0,0,0,0,1,1,0,0,0,-207.4532333,0,0,0,0,3,1,1,10,10,0,0,0,3,1,1,10,1000,0,0,0,0,0,0,0,0,0,0,0,0,0,0,0,0,0,0,0,0,0,0,0,0,0,0,0,0,0,0,0,0,0,0,0,0,0,0,0,0,0,0,0,0,0,0,0,0,0,0,0
1986,27,11,35,59.94,2,7,1,0,0,0,1,1,25,1016,1016,1016,1016,0,0,0,0,0,1,1,0,0,0,-207.4967187,0,0,0,0,3,1,1,10,10,0,0,0,3,1,1,10,1000,0,0,0,0,0,0,0,0,0,0,0,0,0,0,0,0,0,0,0,0,0,0,0,0,0,0,0,0,0,0,0,0,0,0,0,0,0,0,0,0,0,0,0,0,0,0,0,0,0,0,0
1986,27,11,36,47.94,2,7,1,0,0,0,1,1,25,1016,1016,1016,1016,0,0,0,0,0,1,1,0,0,0,-207.540204,0,0,0,0,3,1,1,10,10,0,0,0,3,1,1,10,1000,0,0,0,0,0,0,0,0,0,0,0,0,0,0,0,0,0,0,0,0,0,0,0,0,0,0,0,0,0,0,0,0,0,0,0,0,0,0,0,0,0,0,0,0,0,0,0,0,0,0,0
1986,27,11,37,35.94,2,7,1,0,0,0,1,1,25,1016,1016,1016,1016,0,0,0,0,0,1,1,0,0,0,-207.5836893,0,0,0,0,3,1,1,10,10,0,0,0,3,1,1,10,1000,0,0,0,0,0,0,0,0,0,0,0,0,0,0,0,0,0,0,0,0,0,0,0,0,0,0,0,0,0,0,0,0,0,0,0,0,0,0,0,0,0,0,0,0,0,0,0,0,0,0,0
1986,27,11,38,23.94,2,7,1,0,0,0,1,1,25,1016,1016,1016,1016,0,0,0,0,0,1,1,0,0,0,-207.6271746,0,0,0,0,3,1,1,10,10,0,0,0,3,1,1,10,1000,0,0,0,0,0,0,0,0,0,0,0,0,0,0,0,0,0,0,0,0,0,0,0,0,0,0,0,0,0,0,0,0,0,0,0,0,0,0,0,0,0,0,0,0,0,0,0,0,0,0,0
1986,27,11,39,11.94,2,7,1,0,0,0,1,1,25,1016,1016,1016,1016,0,0,0,0,0,1,1,0,0,0,-207.6706597,0,0,0,0,3,1,1,10,10,0,0,0,3,1,1,10,1000,0,0,0,0,0,0,0,0,0,0,0,0,0,0,0,0,0,0,0,0,0,0,0,0,0,0,0,0,0,0,0,0,0,0,0,0,0,0,0,0,0,0,0,0,0,0,0,0,0,0,0
1986,27,11,42,23.94,2,7,1,0,0,0,1,1,25,1016,1016,1016,1016,0,0,0,0,0,1,1,0,0,0,-207.8445999,0,0,0,0,3,1,1,10,10,0,0,0,3,1,1,10,1000,0,0,0,0,0,0,0,0,0,0,0,0,0,0,0,0,0,0,0,0,0,0,0,0,0,0,0,0,0,0,0,0,0,0,0,0,0,0,0,0,0,0,0,0,0,0,0,0,0,0,0
1986,27,11,43,11.94,2,7,1,0,0,0,1,1,25,1016,1016,1016,1016,0,0,0,0,0,1,1,0,0,0,-207.8880848,0,0,0,0,3,1,1,10,10,0,0,0,3,1,1,10,1000,0,0,0,0,0,0,0,0,0,0,0,0,0,0,0,0,0,0,0,0,0,0,0,0,0,0,0,0,0,0,0,0,0,0,0,0,0,0,0,0,0,0,0,0,0,0,0,0,0,0,0
1986,27,11,43,59.94,2,7,1,0,0,0,1,1,25,1016,1016,1016,1016,0,0,0,0,0,1,1,0,0,0,-207.9315696,0,0,0,0,3,1,1,10,10,0,0,0,3,1,1,10,1000,0,0,0,0,0,0,0,0,0,0,0,0,0,0,0,0,0,0,0,0,0,0,0,0,0,0,0,0,0,0,0,0,0,0,0,0,0,0,0,0,0,0,0,0,0,0,0,0,0,0,0
1986,27,11,44,47.94,2,7,1,0,0,0,1,1,25,1016,1016,1016,1016,0,0,0,0,0,1,1,0,0,0,-207.9750544,0,0,0,0,3,1,1,10,10,0,0,0,3,1,1,10,1000,0,0,0,0,0,0,0,0,0,0,0,0,0,0,0,0,0,0,0,0,0,0,0,0,0,0,0,0,0,0,0,0,0,0,0,0,0,0,0,0,0,0,0,0,0,0,0,0,0,0,0
1986,27,11,45,35.94,2,7,1,0,0,0,1,1,25,1016,1016,1016,1016,0,0,0,0,0,1,1,0,0,0,-208.0185391,0,0,0,0,3,1,1,10,10,0,0,0,3,1,1,10,1000,0,0,0,0,0,0,0,0,0,0,0,0,0,0,0,0,0,0,0,0,0,0,0,0,0,0,0,0,0,0,0,0,0,0,0,0,0,0,0,0,0,0,0,0,0,0,0,0,0,0,0
1986,27,11,46,23.94,2,7,1,0,0,0,1,1,25,1016,1016,1016,1016,0,0,0,0,0,1,1,0,0,0,-208.0620238,0,0,0,0,3,1,1,10,10,0,0,0,3,1,1,10,1000,0,0,0,0,0,0,0,0,0,0,0,0,0,0,0,0,0,0,0,0,0,0,0,0,0,0,0,0,0,0,0,0,0,0,0,0,0,0,0,0,0,0,0,0,0,0,0,0,0,0,0
1986,27,11,47,11.94,2,7,1,0,0,0,1,1,25,1016,1016,1016,1016,0,0,0,0,0,1,1,0,0,0,-208.1055084,0,0,0,0,3,1,1,10,10,0,0,0,3,1,1,10,1000,0,0,0,0,0,0,0,0,0,0,0,0,0,0,0,0,0,0,0,0,0,0,0,0,0,0,0,0,0,0,0,0,0,0,0,0,0,0,0,0,0,0,0,0,0,0,0,0,0,0,0
1986,27,11,47,59.94,2,7,1,0,0,0,1,1,25,1016,1016,1016,1016,0,0,0,0,0,1,1,0,0,0,-208.148993,0,0,0,0,3,1,1,10,10,0,0,0,3,1,1,10,1000,0,0,0,0,0,0,0,0,0,0,0,0,0,0,0,0,0,0,0,0,0,0,0,0,0,0,0,0,0,0,0,0,0,0,0,0,0,0,0,0,0,0,0,0,0,0,0,0,0,0,0
1986,27,11,48,47.939,2,7,1,0,0,0,1,1,25,1016,1016,1016,1016,0,0,0,0,0,1,1,0,0,0,-208.1924766,0,0,0,0,3,1,1,10,10,0,0,0,3,1,1,10,1000,0,0,0,0,0,0,0,0,0,0,0,0,0,0,0,0,0,0,0,0,0,0,0,0,0,0,0,0,0,0,0,0,0,0,0,0,0,0,0,0,0,0,0,0,0,0,0,0,0,0,0
1986,27,11,49,35.939,2,7,1,0,0,0,1,1,25,1016,1016,1016,1016,0,0,0,0,0,1,1,0,0,0,-208.235961,0,0,0,0,3,1,1,10,10,0,0,0,3,1,1,10,1000,0,0,0,0,0,0,0,0,0,0,0,0,0,0,0,0,0,0,0,0,0,0,0,0,0,0,0,0,0,0,0,0,0,0,0,0,0,0,0,0,0,0,0,0,0,0,0,0,0,0,0
1986,27,11,50,23.939,2,7,1,0,0,0,1,1,25,1016,1016,1016,1016,0,0,0,0,0,1,1,0,0,0,-208.2794454,0,0,0,0,3,1,1,10,10,0,0,0,3,1,1,10,1000,0,0,0,0,0,0,0,0,0,0,0,0,0,0,0,0,0,0,0,0,0,0,0,0,0,0,0,0,0,0,0,0,0,0,0,0,0,0,0,0,0,0,0,0,0,0,0,0,0,0,0
1986,27,11,51,11.939,2,7,1,0,0,0,1,1,25,1016,1016,1016,1016,0,0,0,0,0,1,1,0,0,0,-208.3229297,0,0,0,0,3,1,1,10,10,0,0,0,3,1,1,10,1000,0,0,0,0,0,0,0,0,0,0,0,0,0,0,0,0,0,0,0,0,0,0,0,0,0,0,0,0,0,0,0,0,0,0,0,0,0,0,0,0,0,0,0,0,0,0,0,0,0,0,0
1986,27,11,54,23.939,2,7,1,0,0,0,1,1,25,1016,1016,1016,1016,0,0,0,0,0,1,1,0,0,0,-208.4968665,0,0,0,0,3,1,1,10,10,0,0,0,3,1,1,10,1000,0,0,0,0,0,0,0,0,0,0,0,0,0,0,0,0,0,0,0,0,0,0,0,0,0,0,0,0,0,0,0,0,0,0,0,0,0,0,0,0,0,0,0,0,0,0,0,0,0,0,0
1986,27,11,55,11.939,2,7,1,0,0,0,1,1,25,1016,1016,1016,1016,0,0,0,0,0,1,1,0,0,0,-208.5403505,0,0,0,0,3,1,1,10,10,0,0,0,3,1,1,10,1000,0,0,0,0,0,0,0,0,0,0,0,0,0,0,0,0,0,0,0,0,0,0,0,0,0,0,0,0,0,0,0,0,0,0,0,0,0,0,0,0,0,0,0,0,0,0,0,0,0,0,0
1986,27,11,55,59.939,2,7,1,0,0,0,1,1,25,1016,1016,1016,1016,0,0,0,0,0,1,1,0,0,0,-208.5838345,0,0,0,0,3,1,1,10,10,0,0,0,3,1,1,10,1000,0,0,0,0,0,0,0,0,0,0,0,0,0,0,0,0,0,0,0,0,0,0,0,0,0,0,0,0,0,0,0,0,0,0,0,0,0,0,0,0,0,0,0,0,0,0,0,0,0,0,0
1986,27,11,56,47.939,2,7,1,0,0,0,1,1,25,1016,1016,1016,1016,0,0,0,0,0,1,1,0,0,0,-208.6273184,0,0,0,0,3,1,1,10,10,0,0,0,3,1,1,10,1000,0,0,0,0,0,0,0,0,0,0,0,0,0,0,0,0,0,0,0,0,0,0,0,0,0,0,0,0,0,0,0,0,0,0,0,0,0,0,0,0,0,0,0,0,0,0,0,0,0,0,0
1986,27,11,57,35.939,2,7,1,0,0,0,1,1,25,1016,1016,1016,1016,0,0,0,0,0,1,1,0,0,0,-208.6708023,0,0,0,0,3,1,1,10,10,0,0,0,3,1,1,10,1000,0,0,0,0,0,0,0,0,0,0,0,0,0,0,0,0,0,0,0,0,0,0,0,0,0,0,0,0,0,0,0,0,0,0,0,0,0,0,0,0,0,0,0,0,0,0,0,0,0,0,0
1986,27,11,58,23.939,2,7,1,0,0,0,1,1,25,1016,1016,1016,1016,0,0,0,0,0,1,1,0,0,0,-208.7142861,0,0,0,0,3,1,1,10,10,0,0,0,3,1,1,10,1000,0,0,0,0,0,0,0,0,0,0,0,0,0,0,0,0,0,0,0,0,0,0,0,0,0,0,0,0,0,0,0,0,0,0,0,0,0,0,0,0,0,0,0,0,0,0,0,0,0,0,0
1986,27,11,59,11.939,2,7,1,0,0,0,1,1,25,1016,1016,1016,1016,0,0,0,0,0,1,1,0,0,0,-208.7577699,0,0,0,0,3,1,1,10,10,0,0,0,3,1,1,10,1000,0,0,0,0,0,0,0,0,0,0,0,0,0,0,0,0,0,0,0,0,0,0,0,0,0,0,0,0,0,0,0,0,0,0,0,0,0,0,0,0,0,0,0,0,0,0,0,0,0,0,0
1986,27,11,59,59.939,2,7,1,0,0,0,1,1,25,1016,1016,1016,1016,0,0,0,0,0,1,1,0,0,0,-208.8012536,0,0,0,0,3,1,1,10,10,0,0,0,3,1,1,10,1000,0,0,0,0,0,0,0,0,0,0,0,0,0,0,0,0,0,0,0,0,0,0,0,0,0,0,0,0,0,0,0,0,0,0,0,0,0,0,0,0,0,0,0,0,0,0,0,0,0,0,0
1986,27,12,0,47.939,2,7,1,0,0,0,1,1,25,1016,1016,1016,1016,0,0,0,0,0,1,1,0,0,0,-208.8447373,0,0,0,0,3,1,1,10,10,0,0,0,3,1,1,10,1000,0,0,0,0,0,0,0,0,0,0,0,0,0,0,0,0,0,0,0,0,0,0,0,0,0,0,0,0,0,0,0,0,0,0,0,0,0,0,0,0,0,0,0,0,0,0,0,0,0,0,0
1986,27,12,1,35.939,2,7,1,0,0,0,1,1,25,1016,1016,1016,1016,0,0,0,0,0,1,1,0,0,0,-208.8882209,0,0,0,0,3,1,1,10,10,0,0,0,3,1,1,10,1000,0,0,0,0,0,0,0,0,0,0,0,0,0,0,0,0,0,0,0,0,0,0,0,0,0,0,0,0,0,0,0,0,0,0,0,0,0,0,0,0,0,0,0,0,0,0,0,0,0,0,0
1986,27,12,2,23.939,2,7,1,0,0,0,1,1,25,1016,1016,1016,1016,0,0,0,0,0,1,1,0,0,0,-208.9317044,0,0,0,0,3,1,1,10,10,0,0,0,3,1,1,10,1000,0,0,0,0,0,0,0,0,0,0,0,0,0,0,0,0,0,0,0,0,0,0,0,0,0,0,0,0,0,0,0,0,0,0,0,0,0,0,0,0,0,0,0,0,0,0,0,0,0,0,0
1986,27,12,3,11.939,2,7,1,0,0,0,1,1,25,1016,1016,1016,1016,0,0,0,0,0,1,1,0,0,0,-208.9751879,0,0,0,0,3,1,1,10,10,0,0,0,3,1,1,10,1000,0,0,0,0,0,0,0,0,0,0,0,0,0,0,0,0,0,0,0,0,0,0,0,0,0,0,0,0,0,0,0,0,0,0,0,0,0,0,0,0,0,0,0,0,0,0,0,0,0,0,0
1986,27,12,6,23.938,2,7,1,0,0,0,1,1,25,1016,1016,1016,1016,0,0,0,0,0,1,1,0,0,0,-209.1491204,0,0,0,0,3,1,1,10,10,0,0,0,3,1,1,10,1000,0,0,0,0,0,0,0,0,0,0,0,0,0,0,0,0,0,0,0,0,0,0,0,0,0,0,0,0,0,0,0,0,0,0,0,0,0,0,0,0,0,0,0,0,0,0,0,0,0,0,0
1986,27,12,7,11.938,2,7,1,0,0,0,1,1,25,1016,1016,1016,1016,0,0,0,0,0,1,1,0,0,0,-209.1926036,0,0,0,0,3,1,1,10,10,0,0,0,3,1,1,10,1000,0,0,0,0,0,0,0,0,0,0,0,0,0,0,0,0,0,0,0,0,0,0,0,0,0,0,0,0,0,0,0,0,0,0,0,0,0,0,0,0,0,0,0,0,0,0,0,0,0,0,0
1986,27,12,7,59.938,2,7,1,0,0,0,1,1,25,1016,1016,1016,1016,0,0,0,0,0,1,1,0,0,0,-209.2360867,0,0,0,0,3,1,1,10,10,0,0,0,3,1,1,10,1000,0,0,0,0,0,0,0,0,0,0,0,0,0,0,0,0,0,0,0,0,0,0,0,0,0,0,0,0,0,0,0,0,0,0,0,0,0,0,0,0,0,0,0,0,0,0,0,0,0,0,0
1986,27,12,8,47.938,2,7,1,0,0,0,1,1,25,1016,1016,1016,1016,0,0,0,0,0,1,1,0,0,0,-209.2795698,0,0,0,0,3,1,1,10,10,0,0,0,3,1,1,10,1000,0,0,0,0,0,0,0,0,0,0,0,0,0,0,0,0,0,0,0,0,0,0,0,0,0,0,0,0,0,0,0,0,0,0,0,0,0,0,0,0,0,0,0,0,0,0,0,0,0,0,0
1986,27,12,9,35.938,2,7,1,0,0,0,1,1,25,1016,1016,1016,1016,0,0,0,0,0,1,1,0,0,0,-209.3230529,0,0,0,0,3,1,1,10,10,0,0,0,3,1,1,10,1000,0,0,0,0,0,0,0,0,0,0,0,0,0,0,0,0,0,0,0,0,0,0,0,0,0,0,0,0,0,0,0,0,0,0,0,0,0,0,0,0,0,0,0,0,0,0,0,0,0,0,0
1986,27,12,10,23.938,2,7,1,0,0,0,1,1,25,1016,1016,1016,1016,0,0,0,0,0,1,1,0,0,0,-209.3665359,0,0,0,0,3,1,1,10,10,0,0,0,3,1,1,10,1000,0,0,0,0,0,0,0,0,0,0,0,0,0,0,0,0,0,0,0,0,0,0,0,0,0,0,0,0,0,0,0,0,0,0,0,0,0,0,0,0,0,0,0,0,0,0,0,0,0,0,0
1986,27,12,11,11.938,2,7,1,0,0,0,1,1,25,1016,1016,1016,1016,0,0,0,0,0,1,1,0,0,0,-209.4100188,0,0,0,0,3,1,1,10,10,0,0,0,3,1,1,10,1000,0,0,0,0,0,0,0,0,0,0,0,0,0,0,0,0,0,0,0,0,0,0,0,0,0,0,0,0,0,0,0,0,0,0,0,0,0,0,0,0,0,0,0,0,0,0,0,0,0,0,0
1986,27,12,11,59.938,2,7,1,0,0,0,1,1,25,1016,1016,1016,1016,0,0,0,0,0,1,1,0,0,0,-209.4535017,0,0,0,0,3,1,1,10,10,0,0,0,3,1,1,10,1000,0,0,0,0,0,0,0,0,0,0,0,0,0,0,0,0,0,0,0,0,0,0,0,0,0,0,0,0,0,0,0,0,0,0,0,0,0,0,0,0,0,0,0,0,0,0,0,0,0,0,0
1986,27,12,12,47.938,2,7,1,0,0,0,1,1,25,1016,1016,1016,1016,0,0,0,0,0,1,1,0,0,0,-209.4969845,0,0,0,0,3,1,1,10,10,0,0,0,3,1,1,10,1000,0,0,0,0,0,0,0,0,0,0,0,0,0,0,0,0,0,0,0,0,0,0,0,0,0,0,0,0,0,0,0,0,0,0,0,0,0,0,0,0,0,0,0,0,0,0,0,0,0,0,0
1986,27,12,13,35.938,2,7,1,0,0,0,1,1,25,1016,1016,1016,1016,0,0,0,0,0,1,1,0,0,0,-209.5404672,0,0,0,0,3,1,1,10,10,0,0,0,3,1,1,10,1000,0,0,0,0,0,0,0,0,0,0,0,0,0,0,0,0,0,0,0,0,0,0,0,0,0,0,0,0,0,0,0,0,0,0,0,0,0,0,0,0,0,0,0,0,0,0,0,0,0,0,0
1986,27,12,14,23.938,2,7,1,0,0,0,1,1,25,1016,1016,1016,1016,0,0,0,0,0,1,1,0,0,0,-209.5839499,0,0,0,0,3,1,1,10,10,0,0,0,3,1,1,10,1000,0,0,0,0,0,0,0,0,0,0,0,0,0,0,0,0,0,0,0,0,0,0,0,0,0,0,0,0,0,0,0,0,0,0,0,0,0,0,0,0,0,0,0,0,0,0,0,0,0,0,0
1986,27,12,15,11.938,2,7,1,0,0,0,1,1,25,1016,1016,1016,1016,0,0,0,0,0,1,1,0,0,0,-209.6274326,0,0,0,0,3,1,1,10,10,0,0,0,3,1,1,10,1000,0,0,0,0,0,0,0,0,0,0,0,0,0,0,0,0,0,0,0,0,0,0,0,0,0,0,0,0,0,0,0,0,0,0,0,0,0,0,0,0,0,0,0,0,0,0,0,0,0,0,0
1986,27,12,18,23.938,2,7,1,0,0,0,1,1,25,1016,1016,1016,1016,0,0,0,0,0,1,1,0,0,0,-209.8013626,0,0,0,0,3,1,1,10,10,0,0,0,3,1,1,10,1000,0,0,0,0,0,0,0,0,0,0,0,0,0,0,0,0,0,0,0,0,0,0,0,0,0,0,0,0,0,0,0,0,0,0,0,0,0,0,0,0,0,0,0,0,0,0,0,0,0,0,0
1986,27,12,19,11.937,2,7,1,0,0,0,1,1,25,1016,1016,1016,1016,0,0,0,0,0,1,1,0,0,0,-209.8448441,0,0,0,0,3,1,1,10,10,0,0,0,3,1,1,10,1000,0,0,0,0,0,0,0,0,0,0,0,0,0,0,0,0,0,0,0,0,0,0,0,0,0,0,0,0,0,0,0,0,0,0,0,0,0,0,0,0,0,0,0,0,0,0,0,0,0,0,0
1986,27,12,19,59.937,2,7,1,0,0,0,1,1,25,1016,1016,1016,1016,0,0,0,0,0,1,1,0,0,0,-209.8883264,0,0,0,0,3,1,1,10,10,0,0,0,3,1,1,10,1000,0,0,0,0,0,0,0,0,0,0,0,0,0,0,0,0,0,0,0,0,0,0,0,0,0,0,0,0,0,0,0,0,0,0,0,0,0,0,0,0,0,0,0,0,0,0,0,0,0,0,0
1986,27,12,20,47.937,2,7,1,0,0,0,1,1,25,1016,1016,1016,1016,0,0,0,0,0,1,1,0,0,0,-209.9318087,0,0,0,0,3,1,1,10,10,0,0,0,3,1,1,10,1000,0,0,0,0,0,0,0,0,0,0,0,0,0,0,0,0,0,0,0,0,0,0,0,0,0,0,0,0,0,0,0,0,0,0,0,0,0,0,0,0,0,0,0,0,0,0,0,0,0,0,0
1986,27,12,21,35.937,2,7,1,0,0,0,1,1,25,1016,1016,1016,1016,0,0,0,0,0,1,1,0,0,0,-209.9752909,0,0,0,0,3,1,1,10,10,0,0,0,3,1,1,10,1000,0,0,0,0,0,0,0,0,0,0,0,0,0,0,0,0,0,0,0,0,0,0,0,0,0,0,0,0,0,0,0,0,0,0,0,0,0,0,0,0,0,0,0,0,0,0,0,0,0,0,0
1986,27,12,22,23.937,2,7,1,0,0,0,1,1,25,1016,1016,1016,1016,0,0,0,0,0,1,1,0,0,0,-210.018773,0,0,0,0,3,1,1,10,10,0,0,0,3,1,1,10,1000,0,0,0,0,0,0,0,0,0,0,0,0,0,0,0,0,0,0,0,0,0,0,0,0,0,0,0,0,0,0,0,0,0,0,0,0,0,0,0,0,0,0,0,0,0,0,0,0,0,0,0
1986,27,12,23,11.937,2,7,1,0,0,0,1,1,25,1016,1016,1016,1016,0,0,0,0,0,1,1,0,0,0,-210.0622551,0,0,0,0,3,1,1,10,10,0,0,0,3,1,1,10,1000,0,0,0,0,0,0,0,0,0,0,0,0,0,0,0,0,0,0,0,0,0,0,0,0,0,0,0,0,0,0,0,0,0,0,0,0,0,0,0,0,0,0,0,0,0,0,0,0,0,0,0
1986,27,12,23,59.937,2,7,1,0,0,0,1,1,25,1016,1016,1016,1016,0,0,0,0,0,1,1,0,0,0,-210.1057371,0,0,0,0,3,1,1,10,10,0,0,0,3,1,1,10,1000,0,0,0,0,0,0,0,0,0,0,0,0,0,0,0,0,0,0,0,0,0,0,0,0,0,0,0,0,0,0,0,0,0,0,0,0,0,0,0,0,0,0,0,0,0,0,0,0,0,0,0
1986,27,12,24,47.937,2,7,1,0,0,0,1,1,25,1016,1016,1016,1016,0,0,0,0,0,1,1,0,0,0,-210.1492191,0,0,0,0,3,1,1,10,10,0,0,0,3,1,1,10,1000,0,0,0,0,0,0,0,0,0,0,0,0,0,0,0,0,0,0,0,0,0,0,0,0,0,0,0,0,0,0,0,0,0,0,0,0,0,0,0,0,0,0,0,0,0,0,0,0,0,0,0
1986,27,12,25,35.937,2,7,1,0,0,0,1,1,25,1016,1016,1016,1016,0,0,0,0,0,1,1,0,0,0,-210.192701,0,0,0,0,3,1,1,10,10,0,0,0,3,1,1,10,1000,0,0,0,0,0,0,0,0,0,0,0,0,0,0,0,0,0,0,0,0,0,0,0,0,0,0,0,0,0,0,0,0,0,0,0,0,0,0,0,0,0,0,0,0,0,0,0,0,0,0,0
1986,27,12,26,23.937,2,7,1,0,0,0,1,1,25,1016,1016,1016,1016,0,0,0,0,0,1,1,0,0,0,-210.2361829,0,0,0,0,3,1,1,10,10,0,0,0,3,1,1,10,1000,0,0,0,0,0,0,0,0,0,0,0,0,0,0,0,0,0,0,0,0,0,0,0,0,0,0,0,0,0,0,0,0,0,0,0,0,0,0,0,0,0,0,0,0,0,0,0,0,0,0,0
1986,27,12,27,11.937,2,7,1,0,0,0,1,1,25,1016,1016,1016,1016,0,0,0,0,0,1,1,0,0,0,-210.2796647,0,0,0,0,3,1,1,10,10,0,0,0,3,1,1,10,1000,0,0,0,0,0,0,0,0,0,0,0,0,0,0,0,0,0,0,0,0,0,0,0,0,0,0,0,0,0,0,0,0,0,0,0,0,0,0,0,0,0,0,0,0,0,0,0,0,0,0,0
1986,27,12,34,23.936,2,7,1,0,0,0,1,1,25,1016,1016,1016,1016,0,0,0,0,0,1,1,0,0,0,-210.6709976,0,0,0,0,3,1,1,10,10,0,0,0,3,1,1,10,1000,0,0,0,0,0,0,0,0,0,0,0,0,0,0,0,0,0,0,0,0,0,0,0,0,0,0,0,0,0,0,0,0,0,0,0,0,0,0,0,0,0,0,0,0,0,0,0,0,0,0,0
1986,27,12,35,11.936,2,7,1,0,0,0,1,1,25,1016,1016,1016,1016,0,0,0,0,0,1,1,0,0,0,-210.7144789,0,0,0,0,3,1,1,10,10,0,0,0,3,1,1,10,1000,0,0,0,0,0,0,0,0,0,0,0,0,0,0,0,0,0,0,0,0,0,0,0,0,0,0,0,0,0,0,0,0,0,0,0,0,0,0,0,0,0,0,0,0,0,0,0,0,0,0,0
1986,27,12,35,59.936,2,7,1,0,0,0,1,1,25,1016,1016,1016,1016,0,0,0,0,0,1,1,0,0,0,-210.7579601,0,0,0,0,3,1,1,10,10,0,0,0,3,1,1,10,1000,0,0,0,0,0,0,0,0,0,0,0,0,0,0,0,0,0,0,0,0,0,0,0,0,0,0,0,0,0,0,0,0,0,0,0,0,0,0,0,0,0,0,0,0,0,0,0,0,0,0,0
1986,27,12,36,47.936,2,7,1,0,0,0,1,1,25,1016,1016,1016,1016,0,0,0,0,0,1,1,0,0,0,-210.8014413,0,0,0,0,3,1,1,10,10,0,0,0,3,1,1,10,1000,0,0,0,0,0,0,0,0,0,0,0,0,0,0,0,0,0,0,0,0,0,0,0,0,0,0,0,0,0,0,0,0,0,0,0,0,0,0,0,0,0,0,0,0,0,0,0,0,0,0,0
1986,27,12,38,23.936,2,7,1,0,0,0,1,1,25,1016,1016,1016,1016,0,0,0,0,0,1,1,0,0,0,-210.8884034,0,0,0,0,3,1,1,10,10,0,0,0,3,1,1,10,1000,0,0,0,0,0,0,0,0,0,0,0,0,0,0,0,0,0,0,0,0,0,0,0,0,0,0,0,0,0,0,0,0,0,0,0,0,0,0,0,0,0,0,0,0,0,0,0,0,0,0,0
1986,27,12,39,11.936,2,7,1,0,0,0,1,1,25,1016,1016,1016,1016,0,0,0,0,0,1,1,0,0,0,-210.9318844,0,0,0,0,3,1,1,10,10,0,0,0,3,1,1,10,1000,0,0,0,0,0,0,0,0,0,0,0,0,0,0,0,0,0,0,0,0,0,0,0,0,0,0,0,0,0,0,0,0,0,0,0,0,0,0,0,0,0,0,0,0,0,0,0,0,0,0,0
1986,27,12,44,47.936,2,7,1,0,0,0,1,1,25,1016,1016,1016,1016,0,0,0,0,0,1,1,0,0,0,-211.2362497,0,0,0,0,3,1,1,10,10,0,0,0,3,1,1,10,1000,0,0,0,0,0,0,0,0,0,0,0,0,0,0,0,0,0,0,0,0,0,0,0,0,0,0,0,0,0,0,0,0,0,0,0,0,0,0,0,0,0,0,0,0,0,0,0,0,0,0,0
1986,27,12,45,35.936,2,7,1,0,0,0,1,1,25,1016,1016,1016,1016,0,0,0,0,0,1,1,0,0,0,-211.2797303,0,0,0,0,3,1,1,10,10,0,0,0,3,1,1,10,1000,0,0,0,0,0,0,0,0,0,0,0,0,0,0,0,0,0,0,0,0,0,0,0,0,0,0,0,0,0,0,0,0,0,0,0,0,0,0,0,0,0,0,0,0,0,0,0,0,0,0,0
1986,27,12,46,23.936,2,7,1,0,0,0,1,1,25,1016,1016,1016,1016,0,0,0,0,0,1,1,0,0,0,-211.3232107,0,0,0,0,3,1,1,10,10,0,0,0,3,1,1,10,1000,0,0,0,0,0,0,0,0,0,0,0,0,0,0,0,0,0,0,0,0,0,0,0,0,0,0,0,0,0,0,0,0,0,0,0,0,0,0,0,0,0,0,0,0,0,0,0,0,0,0,0
1986,27,12,47,11.936,2,7,1,0,0,0,1,1,25,1016,1016,1016,1016,0,0,0,0,0,1,1,0,0,0,-211.3666912,0,0,0,0,3,1,1,10,10,0,0,0,3,1,1,10,1000,0,0,0,0,0,0,0,0,0,0,0,0,0,0,0,0,0,0,0,0,0,0,0,0,0,0,0,0,0,0,0,0,0,0,0,0,0,0,0,0,0,0,0,0,0,0,0,0,0,0,0
1986,27,12,47,59.936,2,7,1,0,0,0,1,1,25,1016,1016,1016,1016,0,0,0,0,0,1,1,0,0,0,-211.4101716,0,0,0,0,3,1,1,10,10,0,0,0,3,1,1,10,1000,0,0,0,0,0,0,0,0,0,0,0,0,0,0,0,0,0,0,0,0,0,0,0,0,0,0,0,0,0,0,0,0,0,0,0,0,0,0,0,0,0,0,0,0,0,0,0,0,0,0,0
1986,27,12,48,47.936,2,7,1,0,0,0,1,1,25,1016,1016,1016,1016,0,0,0,0,0,1,1,0,0,0,-211.4536519,0,0,0,0,3,1,1,10,10,0,0,0,3,1,1,10,1000,0,0,0,0,0,0,0,0,0,0,0,0,0,0,0,0,0,0,0,0,0,0,0,0,0,0,0,0,0,0,0,0,0,0,0,0,0,0,0,0,0,0,0,0,0,0,0,0,0,0,0
1986,27,12,49,35.935,2,7,1,0,0,0,1,1,25,1016,1016,1016,1016,0,0,0,0,0,1,1,0,0,0,-211.4971312,0,0,0,0,3,1,1,10,10,0,0,0,3,1,1,10,1000,0,0,0,0,0,0,0,0,0,0,0,0,0,0,0,0,0,0,0,0,0,0,0,0,0,0,0,0,0,0,0,0,0,0,0,0,0,0,0,0,0,0,0,0,0,0,0,0,0,0,0
1986,27,12,50,23.935,2,7,1,0,0,0,1,1,25,1016,1016,1016,1016,0,0,0,0,0,1,1,0,0,0,-211.5406115,0,0,0,0,3,1,1,10,10,0,0,0,3,1,1,10,1000,0,0,0,0,0,0,0,0,0,0,0,0,0,0,0,0,0,0,0,0,0,0,0,0,0,0,0,0,0,0,0,0,0,0,0,0,0,0,0,0,0,0,0,0,0,0,0,0,0,0,0
1986,27,12,51,11.935,2,7,1,0,0,0,1,1,25,1016,1016,1016,1016,0,0,0,0,0,1,1,0,0,0,-211.5840916,0,0,0,0,3,1,1,10,10,0,0,0,3,1,1,10,1000,0,0,0,0,0,0,0,0,0,0,0,0,0,0,0,0,0,0,0,0,0,0,0,0,0,0,0,0,0,0,0,0,0,0,0,0,0,0,0,0,0,0,0,0,0,0,0,0,0,0,0
1986,27,12,54,23.935,2,7,1,0,0,0,1,1,25,1016,1016,1016,1016,0,0,0,0,0,1,1,0,0,0,-211.7580117,0,0,0,0,3,1,1,10,10,0,0,0,3,1,1,10,1000,0,0,0,0,0,0,0,0,0,0,0,0,0,0,0,0,0,0,0,0,0,0,0,0,0,0,0,0,0,0,0,0,0,0,0,0,0,0,0,0,0,0,0,0,0,0,0,0,0,0,0
1986,27,12,55,11.935,2,7,1,0,0,0,1,1,25,1016,1016,1016,1016,0,0,0,0,0,1,1,0,0,0,-211.8014916,0,0,0,0,3,1,1,10,10,0,0,0,3,1,1,10,1000,0,0,0,0,0,0,0,0,0,0,0,0,0,0,0,0,0,0,0,0,0,0,0,0,0,0,0,0,0,0,0,0,0,0,0,0,0,0,0,0,0,0,0,0,0,0,0,0,0,0,0
1986,27,12,55,59.935,2,7,1,0,0,0,1,1,25,1016,1016,1016,1016,0,0,0,0,0,1,1,0,0,0,-211.8449714,0,0,0,0,3,1,1,10,10,0,0,0,3,1,1,10,1000,0,0,0,0,0,0,0,0,0,0,0,0,0,0,0,0,0,0,0,0,0,0,0,0,0,0,0,0,0,0,0,0,0,0,0,0,0,0,0,0,0,0,0,0,0,0,0,0,0,0,0
1986,27,12,56,47.935,2,7,1,0,0,0,1,1,25,1016,1016,1016,1016,0,0,0,0,0,1,1,0,0,0,-211.8884512,0,0,0,0,3,1,1,10,10,0,0,0,3,1,1,10,1000,0,0,0,0,0,0,0,0,0,0,0,0,0,0,0,0,0,0,0,0,0,0,0,0,0,0,0,0,0,0,0,0,0,0,0,0,0,0,0,0,0,0,0,0,0,0,0,0,0,0,0
1986,27,12,57,35.935,2,7,1,0,0,0,1,1,25,1016,1016,1016,1016,0,0,0,0,0,1,1,0,0,0,-211.9319309,0,0,0,0,3,1,1,10,10,0,0,0,3,1,1,10,1000,0,0,0,0,0,0,0,0,0,0,0,0,0,0,0,0,0,0,0,0,0,0,0,0,0,0,0,0,0,0,0,0,0,0,0,0,0,0,0,0,0,0,0,0,0,0,0,0,0,0,0
1986,27,12,58,23.935,2,7,1,0,0,0,1,1,25,1016,1016,1016,1016,0,0,0,0,0,1,1,0,0,0,-211.9754106,0,0,0,0,3,1,1,10,10,0,0,0,3,1,1,10,1000,0,0,0,0,0,0,0,0,0,0,0,0,0,0,0,0,0,0,0,0,0,0,0,0,0,0,0,0,0,0,0,0,0,0,0,0,0,0,0,0,0,0,0,0,0,0,0,0,0,0,0
1986,27,12,59,11.935,2,7,1,0,0,0,1,1,25,1016,1016,1016,1016,0,0,0,0,0,1,1,0,0,0,-212.0188902,0,0,0,0,3,1,1,10,10,0,0,0,3,1,1,10,1000,0,0,0,0,0,0,0,0,0,0,0,0,0,0,0,0,0,0,0,0,0,0,0,0,0,0,0,0,0,0,0,0,0,0,0,0,0,0,0,0,0,0,0,0,0,0,0,0,0,0,0
1986,27,12,59,59.935,2,7,1,0,0,0,1,1,25,1016,1016,1016,1016,0,0,0,0,0,1,1,0,0,0,-212.0623697,0,0,0,0,3,1,1,10,10,0,0,0,3,1,1,10,1000,0,0,0,0,0,0,0,0,0,0,0,0,0,0,0,0,0,0,0,0,0,0,0,0,0,0,0,0,0,0,0,0,0,0,0,0,0,0,0,0,0,0,0,0,0,0,0,0,0,0,0
1986,27,13,0,47.935,2,7,1,0,0,0,1,1,25,1016,1016,1016,1016,0,0,0,0,0,1,1,0,0,0,-212.1058492,0,0,0,0,3,1,1,10,10,0,0,0,3,1,1,10,1000,0,0,0,0,0,0,0,0,0,0,0,0,0,0,0,0,0,0,0,0,0,0,0,0,0,0,0,0,0,0,0,0,0,0,0,0,0,0,0,0,0,0,0,0,0,0,0,0,0,0,0
1986,27,13,1,35.935,2,7,1,0,0,0,1,1,25,1016,1016,1016,1016,0,0,0,0,0,1,1,0,0,0,-212.1493287,0,0,0,0,3,1,1,10,10,0,0,0,3,1,1,10,1000,0,0,0,0,0,0,0,0,0,0,0,0,0,0,0,0,0,0,0,0,0,0,0,0,0,0,0,0,0,0,0,0,0,0,0,0,0,0,0,0,0,0,0,0,0,0,0,0,0,0,0
1986,27,13,2,23.935,2,7,1,0,0,0,1,1,25,1016,1016,1016,1016,0,0,0,0,0,1,1,0,0,0,-212.1928081,0,0,0,0,3,1,1,10,10,0,0,0,3,1,1,10,1000,0,0,0,0,0,0,0,0,0,0,0,0,0,0,0,0,0,0,0,0,0,0,0,0,0,0,0,0,0,0,0,0,0,0,0,0,0,0,0,0,0,0,0,0,0,0,0,0,0,0,0
1986,27,13,3,11.935,2,7,1,0,0,0,1,1,25,1016,1016,1016,1016,0,0,0,0,0,1,1,0,0,0,-212.2362874,0,0,0,0,3,1,1,10,10,0,0,0,3,1,1,10,1000,0,0,0,0,0,0,0,0,0,0,0,0,0,0,0,0,0,0,0,0,0,0,0,0,0,0,0,0,0,0,0,0,0,0,0,0,0,0,0,0,0,0,0,0,0,0,0,0,0,0,0
1986,27,13,6,23.934,2,7,1,0,0,0,1,1,25,1016,1016,1016,1016,0,0,0,0,0,1,1,0,0,0,-212.4102033,0,0,0,0,3,1,1,10,10,0,0,0,3,1,1,10,1000,0,0,0,0,0,0,0,0,0,0,0,0,0,0,0,0,0,0,0,0,0,0,0,0,0,0,0,0,0,0,0,0,0,0,0,0,0,0,0,0,0,0,0,0,0,0,0,0,0,0,0
1986,27,13,7,11.934,2,7,1,0,0,0,1,1,25,1016,1016,1016,1016,0,0,0,0,0,1,1,0,0,0,-212.4536824,0,0,0,0,3,1,1,10,10,0,0,0,3,1,1,10,1000,0,0,0,0,0,0,0,0,0,0,0,0,0,0,0,0,0,0,0,0,0,0,0,0,0,0,0,0,0,0,0,0,0,0,0,0,0,0,0,0,0,0,0,0,0,0,0,0,0,0,0
1986,27,13,7,59.934,2,7,1,0,0,0,1,1,25,1016,1016,1016,1016,0,0,0,0,0,1,1,0,0,0,-212.4971614,0,0,0,0,3,1,1,10,10,0,0,0,3,1,1,10,1000,0,0,0,0,0,0,0,0,0,0,0,0,0,0,0,0,0,0,0,0,0,0,0,0,0,0,0,0,0,0,0,0,0,0,0,0,0,0,0,0,0,0,0,0,0,0,0,0,0,0,0
1986,27,13,8,47.934,2,7,1,0,0,0,1,1,25,1016,1016,1016,1016,0,0,0,0,0,1,1,0,0,0,-212.5406403,0,0,0,0,3,1,1,10,10,0,0,0,3,1,1,10,1000,0,0,0,0,0,0,0,0,0,0,0,0,0,0,0,0,0,0,0,0,0,0,0,0,0,0,0,0,0,0,0,0,0,0,0,0,0,0,0,0,0,0,0,0,0,0,0,0,0,0,0
1986,27,13,9,35.934,2,7,1,0,0,0,1,1,25,1016,1016,1016,1016,0,0,0,0,0,1,1,0,0,0,-212.5841192,0,0,0,0,3,1,1,10,10,0,0,0,3,1,1,10,1000,0,0,0,0,0,0,0,0,0,0,0,0,0,0,0,0,0,0,0,0,0,0,0,0,0,0,0,0,0,0,0,0,0,0,0,0,0,0,0,0,0,0,0,0,0,0,0,0,0,0,0
1986,27,13,10,23.934,2,7,1,0,0,0,1,1,25,1016,1016,1016,1016,0,0,0,0,0,1,1,0,0,0,-212.6275981,0,0,0,0,3,1,1,10,10,0,0,0,3,1,1,10,1000,0,0,0,0,0,0,0,0,0,0,0,0,0,0,0,0,0,0,0,0,0,0,0,0,0,0,0,0,0,0,0,0,0,0,0,0,0,0,0,0,0,0,0,0,0,0,0,0,0,0,0
1986,27,13,11,11.934,2,7,1,0,0,0,1,1,25,1016,1016,1016,1016,0,0,0,0,0,1,1,0,0,0,-212.6710769,0,0,0,0,3,1,1,10,10,0,0,0,3,1,1,10,1000,0,0,0,0,0,0,0,0,0,0,0,0,0,0,0,0,0,0,0,0,0,0,0,0,0,0,0,0,0,0,0,0,0,0,0,0,0,0,0,0,0,0,0,0,0,0,0,0,0,0,0
1986,27,13,11,59.934,2,7,1,0,0,0,1,1,25,1016,1016,1016,1016,0,0,0,0,0,1,1,0,0,0,-212.7145556,0,0,0,0,3,1,1,10,10,0,0,0,3,1,1,10,1000,0,0,0,0,0,0,0,0,0,0,0,0,0,0,0,0,0,0,0,0,0,0,0,0,0,0,0,0,0,0,0,0,0,0,0,0,0,0,0,0,0,0,0,0,0,0,0,0,0,0,0
1986,27,13,12,47.934,2,7,1,0,0,0,1,1,25,1016,1016,1016,1016,0,0,0,0,0,1,1,0,0,0,-212.7580343,0,0,0,0,3,1,1,10,10,0,0,0,3,1,1,10,1000,0,0,0,0,0,0,0,0,0,0,0,0,0,0,0,0,0,0,0,0,0,0,0,0,0,0,0,0,0,0,0,0,0,0,0,0,0,0,0,0,0,0,0,0,0,0,0,0,0,0,0
1986,27,13,13,35.934,2,7,1,0,0,0,1,1,25,1016,1016,1016,1016,0,0,0,0,0,1,1,0,0,0,-212.8015129,0,0,0,0,3,1,1,10,10,0,0,0,3,1,1,10,1000,0,0,0,0,0,0,0,0,0,0,0,0,0,0,0,0,0,0,0,0,0,0,0,0,0,0,0,0,0,0,0,0,0,0,0,0,0,0,0,0,0,0,0,0,0,0,0,0,0,0,0
1986,27,13,14,23.934,2,7,1,0,0,0,1,1,25,1016,1016,1016,1016,0,0,0,0,0,1,1,0,0,0,-212.8449915,0,0,0,0,3,1,1,10,10,0,0,0,3,1,1,10,1000,0,0,0,0,0,0,0,0,0,0,0,0,0,0,0,0,0,0,0,0,0,0,0,0,0,0,0,0,0,0,0,0,0,0,0,0,0,0,0,0,0,0,0,0,0,0,0,0,0,0,0
1986,27,13,15,11.934,2,7,1,0,0,0,1,1,25,1016,1016,1016,1016,0,0,0,0,0,1,1,0,0,0,-212.88847,0,0,0,0,3,1,1,10,10,0,0,0,3,1,1,10,1000,0,0,0,0,0,0,0,0,0,0,0,0,0,0,0,0,0,0,0,0,0,0,0,0,0,0,0,0,0,0,0,0,0,0,0,0,0,0,0,0,0,0,0,0,0,0,0,0,0,0,0
1986,27,13,18,23.934,2,7,1,0,0,0,1,1,25,1016,1016,1016,1016,0,0,0,0,0,1,1,0,0,0,-213.0623835,0,0,0,0,3,1,1,10,10,0,0,0,3,1,1,10,1000,0,0,0,0,0,0,0,0,0,0,0,0,0,0,0,0,0,0,0,0,0,0,0,0,0,0,0,0,0,0,0,0,0,0,0,0,0,0,0,0,0,0,0,0,0,0,0,0,0,0,0
1986,27,13,19,11.934,2,7,1,0,0,0,1,1,25,1016,1016,1016,1016,0,0,0,0,0,1,1,0,0,0,-213.1058618,0,0,0,0,3,1,1,10,10,0,0,0,3,1,1,10,1000,0,0,0,0,0,0,0,0,0,0,0,0,0,0,0,0,0,0,0,0,0,0,0,0,0,0,0,0,0,0,0,0,0,0,0,0,0,0,0,0,0,0,0,0,0,0,0,0,0,0,0
1986,27,13,19,59.933,2,7,1,0,0,0,1,1,25,1016,1016,1016,1016,0,0,0,0,0,1,1,0,0,0,-213.1493391,0,0,0,0,3,1,1,10,10,0,0,0,3,1,1,10,1000,0,0,0,0,0,0,0,0,0,0,0,0,0,0,0,0,0,0,0,0,0,0,0,0,0,0,0,0,0,0,0,0,0,0,0,0,0,0,0,0,0,0,0,0,0,0,0,0,0,0,0
1986,27,13,20,47.933,2,7,1,0,0,0,1,1,25,1016,1016,1016,1016,0,0,0,0,0,1,1,0,0,0,-213.1928172,0,0,0,0,3,1,1,10,10,0,0,0,3,1,1,10,1000,0,0,0,0,0,0,0,0,0,0,0,0,0,0,0,0,0,0,0,0,0,0,0,0,0,0,0,0,0,0,0,0,0,0,0,0,0,0,0,0,0,0,0,0,0,0,0,0,0,0,0
1986,27,13,22,23.933,2,7,1,0,0,0,1,1,25,1016,1016,1016,1016,0,0,0,0,0,1,1,0,0,0,-213.2797733,0,0,0,0,3,1,1,10,10,0,0,0,3,1,1,10,1000,0,0,0,0,0,0,0,0,0,0,0,0,0,0,0,0,0,0,0,0,0,0,0,0,0,0,0,0,0,0,0,0,0,0,0,0,0,0,0,0,0,0,0,0,0,0,0,0,0,0,0
1986,27,13,23,11.933,2,7,1,0,0,0,1,1,25,1016,1016,1016,1016,0,0,0,0,0,1,1,0,0,0,-213.3232513,0,0,0,0,3,1,1,10,10,0,0,0,3,1,1,10,1000,0,0,0,0,0,0,0,0,0,0,0,0,0,0,0,0,0,0,0,0,0,0,0,0,0,0,0,0,0,0,0,0,0,0,0,0,0,0,0,0,0,0,0,0,0,0,0,0,0,0,0
1986,27,13,23,59.933,2,7,1,0,0,0,1,1,25,1016,1016,1016,1016,0,0,0,0,0,1,1,0,0,0,-213.3667292,0,0,0,0,3,1,1,10,10,0,0,0,3,1,1,10,1000,0,0,0,0,0,0,0,0,0,0,0,0,0,0,0,0,0,0,0,0,0,0,0,0,0,0,0,0,0,0,0,0,0,0,0,0,0,0,0,0,0,0,0,0,0,0,0,0,0,0,0
1986,27,13,24,47.933,2,7,1,0,0,0,1,1,25,1016,1016,1016,1016,0,0,0,0,0,1,1,0,0,0,-213.4102071,0,0,0,0,3,1,1,10,10,0,0,0,3,1,1,10,1000,0,0,0,0,0,0,0,0,0,0,0,0,0,0,0,0,0,0,0,0,0,0,0,0,0,0,0,0,0,0,0,0,0,0,0,0,0,0,0,0,0,0,0,0,0,0,0,0,0,0,0
1986,27,13,25,35.933,2,7,1,0,0,0,1,1,25,1016,1016,1016,1016,0,0,0,0,0,1,1,0,0,0,-213.4536849,0,0,0,0,3,1,1,10,10,0,0,0,3,1,1,10,1000,0,0,0,0,0,0,0,0,0,0,0,0,0,0,0,0,0,0,0,0,0,0,0,0,0,0,0,0,0,0,0,0,0,0,0,0,0,0,0,0,0,0,0,0,0,0,0,0,0,0,0
1986,27,13,26,23.933,2,7,1,0,0,0,1,1,25,1016,1016,1016,1016,0,0,0,0,0,1,1,0,0,0,-213.4971627,0,0,0,0,3,1,1,10,10,0,0,0,3,1,1,10,1000,0,0,0,0,0,0,0,0,0,0,0,0,0,0,0,0,0,0,0,0,0,0,0,0,0,0,0,0,0,0,0,0,0,0,0,0,0,0,0,0,0,0,0,0,0,0,0,0,0,0,0
1986,27,13,27,11.933,2,7,1,0,0,0,1,1,25,1016,1016,1016,1016,0,0,0,0,0,1,1,0,0,0,-213.5406404,0,0,0,0,3,1,1,10,10,0,0,0,3,1,1,10,1000,0,0,0,0,0,0,0,0,0,0,0,0,0,0,0,0,0,0,0,0,0,0,0,0,0,0,0,0,0,0,0,0,0,0,0,0,0,0,0,0,0,0,0,0,0,0,0,0,0,0,0
1986,27,13,30,23.933,2,7,1,0,0,0,1,1,25,1016,1016,1016,1016,0,0,0,0,0,1,1,0,0,0,-213.7145507,0,0,0,0,3,1,1,10,10,0,0,0,3,1,1,10,1000,0,0,0,0,0,0,0,0,0,0,0,0,0,0,0,0,0,0,0,0,0,0,0,0,0,0,0,0,0,0,0,0,0,0,0,0,0,0,0,0,0,0,0,0,0,0,0,0,0,0,0
1986,27,13,31,11.933,2,7,1,0,0,0,1,1,25,1016,1016,1016,1016,0,0,0,0,0,1,1,0,0,0,-213.7580281,0,0,0,0,3,1,1,10,10,0,0,0,3,1,1,10,1000,0,0,0,0,0,0,0,0,0,0,0,0,0,0,0,0,0,0,0,0,0,0,0,0,0,0,0,0,0,0,0,0,0,0,0,0,0,0,0,0,0,0,0,0,0,0,0,0,0,0,0
1986,27,13,31,59.933,2,7,1,0,0,0,1,1,25,1016,1016,1016,1016,0,0,0,0,0,1,1,0,0,0,-213.8015055,0,0,0,0,3,1,1,10,10,0,0,0,3,1,1,10,1000,0,0,0,0,0,0,0,0,0,0,0,0,0,0,0,0,0,0,0,0,0,0,0,0,0,0,0,0,0,0,0,0,0,0,0,0,0,0,0,0,0,0,0,0,0,0,0,0,0,0,0
1986,27,13,32,47.933,2,7,1,0,0,0,1,1,25,1016,1016,1016,1016,0,0,0,0,0,1,1,0,0,0,-213.8449828,0,0,0,0,3,1,1,10,10,0,0,0,3,1,1,10,1000,0,0,0,0,0,0,0,0,0,0,0,0,0,0,0,0,0,0,0,0,0,0,0,0,0,0,0,0,0,0,0,0,0,0,0,0,0,0,0,0,0,0,0,0,0,0,0,0,0,0,0
1986,27,13,33,35.933,2,7,1,0,0,0,1,1,25,1016,1016,1016,1016,0,0,0,0,0,1,1,0,0,0,-213.8884601,0,0,0,0,3,1,1,10,10,0,0,0,3,1,1,10,1000,0,0,0,0,0,0,0,0,0,0,0,0,0,0,0,0,0,0,0,0,0,0,0,0,0,0,0,0,0,0,0,0,0,0,0,0,0,0,0,0,0,0,0,0,0,0,0,0,0,0,0
1986,27,13,34,23.932,2,7,1,0,0,0,1,1,25,1016,1016,1016,1016,0,0,0,0,0,1,1,0,0,0,-213.9319364,0,0,0,0,3,1,1,10,10,0,0,0,3,1,1,10,1000,0,0,0,0,0,0,0,0,0,0,0,0,0,0,0,0,0,0,0,0,0,0,0,0,0,0,0,0,0,0,0,0,0,0,0,0,0,0,0,0,0,0,0,0,0,0,0,0,0,0,0
1986,27,13,35,11.932,2,7,1,0,0,0,1,1,25,1016,1016,1016,1016,0,0,0,0,0,1,1,0,0,0,-213.9754136,0,0,0,0,3,1,1,10,10,0,0,0,3,1,1,10,1000,0,0,0,0,0,0,0,0,0,0,0,0,0,0,0,0,0,0,0,0,0,0,0,0,0,0,0,0,0,0,0,0,0,0,0,0,0,0,0,0,0,0,0,0,0,0,0,0,0,0,0
1986,27,13,35,59.932,2,7,1,0,0,0,1,1,25,1016,1016,1016,1016,0,0,0,0,0,1,1,0,0,0,-214.0188907,0,0,0,0,3,1,1,10,10,0,0,0,3,1,1,10,1000,0,0,0,0,0,0,0,0,0,0,0,0,0,0,0,0,0,0,0,0,0,0,0,0,0,0,0,0,0,0,0,0,0,0,0,0,0,0,0,0,0,0,0,0,0,0,0,0,0,0,0
1986,27,13,36,47.932,2,7,1,0,0,0,1,1,25,1016,1016,1016,1016,0,0,0,0,0,1,1,0,0,0,-214.0623678,0,0,0,0,3,1,1,10,10,0,0,0,3,1,1,10,1000,0,0,0,0,0,0,0,0,0,0,0,0,0,0,0,0,0,0,0,0,0,0,0,0,0,0,0,0,0,0,0,0,0,0,0,0,0,0,0,0,0,0,0,0,0,0,0,0,0,0,0
1986,27,13,37,35.932,2,7,1,0,0,0,1,1,25,1016,1016,1016,1016,0,0,0,0,0,1,1,0,0,0,-214.1058448,0,0,0,0,3,1,1,10,10,0,0,0,3,1,1,10,1000,0,0,0,0,0,0,0,0,0,0,0,0,0,0,0,0,0,0,0,0,0,0,0,0,0,0,0,0,0,0,0,0,0,0,0,0,0,0,0,0,0,0,0,0,0,0,0,0,0,0,0
1986,27,13,38,23.932,2,7,1,0,0,0,1,1,25,1016,1016,1016,1016,0,0,0,0,0,1,1,0,0,0,-214.1493217,0,0,0,0,3,1,1,10,10,0,0,0,3,1,1,10,1000,0,0,0,0,0,0,0,0,0,0,0,0,0,0,0,0,0,0,0,0,0,0,0,0,0,0,0,0,0,0,0,0,0,0,0,0,0,0,0,0,0,0,0,0,0,0,0,0,0,0,0
1986,27,13,39,11.932,2,7,1,0,0,0,1,1,25,1016,1016,1016,1016,0,0,0,0,0,1,1,0,0,0,-214.1927986,0,0,0,0,3,1,1,10,10,0,0,0,3,1,1,10,1000,0,0,0,0,0,0,0,0,0,0,0,0,0,0,0,0,0,0,0,0,0,0,0,0,0,0,0,0,0,0,0,0,0,0,0,0,0,0,0,0,0,0,0,0,0,0,0,0,0,0,0
1986,27,13,42,23.932,2,7,1,0,0,0,1,1,25,1016,1016,1016,1016,0,0,0,0,0,1,1,0,0,0,-214.3667057,0,0,0,0,3,1,1,10,10,0,0,0,3,1,1,10,1000,0,0,0,0,0,0,0,0,0,0,0,0,0,0,0,0,0,0,0,0,0,0,0,0,0,0,0,0,0,0,0,0,0,0,0,0,0,0,0,0,0,0,0,0,0,0,0,0,0,0,0
1986,27,13,43,11.932,2,7,1,0,0,0,1,1,25,1016,1016,1016,1016,0,0,0,0,0,1,1,0,0,0,-214.4101823,0,0,0,0,3,1,1,10,10,0,0,0,3,1,1,10,1000,0,0,0,0,0,0,0,0,0,0,0,0,0,0,0,0,0,0,0,0,0,0,0,0,0,0,0,0,0,0,0,0,0,0,0,0,0,0,0,0,0,0,0,0,0,0,0,0,0,0,0
1986,27,13,43,59.932,2,7,1,0,0,0,1,1,25,1016,1016,1016,1016,0,0,0,0,0,1,1,0,0,0,-214.4536589,0,0,0,0,3,1,1,10,10,0,0,0,3,1,1,10,1000,0,0,0,0,0,0,0,0,0,0,0,0,0,0,0,0,0,0,0,0,0,0,0,0,0,0,0,0,0,0,0,0,0,0,0,0,0,0,0,0,0,0,0,0,0,0,0,0,0,0,0
1986,27,13,44,47.932,2,7,1,0,0,0,1,1,25,1016,1016,1016,1016,0,0,0,0,0,1,1,0,0,0,-214.4971354,0,0,0,0,3,1,1,10,10,0,0,0,3,1,1,10,1000,0,0,0,0,0,0,0,0,0,0,0,0,0,0,0,0,0,0,0,0,0,0,0,0,0,0,0,0,0,0,0,0,0,0,0,0,0,0,0,0,0,0,0,0,0,0,0,0,0,0,0
1986,27,13,45,35.932,2,7,1,0,0,0,1,1,25,1016,1016,1016,1016,0,0,0,0,0,1,1,0,0,0,-214.5406119,0,0,0,0,3,1,1,10,10,0,0,0,3,1,1,10,1000,0,0,0,0,0,0,0,0,0,0,0,0,0,0,0,0,0,0,0,0,0,0,0,0,0,0,0,0,0,0,0,0,0,0,0,0,0,0,0,0,0,0,0,0,0,0,0,0,0,0,0
1986,27,13,46,23.932,2,7,1,0,0,0,1,1,25,1016,1016,1016,1016,0,0,0,0,0,1,1,0,0,0,-214.5840883,0,0,0,0,3,1,1,10,10,0,0,0,3,1,1,10,1000,0,0,0,0,0,0,0,0,0,0,0,0,0,0,0,0,0,0,0,0,0,0,0,0,0,0,0,0,0,0,0,0,0,0,0,0,0,0,0,0,0,0,0,0,0,0,0,0,0,0,0
1986,27,13,47,11.932,2,7,1,0,0,0,1,1,25,1016,1016,1016,1016,0,0,0,0,0,1,1,0,0,0,-214.6275647,0,0,0,0,3,1,1,10,10,0,0,0,3,1,1,10,1000,0,0,0,0,0,0,0,0,0,0,0,0,0,0,0,0,0,0,0,0,0,0,0,0,0,0,0,0,0,0,0,0,0,0,0,0,0,0,0,0,0,0,0,0,0,0,0,0,0,0,0
1986,27,13,47,59.932,2,7,1,0,0,0,1,1,25,1016,1016,1016,1016,0,0,0,0,0,1,1,0,0,0,-214.671041,0,0,0,0,3,1,1,10,10,0,0,0,3,1,1,10,1000,0,0,0,0,0,0,0,0,0,0,0,0,0,0,0,0,0,0,0,0,0,0,0,0,0,0,0,0,0,0,0,0,0,0,0,0,0,0,0,0,0,0,0,0,0,0,0,0,0,0,0
1986,27,13,48,47.932,2,7,1,0,0,0,1,1,25,1016,1016,1016,1016,0,0,0,0,0,1,1,0,0,0,-214.7145172,0,0,0,0,3,1,1,10,10,0,0,0,3,1,1,10,1000,0,0,0,0,0,0,0,0,0,0,0,0,0,0,0,0,0,0,0,0,0,0,0,0,0,0,0,0,0,0,0,0,0,0,0,0,0,0,0,0,0,0,0,0,0,0,0,0,0,0,0
1986,27,13,49,35.931,2,7,1,0,0,0,1,1,25,1016,1016,1016,1016,0,0,0,0,0,1,1,0,0,0,-214.7579925,0,0,0,0,3,1,1,10,10,0,0,0,3,1,1,10,1000,0,0,0,0,0,0,0,0,0,0,0,0,0,0,0,0,0,0,0,0,0,0,0,0,0,0,0,0,0,0,0,0,0,0,0,0,0,0,0,0,0,0,0,0,0,0,0,0,0,0,0
1986,27,13,50,23.931,2,7,1,0,0,0,1,1,25,1016,1016,1016,1016,0,0,0,0,0,1,1,0,0,0,-214.8014687,0,0,0,0,3,1,1,10,10,0,0,0,3,1,1,10,1000,0,0,0,0,0,0,0,0,0,0,0,0,0,0,0,0,0,0,0,0,0,0,0,0,0,0,0,0,0,0,0,0,0,0,0,0,0,0,0,0,0,0,0,0,0,0,0,0,0,0,0
1986,27,13,51,11.931,2,7,1,0,0,0,1,1,25,1016,1016,1016,1016,0,0,0,0,0,1,1,0,0,0,-214.8449448,0,0,0,0,3,1,1,10,10,0,0,0,3,1,1,10,1000,0,0,0,0,0,0,0,0,0,0,0,0,0,0,0,0,0,0,0,0,0,0,0,0,0,0,0,0,0,0,0,0,0,0,0,0,0,0,0,0,0,0,0,0,0,0,0,0,0,0,0
1986,27,13,54,23.931,2,7,1,0,0,0,1,1,25,1016,1016,1016,1016,0,0,0,0,0,1,1,0,0,0,-215.0188486,0,0,0,0,3,1,1,10,10,0,0,0,3,1,1,10,1000,0,0,0,0,0,0,0,0,0,0,0,0,0,0,0,0,0,0,0,0,0,0,0,0,0,0,0,0,0,0,0,0,0,0,0,0,0,0,0,0,0,0,0,0,0,0,0,0,0,0,0
1986,27,13,55,11.931,2,7,1,0,0,0,1,1,25,1016,1016,1016,1016,0,0,0,0,0,1,1,0,0,0,-215.0623244,0,0,0,0,3,1,1,10,10,0,0,0,3,1,1,10,1000,0,0,0,0,0,0,0,0,0,0,0,0,0,0,0,0,0,0,0,0,0,0,0,0,0,0,0,0,0,0,0,0,0,0,0,0,0,0,0,0,0,0,0,0,0,0,0,0,0,0,0
1986,27,13,55,59.931,2,7,1,0,0,0,1,1,25,1016,1016,1016,1016,0,0,0,0,0,1,1,0,0,0,-215.1058002,0,0,0,0,3,1,1,10,10,0,0,0,3,1,1,10,1000,0,0,0,0,0,0,0,0,0,0,0,0,0,0,0,0,0,0,0,0,0,0,0,0,0,0,0,0,0,0,0,0,0,0,0,0,0,0,0,0,0,0,0,0,0,0,0,0,0,0,0
1986,27,13,56,47.931,2,7,1,0,0,0,1,1,25,1016,1016,1016,1016,0,0,0,0,0,1,1,0,0,0,-215.1492759,0,0,0,0,3,1,1,10,10,0,0,0,3,1,1,10,1000,0,0,0,0,0,0,0,0,0,0,0,0,0,0,0,0,0,0,0,0,0,0,0,0,0,0,0,0,0,0,0,0,0,0,0,0,0,0,0,0,0,0,0,0,0,0,0,0,0,0,0
1986,27,13,57,35.931,2,7,1,0,0,0,1,1,25,1016,1016,1016,1016,0,0,0,0,0,1,1,0,0,0,-215.1927516,0,0,0,0,3,1,1,10,10,0,0,0,3,1,1,10,1000,0,0,0,0,0,0,0,0,0,0,0,0,0,0,0,0,0,0,0,0,0,0,0,0,0,0,0,0,0,0,0,0,0,0,0,0,0,0,0,0,0,0,0,0,0,0,0,0,0,0,0
1986,27,13,58,23.931,2,7,1,0,0,0,1,1,25,1016,1016,1016,1016,0,0,0,0,0,1,1,0,0,0,-215.2362272,0,0,0,0,3,1,1,10,10,0,0,0,3,1,1,10,1000,0,0,0,0,0,0,0,0,0,0,0,0,0,0,0,0,0,0,0,0,0,0,0,0,0,0,0,0,0,0,0,0,0,0,0,0,0,0,0,0,0,0,0,0,0,0,0,0,0,0,0
1986,27,13,59,11.931,2,7,1,0,0,0,1,1,25,1016,1016,1016,1016,0,0,0,0,0,1,1,0,0,0,-215.2797028,0,0,0,0,3,1,1,10,10,0,0,0,3,1,1,10,1000,0,0,0,0,0,0,0,0,0,0,0,0,0,0,0,0,0,0,0,0,0,0,0,0,0,0,0,0,0,0,0,0,0,0,0,0,0,0,0,0,0,0,0,0,0,0,0,0,0,0,0
1986,27,13,59,59.931,2,7,1,0,0,0,1,1,25,1016,1016,1016,1016,0,0,0,0,0,1,1,0,0,0,-215.3231783,0,0,0,0,3,1,1,10,10,0,0,0,3,1,1,10,1000,0,0,0,0,0,0,0,0,0,0,0,0,0,0,0,0,0,0,0,0,0,0,0,0,0,0,0,0,0,0,0,0,0,0,0,0,0,0,0,0,0,0,0,0,0,0,0,0,0,0,0
1986,27,14,0,47.931,2,7,1,0,0,0,1,1,25,1016,1016,1016,1016,0,0,0,0,0,1,1,0,0,0,-215.3666537,0,0,0,0,3,1,1,10,10,0,0,0,3,1,1,10,1000,0,0,0,0,0,0,0,0,0,0,0,0,0,0,0,0,0,0,0,0,0,0,0,0,0,0,0,0,0,0,0,0,0,0,0,0,0,0,0,0,0,0,0,0,0,0,0,0,0,0,0
1986,27,14,1,35.931,2,7,1,0,0,0,1,1,25,1016,1016,1016,1016,0,0,0,0,0,1,1,0,0,0,-215.4101291,0,0,0,0,3,1,1,10,10,0,0,0,3,1,1,10,1000,0,0,0,0,0,0,0,0,0,0,0,0,0,0,0,0,0,0,0,0,0,0,0,0,0,0,0,0,0,0,0,0,0,0,0,0,0,0,0,0,0,0,0,0,0,0,0,0,0,0,0
1986,27,14,2,23.931,2,7,1,0,0,0,1,1,25,1016,1016,1016,1016,0,0,0,0,0,1,1,0,0,0,-215.4536045,0,0,0,0,3,1,1,10,10,0,0,0,3,1,1,10,1000,0,0,0,0,0,0,0,0,0,0,0,0,0,0,0,0,0,0,0,0,0,0,0,0,0,0,0,0,0,0,0,0,0,0,0,0,0,0,0,0,0,0,0,0,0,0,0,0,0,0,0
1986,27,14,3,11.931,2,7,1,0,0,0,1,1,25,1016,1016,1016,1016,0,0,0,0,0,1,1,0,0,0,-215.4970798,0,0,0,0,3,1,1,10,10,0,0,0,3,1,1,10,1000,0,0,0,0,0,0,0,0,0,0,0,0,0,0,0,0,0,0,0,0,0,0,0,0,0,0,0,0,0,0,0,0,0,0,0,0,0,0,0,0,0,0,0,0,0,0,0,0,0,0,0
1986,27,14,6,23.93,2,7,1,0,0,0,1,1,25,1016,1016,1016,1016,0,0,0,0,0,1,1,0,0,0,-215.6709795,0,0,0,0,3,1,1,10,10,0,0,0,3,1,1,10,1000,0,0,0,0,0,0,0,0,0,0,0,0,0,0,0,0,0,0,0,0,0,0,0,0,0,0,0,0,0,0,0,0,0,0,0,0,0,0,0,0,0,0,0,0,0,0,0,0,0,0,0
1986,27,14,7,11.93,2,7,1,0,0,0,1,1,25,1016,1016,1016,1016,0,0,0,0,0,1,1,0,0,0,-215.7144545,0,0,0,0,3,1,1,10,10,0,0,0,3,1,1,10,1000,0,0,0,0,0,0,0,0,0,0,0,0,0,0,0,0,0,0,0,0,0,0,0,0,0,0,0,0,0,0,0,0,0,0,0,0,0,0,0,0,0,0,0,0,0,0,0,0,0,0,0
1986,27,14,7,59.93,2,7,1,0,0,0,1,1,25,1016,1016,1016,1016,0,0,0,0,0,1,1,0,0,0,-215.7579295,0,0,0,0,3,1,1,10,10,0,0,0,3,1,1,10,1000,0,0,0,0,0,0,0,0,0,0,0,0,0,0,0,0,0,0,0,0,0,0,0,0,0,0,0,0,0,0,0,0,0,0,0,0,0,0,0,0,0,0,0,0,0,0,0,0,0,0,0
1986,27,14,8,47.93,2,7,1,0,0,0,1,1,25,1016,1016,1016,1016,0,0,0,0,0,1,1,0,0,0,-215.8014044,0,0,0,0,3,1,1,10,10,0,0,0,3,1,1,10,1000,0,0,0,0,0,0,0,0,0,0,0,0,0,0,0,0,0,0,0,0,0,0,0,0,0,0,0,0,0,0,0,0,0,0,0,0,0,0,0,0,0,0,0,0,0,0,0,0,0,0,0
1986,27,14,9,35.93,2,7,1,0,0,0,1,1,25,1016,1016,1016,1016,0,0,0,0,0,1,1,0,0,0,-215.8448793,0,0,0,0,3,1,1,10,10,0,0,0,3,1,1,10,1000,0,0,0,0,0,0,0,0,0,0,0,0,0,0,0,0,0,0,0,0,0,0,0,0,0,0,0,0,0,0,0,0,0,0,0,0,0,0,0,0,0,0,0,0,0,0,0,0,0,0,0
1986,27,14,10,23.93,2,7,1,0,0,0,1,1,25,1016,1016,1016,1016,0,0,0,0,0,1,1,0,0,0,-215.8883541,0,0,0,0,3,1,1,10,10,0,0,0,3,1,1,10,1000,0,0,0,0,0,0,0,0,0,0,0,0,0,0,0,0,0,0,0,0,0,0,0,0,0,0,0,0,0,0,0,0,0,0,0,0,0,0,0,0,0,0,0,0,0,0,0,0,0,0,0
1986,27,14,11,11.93,2,7,1,0,0,0,1,1,25,1016,1016,1016,1016,0,0,0,0,0,1,1,0,0,0,-215.9318289,0,0,0,0,3,1,1,10,10,0,0,0,3,1,1,10,1000,0,0,0,0,0,0,0,0,0,0,0,0,0,0,0,0,0,0,0,0,0,0,0,0,0,0,0,0,0,0,0,0,0,0,0,0,0,0,0,0,0,0,0,0,0,0,0,0,0,0,0
1986,27,14,11,59.93,2,7,1,0,0,0,1,1,25,1016,1016,1016,1016,0,0,0,0,0,1,1,0,0,0,-215.9753036,0,0,0,0,3,1,1,10,10,0,0,0,3,1,1,10,1000,0,0,0,0,0,0,0,0,0,0,0,0,0,0,0,0,0,0,0,0,0,0,0,0,0,0,0,0,0,0,0,0,0,0,0,0,0,0,0,0,0,0,0,0,0,0,0,0,0,0,0
1986,27,14,12,47.93,2,7,1,0,0,0,1,1,25,1016,1016,1016,1016,0,0,0,0,0,1,1,0,0,0,-216.0187782,0,0,0,0,3,1,1,10,10,0,0,0,3,1,1,10,1000,0,0,0,0,0,0,0,0,0,0,0,0,0,0,0,0,0,0,0,0,0,0,0,0,0,0,0,0,0,0,0,0,0,0,0,0,0,0,0,0,0,0,0,0,0,0,0,0,0,0,0
1986,27,14,13,35.93,2,7,1,0,0,0,1,1,25,1016,1016,1016,1016,0,0,0,0,0,1,1,0,0,0,-216.0622528,0,0,0,0,3,1,1,10,10,0,0,0,3,1,1,10,1000,0,0,0,0,0,0,0,0,0,0,0,0,0,0,0,0,0,0,0,0,0,0,0,0,0,0,0,0,0,0,0,0,0,0,0,0,0,0,0,0,0,0,0,0,0,0,0,0,0,0,0
1986,27,14,14,23.93,2,7,1,0,0,0,1,1,25,1016,1016,1016,1016,0,0,0,0,0,1,1,0,0,0,-216.1057274,0,0,0,0,3,1,1,10,10,0,0,0,3,1,1,10,1000,0,0,0,0,0,0,0,0,0,0,0,0,0,0,0,0,0,0,0,0,0,0,0,0,0,0,0,0,0,0,0,0,0,0,0,0,0,0,0,0,0,0,0,0,0,0,0,0,0,0,0
1986,27,14,15,11.93,2,7,1,0,0,0,1,1,25,1016,1016,1016,1016,0,0,0,0,0,1,1,0,0,0,-216.1492019,0,0,0,0,3,1,1,10,10,0,0,0,3,1,1,10,1000,0,0,0,0,0,0,0,0,0,0,0,0,0,0,0,0,0,0,0,0,0,0,0,0,0,0,0,0,0,0,0,0,0,0,0,0,0,0,0,0,0,0,0,0,0,0,0,0,0,0,0
1986,27,14,18,23.93,2,7,1,0,0,0,1,1,25,1016,1016,1016,1016,0,0,0,0,0,1,1,0,0,0,-216.3230994,0,0,0,0,3,1,1,10,10,0,0,0,3,1,1,10,1000,0,0,0,0,0,0,0,0,0,0,0,0,0,0,0,0,0,0,0,0,0,0,0,0,0,0,0,0,0,0,0,0,0,0,0,0,0,0,0,0,0,0,0,0,0,0,0,0,0,0,0
1986,27,14,19,11.93,2,7,1,0,0,0,1,1,25,1016,1016,1016,1016,0,0,0,0,0,1,1,0,0,0,-216.3665736,0,0,0,0,3,1,1,10,10,0,0,0,3,1,1,10,1000,0,0,0,0,0,0,0,0,0,0,0,0,0,0,0,0,0,0,0,0,0,0,0,0,0,0,0,0,0,0,0,0,0,0,0,0,0,0,0,0,0,0,0,0,0,0,0,0,0,0,0
1986,27,14,19,59.929,2,7,1,0,0,0,1,1,25,1016,1016,1016,1016,0,0,0,0,0,1,1,0,0,0,-216.4100469,0,0,0,0,3,1,1,10,10,0,0,0,3,1,1,10,1000,0,0,0,0,0,0,0,0,0,0,0,0,0,0,0,0,0,0,0,0,0,0,0,0,0,0,0,0,0,0,0,0,0,0,0,0,0,0,0,0,0,0,0,0,0,0,0,0,0,0,0
1986,27,14,20,47.929,2,7,1,0,0,0,1,1,25,1016,1016,1016,1016,0,0,0,0,0,1,1,0,0,0,-216.453521,0,0,0,0,3,1,1,10,10,0,0,0,3,1,1,10,1000,0,0,0,0,0,0,0,0,0,0,0,0,0,0,0,0,0,0,0,0,0,0,0,0,0,0,0,0,0,0,0,0,0,0,0,0,0,0,0,0,0,0,0,0,0,0,0,0,0,0,0
1986,27,14,21,35.929,2,7,1,0,0,0,1,1,25,1016,1016,1016,1016,0,0,0,0,0,1,1,0,0,0,-216.4969951,0,0,0,0,3,1,1,10,10,0,0,0,3,1,1,10,1000,0,0,0,0,0,0,0,0,0,0,0,0,0,0,0,0,0,0,0,0,0,0,0,0,0,0,0,0,0,0,0,0,0,0,0,0,0,0,0,0,0,0,0,0,0,0,0,0,0,0,0
1986,27,14,22,23.929,2,7,1,0,0,0,1,1,25,1016,1016,1016,1016,0,0,0,0,0,1,1,0,0,0,-216.5404691,0,0,0,0,3,1,1,10,10,0,0,0,3,1,1,10,1000,0,0,0,0,0,0,0,0,0,0,0,0,0,0,0,0,0,0,0,0,0,0,0,0,0,0,0,0,0,0,0,0,0,0,0,0,0,0,0,0,0,0,0,0,0,0,0,0,0,0,0
1986,27,14,23,11.929,2,7,1,0,0,0,1,1,25,1016,1016,1016,1016,0,0,0,0,0,1,1,0,0,0,-216.5839431,0,0,0,0,3,1,1,10,10,0,0,0,3,1,1,10,1000,0,0,0,0,0,0,0,0,0,0,0,0,0,0,0,0,0,0,0,0,0,0,0,0,0,0,0,0,0,0,0,0,0,0,0,0,0,0,0,0,0,0,0,0,0,0,0,0,0,0,0
1986,27,14,23,59.929,2,7,1,0,0,0,1,1,25,1016,1016,1016,1016,0,0,0,0,0,1,1,0,0,0,-216.627417,0,0,0,0,3,1,1,10,10,0,0,0,3,1,1,10,1000,0,0,0,0,0,0,0,0,0,0,0,0,0,0,0,0,0,0,0,0,0,0,0,0,0,0,0,0,0,0,0,0,0,0,0,0,0,0,0,0,0,0,0,0,0,0,0,0,0,0,0
1986,27,14,24,47.929,2,7,1,0,0,0,1,1,25,1016,1016,1016,1016,0,0,0,0,0,1,1,0,0,0,-216.6708908,0,0,0,0,3,1,1,10,10,0,0,0,3,1,1,10,1000,0,0,0,0,0,0,0,0,0,0,0,0,0,0,0,0,0,0,0,0,0,0,0,0,0,0,0,0,0,0,0,0,0,0,0,0,0,0,0,0,0,0,0,0,0,0,0,0,0,0,0
1986,27,14,25,35.929,2,7,1,0,0,0,1,1,25,1016,1016,1016,1016,0,0,0,0,0,1,1,0,0,0,-216.7143646,0,0,0,0,3,1,1,10,10,0,0,0,3,1,1,10,1000,0,0,0,0,0,0,0,0,0,0,0,0,0,0,0,0,0,0,0,0,0,0,0,0,0,0,0,0,0,0,0,0,0,0,0,0,0,0,0,0,0,0,0,0,0,0,0,0,0,0,0
1986,27,14,26,23.929,2,7,1,0,0,0,1,1,25,1016,1016,1016,1016,0,0,0,0,0,1,1,0,0,0,-216.7578384,0,0,0,0,3,1,1,10,10,0,0,0,3,1,1,10,1000,0,0,0,0,0,0,0,0,0,0,0,0,0,0,0,0,0,0,0,0,0,0,0,0,0,0,0,0,0,0,0,0,0,0,0,0,0,0,0,0,0,0,0,0,0,0,0,0,0,0,0
1986,27,14,27,11.929,2,7,1,0,0,0,1,1,25,1016,1016,1016,1016,0,0,0,0,0,1,1,0,0,0,-216.8013121,0,0,0,0,3,1,1,10,10,0,0,0,3,1,1,10,1000,0,0,0,0,0,0,0,0,0,0,0,0,0,0,0,0,0,0,0,0,0,0,0,0,0,0,0,0,0,0,0,0,0,0,0,0,0,0,0,0,0,0,0,0,0,0,0,0,0,0,0
1986,27,14,30,23.929,2,7,1,0,0,0,1,1,25,1016,1016,1016,1016,0,0,0,0,0,1,1,0,0,0,-216.9752064,0,0,0,0,3,1,1,10,10,0,0,0,3,1,1,10,1000,0,0,0,0,0,0,0,0,0,0,0,0,0,0,0,0,0,0,0,0,0,0,0,0,0,0,0,0,0,0,0,0,0,0,0,0,0,0,0,0,0,0,0,0,0,0,0,0,0,0,0
1986,27,14,31,11.929,2,7,1,0,0,0,1,1,25,1016,1016,1016,1016,0,0,0,0,0,1,1,0,0,0,-217.0186798,0,0,0,0,3,1,1,10,10,0,0,0,3,1,1,10,1000,0,0,0,0,0,0,0,0,0,0,0,0,0,0,0,0,0,0,0,0,0,0,0,0,0,0,0,0,0,0,0,0,0,0,0,0,0,0,0,0,0,0,0,0,0,0,0,0,0,0,0
1986,27,14,31,59.929,2,7,1,0,0,0,1,1,25,1016,1016,1016,1016,0,0,0,0,0,1,1,0,0,0,-217.0621532,0,0,0,0,3,1,1,10,10,0,0,0,3,1,1,10,1000,0,0,0,0,0,0,0,0,0,0,0,0,0,0,0,0,0,0,0,0,0,0,0,0,0,0,0,0,0,0,0,0,0,0,0,0,0,0,0,0,0,0,0,0,0,0,0,0,0,0,0
1986,27,14,32,47.929,2,7,1,0,0,0,1,1,25,1016,1016,1016,1016,0,0,0,0,0,1,1,0,0,0,-217.1056266,0,0,0,0,3,1,1,10,10,0,0,0,3,1,1,10,1000,0,0,0,0,0,0,0,0,0,0,0,0,0,0,0,0,0,0,0,0,0,0,0,0,0,0,0,0,0,0,0,0,0,0,0,0,0,0,0,0,0,0,0,0,0,0,0,0,0,0,0
1986,27,14,33,35.929,2,7,1,0,0,0,1,1,25,1016,1016,1016,1016,0,0,0,0,0,1,1,0,0,0,-217.1490999,0,0,0,0,3,1,1,10,10,0,0,0,3,1,1,10,1000,0,0,0,0,0,0,0,0,0,0,0,0,0,0,0,0,0,0,0,0,0,0,0,0,0,0,0,0,0,0,0,0,0,0,0,0,0,0,0,0,0,0,0,0,0,0,0,0,0,0,0
1986,27,14,34,23.929,2,7,1,0,0,0,1,1,25,1016,1016,1016,1016,0,0,0,0,0,1,1,0,0,0,-217.1925731,0,0,0,0,3,1,1,10,10,0,0,0,3,1,1,10,1000,0,0,0,0,0,0,0,0,0,0,0,0,0,0,0,0,0,0,0,0,0,0,0,0,0,0,0,0,0,0,0,0,0,0,0,0,0,0,0,0,0,0,0,0,0,0,0,0,0,0,0
1986,27,14,35,11.928,2,7,1,0,0,0,1,1,25,1016,1016,1016,1016,0,0,0,0,0,1,1,0,0,0,-217.2360454,0,0,0,0,3,1,1,10,10,0,0,0,3,1,1,10,1000,0,0,0,0,0,0,0,0,0,0,0,0,0,0,0,0,0,0,0,0,0,0,0,0,0,0,0,0,0,0,0,0,0,0,0,0,0,0,0,0,0,0,0,0,0,0,0,0,0,0,0
1986,27,14,35,59.928,2,7,1,0,0,0,1,1,25,1016,1016,1016,1016,0,0,0,0,0,1,1,0,0,0,-217.2795185,0,0,0,0,3,1,1,10,10,0,0,0,3,1,1,10,1000,0,0,0,0,0,0,0,0,0,0,0,0,0,0,0,0,0,0,0,0,0,0,0,0,0,0,0,0,0,0,0,0,0,0,0,0,0,0,0,0,0,0,0,0,0,0,0,0,0,0,0
1986,27,14,36,47.928,2,7,1,0,0,0,1,1,25,1016,1016,1016,1016,0,0,0,0,0,1,1,0,0,0,-217.3229916,0,0,0,0,3,1,1,10,10,0,0,0,3,1,1,10,1000,0,0,0,0,0,0,0,0,0,0,0,0,0,0,0,0,0,0,0,0,0,0,0,0,0,0,0,0,0,0,0,0,0,0,0,0,0,0,0,0,0,0,0,0,0,0,0,0,0,0,0
1986,27,14,37,35.928,2,7,1,0,0,0,1,1,25,1016,1016,1016,1016,0,0,0,0,0,1,1,0,0,0,-217.3664646,0,0,0,0,3,1,1,10,10,0,0,0,3,1,1,10,1000,0,0,0,0,0,0,0,0,0,0,0,0,0,0,0,0,0,0,0,0,0,0,0,0,0,0,0,0,0,0,0,0,0,0,0,0,0,0,0,0,0,0,0,0,0,0,0,0,0,0,0
1986,27,14,38,23.928,2,7,1,0,0,0,1,1,25,1016,1016,1016,1016,0,0,0,0,0,1,1,0,0,0,-217.4099376,0,0,0,0,3,1,1,10,10,0,0,0,3,1,1,10,1000,0,0,0,0,0,0,0,0,0,0,0,0,0,0,0,0,0,0,0,0,0,0,0,0,0,0,0,0,0,0,0,0,0,0,0,0,0,0,0,0,0,0,0,0,0,0,0,0,0,0,0
1986,27,14,39,11.928,2,7,1,0,0,0,1,1,25,1016,1016,1016,1016,0,0,0,0,0,1,1,0,0,0,-217.4534105,0,0,0,0,3,1,1,10,10,0,0,0,3,1,1,10,1000,0,0,0,0,0,0,0,0,0,0,0,0,0,0,0,0,0,0,0,0,0,0,0,0,0,0,0,0,0,0,0,0,0,0,0,0,0,0,0,0,0,0,0,0,0,0,0,0,0,0,0
1986,27,14,42,23.928,2,7,1,0,0,0,1,1,25,1016,1016,1016,1016,0,0,0,0,0,1,1,0,0,0,-217.6273016,0,0,0,0,3,1,1,10,10,0,0,0,3,1,1,10,1000,0,0,0,0,0,0,0,0,0,0,0,0,0,0,0,0,0,0,0,0,0,0,0,0,0,0,0,0,0,0,0,0,0,0,0,0,0,0,0,0,0,0,0,0,0,0,0,0,0,0,0
1986,27,14,43,11.928,2,7,1,0,0,0,1,1,25,1016,1016,1016,1016,0,0,0,0,0,1,1,0,0,0,-217.6707743,0,0,0,0,3,1,1,10,10,0,0,0,3,1,1,10,1000,0,0,0,0,0,0,0,0,0,0,0,0,0,0,0,0,0,0,0,0,0,0,0,0,0,0,0,0,0,0,0,0,0,0,0,0,0,0,0,0,0,0,0,0,0,0,0,0,0,0,0
1986,27,14,43,59.928,2,7,1,0,0,0,1,1,25,1016,1016,1016,1016,0,0,0,0,0,1,1,0,0,0,-217.7142469,0,0,0,0,3,1,1,10,10,0,0,0,3,1,1,10,1000,0,0,0,0,0,0,0,0,0,0,0,0,0,0,0,0,0,0,0,0,0,0,0,0,0,0,0,0,0,0,0,0,0,0,0,0,0,0,0,0,0,0,0,0,0,0,0,0,0,0,0
1986,27,14,44,47.928,2,7,1,0,0,0,1,1,25,1016,1016,1016,1016,0,0,0,0,0,1,1,0,0,0,-217.7577194,0,0,0,0,3,1,1,10,10,0,0,0,3,1,1,10,1000,0,0,0,0,0,0,0,0,0,0,0,0,0,0,0,0,0,0,0,0,0,0,0,0,0,0,0,0,0,0,0,0,0,0,0,0,0,0,0,0,0,0,0,0,0,0,0,0,0,0,0
1986,27,14,45,35.928,2,7,1,0,0,0,1,1,25,1016,1016,1016,1016,0,0,0,0,0,1,1,0,0,0,-217.8011919,0,0,0,0,3,1,1,10,10,0,0,0,3,1,1,10,1000,0,0,0,0,0,0,0,0,0,0,0,0,0,0,0,0,0,0,0,0,0,0,0,0,0,0,0,0,0,0,0,0,0,0,0,0,0,0,0,0,0,0,0,0,0,0,0,0,0,0,0
1986,27,14,46,23.928,2,7,1,0,0,0,1,1,25,1016,1016,1016,1016,0,0,0,0,0,1,1,0,0,0,-217.8446644,0,0,0,0,3,1,1,10,10,0,0,0,3,1,1,10,1000,0,0,0,0,0,0,0,0,0,0,0,0,0,0,0,0,0,0,0,0,0,0,0,0,0,0,0,0,0,0,0,0,0,0,0,0,0,0,0,0,0,0,0,0,0,0,0,0,0,0,0
1986,27,14,47,11.928,2,7,1,0,0,0,1,1,25,1016,1016,1016,1016,0,0,0,0,0,1,1,0,0,0,-217.8881368,0,0,0,0,3,1,1,10,10,0,0,0,3,1,1,10,1000,0,0,0,0,0,0,0,0,0,0,0,0,0,0,0,0,0,0,0,0,0,0,0,0,0,0,0,0,0,0,0,0,0,0,0,0,0,0,0,0,0,0,0,0,0,0,0,0,0,0,0
1986,27,14,47,59.928,2,7,1,0,0,0,1,1,25,1016,1016,1016,1016,0,0,0,0,0,1,1,0,0,0,-217.9316091,0,0,0,0,3,1,1,10,10,0,0,0,3,1,1,10,1000,0,0,0,0,0,0,0,0,0,0,0,0,0,0,0,0,0,0,0,0,0,0,0,0,0,0,0,0,0,0,0,0,0,0,0,0,0,0,0,0,0,0,0,0,0,0,0,0,0,0,0
1986,27,14,48,47.928,2,7,1,0,0,0,1,1,25,1016,1016,1016,1016,0,0,0,0,0,1,1,0,0,0,-217.9750814,0,0,0,0,3,1,1,10,10,0,0,0,3,1,1,10,1000,0,0,0,0,0,0,0,0,0,0,0,0,0,0,0,0,0,0,0,0,0,0,0,0,0,0,0,0,0,0,0,0,0,0,0,0,0,0,0,0,0,0,0,0,0,0,0,0,0,0,0
1986,27,14,49,35.928,2,7,1,0,0,0,1,1,25,1016,1016,1016,1016,0,0,0,0,0,1,1,0,0,0,-218.0185536,0,0,0,0,3,1,1,10,10,0,0,0,3,1,1,10,1000,0,0,0,0,0,0,0,0,0,0,0,0,0,0,0,0,0,0,0,0,0,0,0,0,0,0,0,0,0,0,0,0,0,0,0,0,0,0,0,0,0,0,0,0,0,0,0,0,0,0,0
1986,27,14,50,23.927,2,7,1,0,0,0,1,1,25,1016,1016,1016,1016,0,0,0,0,0,1,1,0,0,0,-218.0620249,0,0,0,0,3,1,1,10,10,0,0,0,3,1,1,10,1000,0,0,0,0,0,0,0,0,0,0,0,0,0,0,0,0,0,0,0,0,0,0,0,0,0,0,0,0,0,0,0,0,0,0,0,0,0,0,0,0,0,0,0,0,0,0,0,0,0,0,0
1986,27,14,51,11.927,2,7,1,0,0,0,1,1,25,1016,1016,1016,1016,0,0,0,0,0,1,1,0,0,0,-218.1054971,0,0,0,0,3,1,1,10,10,0,0,0,3,1,1,10,1000,0,0,0,0,0,0,0,0,0,0,0,0,0,0,0,0,0,0,0,0,0,0,0,0,0,0,0,0,0,0,0,0,0,0,0,0,0,0,0,0,0,0,0,0,0,0,0,0,0,0,0
1986,27,14,54,23.927,2,7,1,0,0,0,1,1,25,1016,1016,1016,1016,0,0,0,0,0,1,1,0,0,0,-218.2793851,0,0,0,0,3,1,1,10,10,0,0,0,3,1,1,10,1000,0,0,0,0,0,0,0,0,0,0,0,0,0,0,0,0,0,0,0,0,0,0,0,0,0,0,0,0,0,0,0,0,0,0,0,0,0,0,0,0,0,0,0,0,0,0,0,0,0,0,0
1986,27,14,55,11.927,2,7,1,0,0,0,1,1,25,1016,1016,1016,1016,0,0,0,0,0,1,1,0,0,0,-218.3228569,0,0,0,0,3,1,1,10,10,0,0,0,3,1,1,10,1000,0,0,0,0,0,0,0,0,0,0,0,0,0,0,0,0,0,0,0,0,0,0,0,0,0,0,0,0,0,0,0,0,0,0,0,0,0,0,0,0,0,0,0,0,0,0,0,0,0,0,0
1986,27,14,55,59.927,2,7,1,0,0,0,1,1,25,1016,1016,1016,1016,0,0,0,0,0,1,1,0,0,0,-218.3663288,0,0,0,0,3,1,1,10,10,0,0,0,3,1,1,10,1000,0,0,0,0,0,0,0,0,0,0,0,0,0,0,0,0,0,0,0,0,0,0,0,0,0,0,0,0,0,0,0,0,0,0,0,0,0,0,0,0,0,0,0,0,0,0,0,0,0,0,0
1986,27,14,56,47.927,2,7,1,0,0,0,1,1,25,1016,1016,1016,1016,0,0,0,0,0,1,1,0,0,0,-218.4098005,0,0,0,0,3,1,1,10,10,0,0,0,3,1,1,10,1000,0,0,0,0,0,0,0,0,0,0,0,0,0,0,0,0,0,0,0,0,0,0,0,0,0,0,0,0,0,0,0,0,0,0,0,0,0,0,0,0,0,0,0,0,0,0,0,0,0,0,0
1986,27,14,57,35.927,2,7,1,0,0,0,1,1,25,1016,1016,1016,1016,0,0,0,0,0,1,1,0,0,0,-218.4532723,0,0,0,0,3,1,1,10,10,0,0,0,3,1,1,10,1000,0,0,0,0,0,0,0,0,0,0,0,0,0,0,0,0,0,0,0,0,0,0,0,0,0,0,0,0,0,0,0,0,0,0,0,0,0,0,0,0,0,0,0,0,0,0,0,0,0,0,0
1986,27,14,58,23.927,2,7,1,0,0,0,1,1,25,1016,1016,1016,1016,0,0,0,0,0,1,1,0,0,0,-218.4967439,0,0,0,0,3,1,1,10,10,0,0,0,3,1,1,10,1000,0,0,0,0,0,0,0,0,0,0,0,0,0,0,0,0,0,0,0,0,0,0,0,0,0,0,0,0,0,0,0,0,0,0,0,0,0,0,0,0,0,0,0,0,0,0,0,0,0,0,0
1986,27,14,59,11.927,2,7,1,0,0,0,1,1,25,1016,1016,1016,1016,0,0,0,0,0,1,1,0,0,0,-218.5402155,0,0,0,0,3,1,1,10,10,0,0,0,3,1,1,10,1000,0,0,0,0,0,0,0,0,0,0,0,0,0,0,0,0,0,0,0,0,0,0,0,0,0,0,0,0,0,0,0,0,0,0,0,0,0,0,0,0,0,0,0,0,0,0,0,0,0,0,0
1986,27,14,59,59.927,2,7,1,0,0,0,1,1,25,1016,1016,1016,1016,0,0,0,0,0,1,1,0,0,0,-218.5836871,0,0,0,0,3,1,1,10,10,0,0,0,3,1,1,10,1000,0,0,0,0,0,0,0,0,0,0,0,0,0,0,0,0,0,0,0,0,0,0,0,0,0,0,0,0,0,0,0,0,0,0,0,0,0,0,0,0,0,0,0,0,0,0,0,0,0,0,0
1986,27,15,0,47.927,2,7,1,0,0,0,1,1,25,1016,1016,1016,1016,0,0,0,0,0,1,1,0,0,0,-218.6271586,0,0,0,0,3,1,1,10,10,0,0,0,3,1,1,10,1000,0,0,0,0,0,0,0,0,0,0,0,0,0,0,0,0,0,0,0,0,0,0,0,0,0,0,0,0,0,0,0,0,0,0,0,0,0,0,0,0,0,0,0,0,0,0,0,0,0,0,0
1986,27,15,1,35.927,2,7,1,0,0,0,1,1,25,1016,1016,1016,1016,0,0,0,0,0,1,1,0,0,0,-218.6706301,0,0,0,0,3,1,1,10,10,0,0,0,3,1,1,10,1000,0,0,0,0,0,0,0,0,0,0,0,0,0,0,0,0,0,0,0,0,0,0,0,0,0,0,0,0,0,0,0,0,0,0,0,0,0,0,0,0,0,0,0,0,0,0,0,0,0,0,0
1986,27,15,2,23.927,2,7,1,0,0,0,1,1,25,1016,1016,1016,1016,0,0,0,0,0,1,1,0,0,0,-218.7141015,0,0,0,0,3,1,1,10,10,0,0,0,3,1,1,10,1000,0,0,0,0,0,0,0,0,0,0,0,0,0,0,0,0,0,0,0,0,0,0,0,0,0,0,0,0,0,0,0,0,0,0,0,0,0,0,0,0,0,0,0,0,0,0,0,0,0,0,0
1986,27,15,3,11.927,2,7,1,0,0,0,1,1,25,1016,1016,1016,1016,0,0,0,0,0,1,1,0,0,0,-218.7575728,0,0,0,0,3,1,1,10,10,0,0,0,3,1,1,10,1000,0,0,0,0,0,0,0,0,0,0,0,0,0,0,0,0,0,0,0,0,0,0,0,0,0,0,0,0,0,0,0,0,0,0,0,0,0,0,0,0,0,0,0,0,0,0,0,0,0,0,0
1986,27,15,6,23.926,2,7,1,0,0,0,1,1,25,1016,1016,1016,1016,0,0,0,0,0,1,1,0,0,0,-218.9314568,0,0,0,0,3,1,1,10,10,0,0,0,3,1,1,10,1000,0,0,0,0,0,0,0,0,0,0,0,0,0,0,0,0,0,0,0,0,0,0,0,0,0,0,0,0,0,0,0,0,0,0,0,0,0,0,0,0,0,0,0,0,0,0,0,0,0,0,0
1986,27,15,7,11.926,2,7,1,0,0,0,1,1,25,1016,1016,1016,1016,0,0,0,0,0,1,1,0,0,0,-218.9749279,0,0,0,0,3,1,1,10,10,0,0,0,3,1,1,10,1000,0,0,0,0,0,0,0,0,0,0,0,0,0,0,0,0,0,0,0,0,0,0,0,0,0,0,0,0,0,0,0,0,0,0,0,0,0,0,0,0,0,0,0,0,0,0,0,0,0,0,0
1986,27,15,7,59.926,2,7,1,0,0,0,1,1,25,1016,1016,1016,1016,0,0,0,0,0,1,1,0,0,0,-219.0183989,0,0,0,0,3,1,1,10,10,0,0,0,3,1,1,10,1000,0,0,0,0,0,0,0,0,0,0,0,0,0,0,0,0,0,0,0,0,0,0,0,0,0,0,0,0,0,0,0,0,0,0,0,0,0,0,0,0,0,0,0,0,0,0,0,0,0,0,0
1986,27,15,9,35.926,2,7,1,0,0,0,1,1,25,1016,1016,1016,1016,0,0,0,0,0,1,1,0,0,0,-219.1053409,0,0,0,0,3,1,1,10,10,0,0,0,3,1,1,10,1000,0,0,0,0,0,0,0,0,0,0,0,0,0,0,0,0,0,0,0,0,0,0,0,0,0,0,0,0,0,0,0,0,0,0,0,0,0,0,0,0,0,0,0,0,0,0,0,0,0,0,0
1986,27,15,10,23.926,2,7,1,0,0,0,1,1,25,1016,1016,1016,1016,0,0,0,0,0,1,1,0,0,0,-219.1488118,0,0,0,0,3,1,1,10,10,0,0,0,3,1,1,10,1000,0,0,0,0,0,0,0,0,0,0,0,0,0,0,0,0,0,0,0,0,0,0,0,0,0,0,0,0,0,0,0,0,0,0,0,0,0,0,0,0,0,0,0,0,0,0,0,0,0,0,0
1986,27,15,11,11.926,2,7,1,0,0,0,1,1,25,1016,1016,1016,1016,0,0,0,0,0,1,1,0,0,0,-219.1922826,0,0,0,0,3,1,1,10,10,0,0,0,3,1,1,10,1000,0,0,0,0,0,0,0,0,0,0,0,0,0,0,0,0,0,0,0,0,0,0,0,0,0,0,0,0,0,0,0,0,0,0,0,0,0,0,0,0,0,0,0,0,0,0,0,0,0,0,0
1986,27,15,11,59.926,2,7,1,0,0,0,1,1,25,1016,1016,1016,1016,0,0,0,0,0,1,1,0,0,0,-219.2357534,0,0,0,0,3,1,1,10,10,0,0,0,3,1,1,10,1000,0,0,0,0,0,0,0,0,0,0,0,0,0,0,0,0,0,0,0,0,0,0,0,0,0,0,0,0,0,0,0,0,0,0,0,0,0,0,0,0,0,0,0,0,0,0,0,0,0,0,0
1986,27,15,12,47.926,2,7,1,0,0,0,1,1,25,1016,1016,1016,1016,0,0,0,0,0,1,1,0,0,0,-219.2792241,0,0,0,0,3,1,1,10,10,0,0,0,3,1,1,10,1000,0,0,0,0,0,0,0,0,0,0,0,0,0,0,0,0,0,0,0,0,0,0,0,0,0,0,0,0,0,0,0,0,0,0,0,0,0,0,0,0,0,0,0,0,0,0,0,0,0,0,0
1986,27,15,13,35.926,2,7,1,0,0,0,1,1,25,1016,1016,1016,1016,0,0,0,0,0,1,1,0,0,0,-219.3226948,0,0,0,0,3,1,1,10,10,0,0,0,3,1,1,10,1000,0,0,0,0,0,0,0,0,0,0,0,0,0,0,0,0,0,0,0,0,0,0,0,0,0,0,0,0,0,0,0,0,0,0,0,0,0,0,0,0,0,0,0,0,0,0,0,0,0,0,0
1986,27,15,14,23.926,2,7,1,0,0,0,1,1,25,1016,1016,1016,1016,0,0,0,0,0,1,1,0,0,0,-219.3661654,0,0,0,0,3,1,1,10,10,0,0,0,3,1,1,10,1000,0,0,0,0,0,0,0,0,0,0,0,0,0,0,0,0,0,0,0,0,0,0,0,0,0,0,0,0,0,0,0,0,0,0,0,0,0,0,0,0,0,0,0,0,0,0,0,0,0,0,0
1986,27,15,15,11.926,2,7,1,0,0,0,1,1,25,1016,1016,1016,1016,0,0,0,0,0,1,1,0,0,0,-219.409636,0,0,0,0,3,1,1,10,10,0,0,0,3,1,1,10,1000,0,0,0,0,0,0,0,0,0,0,0,0,0,0,0,0,0,0,0,0,0,0,0,0,0,0,0,0,0,0,0,0,0,0,0,0,0,0,0,0,0,0,0,0,0,0,0,0,0,0,0
1986,27,15,18,23.926,2,7,1,0,0,0,1,1,25,1016,1016,1016,1016,0,0,0,0,0,1,1,0,0,0,-219.5835178,0,0,0,0,3,1,1,10,10,0,0,0,3,1,1,10,1000,0,0,0,0,0,0,0,0,0,0,0,0,0,0,0,0,0,0,0,0,0,0,0,0,0,0,0,0,0,0,0,0,0,0,0,0,0,0,0,0,0,0,0,0,0,0,0,0,0,0,0
1986,27,15,19,11.926,2,7,1,0,0,0,1,1,25,1016,1016,1016,1016,0,0,0,0,0,1,1,0,0,0,-219.6269881,0,0,0,0,3,1,1,10,10,0,0,0,3,1,1,10,1000,0,0,0,0,0,0,0,0,0,0,0,0,0,0,0,0,0,0,0,0,0,0,0,0,0,0,0,0,0,0,0,0,0,0,0,0,0,0,0,0,0,0,0,0,0,0,0,0,0,0,0
1986,27,15,19,59.926,2,7,1,0,0,0,1,1,25,1016,1016,1016,1016,0,0,0,0,0,1,1,0,0,0,-219.6704584,0,0,0,0,3,1,1,10,10,0,0,0,3,1,1,10,1000,0,0,0,0,0,0,0,0,0,0,0,0,0,0,0,0,0,0,0,0,0,0,0,0,0,0,0,0,0,0,0,0,0,0,0,0,0,0,0,0,0,0,0,0,0,0,0,0,0,0,0
1986,27,15,20,47.925,2,7,1,0,0,0,1,1,25,1016,1016,1016,1016,0,0,0,0,0,1,1,0,0,0,-219.7139277,0,0,0,0,3,1,1,10,10,0,0,0,3,1,1,10,1000,0,0,0,0,0,0,0,0,0,0,0,0,0,0,0,0,0,0,0,0,0,0,0,0,0,0,0,0,0,0,0,0,0,0,0,0,0,0,0,0,0,0,0,0,0,0,0,0,0,0,0
1986,27,15,21,35.925,2,7,1,0,0,0,1,1,25,1016,1016,1016,1016,0,0,0,0,0,1,1,0,0,0,-219.7573979,0,0,0,0,3,1,1,10,10,0,0,0,3,1,1,10,1000,0,0,0,0,0,0,0,0,0,0,0,0,0,0,0,0,0,0,0,0,0,0,0,0,0,0,0,0,0,0,0,0,0,0,0,0,0,0,0,0,0,0,0,0,0,0,0,0,0,0,0
1986,27,15,22,23.925,2,7,1,0,0,0,1,1,25,1016,1016,1016,1016,0,0,0,0,0,1,1,0,0,0,-219.800868,0,0,0,0,3,1,1,10,10,0,0,0,3,1,1,10,1000,0,0,0,0,0,0,0,0,0,0,0,0,0,0,0,0,0,0,0,0,0,0,0,0,0,0,0,0,0,0,0,0,0,0,0,0,0,0,0,0,0,0,0,0,0,0,0,0,0,0,0
1986,27,15,23,11.925,2,7,1,0,0,0,1,1,25,1016,1016,1016,1016,0,0,0,0,0,1,1,0,0,0,-219.844338,0,0,0,0,3,1,1,10,10,0,0,0,3,1,1,10,1000,0,0,0,0,0,0,0,0,0,0,0,0,0,0,0,0,0,0,0,0,0,0,0,0,0,0,0,0,0,0,0,0,0,0,0,0,0,0,0,0,0,0,0,0,0,0,0,0,0,0,0
1986,27,15,23,59.925,2,7,1,0,0,0,1,1,25,1016,1016,1016,1016,0,0,0,0,0,1,1,0,0,0,-219.887808,0,0,0,0,3,1,1,10,10,0,0,0,3,1,1,10,1000,0,0,0,0,0,0,0,0,0,0,0,0,0,0,0,0,0,0,0,0,0,0,0,0,0,0,0,0,0,0,0,0,0,0,0,0,0,0,0,0,0,0,0,0,0,0,0,0,0,0,0
1986,27,15,24,47.925,2,7,1,0,0,0,1,1,25,1016,1016,1016,1016,0,0,0,0,0,1,1,0,0,0,-219.931278,0,0,0,0,3,1,1,10,10,0,0,0,3,1,1,10,1000,0,0,0,0,0,0,0,0,0,0,0,0,0,0,0,0,0,0,0,0,0,0,0,0,0,0,0,0,0,0,0,0,0,0,0,0,0,0,0,0,0,0,0,0,0,0,0,0,0,0,0
1986,27,15,25,35.925,2,7,1,0,0,0,1,1,25,1016,1016,1016,1016,0,0,0,0,0,1,1,0,0,0,-219.9747479,0,0,0,0,3,1,1,10,10,0,0,0,3,1,1,10,1000,0,0,0,0,0,0,0,0,0,0,0,0,0,0,0,0,0,0,0,0,0,0,0,0,0,0,0,0,0,0,0,0,0,0,0,0,0,0,0,0,0,0,0,0,0,0,0,0,0,0,0
1986,27,15,26,23.925,2,7,1,0,0,0,1,1,25,1016,1016,1016,1016,0,0,0,0,0,1,1,0,0,0,-220.0182178,0,0,0,0,3,1,1,10,10,0,0,0,3,1,1,10,1000,0,0,0,0,0,0,0,0,0,0,0,0,0,0,0,0,0,0,0,0,0,0,0,0,0,0,0,0,0,0,0,0,0,0,0,0,0,0,0,0,0,0,0,0,0,0,0,0,0,0,0
1986,27,15,27,11.925,2,7,1,0,0,0,1,1,25,1016,1016,1016,1016,0,0,0,0,0,1,1,0,0,0,-220.0616876,0,0,0,0,3,1,1,10,10,0,0,0,3,1,1,10,1000,0,0,0,0,0,0,0,0,0,0,0,0,0,0,0,0,0,0,0,0,0,0,0,0,0,0,0,0,0,0,0,0,0,0,0,0,0,0,0,0,0,0,0,0,0,0,0,0,0,0,0
1986,27,15,30,23.925,2,7,1,0,0,0,1,1,25,1016,1016,1016,1016,0,0,0,0,0,1,1,0,0,0,-220.2355663,0,0,0,0,3,1,1,10,10,0,0,0,3,1,1,10,1000,0,0,0,0,0,0,0,0,0,0,0,0,0,0,0,0,0,0,0,0,0,0,0,0,0,0,0,0,0,0,0,0,0,0,0,0,0,0,0,0,0,0,0,0,0,0,0,0,0,0,0
1986,27,15,31,11.925,2,7,1,0,0,0,1,1,25,1016,1016,1016,1016,0,0,0,0,0,1,1,0,0,0,-220.2790358,0,0,0,0,3,1,1,10,10,0,0,0,3,1,1,10,1000,0,0,0,0,0,0,0,0,0,0,0,0,0,0,0,0,0,0,0,0,0,0,0,0,0,0,0,0,0,0,0,0,0,0,0,0,0,0,0,0,0,0,0,0,0,0,0,0,0,0,0
1986,27,15,31,59.925,2,7,1,0,0,0,1,1,25,1016,1016,1016,1016,0,0,0,0,0,1,1,0,0,0,-220.3225053,0,0,0,0,3,1,1,10,10,0,0,0,3,1,1,10,1000,0,0,0,0,0,0,0,0,0,0,0,0,0,0,0,0,0,0,0,0,0,0,0,0,0,0,0,0,0,0,0,0,0,0,0,0,0,0,0,0,0,0,0,0,0,0,0,0,0,0,0
1986,27,15,32,47.925,2,7,1,0,0,0,1,1,25,1016,1016,1016,1016,0,0,0,0,0,1,1,0,0,0,-220.3659748,0,0,0,0,3,1,1,10,10,0,0,0,3,1,1,10,1000,0,0,0,0,0,0,0,0,0,0,0,0,0,0,0,0,0,0,0,0,0,0,0,0,0,0,0,0,0,0,0,0,0,0,0,0,0,0,0,0,0,0,0,0,0,0,0,0,0,0,0
1986,27,15,33,35.925,2,7,1,0,0,0,1,1,25,1016,1016,1016,1016,0,0,0,0,0,1,1,0,0,0,-220.4094442,0,0,0,0,3,1,1,10,10,0,0,0,3,1,1,10,1000,0,0,0,0,0,0,0,0,0,0,0,0,0,0,0,0,0,0,0,0,0,0,0,0,0,0,0,0,0,0,0,0,0,0,0,0,0,0,0,0,0,0,0,0,0,0,0,0,0,0,0
1986,27,15,34,23.925,2,7,1,0,0,0,1,1,25,1016,1016,1016,1016,0,0,0,0,0,1,1,0,0,0,-220.4529135,0,0,0,0,3,1,1,10,10,0,0,0,3,1,1,10,1000,0,0,0,0,0,0,0,0,0,0,0,0,0,0,0,0,0,0,0,0,0,0,0,0,0,0,0,0,0,0,0,0,0,0,0,0,0,0,0,0,0,0,0,0,0,0,0,0,0,0,0
1986,27,15,35,11.924,2,7,1,0,0,0,1,1,25,1016,1016,1016,1016,0,0,0,0,0,1,1,0,0,0,-220.4963819,0,0,0,0,3,1,1,10,10,0,0,0,3,1,1,10,1000,0,0,0,0,0,0,0,0,0,0,0,0,0,0,0,0,0,0,0,0,0,0,0,0,0,0,0,0,0,0,0,0,0,0,0,0,0,0,0,0,0,0,0,0,0,0,0,0,0,0,0
1986,27,15,35,59.924,2,7,1,0,0,0,1,1,25,1016,1016,1016,1016,0,0,0,0,0,1,1,0,0,0,-220.5398511,0,0,0,0,3,1,1,10,10,0,0,0,3,1,1,10,1000,0,0,0,0,0,0,0,0,0,0,0,0,0,0,0,0,0,0,0,0,0,0,0,0,0,0,0,0,0,0,0,0,0,0,0,0,0,0,0,0,0,0,0,0,0,0,0,0,0,0,0
1986,27,15,36,47.924,2,7,1,0,0,0,1,1,25,1016,1016,1016,1016,0,0,0,0,0,1,1,0,0,0,-220.5833203,0,0,0,0,3,1,1,10,10,0,0,0,3,1,1,10,1000,0,0,0,0,0,0,0,0,0,0,0,0,0,0,0,0,0,0,0,0,0,0,0,0,0,0,0,0,0,0,0,0,0,0,0,0,0,0,0,0,0,0,0,0,0,0,0,0,0,0,0
1986,27,15,37,35.924,2,7,1,0,0,0,1,1,25,1016,1016,1016,1016,0,0,0,0,0,1,1,0,0,0,-220.6267895,0,0,0,0,3,1,1,10,10,0,0,0,3,1,1,10,1000,0,0,0,0,0,0,0,0,0,0,0,0,0,0,0,0,0,0,0,0,0,0,0,0,0,0,0,0,0,0,0,0,0,0,0,0,0,0,0,0,0,0,0,0,0,0,0,0,0,0,0
1986,27,15,38,23.924,2,7,1,0,0,0,1,1,25,1016,1016,1016,1016,0,0,0,0,0,1,1,0,0,0,-220.6702586,0,0,0,0,3,1,1,10,10,0,0,0,3,1,1,10,1000,0,0,0,0,0,0,0,0,0,0,0,0,0,0,0,0,0,0,0,0,0,0,0,0,0,0,0,0,0,0,0,0,0,0,0,0,0,0,0,0,0,0,0,0,0,0,0,0,0,0,0
1986,27,15,39,11.924,2,7,1,0,0,0,1,1,25,1016,1016,1016,1016,0,0,0,0,0,1,1,0,0,0,-220.7137276,0,0,0,0,3,1,1,10,10,0,0,0,3,1,1,10,1000,0,0,0,0,0,0,0,0,0,0,0,0,0,0,0,0,0,0,0,0,0,0,0,0,0,0,0,0,0,0,0,0,0,0,0,0,0,0,0,0,0,0,0,0,0,0,0,0,0,0,0
1986,27,15,42,23.924,2,7,1,0,0,0,1,1,25,1016,1016,1016,1016,0,0,0,0,0,1,1,0,0,0,-220.8876032,0,0,0,0,3,1,1,10,10,0,0,0,3,1,1,10,1000,0,0,0,0,0,0,0,0,0,0,0,0,0,0,0,0,0,0,0,0,0,0,0,0,0,0,0,0,0,0,0,0,0,0,0,0,0,0,0,0,0,0,0,0,0,0,0,0,0,0,0
1986,27,15,43,11.924,2,7,1,0,0,0,1,1,25,1016,1016,1016,1016,0,0,0,0,0,1,1,0,0,0,-220.931072,0,0,0,0,3,1,1,10,10,0,0,0,3,1,1,10,1000,0,0,0,0,0,0,0,0,0,0,0,0,0,0,0,0,0,0,0,0,0,0,0,0,0,0,0,0,0,0,0,0,0,0,0,0,0,0,0,0,0,0,0,0,0,0,0,0,0,0,0
1986,27,15,43,59.924,2,7,1,0,0,0,1,1,25,1016,1016,1016,1016,0,0,0,0,0,1,1,0,0,0,-220.9745407,0,0,0,0,3,1,1,10,10,0,0,0,3,1,1,10,1000,0,0,0,0,0,0,0,0,0,0,0,0,0,0,0,0,0,0,0,0,0,0,0,0,0,0,0,0,0,0,0,0,0,0,0,0,0,0,0,0,0,0,0,0,0,0,0,0,0,0,0
1986,27,15,44,47.924,2,7,1,0,0,0,1,1,25,1016,1016,1016,1016,0,0,0,0,0,1,1,0,0,0,-221.0180094,0,0,0,0,3,1,1,10,10,0,0,0,3,1,1,10,1000,0,0,0,0,0,0,0,0,0,0,0,0,0,0,0,0,0,0,0,0,0,0,0,0,0,0,0,0,0,0,0,0,0,0,0,0,0,0,0,0,0,0,0,0,0,0,0,0,0,0,0
1986,27,15,45,35.924,2,7,1,0,0,0,1,1,25,1016,1016,1016,1016,0,0,0,0,0,1,1,0,0,0,-221.061478,0,0,0,0,3,1,1,10,10,0,0,0,3,1,1,10,1000,0,0,0,0,0,0,0,0,0,0,0,0,0,0,0,0,0,0,0,0,0,0,0,0,0,0,0,0,0,0,0,0,0,0,0,0,0,0,0,0,0,0,0,0,0,0,0,0,0,0,0
1986,27,15,46,23.924,2,7,1,0,0,0,1,1,25,1016,1016,1016,1016,0,0,0,0,0,1,1,0,0,0,-221.1049466,0,0,0,0,3,1,1,10,10,0,0,0,3,1,1,10,1000,0,0,0,0,0,0,0,0,0,0,0,0,0,0,0,0,0,0,0,0,0,0,0,0,0,0,0,0,0,0,0,0,0,0,0,0,0,0,0,0,0,0,0,0,0,0,0,0,0,0,0
1986,27,15,47,11.924,2,7,1,0,0,0,1,1,25,1016,1016,1016,1016,0,0,0,0,0,1,1,0,0,0,-221.1484151,0,0,0,0,3,1,1,10,10,0,0,0,3,1,1,10,1000,0,0,0,0,0,0,0,0,0,0,0,0,0,0,0,0,0,0,0,0,0,0,0,0,0,0,0,0,0,0,0,0,0,0,0,0,0,0,0,0,0,0,0,0,0,0,0,0,0,0,0
1986,27,15,47,59.924,2,7,1,0,0,0,1,1,25,1016,1016,1016,1016,0,0,0,0,0,1,1,0,0,0,-221.1918836,0,0,0,0,3,1,1,10,10,0,0,0,3,1,1,10,1000,0,0,0,0,0,0,0,0,0,0,0,0,0,0,0,0,0,0,0,0,0,0,0,0,0,0,0,0,0,0,0,0,0,0,0,0,0,0,0,0,0,0,0,0,0,0,0,0,0,0,0
1986,27,15,48,47.924,2,7,1,0,0,0,1,1,25,1016,1016,1016,1016,0,0,0,0,0,1,1,0,0,0,-221.235352,0,0,0,0,3,1,1,10,10,0,0,0,3,1,1,10,1000,0,0,0,0,0,0,0,0,0,0,0,0,0,0,0,0,0,0,0,0,0,0,0,0,0,0,0,0,0,0,0,0,0,0,0,0,0,0,0,0,0,0,0,0,0,0,0,0,0,0,0
1986,27,15,49,35.924,2,7,1,0,0,0,1,1,25,1016,1016,1016,1016,0,0,0,0,0,1,1,0,0,0,-221.2788204,0,0,0,0,3,1,1,10,10,0,0,0,3,1,1,10,1000,0,0,0,0,0,0,0,0,0,0,0,0,0,0,0,0,0,0,0,0,0,0,0,0,0,0,0,0,0,0,0,0,0,0,0,0,0,0,0,0,0,0,0,0,0,0,0,0,0,0,0
1986,27,15,50,23.923,2,7,1,0,0,0,1,1,25,1016,1016,1016,1016,0,0,0,0,0,1,1,0,0,0,-221.3222878,0,0,0,0,3,1,1,10,10,0,0,0,3,1,1,10,1000,0,0,0,0,0,0,0,0,0,0,0,0,0,0,0,0,0,0,0,0,0,0,0,0,0,0,0,0,0,0,0,0,0,0,0,0,0,0,0,0,0,0,0,0,0,0,0,0,0,0,0
1986,27,15,51,11.923,2,7,1,0,0,0,1,1,25,1016,1016,1016,1016,0,0,0,0,0,1,1,0,0,0,-221.3657561,0,0,0,0,3,1,1,10,10,0,0,0,3,1,1,10,1000,0,0,0,0,0,0,0,0,0,0,0,0,0,0,0,0,0,0,0,0,0,0,0,0,0,0,0,0,0,0,0,0,0,0,0,0,0,0,0,0,0,0,0,0,0,0,0,0,0,0,0
1986,27,15,54,23.923,2,7,1,0,0,0,1,1,25,1016,1016,1016,1016,0,0,0,0,0,1,1,0,0,0,-221.5396287,0,0,0,0,3,1,1,10,10,0,0,0,3,1,1,10,1000,0,0,0,0,0,0,0,0,0,0,0,0,0,0,0,0,0,0,0,0,0,0,0,0,0,0,0,0,0,0,0,0,0,0,0,0,0,0,0,0,0,0,0,0,0,0,0,0,0,0,0
1986,27,15,55,11.923,2,7,1,0,0,0,1,1,25,1016,1016,1016,1016,0,0,0,0,0,1,1,0,0,0,-221.5830967,0,0,0,0,3,1,1,10,10,0,0,0,3,1,1,10,1000,0,0,0,0,0,0,0,0,0,0,0,0,0,0,0,0,0,0,0,0,0,0,0,0,0,0,0,0,0,0,0,0,0,0,0,0,0,0,0,0,0,0,0,0,0,0,0,0,0,0,0
1986,27,15,55,59.923,2,7,1,0,0,0,1,1,25,1016,1016,1016,1016,0,0,0,0,0,1,1,0,0,0,-221.6265647,0,0,0,0,3,1,1,10,10,0,0,0,3,1,1,10,1000,0,0,0,0,0,0,0,0,0,0,0,0,0,0,0,0,0,0,0,0,0,0,0,0,0,0,0,0,0,0,0,0,0,0,0,0,0,0,0,0,0,0,0,0,0,0,0,0,0,0,0
1986,27,15,56,47.923,2,7,1,0,0,0,1,1,25,1016,1016,1016,1016,0,0,0,0,0,1,1,0,0,0,-221.6700326,0,0,0,0,3,1,1,10,10,0,0,0,3,1,1,10,1000,0,0,0,0,0,0,0,0,0,0,0,0,0,0,0,0,0,0,0,0,0,0,0,0,0,0,0,0,0,0,0,0,0,0,0,0,0,0,0,0,0,0,0,0,0,0,0,0,0,0,0
1986,27,15,57,35.923,2,7,1,0,0,0,1,1,25,1016,1016,1016,1016,0,0,0,0,0,1,1,0,0,0,-221.7135005,0,0,0,0,3,1,1,10,10,0,0,0,3,1,1,10,1000,0,0,0,0,0,0,0,0,0,0,0,0,0,0,0,0,0,0,0,0,0,0,0,0,0,0,0,0,0,0,0,0,0,0,0,0,0,0,0,0,0,0,0,0,0,0,0,0,0,0,0
1986,27,15,58,23.923,2,7,1,0,0,0,1,1,25,1016,1016,1016,1016,0,0,0,0,0,1,1,0,0,0,-221.7569683,0,0,0,0,3,1,1,10,10,0,0,0,3,1,1,10,1000,0,0,0,0,0,0,0,0,0,0,0,0,0,0,0,0,0,0,0,0,0,0,0,0,0,0,0,0,0,0,0,0,0,0,0,0,0,0,0,0,0,0,0,0,0,0,0,0,0,0,0
1986,27,15,59,11.923,2,7,1,0,0,0,1,1,25,1016,1016,1016,1016,0,0,0,0,0,1,1,0,0,0,-221.800436,0,0,0,0,3,1,1,10,10,0,0,0,3,1,1,10,1000,0,0,0,0,0,0,0,0,0,0,0,0,0,0,0,0,0,0,0,0,0,0,0,0,0,0,0,0,0,0,0,0,0,0,0,0,0,0,0,0,0,0,0,0,0,0,0,0,0,0,0
1986,27,15,59,59.923,2,7,1,0,0,0,1,1,25,1016,1016,1016,1016,0,0,0,0,0,1,1,0,0,0,-221.8439037,0,0,0,0,3,1,1,10,10,0,0,0,3,1,1,10,1000,0,0,0,0,0,0,0,0,0,0,0,0,0,0,0,0,0,0,0,0,0,0,0,0,0,0,0,0,0,0,0,0,0,0,0,0,0,0,0,0,0,0,0,0,0,0,0,0,0,0,0
1986,27,16,0,47.923,2,7,1,0,0,0,1,1,25,1016,1016,1016,1016,0,0,0,0,0,1,1,0,0,0,-221.8873714,0,0,0,0,3,1,1,10,10,0,0,0,3,1,1,10,1000,0,0,0,0,0,0,0,0,0,0,0,0,0,0,0,0,0,0,0,0,0,0,0,0,0,0,0,0,0,0,0,0,0,0,0,0,0,0,0,0,0,0,0,0,0,0,0,0,0,0,0
1986,27,16,1,35.923,2,7,1,0,0,0,1,1,25,1016,1016,1016,1016,0,0,0,0,0,1,1,0,0,0,-221.930839,0,0,0,0,3,1,1,10,10,0,0,0,3,1,1,10,1000,0,0,0,0,0,0,0,0,0,0,0,0,0,0,0,0,0,0,0,0,0,0,0,0,0,0,0,0,0,0,0,0,0,0,0,0,0,0,0,0,0,0,0,0,0,0,0,0,0,0,0
1986,27,16,2,23.923,2,7,1,0,0,0,1,1,25,1016,1016,1016,1016,0,0,0,0,0,1,1,0,0,0,-221.9743066,0,0,0,0,3,1,1,10,10,0,0,0,3,1,1,10,1000,0,0,0,0,0,0,0,0,0,0,0,0,0,0,0,0,0,0,0,0,0,0,0,0,0,0,0,0,0,0,0,0,0,0,0,0,0,0,0,0,0,0,0,0,0,0,0,0,0,0,0
1986,27,16,3,11.923,2,7,1,0,0,0,1,1,25,1016,1016,1016,1016,0,0,0,0,0,1,1,0,0,0,-222.0177741,0,0,0,0,3,1,1,10,10,0,0,0,3,1,1,10,1000,0,0,0,0,0,0,0,0,0,0,0,0,0,0,0,0,0,0,0,0,0,0,0,0,0,0,0,0,0,0,0,0,0,0,0,0,0,0,0,0,0,0,0,0,0,0,0,0,0,0,0
1986,27,16,6,23.922,2,7,1,0,0,0,1,1,25,1016,1016,1016,1016,0,0,0,0,0,1,1,0,0,0,-222.1916427,0,0,0,0,3,1,1,10,10,0,0,0,3,1,1,10,1000,0,0,0,0,0,0,0,0,0,0,0,0,0,0,0,0,0,0,0,0,0,0,0,0,0,0,0,0,0,0,0,0,0,0,0,0,0,0,0,0,0,0,0,0,0,0,0,0,0,0,0
1986,27,16,7,11.922,2,7,1,0,0,0,1,1,25,1016,1016,1016,1016,0,0,0,0,0,1,1,0,0,0,-222.23511,0,0,0,0,3,1,1,10,10,0,0,0,3,1,1,10,1000,0,0,0,0,0,0,0,0,0,0,0,0,0,0,0,0,0,0,0,0,0,0,0,0,0,0,0,0,0,0,0,0,0,0,0,0,0,0,0,0,0,0,0,0,0,0,0,0,0,0,0
1986,27,16,7,59.922,2,7,1,0,0,0,1,1,25,1016,1016,1016,1016,0,0,0,0,0,1,1,0,0,0,-222.2785772,0,0,0,0,3,1,1,10,10,0,0,0,3,1,1,10,1000,0,0,0,0,0,0,0,0,0,0,0,0,0,0,0,0,0,0,0,0,0,0,0,0,0,0,0,0,0,0,0,0,0,0,0,0,0,0,0,0,0,0,0,0,0,0,0,0,0,0,0
1986,27,16,8,47.922,2,7,1,0,0,0,1,1,25,1016,1016,1016,1016,0,0,0,0,0,1,1,0,0,0,-222.3220443,0,0,0,0,3,1,1,10,10,0,0,0,3,1,1,10,1000,0,0,0,0,0,0,0,0,0,0,0,0,0,0,0,0,0,0,0,0,0,0,0,0,0,0,0,0,0,0,0,0,0,0,0,0,0,0,0,0,0,0,0,0,0,0,0,0,0,0,0
1986,27,16,9,35.922,2,7,1,0,0,0,1,1,25,1016,1016,1016,1016,0,0,0,0,0,1,1,0,0,0,-222.3655115,0,0,0,0,3,1,1,10,10,0,0,0,3,1,1,10,1000,0,0,0,0,0,0,0,0,0,0,0,0,0,0,0,0,0,0,0,0,0,0,0,0,0,0,0,0,0,0,0,0,0,0,0,0,0,0,0,0,0,0,0,0,0,0,0,0,0,0,0
1986,27,16,10,23.922,2,7,1,0,0,0,1,1,25,1016,1016,1016,1016,0,0,0,0,0,1,1,0,0,0,-222.4089785,0,0,0,0,3,1,1,10,10,0,0,0,3,1,1,10,1000,0,0,0,0,0,0,0,0,0,0,0,0,0,0,0,0,0,0,0,0,0,0,0,0,0,0,0,0,0,0,0,0,0,0,0,0,0,0,0,0,0,0,0,0,0,0,0,0,0,0,0
1986,27,16,11,11.922,2,7,1,0,0,0,1,1,25,1016,1016,1016,1016,0,0,0,0,0,1,1,0,0,0,-222.4524455,0,0,0,0,3,1,1,10,10,0,0,0,3,1,1,10,1000,0,0,0,0,0,0,0,0,0,0,0,0,0,0,0,0,0,0,0,0,0,0,0,0,0,0,0,0,0,0,0,0,0,0,0,0,0,0,0,0,0,0,0,0,0,0,0,0,0,0,0
1986,27,16,11,59.922,2,7,1,0,0,0,1,1,25,1016,1016,1016,1016,0,0,0,0,0,1,1,0,0,0,-222.4959125,0,0,0,0,3,1,1,10,10,0,0,0,3,1,1,10,1000,0,0,0,0,0,0,0,0,0,0,0,0,0,0,0,0,0,0,0,0,0,0,0,0,0,0,0,0,0,0,0,0,0,0,0,0,0,0,0,0,0,0,0,0,0,0,0,0,0,0,0
1986,27,16,12,47.922,2,7,1,0,0,0,1,1,25,1016,1016,1016,1016,0,0,0,0,0,1,1,0,0,0,-222.5393794,0,0,0,0,3,1,1,10,10,0,0,0,3,1,1,10,1000,0,0,0,0,0,0,0,0,0,0,0,0,0,0,0,0,0,0,0,0,0,0,0,0,0,0,0,0,0,0,0,0,0,0,0,0,0,0,0,0,0,0,0,0,0,0,0,0,0,0,0
1986,27,16,13,35.922,2,7,1,0,0,0,1,1,25,1016,1016,1016,1016,0,0,0,0,0,1,1,0,0,0,-222.5828462,0,0,0,0,3,1,1,10,10,0,0,0,3,1,1,10,1000,0,0,0,0,0,0,0,0,0,0,0,0,0,0,0,0,0,0,0,0,0,0,0,0,0,0,0,0,0,0,0,0,0,0,0,0,0,0,0,0,0,0,0,0,0,0,0,0,0,0,0
1986,27,16,14,23.922,2,7,1,0,0,0,1,1,25,1016,1016,1016,1016,0,0,0,0,0,1,1,0,0,0,-222.626313,0,0,0,0,3,1,1,10,10,0,0,0,3,1,1,10,1000,0,0,0,0,0,0,0,0,0,0,0,0,0,0,0,0,0,0,0,0,0,0,0,0,0,0,0,0,0,0,0,0,0,0,0,0,0,0,0,0,0,0,0,0,0,0,0,0,0,0,0
1986,27,16,15,11.922,2,7,1,0,0,0,1,1,25,1016,1016,1016,1016,0,0,0,0,0,1,1,0,0,0,-222.6697798,0,0,0,0,3,1,1,10,10,0,0,0,3,1,1,10,1000,0,0,0,0,0,0,0,0,0,0,0,0,0,0,0,0,0,0,0,0,0,0,0,0,0,0,0,0,0,0,0,0,0,0,0,0,0,0,0,0,0,0,0,0,0,0,0,0,0,0,0
1986,27,16,18,23.922,2,7,1,0,0,0,1,1,25,1016,1016,1016,1016,0,0,0,0,0,1,1,0,0,0,-222.8436463,0,0,0,0,3,1,1,10,10,0,0,0,3,1,1,10,1000,0,0,0,0,0,0,0,0,0,0,0,0,0,0,0,0,0,0,0,0,0,0,0,0,0,0,0,0,0,0,0,0,0,0,0,0,0,0,0,0,0,0,0,0,0,0,0,0,0,0,0
1986,27,16,19,11.922,2,7,1,0,0,0,1,1,25,1016,1016,1016,1016,0,0,0,0,0,1,1,0,0,0,-222.8871128,0,0,0,0,3,1,1,10,10,0,0,0,3,1,1,10,1000,0,0,0,0,0,0,0,0,0,0,0,0,0,0,0,0,0,0,0,0,0,0,0,0,0,0,0,0,0,0,0,0,0,0,0,0,0,0,0,0,0,0,0,0,0,0,0,0,0,0,0
1986,27,16,19,59.922,2,7,1,0,0,0,1,1,25,1016,1016,1016,1016,0,0,0,0,0,1,1,0,0,0,-222.9305793,0,0,0,0,3,1,1,10,10,0,0,0,3,1,1,10,1000,0,0,0,0,0,0,0,0,0,0,0,0,0,0,0,0,0,0,0,0,0,0,0,0,0,0,0,0,0,0,0,0,0,0,0,0,0,0,0,0,0,0,0,0,0,0,0,0,0,0,0
1986,27,16,20,47.921,2,7,1,0,0,0,1,1,25,1016,1016,1016,1016,0,0,0,0,0,1,1,0,0,0,-222.9740447,0,0,0,0,3,1,1,10,10,0,0,0,3,1,1,10,1000,0,0,0,0,0,0,0,0,0,0,0,0,0,0,0,0,0,0,0,0,0,0,0,0,0,0,0,0,0,0,0,0,0,0,0,0,0,0,0,0,0,0,0,0,0,0,0,0,0,0,0
1986,27,16,21,35.921,2,7,1,0,0,0,1,1,25,1016,1016,1016,1016,0,0,0,0,0,1,1,0,0,0,-223.0175111,0,0,0,0,3,1,1,10,10,0,0,0,3,1,1,10,1000,0,0,0,0,0,0,0,0,0,0,0,0,0,0,0,0,0,0,0,0,0,0,0,0,0,0,0,0,0,0,0,0,0,0,0,0,0,0,0,0,0,0,0,0,0,0,0,0,0,0,0
1986,27,16,22,23.921,2,7,1,0,0,0,1,1,25,1016,1016,1016,1016,0,0,0,0,0,1,1,0,0,0,-223.0609774,0,0,0,0,3,1,1,10,10,0,0,0,3,1,1,10,1000,0,0,0,0,0,0,0,0,0,0,0,0,0,0,0,0,0,0,0,0,0,0,0,0,0,0,0,0,0,0,0,0,0,0,0,0,0,0,0,0,0,0,0,0,0,0,0,0,0,0,0
1986,27,16,23,11.921,2,7,1,0,0,0,1,1,25,1016,1016,1016,1016,0,0,0,0,0,1,1,0,0,0,-223.1044437,0,0,0,0,3,1,1,10,10,0,0,0,3,1,1,10,1000,0,0,0,0,0,0,0,0,0,0,0,0,0,0,0,0,0,0,0,0,0,0,0,0,0,0,0,0,0,0,0,0,0,0,0,0,0,0,0,0,0,0,0,0,0,0,0,0,0,0,0
1986,27,16,23,59.921,2,7,1,0,0,0,1,1,25,1016,1016,1016,1016,0,0,0,0,0,1,1,0,0,0,-223.1479099,0,0,0,0,3,1,1,10,10,0,0,0,3,1,1,10,1000,0,0,0,0,0,0,0,0,0,0,0,0,0,0,0,0,0,0,0,0,0,0,0,0,0,0,0,0,0,0,0,0,0,0,0,0,0,0,0,0,0,0,0,0,0,0,0,0,0,0,0
1986,27,16,24,47.921,2,7,1,0,0,0,1,1,25,1016,1016,1016,1016,0,0,0,0,0,1,1,0,0,0,-223.191376,0,0,0,0,3,1,1,10,10,0,0,0,3,1,1,10,1000,0,0,0,0,0,0,0,0,0,0,0,0,0,0,0,0,0,0,0,0,0,0,0,0,0,0,0,0,0,0,0,0,0,0,0,0,0,0,0,0,0,0,0,0,0,0,0,0,0,0,0
1986,27,16,25,35.921,2,7,1,0,0,0,1,1,25,1016,1016,1016,1016,0,0,0,0,0,1,1,0,0,0,-223.2348421,0,0,0,0,3,1,1,10,10,0,0,0,3,1,1,10,1000,0,0,0,0,0,0,0,0,0,0,0,0,0,0,0,0,0,0,0,0,0,0,0,0,0,0,0,0,0,0,0,0,0,0,0,0,0,0,0,0,0,0,0,0,0,0,0,0,0,0,0
1986,27,16,26,23.921,2,7,1,0,0,0,1,1,25,1016,1016,1016,1016,0,0,0,0,0,1,1,0,0,0,-223.2783082,0,0,0,0,3,1,1,10,10,0,0,0,3,1,1,10,1000,0,0,0,0,0,0,0,0,0,0,0,0,0,0,0,0,0,0,0,0,0,0,0,0,0,0,0,0,0,0,0,0,0,0,0,0,0,0,0,0,0,0,0,0,0,0,0,0,0,0,0
1986,27,16,27,11.921,2,7,1,0,0,0,1,1,25,1016,1016,1016,1016,0,0,0,0,0,1,1,0,0,0,-223.3217742,0,0,0,0,3,1,1,10,10,0,0,0,3,1,1,10,1000,0,0,0,0,0,0,0,0,0,0,0,0,0,0,0,0,0,0,0,0,0,0,0,0,0,0,0,0,0,0,0,0,0,0,0,0,0,0,0,0,0,0,0,0,0,0,0,0,0,0,0
1986,27,16,30,23.921,2,7,1,0,0,0,1,1,25,1016,1016,1016,1016,0,0,0,0,0,1,1,0,0,0,-223.4956377,0,0,0,0,3,1,1,10,10,0,0,0,3,1,1,10,1000,0,0,0,0,0,0,0,0,0,0,0,0,0,0,0,0,0,0,0,0,0,0,0,0,0,0,0,0,0,0,0,0,0,0,0,0,0,0,0,0,0,0,0,0,0,0,0,0,0,0,0
1986,27,16,31,11.921,2,7,1,0,0,0,1,1,25,1016,1016,1016,1016,0,0,0,0,0,1,1,0,0,0,-223.5391034,0,0,0,0,3,1,1,10,10,0,0,0,3,1,1,10,1000,0,0,0,0,0,0,0,0,0,0,0,0,0,0,0,0,0,0,0,0,0,0,0,0,0,0,0,0,0,0,0,0,0,0,0,0,0,0,0,0,0,0,0,0,0,0,0,0,0,0,0
1986,27,16,31,59.921,2,7,1,0,0,0,1,1,25,1016,1016,1016,1016,0,0,0,0,0,1,1,0,0,0,-223.5825691,0,0,0,0,3,1,1,10,10,0,0,0,3,1,1,10,1000,0,0,0,0,0,0,0,0,0,0,0,0,0,0,0,0,0,0,0,0,0,0,0,0,0,0,0,0,0,0,0,0,0,0,0,0,0,0,0,0,0,0,0,0,0,0,0,0,0,0,0
1986,27,16,32,47.921,2,7,1,0,0,0,1,1,25,1016,1016,1016,1016,0,0,0,0,0,1,1,0,0,0,-223.6260348,0,0,0,0,3,1,1,10,10,0,0,0,3,1,1,10,1000,0,0,0,0,0,0,0,0,0,0,0,0,0,0,0,0,0,0,0,0,0,0,0,0,0,0,0,0,0,0,0,0,0,0,0,0,0,0,0,0,0,0,0,0,0,0,0,0,0,0,0
1986,27,16,33,35.921,2,7,1,0,0,0,1,1,25,1016,1016,1016,1016,0,0,0,0,0,1,1,0,0,0,-223.6695004,0,0,0,0,3,1,1,10,10,0,0,0,3,1,1,10,1000,0,0,0,0,0,0,0,0,0,0,0,0,0,0,0,0,0,0,0,0,0,0,0,0,0,0,0,0,0,0,0,0,0,0,0,0,0,0,0,0,0,0,0,0,0,0,0,0,0,0,0
1986,27,16,34,23.921,2,7,1,0,0,0,1,1,25,1016,1016,1016,1016,0,0,0,0,0,1,1,0,0,0,-223.7129659,0,0,0,0,3,1,1,10,10,0,0,0,3,1,1,10,1000,0,0,0,0,0,0,0,0,0,0,0,0,0,0,0,0,0,0,0,0,0,0,0,0,0,0,0,0,0,0,0,0,0,0,0,0,0,0,0,0,0,0,0,0,0,0,0,0,0,0,0
1986,27,16,35,11.921,2,7,1,0,0,0,1,1,25,1016,1016,1016,1016,0,0,0,0,0,1,1,0,0,0,-223.7564314,0,0,0,0,3,1,1,10,10,0,0,0,3,1,1,10,1000,0,0,0,0,0,0,0,0,0,0,0,0,0,0,0,0,0,0,0,0,0,0,0,0,0,0,0,0,0,0,0,0,0,0,0,0,0,0,0,0,0,0,0,0,0,0,0,0,0,0,0
1986,27,16,35,59.92,2,7,1,0,0,0,1,1,25,1016,1016,1016,1016,0,0,0,0,0,1,1,0,0,0,-223.7998959,0,0,0,0,3,1,1,10,10,0,0,0,3,1,1,10,1000,0,0,0,0,0,0,0,0,0,0,0,0,0,0,0,0,0,0,0,0,0,0,0,0,0,0,0,0,0,0,0,0,0,0,0,0,0,0,0,0,0,0,0,0,0,0,0,0,0,0,0
1986,27,16,36,47.92,2,7,1,0,0,0,1,1,25,1016,1016,1016,1016,0,0,0,0,0,1,1,0,0,0,-223.8433613,0,0,0,0,3,1,1,10,10,0,0,0,3,1,1,10,1000,0,0,0,0,0,0,0,0,0,0,0,0,0,0,0,0,0,0,0,0,0,0,0,0,0,0,0,0,0,0,0,0,0,0,0,0,0,0,0,0,0,0,0,0,0,0,0,0,0,0,0
1986,27,16,37,35.92,2,7,1,0,0,0,1,1,25,1016,1016,1016,1016,0,0,0,0,0,1,1,0,0,0,-223.8868267,0,0,0,0,3,1,1,10,10,0,0,0,3,1,1,10,1000,0,0,0,0,0,0,0,0,0,0,0,0,0,0,0,0,0,0,0,0,0,0,0,0,0,0,0,0,0,0,0,0,0,0,0,0,0,0,0,0,0,0,0,0,0,0,0,0,0,0,0
1986,27,16,38,23.92,2,7,1,0,0,0,1,1,25,1016,1016,1016,1016,0,0,0,0,0,1,1,0,0,0,-223.930292,0,0,0,0,3,1,1,10,10,0,0,0,3,1,1,10,1000,0,0,0,0,0,0,0,0,0,0,0,0,0,0,0,0,0,0,0,0,0,0,0,0,0,0,0,0,0,0,0,0,0,0,0,0,0,0,0,0,0,0,0,0,0,0,0,0,0,0,0
1986,27,16,39,11.92,2,7,1,0,0,0,1,1,25,1016,1016,1016,1016,0,0,0,0,0,1,1,0,0,0,-223.9737573,0,0,0,0,3,1,1,10,10,0,0,0,3,1,1,10,1000,0,0,0,0,0,0,0,0,0,0,0,0,0,0,0,0,0,0,0,0,0,0,0,0,0,0,0,0,0,0,0,0,0,0,0,0,0,0,0,0,0,0,0,0,0,0,0,0,0,0,0
1986,27,16,42,23.92,2,7,1,0,0,0,1,1,25,1016,1016,1016,1016,0,0,0,0,0,1,1,0,0,0,-224.1476178,0,0,0,0,3,1,1,10,10,0,0,0,3,1,1,10,1000,0,0,0,0,0,0,0,0,0,0,0,0,0,0,0,0,0,0,0,0,0,0,0,0,0,0,0,0,0,0,0,0,0,0,0,0,0,0,0,0,0,0,0,0,0,0,0,0,0,0,0
1986,27,16,43,11.92,2,7,1,0,0,0,1,1,25,1016,1016,1016,1016,0,0,0,0,0,1,1,0,0,0,-224.1910828,0,0,0,0,3,1,1,10,10,0,0,0,3,1,1,10,1000,0,0,0,0,0,0,0,0,0,0,0,0,0,0,0,0,0,0,0,0,0,0,0,0,0,0,0,0,0,0,0,0,0,0,0,0,0,0,0,0,0,0,0,0,0,0,0,0,0,0,0
1986,27,16,43,59.92,2,7,1,0,0,0,1,1,25,1016,1016,1016,1016,0,0,0,0,0,1,1,0,0,0,-224.2345477,0,0,0,0,3,1,1,10,10,0,0,0,3,1,1,10,1000,0,0,0,0,0,0,0,0,0,0,0,0,0,0,0,0,0,0,0,0,0,0,0,0,0,0,0,0,0,0,0,0,0,0,0,0,0,0,0,0,0,0,0,0,0,0,0,0,0,0,0
1986,27,16,44,47.92,2,7,1,0,0,0,1,1,25,1016,1016,1016,1016,0,0,0,0,0,1,1,0,0,0,-224.2780126,0,0,0,0,3,1,1,10,10,0,0,0,3,1,1,10,1000,0,0,0,0,0,0,0,0,0,0,0,0,0,0,0,0,0,0,0,0,0,0,0,0,0,0,0,0,0,0,0,0,0,0,0,0,0,0,0,0,0,0,0,0,0,0,0,0,0,0,0
1986,27,16,45,35.92,2,7,1,0,0,0,1,1,25,1016,1016,1016,1016,0,0,0,0,0,1,1,0,0,0,-224.3214775,0,0,0,0,3,1,1,10,10,0,0,0,3,1,1,10,1000,0,0,0,0,0,0,0,0,0,0,0,0,0,0,0,0,0,0,0,0,0,0,0,0,0,0,0,0,0,0,0,0,0,0,0,0,0,0,0,0,0,0,0,0,0,0,0,0,0,0,0
1986,27,16,46,23.92,2,7,1,0,0,0,1,1,25,1016,1016,1016,1016,0,0,0,0,0,1,1,0,0,0,-224.3649423,0,0,0,0,3,1,1,10,10,0,0,0,3,1,1,10,1000,0,0,0,0,0,0,0,0,0,0,0,0,0,0,0,0,0,0,0,0,0,0,0,0,0,0,0,0,0,0,0,0,0,0,0,0,0,0,0,0,0,0,0,0,0,0,0,0,0,0,0
1986,27,16,47,11.92,2,7,1,0,0,0,1,1,25,1016,1016,1016,1016,0,0,0,0,0,1,1,0,0,0,-224.408407,0,0,0,0,3,1,1,10,10,0,0,0,3,1,1,10,1000,0,0,0,0,0,0,0,0,0,0,0,0,0,0,0,0,0,0,0,0,0,0,0,0,0,0,0,0,0,0,0,0,0,0,0,0,0,0,0,0,0,0,0,0,0,0,0,0,0,0,0
1986,27,16,47,59.92,2,7,1,0,0,0,1,1,25,1016,1016,1016,1016,0,0,0,0,0,1,1,0,0,0,-224.4518717,0,0,0,0,3,1,1,10,10,0,0,0,3,1,1,10,1000,0,0,0,0,0,0,0,0,0,0,0,0,0,0,0,0,0,0,0,0,0,0,0,0,0,0,0,0,0,0,0,0,0,0,0,0,0,0,0,0,0,0,0,0,0,0,0,0,0,0,0
1986,27,16,48,47.92,2,7,1,0,0,0,1,1,25,1016,1016,1016,1016,0,0,0,0,0,1,1,0,0,0,-224.4953364,0,0,0,0,3,1,1,10,10,0,0,0,3,1,1,10,1000,0,0,0,0,0,0,0,0,0,0,0,0,0,0,0,0,0,0,0,0,0,0,0,0,0,0,0,0,0,0,0,0,0,0,0,0,0,0,0,0,0,0,0,0,0,0,0,0,0,0,0
1986,27,16,49,35.92,2,7,1,0,0,0,1,1,25,1016,1016,1016,1016,0,0,0,0,0,1,1,0,0,0,-224.538801,0,0,0,0,3,1,1,10,10,0,0,0,3,1,1,10,1000,0,0,0,0,0,0,0,0,0,0,0,0,0,0,0,0,0,0,0,0,0,0,0,0,0,0,0,0,0,0,0,0,0,0,0,0,0,0,0,0,0,0,0,0,0,0,0,0,0,0,0
1986,27,16,50,23.92,2,7,1,0,0,0,1,1,25,1016,1016,1016,1016,0,0,0,0,0,1,1,0,0,0,-224.5822655,0,0,0,0,3,1,1,10,10,0,0,0,3,1,1,10,1000,0,0,0,0,0,0,0,0,0,0,0,0,0,0,0,0,0,0,0,0,0,0,0,0,0,0,0,0,0,0,0,0,0,0,0,0,0,0,0,0,0,0,0,0,0,0,0,0,0,0,0
1986,27,16,51,11.919,2,7,1,0,0,0,1,1,25,1016,1016,1016,1016,0,0,0,0,0,1,1,0,0,0,-224.6257291,0,0,0,0,3,1,1,10,10,0,0,0,3,1,1,10,1000,0,0,0,0,0,0,0,0,0,0,0,0,0,0,0,0,0,0,0,0,0,0,0,0,0,0,0,0,0,0,0,0,0,0,0,0,0,0,0,0,0,0,0,0,0,0,0,0,0,0,0
1986,27,16,54,23.919,2,7,1,0,0,0,1,1,25,1016,1016,1016,1016,0,0,0,0,0,1,1,0,0,0,-224.7995866,0,0,0,0,3,1,1,10,10,0,0,0,3,1,1,10,1000,0,0,0,0,0,0,0,0,0,0,0,0,0,0,0,0,0,0,0,0,0,0,0,0,0,0,0,0,0,0,0,0,0,0,0,0,0,0,0,0,0,0,0,0,0,0,0,0,0,0,0
1986,27,16,55,11.919,2,7,1,0,0,0,1,1,25,1016,1016,1016,1016,0,0,0,0,0,1,1,0,0,0,-224.8430509,0,0,0,0,3,1,1,10,10,0,0,0,3,1,1,10,1000,0,0,0,0,0,0,0,0,0,0,0,0,0,0,0,0,0,0,0,0,0,0,0,0,0,0,0,0,0,0,0,0,0,0,0,0,0,0,0,0,0,0,0,0,0,0,0,0,0,0,0
1986,27,16,55,59.919,2,7,1,0,0,0,1,1,25,1016,1016,1016,1016,0,0,0,0,0,1,1,0,0,0,-224.8865151,0,0,0,0,3,1,1,10,10,0,0,0,3,1,1,10,1000,0,0,0,0,0,0,0,0,0,0,0,0,0,0,0,0,0,0,0,0,0,0,0,0,0,0,0,0,0,0,0,0,0,0,0,0,0,0,0,0,0,0,0,0,0,0,0,0,0,0,0
1986,27,16,56,47.919,2,7,1,0,0,0,1,1,25,1016,1016,1016,1016,0,0,0,0,0,1,1,0,0,0,-224.9299793,0,0,0,0,3,1,1,10,10,0,0,0,3,1,1,10,1000,0,0,0,0,0,0,0,0,0,0,0,0,0,0,0,0,0,0,0,0,0,0,0,0,0,0,0,0,0,0,0,0,0,0,0,0,0,0,0,0,0,0,0,0,0,0,0,0,0,0,0
1986,27,16,57,35.919,2,7,1,0,0,0,1,1,25,1016,1016,1016,1016,0,0,0,0,0,1,1,0,0,0,-224.9734434,0,0,0,0,3,1,1,10,10,0,0,0,3,1,1,10,1000,0,0,0,0,0,0,0,0,0,0,0,0,0,0,0,0,0,0,0,0,0,0,0,0,0,0,0,0,0,0,0,0,0,0,0,0,0,0,0,0,0,0,0,0,0,0,0,0,0,0,0
1986,27,16,58,23.919,2,7,1,0,0,0,1,1,25,1016,1016,1016,1016,0,0,0,0,0,1,1,0,0,0,-225.0169074,0,0,0,0,3,1,1,10,10,0,0,0,3,1,1,10,1000,0,0,0,0,0,0,0,0,0,0,0,0,0,0,0,0,0,0,0,0,0,0,0,0,0,0,0,0,0,0,0,0,0,0,0,0,0,0,0,0,0,0,0,0,0,0,0,0,0,0,0
1986,27,16,59,11.919,2,7,1,0,0,0,1,1,25,1016,1016,1016,1016,0,0,0,0,0,1,1,0,0,0,-225.0603714,0,0,0,0,3,1,1,10,10,0,0,0,3,1,1,10,1000,0,0,0,0,0,0,0,0,0,0,0,0,0,0,0,0,0,0,0,0,0,0,0,0,0,0,0,0,0,0,0,0,0,0,0,0,0,0,0,0,0,0,0,0,0,0,0,0,0,0,0
1986,27,16,59,59.919,2,7,1,0,0,0,1,1,25,1016,1016,1016,1016,0,0,0,0,0,1,1,0,0,0,-225.1038354,0,0,0,0,3,1,1,10,10,0,0,0,3,1,1,10,1000,0,0,0,0,0,0,0,0,0,0,0,0,0,0,0,0,0,0,0,0,0,0,0,0,0,0,0,0,0,0,0,0,0,0,0,0,0,0,0,0,0,0,0,0,0,0,0,0,0,0,0
1986,27,17,0,47.919,2,7,1,0,0,0,1,1,25,1016,1016,1016,1016,0,0,0,0,0,1,1,0,0,0,-225.1472993,0,0,0,0,3,1,1,10,10,0,0,0,3,1,1,10,1000,0,0,0,0,0,0,0,0,0,0,0,0,0,0,0,0,0,0,0,0,0,0,0,0,0,0,0,0,0,0,0,0,0,0,0,0,0,0,0,0,0,0,0,0,0,0,0,0,0,0,0
1986,27,17,1,35.919,2,7,1,0,0,0,1,1,25,1016,1016,1016,1016,0,0,0,0,0,1,1,0,0,0,-225.1907632,0,0,0,0,3,1,1,10,10,0,0,0,3,1,1,10,1000,0,0,0,0,0,0,0,0,0,0,0,0,0,0,0,0,0,0,0,0,0,0,0,0,0,0,0,0,0,0,0,0,0,0,0,0,0,0,0,0,0,0,0,0,0,0,0,0,0,0,0
1986,27,17,2,23.919,2,7,1,0,0,0,1,1,25,1016,1016,1016,1016,0,0,0,0,0,1,1,0,0,0,-225.234227,0,0,0,0,3,1,1,10,10,0,0,0,3,1,1,10,1000,0,0,0,0,0,0,0,0,0,0,0,0,0,0,0,0,0,0,0,0,0,0,0,0,0,0,0,0,0,0,0,0,0,0,0,0,0,0,0,0,0,0,0,0,0,0,0,0,0,0,0
1986,27,17,3,11.919,2,7,1,0,0,0,1,1,25,1016,1016,1016,1016,0,0,0,0,0,1,1,0,0,0,-225.2776907,0,0,0,0,3,1,1,10,10,0,0,0,3,1,1,10,1000,0,0,0,0,0,0,0,0,0,0,0,0,0,0,0,0,0,0,0,0,0,0,0,0,0,0,0,0,0,0,0,0,0,0,0,0,0,0,0,0,0,0,0,0,0,0,0,0,0,0,0
1986,27,17,18,23.918,2,7,1,0,0,0,1,1,25,1016,1016,1016,1016,0,0,0,0,0,1,1,0,0,0,-226.103492,0,0,0,0,3,1,1,10,10,0,0,0,3,1,1,10,1000,0,0,0,0,0,0,0,0,0,0,0,0,0,0,0,0,0,0,0,0,0,0,0,0,0,0,0,0,0,0,0,0,0,0,0,0,0,0,0,0,0,0,0,0,0,0,0,0,0,0,0
1986,27,17,19,11.918,2,7,1,0,0,0,1,1,25,1016,1016,1016,1016,0,0,0,0,0,1,1,0,0,0,-226.1469547,0,0,0,0,3,1,1,10,10,0,0,0,3,1,1,10,1000,0,0,0,0,0,0,0,0,0,0,0,0,0,0,0,0,0,0,0,0,0,0,0,0,0,0,0,0,0,0,0,0,0,0,0,0,0,0,0,0,0,0,0,0,0,0,0,0,0,0,0
1986,27,17,19,59.918,2,7,1,0,0,0,1,1,25,1016,1016,1016,1016,0,0,0,0,0,1,1,0,0,0,-226.1904175,0,0,0,0,3,1,1,10,10,0,0,0,3,1,1,10,1000,0,0,0,0,0,0,0,0,0,0,0,0,0,0,0,0,0,0,0,0,0,0,0,0,0,0,0,0,0,0,0,0,0,0,0,0,0,0,0,0,0,0,0,0,0,0,0,0,0,0,0
1986,27,17,20,47.918,2,7,1,0,0,0,1,1,25,1016,1016,1016,1016,0,0,0,0,0,1,1,0,0,0,-226.2338801,0,0,0,0,3,1,1,10,10,0,0,0,3,1,1,10,1000,0,0,0,0,0,0,0,0,0,0,0,0,0,0,0,0,0,0,0,0,0,0,0,0,0,0,0,0,0,0,0,0,0,0,0,0,0,0,0,0,0,0,0,0,0,0,0,0,0,0,0
1986,27,17,21,35.917,2,7,1,0,0,0,1,1,25,1016,1016,1016,1016,0,0,0,0,0,1,1,0,0,0,-226.2773419,0,0,0,0,3,1,1,10,10,0,0,0,3,1,1,10,1000,0,0,0,0,0,0,0,0,0,0,0,0,0,0,0,0,0,0,0,0,0,0,0,0,0,0,0,0,0,0,0,0,0,0,0,0,0,0,0,0,0,0,0,0,0,0,0,0,0,0,0
1986,27,17,22,23.917,2,7,1,0,0,0,1,1,25,1016,1016,1016,1016,0,0,0,0,0,1,1,0,0,0,-226.3208044,0,0,0,0,3,1,1,10,10,0,0,0,3,1,1,10,1000,0,0,0,0,0,0,0,0,0,0,0,0,0,0,0,0,0,0,0,0,0,0,0,0,0,0,0,0,0,0,0,0,0,0,0,0,0,0,0,0,0,0,0,0,0,0,0,0,0,0,0
1986,27,17,23,11.917,2,7,1,0,0,0,1,1,25,1016,1016,1016,1016,0,0,0,0,0,1,1,0,0,0,-226.364267,0,0,0,0,3,1,1,10,10,0,0,0,3,1,1,10,1000,0,0,0,0,0,0,0,0,0,0,0,0,0,0,0,0,0,0,0,0,0,0,0,0,0,0,0,0,0,0,0,0,0,0,0,0,0,0,0,0,0,0,0,0,0,0,0,0,0,0,0
1986,27,17,23,59.917,2,7,1,0,0,0,1,1,25,1016,1016,1016,1016,0,0,0,0,0,1,1,0,0,0,-226.4077295,0,0,0,0,3,1,1,10,10,0,0,0,3,1,1,10,1000,0,0,0,0,0,0,0,0,0,0,0,0,0,0,0,0,0,0,0,0,0,0,0,0,0,0,0,0,0,0,0,0,0,0,0,0,0,0,0,0,0,0,0,0,0,0,0,0,0,0,0
1986,27,17,24,47.917,2,7,1,0,0,0,1,1,25,1016,1016,1016,1016,0,0,0,0,0,1,1,0,0,0,-226.4511919,0,0,0,0,3,1,1,10,10,0,0,0,3,1,1,10,1000,0,0,0,0,0,0,0,0,0,0,0,0,0,0,0,0,0,0,0,0,0,0,0,0,0,0,0,0,0,0,0,0,0,0,0,0,0,0,0,0,0,0,0,0,0,0,0,0,0,0,0
1986,27,17,25,35.917,2,7,1,0,0,0,1,1,25,1016,1016,1016,1016,0,0,0,0,0,1,1,0,0,0,-226.4946543,0,0,0,0,3,1,1,10,10,0,0,0,3,1,1,10,1000,0,0,0,0,0,0,0,0,0,0,0,0,0,0,0,0,0,0,0,0,0,0,0,0,0,0,0,0,0,0,0,0,0,0,0,0,0,0,0,0,0,0,0,0,0,0,0,0,0,0,0
1986,27,17,26,23.917,2,7,1,0,0,0,1,1,25,1016,1016,1016,1016,0,0,0,0,0,1,1,0,0,0,-226.5381166,0,0,0,0,3,1,1,10,10,0,0,0,3,1,1,10,1000,0,0,0,0,0,0,0,0,0,0,0,0,0,0,0,0,0,0,0,0,0,0,0,0,0,0,0,0,0,0,0,0,0,0,0,0,0,0,0,0,0,0,0,0,0,0,0,0,0,0,0
1986,27,17,27,11.917,2,7,1,0,0,0,1,1,25,1016,1016,1016,1016,0,0,0,0,0,1,1,0,0,0,-226.5815789,0,0,0,0,3,1,1,10,10,0,0,0,3,1,1,10,1000,0,0,0,0,0,0,0,0,0,0,0,0,0,0,0,0,0,0,0,0,0,0,0,0,0,0,0,0,0,0,0,0,0,0,0,0,0,0,0,0,0,0,0,0,0,0,0,0,0,0,0
1986,27,17,30,23.917,2,7,1,0,0,0,1,1,25,1016,1016,1016,1016,0,0,0,0,0,1,1,0,0,0,-226.7554276,0,0,0,0,3,1,1,10,10,0,0,0,3,1,1,10,1000,0,0,0,0,0,0,0,0,0,0,0,0,0,0,0,0,0,0,0,0,0,0,0,0,0,0,0,0,0,0,0,0,0,0,0,0,0,0,0,0,0,0,0,0,0,0,0,0,0,0,0
1986,27,17,31,11.917,2,7,1,0,0,0,1,1,25,1016,1016,1016,1016,0,0,0,0,0,1,1,0,0,0,-226.7988896,0,0,0,0,3,1,1,10,10,0,0,0,3,1,1,10,1000,0,0,0,0,0,0,0,0,0,0,0,0,0,0,0,0,0,0,0,0,0,0,0,0,0,0,0,0,0,0,0,0,0,0,0,0,0,0,0,0,0,0,0,0,0,0,0,0,0,0,0
1986,27,17,31,59.917,2,7,1,0,0,0,1,1,25,1016,1016,1016,1016,0,0,0,0,0,1,1,0,0,0,-226.8423516,0,0,0,0,3,1,1,10,10,0,0,0,3,1,1,10,1000,0,0,0,0,0,0,0,0,0,0,0,0,0,0,0,0,0,0,0,0,0,0,0,0,0,0,0,0,0,0,0,0,0,0,0,0,0,0,0,0,0,0,0,0,0,0,0,0,0,0,0
1986,27,17,32,47.917,2,7,1,0,0,0,1,1,25,1016,1016,1016,1016,0,0,0,0,0,1,1,0,0,0,-226.8858135,0,0,0,0,3,1,1,10,10,0,0,0,3,1,1,10,1000,0,0,0,0,0,0,0,0,0,0,0,0,0,0,0,0,0,0,0,0,0,0,0,0,0,0,0,0,0,0,0,0,0,0,0,0,0,0,0,0,0,0,0,0,0,0,0,0,0,0,0
1986,27,17,33,35.917,2,7,1,0,0,0,1,1,25,1016,1016,1016,1016,0,0,0,0,0,1,1,0,0,0,-226.9292754,0,0,0,0,3,1,1,10,10,0,0,0,3,1,1,10,1000,0,0,0,0,0,0,0,0,0,0,0,0,0,0,0,0,0,0,0,0,0,0,0,0,0,0,0,0,0,0,0,0,0,0,0,0,0,0,0,0,0,0,0,0,0,0,0,0,0,0,0
1986,27,17,34,23.917,2,7,1,0,0,0,1,1,25,1016,1016,1016,1016,0,0,0,0,0,1,1,0,0,0,-226.9727373,0,0,0,0,3,1,1,10,10,0,0,0,3,1,1,10,1000,0,0,0,0,0,0,0,0,0,0,0,0,0,0,0,0,0,0,0,0,0,0,0,0,0,0,0,0,0,0,0,0,0,0,0,0,0,0,0,0,0,0,0,0,0,0,0,0,0,0,0
1986,27,17,35,11.917,2,7,1,0,0,0,1,1,25,1016,1016,1016,1016,0,0,0,0,0,1,1,0,0,0,-227.0161991,0,0,0,0,3,1,1,10,10,0,0,0,3,1,1,10,1000,0,0,0,0,0,0,0,0,0,0,0,0,0,0,0,0,0,0,0,0,0,0,0,0,0,0,0,0,0,0,0,0,0,0,0,0,0,0,0,0,0,0,0,0,0,0,0,0,0,0,0
1986,27,17,35,59.916,2,7,1,0,0,0,1,1,25,1016,1016,1016,1016,0,0,0,0,0,1,1,0,0,0,-227.0596599,0,0,0,0,3,1,1,10,10,0,0,0,3,1,1,10,1000,0,0,0,0,0,0,0,0,0,0,0,0,0,0,0,0,0,0,0,0,0,0,0,0,0,0,0,0,0,0,0,0,0,0,0,0,0,0,0,0,0,0,0,0,0,0,0,0,0,0,0
1986,27,17,36,47.916,2,7,1,0,0,0,1,1,25,1016,1016,1016,1016,0,0,0,0,0,1,1,0,0,0,-227.1031216,0,0,0,0,3,1,1,10,10,0,0,0,3,1,1,10,1000,0,0,0,0,0,0,0,0,0,0,0,0,0,0,0,0,0,0,0,0,0,0,0,0,0,0,0,0,0,0,0,0,0,0,0,0,0,0,0,0,0,0,0,0,0,0,0,0,0,0,0
1986,27,17,37,35.916,2,7,1,0,0,0,1,1,25,1016,1016,1016,1016,0,0,0,0,0,1,1,0,0,0,-227.1465833,0,0,0,0,3,1,1,10,10,0,0,0,3,1,1,10,1000,0,0,0,0,0,0,0,0,0,0,0,0,0,0,0,0,0,0,0,0,0,0,0,0,0,0,0,0,0,0,0,0,0,0,0,0,0,0,0,0,0,0,0,0,0,0,0,0,0,0,0
1986,27,17,38,23.916,2,7,1,0,0,0,1,1,25,1016,1016,1016,1016,0,0,0,0,0,1,1,0,0,0,-227.1900449,0,0,0,0,3,1,1,10,10,0,0,0,3,1,1,10,1000,0,0,0,0,0,0,0,0,0,0,0,0,0,0,0,0,0,0,0,0,0,0,0,0,0,0,0,0,0,0,0,0,0,0,0,0,0,0,0,0,0,0,0,0,0,0,0,0,0,0,0
1986,27,17,39,11.916,2,7,1,0,0,0,1,1,25,1016,1016,1016,1016,0,0,0,0,0,1,1,0,0,0,-227.2335065,0,0,0,0,3,1,1,10,10,0,0,0,3,1,1,10,1000,0,0,0,0,0,0,0,0,0,0,0,0,0,0,0,0,0,0,0,0,0,0,0,0,0,0,0,0,0,0,0,0,0,0,0,0,0,0,0,0,0,0,0,0,0,0,0,0,0,0,0
1986,27,17,42,23.916,2,7,1,0,0,0,1,1,25,1016,1016,1016,1016,0,0,0,0,0,1,1,0,0,0,-227.4073522,0,0,0,0,3,1,1,10,10,0,0,0,3,1,1,10,1000,0,0,0,0,0,0,0,0,0,0,0,0,0,0,0,0,0,0,0,0,0,0,0,0,0,0,0,0,0,0,0,0,0,0,0,0,0,0,0,0,0,0,0,0,0,0,0,0,0,0,0
1986,27,17,43,11.916,2,7,1,0,0,0,1,1,25,1016,1016,1016,1016,0,0,0,0,0,1,1,0,0,0,-227.4508135,0,0,0,0,3,1,1,10,10,0,0,0,3,1,1,10,1000,0,0,0,0,0,0,0,0,0,0,0,0,0,0,0,0,0,0,0,0,0,0,0,0,0,0,0,0,0,0,0,0,0,0,0,0,0,0,0,0,0,0,0,0,0,0,0,0,0,0,0
1986,27,17,43,59.916,2,7,1,0,0,0,1,1,25,1016,1016,1016,1016,0,0,0,0,0,1,1,0,0,0,-227.4942748,0,0,0,0,3,1,1,10,10,0,0,0,3,1,1,10,1000,0,0,0,0,0,0,0,0,0,0,0,0,0,0,0,0,0,0,0,0,0,0,0,0,0,0,0,0,0,0,0,0,0,0,0,0,0,0,0,0,0,0,0,0,0,0,0,0,0,0,0
1986,27,17,44,47.916,2,7,1,0,0,0,1,1,25,1016,1016,1016,1016,0,0,0,0,0,1,1,0,0,0,-227.537736,0,0,0,0,3,1,1,10,10,0,0,0,3,1,1,10,1000,0,0,0,0,0,0,0,0,0,0,0,0,0,0,0,0,0,0,0,0,0,0,0,0,0,0,0,0,0,0,0,0,0,0,0,0,0,0,0,0,0,0,0,0,0,0,0,0,0,0,0
1986,27,17,45,35.916,2,7,1,0,0,0,1,1,25,1016,1016,1016,1016,0,0,0,0,0,1,1,0,0,0,-227.5811971,0,0,0,0,3,1,1,10,10,0,0,0,3,1,1,10,1000,0,0,0,0,0,0,0,0,0,0,0,0,0,0,0,0,0,0,0,0,0,0,0,0,0,0,0,0,0,0,0,0,0,0,0,0,0,0,0,0,0,0,0,0,0,0,0,0,0,0,0
1986,27,17,46,23.916,2,7,1,0,0,0,1,1,25,1016,1016,1016,1016,0,0,0,0,0,1,1,0,0,0,-227.6246583,0,0,0,0,3,1,1,10,10,0,0,0,3,1,1,10,1000,0,0,0,0,0,0,0,0,0,0,0,0,0,0,0,0,0,0,0,0,0,0,0,0,0,0,0,0,0,0,0,0,0,0,0,0,0,0,0,0,0,0,0,0,0,0,0,0,0,0,0
1986,27,17,47,11.916,2,7,1,0,0,0,1,1,25,1016,1016,1016,1016,0,0,0,0,0,1,1,0,0,0,-227.6681193,0,0,0,0,3,1,1,10,10,0,0,0,3,1,1,10,1000,0,0,0,0,0,0,0,0,0,0,0,0,0,0,0,0,0,0,0,0,0,0,0,0,0,0,0,0,0,0,0,0,0,0,0,0,0,0,0,0,0,0,0,0,0,0,0,0,0,0,0
1986,27,17,47,59.916,2,7,1,0,0,0,1,1,25,1016,1016,1016,1016,0,0,0,0,0,1,1,0,0,0,-227.7115804,0,0,0,0,3,1,1,10,10,0,0,0,3,1,1,10,1000,0,0,0,0,0,0,0,0,0,0,0,0,0,0,0,0,0,0,0,0,0,0,0,0,0,0,0,0,0,0,0,0,0,0,0,0,0,0,0,0,0,0,0,0,0,0,0,0,0,0,0
1986,27,17,48,47.916,2,7,1,0,0,0,1,1,25,1016,1016,1016,1016,0,0,0,0,0,1,1,0,0,0,-227.7550413,0,0,0,0,3,1,1,10,10,0,0,0,3,1,1,10,1000,0,0,0,0,0,0,0,0,0,0,0,0,0,0,0,0,0,0,0,0,0,0,0,0,0,0,0,0,0,0,0,0,0,0,0,0,0,0,0,0,0,0,0,0,0,0,0,0,0,0,0
1986,27,17,49,35.916,2,7,1,0,0,0,1,1,25,1016,1016,1016,1016,0,0,0,0,0,1,1,0,0,0,-227.7985023,0,0,0,0,3,1,1,10,10,0,0,0,3,1,1,10,1000,0,0,0,0,0,0,0,0,0,0,0,0,0,0,0,0,0,0,0,0,0,0,0,0,0,0,0,0,0,0,0,0,0,0,0,0,0,0,0,0,0,0,0,0,0,0,0,0,0,0,0
1986,27,17,50,23.916,2,7,1,0,0,0,1,1,25,1016,1016,1016,1016,0,0,0,0,0,1,1,0,0,0,-227.8419631,0,0,0,0,3,1,1,10,10,0,0,0,3,1,1,10,1000,0,0,0,0,0,0,0,0,0,0,0,0,0,0,0,0,0,0,0,0,0,0,0,0,0,0,0,0,0,0,0,0,0,0,0,0,0,0,0,0,0,0,0,0,0,0,0,0,0,0,0
1986,27,17,51,11.915,2,7,1,0,0,0,1,1,25,1016,1016,1016,1016,0,0,0,0,0,1,1,0,0,0,-227.8854231,0,0,0,0,3,1,1,10,10,0,0,0,3,1,1,10,1000,0,0,0,0,0,0,0,0,0,0,0,0,0,0,0,0,0,0,0,0,0,0,0,0,0,0,0,0,0,0,0,0,0,0,0,0,0,0,0,0,0,0,0,0,0,0,0,0,0,0,0
1986,27,17,54,23.915,2,7,1,0,0,0,1,1,25,1016,1016,1016,1016,0,0,0,0,0,1,1,0,0,0,-228.0592659,0,0,0,0,3,1,1,10,10,0,0,0,3,1,1,10,1000,0,0,0,0,0,0,0,0,0,0,0,0,0,0,0,0,0,0,0,0,0,0,0,0,0,0,0,0,0,0,0,0,0,0,0,0,0,0,0,0,0,0,0,0,0,0,0,0,0,0,0
1986,27,17,55,11.915,2,7,1,0,0,0,1,1,25,1016,1016,1016,1016,0,0,0,0,0,1,1,0,0,0,-228.1027265,0,0,0,0,3,1,1,10,10,0,0,0,3,1,1,10,1000,0,0,0,0,0,0,0,0,0,0,0,0,0,0,0,0,0,0,0,0,0,0,0,0,0,0,0,0,0,0,0,0,0,0,0,0,0,0,0,0,0,0,0,0,0,0,0,0,0,0,0
1986,27,17,55,59.915,2,7,1,0,0,0,1,1,25,1016,1016,1016,1016,0,0,0,0,0,1,1,0,0,0,-228.146187,0,0,0,0,3,1,1,10,10,0,0,0,3,1,1,10,1000,0,0,0,0,0,0,0,0,0,0,0,0,0,0,0,0,0,0,0,0,0,0,0,0,0,0,0,0,0,0,0,0,0,0,0,0,0,0,0,0,0,0,0,0,0,0,0,0,0,0,0
1986,27,17,56,47.915,2,7,1,0,0,0,1,1,25,1016,1016,1016,1016,0,0,0,0,0,1,1,0,0,0,-228.1896475,0,0,0,0,3,1,1,10,10,0,0,0,3,1,1,10,1000,0,0,0,0,0,0,0,0,0,0,0,0,0,0,0,0,0,0,0,0,0,0,0,0,0,0,0,0,0,0,0,0,0,0,0,0,0,0,0,0,0,0,0,0,0,0,0,0,0,0,0
1986,27,17,57,35.915,2,7,1,0,0,0,1,1,25,1016,1016,1016,1016,0,0,0,0,0,1,1,0,0,0,-228.2331079,0,0,0,0,3,1,1,10,10,0,0,0,3,1,1,10,1000,0,0,0,0,0,0,0,0,0,0,0,0,0,0,0,0,0,0,0,0,0,0,0,0,0,0,0,0,0,0,0,0,0,0,0,0,0,0,0,0,0,0,0,0,0,0,0,0,0,0,0
1986,27,17,58,23.915,2,7,1,0,0,0,1,1,25,1016,1016,1016,1016,0,0,0,0,0,1,1,0,0,0,-228.2765683,0,0,0,0,3,1,1,10,10,0,0,0,3,1,1,10,1000,0,0,0,0,0,0,0,0,0,0,0,0,0,0,0,0,0,0,0,0,0,0,0,0,0,0,0,0,0,0,0,0,0,0,0,0,0,0,0,0,0,0,0,0,0,0,0,0,0,0,0
1986,27,17,59,11.915,2,7,1,0,0,0,1,1,25,1016,1016,1016,1016,0,0,0,0,0,1,1,0,0,0,-228.3200287,0,0,0,0,3,1,1,10,10,0,0,0,3,1,1,10,1000,0,0,0,0,0,0,0,0,0,0,0,0,0,0,0,0,0,0,0,0,0,0,0,0,0,0,0,0,0,0,0,0,0,0,0,0,0,0,0,0,0,0,0,0,0,0,0,0,0,0,0
1986,27,18,0,47.915,2,7,1,0,0,0,1,1,25,1016,1016,1016,1016,0,0,0,0,0,1,1,0,0,0,-228.4069492,0,0,0,0,3,1,1,10,10,0,0,0,3,1,1,10,1000,0,0,0,0,0,0,0,0,0,0,0,0,0,0,0,0,0,0,0,0,0,0,0,0,0,0,0,0,0,0,0,0,0,0,0,0,0,0,0,0,0,0,0,0,0,0,0,0,0,0,0
1986,27,18,1,35.915,2,7,1,0,0,0,1,1,25,1016,1016,1016,1016,0,0,0,0,0,1,1,0,0,0,-228.4504094,0,0,0,0,3,1,1,10,10,0,0,0,3,1,1,10,1000,0,0,0,0,0,0,0,0,0,0,0,0,0,0,0,0,0,0,0,0,0,0,0,0,0,0,0,0,0,0,0,0,0,0,0,0,0,0,0,0,0,0,0,0,0,0,0,0,0,0,0
1986,27,18,2,23.915,2,7,1,0,0,0,1,1,25,1016,1016,1016,1016,0,0,0,0,0,1,1,0,0,0,-228.4938696,0,0,0,0,3,1,1,10,10,0,0,0,3,1,1,10,1000,0,0,0,0,0,0,0,0,0,0,0,0,0,0,0,0,0,0,0,0,0,0,0,0,0,0,0,0,0,0,0,0,0,0,0,0,0,0,0,0,0,0,0,0,0,0,0,0,0,0,0
1986,27,18,3,11.915,2,7,1,0,0,0,1,1,25,1016,1016,1016,1016,0,0,0,0,0,1,1,0,0,0,-228.5373297,0,0,0,0,3,1,1,10,10,0,0,0,3,1,1,10,1000,0,0,0,0,0,0,0,0,0,0,0,0,0,0,0,0,0,0,0,0,0,0,0,0,0,0,0,0,0,0,0,0,0,0,0,0,0,0,0,0,0,0,0,0,0,0,0,0,0,0,0
1986,27,18,6,23.914,2,7,1,0,0,0,1,1,25,1016,1016,1016,1016,0,0,0,0,0,1,1,0,0,0,-228.7111687,0,0,0,0,3,1,1,10,10,0,0,0,3,1,1,10,1000,0,0,0,0,0,0,0,0,0,0,0,0,0,0,0,0,0,0,0,0,0,0,0,0,0,0,0,0,0,0,0,0,0,0,0,0,0,0,0,0,0,0,0,0,0,0,0,0,0,0,0
1986,27,18,7,11.914,2,7,1,0,0,0,1,1,25,1016,1016,1016,1016,0,0,0,0,0,1,1,0,0,0,-228.7546285,0,0,0,0,3,1,1,10,10,0,0,0,3,1,1,10,1000,0,0,0,0,0,0,0,0,0,0,0,0,0,0,0,0,0,0,0,0,0,0,0,0,0,0,0,0,0,0,0,0,0,0,0,0,0,0,0,0,0,0,0,0,0,0,0,0,0,0,0
1986,27,18,7,59.914,2,7,1,0,0,0,1,1,25,1016,1016,1016,1016,0,0,0,0,0,1,1,0,0,0,-228.7980884,0,0,0,0,3,1,1,10,10,0,0,0,3,1,1,10,1000,0,0,0,0,0,0,0,0,0,0,0,0,0,0,0,0,0,0,0,0,0,0,0,0,0,0,0,0,0,0,0,0,0,0,0,0,0,0,0,0,0,0,0,0,0,0,0,0,0,0,0
1986,27,18,8,47.914,2,7,1,0,0,0,1,1,25,1016,1016,1016,1016,0,0,0,0,0,1,1,0,0,0,-228.8415481,0,0,0,0,3,1,1,10,10,0,0,0,3,1,1,10,1000,0,0,0,0,0,0,0,0,0,0,0,0,0,0,0,0,0,0,0,0,0,0,0,0,0,0,0,0,0,0,0,0,0,0,0,0,0,0,0,0,0,0,0,0,0,0,0,0,0,0,0
1986,27,18,9,35.914,2,7,1,0,0,0,1,1,25,1016,1016,1016,1016,0,0,0,0,0,1,1,0,0,0,-228.8850078,0,0,0,0,3,1,1,10,10,0,0,0,3,1,1,10,1000,0,0,0,0,0,0,0,0,0,0,0,0,0,0,0,0,0,0,0,0,0,0,0,0,0,0,0,0,0,0,0,0,0,0,0,0,0,0,0,0,0,0,0,0,0,0,0,0,0,0,0
1986,27,18,10,23.914,2,7,1,0,0,0,1,1,25,1016,1016,1016,1016,0,0,0,0,0,1,1,0,0,0,-228.9284675,0,0,0,0,3,1,1,10,10,0,0,0,3,1,1,10,1000,0,0,0,0,0,0,0,0,0,0,0,0,0,0,0,0,0,0,0,0,0,0,0,0,0,0,0,0,0,0,0,0,0,0,0,0,0,0,0,0,0,0,0,0,0,0,0,0,0,0,0
1986,27,18,11,11.914,2,7,1,0,0,0,1,1,25,1016,1016,1016,1016,0,0,0,0,0,1,1,0,0,0,-228.9719271,0,0,0,0,3,1,1,10,10,0,0,0,3,1,1,10,1000,0,0,0,0,0,0,0,0,0,0,0,0,0,0,0,0,0,0,0,0,0,0,0,0,0,0,0,0,0,0,0,0,0,0,0,0,0,0,0,0,0,0,0,0,0,0,0,0,0,0,0
1986,27,18,11,59.914,2,7,1,0,0,0,1,1,25,1016,1016,1016,1016,0,0,0,0,0,1,1,0,0,0,-229.0153867,0,0,0,0,3,1,1,10,10,0,0,0,3,1,1,10,1000,0,0,0,0,0,0,0,0,0,0,0,0,0,0,0,0,0,0,0,0,0,0,0,0,0,0,0,0,0,0,0,0,0,0,0,0,0,0,0,0,0,0,0,0,0,0,0,0,0,0,0
1986,27,18,12,47.914,2,7,1,0,0,0,1,1,25,1016,1016,1016,1016,0,0,0,0,0,1,1,0,0,0,-229.0588462,0,0,0,0,3,1,1,10,10,0,0,0,3,1,1,10,1000,0,0,0,0,0,0,0,0,0,0,0,0,0,0,0,0,0,0,0,0,0,0,0,0,0,0,0,0,0,0,0,0,0,0,0,0,0,0,0,0,0,0,0,0,0,0,0,0,0,0,0
1986,27,18,13,35.914,2,7,1,0,0,0,1,1,25,1016,1016,1016,1016,0,0,0,0,0,1,1,0,0,0,-229.1023057,0,0,0,0,3,1,1,10,10,0,0,0,3,1,1,10,1000,0,0,0,0,0,0,0,0,0,0,0,0,0,0,0,0,0,0,0,0,0,0,0,0,0,0,0,0,0,0,0,0,0,0,0,0,0,0,0,0,0,0,0,0,0,0,0,0,0,0,0
1986,27,18,14,23.914,2,7,1,0,0,0,1,1,25,1016,1016,1016,1016,0,0,0,0,0,1,1,0,0,0,-229.1457651,0,0,0,0,3,1,1,10,10,0,0,0,3,1,1,10,1000,0,0,0,0,0,0,0,0,0,0,0,0,0,0,0,0,0,0,0,0,0,0,0,0,0,0,0,0,0,0,0,0,0,0,0,0,0,0,0,0,0,0,0,0,0,0,0,0,0,0,0
1986,27,18,15,11.914,2,7,1,0,0,0,1,1,25,1016,1016,1016,1016,0,0,0,0,0,1,1,0,0,0,-229.1892245,0,0,0,0,3,1,1,10,10,0,0,0,3,1,1,10,1000,0,0,0,0,0,0,0,0,0,0,0,0,0,0,0,0,0,0,0,0,0,0,0,0,0,0,0,0,0,0,0,0,0,0,0,0,0,0,0,0,0,0,0,0,0,0,0,0,0,0,0
1986,27,18,18,23.914,2,7,1,0,0,0,1,1,25,1016,1016,1016,1016,0,0,0,0,0,1,1,0,0,0,-229.3630616,0,0,0,0,3,1,1,10,10,0,0,0,3,1,1,10,1000,0,0,0,0,0,0,0,0,0,0,0,0,0,0,0,0,0,0,0,0,0,0,0,0,0,0,0,0,0,0,0,0,0,0,0,0,0,0,0,0,0,0,0,0,0,0,0,0,0,0,0
1986,27,18,19,11.914,2,7,1,0,0,0,1,1,25,1016,1016,1016,1016,0,0,0,0,0,1,1,0,0,0,-229.4065207,0,0,0,0,3,1,1,10,10,0,0,0,3,1,1,10,1000,0,0,0,0,0,0,0,0,0,0,0,0,0,0,0,0,0,0,0,0,0,0,0,0,0,0,0,0,0,0,0,0,0,0,0,0,0,0,0,0,0,0,0,0,0,0,0,0,0,0,0
1986,27,18,19,59.914,2,7,1,0,0,0,1,1,25,1016,1016,1016,1016,0,0,0,0,0,1,1,0,0,0,-229.4499798,0,0,0,0,3,1,1,10,10,0,0,0,3,1,1,10,1000,0,0,0,0,0,0,0,0,0,0,0,0,0,0,0,0,0,0,0,0,0,0,0,0,0,0,0,0,0,0,0,0,0,0,0,0,0,0,0,0,0,0,0,0,0,0,0,0,0,0,0
1986,27,18,20,47.914,2,7,1,0,0,0,1,1,25,1016,1016,1016,1016,0,0,0,0,0,1,1,0,0,0,-229.4934388,0,0,0,0,3,1,1,10,10,0,0,0,3,1,1,10,1000,0,0,0,0,0,0,0,0,0,0,0,0,0,0,0,0,0,0,0,0,0,0,0,0,0,0,0,0,0,0,0,0,0,0,0,0,0,0,0,0,0,0,0,0,0,0,0,0,0,0,0
1986,27,18,21,35.913,2,7,1,0,0,0,1,1,25,1016,1016,1016,1016,0,0,0,0,0,1,1,0,0,0,-229.5368969,0,0,0,0,3,1,1,10,10,0,0,0,3,1,1,10,1000,0,0,0,0,0,0,0,0,0,0,0,0,0,0,0,0,0,0,0,0,0,0,0,0,0,0,0,0,0,0,0,0,0,0,0,0,0,0,0,0,0,0,0,0,0,0,0,0,0,0,0
1986,27,18,22,23.913,2,7,1,0,0,0,1,1,25,1016,1016,1016,1016,0,0,0,0,0,1,1,0,0,0,-229.5803559,0,0,0,0,3,1,1,10,10,0,0,0,3,1,1,10,1000,0,0,0,0,0,0,0,0,0,0,0,0,0,0,0,0,0,0,0,0,0,0,0,0,0,0,0,0,0,0,0,0,0,0,0,0,0,0,0,0,0,0,0,0,0,0,0,0,0,0,0
1986,27,18,23,11.913,2,7,1,0,0,0,1,1,25,1016,1016,1016,1016,0,0,0,0,0,1,1,0,0,0,-229.6238148,0,0,0,0,3,1,1,10,10,0,0,0,3,1,1,10,1000,0,0,0,0,0,0,0,0,0,0,0,0,0,0,0,0,0,0,0,0,0,0,0,0,0,0,0,0,0,0,0,0,0,0,0,0,0,0,0,0,0,0,0,0,0,0,0,0,0,0,0
1986,27,18,23,59.913,2,7,1,0,0,0,1,1,25,1016,1016,1016,1016,0,0,0,0,0,1,1,0,0,0,-229.6672736,0,0,0,0,3,1,1,10,10,0,0,0,3,1,1,10,1000,0,0,0,0,0,0,0,0,0,0,0,0,0,0,0,0,0,0,0,0,0,0,0,0,0,0,0,0,0,0,0,0,0,0,0,0,0,0,0,0,0,0,0,0,0,0,0,0,0,0,0
1986,27,18,24,47.913,2,7,1,0,0,0,1,1,25,1016,1016,1016,1016,0,0,0,0,0,1,1,0,0,0,-229.7107324,0,0,0,0,3,1,1,10,10,0,0,0,3,1,1,10,1000,0,0,0,0,0,0,0,0,0,0,0,0,0,0,0,0,0,0,0,0,0,0,0,0,0,0,0,0,0,0,0,0,0,0,0,0,0,0,0,0,0,0,0,0,0,0,0,0,0,0,0
1986,27,18,25,35.913,2,7,1,0,0,0,1,1,25,1016,1016,1016,1016,0,0,0,0,0,1,1,0,0,0,-229.7541912,0,0,0,0,3,1,1,10,10,0,0,0,3,1,1,10,1000,0,0,0,0,0,0,0,0,0,0,0,0,0,0,0,0,0,0,0,0,0,0,0,0,0,0,0,0,0,0,0,0,0,0,0,0,0,0,0,0,0,0,0,0,0,0,0,0,0,0,0
1986,27,18,26,23.913,2,7,1,0,0,0,1,1,25,1016,1016,1016,1016,0,0,0,0,0,1,1,0,0,0,-229.7976499,0,0,0,0,3,1,1,10,10,0,0,0,3,1,1,10,1000,0,0,0,0,0,0,0,0,0,0,0,0,0,0,0,0,0,0,0,0,0,0,0,0,0,0,0,0,0,0,0,0,0,0,0,0,0,0,0,0,0,0,0,0,0,0,0,0,0,0,0
1986,27,18,27,11.913,2,7,1,0,0,0,1,1,25,1016,1016,1016,1016,0,0,0,0,0,1,1,0,0,0,-229.8411086,0,0,0,0,3,1,1,10,10,0,0,0,3,1,1,10,1000,0,0,0,0,0,0,0,0,0,0,0,0,0,0,0,0,0,0,0,0,0,0,0,0,0,0,0,0,0,0,0,0,0,0,0,0,0,0,0,0,0,0,0,0,0,0,0,0,0,0,0
1986,27,18,30,23.913,2,7,1,0,0,0,1,1,25,1016,1016,1016,1016,0,0,0,0,0,1,1,0,0,0,-230.0149428,0,0,0,0,3,1,1,10,10,0,0,0,3,1,1,10,1000,0,0,0,0,0,0,0,0,0,0,0,0,0,0,0,0,0,0,0,0,0,0,0,0,0,0,0,0,0,0,0,0,0,0,0,0,0,0,0,0,0,0,0,0,0,0,0,0,0,0,0
1986,27,18,31,11.913,2,7,1,0,0,0,1,1,25,1016,1016,1016,1016,0,0,0,0,0,1,1,0,0,0,-230.0584012,0,0,0,0,3,1,1,10,10,0,0,0,3,1,1,10,1000,0,0,0,0,0,0,0,0,0,0,0,0,0,0,0,0,0,0,0,0,0,0,0,0,0,0,0,0,0,0,0,0,0,0,0,0,0,0,0,0,0,0,0,0,0,0,0,0,0,0,0
1986,27,18,31,59.913,2,7,1,0,0,0,1,1,25,1016,1016,1016,1016,0,0,0,0,0,1,1,0,0,0,-230.1018596,0,0,0,0,3,1,1,10,10,0,0,0,3,1,1,10,1000,0,0,0,0,0,0,0,0,0,0,0,0,0,0,0,0,0,0,0,0,0,0,0,0,0,0,0,0,0,0,0,0,0,0,0,0,0,0,0,0,0,0,0,0,0,0,0,0,0,0,0
1986,27,18,32,47.913,2,7,1,0,0,0,1,1,25,1016,1016,1016,1016,0,0,0,0,0,1,1,0,0,0,-230.1453179,0,0,0,0,3,1,1,10,10,0,0,0,3,1,1,10,1000,0,0,0,0,0,0,0,0,0,0,0,0,0,0,0,0,0,0,0,0,0,0,0,0,0,0,0,0,0,0,0,0,0,0,0,0,0,0,0,0,0,0,0,0,0,0,0,0,0,0,0
1986,27,18,33,35.913,2,7,1,0,0,0,1,1,25,1016,1016,1016,1016,0,0,0,0,0,1,1,0,0,0,-230.1887762,0,0,0,0,3,1,1,10,10,0,0,0,3,1,1,10,1000,0,0,0,0,0,0,0,0,0,0,0,0,0,0,0,0,0,0,0,0,0,0,0,0,0,0,0,0,0,0,0,0,0,0,0,0,0,0,0,0,0,0,0,0,0,0,0,0,0,0,0
1986,27,18,34,23.913,2,7,1,0,0,0,1,1,25,1016,1016,1016,1016,0,0,0,0,0,1,1,0,0,0,-230.2322344,0,0,0,0,3,1,1,10,10,0,0,0,3,1,1,10,1000,0,0,0,0,0,0,0,0,0,0,0,0,0,0,0,0,0,0,0,0,0,0,0,0,0,0,0,0,0,0,0,0,0,0,0,0,0,0,0,0,0,0,0,0,0,0,0,0,0,0,0
1986,27,18,35,11.913,2,7,1,0,0,0,1,1,25,1016,1016,1016,1016,0,0,0,0,0,1,1,0,0,0,-230.2756926,0,0,0,0,3,1,1,10,10,0,0,0,3,1,1,10,1000,0,0,0,0,0,0,0,0,0,0,0,0,0,0,0,0,0,0,0,0,0,0,0,0,0,0,0,0,0,0,0,0,0,0,0,0,0,0,0,0,0,0,0,0,0,0,0,0,0,0,0
1986,27,18,35,59.913,2,7,1,0,0,0,1,1,25,1016,1016,1016,1016,0,0,0,0,0,1,1,0,0,0,-230.3191507,0,0,0,0,3,1,1,10,10,0,0,0,3,1,1,10,1000,0,0,0,0,0,0,0,0,0,0,0,0,0,0,0,0,0,0,0,0,0,0,0,0,0,0,0,0,0,0,0,0,0,0,0,0,0,0,0,0,0,0,0,0,0,0,0,0,0,0,0
1986,27,18,36,47.912,2,7,1,0,0,0,1,1,25,1016,1016,1016,1016,0,0,0,0,0,1,1,0,0,0,-230.3626079,0,0,0,0,3,1,1,10,10,0,0,0,3,1,1,10,1000,0,0,0,0,0,0,0,0,0,0,0,0,0,0,0,0,0,0,0,0,0,0,0,0,0,0,0,0,0,0,0,0,0,0,0,0,0,0,0,0,0,0,0,0,0,0,0,0,0,0,0
1986,27,18,37,35.912,2,7,1,0,0,0,1,1,25,1016,1016,1016,1016,0,0,0,0,0,1,1,0,0,0,-230.4060659,0,0,0,0,3,1,1,10,10,0,0,0,3,1,1,10,1000,0,0,0,0,0,0,0,0,0,0,0,0,0,0,0,0,0,0,0,0,0,0,0,0,0,0,0,0,0,0,0,0,0,0,0,0,0,0,0,0,0,0,0,0,0,0,0,0,0,0,0
1986,27,18,38,23.912,2,7,1,0,0,0,1,1,25,1016,1016,1016,1016,0,0,0,0,0,1,1,0,0,0,-230.4495239,0,0,0,0,3,1,1,10,10,0,0,0,3,1,1,10,1000,0,0,0,0,0,0,0,0,0,0,0,0,0,0,0,0,0,0,0,0,0,0,0,0,0,0,0,0,0,0,0,0,0,0,0,0,0,0,0,0,0,0,0,0,0,0,0,0,0,0,0
1986,27,18,39,11.912,2,7,1,0,0,0,1,1,25,1016,1016,1016,1016,0,0,0,0,0,1,1,0,0,0,-230.4929819,0,0,0,0,3,1,1,10,10,0,0,0,3,1,1,10,1000,0,0,0,0,0,0,0,0,0,0,0,0,0,0,0,0,0,0,0,0,0,0,0,0,0,0,0,0,0,0,0,0,0,0,0,0,0,0,0,0,0,0,0,0,0,0,0,0,0,0,0
1986,27,18,42,23.912,2,7,1,0,0,0,1,1,25,1016,1016,1016,1016,0,0,0,0,0,1,1,0,0,0,-230.6668132,0,0,0,0,3,1,1,10,10,0,0,0,3,1,1,10,1000,0,0,0,0,0,0,0,0,0,0,0,0,0,0,0,0,0,0,0,0,0,0,0,0,0,0,0,0,0,0,0,0,0,0,0,0,0,0,0,0,0,0,0,0,0,0,0,0,0,0,0
1986,27,18,43,11.912,2,7,1,0,0,0,1,1,25,1016,1016,1016,1016,0,0,0,0,0,1,1,0,0,0,-230.7102709,0,0,0,0,3,1,1,10,10,0,0,0,3,1,1,10,1000,0,0,0,0,0,0,0,0,0,0,0,0,0,0,0,0,0,0,0,0,0,0,0,0,0,0,0,0,0,0,0,0,0,0,0,0,0,0,0,0,0,0,0,0,0,0,0,0,0,0,0
1986,27,18,43,59.912,2,7,1,0,0,0,1,1,25,1016,1016,1016,1016,0,0,0,0,0,1,1,0,0,0,-230.7537286,0,0,0,0,3,1,1,10,10,0,0,0,3,1,1,10,1000,0,0,0,0,0,0,0,0,0,0,0,0,0,0,0,0,0,0,0,0,0,0,0,0,0,0,0,0,0,0,0,0,0,0,0,0,0,0,0,0,0,0,0,0,0,0,0,0,0,0,0
1986,27,18,44,47.912,2,7,1,0,0,0,1,1,25,1016,1016,1016,1016,0,0,0,0,0,1,1,0,0,0,-230.7971862,0,0,0,0,3,1,1,10,10,0,0,0,3,1,1,10,1000,0,0,0,0,0,0,0,0,0,0,0,0,0,0,0,0,0,0,0,0,0,0,0,0,0,0,0,0,0,0,0,0,0,0,0,0,0,0,0,0,0,0,0,0,0,0,0,0,0,0,0
1986,27,18,45,35.912,2,7,1,0,0,0,1,1,25,1016,1016,1016,1016,0,0,0,0,0,1,1,0,0,0,-230.8406438,0,0,0,0,3,1,1,10,10,0,0,0,3,1,1,10,1000,0,0,0,0,0,0,0,0,0,0,0,0,0,0,0,0,0,0,0,0,0,0,0,0,0,0,0,0,0,0,0,0,0,0,0,0,0,0,0,0,0,0,0,0,0,0,0,0,0,0,0
1986,27,18,46,23.912,2,7,1,0,0,0,1,1,25,1016,1016,1016,1016,0,0,0,0,0,1,1,0,0,0,-230.8841013,0,0,0,0,3,1,1,10,10,0,0,0,3,1,1,10,1000,0,0,0,0,0,0,0,0,0,0,0,0,0,0,0,0,0,0,0,0,0,0,0,0,0,0,0,0,0,0,0,0,0,0,0,0,0,0,0,0,0,0,0,0,0,0,0,0,0,0,0
1986,27,18,47,11.912,2,7,1,0,0,0,1,1,25,1016,1016,1016,1016,0,0,0,0,0,1,1,0,0,0,-230.9275588,0,0,0,0,3,1,1,10,10,0,0,0,3,1,1,10,1000,0,0,0,0,0,0,0,0,0,0,0,0,0,0,0,0,0,0,0,0,0,0,0,0,0,0,0,0,0,0,0,0,0,0,0,0,0,0,0,0,0,0,0,0,0,0,0,0,0,0,0
1986,27,18,47,59.912,2,7,1,0,0,0,1,1,25,1016,1016,1016,1016,0,0,0,0,0,1,1,0,0,0,-230.9710162,0,0,0,0,3,1,1,10,10,0,0,0,3,1,1,10,1000,0,0,0,0,0,0,0,0,0,0,0,0,0,0,0,0,0,0,0,0,0,0,0,0,0,0,0,0,0,0,0,0,0,0,0,0,0,0,0,0,0,0,0,0,0,0,0,0,0,0,0
1986,27,18,48,47.912,2,7,1,0,0,0,1,1,25,1016,1016,1016,1016,0,0,0,0,0,1,1,0,0,0,-231.0144736,0,0,0,0,3,1,1,10,10,0,0,0,3,1,1,10,1000,0,0,0,0,0,0,0,0,0,0,0,0,0,0,0,0,0,0,0,0,0,0,0,0,0,0,0,0,0,0,0,0,0,0,0,0,0,0,0,0,0,0,0,0,0,0,0,0,0,0,0
1986,27,18,49,35.912,2,7,1,0,0,0,1,1,25,1016,1016,1016,1016,0,0,0,0,0,1,1,0,0,0,-231.0579309,0,0,0,0,3,1,1,10,10,0,0,0,3,1,1,10,1000,0,0,0,0,0,0,0,0,0,0,0,0,0,0,0,0,0,0,0,0,0,0,0,0,0,0,0,0,0,0,0,0,0,0,0,0,0,0,0,0,0,0,0,0,0,0,0,0,0,0,0
1986,27,18,50,23.912,2,7,1,0,0,0,1,1,25,1016,1016,1016,1016,0,0,0,0,0,1,1,0,0,0,-231.1013882,0,0,0,0,3,1,1,10,10,0,0,0,3,1,1,10,1000,0,0,0,0,0,0,0,0,0,0,0,0,0,0,0,0,0,0,0,0,0,0,0,0,0,0,0,0,0,0,0,0,0,0,0,0,0,0,0,0,0,0,0,0,0,0,0,0,0,0,0
1986,27,18,51,11.912,2,7,1,0,0,0,1,1,25,1016,1016,1016,1016,0,0,0,0,0,1,1,0,0,0,-231.1448454,0,0,0,0,3,1,1,10,10,0,0,0,3,1,1,10,1000,0,0,0,0,0,0,0,0,0,0,0,0,0,0,0,0,0,0,0,0,0,0,0,0,0,0,0,0,0,0,0,0,0,0,0,0,0,0,0,0,0,0,0,0,0,0,0,0,0,0,0
1986,27,18,54,23.911,2,7,1,0,0,0,1,1,25,1016,1016,1016,1016,0,0,0,0,0,1,1,0,0,0,-231.318673,0,0,0,0,3,1,1,10,10,0,0,0,3,1,1,10,1000,0,0,0,0,0,0,0,0,0,0,0,0,0,0,0,0,0,0,0,0,0,0,0,0,0,0,0,0,0,0,0,0,0,0,0,0,0,0,0,0,0,0,0,0,0,0,0,0,0,0,0
1986,27,18,55,11.911,2,7,1,0,0,0,1,1,25,1016,1016,1016,1016,0,0,0,0,0,1,1,0,0,0,-231.36213,0,0,0,0,3,1,1,10,10,0,0,0,3,1,1,10,1000,0,0,0,0,0,0,0,0,0,0,0,0,0,0,0,0,0,0,0,0,0,0,0,0,0,0,0,0,0,0,0,0,0,0,0,0,0,0,0,0,0,0,0,0,0,0,0,0,0,0,0
1986,27,18,55,59.911,2,7,1,0,0,0,1,1,25,1016,1016,1016,1016,0,0,0,0,0,1,1,0,0,0,-231.4055869,0,0,0,0,3,1,1,10,10,0,0,0,3,1,1,10,1000,0,0,0,0,0,0,0,0,0,0,0,0,0,0,0,0,0,0,0,0,0,0,0,0,0,0,0,0,0,0,0,0,0,0,0,0,0,0,0,0,0,0,0,0,0,0,0,0,0,0,0
1986,27,18,56,47.911,2,7,1,0,0,0,1,1,25,1016,1016,1016,1016,0,0,0,0,0,1,1,0,0,0,-231.4490439,0,0,0,0,3,1,1,10,10,0,0,0,3,1,1,10,1000,0,0,0,0,0,0,0,0,0,0,0,0,0,0,0,0,0,0,0,0,0,0,0,0,0,0,0,0,0,0,0,0,0,0,0,0,0,0,0,0,0,0,0,0,0,0,0,0,0,0,0
1986,27,18,57,35.911,2,7,1,0,0,0,1,1,25,1016,1016,1016,1016,0,0,0,0,0,1,1,0,0,0,-231.4925007,0,0,0,0,3,1,1,10,10,0,0,0,3,1,1,10,1000,0,0,0,0,0,0,0,0,0,0,0,0,0,0,0,0,0,0,0,0,0,0,0,0,0,0,0,0,0,0,0,0,0,0,0,0,0,0,0,0,0,0,0,0,0,0,0,0,0,0,0
1986,27,18,58,23.911,2,7,1,0,0,0,1,1,25,1016,1016,1016,1016,0,0,0,0,0,1,1,0,0,0,-231.5359575,0,0,0,0,3,1,1,10,10,0,0,0,3,1,1,10,1000,0,0,0,0,0,0,0,0,0,0,0,0,0,0,0,0,0,0,0,0,0,0,0,0,0,0,0,0,0,0,0,0,0,0,0,0,0,0,0,0,0,0,0,0,0,0,0,0,0,0,0
1986,27,18,59,11.911,2,7,1,0,0,0,1,1,25,1016,1016,1016,1016,0,0,0,0,0,1,1,0,0,0,-231.5794143,0,0,0,0,3,1,1,10,10,0,0,0,3,1,1,10,1000,0,0,0,0,0,0,0,0,0,0,0,0,0,0,0,0,0,0,0,0,0,0,0,0,0,0,0,0,0,0,0,0,0,0,0,0,0,0,0,0,0,0,0,0,0,0,0,0,0,0,0
1986,27,18,59,59.911,2,7,1,0,0,0,1,1,25,1016,1016,1016,1016,0,0,0,0,0,1,1,0,0,0,-231.622871,0,0,0,0,3,1,1,10,10,0,0,0,3,1,1,10,1000,0,0,0,0,0,0,0,0,0,0,0,0,0,0,0,0,0,0,0,0,0,0,0,0,0,0,0,0,0,0,0,0,0,0,0,0,0,0,0,0,0,0,0,0,0,0,0,0,0,0,0
1986,27,19,0,47.911,2,7,1,0,0,0,1,1,25,1016,1016,1016,1016,0,0,0,0,0,1,1,0,0,0,-231.6663277,0,0,0,0,3,1,1,10,10,0,0,0,3,1,1,10,1000,0,0,0,0,0,0,0,0,0,0,0,0,0,0,0,0,0,0,0,0,0,0,0,0,0,0,0,0,0,0,0,0,0,0,0,0,0,0,0,0,0,0,0,0,0,0,0,0,0,0,0
1986,27,19,1,35.911,2,7,1,0,0,0,1,1,25,1016,1016,1016,1016,0,0,0,0,0,1,1,0,0,0,-231.7097843,0,0,0,0,3,1,1,10,10,0,0,0,3,1,1,10,1000,0,0,0,0,0,0,0,0,0,0,0,0,0,0,0,0,0,0,0,0,0,0,0,0,0,0,0,0,0,0,0,0,0,0,0,0,0,0,0,0,0,0,0,0,0,0,0,0,0,0,0
1986,27,19,2,23.911,2,7,1,0,0,0,1,1,25,1016,1016,1016,1016,0,0,0,0,0,1,1,0,0,0,-231.7532409,0,0,0,0,3,1,1,10,10,0,0,0,3,1,1,10,1000,0,0,0,0,0,0,0,0,0,0,0,0,0,0,0,0,0,0,0,0,0,0,0,0,0,0,0,0,0,0,0,0,0,0,0,0,0,0,0,0,0,0,0,0,0,0,0,0,0,0,0
1986,27,19,3,11.911,2,7,1,0,0,0,1,1,25,1016,1016,1016,1016,0,0,0,0,0,1,1,0,0,0,-231.7966974,0,0,0,0,3,1,1,10,10,0,0,0,3,1,1,10,1000,0,0,0,0,0,0,0,0,0,0,0,0,0,0,0,0,0,0,0,0,0,0,0,0,0,0,0,0,0,0,0,0,0,0,0,0,0,0,0,0,0,0,0,0,0,0,0,0,0,0,0
1986,27,19,6,23.911,2,7,1,0,0,0,1,1,25,1016,1016,1016,1016,0,0,0,0,0,1,1,0,0,0,-231.9705231,0,0,0,0,3,1,1,10,10,0,0,0,3,1,1,10,1000,0,0,0,0,0,0,0,0,0,0,0,0,0,0,0,0,0,0,0,0,0,0,0,0,0,0,0,0,0,0,0,0,0,0,0,0,0,0,0,0,0,0,0,0,0,0,0,0,0,0,0
1986,27,19,7,11.91,2,7,1,0,0,0,1,1,25,1016,1016,1016,1016,0,0,0,0,0,1,1,0,0,0,-232.0139784,0,0,0,0,3,1,1,10,10,0,0,0,3,1,1,10,1000,0,0,0,0,0,0,0,0,0,0,0,0,0,0,0,0,0,0,0,0,0,0,0,0,0,0,0,0,0,0,0,0,0,0,0,0,0,0,0,0,0,0,0,0,0,0,0,0,0,0,0
1986,27,19,7,59.91,2,7,1,0,0,0,1,1,25,1016,1016,1016,1016,0,0,0,0,0,1,1,0,0,0,-232.0574347,0,0,0,0,3,1,1,10,10,0,0,0,3,1,1,10,1000,0,0,0,0,0,0,0,0,0,0,0,0,0,0,0,0,0,0,0,0,0,0,0,0,0,0,0,0,0,0,0,0,0,0,0,0,0,0,0,0,0,0,0,0,0,0,0,0,0,0,0
1986,27,19,8,47.91,2,7,1,0,0,0,1,1,25,1016,1016,1016,1016,0,0,0,0,0,1,1,0,0,0,-232.1008909,0,0,0,0,3,1,1,10,10,0,0,0,3,1,1,10,1000,0,0,0,0,0,0,0,0,0,0,0,0,0,0,0,0,0,0,0,0,0,0,0,0,0,0,0,0,0,0,0,0,0,0,0,0,0,0,0,0,0,0,0,0,0,0,0,0,0,0,0
1986,27,19,9,35.91,2,7,1,0,0,0,1,1,25,1016,1016,1016,1016,0,0,0,0,0,1,1,0,0,0,-232.144347,0,0,0,0,3,1,1,10,10,0,0,0,3,1,1,10,1000,0,0,0,0,0,0,0,0,0,0,0,0,0,0,0,0,0,0,0,0,0,0,0,0,0,0,0,0,0,0,0,0,0,0,0,0,0,0,0,0,0,0,0,0,0,0,0,0,0,0,0
1986,27,19,10,23.91,2,7,1,0,0,0,1,1,25,1016,1016,1016,1016,0,0,0,0,0,1,1,0,0,0,-232.1878031,0,0,0,0,3,1,1,10,10,0,0,0,3,1,1,10,1000,0,0,0,0,0,0,0,0,0,0,0,0,0,0,0,0,0,0,0,0,0,0,0,0,0,0,0,0,0,0,0,0,0,0,0,0,0,0,0,0,0,0,0,0,0,0,0,0,0,0,0
1986,27,19,11,11.91,2,7,1,0,0,0,1,1,25,1016,1016,1016,1016,0,0,0,0,0,1,1,0,0,0,-232.2312592,0,0,0,0,3,1,1,10,10,0,0,0,3,1,1,10,1000,0,0,0,0,0,0,0,0,0,0,0,0,0,0,0,0,0,0,0,0,0,0,0,0,0,0,0,0,0,0,0,0,0,0,0,0,0,0,0,0,0,0,0,0,0,0,0,0,0,0,0
1986,27,19,11,59.91,2,7,1,0,0,0,1,1,25,1016,1016,1016,1016,0,0,0,0,0,1,1,0,0,0,-232.2747152,0,0,0,0,3,1,1,10,10,0,0,0,3,1,1,10,1000,0,0,0,0,0,0,0,0,0,0,0,0,0,0,0,0,0,0,0,0,0,0,0,0,0,0,0,0,0,0,0,0,0,0,0,0,0,0,0,0,0,0,0,0,0,0,0,0,0,0,0
1986,27,19,12,47.91,2,7,1,0,0,0,1,1,25,1016,1016,1016,1016,0,0,0,0,0,1,1,0,0,0,-232.3181712,0,0,0,0,3,1,1,10,10,0,0,0,3,1,1,10,1000,0,0,0,0,0,0,0,0,0,0,0,0,0,0,0,0,0,0,0,0,0,0,0,0,0,0,0,0,0,0,0,0,0,0,0,0,0,0,0,0,0,0,0,0,0,0,0,0,0,0,0
1986,27,19,13,35.91,2,7,1,0,0,0,1,1,25,1016,1016,1016,1016,0,0,0,0,0,1,1,0,0,0,-232.3616271,0,0,0,0,3,1,1,10,10,0,0,0,3,1,1,10,1000,0,0,0,0,0,0,0,0,0,0,0,0,0,0,0,0,0,0,0,0,0,0,0,0,0,0,0,0,0,0,0,0,0,0,0,0,0,0,0,0,0,0,0,0,0,0,0,0,0,0,0
1986,27,19,14,23.91,2,7,1,0,0,0,1,1,25,1016,1016,1016,1016,0,0,0,0,0,1,1,0,0,0,-232.405083,0,0,0,0,3,1,1,10,10,0,0,0,3,1,1,10,1000,0,0,0,0,0,0,0,0,0,0,0,0,0,0,0,0,0,0,0,0,0,0,0,0,0,0,0,0,0,0,0,0,0,0,0,0,0,0,0,0,0,0,0,0,0,0,0,0,0,0,0
1986,27,19,15,11.91,2,7,1,0,0,0,1,1,25,1016,1016,1016,1016,0,0,0,0,0,1,1,0,0,0,-232.4485388,0,0,0,0,3,1,1,10,10,0,0,0,3,1,1,10,1000,0,0,0,0,0,0,0,0,0,0,0,0,0,0,0,0,0,0,0,0,0,0,0,0,0,0,0,0,0,0,0,0,0,0,0,0,0,0,0,0,0,0,0,0,0,0,0,0,0,0,0
1986,27,19,18,23.91,2,7,1,0,0,0,1,1,25,1016,1016,1016,1016,0,0,0,0,0,1,1,0,0,0,-232.6223616,0,0,0,0,3,1,1,10,10,0,0,0,3,1,1,10,1000,0,0,0,0,0,0,0,0,0,0,0,0,0,0,0,0,0,0,0,0,0,0,0,0,0,0,0,0,0,0,0,0,0,0,0,0,0,0,0,0,0,0,0,0,0,0,0,0,0,0,0
1986,27,19,19,11.91,2,7,1,0,0,0,1,1,25,1016,1016,1016,1016,0,0,0,0,0,1,1,0,0,0,-232.6658172,0,0,0,0,3,1,1,10,10,0,0,0,3,1,1,10,1000,0,0,0,0,0,0,0,0,0,0,0,0,0,0,0,0,0,0,0,0,0,0,0,0,0,0,0,0,0,0,0,0,0,0,0,0,0,0,0,0,0,0,0,0,0,0,0,0,0,0,0
1986,27,19,19,59.91,2,7,1,0,0,0,1,1,25,1016,1016,1016,1016,0,0,0,0,0,1,1,0,0,0,-232.7092728,0,0,0,0,3,1,1,10,10,0,0,0,3,1,1,10,1000,0,0,0,0,0,0,0,0,0,0,0,0,0,0,0,0,0,0,0,0,0,0,0,0,0,0,0,0,0,0,0,0,0,0,0,0,0,0,0,0,0,0,0,0,0,0,0,0,0,0,0
1986,27,19,20,47.91,2,7,1,0,0,0,1,1,25,1016,1016,1016,1016,0,0,0,0,0,1,1,0,0,0,-232.7527283,0,0,0,0,3,1,1,10,10,0,0,0,3,1,1,10,1000,0,0,0,0,0,0,0,0,0,0,0,0,0,0,0,0,0,0,0,0,0,0,0,0,0,0,0,0,0,0,0,0,0,0,0,0,0,0,0,0,0,0,0,0,0,0,0,0,0,0,0
1986,27,19,21,35.909,2,7,1,0,0,0,1,1,25,1016,1016,1016,1016,0,0,0,0,0,1,1,0,0,0,-232.7961828,0,0,0,0,3,1,1,10,10,0,0,0,3,1,1,10,1000,0,0,0,0,0,0,0,0,0,0,0,0,0,0,0,0,0,0,0,0,0,0,0,0,0,0,0,0,0,0,0,0,0,0,0,0,0,0,0,0,0,0,0,0,0,0,0,0,0,0,0
1986,27,19,22,23.909,2,7,1,0,0,0,1,1,25,1016,1016,1016,1016,0,0,0,0,0,1,1,0,0,0,-232.8396382,0,0,0,0,3,1,1,10,10,0,0,0,3,1,1,10,1000,0,0,0,0,0,0,0,0,0,0,0,0,0,0,0,0,0,0,0,0,0,0,0,0,0,0,0,0,0,0,0,0,0,0,0,0,0,0,0,0,0,0,0,0,0,0,0,0,0,0,0
1986,27,19,23,11.909,2,7,1,0,0,0,1,1,25,1016,1016,1016,1016,0,0,0,0,0,1,1,0,0,0,-232.8830936,0,0,0,0,3,1,1,10,10,0,0,0,3,1,1,10,1000,0,0,0,0,0,0,0,0,0,0,0,0,0,0,0,0,0,0,0,0,0,0,0,0,0,0,0,0,0,0,0,0,0,0,0,0,0,0,0,0,0,0,0,0,0,0,0,0,0,0,0
1986,27,19,23,59.909,2,7,1,0,0,0,1,1,25,1016,1016,1016,1016,0,0,0,0,0,1,1,0,0,0,-232.9265489,0,0,0,0,3,1,1,10,10,0,0,0,3,1,1,10,1000,0,0,0,0,0,0,0,0,0,0,0,0,0,0,0,0,0,0,0,0,0,0,0,0,0,0,0,0,0,0,0,0,0,0,0,0,0,0,0,0,0,0,0,0,0,0,0,0,0,0,0
1986,27,19,24,47.909,2,7,1,0,0,0,1,1,25,1016,1016,1016,1016,0,0,0,0,0,1,1,0,0,0,-232.9700041,0,0,0,0,3,1,1,10,10,0,0,0,3,1,1,10,1000,0,0,0,0,0,0,0,0,0,0,0,0,0,0,0,0,0,0,0,0,0,0,0,0,0,0,0,0,0,0,0,0,0,0,0,0,0,0,0,0,0,0,0,0,0,0,0,0,0,0,0
1986,27,19,25,35.909,2,7,1,0,0,0,1,1,25,1016,1016,1016,1016,0,0,0,0,0,1,1,0,0,0,-233.0134593,0,0,0,0,3,1,1,10,10,0,0,0,3,1,1,10,1000,0,0,0,0,0,0,0,0,0,0,0,0,0,0,0,0,0,0,0,0,0,0,0,0,0,0,0,0,0,0,0,0,0,0,0,0,0,0,0,0,0,0,0,0,0,0,0,0,0,0,0
1986,27,19,26,23.909,2,7,1,0,0,0,1,1,25,1016,1016,1016,1016,0,0,0,0,0,1,1,0,0,0,-233.0569145,0,0,0,0,3,1,1,10,10,0,0,0,3,1,1,10,1000,0,0,0,0,0,0,0,0,0,0,0,0,0,0,0,0,0,0,0,0,0,0,0,0,0,0,0,0,0,0,0,0,0,0,0,0,0,0,0,0,0,0,0,0,0,0,0,0,0,0,0
1986,27,19,27,11.909,2,7,1,0,0,0,1,1,25,1016,1016,1016,1016,0,0,0,0,0,1,1,0,0,0,-233.1003696,0,0,0,0,3,1,1,10,10,0,0,0,3,1,1,10,1000,0,0,0,0,0,0,0,0,0,0,0,0,0,0,0,0,0,0,0,0,0,0,0,0,0,0,0,0,0,0,0,0,0,0,0,0,0,0,0,0,0,0,0,0,0,0,0,0,0,0,0
1986,27,19,30,23.909,2,7,1,0,0,0,1,1,25,1016,1016,1016,1016,0,0,0,0,0,1,1,0,0,0,-233.2741897,0,0,0,0,3,1,1,10,10,0,0,0,3,1,1,10,1000,0,0,0,0,0,0,0,0,0,0,0,0,0,0,0,0,0,0,0,0,0,0,0,0,0,0,0,0,0,0,0,0,0,0,0,0,0,0,0,0,0,0,0,0,0,0,0,0,0,0,0
1986,27,19,31,11.909,2,7,1,0,0,0,1,1,25,1016,1016,1016,1016,0,0,0,0,0,1,1,0,0,0,-233.3176446,0,0,0,0,3,1,1,10,10,0,0,0,3,1,1,10,1000,0,0,0,0,0,0,0,0,0,0,0,0,0,0,0,0,0,0,0,0,0,0,0,0,0,0,0,0,0,0,0,0,0,0,0,0,0,0,0,0,0,0,0,0,0,0,0,0,0,0,0
1986,27,19,31,59.909,2,7,1,0,0,0,1,1,25,1016,1016,1016,1016,0,0,0,0,0,1,1,0,0,0,-233.3610994,0,0,0,0,3,1,1,10,10,0,0,0,3,1,1,10,1000,0,0,0,0,0,0,0,0,0,0,0,0,0,0,0,0,0,0,0,0,0,0,0,0,0,0,0,0,0,0,0,0,0,0,0,0,0,0,0,0,0,0,0,0,0,0,0,0,0,0,0
1986,27,19,32,47.909,2,7,1,0,0,0,1,1,25,1016,1016,1016,1016,0,0,0,0,0,1,1,0,0,0,-233.4045542,0,0,0,0,3,1,1,10,10,0,0,0,3,1,1,10,1000,0,0,0,0,0,0,0,0,0,0,0,0,0,0,0,0,0,0,0,0,0,0,0,0,0,0,0,0,0,0,0,0,0,0,0,0,0,0,0,0,0,0,0,0,0,0,0,0,0,0,0
1986,27,19,33,35.909,2,7,1,0,0,0,1,1,25,1016,1016,1016,1016,0,0,0,0,0,1,1,0,0,0,-233.4480089,0,0,0,0,3,1,1,10,10,0,0,0,3,1,1,10,1000,0,0,0,0,0,0,0,0,0,0,0,0,0,0,0,0,0,0,0,0,0,0,0,0,0,0,0,0,0,0,0,0,0,0,0,0,0,0,0,0,0,0,0,0,0,0,0,0,0,0,0
1986,27,19,34,23.909,2,7,1,0,0,0,1,1,25,1016,1016,1016,1016,0,0,0,0,0,1,1,0,0,0,-233.4914637,0,0,0,0,3,1,1,10,10,0,0,0,3,1,1,10,1000,0,0,0,0,0,0,0,0,0,0,0,0,0,0,0,0,0,0,0,0,0,0,0,0,0,0,0,0,0,0,0,0,0,0,0,0,0,0,0,0,0,0,0,0,0,0,0,0,0,0,0
1986,27,19,35,11.909,2,7,1,0,0,0,1,1,25,1016,1016,1016,1016,0,0,0,0,0,1,1,0,0,0,-233.5349183,0,0,0,0,3,1,1,10,10,0,0,0,3,1,1,10,1000,0,0,0,0,0,0,0,0,0,0,0,0,0,0,0,0,0,0,0,0,0,0,0,0,0,0,0,0,0,0,0,0,0,0,0,0,0,0,0,0,0,0,0,0,0,0,0,0,0,0,0
1986,27,19,35,59.909,2,7,1,0,0,0,1,1,25,1016,1016,1016,1016,0,0,0,0,0,1,1,0,0,0,-233.5783729,0,0,0,0,3,1,1,10,10,0,0,0,3,1,1,10,1000,0,0,0,0,0,0,0,0,0,0,0,0,0,0,0,0,0,0,0,0,0,0,0,0,0,0,0,0,0,0,0,0,0,0,0,0,0,0,0,0,0,0,0,0,0,0,0,0,0,0,0
1986,27,19,36,47.908,2,7,1,0,0,0,1,1,25,1016,1016,1016,1016,0,0,0,0,0,1,1,0,0,0,-233.6218266,0,0,0,0,3,1,1,10,10,0,0,0,3,1,1,10,1000,0,0,0,0,0,0,0,0,0,0,0,0,0,0,0,0,0,0,0,0,0,0,0,0,0,0,0,0,0,0,0,0,0,0,0,0,0,0,0,0,0,0,0,0,0,0,0,0,0,0,0
1986,27,19,37,35.908,2,7,1,0,0,0,1,1,25,1016,1016,1016,1016,0,0,0,0,0,1,1,0,0,0,-233.6652811,0,0,0,0,3,1,1,10,10,0,0,0,3,1,1,10,1000,0,0,0,0,0,0,0,0,0,0,0,0,0,0,0,0,0,0,0,0,0,0,0,0,0,0,0,0,0,0,0,0,0,0,0,0,0,0,0,0,0,0,0,0,0,0,0,0,0,0,0
1986,27,19,38,23.908,2,7,1,0,0,0,1,1,25,1016,1016,1016,1016,0,0,0,0,0,1,1,0,0,0,-233.7087356,0,0,0,0,3,1,1,10,10,0,0,0,3,1,1,10,1000,0,0,0,0,0,0,0,0,0,0,0,0,0,0,0,0,0,0,0,0,0,0,0,0,0,0,0,0,0,0,0,0,0,0,0,0,0,0,0,0,0,0,0,0,0,0,0,0,0,0,0
1986,27,19,39,11.908,2,7,1,0,0,0,1,1,25,1016,1016,1016,1016,0,0,0,0,0,1,1,0,0,0,-233.75219,0,0,0,0,3,1,1,10,10,0,0,0,3,1,1,10,1000,0,0,0,0,0,0,0,0,0,0,0,0,0,0,0,0,0,0,0,0,0,0,0,0,0,0,0,0,0,0,0,0,0,0,0,0,0,0,0,0,0,0,0,0,0,0,0,0,0,0,0
1986,27,19,42,23.908,2,7,1,0,0,0,1,1,25,1016,1016,1016,1016,0,0,0,0,0,1,1,0,0,0,-233.9260072,0,0,0,0,3,1,1,10,10,0,0,0,3,1,1,10,1000,0,0,0,0,0,0,0,0,0,0,0,0,0,0,0,0,0,0,0,0,0,0,0,0,0,0,0,0,0,0,0,0,0,0,0,0,0,0,0,0,0,0,0,0,0,0,0,0,0,0,0
1986,27,19,43,11.908,2,7,1,0,0,0,1,1,25,1016,1016,1016,1016,0,0,0,0,0,1,1,0,0,0,-233.9694614,0,0,0,0,3,1,1,10,10,0,0,0,3,1,1,10,1000,0,0,0,0,0,0,0,0,0,0,0,0,0,0,0,0,0,0,0,0,0,0,0,0,0,0,0,0,0,0,0,0,0,0,0,0,0,0,0,0,0,0,0,0,0,0,0,0,0,0,0
1986,27,19,43,59.908,2,7,1,0,0,0,1,1,25,1016,1016,1016,1016,0,0,0,0,0,1,1,0,0,0,-234.0129156,0,0,0,0,3,1,1,10,10,0,0,0,3,1,1,10,1000,0,0,0,0,0,0,0,0,0,0,0,0,0,0,0,0,0,0,0,0,0,0,0,0,0,0,0,0,0,0,0,0,0,0,0,0,0,0,0,0,0,0,0,0,0,0,0,0,0,0,0
1986,27,19,44,47.908,2,7,1,0,0,0,1,1,25,1016,1016,1016,1016,0,0,0,0,0,1,1,0,0,0,-234.0563697,0,0,0,0,3,1,1,10,10,0,0,0,3,1,1,10,1000,0,0,0,0,0,0,0,0,0,0,0,0,0,0,0,0,0,0,0,0,0,0,0,0,0,0,0,0,0,0,0,0,0,0,0,0,0,0,0,0,0,0,0,0,0,0,0,0,0,0,0
1986,27,19,45,35.908,2,7,1,0,0,0,1,1,25,1016,1016,1016,1016,0,0,0,0,0,1,1,0,0,0,-234.0998237,0,0,0,0,3,1,1,10,10,0,0,0,3,1,1,10,1000,0,0,0,0,0,0,0,0,0,0,0,0,0,0,0,0,0,0,0,0,0,0,0,0,0,0,0,0,0,0,0,0,0,0,0,0,0,0,0,0,0,0,0,0,0,0,0,0,0,0,0
1986,27,19,46,23.908,2,7,1,0,0,0,1,1,25,1016,1016,1016,1016,0,0,0,0,0,1,1,0,0,0,-234.1432777,0,0,0,0,3,1,1,10,10,0,0,0,3,1,1,10,1000,0,0,0,0,0,0,0,0,0,0,0,0,0,0,0,0,0,0,0,0,0,0,0,0,0,0,0,0,0,0,0,0,0,0,0,0,0,0,0,0,0,0,0,0,0,0,0,0,0,0,0
1986,27,19,47,11.908,2,7,1,0,0,0,1,1,25,1016,1016,1016,1016,0,0,0,0,0,1,1,0,0,0,-234.1867317,0,0,0,0,3,1,1,10,10,0,0,0,3,1,1,10,1000,0,0,0,0,0,0,0,0,0,0,0,0,0,0,0,0,0,0,0,0,0,0,0,0,0,0,0,0,0,0,0,0,0,0,0,0,0,0,0,0,0,0,0,0,0,0,0,0,0,0,0
1986,27,19,47,59.908,2,7,1,0,0,0,1,1,25,1016,1016,1016,1016,0,0,0,0,0,1,1,0,0,0,-234.2301856,0,0,0,0,3,1,1,10,10,0,0,0,3,1,1,10,1000,0,0,0,0,0,0,0,0,0,0,0,0,0,0,0,0,0,0,0,0,0,0,0,0,0,0,0,0,0,0,0,0,0,0,0,0,0,0,0,0,0,0,0,0,0,0,0,0,0,0,0
1986,27,19,48,47.908,2,7,1,0,0,0,1,1,25,1016,1016,1016,1016,0,0,0,0,0,1,1,0,0,0,-234.2736395,0,0,0,0,3,1,1,10,10,0,0,0,3,1,1,10,1000,0,0,0,0,0,0,0,0,0,0,0,0,0,0,0,0,0,0,0,0,0,0,0,0,0,0,0,0,0,0,0,0,0,0,0,0,0,0,0,0,0,0,0,0,0,0,0,0,0,0,0
1986,27,19,49,35.908,2,7,1,0,0,0,1,1,25,1016,1016,1016,1016,0,0,0,0,0,1,1,0,0,0,-234.3170933,0,0,0,0,3,1,1,10,10,0,0,0,3,1,1,10,1000,0,0,0,0,0,0,0,0,0,0,0,0,0,0,0,0,0,0,0,0,0,0,0,0,0,0,0,0,0,0,0,0,0,0,0,0,0,0,0,0,0,0,0,0,0,0,0,0,0,0,0
1986,27,19,50,23.908,2,7,1,0,0,0,1,1,25,1016,1016,1016,1016,0,0,0,0,0,1,1,0,0,0,-234.3605471,0,0,0,0,3,1,1,10,10,0,0,0,3,1,1,10,1000,0,0,0,0,0,0,0,0,0,0,0,0,0,0,0,0,0,0,0,0,0,0,0,0,0,0,0,0,0,0,0,0,0,0,0,0,0,0,0,0,0,0,0,0,0,0,0,0,0,0,0
1986,27,19,51,11.908,2,7,1,0,0,0,1,1,25,1016,1016,1016,1016,0,0,0,0,0,1,1,0,0,0,-234.4040008,0,0,0,0,3,1,1,10,10,0,0,0,3,1,1,10,1000,0,0,0,0,0,0,0,0,0,0,0,0,0,0,0,0,0,0,0,0,0,0,0,0,0,0,0,0,0,0,0,0,0,0,0,0,0,0,0,0,0,0,0,0,0,0,0,0,0,0,0
1986,27,19,54,23.907,2,7,1,0,0,0,1,1,25,1016,1016,1016,1016,0,0,0,0,0,1,1,0,0,0,-234.5778144,0,0,0,0,3,1,1,10,10,0,0,0,3,1,1,10,1000,0,0,0,0,0,0,0,0,0,0,0,0,0,0,0,0,0,0,0,0,0,0,0,0,0,0,0,0,0,0,0,0,0,0,0,0,0,0,0,0,0,0,0,0,0,0,0,0,0,0,0
1986,27,19,55,11.907,2,7,1,0,0,0,1,1,25,1016,1016,1016,1016,0,0,0,0,0,1,1,0,0,0,-234.6212679,0,0,0,0,3,1,1,10,10,0,0,0,3,1,1,10,1000,0,0,0,0,0,0,0,0,0,0,0,0,0,0,0,0,0,0,0,0,0,0,0,0,0,0,0,0,0,0,0,0,0,0,0,0,0,0,0,0,0,0,0,0,0,0,0,0,0,0,0
1986,27,19,55,59.907,2,7,1,0,0,0,1,1,25,1016,1016,1016,1016,0,0,0,0,0,1,1,0,0,0,-234.6647213,0,0,0,0,3,1,1,10,10,0,0,0,3,1,1,10,1000,0,0,0,0,0,0,0,0,0,0,0,0,0,0,0,0,0,0,0,0,0,0,0,0,0,0,0,0,0,0,0,0,0,0,0,0,0,0,0,0,0,0,0,0,0,0,0,0,0,0,0
1986,27,19,56,47.907,2,7,1,0,0,0,1,1,25,1016,1016,1016,1016,0,0,0,0,0,1,1,0,0,0,-234.7081747,0,0,0,0,3,1,1,10,10,0,0,0,3,1,1,10,1000,0,0,0,0,0,0,0,0,0,0,0,0,0,0,0,0,0,0,0,0,0,0,0,0,0,0,0,0,0,0,0,0,0,0,0,0,0,0,0,0,0,0,0,0,0,0,0,0,0,0,0
1986,27,19,57,35.907,2,7,1,0,0,0,1,1,25,1016,1016,1016,1016,0,0,0,0,0,1,1,0,0,0,-234.7516281,0,0,0,0,3,1,1,10,10,0,0,0,3,1,1,10,1000,0,0,0,0,0,0,0,0,0,0,0,0,0,0,0,0,0,0,0,0,0,0,0,0,0,0,0,0,0,0,0,0,0,0,0,0,0,0,0,0,0,0,0,0,0,0,0,0,0,0,0
1986,27,19,58,23.907,2,7,1,0,0,0,1,1,25,1016,1016,1016,1016,0,0,0,0,0,1,1,0,0,0,-234.7950814,0,0,0,0,3,1,1,10,10,0,0,0,3,1,1,10,1000,0,0,0,0,0,0,0,0,0,0,0,0,0,0,0,0,0,0,0,0,0,0,0,0,0,0,0,0,0,0,0,0,0,0,0,0,0,0,0,0,0,0,0,0,0,0,0,0,0,0,0
1986,27,19,59,11.907,2,7,1,0,0,0,1,1,25,1016,1016,1016,1016,0,0,0,0,0,1,1,0,0,0,-234.8385347,0,0,0,0,3,1,1,10,10,0,0,0,3,1,1,10,1000,0,0,0,0,0,0,0,0,0,0,0,0,0,0,0,0,0,0,0,0,0,0,0,0,0,0,0,0,0,0,0,0,0,0,0,0,0,0,0,0,0,0,0,0,0,0,0,0,0,0,0
1986,27,19,59,59.907,2,7,1,0,0,0,1,1,25,1016,1016,1016,1016,0,0,0,0,0,1,1,0,0,0,-234.8819879,0,0,0,0,3,1,1,10,10,0,0,0,3,1,1,10,1000,0,0,0,0,0,0,0,0,0,0,0,0,0,0,0,0,0,0,0,0,0,0,0,0,0,0,0,0,0,0,0,0,0,0,0,0,0,0,0,0,0,0,0,0,0,0,0,0,0,0,0
1986,27,20,1,35.907,2,7,1,0,0,0,1,1,25,1016,1016,1016,1016,0,0,0,0,0,1,1,0,0,0,-234.9688942,0,0,0,0,3,1,1,10,10,0,0,0,3,1,1,10,1000,0,0,0,0,0,0,0,0,0,0,0,0,0,0,0,0,0,0,0,0,0,0,0,0,0,0,0,0,0,0,0,0,0,0,0,0,0,0,0,0,0,0,0,0,0,0,0,0,0,0,0
1986,27,20,2,23.907,2,7,1,0,0,0,1,1,25,1016,1016,1016,1016,0,0,0,0,0,1,1,0,0,0,-235.0123473,0,0,0,0,3,1,1,10,10,0,0,0,3,1,1,10,1000,0,0,0,0,0,0,0,0,0,0,0,0,0,0,0,0,0,0,0,0,0,0,0,0,0,0,0,0,0,0,0,0,0,0,0,0,0,0,0,0,0,0,0,0,0,0,0,0,0,0,0
1986,27,20,3,11.907,2,7,1,0,0,0,1,1,25,1016,1016,1016,1016,0,0,0,0,0,1,1,0,0,0,-235.0558003,0,0,0,0,3,1,1,10,10,0,0,0,3,1,1,10,1000,0,0,0,0,0,0,0,0,0,0,0,0,0,0,0,0,0,0,0,0,0,0,0,0,0,0,0,0,0,0,0,0,0,0,0,0,0,0,0,0,0,0,0,0,0,0,0,0,0,0,0
1986,27,20,6,23.907,2,7,1,0,0,0,1,1,25,1016,1016,1016,1016,0,0,0,0,0,1,1,0,0,0,-235.229612,0,0,0,0,3,1,1,10,10,0,0,0,3,1,1,10,1000,0,0,0,0,0,0,0,0,0,0,0,0,0,0,0,0,0,0,0,0,0,0,0,0,0,0,0,0,0,0,0,0,0,0,0,0,0,0,0,0,0,0,0,0,0,0,0,0,0,0,0
1986,27,20,7,11.906,2,7,1,0,0,0,1,1,25,1016,1016,1016,1016,0,0,0,0,0,1,1,0,0,0,-235.2730639,0,0,0,0,3,1,1,10,10,0,0,0,3,1,1,10,1000,0,0,0,0,0,0,0,0,0,0,0,0,0,0,0,0,0,0,0,0,0,0,0,0,0,0,0,0,0,0,0,0,0,0,0,0,0,0,0,0,0,0,0,0,0,0,0,0,0,0,0
1986,27,20,7,59.906,2,7,1,0,0,0,1,1,25,1016,1016,1016,1016,0,0,0,0,0,1,1,0,0,0,-235.3165167,0,0,0,0,3,1,1,10,10,0,0,0,3,1,1,10,1000,0,0,0,0,0,0,0,0,0,0,0,0,0,0,0,0,0,0,0,0,0,0,0,0,0,0,0,0,0,0,0,0,0,0,0,0,0,0,0,0,0,0,0,0,0,0,0,0,0,0,0
1986,27,20,8,47.906,2,7,1,0,0,0,1,1,25,1016,1016,1016,1016,0,0,0,0,0,1,1,0,0,0,-235.3599694,0,0,0,0,3,1,1,10,10,0,0,0,3,1,1,10,1000,0,0,0,0,0,0,0,0,0,0,0,0,0,0,0,0,0,0,0,0,0,0,0,0,0,0,0,0,0,0,0,0,0,0,0,0,0,0,0,0,0,0,0,0,0,0,0,0,0,0,0
1986,27,20,9,35.906,2,7,1,0,0,0,1,1,25,1016,1016,1016,1016,0,0,0,0,0,1,1,0,0,0,-235.403422,0,0,0,0,3,1,1,10,10,0,0,0,3,1,1,10,1000,0,0,0,0,0,0,0,0,0,0,0,0,0,0,0,0,0,0,0,0,0,0,0,0,0,0,0,0,0,0,0,0,0,0,0,0,0,0,0,0,0,0,0,0,0,0,0,0,0,0,0
1986,27,20,10,23.906,2,7,1,0,0,0,1,1,25,1016,1016,1016,1016,0,0,0,0,0,1,1,0,0,0,-235.4468747,0,0,0,0,3,1,1,10,10,0,0,0,3,1,1,10,1000,0,0,0,0,0,0,0,0,0,0,0,0,0,0,0,0,0,0,0,0,0,0,0,0,0,0,0,0,0,0,0,0,0,0,0,0,0,0,0,0,0,0,0,0,0,0,0,0,0,0,0
1986,27,20,11,11.906,2,7,1,0,0,0,1,1,25,1016,1016,1016,1016,0,0,0,0,0,1,1,0,0,0,-235.4903273,0,0,0,0,3,1,1,10,10,0,0,0,3,1,1,10,1000,0,0,0,0,0,0,0,0,0,0,0,0,0,0,0,0,0,0,0,0,0,0,0,0,0,0,0,0,0,0,0,0,0,0,0,0,0,0,0,0,0,0,0,0,0,0,0,0,0,0,0
1986,27,20,11,59.906,2,7,1,0,0,0,1,1,25,1016,1016,1016,1016,0,0,0,0,0,1,1,0,0,0,-235.5337798,0,0,0,0,3,1,1,10,10,0,0,0,3,1,1,10,1000,0,0,0,0,0,0,0,0,0,0,0,0,0,0,0,0,0,0,0,0,0,0,0,0,0,0,0,0,0,0,0,0,0,0,0,0,0,0,0,0,0,0,0,0,0,0,0,0,0,0,0
1986,27,20,12,47.906,2,7,1,0,0,0,1,1,25,1016,1016,1016,1016,0,0,0,0,0,1,1,0,0,0,-235.5772323,0,0,0,0,3,1,1,10,10,0,0,0,3,1,1,10,1000,0,0,0,0,0,0,0,0,0,0,0,0,0,0,0,0,0,0,0,0,0,0,0,0,0,0,0,0,0,0,0,0,0,0,0,0,0,0,0,0,0,0,0,0,0,0,0,0,0,0,0
1986,27,20,13,35.906,2,7,1,0,0,0,1,1,25,1016,1016,1016,1016,0,0,0,0,0,1,1,0,0,0,-235.6206847,0,0,0,0,3,1,1,10,10,0,0,0,3,1,1,10,1000,0,0,0,0,0,0,0,0,0,0,0,0,0,0,0,0,0,0,0,0,0,0,0,0,0,0,0,0,0,0,0,0,0,0,0,0,0,0,0,0,0,0,0,0,0,0,0,0,0,0,0
1986,27,20,14,23.906,2,7,1,0,0,0,1,1,25,1016,1016,1016,1016,0,0,0,0,0,1,1,0,0,0,-235.6641371,0,0,0,0,3,1,1,10,10,0,0,0,3,1,1,10,1000,0,0,0,0,0,0,0,0,0,0,0,0,0,0,0,0,0,0,0,0,0,0,0,0,0,0,0,0,0,0,0,0,0,0,0,0,0,0,0,0,0,0,0,0,0,0,0,0,0,0,0
1986,27,20,15,11.906,2,7,1,0,0,0,1,1,25,1016,1016,1016,1016,0,0,0,0,0,1,1,0,0,0,-235.7075895,0,0,0,0,3,1,1,10,10,0,0,0,3,1,1,10,1000,0,0,0,0,0,0,0,0,0,0,0,0,0,0,0,0,0,0,0,0,0,0,0,0,0,0,0,0,0,0,0,0,0,0,0,0,0,0,0,0,0,0,0,0,0,0,0,0,0,0,0
1986,27,20,18,23.906,2,7,1,0,0,0,1,1,25,1016,1016,1016,1016,0,0,0,0,0,1,1,0,0,0,-235.8813984,0,0,0,0,3,1,1,10,10,0,0,0,3,1,1,10,1000,0,0,0,0,0,0,0,0,0,0,0,0,0,0,0,0,0,0,0,0,0,0,0,0,0,0,0,0,0,0,0,0,0,0,0,0,0,0,0,0,0,0,0,0,0,0,0,0,0,0,0
1986,27,20,19,11.906,2,7,1,0,0,0,1,1,25,1016,1016,1016,1016,0,0,0,0,0,1,1,0,0,0,-235.9248505,0,0,0,0,3,1,1,10,10,0,0,0,3,1,1,10,1000,0,0,0,0,0,0,0,0,0,0,0,0,0,0,0,0,0,0,0,0,0,0,0,0,0,0,0,0,0,0,0,0,0,0,0,0,0,0,0,0,0,0,0,0,0,0,0,0,0,0,0
1986,27,20,19,59.906,2,7,1,0,0,0,1,1,25,1016,1016,1016,1016,0,0,0,0,0,1,1,0,0,0,-235.9683026,0,0,0,0,3,1,1,10,10,0,0,0,3,1,1,10,1000,0,0,0,0,0,0,0,0,0,0,0,0,0,0,0,0,0,0,0,0,0,0,0,0,0,0,0,0,0,0,0,0,0,0,0,0,0,0,0,0,0,0,0,0,0,0,0,0,0,0,0
1986,27,20,20,47.906,2,7,1,0,0,0,1,1,25,1016,1016,1016,1016,0,0,0,0,0,1,1,0,0,0,-236.0117546,0,0,0,0,3,1,1,10,10,0,0,0,3,1,1,10,1000,0,0,0,0,0,0,0,0,0,0,0,0,0,0,0,0,0,0,0,0,0,0,0,0,0,0,0,0,0,0,0,0,0,0,0,0,0,0,0,0,0,0,0,0,0,0,0,0,0,0,0
1986,27,20,21,35.906,2,7,1,0,0,0,1,1,25,1016,1016,1016,1016,0,0,0,0,0,1,1,0,0,0,-236.0552066,0,0,0,0,3,1,1,10,10,0,0,0,3,1,1,10,1000,0,0,0,0,0,0,0,0,0,0,0,0,0,0,0,0,0,0,0,0,0,0,0,0,0,0,0,0,0,0,0,0,0,0,0,0,0,0,0,0,0,0,0,0,0,0,0,0,0,0,0
1986,27,20,22,23.905,2,7,1,0,0,0,1,1,25,1016,1016,1016,1016,0,0,0,0,0,1,1,0,0,0,-236.0986576,0,0,0,0,3,1,1,10,10,0,0,0,3,1,1,10,1000,0,0,0,0,0,0,0,0,0,0,0,0,0,0,0,0,0,0,0,0,0,0,0,0,0,0,0,0,0,0,0,0,0,0,0,0,0,0,0,0,0,0,0,0,0,0,0,0,0,0,0
1986,27,20,23,11.905,2,7,1,0,0,0,1,1,25,1016,1016,1016,1016,0,0,0,0,0,1,1,0,0,0,-236.1421095,0,0,0,0,3,1,1,10,10,0,0,0,3,1,1,10,1000,0,0,0,0,0,0,0,0,0,0,0,0,0,0,0,0,0,0,0,0,0,0,0,0,0,0,0,0,0,0,0,0,0,0,0,0,0,0,0,0,0,0,0,0,0,0,0,0,0,0,0
1986,27,20,23,59.905,2,7,1,0,0,0,1,1,25,1016,1016,1016,1016,0,0,0,0,0,1,1,0,0,0,-236.1855614,0,0,0,0,3,1,1,10,10,0,0,0,3,1,1,10,1000,0,0,0,0,0,0,0,0,0,0,0,0,0,0,0,0,0,0,0,0,0,0,0,0,0,0,0,0,0,0,0,0,0,0,0,0,0,0,0,0,0,0,0,0,0,0,0,0,0,0,0
1986,27,20,24,47.905,2,7,1,0,0,0,1,1,25,1016,1016,1016,1016,0,0,0,0,0,1,1,0,0,0,-236.2290132,0,0,0,0,3,1,1,10,10,0,0,0,3,1,1,10,1000,0,0,0,0,0,0,0,0,0,0,0,0,0,0,0,0,0,0,0,0,0,0,0,0,0,0,0,0,0,0,0,0,0,0,0,0,0,0,0,0,0,0,0,0,0,0,0,0,0,0,0
1986,27,20,25,35.905,2,7,1,0,0,0,1,1,25,1016,1016,1016,1016,0,0,0,0,0,1,1,0,0,0,-236.2724649,0,0,0,0,3,1,1,10,10,0,0,0,3,1,1,10,1000,0,0,0,0,0,0,0,0,0,0,0,0,0,0,0,0,0,0,0,0,0,0,0,0,0,0,0,0,0,0,0,0,0,0,0,0,0,0,0,0,0,0,0,0,0,0,0,0,0,0,0
1986,27,20,26,23.905,2,7,1,0,0,0,1,1,25,1016,1016,1016,1016,0,0,0,0,0,1,1,0,0,0,-236.3159166,0,0,0,0,3,1,1,10,10,0,0,0,3,1,1,10,1000,0,0,0,0,0,0,0,0,0,0,0,0,0,0,0,0,0,0,0,0,0,0,0,0,0,0,0,0,0,0,0,0,0,0,0,0,0,0,0,0,0,0,0,0,0,0,0,0,0,0,0
1986,27,20,27,11.905,2,7,1,0,0,0,1,1,25,1016,1016,1016,1016,0,0,0,0,0,1,1,0,0,0,-236.3593683,0,0,0,0,3,1,1,10,10,0,0,0,3,1,1,10,1000,0,0,0,0,0,0,0,0,0,0,0,0,0,0,0,0,0,0,0,0,0,0,0,0,0,0,0,0,0,0,0,0,0,0,0,0,0,0,0,0,0,0,0,0,0,0,0,0,0,0,0
1986,27,20,30,23.905,2,7,1,0,0,0,1,1,25,1016,1016,1016,1016,0,0,0,0,0,1,1,0,0,0,-236.5331745,0,0,0,0,3,1,1,10,10,0,0,0,3,1,1,10,1000,0,0,0,0,0,0,0,0,0,0,0,0,0,0,0,0,0,0,0,0,0,0,0,0,0,0,0,0,0,0,0,0,0,0,0,0,0,0,0,0,0,0,0,0,0,0,0,0,0,0,0
1986,27,20,31,11.905,2,7,1,0,0,0,1,1,25,1016,1016,1016,1016,0,0,0,0,0,1,1,0,0,0,-236.5766259,0,0,0,0,3,1,1,10,10,0,0,0,3,1,1,10,1000,0,0,0,0,0,0,0,0,0,0,0,0,0,0,0,0,0,0,0,0,0,0,0,0,0,0,0,0,0,0,0,0,0,0,0,0,0,0,0,0,0,0,0,0,0,0,0,0,0,0,0
1986,27,20,31,59.905,2,7,1,0,0,0,1,1,25,1016,1016,1016,1016,0,0,0,0,0,1,1,0,0,0,-236.6200773,0,0,0,0,3,1,1,10,10,0,0,0,3,1,1,10,1000,0,0,0,0,0,0,0,0,0,0,0,0,0,0,0,0,0,0,0,0,0,0,0,0,0,0,0,0,0,0,0,0,0,0,0,0,0,0,0,0,0,0,0,0,0,0,0,0,0,0,0
1986,27,20,32,47.905,2,7,1,0,0,0,1,1,25,1016,1016,1016,1016,0,0,0,0,0,1,1,0,0,0,-236.6635287,0,0,0,0,3,1,1,10,10,0,0,0,3,1,1,10,1000,0,0,0,0,0,0,0,0,0,0,0,0,0,0,0,0,0,0,0,0,0,0,0,0,0,0,0,0,0,0,0,0,0,0,0,0,0,0,0,0,0,0,0,0,0,0,0,0,0,0,0
1986,27,20,33,35.905,2,7,1,0,0,0,1,1,25,1016,1016,1016,1016,0,0,0,0,0,1,1,0,0,0,-236.70698,0,0,0,0,3,1,1,10,10,0,0,0,3,1,1,10,1000,0,0,0,0,0,0,0,0,0,0,0,0,0,0,0,0,0,0,0,0,0,0,0,0,0,0,0,0,0,0,0,0,0,0,0,0,0,0,0,0,0,0,0,0,0,0,0,0,0,0,0
1986,27,20,34,23.905,2,7,1,0,0,0,1,1,25,1016,1016,1016,1016,0,0,0,0,0,1,1,0,0,0,-236.7504312,0,0,0,0,3,1,1,10,10,0,0,0,3,1,1,10,1000,0,0,0,0,0,0,0,0,0,0,0,0,0,0,0,0,0,0,0,0,0,0,0,0,0,0,0,0,0,0,0,0,0,0,0,0,0,0,0,0,0,0,0,0,0,0,0,0,0,0,0
1986,27,20,35,11.905,2,7,1,0,0,0,1,1,25,1016,1016,1016,1016,0,0,0,0,0,1,1,0,0,0,-236.7938824,0,0,0,0,3,1,1,10,10,0,0,0,3,1,1,10,1000,0,0,0,0,0,0,0,0,0,0,0,0,0,0,0,0,0,0,0,0,0,0,0,0,0,0,0,0,0,0,0,0,0,0,0,0,0,0,0,0,0,0,0,0,0,0,0,0,0,0,0
1986,27,20,35,59.905,2,7,1,0,0,0,1,1,25,1016,1016,1016,1016,0,0,0,0,0,1,1,0,0,0,-236.8373336,0,0,0,0,3,1,1,10,10,0,0,0,3,1,1,10,1000,0,0,0,0,0,0,0,0,0,0,0,0,0,0,0,0,0,0,0,0,0,0,0,0,0,0,0,0,0,0,0,0,0,0,0,0,0,0,0,0,0,0,0,0,0,0,0,0,0,0,0
1986,27,20,36,47.905,2,7,1,0,0,0,1,1,25,1016,1016,1016,1016,0,0,0,0,0,1,1,0,0,0,-236.8807847,0,0,0,0,3,1,1,10,10,0,0,0,3,1,1,10,1000,0,0,0,0,0,0,0,0,0,0,0,0,0,0,0,0,0,0,0,0,0,0,0,0,0,0,0,0,0,0,0,0,0,0,0,0,0,0,0,0,0,0,0,0,0,0,0,0,0,0,0
1986,27,20,37,35.904,2,7,1,0,0,0,1,1,25,1016,1016,1016,1016,0,0,0,0,0,1,1,0,0,0,-236.9242349,0,0,0,0,3,1,1,10,10,0,0,0,3,1,1,10,1000,0,0,0,0,0,0,0,0,0,0,0,0,0,0,0,0,0,0,0,0,0,0,0,0,0,0,0,0,0,0,0,0,0,0,0,0,0,0,0,0,0,0,0,0,0,0,0,0,0,0,0
1986,27,20,38,23.904,2,7,1,0,0,0,1,1,25,1016,1016,1016,1016,0,0,0,0,0,1,1,0,0,0,-236.9676859,0,0,0,0,3,1,1,10,10,0,0,0,3,1,1,10,1000,0,0,0,0,0,0,0,0,0,0,0,0,0,0,0,0,0,0,0,0,0,0,0,0,0,0,0,0,0,0,0,0,0,0,0,0,0,0,0,0,0,0,0,0,0,0,0,0,0,0,0
1986,27,20,39,11.904,2,7,1,0,0,0,1,1,25,1016,1016,1016,1016,0,0,0,0,0,1,1,0,0,0,-237.0111369,0,0,0,0,3,1,1,10,10,0,0,0,3,1,1,10,1000,0,0,0,0,0,0,0,0,0,0,0,0,0,0,0,0,0,0,0,0,0,0,0,0,0,0,0,0,0,0,0,0,0,0,0,0,0,0,0,0,0,0,0,0,0,0,0,0,0,0,0
1986,27,20,43,11.904,2,7,1,0,0,0,1,1,25,1016,1016,1016,1016,0,0,0,0,0,1,1,0,0,0,-237.2283911,0,0,0,0,3,1,1,10,10,0,0,0,3,1,1,10,1000,0,0,0,0,0,0,0,0,0,0,0,0,0,0,0,0,0,0,0,0,0,0,0,0,0,0,0,0,0,0,0,0,0,0,0,0,0,0,0,0,0,0,0,0,0,0,0,0,0,0,0
1986,27,20,43,59.904,2,7,1,0,0,0,1,1,25,1016,1016,1016,1016,0,0,0,0,0,1,1,0,0,0,-237.2718418,0,0,0,0,3,1,1,10,10,0,0,0,3,1,1,10,1000,0,0,0,0,0,0,0,0,0,0,0,0,0,0,0,0,0,0,0,0,0,0,0,0,0,0,0,0,0,0,0,0,0,0,0,0,0,0,0,0,0,0,0,0,0,0,0,0,0,0,0
1986,27,20,44,47.904,2,7,1,0,0,0,1,1,25,1016,1016,1016,1016,0,0,0,0,0,1,1,0,0,0,-237.3152925,0,0,0,0,3,1,1,10,10,0,0,0,3,1,1,10,1000,0,0,0,0,0,0,0,0,0,0,0,0,0,0,0,0,0,0,0,0,0,0,0,0,0,0,0,0,0,0,0,0,0,0,0,0,0,0,0,0,0,0,0,0,0,0,0,0,0,0,0
1986,27,20,45,35.904,2,7,1,0,0,0,1,1,25,1016,1016,1016,1016,0,0,0,0,0,1,1,0,0,0,-237.3587431,0,0,0,0,3,1,1,10,10,0,0,0,3,1,1,10,1000,0,0,0,0,0,0,0,0,0,0,0,0,0,0,0,0,0,0,0,0,0,0,0,0,0,0,0,0,0,0,0,0,0,0,0,0,0,0,0,0,0,0,0,0,0,0,0,0,0,0,0
1986,27,20,46,23.904,2,7,1,0,0,0,1,1,25,1016,1016,1016,1016,0,0,0,0,0,1,1,0,0,0,-237.4021937,0,0,0,0,3,1,1,10,10,0,0,0,3,1,1,10,1000,0,0,0,0,0,0,0,0,0,0,0,0,0,0,0,0,0,0,0,0,0,0,0,0,0,0,0,0,0,0,0,0,0,0,0,0,0,0,0,0,0,0,0,0,0,0,0,0,0,0,0
1986,27,20,47,11.904,2,7,1,0,0,0,1,1,25,1016,1016,1016,1016,0,0,0,0,0,1,1,0,0,0,-237.4456442,0,0,0,0,3,1,1,10,10,0,0,0,3,1,1,10,1000,0,0,0,0,0,0,0,0,0,0,0,0,0,0,0,0,0,0,0,0,0,0,0,0,0,0,0,0,0,0,0,0,0,0,0,0,0,0,0,0,0,0,0,0,0,0,0,0,0,0,0
1986,27,20,47,59.904,2,7,1,0,0,0,1,1,25,1016,1016,1016,1016,0,0,0,0,0,1,1,0,0,0,-237.4890947,0,0,0,0,3,1,1,10,10,0,0,0,3,1,1,10,1000,0,0,0,0,0,0,0,0,0,0,0,0,0,0,0,0,0,0,0,0,0,0,0,0,0,0,0,0,0,0,0,0,0,0,0,0,0,0,0,0,0,0,0,0,0,0,0,0,0,0,0
1986,27,20,48,47.904,2,7,1,0,0,0,1,1,25,1016,1016,1016,1016,0,0,0,0,0,1,1,0,0,0,-237.5325452,0,0,0,0,3,1,1,10,10,0,0,0,3,1,1,10,1000,0,0,0,0,0,0,0,0,0,0,0,0,0,0,0,0,0,0,0,0,0,0,0,0,0,0,0,0,0,0,0,0,0,0,0,0,0,0,0,0,0,0,0,0,0,0,0,0,0,0,0
1986,27,20,49,35.904,2,7,1,0,0,0,1,1,25,1016,1016,1016,1016,0,0,0,0,0,1,1,0,0,0,-237.5759955,0,0,0,0,3,1,1,10,10,0,0,0,3,1,1,10,1000,0,0,0,0,0,0,0,0,0,0,0,0,0,0,0,0,0,0,0,0,0,0,0,0,0,0,0,0,0,0,0,0,0,0,0,0,0,0,0,0,0,0,0,0,0,0,0,0,0,0,0
1986,27,20,50,23.904,2,7,1,0,0,0,1,1,25,1016,1016,1016,1016,0,0,0,0,0,1,1,0,0,0,-237.6194459,0,0,0,0,3,1,1,10,10,0,0,0,3,1,1,10,1000,0,0,0,0,0,0,0,0,0,0,0,0,0,0,0,0,0,0,0,0,0,0,0,0,0,0,0,0,0,0,0,0,0,0,0,0,0,0,0,0,0,0,0,0,0,0,0,0,0,0,0
1986,27,20,51,11.904,2,7,1,0,0,0,1,1,25,1016,1016,1016,1016,0,0,0,0,0,1,1,0,0,0,-237.6628962,0,0,0,0,3,1,1,10,10,0,0,0,3,1,1,10,1000,0,0,0,0,0,0,0,0,0,0,0,0,0,0,0,0,0,0,0,0,0,0,0,0,0,0,0,0,0,0,0,0,0,0,0,0,0,0,0,0,0,0,0,0,0,0,0,0,0,0,0
1986,27,20,54,23.903,2,7,1,0,0,0,1,1,25,1016,1016,1016,1016,0,0,0,0,0,1,1,0,0,0,-237.8366961,0,0,0,0,3,1,1,10,10,0,0,0,3,1,1,10,1000,0,0,0,0,0,0,0,0,0,0,0,0,0,0,0,0,0,0,0,0,0,0,0,0,0,0,0,0,0,0,0,0,0,0,0,0,0,0,0,0,0,0,0,0,0,0,0,0,0,0,0
1986,27,20,55,11.903,2,7,1,0,0,0,1,1,25,1016,1016,1016,1016,0,0,0,0,0,1,1,0,0,0,-237.8801461,0,0,0,0,3,1,1,10,10,0,0,0,3,1,1,10,1000,0,0,0,0,0,0,0,0,0,0,0,0,0,0,0,0,0,0,0,0,0,0,0,0,0,0,0,0,0,0,0,0,0,0,0,0,0,0,0,0,0,0,0,0,0,0,0,0,0,0,0
1986,27,20,55,59.903,2,7,1,0,0,0,1,1,25,1016,1016,1016,1016,0,0,0,0,0,1,1,0,0,0,-237.9235962,0,0,0,0,3,1,1,10,10,0,0,0,3,1,1,10,1000,0,0,0,0,0,0,0,0,0,0,0,0,0,0,0,0,0,0,0,0,0,0,0,0,0,0,0,0,0,0,0,0,0,0,0,0,0,0,0,0,0,0,0,0,0,0,0,0,0,0,0
1986,27,20,56,47.903,2,7,1,0,0,0,1,1,25,1016,1016,1016,1016,0,0,0,0,0,1,1,0,0,0,-237.9670461,0,0,0,0,3,1,1,10,10,0,0,0,3,1,1,10,1000,0,0,0,0,0,0,0,0,0,0,0,0,0,0,0,0,0,0,0,0,0,0,0,0,0,0,0,0,0,0,0,0,0,0,0,0,0,0,0,0,0,0,0,0,0,0,0,0,0,0,0
1986,27,20,57,35.903,2,7,1,0,0,0,1,1,25,1016,1016,1016,1016,0,0,0,0,0,1,1,0,0,0,-238.0104961,0,0,0,0,3,1,1,10,10,0,0,0,3,1,1,10,1000,0,0,0,0,0,0,0,0,0,0,0,0,0,0,0,0,0,0,0,0,0,0,0,0,0,0,0,0,0,0,0,0,0,0,0,0,0,0,0,0,0,0,0,0,0,0,0,0,0,0,0
1986,27,20,58,23.903,2,7,1,0,0,0,1,1,25,1016,1016,1016,1016,0,0,0,0,0,1,1,0,0,0,-238.053946,0,0,0,0,3,1,1,10,10,0,0,0,3,1,1,10,1000,0,0,0,0,0,0,0,0,0,0,0,0,0,0,0,0,0,0,0,0,0,0,0,0,0,0,0,0,0,0,0,0,0,0,0,0,0,0,0,0,0,0,0,0,0,0,0,0,0,0,0
1986,27,20,59,11.903,2,7,1,0,0,0,1,1,25,1016,1016,1016,1016,0,0,0,0,0,1,1,0,0,0,-238.0973958,0,0,0,0,3,1,1,10,10,0,0,0,3,1,1,10,1000,0,0,0,0,0,0,0,0,0,0,0,0,0,0,0,0,0,0,0,0,0,0,0,0,0,0,0,0,0,0,0,0,0,0,0,0,0,0,0,0,0,0,0,0,0,0,0,0,0,0,0
1986,27,20,59,59.903,2,7,1,0,0,0,1,1,25,1016,1016,1016,1016,0,0,0,0,0,1,1,0,0,0,-238.1408456,0,0,0,0,3,1,1,10,10,0,0,0,3,1,1,10,1000,0,0,0,0,0,0,0,0,0,0,0,0,0,0,0,0,0,0,0,0,0,0,0,0,0,0,0,0,0,0,0,0,0,0,0,0,0,0,0,0,0,0,0,0,0,0,0,0,0,0,0
1986,27,21,0,47.903,2,7,1,0,0,0,1,1,25,1016,1016,1016,1016,0,0,0,0,0,1,1,0,0,0,-238.1842954,0,0,0,0,3,1,1,10,10,0,0,0,3,1,1,10,1000,0,0,0,0,0,0,0,0,0,0,0,0,0,0,0,0,0,0,0,0,0,0,0,0,0,0,0,0,0,0,0,0,0,0,0,0,0,0,0,0,0,0,0,0,0,0,0,0,0,0,0
1986,27,21,1,35.903,2,7,1,0,0,0,1,1,25,1016,1016,1016,1016,0,0,0,0,0,1,1,0,0,0,-238.2277451,0,0,0,0,3,1,1,10,10,0,0,0,3,1,1,10,1000,0,0,0,0,0,0,0,0,0,0,0,0,0,0,0,0,0,0,0,0,0,0,0,0,0,0,0,0,0,0,0,0,0,0,0,0,0,0,0,0,0,0,0,0,0,0,0,0,0,0,0
1986,27,21,2,23.903,2,7,1,0,0,0,1,1,25,1016,1016,1016,1016,0,0,0,0,0,1,1,0,0,0,-238.2711948,0,0,0,0,3,1,1,10,10,0,0,0,3,1,1,10,1000,0,0,0,0,0,0,0,0,0,0,0,0,0,0,0,0,0,0,0,0,0,0,0,0,0,0,0,0,0,0,0,0,0,0,0,0,0,0,0,0,0,0,0,0,0,0,0,0,0,0,0
1986,27,21,3,11.903,2,7,1,0,0,0,1,1,25,1016,1016,1016,1016,0,0,0,0,0,1,1,0,0,0,-238.3146444,0,0,0,0,3,1,1,10,10,0,0,0,3,1,1,10,1000,0,0,0,0,0,0,0,0,0,0,0,0,0,0,0,0,0,0,0,0,0,0,0,0,0,0,0,0,0,0,0,0,0,0,0,0,0,0,0,0,0,0,0,0,0,0,0,0,0,0,0
1986,27,21,6,23.903,2,7,1,0,0,0,1,1,25,1016,1016,1016,1016,0,0,0,0,0,1,1,0,0,0,-238.4884425,0,0,0,0,3,1,1,10,10,0,0,0,3,1,1,10,1000,0,0,0,0,0,0,0,0,0,0,0,0,0,0,0,0,0,0,0,0,0,0,0,0,0,0,0,0,0,0,0,0,0,0,0,0,0,0,0,0,0,0,0,0,0,0,0,0,0,0,0
1986,27,21,7,11.903,2,7,1,0,0,0,1,1,25,1016,1016,1016,1016,0,0,0,0,0,1,1,0,0,0,-238.5318919,0,0,0,0,3,1,1,10,10,0,0,0,3,1,1,10,1000,0,0,0,0,0,0,0,0,0,0,0,0,0,0,0,0,0,0,0,0,0,0,0,0,0,0,0,0,0,0,0,0,0,0,0,0,0,0,0,0,0,0,0,0,0,0,0,0,0,0,0
1986,27,21,7,59.902,2,7,1,0,0,0,1,1,25,1016,1016,1016,1016,0,0,0,0,0,1,1,0,0,0,-238.5753403,0,0,0,0,3,1,1,10,10,0,0,0,3,1,1,10,1000,0,0,0,0,0,0,0,0,0,0,0,0,0,0,0,0,0,0,0,0,0,0,0,0,0,0,0,0,0,0,0,0,0,0,0,0,0,0,0,0,0,0,0,0,0,0,0,0,0,0,0
1986,27,21,8,47.902,2,7,1,0,0,0,1,1,25,1016,1016,1016,1016,0,0,0,0,0,1,1,0,0,0,-238.6187896,0,0,0,0,3,1,1,10,10,0,0,0,3,1,1,10,1000,0,0,0,0,0,0,0,0,0,0,0,0,0,0,0,0,0,0,0,0,0,0,0,0,0,0,0,0,0,0,0,0,0,0,0,0,0,0,0,0,0,0,0,0,0,0,0,0,0,0,0
1986,27,21,9,35.902,2,7,1,0,0,0,1,1,25,1016,1016,1016,1016,0,0,0,0,0,1,1,0,0,0,-238.6622389,0,0,0,0,3,1,1,10,10,0,0,0,3,1,1,10,1000,0,0,0,0,0,0,0,0,0,0,0,0,0,0,0,0,0,0,0,0,0,0,0,0,0,0,0,0,0,0,0,0,0,0,0,0,0,0,0,0,0,0,0,0,0,0,0,0,0,0,0
1986,27,21,10,23.902,2,7,1,0,0,0,1,1,25,1016,1016,1016,1016,0,0,0,0,0,1,1,0,0,0,-238.7056881,0,0,0,0,3,1,1,10,10,0,0,0,3,1,1,10,1000,0,0,0,0,0,0,0,0,0,0,0,0,0,0,0,0,0,0,0,0,0,0,0,0,0,0,0,0,0,0,0,0,0,0,0,0,0,0,0,0,0,0,0,0,0,0,0,0,0,0,0
1986,27,21,11,11.902,2,7,1,0,0,0,1,1,25,1016,1016,1016,1016,0,0,0,0,0,1,1,0,0,0,-238.7491373,0,0,0,0,3,1,1,10,10,0,0,0,3,1,1,10,1000,0,0,0,0,0,0,0,0,0,0,0,0,0,0,0,0,0,0,0,0,0,0,0,0,0,0,0,0,0,0,0,0,0,0,0,0,0,0,0,0,0,0,0,0,0,0,0,0,0,0,0
1986,27,21,11,59.902,2,7,1,0,0,0,1,1,25,1016,1016,1016,1016,0,0,0,0,0,1,1,0,0,0,-238.7925864,0,0,0,0,3,1,1,10,10,0,0,0,3,1,1,10,1000,0,0,0,0,0,0,0,0,0,0,0,0,0,0,0,0,0,0,0,0,0,0,0,0,0,0,0,0,0,0,0,0,0,0,0,0,0,0,0,0,0,0,0,0,0,0,0,0,0,0,0
1986,27,21,12,47.902,2,7,1,0,0,0,1,1,25,1016,1016,1016,1016,0,0,0,0,0,1,1,0,0,0,-238.8360355,0,0,0,0,3,1,1,10,10,0,0,0,3,1,1,10,1000,0,0,0,0,0,0,0,0,0,0,0,0,0,0,0,0,0,0,0,0,0,0,0,0,0,0,0,0,0,0,0,0,0,0,0,0,0,0,0,0,0,0,0,0,0,0,0,0,0,0,0
1986,27,21,13,35.902,2,7,1,0,0,0,1,1,25,1016,1016,1016,1016,0,0,0,0,0,1,1,0,0,0,-238.8794846,0,0,0,0,3,1,1,10,10,0,0,0,3,1,1,10,1000,0,0,0,0,0,0,0,0,0,0,0,0,0,0,0,0,0,0,0,0,0,0,0,0,0,0,0,0,0,0,0,0,0,0,0,0,0,0,0,0,0,0,0,0,0,0,0,0,0,0,0
1986,27,21,14,23.902,2,7,1,0,0,0,1,1,25,1016,1016,1016,1016,0,0,0,0,0,1,1,0,0,0,-238.9229336,0,0,0,0,3,1,1,10,10,0,0,0,3,1,1,10,1000,0,0,0,0,0,0,0,0,0,0,0,0,0,0,0,0,0,0,0,0,0,0,0,0,0,0,0,0,0,0,0,0,0,0,0,0,0,0,0,0,0,0,0,0,0,0,0,0,0,0,0
1986,27,21,15,11.902,2,7,1,0,0,0,1,1,25,1016,1016,1016,1016,0,0,0,0,0,1,1,0,0,0,-238.9663825,0,0,0,0,3,1,1,10,10,0,0,0,3,1,1,10,1000,0,0,0,0,0,0,0,0,0,0,0,0,0,0,0,0,0,0,0,0,0,0,0,0,0,0,0,0,0,0,0,0,0,0,0,0,0,0,0,0,0,0,0,0,0,0,0,0,0,0,0
1986,27,21,18,23.902,2,7,1,0,0,0,1,1,25,1016,1016,1016,1016,0,0,0,0,0,1,1,0,0,0,-239.1401779,0,0,0,0,3,1,1,10,10,0,0,0,3,1,1,10,1000,0,0,0,0,0,0,0,0,0,0,0,0,0,0,0,0,0,0,0,0,0,0,0,0,0,0,0,0,0,0,0,0,0,0,0,0,0,0,0,0,0,0,0,0,0,0,0,0,0,0,0
1986,27,21,19,11.902,2,7,1,0,0,0,1,1,25,1016,1016,1016,1016,0,0,0,0,0,1,1,0,0,0,-239.1836266,0,0,0,0,3,1,1,10,10,0,0,0,3,1,1,10,1000,0,0,0,0,0,0,0,0,0,0,0,0,0,0,0,0,0,0,0,0,0,0,0,0,0,0,0,0,0,0,0,0,0,0,0,0,0,0,0,0,0,0,0,0,0,0,0,0,0,0,0
1986,27,21,19,59.902,2,7,1,0,0,0,1,1,25,1016,1016,1016,1016,0,0,0,0,0,1,1,0,0,0,-239.2270753,0,0,0,0,3,1,1,10,10,0,0,0,3,1,1,10,1000,0,0,0,0,0,0,0,0,0,0,0,0,0,0,0,0,0,0,0,0,0,0,0,0,0,0,0,0,0,0,0,0,0,0,0,0,0,0,0,0,0,0,0,0,0,0,0,0,0,0,0
1986,27,21,20,47.902,2,7,1,0,0,0,1,1,25,1016,1016,1016,1016,0,0,0,0,0,1,1,0,0,0,-239.270524,0,0,0,0,3,1,1,10,10,0,0,0,3,1,1,10,1000,0,0,0,0,0,0,0,0,0,0,0,0,0,0,0,0,0,0,0,0,0,0,0,0,0,0,0,0,0,0,0,0,0,0,0,0,0,0,0,0,0,0,0,0,0,0,0,0,0,0,0
1986,27,21,21,35.902,2,7,1,0,0,0,1,1,25,1016,1016,1016,1016,0,0,0,0,0,1,1,0,0,0,-239.3139725,0,0,0,0,3,1,1,10,10,0,0,0,3,1,1,10,1000,0,0,0,0,0,0,0,0,0,0,0,0,0,0,0,0,0,0,0,0,0,0,0,0,0,0,0,0,0,0,0,0,0,0,0,0,0,0,0,0,0,0,0,0,0,0,0,0,0,0,0
1986,27,21,22,23.901,2,7,1,0,0,0,1,1,25,1016,1016,1016,1016,0,0,0,0,0,1,1,0,0,0,-239.3574202,0,0,0,0,3,1,1,10,10,0,0,0,3,1,1,10,1000,0,0,0,0,0,0,0,0,0,0,0,0,0,0,0,0,0,0,0,0,0,0,0,0,0,0,0,0,0,0,0,0,0,0,0,0,0,0,0,0,0,0,0,0,0,0,0,0,0,0,0
1986,27,21,23,11.901,2,7,1,0,0,0,1,1,25,1016,1016,1016,1016,0,0,0,0,0,1,1,0,0,0,-239.4008687,0,0,0,0,3,1,1,10,10,0,0,0,3,1,1,10,1000,0,0,0,0,0,0,0,0,0,0,0,0,0,0,0,0,0,0,0,0,0,0,0,0,0,0,0,0,0,0,0,0,0,0,0,0,0,0,0,0,0,0,0,0,0,0,0,0,0,0,0
1986,27,21,23,59.901,2,7,1,0,0,0,1,1,25,1016,1016,1016,1016,0,0,0,0,0,1,1,0,0,0,-239.4443172,0,0,0,0,3,1,1,10,10,0,0,0,3,1,1,10,1000,0,0,0,0,0,0,0,0,0,0,0,0,0,0,0,0,0,0,0,0,0,0,0,0,0,0,0,0,0,0,0,0,0,0,0,0,0,0,0,0,0,0,0,0,0,0,0,0,0,0,0
1986,27,21,24,47.901,2,7,1,0,0,0,1,1,25,1016,1016,1016,1016,0,0,0,0,0,1,1,0,0,0,-239.4877656,0,0,0,0,3,1,1,10,10,0,0,0,3,1,1,10,1000,0,0,0,0,0,0,0,0,0,0,0,0,0,0,0,0,0,0,0,0,0,0,0,0,0,0,0,0,0,0,0,0,0,0,0,0,0,0,0,0,0,0,0,0,0,0,0,0,0,0,0
1986,27,21,25,35.901,2,7,1,0,0,0,1,1,25,1016,1016,1016,1016,0,0,0,0,0,1,1,0,0,0,-239.531214,0,0,0,0,3,1,1,10,10,0,0,0,3,1,1,10,1000,0,0,0,0,0,0,0,0,0,0,0,0,0,0,0,0,0,0,0,0,0,0,0,0,0,0,0,0,0,0,0,0,0,0,0,0,0,0,0,0,0,0,0,0,0,0,0,0,0,0,0
1986,27,21,26,23.901,2,7,1,0,0,0,1,1,25,1016,1016,1016,1016,0,0,0,0,0,1,1,0,0,0,-239.5746623,0,0,0,0,3,1,1,10,10,0,0,0,3,1,1,10,1000,0,0,0,0,0,0,0,0,0,0,0,0,0,0,0,0,0,0,0,0,0,0,0,0,0,0,0,0,0,0,0,0,0,0,0,0,0,0,0,0,0,0,0,0,0,0,0,0,0,0,0
1986,27,21,27,11.901,2,7,1,0,0,0,1,1,25,1016,1016,1016,1016,0,0,0,0,0,1,1,0,0,0,-239.6181106,0,0,0,0,3,1,1,10,10,0,0,0,3,1,1,10,1000,0,0,0,0,0,0,0,0,0,0,0,0,0,0,0,0,0,0,0,0,0,0,0,0,0,0,0,0,0,0,0,0,0,0,0,0,0,0,0,0,0,0,0,0,0,0,0,0,0,0,0
1986,27,21,30,23.901,2,7,1,0,0,0,1,1,25,1016,1016,1016,1016,0,0,0,0,0,1,1,0,0,0,-239.7919033,0,0,0,0,3,1,1,10,10,0,0,0,3,1,1,10,1000,0,0,0,0,0,0,0,0,0,0,0,0,0,0,0,0,0,0,0,0,0,0,0,0,0,0,0,0,0,0,0,0,0,0,0,0,0,0,0,0,0,0,0,0,0,0,0,0,0,0,0
1986,27,21,31,11.901,2,7,1,0,0,0,1,1,25,1016,1016,1016,1016,0,0,0,0,0,1,1,0,0,0,-239.8353513,0,0,0,0,3,1,1,10,10,0,0,0,3,1,1,10,1000,0,0,0,0,0,0,0,0,0,0,0,0,0,0,0,0,0,0,0,0,0,0,0,0,0,0,0,0,0,0,0,0,0,0,0,0,0,0,0,0,0,0,0,0,0,0,0,0,0,0,0
1986,27,21,31,59.901,2,7,1,0,0,0,1,1,25,1016,1016,1016,1016,0,0,0,0,0,1,1,0,0,0,-239.8787993,0,0,0,0,3,1,1,10,10,0,0,0,3,1,1,10,1000,0,0,0,0,0,0,0,0,0,0,0,0,0,0,0,0,0,0,0,0,0,0,0,0,0,0,0,0,0,0,0,0,0,0,0,0,0,0,0,0,0,0,0,0,0,0,0,0,0,0,0
1986,27,21,32,47.901,2,7,1,0,0,0,1,1,25,1016,1016,1016,1016,0,0,0,0,0,1,1,0,0,0,-239.9222473,0,0,0,0,3,1,1,10,10,0,0,0,3,1,1,10,1000,0,0,0,0,0,0,0,0,0,0,0,0,0,0,0,0,0,0,0,0,0,0,0,0,0,0,0,0,0,0,0,0,0,0,0,0,0,0,0,0,0,0,0,0,0,0,0,0,0,0,0
1986,27,21,33,35.901,2,7,1,0,0,0,1,1,25,1016,1016,1016,1016,0,0,0,0,0,1,1,0,0,0,-239.9656952,0,0,0,0,3,1,1,10,10,0,0,0,3,1,1,10,1000,0,0,0,0,0,0,0,0,0,0,0,0,0,0,0,0,0,0,0,0,0,0,0,0,0,0,0,0,0,0,0,0,0,0,0,0,0,0,0,0,0,0,0,0,0,0,0,0,0,0,0
1986,27,21,34,23.901,2,7,1,0,0,0,1,1,25,1016,1016,1016,1016,0,0,0,0,0,1,1,0,0,0,-240.0091431,0,0,0,0,3,1,1,10,10,0,0,0,3,1,1,10,1000,0,0,0,0,0,0,0,0,0,0,0,0,0,0,0,0,0,0,0,0,0,0,0,0,0,0,0,0,0,0,0,0,0,0,0,0,0,0,0,0,0,0,0,0,0,0,0,0,0,0,0
1986,27,21,35,11.901,2,7,1,0,0,0,1,1,25,1016,1016,1016,1016,0,0,0,0,0,1,1,0,0,0,-240.052591,0,0,0,0,3,1,1,10,10,0,0,0,3,1,1,10,1000,0,0,0,0,0,0,0,0,0,0,0,0,0,0,0,0,0,0,0,0,0,0,0,0,0,0,0,0,0,0,0,0,0,0,0,0,0,0,0,0,0,0,0,0,0,0,0,0,0,0,0
1986,27,21,35,59.901,2,7,1,0,0,0,1,1,25,1016,1016,1016,1016,0,0,0,0,0,1,1,0,0,0,-240.0960387,0,0,0,0,3,1,1,10,10,0,0,0,3,1,1,10,1000,0,0,0,0,0,0,0,0,0,0,0,0,0,0,0,0,0,0,0,0,0,0,0,0,0,0,0,0,0,0,0,0,0,0,0,0,0,0,0,0,0,0,0,0,0,0,0,0,0,0,0
1986,27,21,36,47.901,2,7,1,0,0,0,1,1,25,1016,1016,1016,1016,0,0,0,0,0,1,1,0,0,0,-240.1394865,0,0,0,0,3,1,1,10,10,0,0,0,3,1,1,10,1000,0,0,0,0,0,0,0,0,0,0,0,0,0,0,0,0,0,0,0,0,0,0,0,0,0,0,0,0,0,0,0,0,0,0,0,0,0,0,0,0,0,0,0,0,0,0,0,0,0,0,0
1986,27,21,37,35.9,2,7,1,0,0,0,1,1,25,1016,1016,1016,1016,0,0,0,0,0,1,1,0,0,0,-240.1829333,0,0,0,0,3,1,1,10,10,0,0,0,3,1,1,10,1000,0,0,0,0,0,0,0,0,0,0,0,0,0,0,0,0,0,0,0,0,0,0,0,0,0,0,0,0,0,0,0,0,0,0,0,0,0,0,0,0,0,0,0,0,0,0,0,0,0,0,0
1986,27,21,38,23.9,2,7,1,0,0,0,1,1,25,1016,1016,1016,1016,0,0,0,0,0,1,1,0,0,0,-240.226381,0,0,0,0,3,1,1,10,10,0,0,0,3,1,1,10,1000,0,0,0,0,0,0,0,0,0,0,0,0,0,0,0,0,0,0,0,0,0,0,0,0,0,0,0,0,0,0,0,0,0,0,0,0,0,0,0,0,0,0,0,0,0,0,0,0,0,0,0
1986,27,21,39,11.9,2,7,1,0,0,0,1,1,25,1016,1016,1016,1016,0,0,0,0,0,1,1,0,0,0,-240.2698286,0,0,0,0,3,1,1,10,10,0,0,0,3,1,1,10,1000,0,0,0,0,0,0,0,0,0,0,0,0,0,0,0,0,0,0,0,0,0,0,0,0,0,0,0,0,0,0,0,0,0,0,0,0,0,0,0,0,0,0,0,0,0,0,0,0,0,0,0
1986,27,21,42,23.9,2,7,1,0,0,0,1,1,25,1016,1016,1016,1016,0,0,0,0,0,1,1,0,0,0,-240.4436186,0,0,0,0,3,1,1,10,10,0,0,0,3,1,1,10,1000,0,0,0,0,0,0,0,0,0,0,0,0,0,0,0,0,0,0,0,0,0,0,0,0,0,0,0,0,0,0,0,0,0,0,0,0,0,0,0,0,0,0,0,0,0,0,0,0,0,0,0
1986,27,21,43,11.9,2,7,1,0,0,0,1,1,25,1016,1016,1016,1016,0,0,0,0,0,1,1,0,0,0,-240.487066,0,0,0,0,3,1,1,10,10,0,0,0,3,1,1,10,1000,0,0,0,0,0,0,0,0,0,0,0,0,0,0,0,0,0,0,0,0,0,0,0,0,0,0,0,0,0,0,0,0,0,0,0,0,0,0,0,0,0,0,0,0,0,0,0,0,0,0,0
1986,27,21,43,59.9,2,7,1,0,0,0,1,1,25,1016,1016,1016,1016,0,0,0,0,0,1,1,0,0,0,-240.5305133,0,0,0,0,3,1,1,10,10,0,0,0,3,1,1,10,1000,0,0,0,0,0,0,0,0,0,0,0,0,0,0,0,0,0,0,0,0,0,0,0,0,0,0,0,0,0,0,0,0,0,0,0,0,0,0,0,0,0,0,0,0,0,0,0,0,0,0,0
1986,27,21,44,47.9,2,7,1,0,0,0,1,1,25,1016,1016,1016,1016,0,0,0,0,0,1,1,0,0,0,-240.5739607,0,0,0,0,3,1,1,10,10,0,0,0,3,1,1,10,1000,0,0,0,0,0,0,0,0,0,0,0,0,0,0,0,0,0,0,0,0,0,0,0,0,0,0,0,0,0,0,0,0,0,0,0,0,0,0,0,0,0,0,0,0,0,0,0,0,0,0,0
1986,27,21,45,35.9,2,7,1,0,0,0,1,1,25,1016,1016,1016,1016,0,0,0,0,0,1,1,0,0,0,-240.6174079,0,0,0,0,3,1,1,10,10,0,0,0,3,1,1,10,1000,0,0,0,0,0,0,0,0,0,0,0,0,0,0,0,0,0,0,0,0,0,0,0,0,0,0,0,0,0,0,0,0,0,0,0,0,0,0,0,0,0,0,0,0,0,0,0,0,0,0,0
1986,27,21,46,23.9,2,7,1,0,0,0,1,1,25,1016,1016,1016,1016,0,0,0,0,0,1,1,0,0,0,-240.6608551,0,0,0,0,3,1,1,10,10,0,0,0,3,1,1,10,1000,0,0,0,0,0,0,0,0,0,0,0,0,0,0,0,0,0,0,0,0,0,0,0,0,0,0,0,0,0,0,0,0,0,0,0,0,0,0,0,0,0,0,0,0,0,0,0,0,0,0,0
1986,27,21,47,11.9,2,7,1,0,0,0,1,1,25,1016,1016,1016,1016,0,0,0,0,0,1,1,0,0,0,-240.7043023,0,0,0,0,3,1,1,10,10,0,0,0,3,1,1,10,1000,0,0,0,0,0,0,0,0,0,0,0,0,0,0,0,0,0,0,0,0,0,0,0,0,0,0,0,0,0,0,0,0,0,0,0,0,0,0,0,0,0,0,0,0,0,0,0,0,0,0,0
1986,27,21,47,59.9,2,7,1,0,0,0,1,1,25,1016,1016,1016,1016,0,0,0,0,0,1,1,0,0,0,-240.7477494,0,0,0,0,3,1,1,10,10,0,0,0,3,1,1,10,1000,0,0,0,0,0,0,0,0,0,0,0,0,0,0,0,0,0,0,0,0,0,0,0,0,0,0,0,0,0,0,0,0,0,0,0,0,0,0,0,0,0,0,0,0,0,0,0,0,0,0,0
1986,27,21,48,47.9,2,7,1,0,0,0,1,1,25,1016,1016,1016,1016,0,0,0,0,0,1,1,0,0,0,-240.7911965,0,0,0,0,3,1,1,10,10,0,0,0,3,1,1,10,1000,0,0,0,0,0,0,0,0,0,0,0,0,0,0,0,0,0,0,0,0,0,0,0,0,0,0,0,0,0,0,0,0,0,0,0,0,0,0,0,0,0,0,0,0,0,0,0,0,0,0,0
1986,27,21,49,35.9,2,7,1,0,0,0,1,1,25,1016,1016,1016,1016,0,0,0,0,0,1,1,0,0,0,-240.8346436,0,0,0,0,3,1,1,10,10,0,0,0,3,1,1,10,1000,0,0,0,0,0,0,0,0,0,0,0,0,0,0,0,0,0,0,0,0,0,0,0,0,0,0,0,0,0,0,0,0,0,0,0,0,0,0,0,0,0,0,0,0,0,0,0,0,0,0,0
1986,27,21,50,23.9,2,7,1,0,0,0,1,1,25,1016,1016,1016,1016,0,0,0,0,0,1,1,0,0,0,-240.8780906,0,0,0,0,3,1,1,10,10,0,0,0,3,1,1,10,1000,0,0,0,0,0,0,0,0,0,0,0,0,0,0,0,0,0,0,0,0,0,0,0,0,0,0,0,0,0,0,0,0,0,0,0,0,0,0,0,0,0,0,0,0,0,0,0,0,0,0,0
1986,27,21,51,11.9,2,7,1,0,0,0,1,1,25,1016,1016,1016,1016,0,0,0,0,0,1,1,0,0,0,-240.9215375,0,0,0,0,3,1,1,10,10,0,0,0,3,1,1,10,1000,0,0,0,0,0,0,0,0,0,0,0,0,0,0,0,0,0,0,0,0,0,0,0,0,0,0,0,0,0,0,0,0,0,0,0,0,0,0,0,0,0,0,0,0,0,0,0,0,0,0,0
1986,27,21,54,23.899,2,7,1,0,0,0,1,1,25,1016,1016,1016,1016,0,0,0,0,0,1,1,0,0,0,-241.095324,0,0,0,0,3,1,1,10,10,0,0,0,3,1,1,10,1000,0,0,0,0,0,0,0,0,0,0,0,0,0,0,0,0,0,0,0,0,0,0,0,0,0,0,0,0,0,0,0,0,0,0,0,0,0,0,0,0,0,0,0,0,0,0,0,0,0,0,0
1986,27,21,55,11.899,2,7,1,0,0,0,1,1,25,1016,1016,1016,1016,0,0,0,0,0,1,1,0,0,0,-241.1387707,0,0,0,0,3,1,1,10,10,0,0,0,3,1,1,10,1000,0,0,0,0,0,0,0,0,0,0,0,0,0,0,0,0,0,0,0,0,0,0,0,0,0,0,0,0,0,0,0,0,0,0,0,0,0,0,0,0,0,0,0,0,0,0,0,0,0,0,0
1986,27,21,55,59.899,2,7,1,0,0,0,1,1,25,1016,1016,1016,1016,0,0,0,0,0,1,1,0,0,0,-241.1822174,0,0,0,0,3,1,1,10,10,0,0,0,3,1,1,10,1000,0,0,0,0,0,0,0,0,0,0,0,0,0,0,0,0,0,0,0,0,0,0,0,0,0,0,0,0,0,0,0,0,0,0,0,0,0,0,0,0,0,0,0,0,0,0,0,0,0,0,0
1986,27,21,56,47.899,2,7,1,0,0,0,1,1,25,1016,1016,1016,1016,0,0,0,0,0,1,1,0,0,0,-241.225664,0,0,0,0,3,1,1,10,10,0,0,0,3,1,1,10,1000,0,0,0,0,0,0,0,0,0,0,0,0,0,0,0,0,0,0,0,0,0,0,0,0,0,0,0,0,0,0,0,0,0,0,0,0,0,0,0,0,0,0,0,0,0,0,0,0,0,0,0
1986,27,21,57,35.899,2,7,1,0,0,0,1,1,25,1016,1016,1016,1016,0,0,0,0,0,1,1,0,0,0,-241.2691106,0,0,0,0,3,1,1,10,10,0,0,0,3,1,1,10,1000,0,0,0,0,0,0,0,0,0,0,0,0,0,0,0,0,0,0,0,0,0,0,0,0,0,0,0,0,0,0,0,0,0,0,0,0,0,0,0,0,0,0,0,0,0,0,0,0,0,0,0
1986,27,21,58,23.899,2,7,1,0,0,0,1,1,25,1016,1016,1016,1016,0,0,0,0,0,1,1,0,0,0,-241.3125572,0,0,0,0,3,1,1,10,10,0,0,0,3,1,1,10,1000,0,0,0,0,0,0,0,0,0,0,0,0,0,0,0,0,0,0,0,0,0,0,0,0,0,0,0,0,0,0,0,0,0,0,0,0,0,0,0,0,0,0,0,0,0,0,0,0,0,0,0
1986,27,21,59,11.899,2,7,1,0,0,0,1,1,25,1016,1016,1016,1016,0,0,0,0,0,1,1,0,0,0,-241.3560037,0,0,0,0,3,1,1,10,10,0,0,0,3,1,1,10,1000,0,0,0,0,0,0,0,0,0,0,0,0,0,0,0,0,0,0,0,0,0,0,0,0,0,0,0,0,0,0,0,0,0,0,0,0,0,0,0,0,0,0,0,0,0,0,0,0,0,0,0
1986,27,21,59,59.899,2,7,1,0,0,0,1,1,25,1016,1016,1016,1016,0,0,0,0,0,1,1,0,0,0,-241.3994502,0,0,0,0,3,1,1,10,10,0,0,0,3,1,1,10,1000,0,0,0,0,0,0,0,0,0,0,0,0,0,0,0,0,0,0,0,0,0,0,0,0,0,0,0,0,0,0,0,0,0,0,0,0,0,0,0,0,0,0,0,0,0,0,0,0,0,0,0
1986,27,22,0,47.899,2,7,1,0,0,0,1,1,25,1016,1016,1016,1016,0,0,0,0,0,1,1,0,0,0,-241.4428966,0,0,0,0,3,1,1,10,10,0,0,0,3,1,1,10,1000,0,0,0,0,0,0,0,0,0,0,0,0,0,0,0,0,0,0,0,0,0,0,0,0,0,0,0,0,0,0,0,0,0,0,0,0,0,0,0,0,0,0,0,0,0,0,0,0,0,0,0
1986,27,22,1,35.899,2,7,1,0,0,0,1,1,25,1016,1016,1016,1016,0,0,0,0,0,1,1,0,0,0,-241.486343,0,0,0,0,3,1,1,10,10,0,0,0,3,1,1,10,1000,0,0,0,0,0,0,0,0,0,0,0,0,0,0,0,0,0,0,0,0,0,0,0,0,0,0,0,0,0,0,0,0,0,0,0,0,0,0,0,0,0,0,0,0,0,0,0,0,0,0,0
1986,27,22,2,23.899,2,7,1,0,0,0,1,1,25,1016,1016,1016,1016,0,0,0,0,0,1,1,0,0,0,-241.5297893,0,0,0,0,3,1,1,10,10,0,0,0,3,1,1,10,1000,0,0,0,0,0,0,0,0,0,0,0,0,0,0,0,0,0,0,0,0,0,0,0,0,0,0,0,0,0,0,0,0,0,0,0,0,0,0,0,0,0,0,0,0,0,0,0,0,0,0,0
1986,27,22,6,23.899,2,7,1,0,0,0,1,1,25,1016,1016,1016,1016,0,0,0,0,0,1,1,0,0,0,-241.7470203,0,0,0,0,3,1,1,10,10,0,0,0,3,1,1,10,1000,0,0,0,0,0,0,0,0,0,0,0,0,0,0,0,0,0,0,0,0,0,0,0,0,0,0,0,0,0,0,0,0,0,0,0,0,0,0,0,0,0,0,0,0,0,0,0,0,0,0,0
1986,27,22,7,11.899,2,7,1,0,0,0,1,1,25,1016,1016,1016,1016,0,0,0,0,0,1,1,0,0,0,-241.7904664,0,0,0,0,3,1,1,10,10,0,0,0,3,1,1,10,1000,0,0,0,0,0,0,0,0,0,0,0,0,0,0,0,0,0,0,0,0,0,0,0,0,0,0,0,0,0,0,0,0,0,0,0,0,0,0,0,0,0,0,0,0,0,0,0,0,0,0,0
1986,27,22,7,59.898,2,7,1,0,0,0,1,1,25,1016,1016,1016,1016,0,0,0,0,0,1,1,0,0,0,-241.8339115,0,0,0,0,3,1,1,10,10,0,0,0,3,1,1,10,1000,0,0,0,0,0,0,0,0,0,0,0,0,0,0,0,0,0,0,0,0,0,0,0,0,0,0,0,0,0,0,0,0,0,0,0,0,0,0,0,0,0,0,0,0,0,0,0,0,0,0,0
1986,27,22,8,47.898,2,7,1,0,0,0,1,1,25,1016,1016,1016,1016,0,0,0,0,0,1,1,0,0,0,-241.8773575,0,0,0,0,3,1,1,10,10,0,0,0,3,1,1,10,1000,0,0,0,0,0,0,0,0,0,0,0,0,0,0,0,0,0,0,0,0,0,0,0,0,0,0,0,0,0,0,0,0,0,0,0,0,0,0,0,0,0,0,0,0,0,0,0,0,0,0,0
1986,27,22,9,35.898,2,7,1,0,0,0,1,1,25,1016,1016,1016,1016,0,0,0,0,0,1,1,0,0,0,-241.9208035,0,0,0,0,3,1,1,10,10,0,0,0,3,1,1,10,1000,0,0,0,0,0,0,0,0,0,0,0,0,0,0,0,0,0,0,0,0,0,0,0,0,0,0,0,0,0,0,0,0,0,0,0,0,0,0,0,0,0,0,0,0,0,0,0,0,0,0,0
1986,27,22,10,23.898,2,7,1,0,0,0,1,1,25,1016,1016,1016,1016,0,0,0,0,0,1,1,0,0,0,-241.9642493,0,0,0,0,3,1,1,10,10,0,0,0,3,1,1,10,1000,0,0,0,0,0,0,0,0,0,0,0,0,0,0,0,0,0,0,0,0,0,0,0,0,0,0,0,0,0,0,0,0,0,0,0,0,0,0,0,0,0,0,0,0,0,0,0,0,0,0,0
1986,27,22,11,11.898,2,7,1,0,0,0,1,1,25,1016,1016,1016,1016,0,0,0,0,0,1,1,0,0,0,-242.0076952,0,0,0,0,3,1,1,10,10,0,0,0,3,1,1,10,1000,0,0,0,0,0,0,0,0,0,0,0,0,0,0,0,0,0,0,0,0,0,0,0,0,0,0,0,0,0,0,0,0,0,0,0,0,0,0,0,0,0,0,0,0,0,0,0,0,0,0,0
1986,27,22,11,59.898,2,7,1,0,0,0,1,1,25,1016,1016,1016,1016,0,0,0,0,0,1,1,0,0,0,-242.051141,0,0,0,0,3,1,1,10,10,0,0,0,3,1,1,10,1000,0,0,0,0,0,0,0,0,0,0,0,0,0,0,0,0,0,0,0,0,0,0,0,0,0,0,0,0,0,0,0,0,0,0,0,0,0,0,0,0,0,0,0,0,0,0,0,0,0,0,0
1986,27,22,12,47.898,2,7,1,0,0,0,1,1,25,1016,1016,1016,1016,0,0,0,0,0,1,1,0,0,0,-242.0945868,0,0,0,0,3,1,1,10,10,0,0,0,3,1,1,10,1000,0,0,0,0,0,0,0,0,0,0,0,0,0,0,0,0,0,0,0,0,0,0,0,0,0,0,0,0,0,0,0,0,0,0,0,0,0,0,0,0,0,0,0,0,0,0,0,0,0,0,0
1986,27,22,13,35.898,2,7,1,0,0,0,1,1,25,1016,1016,1016,1016,0,0,0,0,0,1,1,0,0,0,-242.1380325,0,0,0,0,3,1,1,10,10,0,0,0,3,1,1,10,1000,0,0,0,0,0,0,0,0,0,0,0,0,0,0,0,0,0,0,0,0,0,0,0,0,0,0,0,0,0,0,0,0,0,0,0,0,0,0,0,0,0,0,0,0,0,0,0,0,0,0,0
1986,27,22,14,23.898,2,7,1,0,0,0,1,1,25,1016,1016,1016,1016,0,0,0,0,0,1,1,0,0,0,-242.1814782,0,0,0,0,3,1,1,10,10,0,0,0,3,1,1,10,1000,0,0,0,0,0,0,0,0,0,0,0,0,0,0,0,0,0,0,0,0,0,0,0,0,0,0,0,0,0,0,0,0,0,0,0,0,0,0,0,0,0,0,0,0,0,0,0,0,0,0,0
1986,27,22,15,11.898,2,7,1,0,0,0,1,1,25,1016,1016,1016,1016,0,0,0,0,0,1,1,0,0,0,-242.2249238,0,0,0,0,3,1,1,10,10,0,0,0,3,1,1,10,1000,0,0,0,0,0,0,0,0,0,0,0,0,0,0,0,0,0,0,0,0,0,0,0,0,0,0,0,0,0,0,0,0,0,0,0,0,0,0,0,0,0,0,0,0,0,0,0,0,0,0,0
1986,27,22,18,23.898,2,7,1,0,0,0,1,1,25,1016,1016,1016,1016,0,0,0,0,0,1,1,0,0,0,-242.3987059,0,0,0,0,3,1,1,10,10,0,0,0,3,1,1,10,1000,0,0,0,0,0,0,0,0,0,0,0,0,0,0,0,0,0,0,0,0,0,0,0,0,0,0,0,0,0,0,0,0,0,0,0,0,0,0,0,0,0,0,0,0,0,0,0,0,0,0,0
1986,27,22,19,11.898,2,7,1,0,0,0,1,1,25,1016,1016,1016,1016,0,0,0,0,0,1,1,0,0,0,-242.4421513,0,0,0,0,3,1,1,10,10,0,0,0,3,1,1,10,1000,0,0,0,0,0,0,0,0,0,0,0,0,0,0,0,0,0,0,0,0,0,0,0,0,0,0,0,0,0,0,0,0,0,0,0,0,0,0,0,0,0,0,0,0,0,0,0,0,0,0,0
1986,27,22,19,59.898,2,7,1,0,0,0,1,1,25,1016,1016,1016,1016,0,0,0,0,0,1,1,0,0,0,-242.4855967,0,0,0,0,3,1,1,10,10,0,0,0,3,1,1,10,1000,0,0,0,0,0,0,0,0,0,0,0,0,0,0,0,0,0,0,0,0,0,0,0,0,0,0,0,0,0,0,0,0,0,0,0,0,0,0,0,0,0,0,0,0,0,0,0,0,0,0,0
1986,27,22,20,47.898,2,7,1,0,0,0,1,1,25,1016,1016,1016,1016,0,0,0,0,0,1,1,0,0,0,-242.529042,0,0,0,0,3,1,1,10,10,0,0,0,3,1,1,10,1000,0,0,0,0,0,0,0,0,0,0,0,0,0,0,0,0,0,0,0,0,0,0,0,0,0,0,0,0,0,0,0,0,0,0,0,0,0,0,0,0,0,0,0,0,0,0,0,0,0,0,0
1986,27,22,21,35.898,2,7,1,0,0,0,1,1,25,1016,1016,1016,1016,0,0,0,0,0,1,1,0,0,0,-242.5724873,0,0,0,0,3,1,1,10,10,0,0,0,3,1,1,10,1000,0,0,0,0,0,0,0,0,0,0,0,0,0,0,0,0,0,0,0,0,0,0,0,0,0,0,0,0,0,0,0,0,0,0,0,0,0,0,0,0,0,0,0,0,0,0,0,0,0,0,0
1986,27,22,22,23.898,2,7,1,0,0,0,1,1,25,1016,1016,1016,1016,0,0,0,0,0,1,1,0,0,0,-242.6159325,0,0,0,0,3,1,1,10,10,0,0,0,3,1,1,10,1000,0,0,0,0,0,0,0,0,0,0,0,0,0,0,0,0,0,0,0,0,0,0,0,0,0,0,0,0,0,0,0,0,0,0,0,0,0,0,0,0,0,0,0,0,0,0,0,0,0,0,0
1986,27,22,23,11.897,2,7,1,0,0,0,1,1,25,1016,1016,1016,1016,0,0,0,0,0,1,1,0,0,0,-242.6593768,0,0,0,0,3,1,1,10,10,0,0,0,3,1,1,10,1000,0,0,0,0,0,0,0,0,0,0,0,0,0,0,0,0,0,0,0,0,0,0,0,0,0,0,0,0,0,0,0,0,0,0,0,0,0,0,0,0,0,0,0,0,0,0,0,0,0,0,0
1986,27,22,23,59.897,2,7,1,0,0,0,1,1,25,1016,1016,1016,1016,0,0,0,0,0,1,1,0,0,0,-242.702822,0,0,0,0,3,1,1,10,10,0,0,0,3,1,1,10,1000,0,0,0,0,0,0,0,0,0,0,0,0,0,0,0,0,0,0,0,0,0,0,0,0,0,0,0,0,0,0,0,0,0,0,0,0,0,0,0,0,0,0,0,0,0,0,0,0,0,0,0
1986,27,22,24,47.897,2,7,1,0,0,0,1,1,25,1016,1016,1016,1016,0,0,0,0,0,1,1,0,0,0,-242.7462671,0,0,0,0,3,1,1,10,10,0,0,0,3,1,1,10,1000,0,0,0,0,0,0,0,0,0,0,0,0,0,0,0,0,0,0,0,0,0,0,0,0,0,0,0,0,0,0,0,0,0,0,0,0,0,0,0,0,0,0,0,0,0,0,0,0,0,0,0
1986,27,22,25,35.897,2,7,1,0,0,0,1,1,25,1016,1016,1016,1016,0,0,0,0,0,1,1,0,0,0,-242.7897122,0,0,0,0,3,1,1,10,10,0,0,0,3,1,1,10,1000,0,0,0,0,0,0,0,0,0,0,0,0,0,0,0,0,0,0,0,0,0,0,0,0,0,0,0,0,0,0,0,0,0,0,0,0,0,0,0,0,0,0,0,0,0,0,0,0,0,0,0
1986,27,22,26,23.897,2,7,1,0,0,0,1,1,25,1016,1016,1016,1016,0,0,0,0,0,1,1,0,0,0,-242.8331572,0,0,0,0,3,1,1,10,10,0,0,0,3,1,1,10,1000,0,0,0,0,0,0,0,0,0,0,0,0,0,0,0,0,0,0,0,0,0,0,0,0,0,0,0,0,0,0,0,0,0,0,0,0,0,0,0,0,0,0,0,0,0,0,0,0,0,0,0
1986,27,22,27,11.897,2,7,1,0,0,0,1,1,25,1016,1016,1016,1016,0,0,0,0,0,1,1,0,0,0,-242.8766022,0,0,0,0,3,1,1,10,10,0,0,0,3,1,1,10,1000,0,0,0,0,0,0,0,0,0,0,0,0,0,0,0,0,0,0,0,0,0,0,0,0,0,0,0,0,0,0,0,0,0,0,0,0,0,0,0,0,0,0,0,0,0,0,0,0,0,0,0
1986,27,22,30,23.897,2,7,1,0,0,0,1,1,25,1016,1016,1016,1016,0,0,0,0,0,1,1,0,0,0,-243.0503816,0,0,0,0,3,1,1,10,10,0,0,0,3,1,1,10,1000,0,0,0,0,0,0,0,0,0,0,0,0,0,0,0,0,0,0,0,0,0,0,0,0,0,0,0,0,0,0,0,0,0,0,0,0,0,0,0,0,0,0,0,0,0,0,0,0,0,0,0
1986,27,22,31,11.897,2,7,1,0,0,0,1,1,25,1016,1016,1016,1016,0,0,0,0,0,1,1,0,0,0,-243.0938264,0,0,0,0,3,1,1,10,10,0,0,0,3,1,1,10,1000,0,0,0,0,0,0,0,0,0,0,0,0,0,0,0,0,0,0,0,0,0,0,0,0,0,0,0,0,0,0,0,0,0,0,0,0,0,0,0,0,0,0,0,0,0,0,0,0,0,0,0
1986,27,22,31,59.897,2,7,1,0,0,0,1,1,25,1016,1016,1016,1016,0,0,0,0,0,1,1,0,0,0,-243.1372711,0,0,0,0,3,1,1,10,10,0,0,0,3,1,1,10,1000,0,0,0,0,0,0,0,0,0,0,0,0,0,0,0,0,0,0,0,0,0,0,0,0,0,0,0,0,0,0,0,0,0,0,0,0,0,0,0,0,0,0,0,0,0,0,0,0,0,0,0
1986,27,22,32,47.897,2,7,1,0,0,0,1,1,25,1016,1016,1016,1016,0,0,0,0,0,1,1,0,0,0,-243.1807158,0,0,0,0,3,1,1,10,10,0,0,0,3,1,1,10,1000,0,0,0,0,0,0,0,0,0,0,0,0,0,0,0,0,0,0,0,0,0,0,0,0,0,0,0,0,0,0,0,0,0,0,0,0,0,0,0,0,0,0,0,0,0,0,0,0,0,0,0
1986,27,22,33,35.897,2,7,1,0,0,0,1,1,25,1016,1016,1016,1016,0,0,0,0,0,1,1,0,0,0,-243.2241604,0,0,0,0,3,1,1,10,10,0,0,0,3,1,1,10,1000,0,0,0,0,0,0,0,0,0,0,0,0,0,0,0,0,0,0,0,0,0,0,0,0,0,0,0,0,0,0,0,0,0,0,0,0,0,0,0,0,0,0,0,0,0,0,0,0,0,0,0
1986,27,22,34,23.897,2,7,1,0,0,0,1,1,25,1016,1016,1016,1016,0,0,0,0,0,1,1,0,0,0,-243.267605,0,0,0,0,3,1,1,10,10,0,0,0,3,1,1,10,1000,0,0,0,0,0,0,0,0,0,0,0,0,0,0,0,0,0,0,0,0,0,0,0,0,0,0,0,0,0,0,0,0,0,0,0,0,0,0,0,0,0,0,0,0,0,0,0,0,0,0,0
1986,27,22,35,11.897,2,7,1,0,0,0,1,1,25,1016,1016,1016,1016,0,0,0,0,0,1,1,0,0,0,-243.3110496,0,0,0,0,3,1,1,10,10,0,0,0,3,1,1,10,1000,0,0,0,0,0,0,0,0,0,0,0,0,0,0,0,0,0,0,0,0,0,0,0,0,0,0,0,0,0,0,0,0,0,0,0,0,0,0,0,0,0,0,0,0,0,0,0,0,0,0,0
1986,27,22,35,59.897,2,7,1,0,0,0,1,1,25,1016,1016,1016,1016,0,0,0,0,0,1,1,0,0,0,-243.3544941,0,0,0,0,3,1,1,10,10,0,0,0,3,1,1,10,1000,0,0,0,0,0,0,0,0,0,0,0,0,0,0,0,0,0,0,0,0,0,0,0,0,0,0,0,0,0,0,0,0,0,0,0,0,0,0,0,0,0,0,0,0,0,0,0,0,0,0,0
1986,27,22,36,47.897,2,7,1,0,0,0,1,1,25,1016,1016,1016,1016,0,0,0,0,0,1,1,0,0,0,-243.3979385,0,0,0,0,3,1,1,10,10,0,0,0,3,1,1,10,1000,0,0,0,0,0,0,0,0,0,0,0,0,0,0,0,0,0,0,0,0,0,0,0,0,0,0,0,0,0,0,0,0,0,0,0,0,0,0,0,0,0,0,0,0,0,0,0,0,0,0,0
1986,27,22,37,35.897,2,7,1,0,0,0,1,1,25,1016,1016,1016,1016,0,0,0,0,0,1,1,0,0,0,-243.4413829,0,0,0,0,3,1,1,10,10,0,0,0,3,1,1,10,1000,0,0,0,0,0,0,0,0,0,0,0,0,0,0,0,0,0,0,0,0,0,0,0,0,0,0,0,0,0,0,0,0,0,0,0,0,0,0,0,0,0,0,0,0,0,0,0,0,0,0,0
1986,27,22,38,23.896,2,7,1,0,0,0,1,1,25,1016,1016,1016,1016,0,0,0,0,0,1,1,0,0,0,-243.4848264,0,0,0,0,3,1,1,10,10,0,0,0,3,1,1,10,1000,0,0,0,0,0,0,0,0,0,0,0,0,0,0,0,0,0,0,0,0,0,0,0,0,0,0,0,0,0,0,0,0,0,0,0,0,0,0,0,0,0,0,0,0,0,0,0,0,0,0,0
1986,27,22,39,11.896,2,7,1,0,0,0,1,1,25,1016,1016,1016,1016,0,0,0,0,0,1,1,0,0,0,-243.5282707,0,0,0,0,3,1,1,10,10,0,0,0,3,1,1,10,1000,0,0,0,0,0,0,0,0,0,0,0,0,0,0,0,0,0,0,0,0,0,0,0,0,0,0,0,0,0,0,0,0,0,0,0,0,0,0,0,0,0,0,0,0,0,0,0,0,0,0,0
1986,27,22,42,23.896,2,7,1,0,0,0,1,1,25,1016,1016,1016,1016,0,0,0,0,0,1,1,0,0,0,-243.7020476,0,0,0,0,3,1,1,10,10,0,0,0,3,1,1,10,1000,0,0,0,0,0,0,0,0,0,0,0,0,0,0,0,0,0,0,0,0,0,0,0,0,0,0,0,0,0,0,0,0,0,0,0,0,0,0,0,0,0,0,0,0,0,0,0,0,0,0,0
1986,27,22,43,11.896,2,7,1,0,0,0,1,1,25,1016,1016,1016,1016,0,0,0,0,0,1,1,0,0,0,-243.7454917,0,0,0,0,3,1,1,10,10,0,0,0,3,1,1,10,1000,0,0,0,0,0,0,0,0,0,0,0,0,0,0,0,0,0,0,0,0,0,0,0,0,0,0,0,0,0,0,0,0,0,0,0,0,0,0,0,0,0,0,0,0,0,0,0,0,0,0,0
1986,27,22,43,59.896,2,7,1,0,0,0,1,1,25,1016,1016,1016,1016,0,0,0,0,0,1,1,0,0,0,-243.7889358,0,0,0,0,3,1,1,10,10,0,0,0,3,1,1,10,1000,0,0,0,0,0,0,0,0,0,0,0,0,0,0,0,0,0,0,0,0,0,0,0,0,0,0,0,0,0,0,0,0,0,0,0,0,0,0,0,0,0,0,0,0,0,0,0,0,0,0,0
1986,27,22,44,47.896,2,7,1,0,0,0,1,1,25,1016,1016,1016,1016,0,0,0,0,0,1,1,0,0,0,-243.8323798,0,0,0,0,3,1,1,10,10,0,0,0,3,1,1,10,1000,0,0,0,0,0,0,0,0,0,0,0,0,0,0,0,0,0,0,0,0,0,0,0,0,0,0,0,0,0,0,0,0,0,0,0,0,0,0,0,0,0,0,0,0,0,0,0,0,0,0,0
1986,27,22,45,35.896,2,7,1,0,0,0,1,1,25,1016,1016,1016,1016,0,0,0,0,0,1,1,0,0,0,-243.8758238,0,0,0,0,3,1,1,10,10,0,0,0,3,1,1,10,1000,0,0,0,0,0,0,0,0,0,0,0,0,0,0,0,0,0,0,0,0,0,0,0,0,0,0,0,0,0,0,0,0,0,0,0,0,0,0,0,0,0,0,0,0,0,0,0,0,0,0,0
1986,27,22,46,23.896,2,7,1,0,0,0,1,1,25,1016,1016,1016,1016,0,0,0,0,0,1,1,0,0,0,-243.9192677,0,0,0,0,3,1,1,10,10,0,0,0,3,1,1,10,1000,0,0,0,0,0,0,0,0,0,0,0,0,0,0,0,0,0,0,0,0,0,0,0,0,0,0,0,0,0,0,0,0,0,0,0,0,0,0,0,0,0,0,0,0,0,0,0,0,0,0,0
1986,27,22,47,11.896,2,7,1,0,0,0,1,1,25,1016,1016,1016,1016,0,0,0,0,0,1,1,0,0,0,-243.9627116,0,0,0,0,3,1,1,10,10,0,0,0,3,1,1,10,1000,0,0,0,0,0,0,0,0,0,0,0,0,0,0,0,0,0,0,0,0,0,0,0,0,0,0,0,0,0,0,0,0,0,0,0,0,0,0,0,0,0,0,0,0,0,0,0,0,0,0,0
1986,27,22,47,59.896,2,7,1,0,0,0,1,1,25,1016,1016,1016,1016,0,0,0,0,0,1,1,0,0,0,-244.0061555,0,0,0,0,3,1,1,10,10,0,0,0,3,1,1,10,1000,0,0,0,0,0,0,0,0,0,0,0,0,0,0,0,0,0,0,0,0,0,0,0,0,0,0,0,0,0,0,0,0,0,0,0,0,0,0,0,0,0,0,0,0,0,0,0,0,0,0,0
1986,27,22,48,47.896,2,7,1,0,0,0,1,1,25,1016,1016,1016,1016,0,0,0,0,0,1,1,0,0,0,-244.0495993,0,0,0,0,3,1,1,10,10,0,0,0,3,1,1,10,1000,0,0,0,0,0,0,0,0,0,0,0,0,0,0,0,0,0,0,0,0,0,0,0,0,0,0,0,0,0,0,0,0,0,0,0,0,0,0,0,0,0,0,0,0,0,0,0,0,0,0,0
1986,27,22,49,35.896,2,7,1,0,0,0,1,1,25,1016,1016,1016,1016,0,0,0,0,0,1,1,0,0,0,-244.093043,0,0,0,0,3,1,1,10,10,0,0,0,3,1,1,10,1000,0,0,0,0,0,0,0,0,0,0,0,0,0,0,0,0,0,0,0,0,0,0,0,0,0,0,0,0,0,0,0,0,0,0,0,0,0,0,0,0,0,0,0,0,0,0,0,0,0,0,0
1986,27,22,50,23.896,2,7,1,0,0,0,1,1,25,1016,1016,1016,1016,0,0,0,0,0,1,1,0,0,0,-244.1364867,0,0,0,0,3,1,1,10,10,0,0,0,3,1,1,10,1000,0,0,0,0,0,0,0,0,0,0,0,0,0,0,0,0,0,0,0,0,0,0,0,0,0,0,0,0,0,0,0,0,0,0,0,0,0,0,0,0,0,0,0,0,0,0,0,0,0,0,0
1986,27,22,51,11.896,2,7,1,0,0,0,1,1,25,1016,1016,1016,1016,0,0,0,0,0,1,1,0,0,0,-244.1799304,0,0,0,0,3,1,1,10,10,0,0,0,3,1,1,10,1000,0,0,0,0,0,0,0,0,0,0,0,0,0,0,0,0,0,0,0,0,0,0,0,0,0,0,0,0,0,0,0,0,0,0,0,0,0,0,0,0,0,0,0,0,0,0,0,0,0,0,0
1986,27,22,54,23.895,2,7,1,0,0,0,1,1,25,1016,1016,1016,1016,0,0,0,0,0,1,1,0,0,0,-244.3537038,0,0,0,0,3,1,1,10,10,0,0,0,3,1,1,10,1000,0,0,0,0,0,0,0,0,0,0,0,0,0,0,0,0,0,0,0,0,0,0,0,0,0,0,0,0,0,0,0,0,0,0,0,0,0,0,0,0,0,0,0,0,0,0,0,0,0,0,0
1986,27,22,55,11.895,2,7,1,0,0,0,1,1,25,1016,1016,1016,1016,0,0,0,0,0,1,1,0,0,0,-244.3971473,0,0,0,0,3,1,1,10,10,0,0,0,3,1,1,10,1000,0,0,0,0,0,0,0,0,0,0,0,0,0,0,0,0,0,0,0,0,0,0,0,0,0,0,0,0,0,0,0,0,0,0,0,0,0,0,0,0,0,0,0,0,0,0,0,0,0,0,0
1986,27,22,55,59.895,2,7,1,0,0,0,1,1,25,1016,1016,1016,1016,0,0,0,0,0,1,1,0,0,0,-244.4405907,0,0,0,0,3,1,1,10,10,0,0,0,3,1,1,10,1000,0,0,0,0,0,0,0,0,0,0,0,0,0,0,0,0,0,0,0,0,0,0,0,0,0,0,0,0,0,0,0,0,0,0,0,0,0,0,0,0,0,0,0,0,0,0,0,0,0,0,0
1986,27,22,56,47.895,2,7,1,0,0,0,1,1,25,1016,1016,1016,1016,0,0,0,0,0,1,1,0,0,0,-244.4840341,0,0,0,0,3,1,1,10,10,0,0,0,3,1,1,10,1000,0,0,0,0,0,0,0,0,0,0,0,0,0,0,0,0,0,0,0,0,0,0,0,0,0,0,0,0,0,0,0,0,0,0,0,0,0,0,0,0,0,0,0,0,0,0,0,0,0,0,0
1986,27,22,57,35.895,2,7,1,0,0,0,1,1,25,1016,1016,1016,1016,0,0,0,0,0,1,1,0,0,0,-244.5274774,0,0,0,0,3,1,1,10,10,0,0,0,3,1,1,10,1000,0,0,0,0,0,0,0,0,0,0,0,0,0,0,0,0,0,0,0,0,0,0,0,0,0,0,0,0,0,0,0,0,0,0,0,0,0,0,0,0,0,0,0,0,0,0,0,0,0,0,0
1986,27,22,58,23.895,2,7,1,0,0,0,1,1,25,1016,1016,1016,1016,0,0,0,0,0,1,1,0,0,0,-244.5709207,0,0,0,0,3,1,1,10,10,0,0,0,3,1,1,10,1000,0,0,0,0,0,0,0,0,0,0,0,0,0,0,0,0,0,0,0,0,0,0,0,0,0,0,0,0,0,0,0,0,0,0,0,0,0,0,0,0,0,0,0,0,0,0,0,0,0,0,0
1986,27,22,59,11.895,2,7,1,0,0,0,1,1,25,1016,1016,1016,1016,0,0,0,0,0,1,1,0,0,0,-244.6143639,0,0,0,0,3,1,1,10,10,0,0,0,3,1,1,10,1000,0,0,0,0,0,0,0,0,0,0,0,0,0,0,0,0,0,0,0,0,0,0,0,0,0,0,0,0,0,0,0,0,0,0,0,0,0,0,0,0,0,0,0,0,0,0,0,0,0,0,0
1986,27,22,59,59.895,2,7,1,0,0,0,1,1,25,1016,1016,1016,1016,0,0,0,0,0,1,1,0,0,0,-244.6578071,0,0,0,0,3,1,1,10,10,0,0,0,3,1,1,10,1000,0,0,0,0,0,0,0,0,0,0,0,0,0,0,0,0,0,0,0,0,0,0,0,0,0,0,0,0,0,0,0,0,0,0,0,0,0,0,0,0,0,0,0,0,0,0,0,0,0,0,0
1986,27,23,0,47.895,2,7,1,0,0,0,1,1,25,1016,1016,1016,1016,0,0,0,0,0,1,1,0,0,0,-244.7012503,0,0,0,0,3,1,1,10,10,0,0,0,3,1,1,10,1000,0,0,0,0,0,0,0,0,0,0,0,0,0,0,0,0,0,0,0,0,0,0,0,0,0,0,0,0,0,0,0,0,0,0,0,0,0,0,0,0,0,0,0,0,0,0,0,0,0,0,0
1986,27,23,1,35.895,2,7,1,0,0,0,1,1,25,1016,1016,1016,1016,0,0,0,0,0,1,1,0,0,0,-244.7446934,0,0,0,0,3,1,1,10,10,0,0,0,3,1,1,10,1000,0,0,0,0,0,0,0,0,0,0,0,0,0,0,0,0,0,0,0,0,0,0,0,0,0,0,0,0,0,0,0,0,0,0,0,0,0,0,0,0,0,0,0,0,0,0,0,0,0,0,0
1986,27,23,2,23.895,2,7,1,0,0,0,1,1,25,1016,1016,1016,1016,0,0,0,0,0,1,1,0,0,0,-244.7881365,0,0,0,0,3,1,1,10,10,0,0,0,3,1,1,10,1000,0,0,0,0,0,0,0,0,0,0,0,0,0,0,0,0,0,0,0,0,0,0,0,0,0,0,0,0,0,0,0,0,0,0,0,0,0,0,0,0,0,0,0,0,0,0,0,0,0,0,0
1986,27,23,3,11.895,2,7,1,0,0,0,1,1,25,1016,1016,1016,1016,0,0,0,0,0,1,1,0,0,0,-244.8315795,0,0,0,0,3,1,1,10,10,0,0,0,3,1,1,10,1000,0,0,0,0,0,0,0,0,0,0,0,0,0,0,0,0,0,0,0,0,0,0,0,0,0,0,0,0,0,0,0,0,0,0,0,0,0,0,0,0,0,0,0,0,0,0,0,0,0,0,0
1986,27,23,6,23.895,2,7,1,0,0,0,1,1,25,1016,1016,1016,1016,0,0,0,0,0,1,1,0,0,0,-245.0053512,0,0,0,0,3,1,1,10,10,0,0,0,3,1,1,10,1000,0,0,0,0,0,0,0,0,0,0,0,0,0,0,0,0,0,0,0,0,0,0,0,0,0,0,0,0,0,0,0,0,0,0,0,0,0,0,0,0,0,0,0,0,0,0,0,0,0,0,0
1986,27,23,7,11.895,2,7,1,0,0,0,1,1,25,1016,1016,1016,1016,0,0,0,0,0,1,1,0,0,0,-245.048794,0,0,0,0,3,1,1,10,10,0,0,0,3,1,1,10,1000,0,0,0,0,0,0,0,0,0,0,0,0,0,0,0,0,0,0,0,0,0,0,0,0,0,0,0,0,0,0,0,0,0,0,0,0,0,0,0,0,0,0,0,0,0,0,0,0,0,0,0
1986,27,23,7,59.894,2,7,1,0,0,0,1,1,25,1016,1016,1016,1016,0,0,0,0,0,1,1,0,0,0,-245.0922359,0,0,0,0,3,1,1,10,10,0,0,0,3,1,1,10,1000,0,0,0,0,0,0,0,0,0,0,0,0,0,0,0,0,0,0,0,0,0,0,0,0,0,0,0,0,0,0,0,0,0,0,0,0,0,0,0,0,0,0,0,0,0,0,0,0,0,0,0
1986,27,23,8,47.894,2,7,1,0,0,0,1,1,25,1016,1016,1016,1016,0,0,0,0,0,1,1,0,0,0,-245.1356786,0,0,0,0,3,1,1,10,10,0,0,0,3,1,1,10,1000,0,0,0,0,0,0,0,0,0,0,0,0,0,0,0,0,0,0,0,0,0,0,0,0,0,0,0,0,0,0,0,0,0,0,0,0,0,0,0,0,0,0,0,0,0,0,0,0,0,0,0
1986,27,23,9,35.894,2,7,1,0,0,0,1,1,25,1016,1016,1016,1016,0,0,0,0,0,1,1,0,0,0,-245.1791213,0,0,0,0,3,1,1,10,10,0,0,0,3,1,1,10,1000,0,0,0,0,0,0,0,0,0,0,0,0,0,0,0,0,0,0,0,0,0,0,0,0,0,0,0,0,0,0,0,0,0,0,0,0,0,0,0,0,0,0,0,0,0,0,0,0,0,0,0
1986,27,23,10,23.894,2,7,1,0,0,0,1,1,25,1016,1016,1016,1016,0,0,0,0,0,1,1,0,0,0,-245.222564,0,0,0,0,3,1,1,10,10,0,0,0,3,1,1,10,1000,0,0,0,0,0,0,0,0,0,0,0,0,0,0,0,0,0,0,0,0,0,0,0,0,0,0,0,0,0,0,0,0,0,0,0,0,0,0,0,0,0,0,0,0,0,0,0,0,0,0,0
1986,27,23,11,11.894,2,7,1,0,0,0,1,1,25,1016,1016,1016,1016,0,0,0,0,0,1,1,0,0,0,-245.2660066,0,0,0,0,3,1,1,10,10,0,0,0,3,1,1,10,1000,0,0,0,0,0,0,0,0,0,0,0,0,0,0,0,0,0,0,0,0,0,0,0,0,0,0,0,0,0,0,0,0,0,0,0,0,0,0,0,0,0,0,0,0,0,0,0,0,0,0,0
1986,27,23,11,59.894,2,7,1,0,0,0,1,1,25,1016,1016,1016,1016,0,0,0,0,0,1,1,0,0,0,-245.3094491,0,0,0,0,3,1,1,10,10,0,0,0,3,1,1,10,1000,0,0,0,0,0,0,0,0,0,0,0,0,0,0,0,0,0,0,0,0,0,0,0,0,0,0,0,0,0,0,0,0,0,0,0,0,0,0,0,0,0,0,0,0,0,0,0,0,0,0,0
1986,27,23,12,47.894,2,7,1,0,0,0,1,1,25,1016,1016,1016,1016,0,0,0,0,0,1,1,0,0,0,-245.3528916,0,0,0,0,3,1,1,10,10,0,0,0,3,1,1,10,1000,0,0,0,0,0,0,0,0,0,0,0,0,0,0,0,0,0,0,0,0,0,0,0,0,0,0,0,0,0,0,0,0,0,0,0,0,0,0,0,0,0,0,0,0,0,0,0,0,0,0,0
1986,27,23,13,35.894,2,7,1,0,0,0,1,1,25,1016,1016,1016,1016,0,0,0,0,0,1,1,0,0,0,-245.3963341,0,0,0,0,3,1,1,10,10,0,0,0,3,1,1,10,1000,0,0,0,0,0,0,0,0,0,0,0,0,0,0,0,0,0,0,0,0,0,0,0,0,0,0,0,0,0,0,0,0,0,0,0,0,0,0,0,0,0,0,0,0,0,0,0,0,0,0,0
1986,27,23,14,23.894,2,7,1,0,0,0,1,1,25,1016,1016,1016,1016,0,0,0,0,0,1,1,0,0,0,-245.4397765,0,0,0,0,3,1,1,10,10,0,0,0,3,1,1,10,1000,0,0,0,0,0,0,0,0,0,0,0,0,0,0,0,0,0,0,0,0,0,0,0,0,0,0,0,0,0,0,0,0,0,0,0,0,0,0,0,0,0,0,0,0,0,0,0,0,0,0,0
1986,27,23,15,11.894,2,7,1,0,0,0,1,1,25,1016,1016,1016,1016,0,0,0,0,0,1,1,0,0,0,-245.4832189,0,0,0,0,3,1,1,10,10,0,0,0,3,1,1,10,1000,0,0,0,0,0,0,0,0,0,0,0,0,0,0,0,0,0,0,0,0,0,0,0,0,0,0,0,0,0,0,0,0,0,0,0,0,0,0,0,0,0,0,0,0,0,0,0,0,0,0,0
1986,27,23,18,23.894,2,7,1,0,0,0,1,1,25,1016,1016,1016,1016,0,0,0,0,0,1,1,0,0,0,-245.656988,0,0,0,0,3,1,1,10,10,0,0,0,3,1,1,10,1000,0,0,0,0,0,0,0,0,0,0,0,0,0,0,0,0,0,0,0,0,0,0,0,0,0,0,0,0,0,0,0,0,0,0,0,0,0,0,0,0,0,0,0,0,0,0,0,0,0,0,0
1986,27,23,19,11.894,2,7,1,0,0,0,1,1,25,1016,1016,1016,1016,0,0,0,0,0,1,1,0,0,0,-245.7004302,0,0,0,0,3,1,1,10,10,0,0,0,3,1,1,10,1000,0,0,0,0,0,0,0,0,0,0,0,0,0,0,0,0,0,0,0,0,0,0,0,0,0,0,0,0,0,0,0,0,0,0,0,0,0,0,0,0,0,0,0,0,0,0,0,0,0,0,0
1986,27,23,19,59.894,2,7,1,0,0,0,1,1,25,1016,1016,1016,1016,0,0,0,0,0,1,1,0,0,0,-245.7438723,0,0,0,0,3,1,1,10,10,0,0,0,3,1,1,10,1000,0,0,0,0,0,0,0,0,0,0,0,0,0,0,0,0,0,0,0,0,0,0,0,0,0,0,0,0,0,0,0,0,0,0,0,0,0,0,0,0,0,0,0,0,0,0,0,0,0,0,0
1986,27,23,20,47.894,2,7,1,0,0,0,1,1,25,1016,1016,1016,1016,0,0,0,0,0,1,1,0,0,0,-245.7873144,0,0,0,0,3,1,1,10,10,0,0,0,3,1,1,10,1000,0,0,0,0,0,0,0,0,0,0,0,0,0,0,0,0,0,0,0,0,0,0,0,0,0,0,0,0,0,0,0,0,0,0,0,0,0,0,0,0,0,0,0,0,0,0,0,0,0,0,0
1986,27,23,21,35.894,2,7,1,0,0,0,1,1,25,1016,1016,1016,1016,0,0,0,0,0,1,1,0,0,0,-245.8307565,0,0,0,0,3,1,1,10,10,0,0,0,3,1,1,10,1000,0,0,0,0,0,0,0,0,0,0,0,0,0,0,0,0,0,0,0,0,0,0,0,0,0,0,0,0,0,0,0,0,0,0,0,0,0,0,0,0,0,0,0,0,0,0,0,0,0,0,0
1986,27,23,22,23.894,2,7,1,0,0,0,1,1,25,1016,1016,1016,1016,0,0,0,0,0,1,1,0,0,0,-245.8741985,0,0,0,0,3,1,1,10,10,0,0,0,3,1,1,10,1000,0,0,0,0,0,0,0,0,0,0,0,0,0,0,0,0,0,0,0,0,0,0,0,0,0,0,0,0,0,0,0,0,0,0,0,0,0,0,0,0,0,0,0,0,0,0,0,0,0,0,0
1986,27,23,23,11.893,2,7,1,0,0,0,1,1,25,1016,1016,1016,1016,0,0,0,0,0,1,1,0,0,0,-245.9176395,0,0,0,0,3,1,1,10,10,0,0,0,3,1,1,10,1000,0,0,0,0,0,0,0,0,0,0,0,0,0,0,0,0,0,0,0,0,0,0,0,0,0,0,0,0,0,0,0,0,0,0,0,0,0,0,0,0,0,0,0,0,0,0,0,0,0,0,0
1986,27,23,23,59.893,2,7,1,0,0,0,1,1,25,1016,1016,1016,1016,0,0,0,0,0,1,1,0,0,0,-245.9610815,0,0,0,0,3,1,1,10,10,0,0,0,3,1,1,10,1000,0,0,0,0,0,0,0,0,0,0,0,0,0,0,0,0,0,0,0,0,0,0,0,0,0,0,0,0,0,0,0,0,0,0,0,0,0,0,0,0,0,0,0,0,0,0,0,0,0,0,0
1986,27,23,24,47.893,2,7,1,0,0,0,1,1,25,1016,1016,1016,1016,0,0,0,0,0,1,1,0,0,0,-246.0045233,0,0,0,0,3,1,1,10,10,0,0,0,3,1,1,10,1000,0,0,0,0,0,0,0,0,0,0,0,0,0,0,0,0,0,0,0,0,0,0,0,0,0,0,0,0,0,0,0,0,0,0,0,0,0,0,0,0,0,0,0,0,0,0,0,0,0,0,0
1986,27,23,25,35.893,2,7,1,0,0,0,1,1,25,1016,1016,1016,1016,0,0,0,0,0,1,1,0,0,0,-246.0479652,0,0,0,0,3,1,1,10,10,0,0,0,3,1,1,10,1000,0,0,0,0,0,0,0,0,0,0,0,0,0,0,0,0,0,0,0,0,0,0,0,0,0,0,0,0,0,0,0,0,0,0,0,0,0,0,0,0,0,0,0,0,0,0,0,0,0,0,0
1986,27,23,26,23.893,2,7,1,0,0,0,1,1,25,1016,1016,1016,1016,0,0,0,0,0,1,1,0,0,0,-246.091407,0,0,0,0,3,1,1,10,10,0,0,0,3,1,1,10,1000,0,0,0,0,0,0,0,0,0,0,0,0,0,0,0,0,0,0,0,0,0,0,0,0,0,0,0,0,0,0,0,0,0,0,0,0,0,0,0,0,0,0,0,0,0,0,0,0,0,0,0
1986,27,23,27,11.893,2,7,1,0,0,0,1,1,25,1016,1016,1016,1016,0,0,0,0,0,1,1,0,0,0,-246.1348487,0,0,0,0,3,1,1,10,10,0,0,0,3,1,1,10,1000,0,0,0,0,0,0,0,0,0,0,0,0,0,0,0,0,0,0,0,0,0,0,0,0,0,0,0,0,0,0,0,0,0,0,0,0,0,0,0,0,0,0,0,0,0,0,0,0,0,0,0
1986,27,23,35,59.893,2,7,1,0,0,0,1,1,25,1016,1016,1016,1016,0,0,0,0,0,1,1,0,0,0,-246.6127051,0,0,0,0,3,1,1,10,10,0,0,0,3,1,1,10,1000,0,0,0,0,0,0,0,0,0,0,0,0,0,0,0,0,0,0,0,0,0,0,0,0,0,0,0,0,0,0,0,0,0,0,0,0,0,0,0,0,0,0,0,0,0,0,0,0,0,0,0
1986,27,23,36,47.893,2,7,1,0,0,0,1,1,25,1016,1016,1016,1016,0,0,0,0,0,1,1,0,0,0,-246.6561464,0,0,0,0,3,1,1,10,10,0,0,0,3,1,1,10,1000,0,0,0,0,0,0,0,0,0,0,0,0,0,0,0,0,0,0,0,0,0,0,0,0,0,0,0,0,0,0,0,0,0,0,0,0,0,0,0,0,0,0,0,0,0,0,0,0,0,0,0
1986,27,23,38,23.892,2,7,1,0,0,0,1,1,25,1016,1016,1016,1016,0,0,0,0,0,1,1,0,0,0,-246.7430278,0,0,0,0,3,1,1,10,10,0,0,0,3,1,1,10,1000,0,0,0,0,0,0,0,0,0,0,0,0,0,0,0,0,0,0,0,0,0,0,0,0,0,0,0,0,0,0,0,0,0,0,0,0,0,0,0,0,0,0,0,0,0,0,0,0,0,0,0
1986,27,23,39,11.892,2,7,1,0,0,0,1,1,25,1016,1016,1016,1016,0,0,0,0,0,1,1,0,0,0,-246.7864689,0,0,0,0,3,1,1,10,10,0,0,0,3,1,1,10,1000,0,0,0,0,0,0,0,0,0,0,0,0,0,0,0,0,0,0,0,0,0,0,0,0,0,0,0,0,0,0,0,0,0,0,0,0,0,0,0,0,0,0,0,0,0,0,0,0,0,0,0
1986,27,23,42,23.892,2,7,1,0,0,0,1,1,25,1016,1016,1016,1016,0,0,0,0,0,1,1,0,0,0,-246.9602329,0,0,0,0,3,1,1,10,10,0,0,0,3,1,1,10,1000,0,0,0,0,0,0,0,0,0,0,0,0,0,0,0,0,0,0,0,0,0,0,0,0,0,0,0,0,0,0,0,0,0,0,0,0,0,0,0,0,0,0,0,0,0,0,0,0,0,0,0
1986,27,23,43,11.892,2,7,1,0,0,0,1,1,25,1016,1016,1016,1016,0,0,0,0,0,1,1,0,0,0,-247.0036738,0,0,0,0,3,1,1,10,10,0,0,0,3,1,1,10,1000,0,0,0,0,0,0,0,0,0,0,0,0,0,0,0,0,0,0,0,0,0,0,0,0,0,0,0,0,0,0,0,0,0,0,0,0,0,0,0,0,0,0,0,0,0,0,0,0,0,0,0
1986,27,23,43,59.892,2,7,1,0,0,0,1,1,25,1016,1016,1016,1016,0,0,0,0,0,1,1,0,0,0,-247.0471147,0,0,0,0,3,1,1,10,10,0,0,0,3,1,1,10,1000,0,0,0,0,0,0,0,0,0,0,0,0,0,0,0,0,0,0,0,0,0,0,0,0,0,0,0,0,0,0,0,0,0,0,0,0,0,0,0,0,0,0,0,0,0,0,0,0,0,0,0
1986,27,23,44,47.892,2,7,1,0,0,0,1,1,25,1016,1016,1016,1016,0,0,0,0,0,1,1,0,0,0,-247.0905555,0,0,0,0,3,1,1,10,10,0,0,0,3,1,1,10,1000,0,0,0,0,0,0,0,0,0,0,0,0,0,0,0,0,0,0,0,0,0,0,0,0,0,0,0,0,0,0,0,0,0,0,0,0,0,0,0,0,0,0,0,0,0,0,0,0,0,0,0
1986,27,23,45,35.892,2,7,1,0,0,0,1,1,25,1016,1016,1016,1016,0,0,0,0,0,1,1,0,0,0,-247.1339963,0,0,0,0,3,1,1,10,10,0,0,0,3,1,1,10,1000,0,0,0,0,0,0,0,0,0,0,0,0,0,0,0,0,0,0,0,0,0,0,0,0,0,0,0,0,0,0,0,0,0,0,0,0,0,0,0,0,0,0,0,0,0,0,0,0,0,0,0
1986,27,23,46,23.892,2,7,1,0,0,0,1,1,25,1016,1016,1016,1016,0,0,0,0,0,1,1,0,0,0,-247.177437,0,0,0,0,3,1,1,10,10,0,0,0,3,1,1,10,1000,0,0,0,0,0,0,0,0,0,0,0,0,0,0,0,0,0,0,0,0,0,0,0,0,0,0,0,0,0,0,0,0,0,0,0,0,0,0,0,0,0,0,0,0,0,0,0,0,0,0,0
1986,27,23,47,11.892,2,7,1,0,0,0,1,1,25,1016,1016,1016,1016,0,0,0,0,0,1,1,0,0,0,-247.2208777,0,0,0,0,3,1,1,10,10,0,0,0,3,1,1,10,1000,0,0,0,0,0,0,0,0,0,0,0,0,0,0,0,0,0,0,0,0,0,0,0,0,0,0,0,0,0,0,0,0,0,0,0,0,0,0,0,0,0,0,0,0,0,0,0,0,0,0,0
1986,27,23,47,59.892,2,7,1,0,0,0,1,1,25,1016,1016,1016,1016,0,0,0,0,0,1,1,0,0,0,-247.2643183,0,0,0,0,3,1,1,10,10,0,0,0,3,1,1,10,1000,0,0,0,0,0,0,0,0,0,0,0,0,0,0,0,0,0,0,0,0,0,0,0,0,0,0,0,0,0,0,0,0,0,0,0,0,0,0,0,0,0,0,0,0,0,0,0,0,0,0,0
1986,27,23,48,47.892,2,7,1,0,0,0,1,1,25,1016,1016,1016,1016,0,0,0,0,0,1,1,0,0,0,-247.3077589,0,0,0,0,3,1,1,10,10,0,0,0,3,1,1,10,1000,0,0,0,0,0,0,0,0,0,0,0,0,0,0,0,0,0,0,0,0,0,0,0,0,0,0,0,0,0,0,0,0,0,0,0,0,0,0,0,0,0,0,0,0,0,0,0,0,0,0,0
1986,27,23,49,35.892,2,7,1,0,0,0,1,1,25,1016,1016,1016,1016,0,0,0,0,0,1,1,0,0,0,-247.3511995,0,0,0,0,3,1,1,10,10,0,0,0,3,1,1,10,1000,0,0,0,0,0,0,0,0,0,0,0,0,0,0,0,0,0,0,0,0,0,0,0,0,0,0,0,0,0,0,0,0,0,0,0,0,0,0,0,0,0,0,0,0,0,0,0,0,0,0,0
1986,27,23,50,23.892,2,7,1,0,0,0,1,1,25,1016,1016,1016,1016,0,0,0,0,0,1,1,0,0,0,-247.39464,0,0,0,0,3,1,1,10,10,0,0,0,3,1,1,10,1000,0,0,0,0,0,0,0,0,0,0,0,0,0,0,0,0,0,0,0,0,0,0,0,0,0,0,0,0,0,0,0,0,0,0,0,0,0,0,0,0,0,0,0,0,0,0,0,0,0,0,0
1986,27,23,51,11.892,2,7,1,0,0,0,1,1,25,1016,1016,1016,1016,0,0,0,0,0,1,1,0,0,0,-247.4380805,0,0,0,0,3,1,1,10,10,0,0,0,3,1,1,10,1000,0,0,0,0,0,0,0,0,0,0,0,0,0,0,0,0,0,0,0,0,0,0,0,0,0,0,0,0,0,0,0,0,0,0,0,0,0,0,0,0,0,0,0,0,0,0,0,0,0,0,0
1986,27,23,54,23.891,2,7,1,0,0,0,1,1,25,1016,1016,1016,1016,0,0,0,0,0,1,1,0,0,0,-247.611841,0,0,0,0,3,1,1,10,10,0,0,0,3,1,1,10,1000,0,0,0,0,0,0,0,0,0,0,0,0,0,0,0,0,0,0,0,0,0,0,0,0,0,0,0,0,0,0,0,0,0,0,0,0,0,0,0,0,0,0,0,0,0,0,0,0,0,0,0
1986,27,23,55,11.891,2,7,1,0,0,0,1,1,25,1016,1016,1016,1016,0,0,0,0,0,1,1,0,0,0,-247.6552813,0,0,0,0,3,1,1,10,10,0,0,0,3,1,1,10,1000,0,0,0,0,0,0,0,0,0,0,0,0,0,0,0,0,0,0,0,0,0,0,0,0,0,0,0,0,0,0,0,0,0,0,0,0,0,0,0,0,0,0,0,0,0,0,0,0,0,0,0
1986,27,23,55,59.891,2,7,1,0,0,0,1,1,25,1016,1016,1016,1016,0,0,0,0,0,1,1,0,0,0,-247.6987215,0,0,0,0,3,1,1,10,10,0,0,0,3,1,1,10,1000,0,0,0,0,0,0,0,0,0,0,0,0,0,0,0,0,0,0,0,0,0,0,0,0,0,0,0,0,0,0,0,0,0,0,0,0,0,0,0,0,0,0,0,0,0,0,0,0,0,0,0
1986,27,23,56,47.891,2,7,1,0,0,0,1,1,25,1016,1016,1016,1016,0,0,0,0,0,1,1,0,0,0,-247.7421617,0,0,0,0,3,1,1,10,10,0,0,0,3,1,1,10,1000,0,0,0,0,0,0,0,0,0,0,0,0,0,0,0,0,0,0,0,0,0,0,0,0,0,0,0,0,0,0,0,0,0,0,0,0,0,0,0,0,0,0,0,0,0,0,0,0,0,0,0
1986,27,23,57,35.891,2,7,1,0,0,0,1,1,25,1016,1016,1016,1016,0,0,0,0,0,1,1,0,0,0,-247.7856018,0,0,0,0,3,1,1,10,10,0,0,0,3,1,1,10,1000,0,0,0,0,0,0,0,0,0,0,0,0,0,0,0,0,0,0,0,0,0,0,0,0,0,0,0,0,0,0,0,0,0,0,0,0,0,0,0,0,0,0,0,0,0,0,0,0,0,0,0
1986,27,23,58,23.891,2,7,1,0,0,0,1,1,25,1016,1016,1016,1016,0,0,0,0,0,1,1,0,0,0,-247.8290419,0,0,0,0,3,1,1,10,10,0,0,0,3,1,1,10,1000,0,0,0,0,0,0,0,0,0,0,0,0,0,0,0,0,0,0,0,0,0,0,0,0,0,0,0,0,0,0,0,0,0,0,0,0,0,0,0,0,0,0,0,0,0,0,0,0,0,0,0
1986,27,23,59,11.891,2,7,1,0,0,0,1,1,25,1016,1016,1016,1016,0,0,0,0,0,1,1,0,0,0,-247.872482,0,0,0,0,3,1,1,10,10,0,0,0,3,1,1,10,1000,0,0,0,0,0,0,0,0,0,0,0,0,0,0,0,0,0,0,0,0,0,0,0,0,0,0,0,0,0,0,0,0,0,0,0,0,0,0,0,0,0,0,0,0,0,0,0,0,0,0,0
1986,27,23,59,59.891,2,7,1,0,0,0,1,1,25,1016,1016,1016,1016,0,0,0,0,0,1,1,0,0,0,-247.915922,0,0,0,0,3,1,1,10,10,0,0,0,3,1,1,10,1000,0,0,0,0,0,0,0,0,0,0,0,0,0,0,0,0,0,0,0,0,0,0,0,0,0,0,0,0,0,0,0,0,0,0,0,0,0,0,0,0,0,0,0,0,0,0,0,0,0,0,0
1986,28,0,0,47.891,2,7,1,0,0,0,1,1,25,1016,1016,1016,1016,0,0,0,0,0,1,1,0,0,0,-247.959362,0,0,0,0,3,1,1,10,10,0,0,0,3,1,1,10,1000,0,0,0,0,0,0,0,0,0,0,0,0,0,0,0,0,0,0,0,0,0,0,0,0,0,0,0,0,0,0,0,0,0,0,0,0,0,0,0,0,0,0,0,0,0,0,0,0,0,0,0
1986,28,0,1,35.891,2,7,1,0,0,0,1,1,25,1016,1016,1016,1016,0,0,0,0,0,1,1,0,0,0,-248.0028019,0,0,0,0,3,1,1,10,10,0,0,0,3,1,1,10,1000,0,0,0,0,0,0,0,0,0,0,0,0,0,0,0,0,0,0,0,0,0,0,0,0,0,0,0,0,0,0,0,0,0,0,0,0,0,0,0,0,0,0,0,0,0,0,0,0,0,0,0
1986,28,0,2,23.891,2,7,1,0,0,0,1,1,25,1016,1016,1016,1016,0,0,0,0,0,1,1,0,0,0,-248.0462418,0,0,0,0,3,1,1,10,10,0,0,0,3,1,1,10,1000,0,0,0,0,0,0,0,0,0,0,0,0,0,0,0,0,0,0,0,0,0,0,0,0,0,0,0,0,0,0,0,0,0,0,0,0,0,0,0,0,0,0,0,0,0,0,0,0,0,0,0
1986,28,0,3,11.891,2,7,1,0,0,0,1,1,25,1016,1016,1016,1016,0,0,0,0,0,1,1,0,0,0,-248.0896816,0,0,0,0,3,1,1,10,10,0,0,0,3,1,1,10,1000,0,0,0,0,0,0,0,0,0,0,0,0,0,0,0,0,0,0,0,0,0,0,0,0,0,0,0,0,0,0,0,0,0,0,0,0,0,0,0,0,0,0,0,0,0,0,0,0,0,0,0
1986,28,0,6,23.891,2,7,1,0,0,0,1,1,25,1016,1016,1016,1016,0,0,0,0,0,1,1,0,0,0,-248.2634406,0,0,0,0,3,1,1,10,10,0,0,0,3,1,1,10,1000,0,0,0,0,0,0,0,0,0,0,0,0,0,0,0,0,0,0,0,0,0,0,0,0,0,0,0,0,0,0,0,0,0,0,0,0,0,0,0,0,0,0,0,0,0,0,0,0,0,0,0
1986,28,0,7,11.891,2,7,1,0,0,0,1,1,25,1016,1016,1016,1016,0,0,0,0,0,1,1,0,0,0,-248.3068802,0,0,0,0,3,1,1,10,10,0,0,0,3,1,1,10,1000,0,0,0,0,0,0,0,0,0,0,0,0,0,0,0,0,0,0,0,0,0,0,0,0,0,0,0,0,0,0,0,0,0,0,0,0,0,0,0,0,0,0,0,0,0,0,0,0,0,0,0
1986,28,0,7,59.891,2,7,1,0,0,0,1,1,25,1016,1016,1016,1016,0,0,0,0,0,1,1,0,0,0,-248.3503198,0,0,0,0,3,1,1,10,10,0,0,0,3,1,1,10,1000,0,0,0,0,0,0,0,0,0,0,0,0,0,0,0,0,0,0,0,0,0,0,0,0,0,0,0,0,0,0,0,0,0,0,0,0,0,0,0,0,0,0,0,0,0,0,0,0,0,0,0
1986,28,0,8,47.89,2,7,1,0,0,0,1,1,25,1016,1016,1016,1016,0,0,0,0,0,1,1,0,0,0,-248.3937584,0,0,0,0,3,1,1,10,10,0,0,0,3,1,1,10,1000,0,0,0,0,0,0,0,0,0,0,0,0,0,0,0,0,0,0,0,0,0,0,0,0,0,0,0,0,0,0,0,0,0,0,0,0,0,0,0,0,0,0,0,0,0,0,0,0,0,0,0
1986,28,0,9,35.89,2,7,1,0,0,0,1,1,25,1016,1016,1016,1016,0,0,0,0,0,1,1,0,0,0,-248.4371979,0,0,0,0,3,1,1,10,10,0,0,0,3,1,1,10,1000,0,0,0,0,0,0,0,0,0,0,0,0,0,0,0,0,0,0,0,0,0,0,0,0,0,0,0,0,0,0,0,0,0,0,0,0,0,0,0,0,0,0,0,0,0,0,0,0,0,0,0
1986,28,0,11,11.89,2,7,1,0,0,0,1,1,25,1016,1016,1016,1016,0,0,0,0,0,1,1,0,0,0,-248.5240768,0,0,0,0,3,1,1,10,10,0,0,0,3,1,1,10,1000,0,0,0,0,0,0,0,0,0,0,0,0,0,0,0,0,0,0,0,0,0,0,0,0,0,0,0,0,0,0,0,0,0,0,0,0,0,0,0,0,0,0,0,0,0,0,0,0,0,0,0
1986,28,0,11,59.89,2,7,1,0,0,0,1,1,25,1016,1016,1016,1016,0,0,0,0,0,1,1,0,0,0,-248.5675162,0,0,0,0,3,1,1,10,10,0,0,0,3,1,1,10,1000,0,0,0,0,0,0,0,0,0,0,0,0,0,0,0,0,0,0,0,0,0,0,0,0,0,0,0,0,0,0,0,0,0,0,0,0,0,0,0,0,0,0,0,0,0,0,0,0,0,0,0
1986,28,0,12,47.89,2,7,1,0,0,0,1,1,25,1016,1016,1016,1016,0,0,0,0,0,1,1,0,0,0,-248.6109556,0,0,0,0,3,1,1,10,10,0,0,0,3,1,1,10,1000,0,0,0,0,0,0,0,0,0,0,0,0,0,0,0,0,0,0,0,0,0,0,0,0,0,0,0,0,0,0,0,0,0,0,0,0,0,0,0,0,0,0,0,0,0,0,0,0,0,0,0
1986,28,0,13,35.89,2,7,1,0,0,0,1,1,25,1016,1016,1016,1016,0,0,0,0,0,1,1,0,0,0,-248.6543949,0,0,0,0,3,1,1,10,10,0,0,0,3,1,1,10,1000,0,0,0,0,0,0,0,0,0,0,0,0,0,0,0,0,0,0,0,0,0,0,0,0,0,0,0,0,0,0,0,0,0,0,0,0,0,0,0,0,0,0,0,0,0,0,0,0,0,0,0
1986,28,0,14,23.89,2,7,1,0,0,0,1,1,25,1016,1016,1016,1016,0,0,0,0,0,1,1,0,0,0,-248.6978341,0,0,0,0,3,1,1,10,10,0,0,0,3,1,1,10,1000,0,0,0,0,0,0,0,0,0,0,0,0,0,0,0,0,0,0,0,0,0,0,0,0,0,0,0,0,0,0,0,0,0,0,0,0,0,0,0,0,0,0,0,0,0,0,0,0,0,0,0
1986,28,0,15,11.89,2,7,1,0,0,0,1,1,25,1016,1016,1016,1016,0,0,0,0,0,1,1,0,0,0,-248.7412733,0,0,0,0,3,1,1,10,10,0,0,0,3,1,1,10,1000,0,0,0,0,0,0,0,0,0,0,0,0,0,0,0,0,0,0,0,0,0,0,0,0,0,0,0,0,0,0,0,0,0,0,0,0,0,0,0,0,0,0,0,0,0,0,0,0,0,0,0
1986,28,0,18,23.89,2,7,1,0,0,0,1,1,25,1016,1016,1016,1016,0,0,0,0,0,1,1,0,0,0,-248.9150298,0,0,0,0,3,1,1,10,10,0,0,0,3,1,1,10,1000,0,0,0,0,0,0,0,0,0,0,0,0,0,0,0,0,0,0,0,0,0,0,0,0,0,0,0,0,0,0,0,0,0,0,0,0,0,0,0,0,0,0,0,0,0,0,0,0,0,0,0
1986,28,0,19,11.89,2,7,1,0,0,0,1,1,25,1016,1016,1016,1016,0,0,0,0,0,1,1,0,0,0,-248.9584688,0,0,0,0,3,1,1,10,10,0,0,0,3,1,1,10,1000,0,0,0,0,0,0,0,0,0,0,0,0,0,0,0,0,0,0,0,0,0,0,0,0,0,0,0,0,0,0,0,0,0,0,0,0,0,0,0,0,0,0,0,0,0,0,0,0,0,0,0
1986,28,0,19,59.89,2,7,1,0,0,0,1,1,25,1016,1016,1016,1016,0,0,0,0,0,1,1,0,0,0,-249.0019077,0,0,0,0,3,1,1,10,10,0,0,0,3,1,1,10,1000,0,0,0,0,0,0,0,0,0,0,0,0,0,0,0,0,0,0,0,0,0,0,0,0,0,0,0,0,0,0,0,0,0,0,0,0,0,0,0,0,0,0,0,0,0,0,0,0,0,0,0
1986,28,0,20,47.89,2,7,1,0,0,0,1,1,25,1016,1016,1016,1016,0,0,0,0,0,1,1,0,0,0,-249.0453466,0,0,0,0,3,1,1,10,10,0,0,0,3,1,1,10,1000,0,0,0,0,0,0,0,0,0,0,0,0,0,0,0,0,0,0,0,0,0,0,0,0,0,0,0,0,0,0,0,0,0,0,0,0,0,0,0,0,0,0,0,0,0,0,0,0,0,0,0
1986,28,0,21,35.89,2,7,1,0,0,0,1,1,25,1016,1016,1016,1016,0,0,0,0,0,1,1,0,0,0,-249.0887855,0,0,0,0,3,1,1,10,10,0,0,0,3,1,1,10,1000,0,0,0,0,0,0,0,0,0,0,0,0,0,0,0,0,0,0,0,0,0,0,0,0,0,0,0,0,0,0,0,0,0,0,0,0,0,0,0,0,0,0,0,0,0,0,0,0,0,0,0
1986,28,0,22,23.89,2,7,1,0,0,0,1,1,25,1016,1016,1016,1016,0,0,0,0,0,1,1,0,0,0,-249.1322244,0,0,0,0,3,1,1,10,10,0,0,0,3,1,1,10,1000,0,0,0,0,0,0,0,0,0,0,0,0,0,0,0,0,0,0,0,0,0,0,0,0,0,0,0,0,0,0,0,0,0,0,0,0,0,0,0,0,0,0,0,0,0,0,0,0,0,0,0
1986,28,0,23,11.89,2,7,1,0,0,0,1,1,25,1016,1016,1016,1016,0,0,0,0,0,1,1,0,0,0,-249.1756632,0,0,0,0,3,1,1,10,10,0,0,0,3,1,1,10,1000,0,0,0,0,0,0,0,0,0,0,0,0,0,0,0,0,0,0,0,0,0,0,0,0,0,0,0,0,0,0,0,0,0,0,0,0,0,0,0,0,0,0,0,0,0,0,0,0,0,0,0
1986,28,0,23,59.889,2,7,1,0,0,0,1,1,25,1016,1016,1016,1016,0,0,0,0,0,1,1,0,0,0,-249.219101,0,0,0,0,3,1,1,10,10,0,0,0,3,1,1,10,1000,0,0,0,0,0,0,0,0,0,0,0,0,0,0,0,0,0,0,0,0,0,0,0,0,0,0,0,0,0,0,0,0,0,0,0,0,0,0,0,0,0,0,0,0,0,0,0,0,0,0,0
1986,28,0,24,47.889,2,7,1,0,0,0,1,1,25,1016,1016,1016,1016,0,0,0,0,0,1,1,0,0,0,-249.2625397,0,0,0,0,3,1,1,10,10,0,0,0,3,1,1,10,1000,0,0,0,0,0,0,0,0,0,0,0,0,0,0,0,0,0,0,0,0,0,0,0,0,0,0,0,0,0,0,0,0,0,0,0,0,0,0,0,0,0,0,0,0,0,0,0,0,0,0,0
1986,28,0,25,35.889,2,7,1,0,0,0,1,1,25,1016,1016,1016,1016,0,0,0,0,0,1,1,0,0,0,-249.3059784,0,0,0,0,3,1,1,10,10,0,0,0,3,1,1,10,1000,0,0,0,0,0,0,0,0,0,0,0,0,0,0,0,0,0,0,0,0,0,0,0,0,0,0,0,0,0,0,0,0,0,0,0,0,0,0,0,0,0,0,0,0,0,0,0,0,0,0,0
1986,28,0,26,23.889,2,7,1,0,0,0,1,1,25,1016,1016,1016,1016,0,0,0,0,0,1,1,0,0,0,-249.349417,0,0,0,0,3,1,1,10,10,0,0,0,3,1,1,10,1000,0,0,0,0,0,0,0,0,0,0,0,0,0,0,0,0,0,0,0,0,0,0,0,0,0,0,0,0,0,0,0,0,0,0,0,0,0,0,0,0,0,0,0,0,0,0,0,0,0,0,0
1986,28,0,27,11.889,2,7,1,0,0,0,1,1,25,1016,1016,1016,1016,0,0,0,0,0,1,1,0,0,0,-249.3928556,0,0,0,0,3,1,1,10,10,0,0,0,3,1,1,10,1000,0,0,0,0,0,0,0,0,0,0,0,0,0,0,0,0,0,0,0,0,0,0,0,0,0,0,0,0,0,0,0,0,0,0,0,0,0,0,0,0,0,0,0,0,0,0,0,0,0,0,0
1986,28,0,30,23.889,2,7,1,0,0,0,1,1,25,1016,1016,1016,1016,0,0,0,0,0,1,1,0,0,0,-249.5666095,0,0,0,0,3,1,1,10,10,0,0,0,3,1,1,10,1000,0,0,0,0,0,0,0,0,0,0,0,0,0,0,0,0,0,0,0,0,0,0,0,0,0,0,0,0,0,0,0,0,0,0,0,0,0,0,0,0,0,0,0,0,0,0,0,0,0,0,0
1986,28,0,31,11.889,2,7,1,0,0,0,1,1,25,1016,1016,1016,1016,0,0,0,0,0,1,1,0,0,0,-249.6100479,0,0,0,0,3,1,1,10,10,0,0,0,3,1,1,10,1000,0,0,0,0,0,0,0,0,0,0,0,0,0,0,0,0,0,0,0,0,0,0,0,0,0,0,0,0,0,0,0,0,0,0,0,0,0,0,0,0,0,0,0,0,0,0,0,0,0,0,0
1986,28,0,31,59.889,2,7,1,0,0,0,1,1,25,1016,1016,1016,1016,0,0,0,0,0,1,1,0,0,0,-249.6534862,0,0,0,0,3,1,1,10,10,0,0,0,3,1,1,10,1000,0,0,0,0,0,0,0,0,0,0,0,0,0,0,0,0,0,0,0,0,0,0,0,0,0,0,0,0,0,0,0,0,0,0,0,0,0,0,0,0,0,0,0,0,0,0,0,0,0,0,0
1986,28,0,33,35.889,2,7,1,0,0,0,1,1,25,1016,1016,1016,1016,0,0,0,0,0,1,1,0,0,0,-249.7403628,0,0,0,0,3,1,1,10,10,0,0,0,3,1,1,10,1000,0,0,0,0,0,0,0,0,0,0,0,0,0,0,0,0,0,0,0,0,0,0,0,0,0,0,0,0,0,0,0,0,0,0,0,0,0,0,0,0,0,0,0,0,0,0,0,0,0,0,0
1986,28,0,34,23.889,2,7,1,0,0,0,1,1,25,1016,1016,1016,1016,0,0,0,0,0,1,1,0,0,0,-249.783801,0,0,0,0,3,1,1,10,10,0,0,0,3,1,1,10,1000,0,0,0,0,0,0,0,0,0,0,0,0,0,0,0,0,0,0,0,0,0,0,0,0,0,0,0,0,0,0,0,0,0,0,0,0,0,0,0,0,0,0,0,0,0,0,0,0,0,0,0
1986,28,0,35,11.889,2,7,1,0,0,0,1,1,25,1016,1016,1016,1016,0,0,0,0,0,1,1,0,0,0,-249.8272392,0,0,0,0,3,1,1,10,10,0,0,0,3,1,1,10,1000,0,0,0,0,0,0,0,0,0,0,0,0,0,0,0,0,0,0,0,0,0,0,0,0,0,0,0,0,0,0,0,0,0,0,0,0,0,0,0,0,0,0,0,0,0,0,0,0,0,0,0
1986,28,0,35,59.889,2,7,1,0,0,0,1,1,25,1016,1016,1016,1016,0,0,0,0,0,1,1,0,0,0,-249.8706773,0,0,0,0,3,1,1,10,10,0,0,0,3,1,1,10,1000,0,0,0,0,0,0,0,0,0,0,0,0,0,0,0,0,0,0,0,0,0,0,0,0,0,0,0,0,0,0,0,0,0,0,0,0,0,0,0,0,0,0,0,0,0,0,0,0,0,0,0
1986,28,0,36,47.889,2,7,1,0,0,0,1,1,25,1016,1016,1016,1016,0,0,0,0,0,1,1,0,0,0,-249.9141154,0,0,0,0,3,1,1,10,10,0,0,0,3,1,1,10,1000,0,0,0,0,0,0,0,0,0,0,0,0,0,0,0,0,0,0,0,0,0,0,0,0,0,0,0,0,0,0,0,0,0,0,0,0,0,0,0,0,0,0,0,0,0,0,0,0,0,0,0
1986,28,0,37,35.889,2,7,1,0,0,0,1,1,25,1016,1016,1016,1016,0,0,0,0,0,1,1,0,0,0,-249.9575534,0,0,0,0,3,1,1,10,10,0,0,0,3,1,1,10,1000,0,0,0,0,0,0,0,0,0,0,0,0,0,0,0,0,0,0,0,0,0,0,0,0,0,0,0,0,0,0,0,0,0,0,0,0,0,0,0,0,0,0,0,0,0,0,0,0,0,0,0
1986,28,0,38,23.889,2,7,1,0,0,0,1,1,25,1016,1016,1016,1016,0,0,0,0,0,1,1,0,0,0,-250.0009914,0,0,0,0,3,1,1,10,10,0,0,0,3,1,1,10,1000,0,0,0,0,0,0,0,0,0,0,0,0,0,0,0,0,0,0,0,0,0,0,0,0,0,0,0,0,0,0,0,0,0,0,0,0,0,0,0,0,0,0,0,0,0,0,0,0,0,0,0
1986,28,0,39,11.888,2,7,1,0,0,0,1,1,25,1016,1016,1016,1016,0,0,0,0,0,1,1,0,0,0,-250.0444285,0,0,0,0,3,1,1,10,10,0,0,0,3,1,1,10,1000,0,0,0,0,0,0,0,0,0,0,0,0,0,0,0,0,0,0,0,0,0,0,0,0,0,0,0,0,0,0,0,0,0,0,0,0,0,0,0,0,0,0,0,0,0,0,0,0,0,0,0
1986,28,0,42,23.888,2,7,1,0,0,0,1,1,25,1016,1016,1016,1016,0,0,0,0,0,1,1,0,0,0,-250.2181799,0,0,0,0,3,1,1,10,10,0,0,0,3,1,1,10,1000,0,0,0,0,0,0,0,0,0,0,0,0,0,0,0,0,0,0,0,0,0,0,0,0,0,0,0,0,0,0,0,0,0,0,0,0,0,0,0,0,0,0,0,0,0,0,0,0,0,0,0
1986,28,0,43,11.888,2,7,1,0,0,0,1,1,25,1016,1016,1016,1016,0,0,0,0,0,1,1,0,0,0,-250.2616177,0,0,0,0,3,1,1,10,10,0,0,0,3,1,1,10,1000,0,0,0,0,0,0,0,0,0,0,0,0,0,0,0,0,0,0,0,0,0,0,0,0,0,0,0,0,0,0,0,0,0,0,0,0,0,0,0,0,0,0,0,0,0,0,0,0,0,0,0
1986,28,0,43,59.888,2,7,1,0,0,0,1,1,25,1016,1016,1016,1016,0,0,0,0,0,1,1,0,0,0,-250.3050554,0,0,0,0,3,1,1,10,10,0,0,0,3,1,1,10,1000,0,0,0,0,0,0,0,0,0,0,0,0,0,0,0,0,0,0,0,0,0,0,0,0,0,0,0,0,0,0,0,0,0,0,0,0,0,0,0,0,0,0,0,0,0,0,0,0,0,0,0
1986,28,0,45,35.888,2,7,1,0,0,0,1,1,25,1016,1016,1016,1016,0,0,0,0,0,1,1,0,0,0,-250.3919307,0,0,0,0,3,1,1,10,10,0,0,0,3,1,1,10,1000,0,0,0,0,0,0,0,0,0,0,0,0,0,0,0,0,0,0,0,0,0,0,0,0,0,0,0,0,0,0,0,0,0,0,0,0,0,0,0,0,0,0,0,0,0,0,0,0,0,0,0
1986,28,0,46,23.888,2,7,1,0,0,0,1,1,25,1016,1016,1016,1016,0,0,0,0,0,1,1,0,0,0,-250.4353683,0,0,0,0,3,1,1,10,10,0,0,0,3,1,1,10,1000,0,0,0,0,0,0,0,0,0,0,0,0,0,0,0,0,0,0,0,0,0,0,0,0,0,0,0,0,0,0,0,0,0,0,0,0,0,0,0,0,0,0,0,0,0,0,0,0,0,0,0
1986,28,0,47,11.888,2,7,1,0,0,0,1,1,25,1016,1016,1016,1016,0,0,0,0,0,1,1,0,0,0,-250.4788058,0,0,0,0,3,1,1,10,10,0,0,0,3,1,1,10,1000,0,0,0,0,0,0,0,0,0,0,0,0,0,0,0,0,0,0,0,0,0,0,0,0,0,0,0,0,0,0,0,0,0,0,0,0,0,0,0,0,0,0,0,0,0,0,0,0,0,0,0
1986,28,0,47,59.888,2,7,1,0,0,0,1,1,25,1016,1016,1016,1016,0,0,0,0,0,1,1,0,0,0,-250.5222433,0,0,0,0,3,1,1,10,10,0,0,0,3,1,1,10,1000,0,0,0,0,0,0,0,0,0,0,0,0,0,0,0,0,0,0,0,0,0,0,0,0,0,0,0,0,0,0,0,0,0,0,0,0,0,0,0,0,0,0,0,0,0,0,0,0,0,0,0
1986,28,0,48,47.888,2,7,1,0,0,0,1,1,25,1016,1016,1016,1016,0,0,0,0,0,1,1,0,0,0,-250.5656808,0,0,0,0,3,1,1,10,10,0,0,0,3,1,1,10,1000,0,0,0,0,0,0,0,0,0,0,0,0,0,0,0,0,0,0,0,0,0,0,0,0,0,0,0,0,0,0,0,0,0,0,0,0,0,0,0,0,0,0,0,0,0,0,0,0,0,0,0
1986,28,0,49,35.888,2,7,1,0,0,0,1,1,25,1016,1016,1016,1016,0,0,0,0,0,1,1,0,0,0,-250.6091182,0,0,0,0,3,1,1,10,10,0,0,0,3,1,1,10,1000,0,0,0,0,0,0,0,0,0,0,0,0,0,0,0,0,0,0,0,0,0,0,0,0,0,0,0,0,0,0,0,0,0,0,0,0,0,0,0,0,0,0,0,0,0,0,0,0,0,0,0
1986,28,0,50,23.888,2,7,1,0,0,0,1,1,25,1016,1016,1016,1016,0,0,0,0,0,1,1,0,0,0,-250.6525556,0,0,0,0,3,1,1,10,10,0,0,0,3,1,1,10,1000,0,0,0,0,0,0,0,0,0,0,0,0,0,0,0,0,0,0,0,0,0,0,0,0,0,0,0,0,0,0,0,0,0,0,0,0,0,0,0,0,0,0,0,0,0,0,0,0,0,0,0
1986,28,0,51,11.888,2,7,1,0,0,0,1,1,25,1016,1016,1016,1016,0,0,0,0,0,1,1,0,0,0,-250.6959929,0,0,0,0,3,1,1,10,10,0,0,0,3,1,1,10,1000,0,0,0,0,0,0,0,0,0,0,0,0,0,0,0,0,0,0,0,0,0,0,0,0,0,0,0,0,0,0,0,0,0,0,0,0,0,0,0,0,0,0,0,0,0,0,0,0,0,0,0
1986,28,0,54,23.887,2,7,1,0,0,0,1,1,25,1016,1016,1016,1016,0,0,0,0,0,1,1,0,0,0,-250.869741,0,0,0,0,3,1,1,10,10,0,0,0,3,1,1,10,1000,0,0,0,0,0,0,0,0,0,0,0,0,0,0,0,0,0,0,0,0,0,0,0,0,0,0,0,0,0,0,0,0,0,0,0,0,0,0,0,0,0,0,0,0,0,0,0,0,0,0,0
1986,28,0,55,11.887,2,7,1,0,0,0,1,1,25,1016,1016,1016,1016,0,0,0,0,0,1,1,0,0,0,-250.9131781,0,0,0,0,3,1,1,10,10,0,0,0,3,1,1,10,1000,0,0,0,0,0,0,0,0,0,0,0,0,0,0,0,0,0,0,0,0,0,0,0,0,0,0,0,0,0,0,0,0,0,0,0,0,0,0,0,0,0,0,0,0,0,0,0,0,0,0,0
1986,28,0,55,59.887,2,7,1,0,0,0,1,1,25,1016,1016,1016,1016,0,0,0,0,0,1,1,0,0,0,-250.9566152,0,0,0,0,3,1,1,10,10,0,0,0,3,1,1,10,1000,0,0,0,0,0,0,0,0,0,0,0,0,0,0,0,0,0,0,0,0,0,0,0,0,0,0,0,0,0,0,0,0,0,0,0,0,0,0,0,0,0,0,0,0,0,0,0,0,0,0,0
1986,28,0,56,47.887,2,7,1,0,0,0,1,1,25,1016,1016,1016,1016,0,0,0,0,0,1,1,0,0,0,-251.0000523,0,0,0,0,3,1,1,10,10,0,0,0,3,1,1,10,1000,0,0,0,0,0,0,0,0,0,0,0,0,0,0,0,0,0,0,0,0,0,0,0,0,0,0,0,0,0,0,0,0,0,0,0,0,0,0,0,0,0,0,0,0,0,0,0,0,0,0,0
1986,28,0,57,35.887,2,7,1,0,0,0,1,1,25,1016,1016,1016,1016,0,0,0,0,0,1,1,0,0,0,-251.0434893,0,0,0,0,3,1,1,10,10,0,0,0,3,1,1,10,1000,0,0,0,0,0,0,0,0,0,0,0,0,0,0,0,0,0,0,0,0,0,0,0,0,0,0,0,0,0,0,0,0,0,0,0,0,0,0,0,0,0,0,0,0,0,0,0,0,0,0,0
1986,28,0,58,23.887,2,7,1,0,0,0,1,1,25,1016,1016,1016,1016,0,0,0,0,0,1,1,0,0,0,-251.0869262,0,0,0,0,3,1,1,10,10,0,0,0,3,1,1,10,1000,0,0,0,0,0,0,0,0,0,0,0,0,0,0,0,0,0,0,0,0,0,0,0,0,0,0,0,0,0,0,0,0,0,0,0,0,0,0,0,0,0,0,0,0,0,0,0,0,0,0,0
1986,28,0,59,11.887,2,7,1,0,0,0,1,1,25,1016,1016,1016,1016,0,0,0,0,0,1,1,0,0,0,-251.1303632,0,0,0,0,3,1,1,10,10,0,0,0,3,1,1,10,1000,0,0,0,0,0,0,0,0,0,0,0,0,0,0,0,0,0,0,0,0,0,0,0,0,0,0,0,0,0,0,0,0,0,0,0,0,0,0,0,0,0,0,0,0,0,0,0,0,0,0,0
1986,28,0,59,59.887,2,7,1,0,0,0,1,1,25,1016,1016,1016,1016,0,0,0,0,0,1,1,0,0,0,-251.1738001,0,0,0,0,3,1,1,10,10,0,0,0,3,1,1,10,1000,0,0,0,0,0,0,0,0,0,0,0,0,0,0,0,0,0,0,0,0,0,0,0,0,0,0,0,0,0,0,0,0,0,0,0,0,0,0,0,0,0,0,0,0,0,0,0,0,0,0,0
1986,28,1,0,47.887,2,7,1,0,0,0,1,1,25,1016,1016,1016,1016,0,0,0,0,0,1,1,0,0,0,-251.2172369,0,0,0,0,3,1,1,10,10,0,0,0,3,1,1,10,1000,0,0,0,0,0,0,0,0,0,0,0,0,0,0,0,0,0,0,0,0,0,0,0,0,0,0,0,0,0,0,0,0,0,0,0,0,0,0,0,0,0,0,0,0,0,0,0,0,0,0,0
1986,28,1,1,35.887,2,7,1,0,0,0,1,1,25,1016,1016,1016,1016,0,0,0,0,0,1,1,0,0,0,-251.2606737,0,0,0,0,3,1,1,10,10,0,0,0,3,1,1,10,1000,0,0,0,0,0,0,0,0,0,0,0,0,0,0,0,0,0,0,0,0,0,0,0,0,0,0,0,0,0,0,0,0,0,0,0,0,0,0,0,0,0,0,0,0,0,0,0,0,0,0,0
1986,28,1,2,23.887,2,7,1,0,0,0,1,1,25,1016,1016,1016,1016,0,0,0,0,0,1,1,0,0,0,-251.3041105,0,0,0,0,3,1,1,10,10,0,0,0,3,1,1,10,1000,0,0,0,0,0,0,0,0,0,0,0,0,0,0,0,0,0,0,0,0,0,0,0,0,0,0,0,0,0,0,0,0,0,0,0,0,0,0,0,0,0,0,0,0,0,0,0,0,0,0,0
1986,28,1,3,11.887,2,7,1,0,0,0,1,1,25,1016,1016,1016,1016,0,0,0,0,0,1,1,0,0,0,-251.3475472,0,0,0,0,3,1,1,10,10,0,0,0,3,1,1,10,1000,0,0,0,0,0,0,0,0,0,0,0,0,0,0,0,0,0,0,0,0,0,0,0,0,0,0,0,0,0,0,0,0,0,0,0,0,0,0,0,0,0,0,0,0,0,0,0,0,0,0,0
1986,28,1,6,23.887,2,7,1,0,0,0,1,1,25,1016,1016,1016,1016,0,0,0,0,0,1,1,0,0,0,-251.5212937,0,0,0,0,3,1,1,10,10,0,0,0,3,1,1,10,1000,0,0,0,0,0,0,0,0,0,0,0,0,0,0,0,0,0,0,0,0,0,0,0,0,0,0,0,0,0,0,0,0,0,0,0,0,0,0,0,0,0,0,0,0,0,0,0,0,0,0,0
1986,28,1,7,11.887,2,7,1,0,0,0,1,1,25,1016,1016,1016,1016,0,0,0,0,0,1,1,0,0,0,-251.5647302,0,0,0,0,3,1,1,10,10,0,0,0,3,1,1,10,1000,0,0,0,0,0,0,0,0,0,0,0,0,0,0,0,0,0,0,0,0,0,0,0,0,0,0,0,0,0,0,0,0,0,0,0,0,0,0,0,0,0,0,0,0,0,0,0,0,0,0,0
1986,28,1,7,59.887,2,7,1,0,0,0,1,1,25,1016,1016,1016,1016,0,0,0,0,0,1,1,0,0,0,-251.6081667,0,0,0,0,3,1,1,10,10,0,0,0,3,1,1,10,1000,0,0,0,0,0,0,0,0,0,0,0,0,0,0,0,0,0,0,0,0,0,0,0,0,0,0,0,0,0,0,0,0,0,0,0,0,0,0,0,0,0,0,0,0,0,0,0,0,0,0,0
1986,28,1,8,47.886,2,7,1,0,0,0,1,1,25,1016,1016,1016,1016,0,0,0,0,0,1,1,0,0,0,-251.6516022,0,0,0,0,3,1,1,10,10,0,0,0,3,1,1,10,1000,0,0,0,0,0,0,0,0,0,0,0,0,0,0,0,0,0,0,0,0,0,0,0,0,0,0,0,0,0,0,0,0,0,0,0,0,0,0,0,0,0,0,0,0,0,0,0,0,0,0,0
1986,28,1,9,35.886,2,7,1,0,0,0,1,1,25,1016,1016,1016,1016,0,0,0,0,0,1,1,0,0,0,-251.6950386,0,0,0,0,3,1,1,10,10,0,0,0,3,1,1,10,1000,0,0,0,0,0,0,0,0,0,0,0,0,0,0,0,0,0,0,0,0,0,0,0,0,0,0,0,0,0,0,0,0,0,0,0,0,0,0,0,0,0,0,0,0,0,0,0,0,0,0,0
1986,28,1,10,23.886,2,7,1,0,0,0,1,1,25,1016,1016,1016,1016,0,0,0,0,0,1,1,0,0,0,-251.7384749,0,0,0,0,3,1,1,10,10,0,0,0,3,1,1,10,1000,0,0,0,0,0,0,0,0,0,0,0,0,0,0,0,0,0,0,0,0,0,0,0,0,0,0,0,0,0,0,0,0,0,0,0,0,0,0,0,0,0,0,0,0,0,0,0,0,0,0,0
1986,28,1,11,11.886,2,7,1,0,0,0,1,1,25,1016,1016,1016,1016,0,0,0,0,0,1,1,0,0,0,-251.7819112,0,0,0,0,3,1,1,10,10,0,0,0,3,1,1,10,1000,0,0,0,0,0,0,0,0,0,0,0,0,0,0,0,0,0,0,0,0,0,0,0,0,0,0,0,0,0,0,0,0,0,0,0,0,0,0,0,0,0,0,0,0,0,0,0,0,0,0,0
1986,28,1,11,59.886,2,7,1,0,0,0,1,1,25,1016,1016,1016,1016,0,0,0,0,0,1,1,0,0,0,-251.8253475,0,0,0,0,3,1,1,10,10,0,0,0,3,1,1,10,1000,0,0,0,0,0,0,0,0,0,0,0,0,0,0,0,0,0,0,0,0,0,0,0,0,0,0,0,0,0,0,0,0,0,0,0,0,0,0,0,0,0,0,0,0,0,0,0,0,0,0,0
1986,28,1,12,47.886,2,7,1,0,0,0,1,1,25,1016,1016,1016,1016,0,0,0,0,0,1,1,0,0,0,-251.8687837,0,0,0,0,3,1,1,10,10,0,0,0,3,1,1,10,1000,0,0,0,0,0,0,0,0,0,0,0,0,0,0,0,0,0,0,0,0,0,0,0,0,0,0,0,0,0,0,0,0,0,0,0,0,0,0,0,0,0,0,0,0,0,0,0,0,0,0,0
1986,28,1,13,35.886,2,7,1,0,0,0,1,1,25,1016,1016,1016,1016,0,0,0,0,0,1,1,0,0,0,-251.9122199,0,0,0,0,3,1,1,10,10,0,0,0,3,1,1,10,1000,0,0,0,0,0,0,0,0,0,0,0,0,0,0,0,0,0,0,0,0,0,0,0,0,0,0,0,0,0,0,0,0,0,0,0,0,0,0,0,0,0,0,0,0,0,0,0,0,0,0,0
1986,28,1,14,23.886,2,7,1,0,0,0,1,1,25,1016,1016,1016,1016,0,0,0,0,0,1,1,0,0,0,-251.9556561,0,0,0,0,3,1,1,10,10,0,0,0,3,1,1,10,1000,0,0,0,0,0,0,0,0,0,0,0,0,0,0,0,0,0,0,0,0,0,0,0,0,0,0,0,0,0,0,0,0,0,0,0,0,0,0,0,0,0,0,0,0,0,0,0,0,0,0,0
1986,28,1,15,11.886,2,7,1,0,0,0,1,1,25,1016,1016,1016,1016,0,0,0,0,0,1,1,0,0,0,-251.9990922,0,0,0,0,3,1,1,10,10,0,0,0,3,1,1,10,1000,0,0,0,0,0,0,0,0,0,0,0,0,0,0,0,0,0,0,0,0,0,0,0,0,0,0,0,0,0,0,0,0,0,0,0,0,0,0,0,0,0,0,0,0,0,0,0,0,0,0,0
1986,28,1,18,23.886,2,7,1,0,0,0,1,1,25,1016,1016,1016,1016,0,0,0,0,0,1,1,0,0,0,-252.1728362,0,0,0,0,3,1,1,10,10,0,0,0,3,1,1,10,1000,0,0,0,0,0,0,0,0,0,0,0,0,0,0,0,0,0,0,0,0,0,0,0,0,0,0,0,0,0,0,0,0,0,0,0,0,0,0,0,0,0,0,0,0,0,0,0,0,0,0,0
1986,28,1,19,11.886,2,7,1,0,0,0,1,1,25,1016,1016,1016,1016,0,0,0,0,0,1,1,0,0,0,-252.2162721,0,0,0,0,3,1,1,10,10,0,0,0,3,1,1,10,1000,0,0,0,0,0,0,0,0,0,0,0,0,0,0,0,0,0,0,0,0,0,0,0,0,0,0,0,0,0,0,0,0,0,0,0,0,0,0,0,0,0,0,0,0,0,0,0,0,0,0,0
1986,28,1,19,59.886,2,7,1,0,0,0,1,1,25,1016,1016,1016,1016,0,0,0,0,0,1,1,0,0,0,-252.259708,0,0,0,0,3,1,1,10,10,0,0,0,3,1,1,10,1000,0,0,0,0,0,0,0,0,0,0,0,0,0,0,0,0,0,0,0,0,0,0,0,0,0,0,0,0,0,0,0,0,0,0,0,0,0,0,0,0,0,0,0,0,0,0,0,0,0,0,0
1986,28,1,20,47.886,2,7,1,0,0,0,1,1,25,1016,1016,1016,1016,0,0,0,0,0,1,1,0,0,0,-252.3031438,0,0,0,0,3,1,1,10,10,0,0,0,3,1,1,10,1000,0,0,0,0,0,0,0,0,0,0,0,0,0,0,0,0,0,0,0,0,0,0,0,0,0,0,0,0,0,0,0,0,0,0,0,0,0,0,0,0,0,0,0,0,0,0,0,0,0,0,0
1986,28,1,21,35.886,2,7,1,0,0,0,1,1,25,1016,1016,1016,1016,0,0,0,0,0,1,1,0,0,0,-252.3465796,0,0,0,0,3,1,1,10,10,0,0,0,3,1,1,10,1000,0,0,0,0,0,0,0,0,0,0,0,0,0,0,0,0,0,0,0,0,0,0,0,0,0,0,0,0,0,0,0,0,0,0,0,0,0,0,0,0,0,0,0,0,0,0,0,0,0,0,0
1986,28,1,22,23.886,2,7,1,0,0,0,1,1,25,1016,1016,1016,1016,0,0,0,0,0,1,1,0,0,0,-252.3900153,0,0,0,0,3,1,1,10,10,0,0,0,3,1,1,10,1000,0,0,0,0,0,0,0,0,0,0,0,0,0,0,0,0,0,0,0,0,0,0,0,0,0,0,0,0,0,0,0,0,0,0,0,0,0,0,0,0,0,0,0,0,0,0,0,0,0,0,0
1986,28,1,23,59.885,2,7,1,0,0,0,1,1,25,1016,1016,1016,1016,0,0,0,0,0,1,1,0,0,0,-252.4768857,0,0,0,0,3,1,1,10,10,0,0,0,3,1,1,10,1000,0,0,0,0,0,0,0,0,0,0,0,0,0,0,0,0,0,0,0,0,0,0,0,0,0,0,0,0,0,0,0,0,0,0,0,0,0,0,0,0,0,0,0,0,0,0,0,0,0,0,0
1986,28,1,24,47.885,2,7,1,0,0,0,1,1,25,1016,1016,1016,1016,0,0,0,0,0,1,1,0,0,0,-252.5203214,0,0,0,0,3,1,1,10,10,0,0,0,3,1,1,10,1000,0,0,0,0,0,0,0,0,0,0,0,0,0,0,0,0,0,0,0,0,0,0,0,0,0,0,0,0,0,0,0,0,0,0,0,0,0,0,0,0,0,0,0,0,0,0,0,0,0,0,0
1986,28,1,25,35.885,2,7,1,0,0,0,1,1,25,1016,1016,1016,1016,0,0,0,0,0,1,1,0,0,0,-252.5637569,0,0,0,0,3,1,1,10,10,0,0,0,3,1,1,10,1000,0,0,0,0,0,0,0,0,0,0,0,0,0,0,0,0,0,0,0,0,0,0,0,0,0,0,0,0,0,0,0,0,0,0,0,0,0,0,0,0,0,0,0,0,0,0,0,0,0,0,0
1986,28,1,26,23.885,2,7,1,0,0,0,1,1,25,1016,1016,1016,1016,0,0,0,0,0,1,1,0,0,0,-252.6071925,0,0,0,0,3,1,1,10,10,0,0,0,3,1,1,10,1000,0,0,0,0,0,0,0,0,0,0,0,0,0,0,0,0,0,0,0,0,0,0,0,0,0,0,0,0,0,0,0,0,0,0,0,0,0,0,0,0,0,0,0,0,0,0,0,0,0,0,0
1986,28,1,27,11.885,2,7,1,0,0,0,1,1,25,1016,1016,1016,1016,0,0,0,0,0,1,1,0,0,0,-252.650628,0,0,0,0,3,1,1,10,10,0,0,0,3,1,1,10,1000,0,0,0,0,0,0,0,0,0,0,0,0,0,0,0,0,0,0,0,0,0,0,0,0,0,0,0,0,0,0,0,0,0,0,0,0,0,0,0,0,0,0,0,0,0,0,0,0,0,0,0
1986,28,1,30,23.885,2,7,1,0,0,0,1,1,25,1016,1016,1016,1016,0,0,0,0,0,1,1,0,0,0,-252.8243695,0,0,0,0,3,1,1,10,10,0,0,0,3,1,1,10,1000,0,0,0,0,0,0,0,0,0,0,0,0,0,0,0,0,0,0,0,0,0,0,0,0,0,0,0,0,0,0,0,0,0,0,0,0,0,0,0,0,0,0,0,0,0,0,0,0,0,0,0
1986,28,1,31,11.885,2,7,1,0,0,0,1,1,25,1016,1016,1016,1016,0,0,0,0,0,1,1,0,0,0,-252.8678048,0,0,0,0,3,1,1,10,10,0,0,0,3,1,1,10,1000,0,0,0,0,0,0,0,0,0,0,0,0,0,0,0,0,0,0,0,0,0,0,0,0,0,0,0,0,0,0,0,0,0,0,0,0,0,0,0,0,0,0,0,0,0,0,0,0,0,0,0
1986,28,1,31,59.885,2,7,1,0,0,0,1,1,25,1016,1016,1016,1016,0,0,0,0,0,1,1,0,0,0,-252.9112401,0,0,0,0,3,1,1,10,10,0,0,0,3,1,1,10,1000,0,0,0,0,0,0,0,0,0,0,0,0,0,0,0,0,0,0,0,0,0,0,0,0,0,0,0,0,0,0,0,0,0,0,0,0,0,0,0,0,0,0,0,0,0,0,0,0,0,0,0
1986,28,1,32,47.885,2,7,1,0,0,0,1,1,25,1016,1016,1016,1016,0,0,0,0,0,1,1,0,0,0,-252.9546753,0,0,0,0,3,1,1,10,10,0,0,0,3,1,1,10,1000,0,0,0,0,0,0,0,0,0,0,0,0,0,0,0,0,0,0,0,0,0,0,0,0,0,0,0,0,0,0,0,0,0,0,0,0,0,0,0,0,0,0,0,0,0,0,0,0,0,0,0
1986,28,1,33,35.885,2,7,1,0,0,0,1,1,25,1016,1016,1016,1016,0,0,0,0,0,1,1,0,0,0,-252.9981104,0,0,0,0,3,1,1,10,10,0,0,0,3,1,1,10,1000,0,0,0,0,0,0,0,0,0,0,0,0,0,0,0,0,0,0,0,0,0,0,0,0,0,0,0,0,0,0,0,0,0,0,0,0,0,0,0,0,0,0,0,0,0,0,0,0,0,0,0
1986,28,1,34,23.885,2,7,1,0,0,0,1,1,25,1016,1016,1016,1016,0,0,0,0,0,1,1,0,0,0,-253.0415456,0,0,0,0,3,1,1,10,10,0,0,0,3,1,1,10,1000,0,0,0,0,0,0,0,0,0,0,0,0,0,0,0,0,0,0,0,0,0,0,0,0,0,0,0,0,0,0,0,0,0,0,0,0,0,0,0,0,0,0,0,0,0,0,0,0,0,0,0
1986,28,1,35,11.885,2,7,1,0,0,0,1,1,25,1016,1016,1016,1016,0,0,0,0,0,1,1,0,0,0,-253.0849806,0,0,0,0,3,1,1,10,10,0,0,0,3,1,1,10,1000,0,0,0,0,0,0,0,0,0,0,0,0,0,0,0,0,0,0,0,0,0,0,0,0,0,0,0,0,0,0,0,0,0,0,0,0,0,0,0,0,0,0,0,0,0,0,0,0,0,0,0
1986,28,1,35,59.885,2,7,1,0,0,0,1,1,25,1016,1016,1016,1016,0,0,0,0,0,1,1,0,0,0,-253.1284157,0,0,0,0,3,1,1,10,10,0,0,0,3,1,1,10,1000,0,0,0,0,0,0,0,0,0,0,0,0,0,0,0,0,0,0,0,0,0,0,0,0,0,0,0,0,0,0,0,0,0,0,0,0,0,0,0,0,0,0,0,0,0,0,0,0,0,0,0
1986,28,1,36,47.885,2,7,1,0,0,0,1,1,25,1016,1016,1016,1016,0,0,0,0,0,1,1,0,0,0,-253.1718507,0,0,0,0,3,1,1,10,10,0,0,0,3,1,1,10,1000,0,0,0,0,0,0,0,0,0,0,0,0,0,0,0,0,0,0,0,0,0,0,0,0,0,0,0,0,0,0,0,0,0,0,0,0,0,0,0,0,0,0,0,0,0,0,0,0,0,0,0
1986,28,1,37,35.885,2,7,1,0,0,0,1,1,25,1016,1016,1016,1016,0,0,0,0,0,1,1,0,0,0,-253.2152857,0,0,0,0,3,1,1,10,10,0,0,0,3,1,1,10,1000,0,0,0,0,0,0,0,0,0,0,0,0,0,0,0,0,0,0,0,0,0,0,0,0,0,0,0,0,0,0,0,0,0,0,0,0,0,0,0,0,0,0,0,0,0,0,0,0,0,0,0
1986,28,1,38,23.885,2,7,1,0,0,0,1,1,25,1016,1016,1016,1016,0,0,0,0,0,1,1,0,0,0,-253.2587206,0,0,0,0,3,1,1,10,10,0,0,0,3,1,1,10,1000,0,0,0,0,0,0,0,0,0,0,0,0,0,0,0,0,0,0,0,0,0,0,0,0,0,0,0,0,0,0,0,0,0,0,0,0,0,0,0,0,0,0,0,0,0,0,0,0,0,0,0
1986,28,1,39,11.884,2,7,1,0,0,0,1,1,25,1016,1016,1016,1016,0,0,0,0,0,1,1,0,0,0,-253.3021546,0,0,0,0,3,1,1,10,10,0,0,0,3,1,1,10,1000,0,0,0,0,0,0,0,0,0,0,0,0,0,0,0,0,0,0,0,0,0,0,0,0,0,0,0,0,0,0,0,0,0,0,0,0,0,0,0,0,0,0,0,0,0,0,0,0,0,0,0
1986,28,1,42,23.884,2,7,1,0,0,0,1,1,25,1016,1016,1016,1016,0,0,0,0,0,1,1,0,0,0,-253.4758937,0,0,0,0,3,1,1,10,10,0,0,0,3,1,1,10,1000,0,0,0,0,0,0,0,0,0,0,0,0,0,0,0,0,0,0,0,0,0,0,0,0,0,0,0,0,0,0,0,0,0,0,0,0,0,0,0,0,0,0,0,0,0,0,0,0,0,0,0
1986,28,1,43,11.884,2,7,1,0,0,0,1,1,25,1016,1016,1016,1016,0,0,0,0,0,1,1,0,0,0,-253.5193284,0,0,0,0,3,1,1,10,10,0,0,0,3,1,1,10,1000,0,0,0,0,0,0,0,0,0,0,0,0,0,0,0,0,0,0,0,0,0,0,0,0,0,0,0,0,0,0,0,0,0,0,0,0,0,0,0,0,0,0,0,0,0,0,0,0,0,0,0
1986,28,1,43,59.884,2,7,1,0,0,0,1,1,25,1016,1016,1016,1016,0,0,0,0,0,1,1,0,0,0,-253.562763,0,0,0,0,3,1,1,10,10,0,0,0,3,1,1,10,1000,0,0,0,0,0,0,0,0,0,0,0,0,0,0,0,0,0,0,0,0,0,0,0,0,0,0,0,0,0,0,0,0,0,0,0,0,0,0,0,0,0,0,0,0,0,0,0,0,0,0,0
1986,28,1,44,47.884,2,7,1,0,0,0,1,1,25,1016,1016,1016,1016,0,0,0,0,0,1,1,0,0,0,-253.6061976,0,0,0,0,3,1,1,10,10,0,0,0,3,1,1,10,1000,0,0,0,0,0,0,0,0,0,0,0,0,0,0,0,0,0,0,0,0,0,0,0,0,0,0,0,0,0,0,0,0,0,0,0,0,0,0,0,0,0,0,0,0,0,0,0,0,0,0,0
1986,28,1,45,35.884,2,7,1,0,0,0,1,1,25,1016,1016,1016,1016,0,0,0,0,0,1,1,0,0,0,-253.6496322,0,0,0,0,3,1,1,10,10,0,0,0,3,1,1,10,1000,0,0,0,0,0,0,0,0,0,0,0,0,0,0,0,0,0,0,0,0,0,0,0,0,0,0,0,0,0,0,0,0,0,0,0,0,0,0,0,0,0,0,0,0,0,0,0,0,0,0,0
1986,28,1,46,23.884,2,7,1,0,0,0,1,1,25,1016,1016,1016,1016,0,0,0,0,0,1,1,0,0,0,-253.6930667,0,0,0,0,3,1,1,10,10,0,0,0,3,1,1,10,1000,0,0,0,0,0,0,0,0,0,0,0,0,0,0,0,0,0,0,0,0,0,0,0,0,0,0,0,0,0,0,0,0,0,0,0,0,0,0,0,0,0,0,0,0,0,0,0,0,0,0,0
1986,28,1,47,11.884,2,7,1,0,0,0,1,1,25,1016,1016,1016,1016,0,0,0,0,0,1,1,0,0,0,-253.7365011,0,0,0,0,3,1,1,10,10,0,0,0,3,1,1,10,1000,0,0,0,0,0,0,0,0,0,0,0,0,0,0,0,0,0,0,0,0,0,0,0,0,0,0,0,0,0,0,0,0,0,0,0,0,0,0,0,0,0,0,0,0,0,0,0,0,0,0,0
1986,28,1,47,59.884,2,7,1,0,0,0,1,1,25,1016,1016,1016,1016,0,0,0,0,0,1,1,0,0,0,-253.7799356,0,0,0,0,3,1,1,10,10,0,0,0,3,1,1,10,1000,0,0,0,0,0,0,0,0,0,0,0,0,0,0,0,0,0,0,0,0,0,0,0,0,0,0,0,0,0,0,0,0,0,0,0,0,0,0,0,0,0,0,0,0,0,0,0,0,0,0,0
1986,28,1,48,47.884,2,7,1,0,0,0,1,1,25,1016,1016,1016,1016,0,0,0,0,0,1,1,0,0,0,-253.82337,0,0,0,0,3,1,1,10,10,0,0,0,3,1,1,10,1000,0,0,0,0,0,0,0,0,0,0,0,0,0,0,0,0,0,0,0,0,0,0,0,0,0,0,0,0,0,0,0,0,0,0,0,0,0,0,0,0,0,0,0,0,0,0,0,0,0,0,0
1986,28,1,49,35.884,2,7,1,0,0,0,1,1,25,1016,1016,1016,1016,0,0,0,0,0,1,1,0,0,0,-253.8668043,0,0,0,0,3,1,1,10,10,0,0,0,3,1,1,10,1000,0,0,0,0,0,0,0,0,0,0,0,0,0,0,0,0,0,0,0,0,0,0,0,0,0,0,0,0,0,0,0,0,0,0,0,0,0,0,0,0,0,0,0,0,0,0,0,0,0,0,0
1986,28,1,50,23.884,2,7,1,0,0,0,1,1,25,1016,1016,1016,1016,0,0,0,0,0,1,1,0,0,0,-253.9102387,0,0,0,0,3,1,1,10,10,0,0,0,3,1,1,10,1000,0,0,0,0,0,0,0,0,0,0,0,0,0,0,0,0,0,0,0,0,0,0,0,0,0,0,0,0,0,0,0,0,0,0,0,0,0,0,0,0,0,0,0,0,0,0,0,0,0,0,0
1986,28,1,51,11.884,2,7,1,0,0,0,1,1,25,1016,1016,1016,1016,0,0,0,0,0,1,1,0,0,0,-253.9536729,0,0,0,0,3,1,1,10,10,0,0,0,3,1,1,10,1000,0,0,0,0,0,0,0,0,0,0,0,0,0,0,0,0,0,0,0,0,0,0,0,0,0,0,0,0,0,0,0,0,0,0,0,0,0,0,0,0,0,0,0,0,0,0,0,0,0,0,0
1986,28,1,54,23.883,2,7,1,0,0,0,1,1,25,1016,1016,1016,1016,0,0,0,0,0,1,1,0,0,0,-254.1274087,0,0,0,0,3,1,1,10,10,0,0,0,3,1,1,10,1000,0,0,0,0,0,0,0,0,0,0,0,0,0,0,0,0,0,0,0,0,0,0,0,0,0,0,0,0,0,0,0,0,0,0,0,0,0,0,0,0,0,0,0,0,0,0,0,0,0,0,0
1986,28,1,55,11.883,2,7,1,0,0,0,1,1,25,1016,1016,1016,1016,0,0,0,0,0,1,1,0,0,0,-254.1708428,0,0,0,0,3,1,1,10,10,0,0,0,3,1,1,10,1000,0,0,0,0,0,0,0,0,0,0,0,0,0,0,0,0,0,0,0,0,0,0,0,0,0,0,0,0,0,0,0,0,0,0,0,0,0,0,0,0,0,0,0,0,0,0,0,0,0,0,0
1986,28,1,55,59.883,2,7,1,0,0,0,1,1,25,1016,1016,1016,1016,0,0,0,0,0,1,1,0,0,0,-254.2142768,0,0,0,0,3,1,1,10,10,0,0,0,3,1,1,10,1000,0,0,0,0,0,0,0,0,0,0,0,0,0,0,0,0,0,0,0,0,0,0,0,0,0,0,0,0,0,0,0,0,0,0,0,0,0,0,0,0,0,0,0,0,0,0,0,0,0,0,0
1986,28,1,56,47.883,2,7,1,0,0,0,1,1,25,1016,1016,1016,1016,0,0,0,0,0,1,1,0,0,0,-254.2577108,0,0,0,0,3,1,1,10,10,0,0,0,3,1,1,10,1000,0,0,0,0,0,0,0,0,0,0,0,0,0,0,0,0,0,0,0,0,0,0,0,0,0,0,0,0,0,0,0,0,0,0,0,0,0,0,0,0,0,0,0,0,0,0,0,0,0,0,0
1986,28,1,57,35.883,2,7,1,0,0,0,1,1,25,1016,1016,1016,1016,0,0,0,0,0,1,1,0,0,0,-254.3011448,0,0,0,0,3,1,1,10,10,0,0,0,3,1,1,10,1000,0,0,0,0,0,0,0,0,0,0,0,0,0,0,0,0,0,0,0,0,0,0,0,0,0,0,0,0,0,0,0,0,0,0,0,0,0,0,0,0,0,0,0,0,0,0,0,0,0,0,0
1986,28,1,58,23.883,2,7,1,0,0,0,1,1,25,1016,1016,1016,1016,0,0,0,0,0,1,1,0,0,0,-254.3445787,0,0,0,0,3,1,1,10,10,0,0,0,3,1,1,10,1000,0,0,0,0,0,0,0,0,0,0,0,0,0,0,0,0,0,0,0,0,0,0,0,0,0,0,0,0,0,0,0,0,0,0,0,0,0,0,0,0,0,0,0,0,0,0,0,0,0,0,0
1986,28,1,59,11.883,2,7,1,0,0,0,1,1,25,1016,1016,1016,1016,0,0,0,0,0,1,1,0,0,0,-254.3880125,0,0,0,0,3,1,1,10,10,0,0,0,3,1,1,10,1000,0,0,0,0,0,0,0,0,0,0,0,0,0,0,0,0,0,0,0,0,0,0,0,0,0,0,0,0,0,0,0,0,0,0,0,0,0,0,0,0,0,0,0,0,0,0,0,0,0,0,0
1986,28,1,59,59.883,2,7,1,0,0,0,1,1,25,1016,1016,1016,1016,0,0,0,0,0,1,1,0,0,0,-254.4314464,0,0,0,0,3,1,1,10,10,0,0,0,3,1,1,10,1000,0,0,0,0,0,0,0,0,0,0,0,0,0,0,0,0,0,0,0,0,0,0,0,0,0,0,0,0,0,0,0,0,0,0,0,0,0,0,0,0,0,0,0,0,0,0,0,0,0,0,0
1986,28,2,0,47.883,2,7,1,0,0,0,1,1,25,1016,1016,1016,1016,0,0,0,0,0,1,1,0,0,0,-254.4748802,0,0,0,0,3,1,1,10,10,0,0,0,3,1,1,10,1000,0,0,0,0,0,0,0,0,0,0,0,0,0,0,0,0,0,0,0,0,0,0,0,0,0,0,0,0,0,0,0,0,0,0,0,0,0,0,0,0,0,0,0,0,0,0,0,0,0,0,0
1986,28,2,1,35.883,2,7,1,0,0,0,1,1,25,1016,1016,1016,1016,0,0,0,0,0,1,1,0,0,0,-254.5183139,0,0,0,0,3,1,1,10,10,0,0,0,3,1,1,10,1000,0,0,0,0,0,0,0,0,0,0,0,0,0,0,0,0,0,0,0,0,0,0,0,0,0,0,0,0,0,0,0,0,0,0,0,0,0,0,0,0,0,0,0,0,0,0,0,0,0,0,0
1986,28,2,2,23.883,2,7,1,0,0,0,1,1,25,1016,1016,1016,1016,0,0,0,0,0,1,1,0,0,0,-254.5617476,0,0,0,0,3,1,1,10,10,0,0,0,3,1,1,10,1000,0,0,0,0,0,0,0,0,0,0,0,0,0,0,0,0,0,0,0,0,0,0,0,0,0,0,0,0,0,0,0,0,0,0,0,0,0,0,0,0,0,0,0,0,0,0,0,0,0,0,0
1986,28,2,3,11.883,2,7,1,0,0,0,1,1,25,1016,1016,1016,1016,0,0,0,0,0,1,1,0,0,0,-254.6051813,0,0,0,0,3,1,1,10,10,0,0,0,3,1,1,10,1000,0,0,0,0,0,0,0,0,0,0,0,0,0,0,0,0,0,0,0,0,0,0,0,0,0,0,0,0,0,0,0,0,0,0,0,0,0,0,0,0,0,0,0,0,0,0,0,0,0,0,0
1986,28,2,6,23.883,2,7,1,0,0,0,1,1,25,1016,1016,1016,1016,0,0,0,0,0,1,1,0,0,0,-254.7789156,0,0,0,0,3,1,1,10,10,0,0,0,3,1,1,10,1000,0,0,0,0,0,0,0,0,0,0,0,0,0,0,0,0,0,0,0,0,0,0,0,0,0,0,0,0,0,0,0,0,0,0,0,0,0,0,0,0,0,0,0,0,0,0,0,0,0,0,0
1986,28,2,7,11.883,2,7,1,0,0,0,1,1,25,1016,1016,1016,1016,0,0,0,0,0,1,1,0,0,0,-254.822349,0,0,0,0,3,1,1,10,10,0,0,0,3,1,1,10,1000,0,0,0,0,0,0,0,0,0,0,0,0,0,0,0,0,0,0,0,0,0,0,0,0,0,0,0,0,0,0,0,0,0,0,0,0,0,0,0,0,0,0,0,0,0,0,0,0,0,0,0
1986,28,2,7,59.883,2,7,1,0,0,0,1,1,25,1016,1016,1016,1016,0,0,0,0,0,1,1,0,0,0,-254.8657825,0,0,0,0,3,1,1,10,10,0,0,0,3,1,1,10,1000,0,0,0,0,0,0,0,0,0,0,0,0,0,0,0,0,0,0,0,0,0,0,0,0,0,0,0,0,0,0,0,0,0,0,0,0,0,0,0,0,0,0,0,0,0,0,0,0,0,0,0
1986,28,2,8,47.883,2,7,1,0,0,0,1,1,25,1016,1016,1016,1016,0,0,0,0,0,1,1,0,0,0,-254.9092158,0,0,0,0,3,1,1,10,10,0,0,0,3,1,1,10,1000,0,0,0,0,0,0,0,0,0,0,0,0,0,0,0,0,0,0,0,0,0,0,0,0,0,0,0,0,0,0,0,0,0,0,0,0,0,0,0,0,0,0,0,0,0,0,0,0,0,0,0
1986,28,2,9,35.882,2,7,1,0,0,0,1,1,25,1016,1016,1016,1016,0,0,0,0,0,1,1,0,0,0,-254.9526483,0,0,0,0,3,1,1,10,10,0,0,0,3,1,1,10,1000,0,0,0,0,0,0,0,0,0,0,0,0,0,0,0,0,0,0,0,0,0,0,0,0,0,0,0,0,0,0,0,0,0,0,0,0,0,0,0,0,0,0,0,0,0,0,0,0,0,0,0
1986,28,2,10,23.882,2,7,1,0,0,0,1,1,25,1016,1016,1016,1016,0,0,0,0,0,1,1,0,0,0,-254.9960816,0,0,0,0,3,1,1,10,10,0,0,0,3,1,1,10,1000,0,0,0,0,0,0,0,0,0,0,0,0,0,0,0,0,0,0,0,0,0,0,0,0,0,0,0,0,0,0,0,0,0,0,0,0,0,0,0,0,0,0,0,0,0,0,0,0,0,0,0
1986,28,2,11,11.882,2,7,1,0,0,0,1,1,25,1016,1016,1016,1016,0,0,0,0,0,1,1,0,0,0,-255.0395149,0,0,0,0,3,1,1,10,10,0,0,0,3,1,1,10,1000,0,0,0,0,0,0,0,0,0,0,0,0,0,0,0,0,0,0,0,0,0,0,0,0,0,0,0,0,0,0,0,0,0,0,0,0,0,0,0,0,0,0,0,0,0,0,0,0,0,0,0
1986,28,2,11,59.882,2,7,1,0,0,0,1,1,25,1016,1016,1016,1016,0,0,0,0,0,1,1,0,0,0,-255.0829481,0,0,0,0,3,1,1,10,10,0,0,0,3,1,1,10,1000,0,0,0,0,0,0,0,0,0,0,0,0,0,0,0,0,0,0,0,0,0,0,0,0,0,0,0,0,0,0,0,0,0,0,0,0,0,0,0,0,0,0,0,0,0,0,0,0,0,0,0
1986,28,2,13,35.882,2,7,1,0,0,0,1,1,25,1016,1016,1016,1016,0,0,0,0,0,1,1,0,0,0,-255.1698144,0,0,0,0,3,1,1,10,10,0,0,0,3,1,1,10,1000,0,0,0,0,0,0,0,0,0,0,0,0,0,0,0,0,0,0,0,0,0,0,0,0,0,0,0,0,0,0,0,0,0,0,0,0,0,0,0,0,0,0,0,0,0,0,0,0,0,0,0
1986,28,2,14,23.882,2,7,1,0,0,0,1,1,25,1016,1016,1016,1016,0,0,0,0,0,1,1,0,0,0,-255.2132475,0,0,0,0,3,1,1,10,10,0,0,0,3,1,1,10,1000,0,0,0,0,0,0,0,0,0,0,0,0,0,0,0,0,0,0,0,0,0,0,0,0,0,0,0,0,0,0,0,0,0,0,0,0,0,0,0,0,0,0,0,0,0,0,0,0,0,0,0
1986,28,2,15,11.882,2,7,1,0,0,0,1,1,25,1016,1016,1016,1016,0,0,0,0,0,1,1,0,0,0,-255.2566806,0,0,0,0,3,1,1,10,10,0,0,0,3,1,1,10,1000,0,0,0,0,0,0,0,0,0,0,0,0,0,0,0,0,0,0,0,0,0,0,0,0,0,0,0,0,0,0,0,0,0,0,0,0,0,0,0,0,0,0,0,0,0,0,0,0,0,0,0
1986,28,2,18,23.882,2,7,1,0,0,0,1,1,25,1016,1016,1016,1016,0,0,0,0,0,1,1,0,0,0,-255.4304125,0,0,0,0,3,1,1,10,10,0,0,0,3,1,1,10,1000,0,0,0,0,0,0,0,0,0,0,0,0,0,0,0,0,0,0,0,0,0,0,0,0,0,0,0,0,0,0,0,0,0,0,0,0,0,0,0,0,0,0,0,0,0,0,0,0,0,0,0
1986,28,2,19,11.882,2,7,1,0,0,0,1,1,25,1016,1016,1016,1016,0,0,0,0,0,1,1,0,0,0,-255.4738453,0,0,0,0,3,1,1,10,10,0,0,0,3,1,1,10,1000,0,0,0,0,0,0,0,0,0,0,0,0,0,0,0,0,0,0,0,0,0,0,0,0,0,0,0,0,0,0,0,0,0,0,0,0,0,0,0,0,0,0,0,0,0,0,0,0,0,0,0
1986,28,2,19,59.882,2,7,1,0,0,0,1,1,25,1016,1016,1016,1016,0,0,0,0,0,1,1,0,0,0,-255.5172781,0,0,0,0,3,1,1,10,10,0,0,0,3,1,1,10,1000,0,0,0,0,0,0,0,0,0,0,0,0,0,0,0,0,0,0,0,0,0,0,0,0,0,0,0,0,0,0,0,0,0,0,0,0,0,0,0,0,0,0,0,0,0,0,0,0,0,0,0
1986,28,2,20,47.882,2,7,1,0,0,0,1,1,25,1016,1016,1016,1016,0,0,0,0,0,1,1,0,0,0,-255.5607109,0,0,0,0,3,1,1,10,10,0,0,0,3,1,1,10,1000,0,0,0,0,0,0,0,0,0,0,0,0,0,0,0,0,0,0,0,0,0,0,0,0,0,0,0,0,0,0,0,0,0,0,0,0,0,0,0,0,0,0,0,0,0,0,0,0,0,0,0
1986,28,2,21,35.882,2,7,1,0,0,0,1,1,25,1016,1016,1016,1016,0,0,0,0,0,1,1,0,0,0,-255.6041437,0,0,0,0,3,1,1,10,10,0,0,0,3,1,1,10,1000,0,0,0,0,0,0,0,0,0,0,0,0,0,0,0,0,0,0,0,0,0,0,0,0,0,0,0,0,0,0,0,0,0,0,0,0,0,0,0,0,0,0,0,0,0,0,0,0,0,0,0
1986,28,2,22,23.882,2,7,1,0,0,0,1,1,25,1016,1016,1016,1016,0,0,0,0,0,1,1,0,0,0,-255.6475764,0,0,0,0,3,1,1,10,10,0,0,0,3,1,1,10,1000,0,0,0,0,0,0,0,0,0,0,0,0,0,0,0,0,0,0,0,0,0,0,0,0,0,0,0,0,0,0,0,0,0,0,0,0,0,0,0,0,0,0,0,0,0,0,0,0,0,0,0
1986,28,2,23,11.882,2,7,1,0,0,0,1,1,25,1016,1016,1016,1016,0,0,0,0,0,1,1,0,0,0,-255.691009,0,0,0,0,3,1,1,10,10,0,0,0,3,1,1,10,1000,0,0,0,0,0,0,0,0,0,0,0,0,0,0,0,0,0,0,0,0,0,0,0,0,0,0,0,0,0,0,0,0,0,0,0,0,0,0,0,0,0,0,0,0,0,0,0,0,0,0,0
1986,28,2,24,47.881,2,7,1,0,0,0,1,1,25,1016,1016,1016,1016,0,0,0,0,0,1,1,0,0,0,-255.7778734,0,0,0,0,3,1,1,10,10,0,0,0,3,1,1,10,1000,0,0,0,0,0,0,0,0,0,0,0,0,0,0,0,0,0,0,0,0,0,0,0,0,0,0,0,0,0,0,0,0,0,0,0,0,0,0,0,0,0,0,0,0,0,0,0,0,0,0,0
1986,28,2,25,35.881,2,7,1,0,0,0,1,1,25,1016,1016,1016,1016,0,0,0,0,0,1,1,0,0,0,-255.8213059,0,0,0,0,3,1,1,10,10,0,0,0,3,1,1,10,1000,0,0,0,0,0,0,0,0,0,0,0,0,0,0,0,0,0,0,0,0,0,0,0,0,0,0,0,0,0,0,0,0,0,0,0,0,0,0,0,0,0,0,0,0,0,0,0,0,0,0,0
1986,28,2,26,23.881,2,7,1,0,0,0,1,1,25,1016,1016,1016,1016,0,0,0,0,0,1,1,0,0,0,-255.8647384,0,0,0,0,3,1,1,10,10,0,0,0,3,1,1,10,1000,0,0,0,0,0,0,0,0,0,0,0,0,0,0,0,0,0,0,0,0,0,0,0,0,0,0,0,0,0,0,0,0,0,0,0,0,0,0,0,0,0,0,0,0,0,0,0,0,0,0,0
1986,28,2,30,23.881,2,7,1,0,0,0,1,1,25,1016,1016,1016,1016,0,0,0,0,0,1,1,0,0,0,-256.0819003,0,0,0,0,3,1,1,10,10,0,0,0,3,1,1,10,1000,0,0,0,0,0,0,0,0,0,0,0,0,0,0,0,0,0,0,0,0,0,0,0,0,0,0,0,0,0,0,0,0,0,0,0,0,0,0,0,0,0,0,0,0,0,0,0,0,0,0,0
1986,28,2,31,11.881,2,7,1,0,0,0,1,1,25,1016,1016,1016,1016,0,0,0,0,0,1,1,0,0,0,-256.1253326,0,0,0,0,3,1,1,10,10,0,0,0,3,1,1,10,1000,0,0,0,0,0,0,0,0,0,0,0,0,0,0,0,0,0,0,0,0,0,0,0,0,0,0,0,0,0,0,0,0,0,0,0,0,0,0,0,0,0,0,0,0,0,0,0,0,0,0,0
1986,28,2,31,59.881,2,7,1,0,0,0,1,1,25,1016,1016,1016,1016,0,0,0,0,0,1,1,0,0,0,-256.1687648,0,0,0,0,3,1,1,10,10,0,0,0,3,1,1,10,1000,0,0,0,0,0,0,0,0,0,0,0,0,0,0,0,0,0,0,0,0,0,0,0,0,0,0,0,0,0,0,0,0,0,0,0,0,0,0,0,0,0,0,0,0,0,0,0,0,0,0,0
1986,28,2,32,47.881,2,7,1,0,0,0,1,1,25,1016,1016,1016,1016,0,0,0,0,0,1,1,0,0,0,-256.212197,0,0,0,0,3,1,1,10,10,0,0,0,3,1,1,10,1000,0,0,0,0,0,0,0,0,0,0,0,0,0,0,0,0,0,0,0,0,0,0,0,0,0,0,0,0,0,0,0,0,0,0,0,0,0,0,0,0,0,0,0,0,0,0,0,0,0,0,0
1986,28,2,33,35.881,2,7,1,0,0,0,1,1,25,1016,1016,1016,1016,0,0,0,0,0,1,1,0,0,0,-256.2556292,0,0,0,0,3,1,1,10,10,0,0,0,3,1,1,10,1000,0,0,0,0,0,0,0,0,0,0,0,0,0,0,0,0,0,0,0,0,0,0,0,0,0,0,0,0,0,0,0,0,0,0,0,0,0,0,0,0,0,0,0,0,0,0,0,0,0,0,0
1986,28,2,34,23.881,2,7,1,0,0,0,1,1,25,1016,1016,1016,1016,0,0,0,0,0,1,1,0,0,0,-256.2990613,0,0,0,0,3,1,1,10,10,0,0,0,3,1,1,10,1000,0,0,0,0,0,0,0,0,0,0,0,0,0,0,0,0,0,0,0,0,0,0,0,0,0,0,0,0,0,0,0,0,0,0,0,0,0,0,0,0,0,0,0,0,0,0,0,0,0,0,0
1986,28,2,35,11.881,2,7,1,0,0,0,1,1,25,1016,1016,1016,1016,0,0,0,0,0,1,1,0,0,0,-256.3424933,0,0,0,0,3,1,1,10,10,0,0,0,3,1,1,10,1000,0,0,0,0,0,0,0,0,0,0,0,0,0,0,0,0,0,0,0,0,0,0,0,0,0,0,0,0,0,0,0,0,0,0,0,0,0,0,0,0,0,0,0,0,0,0,0,0,0,0,0
1986,28,2,35,59.881,2,7,1,0,0,0,1,1,25,1016,1016,1016,1016,0,0,0,0,0,1,1,0,0,0,-256.3859254,0,0,0,0,3,1,1,10,10,0,0,0,3,1,1,10,1000,0,0,0,0,0,0,0,0,0,0,0,0,0,0,0,0,0,0,0,0,0,0,0,0,0,0,0,0,0,0,0,0,0,0,0,0,0,0,0,0,0,0,0,0,0,0,0,0,0,0,0
1986,28,2,36,47.881,2,7,1,0,0,0,1,1,25,1016,1016,1016,1016,0,0,0,0,0,1,1,0,0,0,-256.4293573,0,0,0,0,3,1,1,10,10,0,0,0,3,1,1,10,1000,0,0,0,0,0,0,0,0,0,0,0,0,0,0,0,0,0,0,0,0,0,0,0,0,0,0,0,0,0,0,0,0,0,0,0,0,0,0,0,0,0,0,0,0,0,0,0,0,0,0,0
1986,28,2,37,35.881,2,7,1,0,0,0,1,1,25,1016,1016,1016,1016,0,0,0,0,0,1,1,0,0,0,-256.4727893,0,0,0,0,3,1,1,10,10,0,0,0,3,1,1,10,1000,0,0,0,0,0,0,0,0,0,0,0,0,0,0,0,0,0,0,0,0,0,0,0,0,0,0,0,0,0,0,0,0,0,0,0,0,0,0,0,0,0,0,0,0,0,0,0,0,0,0,0
1986,28,2,39,11.881,2,7,1,0,0,0,1,1,25,1016,1016,1016,1016,0,0,0,0,0,1,1,0,0,0,-256.5596531,0,0,0,0,3,1,1,10,10,0,0,0,3,1,1,10,1000,0,0,0,0,0,0,0,0,0,0,0,0,0,0,0,0,0,0,0,0,0,0,0,0,0,0,0,0,0,0,0,0,0,0,0,0,0,0,0,0,0,0,0,0,0,0,0,0,0,0,0
1986,28,2,42,23.88,2,7,1,0,0,0,1,1,25,1016,1016,1016,1016,0,0,0,0,0,1,1,0,0,0,-256.7333792,0,0,0,0,3,1,1,10,10,0,0,0,3,1,1,10,1000,0,0,0,0,0,0,0,0,0,0,0,0,0,0,0,0,0,0,0,0,0,0,0,0,0,0,0,0,0,0,0,0,0,0,0,0,0,0,0,0,0,0,0,0,0,0,0,0,0,0,0
1986,28,2,43,11.88,2,7,1,0,0,0,1,1,25,1016,1016,1016,1016,0,0,0,0,0,1,1,0,0,0,-256.7768109,0,0,0,0,3,1,1,10,10,0,0,0,3,1,1,10,1000,0,0,0,0,0,0,0,0,0,0,0,0,0,0,0,0,0,0,0,0,0,0,0,0,0,0,0,0,0,0,0,0,0,0,0,0,0,0,0,0,0,0,0,0,0,0,0,0,0,0,0
1986,28,2,43,59.88,2,7,1,0,0,0,1,1,25,1016,1016,1016,1016,0,0,0,0,0,1,1,0,0,0,-256.8202425,0,0,0,0,3,1,1,10,10,0,0,0,3,1,1,10,1000,0,0,0,0,0,0,0,0,0,0,0,0,0,0,0,0,0,0,0,0,0,0,0,0,0,0,0,0,0,0,0,0,0,0,0,0,0,0,0,0,0,0,0,0,0,0,0,0,0,0,0
1986,28,2,44,47.88,2,7,1,0,0,0,1,1,25,1016,1016,1016,1016,0,0,0,0,0,1,1,0,0,0,-256.8636741,0,0,0,0,3,1,1,10,10,0,0,0,3,1,1,10,1000,0,0,0,0,0,0,0,0,0,0,0,0,0,0,0,0,0,0,0,0,0,0,0,0,0,0,0,0,0,0,0,0,0,0,0,0,0,0,0,0,0,0,0,0,0,0,0,0,0,0,0
1986,28,2,45,35.88,2,7,1,0,0,0,1,1,25,1016,1016,1016,1016,0,0,0,0,0,1,1,0,0,0,-256.9071057,0,0,0,0,3,1,1,10,10,0,0,0,3,1,1,10,1000,0,0,0,0,0,0,0,0,0,0,0,0,0,0,0,0,0,0,0,0,0,0,0,0,0,0,0,0,0,0,0,0,0,0,0,0,0,0,0,0,0,0,0,0,0,0,0,0,0,0,0
1986,28,2,46,23.88,2,7,1,0,0,0,1,1,25,1016,1016,1016,1016,0,0,0,0,0,1,1,0,0,0,-256.9505372,0,0,0,0,3,1,1,10,10,0,0,0,3,1,1,10,1000,0,0,0,0,0,0,0,0,0,0,0,0,0,0,0,0,0,0,0,0,0,0,0,0,0,0,0,0,0,0,0,0,0,0,0,0,0,0,0,0,0,0,0,0,0,0,0,0,0,0,0
1986,28,2,47,11.88,2,7,1,0,0,0,1,1,25,1016,1016,1016,1016,0,0,0,0,0,1,1,0,0,0,-256.9939687,0,0,0,0,3,1,1,10,10,0,0,0,3,1,1,10,1000,0,0,0,0,0,0,0,0,0,0,0,0,0,0,0,0,0,0,0,0,0,0,0,0,0,0,0,0,0,0,0,0,0,0,0,0,0,0,0,0,0,0,0,0,0,0,0,0,0,0,0
1986,28,2,47,59.88,2,7,1,0,0,0,1,1,25,1016,1016,1016,1016,0,0,0,0,0,1,1,0,0,0,-257.0374001,0,0,0,0,3,1,1,10,10,0,0,0,3,1,1,10,1000,0,0,0,0,0,0,0,0,0,0,0,0,0,0,0,0,0,0,0,0,0,0,0,0,0,0,0,0,0,0,0,0,0,0,0,0,0,0,0,0,0,0,0,0,0,0,0,0,0,0,0
1986,28,2,48,47.88,2,7,1,0,0,0,1,1,25,1016,1016,1016,1016,0,0,0,0,0,1,1,0,0,0,-257.0808315,0,0,0,0,3,1,1,10,10,0,0,0,3,1,1,10,1000,0,0,0,0,0,0,0,0,0,0,0,0,0,0,0,0,0,0,0,0,0,0,0,0,0,0,0,0,0,0,0,0,0,0,0,0,0,0,0,0,0,0,0,0,0,0,0,0,0,0,0
1986,28,2,49,35.88,2,7,1,0,0,0,1,1,25,1016,1016,1016,1016,0,0,0,0,0,1,1,0,0,0,-257.1242628,0,0,0,0,3,1,1,10,10,0,0,0,3,1,1,10,1000,0,0,0,0,0,0,0,0,0,0,0,0,0,0,0,0,0,0,0,0,0,0,0,0,0,0,0,0,0,0,0,0,0,0,0,0,0,0,0,0,0,0,0,0,0,0,0,0,0,0,0
1986,28,2,51,11.88,2,7,1,0,0,0,1,1,25,1016,1016,1016,1016,0,0,0,0,0,1,1,0,0,0,-257.2111254,0,0,0,0,3,1,1,10,10,0,0,0,3,1,1,10,1000,0,0,0,0,0,0,0,0,0,0,0,0,0,0,0,0,0,0,0,0,0,0,0,0,0,0,0,0,0,0,0,0,0,0,0,0,0,0,0,0,0,0,0,0,0,0,0,0,0,0,0
1986,28,2,54,23.879,2,7,1,0,0,0,1,1,25,1016,1016,1016,1016,0,0,0,0,0,1,1,0,0,0,-257.3848492,0,0,0,0,3,1,1,10,10,0,0,0,3,1,1,10,1000,0,0,0,0,0,0,0,0,0,0,0,0,0,0,0,0,0,0,0,0,0,0,0,0,0,0,0,0,0,0,0,0,0,0,0,0,0,0,0,0,0,0,0,0,0,0,0,0,0,0,0
1986,28,2,55,11.879,2,7,1,0,0,0,1,1,25,1016,1016,1016,1016,0,0,0,0,0,1,1,0,0,0,-257.4282803,0,0,0,0,3,1,1,10,10,0,0,0,3,1,1,10,1000,0,0,0,0,0,0,0,0,0,0,0,0,0,0,0,0,0,0,0,0,0,0,0,0,0,0,0,0,0,0,0,0,0,0,0,0,0,0,0,0,0,0,0,0,0,0,0,0,0,0,0
1986,28,2,55,59.879,2,7,1,0,0,0,1,1,25,1016,1016,1016,1016,0,0,0,0,0,1,1,0,0,0,-257.4717113,0,0,0,0,3,1,1,10,10,0,0,0,3,1,1,10,1000,0,0,0,0,0,0,0,0,0,0,0,0,0,0,0,0,0,0,0,0,0,0,0,0,0,0,0,0,0,0,0,0,0,0,0,0,0,0,0,0,0,0,0,0,0,0,0,0,0,0,0
1986,28,2,56,47.879,2,7,1,0,0,0,1,1,25,1016,1016,1016,1016,0,0,0,0,0,1,1,0,0,0,-257.5151423,0,0,0,0,3,1,1,10,10,0,0,0,3,1,1,10,1000,0,0,0,0,0,0,0,0,0,0,0,0,0,0,0,0,0,0,0,0,0,0,0,0,0,0,0,0,0,0,0,0,0,0,0,0,0,0,0,0,0,0,0,0,0,0,0,0,0,0,0
1986,28,2,57,35.879,2,7,1,0,0,0,1,1,25,1016,1016,1016,1016,0,0,0,0,0,1,1,0,0,0,-257.5585733,0,0,0,0,3,1,1,10,10,0,0,0,3,1,1,10,1000,0,0,0,0,0,0,0,0,0,0,0,0,0,0,0,0,0,0,0,0,0,0,0,0,0,0,0,0,0,0,0,0,0,0,0,0,0,0,0,0,0,0,0,0,0,0,0,0,0,0,0
1986,28,2,58,23.879,2,7,1,0,0,0,1,1,25,1016,1016,1016,1016,0,0,0,0,0,1,1,0,0,0,-257.6020042,0,0,0,0,3,1,1,10,10,0,0,0,3,1,1,10,1000,0,0,0,0,0,0,0,0,0,0,0,0,0,0,0,0,0,0,0,0,0,0,0,0,0,0,0,0,0,0,0,0,0,0,0,0,0,0,0,0,0,0,0,0,0,0,0,0,0,0,0
1986,28,2,59,11.879,2,7,1,0,0,0,1,1,25,1016,1016,1016,1016,0,0,0,0,0,1,1,0,0,0,-257.6454351,0,0,0,0,3,1,1,10,10,0,0,0,3,1,1,10,1000,0,0,0,0,0,0,0,0,0,0,0,0,0,0,0,0,0,0,0,0,0,0,0,0,0,0,0,0,0,0,0,0,0,0,0,0,0,0,0,0,0,0,0,0,0,0,0,0,0,0,0
1986,28,2,59,59.879,2,7,1,0,0,0,1,1,25,1016,1016,1016,1016,0,0,0,0,0,1,1,0,0,0,-257.6888659,0,0,0,0,3,1,1,10,10,0,0,0,3,1,1,10,1000,0,0,0,0,0,0,0,0,0,0,0,0,0,0,0,0,0,0,0,0,0,0,0,0,0,0,0,0,0,0,0,0,0,0,0,0,0,0,0,0,0,0,0,0,0,0,0,0,0,0,0
1986,28,3,0,47.879,2,7,1,0,0,0,1,1,25,1016,1016,1016,1016,0,0,0,0,0,1,1,0,0,0,-257.7322967,0,0,0,0,3,1,1,10,10,0,0,0,3,1,1,10,1000,0,0,0,0,0,0,0,0,0,0,0,0,0,0,0,0,0,0,0,0,0,0,0,0,0,0,0,0,0,0,0,0,0,0,0,0,0,0,0,0,0,0,0,0,0,0,0,0,0,0,0
1986,28,3,1,35.879,2,7,1,0,0,0,1,1,25,1016,1016,1016,1016,0,0,0,0,0,1,1,0,0,0,-257.7757275,0,0,0,0,3,1,1,10,10,0,0,0,3,1,1,10,1000,0,0,0,0,0,0,0,0,0,0,0,0,0,0,0,0,0,0,0,0,0,0,0,0,0,0,0,0,0,0,0,0,0,0,0,0,0,0,0,0,0,0,0,0,0,0,0,0,0,0,0
1986,28,3,2,23.879,2,7,1,0,0,0,1,1,25,1016,1016,1016,1016,0,0,0,0,0,1,1,0,0,0,-257.8191582,0,0,0,0,3,1,1,10,10,0,0,0,3,1,1,10,1000,0,0,0,0,0,0,0,0,0,0,0,0,0,0,0,0,0,0,0,0,0,0,0,0,0,0,0,0,0,0,0,0,0,0,0,0,0,0,0,0,0,0,0,0,0,0,0,0,0,0,0
1986,28,3,6,23.879,2,7,1,0,0,0,1,1,25,1016,1016,1016,1016,0,0,0,0,0,1,1,0,0,0,-258.0363112,0,0,0,0,3,1,1,10,10,0,0,0,3,1,1,10,1000,0,0,0,0,0,0,0,0,0,0,0,0,0,0,0,0,0,0,0,0,0,0,0,0,0,0,0,0,0,0,0,0,0,0,0,0,0,0,0,0,0,0,0,0,0,0,0,0,0,0,0
1986,28,3,7,11.879,2,7,1,0,0,0,1,1,25,1016,1016,1016,1016,0,0,0,0,0,1,1,0,0,0,-258.0797417,0,0,0,0,3,1,1,10,10,0,0,0,3,1,1,10,1000,0,0,0,0,0,0,0,0,0,0,0,0,0,0,0,0,0,0,0,0,0,0,0,0,0,0,0,0,0,0,0,0,0,0,0,0,0,0,0,0,0,0,0,0,0,0,0,0,0,0,0
1986,28,3,7,59.879,2,7,1,0,0,0,1,1,25,1016,1016,1016,1016,0,0,0,0,0,1,1,0,0,0,-258.1231721,0,0,0,0,3,1,1,10,10,0,0,0,3,1,1,10,1000,0,0,0,0,0,0,0,0,0,0,0,0,0,0,0,0,0,0,0,0,0,0,0,0,0,0,0,0,0,0,0,0,0,0,0,0,0,0,0,0,0,0,0,0,0,0,0,0,0,0,0
1986,28,3,8,47.879,2,7,1,0,0,0,1,1,25,1016,1016,1016,1016,0,0,0,0,0,1,1,0,0,0,-258.1666025,0,0,0,0,3,1,1,10,10,0,0,0,3,1,1,10,1000,0,0,0,0,0,0,0,0,0,0,0,0,0,0,0,0,0,0,0,0,0,0,0,0,0,0,0,0,0,0,0,0,0,0,0,0,0,0,0,0,0,0,0,0,0,0,0,0,0,0,0
1986,28,3,9,35.878,2,7,1,0,0,0,1,1,25,1016,1016,1016,1016,0,0,0,0,0,1,1,0,0,0,-258.210032,0,0,0,0,3,1,1,10,10,0,0,0,3,1,1,10,1000,0,0,0,0,0,0,0,0,0,0,0,0,0,0,0,0,0,0,0,0,0,0,0,0,0,0,0,0,0,0,0,0,0,0,0,0,0,0,0,0,0,0,0,0,0,0,0,0,0,0,0
1986,28,3,10,23.878,2,7,1,0,0,0,1,1,25,1016,1016,1016,1016,0,0,0,0,0,1,1,0,0,0,-258.2534623,0,0,0,0,3,1,1,10,10,0,0,0,3,1,1,10,1000,0,0,0,0,0,0,0,0,0,0,0,0,0,0,0,0,0,0,0,0,0,0,0,0,0,0,0,0,0,0,0,0,0,0,0,0,0,0,0,0,0,0,0,0,0,0,0,0,0,0,0
1986,28,3,11,11.878,2,7,1,0,0,0,1,1,25,1016,1016,1016,1016,0,0,0,0,0,1,1,0,0,0,-258.2968926,0,0,0,0,3,1,1,10,10,0,0,0,3,1,1,10,1000,0,0,0,0,0,0,0,0,0,0,0,0,0,0,0,0,0,0,0,0,0,0,0,0,0,0,0,0,0,0,0,0,0,0,0,0,0,0,0,0,0,0,0,0,0,0,0,0,0,0,0
1986,28,3,11,59.878,2,7,1,0,0,0,1,1,25,1016,1016,1016,1016,0,0,0,0,0,1,1,0,0,0,-258.3403229,0,0,0,0,3,1,1,10,10,0,0,0,3,1,1,10,1000,0,0,0,0,0,0,0,0,0,0,0,0,0,0,0,0,0,0,0,0,0,0,0,0,0,0,0,0,0,0,0,0,0,0,0,0,0,0,0,0,0,0,0,0,0,0,0,0,0,0,0
1986,28,3,12,47.878,2,7,1,0,0,0,1,1,25,1016,1016,1016,1016,0,0,0,0,0,1,1,0,0,0,-258.3837531,0,0,0,0,3,1,1,10,10,0,0,0,3,1,1,10,1000,0,0,0,0,0,0,0,0,0,0,0,0,0,0,0,0,0,0,0,0,0,0,0,0,0,0,0,0,0,0,0,0,0,0,0,0,0,0,0,0,0,0,0,0,0,0,0,0,0,0,0
1986,28,3,13,35.878,2,7,1,0,0,0,1,1,25,1016,1016,1016,1016,0,0,0,0,0,1,1,0,0,0,-258.4271832,0,0,0,0,3,1,1,10,10,0,0,0,3,1,1,10,1000,0,0,0,0,0,0,0,0,0,0,0,0,0,0,0,0,0,0,0,0,0,0,0,0,0,0,0,0,0,0,0,0,0,0,0,0,0,0,0,0,0,0,0,0,0,0,0,0,0,0,0
1986,28,3,14,23.878,2,7,1,0,0,0,1,1,25,1016,1016,1016,1016,0,0,0,0,0,1,1,0,0,0,-258.4706134,0,0,0,0,3,1,1,10,10,0,0,0,3,1,1,10,1000,0,0,0,0,0,0,0,0,0,0,0,0,0,0,0,0,0,0,0,0,0,0,0,0,0,0,0,0,0,0,0,0,0,0,0,0,0,0,0,0,0,0,0,0,0,0,0,0,0,0,0
1986,28,3,15,11.878,2,7,1,0,0,0,1,1,25,1016,1016,1016,1016,0,0,0,0,0,1,1,0,0,0,-258.5140435,0,0,0,0,3,1,1,10,10,0,0,0,3,1,1,10,1000,0,0,0,0,0,0,0,0,0,0,0,0,0,0,0,0,0,0,0,0,0,0,0,0,0,0,0,0,0,0,0,0,0,0,0,0,0,0,0,0,0,0,0,0,0,0,0,0,0,0,0
1986,28,3,18,23.878,2,7,1,0,0,0,1,1,25,1016,1016,1016,1016,0,0,0,0,0,1,1,0,0,0,-258.6877634,0,0,0,0,3,1,1,10,10,0,0,0,3,1,1,10,1000,0,0,0,0,0,0,0,0,0,0,0,0,0,0,0,0,0,0,0,0,0,0,0,0,0,0,0,0,0,0,0,0,0,0,0,0,0,0,0,0,0,0,0,0,0,0,0,0,0,0,0
1986,28,3,19,11.878,2,7,1,0,0,0,1,1,25,1016,1016,1016,1016,0,0,0,0,0,1,1,0,0,0,-258.7311933,0,0,0,0,3,1,1,10,10,0,0,0,3,1,1,10,1000,0,0,0,0,0,0,0,0,0,0,0,0,0,0,0,0,0,0,0,0,0,0,0,0,0,0,0,0,0,0,0,0,0,0,0,0,0,0,0,0,0,0,0,0,0,0,0,0,0,0,0
1986,28,3,19,59.878,2,7,1,0,0,0,1,1,25,1016,1016,1016,1016,0,0,0,0,0,1,1,0,0,0,-258.7746232,0,0,0,0,3,1,1,10,10,0,0,0,3,1,1,10,1000,0,0,0,0,0,0,0,0,0,0,0,0,0,0,0,0,0,0,0,0,0,0,0,0,0,0,0,0,0,0,0,0,0,0,0,0,0,0,0,0,0,0,0,0,0,0,0,0,0,0,0
1986,28,3,20,47.878,2,7,1,0,0,0,1,1,25,1016,1016,1016,1016,0,0,0,0,0,1,1,0,0,0,-258.818053,0,0,0,0,3,1,1,10,10,0,0,0,3,1,1,10,1000,0,0,0,0,0,0,0,0,0,0,0,0,0,0,0,0,0,0,0,0,0,0,0,0,0,0,0,0,0,0,0,0,0,0,0,0,0,0,0,0,0,0,0,0,0,0,0,0,0,0,0
1986,28,3,21,35.878,2,7,1,0,0,0,1,1,25,1016,1016,1016,1016,0,0,0,0,0,1,1,0,0,0,-258.8614828,0,0,0,0,3,1,1,10,10,0,0,0,3,1,1,10,1000,0,0,0,0,0,0,0,0,0,0,0,0,0,0,0,0,0,0,0,0,0,0,0,0,0,0,0,0,0,0,0,0,0,0,0,0,0,0,0,0,0,0,0,0,0,0,0,0,0,0,0
1986,28,3,22,23.878,2,7,1,0,0,0,1,1,25,1016,1016,1016,1016,0,0,0,0,0,1,1,0,0,0,-258.9049125,0,0,0,0,3,1,1,10,10,0,0,0,3,1,1,10,1000,0,0,0,0,0,0,0,0,0,0,0,0,0,0,0,0,0,0,0,0,0,0,0,0,0,0,0,0,0,0,0,0,0,0,0,0,0,0,0,0,0,0,0,0,0,0,0,0,0,0,0
1986,28,3,23,11.878,2,7,1,0,0,0,1,1,25,1016,1016,1016,1016,0,0,0,0,0,1,1,0,0,0,-258.9483422,0,0,0,0,3,1,1,10,10,0,0,0,3,1,1,10,1000,0,0,0,0,0,0,0,0,0,0,0,0,0,0,0,0,0,0,0,0,0,0,0,0,0,0,0,0,0,0,0,0,0,0,0,0,0,0,0,0,0,0,0,0,0,0,0,0,0,0,0
1986,28,3,23,59.878,2,7,1,0,0,0,1,1,25,1016,1016,1016,1016,0,0,0,0,0,1,1,0,0,0,-258.9917719,0,0,0,0,3,1,1,10,10,0,0,0,3,1,1,10,1000,0,0,0,0,0,0,0,0,0,0,0,0,0,0,0,0,0,0,0,0,0,0,0,0,0,0,0,0,0,0,0,0,0,0,0,0,0,0,0,0,0,0,0,0,0,0,0,0,0,0,0
1986,28,3,24,47.877,2,7,1,0,0,0,1,1,25,1016,1016,1016,1016,0,0,0,0,0,1,1,0,0,0,-259.0352006,0,0,0,0,3,1,1,10,10,0,0,0,3,1,1,10,1000,0,0,0,0,0,0,0,0,0,0,0,0,0,0,0,0,0,0,0,0,0,0,0,0,0,0,0,0,0,0,0,0,0,0,0,0,0,0,0,0,0,0,0,0,0,0,0,0,0,0,0
1986,28,3,25,35.877,2,7,1,0,0,0,1,1,25,1016,1016,1016,1016,0,0,0,0,0,1,1,0,0,0,-259.0786302,0,0,0,0,3,1,1,10,10,0,0,0,3,1,1,10,1000,0,0,0,0,0,0,0,0,0,0,0,0,0,0,0,0,0,0,0,0,0,0,0,0,0,0,0,0,0,0,0,0,0,0,0,0,0,0,0,0,0,0,0,0,0,0,0,0,0,0,0
1986,28,3,26,23.877,2,7,1,0,0,0,1,1,25,1016,1016,1016,1016,0,0,0,0,0,1,1,0,0,0,-259.1220597,0,0,0,0,3,1,1,10,10,0,0,0,3,1,1,10,1000,0,0,0,0,0,0,0,0,0,0,0,0,0,0,0,0,0,0,0,0,0,0,0,0,0,0,0,0,0,0,0,0,0,0,0,0,0,0,0,0,0,0,0,0,0,0,0,0,0,0,0
1986,28,3,27,11.877,2,7,1,0,0,0,1,1,25,1016,1016,1016,1016,0,0,0,0,0,1,1,0,0,0,-259.1654892,0,0,0,0,3,1,1,10,10,0,0,0,3,1,1,10,1000,0,0,0,0,0,0,0,0,0,0,0,0,0,0,0,0,0,0,0,0,0,0,0,0,0,0,0,0,0,0,0,0,0,0,0,0,0,0,0,0,0,0,0,0,0,0,0,0,0,0,0
1986,28,3,30,23.877,2,7,1,0,0,0,1,1,25,1016,1016,1016,1016,0,0,0,0,0,1,1,0,0,0,-259.3392068,0,0,0,0,3,1,1,10,10,0,0,0,3,1,1,10,1000,0,0,0,0,0,0,0,0,0,0,0,0,0,0,0,0,0,0,0,0,0,0,0,0,0,0,0,0,0,0,0,0,0,0,0,0,0,0,0,0,0,0,0,0,0,0,0,0,0,0,0
1986,28,3,31,11.877,2,7,1,0,0,0,1,1,25,1016,1016,1016,1016,0,0,0,0,0,1,1,0,0,0,-259.3826361,0,0,0,0,3,1,1,10,10,0,0,0,3,1,1,10,1000,0,0,0,0,0,0,0,0,0,0,0,0,0,0,0,0,0,0,0,0,0,0,0,0,0,0,0,0,0,0,0,0,0,0,0,0,0,0,0,0,0,0,0,0,0,0,0,0,0,0,0
1986,28,3,31,59.877,2,7,1,0,0,0,1,1,25,1016,1016,1016,1016,0,0,0,0,0,1,1,0,0,0,-259.4260654,0,0,0,0,3,1,1,10,10,0,0,0,3,1,1,10,1000,0,0,0,0,0,0,0,0,0,0,0,0,0,0,0,0,0,0,0,0,0,0,0,0,0,0,0,0,0,0,0,0,0,0,0,0,0,0,0,0,0,0,0,0,0,0,0,0,0,0,0
1986,28,3,32,47.877,2,7,1,0,0,0,1,1,25,1016,1016,1016,1016,0,0,0,0,0,1,1,0,0,0,-259.4694946,0,0,0,0,3,1,1,10,10,0,0,0,3,1,1,10,1000,0,0,0,0,0,0,0,0,0,0,0,0,0,0,0,0,0,0,0,0,0,0,0,0,0,0,0,0,0,0,0,0,0,0,0,0,0,0,0,0,0,0,0,0,0,0,0,0,0,0,0
1986,28,3,33,35.877,2,7,1,0,0,0,1,1,25,1016,1016,1016,1016,0,0,0,0,0,1,1,0,0,0,-259.5129238,0,0,0,0,3,1,1,10,10,0,0,0,3,1,1,10,1000,0,0,0,0,0,0,0,0,0,0,0,0,0,0,0,0,0,0,0,0,0,0,0,0,0,0,0,0,0,0,0,0,0,0,0,0,0,0,0,0,0,0,0,0,0,0,0,0,0,0,0
1986,28,3,34,23.877,2,7,1,0,0,0,1,1,25,1016,1016,1016,1016,0,0,0,0,0,1,1,0,0,0,-259.556353,0,0,0,0,3,1,1,10,10,0,0,0,3,1,1,10,1000,0,0,0,0,0,0,0,0,0,0,0,0,0,0,0,0,0,0,0,0,0,0,0,0,0,0,0,0,0,0,0,0,0,0,0,0,0,0,0,0,0,0,0,0,0,0,0,0,0,0,0
1986,28,3,35,11.877,2,7,1,0,0,0,1,1,25,1016,1016,1016,1016,0,0,0,0,0,1,1,0,0,0,-259.5997821,0,0,0,0,3,1,1,10,10,0,0,0,3,1,1,10,1000,0,0,0,0,0,0,0,0,0,0,0,0,0,0,0,0,0,0,0,0,0,0,0,0,0,0,0,0,0,0,0,0,0,0,0,0,0,0,0,0,0,0,0,0,0,0,0,0,0,0,0
1986,28,3,35,59.877,2,7,1,0,0,0,1,1,25,1016,1016,1016,1016,0,0,0,0,0,1,1,0,0,0,-259.6432112,0,0,0,0,3,1,1,10,10,0,0,0,3,1,1,10,1000,0,0,0,0,0,0,0,0,0,0,0,0,0,0,0,0,0,0,0,0,0,0,0,0,0,0,0,0,0,0,0,0,0,0,0,0,0,0,0,0,0,0,0,0,0,0,0,0,0,0,0
1986,28,3,36,47.877,2,7,1,0,0,0,1,1,25,1016,1016,1016,1016,0,0,0,0,0,1,1,0,0,0,-259.6866402,0,0,0,0,3,1,1,10,10,0,0,0,3,1,1,10,1000,0,0,0,0,0,0,0,0,0,0,0,0,0,0,0,0,0,0,0,0,0,0,0,0,0,0,0,0,0,0,0,0,0,0,0,0,0,0,0,0,0,0,0,0,0,0,0,0,0,0,0
1986,28,3,37,35.877,2,7,1,0,0,0,1,1,25,1016,1016,1016,1016,0,0,0,0,0,1,1,0,0,0,-259.7300692,0,0,0,0,3,1,1,10,10,0,0,0,3,1,1,10,1000,0,0,0,0,0,0,0,0,0,0,0,0,0,0,0,0,0,0,0,0,0,0,0,0,0,0,0,0,0,0,0,0,0,0,0,0,0,0,0,0,0,0,0,0,0,0,0,0,0,0,0
1986,28,3,38,23.877,2,7,1,0,0,0,1,1,25,1016,1016,1016,1016,0,0,0,0,0,1,1,0,0,0,-259.7734982,0,0,0,0,3,1,1,10,10,0,0,0,3,1,1,10,1000,0,0,0,0,0,0,0,0,0,0,0,0,0,0,0,0,0,0,0,0,0,0,0,0,0,0,0,0,0,0,0,0,0,0,0,0,0,0,0,0,0,0,0,0,0,0,0,0,0,0,0
1986,28,3,39,11.877,2,7,1,0,0,0,1,1,25,1016,1016,1016,1016,0,0,0,0,0,1,1,0,0,0,-259.8169271,0,0,0,0,3,1,1,10,10,0,0,0,3,1,1,10,1000,0,0,0,0,0,0,0,0,0,0,0,0,0,0,0,0,0,0,0,0,0,0,0,0,0,0,0,0,0,0,0,0,0,0,0,0,0,0,0,0,0,0,0,0,0,0,0,0,0,0,0
1986,28,3,42,23.876,2,7,1,0,0,0,1,1,25,1016,1016,1016,1016,0,0,0,0,0,1,1,0,0,0,-259.9906415,0,0,0,0,3,1,1,10,10,0,0,0,3,1,1,10,1000,0,0,0,0,0,0,0,0,0,0,0,0,0,0,0,0,0,0,0,0,0,0,0,0,0,0,0,0,0,0,0,0,0,0,0,0,0,0,0,0,0,0,0,0,0,0,0,0,0,0,0
1986,28,3,43,11.876,2,7,1,0,0,0,1,1,25,1016,1016,1016,1016,0,0,0,0,0,1,1,0,0,0,-260.0340702,0,0,0,0,3,1,1,10,10,0,0,0,3,1,1,10,1000,0,0,0,0,0,0,0,0,0,0,0,0,0,0,0,0,0,0,0,0,0,0,0,0,0,0,0,0,0,0,0,0,0,0,0,0,0,0,0,0,0,0,0,0,0,0,0,0,0,0,0
1986,28,3,43,59.876,2,7,1,0,0,0,1,1,25,1016,1016,1016,1016,0,0,0,0,0,1,1,0,0,0,-260.0774989,0,0,0,0,3,1,1,10,10,0,0,0,3,1,1,10,1000,0,0,0,0,0,0,0,0,0,0,0,0,0,0,0,0,0,0,0,0,0,0,0,0,0,0,0,0,0,0,0,0,0,0,0,0,0,0,0,0,0,0,0,0,0,0,0,0,0,0,0
1986,28,3,44,47.876,2,7,1,0,0,0,1,1,25,1016,1016,1016,1016,0,0,0,0,0,1,1,0,0,0,-260.1209275,0,0,0,0,3,1,1,10,10,0,0,0,3,1,1,10,1000,0,0,0,0,0,0,0,0,0,0,0,0,0,0,0,0,0,0,0,0,0,0,0,0,0,0,0,0,0,0,0,0,0,0,0,0,0,0,0,0,0,0,0,0,0,0,0,0,0,0,0
1986,28,3,45,35.876,2,7,1,0,0,0,1,1,25,1016,1016,1016,1016,0,0,0,0,0,1,1,0,0,0,-260.1643561,0,0,0,0,3,1,1,10,10,0,0,0,3,1,1,10,1000,0,0,0,0,0,0,0,0,0,0,0,0,0,0,0,0,0,0,0,0,0,0,0,0,0,0,0,0,0,0,0,0,0,0,0,0,0,0,0,0,0,0,0,0,0,0,0,0,0,0,0
1986,28,3,46,23.876,2,7,1,0,0,0,1,1,25,1016,1016,1016,1016,0,0,0,0,0,1,1,0,0,0,-260.2077847,0,0,0,0,3,1,1,10,10,0,0,0,3,1,1,10,1000,0,0,0,0,0,0,0,0,0,0,0,0,0,0,0,0,0,0,0,0,0,0,0,0,0,0,0,0,0,0,0,0,0,0,0,0,0,0,0,0,0,0,0,0,0,0,0,0,0,0,0
1986,28,3,47,11.876,2,7,1,0,0,0,1,1,25,1016,1016,1016,1016,0,0,0,0,0,1,1,0,0,0,-260.2512132,0,0,0,0,3,1,1,10,10,0,0,0,3,1,1,10,1000,0,0,0,0,0,0,0,0,0,0,0,0,0,0,0,0,0,0,0,0,0,0,0,0,0,0,0,0,0,0,0,0,0,0,0,0,0,0,0,0,0,0,0,0,0,0,0,0,0,0,0
1986,28,3,47,59.876,2,7,1,0,0,0,1,1,25,1016,1016,1016,1016,0,0,0,0,0,1,1,0,0,0,-260.2946417,0,0,0,0,3,1,1,10,10,0,0,0,3,1,1,10,1000,0,0,0,0,0,0,0,0,0,0,0,0,0,0,0,0,0,0,0,0,0,0,0,0,0,0,0,0,0,0,0,0,0,0,0,0,0,0,0,0,0,0,0,0,0,0,0,0,0,0,0
1986,28,3,48,47.876,2,7,1,0,0,0,1,1,25,1016,1016,1016,1016,0,0,0,0,0,1,1,0,0,0,-260.3380702,0,0,0,0,3,1,1,10,10,0,0,0,3,1,1,10,1000,0,0,0,0,0,0,0,0,0,0,0,0,0,0,0,0,0,0,0,0,0,0,0,0,0,0,0,0,0,0,0,0,0,0,0,0,0,0,0,0,0,0,0,0,0,0,0,0,0,0,0
1986,28,3,49,35.876,2,7,1,0,0,0,1,1,25,1016,1016,1016,1016,0,0,0,0,0,1,1,0,0,0,-260.3814986,0,0,0,0,3,1,1,10,10,0,0,0,3,1,1,10,1000,0,0,0,0,0,0,0,0,0,0,0,0,0,0,0,0,0,0,0,0,0,0,0,0,0,0,0,0,0,0,0,0,0,0,0,0,0,0,0,0,0,0,0,0,0,0,0,0,0,0,0
1986,28,3,50,23.876,2,7,1,0,0,0,1,1,25,1016,1016,1016,1016,0,0,0,0,0,1,1,0,0,0,-260.424927,0,0,0,0,3,1,1,10,10,0,0,0,3,1,1,10,1000,0,0,0,0,0,0,0,0,0,0,0,0,0,0,0,0,0,0,0,0,0,0,0,0,0,0,0,0,0,0,0,0,0,0,0,0,0,0,0,0,0,0,0,0,0,0,0,0,0,0,0
1986,28,3,51,11.876,2,7,1,0,0,0,1,1,25,1016,1016,1016,1016,0,0,0,0,0,1,1,0,0,0,-260.4683553,0,0,0,0,3,1,1,10,10,0,0,0,3,1,1,10,1000,0,0,0,0,0,0,0,0,0,0,0,0,0,0,0,0,0,0,0,0,0,0,0,0,0,0,0,0,0,0,0,0,0,0,0,0,0,0,0,0,0,0,0,0,0,0,0,0,0,0,0
1986,28,3,54,23.876,2,7,1,0,0,0,1,1,25,1016,1016,1016,1016,0,0,0,0,0,1,1,0,0,0,-260.6420682,0,0,0,0,3,1,1,10,10,0,0,0,3,1,1,10,1000,0,0,0,0,0,0,0,0,0,0,0,0,0,0,0,0,0,0,0,0,0,0,0,0,0,0,0,0,0,0,0,0,0,0,0,0,0,0,0,0,0,0,0,0,0,0,0,0,0,0,0
1986,28,3,55,11.875,2,7,1,0,0,0,1,1,25,1016,1016,1016,1016,0,0,0,0,0,1,1,0,0,0,-260.6854955,0,0,0,0,3,1,1,10,10,0,0,0,3,1,1,10,1000,0,0,0,0,0,0,0,0,0,0,0,0,0,0,0,0,0,0,0,0,0,0,0,0,0,0,0,0,0,0,0,0,0,0,0,0,0,0,0,0,0,0,0,0,0,0,0,0,0,0,0
1986,28,3,55,59.875,2,7,1,0,0,0,1,1,25,1016,1016,1016,1016,0,0,0,0,0,1,1,0,0,0,-260.7289236,0,0,0,0,3,1,1,10,10,0,0,0,3,1,1,10,1000,0,0,0,0,0,0,0,0,0,0,0,0,0,0,0,0,0,0,0,0,0,0,0,0,0,0,0,0,0,0,0,0,0,0,0,0,0,0,0,0,0,0,0,0,0,0,0,0,0,0,0
1986,28,3,56,47.875,2,7,1,0,0,0,1,1,25,1016,1016,1016,1016,0,0,0,0,0,1,1,0,0,0,-260.7723516,0,0,0,0,3,1,1,10,10,0,0,0,3,1,1,10,1000,0,0,0,0,0,0,0,0,0,0,0,0,0,0,0,0,0,0,0,0,0,0,0,0,0,0,0,0,0,0,0,0,0,0,0,0,0,0,0,0,0,0,0,0,0,0,0,0,0,0,0
1986,28,3,57,35.875,2,7,1,0,0,0,1,1,25,1016,1016,1016,1016,0,0,0,0,0,1,1,0,0,0,-260.8157797,0,0,0,0,3,1,1,10,10,0,0,0,3,1,1,10,1000,0,0,0,0,0,0,0,0,0,0,0,0,0,0,0,0,0,0,0,0,0,0,0,0,0,0,0,0,0,0,0,0,0,0,0,0,0,0,0,0,0,0,0,0,0,0,0,0,0,0,0
1986,28,3,58,23.875,2,7,1,0,0,0,1,1,25,1016,1016,1016,1016,0,0,0,0,0,1,1,0,0,0,-260.8592077,0,0,0,0,3,1,1,10,10,0,0,0,3,1,1,10,1000,0,0,0,0,0,0,0,0,0,0,0,0,0,0,0,0,0,0,0,0,0,0,0,0,0,0,0,0,0,0,0,0,0,0,0,0,0,0,0,0,0,0,0,0,0,0,0,0,0,0,0
1986,28,3,59,11.875,2,7,1,0,0,0,1,1,25,1016,1016,1016,1016,0,0,0,0,0,1,1,0,0,0,-260.9026356,0,0,0,0,3,1,1,10,10,0,0,0,3,1,1,10,1000,0,0,0,0,0,0,0,0,0,0,0,0,0,0,0,0,0,0,0,0,0,0,0,0,0,0,0,0,0,0,0,0,0,0,0,0,0,0,0,0,0,0,0,0,0,0,0,0,0,0,0
1986,28,3,59,59.875,2,7,1,0,0,0,1,1,25,1016,1016,1016,1016,0,0,0,0,0,1,1,0,0,0,-260.9460635,0,0,0,0,3,1,1,10,10,0,0,0,3,1,1,10,1000,0,0,0,0,0,0,0,0,0,0,0,0,0,0,0,0,0,0,0,0,0,0,0,0,0,0,0,0,0,0,0,0,0,0,0,0,0,0,0,0,0,0,0,0,0,0,0,0,0,0,0
1986,28,4,0,47.875,2,7,1,0,0,0,1,1,25,1016,1016,1016,1016,0,0,0,0,0,1,1,0,0,0,-260.9894914,0,0,0,0,3,1,1,10,10,0,0,0,3,1,1,10,1000,0,0,0,0,0,0,0,0,0,0,0,0,0,0,0,0,0,0,0,0,0,0,0,0,0,0,0,0,0,0,0,0,0,0,0,0,0,0,0,0,0,0,0,0,0,0,0,0,0,0,0
1986,28,4,1,35.875,2,7,1,0,0,0,1,1,25,1016,1016,1016,1016,0,0,0,0,0,1,1,0,0,0,-261.0329192,0,0,0,0,3,1,1,10,10,0,0,0,3,1,1,10,1000,0,0,0,0,0,0,0,0,0,0,0,0,0,0,0,0,0,0,0,0,0,0,0,0,0,0,0,0,0,0,0,0,0,0,0,0,0,0,0,0,0,0,0,0,0,0,0,0,0,0,0
1986,28,4,2,23.875,2,7,1,0,0,0,1,1,25,1016,1016,1016,1016,0,0,0,0,0,1,1,0,0,0,-261.076347,0,0,0,0,3,1,1,10,10,0,0,0,3,1,1,10,1000,0,0,0,0,0,0,0,0,0,0,0,0,0,0,0,0,0,0,0,0,0,0,0,0,0,0,0,0,0,0,0,0,0,0,0,0,0,0,0,0,0,0,0,0,0,0,0,0,0,0,0
1986,28,4,3,11.875,2,7,1,0,0,0,1,1,25,1016,1016,1016,1016,0,0,0,0,0,1,1,0,0,0,-261.1197748,0,0,0,0,3,1,1,10,10,0,0,0,3,1,1,10,1000,0,0,0,0,0,0,0,0,0,0,0,0,0,0,0,0,0,0,0,0,0,0,0,0,0,0,0,0,0,0,0,0,0,0,0,0,0,0,0,0,0,0,0,0,0,0,0,0,0,0,0
1986,28,4,6,23.875,2,7,1,0,0,0,1,1,25,1016,1016,1016,1016,0,0,0,0,0,1,1,0,0,0,-261.2934854,0,0,0,0,3,1,1,10,10,0,0,0,3,1,1,10,1000,0,0,0,0,0,0,0,0,0,0,0,0,0,0,0,0,0,0,0,0,0,0,0,0,0,0,0,0,0,0,0,0,0,0,0,0,0,0,0,0,0,0,0,0,0,0,0,0,0,0,0
1986,28,4,7,11.875,2,7,1,0,0,0,1,1,25,1016,1016,1016,1016,0,0,0,0,0,1,1,0,0,0,-261.336913,0,0,0,0,3,1,1,10,10,0,0,0,3,1,1,10,1000,0,0,0,0,0,0,0,0,0,0,0,0,0,0,0,0,0,0,0,0,0,0,0,0,0,0,0,0,0,0,0,0,0,0,0,0,0,0,0,0,0,0,0,0,0,0,0,0,0,0,0
1986,28,4,7,59.875,2,7,1,0,0,0,1,1,25,1016,1016,1016,1016,0,0,0,0,0,1,1,0,0,0,-261.3803405,0,0,0,0,3,1,1,10,10,0,0,0,3,1,1,10,1000,0,0,0,0,0,0,0,0,0,0,0,0,0,0,0,0,0,0,0,0,0,0,0,0,0,0,0,0,0,0,0,0,0,0,0,0,0,0,0,0,0,0,0,0,0,0,0,0,0,0,0
1986,28,4,8,47.875,2,7,1,0,0,0,1,1,25,1016,1016,1016,1016,0,0,0,0,0,1,1,0,0,0,-261.423768,0,0,0,0,3,1,1,10,10,0,0,0,3,1,1,10,1000,0,0,0,0,0,0,0,0,0,0,0,0,0,0,0,0,0,0,0,0,0,0,0,0,0,0,0,0,0,0,0,0,0,0,0,0,0,0,0,0,0,0,0,0,0,0,0,0,0,0,0
1986,28,4,9,35.875,2,7,1,0,0,0,1,1,25,1016,1016,1016,1016,0,0,0,0,0,1,1,0,0,0,-261.4671954,0,0,0,0,3,1,1,10,10,0,0,0,3,1,1,10,1000,0,0,0,0,0,0,0,0,0,0,0,0,0,0,0,0,0,0,0,0,0,0,0,0,0,0,0,0,0,0,0,0,0,0,0,0,0,0,0,0,0,0,0,0,0,0,0,0,0,0,0
1986,28,4,10,23.874,2,7,1,0,0,0,1,1,25,1016,1016,1016,1016,0,0,0,0,0,1,1,0,0,0,-261.5106219,0,0,0,0,3,1,1,10,10,0,0,0,3,1,1,10,1000,0,0,0,0,0,0,0,0,0,0,0,0,0,0,0,0,0,0,0,0,0,0,0,0,0,0,0,0,0,0,0,0,0,0,0,0,0,0,0,0,0,0,0,0,0,0,0,0,0,0,0
1986,28,4,11,11.874,2,7,1,0,0,0,1,1,25,1016,1016,1016,1016,0,0,0,0,0,1,1,0,0,0,-261.5540493,0,0,0,0,3,1,1,10,10,0,0,0,3,1,1,10,1000,0,0,0,0,0,0,0,0,0,0,0,0,0,0,0,0,0,0,0,0,0,0,0,0,0,0,0,0,0,0,0,0,0,0,0,0,0,0,0,0,0,0,0,0,0,0,0,0,0,0,0
1986,28,4,11,59.874,2,7,1,0,0,0,1,1,25,1016,1016,1016,1016,0,0,0,0,0,1,1,0,0,0,-261.5974766,0,0,0,0,3,1,1,10,10,0,0,0,3,1,1,10,1000,0,0,0,0,0,0,0,0,0,0,0,0,0,0,0,0,0,0,0,0,0,0,0,0,0,0,0,0,0,0,0,0,0,0,0,0,0,0,0,0,0,0,0,0,0,0,0,0,0,0,0
1986,28,4,12,47.874,2,7,1,0,0,0,1,1,25,1016,1016,1016,1016,0,0,0,0,0,1,1,0,0,0,-261.6409039,0,0,0,0,3,1,1,10,10,0,0,0,3,1,1,10,1000,0,0,0,0,0,0,0,0,0,0,0,0,0,0,0,0,0,0,0,0,0,0,0,0,0,0,0,0,0,0,0,0,0,0,0,0,0,0,0,0,0,0,0,0,0,0,0,0,0,0,0
1986,28,4,13,35.874,2,7,1,0,0,0,1,1,25,1016,1016,1016,1016,0,0,0,0,0,1,1,0,0,0,-261.6843312,0,0,0,0,3,1,1,10,10,0,0,0,3,1,1,10,1000,0,0,0,0,0,0,0,0,0,0,0,0,0,0,0,0,0,0,0,0,0,0,0,0,0,0,0,0,0,0,0,0,0,0,0,0,0,0,0,0,0,0,0,0,0,0,0,0,0,0,0
1986,28,4,14,23.874,2,7,1,0,0,0,1,1,25,1016,1016,1016,1016,0,0,0,0,0,1,1,0,0,0,-261.7277584,0,0,0,0,3,1,1,10,10,0,0,0,3,1,1,10,1000,0,0,0,0,0,0,0,0,0,0,0,0,0,0,0,0,0,0,0,0,0,0,0,0,0,0,0,0,0,0,0,0,0,0,0,0,0,0,0,0,0,0,0,0,0,0,0,0,0,0,0
1986,28,4,18,23.874,2,7,1,0,0,0,1,1,25,1016,1016,1016,1016,0,0,0,0,0,1,1,0,0,0,-261.9448939,0,0,0,0,3,1,1,10,10,0,0,0,3,1,1,10,1000,0,0,0,0,0,0,0,0,0,0,0,0,0,0,0,0,0,0,0,0,0,0,0,0,0,0,0,0,0,0,0,0,0,0,0,0,0,0,0,0,0,0,0,0,0,0,0,0,0,0,0
1986,28,4,19,11.874,2,7,1,0,0,0,1,1,25,1016,1016,1016,1016,0,0,0,0,0,1,1,0,0,0,-261.9883209,0,0,0,0,3,1,1,10,10,0,0,0,3,1,1,10,1000,0,0,0,0,0,0,0,0,0,0,0,0,0,0,0,0,0,0,0,0,0,0,0,0,0,0,0,0,0,0,0,0,0,0,0,0,0,0,0,0,0,0,0,0,0,0,0,0,0,0,0
1986,28,4,19,59.874,2,7,1,0,0,0,1,1,25,1016,1016,1016,1016,0,0,0,0,0,1,1,0,0,0,-262.0317478,0,0,0,0,3,1,1,10,10,0,0,0,3,1,1,10,1000,0,0,0,0,0,0,0,0,0,0,0,0,0,0,0,0,0,0,0,0,0,0,0,0,0,0,0,0,0,0,0,0,0,0,0,0,0,0,0,0,0,0,0,0,0,0,0,0,0,0,0
1986,28,4,20,47.874,2,7,1,0,0,0,1,1,25,1016,1016,1016,1016,0,0,0,0,0,1,1,0,0,0,-262.0751748,0,0,0,0,3,1,1,10,10,0,0,0,3,1,1,10,1000,0,0,0,0,0,0,0,0,0,0,0,0,0,0,0,0,0,0,0,0,0,0,0,0,0,0,0,0,0,0,0,0,0,0,0,0,0,0,0,0,0,0,0,0,0,0,0,0,0,0,0
1986,28,4,21,35.874,2,7,1,0,0,0,1,1,25,1016,1016,1016,1016,0,0,0,0,0,1,1,0,0,0,-262.1186016,0,0,0,0,3,1,1,10,10,0,0,0,3,1,1,10,1000,0,0,0,0,0,0,0,0,0,0,0,0,0,0,0,0,0,0,0,0,0,0,0,0,0,0,0,0,0,0,0,0,0,0,0,0,0,0,0,0,0,0,0,0,0,0,0,0,0,0,0
1986,28,4,22,23.874,2,7,1,0,0,0,1,1,25,1016,1016,1016,1016,0,0,0,0,0,1,1,0,0,0,-262.1620285,0,0,0,0,3,1,1,10,10,0,0,0,3,1,1,10,1000,0,0,0,0,0,0,0,0,0,0,0,0,0,0,0,0,0,0,0,0,0,0,0,0,0,0,0,0,0,0,0,0,0,0,0,0,0,0,0,0,0,0,0,0,0,0,0,0,0,0,0
1986,28,4,23,11.874,2,7,1,0,0,0,1,1,25,1016,1016,1016,1016,0,0,0,0,0,1,1,0,0,0,-262.2054553,0,0,0,0,3,1,1,10,10,0,0,0,3,1,1,10,1000,0,0,0,0,0,0,0,0,0,0,0,0,0,0,0,0,0,0,0,0,0,0,0,0,0,0,0,0,0,0,0,0,0,0,0,0,0,0,0,0,0,0,0,0,0,0,0,0,0,0,0
1986,28,4,23,59.874,2,7,1,0,0,0,1,1,25,1016,1016,1016,1016,0,0,0,0,0,1,1,0,0,0,-262.248882,0,0,0,0,3,1,1,10,10,0,0,0,3,1,1,10,1000,0,0,0,0,0,0,0,0,0,0,0,0,0,0,0,0,0,0,0,0,0,0,0,0,0,0,0,0,0,0,0,0,0,0,0,0,0,0,0,0,0,0,0,0,0,0,0,0,0,0,0
1986,28,4,24,47.874,2,7,1,0,0,0,1,1,25,1016,1016,1016,1016,0,0,0,0,0,1,1,0,0,0,-262.2923087,0,0,0,0,3,1,1,10,10,0,0,0,3,1,1,10,1000,0,0,0,0,0,0,0,0,0,0,0,0,0,0,0,0,0,0,0,0,0,0,0,0,0,0,0,0,0,0,0,0,0,0,0,0,0,0,0,0,0,0,0,0,0,0,0,0,0,0,0
1986,28,4,25,35.873,2,7,1,0,0,0,1,1,25,1016,1016,1016,1016,0,0,0,0,0,1,1,0,0,0,-262.3357345,0,0,0,0,3,1,1,10,10,0,0,0,3,1,1,10,1000,0,0,0,0,0,0,0,0,0,0,0,0,0,0,0,0,0,0,0,0,0,0,0,0,0,0,0,0,0,0,0,0,0,0,0,0,0,0,0,0,0,0,0,0,0,0,0,0,0,0,0
1986,28,4,26,23.873,2,7,1,0,0,0,1,1,25,1016,1016,1016,1016,0,0,0,0,0,1,1,0,0,0,-262.3791611,0,0,0,0,3,1,1,10,10,0,0,0,3,1,1,10,1000,0,0,0,0,0,0,0,0,0,0,0,0,0,0,0,0,0,0,0,0,0,0,0,0,0,0,0,0,0,0,0,0,0,0,0,0,0,0,0,0,0,0,0,0,0,0,0,0,0,0,0
1986,28,4,27,11.873,2,7,1,0,0,0,1,1,25,1016,1016,1016,1016,0,0,0,0,0,1,1,0,0,0,-262.4225878,0,0,0,0,3,1,1,10,10,0,0,0,3,1,1,10,1000,0,0,0,0,0,0,0,0,0,0,0,0,0,0,0,0,0,0,0,0,0,0,0,0,0,0,0,0,0,0,0,0,0,0,0,0,0,0,0,0,0,0,0,0,0,0,0,0,0,0,0
1986,28,4,30,23.873,2,7,1,0,0,0,1,1,25,1016,1016,1016,1016,0,0,0,0,0,1,1,0,0,0,-262.5962938,0,0,0,0,3,1,1,10,10,0,0,0,3,1,1,10,1000,0,0,0,0,0,0,0,0,0,0,0,0,0,0,0,0,0,0,0,0,0,0,0,0,0,0,0,0,0,0,0,0,0,0,0,0,0,0,0,0,0,0,0,0,0,0,0,0,0,0,0
1986,28,4,31,11.873,2,7,1,0,0,0,1,1,25,1016,1016,1016,1016,0,0,0,0,0,1,1,0,0,0,-262.6397202,0,0,0,0,3,1,1,10,10,0,0,0,3,1,1,10,1000,0,0,0,0,0,0,0,0,0,0,0,0,0,0,0,0,0,0,0,0,0,0,0,0,0,0,0,0,0,0,0,0,0,0,0,0,0,0,0,0,0,0,0,0,0,0,0,0,0,0,0
1986,28,4,31,59.873,2,7,1,0,0,0,1,1,25,1016,1016,1016,1016,0,0,0,0,0,1,1,0,0,0,-262.6831466,0,0,0,0,3,1,1,10,10,0,0,0,3,1,1,10,1000,0,0,0,0,0,0,0,0,0,0,0,0,0,0,0,0,0,0,0,0,0,0,0,0,0,0,0,0,0,0,0,0,0,0,0,0,0,0,0,0,0,0,0,0,0,0,0,0,0,0,0
1986,28,4,32,47.873,2,7,1,0,0,0,1,1,25,1016,1016,1016,1016,0,0,0,0,0,1,1,0,0,0,-262.7265729,0,0,0,0,3,1,1,10,10,0,0,0,3,1,1,10,1000,0,0,0,0,0,0,0,0,0,0,0,0,0,0,0,0,0,0,0,0,0,0,0,0,0,0,0,0,0,0,0,0,0,0,0,0,0,0,0,0,0,0,0,0,0,0,0,0,0,0,0
1986,28,4,33,35.873,2,7,1,0,0,0,1,1,25,1016,1016,1016,1016,0,0,0,0,0,1,1,0,0,0,-262.7699992,0,0,0,0,3,1,1,10,10,0,0,0,3,1,1,10,1000,0,0,0,0,0,0,0,0,0,0,0,0,0,0,0,0,0,0,0,0,0,0,0,0,0,0,0,0,0,0,0,0,0,0,0,0,0,0,0,0,0,0,0,0,0,0,0,0,0,0,0
1986,28,4,34,23.873,2,7,1,0,0,0,1,1,25,1016,1016,1016,1016,0,0,0,0,0,1,1,0,0,0,-262.8134255,0,0,0,0,3,1,1,10,10,0,0,0,3,1,1,10,1000,0,0,0,0,0,0,0,0,0,0,0,0,0,0,0,0,0,0,0,0,0,0,0,0,0,0,0,0,0,0,0,0,0,0,0,0,0,0,0,0,0,0,0,0,0,0,0,0,0,0,0
1986,28,4,35,11.873,2,7,1,0,0,0,1,1,25,1016,1016,1016,1016,0,0,0,0,0,1,1,0,0,0,-262.8568517,0,0,0,0,3,1,1,10,10,0,0,0,3,1,1,10,1000,0,0,0,0,0,0,0,0,0,0,0,0,0,0,0,0,0,0,0,0,0,0,0,0,0,0,0,0,0,0,0,0,0,0,0,0,0,0,0,0,0,0,0,0,0,0,0,0,0,0,0
1986,28,4,35,59.873,2,7,1,0,0,0,1,1,25,1016,1016,1016,1016,0,0,0,0,0,1,1,0,0,0,-262.9002779,0,0,0,0,3,1,1,10,10,0,0,0,3,1,1,10,1000,0,0,0,0,0,0,0,0,0,0,0,0,0,0,0,0,0,0,0,0,0,0,0,0,0,0,0,0,0,0,0,0,0,0,0,0,0,0,0,0,0,0,0,0,0,0,0,0,0,0,0
1986,28,4,36,47.873,2,7,1,0,0,0,1,1,25,1016,1016,1016,1016,0,0,0,0,0,1,1,0,0,0,-262.943704,0,0,0,0,3,1,1,10,10,0,0,0,3,1,1,10,1000,0,0,0,0,0,0,0,0,0,0,0,0,0,0,0,0,0,0,0,0,0,0,0,0,0,0,0,0,0,0,0,0,0,0,0,0,0,0,0,0,0,0,0,0,0,0,0,0,0,0,0
1986,28,4,37,35.873,2,7,1,0,0,0,1,1,25,1016,1016,1016,1016,0,0,0,0,0,1,1,0,0,0,-262.9871301,0,0,0,0,3,1,1,10,10,0,0,0,3,1,1,10,1000,0,0,0,0,0,0,0,0,0,0,0,0,0,0,0,0,0,0,0,0,0,0,0,0,0,0,0,0,0,0,0,0,0,0,0,0,0,0,0,0,0,0,0,0,0,0,0,0,0,0,0
1986,28,4,39,11.873,2,7,1,0,0,0,1,1,25,1016,1016,1016,1016,0,0,0,0,0,1,1,0,0,0,-263.0739822,0,0,0,0,3,1,1,10,10,0,0,0,3,1,1,10,1000,0,0,0,0,0,0,0,0,0,0,0,0,0,0,0,0,0,0,0,0,0,0,0,0,0,0,0,0,0,0,0,0,0,0,0,0,0,0,0,0,0,0,0,0,0,0,0,0,0,0,0
1986,28,4,42,23.872,2,7,1,0,0,0,1,1,25,1016,1016,1016,1016,0,0,0,0,0,1,1,0,0,0,-263.247685,0,0,0,0,3,1,1,10,10,0,0,0,3,1,1,10,1000,0,0,0,0,0,0,0,0,0,0,0,0,0,0,0,0,0,0,0,0,0,0,0,0,0,0,0,0,0,0,0,0,0,0,0,0,0,0,0,0,0,0,0,0,0,0,0,0,0,0,0
1986,28,4,43,11.872,2,7,1,0,0,0,1,1,25,1016,1016,1016,1016,0,0,0,0,0,1,1,0,0,0,-263.2911109,0,0,0,0,3,1,1,10,10,0,0,0,3,1,1,10,1000,0,0,0,0,0,0,0,0,0,0,0,0,0,0,0,0,0,0,0,0,0,0,0,0,0,0,0,0,0,0,0,0,0,0,0,0,0,0,0,0,0,0,0,0,0,0,0,0,0,0,0
1986,28,4,43,59.872,2,7,1,0,0,0,1,1,25,1016,1016,1016,1016,0,0,0,0,0,1,1,0,0,0,-263.3345367,0,0,0,0,3,1,1,10,10,0,0,0,3,1,1,10,1000,0,0,0,0,0,0,0,0,0,0,0,0,0,0,0,0,0,0,0,0,0,0,0,0,0,0,0,0,0,0,0,0,0,0,0,0,0,0,0,0,0,0,0,0,0,0,0,0,0,0,0
1986,28,4,44,47.872,2,7,1,0,0,0,1,1,25,1016,1016,1016,1016,0,0,0,0,0,1,1,0,0,0,-263.3779625,0,0,0,0,3,1,1,10,10,0,0,0,3,1,1,10,1000,0,0,0,0,0,0,0,0,0,0,0,0,0,0,0,0,0,0,0,0,0,0,0,0,0,0,0,0,0,0,0,0,0,0,0,0,0,0,0,0,0,0,0,0,0,0,0,0,0,0,0
1986,28,4,45,35.872,2,7,1,0,0,0,1,1,25,1016,1016,1016,1016,0,0,0,0,0,1,1,0,0,0,-263.4213882,0,0,0,0,3,1,1,10,10,0,0,0,3,1,1,10,1000,0,0,0,0,0,0,0,0,0,0,0,0,0,0,0,0,0,0,0,0,0,0,0,0,0,0,0,0,0,0,0,0,0,0,0,0,0,0,0,0,0,0,0,0,0,0,0,0,0,0,0
1986,28,4,46,23.872,2,7,1,0,0,0,1,1,25,1016,1016,1016,1016,0,0,0,0,0,1,1,0,0,0,-263.4648139,0,0,0,0,3,1,1,10,10,0,0,0,3,1,1,10,1000,0,0,0,0,0,0,0,0,0,0,0,0,0,0,0,0,0,0,0,0,0,0,0,0,0,0,0,0,0,0,0,0,0,0,0,0,0,0,0,0,0,0,0,0,0,0,0,0,0,0,0
1986,28,4,47,11.872,2,7,1,0,0,0,1,1,25,1016,1016,1016,1016,0,0,0,0,0,1,1,0,0,0,-263.5082395,0,0,0,0,3,1,1,10,10,0,0,0,3,1,1,10,1000,0,0,0,0,0,0,0,0,0,0,0,0,0,0,0,0,0,0,0,0,0,0,0,0,0,0,0,0,0,0,0,0,0,0,0,0,0,0,0,0,0,0,0,0,0,0,0,0,0,0,0
1986,28,4,47,59.872,2,7,1,0,0,0,1,1,25,1016,1016,1016,1016,0,0,0,0,0,1,1,0,0,0,-263.5516651,0,0,0,0,3,1,1,10,10,0,0,0,3,1,1,10,1000,0,0,0,0,0,0,0,0,0,0,0,0,0,0,0,0,0,0,0,0,0,0,0,0,0,0,0,0,0,0,0,0,0,0,0,0,0,0,0,0,0,0,0,0,0,0,0,0,0,0,0
1986,28,4,49,35.872,2,7,1,0,0,0,1,1,25,1016,1016,1016,1016,0,0,0,0,0,1,1,0,0,0,-263.6385162,0,0,0,0,3,1,1,10,10,0,0,0,3,1,1,10,1000,0,0,0,0,0,0,0,0,0,0,0,0,0,0,0,0,0,0,0,0,0,0,0,0,0,0,0,0,0,0,0,0,0,0,0,0,0,0,0,0,0,0,0,0,0,0,0,0,0,0,0
1986,28,4,50,23.872,2,7,1,0,0,0,1,1,25,1016,1016,1016,1016,0,0,0,0,0,1,1,0,0,0,-263.6819417,0,0,0,0,3,1,1,10,10,0,0,0,3,1,1,10,1000,0,0,0,0,0,0,0,0,0,0,0,0,0,0,0,0,0,0,0,0,0,0,0,0,0,0,0,0,0,0,0,0,0,0,0,0,0,0,0,0,0,0,0,0,0,0,0,0,0,0,0
1986,28,4,51,11.872,2,7,1,0,0,0,1,1,25,1016,1016,1016,1016,0,0,0,0,0,1,1,0,0,0,-263.7253672,0,0,0,0,3,1,1,10,10,0,0,0,3,1,1,10,1000,0,0,0,0,0,0,0,0,0,0,0,0,0,0,0,0,0,0,0,0,0,0,0,0,0,0,0,0,0,0,0,0,0,0,0,0,0,0,0,0,0,0,0,0,0,0,0,0,0,0,0
1986,28,4,54,23.872,2,7,1,0,0,0,1,1,25,1016,1016,1016,1016,0,0,0,0,0,1,1,0,0,0,-263.8990687,0,0,0,0,3,1,1,10,10,0,0,0,3,1,1,10,1000,0,0,0,0,0,0,0,0,0,0,0,0,0,0,0,0,0,0,0,0,0,0,0,0,0,0,0,0,0,0,0,0,0,0,0,0,0,0,0,0,0,0,0,0,0,0,0,0,0,0,0
1986,28,4,55,11.871,2,7,1,0,0,0,1,1,25,1016,1016,1016,1016,0,0,0,0,0,1,1,0,0,0,-263.942493,0,0,0,0,3,1,1,10,10,0,0,0,3,1,1,10,1000,0,0,0,0,0,0,0,0,0,0,0,0,0,0,0,0,0,0,0,0,0,0,0,0,0,0,0,0,0,0,0,0,0,0,0,0,0,0,0,0,0,0,0,0,0,0,0,0,0,0,0
1986,28,4,55,59.871,2,7,1,0,0,0,1,1,25,1016,1016,1016,1016,0,0,0,0,0,1,1,0,0,0,-263.9859183,0,0,0,0,3,1,1,10,10,0,0,0,3,1,1,10,1000,0,0,0,0,0,0,0,0,0,0,0,0,0,0,0,0,0,0,0,0,0,0,0,0,0,0,0,0,0,0,0,0,0,0,0,0,0,0,0,0,0,0,0,0,0,0,0,0,0,0,0
1986,28,4,56,47.871,2,7,1,0,0,0,1,1,25,1016,1016,1016,1016,0,0,0,0,0,1,1,0,0,0,-264.0293435,0,0,0,0,3,1,1,10,10,0,0,0,3,1,1,10,1000,0,0,0,0,0,0,0,0,0,0,0,0,0,0,0,0,0,0,0,0,0,0,0,0,0,0,0,0,0,0,0,0,0,0,0,0,0,0,0,0,0,0,0,0,0,0,0,0,0,0,0
1986,28,4,57,35.871,2,7,1,0,0,0,1,1,25,1016,1016,1016,1016,0,0,0,0,0,1,1,0,0,0,-264.0727686,0,0,0,0,3,1,1,10,10,0,0,0,3,1,1,10,1000,0,0,0,0,0,0,0,0,0,0,0,0,0,0,0,0,0,0,0,0,0,0,0,0,0,0,0,0,0,0,0,0,0,0,0,0,0,0,0,0,0,0,0,0,0,0,0,0,0,0,0
1986,28,4,58,23.871,2,7,1,0,0,0,1,1,25,1016,1016,1016,1016,0,0,0,0,0,1,1,0,0,0,-264.1161937,0,0,0,0,3,1,1,10,10,0,0,0,3,1,1,10,1000,0,0,0,0,0,0,0,0,0,0,0,0,0,0,0,0,0,0,0,0,0,0,0,0,0,0,0,0,0,0,0,0,0,0,0,0,0,0,0,0,0,0,0,0,0,0,0,0,0,0,0
1986,28,4,59,11.871,2,7,1,0,0,0,1,1,25,1016,1016,1016,1016,0,0,0,0,0,1,1,0,0,0,-264.1596188,0,0,0,0,3,1,1,10,10,0,0,0,3,1,1,10,1000,0,0,0,0,0,0,0,0,0,0,0,0,0,0,0,0,0,0,0,0,0,0,0,0,0,0,0,0,0,0,0,0,0,0,0,0,0,0,0,0,0,0,0,0,0,0,0,0,0,0,0
1986,28,4,59,59.871,2,7,1,0,0,0,1,1,25,1016,1016,1016,1016,0,0,0,0,0,1,1,0,0,0,-264.2030439,0,0,0,0,3,1,1,10,10,0,0,0,3,1,1,10,1000,0,0,0,0,0,0,0,0,0,0,0,0,0,0,0,0,0,0,0,0,0,0,0,0,0,0,0,0,0,0,0,0,0,0,0,0,0,0,0,0,0,0,0,0,0,0,0,0,0,0,0
1986,28,5,0,47.871,2,7,1,0,0,0,1,1,25,1016,1016,1016,1016,0,0,0,0,0,1,1,0,0,0,-264.2464689,0,0,0,0,3,1,1,10,10,0,0,0,3,1,1,10,1000,0,0,0,0,0,0,0,0,0,0,0,0,0,0,0,0,0,0,0,0,0,0,0,0,0,0,0,0,0,0,0,0,0,0,0,0,0,0,0,0,0,0,0,0,0,0,0,0,0,0,0
1986,28,5,1,35.871,2,7,1,0,0,0,1,1,25,1016,1016,1016,1016,0,0,0,0,0,1,1,0,0,0,-264.2898938,0,0,0,0,3,1,1,10,10,0,0,0,3,1,1,10,1000,0,0,0,0,0,0,0,0,0,0,0,0,0,0,0,0,0,0,0,0,0,0,0,0,0,0,0,0,0,0,0,0,0,0,0,0,0,0,0,0,0,0,0,0,0,0,0,0,0,0,0
1986,28,5,2,23.871,2,7,1,0,0,0,1,1,25,1016,1016,1016,1016,0,0,0,0,0,1,1,0,0,0,-264.3333188,0,0,0,0,3,1,1,10,10,0,0,0,3,1,1,10,1000,0,0,0,0,0,0,0,0,0,0,0,0,0,0,0,0,0,0,0,0,0,0,0,0,0,0,0,0,0,0,0,0,0,0,0,0,0,0,0,0,0,0,0,0,0,0,0,0,0,0,0
1986,28,5,3,11.871,2,7,1,0,0,0,1,1,25,1016,1016,1016,1016,0,0,0,0,0,1,1,0,0,0,-264.3767437,0,0,0,0,3,1,1,10,10,0,0,0,3,1,1,10,1000,0,0,0,0,0,0,0,0,0,0,0,0,0,0,0,0,0,0,0,0,0,0,0,0,0,0,0,0,0,0,0,0,0,0,0,0,0,0,0,0,0,0,0,0,0,0,0,0,0,0,0
1986,28,5,6,23.871,2,7,1,0,0,0,1,1,25,1016,1016,1016,1016,0,0,0,0,0,1,1,0,0,0,-264.5504428,0,0,0,0,3,1,1,10,10,0,0,0,3,1,1,10,1000,0,0,0,0,0,0,0,0,0,0,0,0,0,0,0,0,0,0,0,0,0,0,0,0,0,0,0,0,0,0,0,0,0,0,0,0,0,0,0,0,0,0,0,0,0,0,0,0,0,0,0
1986,28,5,7,11.871,2,7,1,0,0,0,1,1,25,1016,1016,1016,1016,0,0,0,0,0,1,1,0,0,0,-264.5938675,0,0,0,0,3,1,1,10,10,0,0,0,3,1,1,10,1000,0,0,0,0,0,0,0,0,0,0,0,0,0,0,0,0,0,0,0,0,0,0,0,0,0,0,0,0,0,0,0,0,0,0,0,0,0,0,0,0,0,0,0,0,0,0,0,0,0,0,0
1986,28,5,7,59.871,2,7,1,0,0,0,1,1,25,1016,1016,1016,1016,0,0,0,0,0,1,1,0,0,0,-264.6372922,0,0,0,0,3,1,1,10,10,0,0,0,3,1,1,10,1000,0,0,0,0,0,0,0,0,0,0,0,0,0,0,0,0,0,0,0,0,0,0,0,0,0,0,0,0,0,0,0,0,0,0,0,0,0,0,0,0,0,0,0,0,0,0,0,0,0,0,0
1986,28,5,8,47.871,2,7,1,0,0,0,1,1,25,1016,1016,1016,1016,0,0,0,0,0,1,1,0,0,0,-264.6807168,0,0,0,0,3,1,1,10,10,0,0,0,3,1,1,10,1000,0,0,0,0,0,0,0,0,0,0,0,0,0,0,0,0,0,0,0,0,0,0,0,0,0,0,0,0,0,0,0,0,0,0,0,0,0,0,0,0,0,0,0,0,0,0,0,0,0,0,0
1986,28,5,9,35.871,2,7,1,0,0,0,1,1,25,1016,1016,1016,1016,0,0,0,0,0,1,1,0,0,0,-264.7241414,0,0,0,0,3,1,1,10,10,0,0,0,3,1,1,10,1000,0,0,0,0,0,0,0,0,0,0,0,0,0,0,0,0,0,0,0,0,0,0,0,0,0,0,0,0,0,0,0,0,0,0,0,0,0,0,0,0,0,0,0,0,0,0,0,0,0,0,0
1986,28,5,10,23.87,2,7,1,0,0,0,1,1,25,1016,1016,1016,1016,0,0,0,0,0,1,1,0,0,0,-264.7675651,0,0,0,0,3,1,1,10,10,0,0,0,3,1,1,10,1000,0,0,0,0,0,0,0,0,0,0,0,0,0,0,0,0,0,0,0,0,0,0,0,0,0,0,0,0,0,0,0,0,0,0,0,0,0,0,0,0,0,0,0,0,0,0,0,0,0,0,0
1986,28,5,11,11.87,2,7,1,0,0,0,1,1,25,1016,1016,1016,1016,0,0,0,0,0,1,1,0,0,0,-264.8109896,0,0,0,0,3,1,1,10,10,0,0,0,3,1,1,10,1000,0,0,0,0,0,0,0,0,0,0,0,0,0,0,0,0,0,0,0,0,0,0,0,0,0,0,0,0,0,0,0,0,0,0,0,0,0,0,0,0,0,0,0,0,0,0,0,0,0,0,0
1986,28,5,11,59.87,2,7,1,0,0,0,1,1,25,1016,1016,1016,1016,0,0,0,0,0,1,1,0,0,0,-264.8544141,0,0,0,0,3,1,1,10,10,0,0,0,3,1,1,10,1000,0,0,0,0,0,0,0,0,0,0,0,0,0,0,0,0,0,0,0,0,0,0,0,0,0,0,0,0,0,0,0,0,0,0,0,0,0,0,0,0,0,0,0,0,0,0,0,0,0,0,0
1986,28,5,12,47.87,2,7,1,0,0,0,1,1,25,1016,1016,1016,1016,0,0,0,0,0,1,1,0,0,0,-264.8978385,0,0,0,0,3,1,1,10,10,0,0,0,3,1,1,10,1000,0,0,0,0,0,0,0,0,0,0,0,0,0,0,0,0,0,0,0,0,0,0,0,0,0,0,0,0,0,0,0,0,0,0,0,0,0,0,0,0,0,0,0,0,0,0,0,0,0,0,0
1986,28,5,13,35.87,2,7,1,0,0,0,1,1,25,1016,1016,1016,1016,0,0,0,0,0,1,1,0,0,0,-264.9412629,0,0,0,0,3,1,1,10,10,0,0,0,3,1,1,10,1000,0,0,0,0,0,0,0,0,0,0,0,0,0,0,0,0,0,0,0,0,0,0,0,0,0,0,0,0,0,0,0,0,0,0,0,0,0,0,0,0,0,0,0,0,0,0,0,0,0,0,0
1986,28,5,14,23.87,2,7,1,0,0,0,1,1,25,1016,1016,1016,1016,0,0,0,0,0,1,1,0,0,0,-264.9846873,0,0,0,0,3,1,1,10,10,0,0,0,3,1,1,10,1000,0,0,0,0,0,0,0,0,0,0,0,0,0,0,0,0,0,0,0,0,0,0,0,0,0,0,0,0,0,0,0,0,0,0,0,0,0,0,0,0,0,0,0,0,0,0,0,0,0,0,0
1986,28,5,18,23.87,2,7,1,0,0,0,1,1,25,1016,1016,1016,1016,0,0,0,0,0,1,1,0,0,0,-265.2018085,0,0,0,0,3,1,1,10,10,0,0,0,3,1,1,10,1000,0,0,0,0,0,0,0,0,0,0,0,0,0,0,0,0,0,0,0,0,0,0,0,0,0,0,0,0,0,0,0,0,0,0,0,0,0,0,0,0,0,0,0,0,0,0,0,0,0,0,0
1986,28,5,19,11.87,2,7,1,0,0,0,1,1,25,1016,1016,1016,1016,0,0,0,0,0,1,1,0,0,0,-265.2452327,0,0,0,0,3,1,1,10,10,0,0,0,3,1,1,10,1000,0,0,0,0,0,0,0,0,0,0,0,0,0,0,0,0,0,0,0,0,0,0,0,0,0,0,0,0,0,0,0,0,0,0,0,0,0,0,0,0,0,0,0,0,0,0,0,0,0,0,0
1986,28,5,19,59.87,2,7,1,0,0,0,1,1,25,1016,1016,1016,1016,0,0,0,0,0,1,1,0,0,0,-265.2886568,0,0,0,0,3,1,1,10,10,0,0,0,3,1,1,10,1000,0,0,0,0,0,0,0,0,0,0,0,0,0,0,0,0,0,0,0,0,0,0,0,0,0,0,0,0,0,0,0,0,0,0,0,0,0,0,0,0,0,0,0,0,0,0,0,0,0,0,0
1986,28,5,20,47.87,2,7,1,0,0,0,1,1,25,1016,1016,1016,1016,0,0,0,0,0,1,1,0,0,0,-265.3320808,0,0,0,0,3,1,1,10,10,0,0,0,3,1,1,10,1000,0,0,0,0,0,0,0,0,0,0,0,0,0,0,0,0,0,0,0,0,0,0,0,0,0,0,0,0,0,0,0,0,0,0,0,0,0,0,0,0,0,0,0,0,0,0,0,0,0,0,0
1986,28,5,21,35.87,2,7,1,0,0,0,1,1,25,1016,1016,1016,1016,0,0,0,0,0,1,1,0,0,0,-265.3755049,0,0,0,0,3,1,1,10,10,0,0,0,3,1,1,10,1000,0,0,0,0,0,0,0,0,0,0,0,0,0,0,0,0,0,0,0,0,0,0,0,0,0,0,0,0,0,0,0,0,0,0,0,0,0,0,0,0,0,0,0,0,0,0,0,0,0,0,0
1986,28,5,22,23.87,2,7,1,0,0,0,1,1,25,1016,1016,1016,1016,0,0,0,0,0,1,1,0,0,0,-265.4189289,0,0,0,0,3,1,1,10,10,0,0,0,3,1,1,10,1000,0,0,0,0,0,0,0,0,0,0,0,0,0,0,0,0,0,0,0,0,0,0,0,0,0,0,0,0,0,0,0,0,0,0,0,0,0,0,0,0,0,0,0,0,0,0,0,0,0,0,0
1986,28,5,23,11.87,2,7,1,0,0,0,1,1,25,1016,1016,1016,1016,0,0,0,0,0,1,1,0,0,0,-265.4623528,0,0,0,0,3,1,1,10,10,0,0,0,3,1,1,10,1000,0,0,0,0,0,0,0,0,0,0,0,0,0,0,0,0,0,0,0,0,0,0,0,0,0,0,0,0,0,0,0,0,0,0,0,0,0,0,0,0,0,0,0,0,0,0,0,0,0,0,0
1986,28,5,23,59.87,2,7,1,0,0,0,1,1,25,1016,1016,1016,1016,0,0,0,0,0,1,1,0,0,0,-265.5057767,0,0,0,0,3,1,1,10,10,0,0,0,3,1,1,10,1000,0,0,0,0,0,0,0,0,0,0,0,0,0,0,0,0,0,0,0,0,0,0,0,0,0,0,0,0,0,0,0,0,0,0,0,0,0,0,0,0,0,0,0,0,0,0,0,0,0,0,0
1986,28,5,24,47.87,2,7,1,0,0,0,1,1,25,1016,1016,1016,1016,0,0,0,0,0,1,1,0,0,0,-265.5492006,0,0,0,0,3,1,1,10,10,0,0,0,3,1,1,10,1000,0,0,0,0,0,0,0,0,0,0,0,0,0,0,0,0,0,0,0,0,0,0,0,0,0,0,0,0,0,0,0,0,0,0,0,0,0,0,0,0,0,0,0,0,0,0,0,0,0,0,0
1986,28,5,26,23.869,2,7,1,0,0,0,1,1,25,1016,1016,1016,1016,0,0,0,0,0,1,1,0,0,0,-265.6360473,0,0,0,0,3,1,1,10,10,0,0,0,3,1,1,10,1000,0,0,0,0,0,0,0,0,0,0,0,0,0,0,0,0,0,0,0,0,0,0,0,0,0,0,0,0,0,0,0,0,0,0,0,0,0,0,0,0,0,0,0,0,0,0,0,0,0,0,0
1986,28,5,27,11.869,2,7,1,0,0,0,1,1,25,1016,1016,1016,1016,0,0,0,0,0,1,1,0,0,0,-265.6794711,0,0,0,0,3,1,1,10,10,0,0,0,3,1,1,10,1000,0,0,0,0,0,0,0,0,0,0,0,0,0,0,0,0,0,0,0,0,0,0,0,0,0,0,0,0,0,0,0,0,0,0,0,0,0,0,0,0,0,0,0,0,0,0,0,0,0,0,0
1986,28,5,30,23.869,2,7,1,0,0,0,1,1,25,1016,1016,1016,1016,0,0,0,0,0,1,1,0,0,0,-265.8531658,0,0,0,0,3,1,1,10,10,0,0,0,3,1,1,10,1000,0,0,0,0,0,0,0,0,0,0,0,0,0,0,0,0,0,0,0,0,0,0,0,0,0,0,0,0,0,0,0,0,0,0,0,0,0,0,0,0,0,0,0,0,0,0,0,0,0,0,0
1986,28,5,31,11.869,2,7,1,0,0,0,1,1,25,1016,1016,1016,1016,0,0,0,0,0,1,1,0,0,0,-265.8965894,0,0,0,0,3,1,1,10,10,0,0,0,3,1,1,10,1000,0,0,0,0,0,0,0,0,0,0,0,0,0,0,0,0,0,0,0,0,0,0,0,0,0,0,0,0,0,0,0,0,0,0,0,0,0,0,0,0,0,0,0,0,0,0,0,0,0,0,0
1986,28,5,32,47.869,2,7,1,0,0,0,1,1,25,1016,1016,1016,1016,0,0,0,0,0,1,1,0,0,0,-265.9834364,0,0,0,0,3,1,1,10,10,0,0,0,3,1,1,10,1000,0,0,0,0,0,0,0,0,0,0,0,0,0,0,0,0,0,0,0,0,0,0,0,0,0,0,0,0,0,0,0,0,0,0,0,0,0,0,0,0,0,0,0,0,0,0,0,0,0,0,0
1986,28,5,33,35.869,2,7,1,0,0,0,1,1,25,1016,1016,1016,1016,0,0,0,0,0,1,1,0,0,0,-266.0268599,0,0,0,0,3,1,1,10,10,0,0,0,3,1,1,10,1000,0,0,0,0,0,0,0,0,0,0,0,0,0,0,0,0,0,0,0,0,0,0,0,0,0,0,0,0,0,0,0,0,0,0,0,0,0,0,0,0,0,0,0,0,0,0,0,0,0,0,0
1986,28,5,34,23.869,2,7,1,0,0,0,1,1,25,1016,1016,1016,1016,0,0,0,0,0,1,1,0,0,0,-266.0702833,0,0,0,0,3,1,1,10,10,0,0,0,3,1,1,10,1000,0,0,0,0,0,0,0,0,0,0,0,0,0,0,0,0,0,0,0,0,0,0,0,0,0,0,0,0,0,0,0,0,0,0,0,0,0,0,0,0,0,0,0,0,0,0,0,0,0,0,0
1986,28,5,35,11.869,2,7,1,0,0,0,1,1,25,1016,1016,1016,1016,0,0,0,0,0,1,1,0,0,0,-266.1137067,0,0,0,0,3,1,1,10,10,0,0,0,3,1,1,10,1000,0,0,0,0,0,0,0,0,0,0,0,0,0,0,0,0,0,0,0,0,0,0,0,0,0,0,0,0,0,0,0,0,0,0,0,0,0,0,0,0,0,0,0,0,0,0,0,0,0,0,0
1986,28,5,35,59.869,2,7,1,0,0,0,1,1,25,1016,1016,1016,1016,0,0,0,0,0,1,1,0,0,0,-266.15713,0,0,0,0,3,1,1,10,10,0,0,0,3,1,1,10,1000,0,0,0,0,0,0,0,0,0,0,0,0,0,0,0,0,0,0,0,0,0,0,0,0,0,0,0,0,0,0,0,0,0,0,0,0,0,0,0,0,0,0,0,0,0,0,0,0,0,0,0
1986,28,5,36,47.869,2,7,1,0,0,0,1,1,25,1016,1016,1016,1016,0,0,0,0,0,1,1,0,0,0,-266.2005533,0,0,0,0,3,1,1,10,10,0,0,0,3,1,1,10,1000,0,0,0,0,0,0,0,0,0,0,0,0,0,0,0,0,0,0,0,0,0,0,0,0,0,0,0,0,0,0,0,0,0,0,0,0,0,0,0,0,0,0,0,0,0,0,0,0,0,0,0
1986,28,5,37,35.869,2,7,1,0,0,0,1,1,25,1016,1016,1016,1016,0,0,0,0,0,1,1,0,0,0,-266.2439766,0,0,0,0,3,1,1,10,10,0,0,0,3,1,1,10,1000,0,0,0,0,0,0,0,0,0,0,0,0,0,0,0,0,0,0,0,0,0,0,0,0,0,0,0,0,0,0,0,0,0,0,0,0,0,0,0,0,0,0,0,0,0,0,0,0,0,0,0
1986,28,5,38,23.869,2,7,1,0,0,0,1,1,25,1016,1016,1016,1016,0,0,0,0,0,1,1,0,0,0,-266.2873999,0,0,0,0,3,1,1,10,10,0,0,0,3,1,1,10,1000,0,0,0,0,0,0,0,0,0,0,0,0,0,0,0,0,0,0,0,0,0,0,0,0,0,0,0,0,0,0,0,0,0,0,0,0,0,0,0,0,0,0,0,0,0,0,0,0,0,0,0
1986,28,5,39,11.869,2,7,1,0,0,0,1,1,25,1016,1016,1016,1016,0,0,0,0,0,1,1,0,0,0,-266.3308231,0,0,0,0,3,1,1,10,10,0,0,0,3,1,1,10,1000,0,0,0,0,0,0,0,0,0,0,0,0,0,0,0,0,0,0,0,0,0,0,0,0,0,0,0,0,0,0,0,0,0,0,0,0,0,0,0,0,0,0,0,0,0,0,0,0,0,0,0
1986,28,5,42,23.868,2,7,1,0,0,0,1,1,25,1016,1016,1016,1016,0,0,0,0,0,1,1,0,0,0,-266.5045146,0,0,0,0,3,1,1,10,10,0,0,0,3,1,1,10,1000,0,0,0,0,0,0,0,0,0,0,0,0,0,0,0,0,0,0,0,0,0,0,0,0,0,0,0,0,0,0,0,0,0,0,0,0,0,0,0,0,0,0,0,0,0,0,0,0,0,0,0
1986,28,5,43,11.868,2,7,1,0,0,0,1,1,25,1016,1016,1016,1016,0,0,0,0,0,1,1,0,0,0,-266.5479376,0,0,0,0,3,1,1,10,10,0,0,0,3,1,1,10,1000,0,0,0,0,0,0,0,0,0,0,0,0,0,0,0,0,0,0,0,0,0,0,0,0,0,0,0,0,0,0,0,0,0,0,0,0,0,0,0,0,0,0,0,0,0,0,0,0,0,0,0
1986,28,5,43,59.868,2,7,1,0,0,0,1,1,25,1016,1016,1016,1016,0,0,0,0,0,1,1,0,0,0,-266.5913606,0,0,0,0,3,1,1,10,10,0,0,0,3,1,1,10,1000,0,0,0,0,0,0,0,0,0,0,0,0,0,0,0,0,0,0,0,0,0,0,0,0,0,0,0,0,0,0,0,0,0,0,0,0,0,0,0,0,0,0,0,0,0,0,0,0,0,0,0
1986,28,5,44,47.868,2,7,1,0,0,0,1,1,25,1016,1016,1016,1016,0,0,0,0,0,1,1,0,0,0,-266.6347835,0,0,0,0,3,1,1,10,10,0,0,0,3,1,1,10,1000,0,0,0,0,0,0,0,0,0,0,0,0,0,0,0,0,0,0,0,0,0,0,0,0,0,0,0,0,0,0,0,0,0,0,0,0,0,0,0,0,0,0,0,0,0,0,0,0,0,0,0
1986,28,5,45,35.868,2,7,1,0,0,0,1,1,25,1016,1016,1016,1016,0,0,0,0,0,1,1,0,0,0,-266.6782064,0,0,0,0,3,1,1,10,10,0,0,0,3,1,1,10,1000,0,0,0,0,0,0,0,0,0,0,0,0,0,0,0,0,0,0,0,0,0,0,0,0,0,0,0,0,0,0,0,0,0,0,0,0,0,0,0,0,0,0,0,0,0,0,0,0,0,0,0
1986,28,5,46,23.868,2,7,1,0,0,0,1,1,25,1016,1016,1016,1016,0,0,0,0,0,1,1,0,0,0,-266.7216293,0,0,0,0,3,1,1,10,10,0,0,0,3,1,1,10,1000,0,0,0,0,0,0,0,0,0,0,0,0,0,0,0,0,0,0,0,0,0,0,0,0,0,0,0,0,0,0,0,0,0,0,0,0,0,0,0,0,0,0,0,0,0,0,0,0,0,0,0
1986,28,5,47,11.868,2,7,1,0,0,0,1,1,25,1016,1016,1016,1016,0,0,0,0,0,1,1,0,0,0,-266.7650521,0,0,0,0,3,1,1,10,10,0,0,0,3,1,1,10,1000,0,0,0,0,0,0,0,0,0,0,0,0,0,0,0,0,0,0,0,0,0,0,0,0,0,0,0,0,0,0,0,0,0,0,0,0,0,0,0,0,0,0,0,0,0,0,0,0,0,0,0
1986,28,5,47,59.868,2,7,1,0,0,0,1,1,25,1016,1016,1016,1016,0,0,0,0,0,1,1,0,0,0,-266.8084749,0,0,0,0,3,1,1,10,10,0,0,0,3,1,1,10,1000,0,0,0,0,0,0,0,0,0,0,0,0,0,0,0,0,0,0,0,0,0,0,0,0,0,0,0,0,0,0,0,0,0,0,0,0,0,0,0,0,0,0,0,0,0,0,0,0,0,0,0
1986,28,5,48,47.868,2,7,1,0,0,0,1,1,25,1016,1016,1016,1016,0,0,0,0,0,1,1,0,0,0,-266.8518977,0,0,0,0,3,1,1,10,10,0,0,0,3,1,1,10,1000,0,0,0,0,0,0,0,0,0,0,0,0,0,0,0,0,0,0,0,0,0,0,0,0,0,0,0,0,0,0,0,0,0,0,0,0,0,0,0,0,0,0,0,0,0,0,0,0,0,0,0
1986,28,5,49,35.868,2,7,1,0,0,0,1,1,25,1016,1016,1016,1016,0,0,0,0,0,1,1,0,0,0,-266.8953204,0,0,0,0,3,1,1,10,10,0,0,0,3,1,1,10,1000,0,0,0,0,0,0,0,0,0,0,0,0,0,0,0,0,0,0,0,0,0,0,0,0,0,0,0,0,0,0,0,0,0,0,0,0,0,0,0,0,0,0,0,0,0,0,0,0,0,0,0
1986,28,5,50,23.868,2,7,1,0,0,0,1,1,25,1016,1016,1016,1016,0,0,0,0,0,1,1,0,0,0,-266.9387431,0,0,0,0,3,1,1,10,10,0,0,0,3,1,1,10,1000,0,0,0,0,0,0,0,0,0,0,0,0,0,0,0,0,0,0,0,0,0,0,0,0,0,0,0,0,0,0,0,0,0,0,0,0,0,0,0,0,0,0,0,0,0,0,0,0,0,0,0
1986,28,5,51,11.868,2,7,1,0,0,0,1,1,25,1016,1016,1016,1016,0,0,0,0,0,1,1,0,0,0,-266.9821657,0,0,0,0,3,1,1,10,10,0,0,0,3,1,1,10,1000,0,0,0,0,0,0,0,0,0,0,0,0,0,0,0,0,0,0,0,0,0,0,0,0,0,0,0,0,0,0,0,0,0,0,0,0,0,0,0,0,0,0,0,0,0,0,0,0,0,0,0
1986,28,5,54,23.868,2,7,1,0,0,0,1,1,25,1016,1016,1016,1016,0,0,0,0,0,1,1,0,0,0,-267.1558559,0,0,0,0,3,1,1,10,10,0,0,0,3,1,1,10,1000,0,0,0,0,0,0,0,0,0,0,0,0,0,0,0,0,0,0,0,0,0,0,0,0,0,0,0,0,0,0,0,0,0,0,0,0,0,0,0,0,0,0,0,0,0,0,0,0,0,0,0
1986,28,5,55,11.868,2,7,1,0,0,0,1,1,25,1016,1016,1016,1016,0,0,0,0,0,1,1,0,0,0,-267.1992784,0,0,0,0,3,1,1,10,10,0,0,0,3,1,1,10,1000,0,0,0,0,0,0,0,0,0,0,0,0,0,0,0,0,0,0,0,0,0,0,0,0,0,0,0,0,0,0,0,0,0,0,0,0,0,0,0,0,0,0,0,0,0,0,0,0,0,0,0
1986,28,5,55,59.867,2,7,1,0,0,0,1,1,25,1016,1016,1016,1016,0,0,0,0,0,1,1,0,0,0,-267.2426999,0,0,0,0,3,1,1,10,10,0,0,0,3,1,1,10,1000,0,0,0,0,0,0,0,0,0,0,0,0,0,0,0,0,0,0,0,0,0,0,0,0,0,0,0,0,0,0,0,0,0,0,0,0,0,0,0,0,0,0,0,0,0,0,0,0,0,0,0
1986,28,5,56,47.867,2,7,1,0,0,0,1,1,25,1016,1016,1016,1016,0,0,0,0,0,1,1,0,0,0,-267.2861223,0,0,0,0,3,1,1,10,10,0,0,0,3,1,1,10,1000,0,0,0,0,0,0,0,0,0,0,0,0,0,0,0,0,0,0,0,0,0,0,0,0,0,0,0,0,0,0,0,0,0,0,0,0,0,0,0,0,0,0,0,0,0,0,0,0,0,0,0
1986,28,5,57,35.867,2,7,1,0,0,0,1,1,25,1016,1016,1016,1016,0,0,0,0,0,1,1,0,0,0,-267.3295446,0,0,0,0,3,1,1,10,10,0,0,0,3,1,1,10,1000,0,0,0,0,0,0,0,0,0,0,0,0,0,0,0,0,0,0,0,0,0,0,0,0,0,0,0,0,0,0,0,0,0,0,0,0,0,0,0,0,0,0,0,0,0,0,0,0,0,0,0
1986,28,5,58,23.867,2,7,1,0,0,0,1,1,25,1016,1016,1016,1016,0,0,0,0,0,1,1,0,0,0,-267.372967,0,0,0,0,3,1,1,10,10,0,0,0,3,1,1,10,1000,0,0,0,0,0,0,0,0,0,0,0,0,0,0,0,0,0,0,0,0,0,0,0,0,0,0,0,0,0,0,0,0,0,0,0,0,0,0,0,0,0,0,0,0,0,0,0,0,0,0,0
1986,28,5,59,11.867,2,7,1,0,0,0,1,1,25,1016,1016,1016,1016,0,0,0,0,0,1,1,0,0,0,-267.4163892,0,0,0,0,3,1,1,10,10,0,0,0,3,1,1,10,1000,0,0,0,0,0,0,0,0,0,0,0,0,0,0,0,0,0,0,0,0,0,0,0,0,0,0,0,0,0,0,0,0,0,0,0,0,0,0,0,0,0,0,0,0,0,0,0,0,0,0,0
1986,28,5,59,59.867,2,7,1,0,0,0,1,1,25,1016,1016,1016,1016,0,0,0,0,0,1,1,0,0,0,-267.4598115,0,0,0,0,3,1,1,10,10,0,0,0,3,1,1,10,1000,0,0,0,0,0,0,0,0,0,0,0,0,0,0,0,0,0,0,0,0,0,0,0,0,0,0,0,0,0,0,0,0,0,0,0,0,0,0,0,0,0,0,0,0,0,0,0,0,0,0,0
1986,28,6,0,47.867,2,7,1,0,0,0,1,1,25,1016,1016,1016,1016,0,0,0,0,0,1,1,0,0,0,-267.5032337,0,0,0,0,3,1,1,10,10,0,0,0,3,1,1,10,1000,0,0,0,0,0,0,0,0,0,0,0,0,0,0,0,0,0,0,0,0,0,0,0,0,0,0,0,0,0,0,0,0,0,0,0,0,0,0,0,0,0,0,0,0,0,0,0,0,0,0,0
1986,28,6,1,35.867,2,7,1,0,0,0,1,1,25,1016,1016,1016,1016,0,0,0,0,0,1,1,0,0,0,-267.5466558,0,0,0,0,3,1,1,10,10,0,0,0,3,1,1,10,1000,0,0,0,0,0,0,0,0,0,0,0,0,0,0,0,0,0,0,0,0,0,0,0,0,0,0,0,0,0,0,0,0,0,0,0,0,0,0,0,0,0,0,0,0,0,0,0,0,0,0,0
1986,28,6,2,23.867,2,7,1,0,0,0,1,1,25,1016,1016,1016,1016,0,0,0,0,0,1,1,0,0,0,-267.590078,0,0,0,0,3,1,1,10,10,0,0,0,3,1,1,10,1000,0,0,0,0,0,0,0,0,0,0,0,0,0,0,0,0,0,0,0,0,0,0,0,0,0,0,0,0,0,0,0,0,0,0,0,0,0,0,0,0,0,0,0,0,0,0,0,0,0,0,0
1986,28,6,3,11.867,2,7,1,0,0,0,1,1,25,1016,1016,1016,1016,0,0,0,0,0,1,1,0,0,0,-267.6335,0,0,0,0,3,1,1,10,10,0,0,0,3,1,1,10,1000,0,0,0,0,0,0,0,0,0,0,0,0,0,0,0,0,0,0,0,0,0,0,0,0,0,0,0,0,0,0,0,0,0,0,0,0,0,0,0,0,0,0,0,0,0,0,0,0,0,0,0
1986,28,6,7,11.867,2,7,1,0,0,0,1,1,25,1016,1016,1016,1016,0,0,0,0,0,1,1,0,0,0,-267.8506099,0,0,0,0,3,1,1,10,10,0,0,0,3,1,1,10,1000,0,0,0,0,0,0,0,0,0,0,0,0,0,0,0,0,0,0,0,0,0,0,0,0,0,0,0,0,0,0,0,0,0,0,0,0,0,0,0,0,0,0,0,0,0,0,0,0,0,0,0
1986,28,6,7,59.867,2,7,1,0,0,0,1,1,25,1016,1016,1016,1016,0,0,0,0,0,1,1,0,0,0,-267.8940318,0,0,0,0,3,1,1,10,10,0,0,0,3,1,1,10,1000,0,0,0,0,0,0,0,0,0,0,0,0,0,0,0,0,0,0,0,0,0,0,0,0,0,0,0,0,0,0,0,0,0,0,0,0,0,0,0,0,0,0,0,0,0,0,0,0,0,0,0
1986,28,6,8,47.867,2,7,1,0,0,0,1,1,25,1016,1016,1016,1016,0,0,0,0,0,1,1,0,0,0,-267.9374536,0,0,0,0,3,1,1,10,10,0,0,0,3,1,1,10,1000,0,0,0,0,0,0,0,0,0,0,0,0,0,0,0,0,0,0,0,0,0,0,0,0,0,0,0,0,0,0,0,0,0,0,0,0,0,0,0,0,0,0,0,0,0,0,0,0,0,0,0
1986,28,6,9,35.867,2,7,1,0,0,0,1,1,25,1016,1016,1016,1016,0,0,0,0,0,1,1,0,0,0,-267.9808754,0,0,0,0,3,1,1,10,10,0,0,0,3,1,1,10,1000,0,0,0,0,0,0,0,0,0,0,0,0,0,0,0,0,0,0,0,0,0,0,0,0,0,0,0,0,0,0,0,0,0,0,0,0,0,0,0,0,0,0,0,0,0,0,0,0,0,0,0
1986,28,6,10,23.867,2,7,1,0,0,0,1,1,25,1016,1016,1016,1016,0,0,0,0,0,1,1,0,0,0,-268.0242972,0,0,0,0,3,1,1,10,10,0,0,0,3,1,1,10,1000,0,0,0,0,0,0,0,0,0,0,0,0,0,0,0,0,0,0,0,0,0,0,0,0,0,0,0,0,0,0,0,0,0,0,0,0,0,0,0,0,0,0,0,0,0,0,0,0,0,0,0
1986,28,6,11,11.866,2,7,1,0,0,0,1,1,25,1016,1016,1016,1016,0,0,0,0,0,1,1,0,0,0,-268.067718,0,0,0,0,3,1,1,10,10,0,0,0,3,1,1,10,1000,0,0,0,0,0,0,0,0,0,0,0,0,0,0,0,0,0,0,0,0,0,0,0,0,0,0,0,0,0,0,0,0,0,0,0,0,0,0,0,0,0,0,0,0,0,0,0,0,0,0,0
1986,28,6,11,59.866,2,7,1,0,0,0,1,1,25,1016,1016,1016,1016,0,0,0,0,0,1,1,0,0,0,-268.1111397,0,0,0,0,3,1,1,10,10,0,0,0,3,1,1,10,1000,0,0,0,0,0,0,0,0,0,0,0,0,0,0,0,0,0,0,0,0,0,0,0,0,0,0,0,0,0,0,0,0,0,0,0,0,0,0,0,0,0,0,0,0,0,0,0,0,0,0,0
1986,28,6,12,47.866,2,7,1,0,0,0,1,1,25,1016,1016,1016,1016,0,0,0,0,0,1,1,0,0,0,-268.1545613,0,0,0,0,3,1,1,10,10,0,0,0,3,1,1,10,1000,0,0,0,0,0,0,0,0,0,0,0,0,0,0,0,0,0,0,0,0,0,0,0,0,0,0,0,0,0,0,0,0,0,0,0,0,0,0,0,0,0,0,0,0,0,0,0,0,0,0,0
1986,28,6,13,35.866,2,7,1,0,0,0,1,1,25,1016,1016,1016,1016,0,0,0,0,0,1,1,0,0,0,-268.1979829,0,0,0,0,3,1,1,10,10,0,0,0,3,1,1,10,1000,0,0,0,0,0,0,0,0,0,0,0,0,0,0,0,0,0,0,0,0,0,0,0,0,0,0,0,0,0,0,0,0,0,0,0,0,0,0,0,0,0,0,0,0,0,0,0,0,0,0,0
1986,28,6,14,23.866,2,7,1,0,0,0,1,1,25,1016,1016,1016,1016,0,0,0,0,0,1,1,0,0,0,-268.2414045,0,0,0,0,3,1,1,10,10,0,0,0,3,1,1,10,1000,0,0,0,0,0,0,0,0,0,0,0,0,0,0,0,0,0,0,0,0,0,0,0,0,0,0,0,0,0,0,0,0,0,0,0,0,0,0,0,0,0,0,0,0,0,0,0,0,0,0,0
1986,28,6,18,23.866,2,7,1,0,0,0,1,1,25,1016,1016,1016,1016,0,0,0,0,0,1,1,0,0,0,-268.4585118,0,0,0,0,3,1,1,10,10,0,0,0,3,1,1,10,1000,0,0,0,0,0,0,0,0,0,0,0,0,0,0,0,0,0,0,0,0,0,0,0,0,0,0,0,0,0,0,0,0,0,0,0,0,0,0,0,0,0,0,0,0,0,0,0,0,0,0,0
1986,28,6,19,11.866,2,7,1,0,0,0,1,1,25,1016,1016,1016,1016,0,0,0,0,0,1,1,0,0,0,-268.5019332,0,0,0,0,3,1,1,10,10,0,0,0,3,1,1,10,1000,0,0,0,0,0,0,0,0,0,0,0,0,0,0,0,0,0,0,0,0,0,0,0,0,0,0,0,0,0,0,0,0,0,0,0,0,0,0,0,0,0,0,0,0,0,0,0,0,0,0,0
1986,28,6,19,59.866,2,7,1,0,0,0,1,1,25,1016,1016,1016,1016,0,0,0,0,0,1,1,0,0,0,-268.5453545,0,0,0,0,3,1,1,10,10,0,0,0,3,1,1,10,1000,0,0,0,0,0,0,0,0,0,0,0,0,0,0,0,0,0,0,0,0,0,0,0,0,0,0,0,0,0,0,0,0,0,0,0,0,0,0,0,0,0,0,0,0,0,0,0,0,0,0,0
1986,28,6,20,47.866,2,7,1,0,0,0,1,1,25,1016,1016,1016,1016,0,0,0,0,0,1,1,0,0,0,-268.5887758,0,0,0,0,3,1,1,10,10,0,0,0,3,1,1,10,1000,0,0,0,0,0,0,0,0,0,0,0,0,0,0,0,0,0,0,0,0,0,0,0,0,0,0,0,0,0,0,0,0,0,0,0,0,0,0,0,0,0,0,0,0,0,0,0,0,0,0,0
1986,28,6,21,35.866,2,7,1,0,0,0,1,1,25,1016,1016,1016,1016,0,0,0,0,0,1,1,0,0,0,-268.632197,0,0,0,0,3,1,1,10,10,0,0,0,3,1,1,10,1000,0,0,0,0,0,0,0,0,0,0,0,0,0,0,0,0,0,0,0,0,0,0,0,0,0,0,0,0,0,0,0,0,0,0,0,0,0,0,0,0,0,0,0,0,0,0,0,0,0,0,0
1986,28,6,22,23.866,2,7,1,0,0,0,1,1,25,1016,1016,1016,1016,0,0,0,0,0,1,1,0,0,0,-268.6756182,0,0,0,0,3,1,1,10,10,0,0,0,3,1,1,10,1000,0,0,0,0,0,0,0,0,0,0,0,0,0,0,0,0,0,0,0,0,0,0,0,0,0,0,0,0,0,0,0,0,0,0,0,0,0,0,0,0,0,0,0,0,0,0,0,0,0,0,0
1986,28,6,23,11.866,2,7,1,0,0,0,1,1,25,1016,1016,1016,1016,0,0,0,0,0,1,1,0,0,0,-268.7190394,0,0,0,0,3,1,1,10,10,0,0,0,3,1,1,10,1000,0,0,0,0,0,0,0,0,0,0,0,0,0,0,0,0,0,0,0,0,0,0,0,0,0,0,0,0,0,0,0,0,0,0,0,0,0,0,0,0,0,0,0,0,0,0,0,0,0,0,0
1986,28,6,23,59.866,2,7,1,0,0,0,1,1,25,1016,1016,1016,1016,0,0,0,0,0,1,1,0,0,0,-268.7624605,0,0,0,0,3,1,1,10,10,0,0,0,3,1,1,10,1000,0,0,0,0,0,0,0,0,0,0,0,0,0,0,0,0,0,0,0,0,0,0,0,0,0,0,0,0,0,0,0,0,0,0,0,0,0,0,0,0,0,0,0,0,0,0,0,0,0,0,0
1986,28,6,24,47.866,2,7,1,0,0,0,1,1,25,1016,1016,1016,1016,0,0,0,0,0,1,1,0,0,0,-268.8058816,0,0,0,0,3,1,1,10,10,0,0,0,3,1,1,10,1000,0,0,0,0,0,0,0,0,0,0,0,0,0,0,0,0,0,0,0,0,0,0,0,0,0,0,0,0,0,0,0,0,0,0,0,0,0,0,0,0,0,0,0,0,0,0,0,0,0,0,0
1986,28,6,25,35.866,2,7,1,0,0,0,1,1,25,1016,1016,1016,1016,0,0,0,0,0,1,1,0,0,0,-268.8493026,0,0,0,0,3,1,1,10,10,0,0,0,3,1,1,10,1000,0,0,0,0,0,0,0,0,0,0,0,0,0,0,0,0,0,0,0,0,0,0,0,0,0,0,0,0,0,0,0,0,0,0,0,0,0,0,0,0,0,0,0,0,0,0,0,0,0,0,0
1986,28,6,26,23.865,2,7,1,0,0,0,1,1,25,1016,1016,1016,1016,0,0,0,0,0,1,1,0,0,0,-268.8927228,0,0,0,0,3,1,1,10,10,0,0,0,3,1,1,10,1000,0,0,0,0,0,0,0,0,0,0,0,0,0,0,0,0,0,0,0,0,0,0,0,0,0,0,0,0,0,0,0,0,0,0,0,0,0,0,0,0,0,0,0,0,0,0,0,0,0,0,0
1986,28,6,27,11.865,2,7,1,0,0,0,1,1,25,1016,1016,1016,1016,0,0,0,0,0,1,1,0,0,0,-268.9361437,0,0,0,0,3,1,1,10,10,0,0,0,3,1,1,10,1000,0,0,0,0,0,0,0,0,0,0,0,0,0,0,0,0,0,0,0,0,0,0,0,0,0,0,0,0,0,0,0,0,0,0,0,0,0,0,0,0,0,0,0,0,0,0,0,0,0,0,0
1986,28,6,30,23.865,2,7,1,0,0,0,1,1,25,1016,1016,1016,1016,0,0,0,0,0,1,1,0,0,0,-269.1098273,0,0,0,0,3,1,1,10,10,0,0,0,3,1,1,10,1000,0,0,0,0,0,0,0,0,0,0,0,0,0,0,0,0,0,0,0,0,0,0,0,0,0,0,0,0,0,0,0,0,0,0,0,0,0,0,0,0,0,0,0,0,0,0,0,0,0,0,0
1986,28,6,31,11.865,2,7,1,0,0,0,1,1,25,1016,1016,1016,1016,0,0,0,0,0,1,1,0,0,0,-269.1532481,0,0,0,0,3,1,1,10,10,0,0,0,3,1,1,10,1000,0,0,0,0,0,0,0,0,0,0,0,0,0,0,0,0,0,0,0,0,0,0,0,0,0,0,0,0,0,0,0,0,0,0,0,0,0,0,0,0,0,0,0,0,0,0,0,0,0,0,0
1986,28,6,31,59.865,2,7,1,0,0,0,1,1,25,1016,1016,1016,1016,0,0,0,0,0,1,1,0,0,0,-269.1966689,0,0,0,0,3,1,1,10,10,0,0,0,3,1,1,10,1000,0,0,0,0,0,0,0,0,0,0,0,0,0,0,0,0,0,0,0,0,0,0,0,0,0,0,0,0,0,0,0,0,0,0,0,0,0,0,0,0,0,0,0,0,0,0,0,0,0,0,0
1986,28,6,32,47.865,2,7,1,0,0,0,1,1,25,1016,1016,1016,1016,0,0,0,0,0,1,1,0,0,0,-269.2400896,0,0,0,0,3,1,1,10,10,0,0,0,3,1,1,10,1000,0,0,0,0,0,0,0,0,0,0,0,0,0,0,0,0,0,0,0,0,0,0,0,0,0,0,0,0,0,0,0,0,0,0,0,0,0,0,0,0,0,0,0,0,0,0,0,0,0,0,0
1986,28,6,33,35.865,2,7,1,0,0,0,1,1,25,1016,1016,1016,1016,0,0,0,0,0,1,1,0,0,0,-269.2835103,0,0,0,0,3,1,1,10,10,0,0,0,3,1,1,10,1000,0,0,0,0,0,0,0,0,0,0,0,0,0,0,0,0,0,0,0,0,0,0,0,0,0,0,0,0,0,0,0,0,0,0,0,0,0,0,0,0,0,0,0,0,0,0,0,0,0,0,0
1986,28,6,34,23.865,2,7,1,0,0,0,1,1,25,1016,1016,1016,1016,0,0,0,0,0,1,1,0,0,0,-269.3269309,0,0,0,0,3,1,1,10,10,0,0,0,3,1,1,10,1000,0,0,0,0,0,0,0,0,0,0,0,0,0,0,0,0,0,0,0,0,0,0,0,0,0,0,0,0,0,0,0,0,0,0,0,0,0,0,0,0,0,0,0,0,0,0,0,0,0,0,0
1986,28,6,35,11.865,2,7,1,0,0,0,1,1,25,1016,1016,1016,1016,0,0,0,0,0,1,1,0,0,0,-269.3703516,0,0,0,0,3,1,1,10,10,0,0,0,3,1,1,10,1000,0,0,0,0,0,0,0,0,0,0,0,0,0,0,0,0,0,0,0,0,0,0,0,0,0,0,0,0,0,0,0,0,0,0,0,0,0,0,0,0,0,0,0,0,0,0,0,0,0,0,0
1986,28,6,35,59.865,2,7,1,0,0,0,1,1,25,1016,1016,1016,1016,0,0,0,0,0,1,1,0,0,0,-269.4137721,0,0,0,0,3,1,1,10,10,0,0,0,3,1,1,10,1000,0,0,0,0,0,0,0,0,0,0,0,0,0,0,0,0,0,0,0,0,0,0,0,0,0,0,0,0,0,0,0,0,0,0,0,0,0,0,0,0,0,0,0,0,0,0,0,0,0,0,0
1986,28,6,36,47.865,2,7,1,0,0,0,1,1,25,1016,1016,1016,1016,0,0,0,0,0,1,1,0,0,0,-269.4571927,0,0,0,0,3,1,1,10,10,0,0,0,3,1,1,10,1000,0,0,0,0,0,0,0,0,0,0,0,0,0,0,0,0,0,0,0,0,0,0,0,0,0,0,0,0,0,0,0,0,0,0,0,0,0,0,0,0,0,0,0,0,0,0,0,0,0,0,0
1986,28,6,37,35.865,2,7,1,0,0,0,1,1,25,1016,1016,1016,1016,0,0,0,0,0,1,1,0,0,0,-269.5006132,0,0,0,0,3,1,1,10,10,0,0,0,3,1,1,10,1000,0,0,0,0,0,0,0,0,0,0,0,0,0,0,0,0,0,0,0,0,0,0,0,0,0,0,0,0,0,0,0,0,0,0,0,0,0,0,0,0,0,0,0,0,0,0,0,0,0,0,0
1986,28,6,38,23.865,2,7,1,0,0,0,1,1,25,1016,1016,1016,1016,0,0,0,0,0,1,1,0,0,0,-269.5440337,0,0,0,0,3,1,1,10,10,0,0,0,3,1,1,10,1000,0,0,0,0,0,0,0,0,0,0,0,0,0,0,0,0,0,0,0,0,0,0,0,0,0,0,0,0,0,0,0,0,0,0,0,0,0,0,0,0,0,0,0,0,0,0,0,0,0,0,0
1986,28,6,39,11.865,2,7,1,0,0,0,1,1,25,1016,1016,1016,1016,0,0,0,0,0,1,1,0,0,0,-269.5874541,0,0,0,0,3,1,1,10,10,0,0,0,3,1,1,10,1000,0,0,0,0,0,0,0,0,0,0,0,0,0,0,0,0,0,0,0,0,0,0,0,0,0,0,0,0,0,0,0,0,0,0,0,0,0,0,0,0,0,0,0,0,0,0,0,0,0,0,0
1986,28,6,42,23.864,2,7,1,0,0,0,1,1,25,1016,1016,1016,1016,0,0,0,0,0,1,1,0,0,0,-269.7611346,0,0,0,0,3,1,1,10,10,0,0,0,3,1,1,10,1000,0,0,0,0,0,0,0,0,0,0,0,0,0,0,0,0,0,0,0,0,0,0,0,0,0,0,0,0,0,0,0,0,0,0,0,0,0,0,0,0,0,0,0,0,0,0,0,0,0,0,0
1986,28,6,43,11.864,2,7,1,0,0,0,1,1,25,1016,1016,1016,1016,0,0,0,0,0,1,1,0,0,0,-269.8045548,0,0,0,0,3,1,1,10,10,0,0,0,3,1,1,10,1000,0,0,0,0,0,0,0,0,0,0,0,0,0,0,0,0,0,0,0,0,0,0,0,0,0,0,0,0,0,0,0,0,0,0,0,0,0,0,0,0,0,0,0,0,0,0,0,0,0,0,0
1986,28,6,43,59.864,2,7,1,0,0,0,1,1,25,1016,1016,1016,1016,0,0,0,0,0,1,1,0,0,0,-269.847975,0,0,0,0,3,1,1,10,10,0,0,0,3,1,1,10,1000,0,0,0,0,0,0,0,0,0,0,0,0,0,0,0,0,0,0,0,0,0,0,0,0,0,0,0,0,0,0,0,0,0,0,0,0,0,0,0,0,0,0,0,0,0,0,0,0,0,0,0
1986,28,6,44,47.864,2,7,1,0,0,0,1,1,25,1016,1016,1016,1016,0,0,0,0,0,1,1,0,0,0,-269.8913952,0,0,0,0,3,1,1,10,10,0,0,0,3,1,1,10,1000,0,0,0,0,0,0,0,0,0,0,0,0,0,0,0,0,0,0,0,0,0,0,0,0,0,0,0,0,0,0,0,0,0,0,0,0,0,0,0,0,0,0,0,0,0,0,0,0,0,0,0
1986,28,6,45,35.864,2,7,1,0,0,0,1,1,25,1016,1016,1016,1016,0,0,0,0,0,1,1,0,0,0,-269.9348154,0,0,0,0,3,1,1,10,10,0,0,0,3,1,1,10,1000,0,0,0,0,0,0,0,0,0,0,0,0,0,0,0,0,0,0,0,0,0,0,0,0,0,0,0,0,0,0,0,0,0,0,0,0,0,0,0,0,0,0,0,0,0,0,0,0,0,0,0
1986,28,6,46,23.864,2,7,1,0,0,0,1,1,25,1016,1016,1016,1016,0,0,0,0,0,1,1,0,0,0,-269.9782355,0,0,0,0,3,1,1,10,10,0,0,0,3,1,1,10,1000,0,0,0,0,0,0,0,0,0,0,0,0,0,0,0,0,0,0,0,0,0,0,0,0,0,0,0,0,0,0,0,0,0,0,0,0,0,0,0,0,0,0,0,0,0,0,0,0,0,0,0
1986,28,6,47,11.864,2,7,1,0,0,0,1,1,25,1016,1016,1016,1016,0,0,0,0,0,1,1,0,0,0,-270.0216555,0,0,0,0,3,1,1,10,10,0,0,0,3,1,1,10,1000,0,0,0,0,0,0,0,0,0,0,0,0,0,0,0,0,0,0,0,0,0,0,0,0,0,0,0,0,0,0,0,0,0,0,0,0,0,0,0,0,0,0,0,0,0,0,0,0,0,0,0
1986,28,6,47,59.864,2,7,1,0,0,0,1,1,25,1016,1016,1016,1016,0,0,0,0,0,1,1,0,0,0,-270.0650756,0,0,0,0,3,1,1,10,10,0,0,0,3,1,1,10,1000,0,0,0,0,0,0,0,0,0,0,0,0,0,0,0,0,0,0,0,0,0,0,0,0,0,0,0,0,0,0,0,0,0,0,0,0,0,0,0,0,0,0,0,0,0,0,0,0,0,0,0
1986,28,6,48,47.864,2,7,1,0,0,0,1,1,25,1016,1016,1016,1016,0,0,0,0,0,1,1,0,0,0,-270.1084956,0,0,0,0,3,1,1,10,10,0,0,0,3,1,1,10,1000,0,0,0,0,0,0,0,0,0,0,0,0,0,0,0,0,0,0,0,0,0,0,0,0,0,0,0,0,0,0,0,0,0,0,0,0,0,0,0,0,0,0,0,0,0,0,0,0,0,0,0
1986,28,6,49,35.864,2,7,1,0,0,0,1,1,25,1016,1016,1016,1016,0,0,0,0,0,1,1,0,0,0,-270.1519155,0,0,0,0,3,1,1,10,10,0,0,0,3,1,1,10,1000,0,0,0,0,0,0,0,0,0,0,0,0,0,0,0,0,0,0,0,0,0,0,0,0,0,0,0,0,0,0,0,0,0,0,0,0,0,0,0,0,0,0,0,0,0,0,0,0,0,0,0
1986,28,6,50,23.864,2,7,1,0,0,0,1,1,25,1016,1016,1016,1016,0,0,0,0,0,1,1,0,0,0,-270.1953354,0,0,0,0,3,1,1,10,10,0,0,0,3,1,1,10,1000,0,0,0,0,0,0,0,0,0,0,0,0,0,0,0,0,0,0,0,0,0,0,0,0,0,0,0,0,0,0,0,0,0,0,0,0,0,0,0,0,0,0,0,0,0,0,0,0,0,0,0
1986,28,6,51,11.864,2,7,1,0,0,0,1,1,25,1016,1016,1016,1016,0,0,0,0,0,1,1,0,0,0,-270.2387553,0,0,0,0,3,1,1,10,10,0,0,0,3,1,1,10,1000,0,0,0,0,0,0,0,0,0,0,0,0,0,0,0,0,0,0,0,0,0,0,0,0,0,0,0,0,0,0,0,0,0,0,0,0,0,0,0,0,0,0,0,0,0,0,0,0,0,0,0
1986,28,6,54,23.864,2,7,1,0,0,0,1,1,25,1016,1016,1016,1016,0,0,0,0,0,1,1,0,0,0,-270.4124345,0,0,0,0,3,1,1,10,10,0,0,0,3,1,1,10,1000,0,0,0,0,0,0,0,0,0,0,0,0,0,0,0,0,0,0,0,0,0,0,0,0,0,0,0,0,0,0,0,0,0,0,0,0,0,0,0,0,0,0,0,0,0,0,0,0,0,0,0
1986,28,6,55,11.864,2,7,1,0,0,0,1,1,25,1016,1016,1016,1016,0,0,0,0,0,1,1,0,0,0,-270.4558542,0,0,0,0,3,1,1,10,10,0,0,0,3,1,1,10,1000,0,0,0,0,0,0,0,0,0,0,0,0,0,0,0,0,0,0,0,0,0,0,0,0,0,0,0,0,0,0,0,0,0,0,0,0,0,0,0,0,0,0,0,0,0,0,0,0,0,0,0
1986,28,6,55,59.863,2,7,1,0,0,0,1,1,25,1016,1016,1016,1016,0,0,0,0,0,1,1,0,0,0,-270.499273,0,0,0,0,3,1,1,10,10,0,0,0,3,1,1,10,1000,0,0,0,0,0,0,0,0,0,0,0,0,0,0,0,0,0,0,0,0,0,0,0,0,0,0,0,0,0,0,0,0,0,0,0,0,0,0,0,0,0,0,0,0,0,0,0,0,0,0,0
1986,28,6,56,47.863,2,7,1,0,0,0,1,1,25,1016,1016,1016,1016,0,0,0,0,0,1,1,0,0,0,-270.5426926,0,0,0,0,3,1,1,10,10,0,0,0,3,1,1,10,1000,0,0,0,0,0,0,0,0,0,0,0,0,0,0,0,0,0,0,0,0,0,0,0,0,0,0,0,0,0,0,0,0,0,0,0,0,0,0,0,0,0,0,0,0,0,0,0,0,0,0,0
1986,28,6,58,23.863,2,7,1,0,0,0,1,1,25,1016,1016,1016,1016,0,0,0,0,0,1,1,0,0,0,-270.6295318,0,0,0,0,3,1,1,10,10,0,0,0,3,1,1,10,1000,0,0,0,0,0,0,0,0,0,0,0,0,0,0,0,0,0,0,0,0,0,0,0,0,0,0,0,0,0,0,0,0,0,0,0,0,0,0,0,0,0,0,0,0,0,0,0,0,0,0,0
1986,28,6,59,11.863,2,7,1,0,0,0,1,1,25,1016,1016,1016,1016,0,0,0,0,0,1,1,0,0,0,-270.6729513,0,0,0,0,3,1,1,10,10,0,0,0,3,1,1,10,1000,0,0,0,0,0,0,0,0,0,0,0,0,0,0,0,0,0,0,0,0,0,0,0,0,0,0,0,0,0,0,0,0,0,0,0,0,0,0,0,0,0,0,0,0,0,0,0,0,0,0,0
1986,28,6,59,59.863,2,7,1,0,0,0,1,1,25,1016,1016,1016,1016,0,0,0,0,0,1,1,0,0,0,-270.7163708,0,0,0,0,3,1,1,10,10,0,0,0,3,1,1,10,1000,0,0,0,0,0,0,0,0,0,0,0,0,0,0,0,0,0,0,0,0,0,0,0,0,0,0,0,0,0,0,0,0,0,0,0,0,0,0,0,0,0,0,0,0,0,0,0,0,0,0,0
1986,28,7,0,47.863,2,7,1,0,0,0,1,1,25,1016,1016,1016,1016,0,0,0,0,0,1,1,0,0,0,-270.7597903,0,0,0,0,3,1,1,10,10,0,0,0,3,1,1,10,1000,0,0,0,0,0,0,0,0,0,0,0,0,0,0,0,0,0,0,0,0,0,0,0,0,0,0,0,0,0,0,0,0,0,0,0,0,0,0,0,0,0,0,0,0,0,0,0,0,0,0,0
1986,28,7,1,35.863,2,7,1,0,0,0,1,1,25,1016,1016,1016,1016,0,0,0,0,0,1,1,0,0,0,-270.8032097,0,0,0,0,3,1,1,10,10,0,0,0,3,1,1,10,1000,0,0,0,0,0,0,0,0,0,0,0,0,0,0,0,0,0,0,0,0,0,0,0,0,0,0,0,0,0,0,0,0,0,0,0,0,0,0,0,0,0,0,0,0,0,0,0,0,0,0,0
1986,28,7,2,23.863,2,7,1,0,0,0,1,1,25,1016,1016,1016,1016,0,0,0,0,0,1,1,0,0,0,-270.846629,0,0,0,0,3,1,1,10,10,0,0,0,3,1,1,10,1000,0,0,0,0,0,0,0,0,0,0,0,0,0,0,0,0,0,0,0,0,0,0,0,0,0,0,0,0,0,0,0,0,0,0,0,0,0,0,0,0,0,0,0,0,0,0,0,0,0,0,0
1986,28,7,3,11.863,2,7,1,0,0,0,1,1,25,1016,1016,1016,1016,0,0,0,0,0,1,1,0,0,0,-270.8900484,0,0,0,0,3,1,1,10,10,0,0,0,3,1,1,10,1000,0,0,0,0,0,0,0,0,0,0,0,0,0,0,0,0,0,0,0,0,0,0,0,0,0,0,0,0,0,0,0,0,0,0,0,0,0,0,0,0,0,0,0,0,0,0,0,0,0,0,0
1986,28,7,18,23.862,2,7,1,0,0,0,1,1,25,1016,1016,1016,1016,0,0,0,0,0,1,1,0,0,0,-271.7150081,0,0,0,0,3,1,1,10,10,0,0,0,3,1,1,10,1000,0,0,0,0,0,0,0,0,0,0,0,0,0,0,0,0,0,0,0,0,0,0,0,0,0,0,0,0,0,0,0,0,0,0,0,0,0,0,0,0,0,0,0,0,0,0,0,0,0,0,0
1986,28,7,19,11.862,2,7,1,0,0,0,1,1,25,1016,1016,1016,1016,0,0,0,0,0,1,1,0,0,0,-271.7584268,0,0,0,0,3,1,1,10,10,0,0,0,3,1,1,10,1000,0,0,0,0,0,0,0,0,0,0,0,0,0,0,0,0,0,0,0,0,0,0,0,0,0,0,0,0,0,0,0,0,0,0,0,0,0,0,0,0,0,0,0,0,0,0,0,0,0,0,0
1986,28,7,19,59.862,2,7,1,0,0,0,1,1,25,1016,1016,1016,1016,0,0,0,0,0,1,1,0,0,0,-271.8018453,0,0,0,0,3,1,1,10,10,0,0,0,3,1,1,10,1000,0,0,0,0,0,0,0,0,0,0,0,0,0,0,0,0,0,0,0,0,0,0,0,0,0,0,0,0,0,0,0,0,0,0,0,0,0,0,0,0,0,0,0,0,0,0,0,0,0,0,0
1986,28,7,20,47.862,2,7,1,0,0,0,1,1,25,1016,1016,1016,1016,0,0,0,0,0,1,1,0,0,0,-271.8452639,0,0,0,0,3,1,1,10,10,0,0,0,3,1,1,10,1000,0,0,0,0,0,0,0,0,0,0,0,0,0,0,0,0,0,0,0,0,0,0,0,0,0,0,0,0,0,0,0,0,0,0,0,0,0,0,0,0,0,0,0,0,0,0,0,0,0,0,0
1986,28,7,21,35.862,2,7,1,0,0,0,1,1,25,1016,1016,1016,1016,0,0,0,0,0,1,1,0,0,0,-271.8886824,0,0,0,0,3,1,1,10,10,0,0,0,3,1,1,10,1000,0,0,0,0,0,0,0,0,0,0,0,0,0,0,0,0,0,0,0,0,0,0,0,0,0,0,0,0,0,0,0,0,0,0,0,0,0,0,0,0,0,0,0,0,0,0,0,0,0,0,0
1986,28,7,22,23.862,2,7,1,0,0,0,1,1,25,1016,1016,1016,1016,0,0,0,0,0,1,1,0,0,0,-271.9321009,0,0,0,0,3,1,1,10,10,0,0,0,3,1,1,10,1000,0,0,0,0,0,0,0,0,0,0,0,0,0,0,0,0,0,0,0,0,0,0,0,0,0,0,0,0,0,0,0,0,0,0,0,0,0,0,0,0,0,0,0,0,0,0,0,0,0,0,0
1986,28,7,23,11.862,2,7,1,0,0,0,1,1,25,1016,1016,1016,1016,0,0,0,0,0,1,1,0,0,0,-271.9755193,0,0,0,0,3,1,1,10,10,0,0,0,3,1,1,10,1000,0,0,0,0,0,0,0,0,0,0,0,0,0,0,0,0,0,0,0,0,0,0,0,0,0,0,0,0,0,0,0,0,0,0,0,0,0,0,0,0,0,0,0,0,0,0,0,0,0,0,0
1986,28,7,23,59.862,2,7,1,0,0,0,1,1,25,1016,1016,1016,1016,0,0,0,0,0,1,1,0,0,0,-272.0189377,0,0,0,0,3,1,1,10,10,0,0,0,3,1,1,10,1000,0,0,0,0,0,0,0,0,0,0,0,0,0,0,0,0,0,0,0,0,0,0,0,0,0,0,0,0,0,0,0,0,0,0,0,0,0,0,0,0,0,0,0,0,0,0,0,0,0,0,0
1986,28,7,24,47.862,2,7,1,0,0,0,1,1,25,1016,1016,1016,1016,0,0,0,0,0,1,1,0,0,0,-272.0623561,0,0,0,0,3,1,1,10,10,0,0,0,3,1,1,10,1000,0,0,0,0,0,0,0,0,0,0,0,0,0,0,0,0,0,0,0,0,0,0,0,0,0,0,0,0,0,0,0,0,0,0,0,0,0,0,0,0,0,0,0,0,0,0,0,0,0,0,0
1986,28,7,25,35.862,2,7,1,0,0,0,1,1,25,1016,1016,1016,1016,0,0,0,0,0,1,1,0,0,0,-272.1057744,0,0,0,0,3,1,1,10,10,0,0,0,3,1,1,10,1000,0,0,0,0,0,0,0,0,0,0,0,0,0,0,0,0,0,0,0,0,0,0,0,0,0,0,0,0,0,0,0,0,0,0,0,0,0,0,0,0,0,0,0,0,0,0,0,0,0,0,0
1986,28,7,26,23.861,2,7,1,0,0,0,1,1,25,1016,1016,1016,1016,0,0,0,0,0,1,1,0,0,0,-272.1491918,0,0,0,0,3,1,1,10,10,0,0,0,3,1,1,10,1000,0,0,0,0,0,0,0,0,0,0,0,0,0,0,0,0,0,0,0,0,0,0,0,0,0,0,0,0,0,0,0,0,0,0,0,0,0,0,0,0,0,0,0,0,0,0,0,0,0,0,0
1986,28,7,27,11.861,2,7,1,0,0,0,1,1,25,1016,1016,1016,1016,0,0,0,0,0,1,1,0,0,0,-272.1926101,0,0,0,0,3,1,1,10,10,0,0,0,3,1,1,10,1000,0,0,0,0,0,0,0,0,0,0,0,0,0,0,0,0,0,0,0,0,0,0,0,0,0,0,0,0,0,0,0,0,0,0,0,0,0,0,0,0,0,0,0,0,0,0,0,0,0,0,0
1986,28,7,30,23.861,2,7,1,0,0,0,1,1,25,1016,1016,1016,1016,0,0,0,0,0,1,1,0,0,0,-272.3662828,0,0,0,0,3,1,1,10,10,0,0,0,3,1,1,10,1000,0,0,0,0,0,0,0,0,0,0,0,0,0,0,0,0,0,0,0,0,0,0,0,0,0,0,0,0,0,0,0,0,0,0,0,0,0,0,0,0,0,0,0,0,0,0,0,0,0,0,0
1986,28,7,31,11.861,2,7,1,0,0,0,1,1,25,1016,1016,1016,1016,0,0,0,0,0,1,1,0,0,0,-272.4097009,0,0,0,0,3,1,1,10,10,0,0,0,3,1,1,10,1000,0,0,0,0,0,0,0,0,0,0,0,0,0,0,0,0,0,0,0,0,0,0,0,0,0,0,0,0,0,0,0,0,0,0,0,0,0,0,0,0,0,0,0,0,0,0,0,0,0,0,0
1986,28,7,31,59.861,2,7,1,0,0,0,1,1,25,1016,1016,1016,1016,0,0,0,0,0,1,1,0,0,0,-272.4531189,0,0,0,0,3,1,1,10,10,0,0,0,3,1,1,10,1000,0,0,0,0,0,0,0,0,0,0,0,0,0,0,0,0,0,0,0,0,0,0,0,0,0,0,0,0,0,0,0,0,0,0,0,0,0,0,0,0,0,0,0,0,0,0,0,0,0,0,0
1986,28,7,32,47.861,2,7,1,0,0,0,1,1,25,1016,1016,1016,1016,0,0,0,0,0,1,1,0,0,0,-272.4965369,0,0,0,0,3,1,1,10,10,0,0,0,3,1,1,10,1000,0,0,0,0,0,0,0,0,0,0,0,0,0,0,0,0,0,0,0,0,0,0,0,0,0,0,0,0,0,0,0,0,0,0,0,0,0,0,0,0,0,0,0,0,0,0,0,0,0,0,0
1986,28,7,33,35.861,2,7,1,0,0,0,1,1,25,1016,1016,1016,1016,0,0,0,0,0,1,1,0,0,0,-272.5399549,0,0,0,0,3,1,1,10,10,0,0,0,3,1,1,10,1000,0,0,0,0,0,0,0,0,0,0,0,0,0,0,0,0,0,0,0,0,0,0,0,0,0,0,0,0,0,0,0,0,0,0,0,0,0,0,0,0,0,0,0,0,0,0,0,0,0,0,0
1986,28,7,34,23.861,2,7,1,0,0,0,1,1,25,1016,1016,1016,1016,0,0,0,0,0,1,1,0,0,0,-272.5833728,0,0,0,0,3,1,1,10,10,0,0,0,3,1,1,10,1000,0,0,0,0,0,0,0,0,0,0,0,0,0,0,0,0,0,0,0,0,0,0,0,0,0,0,0,0,0,0,0,0,0,0,0,0,0,0,0,0,0,0,0,0,0,0,0,0,0,0,0
1986,28,7,35,11.861,2,7,1,0,0,0,1,1,25,1016,1016,1016,1016,0,0,0,0,0,1,1,0,0,0,-272.6267907,0,0,0,0,3,1,1,10,10,0,0,0,3,1,1,10,1000,0,0,0,0,0,0,0,0,0,0,0,0,0,0,0,0,0,0,0,0,0,0,0,0,0,0,0,0,0,0,0,0,0,0,0,0,0,0,0,0,0,0,0,0,0,0,0,0,0,0,0
1986,28,7,35,59.861,2,7,1,0,0,0,1,1,25,1016,1016,1016,1016,0,0,0,0,0,1,1,0,0,0,-272.6702086,0,0,0,0,3,1,1,10,10,0,0,0,3,1,1,10,1000,0,0,0,0,0,0,0,0,0,0,0,0,0,0,0,0,0,0,0,0,0,0,0,0,0,0,0,0,0,0,0,0,0,0,0,0,0,0,0,0,0,0,0,0,0,0,0,0,0,0,0
1986,28,7,36,47.861,2,7,1,0,0,0,1,1,25,1016,1016,1016,1016,0,0,0,0,0,1,1,0,0,0,-272.7136264,0,0,0,0,3,1,1,10,10,0,0,0,3,1,1,10,1000,0,0,0,0,0,0,0,0,0,0,0,0,0,0,0,0,0,0,0,0,0,0,0,0,0,0,0,0,0,0,0,0,0,0,0,0,0,0,0,0,0,0,0,0,0,0,0,0,0,0,0
1986,28,7,37,35.861,2,7,1,0,0,0,1,1,25,1016,1016,1016,1016,0,0,0,0,0,1,1,0,0,0,-272.7570442,0,0,0,0,3,1,1,10,10,0,0,0,3,1,1,10,1000,0,0,0,0,0,0,0,0,0,0,0,0,0,0,0,0,0,0,0,0,0,0,0,0,0,0,0,0,0,0,0,0,0,0,0,0,0,0,0,0,0,0,0,0,0,0,0,0,0,0,0
1986,28,7,38,23.861,2,7,1,0,0,0,1,1,25,1016,1016,1016,1016,0,0,0,0,0,1,1,0,0,0,-272.800462,0,0,0,0,3,1,1,10,10,0,0,0,3,1,1,10,1000,0,0,0,0,0,0,0,0,0,0,0,0,0,0,0,0,0,0,0,0,0,0,0,0,0,0,0,0,0,0,0,0,0,0,0,0,0,0,0,0,0,0,0,0,0,0,0,0,0,0,0
1986,28,7,39,11.861,2,7,1,0,0,0,1,1,25,1016,1016,1016,1016,0,0,0,0,0,1,1,0,0,0,-272.8438797,0,0,0,0,3,1,1,10,10,0,0,0,3,1,1,10,1000,0,0,0,0,0,0,0,0,0,0,0,0,0,0,0,0,0,0,0,0,0,0,0,0,0,0,0,0,0,0,0,0,0,0,0,0,0,0,0,0,0,0,0,0,0,0,0,0,0,0,0
1986,28,7,42,23.86,2,7,1,0,0,0,1,1,25,1016,1016,1016,1016,0,0,0,0,0,1,1,0,0,0,-273.0175493,0,0,0,0,3,1,1,10,10,0,0,0,3,1,1,10,1000,0,0,0,0,0,0,0,0,0,0,0,0,0,0,0,0,0,0,0,0,0,0,0,0,0,0,0,0,0,0,0,0,0,0,0,0,0,0,0,0,0,0,0,0,0,0,0,0,0,0,0
1986,28,7,43,11.86,2,7,1,0,0,0,1,1,25,1016,1016,1016,1016,0,0,0,0,0,1,1,0,0,0,-273.0609669,0,0,0,0,3,1,1,10,10,0,0,0,3,1,1,10,1000,0,0,0,0,0,0,0,0,0,0,0,0,0,0,0,0,0,0,0,0,0,0,0,0,0,0,0,0,0,0,0,0,0,0,0,0,0,0,0,0,0,0,0,0,0,0,0,0,0,0,0
1986,28,7,43,59.86,2,7,1,0,0,0,1,1,25,1016,1016,1016,1016,0,0,0,0,0,1,1,0,0,0,-273.1043844,0,0,0,0,3,1,1,10,10,0,0,0,3,1,1,10,1000,0,0,0,0,0,0,0,0,0,0,0,0,0,0,0,0,0,0,0,0,0,0,0,0,0,0,0,0,0,0,0,0,0,0,0,0,0,0,0,0,0,0,0,0,0,0,0,0,0,0,0
1986,28,7,44,47.86,2,7,1,0,0,0,1,1,25,1016,1016,1016,1016,0,0,0,0,0,1,1,0,0,0,-273.1478019,0,0,0,0,3,1,1,10,10,0,0,0,3,1,1,10,1000,0,0,0,0,0,0,0,0,0,0,0,0,0,0,0,0,0,0,0,0,0,0,0,0,0,0,0,0,0,0,0,0,0,0,0,0,0,0,0,0,0,0,0,0,0,0,0,0,0,0,0
1986,28,7,45,35.86,2,7,1,0,0,0,1,1,25,1016,1016,1016,1016,0,0,0,0,0,1,1,0,0,0,-273.1912193,0,0,0,0,3,1,1,10,10,0,0,0,3,1,1,10,1000,0,0,0,0,0,0,0,0,0,0,0,0,0,0,0,0,0,0,0,0,0,0,0,0,0,0,0,0,0,0,0,0,0,0,0,0,0,0,0,0,0,0,0,0,0,0,0,0,0,0,0
1986,28,7,46,23.86,2,7,1,0,0,0,1,1,25,1016,1016,1016,1016,0,0,0,0,0,1,1,0,0,0,-273.2346367,0,0,0,0,3,1,1,10,10,0,0,0,3,1,1,10,1000,0,0,0,0,0,0,0,0,0,0,0,0,0,0,0,0,0,0,0,0,0,0,0,0,0,0,0,0,0,0,0,0,0,0,0,0,0,0,0,0,0,0,0,0,0,0,0,0,0,0,0
1986,28,7,47,11.86,2,7,1,0,0,0,1,1,25,1016,1016,1016,1016,0,0,0,0,0,1,1,0,0,0,-273.2780541,0,0,0,0,3,1,1,10,10,0,0,0,3,1,1,10,1000,0,0,0,0,0,0,0,0,0,0,0,0,0,0,0,0,0,0,0,0,0,0,0,0,0,0,0,0,0,0,0,0,0,0,0,0,0,0,0,0,0,0,0,0,0,0,0,0,0,0,0
1986,28,7,47,59.86,2,7,1,0,0,0,1,1,25,1016,1016,1016,1016,0,0,0,0,0,1,1,0,0,0,-273.3214714,0,0,0,0,3,1,1,10,10,0,0,0,3,1,1,10,1000,0,0,0,0,0,0,0,0,0,0,0,0,0,0,0,0,0,0,0,0,0,0,0,0,0,0,0,0,0,0,0,0,0,0,0,0,0,0,0,0,0,0,0,0,0,0,0,0,0,0,0
1986,28,7,48,47.86,2,7,1,0,0,0,1,1,25,1016,1016,1016,1016,0,0,0,0,0,1,1,0,0,0,-273.3648887,0,0,0,0,3,1,1,10,10,0,0,0,3,1,1,10,1000,0,0,0,0,0,0,0,0,0,0,0,0,0,0,0,0,0,0,0,0,0,0,0,0,0,0,0,0,0,0,0,0,0,0,0,0,0,0,0,0,0,0,0,0,0,0,0,0,0,0,0
1986,28,7,49,35.86,2,7,1,0,0,0,1,1,25,1016,1016,1016,1016,0,0,0,0,0,1,1,0,0,0,-273.408306,0,0,0,0,3,1,1,10,10,0,0,0,3,1,1,10,1000,0,0,0,0,0,0,0,0,0,0,0,0,0,0,0,0,0,0,0,0,0,0,0,0,0,0,0,0,0,0,0,0,0,0,0,0,0,0,0,0,0,0,0,0,0,0,0,0,0,0,0
1986,28,7,50,23.86,2,7,1,0,0,0,1,1,25,1016,1016,1016,1016,0,0,0,0,0,1,1,0,0,0,-273.4517232,0,0,0,0,3,1,1,10,10,0,0,0,3,1,1,10,1000,0,0,0,0,0,0,0,0,0,0,0,0,0,0,0,0,0,0,0,0,0,0,0,0,0,0,0,0,0,0,0,0,0,0,0,0,0,0,0,0,0,0,0,0,0,0,0,0,0,0,0
1986,28,7,51,11.86,2,7,1,0,0,0,1,1,25,1016,1016,1016,1016,0,0,0,0,0,1,1,0,0,0,-273.4951404,0,0,0,0,3,1,1,10,10,0,0,0,3,1,1,10,1000,0,0,0,0,0,0,0,0,0,0,0,0,0,0,0,0,0,0,0,0,0,0,0,0,0,0,0,0,0,0,0,0,0,0,0,0,0,0,0,0,0,0,0,0,0,0,0,0,0,0,0
1986,28,7,54,23.86,2,7,1,0,0,0,1,1,25,1016,1016,1016,1016,0,0,0,0,0,1,1,0,0,0,-273.6688088,0,0,0,0,3,1,1,10,10,0,0,0,3,1,1,10,1000,0,0,0,0,0,0,0,0,0,0,0,0,0,0,0,0,0,0,0,0,0,0,0,0,0,0,0,0,0,0,0,0,0,0,0,0,0,0,0,0,0,0,0,0,0,0,0,0,0,0,0
1986,28,7,55,11.86,2,7,1,0,0,0,1,1,25,1016,1016,1016,1016,0,0,0,0,0,1,1,0,0,0,-273.7122258,0,0,0,0,3,1,1,10,10,0,0,0,3,1,1,10,1000,0,0,0,0,0,0,0,0,0,0,0,0,0,0,0,0,0,0,0,0,0,0,0,0,0,0,0,0,0,0,0,0,0,0,0,0,0,0,0,0,0,0,0,0,0,0,0,0,0,0,0
1986,28,7,55,59.86,2,7,1,0,0,0,1,1,25,1016,1016,1016,1016,0,0,0,0,0,1,1,0,0,0,-273.7556428,0,0,0,0,3,1,1,10,10,0,0,0,3,1,1,10,1000,0,0,0,0,0,0,0,0,0,0,0,0,0,0,0,0,0,0,0,0,0,0,0,0,0,0,0,0,0,0,0,0,0,0,0,0,0,0,0,0,0,0,0,0,0,0,0,0,0,0,0
1986,28,7,56,47.859,2,7,1,0,0,0,1,1,25,1016,1016,1016,1016,0,0,0,0,0,1,1,0,0,0,-273.7990588,0,0,0,0,3,1,1,10,10,0,0,0,3,1,1,10,1000,0,0,0,0,0,0,0,0,0,0,0,0,0,0,0,0,0,0,0,0,0,0,0,0,0,0,0,0,0,0,0,0,0,0,0,0,0,0,0,0,0,0,0,0,0,0,0,0,0,0,0
1986,28,7,57,35.859,2,7,1,0,0,0,1,1,25,1016,1016,1016,1016,0,0,0,0,0,1,1,0,0,0,-273.8424757,0,0,0,0,3,1,1,10,10,0,0,0,3,1,1,10,1000,0,0,0,0,0,0,0,0,0,0,0,0,0,0,0,0,0,0,0,0,0,0,0,0,0,0,0,0,0,0,0,0,0,0,0,0,0,0,0,0,0,0,0,0,0,0,0,0,0,0,0
1986,28,7,58,23.859,2,7,1,0,0,0,1,1,25,1016,1016,1016,1016,0,0,0,0,0,1,1,0,0,0,-273.8858926,0,0,0,0,3,1,1,10,10,0,0,0,3,1,1,10,1000,0,0,0,0,0,0,0,0,0,0,0,0,0,0,0,0,0,0,0,0,0,0,0,0,0,0,0,0,0,0,0,0,0,0,0,0,0,0,0,0,0,0,0,0,0,0,0,0,0,0,0
1986,28,7,59,11.859,2,7,1,0,0,0,1,1,25,1016,1016,1016,1016,0,0,0,0,0,1,1,0,0,0,-273.9293094,0,0,0,0,3,1,1,10,10,0,0,0,3,1,1,10,1000,0,0,0,0,0,0,0,0,0,0,0,0,0,0,0,0,0,0,0,0,0,0,0,0,0,0,0,0,0,0,0,0,0,0,0,0,0,0,0,0,0,0,0,0,0,0,0,0,0,0,0
1986,28,7,59,59.859,2,7,1,0,0,0,1,1,25,1016,1016,1016,1016,0,0,0,0,0,1,1,0,0,0,-273.9727262,0,0,0,0,3,1,1,10,10,0,0,0,3,1,1,10,1000,0,0,0,0,0,0,0,0,0,0,0,0,0,0,0,0,0,0,0,0,0,0,0,0,0,0,0,0,0,0,0,0,0,0,0,0,0,0,0,0,0,0,0,0,0,0,0,0,0,0,0
1986,28,8,0,47.859,2,7,1,0,0,0,1,1,25,1016,1016,1016,1016,0,0,0,0,0,1,1,0,0,0,-274.0161429,0,0,0,0,3,1,1,10,10,0,0,0,3,1,1,10,1000,0,0,0,0,0,0,0,0,0,0,0,0,0,0,0,0,0,0,0,0,0,0,0,0,0,0,0,0,0,0,0,0,0,0,0,0,0,0,0,0,0,0,0,0,0,0,0,0,0,0,0
1986,28,8,1,35.859,2,7,1,0,0,0,1,1,25,1016,1016,1016,1016,0,0,0,0,0,1,1,0,0,0,-274.0595597,0,0,0,0,3,1,1,10,10,0,0,0,3,1,1,10,1000,0,0,0,0,0,0,0,0,0,0,0,0,0,0,0,0,0,0,0,0,0,0,0,0,0,0,0,0,0,0,0,0,0,0,0,0,0,0,0,0,0,0,0,0,0,0,0,0,0,0,0
1986,28,8,2,23.859,2,7,1,0,0,0,1,1,25,1016,1016,1016,1016,0,0,0,0,0,1,1,0,0,0,-274.1029764,0,0,0,0,3,1,1,10,10,0,0,0,3,1,1,10,1000,0,0,0,0,0,0,0,0,0,0,0,0,0,0,0,0,0,0,0,0,0,0,0,0,0,0,0,0,0,0,0,0,0,0,0,0,0,0,0,0,0,0,0,0,0,0,0,0,0,0,0
1986,28,8,3,11.859,2,7,1,0,0,0,1,1,25,1016,1016,1016,1016,0,0,0,0,0,1,1,0,0,0,-274.146393,0,0,0,0,3,1,1,10,10,0,0,0,3,1,1,10,1000,0,0,0,0,0,0,0,0,0,0,0,0,0,0,0,0,0,0,0,0,0,0,0,0,0,0,0,0,0,0,0,0,0,0,0,0,0,0,0,0,0,0,0,0,0,0,0,0,0,0,0
1986,28,8,6,23.859,2,7,1,0,0,0,1,1,25,1016,1016,1016,1016,0,0,0,0,0,1,1,0,0,0,-274.3200593,0,0,0,0,3,1,1,10,10,0,0,0,3,1,1,10,1000,0,0,0,0,0,0,0,0,0,0,0,0,0,0,0,0,0,0,0,0,0,0,0,0,0,0,0,0,0,0,0,0,0,0,0,0,0,0,0,0,0,0,0,0,0,0,0,0,0,0,0
1986,28,8,7,11.859,2,7,1,0,0,0,1,1,25,1016,1016,1016,1016,0,0,0,0,0,1,1,0,0,0,-274.3634758,0,0,0,0,3,1,1,10,10,0,0,0,3,1,1,10,1000,0,0,0,0,0,0,0,0,0,0,0,0,0,0,0,0,0,0,0,0,0,0,0,0,0,0,0,0,0,0,0,0,0,0,0,0,0,0,0,0,0,0,0,0,0,0,0,0,0,0,0
1986,28,8,7,59.859,2,7,1,0,0,0,1,1,25,1016,1016,1016,1016,0,0,0,0,0,1,1,0,0,0,-274.4068922,0,0,0,0,3,1,1,10,10,0,0,0,3,1,1,10,1000,0,0,0,0,0,0,0,0,0,0,0,0,0,0,0,0,0,0,0,0,0,0,0,0,0,0,0,0,0,0,0,0,0,0,0,0,0,0,0,0,0,0,0,0,0,0,0,0,0,0,0
1986,28,8,8,47.859,2,7,1,0,0,0,1,1,25,1016,1016,1016,1016,0,0,0,0,0,1,1,0,0,0,-274.4503086,0,0,0,0,3,1,1,10,10,0,0,0,3,1,1,10,1000,0,0,0,0,0,0,0,0,0,0,0,0,0,0,0,0,0,0,0,0,0,0,0,0,0,0,0,0,0,0,0,0,0,0,0,0,0,0,0,0,0,0,0,0,0,0,0,0,0,0,0
1986,28,8,9,35.859,2,7,1,0,0,0,1,1,25,1016,1016,1016,1016,0,0,0,0,0,1,1,0,0,0,-274.493725,0,0,0,0,3,1,1,10,10,0,0,0,3,1,1,10,1000,0,0,0,0,0,0,0,0,0,0,0,0,0,0,0,0,0,0,0,0,0,0,0,0,0,0,0,0,0,0,0,0,0,0,0,0,0,0,0,0,0,0,0,0,0,0,0,0,0,0,0
1986,28,8,10,23.859,2,7,1,0,0,0,1,1,25,1016,1016,1016,1016,0,0,0,0,0,1,1,0,0,0,-274.5371413,0,0,0,0,3,1,1,10,10,0,0,0,3,1,1,10,1000,0,0,0,0,0,0,0,0,0,0,0,0,0,0,0,0,0,0,0,0,0,0,0,0,0,0,0,0,0,0,0,0,0,0,0,0,0,0,0,0,0,0,0,0,0,0,0,0,0,0,0
1986,28,8,11,11.859,2,7,1,0,0,0,1,1,25,1016,1016,1016,1016,0,0,0,0,0,1,1,0,0,0,-274.5805576,0,0,0,0,3,1,1,10,10,0,0,0,3,1,1,10,1000,0,0,0,0,0,0,0,0,0,0,0,0,0,0,0,0,0,0,0,0,0,0,0,0,0,0,0,0,0,0,0,0,0,0,0,0,0,0,0,0,0,0,0,0,0,0,0,0,0,0,0
1986,28,8,11,59.858,2,7,1,0,0,0,1,1,25,1016,1016,1016,1016,0,0,0,0,0,1,1,0,0,0,-274.623973,0,0,0,0,3,1,1,10,10,0,0,0,3,1,1,10,1000,0,0,0,0,0,0,0,0,0,0,0,0,0,0,0,0,0,0,0,0,0,0,0,0,0,0,0,0,0,0,0,0,0,0,0,0,0,0,0,0,0,0,0,0,0,0,0,0,0,0,0
1986,28,8,12,47.858,2,7,1,0,0,0,1,1,25,1016,1016,1016,1016,0,0,0,0,0,1,1,0,0,0,-274.6673892,0,0,0,0,3,1,1,10,10,0,0,0,3,1,1,10,1000,0,0,0,0,0,0,0,0,0,0,0,0,0,0,0,0,0,0,0,0,0,0,0,0,0,0,0,0,0,0,0,0,0,0,0,0,0,0,0,0,0,0,0,0,0,0,0,0,0,0,0
1986,28,8,13,35.858,2,7,1,0,0,0,1,1,25,1016,1016,1016,1016,0,0,0,0,0,1,1,0,0,0,-274.7108054,0,0,0,0,3,1,1,10,10,0,0,0,3,1,1,10,1000,0,0,0,0,0,0,0,0,0,0,0,0,0,0,0,0,0,0,0,0,0,0,0,0,0,0,0,0,0,0,0,0,0,0,0,0,0,0,0,0,0,0,0,0,0,0,0,0,0,0,0
1986,28,8,14,23.858,2,7,1,0,0,0,1,1,25,1016,1016,1016,1016,0,0,0,0,0,1,1,0,0,0,-274.7542216,0,0,0,0,3,1,1,10,10,0,0,0,3,1,1,10,1000,0,0,0,0,0,0,0,0,0,0,0,0,0,0,0,0,0,0,0,0,0,0,0,0,0,0,0,0,0,0,0,0,0,0,0,0,0,0,0,0,0,0,0,0,0,0,0,0,0,0,0
1986,28,8,15,11.858,2,7,1,0,0,0,1,1,25,1016,1016,1016,1016,0,0,0,0,0,1,1,0,0,0,-274.7976377,0,0,0,0,3,1,1,10,10,0,0,0,3,1,1,10,1000,0,0,0,0,0,0,0,0,0,0,0,0,0,0,0,0,0,0,0,0,0,0,0,0,0,0,0,0,0,0,0,0,0,0,0,0,0,0,0,0,0,0,0,0,0,0,0,0,0,0,0
1986,28,8,18,23.858,2,7,1,0,0,0,1,1,25,1016,1016,1016,1016,0,0,0,0,0,1,1,0,0,0,-274.9713018,0,0,0,0,3,1,1,10,10,0,0,0,3,1,1,10,1000,0,0,0,0,0,0,0,0,0,0,0,0,0,0,0,0,0,0,0,0,0,0,0,0,0,0,0,0,0,0,0,0,0,0,0,0,0,0,0,0,0,0,0,0,0,0,0,0,0,0,0
1986,28,8,19,11.858,2,7,1,0,0,0,1,1,25,1016,1016,1016,1016,0,0,0,0,0,1,1,0,0,0,-275.0147178,0,0,0,0,3,1,1,10,10,0,0,0,3,1,1,10,1000,0,0,0,0,0,0,0,0,0,0,0,0,0,0,0,0,0,0,0,0,0,0,0,0,0,0,0,0,0,0,0,0,0,0,0,0,0,0,0,0,0,0,0,0,0,0,0,0,0,0,0
1986,28,8,19,59.858,2,7,1,0,0,0,1,1,25,1016,1016,1016,1016,0,0,0,0,0,1,1,0,0,0,-275.0581337,0,0,0,0,3,1,1,10,10,0,0,0,3,1,1,10,1000,0,0,0,0,0,0,0,0,0,0,0,0,0,0,0,0,0,0,0,0,0,0,0,0,0,0,0,0,0,0,0,0,0,0,0,0,0,0,0,0,0,0,0,0,0,0,0,0,0,0,0
1986,28,8,20,47.858,2,7,1,0,0,0,1,1,25,1016,1016,1016,1016,0,0,0,0,0,1,1,0,0,0,-275.1015496,0,0,0,0,3,1,1,10,10,0,0,0,3,1,1,10,1000,0,0,0,0,0,0,0,0,0,0,0,0,0,0,0,0,0,0,0,0,0,0,0,0,0,0,0,0,0,0,0,0,0,0,0,0,0,0,0,0,0,0,0,0,0,0,0,0,0,0,0
1986,28,8,21,35.858,2,7,1,0,0,0,1,1,25,1016,1016,1016,1016,0,0,0,0,0,1,1,0,0,0,-275.1449654,0,0,0,0,3,1,1,10,10,0,0,0,3,1,1,10,1000,0,0,0,0,0,0,0,0,0,0,0,0,0,0,0,0,0,0,0,0,0,0,0,0,0,0,0,0,0,0,0,0,0,0,0,0,0,0,0,0,0,0,0,0,0,0,0,0,0,0,0
1986,28,8,22,23.858,2,7,1,0,0,0,1,1,25,1016,1016,1016,1016,0,0,0,0,0,1,1,0,0,0,-275.1883812,0,0,0,0,3,1,1,10,10,0,0,0,3,1,1,10,1000,0,0,0,0,0,0,0,0,0,0,0,0,0,0,0,0,0,0,0,0,0,0,0,0,0,0,0,0,0,0,0,0,0,0,0,0,0,0,0,0,0,0,0,0,0,0,0,0,0,0,0
1986,28,8,23,11.858,2,7,1,0,0,0,1,1,25,1016,1016,1016,1016,0,0,0,0,0,1,1,0,0,0,-275.231797,0,0,0,0,3,1,1,10,10,0,0,0,3,1,1,10,1000,0,0,0,0,0,0,0,0,0,0,0,0,0,0,0,0,0,0,0,0,0,0,0,0,0,0,0,0,0,0,0,0,0,0,0,0,0,0,0,0,0,0,0,0,0,0,0,0,0,0,0
1986,28,8,23,59.858,2,7,1,0,0,0,1,1,25,1016,1016,1016,1016,0,0,0,0,0,1,1,0,0,0,-275.2752127,0,0,0,0,3,1,1,10,10,0,0,0,3,1,1,10,1000,0,0,0,0,0,0,0,0,0,0,0,0,0,0,0,0,0,0,0,0,0,0,0,0,0,0,0,0,0,0,0,0,0,0,0,0,0,0,0,0,0,0,0,0,0,0,0,0,0,0,0
1986,28,8,24,47.858,2,7,1,0,0,0,1,1,25,1016,1016,1016,1016,0,0,0,0,0,1,1,0,0,0,-275.3186284,0,0,0,0,3,1,1,10,10,0,0,0,3,1,1,10,1000,0,0,0,0,0,0,0,0,0,0,0,0,0,0,0,0,0,0,0,0,0,0,0,0,0,0,0,0,0,0,0,0,0,0,0,0,0,0,0,0,0,0,0,0,0,0,0,0,0,0,0
1986,28,8,25,35.858,2,7,1,0,0,0,1,1,25,1016,1016,1016,1016,0,0,0,0,0,1,1,0,0,0,-275.3620441,0,0,0,0,3,1,1,10,10,0,0,0,3,1,1,10,1000,0,0,0,0,0,0,0,0,0,0,0,0,0,0,0,0,0,0,0,0,0,0,0,0,0,0,0,0,0,0,0,0,0,0,0,0,0,0,0,0,0,0,0,0,0,0,0,0,0,0,0
1986,28,8,26,23.858,2,7,1,0,0,0,1,1,25,1016,1016,1016,1016,0,0,0,0,0,1,1,0,0,0,-275.4054597,0,0,0,0,3,1,1,10,10,0,0,0,3,1,1,10,1000,0,0,0,0,0,0,0,0,0,0,0,0,0,0,0,0,0,0,0,0,0,0,0,0,0,0,0,0,0,0,0,0,0,0,0,0,0,0,0,0,0,0,0,0,0,0,0,0,0,0,0
1986,28,8,27,11.857,2,7,1,0,0,0,1,1,25,1016,1016,1016,1016,0,0,0,0,0,1,1,0,0,0,-275.4488744,0,0,0,0,3,1,1,10,10,0,0,0,3,1,1,10,1000,0,0,0,0,0,0,0,0,0,0,0,0,0,0,0,0,0,0,0,0,0,0,0,0,0,0,0,0,0,0,0,0,0,0,0,0,0,0,0,0,0,0,0,0,0,0,0,0,0,0,0
1986,28,8,30,23.857,2,7,1,0,0,0,1,1,25,1016,1016,1016,1016,0,0,0,0,0,1,1,0,0,0,-275.6225365,0,0,0,0,3,1,1,10,10,0,0,0,3,1,1,10,1000,0,0,0,0,0,0,0,0,0,0,0,0,0,0,0,0,0,0,0,0,0,0,0,0,0,0,0,0,0,0,0,0,0,0,0,0,0,0,0,0,0,0,0,0,0,0,0,0,0,0,0
1986,28,8,31,11.857,2,7,1,0,0,0,1,1,25,1016,1016,1016,1016,0,0,0,0,0,1,1,0,0,0,-275.6659519,0,0,0,0,3,1,1,10,10,0,0,0,3,1,1,10,1000,0,0,0,0,0,0,0,0,0,0,0,0,0,0,0,0,0,0,0,0,0,0,0,0,0,0,0,0,0,0,0,0,0,0,0,0,0,0,0,0,0,0,0,0,0,0,0,0,0,0,0
1986,28,8,31,59.857,2,7,1,0,0,0,1,1,25,1016,1016,1016,1016,0,0,0,0,0,1,1,0,0,0,-275.7093673,0,0,0,0,3,1,1,10,10,0,0,0,3,1,1,10,1000,0,0,0,0,0,0,0,0,0,0,0,0,0,0,0,0,0,0,0,0,0,0,0,0,0,0,0,0,0,0,0,0,0,0,0,0,0,0,0,0,0,0,0,0,0,0,0,0,0,0,0
1986,28,8,32,47.857,2,7,1,0,0,0,1,1,25,1016,1016,1016,1016,0,0,0,0,0,1,1,0,0,0,-275.7527826,0,0,0,0,3,1,1,10,10,0,0,0,3,1,1,10,1000,0,0,0,0,0,0,0,0,0,0,0,0,0,0,0,0,0,0,0,0,0,0,0,0,0,0,0,0,0,0,0,0,0,0,0,0,0,0,0,0,0,0,0,0,0,0,0,0,0,0,0
1986,28,8,33,35.857,2,7,1,0,0,0,1,1,25,1016,1016,1016,1016,0,0,0,0,0,1,1,0,0,0,-275.7961979,0,0,0,0,3,1,1,10,10,0,0,0,3,1,1,10,1000,0,0,0,0,0,0,0,0,0,0,0,0,0,0,0,0,0,0,0,0,0,0,0,0,0,0,0,0,0,0,0,0,0,0,0,0,0,0,0,0,0,0,0,0,0,0,0,0,0,0,0
1986,28,8,34,23.857,2,7,1,0,0,0,1,1,25,1016,1016,1016,1016,0,0,0,0,0,1,1,0,0,0,-275.8396132,0,0,0,0,3,1,1,10,10,0,0,0,3,1,1,10,1000,0,0,0,0,0,0,0,0,0,0,0,0,0,0,0,0,0,0,0,0,0,0,0,0,0,0,0,0,0,0,0,0,0,0,0,0,0,0,0,0,0,0,0,0,0,0,0,0,0,0,0
1986,28,8,35,11.857,2,7,1,0,0,0,1,1,25,1016,1016,1016,1016,0,0,0,0,0,1,1,0,0,0,-275.8830284,0,0,0,0,3,1,1,10,10,0,0,0,3,1,1,10,1000,0,0,0,0,0,0,0,0,0,0,0,0,0,0,0,0,0,0,0,0,0,0,0,0,0,0,0,0,0,0,0,0,0,0,0,0,0,0,0,0,0,0,0,0,0,0,0,0,0,0,0
1986,28,8,35,59.857,2,7,1,0,0,0,1,1,25,1016,1016,1016,1016,0,0,0,0,0,1,1,0,0,0,-275.9264437,0,0,0,0,3,1,1,10,10,0,0,0,3,1,1,10,1000,0,0,0,0,0,0,0,0,0,0,0,0,0,0,0,0,0,0,0,0,0,0,0,0,0,0,0,0,0,0,0,0,0,0,0,0,0,0,0,0,0,0,0,0,0,0,0,0,0,0,0
1986,28,8,36,47.857,2,7,1,0,0,0,1,1,25,1016,1016,1016,1016,0,0,0,0,0,1,1,0,0,0,-275.9698588,0,0,0,0,3,1,1,10,10,0,0,0,3,1,1,10,1000,0,0,0,0,0,0,0,0,0,0,0,0,0,0,0,0,0,0,0,0,0,0,0,0,0,0,0,0,0,0,0,0,0,0,0,0,0,0,0,0,0,0,0,0,0,0,0,0,0,0,0
1986,28,8,37,35.857,2,7,1,0,0,0,1,1,25,1016,1016,1016,1016,0,0,0,0,0,1,1,0,0,0,-276.013274,0,0,0,0,3,1,1,10,10,0,0,0,3,1,1,10,1000,0,0,0,0,0,0,0,0,0,0,0,0,0,0,0,0,0,0,0,0,0,0,0,0,0,0,0,0,0,0,0,0,0,0,0,0,0,0,0,0,0,0,0,0,0,0,0,0,0,0,0
1986,28,8,38,23.857,2,7,1,0,0,0,1,1,25,1016,1016,1016,1016,0,0,0,0,0,1,1,0,0,0,-276.0566891,0,0,0,0,3,1,1,10,10,0,0,0,3,1,1,10,1000,0,0,0,0,0,0,0,0,0,0,0,0,0,0,0,0,0,0,0,0,0,0,0,0,0,0,0,0,0,0,0,0,0,0,0,0,0,0,0,0,0,0,0,0,0,0,0,0,0,0,0
1986,28,8,39,11.857,2,7,1,0,0,0,1,1,25,1016,1016,1016,1016,0,0,0,0,0,1,1,0,0,0,-276.1001041,0,0,0,0,3,1,1,10,10,0,0,0,3,1,1,10,1000,0,0,0,0,0,0,0,0,0,0,0,0,0,0,0,0,0,0,0,0,0,0,0,0,0,0,0,0,0,0,0,0,0,0,0,0,0,0,0,0,0,0,0,0,0,0,0,0,0,0,0
1986,28,8,42,23.856,2,7,1,0,0,0,1,1,25,1016,1016,1016,1016,0,0,0,0,0,1,1,0,0,0,-276.2737632,0,0,0,0,3,1,1,10,10,0,0,0,3,1,1,10,1000,0,0,0,0,0,0,0,0,0,0,0,0,0,0,0,0,0,0,0,0,0,0,0,0,0,0,0,0,0,0,0,0,0,0,0,0,0,0,0,0,0,0,0,0,0,0,0,0,0,0,0
1986,28,8,43,11.856,2,7,1,0,0,0,1,1,25,1016,1016,1016,1016,0,0,0,0,0,1,1,0,0,0,-276.3171781,0,0,0,0,3,1,1,10,10,0,0,0,3,1,1,10,1000,0,0,0,0,0,0,0,0,0,0,0,0,0,0,0,0,0,0,0,0,0,0,0,0,0,0,0,0,0,0,0,0,0,0,0,0,0,0,0,0,0,0,0,0,0,0,0,0,0,0,0
1986,28,8,43,59.856,2,7,1,0,0,0,1,1,25,1016,1016,1016,1016,0,0,0,0,0,1,1,0,0,0,-276.3605929,0,0,0,0,3,1,1,10,10,0,0,0,3,1,1,10,1000,0,0,0,0,0,0,0,0,0,0,0,0,0,0,0,0,0,0,0,0,0,0,0,0,0,0,0,0,0,0,0,0,0,0,0,0,0,0,0,0,0,0,0,0,0,0,0,0,0,0,0
1986,28,8,44,47.856,2,7,1,0,0,0,1,1,25,1016,1016,1016,1016,0,0,0,0,0,1,1,0,0,0,-276.4040077,0,0,0,0,3,1,1,10,10,0,0,0,3,1,1,10,1000,0,0,0,0,0,0,0,0,0,0,0,0,0,0,0,0,0,0,0,0,0,0,0,0,0,0,0,0,0,0,0,0,0,0,0,0,0,0,0,0,0,0,0,0,0,0,0,0,0,0,0
1986,28,8,45,35.856,2,7,1,0,0,0,1,1,25,1016,1016,1016,1016,0,0,0,0,0,1,1,0,0,0,-276.4474225,0,0,0,0,3,1,1,10,10,0,0,0,3,1,1,10,1000,0,0,0,0,0,0,0,0,0,0,0,0,0,0,0,0,0,0,0,0,0,0,0,0,0,0,0,0,0,0,0,0,0,0,0,0,0,0,0,0,0,0,0,0,0,0,0,0,0,0,0
1986,28,8,46,23.856,2,7,1,0,0,0,1,1,25,1016,1016,1016,1016,0,0,0,0,0,1,1,0,0,0,-276.4908373,0,0,0,0,3,1,1,10,10,0,0,0,3,1,1,10,1000,0,0,0,0,0,0,0,0,0,0,0,0,0,0,0,0,0,0,0,0,0,0,0,0,0,0,0,0,0,0,0,0,0,0,0,0,0,0,0,0,0,0,0,0,0,0,0,0,0,0,0
1986,28,8,47,11.856,2,7,1,0,0,0,1,1,25,1016,1016,1016,1016,0,0,0,0,0,1,1,0,0,0,-276.534252,0,0,0,0,3,1,1,10,10,0,0,0,3,1,1,10,1000,0,0,0,0,0,0,0,0,0,0,0,0,0,0,0,0,0,0,0,0,0,0,0,0,0,0,0,0,0,0,0,0,0,0,0,0,0,0,0,0,0,0,0,0,0,0,0,0,0,0,0
1986,28,8,47,59.856,2,7,1,0,0,0,1,1,25,1016,1016,1016,1016,0,0,0,0,0,1,1,0,0,0,-276.5776667,0,0,0,0,3,1,1,10,10,0,0,0,3,1,1,10,1000,0,0,0,0,0,0,0,0,0,0,0,0,0,0,0,0,0,0,0,0,0,0,0,0,0,0,0,0,0,0,0,0,0,0,0,0,0,0,0,0,0,0,0,0,0,0,0,0,0,0,0
1986,28,8,48,47.856,2,7,1,0,0,0,1,1,25,1016,1016,1016,1016,0,0,0,0,0,1,1,0,0,0,-276.6210813,0,0,0,0,3,1,1,10,10,0,0,0,3,1,1,10,1000,0,0,0,0,0,0,0,0,0,0,0,0,0,0,0,0,0,0,0,0,0,0,0,0,0,0,0,0,0,0,0,0,0,0,0,0,0,0,0,0,0,0,0,0,0,0,0,0,0,0,0
1986,28,8,49,35.856,2,7,1,0,0,0,1,1,25,1016,1016,1016,1016,0,0,0,0,0,1,1,0,0,0,-276.664496,0,0,0,0,3,1,1,10,10,0,0,0,3,1,1,10,1000,0,0,0,0,0,0,0,0,0,0,0,0,0,0,0,0,0,0,0,0,0,0,0,0,0,0,0,0,0,0,0,0,0,0,0,0,0,0,0,0,0,0,0,0,0,0,0,0,0,0,0
1986,28,8,50,23.856,2,7,1,0,0,0,1,1,25,1016,1016,1016,1016,0,0,0,0,0,1,1,0,0,0,-276.7079105,0,0,0,0,3,1,1,10,10,0,0,0,3,1,1,10,1000,0,0,0,0,0,0,0,0,0,0,0,0,0,0,0,0,0,0,0,0,0,0,0,0,0,0,0,0,0,0,0,0,0,0,0,0,0,0,0,0,0,0,0,0,0,0,0,0,0,0,0
1986,28,8,51,11.856,2,7,1,0,0,0,1,1,25,1016,1016,1016,1016,0,0,0,0,0,1,1,0,0,0,-276.7513251,0,0,0,0,3,1,1,10,10,0,0,0,3,1,1,10,1000,0,0,0,0,0,0,0,0,0,0,0,0,0,0,0,0,0,0,0,0,0,0,0,0,0,0,0,0,0,0,0,0,0,0,0,0,0,0,0,0,0,0,0,0,0,0,0,0,0,0,0
1986,28,8,54,23.856,2,7,1,0,0,0,1,1,25,1016,1016,1016,1016,0,0,0,0,0,1,1,0,0,0,-276.9249829,0,0,0,0,3,1,1,10,10,0,0,0,3,1,1,10,1000,0,0,0,0,0,0,0,0,0,0,0,0,0,0,0,0,0,0,0,0,0,0,0,0,0,0,0,0,0,0,0,0,0,0,0,0,0,0,0,0,0,0,0,0,0,0,0,0,0,0,0
1986,28,8,55,11.856,2,7,1,0,0,0,1,1,25,1016,1016,1016,1016,0,0,0,0,0,1,1,0,0,0,-276.9683973,0,0,0,0,3,1,1,10,10,0,0,0,3,1,1,10,1000,0,0,0,0,0,0,0,0,0,0,0,0,0,0,0,0,0,0,0,0,0,0,0,0,0,0,0,0,0,0,0,0,0,0,0,0,0,0,0,0,0,0,0,0,0,0,0,0,0,0,0
1986,28,8,55,59.856,2,7,1,0,0,0,1,1,25,1016,1016,1016,1016,0,0,0,0,0,1,1,0,0,0,-277.0118116,0,0,0,0,3,1,1,10,10,0,0,0,3,1,1,10,1000,0,0,0,0,0,0,0,0,0,0,0,0,0,0,0,0,0,0,0,0,0,0,0,0,0,0,0,0,0,0,0,0,0,0,0,0,0,0,0,0,0,0,0,0,0,0,0,0,0,0,0
1986,28,8,56,47.855,2,7,1,0,0,0,1,1,25,1016,1016,1016,1016,0,0,0,0,0,1,1,0,0,0,-277.055225,0,0,0,0,3,1,1,10,10,0,0,0,3,1,1,10,1000,0,0,0,0,0,0,0,0,0,0,0,0,0,0,0,0,0,0,0,0,0,0,0,0,0,0,0,0,0,0,0,0,0,0,0,0,0,0,0,0,0,0,0,0,0,0,0,0,0,0,0
1986,28,8,57,35.855,2,7,1,0,0,0,1,1,25,1016,1016,1016,1016,0,0,0,0,0,1,1,0,0,0,-277.0986393,0,0,0,0,3,1,1,10,10,0,0,0,3,1,1,10,1000,0,0,0,0,0,0,0,0,0,0,0,0,0,0,0,0,0,0,0,0,0,0,0,0,0,0,0,0,0,0,0,0,0,0,0,0,0,0,0,0,0,0,0,0,0,0,0,0,0,0,0
1986,28,8,58,23.855,2,7,1,0,0,0,1,1,25,1016,1016,1016,1016,0,0,0,0,0,1,1,0,0,0,-277.1420535,0,0,0,0,3,1,1,10,10,0,0,0,3,1,1,10,1000,0,0,0,0,0,0,0,0,0,0,0,0,0,0,0,0,0,0,0,0,0,0,0,0,0,0,0,0,0,0,0,0,0,0,0,0,0,0,0,0,0,0,0,0,0,0,0,0,0,0,0
1986,28,8,59,11.855,2,7,1,0,0,0,1,1,25,1016,1016,1016,1016,0,0,0,0,0,1,1,0,0,0,-277.1854677,0,0,0,0,3,1,1,10,10,0,0,0,3,1,1,10,1000,0,0,0,0,0,0,0,0,0,0,0,0,0,0,0,0,0,0,0,0,0,0,0,0,0,0,0,0,0,0,0,0,0,0,0,0,0,0,0,0,0,0,0,0,0,0,0,0,0,0,0
1986,28,8,59,59.855,2,7,1,0,0,0,1,1,25,1016,1016,1016,1016,0,0,0,0,0,1,1,0,0,0,-277.2288819,0,0,0,0,3,1,1,10,10,0,0,0,3,1,1,10,1000,0,0,0,0,0,0,0,0,0,0,0,0,0,0,0,0,0,0,0,0,0,0,0,0,0,0,0,0,0,0,0,0,0,0,0,0,0,0,0,0,0,0,0,0,0,0,0,0,0,0,0
1986,28,9,0,47.855,2,7,1,0,0,0,1,1,25,1016,1016,1016,1016,0,0,0,0,0,1,1,0,0,0,-277.272296,0,0,0,0,3,1,1,10,10,0,0,0,3,1,1,10,1000,0,0,0,0,0,0,0,0,0,0,0,0,0,0,0,0,0,0,0,0,0,0,0,0,0,0,0,0,0,0,0,0,0,0,0,0,0,0,0,0,0,0,0,0,0,0,0,0,0,0,0
1986,28,9,1,35.855,2,7,1,0,0,0,1,1,25,1016,1016,1016,1016,0,0,0,0,0,1,1,0,0,0,-277.3157101,0,0,0,0,3,1,1,10,10,0,0,0,3,1,1,10,1000,0,0,0,0,0,0,0,0,0,0,0,0,0,0,0,0,0,0,0,0,0,0,0,0,0,0,0,0,0,0,0,0,0,0,0,0,0,0,0,0,0,0,0,0,0,0,0,0,0,0,0
1986,28,9,2,23.855,2,7,1,0,0,0,1,1,25,1016,1016,1016,1016,0,0,0,0,0,1,1,0,0,0,-277.3591242,0,0,0,0,3,1,1,10,10,0,0,0,3,1,1,10,1000,0,0,0,0,0,0,0,0,0,0,0,0,0,0,0,0,0,0,0,0,0,0,0,0,0,0,0,0,0,0,0,0,0,0,0,0,0,0,0,0,0,0,0,0,0,0,0,0,0,0,0
1986,28,9,3,11.855,2,7,1,0,0,0,1,1,25,1016,1016,1016,1016,0,0,0,0,0,1,1,0,0,0,-277.4025382,0,0,0,0,3,1,1,10,10,0,0,0,3,1,1,10,1000,0,0,0,0,0,0,0,0,0,0,0,0,0,0,0,0,0,0,0,0,0,0,0,0,0,0,0,0,0,0,0,0,0,0,0,0,0,0,0,0,0,0,0,0,0,0,0,0,0,0,0
1986,28,9,6,23.855,2,7,1,0,0,0,1,1,25,1016,1016,1016,1016,0,0,0,0,0,1,1,0,0,0,-277.5761939,0,0,0,0,3,1,1,10,10,0,0,0,3,1,1,10,1000,0,0,0,0,0,0,0,0,0,0,0,0,0,0,0,0,0,0,0,0,0,0,0,0,0,0,0,0,0,0,0,0,0,0,0,0,0,0,0,0,0,0,0,0,0,0,0,0,0,0,0
1986,28,9,7,11.855,2,7,1,0,0,0,1,1,25,1016,1016,1016,1016,0,0,0,0,0,1,1,0,0,0,-277.6196078,0,0,0,0,3,1,1,10,10,0,0,0,3,1,1,10,1000,0,0,0,0,0,0,0,0,0,0,0,0,0,0,0,0,0,0,0,0,0,0,0,0,0,0,0,0,0,0,0,0,0,0,0,0,0,0,0,0,0,0,0,0,0,0,0,0,0,0,0
1986,28,9,7,59.855,2,7,1,0,0,0,1,1,25,1016,1016,1016,1016,0,0,0,0,0,1,1,0,0,0,-277.6630216,0,0,0,0,3,1,1,10,10,0,0,0,3,1,1,10,1000,0,0,0,0,0,0,0,0,0,0,0,0,0,0,0,0,0,0,0,0,0,0,0,0,0,0,0,0,0,0,0,0,0,0,0,0,0,0,0,0,0,0,0,0,0,0,0,0,0,0,0
1986,28,9,8,47.855,2,7,1,0,0,0,1,1,25,1016,1016,1016,1016,0,0,0,0,0,1,1,0,0,0,-277.7064354,0,0,0,0,3,1,1,10,10,0,0,0,3,1,1,10,1000,0,0,0,0,0,0,0,0,0,0,0,0,0,0,0,0,0,0,0,0,0,0,0,0,0,0,0,0,0,0,0,0,0,0,0,0,0,0,0,0,0,0,0,0,0,0,0,0,0,0,0
1986,28,9,9,35.855,2,7,1,0,0,0,1,1,25,1016,1016,1016,1016,0,0,0,0,0,1,1,0,0,0,-277.7498491,0,0,0,0,3,1,1,10,10,0,0,0,3,1,1,10,1000,0,0,0,0,0,0,0,0,0,0,0,0,0,0,0,0,0,0,0,0,0,0,0,0,0,0,0,0,0,0,0,0,0,0,0,0,0,0,0,0,0,0,0,0,0,0,0,0,0,0,0
1986,28,9,10,23.855,2,7,1,0,0,0,1,1,25,1016,1016,1016,1016,0,0,0,0,0,1,1,0,0,0,-277.7932628,0,0,0,0,3,1,1,10,10,0,0,0,3,1,1,10,1000,0,0,0,0,0,0,0,0,0,0,0,0,0,0,0,0,0,0,0,0,0,0,0,0,0,0,0,0,0,0,0,0,0,0,0,0,0,0,0,0,0,0,0,0,0,0,0,0,0,0,0
1986,28,9,11,11.855,2,7,1,0,0,0,1,1,25,1016,1016,1016,1016,0,0,0,0,0,1,1,0,0,0,-277.8366765,0,0,0,0,3,1,1,10,10,0,0,0,3,1,1,10,1000,0,0,0,0,0,0,0,0,0,0,0,0,0,0,0,0,0,0,0,0,0,0,0,0,0,0,0,0,0,0,0,0,0,0,0,0,0,0,0,0,0,0,0,0,0,0,0,0,0,0,0
1986,28,9,11,59.854,2,7,1,0,0,0,1,1,25,1016,1016,1016,1016,0,0,0,0,0,1,1,0,0,0,-277.8800892,0,0,0,0,3,1,1,10,10,0,0,0,3,1,1,10,1000,0,0,0,0,0,0,0,0,0,0,0,0,0,0,0,0,0,0,0,0,0,0,0,0,0,0,0,0,0,0,0,0,0,0,0,0,0,0,0,0,0,0,0,0,0,0,0,0,0,0,0
1986,28,9,12,47.854,2,7,1,0,0,0,1,1,25,1016,1016,1016,1016,0,0,0,0,0,1,1,0,0,0,-277.9235028,0,0,0,0,3,1,1,10,10,0,0,0,3,1,1,10,1000,0,0,0,0,0,0,0,0,0,0,0,0,0,0,0,0,0,0,0,0,0,0,0,0,0,0,0,0,0,0,0,0,0,0,0,0,0,0,0,0,0,0,0,0,0,0,0,0,0,0,0
1986,28,9,13,35.854,2,7,1,0,0,0,1,1,25,1016,1016,1016,1016,0,0,0,0,0,1,1,0,0,0,-277.9669164,0,0,0,0,3,1,1,10,10,0,0,0,3,1,1,10,1000,0,0,0,0,0,0,0,0,0,0,0,0,0,0,0,0,0,0,0,0,0,0,0,0,0,0,0,0,0,0,0,0,0,0,0,0,0,0,0,0,0,0,0,0,0,0,0,0,0,0,0
1986,28,9,14,23.854,2,7,1,0,0,0,1,1,25,1016,1016,1016,1016,0,0,0,0,0,1,1,0,0,0,-278.01033,0,0,0,0,3,1,1,10,10,0,0,0,3,1,1,10,1000,0,0,0,0,0,0,0,0,0,0,0,0,0,0,0,0,0,0,0,0,0,0,0,0,0,0,0,0,0,0,0,0,0,0,0,0,0,0,0,0,0,0,0,0,0,0,0,0,0,0,0
1986,28,9,15,11.854,2,7,1,0,0,0,1,1,25,1016,1016,1016,1016,0,0,0,0,0,1,1,0,0,0,-278.0537435,0,0,0,0,3,1,1,10,10,0,0,0,3,1,1,10,1000,0,0,0,0,0,0,0,0,0,0,0,0,0,0,0,0,0,0,0,0,0,0,0,0,0,0,0,0,0,0,0,0,0,0,0,0,0,0,0,0,0,0,0,0,0,0,0,0,0,0,0
1986,28,9,18,23.854,2,7,1,0,0,0,1,1,25,1016,1016,1016,1016,0,0,0,0,0,1,1,0,0,0,-278.2273971,0,0,0,0,3,1,1,10,10,0,0,0,3,1,1,10,1000,0,0,0,0,0,0,0,0,0,0,0,0,0,0,0,0,0,0,0,0,0,0,0,0,0,0,0,0,0,0,0,0,0,0,0,0,0,0,0,0,0,0,0,0,0,0,0,0,0,0,0
1986,28,9,19,11.854,2,7,1,0,0,0,1,1,25,1016,1016,1016,1016,0,0,0,0,0,1,1,0,0,0,-278.2708105,0,0,0,0,3,1,1,10,10,0,0,0,3,1,1,10,1000,0,0,0,0,0,0,0,0,0,0,0,0,0,0,0,0,0,0,0,0,0,0,0,0,0,0,0,0,0,0,0,0,0,0,0,0,0,0,0,0,0,0,0,0,0,0,0,0,0,0,0
1986,28,9,19,59.854,2,7,1,0,0,0,1,1,25,1016,1016,1016,1016,0,0,0,0,0,1,1,0,0,0,-278.3142238,0,0,0,0,3,1,1,10,10,0,0,0,3,1,1,10,1000,0,0,0,0,0,0,0,0,0,0,0,0,0,0,0,0,0,0,0,0,0,0,0,0,0,0,0,0,0,0,0,0,0,0,0,0,0,0,0,0,0,0,0,0,0,0,0,0,0,0,0
1986,28,9,20,47.854,2,7,1,0,0,0,1,1,25,1016,1016,1016,1016,0,0,0,0,0,1,1,0,0,0,-278.357637,0,0,0,0,3,1,1,10,10,0,0,0,3,1,1,10,1000,0,0,0,0,0,0,0,0,0,0,0,0,0,0,0,0,0,0,0,0,0,0,0,0,0,0,0,0,0,0,0,0,0,0,0,0,0,0,0,0,0,0,0,0,0,0,0,0,0,0,0
1986,28,9,21,35.854,2,7,1,0,0,0,1,1,25,1016,1016,1016,1016,0,0,0,0,0,1,1,0,0,0,-278.4010502,0,0,0,0,3,1,1,10,10,0,0,0,3,1,1,10,1000,0,0,0,0,0,0,0,0,0,0,0,0,0,0,0,0,0,0,0,0,0,0,0,0,0,0,0,0,0,0,0,0,0,0,0,0,0,0,0,0,0,0,0,0,0,0,0,0,0,0,0
1986,28,9,22,23.854,2,7,1,0,0,0,1,1,25,1016,1016,1016,1016,0,0,0,0,0,1,1,0,0,0,-278.4444634,0,0,0,0,3,1,1,10,10,0,0,0,3,1,1,10,1000,0,0,0,0,0,0,0,0,0,0,0,0,0,0,0,0,0,0,0,0,0,0,0,0,0,0,0,0,0,0,0,0,0,0,0,0,0,0,0,0,0,0,0,0,0,0,0,0,0,0,0
1986,28,9,23,11.854,2,7,1,0,0,0,1,1,25,1016,1016,1016,1016,0,0,0,0,0,1,1,0,0,0,-278.4878766,0,0,0,0,3,1,1,10,10,0,0,0,3,1,1,10,1000,0,0,0,0,0,0,0,0,0,0,0,0,0,0,0,0,0,0,0,0,0,0,0,0,0,0,0,0,0,0,0,0,0,0,0,0,0,0,0,0,0,0,0,0,0,0,0,0,0,0,0
1986,28,9,23,59.854,2,7,1,0,0,0,1,1,25,1016,1016,1016,1016,0,0,0,0,0,1,1,0,0,0,-278.5312897,0,0,0,0,3,1,1,10,10,0,0,0,3,1,1,10,1000,0,0,0,0,0,0,0,0,0,0,0,0,0,0,0,0,0,0,0,0,0,0,0,0,0,0,0,0,0,0,0,0,0,0,0,0,0,0,0,0,0,0,0,0,0,0,0,0,0,0,0
1986,28,9,24,47.854,2,7,1,0,0,0,1,1,25,1016,1016,1016,1016,0,0,0,0,0,1,1,0,0,0,-278.5747028,0,0,0,0,3,1,1,10,10,0,0,0,3,1,1,10,1000,0,0,0,0,0,0,0,0,0,0,0,0,0,0,0,0,0,0,0,0,0,0,0,0,0,0,0,0,0,0,0,0,0,0,0,0,0,0,0,0,0,0,0,0,0,0,0,0,0,0,0
1986,28,9,25,35.854,2,7,1,0,0,0,1,1,25,1016,1016,1016,1016,0,0,0,0,0,1,1,0,0,0,-278.6181159,0,0,0,0,3,1,1,10,10,0,0,0,3,1,1,10,1000,0,0,0,0,0,0,0,0,0,0,0,0,0,0,0,0,0,0,0,0,0,0,0,0,0,0,0,0,0,0,0,0,0,0,0,0,0,0,0,0,0,0,0,0,0,0,0,0,0,0,0
1986,28,9,26,23.854,2,7,1,0,0,0,1,1,25,1016,1016,1016,1016,0,0,0,0,0,1,1,0,0,0,-278.6615289,0,0,0,0,3,1,1,10,10,0,0,0,3,1,1,10,1000,0,0,0,0,0,0,0,0,0,0,0,0,0,0,0,0,0,0,0,0,0,0,0,0,0,0,0,0,0,0,0,0,0,0,0,0,0,0,0,0,0,0,0,0,0,0,0,0,0,0,0
1986,28,9,27,11.853,2,7,1,0,0,0,1,1,25,1016,1016,1016,1016,0,0,0,0,0,1,1,0,0,0,-278.704941,0,0,0,0,3,1,1,10,10,0,0,0,3,1,1,10,1000,0,0,0,0,0,0,0,0,0,0,0,0,0,0,0,0,0,0,0,0,0,0,0,0,0,0,0,0,0,0,0,0,0,0,0,0,0,0,0,0,0,0,0,0,0,0,0,0,0,0,0
1986,28,9,30,23.853,2,7,1,0,0,0,1,1,25,1016,1016,1016,1016,0,0,0,0,0,1,1,0,0,0,-278.8785926,0,0,0,0,3,1,1,10,10,0,0,0,3,1,1,10,1000,0,0,0,0,0,0,0,0,0,0,0,0,0,0,0,0,0,0,0,0,0,0,0,0,0,0,0,0,0,0,0,0,0,0,0,0,0,0,0,0,0,0,0,0,0,0,0,0,0,0,0
1986,28,9,31,11.853,2,7,1,0,0,0,1,1,25,1016,1016,1016,1016,0,0,0,0,0,1,1,0,0,0,-278.9220054,0,0,0,0,3,1,1,10,10,0,0,0,3,1,1,10,1000,0,0,0,0,0,0,0,0,0,0,0,0,0,0,0,0,0,0,0,0,0,0,0,0,0,0,0,0,0,0,0,0,0,0,0,0,0,0,0,0,0,0,0,0,0,0,0,0,0,0,0
1986,28,9,31,59.853,2,7,1,0,0,0,1,1,25,1016,1016,1016,1016,0,0,0,0,0,1,1,0,0,0,-278.9654181,0,0,0,0,3,1,1,10,10,0,0,0,3,1,1,10,1000,0,0,0,0,0,0,0,0,0,0,0,0,0,0,0,0,0,0,0,0,0,0,0,0,0,0,0,0,0,0,0,0,0,0,0,0,0,0,0,0,0,0,0,0,0,0,0,0,0,0,0
1986,28,9,32,47.853,2,7,1,0,0,0,1,1,25,1016,1016,1016,1016,0,0,0,0,0,1,1,0,0,0,-279.0088309,0,0,0,0,3,1,1,10,10,0,0,0,3,1,1,10,1000,0,0,0,0,0,0,0,0,0,0,0,0,0,0,0,0,0,0,0,0,0,0,0,0,0,0,0,0,0,0,0,0,0,0,0,0,0,0,0,0,0,0,0,0,0,0,0,0,0,0,0
1986,28,9,33,35.853,2,7,1,0,0,0,1,1,25,1016,1016,1016,1016,0,0,0,0,0,1,1,0,0,0,-279.0522436,0,0,0,0,3,1,1,10,10,0,0,0,3,1,1,10,1000,0,0,0,0,0,0,0,0,0,0,0,0,0,0,0,0,0,0,0,0,0,0,0,0,0,0,0,0,0,0,0,0,0,0,0,0,0,0,0,0,0,0,0,0,0,0,0,0,0,0,0
1986,28,9,34,23.853,2,7,1,0,0,0,1,1,25,1016,1016,1016,1016,0,0,0,0,0,1,1,0,0,0,-279.0956563,0,0,0,0,3,1,1,10,10,0,0,0,3,1,1,10,1000,0,0,0,0,0,0,0,0,0,0,0,0,0,0,0,0,0,0,0,0,0,0,0,0,0,0,0,0,0,0,0,0,0,0,0,0,0,0,0,0,0,0,0,0,0,0,0,0,0,0,0
1986,28,9,35,11.853,2,7,1,0,0,0,1,1,25,1016,1016,1016,1016,0,0,0,0,0,1,1,0,0,0,-279.1390689,0,0,0,0,3,1,1,10,10,0,0,0,3,1,1,10,1000,0,0,0,0,0,0,0,0,0,0,0,0,0,0,0,0,0,0,0,0,0,0,0,0,0,0,0,0,0,0,0,0,0,0,0,0,0,0,0,0,0,0,0,0,0,0,0,0,0,0,0
1986,28,9,35,59.853,2,7,1,0,0,0,1,1,25,1016,1016,1016,1016,0,0,0,0,0,1,1,0,0,0,-279.1824815,0,0,0,0,3,1,1,10,10,0,0,0,3,1,1,10,1000,0,0,0,0,0,0,0,0,0,0,0,0,0,0,0,0,0,0,0,0,0,0,0,0,0,0,0,0,0,0,0,0,0,0,0,0,0,0,0,0,0,0,0,0,0,0,0,0,0,0,0
1986,28,9,36,47.853,2,7,1,0,0,0,1,1,25,1016,1016,1016,1016,0,0,0,0,0,1,1,0,0,0,-279.2258941,0,0,0,0,3,1,1,10,10,0,0,0,3,1,1,10,1000,0,0,0,0,0,0,0,0,0,0,0,0,0,0,0,0,0,0,0,0,0,0,0,0,0,0,0,0,0,0,0,0,0,0,0,0,0,0,0,0,0,0,0,0,0,0,0,0,0,0,0
1986,28,9,37,35.853,2,7,1,0,0,0,1,1,25,1016,1016,1016,1016,0,0,0,0,0,1,1,0,0,0,-279.2693066,0,0,0,0,3,1,1,10,10,0,0,0,3,1,1,10,1000,0,0,0,0,0,0,0,0,0,0,0,0,0,0,0,0,0,0,0,0,0,0,0,0,0,0,0,0,0,0,0,0,0,0,0,0,0,0,0,0,0,0,0,0,0,0,0,0,0,0,0
1986,28,9,38,23.853,2,7,1,0,0,0,1,1,25,1016,1016,1016,1016,0,0,0,0,0,1,1,0,0,0,-279.3127191,0,0,0,0,3,1,1,10,10,0,0,0,3,1,1,10,1000,0,0,0,0,0,0,0,0,0,0,0,0,0,0,0,0,0,0,0,0,0,0,0,0,0,0,0,0,0,0,0,0,0,0,0,0,0,0,0,0,0,0,0,0,0,0,0,0,0,0,0
1986,28,9,39,11.853,2,7,1,0,0,0,1,1,25,1016,1016,1016,1016,0,0,0,0,0,1,1,0,0,0,-279.3561316,0,0,0,0,3,1,1,10,10,0,0,0,3,1,1,10,1000,0,0,0,0,0,0,0,0,0,0,0,0,0,0,0,0,0,0,0,0,0,0,0,0,0,0,0,0,0,0,0,0,0,0,0,0,0,0,0,0,0,0,0,0,0,0,0,0,0,0,0
1986,28,9,42,23.852,2,7,1,0,0,0,1,1,25,1016,1016,1016,1016,0,0,0,0,0,1,1,0,0,0,-279.5297802,0,0,0,0,3,1,1,10,10,0,0,0,3,1,1,10,1000,0,0,0,0,0,0,0,0,0,0,0,0,0,0,0,0,0,0,0,0,0,0,0,0,0,0,0,0,0,0,0,0,0,0,0,0,0,0,0,0,0,0,0,0,0,0,0,0,0,0,0
1986,28,9,43,11.852,2,7,1,0,0,0,1,1,25,1016,1016,1016,1016,0,0,0,0,0,1,1,0,0,0,-279.5731925,0,0,0,0,3,1,1,10,10,0,0,0,3,1,1,10,1000,0,0,0,0,0,0,0,0,0,0,0,0,0,0,0,0,0,0,0,0,0,0,0,0,0,0,0,0,0,0,0,0,0,0,0,0,0,0,0,0,0,0,0,0,0,0,0,0,0,0,0
1986,28,9,43,59.852,2,7,1,0,0,0,1,1,25,1016,1016,1016,1016,0,0,0,0,0,1,1,0,0,0,-279.6166048,0,0,0,0,3,1,1,10,10,0,0,0,3,1,1,10,1000,0,0,0,0,0,0,0,0,0,0,0,0,0,0,0,0,0,0,0,0,0,0,0,0,0,0,0,0,0,0,0,0,0,0,0,0,0,0,0,0,0,0,0,0,0,0,0,0,0,0,0
1986,28,9,44,47.852,2,7,1,0,0,0,1,1,25,1016,1016,1016,1016,0,0,0,0,0,1,1,0,0,0,-279.660017,0,0,0,0,3,1,1,10,10,0,0,0,3,1,1,10,1000,0,0,0,0,0,0,0,0,0,0,0,0,0,0,0,0,0,0,0,0,0,0,0,0,0,0,0,0,0,0,0,0,0,0,0,0,0,0,0,0,0,0,0,0,0,0,0,0,0,0,0
1986,28,9,45,35.852,2,7,1,0,0,0,1,1,25,1016,1016,1016,1016,0,0,0,0,0,1,1,0,0,0,-279.7034292,0,0,0,0,3,1,1,10,10,0,0,0,3,1,1,10,1000,0,0,0,0,0,0,0,0,0,0,0,0,0,0,0,0,0,0,0,0,0,0,0,0,0,0,0,0,0,0,0,0,0,0,0,0,0,0,0,0,0,0,0,0,0,0,0,0,0,0,0
1986,28,9,46,23.852,2,7,1,0,0,0,1,1,25,1016,1016,1016,1016,0,0,0,0,0,1,1,0,0,0,-279.7468414,0,0,0,0,3,1,1,10,10,0,0,0,3,1,1,10,1000,0,0,0,0,0,0,0,0,0,0,0,0,0,0,0,0,0,0,0,0,0,0,0,0,0,0,0,0,0,0,0,0,0,0,0,0,0,0,0,0,0,0,0,0,0,0,0,0,0,0,0
1986,28,9,47,11.852,2,7,1,0,0,0,1,1,25,1016,1016,1016,1016,0,0,0,0,0,1,1,0,0,0,-279.7902535,0,0,0,0,3,1,1,10,10,0,0,0,3,1,1,10,1000,0,0,0,0,0,0,0,0,0,0,0,0,0,0,0,0,0,0,0,0,0,0,0,0,0,0,0,0,0,0,0,0,0,0,0,0,0,0,0,0,0,0,0,0,0,0,0,0,0,0,0
1986,28,9,47,59.852,2,7,1,0,0,0,1,1,25,1016,1016,1016,1016,0,0,0,0,0,1,1,0,0,0,-279.8336656,0,0,0,0,3,1,1,10,10,0,0,0,3,1,1,10,1000,0,0,0,0,0,0,0,0,0,0,0,0,0,0,0,0,0,0,0,0,0,0,0,0,0,0,0,0,0,0,0,0,0,0,0,0,0,0,0,0,0,0,0,0,0,0,0,0,0,0,0
1986,28,9,48,47.852,2,7,1,0,0,0,1,1,25,1016,1016,1016,1016,0,0,0,0,0,1,1,0,0,0,-279.8770777,0,0,0,0,3,1,1,10,10,0,0,0,3,1,1,10,1000,0,0,0,0,0,0,0,0,0,0,0,0,0,0,0,0,0,0,0,0,0,0,0,0,0,0,0,0,0,0,0,0,0,0,0,0,0,0,0,0,0,0,0,0,0,0,0,0,0,0,0
1986,28,9,49,35.852,2,7,1,0,0,0,1,1,25,1016,1016,1016,1016,0,0,0,0,0,1,1,0,0,0,-279.9204897,0,0,0,0,3,1,1,10,10,0,0,0,3,1,1,10,1000,0,0,0,0,0,0,0,0,0,0,0,0,0,0,0,0,0,0,0,0,0,0,0,0,0,0,0,0,0,0,0,0,0,0,0,0,0,0,0,0,0,0,0,0,0,0,0,0,0,0,0
1986,28,9,50,23.852,2,7,1,0,0,0,1,1,25,1016,1016,1016,1016,0,0,0,0,0,1,1,0,0,0,-279.9639017,0,0,0,0,3,1,1,10,10,0,0,0,3,1,1,10,1000,0,0,0,0,0,0,0,0,0,0,0,0,0,0,0,0,0,0,0,0,0,0,0,0,0,0,0,0,0,0,0,0,0,0,0,0,0,0,0,0,0,0,0,0,0,0,0,0,0,0,0
1986,28,9,51,11.852,2,7,1,0,0,0,1,1,25,1016,1016,1016,1016,0,0,0,0,0,1,1,0,0,0,-280.0073137,0,0,0,0,3,1,1,10,10,0,0,0,3,1,1,10,1000,0,0,0,0,0,0,0,0,0,0,0,0,0,0,0,0,0,0,0,0,0,0,0,0,0,0,0,0,0,0,0,0,0,0,0,0,0,0,0,0,0,0,0,0,0,0,0,0,0,0,0
1986,28,9,54,23.852,2,7,1,0,0,0,1,1,25,1016,1016,1016,1016,0,0,0,0,0,1,1,0,0,0,-280.1809611,0,0,0,0,3,1,1,10,10,0,0,0,3,1,1,10,1000,0,0,0,0,0,0,0,0,0,0,0,0,0,0,0,0,0,0,0,0,0,0,0,0,0,0,0,0,0,0,0,0,0,0,0,0,0,0,0,0,0,0,0,0,0,0,0,0,0,0,0
1986,28,9,55,11.852,2,7,1,0,0,0,1,1,25,1016,1016,1016,1016,0,0,0,0,0,1,1,0,0,0,-280.2243729,0,0,0,0,3,1,1,10,10,0,0,0,3,1,1,10,1000,0,0,0,0,0,0,0,0,0,0,0,0,0,0,0,0,0,0,0,0,0,0,0,0,0,0,0,0,0,0,0,0,0,0,0,0,0,0,0,0,0,0,0,0,0,0,0,0,0,0,0
1986,28,9,55,59.852,2,7,1,0,0,0,1,1,25,1016,1016,1016,1016,0,0,0,0,0,1,1,0,0,0,-280.2677847,0,0,0,0,3,1,1,10,10,0,0,0,3,1,1,10,1000,0,0,0,0,0,0,0,0,0,0,0,0,0,0,0,0,0,0,0,0,0,0,0,0,0,0,0,0,0,0,0,0,0,0,0,0,0,0,0,0,0,0,0,0,0,0,0,0,0,0,0
1986,28,9,56,47.852,2,7,1,0,0,0,1,1,25,1016,1016,1016,1016,0,0,0,0,0,1,1,0,0,0,-280.3111964,0,0,0,0,3,1,1,10,10,0,0,0,3,1,1,10,1000,0,0,0,0,0,0,0,0,0,0,0,0,0,0,0,0,0,0,0,0,0,0,0,0,0,0,0,0,0,0,0,0,0,0,0,0,0,0,0,0,0,0,0,0,0,0,0,0,0,0,0
1986,28,9,57,35.851,2,7,1,0,0,0,1,1,25,1016,1016,1016,1016,0,0,0,0,0,1,1,0,0,0,-280.3546072,0,0,0,0,3,1,1,10,10,0,0,0,3,1,1,10,1000,0,0,0,0,0,0,0,0,0,0,0,0,0,0,0,0,0,0,0,0,0,0,0,0,0,0,0,0,0,0,0,0,0,0,0,0,0,0,0,0,0,0,0,0,0,0,0,0,0,0,0
1986,28,9,58,23.851,2,7,1,0,0,0,1,1,25,1016,1016,1016,1016,0,0,0,0,0,1,1,0,0,0,-280.3980188,0,0,0,0,3,1,1,10,10,0,0,0,3,1,1,10,1000,0,0,0,0,0,0,0,0,0,0,0,0,0,0,0,0,0,0,0,0,0,0,0,0,0,0,0,0,0,0,0,0,0,0,0,0,0,0,0,0,0,0,0,0,0,0,0,0,0,0,0
1986,28,9,59,11.851,2,7,1,0,0,0,1,1,25,1016,1016,1016,1016,0,0,0,0,0,1,1,0,0,0,-280.4414304,0,0,0,0,3,1,1,10,10,0,0,0,3,1,1,10,1000,0,0,0,0,0,0,0,0,0,0,0,0,0,0,0,0,0,0,0,0,0,0,0,0,0,0,0,0,0,0,0,0,0,0,0,0,0,0,0,0,0,0,0,0,0,0,0,0,0,0,0
1986,28,9,59,59.851,2,7,1,0,0,0,1,1,25,1016,1016,1016,1016,0,0,0,0,0,1,1,0,0,0,-280.484842,0,0,0,0,3,1,1,10,10,0,0,0,3,1,1,10,1000,0,0,0,0,0,0,0,0,0,0,0,0,0,0,0,0,0,0,0,0,0,0,0,0,0,0,0,0,0,0,0,0,0,0,0,0,0,0,0,0,0,0,0,0,0,0,0,0,0,0,0
1986,28,10,0,47.851,2,7,1,0,0,0,1,1,25,1016,1016,1016,1016,0,0,0,0,0,1,1,0,0,0,-280.5282536,0,0,0,0,3,1,1,10,10,0,0,0,3,1,1,10,1000,0,0,0,0,0,0,0,0,0,0,0,0,0,0,0,0,0,0,0,0,0,0,0,0,0,0,0,0,0,0,0,0,0,0,0,0,0,0,0,0,0,0,0,0,0,0,0,0,0,0,0
1986,28,10,1,35.851,2,7,1,0,0,0,1,1,25,1016,1016,1016,1016,0,0,0,0,0,1,1,0,0,0,-280.5716651,0,0,0,0,3,1,1,10,10,0,0,0,3,1,1,10,1000,0,0,0,0,0,0,0,0,0,0,0,0,0,0,0,0,0,0,0,0,0,0,0,0,0,0,0,0,0,0,0,0,0,0,0,0,0,0,0,0,0,0,0,0,0,0,0,0,0,0,0
1986,28,10,2,23.851,2,7,1,0,0,0,1,1,25,1016,1016,1016,1016,0,0,0,0,0,1,1,0,0,0,-280.6150766,0,0,0,0,3,1,1,10,10,0,0,0,3,1,1,10,1000,0,0,0,0,0,0,0,0,0,0,0,0,0,0,0,0,0,0,0,0,0,0,0,0,0,0,0,0,0,0,0,0,0,0,0,0,0,0,0,0,0,0,0,0,0,0,0,0,0,0,0
1986,28,10,3,11.851,2,7,1,0,0,0,1,1,25,1016,1016,1016,1016,0,0,0,0,0,1,1,0,0,0,-280.658488,0,0,0,0,3,1,1,10,10,0,0,0,3,1,1,10,1000,0,0,0,0,0,0,0,0,0,0,0,0,0,0,0,0,0,0,0,0,0,0,0,0,0,0,0,0,0,0,0,0,0,0,0,0,0,0,0,0,0,0,0,0,0,0,0,0,0,0,0
1986,28,10,6,23.851,2,7,1,0,0,0,1,1,25,1016,1016,1016,1016,0,0,0,0,0,1,1,0,0,0,-280.8321335,0,0,0,0,3,1,1,10,10,0,0,0,3,1,1,10,1000,0,0,0,0,0,0,0,0,0,0,0,0,0,0,0,0,0,0,0,0,0,0,0,0,0,0,0,0,0,0,0,0,0,0,0,0,0,0,0,0,0,0,0,0,0,0,0,0,0,0,0
1986,28,10,7,11.851,2,7,1,0,0,0,1,1,25,1016,1016,1016,1016,0,0,0,0,0,1,1,0,0,0,-280.8755447,0,0,0,0,3,1,1,10,10,0,0,0,3,1,1,10,1000,0,0,0,0,0,0,0,0,0,0,0,0,0,0,0,0,0,0,0,0,0,0,0,0,0,0,0,0,0,0,0,0,0,0,0,0,0,0,0,0,0,0,0,0,0,0,0,0,0,0,0
1986,28,10,7,59.851,2,7,1,0,0,0,1,1,25,1016,1016,1016,1016,0,0,0,0,0,1,1,0,0,0,-280.918956,0,0,0,0,3,1,1,10,10,0,0,0,3,1,1,10,1000,0,0,0,0,0,0,0,0,0,0,0,0,0,0,0,0,0,0,0,0,0,0,0,0,0,0,0,0,0,0,0,0,0,0,0,0,0,0,0,0,0,0,0,0,0,0,0,0,0,0,0
1986,28,10,9,35.851,2,7,1,0,0,0,1,1,25,1016,1016,1016,1016,0,0,0,0,0,1,1,0,0,0,-281.0057784,0,0,0,0,3,1,1,10,10,0,0,0,3,1,1,10,1000,0,0,0,0,0,0,0,0,0,0,0,0,0,0,0,0,0,0,0,0,0,0,0,0,0,0,0,0,0,0,0,0,0,0,0,0,0,0,0,0,0,0,0,0,0,0,0,0,0,0,0
1986,28,10,10,23.851,2,7,1,0,0,0,1,1,25,1016,1016,1016,1016,0,0,0,0,0,1,1,0,0,0,-281.0491895,0,0,0,0,3,1,1,10,10,0,0,0,3,1,1,10,1000,0,0,0,0,0,0,0,0,0,0,0,0,0,0,0,0,0,0,0,0,0,0,0,0,0,0,0,0,0,0,0,0,0,0,0,0,0,0,0,0,0,0,0,0,0,0,0,0,0,0,0
1986,28,10,11,11.851,2,7,1,0,0,0,1,1,25,1016,1016,1016,1016,0,0,0,0,0,1,1,0,0,0,-281.0926006,0,0,0,0,3,1,1,10,10,0,0,0,3,1,1,10,1000,0,0,0,0,0,0,0,0,0,0,0,0,0,0,0,0,0,0,0,0,0,0,0,0,0,0,0,0,0,0,0,0,0,0,0,0,0,0,0,0,0,0,0,0,0,0,0,0,0,0,0
1986,28,10,11,59.851,2,7,1,0,0,0,1,1,25,1016,1016,1016,1016,0,0,0,0,0,1,1,0,0,0,-281.1360117,0,0,0,0,3,1,1,10,10,0,0,0,3,1,1,10,1000,0,0,0,0,0,0,0,0,0,0,0,0,0,0,0,0,0,0,0,0,0,0,0,0,0,0,0,0,0,0,0,0,0,0,0,0,0,0,0,0,0,0,0,0,0,0,0,0,0,0,0
1986,28,10,12,47.85,2,7,1,0,0,0,1,1,25,1016,1016,1016,1016,0,0,0,0,0,1,1,0,0,0,-281.1794218,0,0,0,0,3,1,1,10,10,0,0,0,3,1,1,10,1000,0,0,0,0,0,0,0,0,0,0,0,0,0,0,0,0,0,0,0,0,0,0,0,0,0,0,0,0,0,0,0,0,0,0,0,0,0,0,0,0,0,0,0,0,0,0,0,0,0,0,0
1986,28,10,13,35.85,2,7,1,0,0,0,1,1,25,1016,1016,1016,1016,0,0,0,0,0,1,1,0,0,0,-281.2228328,0,0,0,0,3,1,1,10,10,0,0,0,3,1,1,10,1000,0,0,0,0,0,0,0,0,0,0,0,0,0,0,0,0,0,0,0,0,0,0,0,0,0,0,0,0,0,0,0,0,0,0,0,0,0,0,0,0,0,0,0,0,0,0,0,0,0,0,0
1986,28,10,14,23.85,2,7,1,0,0,0,1,1,25,1016,1016,1016,1016,0,0,0,0,0,1,1,0,0,0,-281.2662438,0,0,0,0,3,1,1,10,10,0,0,0,3,1,1,10,1000,0,0,0,0,0,0,0,0,0,0,0,0,0,0,0,0,0,0,0,0,0,0,0,0,0,0,0,0,0,0,0,0,0,0,0,0,0,0,0,0,0,0,0,0,0,0,0,0,0,0,0
1986,28,10,15,11.85,2,7,1,0,0,0,1,1,25,1016,1016,1016,1016,0,0,0,0,0,1,1,0,0,0,-281.3096547,0,0,0,0,3,1,1,10,10,0,0,0,3,1,1,10,1000,0,0,0,0,0,0,0,0,0,0,0,0,0,0,0,0,0,0,0,0,0,0,0,0,0,0,0,0,0,0,0,0,0,0,0,0,0,0,0,0,0,0,0,0,0,0,0,0,0,0,0
1986,28,10,18,23.85,2,7,1,0,0,0,1,1,25,1016,1016,1016,1016,0,0,0,0,0,1,1,0,0,0,-281.4832981,0,0,0,0,3,1,1,10,10,0,0,0,3,1,1,10,1000,0,0,0,0,0,0,0,0,0,0,0,0,0,0,0,0,0,0,0,0,0,0,0,0,0,0,0,0,0,0,0,0,0,0,0,0,0,0,0,0,0,0,0,0,0,0,0,0,0,0,0
1986,28,10,19,11.85,2,7,1,0,0,0,1,1,25,1016,1016,1016,1016,0,0,0,0,0,1,1,0,0,0,-281.5267089,0,0,0,0,3,1,1,10,10,0,0,0,3,1,1,10,1000,0,0,0,0,0,0,0,0,0,0,0,0,0,0,0,0,0,0,0,0,0,0,0,0,0,0,0,0,0,0,0,0,0,0,0,0,0,0,0,0,0,0,0,0,0,0,0,0,0,0,0
1986,28,10,19,59.85,2,7,1,0,0,0,1,1,25,1016,1016,1016,1016,0,0,0,0,0,1,1,0,0,0,-281.5701196,0,0,0,0,3,1,1,10,10,0,0,0,3,1,1,10,1000,0,0,0,0,0,0,0,0,0,0,0,0,0,0,0,0,0,0,0,0,0,0,0,0,0,0,0,0,0,0,0,0,0,0,0,0,0,0,0,0,0,0,0,0,0,0,0,0,0,0,0
1986,28,10,20,47.85,2,7,1,0,0,0,1,1,25,1016,1016,1016,1016,0,0,0,0,0,1,1,0,0,0,-281.6135303,0,0,0,0,3,1,1,10,10,0,0,0,3,1,1,10,1000,0,0,0,0,0,0,0,0,0,0,0,0,0,0,0,0,0,0,0,0,0,0,0,0,0,0,0,0,0,0,0,0,0,0,0,0,0,0,0,0,0,0,0,0,0,0,0,0,0,0,0
1986,28,10,21,35.85,2,7,1,0,0,0,1,1,25,1016,1016,1016,1016,0,0,0,0,0,1,1,0,0,0,-281.656941,0,0,0,0,3,1,1,10,10,0,0,0,3,1,1,10,1000,0,0,0,0,0,0,0,0,0,0,0,0,0,0,0,0,0,0,0,0,0,0,0,0,0,0,0,0,0,0,0,0,0,0,0,0,0,0,0,0,0,0,0,0,0,0,0,0,0,0,0
1986,28,10,22,23.85,2,7,1,0,0,0,1,1,25,1016,1016,1016,1016,0,0,0,0,0,1,1,0,0,0,-281.7003516,0,0,0,0,3,1,1,10,10,0,0,0,3,1,1,10,1000,0,0,0,0,0,0,0,0,0,0,0,0,0,0,0,0,0,0,0,0,0,0,0,0,0,0,0,0,0,0,0,0,0,0,0,0,0,0,0,0,0,0,0,0,0,0,0,0,0,0,0
1986,28,10,23,11.85,2,7,1,0,0,0,1,1,25,1016,1016,1016,1016,0,0,0,0,0,1,1,0,0,0,-281.7437622,0,0,0,0,3,1,1,10,10,0,0,0,3,1,1,10,1000,0,0,0,0,0,0,0,0,0,0,0,0,0,0,0,0,0,0,0,0,0,0,0,0,0,0,0,0,0,0,0,0,0,0,0,0,0,0,0,0,0,0,0,0,0,0,0,0,0,0,0
1986,28,10,23,59.85,2,7,1,0,0,0,1,1,25,1016,1016,1016,1016,0,0,0,0,0,1,1,0,0,0,-281.7871728,0,0,0,0,3,1,1,10,10,0,0,0,3,1,1,10,1000,0,0,0,0,0,0,0,0,0,0,0,0,0,0,0,0,0,0,0,0,0,0,0,0,0,0,0,0,0,0,0,0,0,0,0,0,0,0,0,0,0,0,0,0,0,0,0,0,0,0,0
1986,28,10,24,47.85,2,7,1,0,0,0,1,1,25,1016,1016,1016,1016,0,0,0,0,0,1,1,0,0,0,-281.8305833,0,0,0,0,3,1,1,10,10,0,0,0,3,1,1,10,1000,0,0,0,0,0,0,0,0,0,0,0,0,0,0,0,0,0,0,0,0,0,0,0,0,0,0,0,0,0,0,0,0,0,0,0,0,0,0,0,0,0,0,0,0,0,0,0,0,0,0,0
1986,28,10,25,35.85,2,7,1,0,0,0,1,1,25,1016,1016,1016,1016,0,0,0,0,0,1,1,0,0,0,-281.8739938,0,0,0,0,3,1,1,10,10,0,0,0,3,1,1,10,1000,0,0,0,0,0,0,0,0,0,0,0,0,0,0,0,0,0,0,0,0,0,0,0,0,0,0,0,0,0,0,0,0,0,0,0,0,0,0,0,0,0,0,0,0,0,0,0,0,0,0,0
1986,28,10,26,23.85,2,7,1,0,0,0,1,1,25,1016,1016,1016,1016,0,0,0,0,0,1,1,0,0,0,-281.9174043,0,0,0,0,3,1,1,10,10,0,0,0,3,1,1,10,1000,0,0,0,0,0,0,0,0,0,0,0,0,0,0,0,0,0,0,0,0,0,0,0,0,0,0,0,0,0,0,0,0,0,0,0,0,0,0,0,0,0,0,0,0,0,0,0,0,0,0,0
1986,28,10,27,11.85,2,7,1,0,0,0,1,1,25,1016,1016,1016,1016,0,0,0,0,0,1,1,0,0,0,-281.9608147,0,0,0,0,3,1,1,10,10,0,0,0,3,1,1,10,1000,0,0,0,0,0,0,0,0,0,0,0,0,0,0,0,0,0,0,0,0,0,0,0,0,0,0,0,0,0,0,0,0,0,0,0,0,0,0,0,0,0,0,0,0,0,0,0,0,0,0,0
1986,28,10,30,23.849,2,7,1,0,0,0,1,1,25,1016,1016,1016,1016,0,0,0,0,0,1,1,0,0,0,-282.1344552,0,0,0,0,3,1,1,10,10,0,0,0,3,1,1,10,1000,0,0,0,0,0,0,0,0,0,0,0,0,0,0,0,0,0,0,0,0,0,0,0,0,0,0,0,0,0,0,0,0,0,0,0,0,0,0,0,0,0,0,0,0,0,0,0,0,0,0,0
1986,28,10,31,11.849,2,7,1,0,0,0,1,1,25,1016,1016,1016,1016,0,0,0,0,0,1,1,0,0,0,-282.1778655,0,0,0,0,3,1,1,10,10,0,0,0,3,1,1,10,1000,0,0,0,0,0,0,0,0,0,0,0,0,0,0,0,0,0,0,0,0,0,0,0,0,0,0,0,0,0,0,0,0,0,0,0,0,0,0,0,0,0,0,0,0,0,0,0,0,0,0,0
1986,28,10,31,59.849,2,7,1,0,0,0,1,1,25,1016,1016,1016,1016,0,0,0,0,0,1,1,0,0,0,-282.2212757,0,0,0,0,3,1,1,10,10,0,0,0,3,1,1,10,1000,0,0,0,0,0,0,0,0,0,0,0,0,0,0,0,0,0,0,0,0,0,0,0,0,0,0,0,0,0,0,0,0,0,0,0,0,0,0,0,0,0,0,0,0,0,0,0,0,0,0,0
1986,28,10,32,47.849,2,7,1,0,0,0,1,1,25,1016,1016,1016,1016,0,0,0,0,0,1,1,0,0,0,-282.2646859,0,0,0,0,3,1,1,10,10,0,0,0,3,1,1,10,1000,0,0,0,0,0,0,0,0,0,0,0,0,0,0,0,0,0,0,0,0,0,0,0,0,0,0,0,0,0,0,0,0,0,0,0,0,0,0,0,0,0,0,0,0,0,0,0,0,0,0,0
1986,28,10,33,35.849,2,7,1,0,0,0,1,1,25,1016,1016,1016,1016,0,0,0,0,0,1,1,0,0,0,-282.308096,0,0,0,0,3,1,1,10,10,0,0,0,3,1,1,10,1000,0,0,0,0,0,0,0,0,0,0,0,0,0,0,0,0,0,0,0,0,0,0,0,0,0,0,0,0,0,0,0,0,0,0,0,0,0,0,0,0,0,0,0,0,0,0,0,0,0,0,0
1986,28,10,34,23.849,2,7,1,0,0,0,1,1,25,1016,1016,1016,1016,0,0,0,0,0,1,1,0,0,0,-282.3515062,0,0,0,0,3,1,1,10,10,0,0,0,3,1,1,10,1000,0,0,0,0,0,0,0,0,0,0,0,0,0,0,0,0,0,0,0,0,0,0,0,0,0,0,0,0,0,0,0,0,0,0,0,0,0,0,0,0,0,0,0,0,0,0,0,0,0,0,0
1986,28,10,35,11.849,2,7,1,0,0,0,1,1,25,1016,1016,1016,1016,0,0,0,0,0,1,1,0,0,0,-282.3949163,0,0,0,0,3,1,1,10,10,0,0,0,3,1,1,10,1000,0,0,0,0,0,0,0,0,0,0,0,0,0,0,0,0,0,0,0,0,0,0,0,0,0,0,0,0,0,0,0,0,0,0,0,0,0,0,0,0,0,0,0,0,0,0,0,0,0,0,0
1986,28,10,35,59.849,2,7,1,0,0,0,1,1,25,1016,1016,1016,1016,0,0,0,0,0,1,1,0,0,0,-282.4383263,0,0,0,0,3,1,1,10,10,0,0,0,3,1,1,10,1000,0,0,0,0,0,0,0,0,0,0,0,0,0,0,0,0,0,0,0,0,0,0,0,0,0,0,0,0,0,0,0,0,0,0,0,0,0,0,0,0,0,0,0,0,0,0,0,0,0,0,0
1986,28,10,36,47.849,2,7,1,0,0,0,1,1,25,1016,1016,1016,1016,0,0,0,0,0,1,1,0,0,0,-282.4817363,0,0,0,0,3,1,1,10,10,0,0,0,3,1,1,10,1000,0,0,0,0,0,0,0,0,0,0,0,0,0,0,0,0,0,0,0,0,0,0,0,0,0,0,0,0,0,0,0,0,0,0,0,0,0,0,0,0,0,0,0,0,0,0,0,0,0,0,0
1986,28,10,37,35.849,2,7,1,0,0,0,1,1,25,1016,1016,1016,1016,0,0,0,0,0,1,1,0,0,0,-282.5251463,0,0,0,0,3,1,1,10,10,0,0,0,3,1,1,10,1000,0,0,0,0,0,0,0,0,0,0,0,0,0,0,0,0,0,0,0,0,0,0,0,0,0,0,0,0,0,0,0,0,0,0,0,0,0,0,0,0,0,0,0,0,0,0,0,0,0,0,0
1986,28,10,38,23.849,2,7,1,0,0,0,1,1,25,1016,1016,1016,1016,0,0,0,0,0,1,1,0,0,0,-282.5685563,0,0,0,0,3,1,1,10,10,0,0,0,3,1,1,10,1000,0,0,0,0,0,0,0,0,0,0,0,0,0,0,0,0,0,0,0,0,0,0,0,0,0,0,0,0,0,0,0,0,0,0,0,0,0,0,0,0,0,0,0,0,0,0,0,0,0,0,0
1986,28,10,39,11.849,2,7,1,0,0,0,1,1,25,1016,1016,1016,1016,0,0,0,0,0,1,1,0,0,0,-282.6119662,0,0,0,0,3,1,1,10,10,0,0,0,3,1,1,10,1000,0,0,0,0,0,0,0,0,0,0,0,0,0,0,0,0,0,0,0,0,0,0,0,0,0,0,0,0,0,0,0,0,0,0,0,0,0,0,0,0,0,0,0,0,0,0,0,0,0,0,0
1986,28,10,42,23.848,2,7,1,0,0,0,1,1,25,1016,1016,1016,1016,0,0,0,0,0,1,1,0,0,0,-282.7856047,0,0,0,0,3,1,1,10,10,0,0,0,3,1,1,10,1000,0,0,0,0,0,0,0,0,0,0,0,0,0,0,0,0,0,0,0,0,0,0,0,0,0,0,0,0,0,0,0,0,0,0,0,0,0,0,0,0,0,0,0,0,0,0,0,0,0,0,0
1986,28,10,43,11.848,2,7,1,0,0,0,1,1,25,1016,1016,1016,1016,0,0,0,0,0,1,1,0,0,0,-282.8290144,0,0,0,0,3,1,1,10,10,0,0,0,3,1,1,10,1000,0,0,0,0,0,0,0,0,0,0,0,0,0,0,0,0,0,0,0,0,0,0,0,0,0,0,0,0,0,0,0,0,0,0,0,0,0,0,0,0,0,0,0,0,0,0,0,0,0,0,0
1986,28,10,43,59.848,2,7,1,0,0,0,1,1,25,1016,1016,1016,1016,0,0,0,0,0,1,1,0,0,0,-282.8724242,0,0,0,0,3,1,1,10,10,0,0,0,3,1,1,10,1000,0,0,0,0,0,0,0,0,0,0,0,0,0,0,0,0,0,0,0,0,0,0,0,0,0,0,0,0,0,0,0,0,0,0,0,0,0,0,0,0,0,0,0,0,0,0,0,0,0,0,0
1986,28,10,44,47.848,2,7,1,0,0,0,1,1,25,1016,1016,1016,1016,0,0,0,0,0,1,1,0,0,0,-282.9158338,0,0,0,0,3,1,1,10,10,0,0,0,3,1,1,10,1000,0,0,0,0,0,0,0,0,0,0,0,0,0,0,0,0,0,0,0,0,0,0,0,0,0,0,0,0,0,0,0,0,0,0,0,0,0,0,0,0,0,0,0,0,0,0,0,0,0,0,0
1986,28,10,45,35.848,2,7,1,0,0,0,1,1,25,1016,1016,1016,1016,0,0,0,0,0,1,1,0,0,0,-282.9592435,0,0,0,0,3,1,1,10,10,0,0,0,3,1,1,10,1000,0,0,0,0,0,0,0,0,0,0,0,0,0,0,0,0,0,0,0,0,0,0,0,0,0,0,0,0,0,0,0,0,0,0,0,0,0,0,0,0,0,0,0,0,0,0,0,0,0,0,0
1986,28,10,46,23.848,2,7,1,0,0,0,1,1,25,1016,1016,1016,1016,0,0,0,0,0,1,1,0,0,0,-283.0026531,0,0,0,0,3,1,1,10,10,0,0,0,3,1,1,10,1000,0,0,0,0,0,0,0,0,0,0,0,0,0,0,0,0,0,0,0,0,0,0,0,0,0,0,0,0,0,0,0,0,0,0,0,0,0,0,0,0,0,0,0,0,0,0,0,0,0,0,0
1986,28,10,47,11.848,2,7,1,0,0,0,1,1,25,1016,1016,1016,1016,0,0,0,0,0,1,1,0,0,0,-283.0460627,0,0,0,0,3,1,1,10,10,0,0,0,3,1,1,10,1000,0,0,0,0,0,0,0,0,0,0,0,0,0,0,0,0,0,0,0,0,0,0,0,0,0,0,0,0,0,0,0,0,0,0,0,0,0,0,0,0,0,0,0,0,0,0,0,0,0,0,0
1986,28,10,47,59.848,2,7,1,0,0,0,1,1,25,1016,1016,1016,1016,0,0,0,0,0,1,1,0,0,0,-283.0894723,0,0,0,0,3,1,1,10,10,0,0,0,3,1,1,10,1000,0,0,0,0,0,0,0,0,0,0,0,0,0,0,0,0,0,0,0,0,0,0,0,0,0,0,0,0,0,0,0,0,0,0,0,0,0,0,0,0,0,0,0,0,0,0,0,0,0,0,0
1986,28,10,48,47.848,2,7,1,0,0,0,1,1,25,1016,1016,1016,1016,0,0,0,0,0,1,1,0,0,0,-283.1328818,0,0,0,0,3,1,1,10,10,0,0,0,3,1,1,10,1000,0,0,0,0,0,0,0,0,0,0,0,0,0,0,0,0,0,0,0,0,0,0,0,0,0,0,0,0,0,0,0,0,0,0,0,0,0,0,0,0,0,0,0,0,0,0,0,0,0,0,0
1986,28,10,49,35.848,2,7,1,0,0,0,1,1,25,1016,1016,1016,1016,0,0,0,0,0,1,1,0,0,0,-283.1762913,0,0,0,0,3,1,1,10,10,0,0,0,3,1,1,10,1000,0,0,0,0,0,0,0,0,0,0,0,0,0,0,0,0,0,0,0,0,0,0,0,0,0,0,0,0,0,0,0,0,0,0,0,0,0,0,0,0,0,0,0,0,0,0,0,0,0,0,0
1986,28,10,50,23.848,2,7,1,0,0,0,1,1,25,1016,1016,1016,1016,0,0,0,0,0,1,1,0,0,0,-283.2197007,0,0,0,0,3,1,1,10,10,0,0,0,3,1,1,10,1000,0,0,0,0,0,0,0,0,0,0,0,0,0,0,0,0,0,0,0,0,0,0,0,0,0,0,0,0,0,0,0,0,0,0,0,0,0,0,0,0,0,0,0,0,0,0,0,0,0,0,0
1986,28,10,51,11.848,2,7,1,0,0,0,1,1,25,1016,1016,1016,1016,0,0,0,0,0,1,1,0,0,0,-283.2631102,0,0,0,0,3,1,1,10,10,0,0,0,3,1,1,10,1000,0,0,0,0,0,0,0,0,0,0,0,0,0,0,0,0,0,0,0,0,0,0,0,0,0,0,0,0,0,0,0,0,0,0,0,0,0,0,0,0,0,0,0,0,0,0,0,0,0,0,0
1986,28,10,54,23.848,2,7,1,0,0,0,1,1,25,1016,1016,1016,1016,0,0,0,0,0,1,1,0,0,0,-283.4367475,0,0,0,0,3,1,1,10,10,0,0,0,3,1,1,10,1000,0,0,0,0,0,0,0,0,0,0,0,0,0,0,0,0,0,0,0,0,0,0,0,0,0,0,0,0,0,0,0,0,0,0,0,0,0,0,0,0,0,0,0,0,0,0,0,0,0,0,0
1986,28,10,55,11.848,2,7,1,0,0,0,1,1,25,1016,1016,1016,1016,0,0,0,0,0,1,1,0,0,0,-283.4801568,0,0,0,0,3,1,1,10,10,0,0,0,3,1,1,10,1000,0,0,0,0,0,0,0,0,0,0,0,0,0,0,0,0,0,0,0,0,0,0,0,0,0,0,0,0,0,0,0,0,0,0,0,0,0,0,0,0,0,0,0,0,0,0,0,0,0,0,0
1986,28,10,55,59.848,2,7,1,0,0,0,1,1,25,1016,1016,1016,1016,0,0,0,0,0,1,1,0,0,0,-283.523566,0,0,0,0,3,1,1,10,10,0,0,0,3,1,1,10,1000,0,0,0,0,0,0,0,0,0,0,0,0,0,0,0,0,0,0,0,0,0,0,0,0,0,0,0,0,0,0,0,0,0,0,0,0,0,0,0,0,0,0,0,0,0,0,0,0,0,0,0
1986,28,10,56,47.848,2,7,1,0,0,0,1,1,25,1016,1016,1016,1016,0,0,0,0,0,1,1,0,0,0,-283.5669752,0,0,0,0,3,1,1,10,10,0,0,0,3,1,1,10,1000,0,0,0,0,0,0,0,0,0,0,0,0,0,0,0,0,0,0,0,0,0,0,0,0,0,0,0,0,0,0,0,0,0,0,0,0,0,0,0,0,0,0,0,0,0,0,0,0,0,0,0
1986,28,10,57,35.847,2,7,1,0,0,0,1,1,25,1016,1016,1016,1016,0,0,0,0,0,1,1,0,0,0,-283.6103834,0,0,0,0,3,1,1,10,10,0,0,0,3,1,1,10,1000,0,0,0,0,0,0,0,0,0,0,0,0,0,0,0,0,0,0,0,0,0,0,0,0,0,0,0,0,0,0,0,0,0,0,0,0,0,0,0,0,0,0,0,0,0,0,0,0,0,0,0
1986,28,10,58,23.847,2,7,1,0,0,0,1,1,25,1016,1016,1016,1016,0,0,0,0,0,1,1,0,0,0,-283.6537926,0,0,0,0,3,1,1,10,10,0,0,0,3,1,1,10,1000,0,0,0,0,0,0,0,0,0,0,0,0,0,0,0,0,0,0,0,0,0,0,0,0,0,0,0,0,0,0,0,0,0,0,0,0,0,0,0,0,0,0,0,0,0,0,0,0,0,0,0
1986,28,10,59,11.847,2,7,1,0,0,0,1,1,25,1016,1016,1016,1016,0,0,0,0,0,1,1,0,0,0,-283.6972017,0,0,0,0,3,1,1,10,10,0,0,0,3,1,1,10,1000,0,0,0,0,0,0,0,0,0,0,0,0,0,0,0,0,0,0,0,0,0,0,0,0,0,0,0,0,0,0,0,0,0,0,0,0,0,0,0,0,0,0,0,0,0,0,0,0,0,0,0
1986,28,10,59,59.847,2,7,1,0,0,0,1,1,25,1016,1016,1016,1016,0,0,0,0,0,1,1,0,0,0,-283.7406107,0,0,0,0,3,1,1,10,10,0,0,0,3,1,1,10,1000,0,0,0,0,0,0,0,0,0,0,0,0,0,0,0,0,0,0,0,0,0,0,0,0,0,0,0,0,0,0,0,0,0,0,0,0,0,0,0,0,0,0,0,0,0,0,0,0,0,0,0
1986,28,11,0,47.847,2,7,1,0,0,0,1,1,25,1016,1016,1016,1016,0,0,0,0,0,1,1,0,0,0,-283.7840197,0,0,0,0,3,1,1,10,10,0,0,0,3,1,1,10,1000,0,0,0,0,0,0,0,0,0,0,0,0,0,0,0,0,0,0,0,0,0,0,0,0,0,0,0,0,0,0,0,0,0,0,0,0,0,0,0,0,0,0,0,0,0,0,0,0,0,0,0
1986,28,11,1,35.847,2,7,1,0,0,0,1,1,25,1016,1016,1016,1016,0,0,0,0,0,1,1,0,0,0,-283.8274287,0,0,0,0,3,1,1,10,10,0,0,0,3,1,1,10,1000,0,0,0,0,0,0,0,0,0,0,0,0,0,0,0,0,0,0,0,0,0,0,0,0,0,0,0,0,0,0,0,0,0,0,0,0,0,0,0,0,0,0,0,0,0,0,0,0,0,0,0
1986,28,11,2,23.847,2,7,1,0,0,0,1,1,25,1016,1016,1016,1016,0,0,0,0,0,1,1,0,0,0,-283.8708377,0,0,0,0,3,1,1,10,10,0,0,0,3,1,1,10,1000,0,0,0,0,0,0,0,0,0,0,0,0,0,0,0,0,0,0,0,0,0,0,0,0,0,0,0,0,0,0,0,0,0,0,0,0,0,0,0,0,0,0,0,0,0,0,0,0,0,0,0
1986,28,11,3,11.847,2,7,1,0,0,0,1,1,25,1016,1016,1016,1016,0,0,0,0,0,1,1,0,0,0,-283.9142466,0,0,0,0,3,1,1,10,10,0,0,0,3,1,1,10,1000,0,0,0,0,0,0,0,0,0,0,0,0,0,0,0,0,0,0,0,0,0,0,0,0,0,0,0,0,0,0,0,0,0,0,0,0,0,0,0,0,0,0,0,0,0,0,0,0,0,0,0
1986,28,11,6,23.847,2,7,1,0,0,0,1,1,25,1016,1016,1016,1016,0,0,0,0,0,1,1,0,0,0,-284.087882,0,0,0,0,3,1,1,10,10,0,0,0,3,1,1,10,1000,0,0,0,0,0,0,0,0,0,0,0,0,0,0,0,0,0,0,0,0,0,0,0,0,0,0,0,0,0,0,0,0,0,0,0,0,0,0,0,0,0,0,0,0,0,0,0,0,0,0,0
1986,28,11,7,11.847,2,7,1,0,0,0,1,1,25,1016,1016,1016,1016,0,0,0,0,0,1,1,0,0,0,-284.1312907,0,0,0,0,3,1,1,10,10,0,0,0,3,1,1,10,1000,0,0,0,0,0,0,0,0,0,0,0,0,0,0,0,0,0,0,0,0,0,0,0,0,0,0,0,0,0,0,0,0,0,0,0,0,0,0,0,0,0,0,0,0,0,0,0,0,0,0,0
1986,28,11,7,59.847,2,7,1,0,0,0,1,1,25,1016,1016,1016,1016,0,0,0,0,0,1,1,0,0,0,-284.1746994,0,0,0,0,3,1,1,10,10,0,0,0,3,1,1,10,1000,0,0,0,0,0,0,0,0,0,0,0,0,0,0,0,0,0,0,0,0,0,0,0,0,0,0,0,0,0,0,0,0,0,0,0,0,0,0,0,0,0,0,0,0,0,0,0,0,0,0,0
1986,28,11,8,47.847,2,7,1,0,0,0,1,1,25,1016,1016,1016,1016,0,0,0,0,0,1,1,0,0,0,-284.2181081,0,0,0,0,3,1,1,10,10,0,0,0,3,1,1,10,1000,0,0,0,0,0,0,0,0,0,0,0,0,0,0,0,0,0,0,0,0,0,0,0,0,0,0,0,0,0,0,0,0,0,0,0,0,0,0,0,0,0,0,0,0,0,0,0,0,0,0,0
1986,28,11,9,35.847,2,7,1,0,0,0,1,1,25,1016,1016,1016,1016,0,0,0,0,0,1,1,0,0,0,-284.2615168,0,0,0,0,3,1,1,10,10,0,0,0,3,1,1,10,1000,0,0,0,0,0,0,0,0,0,0,0,0,0,0,0,0,0,0,0,0,0,0,0,0,0,0,0,0,0,0,0,0,0,0,0,0,0,0,0,0,0,0,0,0,0,0,0,0,0,0,0
1986,28,11,10,23.847,2,7,1,0,0,0,1,1,25,1016,1016,1016,1016,0,0,0,0,0,1,1,0,0,0,-284.3049254,0,0,0,0,3,1,1,10,10,0,0,0,3,1,1,10,1000,0,0,0,0,0,0,0,0,0,0,0,0,0,0,0,0,0,0,0,0,0,0,0,0,0,0,0,0,0,0,0,0,0,0,0,0,0,0,0,0,0,0,0,0,0,0,0,0,0,0,0
1986,28,11,11,11.847,2,7,1,0,0,0,1,1,25,1016,1016,1016,1016,0,0,0,0,0,1,1,0,0,0,-284.348334,0,0,0,0,3,1,1,10,10,0,0,0,3,1,1,10,1000,0,0,0,0,0,0,0,0,0,0,0,0,0,0,0,0,0,0,0,0,0,0,0,0,0,0,0,0,0,0,0,0,0,0,0,0,0,0,0,0,0,0,0,0,0,0,0,0,0,0,0
1986,28,11,11,59.847,2,7,1,0,0,0,1,1,25,1016,1016,1016,1016,0,0,0,0,0,1,1,0,0,0,-284.3917425,0,0,0,0,3,1,1,10,10,0,0,0,3,1,1,10,1000,0,0,0,0,0,0,0,0,0,0,0,0,0,0,0,0,0,0,0,0,0,0,0,0,0,0,0,0,0,0,0,0,0,0,0,0,0,0,0,0,0,0,0,0,0,0,0,0,0,0,0
1986,28,11,12,47.846,2,7,1,0,0,0,1,1,25,1016,1016,1016,1016,0,0,0,0,0,1,1,0,0,0,-284.4351502,0,0,0,0,3,1,1,10,10,0,0,0,3,1,1,10,1000,0,0,0,0,0,0,0,0,0,0,0,0,0,0,0,0,0,0,0,0,0,0,0,0,0,0,0,0,0,0,0,0,0,0,0,0,0,0,0,0,0,0,0,0,0,0,0,0,0,0,0
1986,28,11,13,35.846,2,7,1,0,0,0,1,1,25,1016,1016,1016,1016,0,0,0,0,0,1,1,0,0,0,-284.4785587,0,0,0,0,3,1,1,10,10,0,0,0,3,1,1,10,1000,0,0,0,0,0,0,0,0,0,0,0,0,0,0,0,0,0,0,0,0,0,0,0,0,0,0,0,0,0,0,0,0,0,0,0,0,0,0,0,0,0,0,0,0,0,0,0,0,0,0,0
1986,28,11,14,23.846,2,7,1,0,0,0,1,1,25,1016,1016,1016,1016,0,0,0,0,0,1,1,0,0,0,-284.5219671,0,0,0,0,3,1,1,10,10,0,0,0,3,1,1,10,1000,0,0,0,0,0,0,0,0,0,0,0,0,0,0,0,0,0,0,0,0,0,0,0,0,0,0,0,0,0,0,0,0,0,0,0,0,0,0,0,0,0,0,0,0,0,0,0,0,0,0,0
1986,28,11,15,11.846,2,7,1,0,0,0,1,1,25,1016,1016,1016,1016,0,0,0,0,0,1,1,0,0,0,-284.5653755,0,0,0,0,3,1,1,10,10,0,0,0,3,1,1,10,1000,0,0,0,0,0,0,0,0,0,0,0,0,0,0,0,0,0,0,0,0,0,0,0,0,0,0,0,0,0,0,0,0,0,0,0,0,0,0,0,0,0,0,0,0,0,0,0,0,0,0,0
1986,28,11,18,23.846,2,7,1,0,0,0,1,1,25,1016,1016,1016,1016,0,0,0,0,0,1,1,0,0,0,-284.7390089,0,0,0,0,3,1,1,10,10,0,0,0,3,1,1,10,1000,0,0,0,0,0,0,0,0,0,0,0,0,0,0,0,0,0,0,0,0,0,0,0,0,0,0,0,0,0,0,0,0,0,0,0,0,0,0,0,0,0,0,0,0,0,0,0,0,0,0,0
1986,28,11,19,11.846,2,7,1,0,0,0,1,1,25,1016,1016,1016,1016,0,0,0,0,0,1,1,0,0,0,-284.7824172,0,0,0,0,3,1,1,10,10,0,0,0,3,1,1,10,1000,0,0,0,0,0,0,0,0,0,0,0,0,0,0,0,0,0,0,0,0,0,0,0,0,0,0,0,0,0,0,0,0,0,0,0,0,0,0,0,0,0,0,0,0,0,0,0,0,0,0,0
1986,28,11,19,59.846,2,7,1,0,0,0,1,1,25,1016,1016,1016,1016,0,0,0,0,0,1,1,0,0,0,-284.8258254,0,0,0,0,3,1,1,10,10,0,0,0,3,1,1,10,1000,0,0,0,0,0,0,0,0,0,0,0,0,0,0,0,0,0,0,0,0,0,0,0,0,0,0,0,0,0,0,0,0,0,0,0,0,0,0,0,0,0,0,0,0,0,0,0,0,0,0,0
1986,28,11,20,47.846,2,7,1,0,0,0,1,1,25,1016,1016,1016,1016,0,0,0,0,0,1,1,0,0,0,-284.8692336,0,0,0,0,3,1,1,10,10,0,0,0,3,1,1,10,1000,0,0,0,0,0,0,0,0,0,0,0,0,0,0,0,0,0,0,0,0,0,0,0,0,0,0,0,0,0,0,0,0,0,0,0,0,0,0,0,0,0,0,0,0,0,0,0,0,0,0,0
1986,28,11,21,35.846,2,7,1,0,0,0,1,1,25,1016,1016,1016,1016,0,0,0,0,0,1,1,0,0,0,-284.9126417,0,0,0,0,3,1,1,10,10,0,0,0,3,1,1,10,1000,0,0,0,0,0,0,0,0,0,0,0,0,0,0,0,0,0,0,0,0,0,0,0,0,0,0,0,0,0,0,0,0,0,0,0,0,0,0,0,0,0,0,0,0,0,0,0,0,0,0,0
1986,28,11,22,23.846,2,7,1,0,0,0,1,1,25,1016,1016,1016,1016,0,0,0,0,0,1,1,0,0,0,-284.9560499,0,0,0,0,3,1,1,10,10,0,0,0,3,1,1,10,1000,0,0,0,0,0,0,0,0,0,0,0,0,0,0,0,0,0,0,0,0,0,0,0,0,0,0,0,0,0,0,0,0,0,0,0,0,0,0,0,0,0,0,0,0,0,0,0,0,0,0,0
1986,28,11,23,11.846,2,7,1,0,0,0,1,1,25,1016,1016,1016,1016,0,0,0,0,0,1,1,0,0,0,-284.9994579,0,0,0,0,3,1,1,10,10,0,0,0,3,1,1,10,1000,0,0,0,0,0,0,0,0,0,0,0,0,0,0,0,0,0,0,0,0,0,0,0,0,0,0,0,0,0,0,0,0,0,0,0,0,0,0,0,0,0,0,0,0,0,0,0,0,0,0,0
1986,28,11,23,59.846,2,7,1,0,0,0,1,1,25,1016,1016,1016,1016,0,0,0,0,0,1,1,0,0,0,-285.042866,0,0,0,0,3,1,1,10,10,0,0,0,3,1,1,10,1000,0,0,0,0,0,0,0,0,0,0,0,0,0,0,0,0,0,0,0,0,0,0,0,0,0,0,0,0,0,0,0,0,0,0,0,0,0,0,0,0,0,0,0,0,0,0,0,0,0,0,0
1986,28,11,24,47.846,2,7,1,0,0,0,1,1,25,1016,1016,1016,1016,0,0,0,0,0,1,1,0,0,0,-285.086274,0,0,0,0,3,1,1,10,10,0,0,0,3,1,1,10,1000,0,0,0,0,0,0,0,0,0,0,0,0,0,0,0,0,0,0,0,0,0,0,0,0,0,0,0,0,0,0,0,0,0,0,0,0,0,0,0,0,0,0,0,0,0,0,0,0,0,0,0
1986,28,11,25,35.846,2,7,1,0,0,0,1,1,25,1016,1016,1016,1016,0,0,0,0,0,1,1,0,0,0,-285.129682,0,0,0,0,3,1,1,10,10,0,0,0,3,1,1,10,1000,0,0,0,0,0,0,0,0,0,0,0,0,0,0,0,0,0,0,0,0,0,0,0,0,0,0,0,0,0,0,0,0,0,0,0,0,0,0,0,0,0,0,0,0,0,0,0,0,0,0,0
1986,28,11,26,23.846,2,7,1,0,0,0,1,1,25,1016,1016,1016,1016,0,0,0,0,0,1,1,0,0,0,-285.17309,0,0,0,0,3,1,1,10,10,0,0,0,3,1,1,10,1000,0,0,0,0,0,0,0,0,0,0,0,0,0,0,0,0,0,0,0,0,0,0,0,0,0,0,0,0,0,0,0,0,0,0,0,0,0,0,0,0,0,0,0,0,0,0,0,0,0,0,0
1986,28,11,27,11.846,2,7,1,0,0,0,1,1,25,1016,1016,1016,1016,0,0,0,0,0,1,1,0,0,0,-285.2164979,0,0,0,0,3,1,1,10,10,0,0,0,3,1,1,10,1000,0,0,0,0,0,0,0,0,0,0,0,0,0,0,0,0,0,0,0,0,0,0,0,0,0,0,0,0,0,0,0,0,0,0,0,0,0,0,0,0,0,0,0,0,0,0,0,0,0,0,0
1986,28,11,30,23.845,2,7,1,0,0,0,1,1,25,1016,1016,1016,1016,0,0,0,0,0,1,1,0,0,0,-285.3901284,0,0,0,0,3,1,1,10,10,0,0,0,3,1,1,10,1000,0,0,0,0,0,0,0,0,0,0,0,0,0,0,0,0,0,0,0,0,0,0,0,0,0,0,0,0,0,0,0,0,0,0,0,0,0,0,0,0,0,0,0,0,0,0,0,0,0,0,0
1986,28,11,31,11.845,2,7,1,0,0,0,1,1,25,1016,1016,1016,1016,0,0,0,0,0,1,1,0,0,0,-285.4335362,0,0,0,0,3,1,1,10,10,0,0,0,3,1,1,10,1000,0,0,0,0,0,0,0,0,0,0,0,0,0,0,0,0,0,0,0,0,0,0,0,0,0,0,0,0,0,0,0,0,0,0,0,0,0,0,0,0,0,0,0,0,0,0,0,0,0,0,0
1986,28,11,31,59.845,2,7,1,0,0,0,1,1,25,1016,1016,1016,1016,0,0,0,0,0,1,1,0,0,0,-285.4769439,0,0,0,0,3,1,1,10,10,0,0,0,3,1,1,10,1000,0,0,0,0,0,0,0,0,0,0,0,0,0,0,0,0,0,0,0,0,0,0,0,0,0,0,0,0,0,0,0,0,0,0,0,0,0,0,0,0,0,0,0,0,0,0,0,0,0,0,0
1986,28,11,32,47.845,2,7,1,0,0,0,1,1,25,1016,1016,1016,1016,0,0,0,0,0,1,1,0,0,0,-285.5203516,0,0,0,0,3,1,1,10,10,0,0,0,3,1,1,10,1000,0,0,0,0,0,0,0,0,0,0,0,0,0,0,0,0,0,0,0,0,0,0,0,0,0,0,0,0,0,0,0,0,0,0,0,0,0,0,0,0,0,0,0,0,0,0,0,0,0,0,0
1986,28,11,33,35.845,2,7,1,0,0,0,1,1,25,1016,1016,1016,1016,0,0,0,0,0,1,1,0,0,0,-285.5637592,0,0,0,0,3,1,1,10,10,0,0,0,3,1,1,10,1000,0,0,0,0,0,0,0,0,0,0,0,0,0,0,0,0,0,0,0,0,0,0,0,0,0,0,0,0,0,0,0,0,0,0,0,0,0,0,0,0,0,0,0,0,0,0,0,0,0,0,0
1986,28,11,34,23.845,2,7,1,0,0,0,1,1,25,1016,1016,1016,1016,0,0,0,0,0,1,1,0,0,0,-285.6071669,0,0,0,0,3,1,1,10,10,0,0,0,3,1,1,10,1000,0,0,0,0,0,0,0,0,0,0,0,0,0,0,0,0,0,0,0,0,0,0,0,0,0,0,0,0,0,0,0,0,0,0,0,0,0,0,0,0,0,0,0,0,0,0,0,0,0,0,0
1986,28,11,35,11.845,2,7,1,0,0,0,1,1,25,1016,1016,1016,1016,0,0,0,0,0,1,1,0,0,0,-285.6505745,0,0,0,0,3,1,1,10,10,0,0,0,3,1,1,10,1000,0,0,0,0,0,0,0,0,0,0,0,0,0,0,0,0,0,0,0,0,0,0,0,0,0,0,0,0,0,0,0,0,0,0,0,0,0,0,0,0,0,0,0,0,0,0,0,0,0,0,0
1986,28,11,35,59.845,2,7,1,0,0,0,1,1,25,1016,1016,1016,1016,0,0,0,0,0,1,1,0,0,0,-285.693982,0,0,0,0,3,1,1,10,10,0,0,0,3,1,1,10,1000,0,0,0,0,0,0,0,0,0,0,0,0,0,0,0,0,0,0,0,0,0,0,0,0,0,0,0,0,0,0,0,0,0,0,0,0,0,0,0,0,0,0,0,0,0,0,0,0,0,0,0
1986,28,11,36,47.845,2,7,1,0,0,0,1,1,25,1016,1016,1016,1016,0,0,0,0,0,1,1,0,0,0,-285.7373896,0,0,0,0,3,1,1,10,10,0,0,0,3,1,1,10,1000,0,0,0,0,0,0,0,0,0,0,0,0,0,0,0,0,0,0,0,0,0,0,0,0,0,0,0,0,0,0,0,0,0,0,0,0,0,0,0,0,0,0,0,0,0,0,0,0,0,0,0
1986,28,11,37,35.845,2,7,1,0,0,0,1,1,25,1016,1016,1016,1016,0,0,0,0,0,1,1,0,0,0,-285.7807971,0,0,0,0,3,1,1,10,10,0,0,0,3,1,1,10,1000,0,0,0,0,0,0,0,0,0,0,0,0,0,0,0,0,0,0,0,0,0,0,0,0,0,0,0,0,0,0,0,0,0,0,0,0,0,0,0,0,0,0,0,0,0,0,0,0,0,0,0
1986,28,11,38,23.845,2,7,1,0,0,0,1,1,25,1016,1016,1016,1016,0,0,0,0,0,1,1,0,0,0,-285.8242045,0,0,0,0,3,1,1,10,10,0,0,0,3,1,1,10,1000,0,0,0,0,0,0,0,0,0,0,0,0,0,0,0,0,0,0,0,0,0,0,0,0,0,0,0,0,0,0,0,0,0,0,0,0,0,0,0,0,0,0,0,0,0,0,0,0,0,0,0
1986,28,11,39,11.845,2,7,1,0,0,0,1,1,25,1016,1016,1016,1016,0,0,0,0,0,1,1,0,0,0,-285.867612,0,0,0,0,3,1,1,10,10,0,0,0,3,1,1,10,1000,0,0,0,0,0,0,0,0,0,0,0,0,0,0,0,0,0,0,0,0,0,0,0,0,0,0,0,0,0,0,0,0,0,0,0,0,0,0,0,0,0,0,0,0,0,0,0,0,0,0,0
1986,28,11,42,23.845,2,7,1,0,0,0,1,1,25,1016,1016,1016,1016,0,0,0,0,0,1,1,0,0,0,-286.0412414,0,0,0,0,3,1,1,10,10,0,0,0,3,1,1,10,1000,0,0,0,0,0,0,0,0,0,0,0,0,0,0,0,0,0,0,0,0,0,0,0,0,0,0,0,0,0,0,0,0,0,0,0,0,0,0,0,0,0,0,0,0,0,0,0,0,0,0,0
1986,28,11,43,11.844,2,7,1,0,0,0,1,1,25,1016,1016,1016,1016,0,0,0,0,0,1,1,0,0,0,-286.0846477,0,0,0,0,3,1,1,10,10,0,0,0,3,1,1,10,1000,0,0,0,0,0,0,0,0,0,0,0,0,0,0,0,0,0,0,0,0,0,0,0,0,0,0,0,0,0,0,0,0,0,0,0,0,0,0,0,0,0,0,0,0,0,0,0,0,0,0,0
1986,28,11,43,59.844,2,7,1,0,0,0,1,1,25,1016,1016,1016,1016,0,0,0,0,0,1,1,0,0,0,-286.128055,0,0,0,0,3,1,1,10,10,0,0,0,3,1,1,10,1000,0,0,0,0,0,0,0,0,0,0,0,0,0,0,0,0,0,0,0,0,0,0,0,0,0,0,0,0,0,0,0,0,0,0,0,0,0,0,0,0,0,0,0,0,0,0,0,0,0,0,0
1986,28,11,44,47.844,2,7,1,0,0,0,1,1,25,1016,1016,1016,1016,0,0,0,0,0,1,1,0,0,0,-286.1714622,0,0,0,0,3,1,1,10,10,0,0,0,3,1,1,10,1000,0,0,0,0,0,0,0,0,0,0,0,0,0,0,0,0,0,0,0,0,0,0,0,0,0,0,0,0,0,0,0,0,0,0,0,0,0,0,0,0,0,0,0,0,0,0,0,0,0,0,0
1986,28,11,45,35.844,2,7,1,0,0,0,1,1,25,1016,1016,1016,1016,0,0,0,0,0,1,1,0,0,0,-286.2148693,0,0,0,0,3,1,1,10,10,0,0,0,3,1,1,10,1000,0,0,0,0,0,0,0,0,0,0,0,0,0,0,0,0,0,0,0,0,0,0,0,0,0,0,0,0,0,0,0,0,0,0,0,0,0,0,0,0,0,0,0,0,0,0,0,0,0,0,0
1986,28,11,46,23.844,2,7,1,0,0,0,1,1,25,1016,1016,1016,1016,0,0,0,0,0,1,1,0,0,0,-286.2582765,0,0,0,0,3,1,1,10,10,0,0,0,3,1,1,10,1000,0,0,0,0,0,0,0,0,0,0,0,0,0,0,0,0,0,0,0,0,0,0,0,0,0,0,0,0,0,0,0,0,0,0,0,0,0,0,0,0,0,0,0,0,0,0,0,0,0,0,0
1986,28,11,47,11.844,2,7,1,0,0,0,1,1,25,1016,1016,1016,1016,0,0,0,0,0,1,1,0,0,0,-286.3016836,0,0,0,0,3,1,1,10,10,0,0,0,3,1,1,10,1000,0,0,0,0,0,0,0,0,0,0,0,0,0,0,0,0,0,0,0,0,0,0,0,0,0,0,0,0,0,0,0,0,0,0,0,0,0,0,0,0,0,0,0,0,0,0,0,0,0,0,0
1986,28,11,47,59.844,2,7,1,0,0,0,1,1,25,1016,1016,1016,1016,0,0,0,0,0,1,1,0,0,0,-286.3450907,0,0,0,0,3,1,1,10,10,0,0,0,3,1,1,10,1000,0,0,0,0,0,0,0,0,0,0,0,0,0,0,0,0,0,0,0,0,0,0,0,0,0,0,0,0,0,0,0,0,0,0,0,0,0,0,0,0,0,0,0,0,0,0,0,0,0,0,0
1986,28,11,48,47.844,2,7,1,0,0,0,1,1,25,1016,1016,1016,1016,0,0,0,0,0,1,1,0,0,0,-286.3884977,0,0,0,0,3,1,1,10,10,0,0,0,3,1,1,10,1000,0,0,0,0,0,0,0,0,0,0,0,0,0,0,0,0,0,0,0,0,0,0,0,0,0,0,0,0,0,0,0,0,0,0,0,0,0,0,0,0,0,0,0,0,0,0,0,0,0,0,0
1986,28,11,49,35.844,2,7,1,0,0,0,1,1,25,1016,1016,1016,1016,0,0,0,0,0,1,1,0,0,0,-286.4319047,0,0,0,0,3,1,1,10,10,0,0,0,3,1,1,10,1000,0,0,0,0,0,0,0,0,0,0,0,0,0,0,0,0,0,0,0,0,0,0,0,0,0,0,0,0,0,0,0,0,0,0,0,0,0,0,0,0,0,0,0,0,0,0,0,0,0,0,0
1986,28,11,50,23.844,2,7,1,0,0,0,1,1,25,1016,1016,1016,1016,0,0,0,0,0,1,1,0,0,0,-286.4753117,0,0,0,0,3,1,1,10,10,0,0,0,3,1,1,10,1000,0,0,0,0,0,0,0,0,0,0,0,0,0,0,0,0,0,0,0,0,0,0,0,0,0,0,0,0,0,0,0,0,0,0,0,0,0,0,0,0,0,0,0,0,0,0,0,0,0,0,0
1986,28,11,51,11.844,2,7,1,0,0,0,1,1,25,1016,1016,1016,1016,0,0,0,0,0,1,1,0,0,0,-286.5187186,0,0,0,0,3,1,1,10,10,0,0,0,3,1,1,10,1000,0,0,0,0,0,0,0,0,0,0,0,0,0,0,0,0,0,0,0,0,0,0,0,0,0,0,0,0,0,0,0,0,0,0,0,0,0,0,0,0,0,0,0,0,0,0,0,0,0,0,0
1986,28,11,54,23.844,2,7,1,0,0,0,1,1,25,1016,1016,1016,1016,0,0,0,0,0,1,1,0,0,0,-286.6923461,0,0,0,0,3,1,1,10,10,0,0,0,3,1,1,10,1000,0,0,0,0,0,0,0,0,0,0,0,0,0,0,0,0,0,0,0,0,0,0,0,0,0,0,0,0,0,0,0,0,0,0,0,0,0,0,0,0,0,0,0,0,0,0,0,0,0,0,0
1986,28,11,55,11.844,2,7,1,0,0,0,1,1,25,1016,1016,1016,1016,0,0,0,0,0,1,1,0,0,0,-286.7357528,0,0,0,0,3,1,1,10,10,0,0,0,3,1,1,10,1000,0,0,0,0,0,0,0,0,0,0,0,0,0,0,0,0,0,0,0,0,0,0,0,0,0,0,0,0,0,0,0,0,0,0,0,0,0,0,0,0,0,0,0,0,0,0,0,0,0,0,0
1986,28,11,55,59.844,2,7,1,0,0,0,1,1,25,1016,1016,1016,1016,0,0,0,0,0,1,1,0,0,0,-286.7791596,0,0,0,0,3,1,1,10,10,0,0,0,3,1,1,10,1000,0,0,0,0,0,0,0,0,0,0,0,0,0,0,0,0,0,0,0,0,0,0,0,0,0,0,0,0,0,0,0,0,0,0,0,0,0,0,0,0,0,0,0,0,0,0,0,0,0,0,0
1986,28,11,56,47.844,2,7,1,0,0,0,1,1,25,1016,1016,1016,1016,0,0,0,0,0,1,1,0,0,0,-286.8225663,0,0,0,0,3,1,1,10,10,0,0,0,3,1,1,10,1000,0,0,0,0,0,0,0,0,0,0,0,0,0,0,0,0,0,0,0,0,0,0,0,0,0,0,0,0,0,0,0,0,0,0,0,0,0,0,0,0,0,0,0,0,0,0,0,0,0,0,0
1986,28,11,57,35.844,2,7,1,0,0,0,1,1,25,1016,1016,1016,1016,0,0,0,0,0,1,1,0,0,0,-286.865973,0,0,0,0,3,1,1,10,10,0,0,0,3,1,1,10,1000,0,0,0,0,0,0,0,0,0,0,0,0,0,0,0,0,0,0,0,0,0,0,0,0,0,0,0,0,0,0,0,0,0,0,0,0,0,0,0,0,0,0,0,0,0,0,0,0,0,0,0
1986,28,11,58,23.843,2,7,1,0,0,0,1,1,25,1016,1016,1016,1016,0,0,0,0,0,1,1,0,0,0,-286.9093787,0,0,0,0,3,1,1,10,10,0,0,0,3,1,1,10,1000,0,0,0,0,0,0,0,0,0,0,0,0,0,0,0,0,0,0,0,0,0,0,0,0,0,0,0,0,0,0,0,0,0,0,0,0,0,0,0,0,0,0,0,0,0,0,0,0,0,0,0
1986,28,11,59,11.843,2,7,1,0,0,0,1,1,25,1016,1016,1016,1016,0,0,0,0,0,1,1,0,0,0,-286.9527853,0,0,0,0,3,1,1,10,10,0,0,0,3,1,1,10,1000,0,0,0,0,0,0,0,0,0,0,0,0,0,0,0,0,0,0,0,0,0,0,0,0,0,0,0,0,0,0,0,0,0,0,0,0,0,0,0,0,0,0,0,0,0,0,0,0,0,0,0
1986,28,12,7,59.843,2,7,1,0,0,0,1,1,25,1016,1016,1016,1016,0,0,0,0,0,1,1,0,0,0,-287.4302559,0,0,0,0,3,1,1,10,10,0,0,0,3,1,1,10,1000,0,0,0,0,0,0,0,0,0,0,0,0,0,0,0,0,0,0,0,0,0,0,0,0,0,0,0,0,0,0,0,0,0,0,0,0,0,0,0,0,0,0,0,0,0,0,0,0,0,0,0
1986,28,12,8,47.843,2,7,1,0,0,0,1,1,25,1016,1016,1016,1016,0,0,0,0,0,1,1,0,0,0,-287.4736622,0,0,0,0,3,1,1,10,10,0,0,0,3,1,1,10,1000,0,0,0,0,0,0,0,0,0,0,0,0,0,0,0,0,0,0,0,0,0,0,0,0,0,0,0,0,0,0,0,0,0,0,0,0,0,0,0,0,0,0,0,0,0,0,0,0,0,0,0
1986,28,12,10,23.843,2,7,1,0,0,0,1,1,25,1016,1016,1016,1016,0,0,0,0,0,1,1,0,0,0,-287.5604745,0,0,0,0,3,1,1,10,10,0,0,0,3,1,1,10,1000,0,0,0,0,0,0,0,0,0,0,0,0,0,0,0,0,0,0,0,0,0,0,0,0,0,0,0,0,0,0,0,0,0,0,0,0,0,0,0,0,0,0,0,0,0,0,0,0,0,0,0
1986,28,12,11,11.843,2,7,1,0,0,0,1,1,25,1016,1016,1016,1016,0,0,0,0,0,1,1,0,0,0,-287.6038806,0,0,0,0,3,1,1,10,10,0,0,0,3,1,1,10,1000,0,0,0,0,0,0,0,0,0,0,0,0,0,0,0,0,0,0,0,0,0,0,0,0,0,0,0,0,0,0,0,0,0,0,0,0,0,0,0,0,0,0,0,0,0,0,0,0,0,0,0
1986,28,12,11,59.843,2,7,1,0,0,0,1,1,25,1016,1016,1016,1016,0,0,0,0,0,1,1,0,0,0,-287.6472867,0,0,0,0,3,1,1,10,10,0,0,0,3,1,1,10,1000,0,0,0,0,0,0,0,0,0,0,0,0,0,0,0,0,0,0,0,0,0,0,0,0,0,0,0,0,0,0,0,0,0,0,0,0,0,0,0,0,0,0,0,0,0,0,0,0,0,0,0
1986,28,12,12,47.843,2,7,1,0,0,0,1,1,25,1016,1016,1016,1016,0,0,0,0,0,1,1,0,0,0,-287.6906928,0,0,0,0,3,1,1,10,10,0,0,0,3,1,1,10,1000,0,0,0,0,0,0,0,0,0,0,0,0,0,0,0,0,0,0,0,0,0,0,0,0,0,0,0,0,0,0,0,0,0,0,0,0,0,0,0,0,0,0,0,0,0,0,0,0,0,0,0
1986,28,12,13,35.842,2,7,1,0,0,0,1,1,25,1016,1016,1016,1016,0,0,0,0,0,1,1,0,0,0,-287.7340979,0,0,0,0,3,1,1,10,10,0,0,0,3,1,1,10,1000,0,0,0,0,0,0,0,0,0,0,0,0,0,0,0,0,0,0,0,0,0,0,0,0,0,0,0,0,0,0,0,0,0,0,0,0,0,0,0,0,0,0,0,0,0,0,0,0,0,0,0
1986,28,12,14,23.842,2,7,1,0,0,0,1,1,25,1016,1016,1016,1016,0,0,0,0,0,1,1,0,0,0,-287.7775039,0,0,0,0,3,1,1,10,10,0,0,0,3,1,1,10,1000,0,0,0,0,0,0,0,0,0,0,0,0,0,0,0,0,0,0,0,0,0,0,0,0,0,0,0,0,0,0,0,0,0,0,0,0,0,0,0,0,0,0,0,0,0,0,0,0,0,0,0
1986,28,12,15,11.842,2,7,1,0,0,0,1,1,25,1016,1016,1016,1016,0,0,0,0,0,1,1,0,0,0,-287.8209099,0,0,0,0,3,1,1,10,10,0,0,0,3,1,1,10,1000,0,0,0,0,0,0,0,0,0,0,0,0,0,0,0,0,0,0,0,0,0,0,0,0,0,0,0,0,0,0,0,0,0,0,0,0,0,0,0,0,0,0,0,0,0,0,0,0,0,0,0
1986,28,12,18,23.842,2,7,1,0,0,0,1,1,25,1016,1016,1016,1016,0,0,0,0,0,1,1,0,0,0,-287.9945334,0,0,0,0,3,1,1,10,10,0,0,0,3,1,1,10,1000,0,0,0,0,0,0,0,0,0,0,0,0,0,0,0,0,0,0,0,0,0,0,0,0,0,0,0,0,0,0,0,0,0,0,0,0,0,0,0,0,0,0,0,0,0,0,0,0,0,0,0
1986,28,12,19,11.842,2,7,1,0,0,0,1,1,25,1016,1016,1016,1016,0,0,0,0,0,1,1,0,0,0,-288.0379392,0,0,0,0,3,1,1,10,10,0,0,0,3,1,1,10,1000,0,0,0,0,0,0,0,0,0,0,0,0,0,0,0,0,0,0,0,0,0,0,0,0,0,0,0,0,0,0,0,0,0,0,0,0,0,0,0,0,0,0,0,0,0,0,0,0,0,0,0
1986,28,12,19,59.842,2,7,1,0,0,0,1,1,25,1016,1016,1016,1016,0,0,0,0,0,1,1,0,0,0,-288.081345,0,0,0,0,3,1,1,10,10,0,0,0,3,1,1,10,1000,0,0,0,0,0,0,0,0,0,0,0,0,0,0,0,0,0,0,0,0,0,0,0,0,0,0,0,0,0,0,0,0,0,0,0,0,0,0,0,0,0,0,0,0,0,0,0,0,0,0,0
1986,28,12,20,47.842,2,7,1,0,0,0,1,1,25,1016,1016,1016,1016,0,0,0,0,0,1,1,0,0,0,-288.1247507,0,0,0,0,3,1,1,10,10,0,0,0,3,1,1,10,1000,0,0,0,0,0,0,0,0,0,0,0,0,0,0,0,0,0,0,0,0,0,0,0,0,0,0,0,0,0,0,0,0,0,0,0,0,0,0,0,0,0,0,0,0,0,0,0,0,0,0,0
1986,28,12,21,35.842,2,7,1,0,0,0,1,1,25,1016,1016,1016,1016,0,0,0,0,0,1,1,0,0,0,-288.1681564,0,0,0,0,3,1,1,10,10,0,0,0,3,1,1,10,1000,0,0,0,0,0,0,0,0,0,0,0,0,0,0,0,0,0,0,0,0,0,0,0,0,0,0,0,0,0,0,0,0,0,0,0,0,0,0,0,0,0,0,0,0,0,0,0,0,0,0,0
1986,28,12,22,23.842,2,7,1,0,0,0,1,1,25,1016,1016,1016,1016,0,0,0,0,0,1,1,0,0,0,-288.2115621,0,0,0,0,3,1,1,10,10,0,0,0,3,1,1,10,1000,0,0,0,0,0,0,0,0,0,0,0,0,0,0,0,0,0,0,0,0,0,0,0,0,0,0,0,0,0,0,0,0,0,0,0,0,0,0,0,0,0,0,0,0,0,0,0,0,0,0,0
1986,28,12,23,11.842,2,7,1,0,0,0,1,1,25,1016,1016,1016,1016,0,0,0,0,0,1,1,0,0,0,-288.2549677,0,0,0,0,3,1,1,10,10,0,0,0,3,1,1,10,1000,0,0,0,0,0,0,0,0,0,0,0,0,0,0,0,0,0,0,0,0,0,0,0,0,0,0,0,0,0,0,0,0,0,0,0,0,0,0,0,0,0,0,0,0,0,0,0,0,0,0,0
1986,28,12,23,59.842,2,7,1,0,0,0,1,1,25,1016,1016,1016,1016,0,0,0,0,0,1,1,0,0,0,-288.2983733,0,0,0,0,3,1,1,10,10,0,0,0,3,1,1,10,1000,0,0,0,0,0,0,0,0,0,0,0,0,0,0,0,0,0,0,0,0,0,0,0,0,0,0,0,0,0,0,0,0,0,0,0,0,0,0,0,0,0,0,0,0,0,0,0,0,0,0,0
1986,28,12,24,47.842,2,7,1,0,0,0,1,1,25,1016,1016,1016,1016,0,0,0,0,0,1,1,0,0,0,-288.3417789,0,0,0,0,3,1,1,10,10,0,0,0,3,1,1,10,1000,0,0,0,0,0,0,0,0,0,0,0,0,0,0,0,0,0,0,0,0,0,0,0,0,0,0,0,0,0,0,0,0,0,0,0,0,0,0,0,0,0,0,0,0,0,0,0,0,0,0,0
1986,28,12,25,35.842,2,7,1,0,0,0,1,1,25,1016,1016,1016,1016,0,0,0,0,0,1,1,0,0,0,-288.3851844,0,0,0,0,3,1,1,10,10,0,0,0,3,1,1,10,1000,0,0,0,0,0,0,0,0,0,0,0,0,0,0,0,0,0,0,0,0,0,0,0,0,0,0,0,0,0,0,0,0,0,0,0,0,0,0,0,0,0,0,0,0,0,0,0,0,0,0,0
1986,28,12,26,23.842,2,7,1,0,0,0,1,1,25,1016,1016,1016,1016,0,0,0,0,0,1,1,0,0,0,-288.42859,0,0,0,0,3,1,1,10,10,0,0,0,3,1,1,10,1000,0,0,0,0,0,0,0,0,0,0,0,0,0,0,0,0,0,0,0,0,0,0,0,0,0,0,0,0,0,0,0,0,0,0,0,0,0,0,0,0,0,0,0,0,0,0,0,0,0,0,0
1986,28,12,27,11.842,2,7,1,0,0,0,1,1,25,1016,1016,1016,1016,0,0,0,0,0,1,1,0,0,0,-288.4719954,0,0,0,0,3,1,1,10,10,0,0,0,3,1,1,10,1000,0,0,0,0,0,0,0,0,0,0,0,0,0,0,0,0,0,0,0,0,0,0,0,0,0,0,0,0,0,0,0,0,0,0,0,0,0,0,0,0,0,0,0,0,0,0,0,0,0,0,0
1986,28,12,30,23.841,2,7,1,0,0,0,1,1,25,1016,1016,1016,1016,0,0,0,0,0,1,1,0,0,0,-288.6456161,0,0,0,0,3,1,1,10,10,0,0,0,3,1,1,10,1000,0,0,0,0,0,0,0,0,0,0,0,0,0,0,0,0,0,0,0,0,0,0,0,0,0,0,0,0,0,0,0,0,0,0,0,0,0,0,0,0,0,0,0,0,0,0,0,0,0,0,0
1986,28,12,31,11.841,2,7,1,0,0,0,1,1,25,1016,1016,1016,1016,0,0,0,0,0,1,1,0,0,0,-288.6890214,0,0,0,0,3,1,1,10,10,0,0,0,3,1,1,10,1000,0,0,0,0,0,0,0,0,0,0,0,0,0,0,0,0,0,0,0,0,0,0,0,0,0,0,0,0,0,0,0,0,0,0,0,0,0,0,0,0,0,0,0,0,0,0,0,0,0,0,0
1986,28,12,31,59.841,2,7,1,0,0,0,1,1,25,1016,1016,1016,1016,0,0,0,0,0,1,1,0,0,0,-288.7324267,0,0,0,0,3,1,1,10,10,0,0,0,3,1,1,10,1000,0,0,0,0,0,0,0,0,0,0,0,0,0,0,0,0,0,0,0,0,0,0,0,0,0,0,0,0,0,0,0,0,0,0,0,0,0,0,0,0,0,0,0,0,0,0,0,0,0,0,0
1986,28,12,32,47.841,2,7,1,0,0,0,1,1,25,1016,1016,1016,1016,0,0,0,0,0,1,1,0,0,0,-288.775832,0,0,0,0,3,1,1,10,10,0,0,0,3,1,1,10,1000,0,0,0,0,0,0,0,0,0,0,0,0,0,0,0,0,0,0,0,0,0,0,0,0,0,0,0,0,0,0,0,0,0,0,0,0,0,0,0,0,0,0,0,0,0,0,0,0,0,0,0
1986,28,12,33,35.841,2,7,1,0,0,0,1,1,25,1016,1016,1016,1016,0,0,0,0,0,1,1,0,0,0,-288.8192372,0,0,0,0,3,1,1,10,10,0,0,0,3,1,1,10,1000,0,0,0,0,0,0,0,0,0,0,0,0,0,0,0,0,0,0,0,0,0,0,0,0,0,0,0,0,0,0,0,0,0,0,0,0,0,0,0,0,0,0,0,0,0,0,0,0,0,0,0
1986,28,12,34,23.841,2,7,1,0,0,0,1,1,25,1016,1016,1016,1016,0,0,0,0,0,1,1,0,0,0,-288.8626424,0,0,0,0,3,1,1,10,10,0,0,0,3,1,1,10,1000,0,0,0,0,0,0,0,0,0,0,0,0,0,0,0,0,0,0,0,0,0,0,0,0,0,0,0,0,0,0,0,0,0,0,0,0,0,0,0,0,0,0,0,0,0,0,0,0,0,0,0
1986,28,12,35,11.841,2,7,1,0,0,0,1,1,25,1016,1016,1016,1016,0,0,0,0,0,1,1,0,0,0,-288.9060475,0,0,0,0,3,1,1,10,10,0,0,0,3,1,1,10,1000,0,0,0,0,0,0,0,0,0,0,0,0,0,0,0,0,0,0,0,0,0,0,0,0,0,0,0,0,0,0,0,0,0,0,0,0,0,0,0,0,0,0,0,0,0,0,0,0,0,0,0
1986,28,12,35,59.841,2,7,1,0,0,0,1,1,25,1016,1016,1016,1016,0,0,0,0,0,1,1,0,0,0,-288.9494526,0,0,0,0,3,1,1,10,10,0,0,0,3,1,1,10,1000,0,0,0,0,0,0,0,0,0,0,0,0,0,0,0,0,0,0,0,0,0,0,0,0,0,0,0,0,0,0,0,0,0,0,0,0,0,0,0,0,0,0,0,0,0,0,0,0,0,0,0
1986,28,12,36,47.841,2,7,1,0,0,0,1,1,25,1016,1016,1016,1016,0,0,0,0,0,1,1,0,0,0,-288.9928577,0,0,0,0,3,1,1,10,10,0,0,0,3,1,1,10,1000,0,0,0,0,0,0,0,0,0,0,0,0,0,0,0,0,0,0,0,0,0,0,0,0,0,0,0,0,0,0,0,0,0,0,0,0,0,0,0,0,0,0,0,0,0,0,0,0,0,0,0
1986,28,12,37,35.841,2,7,1,0,0,0,1,1,25,1016,1016,1016,1016,0,0,0,0,0,1,1,0,0,0,-289.0362628,0,0,0,0,3,1,1,10,10,0,0,0,3,1,1,10,1000,0,0,0,0,0,0,0,0,0,0,0,0,0,0,0,0,0,0,0,0,0,0,0,0,0,0,0,0,0,0,0,0,0,0,0,0,0,0,0,0,0,0,0,0,0,0,0,0,0,0,0
1986,28,12,38,23.841,2,7,1,0,0,0,1,1,25,1016,1016,1016,1016,0,0,0,0,0,1,1,0,0,0,-289.0796678,0,0,0,0,3,1,1,10,10,0,0,0,3,1,1,10,1000,0,0,0,0,0,0,0,0,0,0,0,0,0,0,0,0,0,0,0,0,0,0,0,0,0,0,0,0,0,0,0,0,0,0,0,0,0,0,0,0,0,0,0,0,0,0,0,0,0,0,0
1986,28,12,39,11.841,2,7,1,0,0,0,1,1,25,1016,1016,1016,1016,0,0,0,0,0,1,1,0,0,0,-289.1230728,0,0,0,0,3,1,1,10,10,0,0,0,3,1,1,10,1000,0,0,0,0,0,0,0,0,0,0,0,0,0,0,0,0,0,0,0,0,0,0,0,0,0,0,0,0,0,0,0,0,0,0,0,0,0,0,0,0,0,0,0,0,0,0,0,0,0,0,0
1986,28,12,42,23.841,2,7,1,0,0,0,1,1,25,1016,1016,1016,1016,0,0,0,0,0,1,1,0,0,0,-289.2966925,0,0,0,0,3,1,1,10,10,0,0,0,3,1,1,10,1000,0,0,0,0,0,0,0,0,0,0,0,0,0,0,0,0,0,0,0,0,0,0,0,0,0,0,0,0,0,0,0,0,0,0,0,0,0,0,0,0,0,0,0,0,0,0,0,0,0,0,0
1986,28,12,43,11.84,2,7,1,0,0,0,1,1,25,1016,1016,1016,1016,0,0,0,0,0,1,1,0,0,0,-289.3400964,0,0,0,0,3,1,1,10,10,0,0,0,3,1,1,10,1000,0,0,0,0,0,0,0,0,0,0,0,0,0,0,0,0,0,0,0,0,0,0,0,0,0,0,0,0,0,0,0,0,0,0,0,0,0,0,0,0,0,0,0,0,0,0,0,0,0,0,0
1986,28,12,43,59.84,2,7,1,0,0,0,1,1,25,1016,1016,1016,1016,0,0,0,0,0,1,1,0,0,0,-289.3835012,0,0,0,0,3,1,1,10,10,0,0,0,3,1,1,10,1000,0,0,0,0,0,0,0,0,0,0,0,0,0,0,0,0,0,0,0,0,0,0,0,0,0,0,0,0,0,0,0,0,0,0,0,0,0,0,0,0,0,0,0,0,0,0,0,0,0,0,0
1986,28,12,44,47.84,2,7,1,0,0,0,1,1,25,1016,1016,1016,1016,0,0,0,0,0,1,1,0,0,0,-289.426906,0,0,0,0,3,1,1,10,10,0,0,0,3,1,1,10,1000,0,0,0,0,0,0,0,0,0,0,0,0,0,0,0,0,0,0,0,0,0,0,0,0,0,0,0,0,0,0,0,0,0,0,0,0,0,0,0,0,0,0,0,0,0,0,0,0,0,0,0
1986,28,12,45,35.84,2,7,1,0,0,0,1,1,25,1016,1016,1016,1016,0,0,0,0,0,1,1,0,0,0,-289.4703107,0,0,0,0,3,1,1,10,10,0,0,0,3,1,1,10,1000,0,0,0,0,0,0,0,0,0,0,0,0,0,0,0,0,0,0,0,0,0,0,0,0,0,0,0,0,0,0,0,0,0,0,0,0,0,0,0,0,0,0,0,0,0,0,0,0,0,0,0
1986,28,12,46,23.84,2,7,1,0,0,0,1,1,25,1016,1016,1016,1016,0,0,0,0,0,1,1,0,0,0,-289.5137154,0,0,0,0,3,1,1,10,10,0,0,0,3,1,1,10,1000,0,0,0,0,0,0,0,0,0,0,0,0,0,0,0,0,0,0,0,0,0,0,0,0,0,0,0,0,0,0,0,0,0,0,0,0,0,0,0,0,0,0,0,0,0,0,0,0,0,0,0
1986,28,12,47,11.84,2,7,1,0,0,0,1,1,25,1016,1016,1016,1016,0,0,0,0,0,1,1,0,0,0,-289.5571201,0,0,0,0,3,1,1,10,10,0,0,0,3,1,1,10,1000,0,0,0,0,0,0,0,0,0,0,0,0,0,0,0,0,0,0,0,0,0,0,0,0,0,0,0,0,0,0,0,0,0,0,0,0,0,0,0,0,0,0,0,0,0,0,0,0,0,0,0
1986,28,12,47,59.84,2,7,1,0,0,0,1,1,25,1016,1016,1016,1016,0,0,0,0,0,1,1,0,0,0,-289.6005247,0,0,0,0,3,1,1,10,10,0,0,0,3,1,1,10,1000,0,0,0,0,0,0,0,0,0,0,0,0,0,0,0,0,0,0,0,0,0,0,0,0,0,0,0,0,0,0,0,0,0,0,0,0,0,0,0,0,0,0,0,0,0,0,0,0,0,0,0
1986,28,12,48,47.84,2,7,1,0,0,0,1,1,25,1016,1016,1016,1016,0,0,0,0,0,1,1,0,0,0,-289.6439293,0,0,0,0,3,1,1,10,10,0,0,0,3,1,1,10,1000,0,0,0,0,0,0,0,0,0,0,0,0,0,0,0,0,0,0,0,0,0,0,0,0,0,0,0,0,0,0,0,0,0,0,0,0,0,0,0,0,0,0,0,0,0,0,0,0,0,0,0
1986,28,12,49,35.84,2,7,1,0,0,0,1,1,25,1016,1016,1016,1016,0,0,0,0,0,1,1,0,0,0,-289.6873339,0,0,0,0,3,1,1,10,10,0,0,0,3,1,1,10,1000,0,0,0,0,0,0,0,0,0,0,0,0,0,0,0,0,0,0,0,0,0,0,0,0,0,0,0,0,0,0,0,0,0,0,0,0,0,0,0,0,0,0,0,0,0,0,0,0,0,0,0
1986,28,12,50,23.84,2,7,1,0,0,0,1,1,25,1016,1016,1016,1016,0,0,0,0,0,1,1,0,0,0,-289.7307384,0,0,0,0,3,1,1,10,10,0,0,0,3,1,1,10,1000,0,0,0,0,0,0,0,0,0,0,0,0,0,0,0,0,0,0,0,0,0,0,0,0,0,0,0,0,0,0,0,0,0,0,0,0,0,0,0,0,0,0,0,0,0,0,0,0,0,0,0
1986,28,12,51,11.84,2,7,1,0,0,0,1,1,25,1016,1016,1016,1016,0,0,0,0,0,1,1,0,0,0,-289.774143,0,0,0,0,3,1,1,10,10,0,0,0,3,1,1,10,1000,0,0,0,0,0,0,0,0,0,0,0,0,0,0,0,0,0,0,0,0,0,0,0,0,0,0,0,0,0,0,0,0,0,0,0,0,0,0,0,0,0,0,0,0,0,0,0,0,0,0,0
1986,28,12,54,23.84,2,7,1,0,0,0,1,1,25,1016,1016,1016,1016,0,0,0,0,0,1,1,0,0,0,-289.9477607,0,0,0,0,3,1,1,10,10,0,0,0,3,1,1,10,1000,0,0,0,0,0,0,0,0,0,0,0,0,0,0,0,0,0,0,0,0,0,0,0,0,0,0,0,0,0,0,0,0,0,0,0,0,0,0,0,0,0,0,0,0,0,0,0,0,0,0,0
1986,28,12,55,11.84,2,7,1,0,0,0,1,1,25,1016,1016,1016,1016,0,0,0,0,0,1,1,0,0,0,-289.991165,0,0,0,0,3,1,1,10,10,0,0,0,3,1,1,10,1000,0,0,0,0,0,0,0,0,0,0,0,0,0,0,0,0,0,0,0,0,0,0,0,0,0,0,0,0,0,0,0,0,0,0,0,0,0,0,0,0,0,0,0,0,0,0,0,0,0,0,0
1986,28,12,55,59.84,2,7,1,0,0,0,1,1,25,1016,1016,1016,1016,0,0,0,0,0,1,1,0,0,0,-290.0345694,0,0,0,0,3,1,1,10,10,0,0,0,3,1,1,10,1000,0,0,0,0,0,0,0,0,0,0,0,0,0,0,0,0,0,0,0,0,0,0,0,0,0,0,0,0,0,0,0,0,0,0,0,0,0,0,0,0,0,0,0,0,0,0,0,0,0,0,0
1986,28,12,54,23.84,2,7,1,0,0,0,1,1,25,1016,1016,1016,1016,0,0,0,0,1,1,0,0,0,-289.9477607,0,0,0,0,3,1,1,1,100,0,0,0,3,1,1,0.1,3000,0,0,0,0,0,0,0,0,0,0,0,0,0,0,0,0,0,0,0,0,0,0,0,0,0,0,0,0,0,0,0,0,0,0,0,0,0,0,0,0,0,0,0,0,0,0,0,0,0,0,0,
1986,28,12,55,11.84,2,7,1,0,0,0,1,1,25,1016,1016,1016,1016,0,0,0,0,1,1,0,0,0,-289.991165,0,0,0,0,3,1,1,1,100,0,0,0,3,1,1,0.1,3000,0,0,0,0,0,0,0,0,0,0,0,0,0,0,0,0,0,0,0,0,0,0,0,0,0,0,0,0,0,0,0,0,0,0,0,0,0,0,0,0,0,0,0,0,0,0,0,0,0,0,0,
1986,28,12,55,59.84,2,7,1,0,0,0,1,1,25,1016,1016,1016,1016,0,0,0,0,1,1,0,0,0,-290.0345694,0,0,0,0,3,1,1,1,100,0,0,0,3,1,1,0.1,3000,0,0,0,0,0,0,0,0,0,0,0,0,0,0,0,0,0,0,0,0,0,0,0,0,0,0,0,0,0,0,0,0,0,0,0,0,0,0,0,0,0,0,0,0,0,0,0,0,0,0,0,
