#_E_LONG_______#1986 030 00 00 05.700 status EL
# E1: 1986 030 00 00 29.220;   E2: 1986 029 23 59 41.220   #
#      #
  3.055 29.47 15.422 21.318 3.055 3.055 3.055 34.031 13.844 25.52 3.93 21.318 10.014 45.382 22.909 19.838 96.606 15.422 3.055 13.355 43.778 3.055 72.444 165.722 3.055 3.055 171.792 807.01
#_L_LONG_______#1986 030 00 00 11.940 status LL
#      #
#      #
#CUP_A#
  305.495 143.509 86.722 305.495 128.826 159.865 178.086 205.65 10381.358 10014.498 487.673 583.787 931.921 966.06 1487.662 205.65
#CUP_B#
  133.545 184.61 143.509 39.299 36.57 83.657 3.055 3.055 3.055 21318.379 3.055 3.055 3.055 3.055 3.055 3.055
#CUP_C#
  83.657 3.657 3.055 3.055 3.055 62.734 3.055 107.617 8070.105 11564.562 205.65 379.1 294.699 392.988 470.44 305.495
#CUP_D#
  4.538 3.055 5.241 4.378 9.661 3.055 3.055 7.51 16.572 3.055 3.055 4.074 3.055 5.241 3.055 3.055
#_L_SHORT______#1986 030 00 00 47.700 status LS
#      #
#      #
#CUP_A#
  103.726 103.726 103.726 103.726 103.726 103.726 103.726 220.806 9652.427 11146.449 245.972 316.418 505.111 931.132 1287.172 103.726
#CUP_B#
  103.726 103.726 103.726 103.726 103.726 103.726 103.726 103.726 103.726 21300.34 103.726 103.726 103.726 103.726 103.726 103.726
#CUP_C#
  103.726 103.726 103.726 184.453 115.548 103.726 103.726 103.726 7778.333 11978.061 274.007 392.655 198.215 245.972 505.111 103.726
#CUP_D#
  103.726 103.726 103.726 103.726 103.726 103.726 103.726 115.548 128.717 237.28 198.215 119.781 103.726 103.726 103.726 103.726
#_L_LONG_______#1986 030 00 00 59.940 status LL
#      #
#      #
#CUP_A#
  237.481 3.055 154.216 205.65 7.51 255.199 111.559 220.993 10014.498 10381.358 524.058 294.699 966.06 294.699 1487.662 274.239
#CUP_B#
  65.032 3.055 75.098 77.849 119.882 69.884 3.055 3.055 3.055 21318.379 3.055 3.055 3.055 3.055 3.055 3.055
#CUP_C#
  14.877 3.055 56.316 27.424 3.055 3.055 3.055 143.509 8070.105 11988.205 198.383 437.778 294.699 352.78 422.308 316.686
#CUP_D#
  3.055 25.52 3.055 3.055 31.669 3.055 3.055 3.055 10.762 3.403 3.055 3.055 3.055 3.055 3.055 3.055
#_E_SHORT______#1986 030 00 01 18.780 status ES
# E1: 1986 030 00 00 54.660;   E2: 1986 030 00 01 42.660   #
#      #
  103.726 103.726 103.726 103.726 191.21 103.726 245.972 159.73 103.726 103.726 103.726 171.647 103.726 284.045 103.726 228.895 103.726 103.726 103.726 103.726 103.726 103.726 103.726 148.64 205.476 103.726 103.726 103.726
#_L_SHORT______#1986 030 00 01 35.700 status LS
#      #
#      #
#CUP_A#
  103.726 103.726 103.726 103.726 103.726 103.726 128.717 103.726 10752.551 10006.024 103.726 165.581 148.64 723.83 965.243 103.726
#CUP_B#
  103.726 177.935 103.726 103.726 103.726 184.453 205.476 103.726 103.726 21300.34 103.726 103.726 103.726 103.726 103.726 103.726
#CUP_C#
  103.726 103.726 103.726 103.726 103.726 103.726 115.548 103.726 8358.657 11978.061 213.003 604.66 264.324 264.324 523.614 103.726
#CUP_D#
  165.581 103.726 103.726 103.726 103.726 103.726 103.726 159.73 103.726 220.806 111.464 103.726 103.726 103.726 103.726 103.726
#_E_LONG_______#1986 030 00 01 41.700 status EL
# E1: 1986 030 00 02 05.220;   E2: 1986 030 00 01 17.220   #
#      #
  3.055 3.055 23.748 3.055 3.055 4.538 3.055 3.055 3.055 10.014 54.326 18.461 3.055 3.055 3.055 45.382 60.517 3.055 3.055 103.814 11.565 3.055 54.326 111.559 12.883 3.055 154.216 807.01
#_L_LONG_______#1986 030 00 01 47.940 status LL
#      #
#      #
#CUP_A#
  246.181 171.792 237.481 159.865 60.517 80.701 3.055 453.815 10761.658 10381.358 284.285 563.157 1038.136 1038.136 1288.262 2290.889
#CUP_B#
  3.055 3.055 143.509 3.055 15.422 39.299 3.055 3.055 3.055 21318.379 3.055 3.055 3.055 3.055 3.055 3.055
#CUP_C#
  48.767 6.988 39.299 19.838 83.657 3.055 3.055 138.438 8365.736 11988.205 213.184 422.308 284.285 392.988 453.815 305.495
#CUP_D#
  9.661 21.318 4.538 3.055 4.877 3.055 3.055 21.318 4.538 3.055 11.988 28.429 29.47 3.055 3.055 3.055
#_L_SHORT______#1986 030 00 02 23.700 status LS
#      #
#      #
#CUP_A#
  103.726 103.726 103.726 103.726 103.726 128.717 237.28 340.025 9652.427 10372.574 177.935 213.003 562.68 1075.255 1155.477 103.726
#CUP_B#
  103.726 103.726 124.169 103.726 103.726 103.726 159.73 103.726 103.726 21300.34 103.726 103.726 103.726 103.726 103.726 103.726
#CUP_C#
  103.726 103.726 103.726 103.726 103.726 103.726 103.726 103.726 7778.333 11978.061 138.32 421.95 274.007 365.394 352.482 103.726
#CUP_D#
  103.726 103.726 103.726 103.726 103.726 103.726 103.726 103.726 165.581 165.581 205.476 103.726 103.726 103.726 103.726 103.726
#_L_LONG_______#1986 030 00 02 35.940 status LL
#      #
#      #
#CUP_A#
  148.766 3.055 237.481 154.216 42.231 264.548 43.778 379.1 10761.658 10014.498 284.285 627.342 966.06 1076.166 294.699 2290.889
#CUP_B#
  143.509 52.406 93.192 3.055 3.055 80.701 3.055 3.055 3.055 21318.379 3.055 3.055 3.055 3.055 3.055 3.055
#CUP_C#
  65.032 83.657 3.055 17.809 67.415 54.326 3.055 119.882 8365.736 11564.562 191.372 379.1 340.313 365.703 487.673 316.686
#CUP_D#
  3.055 138.438 77.849 3.055 124.274 16.572 3.055 75.098 133.545 3.055 3.055 54.326 45.382 3.055 3.055 3.055
#_E_SHORT______#1986 030 00 02 54.780 status ES
# E1: 1986 030 00 02 30.660;   E2: 1986 030 00 03 18.660   #
#      #
  328.01 103.726 103.726 103.726 103.726 205.476 103.726 316.418 103.726 103.726 103.726 103.726 103.726 103.726 103.726 103.726 698.251 103.726 378.779 103.726 103.726 103.726 316.418 119.781 103.726 673.576 124.169 470.042
#_L_SHORT______#1986 030 00 03 11.700 status LS
#      #
#      #
#CUP_A#
  103.726 103.726 103.726 103.726 103.726 103.726 119.781 103.726 11146.449 9311.326 103.726 237.28 294.45 673.576 1037.257 103.726
#CUP_B#
  103.726 184.453 103.726 119.781 165.581 103.726 378.779 103.726 103.726 21300.34 103.726 103.726 103.726 103.726 103.726 103.726
#CUP_C#
  103.726 103.726 103.726 103.726 103.726 103.726 115.548 128.717 8982.279 11146.449 115.548 378.779 294.45 294.45 407.039 103.726
#CUP_D#
  103.726 103.726 103.726 103.726 103.726 171.647 103.726 198.215 198.215 254.983 103.726 103.726 103.726 103.726 103.726 103.726
#_E_LONG_______#1986 030 00 03 17.700 status EL
# E1: 1986 030 00 03 41.220;   E2: 1986 030 00 02 53.220   #
#      #
  3.055 3.055 16.572 8.07 3.055 3.055 3.055 3.055 3.055 24.618 48.767 37.91 47.044 65.032 48.767 4.538 191.372 3.055 3.055 100.145 3.403 3.055 65.032 89.899 3.055 3.055 148.766 807.01
#_L_LONG_______#1986 030 00 03 23.940 status LL
#      #
#      #
#CUP_A#
  305.495 191.372 89.899 305.495 115.646 159.865 220.993 205.65 11988.205 8989.886 470.44 650.323 867.22 836.574 1435.09 2131.838
#CUP_B#
  100.145 69.884 133.545 133.545 42.231 83.657 3.055 3.055 13.844 21318.379 3.055 3.055 3.055 3.055 3.055 3.055
#CUP_C#
  65.032 3.055 8.672 3.055 3.055 62.734 72.444 138.438 9319.211 10761.658 178.086 352.78 229.089 379.1 392.988 305.495
#CUP_D#
  22.099 54.326 3.055 93.192 143.509 103.814 8.672 3.055 107.617 148.766 77.849 58.379 3.055 27.424 45.382 3.055
#_M____________#1986 030 00 03 58.500 status ML
#      #
#      #
#CUP_A#
  171.792 30.549 89.899 30.549 30.549 30.549 30.549 750.981 30.549 184.61 30.549 36.57 30.549 30.549 48.767 30.549 89.899 30.549 30.549 30.549 30.549 36.57 30.549 47.044 30.549 30.549 30.549 43.778 34.031 30.549 72.444 30.549 30.549 30.549 30.549 52.406 30.549 30.549 30.549 30.549 30.549 30.549 67.415 30.549 30.549 30.549 40.738 30.549 30.549 30.549 30.549 30.549 30.549 30.549 30.549 30.549 30.549 750.981 178.086 30.549 86.722 30.549 30.549 60.517 56.316 80.701 107.617 165.722 128.826 437.778 2842.851 8989.885 7784.919 1846.095 159.865 30.549 30.549 30.549 30.549 30.549 30.549 30.549 30.549 30.549 30.549 30.549 30.549 30.549 30.549 100.145 89.899 36.57 30.549 35.278 60.517 30.549 30.549 30.549 30.549 30.549 159.865 133.545 83.657 133.545 75.098 69.884 30.549 543.255 30.549 30.549 124.274 124.274 171.792 89.899 191.372 154.216 138.438 205.65 184.61 274.239 171.792 133.545 184.61 437.778 328.287 274.239 422.308 505.538
#CUP_B#
  30.549 30.549 35.278 48.767 60.517 30.549 48.767 453.815 30.549 30.549 30.549 30.549 30.549 30.549 30.549 30.549 52.406 30.549 75.098 30.549 30.549 30.549 30.549 30.549 30.549 42.231 30.549 31.669 30.549 30.549 30.549 30.549 30.549 30.549 30.549 30.549 30.549 30.549 30.549 30.549 30.549 30.549 42.231 30.549 30.549 30.549 30.549 30.549 30.549 30.549 30.549 30.549 30.549 30.549 30.549 36.57 30.549 3054.95 54.326 30.549 30.549 30.549 30.549 30.549 30.549 30.549 30.549 30.549 30.549 30.549 30.549 178.086 1242.737 6988.422 10381.357 4223.078 487.673 86.722 67.415 30.549 30.549 30.549 30.549 30.549 30.549 30.549 30.549 30.549 30.549 30.549 30.549 30.549 30.549 30.549 30.549 30.549 30.549 30.549 30.549 30.549 30.549 30.549 30.549 30.549 30.549 30.549 30.549 1487.661 30.549 30.549 30.549 30.549 30.549 30.549 30.549 30.549 30.549 30.549 30.549 30.549 30.549 30.549 30.549 30.549 30.549 30.549 30.549 30.549
#CUP_C#
  30.549 72.444 30.549 30.549 30.549 30.549 30.549 50.554 154.216 30.549 30.549 30.549 30.549 30.549 30.549 30.549 42.231 30.549 30.549 89.899 47.044 30.549 30.549 30.549 60.517 35.278 30.549 54.326 30.549 30.549 30.549 30.549 54.326 32.829 35.278 30.549 30.549 30.549 30.549 30.549 30.549 56.316 30.549 30.549 30.549 30.549 30.549 72.444 30.549 30.549 30.549 30.549 30.549 30.549 69.884 30.549 47.044 52.406 30.549 69.884 30.549 30.549 30.549 34.031 50.554 43.778 83.657 89.899 133.545 340.313 1913.723 6988.422 8365.735 2842.851 422.308 96.606 80.701 30.549 36.57 30.549 30.549 34.031 30.549 30.549 30.549 30.549 30.549 35.278 52.406 100.145 89.899 62.734 77.849 42.231 36.57 30.549 36.57 30.549 60.517 75.098 30.549 83.657 100.145 37.91 60.517 45.382 60.517 563.156 422.308 86.722 30.549 30.549 30.549 58.379 75.098 30.549 30.549 30.549 65.032 50.554 30.549 69.884 58.379 229.089 30.549 30.549 30.549 65.032
#CUP_D#
  93.192 30.549 30.549 30.549 32.829 30.549 30.549 72.444 54.326 30.549 119.882 32.829 30.549 30.549 30.549 30.549 30.549 30.549 30.549 30.549 34.031 43.778 30.549 30.549 30.549 30.549 30.549 30.549 30.549 30.549 30.549 30.549 39.299 30.549 30.549 30.549 30.549 30.549 30.549 30.549 30.549 30.549 30.549 30.549 30.549 30.549 54.326 30.549 30.549 30.549 48.767 30.549 30.549 30.549 30.549 30.549 50.554 30.549 30.549 470.44 30.549 37.91 89.899 30.549 30.549 30.549 58.379 30.549 30.549 30.549 31.669 83.657 50.554 30.549 30.549 30.549 30.549 56.316 30.549 30.549 30.549 30.549 65.032 39.299 30.549 30.549 43.778 37.91 31.669 30.549 45.382 30.549 30.549 30.549 30.549 30.549 30.549 30.549 42.231 30.549 30.549 30.549 30.549 30.549 30.549 30.549 30.549 470.44 30.549 340.313 30.549 30.549 128.826 30.549 30.549 30.549 30.549 30.549 30.549 30.549 30.549 30.549 30.549 30.549 30.549 30.549 30.549 30.549
#_L_LONG_______#1986 030 00 06 03.300 status LL
#      #
#      #
#CUP_A#
  77.849 3.055 3.055 3.055 52.406 3.055 3.055 178.086 11988.205 9319.211 171.792 724.443 698.842 1115.589 1335.455 2131.838
#CUP_B#
  154.216 89.899 3.055 3.055 83.657 3.055 3.055 3.055 3.055 22099.334 3.055 3.055 3.055 3.055 3.055 3.055
#CUP_C#
  3.055 18.461 3.055 13.355 15.422 52.406 10.381 133.545 9319.211 11155.889 154.216 422.308 316.686 437.778 505.538 305.495
#CUP_D#
  52.406 37.91 3.055 16.572 3.055 3.055 3.055 13.355 27.424 3.055 13.844 3.055 3.055 3.055 3.055 3.055
#_L_SHORT______#1986 030 00 06 23.700 status LS
#      #
#      #
#CUP_A#
  191.21 365.394 392.655 407.039 198.215 124.169 103.726 103.726 11554.776 8358.657 103.726 213.003 604.66 1155.477 1037.257 103.726
#CUP_B#
  453.431 604.66 103.726 103.726 103.726 111.464 352.482 103.726 103.726 21300.34 103.726 103.726 103.726 103.726 103.726 103.726
#CUP_C#
  103.726 103.726 103.726 184.453 284.045 103.726 103.726 148.64 8982.279 11978.061 154.085 421.95 205.476 171.647 453.431 103.726
#CUP_D#
  143.388 316.418 328.01 378.779 264.324 138.32 103.726 103.726 103.726 103.726 103.726 103.726 103.726 103.726 103.726 103.726
#_L_LONG_______#1986 030 00 06 35.940 status LL
#      #
#      #
#CUP_A#
  40.738 8.07 294.699 3.055 229.089 237.481 3.055 246.181 11988.205 9319.211 65.032 836.574 674.146 1335.455 1198.82 2290.889
#CUP_B#
  3.055 198.383 89.899 42.231 184.61 58.379 47.044 3.055 3.055 22099.334 3.055 3.055 3.055 3.055 3.055 3.055
#CUP_C#
  83.657 89.899 29.47 3.055 27.424 3.055 28.429 119.882 8989.886 11564.562 165.722 437.778 328.287 407.384 543.255 352.78
#CUP_D#
  3.055 19.838 3.055 3.055 3.167 6.273 3.055 4.074 11.988 47.044 3.055 29.47 3.055 32.829 3.055 3.055
#_E_SHORT______#1986 030 00 06 54.780 status ES
# E1: 1986 030 00 06 30.660;   E2: 1986 030 00 07 18.660   #
#      #
  264.324 103.726 103.726 103.726 103.726 103.726 171.647 154.085 103.726 103.726 103.726 103.726 103.726 103.726 103.726 191.21 103.726 103.726 103.726 103.726 103.726 143.388 103.726 103.726 103.726 103.726 103.726 103.726
#_L_SHORT______#1986 030 00 07 11.700 status LS
#      #
#      #
#CUP_A#
  103.726 103.726 103.726 103.726 191.21 103.726 103.726 103.726 11978.061 8982.279 103.726 220.806 103.726 750.346 1155.477 103.726
#CUP_B#
  103.726 205.476 103.726 228.895 115.548 103.726 198.215 103.726 103.726 22080.634 103.726 103.726 103.726 103.726 103.726 103.726
#CUP_C#
  103.726 103.726 103.726 103.726 103.726 103.726 103.726 165.581 8982.279 11554.776 124.169 284.045 191.21 220.806 392.655 103.726
#CUP_D#
  103.726 103.726 103.726 103.726 103.726 191.21 103.726 228.895 103.726 191.21 184.453 103.726 103.726 103.726 103.726 103.726
#_E_LONG_______#1986 030 00 07 17.700 status EL
# E1: 1986 030 00 07 41.220;   E2: 1986 030 00 06 53.220   #
#      #
  50.554 3.055 3.055 3.055 23.748 3.055 52.406 3.055 36.57 27.424 3.055 54.326 3.055 3.167 3.055 3.055 107.617 31.669 3.055 56.316 69.884 3.055 65.032 159.865 3.055 3.055 148.766 807.01
#_L_LONG_______#1986 030 00 07 23.940 status LL
#      #
#      #
#CUP_A#
  305.495 111.559 72.444 305.495 229.089 159.865 40.738 407.384 11564.562 8989.886 583.787 392.988 867.22 898.988 264.548 205.65
#CUP_B#
  40.738 3.055 17.809 3.055 3.055 19.838 3.055 3.055 3.055 21318.379 3.055 3.055 3.055 3.055 3.055 3.055
#CUP_C#
  56.316 8.07 3.055 36.57 6.988 52.406 13.355 138.438 8672.198 11564.562 171.792 392.988 274.239 365.703 470.44 365.703
#CUP_D#
  7.51 3.055 3.055 3.055 11.988 3.055 3.055 3.055 22.909 3.055 14.351 3.055 3.055 3.055 3.055 3.055
#_L_SHORT______#1986 030 00 07 59.700 status LS
#      #
#      #
#CUP_A#
  103.726 103.726 103.726 103.726 103.726 103.726 284.045 328.01 11146.449 9311.326 148.64 365.394 470.042 806.328 1334.325 103.726
#CUP_B#
  103.726 115.548 103.726 103.726 103.726 124.169 103.726 103.726 103.726 20547.62 103.726 103.726 103.726 103.726 103.726 103.726
#CUP_C#
  103.726 103.726 103.726 103.726 103.726 103.726 103.726 245.972 8358.657 11146.449 245.972 328.01 148.64 228.895 407.039 103.726
#CUP_D#
  103.726 103.726 103.726 103.726 103.726 115.548 103.726 328.01 119.781 103.726 103.726 103.726 103.726 103.726 103.726 103.726
#_L_LONG_______#1986 030 00 08 11.940 status LL
#      #
#      #
#CUP_A#
  124.274 80.701 264.548 3.055 93.192 143.509 3.055 379.1 11564.562 9319.211 198.383 836.574 750.981 1198.82 255.199 2290.889
#CUP_B#
  198.383 184.61 3.055 3.055 39.299 3.055 3.055 7.244 3.055 21318.379 3.055 3.055 3.055 3.055 3.055 3.055
#CUP_C#
  3.055 43.778 9.319 20.565 54.326 3.055 24.618 165.722 8672.198 11155.889 103.814 422.308 328.287 453.815 487.673 305.495
#CUP_D#
  3.055 6.503 3.055 14.351 3.055 5.632 3.055 22.909 3.528 8.99 3.055 6.741 3.055 3.055 3.055 3.055
#_E_SHORT______#1986 030 00 08 30.780 status ES
# E1: 1986 030 00 08 06.660;   E2: 1986 030 00 08 54.660   #
#      #
  205.476 103.726 115.548 103.726 103.726 103.726 177.935 191.21 103.726 103.726 103.726 115.548 103.726 115.548 103.726 191.21 103.726 103.726 103.726 103.726 103.726 111.464 111.464 103.726 103.726 103.726 103.726 103.726
#_L_SHORT______#1986 030 00 08 47.700 status LS
#      #
#      #
#CUP_A#
  103.726 103.726 103.726 103.726 340.025 103.726 340.025 103.726 11146.449 9311.326 103.726 191.21 103.726 470.042 866.486 103.726
#CUP_B#
  103.726 305.236 103.726 254.983 103.726 184.453 284.045 103.726 103.726 21300.34 103.726 103.726 103.726 103.726 103.726 103.726
#CUP_C#
  103.726 103.726 103.726 103.726 228.895 103.726 103.726 148.64 8358.657 11978.061 198.215 453.431 191.21 328.01 421.95 103.726
#CUP_D#
  103.726 103.726 103.726 103.726 103.726 284.045 128.717 177.935 103.726 154.085 103.726 103.726 103.726 103.726 103.726 103.726
#_E_LONG_______#1986 030 00 08 53.700 status EL
# E1: 1986 030 00 09 17.220;   E2: 1986 030 00 08 29.220   #
#      #
  3.055 3.055 4.538 28.429 48.767 3.055 3.055 3.055 27.424 22.909 3.055 3.055 21.318 3.055 3.055 42.231 103.814 3.055 8.07 128.826 3.055 6.503 65.032 165.722 3.055 3.055 205.65 698.842
#_L_LONG_______#1986 030 00 08 59.940 status LL
#      #
#      #
#CUP_A#
  305.495 133.545 305.495 305.495 178.086 138.438 3.055 379.1 11564.562 8989.886 352.78 294.699 807.01 1076.166 128.826 2374.811
#CUP_B#
  3.055 3.055 65.032 3.055 171.792 3.055 3.055 19.838 3.055 21318.379 3.055 3.055 3.055 3.055 3.055 3.055
#CUP_C#
  62.734 17.809 40.738 14.877 15.987 27.424 31.669 154.216 8989.886 11155.889 205.65 470.44 255.199 422.308 487.673 305.495
#CUP_D#
  4.538 3.055 15.987 10.014 3.055 8.672 3.055 19.838 4.223 3.055 8.07 27.424 13.844 13.355 3.055 3.055
#_L_SHORT______#1986 030 00 09 35.700 status LS
#      #
#      #
#CUP_A#
  103.726 103.726 103.726 103.726 103.726 143.388 316.418 365.394 11978.061 8664.859 103.726 245.972 378.779 866.486 1287.172 103.726
#CUP_B#
  103.726 103.726 103.726 103.726 103.726 103.726 103.726 103.726 103.726 20547.62 103.726 103.726 103.726 103.726 103.726 103.726
#CUP_C#
  103.726 103.726 103.726 103.726 103.726 103.726 103.726 148.64 8982.279 10752.551 159.73 328.01 352.482 171.647 542.796 103.726
#CUP_D#
  103.726 103.726 103.726 103.726 103.726 154.085 133.432 111.464 165.581 103.726 103.726 103.726 103.726 103.726 103.726 103.726
#_L_LONG_______#1986 030 00 09 47.940 status LL
#      #
#      #
#CUP_A#
  42.231 138.438 111.559 3.055 39.299 3.055 138.438 128.826 12427.368 8070.105 191.372 807.01 650.323 1076.166 1384.376 294.699
#CUP_B#
  3.055 205.65 171.792 3.055 3.055 3.055 3.055 3.055 3.055 20565.022 3.055 3.055 3.055 3.055 3.055 3.055
#CUP_C#
  31.669 16.572 3.055 10.762 25.52 48.767 3.055 103.814 9319.211 10381.358 184.61 365.703 237.481 392.988 505.538 340.313
#CUP_D#
  8.672 28.429 12.883 37.91 3.055 12.427 3.055 8.366 3.055 3.055 3.055 4.877 3.055 12.427 3.055 3.055
#_E_SHORT______#1986 030 00 10 06.780 status ES
# E1: 1986 030 00 09 42.660;   E2: 1986 030 00 10 30.660   #
#      #
  103.726 294.45 103.726 103.726 103.726 365.394 103.726 143.388 103.726 103.726 103.726 103.726 103.726 103.726 264.324 103.726 103.726 103.726 245.972 103.726 103.726 103.726 220.806 392.655 103.726 228.895 103.726 698.251
#_L_SHORT______#1986 030 00 10 23.700 status LS
#      #
#      #
#CUP_A#
  103.726 103.726 103.726 103.726 352.482 103.726 254.983 103.726 13343.247 6735.759 103.726 103.726 103.726 750.346 866.486 103.726
#CUP_B#
  103.726 328.01 103.726 264.324 103.726 119.781 245.972 103.726 103.726 20547.62 103.726 103.726 103.726 103.726 103.726 103.726
#CUP_C#
  103.726 103.726 103.726 103.726 103.726 103.726 103.726 165.581 10372.574 9311.326 138.32 505.111 237.28 191.21 421.95 103.726
#CUP_D#
  103.726 103.726 103.726 103.726 103.726 220.806 103.726 165.581 103.726 103.726 103.726 103.726 103.726 103.726 103.726 103.726
#_E_LONG_______#1986 030 00 10 29.700 status EL
# E1: 1986 030 00 10 53.220;   E2: 1986 030 00 10 05.220   #
#      #
  32.829 10.014 3.055 39.299 9.319 6.741 3.055 34.031 42.231 10.014 3.055 3.055 40.738 27.424 18.461 8.366 47.044 3.055 3.055 25.52 8.672 3.055 67.415 93.192 20.565 3.055 159.865 778.492
#_L_LONG_______#1986 030 00 10 35.940 status LL
#      #
#      #
#CUP_A#
  305.495 178.086 107.617 305.495 159.865 83.657 284.285 138.438 13354.547 7244.429 284.285 605.172 836.574 1001.45 1542.159 237.481
#CUP_B#
  77.849 154.216 178.086 43.778 3.055 20.565 3.055 3.055 3.055 20565.022 3.055 3.055 3.055 3.055 3.055 3.055
#CUP_C#
  65.032 6.052 15.422 13.355 67.415 83.657 3.055 128.826 10381.358 9660.601 171.792 422.308 274.239 407.384 524.058 379.1
#CUP_D#
  36.57 96.606 3.055 14.351 58.379 43.778 3.055 3.055 52.406 3.055 21.318 18.461 3.055 3.055 3.055 3.055
#_L_SHORT______#1986 030 00 11 11.700 status LS
#      #
#      #
#CUP_A#
  103.726 103.726 103.726 103.726 103.726 103.726 205.476 316.418 13832.049 6046.604 184.453 365.394 470.042 1000.602 1287.172 103.726
#CUP_B#
  103.726 103.726 103.726 103.726 103.726 103.726 103.726 103.726 103.726 19821.501 103.726 103.726 103.726 103.726 103.726 103.726
#CUP_C#
  103.726 103.726 103.726 103.726 103.726 103.726 103.726 177.935 11146.449 8063.276 191.21 392.655 294.45 138.32 470.042 103.726
#CUP_D#
  103.726 103.726 103.726 103.726 103.726 103.726 103.726 124.169 103.726 165.581 103.726 103.726 103.726 103.726 103.726 103.726
#_L_LONG_______#1986 030 00 11 23.940 status LL
#      #
#      #
#CUP_A#
  107.617 47.044 255.199 27.424 119.882 184.61 3.055 392.988 12882.619 6741.463 159.865 543.255 931.921 1038.136 294.699 2374.811
#CUP_B#
  3.055 45.382 103.814 3.055 237.481 80.701 3.055 3.055 3.055 19838.288 3.055 3.055 3.055 3.055 3.055 3.055
#CUP_C#
  21.318 39.299 3.055 25.52 62.734 32.829 17.809 138.438 10381.358 8672.198 178.086 453.815 255.199 453.815 470.44 379.1
#CUP_D#
  35.278 48.767 3.055 3.055 3.055 40.738 3.055 77.849 60.517 3.055 3.055 3.055 3.055 3.055 3.055 3.055
#_E_SHORT______#1986 030 00 11 42.779 status ES
# E1: 1986 030 00 11 18.660;   E2: 1986 030 00 12 06.659   #
#      #
  103.726 103.726 103.726 103.726 103.726 245.972 103.726 103.726 103.726 103.726 165.581 103.726 198.215 103.726 198.215 103.726 165.581 191.21 103.726 103.726 103.726 103.726 103.726 119.781 154.085 254.983 103.726 103.726
#_L_SHORT______#1986 030 00 11 59.699 status LS
#      #
#      #
#CUP_A#
  103.726 103.726 103.726 103.726 103.726 103.726 124.169 103.726 14338.758 6046.604 103.726 165.581 103.726 626.811 1000.602 103.726
#CUP_B#
  103.726 177.935 103.726 103.726 103.726 103.726 165.581 103.726 119.781 20547.62 103.726 103.726 103.726 103.726 103.726 103.726
#CUP_C#
  103.726 103.726 103.726 103.726 103.726 103.726 103.726 119.781 11146.449 8358.657 138.32 437.408 305.236 245.972 437.408 103.726
#CUP_D#
  177.935 103.726 103.726 103.726 103.726 138.32 103.726 254.983 103.726 159.73 305.236 133.432 103.726 103.726 103.726 103.726
#_E_LONG_______#1986 030 00 12 05.699 status EL
# E1: 1986 030 00 12 29.219;   E2: 1986 030 00 11 41.220   #
#      #
  3.055 3.055 3.055 14.351 12.883 3.055 42.231 3.055 3.055 3.055 3.055 15.422 37.91 3.055 3.055 35.278 143.509 6.988 3.055 133.545 43.778 3.055 75.098 89.899 3.055 3.055 159.865 778.492
#_L_LONG_______#1986 030 00 12 11.939 status LL
#      #
#      #
#CUP_A#
  294.699 100.145 305.495 171.792 205.65 148.766 7.785 284.285 12882.619 6988.423 305.495 605.172 867.22 1038.136 274.239 2290.889
#CUP_B#
  143.509 246.181 69.884 3.055 43.778 3.055 3.055 3.055 3.055 20565.022 3.055 3.055 3.055 3.055 3.055 3.055
#CUP_C#
  111.559 3.055 3.055 4.538 3.055 31.669 3.055 124.274 10381.358 8989.886 205.65 422.308 264.548 422.308 505.538 305.495
#CUP_D#
  3.055 8.672 6.273 3.055 26.455 3.055 3.055 3.055 10.762 3.055 3.055 3.055 5.055 3.055 3.055 3.055
#_L_SHORT______#1986 030 00 12 47.699 status LS
#      #
#      #
#CUP_A#
  103.726 103.726 103.726 103.726 103.726 103.726 294.45 103.726 13832.049 7503.459 119.781 562.68 505.111 965.243 1287.172 103.726
#CUP_B#
  103.726 103.726 103.726 103.726 103.726 107.525 103.726 103.726 103.726 21300.34 103.726 103.726 103.726 103.726 103.726 103.726
#CUP_C#
  103.726 128.717 103.726 103.726 103.726 103.726 103.726 213.003 10372.574 10006.024 191.21 542.796 205.476 294.45 392.655 103.726
#CUP_D#
  103.726 103.726 103.726 103.726 103.726 103.726 103.726 165.581 103.726 184.453 124.169 103.726 103.726 103.726 103.726 103.726
#_L_LONG_______#1986 030 00 12 59.939 status LL
#      #
#      #
#CUP_A#
  115.646 67.415 34.031 119.882 52.406 198.383 133.545 45.382 13354.547 7244.429 422.308 605.172 931.921 1001.45 1487.662 246.181
#CUP_B#
  171.792 107.617 133.545 128.826 54.326 115.646 3.055 3.055 21.318 21318.379 3.055 3.055 3.055 3.055 3.055 3.055
#CUP_C#
  72.444 15.987 27.424 3.055 3.055 15.422 22.099 171.792 10381.358 9319.211 237.481 437.778 305.495 422.308 453.815 340.313
#CUP_D#
  3.055 11.156 7.785 5.055 28.429 4.538 3.055 3.055 25.52 3.055 3.055 16.572 48.767 3.055 3.055 3.055
#_E_SHORT______#1986 030 00 13 18.779 status ES
# E1: 1986 030 00 12 54.659;   E2: 1986 030 00 13 42.659   #
#      #
  437.408 103.726 103.726 103.726 103.726 103.726 103.726 245.972 148.64 316.418 103.726 103.726 103.726 177.935 103.726 103.726 284.045 107.525 103.726 103.726 103.726 103.726 103.726 165.581 191.21 228.895 103.726 103.726
#_L_SHORT______#1986 030 00 13 35.699 status LS
#      #
#      #
#CUP_A#
  103.726 103.726 103.726 103.726 103.726 103.726 191.21 103.726 10006.024 11146.449 103.726 305.236 128.717 723.83 1037.257 103.726
#CUP_B#
  103.726 254.983 103.726 103.726 103.726 165.581 294.45 103.726 103.726 22889.512 103.726 103.726 103.726 103.726 103.726 103.726
#CUP_C#
  103.726 103.726 103.726 103.726 119.781 103.726 103.726 103.726 8063.276 12871.718 103.726 505.111 284.045 264.324 453.431 103.726
#CUP_D#
  107.525 103.726 103.726 103.726 103.726 198.215 103.726 294.45 103.726 254.983 184.453 103.726 103.726 103.726 103.726 103.726
#_E_LONG_______#1986 030 00 13 41.699 status EL
# E1: 1986 030 00 14 05.219;   E2: 1986 030 00 13 17.219   #
#      #
  3.055 3.055 22.909 35.278 25.52 3.055 3.055 5.241 3.055 15.422 3.055 31.669 45.382 50.554 54.326 3.055 111.559 3.055 3.055 42.231 56.316 3.055 3.055 198.383 34.031 3.055 198.383 807.01
#_L_LONG_______#1986 030 00 13 47.939 status LL
#      #
#      #
#CUP_A#
  305.495 165.722 159.865 305.495 171.792 128.826 178.086 198.383 12427.368 8672.198 422.308 294.699 966.06 867.22 1435.09 294.699
#CUP_B#
  9.661 47.044 89.899 115.646 3.055 86.722 3.055 3.055 3.055 22099.334 3.055 3.055 3.055 3.055 3.055 3.055
#CUP_C#
  75.098 34.031 3.055 3.055 3.055 47.044 42.231 165.722 8672.198 11564.562 246.181 470.44 328.287 470.44 453.815 340.313
#CUP_D#
  3.055 3.055 3.055 3.167 7.51 4.538 3.055 3.055 17.809 3.055 5.241 3.055 7.51 3.055 10.381 3.055
#_L_SHORT______#1986 030 00 14 23.699 status LS
#      #
#      #
#CUP_A#
  103.726 103.726 103.726 103.726 205.476 128.717 245.972 365.394 10006.024 11146.449 184.453 378.779 626.811 965.243 1287.172 103.726
#CUP_B#
  103.726 103.726 103.726 103.726 103.726 103.726 103.726 103.726 103.726 21300.34 103.726 103.726 103.726 103.726 103.726 103.726
#CUP_C#
  103.726 103.726 103.726 103.726 103.726 103.726 103.726 103.726 7503.459 12416.853 103.726 392.655 365.394 159.73 453.431 103.726
#CUP_D#
  103.726 103.726 103.726 103.726 103.726 103.726 103.726 138.32 177.935 340.025 103.726 103.726 103.726 103.726 103.726 103.726
#_L_LONG_______#1986 030 00 14 35.939 status LL
#      #
#      #
#CUP_A#
  80.701 3.055 184.61 69.884 3.055 284.285 3.055 220.993 9660.601 11155.889 237.481 563.157 966.06 1038.136 1335.455 2374.811
#CUP_B#
  178.086 80.701 119.882 100.145 138.438 148.766 3.055 3.055 3.055 21318.379 3.055 3.055 3.055 3.055 3.055 3.055
#CUP_C#
  60.517 23.748 42.231 45.382 72.444 37.91 3.055 115.646 6988.423 13354.547 184.61 453.815 305.495 422.308 487.673 340.313
#CUP_D#
  8.366 14.351 3.055 3.055 6.273 23.748 3.055 3.055 3.055 4.223 3.055 62.734 3.055 3.055 3.055 3.055
#_E_SHORT______#1986 030 00 14 54.779 status ES
# E1: 1986 030 00 14 30.659;   E2: 1986 030 00 15 18.659   #
#      #
  138.32 103.726 138.32 103.726 171.647 103.726 177.935 103.726 340.025 103.726 103.726 103.726 103.726 111.464 103.726 148.64 205.476 159.73 103.726 103.726 103.726 103.726 103.726 245.972 352.482 128.717 437.408 103.726
#_L_SHORT______#1986 030 00 15 11.699 status LS
#      #
#      #
#CUP_A#
  103.726 103.726 103.726 103.726 103.726 103.726 205.476 228.895 9652.427 11978.061 103.726 328.01 103.726 723.83 1000.602 103.726
#CUP_B#
  103.726 103.726 103.726 103.726 103.726 103.726 228.895 103.726 103.726 22889.512 103.726 103.726 103.726 103.726 103.726 103.726
#CUP_C#
  103.726 103.726 103.726 103.726 103.726 103.726 103.726 107.525 7238.299 13832.049 220.806 523.614 254.983 165.581 274.007 103.726
#CUP_D#
  205.476 103.726 103.726 103.726 103.726 103.726 103.726 237.28 103.726 177.935 205.476 115.548 103.726 103.726 103.726 103.726
#_E_LONG_______#1986 030 00 15 17.699 status EL
# E1: 1986 030 00 15 41.219;   E2: 1986 030 00 14 53.219   #
#      #
  42.231 3.055 3.055 25.52 21.318 7.785 52.406 3.055 10.381 35.278 30.549 40.738 29.47 3.055 30.549 12.427 133.545 3.055 3.055 124.274 26.455 3.055 3.055 143.509 32.829 3.055 165.722 836.574
#_L_LONG_______#1986 030 00 15 23.939 status LL
#      #
#      #
#CUP_A#
  171.792 213.184 205.65 65.032 220.993 12.883 133.545 274.239 10381.358 10761.658 93.192 750.981 836.574 1156.456 1384.376 2290.889
#CUP_B#
  3.055 40.738 3.055 3.055 75.098 3.055 3.055 3.055 3.055 22099.334 3.055 3.055 3.055 3.055 3.055 3.055
#CUP_C#
  7.244 31.669 48.767 42.231 40.738 3.055 3.055 198.383 7244.429 13354.547 205.65 407.384 294.699 379.1 543.255 305.495
#CUP_D#
  3.055 80.701 3.055 3.055 52.406 16.572 60.517 36.57 143.509 3.055 3.055 43.778 26.455 3.055 3.055 3.055
#_M____________#1986 030 00 15 58.499 status ML
#      #
#      #
#CUP_A#
  30.549 111.559 30.549 148.766 30.549 30.549 159.865 30.549 650.323 30.549 75.098 58.379 30.549 119.882 30.549 30.549 48.767 30.549 62.734 30.549 30.549 30.549 30.549 30.549 30.549 48.767 30.549 37.91 30.549 30.549 30.549 30.549 48.767 30.549 30.549 30.549 30.549 30.549 30.549 60.517 30.549 30.549 30.549 30.549 30.549 30.549 30.549 30.549 30.549 30.549 30.549 47.044 47.044 30.549 30.549 30.549 30.549 524.058 30.549 47.044 30.549 30.549 50.554 30.549 32.829 30.549 60.517 100.145 119.882 392.988 2551.991 8672.197 8672.197 2374.811 255.199 30.549 30.549 30.549 30.549 30.549 30.549 30.549 30.549 56.316 30.549 30.549 30.549 30.549 30.549 100.145 107.617 50.554 30.549 30.549 30.549 30.549 30.549 30.549 30.549 30.549 178.086 119.882 80.701 119.882 143.509 119.882 35.278 352.78 583.787 30.549 43.778 229.089 159.865 69.884 191.372 154.216 148.766 178.086 220.993 274.239 191.372 178.086 220.993 422.308 379.1 229.089 422.308 487.673
#CUP_B#
  43.778 30.549 30.549 80.701 30.549 30.549 83.657 14876.615 365.703 30.549 83.657 30.549 30.549 30.549 32.829 35.278 30.549 52.406 56.316 30.549 72.444 60.517 30.549 30.549 30.549 30.549 30.549 30.549 30.549 30.549 30.549 30.549 43.778 30.549 30.549 30.549 30.549 30.549 40.738 30.549 30.549 30.549 67.415 30.549 30.549 30.549 30.549 30.549 30.549 30.549 30.549 30.549 30.549 30.549 30.549 30.549 30.549 836.573 30.549 30.549 30.549 30.549 30.549 30.549 30.549 30.549 30.549 30.549 30.549 30.549 30.549 133.545 867.22 5432.555 10761.657 6503.23 1038.136 93.192 56.316 30.549 30.549 30.549 30.549 30.549 30.549 30.549 30.549 30.549 30.549 30.549 30.549 30.549 30.549 30.549 30.549 30.549 30.549 30.549 30.549 30.549 30.549 30.549 30.549 30.549 30.549 30.549 30.549 3054.95 30.549 30.549 30.549 30.549 30.549 30.549 30.549 30.549 30.549 30.549 30.549 30.549 30.549 30.549 30.549 30.549 30.549 30.549 30.549 30.549
#CUP_C#
  30.549 30.549 30.549 34.031 30.549 30.549 30.549 778.492 30.549 52.406 30.549 30.549 30.549 62.734 30.549 42.231 30.549 30.549 30.549 34.031 30.549 30.549 32.829 30.549 30.549 30.549 30.549 36.57 67.415 30.549 30.549 65.032 30.549 30.549 40.738 30.549 30.549 30.549 30.549 48.767 77.849 30.549 30.549 30.549 30.549 30.549 30.549 43.778 30.549 30.549 31.669 35.278 30.549 30.549 30.549 58.379 30.549 220.993 184.61 30.549 50.554 100.145 30.549 67.415 80.701 30.549 103.814 93.192 128.826 264.548 1487.661 6273.416 8989.885 4223.078 583.787 77.849 42.231 30.549 30.549 30.549 30.549 40.738 69.884 50.554 30.549 52.406 30.549 30.549 54.326 52.406 115.646 30.549 30.549 30.549 58.379 37.91 30.549 100.145 119.882 72.444 93.192 30.549 52.406 30.549 83.657 56.316 75.098 1487.661 138.438 36.57 30.549 31.669 30.549 58.379 30.549 30.549 30.549 30.549 35.278 30.549 47.044 52.406 30.549 284.285 30.549 30.549 30.549 39.299
#CUP_D#
  30.549 30.549 30.549 56.316 48.767 30.549 30.549 867.22 30.549 67.415 50.554 30.549 86.722 30.549 39.299 30.549 30.549 30.549 37.91 30.549 30.549 30.549 40.738 67.415 30.549 30.549 30.549 30.549 31.669 30.549 30.549 30.549 30.549 30.549 30.549 30.549 30.549 30.549 30.549 30.549 58.379 31.669 30.549 39.299 52.406 30.549 30.549 30.549 30.549 30.549 30.549 30.549 30.549 30.549 30.549 30.549 30.549 69.884 103.814 30.549 54.326 30.549 58.379 58.379 30.549 36.57 42.231 47.044 30.549 30.549 30.549 30.549 30.549 30.549 40.738 30.549 30.549 69.884 30.549 30.549 30.549 30.549 30.549 32.829 45.382 30.549 30.549 30.549 60.517 30.549 30.549 35.278 30.549 30.549 30.549 32.829 30.549 60.517 42.231 30.549 30.549 30.549 30.549 30.549 30.549 30.549 30.549 30.549 30.549 30.549 30.549 30.549 119.882 86.722 30.549 30.549 30.549 52.406 30.549 30.549 30.549 30.549 56.316 30.549 34.031 30.549 30.549 30.549
#_L_LONG_______#1986 030 00 18 03.299 status LL
#      #
#      #
#CUP_A#
  83.657 3.055 34.031 3.055 37.91 3.055 27.424 133.545 11988.205 8989.886 213.184 807.01 674.146 1115.589 1384.376 2290.889
#CUP_B#
  89.899 28.429 5.433 3.055 107.617 3.055 3.055 3.055 3.055 21318.379 3.055 3.055 3.055 3.055 3.055 3.055
#CUP_C#
  3.055 17.809 48.767 30.549 56.316 10.014 14.877 171.792 8989.886 11155.889 229.089 392.988 340.313 407.384 437.778 340.313
#CUP_D#
  3.657 42.231 3.055 52.406 36.57 3.055 3.055 42.231 21.318 3.055 3.055 4.877 3.055 3.055 3.055 3.055
#_L_SHORT______#1986 030 00 18 23.699 status LS
#      #
#      #
#CUP_A#
  103.726 237.28 294.45 583.293 184.453 171.647 103.726 103.726 11146.449 8358.657 103.726 305.236 523.614 1037.257 1114.645 103.726
#CUP_B#
  523.614 698.251 171.647 103.726 103.726 523.614 305.236 103.726 103.726 21300.34 103.726 103.726 103.726 103.726 103.726 103.726
#CUP_C#
  103.726 103.726 103.726 143.388 103.726 128.717 103.726 103.726 9311.326 11146.449 228.895 407.039 352.482 133.432 274.007 103.726
#CUP_D#
  103.726 148.64 352.482 453.431 245.972 119.781 103.726 103.726 103.726 103.726 103.726 103.726 103.726 103.726 103.726 103.726
#_L_LONG_______#1986 030 00 18 35.939 status LL
#      #
#      #
#CUP_A#
  3.055 83.657 305.495 3.055 220.993 213.184 3.055 198.383 11155.889 9660.601 27.424 750.981 274.239 1384.376 1242.737 274.239
#CUP_B#
  67.415 316.686 165.722 3.055 11.565 3.055 43.778 3.055 3.055 21318.379 3.055 3.055 3.055 3.055 3.055 3.055
#CUP_C#
  54.326 72.444 3.055 3.055 47.044 27.424 67.415 124.274 8989.886 11155.889 178.086 422.308 237.481 352.78 505.538 340.313
#CUP_D#
  3.055 75.098 27.424 3.055 89.899 67.415 6.741 3.055 39.299 54.326 3.055 3.055 3.055 3.055 3.055 3.055
#_E_SHORT______#1986 030 00 18 54.779 status ES
# E1: 1986 030 00 18 30.659;   E2: 1986 030 00 19 18.659   #
#      #
  103.726 103.726 103.726 103.726 103.726 103.726 213.003 133.432 103.726 103.726 103.726 103.726 103.726 103.726 103.726 184.453 103.726 103.726 103.726 184.453 103.726 103.726 103.726 103.726 103.726 103.726 294.45 198.215
#_L_SHORT______#1986 030 00 19 11.699 status LS
#      #
#      #
#CUP_A#
  103.726 103.726 103.726 103.726 103.726 103.726 103.726 103.726 10752.551 10006.024 103.726 378.779 103.726 673.576 1075.255 103.726
#CUP_B#
  103.726 220.806 103.726 103.726 128.717 103.726 274.007 103.726 103.726 21300.34 103.726 103.726 103.726 103.726 103.726 103.726
#CUP_C#
  103.726 103.726 103.726 103.726 165.581 103.726 103.726 220.806 8358.657 11554.776 107.525 365.394 264.324 316.418 421.95 103.726
#CUP_D#
  103.726 103.726 103.726 103.726 103.726 103.726 103.726 103.726 107.525 245.972 205.476 119.781 103.726 103.726 103.726 103.726
#_E_LONG_______#1986 030 00 19 17.699 status EL
# E1: 1986 030 00 19 41.219;   E2: 1986 030 00 18 53.219   #
#      #
  3.055 3.055 3.055 3.055 3.055 3.055 16.572 7.785 3.055 22.099 29.47 3.055 15.422 39.299 75.098 10.762 96.606 19.838 3.055 83.657 67.415 3.055 50.554 159.865 3.055 3.055 159.865 836.574
#_L_LONG_______#1986 030 00 19 23.939 status LL
#      #
#      #
#CUP_A#
  305.495 96.606 255.199 305.495 205.65 205.65 3.055 284.285 11564.562 8989.886 407.384 220.993 1038.136 966.06 220.993 2461.808
#CUP_B#
  12.427 3.055 178.086 24.618 138.438 14.351 3.055 3.055 3.055 22099.334 3.055 3.055 3.055 3.055 3.055 3.055
#CUP_C#
  100.145 3.055 77.849 3.055 3.055 3.055 3.055 198.383 8989.886 11155.889 205.65 437.778 294.699 392.988 453.815 352.78
#CUP_D#
  3.055 5.241 25.52 3.055 8.672 3.055 15.987 69.884 14.877 3.055 3.055 3.055 10.014 3.055 3.055 3.055
#_L_SHORT______#1986 030 00 19 59.699 status LS
#      #
#      #
#CUP_A#
  103.726 103.726 103.726 103.726 103.726 103.726 213.003 378.779 11554.776 11146.449 274.007 437.408 378.779 1000.602 1334.325 103.726
#CUP_B#
  103.726 103.726 103.726 103.726 103.726 103.726 103.726 103.726 103.726 22889.512 103.726 103.726 103.726 103.726 103.726 103.726
#CUP_C#
  103.726 103.726 103.726 103.726 103.726 103.726 115.548 119.781 8664.859 12871.718 191.21 453.431 177.935 274.007 437.408 103.726
#CUP_D#
  103.726 103.726 103.726 103.726 103.726 103.726 103.726 107.525 191.21 103.726 103.726 103.726 103.726 103.726 103.726 103.726
#_L_LONG_______#1986 030 00 20 11.939 status LL
#      #
#      #
#CUP_A#
  83.657 77.849 255.199 3.055 198.383 103.814 3.055 294.699 11564.562 10014.498 67.415 836.574 778.492 1198.82 1156.456 2374.811
#CUP_B#
  3.055 274.239 75.098 3.055 32.829 3.055 3.055 3.055 3.055 22099.334 3.055 3.055 3.055 3.055 3.055 3.055
#CUP_C#
  25.52 89.899 11.156 3.055 3.055 67.415 48.767 148.766 9319.211 11564.562 213.184 422.308 316.686 392.988 437.778 294.699
#CUP_D#
  4.538 11.156 3.055 3.055 13.355 3.055 3.055 3.657 40.738 3.055 3.055 17.179 3.055 3.055 3.055 3.055
#_E_SHORT______#1986 030 00 20 30.779 status ES
# E1: 1986 030 00 20 06.659;   E2: 1986 030 00 20 54.659   #
#      #
  103.726 103.726 103.726 103.726 103.726 124.169 133.432 138.32 103.726 103.726 103.726 103.726 103.726 103.726 103.726 154.085 103.726 103.726 103.726 103.726 138.32 159.73 103.726 103.726 103.726 103.726 103.726 103.726
#_L_SHORT______#1986 030 00 20 47.699 status LS
#      #
#      #
#CUP_A#
  103.726 103.726 103.726 103.726 138.32 103.726 205.476 103.726 11554.776 10006.024 103.726 213.003 103.726 723.83 1037.257 103.726
#CUP_B#
  103.726 205.476 103.726 128.717 103.726 103.726 220.806 103.726 103.726 22080.634 103.726 103.726 103.726 103.726 103.726 103.726
#CUP_C#
  103.726 103.726 103.726 103.726 128.717 103.726 103.726 103.726 8982.279 11978.061 103.726 407.039 177.935 177.935 421.95 103.726
#CUP_D#
  103.726 103.726 103.726 103.726 103.726 128.717 128.717 191.21 133.432 128.717 184.453 103.726 103.726 103.726 103.726 103.726
#_E_LONG_______#1986 030 00 20 53.699 status EL
# E1: 1986 030 00 21 17.219;   E2: 1986 030 00 20 29.219   #
#      #
  3.055 3.055 18.461 39.299 8.366 3.055 19.137 18.461 32.829 10.014 3.055 18.461 34.031 35.278 3.055 3.055 62.734 3.055 3.055 54.326 93.192 69.884 96.606 159.865 3.055 3.055 143.509 750.981
#_L_LONG_______#1986 030 00 20 59.939 status LL
#      #
#      #
#CUP_A#
  305.495 75.098 171.792 305.495 220.993 220.993 29.47 379.1 11988.205 8989.886 470.44 246.181 1001.45 898.988 198.383 2374.811
#CUP_B#
  205.65 86.722 148.766 3.055 75.098 34.031 3.055 3.055 3.055 22099.334 3.055 3.055 3.055 3.055 3.055 3.055
#CUP_C#
  77.849 10.762 3.055 18.461 27.424 3.055 3.055 198.383 10014.498 10761.658 184.61 453.815 246.181 422.308 453.815 316.686
#CUP_D#
  3.055 6.273 3.055 11.565 3.657 3.055 6.052 13.844 3.055 3.055 6.988 3.055 7.51 3.055 3.055 3.055
#_L_SHORT______#1986 030 00 21 35.699 status LS
#      #
#      #
#CUP_A#
  103.726 103.726 103.726 103.726 107.525 103.726 171.647 228.895 11146.449 8982.279 305.236 421.95 505.111 866.486 1241.685 103.726
#CUP_B#
  103.726 103.726 103.726 103.726 103.726 103.726 103.726 103.726 103.726 20547.62 103.726 103.726 103.726 103.726 103.726 103.726
#CUP_C#
  103.726 103.726 103.726 103.726 103.726 103.726 103.726 220.806 8664.859 10752.551 264.324 365.394 274.007 133.432 407.039 103.726
#CUP_D#
  103.726 103.726 103.726 103.726 103.726 115.548 159.73 107.525 111.464 103.726 103.726 103.726 103.726 103.726 103.726 103.726
#_L_LONG_______#1986 030 00 21 47.939 status LL
#      #
#      #
#CUP_A#
  237.481 3.055 119.882 229.089 24.618 237.481 103.814 198.383 11988.205 8672.198 505.538 543.255 1038.136 836.574 1435.09 284.285
#CUP_B#
  191.372 165.722 159.865 3.055 3.055 48.767 3.055 3.055 3.055 21318.379 3.055 3.055 3.055 3.055 3.055 3.055
#CUP_C#
  47.044 50.554 3.055 3.055 3.055 3.055 21.318 184.61 9660.601 10014.498 220.993 437.778 305.495 453.815 470.44 379.1
#CUP_D#
  15.422 3.055 17.809 3.055 7.51 3.055 3.055 16.572 34.031 3.055 4.704 3.055 3.055 16.572 3.055 3.055
#_E_SHORT______#1986 030 00 22 06.779 status ES
# E1: 1986 030 00 21 42.659;   E2: 1986 030 00 22 30.659   #
#      #
  103.726 103.726 103.726 340.025 103.726 103.726 103.726 583.293 128.717 103.726 103.726 103.726 305.236 103.726 103.726 103.726 103.726 103.726 103.726 103.726 103.726 143.388 103.726 103.726 103.726 103.726 103.726 103.726
#_L_SHORT______#1986 030 00 22 23.699 status LS
#      #
#      #
#CUP_A#
  103.726 103.726 103.726 103.726 138.32 103.726 237.28 103.726 11554.776 9311.326 103.726 213.003 237.28 723.83 965.243 103.726
#CUP_B#
  103.726 177.935 103.726 107.525 254.983 103.726 171.647 103.726 103.726 22080.634 103.726 103.726 103.726 103.726 103.726 103.726
#CUP_C#
  103.726 103.726 103.726 103.726 107.525 103.726 103.726 107.525 9311.326 11146.449 198.215 487.261 119.781 220.806 470.042 103.726
#CUP_D#
  103.726 103.726 103.726 103.726 103.726 171.647 103.726 184.453 184.453 103.726 103.726 103.726 103.726 103.726 103.726 103.726
#_E_LONG_______#1986 030 00 22 29.699 status EL
# E1: 1986 030 00 22 53.219;   E2: 1986 030 00 22 05.219   #
#      #
  5.241 4.223 37.91 11.156 3.055 24.618 6.741 3.055 56.316 20.565 6.052 14.351 6.052 3.055 48.767 19.137 119.882 3.055 3.055 58.379 3.055 60.517 65.032 138.438 3.055 3.055 143.509 750.981
#_L_LONG_______#1986 030 00 22 35.939 status LL
#      #
#      #
#CUP_A#
  305.495 72.444 305.495 284.285 191.372 220.993 3.055 487.673 10381.358 9660.601 305.495 524.058 778.492 1115.589 103.814 2461.808
#CUP_B#
  107.617 3.055 198.383 96.606 67.415 3.528 3.055 3.055 3.055 20565.022 3.055 3.055 3.055 3.055 3.055 3.055
#CUP_C#
  3.055 3.055 60.517 54.326 83.657 36.57 22.099 111.559 8672.198 10761.658 148.766 379.1 264.548 407.384 524.058 328.287
#CUP_D#
  3.055 7.244 3.055 8.99 3.055 35.278 3.055 10.381 3.055 3.055 3.055 3.055 3.055 3.055 3.055 3.055
#_L_SHORT______#1986 030 00 23 11.699 status LS
#      #
#      #
#CUP_A#
  103.726 103.726 103.726 143.388 264.324 254.983 237.28 191.21 9652.427 9311.326 205.476 392.655 673.576 965.243 1287.172 103.726
#CUP_B#
  103.726 103.726 103.726 103.726 103.726 103.726 103.726 103.726 103.726 19821.501 103.726 103.726 103.726 103.726 103.726 103.726
#CUP_C#
  103.726 103.726 103.726 103.726 103.726 171.647 103.726 148.64 8063.276 10372.574 159.73 421.95 228.895 254.983 470.042 103.726
#CUP_D#
  103.726 103.726 103.726 103.726 103.726 165.581 103.726 165.581 177.935 103.726 103.726 103.726 103.726 103.726 103.726 103.726
#_L_LONG_______#1986 030 00 23 23.939 status LL
#      #
#      #
#CUP_A#
  178.086 133.545 3.055 165.722 35.278 124.274 171.792 103.814 10761.658 8365.736 198.383 698.842 807.01 1038.136 1598.653 213.184
#CUP_B#
  39.299 3.055 165.722 138.438 47.044 93.192 3.055 3.055 19.838 19838.288 3.055 3.055 3.055 3.055 3.055 3.055
#CUP_C#
  7.785 9.319 52.406 3.055 3.055 3.055 29.47 111.559 8989.886 9660.601 191.372 365.703 316.686 365.703 487.673 305.495
#CUP_D#
  22.099 69.884 3.055 36.57 93.192 25.52 3.055 3.055 72.444 23.748 20.565 13.844 3.055 3.055 3.055 3.055
#_E_SHORT______#1986 030 00 23 42.779 status ES
# E1: 1986 030 00 23 18.659;   E2: 1986 030 00 24 06.659   #
#      #
  103.726 103.726 115.548 103.726 103.726 103.726 220.806 103.726 103.726 103.726 103.726 107.525 103.726 191.21 103.726 305.236 103.726 103.726 103.726 103.726 103.726 103.726 103.726 103.726 103.726 103.726 103.726 103.726
#_L_SHORT______#1986 030 00 23 59.699 status LS
#      #
#      #
#CUP_A#
  103.726 103.726 103.726 103.726 138.32 103.726 159.73 103.726 11978.061 6982.509 103.726 228.895 103.726 103.726 103.726 103.726
#CUP_B#
  103.726 264.324 103.726 115.548 103.726 103.726 294.45 103.726 103.726 19121.041 103.726 103.726 103.726 103.726 103.726 103.726
#CUP_C#
  103.726 103.726 103.726 103.726 103.726 103.726 124.169 124.169 10372.574 8358.657 184.453 103.726 103.726 103.726 103.726 103.726
#CUP_D#
  124.169 103.726 103.726 103.726 103.726 103.726 103.726 165.581 103.726 220.806 198.215 103.726 103.726 103.726 103.726 103.726
#_E_LONG_______#1986 030 00 24 05.699 status EL
# E1: 1986 030 00 24 29.219;   E2: 1986 030 00 23 41.219   #
#      #
  3.055 3.055 3.055 3.055 50.554 3.055 3.055 3.055 36.57 3.055 9.661 3.055 67.415 32.829 3.055 31.669 86.722 3.055 3.055 86.722 86.722 3.055 3.055 133.545 3.055 3.055 205.65 807.01
#_L_LONG_______#1986 030 00 24 11.939 status LL
#      #
#      #
#CUP_A#
  3.055 3.055 3.055 305.495 305.495 17.809 264.548 119.882 10761.658 8365.736 305.495 750.981 246.181 1242.737 1384.376 274.239
#CUP_B#
  3.055 3.055 133.545 103.814 159.865 77.849 3.055 3.055 16.572 19838.288 3.055 3.055 3.055 3.055 3.055 3.055
#CUP_C#
  3.055 3.055 3.055 3.055 10.381 3.055 25.52 115.646 8989.886 9660.601 178.086 470.44 316.686 407.384 470.44 340.313
#CUP_D#
  3.055 3.055 3.055 10.762 14.877 3.055 3.055 40.738 69.884 119.882 3.055 4.378 3.055 3.055 3.055 3.055
#_L_SHORT______#1986 030 00 24 47.699 status LS
#      #
#      #
#CUP_A#
  103.726 103.726 103.726 103.726 103.726 115.548 154.085 316.418 11978.061 8982.279 316.418 562.68 470.042 866.486 1287.172 103.726
#CUP_B#
  103.726 103.726 103.726 103.726 103.726 103.726 103.726 103.726 103.726 21300.34 103.726 103.726 103.726 103.726 103.726 103.726
#CUP_C#
  103.726 103.726 103.726 103.726 103.726 103.726 103.726 119.781 10372.574 9652.427 165.581 392.655 237.28 245.972 437.408 103.726
#CUP_D#
  103.726 103.726 103.726 103.726 103.726 103.726 103.726 128.717 103.726 159.73 198.215 103.726 103.726 103.726 103.726 103.726
#_L_LONG_______#1986 030 00 24 59.939 status LL
#      #
#      #
#CUP_A#
  83.657 154.216 229.089 5.632 198.383 178.086 3.055 213.184 11155.889 8365.736 119.882 750.981 750.981 1156.456 1288.262 2374.811
#CUP_B#
  3.055 4.378 89.899 3.055 178.086 4.074 3.055 3.055 3.055 20565.022 3.055 3.055 3.055 3.055 3.055 3.055
#CUP_C#
  3.055 7.244 62.734 3.055 27.424 3.055 83.657 165.722 9660.601 9319.211 178.086 379.1 294.699 407.384 437.778 305.495
#CUP_D#
  3.055 14.877 6.273 3.055 30.549 3.055 7.51 10.381 42.231 3.055 3.055 7.51 3.055 3.055 3.055 3.055
#_E_SHORT______#1986 030 00 25 18.779 status ES
# E1: 1986 030 00 24 54.659;   E2: 1986 030 00 25 42.659   #
#      #
  228.895 103.726 103.726 103.726 103.726 284.045 103.726 107.525 103.726 220.806 103.726 103.726 103.726 205.476 111.464 103.726 305.236 103.726 103.726 103.726 103.726 103.726 103.726 103.726 107.525 284.045 103.726 103.726
#_L_SHORT______#1986 030 00 25 35.699 status LS
#      #
#      #
#CUP_A#
  103.726 103.726 103.726 103.726 103.726 103.726 213.003 103.726 11978.061 7778.333 103.726 198.215 191.21 806.328 1155.477 103.726
#CUP_B#
  103.726 220.806 103.726 103.726 103.726 103.726 228.895 103.726 103.726 19821.501 103.726 103.726 103.726 103.726 103.726 103.726
#CUP_C#
  103.726 103.726 148.64 103.726 103.726 103.726 191.21 119.781 10372.574 8664.859 198.215 421.95 305.236 264.324 407.039 103.726
#CUP_D#
  119.781 103.726 103.726 103.726 103.726 184.453 103.726 220.806 103.726 316.418 184.453 103.726 103.726 103.726 103.726 103.726
#_E_LONG_______#1986 030 00 25 41.699 status EL
# E1: 1986 030 00 26 05.219;   E2: 1986 030 00 25 17.219   #
#      #
  3.055 26.455 3.055 12.427 35.278 3.055 3.055 5.838 11.988 36.57 3.055 39.299 48.767 3.055 9.661 3.055 107.617 3.055 3.055 100.145 43.778 3.055 12.427 154.216 65.032 3.055 143.509 836.574
#_L_LONG_______#1986 030 00 25 47.939 status LL
#      #
#      #
#CUP_A#
  178.086 165.722 305.495 128.826 93.192 198.383 48.767 205.65 11155.889 8672.198 213.184 284.285 931.921 1038.136 1384.376 2374.811
#CUP_B#
  3.055 365.703 43.778 3.055 3.055 3.055 3.055 3.055 3.055 20565.022 3.055 3.055 3.055 3.055 3.055 3.055
#CUP_C#
  86.722 9.661 3.055 3.055 107.617 25.52 16.572 198.383 10014.498 9319.211 178.086 453.815 316.686 422.308 487.673 305.495
#CUP_D#
  3.055 3.055 3.055 3.055 12.883 4.704 3.055 3.055 27.424 3.055 3.055 3.055 3.055 3.055 3.055 3.055
#_L_SHORT______#1986 030 00 26 23.699 status LS
#      #
#      #
#CUP_A#
  103.726 103.726 103.726 103.726 103.726 148.64 107.525 165.581 10372.574 9652.427 245.972 470.042 673.576 1000.602 1383.205 103.726
#CUP_B#
  103.726 103.726 103.726 103.726 103.726 103.726 103.726 103.726 103.726 19821.501 103.726 103.726 103.726 103.726 103.726 103.726
#CUP_C#
  103.726 103.726 103.726 103.726 103.726 103.726 103.726 107.525 8664.859 10372.574 198.215 437.408 328.01 159.73 378.779 103.726
#CUP_D#
  103.726 103.726 103.726 103.726 103.726 103.726 103.726 103.726 103.726 228.895 133.432 119.781 103.726 119.781 103.726 103.726
#_L_LONG_______#1986 030 00 26 35.939 status LL
#      #
#      #
#CUP_A#
  191.372 83.657 103.814 198.383 3.055 237.481 178.086 103.814 10381.358 7509.814 453.815 605.172 966.06 931.921 1598.653 237.481
#CUP_B#
  316.686 154.216 143.509 36.57 3.055 111.559 3.055 3.055 3.055 18460.956 3.055 3.055 3.055 3.055 3.055 3.055
#CUP_C#
  83.657 50.554 3.055 3.055 67.415 21.318 8.366 93.192 8672.198 8365.736 220.993 437.778 340.313 453.815 487.673 328.287
#CUP_D#
  3.055 15.422 3.055 3.055 22.099 3.055 3.055 3.055 23.748 3.055 3.055 3.055 3.055 3.055 3.055 3.055
#_E_SHORT______#1986 030 00 26 54.778 status ES
# E1: 1986 030 00 26 30.659;   E2: 1986 030 00 27 18.658   #
#      #
  103.726 103.726 305.236 103.726 103.726 103.726 138.32 352.482 103.726 103.726 103.726 205.476 103.726 237.28 103.726 177.935 328.01 165.581 103.726 103.726 103.726 103.726 103.726 119.781 228.895 328.01 191.21 103.726
#_L_SHORT______#1986 030 00 27 11.698 status LS
#      #
#      #
#CUP_A#
  103.726 103.726 103.726 103.726 103.726 103.726 228.895 107.525 11146.449 8358.657 103.726 143.388 103.726 723.83 1155.477 103.726
#CUP_B#
  103.726 103.726 103.726 138.32 103.726 103.726 220.806 103.726 103.726 19821.501 103.726 103.726 103.726 103.726 103.726 103.726
#CUP_C#
  103.726 103.726 103.726 103.726 103.726 103.726 103.726 124.169 9652.427 9311.326 103.726 453.431 378.779 378.779 352.482 103.726
#CUP_D#
  124.169 103.726 103.726 103.726 103.726 103.726 103.726 245.972 103.726 407.039 198.215 103.726 103.726 103.726 103.726 103.726
#_E_LONG_______#1986 030 00 27 17.698 status EL
# E1: 1986 030 00 27 41.218;   E2: 1986 030 00 26 53.219   #
#      #
  3.055 56.316 48.767 39.299 40.738 8.672 19.838 3.055 3.055 3.055 40.738 37.91 37.91 47.044 3.791 3.055 83.657 3.055 3.055 65.032 17.179 3.055 3.055 159.865 28.429 3.055 205.65 807.01
#_L_LONG_______#1986 030 00 27 23.938 status LL
#      #
#      #
#CUP_A#
  191.372 119.882 305.495 86.722 107.617 119.882 3.055 124.274 11564.562 7244.429 93.192 750.981 807.01 1198.82 1384.376 2461.808
#CUP_B#
  3.055 10.381 96.606 25.52 39.299 3.055 3.055 3.055 3.055 19137.235 3.055 3.055 3.055 3.055 3.055 3.055
#CUP_C#
  96.606 31.669 3.055 17.809 3.055 3.055 86.722 154.216 10014.498 8365.736 198.383 422.308 328.287 437.778 505.538 316.686
#CUP_D#
  3.055 35.278 19.137 3.055 3.055 3.055 3.055 3.055 52.406 3.055 3.055 36.57 3.055 3.055 3.055 3.055
#_M____________#1986 030 00 27 58.498 status ML
#      #
#      #
#CUP_A#
  30.549 80.701 30.549 133.545 30.549 30.549 148.766 2290.889 111.559 30.549 133.545 67.415 30.549 128.826 30.549 30.549 30.549 30.549 58.379 30.549 50.554 30.549 30.549 30.549 30.549 65.032 30.549 43.778 30.549 37.91 42.231 30.549 30.549 30.549 67.415 30.549 30.549 30.549 30.549 30.549 30.549 34.031 30.549 30.549 30.549 30.549 30.549 30.549 30.549 36.57 30.549 30.549 30.549 30.549 30.549 30.549 30.549 1983.828 246.181 284.285 30.549 54.326 30.549 47.044 60.517 96.606 100.145 111.559 111.559 543.255 2946.993 8365.735 8365.735 2645.478 328.287 30.549 30.549 30.549 30.549 30.549 30.549 30.549 30.549 30.549 30.549 30.549 30.549 30.549 93.192 124.274 138.438 58.379 30.549 30.549 30.549 30.549 30.549 30.549 30.549 30.549 154.216 133.545 36.57 133.545 178.086 69.884 30.549 650.323 30.549 89.899 62.734 178.086 143.509 62.734 255.199 165.722 213.184 198.383 255.199 237.481 148.766 171.792 138.438 453.815 229.089 213.184 352.78 505.538
#CUP_B#
  133.545 40.738 30.549 77.849 30.549 30.549 30.549 2131.838 30.549 30.549 103.814 30.549 30.549 30.549 30.549 67.415 30.549 65.032 52.406 30.549 35.278 30.549 50.554 30.549 30.549 75.098 30.549 30.549 30.549 60.517 30.549 30.549 62.734 30.549 30.549 36.57 30.549 30.549 30.549 30.549 30.549 30.549 30.549 30.549 30.549 30.549 30.549 30.549 30.549 30.549 30.549 30.549 30.549 30.549 30.549 30.549 30.549 30.549 80.701 75.098 30.549 30.549 30.549 30.549 30.549 30.549 30.549 30.549 30.549 30.549 30.549 67.415 1076.166 6051.724 10381.357 5432.555 898.988 184.61 65.032 30.549 30.549 30.549 30.549 30.549 30.549 30.549 30.549 30.549 30.549 30.549 30.549 30.549 30.549 30.549 30.549 30.549 30.549 30.549 30.549 30.549 30.549 30.549 30.549 30.549 30.549 30.549 30.549 30.549 30.549 30.549 30.549 30.549 30.549 30.549 30.549 30.549 30.549 30.549 30.549 30.549 30.549 30.549 30.549 30.549 30.549 30.549 30.549 30.549
#CUP_C#
  30.549 30.549 30.549 30.549 30.549 45.382 40.738 246.181 505.538 30.549 30.549 30.549 30.549 35.278 30.549 47.044 30.549 30.549 54.326 30.549 30.549 30.549 48.767 30.549 30.549 30.549 30.549 30.549 30.549 30.549 48.767 30.549 30.549 30.549 30.549 30.549 30.549 30.549 30.549 30.549 30.549 60.517 30.549 30.549 30.549 30.549 30.549 42.231 30.549 30.549 30.549 30.549 30.549 37.91 30.549 30.549 47.044 2056.502 30.549 80.701 83.657 30.549 30.549 56.316 115.646 30.549 93.192 111.559 143.509 453.815 2131.838 6988.422 8365.735 3791.003 487.673 60.517 30.549 30.549 30.549 30.549 30.549 30.549 30.549 30.549 30.549 30.549 30.549 52.406 30.549 107.617 138.438 86.722 47.044 30.549 37.91 30.549 45.382 72.444 89.899 72.444 30.549 30.549 37.91 30.549 42.231 62.734 93.192 159.865 171.792 62.734 67.415 30.549 30.549 83.657 32.829 30.549 30.549 30.549 77.849 30.549 65.032 77.849 30.549 178.086 30.549 30.549 30.549 89.899
#CUP_D#
  67.415 30.549 30.549 58.379 40.738 30.549 30.549 30.549 30.549 30.549 30.549 86.722 143.509 30.549 30.549 30.549 30.549 52.406 32.829 30.549 30.549 93.192 80.701 30.549 30.549 30.549 30.549 37.91 30.549 30.549 30.549 30.549 30.549 31.669 30.549 30.549 30.549 30.549 30.549 39.299 30.549 30.549 30.549 30.549 30.549 30.549 30.549 37.91 30.549 45.382 30.549 30.549 30.549 30.549 30.549 30.549 30.549 159.865 30.549 30.549 30.549 30.549 45.382 148.766 30.549 30.549 30.549 30.549 96.606 69.884 30.549 30.549 30.549 30.549 30.549 30.549 30.549 32.829 32.829 30.549 39.299 30.549 47.044 34.031 54.326 30.549 30.549 30.549 30.549 83.657 54.326 58.379 30.549 30.549 30.549 43.778 35.278 30.549 30.549 47.044 30.549 30.549 30.549 30.549 32.829 30.549 30.549 30.549 198.383 30.549 58.379 30.549 30.549 30.549 30.549 30.549 54.326 32.829 30.549 30.549 30.549 30.549 30.549 30.549 30.549 30.549 30.549 30.549
#_L_SHORT______#1986 030 00 33 35.698 status LS
#      #
#      #
#CUP_A#
  103.726 103.726 103.726 103.726 103.726 103.726 103.726 103.726 103.726 103.726 103.726 103.726 103.726 103.726 103.726 103.726
#CUP_B#
  103.726 103.726 103.726 103.726 103.726 103.726 103.726 103.726 103.726 103.726 103.726 103.726 103.726 103.726 103.726 103.726
#CUP_C#
  103.726 103.726 103.726 103.726 103.726 103.726 103.726 103.726 103.726 103.726 103.726 103.726 103.726 103.726 103.726 103.726
#CUP_D#
  103.726 103.726 103.726 103.726 103.726 103.726 103.726 103.726 103.726 103.726 103.726 103.726 103.726 103.726 103.726 103.726
#_L_LONG_______#1986 030 00 33 47.938 status LL
#      #
#      #
#CUP_A#
  30.549 184.61 148.766 6.741 138.438 6.503 65.032 198.383 13354.547 7784.92 220.993 867.22 650.323 1156.456 1288.262 2209.933
#CUP_B#
  4.378 255.199 56.316 69.884 96.606 3.055 3.055 3.055 3.055 20565.022 3.055 3.055 3.055 3.055 3.055 3.055
#CUP_C#
  3.055 3.055 10.014 3.93 48.767 3.055 45.382 60.517 11155.889 8989.886 165.722 407.384 237.481 407.384 487.673 352.78
#CUP_D#
  8.366 3.055 5.838 3.055 26.455 3.055 4.074 3.055 3.93 3.055 3.055 37.91 3.055 3.055 3.055 3.055
#_E_SHORT______#1986 030 00 34 06.778 status ES
# E1: 1986 030 00 33 42.658;   E2: 1986 030 00 34 30.658   #
#      #
  103.726 103.726 103.726 103.726 103.726 143.388 103.726 103.726 103.726 103.726 103.726 103.726 103.726 103.726 119.781 103.726 103.726 103.726 103.726 103.726 103.726 111.464 103.726 103.726 103.726 103.726 103.726 103.726
#_L_SHORT______#1986 030 00 34 23.698 status LS
#      #
#      #
#CUP_A#
  103.726 103.726 103.726 103.726 264.324 103.726 177.935 103.726 12416.853 8063.276 103.726 177.935 103.726 835.866 898.228 103.726
#CUP_B#
  103.726 352.482 103.726 213.003 143.388 103.726 294.45 103.726 103.726 21300.34 103.726 103.726 103.726 103.726 103.726 103.726
#CUP_C#
  103.726 103.726 103.726 103.726 254.983 103.726 103.726 103.726 10006.024 10006.024 184.453 421.95 274.007 191.21 328.01 103.726
#CUP_D#
  103.726 103.726 103.726 103.726 103.726 220.806 103.726 133.432 103.726 138.32 115.548 103.726 103.726 103.726 103.726 103.726
#_E_LONG_______#1986 030 00 34 29.698 status EL
# E1: 1986 030 00 34 53.218;   E2: 1986 030 00 34 05.218   #
#      #
  3.055 3.055 3.055 42.231 8.99 17.809 3.055 17.179 3.055 32.829 8.366 35.278 3.055 3.055 26.455 18.461 83.657 3.055 3.055 43.778 47.044 4.877 100.145 178.086 3.055 36.57 159.865 750.981
#_L_LONG_______#1986 030 00 34 35.938 status LL
#      #
#      #
#CUP_A#
  305.495 19.137 284.285 305.495 7.785 198.383 3.055 274.239 11155.889 9319.211 563.157 205.65 1038.136 931.921 264.548 2461.808
#CUP_B#
  83.657 96.606 237.481 69.884 133.545 72.444 3.055 43.778 3.055 21318.379 3.055 3.055 3.055 3.055 3.055 3.055
#CUP_C#
  43.778 3.055 3.055 3.055 42.231 72.444 13.355 143.509 8989.886 11155.889 143.509 379.1 352.78 352.78 524.058 305.495
#CUP_D#
  21.318 3.055 10.014 12.427 3.055 14.351 3.055 11.565 3.055 3.055 6.052 3.055 3.055 3.055 3.055 3.055
#_L_SHORT______#1986 030 00 35 11.698 status LS
#      #
#      #
#CUP_A#
  103.726 103.726 103.726 103.726 103.726 103.726 165.581 294.45 11978.061 10006.024 245.972 437.408 421.95 965.243 1334.325 103.726
#CUP_B#
  103.726 103.726 103.726 103.726 103.726 138.32 103.726 103.726 103.726 22889.512 103.726 103.726 103.726 103.726 103.726 103.726
#CUP_C#
  103.726 103.726 103.726 103.726 103.726 148.64 103.726 274.007 10006.024 11146.449 165.581 392.655 316.418 184.453 453.431 103.726
#CUP_D#
  103.726 103.726 103.726 103.726 103.726 115.548 171.647 154.085 237.28 103.726 103.726 103.726 103.726 103.726 103.726 103.726
#_L_LONG_______#1986 030 00 35 23.938 status LL
#      #
#      #
#CUP_A#
  3.055 246.181 159.865 3.055 154.216 3.055 115.646 133.545 10761.658 9660.601 115.646 836.574 627.342 1156.456 1384.376 264.548
#CUP_B#
  3.055 284.285 96.606 3.055 27.424 3.055 3.055 3.055 3.055 21318.379 3.055 3.055 3.055 3.055 3.055 3.055
#CUP_C#
  75.098 18.461 3.055 3.055 17.809 3.055 23.748 103.814 8672.198 11564.562 205.65 422.308 294.699 328.287 437.778 316.686
#CUP_D#
  37.91 30.549 3.055 12.883 3.055 3.055 3.055 3.055 30.549 3.055 22.099 3.055 3.055 3.055 3.055 3.055
#_E_SHORT______#1986 030 00 35 42.778 status ES
# E1: 1986 030 00 35 18.658;   E2: 1986 030 00 36 06.658   #
#      #
  437.408 220.806 103.726 103.726 103.726 220.806 228.895 103.726 103.726 103.726 103.726 103.726 103.726 103.726 107.525 264.324 103.726 103.726 328.01 103.726 103.726 103.726 305.236 542.796 103.726 198.215 103.726 777.833
#_L_SHORT______#1986 030 00 35 59.698 status LS
#      #
#      #
#CUP_A#
  103.726 103.726 103.726 103.726 254.983 103.726 264.324 103.726 10752.551 10752.551 103.726 274.007 205.476 583.293 931.132 103.726
#CUP_B#
  103.726 274.007 103.726 284.045 119.781 103.726 264.324 103.726 103.726 22080.634 103.726 103.726 103.726 103.726 103.726 103.726
#CUP_C#
  103.726 103.726 103.726 103.726 103.726 103.726 103.726 128.717 9652.427 11554.776 184.453 378.779 305.236 254.983 352.482 103.726
#CUP_D#
  103.726 103.726 103.726 103.726 103.726 274.007 103.726 264.324 103.726 103.726 119.781 103.726 103.726 103.726 103.726 103.726
#_E_LONG_______#1986 030 00 36 05.698 status EL
# E1: 1986 030 00 36 29.218;   E2: 1986 030 00 35 41.218   #
#      #
  3.055 3.055 23.748 30.549 3.055 12.883 60.517 3.055 47.044 11.565 31.669 3.055 14.877 12.883 3.055 47.044 62.734 3.055 3.055 93.192 35.278 19.137 72.444 124.274 3.055 50.554 191.372 750.981
#_L_LONG_______#1986 030 00 36 11.938 status LL
#      #
#      #
#CUP_A#
  379.1 184.61 128.826 305.495 83.657 103.814 274.239 72.444 11155.889 9660.601 274.239 255.199 966.06 294.699 1657.216 294.699
#CUP_B#
  89.899 3.055 89.899 43.778 52.406 86.722 3.055 3.055 35.278 21318.379 3.055 3.055 3.055 3.055 3.055 3.055
#CUP_C#
  89.899 11.565 3.528 36.57 28.429 26.455 13.355 128.826 9660.601 10381.358 191.372 470.44 264.548 379.1 524.058 305.495
#CUP_D#
  28.429 65.032 3.055 10.014 69.884 50.554 3.055 14.877 11.565 3.055 3.055 17.809 22.909 3.055 3.055 3.055
#_L_SHORT______#1986 030 00 36 47.698 status LS
#      #
#      #
#CUP_A#
  103.726 103.726 103.726 103.726 103.726 103.726 103.726 103.726 9652.427 10372.574 294.45 421.95 626.811 1075.255 1383.205 103.726
#CUP_B#
  103.726 103.726 103.726 103.726 103.726 103.726 103.726 103.726 103.726 19821.501 103.726 103.726 103.726 103.726 103.726 103.726
#CUP_C#
  103.726 103.726 103.726 103.726 103.726 103.726 103.726 103.726 7778.333 11146.449 274.007 392.655 148.64 205.476 453.431 103.726
#CUP_D#
  103.726 103.726 103.726 103.726 103.726 103.726 103.726 103.726 103.726 103.726 111.464 103.726 103.726 103.726 103.726 103.726
#_L_LONG_______#1986 030 00 36 59.938 status LL
#      #
#      #
#CUP_A#
  171.792 103.814 159.865 178.086 11.988 264.548 143.509 178.086 11988.205 9660.601 422.308 505.538 1001.45 867.22 1598.653 246.181
#CUP_B#
  93.192 96.606 178.086 107.617 65.032 103.814 3.055 3.055 3.055 22099.334 3.055 3.055 3.055 3.055 3.055 3.055
#CUP_C#
  22.909 3.055 3.055 3.055 29.47 34.031 77.849 184.61 9319.211 11564.562 205.65 470.44 264.548 379.1 487.673 316.686
#CUP_D#
  30.549 20.565 54.326 29.47 69.884 45.382 3.055 3.055 15.987 3.055 3.055 8.672 42.231 3.055 3.055 3.055
#_E_SHORT______#1986 030 00 37 18.778 status ES
# E1: 1986 030 00 36 54.658;   E2: 1986 030 00 37 42.658   #
#      #
  103.726 103.726 103.726 340.025 103.726 103.726 103.726 365.394 392.655 103.726 103.726 103.726 274.007 274.007 103.726 103.726 198.215 115.548 103.726 103.726 103.726 103.726 103.726 103.726 115.548 274.007 171.647 103.726
#_L_SHORT______#1986 030 00 37 35.698 status LS
#      #
#      #
#CUP_A#
  103.726 103.726 103.726 103.726 103.726 103.726 264.324 103.726 11146.449 9311.326 103.726 294.45 111.464 806.328 1075.255 103.726
#CUP_B#
  103.726 128.717 103.726 115.548 103.726 103.726 171.647 103.726 103.726 21300.34 103.726 103.726 103.726 103.726 103.726 103.726
#CUP_C#
  103.726 103.726 115.548 103.726 103.726 103.726 103.726 128.717 9652.427 10752.551 165.581 340.025 191.21 177.935 340.025 103.726
#CUP_D#
  103.726 103.726 103.726 103.726 103.726 165.581 103.726 103.726 198.215 352.482 237.28 103.726 103.726 103.726 103.726 103.726
#_E_LONG_______#1986 030 00 37 41.698 status EL
# E1: 1986 030 00 38 05.218;   E2: 1986 030 00 37 17.218   #
#      #
  62.734 3.055 35.278 3.055 3.055 17.179 4.223 5.632 3.055 31.669 52.406 19.137 29.47 3.055 9.319 60.517 159.865 3.055 3.055 39.299 16.572 24.618 72.444 171.792 14.351 3.055 184.61 836.574
#_L_LONG_______#1986 030 00 37 47.938 status LL
#      #
#      #
#CUP_A#
  284.285 213.184 229.089 305.495 89.899 220.993 213.184 58.379 10381.358 10761.658 107.617 563.157 931.921 1076.166 1657.216 274.239
#CUP_B#
  205.65 128.826 83.657 3.055 3.055 65.032 3.055 3.055 3.055 22099.334 3.055 3.055 3.055 3.055 3.055 3.055
#CUP_C#
  52.406 29.47 28.429 3.055 3.055 32.829 56.316 143.509 8672.198 11564.562 246.181 487.673 255.199 365.703 543.255 305.495
#CUP_D#
  3.055 14.351 6.988 3.055 25.52 3.055 3.055 3.055 8.672 4.704 3.055 3.055 3.055 3.055 3.055 3.055
#_L_SHORT______#1986 030 00 39 11.698 status LS
#      #
#      #
#CUP_A#
  103.726 103.726 103.726 103.726 103.726 103.726 103.726 107.525 11146.449 10006.024 103.726 316.418 171.647 723.83 1000.602 103.726
#CUP_B#
  103.726 171.647 103.726 103.726 103.726 103.726 205.476 103.726 103.726 22080.634 103.726 103.726 103.726 103.726 103.726 103.726
#CUP_C#
  103.726 103.726 159.73 103.726 103.726 103.726 103.726 148.64 9652.427 11146.449 103.726 487.261 254.983 284.045 453.431 103.726
#CUP_D#
  184.453 103.726 103.726 103.726 103.726 171.647 103.726 254.983 103.726 274.007 184.453 143.388 103.726 103.726 103.726 103.726
#_L_LONG_______#1986 030 00 39 23.938 status LL
#      #
#      #
#CUP_A#
  128.826 246.181 305.495 42.231 178.086 154.216 69.884 220.993 11155.889 9660.601 83.657 778.492 650.323 1242.737 1335.455 2290.889
#CUP_B#
  3.055 28.429 83.657 35.278 67.415 3.055 3.055 3.055 3.055 21318.379 3.055 3.055 3.055 3.055 3.055 3.055
#CUP_C#
  133.545 6.052 3.055 3.055 28.429 42.231 60.517 184.61 9660.601 10761.658 143.509 379.1 274.239 392.988 453.815 305.495
#CUP_D#
  6.052 8.672 3.055 11.565 3.055 3.055 3.055 3.055 22.099 3.055 3.055 3.055 11.565 3.055 3.055 3.055
#_M____________#1986 030 00 39 58.497 status ML
#      #
#      #
#CUP_A#
  171.792 30.549 30.549 220.993 30.549 67.415 30.549 966.06 255.199 30.549 124.274 30.549 30.549 30.549 48.767 89.899 30.549 100.145 30.549 30.549 30.549 30.549 58.379 30.549 56.316 30.549 30.549 30.549 30.549 30.549 30.549 37.91 30.549 30.549 30.549 36.57 45.382 30.549 30.549 35.278 30.549 30.549 30.549 30.549 30.549 30.549 34.031 30.549 34.031 30.549 30.549 30.549 30.549 30.549 56.316 30.549 30.549 2742.389 171.792 47.044 60.517 30.549 48.767 56.316 60.517 80.701 77.849 154.216 124.274 563.156 3929.878 8989.885 8070.104 2374.811 316.686 30.549 30.549 30.549 30.549 30.549 54.326 30.549 30.549 30.549 52.406 30.549 30.549 30.549 30.549 93.192 143.509 75.098 30.549 35.278 32.829 30.549 30.549 30.549 30.549 48.767 154.216 138.438 107.617 148.766 100.145 115.646 30.549 1384.376 213.184 30.549 159.865 198.383 77.849 67.415 159.865 191.372 220.993 171.792 294.699 328.287 229.089 165.722 205.65 422.308 379.1 159.865 470.44 543.255
#CUP_B#
  115.646 30.549 30.549 37.91 30.549 30.549 30.549 13354.546 30.549 35.278 128.826 30.549 62.734 30.549 47.044 58.379 30.549 54.326 30.549 30.549 30.549 30.549 30.549 30.549 39.299 30.549 30.549 30.549 36.57 30.549 30.549 65.032 30.549 30.549 30.549 52.406 30.549 30.549 30.549 30.549 30.549 30.549 30.549 37.91 32.829 47.044 30.549 30.549 30.549 30.549 30.549 30.549 30.549 77.849 48.767 30.549 30.549 379.1 807.01 30.549 30.549 30.549 30.549 30.549 30.549 30.549 30.549 30.549 30.549 30.549 30.549 124.274 1717.925 7509.813 10381.357 4876.735 778.492 178.086 75.098 34.031 30.549 30.549 30.549 30.549 30.549 30.549 30.549 30.549 30.549 30.549 30.549 30.549 30.549 30.549 30.549 30.549 30.549 30.549 30.549 30.549 30.549 30.549 30.549 30.549 30.549 30.549 30.549 453.815 563.156 30.549 30.549 30.549 30.549 30.549 30.549 30.549 30.549 30.549 30.549 30.549 30.549 30.549 30.549 30.549 30.549 30.549 30.549 30.549
#CUP_C#
  60.517 30.549 67.415 30.549 39.299 30.549 30.549 583.787 30.549 30.549 30.549 54.326 31.669 30.549 30.549 30.549 30.549 30.549 30.549 30.549 40.738 30.549 30.549 30.549 40.738 30.549 30.549 32.829 58.379 30.549 30.549 30.549 30.549 30.549 65.032 30.549 50.554 30.549 30.549 30.549 30.549 30.549 30.549 30.549 72.444 48.767 30.549 30.549 30.549 75.098 30.549 30.549 30.549 30.549 30.549 30.549 30.549 30.549 543.255 30.549 30.549 65.032 35.278 30.549 40.738 80.701 72.444 96.606 133.545 543.255 2645.478 7509.813 8365.735 3403.134 524.058 159.865 30.549 65.032 30.549 30.549 45.382 30.549 35.278 30.549 30.549 69.884 89.899 30.549 72.444 30.549 138.438 86.722 43.778 69.884 30.549 30.549 30.549 30.549 96.606 30.549 30.549 36.57 43.778 50.554 30.549 45.382 30.549 264.548 148.766 83.657 30.549 30.549 30.549 60.517 30.549 30.549 48.767 30.549 30.549 65.032 60.517 31.669 65.032 205.65 30.549 30.549 30.549 30.549
#CUP_D#
  154.216 30.549 30.549 31.669 30.549 30.549 30.549 583.787 30.549 365.703 30.549 75.098 30.549 30.549 89.899 30.549 30.549 45.382 54.326 89.899 30.549 77.849 62.734 30.549 30.549 48.767 30.549 62.734 30.549 30.549 30.549 36.57 50.554 30.549 34.031 32.829 47.044 30.549 30.549 30.549 30.549 31.669 30.549 30.549 30.549 30.549 30.549 30.549 30.549 30.549 30.549 30.549 30.549 30.549 30.549 30.549 35.278 30.549 93.192 30.549 86.722 107.617 30.549 30.549 30.549 30.549 56.316 30.549 30.549 30.549 30.549 45.382 52.406 30.549 30.549 45.382 34.031 30.549 35.278 30.549 30.549 56.316 47.044 37.91 30.549 30.549 62.734 56.316 47.044 30.549 30.549 30.549 30.549 30.549 30.549 30.549 30.549 47.044 30.549 30.549 30.549 30.549 30.549 30.549 30.549 30.549 30.549 1288.262 30.549 294.699 30.549 30.549 107.617 52.406 93.192 30.549 30.549 30.549 75.098 30.549 30.549 30.549 30.549 30.549 30.549 30.549 30.549 30.549
#_L_LONG_______#1986 030 00 42 03.297 status LL
#      #
#      #
#CUP_A#
  54.326 3.055 35.278 3.055 60.517 3.055 13.844 159.865 10381.358 14350.901 191.372 898.988 750.981 1156.456 1335.455 2209.933
#CUP_B#
  148.766 115.646 3.055 3.055 178.086 3.055 3.055 3.055 3.055 26454.782 3.055 3.055 3.055 3.055 3.055 3.055
#CUP_C#
  3.055 24.618 35.278 15.987 24.618 34.031 3.055 159.865 6988.423 17179.249 220.993 563.157 316.686 422.308 524.058 352.78
#CUP_D#
  100.145 9.661 3.055 3.055 165.722 3.055 3.055 4.704 54.326 17.179 3.055 30.549 3.055 3.055 3.055 3.055
#_L_SHORT______#1986 030 00 42 23.697 status LS
#      #
#      #
#CUP_A#
  103.726 165.581 274.007 604.66 228.895 107.525 103.726 103.726 10006.024 13343.247 103.726 340.025 392.655 1037.257 1037.257 103.726
#CUP_B#
  523.614 673.576 184.453 103.726 103.726 437.408 407.039 103.726 103.726 25498.318 103.726 103.726 103.726 103.726 103.726 103.726
#CUP_C#
  133.432 103.726 103.726 103.726 103.726 103.726 103.726 165.581 8063.276 15973.001 103.726 583.293 264.324 245.972 487.261 103.726
#CUP_D#
  191.21 177.935 254.983 274.007 305.236 103.726 103.726 103.726 103.726 103.726 103.726 103.726 103.726 103.726 103.726 103.726
#_L_LONG_______#1986 030 00 42 35.937 status LL
#      #
#      #
#CUP_A#
  3.055 124.274 305.495 3.055 284.285 213.184 9.319 213.184 11155.889 12427.368 75.098 867.22 255.199 1335.455 1384.376 246.181
#CUP_B#
  115.646 274.239 107.617 3.055 89.899 3.055 39.299 3.055 3.055 24618.08 3.055 3.055 3.055 3.055 3.055 3.055
#CUP_C#
  20.565 3.055 3.055 3.055 42.231 3.055 12.427 213.184 8672.198 13843.764 184.61 563.157 284.285 407.384 563.157 284.285
#CUP_D#
  3.055 100.145 60.517 3.055 28.429 93.192 26.455 3.055 69.884 52.406 3.055 43.778 3.055 3.055 3.055 3.055
#_E_SHORT______#1986 030 00 42 54.777 status ES
# E1: 1986 030 00 42 30.657;   E2: 1986 030 00 43 18.657   #
#      #
  103.726 103.726 103.726 103.726 103.726 103.726 119.781 191.21 103.726 103.726 103.726 103.726 103.726 103.726 103.726 103.726 1037.257 103.726 103.726 103.726 103.726 542.796 103.726 626.811 103.726 1037.257 294.45 421.95
#_L_SHORT______#1986 030 00 43 11.697 status LS
#      #
#      #
#CUP_A#
  103.726 103.726 103.726 103.726 103.726 103.726 154.085 103.726 11978.061 11554.776 103.726 487.261 198.215 673.576 1114.645 103.726
#CUP_B#
  103.726 264.324 103.726 103.726 103.726 103.726 159.73 103.726 103.726 24597.249 103.726 103.726 103.726 103.726 103.726 103.726
#CUP_C#
  103.726 103.726 103.726 103.726 159.73 103.726 103.726 138.32 10006.024 12871.718 213.003 523.614 294.45 191.21 407.039 103.726
#CUP_D#
  119.781 103.726 103.726 103.726 103.726 103.726 103.726 138.32 177.935 237.28 254.983 103.726 103.726 103.726 103.726 103.726
#_E_LONG_______#1986 030 00 43 17.697 status EL
# E1: 1986 030 00 43 41.217;   E2: 1986 030 00 42 53.217   #
#      #
  3.055 6.988 3.055 20.565 12.427 36.57 103.814 17.179 3.167 16.572 69.884 11.565 11.156 3.055 8.99 3.055 133.545 28.429 3.055 96.606 138.438 3.055 40.738 178.086 3.055 3.055 115.646 867.22
#_L_LONG_______#1986 030 00 43 23.937 status LL
#      #
#      #
#CUP_A#
  154.216 264.548 305.495 3.055 213.184 32.829 80.701 205.65 11564.562 11564.562 9.661 1001.45 698.842 1242.737 1384.376 2209.933
#CUP_B#
  3.055 77.849 83.657 34.031 50.554 3.055 3.055 25.52 3.055 23748.117 3.055 3.055 3.055 3.055 3.055 3.055
#CUP_C#
  48.767 17.179 36.57 12.427 27.424 19.137 75.098 133.545 9660.601 12427.368 184.61 583.787 365.703 407.384 505.538 316.686
#CUP_D#
  3.055 119.882 220.993 133.545 62.734 3.055 3.055 89.899 165.722 62.734 3.055 8.07 3.055 3.055 3.055 3.055
#_L_SHORT______#1986 030 00 43 59.697 status LS
#      #
#      #
#CUP_A#
  103.726 103.726 103.726 103.726 103.726 103.726 103.726 103.726 11978.061 10752.551 294.45 583.293 505.111 1075.255 1486.403 103.726
#CUP_B#
  103.726 103.726 103.726 103.726 103.726 103.726 103.726 103.726 103.726 22889.512 103.726 103.726 103.726 103.726 103.726 103.726
#CUP_C#
  103.726 103.726 103.726 103.726 103.726 103.726 103.726 228.895 10372.574 11146.449 103.726 523.614 340.025 284.045 316.418 103.726
#CUP_D#
  103.726 103.726 103.726 103.726 103.726 103.726 103.726 115.548 103.726 184.453 103.726 103.726 103.726 103.726 103.726 103.726
#_L_LONG_______#1986 030 00 44 11.937 status LL
#      #
#      #
#CUP_A#
  198.383 3.055 184.61 148.766 67.415 264.548 3.055 246.181 11564.562 9660.601 470.44 543.255 1001.45 931.921 1435.09 2290.889
#CUP_B#
  143.509 83.657 138.438 56.316 11.156 40.738 3.055 3.055 3.055 22099.334 3.055 3.055 3.055 3.055 3.055 3.055
#CUP_C#
  36.57 12.883 23.748 3.055 26.455 26.455 23.748 191.372 10014.498 10761.658 178.086 470.44 284.285 365.703 505.538 328.287
#CUP_D#
  80.701 60.517 3.055 3.055 115.646 72.444 47.044 93.192 107.617 3.055 3.055 60.517 3.055 3.055 3.055 3.055
#_E_SHORT______#1986 030 00 44 30.777 status ES
# E1: 1986 030 00 44 06.657;   E2: 1986 030 00 44 54.657   #
#      #
  103.726 103.726 103.726 124.169 103.726 228.895 103.726 213.003 103.726 103.726 103.726 103.726 198.215 103.726 165.581 103.726 103.726 103.726 124.169 103.726 103.726 103.726 103.726 103.726 103.726 316.418 237.28 583.293
#_L_SHORT______#1986 030 00 44 47.697 status LS
#      #
#      #
#CUP_A#
  103.726 103.726 103.726 103.726 103.726 103.726 165.581 148.64 11554.776 11554.776 103.726 562.68 103.726 583.293 1114.645 103.726
#CUP_B#
  103.726 213.003 103.726 103.726 191.21 103.726 316.418 103.726 103.726 23728.022 103.726 103.726 103.726 103.726 103.726 103.726
#CUP_C#
  103.726 103.726 103.726 103.726 148.64 103.726 103.726 107.525 8664.859 13343.247 103.726 583.293 205.476 198.215 365.394 103.726
#CUP_D#
  103.726 103.726 103.726 103.726 103.726 103.726 103.726 237.28 133.432 165.581 237.28 103.726 103.726 103.726 103.726 103.726
#_E_LONG_______#1986 030 00 44 53.697 status EL
# E1: 1986 030 00 45 17.217;   E2: 1986 030 00 44 29.217   #
#      #
  3.055 60.517 30.549 60.517 3.055 3.055 65.032 3.055 3.055 48.767 3.055 3.055 26.455 34.031 14.877 29.47 138.438 3.055 3.055 143.509 20.565 3.055 69.884 80.701 3.055 3.055 138.438 807.01
#_L_LONG_______#1986 030 00 44 59.937 status LL
#      #
#      #
#CUP_A#
  246.181 52.406 305.495 124.274 128.826 115.646 3.055 407.384 12427.368 11155.889 264.548 807.01 1001.45 1115.589 1242.737 2461.808
#CUP_B#
  3.055 148.766 93.192 3.055 18.461 34.031 3.055 3.055 3.055 24618.08 3.055 3.055 3.055 3.055 3.055 3.055
#CUP_C#
  60.517 28.429 3.055 3.055 54.326 22.909 3.055 198.383 10014.498 12427.368 154.216 563.157 316.686 437.778 505.538 328.287
#CUP_D#
  3.055 96.606 39.299 3.055 96.606 36.57 3.055 3.055 65.032 15.422 3.055 67.415 3.055 3.055 3.055 3.055
#_L_SHORT______#1986 030 00 45 35.697 status LS
#      #
#      #
#CUP_A#
  103.726 103.726 103.726 103.726 124.169 103.726 177.935 228.895 13832.049 8982.279 305.236 505.111 523.614 1075.255 1241.685 103.726
#CUP_B#
  103.726 171.647 103.726 103.726 103.726 103.726 103.726 103.726 103.726 23728.022 103.726 103.726 103.726 103.726 103.726 103.726
#CUP_C#
  103.726 103.726 103.726 103.726 103.726 103.726 103.726 184.453 11554.776 10372.574 205.476 487.261 365.394 254.983 392.655 103.726
#CUP_D#
  103.726 103.726 103.726 103.726 103.726 103.726 103.726 154.085 103.726 138.32 103.726 103.726 103.726 103.726 103.726 103.726
#_L_LONG_______#1986 030 00 45 47.937 status LL
#      #
#      #
#CUP_A#
  255.199 47.044 305.495 124.274 111.559 305.495 3.055 563.157 13354.547 8989.886 191.372 724.443 807.01 1156.456 213.184 2461.808
#CUP_B#
  69.884 3.055 93.192 7.785 26.455 3.055 3.055 11.988 3.055 23748.117 3.055 3.055 3.055 3.055 3.055 3.055
#CUP_C#
  67.415 17.179 3.055 3.055 3.93 3.055 45.382 205.65 10761.658 10761.658 138.438 487.673 316.686 437.778 487.673 328.287
#CUP_D#
  23.748 3.055 3.055 3.055 31.669 3.055 3.055 15.987 22.909 7.51 3.055 42.231 3.055 3.055 3.055 3.055
#_E_SHORT______#1986 030 00 46 06.777 status ES
# E1: 1986 030 00 45 42.657;   E2: 1986 030 00 46 30.657   #
#      #
  103.726 103.726 133.432 103.726 103.726 103.726 305.236 103.726 103.726 103.726 103.726 103.726 103.726 103.726 103.726 245.972 103.726 103.726 103.726 103.726 103.726 154.085 103.726 103.726 103.726 103.726 103.726 103.726
#_L_SHORT______#1986 030 00 46 23.697 status LS
#      #
#      #
#CUP_A#
  103.726 103.726 103.726 103.726 328.01 103.726 220.806 165.581 14864.028 7778.333 103.726 143.388 133.432 673.576 1000.602 103.726
#CUP_B#
  103.726 128.717 103.726 340.025 111.464 165.581 184.453 103.726 103.726 23728.022 103.726 103.726 103.726 103.726 103.726 103.726
#CUP_C#
  103.726 103.726 103.726 103.726 103.726 103.726 103.726 264.324 11978.061 10372.574 143.388 562.68 184.453 245.972 487.261 103.726
#CUP_D#
  103.726 103.726 103.726 103.726 103.726 103.726 103.726 284.045 154.085 111.464 103.726 103.726 103.726 103.726 103.726 103.726
#_E_LONG_______#1986 030 00 46 29.697 status EL
# E1: 1986 030 00 46 53.217;   E2: 1986 030 00 46 05.217   #
#      #
  3.055 3.055 17.179 20.565 8.99 3.055 52.406 19.838 3.055 54.326 6.741 21.318 20.565 3.055 34.031 23.748 69.884 3.055 3.055 69.884 3.055 7.244 18.461 184.61 14.877 3.055 198.383 807.01
#_L_LONG_______#1986 030 00 46 35.937 status LL
#      #
#      #
#CUP_A#
  305.495 3.055 229.089 171.792 65.032 3.055 3.055 407.384 14350.901 8070.105 171.792 807.01 867.22 1198.82 1076.166 2374.811
#CUP_B#
  34.031 11.565 22.099 3.055 65.032 7.785 3.055 17.809 3.055 23748.117 3.055 3.055 3.055 3.055 3.055 3.055
#CUP_C#
  103.814 22.099 3.055 3.055 3.283 3.055 72.444 205.65 11564.562 10014.498 213.184 505.538 328.287 437.778 470.44 305.495
#CUP_D#
  3.055 3.055 4.223 9.319 17.809 3.055 3.055 5.632 8.99 14.351 3.055 4.223 8.672 4.074 3.055 3.055
#_L_SHORT______#1986 030 00 47 11.697 status LS
#      #
#      #
#CUP_A#
  103.726 103.726 103.726 103.726 171.647 115.548 305.236 264.324 12871.718 10372.574 103.726 542.796 470.042 965.243 1334.325 103.726
#CUP_B#
  103.726 103.726 103.726 103.726 107.525 133.432 103.726 103.726 103.726 23728.022 103.726 103.726 103.726 103.726 103.726 103.726
#CUP_C#
  103.726 103.726 103.726 103.726 103.726 103.726 107.525 154.085 10006.024 11978.061 198.215 407.039 264.324 228.895 392.655 103.726
#CUP_D#
  103.726 103.726 103.726 103.726 103.726 103.726 184.453 133.432 220.806 103.726 103.726 103.726 103.726 103.726 103.726 103.726
#_L_LONG_______#1986 030 00 47 23.937 status LL
#      #
#      #
#CUP_A#
  28.429 12.883 159.865 11.565 143.509 100.145 3.055 422.308 13354.547 8070.105 229.089 778.492 724.443 1156.456 1198.82 2374.811
#CUP_B#
  45.382 83.657 124.274 58.379 24.618 3.055 3.055 3.055 3.055 22908.897 3.055 3.055 3.055 3.055 3.055 3.055
#CUP_C#
  40.738 32.829 3.055 29.47 4.223 37.91 3.055 178.086 10381.358 10381.358 133.545 437.778 205.65 379.1 453.815 328.287
#CUP_D#
  5.632 20.565 3.055 3.055 3.055 15.422 7.51 3.055 3.055 3.055 10.762 13.844 3.055 3.055 3.055 3.055
#_E_SHORT______#1986 030 00 47 42.777 status ES
# E1: 1986 030 00 47 18.657;   E2: 1986 030 00 48 06.657   #
#      #
  103.726 316.418 103.726 103.726 103.726 103.726 453.431 103.726 165.581 103.726 228.895 103.726 220.806 103.726 103.726 128.717 103.726 103.726 103.726 111.464 103.726 184.453 103.726 128.717 103.726 103.726 103.726 103.726
#_L_SHORT______#1986 030 00 47 59.697 status LS
#      #
#      #
#CUP_A#
  103.726 103.726 103.726 103.726 103.726 103.726 165.581 103.726 13343.247 8982.279 103.726 220.806 103.726 750.346 1000.602 103.726
#CUP_B#
  103.726 352.482 103.726 264.324 148.64 103.726 284.045 103.726 103.726 23728.022 103.726 103.726 103.726 103.726 103.726 103.726
#CUP_C#
  103.726 103.726 103.726 103.726 103.726 103.726 103.726 107.525 10372.574 11978.061 124.169 604.66 340.025 213.003 437.408 103.726
#CUP_D#
  103.726 103.726 103.726 103.726 103.726 103.726 103.726 138.32 111.464 103.726 124.169 103.726 103.726 103.726 103.726 103.726
#_E_LONG_______#1986 030 00 48 05.697 status EL
# E1: 1986 030 00 48 29.217;   E2: 1986 030 00 47 41.217   #
#      #
  3.055 72.444 19.838 3.055 29.47 28.429 3.055 30.549 3.055 3.055 4.538 31.669 56.316 3.055 3.055 3.055 96.606 3.055 3.055 62.734 45.382 3.055 148.766 40.738 3.055 3.055 159.865 778.492
#_L_LONG_______#1986 030 00 48 11.937 status LL
#      #
#      #
#CUP_A#
  305.495 67.415 305.495 305.495 16.572 220.993 3.055 294.699 12427.368 8672.198 407.384 229.089 966.06 1076.166 198.383 2461.808
#CUP_B#
  77.849 111.559 191.372 3.055 184.61 72.444 3.055 47.044 3.055 22908.897 3.055 3.055 3.055 3.055 3.055 3.055
#CUP_C#
  77.849 3.055 3.055 3.055 35.278 3.055 42.231 178.086 10014.498 10761.658 154.216 524.058 328.287 407.384 505.538 316.686
#CUP_D#
  3.055 3.055 30.549 45.382 37.91 3.055 11.988 13.355 15.987 32.829 3.055 3.055 22.909 17.809 3.055 3.055
#_L_SHORT______#1986 030 00 48 47.697 status LS
#      #
#      #
#CUP_A#
  103.726 103.726 103.726 103.726 103.726 103.726 264.324 365.394 13343.247 8063.276 213.003 264.324 421.95 931.132 1155.477 103.726
#CUP_B#
  103.726 103.726 103.726 103.726 103.726 115.548 103.726 103.726 103.726 22080.634 103.726 103.726 103.726 103.726 103.726 103.726
#CUP_C#
  103.726 103.726 103.726 103.726 103.726 103.726 103.726 107.525 10752.551 10006.024 237.28 453.431 213.003 159.73 505.111 103.726
#CUP_D#
  103.726 103.726 103.726 103.726 103.726 198.215 103.726 284.045 103.726 103.726 103.726 103.726 103.726 103.726 103.726 103.726
#_L_LONG_______#1986 030 00 48 59.937 status LL
#      #
#      #
#CUP_A#
  50.554 178.086 171.792 3.055 96.606 67.415 3.055 159.865 12427.368 8672.198 124.274 898.988 674.146 1242.737 1335.455 2209.933
#CUP_B#
  178.086 65.032 3.055 3.055 128.826 34.031 3.055 3.055 3.055 22099.334 3.055 3.055 3.055 3.055 3.055 3.055
#CUP_C#
  3.055 15.987 3.055 80.701 48.767 20.565 48.767 148.766 10014.498 10381.358 198.383 407.384 316.686 379.1 505.538 328.287
#CUP_D#
  37.91 100.145 3.055 3.055 77.849 47.044 3.055 77.849 8.366 3.055 9.661 37.91 3.055 3.055 3.055 3.055
#_E_SHORT______#1986 030 00 49 18.777 status ES
# E1: 1986 030 00 48 54.657;   E2: 1986 030 00 49 42.657   #
#      #
  103.726 103.726 103.726 103.726 138.32 103.726 328.01 103.726 103.726 103.726 103.726 103.726 103.726 124.169 103.726 294.45 487.261 103.726 103.726 103.726 103.726 103.726 103.726 143.388 328.01 378.779 294.45 103.726
#_L_SHORT______#1986 030 00 49 35.697 status LS
#      #
#      #
#CUP_A#
  103.726 103.726 103.726 103.726 103.726 103.726 171.647 103.726 12416.853 9311.326 103.726 378.779 237.28 750.346 1197.806 103.726
#CUP_B#
  103.726 177.935 103.726 103.726 103.726 103.726 119.781 103.726 103.726 22889.512 103.726 103.726 103.726 103.726 103.726 103.726
#CUP_C#
  103.726 103.726 107.525 103.726 205.476 103.726 103.726 184.453 10372.574 11146.449 264.324 583.293 245.972 220.806 437.408 103.726
#CUP_D#
  103.726 103.726 103.726 103.726 103.726 103.726 103.726 184.453 103.726 177.935 133.432 103.726 103.726 103.726 103.726 103.726
#_E_LONG_______#1986 030 00 49 41.697 status EL
# E1: 1986 030 00 50 05.217;   E2: 1986 030 00 49 17.217   #
#      #
  8.07 3.055 3.055 3.055 45.382 69.884 43.778 3.055 14.877 7.244 3.055 19.838 5.241 8.99 24.618 31.669 128.826 3.055 3.055 19.838 93.192 3.055 3.055 171.792 3.055 8.366 154.216 778.492
#_L_LONG_______#1986 030 00 49 47.937 status LL
#      #
#      #
#CUP_A#
  205.65 148.766 29.47 305.495 83.657 67.415 274.239 96.606 11988.205 9660.601 138.438 898.988 778.492 1156.456 1435.09 2131.838
#CUP_B#
  60.517 7.785 69.884 165.722 111.559 69.884 3.055 3.055 3.055 22099.334 3.055 3.055 3.055 3.055 3.055 3.055
#CUP_C#
  12.883 69.884 77.849 15.987 3.93 9.319 3.055 165.722 9660.601 10761.658 205.65 563.157 316.686 437.778 487.673 328.287
#CUP_D#
  89.899 13.844 3.055 3.055 28.429 52.406 3.055 47.044 96.606 3.055 3.055 16.572 6.503 3.055 3.055 3.055
#_L_SHORT______#1986 030 00 50 23.697 status LS
#      #
#      #
#CUP_A#
  103.726 103.726 103.726 103.726 103.726 103.726 103.726 237.28 12416.853 9311.326 143.388 604.66 562.68 1114.645 1486.403 103.726
#CUP_B#
  103.726 103.726 103.726 103.726 103.726 103.726 103.726 103.726 103.726 22080.634 103.726 103.726 103.726 103.726 103.726 103.726
#CUP_C#
  103.726 103.726 103.726 124.169 103.726 103.726 103.726 124.169 10006.024 10372.574 305.236 562.68 264.324 228.895 340.025 103.726
#CUP_D#
  103.726 103.726 103.726 103.726 103.726 103.726 103.726 103.726 115.548 205.476 107.525 115.548 103.726 103.726 103.726 103.726
#_L_LONG_______#1986 030 00 50 35.937 status LL
#      #
#      #
#CUP_A#
  47.044 60.517 213.184 3.055 72.444 246.181 3.055 246.181 12882.619 7784.92 124.274 674.146 867.22 1156.456 274.239 2461.808
#CUP_B#
  328.287 178.086 58.379 3.055 3.055 89.899 3.055 3.055 3.055 22099.334 3.055 3.055 3.055 3.055 3.055 3.055
#CUP_C#
  3.055 3.055 3.055 24.618 56.316 4.074 30.549 154.216 10014.498 10014.498 111.559 487.673 328.287 379.1 524.058 316.686
#CUP_D#
  3.055 15.422 3.055 3.055 26.455 3.055 3.055 3.055 21.318 3.055 3.055 3.055 3.055 3.055 3.055 3.055
#_E_SHORT______#1986 030 00 50 54.777 status ES
# E1: 1986 030 00 50 30.657;   E2: 1986 030 00 51 18.657   #
#      #
  237.28 103.726 103.726 103.726 154.085 103.726 111.464 103.726 103.726 191.21 103.726 103.726 103.726 191.21 103.726 191.21 264.324 103.726 103.726 103.726 103.726 103.726 103.726 184.453 138.32 305.236 103.726 103.726
#_L_SHORT______#1986 030 00 51 11.697 status LS
#      #
#      #
#CUP_A#
  103.726 103.726 103.726 103.726 103.726 103.726 103.726 103.726 13832.049 9311.326 103.726 437.408 159.73 723.83 1155.477 103.726
#CUP_B#
  103.726 213.003 103.726 103.726 103.726 103.726 165.581 103.726 103.726 23728.022 103.726 103.726 103.726 103.726 103.726 103.726
#CUP_C#
  103.726 103.726 103.726 103.726 103.726 103.726 103.726 154.085 10752.551 11146.449 124.169 523.614 284.045 138.32 305.236 103.726
#CUP_D#
  133.432 103.726 103.726 103.726 103.726 103.726 103.726 213.003 103.726 213.003 274.007 143.388 103.726 103.726 103.726 103.726
#_E_LONG_______#1986 030 00 51 17.697 status EL
# E1: 1986 030 00 51 41.217;   E2: 1986 030 00 50 53.217   #
#      #
  3.055 3.055 3.055 28.429 3.055 3.055 19.838 32.829 27.424 18.461 11.565 52.406 25.52 3.055 13.844 25.52 159.865 3.055 3.055 86.722 115.646 3.055 3.055 111.559 58.379 3.055 143.509 867.22
#_L_LONG_______#1986 030 00 51 23.937 status LL
#      #
#      #
#CUP_A#
  107.617 165.722 305.495 3.055 159.865 107.617 3.055 246.181 10761.658 12427.368 103.814 867.22 898.988 1198.82 1288.262 2374.811
#CUP_B#
  3.055 62.734 213.184 42.231 21.318 3.055 3.055 3.055 3.055 23748.117 3.055 3.055 3.055 3.055 3.055 3.055
#CUP_C#
  30.549 36.57 48.767 3.055 3.055 3.055 29.47 119.882 8365.736 13843.764 128.826 505.538 340.313 407.384 505.538 305.495
#CUP_D#
  3.055 3.167 3.055 3.055 30.549 3.657 3.055 3.055 21.318 5.241 3.055 17.809 17.179 3.055 3.055 3.055
#_M____________#1986 030 00 51 58.496 status ML
#      #
#      #
#CUP_A#
  191.372 30.549 30.549 198.383 30.549 100.145 30.549 1001.45 778.492 138.438 154.216 30.549 40.738 30.549 48.767 30.549 30.549 65.032 30.549 30.549 30.549 30.549 30.549 30.549 43.778 30.549 62.734 30.549 30.549 30.549 30.549 47.044 30.549 30.549 30.549 30.549 34.031 30.549 30.549 30.549 30.549 30.549 30.549 30.549 30.549 30.549 30.549 30.549 30.549 43.778 30.549 30.549 30.549 30.549 48.767 30.549 30.549 422.308 392.988 294.699 30.549 30.549 30.549 65.032 42.231 72.444 43.778 75.098 115.646 437.778 3791.003 8989.885 7509.813 1717.925 143.509 30.549 30.549 30.549 30.549 30.549 30.549 30.549 30.549 30.549 30.549 30.549 30.549 30.549 58.379 111.559 124.274 34.031 30.549 30.549 30.549 30.549 30.549 30.549 30.549 30.549 89.899 107.617 115.646 128.826 107.617 107.617 83.657 898.988 213.184 69.884 107.617 171.792 58.379 100.145 191.372 159.865 198.383 213.184 237.481 316.686 229.089 198.383 205.65 422.308 340.313 237.481 453.815 470.44
#CUP_B#
  128.826 30.549 30.549 30.549 65.032 30.549 30.549 30.549 563.156 30.549 30.549 30.549 30.549 30.549 42.231 30.549 30.549 30.549 30.549 30.549 30.549 30.549 30.549 30.549 30.549 75.098 35.278 30.549 30.549 30.549 30.549 30.549 30.549 30.549 30.549 30.549 48.767 30.549 30.549 30.549 30.549 30.549 30.549 30.549 30.549 30.549 30.549 30.549 30.549 30.549 30.549 30.549 30.549 30.549 30.549 30.549 30.549 2131.838 32.829 30.549 30.549 30.549 30.549 30.549 30.549 30.549 30.549 30.549 30.549 30.549 30.549 107.617 1156.456 6741.462 10381.357 4538.153 543.255 83.657 30.549 30.549 30.549 30.549 30.549 30.549 30.549 30.549 30.549 30.549 30.549 30.549 30.549 30.549 30.549 30.549 30.549 30.549 30.549 30.549 30.549 30.549 30.549 30.549 30.549 30.549 30.549 30.549 30.549 2374.811 30.549 30.549 30.549 30.549 30.549 30.549 30.549 30.549 30.549 30.549 30.549 30.549 30.549 30.549 30.549 30.549 30.549 30.549 30.549 30.549
#CUP_C#
  30.549 32.829 30.549 30.549 30.549 30.549 30.549 30.549 379.1 30.549 30.549 30.549 30.549 35.278 30.549 30.549 30.549 30.549 30.549 39.299 30.549 30.549 30.549 31.669 30.549 36.57 30.549 32.829 67.415 45.382 37.91 39.299 30.549 65.032 30.549 30.549 72.444 30.549 30.549 77.849 30.549 30.549 30.549 30.549 37.91 30.549 43.778 30.549 36.57 30.549 30.549 40.738 30.549 30.549 30.549 45.382 30.549 524.058 30.549 43.778 39.299 60.517 30.549 35.278 58.379 89.899 103.814 124.274 86.722 407.384 2551.991 7784.919 7784.919 2290.889 294.699 52.406 30.549 67.415 30.549 30.549 30.549 30.549 50.554 31.669 30.549 43.778 31.669 30.549 30.549 128.826 93.192 32.829 30.549 30.549 32.829 30.549 50.554 30.549 65.032 107.617 48.767 39.299 67.415 30.549 30.549 54.326 69.884 100.145 453.815 45.382 107.617 30.549 30.549 45.382 30.549 30.549 30.549 30.549 31.669 30.549 62.734 42.231 34.031 213.184 30.549 30.549 30.549 30.549
#CUP_D#
  86.722 30.549 30.549 39.299 42.231 30.549 30.549 75.098 30.549 119.882 30.549 69.884 52.406 32.829 30.549 30.549 30.549 30.549 65.032 30.549 30.549 30.549 86.722 30.549 67.415 30.549 30.549 30.549 39.299 30.549 30.549 30.549 30.549 30.549 30.549 30.549 30.549 30.549 30.549 36.57 62.734 30.549 42.231 40.738 30.549 30.549 30.549 30.549 30.549 30.549 30.549 43.778 30.549 30.549 30.549 30.549 30.549 407.384 30.549 171.792 30.549 34.031 65.032 69.884 30.549 30.549 30.549 58.379 115.646 30.549 30.549 30.549 32.829 30.549 30.549 30.549 30.549 30.549 34.031 30.549 42.231 30.549 30.549 30.549 30.549 30.549 30.549 30.549 40.738 30.549 30.549 30.549 48.767 30.549 75.098 30.549 30.549 30.549 30.549 30.549 30.549 30.549 30.549 30.549 58.379 30.549 30.549 30.549 30.549 30.549 30.549 93.192 75.098 30.549 30.549 30.549 50.554 67.415 30.549 30.549 30.549 30.549 30.549 30.549 30.549 30.549 30.549 30.549
#_L_LONG_______#1986 030 00 54 03.297 status LL
#      #
#      #
#CUP_A#
  50.554 3.055 32.829 3.055 96.606 3.055 3.055 111.559 10761.658 10014.498 213.184 778.492 778.492 1156.456 1384.376 2290.889
#CUP_B#
  154.216 128.826 3.055 35.278 34.031 3.055 3.055 3.055 3.055 21318.379 3.055 3.055 3.055 3.055 3.055 3.055
#CUP_C#
  72.444 3.055 67.415 3.055 28.429 3.055 80.701 198.383 8989.886 10761.658 191.372 437.778 255.199 379.1 487.673 305.495
#CUP_D#
  62.734 50.554 12.427 3.055 69.884 3.055 3.055 14.877 54.326 3.055 3.055 3.055 3.055 3.055 3.055 3.055
#_L_SHORT______#1986 030 00 54 23.697 status LS
#      #
#      #
#CUP_A#
  103.726 294.45 365.394 421.95 220.806 154.085 103.726 103.726 11146.449 8664.859 103.726 133.432 421.95 866.486 965.243 103.726
#CUP_B#
  673.576 673.576 103.726 115.548 119.781 523.614 421.95 103.726 103.726 21300.34 103.726 103.726 103.726 103.726 103.726 103.726
#CUP_C#
  154.085 103.726 103.726 103.726 103.726 103.726 103.726 103.726 10006.024 10752.551 107.525 340.025 220.806 245.972 340.025 103.726
#CUP_D#
  103.726 264.324 159.73 421.95 205.476 274.007 103.726 103.726 103.726 103.726 103.726 103.726 103.726 103.726 103.726 103.726
#_L_LONG_______#1986 030 00 54 35.937 status LL
#      #
#      #
#CUP_A#
  3.055 124.274 305.495 3.055 274.239 159.865 4.538 154.216 10381.358 9319.211 96.606 931.921 274.239 1242.737 1435.09 294.699
#CUP_B#
  27.424 178.086 159.865 11.988 83.657 3.055 40.738 12.427 3.055 20565.022 3.055 3.055 3.055 3.055 3.055 3.055
#CUP_C#
  3.055 3.055 9.661 3.055 4.223 3.055 69.884 220.993 9319.211 10014.498 191.372 407.384 246.181 379.1 453.815 379.1
#CUP_D#
  3.055 8.672 7.51 8.672 26.455 86.722 35.278 3.055 83.657 67.415 3.055 26.455 3.055 4.223 3.055 3.055
#_E_SHORT______#1986 030 00 54 54.777 status ES
# E1: 1986 030 00 54 30.657;   E2: 1986 030 00 55 18.657   #
#      #
  103.726 205.476 128.717 103.726 154.085 103.726 340.025 103.726 103.726 103.726 165.581 148.64 103.726 124.169 103.726 487.261 103.726 103.726 103.726 103.726 103.726 103.726 103.726 103.726 103.726 103.726 103.726 103.726
#_L_SHORT______#1986 030 00 55 11.697 status LS
#      #
#      #
#CUP_A#
  103.726 103.726 103.726 103.726 103.726 103.726 103.726 103.726 103.726 103.726 103.726 103.726 103.726 103.726 103.726 103.726
#CUP_B#
  103.726 103.726 103.726 103.726 103.726 103.726 103.726 103.726 103.726 103.726 103.726 103.726 103.726 103.726 103.726 103.726
#CUP_C#
  103.726 103.726 103.726 103.726 103.726 103.726 103.726 103.726 103.726 103.726 103.726 103.726 103.726 103.726 103.726 103.726
#CUP_D#
  103.726 103.726 103.726 103.726 103.726 103.726 103.726 103.726 103.726 103.726 103.726 103.726 103.726 103.726 103.726 103.726
#_E_LONG_______#1986 030 00 55 17.697 status EL
# E1: 1986 030 00 55 41.217;   E2: 1986 030 00 54 53.217   #
#      #
  3.055 22.909 3.055 30.549 34.031 25.52 54.326 4.074 3.055 6.741 31.669 26.455 15.422 60.517 17.809 39.299 119.882 7.244 3.055 15.987 128.826 3.055 3.055 3.055 3.055 3.055 3.055 3.055
#_L_LONG_______#1986 030 00 55 23.937 status LL
#      #
#      #
#CUP_A#
  3.055 191.372 294.699 3.055 237.481 3.055 184.61 255.199 12427.368 7784.92 11.988 931.921 750.981 1288.262 1435.09 2209.933
#CUP_B#
  3.055 294.699 26.455 3.055 75.098 7.785 3.055 3.055 3.055 20565.022 3.055 3.055 3.055 3.055 3.055 3.055
#CUP_C#
  3.055 31.669 3.055 3.055 3.055 3.055 22.099 191.372 10761.658 8672.198 198.383 437.778 255.199 407.384 487.673 305.495
#CUP_D#
  3.055 191.372 3.055 3.055 77.849 3.055 3.055 5.241 54.326 3.055 3.055 3.055 3.055 3.055 3.055 3.055
#_L_SHORT______#1986 030 00 55 59.697 status LS
#      #
#      #
#CUP_A#
  103.726 103.726 103.726 103.726 103.726 103.726 103.726 143.388 11554.776 9652.427 254.983 649.773 673.576 1075.255 1383.205 103.726
#CUP_B#
  103.726 103.726 103.726 103.726 103.726 103.726 103.726 103.726 103.726 21300.34 103.726 103.726 103.726 103.726 103.726 103.726
#CUP_C#
  103.726 103.726 103.726 103.726 103.726 111.464 103.726 124.169 9311.326 10752.551 103.726 352.482 228.895 274.007 487.261 103.726
#CUP_D#
  103.726 103.726 103.726 103.726 103.726 103.726 103.726 154.085 205.476 148.64 191.21 228.895 103.726 103.726 103.726 103.726
#_L_LONG_______#1986 030 00 56 11.937 status LL
#      #
#      #
#CUP_A#
  213.184 171.792 3.055 133.545 52.406 96.606 213.184 107.617 11988.205 8365.736 133.545 778.492 836.574 1115.589 1487.662 264.548
#CUP_B#
  3.055 19.137 133.545 65.032 42.231 72.444 3.055 3.055 4.378 20565.022 3.055 3.055 3.055 3.055 3.055 3.055
#CUP_C#
  26.455 3.055 32.829 3.055 3.055 3.055 67.415 198.383 9660.601 9660.601 191.372 437.778 305.495 392.988 453.815 316.686
#CUP_D#
  3.055 111.559 184.61 220.993 148.766 45.382 3.055 124.274 229.089 107.617 3.055 3.055 5.838 75.098 21.318 3.055
#_E_SHORT______#1986 030 00 56 30.776 status ES
# E1: 1986 030 00 56 06.657;   E2: 1986 030 00 56 54.656   #
#      #
  649.773 103.726 407.039 103.726 365.394 103.726 107.525 228.895 103.726 453.431 103.726 407.039 103.726 453.431 103.726 352.482 750.346 316.418 148.64 103.726 103.726 103.726 103.726 103.726 103.726 583.293 407.039 1000.602
#_L_SHORT______#1986 030 00 56 47.696 status LS
#      #
#      #
#CUP_A#
  103.726 103.726 103.726 103.726 103.726 103.726 340.025 103.726 12416.853 8664.859 103.726 191.21 119.781 806.328 1241.685 103.726
#CUP_B#
  103.726 138.32 103.726 103.726 103.726 103.726 133.432 103.726 103.726 22080.634 103.726 103.726 103.726 103.726 103.726 103.726
#CUP_C#
  103.726 103.726 103.726 103.726 103.726 103.726 103.726 220.806 10372.574 10006.024 184.453 453.431 305.236 220.806 328.01 103.726
#CUP_D#
  154.085 103.726 103.726 103.726 103.726 128.717 103.726 213.003 103.726 274.007 103.726 103.726 103.726 103.726 103.726 103.726
#_E_LONG_______#1986 030 00 56 53.696 status EL
# E1: 1986 030 00 57 17.216;   E2: 1986 030 00 56 29.217   #
#      #
  3.055 31.669 3.055 27.424 3.055 3.055 15.987 12.883 37.91 35.278 24.618 32.829 20.565 65.032 52.406 3.055 100.145 107.617 3.055 107.617 107.617 3.055 3.055 138.438 18.461 3.055 100.145 836.574
#_L_LONG_______#1986 030 00 56 59.936 status LL
#      #
#      #
#CUP_A#
  124.274 191.372 237.481 3.055 128.826 6.741 191.372 128.826 13354.547 8070.105 60.517 836.574 807.01 1115.589 1487.662 2290.889
#CUP_B#
  3.055 60.517 3.055 67.415 80.701 26.455 3.055 3.055 3.055 22908.897 3.055 3.055 3.055 3.055 3.055 3.055
#CUP_C#
  52.406 11.565 3.055 37.91 25.52 3.055 23.748 133.545 11564.562 9319.211 198.383 453.815 352.78 422.308 470.44 316.686
#CUP_D#
  3.055 107.617 3.055 3.055 107.617 43.778 3.055 3.055 107.617 3.055 3.055 15.422 3.055 3.055 3.055 3.055
#_L_SHORT______#1986 030 00 57 35.696 status LS
#      #
#      #
#CUP_A#
  103.726 103.726 103.726 103.726 103.726 159.73 159.73 294.45 12416.853 10006.024 103.726 421.95 562.68 1155.477 1334.325 103.726
#CUP_B#
  103.726 103.726 124.169 103.726 103.726 103.726 103.726 103.726 103.726 22889.512 103.726 103.726 103.726 103.726 103.726 103.726
#CUP_C#
  103.726 103.726 103.726 103.726 103.726 103.726 103.726 103.726 10752.551 10752.551 128.717 437.408 205.476 177.935 340.025 103.726
#CUP_D#
  103.726 103.726 103.726 103.726 103.726 103.726 103.726 103.726 103.726 103.726 143.388 148.64 103.726 103.726 103.726 103.726
#_L_LONG_______#1986 030 00 57 47.936 status LL
#      #
#      #
#CUP_A#
  205.65 56.316 3.055 154.216 37.91 138.438 184.61 89.899 10761.658 10014.498 191.372 724.443 836.574 1001.45 1487.662 264.548
#CUP_B#
  119.882 178.086 67.415 3.055 115.646 69.884 3.055 3.055 16.572 21318.379 3.055 3.055 3.055 3.055 3.055 3.055
#CUP_C#
  58.379 3.055 4.223 80.701 5.632 3.055 60.517 191.372 8989.886 10761.658 220.993 470.44 274.239 437.778 422.308 274.239
#CUP_D#
  3.055 34.031 3.055 11.156 48.767 3.055 3.055 26.455 89.899 3.055 17.179 37.91 3.055 3.055 3.055 3.055
#_E_SHORT______#1986 030 00 58 06.776 status ES
# E1: 1986 030 00 57 42.656;   E2: 1986 030 00 58 30.656   #
#      #
  328.01 103.726 103.726 103.726 103.726 103.726 103.726 154.085 103.726 103.726 103.726 103.726 103.726 148.64 103.726 103.726 103.726 103.726 103.726 103.726 103.726 171.647 103.726 103.726 103.726 103.726 103.726 103.726
#_L_SHORT______#1986 030 00 58 23.696 status LS
#      #
#      #
#CUP_A#
  103.726 103.726 103.726 103.726 103.726 103.726 245.972 184.453 10006.024 10752.551 103.726 191.21 143.388 649.773 1114.645 103.726
#CUP_B#
  103.726 228.895 103.726 103.726 159.73 103.726 133.432 103.726 103.726 21300.34 103.726 103.726 103.726 103.726 103.726 103.726
#CUP_C#
  103.726 103.726 103.726 103.726 103.726 103.726 103.726 177.935 8982.279 11146.449 143.388 583.293 177.935 159.73 453.431 103.726
#CUP_D#
  103.726 103.726 103.726 103.726 103.726 103.726 103.726 264.324 103.726 103.726 165.581 103.726 103.726 103.726 103.726 103.726
#_E_LONG_______#1986 030 00 58 29.696 status EL
# E1: 1986 030 00 58 53.216;   E2: 1986 030 00 58 05.216   #
#      #
  3.055 3.055 67.415 3.055 48.767 12.427 27.424 13.355 3.055 3.055 35.278 18.461 3.055 9.661 56.316 3.055 107.617 17.809 3.055 103.814 36.57 3.055 128.826 42.231 3.055 3.055 165.722 807.01
#_L_LONG_______#1986 030 00 58 35.936 status LL
#      #
#      #
#CUP_A#
  128.826 159.865 19.137 205.65 274.239 3.055 184.61 198.383 10761.658 10014.498 229.089 627.342 966.06 1038.136 1487.662 2374.811
#CUP_B#
  165.722 184.61 3.055 3.055 65.032 3.055 3.055 3.055 3.055 21318.379 3.055 3.055 3.055 3.055 3.055 3.055
#CUP_C#
  75.098 3.055 3.055 3.055 40.738 3.055 35.278 128.826 8989.886 10761.658 198.383 470.44 284.285 437.778 470.44 340.313
#CUP_D#
  3.055 3.055 3.055 14.351 3.055 13.844 3.055 9.661 8.366 3.055 3.055 15.987 3.055 3.055 3.055 3.055
#_L_SHORT______#1986 030 00 59 11.696 status LS
#      #
#      #
#CUP_A#
  103.726 103.726 103.726 103.726 124.169 213.003 228.895 294.45 11146.449 10006.024 115.548 305.236 421.95 898.228 1241.685 103.726
#CUP_B#
  103.726 103.726 103.726 103.726 103.726 103.726 103.726 103.726 103.726 21300.34 103.726 103.726 103.726 103.726 103.726 103.726
#CUP_C#
  103.726 103.726 103.726 103.726 103.726 103.726 103.726 220.806 8982.279 11146.449 191.21 392.655 154.085 220.806 316.418 103.726
#CUP_D#
  103.726 103.726 103.726 103.726 103.726 103.726 245.972 274.007 124.169 103.726 103.726 103.726 103.726 103.726 103.726 103.726
#_L_LONG_______#1986 030 00 59 23.936 status LL
#      #
#      #
#CUP_A#
  77.849 72.444 213.184 22.909 184.61 107.617 3.055 284.285 12427.368 7509.814 80.701 750.981 750.981 1288.262 1198.82 2461.808
#CUP_B#
  72.444 159.865 111.559 83.657 31.669 3.055 3.055 3.055 3.055 20565.022 3.055 3.055 3.055 3.055 3.055 3.055
#CUP_C#
  3.055 3.055 3.055 3.055 3.055 15.422 31.669 184.61 10381.358 8989.886 171.792 470.44 246.181 392.988 487.673 284.285
#CUP_D#
  3.055 8.366 3.055 13.844 13.844 3.055 3.055 6.503 22.099 3.055 3.055 30.549 3.055 3.055 3.055 3.055
#_E_SHORT______#1986 030 00 59 42.776 status ES
# E1: 1986 030 00 59 18.656;   E2: 1986 030 01 00 06.656   #
#      #
  171.647 148.64 103.726 103.726 103.726 264.324 191.21 205.476 103.726 103.726 103.726 103.726 103.726 103.726 128.717 111.464 103.726 103.726 103.726 103.726 103.726 103.726 103.726 103.726 103.726 103.726 103.726 103.726
#_L_SHORT______#1986 030 00 59 59.696 status LS
#      #
#      #
#CUP_A#
  103.726 103.726 103.726 103.726 148.64 103.726 177.935 205.476 11554.776 8982.279 103.726 103.726 103.726 777.833 1000.602 103.726
#CUP_B#
  103.726 213.003 103.726 103.726 103.726 128.717 133.432 103.726 103.726 21300.34 103.726 103.726 103.726 103.726 103.726 103.726
#CUP_C#
  103.726 103.726 103.726 103.726 103.726 103.726 191.21 177.935 9652.427 10372.574 103.726 487.261 305.236 245.972 328.01 103.726
#CUP_D#
  103.726 103.726 103.726 103.726 103.726 264.324 128.717 165.581 103.726 171.647 165.581 138.32 103.726 103.726 103.726 103.726
#_E_LONG_______#1986 030 01 00 05.696 status EL
# E1: 1986 030 01 00 29.216;   E2: 1986 030 00 59 41.216   #
#      #
  16.572 3.055 37.91 35.278 3.055 5.632 50.554 3.055 3.657 43.778 5.055 8.672 10.381 9.319 15.422 3.055 138.438 3.055 3.055 107.617 3.055 3.055 36.57 148.766 5.632 3.055 205.65 778.492
#_L_LONG_______#1986 030 01 00 11.936 status LL
#      #
#      #
#CUP_A#
  143.509 159.865 305.495 83.657 119.882 107.617 3.055 143.509 12427.368 8070.105 80.701 698.842 750.981 1198.82 1335.455 2374.811
#CUP_B#
  107.617 284.285 34.031 32.829 89.899 3.055 3.055 3.055 3.055 21318.379 3.055 3.055 3.055 3.055 3.055 3.055
#CUP_C#
  65.032 3.055 3.055 10.762 8.99 3.055 62.734 198.383 11155.889 8672.198 159.865 487.673 274.239 407.384 505.538 305.495
#CUP_D#
  7.785 3.055 7.785 3.055 14.351 3.055 8.07 3.055 3.055 3.055 3.055 6.741 3.055 3.055 3.055 3.055
#_L_SHORT______#1986 030 01 00 47.696 status LS
#      #
#      #
#CUP_A#
  103.726 103.726 103.726 103.726 103.726 103.726 198.215 228.895 11146.449 10372.574 305.236 365.394 470.042 898.228 1383.205 103.726
#CUP_B#
  103.726 103.726 103.726 103.726 103.726 103.726 103.726 103.726 103.726 21300.34 103.726 103.726 103.726 103.726 103.726 103.726
#CUP_C#
  103.726 103.726 103.726 103.726 111.464 103.726 103.726 103.726 10006.024 10372.574 171.647 407.039 198.215 328.01 328.01 103.726
#CUP_D#
  103.726 103.726 103.726 103.726 103.726 103.726 103.726 245.972 245.972 103.726 103.726 103.726 103.726 103.726 103.726 103.726
#_L_LONG_______#1986 030 01 00 59.936 status LL
#      #
#      #
#CUP_A#
  93.192 58.379 294.699 3.055 264.548 119.882 26.455 274.239 10761.658 10014.498 100.145 867.22 605.172 1335.455 1288.262 2374.811
#CUP_B#
  48.767 255.199 220.993 133.545 165.722 3.055 3.055 3.055 3.055 21318.379 3.055 3.055 3.055 3.055 3.055 3.055
#CUP_C#
  3.167 19.838 3.055 28.429 43.778 40.738 65.032 115.646 10381.358 9660.601 220.993 392.988 237.481 407.384 505.538 340.313
#CUP_D#
  17.179 28.429 3.055 37.91 36.57 3.055 3.055 3.055 45.382 12.883 3.055 12.883 3.055 3.055 3.055 3.055
#_E_SHORT______#1986 030 01 01 18.776 status ES
# E1: 1986 030 01 00 54.656;   E2: 1986 030 01 01 42.656   #
#      #
  220.806 103.726 103.726 103.726 103.726 237.28 220.806 237.28 103.726 138.32 103.726 171.647 103.726 103.726 103.726 237.28 103.726 103.726 103.726 103.726 103.726 103.726 103.726 723.83 103.726 407.039 103.726 649.773
#_L_SHORT______#1986 030 01 01 35.696 status LS
#      #
#      #
#CUP_A#
  103.726 103.726 103.726 103.726 107.525 103.726 205.476 103.726 9652.427 10752.551 103.726 305.236 115.548 698.251 1000.602 103.726
#CUP_B#
  103.726 220.806 103.726 213.003 177.935 103.726 305.236 103.726 103.726 21300.34 103.726 103.726 103.726 103.726 103.726 103.726
#CUP_C#
  103.726 103.726 103.726 103.726 103.726 103.726 103.726 103.726 9311.326 10372.574 143.388 378.779 284.045 213.003 407.039 103.726
#CUP_D#
  103.726 103.726 103.726 103.726 103.726 191.21 103.726 316.418 103.726 148.64 103.726 103.726 103.726 103.726 103.726 103.726
#_E_LONG_______#1986 030 01 01 41.696 status EL
# E1: 1986 030 01 02 05.216;   E2: 1986 030 01 01 17.216   #
#      #
  31.669 5.433 3.055 12.427 3.055 3.055 8.672 39.299 54.326 40.738 13.844 8.366 16.572 4.378 48.767 48.767 72.444 3.055 3.055 96.606 22.909 3.055 54.326 143.509 3.055 3.055 133.545 778.492
#_L_LONG_______#1986 030 01 01 47.936 status LL
#      #
#      #
#CUP_A#
  284.285 178.086 60.517 305.495 165.722 100.145 305.495 80.701 10014.498 10761.658 154.216 750.981 867.22 1115.589 1598.653 264.548
#CUP_B#
  184.61 103.814 111.559 3.055 6.988 30.549 3.055 3.055 25.52 21318.379 3.055 3.055 3.055 3.055 3.055 3.055
#CUP_C#
  50.554 27.424 5.055 5.055 50.554 14.351 3.055 115.646 9319.211 10381.358 138.438 470.44 264.548 422.308 487.673 328.287
#CUP_D#
  27.424 29.47 3.055 3.055 89.899 50.554 3.055 67.415 60.517 3.055 3.055 3.055 12.883 3.055 3.055 3.055
#_L_SHORT______#1986 030 01 02 23.696 status LS
#      #
#      #
#CUP_A#
  103.726 103.726 103.726 103.726 103.726 103.726 128.717 177.935 9311.326 11146.449 274.007 453.431 542.796 1000.602 1433.876 103.726
#CUP_B#
  103.726 103.726 103.726 103.726 103.726 103.726 103.726 103.726 103.726 20547.62 103.726 103.726 103.726 103.726 103.726 103.726
#CUP_C#
  103.726 103.726 103.726 103.726 103.726 103.726 103.726 103.726 8982.279 10372.574 228.895 365.394 213.003 228.895 294.45 103.726
#CUP_D#
  103.726 103.726 103.726 103.726 103.726 103.726 103.726 119.781 103.726 119.781 103.726 103.726 103.726 103.726 103.726 103.726
#_L_LONG_______#1986 030 01 02 35.936 status LL
#      #
#      #
#CUP_A#
  40.738 213.184 237.481 3.055 184.61 60.517 3.055 220.993 9660.601 9660.601 107.617 807.01 724.443 1335.455 1288.262 2374.811
#CUP_B#
  3.055 111.559 3.055 10.762 65.032 11.565 3.055 3.055 3.055 19838.288 3.055 3.055 3.055 3.055 3.055 3.055
#CUP_C#
  3.055 3.055 3.055 10.762 3.055 3.055 43.778 115.646 9319.211 9319.211 198.383 470.44 328.287 392.988 524.058 305.495
#CUP_D#
  8.672 13.355 3.055 3.055 42.231 52.406 3.055 45.382 89.899 3.055 3.055 11.156 47.044 3.055 3.055 3.055
#_E_SHORT______#1986 030 01 02 54.776 status ES
# E1: 1986 030 01 02 30.656;   E2: 1986 030 01 03 18.656   #
#      #
  103.726 103.726 103.726 103.726 103.726 305.236 103.726 245.972 103.726 138.32 103.726 103.726 103.726 103.726 138.32 103.726 254.983 154.085 103.726 103.726 103.726 103.726 103.726 165.581 154.085 284.045 103.726 103.726
#_L_SHORT______#1986 030 01 03 11.696 status LS
#      #
#      #
#CUP_A#
  103.726 103.726 103.726 103.726 103.726 103.726 148.64 103.726 9652.427 10752.551 103.726 177.935 128.717 806.328 1241.685 103.726
#CUP_B#
  103.726 205.476 103.726 103.726 103.726 103.726 148.64 103.726 103.726 21300.34 103.726 103.726 103.726 103.726 103.726 103.726
#CUP_C#
  103.726 107.525 103.726 103.726 103.726 103.726 103.726 111.464 9311.326 10372.574 171.647 294.45 205.476 284.045 437.408 103.726
#CUP_D#
  107.525 103.726 103.726 103.726 103.726 103.726 103.726 143.388 124.169 284.045 184.453 103.726 103.726 103.726 103.726 103.726
#_E_LONG_______#1986 030 01 03 17.696 status EL
# E1: 1986 030 01 03 41.216;   E2: 1986 030 01 02 53.216   #
#      #
  8.672 19.838 3.055 3.055 22.909 19.838 3.055 3.055 34.031 3.055 3.055 30.549 15.422 42.231 14.351 29.47 124.274 3.055 3.055 20.565 50.554 3.657 3.055 220.993 3.055 3.055 205.65 836.574
#_L_LONG_______#1986 030 01 03 23.936 status LL
#      #
#      #
#CUP_A#
  305.495 229.089 148.766 305.495 171.792 133.545 205.65 133.545 9660.601 10381.358 246.181 563.157 836.574 1076.166 1435.09 2290.889
#CUP_B#
  3.055 3.055 83.657 3.055 3.055 37.91 3.055 3.055 3.055 20565.022 3.055 3.055 3.055 3.055 3.055 3.055
#CUP_C#
  23.748 3.055 21.318 3.055 29.47 18.461 3.055 213.184 9319.211 10014.498 205.65 379.1 340.313 453.815 437.778 305.495
#CUP_D#
  3.055 3.055 10.762 3.055 24.618 11.565 3.055 3.055 54.326 17.179 3.055 3.055 20.565 3.055 3.055 3.055
#_M____________#1986 030 01 03 58.496 status ML
#      #
#      #
#CUP_A#
  77.849 30.549 124.274 30.549 165.722 30.549 96.606 931.921 154.216 184.61 30.549 93.192 30.549 47.044 48.767 30.549 52.406 30.549 65.032 30.549 30.549 58.379 30.549 30.549 30.549 119.882 30.549 54.326 37.91 30.549 30.549 30.549 48.767 30.549 30.549 30.549 30.549 30.549 30.549 30.549 30.549 30.549 30.549 30.549 30.549 30.549 52.406 30.549 30.549 30.549 30.549 30.549 30.549 30.549 30.549 48.767 30.549 294.699 365.703 274.239 30.549 30.549 30.549 30.549 42.231 43.778 56.316 111.559 205.65 316.686 1983.828 7244.428 8989.885 3929.878 274.239 30.549 30.549 30.549 30.549 30.549 30.549 30.549 30.549 30.549 30.549 30.549 30.549 30.549 30.549 62.734 80.701 58.379 30.549 30.549 52.406 30.549 30.549 30.549 30.549 30.549 143.509 93.192 111.559 171.792 103.814 58.379 30.549 1435.09 246.181 103.814 154.216 93.192 107.617 111.559 184.61 165.722 198.383 198.383 237.481 274.239 184.61 159.865 133.545 365.703 340.313 246.181 453.815 487.673
#CUP_B#
  30.549 36.57 30.549 30.549 62.734 30.549 35.278 30.549 674.146 30.549 30.549 124.274 30.549 30.549 30.549 30.549 30.549 30.549 58.379 30.549 75.098 30.549 30.549 30.549 30.549 30.549 30.549 30.549 30.549 30.549 30.549 32.829 30.549 30.549 30.549 30.549 30.549 30.549 30.549 30.549 30.549 93.192 30.549 30.549 30.549 30.549 30.549 60.517 30.549 30.549 30.549 30.549 30.549 30.549 30.549 30.549 30.549 1780.857 138.438 30.549 30.549 30.549 30.549 30.549 30.549 30.549 30.549 30.549 30.549 30.549 30.549 89.899 1076.166 6051.724 10014.497 5240.577 724.443 62.734 30.549 30.549 30.549 30.549 30.549 30.549 30.549 30.549 30.549 30.549 30.549 30.549 30.549 30.549 30.549 30.549 30.549 30.549 30.549 30.549 30.549 30.549 30.549 30.549 30.549 30.549 30.549 30.549 30.549 8672.197 30.549 30.549 30.549 30.549 30.549 30.549 30.549 30.549 30.549 30.549 30.549 30.549 30.549 30.549 30.549 30.549 30.549 30.549 30.549 30.549
#CUP_C#
  34.031 30.549 72.444 30.549 39.299 30.549 30.549 30.549 213.184 30.549 30.549 30.549 30.549 47.044 50.554 42.231 30.549 30.549 67.415 30.549 30.549 72.444 30.549 30.549 37.91 30.549 30.549 30.549 30.549 30.549 30.549 30.549 30.549 62.734 30.549 30.549 30.549 30.549 30.549 30.549 30.549 30.549 30.549 30.549 30.549 30.549 30.549 30.549 30.549 30.549 47.044 30.549 30.549 30.549 35.278 31.669 30.549 171.792 67.415 30.549 30.549 30.549 50.554 40.738 30.549 54.326 30.549 119.882 171.792 255.199 1657.216 6051.724 8365.735 4223.078 563.156 103.814 30.549 45.382 30.549 30.549 30.549 30.549 45.382 30.549 30.549 30.549 30.549 35.278 42.231 47.044 89.899 86.722 30.549 56.316 30.549 48.767 30.549 30.549 30.549 83.657 30.549 30.549 67.415 35.278 30.549 30.549 89.899 931.921 30.549 80.701 45.382 30.549 30.549 86.722 30.549 56.316 30.549 30.549 30.549 34.031 30.549 43.778 47.044 220.993 30.549 30.549 30.549 30.549
#CUP_D#
  69.884 30.549 30.549 30.549 58.379 30.549 30.549 30.549 30.549 30.549 30.549 75.098 30.549 30.549 35.278 30.549 30.549 58.379 72.444 30.549 30.549 30.549 30.549 30.549 30.549 30.549 30.549 30.549 30.549 30.549 30.549 30.549 40.738 30.549 30.549 30.549 30.549 30.549 30.549 30.549 30.549 30.549 69.884 30.549 40.738 30.549 30.549 30.549 30.549 30.549 30.549 30.549 30.549 30.549 30.549 30.549 30.549 30.549 284.285 159.865 30.549 30.549 30.549 65.032 30.549 30.549 30.549 31.669 67.415 30.549 30.549 30.549 54.326 30.549 30.549 45.382 30.549 30.549 58.379 34.031 30.549 30.549 30.549 34.031 30.549 30.549 35.278 30.549 30.549 30.549 30.549 30.549 30.549 30.549 30.549 34.031 30.549 30.549 30.549 30.549 30.549 30.549 30.549 30.549 30.549 30.549 39.299 30.549 30.549 284.285 30.549 86.722 60.517 35.278 30.549 30.549 30.549 30.549 77.849 39.299 30.549 30.549 30.549 30.549 30.549 30.549 30.549 30.549
#_L_LONG_______#1986 030 01 06 03.296 status LL
#      #
#      #
#CUP_A#
  47.044 3.055 20.565 3.055 40.738 3.055 29.47 138.438 8672.198 12427.368 171.792 674.146 698.842 1076.166 1335.455 2209.933
#CUP_B#
  119.882 93.192 6.052 3.055 47.044 3.055 3.055 3.055 3.055 22099.334 3.055 3.055 3.055 3.055 3.055 3.055
#CUP_C#
  3.055 3.055 29.47 3.055 22.099 26.455 43.778 107.617 7244.429 12882.619 171.792 392.988 305.495 379.1 487.673 305.495
#CUP_D#
  3.055 35.278 3.055 37.91 6.741 3.055 3.055 3.055 77.849 3.055 6.503 4.877 3.055 3.055 3.055 3.055
#_L_SHORT______#1986 030 01 06 23.696 status LS
#      #
#      #
#CUP_A#
  103.726 228.895 421.95 392.655 111.464 103.726 103.726 103.726 7503.459 12871.718 103.726 154.085 505.111 1075.255 866.486 103.726
#CUP_B#
  604.66 604.66 103.726 103.726 103.726 487.261 365.394 103.726 103.726 21300.34 103.726 103.726 103.726 103.726 103.726 103.726
#CUP_C#
  103.726 103.726 103.726 103.726 115.548 103.726 103.726 103.726 6735.759 13832.049 184.453 205.476 284.045 205.476 316.418 103.726
#CUP_D#
  103.726 205.476 294.45 264.324 254.983 165.581 103.726 103.726 103.726 103.726 103.726 103.726 103.726 103.726 103.726 103.726
#_L_LONG_______#1986 030 01 06 35.936 status LL
#      #
#      #
#CUP_A#
  15.422 35.278 305.495 3.055 229.089 264.548 7.785 294.699 7244.429 13843.764 60.517 750.981 264.548 1384.376 1288.262 255.199
#CUP_B#
  3.055 184.61 213.184 56.316 111.559 48.767 43.778 3.055 3.055 21318.379 3.055 3.055 3.055 3.055 3.055 3.055
#CUP_C#
  26.455 3.055 3.055 3.055 26.455 3.055 19.137 80.701 6741.463 13843.764 165.722 437.778 294.699 379.1 487.673 365.703
#CUP_D#
  3.055 80.701 8.672 3.055 8.99 86.722 3.055 3.055 31.669 12.883 3.055 3.055 12.883 3.055 3.055 3.055
#_E_SHORT______#1986 030 01 06 54.776 status ES
# E1: 1986 030 01 06 30.656;   E2: 1986 030 01 07 18.656   #
#      #
  103.726 119.781 103.726 171.647 103.726 198.215 103.726 128.717 284.045 103.726 245.972 103.726 107.525 103.726 103.726 103.726 171.647 103.726 103.726 103.726 103.726 103.726 103.726 453.431 103.726 237.28 103.726 407.039
#_L_SHORT______#1986 030 01 07 11.696 status LS
#      #
#      #
#CUP_A#
  103.726 103.726 103.726 103.726 103.726 103.726 171.647 103.726 6982.509 12416.853 103.726 138.32 103.726 626.811 1075.255 103.726
#CUP_B#
  103.726 198.215 103.726 103.726 103.726 103.726 103.726 103.726 103.726 19821.501 103.726 103.726 103.726 103.726 103.726 103.726
#CUP_C#
  103.726 103.726 103.726 103.726 103.726 103.726 103.726 103.726 6046.604 12871.718 128.717 437.408 274.007 305.236 352.482 103.726
#CUP_D#
  138.32 103.726 103.726 103.726 103.726 103.726 103.726 198.215 171.647 154.085 213.003 103.726 103.726 103.726 103.726 103.726
#_E_LONG_______#1986 030 01 07 17.696 status EL
# E1: 1986 030 01 07 41.216;   E2: 1986 030 01 06 53.216   #
#      #
  3.055 13.844 26.455 13.355 3.055 30.549 3.055 28.429 35.278 24.618 24.618 3.055 3.055 8.366 39.299 3.055 178.086 34.031 3.055 138.438 93.192 3.055 22.099 159.865 3.055 3.055 184.61 867.22
#_L_LONG_______#1986 030 01 07 23.936 status LL
#      #
#      #
#CUP_A#
  103.814 305.495 159.865 143.509 89.899 165.722 284.285 28.429 7244.429 12427.368 178.086 524.058 931.921 931.921 1335.455 2461.808
#CUP_B#
  3.055 100.145 3.528 45.382 8.99 25.52 3.055 3.055 3.055 19838.288 3.055 3.055 3.055 3.055 3.055 3.055
#CUP_C#
  50.554 3.055 9.319 69.884 47.044 69.884 3.055 128.826 6503.231 12882.619 198.383 284.285 220.993 392.988 487.673 328.287
#CUP_D#
  3.055 83.657 10.014 67.415 77.849 69.884 3.055 3.055 111.559 72.444 20.565 58.379 3.055 3.055 3.055 3.055
#_L_SHORT______#1986 030 01 07 59.696 status LS
#      #
#      #
#CUP_A#
  103.726 103.726 103.726 138.32 171.647 205.476 264.324 228.895 7503.459 12416.853 294.45 305.236 604.66 866.486 1287.172 103.726
#CUP_B#
  103.726 103.726 103.726 103.726 103.726 103.726 103.726 103.726 103.726 19821.501 103.726 103.726 103.726 103.726 103.726 103.726
#CUP_C#
  103.726 103.726 103.726 103.726 103.726 103.726 103.726 103.726 6497.728 12416.853 198.215 316.418 305.236 154.085 407.039 103.726
#CUP_D#
  103.726 103.726 103.726 103.726 103.726 103.726 103.726 103.726 103.726 154.085 111.464 124.169 103.726 103.726 103.726 103.726
#_L_LONG_______#1986 030 01 08 11.936 status LL
#      #
#      #
#CUP_A#
  205.65 9.661 237.481 119.882 50.554 305.495 3.055 294.699 7509.814 11988.205 294.699 294.699 1001.45 1076.166 198.383 2551.991
#CUP_B#
  103.814 133.545 184.61 17.809 237.481 159.865 3.055 3.055 3.055 19838.288 3.055 3.055 3.055 3.055 3.055 3.055
#CUP_C#
  3.055 23.748 4.223 35.278 31.669 39.299 40.738 75.098 6741.463 11988.205 154.216 379.1 264.548 470.44 487.673 340.313
#CUP_D#
  3.055 54.326 15.987 3.055 107.617 56.316 3.055 45.382 80.701 3.055 3.055 15.422 19.838 3.055 3.055 3.055
#_L_SHORT______#1986 030 01 09 35.696 status LS
#      #
#      #
#CUP_A#
  103.726 103.726 103.726 103.726 191.21 115.548 237.28 228.895 7238.299 11978.061 254.983 437.408 604.66 931.132 1287.172 103.726
#CUP_B#
  103.726 103.726 103.726 103.726 103.726 103.726 103.726 103.726 103.726 19121.041 103.726 103.726 103.726 103.726 103.726 103.726
#CUP_C#
  103.726 107.525 103.726 103.726 103.726 103.726 103.726 148.64 6268.109 11978.061 159.73 340.025 264.324 284.045 352.482 103.726
#CUP_D#
  103.726 103.726 103.726 103.726 103.726 103.726 103.726 124.169 103.726 103.726 119.781 103.726 103.726 103.726 103.726 103.726
#_L_LONG_______#1986 030 01 09 47.936 status LL
#      #
#      #
#CUP_A#
  229.089 86.722 133.545 205.65 3.055 305.495 50.554 205.65 7244.429 11564.562 583.787 264.548 1038.136 898.988 294.699 2290.889
#CUP_B#
  171.792 15.422 39.299 3.055 3.055 100.145 3.055 3.055 3.055 19137.235 3.055 3.055 3.055 3.055 3.055 3.055
#CUP_C#
  16.572 3.055 3.055 11.988 30.549 52.406 26.455 143.509 6273.417 11988.205 178.086 392.988 316.686 392.988 487.673 305.495
#CUP_D#
  75.098 65.032 3.055 3.055 48.767 45.382 3.055 93.192 20.565 3.055 3.055 52.406 3.055 3.055 3.055 3.055
#_E_SHORT______#1986 030 01 10 06.776 status ES
# E1: 1986 030 01 09 42.656;   E2: 1986 030 01 10 30.656   #
#      #
  103.726 103.726 103.726 103.726 103.726 103.726 274.007 159.73 111.464 103.726 103.726 103.726 111.464 103.726 103.726 220.806 103.726 103.726 103.726 103.726 103.726 103.726 103.726 103.726 103.726 103.726 103.726 128.717
#_L_SHORT______#1986 030 01 10 23.696 status LS
#      #
#      #
#CUP_A#
  103.726 103.726 103.726 103.726 103.726 103.726 274.007 159.73 6982.509 12871.718 103.726 103.726 148.64 604.66 1037.257 103.726
#CUP_B#
  103.726 274.007 103.726 103.726 103.726 103.726 245.972 103.726 103.726 19821.501 103.726 103.726 103.726 103.726 103.726 103.726
#CUP_C#
  103.726 103.726 103.726 103.726 154.085 103.726 124.169 128.717 6268.109 12871.718 198.215 274.007 340.025 198.215 437.408 103.726
#CUP_D#
  103.726 103.726 103.726 103.726 103.726 103.726 103.726 159.73 115.548 111.464 177.935 128.717 103.726 103.726 103.726 103.726
#_E_LONG_______#1986 030 01 10 29.696 status EL
# E1: 1986 030 01 10 53.216;   E2: 1986 030 01 10 05.216   #
#      #
  20.565 45.382 15.987 24.618 3.055 4.378 4.074 8.99 77.849 47.044 3.055 3.055 3.055 3.055 3.055 3.055 148.766 3.055 3.055 124.274 3.055 3.055 48.767 72.444 3.055 3.055 184.61 867.22
#_L_LONG_______#1986 030 01 10 35.936 status LL
#      #
#      #
#CUP_A#
  191.372 220.993 305.495 103.814 205.65 40.738 75.098 264.548 7244.429 12427.368 77.849 724.443 724.443 1156.456 1384.376 2290.889
#CUP_B#
  3.055 316.686 54.326 3.055 3.055 3.055 3.055 3.055 3.055 19838.288 3.055 3.055 3.055 3.055 3.055 3.055
#CUP_C#
  77.849 60.517 3.055 37.91 60.517 23.748 39.299 45.382 6741.463 11988.205 205.65 352.78 284.285 422.308 487.673 328.287
#CUP_D#
  3.055 22.909 3.055 3.055 37.91 3.055 3.055 24.618 60.517 18.461 3.055 22.099 3.055 3.055 3.055 3.055
#_L_SHORT______#1986 030 01 11 11.696 status LS
#      #
#      #
#CUP_A#
  103.726 103.726 103.726 103.726 103.726 103.726 103.726 103.726 103.726 103.726 103.726 340.025 453.431 898.228 1334.325 103.726
#CUP_B#
  103.726 103.726 103.726 103.726 103.726 103.726 103.726 103.726 103.726 103.726 103.726 103.726 103.726 103.726 103.726 103.726
#CUP_C#
  103.726 103.726 103.726 103.726 103.726 103.726 103.726 103.726 103.726 103.726 138.32 294.45 316.418 220.806 437.408 103.726
#CUP_D#
  103.726 103.726 103.726 103.726 103.726 103.726 103.726 103.726 103.726 103.726 103.726 103.726 128.717 103.726 103.726 103.726
#_L_LONG_______#1986 030 01 11 23.936 status LL
#      #
#      #
#CUP_A#
  264.548 3.055 72.444 220.993 9.319 246.181 83.657 246.181 7509.814 12427.368 605.172 524.058 931.921 931.921 1487.662 2374.811
#CUP_B#
  65.032 3.055 62.734 39.299 72.444 93.192 3.055 3.055 3.055 20565.022 3.055 3.055 3.055 3.055 3.055 3.055
#CUP_C#
  17.809 25.52 32.829 3.055 65.032 36.57 26.455 75.098 6988.423 12427.368 128.826 352.78 316.686 437.778 470.44 305.495
#CUP_D#
  18.461 3.055 5.241 3.055 12.883 3.055 3.055 3.528 3.055 3.055 3.055 3.055 3.055 3.055 3.055 3.055
#_E_SHORT______#1986 030 01 11 42.775 status ES
# E1: 1986 030 01 11 18.656;   E2: 1986 030 01 12 06.655   #
#      #
  103.726 103.726 103.726 103.726 103.726 191.21 103.726 264.324 103.726 103.726 103.726 103.726 103.726 103.726 103.726 103.726 103.726 103.726 103.726 103.726 103.726 165.581 103.726 103.726 103.726 103.726 103.726 103.726
#_L_SHORT______#1986 030 01 11 59.695 status LS
#      #
#      #
#CUP_A#
  103.726 103.726 103.726 103.726 138.32 103.726 254.983 103.726 7503.459 11978.061 103.726 103.726 103.726 604.66 1000.602 103.726
#CUP_B#
  103.726 191.21 103.726 103.726 213.003 205.476 171.647 103.726 103.726 19821.501 103.726 103.726 103.726 103.726 103.726 103.726
#CUP_C#
  103.726 103.726 103.726 103.726 103.726 103.726 107.525 159.73 6982.509 11978.061 184.453 328.01 274.007 294.45 340.025 103.726
#CUP_D#
  103.726 103.726 103.726 103.726 103.726 284.045 119.781 245.972 103.726 159.73 103.726 103.726 103.726 103.726 103.726 103.726
#_E_LONG_______#1986 030 01 12 05.695 status EL
# E1: 1986 030 01 12 29.215;   E2: 1986 030 01 11 41.216   #
#      #
  3.055 58.379 3.055 22.099 52.406 27.424 3.055 3.055 40.738 3.055 7.244 32.829 67.415 13.844 3.055 30.549 159.865 3.055 3.055 111.559 3.055 18.461 56.316 96.606 3.055 3.055 205.65 807.01
#_L_LONG_______#1986 030 01 12 11.935 status LL
#      #
#      #
#CUP_A#
  198.383 111.559 305.495 159.865 143.509 3.055 154.216 284.285 7784.92 12427.368 96.606 724.443 674.146 1038.136 1335.455 2209.933
#CUP_B#
  3.055 77.849 19.137 40.738 143.509 3.055 3.055 3.055 3.055 20565.022 3.055 3.055 3.055 3.055 3.055 3.055
#CUP_C#
  58.379 60.517 17.179 3.055 22.909 3.055 25.52 119.882 7244.429 11988.205 229.089 328.287 274.239 422.308 543.255 340.313
#CUP_D#
  3.055 10.014 3.055 17.179 8.07 3.055 3.055 3.055 12.427 14.351 3.055 21.318 3.055 3.055 3.055 3.055
#_L_SHORT______#1986 030 01 12 47.695 status LS
#      #
#      #
#CUP_A#
  103.726 103.726 103.726 184.453 305.236 274.007 245.972 245.972 6982.509 12871.718 103.726 237.28 365.394 866.486 1241.685 103.726
#CUP_B#
  103.726 103.726 103.726 103.726 103.726 103.726 103.726 103.726 103.726 19821.501 103.726 103.726 103.726 103.726 103.726 103.726
#CUP_C#
  103.726 103.726 103.726 103.726 128.717 138.32 115.548 103.726 5832.927 13343.247 177.935 316.418 328.01 148.64 407.039 103.726
#CUP_D#
  103.726 103.726 103.726 103.726 103.726 138.32 159.73 254.983 103.726 103.726 103.726 103.726 103.726 103.726 103.726 103.726
#_L_LONG_______#1986 030 01 12 59.935 status LL
#      #
#      #
#CUP_A#
  138.438 20.565 69.884 138.438 3.055 220.993 31.669 264.548 7244.429 11988.205 487.673 543.255 867.22 898.988 1335.455 2290.889
#CUP_B#
  128.826 3.055 115.646 72.444 60.517 111.559 3.055 3.055 3.055 19838.288 3.055 3.055 3.055 3.055 3.055 3.055
#CUP_C#
  3.055 3.055 3.055 30.549 50.554 3.055 62.734 100.145 6741.463 11988.205 159.865 352.78 305.495 437.778 487.673 316.686
#CUP_D#
  9.319 5.433 3.055 14.877 3.055 15.987 3.055 8.99 5.632 3.055 3.403 3.055 3.055 4.378 3.055 3.055
#_E_SHORT______#1986 030 01 13 18.775 status ES
# E1: 1986 030 01 12 54.655;   E2: 1986 030 01 13 42.655   #
#      #
  103.726 171.647 103.726 103.726 103.726 198.215 228.895 103.726 103.726 103.726 103.726 103.726 103.726 103.726 177.935 103.726 103.726 103.726 103.726 103.726 103.726 177.935 128.717 103.726 103.726 103.726 103.726 103.726
#_L_SHORT______#1986 030 01 13 35.695 status LS
#      #
#      #
#CUP_A#
  103.726 103.726 103.726 103.726 254.983 103.726 184.453 103.726 7503.459 12416.853 103.726 103.726 103.726 583.293 931.132 103.726
#CUP_B#
  103.726 148.64 103.726 205.476 245.972 154.085 274.007 103.726 103.726 20547.62 103.726 103.726 103.726 103.726 103.726 103.726
#CUP_C#
  103.726 103.726 103.726 103.726 103.726 103.726 103.726 103.726 6982.509 12416.853 103.726 245.972 205.476 228.895 378.779 103.726
#CUP_D#
  103.726 103.726 103.726 103.726 103.726 213.003 138.32 171.647 103.726 124.169 103.726 103.726 103.726 103.726 103.726 103.726
#_E_LONG_______#1986 030 01 13 41.695 status EL
# E1: 1986 030 01 14 05.215;   E2: 1986 030 01 13 17.215   #
#      #
  12.883 32.829 36.57 8.99 18.461 42.231 3.283 11.156 45.382 48.767 21.318 48.767 36.57 3.055 28.429 19.137 107.617 3.055 3.055 100.145 18.461 40.738 80.701 143.509 3.055 3.055 159.865 778.492
#_L_LONG_______#1986 030 01 13 47.935 status LL
#      #
#      #
#CUP_A#
  305.495 34.031 305.495 198.383 128.826 213.184 42.231 264.548 7244.429 12427.368 305.495 627.342 674.146 1115.589 229.089 2374.811
#CUP_B#
  3.055 138.438 274.239 15.987 3.055 3.055 3.055 3.055 3.055 20565.022 3.055 3.055 3.055 3.055 3.055 3.055
#CUP_C#
  86.722 67.415 3.055 27.424 54.326 75.098 3.055 96.606 6988.423 11988.205 165.722 392.988 316.686 379.1 453.815 328.287
#CUP_D#
  3.055 13.355 3.528 12.427 3.055 15.422 3.055 7.785 3.055 3.055 3.055 4.074 3.055 19.137 3.055 3.055
#_L_SHORT______#1986 030 01 14 23.695 status LS
#      #
#      #
#CUP_A#
  103.726 103.726 103.726 191.21 316.418 284.045 365.394 352.482 7238.299 12871.718 103.726 148.64 437.408 931.132 1334.325 103.726
#CUP_B#
  103.726 103.726 103.726 103.726 103.726 103.726 103.726 103.726 103.726 20547.62 103.726 103.726 103.726 103.726 103.726 103.726
#CUP_C#
  103.726 103.726 103.726 103.726 103.726 103.726 103.726 103.726 6982.509 12416.853 111.464 340.025 392.655 205.476 453.431 103.726
#CUP_D#
  103.726 103.726 103.726 103.726 103.726 103.726 228.895 138.32 103.726 103.726 103.726 103.726 103.726 103.726 103.726 103.726
#_L_LONG_______#1986 030 01 14 35.935 status LL
#      #
#      #
#CUP_A#
  191.372 17.809 72.444 93.192 37.91 205.65 52.406 148.766 7509.814 12427.368 453.815 505.538 931.921 1001.45 1435.09 2209.933
#CUP_B#
  65.032 3.055 96.606 9.661 3.055 67.415 3.055 3.055 3.055 20565.022 3.055 3.055 3.055 3.055 3.055 3.055
#CUP_C#
  19.137 60.517 3.055 13.355 27.424 60.517 12.883 60.517 6988.423 11988.205 165.722 379.1 316.686 437.778 453.815 379.1
#CUP_D#
  58.379 40.738 3.055 3.055 115.646 29.47 3.055 3.055 77.849 3.055 14.877 11.565 3.055 3.055 3.055 3.055
#_E_SHORT______#1986 030 01 14 54.775 status ES
# E1: 1986 030 01 14 30.655;   E2: 1986 030 01 15 18.655   #
#      #
  103.726 103.726 124.169 103.726 103.726 103.726 274.007 103.726 103.726 103.726 103.726 143.388 103.726 198.215 103.726 177.935 723.83 133.432 103.726 103.726 103.726 103.726 103.726 103.726 316.418 604.66 284.045 103.726
#_L_SHORT______#1986 030 01 15 11.695 status LS
#      #
#      #
#CUP_A#
  103.726 103.726 103.726 103.726 103.726 103.726 213.003 103.726 7503.459 12416.853 103.726 171.647 184.453 673.576 1037.257 103.726
#CUP_B#
  103.726 316.418 103.726 124.169 103.726 103.726 245.972 103.726 103.726 19821.501 103.726 103.726 103.726 103.726 103.726 103.726
#CUP_C#
  103.726 103.726 103.726 103.726 133.432 103.726 111.464 103.726 7503.459 11554.776 138.32 407.039 154.085 254.983 365.394 103.726
#CUP_D#
  103.726 103.726 103.726 103.726 103.726 103.726 103.726 171.647 165.581 177.935 128.717 103.726 103.726 103.726 103.726 103.726
#_E_LONG_______#1986 030 01 15 17.695 status EL
# E1: 1986 030 01 15 41.215;   E2: 1986 030 01 14 53.215   #
#      #
  3.055 13.355 3.055 30.549 86.722 30.549 37.91 35.278 22.099 3.055 5.632 75.098 3.055 3.055 11.565 3.055 86.722 3.055 3.055 60.517 89.899 15.987 3.055 148.766 23.748 11.156 159.865 778.492
#_L_LONG_______#1986 030 01 15 23.935 status LL
#      #
#      #
#CUP_A#
  305.495 107.617 178.086 305.495 133.545 213.184 213.184 62.734 7509.814 12427.368 505.538 229.089 1001.45 274.239 1598.653 284.285
#CUP_B#
  3.055 3.055 138.438 8.99 20.565 35.278 3.055 3.055 3.055 20565.022 3.055 3.055 3.055 3.055 3.055 3.055
#CUP_C#
  107.617 42.231 31.669 5.055 16.572 54.326 43.778 115.646 6988.423 11988.205 213.184 352.78 284.285 437.778 487.673 340.313
#CUP_D#
  77.849 26.455 19.838 29.47 13.355 35.278 3.055 19.838 4.704 40.738 3.055 3.791 18.461 3.055 3.055 3.055
#_M____________#1986 030 01 15 58.495 status ML
#      #
#      #
#CUP_A#
  30.549 30.549 30.549 30.549 143.509 30.549 80.701 966.06 328.287 229.089 30.549 47.044 30.549 30.549 124.274 30.549 54.326 40.738 30.549 36.57 30.549 52.406 30.549 30.549 75.098 30.549 45.382 30.549 30.549 30.549 30.549 119.882 30.549 30.549 30.549 30.549 30.549 30.549 30.549 30.549 30.549 39.299 30.549 30.549 30.549 30.549 35.278 30.549 30.549 30.549 30.549 30.549 30.549 30.549 30.549 30.549 30.549 1384.376 583.787 50.554 30.549 30.549 47.044 35.278 30.549 83.657 30.549 89.899 96.606 229.089 1435.09 6503.23 8989.885 4073.841 328.287 30.549 30.549 30.549 30.549 30.549 30.549 30.549 30.549 30.549 30.549 32.829 30.549 30.549 30.549 30.549 77.849 31.669 47.044 36.57 36.57 30.549 30.549 30.549 30.549 30.549 93.192 133.545 119.882 159.865 69.884 80.701 30.549 2209.933 30.549 148.766 30.549 159.865 83.657 119.882 107.617 237.481 220.993 191.372 213.184 255.199 213.184 138.438 213.184 453.815 328.287 205.65 437.778 453.815
#CUP_B#
  30.549 30.549 30.549 30.549 35.278 30.549 30.549 1657.216 30.549 30.549 30.549 30.549 30.549 30.549 42.231 30.549 30.549 30.549 30.549 72.444 30.549 35.278 30.549 36.57 30.549 30.549 30.549 30.549 30.549 30.549 30.549 30.549 30.549 30.549 30.549 30.549 30.549 86.722 30.549 30.549 30.549 30.549 30.549 30.549 30.549 30.549 30.549 30.549 30.549 30.549 30.549 30.549 30.549 30.549 30.549 30.549 30.549 1598.653 255.199 30.549 30.549 30.549 30.549 30.549 30.549 30.549 30.549 30.549 30.549 30.549 30.549 39.299 931.921 5837.866 9660.601 4876.735 674.146 143.509 77.849 30.549 30.549 30.549 30.549 30.549 30.549 30.549 30.549 30.549 30.549 30.549 30.549 30.549 30.549 30.549 30.549 30.549 30.549 30.549 30.549 30.549 30.549 30.549 30.549 30.549 30.549 30.549 30.549 30.549 1198.82 30.549 30.549 30.549 30.549 30.549 30.549 30.549 30.549 30.549 30.549 30.549 30.549 30.549 30.549 30.549 30.549 30.549 30.549 30.549
#CUP_C#
  48.767 32.829 40.738 30.549 30.549 30.549 30.549 487.673 352.78 30.549 30.549 30.549 30.549 30.549 30.549 30.549 30.549 34.031 30.549 67.415 30.549 36.57 35.278 30.549 30.549 30.549 52.406 30.549 48.767 30.549 50.554 30.549 30.549 30.549 30.549 30.549 30.549 30.549 30.549 30.549 30.549 30.549 30.549 30.549 40.738 52.406 58.379 39.299 40.738 30.549 30.549 40.738 30.549 45.382 30.549 30.549 30.549 750.981 72.444 30.549 30.549 30.549 54.326 36.57 35.278 54.326 115.646 86.722 154.216 340.313 1657.216 6051.724 8070.104 3657.035 505.538 124.274 86.722 67.415 30.549 30.549 30.549 30.549 42.231 30.549 30.549 30.549 30.549 30.549 36.57 86.722 56.316 34.031 56.316 58.379 30.549 30.549 30.549 86.722 58.379 56.316 30.549 56.316 30.549 60.517 39.299 30.549 89.899 30.549 30.549 56.316 96.606 47.044 37.91 69.884 30.549 30.549 30.549 30.549 72.444 56.316 67.415 60.517 52.406 213.184 30.549 30.549 30.549 30.549
#CUP_D#
  89.899 43.778 30.549 72.444 47.044 30.549 62.734 30.549 30.549 30.549 30.549 143.509 77.849 52.406 30.549 30.549 30.549 96.606 80.701 30.549 30.549 30.549 83.657 30.549 30.549 30.549 30.549 43.778 103.814 30.549 30.549 30.549 30.549 62.734 30.549 30.549 30.549 30.549 30.549 30.549 30.549 30.549 30.549 30.549 30.549 30.549 30.549 30.549 35.278 30.549 30.549 30.549 30.549 30.549 30.549 30.549 30.549 30.549 30.549 31.669 30.549 30.549 103.814 77.849 30.549 30.549 30.549 54.326 83.657 30.549 30.549 30.549 62.734 69.884 30.549 30.549 30.549 30.549 40.738 30.549 30.549 30.549 39.299 30.549 42.231 30.549 30.549 30.549 30.549 30.549 30.549 30.549 30.549 30.549 34.031 30.549 30.549 56.316 30.549 30.549 30.549 30.549 30.549 30.549 30.549 30.549 30.549 165.722 246.181 69.884 30.549 30.549 30.549 86.722 30.549 30.549 30.549 30.549 65.032 30.549 30.549 30.549 30.549 30.549 43.778 30.549 30.549 30.549
#_L_LONG_______#1986 030 01 18 03.295 status LL
#      #
#      #
#CUP_A#
  83.657 3.055 9.661 3.055 67.415 3.055 8.366 111.559 7244.429 12882.619 191.372 698.842 750.981 1156.456 1335.455 2290.889
#CUP_B#
  75.098 119.882 5.838 11.156 14.351 3.055 3.055 3.055 3.055 20565.022 3.055 3.055 3.055 3.055 3.055 3.055
#CUP_C#
  3.055 3.055 4.877 31.669 3.055 10.381 12.427 56.316 6988.423 11988.205 237.481 365.703 294.699 392.988 487.673 316.686
#CUP_D#
  3.93 3.055 3.055 5.433 12.883 3.055 3.055 29.47 14.351 15.987 3.055 24.618 3.055 3.055 3.055 3.055
#_L_SHORT______#1986 030 01 18 23.695 status LS
#      #
#      #
#CUP_A#
  159.73 328.01 237.28 274.007 103.726 103.726 103.726 103.726 6497.728 12416.853 103.726 103.726 542.796 965.243 1114.645 103.726
#CUP_B#
  626.811 505.111 103.726 103.726 103.726 392.655 328.01 103.726 103.726 19821.501 103.726 103.726 103.726 103.726 103.726 103.726
#CUP_C#
  128.717 103.726 103.726 103.726 103.726 148.64 103.726 103.726 6735.759 12416.853 171.647 237.28 294.45 177.935 487.261 103.726
#CUP_D#
  237.28 205.476 378.779 352.482 143.388 103.726 103.726 103.726 103.726 103.726 103.726 103.726 103.726 103.726 103.726 103.726
#_L_LONG_______#1986 030 01 18 35.935 status LL
#      #
#      #
#CUP_A#
  40.738 31.669 264.548 3.055 237.481 264.548 3.055 294.699 7244.429 13354.547 138.438 674.146 627.342 1335.455 1288.262 2461.808
#CUP_B#
  50.554 184.61 205.65 93.192 96.606 20.565 47.044 3.055 3.055 20565.022 3.055 3.055 3.055 3.055 3.055 3.055
#CUP_C#
  3.055 3.055 3.055 34.031 8.672 27.424 17.809 60.517 6741.463 12882.619 154.216 437.778 316.686 407.384 505.538 305.495
#CUP_D#
  3.055 18.461 3.055 3.055 3.055 3.055 3.055 3.055 6.741 25.52 3.055 24.618 3.055 3.055 3.055 3.055
#_E_SHORT______#1986 030 01 18 54.775 status ES
# E1: 1986 030 01 18 30.655;   E2: 1986 030 01 19 18.655   #
#      #
  128.717 103.726 191.21 103.726 103.726 103.726 103.726 305.236 103.726 115.548 103.726 133.432 103.726 103.726 103.726 103.726 562.68 198.215 103.726 103.726 103.726 103.726 103.726 604.66 165.581 453.431 284.045 305.236
#_L_SHORT______#1986 030 01 19 11.695 status LS
#      #
#      #
#CUP_A#
  103.726 103.726 103.726 103.726 103.726 103.726 138.32 103.726 7778.333 12416.853 103.726 245.972 103.726 723.83 1000.602 103.726
#CUP_B#
  103.726 184.453 103.726 103.726 103.726 103.726 191.21 103.726 103.726 20547.62 103.726 103.726 103.726 103.726 103.726 103.726
#CUP_C#
  103.726 103.726 103.726 103.726 119.781 103.726 103.726 103.726 6735.759 12871.718 111.464 365.394 245.972 237.28 365.394 103.726
#CUP_D#
  103.726 103.726 103.726 103.726 103.726 103.726 103.726 407.039 213.003 284.045 103.726 103.726 103.726 103.726 103.726 103.726
#_E_LONG_______#1986 030 01 19 17.695 status EL
# E1: 1986 030 01 19 41.215;   E2: 1986 030 01 18 53.215   #
#      #
  3.055 58.379 3.055 3.055 13.844 3.055 47.044 67.415 19.838 3.055 3.055 20.565 26.455 13.844 52.406 58.379 133.545 40.738 3.055 138.438 89.899 3.055 39.299 165.722 3.055 3.055 143.509 807.01
#_L_LONG_______#1986 030 01 19 23.935 status LL
#      #
#      #
#CUP_A#
  274.239 89.899 305.495 205.65 103.814 213.184 3.055 407.384 6988.423 12882.619 305.495 470.44 931.921 1156.456 191.372 2461.808
#CUP_B#
  40.738 264.548 191.372 3.055 103.814 3.055 3.055 3.055 3.055 20565.022 3.055 3.055 3.055 3.055 3.055 3.055
#CUP_C#
  37.91 10.014 3.055 52.406 5.632 67.415 86.722 154.216 6273.417 12882.619 246.181 407.384 294.699 470.44 543.255 316.686
#CUP_D#
  4.074 75.098 65.032 3.055 115.646 36.57 3.055 75.098 89.899 52.406 3.055 35.278 50.554 3.055 3.055 3.055
#_L_SHORT______#1986 030 01 19 59.695 status LS
#      #
#      #
#CUP_A#
  103.726 103.726 103.726 103.726 103.726 103.726 205.476 264.324 7503.459 12416.853 316.418 365.394 542.796 1114.645 1383.205 103.726
#CUP_B#
  103.726 103.726 103.726 103.726 103.726 103.726 103.726 103.726 103.726 19821.501 103.726 103.726 103.726 103.726 103.726 103.726
#CUP_C#
  103.726 103.726 103.726 103.726 103.726 103.726 103.726 103.726 5832.927 12871.718 198.215 205.476 264.324 237.28 378.779 103.726
#CUP_D#
  103.726 103.726 103.726 103.726 103.726 103.726 103.726 220.806 103.726 177.935 133.432 103.726 103.726 103.726 103.726 103.726
#_L_LONG_______#1986 030 01 20 11.935 status LL
#      #
#      #
#CUP_A#
  43.778 119.882 184.61 3.055 133.545 115.646 3.055 143.509 6503.231 11988.205 77.849 778.492 698.842 1156.456 1335.455 2461.808
#CUP_B#
  4.074 107.617 34.031 3.055 159.865 3.055 3.055 3.055 3.055 18460.956 3.055 3.055 3.055 3.055 3.055 3.055
#CUP_C#
  3.055 3.055 3.055 8.99 4.538 86.722 3.055 143.509 5837.866 11988.205 198.383 246.181 237.481 379.1 524.058 365.703
#CUP_D#
  3.055 56.316 3.055 36.57 119.882 39.299 3.055 17.809 93.192 86.722 3.055 3.055 3.055 3.055 3.055 3.055
#_E_SHORT______#1986 030 01 20 30.775 status ES
# E1: 1986 030 01 20 06.655;   E2: 1986 030 01 20 54.655   #
#      #
  274.007 103.726 103.726 103.726 220.806 171.647 294.45 103.726 103.726 148.64 103.726 103.726 103.726 191.21 103.726 245.972 103.726 103.726 103.726 103.726 103.726 103.726 103.726 453.431 184.453 340.025 254.983 421.95
#_L_SHORT______#1986 030 01 20 47.695 status LS
#      #
#      #
#CUP_A#
  103.726 103.726 103.726 103.726 103.726 103.726 124.169 103.726 6497.728 11554.776 103.726 128.717 124.169 835.866 1155.477 103.726
#CUP_B#
  103.726 274.007 103.726 103.726 103.726 103.726 264.324 103.726 103.726 18445.334 103.726 103.726 103.726 103.726 103.726 103.726
#CUP_C#
  103.726 103.726 103.726 103.726 103.726 103.726 107.525 103.726 5832.927 11554.776 124.169 340.025 205.476 171.647 437.408 103.726
#CUP_D#
  184.453 103.726 103.726 103.726 103.726 103.726 103.726 103.726 103.726 245.972 220.806 133.432 103.726 103.726 103.726 103.726
#_E_LONG_______#1986 030 01 20 53.695 status EL
# E1: 1986 030 01 21 17.215;   E2: 1986 030 01 20 29.215   #
#      #
  36.57 3.055 5.055 3.055 3.055 3.055 16.572 13.355 6.052 18.461 18.461 47.044 47.044 13.844 17.179 3.055 80.701 3.055 14.351 15.987 93.192 3.055 32.829 154.216 50.554 3.055 184.61 807.01
#_L_LONG_______#1986 030 01 20 59.935 status LL
#      #
#      #
#CUP_A#
  305.495 80.701 229.089 305.495 165.722 213.184 115.646 220.993 6741.463 10014.498 407.384 213.184 1038.136 867.22 274.239 2374.811
#CUP_B#
  14.351 48.767 143.509 32.829 3.055 40.738 3.055 3.055 3.055 17179.249 3.055 3.055 3.055 3.055 3.055 3.055
#CUP_C#
  69.884 17.179 3.055 23.748 40.738 72.444 24.618 86.722 6051.725 10381.358 191.372 274.239 392.988 437.778 487.673 379.1
#CUP_D#
  3.055 60.517 4.223 3.055 47.044 3.055 3.055 42.231 47.044 3.055 10.381 10.762 34.031 3.055 3.055 3.055
#_L_SHORT______#1986 030 01 21 35.695 status LS
#      #
#      #
#CUP_A#
  103.726 103.726 103.726 103.726 103.726 103.726 254.983 562.68 6982.509 11146.449 228.895 305.236 487.261 1037.257 1383.205 103.726
#CUP_B#
  103.726 103.726 103.726 103.726 103.726 103.726 103.726 103.726 103.726 17793.506 103.726 103.726 103.726 103.726 103.726 103.726
#CUP_C#
  103.726 103.726 103.726 103.726 103.726 124.169 103.726 165.581 6497.728 10372.574 119.781 365.394 316.418 245.972 421.95 103.726
#CUP_D#
  103.726 103.726 103.726 103.726 103.726 103.726 171.647 103.726 237.28 103.726 124.169 103.726 103.726 103.726 103.726 103.726
#_L_LONG_______#1986 030 01 21 47.935 status LL
#      #
#      #
#CUP_A#
  19.838 191.372 138.438 3.055 198.383 42.231 3.055 220.993 7509.814 10761.658 138.438 674.146 807.01 1242.737 1288.262 2374.811
#CUP_B#
  16.572 31.669 3.055 8.366 36.57 24.618 3.055 3.055 3.055 18460.956 3.055 3.055 3.055 3.055 3.055 3.055
#CUP_C#
  3.055 24.618 89.899 50.554 52.406 45.382 83.657 65.032 7244.429 10381.358 198.383 352.78 340.313 453.815 505.538 305.495
#CUP_D#
  3.055 143.509 138.438 30.549 115.646 12.883 3.055 62.734 83.657 3.055 3.055 19.838 3.055 3.055 3.055 3.055
#_E_SHORT______#1986 030 01 22 06.775 status ES
# E1: 1986 030 01 21 42.655;   E2: 1986 030 01 22 30.655   #
#      #
  523.614 103.726 103.726 103.726 103.726 220.806 103.726 198.215 103.726 421.95 103.726 103.726 103.726 237.28 103.726 103.726 305.236 103.726 103.726 103.726 103.726 103.726 128.717 254.983 103.726 316.418 316.418 723.83
#_L_SHORT______#1986 030 01 22 23.695 status LS
#      #
#      #
#CUP_A#
  103.726 103.726 103.726 103.726 103.726 103.726 340.025 103.726 7238.299 11978.061 103.726 103.726 103.726 626.811 1075.255 103.726
#CUP_B#
  103.726 237.28 103.726 191.21 103.726 103.726 245.972 103.726 103.726 19821.501 103.726 103.726 103.726 103.726 103.726 103.726
#CUP_C#
  103.726 103.726 103.726 103.726 103.726 103.726 103.726 103.726 7238.299 11146.449 184.453 352.482 284.045 237.28 437.408 103.726
#CUP_D#
  103.726 103.726 103.726 103.726 103.726 171.647 103.726 294.45 103.726 213.003 103.726 103.726 103.726 103.726 103.726 103.726
#_E_LONG_______#1986 030 01 22 29.695 status EL
# E1: 1986 030 01 22 53.215;   E2: 1986 030 01 22 05.215   #
#      #
  3.055 3.055 22.909 32.829 40.738 3.055 50.554 36.57 6.273 6.052 3.055 12.427 10.014 9.319 17.179 37.91 119.882 3.055 3.055 111.559 36.57 26.455 18.461 213.184 14.351 3.055 133.545 807.01
#_L_LONG_______#1986 030 01 22 35.935 status LL
#      #
#      #
#CUP_A#
  305.495 191.372 191.372 305.495 138.438 165.722 284.285 171.792 7509.814 11155.889 255.199 505.538 867.22 284.285 1598.653 2131.838
#CUP_B#
  86.722 165.722 107.617 3.055 45.382 36.57 3.055 3.055 3.055 19137.235 3.055 3.055 3.055 3.055 3.055 3.055
#CUP_C#
  89.899 3.055 48.767 29.47 30.549 56.316 3.055 75.098 7244.429 10761.658 237.481 328.287 340.313 422.308 583.787 365.703
#CUP_D#
  39.299 75.098 3.055 3.055 42.231 52.406 3.055 83.657 52.406 3.055 39.299 28.429 45.382 3.055 3.055 3.055
#_L_SHORT______#1986 030 01 23 11.695 status LS
#      #
#      #
#CUP_A#
  103.726 103.726 103.726 103.726 103.726 103.726 103.726 228.895 8063.276 11978.061 328.01 378.779 583.293 965.243 1486.403 103.726
#CUP_B#
  103.726 103.726 103.726 103.726 103.726 103.726 103.726 103.726 103.726 19821.501 103.726 103.726 103.726 103.726 103.726 103.726
#CUP_C#
  103.726 103.726 103.726 103.726 103.726 103.726 103.726 103.726 7503.459 11554.776 220.806 421.95 284.045 274.007 340.025 103.726
#CUP_D#
  103.726 103.726 103.726 103.726 103.726 103.726 103.726 274.007 237.28 198.215 103.726 103.726 103.726 103.726 103.726 103.726
#_L_LONG_______#1986 030 01 23 23.935 status LL
#      #
#      #
#CUP_A#
  65.032 229.089 220.993 3.055 198.383 3.055 48.767 138.438 8365.736 11564.562 67.415 836.574 563.157 1198.82 1384.376 284.285
#CUP_B#
  3.055 115.646 10.381 3.055 45.382 3.055 3.055 3.055 3.055 19838.288 3.055 3.055 3.055 3.055 3.055 3.055
#CUP_C#
  3.055 36.57 3.055 58.379 54.326 3.055 11.156 119.882 7784.92 11155.889 198.383 352.78 328.287 437.778 470.44 305.495
#CUP_D#
  11.156 30.549 3.055 3.055 65.032 3.055 4.704 23.748 50.554 3.055 3.055 93.192 3.055 3.055 3.055 3.055
#_E_SHORT______#1986 030 01 23 42.775 status ES
# E1: 1986 030 01 23 18.655;   E2: 1986 030 01 24 06.655   #
#      #
  103.726 103.726 103.726 103.726 103.726 119.781 103.726 264.324 103.726 103.726 103.726 103.726 103.726 103.726 103.726 103.726 103.726 103.726 103.726 103.726 103.726 143.388 103.726 103.726 103.726 103.726 103.726 103.726
#_L_SHORT______#1986 030 01 23 59.695 status LS
#      #
#      #
#CUP_A#
  103.726 103.726 103.726 103.726 138.32 103.726 119.781 103.726 8063.276 11554.776 103.726 138.32 103.726 673.576 931.132 103.726
#CUP_B#
  103.726 143.388 103.726 154.085 103.726 103.726 340.025 103.726 103.726 20547.62 103.726 103.726 103.726 103.726 103.726 103.726
#CUP_C#
  103.726 103.726 103.726 103.726 103.726 103.726 124.169 103.726 7778.333 11146.449 154.085 453.431 184.453 103.726 487.261 103.726
#CUP_D#
  103.726 103.726 103.726 103.726 103.726 159.73 103.726 205.476 103.726 191.21 165.581 103.726 103.726 103.726 103.726 103.726
#_E_LONG_______#1986 030 01 24 05.695 status EL
# E1: 1986 030 01 24 29.215;   E2: 1986 030 01 23 41.215   #
#      #
  3.055 3.055 3.055 3.055 3.055 7.244 3.055 3.055 3.055 13.844 60.517 11.565 30.549 8.99 15.422 34.031 128.826 3.055 3.055 60.517 48.767 3.055 119.882 138.438 3.055 3.055 178.086 807.01
#_L_LONG_______#1986 030 01 24 11.935 status LL
#      #
#      #
#CUP_A#
  305.495 75.098 133.545 305.495 191.372 124.274 128.826 237.481 8070.105 11155.889 563.157 294.699 1001.45 836.574 1435.09 294.699
#CUP_B#
  103.814 3.055 246.181 93.192 21.318 25.52 3.055 3.055 3.055 19838.288 3.055 3.055 3.055 3.055 3.055 3.055
#CUP_C#
  115.646 3.055 8.366 3.055 28.429 27.424 62.734 83.657 7784.92 10761.658 184.61 392.988 284.285 392.988 437.778 328.287
#CUP_D#
  14.351 3.055 8.07 3.055 11.988 3.055 3.055 4.223 22.099 9.661 3.055 3.055 31.669 3.055 3.055 3.055
#_L_SHORT______#1986 030 01 24 47.695 status LS
#      #
#      #
#CUP_A#
  103.726 103.726 103.726 103.726 103.726 111.464 407.039 453.431 7778.333 12416.853 103.726 254.983 407.039 931.132 1334.325 103.726
#CUP_B#
  103.726 103.726 103.726 103.726 103.726 198.215 103.726 103.726 103.726 20547.62 103.726 103.726 103.726 103.726 103.726 103.726
#CUP_C#
  103.726 103.726 103.726 103.726 103.726 103.726 103.726 103.726 7503.459 11978.061 138.32 284.045 254.983 245.972 470.042 103.726
#CUP_D#
  103.726 103.726 103.726 103.726 128.717 205.476 103.726 171.647 103.726 103.726 103.726 103.726 103.726 103.726 103.726 103.726
#_L_LONG_______#1986 030 01 24 59.935 status LL
#      #
#      #
#CUP_A#
  32.829 178.086 50.554 3.055 80.701 3.055 56.316 171.792 7784.92 11988.205 171.792 750.981 674.146 1156.456 1288.262 2209.933
#CUP_B#
  3.055 65.032 3.055 96.606 128.826 3.055 3.055 3.055 3.055 19838.288 3.055 3.055 3.055 3.055 3.055 3.055
#CUP_C#
  14.877 3.055 3.055 20.565 3.055 58.379 43.778 77.849 7509.814 11564.562 191.372 340.313 305.495 407.384 487.673 316.686
#CUP_D#
  13.844 3.055 4.538 3.055 22.909 3.055 3.055 3.055 14.351 3.055 3.055 19.838 3.055 3.055 3.055 3.055
#_E_SHORT______#1986 030 01 25 18.775 status ES
# E1: 1986 030 01 24 54.655;   E2: 1986 030 01 25 42.655   #
#      #
  119.781 103.726 103.726 103.726 103.726 111.464 128.717 143.388 103.726 154.085 103.726 103.726 103.726 103.726 103.726 103.726 103.726 103.726 103.726 103.726 103.726 119.781 103.726 103.726 103.726 103.726 103.726 103.726
#_L_SHORT______#1986 030 01 25 35.695 status LS
#      #
#      #
#CUP_A#
  103.726 103.726 103.726 103.726 294.45 103.726 294.45 103.726 7503.459 11554.776 103.726 103.726 111.464 750.346 1000.602 103.726
#CUP_B#
  103.726 365.394 103.726 191.21 124.169 198.215 365.394 103.726 103.726 19821.501 103.726 103.726 103.726 103.726 103.726 103.726
#CUP_C#
  103.726 103.726 103.726 103.726 103.726 103.726 103.726 128.717 6982.509 11978.061 352.482 340.025 213.003 316.418 453.431 103.726
#CUP_D#
  103.726 103.726 103.726 103.726 103.726 294.45 103.726 171.647 103.726 143.388 103.726 103.726 103.726 103.726 103.726 103.726
#_E_LONG_______#1986 030 01 25 41.695 status EL
# E1: 1986 030 01 26 05.215;   E2: 1986 030 01 25 17.215   #
#      #
  3.055 27.424 3.055 75.098 3.055 6.052 48.767 40.738 7.785 60.517 54.326 40.738 19.137 3.055 17.179 9.661 77.849 3.055 3.055 75.098 3.055 3.055 67.415 128.826 3.055 65.032 184.61 778.492
#_L_LONG_______#1986 030 01 25 47.935 status LL
#      #
#      #
#CUP_A#
  305.495 67.415 246.181 305.495 154.216 165.722 115.646 237.481 7244.429 11988.205 487.673 284.285 1001.45 836.574 237.481 2374.811
#CUP_B#
  43.778 3.055 284.285 48.767 3.055 3.055 3.055 3.055 3.055 19838.288 3.055 3.055 3.055 3.055 3.055 3.055
#CUP_C#
  56.316 39.299 86.722 3.055 3.055 3.055 65.032 148.766 6741.463 11988.205 178.086 379.1 328.287 437.778 505.538 305.495
#CUP_D#
  10.014 3.055 4.538 11.156 14.351 8.07 3.055 3.055 3.055 3.055 3.055 3.055 3.055 3.055 3.055 3.055
#_L_SHORT______#1986 030 01 26 23.695 status LS
#      #
#      #
#CUP_A#
  103.726 103.726 103.726 103.726 148.64 213.003 274.007 340.025 7238.299 12871.718 103.726 154.085 392.655 898.228 1287.172 103.726
#CUP_B#
  103.726 103.726 103.726 103.726 103.726 133.432 103.726 103.726 103.726 19821.501 103.726 103.726 103.726 103.726 103.726 103.726
#CUP_C#
  103.726 133.432 103.726 103.726 103.726 119.781 128.717 103.726 6268.109 12871.718 171.647 407.039 237.28 213.003 294.45 103.726
#CUP_D#
  103.726 103.726 103.726 103.726 103.726 171.647 124.169 237.28 119.781 138.32 103.726 103.726 103.726 103.726 103.726 103.726
#_L_LONG_______#1986 030 01 26 35.935 status LL
#      #
#      #
#CUP_A#
  17.809 133.545 19.137 3.055 3.055 3.055 124.274 77.849 7244.429 12427.368 437.778 724.443 750.981 1001.45 1487.662 264.548
#CUP_B#
  37.91 133.545 133.545 30.549 12.427 3.055 3.055 3.055 3.055 19838.288 3.055 3.055 3.055 3.055 3.055 3.055
#CUP_C#
  3.055 3.055 35.278 50.554 60.517 29.47 65.032 96.606 6503.231 12427.368 119.882 274.239 352.78 379.1 453.815 316.686
#CUP_D#
  3.055 36.57 3.055 3.055 11.988 9.319 11.565 3.055 62.734 3.055 10.014 13.355 3.055 24.618 3.055 3.055
#_M____________#1986 030 01 27 58.494 status ML
#      #
#      #
#CUP_A#
  34.031 30.549 30.549 213.184 30.549 30.549 75.098 1198.82 698.842 30.549 205.65 30.549 30.549 52.406 30.549 80.701 30.549 36.57 35.278 30.549 100.145 30.549 30.549 30.549 30.549 77.849 30.549 72.444 30.549 30.549 30.549 30.549 30.549 30.549 67.415 30.549 30.549 30.549 30.549 30.549 30.549 93.192 30.549 30.549 30.549 30.549 40.738 30.549 30.549 30.549 30.549 30.549 30.549 37.91 30.549 30.549 30.549 627.342 284.285 86.722 30.549 30.549 35.278 30.549 43.778 52.406 47.044 119.882 148.766 220.993 1384.376 6273.416 8989.885 4073.841 392.988 30.549 30.549 30.549 30.549 30.549 30.549 30.549 30.549 30.549 30.549 30.549 30.549 30.549 30.549 30.549 42.231 58.379 36.57 48.767 30.549 30.549 30.549 30.549 30.549 30.549 93.192 75.098 62.734 229.089 77.849 69.884 65.032 50.554 1288.262 107.617 148.766 143.509 77.849 154.216 205.65 115.646 213.184 178.086 178.086 220.993 229.089 178.086 178.086 422.308 284.285 237.481 305.495 487.673
#CUP_B#
  171.792 30.549 30.549 86.722 30.549 30.549 30.549 30.549 583.787 30.549 115.646 30.549 30.549 52.406 30.549 50.554 30.549 83.657 30.549 72.444 30.549 30.549 30.549 30.549 30.549 30.549 30.549 30.549 30.549 30.549 30.549 100.145 40.738 30.549 30.549 30.549 30.549 30.549 30.549 30.549 30.549 30.549 47.044 30.549 30.549 30.549 48.767 30.549 30.549 30.549 30.549 30.549 30.549 65.032 30.549 30.549 30.549 453.815 4538.153 30.549 30.549 30.549 30.549 30.549 30.549 30.549 30.549 30.549 30.549 30.549 30.549 30.549 1115.589 5837.866 9660.601 4876.735 724.443 154.216 83.657 30.549 30.549 30.549 30.549 30.549 30.549 30.549 30.549 30.549 30.549 30.549 30.549 30.549 30.549 30.549 30.549 30.549 30.549 30.549 30.549 30.549 30.549 30.549 30.549 30.549 30.549 30.549 30.549 9660.601 30.549 30.549 30.549 30.549 30.549 30.549 30.549 30.549 30.549 30.549 30.549 30.549 30.549 30.549 30.549 30.549 30.549 30.549 30.549 30.549
#CUP_C#
  30.549 30.549 30.549 30.549 30.549 35.278 30.549 352.78 154.216 30.549 30.549 30.549 30.549 89.899 30.549 30.549 30.549 30.549 30.549 30.549 47.044 30.549 50.554 30.549 30.549 30.549 58.379 34.031 30.549 30.549 30.549 30.549 30.549 30.549 30.549 30.549 60.517 30.549 30.549 30.549 30.549 30.549 30.549 32.829 30.549 30.549 62.734 30.549 30.549 30.549 30.549 30.549 30.549 30.549 32.829 30.549 30.549 379.1 30.549 37.91 30.549 30.549 35.278 34.031 32.829 35.278 69.884 42.231 124.274 229.089 1115.589 5055.384 8365.735 4704.399 807.01 96.606 36.57 56.316 30.549 30.549 30.549 30.549 30.549 30.549 36.57 30.549 30.549 30.549 30.549 50.554 54.326 50.554 60.517 30.549 30.549 111.559 43.778 30.549 69.884 75.098 30.549 34.031 52.406 30.549 30.549 30.549 107.617 1435.09 37.91 52.406 43.778 37.91 47.044 58.379 30.549 40.738 30.549 30.549 31.669 75.098 107.617 34.031 45.382 198.383 30.549 30.549 30.549 30.549
#CUP_D#
  30.549 30.549 30.549 47.044 30.549 30.549 30.549 365.703 30.549 220.993 128.826 30.549 96.606 30.549 39.299 30.549 30.549 107.617 30.549 30.549 30.549 48.767 56.316 52.406 30.549 43.778 30.549 30.549 37.91 35.278 30.549 30.549 30.549 45.382 60.517 30.549 30.549 30.549 30.549 48.767 30.549 50.554 30.549 30.549 50.554 30.549 30.549 30.549 32.829 30.549 30.549 30.549 30.549 56.316 30.549 30.549 32.829 30.549 83.657 30.549 30.549 80.701 86.722 30.549 30.549 30.549 30.549 80.701 30.549 30.549 30.549 30.549 60.517 48.767 39.299 34.031 30.549 30.549 30.549 30.549 30.549 30.549 43.778 30.549 52.406 30.549 30.549 30.549 47.044 45.382 30.549 30.549 30.549 30.549 34.031 34.031 30.549 30.549 30.549 34.031 30.549 42.231 30.549 30.549 30.549 30.549 37.91 30.549 379.1 67.415 30.549 67.415 30.549 107.617 30.549 30.549 30.549 30.549 58.379 30.549 30.549 35.278 30.549 30.549 30.549 30.549 30.549 30.549
#_L_LONG_______#1986 030 01 30 03.294 status LL
#      #
#      #
#CUP_A#
  60.517 3.055 28.429 3.055 56.316 3.055 22.099 119.882 7509.814 11988.205 255.199 698.842 807.01 1115.589 1384.376 2290.889
#CUP_B#
  60.517 191.372 40.738 3.055 75.098 3.055 3.055 3.055 3.055 19838.288 3.055 3.055 3.055 3.055 3.055 3.055
#CUP_C#
  11.565 3.055 3.055 3.055 42.231 11.988 24.618 89.899 6051.725 12882.619 191.372 392.988 340.313 453.815 524.058 316.686
#CUP_D#
  4.704 3.055 8.366 5.632 18.461 3.055 3.055 12.883 35.278 5.241 3.055 3.657 3.055 3.055 3.055 3.055
#_L_SHORT______#1986 030 01 30 23.694 status LS
#      #
#      #
#CUP_A#
  237.28 378.779 392.655 470.042 138.32 103.726 103.726 103.726 6982.509 11554.776 103.726 191.21 470.042 1000.602 1155.477 103.726
#CUP_B#
  604.66 505.111 103.726 103.726 165.581 562.68 487.261 103.726 103.726 19821.501 103.726 103.726 103.726 103.726 103.726 103.726
#CUP_C#
  119.781 103.726 154.085 274.007 103.726 103.726 115.548 103.726 6268.109 12871.718 159.73 365.394 305.236 340.025 392.655 103.726
#CUP_D#
  198.215 148.64 392.655 245.972 205.476 103.726 103.726 103.726 103.726 103.726 103.726 103.726 103.726 103.726 103.726 103.726
#_L_LONG_______#1986 030 01 30 35.934 status LL
#      #
#      #
#CUP_A#
  39.299 3.055 229.089 10.762 148.766 305.495 3.055 422.308 7509.814 11155.889 229.089 650.323 778.492 1335.455 237.481 2551.991
#CUP_B#
  89.899 3.055 89.899 3.055 3.055 60.517 3.055 3.055 3.055 19137.235 3.055 3.055 3.055 3.055 3.055 3.055
#CUP_C#
  48.767 35.278 52.406 36.57 62.734 58.379 75.098 148.766 6503.231 11564.562 191.372 392.988 294.699 392.988 470.44 316.686
#CUP_D#
  3.055 10.381 13.844 3.055 34.031 3.055 3.055 5.433 3.055 13.355 3.055 3.055 4.378 3.055 3.055 3.055
#_E_SHORT______#1986 030 01 30 54.774 status ES
# E1: 1986 030 01 30 30.654;   E2: 1986 030 01 31 18.654   #
#      #
  103.726 103.726 198.215 103.726 103.726 103.726 245.972 103.726 111.464 103.726 103.726 107.525 103.726 103.726 103.726 171.647 237.28 103.726 103.726 103.726 103.726 103.726 103.726 103.726 184.453 184.453 103.726 103.726
#_L_SHORT______#1986 030 01 31 11.694 status LS
#      #
#      #
#CUP_A#
  103.726 103.726 103.726 103.726 103.726 103.726 340.025 128.717 8063.276 11146.449 103.726 103.726 103.726 777.833 1000.602 103.726
#CUP_B#
  103.726 103.726 103.726 103.726 103.726 103.726 274.007 103.726 103.726 19821.501 103.726 103.726 103.726 103.726 103.726 103.726
#CUP_C#
  103.726 103.726 103.726 103.726 128.717 103.726 103.726 107.525 7238.299 11554.776 103.726 392.655 284.045 340.025 392.655 103.726
#CUP_D#
  103.726 103.726 103.726 103.726 103.726 103.726 103.726 305.236 103.726 340.025 245.972 103.726 103.726 103.726 103.726 103.726
#_E_LONG_______#1986 030 01 31 17.694 status EL
# E1: 1986 030 01 31 41.214;   E2: 1986 030 01 30 53.214   #
#      #
  6.503 3.055 3.055 22.909 13.844 47.044 56.316 3.055 4.704 3.055 52.406 3.055 40.738 77.849 11.156 3.055 86.722 3.055 3.055 50.554 93.192 3.055 42.231 165.722 20.565 3.055 213.184 836.574
#_L_LONG_______#1986 030 01 31 23.934 status LL
#      #
#      #
#CUP_A#
  237.481 96.606 284.285 138.438 159.865 111.559 34.031 264.548 8070.105 11564.562 264.548 627.342 778.492 1156.456 1288.262 255.199
#CUP_B#
  32.829 3.055 29.47 3.055 3.055 3.055 3.055 3.055 3.055 19838.288 3.055 3.055 3.055 3.055 3.055 3.055
#CUP_C#
  124.274 15.987 3.055 3.055 56.316 47.044 62.734 86.722 7509.814 11155.889 100.145 422.308 328.287 392.988 487.673 305.495
#CUP_D#
  3.055 11.156 3.055 3.055 30.549 3.055 3.055 3.055 48.767 3.055 3.055 17.179 3.055 3.055 3.055 3.055
#_L_SHORT______#1986 030 01 31 59.694 status LS
#      #
#      #
#CUP_A#
  103.726 103.726 103.726 103.726 103.726 352.482 392.655 237.28 8358.657 11146.449 115.548 365.394 673.576 1114.645 1383.205 103.726
#CUP_B#
  103.726 103.726 103.726 103.726 103.726 103.726 103.726 103.726 103.726 19121.041 103.726 103.726 103.726 103.726 103.726 103.726
#CUP_C#
  103.726 103.726 103.726 103.726 103.726 133.432 103.726 103.726 7503.459 10752.551 237.28 453.431 305.236 228.895 470.042 103.726
#CUP_D#
  103.726 103.726 103.726 103.726 103.726 111.464 103.726 103.726 103.726 198.215 165.581 103.726 103.726 103.726 103.726 103.726
#_L_LONG_______#1986 030 01 32 11.934 status LL
#      #
#      #
#CUP_A#
  103.814 48.767 119.882 128.826 27.424 237.481 72.444 246.181 8672.198 9319.211 284.285 524.058 1001.45 1001.45 1487.662 294.699
#CUP_B#
  100.145 124.274 184.61 4.704 3.055 75.098 3.055 3.055 3.055 18460.956 3.055 3.055 3.055 3.055 3.055 3.055
#CUP_C#
  3.055 3.055 27.424 26.455 28.429 26.455 40.738 184.61 7509.814 9660.601 205.65 365.703 316.686 453.815 505.538 379.1
#CUP_D#
  22.909 148.766 75.098 8.672 89.899 62.734 58.379 86.722 159.865 3.055 3.055 9.319 50.554 3.055 3.055 3.055
#_E_SHORT______#1986 030 01 32 30.774 status ES
# E1: 1986 030 01 32 06.654;   E2: 1986 030 01 32 54.654   #
#      #
  264.324 103.726 103.726 103.726 103.726 305.236 103.726 626.811 103.726 103.726 103.726 103.726 111.464 103.726 103.726 103.726 649.773 103.726 274.007 103.726 103.726 103.726 184.453 626.811 103.726 487.261 103.726 523.614
#_L_SHORT______#1986 030 01 32 47.694 status LS
#      #
#      #
#CUP_A#
  103.726 103.726 103.726 103.726 103.726 103.726 254.983 103.726 8664.859 9652.427 103.726 103.726 191.21 698.251 965.243 103.726
#CUP_B#
  103.726 274.007 103.726 154.085 143.388 103.726 264.324 103.726 103.726 19121.041 103.726 103.726 103.726 103.726 103.726 103.726
#CUP_C#
  103.726 103.726 103.726 103.726 103.726 111.464 159.73 103.726 7778.333 10752.551 103.726 365.394 228.895 316.418 378.779 103.726
#CUP_D#
  103.726 103.726 103.726 103.726 103.726 115.548 103.726 237.28 115.548 171.647 103.726 103.726 103.726 103.726 103.726 103.726
#_E_LONG_______#1986 030 01 32 53.694 status EL
# E1: 1986 030 01 33 17.214;   E2: 1986 030 01 32 29.214   #
#      #
  3.055 3.055 23.748 19.137 32.829 3.055 3.055 12.883 45.382 86.722 3.055 8.672 6.988 6.988 3.055 20.565 83.657 3.055 3.055 42.231 3.055 77.849 3.055 128.826 3.055 3.055 213.184 724.443
#_L_LONG_______#1986 030 01 32 59.934 status LL
#      #
#      #
#CUP_A#
  305.495 89.899 191.372 305.495 119.882 159.865 29.47 255.199 9319.211 10761.658 470.44 392.988 1001.45 836.574 294.699 2551.991
#CUP_B#
  65.032 3.055 191.372 107.617 75.098 45.382 3.055 3.055 3.055 20565.022 3.055 3.055 3.055 3.055 3.055 3.055
#CUP_C#
  47.044 36.57 48.767 25.52 5.433 28.429 15.422 62.734 8070.105 11155.889 159.865 264.548 246.181 407.384 505.538 328.287
#CUP_D#
  3.055 20.565 3.055 100.145 96.606 86.722 3.055 3.055 115.646 93.192 29.47 10.762 3.055 6.741 16.572 3.055
#_L_SHORT______#1986 030 01 33 35.694 status LS
#      #
#      #
#CUP_A#
  103.726 103.726 103.726 103.726 103.726 115.548 148.64 316.418 8063.276 11554.776 264.324 340.025 505.111 965.243 1540.854 103.726
#CUP_B#
  103.726 103.726 103.726 103.726 103.726 103.726 103.726 103.726 103.726 19821.501 103.726 103.726 103.726 103.726 103.726 103.726
#CUP_C#
  128.717 103.726 103.726 103.726 103.726 103.726 119.781 107.525 6982.509 11554.776 107.525 305.236 328.01 328.01 453.431 103.726
#CUP_D#
  103.726 103.726 103.726 103.726 103.726 103.726 103.726 228.895 103.726 245.972 103.726 103.726 103.726 103.726 103.726 103.726
#_L_LONG_______#1986 030 01 33 47.934 status LL
#      #
#      #
#CUP_A#
  37.91 229.089 133.545 3.055 198.383 9.319 3.055 124.274 8365.736 9660.601 83.657 836.574 778.492 1242.737 1384.376 2290.889
#CUP_B#
  3.055 42.231 72.444 3.055 3.055 19.838 3.055 3.055 3.055 18460.956 3.055 3.055 3.055 3.055 3.055 3.055
#CUP_C#
  48.767 54.326 13.355 3.055 30.549 12.883 17.179 119.882 7509.814 10014.498 198.383 422.308 294.699 407.384 543.255 305.495
#CUP_D#
  3.055 115.646 3.055 3.055 119.882 43.778 3.055 34.031 67.415 42.231 3.055 54.326 3.055 3.055 3.055 3.055
#_E_SHORT______#1986 030 01 34 06.774 status ES
# E1: 1986 030 01 33 42.654;   E2: 1986 030 01 34 30.654   #
#      #
  103.726 103.726 103.726 103.726 103.726 103.726 103.726 228.895 103.726 103.726 103.726 103.726 103.726 119.781 103.726 154.085 103.726 723.83 103.726 421.95 103.726 583.293 103.726 542.796 103.726 213.003 583.293 407.039
#_L_SHORT______#1986 030 01 34 23.694 status LS
#      #
#      #
#CUP_A#
  103.726 103.726 103.726 103.726 228.895 103.726 245.972 103.726 8982.279 9311.326 103.726 143.388 124.169 750.346 1114.645 103.726
#CUP_B#
  103.726 305.236 103.726 191.21 143.388 103.726 165.581 103.726 103.726 19121.041 103.726 103.726 103.726 103.726 103.726 103.726
#CUP_C#
  103.726 103.726 103.726 103.726 103.726 103.726 103.726 103.726 7778.333 10372.574 245.972 542.796 103.726 294.45 340.025 103.726
#CUP_D#
  103.726 103.726 103.726 103.726 103.726 133.432 103.726 205.476 171.647 159.73 165.581 103.726 103.726 103.726 103.726 103.726
#_E_LONG_______#1986 030 01 34 29.694 status EL
# E1: 1986 030 01 34 53.214;   E2: 1986 030 01 34 05.214   #
#      #
  26.455 6.503 3.055 7.785 3.055 3.055 23.748 3.055 20.565 37.91 20.565 40.738 40.738 3.055 3.055 32.829 143.509 3.055 3.055 56.316 72.444 28.429 69.884 133.545 3.055 3.055 213.184 778.492
#_L_LONG_______#1986 030 01 34 35.934 status LL
#      #
#      #
#CUP_A#
  352.78 246.181 3.055 305.495 220.993 56.316 237.481 184.61 9660.601 9660.601 437.778 627.342 778.492 1115.589 1435.09 294.699
#CUP_B#
  25.52 178.086 159.865 28.429 3.055 86.722 3.055 3.055 3.055 19838.288 3.055 3.055 3.055 3.055 3.055 3.055
#CUP_C#
  36.57 26.455 31.669 40.738 30.549 77.849 52.406 115.646 8070.105 10761.658 191.372 422.308 328.287 407.384 524.058 328.287
#CUP_D#
  72.444 205.65 178.086 80.701 28.429 32.829 50.554 178.086 154.216 25.52 3.055 3.055 67.415 29.47 3.055 3.055
#_L_SHORT______#1986 030 01 35 11.694 status LS
#      #
#      #
#CUP_A#
  103.726 103.726 103.726 103.726 103.726 103.726 198.215 340.025 9652.427 11146.449 340.025 316.418 583.293 931.132 1433.876 103.726
#CUP_B#
  103.726 103.726 103.726 103.726 103.726 103.726 103.726 103.726 103.726 20547.62 103.726 103.726 103.726 103.726 103.726 103.726
#CUP_C#
  103.726 103.726 103.726 103.726 103.726 111.464 103.726 103.726 7778.333 11554.776 198.215 352.482 352.482 316.418 392.655 103.726
#CUP_D#
  103.726 103.726 103.726 103.726 103.726 177.935 103.726 184.453 115.548 107.525 148.64 103.726 103.726 103.726 103.726 103.726
#_L_LONG_______#1986 030 01 35 23.934 status LL
#      #
#      #
#CUP_A#
  11.565 184.61 111.559 3.055 171.792 3.055 45.382 93.192 9319.211 10761.658 107.617 807.01 698.842 1288.262 1487.662 2209.933
#CUP_B#
  58.379 213.184 43.778 107.617 40.738 3.055 3.055 3.055 3.055 20565.022 3.055 3.055 3.055 3.055 3.055 3.055
#CUP_C#
  39.299 43.778 14.351 3.055 3.055 7.785 67.415 133.545 8070.105 11564.562 171.792 328.287 340.313 407.384 470.44 305.495
#CUP_D#
  3.055 86.722 3.055 3.055 67.415 3.055 3.055 69.884 75.098 3.055 3.055 30.549 3.055 3.055 3.055 3.055
#_E_SHORT______#1986 030 01 35 42.774 status ES
# E1: 1986 030 01 35 18.654;   E2: 1986 030 01 36 06.654   #
#      #
  103.726 103.726 103.726 103.726 103.726 198.215 133.432 138.32 103.726 103.726 103.726 103.726 103.726 103.726 103.726 103.726 103.726 103.726 103.726 103.726 119.781 115.548 103.726 103.726 103.726 103.726 103.726 133.432
#_L_SHORT______#1986 030 01 35 59.694 status LS
#      #
#      #
#CUP_A#
  103.726 103.726 103.726 103.726 328.01 103.726 228.895 103.726 8664.859 11146.449 103.726 103.726 103.726 750.346 1075.255 103.726
#CUP_B#
  103.726 171.647 103.726 177.935 111.464 103.726 148.64 103.726 103.726 19821.501 103.726 103.726 103.726 103.726 103.726 103.726
#CUP_C#
  103.726 103.726 103.726 103.726 103.726 103.726 103.726 103.726 7503.459 11554.776 228.895 407.039 316.418 220.806 437.408 103.726
#CUP_D#
  103.726 103.726 103.726 103.726 103.726 228.895 103.726 213.003 103.726 124.169 103.726 103.726 103.726 103.726 103.726 103.726
#_E_LONG_______#1986 030 01 36 05.694 status EL
# E1: 1986 030 01 36 29.214;   E2: 1986 030 01 35 41.214   #
#      #
  28.429 43.778 3.055 50.554 18.461 3.055 6.052 3.055 3.055 48.767 3.055 3.055 26.455 14.877 43.778 3.055 58.379 3.055 3.055 96.606 77.849 3.055 77.849 184.61 3.055 3.055 220.993 807.01
#_L_LONG_______#1986 030 01 36 11.934 status LL
#      #
#      #
#CUP_A#
  305.495 133.545 93.192 305.495 148.766 148.766 72.444 264.548 8989.886 10761.658 470.44 470.44 931.921 931.921 1487.662 2209.933
#CUP_B#
  178.086 3.055 124.274 171.792 50.554 65.032 3.055 3.055 3.055 19838.288 3.055 3.055 3.055 3.055 3.055 3.055
#CUP_C#
  32.829 3.055 29.47 36.57 10.762 15.987 3.055 89.899 7509.814 11564.562 198.383 365.703 294.699 437.778 505.538 352.78
#CUP_D#
  3.055 39.299 3.055 3.055 39.299 3.055 3.055 43.778 39.299 19.137 3.055 17.809 6.988 3.055 3.055 3.055
#_L_SHORT______#1986 030 01 36 47.694 status LS
#      #
#      #
#CUP_A#
  103.726 103.726 111.464 103.726 103.726 159.73 143.388 177.935 8358.657 11554.776 103.726 352.482 470.042 1037.257 1287.172 103.726
#CUP_B#
  103.726 103.726 103.726 148.64 103.726 103.726 103.726 103.726 103.726 20547.62 103.726 103.726 103.726 103.726 103.726 103.726
#CUP_C#
  103.726 103.726 103.726 103.726 103.726 103.726 103.726 103.726 7238.299 11978.061 220.806 421.95 352.482 245.972 352.482 103.726
#CUP_D#
  103.726 103.726 103.726 103.726 103.726 133.432 103.726 148.64 103.726 177.935 103.726 103.726 103.726 103.726 103.726 103.726
#_L_LONG_______#1986 030 01 36 59.934 status LL
#      #
#      #
#CUP_A#
  255.199 3.055 83.657 246.181 36.57 220.993 138.438 138.438 8365.736 11155.889 543.255 524.058 1001.45 284.285 1542.159 2290.889
#CUP_B#
  124.274 3.055 191.372 77.849 3.055 72.444 3.055 3.055 3.055 19838.288 3.055 3.055 3.055 3.055 3.055 3.055
#CUP_C#
  3.055 36.57 3.055 3.055 18.461 62.734 54.326 119.882 6741.463 12427.368 229.089 437.778 352.78 407.384 487.673 407.384
#CUP_D#
  24.618 3.055 3.055 3.055 15.987 3.657 3.055 25.52 40.738 6.741 3.055 3.055 3.055 3.055 3.055 3.055
#_E_SHORT______#1986 030 01 37 18.774 status ES
# E1: 1986 030 01 36 54.654;   E2: 1986 030 01 37 42.654   #
#      #
  103.726 103.726 103.726 103.726 103.726 103.726 103.726 148.64 103.726 103.726 103.726 103.726 103.726 103.726 103.726 213.003 103.726 103.726 103.726 103.726 103.726 191.21 103.726 103.726 103.726 103.726 103.726 103.726
#_L_SHORT______#1986 030 01 37 35.694 status LS
#      #
#      #
#CUP_A#
  103.726 103.726 103.726 103.726 143.388 103.726 340.025 154.085 7503.459 11978.061 103.726 103.726 103.726 562.68 1000.602 103.726
#CUP_B#
  103.726 328.01 103.726 177.935 103.726 159.73 305.236 103.726 103.726 19821.501 103.726 103.726 103.726 103.726 103.726 103.726
#CUP_C#
  103.726 103.726 103.726 103.726 103.726 103.726 103.726 103.726 6268.109 12871.718 103.726 352.482 328.01 184.453 437.408 103.726
#CUP_D#
  103.726 103.726 103.726 103.726 103.726 264.324 103.726 254.983 103.726 154.085 103.726 103.726 103.726 103.726 103.726 103.726
#_E_LONG_______#1986 030 01 37 41.694 status EL
# E1: 1986 030 01 38 05.214;   E2: 1986 030 01 37 17.214   #
#      #
  3.055 3.055 3.055 14.351 3.055 3.055 25.52 58.379 3.055 8.672 77.849 50.554 43.778 19.838 8.99 10.762 119.882 3.055 3.055 93.192 3.055 3.055 43.778 119.882 7.785 4.538 213.184 724.443
#_L_LONG_______#1986 030 01 37 47.934 status LL
#      #
#      #
#CUP_A#
  274.239 83.657 237.481 184.61 198.383 3.055 148.766 305.495 7509.814 11988.205 305.495 698.842 605.172 1156.456 1288.262 2209.933
#CUP_B#
  8.366 89.899 3.055 32.829 54.326 3.055 10.014 3.055 3.055 19838.288 3.055 3.055 3.055 3.055 3.055 3.055
#CUP_C#
  31.669 27.424 3.055 62.734 83.657 10.762 77.849 100.145 6051.725 12882.619 229.089 392.988 328.287 365.703 453.815 305.495
#CUP_D#
  6.741 3.657 10.762 12.883 10.381 3.055 3.055 14.877 3.403 12.883 3.055 27.424 3.055 6.503 3.055 3.055
#_L_SHORT______#1986 030 01 38 23.694 status LS
#      #
#      #
#CUP_A#
  103.726 103.726 103.726 177.935 328.01 124.169 154.085 191.21 7238.299 11978.061 103.726 124.169 437.408 866.486 1334.325 103.726
#CUP_B#
  103.726 103.726 103.726 103.726 133.432 103.726 103.726 103.726 103.726 19121.041 103.726 103.726 103.726 103.726 103.726 103.726
#CUP_C#
  103.726 143.388 103.726 103.726 103.726 103.726 103.726 107.525 5626.8 12871.718 148.64 340.025 245.972 264.324 437.408 103.726
#CUP_D#
  103.726 103.726 103.726 103.726 103.726 124.169 103.726 177.935 103.726 103.726 103.726 103.726 103.726 103.726 103.726 103.726
#_L_LONG_______#1986 030 01 38 35.934 status LL
#      #
#      #
#CUP_A#
  191.372 3.055 119.882 229.089 3.055 264.548 52.406 407.384 7784.92 11564.562 583.787 543.255 1001.45 966.06 274.239 2461.808
#CUP_B#
  205.65 89.899 198.383 40.738 138.438 72.444 3.055 3.055 3.055 19838.288 3.055 3.055 3.055 3.055 3.055 3.055
#CUP_C#
  3.055 3.055 100.145 3.055 31.669 14.877 15.422 86.722 6051.725 12882.619 237.481 365.703 294.699 352.78 453.815 328.287
#CUP_D#
  13.355 5.433 3.055 4.378 3.055 20.565 3.055 27.424 3.055 3.055 3.055 3.791 3.055 3.055 3.055 3.055
#_E_SHORT______#1986 030 01 38 54.774 status ES
# E1: 1986 030 01 38 30.654;   E2: 1986 030 01 39 18.654   #
#      #
  103.726 124.169 103.726 213.003 103.726 103.726 103.726 284.045 103.726 103.726 103.726 103.726 328.01 103.726 103.726 103.726 103.726 103.726 103.726 103.726 103.726 165.581 103.726 103.726 103.726 103.726 103.726 103.726
#_L_SHORT______#1986 030 01 39 11.694 status LS
#      #
#      #
#CUP_A#
  103.726 103.726 103.726 103.726 103.726 103.726 274.007 103.726 7503.459 11978.061 103.726 103.726 103.726 626.811 1000.602 103.726
#CUP_B#
  103.726 198.215 103.726 103.726 165.581 103.726 294.45 103.726 103.726 19821.501 103.726 103.726 103.726 103.726 103.726 103.726
#CUP_C#
  103.726 103.726 128.717 103.726 143.388 103.726 133.432 103.726 5427.958 13343.247 171.647 294.45 245.972 148.64 407.039 103.726
#CUP_D#
  103.726 103.726 103.726 103.726 103.726 198.215 107.525 328.01 148.64 103.726 111.464 103.726 103.726 103.726 103.726 103.726
#_E_LONG_______#1986 030 01 39 17.694 status EL
# E1: 1986 030 01 39 41.214;   E2: 1986 030 01 38 53.214   #
#      #
  14.351 28.429 3.055 28.429 15.987 3.055 28.429 3.055 32.829 48.767 3.055 3.055 25.52 11.988 19.838 12.883 159.865 3.055 3.055 124.274 3.055 6.741 45.382 52.406 3.055 3.055 246.181 750.981
#_L_LONG_______#1986 030 01 39 23.934 status LL
#      #
#      #
#CUP_A#
  138.438 205.65 3.055 107.617 83.657 4.074 138.438 159.865 7509.814 11988.205 284.285 674.146 836.574 1038.136 1487.662 2209.933
#CUP_B#
  198.383 96.606 36.57 72.444 86.722 3.055 3.055 3.055 3.055 19838.288 3.055 3.055 3.055 3.055 3.055 3.055
#CUP_C#
  50.554 3.055 3.055 5.838 52.406 23.748 103.814 43.778 5432.555 13843.764 178.086 365.703 379.1 407.384 487.673 305.495
#CUP_D#
  6.273 3.055 9.661 3.055 3.055 12.427 25.52 10.381 29.47 17.809 3.055 3.055 3.055 3.055 3.055 3.055
#_M____________#1986 030 01 39 58.494 status ML
#      #
#      #
#CUP_A#
  30.549 30.549 40.738 30.549 80.701 30.549 103.814 1198.82 198.383 133.545 30.549 30.549 30.549 30.549 77.849 30.549 111.559 30.549 40.738 30.549 35.278 50.554 30.549 80.701 30.549 30.549 30.549 30.549 39.299 30.549 75.098 30.549 30.549 30.549 30.549 69.884 30.549 47.044 30.549 30.549 30.549 30.549 65.032 30.549 30.549 30.549 30.549 50.554 30.549 30.549 30.549 30.549 30.549 30.549 30.549 30.549 67.415 30.549 340.313 30.549 30.549 30.549 30.549 30.549 30.549 100.145 62.734 47.044 124.274 237.481 1115.589 5631.565 9660.601 5055.384 524.058 30.549 30.549 30.549 30.549 30.549 30.549 30.549 30.549 30.549 30.549 31.669 30.549 30.549 30.549 30.549 96.606 60.517 30.549 30.549 39.299 30.549 30.549 30.549 30.549 30.549 165.722 148.766 67.415 184.61 89.899 143.509 47.044 1717.925 627.342 30.549 205.65 178.086 143.509 89.899 220.993 184.61 213.184 154.216 264.548 246.181 255.199 184.61 143.509 422.308 264.548 294.699 340.313 543.255
#CUP_B#
  30.549 107.617 30.549 30.549 30.549 30.549 52.406 30.549 698.842 30.549 30.549 30.549 30.549 30.549 47.044 30.549 30.549 48.767 30.549 30.549 30.549 45.382 30.549 30.549 30.549 30.549 30.549 30.549 30.549 30.549 75.098 30.549 30.549 30.549 30.549 30.549 30.549 30.549 36.57 30.549 30.549 30.549 30.549 30.549 30.549 30.549 30.549 30.549 30.549 30.549 30.549 30.549 30.549 30.549 30.549 30.549 30.549 16572.161 30.549 107.617 30.549 30.549 30.549 30.549 30.549 30.549 30.549 30.549 30.549 30.549 30.549 30.549 724.443 4704.399 9660.601 6273.416 1115.589 133.545 62.734 100.145 86.722 30.549 30.549 30.549 30.549 30.549 30.549 30.549 30.549 30.549 30.549 30.549 30.549 30.549 30.549 30.549 30.549 30.549 30.549 30.549 30.549 30.549 30.549 30.549 30.549 30.549 30.549 1001.45 115.646 30.549 30.549 30.549 30.549 30.549 30.549 30.549 30.549 30.549 30.549 30.549 30.549 30.549 30.549 30.549 30.549 30.549 30.549 30.549
#CUP_C#
  30.549 30.549 31.669 36.57 30.549 30.549 43.778 505.538 30.549 30.549 30.549 30.549 30.549 58.379 30.549 30.549 30.549 30.549 30.549 30.549 30.549 50.554 30.549 30.549 30.549 30.549 37.91 30.549 30.549 30.549 32.829 30.549 30.549 30.549 30.549 30.549 30.549 30.549 34.031 30.549 30.549 40.738 30.549 30.549 30.549 30.549 30.549 30.549 30.549 30.549 30.549 56.316 30.549 30.549 30.549 47.044 37.91 30.549 30.549 30.549 30.549 42.231 42.231 35.278 50.554 30.549 30.549 30.549 138.438 148.766 867.22 4223.078 8365.735 5837.866 1156.456 138.438 75.098 48.767 31.669 30.549 30.549 30.549 30.549 30.549 43.778 30.549 30.549 30.549 30.549 30.549 50.554 77.849 30.549 50.554 30.549 30.549 52.406 96.606 30.549 75.098 75.098 30.549 43.778 69.884 40.738 30.549 34.031 674.146 93.192 65.032 30.549 30.549 45.382 30.549 30.549 30.549 30.549 30.549 58.379 72.444 42.231 75.098 67.415 184.61 30.549 30.549 30.549 30.549
#CUP_D#
  30.549 30.549 30.549 30.549 30.549 30.549 30.549 56.316 54.326 30.549 43.778 30.549 30.549 77.849 35.278 30.549 30.549 30.549 72.444 72.444 80.701 30.549 30.549 47.044 30.549 60.517 30.549 50.554 30.549 30.549 30.549 31.669 30.549 30.549 48.767 30.549 30.549 30.549 30.549 30.549 30.549 43.778 30.549 35.278 30.549 30.549 30.549 30.549 30.549 30.549 35.278 30.549 30.549 30.549 30.549 30.549 30.549 30.549 30.549 316.686 30.549 30.549 50.554 86.722 30.549 30.549 30.549 60.517 128.826 56.316 30.549 30.549 30.549 86.722 107.617 32.829 30.549 32.829 37.91 32.829 30.549 30.549 37.91 37.91 30.549 30.549 32.829 30.549 30.549 39.299 50.554 45.382 30.549 30.549 37.91 37.91 30.549 30.549 31.669 30.549 30.549 30.549 30.549 30.549 30.549 30.549 30.549 89.899 45.382 30.549 30.549 80.701 80.701 50.554 30.549 30.549 30.549 47.044 30.549 30.549 30.549 39.299 30.549 30.549 30.549 30.549 30.549 30.549
#_L_LONG_______#1986 030 01 42 03.293 status LL
#      #
#      #
#CUP_A#
  69.884 3.055 18.461 3.055 28.429 3.055 3.055 111.559 5837.866 15421.591 191.372 724.443 724.443 1115.589 1435.09 2290.889
#CUP_B#
  3.055 133.545 31.669 3.055 54.326 3.055 3.055 3.055 3.055 22099.334 3.055 3.055 3.055 3.055 3.055 3.055
#CUP_C#
  12.883 26.455 3.055 56.316 86.722 37.91 67.415 124.274 4538.153 15986.529 264.548 352.78 294.699 453.815 543.255 352.78
#CUP_D#
  3.055 9.319 3.055 10.014 115.646 3.055 3.055 30.549 58.379 20.565 24.618 3.055 3.055 3.055 3.055 3.055
#_L_SHORT______#1986 030 01 42 23.693 status LS
#      #
#      #
#CUP_A#
  184.453 254.983 505.111 407.039 103.726 103.726 103.726 103.726 4534.313 15408.541 103.726 119.781 453.431 1037.257 1114.645 103.726
#CUP_B#
  723.83 437.408 103.726 103.726 103.726 523.614 378.779 103.726 103.726 21300.34 103.726 103.726 103.726 103.726 103.726 103.726
#CUP_C#
  103.726 103.726 103.726 103.726 143.388 103.726 103.726 107.525 3653.941 16558.139 119.781 392.655 138.32 274.007 340.025 103.726
#CUP_D#
  213.003 316.418 237.28 392.655 103.726 184.453 103.726 103.726 103.726 103.726 103.726 103.726 103.726 103.726 103.726 103.726
#_L_LONG_______#1986 030 01 42 35.933 status LL
#      #
#      #
#CUP_A#
  60.517 69.884 274.239 3.055 213.184 305.495 3.055 437.778 4876.735 15986.529 119.882 750.981 750.981 1335.455 1288.262 2461.808
#CUP_B#
  27.424 3.055 115.646 45.382 119.882 80.701 3.403 3.055 3.055 21318.379 3.055 3.055 3.055 3.055 3.055 3.055
#CUP_C#
  22.099 75.098 86.722 83.657 83.657 14.351 37.91 60.517 3527.802 16572.162 133.545 379.1 316.686 379.1 524.058 340.313
#CUP_D#
  3.055 19.838 12.883 3.055 30.549 3.055 3.055 3.055 4.074 6.273 3.055 3.055 3.055 3.055 3.055 3.055
#_E_SHORT______#1986 030 01 42 54.773 status ES
# E1: 1986 030 01 42 30.653;   E2: 1986 030 01 43 18.653   #
#      #
  205.476 103.726 103.726 103.726 115.548 103.726 205.476 107.525 191.21 184.453 103.726 103.726 103.726 274.007 103.726 103.726 237.28 103.726 103.726 103.726 103.726 103.726 103.726 103.726 103.726 191.21 103.726 103.726
#_L_SHORT______#1986 030 01 43 11.693 status LS
#      #
#      #
#CUP_A#
  103.726 103.726 103.726 103.726 328.01 103.726 213.003 103.726 4534.313 14864.028 103.726 103.726 124.169 723.83 1037.257 103.726
#CUP_B#
  103.726 143.388 103.726 128.717 103.726 103.726 171.647 103.726 103.726 20547.62 103.726 103.726 103.726 103.726 103.726 103.726
#CUP_C#
  103.726 103.726 103.726 103.726 103.726 107.525 103.726 103.726 3280.096 15973.001 154.085 421.95 294.45 165.581 453.431 103.726
#CUP_D#
  103.726 103.726 103.726 103.726 103.726 133.432 103.726 148.64 148.64 305.236 198.215 124.169 103.726 103.726 103.726 103.726
#_E_LONG_______#1986 030 01 43 17.693 status EL
# E1: 1986 030 01 43 41.213;   E2: 1986 030 01 42 53.213   #
#      #
  10.762 50.554 35.278 40.738 8.07 3.055 3.055 13.844 58.379 3.055 34.031 3.055 65.032 50.554 15.422 3.055 83.657 3.055 3.055 67.415 115.646 3.055 32.829 198.383 42.231 3.055 124.274 807.01
#_L_LONG_______#1986 030 01 43 23.933 status LL
#      #
#      #
#CUP_A#
  328.287 274.239 3.055 264.548 213.184 3.055 184.61 205.65 4876.735 13843.764 213.184 778.492 698.842 1335.455 1288.262 2290.889
#CUP_B#
  83.657 100.145 159.865 89.899 58.379 6.988 3.055 3.055 3.055 19137.235 3.055 3.055 3.055 3.055 3.055 3.055
#CUP_C#
  103.814 15.422 5.241 52.406 19.137 54.326 10.014 133.545 3282.873 14876.617 191.372 365.703 316.686 470.44 563.157 305.495
#CUP_D#
  3.055 29.47 3.055 3.055 28.429 3.055 10.381 3.055 8.07 6.988 3.055 3.055 3.055 3.055 3.055 3.055
#_L_SHORT______#1986 030 01 44 47.693 status LS
#      #
#      #
#CUP_A#
  103.726 103.726 103.726 103.726 103.726 103.726 284.045 103.726 6735.759 6735.759 103.726 115.548 103.726 777.833 1241.685 103.726
#CUP_B#
  103.726 220.806 103.726 103.726 103.726 103.726 264.324 103.726 103.726 13832.049 103.726 103.726 103.726 103.726 103.726 103.726
#CUP_C#
  103.726 103.726 103.726 103.726 103.726 103.726 143.388 103.726 5051.106 7778.333 103.726 453.431 305.236 205.476 487.261 103.726
#CUP_D#
  103.726 103.726 103.726 103.726 103.726 148.64 103.726 352.482 103.726 392.655 119.781 103.726 103.726 103.726 103.726 103.726
#_L_LONG_______#1986 030 01 44 59.933 status LL
#      #
#      #
#CUP_A#
  246.181 191.372 154.216 119.882 148.766 65.032 12.883 392.988 8672.198 5631.566 352.78 605.172 836.574 1242.737 1288.262 2374.811
#CUP_B#
  3.055 29.47 159.865 77.849 11.988 3.055 3.055 3.055 3.055 13843.764 3.055 3.055 3.055 3.055 3.055 3.055
#CUP_C#
  43.778 17.179 3.055 4.223 35.278 23.748 3.055 138.438 7244.429 6503.231 220.993 352.78 392.988 453.815 487.673 352.78
#CUP_D#
  21.318 100.145 3.055 3.055 48.767 39.299 21.318 24.618 58.379 3.055 3.055 42.231 3.055 3.055 3.055 3.055
#_L_SHORT______#1986 030 01 45 35.693 status LS
#      #
#      #
#CUP_A#
  103.726 103.726 103.726 103.726 205.476 154.085 177.935 184.453 11146.449 4872.608 107.525 305.236 583.293 931.132 1383.205 103.726
#CUP_B#
  103.726 103.726 103.726 103.726 103.726 103.726 103.726 103.726 103.726 15408.541 103.726 103.726 103.726 103.726 103.726 103.726
#CUP_C#
  103.726 103.726 107.525 103.726 103.726 103.726 103.726 184.453 9311.326 5832.927 148.64 328.01 274.007 305.236 470.042 103.726
#CUP_D#
  103.726 103.726 103.726 103.726 103.726 103.726 103.726 103.726 237.28 138.32 103.726 103.726 103.726 103.726 103.726 103.726
#_L_LONG_______#1986 030 01 45 47.933 status LL
#      #
#      #
#CUP_A#
  246.181 54.326 22.909 191.372 3.055 198.383 171.792 80.701 11564.562 4538.153 437.778 543.255 898.988 898.988 1598.653 2290.889
#CUP_B#
  100.145 89.899 124.274 86.722 3.055 115.646 3.055 3.055 52.406 15421.591 3.055 3.055 3.055 3.055 3.055 3.055
#CUP_C#
  3.055 42.231 13.355 3.055 3.055 28.429 3.055 119.882 10014.498 5631.566 159.865 274.239 246.181 437.778 505.538 340.313
#CUP_D#
  15.987 54.326 43.778 12.427 26.455 5.632 3.055 86.722 128.826 35.278 15.987 10.762 3.055 3.055 3.055 3.055
#_E_SHORT______#1986 030 01 46 06.773 status ES
# E1: 1986 030 01 45 42.653;   E2: 1986 030 01 46 30.653   #
#      #
  191.21 103.726 103.726 103.726 119.781 378.779 138.32 103.726 103.726 184.453 128.717 103.726 103.726 103.726 119.781 352.482 103.726 103.726 103.726 103.726 103.726 103.726 103.726 352.482 294.45 392.655 165.581 437.408
#_L_SHORT______#1986 030 01 46 23.693 status LS
#      #
#      #
#CUP_A#
  103.726 103.726 103.726 103.726 103.726 103.726 143.388 103.726 12871.718 4374.078 103.726 220.806 148.64 866.486 1114.645 103.726
#CUP_B#
  103.726 378.779 103.726 138.32 103.726 103.726 213.003 103.726 523.614 16558.139 103.726 103.726 103.726 103.726 103.726 103.726
#CUP_C#
  103.726 103.726 103.726 103.726 124.169 103.726 103.726 184.453 10752.551 6046.604 128.717 352.482 154.085 177.935 284.045 103.726
#CUP_D#
  103.726 103.726 103.726 103.726 103.726 159.73 103.726 237.28 103.726 133.432 220.806 103.726 103.726 103.726 103.726 103.726
#_E_LONG_______#1986 030 01 46 29.693 status EL
# E1: 1986 030 01 46 53.213;   E2: 1986 030 01 46 05.213   #
#      #
  3.055 3.055 3.055 16.572 10.381 3.055 14.351 32.829 3.055 34.031 3.055 26.455 15.422 29.47 45.382 9.319 165.722 3.055 3.055 96.606 89.899 3.055 22.099 184.61 3.055 3.055 154.216 836.574
#_L_LONG_______#1986 030 01 46 35.933 status LL
#      #
#      #
#CUP_A#
  340.313 83.657 75.098 305.495 138.438 198.383 58.379 379.1 14876.617 4223.078 583.787 284.285 1038.136 898.988 1435.09 294.699
#CUP_B#
  75.098 3.055 148.766 128.826 10.381 124.274 3.055 3.055 750.981 17808.575 3.055 3.055 3.055 3.055 3.055 3.055
#CUP_C#
  154.216 56.316 3.055 50.554 83.657 100.145 54.326 124.274 13354.547 5240.578 184.61 365.703 407.384 453.815 543.255 365.703
#CUP_D#
  3.055 65.032 3.055 13.844 50.554 3.055 3.055 69.884 48.767 3.055 4.223 47.044 4.877 3.055 3.055 3.055
#_L_SHORT______#1986 030 01 47 11.693 status LS
#      #
#      #
#CUP_A#
  103.726 103.726 103.726 103.726 103.726 171.647 159.73 470.042 14864.028 6046.604 220.806 294.45 392.655 931.132 1287.172 103.726
#CUP_B#
  103.726 103.726 103.726 103.726 103.726 103.726 119.781 103.726 750.346 19821.501 103.726 103.726 103.726 103.726 103.726 103.726
#CUP_C#
  103.726 103.726 103.726 103.726 103.726 138.32 103.726 103.726 12416.853 7778.333 245.972 437.408 237.28 254.983 392.655 103.726
#CUP_D#
  103.726 103.726 103.726 103.726 103.726 103.726 107.525 237.28 103.726 148.64 103.726 103.726 103.726 103.726 103.726 103.726
#_L_LONG_______#1986 030 01 47 23.933 status LL
#      #
#      #
#CUP_A#
  28.429 178.086 115.646 3.055 171.792 75.098 3.055 392.988 15986.529 6988.423 133.545 778.492 3.055 5.241 4.223 3.055
#CUP_B#
  10.014 69.884 3.055 3.055 3.055 3.167 20565.022 407.384 3.528 14876.617 3.657 8365.736 867.22 12882.619 7.785 30.549
#CUP_C#
  7.785 8.366 524.058 6741.463 11155.889 12.883 7.785 148.766 3.055 5.433 2290.889 5432.555 205.65 524.058 650.323 229.089
#CUP_D#
  3527.802 4.074 237.481 26454.782 22.099 148.766 9.319 5.838 4.538 83.657 26454.782 17.179 563.157 40.738 5240.578 8.99