 1989  236    0    0    0    0 -0.15568616E+07 -0.16320838E+06 -0.80904606E+06 -0.29037037E+01  0.17032698E+03  0.81811972E+01 -0.74821219E+06  0.15948590E+07 -0.40996453E+05  0.73804655E+01 -0.15263210E+02  0.80236399E+00  0.41428457E+05  0.35187412E+06 -0.17888029E+05  0.32334606E+06  0.81199508E+05 -0.12128378E+06 1989  236    0    0    0    0  0.79626584E+00  0.58285201E+00  0.16200094E+00  0.12071197E+00  0.10932334E+00 -0.98664939E+00 -0.59278101E+00  0.80519068E+00  0.16693220E-01
 1989  236    0    1   36    0 -0.15570546E+07 -0.14686323E+06 -0.80826069E+06 -0.11162553E+01  0.17019411E+03  0.81812944E+01 -0.74750369E+06  0.15933940E+07 -0.40919426E+05  0.73805542E+01 -0.15263402E+02  0.80236924E+00  0.45470875E+05  0.35136634E+06 -0.18049188E+05  0.32331716E+06  0.80889445E+05 -0.12156772E+06 1989  236    0    1   36    0  0.79632413E+00  0.58276290E+00  0.16203453E+00  0.12072323E+00  0.10936761E+00 -0.98664308E+00 -0.59270036E+00  0.80524909E+00  0.16739029E-01
 1989  236    0    3   11 1000 -0.15570761E+07 -0.13053176E+06 -0.80747525E+06  0.66811377E+00  0.17004251E+03  0.81813917E+01 -0.74679512E+06  0.15919285E+07 -0.40842398E+05  0.73806434E+01 -0.15263594E+02  0.80237454E+00  0.49507098E+05  0.35081209E+06 -0.18210320E+05  0.32328778E+06  0.80579258E+05 -0.12185149E+06 1989  236    0    3   11 1000  0.79633975E+00  0.58289671E+00  0.16147611E+00  0.12005560E+00  0.10932992E+00 -0.98672879E+00 -0.59281504E+00  0.80515742E+00  0.17083745E-01
 1989  236    0    4   48    0 -0.15569266E+07 -0.11421573E+06 -0.80668981E+06  0.24492075E+01  0.16987221E+03  0.81814890E+01 -0.74608656E+06  0.15904630E+07 -0.40765371E+05  0.73807325E+01 -0.15263786E+02  0.80237985E+00  0.53536594E+05  0.35021144E+06 -0.18371428E+05  0.32325797E+06  0.80268945E+05 -0.12213509E+06 1989  236    0    4   48    0  0.79639751E+00  0.58288097E+00  0.16124788E+00  0.11961268E+00  0.10954802E+00 -0.98675835E+00 -0.59282708E+00  0.80513918E+00  0.17523829E-01
 1989  236    0    6   24    0 -0.15566061E+07 -0.97916930E+05 -0.80590444E+06  0.42268305E+01  0.16968327E+03  0.81815872E+01 -0.74537806E+06  0.15889980E+07 -0.40688340E+05  0.73808217E+01 -0.15263979E+02  0.80238515E+00  0.57558824E+05  0.34956438E+06 -0.18532510E+05  0.32322769E+06  0.79958539E+05 -0.12241852E+06 1989  236    0    6   24    0  0.79646409E+00  0.58287495E+00  0.16093977E+00  0.11917226E+00  0.10962785E+00 -0.98680282E+00 -0.59282613E+00  0.80513263E+00  0.17852113E-01
 1989  236    0    8    0    0 -0.15561151E+07 -0.81637164E+05 -0.80511900E+06  0.60007877E+01  0.16947574E+03  0.81816845E+01 -0.74466950E+06  0.15875325E+07 -0.40611312E+05  0.73809114E+01 -0.15264173E+02  0.80239046E+00  0.61573262E+05  0.34887106E+06 -0.18693564E+05  0.32319697E+06  0.79648000E+05 -0.12270177E+06 1989  236    0    8    0    0  0.79646081E+00  0.58288735E+00  0.16091220E+00  0.11901735E+00  0.10979155E+00 -0.98680329E+00 -0.59286195E+00  0.80510134E+00  0.18070970E-01
 1989  236    0    9   36    0 -0.15554541E+07 -0.65378148E+05 -0.80433350E+06  0.77708945E+01  0.16924968E+03  0.81817827E+01 -0.74396088E+06  0.15860670E+07 -0.40534281E+05  0.73810010E+01 -0.15264366E+02  0.80239582E+00  0.65579391E+05  0.34813156E+06 -0.18854594E+05  0.32316578E+06  0.79337344E+05 -0.12298484E+06 1989  236    0    9   36    0  0.79646224E+00  0.58278644E+00  0.16126993E+00  0.11937132E+00  0.10991657E+00 -0.98674655E+00 -0.59278882E+00  0.80515730E+00  0.17976414E-01
 1989  236    0   11   11 1000 -0.15546231E+07 -0.49141723E+05 -0.80354806E+06  0.95369473E+01  0.16900516E+03  0.81818810E+01 -0.74325231E+06  0.15846020E+07 -0.40457250E+05  0.73810906E+01 -0.15264560E+02  0.80240113E+00  0.69576633E+05  0.34734600E+06 -0.19015598E+05  0.32313416E+06  0.79026594E+05 -0.12326774E+06 1989  236    0   11   11 1000  0.79643577E+00  0.58271843E+00  0.16164577E+00  0.11977150E+00  0.11000790E+00 -0.98668790E+00 -0.59274352E+00  0.80519414E+00  0.17821163E-01
 1989  236    0   12   48    0 -0.15536231E+07 -0.32929723E+05 -0.80276262E+06  0.11298745E+02  0.16874222E+03  0.81819792E+01 -0.74254375E+06  0.15831365E+07 -0.40380219E+05  0.73811808E+01 -0.15264753E+02  0.80240643E+00  0.73564484E+05  0.34651447E+06 -0.19176572E+05  0.32310206E+06  0.78715750E+05 -0.12355049E+06 1989  236    0   12   48    0  0.79650378E+00  0.58265400E+00  0.16154295E+00  0.11957955E+00  0.11009802E+00 -0.98670125E+00 -0.59269094E+00  0.80522847E+00  0.18019971E-01
 1989  236    0   14   24    0 -0.15524542E+07 -0.16743844E+05 -0.80197712E+06  0.13056106E+02  0.16846094E+03  0.81820784E+01 -0.74183512E+06  0.15816710E+07 -0.40303188E+05  0.73812714E+01 -0.15264948E+02  0.80241179E+00  0.77542422E+05  0.34563706E+06 -0.19337521E+05  0.32306950E+06  0.78404781E+05 -0.12383305E+06 1989  236    0   14   24    0  0.79647112E+00  0.58274829E+00  0.16136308E+00  0.11926647E+00  0.11021698E+00 -0.98672575E+00 -0.59279770E+00  0.80514389E+00  0.18282309E-01
 1989  236    0   16    0    0 -0.15511162E+07 -0.58584961E+03 -0.80119169E+06  0.14808837E+02  0.16816136E+03  0.81821766E+01 -0.74112656E+06  0.15802055E+07 -0.40226156E+05  0.73813615E+01 -0.15265143E+02  0.80241710E+00  0.81509922E+05  0.34471391E+06 -0.19498443E+05  0.32303650E+06  0.78093688E+05 -0.12411543E+06 1989  236    0   16    0    0  0.79651594E+00  0.58271486E+00  0.16126338E+00  0.11902839E+00  0.11037397E+00 -0.98673701E+00 -0.59278560E+00  0.80514657E+00  0.18555023E-01
 1989  236    0   17   36    0 -0.15496108E+07  0.15542510E+05 -0.80040619E+06  0.16556742E+02  0.16784355E+03  0.81822758E+01 -0.74041794E+06  0.15787400E+07 -0.40149125E+05  0.73814516E+01 -0.15265339E+02  0.80242246E+00  0.85466453E+05  0.34374516E+06 -0.19659334E+05  0.32300303E+06  0.77782500E+05 -0.12439765E+06 1989  236    0   17   36    0  0.79655331E+00  0.58259404E+00  0.16151485E+00  0.11923996E+00  0.11051437E+00 -0.98669577E+00 -0.59269273E+00  0.80521476E+00  0.18562097E-01
 1989  236    0   19   12    0 -0.15479378E+07  0.31639490E+05 -0.79962069E+06  0.18299643E+02  0.16750760E+03  0.81823750E+01 -0.73970931E+06  0.15772745E+07 -0.40072090E+05  0.73815427E+01 -0.15265534E+02  0.80242783E+00  0.89411445E+05  0.34273094E+06 -0.19820199E+05  0.32296912E+06  0.77471219E+05 -0.12467968E+06 1989  236    0   19   12    0  0.79657775E+00  0.58255726E+00  0.16152714E+00  0.11924537E+00  0.11052920E+00 -0.98669338E+00 -0.59265882E+00  0.80523932E+00  0.18577863E-01
 1989  236    0   20   47 1000 -0.15460972E+07  0.47703352E+05 -0.79883519E+06  0.20037350E+02  0.16715356E+03  0.81824741E+01 -0.73900069E+06  0.15758090E+07 -0.39995059E+05  0.73816338E+01 -0.15265730E+02  0.80243319E+00  0.93344438E+05  0.34167141E+06 -0.19981037E+05  0.32293475E+06  0.77159805E+05 -0.12496155E+06 1989  236    0   20   47 1000  0.79658830E+00  0.58249450E+00  0.16170105E+00  0.11935054E+00  0.11068137E+00 -0.98666364E+00 -0.59262347E+00  0.80526382E+00  0.18646460E-01
 1989  236    0   22   24    0 -0.15440902E+07  0.63732434E+05 -0.79804962E+06  0.21769682E+02  0.16678152E+03  0.81825743E+01 -0.73829206E+06  0.15743435E+07 -0.39918023E+05  0.73817244E+01 -0.15265926E+02  0.80243856E+00  0.97264914E+05  0.34056659E+06 -0.20141850E+05  0.32289988E+06  0.76848273E+05 -0.12524323E+06 1989  236    0   22   24    0  0.79659045E+00  0.58245963E+00  0.16181609E+00  0.11945345E+00  0.11073655E+00 -0.98664492E+00 -0.59259975E+00  0.80528146E+00  0.18634871E-01
 1989  236    0   24    0    0 -0.15419179E+07  0.79724938E+05 -0.79726412E+06  0.23496449E+02  0.16639154E+03  0.81826735E+01 -0.73758338E+06  0.15728780E+07 -0.39840988E+05  0.73818154E+01 -0.15266124E+02  0.80244392E+00  0.10117233E+06  0.33941675E+06 -0.20302631E+05  0.32286459E+06  0.76536648E+05 -0.12552474E+06 1989  236    0   24    0    0  0.79660207E+00  0.58239603E+00  0.16198778E+00  0.11955801E+00  0.11088594E+00 -0.98661554E+00 -0.59256309E+00  0.80530691E+00  0.18701874E-01
 1989  236    0   25   35 1000 -0.15395799E+07  0.95679055E+05 -0.79647856E+06  0.25217445E+02  0.16598369E+03  0.81827736E+01 -0.73687475E+06  0.15714124E+07 -0.39763953E+05  0.73819070E+01 -0.15266321E+02  0.80244929E+00  0.10506612E+06  0.33822200E+06 -0.20463383E+05  0.32282888E+06  0.76224930E+05 -0.12580608E+06 1989  236    0   25   35 1000  0.79659802E+00  0.58239448E+00  0.16201369E+00  0.11960448E+00  0.11086647E+00 -0.98661208E+00 -0.59255928E+00  0.80531073E+00  0.18659022E-01
 1989  236    0   27   12    0 -0.15370764E+07  0.11159316E+06 -0.79569300E+06  0.26932499E+02  0.16555806E+03  0.81828728E+01 -0.73616606E+06  0.15699470E+07 -0.39686918E+05  0.73819985E+01 -0.15266519E+02  0.80245465E+00  0.10894582E+06  0.33698253E+06 -0.20624107E+05  0.32279269E+06  0.75913086E+05 -0.12608723E+06 1989  236    0   27   12    0  0.79661518E+00  0.58233702E+00  0.16213579E+00  0.11976700E+00  0.11085339E+00 -0.98659390E+00 -0.59250343E+00  0.80535406E+00  0.18562745E-01
 1989  236    0   28   47 1000 -0.15344090E+07  0.12746560E+06 -0.79490744E+06  0.28641430E+02  0.16511473E+03  0.81829739E+01 -0.73545738E+06  0.15684814E+07 -0.39609883E+05  0.73820901E+01 -0.15266716E+02  0.80246001E+00  0.11281089E+06  0.33569850E+06 -0.20784803E+05  0.32275603E+06  0.75601117E+05 -0.12636820E+06 1989  236    0   28   47 1000  0.79658943E+00  0.58239174E+00  0.16206551E+00  0.11986394E+00  0.11060122E+00 -0.98661041E+00 -0.59251839E+00  0.80534911E+00  0.18295996E-01
 1989  236    0   30   24    0 -0.15315775E+07  0.14329462E+06 -0.79412188E+06  0.30344053E+02  0.16465378E+03  0.81830740E+01 -0.73474869E+06  0.15670154E+07 -0.39532848E+05  0.73821821E+01 -0.15266914E+02  0.80246538E+00  0.11666083E+06  0.33437003E+06 -0.20945467E+05  0.32271891E+06  0.75289055E+05 -0.12664898E+06 1989  236    0   30   24    0  0.79652733E+00  0.58246726E+00  0.16209914E+00  0.11999868E+00  0.11047174E+00 -0.98660851E+00 -0.59257454E+00  0.80531228E+00  0.18098455E-01
 1989  236    0   32    0    0 -0.15285825E+07  0.15907852E+06 -0.79333631E+06  0.32040188E+02  0.16417526E+03  0.81831751E+01 -0.73404000E+06  0.15655500E+07 -0.39455812E+05  0.73822742E+01 -0.15267113E+02  0.80247080E+00  0.12049514E+06  0.33299734E+06 -0.21106102E+05  0.32268134E+06  0.74976891E+05 -0.12692958E+06 1989  236    0   32    0    0  0.79660863E+00  0.58235693E+00  0.16209662E+00  0.12011838E+00  0.11030895E+00 -0.98661226E+00 -0.59244114E+00  0.80541450E+00  0.17921291E-01
 1989  236    0   33   36    0 -0.15254256E+07  0.17481564E+06 -0.79255069E+06  0.33729656E+02  0.16367931E+03  0.81832752E+01 -0.73333131E+06  0.15640844E+07 -0.39378773E+05  0.73823662E+01 -0.15267312E+02  0.80247617E+00  0.12431330E+06  0.33158062E+06 -0.21266707E+05  0.32264334E+06  0.74664641E+05 -0.12721002E+06 1989  236    0   33   36    0  0.79656118E+00  0.58245140E+00  0.16199036E+00  0.12016538E+00  0.11006266E+00 -0.98663396E+00 -0.59249544E+00  0.80537981E+00  0.17681144E-01
 1989  236    0   35   12    0 -0.15221071E+07  0.19050434E+06 -0.79176512E+06  0.35412277E+02  0.16316599E+03  0.81833763E+01 -0.73262262E+06  0.15626184E+07 -0.39301734E+05  0.73824587E+01 -0.15267511E+02  0.80248159E+00  0.12811482E+06  0.33012006E+06 -0.21427283E+05  0.32260488E+06  0.74352266E+05 -0.12749030E+06 1989  236    0   35   12    0  0.79655951E+00  0.58244169E+00  0.16203314E+00  0.12036847E+00  0.10985898E+00 -0.98663193E+00 -0.59245634E+00  0.80541462E+00  0.17401598E-01
 1989  236    0   36   47 1000 -0.15186271E+07  0.20614305E+06 -0.79097950E+06  0.37087883E+02  0.16263538E+03  0.81834774E+01 -0.73191388E+06  0.15611529E+07 -0.39224699E+05  0.73825512E+01 -0.15267711E+02  0.80248696E+00  0.13189920E+06  0.32861584E+06 -0.21587830E+05  0.32256594E+06  0.74039766E+05 -0.12777036E+06 1989  236    0   36   47 1000  0.79654169E+00  0.58249789E+00  0.16191833E+00  0.12036616E+00  0.10966675E+00 -0.98665357E+00 -0.59248066E+00  0.80540013E+00  0.17241105E-01
 1989  236    0   38   24    0 -0.15149862E+07  0.22172994E+06 -0.79019388E+06  0.38756275E+02  0.16208759E+03  0.81835794E+01 -0.73120512E+06  0.15596874E+07 -0.39147660E+05  0.73826442E+01 -0.15267911E+02  0.80249238E+00  0.13566594E+06  0.32706819E+06 -0.21748346E+05  0.32252653E+06  0.73727172E+05 -0.12805023E+06 1989  236    0   38   24    0  0.79659498E+00  0.58240688E+00  0.16198464E+00  0.12058152E+00  0.10948893E+00 -0.98664701E+00 -0.59236550E+00  0.80549026E+00  0.16990833E-01
 1989  236    0   40    0    0 -0.15111858E+07  0.23726334E+06 -0.78940825E+06  0.40417278E+02  0.16152271E+03  0.81836805E+01 -0.73049644E+06  0.15582214E+07 -0.39070621E+05  0.73827372E+01 -0.15268112E+02  0.80249780E+00  0.13941448E+06  0.32547725E+06 -0.21908830E+05  0.32248666E+06  0.73414484E+05 -0.12832995E+06 1989  236    0   40    0    0  0.79663044E+00  0.58236015E+00  0.16197740E+00  0.12068485E+00  0.10933776E+00 -0.98665112E+00 -0.59229648E+00  0.80554456E+00  0.16819745E-01
 1989  236    0   41   36    0 -0.15072264E+07  0.25274170E+06 -0.78862256E+06  0.42070732E+02  0.16094081E+03  0.81837826E+01 -0.72978769E+06  0.15567554E+07 -0.38993578E+05  0.73828301E+01 -0.15268312E+02  0.80250323E+00  0.14314434E+06  0.32384328E+06 -0.22069283E+05  0.32244638E+06  0.73101703E+05 -0.12860948E+06 1989  236    0   41   36    0  0.79657739E+00  0.58256429E+00  0.16150397E+00  0.12021494E+00  0.10917225E+00 -0.98672682E+00 -0.59246355E+00  0.80541939E+00  0.16931217E-01
 1989  236    0   43   12    0 -0.15031084E+07  0.26816341E+06 -0.78783694E+06  0.43716454E+02  0.16034201E+03  0.81838837E+01 -0.72907894E+06  0.15552899E+07 -0.38916539E+05  0.73829236E+01 -0.15268514E+02  0.80250865E+00  0.14685508E+06  0.32216650E+06 -0.22229705E+05  0.32240562E+06  0.72788828E+05 -0.12888885E+06 1989  236    0   43   12    0  0.79659963E+00  0.58260614E+00  0.16124322E+00  0.11981188E+00  0.10927952E+00 -0.98676401E+00 -0.59251529E+00  0.80537456E+00  0.17248880E-01
 1989  236    0   44   47 1000 -0.14988330E+07  0.28352681E+06 -0.78705131E+06  0.45354275E+02  0.15972639E+03  0.81839857E+01 -0.72837012E+06  0.15538244E+07 -0.38839496E+05  0.73830171E+01 -0.15268716E+02  0.80251408E+00  0.15054617E+06  0.32044716E+06 -0.22390096E+05  0.32236441E+06  0.72475820E+05 -0.12916804E+06 1989  236    0   44   47 1000  0.79681015E+00  0.58251095E+00  0.16054487E+00  0.11888920E+00  0.10936154E+00 -0.98686653E+00 -0.59241796E+00  0.80543226E+00  0.17886136E-01
 1989  236    0   46   24    0 -0.14944011E+07  0.29883028E+06 -0.78626562E+06  0.46984028E+02  0.15909407E+03  0.81840887E+01 -0.72766138E+06  0.15523584E+07 -0.38762457E+05  0.73831105E+01 -0.15268917E+02  0.80251950E+00  0.15421712E+06  0.31868544E+06 -0.22550455E+05  0.32232275E+06  0.72162727E+05 -0.12944701E+06 1989  236    0   46   24    0  0.79674059E+00  0.58248514E+00  0.16098322E+00  0.11928628E+00  0.10956068E+00 -0.98679650E+00 -0.59243172E+00  0.80542386E+00  0.17808966E-01
 1989  236    0   48    0    0 -0.14898126E+07  0.31407228E+06 -0.78547994E+06  0.48605530E+02  0.15844514E+03  0.81841908E+01 -0.72695256E+06  0.15508924E+07 -0.38685414E+05  0.73832045E+01 -0.15269120E+02  0.80252498E+00  0.15786744E+06  0.31688159E+06 -0.22710783E+05  0.32228066E+06  0.71849539E+05 -0.12972582E+06 1989  236    0   48    0    0  0.79664820E+00  0.58244663E+00  0.16157903E+00  0.11998300E+00  0.10961819E+00 -0.98670566E+00 -0.59241539E+00  0.80544388E+00  0.17443445E-01
 1989  236    0   49   36    0 -0.14850688E+07  0.32925125E+06 -0.78469425E+06  0.50218624E+02  0.15777971E+03  0.81842937E+01 -0.72624381E+06  0.15494264E+07 -0.38608371E+05  0.73832984E+01 -0.15269323E+02  0.80253041E+00  0.16149667E+06  0.31503588E+06 -0.22871080E+05  0.32223809E+06  0.71536227E+05 -0.13000445E+06 1989  236    0   49   36    0  0.79661077E+00  0.58232611E+00  0.16219641E+00  0.12069012E+00  0.10970076E+00 -0.98661029E+00 -0.59232193E+00  0.80551982E+00  0.17107796E-01
 1989  236    0   51   11 1000 -0.14801709E+07  0.34436556E+06 -0.78390856E+06  0.51823143E+02  0.15709789E+03  0.81843967E+01 -0.72553500E+06  0.15479609E+07 -0.38531328E+05  0.73833923E+01 -0.15269526E+02  0.80253589E+00  0.16510434E+06  0.31314850E+06 -0.23031344E+05  0.32219506E+06  0.71222820E+05 -0.13028288E+06 1989  236    0   51   11 1000  0.79659778E+00  0.58229935E+00  0.16235538E+00  0.12078753E+00  0.10983686E+00 -0.98658305E+00 -0.59231931E+00  0.80552047E+00  0.17161299E-01
 1989  236    0   52   48    0 -0.14751194E+07  0.35941356E+06 -0.78312288E+06  0.53418911E+02  0.15639977E+03  0.81844997E+01 -0.72482619E+06  0.15464954E+07 -0.38454285E+05  0.73834867E+01 -0.15269730E+02  0.80254132E+00  0.16868991E+06  0.31121975E+06 -0.23191574E+05  0.32215159E+06  0.70909320E+05 -0.13056116E+06 1989  236    0   52   48    0  0.79662919E+00  0.58224070E+00  0.16241242E+00  0.12079322E+00  0.10992737E+00 -0.98657233E+00 -0.59227616E+00  0.80555058E+00  0.17240621E-01
 1989  236    0   54   24    0 -0.14699150E+07  0.37439375E+06 -0.78233712E+06  0.55005764E+02  0.15568544E+03  0.81846027E+01 -0.72411738E+06  0.15450294E+07 -0.38377238E+05  0.73835812E+01 -0.15269934E+02  0.80254680E+00  0.17225292E+06  0.30924991E+06 -0.23351773E+05  0.32210766E+06  0.70595695E+05 -0.13083923E+06 1989  236    0   54   24    0  0.79669684E+00  0.58217609E+00  0.16231187E+00  0.12060428E+00  0.11001731E+00 -0.98658544E+00 -0.59222358E+00  0.80558497E+00  0.17437499E-01
 1989  236    0   56    0    0 -0.14645586E+07  0.38930462E+06 -0.78155144E+06  0.56583538E+02  0.15495506E+03  0.81847067E+01 -0.72340850E+06  0.15435634E+07 -0.38300195E+05  0.73836761E+01 -0.15270138E+02  0.80255228E+00  0.17579294E+06  0.30723919E+06 -0.23511939E+05  0.32206325E+06  0.70281969E+05 -0.13111709E+06 1989  236    0   56    0    0  0.79668581E+00  0.58219105E+00  0.16231257E+00  0.12049872E+00  0.11016159E+00 -0.98658228E+00 -0.59225994E+00  0.80555451E+00  0.17610908E-01
 1989  236    0   57   36    0 -0.14590512E+07  0.40414459E+06 -0.78076569E+06  0.58152069E+02  0.15420871E+03  0.81848097E+01 -0.72269969E+06  0.15420974E+07 -0.38223148E+05  0.73837709E+01 -0.15270343E+02  0.80255777E+00  0.17930950E+06  0.30518788E+06 -0.23672070E+05  0.32201841E+06  0.69968188E+05 -0.13139481E+06 1989  236    0   57   36    0  0.79669708E+00  0.58218169E+00  0.16229147E+00  0.12039895E+00  0.11026217E+00 -0.98658317E+00 -0.59226525E+00  0.80554754E+00  0.17751489E-01
 1989  236    0   59   11 1000 -0.14533934E+07  0.41891216E+06 -0.77997994E+06  0.59711212E+02  0.15344652E+03  0.81849136E+01 -0.72199081E+06  0.15406314E+07 -0.38146102E+05  0.73838658E+01 -0.15270548E+02  0.80256325E+00  0.18280209E+06  0.30309625E+06 -0.23832168E+05  0.32197309E+06  0.69654281E+05 -0.13167231E+06 1989  236    0   59   11 1000  0.79676175E+00  0.58212793E+00  0.16216682E+00  0.12020893E+00  0.11031272E+00 -0.98660076E+00 -0.59221685E+00  0.80557942E+00  0.17915986E-01
 1989  236    1    0   48    0 -0.14475865E+07  0.43360578E+06 -0.77919419E+06  0.61260792E+02  0.15266858E+03  0.81850176E+01 -0.72128194E+06  0.15391654E+07 -0.38069055E+05  0.73839612E+01 -0.15270753E+02  0.80256873E+00  0.18627027E+06  0.30096453E+06 -0.23992232E+05  0.32192734E+06  0.69340281E+05 -0.13194962E+06 1989  236    1    0   48    0  0.79682571E+00  0.58204645E+00  0.16214433E+00  0.12011914E+00  0.11039995E+00 -0.98660189E+00 -0.59214878E+00  0.80562633E+00  0.18054597E-01
 1989  236    1    2   24    0 -0.14416316E+07  0.44822406E+06 -0.77840844E+06  0.62800659E+02  0.15187502E+03  0.81851215E+01 -0.72057312E+06  0.15376994E+07 -0.37992008E+05  0.73840566E+01 -0.15270959E+02  0.80257422E+00  0.18971361E+06  0.29879306E+06 -0.24152264E+05  0.32188112E+06  0.69026188E+05 -0.13222678E+06 1989  236    1    2   24    0  0.79686964E+00  0.58198899E+00  0.16213484E+00  0.11998162E+00  0.11057332E+00 -0.98659921E+00 -0.59211767E+00  0.80564404E+00  0.18284552E-01
 1989  236    1    4    0    0 -0.14355292E+07  0.46276541E+06 -0.77762262E+06  0.64330650E+02  0.15106595E+03  0.81852264E+01 -0.71986425E+06  0.15362334E+07 -0.37914961E+05  0.73841519E+01 -0.15271166E+02  0.80257970E+00  0.19313162E+06  0.29658219E+06 -0.24312262E+05  0.32183447E+06  0.68711969E+05 -0.13250375E+06 1989  236    1    4    0    0  0.79687113E+00  0.58202803E+00  0.16198763E+00  0.11982352E+00  0.11053892E+00 -0.98662233E+00 -0.59214771E+00  0.80562067E+00  0.18344633E-01
 1989  236    1    5   36    0 -0.14292804E+07  0.47722828E+06 -0.77683688E+06  0.65850609E+02  0.15024150E+03  0.81853313E+01 -0.71915538E+06  0.15347674E+07 -0.37837914E+05  0.73842478E+01 -0.15271373E+02  0.80258518E+00  0.19652386E+06  0.29433212E+06 -0.24472225E+05  0.32178738E+06  0.68397688E+05 -0.13278053E+06 1989  236    1    5   36    0  0.79690439E+00  0.58200455E+00  0.16190822E+00  0.11968291E+00  0.11059735E+00 -0.98663282E+00 -0.59213138E+00  0.80562961E+00  0.18479526E-01
 1989  236    1    7   11 1000 -0.14228860E+07  0.49161125E+06 -0.77605106E+06  0.67360374E+02  0.14940179E+03  0.81854362E+01 -0.71844644E+06  0.15333014E+07 -0.37760867E+05  0.73843441E+01 -0.15271580E+02  0.80259067E+00  0.19988986E+06  0.29204322E+06 -0.24632152E+05  0.32173981E+06  0.68083312E+05 -0.13305712E+06 1989  236    1    7   11 1000  0.79696423E+00  0.58192539E+00  0.16189839E+00  0.11963849E+00  0.11064428E+00 -0.98663294E+00 -0.59205985E+00  0.80568039E+00  0.18558856E-01
 1989  236    1    8   48    0 -0.14163476E+07  0.50591291E+06 -0.77526525E+06  0.68859802E+02  0.14854695E+03  0.81855412E+01 -0.71773756E+06  0.15318354E+07 -0.37683816E+05  0.73844404E+01 -0.15271787E+02  0.80259621E+00  0.20322917E+06  0.28971572E+06 -0.24792045E+05  0.32169178E+06  0.67768805E+05 -0.13333350E+06 1989  236    1    8   48    0  0.79699731E+00  0.58191764E+00  0.16176334E+00  0.11944234E+00  0.11068404E+00 -0.98665220E+00 -0.59205496E+00  0.80568045E+00  0.18709283E-01
 1989  236    1   10   24    0 -0.14096659E+07  0.52013175E+06 -0.77447944E+06  0.70348740E+02  0.14767711E+03  0.81856461E+01 -0.71702869E+06  0.15303694E+07 -0.37606770E+05  0.73845367E+01 -0.15271995E+02  0.80260170E+00  0.20654134E+06  0.28734997E+06 -0.24951904E+05  0.32164331E+06  0.67454211E+05 -0.13360969E+06 1989  236    1   10   24    0  0.79703915E+00  0.58186656E+00  0.16174047E+00  0.11934842E+00  0.11077520E+00 -0.98665345E+00 -0.59201741E+00  0.80570483E+00  0.18847313E-01
 1989  236    1   12    0    0 -0.14028410E+07  0.53426638E+06 -0.77369362E+06  0.71827034E+02  0.14679236E+03  0.81857510E+01 -0.71631975E+06  0.15289029E+07 -0.37529719E+05  0.73846331E+01 -0.15272203E+02  0.80260724E+00  0.20982600E+06  0.28494631E+06 -0.25111729E+05  0.32159438E+06  0.67139555E+05 -0.13388572E+06 1989  236    1   12    0    0  0.79705244E+00  0.58187968E+00  0.16162747E+00  0.11924927E+00  0.11071929E+00 -0.98667163E+00 -0.59201944E+00  0.80570298E+00  0.18860351E-01
 1989  236    1   13   36    0 -0.13958751E+07  0.54831538E+06 -0.77290775E+06  0.73294548E+02  0.14589285E+03  0.81858568E+01 -0.71561081E+06  0.15274364E+07 -0.37452668E+05  0.73847299E+01 -0.15272412E+02  0.80261272E+00  0.21308264E+06  0.28250503E+06 -0.25271516E+05  0.32154497E+06  0.66824805E+05 -0.13416156E+06 1989  236    1   13   36    0  0.79646897E+00  0.58265740E+00  0.16170247E+00  0.11917327E+00  0.11091821E+00 -0.98665857E+00 -0.59281963E+00  0.80511343E+00  0.18905722E-01
 1989  236    1   15   11 1000 -0.13887688E+07  0.56227738E+06 -0.77212194E+06  0.74751129E+02  0.14497870E+03  0.81859627E+01 -0.71490188E+06  0.15259704E+07 -0.37375617E+05  0.73848267E+01 -0.15272621E+02  0.80261827E+00  0.21631091E+06  0.28002641E+06 -0.25431268E+05  0.32149512E+06  0.66509930E+05 -0.13443722E+06 1989  236    1   15   11 1000  0.79703063E+00  0.58183682E+00  0.16188964E+00  0.11955371E+00  0.11074835E+00 -0.98663151E+00 -0.59198761E+00  0.80572999E+00  0.18709075E-01
 1989  236    1   16   48    0 -0.13815230E+07  0.57615094E+06 -0.77133606E+06  0.76196640E+02  0.14405006E+03  0.81860685E+01 -0.71419294E+06  0.15245044E+07 -0.37298562E+05  0.73849235E+01 -0.15272831E+02  0.80262381E+00  0.21951031E+06  0.27751088E+06 -0.25590984E+05  0.32144481E+06  0.66194961E+05 -0.13471266E+06 1989  236    1   16   48    0  0.79704505E+00  0.58191270E+00  0.16154541E+00  0.11924981E+00  0.11057910E+00 -0.98668730E+00 -0.59202939E+00  0.80569839E+00  0.18743552E-01
 1989  236    1   18   24    0 -0.13741391E+07  0.58993456E+06 -0.77055019E+06  0.77630905E+02  0.14310704E+03  0.81861753E+01 -0.71348400E+06  0.15230384E+07 -0.37221512E+05  0.73850207E+01 -0.15273041E+02  0.80262935E+00  0.22268042E+06  0.27495872E+06 -0.25750664E+05  0.32139409E+06  0.65879898E+05 -0.13498791E+06 1989  236    1   18   24    0  0.79685885E+00  0.58214909E+00  0.16161202E+00  0.11951707E+00  0.11031844E+00 -0.98668408E+00 -0.59222603E+00  0.80556333E+00  0.18331457E-01
 1989  236    1   20    0    0 -0.13666184E+07  0.60362700E+06 -0.76976431E+06  0.79053802E+02  0.14214978E+03  0.81862812E+01 -0.71277500E+06  0.15215719E+07 -0.37144461E+05  0.73851185E+01 -0.15273252E+02  0.80263489E+00  0.22582083E+06  0.27237028E+06 -0.25910307E+05  0.32134291E+06  0.65564766E+05 -0.13526300E+06 1989  236    1   20    0    0  0.79668462E+00  0.58234698E+00  0.16175793E+00  0.11978708E+00  0.11018943E+00 -0.98666579E+00 -0.59240586E+00  0.80543798E+00  0.18028572E-01
 1989  236    1   21   36    0 -0.13589615E+07  0.61722681E+06 -0.76897844E+06  0.80465202E+02  0.14117842E+03  0.81863880E+01 -0.71206600E+06  0.15201054E+07 -0.37067406E+05  0.73852162E+01 -0.15273462E+02  0.80264044E+00  0.22893112E+06  0.26974594E+06 -0.26069914E+05  0.32129125E+06  0.65249555E+05 -0.13553786E+06 1989  236    1   21   36    0  0.79659986E+00  0.58243489E+00  0.16185825E+00  0.12007615E+00  0.10996206E+00 -0.98665601E+00 -0.59246117E+00  0.80540544E+00  0.17659213E-01
 1989  236    1   23   12    0 -0.13511698E+07  0.63073275E+06 -0.76819250E+06  0.81864952E+02  0.14019310E+03  0.81864948E+01 -0.71135700E+06  0.15186394E+07 -0.36990352E+05  0.73853140E+01 -0.15273673E+02  0.80264598E+00  0.23201091E+06  0.26708600E+06 -0.26229484E+05  0.32123912E+06  0.64934227E+05 -0.13581255E+06 1989  236    1   23   12    0  0.79645330E+00  0.58261311E+00  0.16193868E+00  0.12029664E+00  0.10979128E+00 -0.98664820E+00 -0.59261364E+00  0.80529988E+00  0.17357219E-01
 1989  236    1   24   47 1000 -0.13432440E+07  0.64414344E+06 -0.76740662E+06  0.83252914E+02  0.13919394E+03  0.81866016E+01 -0.71064800E+06  0.15171734E+07 -0.36913301E+05  0.73854122E+01 -0.15273884E+02  0.80265158E+00  0.23505980E+06  0.26439081E+06 -0.26389018E+05  0.32118656E+06  0.64618805E+05 -0.13608705E+06 1989  236    1   24   47 1000  0.79634267E+00  0.58275580E+00  0.16196936E+00  0.12053484E+00  0.10951422E+00 -0.98664993E+00 -0.59271389E+00  0.80523437E+00  0.16968481E-01
 1989  236    1   26   24    0 -0.13351851E+07  0.65745756E+06 -0.76662069E+06  0.84628960E+02  0.13818109E+03  0.81867094E+01 -0.70993900E+06  0.15157069E+07 -0.36836246E+05  0.73855104E+01 -0.15274096E+02  0.80265713E+00  0.23807733E+06  0.26166080E+06 -0.26548514E+05  0.32113356E+06  0.64303293E+05 -0.13636133E+06 1989  236    1   26   24    0  0.79618704E+00  0.58296323E+00  0.16198786E+00  0.12070310E+00  0.10930948E+00 -0.98665202E+00 -0.59288865E+00  0.80511200E+00  0.16665317E-01
 1989  236    1   28    0    0 -0.13269954E+07  0.67067381E+06 -0.76583475E+06  0.85992950E+02  0.13715468E+03  0.81868162E+01 -0.70923000E+06  0.15142404E+07 -0.36759188E+05  0.73856087E+01 -0.15274309E+02  0.80266273E+00  0.24106312E+06  0.25889623E+06 -0.26707973E+05  0.32108009E+06  0.63987688E+05 -0.13663545E+06 1989  236    1   28    0    0  0.79611474E+00  0.58308375E+00  0.16191001E+00  0.12058586E+00  0.10933352E+00 -0.98666376E+00 -0.59300977E+00  0.80502146E+00  0.16730376E-01
 1989  236    1   29   35 1000 -0.13186751E+07  0.68379094E+06 -0.76504881E+06  0.87344749E+02  0.13611485E+03  0.81869240E+01 -0.70852100E+06  0.15127744E+07 -0.36682133E+05  0.73857069E+01 -0.15274522E+02  0.80266827E+00  0.24401683E+06  0.25609753E+06 -0.26867395E+05  0.32102619E+06  0.63671992E+05 -0.13690939E+06 1989  236    1   29   35 1000  0.79597181E+00  0.58329451E+00  0.16185343E+00  0.12045355E+00  0.10941048E+00 -0.98667139E+00 -0.59322840E+00  0.80485839E+00  0.16827755E-01
 1989  236    1   31   12    0 -0.13102252E+07  0.69680750E+06 -0.76426288E+06  0.88684227E+02  0.13506178E+03  0.81870317E+01 -0.70781200E+06  0.15113079E+07 -0.36605074E+05  0.73858056E+01 -0.15274734E+02  0.80267388E+00  0.24693800E+06  0.25326508E+06 -0.27026777E+05  0.32097181E+06  0.63356207E+05 -0.13718311E+06 1989  236    1   31   12    0  0.79590076E+00  0.58338726E+00  0.16186889E+00  0.12028058E+00  0.10966788E+00 -0.98666388E+00 -0.59335887E+00  0.80475610E+00  0.17114602E-01
 1989  236    1   32   47 1000 -0.13016480E+07  0.70972238E+06 -0.76347694E+06  0.90011261E+02  0.13399557E+03  0.81871395E+01 -0.70710294E+06  0.15098414E+07 -0.36528020E+05  0.73859048E+01 -0.15274948E+02  0.80267948E+00  0.24982625E+06  0.25039925E+06 -0.27186123E+05  0.32091697E+06  0.63040336E+05 -0.13745664E+06 1989  236    1   32   47 1000  0.79595244E+00  0.58331680E+00  0.16186850E+00  0.12024561E+00  0.10971712E+00 -0.98666263E+00 -0.59329665E+00  0.80480039E+00  0.17188314E-01
 1989  236    1   34   24    0 -0.12929438E+07  0.72253419E+06 -0.76269094E+06  0.91325706E+02  0.13291638E+03  0.81872482E+01 -0.70639388E+06  0.15083749E+07 -0.36450961E+05  0.73860040E+01 -0.15275163E+02  0.80268502E+00  0.25268120E+06  0.24750041E+06 -0.27345430E+05  0.32086169E+06  0.62724375E+05 -0.13772998E+06 1989  236    1   34   24    0  0.79611617E+00  0.58313739E+00  0.16170928E+00  0.12007630E+00  0.10968553E+00 -0.98668683E+00 -0.59311110E+00  0.80493474E+00  0.17301455E-01
 1989  236    1   36    0    0 -0.12841141E+07  0.73524181E+06 -0.76190500E+06  0.92627449E+02  0.13182434E+03  0.81873569E+01 -0.70568481E+06  0.15069084E+07 -0.36373902E+05  0.73861036E+01 -0.15275377E+02  0.80269063E+00  0.25550250E+06  0.24456897E+06 -0.27504697E+05  0.32080594E+06  0.62408320E+05 -0.13800314E+06 1989  236    1   36    0    0  0.79613775E+00  0.58309829E+00  0.16174416E+00  0.11997740E+00  0.10987984E+00 -0.98667723E+00 -0.59310222E+00  0.80493659E+00  0.17520875E-01
 1989  236    1   37   36    0 -0.12751599E+07  0.74784400E+06 -0.76111900E+06  0.93916367E+02  0.13071962E+03  0.81874657E+01 -0.70497575E+06  0.15054424E+07 -0.36296844E+05  0.73862033E+01 -0.15275592E+02  0.80269623E+00  0.25828977E+06  0.24160531E+06 -0.27663928E+05  0.32074978E+06  0.62092184E+05 -0.13827608E+06 1989  236    1   37   36    0  0.79605913E+00  0.58322746E+00  0.16166507E+00  0.11985859E+00  0.10990320E+00 -0.98668903E+00 -0.59323162E+00  0.80483979E+00  0.17584618E-01
 1989  236    1   39   12    0 -0.12660821E+07  0.76033956E+06 -0.76033300E+06  0.95192329E+02  0.12960237E+03  0.81875744E+01 -0.70426669E+06  0.15039759E+07 -0.36219785E+05  0.73863029E+01 -0.15275807E+02  0.80270183E+00  0.26104266E+06  0.23860981E+06 -0.27823115E+05  0.32069316E+06  0.61775957E+05 -0.13854883E+06 1989  236    1   39   12    0  0.79619974E+00  0.58307993E+00  0.16150469E+00  0.11963847E+00  0.10993768E+00 -0.98671186E+00 -0.59308732E+00  0.80494189E+00  0.17773561E-01
 1989  236    1   40   47 1000 -0.12568829E+07  0.77272731E+06 -0.75954700E+06  0.96455231E+02  0.12847273E+03  0.81876831E+01 -0.70355756E+06  0.15025094E+07 -0.36142727E+05  0.73864031E+01 -0.15276023E+02  0.80270749E+00  0.26376078E+06  0.23558286E+06 -0.27982268E+05  0.32063606E+06  0.61459641E+05 -0.13882139E+06 1989  236    1   40   47 1000  0.79621768E+00  0.58306724E+00  0.16146252E+00  0.11948442E+00  0.11007635E+00 -0.98671520E+00 -0.59309447E+00  0.80493224E+00  0.17977290E-01
 1989  236    1   42   24    0 -0.12475631E+07  0.78500600E+06 -0.75876094E+06  0.97704933E+02  0.12733085E+03  0.81877918E+01 -0.70284844E+06  0.15010429E+07 -0.36065664E+05  0.73865032E+01 -0.15276239E+02  0.80271310E+00  0.26644375E+06  0.23252491E+06 -0.28141379E+05  0.32057853E+06  0.61143238E+05 -0.13909373E+06 1989  236    1   42   24    0  0.79626769E+00  0.58303046E+00  0.16134824E+00  0.11939222E+00  0.11001065E+00 -0.98673356E+00 -0.59304577E+00  0.80496776E+00  0.17988626E-01
 1989  236    1   44    0    0 -0.12381244E+07  0.79717450E+06 -0.75797488E+06  0.98941322E+02  0.12617689E+03  0.81879015E+01 -0.70213938E+06  0.14995764E+07 -0.35988605E+05  0.73866034E+01 -0.15276456E+02  0.80271870E+00  0.26909122E+06  0.22943636E+06 -0.28300449E+05  0.32052053E+06  0.60826754E+05 -0.13936592E+06 1989  236    1   44    0    0  0.79622591E+00  0.58310014E+00  0.16130303E+00  0.11928068E+00  0.11008346E+00 -0.98673898E+00 -0.59312439E+00  0.80490738E+00  0.18098723E-01
 1989  236    1   45   36    0 -0.12285672E+07  0.80923162E+06 -0.75718888E+06  0.10016428E+03  0.12501099E+03  0.81880112E+01 -0.70143025E+06  0.14981099E+07 -0.35911543E+05  0.73867040E+01 -0.15276672E+02  0.80272430E+00  0.27170288E+06  0.22631759E+06 -0.28459480E+05  0.32046206E+06  0.60510180E+05 -0.13963792E+06 1989  236    1   45   36    0  0.79633468E+00  0.58295751E+00  0.16128154E+00  0.11920153E+00  0.11016013E+00 -0.98673999E+00 -0.59299427E+00  0.80500019E+00  0.18234905E-01
 1989  236    1   47   12    0 -0.12188930E+07  0.82117619E+06 -0.75640281E+06  0.10137370E+03  0.12383331E+03  0.81881218E+01 -0.70072112E+06  0.14966429E+07 -0.35834480E+05  0.73868046E+01 -0.15276890E+02  0.80272996E+00  0.27427838E+06  0.22316903E+06 -0.28618473E+05  0.32040316E+06  0.60193523E+05 -0.13990967E+06 1989  236    1   47   12    0  0.79637384E+00  0.58291626E+00  0.16123691E+00  0.11910820E+00  0.11021322E+00 -0.98674530E+00 -0.59296036E+00  0.80502278E+00  0.18340804E-01
 1989  236    1   48   48    0 -0.12091039E+07  0.83300719E+06 -0.75561675E+06  0.10256947E+03  0.12264402E+03  0.81882315E+01 -0.70001200E+06  0.14951764E+07 -0.35757418E+05  0.73869052E+01 -0.15277108E+02  0.80273557E+00  0.27681734E+06  0.21999111E+06 -0.28777424E+05  0.32034381E+06  0.59876781E+05 -0.14018123E+06 1989  236    1   48   48    0  0.79633498E+00  0.58294630E+00  0.16132013E+00  0.11910193E+00  0.11036065E+00 -0.98672956E+00 -0.59301370E+00  0.80498081E+00  0.18454019E-01
 1989  236    1   50   24    0 -0.11992001E+07  0.84472344E+06 -0.75483069E+06  0.10375148E+03  0.12144325E+03  0.81883421E+01 -0.69930281E+06  0.14937099E+07 -0.35680355E+05  0.73870068E+01 -0.15277327E+02  0.80274123E+00  0.27931944E+06  0.21678425E+06 -0.28936332E+05  0.32028403E+06  0.59559953E+05 -0.14045261E+06 1989  236    1   50   24    0  0.79639691E+00  0.58281171E+00  0.16150065E+00  0.11937600E+00  0.11029732E+00 -0.98670352E+00 -0.59287548E+00  0.80508697E+00  0.18266726E-01
 1989  236    1   52    0    0 -0.11891840E+07  0.85632388E+06 -0.75404456E+06  0.10491961E+03  0.12023118E+03  0.81884527E+01 -0.69859369E+06  0.14922434E+07 -0.35603293E+05  0.73871083E+01 -0.15277545E+02  0.80274689E+00  0.28178438E+06  0.21354888E+06 -0.29095203E+05  0.32022378E+06  0.59243043E+05 -0.14072378E+06 1989  236    1   52    0    0  0.79637295E+00  0.58280718E+00  0.16163489E+00  0.11951348E+00  0.11033668E+00 -0.98668253E+00 -0.59287989E+00  0.80508482E+00  0.18215828E-01
 1989  236    1   53   36    0 -0.11790562E+07  0.86780750E+06 -0.75325850E+06  0.10607377E+03  0.11900796E+03  0.81885633E+01 -0.69788450E+06  0.14907769E+07 -0.35526230E+05  0.73872094E+01 -0.15277764E+02  0.80275249E+00  0.28421181E+06  0.21028538E+06 -0.29254035E+05  0.32016303E+06  0.58926047E+05 -0.14099478E+06 1989  236    1   53   36    0  0.79639196E+00  0.58283007E+00  0.16145901E+00  0.11921683E+00  0.11044270E+00 -0.98670655E+00 -0.59291422E+00  0.80505377E+00  0.18472530E-01
 1989  236    1   55   11 1000 -0.11688181E+07  0.87917319E+06 -0.75247238E+06  0.10721384E+03  0.11777374E+03  0.81886740E+01 -0.69717531E+06  0.14893099E+07 -0.35449164E+05  0.73873110E+01 -0.15277984E+02  0.80275816E+00  0.28660141E+06  0.20699423E+06 -0.29412822E+05  0.32010188E+06  0.58608965E+05 -0.14126556E+06 1989  236    1   55   11 1000  0.79640496E+00  0.58274603E+00  0.16169797E+00  0.11952668E+00  0.11042720E+00 -0.98667079E+00 -0.59283435E+00  0.80511671E+00  0.18291067E-01
 1989  236    1   56   48    0 -0.11584715E+07  0.89041975E+06 -0.75168631E+06  0.10833971E+03  0.11652869E+03  0.81887856E+01 -0.69646612E+06  0.14878429E+07 -0.35372102E+05  0.73874130E+01 -0.15278204E+02  0.80276382E+00  0.28895288E+06  0.20367591E+06 -0.29571568E+05  0.32004028E+06  0.58291805E+05 -0.14153616E+06 1989  236    1   56   48    0  0.79639804E+00  0.58271068E+00  0.16185972E+00  0.11973125E+00  0.11042298E+00 -0.98664641E+00 -0.59280241E+00  0.80514288E+00  0.18171977E-01
 1989  236    1   58   24    0 -0.11480174E+07  0.90154631E+06 -0.75090012E+06  0.10945129E+03  0.11527299E+03  0.81888962E+01 -0.69575694E+06  0.14863764E+07 -0.35295035E+05  0.73875155E+01 -0.15278424E+02  0.80276948E+00  0.29126581E+06  0.20033081E+06 -0.29730273E+05  0.31997822E+06  0.57974562E+05 -0.14180653E+06 1989  236    1   58   24    0  0.79639310E+00  0.58264148E+00  0.16213198E+00  0.12003611E+00  0.11046954E+00 -0.98660415E+00 -0.59274721E+00  0.80518651E+00  0.18039171E-01
 1989  236    2    0    0    0 -0.11374572E+07  0.91255181E+06 -0.75011400E+06  0.11054848E+03  0.11400677E+03  0.81890078E+01 -0.69504775E+06  0.14849099E+07 -0.35217969E+05  0.73876181E+01 -0.15278646E+02  0.80277520E+00  0.29354003E+06  0.19695938E+06 -0.29888936E+05  0.31991569E+06  0.57657238E+05 -0.14207669E+06 1989  236    2    0    0    0  0.79633284E+00  0.58266932E+00  0.16232866E+00  0.12027411E+00  0.11047627E+00 -0.98657447E+00 -0.59278011E+00  0.80516547E+00  0.17895840E-01
 1989  236    2    1   36    0 -0.11267926E+07  0.92343525E+06 -0.74932788E+06  0.11163119E+03  0.11273022E+03  0.81891203E+01 -0.69433850E+06  0.14834429E+07 -0.35140902E+05  0.73877206E+01 -0.15278867E+02  0.80278087E+00  0.29577522E+06  0.19356211E+06 -0.30047553E+05  0.31985272E+06  0.57339832E+05 -0.14234669E+06 1989  236    2    1   36    0  0.79638547E+00  0.58252436E+00  0.16259034E+00  0.12054692E+00  0.11055139E+00 -0.98653281E+00 -0.59265399E+00  0.80526006E+00  0.17819993E-01
 1989  236    2    3   11 1000 -0.11160245E+07  0.93419562E+06 -0.74854169E+06  0.11269930E+03  0.11144348E+03  0.81892319E+01 -0.69362931E+06  0.14819759E+07 -0.35063836E+05  0.73878231E+01 -0.15279089E+02  0.80278653E+00  0.29797103E+06  0.19013939E+06 -0.30206129E+05  0.31978931E+06  0.57022344E+05 -0.14261647E+06 1989  236    2    3   11 1000  0.79637730E+00  0.58252323E+00  0.16263390E+00  0.12064594E+00  0.11049013E+00 -0.98652750E+00 -0.59264463E+00  0.80526930E+00  0.17712761E-01
 1989  236    2    4   48    0 -0.11051549E+07  0.94483206E+06 -0.74775550E+06  0.11375273E+03  0.11014674E+03  0.81893444E+01 -0.69292006E+06  0.14805094E+07 -0.34986766E+05  0.73879261E+01 -0.15279311E+02  0.80279225E+00  0.30012722E+06  0.18669172E+06 -0.30364664E+05  0.31972547E+06  0.56704773E+05 -0.14288603E+06 1989  236    2    4   48    0  0.79637742E+00  0.58252352E+00  0.16263236E+00  0.12064372E+00  0.11049056E+00 -0.98652774E+00 -0.59264499E+00  0.80526906E+00  0.17714377E-01
 1989  236    2    6   24    0 -0.10941848E+07  0.95534356E+06 -0.74696931E+06  0.11479140E+03  0.10884014E+03  0.81894569E+01 -0.69221081E+06  0.14790428E+07 -0.34909699E+05  0.73880296E+01 -0.15279533E+02  0.80279791E+00  0.30224341E+06  0.18321952E+06 -0.30523156E+05  0.31966116E+06  0.56387125E+05 -0.14315544E+06 1989  236    2    6   24    0  0.79642963E+00  0.58249652E+00  0.16247366E+00  0.12045152E+00  0.11048567E+00 -0.98655176E+00 -0.59261394E+00  0.80528927E+00  0.17831486E-01
 1989  236    2    8    0    0 -0.10831151E+07  0.96572912E+06 -0.74618312E+06  0.11581521E+03  0.10752386E+03  0.81895695E+01 -0.69150156E+06  0.14775758E+07 -0.34832629E+05  0.73881326E+01 -0.15279757E+02  0.80280364E+00  0.30431944E+06  0.17972327E+06 -0.30681607E+05  0.31959638E+06  0.56069398E+05 -0.14342462E+06 1989  236    2    8    0    0  0.79646903E+00  0.58245486E+00  0.16242936E+00  0.12035775E+00  0.11054001E+00 -0.98655707E+00 -0.59257996E+00  0.80531186E+00  0.17938744E-01
 1989  236    2    9   36    0 -0.10719485E+07  0.97598781E+06 -0.74539694E+06  0.11682405E+03  0.10619807E+03  0.81896820E+01 -0.69079231E+06  0.14761088E+07 -0.34755559E+05  0.73882360E+01 -0.15279981E+02  0.80280930E+00  0.30635497E+06  0.17620347E+06 -0.30840014E+05  0.31953116E+06  0.55751590E+05 -0.14369359E+06 1989  236    2    9   36    0  0.79654151E+00  0.58241618E+00  0.16221270E+00  0.12016992E+00  0.11043202E+00 -0.98659211E+00 -0.59252071E+00  0.80535465E+00  0.17974779E-01
 1989  236    2   11   11 1000 -0.10606860E+07  0.98611881E+06 -0.74461069E+06  0.11781786E+03  0.10486295E+03  0.81897955E+01 -0.69008300E+06  0.14746418E+07 -0.34678488E+05  0.73883400E+01 -0.15280205E+02  0.80281502E+00  0.30834978E+06  0.17266056E+06 -0.30998375E+05  0.31946550E+06  0.55433707E+05 -0.14396234E+06 1989  236    2   11   11 1000  0.79661721E+00  0.58233815E+00  0.16212167E+00  0.12008391E+00  0.11039876E+00 -0.98660630E+00 -0.59243655E+00  0.80541569E+00  0.18016111E-01
 1989  236    2   12   48    0 -0.10493285E+07  0.99612125E+06 -0.74382450E+06  0.11879654E+03  0.10351864E+03  0.81899090E+01 -0.68937375E+06  0.14731748E+07 -0.34601418E+05  0.73884439E+01 -0.15280429E+02  0.80282074E+00  0.31030356E+06  0.16909498E+06 -0.31156691E+05  0.31939934E+06  0.55115742E+05 -0.14423091E+06 1989  236    2   12   48    0  0.79664057E+00  0.58233529E+00  0.16201691E+00  0.11998545E+00  0.11035630E+00 -0.98662299E+00 -0.59242499E+00  0.80542356E+00  0.18042542E-01
 1989  236    2   14   24    0 -0.10378778E+07  0.10059941E+07 -0.74303825E+06  0.11976003E+03  0.10216533E+03  0.81900225E+01 -0.68866444E+06  0.14717078E+07 -0.34524348E+05  0.73885484E+01 -0.15280654E+02  0.80282646E+00  0.31221606E+06  0.16550730E+06 -0.31314967E+05  0.31933278E+06  0.54797703E+05 -0.14449928E+06 1989  236    2   14   24    0  0.79673308E+00  0.58223355E+00  0.16192789E+00  0.11984685E+00  0.11039872E+00 -0.98663509E+00 -0.59232867E+00  0.80549133E+00  0.18179469E-01
 1989  236    2   16    0    0 -0.10263352E+07  0.10157366E+07 -0.74225200E+06  0.12070821E+03  0.10080319E+03  0.81901360E+01 -0.68795512E+06  0.14702408E+07 -0.34447277E+05  0.73886528E+01 -0.15280879E+02  0.80283219E+00  0.31408703E+06  0.16189792E+06 -0.31473197E+05  0.31926578E+06  0.54479582E+05 -0.14476744E+06 1989  236    2   16    0    0  0.79672182E+00  0.58229738E+00  0.16175377E+00  0.11969556E+00  0.11030881E+00 -0.98666358E+00 -0.59237444E+00  0.80545759E+00  0.18187031E-01
 1989  236    2   17   36    0 -0.10147023E+07  0.10253480E+07 -0.74146575E+06  0.12164103E+03  0.99432396E+02  0.81902504E+01 -0.68724581E+06  0.14687738E+07 -0.34370207E+05  0.73887572E+01 -0.15281105E+02  0.80283791E+00  0.31591625E+06  0.15826733E+06 -0.31631383E+05  0.31919828E+06  0.54161391E+05 -0.14503541E+06 1989  236    2   17   36    0  0.79680544E+00  0.58219206E+00  0.16171972E+00  0.11966977E+00  0.11029047E+00 -0.98666871E+00 -0.59226686E+00  0.80553603E+00  0.18209241E-01
 1989  236    2   19   12    0 -0.10029806E+07  0.10348274E+07 -0.74067944E+06  0.12255840E+03  0.98053093E+02  0.81903648E+01 -0.68653650E+06  0.14673068E+07 -0.34293129E+05  0.73888621E+01 -0.15281331E+02  0.80284363E+00  0.31770347E+06  0.15461600E+06 -0.31789525E+05  0.31913034E+06  0.53843117E+05 -0.14530316E+06 1989  236    2   19   12    0  0.79683459E+00  0.58212626E+00  0.16181369E+00  0.11972286E+00  0.11037906E+00 -0.98665237E+00 -0.59221709E+00  0.80557156E+00  0.18260039E-01
 1989  236    2   20   47 1000 -0.99117150E+06  0.10441739E+07 -0.73989319E+06  0.12346025E+03  0.96665482E+02  0.81904793E+01 -0.68582719E+06  0.14658398E+07 -0.34216059E+05  0.73889670E+01 -0.15281558E+02  0.80284935E+00  0.31944844E+06  0.15094445E+06 -0.31947625E+05  0.31906197E+06  0.53524766E+05 -0.14557069E+06 1989  236    2   20   47 1000  0.79675150E+00  0.58221704E+00  0.16189660E+00  0.11985445E+00  0.11033620E+00 -0.98664123E+00 -0.59230238E+00  0.80551189E+00  0.18129222E-01
 1989  236    2   22   24    0 -0.97927662E+06  0.10533868E+07 -0.73910694E+06  0.12434651E+03  0.95269730E+02  0.81905937E+01 -0.68511781E+06  0.14643728E+07 -0.34138984E+05  0.73890724E+01 -0.15281785E+02  0.80285513E+00  0.32115091E+06  0.14725322E+06 -0.32105674E+05  0.31899316E+06  0.53206344E+05 -0.14583803E+06 1989  236    2   22   24    0  0.79680574E+00  0.58209276E+00  0.16207671E+00  0.12002414E+00  0.11041356E+00 -0.98661196E+00 -0.59219509E+00  0.80559111E+00  0.18112987E-01
 1989  236    2   24    0    0 -0.96729750E+06  0.10624655E+07 -0.73832062E+06  0.12521709E+03  0.93866013E+02  0.81907091E+01 -0.68440844E+06  0.14629058E+07 -0.34061910E+05  0.73891778E+01 -0.15282013E+02  0.80286086E+00  0.32281072E+06  0.14354269E+06 -0.32263680E+05  0.31892391E+06  0.52887844E+05 -0.14610517E+06 1989  236    2   24    0    0  0.79676479E+00  0.58211398E+00  0.16220173E+00  0.12021896E+00  0.11035835E+00 -0.98659438E+00 -0.59221071E+00  0.80558330E+00  0.17948516E-01
 1989  236    2   25   35 1000 -0.95523550E+06  0.10714088E+07 -0.73753431E+06  0.12607195E+03  0.92454506E+02  0.81908236E+01 -0.68369912E+06  0.14614388E+07 -0.33984836E+05  0.73892832E+01 -0.15282241E+02  0.80286658E+00  0.32442759E+06  0.13981339E+06 -0.32421641E+05  0.31885419E+06  0.52569273E+05 -0.14637211E+06 1989  236    2   25   35 1000  0.79684025E+00  0.58197850E+00  0.16231653E+00  0.12033811E+00  0.11039461E+00 -0.98657578E+00 -0.59208477E+00  0.80567616E+00  0.17932668E-01
 1989  236    2   27   12    0 -0.94309219E+06  0.10802159E+07 -0.73674800E+06  0.12691100E+03  0.91035378E+02  0.81909389E+01 -0.68298975E+06  0.14599718E+07 -0.33907758E+05  0.73893890E+01 -0.15282470E+02  0.80287236E+00  0.32600134E+06  0.13606586E+06 -0.32579555E+05  0.31878400E+06  0.52250625E+05 -0.14663883E+06 1989  236    2   27   12    0  0.79678231E+00  0.58204222E+00  0.16237298E+00  0.12042773E+00  0.11036550E+00 -0.98656815E+00 -0.59214467E+00  0.80563420E+00  0.17843276E-01
 1989  236    2   28   47 1000 -0.93086912E+06  0.10888871E+07 -0.73596162E+06  0.12773417E+03  0.89608803E+02  0.81910543E+01 -0.68228031E+06  0.14585048E+07 -0.33830684E+05  0.73894954E+01 -0.15282699E+02  0.80287814E+00  0.32753175E+06  0.13230056E+06 -0.32737424E+05  0.31871338E+06  0.51931902E+05 -0.14690533E+06 1989  236    2   28   47 1000  0.79678392E+00  0.58213812E+00  0.16202064E+00  0.11991662E+00  0.11046364E+00 -0.98661941E+00 -0.59224617E+00  0.80555135E+00  0.18207613E-01
 1989  236    2   30   24    0 -0.91856775E+06  0.10974208E+07 -0.73517525E+06  0.12854140E+03  0.88174957E+02  0.81911707E+01 -0.68157094E+06  0.14570378E+07 -0.33753609E+05  0.73896017E+01 -0.15282928E+02  0.80288386E+00  0.32901859E+06  0.12851802E+06 -0.32895246E+05  0.31864228E+06  0.51613109E+05 -0.14717164E+06 1989  236    2   30   24    0  0.79685301E+00  0.58203983E+00  0.16203366E+00  0.11997820E+00  0.11040552E+00 -0.98661840E+00 -0.59214061E+00  0.80563033E+00  0.18144879E-01
 1989  236    2   32    0    0 -0.90618962E+06  0.11058165E+07 -0.73438894E+06  0.12933264E+03  0.86734024E+02  0.81912870E+01 -0.68086150E+06  0.14555708E+07 -0.33676531E+05  0.73897080E+01 -0.15283158E+02  0.80288965E+00  0.33046175E+06  0.12471869E+06 -0.33053020E+05  0.31857075E+06  0.51294242E+05 -0.14743777E+06 1989  236    2   32    0    0  0.79682374E+00  0.58206159E+00  0.16209923E+00  0.12008515E+00  0.11036965E+00 -0.98660940E+00 -0.59215832E+00  0.80561954E+00  0.18048212E-01
 1989  236    2   33   36    0 -0.89373631E+06  0.11140738E+07 -0.73360256E+06  0.13010783E+03  0.85286179E+02  0.81914034E+01 -0.68015206E+06  0.14541032E+07 -0.33599453E+05  0.73898149E+01 -0.15283388E+02  0.80289543E+00  0.33186097E+06  0.12090310E+06 -0.33210754E+05  0.31849878E+06  0.50975301E+05 -0.14770364E+06 1989  236    2   33   36    0  0.79677111E+00  0.58209503E+00  0.16223796E+00  0.12022193E+00  0.11041598E+00 -0.98658752E+00 -0.59220135E+00  0.80558908E+00  0.17995674E-01
 1989  236    2   35   12    0 -0.88120938E+06  0.11221914E+07 -0.73281619E+06  0.13086691E+03  0.83831596E+02  0.81915197E+01 -0.67944269E+06  0.14526358E+07 -0.33522375E+05  0.73899221E+01 -0.15283620E+02  0.80290121E+00  0.33321609E+06  0.11707182E+06 -0.33368434E+05  0.31842634E+06  0.50656289E+05 -0.14796933E+06 1989  236    2   35   12    0  0.79686004E+00  0.58195752E+00  0.16229448E+00  0.12034389E+00  0.11035037E+00 -0.98658007E+00 -0.59205687E+00  0.80569738E+00  0.17898746E-01
 1989  236    2   36   47 1000 -0.86861044E+06  0.11301690E+07 -0.73202981E+06  0.13160980E+03  0.82370468E+02  0.81916361E+01 -0.67873325E+06  0.14511688E+07 -0.33445297E+05  0.73900294E+01 -0.15283851E+02  0.80290699E+00  0.33452694E+06  0.11322530E+06 -0.33526066E+05  0.31835347E+06  0.50337207E+05 -0.14823483E+06 1989  236    2   36   47 1000  0.79682964E+00  0.58198643E+00  0.16233987E+00  0.12043998E+00  0.11029504E+00 -0.98657447E+00 -0.59207827E+00  0.80568403E+00  0.17791934E-01
 1989  236    2   38   24    0 -0.85594088E+06  0.11380062E+07 -0.73124338E+06  0.13233649E+03  0.80902969E+02  0.81917534E+01 -0.67802381E+06  0.14497018E+07 -0.33368219E+05  0.73901367E+01 -0.15284082E+02  0.80291277E+00  0.33579334E+06  0.10936405E+06 -0.33683656E+05  0.31828016E+06  0.50018051E+05 -0.14850008E+06 1989  236    2   38   24    0  0.79682279E+00  0.58195156E+00  0.16249891E+00  0.12064199E+00  0.11028935E+00 -0.98655045E+00 -0.59204650E+00  0.80571008E+00  0.17673273E-01
 1989  236    2   40    0    0 -0.84320238E+06  0.11457024E+07 -0.73045700E+06  0.13304689E+03  0.79429260E+02  0.81918707E+01 -0.67731431E+06  0.14482342E+07 -0.33291137E+05  0.73902445E+01 -0.15284315E+02  0.80291855E+00  0.33701509E+06  0.10548862E+06 -0.33841199E+05  0.31820638E+06  0.49698828E+05 -0.14876511E+06 1989  236    2   40    0    0  0.79676849E+00  0.58200383E+00  0.16257818E+00  0.12073308E+00  0.11029720E+00 -0.98653841E+00 -0.59210104E+00  0.80567122E+00  0.17614234E-01
 1989  236    2   41   36    0 -0.83039644E+06  0.11532565E+07 -0.72967056E+06  0.13374095E+03  0.77949539E+02  0.81919880E+01 -0.67660488E+06  0.14467668E+07 -0.33214055E+05  0.73903522E+01 -0.15284548E+02  0.80292439E+00  0.33819209E+06  0.10159952E+06 -0.33998691E+05  0.31813216E+06  0.49379535E+05 -0.14902995E+06 1989  236    2   41   36    0  0.79681855E+00  0.58193797E+00  0.16256858E+00  0.12074500E+00  0.11026718E+00 -0.98654032E+00 -0.59203124E+00  0.80572289E+00  0.17596826E-01
 1989  236    2   43   12    0 -0.81752462E+06  0.11606681E+07 -0.72888412E+06  0.13441866E+03  0.76463989E+02  0.81921053E+01 -0.67589538E+06  0.14452998E+07 -0.33136977E+05  0.73904600E+01 -0.15284781E+02  0.80293018E+00  0.33932412E+06  0.97697219E+05 -0.34156137E+05  0.31805750E+06  0.49060172E+05 -0.14929461E+06 1989  236    2   43   12    0  0.79689133E+00  0.58184248E+00  0.16255367E+00  0.12075692E+00  0.11022934E+00 -0.98654312E+00 -0.59193087E+00  0.80579704E+00  0.17579291E-01
 1989  236    2   44   47 1000 -0.80458850E+06  0.11679369E+07 -0.72809769E+06  0.13507993E+03  0.74972763E+02  0.81922235E+01 -0.67518588E+06  0.14438322E+07 -0.33059895E+05  0.73905683E+01 -0.15285015E+02  0.80293596E+00  0.34041112E+06  0.93782250E+05 -0.34313531E+05  0.31798241E+06  0.48740734E+05 -0.14955905E+06 1989  236    2   44   47 1000  0.79696411E+00  0.58184767E+00  0.16217813E+00  0.12041053E+00  0.11006779E+00 -0.98660344E+00 -0.59190345E+00  0.80581540E+00  0.17659497E-01
 1989  236    2   46   24    0 -0.79158969E+06  0.11750625E+07 -0.72731119E+06  0.13572475E+03  0.73476067E+02  0.81923418E+01 -0.67447638E+06  0.14423648E+07 -0.32982812E+05  0.73906770E+01 -0.15285249E+02  0.80294180E+00  0.34145288E+06  0.89855156E+05 -0.34470879E+05  0.31790684E+06  0.48421230E+05 -0.14982327E+06 1989  236    2   46   24    0  0.79637730E+00  0.58270407E+00  0.16198543E+00  0.12003528E+00  0.11022176E+00 -0.98663205E+00 -0.59276879E+00  0.80517524E+00  0.17833065E-01
 1989  236    2   48    0    0 -0.77852988E+06  0.11820441E+07 -0.72652475E+06  0.13635304E+03  0.71974075E+02  0.81924601E+01 -0.67376688E+06  0.14408978E+07 -0.32905727E+05  0.73907857E+01 -0.15285483E+02  0.80294764E+00  0.34244931E+06  0.85916469E+05 -0.34628180E+05  0.31783078E+06  0.48101660E+05 -0.15008727E+06 1989  236    2   48    0    0  0.79689503E+00  0.58205712E+00  0.16176532E+00  0.11993958E+00  0.11000535E+00 -0.98666787E+00 -0.59209204E+00  0.80567265E+00  0.17851036E-01
 1989  236    2   49   36    0 -0.76541050E+06  0.11888814E+07 -0.72573825E+06  0.13696478E+03  0.70466980E+02  0.81925783E+01 -0.67305738E+06  0.14394302E+07 -0.32828645E+05  0.73908944E+01 -0.15285719E+02  0.80295342E+00  0.34340025E+06  0.81966688E+05 -0.34785434E+05  0.31775431E+06  0.47782020E+05 -0.15035105E+06 1989  236    2   49   36    0  0.79685712E+00  0.58216608E+00  0.16155970E+00  0.11962533E+00  0.11008246E+00 -0.98669738E+00 -0.59220660E+00  0.80558342E+00  0.18078186E-01
 1989  236    2   51   11 1000 -0.75223319E+06  0.11955740E+07 -0.72495175E+06  0.13755995E+03  0.68954948E+02  0.81926975E+01 -0.67234781E+06  0.14379628E+07 -0.32751562E+05  0.73910036E+01 -0.15285954E+02  0.80295926E+00  0.34430556E+06  0.78006375E+05 -0.34942633E+05  0.31767741E+06  0.47462316E+05 -0.15061462E+06 1989  236    2   51   11 1000  0.79688287E+00  0.58222258E+00  0.16122836E+00  0.11932462E+00  0.10993119E+00 -0.98675060E+00 -0.59223253E+00  0.80556321E+00  0.18128805E-01
 1989  236    2   52   48    0 -0.73899956E+06  0.12021211E+07 -0.72416525E+06  0.13813849E+03  0.67438171E+02  0.81928167E+01 -0.67163831E+06  0.14364952E+07 -0.32674479E+05  0.73911133E+01 -0.15286191E+02  0.80296510E+00  0.34516516E+06  0.74036031E+05 -0.35099785E+05  0.31760006E+06  0.47142543E+05 -0.15087800E+06 1989  236    2   52   48    0  0.79672188E+00  0.58250272E+00  0.16101210E+00  0.11908726E+00  0.10987911E+00 -0.98678511E+00 -0.59249687E+00  0.80536777E+00  0.18174428E-01
 1989  236    2   54   24    0 -0.72571119E+06  0.12085222E+07 -0.72337875E+06  0.13870036E+03  0.65916824E+02  0.81929359E+01 -0.67092875E+06  0.14350278E+07 -0.32597393E+05  0.73912230E+01 -0.15286427E+02  0.80297095E+00  0.34597888E+06  0.70056195E+05 -0.35256891E+05  0.31752225E+06  0.46822707E+05 -0.15114116E+06 1989  236    2   54   24    0  0.79659325E+00  0.58266592E+00  0.16105828E+00  0.11916251E+00  0.10984847E+00 -0.98677945E+00 -0.59265471E+00  0.80525386E+00  0.18072609E-01
 1989  236    2   56    0    0 -0.71236969E+06  0.12147769E+07 -0.72259225E+06  0.13924556E+03  0.64391090E+02  0.81930552E+01 -0.67021919E+06  0.14335602E+07 -0.32520307E+05  0.73913326E+01 -0.15286665E+02  0.80297679E+00  0.34674669E+06  0.66067406E+05 -0.35413941E+05  0.31744400E+06  0.46502801E+05 -0.15140409E+06 1989  236    2   56    0    0  0.79653651E+00  0.58275008E+00  0.16103412E+00  0.11915073E+00  0.10982069E+00 -0.98678392E+00 -0.59273332E+00  0.80519670E+00  0.18041089E-01
 1989  236    2   57   36    0 -0.69897656E+06  0.12208850E+07 -0.72180562E+06  0.13977403E+03  0.62861141E+02  0.81931753E+01 -0.66950962E+06  0.14320928E+07 -0.32443221E+05  0.73914428E+01 -0.15286902E+02  0.80298263E+00  0.34746844E+06  0.62070141E+05 -0.35570945E+05  0.31736531E+06  0.46182828E+05 -0.15166681E+06 1989  236    2   57   36    0  0.79642677E+00  0.58289391E+00  0.16105676E+00  0.11922985E+00  0.10974586E+00 -0.98678273E+00 -0.59286493E+00  0.80510288E+00  0.17906193E-01
 1989  236    2   59   11 1000 -0.68553350E+06  0.12268461E+07 -0.72101906E+06  0.14028575E+03  0.61327183E+02  0.81932955E+01 -0.66880000E+06  0.14306252E+07 -0.32366133E+05  0.73915529E+01 -0.15287140E+02  0.80298847E+00  0.34814409E+06  0.58064957E+05 -0.35727898E+05  0.31728616E+06  0.45862789E+05 -0.15192931E+06 1989  236    2   59   11 1000  0.79634058E+00  0.58301723E+00  0.16103576E+00  0.11925863E+00  0.10966685E+00 -0.98678803E+00 -0.59297472E+00  0.80502427E+00  0.17802317E-01
 1989  236    3    0   48    0 -0.67204219E+06  0.12326598E+07 -0.72023250E+06  0.14078070E+03  0.59789387E+02  0.81934156E+01 -0.66809044E+06  0.14291572E+07 -0.32289045E+05  0.73916631E+01 -0.15287379E+02  0.80299431E+00  0.34877350E+06  0.54052422E+05 -0.35884801E+05  0.31720656E+06  0.45542688E+05 -0.15219159E+06 1989  236    3    0   48    0  0.79620427E+00  0.58317596E+00  0.16113582E+00  0.11938852E+00  0.10965303E+00 -0.98677385E+00 -0.59313178E+00  0.80491126E+00  0.17681692E-01
 1989  236    3    2   24    0 -0.65850412E+06  0.12383254E+07 -0.71944594E+06  0.14125885E+03  0.58247936E+02  0.81935358E+01 -0.66738081E+06  0.14276898E+07 -0.32211957E+05  0.73917742E+01 -0.15287619E+02  0.80300021E+00  0.34935659E+06  0.50033047E+05 -0.36041652E+05  0.31712650E+06  0.45222523E+05 -0.15245369E+06 1989  236    3    2   24    0  0.79614073E+00  0.58326602E+00  0.16112332E+00  0.11947761E+00  0.10950775E+00 -0.98677921E+00 -0.59319901E+00  0.80486572E+00  0.17496359E-01
 1989  236    3    4    0    0 -0.64492106E+06  0.12438430E+07 -0.71865938E+06  0.14172017E+03  0.56703018E+02  0.81936569E+01 -0.66667119E+06  0.14262222E+07 -0.32134869E+05  0.73918853E+01 -0.15287858E+02  0.80300605E+00  0.34989331E+06  0.46007371E+05 -0.36198453E+05  0.31704600E+06  0.44902293E+05 -0.15271556E+06 1989  236    3    4    0    0  0.79606092E+00  0.58335429E+00  0.16119857E+00  0.11955655E+00  0.10952401E+00 -0.98676789E+00 -0.59329039E+00  0.80479956E+00  0.17443974E-01
 1989  236    3    5   36    0 -0.63129444E+06  0.12492126E+07 -0.71787281E+06  0.14216466E+03  0.55154804E+02  0.81937780E+01 -0.66596156E+06  0.14247548E+07 -0.32057781E+05  0.73919964E+01 -0.15288098E+02  0.80301189E+00  0.35038359E+06  0.41975930E+05 -0.36355203E+05  0.31696503E+06  0.44582000E+05 -0.15297722E+06 1989  236    3    5   36    0  0.79593945E+00  0.58365130E+00  0.16072270E+00  0.11902587E+00  0.10943286E+00 -0.98684216E+00 -0.59355998E+00  0.80459666E+00  0.17632335E-01
 1989  236    3    7   11 1000 -0.61762600E+06  0.12544328E+07 -0.71708619E+06  0.14259229E+03  0.53603485E+02  0.81938992E+01 -0.66525194E+06  0.14232872E+07 -0.31980693E+05  0.73921080E+01 -0.15288339E+02  0.80301780E+00  0.35082738E+06  0.37939246E+05 -0.36511898E+05  0.31688362E+06  0.44261645E+05 -0.15323866E+06 1989  236    3    7   11 1000  0.79601717E+00  0.58353829E+00  0.16074735E+00  0.11904296E+00  0.10945512E+00 -0.98683757E+00 -0.59345210E+00  0.80467552E+00  0.17662022E-01
 1989  236    3    8   48    0 -0.60391725E+06  0.12595039E+07 -0.71629956E+06  0.14300302E+03  0.52049248E+02  0.81940212E+01 -0.66454231E+06  0.14218192E+07 -0.31903604E+05  0.73922195E+01 -0.15288580E+02  0.80302364E+00  0.35122456E+06  0.33897863E+05 -0.36668547E+05  0.31680178E+06  0.43941230E+05 -0.15349988E+06 1989  236    3    8   48    0  0.79602349E+00  0.58349144E+00  0.16088612E+00  0.11914608E+00  0.10955033E+00 -0.98681462E+00 -0.59342301E+00  0.80469656E+00  0.17683927E-01
 1989  236    3   10   24    0 -0.59016988E+06  0.12644260E+07 -0.71551294E+06  0.14339687E+03  0.50492264E+02  0.81941423E+01 -0.66383262E+06  0.14203512E+07 -0.31826512E+05  0.73923316E+01 -0.15288822E+02  0.80302954E+00  0.35157519E+06  0.29852301E+05 -0.36825145E+05  0.31671950E+06  0.43620746E+05 -0.15376091E+06 1989  236    3   10   24    0  0.79606044E+00  0.58341569E+00  0.16097817E+00  0.11915393E+00  0.10969722E+00 -0.98679727E+00 -0.59337187E+00  0.80473143E+00  0.17809343E-01
 1989  236    3   12    0    0 -0.57638550E+06  0.12691986E+07 -0.71472631E+06  0.14377382E+03  0.48932724E+02  0.81942644E+01 -0.66312300E+06  0.14188838E+07 -0.31749420E+05  0.73924437E+01 -0.15289064E+02  0.80303544E+00  0.35187912E+06  0.25803121E+05 -0.36981688E+05  0.31663678E+06  0.43300203E+05 -0.15402169E+06 1989  236    3   12    0    0  0.79611373E+00  0.58331430E+00  0.16108216E+00  0.11926758E+00  0.10972168E+00 -0.98678088E+00 -0.59327757E+00  0.80480170E+00  0.17780457E-01
 1989  236    3   13   36    0 -0.56256581E+06  0.12738212E+07 -0.71393962E+06  0.14413385E+03  0.47370811E+02  0.81943865E+01 -0.66241331E+06  0.14174162E+07 -0.31672328E+05  0.73925557E+01 -0.15289307E+02  0.80304134E+00  0.35213638E+06  0.21750879E+05 -0.37138180E+05  0.31655362E+06  0.42979602E+05 -0.15428225E+06 1989  236    3   13   36    0  0.79615045E+00  0.58323783E+00  0.16117682E+00  0.11927663E+00  0.10987134E+00 -0.98676306E+00 -0.59322625E+00  0.80483657E+00  0.17907467E-01
 1989  236    3   15   11 1000 -0.54871244E+06  0.12782938E+07 -0.71315294E+06  0.14447696E+03  0.45806713E+02  0.81945095E+01 -0.66170362E+06  0.14159482E+07 -0.31595236E+05  0.73926682E+01 -0.15289549E+02  0.80304724E+00  0.35234691E+06  0.17696094E+05 -0.37294617E+05  0.31647000E+06  0.42658941E+05 -0.15454262E+06 1989  236    3   15   11 1000  0.79619068E+00  0.58313876E+00  0.16133755E+00  0.11938678E+00  0.10999610E+00 -0.98673594E+00 -0.59315044E+00  0.80489147E+00  0.17958812E-01
 1989  236    3   16   48    0 -0.53482688E+06  0.12826164E+07 -0.71236625E+06  0.14480315E+03  0.44240608E+02  0.81946316E+01 -0.66099388E+06  0.14144802E+07 -0.31518145E+05  0.73927813E+01 -0.15289793E+02  0.80305314E+00  0.35251069E+06  0.13639303E+05 -0.37451004E+05  0.31638591E+06  0.42338219E+05 -0.15480273E+06 1989  236    3   16   48    0  0.79620975E+00  0.58309031E+00  0.16141801E+00  0.11949340E+00  0.10998847E+00 -0.98672378E+00 -0.59310323E+00  0.80492747E+00  0.17898444E-01
 1989  236    3   18   24    0 -0.52091078E+06  0.12867880E+07 -0.71157956E+06  0.14511238E+03  0.42672672E+02  0.81947546E+01 -0.66028419E+06  0.14130122E+07 -0.31441051E+05  0.73928943E+01 -0.15290037E+02  0.80305904E+00  0.35262769E+06  0.95810498E+04 -0.37607336E+05  0.31630141E+06  0.42017434E+05 -0.15506264E+06 1989  236    3   18   24    0  0.79623932E+00  0.58301169E+00  0.16155587E+00  0.11960140E+00  0.11007664E+00 -0.98670089E+00 -0.59304166E+00  0.80497241E+00  0.17918333E-01
 1989  236    3   20    0    0 -0.50696581E+06  0.12908091E+07 -0.71079288E+06  0.14540468E+03  0.41103100E+02  0.81948786E+01 -0.65957444E+06  0.14115448E+07 -0.31363957E+05  0.73930073E+01 -0.15290281E+02  0.80306494E+00  0.35269791E+06  0.55218711E+04 -0.37763617E+05  0.31621647E+06  0.41696590E+05 -0.15532233E+06 1989  236    3   20    0    0  0.79635966E+00  0.58281863E+00  0.16165961E+00  0.11962700E+00  0.11022377E+00 -0.98668140E+00 -0.59287500E+00  0.80509204E+00  0.18056922E-01
 1989  236    3   21   36    0 -0.49299362E+06  0.12946798E+07 -0.71000619E+06  0.14568005E+03  0.39532066E+02  0.81950016E+01 -0.65886475E+06  0.14100772E+07 -0.31286863E+05  0.73931212E+01 -0.15290527E+02  0.80307084E+00  0.35272134E+06  0.14623079E+04 -0.37919844E+05  0.31613106E+06  0.41375691E+05 -0.15558180E+06 1989  236    3   21   36    0  0.79635900E+00  0.58279377E+00  0.16175175E+00  0.11972933E+00  0.11024065E+00 -0.98666704E+00 -0.59285498E+00  0.80510771E+00  0.18013623E-01
 1989  236    3   23   12    0 -0.47899575E+06  0.12983994E+07 -0.70921944E+06  0.14593849E+03  0.37959755E+02  0.81951256E+01 -0.65815500E+06  0.14086092E+07 -0.31209768E+05  0.73932352E+01 -0.15290773E+02  0.80307674E+00  0.35269800E+06 -0.25971201E+04 -0.38076016E+05  0.31604519E+06  0.41054730E+05 -0.15584108E+06 1989  236    3   23   12    0  0.79638690E+00  0.58274591E+00  0.16178744E+00  0.11973597E+00  0.11029354E+00 -0.98666036E+00 -0.59281635E+00  0.80513513E+00  0.18060673E-01
 1989  236    3   24   47 1000 -0.46497388E+06  0.13019679E+07 -0.70843275E+06  0.14617999E+03  0.36386349E+02  0.81952496E+01 -0.65744519E+06  0.14071412E+07 -0.31132672E+05  0.73933492E+01 -0.15291019E+02  0.80308270E+00  0.35262788E+06 -0.66558521E+04 -0.38232137E+05  0.31595884E+06  0.40733711E+05 -0.15610014E+06 1989  236    3   24   47 1000  0.79642236E+00  0.58264649E+00  0.16197136E+00  0.11984593E+00  0.11045747E+00 -0.98662871E+00 -0.59274662E+00  0.80518466E+00  0.18142987E-01
 1989  236    3   26   24    0 -0.45092972E+06  0.13053855E+07 -0.70764600E+06  0.14640456E+03  0.34812031E+02  0.81953735E+01 -0.65673544E+06  0.14056732E+07 -0.31055576E+05  0.73934636E+01 -0.15291265E+02  0.80308861E+00  0.35251097E+06 -0.10713329E+05 -0.38388203E+05  0.31587209E+06  0.40412637E+05 -0.15635895E+06 1989  236    3   26   24    0  0.79646724E+00  0.58256882E+00  0.16202891E+00  0.11995746E+00  0.11040568E+00 -0.98662084E+00 -0.59266347E+00  0.80524784E+00  0.18051036E-01
 1989  236    3   28    0    0 -0.43686478E+06  0.13086516E+07 -0.70685925E+06  0.14661221E+03  0.33236984E+02  0.81954985E+01 -0.65602569E+06  0.14042052E+07 -0.30978479E+05  0.73935781E+01 -0.15291512E+02  0.80309457E+00  0.35234731E+06 -0.14769032E+05 -0.38544215E+05  0.31578491E+06  0.40091504E+05 -0.15661755E+06 1989  236    3   28    0    0  0.79653084E+00  0.58244973E+00  0.16214539E+00  0.12001792E+00  0.11052415E+00 -0.98660034E+00 -0.59256607E+00  0.80531782E+00  0.18131491E-01
 1989  236    3   29   35 1000 -0.42278075E+06  0.13117668E+07 -0.70607244E+06  0.14680295E+03  0.31661383E+02  0.81956224E+01 -0.65531588E+06  0.14027372E+07 -0.30901381E+05  0.73936925E+01 -0.15291760E+02  0.80310053E+00  0.35213694E+06 -0.18822422E+05 -0.38700172E+05  0.31569728E+06  0.39770312E+05 -0.15687592E+06 1989  236    3   29   35 1000  0.79655409E+00  0.58240217E+00  0.16220172E+00  0.12007914E+00  0.11053757E+00 -0.98659140E+00 -0.59252232E+00  0.80535036E+00  0.18114794E-01
 1989  236    3   31   12    0 -0.40867922E+06  0.13147308E+07 -0.70528562E+06  0.14697678E+03  0.30085417E+02  0.81957483E+01 -0.65460606E+06  0.14012692E+07 -0.30824283E+05  0.73938074E+01 -0.15292008E+02  0.80310643E+00  0.35187988E+06 -0.22872963E+05 -0.38856074E+05  0.31560919E+06  0.39449066E+05 -0.15713408E+06 1989  236    3   31   12    0  0.79663712E+00  0.58224398E+00  0.16236177E+00  0.12019944E+00  0.11064950E+00 -0.98656416E+00 -0.59238625E+00  0.80544937E+00  0.18162109E-01
 1989  236    3   32   47 1000 -0.39456178E+06  0.13175434E+07 -0.70449888E+06  0.14713373E+03  0.28509266E+02  0.81958733E+01 -0.65389625E+06  0.13998012E+07 -0.30747186E+05  0.73939228E+01 -0.15292257E+02  0.80311239E+00  0.35157616E+06 -0.26920111E+05 -0.39011922E+05  0.31552066E+06  0.39127770E+05 -0.15739202E+06 1989  236    3   32   47 1000  0.79659283E+00  0.58226305E+00  0.16251065E+00  0.12029137E+00  0.11077440E+00 -0.98653901E+00 -0.59242719E+00  0.80541849E+00  0.18200871E-01
 1989  236    3   34   24    0 -0.38043009E+06  0.13202045E+07 -0.70371206E+06  0.14727380E+03  0.26933111E+02  0.81959991E+01 -0.65318644E+06  0.13983332E+07 -0.30670086E+05  0.73940382E+01 -0.15292507E+02  0.80311835E+00  0.35122584E+06 -0.30963330E+05 -0.39167715E+05  0.31543169E+06  0.38806414E+05 -0.15764973E+06 1989  236    3   34   24    0  0.79666609E+00  0.58218199E+00  0.16244206E+00  0.12030773E+00  0.11063989E+00 -0.98655200E+00 -0.59232533E+00  0.80549550E+00  0.18102061E-01
 1989  236    3   36    0    0 -0.36628569E+06  0.13227141E+07 -0.70292525E+06  0.14739702E+03  0.25357115E+02  0.81961250E+01 -0.65247662E+06  0.13968652E+07 -0.30592984E+05  0.73941536E+01 -0.15292757E+02  0.80312431E+00  0.35082897E+06 -0.35002098E+05 -0.39323449E+05  0.31534228E+06  0.38485004E+05 -0.15790723E+06 1989  236    3   36    0    0  0.79671395E+00  0.58209640E+00  0.16251391E+00  0.12036477E+00  0.11068642E+00 -0.98653984E+00 -0.59224939E+00  0.80555093E+00  0.18121518E-01
 1989  236    3   37   36    0 -0.35213028E+06  0.13250728E+07 -0.70213838E+06  0.14750340E+03  0.23781471E+02  0.81962509E+01 -0.65176675E+06  0.13953972E+07 -0.30515885E+05  0.73942695E+01 -0.15293007E+02  0.80313027E+00  0.35038556E+06 -0.39035871E+05 -0.39479133E+05  0.31525241E+06  0.38163535E+05 -0.15816448E+06 1989  236    3   37   36    0  0.79676282E+00  0.58202040E+00  0.16254629E+00  0.12043223E+00  0.11065213E+00 -0.98653543E+00 -0.59216988E+00  0.80561054E+00  0.18069506E-01
 1989  236    3   39   12    0 -0.33796556E+06  0.13272802E+07 -0.70135150E+06  0.14759296E+03  0.22206379E+02  0.81963768E+01 -0.65105694E+06  0.13939286E+07 -0.30438783E+05  0.73943858E+01 -0.15293258E+02  0.80313623E+00  0.34989575E+06 -0.43064082E+05 -0.39634758E+05  0.31516209E+06  0.37842016E+05 -0.15842152E+06 1989  236    3   39   12    0  0.79684532E+00  0.58185339E+00  0.16274013E+00  0.12055126E+00  0.11082305E+00 -0.98650175E+00 -0.59203476E+00  0.80570775E+00  0.18165678E-01
 1989  236    3   40   47 1000 -0.32379303E+06  0.13293369E+07 -0.70056462E+06  0.14766573E+03  0.20631998E+02  0.81965036E+01 -0.65034706E+06  0.13924602E+07 -0.30361682E+05  0.73945022E+01 -0.15293509E+02  0.80314219E+00  0.34935953E+06 -0.47086223E+05 -0.39790328E+05  0.31507134E+06  0.37520445E+05 -0.15867833E+06 1989  236    3   40   47 1000  0.79680997E+00  0.58202553E+00  0.16229647E+00  0.12003206E+00  0.11077547E+00 -0.98657036E+00 -0.59218764E+00  0.80558991E+00  0.18405274E-01
 1989  236    3   42   24    0 -0.30961434E+06  0.13312420E+07 -0.69977775E+06  0.14772174E+03  0.19058502E+02  0.81966305E+01 -0.64963719E+06  0.13909922E+07 -0.30284580E+05  0.73946190E+01 -0.15293761E+02  0.80314815E+00  0.34877703E+06 -0.51101750E+05 -0.39945844E+05  0.31498009E+06  0.37198820E+05 -0.15893491E+06 1989  236    3   42   24    0  0.79688233E+00  0.58190459E+00  0.16237530E+00  0.12015003E+00  0.11075243E+00 -0.98655862E+00 -0.59206641E+00  0.80568045E+00  0.18340789E-01
 1989  236    3   44    0    0 -0.29543103E+06  0.13329961E+07 -0.69899088E+06  0.14776100E+03  0.17486074E+02  0.81967573E+01 -0.64892731E+06  0.13895242E+07 -0.30207479E+05  0.73947358E+01 -0.15294014E+02  0.80315411E+00  0.34814831E+06 -0.55110137E+05 -0.40101301E+05  0.31488847E+06  0.36877145E+05 -0.15919128E+06 1989  236    3   44    0    0  0.79695928E+00  0.58183491E+00  0.16224702E+00  0.12016645E+00  0.11051652E+00 -0.98658305E+00 -0.59195942E+00  0.80576319E+00  0.18160135E-01
 1989  236    3   45   36    0 -0.28124478E+06  0.13345991E+07 -0.69820400E+06  0.14778354E+03  0.15914902E+02  0.81968851E+01 -0.64821738E+06  0.13880562E+07 -0.30130375E+05  0.73948526E+01 -0.15294268E+02  0.80316013E+00  0.34747344E+06 -0.59110848E+05 -0.40256703E+05  0.31479641E+06  0.36555414E+05 -0.15944744E+06 1989  236    3   45   36    0  0.79698676E+00  0.58181375E+00  0.16218770E+00  0.12027462E+00  0.11027011E+00 -0.98659748E+00 -0.59190041E+00  0.80581218E+00  0.17906375E-01
 1989  236    3   47   12    0 -0.26705716E+06  0.13360512E+07 -0.69741712E+06  0.14778940E+03  0.14345155E+02  0.81970129E+01 -0.64750744E+06  0.13865876E+07 -0.30053271E+05  0.73949704E+01 -0.15294521E+02  0.80316609E+00  0.34675253E+06 -0.63103352E+05 -0.40412047E+05  0.31470388E+06  0.36233633E+05 -0.15970338E+06 1989  236    3   47   12    0  0.79637313E+00  0.58267546E+00  0.16210844E+00  0.12019047E+00  0.11021903E+00 -0.98661339E+00 -0.59274292E+00  0.80519629E+00  0.17743438E-01
 1989  236    3   48   48    0 -0.25286967E+06  0.13373534E+07 -0.69663019E+06  0.14777861E+03  0.12776997E+02  0.81971407E+01 -0.64679756E+06  0.13851191E+07 -0.29976168E+05  0.73950882E+01 -0.15294775E+02  0.80317205E+00  0.34598569E+06 -0.67087133E+05 -0.40567336E+05  0.31461088E+06  0.35911801E+05 -0.15995906E+06 1989  236    3   48   48    0  0.79691559E+00  0.58196992E+00  0.16197748E+00  0.12036298E+00  0.10978983E+00 -0.98664027E+00 -0.59197843E+00  0.80576509E+00  0.17445590E-01
 1989  236    3   50   24    0 -0.23868406E+06  0.13385050E+07 -0.69584325E+06  0.14775121E+03  0.11210618E+02  0.81972685E+01 -0.64608762E+06  0.13836511E+07 -0.29899062E+05  0.73952060E+01 -0.15295030E+02  0.80317807E+00  0.34517300E+06 -0.71061641E+05 -0.40722566E+05  0.31451744E+06  0.35589914E+05 -0.16021453E+06 1989  236    3   50   24    0  0.79682529E+00  0.58209413E+00  0.16197523E+00  0.12044571E+00  0.10966896E+00 -0.98664361E+00 -0.59208310E+00  0.80569178E+00  0.17276250E-01
 1989  236    3   52    0    0 -0.22450195E+06  0.13395061E+07 -0.69505631E+06  0.14770720E+03  0.96462021E+01  0.81973972E+01 -0.64537769E+06  0.13821826E+07 -0.29821957E+05  0.73953242E+01 -0.15295285E+02  0.80318403E+00  0.34431462E+06 -0.75026359E+05 -0.40877738E+05  0.31442359E+06  0.35267980E+05 -0.16046978E+06 1989  236    3   52    0    0  0.79673553E+00  0.58225262E+00  0.16184773E+00  0.12052955E+00  0.10933448E+00 -0.98667049E+00 -0.59218699E+00  0.80562270E+00  0.16932029E-01
 1989  236    3   53   36    0 -0.21032488E+06  0.13403571E+07 -0.69426938E+06  0.14764667E+03  0.80839157E+01  0.81975260E+01 -0.64466769E+06  0.13807141E+07 -0.29744852E+05  0.73954425E+01 -0.15295541E+02  0.80319005E+00  0.34341062E+06 -0.78980734E+05 -0.41032852E+05  0.31432928E+06  0.34946000E+05 -0.16072478E+06 1989  236    3   53   36    0  0.79665393E+00  0.58234829E+00  0.16190460E+00  0.12061478E+00  0.10931092E+00 -0.98666269E+00 -0.59227920E+00  0.80555671E+00  0.16843162E-01
 1989  236    3   55   11 1000 -0.19615438E+06  0.13410582E+07 -0.69348238E+06  0.14756963E+03  0.65239334E+01  0.81976547E+01 -0.64395775E+06  0.13792461E+07 -0.29667746E+05  0.73955617E+01 -0.15295796E+02  0.80319607E+00  0.34246112E+06 -0.82924266E+05 -0.41187910E+05  0.31423453E+06  0.34623965E+05 -0.16097956E+06 1989  236    3   55   11 1000  0.79656518E+00  0.58245349E+00  0.16196312E+00  0.12074329E+00  0.10923107E+00 -0.98665583E+00 -0.59237248E+00  0.80549157E+00  0.16682319E-01
 1989  236    3   56   48    0 -0.18199206E+06  0.13416099E+07 -0.69269544E+06  0.14747612E+03  0.49664297E+01  0.81977844E+01 -0.64324775E+06  0.13777776E+07 -0.29590639E+05  0.73956809E+01 -0.15296054E+02  0.80320209E+00  0.34146628E+06 -0.86856445E+05 -0.41342906E+05  0.31413934E+06  0.34301887E+05 -0.16123412E+06 1989  236    3   56   48    0  0.79655647E+00  0.58242440E+00  0.16211043E+00  0.12079677E+00  0.10940750E+00 -0.98662978E+00 -0.59237325E+00  0.80548865E+00  0.16794275E-01
 1989  236    3   58   24    0 -0.16783950E+06  0.13420120E+07 -0.69190844E+06  0.14736620E+03  0.34115789E+01  0.81979141E+01 -0.64253781E+06  0.13763091E+07 -0.29513531E+05  0.73958001E+01 -0.15296311E+02  0.80320811E+00  0.34042625E+06 -0.90776742E+05 -0.41497848E+05  0.31404369E+06  0.33979758E+05 -0.16148847E+06 1989  236    3   58   24    0  0.79639947E+00  0.58268619E+00  0.16194071E+00  0.12045673E+00  0.10957462E+00 -0.98665273E+00 -0.59265351E+00  0.80527651E+00  0.17076701E-01
 1989  236    4    0    0    0 -0.15369833E+06  0.13422646E+07 -0.69112144E+06  0.14723990E+03  0.18595530E+01  0.81980438E+01 -0.64182781E+06  0.13748406E+07 -0.29436424E+05  0.73959193E+01 -0.15296569E+02  0.80321407E+00  0.33934112E+06 -0.94684641E+05 -0.41652730E+05  0.31394759E+06  0.33657578E+05 -0.16174259E+06 1989  236    4    0    0    0  0.79638529E+00  0.58277190E+00  0.16170140E+00  0.12014654E+00  0.10959001E+00 -0.98668885E+00 -0.59273535E+00  0.80521238E+00  0.17257847E-01
 1989  236    4    1   36    0 -0.13956995E+06  0.13423686E+07 -0.69033438E+06  0.14709726E+03  0.31051642E+00  0.81981735E+01 -0.64111775E+06  0.13733721E+07 -0.29359312E+05  0.73960390E+01 -0.15296828E+02  0.80322015E+00  0.33821106E+06 -0.98579578E+05 -0.41807555E+05  0.31385109E+06  0.33335352E+05 -0.16199647E+06 1989  236    4    1   36    0  0.79636949E+00  0.58285373E+00  0.16148467E+00  0.11983575E+00  0.10964453E+00 -0.98672062E+00 -0.59281969E+00  0.80514580E+00  0.17470840E-01
 1989  236    4    3   11 1000 -0.12545604E+06  0.13423242E+07 -0.68954738E+06  0.14693835E+03 -0.12353504E+01  0.81983032E+01 -0.64040775E+06  0.13719036E+07 -0.29282203E+05  0.73961592E+01 -0.15297087E+02  0.80322617E+00  0.33703622E+06 -0.10246108E+06 -0.41962316E+05  0.31375412E+06  0.33013078E+05 -0.16225012E+06 1989  236    4    3   11 1000  0.79641348E+00  0.58284998E+00  0.16128086E+00  0.11953883E+00  0.10970496E+00 -0.98674989E+00 -0.59282041E+00  0.80514026E+00  0.17697293E-01
 1989  236    4    4   48    0 -0.11135827E+06  0.13421319E+07 -0.68876031E+06  0.14676321E+03 -0.27778695E+01  0.81984339E+01 -0.63969769E+06  0.13704351E+07 -0.29205094E+05  0.73962793E+01 -0.15297346E+02  0.80323219E+00  0.33581681E+06 -0.10632862E+06 -0.42117023E+05  0.31365672E+06  0.32690760E+05 -0.16250356E+06 1989  236    4    4   48    0  0.79635042E+00  0.58298385E+00  0.16110876E+00  0.11927508E+00  0.10976860E+00 -0.98677480E+00 -0.59295845E+00  0.80503464E+00  0.17878834E-01
 1989  236    4    6   24    0 -0.97278062E+05  0.13417915E+07 -0.68797331E+06  0.14657190E+03 -0.43168788E+01  0.81985645E+01 -0.63898762E+06  0.13689666E+07 -0.29127982E+05  0.73963995E+01 -0.15297606E+02  0.80323821E+00  0.33455291E+06 -0.11018166E+06 -0.42271668E+05  0.31355884E+06  0.32368396E+05 -0.16275675E+06 1989  236    4    6   24    0  0.79636735E+00  0.58300048E+00  0.16096510E+00  0.11902036E+00  0.10987212E+00 -0.98679399E+00 -0.59298694E+00  0.80500853E+00  0.18109620E-01
 1989  236    4    8    0    0 -0.83216992E+05  0.13413031E+07 -0.68718619E+06  0.14636446E+03 -0.58522091E+01  0.81986961E+01 -0.63827756E+06  0.13674976E+07 -0.29050871E+05  0.73965201E+01 -0.15297868E+02  0.80324423E+00  0.33324475E+06 -0.11401972E+06 -0.42426254E+05  0.31346053E+06  0.32045986E+05 -0.16300970E+06 1989  236    4    8    0    0  0.79632330E+00  0.58302885E+00  0.16107960E+00  0.11911289E+00  0.10993806E+00 -0.98677540E+00 -0.59302735E+00  0.80497885E+00  0.18100001E-01
 1989  236    4    9   36    0 -0.69176648E+05  0.13406678E+07 -0.68639912E+06  0.14614095E+03 -0.73836899E+01  0.81988277E+01 -0.63756750E+06  0.13660291E+07 -0.28973760E+05  0.73966413E+01 -0.15298129E+02  0.80325031E+00  0.33189247E+06 -0.11784228E+06 -0.42580781E+05  0.31336181E+06  0.31723531E+05 -0.16326245E+06 1989  236    4    9   36    0  0.79614758E+00  0.58326197E+00  0.16110492E+00  0.11907652E+00  0.11002117E+00 -0.98677063E+00 -0.59327066E+00  0.80479872E+00  0.18140286E-01
 1989  236    4   11   11 1000 -0.55158520E+05  0.13398854E+07 -0.68561206E+06  0.14590143E+03 -0.89111547E+01  0.81989594E+01 -0.63685744E+06  0.13645606E+07 -0.28896646E+05  0.73967624E+01 -0.15298390E+02  0.80325633E+00  0.33049631E+06 -0.12164884E+06 -0.42735246E+05  0.31326262E+06  0.31401031E+05 -0.16351495E+06 1989  236    4   11   11 1000  0.79607379E+00  0.58334601E+00  0.16116484E+00  0.11910701E+00  0.11007729E+00 -0.98676068E+00 -0.59336346E+00  0.80473012E+00  0.18149056E-01
 1989  236    4   12   48    0 -0.41164133E+05  0.13389570E+07 -0.68482494E+06  0.14564597E+03 -0.10434436E+02  0.81990910E+01 -0.63614738E+06  0.13630921E+07 -0.28819533E+05  0.73968840E+01 -0.15298654E+02  0.80326241E+00  0.32905641E+06 -0.12543889E+06 -0.42889648E+05  0.31316300E+06  0.31078486E+05 -0.16376720E+06 1989  236    4   12   48    0  0.79600179E+00  0.58342278E+00  0.16124281E+00  0.11914745E+00  0.11015069E+00 -0.98674756E+00 -0.59345204E+00  0.80466431E+00  0.18166807E-01
 1989  236    4   14   24    0 -0.27194963E+05  0.13378826E+07 -0.68403781E+06  0.14537460E+03 -0.11953375E+02  0.81992235E+01 -0.63543725E+06  0.13616236E+07 -0.28742420E+05  0.73970060E+01 -0.15298917E+02  0.80326843E+00  0.32757300E+06 -0.12921197E+06 -0.43043996E+05  0.31306294E+06  0.30755896E+05 -0.16401923E+06 1989  236    4   14   24    0  0.79597771E+00  0.58343291E+00  0.16132385E+00  0.11924484E+00  0.11015438E+00 -0.98673534E+00 -0.59346443E+00  0.80465639E+00  0.18109068E-01
 1989  236    4   16    0    0 -0.13252605E+05  0.13366622E+07 -0.68325069E+06  0.14508742E+03 -0.13467798E+02  0.81993561E+01 -0.63472706E+06  0.13601546E+07 -0.28665307E+05  0.73971281E+01 -0.15299180E+02  0.80327451E+00  0.32604622E+06 -0.13296753E+06 -0.43198281E+05  0.31296244E+06  0.30433264E+05 -0.16427105E+06 1989  236    4   16    0    0  0.79607862E+00  0.58328974E+00  0.16134384E+00  0.11926199E+00  0.11017020E+00 -0.98673153E+00 -0.59332561E+00  0.80475807E+00  0.18139843E-01
 1989  236    4   17   36    0  0.66135352E+03  0.13352969E+07 -0.68246356E+06  0.14478448E+03 -0.14977533E+02  0.81994886E+01 -0.63401694E+06  0.13586856E+07 -0.28588193E+05  0.73972502E+01 -0.15299444E+02  0.80328059E+00  0.32447634E+06 -0.13670505E+06 -0.43352504E+05  0.31286147E+06  0.30110590E+05 -0.16452264E+06 1989  236    4   17   36    0  0.79608303E+00  0.58327198E+00  0.16138630E+00  0.11927278E+00  0.11022750E+00 -0.98672378E+00 -0.59331757E+00  0.80476308E+00  0.18181764E-01
 1989  236    4   19   12    0  0.14545476E+05  0.13337865E+07 -0.68167638E+06  0.14446584E+03 -0.16482418E+02  0.81996222E+01 -0.63330681E+06  0.13572171E+07 -0.28511078E+05  0.73973727E+01 -0.15299709E+02  0.80328667E+00  0.32286353E+06 -0.14042403E+06 -0.43506664E+05  0.31276006E+06  0.29787871E+05 -0.16477398E+06 1989  236    4   19   12    0  0.79603404E+00  0.58313316E+00  0.16212818E+00  0.12018339E+00  0.11024486E+00 -0.98661143E+00 -0.59319961E+00  0.80486137E+00  0.17675735E-01
 1989  236    4   20   47 1000  0.28398258E+05  0.13321321E+07 -0.68088925E+06  0.14413158E+03 -0.17982298E+02  0.81997557E+01 -0.63259669E+06  0.13557486E+07 -0.28433961E+05  0.73974957E+01 -0.15299974E+02  0.80329275E+00  0.32120800E+06 -0.14412405E+06 -0.43660766E+05  0.31265825E+06  0.29465111E+05 -0.16502508E+06 1989  236    4   20   47 1000  0.79596519E+00  0.58309180E+00  0.16261408E+00  0.12077610E+00  0.11025923E+00 -0.98653740E+00 -0.59317160E+00  0.80488938E+00  0.17338954E-01
 1989  236    4   22   24    0  0.42218207E+05  0.13303342E+07 -0.68010206E+06  0.14378175E+03 -0.19477016E+02  0.81998892E+01 -0.63188650E+06  0.13542796E+07 -0.28356846E+05  0.73976188E+01 -0.15300241E+02  0.80329883E+00  0.31951006E+06 -0.14780458E+06 -0.43814805E+05  0.31255600E+06  0.29142311E+05 -0.16527598E+06 1989  236    4   22   24    0  0.79605818E+00  0.58300346E+00  0.16247603E+00  0.12054455E+00  0.11034463E+00 -0.98655617E+00 -0.59309399E+00  0.80494165E+00  0.17562851E-01
 1989  236    4   24    0    0  0.56003828E+05  0.13283929E+07 -0.67931488E+06  0.14341644E+03 -0.20966402E+02  0.82000227E+01 -0.63117631E+06  0.13528106E+07 -0.28279730E+05  0.73977423E+01 -0.15300507E+02  0.80330491E+00  0.31776984E+06 -0.15146511E+06 -0.43968781E+05  0.31245328E+06  0.28819469E+05 -0.16552664E+06 1989  236    4   24    0    0  0.79613781E+00  0.58297127E+00  0.16220130E+00  0.12025426E+00  0.11027769E+00 -0.98659909E+00 -0.59304613E+00  0.80497420E+00  0.17691456E-01
 1989  236    4   25   35 1000  0.69753633E+05  0.13263085E+07 -0.67852762E+06  0.14303572E+03 -0.22450294E+02  0.82001572E+01 -0.63046612E+06  0.13513416E+07 -0.28202611E+05  0.73978658E+01 -0.15300774E+02  0.80331099E+00  0.31598762E+06 -0.15510517E+06 -0.44122699E+05  0.31235012E+06  0.28496586E+05 -0.16577705E+06 1989  236    4   25   35 1000  0.79630190E+00  0.58283794E+00  0.16187413E+00  0.11987041E+00  0.11025337E+00 -0.98664856E+00 -0.59290338E+00  0.80507398E+00  0.17929941E-01
 1989  236    4   27   12    0  0.83466156E+05  0.13240821E+07 -0.67774038E+06  0.14263965E+03 -0.23928537E+02  0.82002916E+01 -0.62975594E+06  0.13498726E+07 -0.28125492E+05  0.73979893E+01 -0.15301042E+02  0.80331707E+00  0.31416366E+06 -0.15872430E+06 -0.44276547E+05  0.31224653E+06  0.28173664E+05 -0.16602723E+06 1989  236    4   27   12    0  0.79646832E+00  0.58267748E+00  0.16163288E+00  0.11955227E+00  0.11028555E+00 -0.98668355E+00 -0.59274399E+00  0.80518574E+00  0.18178523E-01
 1989  236    4   28   47 1000  0.97139984E+05  0.13217142E+07 -0.67695312E+06  0.14222833E+03 -0.25400976E+02  0.82004261E+01 -0.62904575E+06  0.13484036E+07 -0.28048375E+05  0.73981137E+01 -0.15301310E+02  0.80332315E+00  0.31229816E+06 -0.16232200E+06 -0.44430340E+05  0.31214250E+06  0.27850699E+05 -0.16627717E+06 1989  236    4   28   47 1000  0.79649752E+00  0.58272314E+00  0.16132431E+00  0.11920695E+00  0.11023362E+00 -0.98673117E+00 -0.59277439E+00  0.80515981E+00  0.18336151E-01
 1989  236    4   30   24    0  0.11077359E+06  0.13192054E+07 -0.67616594E+06  0.14180182E+03 -0.26867447E+02  0.82005615E+01 -0.62833550E+06  0.13469351E+07 -0.27971254E+05  0.73982382E+01 -0.15301579E+02  0.80332923E+00  0.31039138E+06 -0.16589778E+06 -0.44584070E+05  0.31203803E+06  0.27527695E+05 -0.16652689E+06 1989  236    4   30   24    0  0.79662931E+00  0.58257693E+00  0.16120146E+00  0.11907837E+00  0.11020711E+00 -0.98674959E+00 -0.59262311E+00  0.80526930E+00  0.18421896E-01
 1989  236    4   32    0    0  0.12436546E+06  0.13165561E+07 -0.67537862E+06  0.14136021E+03 -0.28327797E+02  0.82006969E+01 -0.62762525E+06  0.13454666E+07 -0.27894133E+05  0.73983626E+01 -0.15301848E+02  0.80333531E+00  0.30844362E+06 -0.16945122E+06 -0.44737734E+05  0.31193312E+06  0.27204656E+05 -0.16677634E+06 1989  236    4   32    0    0  0.79670185E+00  0.58245569E+00  0.16128042E+00  0.11919557E+00  0.11018542E+00 -0.98673785E+00 -0.59250188E+00  0.80535984E+00  0.18358797E-01
 1989  236    4   33   36    0  0.13791422E+06  0.13137668E+07 -0.67459138E+06  0.14090356E+03 -0.29781868E+02  0.82008324E+01 -0.62691500E+06  0.13439976E+07 -0.27817014E+05  0.73984880E+01 -0.15302118E+02  0.80334139E+00  0.30645509E+06 -0.17298177E+06 -0.44891336E+05  0.31182775E+06  0.26881578E+05 -0.16702556E+06 1989  236    4   33   36    0  0.79670089E+00  0.58244729E+00  0.16131666E+00  0.11924221E+00  0.11018346E+00 -0.98673248E+00 -0.59249401E+00  0.80536628E+00  0.18330958E-01
 1989  236    4   35   12    0  0.15141845E+06  0.13108384E+07 -0.67380406E+06  0.14043199E+03 -0.31229498E+02  0.82009687E+01 -0.62620475E+06  0.13425286E+07 -0.27739893E+05  0.73986135E+01 -0.15302389E+02  0.80334753E+00  0.30442609E+06 -0.17648900E+06 -0.45044871E+05  0.31172194E+06  0.26558459E+05 -0.16727456E+06 1989  236    4   35   12    0  0.79677445E+00  0.58233458E+00  0.16136003E+00  0.11931373E+00  0.11016348E+00 -0.98672605E+00 -0.59238064E+00  0.80545056E+00  0.18294938E-01
 1989  236    4   36   47 1000  0.16487667E+06  0.13077710E+07 -0.67301675E+06  0.13994556E+03 -0.32670544E+02  0.82011042E+01 -0.62549450E+06  0.13410591E+07 -0.27662770E+05  0.73987389E+01 -0.15302660E+02  0.80335361E+00  0.30235688E+06 -0.17997247E+06 -0.45198348E+05  0.31161569E+06  0.26235305E+05 -0.16752334E+06 1989  236    4   36   47 1000  0.79679263E+00  0.58230627E+00  0.16137259E+00  0.11936371E+00  0.11011781E+00 -0.98672509E+00 -0.59234619E+00  0.80547726E+00  0.18234819E-01
 1989  236    4   38   24    0  0.17828747E+06  0.13045658E+07 -0.67222944E+06  0.13944435E+03 -0.34104858E+02  0.82012415E+01 -0.62478419E+06  0.13395896E+07 -0.27585648E+05  0.73988647E+01 -0.15302932E+02  0.80335975E+00  0.30024772E+06 -0.18343170E+06 -0.45351762E+05  0.31150903E+06  0.25912113E+05 -0.16777191E+06 1989  236    4   38   24    0  0.79691207E+00  0.58214045E+00  0.16138123E+00  0.11944561E+00  0.11002731E+00 -0.98672533E+00 -0.59216905E+00  0.80560946E+00  0.18147994E-01
 1989  236    4   40    0    0  0.19164948E+06  0.13012234E+07 -0.67144212E+06  0.13892845E+03 -0.35532284E+02  0.82013779E+01 -0.62407394E+06  0.13381206E+07 -0.27508525E+05  0.73989906E+01 -0.15303205E+02  0.80336583E+00  0.29809894E+06 -0.18686620E+06 -0.45505105E+05  0.31140191E+06  0.25588885E+05 -0.16802019E+06 1989  236    4   40    0    0  0.79697794E+00  0.58204019E+00  0.16141669E+00  0.11950569E+00  0.11000903E+00 -0.98671997E+00 -0.59206796E+00  0.80568433E+00  0.18117648E-01
 1989  236    4   41   36    0  0.20496134E+06  0.12977440E+07 -0.67065481E+06  0.13839798E+03 -0.36952675E+02  0.82015152E+01 -0.62336362E+06  0.13366516E+07 -0.27431402E+05  0.73991170E+01 -0.15303477E+02  0.80337197E+00  0.29591078E+06 -0.19027558E+06 -0.45658391E+05  0.31129434E+06  0.25265619E+05 -0.16826822E+06 1989  236    4   41   36    0  0.79697722E+00  0.58202308E+00  0.16148205E+00  0.11961819E+00  0.10996670E+00 -0.98671120E+00 -0.59204626E+00  0.80570251E+00  0.18020399E-01
 1989  236    4   43   12    0  0.21822156E+06  0.12941288E+07 -0.66986744E+06  0.13785300E+03 -0.38365875E+02  0.82016525E+01 -0.62265331E+06  0.13351826E+07 -0.27354279E+05  0.73992438E+01 -0.15303751E+02  0.80337811E+00  0.29368356E+06 -0.19365934E+06 -0.45811609E+05  0.31118638E+06  0.24942316E+05 -0.16851606E+06 1989  236    4   43   12    0  0.79686666E+00  0.58218658E+00  0.16143836E+00  0.11964223E+00  0.10985426E+00 -0.98672080E+00 -0.59219033E+00  0.80559969E+00  0.17885096E-01
 1989  236    4   44   47 1000  0.23142867E+06  0.12903779E+07 -0.66908012E+06  0.13729359E+03 -0.39771732E+02  0.82017899E+01 -0.62194294E+06  0.13337136E+07 -0.27277154E+05  0.73993707E+01 -0.15304026E+02  0.80338418E+00  0.29141756E+06 -0.19701703E+06 -0.45964762E+05  0.31107794E+06  0.24618980E+05 -0.16876366E+06 1989  236    4   44   47 1000  0.79686236E+00  0.58215714E+00  0.16156524E+00  0.11978920E+00  0.10986909E+00 -0.98670125E+00 -0.59216619E+00  0.80561888E+00  0.17814409E-01
 1989  236    4   46   24    0  0.24458141E+06  0.12864926E+07 -0.66829275E+06  0.13671988E+03 -0.41170109E+02  0.82019281E+01 -0.62123262E+06  0.13322446E+07 -0.27200029E+05  0.73994980E+01 -0.15304300E+02  0.80339032E+00  0.28911316E+06 -0.20034820E+06 -0.46117852E+05  0.31096906E+06  0.24295611E+05 -0.16901100E+06 1989  236    4   46   24    0  0.79674882E+00  0.58228493E+00  0.16166551E+00  0.11992319E+00  0.10985111E+00 -0.98668694E+00 -0.59229207E+00  0.80552900E+00  0.17694276E-01
 1989  236    4   48    0    0  0.25767841E+06  0.12824738E+07 -0.66750531E+06  0.13613194E+03 -0.42560860E+02  0.82020664E+01 -0.62052225E+06  0.13307751E+07 -0.27122904E+05  0.73996253E+01 -0.15304576E+02  0.80339646E+00  0.28677059E+06 -0.20365245E+06 -0.46270875E+05  0.31085975E+06  0.23972207E+05 -0.16925812E+06 1989  236    4   48    0    0  0.79669130E+00  0.58235729E+00  0.16168761E+00  0.12001339E+00  0.10976298E+00 -0.98668575E+00 -0.59235102E+00  0.80548871E+00  0.17556544E-01
 1989  236    4   49   36    0  0.27071828E+06  0.12783215E+07 -0.66671794E+06  0.13552988E+03 -0.43943832E+02  0.82022047E+01 -0.61981188E+06  0.13293056E+07 -0.27045777E+05  0.73997531E+01 -0.15304852E+02  0.80340260E+00  0.28439016E+06 -0.20692931E+06 -0.46423832E+05  0.31075000E+06  0.23648770E+05 -0.16950500E+06 1989  236    4   49   36    0  0.79663599E+00  0.58241093E+00  0.16176760E+00  0.12010416E+00  0.10977226E+00 -0.98667383E+00 -0.59240711E+00  0.80544877E+00  0.17498545E-01
 1989  236    4   51   11 1000  0.28369966E+06  0.12740366E+07 -0.66593050E+06  0.13491379E+03 -0.45318882E+02  0.82023439E+01 -0.61910150E+06  0.13278366E+07 -0.26968650E+05  0.73998814E+01 -0.15305129E+02  0.80340874E+00  0.28197225E+06 -0.21017836E+06 -0.46576727E+05  0.31063981E+06  0.23325299E+05 -0.16975161E+06 1989  236    4   51   11 1000  0.79658335E+00  0.58248019E+00  0.16177760E+00  0.12015003E+00  0.10972430E+00 -0.98667353E+00 -0.59246868E+00  0.80540520E+00  0.17419554E-01
 1989  236    4   52   48    0  0.29662125E+06  0.12696204E+07 -0.66514306E+06  0.13428377E+03 -0.46685883E+02  0.82024832E+01 -0.61839112E+06  0.13263671E+07 -0.26891523E+05  0.74000096E+01 -0.15305406E+02  0.80341488E+00  0.27951716E+06 -0.21339916E+06 -0.46729551E+05  0.31052919E+06  0.23001795E+05 -0.16999798E+06 1989  236    4   52   48    0  0.79652172E+00  0.58266526E+00  0.16141352E+00  0.11962630E+00  0.10981620E+00 -0.98672688E+00 -0.59265733E+00  0.80525875E+00  0.17768901E-01
 1989  236    4   54   24    0  0.30948175E+06  0.12650731E+07 -0.66435562E+06  0.13363992E+03 -0.48044697E+02  0.82026224E+01 -0.61768069E+06  0.13248976E+07 -0.26814395E+05  0.74001384E+01 -0.15305684E+02  0.80342102E+00  0.27702516E+06 -0.21659131E+06 -0.46882312E+05  0.31041809E+06  0.22678256E+05 -0.17024411E+06 1989  236    4   54   24    0  0.79648584E+00  0.58272696E+00  0.16136862E+00  0.11966497E+00  0.10968587E+00 -0.98673677E+00 -0.59269792E+00  0.80523193E+00  0.17631248E-01
 1989  236    4   56    0    0  0.32227978E+06  0.12603958E+07 -0.66356819E+06  0.13298236E+03 -0.49395164E+02  0.82027626E+01 -0.61697031E+06  0.13234286E+07 -0.26737266E+05  0.74002671E+01 -0.15305963E+02  0.80342722E+00  0.27449666E+06 -0.21975441E+06 -0.47035008E+05  0.31030659E+06  0.22354686E+05 -0.17049002E+06 1989  236    4   56    0    0  0.79637396E+00  0.58290672E+00  0.16127074E+00  0.11958975E+00  0.10961663E+00 -0.98675352E+00 -0.59286320E+00  0.80511111E+00  0.17586153E-01
 1989  236    4   57   36    0  0.33501394E+06  0.12555895E+07 -0.66278069E+06  0.13231116E+03 -0.50737144E+02  0.82029028E+01 -0.61625988E+06  0.13219591E+07 -0.26660137E+05  0.74003963E+01 -0.15306242E+02  0.80343336E+00  0.27193200E+06 -0.22288794E+06 -0.47187637E+05  0.31019466E+06  0.22031084E+05 -0.17073570E+06 1989  236    4   57   36    0  0.79643035E+00  0.58298743E+00  0.16069973E+00  0.11899199E+00  0.10946470E+00 -0.98684263E+00 -0.59290779E+00  0.80507338E+00  0.17810166E-01
 1989  236    4   59   11 1000  0.34768306E+06  0.12506548E+07 -0.66199325E+06  0.13162645E+03 -0.52070518E+02  0.82030430E+01 -0.61554944E+06  0.13204896E+07 -0.26583008E+05  0.74005260E+01 -0.15306521E+02  0.80343950E+00  0.26933150E+06 -0.22599153E+06 -0.47340199E+05  0.31008228E+06  0.21707453E+05 -0.17098114E+06 1989  236    4   59   11 1000  0.79641777E+00  0.58300006E+00  0.16071633E+00  0.11908472E+00  0.10936626E+00 -0.98684239E+00 -0.59290612E+00  0.80507767E+00  0.17674841E-01
 1989  236    5    0   48    0  0.36028578E+06  0.12455924E+07 -0.66120575E+06  0.13092833E+03 -0.53395142E+02  0.82031841E+01 -0.61483894E+06  0.13190201E+07 -0.26505877E+05  0.74006557E+01 -0.15306802E+02  0.80344570E+00  0.26669550E+06 -0.22906483E+06 -0.47492695E+05  0.30996947E+06  0.21383791E+05 -0.17122633E+06 1989  236    5    0   48    0  0.79631138E+00  0.58303487E+00  0.16111690E+00  0.11952905E+00  0.10943556E+00 -0.98678106E+00 -0.59295964E+00  0.80504304E+00  0.17455153E-01
 1989  236    5    2   24    0  0.37282081E+06  0.12404031E+07 -0.66041819E+06  0.13021690E+03 -0.54710876E+02  0.82033253E+01 -0.61412850E+06  0.13175506E+07 -0.26428746E+05  0.74007854E+01 -0.15307083E+02  0.80345184E+00  0.26402434E+06 -0.23210736E+06 -0.47645125E+05  0.30985622E+06  0.21060098E+05 -0.17147127E+06 1989  236    5    2   24    0  0.79616344E+00  0.58310395E+00  0.16159789E+00  0.12011124E+00  0.10945198E+00 -0.98670858E+00 -0.59304076E+00  0.80499083E+00  0.17104320E-01
 1989  236    5    4    0    0  0.38528697E+06  0.12350879E+07 -0.65963069E+06  0.12949229E+03 -0.56017593E+02  0.82034664E+01 -0.61341800E+06  0.13160816E+07 -0.26351615E+05  0.74009156E+01 -0.15307365E+02  0.80345798E+00  0.26131842E+06 -0.23511872E+06 -0.47797484E+05  0.30974253E+06  0.20736377E+05 -0.17171595E+06 1989  236    5    4    0    0  0.79605210E+00  0.58312875E+00  0.16205601E+00  0.12064354E+00  0.10949931E+00 -0.98663831E+00 -0.59308219E+00  0.80496633E+00  0.16816434E-01
 1989  236    5    5   36    0  0.39768291E+06  0.12296476E+07 -0.65884312E+06  0.12875461E+03 -0.57315159E+02  0.82036076E+01 -0.61270750E+06  0.13146121E+07 -0.26274482E+05  0.74010463E+01 -0.15307648E+02  0.80346417E+00  0.25857809E+06 -0.23809856E+06 -0.47949777E+05  0.30962841E+06  0.20412627E+05 -0.17196042E+06 1989  236    5    5   36    0  0.79600441E+00  0.58318239E+00  0.16209669E+00  0.12064052E+00  0.10956991E+00 -0.98663080E+00 -0.59314662E+00  0.80491793E+00  0.16862717E-01
 1989  236    5    7   11 1000  0.41000747E+06  0.12240834E+07 -0.65805556E+06  0.12800394E+03 -0.58603455E+02  0.82037497E+01 -0.61199700E+06  0.13131421E+07 -0.26197348E+05  0.74011774E+01 -0.15307930E+02  0.80347037E+00  0.25580372E+06 -0.24104648E+06 -0.48102004E+05  0.30951384E+06  0.20088846E+05 -0.17220464E+06 1989  236    5    7   11 1000  0.79600257E+00  0.58321881E+00  0.16197477E+00  0.12037997E+00  0.10971706E+00 -0.98664629E+00 -0.59320199E+00  0.80487144E+00  0.17127186E-01
 1989  236    5    8   48    0  0.42225934E+06  0.12183961E+07 -0.65726800E+06  0.12724041E+03 -0.59882339E+02  0.82038918E+01 -0.61128644E+06  0.13116726E+07 -0.26120215E+05  0.74013085E+01 -0.15308214E+02  0.80347651E+00  0.25299566E+06 -0.24396205E+06 -0.48254164E+05  0.30939884E+06  0.19765035E+05 -0.17244861E+06 1989  236    5    8   48    0  0.79595280E+00  0.58334035E+00  0.16178103E+00  0.12016517E+00  0.10967831E+00 -0.98667669E+00 -0.59331226E+00  0.80478859E+00  0.17201576E-01
 1989  236    5   10   24    0  0.43443722E+06  0.12125864E+07 -0.65648044E+06  0.12646415E+03 -0.61151684E+02  0.82040348E+01 -0.61057594E+06  0.13102031E+07 -0.26043080E+05  0.74014401E+01 -0.15308498E+02  0.80348271E+00  0.25015430E+06 -0.24684491E+06 -0.48406254E+05  0.30928341E+06  0.19441199E+05 -0.17269236E+06 1989  236    5   10   24    0  0.79590350E+00  0.58345836E+00  0.16159813E+00  0.11995031E+00  0.10965791E+00 -0.98670518E+00 -0.59342188E+00  0.80470586E+00  0.17291088E-01
 1989  236    5   12    0    0  0.44654003E+06  0.12066551E+07 -0.65569281E+06  0.12567525E+03 -0.62411362E+02  0.82041779E+01 -0.60986538E+06  0.13087336E+07 -0.25965945E+05  0.74015722E+01 -0.15308784E+02  0.80348891E+00  0.24728005E+06 -0.24969467E+06 -0.48558273E+05  0.30916750E+06  0.19117336E+05 -0.17293586E+06 1989  236    5   12    0    0  0.79595292E+00  0.58340967E+00  0.16153085E+00  0.11975619E+00  0.10980983E+00 -0.98671192E+00 -0.59339494E+00  0.80472046E+00  0.17536525E-01
 1989  236    5   13   36    0  0.45856647E+06  0.12006039E+07 -0.65490519E+06  0.12487386E+03 -0.63661247E+02  0.82043209E+01 -0.60915481E+06  0.13072641E+07 -0.25888811E+05  0.74017043E+01 -0.15309069E+02  0.80349511E+00  0.24437325E+06 -0.25251097E+06 -0.48710227E+05  0.30905119E+06  0.18793445E+05 -0.17317909E+06 1989  236    5   13   36    0  0.79603004E+00  0.58337027E+00  0.16129296E+00  0.11951207E+00  0.10974246E+00 -0.98674899E+00 -0.59334069E+00  0.80475825E+00  0.17638512E-01
 1989  236    5   15   11 1000  0.47051538E+06  0.11944331E+07 -0.65411756E+06  0.12406007E+03 -0.64901222E+02  0.82044640E+01 -0.60844425E+06  0.13057941E+07 -0.25811674E+05  0.74018369E+01 -0.15309355E+02  0.80350125E+00  0.24143431E+06 -0.25529345E+06 -0.48862113E+05  0.30893444E+06  0.18469529E+05 -0.17342209E+06 1989  236    5   15   11 1000  0.79593343E+00  0.58355618E+00  0.16109724E+00  0.11924097E+00  0.10977422E+00 -0.98677826E+00 -0.59352487E+00  0.80461907E+00  0.17789170E-01
 1989  236    5   16   48    0  0.48238556E+06  0.11881435E+07 -0.65332994E+06  0.12323400E+03 -0.66131157E+02  0.82046080E+01 -0.60773369E+06  0.13043241E+07 -0.25734537E+05  0.74019694E+01 -0.15309642E+02  0.80350745E+00  0.23846361E+06 -0.25804172E+06 -0.49013926E+05  0.30881725E+06  0.18145586E+05 -0.17366484E+06 1989  236    5   16   48    0  0.79594398E+00  0.58359230E+00  0.16091402E+00  0.11903886E+00  0.10973889E+00 -0.98680663E+00 -0.59355122E+00  0.80459774E+00  0.17875846E-01
 1989  236    5   18   24    0  0.49417591E+06  0.11817362E+07 -0.65254231E+06  0.12239578E+03 -0.67350937E+02  0.82047520E+01 -0.60702306E+06  0.13028546E+07 -0.25657400E+05  0.74021025E+01 -0.15309930E+02  0.80351365E+00  0.23546158E+06 -0.26075538E+06 -0.49165672E+05  0.30869962E+06  0.17821617E+05 -0.17390734E+06 1989  236    5   18   24    0  0.79606938E+00  0.58341426E+00  0.16093890E+00  0.11906742E+00  0.10974865E+00 -0.98680198E+00 -0.59337717E+00  0.80472541E+00  0.17901916E-01
 1989  236    5   20    0    0  0.50588522E+06  0.11752125E+07 -0.65175462E+06  0.12154554E+03 -0.68560455E+02  0.82048969E+01 -0.60631250E+06  0.13013851E+07 -0.25580264E+05  0.74022355E+01 -0.15310218E+02  0.80351985E+00  0.23242859E+06 -0.26343412E+06 -0.49317352E+05  0.30858159E+06  0.17497621E+05 -0.17414959E+06 1989  236    5   20    0    0  0.79622227E+00  0.58317405E+00  0.16105367E+00  0.11920263E+00  0.10976711E+00 -0.98678362E+00 -0.59314501E+00  0.80489707E+00  0.17883126E-01
 1989  236    5   21   36    0  0.51751231E+06  0.11685728E+07 -0.65096700E+06  0.12068338E+03 -0.69759567E+02  0.82050419E+01 -0.60560188E+06  0.12999150E+07 -0.25503127E+05  0.74023690E+01 -0.15310507E+02  0.80352604E+00  0.22936508E+06 -0.26607756E+06 -0.49468961E+05  0.30846309E+06  0.17173600E+05 -0.17439162E+06 1989  236    5   21   36    0  0.79637480E+00  0.58292139E+00  0.16121471E+00  0.11938281E+00  0.10980295E+00 -0.98675787E+00 -0.59290409E+00  0.80507517E+00  0.17853525E-01
 1989  236    5   23   12    0  0.52905606E+06  0.11618186E+07 -0.65017931E+06  0.11980945E+03 -0.70948166E+02  0.82051868E+01 -0.60489125E+06  0.12984450E+07 -0.25425988E+05  0.74025030E+01 -0.15310797E+02  0.80353224E+00  0.22627144E+06 -0.26868541E+06 -0.49620496E+05  0.30834416E+06  0.16849557E+05 -0.17463341E+06 1989  236    5   23   12    0  0.79651290E+00  0.58271056E+00  0.16129312E+00  0.11957134E+00  0.10968652E+00 -0.98674798E+00 -0.59268010E+00  0.80524361E+00  0.17691243E-01
 1989  236    5   24   47 1000  0.54051538E+06  0.11549509E+07 -0.64939156E+06  0.11892386E+03 -0.72126137E+02  0.82053318E+01 -0.60418056E+06  0.12969750E+07 -0.25348848E+05  0.74026370E+01 -0.15311087E+02  0.80353844E+00  0.22314806E+06 -0.27125728E+06 -0.49771961E+05  0.30822481E+06  0.16525490E+05 -0.17487491E+06 1989  236    5   24   47 1000  0.79669237E+00  0.58242530E+00  0.16143782E+00  0.11976670E+00  0.10967528E+00 -0.98672557E+00 -0.59239966E+00  0.80545151E+00  0.17622314E-01
 1989  236    5   26   24    0  0.55188906E+06  0.11479708E+07 -0.64860388E+06  0.11802674E+03 -0.73293365E+02  0.82054768E+01 -0.60346988E+06  0.12955056E+07 -0.25271707E+05  0.74027715E+01 -0.15311377E+02  0.80354470E+00  0.21999539E+06 -0.27379281E+06 -0.49923359E+05  0.30810503E+06  0.16201399E+05 -0.17511619E+06 1989  236    5   26   24    0  0.79693109E+00  0.58207303E+00  0.16153079E+00  0.11996646E+00  0.10957311E+00 -0.98671275E+00 -0.59203821E+00  0.80572015E+00  0.17493002E-01
 1989  236    5   28    0    0  0.56317606E+06  0.11408790E+07 -0.64781612E+06  0.11711822E+03 -0.74449753E+02  0.82056236E+01 -0.60275925E+06  0.12940360E+07 -0.25194566E+05  0.74029064E+01 -0.15311668E+02  0.80355090E+00  0.21681384E+06 -0.27629169E+06 -0.50074688E+05  0.30798481E+06  0.15877286E+05 -0.17535722E+06 1989  236    5   28    0    0  0.79692787E+00  0.58205622E+00  0.16160589E+00  0.12006140E+00  0.10957095E+00 -0.98670131E+00 -0.59202296E+00  0.80573243E+00  0.17437659E-01
 1989  236    5   29   35 1000  0.57437538E+06  0.11336769E+07 -0.64702838E+06  0.11619842E+03 -0.75595169E+02  0.82057695E+01 -0.60204856E+06  0.12925660E+07 -0.25117426E+05  0.74030418E+01 -0.15311960E+02  0.80355710E+00  0.21360386E+06 -0.27875359E+06 -0.50225941E+05  0.30786412E+06  0.15553151E+05 -0.17559800E+06 1989  236    5   29   35 1000  0.79692060E+00  0.58214700E+00  0.16131537E+00  0.11965832E+00  0.10962667E+00 -0.98674417E+00 -0.59211457E+00  0.80565941E+00  0.17705016E-01
 1989  236    5   31   12    0  0.58548581E+06  0.11263652E+07 -0.64624062E+06  0.11526747E+03 -0.76729507E+02  0.82059164E+01 -0.60133788E+06  0.12910960E+07 -0.25040285E+05  0.74031773E+01 -0.15312254E+02  0.80356330E+00  0.21036584E+06 -0.28117819E+06 -0.50377125E+05  0.30774303E+06  0.15228995E+05 -0.17583856E+06 1989  236    5   31   12    0  0.79671508E+00  0.58239353E+00  0.16144009E+00  0.11977340E+00  0.10967109E+00 -0.98672515E+00 -0.59236765E+00  0.80547506E+00  0.17621353E-01
 1989  236    5   32   47 1000  0.59650638E+06  0.11189450E+07 -0.64545288E+06  0.11432551E+03 -0.77852676E+02  0.82060633E+01 -0.60062712E+06  0.12896260E+07 -0.24963143E+05  0.74033127E+01 -0.15312548E+02  0.80356956E+00  0.20710022E+06 -0.28356519E+06 -0.50528242E+05  0.30762150E+06  0.14904815E+05 -0.17607884E+06 1989  236    5   32   47 1000  0.79662973E+00  0.58245593E+00  0.16163591E+00  0.12000626E+00  0.10968196E+00 -0.98669571E+00 -0.59243530E+00  0.80542845E+00  0.17477568E-01
 1989  236    5   34   24    0  0.60743606E+06  0.11114178E+07 -0.64466506E+06  0.11337267E+03 -0.78964561E+02  0.82062111E+01 -0.59991644E+06  0.12881560E+07 -0.24885998E+05  0.74034486E+01 -0.15312841E+02  0.80357575E+00  0.20380748E+06 -0.28591425E+06 -0.50679285E+05  0.30749953E+06  0.14580614E+05 -0.17631888E+06 1989  236    5   34   24    0  0.79654449E+00  0.58253455E+00  0.16177328E+00  0.12019297E+00  0.10965662E+00 -0.98667586E+00 -0.59251225E+00  0.80537510E+00  0.17329801E-01
 1989  236    5   36    0    0  0.61827362E+06  0.11037841E+07 -0.64387725E+06  0.11240908E+03 -0.80065041E+02  0.82063589E+01 -0.59920569E+06  0.12866860E+07 -0.24808855E+05  0.74035850E+01 -0.15313136E+02  0.80358201E+00  0.20048803E+06 -0.28822506E+06 -0.50830254E+05  0.30737712E+06  0.14256394E+05 -0.17655867E+06 1989  236    5   36    0    0  0.79638547E+00  0.58271039E+00  0.16192213E+00  0.12036425E+00  0.10966808E+00 -0.98665363E+00 -0.59269094E+00  0.80524629E+00  0.17200593E-01
 1989  236    5   37   36    0  0.62901825E+06  0.10960455E+07 -0.64308944E+06  0.11143488E+03 -0.81154037E+02  0.82065067E+01 -0.59849494E+06  0.12852160E+07 -0.24731711E+05  0.74037218E+01 -0.15313432E+02  0.80358821E+00  0.19714231E+06 -0.29049728E+06 -0.50981156E+05  0.30725428E+06  0.13932153E+05 -0.17679820E+06 1989  236    5   37   36    0  0.79629558E+00  0.58280122E+00  0.16203719E+00  0.12055045E+00  0.10960551E+00 -0.98663783E+00 -0.59277385E+00  0.80518901E+00  0.17021421E-01
 1989  236    5   39   12    0  0.63966875E+06  0.10882029E+07 -0.64230162E+06  0.11045019E+03 -0.82231438E+02  0.82066555E+01 -0.59778419E+06  0.12837455E+07 -0.24654566E+05  0.74038591E+01 -0.15313727E+02  0.80359447E+00  0.19377078E+06 -0.29273069E+06 -0.51131984E+05  0.30713100E+06  0.13607894E+05 -0.17703748E+06 1989  236    5   39   12    0  0.79621232E+00  0.58290327E+00  0.16207980E+00  0.12063229E+00  0.10956255E+00 -0.98663265E+00 -0.59286922E+00  0.80512100E+00  0.16918100E-01
 1989  236    5   40   47 1000  0.65022431E+06  0.10802572E+07 -0.64151375E+06  0.10945515E+03 -0.83297142E+02  0.82068043E+01 -0.59707338E+06  0.12822750E+07 -0.24577422E+05  0.74039965E+01 -0.15314025E+02  0.80360067E+00  0.19037388E+06 -0.29492494E+06 -0.51282738E+05  0.30700731E+06  0.13283613E+05 -0.17727655E+06 1989  236    5   40   47 1000  0.79606503E+00  0.58315462E+00  0.16189823E+00  0.12039678E+00  0.10956773E+00 -0.98666084E+00 -0.59311461E+00  0.80493832E+00  0.17013092E-01
 1989  236    5   42   24    0  0.66068381E+06  0.10722101E+07 -0.64072588E+06  0.10844992E+03 -0.84351044E+02  0.82069530E+01 -0.59636262E+06  0.12808050E+07 -0.24500275E+05  0.74041338E+01 -0.15314322E+02  0.80360693E+00  0.18695211E+06 -0.29707975E+06 -0.51433422E+05  0.30688319E+06  0.12959314E+05 -0.17751533E+06 1989  236    5   42   24    0  0.79604191E+00  0.58322799E+00  0.16174769E+00  0.12024370E+00  0.10951973E+00 -0.98668480E+00 -0.59317672E+00  0.80489159E+00  0.17052811E-01
 1989  236    5   44    0    0  0.67104638E+06  0.10640625E+07 -0.63993800E+06  0.10743462E+03 -0.85393059E+02  0.82071018E+01 -0.59565181E+06  0.12793350E+07 -0.24423129E+05  0.74042716E+01 -0.15314621E+02  0.80361313E+00  0.18350586E+06 -0.29919488E+06 -0.51584031E+05  0.30675859E+06  0.12634998E+05 -0.17775386E+06 1989  236    5   44    0    0  0.79599190E+00  0.58336240E+00  0.16150968E+00  0.11997326E+00  0.10948154E+00 -0.98672205E+00 -0.59329879E+00  0.80479950E+00  0.17158531E-01
 1989  236    5   45   36    0  0.68131094E+06  0.10558154E+07 -0.63915012E+06  0.10640937E+03 -0.86423088E+02  0.82072515E+01 -0.59494100E+06  0.12778650E+07 -0.24345982E+05  0.74044099E+01 -0.15314919E+02  0.80361938E+00  0.18003561E+06 -0.30126997E+06 -0.51734570E+05  0.30663359E+06  0.12310662E+05 -0.17799217E+06 1989  236    5   45   36    0  0.79594928E+00  0.58343333E+00  0.16146348E+00  0.11986150E+00  0.10955296E+00 -0.98672765E+00 -0.59337854E+00  0.80473834E+00  0.17267421E-01
 1989  236    5   47   12    0  0.69147669E+06  0.10474700E+07 -0.63836225E+06  0.10537433E+03 -0.87441032E+02  0.82074022E+01 -0.59423012E+06  0.12763945E+07 -0.24268834E+05  0.74045486E+01 -0.15315219E+02  0.80362564E+00  0.17654183E+06 -0.30330481E+06 -0.51885035E+05  0.30650816E+06  0.11986310E+05 -0.17823020E+06 1989  236    5   47   12    0  0.79599786E+00  0.58344555E+00  0.16117942E+00  0.11961129E+00  0.10941425E+00 -0.98677337E+00 -0.59336388E+00  0.80474830E+00  0.17306823E-01
 1989  236    5   48   48    0  0.70154256E+06  0.10390274E+07 -0.63757431E+06  0.10432964E+03 -0.88446800E+02  0.82075520E+01 -0.59351931E+06  0.12749240E+07 -0.24191686E+05  0.74046879E+01 -0.15315519E+02  0.80363190E+00  0.17302500E+06 -0.30529912E+06 -0.52035426E+05  0.30638228E+06  0.11661941E+05 -0.17846798E+06 1989  236    5   48   48    0  0.79606479E+00  0.58337045E+00  0.16112055E+00  0.11947636E+00  0.10950102E+00 -0.98678011E+00 -0.59330124E+00  0.80479091E+00  0.17470915E-01
 1989  236    5   50   24    0  0.71150762E+06  0.10304888E+07 -0.63678644E+06  0.10327544E+03 -0.89440308E+02  0.82077026E+01 -0.59280850E+06  0.12734540E+07 -0.24114537E+05  0.74048271E+01 -0.15315821E+02  0.80363816E+00  0.16948558E+06 -0.30725266E+06 -0.52185746E+05  0.30625597E+06  0.11337557E+05 -0.17870555E+06 1989  236    5   50   24    0  0.79619575E+00  0.58322638E+00  0.16099556E+00  0.11930025E+00  0.10953511E+00 -0.98679757E+00 -0.59316105E+00  0.80489069E+00  0.17632343E-01
 1989  236    5   52    0    0  0.72137112E+06  0.10218553E+07 -0.63599844E+06  0.10221188E+03 -0.90421463E+02  0.82078543E+01 -0.59209762E+06  0.12719835E+07 -0.24037387E+05  0.74049664E+01 -0.15316122E+02  0.80364436E+00  0.16592403E+06 -0.30916509E+06 -0.52335988E+05  0.30612925E+06  0.11013154E+05 -0.17894283E+06 1989  236    5   52    0    0  0.79618144E+00  0.58330512E+00  0.16078046E+00  0.11903723E+00  0.10952726E+00 -0.98683029E+00 -0.59323299E+00  0.80483478E+00  0.17768532E-01
 1989  236    5   53   36    0  0.73113200E+06  0.10131282E+07 -0.63521050E+06  0.10113909E+03 -0.91390182E+02  0.82080050E+01 -0.59138669E+06  0.12705130E+07 -0.23960236E+05  0.74051061E+01 -0.15316425E+02  0.80365062E+00  0.16234088E+06 -0.31103622E+06 -0.52486160E+05  0.30600209E+06  0.10688738E+05 -0.17917986E+06 1989  236    5   53   36    0  0.79630977E+00  0.58311087E+00  0.16084917E+00  0.11912251E+00  0.10953425E+00 -0.98681921E+00 -0.59304351E+00  0.80497456E+00  0.17761558E-01
 1989  236    5   55   11 1000  0.74078950E+06  0.10043088E+07 -0.63442250E+06  0.10005721E+03 -0.92346375E+02  0.82081566E+01 -0.59067581E+06  0.12690430E+07 -0.23883086E+05  0.74052463E+01 -0.15316729E+02  0.80365688E+00  0.15873656E+06 -0.31286581E+06 -0.52636254E+05  0.30587450E+06  0.10364309E+05 -0.17941662E+06 1989  236    5   55   11 1000  0.79631072E+00  0.58306801E+00  0.16099966E+00  0.11927059E+00  0.10958789E+00 -0.98679537E+00 -0.59301239E+00  0.80499834E+00  0.17723128E-01
 1989  236    5   56   48    0  0.75034269E+06  0.99539819E+06 -0.63363450E+06  0.98966393E+02 -0.93289955E+02  0.82083092E+01 -0.58996488E+06  0.12675725E+07 -0.23805934E+05  0.74053869E+01 -0.15317032E+02  0.80366313E+00  0.15511156E+06 -0.31465366E+06 -0.52786277E+05  0.30574647E+06  0.10039863E+05 -0.17965312E+06 1989  236    5   56   48    0  0.79634655E+00  0.58300638E+00  0.16104607E+00  0.11938196E+00  0.10951723E+00 -0.98678976E+00 -0.59294200E+00  0.80505258E+00  0.17613225E-01
 1989  236    5   58   24    0  0.75979081E+06  0.98639756E+06 -0.63284650E+06  0.97866776E+02 -0.94220840E+02  0.82084618E+01 -0.58925400E+06  0.12661020E+07 -0.23728781E+05  0.74055281E+01 -0.15317337E+02  0.80366939E+00  0.15146636E+06 -0.31639947E+06 -0.52936227E+05  0.30561800E+06  0.97154004E+04 -0.17988941E+06 1989  236    5   58   24    0  0.79640663E+00  0.58285451E+00  0.16129898E+00  0.11959930E+00  0.10965319E+00 -0.98674834E+00 -0.59281760E+00  0.80514407E+00  0.17619528E-01
 1989  236    6    0    0    0  0.76913294E+06  0.97730812E+06 -0.63205850E+06  0.96758514E+02 -0.95138962E+02  0.82086143E+01 -0.58854300E+06  0.12646315E+07 -0.23651627E+05  0.74056692E+01 -0.15317642E+02  0.80367565E+00  0.14780147E+06 -0.31810300E+06 -0.53086102E+05  0.30548912E+06  0.93909238E+04 -0.18012544E+06 1989  236    6    0    0    0  0.79634619E+00  0.58288080E+00  0.16150190E+00  0.11984628E+00  0.10965830E+00 -0.98671782E+00 -0.59284884E+00  0.80512428E+00  0.17469890E-01
 1989  236    6    1   36    0  0.77836819E+06  0.96813125E+06 -0.63127044E+06  0.95641769E+02 -0.96044220E+02  0.82087669E+01 -0.58783206E+06  0.12631610E+07 -0.23574475E+05  0.74058104E+01 -0.15317948E+02  0.80368197E+00  0.14411736E+06 -0.31976406E+06 -0.53235898E+05  0.30535981E+06  0.90664375E+04 -0.18036119E+06 1989  236    6    1   36    0  0.79639089E+00  0.58279359E+00  0.16159619E+00  0.12000552E+00  0.10960387E+00 -0.98670453E+00 -0.59275663E+00  0.80519480E+00  0.17349094E-01
 1989  236    6    3   11 1000  0.78749581E+06  0.95886806E+06 -0.63048238E+06  0.94516655E+02 -0.96936562E+02  0.82089205E+01 -0.58712112E+06  0.12616905E+07 -0.23497322E+05  0.74059520E+01 -0.15318255E+02  0.80368823E+00  0.14041452E+06 -0.32138247E+06 -0.53385621E+05  0.30523006E+06  0.87419375E+04 -0.18059669E+06 1989  236    6    3   11 1000  0.79638344E+00  0.58274746E+00  0.16179894E+00  0.12026367E+00  0.10959601E+00 -0.98667389E+00 -0.59271419E+00  0.80522925E+00  0.17197095E-01
 1989  236    6    4   48    0  0.79651512E+06  0.94951988E+06 -0.62969431E+06  0.93383331E+02 -0.97815895E+02  0.82090750E+01 -0.58641012E+06  0.12602200E+07 -0.23420168E+05  0.74060941E+01 -0.15318563E+02  0.80369449E+00  0.13669344E+06 -0.32295791E+06 -0.53535266E+05  0.30509988E+06  0.84174238E+04 -0.18083194E+06 1989  236    6    4   48    0  0.79647499E+00  0.58260322E+00  0.16186816E+00  0.12038602E+00  0.10955149E+00 -0.98666400E+00 -0.59256643E+00  0.80533975E+00  0.17117739E-01
 1989  236    6    6   24    0  0.80542519E+06  0.94008788E+06 -0.62890625E+06  0.92241966E+02 -0.98682137E+02  0.82092295E+01 -0.58569912E+06  0.12587495E+07 -0.23343012E+05  0.74062366E+01 -0.15318871E+02  0.80370075E+00  0.13295466E+06 -0.32449028E+06 -0.53684840E+05  0.30496925E+06  0.80929004E+04 -0.18106694E+06 1989  236    6    6   24    0  0.79650509E+00  0.58251905E+00  0.16202235E+00  0.12054542E+00  0.10959747E+00 -0.98663938E+00 -0.59249347E+00  0.80539429E+00  0.17074943E-01
 1989  236    6    8    0    0  0.81422531E+06  0.93057331E+06 -0.62811819E+06  0.91092690E+02 -0.99535233E+02  0.82093840E+01 -0.58498812E+06  0.12572785E+07 -0.23265857E+05  0.74063797E+01 -0.15319180E+02  0.80370700E+00  0.12919864E+06 -0.32597934E+06 -0.53834336E+05  0.30483819E+06  0.77683652E+04 -0.18130169E+06 1989  236    6    8    0    0  0.79651010E+00  0.58256167E+00  0.16184473E+00  0.12029020E+00  0.10964379E+00 -0.98666537E+00 -0.59253865E+00  0.80535722E+00  0.17255932E-01
 1989  236    6    9   36    0  0.82291469E+06  0.92097750E+06 -0.62733006E+06  0.89935654E+02 -0.10037511E+03  0.82095385E+01 -0.58427712E+06  0.12558080E+07 -0.23188701E+05  0.74065228E+01 -0.15319489E+02  0.80371332E+00  0.12542588E+06 -0.32742491E+06 -0.53983758E+05  0.30470672E+06  0.74438184E+04 -0.18153619E+06 1989  236    6    9   36    0  0.79645747E+00  0.58261704E+00  0.16190340E+00  0.12038291E+00  0.10961449E+00 -0.98665726E+00 -0.59259033E+00  0.80532110E+00  0.17166153E-01
 1989  236    6   11   11 1000  0.83149275E+06  0.91130169E+06 -0.62654194E+06  0.88771004E+02 -0.10120171E+03  0.82096930E+01 -0.58356606E+06  0.12543375E+07 -0.23111543E+05  0.74066663E+01 -0.15319800E+02  0.80371958E+00  0.12163689E+06 -0.32882675E+06 -0.54133102E+05  0.30457481E+06  0.71192598E+04 -0.18177044E+06 1989  236    6   11   11 1000  0.79642940E+00  0.58262682E+00  0.16200715E+00  0.12048008E+00  0.10965678E+00 -0.98664075E+00 -0.59260851E+00  0.80530828E+00  0.17138969E-01
 1989  236    6   12   48    0  0.83995856E+06  0.90154719E+06 -0.62575381E+06  0.87598900E+02 -0.10201494E+03  0.82098494E+01 -0.58285506E+06  0.12528665E+07 -0.23034387E+05  0.74068103E+01 -0.15320111E+02  0.80372584E+00  0.11783218E+06 -0.33018475E+06 -0.54282367E+05  0.30444250E+06  0.67946899E+04 -0.18200441E+06 1989  236    6   12   48    0  0.79652530E+00  0.58244187E+00  0.16220042E+00  0.12074870E+00  0.10962370E+00 -0.98661160E+00 -0.59242487E+00  0.80544651E+00  0.16988948E-01
 1989  236    6   14   24    0  0.84831150E+06  0.89171525E+06 -0.62496562E+06  0.86419495E+02 -0.10281474E+03  0.82100048E+01 -0.58214400E+06  0.12513960E+07 -0.22957229E+05  0.74069543E+01 -0.15320423E+02  0.80373216E+00  0.11401227E+06 -0.33149869E+06 -0.54431559E+05  0.30430975E+06  0.64701113E+04 -0.18223812E+06 1989  236    6   14   24    0  0.79659146E+00  0.58239412E+00  0.16204694E+00  0.12066934E+00  0.10947488E+00 -0.98663783E+00 -0.59235215E+00  0.80550134E+00  0.16929645E-01
 1989  236    6   16    0    0  0.85655088E+06  0.88180719E+06 -0.62417744E+06  0.85232941E+02 -0.10360106E+03  0.82101612E+01 -0.58143288E+06  0.12499255E+07 -0.22880070E+05  0.74070988E+01 -0.15320736E+02  0.80373842E+00  0.11017766E+06 -0.33276844E+06 -0.54580672E+05  0.30417656E+06  0.61455254E+04 -0.18247158E+06 1989  236    6   16    0    0  0.79663050E+00  0.58237147E+00  0.16193658E+00  0.12046307E+00  0.10957029E+00 -0.98665243E+00 -0.59234160E+00  0.80550474E+00  0.17132781E-01
 1989  236    6   17   36    0  0.86467600E+06  0.87182431E+06 -0.62338925E+06  0.84039391E+02 -0.10437383E+03  0.82103186E+01 -0.58072181E+06  0.12484545E+07 -0.22802912E+05  0.74072437E+01 -0.15321050E+02  0.80374473E+00  0.10632885E+06 -0.33399375E+06 -0.54729711E+05  0.30404294E+06  0.58209316E+04 -0.18270477E+06 1989  236    6   17   36    0  0.79670537E+00  0.58233923E+00  0.16168374E+00  0.12022835E+00  0.10946476E+00 -0.98669279E+00 -0.59228855E+00  0.80554235E+00  0.17197482E-01
 1989  236    6   19   12    0  0.87268619E+06  0.86176788E+06 -0.62260106E+06  0.82838997E+02 -0.10513298E+03  0.82104759E+01 -0.58001069E+06  0.12469835E+07 -0.22725752E+05  0.74073887E+01 -0.15321363E+02  0.80375099E+00  0.10246640E+06 -0.33517453E+06 -0.54878672E+05  0.30390888E+06  0.54963301E+04 -0.18293770E+06 1989  236    6   19   12    0  0.79684108E+00  0.58222079E+00  0.16144244E+00  0.11995089E+00  0.10944010E+00 -0.98672938E+00 -0.59216255E+00  0.80563140E+00  0.17368481E-01
 1989  236    6   20   47 1000  0.88058088E+06  0.85163925E+06 -0.62181288E+06  0.81631905E+02 -0.10587846E+03  0.82106333E+01 -0.57929956E+06  0.12455125E+07 -0.22648592E+05  0.74075341E+01 -0.15321678E+02  0.80375731E+00  0.98590789E+05 -0.33631059E+06 -0.55027551E+05  0.30377441E+06  0.51717188E+04 -0.18317039E+06 1989  236    6   20   47 1000  0.79689211E+00  0.58221126E+00  0.16122381E+00  0.11975595E+00  0.10933727E+00 -0.98676437E+00 -0.59213305E+00  0.80565220E+00  0.17406750E-01
 1989  236    6   22   24    0  0.88835931E+06  0.84143969E+06 -0.62102469E+06  0.80418282E+02 -0.10661023E+03  0.82107906E+01 -0.57858844E+06  0.12440415E+07 -0.22571432E+05  0.74076800E+01 -0.15321994E+02  0.80376357E+00  0.94702523E+05 -0.33740184E+06 -0.55176355E+05  0.30363950E+06  0.48470996E+04 -0.18340283E+06 1989  236    6   22   24    0  0.79689795E+00  0.58227569E+00  0.16096178E+00  0.11945169E+00  0.10930735E+00 -0.98680454E+00 -0.59218657E+00  0.80560964E+00  0.17553002E-01
 1989  236    6   24    0    0  0.89602094E+06  0.83117050E+06 -0.62023644E+06  0.79198265E+02 -0.10732821E+03  0.82109480E+01 -0.57787731E+06  0.12425705E+07 -0.22494270E+05  0.74078264E+01 -0.15322310E+02  0.80376989E+00  0.90802117E+05 -0.33844809E+06 -0.55325086E+05  0.30350412E+06  0.45224746E+04 -0.18363502E+06 1989  236    6   24    0    0  0.79684639E+00  0.58239985E+00  0.16076793E+00  0.11923712E+00  0.10926811E+00 -0.98683488E+00 -0.59229928E+00  0.80552530E+00  0.17626211E-01
 1989  236    6   25   35 1000  0.90356519E+06  0.82083300E+06 -0.61944819E+06  0.77972023E+02 -0.10803236E+03  0.82111073E+01 -0.57716619E+06  0.12410995E+07 -0.22417107E+05  0.74079733E+01 -0.15322628E+02  0.80377614E+00  0.86890117E+05 -0.33944922E+06 -0.55473734E+05  0.30336838E+06  0.41978438E+04 -0.18386692E+06 1989  236    6   25   35 1000  0.79679662E+00  0.58246136E+00  0.16079158E+00  0.11922726E+00  0.10931906E+00 -0.98683041E+00 -0.59236813E+00  0.80547386E+00  0.17659776E-01
 1989  236    6   27   12    0  0.91099144E+06  0.81042869E+06 -0.61865988E+06  0.76739723E+02 -0.10872263E+03  0.82112656E+01 -0.57645500E+06  0.12396285E+07 -0.22339945E+05  0.74081202E+01 -0.15322946E+02  0.80378246E+00  0.82967055E+05 -0.34040509E+06 -0.55622305E+05  0.30323219E+06  0.38732065E+04 -0.18409858E+06 1989  236    6   27   12    0  0.79667008E+00  0.58258992E+00  0.16095296E+00  0.11940604E+00  0.10934304E+00 -0.98680615E+00 -0.59250236E+00  0.80537760E+00  0.17545581E-01
 1989  236    6   28   47 1000  0.91829906E+06  0.79995875E+06 -0.61787156E+06  0.75501503E+02 -0.10939894E+03  0.82114248E+01 -0.57574381E+06  0.12381575E+07 -0.22262781E+05  0.74082670E+01 -0.15323264E+02  0.80378878E+00  0.79033430E+05 -0.34131559E+06 -0.55770797E+05  0.30309556E+06  0.35485640E+04 -0.18432998E+06 1989  236    6   28   47 1000  0.79659230E+00  0.58265853E+00  0.16108909E+00  0.11954823E+00  0.10937648E+00 -0.98678523E+00 -0.59257817E+00  0.80532342E+00  0.17472651E-01
 1989  236    6   30   24    0  0.92548750E+06  0.78942456E+06 -0.61708325E+06  0.74257523E+02 -0.11006129E+03  0.82115841E+01 -0.57503262E+06  0.12366865E+07 -0.22185617E+05  0.74084144E+01 -0.15323584E+02  0.80379504E+00  0.75089773E+05 -0.34218062E+06 -0.55919211E+05  0.30295853E+06  0.32239165E+04 -0.18456111E+06 1989  236    6   30   24    0  0.79643786E+00  0.58283734E+00  0.16120599E+00  0.11966358E+00  0.10941005E+00 -0.98676753E+00 -0.59276247E+00  0.80518949E+00  0.17393898E-01
 1989  236    6   32    0    0  0.93255631E+06  0.77882744E+06 -0.61629494E+06  0.73007942E+02 -0.11070959E+03  0.82117443E+01 -0.57432138E+06  0.12352155E+07 -0.22108453E+05  0.74085627E+01 -0.15323903E+02  0.80380136E+00  0.71136625E+05 -0.34300006E+06 -0.56067547E+05  0.30282106E+06  0.28992646E+04 -0.18479198E+06 1989  236    6   32    0    0  0.79640597E+00  0.58285201E+00  0.16131078E+00  0.11976060E+00  0.10945398E+00 -0.98675084E+00 -0.59278578E+00  0.80517292E+00  0.17367098E-01
 1989  236    6   33   36    0  0.93950481E+06  0.76816881E+06 -0.61550662E+06  0.71752914E+02 -0.11134382E+03  0.82119045E+01 -0.57361012E+06  0.12337445E+07 -0.22031287E+05  0.74087110E+01 -0.15324224E+02  0.80380768E+00  0.67174523E+05 -0.34377375E+06 -0.56215801E+05  0.30268316E+06  0.25746084E+04 -0.18502261E+06 1989  236    6   33   36    0  0.79636729E+00  0.58285379E+00  0.16149503E+00  0.11990024E+00  0.10957436E+00 -0.98672050E+00 -0.59280950E+00  0.80515522E+00  0.17377120E-01
 1989  236    6   35   12    0  0.94633262E+06  0.75744988E+06 -0.61471831E+06  0.70492599E+02 -0.11196394E+03  0.82120657E+01 -0.57289894E+06  0.12322735E+07 -0.21954121E+05  0.74088593E+01 -0.15324546E+02  0.80381393E+00  0.63203965E+05 -0.34450166E+06 -0.56363977E+05  0.30254481E+06  0.22499487E+04 -0.18525294E+06 1989  236    6   35   12    0  0.79620993E+00  0.58303708E+00  0.16160919E+00  0.12002634E+00  0.10958864E+00 -0.98670363E+00 -0.59299535E+00  0.80502057E+00  0.17275762E-01
 1989  236    6   36   47 1000  0.95303931E+06  0.74667212E+06 -0.61392994E+06  0.69227150E+02 -0.11256989E+03  0.82122269E+01 -0.57218769E+06  0.12308025E+07 -0.21876953E+05  0.74090085E+01 -0.15324869E+02  0.80382025E+00  0.59225457E+05 -0.34518372E+06 -0.56512074E+05  0.30240606E+06  0.19252839E+04 -0.18548300E+06 1989  236    6   36   47 1000  0.79613107E+00  0.58311230E+00  0.16172563E+00  0.12015815E+00  0.10960273E+00 -0.98668599E+00 -0.59307432E+00  0.80496418E+00  0.17192431E-01
 1989  236    6   38   24    0  0.95962419E+06  0.73583688E+06 -0.61314150E+06  0.67956734E+02 -0.11316164E+03  0.82123880E+01 -0.57147638E+06  0.12293315E+07 -0.21799785E+05  0.74091582E+01 -0.15325192E+02  0.80382657E+00  0.55239566E+05 -0.34581975E+06 -0.56660094E+05  0.30226688E+06  0.16006166E+04 -0.18571284E+06 1989  236    6   38   24    0  0.79600132E+00  0.58323282E+00  0.16193049E+00  0.12034689E+00  0.10968695E+00 -0.98665375E+00 -0.59321046E+00  0.80486542E+00  0.17120697E-01
 1989  236    6   40    0    0  0.96608681E+06  0.72494550E+06 -0.61235312E+06  0.66681511E+02 -0.11373916E+03  0.82125492E+01 -0.57076512E+06  0.12278600E+07 -0.21722619E+05  0.74093080E+01 -0.15325516E+02  0.80383289E+00  0.51246840E+05 -0.34640972E+06 -0.56808027E+05  0.30212725E+06  0.12759487E+04 -0.18594244E+06 1989  236    6   40    0    0  0.79604149E+00  0.58311522E+00  0.16215587E+00  0.12065811E+00  0.10964780E+00 -0.98662001E+00 -0.59309316E+00  0.80495590E+00  0.16926598E-01
 1989  236    6   41   36    0  0.97242681E+06  0.71399944E+06 -0.61156469E+06  0.65401627E+02 -0.11430240E+03  0.82127113E+01 -0.57005381E+06  0.12263885E+07 -0.21645451E+05  0.74094577E+01 -0.15325841E+02  0.80383915E+00  0.47247789E+05 -0.34695350E+06 -0.56955887E+05  0.30198719E+06  0.95127893E+03 -0.18617172E+06 1989  236    6   41   36    0  0.79592794E+00  0.58331710E+00  0.16198741E+00  0.12037402E+00  0.10974288E+00 -0.98664409E+00 -0.59330332E+00  0.80479664E+00  0.17131202E-01
 1989  236    6   43   12    0  0.97864375E+06  0.70299994E+06 -0.61077631E+06  0.64117256E+02 -0.11485133E+03  0.82128744E+01 -0.56934250E+06  0.12249175E+07 -0.21568281E+05  0.74096079E+01 -0.15326166E+02  0.80384547E+00  0.43242957E+05 -0.34745112E+06 -0.57103660E+05  0.30184672E+06  0.62660779E+03 -0.18640075E+06 1989  236    6   43   12    0  0.79588181E+00  0.58342421E+00  0.16182815E+00  0.12015978E+00  0.10976173E+00 -0.98666811E+00 -0.59340858E+00  0.80471647E+00  0.17253246E-01
 1989  236    6   44   47 1000  0.98473719E+06  0.69194844E+06 -0.60998781E+06  0.62828545E+02 -0.11538592E+03  0.82130375E+01 -0.56863119E+06  0.12234460E+07 -0.21491113E+05  0.74097590E+01 -0.15326493E+02  0.80385178E+00  0.39232867E+05 -0.34790250E+06 -0.57251355E+05  0.30170584E+06  0.30193585E+03 -0.18662953E+06 1989  236    6   44   47 1000  0.79599357E+00  0.58333212E+00  0.16161047E+00  0.11987612E+00  0.10978386E+00 -0.98670018E+00 -0.59331614E+00  0.80478024E+00  0.17459650E-01
 1989  236    6   46   24    0  0.99070669E+06  0.68084631E+06 -0.60919938E+06  0.61535660E+02 -0.11590614E+03  0.82132006E+01 -0.56791981E+06  0.12219745E+07 -0.21413943E+05  0.74099102E+01 -0.15326820E+02  0.80385810E+00  0.35218066E+05 -0.34830753E+06 -0.57398973E+05  0.30156453E+06 -0.22736465E+02 -0.18685803E+06 1989  236    6   46   24    0  0.79602861E+00  0.58336031E+00  0.16133608E+00  0.11957745E+00  0.10972665E+00 -0.98674279E+00 -0.59332943E+00  0.80476755E+00  0.17588820E-01
 1989  236    6   48    0    0  0.99655188E+06  0.66969500E+06 -0.60841088E+06  0.60238750E+02 -0.11641196E+03  0.82133646E+01 -0.56720844E+06  0.12205035E+07 -0.21336771E+05  0.74100618E+01 -0.15327148E+02  0.80386442E+00  0.31199086E+05 -0.34866619E+06 -0.57546504E+05  0.30142278E+06 -0.34740881E+03 -0.18708628E+06 1989  236    6   48    0    0  0.79611397E+00  0.58329666E+00  0.16114414E+00  0.11933424E+00  0.10973611E+00 -0.98677117E+00 -0.59326363E+00  0.80481237E+00  0.17755188E-01
 1989  236    6   49   36    0  0.10022724E+07  0.65849569E+06 -0.60762238E+06  0.58937981E+02 -0.11690334E+03  0.82135286E+01 -0.56649706E+06  0.12190320E+07 -0.21259600E+05  0.74102139E+01 -0.15327477E+02  0.80387074E+00  0.27176428E+05 -0.34897844E+06 -0.57693957E+05  0.30128062E+06 -0.67208228E+03 -0.18731428E+06 1989  236    6   49   36    0  0.79627186E+00  0.58313531E+00  0.16094850E+00  0.11911841E+00  0.10970600E+00 -0.98680055E+00 -0.59309524E+00  0.80493343E+00  0.17893646E-01
 1989  236    6   51   11 1000  0.10078679E+07  0.64724994E+06 -0.60683388E+06  0.57633507E+02 -0.11738029E+03  0.82136927E+01 -0.56578569E+06  0.12175605E+07 -0.21182428E+05  0.74103661E+01 -0.15327806E+02  0.80387700E+00  0.23150662E+05 -0.34924422E+06 -0.57841332E+05  0.30113803E+06 -0.99675488E+03 -0.18754200E+06 1989  236    6   51   11 1000  0.79629970E+00  0.58310056E+00  0.16093709E+00  0.11907947E+00  0.10974101E+00 -0.98680145E+00 -0.59306586E+00  0.80495387E+00  0.17951433E-01
 1989  236    6   52   48    0  0.10133380E+07  0.63595912E+06 -0.60604538E+06  0.56325500E+02 -0.11784274E+03  0.82138577E+01 -0.56507425E+06  0.12160890E+07 -0.21105256E+05  0.74105186E+01 -0.15328137E+02  0.80388331E+00  0.19122340E+05 -0.34946353E+06 -0.57988621E+05  0.30099503E+06 -0.13214244E+04 -0.18776944E+06 1989  236    6   52   48    0  0.79634368E+00  0.58301502E+00  0.16102950E+00  0.11923809E+00  0.10968435E+00 -0.98678863E+00 -0.59297502E+00  0.80502355E+00  0.17828841E-01
 1989  236    6   54   24    0  0.10186823E+07  0.62462456E+06 -0.60525688E+06  0.55014126E+02 -0.11829072E+03  0.82140226E+01 -0.56436288E+06  0.12146175E+07 -0.21028084E+05  0.74106717E+01 -0.15328468E+02  0.80388963E+00  0.15091981E+05 -0.34963634E+06 -0.58135828E+05  0.30085159E+06 -0.16460920E+04 -0.18799661E+06 1989  236    6   54   24    0  0.79630220E+00  0.58306503E+00  0.16105239E+00  0.11933176E+00  0.10959370E+00 -0.98678732E+00 -0.59301150E+00  0.80499959E+00  0.17691523E-01
 1989  236    6   56    0    0  0.10239006E+07  0.61324775E+06 -0.60446831E+06  0.53699532E+02 -0.11872417E+03  0.82141886E+01 -0.56365144E+06  0.12131460E+07 -0.20950910E+05  0.74108253E+01 -0.15328800E+02  0.80389595E+00  0.11060124E+05 -0.34976259E+06 -0.58282953E+05  0.30070772E+06 -0.19707574E+04 -0.18822355E+06 1989  236    6   56    0    0  0.79637933E+00  0.58292812E+00  0.16116731E+00  0.11949606E+00  0.10956913E+00 -0.98677015E+00 -0.59287500E+00  0.80510211E+00  0.17600980E-01
 1989  236    6   57   36    0  0.10289925E+07  0.60183000E+06 -0.60367975E+06  0.52381870E+02 -0.11914307E+03  0.82143545E+01 -0.56294000E+06  0.12116740E+07 -0.20873736E+05  0.74109788E+01 -0.15329133E+02  0.80390227E+00  0.70273057E+04 -0.34984234E+06 -0.58429996E+05  0.30056344E+06 -0.22954202E+04 -0.18845023E+06 1989  236    6   57   36    0  0.79647303E+00  0.58277798E+00  0.16124707E+00  0.11961828E+00  0.10954288E+00 -0.98675823E+00 -0.59272444E+00  0.80521441E+00  0.17537061E-01
 1989  236    6   59   11 1000  0.10339578E+07  0.59037281E+06 -0.60289112E+06  0.51061314E+02 -0.11954742E+03  0.82145214E+01 -0.56222850E+06  0.12102025E+07 -0.20796562E+05  0.74111328E+01 -0.15329467E+02  0.80390859E+00  0.29940615E+04 -0.34987553E+06 -0.58576957E+05  0.30041869E+06 -0.26200793E+04 -0.18867664E+06 1989  236    6   59   11 1000  0.79645509E+00  0.58278036E+00  0.16132633E+00  0.11967149E+00  0.10960382E+00 -0.98674500E+00 -0.59273762E+00  0.80520427E+00  0.17552320E-01
 1989  236    7    0   48    0  0.10387962E+07  0.57887744E+06 -0.60210256E+06  0.49738022E+02 -0.11993721E+03  0.82146883E+01 -0.56151706E+06  0.12087310E+07 -0.20719387E+05  0.74112873E+01 -0.15329802E+02  0.80391490E+00 -0.10390670E+04 -0.34986219E+06 -0.58723836E+05  0.30027356E+06 -0.29447349E+04 -0.18890277E+06 1989  236    7    0   48    0  0.79647964E+00  0.58272874E+00  0.16139257E+00  0.11988011E+00  0.10943376E+00 -0.98673862E+00 -0.59266269E+00  0.80526489E+00  0.17304160E-01
 1989  236    7    2   24    0  0.10435074E+07  0.56734525E+06 -0.60131394E+06  0.48412148E+02 -0.12031241E+03  0.82148552E+01 -0.56080556E+06  0.12072594E+07 -0.20642211E+05  0.74114423E+01 -0.15330137E+02  0.80392122E+00 -0.50715659E+04 -0.34980231E+06 -0.58870633E+05  0.30012803E+06 -0.32693882E+04 -0.18912861E+06 1989  236    7    2   24    0  0.79652894E+00  0.58263874E+00  0.16147353E+00  0.11999425E+00  0.10941821E+00 -0.98672640E+00 -0.59257323E+00  0.80533206E+00  0.17241485E-01
 1989  236    7    4    0    0  0.10480908E+07  0.55577781E+06 -0.60052531E+06  0.47083851E+02 -0.12067302E+03  0.82150230E+01 -0.56009406E+06  0.12057879E+07 -0.20565031E+05  0.74115977E+01 -0.15330473E+02  0.80392754E+00 -0.91028789E+04 -0.34969588E+06 -0.59017348E+05  0.29998203E+06 -0.35940366E+04 -0.18935420E+06 1989  236    7    4    0    0  0.79659861E+00  0.58250940E+00  0.16159627E+00  0.12016700E+00  0.10939471E+00 -0.98670799E+00 -0.59244448E+00  0.80542880E+00  0.17145265E-01
 1989  236    7    5   36    0  0.10525466E+07  0.54417650E+06 -0.59973662E+06  0.45753292E+02 -0.12101903E+03  0.82151909E+01 -0.55938256E+06  0.12043159E+07 -0.20487854E+05  0.74117532E+01 -0.15330810E+02  0.80393386E+00 -0.13132446E+05 -0.34954297E+06 -0.59163973E+05  0.29983562E+06 -0.39186785E+04 -0.18957955E+06 1989  236    7    5   36    0  0.79661280E+00  0.58246398E+00  0.16169004E+00  0.12031920E+00  0.10934724E+00 -0.98669475E+00 -0.59239447E+00  0.80546814E+00  0.17025799E-01
 1989  236    7    7   11 1000  0.10568752E+07  0.53254269E+06 -0.59894800E+06  0.44420647E+02 -0.12135043E+03  0.82153597E+01 -0.55867100E+06  0.12028439E+07 -0.20410676E+05  0.74119091E+01 -0.15331148E+02  0.80394018E+00 -0.17159752E+05 -0.34934359E+06 -0.59310520E+05  0.29968881E+06 -0.42433145E+04 -0.18980461E+06 1989  236    7    7   11 1000  0.79665709E+00  0.58239061E+00  0.16173646E+00  0.12043092E+00  0.10927618E+00 -0.98668897E+00 -0.59231234E+00  0.80553079E+00  0.16917806E-01
 1989  236    7    8   48    0  0.10610760E+07  0.52087772E+06 -0.59815931E+06  0.43086063E+02 -0.12166720E+03  0.82155285E+01 -0.55795944E+06  0.12013719E+07 -0.20333498E+05  0.74120655E+01 -0.15331487E+02  0.80394650E+00 -0.21184256E+05 -0.34909775E+06 -0.59456980E+05  0.29954153E+06 -0.45679434E+04 -0.19002939E+06 1989  236    7    8   48    0  0.79665494E+00  0.58234334E+00  0.16191770E+00  0.12063397E+00  0.10930707E+00 -0.98666078E+00 -0.59227407E+00  0.80556089E+00  0.16829621E-01
 1989  236    7   10   24    0  0.10651478E+07  0.50918303E+06 -0.59737062E+06  0.41749695E+02 -0.12196935E+03  0.82156973E+01 -0.55724788E+06  0.11999004E+07 -0.20256320E+05  0.74122224E+01 -0.15331826E+02  0.80395281E+00 -0.25205428E+05 -0.34880550E+06 -0.59603359E+05  0.29939384E+06 -0.48925664E+04 -0.19025392E+06 1989  236    7   10   24    0  0.79675454E+00  0.58218473E+00  0.16199721E+00  0.12071203E+00  0.10934036E+00 -0.98664755E+00 -0.59212399E+00  0.80567092E+00  0.16840730E-01
 1989  236    7   12    0    0  0.10690914E+07  0.49746009E+06 -0.59658188E+06  0.40411713E+02 -0.12225689E+03  0.82158670E+01 -0.55653631E+06  0.11984289E+07 -0.20179141E+05  0.74123797E+01 -0.15332167E+02  0.80395913E+00 -0.29222727E+05 -0.34846691E+06 -0.59749652E+05  0.29924575E+06 -0.52171836E+04 -0.19047816E+06 1989  236    7   12    0    0  0.79672939E+00  0.58219725E+00  0.16207622E+00  0.12080739E+00  0.10934323E+00 -0.98663551E+00 -0.59213841E+00  0.80566150E+00  0.16783234E-01
 1989  236    7   13   36    0  0.10729071E+07  0.48571025E+06 -0.59579312E+06  0.39072266E+02 -0.12252979E+03  0.82160368E+01 -0.55582469E+06  0.11969569E+07 -0.20101959E+05  0.74125371E+01 -0.15332507E+02  0.80396545E+00 -0.33235621E+05 -0.34808197E+06 -0.59895863E+05  0.29909725E+06 -0.55417930E+04 -0.19070212E+06 1989  236    7   13   36    0  0.79684985E+00  0.58206373E+00  0.16196364E+00  0.12057219E+00  0.10947834E+00 -0.98664933E+00 -0.59202433E+00  0.80573958E+00  0.17057087E-01
 1989  236    7   15   11 1000  0.10765939E+07  0.47393481E+06 -0.59500438E+06  0.37731514E+02 -0.12278808E+03  0.82162075E+01 -0.55511312E+06  0.11954849E+07 -0.20024777E+05  0.74126949E+01 -0.15332850E+02  0.80397177E+00 -0.37243594E+05 -0.34765075E+06 -0.60041988E+05  0.29894831E+06 -0.58663960E+04 -0.19092584E+06 1989  236    7   15   11 1000  0.79690540E+00  0.58205158E+00  0.16173416E+00  0.12033351E+00  0.10941698E+00 -0.98668528E+00 -0.59199816E+00  0.80575681E+00  0.17154668E-01
 1989  236    7   16   48    0  0.10801516E+07  0.46213528E+06 -0.59421562E+06  0.36389626E+02 -0.12303174E+03  0.82163782E+01 -0.55440150E+06  0.11940129E+07 -0.19947596E+05  0.74128532E+01 -0.15333193E+02  0.80397809E+00 -0.41246094E+05 -0.34717334E+06 -0.60188031E+05  0.29879891E+06 -0.61909912E+04 -0.19114931E+06 1989  236    7   16   48    0  0.79691166E+00  0.58208746E+00  0.16157369E+00  0.12012970E+00  0.10942264E+00 -0.98670948E+00 -0.59203100E+00  0.80573010E+00  0.17274182E-01
 1989  236    7   18   24    0  0.10835802E+07  0.45031316E+06 -0.59342688E+06  0.35046757E+02 -0.12326079E+03  0.82165489E+01 -0.55368981E+06  0.11925409E+07 -0.19870414E+05  0.74130120E+01 -0.15333536E+02  0.80398440E+00 -0.45242566E+05 -0.34664981E+06 -0.60333984E+05  0.29864912E+06 -0.65155771E+04 -0.19137250E+06 1989  236    7   18   24    0  0.79690552E+00  0.58213609E+00  0.16142881E+00  0.11986838E+00  0.10953238E+00 -0.98672915E+00 -0.59209228E+00  0.80568004E+00  0.17507244E-01
 1989  236    7   20    0    0  0.10868800E+07  0.43846972E+06 -0.59263806E+06  0.33703064E+02 -0.12347522E+03  0.82167206E+01 -0.55297819E+06  0.11910689E+07 -0.19793232E+05  0.74131713E+01 -0.15333880E+02  0.80399072E+00 -0.49232504E+05 -0.34608025E+06 -0.60479855E+05  0.29849891E+06 -0.68401533E+04 -0.19159541E+06 1989  236    7   20    0    0  0.79685557E+00  0.58225572E+00  0.16124444E+00  0.11965221E+00  0.10951152E+00 -0.98675764E+00 -0.59220332E+00  0.80559647E+00  0.17596699E-01
 1989  236    7   21   36    0  0.10900512E+07  0.42660641E+06 -0.59184925E+06  0.32358707E+02 -0.12367504E+03  0.82168932E+01 -0.55226650E+06  0.11895969E+07 -0.19716049E+05  0.74133306E+01 -0.15334227E+02  0.80399704E+00 -0.53215359E+05 -0.34546469E+06 -0.60625641E+05  0.29834828E+06 -0.71647178E+04 -0.19181806E+06 1989  236    7   21   36    0  0.79674596E+00  0.58245838E+00  0.16105312E+00  0.11932297E+00  0.10962950E+00 -0.98678440E+00 -0.59241694E+00  0.80543381E+00  0.17846204E-01
 1989  236    7   23   12    0  0.10930934E+07  0.41472462E+06 -0.59106044E+06  0.31013840E+02 -0.12386027E+03  0.82170658E+01 -0.55155481E+06  0.11881249E+07 -0.19638865E+05  0.74134903E+01 -0.15334573E+02  0.80400330E+00 -0.57190625E+05 -0.34480325E+06 -0.60771340E+05  0.29819725E+06 -0.74892725E+04 -0.19204041E+06 1989  236    7   23   12    0  0.79675472E+00  0.58248639E+00  0.16090815E+00  0.11916892E+00  0.10959376E+00 -0.98680699E+00 -0.59243613E+00  0.80541837E+00  0.17905079E-01
 1989  236    7   24   47 1000  0.10960061E+07  0.40282572E+06 -0.59027156E+06  0.29668631E+02 -0.12403091E+03  0.82172384E+01 -0.55084312E+06  0.11866524E+07 -0.19561680E+05  0.74136505E+01 -0.15334920E+02  0.80400962E+00 -0.61157762E+05 -0.34409600E+06 -0.60916953E+05  0.29804578E+06 -0.78138193E+04 -0.19226250E+06 1989  236    7   24   47 1000  0.79669935E+00  0.58255035E+00  0.16095176E+00  0.11921357E+00  0.10960419E+00 -0.98680049E+00 -0.59250188E+00  0.80537087E+00  0.17873712E-01
 1989  236    7   26   24    0  0.10987898E+07  0.39091116E+06 -0.58948269E+06  0.28323233E+02 -0.12418700E+03  0.82174120E+01 -0.55013138E+06  0.11851799E+07 -0.19484494E+05  0.74138112E+01 -0.15335268E+02  0.80401593E+00 -0.65116219E+05 -0.34334306E+06 -0.61062480E+05  0.29789388E+06 -0.81383545E+04 -0.19248434E+06 1989  236    7   26   24    0  0.79662091E+00  0.58263493E+00  0.16103363E+00  0.11930077E+00  0.10962035E+00 -0.98678815E+00 -0.59258974E+00  0.80530739E+00  0.17817084E-01
 1989  236    7   28    0    0  0.11014440E+07  0.37898225E+06 -0.58869381E+06  0.26977789E+02 -0.12432852E+03  0.82175856E+01 -0.54941969E+06  0.11837079E+07 -0.19407309E+05  0.74139724E+01 -0.15335617E+02  0.80402225E+00 -0.69065516E+05 -0.34254453E+06 -0.61207922E+05  0.29774156E+06 -0.84628770E+04 -0.19270591E+06 1989  236    7   28    0    0  0.79642981E+00  0.58281934E+00  0.16131163E+00  0.11961477E+00  0.10965482E+00 -0.98674631E+00 -0.59278339E+00  0.80516934E+00  0.17618570E-01
 1989  236    7   29   35 1000  0.11039692E+07  0.36704044E+06 -0.58790494E+06  0.25632469E+02 -0.12445550E+03  0.82177601E+01 -0.54870794E+06  0.11822359E+07 -0.19330119E+05  0.74141340E+01 -0.15335967E+02  0.80402857E+00 -0.73005125E+05 -0.34170047E+06 -0.61353277E+05  0.29758884E+06 -0.87873906E+04 -0.19292719E+06 1989  236    7   29   35 1000  0.79634327E+00  0.58282977E+00  0.16169979E+00  0.12006271E+00  0.10969916E+00 -0.98668689E+00 -0.59280884E+00  0.80515558E+00  0.17382070E-01
 1989  236    7   31   12    0  0.11063654E+07  0.35508722E+06 -0.58711600E+06  0.24287432E+02 -0.12456796E+03  0.82179346E+01 -0.54799619E+06  0.11807634E+07 -0.19252934E+05  0.74142962E+01 -0.15336317E+02  0.80403489E+00 -0.76934469E+05 -0.34081112E+06 -0.61498547E+05  0.29743569E+06 -0.91118906E+04 -0.19314817E+06 1989  236    7   31   12    0  0.79623199E+00  0.58284920E+00  0.16217686E+00  0.12060510E+00  0.10976465E+00 -0.98661351E+00 -0.59284818E+00  0.80513263E+00  0.17103564E-01
 1989  236    7   32   47 1000  0.11086321E+07  0.34312391E+06 -0.58632706E+06  0.22942831E+02 -0.12466592E+03  0.82181091E+01 -0.54728438E+06  0.11792909E+07 -0.19175746E+05  0.74144583E+01 -0.15336669E+02  0.80404121E+00 -0.80853023E+05 -0.33987656E+06 -0.61643727E+05  0.29728212E+06 -0.94363750E+04 -0.19336892E+06 1989  236    7   32   47 1000  0.79605925E+00  0.58304703E+00  0.16231428E+00  0.12071392E+00  0.10984102E+00 -0.98659170E+00 -0.59305805E+00  0.80497897E+00  0.17058052E-01
 1989  236    7   34   24    0  0.11107704E+07  0.33115191E+06 -0.58553812E+06  0.21598833E+02 -0.12474940E+03  0.82182846E+01 -0.54657256E+06  0.11778189E+07 -0.19098557E+05  0.74146209E+01 -0.15337022E+02  0.80404752E+00 -0.84760328E+05 -0.33889681E+06 -0.61788824E+05  0.29712812E+06 -0.97608457E+04 -0.19358939E+06 1989  236    7   34   24    0  0.79603189E+00  0.58317930E+00  0.16197315E+00  0.12034462E+00  0.10976377E+00 -0.98664546E+00 -0.59316993E+00  0.80489373E+00  0.17192978E-01
 1989  236    7   36    0    0  0.11127795E+07  0.31917250E+06 -0.58474919E+06  0.20255585E+02 -0.12481841E+03  0.82184610E+01 -0.54586075E+06  0.11763464E+07 -0.19021369E+05  0.74147840E+01 -0.15337376E+02  0.80405384E+00 -0.88655852E+05 -0.33787212E+06 -0.61933832E+05  0.29697372E+06 -0.10085305E+05 -0.19380958E+06 1989  236    7   36    0    0  0.79604441E+00  0.58323556E+00  0.16170825E+00  0.11999375E+00  0.10979224E+00 -0.98668498E+00 -0.59322405E+00  0.80484909E+00  0.17414883E-01
 1989  236    7   37   36    0  0.11146592E+07  0.30718719E+06 -0.58396019E+06  0.18913229E+02 -0.12487299E+03  0.82186375E+01 -0.54514894E+06  0.11748739E+07 -0.18944180E+05  0.74149475E+01 -0.15337729E+02  0.80406016E+00 -0.92539055E+05 -0.33680259E+06 -0.62078750E+05  0.29681888E+06 -0.10409750E+05 -0.19402948E+06 1989  236    7   37   36    0  0.79603517E+00  0.58333659E+00  0.16138902E+00  0.11958282E+00  0.10980921E+00 -0.98673296E+00 -0.59331942E+00  0.80477345E+00  0.17654955E-01
 1989  236    7   39   12    0  0.11164105E+07  0.29519738E+06 -0.58317119E+06  0.17571936E+02 -0.12491318E+03  0.82188139E+01 -0.54443712E+06  0.11734019E+07 -0.18866990E+05  0.74151115E+01 -0.15338084E+02  0.80406642E+00 -0.96409438E+05 -0.33568838E+06 -0.62223582E+05  0.29666362E+06 -0.10734180E+05 -0.19424911E+06 1989  236    7   39   12    0  0.79597259E+00  0.58351004E+00  0.16107087E+00  0.11916123E+00  0.10983963E+00 -0.98678052E+00 -0.59348828E+00  0.80464363E+00  0.17897550E-01
 1989  236    7   40   47 1000  0.11180331E+07  0.28320431E+06 -0.58238219E+06  0.16231855E+02 -0.12493897E+03  0.82189903E+01 -0.54372519E+06  0.11719294E+07 -0.18789801E+05  0.74152756E+01 -0.15338440E+02  0.80407274E+00 -0.10026647E+06 -0.33452962E+06 -0.62368328E+05  0.29650797E+06 -0.11058595E+05 -0.19446848E+06 1989  236    7   40   47 1000  0.79597706E+00  0.58355111E+00  0.16090034E+00  0.11895965E+00  0.10982482E+00 -0.98680657E+00 -0.59352291E+00  0.80461591E+00  0.17999005E-01
 1989  236    7   42   24    0  0.11195274E+07  0.27120947E+06 -0.58159312E+06  0.14893140E+02 -0.12495042E+03  0.82191687E+01 -0.54301331E+06  0.11704569E+07 -0.18712609E+05  0.74154401E+01 -0.15338798E+02  0.80407906E+00 -0.10410962E+06 -0.33332650E+06 -0.62512984E+05  0.29635188E+06 -0.11382995E+05 -0.19468758E+06 1989  236    7   42   24    0  0.79605907E+00  0.58344150E+00  0.16089118E+00  0.11892149E+00  0.10986529E+00 -0.98680657E+00 -0.59342033E+00  0.80468971E+00  0.18075537E-01
 1989  236    7   44    0    0  0.11208931E+07  0.25921425E+06 -0.58080406E+06  0.13555947E+02 -0.12494755E+03  0.82193470E+01 -0.54230144E+06  0.11689844E+07 -0.18635416E+05  0.74156055E+01 -0.15339155E+02  0.80408537E+00 -0.10793841E+06 -0.33207919E+06 -0.62657555E+05  0.29619538E+06 -0.11707378E+05 -0.19490639E+06 1989  236    7   44    0    0  0.79603314E+00  0.58344251E+00  0.16101573E+00  0.11907481E+00  0.10986672E+00 -0.98678792E+00 -0.59342432E+00  0.80468881E+00  0.17984245E-01
 1989  236    7   45   36    0  0.11221302E+07  0.24722002E+06 -0.58001500E+06  0.12220428E+02 -0.12493039E+03  0.82195253E+01 -0.54158956E+06  0.11675114E+07 -0.18558223E+05  0.74157715E+01 -0.15339515E+02  0.80409163E+00 -0.11175231E+06 -0.33078784E+06 -0.62802035E+05  0.29603847E+06 -0.12031745E+05 -0.19512495E+06 1989  236    7   45   36    0  0.79622668E+00  0.58319479E+00  0.16095664E+00  0.11911467E+00  0.10972260E+00 -0.98679918E+00 -0.59315675E+00  0.80488807E+00  0.17897017E-01
 1989  236    7   47   12    0  0.11232395E+07  0.23522812E+06 -0.57922594E+06  0.10886735E+02 -0.12489899E+03  0.82197037E+01 -0.54087762E+06  0.11660389E+07 -0.18481031E+05  0.74159374E+01 -0.15339874E+02  0.80409795E+00 -0.11555084E+06 -0.32945259E+06 -0.62946426E+05  0.29588112E+06 -0.12356094E+05 -0.19534323E+06 1989  236    7   47   12    0  0.79624557E+00  0.58317536E+00  0.16093297E+00  0.11911881E+00  0.10967789E+00 -0.98680359E+00 -0.59313035E+00  0.80490816E+00  0.17863389E-01
 1989  236    7   48   48    0  0.11242208E+07  0.22323994E+06 -0.57843688E+06  0.95550184E+01 -0.12485336E+03  0.82198830E+01 -0.54016569E+06  0.11645664E+07 -0.18403838E+05  0.74161038E+01 -0.15340235E+02  0.80410427E+00 -0.11933349E+06 -0.32807369E+06 -0.63090727E+05  0.29572338E+06 -0.12680426E+05 -0.19556122E+06 1989  236    7   48   48    0  0.79629630E+00  0.58311170E+00  0.16091315E+00  0.11907412E+00  0.10970758E+00 -0.98680580E+00 -0.59307134E+00  0.80495036E+00  0.17926235E-01
 1989  236    7   50   24    0  0.11250739E+07  0.21125678E+06 -0.57764775E+06  0.82254314E+01 -0.12479356E+03  0.82200632E+01 -0.53945375E+06  0.11630934E+07 -0.18326643E+05  0.74162707E+01 -0.15340596E+02  0.80411059E+00 -0.12309970E+06 -0.32665134E+06 -0.63234941E+05  0.29556519E+06 -0.13004740E+05 -0.19577894E+06 1989  236    7   50   24    0  0.79627627E+00  0.58312112E+00  0.16097796E+00  0.11912417E+00  0.10974822E+00 -0.98679525E+00 -0.59308815E+00  0.80493802E+00  0.17926078E-01
 1989  236    7   52    0    0  0.11257996E+07  0.19928005E+06 -0.57685862E+06  0.68981228E+01 -0.12471962E+03  0.82202435E+01 -0.53874175E+06  0.11616209E+07 -0.18249447E+05  0.74164376E+01 -0.15340959E+02  0.80411685E+00 -0.12684900E+06 -0.32518566E+06 -0.63379066E+05  0.29540659E+06 -0.13329035E+05 -0.19599638E+06 1989  236    7   52    0    0  0.79641920E+00  0.58295143E+00  0.16088538E+00  0.11911124E+00  0.10961635E+00 -0.98681140E+00 -0.59289885E+00  0.80507886E+00  0.17864503E-01
 1989  236    7   53   36    0  0.11263984E+07  0.18731100E+06 -0.57606944E+06  0.55732365E+01 -0.12463159E+03  0.82204237E+01 -0.53802975E+06  0.11601484E+07 -0.18172252E+05  0.74166050E+01 -0.15341322E+02  0.80412316E+00 -0.13058097E+06 -0.32367684E+06 -0.63523102E+05  0.29524756E+06 -0.13653312E+05 -0.19621353E+06 1989  236    7   53   36    0  0.79637039E+00  0.58299839E+00  0.16095617E+00  0.11914644E+00  0.10968591E+00 -0.98679942E+00 -0.59295708E+00  0.80503529E+00  0.17888423E-01
 1989  236    7   55   11 1000  0.11268700E+07  0.17535109E+06 -0.57528025E+06  0.42509289E+01 -0.12452950E+03  0.82206049E+01 -0.53731775E+06  0.11586754E+07 -0.18095057E+05  0.74167733E+01 -0.15341686E+02  0.80412942E+00 -0.13429503E+06 -0.32212519E+06 -0.63667047E+05  0.29508812E+06 -0.13977571E+05 -0.19643041E+06 1989  236    7   55   11 1000  0.79646266E+00  0.58289486E+00  0.16087487E+00  0.11916618E+00  0.10952625E+00 -0.98681480E+00 -0.59282935E+00  0.80513197E+00  0.17772216E-01
 1989  236    7   56   48    0  0.11272148E+07  0.16340175E+06 -0.57449106E+06  0.29313562E+01 -0.12441339E+03  0.82207870E+01 -0.53660575E+06  0.11572024E+07 -0.18017861E+05  0.74169421E+01 -0.15342052E+02  0.80413574E+00 -0.13799070E+06 -0.32053084E+06 -0.63810902E+05  0.29492828E+06 -0.14301810E+05 -0.19664703E+06 1989  236    7   56   48    0  0.79655844E+00  0.58276761E+00  0.16086254E+00  0.11918658E+00  0.10948257E+00 -0.98681724E+00 -0.59269673E+00  0.80523014E+00  0.17751209E-01
 1989  236    7   58   24    0  0.11274330E+07  0.15146423E+06 -0.57370188E+06  0.16146597E+01 -0.12428333E+03  0.82209692E+01 -0.53589375E+06  0.11557294E+07 -0.17940664E+05  0.74171109E+01 -0.15342418E+02  0.80414200E+00 -0.14166752E+06 -0.31889406E+06 -0.63954668E+05  0.29476803E+06 -0.14626026E+05 -0.19686338E+06 1989  236    7   58   24    0  0.79662895E+00  0.58267725E+00  0.16084003E+00  0.11920281E+00  0.10942592E+00 -0.98682147E+00 -0.59259850E+00  0.80530316E+00  0.17715089E-01
 1989  236    8    0    0    0  0.11275246E+07  0.13953986E+06 -0.57291269E+06  0.30098683E+00 -0.12413934E+03  0.82211514E+01 -0.53518169E+06  0.11542569E+07 -0.17863465E+05  0.74172802E+01 -0.15342785E+02  0.80414832E+00 -0.14532495E+06 -0.31721500E+06 -0.64098344E+05  0.29460738E+06 -0.14950224E+05 -0.19707944E+06 1989  236    8    0    0    0  0.79669291E+00  0.58258390E+00  0.16086100E+00  0.11931755E+00  0.10930865E+00 -0.98682058E+00 -0.59248930E+00  0.80538654E+00  0.17572951E-01
 1989  236    8    1   36    0  0.11274904E+07  0.12762995E+06 -0.57212344E+06 -0.10095155E+01 -0.12398150E+03  0.82213335E+01 -0.53446962E+06  0.11527844E+07 -0.17786266E+05  0.74174500E+01 -0.15343153E+02  0.80415457E+00 -0.14896252E+06 -0.31549397E+06 -0.64241926E+05  0.29444628E+06 -0.15274399E+05 -0.19729522E+06 1989  236    8    1   36    0  0.79677004E+00  0.58249074E+00  0.16081731E+00  0.11927849E+00  0.10929175E+00 -0.98682725E+00 -0.59239370E+00  0.80545640E+00  0.17601788E-01
 1989  236    8    3   11 1000  0.11273311E+07  0.11573587E+06 -0.57133419E+06 -0.23167012E+01 -0.12380983E+03  0.82215176E+01 -0.53375750E+06  0.11513114E+07 -0.17709066E+05  0.74176202E+01 -0.15343522E+02  0.80416089E+00 -0.15257977E+06 -0.31373119E+06 -0.64385418E+05  0.29428478E+06 -0.15598554E+05 -0.19751072E+06 1989  236    8    3   11 1000  0.79684669E+00  0.58239591E+00  0.16078067E+00  0.11924803E+00  0.10927489E+00 -0.98683280E+00 -0.59229666E+00  0.80552721E+00  0.17625779E-01
 1989  236    8    4   48    0  0.11270464E+07  0.10385891E+06 -0.57054488E+06 -0.36204250E+01 -0.12362440E+03  0.82217016E+01 -0.53304544E+06  0.11498384E+07 -0.17631867E+05  0.74177909E+01 -0.15343892E+02  0.80416715E+00 -0.15617620E+06 -0.31192681E+06 -0.64528824E+05  0.29412288E+06 -0.15922687E+05 -0.19772592E+06 1989  236    8    4   48    0  0.79688042E+00  0.58233058E+00  0.16085017E+00  0.11925541E+00  0.10938434E+00 -0.98681980E+00 -0.59224981E+00  0.80555958E+00  0.17720170E-01
 1989  236    8    6   24    0  0.11266361E+07  0.92000438E+05 -0.56975562E+06 -0.49205418E+01 -0.12342524E+03  0.82218857E+01 -0.53233331E+06  0.11483654E+07 -0.17554668E+05  0.74179621E+01 -0.15344263E+02  0.80417347E+00 -0.15975134E+06 -0.31008119E+06 -0.64672137E+05  0.29396053E+06 -0.16246795E+05 -0.19794086E+06 1989  236    8    6   24    0  0.79679841E+00  0.58244157E+00  0.16085379E+00  0.11928490E+00  0.10934615E+00 -0.98682034E+00 -0.59235400E+00  0.80548441E+00  0.17650347E-01
 1989  236    8    8    0    0  0.11261012E+07  0.80161688E+05 -0.56896631E+06 -0.62169137E+01 -0.12321243E+03  0.82220697E+01 -0.53162119E+06  0.11468919E+07 -0.17477465E+05  0.74181337E+01 -0.15344635E+02  0.80417973E+00 -0.16330477E+06 -0.30819453E+06 -0.64815355E+05  0.29379778E+06 -0.16570885E+05 -0.19815552E+06 1989  236    8    8    0    0  0.79673779E+00  0.58249664E+00  0.16095531E+00  0.11932847E+00  0.10945591E+00 -0.98680305E+00 -0.59242690E+00  0.80542982E+00  0.17699227E-01
 1989  236    8    9   36    0  0.11254425E+07  0.68344016E+05 -0.56817694E+06 -0.75093918E+01 -0.12298603E+03  0.82222557E+01 -0.53090906E+06  0.11454184E+07 -0.17400264E+05  0.74183054E+01 -0.15345008E+02  0.80418599E+00 -0.16683592E+06 -0.30626703E+06 -0.64958488E+05  0.29363459E+06 -0.16894951E+05 -0.19836989E+06 1989  236    8    9   36    0  0.79670191E+00  0.58252668E+00  0.16102415E+00  0.11942285E+00  0.10944240E+00 -0.98679310E+00 -0.59245622E+00  0.80540985E+00  0.17625969E-01
 1989  236    8   11   11 1000  0.11246598E+07  0.56548797E+05 -0.56738762E+06 -0.87978258E+01 -0.12274608E+03  0.82224417E+01 -0.53019688E+06  0.11439454E+07 -0.17323062E+05  0.74184780E+01 -0.15345382E+02  0.80419225E+00 -0.17034438E+06 -0.30429906E+06 -0.65101527E+05  0.29347100E+06 -0.17218990E+05 -0.19858402E+06 1989  236    8   11   11 1000  0.79663235E+00  0.58261216E+00  0.16105942E+00  0.11940822E+00  0.10951852E+00 -0.98678643E+00 -0.59255266E+00  0.80533773E+00  0.17677311E-01
 1989  236    8   12   48    0  0.11237535E+07  0.44777242E+05 -0.56659825E+06 -0.10082081E+02 -0.12249265E+03  0.82226276E+01 -0.52948469E+06  0.11424724E+07 -0.17245859E+05  0.74186511E+01 -0.15345757E+02  0.80419856E+00 -0.17382964E+06 -0.30229084E+06 -0.65244469E+05  0.29330700E+06 -0.17543006E+05 -0.19879783E+06 1989  236    8   12   48    0  0.79656219E+00  0.58269823E+00  0.16109471E+00  0.11939357E+00  0.10959463E+00 -0.98677975E+00 -0.59264988E+00  0.80526513E+00  0.17728504E-01
 1989  236    8   14   24    0  0.11227242E+07  0.33030664E+05 -0.56580888E+06 -0.11362017E+02 -0.12222578E+03  0.82228136E+01 -0.52877250E+06  0.11409994E+07 -0.17168656E+05  0.74188242E+01 -0.15346133E+02  0.80420482E+00 -0.17729127E+06 -0.30024262E+06 -0.65387324E+05  0.29314259E+06 -0.17866996E+05 -0.19901136E+06 1989  236    8   14   24    0  0.79645777E+00  0.58284086E+00  0.16109568E+00  0.11937167E+00  0.10962084E+00 -0.98677951E+00 -0.59279478E+00  0.80515832E+00  0.17733686E-01
 1989  236    8   16    0    0  0.11215720E+07  0.21310350E+05 -0.56501944E+06 -0.12637492E+02 -0.12194556E+03  0.82230015E+01 -0.52806025E+06  0.11395259E+07 -0.17091453E+05  0.74189978E+01 -0.15346510E+02  0.80421108E+00 -0.18072883E+06 -0.29815475E+06 -0.65530059E+05  0.29297778E+06 -0.18190959E+05 -0.19922464E+06 1989  236    8   16    0    0  0.79645896E+00  0.58284867E+00  0.16106077E+00  0.11937211E+00  0.10956115E+00 -0.98678601E+00 -0.59279293E+00  0.80516064E+00  0.17685089E-01
 1989  236    8   17   36    0  0.11202978E+07  0.96175723E+04 -0.56423006E+06 -0.13908369E+02 -0.12165205E+03  0.82231894E+01 -0.52734806E+06  0.11380524E+07 -0.17014248E+05  0.74191718E+01 -0.15346888E+02  0.80421734E+00 -0.18414184E+06 -0.29602741E+06 -0.65672703E+05  0.29281256E+06 -0.18514900E+05 -0.19943761E+06 1989  236    8   17   36    0  0.79643267E+00  0.58287811E+00  0.16108471E+00  0.11936678E+00  0.10960762E+00 -0.98678154E+00 -0.59282941E+00  0.80513316E+00  0.17718814E-01
 1989  236    8   19   12    0  0.11189020E+07 -0.20463892E+04 -0.56344062E+06 -0.15174507E+02 -0.12134531E+03  0.82233772E+01 -0.52663581E+06  0.11365794E+07 -0.16937043E+05  0.74193468E+01 -0.15347266E+02  0.80422360E+00 -0.18752983E+06 -0.29386094E+06 -0.65815289E+05  0.29264691E+06 -0.18838814E+05 -0.19965030E+06 1989  236    8   19   12    0  0.79631311E+00  0.58301276E+00  0.16118814E+00  0.11944389E+00  0.10967194E+00 -0.98676503E+00 -0.59297442E+00  0.80502677E+00  0.17695885E-01
 1989  236    8   20   47 1000  0.11173846E+07 -0.13680335E+05 -0.56265119E+06 -0.16435772E+02 -0.12102540E+03  0.82235651E+01 -0.52592350E+06  0.11351059E+07 -0.16859838E+05  0.74195223E+01 -0.15347646E+02  0.80422986E+00 -0.19089241E+06 -0.29165566E+06 -0.65957789E+05  0.29248084E+06 -0.19162703E+05 -0.19986273E+06 1989  236    8   20   47 1000  0.79627907E+00  0.58306545E+00  0.16116577E+00  0.11943753E+00  0.10964093E+00 -0.98676926E+00 -0.59302139E+00  0.80499297E+00  0.17664883E-01
 1989  236    8   22   24    0  0.11157464E+07 -0.25282939E+05 -0.56186169E+06 -0.17692030E+02 -0.12069238E+03  0.82237539E+01 -0.52521125E+06  0.11336324E+07 -0.16782631E+05  0.74196978E+01 -0.15348026E+02  0.80423611E+00 -0.19422911E+06 -0.28941181E+06 -0.66100164E+05  0.29231438E+06 -0.19486564E+05 -0.20007489E+06 1989  236    8   22   24    0  0.79618442E+00  0.58317822E+00  0.16122477E+00  0.11946303E+00  0.10970134E+00 -0.98675948E+00 -0.59314317E+00  0.80490297E+00  0.17674260E-01
 1989  236    8   24    0    0  0.11139876E+07 -0.36852887E+05 -0.56107219E+06 -0.18943134E+02 -0.12034634E+03  0.82239437E+01 -0.52449894E+06  0.11321594E+07 -0.16705424E+05  0.74198737E+01 -0.15348409E+02  0.80424237E+00 -0.19753944E+06 -0.28712972E+06 -0.66242445E+05  0.29214750E+06 -0.19810396E+05 -0.20028672E+06 1989  236    8   24    0    0  0.79606867E+00  0.58333659E+00  0.16122362E+00  0.11949508E+00  0.10965003E+00 -0.98676127E+00 -0.59329218E+00  0.80479521E+00  0.17583095E-01
 1989  236    8   25   35 1000  0.11121094E+07 -0.48388996E+05 -0.56028269E+06 -0.20188950E+02 -0.11998737E+03  0.82241335E+01 -0.52378662E+06  0.11306859E+07 -0.16628217E+05  0.74200501E+01 -0.15348792E+02  0.80424857E+00 -0.20082300E+06 -0.28480972E+06 -0.66384664E+05  0.29198022E+06 -0.20134201E+05 -0.20049828E+06 1989  236    8   25   35 1000  0.79605234E+00  0.58334947E+00  0.16125801E+00  0.11949179E+00  0.10971195E+00 -0.98675483E+00 -0.59331477E+00  0.80477744E+00  0.17630965E-01
 1989  236    8   27   12    0  0.11101116E+07 -0.59890020E+05 -0.55949319E+06 -0.21429356E+02 -0.11961549E+03  0.82243242E+01 -0.52307428E+06  0.11292124E+07 -0.16551008E+05  0.74202271E+01 -0.15349175E+02  0.80425483E+00 -0.20407933E+06 -0.28245209E+06 -0.66526789E+05  0.29181250E+06 -0.20457979E+05 -0.20070956E+06 1989  236    8   27   12    0  0.79604709E+00  0.58337575E+00  0.16118893E+00  0.11949088E+00  0.10959606E+00 -0.98676777E+00 -0.59332204E+00  0.80477417E+00  0.17535549E-01
 1989  236    8   28   47 1000  0.11079950E+07 -0.71354711E+05 -0.55870362E+06 -0.22664215E+02 -0.11923081E+03  0.82245150E+01 -0.52236194E+06  0.11277389E+07 -0.16473799E+05  0.74204044E+01 -0.15349561E+02  0.80426109E+00 -0.20730800E+06 -0.28005722E+06 -0.66668789E+05  0.29164434E+06 -0.20781725E+05 -0.20092056E+06 1989  236    8   28   47 1000  0.79596192E+00  0.58349836E+00  0.16116615E+00  0.11947253E+00  0.10957823E+00 -0.98677206E+00 -0.59344018E+00  0.80468774E+00  0.17508090E-01
 1989  236    8   30   24    0  0.11057602E+07 -0.82781875E+05 -0.55791406E+06 -0.23893389E+02 -0.11883339E+03  0.82247066E+01 -0.52164956E+06  0.11262649E+07 -0.16396590E+05  0.74205823E+01 -0.15349946E+02  0.80426735E+00 -0.21050862E+06 -0.27762534E+06 -0.66810695E+05  0.29147581E+06 -0.21105441E+05 -0.20113128E+06 1989  236    8   30   24    0  0.79594058E+00  0.58352721E+00  0.16116634E+00  0.11946881E+00  0.10958250E+00 -0.98677194E+00 -0.59346926E+00  0.80466616E+00  0.17507866E-01
 1989  236    8   32    0    0  0.11034080E+07 -0.94170289E+05 -0.55712450E+06 -0.25116741E+02 -0.11842332E+03  0.82248983E+01 -0.52093719E+06  0.11247914E+07 -0.16319378E+05  0.74207606E+01 -0.15350333E+02  0.80427355E+00 -0.21368080E+06 -0.27515678E+06 -0.66952539E+05  0.29130688E+06 -0.21429131E+05 -0.20134172E+06 1989  236    8   32    0    0  0.79609036E+00  0.58332300E+00  0.16116601E+00  0.11950059E+00  0.10954627E+00 -0.98677212E+00 -0.59326202E+00  0.80481917E+00  0.17501298E-01
 1989  236    8   33   36    0  0.11009382E+07 -0.10551878E+06 -0.55633488E+06 -0.26334164E+02 -0.11800066E+03  0.82250900E+01 -0.52022478E+06  0.11233178E+07 -0.16242167E+05  0.74209394E+01 -0.15350721E+02  0.80427980E+00 -0.21682403E+06 -0.27265197E+06 -0.67094289E+05  0.29113753E+06 -0.21752791E+05 -0.20155188E+06 1989  236    8   33   36    0  0.79609144E+00  0.58332145E+00  0.16116594E+00  0.11950101E+00  0.10954560E+00 -0.98677212E+00 -0.59326041E+00  0.80482036E+00  0.17500822E-01
 1989  236    8   35   12    0  0.10983515E+07 -0.11682611E+06 -0.55554525E+06 -0.27545519E+02 -0.11756551E+03  0.82252836E+01 -0.51951238E+06  0.11218438E+07 -0.16164956E+05  0.74211187E+01 -0.15351110E+02  0.80428600E+00 -0.21993794E+06 -0.27011116E+06 -0.67235914E+05  0.29096775E+06 -0.22076420E+05 -0.20176175E+06 1989  236    8   35   12    0  0.79616183E+00  0.58322203E+00  0.16117898E+00  0.11956279E+00  0.10948744E+00 -0.98677123E+00 -0.59315372E+00  0.80490041E+00  0.17438062E-01
 1989  236    8   36   47 1000  0.10956492E+07 -0.12809100E+06 -0.55475562E+06 -0.28750656E+02 -0.11711794E+03  0.82254772E+01 -0.51879994E+06  0.11203702E+07 -0.16087745E+05  0.74212985E+01 -0.15351501E+02  0.80429226E+00 -0.22302209E+06 -0.26753472E+06 -0.67377445E+05  0.29079756E+06 -0.22400016E+05 -0.20197134E+06 1989  236    8   36   47 1000  0.79625225E+00  0.58309615E+00  0.16118747E+00  0.11963758E+00  0.10940474E+00 -0.98677123E+00 -0.59301716E+00  0.80500281E+00  0.17353550E-01
 1989  236    8   38   24    0  0.10928321E+07 -0.13931231E+06 -0.55396600E+06 -0.29949469E+02 -0.11665802E+03  0.82256708E+01 -0.51808747E+06  0.11188968E+07 -0.16010534E+05  0.74214787E+01 -0.15351892E+02  0.80429846E+00 -0.22607609E+06 -0.26492303E+06 -0.67518914E+05  0.29062700E+06 -0.22723580E+05 -0.20218062E+06 1989  236    8   38   24    0  0.79637963E+00  0.58292210E+00  0.16118759E+00  0.11966462E+00  0.10937457E+00 -0.98677135E+00 -0.59284061E+00  0.80513299E+00  0.17348524E-01
 1989  236    8   40    0    0  0.10898999E+07 -0.15048891E+06 -0.55317631E+06 -0.31141827E+02 -0.11618585E+03  0.82258644E+01 -0.51737500E+06  0.11174228E+07 -0.15933321E+05  0.74216595E+01 -0.15352283E+02  0.80430466E+00 -0.22909952E+06 -0.26227641E+06 -0.67660289E+05  0.29045600E+06 -0.23047113E+05 -0.20238961E+06 1989  236    8   40    0    0  0.79651046E+00  0.58273673E+00  0.16121064E+00  0.11969237E+00  0.10938227E+00 -0.98676705E+00 -0.59265900E+00  0.80526602E+00  0.17374963E-01
 1989  236    8   41   36    0  0.10868531E+07 -0.16161959E+06 -0.55238662E+06 -0.32327606E+02 -0.11570152E+03  0.82260599E+01 -0.51666250E+06  0.11159488E+07 -0.15856106E+05  0.74218407E+01 -0.15352676E+02  0.80431092E+00 -0.23209202E+06 -0.25959520E+06 -0.67801539E+05  0.29028459E+06 -0.23370611E+05 -0.20259836E+06 1989  236    8   41   36    0  0.79655999E+00  0.58264995E+00  0.16128059E+00  0.11974849E+00  0.10942705E+00 -0.98675531E+00 -0.59258139E+00  0.80532283E+00  0.17393760E-01
 1989  236    8   43   12    0  0.10836929E+07 -0.17270317E+06 -0.55159688E+06 -0.33506687E+02 -0.11520509E+03  0.82262554E+01 -0.51595000E+06  0.11144748E+07 -0.15778894E+05  0.74220223E+01 -0.15353070E+02  0.80431712E+00 -0.23505316E+06 -0.25687980E+06 -0.67942695E+05  0.29011278E+06 -0.23694078E+05 -0.20280680E+06 1989  236    8   43   12    0  0.79661661E+00  0.58256596E+00  0.16130453E+00  0.11976118E+00  0.10945321E+00 -0.98675090E+00 -0.59250271E+00  0.80538005E+00  0.17423462E-01
 1989  236    8   44   47 1000  0.10804198E+07 -0.18373855E+06 -0.55080719E+06 -0.34678940E+02 -0.11469667E+03  0.82264509E+01 -0.51523750E+06  0.11130008E+07 -0.15701679E+05  0.74222045E+01 -0.15353465E+02  0.80432332E+00 -0.23798256E+06 -0.25413055E+06 -0.68083758E+05  0.28994053E+06 -0.24017512E+05 -0.20301495E+06 1989  236    8   44   47 1000  0.79682148E+00  0.58226395E+00  0.16138315E+00  0.11986087E+00  0.10946101E+00 -0.98673797E+00 -0.59220707E+00  0.80559742E+00  0.17430227E-01
 1989  236    8   46   24    0  0.10770345E+07 -0.19472461E+06 -0.55001744E+06 -0.35844246E+02 -0.11417634E+03  0.82266474E+01 -0.51452497E+06  0.11115268E+07 -0.15624461E+05  0.74223871E+01 -0.15353862E+02  0.80432951E+00 -0.24087984E+06 -0.25134783E+06 -0.68224727E+05  0.28976788E+06 -0.24340914E+05 -0.20322283E+06 1989  236    8   46   24    0  0.79677320E+00  0.58231306E+00  0.16144302E+00  0.11989759E+00  0.10951012E+00 -0.98672795E+00 -0.59226424E+00  0.80555511E+00  0.17436806E-01
 1989  236    8   48    0    0  0.10735378E+07 -0.20566012E+06 -0.54922769E+06 -0.37002487E+02 -0.11364419E+03  0.82268438E+01 -0.51381238E+06  0.11100528E+07 -0.15547246E+05  0.74225702E+01 -0.15354259E+02  0.80433571E+00 -0.24374461E+06 -0.24853198E+06 -0.68365602E+05  0.28959484E+06 -0.24664281E+05 -0.20343039E+06 1989  236    8   48    0    0  0.79686707E+00  0.58216298E+00  0.16152191E+00  0.11997309E+00  0.10954574E+00 -0.98671490E+00 -0.59212291E+00  0.80565876E+00  0.17449487E-01
 1989  236    8   49   36    0  0.10699301E+07 -0.21654392E+06 -0.54843788E+06 -0.38153534E+02 -0.11310031E+03  0.82270412E+01 -0.51309981E+06  0.11085788E+07 -0.15470031E+05  0.74227533E+01 -0.15354658E+02  0.80434185E+00 -0.24657650E+06 -0.24568344E+06 -0.68506383E+05  0.28942141E+06 -0.24987611E+05 -0.20363770E+06 1989  236    8   49   36    0  0.79692245E+00  0.58208084E+00  0.16154478E+00  0.11998579E+00  0.10957009E+00 -0.98671067E+00 -0.59204578E+00  0.80571485E+00  0.17477442E-01
 1989  236    8   51   11 1000  0.10662124E+07 -0.22737497E+06 -0.54764806E+06 -0.39297272E+02 -0.11254479E+03  0.82272396E+01 -0.51238722E+06  0.11071048E+07 -0.15392814E+05  0.74229374E+01 -0.15355057E+02  0.80434805E+00 -0.24937511E+06 -0.24280258E+06 -0.68647062E+05  0.28924756E+06 -0.25310904E+05 -0.20384473E+06 1989  236    8   51   11 1000  0.79633939E+00  0.58285546E+00  0.16162677E+00  0.11991870E+00  0.10977092E+00 -0.98669654E+00 -0.59284335E+00  0.80512732E+00  0.17519638E-01
 1989  236    8   52   48    0  0.10623852E+07 -0.23815216E+06 -0.54685825E+06 -0.40433586E+02 -0.11197774E+03  0.82274380E+01 -0.51167459E+06  0.11056308E+07 -0.15315596E+05  0.74231219E+01 -0.15355457E+02  0.80435425E+00 -0.25214005E+06 -0.23988980E+06 -0.68787656E+05  0.28907328E+06 -0.25634164E+05 -0.20405145E+06 1989  236    8   52   48    0  0.79679960E+00  0.58222616E+00  0.16162620E+00  0.12006168E+00  0.10959863E+00 -0.98669815E+00 -0.59219551E+00  0.80560589E+00  0.17425090E-01
 1989  236    8   54   24    0  0.10584496E+07 -0.24887434E+06 -0.54606838E+06 -0.41562351E+02 -0.11139922E+03  0.82276363E+01 -0.51096197E+06  0.11041568E+07 -0.15238377E+05  0.74233069E+01 -0.15355860E+02  0.80436039E+00 -0.25487100E+06 -0.23694544E+06 -0.68928156E+05  0.28889859E+06 -0.25957389E+05 -0.20425784E+06 1989  236    8   54   24    0  0.79685986E+00  0.58212799E+00  0.16168378E+00  0.12007542E+00  0.10968059E+00 -0.98668748E+00 -0.59211189E+00  0.80566579E+00  0.17500795E-01
 1989  236    8   56    0    0  0.10544059E+07 -0.25954042E+06 -0.54527856E+06 -0.42683468E+02 -0.11080936E+03  0.82278357E+01 -0.51024931E+06  0.11026828E+07 -0.15161158E+05  0.74234929E+01 -0.15356262E+02  0.80436653E+00 -0.25756759E+06 -0.23396991E+06 -0.69068531E+05  0.28872350E+06 -0.26280576E+05 -0.20446397E+06 1989  236    8   56    0    0  0.79680014E+00  0.58219349E+00  0.16174124E+00  0.12016451E+00  0.10965369E+00 -0.98667955E+00 -0.59217393E+00  0.80562198E+00  0.17413083E-01
 1989  236    8   57   36    0  0.10502550E+07 -0.27014934E+06 -0.54448869E+06 -0.43796814E+02 -0.11020824E+03  0.82280359E+01 -0.50953666E+06  0.11012088E+07 -0.15083939E+05  0.74236789E+01 -0.15356666E+02  0.80437273E+00 -0.26022950E+06 -0.23096364E+06 -0.69208812E+05  0.28854800E+06 -0.26603725E+05 -0.20466984E+06 1989  236    8   57   36    0  0.79678190E+00  0.58221203E+00  0.16176420E+00  0.12016077E+00  0.10969678E+00 -0.98667520E+00 -0.59219921E+00  0.80560273E+00  0.17445371E-01
 1989  236    8   59   11 1000  0.10459976E+07 -0.28070006E+06 -0.54369875E+06 -0.44902283E+02 -0.10959596E+03  0.82282362E+01 -0.50882400E+06  0.10997342E+07 -0.15006718E+05  0.74238653E+01 -0.15357071E+02  0.80437887E+00 -0.26285634E+06 -0.22792703E+06 -0.69349000E+05  0.28837212E+06 -0.26926838E+05 -0.20487544E+06 1989  236    8   59   11 1000  0.79670095E+00  0.58231652E+00  0.16178738E+00  0.12020066E+00  0.10967781E+00 -0.98667252E+00 -0.59230018E+00  0.80552983E+00  0.17385572E-01
 1989  236    9    0   48    0  0.10416342E+07 -0.29119147E+06 -0.54290881E+06 -0.45999767E+02 -0.10897261E+03  0.82284374E+01 -0.50811128E+06  0.10982598E+07 -0.14929497E+05  0.74240522E+01 -0.15357477E+02  0.80438501E+00 -0.26544778E+06 -0.22486045E+06 -0.69489094E+05  0.28819581E+06 -0.27249914E+05 -0.20508072E+06 1989  236    9    0   48    0  0.79670370E+00  0.58225435E+00  0.16199702E+00  0.12024696E+00  0.10997013E+00 -0.98663425E+00 -0.59228694E+00  0.80553484E+00  0.17599288E-01
 1989  236    9    2   24    0  0.10371659E+07 -0.30162247E+06 -0.54211888E+06 -0.47089130E+02 -0.10833830E+03  0.82286386E+01 -0.50739856E+06  0.10967858E+07 -0.14852276E+05  0.74242396E+01 -0.15357883E+02  0.80439115E+00 -0.26800341E+06 -0.22176438E+06 -0.69629094E+05  0.28801909E+06 -0.27572949E+05 -0.20528569E+06 1989  236    9    2   24    0  0.79664224E+00  0.58230245E+00  0.16212709E+00  0.12028022E+00  0.11014230E+00 -0.98661113E+00 -0.59236306E+00  0.80547667E+00  0.17704554E-01
 1989  236    9    4    0    0  0.10325934E+07 -0.31199203E+06 -0.54132894E+06 -0.48170280E+02 -0.10769314E+03  0.82288408E+01 -0.50668584E+06  0.10953112E+07 -0.14775054E+05  0.74244275E+01 -0.15358292E+02  0.80439728E+00 -0.27052297E+06 -0.21863919E+06 -0.69769000E+05  0.28784197E+06 -0.27895947E+05 -0.20549038E+06 1989  236    9    4    0    0  0.79660845E+00  0.58229733E+00  0.16231085E+00  0.12032877E+00  0.11038580E+00 -0.98657793E+00 -0.59239852E+00  0.80544698E+00  0.17867140E-01
 1989  236    9    5   36    0  0.10279174E+07 -0.32229919E+06 -0.54053894E+06 -0.49243111E+02 -0.10703722E+03  0.82290430E+01 -0.50597309E+06  0.10938368E+07 -0.14697831E+05  0.74246159E+01 -0.15358702E+02  0.80440342E+00 -0.27300609E+06 -0.21548533E+06 -0.69908812E+05  0.28766444E+06 -0.28218904E+05 -0.20569478E+06 1989  236    9    5   36    0  0.79661155E+00  0.58225977E+00  0.16243105E+00  0.12027487E+00  0.11066300E+00 -0.98655349E+00 -0.59240544E+00  0.80543619E+00  0.18124215E-01
 1989  236    9    7   11 1000  0.10231389E+07 -0.33254284E+06 -0.53974894E+06 -0.50307510E+02 -0.10637064E+03  0.82292461E+01 -0.50526031E+06  0.10923622E+07 -0.14620608E+05  0.74248052E+01 -0.15359112E+02  0.80440956E+00 -0.27545244E+06 -0.21230317E+06 -0.70048500E+05  0.28748650E+06 -0.28541822E+05 -0.20589891E+06 1989  236    9    7   11 1000  0.79650080E+00  0.58236951E+00  0.16257989E+00  0.12030768E+00  0.11086476E+00 -0.98652673E+00 -0.59254748E+00  0.80532897E+00  0.18240348E-01
 1989  236    9    8   48    0  0.10182587E+07 -0.34272200E+06 -0.53895894E+06 -0.51363380E+02 -0.10569351E+03  0.82294502E+01 -0.50454750E+06  0.10908878E+07 -0.14543386E+05  0.74249949E+01 -0.15359524E+02  0.80441570E+00 -0.27786175E+06 -0.20909319E+06 -0.70188094E+05  0.28730816E+06 -0.28864699E+05 -0.20610275E+06 1989  236    9    8   48    0  0.79652774E+00  0.58231032E+00  0.16266046E+00  0.12035896E+00  0.11093296E+00 -0.98651290E+00 -0.59250104E+00  0.80536246E+00  0.18274918E-01
 1989  236    9   10   24    0  0.10132775E+07 -0.35283566E+06 -0.53816888E+06 -0.52410614E+02 -0.10500594E+03  0.82296543E+01 -0.50383469E+06  0.10894132E+07 -0.14466161E+05  0.74251847E+01 -0.15359936E+02  0.80442184E+00 -0.28023366E+06 -0.20585581E+06 -0.70327594E+05  0.28712941E+06 -0.29187535E+05 -0.20630627E+06 1989  236    9   10   24    0  0.79650849E+00  0.58232981E+00  0.16268483E+00  0.12035494E+00  0.11097868E+00 -0.98650825E+00 -0.59252763E+00  0.80534208E+00  0.18309183E-01
 1989  236    9   12    0    0  0.10081961E+07 -0.36288284E+06 -0.53737881E+06 -0.53449100E+02 -0.10430803E+03  0.82298594E+01 -0.50312188E+06  0.10879388E+07 -0.14388937E+05  0.74253755E+01 -0.15360350E+02  0.80442792E+00 -0.28256788E+06 -0.20259144E+06 -0.70467000E+05  0.28695028E+06 -0.29510330E+05 -0.20650952E+06 1989  236    9   12    0    0  0.79647708E+00  0.58237356E+00  0.16268192E+00  0.12040472E+00  0.11090443E+00 -0.98651057E+00 -0.59255975E+00  0.80532068E+00  0.18212307E-01
 1989  236    9   13   36    0  0.10030155E+07 -0.37286253E+06 -0.53658875E+06 -0.54478748E+02 -0.10359988E+03  0.82300644E+01 -0.50240903E+06  0.10864642E+07 -0.14311711E+05  0.74255667E+01 -0.15360765E+02  0.80443406E+00 -0.28486409E+06 -0.19930053E+06 -0.70606312E+05  0.28677075E+06 -0.29833086E+05 -0.20671248E+06 1989  236    9   13   36    0  0.79636174E+00  0.58253706E+00  0.16266137E+00  0.12042703E+00  0.11083350E+00 -0.98651576E+00 -0.59271032E+00  0.80521214E+00  0.18110372E-01
 1989  236    9   15   11 1000  0.99773644E+06 -0.38277369E+06 -0.53579869E+06 -0.55499454E+02 -0.10288162E+03  0.82302694E+01 -0.50169616E+06  0.10849892E+07 -0.14234484E+05  0.74257584E+01 -0.15361180E+02  0.80444014E+00 -0.28712197E+06 -0.19598356E+06 -0.70745531E+05  0.28659078E+06 -0.30155799E+05 -0.20691514E+06 1989  236    9   15   11 1000  0.79638833E+00  0.58247882E+00  0.16273969E+00  0.12053390E+00  0.11082220E+00 -0.98650402E+00 -0.59265280E+00  0.80525583E+00  0.18049061E-01
 1989  236    9   16   48    0  0.99235988E+06 -0.39261544E+06 -0.53500856E+06 -0.56511108E+02 -0.10215334E+03  0.82304764E+01 -0.50098328E+06  0.10835148E+07 -0.14157258E+05  0.74259505E+01 -0.15361598E+02  0.80444622E+00 -0.28934122E+06 -0.19264092E+06 -0.70884656E+05  0.28641041E+06 -0.30478469E+05 -0.20711752E+06 1989  236    9   16   48    0  0.79638809E+00  0.58247912E+00  0.16273914E+00  0.12053412E+00  0.11082090E+00 -0.98650408E+00 -0.59265292E+00  0.80525577E+00  0.18047851E-01
 1989  236    9   18   24    0  0.98688662E+06 -0.40238681E+06 -0.53421844E+06 -0.57513630E+02 -0.10141515E+03  0.82306833E+01 -0.50027041E+06  0.10820402E+07 -0.14080031E+05  0.74261432E+01 -0.15362017E+02  0.80445230E+00 -0.29152162E+06 -0.18927311E+06 -0.71023656E+05  0.28622966E+06 -0.30801096E+05 -0.20731958E+06 1989  236    9   18   24    0  0.79632598E+00  0.58257991E+00  0.16268247E+00  0.12052223E+00  0.11073799E+00 -0.98651481E+00 -0.59273887E+00  0.80519414E+00  0.17969709E-01
 1989  236    9   20    0    0  0.98131762E+06 -0.41208681E+06 -0.53342825E+06 -0.58506916E+02 -0.10066718E+03  0.82308903E+01 -0.49955750E+06  0.10805652E+07 -0.14002805E+05  0.74263363E+01 -0.15362436E+02  0.80445838E+00 -0.29366281E+06 -0.18588059E+06 -0.71162555E+05  0.28604850E+06 -0.31123678E+05 -0.20752136E+06 1989  236    9   20    0    0  0.79630309E+00  0.58260906E+00  0.16269052E+00  0.12052765E+00  0.11074302E+00 -0.98651361E+00 -0.59276861E+00  0.80517244E+00  0.17964508E-01
 1989  236    9   21   36    0  0.97565362E+06 -0.42171456E+06 -0.53263806E+06 -0.59490875E+02 -0.99909515E+02  0.82310982E+01 -0.49884456E+06  0.10790902E+07 -0.13925576E+05  0.74265299E+01 -0.15362857E+02  0.80446446E+00 -0.29576450E+06 -0.18246378E+06 -0.71301367E+05  0.28586691E+06 -0.31446213E+05 -0.20772286E+06 1989  236    9   21   36    0  0.79616505E+00  0.58282214E+00  0.16260317E+00  0.12048830E+00  0.11064158E+00 -0.98652983E+00 -0.59296203E+00  0.80503225E+00  0.17865714E-01
 1989  236    9   23   12    0  0.96989562E+06 -0.43126912E+06 -0.53184788E+06 -0.60465401E+02 -0.99142303E+02  0.82313070E+01 -0.49813159E+06  0.10776152E+07 -0.13848348E+05  0.74267240E+01 -0.15363278E+02  0.80447054E+00 -0.29782644E+06 -0.17902309E+06 -0.71440055E+05  0.28568488E+06 -0.31768707E+05 -0.20792405E+06 1989  236    9   23   12    0  0.79617941E+00  0.58279979E+00  0.16261248E+00  0.12054767E+00  0.11057746E+00 -0.98652971E+00 -0.59293061E+00  0.80505717E+00  0.17784365E-01
 1989  236    9   24   47 1000  0.96404450E+06 -0.44074966E+06 -0.53105769E+06 -0.61430412E+02 -0.98365623E+02  0.82315159E+01 -0.49741859E+06  0.10761408E+07 -0.13771119E+05  0.74269190E+01 -0.15363702E+02  0.80447656E+00 -0.29984838E+06 -0.17555903E+06 -0.71578648E+05  0.28550250E+06 -0.32091160E+05 -0.20812495E+06 1989  236    9   24   47 1000  0.79614776E+00  0.58283085E+00  0.16265695E+00  0.12064290E+00  0.11052187E+00 -0.98652440E+00 -0.59295392E+00  0.80504245E+00  0.17677337E-01
 1989  236    9   26   24    0  0.95810125E+06 -0.45015512E+06 -0.53026744E+06 -0.62385815E+02 -0.97579613E+02  0.82317247E+01 -0.49670559E+06  0.10746662E+07 -0.13693888E+05  0.74271145E+01 -0.15364126E+02  0.80448264E+00 -0.30183003E+06 -0.17207212E+06 -0.71717180E+05  0.28531972E+06 -0.32413566E+05 -0.20832558E+06 1989  236    9   26   24    0  0.79608274E+00  0.58294201E+00  0.16257654E+00  0.12063058E+00  0.11039919E+00 -0.98653960E+00 -0.59304368E+00  0.80497873E+00  0.17566252E-01
 1989  236    9   28    0    0  0.95206681E+06 -0.45948466E+06 -0.52947719E+06 -0.63331516E+02 -0.96784386E+02  0.82319355E+01 -0.49599259E+06  0.10731912E+07 -0.13616657E+05  0.74273100E+01 -0.15364552E+02  0.80448866E+00 -0.30377116E+06 -0.16856280E+06 -0.71855586E+05  0.28513653E+06 -0.32735924E+05 -0.20852588E+06 1989  236    9   28    0    0  0.79607379E+00  0.58297110E+00  0.16251570E+00  0.12062505E+00  0.11030319E+00 -0.98655105E+00 -0.59305668E+00  0.80497086E+00  0.17488565E-01
 1989  236    9   29   35 1000  0.94594194E+06 -0.46873738E+06 -0.52868694E+06 -0.64267433E+02 -0.95980042E+02  0.82321463E+01 -0.49527956E+06  0.10717162E+07 -0.13539425E+05  0.74275064E+01 -0.15364978E+02  0.80449468E+00 -0.30567150E+06 -0.16503147E+06 -0.71993867E+05  0.28495297E+06 -0.33058234E+05 -0.20872591E+06 1989  236    9   29   35 1000  0.79616314E+00  0.58293778E+00  0.16219658E+00  0.12023561E+00  0.11029623E+00 -0.98659927E+00 -0.59301567E+00  0.80499583E+00  0.17723914E-01
 1989  236    9   31   12    0  0.93972775E+06 -0.47791247E+06 -0.52789662E+06 -0.65193466E+02 -0.95166718E+02  0.82323570E+01 -0.49456650E+06  0.10702412E+07 -0.13462192E+05  0.74277034E+01 -0.15365406E+02  0.80450070E+00 -0.30753078E+06 -0.16147869E+06 -0.72132086E+05  0.28476900E+06 -0.33380500E+05 -0.20892566E+06 1989  236    9   31   12    0  0.79618537E+00  0.58297503E+00  0.16195381E+00  0.11998913E+00  0.11022109E+00 -0.98663771E+00 -0.59303588E+00  0.80497921E+00  0.17805748E-01
 1989  236    9   32   47 1000  0.93342512E+06 -0.48700909E+06 -0.52710631E+06 -0.66109550E+02 -0.94344528E+02  0.82325697E+01 -0.49385344E+06  0.10687658E+07 -0.13384962E+05  0.74279008E+01 -0.15365835E+02  0.80450672E+00 -0.30934872E+06 -0.15790489E+06 -0.72270180E+05  0.28458459E+06 -0.33702719E+05 -0.20912506E+06 1989  236    9   32   47 1000  0.79613435E+00  0.58316851E+00  0.16150756E+00  0.11957009E+00  0.11003213E+00 -0.98670965E+00 -0.59318900E+00  0.80486482E+00  0.17870862E-01
 1989  236    9   34   24    0  0.92703506E+06 -0.49602634E+06 -0.52631600E+06 -0.67015594E+02 -0.93513580E+02  0.82327824E+01 -0.49314038E+06  0.10672902E+07 -0.13307729E+05  0.74280987E+01 -0.15366265E+02  0.80451274E+00 -0.31112519E+06 -0.15431058E+06 -0.72408148E+05  0.28439978E+06 -0.34024891E+05 -0.20932419E+06 1989  236    9   34   24    0  0.79608959E+00  0.58331466E+00  0.16120049E+00  0.11919774E+00  0.11001536E+00 -0.98675662E+00 -0.59332407E+00  0.80476135E+00  0.18052287E-01
 1989  236    9   36    0    0  0.92055844E+06 -0.50496338E+06 -0.52552562E+06 -0.67911499E+02 -0.92674004E+02  0.82329950E+01 -0.49242728E+06  0.10658152E+07 -0.13230495E+05  0.74282970E+01 -0.15366696E+02  0.80451876E+00 -0.31285991E+06 -0.15069620E+06 -0.72546055E+05  0.28421459E+06 -0.34347012E+05 -0.20952306E+06 1989  236    9   36    0    0  0.79610419E+00  0.58336413E+00  0.16094923E+00  0.11899839E+00  0.10986157E+00 -0.98679781E+00 -0.59334451E+00  0.80474651E+00  0.18041868E-01
 1989  236    9   37   36    0  0.91399631E+06 -0.51381947E+06 -0.52473525E+06 -0.68797211E+02 -0.91825912E+02  0.82332087E+01 -0.49171416E+06  0.10643402E+07 -0.13153261E+05  0.74284964E+01 -0.15367129E+02  0.80452472E+00 -0.31455259E+06 -0.14706225E+06 -0.72683867E+05  0.28402900E+06 -0.34669090E+05 -0.20972162E+06 1989  236    9   37   36    0  0.79607236E+00  0.58342314E+00  0.16089204E+00  0.11899315E+00  0.10977024E+00 -0.98680860E+00 -0.59338808E+00  0.80471605E+00  0.17961700E-01
 1989  236    9   39   12    0  0.90734969E+06 -0.52259375E+06 -0.52394481E+06 -0.69672638E+02 -0.90969429E+02  0.82334223E+01 -0.49100097E+06  0.10628648E+07 -0.13076025E+05  0.74286957E+01 -0.15367563E+02  0.80453074E+00 -0.31620312E+06 -0.14340923E+06 -0.72821555E+05  0.28384300E+06 -0.34991117E+05 -0.20991988E+06 1989  236    9   39   12    0  0.79611856E+00  0.58337033E+00  0.16085565E+00  0.11900258E+00  0.10969834E+00 -0.98681545E+00 -0.59332442E+00  0.80476427E+00  0.17910320E-01
 1989  236    9   40   47 1000  0.90061950E+06 -0.53128538E+06 -0.52315441E+06 -0.70537689E+02 -0.90104698E+02  0.82336369E+01 -0.49028778E+06  0.10613892E+07 -0.12998791E+05  0.74288960E+01 -0.15367998E+02  0.80453670E+00 -0.31781122E+06 -0.13973766E+06 -0.72959148E+05  0.28365659E+06 -0.35313094E+05 -0.21011784E+06 1989  236    9   40   47 1000  0.79602802E+00  0.58349413E+00  0.16085427E+00  0.11908542E+00  0.10957898E+00 -0.98681873E+00 -0.59342915E+00  0.80469066E+00  0.17742299E-01
 1989  236    9   42   24    0  0.89380681E+06 -0.53989362E+06 -0.52236397E+06 -0.71392288E+02 -0.89231812E+02  0.82338524E+01 -0.48957459E+06  0.10599142E+07 -0.12921555E+05  0.74290967E+01 -0.15368434E+02  0.80454266E+00 -0.31937662E+06 -0.13604802E+06 -0.73096617E+05  0.28346981E+06 -0.35635020E+05 -0.21031550E+06 1989  236    9   42   24    0  0.79607105E+00  0.58345127E+00  0.16079639E+00  0.11909483E+00  0.10947049E+00 -0.98682958E+00 -0.59336942E+00  0.80473644E+00  0.17660238E-01
 1989  236    9   44    0    0  0.88691256E+06 -0.54841762E+06 -0.52157350E+06 -0.72236382E+02 -0.88350906E+02  0.82340689E+01 -0.48886141E+06  0.10584388E+07 -0.12844318E+05  0.74292979E+01 -0.15368872E+02  0.80454862E+00 -0.32089922E+06 -0.13234075E+06 -0.73233992E+05  0.28328259E+06 -0.35956895E+05 -0.21051283E+06 1989  236    9   44    0    0  0.79605490E+00  0.58344787E+00  0.16088945E+00  0.11909135E+00  0.10963184E+00 -0.98681211E+00 -0.59339201E+00  0.80471706E+00  0.17789375E-01
 1989  236    9   45   36    0  0.87993775E+06 -0.55685669E+06 -0.52078303E+06 -0.73069870E+02 -0.87462112E+02  0.82342854E+01 -0.48814819E+06  0.10569632E+07 -0.12767082E+05  0.74295001E+01 -0.15369310E+02  0.80455458E+00 -0.32237881E+06 -0.12861636E+06 -0.73371266E+05  0.28309500E+06 -0.36278723E+05 -0.21070989E+06 1989  236    9   45   36    0  0.79595977E+00  0.58359200E+00  0.16083662E+00  0.11901647E+00  0.10963915E+00 -0.98682034E+00 -0.59353441E+00  0.80461144E+00  0.17811298E-01
 1989  236    9   47   12    0  0.87288350E+06 -0.56521012E+06 -0.51999253E+06 -0.73892693E+02 -0.86565536E+02  0.82345018E+01 -0.48743494E+06  0.10554878E+07 -0.12689844E+05  0.74297023E+01 -0.15369751E+02  0.80456054E+00 -0.32381516E+06 -0.12487541E+06 -0.73508422E+05  0.28290703E+06 -0.36600496E+05 -0.21090667E+06 1989  236    9   47   12    0  0.79605705E+00  0.58340508E+00  0.16103333E+00  0.11924370E+00  0.10966861E+00 -0.98678964E+00 -0.59335840E+00  0.80474299E+00  0.17735098E-01
 1989  236    9   48   48    0  0.86575075E+06 -0.57347700E+06 -0.51920200E+06 -0.74704781E+02 -0.85661324E+02  0.82347193E+01 -0.48672169E+06  0.10540122E+07 -0.12612605E+05  0.74299049E+01 -0.15370192E+02  0.80456644E+00 -0.32520809E+06 -0.12111838E+06 -0.73645516E+05  0.28271862E+06 -0.36922219E+05 -0.21110314E+06 1989  236    9   48   48    0  0.79625571E+00  0.58303940E+00  0.16137454E+00  0.11964819E+00  0.10970710E+00 -0.98673642E+00 -0.59301013E+00  0.80500275E+00  0.17595299E-01
 1989  236    9   50   24    0  0.85854050E+06 -0.58165681E+06 -0.51841144E+06 -0.75506065E+02 -0.84749588E+02  0.82349377E+01 -0.48600841E+06  0.10525368E+07 -0.12535367E+05  0.74301085E+01 -0.15370634E+02  0.80457234E+00 -0.32655744E+06 -0.11734573E+06 -0.73782484E+05  0.28252981E+06 -0.37243891E+05 -0.21129930E+06 1989  236    9   50   24    0  0.79638058E+00  0.58276433E+00  0.16175221E+00  0.12008394E+00  0.10976088E+00 -0.98667753E+00 -0.59275448E+00  0.80519462E+00  0.17430797E-01
 1989  236    9   52    0    0  0.85125388E+06 -0.58974875E+06 -0.51762088E+06 -0.76296471E+02 -0.83830467E+02  0.82351561E+01 -0.48529509E+06  0.10510612E+07 -0.12458129E+05  0.74303126E+01 -0.15371078E+02  0.80457824E+00 -0.32786300E+06 -0.11355799E+06 -0.73919328E+05  0.28234062E+06 -0.37565508E+05 -0.21149517E+06 1989  236    9   52    0    0  0.79645532E+00  0.58253801E+00  0.16219862E+00  0.12050918E+00  0.10994275E+00 -0.98660535E+00 -0.59256768E+00  0.80533355E+00  0.17363314E-01
 1989  236    9   53   36    0  0.84389188E+06 -0.59775206E+06 -0.51683031E+06 -0.77075935E+02 -0.82904076E+02  0.82353764E+01 -0.48458178E+06  0.10495858E+07 -0.12380889E+05  0.74305172E+01 -0.15371523E+02  0.80458415E+00 -0.32912462E+06 -0.10975568E+06 -0.74056078E+05  0.28215103E+06 -0.37887074E+05 -0.21169077E+06 1989  236    9   53   36    0  0.79654950E+00  0.58234608E+00  0.16242497E+00  0.12083367E+00  0.10988973E+00 -0.98657155E+00 -0.59237492E+00  0.80547953E+00  0.17165609E-01
 1989  236    9   55   11 1000  0.83645562E+06 -0.60566612E+06 -0.51603972E+06 -0.77844391E+02 -0.81970551E+02  0.82355967E+01 -0.48386847E+06  0.10481101E+07 -0.12303648E+05  0.74307227E+01 -0.15371969E+02  0.80459005E+00 -0.33034216E+06 -0.10593931E+06 -0.74192734E+05  0.28196103E+06 -0.38208586E+05 -0.21188605E+06 1989  236    9   55   11 1000  0.79685444E+00  0.58191949E+00  0.16245840E+00  0.12089790E+00  0.10987398E+00 -0.98656553E+00 -0.59195161E+00  0.80579001E+00  0.17200716E-01
 1989  236    9   56   48    0  0.82894612E+06 -0.61349012E+06 -0.51524909E+06 -0.78601776E+02 -0.81030022E+02  0.82358170E+01 -0.48315512E+06  0.10466346E+07 -0.12226408E+05  0.74309287E+01 -0.15372416E+02  0.80459595E+00 -0.33151544E+06 -0.10210938E+06 -0.74329297E+05  0.28177066E+06 -0.38530043E+05 -0.21208102E+06 1989  236    9   56   48    0  0.79637700E+00  0.58282167E+00  0.16156326E+00  0.11961699E+00  0.11007512E+00 -0.98669922E+00 -0.59285378E+00  0.80511022E+00  0.17945934E-01
 1989  236    9   58   24    0  0.82136444E+06 -0.62122362E+06 -0.51445844E+06 -0.79348022E+02 -0.80082619E+02  0.82360382E+01 -0.48244172E+06  0.10451589E+07 -0.12149166E+05  0.74311347E+01 -0.15372866E+02  0.80460185E+00 -0.33264428E+06 -0.98266398E+05 -0.74465734E+05  0.28157984E+06 -0.38851445E+05 -0.21227569E+06 1989  236    9   58   24    0  0.79692703E+00  0.58221835E+00  0.16102552E+00  0.11897296E+00  0.11006817E+00 -0.98677784E+00 -0.59224391E+00  0.80554754E+00  0.18448066E-01
 1989  236   10    0    0    0  0.81371169E+06 -0.62886581E+06 -0.51366775E+06 -0.80083069E+02 -0.79128456E+02  0.82362595E+01 -0.48172831E+06  0.10436831E+07 -0.12071924E+05  0.74313416E+01 -0.15373316E+02  0.80460769E+00 -0.33372856E+06 -0.94410914E+05 -0.74602078E+05  0.28138866E+06 -0.39172793E+05 -0.21247006E+06 1989  236   10    0    0    0  0.79657489E+00  0.58261359E+00  0.16133775E+00  0.11925131E+00  0.11020018E+00 -0.98672944E+00 -0.59266144E+00  0.80524367E+00  0.18305268E-01
 1989  236   10    1   36    0  0.80598894E+06 -0.63641606E+06 -0.51287706E+06 -0.80806862E+02 -0.78167686E+02  0.82364817E+01 -0.48101491E+06  0.10422072E+07 -0.11994682E+05  0.74315495E+01 -0.15373767E+02  0.80461353E+00 -0.33476816E+06 -0.90543438E+05 -0.74738328E+05  0.28119709E+06 -0.39494086E+05 -0.21266412E+06 1989  236   10    1   36    0  0.79620892E+00  0.58300620E+00  0.16172501E+00  0.11963858E+00  0.11031084E+00 -0.98667020E+00 -0.59307492E+00  0.80494422E+00  0.18080425E-01
 1989  236   10    3   11 1000  0.79819712E+06 -0.64387381E+06 -0.51208634E+06 -0.81519348E+02 -0.77200417E+02  0.82367048E+01 -0.48030147E+06  0.10407313E+07 -0.11917438E+05  0.74317575E+01 -0.15374220E+02  0.80461937E+00 -0.33576294E+06 -0.86664406E+05 -0.74874453E+05  0.28100512E+06 -0.39815324E+05 -0.21285791E+06 1989  236   10    3   11 1000  0.79593009E+00  0.58328182E+00  0.16210417E+00  0.11998875E+00  0.11046310E+00 -0.98661065E+00 -0.59337854E+00  0.80472374E+00  0.17933656E-01
 1989  236   10    4   48    0  0.79033750E+06 -0.65123844E+06 -0.51129562E+06 -0.82220459E+02 -0.76226791E+02  0.82369289E+01 -0.47958800E+06  0.10392553E+07 -0.11840194E+05  0.74319658E+01 -0.15374674E+02  0.80462521E+00 -0.33671278E+06 -0.82774414E+05 -0.75010453E+05  0.28081275E+06 -0.40136508E+05 -0.21305141E+06 1989  236   10    4   48    0  0.79596734E+00  0.58316410E+00  0.16234443E+00  0.12030438E+00  0.11044325E+00 -0.98657447E+00 -0.59326458E+00  0.80481178E+00  0.17752040E-01
 1989  236   10    6   24    0  0.78241119E+06 -0.65850919E+06 -0.51050484E+06 -0.82910149E+02 -0.75246956E+02  0.82371531E+01 -0.47887453E+06  0.10377793E+07 -0.11762950E+05  0.74321752E+01 -0.15375129E+02  0.80463105E+00 -0.33761753E+06 -0.78874000E+05 -0.75146359E+05  0.28061997E+06 -0.40457633E+05 -0.21324459E+06 1989  236   10    6   24    0  0.79606783E+00  0.58293456E+00  0.16267592E+00  0.12067701E+00  0.11050358E+00 -0.98652220E+00 -0.59305418E+00  0.80496979E+00  0.17621551E-01
 1989  236   10    8    0    0  0.77441912E+06 -0.66568562E+06 -0.50971406E+06 -0.83588348E+02 -0.74261017E+02  0.82373781E+01 -0.47816106E+06  0.10363033E+07 -0.11685706E+05  0.74323854E+01 -0.15375586E+02  0.80463684E+00 -0.33847706E+06 -0.74963664E+05 -0.75282172E+05  0.28042678E+06 -0.40778699E+05 -0.21343747E+06 1989  236   10    8    0    0  0.79617697E+00  0.58277959E+00  0.16269656E+00  0.12065351E+00  0.11057585E+00 -0.98651695E+00 -0.59291226E+00  0.80507195E+00  0.17723542E-01
 1989  236   10    9   36    0  0.76636256E+06 -0.67276706E+06 -0.50892328E+06 -0.84255020E+02 -0.73269119E+02  0.82376032E+01 -0.47744753E+06  0.10348272E+07 -0.11608460E+05  0.74325962E+01 -0.15376044E+02  0.80464262E+00 -0.33929131E+06 -0.71043914E+05 -0.75417891E+05  0.28023322E+06 -0.41099707E+05 -0.21363006E+06 1989  236   10    9   36    0  0.79633284E+00  0.58255714E+00  0.16273114E+00  0.12068632E+00  0.11059783E+00 -0.98651052E+00 -0.59269643E+00  0.80523002E+00  0.17766006E-01
 1989  236   10   11   11 1000  0.75824256E+06 -0.67975306E+06 -0.50813247E+06 -0.84910110E+02 -0.72271400E+02  0.82378302E+01 -0.47673397E+06  0.10333511E+07 -0.11531214E+05  0.74328070E+01 -0.15376503E+02  0.80464840E+00 -0.34006016E+06 -0.67115281E+05 -0.75553477E+05  0.28003928E+06 -0.41420660E+05 -0.21382234E+06 1989  236   10   11   11 1000  0.79640710E+00  0.58248752E+00  0.16261718E+00  0.12059991E+00  0.11052601E+00 -0.98652911E+00 -0.59261429E+00  0.80529022E+00  0.17775759E-01
 1989  236   10   12   48    0  0.75006025E+06 -0.68664300E+06 -0.50734162E+06 -0.85553581E+02 -0.71267990E+02  0.82380571E+01 -0.47602041E+06  0.10318749E+07 -0.11453968E+05  0.74330187E+01 -0.15376964E+02  0.80465418E+00 -0.34078350E+06 -0.63178285E+05 -0.75688945E+05  0.27984494E+06 -0.41741555E+05 -0.21401430E+06 1989  236   10   12   48    0  0.79664320E+00  0.58217102E+00  0.16259354E+00  0.12054805E+00  0.11056847E+00 -0.98653078E+00 -0.59230733E+00  0.80551326E+00  0.17904032E-01
 1989  236   10   14   24    0  0.74181662E+06 -0.69343631E+06 -0.50655075E+06 -0.86185364E+02 -0.70259026E+02  0.82382841E+01 -0.47530684E+06  0.10303988E+07 -0.11376722E+05  0.74332314E+01 -0.15377426E+02  0.80465996E+00 -0.34146122E+06 -0.59233473E+05 -0.75824352E+05  0.27965019E+06 -0.42062387E+05 -0.21420595E+06 1989  236   10   14   24    0  0.79669851E+00  0.58210504E+00  0.16255893E+00  0.12051401E+00  0.11055900E+00 -0.98653591E+00 -0.59223986E+00  0.80556226E+00  0.17930385E-01
 1989  236   10   16    0    0  0.73351300E+06 -0.70013256E+06 -0.50575988E+06 -0.86805428E+02 -0.69244621E+02  0.82385120E+01 -0.47459325E+06  0.10289225E+07 -0.11299473E+05  0.74334440E+01 -0.15377889E+02  0.80466568E+00 -0.34209328E+06 -0.55281336E+05 -0.75959633E+05  0.27945506E+06 -0.42383164E+05 -0.21439733E+06 1989  236   10   16    0    0  0.79688758E+00  0.58183265E+00  0.16260664E+00  0.12049897E+00  0.11066994E+00 -0.98652536E+00 -0.59198833E+00  0.80574375E+00  0.18081263E-01
 1989  236   10   17   36    0  0.72515038E+06 -0.70673119E+06 -0.50496897E+06 -0.87413719E+02 -0.68224930E+02  0.82387409E+01 -0.47387962E+06  0.10274462E+07 -0.11222225E+05  0.74336572E+01 -0.15378353E+02  0.80467147E+00 -0.34267959E+06 -0.51322426E+05 -0.76094789E+05  0.27925950E+06 -0.42703883E+05 -0.21458839E+06 1989  236   10   17   36    0  0.79701036E+00  0.58168423E+00  0.16253649E+00  0.12047920E+00  0.11058438E+00 -0.98653734E+00 -0.59182715E+00  0.80586267E+00  0.18056061E-01
 1989  236   10   19   12    0  0.71672994E+06 -0.71323162E+06 -0.50417803E+06 -0.88010201E+02 -0.67200096E+02  0.82389698E+01 -0.47316600E+06  0.10259699E+07 -0.11144977E+05  0.74338713E+01 -0.15378819E+02  0.80467719E+00 -0.34322006E+06 -0.47357293E+05 -0.76229852E+05  0.27906356E+06 -0.43024539E+05 -0.21477914E+06 1989  236   10   19   12    0  0.79702455E+00  0.58165431E+00  0.16257341E+00  0.12042631E+00  0.11071964E+00 -0.98652864E+00 -0.59181869E+00  0.80586565E+00  0.18199787E-01
 1989  236   10   20   47 1000  0.70825281E+06 -0.71963344E+06 -0.50338706E+06 -0.88594833E+02 -0.66170235E+02  0.82391996E+01 -0.47245234E+06  0.10244934E+07 -0.11067727E+05  0.74340863E+01 -0.15379287E+02  0.80468291E+00 -0.34371459E+06 -0.43386457E+05 -0.76364820E+05  0.27886725E+06 -0.43345133E+05 -0.21496961E+06 1989  236   10   20   47 1000  0.79696888E+00  0.58173728E+00  0.16254964E+00  0.12041323E+00  0.11069430E+00 -0.98653305E+00 -0.59189641E+00  0.80580926E+00  0.18171035E-01
 1989  236   10   22   24    0  0.69972012E+06 -0.72593612E+06 -0.50259609E+06 -0.89167564E+02 -0.65135490E+02  0.82394304E+01 -0.47173866E+06  0.10230170E+07 -0.10990477E+05  0.74343019E+01 -0.15379755E+02  0.80468857E+00 -0.34416322E+06 -0.39410449E+05 -0.76499664E+05  0.27867053E+06 -0.43665664E+05 -0.21515977E+06 1989  236   10   22   24    0  0.79701871E+00  0.58168787E+00  0.16248240E+00  0.12032239E+00  0.11070651E+00 -0.98654276E+00 -0.59184784E+00  0.80584323E+00  0.18245075E-01
 1989  236   10   24    0    0  0.69113300E+06 -0.73213931E+06 -0.50180512E+06 -0.89728363E+02 -0.64096001E+02  0.82396622E+01 -0.47102494E+06  0.10215406E+07 -0.10913227E+05  0.74345179E+01 -0.15380225E+02  0.80469424E+00 -0.34456584E+06 -0.35429785E+05 -0.76634383E+05  0.27847341E+06 -0.43986137E+05 -0.21534964E+06 1989  236   10   24    0    0  0.79643351E+00  0.58251107E+00  0.16240226E+00  0.12010601E+00  0.11083442E+00 -0.98655480E+00 -0.59267884E+00  0.80523080E+00  0.18309169E-01
 1989  236   10   25   35 1000  0.68249262E+06 -0.73824238E+06 -0.50101409E+06 -0.90277199E+02 -0.63051895E+02  0.82398939E+01 -0.47031122E+06  0.10200640E+07 -0.10835977E+05  0.74347343E+01 -0.15380697E+02  0.80469996E+00 -0.34492241E+06 -0.31445008E+05 -0.76769008E+05  0.27827591E+06 -0.44306547E+05 -0.21553920E+06 1989  236   10   25   35 1000  0.79695189E+00  0.58180422E+00  0.16239314E+00  0.12020682E+00  0.11070900E+00 -0.98655659E+00 -0.59196115E+00  0.80575889E+00  0.18292896E-01
 1989  236   10   27   12    0  0.67380019E+06 -0.74424506E+06 -0.50022303E+06 -0.90814034E+02 -0.62003319E+02  0.82401266E+01 -0.46959750E+06  0.10185874E+07 -0.10758725E+05  0.74349513E+01 -0.15381169E+02  0.80470562E+00 -0.34523284E+06 -0.27456668E+05 -0.76903539E+05  0.27807800E+06 -0.44626891E+05 -0.21572842E+06 1989  236   10   27   12    0  0.79676253E+00  0.58206952E+00  0.16237225E+00  0.12006471E+00  0.11085708E+00 -0.98655730E+00 -0.59224498E+00  0.80554694E+00  0.18440768E-01
 1989  236   10   28   47 1000  0.66505675E+06 -0.75014694E+06 -0.49943197E+06 -0.91338837E+02 -0.60950401E+02  0.82403593E+01 -0.46888369E+06  0.10171108E+07 -0.10681472E+05  0.74351692E+01 -0.15381643E+02  0.80471122E+00 -0.34549716E+06 -0.23465250E+05 -0.77037977E+05  0.27787972E+06 -0.44947176E+05 -0.21591734E+06 1989  236   10   28   47 1000  0.79672849E+00  0.58213222E+00  0.16231425E+00  0.12005711E+00  0.11076726E+00 -0.98656833E+00 -0.59229231E+00  0.80551398E+00  0.18362325E-01
 1989  236   10   30   24    0  0.65626344E+06 -0.75594744E+06 -0.49864091E+06 -0.91851578E+02 -0.59893280E+02  0.82405930E+01 -0.46816988E+06  0.10156342E+07 -0.10604220E+05  0.74353876E+01 -0.15382119E+02  0.80471689E+00 -0.34571528E+06 -0.19471312E+05 -0.77172289E+05  0.27768106E+06 -0.45267398E+05 -0.21610600E+06 1989  236   10   30   24    0  0.79657596E+00  0.58234727E+00  0.16229118E+00  0.12002349E+00  0.11076595E+00 -0.98657244E+00 -0.59250414E+00  0.80535859E+00  0.18338144E-01
 1989  236   10   32    0    0  0.64742156E+06 -0.76164631E+06 -0.49784981E+06 -0.92352203E+02 -0.58832088E+02  0.82408276E+01 -0.46745606E+06  0.10141574E+07 -0.10526966E+05  0.74356065E+01 -0.15382597E+02  0.80472249E+00 -0.34588722E+06 -0.15475416E+05 -0.77306477E+05  0.27748197E+06 -0.45587555E+05 -0.21629434E+06 1989  236   10   32    0    0  0.79648995E+00  0.58244193E+00  0.16237359E+00  0.12000644E+00  0.11092404E+00 -0.98655683E+00 -0.59262317E+00  0.80526847E+00  0.18453080E-01
 1989  236   10   33   36    0  0.63853225E+06 -0.76724312E+06 -0.49705866E+06 -0.92840706E+02 -0.57766968E+02  0.82410631E+01 -0.46674225E+06  0.10126807E+07 -0.10449712E+05  0.74358263E+01 -0.15383075E+02  0.80472815E+00 -0.34601297E+06 -0.11478084E+05 -0.77440570E+05  0.27728250E+06 -0.45907648E+05 -0.21648238E+06 1989  236   10   33   36    0  0.79627848E+00  0.58274716E+00  0.16231571E+00  0.11996087E+00  0.11087687E+00 -0.98656768E+00 -0.59291661E+00  0.80505413E+00  0.18382009E-01
 1989  236   10   35   12    0  0.62959656E+06 -0.77273744E+06 -0.49626750E+06 -0.93317047E+02 -0.56698067E+02  0.82412987E+01 -0.46602841E+06  0.10112039E+07 -0.10372458E+05  0.74360471E+01 -0.15383554E+02  0.80473369E+00 -0.34609244E+06 -0.74798457E+04 -0.77574539E+05  0.27708262E+06 -0.46227676E+05 -0.21667009E+06 1989  236   10   35   12    0  0.79613233E+00  0.58296901E+00  0.16223679E+00  0.11982810E+00  0.11091584E+00 -0.98657948E+00 -0.59313983E+00  0.80488819E+00  0.18447623E-01
 1989  236   10   36   47 1000  0.62061575E+06 -0.77812900E+06 -0.49547634E+06 -0.93781219E+02 -0.55625511E+02  0.82415352E+01 -0.46531453E+06  0.10097271E+07 -0.10295204E+05  0.74362683E+01 -0.15384036E+02  0.80473930E+00 -0.34612575E+06 -0.34812329E+04 -0.77708375E+05  0.27688238E+06 -0.46547641E+05 -0.21685750E+06 1989  236   10   36   47 1000  0.79606122E+00  0.58305949E+00  0.16225998E+00  0.11981250E+00  0.11097254E+00 -0.98657495E+00 -0.59323823E+00  0.80481476E+00  0.18483132E-01
 1989  236   10   38   24    0  0.61159100E+06 -0.78341744E+06 -0.49468516E+06 -0.94233185E+02 -0.54549442E+02  0.82417717E+01 -0.46460066E+06  0.10082502E+07 -0.10217948E+05  0.74364896E+01 -0.15384519E+02  0.80474484E+00 -0.34611284E+06  0.51723157E+03 -0.77842156E+05  0.27668175E+06 -0.46867535E+05 -0.21704459E+06 1989  236   10   38   24    0  0.79605132E+00  0.58311737E+00  0.16210036E+00  0.11970881E+00  0.11084259E+00 -0.98660219E+00 -0.59327239E+00  0.80479074E+00  0.18432103E-01
 1989  236   10   40    0    0  0.60252344E+06 -0.78860238E+06 -0.49389394E+06 -0.94672913E+02 -0.53469990E+02  0.82420101E+01 -0.46388675E+06  0.10067732E+07 -0.10140692E+05  0.74367118E+01 -0.15385003E+02  0.80475038E+00 -0.34605369E+06  0.45150015E+04 -0.77975812E+05  0.27648072E+06 -0.47187363E+05 -0.21723141E+06 1989  236   10   40    0    0  0.79605043E+00  0.58314693E+00  0.16199811E+00  0.11960664E+00  0.11080809E+00 -0.98661840E+00 -0.59329420E+00  0.80477405E+00  0.18460572E-01
 1989  236   10   41   36    0  0.59341419E+06 -0.79368356E+06 -0.49310269E+06 -0.95100395E+02 -0.52387299E+02  0.82422485E+01 -0.46317281E+06  0.10052962E+07 -0.10063437E+05  0.74369349E+01 -0.15385489E+02  0.80475593E+00 -0.34594834E+06  0.85115547E+04 -0.78109344E+05  0.27627931E+06 -0.47507129E+05 -0.21741791E+06 1989  236   10   41   36    0  0.79607767E+00  0.58310407E+00  0.16201933E+00  0.11961122E+00  0.11083929E+00 -0.98661435E+00 -0.59325695E+00  0.80480087E+00  0.18490899E-01
 1989  236   10   43   12    0  0.58426444E+06 -0.79866069E+06 -0.49231138E+06 -0.95515610E+02 -0.51301506E+02  0.82424879E+01 -0.46245884E+06  0.10038192E+07 -0.99861777E+04  0.74371586E+01 -0.15385976E+02  0.80476147E+00 -0.34579681E+06  0.12506341E+05 -0.78242781E+05  0.27607753E+06 -0.47826828E+05 -0.21760409E+06 1989  236   10   43   12    0  0.79604900E+00  0.58318073E+00  0.16188329E+00  0.11950359E+00  0.11075360E+00 -0.98663700E+00 -0.59331685E+00  0.80475700E+00  0.18473107E-01
 1989  236   10   44   47 1000  0.57507550E+06 -0.80353338E+06 -0.49152009E+06 -0.95918533E+02 -0.50212749E+02  0.82427282E+01 -0.46174484E+06  0.10023421E+07 -0.99089199E+04  0.74373827E+01 -0.15386464E+02  0.80476695E+00 -0.34559912E+06  0.16498824E+05 -0.78376094E+05  0.27587531E+06 -0.48146461E+05 -0.21778998E+06 1989  236   10   44   47 1000  0.79605156E+00  0.58319956E+00  0.16180341E+00  0.11940275E+00  0.11075534E+00 -0.98664904E+00 -0.59333384E+00  0.80474317E+00  0.18531326E-01
 1989  236   10   46   24    0  0.56584850E+06 -0.80830138E+06 -0.49072878E+06 -0.96309158E+02 -0.49121170E+02  0.82429686E+01 -0.46103084E+06  0.10008650E+07 -0.98316621E+04  0.74376078E+01 -0.15386954E+02  0.80477244E+00 -0.34535534E+06  0.20488475E+05 -0.78509281E+05  0.27567272E+06 -0.48466020E+05 -0.21797555E+06 1989  236   10   46   24    0  0.79604584E+00  0.58323365E+00  0.16170914E+00  0.11935440E+00  0.11066112E+00 -0.98666549E+00 -0.59335136E+00  0.80473149E+00  0.18479809E-01
 1989  236   10   48    0    0  0.55658456E+06 -0.81296456E+06 -0.48993744E+06 -0.96687454E+02 -0.48026901E+02  0.82432098E+01 -0.46031684E+06  0.99938788E+06 -0.97544043E+04  0.74378333E+01 -0.15387445E+02  0.80477792E+00 -0.34506547E+06  0.24474754E+05 -0.78642375E+05  0.27546975E+06 -0.48785512E+05 -0.21816080E+06 1989  236   10   48    0    0  0.79604995E+00  0.58326197E+00  0.16158554E+00  0.11919753E+00  0.11066497E+00 -0.98668391E+00 -0.59337711E+00  0.80471033E+00  0.18571466E-01
 1989  236   10   49   36    0  0.54728494E+06 -0.81752250E+06 -0.48914609E+06 -0.97053421E+02 -0.46930084E+02  0.82434521E+01 -0.45960281E+06  0.99791062E+06 -0.96771465E+04  0.74380593E+01 -0.15387938E+02  0.80478334E+00 -0.34472950E+06  0.28457133E+05 -0.78775375E+05  0.27526638E+06 -0.49104938E+05 -0.21834577E+06 1989  236   10   49   36    0  0.79620016E+00  0.58309501E+00  0.16144782E+00  0.11912680E+00  0.11053579E+00 -0.98670697E+00 -0.59318972E+00  0.80484903E+00  0.18546365E-01
 1989  236   10   51   11 1000  0.53795075E+06 -0.82197500E+06 -0.48835472E+06 -0.97407043E+02 -0.45830856E+02  0.82436943E+01 -0.45888875E+06  0.99643338E+06 -0.95998867E+04  0.74382863E+01 -0.15388433E+02  0.80478877E+00 -0.34434756E+06  0.32435094E+05 -0.78908250E+05  0.27506262E+06 -0.49424293E+05 -0.21853042E+06 1989  236   10   51   11 1000  0.79604977E+00  0.58329058E+00  0.16148372E+00  0.11909811E+00  0.11062759E+00 -0.98670024E+00 -0.59339738E+00  0.80469483E+00  0.18596262E-01
 1989  236   10   52   48    0  0.52858325E+06 -0.82632194E+06 -0.48756331E+06 -0.97748314E+02 -0.44729347E+02  0.82439375E+01 -0.45817466E+06  0.99495606E+06 -0.95226270E+04  0.74385138E+01 -0.15388928E+02  0.80479419E+00 -0.34391972E+06  0.36408098E+05 -0.79041000E+05  0.27485850E+06 -0.49743574E+05 -0.21871477E+06 1989  236   10   52   48    0  0.79605067E+00  0.58326030E+00  0.16158780E+00  0.11934936E+00  0.11046284E+00 -0.98668820E+00 -0.59334546E+00  0.80473930E+00  0.18322270E-01
 1989  236   10   54   24    0  0.51918344E+06 -0.83056306E+06 -0.48677188E+06 -0.98077217E+02 -0.43625698E+02  0.82441816E+01 -0.45746053E+06  0.99347869E+06 -0.94453672E+04  0.74387422E+01 -0.15389425E+02  0.80479962E+00 -0.34344600E+06  0.40375625E+05 -0.79173656E+05  0.27465394E+06 -0.50062793E+05 -0.21889880E+06 1989  236   10   54   24    0  0.79616404E+00  0.58305907E+00  0.16175628E+00  0.11963509E+00  0.11036627E+00 -0.98666447E+00 -0.59313607E+00  0.80489844E+00  0.18115323E-01
 1989  236   10   56    0    0  0.50975269E+06 -0.83469806E+06 -0.48598041E+06 -0.98393745E+02 -0.42520061E+02  0.82444258E+01 -0.45674641E+06  0.99200125E+06 -0.93681045E+04  0.74389710E+01 -0.15389924E+02  0.80480504E+00 -0.34292650E+06  0.44337125E+05 -0.79306219E+05  0.27444900E+06 -0.50381941E+05 -0.21908252E+06 1989  236   10   56    0    0  0.79628193E+00  0.58283174E+00  0.16199484E+00  0.11996736E+00  0.11032501E+00 -0.98662877E+00 -0.59291065E+00  0.80506873E+00  0.17929029E-01
 1989  236   10   57   36    0  0.50029222E+06 -0.83872681E+06 -0.48518894E+06 -0.98697891E+02 -0.41412567E+02  0.82446718E+01 -0.45603225E+06  0.99052381E+06 -0.92908428E+04  0.74392004E+01 -0.15390425E+02  0.80481040E+00 -0.34236122E+06  0.48292070E+05 -0.79438656E+05  0.27424372E+06 -0.50701012E+05 -0.21926595E+06 1989  236   10   57   36    0  0.79635692E+00  0.58268523E+00  0.16215265E+00  0.12028971E+00  0.11015817E+00 -0.98660809E+00 -0.59274447E+00  0.80519754E+00  0.17634157E-01
 1989  236   10   59   11 1000  0.49080316E+06 -0.84264919E+06 -0.48439744E+06 -0.98989662E+02 -0.40303349E+02  0.82449179E+01 -0.45531809E+06  0.98904631E+06 -0.92135811E+04  0.74394307E+01 -0.15390927E+02  0.80481577E+00 -0.34175031E+06  0.52239938E+05 -0.79570969E+05  0.27403803E+06 -0.51020016E+05 -0.21944906E+06 1989  236   10   59   11 1000  0.79637104E+00  0.58259988E+00  0.16239074E+00  0.12059927E+00  0.11014166E+00 -0.98657221E+00 -0.59266281E+00  0.80526167E+00  0.17452519E-01
 1989  236   11    0   48    0  0.48128662E+06 -0.84646500E+06 -0.48360591E+06 -0.99269043E+02 -0.39192543E+02  0.82451639E+01 -0.45460391E+06  0.98756875E+06 -0.91363193E+04  0.74396620E+01 -0.15391430E+02  0.80482107E+00 -0.34109384E+06  0.56180191E+05 -0.79703148E+05  0.27383194E+06 -0.51338945E+05 -0.21963184E+06 1989  236   11    0   48    0  0.79648548E+00  0.58242822E+00  0.16244514E+00  0.12076807E+00  0.11001002E+00 -0.98656631E+00 -0.59247458E+00  0.80540383E+00  0.17282665E-01
 1989  236   11    2   24    0  0.47174391E+06 -0.85017412E+06 -0.48281438E+06 -0.99536026E+02 -0.38080292E+02  0.82454119E+01 -0.45388969E+06  0.98609119E+06 -0.90590557E+04  0.74398937E+01 -0.15391934E+02  0.80482638E+00 -0.34039194E+06  0.60112316E+05 -0.79835242E+05  0.27362550E+06 -0.51657801E+05 -0.21981431E+06 1989  236   11    2   24    0  0.79690343E+00  0.58225393E+00  0.16101338E+00  0.11912845E+00  0.10983472E+00 -0.98678511E+00 -0.59224433E+00  0.80555373E+00  0.18164661E-01
 1989  236   11    4    0    0  0.46217612E+06 -0.85377638E+06 -0.48202281E+06 -0.99790642E+02 -0.36966728E+02  0.82456598E+01 -0.45317547E+06  0.98461350E+06 -0.89817920E+04  0.74401259E+01 -0.15392441E+02  0.80483168E+00 -0.33964469E+06  0.64035793E+05 -0.79967211E+05  0.27341866E+06 -0.51976586E+05 -0.21999650E+06 1989  236   11    4    0    0  0.79684460E+00  0.58231652E+00  0.16107801E+00  0.11921364E+00  0.10982539E+00 -0.98677582E+00 -0.59230626E+00  0.80550975E+00  0.18093690E-01
 1989  236   11    5   36    0  0.45258450E+06 -0.85727162E+06 -0.48123122E+06 -0.10003287E+03 -0.35851997E+02  0.82459087E+01 -0.45246119E+06  0.98313581E+06 -0.89045283E+04  0.74403591E+01 -0.15392949E+02  0.80483699E+00 -0.33885212E+06  0.67950062E+05 -0.80099055E+05  0.27321141E+06 -0.52295297E+05 -0.22017838E+06 1989  236   11    5   36    0  0.79672211E+00  0.58234560E+00  0.16157871E+00  0.11985920E+00  0.10978968E+00 -0.98670161E+00 -0.59234101E+00  0.80549359E+00  0.17672382E-01
 1989  236   11    7   11 1000  0.44297019E+06 -0.86065988E+06 -0.48043959E+06 -0.10026270E+03 -0.34736225E+02  0.82461586E+01 -0.45174688E+06  0.98165806E+06 -0.88272627E+04  0.74405928E+01 -0.15393459E+02  0.80484223E+00 -0.33801444E+06  0.71854641E+05 -0.80230836E+05  0.27300378E+06 -0.52613938E+05 -0.22035994E+06 1989  236   11    7   11 1000  0.79655832E+00  0.58245212E+00  0.16200219E+00  0.12048455E+00  0.10964879E+00 -0.98664117E+00 -0.59243447E+00  0.80543578E+00  0.17165188E-01
 1989  236   11    8   48    0  0.43333438E+06 -0.86394100E+06 -0.47964794E+06 -0.10048016E+03 -0.33619553E+02  0.82464094E+01 -0.45103256E+06  0.98018025E+06 -0.87499980E+04  0.74408274E+01 -0.15393970E+02  0.80484748E+00 -0.33713172E+06  0.75749031E+05 -0.80362492E+05  0.27279578E+06 -0.52932500E+05 -0.22054119E+06 1989  236   11    8   48    0  0.79642910E+00  0.58257020E+00  0.16221178E+00  0.12087137E+00  0.10947143E+00 -0.98661345E+00 -0.59252912E+00  0.80537444E+00  0.16770162E-01
 1989  236   11   10   24    0  0.42367834E+06 -0.86711488E+06 -0.47885628E+06 -0.10068526E+03 -0.32502125E+02  0.82466602E+01 -0.45031825E+06  0.97870244E+06 -0.86727344E+04  0.74410625E+01 -0.15394483E+02  0.80485272E+00 -0.33620409E+06  0.79632648E+05 -0.80493992E+05  0.27258741E+06 -0.53250988E+05 -0.22072212E+06 1989  236   11   10   24    0  0.79645491E+00  0.58258605E+00  0.16202833E+00  0.12071794E+00  0.10937063E+00 -0.98664349E+00 -0.59252584E+00  0.80537671E+00  0.16780190E-01
 1989  236   11   12    0    0  0.41400325E+06 -0.87018138E+06 -0.47806459E+06 -0.10087798E+03 -0.31384071E+02  0.82469120E+01 -0.44960391E+06  0.97722456E+06 -0.85954668E+04  0.74412980E+01 -0.15394997E+02  0.80485791E+00 -0.33523169E+06  0.83505047E+05 -0.80625398E+05  0.27237859E+06 -0.53569402E+05 -0.22090273E+06 1989  236   11   12    0    0  0.79638267E+00  0.58273548E+00  0.16184556E+00  0.12049824E+00  0.10935623E+00 -0.98667192E+00 -0.59266752E+00  0.80527055E+00  0.16870812E-01
 1989  236   11   13   36    0  0.40431022E+06 -0.87314056E+06 -0.47727288E+06 -0.10105836E+03 -0.30265532E+02  0.82471647E+01 -0.44888953E+06  0.97574656E+06 -0.85181992E+04  0.74415350E+01 -0.15395513E+02  0.80486310E+00 -0.33421469E+06  0.87365656E+05 -0.80756711E+05  0.27216944E+06 -0.53887738E+05 -0.22108305E+06 1989  236   11   13   36    0  0.79631543E+00  0.58285552E+00  0.16174456E+00  0.12027957E+00  0.10947907E+00 -0.98668498E+00 -0.59280241E+00  0.80516702E+00  0.17074261E-01
 1989  236   11   15   11 1000  0.39460047E+06 -0.87599238E+06 -0.47648116E+06 -0.10122639E+03 -0.29146633E+02  0.82474184E+01 -0.44817509E+06  0.97426856E+06 -0.84409336E+04  0.74417725E+01 -0.15396030E+02  0.80486828E+00 -0.33315316E+06  0.91213953E+05 -0.80887898E+05  0.27195991E+06 -0.54206000E+05 -0.22126305E+06 1989  236   11   15   11 1000  0.79628319E+00  0.58293426E+00  0.16161968E+00  0.12006778E+00  0.10955372E+00 -0.98670256E+00 -0.59288871E+00  0.80509984E+00  0.17244171E-01
 1989  236   11   16   48    0  0.38487516E+06 -0.87873675E+06 -0.47568938E+06 -0.10138210E+03 -0.28027521E+02  0.82476721E+01 -0.44746066E+06  0.97279056E+06 -0.83636660E+04  0.74420104E+01 -0.15396549E+02  0.80487341E+00 -0.33204728E+06  0.95049430E+05 -0.81018961E+05  0.27174997E+06 -0.54524184E+05 -0.22144273E+06 1989  236   11   16   48    0  0.79624057E+00  0.58303964E+00  0.16144870E+00  0.11980948E+00  0.10961288E+00 -0.98672730E+00 -0.59299803E+00  0.80501539E+00  0.17424539E-01
 1989  236   11   18   24    0  0.37513550E+06 -0.88137362E+06 -0.47489756E+06 -0.10152547E+03 -0.26908319E+02  0.82479277E+01 -0.44674622E+06  0.97131244E+06 -0.82863965E+04  0.74422488E+01 -0.15397070E+02  0.80487853E+00 -0.33089722E+06  0.98871594E+05 -0.81149930E+05  0.27153966E+06 -0.54842293E+05 -0.22162211E+06 1989  236   11   18   24    0  0.79622149E+00  0.58309042E+00  0.16135982E+00  0.11964580E+00  0.10968372E+00 -0.98673928E+00 -0.59305680E+00  0.80496895E+00  0.17568212E-01
 1989  236   11   20    0    0  0.36538262E+06 -0.88390312E+06 -0.47410575E+06 -0.10165655E+03 -0.25789167E+02  0.82481833E+01 -0.44603178E+06  0.96983431E+06 -0.82091289E+04  0.74424882E+01 -0.15397592E+02  0.80488366E+00 -0.32970309E+06  0.10267999E+06 -0.81280773E+05  0.27132897E+06 -0.55160328E+05 -0.22180117E+06 1989  236   11   20    0    0  0.79612684E+00  0.58324689E+00  0.16126126E+00  0.11936624E+00  0.10989158E+00 -0.98675007E+00 -0.59324014E+00  0.80482727E+00  0.17867647E-01
 1989  236   11   21   36    0  0.35561775E+06 -0.88632519E+06 -0.47331391E+06 -0.10177534E+03 -0.24670204E+02  0.82484388E+01 -0.44531731E+06  0.96835612E+06 -0.81318608E+04  0.74427285E+01 -0.15398116E+02  0.80488873E+00 -0.32846509E+06  0.10647405E+06 -0.81411492E+05  0.27111788E+06 -0.55478281E+05 -0.22197992E+06 1989  236   11   21   36    0  0.79607445E+00  0.58335644E+00  0.16112357E+00  0.11920643E+00  0.10987268E+00 -0.98677140E+00 -0.59334254E+00  0.80475038E+00  0.17926991E-01
 1989  236   11   23   12    0  0.34584212E+06 -0.88863988E+06 -0.47252206E+06 -0.10188187E+03 -0.23551571E+02  0.82486963E+01 -0.44460278E+06  0.96687788E+06 -0.80545913E+04  0.74429693E+01 -0.15398642E+02  0.80489379E+00 -0.32718341E+06  0.11025320E+06 -0.81542117E+05  0.27090641E+06 -0.55796156E+05 -0.22215836E+06 1989  236   11   23   12    0  0.79599315E+00  0.58349508E+00  0.16102371E+00  0.11898725E+00  0.10999693E+00 -0.98678410E+00 -0.59349573E+00  0.80463302E+00  0.18128347E-01
 1989  236   11   24   47 1000  0.33605684E+06 -0.89084712E+06 -0.47173016E+06 -0.10197615E+03 -0.22433395E+02  0.82489538E+01 -0.44388822E+06  0.96539956E+06 -0.79773218E+04  0.74432111E+01 -0.15399169E+02  0.80489886E+00 -0.32585822E+06  0.11401704E+06 -0.81672609E+05  0.27069459E+06 -0.56113953E+05 -0.22233648E+06 1989  236   11   24   47 1000  0.79600114E+00  0.58342952E+00  0.16122116E+00  0.11913665E+00  0.11012860E+00 -0.98675138E+00 -0.59345490E+00  0.80466253E+00  0.18154643E-01
 1989  236   11   26   24    0  0.32626309E+06 -0.89294706E+06 -0.47093825E+06 -0.10205820E+03 -0.21315807E+02  0.82492132E+01 -0.44317366E+06  0.96392119E+06 -0.79000503E+04  0.74434533E+01 -0.15399697E+02  0.80490386E+00 -0.32448969E+06  0.11776506E+06 -0.81802984E+05  0.27048238E+06 -0.56431668E+05 -0.22251425E+06 1989  236   11   26   24    0  0.79602528E+00  0.58335280E+00  0.16138016E+00  0.11930111E+00  0.11017586E+00 -0.98672622E+00 -0.59338963E+00  0.80471170E+00  0.18108141E-01
 1989  236   11   28    0    0  0.31646209E+06 -0.89493975E+06 -0.47014631E+06 -0.10212804E+03 -0.20198936E+02  0.82494726E+01 -0.44245909E+06  0.96244281E+06 -0.78227788E+04  0.74436960E+01 -0.15400228E+02  0.80490887E+00 -0.32307800E+06  0.12149670E+06 -0.81933234E+05  0.27026975E+06 -0.56749305E+05 -0.22269175E+06 1989  236   11   28    0    0  0.79602683E+00  0.58329034E+00  0.16159785E+00  0.11950533E+00  0.11026717E+00 -0.98669130E+00 -0.59334642E+00  0.80474442E+00  0.18069331E-01
 1989  236   11   29   35 1000  0.30665497E+06 -0.89682525E+06 -0.46935434E+06 -0.10218571E+03 -0.19082922E+02  0.82497330E+01 -0.44174450E+06  0.96096438E+06 -0.77455073E+04  0.74439402E+01 -0.15400760E+02  0.80491382E+00 -0.32162334E+06  0.12521150E+06 -0.82063391E+05  0.27005675E+06 -0.57066863E+05 -0.22286894E+06 1989  236   11   29   35 1000  0.79607719E+00  0.58319920E+00  0.16167863E+00  0.11961921E+00  0.11025195E+00 -0.98667920E+00 -0.59325588E+00  0.80481255E+00  0.18007237E-01
 1989  236   11   31   12    0  0.29684288E+06 -0.89860375E+06 -0.46856238E+06 -0.10223122E+03 -0.17967901E+02  0.82499943E+01 -0.44102988E+06  0.95948588E+06 -0.76682358E+04  0.74441848E+01 -0.15401294E+02  0.80491877E+00 -0.32012594E+06  0.12890898E+06 -0.82193422E+05  0.26984334E+06 -0.57384340E+05 -0.22304581E+06 1989  236   11   31   12    0  0.79615617E+00  0.58302784E+00  0.16190778E+00  0.11984070E+00  0.11034322E+00 -0.98664212E+00 -0.59310520E+00  0.80492425E+00  0.17979976E-01
 1989  236   11   32   47 1000  0.28702694E+06 -0.90027512E+06 -0.46777034E+06 -0.10226460E+03 -0.16853989E+02  0.82502556E+01 -0.44031522E+06  0.95800738E+06 -0.75909639E+04  0.74444299E+01 -0.15401829E+02  0.80492371E+00 -0.31858597E+06  0.13258867E+06 -0.82323328E+05  0.26962959E+06 -0.57701734E+05 -0.22322238E+06 1989  236   11   32   47 1000  0.79617399E+00  0.58295542E+00  0.16208021E+00  0.12004931E+00  0.11035282E+00 -0.98661566E+00 -0.59303892E+00  0.80497539E+00  0.17876670E-01
 1989  236   11   34   24    0  0.27720838E+06 -0.90183969E+06 -0.46697831E+06 -0.10228588E+03 -0.15741332E+02  0.82505178E+01 -0.43960053E+06  0.95652875E+06 -0.75136899E+04  0.74446759E+01 -0.15402366E+02  0.80492866E+00 -0.31700366E+06  0.13625000E+06 -0.82453141E+05  0.26941547E+06 -0.58019051E+05 -0.22339859E+06 1989  236   11   34   24    0  0.79623169E+00  0.58282286E+00  0.16227269E+00  0.12022009E+00  0.11044961E+00 -0.98658401E+00 -0.59292668E+00  0.80505794E+00  0.17876461E-01
 1989  236   11   36    0    0  0.26738838E+06 -0.90329756E+06 -0.46618628E+06 -0.10229509E+03 -0.14630068E+02  0.82507811E+01 -0.43888584E+06  0.95505006E+06 -0.74364165E+04  0.74449229E+01 -0.15402905E+02  0.80493355E+00 -0.31537925E+06  0.13989252E+06 -0.82582828E+05  0.26920097E+06 -0.58336281E+05 -0.22357450E+06 1989  236   11   36    0    0  0.79629833E+00  0.58267796E+00  0.16246706E+00  0.12048398E+00  0.11042380E+00 -0.98655474E+00 -0.59278387E+00  0.80516648E+00  0.17726928E-01
 1989  236   11   37   36    0  0.25756811E+06 -0.90464875E+06 -0.46539419E+06 -0.10229226E+03 -0.13520310E+02  0.82510452E+01 -0.43817112E+06  0.95357138E+06 -0.73591431E+04  0.74451709E+01 -0.15403444E+02  0.80493838E+00 -0.31371294E+06  0.14351577E+06 -0.82712391E+05  0.26898609E+06 -0.58653430E+05 -0.22375012E+06 1989  236   11   37   36    0  0.79639649E+00  0.58251470E+00  0.16257064E+00  0.12060864E+00  0.11043472E+00 -0.98653823E+00 -0.59262645E+00  0.80528301E+00  0.17693508E-01
 1989  236   11   39   12    0  0.24774867E+06 -0.90589350E+06 -0.46460206E+06 -0.10227743E+03 -0.12412196E+02  0.82513103E+01 -0.43745638E+06  0.95209262E+06 -0.72818696E+04  0.74454193E+01 -0.15403987E+02  0.80494320E+00 -0.31200497E+06  0.14711923E+06 -0.82841859E+05  0.26877084E+06 -0.58970500E+05 -0.22392544E+06 1989  236   11   39   12    0  0.79639822E+00  0.58248049E+00  0.16268460E+00  0.12071018E+00  0.11048987E+00 -0.98651969E+00 -0.59260345E+00  0.80530024E+00  0.17682604E-01
 1989  236   11   40   47 1000  0.23793125E+06 -0.90703194E+06 -0.46380994E+06 -0.10225062E+03 -0.11305855E+02  0.82515755E+01 -0.43674159E+06  0.95061381E+06 -0.72045942E+04  0.74456682E+01 -0.15404531E+02  0.80494803E+00 -0.31025553E+06  0.15070244E+06 -0.82971203E+05  0.26855519E+06 -0.59287484E+05 -0.22410039E+06 1989  236   11   40   47 1000  0.79651433E+00  0.58236027E+00  0.16254717E+00  0.12052912E+00  0.11050907E+00 -0.98653966E+00 -0.59248441E+00  0.80538458E+00  0.17830685E-01
 1989  236   11   42   24    0  0.22811700E+06 -0.90806425E+06 -0.46301778E+06 -0.10221187E+03 -0.10201415E+02  0.82518425E+01 -0.43602678E+06  0.94913494E+06 -0.71273188E+04  0.74459181E+01 -0.15405076E+02  0.80495286E+00 -0.30846491E+06  0.15426491E+06 -0.83100422E+05  0.26833916E+06 -0.59604383E+05 -0.22427505E+06 1989  236   11   42   24    0  0.79654813E+00  0.58235216E+00  0.16241071E+00  0.12033191E+00  0.11054770E+00 -0.98655951E+00 -0.59247911E+00  0.80538523E+00  0.17981023E-01
 1989  236   11   44    0    0  0.21830700E+06 -0.90899069E+06 -0.46222556E+06 -0.10216122E+03 -0.90990067E+01  0.82521095E+01 -0.43531197E+06  0.94765600E+06 -0.70500435E+04  0.74461689E+01 -0.15405623E+02  0.80495763E+00 -0.30663334E+06  0.15780614E+06 -0.83229508E+05  0.26812275E+06 -0.59921199E+05 -0.22444939E+06 1989  236   11   44    0    0  0.79665905E+00  0.58222932E+00  0.16230638E+00  0.12020656E+00  0.11054706E+00 -0.98657471E+00 -0.59235525E+00  0.80547398E+00  0.18080544E-01
 1989  236   11   45   36    0  0.20850236E+06 -0.90981138E+06 -0.46143334E+06 -0.10209870E+03 -0.79987497E+01  0.82523775E+01 -0.43459712E+06  0.94617706E+06 -0.69727661E+04  0.74464202E+01 -0.15406173E+02  0.80496234E+00 -0.30476106E+06  0.16132577E+06 -0.83358477E+05  0.26790597E+06 -0.60237934E+05 -0.22462339E+06 1989  236   11   45   36    0  0.79676574E+00  0.58213997E+00  0.16210318E+00  0.11996920E+00  0.11053100E+00 -0.98660541E+00 -0.59225988E+00  0.80554080E+00  0.18228434E-01
 1989  236   11   47   12    0  0.19870433E+06 -0.91052650E+06 -0.46064112E+06 -0.10202436E+03 -0.69007788E+01  0.82526464E+01 -0.43388225E+06  0.94469806E+06 -0.68954883E+04  0.74466724E+01 -0.15406723E+02  0.80496705E+00 -0.30284831E+06  0.16482327E+06 -0.83487352E+05  0.26768881E+06 -0.60554582E+05 -0.22479708E+06 1989  236   11   47   12    0  0.79681766E+00  0.58211344E+00  0.16194376E+00  0.11977585E+00  0.11052658E+00 -0.98662949E+00 -0.59222937E+00  0.80556059E+00  0.18346392E-01
 1989  236   11   48   48    0  0.18891406E+06 -0.91113638E+06 -0.45984884E+06 -0.10193824E+03 -0.58052258E+01  0.82529163E+01 -0.43316738E+06  0.94321900E+06 -0.68182129E+04  0.74469256E+01 -0.15407275E+02  0.80497175E+00 -0.30089541E+06  0.16829812E+06 -0.83616102E+05  0.26747122E+06 -0.60871145E+05 -0.22497048E+06 1989  236   11   48   48    0  0.79693013E+00  0.58199108E+00  0.16183013E+00  0.11959532E+00  0.11058550E+00 -0.98664480E+00 -0.59211451E+00  0.80564100E+00  0.18525500E-01
 1989  236   11   50   24    0  0.17913259E+06 -0.91164119E+06 -0.45905653E+06 -0.10184038E+03 -0.47122116E+01  0.82531872E+01 -0.43245247E+06  0.94173988E+06 -0.67409355E+04  0.74471793E+01 -0.15407830E+02  0.80497640E+00 -0.29890259E+06  0.17174988E+06 -0.83744727E+05  0.26725331E+06 -0.61187617E+05 -0.22514358E+06 1989  236   11   50   24    0  0.79702920E+00  0.58190513E+00  0.16165037E+00  0.11941554E+00  0.11053064E+00 -0.98667264E+00 -0.59201723E+00  0.80571043E+00  0.18607643E-01
 1989  236   11   52    0    0  0.16936106E+06 -0.91204119E+06 -0.45826422E+06 -0.10173081E+03 -0.36218619E+01  0.82534580E+01 -0.43173753E+06  0.94026069E+06 -0.66636562E+04  0.74474335E+01 -0.15408386E+02  0.80498105E+00 -0.29687012E+06  0.17517809E+06 -0.83873258E+05  0.26703503E+06 -0.61504004E+05 -0.22531633E+06 1989  236   11   52    0    0  0.79704511E+00  0.58194047E+00  0.16144527E+00  0.11915387E+00  0.11053991E+00 -0.98670322E+00 -0.59204865E+00  0.80568367E+00  0.18764846E-01
 1989  236   11   53   36    0  0.15960067E+06 -0.91233662E+06 -0.45747188E+06 -0.10160960E+03 -0.25343015E+01  0.82537308E+01 -0.43102256E+06  0.93878144E+06 -0.65863789E+04  0.74476891E+01 -0.15408944E+02  0.80498564E+00 -0.29479828E+06  0.17858236E+06 -0.84001664E+05  0.26681634E+06 -0.61820309E+05 -0.22548877E+06 1989  236   11   53   36    0  0.79699898E+00  0.58204782E+00  0.16128585E+00  0.11893943E+00  0.11055887E+00 -0.98672712E+00 -0.59215391E+00  0.80560362E+00  0.18886860E-01
 1989  236   11   55   11 1000  0.14985247E+06 -0.91252788E+06 -0.45667950E+06 -0.10147678E+03 -0.14496546E+01  0.82540035E+01 -0.43030756E+06  0.93730212E+06 -0.65091016E+04  0.74479456E+01 -0.15409503E+02  0.80499023E+00 -0.29268738E+06  0.18196216E+06 -0.84129914E+05  0.26659731E+06 -0.62136523E+05 -0.22566088E+06 1989  236   11   55   11 1000  0.79703343E+00  0.58206087E+00  0.16106838E+00  0.11869687E+00  0.11052202E+00 -0.98676038E+00 -0.59215617E+00  0.80559921E+00  0.19000959E-01
 1989  236   11   56   48    0  0.14011753E+06 -0.91261512E+06 -0.45588712E+06 -0.10133241E+03 -0.36804497E+00  0.82542772E+01 -0.42959256E+06  0.93582281E+06 -0.64318223E+04  0.74482026E+01 -0.15410065E+02  0.80499476E+00 -0.29053766E+06  0.18531709E+06 -0.84258070E+05  0.26637791E+06 -0.62452652E+05 -0.22583266E+06 1989  236   11   56   48    0  0.79695851E+00  0.58219051E+00  0.16096969E+00  0.11852448E+00  0.11058500E+00 -0.98677403E+00 -0.59229124E+00  0.80549687E+00  0.19127812E-01
 1989  236   11   58   24    0  0.13039700E+06 -0.91259869E+06 -0.45509472E+06 -0.10117652E+03  0.71040416E+00  0.82545519E+01 -0.42887753E+06  0.93434344E+06 -0.63545410E+04  0.74484601E+01 -0.15410627E+02  0.80499929E+00 -0.28834941E+06  0.18864672E+06 -0.84386133E+05  0.26615809E+06 -0.62768688E+05 -0.22600412E+06 1989  236   11   58   24    0  0.79683256E+00  0.58231878E+00  0.16113004E+00  0.11870244E+00  0.11060800E+00 -0.98675007E+00 -0.59242535E+00  0.80540103E+00  0.19013390E-01
 1989  236   12    0    0    0  0.12069196E+06 -0.91247881E+06 -0.45430225E+06 -0.10100917E+03  0.17855768E+01  0.82548275E+01 -0.42816247E+06  0.93286394E+06 -0.62772612E+04  0.74487185E+01 -0.15411193E+02  0.80500382E+00 -0.28612294E+06  0.19195056E+06 -0.84514039E+05  0.26593791E+06 -0.63084641E+05 -0.22617528E+06 1989  236   12    0    0    0  0.79670447E+00  0.58244008E+00  0.16132465E+00  0.11887997E+00  0.11068946E+00 -0.98671955E+00 -0.59256196E+00  0.80530208E+00  0.18946342E-01
 1989  236   12    1   36    0  0.11100355E+06 -0.91225594E+06 -0.45350978E+06 -0.10083041E+03  0.28573456E+01  0.82551041E+01 -0.42744734E+06  0.93138444E+06 -0.61999814E+04  0.74489779E+01 -0.15411759E+02  0.80500829E+00 -0.28385859E+06  0.19522819E+06 -0.84641820E+05  0.26571734E+06 -0.63400504E+05 -0.22634612E+06 1989  236   12    1   36    0  0.79674011E+00  0.58236325E+00  0.16142610E+00  0.11909172E+00  0.11057546E+00 -0.98670673E+00 -0.59247148E+00  0.80537331E+00  0.18745258E-01
 1989  236   12    3   11 1000  0.10133288E+06 -0.91193031E+06 -0.45271728E+06 -0.10064030E+03  0.39255838E+01  0.82553806E+01 -0.42673222E+06  0.92990494E+06 -0.61227002E+04  0.74492388E+01 -0.15412328E+02  0.80501276E+00 -0.28155666E+06  0.19847914E+06 -0.84769508E+05  0.26549644E+06 -0.63716277E+05 -0.22651666E+06 1989  236   12    3   11 1000  0.79664063E+00  0.58244860E+00  0.16160849E+00  0.11927474E+00  0.11063040E+00 -0.98667848E+00 -0.59256828E+00  0.80530405E+00  0.18661279E-01
 1989  236   12    4   48    0  0.91680977E+05 -0.91150231E+06 -0.45192475E+06 -0.10043889E+03  0.49901767E+01  0.82556591E+01 -0.42601706E+06  0.92842531E+06 -0.60454189E+04  0.74495001E+01 -0.15412898E+02  0.80501717E+00 -0.27921744E+06  0.20170300E+06 -0.84897070E+05  0.26527516E+06 -0.64031957E+05 -0.22668688E+06 1989  236   12    4   48    0  0.79659301E+00  0.58251357E+00  0.16160880E+00  0.11936900E+00  0.11050028E+00 -0.98668164E+00 -0.59261328E+00  0.80527478E+00  0.18489696E-01
 1989  236   12    6   24    0  0.82048984E+05 -0.91097238E+06 -0.45113222E+06 -0.10022623E+03  0.60510049E+01  0.82559376E+01 -0.42530191E+06  0.92694562E+06 -0.59681377E+04  0.74497619E+01 -0.15413470E+02  0.80502158E+00 -0.27684125E+06  0.20489936E+06 -0.85024500E+05  0.26505347E+06 -0.64347547E+05 -0.22685678E+06 1989  236   12    6   24    0  0.79652822E+00  0.58256751E+00  0.16173393E+00  0.11955927E+00  0.11045022E+00 -0.98666430E+00 -0.59266210E+00  0.80524278E+00  0.18325362E-01
 1989  236   12    8    0    0  0.72437938E+05 -0.91034069E+06 -0.45033962E+06 -0.10000237E+03  0.71079502E+01  0.82562180E+01 -0.42458672E+06  0.92546594E+06 -0.58908545E+04  0.74500246E+01 -0.15414044E+02  0.80502594E+00 -0.27442844E+06  0.20806780E+06 -0.85151812E+05  0.26483138E+06 -0.64663051E+05 -0.22702633E+06 1989  236   12    8    0    0  0.79640609E+00  0.58268398E+00  0.16191569E+00  0.11973681E+00  0.11051054E+00 -0.98663592E+00 -0.59279037E+00  0.80515015E+00  0.18242553E-01
 1989  236   12    9   36    0  0.62848906E+05 -0.90960775E+06 -0.44954700E+06 -0.99767387E+02  0.81608944E+01  0.82564983E+01 -0.42387150E+06  0.92398619E+06 -0.58135713E+04  0.74502883E+01 -0.15414620E+02  0.80503023E+00 -0.27197925E+06  0.21120788E+06 -0.85279031E+05  0.26460897E+06 -0.64978461E+05 -0.22719555E+06 1989  236   12    9   36    0  0.79624426E+00  0.58288550E+00  0.16198672E+00  0.11985224E+00  0.11046562E+00 -0.98662698E+00 -0.59298450E+00  0.80501056E+00  0.18097471E-01
 1989  236   12   11   11 1000  0.53283000E+05 -0.90877388E+06 -0.44875438E+06 -0.99521332E+02  0.92097206E+01  0.82567797E+01 -0.42315628E+06  0.92250631E+06 -0.57362881E+04  0.74505525E+01 -0.15415198E+02  0.80503452E+00 -0.26949412E+06  0.21431919E+06 -0.85406125E+05  0.26438619E+06 -0.65293777E+05 -0.22736448E+06 1989  236   12   11   11 1000  0.79628515E+00  0.58280498E+00  0.16207498E+00  0.12001844E+00  0.11039148E+00 -0.98661506E+00 -0.59289587E+00  0.80507898E+00  0.17955765E-01
 1989  236   12   12   48    0  0.43741164E+05 -0.90783962E+06 -0.44796169E+06 -0.99264252E+02  0.10254316E+02  0.82570620E+01 -0.42244100E+06  0.92102644E+06 -0.56590044E+04  0.74508176E+01 -0.15415778E+02  0.80503881E+00 -0.26697334E+06  0.21740133E+06 -0.85533062E+05  0.26416300E+06 -0.65609000E+05 -0.22753311E+06 1989  236   12   12   48    0  0.79622585E+00  0.58292431E+00  0.16193786E+00  0.11990307E+00  0.11031297E+00 -0.98663795E+00 -0.59299910E+00  0.80500340E+00  0.17939605E-01
 1989  236   12   14   24    0  0.34224535E+05 -0.90680519E+06 -0.44716900E+06 -0.98996231E+02  0.11294563E+02  0.82573452E+01 -0.42172569E+06  0.91954650E+06 -0.55817207E+04  0.74510837E+01 -0.15416360E+02  0.80504304E+00 -0.26441728E+06  0.22045388E+06 -0.85659906E+05  0.26393947E+06 -0.65924117E+05 -0.22770139E+06 1989  236   12   14   24    0  0.79609412E+00  0.58314240E+00  0.16179939E+00  0.11977229E+00  0.11024939E+00 -0.98666090E+00 -0.59320205E+00  0.80485409E+00  0.17924592E-01
 1989  236   12   16    0    0  0.24734211E+05 -0.90567119E+06 -0.44637628E+06 -0.98717323E+02  0.12330340E+02  0.82576294E+01 -0.42101038E+06  0.91806650E+06 -0.55044355E+04  0.74513507E+01 -0.15416944E+02  0.80504727E+00 -0.26182623E+06  0.22347639E+06 -0.85786625E+05  0.26371556E+06 -0.66239148E+05 -0.22786933E+06 1989  236   12   16    0    0  0.79615450E+00  0.58311439E+00  0.16160366E+00  0.11953458E+00  0.11024386E+00 -0.98669040E+00 -0.59316909E+00  0.80487514E+00  0.18068794E-01
 1989  236   12   17   36    0  0.15271180E+05 -0.90443794E+06 -0.44558353E+06 -0.98427582E+02  0.13361538E+02  0.82579145E+01 -0.42029506E+06  0.91658644E+06 -0.54271504E+04  0.74516187E+01 -0.15417529E+02  0.80505145E+00 -0.25920061E+06  0.22646852E+06 -0.85913219E+05  0.26349125E+06 -0.66554086E+05 -0.22803695E+06 1989  236   12   17   36    0  0.79613090E+00  0.58321893E+00  0.16134228E+00  0.11926900E+00  0.11016071E+00 -0.98673177E+00 -0.59325421E+00  0.80481076E+00  0.18142398E-01
 1989  236   12   19   12    0  0.58364824E+04 -0.90310594E+06 -0.44479075E+06 -0.98127083E+02  0.14388044E+02  0.82582006E+01 -0.41957969E+06  0.91510631E+06 -0.53498652E+04  0.74518871E+01 -0.15418117E+02  0.80505556E+00 -0.25654073E+06  0.22942988E+06 -0.86039719E+05  0.26326659E+06 -0.66868930E+05 -0.22820430E+06 1989  236   12   19   12    0  0.79608488E+00  0.58332604E+00  0.16118230E+00  0.11905475E+00  0.11017830E+00 -0.98675567E+00 -0.59335905E+00  0.80473071E+00  0.18263537E-01
 1989  236   12   20   47 1000 -0.35688511E+04 -0.90167556E+06 -0.44399794E+06 -0.97815887E+02  0.15409747E+02  0.82584867E+01 -0.41886428E+06  0.91362619E+06 -0.52725801E+04  0.74521565E+01 -0.15418706E+02  0.80505967E+00 -0.25384695E+06  0.23236002E+06 -0.86166062E+05  0.26304159E+06 -0.67183711E+05 -0.22837130E+06 1989  236   12   20   47 1000  0.79600322E+00  0.58350724E+00  0.16092964E+00  0.11883242E+00  0.11004825E+00 -0.98679698E+00 -0.59351319E+00  0.80461717E+00  0.18259190E-01
 1989  236   12   22   24    0 -0.12943801E+05 -0.90014738E+06 -0.44320512E+06 -0.97494064E+02  0.16426531E+02  0.82587748E+01 -0.41814888E+06  0.91214594E+06 -0.51952949E+04  0.74524269E+01 -0.15419297E+02  0.80506372E+00 -0.25111964E+06  0.23525859E+06 -0.86292281E+05  0.26281619E+06 -0.67498391E+05 -0.22853794E+06 1989  236   12   22   24    0  0.79600501E+00  0.58355510E+00  0.16074732E+00  0.11862914E+00  0.11001557E+00 -0.98682511E+00 -0.59355152E+00  0.80458689E+00  0.18346325E-01
 1989  236   12   24    0    0 -0.22287350E+05 -0.89852188E+06 -0.44241228E+06 -0.97161690E+02  0.17438292E+02  0.82590628E+01 -0.41743344E+06  0.91066569E+06 -0.51180098E+04  0.74526982E+01 -0.15419890E+02  0.80506778E+00 -0.24835919E+06  0.23812520E+06 -0.86418406E+05  0.26259041E+06 -0.67812953E+05 -0.22870428E+06 1989  236   12   24    0    0  0.79616123E+00  0.58339566E+00  0.16055180E+00  0.11845787E+00  0.10992526E+00 -0.98685569E+00 -0.59337604E+00  0.80471486E+00  0.18410422E-01
 1989  236   12   25   35 1000 -0.31598535E+05 -0.89679944E+06 -0.44161938E+06 -0.96818817E+02  0.18444925E+02  0.82593527E+01 -0.41671797E+06  0.90918531E+06 -0.50407222E+04  0.74529705E+01 -0.15420486E+02  0.80507183E+00 -0.24556592E+06  0.24095947E+06 -0.86544406E+05  0.26236425E+06 -0.68127422E+05 -0.22887031E+06 1989  236   12   25   35 1000  0.79604512E+00  0.58357561E+00  0.16047302E+00  0.11843626E+00  0.10981517E+00 -0.98687053E+00 -0.59353602E+00  0.80459929E+00  0.18301316E-01
 1989  236   12   27   12    0 -0.40876301E+05 -0.89498056E+06 -0.44082647E+06 -0.96465523E+02  0.19446306E+02  0.82596436E+01 -0.41600247E+06  0.90770488E+06 -0.49634351E+04  0.74532433E+01 -0.15421083E+02  0.80507576E+00 -0.24274030E+06  0.24376106E+06 -0.86670281E+05  0.26213773E+06 -0.68441805E+05 -0.22903603E+06 1989  236   12   27   12    0  0.79613119E+00  0.58345282E+00  0.16049369E+00  0.11855578E+00  0.10969268E+00 -0.98686993E+00 -0.59339696E+00  0.80470526E+00  0.18158067E-01
 1989  236   12   28   47 1000 -0.50119609E+05 -0.89306588E+06 -0.44003353E+06 -0.96101891E+02  0.20442343E+02  0.82599344E+01 -0.41528694E+06  0.90622444E+06 -0.48861479E+04  0.74535170E+01 -0.15421682E+02  0.80507970E+00 -0.23988269E+06  0.24652953E+06 -0.86796023E+05  0.26191083E+06 -0.68756086E+05 -0.22920141E+06 1989  236   12   28   47 1000  0.79625076E+00  0.58326423E+00  0.16058601E+00  0.11868481E+00  0.10967997E+00 -0.98685575E+00 -0.59321070E+00  0.80484366E+00  0.18108148E-01
 1989  236   12   30   24    0 -0.59327516E+05 -0.89105581E+06 -0.43924056E+06 -0.95727997E+02  0.21432924E+02  0.82602262E+01 -0.41457138E+06  0.90474394E+06 -0.48088589E+04  0.74537921E+01 -0.15422284E+02  0.80508363E+00 -0.23699342E+06  0.24926456E+06 -0.86921648E+05  0.26168356E+06 -0.69070266E+05 -0.22936644E+06 1989  236   12   30   24    0  0.79636282E+00  0.58308810E+00  0.16066965E+00  0.11890711E+00  0.10952560E+00 -0.98684615E+00 -0.59301567E+00  0.80499226E+00  0.17888807E-01
 1989  236   12   32    0    0 -0.68499008E+05 -0.88895094E+06 -0.43844759E+06 -0.95343887E+02  0.22417934E+02  0.82605200E+01 -0.41385581E+06  0.90326338E+06 -0.47315718E+04  0.74540677E+01 -0.15422887E+02  0.80508751E+00 -0.23407288E+06  0.25196575E+06 -0.87047148E+05  0.26145597E+06 -0.69384328E+05 -0.22953119E+06 1989  236   12   32    0    0  0.79665512E+00  0.58253855E+00  0.16121295E+00  0.11907600E+00  0.11023125E+00 -0.98674721E+00 -0.59258890E+00  0.80529374E+00  0.18449925E-01
 1989  236   12   33   36    0 -0.77633148E+05 -0.88675181E+06 -0.43765456E+06 -0.94949661E+02  0.23397276E+02  0.82608137E+01 -0.41314022E+06  0.90178275E+06 -0.46542847E+04  0.74543443E+01 -0.15423491E+02  0.80509132E+00 -0.23112153E+06  0.25463278E+06 -0.87172523E+05  0.26122800E+06 -0.69698328E+05 -0.22969562E+06 1989  236   12   33   36    0  0.79667050E+00  0.58263797E+00  0.16077673E+00  0.11918299E+00  0.10934776E+00 -0.98683250E+00 -0.59254670E+00  0.80534220E+00  0.17673600E-01
 1989  236   12   35   12    0 -0.86728992E+05 -0.88445888E+06 -0.43686150E+06 -0.94545387E+02  0.24370840E+02  0.82611094E+01 -0.41242459E+06  0.90030206E+06 -0.45769956E+04  0.74546218E+01 -0.15424099E+02  0.80509514E+00 -0.22813973E+06  0.25726531E+06 -0.87297773E+05  0.26099962E+06 -0.70012234E+05 -0.22985967E+06 1989  236   12   35   12    0  0.79678804E+00  0.58240134E+00  0.16105153E+00  0.11941129E+00  0.10950880E+00 -0.98678708E+00 -0.59234267E+00  0.80549145E+00  0.17709997E-01
 1989  236   12   36   47 1000 -0.95785547E+05 -0.88207275E+06 -0.43606841E+06 -0.94131149E+02  0.25338530E+02  0.82614050E+01 -0.41170894E+06  0.89882138E+06 -0.44997065E+04  0.74548998E+01 -0.15424708E+02  0.80509895E+00 -0.22512789E+06  0.25986292E+06 -0.87422898E+05  0.26077091E+06 -0.70326016E+05 -0.23002342E+06 1989  236   12   36   47 1000  0.79693079E+00  0.58217400E+00  0.16116688E+00  0.11954527E+00  0.10952928E+00 -0.98676866E+00 -0.59212351E+00  0.80565304E+00  0.17691109E-01
 1989  236   12   38   24    0 -0.10480190E+06 -0.87959406E+06 -0.43527528E+06 -0.93707008E+02  0.26300249E+02  0.82617025E+01 -0.41099325E+06  0.89734056E+06 -0.44224150E+04  0.74551792E+01 -0.15425320E+02  0.80510265E+00 -0.22208641E+06  0.26242538E+06 -0.87547898E+05  0.26054181E+06 -0.70639703E+05 -0.23018686E+06 1989  236   12   38   24    0  0.79700673E+00  0.58204472E+00  0.16125797E+00  0.11920612E+00  0.11014906E+00 -0.98674059E+00 -0.59208959E+00  0.80566192E+00  0.18406250E-01
 1989  236   12   40    0    0 -0.11377705E+06 -0.87702331E+06 -0.43448216E+06 -0.93273064E+02  0.27255896E+02  0.82620001E+01 -0.41027753E+06  0.89585962E+06 -0.43451235E+04  0.74554596E+01 -0.15425933E+02  0.80510634E+00 -0.21901570E+06  0.26495225E+06 -0.87672773E+05  0.26031233E+06 -0.70953297E+05 -0.23034998E+06 1989  236   12   40    0    0  0.79694170E+00  0.58204138E+00  0.16159098E+00  0.11995593E+00  0.10968992E+00 -0.98670089E+00 -0.59202564E+00  0.80572695E+00  0.17597154E-01
 1989  236   12   41   36    0 -0.12271002E+06 -0.87436112E+06 -0.43368900E+06 -0.92829384E+02  0.28205357E+02  0.82622986E+01 -0.40956178E+06  0.89437875E+06 -0.42678345E+04  0.74557405E+01 -0.15426548E+02  0.80510998E+00 -0.21591620E+06  0.26744319E+06 -0.87797523E+05  0.26008252E+06 -0.71266797E+05 -0.23051280E+06 1989  236   12   41   36    0  0.79694188E+00  0.58200151E+00  0.16173394E+00  0.12004934E+00  0.10980521E+00 -0.98667669E+00 -0.59200656E+00  0.80574000E+00  0.17639473E-01
 1989  236   12   43   12    0 -0.13159994E+06 -0.87160806E+06 -0.43289581E+06 -0.92376045E+02  0.29148539E+02  0.82625990E+01 -0.40884603E+06  0.89289775E+06 -0.41905435E+04  0.74560227E+01 -0.15427165E+02  0.80511361E+00 -0.21278831E+06  0.26989797E+06 -0.87922180E+05  0.25985233E+06 -0.71580172E+05 -0.23067523E+06 1989  236   12   43   12    0  0.79690200E+00  0.58237714E+00  0.16057409E+00  0.11848085E+00  0.10997094E+00 -0.98684788E+00 -0.59237611E+00  0.80544603E+00  0.18635526E-01
 1989  236   12   44   47 1000 -0.14044591E+06 -0.86876481E+06 -0.43210259E+06 -0.91913155E+02  0.30085348E+02  0.82628994E+01 -0.40813025E+06  0.89141675E+06 -0.41132529E+04  0.74563060E+01 -0.15427785E+02  0.80511719E+00 -0.20963244E+06  0.27231619E+06 -0.88046711E+05  0.25962177E+06 -0.71893453E+05 -0.23083736E+06 1989  236   12   44   47 1000  0.79661441E+00  0.58256567E+00  0.16131659E+00  0.11926417E+00  0.11014900E+00 -0.98673373E+00 -0.59260601E+00  0.80528539E+00  0.18267076E-01
 1989  236   12   46   24    0 -0.14924695E+06 -0.86583188E+06 -0.43130934E+06 -0.91440773E+02  0.31015680E+02  0.82632008E+01 -0.40741444E+06  0.88993562E+06 -0.40359631E+04  0.74565897E+01 -0.15428407E+02  0.80512071E+00 -0.20644905E+06  0.27469756E+06 -0.88171078E+05  0.25939083E+06 -0.72206641E+05 -0.23099917E+06 1989  236   12   46   24    0  0.79614013E+00  0.58315909E+00  0.16151287E+00  0.11902788E+00  0.11077696E+00 -0.98669183E+00 -0.59329027E+00  0.80476940E+00  0.18781804E-01
 1989  236   12   48    0    0 -0.15800219E+06 -0.86281000E+06 -0.43051606E+06 -0.90959000E+02  0.31939444E+02  0.82635031E+01 -0.40669859E+06  0.88845450E+06 -0.39586714E+04  0.74568744E+01 -0.15429030E+02  0.80512422E+00 -0.20323856E+06  0.27704175E+06 -0.88295328E+05  0.25915952E+06 -0.72519734E+05 -0.23116066E+06 1989  236   12   48    0    0  0.79639971E+00  0.58284009E+00  0.16138472E+00  0.11922811E+00  0.11030206E+00 -0.98672092E+00 -0.59290159E+00  0.80506575E+00  0.18353611E-01
 1989  236   12   49   36    0 -0.16671075E+06 -0.85969975E+06 -0.42972275E+06 -0.90467911E+02  0.32856544E+02  0.82638073E+01 -0.40598272E+06  0.88697325E+06 -0.38813794E+04  0.74571600E+01 -0.15429656E+02  0.80512768E+00 -0.20000139E+06  0.27934844E+06 -0.88419453E+05  0.25892784E+06 -0.72832734E+05 -0.23132181E+06 1989  236   12   49   36    0  0.79646182E+00  0.58255100E+00  0.16211972E+00  0.11996254E+00  0.11055224E+00 -0.98660386E+00 -0.59266984E+00  0.80524063E+00  0.18166322E-01
 1989  236   12   51   11 1000 -0.17537177E+06 -0.85650175E+06 -0.42892938E+06 -0.89967590E+02  0.33766899E+02  0.82641115E+01 -0.40526678E+06  0.88549200E+06 -0.38040867E+04  0.74574466E+01 -0.15430284E+02  0.80513108E+00 -0.19673795E+06  0.28161738E+06 -0.88543484E+05  0.25869581E+06 -0.73145609E+05 -0.23148262E+06 1989  236   12   51   11 1000  0.79702520E+00  0.58202755E+00  0.16122913E+00  0.11891222E+00  0.11050116E+00 -0.98673671E+00 -0.59212393E+00  0.80562609E+00  0.18862024E-01
 1989  236   12   52   48    0 -0.18398431E+06 -0.85321669E+06 -0.42813600E+06 -0.89458122E+02  0.34670399E+02  0.82644176E+01 -0.40455084E+06  0.88401062E+06 -0.37267937E+04  0.74577346E+01 -0.15430914E+02  0.80513448E+00 -0.19344870E+06  0.28384822E+06 -0.88667391E+05  0.25846341E+06 -0.73458391E+05 -0.23164316E+06 1989  236   12   52   48    0  0.79708701E+00  0.58204246E+00  0.16086954E+00  0.11830027E+00  0.11072742E+00 -0.98678493E+00 -0.59216338E+00  0.80558431E+00  0.19403614E-01
 1989  236   12   54   24    0 -0.19254747E+06 -0.84984525E+06 -0.42734262E+06 -0.88939606E+02  0.35566956E+02  0.82647238E+01 -0.40383491E+06  0.88252925E+06 -0.36495007E+04  0.74580235E+01 -0.15431546E+02  0.80513781E+00 -0.19013414E+06  0.28604066E+06 -0.88791141E+05  0.25823066E+06 -0.73771078E+05 -0.23180334E+06 1989  236   12   54   24    0  0.79693991E+00  0.58208251E+00  0.16145247E+00  0.11898592E+00  0.11077487E+00 -0.98669720E+00 -0.59222406E+00  0.80554885E+00  0.19021299E-01
 1989  236   12   56    0    0 -0.20106042E+06 -0.84638806E+06 -0.42654919E+06 -0.88412132E+02  0.36456482E+02  0.82650318E+01 -0.40311894E+06  0.88104781E+06 -0.35722075E+04  0.74583130E+01 -0.15432180E+02  0.80514109E+00 -0.18679470E+06  0.28819444E+06 -0.88914766E+05  0.25799753E+06 -0.74083641E+05 -0.23196319E+06 1989  236   12   56    0    0  0.79689163E+00  0.58195257E+00  0.16215703E+00  0.11985071E+00  0.11079010E+00 -0.98659074E+00 -0.59211445E+00  0.80564058E+00  0.18540286E-01
 1989  236   12   57   36    0 -0.20952230E+06 -0.84284588E+06 -0.42575572E+06 -0.87875786E+02  0.37338890E+02  0.82653399E+01 -0.40240291E+06  0.87956631E+06 -0.34949138E+04  0.74586034E+01 -0.15432817E+02  0.80514437E+00 -0.18343077E+06  0.29030925E+06 -0.89038266E+05  0.25776406E+06 -0.74396109E+05 -0.23212272E+06 1989  236   12   57   36    0  0.79680693E+00  0.58194906E+00  0.16258551E+00  0.12033798E+00  0.11084902E+00 -0.98652482E+00 -0.59212965E+00  0.80563509E+00  0.18294707E-01
 1989  236   12   59   11 1000 -0.21793225E+06 -0.83921925E+06 -0.42496225E+06 -0.87330658E+02  0.38214085E+02  0.82656498E+01 -0.40168684E+06  0.87808469E+06 -0.34176199E+04  0.74588947E+01 -0.15433455E+02  0.80514759E+00 -0.18004283E+06  0.29238484E+06 -0.89161672E+05  0.25753020E+06 -0.74708484E+05 -0.23228191E+06 1989  236   12   59   11 1000  0.79681236E+00  0.58201849E+00  0.16231033E+00  0.12003097E+00  0.11080065E+00 -0.98656768E+00 -0.59218466E+00  0.80559152E+00  0.18427085E-01
 1989  236   13    0   48    0 -0.22628947E+06 -0.83550894E+06 -0.42416872E+06 -0.86776840E+02  0.39081989E+02  0.82659597E+01 -0.40097078E+06  0.87660306E+06 -0.33403257E+04  0.74591870E+01 -0.15434096E+02  0.80515075E+00 -0.17663136E+06  0.29442097E+06 -0.89284953E+05  0.25729598E+06 -0.75020734E+05 -0.23244073E+06 1989  236   13    0   48    0  0.79698706E+00  0.58190060E+00  0.16187474E+00  0.11965887E+00  0.11057768E+00 -0.98663795E+00 -0.59202492E+00  0.80570734E+00  0.18499415E-01
 1989  236   13    2   24    0 -0.23459312E+06 -0.83171569E+06 -0.42337516E+06 -0.86214432E+02  0.39942513E+02  0.82662716E+01 -0.40025469E+06  0.87512138E+06 -0.32630310E+04  0.74594808E+01 -0.15434740E+02  0.80515385E+00 -0.17319681E+06  0.29641728E+06 -0.89408078E+05  0.25706142E+06 -0.75332859E+05 -0.23259930E+06 1989  236   13    2   24    0  0.79692465E+00  0.58210349E+00  0.16145177E+00  0.11923634E+00  0.11043215E+00 -0.98670536E+00 -0.59219414E+00  0.80558068E+00  0.18598206E-01
 1989  236   13    4    0    0 -0.24284241E+06 -0.82784025E+06 -0.42258159E+06 -0.85643509E+02  0.40795567E+02  0.82665834E+01 -0.39953856E+06  0.87363962E+06 -0.31857358E+04  0.74597754E+01 -0.15435385E+02  0.80515695E+00 -0.16973962E+06  0.29837356E+06 -0.89531078E+05  0.25682648E+06 -0.75644891E+05 -0.23275752E+06 1989  236   13    4    0    0  0.79696989E+00  0.58216542E+00  0.16100372E+00  0.11883615E+00  0.11021943E+00 -0.98677737E+00 -0.59221345E+00  0.80556506E+00  0.18659264E-01
 1989  236   13    5   36    0 -0.25103647E+06 -0.82388319E+06 -0.42178800E+06 -0.85064171E+02  0.41641071E+02  0.82668972E+01 -0.39882241E+06  0.87215775E+06 -0.31084404E+04  0.74600706E+01 -0.15436032E+02  0.80515999E+00 -0.16626027E+06  0.30028959E+06 -0.89653953E+05  0.25659117E+06 -0.75956828E+05 -0.23291539E+06 1989  236   13    5   36    0  0.79701942E+00  0.58218640E+00  0.16068365E+00  0.11854254E+00  0.11007904E+00 -0.98682845E+00 -0.59220600E+00  0.80556917E+00  0.18721286E-01
 1989  236   13    7   11 1000 -0.25917447E+06 -0.81984538E+06 -0.42099438E+06 -0.84476532E+02  0.42478943E+02  0.82672119E+01 -0.39810622E+06  0.87067581E+06 -0.30311450E+04  0.74603672E+01 -0.15436683E+02  0.80516297E+00 -0.16275927E+06  0.30216503E+06 -0.89776695E+05  0.25635552E+06 -0.76268672E+05 -0.23307295E+06 1989  236   13    7   11 1000  0.79698765E+00  0.58220160E+00  0.16078573E+00  0.11884591E+00  0.10983767E+00 -0.98681885E+00 -0.59218776E+00  0.80559117E+00  0.18346995E-01
 1989  236   13    8   48    0 -0.26725569E+06 -0.81572750E+06 -0.42020072E+06 -0.83880676E+02  0.43309101E+02  0.82675276E+01 -0.39739003E+06  0.86919388E+06 -0.29538491E+04  0.74606647E+01 -0.15437334E+02  0.80516589E+00 -0.15923703E+06  0.30399972E+06 -0.89899320E+05  0.25611947E+06 -0.76580422E+05 -0.23323017E+06 1989  236   13    8   48    0  0.79688495E+00  0.58228922E+00  0.16097763E+00  0.11923340E+00  0.10963051E+00 -0.98679519E+00 -0.59224820E+00  0.80555606E+00  0.17934572E-01
 1989  236   13   10   24    0 -0.27527928E+06 -0.81153031E+06 -0.41940700E+06 -0.83276695E+02  0.44131462E+02  0.82678442E+01 -0.39667381E+06  0.86771188E+06 -0.28765532E+04  0.74609632E+01 -0.15437988E+02  0.80516875E+00 -0.15569408E+06  0.30579334E+06 -0.90021820E+05  0.25588306E+06 -0.76892047E+05 -0.23338708E+06 1989  236   13   10   24    0  0.79662299E+00  0.58259082E+00  0.16118336E+00  0.11958867E+00  0.10948280E+00 -0.98676860E+00 -0.59252906E+00  0.80535805E+00  0.17545253E-01
 1989  236   13   12    0    0 -0.28324450E+06 -0.80725450E+06 -0.41861325E+06 -0.82664696E+02  0.44945946E+02  0.82681618E+01 -0.39595753E+06  0.86622981E+06 -0.27992571E+04  0.74612627E+01 -0.15438645E+02  0.80517161E+00 -0.15213089E+06  0.30754572E+06 -0.90144195E+05  0.25564631E+06 -0.77203539E+05 -0.23354364E+06 1989  236   13   12    0    0  0.79649103E+00  0.58269250E+00  0.16146739E+00  0.12006974E+00  0.10930336E+00 -0.98673004E+00 -0.59260911E+00  0.80530888E+00  0.17095402E-01
 1989  236   13   13   36    0 -0.29115062E+06 -0.80290094E+06 -0.41781950E+06 -0.82044762E+02  0.45752491E+02  0.82684813E+01 -0.39524122E+06  0.86474769E+06 -0.27219607E+04  0.74615631E+01 -0.15439303E+02  0.80517447E+00 -0.14854789E+06  0.30925659E+06 -0.90266445E+05  0.25540922E+06 -0.77514914E+05 -0.23369986E+06 1989  236   13   13   36    0  0.79630864E+00  0.58287835E+00  0.16169536E+00  0.12013052E+00  0.10959780E+00 -0.98668993E+00 -0.59284163E+00  0.80513430E+00  0.17252188E-01
 1989  236   13   15   11 1000 -0.29899684E+06 -0.79847031E+06 -0.41702572E+06 -0.81417000E+02  0.46550999E+02  0.82688007E+01 -0.39452491E+06  0.86326550E+06 -0.26446638E+04  0.74618645E+01 -0.15439965E+02  0.80517721E+00 -0.14494558E+06  0.31092581E+06 -0.90388570E+05  0.25517178E+06 -0.77826195E+05 -0.23385575E+06 1989  236   13   15   11 1000  0.79619044E+00  0.58313203E+00  0.16136269E+00  0.11975138E+00  0.10954379E+00 -0.98674202E+00 -0.59307712E+00  0.80495787E+00  0.17386846E-01
 1989  236   13   16   48    0 -0.30678247E+06 -0.79396338E+06 -0.41623191E+06 -0.80781517E+02  0.47341408E+02  0.82691221E+01 -0.39380856E+06  0.86178319E+06 -0.25673662E+04  0.74621668E+01 -0.15440629E+02  0.80517989E+00 -0.14132447E+06  0.31255303E+06 -0.90510570E+05  0.25493394E+06 -0.78137383E+05 -0.23401134E+06 1989  236   13   16   48    0  0.79618192E+00  0.58321798E+00  0.16109346E+00  0.11933039E+00  0.10965905E+00 -0.98678023E+00 -0.59317333E+00  0.80487996E+00  0.17712910E-01
 1989  236   13   18   24    0 -0.31450672E+06 -0.78938094E+06 -0.41543806E+06 -0.80138420E+02  0.48123642E+02  0.82694435E+01 -0.39309219E+06  0.86030088E+06 -0.24900686E+04  0.74624705E+01 -0.15441295E+02  0.80518252E+00 -0.13768506E+06  0.31413812E+06 -0.90632445E+05  0.25469573E+06 -0.78448453E+05 -0.23416659E+06 1989  236   13   18   24    0  0.79610890E+00  0.58338356E+00  0.16085532E+00  0.11886033E+00  0.10989018E+00 -0.98681122E+00 -0.59336579E+00  0.80472845E+00  0.18143382E-01
 1989  236   13   20    0    0 -0.32216884E+06 -0.78472388E+06 -0.41464419E+06 -0.79487785E+02  0.48897621E+02  0.82697668E+01 -0.39237578E+06  0.85881844E+06 -0.24127710E+04  0.74627752E+01 -0.15441963E+02  0.80518514E+00 -0.13402778E+06  0.31568088E+06 -0.90754195E+05  0.25445720E+06 -0.78759414E+05 -0.23432150E+06 1989  236   13   20    0    0  0.79595345E+00  0.58367664E+00  0.16056110E+00  0.11841974E+00  0.10998183E+00 -0.98685402E+00 -0.59366244E+00  0.80450338E+00  0.18421602E-01
 1989  236   13   21   36    0 -0.32976816E+06 -0.77999294E+06 -0.41385028E+06 -0.78829735E+02  0.49663273E+02  0.82700901E+01 -0.39165934E+06  0.85733600E+06 -0.23354731E+04  0.74630809E+01 -0.15442634E+02  0.80518770E+00 -0.13035302E+06  0.31718112E+06 -0.90875820E+05  0.25421830E+06 -0.79070258E+05 -0.23447609E+06 1989  236   13   21   36    0  0.79609483E+00  0.58345729E+00  0.16065651E+00  0.11845307E+00  0.11010537E+00 -0.98683614E+00 -0.59346592E+00  0.80464548E+00  0.18542010E-01
 1989  236   13   23   12    0 -0.33730391E+06 -0.77518888E+06 -0.41305634E+06 -0.78164368E+02  0.50420536E+02  0.82704153E+01 -0.39094288E+06  0.85585350E+06 -0.22581750E+04  0.74633875E+01 -0.15443306E+02  0.80519021E+00 -0.12666145E+06  0.31863859E+06 -0.90997281E+05  0.25397902E+06 -0.79380977E+05 -0.23463038E+06 1989  236   13   23   12    0  0.79606956E+00  0.58341599E+00  0.16093194E+00  0.11875525E+00  0.11016023E+00 -0.98679376E+00 -0.59343958E+00  0.80466795E+00  0.18411506E-01
 1989  236   13   24   47 1000 -0.34477544E+06 -0.77031250E+06 -0.41226238E+06 -0.77491783E+02  0.51169338E+02  0.82707415E+01 -0.39022638E+06  0.85437094E+06 -0.21808770E+04  0.74636950E+01 -0.15443981E+02  0.80519271E+00 -0.12295365E+06  0.32005306E+06 -0.91118625E+05  0.25373939E+06 -0.79691602E+05 -0.23478431E+06 1989  236   13   24   47 1000  0.79609698E+00  0.58325839E+00  0.16136694E+00  0.11917028E+00  0.11033463E+00 -0.98672426E+00 -0.59331959E+00  0.80475831E+00  0.18330004E-01
 1989  236   13   26   24    0 -0.35218206E+06 -0.76536462E+06 -0.41146834E+06 -0.76812080E+02  0.51909599E+02  0.82710686E+01 -0.38950984E+06  0.85288825E+06 -0.21035784E+04  0.74640040E+01 -0.15444659E+02  0.80519509E+00 -0.11923002E+06  0.32142444E+06 -0.91239875E+05  0.25349942E+06 -0.80002102E+05 -0.23493791E+06 1989  236   13   26   24    0  0.79607838E+00  0.58320463E+00  0.16165294E+00  0.11957581E+00  0.11026743E+00 -0.98668277E+00 -0.59326297E+00  0.80480659E+00  0.18044360E-01
 1989  236   13   28    0    0 -0.35952309E+06 -0.76034606E+06 -0.41067428E+06 -0.76125366E+02  0.52641273E+02  0.82713976E+01 -0.38879328E+06  0.85140556E+06 -0.20262798E+04  0.74643140E+01 -0.15445339E+02  0.80519748E+00 -0.11549105E+06  0.32275250E+06 -0.91360969E+05  0.25325906E+06 -0.80312508E+05 -0.23509114E+06 1989  236   13   28    0    0  0.79617894E+00  0.58295006E+00  0.16207495E+00  0.12000515E+00  0.11040402E+00 -0.98661530E+00 -0.59304118E+00  0.80497217E+00  0.17944358E-01
 1989  236   13   29   35 1000 -0.36679791E+06 -0.75525775E+06 -0.40988019E+06 -0.75431755E+02  0.53364288E+02  0.82717266E+01 -0.38807669E+06  0.84992275E+06 -0.19489803E+04  0.74646249E+01 -0.15446021E+02  0.80519974E+00 -0.11173721E+06  0.32403712E+06 -0.91481906E+05  0.25301838E+06 -0.80622789E+05 -0.23524405E+06 1989  236   13   29   35 1000  0.79623598E+00  0.58283746E+00  0.16220014E+00  0.12011844E+00  0.11046518E+00 -0.98659462E+00 -0.59294176E+00  0.80504531E+00  0.17946836E-01
 1989  236   13   31   12    0 -0.37400584E+06 -0.75010038E+06 -0.40908609E+06 -0.74731339E+02  0.54078575E+02  0.82720575E+01 -0.38736003E+06  0.84843988E+06 -0.18716808E+04  0.74649372E+01 -0.15446706E+02  0.80520201E+00 -0.10796904E+06  0.32527809E+06 -0.91602750E+05  0.25277731E+06 -0.80932945E+05 -0.23539664E+06 1989  236   13   31   12    0  0.79637295E+00  0.58263427E+00  0.16225801E+00  0.12014775E+00  0.11053032E+00 -0.98658389E+00 -0.59275198E+00  0.80518359E+00  0.18021155E-01
 1989  236   13   32   47 1000 -0.38114612E+06 -0.74487494E+06 -0.40829197E+06 -0.74024246E+02  0.54784069E+02  0.82723894E+01 -0.38664338E+06  0.84695700E+06 -0.17943813E+04  0.74652500E+01 -0.15447393E+02  0.80520415E+00 -0.10418705E+06  0.32647525E+06 -0.91723469E+05  0.25253591E+06 -0.81243008E+05 -0.23554892E+06 1989  236   13   32   47 1000  0.79635960E+00  0.58269459E+00  0.16210654E+00  0.11989093E+00  0.11062200E+00 -0.98660475E+00 -0.59282184E+00  0.80512720E+00  0.18235102E-01
 1989  236   13   34   24    0 -0.38821825E+06 -0.73958212E+06 -0.40749781E+06 -0.73310570E+02  0.55480713E+02  0.82727222E+01 -0.38592669E+06  0.84547400E+06 -0.17170817E+04  0.74655638E+01 -0.15448083E+02  0.80520630E+00 -0.10039171E+06  0.32762847E+06 -0.91844031E+05  0.25229416E+06 -0.81552945E+05 -0.23570086E+06 1989  236   13   34   24    0  0.79663354E+00  0.58241141E+00  0.16177821E+00  0.11948401E+00  0.11063315E+00 -0.98665297E+00 -0.59253597E+00  0.80533063E+00  0.18545236E-01
 1989  236   13   36    0    0 -0.39522156E+06 -0.73422294E+06 -0.40670362E+06 -0.72590424E+02  0.56168438E+02  0.82730560E+01 -0.38521000E+06  0.84399094E+06 -0.16397819E+04  0.74658794E+01 -0.15448774E+02  0.80520838E+00 -0.96583570E+05  0.32873753E+06 -0.91964500E+05  0.25205203E+06 -0.81862789E+05 -0.23585245E+06 1989  236   13   36    0    0  0.79667777E+00  0.58245480E+00  0.16140293E+00  0.11898260E+00  0.11068117E+00 -0.98670810E+00 -0.59257710E+00  0.80529255E+00  0.18875241E-01
 1989  236   13   37   36    0 -0.40215541E+06 -0.72879812E+06 -0.40590941E+06 -0.71863892E+02  0.56847187E+02  0.82733908E+01 -0.38449328E+06  0.84250781E+06 -0.15624819E+04  0.74661961E+01 -0.15449470E+02  0.80521041E+00 -0.92763148E+05  0.32980238E+06 -0.92084844E+05  0.25180952E+06 -0.82172508E+05 -0.23600373E+06 1989  236   13   37   36    0  0.79680026E+00  0.58235633E+00  0.16115457E+00  0.11860096E+00  0.11078580E+00 -0.98674238E+00 -0.59248924E+00  0.80534947E+00  0.19206118E-01
 1989  236   13   39   12    0 -0.40901922E+06 -0.72330856E+06 -0.40511512E+06 -0.71131111E+02  0.57516914E+02  0.82737274E+01 -0.38377650E+06  0.84102462E+06 -0.14851818E+04  0.74665132E+01 -0.15450167E+02  0.80521238E+00 -0.88930945E+05  0.33082284E+06 -0.92205031E+05  0.25156667E+06 -0.82482102E+05 -0.23615467E+06 1989  236   13   39   12    0  0.79691029E+00  0.58222312E+00  0.16109197E+00  0.11846955E+00  0.11086449E+00 -0.98674929E+00 -0.59236753E+00  0.80543494E+00  0.19373354E-01
 1989  236   13   40   47 1000 -0.41581238E+06 -0.71775519E+06 -0.40432081E+06 -0.70392181E+02  0.58177551E+02  0.82740650E+01 -0.38305969E+06  0.83954138E+06 -0.14078813E+04  0.74668317E+01 -0.15450866E+02  0.80521429E+00 -0.85087469E+05  0.33179881E+06 -0.92325094E+05  0.25132348E+06 -0.82791570E+05 -0.23630525E+06 1989  236   13   40   47 1000  0.79694337E+00  0.58208883E+00  0.16141236E+00  0.11893196E+00  0.11078043E+00 -0.98670304E+00 -0.59223014E+00  0.80554354E+00  0.19056771E-01
 1989  236   13   42   24    0 -0.42253434E+06 -0.71213875E+06 -0.40352650E+06 -0.69647202E+02  0.58829056E+02  0.82744036E+01 -0.38234288E+06  0.83805806E+06 -0.13305803E+04  0.74671516E+01 -0.15451569E+02  0.80521613E+00 -0.81233195E+05  0.33273016E+06 -0.92444992E+05  0.25107995E+06 -0.83100914E+05 -0.23645553E+06 1989  236   13   42   24    0  0.79707259E+00  0.58179218E+00  0.16184296E+00  0.11938016E+00  0.11090767E+00 -0.98663461E+00 -0.59196591E+00  0.80574024E+00  0.18947020E-01
 1989  236   13   44    0    0 -0.42918453E+06 -0.70646025E+06 -0.40273216E+06 -0.68896301E+02  0.59471363E+02  0.82747431E+01 -0.38162603E+06  0.83657469E+06 -0.12532791E+04  0.74674726E+01 -0.15452273E+02  0.80521792E+00 -0.77368703E+05  0.33361672E+06 -0.92564773E+05  0.25083608E+06 -0.83410164E+05 -0.23660547E+06 1989  236   13   44    0    0  0.79705769E+00  0.58172715E+00  0.16214979E+00  0.11978701E+00  0.11087339E+00 -0.98658919E+00 -0.59190381E+00  0.80579197E+00  0.18689115E-01
 1989  236   13   45   36    0 -0.43576228E+06 -0.70072050E+06 -0.40193775E+06 -0.68139580E+02  0.60104412E+02  0.82750835E+01 -0.38090912E+06  0.83509125E+06 -0.11759781E+04  0.74677944E+01 -0.15452980E+02  0.80521971E+00 -0.73494516E+05  0.33445838E+06 -0.92684461E+05  0.25059181E+06 -0.83719289E+05 -0.23675506E+06 1989  236   13   45   36    0  0.79702479E+00  0.58171934E+00  0.16233969E+00  0.12018734E+00  0.11064865E+00 -0.98656577E+00 -0.59186703E+00  0.80582851E+00  0.18274412E-01
 1989  236   13   47   12    0 -0.44226709E+06 -0.69492050E+06 -0.40114331E+06 -0.67377144E+02  0.60728161E+02  0.82754259E+01 -0.38019219E+06  0.83360769E+06 -0.10986771E+04  0.74681172E+01 -0.15453690E+02  0.80522138E+00 -0.69611117E+05  0.33525509E+06 -0.92803992E+05  0.25034719E+06 -0.84028289E+05 -0.23690434E+06 1989  236   13   47   12    0  0.79700530E+00  0.58175319E+00  0.16231394E+00  0.12028416E+00  0.11047221E+00 -0.98657370E+00 -0.59187353E+00  0.80582821E+00  0.18071249E-01
 1989  236   13   48   48    0 -0.44869850E+06 -0.68906106E+06 -0.40034888E+06 -0.66609116E+02  0.61342564E+02  0.82757683E+01 -0.37947525E+06  0.83212412E+06 -0.10213760E+04  0.74684415E+01 -0.15454402E+02  0.80522299E+00 -0.65719078E+05  0.33600669E+06 -0.92923398E+05  0.25010222E+06 -0.84337195E+05 -0.23705328E+06 1989  236   13   48   48    0  0.79697996E+00  0.58189142E+00  0.16194324E+00  0.12007131E+00  0.11013210E+00 -0.98663771E+00 -0.59195113E+00  0.80577505E+00  0.17904613E-01
 1989  236   13   50   24    0 -0.45505588E+06 -0.68314306E+06 -0.39955441E+06 -0.65835609E+02  0.61947567E+02  0.82761126E+01 -0.37875828E+06  0.83064044E+06 -0.94407465E+03  0.74687672E+01 -0.15455116E+02  0.80522454E+00 -0.61818898E+05  0.33671316E+06 -0.93042680E+05  0.24985691E+06 -0.84645969E+05 -0.23720188E+06 1989  236   13   50   24    0  0.79638243E+00  0.58283877E+00  0.16147482E+00  0.11948977E+00  0.11009836E+00 -0.98671204E+00 -0.59287214E+00  0.80509466E+00  0.18037125E-01
 1989  236   13   52    0    0 -0.46133872E+06 -0.67716744E+06 -0.39875988E+06 -0.65056717E+02  0.62543125E+02  0.82764587E+01 -0.37804125E+06  0.82915675E+06 -0.86677313E+03  0.74690938E+01 -0.15455834E+02  0.80522603E+00 -0.57911070E+05  0.33737438E+06 -0.93161805E+05  0.24961125E+06 -0.84954625E+05 -0.23735011E+06 1989  236   13   52    0    0  0.79685980E+00  0.58230156E+00  0.16105713E+00  0.11928286E+00  0.10969663E+00 -0.98678178E+00 -0.59227198E+00  0.80553812E+00  0.17954256E-01
 1989  236   13   53   36    0 -0.46754656E+06 -0.67113506E+06 -0.39796531E+06 -0.64272575E+02  0.63129185E+02  0.82768049E+01 -0.37732419E+06  0.82767294E+06 -0.78947150E+03  0.74694214E+01 -0.15456554E+02  0.80522746E+00 -0.53996145E+05  0.33799019E+06 -0.93280836E+05  0.24936525E+06 -0.85263156E+05 -0.23749805E+06 1989  236   13   53   36    0  0.79666495E+00  0.58272237E+00  0.16049883E+00  0.11877839E+00  0.10942666E+00 -0.98687261E+00 -0.59263551E+00  0.80527049E+00  0.17961551E-01
 1989  236   13   55   11 1000 -0.47367894E+06 -0.66504688E+06 -0.39717072E+06 -0.63483284E+02  0.63705711E+02  0.82771530E+01 -0.37660709E+06  0.82618906E+06 -0.71216919E+03  0.74697499E+01 -0.15457277E+02  0.80522883E+00 -0.50074625E+05  0.33856062E+06 -0.93399742E+05  0.24911888E+06 -0.85571562E+05 -0.23764564E+06 1989  236   13   55   11 1000  0.79661298E+00  0.58288419E+00  0.16016762E+00  0.11846206E+00  0.10929282E+00 -0.98692542E+00 -0.59276837E+00  0.80517143E+00  0.18014424E-01
 1989  236   13   56   48    0 -0.47973525E+06 -0.65890381E+06 -0.39637609E+06 -0.62688957E+02  0.64272652E+02  0.82775021E+01 -0.37588997E+06  0.82470512E+06 -0.63486682E+03  0.74700804E+01 -0.15458003E+02  0.80523014E+00 -0.46147055E+05  0.33908559E+06 -0.93518492E+05  0.24887214E+06 -0.85879844E+05 -0.23779289E+06 1989  236   13   56   48    0  0.79640561E+00  0.58313537E+00  0.16028513E+00  0.11841844E+00  0.10954031E+00 -0.98690325E+00 -0.59305584E+00  0.80495602E+00  0.18184539E-01
 1989  236   13   58   24    0 -0.48571506E+06 -0.65270688E+06 -0.39558144E+06 -0.61889709E+02  0.64829971E+02  0.82778521E+01 -0.37517284E+06  0.82322112E+06 -0.55756482E+03  0.74704118E+01 -0.15458731E+02  0.80523133E+00 -0.42213992E+05  0.33956497E+06 -0.93637086E+05  0.24862508E+06 -0.86188000E+05 -0.23793983E+06 1989  236   13   58   24    0  0.79623055E+00  0.58333540E+00  0.16042703E+00  0.11848447E+00  0.10968176E+00 -0.98687959E+00 -0.59327769E+00  0.80479181E+00  0.18215790E-01
 1989  236   14    0    0    0 -0.49161794E+06 -0.64645681E+06 -0.39478675E+06 -0.61085655E+02  0.65377632E+02  0.82782040E+01 -0.37445569E+06  0.82173706E+06 -0.48026266E+03  0.74707441E+01 -0.15459461E+02  0.80523252E+00 -0.38275934E+05  0.33999875E+06 -0.93755555E+05  0.24837764E+06 -0.86496062E+05 -0.23808642E+06 1989  236   14    0    0    0  0.79598600E+00  0.58353758E+00  0.16090426E+00  0.11889347E+00  0.10992163E+00 -0.98680365E+00 -0.59352386E+00  0.80461240E+00  0.18117268E-01
 1989  236   14    1   36    0 -0.49744338E+06 -0.64015469E+06 -0.39399203E+06 -0.60276917E+02  0.65915573E+02  0.82785568E+01 -0.37373847E+06  0.82025294E+06 -0.40296042E+03  0.74710774E+01 -0.15460196E+02  0.80523360E+00 -0.34333418E+05  0.34038684E+06 -0.93873922E+05  0.24812986E+06 -0.86804000E+05 -0.23823267E+06 1989  236   14    1   36    0  0.79593164E+00  0.58338153E+00  0.16173682E+00  0.11975440E+00  0.11015957E+00 -0.98667312E+00 -0.59342372E+00  0.80469298E+00  0.17816972E-01
 1989  236   14    3   11 1000 -0.50319091E+06 -0.63380138E+06 -0.39319728E+06 -0.59463600E+02  0.66443779E+02  0.82789106E+01 -0.37302122E+06  0.81876875E+06 -0.32565805E+03  0.74714122E+01 -0.15460932E+02  0.80523467E+00 -0.30386967E+05  0.34072925E+06 -0.93992141E+05  0.24788173E+06 -0.87111812E+05 -0.23837858E+06 1989  236   14    3   11 1000  0.79606044E+00  0.58309561E+00  0.16213398E+00  0.12018572E+00  0.11025295E+00 -0.98661023E+00 -0.59316379E+00  0.80488747E+00  0.17688252E-01
 1989  236   14    4   48    0 -0.50886019E+06 -0.62739775E+06 -0.39240250E+06 -0.58645824E+02  0.66962204E+02  0.82792654E+01 -0.37230397E+06  0.81728444E+06 -0.24835558E+03  0.74717484E+01 -0.15461670E+02  0.80523562E+00 -0.26437113E+05  0.34102588E+06 -0.94110234E+05  0.24763327E+06 -0.87419469E+05 -0.23852417E+06 1989  236   14    4   48    0  0.79630542E+00  0.58281231E+00  0.16194925E+00  0.11992830E+00  0.11030209E+00 -0.98663604E+00 -0.59288692E+00  0.80508590E+00  0.17938465E-01
 1989  236   14    6   24    0 -0.51445078E+06 -0.62094494E+06 -0.39160766E+06 -0.57823708E+02  0.67470810E+02  0.82796221E+01 -0.37158669E+06  0.81580012E+06 -0.17105304E+03  0.74720855E+01 -0.15462412E+02  0.80523658E+00 -0.22484387E+05  0.34127672E+06 -0.94228203E+05  0.24738444E+06 -0.87727000E+05 -0.23866941E+06 1989  236   14    6   24    0  0.79651272E+00  0.58260518E+00  0.16167536E+00  0.11947350E+00  0.11046694E+00 -0.98667282E+00 -0.59270048E+00  0.80521327E+00  0.18382449E-01
 1989  236   14    8    0    0 -0.51996222E+06 -0.61444369E+06 -0.39081278E+06 -0.56997349E+02  0.67969574E+02  0.82799797E+01 -0.37086934E+06  0.81431562E+06 -0.93749977E+02  0.74724236E+01 -0.15463156E+02  0.80523741E+00 -0.18529299E+05  0.34148178E+06 -0.94346016E+05  0.24713528E+06 -0.88034438E+05 -0.23881431E+06 1989  236   14    8    0    0  0.79679567E+00  0.58226323E+00  0.16151261E+00  0.11932674E+00  0.11040552E+00 -0.98669744E+00 -0.59234947E+00  0.80546892E+00  0.18491060E-01
 1989  236   14    9   36    0 -0.52539419E+06 -0.60789500E+06 -0.39001788E+06 -0.56166874E+02  0.68458450E+02  0.82803383E+01 -0.37015197E+06  0.81283112E+06 -0.16446854E+02  0.74727631E+01 -0.15463902E+02  0.80523813E+00 -0.14572404E+05  0.34164097E+06 -0.94463703E+05  0.24688578E+06 -0.88341750E+05 -0.23895888E+06 1989  236   14    9   36    0  0.79703707E+00  0.58212382E+00  0.16082218E+00  0.11841802E+00  0.11048420E+00 -0.98679805E+00 -0.59220695E+00  0.80555892E+00  0.19126069E-01
 1989  236   14   11   11 1000 -0.53074619E+06 -0.60130000E+06 -0.38922297E+06 -0.55332409E+02  0.68937416E+02  0.82806988E+01 -0.36943456E+06  0.81134656E+06  0.60855934E+02  0.74731040E+01 -0.15464652E+02  0.80523884E+00 -0.10614251E+05  0.34175434E+06 -0.94581266E+05  0.24663591E+06 -0.88648938E+05 -0.23910309E+06 1989  236   14   11   11 1000  0.79687291E+00  0.58211201E+00  0.16167605E+00  0.11932825E+00  0.11068457E+00 -0.98666596E+00 -0.59224516E+00  0.80553997E+00  0.18739138E-01
 1989  236   14   12   48    0 -0.53601788E+06 -0.59465938E+06 -0.38842800E+06 -0.54494064E+02  0.69406433E+02  0.82810602E+01 -0.36871712E+06  0.80986194E+06  0.13815878E+03  0.74734464E+01 -0.15465405E+02  0.80523944E+00 -0.66553477E+04  0.34182184E+06 -0.94698672E+05  0.24638569E+06 -0.88956000E+05 -0.23924700E+06 1989  236   14   12   48    0  0.79653895E+00  0.58258581E+00  0.16161531E+00  0.11907303E+00  0.11091059E+00 -0.98667139E+00 -0.59274566E+00  0.80516618E+00  0.18974360E-01
 1989  236   14   14   24    0 -0.54120894E+06 -0.58797425E+06 -0.38763300E+06 -0.53651955E+02  0.69865486E+02  0.82814226E+01 -0.36799966E+06  0.80837719E+06  0.21546170E+03  0.74737897E+01 -0.15466161E+02  0.80524004E+00 -0.26962261E+04  0.34184350E+06 -0.94815953E+05  0.24613512E+06 -0.89262938E+05 -0.23939056E+06 1989  236   14   14   24    0  0.79646963E+00  0.58261603E+00  0.16184786E+00  0.11926644E+00  0.11103795E+00 -0.98663366E+00 -0.59279990E+00  0.80512679E+00  0.18951815E-01
 1989  236   14   16    0    0 -0.54631894E+06 -0.58124556E+06 -0.38683797E+06 -0.52806190E+02  0.70314522E+02  0.82817869E+01 -0.36728216E+06  0.80689244E+06  0.29276465E+03  0.74741340E+01 -0.15466919E+02  0.80524051E+00  0.12625802E+04  0.34181928E+06 -0.94933109E+05  0.24588420E+06 -0.89569750E+05 -0.23953378E+06 1989  236   14   16    0    0  0.79657054E+00  0.58230484E+00  0.16246995E+00  0.12008964E+00  0.11097861E+00 -0.98654056E+00 -0.59249806E+00  0.80536008E+00  0.18473525E-01
 1989  236   14   17   36    0 -0.55134756E+06 -0.57447419E+06 -0.38604288E+06 -0.51956894E+02  0.70753532E+02  0.82821522E+01 -0.36656462E+06  0.80540756E+06  0.37006760E+03  0.74744797E+01 -0.15467680E+02  0.80524087E+00  0.52205391E+04  0.34174925E+06 -0.95050141E+05  0.24563295E+06 -0.89876438E+05 -0.23967664E+06 1989  236   14   17   36    0  0.79659551E+00  0.58239532E+00  0.16202255E+00  0.11963762E+00  0.11083622E+00 -0.98661149E+00 -0.59255588E+00  0.80531430E+00  0.18615227E-01
 1989  236   14   19   12    0 -0.55629450E+06 -0.56766125E+06 -0.38524778E+06 -0.51104187E+02  0.71182503E+02  0.82825184E+01 -0.36584706E+06  0.80392262E+06  0.44737057E+03  0.74748268E+01 -0.15468444E+02  0.80524123E+00  0.91771230E+04  0.34163334E+06 -0.95167039E+05  0.24538133E+06 -0.90182992E+05 -0.23981917E+06 1989  236   14   19   12    0  0.79672647E+00  0.58236516E+00  0.16148666E+00  0.11909850E+00  0.11066817E+00 -0.98669565E+00 -0.59248853E+00  0.80535924E+00  0.18813446E-01
 1989  236   14   20   47 1000 -0.56115944E+06 -0.56080750E+06 -0.38445266E+06 -0.50248180E+02  0.71601402E+02  0.82828865E+01 -0.36512944E+06  0.80243762E+06  0.52467407E+03  0.74751754E+01 -0.15469211E+02  0.80524147E+00  0.13131821E+05  0.34147166E+06 -0.95283789E+05  0.24512936E+06 -0.90489398E+05 -0.23996136E+06 1989  236   14   20   47 1000  0.79691076E+00  0.58225536E+00  0.16097178E+00  0.11853807E+00  0.11056755E+00 -0.98677433E+00 -0.59235293E+00  0.80545235E+00  0.19093033E-01
 1989  236   14   22   24    0 -0.56594212E+06 -0.55391400E+06 -0.38365747E+06 -0.49388988E+02  0.72010193E+02  0.82832556E+01 -0.36441181E+06  0.80095256E+06  0.60197760E+03  0.74755249E+01 -0.15469980E+02  0.80524164E+00  0.17084080E+05  0.34126416E+06 -0.95400414E+05  0.24487708E+06 -0.90795688E+05 -0.24010323E+06 1989  236   14   22   24    0  0.79694521E+00  0.58221388E+00  0.16095169E+00  0.11863984E+00  0.11039700E+00 -0.98678124E+00 -0.59228629E+00  0.80550575E+00  0.18906593E-01
 1989  236   14   24    0    0 -0.57064206E+06 -0.54698181E+06 -0.38286225E+06 -0.48526733E+02  0.72408859E+02  0.82836266E+01 -0.36369416E+06  0.79946744E+06  0.67928070E+03  0.74758759E+01 -0.15470753E+02  0.80524176E+00  0.21033350E+05  0.34101094E+06 -0.95516883E+05  0.24462444E+06 -0.91101875E+05 -0.24024477E+06 1989  236   14   24    0    0  0.79695356E+00  0.58217412E+00  0.16105370E+00  0.11884750E+00  0.11028792E+00 -0.98676842E+00 -0.59223324E+00  0.80554944E+00  0.18704411E-01
 1989  236   14   25   35 1000 -0.57525912E+06 -0.54001188E+06 -0.38206700E+06 -0.47661541E+02  0.72797401E+02  0.82839985E+01 -0.36297644E+06  0.79798219E+06  0.75658380E+03  0.74762282E+01 -0.15471528E+02  0.80524176E+00  0.24979123E+05  0.34071203E+06 -0.95633227E+05  0.24437144E+06 -0.91407930E+05 -0.24038595E+06 1989  236   14   25   35 1000  0.79699951E+00  0.58207786E+00  0.16117492E+00  0.11916238E+00  0.11006753E+00 -0.98675513E+00 -0.59210843E+00  0.80564916E+00  0.18362001E-01
 1989  236   14   27   12    0 -0.57979300E+06 -0.53300506E+06 -0.38127172E+06 -0.46793518E+02  0.73175781E+02  0.82843714E+01 -0.36225869E+06  0.79649688E+06  0.83388690E+03  0.74765816E+01 -0.15472306E+02  0.80524170E+00  0.28920871E+05  0.34036741E+06 -0.95749445E+05  0.24411809E+06 -0.91713836E+05 -0.24052680E+06 1989  236   14   27   12    0  0.79690331E+00  0.58216536E+00  0.16133408E+00  0.11944893E+00  0.10994235E+00 -0.98673433E+00 -0.59218001E+00  0.80560297E+00  0.18074397E-01
 1989  236   14   28   47 1000 -0.58424338E+06 -0.52596244E+06 -0.38047641E+06 -0.45922779E+02  0.73543991E+02  0.82847452E+01 -0.36154094E+06  0.79501150E+06  0.91119000E+03  0.74769363E+01 -0.15473088E+02  0.80524153E+00  0.32858062E+05  0.33997722E+06 -0.95865508E+05  0.24386444E+06 -0.92019617E+05 -0.24066730E+06 1989  236   14   28   47 1000  0.79636335E+00  0.58288455E+00  0.16140357E+00  0.11954060E+00  0.10990779E+00 -0.98672712E+00 -0.59288752E+00  0.80508757E+00  0.17848168E-01
 1989  236   14   30   24    0 -0.58861006E+06 -0.51888497E+06 -0.37968106E+06 -0.45049450E+02  0.73902016E+02  0.82851210E+01 -0.36082316E+06  0.79352606E+06  0.98849310E+03  0.74772925E+01 -0.15473872E+02  0.80524135E+00  0.36790172E+05  0.33954144E+06 -0.95981445E+05  0.24361044E+06 -0.92325273E+05 -0.24080747E+06 1989  236   14   30   24    0  0.79691088E+00  0.58209252E+00  0.16155955E+00  0.11996357E+00  0.10962475E+00 -0.98670733E+00 -0.59206581E+00  0.80569899E+00  0.17531272E-01
 1989  236   14   32    0    0 -0.59289281E+06 -0.51177362E+06 -0.37888569E+06 -0.44173641E+02  0.74249825E+02  0.82854986E+01 -0.36010531E+06  0.79204056E+06  0.10657961E+04  0.74776497E+01 -0.15474660E+02  0.80524105E+00  0.40716672E+05  0.33906022E+06 -0.96097258E+05  0.24335606E+06 -0.92630773E+05 -0.24094728E+06 1989  236   14   32    0    0  0.79671127E+00  0.58231890E+00  0.16172814E+00  0.12022574E+00  0.10954382E+00 -0.98668438E+00 -0.59228128E+00  0.80554634E+00  0.17265070E-01
 1989  236   14   33   36    0 -0.59709138E+06 -0.50462931E+06 -0.37809025E+06 -0.43295479E+02  0.74587425E+02  0.82858772E+01 -0.35938744E+06  0.79055488E+06  0.11430996E+04  0.74780083E+01 -0.15475451E+02  0.80524063E+00  0.44637059E+05  0.33853356E+06 -0.96212945E+05  0.24310134E+06 -0.92936180E+05 -0.24108678E+06 1989  236   14   33   36    0  0.79661787E+00  0.58250695E+00  0.16151045E+00  0.12010370E+00  0.10933643E+00 -0.98672217E+00 -0.59243149E+00  0.80543846E+00  0.17138120E-01
 1989  236   14   35   12    0 -0.60120550E+06 -0.49745306E+06 -0.37729478E+06 -0.42415073E+02  0.74914810E+02  0.82862568E+01 -0.35866953E+06  0.78906919E+06  0.12204030E+04  0.74783683E+01 -0.15476244E+02  0.80524015E+00  0.48550781E+05  0.33796156E+06 -0.96328477E+05  0.24284627E+06 -0.93241461E+05 -0.24122594E+06 1989  236   14   35   12    0  0.79664916E+00  0.58246100E+00  0.16152182E+00  0.12010987E+00  0.10934880E+00 -0.98672003E+00 -0.59238815E+00  0.80547005E+00  0.17153308E-01
 1989  236   14   36   47 1000 -0.60523494E+06 -0.49024597E+06 -0.37649931E+06 -0.41532543E+02  0.75231949E+02  0.82866383E+01 -0.35795159E+06  0.78758344E+06  0.12977059E+04  0.74787297E+01 -0.15477040E+02  0.80523962E+00  0.52457301E+05  0.33734428E+06 -0.96443875E+05  0.24259086E+06 -0.93546586E+05 -0.24136472E+06 1989  236   14   36   47 1000  0.79652679E+00  0.58264732E+00  0.16145365E+00  0.11998118E+00  0.10940227E+00 -0.98672980E+00 -0.59257883E+00  0.80532807E+00  0.17235126E-01
 1989  236   14   38   24    0 -0.60917962E+06 -0.48300888E+06 -0.37570378E+06 -0.40648018E+02  0.75538841E+02  0.82870207E+01 -0.35723362E+06  0.78609762E+06  0.13750088E+04  0.74790926E+01 -0.15477839E+02  0.80523896E+00  0.56356109E+05  0.33668188E+06 -0.96559156E+05  0.24233514E+06 -0.93851586E+05 -0.24150319E+06 1989  236   14   38   24    0  0.79649079E+00  0.58269614E+00  0.16145460E+00  0.11987156E+00  0.10955104E+00 -0.98672658E+00 -0.59264928E+00  0.80527252E+00  0.17407693E-01
 1989  236   14   40    0    0 -0.61303931E+06 -0.47574284E+06 -0.37490819E+06 -0.39761600E+02  0.75835487E+02  0.82874041E+01 -0.35651559E+06  0.78461169E+06  0.14523115E+04  0.74794569E+01 -0.15478642E+02  0.80523825E+00  0.60246684E+05  0.33597438E+06 -0.96674281E+05  0.24207908E+06 -0.94156461E+05 -0.24164131E+06 1989  236   14   40    0    0  0.79644907E+00  0.58278525E+00  0.16133931E+00  0.11971448E+00  0.10956712E+00 -0.98674393E+00 -0.59273720E+00  0.80520594E+00  0.17496783E-01
 1989  236   14   41   36    0 -0.61681381E+06 -0.46844884E+06 -0.37411256E+06 -0.38873405E+02  0.76121864E+02  0.82877893E+01 -0.35579753E+06  0.78312575E+06  0.15296143E+04  0.74798222E+01 -0.15479448E+02  0.80523741E+00  0.64128477E+05  0.33522194E+06 -0.96789250E+05  0.24182264E+06 -0.94461180E+05 -0.24177909E+06 1989  236   14   41   36    0  0.79636997E+00  0.58291495E+00  0.16126075E+00  0.11959553E+00  0.10959169E+00 -0.98675555E+00 -0.59286743E+00  0.80510855E+00  0.17561492E-01
 1989  236   14   43   12    0 -0.62050294E+06 -0.46112778E+06 -0.37331694E+06 -0.37983562E+02  0.76397980E+02  0.82881765E+01 -0.35507947E+06  0.78163969E+06  0.16069170E+04  0.74801888E+01 -0.15480257E+02  0.80523652E+00  0.68001016E+05  0.33442462E+06 -0.96904094E+05  0.24156589E+06 -0.94765773E+05 -0.24191655E+06 1989  236   14   43   12    0  0.79633558E+00  0.58297116E+00  0.16122773E+00  0.11948623E+00  0.10968257E+00 -0.98675871E+00 -0.59293568E+00  0.80505550E+00  0.17687097E-01
 1989  236   14   44   47 1000 -0.62410662E+06 -0.45378075E+06 -0.37252125E+06 -0.37092190E+02  0.76663834E+02  0.82885647E+01 -0.35436138E+06  0.78015350E+06  0.16842196E+04  0.74805574E+01 -0.15481069E+02  0.80523556E+00  0.71863789E+05  0.33358253E+06 -0.97018812E+05  0.24130878E+06 -0.95070234E+05 -0.24205367E+06 1989  236   14   44   47 1000  0.79625809E+00  0.58310831E+00  0.16111404E+00  0.11936833E+00  0.10964619E+00 -0.98677707E+00 -0.59306341E+00  0.80496120E+00  0.17701991E-01
 1989  236   14   46   24    0 -0.62762462E+06 -0.44640862E+06 -0.37172553E+06 -0.36199390E+02  0.76919426E+02  0.82889538E+01 -0.35364322E+06  0.77866731E+06  0.17615223E+04  0.74809270E+01 -0.15481884E+02  0.80523443E+00  0.75716273E+05  0.33269584E+06 -0.97133406E+05  0.24105131E+06 -0.95374555E+05 -0.24219042E+06 1989  236   14   46   24    0  0.79618555E+00  0.58323139E+00  0.16102679E+00  0.11924084E+00  0.10966796E+00 -0.98679000E+00 -0.59318638E+00  0.80486900E+00  0.17771062E-01
 1989  236   14   48    0    0 -0.63105688E+06 -0.43901247E+06 -0.37092975E+06 -0.35305290E+02  0.77164742E+02  0.82893448E+01 -0.35292503E+06  0.77718100E+06  0.18388252E+04  0.74812980E+01 -0.15482702E+02  0.80523330E+00  0.79557906E+05  0.33176462E+06 -0.97247875E+05  0.24079353E+06 -0.95678742E+05 -0.24232683E+06 1989  236   14   48    0    0  0.79614210E+00  0.58314753E+00  0.16154492E+00  0.11989503E+00  0.10965471E+00 -0.98671228E+00 -0.59311295E+00  0.80493158E+00  0.17384250E-01
 1989  236   14   49   36    0 -0.63440319E+06 -0.43159334E+06 -0.37013394E+06 -0.34410004E+02  0.77399788E+02  0.82897377E+01 -0.35220681E+06  0.77569462E+06  0.19161274E+04  0.74816704E+01 -0.15483523E+02  0.80523205E+00  0.83388172E+05  0.33078906E+06 -0.97362156E+05  0.24053544E+06 -0.95982805E+05 -0.24246292E+06 1989  236   14   49   36    0  0.79624355E+00  0.58297575E+00  0.16166441E+00  0.12002496E+00  0.10968558E+00 -0.98669297E+00 -0.59295034E+00  0.80505174E+00  0.17364789E-01
 1989  236   14   51   11 1000 -0.63766356E+06 -0.42415209E+06 -0.36933812E+06 -0.33513657E+02  0.77624565E+02  0.82901316E+01 -0.35148853E+06  0.77420812E+06  0.19934296E+04  0.74820442E+01 -0.15484348E+02  0.80523068E+00  0.87206625E+05  0.32976925E+06 -0.97476312E+05  0.24027697E+06 -0.96286734E+05 -0.24259867E+06 1989  236   14   51   11 1000  0.79634136E+00  0.58296984E+00  0.16120367E+00  0.11942665E+00  0.10972293E+00 -0.98676145E+00 -0.59293991E+00  0.80505097E+00  0.17754767E-01
 1989  236   14   52   48    0 -0.64083781E+06 -0.41668975E+06 -0.36854225E+06 -0.32616356E+02  0.77839081E+02  0.82905264E+01 -0.35077025E+06  0.77272162E+06  0.20707314E+04  0.74824195E+01 -0.15485176E+02  0.80522919E+00  0.91012734E+05  0.32870534E+06 -0.97590367E+05  0.24001816E+06 -0.96590547E+05 -0.24273405E+06 1989  236   14   52   48    0  0.79642314E+00  0.58306593E+00  0.16045077E+00  0.11848077E+00  0.10973693E+00 -0.98687398E+00 -0.59301996E+00  0.80497956E+00  0.18314943E-01
 1989  236   14   54   24    0 -0.64392588E+06 -0.40920734E+06 -0.36774631E+06 -0.31718220E+02  0.78043335E+02  0.82909231E+01 -0.35005194E+06  0.77123500E+06  0.21480332E+04  0.74827962E+01 -0.15486007E+02  0.80522764E+00  0.94805930E+05  0.32759750E+06 -0.97704273E+05  0.23975902E+06 -0.96894203E+05 -0.24286906E+06 1989  236   14   54   24    0  0.79631925E+00  0.58324671E+00  0.16030942E+00  0.11830655E+00  0.10972877E+00 -0.98689574E+00 -0.59319419E+00  0.80484968E+00  0.18377226E-01
 1989  236   14   56    0    0 -0.64692769E+06 -0.40170581E+06 -0.36695038E+06 -0.30819366E+02  0.78237335E+02  0.82913218E+01 -0.34933356E+06  0.76974831E+06  0.22253350E+04  0.74831743E+01 -0.15486841E+02  0.80522603E+00  0.98585742E+05  0.32644584E+06 -0.97818023E+05  0.23949955E+06 -0.97197703E+05 -0.24300378E+06 1989  236   14   56    0    0  0.79640162E+00  0.58283341E+00  0.16139911E+00  0.11924180E+00  0.11030792E+00 -0.98671865E+00 -0.59289622E+00  0.80506980E+00  0.18351287E-01
 1989  236   14   57   36    0 -0.64984319E+06 -0.39418612E+06 -0.36615441E+06 -0.29919910E+02  0.78421089E+02  0.82917213E+01 -0.34861516E+06  0.76826156E+06  0.23026365E+04  0.74835539E+01 -0.15487679E+02  0.80522430E+00  0.10235168E+06  0.32525059E+06 -0.97931648E+05  0.23923973E+06 -0.97501078E+05 -0.24313816E+06 1989  236   14   57   36    0  0.79620528E+00  0.58327603E+00  0.16076794E+00  0.11883967E+00  0.10977539E+00 -0.98682648E+00 -0.59324062E+00  0.80482203E+00  0.18087424E-01
 1989  236   14   59   11 1000 -0.65267225E+06 -0.38664925E+06 -0.36535838E+06 -0.29019962E+02  0.78594612E+02  0.82921228E+01 -0.34789669E+06  0.76677469E+06  0.23799382E+04  0.74839349E+01 -0.15488520E+02  0.80522245E+00  0.10610327E+06  0.32401184E+06 -0.98045117E+05  0.23897958E+06 -0.97804328E+05 -0.24327219E+06 1989  236   14   59   11 1000  0.79640150E+00  0.58283341E+00  0.16139950E+00  0.11924218E+00  0.11030807E+00 -0.98671854E+00 -0.59289616E+00  0.80506980E+00  0.18351179E-01
 1989  236   15    0   48    0 -0.65541500E+06 -0.37909622E+06 -0.36456231E+06 -0.28119642E+02  0.78757896E+02  0.82925253E+01 -0.34717822E+06  0.76528775E+06  0.24572397E+04  0.74843173E+01 -0.15489364E+02  0.80522048E+00  0.10983997E+06  0.32272981E+06 -0.98158430E+05  0.23871908E+06 -0.98107453E+05 -0.24340588E+06 1989  236   15    0   48    0  0.79601812E+00  0.58340853E+00  0.16121289E+00  0.11936735E+00  0.10980268E+00 -0.98675978E+00 -0.59338570E+00  0.80472219E+00  0.17764989E-01
 1989  236   15    2   24    0 -0.65807125E+06 -0.37152803E+06 -0.36376622E+06 -0.27219074E+02  0.78910973E+02  0.82929296E+01 -0.34645969E+06  0.76380075E+06  0.25345408E+04  0.74847012E+01 -0.15490211E+02  0.80521846E+00  0.11356123E+06  0.32140469E+06 -0.98271648E+05  0.23845823E+06 -0.98410422E+05 -0.24353919E+06 1989  236   15    2   24    0  0.79597431E+00  0.58340847E+00  0.16142933E+00  0.11966516E+00  0.10976266E+00 -0.98672813E+00 -0.59338444E+00  0.80472773E+00  0.17554589E-01
 1989  236   15    4    0    0 -0.66064106E+06 -0.36394566E+06 -0.36297009E+06 -0.26318363E+02  0.79053841E+02  0.82933350E+01 -0.34574112E+06  0.76231362E+06  0.26118416E+04  0.74850864E+01 -0.15491063E+02  0.80521631E+00  0.11726663E+06  0.32003659E+06 -0.98384742E+05  0.23819706E+06 -0.98713234E+05 -0.24367219E+06 1989  236   15    4    0    0  0.79601568E+00  0.58331734E+00  0.16155511E+00  0.11987868E+00  0.10968795E+00 -0.98671055E+00 -0.59328598E+00  0.80480397E+00  0.17386004E-01
 1989  236   15    5   36    0 -0.66312438E+06 -0.35635003E+06 -0.36217391E+06 -0.25417629E+02  0.79186523E+02  0.82937422E+01 -0.34502256E+06  0.76082644E+06  0.26891421E+04  0.74854732E+01 -0.15491918E+02  0.80521405E+00  0.12095562E+06  0.31862578E+06 -0.98497648E+05  0.23793556E+06 -0.99015922E+05 -0.24380484E+06 1989  236   15    5   36    0  0.79614449E+00  0.58311051E+00  0.16166718E+00  0.12000568E+00  0.10971153E+00 -0.98669249E+00 -0.59308749E+00  0.80495065E+00  0.17369661E-01
 1989  236   15    7   11 1000 -0.66552119E+06 -0.34874219E+06 -0.36137769E+06 -0.24516987E+02  0.79309021E+02  0.82941513E+01 -0.34430394E+06  0.75933919E+06  0.27664426E+04  0.74858613E+01 -0.15492775E+02  0.80521172E+00  0.12462773E+06  0.31717244E+06 -0.98610430E+05  0.23767372E+06 -0.99318484E+05 -0.24393711E+06 1989  236   15    7   11 1000  0.79617625E+00  0.58310801E+00  0.16151892E+00  0.11980791E+00  0.10973064E+00 -0.98671436E+00 -0.59308457E+00  0.80494988E+00  0.17503984E-01
 1989  236   15    8   48    0 -0.66783162E+06 -0.34112306E+06 -0.36058144E+06 -0.23616537E+02  0.79421356E+02  0.82945614E+01 -0.34358528E+06  0.75785181E+06  0.28437427E+04  0.74862514E+01 -0.15493636E+02  0.80520928E+00  0.12828248E+06  0.31567672E+06 -0.98723078E+05  0.23741156E+06 -0.99620891E+05 -0.24406908E+06 1989  236   15    8   48    0  0.79627323E+00  0.58303291E+00  0.16131200E+00  0.11962408E+00  0.10963486E+00 -0.98674732E+00 -0.59299159E+00  0.80501729E+00  0.17554536E-01
 1989  236   15   10   24    0 -0.67005562E+06 -0.33349362E+06 -0.35978512E+06 -0.22716402E+02  0.79523552E+02  0.82949734E+01 -0.34286659E+06  0.75636438E+06  0.29210425E+04  0.74866428E+01 -0.15494501E+02  0.80520672E+00  0.13191939E+06  0.31413888E+06 -0.98835578E+05  0.23714906E+06 -0.99923133E+05 -0.24420070E+06 1989  236   15   10   24    0  0.79641408E+00  0.58284616E+00  0.16129231E+00  0.11970288E+00  0.10950166E+00 -0.98675263E+00 -0.59278673E+00  0.80517066E+00  0.17440312E-01
 1989  236   15   12    0    0 -0.67219319E+06 -0.32585481E+06 -0.35898878E+06 -0.21816696E+02  0.79615631E+02  0.82953863E+01 -0.34214784E+06  0.75487681E+06  0.29983425E+04  0.74870358E+01 -0.15495369E+02  0.80520403E+00  0.13553798E+06  0.31255912E+06 -0.98947953E+05  0.23688622E+06 -0.10022527E+06 -0.24433198E+06 1989  236   15   12    0    0  0.79654008E+00  0.58266252E+00  0.16133322E+00  0.11978306E+00  0.10946820E+00 -0.98674655E+00 -0.59260106E+00  0.80530810E+00  0.17402716E-01
 1989  236   15   13   36    0 -0.67424444E+06 -0.31820766E+06 -0.35819241E+06 -0.20917540E+02  0.79697601E+02  0.82958012E+01 -0.34142906E+06  0.75338925E+06  0.30756423E+04  0.74874301E+01 -0.15496241E+02  0.80520123E+00  0.13913775E+06  0.31093766E+06 -0.99060172E+05  0.23662305E+06 -0.10052727E+06 -0.24446292E+06 1989  236   15   13   36    0  0.79658896E+00  0.58264649E+00  0.16114929E+00  0.11958896E+00  0.10942291E+00 -0.98677510E+00 -0.59257448E+00  0.80532581E+00  0.17486993E-01
 1989  236   15   15   11 1000 -0.67620944E+06 -0.31055319E+06 -0.35739600E+06 -0.20019039E+02  0.79769501E+02  0.82962179E+01 -0.34071025E+06  0.75190156E+06  0.31529414E+04  0.74878259E+01 -0.15497116E+02  0.80519831E+00  0.14271819E+06  0.30927469E+06 -0.99172266E+05  0.23635955E+06 -0.10082910E+06 -0.24459348E+06 1989  236   15   15   11 1000  0.79669589E+00  0.58256406E+00  0.16091827E+00  0.11936031E+00  0.10934764E+00 -0.98681110E+00 -0.59247673E+00  0.80539566E+00  0.17581776E-01
 1989  236   15   16   48    0 -0.67808812E+06 -0.30289228E+06 -0.35659953E+06 -0.19121302E+02  0.79831329E+02  0.82966356E+01 -0.33999141E+06  0.75041381E+06  0.32302400E+04  0.74882236E+01 -0.15497994E+02  0.80519533E+00  0.14627883E+06  0.30757050E+06 -0.99284234E+05  0.23609570E+06 -0.10113079E+06 -0.24472370E+06 1989  236   15   16   48    0  0.79685277E+00  0.58239627E+00  0.16074952E+00  0.11917891E+00  0.10931642E+00 -0.98683655E+00 -0.59230244E+00  0.80552137E+00  0.17699741E-01
 1989  236   15   18   24    0 -0.67988075E+06 -0.29522591E+06 -0.35580303E+06 -0.18224449E+02  0.79883118E+02  0.82970552E+01 -0.33927253E+06  0.74892600E+06  0.33075386E+04  0.74886227E+01 -0.15498877E+02  0.80519217E+00  0.14981923E+06  0.30582525E+06 -0.99396047E+05  0.23583152E+06 -0.10143235E+06 -0.24485359E+06 1989  236   15   18   24    0  0.79693061E+00  0.58233505E+00  0.16058564E+00  0.11900108E+00  0.10928467E+00 -0.98686159E+00 -0.59223360E+00  0.80556989E+00  0.17793819E-01
 1989  236   15   20    0    0 -0.68158725E+06 -0.28755506E+06 -0.35500650E+06 -0.17328588E+02  0.79924896E+02  0.82974768E+01 -0.33855362E+06  0.74743806E+06  0.33848367E+04  0.74890237E+01 -0.15499763E+02  0.80518895E+00  0.15333888E+06  0.30403925E+06 -0.99507703E+05  0.23556698E+06 -0.10173379E+06 -0.24498316E+06 1989  236   15   20    0    0  0.79685408E+00  0.58247304E+00  0.16046453E+00  0.11872505E+00  0.10945082E+00 -0.98687631E+00 -0.59239185E+00  0.80544752E+00  0.18062204E-01
 1989  236   15   21   36    0 -0.68320781E+06 -0.27988069E+06 -0.35420994E+06 -0.16433834E+02  0.79956688E+02  0.82978992E+01 -0.33783466E+06  0.74595000E+06  0.34621348E+04  0.74894261E+01 -0.15500651E+02  0.80518562E+00  0.15683733E+06  0.30221272E+06 -0.99619234E+05  0.23530214E+06 -0.10203507E+06 -0.24511234E+06 1989  236   15   21   36    0  0.79687512E+00  0.58248532E+00  0.16031525E+00  0.11858326E+00  0.10939174E+00 -0.98689991E+00 -0.59239185E+00  0.80544668E+00  0.18098548E-01
 1989  236   15   23   12    0 -0.68474256E+06 -0.27220375E+06 -0.35341334E+06 -0.15540287E+02  0.79978531E+02  0.82983236E+01 -0.33711562E+06  0.74446194E+06  0.35394324E+04  0.74898300E+01 -0.15501544E+02  0.80518216E+00  0.16031412E+06  0.30034591E+06 -0.99730641E+05  0.23503698E+06 -0.10233620E+06 -0.24524119E+06 1989  236   15   23   12    0  0.79680592E+00  0.58252871E+00  0.16050205E+00  0.11871786E+00  0.10952161E+00 -0.98686939E+00 -0.59245813E+00  0.80539769E+00  0.18110890E-01
 1989  236   15   24   47 1000 -0.68619162E+06 -0.26452509E+06 -0.35261669E+06 -0.14648058E+02  0.79990433E+02  0.82987499E+01 -0.33639656E+06  0.74297375E+06  0.36167300E+04  0.74902353E+01 -0.15502440E+02  0.80517852E+00  0.16376880E+06  0.29843903E+06 -0.99841852E+05  0.23477147E+06 -0.10263716E+06 -0.24536969E+06 1989  236   15   24   47 1000  0.79664826E+00  0.58270282E+00  0.16065173E+00  0.11888929E+00  0.10953401E+00 -0.98684728E+00 -0.59263551E+00  0.80526996E+00  0.17982952E-01
 1989  236   15   26   24    0 -0.68755506E+06 -0.25684581E+06 -0.35181994E+06 -0.13757263E+02  0.79992447E+02  0.82991772E+01 -0.33567750E+06  0.74148544E+06  0.36940273E+04  0.74906425E+01 -0.15503341E+02  0.80517483E+00  0.16720086E+06  0.29649241E+06 -0.99952945E+05  0.23450562E+06 -0.10293801E+06 -0.24549784E+06 1989  236   15   26   24    0  0.79662031E+00  0.58268052E+00  0.16087134E+00  0.11913365E+00  0.10957257E+00 -0.98681366E+00 -0.59262407E+00  0.80528092E+00  0.17870896E-01
 1989  236   15   28    0    0 -0.68883306E+06 -0.24916684E+06 -0.35102319E+06 -0.12868014E+02  0.79984589E+02  0.82996063E+01 -0.33495841E+06  0.73999706E+06  0.37713237E+04  0.74910512E+01 -0.15504245E+02  0.80517101E+00  0.17060986E+06  0.29450631E+06 -0.10006391E+06  0.23423947E+06 -0.10323873E+06 -0.24562566E+06 1989  236   15   28    0    0  0.79649258E+00  0.58281398E+00  0.16101979E+00  0.11926587E+00  0.10963766E+00 -0.98679036E+00 -0.59276903E+00  0.80517536E+00  0.17815754E-01
 1989  236   15   29   35 1000 -0.69002581E+06 -0.24148911E+06 -0.35022641E+06 -0.11980416E+02  0.79966896E+02  0.83000374E+01 -0.33423925E+06  0.73850862E+06  0.38486199E+04  0.74914613E+01 -0.15505153E+02  0.80516708E+00  0.17399536E+06  0.29248100E+06 -0.10017473E+06  0.23397297E+06 -0.10353926E+06 -0.24575312E+06 1989  236   15   29   35 1000  0.79641241E+00  0.58287638E+00  0.16119099E+00  0.11945371E+00  0.10966839E+00 -0.98676431E+00 -0.59283912E+00  0.80512607E+00  0.17714519E-01
 1989  236   15   31   12    0 -0.69113338E+06 -0.23381353E+06 -0.34942959E+06 -0.11094579E+02  0.79939392E+02  0.83004704E+01 -0.33352003E+06  0.73702006E+06  0.39259155E+04  0.74918733E+01 -0.15506064E+02  0.80516303E+00  0.17735689E+06  0.29041672E+06 -0.10028541E+06  0.23370612E+06 -0.10383963E+06 -0.24588023E+06 1989  236   15   31   12    0  0.79632992E+00  0.58294439E+00  0.16135196E+00  0.11964110E+00  0.10968222E+00 -0.98673999E+00 -0.59291196E+00  0.80507493E+00  0.17599124E-01
 1989  236   15   32   47 1000 -0.69215600E+06 -0.22614105E+06 -0.34863272E+06 -0.10210608E+02  0.79902130E+02  0.83009043E+01 -0.33280078E+06  0.73553144E+06  0.40032107E+04  0.74922867E+01 -0.15506979E+02  0.80515879E+00  0.18069402E+06  0.28831375E+06 -0.10039598E+06  0.23343897E+06 -0.10413988E+06 -0.24600702E+06 1989  236   15   32   47 1000  0.79624832E+00  0.58301163E+00  0.16151249E+00  0.11982866E+00  0.10969527E+00 -0.98671585E+00 -0.59298390E+00  0.80502456E+00  0.17483190E-01
 1989  236   15   34   24    0 -0.69309388E+06 -0.21847264E+06 -0.34783581E+06 -0.93286114E+01  0.79855125E+02  0.83013401E+01 -0.33208150E+06  0.73404275E+06  0.40805054E+04  0.74927015E+01 -0.15507898E+02  0.80515450E+00  0.18400628E+06  0.28617241E+06 -0.10050638E+06  0.23317148E+06 -0.10444000E+06 -0.24613345E+06 1989  236   15   34   24    0  0.79609537E+00  0.58316964E+00  0.16169535E+00  0.12000041E+00  0.10976385E+00 -0.98668736E+00 -0.59315437E+00  0.80490071E+00  0.17401889E-01
 1989  236   15   36    0    0 -0.69394712E+06 -0.21080920E+06 -0.34703888E+06 -0.84486961E+01  0.79798439E+02  0.83017778E+01 -0.33136219E+06  0.73255394E+06  0.41577988E+04  0.74931183E+01 -0.15508821E+02  0.80515003E+00  0.18729327E+06  0.28399300E+06 -0.10061663E+06  0.23290367E+06 -0.10473997E+06 -0.24625955E+06 1989  236   15   36    0    0  0.79609841E+00  0.58315957E+00  0.16171700E+00  0.11999908E+00  0.10980255E+00 -0.98668319E+00 -0.59315068E+00  0.80490273E+00  0.17435033E-01
 1989  236   15   37   36    0 -0.69471606E+06 -0.20315169E+06 -0.34624188E+06 -0.75709677E+01  0.79732094E+02  0.83022175E+01 -0.33064284E+06  0.73106506E+06  0.42350918E+04  0.74935369E+01 -0.15509748E+02  0.80514538E+00  0.19055452E+06  0.28177581E+06 -0.10072676E+06  0.23263552E+06 -0.10503978E+06 -0.24638527E+06 1989  236   15   37   36    0  0.79602557E+00  0.58329928E+00  0.16157113E+00  0.11982539E+00  0.10978770E+00 -0.98670590E+00 -0.59328336E+00  0.80480349E+00  0.17499737E-01
 1989  236   15   39   12    0 -0.69540088E+06 -0.19550095E+06 -0.34544484E+06 -0.66955280E+01  0.79656120E+02  0.83026590E+01 -0.32992344E+06  0.72957606E+06  0.43123853E+04  0.74939575E+01 -0.15510677E+02  0.80514067E+00  0.19378961E+06  0.27952112E+06 -0.10083673E+06  0.23236705E+06 -0.10533944E+06 -0.24651064E+06 1989  236   15   39   12    0  0.79597282E+00  0.58341277E+00  0.16142100E+00  0.11966597E+00  0.10974738E+00 -0.98672974E+00 -0.59338623E+00  0.80472672E+00  0.17541286E-01
 1989  236   15   40   47 1000 -0.69600169E+06 -0.18785795E+06 -0.34464778E+06 -0.58224859E+01  0.79570580E+02  0.83031015E+01 -0.32920397E+06  0.72808700E+06  0.43896787E+04  0.74943795E+01 -0.15511612E+02  0.80513585E+00  0.19699809E+06  0.27722922E+06 -0.10094653E+06  0.23209827E+06 -0.10563894E+06 -0.24663570E+06 1989  236   15   40   47 1000  0.79640168E+00  0.58283162E+00  0.16140495E+00  0.11924653E+00  0.11031137E+00 -0.98671764E+00 -0.59289503E+00  0.80507058E+00  0.18351514E-01
 1989  236   15   42   24    0 -0.69651888E+06 -0.18022367E+06 -0.34385066E+06 -0.49519510E+01  0.79475502E+02  0.83035460E+01 -0.32848450E+06  0.72659788E+06  0.44669717E+04  0.74948030E+01 -0.15512549E+02  0.80513090E+00  0.20017958E+06  0.27490050E+06 -0.10105622E+06  0.23182914E+06 -0.10593831E+06 -0.24676038E+06 1989  236   15   42   24    0  0.79604417E+00  0.58339417E+00  0.16113707E+00  0.11927429E+00  0.10980205E+00 -0.98677111E+00 -0.59336966E+00  0.80473280E+00  0.17823365E-01
 1989  236   15   44    0    0 -0.69695256E+06 -0.17259897E+06 -0.34305347E+06 -0.40840216E+01  0.79370934E+02  0.83039923E+01 -0.32776497E+06  0.72510862E+06  0.45442646E+04  0.74952283E+01 -0.15513493E+02  0.80512577E+00  0.20333361E+06  0.27253522E+06 -0.10116578E+06  0.23155966E+06 -0.10623753E+06 -0.24688472E+06 1989  236   15   44    0    0  0.79607022E+00  0.58344197E+00  0.16083512E+00  0.11897275E+00  0.10970153E+00 -0.98681867E+00 -0.59339523E+00  0.80471182E+00  0.17916415E-01
 1989  236   15   45   36    0 -0.69730306E+06 -0.16498475E+06 -0.34225628E+06 -0.32188017E+01  0.79256912E+02  0.83044395E+01 -0.32704541E+06  0.72361925E+06  0.46215576E+04  0.74956551E+01 -0.15514439E+02  0.80512053E+00  0.20645973E+06  0.27013372E+06 -0.10127519E+06  0.23128988E+06 -0.10653659E+06 -0.24700872E+06 1989  236   15   45   36    0  0.79634231E+00  0.58302087E+00  0.16101457E+00  0.11923265E+00  0.10966637E+00 -0.98679125E+00 -0.59297776E+00  0.80502176E+00  0.17816857E-01
 1989  236   15   47   12    0 -0.69757062E+06 -0.15738195E+06 -0.34145906E+06 -0.23563933E+01  0.79133484E+02  0.83048897E+01 -0.32632581E+06  0.72212981E+06  0.46988486E+04  0.74960837E+01 -0.15515388E+02  0.80511510E+00  0.20955758E+06  0.26769634E+06 -0.10138444E+06  0.23101978E+06 -0.10683553E+06 -0.24713234E+06 1989  236   15   47   12    0  0.79634529E+00  0.58301890E+00  0.16100676E+00  0.11922327E+00  0.10966599E+00 -0.98679239E+00 -0.59297562E+00  0.80502313E+00  0.17822579E-01
 1989  236   15   48   48    0 -0.69775556E+06 -0.14979144E+06 -0.34066178E+06 -0.14968981E+01  0.79000694E+02  0.83053408E+01 -0.32560616E+06  0.72064031E+06  0.47761377E+04  0.74965143E+01 -0.15516342E+02  0.80510956E+00  0.21262673E+06  0.26522338E+06 -0.10149356E+06  0.23074934E+06 -0.10713431E+06 -0.24725562E+06 1989  236   15   48   48    0  0.79661041E+00  0.58281535E+00  0.16043164E+00  0.11857438E+00  0.10958725E+00 -0.98687929E+00 -0.59274966E+00  0.80518132E+00  0.18191382E-01
 1989  236   15   50   24    0 -0.69785819E+06 -0.14221412E+06 -0.33986444E+06 -0.64041823E+00  0.78858604E+02  0.83057938E+01 -0.32488647E+06  0.71915069E+06  0.48534287E+04  0.74969463E+01 -0.15517300E+02  0.80510390E+00  0.21566677E+06  0.26271522E+06 -0.10160253E+06  0.23047856E+06 -0.10743294E+06 -0.24737856E+06 1989  236   15   50   24    0  0.79673266E+00  0.58260417E+00  0.16059133E+00  0.11880513E+00  0.10955048E+00 -0.98685569E+00 -0.59253907E+00  0.80533916E+00  0.18066082E-01
 1989  236   15   52    0    0 -0.69787862E+06 -0.13465088E+06 -0.33906703E+06  0.21295029E+00  0.78707253E+02  0.83062487E+01 -0.32416675E+06  0.71766100E+06  0.49307202E+04  0.74973807E+01 -0.15518262E+02  0.80509806E+00  0.21867730E+06  0.26017216E+06 -0.10171138E+06  0.23020750E+06 -0.10773141E+06 -0.24750116E+06 1989  236   15   52    0    0  0.79682136E+00  0.58246988E+00  0.16063748E+00  0.11892785E+00  0.10946633E+00 -0.98685014E+00 -0.59239489E+00  0.80544764E+00  0.17953206E-01
 1989  236   15   53   36    0 -0.69781738E+06 -0.12710259E+06 -0.33826959E+06  0.10631034E+01  0.78546684E+02  0.83067055E+01 -0.32344697E+06  0.71617119E+06  0.50080098E+04  0.74978166E+01 -0.15519228E+02  0.80509210E+00  0.22165797E+06  0.25759455E+06 -0.10182006E+06  0.22993608E+06 -0.10802972E+06 -0.24762341E+06 1989  236   15   53   36    0  0.79680508E+00  0.58246458E+00  0.16073789E+00  0.11912775E+00  0.10936384E+00 -0.98683751E+00 -0.59237677E+00  0.80546546E+00  0.17753981E-01
 1989  236   15   55   11 1000 -0.69767462E+06 -0.11957020E+06 -0.33747216E+06  0.19099375E+01  0.78376953E+02  0.83071642E+01 -0.32272716E+06  0.71468125E+06  0.50852969E+04  0.74982538E+01 -0.15520198E+02  0.80508602E+00  0.22460830E+06  0.25498277E+06 -0.10192859E+06  0.22966433E+06 -0.10832788E+06 -0.24774530E+06 1989  236   15   55   11 1000  0.79677677E+00  0.58247095E+00  0.16085568E+00  0.11927252E+00  0.10936524E+00 -0.98681986E+00 -0.59238589E+00  0.80546069E+00  0.17666917E-01
 1989  236   15   56   48    0 -0.69745081E+06 -0.11205453E+06 -0.33667466E+06  0.27533591E+01  0.78198120E+02  0.83076248E+01 -0.32200731E+06  0.71319131E+06  0.51625840E+04  0.74986935E+01 -0.15521173E+02  0.80507976E+00  0.22752791E+06  0.25233717E+06 -0.10203699E+06  0.22939230E+06 -0.10862587E+06 -0.24786686E+06 1989  236   15   56   48    0  0.79671544E+00  0.58249867E+00  0.16105792E+00  0.11951900E+00  0.10936952E+00 -0.98678946E+00 -0.59241843E+00  0.80543995E+00  0.17516728E-01
 1989  236   15   58   24    0 -0.69714612E+06 -0.10455646E+06 -0.33587709E+06  0.35932698E+01  0.78010216E+02  0.83080873E+01 -0.32128741E+06  0.71170125E+06  0.52398711E+04  0.74991345E+01 -0.15522151E+02  0.80507332E+00  0.23041641E+06  0.24965809E+06 -0.10214524E+06  0.22911992E+06 -0.10892371E+06 -0.24798805E+06 1989  236   15   58   24    0  0.79655957E+00  0.58266783E+00  0.16121796E+00  0.11969069E+00  0.10939956E+00 -0.98676538E+00 -0.59259361E+00  0.80531359E+00  0.17403346E-01
 1989  236   16    0    0    0 -0.69676100E+06 -0.97076867E+05 -0.33507950E+06  0.44295726E+01  0.77813309E+02  0.83085518E+01 -0.32056747E+06  0.71021106E+06  0.53171582E+04  0.74995775E+01 -0.15523133E+02  0.80506676E+00  0.23327345E+06  0.24694592E+06 -0.10225337E+06  0.22884720E+06 -0.10922140E+06 -0.24810889E+06 1989  236   16    0    0    0  0.79644221E+00  0.58280921E+00  0.16128632E+00  0.11987062E+00  0.10926497E+00 -0.98675847E+00 -0.59271479E+00  0.80522954E+00  0.17161533E-01
 1989  236   16    1   36    0 -0.69629575E+06 -0.89616625E+05 -0.33428184E+06  0.52621708E+01  0.77607452E+02  0.83090172E+01 -0.31984750E+06  0.70872075E+06  0.53944453E+04  0.75000224E+01 -0.15524120E+02  0.80506003E+00  0.23609866E+06  0.24420102E+06 -0.10236134E+06  0.22857417E+06 -0.10951896E+06 -0.24822939E+06 1989  236   16    1   36    0  0.79643071E+00  0.58278733E+00  0.16142222E+00  0.12007289E+00  0.10921966E+00 -0.98673892E+00 -0.59268939E+00  0.80525160E+00  0.17008934E-01
 1989  236   16    3   11 1000 -0.69575075E+06 -0.82176539E+05 -0.33348416E+06  0.60909691E+01  0.77392708E+02  0.83094854E+01 -0.31912747E+06  0.70723044E+06  0.54717305E+04  0.75004692E+01 -0.15525111E+02  0.80505317E+00  0.23889162E+06  0.24142373E+06 -0.10246915E+06  0.22830083E+06 -0.10981637E+06 -0.24834955E+06 1989  236   16    3   11 1000  0.79642564E+00  0.58280385E+00  0.16138752E+00  0.12007007E+00  0.10916451E+00 -0.98674530E+00 -0.59269673E+00  0.80524701E+00  0.16964100E-01
 1989  236   16    4   48    0 -0.69512638E+06 -0.74757453E+05 -0.33268644E+06  0.69158773E+01  0.77169121E+02  0.83099546E+01 -0.31840741E+06  0.70574000E+06  0.55490156E+04  0.75009179E+01 -0.15526107E+02  0.80504614E+00  0.24165202E+06  0.23861445E+06 -0.10257684E+06  0.22802712E+06 -0.11011359E+06 -0.24846936E+06 1989  236   16    4   48    0  0.79635316E+00  0.58295381E+00  0.16120392E+00  0.11985095E+00  0.10914782E+00 -0.98677385E+00 -0.59283859E+00  0.80514085E+00  0.17052636E-01
 1989  236   16    6   24    0 -0.69442306E+06 -0.67360297E+05 -0.33188862E+06  0.77367964E+01  0.76936752E+02  0.83104267E+01 -0.31768731E+06  0.70424938E+06  0.56262993E+04  0.75013680E+01 -0.15527106E+02  0.80503893E+00  0.24437944E+06  0.23577358E+06 -0.10268437E+06  0.22775312E+06 -0.11041065E+06 -0.24858878E+06 1989  236   16    6   24    0  0.79632515E+00  0.58303040E+00  0.16106510E+00  0.11974159E+00  0.10906005E+00 -0.98679680E+00 -0.59289831E+00  0.80509716E+00  0.17034281E-01
 1989  236   16    8    0    0 -0.69364106E+06 -0.59985902E+05 -0.33109081E+06  0.85536289E+01  0.76695671E+02  0.83108997E+01 -0.31696716E+06  0.70275875E+06  0.57035825E+04  0.75018206E+01 -0.15528110E+02  0.80503160E+00  0.24707350E+06  0.23290150E+06 -0.10279174E+06  0.22747881E+06 -0.11070759E+06 -0.24870788E+06 1989  236   16    8    0    0  0.79629982E+00  0.58314061E+00  0.16079161E+00  0.11943030E+00  0.10901862E+00 -0.98683912E+00 -0.59299523E+00  0.80502301E+00  0.17166864E-01
 1989  236   16    9   36    0 -0.69278094E+06 -0.52635043E+05 -0.33029294E+06  0.93662872E+01  0.76445915E+02  0.83113756E+01 -0.31624697E+06  0.70126800E+06  0.57808657E+04  0.75022750E+01 -0.15529119E+02  0.80502409E+00  0.24973386E+06  0.22999861E+06 -0.10289899E+06  0.22720419E+06 -0.11100437E+06 -0.24882662E+06 1989  236   16    9   36    0  0.79627383E+00  0.58323616E+00  0.16057326E+00  0.11922030E+00  0.10893290E+00 -0.98687398E+00 -0.59307230E+00  0.80496538E+00  0.17206825E-01
 1989  236   16   11   11 1000 -0.69184288E+06 -0.45308578E+05 -0.32949500E+06  0.10174679E+02  0.76187569E+02  0.83118525E+01 -0.31552675E+06  0.69977712E+06  0.58581470E+04  0.75027308E+01 -0.15530131E+02  0.80501640E+00  0.25236023E+06  0.22706528E+06 -0.10300608E+06  0.22692925E+06 -0.11130096E+06 -0.24894503E+06 1989  236   16   11   11 1000  0.79624397E+00  0.58333313E+00  0.16036899E+00  0.11905573E+00  0.10880922E+00 -0.98690748E+00 -0.59314543E+00  0.80491185E+00  0.17189544E-01
 1989  236   16   12   48    0 -0.69082750E+06 -0.38007320E+05 -0.32869706E+06  0.10978713E+02  0.75920677E+02  0.83123322E+01 -0.31480647E+06  0.69828619E+06  0.59354282E+04  0.75031886E+01 -0.15531149E+02  0.80500859E+00  0.25495219E+06  0.22410189E+06 -0.10311305E+06  0.22665397E+06 -0.11159740E+06 -0.24906309E+06 1989  236   16   12   48    0  0.79621530E+00  0.58338165E+00  0.16033462E+00  0.11900507E+00  0.10881831E+00 -0.98691261E+00 -0.59319401E+00  0.80487549E+00  0.17217424E-01
 1989  236   16   14   24    0 -0.68973512E+06 -0.30732094E+05 -0.32789906E+06  0.11778300E+02  0.75645309E+02  0.83128128E+01 -0.31408612E+06  0.69679519E+06  0.60127095E+04  0.75036488E+01 -0.15532170E+02  0.80500054E+00  0.25750941E+06  0.22110889E+06 -0.10321986E+06  0.22637836E+06 -0.11189370E+06 -0.24918078E+06 1989  236   16   14   24    0  0.79618704E+00  0.58338636E+00  0.16045740E+00  0.11915638E+00  0.10881936E+00 -0.98689425E+00 -0.59320146E+00  0.80487192E+00  0.17126370E-01
 1989  236   16   16    0    0 -0.68856619E+06 -0.23483707E+05 -0.32710100E+06  0.12573351E+02  0.75361534E+02  0.83132963E+01 -0.31336575E+06  0.69530406E+06  0.60899888E+04  0.75041108E+01 -0.15533195E+02  0.80499238E+00  0.26003158E+06  0.21808667E+06 -0.10332652E+06  0.22610242E+06 -0.11218986E+06 -0.24929809E+06 1989  236   16   16    0    0  0.79613644E+00  0.58346856E+00  0.16040954E+00  0.11908308E+00  0.10883545E+00 -0.98690122E+00 -0.59328413E+00  0.80481005E+00  0.17166641E-01
 1989  236   16   17   36    0 -0.68732119E+06 -0.16262927E+05 -0.32630291E+06  0.13363781E+02  0.75069405E+02  0.83137817E+01 -0.31264534E+06  0.69381281E+06  0.61672666E+04  0.75045743E+01 -0.15534226E+02  0.80498403E+00  0.26251834E+06  0.21503561E+06 -0.10343305E+06  0.22582617E+06 -0.11248583E+06 -0.24941505E+06 1989  236   16   17   36    0  0.79604846E+00  0.58354235E+00  0.16057791E+00  0.11916074E+00  0.10901049E+00 -0.98687255E+00 -0.59338659E+00  0.80473292E+00  0.17242298E-01
 1989  236   16   19   12    0 -0.68600050E+06 -0.90705879E+04 -0.32550475E+06  0.14149498E+02  0.74768990E+02  0.83142681E+01 -0.31192484E+06  0.69232144E+06  0.62445444E+04  0.75050402E+01 -0.15535261E+02  0.80497551E+00  0.26496938E+06  0.21195616E+06 -0.10353942E+06  0.22554964E+06 -0.11278164E+06 -0.24953170E+06 1989  236   16   19   12    0  0.79583937E+00  0.58392262E+00  0.16023158E+00  0.11852145E+00  0.10928096E+00 -0.98691964E+00 -0.59379494E+00  0.80442035E+00  0.17762717E-01
 1989  236   16   20   47 1000 -0.68460462E+06 -0.19075237E+04 -0.32470656E+06  0.14930412E+02  0.74460365E+02  0.83147573E+01 -0.31120434E+06  0.69083006E+06  0.63218218E+04  0.75055079E+01 -0.15536301E+02  0.80496675E+00  0.26738431E+06  0.20884873E+06 -0.10364564E+06  0.22527277E+06 -0.11307733E+06 -0.24964802E+06 1989  236   16   20   47 1000  0.79588133E+00  0.58365095E+00  0.16101126E+00  0.11934935E+00  0.10947926E+00 -0.98679793E+00 -0.59357291E+00  0.80459058E+00  0.17474137E-01
 1989  236   16   22   24    0 -0.68313400E+06  0.52255195E+04 -0.32390834E+06  0.15706440E+02  0.74143593E+02  0.83152485E+01 -0.31048378E+06  0.68933850E+06  0.63990991E+04  0.75059781E+01 -0.15537345E+02  0.80495787E+00  0.26976291E+06  0.20571377E+06 -0.10375170E+06  0.22499558E+06 -0.11337283E+06 -0.24976395E+06 1989  236   16   22   24    0  0.79615808E+00  0.58305931E+00  0.16178450E+00  0.12020698E+00  0.10963756E+00 -0.98667622E+00 -0.59302831E+00  0.80499780E+00  0.17201029E-01
 1989  236   16   24    0    0 -0.68158919E+06  0.12327766E+05 -0.32311006E+06  0.16477495E+02  0.73818733E+02  0.83157415E+01 -0.30976319E+06  0.68784688E+06  0.64763745E+04  0.75064502E+01 -0.15538393E+02  0.80494881E+00  0.27210478E+06  0.20255169E+06 -0.10385764E+06  0.22471806E+06 -0.11366817E+06 -0.24987952E+06 1989  236   16   24    0    0  0.79634249E+00  0.58301938E+00  0.16101940E+00  0.11923674E+00  0.10966896E+00 -0.98679048E+00 -0.59297675E+00  0.80502254E+00  0.17816737E-01
 1989  236   16   25   35 1000 -0.67997050E+06  0.19398441E+05 -0.32231172E+06  0.17243500E+02  0.73485863E+02  0.83162374E+01 -0.30904256E+06  0.68635512E+06  0.65536479E+04  0.75069242E+01 -0.15539447E+02  0.80493951E+00  0.27440966E+06  0.19936286E+06 -0.10396341E+06  0.22444022E+06 -0.11396336E+06 -0.24999473E+06 1989  236   16   25   35 1000  0.79690176E+00  0.58201605E+00  0.16187963E+00  0.11996830E+00  0.11016050E+00 -0.98664695E+00 -0.59207714E+00  0.80568105E+00  0.17963618E-01
 1989  236   16   27   12    0 -0.67827856E+06  0.26436779E+05 -0.32151334E+06  0.18004368E+02  0.73145050E+02  0.83167343E+01 -0.30832188E+06  0.68486331E+06  0.66309214E+04  0.75074000E+01 -0.15540504E+02  0.80493009E+00  0.27667722E+06  0.19614775E+06 -0.10406904E+06  0.22416206E+06 -0.11425836E+06 -0.25010961E+06 1989  236   16   27   12    0  0.79639244E+00  0.58274984E+00  0.16174558E+00  0.11965546E+00  0.11033227E+00 -0.98666579E+00 -0.59282517E+00  0.80512697E+00  0.18138576E-01
 1989  236   16   28   47 1000 -0.67651381E+06  0.33442023E+05 -0.32071491E+06  0.18760017E+02  0.72796364E+02  0.83172340E+01 -0.30760112E+06  0.68337138E+06  0.67081948E+04  0.75078778E+01 -0.15541568E+02  0.80492043E+00  0.27890719E+06  0.19290683E+06 -0.10417454E+06  0.22388362E+06 -0.11455323E+06 -0.25022412E+06 1989  236   16   28   47 1000  0.79639643E+00  0.58277977E+00  0.16161871E+00  0.11955422E+00  0.11025521E+00 -0.98668665E+00 -0.59284031E+00  0.80511588E+00  0.18133093E-01
 1989  236   16   30   24    0 -0.67467681E+06  0.40413453E+05 -0.31991641E+06  0.19510366E+02  0.72439873E+02  0.83177347E+01 -0.30688034E+06  0.68187931E+06  0.67854668E+04  0.75083575E+01 -0.15542635E+02  0.80491066E+00  0.28109925E+06  0.18964048E+06 -0.10427988E+06  0.22360488E+06 -0.11484795E+06 -0.25033831E+06 1989  236   16   30   24    0  0.79687536E+00  0.58218265E+00  0.16140941E+00  0.11955486E+00  0.10992451E+00 -0.98672348E+00 -0.59219611E+00  0.80559295E+00  0.17993372E-01
 1989  236   16   32    0    0 -0.67276800E+06  0.47350285E+05 -0.31911791E+06  0.20255337E+02  0.72075653E+02  0.83182383E+01 -0.30615953E+06  0.68038712E+06  0.68627383E+04  0.75088396E+01 -0.15543707E+02  0.80490065E+00  0.28325312E+06  0.18634920E+06 -0.10438507E+06  0.22332578E+06 -0.11514248E+06 -0.25045212E+06 1989  236   16   32    0    0  0.79674643E+00  0.58240044E+00  0.16125982E+00  0.11952941E+00  0.10969900E+00 -0.98675162E+00 -0.59237462E+00  0.80546618E+00  0.17788325E-01
 1989  236   16   33   36    0 -0.67078794E+06  0.54251750E+05 -0.31831934E+06  0.20994841E+02  0.71703789E+02  0.83187447E+01 -0.30543866E+06  0.67889488E+06  0.69400098E+04  0.75093236E+01 -0.15544784E+02  0.80489045E+00  0.28536850E+06  0.18303342E+06 -0.10449013E+06  0.22304636E+06 -0.11543686E+06 -0.25056556E+06 1989  236   16   33   36    0  0.79638636E+00  0.58284259E+00  0.16144116E+00  0.12001264E+00  0.10933143E+00 -0.98673373E+00 -0.59276104E+00  0.80519634E+00  0.17121572E-01
 1989  236   16   35   12    0 -0.66873712E+06  0.61117156E+05 -0.31752072E+06  0.21728806E+02  0.71324341E+02  0.83192520E+01 -0.30471775E+06  0.67740256E+06  0.70172773E+04  0.75098095E+01 -0.15545866E+02  0.80488008E+00  0.28744516E+06  0.17969358E+06 -0.10459504E+06  0.22276664E+06 -0.11573107E+06 -0.25067866E+06 1989  236   16   35   12    0  0.79596746E+00  0.58365709E+00  0.16056255E+00  0.11916971E+00  0.10896839E+00 -0.98687613E+00 -0.59349346E+00  0.80465543E+00  0.17181046E-01
 1989  236   16   36   47 1000 -0.66661619E+06  0.67945750E+05 -0.31672203E+06  0.22457153E+02  0.70937393E+02  0.83197622E+01 -0.30399678E+06  0.67591012E+06  0.70945449E+04  0.75102978E+01 -0.15546953E+02  0.80486947E+00  0.28948275E+06  0.17633014E+06 -0.10469979E+06  0.22248661E+06 -0.11602510E+06 -0.25079141E+06 1989  236   16   36   47 1000  0.79573220E+00  0.58389193E+00  0.16087459E+00  0.11966522E+00  0.10881291E+00 -0.98683333E+00 -0.59370923E+00  0.80450606E+00  0.16714383E-01
 1989  236   16   38   24    0 -0.66442556E+06  0.74736836E+05 -0.31592331E+06  0.23179810E+02  0.70543007E+02  0.83202734E+01 -0.30327575E+06  0.67441756E+06  0.71718125E+04  0.75107884E+01 -0.15548044E+02  0.80485868E+00  0.29148106E+06  0.17294352E+06 -0.10480441E+06  0.22220627E+06 -0.11631898E+06 -0.25090381E+06 1989  236   16   38   24    0  0.79594606E+00  0.58367640E+00  0.16059813E+00  0.11935681E+00  0.10877384E+00 -0.98687494E+00 -0.59348452E+00  0.80466771E+00  0.16912363E-01
 1989  236   16   40    0    0 -0.66216588E+06  0.81489734E+05 -0.31512456E+06  0.23896698E+02  0.70141273E+02  0.83207874E+01 -0.30255469E+06  0.67292488E+06  0.72490781E+04  0.75112810E+01 -0.15549141E+02  0.80484766E+00  0.29343978E+06  0.16953422E+06 -0.10490888E+06  0.22192558E+06 -0.11661273E+06 -0.25101586E+06 1989  236   16   40    0    0  0.79614443E+00  0.58341688E+00  0.16055778E+00  0.11919813E+00  0.10893039E+00 -0.98687685E+00 -0.59325027E+00  0.80483472E+00  0.17182104E-01
 1989  236   16   41   36    0 -0.65983762E+06  0.88203727E+05 -0.31432572E+06  0.24607742E+02  0.69732262E+02  0.83213043E+01 -0.30183359E+06  0.67143212E+06  0.73263438E+04  0.75117755E+01 -0.15550242E+02  0.80483645E+00  0.29535869E+06  0.16610269E+06 -0.10501319E+06  0.22164458E+06 -0.11690629E+06 -0.25112755E+06 1989  236   16   41   36    0  0.79650778E+00  0.58283544E+00  0.16086790E+00  0.11952507E+00  0.10902932E+00 -0.98682642E+00 -0.59269667E+00  0.80524254E+00  0.17179273E-01
 1989  236   16   43   12    0 -0.65744138E+06  0.94878125E+05 -0.31352684E+06  0.25312868E+02  0.69316048E+02  0.83218222E+01 -0.30111244E+06  0.66993925E+06  0.74036079E+04  0.75122724E+01 -0.15551349E+02  0.80482507E+00  0.29723750E+06  0.16264941E+06 -0.10511734E+06  0.22136330E+06 -0.11719966E+06 -0.25123889E+06 1989  236   16   43   12    0  0.79682130E+00  0.58234012E+00  0.16110823E+00  0.11975077E+00  0.10914487E+00 -0.98678631E+00 -0.59222937E+00  0.80558509E+00  0.17233267E-01
 1989  236   16   44   47 1000 -0.65497769E+06  0.10151223E+06 -0.31272791E+06  0.26012005E+02  0.68892723E+02  0.83223429E+01 -0.30039125E+06  0.66844625E+06  0.74808701E+04  0.75127716E+01 -0.15552460E+02  0.80481344E+00  0.29907603E+06  0.15917481E+06 -0.10522134E+06  0.22108169E+06 -0.11749288E+06 -0.25134989E+06 1989  236   16   44   47 1000  0.79630768E+00  0.58297420E+00  0.16135342E+00  0.11984810E+00  0.10940248E+00 -0.98674589E+00 -0.59289992E+00  0.80509132E+00  0.17249674E-01
 1989  236   16   46   24    0 -0.65244725E+06  0.10810533E+06 -0.31192894E+06  0.26705080E+02  0.68462357E+02  0.83228655E+01 -0.29967000E+06  0.66695312E+06  0.75581318E+04  0.75132728E+01 -0.15553576E+02  0.80480158E+00  0.30087403E+06  0.15567939E+06 -0.10532522E+06  0.22079978E+06 -0.11778595E+06 -0.25146052E+06 1989  236   16   46   24    0  0.79678679E+00  0.58224070E+00  0.16163692E+00  0.12015197E+00  0.10949327E+00 -0.98669887E+00 -0.59219444E+00  0.80560970E+00  0.17285429E-01
 1989  236   16   48    0    0 -0.64985056E+06  0.11465677E+06 -0.31112991E+06  0.27392019E+02  0.68025024E+02  0.83233910E+01 -0.29894869E+06  0.66545994E+06  0.76353916E+04  0.75137758E+01 -0.15554698E+02  0.80478954E+00  0.30263119E+06  0.15216361E+06 -0.10542894E+06  0.22051756E+06 -0.11807885E+06 -0.25157077E+06 1989  236   16   48    0    0  0.79675007E+00  0.58226240E+00  0.16174050E+00  0.12014309E+00  0.10967916E+00 -0.98667938E+00 -0.59224582E+00  0.80556875E+00  0.17432079E-01
 1989  236   16   49   36    0 -0.64718819E+06  0.12116590E+06 -0.31033084E+06  0.28072756E+02  0.67580811E+02  0.83239183E+01 -0.29822734E+06  0.66396662E+06  0.77126494E+04  0.75142817E+01 -0.15555825E+02  0.80477726E+00  0.30434728E+06  0.14862794E+06 -0.10553250E+06  0.22023503E+06 -0.11837157E+06 -0.25168067E+06 1989  236   16   49   36    0  0.79670179E+00  0.58234638E+00  0.16167524E+00  0.11992975E+00  0.10985621E+00 -0.98668557E+00 -0.59235382E+00  0.80548388E+00  0.17681986E-01
 1989  236   16   51   11 1000 -0.64446075E+06  0.12763205E+06 -0.30953172E+06  0.28747223E+02  0.67129807E+02  0.83244476E+01 -0.29750594E+06  0.66247325E+06  0.77899072E+04  0.75147896E+01 -0.15556957E+02  0.80476481E+00  0.30602212E+06  0.14507291E+06 -0.10563591E+06  0.21995219E+06 -0.11866412E+06 -0.25179022E+06 1989  236   16   51   11 1000  0.79667133E+00  0.58237839E+00  0.16171080E+00  0.11981907E+00  0.11006548E+00 -0.98667580E+00 -0.59241742E+00  0.80543226E+00  0.17905980E-01
 1989  236   16   52   48    0 -0.64166894E+06  0.13405459E+06 -0.30873253E+06  0.29415346E+02  0.66672089E+02  0.83249788E+01 -0.29678450E+06  0.66097975E+06  0.78671650E+04  0.75152998E+01 -0.15558094E+02  0.80475205E+00  0.30765550E+06  0.14149894E+06 -0.10573919E+06  0.21966903E+06 -0.11895653E+06 -0.25189944E+06 1989  236   16   52   48    0  0.79654962E+00  0.58255023E+00  0.16169134E+00  0.11958940E+00  0.11033839E+00 -0.98667318E+00 -0.59262741E+00  0.80527061E+00  0.18223163E-01
 1989  236   16   54   24    0 -0.63881325E+06  0.14043286E+06 -0.30793331E+06  0.30077070E+02  0.66207733E+02  0.83255129E+01 -0.29606303E+06  0.65948612E+06  0.79444209E+04  0.75158124E+01 -0.15559237E+02  0.80473912E+00  0.30924725E+06  0.13790655E+06 -0.10584230E+06  0.21938556E+06 -0.11924875E+06 -0.25200831E+06 1989  236   16   54   24    0  0.79648060E+00  0.58268827E+00  0.16153325E+00  0.11937016E+00  0.11036482E+00 -0.98669666E+00 -0.59276420E+00  0.80516702E+00  0.18347833E-01
 1989  236   16   56    0    0 -0.63589431E+06  0.14676628E+06 -0.30713406E+06  0.30732327E+02  0.65736832E+02  0.83260489E+01 -0.29534150E+06  0.65799238E+06  0.80216753E+04  0.75163269E+01 -0.15560385E+02  0.80472594E+00  0.31079706E+06  0.13429616E+06 -0.10594527E+06  0.21910177E+06 -0.11954081E+06 -0.25211681E+06 1989  236   16   56    0    0  0.79637969E+00  0.58277094E+00  0.16173282E+00  0.11971067E+00  0.11023510E+00 -0.98667002E+00 -0.59283125E+00  0.80512500E+00  0.18025097E-01
 1989  236   16   57   36    0 -0.63291281E+06  0.15305420E+06 -0.30633475E+06  0.31381044E+02  0.65259460E+02  0.83265877E+01 -0.29461991E+06  0.65649850E+06  0.80989292E+04  0.75168438E+01 -0.15561538E+02  0.80471253E+00  0.31230475E+06  0.13066830E+06 -0.10604812E+06  0.21881767E+06 -0.11983272E+06 -0.25222494E+06 1989  236   16   57   36    0  0.79611284E+00  0.58303112E+00  0.16210809E+00  0.12031397E+00  0.11003762E+00 -0.98661858E+00 -0.59306729E+00  0.80496365E+00  0.17455570E-01
 1989  236   16   59   11 1000 -0.62986938E+06  0.15929592E+06 -0.30553538E+06  0.32023159E+02  0.64775719E+02  0.83271284E+01 -0.29389825E+06  0.65500456E+06  0.81761812E+04  0.75173631E+01 -0.15562696E+02  0.80469888E+00  0.31377016E+06  0.12702350E+06 -0.10615077E+06  0.21853330E+06 -0.12012444E+06 -0.25233272E+06 1989  236   16   59   11 1000  0.79610157E+00  0.58322096E+00  0.16147950E+00  0.11974341E+00  0.10974778E+00 -0.98672026E+00 -0.59319794E+00  0.80486566E+00  0.17533507E-01
 1989  236   17    0   48    0 -0.62676462E+06  0.16549089E+06 -0.30473594E+06  0.32658604E+02  0.64285683E+02  0.83276720E+01 -0.29317656E+06  0.65351044E+06  0.82534316E+04  0.75178847E+01 -0.15563860E+02  0.80468506E+00  0.31519306E+06  0.12336224E+06 -0.10625327E+06  0.21824861E+06 -0.12041597E+06 -0.25244016E+06 1989  236   17    0   48    0  0.79601967E+00  0.58349800E+00  0.16088155E+00  0.11916810E+00  0.10951256E+00 -0.98681611E+00 -0.59342372E+00  0.80469698E+00  0.17639805E-01
 1989  236   17    2   24    0 -0.62359912E+06  0.17163855E+06 -0.30393644E+06  0.33287338E+02  0.63789444E+02  0.83282175E+01 -0.29245478E+06  0.65201625E+06  0.83306797E+04  0.75184088E+01 -0.15565029E+02  0.80467093E+00  0.31657328E+06  0.11968498E+06 -0.10635565E+06  0.21796358E+06 -0.12070734E+06 -0.25254720E+06 1989  236   17    2   24    0  0.79601723E+00  0.58368480E+00  0.16021451E+00  0.11850888E+00  0.10927826E+00 -0.98692143E+00 -0.59355903E+00  0.80459327E+00  0.17815549E-01
 1989  236   17    4    0    0 -0.62037362E+06  0.17773828E+06 -0.30313691E+06  0.33909286E+02  0.63287079E+02  0.83287659E+01 -0.29173297E+06  0.65052200E+06  0.84079277E+04  0.75189352E+01 -0.15566203E+02  0.80465657E+00  0.31791069E+06  0.11599222E+06 -0.10645790E+06  0.21767827E+06 -0.12099856E+06 -0.25265392E+06 1989  236   17    4    0    0  0.79599947E+00  0.58378065E+00  0.15995339E+00  0.11835034E+00  0.10905074E+00 -0.98696560E+00 -0.59361446E+00  0.80455464E+00  0.17713699E-01
 1989  236   17    5   36    0 -0.61708881E+06  0.18378947E+06 -0.30233731E+06  0.34524384E+02  0.62778675E+02  0.83293161E+01 -0.29101116E+06  0.64902756E+06  0.84851738E+04  0.75194640E+01 -0.15567384E+02  0.80464196E+00  0.31920506E+06  0.11228450E+06 -0.10655999E+06  0.21739262E+06 -0.12128959E+06 -0.25276030E+06 1989  236   17    5   36    0  0.79592538E+00  0.58389127E+00  0.15991834E+00  0.11843745E+00  0.10886972E+00 -0.98697519E+00 -0.59369648E+00  0.80449891E+00  0.17497588E-01
 1989  236   17    7   11 1000 -0.61374519E+06  0.18979155E+06 -0.30153769E+06  0.35132591E+02  0.62264332E+02  0.83298683E+01 -0.29028928E+06  0.64753306E+06  0.85624180E+04  0.75199952E+01 -0.15568569E+02  0.80462712E+00  0.32045619E+06  0.10856228E+06 -0.10666190E+06  0.21710669E+06 -0.12158046E+06 -0.25286630E+06 1989  236   17    7   11 1000  0.79585260E+00  0.58396202E+00  0.16002253E+00  0.11852439E+00  0.10892441E+00 -0.98695874E+00 -0.59377670E+00  0.80444014E+00  0.17474037E-01
 1989  236   17    8   48    0 -0.61034350E+06  0.19574402E+06 -0.30073800E+06  0.35733841E+02  0.61744125E+02  0.83304234E+01 -0.28956731E+06  0.64603838E+06  0.86396621E+04  0.75205288E+01 -0.15569760E+02  0.80461198E+00  0.32166397E+06  0.10482604E+06 -0.10676365E+06  0.21682047E+06 -0.12187118E+06 -0.25297195E+06 1989  236   17    8   48    0  0.79615551E+00  0.58356076E+00  0.15997873E+00  0.11838375E+00  0.10905619E+00 -0.98696101E+00 -0.59339839E+00  0.80471337E+00  0.17741568E-01
 1989  236   17   10   24    0 -0.60688450E+06  0.20164628E+06 -0.29993825E+06  0.36328075E+02  0.61218151E+02  0.83309813E+01 -0.28884531E+06  0.64454362E+06  0.87169043E+04  0.75210648E+01 -0.15570957E+02  0.80459666E+00  0.32282822E+06  0.10107634E+06 -0.10686527E+06  0.21653394E+06 -0.12216171E+06 -0.25307723E+06 1989  236   17   10   24    0  0.79640466E+00  0.58314061E+00  0.16027068E+00  0.11858687E+00  0.10928717E+00 -0.98691112E+00 -0.59302342E+00  0.80498666E+00  0.17883990E-01
 1989  236   17   12    0    0 -0.60336875E+06  0.20749775E+06 -0.29913847E+06  0.36915230E+02  0.60686504E+02  0.83315411E+01 -0.28812328E+06  0.64304875E+06  0.87941445E+04  0.75216036E+01 -0.15572160E+02  0.80458105E+00  0.32394884E+06  0.97313695E+05 -0.10696673E+06  0.21624709E+06 -0.12245205E+06 -0.25318214E+06 1989  236   17   12    0    0  0.79665947E+00  0.58268189E+00  0.16067189E+00  0.11900559E+00  0.10941063E+00 -0.98684704E+00 -0.59259707E+00  0.80530190E+00  0.17820604E-01
 1989  236   17   13   36    0 -0.59979700E+06  0.21329791E+06 -0.29833862E+06  0.37495270E+02  0.60149269E+02  0.83321037E+01 -0.28740119E+06  0.64155381E+06  0.88713828E+04  0.75221443E+01 -0.15573368E+02  0.80456513E+00  0.32502566E+06  0.93538547E+05 -0.10706805E+06  0.21595994E+06 -0.12274221E+06 -0.25328672E+06 1989  236   17   13   36    0  0.79693002E+00  0.58216953E+00  0.16118731E+00  0.11957543E+00  0.10952297E+00 -0.98676574E+00 -0.59211862E+00  0.80565715E+00  0.17668981E-01
 1989  236   17   15   11 1000 -0.59616988E+06  0.21904622E+06 -0.29753872E+06  0.38068134E+02  0.59606529E+02  0.83326683E+01 -0.28667903E+06  0.64005869E+06  0.89486211E+04  0.75226874E+01 -0.15574582E+02  0.80454904E+00  0.32605847E+06  0.89751477E+05 -0.10716923E+06  0.21567245E+06 -0.12303221E+06 -0.25339094E+06 1989  236   17   15   11 1000  0.79693657E+00  0.58200550E+00  0.16174585E+00  0.12014434E+00  0.10969582E+00 -0.98667735E+00 -0.59199452E+00  0.80575210E+00  0.17495945E-01
 1989  236   17   16   48    0 -0.59248819E+06  0.22474217E+06 -0.29673875E+06  0.38633770E+02  0.59058384E+02  0.83332357E+01 -0.28595681E+06  0.63856350E+06  0.90258574E+04  0.75232334E+01 -0.15575803E+02  0.80453259E+00  0.32704722E+06  0.85952961E+05 -0.10727027E+06  0.21538467E+06 -0.12332205E+06 -0.25349478E+06 1989  236   17   16   48    0  0.79685253E+00  0.58205700E+00  0.16197513E+00  0.12027043E+00  0.10990873E+00 -0.98663831E+00 -0.59208214E+00  0.80568588E+00  0.17576825E-01
 1989  236   17   18   24    0 -0.58875244E+06  0.23038527E+06 -0.29593872E+06  0.39192131E+02  0.58504929E+02  0.83338060E+01 -0.28523456E+06  0.63706812E+06  0.91030918E+04  0.75237818E+01 -0.15577028E+02  0.80451590E+00  0.32799178E+06  0.82143484E+05 -0.10737111E+06  0.21509661E+06 -0.12361171E+06 -0.25359831E+06 1989  236   17   18   24    0  0.79682541E+00  0.58211666E+00  0.16189368E+00  0.12001072E+00  0.11012256E+00 -0.98664618E+00 -0.59217131E+00  0.80561364E+00  0.17888226E-01
 1989  236   17   20    0    0 -0.58496350E+06  0.23597497E+06 -0.29513862E+06  0.39743168E+02  0.57946247E+02  0.83343792E+01 -0.28451225E+06  0.63557269E+06  0.91803242E+04  0.75243325E+01 -0.15578259E+02  0.80449897E+00  0.32889197E+06  0.78323602E+05 -0.10747183E+06  0.21480823E+06 -0.12390118E+06 -0.25370147E+06 1989  236   17   20    0    0  0.79663986E+00  0.58256537E+00  0.16119093E+00  0.11899291E+00  0.11030605E+00 -0.98674887E+00 -0.59262604E+00  0.80526406E+00  0.18553045E-01
 1989  236   17   21   36    0 -0.58112200E+06  0.24151080E+06 -0.29433847E+06  0.40286823E+02  0.57382427E+02  0.83349533E+01 -0.28378988E+06  0.63407712E+06  0.92575557E+04  0.75248861E+01 -0.15579497E+02  0.80448174E+00  0.32974772E+06  0.74493797E+05 -0.10757242E+06  0.21451955E+06 -0.12419049E+06 -0.25380425E+06 1989  236   17   21   36    0  0.79636472E+00  0.58307433E+00  0.16070956E+00  0.11827065E+00  0.11045696E+00 -0.98681879E+00 -0.59314018E+00  0.80487490E+00  0.19003436E-01
 1989  236   17   23   12    0 -0.57722869E+06  0.24699223E+06 -0.29353831E+06  0.40823063E+02  0.56813576E+02  0.83355312E+01 -0.28306747E+06  0.63258138E+06  0.93347842E+04  0.75254421E+01 -0.15580741E+02  0.80446422E+00  0.33055891E+06  0.70654625E+05 -0.10767283E+06  0.21423058E+06 -0.12447965E+06 -0.25390669E+06 1989  236   17   23   12    0  0.79606980E+00  0.58344901E+00  0.16081043E+00  0.11842535E+00  0.11040191E+00 -0.98680639E+00 -0.59350502E+00  0.80461085E+00  0.18792480E-01
 1989  236   17   24   47 1000 -0.57328425E+06  0.25241884E+06 -0.29273806E+06  0.41351837E+02  0.56239773E+02  0.83361111E+01 -0.28234500E+06  0.63108556E+06  0.94120107E+04  0.75260005E+01 -0.15581990E+02  0.80444640E+00  0.33132547E+06  0.66806625E+05 -0.10777307E+06  0.21394130E+06 -0.12476862E+06 -0.25400873E+06 1989  236   17   24   47 1000  0.79598302E+00  0.58349532E+00  0.16107237E+00  0.11875807E+00  0.11038928E+00 -0.98676783E+00 -0.59355509E+00  0.80457908E+00  0.18573221E-01
 1989  236   17   26   24    0 -0.56928938E+06  0.25779012E+06 -0.29193775E+06  0.41873085E+02  0.55661121E+02  0.83366947E+01 -0.28162250E+06  0.62958962E+06  0.94892373E+04  0.75265617E+01 -0.15583245E+02  0.80442834E+00  0.33204725E+06  0.62950262E+05 -0.10787316E+06  0.21365172E+06 -0.12505739E+06 -0.25411045E+06 1989  236   17   26   24    0  0.79601991E+00  0.58341706E+00  0.16117349E+00  0.11897090E+00  0.11027378E+00 -0.98675507E+00 -0.59346294E+00  0.80465156E+00  0.18370479E-01
 1989  236   17   28    0    0 -0.56524481E+06  0.26310562E+06 -0.29113741E+06  0.42386784E+02  0.55077713E+02  0.83372803E+01 -0.28089994E+06  0.62809362E+06  0.95664619E+04  0.75271258E+01 -0.15584507E+02  0.80440998E+00  0.33272419E+06  0.59086059E+05 -0.10797310E+06  0.21336184E+06 -0.12534598E+06 -0.25421180E+06 1989  236   17   28    0    0  0.79608727E+00  0.58328462E+00  0.16132036E+00  0.11919008E+00  0.11022839E+00 -0.98673379E+00 -0.59332871E+00  0.80475390E+00  0.18229660E-01
 1989  236   17   29   35 1000 -0.56115131E+06  0.26836488E+06 -0.29033700E+06  0.42892883E+02  0.54489647E+02  0.83378677E+01 -0.28017728E+06  0.62659744E+06  0.96436846E+04  0.75276923E+01 -0.15585774E+02  0.80439132E+00  0.33335616E+06  0.55214555E+05 -0.10807291E+06  0.21307166E+06 -0.12563442E+06 -0.25431277E+06 1989  236   17   29   35 1000  0.79613215E+00  0.58318233E+00  0.16146819E+00  0.11940454E+00  0.11018996E+00 -0.98671210E+00 -0.59322524E+00  0.80483329E+00  0.18091153E-01
 1989  236   17   31   12    0 -0.55700962E+06  0.27356747E+06 -0.28953653E+06  0.43391338E+02  0.53897003E+02  0.83384581E+01 -0.27945459E+06  0.62510112E+06  0.97209053E+04  0.75282612E+01 -0.15587049E+02  0.80437231E+00  0.33394312E+06  0.51336266E+05 -0.10817257E+06  0.21278119E+06 -0.12592267E+06 -0.25441342E+06 1989  236   17   31   12    0  0.79620802E+00  0.58307540E+00  0.16148065E+00  0.11957009E+00  0.10999036E+00 -0.98671436E+00 -0.59309012E+00  0.80493808E+00  0.17856840E-01
 1989  236   17   32   47 1000 -0.55282044E+06  0.27871297E+06 -0.28873603E+06  0.43882114E+02  0.53299892E+02  0.83390512E+01 -0.27873188E+06  0.62360475E+06  0.97981240E+04  0.75288329E+01 -0.15588329E+02  0.80435306E+00  0.33448503E+06  0.47451719E+05 -0.10827207E+06  0.21249041E+06 -0.12621073E+06 -0.25451370E+06 1989  236   17   32   47 1000  0.79620004E+00  0.58303016E+00  0.16168237E+00  0.11982875E+00  0.10998014E+00 -0.98668402E+00 -0.59304845E+00  0.80497211E+00  0.17702419E-01
 1989  236   17   34   24    0 -0.54858450E+06  0.28380091E+06 -0.28793547E+06  0.44365173E+02  0.52698395E+02  0.83396473E+01 -0.27800909E+06  0.62210819E+06  0.98753418E+04  0.75294075E+01 -0.15589616E+02  0.80433345E+00  0.33498175E+06  0.43561414E+05 -0.10837141E+06  0.21219931E+06 -0.12649864E+06 -0.25461361E+06 1989  236   17   34   24    0  0.79633629E+00  0.58281302E+00  0.16179526E+00  0.12006262E+00  0.10986063E+00 -0.98666894E+00 -0.59281844E+00  0.80514574E+00  0.17511953E-01
 1989  236   17   36    0    0 -0.54430256E+06  0.28883094E+06 -0.28713481E+06  0.44840473E+02  0.52092621E+02  0.83402462E+01 -0.27728625E+06  0.62061156E+06  0.99525566E+04  0.75299850E+01 -0.15590909E+02  0.80431360E+00  0.33543328E+06  0.39665898E+05 -0.10847060E+06  0.21190792E+06 -0.12678636E+06 -0.25471316E+06 1989  236   17   36    0    0  0.79634994E+00  0.58281416E+00  0.16172388E+00  0.12006299E+00  0.10973991E+00 -0.98668242E+00 -0.59280002E+00  0.80516148E+00  0.17416965E-01
 1989  236   17   37   36    0 -0.53997538E+06  0.29380256E+06 -0.28633412E+06  0.45307983E+02  0.51482670E+02  0.83408480E+01 -0.27656334E+06  0.61911475E+06  0.10029770E+05  0.75305648E+01 -0.15592208E+02  0.80429339E+00  0.33583953E+06  0.35765715E+05 -0.10856963E+06  0.21161623E+06 -0.12707389E+06 -0.25481234E+06 1989  236   17   37   36    0  0.79653275E+00  0.58264065E+00  0.16144840E+00  0.11979502E+00  0.10964662E+00 -0.98672533E+00 -0.59260851E+00  0.80529964E+00  0.17539684E-01
 1989  236   17   39   12    0 -0.53560369E+06  0.29871547E+06 -0.28553338E+06  0.45767654E+02  0.50868622E+02  0.83414526E+01 -0.27584038E+06  0.61761781E+06  0.10106980E+05  0.75311475E+01 -0.15593513E+02  0.80427289E+00  0.33620047E+06  0.31861369E+05 -0.10866850E+06  0.21132423E+06 -0.12736123E+06 -0.25491119E+06 1989  236   17   39   12    0  0.79662925E+00  0.58256888E+00  0.16123089E+00  0.11961108E+00  0.10953305E+00 -0.98676020E+00 -0.59251595E+00  0.80536705E+00  0.17575540E-01
 1989  236   17   40   47 1000 -0.53118825E+06  0.30356922E+06 -0.28473256E+06  0.46219460E+02  0.50250576E+02  0.83420591E+01 -0.27511734E+06  0.61612081E+06  0.10184189E+05  0.75317330E+01 -0.15594825E+02  0.80425203E+00  0.33651606E+06  0.27953387E+05 -0.10876725E+06  0.21103195E+06 -0.12764841E+06 -0.25500969E+06 1989  236   17   40   47 1000  0.79675460E+00  0.58245784E+00  0.16101250E+00  0.11943255E+00  0.10941215E+00 -0.98679525E+00 -0.59238338E+00  0.80546373E+00  0.17610196E-01
 1989  236   17   42   24    0 -0.52672981E+06  0.30836344E+06 -0.28393172E+06  0.46663376E+02  0.49628639E+02  0.83426685E+01 -0.27439422E+06  0.61462362E+06  0.10261396E+05  0.75323210E+01 -0.15596144E+02  0.80423087E+00  0.33678622E+06  0.24042297E+05 -0.10886584E+06  0.21073939E+06 -0.12793541E+06 -0.25510781E+06 1989  236   17   42   24    0  0.79677463E+00  0.58251977E+00  0.16068926E+00  0.11912788E+00  0.10927980E+00 -0.98684680E+00 -0.59241784E+00  0.80543697E+00  0.17677024E-01
 1989  236   17   44    0    0 -0.52222916E+06  0.31309778E+06 -0.28313078E+06  0.47099358E+02  0.49002903E+02  0.83432808E+01 -0.27367109E+06  0.61312631E+06  0.10338602E+05  0.75329118E+01 -0.15597468E+02  0.80420941E+00  0.33701094E+06  0.20128631E+05 -0.10896425E+06  0.21044652E+06 -0.12822223E+06 -0.25520556E+06 1989  236   17   44    0    0  0.79687768E+00  0.58246380E+00  0.16038044E+00  0.11879890E+00  0.10920908E+00 -0.98689425E+00 -0.59234518E+00  0.80548704E+00  0.17830219E-01
 1989  236   17   45   36    0 -0.51768700E+06  0.31777188E+06 -0.28232978E+06  0.47527374E+02  0.48373470E+02  0.83438969E+01 -0.27294791E+06  0.61162894E+06  0.10415805E+05  0.75335059E+01 -0.15598800E+02  0.80418754E+00  0.33719025E+06  0.16212907E+05 -0.10906253E+06  0.21015333E+06 -0.12850888E+06 -0.25530297E+06 1989  236   17   45   36    0  0.79691422E+00  0.58246696E+00  0.16018812E+00  0.11865994E+00  0.10907413E+00 -0.98692590E+00 -0.59232402E+00  0.80550307E+00  0.17807242E-01
 1989  236   17   47   12    0 -0.51310412E+06  0.32238538E+06 -0.28152875E+06  0.47947407E+02  0.47740433E+02  0.83445148E+01 -0.27222466E+06  0.61013138E+06  0.10493006E+05  0.75341029E+01 -0.15600139E+02  0.80416542E+00  0.33732409E+06  0.12295638E+05 -0.10916066E+06  0.20985984E+06 -0.12879535E+06 -0.25539998E+06 1989  236   17   47   12    0  0.79634279E+00  0.58301592E+00  0.16103023E+00  0.11924541E+00  0.10967559E+00 -0.98678869E+00 -0.59297454E+00  0.80502409E+00  0.17817408E-01
 1989  236   17   48   48    0 -0.50848131E+06  0.32693797E+06 -0.28072766E+06  0.48359417E+02  0.47103886E+02  0.83451357E+01 -0.27150138E+06  0.60863369E+06  0.10570206E+05  0.75347023E+01 -0.15601483E+02  0.80414289E+00  0.33741244E+06  0.83773721E+04 -0.10925859E+06  0.20956609E+06 -0.12908163E+06 -0.25549664E+06 1989  236   17   48   48    0  0.79676503E+00  0.58234948E+00  0.16135290E+00  0.12044920E+00  0.10860668E+00 -0.98676068E+00 -0.59216356E+00  0.80565113E+00  0.16390480E-01
 1989  236   17   50   24    0 -0.50381934E+06  0.33142925E+06 -0.27992650E+06  0.48763378E+02  0.46463940E+02  0.83457594E+01 -0.27077803E+06  0.60713588E+06  0.10647403E+05  0.75353045E+01 -0.15602836E+02  0.80412000E+00  0.33745528E+06  0.44586567E+04 -0.10935641E+06  0.20927203E+06 -0.12936773E+06 -0.25559298E+06 1989  236   17   50   24    0  0.79631811E+00  0.58329540E+00  0.16013747E+00  0.11854447E+00  0.10911494E+00 -0.98693526E+00 -0.59314817E+00  0.80489779E+00  0.17743755E-01
 1989  236   17   52    0    0 -0.49911900E+06  0.33585891E+06 -0.27912528E+06  0.49159267E+02  0.45820683E+02  0.83463860E+01 -0.27005459E+06  0.60563794E+06  0.10724597E+05  0.75359106E+01 -0.15604195E+02  0.80409682E+00  0.33745266E+06  0.53999817E+03 -0.10945406E+06  0.20897766E+06 -0.12965363E+06 -0.25568895E+06 1989  236   17   52    0    0  0.79665250E+00  0.58287525E+00  0.16000472E+00  0.11819108E+00  0.10938717E+00 -0.98694754E+00 -0.59276968E+00  0.80516529E+00  0.18252917E-01
 1989  236   17   53   36    0 -0.49438103E+06  0.34022672E+06 -0.27832400E+06  0.49547062E+02  0.45174217E+02  0.83470154E+01 -0.26933109E+06  0.60413988E+06  0.10801788E+05  0.75365191E+01 -0.15605560E+02  0.80407327E+00  0.33740453E+06 -0.33780747E+04 -0.10955155E+06  0.20868303E+06 -0.12993934E+06 -0.25578455E+06 1989  236   17   53   36    0  0.79632813E+00  0.58309984E+00  0.16079849E+00  0.11894155E+00  0.10969518E+00 -0.98682314E+00 -0.59305525E+00  0.80496055E+00  0.17998572E-01
 1989  236   17   55   11 1000 -0.48960625E+06  0.34453228E+06 -0.27752266E+06  0.49926731E+02  0.44524639E+02  0.83476486E+01 -0.26860756E+06  0.60264169E+06  0.10878978E+05  0.75371304E+01 -0.15606933E+02  0.80404937E+00  0.33731097E+06 -0.72950337E+04 -0.10964890E+06  0.20838809E+06 -0.13022488E+06 -0.25587980E+06 1989  236   17   55   11 1000  0.79587781E+00  0.58345163E+00  0.16174929E+00  0.11976503E+00  0.11016345E+00 -0.98667145E+00 -0.59349388E+00  0.80464172E+00  0.17799538E-01
 1989  236   17   56   48    0 -0.48479541E+06  0.34877531E+06 -0.27672122E+06  0.50298248E+02  0.43872044E+02  0.83482838E+01 -0.26788397E+06  0.60114338E+06  0.10956165E+05  0.75377450E+01 -0.15608312E+02  0.80402511E+00  0.33717191E+06 -0.11210354E+05 -0.10974609E+06  0.20809284E+06 -0.13051022E+06 -0.25597467E+06 1989  236   17   56   48    0  0.79599863E+00  0.58315134E+00  0.16223636E+00  0.12019399E+00  0.11041173E+00 -0.98659140E+00 -0.59324491E+00  0.80482525E+00  0.17796304E-01
 1989  236   17   58   24    0 -0.47994925E+06  0.35295562E+06 -0.27591975E+06  0.50661598E+02  0.43216537E+02  0.83489227E+01 -0.26716034E+06  0.59964488E+06  0.11033351E+05  0.75383625E+01 -0.15609698E+02  0.80400044E+00  0.33698747E+06 -0.15123503E+05 -0.10984315E+06  0.20779730E+06 -0.13079541E+06 -0.25606916E+06 1989  236   17   58   24    0  0.79635608E+00  0.58276886E+00  0.16185686E+00  0.11985970E+00  0.11024143E+00 -0.98665118E+00 -0.59283292E+00  0.80512571E+00  0.17940924E-01
 1989  236   18    0    0    0 -0.47506862E+06  0.35707284E+06 -0.27511822E+06  0.51016769E+02  0.42558216E+02  0.83495646E+01 -0.26643666E+06  0.59814631E+06  0.11110534E+05  0.75389829E+01 -0.15611092E+02  0.80397546E+00  0.33675762E+06 -0.19033979E+05 -0.10994002E+06  0.20750148E+06 -0.13108041E+06 -0.25616331E+06 1989  236   18    0    0    0  0.79658186E+00  0.58260339E+00  0.16134013E+00  0.11939585E+00  0.11000827E+00 -0.98673344E+00 -0.59262300E+00  0.80527723E+00  0.18070184E-01
 1989  236   18    1   36    0 -0.47015428E+06  0.36112672E+06 -0.27431662E+06  0.51363739E+02  0.41897182E+02  0.83502092E+01 -0.26571288E+06  0.59664756E+06  0.11187716E+05  0.75396061E+01 -0.15612493E+02  0.80395001E+00  0.33648241E+06 -0.22941234E+05 -0.11003674E+06  0.20720536E+06 -0.13136522E+06 -0.25625709E+06 1989  236   18    1   36    0  0.79691565E+00  0.58228922E+00  0.16082536E+00  0.11895692E+00  0.10975010E+00 -0.98681515E+00 -0.59226239E+00  0.80553967E+00  0.18194247E-01
 1989  236   18    3   11 1000 -0.46520703E+06  0.36511703E+06 -0.27351497E+06  0.51702477E+02  0.41233540E+02  0.83508568E+01 -0.26498903E+06  0.59514869E+06  0.11264894E+05  0.75402322E+01 -0.15613900E+02  0.80392426E+00  0.33616191E+06 -0.26844723E+05 -0.11013334E+06  0.20690895E+06 -0.13164984E+06 -0.25635050E+06 1989  236   18    3   11 1000  0.79697645E+00  0.58229840E+00  0.16048987E+00  0.11861612E+00  0.10964815E+00 -0.98686749E+00 -0.59224880E+00  0.80554694E+00  0.18317007E-01
 1989  236   18    4   48    0 -0.46022766E+06  0.36904350E+06 -0.27271325E+06  0.52032963E+02  0.40567368E+02  0.83515081E+01 -0.26426512E+06  0.59364969E+06  0.11342067E+05  0.75408616E+01 -0.15615315E+02  0.80389810E+00  0.33579609E+06 -0.30743938E+05 -0.11022974E+06  0.20661227E+06 -0.13193425E+06 -0.25644356E+06 1989  236   18    4   48    0  0.79657006E+00  0.58289099E+00  0.16035725E+00  0.11858220E+00  0.10944864E+00 -0.98689383E+00 -0.59280235E+00  0.80514544E+00  0.18063024E-01
 1989  236   18    6   24    0 -0.45521697E+06  0.37290588E+06 -0.27191150E+06  0.52355198E+02  0.39898788E+02  0.83521614E+01 -0.26354119E+06  0.59215056E+06  0.11419239E+05  0.75414944E+01 -0.15616738E+02  0.80387151E+00  0.33538509E+06 -0.34638359E+05 -0.11032598E+06  0.20631527E+06 -0.13221850E+06 -0.25653628E+06 1989  236   18    6   24    0  0.79615659E+00  0.58338237E+00  0.16062285E+00  0.11901185E+00  0.10929382E+00 -0.98685920E+00 -0.59327137E+00  0.80481040E+00  0.17585572E-01
 1989  236   18    8    0    0 -0.45017572E+06  0.37670394E+06 -0.27110969E+06  0.52669167E+02  0.39227890E+02  0.83528185E+01 -0.26281719E+06  0.59065125E+06  0.11496411E+05  0.75421305E+01 -0.15618168E+02  0.80384457E+00  0.33492894E+06 -0.38527457E+05 -0.11042208E+06  0.20601797E+06 -0.13250256E+06 -0.25662866E+06 1989  236   18    8    0    0  0.79582870E+00  0.58359224E+00  0.16148387E+00  0.12016347E+00  0.10917217E+00 -0.98673314E+00 -0.59347928E+00  0.80467492E+00  0.16755883E-01
 1989  236   18    9   36    0 -0.44510478E+06  0.38043753E+06 -0.27030778E+06  0.52974854E+02  0.38554771E+02  0.83534784E+01 -0.26209309E+06  0.58915181E+06  0.11573579E+05  0.75427694E+01 -0.15619605E+02  0.80381721E+00  0.33442772E+06 -0.42410715E+05 -0.11051802E+06  0.20572038E+06 -0.13278644E+06 -0.25672061E+06 1989  236   18    9   36    0  0.79609144E+00  0.58328891E+00  0.16128398E+00  0.12011224E+00  0.10891600E+00 -0.98676765E+00 -0.59313703E+00  0.80492949E+00  0.16646966E-01
 1989  236   18   11   11 1000 -0.44000488E+06  0.38410644E+06 -0.26950581E+06  0.53272228E+02  0.37879543E+02  0.83541412E+01 -0.26136897E+06  0.58765231E+06  0.11650743E+05  0.75434113E+01 -0.15621050E+02  0.80378944E+00  0.33388147E+06 -0.46287602E+05 -0.11061383E+06  0.20542250E+06 -0.13307016E+06 -0.25681220E+06 1989  236   18   11   11 1000  0.79633987E+00  0.58309227E+00  0.16076854E+00  0.11965354E+00  0.10867840E+00 -0.98684961E+00 -0.59289640E+00  0.80510408E+00  0.16775895E-01
 1989  236   18   12   48    0 -0.43487675E+06  0.38771038E+06 -0.26870378E+06  0.53561298E+02  0.37202286E+02  0.83548079E+01 -0.26064477E+06  0.58615262E+06  0.11727906E+05  0.75440569E+01 -0.15622501E+02  0.80376124E+00  0.33329028E+06 -0.50157625E+05 -0.11070948E+06  0.20512434E+06 -0.13335366E+06 -0.25690348E+06 1989  236   18   12   48    0  0.79664958E+00  0.58277893E+00  0.16036904E+00  0.11910519E+00  0.10876200E+00 -0.98690671E+00 -0.59259045E+00  0.80531961E+00  0.17233204E-01
 1989  236   18   14   24    0 -0.42972128E+06  0.39124922E+06 -0.26790169E+06  0.53842060E+02  0.36523109E+02  0.83554773E+01 -0.25992048E+06  0.58465275E+06  0.11805066E+05  0.75447059E+01 -0.15623961E+02  0.80373263E+00  0.33265431E+06 -0.54020234E+05 -0.11080495E+06  0.20482591E+06 -0.13363697E+06 -0.25699439E+06 1989  236   18   14   24    0  0.79690403E+00  0.58251536E+00  0.16006227E+00  0.11864915E+00  0.10887498E+00 -0.98694915E+00 -0.59233975E+00  0.80549496E+00  0.17647948E-01
 1989  236   18   16    0    0 -0.42453934E+06  0.39472275E+06 -0.26709953E+06  0.54114494E+02  0.35842121E+02  0.83561497E+01 -0.25919617E+06  0.58315275E+06  0.11882225E+05  0.75453577E+01 -0.15625429E+02  0.80370361E+00  0.33197356E+06 -0.57874898E+05 -0.11090027E+06  0.20452719E+06 -0.13392009E+06 -0.25708492E+06 1989  236   18   16    0    0  0.79691273E+00  0.58248627E+00  0.16012453E+00  0.11865531E+00  0.10897255E+00 -0.98693764E+00 -0.59232682E+00  0.80550277E+00  0.17726526E-01
 1989  236   18   17   36    0 -0.41933159E+06  0.39813084E+06 -0.26629731E+06  0.54378590E+02  0.35159416E+02  0.83568258E+01 -0.25847180E+06  0.58165269E+06  0.11959379E+05  0.75460129E+01 -0.15626904E+02  0.80367416E+00  0.33124816E+06 -0.61721117E+05 -0.11099542E+06  0.20422816E+06 -0.13420298E+06 -0.25717508E+06 1989  236   18   17   36    0  0.79683888E+00  0.58251703E+00  0.16037954E+00  0.11889179E+00  0.10907926E+00 -0.98689735E+00 -0.59237862E+00  0.80546606E+00  0.17662112E-01
 1989  236   18   19   12    0 -0.41409891E+06  0.40147331E+06 -0.26549503E+06  0.54634342E+02  0.34475086E+02  0.83575058E+01 -0.25774733E+06  0.58015244E+06  0.12036529E+05  0.75466714E+01 -0.15628386E+02  0.80364430E+00  0.33047819E+06 -0.65558367E+05 -0.11109042E+06  0.20392883E+06 -0.13448573E+06 -0.25726484E+06 1989  236   18   19   12    0  0.79672837E+00  0.58255213E+00  0.16080174E+00  0.11933334E+00  0.10918874E+00 -0.98683208E+00 -0.59243882E+00  0.80542594E+00  0.17475884E-01
 1989  236   18   20   47 1000 -0.40884206E+06  0.40474997E+06 -0.26469269E+06  0.54881744E+02  0.33789234E+02  0.83581877E+01 -0.25702283E+06  0.57865200E+06  0.12113678E+05  0.75473328E+01 -0.15629878E+02  0.80361396E+00  0.32966378E+06 -0.69386117E+05 -0.11118529E+06  0.20362923E+06 -0.13476830E+06 -0.25735431E+06 1989  236   18   20   47 1000  0.79675519E+00  0.58242083E+00  0.16114390E+00  0.11970238E+00  0.10926795E+00 -0.98677856E+00 -0.59232825E+00  0.80551010E+00  0.17342664E-01
 1989  236   18   22   24    0 -0.40356188E+06  0.40796075E+06 -0.26389025E+06  0.55120800E+02  0.33101959E+02  0.83588734E+01 -0.25629827E+06  0.57715150E+06  0.12190822E+05  0.75479980E+01 -0.15631376E+02  0.80358320E+00  0.32880506E+06 -0.73203891E+05 -0.11128001E+06  0.20332936E+06 -0.13505067E+06 -0.25744341E+06 1989  236   18   22   24    0  0.79667121E+00  0.58244276E+00  0.16147904E+00  0.12008314E+00  0.10931376E+00 -0.98672724E+00 -0.59236395E+00  0.80548811E+00  0.17145582E-01
 1989  236   18   24    0    0 -0.39825916E+06  0.41110550E+06 -0.26308775E+06  0.55351501E+02  0.32413368E+02  0.83595629E+01 -0.25557361E+06  0.57565081E+06  0.12267965E+05  0.75486670E+01 -0.15632883E+02  0.80355191E+00  0.32790216E+06 -0.77011164E+05 -0.11137454E+06  0.20302917E+06 -0.13533286E+06 -0.25753209E+06 1989  236   18   24    0    0  0.79667258E+00  0.58239734E+00  0.16163622E+00  0.12024014E+00  0.10936664E+00 -0.98670220E+00 -0.59233034E+00  0.80551374E+00  0.17101869E-01
 1989  236   18   25   35 1000 -0.39293469E+06  0.41418409E+06 -0.26228522E+06  0.55573853E+02  0.31723545E+02  0.83602562E+01 -0.25484889E+06  0.57415000E+06  0.12345105E+05  0.75493388E+01 -0.15634398E+02  0.80352026E+00  0.32695516E+06 -0.80807414E+05 -0.11146891E+06  0.20272870E+06 -0.13561483E+06 -0.25762044E+06 1989  236   18   25   35 1000  0.79669166E+00  0.58233583E+00  0.16176338E+00  0.12024452E+00  0.10957700E+00 -0.98667830E+00 -0.59230369E+00  0.80552953E+00  0.17276399E-01
 1989  236   18   27   12    0 -0.38758925E+06  0.41719644E+06 -0.26148258E+06  0.55787849E+02  0.31032600E+02  0.83609514E+01 -0.25412412E+06  0.57264900E+06  0.12422241E+05  0.75500145E+01 -0.15635921E+02  0.80348814E+00  0.32596419E+06 -0.84592172E+05 -0.11156313E+06  0.20242798E+06 -0.13589661E+06 -0.25770844E+06 1989  236   18   27   12    0  0.79672503E+00  0.58232874E+00  0.16162510E+00  0.12004441E+00  0.10961658E+00 -0.98669839E+00 -0.59229958E+00  0.80552936E+00  0.17428968E-01
 1989  236   18   28   47 1000 -0.38222366E+06  0.42014234E+06 -0.26067989E+06  0.55993488E+02  0.30340639E+02  0.83616505E+01 -0.25339931E+06  0.57114788E+06  0.12499374E+05  0.75506935E+01 -0.15637451E+02  0.80345553E+00  0.32492944E+06 -0.88364867E+05 -0.11165720E+06  0.20212694E+06 -0.13617820E+06 -0.25779606E+06 1989  236   18   28   47 1000  0.79683840E+00  0.58225572E+00  0.16132894E+00  0.11965804E+00  0.10964589E+00 -0.98674202E+00 -0.59222525E+00  0.80557811E+00  0.17698456E-01
 1989  236   18   30   24    0 -0.37683875E+06  0.42302181E+06 -0.25987714E+06  0.56190773E+02  0.29647755E+02  0.83623533E+01 -0.25267441E+06  0.56964662E+06  0.12576505E+05  0.75513759E+01 -0.15638990E+02  0.80342245E+00  0.32385106E+06 -0.92125031E+05 -0.11175110E+06  0.20182559E+06 -0.13645961E+06 -0.25788333E+06 1989  236   18   30   24    0  0.79687989E+00  0.58227712E+00  0.16104622E+00  0.11915629E+00  0.10985139E+00 -0.98677987E+00 -0.59227049E+00  0.80553466E+00  0.18156383E-01
 1989  236   18   32    0    0 -0.37143528E+06  0.42583472E+06 -0.25907433E+06  0.56379715E+02  0.28954039E+02  0.83630600E+01 -0.25194944E+06  0.56814525E+06  0.12653632E+05  0.75520616E+01 -0.15640538E+02  0.80338883E+00  0.32272916E+06 -0.95872133E+05 -0.11184485E+06  0.20152400E+06 -0.13674083E+06 -0.25797023E+06 1989  236   18   32    0    0  0.79691416E+00  0.58234924E+00  0.16061485E+00  0.11865422E+00  0.10980496E+00 -0.98684549E+00 -0.59232503E+00  0.80548882E+00  0.18406942E-01
 1989  236   18   33   36    0 -0.36601412E+06  0.42858094E+06 -0.25827145E+06  0.56560307E+02  0.28259592E+02  0.83637705E+01 -0.25122441E+06  0.56664369E+06  0.12730755E+05  0.75527511E+01 -0.15642094E+02  0.80335480E+00  0.32156391E+06 -0.99605664E+05 -0.11193844E+06  0.20122212E+06 -0.13702186E+06 -0.25805677E+06 1989  236   18   33   36    0  0.79694712E+00  0.58228439E+00  0.16068678E+00  0.11866415E+00  0.10991511E+00 -0.98683202E+00 -0.59227878E+00  0.80552065E+00  0.18500250E-01
 1989  236   18   35   12    0 -0.36057600E+06  0.43126050E+06 -0.25746848E+06  0.56732552E+02  0.27564520E+02  0.83644838E+01 -0.25049931E+06  0.56514194E+06  0.12807876E+05  0.75534444E+01 -0.15643659E+02  0.80332023E+00  0.32035547E+06 -0.10332516E+06 -0.11203188E+06  0.20091994E+06 -0.13730270E+06 -0.25814292E+06 1989  236   18   35   12    0  0.79688740E+00  0.58230913E+00  0.16089346E+00  0.11895987E+00  0.10986000E+00 -0.98680258E+00 -0.59229988E+00  0.80551028E+00  0.18274635E-01
 1989  236   18   36   47 1000 -0.35512175E+06  0.43387334E+06 -0.25666545E+06  0.56896465E+02  0.26868914E+02  0.83652010E+01 -0.24977416E+06  0.56364006E+06  0.12884993E+05  0.75541410E+01 -0.15645231E+02  0.80328518E+00  0.31910400E+06 -0.10703009E+06 -0.11212516E+06  0.20061750E+06 -0.13758333E+06 -0.25822870E+06 1989  236   18   36   47 1000  0.79680455E+00  0.58232450E+00  0.16124754E+00  0.11935170E+00  0.10992289E+00 -0.98674828E+00 -0.59233242E+00  0.80549067E+00  0.18085636E-01
 1989  236   18   38   24    0 -0.34965216E+06  0.43641934E+06 -0.25586234E+06  0.57052059E+02  0.26172871E+02  0.83659210E+01 -0.24904894E+06  0.56213800E+06  0.12962106E+05  0.75548410E+01 -0.15646812E+02  0.80324960E+00  0.31780969E+06 -0.11071998E+06 -0.11221828E+06  0.20031478E+06 -0.13786377E+06 -0.25831417E+06 1989  236   18   38   24    0  0.79676765E+00  0.58227384E+00  0.16161303E+00  0.11975333E+00  0.10999416E+00 -0.98669171E+00 -0.59230119E+00  0.80551755E+00  0.17910562E-01
 1989  236   18   40    0    0 -0.34416800E+06  0.43889850E+06 -0.25505919E+06  0.57199337E+02  0.25476492E+02  0.83666449E+01 -0.24832362E+06  0.56063588E+06  0.13039218E+05  0.75555449E+01 -0.15648402E+02  0.80321354E+00  0.31647272E+06 -0.11439433E+06 -0.11231125E+06  0.20001173E+06 -0.13814402E+06 -0.25839927E+06 1989  236   18   40    0    0  0.79677725E+00  0.58217227E+00  0.16193107E+00  0.12016353E+00  0.10997567E+00 -0.98664391E+00 -0.59220517E+00  0.80559349E+00  0.17670233E-01
 1989  236   18   41   36    0 -0.33867012E+06  0.44131078E+06 -0.25425597E+06  0.57338295E+02  0.24779881E+02  0.83673725E+01 -0.24759825E+06  0.55913356E+06  0.13116323E+05  0.75562525E+01 -0.15650002E+02  0.80317694E+00  0.31509325E+06 -0.11805262E+06 -0.11240406E+06  0.19970842E+06 -0.13842408E+06 -0.25848394E+06 1989  236   18   41   36    0  0.79679465E+00  0.58210099E+00  0.16210218E+00  0.12026848E+00  0.11012385E+00 -0.98661464E+00 -0.59216058E+00  0.80562490E+00  0.17737720E-01
 1989  236   18   43   12    0 -0.33315931E+06  0.44365622E+06 -0.25345266E+06  0.57468960E+02  0.24083126E+02  0.83681040E+01 -0.24687281E+06  0.55763106E+06  0.13193425E+05  0.75569639E+01 -0.15651608E+02  0.80313981E+00  0.31367150E+06 -0.12169439E+06 -0.11249672E+06  0.19940483E+06 -0.13870394E+06 -0.25856828E+06 1989  236   18   43   12    0  0.79676706E+00  0.58214796E+00  0.16206816E+00  0.12026271E+00  0.11007250E+00 -0.98662102E+00 -0.59219867E+00  0.80559778E+00  0.17691441E-01
 1989  236   18   44   47 1000 -0.32763634E+06  0.44593478E+06 -0.25264928E+06  0.57591343E+02  0.23386326E+02  0.83688393E+01 -0.24614731E+06  0.55612844E+06  0.13270524E+05  0.75576792E+01 -0.15653225E+02  0.80310214E+00  0.31220769E+06 -0.12531915E+06 -0.11258919E+06  0.19910095E+06 -0.13898359E+06 -0.25865228E+06 1989  236   18   44   47 1000  0.79674166E+00  0.58219010E+00  0.16204113E+00  0.12020789E+00  0.11009997E+00 -0.98662454E+00 -0.59224379E+00  0.80556351E+00  0.17737385E-01
 1989  236   18   46   24    0 -0.32210203E+06  0.44814641E+06 -0.25184584E+06  0.57705444E+02  0.22689579E+02  0.83695774E+01 -0.24542173E+06  0.55462562E+06  0.13347620E+05  0.75583982E+01 -0.15654851E+02  0.80306393E+00  0.31070200E+06 -0.12892641E+06 -0.11268149E+06  0.19879683E+06 -0.13926306E+06 -0.25873591E+06 1989  236   18   46   24    0  0.79683000E+00  0.58217299E+00  0.16166805E+00  0.11976202E+00  0.11007867E+00 -0.98668122E+00 -0.59221530E+00  0.80557895E+00  0.17991770E-01
 1989  236   18   48    0    0 -0.31655716E+06  0.45029119E+06 -0.25104231E+06  0.57811302E+02  0.21992987E+02  0.83703203E+01 -0.24469608E+06  0.55312269E+06  0.13424714E+05  0.75591207E+01 -0.15656486E+02  0.80302519E+00  0.30915459E+06 -0.13251566E+06 -0.11277368E+06  0.19849242E+06 -0.13954231E+06 -0.25881916E+06 1989  236   18   48    0    0  0.79690230E+00  0.58216333E+00  0.16134672E+00  0.11932153E+00  0.11013708E+00 -0.98672807E+00 -0.59220713E+00  0.80557787E+00  0.18303875E-01
 1989  236   18   49   36    0 -0.31100253E+06  0.45236906E+06 -0.25023872E+06  0.57908909E+02  0.21296638E+02  0.83710661E+01 -0.24397036E+06  0.55161962E+06  0.13501804E+05  0.75598469E+01 -0.15658129E+02  0.80298585E+00  0.30756572E+06 -0.13608641E+06 -0.11286571E+06  0.19818770E+06 -0.13982138E+06 -0.25890203E+06 1989  236   18   49   36    0  0.79693747E+00  0.58222193E+00  0.16096088E+00  0.11886299E+00  0.11010867E+00 -0.98678660E+00 -0.59225190E+00  0.80553949E+00  0.18545076E-01
 1989  236   18   51   11 1000 -0.30543891E+06  0.45438012E+06 -0.24943506E+06  0.57998287E+02  0.20600622E+02  0.83718166E+01 -0.24324458E+06  0.55011638E+06  0.13578889E+05  0.75605774E+01 -0.15659781E+02  0.80294597E+00  0.30593562E+06 -0.13963823E+06 -0.11295755E+06  0.19788269E+06 -0.14010025E+06 -0.25898456E+06 1989  236   18   51   11 1000  0.79702485E+00  0.58216071E+00  0.16074976E+00  0.11858037E+00  0.11013994E+00 -0.98681712E+00 -0.59219110E+00  0.80557942E+00  0.18751439E-01
 1989  236   18   52   48    0 -0.29986712E+06  0.45632441E+06 -0.24863133E+06  0.58079460E+02  0.19905050E+02  0.83725700E+01 -0.24251873E+06  0.54861294E+06  0.13655969E+05  0.75613117E+01 -0.15661443E+02  0.80290550E+00  0.30426453E+06 -0.14317064E+06 -0.11304924E+06  0.19757744E+06 -0.14037894E+06 -0.25906670E+06 1989  236   18   52   48    0  0.79693085E+00  0.58223903E+00  0.16093186E+00  0.11886874E+00  0.11005130E+00 -0.98679233E+00 -0.59225965E+00  0.80553496E+00  0.18493261E-01
 1989  236   18   54   24    0 -0.29428791E+06  0.45820194E+06 -0.24782755E+06  0.58152443E+02  0.19210016E+02  0.83733282E+01 -0.24179283E+06  0.54710931E+06  0.13733045E+05  0.75620499E+01 -0.15663114E+02  0.80286449E+00  0.30255262E+06 -0.14668314E+06 -0.11314077E+06  0.19727191E+06 -0.14065744E+06 -0.25914848E+06 1989  236   18   54   24    0  0.79692233E+00  0.58216798E+00  0.16123067E+00  0.11922018E+00  0.11007929E+00 -0.98674679E+00 -0.59220052E+00  0.80558240E+00  0.18318471E-01
 1989  236   18   56    0    0 -0.28870209E+06  0.46001275E+06 -0.24702367E+06  0.58217251E+02  0.18515600E+02  0.83740892E+01 -0.24106686E+06  0.54560556E+06  0.13810117E+05  0.75627928E+01 -0.15664794E+02  0.80282289E+00  0.30080019E+06 -0.15017528E+06 -0.11323215E+06  0.19696606E+06 -0.14093572E+06 -0.25922992E+06 1989  236   18   56    0    0  0.79686099E+00  0.58214194E+00  0.16162729E+00  0.11967216E+00  0.11013351E+00 -0.98668593E+00 -0.59219182E+00  0.80559379E+00  0.18094912E-01
 1989  236   18   57   36    0 -0.28311044E+06  0.46175697E+06 -0.24621970E+06  0.58273914E+02  0.17821911E+02  0.83748550E+01 -0.24034080E+06  0.54410169E+06  0.13887188E+05  0.75635390E+01 -0.15666484E+02  0.80278069E+00  0.29900741E+06 -0.15364658E+06 -0.11332337E+06  0.19665997E+06 -0.14121378E+06 -0.25931098E+06 1989  236   18   57   36    0  0.79682285E+00  0.58212411E+00  0.16187996E+00  0.12001792E+00  0.11008951E+00 -0.98664898E+00 -0.59217340E+00  0.80561274E+00  0.17856523E-01
 1989  236   18   59   11 1000 -0.27751375E+06  0.46343462E+06 -0.24541567E+06  0.58322445E+02  0.17129038E+02  0.83756247E+01 -0.23961464E+06  0.54259762E+06  0.13964254E+05  0.75642891E+01 -0.15668184E+02  0.80273783E+00  0.29717456E+06 -0.15709656E+06 -0.11341439E+06  0.19635359E+06 -0.14149166E+06 -0.25939167E+06 1989  236   18   59   11 1000  0.79682171E+00  0.58205652E+00  0.16212761E+00  0.12027612E+00  0.11015783E+00 -0.98660976E+00 -0.59212226E+00  0.80565220E+00  0.17768659E-01
 1989  236   19    0   48    0 -0.27191281E+06  0.46504575E+06 -0.24461158E+06  0.58362869E+02  0.16437075E+02  0.83763981E+01 -0.23888842E+06  0.54109338E+06  0.14041314E+05  0.75650434E+01 -0.15669893E+02  0.80269438E+00  0.29530194E+06 -0.16052478E+06 -0.11350527E+06  0.19604694E+06 -0.14176934E+06 -0.25947198E+06 1989  236   19    0   48    0  0.79679996E+00  0.58208632E+00  0.16212805E+00  0.12027161E+00  0.11016365E+00 -0.98660976E+00 -0.59215266E+00  0.80562991E+00  0.17769940E-01
 1989  236   19    2   24    0 -0.26630838E+06  0.46659053E+06 -0.24380742E+06  0.58395218E+02  0.15746122E+02  0.83771753E+01 -0.23816214E+06  0.53958900E+06  0.14118371E+05  0.75658021E+01 -0.15671613E+02  0.80265033E+00  0.29338972E+06 -0.16393075E+06 -0.11359602E+06  0.19574000E+06 -0.14204681E+06 -0.25955194E+06 1989  236   19    2   24    0  0.79680979E+00  0.58209562E+00  0.16204579E+00  0.12027180E+00  0.11002441E+00 -0.98662525E+00 -0.59213924E+00  0.80564219E+00  0.17658848E-01
 1989  236   19    4    0    0 -0.26070120E+06  0.46806906E+06 -0.24300320E+06  0.58419510E+02  0.15056260E+02  0.83779573E+01 -0.23743578E+06  0.53808450E+06  0.14195422E+05  0.75665646E+01 -0.15673341E+02  0.80260563E+00  0.29143825E+06 -0.16731406E+06 -0.11368658E+06  0.19543277E+06 -0.14232409E+06 -0.25963153E+06 1989  236   19    4    0    0  0.79682404E+00  0.58216488E+00  0.16172621E+00  0.11986497E+00  0.11003691E+00 -0.98667336E+00 -0.59220243E+00  0.80559039E+00  0.17898880E-01
 1989  236   19    5   36    0 -0.25509205E+06  0.46948141E+06 -0.24219889E+06  0.58435776E+02  0.14367584E+02  0.83787422E+01 -0.23670938E+06  0.53657975E+06  0.14272470E+05  0.75673308E+01 -0.15675079E+02  0.80256033E+00  0.28944772E+06 -0.17067427E+06 -0.11377698E+06  0.19512530E+06 -0.14260119E+06 -0.25971075E+06 1989  236   19    5   36    0  0.79691333E+00  0.58212841E+00  0.16141814E+00  0.11947410E+00  0.11005113E+00 -0.98671919E+00 -0.59216154E+00  0.80561489E+00  0.18151946E-01
 1989  236   19    7   11 1000 -0.24948175E+06  0.47082769E+06 -0.24139447E+06  0.58444038E+02  0.13680193E+02  0.83795319E+01 -0.23598288E+06  0.53507481E+06  0.14349515E+05  0.75681019E+01 -0.15676828E+02  0.80251437E+00  0.28741847E+06 -0.17401084E+06 -0.11386723E+06  0.19481755E+06 -0.14287806E+06 -0.25978962E+06 1989  236   19    7   11 1000  0.79691344E+00  0.58225191E+00  0.16097091E+00  0.11901881E+00  0.10991248E+00 -0.98678958E+00 -0.59225285E+00  0.80554450E+00  0.18291805E-01
 1989  236   19    8   48    0 -0.24387106E+06  0.47210806E+06 -0.24059000E+06  0.58444328E+02  0.12994176E+02  0.83803253E+01 -0.23525628E+06  0.53356975E+06  0.14426553E+05  0.75688772E+01 -0.15678587E+02  0.80246776E+00  0.28535072E+06 -0.17732338E+06 -0.11395733E+06  0.19450952E+06 -0.14315475E+06 -0.25986812E+06 1989  236   19    8   48    0  0.79684609E+00  0.58245289E+00  0.16057678E+00  0.11854266E+00  0.10988849E+00 -0.98684961E+00 -0.59243900E+00  0.80540246E+00  0.18518709E-01
 1989  236   19   10   24    0 -0.23826069E+06  0.47332259E+06 -0.23978544E+06  0.58436676E+02  0.12309624E+02  0.83811235E+01 -0.23452962E+06  0.53206456E+06  0.14503586E+05  0.75696568E+01 -0.15680356E+02  0.80242050E+00  0.28324481E+06 -0.18061142E+06 -0.11404727E+06  0.19420120E+06 -0.14343123E+06 -0.25994625E+06 1989  236   19   10   24    0  0.79659516E+00  0.58278948E+00  0.16060081E+00  0.11849068E+00  0.10998654E+00 -0.98684496E+00 -0.59278679E+00  0.80514556E+00  0.18559642E-01
 1989  236   19   12    0    0 -0.23265145E+06  0.47447150E+06 -0.23898081E+06  0.58421104E+02  0.11626626E+02  0.83819256E+01 -0.23380291E+06  0.53055912E+06  0.14580615E+05  0.75704408E+01 -0.15682135E+02  0.80237257E+00  0.28110100E+06 -0.18387456E+06 -0.11413701E+06  0.19389261E+06 -0.14370748E+06 -0.26002400E+06 1989  236   19   12    0    0  0.79638153E+00  0.58302778E+00  0.16079549E+00  0.11875370E+00  0.10994778E+00 -0.98681766E+00 -0.59302121E+00  0.80497831E+00  0.18323686E-01
 1989  236   19   13   36    0 -0.22704409E+06  0.47555494E+06 -0.23817612E+06  0.58397644E+02  0.10945275E+02  0.83827324E+01 -0.23307612E+06  0.52905356E+06  0.14657641E+05  0.75712285E+01 -0.15683925E+02  0.80232388E+00  0.27891959E+06 -0.18711236E+06 -0.11422663E+06  0.19358373E+06 -0.14398355E+06 -0.26010139E+06 1989  236   19   13   36    0  0.79613328E+00  0.58326602E+00  0.16116090E+00  0.11921252E+00  0.10993066E+00 -0.98676431E+00 -0.59326255E+00  0.80480814E+00  0.17986841E-01
 1989  236   19   15   11 1000 -0.22143939E+06  0.47657306E+06 -0.23737134E+06  0.58366341E+02  0.10265661E+02  0.83835430E+01 -0.23234925E+06  0.52754788E+06  0.14734662E+05  0.75720205E+01 -0.15685724E+02  0.80227458E+00  0.27670088E+06 -0.19032438E+06 -0.11431607E+06  0.19327459E+06 -0.14425942E+06 -0.26017842E+06 1989  236   19   15   11 1000  0.79596889E+00  0.58342350E+00  0.16140231E+00  0.11953157E+00  0.10989784E+00 -0.98672932E+00 -0.59341872E+00  0.80469853E+00  0.17737720E-01
 1989  236   19   16   48    0 -0.21583805E+06  0.47752603E+06 -0.23656647E+06  0.58327225E+02  0.95878677E+01  0.83843575E+01 -0.23162228E+06  0.52604194E+06  0.14811681E+05  0.75728173E+01 -0.15687535E+02  0.80222458E+00  0.27444512E+06 -0.19351019E+06 -0.11440535E+06  0.19296522E+06 -0.14453508E+06 -0.26025508E+06 1989  236   19   16   48    0  0.79596943E+00  0.58333528E+00  0.16171789E+00  0.11999458E+00  0.10980374E+00 -0.98668355E+00 -0.59332454E+00  0.80477518E+00  0.17403364E-01
 1989  236   19   18   24    0 -0.21024080E+06  0.47841400E+06 -0.23576153E+06  0.58280319E+02  0.89119892E+01  0.83851767E+01 -0.23089523E+06  0.52453588E+06  0.14888692E+05  0.75736189E+01 -0.15689356E+02  0.80217385E+00  0.27215272E+06 -0.19666933E+06 -0.11449448E+06  0.19265556E+06 -0.14481055E+06 -0.26033139E+06 1989  236   19   18   24    0  0.79621309E+00  0.58299756E+00  0.16173680E+00  0.12014697E+00  0.10964102E+00 -0.98668313E+00 -0.59296685E+00  0.80504215E+00  0.17252244E-01
 1989  236   19   20    0    0 -0.20464842E+06  0.47923719E+06 -0.23495653E+06  0.58225662E+02  0.82381163E+01  0.83860006E+01 -0.23016814E+06  0.52302956E+06  0.14965698E+05  0.75744247E+01 -0.15691188E+02  0.80212235E+00  0.26982391E+06 -0.19980139E+06 -0.11458341E+06  0.19234559E+06 -0.14508580E+06 -0.26040733E+06 1989  236   19   20    0    0  0.79628384E+00  0.58291036E+00  0.16170231E+00  0.12016350E+00  0.10956367E+00 -0.98668969E+00 -0.59286833E+00  0.80511570E+00  0.17199226E-01
 1989  236   19   21   36    0 -0.19906169E+06  0.47999578E+06 -0.23415144E+06  0.58163303E+02  0.75663352E+01  0.83868284E+01 -0.22944098E+06  0.52152312E+06  0.15042698E+05  0.75752354E+01 -0.15693030E+02  0.80207014E+00  0.26745906E+06 -0.20290598E+06 -0.11467223E+06  0.19203538E+06 -0.14536086E+06 -0.26048289E+06 1989  236   19   21   36    0  0.79647523E+00  0.58265537E+00  0.16167863E+00  0.12020434E+00  0.10947743E+00 -0.98669434E+00 -0.59260285E+00  0.80531204E+00  0.17158356E-01
 1989  236   19   23   12    0 -0.19348133E+06  0.48068997E+06 -0.23334625E+06  0.58093266E+02  0.68967314E+01  0.83876600E+01 -0.22871373E+06  0.52001650E+06  0.15119694E+05  0.75760503E+01 -0.15694883E+02  0.80201721E+00  0.26505847E+06 -0.20598270E+06 -0.11476088E+06  0.19172491E+06 -0.14563570E+06 -0.26055806E+06 1989  236   19   23   12    0  0.79664630E+00  0.58245099E+00  0.16157246E+00  0.12019393E+00  0.10932016E+00 -0.98671305E+00 -0.59237510E+00  0.80548120E+00  0.17082442E-01
 1989  236   19   24   47 1000 -0.18790806E+06  0.48132000E+06 -0.23254100E+06  0.58015594E+02  0.62293925E+01  0.83884974E+01 -0.22798639E+06  0.51850969E+06  0.15196687E+05  0.75768700E+01 -0.15696748E+02  0.80196351E+00  0.26262247E+06 -0.20903108E+06 -0.11484934E+06  0.19141411E+06 -0.14591033E+06 -0.26063288E+06 1989  236   19   24   47 1000  0.79681492E+00  0.58222932E+00  0.16153963E+00  0.12017429E+00  0.10929945E+00 -0.98671770E+00 -0.59215212E+00  0.80564427E+00  0.17122436E-01
 1989  236   19   26   24    0 -0.18234262E+06  0.48188612E+06 -0.23173569E+06  0.57930328E+02  0.55644050E+01  0.83893385E+01 -0.22725895E+06  0.51700272E+06  0.15273671E+05  0.75776944E+01 -0.15698624E+02  0.80190909E+00  0.26015139E+06 -0.21205072E+06 -0.11493766E+06  0.19110308E+06 -0.14618477E+06 -0.26070731E+06 1989  236   19   26   24    0  0.79628801E+00  0.58299053E+00  0.16139263E+00  0.11996116E+00  0.10931444E+00 -0.98674196E+00 -0.59290373E+00  0.80509156E+00  0.17109562E-01
 1989  236   19   28    0    0 -0.17678569E+06  0.48238850E+06 -0.23093023E+06  0.57837505E+02  0.49018536E+01  0.83901854E+01 -0.22653145E+06  0.51549556E+06  0.15350651E+05  0.75785232E+01 -0.15700510E+02  0.80185390E+00  0.25764559E+06 -0.21504128E+06 -0.11502581E+06  0.19079180E+06 -0.14645898E+06 -0.26078141E+06 1989  236   19   28    0    0  0.79685193E+00  0.58223039E+00  0.16135338E+00  0.12013692E+00  0.10903655E+00 -0.98675132E+00 -0.59210998E+00  0.80567908E+00  0.16938619E-01
 1989  236   19   29   35 1000 -0.17123803E+06  0.48282738E+06 -0.23012473E+06  0.57737175E+02  0.42418237E+01  0.83910360E+01 -0.22580389E+06  0.51398822E+06  0.15427628E+05  0.75793567E+01 -0.15702408E+02  0.80179787E+00  0.25510541E+06 -0.21800227E+06 -0.11511378E+06  0.19048023E+06 -0.14673302E+06 -0.26085512E+06 1989  236   19   29   35 1000  0.79669064E+00  0.58244741E+00  0.16136627E+00  0.12014833E+00  0.10903492E+00 -0.98675013E+00 -0.59232461E+00  0.80552250E+00  0.16887017E-01
 1989  236   19   31   12    0 -0.16570038E+06  0.48320303E+06 -0.22931917E+06  0.57629372E+02  0.35843976E+01  0.83918915E+01 -0.22507623E+06  0.51248072E+06  0.15504597E+05  0.75801950E+01 -0.15704318E+02  0.80174106E+00  0.25253112E+06 -0.22093336E+06 -0.11520159E+06  0.19016839E+06 -0.14700683E+06 -0.26092847E+06 1989  236   19   31   12    0  0.79656142E+00  0.58265007E+00  0.16127317E+00  0.12007573E+00  0.10896977E+00 -0.98676616E+00 -0.59251320E+00  0.80538470E+00  0.16838983E-01
 1989  236   19   32   47 1000 -0.16017342E+06  0.48351566E+06 -0.22851352E+06  0.57514133E+02  0.29296615E+01  0.83927507E+01 -0.22434848E+06  0.51097300E+06  0.15581561E+05  0.75810380E+01 -0.15706239E+02  0.80168349E+00  0.24992317E+06 -0.22383416E+06 -0.11528928E+06  0.18985627E+06 -0.14728045E+06 -0.26100147E+06 1989  236   19   32   47 1000  0.79655528E+00  0.58265823E+00  0.16127373E+00  0.12011996E+00  0.10891032E+00 -0.98676735E+00 -0.59251249E+00  0.80538684E+00  0.16764224E-01
 1989  236   19   34   24    0 -0.15465788E+06  0.48376556E+06 -0.22770777E+06  0.57391510E+02  0.22777019E+01  0.83936157E+01 -0.22362067E+06  0.50946509E+06  0.15658520E+05  0.75818863E+01 -0.15708171E+02  0.80162507E+00  0.24728188E+06 -0.22670423E+06 -0.11537678E+06  0.18954389E+06 -0.14755384E+06 -0.26107408E+06 1989  236   19   34   24    0  0.79644054E+00  0.58284622E+00  0.16116096E+00  0.12009870E+00  0.10874280E+00 -0.98678839E+00 -0.59267098E+00  0.80527341E+00  0.16608108E-01
 1989  236   19   36    0    0 -0.14915447E+06  0.48395306E+06 -0.22690192E+06  0.57261555E+02  0.16285985E+01  0.83944845E+01 -0.22289277E+06  0.50795703E+06  0.15735473E+05  0.75827389E+01 -0.15710115E+02  0.80156583E+00  0.24460762E+06 -0.22954322E+06 -0.11546412E+06  0.18923125E+06 -0.14782703E+06 -0.26114633E+06 1989  236   19   36    0    0  0.79653627E+00  0.58269405E+00  0.16123845E+00  0.12021855E+00  0.10871565E+00 -0.98677683E+00 -0.59251815E+00  0.80538726E+00  0.16545326E-01
 1989  236   19   37   36    0 -0.14366391E+06  0.48407838E+06 -0.22609602E+06  0.57124306E+02  0.98243302E+00  0.83953590E+01 -0.22216477E+06  0.50644878E+06  0.15812419E+05  0.75835967E+01 -0.15712071E+02  0.80150568E+00  0.24190075E+06 -0.23235075E+06 -0.11555130E+06  0.18891834E+06 -0.14810003E+06 -0.26121820E+06 1989  236   19   37   36    0  0.79675114E+00  0.58241731E+00  0.16117577E+00  0.12010950E+00  0.10876790E+00 -0.98678428E+00 -0.59225100E+00  0.80558032E+00  0.16707089E-01
 1989  236   19   39   12    0 -0.13818688E+06  0.48414178E+06 -0.22529002E+06  0.56979801E+02  0.33928743E+00  0.83962374E+01 -0.22143669E+06  0.50494031E+06  0.15889362E+05  0.75844598E+01 -0.15714040E+02  0.80144477E+00  0.23916162E+06 -0.23512644E+06 -0.11563830E+06  0.18860516E+06 -0.14837278E+06 -0.26128970E+06 1989  236   19   39   12    0  0.79683459E+00  0.58248228E+00  0.16052726E+00  0.11925341E+00  0.10883757E+00 -0.98688048E+00 -0.59231174E+00  0.80552393E+00  0.17262522E-01
 1989  236   19   40   47 1000 -0.13272403E+06  0.48414362E+06 -0.22448392E+06  0.56828094E+02 -0.30075854E+00  0.83971214E+01 -0.22070853E+06  0.50343166E+06  0.15966298E+05  0.75853271E+01 -0.15716020E+02  0.80138296E+00  0.23639062E+06 -0.23786991E+06 -0.11572515E+06  0.18829172E+06 -0.14864534E+06 -0.26136083E+06 1989  236   19   40   47 1000  0.79671460E+00  0.58278644E+00  0.16001812E+00  0.11847109E+00  0.10903262E+00 -0.98695314E+00 -0.59263015E+00  0.80527747E+00  0.17824538E-01
 1989  236   19   42   24    0 -0.12727610E+06  0.48408416E+06 -0.22367777E+06  0.56669250E+02 -0.93762398E+00  0.83980093E+01 -0.21998031E+06  0.50192284E+06  0.16043228E+05  0.75861998E+01 -0.15718012E+02  0.80132025E+00  0.23358817E+06 -0.24058081E+06 -0.11581184E+06  0.18797803E+06 -0.14891772E+06 -0.26143161E+06 1989  236   19   42   24    0  0.79669839E+00  0.58276653E+00  0.16017121E+00  0.11861899E+00  0.10909005E+00 -0.98692906E+00 -0.59262228E+00  0.80528414E+00  0.17784696E-01
 1989  236   19   44    0    0 -0.12184374E+06  0.48396369E+06 -0.22287150E+06  0.56503300E+02 -0.15712336E+01  0.83989029E+01 -0.21925200E+06  0.50041384E+06  0.16120152E+05  0.75870786E+01 -0.15720016E+02  0.80125666E+00  0.23075458E+06 -0.24325881E+06 -0.11589837E+06  0.18766406E+06 -0.14918984E+06 -0.26150200E+06 1989  236   19   44    0    0  0.79652202E+00  0.58294684E+00  0.16039249E+00  0.11878839E+00  0.10922568E+00 -0.98689371E+00 -0.59282547E+00  0.80513531E+00  0.17753337E-01
 1989  236   19   45   36    0 -0.11642764E+06  0.48378256E+06 -0.22206516E+06  0.56330292E+02 -0.22015049E+01  0.83998013E+01 -0.21852359E+06  0.49890459E+06  0.16197068E+05  0.75879622E+01 -0.15722033E+02  0.80119216E+00  0.22789022E+06 -0.24590352E+06 -0.11598471E+06  0.18734981E+06 -0.14946178E+06 -0.26157203E+06 1989  236   19   45   36    0  0.79630607E+00  0.58312523E+00  0.16081536E+00  0.11925358E+00  0.10929899E+00 -0.98682946E+00 -0.59302211E+00  0.80499607E+00  0.17495681E-01
 1989  236   19   47   12    0 -0.11102854E+06  0.48354109E+06 -0.22125875E+06  0.56150299E+02 -0.28283570E+01  0.84007044E+01 -0.21779512E+06  0.49739519E+06  0.16273980E+05  0.75888505E+01 -0.15724062E+02  0.80112678E+00  0.22499558E+06 -0.24851453E+06 -0.11607090E+06  0.18703530E+06 -0.14973353E+06 -0.26164172E+06 1989  236   19   47   12    0  0.79615712E+00  0.58321500E+00  0.16122758E+00  0.11962990E+00  0.10947835E+00 -0.98676407E+00 -0.59314644E+00  0.80490673E+00  0.17392009E-01
 1989  236   19   48   48    0 -0.10564703E+06  0.48323962E+06 -0.22045225E+06  0.55963356E+02 -0.34517155E+01  0.84016132E+01 -0.21706656E+06  0.49588556E+06  0.16350887E+05  0.75897441E+01 -0.15726105E+02  0.80106044E+00  0.22207100E+06 -0.25109158E+06 -0.11615693E+06  0.18672055E+06 -0.15000503E+06 -0.26171100E+06 1989  236   19   48   48    0  0.79612333E+00  0.58316624E+00  0.16157012E+00  0.12003158E+00  0.10951111E+00 -0.98671162E+00 -0.59311062E+00  0.80493760E+00  0.17185982E-01
 1989  236   19   50   24    0 -0.10028379E+06  0.48287847E+06 -0.21964566E+06  0.55769512E+02 -0.40715041E+01  0.84025278E+01 -0.21633791E+06  0.49437575E+06  0.16427785E+05  0.75906429E+01 -0.15728159E+02  0.80099320E+00  0.21911688E+06 -0.25363431E+06 -0.11624280E+06  0.18640552E+06 -0.15027631E+06 -0.26177991E+06 1989  236   19   50   24    0  0.79594666E+00  0.58337951E+00  0.16167046E+00  0.12009095E+00  0.10959169E+00 -0.98669541E+00 -0.59333563E+00  0.80477202E+00  0.17170541E-01
 1989  236   19   52    0    0 -0.94939508E+05  0.48245800E+06 -0.21883897E+06  0.55568829E+02 -0.46876469E+01  0.84034462E+01 -0.21560916E+06  0.49286575E+06  0.16504676E+05  0.75915470E+01 -0.15730227E+02  0.80092496E+00  0.21613361E+06 -0.25614236E+06 -0.11632852E+06  0.18609020E+06 -0.15054741E+06 -0.26184847E+06 1989  236   19   52    0    0  0.79607373E+00  0.58330703E+00  0.16130626E+00  0.11960724E+00  0.10963804E+00 -0.98674911E+00 -0.59326291E+00  0.80481839E+00  0.17512228E-01
 1989  236   19   53   36    0 -0.89614836E+05  0.48197859E+06 -0.21803219E+06  0.55361355E+02 -0.53000689E+01  0.84043703E+01 -0.21488031E+06  0.49135556E+06  0.16581561E+05  0.75924568E+01 -0.15732307E+02  0.80085576E+00  0.21312164E+06 -0.25861538E+06 -0.11641405E+06  0.18577467E+06 -0.15081828E+06 -0.26191666E+06 1989  236   19   53   36    0  0.79610986E+00  0.58344042E+00  0.16064475E+00  0.11869207E+00  0.10976233E+00 -0.98684579E+00 -0.59339833E+00  0.80470473E+00  0.18133134E-01
 1989  236   19   55   11 1000 -0.84310383E+05  0.48144053E+06 -0.21722531E+06  0.55147160E+02 -0.59086952E+01  0.84052992E+01 -0.21415141E+06  0.48984519E+06  0.16658439E+05  0.75933719E+01 -0.15734401E+02  0.80078554E+00  0.21008131E+06 -0.26105306E+06 -0.11649942E+06  0.18545886E+06 -0.15108892E+06 -0.26198445E+06 1989  236   19   55   11 1000  0.79592854E+00  0.58375710E+00  0.16039184E+00  0.11825274E+00  0.10992065E+00 -0.98688078E+00 -0.59372908E+00  0.80445325E+00  0.18458121E-01
 1989  236   19   56   48    0 -0.79026773E+05  0.48084422E+06 -0.21641833E+06  0.54926289E+02 -0.65134559E+01  0.84062338E+01 -0.21342239E+06  0.48833456E+06  0.16735312E+05  0.75942922E+01 -0.15736507E+02  0.80071437E+00  0.20701305E+06 -0.26345512E+06 -0.11658464E+06  0.18514277E+06 -0.15135939E+06 -0.26205192E+06 1989  236   19   56   48    0  0.79600030E+00  0.58354545E+00  0.16080472E+00  0.11872408E+00  0.10998361E+00 -0.98681724E+00 -0.59353864E+00  0.80459821E+00  0.18266097E-01
 1989  236   19   58   24    0 -0.73764680E+05  0.48019006E+06 -0.21561130E+06  0.54698803E+02 -0.71142745E+01  0.84071741E+01 -0.21269330E+06  0.48682375E+06  0.16812178E+05  0.75952182E+01 -0.15738627E+02  0.80064219E+00  0.20391730E+06 -0.26582116E+06 -0.11666967E+06  0.18482644E+06 -0.15162964E+06 -0.26211902E+06 1989  236   19   58   24    0  0.79616767E+00  0.58320069E+00  0.16122665E+00  0.11922666E+00  0.11002445E+00 -0.98675203E+00 -0.59321338E+00  0.80484259E+00  0.18064853E-01
 1989  236   20    0    0    0 -0.68524766E+05  0.47947841E+06 -0.21480417E+06  0.54464760E+02 -0.77110758E+01  0.84081192E+01 -0.21196411E+06  0.48531275E+06  0.16889035E+05  0.75961499E+01 -0.15740762E+02  0.80056894E+00  0.20079452E+06 -0.26815091E+06 -0.11675455E+06  0.18450984E+06 -0.15189964E+06 -0.26218569E+06 1989  236   20    0    0    0  0.79642344E+00  0.58263296E+00  0.16201384E+00  0.12024556E+00  0.10998651E+00 -0.98663265E+00 -0.59266400E+00  0.80525881E+00  0.17536793E-01
 1989  236   20    1   36    0 -0.63307680E+05  0.47870969E+06 -0.21399695E+06  0.54224205E+02 -0.83037920E+01  0.84090700E+01 -0.21123483E+06  0.48380153E+06  0.16965887E+05  0.75970874E+01 -0.15742909E+02  0.80049467E+00  0.19764508E+06 -0.27044406E+06 -0.11683927E+06  0.18419297E+06 -0.15216945E+06 -0.26225203E+06 1989  236   20    1   36    0  0.79690021E+00  0.58197021E+00  0.16205119E+00  0.12029512E+00  0.11000638E+00 -0.98662436E+00 -0.59201264E+00  0.80573523E+00  0.17655943E-01
 1989  236   20    3   11 1000 -0.58113988E+05  0.47788425E+06 -0.21318964E+06  0.53977215E+02 -0.88923531E+01  0.84100256E+01 -0.21050545E+06  0.48229012E+06  0.17042730E+05  0.75980306E+01 -0.15745070E+02  0.80041933E+00  0.19446944E+06 -0.27270028E+06 -0.11692382E+06  0.18387584E+06 -0.15243905E+06 -0.26231800E+06 1989  236   20    3   11 1000  0.79637730E+00  0.58280790E+00  0.16161160E+00  0.11961660E+00  0.11015745E+00 -0.98669010E+00 -0.59285343E+00  0.80510896E+00  0.18013403E-01
 1989  236   20    4   48    0 -0.52944289E+05  0.47700247E+06 -0.21238223E+06  0.53723843E+02 -0.94766874E+01  0.84109879E+01 -0.20977598E+06  0.48077847E+06  0.17119566E+05  0.75989799E+01 -0.15747246E+02  0.80034292E+00  0.19126802E+06 -0.27491928E+06 -0.11700823E+06  0.18355847E+06 -0.15270842E+06 -0.26238359E+06 1989  236   20    4   48    0  0.79640609E+00  0.58284116E+00  0.16134945E+00  0.11916745E+00  0.11032507E+00 -0.98672569E+00 -0.59290516E+00  0.80506194E+00  0.18407859E-01
 1989  236   20    6   24    0 -0.47799223E+05  0.47606484E+06 -0.21157473E+06  0.53464157E+02 -0.10056728E+02  0.84119549E+01 -0.20904645E+06  0.47926662E+06  0.17196396E+05  0.75999346E+01 -0.15749434E+02  0.80026543E+00  0.18804122E+06 -0.27710078E+06 -0.11709245E+06  0.18324084E+06 -0.15297761E+06 -0.26244884E+06 1989  236   20    6   24    0  0.79699981E+00  0.58213949E+00  0.16095063E+00  0.11878420E+00  0.11020176E+00 -0.98678565E+00 -0.59218395E+00  0.80558628E+00  0.18681794E-01
 1989  236   20    8    0    0 -0.42679383E+05  0.47507175E+06 -0.21076714E+06  0.53198215E+02 -0.10632405E+02  0.84129276E+01 -0.20831683E+06  0.47775456E+06  0.17273219E+05  0.76008949E+01 -0.15751637E+02  0.80018675E+00  0.18478952E+06 -0.27924450E+06 -0.11717651E+06  0.18292294E+06 -0.15324655E+06 -0.26251369E+06 1989  236   20    8    0    0  0.79677826E+00  0.58246356E+00  0.16087456E+00  0.11863673E+00  0.11026157E+00 -0.98679674E+00 -0.59251142E+00  0.80534375E+00  0.18752445E-01
 1989  236   20    9   36    0 -0.37585348E+05  0.47402356E+06 -0.20995945E+06  0.52926071E+02 -0.11203656E+02  0.84139061E+01 -0.20758708E+06  0.47624231E+06  0.17350031E+05  0.76018610E+01 -0.15753855E+02  0.80010700E+00  0.18151334E+06 -0.28135012E+06 -0.11726038E+06  0.18260478E+06 -0.15351527E+06 -0.26257816E+06 1989  236   20    9   36    0  0.79656076E+00  0.58274436E+00  0.16093460E+00  0.11859186E+00  0.11041254E+00 -0.98678517E+00 -0.59281266E+00  0.80511987E+00  0.18841565E-01
 1989  236   20   11   11 1000 -0.32517732E+05  0.47292075E+06 -0.20915166E+06  0.52647789E+02 -0.11770411E+02  0.84148912E+01 -0.20685725E+06  0.47472984E+06  0.17426838E+05  0.76028333E+01 -0.15756086E+02  0.80002618E+00  0.17821316E+06 -0.28341741E+06 -0.11734410E+06  0.18228636E+06 -0.15378377E+06 -0.26264228E+06 1989  236   20   11   11 1000  0.79634291E+00  0.58298504E+00  0.16114150E+00  0.11885381E+00  0.11039551E+00 -0.98675567E+00 -0.59305304E+00  0.80494803E+00  0.18622685E-01
 1989  236   20   12   48    0 -0.27477150E+05  0.47176378E+06 -0.20834378E+06  0.52363449E+02 -0.12332600E+02  0.84158812E+01 -0.20612734E+06  0.47321716E+06  0.17503637E+05  0.76038117E+01 -0.15758333E+02  0.79994416E+00  0.17488941E+06 -0.28544603E+06 -0.11742766E+06  0.18196767E+06 -0.15405205E+06 -0.26270603E+06 1989  236   20   12   48    0  0.79610384E+00  0.58322340E+00  0.16145958E+00  0.11921212E+00  0.11043490E+00 -0.98670799E+00 -0.59330195E+00  0.80476993E+00  0.18390339E-01
 1989  236   20   14   24    0 -0.22464154E+05  0.47055309E+06 -0.20753581E+06  0.52073093E+02 -0.12890162E+02  0.84168768E+01 -0.20539731E+06  0.47170425E+06  0.17580428E+05  0.76047964E+01 -0.15760594E+02  0.79986089E+00  0.17154250E+06 -0.28743575E+06 -0.11751104E+06  0.18164877E+06 -0.15432014E+06 -0.26276941E+06 1989  236   20   14   24    0  0.79597676E+00  0.58334243E+00  0.16165590E+00  0.11958599E+00  0.11025332E+00 -0.98668307E+00 -0.59339720E+00  0.80470854E+00  0.17999485E-01
 1989  236   20   16    0    0 -0.17479318E+05  0.46928903E+06 -0.20672775E+06  0.51776794E+02 -0.13443032E+02  0.84178782E+01 -0.20466722E+06  0.47019112E+06  0.17657211E+05  0.76057873E+01 -0.15762871E+02  0.79977649E+00  0.16817297E+06 -0.28938628E+06 -0.11759428E+06  0.18132961E+06 -0.15458802E+06 -0.26283241E+06 1989  236   20   16    0    0  0.79599118E+00  0.58323699E+00  0.16196497E+00  0.12010616E+00  0.11007132E+00 -0.98664021E+00 -0.59327275E+00  0.80480993E+00  0.17565452E-01
 1989  236   20   17   36    0 -0.12523210E+05  0.46797216E+06 -0.20591959E+06  0.51474632E+02 -0.13991149E+02  0.84188852E+01 -0.20393703E+06  0.46867778E+06  0.17733984E+05  0.76067839E+01 -0.15765162E+02  0.79969084E+00  0.16478123E+06 -0.29129744E+06 -0.11767734E+06  0.18101017E+06 -0.15485566E+06 -0.26289506E+06 1989  236   20   17   36    0  0.79604620E+00  0.58321214E+00  0.16178320E+00  0.12006204E+00  0.10982642E+00 -0.98667276E+00 -0.59320766E+00  0.80486131E+00  0.17405257E-01
 1989  236   20   19   12    0 -0.75963872E+04  0.46660288E+06 -0.20511134E+06  0.51166664E+02 -0.14534450E+02  0.84198980E+01 -0.20320672E+06  0.46716422E+06  0.17810750E+05  0.76077867E+01 -0.15767468E+02  0.79960400E+00  0.16136770E+06 -0.29316888E+06 -0.11776022E+06  0.18069045E+06 -0.15512309E+06 -0.26295734E+06 1989  236   20   19   12    0  0.79619116E+00  0.58305091E+00  0.16165192E+00  0.12004708E+00  0.10963191E+00 -0.98669630E+00 -0.59301639E+00  0.80500466E+00  0.17294403E-01
 1989  236   20   20   47 1000 -0.26994065E+04  0.46518169E+06 -0.20430297E+06  0.50852951E+02 -0.15072872E+02  0.84209175E+01 -0.20247631E+06  0.46565041E+06  0.17887508E+05  0.76087961E+01 -0.15769790E+02  0.79951590E+00  0.15793291E+06 -0.29500038E+06 -0.11784297E+06  0.18037048E+06 -0.15539028E+06 -0.26301919E+06 1989  236   20   20   47 1000  0.79627061E+00  0.58300292E+00  0.16143373E+00  0.11996257E+00  0.10938125E+00 -0.98673445E+00 -0.59292686E+00  0.80507356E+00  0.17158553E-01
 1989  236   20   22   24    0  0.21672092E+04  0.46370906E+06 -0.20349450E+06  0.50533566E+02 -0.15606359E+02  0.84219437E+01 -0.20174581E+06  0.46413638E+06  0.17964258E+05  0.76098123E+01 -0.15772126E+02  0.79942650E+00  0.15447728E+06 -0.29679175E+06 -0.11792553E+06  0.18005028E+06 -0.15565725E+06 -0.26308069E+06 1989  236   20   22   24    0  0.79642224E+00  0.58280683E+00  0.16139345E+00  0.12009293E+00  0.10914332E+00 -0.98674488E+00 -0.59269667E+00  0.80524778E+00  0.16933177E-01
 1989  236   20   24    0    0  0.70028945E+04  0.46218541E+06 -0.20268595E+06  0.50208584E+02 -0.16134842E+02  0.84229755E+01 -0.20101520E+06  0.46262216E+06  0.18041000E+05  0.76108341E+01 -0.15774479E+02  0.79933584E+00  0.15100131E+06 -0.29854269E+06 -0.11800791E+06  0.17972984E+06 -0.15592403E+06 -0.26314184E+06 1989  236   20   24    0    0  0.79649317E+00  0.58285904E+00  0.16085468E+00  0.11959800E+00  0.10890712E+00 -0.98683113E+00 -0.59270161E+00  0.80524200E+00  0.17034996E-01
 1989  236   20   25   35 1000  0.11807093E+05  0.46061128E+06 -0.20187730E+06  0.49878063E+02 -0.16658266E+02  0.84240131E+01 -0.20028452E+06  0.46110772E+06  0.18117730E+05  0.76118627E+01 -0.15776848E+02  0.79924387E+00  0.14750547E+06 -0.30025297E+06 -0.11809016E+06  0.17940912E+06 -0.15619059E+06 -0.26320262E+06 1989  236   20   25   35 1000  0.79666543E+00  0.58276206E+00  0.16035137E+00  0.11912380E+00  0.10870753E+00 -0.98691046E+00 -0.59256542E+00  0.80533910E+00  0.17182700E-01
 1989  236   20   27   12    0  0.16579299E+05  0.45898722E+06 -0.20106852E+06  0.49542072E+02 -0.17176579E+02  0.84250565E+01 -0.19955373E+06  0.45959303E+06  0.18194453E+05  0.76128979E+01 -0.15779232E+02  0.79915059E+00  0.14399020E+06 -0.30192244E+06 -0.11817225E+06  0.17908816E+06 -0.15645691E+06 -0.26326303E+06 1989  236   20   27   12    0  0.79670608E+00  0.58278805E+00  0.16005464E+00  0.11872257E+00  0.10875224E+00 -0.98695385E+00 -0.59259123E+00  0.80531430E+00  0.17453473E-01
 1989  236   20   28   47 1000  0.21318990E+05  0.45731359E+06 -0.20025967E+06  0.49200691E+02 -0.17689728E+02  0.84261074E+01 -0.19882286E+06  0.45807809E+06  0.18271168E+05  0.76139398E+01 -0.15781632E+02  0.79905593E+00  0.14045605E+06 -0.30355081E+06 -0.11825415E+06  0.17876694E+06 -0.15672300E+06 -0.26332309E+06 1989  236   20   28   47 1000  0.79682219E+00  0.58264941E+00  0.15998112E+00  0.11859375E+00  0.10880864E+00 -0.98696315E+00 -0.59246081E+00  0.80540693E+00  0.17602555E-01
 1989  236   20   30   24    0  0.26025652E+05  0.45559094E+06 -0.19945073E+06  0.48853989E+02 -0.18197641E+02  0.84271650E+01 -0.19809186E+06  0.45656294E+06  0.18347873E+05  0.76149883E+01 -0.15784050E+02  0.79895985E+00  0.13690342E+06 -0.30513788E+06 -0.11833587E+06  0.17844547E+06 -0.15698891E+06 -0.26338275E+06 1989  236   20   30   24    0  0.79689050E+00  0.58255279E+00  0.15999317E+00  0.11850478E+00  0.10895352E+00 -0.98695785E+00 -0.59238684E+00  0.80545729E+00  0.17788738E-01
 1989  236   20   32    0    0  0.30698777E+05  0.45381981E+06 -0.19864167E+06  0.48502041E+02 -0.18700268E+02  0.84282284E+01 -0.19736077E+06  0.45504756E+06  0.18424566E+05  0.76160436E+01 -0.15786483E+02  0.79886246E+00  0.13333283E+06 -0.30668338E+06 -0.11841743E+06  0.17812375E+06 -0.15725456E+06 -0.26344203E+06 1989  236   20   32    0    0  0.79671234E+00  0.58268464E+00  0.16039975E+00  0.11888126E+00  0.10912147E+00 -0.98689401E+00 -0.59255105E+00  0.80533910E+00  0.17668154E-01
 1989  236   20   33   36    0  0.35337867E+05  0.45200066E+06 -0.19783252E+06  0.48144905E+02 -0.19197569E+02  0.84292974E+01 -0.19662958E+06  0.45353194E+06  0.18501252E+05  0.76171055E+01 -0.15788933E+02  0.79876363E+00  0.12974478E+06 -0.30818719E+06 -0.11849884E+06  0.17780178E+06 -0.15752000E+06 -0.26350097E+06 1989  236   20   33   36    0  0.79663807E+00  0.58258814E+00  0.16111799E+00  0.11974035E+00  0.10916666E+00 -0.98678517E+00 -0.59247804E+00  0.80540287E+00  0.17207023E-01
 1989  236   20   35   12    0  0.39942449E+05  0.45013403E+06 -0.19702327E+06  0.47782654E+02 -0.19689478E+02  0.84303732E+01 -0.19589830E+06  0.45201606E+06  0.18577930E+05  0.76181746E+01 -0.15791400E+02  0.79866332E+00  0.12613971E+06 -0.30964909E+06 -0.11858005E+06  0.17747955E+06 -0.15778522E+06 -0.26355950E+06 1989  236   20   35   12    0  0.79669154E+00  0.58237916E+00  0.16160877E+00  0.12034616E+00  0.10917690E+00 -0.98671037E+00 -0.59228343E+00  0.80555266E+00  0.16893212E-01
 1989  236   20   36   47 1000  0.44512012E+05  0.44822044E+06 -0.19621389E+06  0.47415379E+02 -0.20175940E+02  0.84314556E+01 -0.19516692E+06  0.45049997E+06  0.18654598E+05  0.76192503E+01 -0.15793883E+02  0.79856163E+00  0.12251814E+06 -0.31106891E+06 -0.11866112E+06  0.17715705E+06 -0.15805022E+06 -0.26361766E+06 1989  236   20   36   47 1000  0.79634351E+00  0.58300889E+00  0.16105220E+00  0.11926338E+00  0.10968837E+00 -0.98678511E+00 -0.59297001E+00  0.80502743E+00  0.17818004E-01
 1989  236   20   38   24    0  0.49046055E+05  0.44626044E+06 -0.19540442E+06  0.47043144E+02 -0.20656904E+02  0.84325457E+01 -0.19443542E+06  0.44898362E+06  0.18731256E+05  0.76203337E+01 -0.15796384E+02  0.79845840E+00  0.11888056E+06 -0.31244644E+06 -0.11874202E+06  0.17683433E+06 -0.15831500E+06 -0.26367547E+06 1989  236   20   38   24    0  0.79634315E+00  0.58300877E+00  0.16105394E+00  0.11926699E+00  0.10968637E+00 -0.98678488E+00 -0.59296966E+00  0.80502778E+00  0.17814297E-01
 1989  236   20   40    0    0  0.53544125E+05  0.44425450E+06 -0.19459484E+06  0.46666019E+02 -0.21132322E+02  0.84336414E+01 -0.19370383E+06  0.44746706E+06  0.18807902E+05  0.76214237E+01 -0.15798903E+02  0.79835367E+00  0.11522746E+06 -0.31378150E+06 -0.11882273E+06  0.17651136E+06 -0.15857952E+06 -0.26373288E+06 1989  236   20   40    0    0  0.79693121E+00  0.58218789E+00  0.16111518E+00  0.11954501E+00  0.10944213E+00 -0.98677832E+00 -0.59212315E+00  0.80565482E+00  0.17620206E-01
 1989  236   20   41   36    0  0.58005766E+05  0.44220319E+06 -0.19378516E+06  0.46284084E+02 -0.21602148E+02  0.84347448E+01 -0.19297209E+06  0.44595025E+06  0.18884539E+05  0.76225204E+01 -0.15801437E+02  0.79824746E+00  0.11155933E+06 -0.31507391E+06 -0.11890330E+06  0.17618814E+06 -0.15884386E+06 -0.26378994E+06 1989  236   20   41   36    0  0.79678941E+00  0.58243775E+00  0.16091323E+00  0.11925492E+00  0.10948727E+00 -0.98680842E+00 -0.59237236E+00  0.80546808E+00  0.17779741E-01
 1989  236   20   43   12    0  0.62430512E+05  0.44010709E+06 -0.19297534E+06  0.45897408E+02 -0.22066334E+02  0.84358540E+01 -0.19224025E+06  0.44443319E+06  0.18961166E+05  0.76236248E+01 -0.15803991E+02  0.79813969E+00  0.10787667E+06 -0.31632347E+06 -0.11898367E+06  0.17586467E+06 -0.15910795E+06 -0.26384662E+06 1989  236   20   43   12    0  0.79666477E+00  0.58262992E+00  0.16083400E+00  0.11897725E+00  0.10972399E+00 -0.98681563E+00 -0.59259570E+00  0.80529684E+00  0.18093534E-01
 1989  236   20   44   47 1000  0.66817891E+05  0.43796666E+06 -0.19216544E+06  0.45506073E+02 -0.22524830E+02  0.84369707E+01 -0.19150834E+06  0.44291591E+06  0.19037781E+05  0.76247368E+01 -0.15806562E+02  0.79803026E+00  0.10417998E+06 -0.31753009E+06 -0.11906389E+06  0.17554095E+06 -0.15937183E+06 -0.26390294E+06 1989  236   20   44   47 1000  0.79665679E+00  0.58269966E+00  0.16062115E+00  0.11865869E+00  0.10979602E+00 -0.98684597E+00 -0.59267032E+00  0.80523658E+00  0.18327367E-01
 1989  236   20   46   24    0  0.71167484E+05  0.43578247E+06 -0.19135544E+06  0.45110153E+02 -0.22977587E+02  0.84380941E+01 -0.19077634E+06  0.44139838E+06  0.19114387E+05  0.76258559E+01 -0.15809152E+02  0.79791933E+00  0.10046977E+06 -0.31869356E+06 -0.11914395E+06  0.17521697E+06 -0.15963548E+06 -0.26395888E+06 1989  236   20   46   24    0  0.79651284E+00  0.58294743E+00  0.16043624E+00  0.11853810E+00  0.10963929E+00 -0.98687792E+00 -0.59288800E+00  0.80507863E+00  0.18227633E-01
 1989  236   20   48    0    0  0.75478906E+05  0.43355516E+06 -0.19054534E+06  0.44709721E+02 -0.23424564E+02  0.84392252E+01 -0.19004422E+06  0.43988053E+06  0.19190982E+05  0.76269822E+01 -0.15811760E+02  0.79780674E+00  0.96746531E+05 -0.31981375E+06 -0.11922383E+06  0.17489275E+06 -0.15989889E+06 -0.26401447E+06 1989  236   20   48    0    0  0.79637867E+00  0.58308870E+00  0.16058834E+00  0.11855581E+00  0.10986557E+00 -0.98685062E+00 -0.59306455E+00  0.80494547E+00  0.18366035E-01
 1989  236   20   49   36    0  0.79751656E+05  0.43128516E+06 -0.18973512E+06  0.44304867E+02 -0.23865711E+02  0.84403620E+01 -0.18931197E+06  0.43836247E+06  0.19267566E+05  0.76281161E+01 -0.15814385E+02  0.79769242E+00  0.93010773E+05 -0.32089050E+06 -0.11930355E+06  0.17456831E+06 -0.16016211E+06 -0.26406969E+06 1989  236   20   49   36    0  0.79622281E+00  0.58329773E+00  0.16060247E+00  0.11856963E+00  0.10986266E+00 -0.98684931E+00 -0.59327114E+00  0.80479443E+00  0.18313784E-01
 1989  236   20   51   11 1000  0.83985297E+05  0.42897309E+06 -0.18892478E+06  0.43895657E+02 -0.24300982E+02  0.84415073E+01 -0.18857959E+06  0.43684416E+06  0.19344139E+05  0.76292577E+01 -0.15817031E+02  0.79757649E+00  0.89262977E+05 -0.32192366E+06 -0.11938311E+06  0.17424359E+06 -0.16042511E+06 -0.26412450E+06 1989  236   20   51   11 1000  0.79605114E+00  0.58355302E+00  0.16052593E+00  0.11859737E+00  0.10968661E+00 -0.98686558E+00 -0.59349591E+00  0.80463332E+00  0.18108297E-01
 1989  236   20   52   48    0  0.88179461E+05  0.42661953E+06 -0.18811434E+06  0.43482170E+02 -0.24730339E+02  0.84426594E+01 -0.18784712E+06  0.43532559E+06  0.19420699E+05  0.76304073E+01 -0.15819695E+02  0.79745883E+00  0.85503680E+05 -0.32291312E+06 -0.11946251E+06  0.17391862E+06 -0.16068786E+06 -0.26417894E+06 1989  236   20   52   48    0  0.79594588E+00  0.58354950E+00  0.16105960E+00  0.11918543E+00  0.10978647E+00 -0.98678362E+00 -0.59351921E+00  0.80462229E+00  0.17833490E-01
 1989  236   20   54   24    0  0.92333750E+05  0.42422506E+06 -0.18730381E+06  0.43064484E+02 -0.25153744E+02  0.84438181E+01 -0.18711456E+06  0.43380678E+06  0.19497250E+05  0.76315646E+01 -0.15822377E+02  0.79733944E+00  0.81733422E+05 -0.32385875E+06 -0.11954173E+06  0.17359344E+06 -0.16095036E+06 -0.26423303E+06 1989  236   20   54   24    0  0.79598457E+00  0.58351380E+00  0.16099732E+00  0.11918892E+00  0.10967835E+00 -0.98679513E+00 -0.59346646E+00  0.80466288E+00  0.17753907E-01
 1989  236   20   56    0    0  0.96447727E+05  0.42179022E+06 -0.18649314E+06  0.42642681E+02 -0.25571146E+02  0.84449854E+01 -0.18638188E+06  0.43228772E+06  0.19573789E+05  0.76327295E+01 -0.15825079E+02  0.79721832E+00  0.77952664E+05 -0.32476041E+06 -0.11962076E+06  0.17326800E+06 -0.16121264E+06 -0.26428675E+06 1989  236   20   56    0    0  0.79642016E+00  0.58273762E+00  0.16165334E+00  0.12019911E+00  0.10943898E+00 -0.98669922E+00 -0.59267795E+00  0.80525768E+00  0.17114870E-01
 1989  236   20   57   36    0  0.10052101E+06  0.41931562E+06 -0.18568236E+06  0.42216843E+02 -0.25982512E+02  0.84461594E+01 -0.18564909E+06  0.43076838E+06  0.19650316E+05  0.76339021E+01 -0.15827801E+02  0.79709536E+00  0.74161906E+05 -0.32561800E+06 -0.11969963E+06  0.17294231E+06 -0.16147473E+06 -0.26434006E+06 1989  236   20   57   36    0  0.79690051E+00  0.58223045E+00  0.16111313E+00  0.11968583E+00  0.10924543E+00 -0.98678303E+00 -0.59213597E+00  0.80565083E+00  0.17373003E-01
 1989  236   20   59   11 1000  0.10455323E+06  0.41680178E+06 -0.18487148E+06  0.41787045E+02 -0.26387804E+02  0.84473410E+01 -0.18491617E+06  0.42924878E+06  0.19726832E+05  0.76350827E+01 -0.15830542E+02  0.79697055E+00  0.70361719E+05 -0.32643138E+06 -0.11977835E+06  0.17261636E+06 -0.16173656E+06 -0.26439303E+06 1989  236   20   59   11 1000  0.79631895E+00  0.58317012E+00  0.16058961E+00  0.11894952E+00  0.10933040E+00 -0.98686272E+00 -0.59306610E+00  0.80495936E+00  0.17694086E-01
 1989  236   21    0   48    0  0.10854399E+06  0.41424931E+06 -0.18406048E+06  0.41353359E+02 -0.26786987E+02  0.84485302E+01 -0.18418314E+06  0.42772891E+06  0.19803334E+05  0.76362715E+01 -0.15833302E+02  0.79684395E+00  0.66552578E+05 -0.32720050E+06 -0.11985688E+06  0.17229017E+06 -0.16199816E+06 -0.26444559E+06 1989  236   21    0   48    0  0.79690158E+00  0.58250242E+00  0.16012184E+00  0.11856587E+00  0.10908905E+00 -0.98693556E+00 -0.59235990E+00  0.80547541E+00  0.17868329E-01
 1989  236   21    2   24    0  0.11249295E+06  0.41165888E+06 -0.18324936E+06  0.40915878E+02 -0.27180021E+02  0.84497271E+01 -0.18345002E+06  0.42620878E+06  0.19879824E+05  0.76374688E+01 -0.15836084E+02  0.79671544E+00  0.62734988E+05 -0.32792522E+06 -0.11993523E+06  0.17196377E+06 -0.16225956E+06 -0.26449781E+06 1989  236   21    2   24    0  0.79662538E+00  0.58288920E+00  0.16008814E+00  0.11861263E+00  0.10895434E+00 -0.98694479E+00 -0.59272176E+00  0.80521369E+00  0.17657783E-01
 1989  236   21    4    0    0  0.11639972E+06  0.40903094E+06 -0.18243814E+06  0.40474674E+02 -0.27566858E+02  0.84509315E+01 -0.18271677E+06  0.42468838E+06  0.19956303E+05  0.76386743E+01 -0.15838885E+02  0.79658502E+00  0.58909492E+05 -0.32860544E+06 -0.12001341E+06  0.17163711E+06 -0.16252072E+06 -0.26454966E+06 1989  236   21    4    0    0  0.79643232E+00  0.58309323E+00  0.16030626E+00  0.11892363E+00  0.10889161E+00 -0.98691434E+00 -0.59291899E+00  0.80507451E+00  0.17381236E-01
 1989  236   21    5   36    0  0.12026396E+06  0.40636619E+06 -0.18162680E+06  0.40029835E+02 -0.27947477E+02  0.84521437E+01 -0.18198339E+06  0.42316769E+06  0.20032770E+05  0.76398878E+01 -0.15841707E+02  0.79645264E+00  0.55076602E+05 -0.32924106E+06 -0.12009144E+06  0.17131020E+06 -0.16278162E+06 -0.26460112E+06 1989  236   21    5   36    0  0.79620254E+00  0.58338231E+00  0.16039537E+00  0.11913678E+00  0.10874178E+00 -0.98690510E+00 -0.59318465E+00  0.80488527E+00  0.17078206E-01
 1989  236   21    7   11 1000  0.12408532E+06  0.40366525E+06 -0.18081533E+06  0.39581444E+02 -0.28321838E+02  0.84533644E+01 -0.18124989E+06  0.42164675E+06  0.20109223E+05  0.76411104E+01 -0.15844550E+02  0.79631823E+00  0.51236832E+05 -0.32983209E+06 -0.12016931E+06  0.17098308E+06 -0.16304231E+06 -0.26465222E+06 1989  236   21    7   11 1000  0.79597706E+00  0.58360744E+00  0.16069534E+00  0.11939690E+00  0.10888533E+00 -0.98685783E+00 -0.59343493E+00  0.80470270E+00  0.16989317E-01
 1989  236   21    8   48    0  0.12786349E+06  0.40092862E+06 -0.18000377E+06  0.39129578E+02 -0.28689915E+02  0.84545927E+01 -0.18051630E+06  0.42012556E+06  0.20185662E+05  0.76423411E+01 -0.15847415E+02  0.79618192E+00  0.47390703E+05 -0.33037838E+06 -0.12024703E+06  0.17065567E+06 -0.16330278E+06 -0.26470294E+06 1989  236   21    8   48    0  0.79585493E+00  0.58368194E+00  0.16102904E+00  0.11972377E+00  0.10900043E+00 -0.98680556E+00 -0.59353286E+00  0.80463302E+00  0.16867924E-01
 1989  236   21   10   24    0  0.13159809E+06  0.39815697E+06 -0.17919203E+06  0.38674309E+02 -0.29051672E+02  0.84558287E+01 -0.17978258E+06  0.41860409E+06  0.20262090E+05  0.76435800E+01 -0.15850300E+02  0.79604346E+00  0.43538738E+05 -0.33087984E+06 -0.12032456E+06  0.17032803E+06 -0.16356303E+06 -0.26475328E+06 1989  236   21   10   24    0  0.79591000E+00  0.58374053E+00  0.16054411E+00  0.11918980E+00  0.10890716E+00 -0.98688048E+00 -0.59356654E+00  0.80460316E+00  0.17104384E-01
 1989  236   21   12    0    0  0.13528883E+06  0.39535094E+06 -0.17838019E+06  0.38215736E+02 -0.29407074E+02  0.84570723E+01 -0.17904873E+06  0.41708231E+06  0.20338504E+05  0.76448274E+01 -0.15853207E+02  0.79590303E+00  0.39681457E+05 -0.33133647E+06 -0.12040191E+06  0.17000019E+06 -0.16382303E+06 -0.26480325E+06 1989  236   21   12    0    0  0.79625309E+00  0.58319038E+00  0.16084185E+00  0.11964284E+00  0.10881282E+00 -0.98683608E+00 -0.59301496E+00  0.80501473E+00  0.16868003E-01
 1989  236   21   13   36    0  0.13893542E+06  0.39251103E+06 -0.17756825E+06  0.37753937E+02 -0.29756100E+02  0.84583254E+01 -0.17831475E+06  0.41556022E+06  0.20414902E+05  0.76460843E+01 -0.15856135E+02  0.79576039E+00  0.35819359E+05 -0.33174819E+06 -0.12047906E+06  0.16967206E+06 -0.16408281E+06 -0.26485288E+06 1989  236   21   13   36    0  0.79665953E+00  0.58269179E+00  0.16063643E+00  0.11931887E+00  0.10892498E+00 -0.98686296E+00 -0.59253424E+00  0.80536062E+00  0.17250009E-01
 1989  236   21   15   11 1000  0.14253750E+06  0.38963791E+06 -0.17675622E+06  0.37288986E+02 -0.30098717E+02  0.84595861E+01 -0.17758066E+06  0.41403791E+06  0.20491289E+05  0.76473498E+01 -0.15859086E+02  0.79561561E+00  0.31952996E+05 -0.33211497E+06 -0.12055606E+06  0.16934372E+06 -0.16434238E+06 -0.26490209E+06 1989  236   21   15   11 1000  0.79687053E+00  0.58253360E+00  0.16016199E+00  0.11860819E+00  0.10909791E+00 -0.98692942E+00 -0.59239292E+00  0.80545151E+00  0.17843649E-01
 1989  236   21   16   48    0  0.14609483E+06  0.38673225E+06 -0.17594406E+06  0.36820969E+02 -0.30434893E+02  0.84608555E+01 -0.17684647E+06  0.41251531E+06  0.20567662E+05  0.76486244E+01 -0.15862059E+02  0.79546869E+00  0.28082906E+05 -0.33243669E+06 -0.12063290E+06  0.16901512E+06 -0.16460169E+06 -0.26495094E+06 1989  236   21   16   48    0  0.79672563E+00  0.58263773E+00  0.16050422E+00  0.11889465E+00  0.10928081E+00 -0.98687482E+00 -0.59253049E+00  0.80535150E+00  0.17794296E-01
 1989  236   21   18   24    0  0.14960708E+06  0.38379462E+06 -0.17513175E+06  0.36349972E+02 -0.30764605E+02  0.84621325E+01 -0.17611212E+06  0.41099241E+06  0.20644020E+05  0.76499085E+01 -0.15865054E+02  0.79531950E+00  0.24209580E+05 -0.33271338E+06 -0.12070959E+06  0.16868628E+06 -0.16486075E+06 -0.26499944E+06 1989  236   21   18   24    0  0.79650575E+00  0.58286136E+00  0.16078362E+00  0.11909963E+00  0.10946434E+00 -0.98682976E+00 -0.59278494E+00  0.80516481E+00  0.17770410E-01
 1989  236   21   20    0    0  0.15307395E+06  0.38082566E+06 -0.17431931E+06  0.35876083E+02 -0.31087833E+02  0.84634190E+01 -0.17537766E+06  0.40946922E+06  0.20720363E+05  0.76512012E+01 -0.15868073E+02  0.79516804E+00  0.20333555E+05 -0.33294500E+06 -0.12078609E+06  0.16835722E+06 -0.16511959E+06 -0.26504753E+06 1989  236   21   20    0    0  0.79641479E+00  0.58288753E+00  0.16113910E+00  0.11938684E+00  0.10967144E+00 -0.98677206E+00 -0.59284949E+00  0.80511761E+00  0.17754853E-01
 1989  236   21   21   36    0  0.15649517E+06  0.37782600E+06 -0.17350675E+06  0.35399387E+02 -0.31404547E+02  0.84647131E+01 -0.17464309E+06  0.40794575E+06  0.20796691E+05  0.76525035E+01 -0.15871114E+02  0.79501432E+00  0.16455350E+05 -0.33313150E+06 -0.12086240E+06  0.16802794E+06 -0.16537820E+06 -0.26509522E+06 1989  236   21   21   36    0  0.79635668E+00  0.58288074E+00  0.16145042E+00  0.11957985E+00  0.10993342E+00 -0.98671949E+00 -0.59288859E+00  0.80508685E+00  0.17845422E-01
 1989  236   21   23   12    0  0.15987052E+06  0.37479622E+06 -0.17269409E+06  0.34919960E+02 -0.31714712E+02  0.84660168E+01 -0.17390841E+06  0.40642197E+06  0.20873006E+05  0.76538148E+01 -0.15874179E+02  0.79485822E+00  0.12575490E+05 -0.33327288E+06 -0.12093859E+06  0.16769839E+06 -0.16563658E+06 -0.26514259E+06 1989  236   21   23   12    0  0.79617828E+00  0.58308989E+00  0.16157496E+00  0.11984767E+00  0.10977167E+00 -0.98670495E+00 -0.59307402E+00  0.80495739E+00  0.17515860E-01
 1989  236   21   24   47 1000  0.16319972E+06  0.37173700E+06 -0.17188130E+06  0.34437878E+02 -0.32018326E+02  0.84673290E+01 -0.17317359E+06  0.40489791E+06  0.20949305E+05  0.76551356E+01 -0.15877267E+02  0.79469979E+00  0.86945020E+04 -0.33336912E+06 -0.12101459E+06  0.16736861E+06 -0.16589470E+06 -0.26518956E+06 1989  236   21   24   47 1000  0.79604107E+00  0.58321130E+00  0.16181241E+00  0.11997706E+00  0.10999093E+00 -0.98666489E+00 -0.59323204E+00  0.80483949E+00  0.17585319E-01
 1989  236   21   26   24    0  0.16648252E+06  0.36864891E+06 -0.17106836E+06  0.33953232E+02 -0.32315361E+02  0.84686508E+01 -0.17243861E+06  0.40337353E+06  0.21025588E+05  0.76564660E+01 -0.15880379E+02  0.79453886E+00  0.48128901E+04 -0.33342022E+06 -0.12109040E+06  0.16703861E+06 -0.16615261E+06 -0.26523616E+06 1989  236   21   26   24    0  0.79599953E+00  0.58327729E+00  0.16177908E+00  0.12005867E+00  0.10982174E+00 -0.98667377E+00 -0.59327126E+00  0.80481476E+00  0.17390549E-01
 1989  236   21   28    0    0  0.16971869E+06  0.36553262E+06 -0.17025530E+06  0.33466114E+02 -0.32605785E+02  0.84699802E+01 -0.17170352E+06  0.40184888E+06  0.21101855E+05  0.76578059E+01 -0.15883515E+02  0.79437554E+00  0.93119946E+03 -0.33342619E+06 -0.12116605E+06  0.16670836E+06 -0.16641030E+06 -0.26528241E+06 1989  236   21   28    0    0  0.79605353E+00  0.58330947E+00  0.16139692E+00  0.11981829E+00  0.10950407E+00 -0.98673832E+00 -0.59324741E+00  0.80483472E+00  0.17279960E-01
 1989  236   21   29   35 1000  0.17290795E+06  0.36238878E+06 -0.16944211E+06  0.32976604E+02 -0.32889591E+02  0.84713192E+01 -0.17096830E+06  0.40032391E+06  0.21178107E+05  0.76591563E+01 -0.15886676E+02  0.79420978E+00 -0.29500273E+04 -0.33338700E+06 -0.12124152E+06  0.16637789E+06 -0.16666773E+06 -0.26532828E+06 1989  236   21   29   35 1000  0.79612219E+00  0.58334011E+00  0.16094704E+00  0.11942337E+00  0.10928226E+00 -0.98681080E+00 -0.59323496E+00  0.80484271E+00  0.17337602E-01
 1989  236   21   31   12    0  0.17605009E+06  0.35921803E+06 -0.16862880E+06  0.32484783E+02 -0.33166759E+02  0.84726677E+01 -0.17023295E+06  0.39879862E+06  0.21254344E+05  0.76605163E+01 -0.15889862E+02  0.79404151E+00 -0.68302847E+04 -0.33330269E+06 -0.12131683E+06  0.16604717E+06 -0.16692495E+06 -0.26537378E+06 1989  236   21   31   12    0  0.79606938E+00  0.58359253E+00  0.16029148E+00  0.11890051E+00  0.10888001E+00 -0.98691833E+00 -0.59341073E+00  0.80471420E+00  0.17286595E-01
 1989  236   21   32   47 1000  0.17914492E+06  0.35602100E+06 -0.16781536E+06  0.31990742E+02 -0.33437260E+02  0.84740248E+01 -0.16949748E+06  0.39727303E+06  0.21330562E+05  0.76618857E+01 -0.15893072E+02  0.79387051E+00 -0.10709048E+05 -0.33317325E+06 -0.12139195E+06  0.16571620E+06 -0.16718192E+06 -0.26541888E+06 1989  236   21   32   47 1000  0.79622799E+00  0.58354604E+00  0.15967190E+00  0.11843848E+00  0.10846659E+00 -0.98701948E+00 -0.59329033E+00  0.80480379E+00  0.17249823E-01
 1989  236   21   34   24    0  0.18219222E+06  0.35279831E+06 -0.16700180E+06  0.31494566E+02 -0.33701092E+02  0.84753923E+01 -0.16876189E+06  0.39574716E+06  0.21406766E+05  0.76632657E+01 -0.15896307E+02  0.79369682E+00 -0.14585792E+05 -0.33299872E+06 -0.12146689E+06  0.16538500E+06 -0.16743864E+06 -0.26546359E+06 1989  236   21   34   24    0  0.79610115E+00  0.58350056E+00  0.16046864E+00  0.11920744E+00  0.10876489E+00 -0.98689401E+00 -0.59330654E+00  0.80479646E+00  0.17030243E-01
 1989  236   21   36    0    0  0.18519180E+06  0.34955062E+06 -0.16618809E+06  0.30996336E+02 -0.33958241E+02  0.84767685E+01 -0.16802617E+06  0.39422097E+06  0.21482953E+05  0.76646562E+01 -0.15899570E+02  0.79352045E+00 -0.18459996E+05 -0.33277912E+06 -0.12154170E+06  0.16505359E+06 -0.16769514E+06 -0.26550797E+06 1989  236   21   36    0    0  0.79578817E+00  0.58382767E+00  0.16083024E+00  0.11960180E+00  0.10882649E+00 -0.98683947E+00 -0.59364676E+00  0.80455083E+00  0.16775977E-01
 1989  236   21   37   36    0  0.18814347E+06  0.34627856E+06 -0.16537425E+06  0.30496132E+02 -0.34208675E+02  0.84781542E+01 -0.16729030E+06  0.39269444E+06  0.21559123E+05  0.76660566E+01 -0.15902857E+02  0.79334140E+00 -0.22331135E+05 -0.33251450E+06 -0.12161632E+06  0.16472197E+06 -0.16795139E+06 -0.26555197E+06 1989  236   21   37   36    0  0.79600942E+00  0.58360374E+00  0.16054875E+00  0.11921367E+00  0.10888743E+00 -0.98687983E+00 -0.59342843E+00  0.80470514E+00  0.17101884E-01
 1989  236   21   39   12    0  0.19104703E+06  0.34298275E+06 -0.16456028E+06  0.29994041E+02 -0.34452396E+02  0.84795494E+01 -0.16655425E+06  0.39116756E+06  0.21635275E+05  0.76674676E+01 -0.15906170E+02  0.79315954E+00 -0.26198705E+05 -0.33220491E+06 -0.12169076E+06  0.16439009E+06 -0.16820742E+06 -0.26559559E+06 1989  236   21   39   12    0  0.79630154E+00  0.58304495E+00  0.16112888E+00  0.11976509E+00  0.10913491E+00 -0.98678565E+00 -0.59292513E+00  0.80507648E+00  0.17075866E-01
 1989  236   21   40   47 1000  0.19390231E+06  0.33966388E+06 -0.16374619E+06  0.29490152E+02 -0.34689388E+02  0.84809542E+01 -0.16581809E+06  0.38964041E+06  0.21711410E+05  0.76688895E+01 -0.15909511E+02  0.79297483E+00 -0.30062164E+05 -0.33185038E+06 -0.12176504E+06  0.16405797E+06 -0.16846323E+06 -0.26563878E+06 1989  236   21   40   47 1000  0.79664665E+00  0.58275837E+00  0.16045837E+00  0.11883003E+00  0.10928702E+00 -0.98688185E+00 -0.59264970E+00  0.80526340E+00  0.17813947E-01
 1989  236   21   42   24    0  0.19670909E+06  0.33632262E+06 -0.16293194E+06  0.28984549E+02 -0.34919636E+02  0.84823694E+01 -0.16508181E+06  0.38811294E+06  0.21787525E+05  0.76703215E+01 -0.15912877E+02  0.79278725E+00 -0.33920969E+05 -0.33145094E+06 -0.12183913E+06  0.16372562E+06 -0.16871878E+06 -0.26568162E+06 1989  236   21   42   24    0  0.79634374E+00  0.58300614E+00  0.16106078E+00  0.11927031E+00  0.10969359E+00 -0.98678362E+00 -0.59296823E+00  0.80502868E+00  0.17818484E-01
 1989  236   21   44    0    0  0.19946727E+06  0.33295953E+06 -0.16211756E+06  0.28477320E+02 -0.35143139E+02  0.84837942E+01 -0.16434541E+06  0.38658516E+06  0.21863623E+05  0.76717644E+01 -0.15916272E+02  0.79259670E+00 -0.37774621E+05 -0.33100666E+06 -0.12191307E+06  0.16339303E+06 -0.16897409E+06 -0.26572412E+06 1989  236   21   44    0    0  0.79697353E+00  0.58214986E+00  0.16104297E+00  0.11920476E+00  0.10978477E+00 -0.98678148E+00 -0.59213471E+00  0.80563569E+00  0.18100522E-01
 1989  236   21   45   36    0  0.20217669E+06  0.32957531E+06 -0.16130306E+06  0.27968552E+02 -0.35359882E+02  0.84852285E+01 -0.16360888E+06  0.38505703E+06  0.21939703E+05  0.76732187E+01 -0.15919694E+02  0.79240322E+00 -0.41622598E+05 -0.33051762E+06 -0.12198685E+06  0.16306022E+06 -0.16922916E+06 -0.26576625E+06 1989  236   21   45   36    0  0.79691672E+00  0.58202714E+00  0.16176632E+00  0.11995547E+00  0.10998661E+00 -0.98666799E+00 -0.59205961E+00  0.80569685E+00  0.17832845E-01
 1989  236   21   47   12    0  0.20483719E+06  0.32617066E+06 -0.16048841E+06  0.27458317E+02 -0.35569855E+02  0.84866734E+01 -0.16287216E+06  0.38352859E+06  0.22015766E+05  0.76746840E+01 -0.15923143E+02  0.79220665E+00 -0.45464379E+05 -0.32998388E+06 -0.12206045E+06  0.16272717E+06 -0.16948397E+06 -0.26580800E+06 1989  236   21   47   12    0  0.79682791E+00  0.58202034E+00  0.16222785E+00  0.12035067E+00  0.11022662E+00 -0.98659307E+00 -0.59209901E+00  0.80566901E+00  0.17785095E-01
 1989  236   21   48   48    0  0.20744862E+06  0.32274612E+06 -0.15967361E+06  0.26946712E+02 -0.35773048E+02  0.84881287E+01 -0.16213531E+06  0.38199981E+06  0.22091809E+05  0.76761603E+01 -0.15926621E+02  0.79200697E+00 -0.49299453E+05 -0.32940553E+06 -0.12213385E+06  0.16239389E+06 -0.16973856E+06 -0.26584934E+06 1989  236   21   48   48    0  0.79690683E+00  0.58191854E+00  0.16220528E+00  0.12031083E+00  0.11024669E+00 -0.98659575E+00 -0.59200090E+00  0.80573976E+00  0.17845247E-01
 1989  236   21   50   24    0  0.21001089E+06  0.31930244E+06 -0.15885870E+06  0.26433825E+02 -0.35969460E+02  0.84895945E+01 -0.16139834E+06  0.38047069E+06  0.22167832E+05  0.76776485E+01 -0.15930128E+02  0.79180413E+00 -0.53127293E+05 -0.32878266E+06 -0.12220709E+06  0.16206039E+06 -0.16999294E+06 -0.26589031E+06 1989  236   21   50   24    0  0.79690605E+00  0.58201844E+00  0.16184960E+00  0.12010664E+00  0.10992141E+00 -0.98665679E+00 -0.59204316E+00  0.80571198E+00  0.17692752E-01
 1989  236   21   52    0    0  0.21252391E+06  0.31584022E+06 -0.15804361E+06  0.25919722E+02 -0.36159088E+02  0.84910698E+01 -0.16066120E+06  0.37894122E+06  0.22243836E+05  0.76791477E+01 -0.15933664E+02  0.79159808E+00 -0.56947406E+05 -0.32811534E+06 -0.12228019E+06  0.16172667E+06 -0.17024706E+06 -0.26593094E+06 1989  236   21   52    0    0  0.79688287E+00  0.58212060E+00  0.16159631E+00  0.11999999E+00  0.10963609E+00 -0.98670155E+00 -0.59209609E+00  0.80567712E+00  0.17512660E-01
 1989  236   21   53   36    0  0.21498748E+06  0.31236009E+06 -0.15722839E+06  0.25404507E+02 -0.36341927E+02  0.84925566E+01 -0.15992392E+06  0.37741141E+06  0.22319818E+05  0.76806583E+01 -0.15937229E+02  0.79138875E+00 -0.60759258E+05 -0.32740369E+06 -0.12235309E+06  0.16139273E+06 -0.17050094E+06 -0.26597119E+06 1989  236   21   53   36    0  0.79688883E+00  0.58218306E+00  0.16134155E+00  0.11989878E+00  0.10934229E+00 -0.98674643E+00 -0.59210849E+00  0.80567193E+00  0.17330620E-01
 1989  236   21   55   11 1000  0.21740152E+06  0.30886278E+06 -0.15641305E+06  0.24888266E+02 -0.36517975E+02  0.84940538E+01 -0.15918652E+06  0.37588125E+06  0.22395781E+05  0.76821809E+01 -0.15940824E+02  0.79117608E+00 -0.64562301E+05 -0.32664781E+06 -0.12242581E+06  0.16105855E+06 -0.17075456E+06 -0.26601106E+06 1989  236   21   55   11 1000  0.79688787E+00  0.58222675E+00  0.16118942E+00  0.11989793E+00  0.10908563E+00 -0.98677504E+00 -0.59211028E+00  0.80567515E+00  0.17121244E-01
 1989  236   21   56   48    0  0.21976598E+06  0.30534888E+06 -0.15559755E+06  0.24371069E+02 -0.36687222E+02  0.84955616E+01 -0.15844895E+06  0.37435078E+06  0.22471725E+05  0.76837153E+01 -0.15944448E+02  0.79096001E+00 -0.68356055E+05 -0.32584775E+06 -0.12249834E+06  0.16072414E+06 -0.17100794E+06 -0.26605056E+06 1989  236   21   56   48    0  0.79678768E+00  0.58245015E+00  0.16087690E+00  0.11972825E+00  0.10878195E+00 -0.98682910E+00 -0.59227931E+00  0.80555469E+00  0.16940389E-01
 1989  236   21   58   24    0  0.22208077E+06  0.30181906E+06 -0.15478189E+06  0.23853012E+02 -0.36849674E+02  0.84970808E+01 -0.15771123E+06  0.37281994E+06  0.22547646E+05  0.76852617E+01 -0.15948104E+02  0.79074055E+00 -0.72140023E+05 -0.32500366E+06 -0.12257072E+06  0.16038950E+06 -0.17126109E+06 -0.26608966E+06 1989  236   21   58   24    0  0.79667246E+00  0.58265138E+00  0.16071843E+00  0.11964782E+00  0.10861731E+00 -0.98685700E+00 -0.59245038E+00  0.80543137E+00  0.16819466E-01
 1989  236   22    0    0    0  0.22434573E+06  0.29827394E+06 -0.15396609E+06  0.23334179E+02 -0.37005337E+02  0.84986105E+01 -0.15697339E+06  0.37128872E+06  0.22623547E+05  0.76868205E+01 -0.15951790E+02  0.79051751E+00 -0.75913664E+05 -0.32411569E+06 -0.12264294E+06  0.16005462E+06 -0.17151402E+06 -0.26612834E+06 1989  236   22    0    0    0  0.79656893E+00  0.58277667E+00  0.16077742E+00  0.11952317E+00  0.10888157E+00 -0.98684299E+00 -0.59261477E+00  0.80530500E+00  0.17076362E-01
 1989  236   22    1   36    0  0.22656086E+06  0.29471425E+06 -0.15315016E+06  0.22814650E+02 -0.37154202E+02  0.85001516E+01 -0.15623539E+06  0.36975719E+06  0.22699424E+05  0.76883912E+01 -0.15955507E+02  0.79029089E+00 -0.79676500E+05 -0.32318391E+06 -0.12271496E+06  0.15971953E+06 -0.17176667E+06 -0.26616672E+06 1989  236   22    1   36    0  0.79637843E+00  0.58305532E+00  0.16071108E+00  0.11933601E+00  0.10901415E+00 -0.98685098E+00 -0.59290850E+00  0.80508542E+00  0.17237015E-01
 1989  236   22    3   11 1000  0.22872611E+06  0.29114059E+06 -0.15233406E+06  0.22294512E+02 -0.37296265E+02  0.85017042E+01 -0.15549723E+06  0.36822528E+06  0.22775279E+05  0.76899748E+01 -0.15959256E+02  0.79006058E+00 -0.83427977E+05 -0.32220847E+06 -0.12278684E+06  0.15938422E+06 -0.17201908E+06 -0.26620472E+06 1989  236   22    3   11 1000  0.79634571E+00  0.58308941E+00  0.16074932E+00  0.11927320E+00  0.10916249E+00 -0.98684222E+00 -0.59296501E+00  0.80504066E+00  0.17384131E-01
 1989  236   22    4   48    0  0.23084141E+06  0.28755359E+06 -0.15151784E+06  0.21773846E+02 -0.37431549E+02  0.85032682E+01 -0.15475891E+06  0.36669300E+06  0.22851115E+05  0.76915708E+01 -0.15963037E+02  0.78982657E+00 -0.87167664E+05 -0.32118956E+06 -0.12285852E+06  0.15904869E+06 -0.17227127E+06 -0.26624231E+06 1989  236   22    4   48    0  0.79615951E+00  0.58334327E+00  0.16075081E+00  0.11913010E+00  0.10935003E+00 -0.98683876E+00 -0.59324384E+00  0.80483121E+00  0.17566312E-01
 1989  236   22    6   24    0  0.23290670E+06  0.28395391E+06 -0.15070144E+06  0.21252737E+02 -0.37560051E+02  0.85048428E+01 -0.15402044E+06  0.36516034E+06  0.22926928E+05  0.76931791E+01 -0.15966850E+02  0.78958881E+00 -0.90895000E+05 -0.32012725E+06 -0.12293002E+06  0.15871294E+06 -0.17252320E+06 -0.26627953E+06 1989  236   22    6   24    0  0.79607373E+00  0.58346599E+00  0.16072972E+00  0.11900967E+00  0.10947330E+00 -0.98683959E+00 -0.59338295E+00  0.80472547E+00  0.17710712E-01
 1989  236   22    8    0    0  0.23492195E+06  0.28034228E+06 -0.14988488E+06  0.20731274E+02 -0.37681763E+02  0.85064306E+01 -0.15328181E+06  0.36362734E+06  0.23002717E+05  0.76948009E+01 -0.15970696E+02  0.78934711E+00 -0.94609477E+05 -0.31902169E+06 -0.12300137E+06  0.15837694E+06 -0.17277492E+06 -0.26631641E+06 1989  236   22    8    0    0  0.79599029E+00  0.58359772E+00  0.16066438E+00  0.11878735E+00  0.10966001E+00 -0.98684555E+00 -0.59353930E+00  0.80460447E+00  0.17964274E-01
 1989  236   22    9   36    0  0.23688709E+06  0.27671922E+06 -0.14906819E+06  0.20209543E+02 -0.37796700E+02  0.85080290E+01 -0.15254303E+06  0.36209400E+06  0.23078480E+05  0.76964355E+01 -0.15974577E+02  0.78910148E+00 -0.98310633E+05 -0.31787312E+06 -0.12307252E+06  0.15804072E+06 -0.17302639E+06 -0.26635291E+06 1989  236   22    9   36    0  0.79596192E+00  0.58363557E+00  0.16066729E+00  0.11867911E+00  0.10981013E+00 -0.98684186E+00 -0.59359890E+00  0.80455649E+00  0.18139321E-01
 1989  236   22   11   11 1000  0.23880216E+06  0.27308550E+06 -0.14825133E+06  0.19687632E+02 -0.37904877E+02  0.85096397E+01 -0.15180409E+06  0.36056028E+06  0.23154223E+05  0.76980834E+01 -0.15978490E+02  0.78885186E+00 -0.10199791E+06 -0.31668162E+06 -0.12314352E+06  0.15770430E+06 -0.17327758E+06 -0.26638900E+06 1989  236   22   11   11 1000  0.79607844E+00  0.58348328E+00  0.16064447E+00  0.11855616E+00  0.10994440E+00 -0.98684180E+00 -0.59346759E+00  0.80464876E+00  0.18348835E-01
 1989  236   22   12   48    0  0.24066712E+06  0.26944172E+06 -0.14743433E+06  0.19165606E+02 -0.38006290E+02  0.85112629E+01 -0.15106500E+06  0.35902612E+06  0.23229941E+05  0.76997447E+01 -0.15982438E+02  0.78859812E+00 -0.10567084E+06 -0.31544738E+06 -0.12321436E+06  0.15736764E+06 -0.17352855E+06 -0.26642472E+06 1989  236   22   12   48    0  0.79605222E+00  0.58334595E+00  0.16127159E+00  0.11920486E+00  0.11012414E+00 -0.98674357E+00 -0.59337276E+00  0.80472368E+00  0.18126901E-01
 1989  236   22   14   24    0  0.24248197E+06  0.26578853E+06 -0.14661717E+06  0.18643557E+02 -0.38100956E+02  0.85128975E+01 -0.15032575E+06  0.35749162E+06  0.23305635E+05  0.77014198E+01 -0.15986421E+02  0.78834021E+00 -0.10932895E+06 -0.31417056E+06 -0.12328502E+06  0.15703073E+06 -0.17377927E+06 -0.26646009E+06 1989  236   22   14   24    0  0.79593414E+00  0.58340877E+00  0.16162720E+00  0.11950147E+00  0.11031733E+00 -0.98668617E+00 -0.59347165E+00  0.80465168E+00  0.18087134E-01
 1989  236   22   16    0    0  0.24424669E+06  0.26212659E+06 -0.14579986E+06  0.18121576E+02 -0.38188885E+02  0.85145445E+01 -0.14958634E+06  0.35595672E+06  0.23381303E+05  0.77031088E+01 -0.15990438E+02  0.78807801E+00 -0.11297176E+06 -0.31285134E+06 -0.12335548E+06  0.15669364E+06 -0.17402972E+06 -0.26649506E+06 1989  236   22   16    0    0  0.79624504E+00  0.58292878E+00  0.16182727E+00  0.11970697E+00  0.11039306E+00 -0.98665279E+00 -0.59301287E+00  0.80498916E+00  0.18119287E-01
 1989  236   22   17   36    0  0.24596131E+06  0.25845648E+06 -0.14498239E+06  0.17599739E+02 -0.38270084E+02  0.85162048E+01 -0.14884673E+06  0.35442144E+06  0.23456945E+05  0.77048111E+01 -0.15994491E+02  0.78781146E+00 -0.11659876E+06 -0.31148994E+06 -0.12342577E+06  0.15635633E+06 -0.17427997E+06 -0.26652966E+06 1989  236   22   17   36    0  0.79684460E+00  0.58240652E+00  0.16075288E+00  0.11841309E+00  0.11036301E+00 -0.98681223E+00 -0.59246701E+00  0.80537117E+00  0.18977616E-01
 1989  236   22   19   12    0  0.24762586E+06  0.25477889E+06 -0.14416477E+06  0.17078125E+02 -0.38344570E+02  0.85178766E+01 -0.14810698E+06  0.35288578E+06  0.23532562E+05  0.77065277E+01 -0.15998575E+02  0.78754056E+00 -0.12020945E+06 -0.31008647E+06 -0.12349589E+06  0.15601880E+06 -0.17452997E+06 -0.26656388E+06 1989  236   22   19   12    0  0.79643780E+00  0.58291692E+00  0.16091837E+00  0.11858203E+00  0.11039171E+00 -0.98678875E+00 -0.59297991E+00  0.80499792E+00  0.18796660E-01
 1989  236   22   20   47 1000  0.24924033E+06  0.25109450E+06 -0.14334697E+06  0.16556826E+02 -0.38412350E+02  0.85195618E+01 -0.14736708E+06  0.35134969E+06  0.23608154E+05  0.77082586E+01 -0.16002699E+02  0.78726506E+00 -0.12380330E+06 -0.30864119E+06 -0.12356586E+06  0.15568105E+06 -0.17477969E+06 -0.26659769E+06 1989  236   22   20   47 1000  0.79697430E+00  0.58207840E+00  0.16129784E+00  0.11930586E+00  0.11007938E+00 -0.98673642E+00 -0.59211344E+00  0.80564725E+00  0.18285081E-01
 1989  236   22   22   24    0  0.25080480E+06  0.24740397E+06 -0.14252900E+06  0.16035925E+02 -0.38473438E+02  0.85212603E+01 -0.14662702E+06  0.34981325E+06  0.23683719E+05  0.77100039E+01 -0.16006865E+02  0.78698504E+00 -0.12737986E+06 -0.30715428E+06 -0.12363564E+06  0.15534305E+06 -0.17502916E+06 -0.26663119E+06 1989  236   22   22   24    0  0.79698098E+00  0.58213943E+00  0.16104341E+00  0.11899763E+00  0.11006766E+00 -0.98677486E+00 -0.59216624E+00  0.80560464E+00  0.18448621E-01
 1989  236   22   24    0    0  0.25231925E+06  0.24370786E+06 -0.14171088E+06  0.15515495E+02 -0.38527859E+02  0.85229702E+01 -0.14588677E+06  0.34827641E+06  0.23759256E+05  0.77117639E+01 -0.16011061E+02  0.78670031E+00 -0.13093867E+06 -0.30562597E+06 -0.12370523E+06  0.15500484E+06 -0.17527841E+06 -0.26666428E+06 1989  236   22   24    0    0  0.79688108E+00  0.58238888E+00  0.16063598E+00  0.11857125E+00  0.10995181E+00 -0.98683912E+00 -0.59238636E+00  0.80544013E+00  0.18563941E-01
 1989  236   22   25   35 1000  0.25378375E+06  0.24000683E+06 -0.14089259E+06  0.14995620E+02 -0.38575619E+02  0.85246944E+01 -0.14514633E+06  0.34673912E+06  0.23834764E+05  0.77135386E+01 -0.16015295E+02  0.78641075E+00 -0.13447927E+06 -0.30405647E+06 -0.12377463E+06  0.15466644E+06 -0.17552741E+06 -0.26669700E+06 1989  236   22   25   35 1000  0.79668194E+00  0.58264273E+00  0.16070271E+00  0.11873433E+00  0.10983266E+00 -0.98683280E+00 -0.59262133E+00  0.80527276E+00  0.18322006E-01
 1989  236   22   27   12    0  0.25519841E+06  0.23630152E+06 -0.14007412E+06  0.14476383E+02 -0.38616741E+02  0.85264320E+01 -0.14440577E+06  0.34520144E+06  0.23910244E+05  0.77153282E+01 -0.16019577E+02  0.78611636E+00 -0.13800114E+06 -0.30244597E+06 -0.12384388E+06  0.15432778E+06 -0.17577616E+06 -0.26672934E+06 1989  236   22   27   12    0  0.79654700E+00  0.58280849E+00  0.16077042E+00  0.11901420E+00  0.10956015E+00 -0.98682934E+00 -0.59274662E+00  0.80518991E+00  0.17907310E-01
 1989  236   22   28   47 1000  0.25656325E+06  0.23259262E+06 -0.13925550E+06  0.13957865E+02 -0.38651241E+02  0.85281830E+01 -0.14366502E+06  0.34366338E+06  0.23985697E+05  0.77171330E+01 -0.16023895E+02  0.78581697E+00 -0.14150381E+06 -0.30079466E+06 -0.12391298E+06  0.15398894E+06 -0.17602466E+06 -0.26676131E+06 1989  236   22   28   47 1000  0.79634476E+00  0.58301324E+00  0.16103016E+00  0.11937922E+00  0.10949390E+00 -0.98679268E+00 -0.59294498E+00  0.80505073E+00  0.17595228E-01
 1989  236   22   30   24    0  0.25787836E+06  0.22888070E+06 -0.13843672E+06  0.13440144E+02 -0.38679134E+02  0.85299473E+01 -0.14292406E+06  0.34212488E+06  0.24061121E+05  0.77189531E+01 -0.16028252E+02  0.78551245E+00 -0.14498684E+06 -0.29910278E+06 -0.12398188E+06  0.15364988E+06 -0.17627291E+06 -0.26679291E+06 1989  236   22   30   24    0  0.79631919E+00  0.58312631E+00  0.16074702E+00  0.11911483E+00  0.10937236E+00 -0.98683810E+00 -0.59303248E+00  0.80498540E+00  0.17636325E-01
 1989  236   22   32    0    0  0.25914380E+06  0.22516639E+06 -0.13761777E+06  0.12923304E+02 -0.38700443E+02  0.85317259E+01 -0.14218297E+06  0.34058591E+06  0.24136516E+05  0.77207890E+01 -0.16032646E+02  0.78520280E+00 -0.14844972E+06 -0.29737062E+06 -0.12405060E+06  0.15331059E+06 -0.17652091E+06 -0.26682412E+06 1989  236   22   32    0    0  0.79635417E+00  0.58325911E+00  0.16009046E+00  0.11835723E+00  0.10929130E+00 -0.98693824E+00 -0.59313720E+00  0.80490017E+00  0.18001646E-01
 1989  236   22   33   36    0  0.26035964E+06  0.22145039E+06 -0.13679864E+06  0.12407427E+02 -0.38715191E+02  0.85335178E+01 -0.14144169E+06  0.33904656E+06  0.24211881E+05  0.77226405E+01 -0.16037079E+02  0.78488785E+00 -0.15189198E+06 -0.29559841E+06 -0.12411916E+06  0.15297109E+06 -0.17676866E+06 -0.26685497E+06 1989  236   22   33   36    0  0.79622388E+00  0.58342361E+00  0.16013885E+00  0.11858483E+00  0.10905766E+00 -0.98693675E+00 -0.59326655E+00  0.80481261E+00  0.17649114E-01
 1989  236   22   35   12    0  0.26152606E+06  0.21773328E+06 -0.13597933E+06  0.11892590E+02 -0.38723400E+02  0.85353241E+01 -0.14070022E+06  0.33750681E+06  0.24287215E+05  0.77245083E+01 -0.16041557E+02  0.78456753E+00 -0.15531322E+06 -0.29378641E+06 -0.12418753E+06  0.15263138E+06 -0.17701616E+06 -0.26688544E+06 1989  236   22   35   12    0  0.79598278E+00  0.58364046E+00  0.16054660E+00  0.11920363E+00  0.10889609E+00 -0.98688006E+00 -0.59346598E+00  0.80467725E+00  0.17107356E-01
 1989  236   22   36   47 1000  0.26264309E+06  0.21401572E+06 -0.13515986E+06  0.11378873E+02 -0.38725086E+02  0.85371447E+01 -0.13995856E+06  0.33596662E+06  0.24362518E+05  0.77263923E+01 -0.16046082E+02  0.78424168E+00 -0.15871291E+06 -0.29193478E+06 -0.12425572E+06  0.15229142E+06 -0.17726342E+06 -0.26691553E+06 1989  236   22   36   47 1000  0.79584098E+00  0.58370745E+00  0.16100544E+00  0.11978833E+00  0.10887239E+00 -0.98681176E+00 -0.59353846E+00  0.80463183E+00  0.16723774E-01
 1989  236   22   38   24    0  0.26371084E+06  0.21029833E+06 -0.13434020E+06  0.10866355E+02 -0.38720284E+02  0.85389795E+01 -0.13921675E+06  0.33442597E+06  0.24437789E+05  0.77282929E+01 -0.16050646E+02  0.78391021E+00 -0.16209059E+06 -0.29004381E+06 -0.12432375E+06  0.15195127E+06 -0.17751045E+06 -0.26694522E+06 1989  236   22   38   24    0  0.79592091E+00  0.58351141E+00  0.16132088E+00  0.12010644E+00  0.10897820E+00 -0.98676151E+00 -0.59336704E+00  0.80475980E+00  0.16654558E-01
 1989  236   22   40    0    0  0.26472944E+06  0.20658167E+06 -0.13352036E+06  0.10355115E+02 -0.38709007E+02  0.85408297E+01 -0.13847473E+06  0.33288488E+06  0.24513025E+05  0.77302094E+01 -0.16055254E+02  0.78357303E+00 -0.16544588E+06 -0.28811381E+06 -0.12439159E+06  0.15161089E+06 -0.17775720E+06 -0.26697453E+06 1989  236   22   40    0    0  0.79610062E+00  0.58331048E+00  0.16116041E+00  0.11993852E+00  0.10894316E+00 -0.98678577E+00 -0.59315979E+00  0.80491006E+00  0.16768325E-01
 1989  236   22   41   36    0  0.26569903E+06  0.20286641E+06 -0.13270036E+06  0.98452311E+01 -0.38691284E+02  0.85426941E+01 -0.13773255E+06  0.33134338E+06  0.24588232E+05  0.77321424E+01 -0.16059908E+02  0.78323001E+00 -0.16877828E+06 -0.28614500E+06 -0.12445928E+06  0.15127030E+06 -0.17800370E+06 -0.26700350E+06 1989  236   22   41   36    0  0.79633439E+00  0.58307391E+00  0.16086136E+00  0.11963585E+00  0.10885923E+00 -0.98683178E+00 -0.59290713E+00  0.80509281E+00  0.16931809E-01
 1989  236   22   43   12    0  0.26661978E+06  0.19915312E+06 -0.13188017E+06  0.93367777E+01 -0.38667145E+02  0.85445738E+01 -0.13699017E+06  0.32980138E+06  0.24663406E+05  0.77340932E+01 -0.16064600E+02  0.78288096E+00 -0.17208736E+06 -0.28413766E+06 -0.12452681E+06  0.15092952E+06 -0.17824995E+06 -0.26703206E+06 1989  236   22   43   12    0  0.79652888E+00  0.58285248E+00  0.16070080E+00  0.11937000E+00  0.10895804E+00 -0.98685306E+00 -0.59269941E+00  0.80523974E+00  0.17213140E-01
 1989  236   22   44   47 1000  0.26749175E+06  0.19544247E+06 -0.13105979E+06  0.88298368E+01 -0.38636616E+02  0.85464678E+01 -0.13624761E+06  0.32825894E+06  0.24738547E+05  0.77360616E+01 -0.16069338E+02  0.78252584E+00 -0.17537264E+06 -0.28209206E+06 -0.12459412E+06  0.15058852E+06 -0.17849595E+06 -0.26706025E+06 1989  236   22   44   47 1000  0.79672474E+00  0.58238626E+00  0.16141859E+00  0.12047707E+00  0.10867812E+00 -0.98674935E+00 -0.59221196E+00  0.80561489E+00  0.16422365E-01
 1989  236   22   46   24    0  0.26831516E+06  0.19173508E+06 -0.13023925E+06  0.83244858E+01 -0.38599728E+02  0.85483780E+01 -0.13550486E+06  0.32671606E+06  0.24813652E+05  0.77380471E+01 -0.16074121E+02  0.78216451E+00 -0.17863366E+06 -0.28000853E+06 -0.12466124E+06  0.15024730E+06 -0.17874170E+06 -0.26708809E+06 1989  236   22   46   24    0  0.79626030E+00  0.58319795E+00  0.16077885E+00  0.11951491E+00  0.10888021E+00 -0.98684412E+00 -0.59303105E+00  0.80500025E+00  0.16996145E-01
 1989  236   22   48    0    0  0.26909012E+06  0.18803155E+06 -0.12941853E+06  0.78208008E+01 -0.38556511E+02  0.85503044E+01 -0.13476189E+06  0.32517272E+06  0.24888723E+05  0.77400503E+01 -0.16078960E+02  0.78179675E+00 -0.18187002E+06 -0.27788731E+06 -0.12472821E+06  0.14990586E+06 -0.17898720E+06 -0.26711556E+06 1989  236   22   48    0    0  0.79630452E+00  0.58330923E+00  0.16015409E+00  0.11865118E+00  0.10899741E+00 -0.98693538E+00 -0.59314489E+00  0.80490363E+00  0.17584790E-01
 1989  236   22   49   36    0  0.26981684E+06  0.18433245E+06 -0.12859759E+06  0.73188572E+01 -0.38506981E+02  0.85522451E+01 -0.13401877E+06  0.32362891E+06  0.24963758E+05  0.77420712E+01 -0.16083843E+02  0.78142256E+00 -0.18508131E+06 -0.27572866E+06 -0.12479502E+06  0.14956419E+06 -0.17923245E+06 -0.26714262E+06 1989  236   22   49   36    0  0.79634929E+00  0.58300006E+00  0.16105522E+00  0.11926869E+00  0.10968657E+00 -0.98678458E+00 -0.59296113E+00  0.80503404E+00  0.17815165E-01
 1989  236   22   51   11 1000  0.27049541E+06  0.18063839E+06 -0.12777647E+06  0.68187304E+01 -0.38451183E+02  0.85542021E+01 -0.13327544E+06  0.32208462E+06  0.25038756E+05  0.77441111E+01 -0.16088764E+02  0.78104174E+00 -0.18826708E+06 -0.27353294E+06 -0.12486165E+06  0.14922234E+06 -0.17947742E+06 -0.26716931E+06 1989  236   22   51   11 1000  0.79651171E+00  0.58301264E+00  0.16020444E+00  0.11880468E+00  0.10888469E+00 -0.98692942E+00 -0.59283614E+00  0.80513382E+00  0.17463304E-01
 1989  236   22   52   48    0  0.27112606E+06  0.17695000E+06 -0.12695519E+06  0.63204961E+01 -0.38389145E+02  0.85561752E+01 -0.13253191E+06  0.32053988E+06  0.25113717E+05  0.77461691E+01 -0.16093739E+02  0.78065413E+00 -0.19142689E+06 -0.27130041E+06 -0.12492809E+06  0.14888028E+06 -0.17972212E+06 -0.26719562E+06 1989  236   22   52   48    0  0.79627591E+00  0.58324474E+00  0.16053098E+00  0.11916284E+00  0.10893942E+00 -0.98688012E+00 -0.59308082E+00  0.80495816E+00  0.17244752E-01
 1989  236   22   54   24    0  0.27170897E+06  0.17326789E+06 -0.12613372E+06  0.58242288E+01 -0.38320896E+02  0.85581646E+01 -0.13178816E+06  0.31899459E+06  0.25188641E+05  0.77482462E+01 -0.16098766E+02  0.78025955E+00 -0.19456030E+06 -0.26903138E+06 -0.12499437E+06  0.14853800E+06 -0.17996662E+06 -0.26722156E+06 1989  236   22   54   24    0  0.79634398E+00  0.58300316E+00  0.16107008E+00  0.11927801E+00  0.10969876E+00 -0.98678207E+00 -0.59296632E+00  0.80503011E+00  0.17818481E-01
 1989  236   22   56    0    0  0.27224438E+06  0.16959261E+06 -0.12531202E+06  0.53300009E+01 -0.38246464E+02  0.85601702E+01 -0.13104422E+06  0.31744888E+06  0.25263527E+05  0.77503424E+01 -0.16103842E+02  0.77985793E+00 -0.19766691E+06 -0.26672619E+06 -0.12506046E+06  0.14819553E+06 -0.18021088E+06 -0.26724712E+06 1989  236   22   56    0    0  0.79633576E+00  0.58301389E+00  0.16107237E+00  0.11928718E+00  0.10968980E+00 -0.98678201E+00 -0.59297562E+00  0.80502361E+00  0.17803822E-01
 1989  236   22   57   36    0  0.27273241E+06  0.16592473E+06 -0.12449014E+06  0.48378887E+01 -0.38165901E+02  0.85621920E+01 -0.13030009E+06  0.31590269E+06  0.25338375E+05  0.77524571E+01 -0.16108969E+02  0.77944911E+00 -0.20074633E+06 -0.26438512E+06 -0.12512636E+06  0.14785284E+06 -0.18045484E+06 -0.26727231E+06 1989  236   22   57   36    0  0.79596210E+00  0.58347589E+00  0.16124633E+00  0.11991391E+00  0.10911523E+00 -0.98676980E+00 -0.59335077E+00  0.80476701E+00  0.16884722E-01
 1989  236   22   59   11 1000  0.27317334E+06  0.16226492E+06 -0.12366808E+06  0.43479671E+01 -0.38079235E+02  0.85642319E+01 -0.12955574E+06  0.31435597E+06  0.25413182E+05  0.77545919E+01 -0.16114149E+02  0.77903289E+00 -0.20379811E+06 -0.26200855E+06 -0.12519211E+06  0.14750994E+06 -0.18069856E+06 -0.26729709E+06 1989  236   22   59   11 1000  0.79618895E+00  0.58319509E+00  0.16114286E+00  0.11985971E+00  0.10902470E+00 -0.98678637E+00 -0.59305751E+00  0.80498278E+00  0.16902667E-01
 1989  236   23    0   48    0  0.27356731E+06  0.15861373E+06 -0.12284580E+06  0.38603075E+01 -0.37986496E+02  0.85662889E+01 -0.12881121E+06  0.31280872E+06  0.25487945E+05  0.77567463E+01 -0.16119375E+02  0.77860910E+00 -0.20682181E+06 -0.25959670E+06 -0.12525767E+06  0.14716684E+06 -0.18094203E+06 -0.26732153E+06 1989  236   23    0   48    0  0.79649639E+00  0.58279097E+00  0.16108438E+00  0.11982124E+00  0.10899280E+00 -0.98679447E+00 -0.59265196E+00  0.80527961E+00  0.16981646E-01
 1989  236   23    2   24    0  0.27391459E+06  0.15497173E+06 -0.12202333E+06  0.33749819E+01 -0.37887730E+02  0.85683622E+01 -0.12806646E+06  0.31126103E+06  0.25562672E+05  0.77589211E+01 -0.16124655E+02  0.77817762E+00 -0.20981706E+06 -0.25715000E+06 -0.12532305E+06  0.14682353E+06 -0.18118525E+06 -0.26734559E+06 1989  236   23    2   24    0  0.79679441E+00  0.58241260E+00  0.16097936E+00  0.11973667E+00  0.10894439E+00 -0.98681015E+00 -0.59226847E+00  0.80555993E+00  0.17070152E-01
 1989  236   23    4    0    0  0.27421541E+06  0.15133948E+06 -0.12120066E+06  0.28920615E+01 -0.37782967E+02  0.85704527E+01 -0.12732148E+06  0.30971281E+06  0.25637357E+05  0.77611160E+01 -0.16129997E+02  0.77773827E+00 -0.21278348E+06 -0.25466877E+06 -0.12538827E+06  0.14647998E+06 -0.18142822E+06 -0.26736928E+06 1989  236   23    4    0    0  0.79687977E+00  0.58229136E+00  0.16099510E+00  0.11974481E+00  0.10896407E+00 -0.98680699E+00 -0.59215188E+00  0.80564487E+00  0.17104898E-01
 1989  236   23    5   36    0  0.27446994E+06  0.14771759E+06 -0.12037782E+06  0.24116178E+01 -0.37672253E+02  0.85725622E+01 -0.12657633E+06  0.30816406E+06  0.25712000E+05  0.77633314E+01 -0.16135391E+02  0.77729082E+00 -0.21572066E+06 -0.25215331E+06 -0.12545330E+06  0.14613627E+06 -0.18167091E+06 -0.26739256E+06 1989  236   23    5   36    0  0.79668391E+00  0.58255935E+00  0.16099513E+00  0.11965817E+00  0.10907236E+00 -0.98680556E+00 -0.59243286E+00  0.80543649E+00  0.17188203E-01
 1989  236   23    7   11 1000  0.27467850E+06  0.14410661E+06 -0.11955476E+06  0.19337218E+01 -0.37555622E+02  0.85746889E+01 -0.12583095E+06  0.30661481E+06  0.25786598E+05  0.77655687E+01 -0.16140839E+02  0.77683520E+00 -0.21862812E+06 -0.24960398E+06 -0.12551813E+06  0.14579233E+06 -0.18191334E+06 -0.26741547E+06 1989  236   23    7   11 1000  0.79658473E+00  0.58269465E+00  0.16099651E+00  0.11963822E+00  0.10909703E+00 -0.98680532E+00 -0.59257030E+00  0.80533528E+00  0.17192494E-01
 1989  236   23    8   48    0  0.27484131E+06  0.14050709E+06 -0.11873148E+06  0.14584438E+01 -0.37433105E+02  0.85768337E+01 -0.12508533E+06  0.30506503E+06  0.25861150E+05  0.77678266E+01 -0.16146347E+02  0.77637112E+00 -0.22150561E+06 -0.24702112E+06 -0.12558282E+06  0.14544817E+06 -0.18215552E+06 -0.26743803E+06 1989  236   23    8   48    0  0.79634631E+00  0.58300436E+00  0.16105445E+00  0.11958702E+00  0.10925290E+00 -0.98679417E+00 -0.59290099E+00  0.80508989E+00  0.17283369E-01
 1989  236   23   10   24    0  0.27495862E+06  0.13691964E+06 -0.11790800E+06  0.98585075E+00 -0.37304760E+02  0.85789976E+01 -0.12433951E+06  0.30351472E+06  0.25935660E+05  0.77701058E+01 -0.16151909E+02  0.77589840E+00 -0.22435269E+06 -0.24440506E+06 -0.12564732E+06  0.14510383E+06 -0.18239745E+06 -0.26746019E+06 1989  236   23   10   24    0  0.79620653E+00  0.58321398E+00  0.16098715E+00  0.11955774E+00  0.10917195E+00 -0.98680675E+00 -0.59309477E+00  0.80494905E+00  0.17195676E-01
 1989  236   23   12    0    0  0.27503069E+06  0.13334477E+06 -0.11708430E+06  0.51601386E+00 -0.37170628E+02  0.85811796E+01 -0.12359347E+06  0.30196384E+06  0.26010125E+05  0.77724075E+01 -0.16157526E+02  0.77541691E+00 -0.22716892E+06 -0.24175623E+06 -0.12571163E+06  0.14475927E+06 -0.18263911E+06 -0.26748197E+06 1989  236   23   12    0    0  0.79598922E+00  0.58351076E+00  0.16098563E+00  0.11946580E+00  0.10928337E+00 -0.98680550E+00 -0.59340471E+00  0.80471879E+00  0.17278802E-01
 1989  236   23   13   36    0  0.27505778E+06  0.12978305E+06 -0.11626040E+06  0.49003541E-01 -0.37030739E+02  0.85833807E+01 -0.12284719E+06  0.30041247E+06  0.26084541E+05  0.77747312E+01 -0.16163202E+02  0.77492642E+00 -0.22995397E+06 -0.23907498E+06 -0.12577579E+06  0.14441452E+06 -0.18288052E+06 -0.26750341E+06 1989  236   23   13   36    0  0.79591280E+00  0.58360499E+00  0.16102223E+00  0.11949581E+00  0.10930084E+00 -0.98679996E+00 -0.59350121E+00  0.80464816E+00  0.17255601E-01
 1989  236   23   15   11 1000  0.27504019E+06  0.12623502E+06 -0.11543630E+06 -0.41511452E+00 -0.36885147E+02  0.85856009E+01 -0.12210072E+06  0.29886053E+06  0.26158908E+05  0.77770777E+01 -0.16168947E+02  0.77442676E+00 -0.23270745E+06 -0.23636159E+06 -0.12583976E+06  0.14406958E+06 -0.18312170E+06 -0.26752444E+06 1989  236   23   15   11 1000  0.79605269E+00  0.58342052E+00  0.16099975E+00  0.11942323E+00  0.10936820E+00 -0.98680133E+00 -0.59332836E+00  0.80477279E+00  0.17388895E-01
 1989  236   23   16   48    0  0.27497816E+06  0.12270128E+06 -0.11461199E+06 -0.87627292E+00 -0.36733883E+02  0.85878401E+01 -0.12135403E+06  0.29730803E+06  0.26233229E+05  0.77794471E+01 -0.16174753E+02  0.77391762E+00 -0.23542905E+06 -0.23361650E+06 -0.12590354E+06  0.14372438E+06 -0.18336261E+06 -0.26754509E+06 1989  236   23   16   48    0  0.79614526E+00  0.58330351E+00  0.16096514E+00  0.11944304E+00  0.10928731E+00 -0.98680782E+00 -0.59319991E+00  0.80486858E+00  0.17337035E-01
 1989  236   23   18   24    0  0.27487203E+06  0.11918232E+06 -0.11378743E+06 -0.13344057E+01 -0.36577000E+02  0.85900993E+01 -0.12060709E+06  0.29575500E+06  0.26307500E+05  0.77818389E+01 -0.16180613E+02  0.77339882E+00 -0.23811833E+06 -0.23084011E+06 -0.12596716E+06  0.14337900E+06 -0.18360323E+06 -0.26756534E+06 1989  236   23   18   24    0  0.79622352E+00  0.58320665E+00  0.16092941E+00  0.11941372E+00  0.10927057E+00 -0.98681325E+00 -0.59310091E+00  0.80494100E+00  0.17360914E-01
 1989  236   23   20    0    0  0.27472206E+06  0.11567868E+06 -0.11296267E+06 -0.17894464E+01 -0.36414547E+02  0.85923777E+01 -0.11985990E+06  0.29420138E+06  0.26381723E+05  0.77842546E+01 -0.16186543E+02  0.77287018E+00 -0.24077494E+06 -0.22803277E+06 -0.12603059E+06  0.14303344E+06 -0.18384361E+06 -0.26758525E+06 1989  236   23   20    0    0  0.79630011E+00  0.58314252E+00  0.16078232E+00  0.11927150E+00  0.10921840E+00 -0.98683619E+00 -0.59302652E+00  0.80499446E+00  0.17418332E-01
 1989  236   23   21   36    0  0.27452856E+06  0.11219091E+06 -0.11213770E+06 -0.22413299E+01 -0.36246571E+02  0.85946760E+01 -0.11911249E+06  0.29264716E+06  0.26455893E+05  0.77866950E+01 -0.16192539E+02  0.77233142E+00 -0.24339855E+06 -0.22519483E+06 -0.12609384E+06  0.14268766E+06 -0.18408373E+06 -0.26760478E+06 1989  236   23   21   36    0  0.79648572E+00  0.58288002E+00  0.16081525E+00  0.11931035E+00  0.10923073E+00 -0.98683017E+00 -0.59276956E+00  0.80518299E+00  0.17457090E-01
 1989  236   23   23   12    0  0.27429184E+06  0.10871952E+06 -0.11131248E+06 -0.26899943E+01 -0.36073116E+02  0.85969954E+01 -0.11836486E+06  0.29109241E+06  0.26530010E+05  0.77891588E+01 -0.16198597E+02  0.77178234E+00 -0.24598880E+06 -0.22232667E+06 -0.12615694E+06  0.14234169E+06 -0.18432361E+06 -0.26762391E+06 1989  236   23   23   12    0  0.79655147E+00  0.58282161E+00  0.16070153E+00  0.11922279E+00  0.10916036E+00 -0.98684859E+00 -0.59269887E+00  0.80523479E+00  0.17466240E-01
 1989  236   23   24   47 1000  0.27401216E+06  0.10526502E+06 -0.11048707E+06 -0.31353729E+01 -0.35894222E+02  0.85993357E+01 -0.11761698E+06  0.28953703E+06  0.26604074E+05  0.77916479E+01 -0.16204716E+02  0.77122265E+00 -0.24854536E+06 -0.21942873E+06 -0.12621984E+06  0.14199553E+06 -0.18456320E+06 -0.26764269E+06 1989  236   23   24   47 1000  0.79655141E+00  0.58283997E+00  0.16063498E+00  0.11916687E+00  0.10912369E+00 -0.98685932E+00 -0.59271008E+00  0.80522645E+00  0.17467428E-01
 1989  236   23   26   24    0  0.27368994E+06  0.10182799E+06 -0.10966145E+06 -0.35774002E+01 -0.35709949E+02  0.86016970E+01 -0.11686886E+06  0.28798103E+06  0.26678084E+05  0.77941613E+01 -0.16210905E+02  0.77065217E+00 -0.25106788E+06 -0.21650144E+06 -0.12628256E+06  0.14164916E+06 -0.18480255E+06 -0.26766109E+06 1989  236   23   26   24    0  0.79674679E+00  0.58257067E+00  0.16064291E+00  0.11926310E+00  0.10901605E+00 -0.98685968E+00 -0.59242809E+00  0.80543596E+00  0.17379005E-01
 1989  236   23   28    0    0  0.27332544E+06  0.98408898E+05 -0.10883556E+06 -0.40160155E+01 -0.35520344E+02  0.86040783E+01 -0.11612048E+06  0.28642450E+06  0.26752037E+05  0.77967000E+01 -0.16217169E+02  0.77007055E+00 -0.25355597E+06 -0.21354514E+06 -0.12634509E+06  0.14130256E+06 -0.18504162E+06 -0.26767909E+06 1989  236   23   28    0    0  0.79690647E+00  0.58235848E+00  0.16061951E+00  0.11919555E+00  0.10907619E+00 -0.98686105E+00 -0.59222662E+00  0.80558115E+00  0.17508991E-01
 1989  236   23   29   35 1000  0.27291900E+06  0.95008242E+05 -0.10800944E+06 -0.44511571E+01 -0.35325455E+02  0.86064825E+01 -0.11537188E+06  0.28486738E+06  0.26825938E+05  0.77992654E+01 -0.16223501E+02  0.76947767E+00 -0.25600933E+06 -0.21056022E+06 -0.12640746E+06  0.14095581E+06 -0.18528044E+06 -0.26769672E+06 1989  236   23   29   35 1000  0.79630846E+00  0.58318502E+00  0.16058709E+00  0.11906837E+00  0.10916422E+00 -0.98686677E+00 -0.59305626E+00  0.80497116E+00  0.17489500E-01
 1989  236   23   31   12    0  0.27247094E+06  0.91626562E+05 -0.10718309E+06 -0.48827639E+01 -0.35125328E+02  0.86089077E+01 -0.11462304E+06  0.28330962E+06  0.26899777E+05  0.78018565E+01 -0.16229902E+02  0.76887310E+00 -0.25842764E+06 -0.20754712E+06 -0.12646965E+06  0.14060883E+06 -0.18551900E+06 -0.26771400E+06 1989  236   23   31   12    0  0.79689085E+00  0.58243376E+00  0.16042463E+00  0.11909084E+00  0.10888766E+00 -0.98689461E+00 -0.59226894E+00  0.80555224E+00  0.17409060E-01
 1989  236   23   32   47 1000  0.27198162E+06  0.88264359E+05 -0.10635653E+06 -0.53107743E+01 -0.34920017E+02  0.86113539E+01 -0.11387391E+06  0.28175125E+06  0.26973559E+05  0.78044739E+01 -0.16236374E+02  0.76825660E+00 -0.26081061E+06 -0.20450625E+06 -0.12653165E+06  0.14026164E+06 -0.18575728E+06 -0.26773091E+06 1989  236   23   32   47 1000  0.79683757E+00  0.58249694E+00  0.16045932E+00  0.11907974E+00  0.10895873E+00 -0.98688805E+00 -0.59234273E+00  0.80549693E+00  0.17458808E-01
 1989  236   23   34   24    0  0.27145138E+06  0.84922094E+05 -0.10552971E+06 -0.57351294E+01 -0.34709579E+02  0.86138239E+01 -0.11312456E+06  0.28019225E+06  0.27047283E+05  0.78071189E+01 -0.16242920E+02  0.76762795E+00 -0.26315788E+06 -0.20143800E+06 -0.12659349E+06  0.13991430E+06 -0.18599531E+06 -0.26774741E+06 1989  236   23   34   24    0  0.79688716E+00  0.58244824E+00  0.16039008E+00  0.11909035E+00  0.10882959E+00 -0.98690104E+00 -0.59227395E+00  0.80554962E+00  0.17360937E-01
 1989  236   23   36    0    0  0.27088056E+06  0.81600250E+05 -0.10470268E+06 -0.61557722E+01 -0.34494057E+02  0.86163158E+01 -0.11237497E+06  0.27863259E+06  0.27120945E+05  0.78097911E+01 -0.16249542E+02  0.76698673E+00 -0.26546912E+06 -0.19834280E+06 -0.12665515E+06  0.13956673E+06 -0.18623309E+06 -0.26776353E+06 1989  236   23   36    0    0  0.79683018E+00  0.58253241E+00  0.16036713E+00  0.11907855E+00  0.10880387E+00 -0.98690528E+00 -0.59235287E+00  0.80549222E+00  0.17331101E-01
 1989  236   23   37   36    0  0.27026956E+06  0.78299352E+05 -0.10387539E+06 -0.65726414E+01 -0.34273510E+02  0.86188307E+01 -0.11162509E+06  0.27707231E+06  0.27194543E+05  0.78124914E+01 -0.16256243E+02  0.76633275E+00 -0.26774406E+06 -0.19522106E+06 -0.12671662E+06  0.13921895E+06 -0.18647059E+06 -0.26777925E+06 1989  236   23   37   36    0  0.79685873E+00  0.58251238E+00  0.16029833E+00  0.11902699E+00  0.10875882E+00 -0.98691648E+00 -0.59232485E+00  0.80551285E+00  0.17330725E-01
 1989  236   23   39   12    0  0.26961878E+06  0.75019906E+05 -0.10304786E+06 -0.69856777E+01 -0.34047997E+02  0.86213684E+01 -0.11087496E+06  0.27551138E+06  0.27268080E+05  0.78152194E+01 -0.16263018E+02  0.76566565E+00 -0.26998234E+06 -0.19207325E+06 -0.12677790E+06  0.13887098E+06 -0.18670784E+06 -0.26779462E+06 1989  236   23   39   12    0  0.79682654E+00  0.58258748E+00  0.16018522E+00  0.11891948E+00  0.10871182E+00 -0.98693460E+00 -0.59238976E+00  0.80546480E+00  0.17343462E-01
 1989  236   23   40   47 1000  0.26892847E+06  0.71762344E+05 -0.10222007E+06 -0.73948255E+01 -0.33817562E+02  0.86239300E+01 -0.11012455E+06  0.27394981E+06  0.27341551E+05  0.78179765E+01 -0.16269869E+02  0.76498514E+00 -0.27218372E+06 -0.18889977E+06 -0.12683902E+06  0.13852283E+06 -0.18694481E+06 -0.26780959E+06 1989  236   23   40   47 1000  0.79688233E+00  0.58251780E+00  0.16016099E+00  0.11888550E+00  0.10871971E+00 -0.98693782E+00 -0.59232152E+00  0.80551416E+00  0.17383881E-01
 1989  236   23   42   24    0  0.26819906E+06  0.68527094E+05 -0.10139204E+06 -0.78000288E+01 -0.33582268E+02  0.86265154E+01 -0.10937389E+06  0.27238759E+06  0.27414957E+05  0.78207626E+01 -0.16276804E+02  0.76429081E+00 -0.27434788E+06 -0.18570103E+06 -0.12689995E+06  0.13817448E+06 -0.18718153E+06 -0.26782419E+06 1989  236   23   42   24    0  0.79680556E+00  0.58262599E+00  0.16014987E+00  0.11886875E+00  0.10871990E+00 -0.98693979E+00 -0.59242827E+00  0.80543590E+00  0.17372612E-01
 1989  236   23   44    0    0  0.26743097E+06  0.65314695E+05 -0.10056379E+06 -0.82012320E+01 -0.33342167E+02  0.86291246E+01 -0.10862298E+06  0.27082466E+06  0.27488295E+05  0.78235784E+01 -0.16283825E+02  0.76358229E+00 -0.27647453E+06 -0.18247752E+06 -0.12696070E+06  0.13782595E+06 -0.18741798E+06 -0.26783844E+06 1989  236   23   44    0    0  0.79676849E+00  0.58266073E+00  0.16020799E+00  0.11886109E+00  0.10882694E+00 -0.98692894E+00 -0.59247965E+00  0.80539632E+00  0.17454185E-01
 1989  236   23   45   36    0  0.26662456E+06  0.62125594E+05 -0.99735289E+05 -0.85983801E+01 -0.33097313E+02  0.86317587E+01 -0.10787180E+06  0.26926106E+06  0.27561562E+05  0.78264246E+01 -0.16290928E+02  0.76285928E+00 -0.27856341E+06 -0.17922962E+06 -0.12702130E+06  0.13747722E+06 -0.18765417E+06 -0.26785231E+06 1989  236   23   45   36    0  0.79673767E+00  0.58272099E+00  0.16014142E+00  0.11879849E+00  0.10879762E+00 -0.98693973E+00 -0.59253353E+00  0.80535668E+00  0.17456785E-01
 1989  236   23   47   12    0  0.26578022E+06  0.58960195E+05 -0.98906508E+05 -0.89914198E+01 -0.32847771E+02  0.86344175E+01 -0.10712033E+06  0.26769678E+06  0.27634764E+05  0.78293014E+01 -0.16298107E+02  0.76212144E+00 -0.28061419E+06 -0.17595781E+06 -0.12708170E+06  0.13712828E+06 -0.18789008E+06 -0.26786578E+06 1989  236   23   47   12    0  0.79674280E+00  0.58271760E+00  0.16012874E+00  0.11875361E+00  0.10883752E+00 -0.98694068E+00 -0.59253573E+00  0.80535370E+00  0.17515711E-01
 1989  236   23   48   48    0  0.26489834E+06  0.55818961E+05 -0.98077469E+05 -0.93802996E+01 -0.32593586E+02  0.86371012E+01 -0.10636857E+06  0.26613181E+06  0.27707891E+05  0.78322096E+01 -0.16305380E+02  0.76136833E+00 -0.28262666E+06 -0.17266250E+06 -0.12714192E+06  0.13677916E+06 -0.18812573E+06 -0.26787888E+06 1989  236   23   48   48    0  0.79674232E+00  0.58271813E+00  0.16012879E+00  0.11875382E+00  0.10883722E+00 -0.98694068E+00 -0.59253621E+00  0.80535334E+00  0.17515220E-01
 1989  236   23   50   24    0  0.26397934E+06  0.52702352E+05 -0.97248180E+05 -0.97649651E+01 -0.32334824E+02  0.86398106E+01 -0.10561653E+06  0.26456612E+06  0.27780945E+05  0.78351488E+01 -0.16312742E+02  0.76059961E+00 -0.28460053E+06 -0.16934417E+06 -0.12720195E+06  0.13642984E+06 -0.18836114E+06 -0.26789162E+06 1989  236   23   50   24    0  0.79674631E+00  0.58270615E+00  0.16015255E+00  0.11875491E+00  0.10887624E+00 -0.98693633E+00 -0.59253067E+00  0.80535674E+00  0.17547529E-01
 1989  236   23   52    0    0  0.26302359E+06  0.49610812E+05 -0.96418617E+05 -0.10145361E+02 -0.32071541E+02  0.86425457E+01 -0.10486422E+06  0.26299975E+06  0.27853926E+05  0.78381209E+01 -0.16320189E+02  0.75981486E+00 -0.28653550E+06 -0.16600330E+06 -0.12726182E+06  0.13608031E+06 -0.18859627E+06 -0.26790397E+06 1989  236   23   52    0    0  0.79677117E+00  0.58267868E+00  0.16012941E+00  0.11876009E+00  0.10883126E+00 -0.98694062E+00 -0.59249634E+00  0.80538273E+00  0.17514635E-01
 1989  236   23   53   36    0  0.26203155E+06  0.46544762E+05 -0.95588805E+05 -0.10521440E+02 -0.31803802E+02  0.86453066E+01 -0.10411162E+06  0.26143266E+06  0.27926828E+05  0.78411250E+01 -0.16327728E+02  0.75901365E+00 -0.28843131E+06 -0.16264030E+06 -0.12732151E+06  0.13573059E+06 -0.18883114E+06 -0.26791594E+06 1989  236   23   53   36    0  0.79662877E+00  0.58286417E+00  0.16016272E+00  0.11868413E+00  0.10898364E+00 -0.98693299E+00 -0.59270298E+00  0.80522799E+00  0.17642774E-01
 1989  236   23   55   11 1000  0.26100364E+06  0.43504629E+05 -0.94758703E+05 -0.10893150E+02 -0.31531662E+02  0.86480942E+01 -0.10335871E+06  0.25986484E+06  0.27999654E+05  0.78441629E+01 -0.16335358E+02  0.75819552E+00 -0.29028772E+06 -0.15925561E+06 -0.12738101E+06  0.13538069E+06 -0.18906573E+06 -0.26792753E+06 1989  236   23   55   11 1000  0.79667127E+00  0.58283722E+00  0.16004917E+00  0.11863644E+00  0.10885833E+00 -0.98695248E+00 -0.59265530E+00  0.80526429E+00  0.17578568E-01
 1989  236   23   56   48    0  0.25994023E+06  0.40490828E+05 -0.93928359E+05 -0.11260444E+02 -0.31255175E+02  0.86509094E+01 -0.10260552E+06  0.25829627E+06  0.28072400E+05  0.78472342E+01 -0.16343086E+02  0.75736004E+00 -0.29210453E+06 -0.15584975E+06 -0.12744032E+06  0.13503062E+06 -0.18930005E+06 -0.26793869E+06 1989  236   23   56   48    0  0.79673648E+00  0.58273494E+00  0.16009697E+00  0.11860786E+00  0.10898146E+00 -0.98694229E+00 -0.59257340E+00  0.80532163E+00  0.17712571E-01
 1989  236   23   58   24    0  0.25884178E+06  0.37503777E+05 -0.93097766E+05 -0.11623272E+02 -0.30974413E+02  0.86537514E+01 -0.10185205E+06  0.25672695E+06  0.28145068E+05  0.78503404E+01 -0.16350916E+02  0.75650680E+00 -0.29388147E+06 -0.15242317E+06 -0.12749945E+06  0.13468036E+06 -0.18953409E+06 -0.26794953E+06 1989  236   23   58   24    0  0.79658854E+00  0.58289552E+00  0.16024910E+00  0.11887346E+00  0.10887074E+00 -0.98692268E+00 -0.59271920E+00  0.80522054E+00  0.17434362E-01
 1989  237    0    0    0    0  0.25770869E+06  0.34543879E+05 -0.92266859E+05 -0.11981586E+02 -0.30689434E+02  0.86566210E+01 -0.10109827E+06  0.25515689E+06  0.28217650E+05  0.78534808E+01 -0.16358835E+02  0.75563520E+00 -0.29561828E+06 -0.14897628E+06 -0.12755841E+06  0.13432989E+06 -0.18976791E+06 -0.26796000E+06 1989  237    0    0    0    0  0.79652089E+00  0.58293128E+00  0.16045475E+00  0.11916618E+00  0.10881791E+00 -0.98689318E+00 -0.59275126E+00  0.80520177E+00  0.17210037E-01
 1989  237    0    1   36    0  0.25654142E+06  0.31611527E+05 -0.91435664E+05 -0.12335343E+02 -0.30400288E+02  0.86595182E+01 -0.10034417E+06  0.25358606E+06  0.28290148E+05  0.78566575E+01 -0.16366856E+02  0.75474495E+00 -0.29731478E+06 -0.14550956E+06 -0.12761719E+06  0.13397923E+06 -0.19000144E+06 -0.26797006E+06 1989  237    0    1   36    0  0.79649997E+00  0.58285606E+00  0.16083089E+00  0.11952576E+00  0.10896525E+00 -0.98683345E+00 -0.59270680E+00  0.80523622E+00  0.17124504E-01
 1989  237    0    3   11 1000  0.25534042E+06  0.28707131E+05 -0.90604219E+05 -0.12684492E+02 -0.30107052E+02  0.86624441E+01 -0.99589758E+05  0.25201445E+06  0.28362561E+05  0.78598700E+01 -0.16374981E+02  0.75383532E+00 -0.29897069E+06 -0.14202353E+06 -0.12767581E+06  0.13362839E+06 -0.19023469E+06 -0.26797978E+06 1989  237    0    3   11 1000  0.79645181E+00  0.58287126E+00  0.16101497E+00  0.11986808E+00  0.10880954E+00 -0.98680913E+00 -0.59270263E+00  0.80524635E+00  0.16793899E-01
 1989  237    0    4   48    0  0.25410617E+06  0.25831094E+05 -0.89772500E+05 -0.13028987E+02 -0.29809782E+02  0.86653976E+01 -0.98835070E+05  0.25044206E+06  0.28434885E+05  0.78631196E+01 -0.16383213E+02  0.75290596E+00 -0.30058578E+06 -0.13851866E+06 -0.12773425E+06  0.13327733E+06 -0.19046769E+06 -0.26798912E+06 1989  237    0    4   48    0  0.79636425E+00  0.58293098E+00  0.16123115E+00  0.12015526E+00  0.10878114E+00 -0.98677725E+00 -0.59276193E+00  0.80520684E+00  0.16587183E-01
 1989  237    0    6   24    0  0.25283903E+06  0.22983785E+05 -0.88940461E+05 -0.13368786E+02 -0.29508539E+02  0.86683817E+01 -0.98080062E+05  0.24886888E+06  0.28507117E+05  0.78664064E+01 -0.16391546E+02  0.75195622E+00 -0.30215988E+06 -0.13499541E+06 -0.12779247E+06  0.13292608E+06 -0.19070041E+06 -0.26799806E+06 1989  237    0    6   24    0  0.79638463E+00  0.58289129E+00  0.16127366E+00  0.12021446E+00  0.10877352E+00 -0.98677087E+00 -0.59272248E+00  0.80523670E+00  0.16553599E-01
 1989  237    0    8    0    0  0.25153950E+06  0.20165586E+05 -0.88108148E+05 -0.13703845E+02 -0.29203390E+02  0.86713953E+01 -0.97324719E+05  0.24729488E+06  0.28579260E+05  0.78697314E+01 -0.16399984E+02  0.75098562E+00 -0.30369275E+06 -0.13145425E+06 -0.12785053E+06  0.13257467E+06 -0.19093284E+06 -0.26800662E+06 1989  237    0    8    0    0  0.79633915E+00  0.58299792E+00  0.16111325E+00  0.11999825E+00  0.10879365E+00 -0.98679501E+00 -0.59282750E+00  0.80515677E+00  0.16677920E-01
 1989  237    0    9   36    0  0.25020805E+06  0.17376865E+05 -0.87275555E+05 -0.14034121E+02 -0.28894396E+02  0.86744385E+01 -0.96569062E+05  0.24572008E+06  0.28651309E+05  0.78730950E+01 -0.16408539E+02  0.74999350E+00 -0.30518422E+06 -0.12789566E+06 -0.12790844E+06  0.13222308E+06 -0.19116503E+06 -0.26801481E+06 1989  237    0    9   36    0  0.79640794E+00  0.58298588E+00  0.16081609E+00  0.11960320E+00  0.10883050E+00 -0.98683888E+00 -0.59281486E+00  0.80516046E+00  0.16946498E-01
 1989  237    0   11   11 1000  0.24884511E+06  0.14617990E+05 -0.86442648E+05 -0.14359571E+02 -0.28581625E+02  0.86775122E+01 -0.95813094E+05  0.24414445E+06  0.28723258E+05  0.78764977E+01 -0.16417206E+02  0.74897933E+00 -0.30663406E+06 -0.12432014E+06 -0.12796612E+06  0.13187130E+06 -0.19139694E+06 -0.26802262E+06 1989  237    0   11   11 1000  0.79643542E+00  0.58303958E+00  0.16048566E+00  0.11909771E+00  0.10895907E+00 -0.98688585E+00 -0.59287989E+00  0.80510420E+00  0.17340187E-01
 1989  237    0   12   48    0  0.24745116E+06  0.11889317E+05 -0.85609453E+05 -0.14680155E+02 -0.28265133E+02  0.86806173E+01 -0.95056773E+05  0.24256798E+06  0.28795109E+05  0.78799415E+01 -0.16425987E+02  0.74794245E+00 -0.30804206E+06 -0.12072818E+06 -0.12802362E+06  0.13151933E+06 -0.19162856E+06 -0.26803006E+06 1989  237    0   12   48    0  0.79652989E+00  0.58298552E+00  0.16021317E+00  0.11870928E+00  0.10902999E+00 -0.98692489E+00 -0.59283090E+00  0.80513382E+00  0.17639857E-01
 1989  237    0   14   24    0  0.24602669E+06  0.91911904E+04 -0.84775984E+05 -0.14995833E+02 -0.27944990E+02  0.86837530E+01 -0.94300109E+05  0.24099066E+06  0.28866861E+05  0.78834257E+01 -0.16434885E+02  0.74688226E+00 -0.30940812E+06 -0.11712024E+06 -0.12808096E+06  0.13116716E+06 -0.19185994E+06 -0.26803709E+06 1989  237    0   14   24    0  0.79653960E+00  0.58300531E+00  0.16009238E+00  0.11851196E+00  0.10909398E+00 -0.98694146E+00 -0.59285724E+00  0.80511081E+00  0.17804574E-01
 1989  237    0   16    0    0  0.24457212E+06  0.65239697E+04 -0.83942195E+05 -0.15306566E+02 -0.27621264E+02  0.86869202E+01 -0.93543141E+05  0.23941245E+06  0.28938512E+05  0.78869514E+01 -0.16443903E+02  0.74579799E+00 -0.31073200E+06 -0.11349680E+06 -0.12813812E+06  0.13081481E+06 -0.19209105E+06 -0.26804372E+06 1989  237    0   16    0    0  0.79650623E+00  0.58297509E+00  0.16036850E+00  0.11885791E+00  0.10908988E+00 -0.98690039E+00 -0.59283286E+00  0.80513328E+00  0.17599564E-01
 1989  237    0   17   36    0  0.24308798E+06  0.38880122E+04 -0.83108102E+05 -0.15612312E+02 -0.27294024E+02  0.86901207E+01 -0.92785820E+05  0.23783338E+06  0.29010055E+05  0.78905196E+01 -0.16453045E+02  0.74468905E+00 -0.31201347E+06 -0.10985842E+06 -0.12819512E+06  0.13046231E+06 -0.19232189E+06 -0.26805003E+06 1989  237    0   17   36    0  0.79634541E+00  0.58310419E+00  0.16069703E+00  0.11924340E+00  0.10911444E+00 -0.98685110E+00 -0.59297132E+00  0.80503643E+00  0.17361451E-01
 1989  237    0   19   12    0  0.24157475E+06  0.12836368E+04 -0.82273688E+05 -0.15913032E+02 -0.26963326E+02  0.86933527E+01 -0.92028164E+05  0.23625344E+06  0.29081492E+05  0.78941307E+01 -0.16462307E+02  0.74355477E+00 -0.31325247E+06 -0.10620554E+06 -0.12825193E+06  0.13010962E+06 -0.19255245E+06 -0.26805597E+06 1989  237    0   19   12    0  0.79629320E+00  0.58307648E+00  0.16105600E+00  0.11958699E+00  0.10925294E+00 -0.98679417E+00 -0.59297234E+00  0.80503768E+00  0.17269008E-01
 1989  237    0   20   47 1000  0.24003286E+06 -0.12888306E+04 -0.81438969E+05 -0.16208694E+02 -0.26629234E+02  0.86966181E+01 -0.91270164E+05  0.23467262E+06  0.29152816E+05  0.78977857E+01 -0.16471701E+02  0.74239433E+00 -0.31444875E+06 -0.10253866E+06 -0.12830852E+06  0.12975672E+06 -0.19278273E+06 -0.26806150E+06 1989  237    0   20   47 1000  0.79627693E+00  0.58301359E+00  0.16136374E+00  0.11999212E+00  0.10922290E+00 -0.98674834E+00 -0.59291232E+00  0.80508733E+00  0.17014638E-01
 1989  237    0   22   24    0  0.23846281E+06 -0.38290645E+04 -0.80603938E+05 -0.16499262E+02 -0.26291832E+02  0.86999159E+01 -0.90511781E+05  0.23309089E+06  0.29224029E+05  0.79014854E+01 -0.16481222E+02  0.74120688E+00 -0.31560222E+06 -0.98858320E+05 -0.12836496E+06  0.12940362E+06 -0.19301273E+06 -0.26806666E+06 1989  237    0   22   24    0  0.79619884E+00  0.58307338E+00  0.16153316E+00  0.12017816E+00  0.10925330E+00 -0.98672235E+00 -0.59297955E+00  0.80503988E+00  0.16914669E-01
 1989  237    0   24    0    0  0.23686512E+06 -0.63367515E+04 -0.79768586E+05 -0.16784695E+02 -0.25951172E+02  0.87032490E+01 -0.89753062E+05  0.23150823E+06  0.29295127E+05  0.79052305E+01 -0.16490875E+02  0.73999184E+00 -0.31671266E+06 -0.95164977E+05 -0.12842120E+06  0.12905037E+06 -0.19324248E+06 -0.26807144E+06 1989  237    0   24    0    0  0.79619378E+00  0.58308643E+00  0.16151030E+00  0.12017661E+00  0.10921640E+00 -0.98672652E+00 -0.59298646E+00  0.80503535E+00  0.16884062E-01
 1989  237    0   25   35 1000  0.23524031E+06 -0.88115830E+04 -0.78932898E+05 -0.17064970E+02 -0.25607323E+02  0.87066164E+01 -0.88994000E+05  0.22992462E+06  0.29366105E+05  0.79090223E+01 -0.16500664E+02  0.73874831E+00 -0.31777994E+06 -0.91459141E+05 -0.12847727E+06  0.12869693E+06 -0.19347195E+06 -0.26807584E+06 1989  237    0   25   35 1000  0.79620004E+00  0.58306849E+00  0.16154528E+00  0.12017816E+00  0.10927388E+00 -0.98672009E+00 -0.59297800E+00  0.80504072E+00  0.16931772E-01
 1989  237    0   27   12    0  0.23358884E+06 -0.11253267E+05 -0.78096891E+05 -0.17340052E+02 -0.25260361E+02  0.87100191E+01 -0.88234555E+05  0.22834008E+06  0.29436965E+05  0.79128613E+01 -0.16510592E+02  0.73747534E+00 -0.31880397E+06 -0.87741289E+05 -0.12853317E+06  0.12834330E+06 -0.19370114E+06 -0.26807988E+06 1989  237    0   27   12    0  0.79623687E+00  0.58303440E+00  0.16148612E+00  0.12008089E+00  0.10930755E+00 -0.98672813E+00 -0.59294808E+00  0.80506068E+00  0.17023407E-01
 1989  237    0   28   47 1000  0.23191119E+06 -0.13661495E+05 -0.77260570E+05 -0.17609898E+02 -0.24910347E+02  0.87134562E+01 -0.87474734E+05  0.22675459E+06  0.29507701E+05  0.79167480E+01 -0.16520655E+02  0.73617214E+00 -0.31978456E+06 -0.84011945E+05 -0.12858889E+06  0.12798948E+06 -0.19393008E+06 -0.26808350E+06 1989  237    0   28   47 1000  0.79629421E+00  0.58304453E+00  0.16116686E+00  0.11968397E+00  0.10930899E+00 -0.98677623E+00 -0.59295142E+00  0.80505323E+00  0.17261039E-01
 1989  237    0   30   24    0  0.23020788E+06 -0.16035967E+05 -0.76423914E+05 -0.17874479E+02 -0.24557344E+02  0.87169294E+01 -0.86714547E+05  0.22516812E+06  0.29578311E+05  0.79206843E+01 -0.16530865E+02  0.73483777E+00 -0.32072162E+06 -0.80271648E+05 -0.12864442E+06  0.12763548E+06 -0.19415873E+06 -0.26808678E+06 1989  237    0   30   24    0  0.79630643E+00  0.58313221E+00  0.16078873E+00  0.11923152E+00  0.10928389E+00 -0.98683381E+00 -0.59302616E+00  0.80499315E+00  0.17495725E-01
 1989  237    0   32    0    0  0.22847945E+06 -0.18376408E+05 -0.75586914E+05 -0.18133764E+02 -0.24201429E+02  0.87204399E+01 -0.85953945E+05  0.22358066E+06  0.29648791E+05  0.79246707E+01 -0.16541225E+02  0.73347127E+00 -0.32161503E+06 -0.76520922E+05 -0.12869977E+06  0.12728133E+06 -0.19438709E+06 -0.26808969E+06 1989  237    0   32    0    0  0.79630744E+00  0.58321512E+00  0.16048259E+00  0.11876640E+00  0.10939716E+00 -0.98687726E+00 -0.59311807E+00  0.80491763E+00  0.17847415E-01
 1989  237    0   33   36    0  0.22672638E+06 -0.20682545E+05 -0.74749562E+05 -0.18387726E+02 -0.23842667E+02  0.87239866E+01 -0.85192977E+05  0.22199220E+06  0.29719135E+05  0.79287081E+01 -0.16551741E+02  0.73207170E+00 -0.32246459E+06 -0.72760227E+05 -0.12875491E+06  0.12692698E+06 -0.19461519E+06 -0.26809219E+06 1989  237    0   33   36    0  0.79633558E+00  0.58326352E+00  0.16016726E+00  0.11841306E+00  0.10934456E+00 -0.98692560E+00 -0.59315103E+00  0.80488980E+00  0.18008947E-01
 1989  237    0   35   12    0  0.22494917E+06 -0.22954104E+05 -0.73911906E+05 -0.18636337E+02 -0.23481121E+02  0.87275705E+01 -0.84431633E+05  0.22040273E+06  0.29789346E+05  0.79327965E+01 -0.16562407E+02  0.73063803E+00 -0.32327028E+06 -0.68990070E+05 -0.12880988E+06  0.12657248E+06 -0.19484300E+06 -0.26809428E+06 1989  237    0   35   12    0  0.79632181E+00  0.58326095E+00  0.16024430E+00  0.11857814E+00  0.10925020E+00 -0.98691624E+00 -0.59313643E+00  0.80490440E+00  0.17836321E-01
 1989  237    0   36   47 1000  0.22314839E+06 -0.25190824E+05 -0.73073906E+05 -0.18879570E+02 -0.23116867E+02  0.87311935E+01 -0.83669875E+05  0.21881222E+06  0.29859416E+05  0.79369383E+01 -0.16573227E+02  0.72916919E+00 -0.32403197E+06 -0.65210984E+05 -0.12886470E+06  0.12621780E+06 -0.19507056E+06 -0.26809603E+06 1989  237    0   36   47 1000  0.79634440E+00  0.58299887E+00  0.16108364E+00  0.11928901E+00  0.10970680E+00 -0.98677993E+00 -0.59296352E+00  0.80503213E+00  0.17819054E-01
 1989  237    0   38   24    0  0.22132448E+06 -0.27392453E+05 -0.72235531E+05 -0.19117393E+02 -0.22749975E+02  0.87348547E+01 -0.82907750E+05  0.21722069E+06  0.29929344E+05  0.79411345E+01 -0.16584208E+02  0.72766399E+00 -0.32474953E+06 -0.61423477E+05 -0.12891932E+06  0.12586288E+06 -0.19529784E+06 -0.26809741E+06 1989  237    0   38   24    0  0.79634440E+00  0.58299875E+00  0.16108385E+00  0.11928923E+00  0.10970688E+00 -0.98677987E+00 -0.59296346E+00  0.80503219E+00  0.17818991E-01
 1989  237    0   40    0    0  0.21947800E+06 -0.29558748E+05 -0.71396805E+05 -0.19349787E+02 -0.22380508E+02  0.87385540E+01 -0.82145211E+05  0.21562805E+06  0.29999125E+05  0.79453855E+01 -0.16595354E+02  0.72612143E+00 -0.32542291E+06 -0.57628035E+05 -0.12897376E+06  0.12550782E+06 -0.19552484E+06 -0.26809841E+06 1989  237    0   40    0    0  0.79634464E+00  0.58299589E+00  0.16109328E+00  0.11930457E+00  0.10970199E+00 -0.98677856E+00 -0.59296006E+00  0.80503494E+00  0.17806504E-01
 1989  237    0   41   36    0  0.21760950E+06 -0.31689449E+05 -0.70557734E+05 -0.19576723E+02 -0.22008541E+02  0.87422934E+01 -0.81382234E+05  0.21403434E+06  0.30068760E+05  0.79496922E+01 -0.16606670E+02  0.72454017E+00 -0.32605200E+06 -0.53825191E+05 -0.12902804E+06  0.12515260E+06 -0.19575159E+06 -0.26809903E+06 1989  237    0   41   36    0  0.79639447E+00  0.58279669E+00  0.16156757E+00  0.12011448E+00  0.10940752E+00 -0.98671305E+00 -0.59272975E+00  0.80521929E+00  0.17129231E-01
 1989  237    0   43   12    0  0.21571947E+06 -0.33784312E+05 -0.69718289E+05 -0.19798174E+02 -0.21634134E+02  0.87460728E+01 -0.80618828E+05  0.21243955E+06  0.30138236E+05  0.79540563E+01 -0.16618162E+02  0.72291917E+00 -0.32663672E+06 -0.50015488E+05 -0.12908209E+06  0.12479720E+06 -0.19597806E+06 -0.26809928E+06 1989  237    0   43   12    0  0.79641658E+00  0.58290553E+00  0.16106571E+00  0.11946365E+00  0.10944305E+00 -0.98678815E+00 -0.59283173E+00  0.80513573E+00  0.17526250E-01
 1989  237    0   44   47 1000  0.21380845E+06 -0.35843125E+05 -0.68878477E+05 -0.20014116E+02 -0.21257364E+02  0.87498932E+01 -0.79855008E+05  0.21084364E+06  0.30207557E+05  0.79584789E+01 -0.16629827E+02  0.72125691E+00 -0.32717700E+06 -0.46199434E+05 -0.12913597E+06  0.12444159E+06 -0.19620422E+06 -0.26809916E+06 1989  237    0   44   47 1000  0.79655647E+00  0.58292758E+00  0.16029130E+00  0.11846828E+00  0.10949086E+00 -0.98690277E+00 -0.59284323E+00  0.80511326E+00  0.18157229E-01
 1989  237    0   46   24    0  0.21187694E+06 -0.37865652E+05 -0.68038289E+05 -0.20224525E+02 -0.20878305E+02  0.87537546E+01 -0.79090789E+05  0.20924662E+06  0.30276715E+05  0.79629602E+01 -0.16641670E+02  0.71955228E+00 -0.32767278E+06 -0.42377531E+05 -0.12918969E+06  0.12408584E+06 -0.19643008E+06 -0.26809866E+06 1989  237    0   46   24    0  0.79644322E+00  0.58306694E+00  0.16034655E+00  0.11839318E+00  0.10968047E+00 -0.98689067E+00 -0.59301031E+00  0.80498636E+00  0.18323109E-01
 1989  237    0   48    0    0  0.20992548E+06 -0.39851684E+05 -0.67197758E+05 -0.20429382E+02 -0.20497026E+02  0.87576580E+01 -0.78326133E+05  0.20764847E+06  0.30345711E+05  0.79675026E+01 -0.16653704E+02  0.71780378E+00 -0.32812400E+06 -0.38550297E+05 -0.12924322E+06  0.12372991E+06 -0.19665570E+06 -0.26809778E+06 1989  237    0   48    0    0  0.79629767E+00  0.58314580E+00  0.16078268E+00  0.11877151E+00  0.10989750E+00 -0.98682112E+00 -0.59313017E+00  0.80489975E+00  0.18250026E-01
 1989  237    0   49   36    0  0.20795466E+06 -0.41801008E+05 -0.66356844E+05 -0.20628668E+02 -0.20113588E+02  0.87616043E+01 -0.77561031E+05  0.20604911E+06  0.30414535E+05  0.79721074E+01 -0.16665926E+02  0.71600997E+00 -0.32853059E+06 -0.34718270E+05 -0.12929656E+06  0.12337378E+06 -0.19688105E+06 -0.26809650E+06 1989  237    0   49   36    0  0.79610008E+00  0.58327830E+00  0.16128041E+00  0.11918907E+00  0.11016298E+00 -0.98674119E+00 -0.59331185E+00  0.80476749E+00  0.18180374E-01
 1989  237    0   51   11 1000  0.20596497E+06 -0.43713422E+05 -0.65515547E+05 -0.20822363E+02 -0.19728060E+02  0.87655926E+01 -0.76795500E+05  0.20444858E+06  0.30483182E+05  0.79767752E+01 -0.16678333E+02  0.71416926E+00 -0.32889247E+06 -0.30881965E+05 -0.12934972E+06  0.12301750E+06 -0.19710611E+06 -0.26809484E+06 1989  237    0   51   11 1000  0.79591018E+00  0.58335000E+00  0.16195659E+00  0.12012035E+00  0.11003400E+00 -0.98664266E+00 -0.59337866E+00  0.80473310E+00  0.17504983E-01
 1989  237    0   52   48    0  0.20395692E+06 -0.45588738E+05 -0.64673863E+05 -0.21010450E+02 -0.19340517E+02  0.87696247E+01 -0.76029492E+05  0.20284683E+06  0.30551652E+05  0.79815073E+01 -0.16690939E+02  0.71228015E+00 -0.32920962E+06 -0.27041852E+05 -0.12940269E+06  0.12266102E+06 -0.19733089E+06 -0.26809278E+06 1989  237    0   52   48    0  0.79604834E+00  0.58318818E+00  0.16186006E+00  0.12014574E+00  0.10984305E+00 -0.98666084E+00 -0.59318811E+00  0.80487645E+00  0.17372817E-01
 1989  237    0   54   24    0  0.20193109E+06 -0.47426754E+05 -0.63831781E+05 -0.21192905E+02 -0.18951021E+02  0.87737007E+01 -0.75263047E+05  0.20124391E+06  0.30619941E+05  0.79863057E+01 -0.16703758E+02  0.71034098E+00 -0.32948203E+06 -0.23198486E+05 -0.12945549E+06  0.12230440E+06 -0.19755539E+06 -0.26809038E+06 1989  237    0   54   24    0  0.79634440E+00  0.58290517E+00  0.16142251E+00  0.11979817E+00  0.10958906E+00 -0.98673129E+00 -0.59286094E+00  0.80511606E+00  0.17439649E-01
 1989  237    0   56    0    0  0.19988808E+06 -0.49227281E+05 -0.62989309E+05 -0.21369707E+02 -0.18559650E+02  0.87778225E+01 -0.74496141E+05  0.19963975E+06  0.30688037E+05  0.79911709E+01 -0.16716782E+02  0.70835012E+00 -0.32970962E+06 -0.19352436E+05 -0.12950812E+06  0.12194759E+06 -0.19777964E+06 -0.26808759E+06 1989  237    0   56    0    0  0.79669988E+00  0.58254194E+00  0.16097894E+00  0.11941205E+00  0.10938042E+00 -0.98680121E+00 -0.59246111E+00  0.80540723E+00  0.17580841E-01
 1989  237    0   57   36    0  0.19782833E+06 -0.50990148E+05 -0.62146441E+05 -0.21540850E+02 -0.18166479E+02  0.87819881E+01 -0.73728727E+05  0.19803430E+06  0.30755939E+05  0.79961047E+01 -0.16730021E+02  0.70630568E+00 -0.32989238E+06 -0.15504195E+05 -0.12956055E+06  0.12159059E+06 -0.19800361E+06 -0.26808444E+06 1989  237    0   57   36    0  0.79629964E+00  0.58311105E+00  0.16089936E+00  0.11938711E+00  0.10925961E+00 -0.98681772E+00 -0.59300405E+00  0.80501175E+00  0.17387457E-01
 1989  237    0   59   11 1000  0.19575241E+06 -0.52715184E+05 -0.61303168E+05 -0.21706314E+02 -0.17771570E+02  0.87862005E+01 -0.72960883E+05  0.19642758E+06  0.30823645E+05  0.80011091E+01 -0.16743481E+02  0.70420587E+00 -0.33003028E+06 -0.11654253E+05 -0.12961280E+06  0.12123346E+06 -0.19822727E+06 -0.26808091E+06 1989  237    0   59   11 1000  0.79679072E+00  0.58239031E+00  0.16107781E+00  0.11990029E+00  0.10888840E+00 -0.98679650E+00 -0.59224021E+00  0.80558360E+00  0.16932499E-01
 1989  237    1    0   48    0  0.19366089E+06 -0.54402230E+05 -0.60459492E+05 -0.21866079E+02 -0.17374990E+02  0.87904587E+01 -0.72192531E+05  0.19481953E+06  0.30891146E+05  0.80061846E+01 -0.16757162E+02  0.70204878E+00 -0.33012334E+06 -0.78031514E+04 -0.12966487E+06  0.12087614E+06 -0.19845062E+06 -0.26807697E+06 1989  237    1    0   48    0  0.79673296E+00  0.58243060E+00  0.16121787E+00  0.12024908E+00  0.10864854E+00 -0.98678046E+00 -0.59224725E+00  0.80558676E+00  0.16527120E-01
 1989  237    1    2   24    0  0.19155433E+06 -0.56051133E+05 -0.59615402E+05 -0.22020138E+02 -0.16976816E+02  0.87947636E+01 -0.71423688E+05  0.19321019E+06  0.30958438E+05  0.80113335E+01 -0.16771072E+02  0.69983232E+00 -0.33017156E+06 -0.39514253E+04 -0.12971674E+06  0.12051864E+06 -0.19867375E+06 -0.26807269E+06 1989  237    1    2   24    0  0.79642236E+00  0.58289248E+00  0.16108444E+00  0.12012398E+00  0.10857815E+00 -0.98680353E+00 -0.59269053E+00  0.80526233E+00  0.16454712E-01
 1989  237    1    4    0    0  0.18943322E+06 -0.57661730E+05 -0.58770898E+05 -0.22168480E+02 -0.16577110E+02  0.87991171E+01 -0.70654367E+05  0.19159948E+06  0.31025512E+05  0.80165567E+01 -0.16785219E+02  0.69755447E+00 -0.33017491E+06 -0.99587402E+02 -0.12976842E+06  0.12016098E+06 -0.19889659E+06 -0.26806803E+06 1989  237    1    4    0    0  0.79632705E+00  0.58306217E+00  0.16093957E+00  0.11974022E+00  0.10884944E+00 -0.98682016E+00 -0.59289575E+00  0.80510265E+00  0.16863760E-01
 1989  237    1    5   36    0  0.18729814E+06 -0.59233895E+05 -0.57925969E+05 -0.22311096E+02 -0.16175943E+02  0.88035192E+01 -0.69884516E+05  0.18998741E+06  0.31092363E+05  0.80218563E+01 -0.16799610E+02  0.69521290E+00 -0.33013334E+06  0.37518633E+04 -0.12981995E+06  0.11980314E+06 -0.19911912E+06 -0.26806297E+06 1989  237    1    5   36    0  0.79626447E+00  0.58342922E+00  0.15991610E+00  0.11825396E+00  0.10913169E+00 -0.98696822E+00 -0.59327799E+00  0.80479854E+00  0.17904870E-01
 1989  237    1    7   11 1000  0.18514967E+06 -0.60767480E+05 -0.57080613E+05 -0.22447966E+02 -0.15773389E+02  0.88079691E+01 -0.69114133E+05  0.18837395E+06  0.31158990E+05  0.80272341E+01 -0.16814243E+02  0.69280547E+00 -0.33004694E+06  0.76023931E+04 -0.12987130E+06  0.11944513E+06 -0.19934138E+06 -0.26805753E+06 1989  237    1    7   11 1000  0.79607159E+00  0.58363199E+00  0.16013661E+00  0.11841784E+00  0.10927261E+00 -0.98693305E+00 -0.59350419E+00  0.80463237E+00  0.17876379E-01
 1989  237    1    8   48    0  0.18298833E+06 -0.62262348E+05 -0.56234832E+05 -0.22579075E+02 -0.15369508E+02  0.88124685E+01 -0.68343258E+05  0.18675906E+06  0.31225381E+05  0.80326920E+01 -0.16829138E+02  0.69032967E+00 -0.32991566E+06  0.11451453E+05 -0.12992245E+06  0.11908698E+06 -0.19956338E+06 -0.26805172E+06 1989  237    1    8   48    0  0.79598385E+00  0.58365077E+00  0.16050400E+00  0.11866055E+00  0.10956041E+00 -0.98687190E+00 -0.59357345E+00  0.80457956E+00  0.17952003E-01
 1989  237    1   10   24    0  0.18081466E+06 -0.63718383E+05 -0.55388617E+05 -0.22704422E+02 -0.14964372E+02  0.88170185E+01 -0.67571883E+05  0.18514273E+06  0.31291531E+05  0.80382299E+01 -0.16844299E+02  0.68778300E+00 -0.32973956E+06  0.15298529E+05 -0.12997342E+06  0.11872863E+06 -0.19978509E+06 -0.26804553E+06 1989  237    1   10   24    0  0.79591417E+00  0.58367205E+00  0.16077183E+00  0.11889736E+00  0.10968873E+00 -0.98682916E+00 -0.59361947E+00  0.80454659E+00  0.17905746E-01
 1989  237    1   12    0    0  0.17862923E+06 -0.65135441E+05 -0.54541965E+05 -0.22824003E+02 -0.14558050E+02  0.88216181E+01 -0.66799938E+05  0.18352495E+06  0.31357434E+05  0.80438519E+01 -0.16859720E+02  0.68516284E+00 -0.32951869E+06  0.19143107E+05 -0.13002420E+06  0.11837013E+06 -0.20000650E+06 -0.26803894E+06 1989  237    1   12    0    0  0.79611897E+00  0.58326328E+00  0.16124086E+00  0.11934860E+00  0.10988050E+00 -0.98675334E+00 -0.59325421E+00  0.80481696E+00  0.17866302E-01
 1989  237    1   13   36    0  0.17643262E+06 -0.66513445E+05 -0.53694867E+05 -0.22937809E+02 -0.14150611E+02  0.88262701E+01 -0.66027430E+05  0.18190566E+06  0.31423080E+05  0.80495586E+01 -0.16875416E+02  0.68246645E+00 -0.32925306E+06  0.22984680E+05 -0.13007480E+06  0.11801148E+06 -0.20022762E+06 -0.26803200E+06 1989  237    1   13   36    0  0.79615659E+00  0.58314484E+00  0.16148366E+00  0.11956352E+00  0.11000173E+00 -0.98671383E+00 -0.59316057E+00  0.80488616E+00  0.17855745E-01
 1989  237    1   15   11 1000  0.17422536E+06 -0.67852320E+05 -0.52847320E+05 -0.23045830E+02 -0.13742121E+02  0.88309727E+01 -0.65254422E+05  0.18028486E+06  0.31488465E+05  0.80553522E+01 -0.16891403E+02  0.67969090E+00 -0.32894269E+06  0.26822717E+05 -0.13012520E+06  0.11765262E+06 -0.20044848E+06 -0.26802469E+06 1989  237    1   15   11 1000  0.79628897E+00  0.58285892E+00  0.16186221E+00  0.11994343E+00  0.11013339E+00 -0.98665303E+00 -0.59290600E+00  0.80507523E+00  0.17787911E-01
 1989  237    1   16   48    0  0.17200802E+06 -0.69151922E+05 -0.51999320E+05 -0.23148054E+02 -0.13332648E+02  0.88357277E+01 -0.64480848E+05  0.17866252E+06  0.31553578E+05  0.80612345E+01 -0.16907679E+02  0.67683327E+00 -0.32858762E+06  0.30656686E+05 -0.13017545E+06  0.11729362E+06 -0.20066908E+06 -0.26801697E+06 1989  237    1   16   48    0  0.79643470E+00  0.58258396E+00  0.16213506E+00  0.12013113E+00  0.11034781E+00 -0.98660624E+00 -0.59267223E+00  0.80524492E+00  0.17898340E-01
 1989  237    1   18   24    0  0.16978112E+06 -0.70412148E+05 -0.51150859E+05 -0.23244488E+02 -0.12922258E+02  0.88405352E+01 -0.63706680E+05  0.17703858E+06  0.31618412E+05  0.80672083E+01 -0.16924252E+02  0.67389029E+00 -0.32818797E+06  0.34486102E+05 -0.13022551E+06  0.11693447E+06 -0.20088936E+06 -0.26800888E+06 1989  237    1   18   24    0  0.79654443E+00  0.58240235E+00  0.16224858E+00  0.12019877E+00  0.11045383E+00 -0.98658621E+00 -0.59251106E+00  0.80536175E+00  0.17977331E-01
 1989  237    1   20    0    0  0.16754527E+06 -0.71632969E+05 -0.50301930E+05 -0.23335123E+02 -0.12511020E+02  0.88453970E+01 -0.62931934E+05  0.17541303E+06  0.31682963E+05  0.80732756E+01 -0.16941137E+02  0.67085880E+00 -0.32774375E+06  0.38310426E+05 -0.13027535E+06  0.11657512E+06 -0.20110936E+06 -0.26800044E+06 1989  237    1   20    0    0  0.79669994E+00  0.58222145E+00  0.16213405E+00  0.12008588E+00  0.11042120E+00 -0.98660356E+00 -0.59232479E+00  0.80549699E+00  0.18055972E-01
 1989  237    1   21   36    0  0.16530098E+06 -0.72814258E+05 -0.49452539E+05 -0.23419950E+02 -0.12099001E+02  0.88503113E+01 -0.62156605E+05  0.17378583E+06  0.31747215E+05  0.80794373E+01 -0.16958344E+02  0.66773516E+00 -0.32725503E+06  0.42129117E+05 -0.13032504E+06  0.11621562E+06 -0.20132911E+06 -0.26799159E+06 1989  237    1   21   36    0  0.79685825E+00  0.58205885E+00  0.16194038E+00  0.12001826E+00  0.11019319E+00 -0.98663729E+00 -0.59212565E+00  0.80564576E+00  0.17950661E-01
 1989  237    1   23   12    0  0.16304881E+06 -0.73955945E+05 -0.48602672E+05 -0.23498981E+02 -0.11686265E+02  0.88552799E+01 -0.61380684E+05  0.17215700E+06  0.31811164E+05  0.80856972E+01 -0.16975870E+02  0.66451585E+00 -0.32672188E+06  0.45941672E+05 -0.13037454E+06  0.11585596E+06 -0.20154855E+06 -0.26798238E+06 1989  237    1   23   12    0  0.79699087E+00  0.58190870E+00  0.16182664E+00  0.11988825E+00  0.11018409E+00 -0.98665410E+00 -0.59197330E+00  0.80575544E+00  0.18051699E-01
 1989  237    1   24   47 1000  0.16078936E+06 -0.75058008E+05 -0.47752324E+05 -0.23572205E+02 -0.11272880E+02  0.88603039E+01 -0.60604152E+05  0.17052650E+06  0.31874799E+05  0.80920553E+01 -0.16993734E+02  0.66119701E+00 -0.32614434E+06  0.49747578E+05 -0.13042384E+06  0.11549612E+06 -0.20176770E+06 -0.26797281E+06 1989  237    1   24   47 1000  0.79698318E+00  0.58191794E+00  0.16183169E+00  0.11994217E+00  0.11011891E+00 -0.98665488E+00 -0.59197289E+00  0.80575764E+00  0.17966434E-01
 1989  237    1   26   24    0  0.15852316E+06 -0.76120320E+05 -0.46901496E+05 -0.23639616E+02 -0.10858908E+02  0.88653831E+01 -0.59827004E+05  0.16889423E+06  0.31938111E+05  0.80985165E+01 -0.17011948E+02  0.65777463E+00 -0.32552253E+06  0.53546328E+05 -0.13047297E+06  0.11513612E+06 -0.20198658E+06 -0.26796284E+06 1989  237    1   26   24    0  0.79694551E+00  0.58206546E+00  0.16148639E+00  0.11968195E+00  0.10988570E+00 -0.98671246E+00 -0.59207624E+00  0.80568302E+00  0.17910201E-01
 1989  237    1   28    0    0  0.15625073E+06 -0.77142883E+05 -0.46050172E+05 -0.23701220E+02 -0.10444414E+02  0.88705168E+01 -0.59049234E+05  0.16726019E+06  0.32001090E+05  0.81050806E+01 -0.17030512E+02  0.65424454E+00 -0.32485653E+06  0.57337406E+05 -0.13052191E+06  0.11477599E+06 -0.20220514E+06 -0.26795247E+06 1989  237    1   28    0    0  0.79678756E+00  0.58240885E+00  0.16102667E+00  0.11938654E+00  0.10950038E+00 -0.98679107E+00 -0.59234834E+00  0.80548722E+00  0.17716758E-01
 1989  237    1   29   35 1000  0.15397270E+06 -0.78125633E+05 -0.45198355E+05 -0.23757027E+02 -0.10029464E+02  0.88757076E+01 -0.58270832E+05  0.16562433E+06  0.32063723E+05  0.81117535E+01 -0.17049444E+02  0.65060228E+00 -0.32414647E+06  0.61120281E+05 -0.13057069E+06  0.11441568E+06 -0.20242344E+06 -0.26794175E+06 1989  237    1   29   35 1000  0.79665685E+00  0.58272851E+00  0.16051577E+00  0.11905269E+00  0.10908215E+00 -0.98687768E+00 -0.59259117E+00  0.80531275E+00  0.17525639E-01
 1989  237    1   31   12    0  0.15168956E+06 -0.79068516E+05 -0.44346031E+05 -0.23807026E+02 -0.96141176E+01  0.88809538E+01 -0.57491773E+05  0.16398666E+06  0.32126000E+05  0.81185350E+01 -0.17068748E+02  0.64684314E+00 -0.32339241E+06  0.64894473E+05 -0.13061928E+06  0.11405517E+06 -0.20264147E+06 -0.26793062E+06 1989  237    1   31   12    0  0.79657328E+00  0.58300686E+00  0.15991895E+00  0.11862613E+00  0.10864699E+00 -0.98697704E+00 -0.59278905E+00  0.80517012E+00  0.17385442E-01
 1989  237    1   32   47 1000  0.14940192E+06 -0.79971523E+05 -0.43493203E+05 -0.23851229E+02 -0.91984406E+01  0.88862562E+01 -0.56712062E+05  0.16234709E+06  0.32187912E+05  0.81254272E+01 -0.17088444E+02  0.64296228E+00 -0.32259444E+06  0.68659430E+05 -0.13066766E+06  0.11369455E+06 -0.20285919E+06 -0.26791912E+06 1989  237    1   32   47 1000  0.79648387E+00  0.58316416E+00  0.15979104E+00  0.11840864E+00  0.10872142E+00 -0.98699498E+00 -0.59295279E+00  0.80504620E+00  0.17543186E-01
 1989  237    1   34   24    0  0.14711033E+06 -0.80834609E+05 -0.42639867E+05 -0.23889633E+02 -0.87824955E+01  0.88916159E+01 -0.55931688E+05  0.16070566E+06  0.32249445E+05  0.81324348E+01 -0.17108541E+02  0.63895458E+00 -0.32175272E+06  0.72414672E+05 -0.13071584E+06  0.11333377E+06 -0.20307662E+06 -0.26790728E+06 1989  237    1   34   24    0  0.79625016E+00  0.58327192E+00  0.16056047E+00  0.11918493E+00  0.10895812E+00 -0.98687547E+00 -0.59311116E+00  0.80493611E+00  0.17240714E-01
 1989  237    1   36    0    0  0.14481531E+06 -0.81657766E+05 -0.41786012E+05 -0.23922245E+02 -0.83663445E+01  0.88970327E+01 -0.55150633E+05  0.15906227E+06  0.32310586E+05  0.81395607E+01 -0.17129053E+02  0.63481450E+00 -0.32086734E+06  0.76159695E+05 -0.13076387E+06  0.11297280E+06 -0.20329378E+06 -0.26789506E+06 1989  237    1   36    0    0  0.79605007E+00  0.58340120E+00  0.16108239E+00  0.11922441E+00  0.10977749E+00 -0.98677993E+00 -0.59337175E+00  0.80473107E+00  0.17832715E-01
 1989  237    1   37   36    0  0.14251745E+06 -0.82440953E+05 -0.40931637E+05 -0.23949076E+02 -0.79500456E+01  0.89025059E+01 -0.54368887E+05  0.15741688E+06  0.32371326E+05  0.81468058E+01 -0.17149990E+02  0.63053632E+00 -0.31993841E+06  0.79893930E+05 -0.13081171E+06  0.11261166E+06 -0.20351066E+06 -0.26788244E+06 1989  237    1   37   36    0  0.79651797E+00  0.58267486E+00  0.16139798E+00  0.11933251E+00  0.11018889E+00 -0.98672092E+00 -0.59272170E+00  0.80520093E+00  0.18235382E-01
 1989  237    1   39   12    0  0.14021728E+06 -0.83184172E+05 -0.40076730E+05 -0.23970121E+02 -0.75336604E+01  0.89080362E+01 -0.53586441E+05  0.15576945E+06  0.32431646E+05  0.81541748E+01 -0.17171371E+02  0.62611413E+00 -0.31896606E+06  0.83616938E+05 -0.13085937E+06  0.11225041E+06 -0.20372725E+06 -0.26786944E+06 1989  237    1   39   12    0  0.79624593E+00  0.58321166E+00  0.16079982E+00  0.11831516E+00  0.11054289E+00 -0.98680383E+00 -0.59329081E+00  0.80476362E+00  0.19016534E-01
 1989  237    1   40   47 1000  0.13791536E+06 -0.83887422E+05 -0.39221293E+05 -0.23985394E+02 -0.71172476E+01  0.89136238E+01 -0.52803285E+05  0.15411997E+06  0.32491535E+05  0.81616688E+01 -0.17193203E+02  0.62154150E+00 -0.31795050E+06  0.87328234E+05 -0.13090684E+06  0.11188898E+06 -0.20394353E+06 -0.26785606E+06 1989  237    1   40   47 1000  0.79598224E+00  0.58338767E+00  0.16146538E+00  0.11921839E+00  0.11042988E+00 -0.98670775E+00 -0.59346378E+00  0.80465144E+00  0.18349681E-01
 1989  237    1   42   24    0  0.13561227E+06 -0.84550703E+05 -0.38365316E+05 -0.23994898E+02 -0.67008653E+01  0.89192677E+01 -0.52019402E+05  0.15246836E+06  0.32550977E+05  0.81692934E+01 -0.17215498E+02  0.61681169E+00 -0.31689175E+06  0.91027266E+05 -0.13095412E+06  0.11152738E+06 -0.20415953E+06 -0.26784231E+06 1989  237    1   42   24    0  0.79623836E+00  0.58284426E+00  0.16216363E+00  0.12024690E+00  0.11022901E+00 -0.98660541E+00 -0.59291250E+00  0.80507267E+00  0.17683353E-01
 1989  237    1   44    0    0  0.13330850E+06 -0.85173984E+05 -0.37508789E+05 -0.23998648E+02 -0.62845688E+01  0.89249678E+01 -0.51234773E+05  0.15081455E+06  0.32609959E+05  0.81770506E+01 -0.17238283E+02  0.61191767E+00 -0.31579003E+06  0.94713539E+05 -0.13100121E+06  0.11116563E+06 -0.20437528E+06 -0.26782819E+06 1989  237    1   44    0    0  0.79671699E+00  0.58239049E+00  0.16144168E+00  0.11963145E+00  0.10986689E+00 -0.98672068E+00 -0.59239382E+00  0.80545056E+00  0.17860603E-01
 1989  237    1   45   36    0  0.13100467E+06 -0.85757328E+05 -0.36651715E+05 -0.23996647E+02 -0.58684168E+01  0.89307251E+01 -0.50449395E+05  0.14915856E+06  0.32668461E+05  0.81849432E+01 -0.17261564E+02  0.60685188E+00 -0.31464550E+06  0.98386555E+05 -0.13104814E+06  0.11080372E+06 -0.20459070E+06 -0.26781369E+06 1989  237    1   45   36    0  0.79636693E+00  0.58303887E+00  0.16082822E+00  0.11888762E+00  0.10982068E+00 -0.98681575E+00 -0.59301412E+00  0.80498773E+00  0.18141467E-01
 1989  237    1   47   12    0  0.12870134E+06 -0.86300734E+05 -0.35794086E+05 -0.23988909E+02 -0.54524670E+01  0.89365377E+01 -0.49663258E+05  0.14750033E+06  0.32726467E+05  0.81929750E+01 -0.17285364E+02  0.60160649E+00 -0.31345831E+06  0.10204584E+06 -0.13109489E+06  0.11044169E+06 -0.20480583E+06 -0.26779881E+06 1989  237    1   47   12    0  0.79697001E+00  0.58231831E+00  0.16045062E+00  0.11861116E+00  0.10958816E+00 -0.98687482E+00 -0.59225875E+00  0.80554074E+00  0.18269040E-01
 1989  237    1   48   48    0  0.12639900E+06 -0.86804203E+05 -0.34935898E+05 -0.23975441E+02 -0.50367708E+01  0.89424067E+01 -0.48876340E+05  0.14583978E+06  0.32783961E+05  0.82011490E+01 -0.17309698E+02  0.59617311E+00 -0.31222859E+06  0.10569089E+06 -0.13114142E+06  0.11007947E+06 -0.20502070E+06 -0.26778350E+06 1989  237    1   48   48    0  0.79661441E+00  0.58280772E+00  0.16043860E+00  0.11874178E+00  0.10937168E+00 -0.98688310E+00 -0.59271055E+00  0.80521613E+00  0.17923433E-01
 1989  237    1   50   24    0  0.12409823E+06 -0.87267797E+05 -0.34077145E+05 -0.23956257E+02 -0.46213818E+01  0.89483299E+01 -0.48088637E+05  0.14417686E+06  0.32840926E+05  0.82094698E+01 -0.17334581E+02  0.59054279E+00 -0.31095653E+06  0.10932119E+06 -0.13118777E+06  0.10971709E+06 -0.20523527E+06 -0.26776784E+06 1989  237    1   50   24    0  0.79634005E+00  0.58313447E+00  0.16061358E+00  0.11898065E+00  0.10932969E+00 -0.98685902E+00 -0.59303129E+00  0.80498523E+00  0.17681889E-01
 1989  237    1   52    0    0  0.12179959E+06 -0.87691516E+05 -0.33217820E+05 -0.23931368E+02 -0.42063518E+01  0.89543066E+01 -0.47300121E+05  0.14251150E+06  0.32897340E+05  0.82179403E+01 -0.17360046E+02  0.58470625E+00 -0.30964234E+06  0.11293623E+06 -0.13123395E+06  0.10935456E+06 -0.20544952E+06 -0.26775184E+06 1989  237    1   52    0    0  0.79620105E+00  0.58344966E+00  0.16015787E+00  0.11824669E+00  0.10954742E+00 -0.98692310E+00 -0.59336483E+00  0.80472720E+00  0.18230788E-01
 1989  237    1   53   36    0  0.11950362E+06 -0.88075422E+05 -0.32357920E+05 -0.23900780E+02 -0.37917309E+01  0.89603357E+01 -0.46510785E+05  0.14084369E+06  0.32953184E+05  0.82265644E+01 -0.17386097E+02  0.57865340E+00 -0.30828616E+06  0.11653559E+06 -0.13127995E+06  0.10899188E+06 -0.20566352E+06 -0.26773547E+06 1989  237    1   53   36    0  0.79584044E+00  0.58370703E+00  0.16100971E+00  0.11930591E+00  0.10953347E+00 -0.98679715E+00 -0.59363633E+00  0.80454248E+00  0.17531481E-01
 1989  237    1   55   11 1000  0.11721083E+06 -0.88419547E+05 -0.31497438E+05 -0.23864523E+02 -0.33775694E+01  0.89664173E+01 -0.45720617E+05  0.13917336E+06  0.33008438E+05  0.82353458E+01 -0.17412758E+02  0.57237381E+00 -0.30688822E+06  0.12011876E+06 -0.13132577E+06  0.10862902E+06 -0.20587723E+06 -0.26771869E+06 1989  237    1   55   11 1000  0.79594815E+00  0.58361369E+00  0.16081634E+00  0.11922975E+00  0.10931522E+00 -0.98683053E+00 -0.59350741E+00  0.80463988E+00  0.17425142E-01
 1989  237    1   56   48    0  0.11492178E+06 -0.88723922E+05 -0.30636363E+05 -0.23822598E+02 -0.29639122E+01  0.89725485E+01 -0.44929594E+05  0.13750044E+06  0.33063070E+05  0.82442894E+01 -0.17440060E+02  0.56585622E+00 -0.30544862E+06  0.12368522E+06 -0.13137139E+06  0.10826602E+06 -0.20609064E+06 -0.26770153E+06 1989  237    1   56   48    0  0.79622829E+00  0.58309144E+00  0.16132222E+00  0.12008741E+00  0.10902086E+00 -0.98675907E+00 -0.59295821E+00  0.80505830E+00  0.16783535E-01
 1989  237    1   58   24    0  0.11263705E+06 -0.88988641E+05 -0.29774699E+05 -0.23775019E+02 -0.25508082E+01  0.89787273E+01 -0.44137703E+05  0.13582484E+06  0.33117070E+05  0.82533989E+01 -0.17468012E+02  0.55908865E+00 -0.30396766E+06  0.12723448E+06 -0.13141683E+06  0.10790290E+06 -0.20630373E+06 -0.26768400E+06 1989  237    1   58   24    0  0.79662901E+00  0.58283168E+00  0.16027953E+00  0.11879431E+00  0.10903181E+00 -0.98691440E+00 -0.59268057E+00  0.80524492E+00  0.17620809E-01
 1989  237    2    0    0    0  0.11035718E+06 -0.89213734E+05 -0.28912443E+05 -0.23721809E+02 -0.21383042E+01  0.89849529E+01 -0.43344934E+05  0.13414655E+06  0.33170410E+05  0.82626781E+01 -0.17496643E+02  0.55205864E+00 -0.30244547E+06  0.13076614E+06 -0.13146206E+06  0.10753962E+06 -0.20651653E+06 -0.26766609E+06 1989  237    2    0    0    0  0.79665619E+00  0.58288026E+00  0.15996780E+00  0.11849189E+00  0.10891616E+00 -0.98696357E+00 -0.59270459E+00  0.80522543E+00  0.17702147E-01
 1989  237    2    1   36    0  0.10808266E+06 -0.89399242E+05 -0.28049588E+05 -0.23662977E+02 -0.17264408E+01  0.89912233E+01 -0.42551266E+05  0.13246545E+06  0.33223059E+05  0.82721310E+01 -0.17525982E+02  0.54475260E+00 -0.30088234E+06  0.13427967E+06 -0.13150712E+06  0.10717614E+06 -0.20672906E+06 -0.26764781E+06 1989  237    2    1   36    0  0.79658705E+00  0.58286691E+00  0.16035993E+00  0.11899379E+00  0.10889480E+00 -0.98690552E+00 -0.59269691E+00  0.80523795E+00  0.17386638E-01
 1989  237    2    3   11 1000  0.10581405E+06 -0.89545211E+05 -0.27186127E+05 -0.23598537E+02 -0.13152595E+01  0.89975348E+01 -0.41756680E+05  0.13078153E+06  0.33274992E+05  0.82817631E+01 -0.17556063E+02  0.53715622E+00 -0.29927844E+06  0.13777456E+06 -0.13155200E+06  0.10681255E+06 -0.20694131E+06 -0.26762916E+06 1989  237    2    3   11 1000  0.79661578E+00  0.58262050E+00  0.16111065E+00  0.12007776E+00  0.10869429E+00 -0.98679626E+00 -0.59243953E+00  0.80544329E+00  0.16627807E-01
 1989  237    2    4   48    0  0.10355191E+06 -0.89651773E+05 -0.26322061E+05 -0.23528515E+02 -0.90479970E+00  0.90038843E+01 -0.40961164E+05  0.12909470E+06  0.33326184E+05  0.82915773E+01 -0.17586906E+02  0.52925432E+00 -0.29763397E+06  0.14125039E+06 -0.13159669E+06  0.10644883E+06 -0.20715328E+06 -0.26761012E+06 1989  237    2    4   48    0  0.79683697E+00  0.58222568E+00  0.16144405E+00  0.12047777E+00  0.10872563E+00 -0.98674411E+00 -0.59206086E+00  0.80572456E+00  0.16491368E-01
 1989  237    2    6   24    0  0.10129677E+06 -0.89718961E+05 -0.25457383E+05 -0.23452921E+02 -0.49509859E+00  0.90102701E+01 -0.40164691E+05  0.12740483E+06  0.33376598E+05  0.83015795E+01 -0.17618528E+02  0.52103055E+00 -0.29594919E+06  0.14470666E+06 -0.13164119E+06  0.10608492E+06 -0.20736494E+06 -0.26759069E+06 1989  237    2    6   24    0  0.79686189E+00  0.58233976E+00  0.16090953E+00  0.11976780E+00  0.10878702E+00 -0.98682380E+00 -0.59217155E+00  0.80563390E+00  0.16942676E-01
 1989  237    2    8    0    0  0.99049141E+05 -0.89746844E+05 -0.24592092E+05 -0.23371775E+02 -0.86191356E-01  0.90166864E+01 -0.39367254E+05  0.12571191E+06  0.33426207E+05  0.83117752E+01 -0.17650974E+02  0.51246762E+00 -0.29422431E+06  0.14814292E+06 -0.13168550E+06  0.10572086E+06 -0.20757628E+06 -0.26757088E+06 1989  237    2    8    0    0  0.79673094E+00  0.58260959E+00  0.16058046E+00  0.11927503E+00  0.10889321E+00 -0.98687172E+00 -0.59244704E+00  0.80542433E+00  0.17267797E-01
 1989  237    2    9   36    0  0.96809562E+05 -0.89735531E+05 -0.23726178E+05 -0.23285088E+02  0.32189110E+00  0.90231304E+01 -0.38568824E+05  0.12401581E+06  0.33474980E+05  0.83221674E+01 -0.17684275E+02  0.50354689E+00 -0.29245956E+06  0.15155873E+06 -0.13172966E+06  0.10535667E+06 -0.20778734E+06 -0.26755072E+06 1989  237    2    9   36    0  0.79661208E+00  0.58288103E+00  0.16018443E+00  0.11863789E+00  0.10908245E+00 -0.98692763E+00 -0.59273469E+00  0.80520236E+00  0.17744623E-01
 1989  237    2   11   11 1000  0.94578578E+05 -0.89685070E+05 -0.22859645E+05 -0.23192884E+02  0.72911608E+00  0.90295973E+01 -0.37769387E+05  0.12231647E+06  0.33522879E+05  0.83327627E+01 -0.17718462E+02  0.49424869E+00 -0.29065522E+06  0.15495358E+06 -0.13177359E+06  0.10499232E+06 -0.20799812E+06 -0.26753016E+06 1989  237    2   11   11 1000  0.79639769E+00  0.58314025E+00  0.16030672E+00  0.11864300E+00  0.10927162E+00 -0.98690605E+00 -0.59302163E+00  0.80498898E+00  0.17838158E-01
 1989  237    2   12   48    0  0.92356711E+05 -0.89595570E+05 -0.21992492E+05 -0.23095190E+02  0.11354531E+01  0.90360804E+01 -0.36968926E+05  0.12061381E+06  0.33569863E+05  0.83435650E+01 -0.17753578E+02  0.48455185E+00 -0.28881150E+06  0.15832702E+06 -0.13181734E+06  0.10462782E+06 -0.20820862E+06 -0.26750922E+06 1989  237    2   12   48    0  0.79616404E+00  0.58338737E+00  0.16056859E+00  0.11895749E+00  0.10927621E+00 -0.98686773E+00 -0.59327245E+00  0.80480927E+00  0.17603491E-01
 1989  237    2   14   24    0  0.90144469E+05 -0.89467109E+05 -0.21124719E+05 -0.22992016E+02  0.15408796E+01  0.90425739E+01 -0.36167418E+05  0.11890776E+06  0.33615898E+05  0.83545799E+01 -0.17789658E+02  0.47443369E+00 -0.28692866E+06  0.16167861E+06 -0.13186094E+06  0.10426320E+06 -0.20841880E+06 -0.26748791E+06 1989  237    2   14   24    0  0.79590869E+00  0.58363032E+00  0.16095011E+00  0.11930832E+00  0.10943285E+00 -0.98680794E+00 -0.59354424E+00  0.80461168E+00  0.17466605E-01
 1989  237    2   16    0    0  0.87942383E+05 -0.89299742E+05 -0.20256320E+05 -0.22883389E+02  0.19453733E+01  0.90490723E+01 -0.35364840E+05  0.11719817E+06  0.33660938E+05  0.83658113E+01 -0.17826736E+02  0.46386990E+00 -0.28500697E+06  0.16500788E+06 -0.13190434E+06  0.10389841E+06 -0.20862867E+06 -0.26746622E+06 1989  237    2   16    0    0  0.79607224E+00  0.58322483E+00  0.16161007E+00  0.11922599E+00  0.11066900E+00 -0.98668009E+00 -0.59334153E+00  0.80473679E+00  0.18564958E-01
 1989  237    2   17   36    0  0.85751023E+05 -0.89093625E+05 -0.19387299E+05 -0.22769321E+02  0.23489144E+01  0.90555668E+01 -0.34561176E+05  0.11548499E+06  0.33704945E+05  0.83772659E+01 -0.17864853E+02  0.45283440E+00 -0.28304672E+06  0.16831441E+06 -0.13194756E+06  0.10353348E+06 -0.20883827E+06 -0.26744416E+06 1989  237    2   17   36    0  0.79599625E+00  0.58342415E+00  0.16126485E+00  0.11922579E+00  0.11008143E+00 -0.98674583E+00 -0.59344363E+00  0.80467284E+00  0.18065218E-01
 1989  237    2   19   12    0  0.83570859E+05 -0.88848812E+05 -0.18517652E+05 -0.22649830E+02  0.27514868E+01  0.90620489E+01 -0.33756402E+05  0.11376812E+06  0.33747867E+05  0.83889484E+01 -0.17904053E+02  0.44129929E+00 -0.28104812E+06  0.17159770E+06 -0.13199055E+06  0.10316838E+06 -0.20904758E+06 -0.26742172E+06 1989  237    2   19   12    0  0.79644561E+00  0.58285570E+00  0.16110116E+00  0.11932766E+00  0.10968909E+00 -0.98677719E+00 -0.59281975E+00  0.80513823E+00  0.17810587E-01
 1989  237    2   20   47 1000  0.81402406E+05 -0.88565383E+05 -0.17647387E+05 -0.22524937E+02  0.31530781E+01  0.90685091E+01 -0.32950492E+05  0.11204741E+06  0.33789660E+05  0.84008636E+01 -0.17944389E+02  0.42923447E+00 -0.27901150E+06  0.17485739E+06 -0.13203336E+06  0.10280312E+06 -0.20925661E+06 -0.26739891E+06 1989  237    2   20   47 1000  0.79675496E+00  0.58260071E+00  0.16049242E+00  0.11938727E+00  0.10859253E+00 -0.98689127E+00 -0.59239185E+00  0.80547130E+00  0.16966511E-01
 1989  237    2   22   24    0  0.79246234E+05 -0.88243453E+05 -0.16776498E+05 -0.22394670E+02  0.35536819E+01  0.90749378E+01 -0.32143424E+05  0.11032274E+06  0.33830266E+05  0.84130182E+01 -0.17985918E+02  0.41660759E+00 -0.27693712E+06  0.17809298E+06 -0.13207602E+06  0.10243775E+06 -0.20946533E+06 -0.26737572E+06 1989  237    2   22   24    0  0.79671931E+00  0.58277732E+00  0.16002861E+00  0.11830813E+00  0.10927217E+00 -0.98694623E+00 -0.59265649E+00  0.80525172E+00  0.18111948E-01
 1989  237    2   24    0    0  0.77102820E+05 -0.87883117E+05 -0.15904994E+05 -0.22259043E+02  0.39532900E+01  0.90813198E+01 -0.31335180E+05  0.10859402E+06  0.33869629E+05  0.84254160E+01 -0.18028683E+02  0.40338391E+00 -0.27482522E+06  0.18130403E+06 -0.13211848E+06  0.10207225E+06 -0.20967373E+06 -0.26735216E+06 1989  237    2   24    0    0  0.79667556E+00  0.58248550E+00  0.16130327E+00  0.11937852E+00  0.10997421E+00 -0.98673928E+00 -0.59250051E+00  0.80536723E+00  0.18077515E-01
 1989  237    2   25   35 1000  0.74972664E+05 -0.87484438E+05 -0.15032885E+05 -0.22118074E+02  0.43519006E+01  0.90876446E+01 -0.30525736E+05  0.10686114E+06  0.33907695E+05  0.84380636E+01 -0.18072727E+02  0.38952598E+00 -0.27267612E+06  0.18449014E+06 -0.13216077E+06  0.10170659E+06 -0.20988186E+06 -0.26732822E+06 1989  237    2   25   35 1000  0.79658705E+00  0.58231270E+00  0.16236098E+00  0.12037751E+00  0.11040342E+00 -0.98657006E+00 -0.59241748E+00  0.80543345E+00  0.17848585E-01
 1989  237    2   27   12    0  0.72856297E+05 -0.87047547E+05 -0.14160171E+05 -0.21971788E+02  0.47495203E+01  0.90938969E+01 -0.29715064E+05  0.10512402E+06  0.33944398E+05  0.84509640E+01 -0.18118126E+02  0.37499329E+00 -0.27049016E+06  0.18765083E+06 -0.13220286E+06  0.10134077E+06 -0.21008969E+06 -0.26730388E+06 1989  237    2   27   12    0  0.79671103E+00  0.58219534E+00  0.16217332E+00  0.12019378E+00  0.11034174E+00 -0.98659933E+00 -0.59228796E+00  0.80552673E+00  0.17934229E-01
 1989  237    2   28   47 1000  0.70754242E+05 -0.86572555E+05 -0.13286860E+05 -0.21820194E+02  0.51461558E+01  0.91000576E+01 -0.28903145E+05  0.10338245E+06  0.33979668E+05  0.84641228E+01 -0.18164942E+02  0.35974211E+00 -0.26826756E+06  0.19078572E+06 -0.13224477E+06  0.10097484E+06 -0.21029722E+06 -0.26727919E+06 1989  237    2   28   47 1000  0.79682004E+00  0.58216834E+00  0.16173479E+00  0.11970544E+00  0.11026834E+00 -0.98666692E+00 -0.59224045E+00  0.80555642E+00  0.18175326E-01
 1989  237    2   30   24    0  0.68667008E+05 -0.86059531E+05 -0.12412966E+05 -0.21663319E+02  0.55418229E+01  0.91061096E+01 -0.28089947E+05  0.10163630E+06  0.34013441E+05  0.84775457E+01 -0.18213240E+02  0.34372517E+00 -0.26600866E+06  0.19389436E+06 -0.13228648E+06  0.10060874E+06 -0.21050444E+06 -0.26725409E+06 1989  237    2   30   24    0  0.79634488E+00  0.58299410E+00  0.16109879E+00  0.11930162E+00  0.10971537E+00 -0.98677742E+00 -0.59296042E+00  0.80503440E+00  0.17819133E-01
 1989  237    2   32    0    0  0.66595086E+05 -0.85508578E+05 -0.11538494E+05 -0.21501179E+02  0.59365406E+01  0.91120310E+01 -0.27275447E+05  0.99885453E+05  0.34045637E+05  0.84912367E+01 -0.18263079E+02  0.32689130E+00 -0.26371381E+06  0.19697633E+06 -0.13232802E+06  0.10024252E+06 -0.21071138E+06 -0.26722862E+06 1989  237    2   32    0    0  0.79634488E+00  0.58299398E+00  0.16109893E+00  0.11930177E+00  0.10971540E+00 -0.98677737E+00 -0.59296036E+00  0.80503446E+00  0.17819077E-01
 1989  237    2   33   36    0  0.64538980E+05 -0.84919750E+05 -0.10663461E+05 -0.21333784E+02  0.63303342E+01  0.91177979E+01 -0.26459621E+05  0.98129758E+05  0.34076176E+05  0.85052004E+01 -0.18314535E+02  0.30918503E+00 -0.26138328E+06  0.20003123E+06 -0.13236936E+06  0.99876148E+05 -0.21091803E+06 -0.26720281E+06 1989  237    2   33   36    0  0.79635340E+00  0.58298290E+00  0.16109659E+00  0.11929426E+00  0.10972204E+00 -0.98677760E+00 -0.59295034E+00  0.80504161E+00  0.17831005E-01
 1989  237    2   35   12    0  0.62499172E+05 -0.84293164E+05 -0.97878809E+04 -0.21161161E+02  0.67232385E+01  0.91233854E+01 -0.25642438E+05  0.96369023E+05  0.34104973E+05  0.85194387E+01 -0.18367701E+02  0.29054606E+00 -0.25901738E+06  0.20305867E+06 -0.13241052E+06  0.99509609E+05 -0.21112438E+06 -0.26717659E+06 1989  237    2   35   12    0  0.79686373E+00  0.58228797E+00  0.16108678E+00  0.11894946E+00  0.11020051E+00 -0.98676598E+00 -0.59233373E+00  0.80547917E+00  0.18551946E-01
 1989  237    2   36   47 1000  0.60476188E+05 -0.83628922E+05 -0.89117725E+04 -0.20983328E+02  0.71152887E+01  0.91287622E+01 -0.24823873E+05  0.94603070E+05  0.34131930E+05  0.85339565E+01 -0.18422653E+02  0.27090907E+00 -0.25661642E+06  0.20605817E+06 -0.13245148E+06  0.99142984E+05 -0.21133041E+06 -0.26715000E+06 1989  237    2   36   47 1000  0.79675299E+00  0.58235067E+00  0.16140731E+00  0.11933683E+00  0.11021110E+00 -0.98671794E+00 -0.59240472E+00  0.80543232E+00  0.18315155E-01
 1989  237    2   38   24    0  0.58470535E+05 -0.82927062E+05 -0.80351641E+04 -0.20800293E+02  0.75065312E+01  0.91338949E+01 -0.24003908E+05  0.92831789E+05  0.34156949E+05  0.85487566E+01 -0.18479475E+02  0.25020301E+00 -0.25418080E+06  0.20902939E+06 -0.13249227E+06  0.98776203E+05 -0.21153616E+06 -0.26712303E+06 1989  237    2   38   24    0  0.79673964E+00  0.58228010E+00  0.16172782E+00  0.11974488E+00  0.11019871E+00 -0.98666990E+00 -0.59234047E+00  0.80548501E+00  0.18074624E-01
 1989  237    2   40    0    0  0.56482703E+05 -0.82187672E+05 -0.71580767E+04 -0.20612068E+02  0.78970218E+01  0.91387482E+01 -0.23182506E+05  0.91054961E+05  0.34179930E+05  0.85638399E+01 -0.18538267E+02  0.22835027E+00 -0.25171081E+06  0.21197186E+06 -0.13253284E+06  0.98409266E+05 -0.21174161E+06 -0.26709569E+06 1989  237    2   40    0    0  0.79659992E+00  0.58232993E+00  0.16223651E+00  0.12032349E+00  0.11026670E+00 -0.98659188E+00 -0.59241122E+00  0.80543977E+00  0.17770480E-01
 1989  237    2   41   36    0  0.54513188E+05 -0.81410844E+05 -0.62805381E+04 -0.20418665E+02  0.82868233E+01  0.91432781E+01 -0.22359643E+05  0.89272391E+05  0.34200754E+05  0.85792065E+01 -0.18599127E+02  0.20526624E+00 -0.24920675E+06  0.21488525E+06 -0.13257325E+06  0.98042172E+05 -0.21194677E+06 -0.26706800E+06 1989  237    2   41   36    0  0.79667920E+00  0.58222491E+00  0.16222411E+00  0.12029453E+00  0.11028908E+00 -0.98659301E+00 -0.59231049E+00  0.80551267E+00  0.17826539E-01
 1989  237    2   43   12    0  0.52562488E+05 -0.80596641E+05 -0.54025806E+04 -0.20220089E+02  0.86760082E+01  0.91474371E+01 -0.21535291E+05  0.87483883E+05  0.34219301E+05  0.85948563E+01 -0.18662161E+02  0.18085858E+00 -0.24666905E+06  0.21776916E+06 -0.13261347E+06  0.97674953E+05 -0.21215161E+06 -0.26703991E+06 1989  237    2   43   12    0  0.79671109E+00  0.58219355E+00  0.16217935E+00  0.12024589E+00  0.11028101E+00 -0.98659974E+00 -0.59227729E+00  0.80553633E+00  0.17855726E-01
 1989  237    2   44   47 1000  0.50631102E+05 -0.79745094E+05 -0.45242451E+04 -0.20016356E+02  0.90646601E+01  0.91511736E+01 -0.20709424E+05  0.85689180E+05  0.34235434E+05  0.86107883E+01 -0.18727493E+02  0.15502624E+00 -0.24409800E+06  0.22062317E+06 -0.13265350E+06  0.97307602E+05 -0.21235614E+06 -0.26701141E+06 1989  237    2   44   47 1000  0.79674661E+00  0.58214939E+00  0.16216365E+00  0.12030777E+00  0.11017208E+00 -0.98660439E+00 -0.59221697E+00  0.80558318E+00  0.17742146E-01
 1989  237    2   46   24    0  0.48719516E+05 -0.78856234E+05 -0.36455745E+04 -0.19807470E+02  0.94528723E+01  0.91544285E+01 -0.19882012E+05  0.83888102E+05  0.34249016E+05  0.86269989E+01 -0.18795244E+02  0.12765852E+00 -0.24149392E+06  0.22344689E+06 -0.13269334E+06  0.96940102E+05 -0.21256039E+06 -0.26698256E+06 1989  237    2   46   24    0  0.79689771E+00  0.58202499E+00  0.16186708E+00  0.12003382E+00  0.11004979E+00 -0.98665136E+00 -0.59206921E+00  0.80568975E+00  0.17835762E-01
 1989  237    2   48    0    0  0.46828223E+05 -0.77930117E+05 -0.27666113E+04 -0.19593430E+02  0.98407516E+01  0.91571331E+01 -0.19053027E+05  0.82080422E+05  0.34259895E+05  0.86434832E+01 -0.18865530E+02  0.98633870E-01 -0.23885720E+06  0.22624000E+06 -0.13273300E+06  0.96572477E+05 -0.21276436E+06 -0.26695331E+06 1989  237    2   48    0    0  0.79637837E+00  0.58279198E+00  0.16166367E+00  0.11971846E+00  0.11010735E+00 -0.98668325E+00 -0.59283143E+00  0.80512726E+00  0.17916154E-01
 1989  237    2   49   36    0  0.44957727E+05 -0.76966789E+05 -0.18874181E+04 -0.19374229E+02  0.10228415E+02  0.91592112E+01 -0.18222447E+05  0.80265828E+05  0.34267898E+05  0.86602306E+01 -0.18938503E+02  0.67818984E-01 -0.23618822E+06  0.22900206E+06 -0.13277247E+06  0.96204727E+05 -0.21296802E+06 -0.26692372E+06 1989  237    2   49   36    0  0.79690713E+00  0.58210677E+00  0.16152683E+00  0.11962835E+00  0.11002529E+00 -0.98670346E+00 -0.59213877E+00  0.80563408E+00  0.18043462E-01
 1989  237    2   51   11 1000  0.43108531E+05 -0.75966273E+05 -0.10080631E+04 -0.19149864E+02  0.10615993E+02  0.91605787E+01 -0.17390252E+05  0.78444086E+05  0.34272852E+05  0.86772327E+01 -0.19014315E+02  0.35067223E-01 -0.23348733E+06  0.23173272E+06 -0.13281175E+06  0.95836844E+05 -0.21317136E+06 -0.26689375E+06 1989  237    2   51   11 1000  0.79690897E+00  0.58209759E+00  0.16155072E+00  0.11962889E+00  0.11006506E+00 -0.98669887E+00 -0.59213614E+00  0.80563521E+00  0.18076144E-01
 1989  237    2   52   48    0  0.41281121E+05 -0.74928539E+05 -0.12861496E+03 -0.18920336E+02  0.11003633E+02  0.91611395E+01 -0.16556414E+05  0.76614969E+05  0.34274562E+05  0.86944742E+01 -0.19093109E+02  0.21666288E-03 -0.23075492E+06  0.23443162E+06 -0.13285084E+06  0.95468812E+05 -0.21337439E+06 -0.26686338E+06 1989  237    2   52   48    0  0.79684597E+00  0.58212709E+00  0.16175494E+00  0.11972752E+00  0.11027364E+00 -0.98666364E+00 -0.59220088E+00  0.80558544E+00  0.18174469E-01
 1989  237    2   54   24    0  0.39475996E+05 -0.73853555E+05  0.75084375E+03 -0.18685619E+02  0.11391500E+02  0.91607819E+01 -0.15720910E+05  0.74778133E+05  0.34272820E+05  0.87119379E+01 -0.19175064E+02 -0.36911257E-01 -0.22799133E+06  0.23709836E+06 -0.13288975E+06  0.95100656E+05 -0.21357712E+06 -0.26683266E+06 1989  237    2   54   24    0  0.79634416E+00  0.58299220E+00  0.16110867E+00  0.11930421E+00  0.10972854E+00 -0.98677564E+00 -0.59296072E+00  0.80503404E+00  0.17828263E-01
 1989  237    2   56    0    0  0.37693652E+05 -0.72741352E+05  0.16302195E+04 -0.18445690E+02  0.11779775E+02  0.91593828E+01 -0.14883719E+05  0.72933266E+05  0.34267398E+05  0.87295990E+01 -0.19260363E+02 -0.76513954E-01 -0.22519692E+06  0.23973262E+06 -0.13292847E+06  0.94732375E+05 -0.21377959E+06 -0.26680156E+06 1989  237    2   56    0    0  0.79617620E+00  0.58325237E+00  0.16099751E+00  0.11853059E+00  0.11058146E+00 -0.98677361E+00 -0.59334141E+00  0.80472875E+00  0.18909078E-01
 1989  237    2   57   36    0  0.35934594E+05 -0.71591836E+05  0.25094053E+04 -0.18200537E+02  0.12168657E+02  0.91568012E+01 -0.14044823E+05  0.71080047E+05  0.34258043E+05  0.87474298E+01 -0.19349195E+02 -0.11881001E+00 -0.22237211E+06  0.24233405E+06 -0.13296700E+06  0.94363938E+05 -0.21398175E+06 -0.26677006E+06 1989  237    2   57   36    0  0.79595602E+00  0.58347416E+00  0.16128233E+00  0.11889753E+00  0.11055388E+00 -0.98673260E+00 -0.59356332E+00  0.80457181E+00  0.18622402E-01
 1989  237    2   59   11 1000  0.34199320E+05 -0.70404945E+05  0.33882803E+04 -0.17950109E+02  0.12558370E+02  0.91528769E+01 -0.13204210E+05  0.69218109E+05  0.34244492E+05  0.87653952E+01 -0.19441774E+02 -0.16404192E+00 -0.21951727E+06  0.24490225E+06 -0.13300533E+06  0.93995375E+05 -0.21418359E+06 -0.26673819E+06 1989  237    2   59   11 1000  0.79588610E+00  0.58343625E+00  0.16176407E+00  0.11945781E+00  0.11060540E+00 -0.98665917E+00 -0.59354466E+00  0.80459225E+00  0.18333279E-01
 1989  237    3    0   48    0  0.32488348E+05 -0.69180617E+05  0.42667051E+04 -0.17694365E+02  0.12949153E+02  0.91474276E+01 -0.12361867E+05  0.67347102E+05  0.34226445E+05  0.87834492E+01 -0.19538315E+02 -0.21247900E+00 -0.21663278E+06  0.24743691E+06 -0.13304348E+06  0.93626656E+05 -0.21438512E+06 -0.26670597E+06 1989  237    3    0   48    0  0.91685903E+00  0.36544523E+00  0.16068442E+00  0.14217719E+00  0.77196799E-01 -0.98682642E+00 -0.37303531E+00  0.92762625E+00  0.18820599E-01
 1989  237    3    2   24    0  0.30802170E+05 -0.67918680E+05  0.51445303E+04 -0.17433247E+02  0.13341276E+02  0.91402454E+01 -0.11517784E+05  0.65466629E+05  0.34203582E+05  0.88015394E+01 -0.19639048E+02 -0.26442125E+00 -0.21371906E+06  0.24993769E+06 -0.13308145E+06  0.93257805E+05 -0.21458638E+06 -0.26667338E+06 1989  237    3    2   24    0  0.97931856E+00 -0.12236598E+00  0.16112614E+00  0.16218787E+00 -0.12999055E-02 -0.98675907E+00  0.12095518E+00  0.99248421E+00  0.18573256E-01
 1989  237    3    4    0    0  0.29141322E+05 -0.66619031E+05  0.60215771E+04 -0.17166689E+02  0.13735023E+02  0.91311054E+01 -0.10671965E+05  0.63576266E+05  0.34175555E+05  0.88196020E+01 -0.19744221E+02 -0.32018748E+00 -0.21077650E+06  0.25240423E+06 -0.13311923E+06  0.92888867E+05 -0.21478731E+06 -0.26664034E+06 1989  237    3    4    0    0  0.89591354E+00 -0.41390187E+00  0.16132051E+00  0.15442283E+00 -0.50323717E-01 -0.98672241E+00  0.41652447E+00  0.90892953E+00  0.18830188E-01
 1989  237    3    5   36    0  0.27506338E+05 -0.65281508E+05  0.68976377E+04 -0.16894615E+02  0.14130719E+02  0.91197224E+01 -0.98244209E+04  0.61675590E+05  0.34141977E+05  0.88375568E+01 -0.19854095E+02 -0.38016570E+00 -0.20780548E+06  0.25483620E+06 -0.13315683E+06  0.92519773E+05 -0.21498794E+06 -0.26660697E+06 1989  237    3    5   36    0  0.89611357E+00 -0.41387564E+00  0.16027358E+00  0.15316881E+00 -0.50542697E-01 -0.98690671E+00  0.41655728E+00  0.90892929E+00  0.18100858E-01
 1989  237    3    7   11 1000  0.25897738E+05 -0.63905875E+05  0.77724839E+04 -0.16616941E+02  0.14528721E+02  0.91057739E+01 -0.89751631E+04  0.59764125E+05  0.34102418E+05  0.88553066E+01 -0.19968962E+02 -0.44478726E+00 -0.20480644E+06  0.25723330E+06 -0.13319423E+06  0.92150555E+05 -0.21518827E+06 -0.26657322E+06 1989  237    3    7   11 1000  0.89612484E+00 -0.41454756E+00  0.15846357E+00  0.15130284E+00 -0.50296046E-01 -0.98720706E+00  0.41721436E+00  0.90863669E+00  0.17650694E-01
 1989  237    3    8   48    0  0.24316070E+05 -0.62491910E+05  0.86458516E+04 -0.16333544E+02  0.14929399E+02  0.90889149E+01 -0.81242153E+04  0.57841383E+05  0.34056414E+05  0.88727388E+01 -0.20089119E+02 -0.51450443E+00 -0.20177978E+06  0.25959520E+06 -0.13323145E+06  0.91781211E+05 -0.21538830E+06 -0.26653909E+06 1989  237    3    8   48    0  0.89613104E+00 -0.41456282E+00  0.15838869E+00  0.15156302E+00 -0.49550347E-01 -0.98720485E+00  0.41710669E+00  0.90867072E+00  0.18428810E-01
 1989  237    3   10   24    0  0.22761889E+05 -0.61039336E+05  0.95174453E+04 -0.16044285E+02  0.15333172E+02  0.90687351E+01 -0.72716138E+04  0.55906840E+05  0.34003453E+05  0.88897152E+01 -0.20214869E+02 -0.58984071E+00 -0.19872589E+06  0.26192153E+06 -0.13326848E+06  0.91411703E+05 -0.21558802E+06 -0.26650459E+06 1989  237    3   10   24    0  0.89576572E+00 -0.41446072E+00  0.16070481E+00  0.15401395E+00 -0.49764544E-01 -0.98681468E+00  0.41699332E+00  0.90870553E+00  0.19255355E-01
 1989  237    3   12    0    0  0.21235766E+05 -0.59547832E+05  0.10386925E+05 -0.15749006E+02  0.15740481E+02  0.90447626E+01 -0.64174111E+04  0.53959941E+05  0.33942965E+05  0.89060688E+01 -0.20346535E+02 -0.67138374E+00 -0.19564520E+06  0.26421206E+06 -0.13330533E+06  0.91042078E+05 -0.21578742E+06 -0.26646975E+06 1989  237    3   12    0    0  0.89695090E+00 -0.41385397E+00  0.15557609E+00  0.14835910E+00 -0.49748898E-01 -0.98768145E+00  0.41649562E+00  0.90898293E+00  0.16776681E-01
 1989  237    3   13   36    0  0.19738283E+05 -0.58017039E+05  0.11253899E+05 -0.15447515E+02  0.16151802E+02  0.90164528E+01 -0.55616777E+04  0.52000109E+05  0.33874324E+05  0.89216003E+01 -0.20484459E+02 -0.75979424E+00 -0.19253811E+06  0.26646644E+06 -0.13334198E+06  0.90672328E+05 -0.21598652E+06 -0.26643453E+06 1989  237    3   13   36    0  0.89664912E+00 -0.41296798E+00  0.15961815E+00  0.15151280E+00 -0.52542903E-01 -0.98705781E+00  0.41601008E+00  0.90922868E+00  0.15457392E-01
 1989  237    3   15   11 1000  0.18270043E+05 -0.56446535E+05  0.12117928E+05 -0.15139594E+02  0.16567661E+02  0.89831772E+01 -0.47044971E+04  0.50026711E+05  0.33796844E+05  0.89360704E+01 -0.20628986E+02 -0.85581583E+00 -0.18940503E+06  0.26868438E+06 -0.13337845E+06  0.90302484E+05 -0.21618533E+06 -0.26639891E+06 1989  237    3   15   11 1000  0.89668030E+00 -0.41364825E+00  0.15766995E+00  0.15144515E+00 -0.48034310E-01 -0.98729783E+00  0.41596764E+00  0.90916878E+00  0.19573614E-01
 1989  237    3   16   48    0  0.16831684E+05 -0.54835871E+05  0.12978494E+05 -0.14824981E+02  0.16988607E+02  0.89442110E+01 -0.38459895E+04  0.48039105E+05  0.33709742E+05  0.89491920E+01 -0.20780458E+02 -0.96028429E+00 -0.18624644E+06  0.27086556E+06 -0.13341473E+06  0.89932516E+05 -0.21638386E+06 -0.26636291E+06 1989  237    3   16   48    0  0.89649165E+00 -0.41356242E+00  0.15896161E+00  0.15164207E+00 -0.50707176E-01 -0.98713398E+00  0.41630203E+00  0.90906262E+00  0.17254896E-01
 1989  237    3   18   24    0  0.15423867E+05 -0.53184535E+05  0.13835010E+05 -0.14503373E+02  0.17415209E+02  0.88987141E+01 -0.29863047E+04  0.46036621E+05  0.33612168E+05  0.89606218E+01 -0.20939241E+02 -0.10741421E+01 -0.18306275E+06  0.27300966E+06 -0.13345081E+06  0.89562383E+05 -0.21658205E+06 -0.26632653E+06 1989  237    3   18   24    0  0.89608169E+00 -0.41467077E+00  0.15838510E+00  0.15157382E+00 -0.49523443E-01 -0.98720455E+00  0.41720867E+00  0.90862286E+00  0.18476196E-01
 1989  237    3   20    0    0  0.14047274E+05 -0.51491953E+05  0.14686806E+05 -0.14174412E+02  0.17848072E+02  0.88457165E+01 -0.21256196E+04  0.44018531E+05  0.33503172E+05  0.89699478E+01 -0.21105663E+02 -0.11984521E+01 -0.17985442E+06  0.27511647E+06 -0.13348672E+06  0.89192133E+05 -0.21677991E+06 -0.26628978E+06 1989  237    3   20    0    0  0.89630818E+00 -0.41391134E+00  0.15908810E+00  0.15198863E+00 -0.50270945E-01 -0.98710299E+00  0.41657063E+00  0.90892804E+00  0.17851554E-01
 1989  237    3   21   36    0  0.12702632E+05 -0.49757488E+05  0.15533108E+05 -0.13837675E+02  0.18287813E+02  0.87840929E+01 -0.12641599E+04  0.41984082E+05  0.33381695E+05  0.89766750E+01 -0.21280037E+02 -0.13344073E+01 -0.17662184E+06  0.27718562E+06 -0.13352241E+06  0.88821758E+05 -0.21697750E+06 -0.26625262E+06 1989  237    3   21   36    0  0.89634991E+00 -0.41379794E+00  0.15914871E+00  0.15222199E+00 -0.49901746E-01 -0.98708576E+00  0.41639590E+00  0.90900010E+00  0.18259734E-01
 1989  237    3   23   12    0  0.11390709E+05 -0.47980457E+05  0.16373032E+05 -0.13492674E+02  0.18735058E+02  0.87125425E+01 -0.40220230E+03  0.39932500E+05  0.33246551E+05  0.89802151E+01 -0.21462654E+02 -0.14833504E+01 -0.17336545E+06  0.27921688E+06 -0.13355791E+06  0.88451258E+05 -0.21717478E+06 -0.26621512E+06 1989  237    3   23   12    0  0.89671361E+00 -0.41324529E+00  0.15853420E+00  0.15166339E+00 -0.49617298E-01 -0.98718613E+00  0.41581604E+00  0.90926701E+00  0.18181682E-01
 1989  237    3   24   47 1000  0.10112324E+05 -0.46160102E+05  0.17205551E+05 -0.13138835E+02  0.19190426E+02  0.86295595E+01  0.45991449E+03  0.37862984E+05  0.33096426E+05  0.89798603E+01 -0.21653725E+02 -0.16467872E+01 -0.17008573E+06  0.28120994E+06 -0.13359325E+06  0.88080633E+05 -0.21737175E+06 -0.26617725E+06 1989  237    3   24   47 1000  0.89641613E+00 -0.41376638E+00  0.15885632E+00  0.15205711E+00 -0.49557343E-01 -0.98712850E+00  0.41631311E+00  0.90903318E+00  0.18492110E-01
 1989  237    3   26   24    0  0.88683584E+04 -0.44295621E+05  0.18029484E+05 -0.12775490E+02  0.19654470E+02  0.85334072E+01  0.13217773E+04  0.35774715E+05  0.32929848E+05  0.89747715E+01 -0.21853363E+02 -0.18263996E+01 -0.16678314E+06  0.28316462E+06 -0.13362841E+06  0.87709883E+05 -0.21756844E+06 -0.26613900E+06 1989  237    3   26   24    0  0.89633906E+00 -0.41398436E+00  0.15872470E+00  0.15179850E+00 -0.49815919E-01 -0.98715532E+00  0.41657385E+00  0.90891993E+00  0.18190257E-01
 1989  237    3   28    0    0  0.76597549E+04 -0.42386141E+05  0.18843480E+05 -0.12401858E+02  0.20127686E+02  0.84220839E+01  0.21828896E+04  0.33666855E+05  0.32745180E+05  0.89639482E+01 -0.22061569E+02 -0.20240588E+01 -0.16345805E+06  0.28508059E+06 -0.13366338E+06  0.87339000E+05 -0.21776481E+06 -0.26610038E+06 1989  237    3   28    0    0  0.89640081E+00 -0.41402200E+00  0.15827662E+00  0.15142122E+00 -0.49564216E-01 -0.98722595E+00  0.41657811E+00  0.90891653E+00  0.18262312E-01
 1989  237    3   29   35 1000  0.64875503E+04 -0.40430781E+05  0.19645971E+05 -0.12017044E+02  0.20610445E+02  0.82932949E+01  0.30426409E+04  0.31538607E+05  0.32540586E+05  0.89462042E+01 -0.22278160E+02 -0.22418294E+01 -0.16011094E+06  0.28695756E+06 -0.13369816E+06  0.86968000E+05 -0.21796084E+06 -0.26606138E+06 1989  237    3   29   35 1000  0.89620554E+00 -0.41440243E+00  0.15838705E+00  0.15146805E+00 -0.49745664E-01 -0.98720968E+00  0.41698110E+00  0.90873325E+00  0.18186383E-01
 1989  237    3   31   12    0  0.53528716E+04 -0.38428617E+05  0.20435152E+05 -0.11620010E+02  0.21102909E+02  0.81444225E+01  0.39002961E+04  0.29389189E+05  0.32314031E+05  0.89201412E+01 -0.22502695E+02 -0.24819674E+01 -0.15674231E+06  0.28879534E+06 -0.13373275E+06  0.86596875E+05 -0.21815659E+06 -0.26602197E+06 1989  237    3   31   12    0  0.89616752E+00 -0.41457099E+00  0.15816048E+00  0.15133250E+00 -0.49505234E-01 -0.98724258E+00  0.41711187E+00  0.90866947E+00  0.18373087E-01
 1989  237    3   32   47 1000  0.42569419E+04 -0.36378719E+05  0.21208963E+05 -0.11209567E+02  0.21604967E+02  0.79725046E+01  0.47549854E+04  0.27217861E+05  0.32063254E+05  0.88841200E+01 -0.22734432E+02 -0.27469096E+01 -0.15335264E+06  0.29059369E+06 -0.13376712E+06  0.86225625E+05 -0.21835202E+06 -0.26598219E+06 1989  237    3   32   47 1000  0.89651668E+00 -0.41342849E+00  0.15916885E+00  0.15248090E+00 -0.49366679E-01 -0.98707277E+00  0.41594160E+00  0.90919739E+00  0.18781893E-01
 1989  237    3   34   24    0  0.32011111E+04 -0.34280176E+05  0.21965029E+05 -0.10784368E+02  0.22116138E+02  0.77742281E+01  0.56056655E+04  0.25023986E+05  0.31785750E+05  0.88362360E+01 -0.22972202E+02 -0.30392344E+01 -0.14994233E+06  0.29235231E+06 -0.13380131E+06  0.85854250E+05 -0.21854714E+06 -0.26594206E+06 1989  237    3   34   24    0  0.89654368E+00 -0.41329890E+00  0.15935302E+00  0.15266484E+00 -0.49401361E-01 -0.98704255E+00  0.41581586E+00  0.90925443E+00  0.18805727E-01
 1989  237    3   36    0    0  0.21868667E+04 -0.32132166E+05  0.22700650E+05 -0.10342902E+02  0.22635387E+02  0.75459385E+01  0.64510918E+04  0.22807064E+05  0.31478760E+05  0.87743006E+01 -0.23214300E+02 -0.33615980E+01 -0.14651184E+06  0.29407100E+06 -0.13383534E+06  0.85482781E+05 -0.21874198E+06 -0.26590156E+06 1989  237    3   36    0    0  0.89664191E+00 -0.41329837E+00  0.15880220E+00  0.15205665E+00 -0.49405072E-01 -0.98713630E+00  0.41582745E+00  0.90925449E+00  0.18546119E-01
 1989  237    3   37   36    0  0.12158499E+04 -0.29933984E+05  0.23412760E+05 -0.98835087E+01  0.23160992E+02  0.72836924E+01  0.72897998E+04  0.20566785E+05  0.31139277E+05  0.86958408E+01 -0.23458361E+02 -0.37166345E+01 -0.14306167E+06  0.29574950E+06 -0.13386917E+06  0.85111188E+05 -0.21893648E+06 -0.26586069E+06 1989  237    3   37   36    0  0.89674419E+00 -0.41334003E+00  0.15811484E+00  0.15131308E+00 -0.49378268E-01 -0.98725188E+00  0.41587812E+00  0.90923703E+00  0.18264093E-01
 1989  237    3   39   12    0  0.28986639E+03 -0.27685137E+05  0.24097898E+05 -0.94044018E+01  0.23690365E+02  0.69833536E+01  0.81200747E+04  0.18303104E+05  0.30764043E+05  0.85981178E+01 -0.23701237E+02 -0.41068053E+01 -0.13959230E+06  0.29738762E+06 -0.13390280E+06  0.84739430E+05 -0.21913067E+06 -0.26581944E+06 1989  237    3   39   12    0  0.89662385E+00 -0.41328639E+00  0.15893498E+00  0.15223119E+00 -0.49342439E-01 -0.98711252E+00  0.41580236E+00  0.90926337E+00  0.18673480E-01
 1989  237    3   40   47 1000 -0.58910699E+03 -0.25385422E+05  0.24752215E+05 -0.89037199E+01  0.24219833E+02  0.66407552E+01  0.89399307E+04  0.16016307E+05  0.30349578E+05  0.84781818E+01 -0.23938869E+02 -0.45341878E+01 -0.13610414E+06  0.29898512E+06 -0.13393623E+06  0.84367586E+05 -0.21932458E+06 -0.26577778E+06 1989  237    3   40   47 1000  0.89657056E+00 -0.41324741E+00  0.15933548E+00  0.15264803E+00 -0.49393222E-01 -0.98704553E+00  0.41576409E+00  0.90927827E+00  0.18796898E-01
 1989  237    3   42   24    0 -0.14189053E+04 -0.23035064E+05  0.25371451E+05 -0.83796263E+01  0.24744448E+02  0.62519574E+01  0.97470830E+04  0.13707147E+05  0.29892238E+05  0.83329763E+01 -0.24166180E+02 -0.50001907E+01 -0.13259772E+06  0.30054181E+06 -0.13396952E+06  0.83995648E+05 -0.21951817E+06 -0.26573578E+06 1989  237    3   42   24    0  0.89669275E+00 -0.41325617E+00  0.15862386E+00  0.15188974E+00 -0.49338713E-01 -0.98716527E+00  0.41577840E+00  0.90927726E+00  0.18527709E-01
 1989  237    3   44    0    0 -0.21971936E+04 -0.20634836E+05  0.25951004E+05 -0.78304234E+01  0.25257847E+02  0.58135929E+01  0.10538958E+05  0.11376916E+05  0.29388289E+05  0.81595097E+01 -0.24377037E+02 -0.55052185E+01 -0.12907349E+06  0.30205747E+06 -0.13400258E+06  0.83623555E+05 -0.21971145E+06 -0.26569341E+06 1989  237    3   44    0    0  0.89669079E+00 -0.41325605E+00  0.15863504E+00  0.15190162E+00 -0.49339704E-01 -0.98716336E+00  0.41577822E+00  0.90927726E+00  0.18531799E-01
 1989  237    3   45   36    0 -0.29214963E+04 -0.18186168E+05  0.26485996E+05 -0.72547326E+01  0.25752186E+02  0.53233085E+01  0.11312717E+05  0.90275127E+04  0.28834018E+05  0.79550853E+01 -0.24564348E+02 -0.60482926E+01 -0.12553197E+06  0.30353184E+06 -0.13403545E+06  0.83251336E+05 -0.21990441E+06 -0.26565066E+06 1989  237    3   45   36    0  0.89657754E+00 -0.41327995E+00  0.15921311E+00  0.15254301E+00 -0.49329810E-01 -0.98706496E+00  0.41578811E+00  0.90926695E+00  0.18814988E-01
 1989  237    3   47   12    0 -0.35892249E+04 -0.15691323E+05  0.26971391E+05 -0.66517091E+01  0.26218250E+02  0.47802916E+01  0.12065275E+05  0.66615713E+04  0.28225887E+05  0.77176142E+01 -0.24720276E+02 -0.66266580E+01 -0.12197359E+06  0.30496481E+06 -0.13406814E+06  0.82879016E+05 -0.22009706E+06 -0.26560753E+06 1989  237    3   47   12    0  0.89664471E+00 -0.41325629E+00  0.15889539E+00  0.15218867E+00 -0.49338598E-01 -0.98711914E+00  0.41577291E+00  0.90927714E+00  0.18653750E-01
 1989  237    3   48   48    0 -0.41977441E+04 -0.13153501E+05  0.27402162E+05 -0.60212789E+01  0.26645769E+02  0.41858006E+01  0.12793401E+05  0.42824932E+04  0.27560727E+05  0.74459672E+01 -0.24836647E+02 -0.72354689E+01 -0.11839885E+06  0.30635616E+06 -0.13410064E+06  0.82506578E+05 -0.22028941E+06 -0.26556403E+06 1989  237    3   48   48    0  0.89675552E+00 -0.41325402E+00  0.15827471E+00  0.15149929E+00 -0.49351864E-01 -0.98722464E+00  0.41578567E+00  0.90927750E+00  0.18351138E-01
 1989  237    3   50   24    0 -0.47444590E+04 -0.10576920E+05  0.27773533E+05 -0.53643699E+01  0.27023964E+02  0.35436254E+01  0.13493811E+05  0.18944607E+04  0.26835932E+05  0.71403337E+01 -0.24905563E+02 -0.78676257E+01 -0.11480827E+06  0.30770569E+06 -0.13413295E+06  0.82134047E+05 -0.22048144E+06 -0.26552016E+06 1989  237    3   50   24    0  0.89660132E+00 -0.41327766E+00  0.15908401E+00  0.15239534E+00 -0.49341939E-01 -0.98708713E+00  0.41579062E+00  0.90926731E+00  0.18741548E-01
 1989  237    3   52    0    0 -0.52269199E+04 -0.79668228E+04  0.28081219E+05 -0.46830835E+01  0.27342339E+02  0.28603566E+01  0.14163312E+05 -0.49762842E+03  0.26049691E+05  0.68025141E+01 -0.24920135E+02 -0.85138664E+01 -0.11120232E+06  0.30901319E+06 -0.13416508E+06  0.81761391E+05 -0.22067316E+06 -0.26547588E+06 1989  237    3   52    0    0  0.89672011E+00 -0.41322589E+00  0.15854786E+00  0.15171950E+00 -0.49526632E-01 -0.98718202E+00  0.41578150E+00  0.90928078E+00  0.18282890E-01
 1989  237    3   53   36    0 -0.56429385E+04 -0.53293955E+04  0.28321705E+05 -0.39807558E+01  0.27591679E+02  0.21453362E+01  0.14798978E+05 -0.28883081E+04  0.25201166E+05  0.64360709E+01 -0.24875294E+02 -0.91631660E+01 -0.10758145E+06  0.31027856E+06 -0.13419702E+06  0.81388609E+05 -0.22086456E+06 -0.26543122E+06 1989  237    3   53   36    0  0.89676994E+00 -0.41313294E+00  0.15850872E+00  0.15141025E+00 -0.50104205E-01 -0.98720038E+00  0.41578692E+00  0.90929139E+00  0.17620616E-01
 1989  237    3   55   11 1000 -0.59906987E+04 -0.26716357E+04  0.28492482E+05 -0.32618868E+01  0.27764996E+02  0.14102466E+01  0.15398294E+05 -0.52717168E+04  0.24290645E+05  0.60462747E+01 -0.24768505E+02 -0.98034439E+01 -0.10394617E+06  0.31150153E+06 -0.13422877E+06  0.81015695E+05 -0.22105566E+06 -0.26538622E+06 1989  237    3   55   11 1000  0.89666617E+00 -0.41300625E+00  0.15942252E+00  0.15205461E+00 -0.50889187E-01 -0.98706108E+00  0.41577530E+00  0.90930527E+00  0.17168887E-01
 1989  237    3   56   48    0 -0.62688638E+04 -0.10716553E+01  0.28592250E+05 -0.25318861E+01  0.27858332E+02  0.66830331E+00  0.15959328E+05 -0.76418936E+04  0.23319582E+05  0.56398039E+01 -0.24600225E+02 -0.10422525E+02 -0.10029701E+06  0.31268200E+06 -0.13426031E+06  0.80642664E+05 -0.22124644E+06 -0.26534084E+06 1989  237    3   56   48    0  0.89671636E+00 -0.41302907E+00  0.15908061E+00  0.15165593E+00 -0.50939050E-01 -0.98711991E+00  0.41581261E+00  0.90929210E+00  0.16960412E-01
 1989  237    3   58   24    0 -0.64766519E+04  0.26745806E+04  0.28621014E+05 -0.17966837E+01  0.27871216E+02 -0.66816837E-01  0.16480842E+05 -0.99930947E+04  0.22290562E+05  0.52242250E+01 -0.24373966E+02 -0.11009178E+02 -0.96634445E+05  0.31381981E+06 -0.13429166E+06  0.80269539E+05 -0.22143692E+06 -0.26529506E+06 1989  237    3   58   24    0  0.89664924E+00 -0.41307914E+00  0.15932928E+00  0.15194786E+00 -0.50901402E-01 -0.98707694E+00  0.41585100E+00  0.90927154E+00  0.17125793E-01
 1989  237    4    0    0    0 -0.66138525E+04  0.53477139E+04  0.28580059E+05 -0.10622830E+01  0.27806652E+02 -0.78210455E+00  0.16962338E+05 -0.12320034E+05  0.21207164E+05  0.48073659E+01 -0.24095987E+02 -0.11554028E+02 -0.92958984E+05  0.31491484E+06 -0.13432284E+06  0.79896320E+05 -0.22162711E+06 -0.26524894E+06 1989  237    4    0    0    0  0.89655387E+00 -0.41305757E+00  0.15992101E+00  0.15259989E+00 -0.50899118E-01 -0.98697650E+00  0.41581792E+00  0.90928149E+00  0.17398730E-01
 1989  237    4    1   36    0 -0.66808154E+04  0.80111631E+04  0.28471850E+05 -0.33430633E+00  0.27670675E+02 -0.14662335E+01  0.17404055E+05 -0.14618131E+05  0.20073752E+05  0.43966632E+01 -0.23774618E+02 -0.12050203E+02 -0.89271117E+05  0.31596691E+06 -0.13435384E+06  0.79522977E+05 -0.22181695E+06 -0.26520244E+06 1989  237    4    1   36    0  0.89663279E+00 -0.41304973E+00  0.15949780E+00  0.15211150E+00 -0.50947912E-01 -0.98704940E+00  0.41582653E+00  0.90928233E+00  0.17148048E-01
 1989  237    4    3   11 1000 -0.66784014E+04  0.10658457E+05  0.28299828E+05  0.38236886E+00  0.27471577E+02 -0.21102712E+01  0.17806902E+05 -0.16883670E+05  0.18895217E+05  0.39986222E+01 -0.23419384E+02 -0.12493620E+02 -0.85571344E+05  0.31697584E+06 -0.13438462E+06  0.79149508E+05 -0.22200648E+06 -0.26515556E+06 1989  237    4    3   11 1000  0.90097398E+00 -0.41090417E+00  0.13929836E+00  0.12325998E+00 -0.65420002E-01 -0.99021584E+00  0.41599667E+00  0.90932840E+00 -0.82936510E-02
 1989  237    4    4   48    0 -0.66078906E+04  0.13283988E+05  0.28068162E+05  0.10838411E+01  0.27218954E+02 -0.27080131E+01  0.18172361E+05 -0.19113877E+05  0.17676715E+05  0.36184597E+01 -0.23040117E+02 -0.12882886E+02 -0.81860203E+05  0.31794153E+06 -0.13441525E+06  0.78775945E+05 -0.22219570E+06 -0.26510831E+06 1989  237    4    4   48    0  0.90592009E+00 -0.40867209E+00  0.11088662E+00  0.84197238E-01 -0.82792245E-01 -0.99300373E+00  0.41499346E+00  0.90891838E+00 -0.40594101E-01
 1989  237    4    6   24    0 -0.64708833E+04  0.15883111E+05  0.27781482E+05  0.17672782E+01  0.26922792E+02 -0.32559574E+01  0.18502342E+05 -0.21306914E+05  0.16423406E+05  0.32599492E+01 -0.22646214E+02 -0.13218936E+02 -0.78138133E+05  0.31886388E+06 -0.13444569E+06  0.78402250E+05 -0.22238461E+06 -0.26506069E+06 1989  237    4    6   24    0  0.90925562E+00 -0.40746883E+00  0.84991440E-01  0.50307006E-01 -0.95114157E-01 -0.99419451E+00  0.41318712E+00  0.90825248E+00 -0.65984532E-01
 1989  237    4    8    0    0 -0.62692075E+04  0.18452102E+05  0.27444646E+05  0.24308658E+01  0.26592724E+02 -0.37529914E+01  0.18799045E+05 -0.23461771E+05  0.15140286E+05  0.29254565E+01 -0.22246038E+02 -0.13504493E+02 -0.74405641E+05  0.31974272E+06 -0.13447591E+06  0.78028438E+05 -0.22257320E+06 -0.26501269E+06 1989  237    4    8    0    0  0.91149402E+00 -0.40703076E+00  0.59202492E-01  0.19313604E-01 -0.10142194E+00 -0.99465603E+00  0.41086003E+00  0.90776628E+00 -0.84584229E-01
 1989  237    4    9   36    0 -0.60048203E+04  0.20988119E+05  0.27062514E+05  0.30736911E+01  0.26237507E+02 -0.41999369E+01  0.19064836E+05 -0.25578188E+05  0.13832029E+05  0.26161001E+01 -0.21846638E+02 -0.13743494E+02 -0.70663289E+05  0.32057797E+06 -0.13450594E+06  0.77654531E+05 -0.22276148E+06 -0.26496431E+06 1989  237    4    9   36    0  0.91278660E+00 -0.40689400E+00  0.35467878E-01 -0.77472031E-02 -0.10407072E+00 -0.99453980E+00  0.40836340E+00  0.90752774E+00 -0.98146647E-01
 1989  237    4   11   11 1000 -0.56797295E+04  0.23489137E+05  0.26639793E+05  0.36955781E+01  0.25864710E+02 -0.45990367E+01  0.19302145E+05 -0.27656529E+05  0.12502880E+05  0.23319805E+01 -0.21453642E+02 -0.13940567E+02 -0.66911578E+05  0.32136950E+06 -0.13453578E+06  0.77280531E+05 -0.22294944E+06 -0.26491559E+06 1989  237    4   11   11 1000  0.91330451E+00 -0.40707946E+00  0.12698233E-01 -0.32107994E-01 -0.10304727E+00 -0.99415809E+00  0.40600985E+00  0.90756136E+00 -0.10718404E+00
 1989  237    4   12   48    0 -0.52959297E+04  0.25953777E+05  0.26180932E+05  0.42968969E+01  0.25480585E+02 -0.49534621E+01  0.19513363E+05 -0.29697625E+05  0.11156629E+05  0.20724359E+01 -0.21071293E+02 -0.14100589E+02 -0.63150996E+05  0.32211719E+06 -0.13456544E+06  0.76906406E+05 -0.22313709E+06 -0.26486650E+06 1989  237    4   12   48    0  0.91340029E+00 -0.40695050E+00 -0.95485449E-02 -0.54057360E-01 -0.98015584E-01 -0.99371564E+00  0.40345716E+00  0.90817630E+00 -0.11152613E+00
 1989  237    4   14   24    0 -0.48553604E+04  0.28381203E+05  0.25690041E+05  0.48783989E+01  0.25090128E+02 -0.52669086E+01  0.19700801E+05 -0.31702648E+05  0.97966016E+04  0.18362780E+01 -0.20702587E+02 -0.14228371E+02 -0.59382059E+05  0.32282094E+06 -0.13459491E+06  0.76532156E+05 -0.22332444E+06 -0.26481700E+06 1989  237    4   14   24    0  0.91301638E+00 -0.40677220E+00 -0.30616477E-01 -0.72375968E-01 -0.87671891E-01 -0.99351668E+00  0.40145075E+00  0.90931296E+00 -0.10948642E+00
 1989  237    4   16    0    0 -0.43598804E+04  0.30771000E+05  0.25170871E+05  0.54410744E+01  0.24697186E+02 -0.55432734E+01  0.19866629E+05 -0.33673016E+05  0.84256709E+04  0.16219923E+01 -0.20349495E+02 -0.14328449E+02 -0.55605270E+05  0.32348069E+06 -0.13462417E+06  0.76157812E+05 -0.22351147E+06 -0.26476709E+06 1989  237    4   16    0    0  0.91236997E+00 -0.40647823E+00 -0.48544556E-01 -0.86158603E-01 -0.74741468E-01 -0.99347395E+00  0.40019721E+00  0.91059834E+00 -0.10321347E+00
 1989  237    4   17   36    0 -0.38112432E+04  0.33123070E+05  0.24626795E+05  0.59860444E+01  0.24304594E+02 -0.57864294E+01  0.20012867E+05 -0.35610285E+05  0.70462959E+04  0.14278941E+01 -0.20013145E+02 -0.14404961E+02 -0.51821152E+05  0.32409634E+06 -0.13465327E+06  0.75783367E+05 -0.22369819E+06 -0.26471684E+06 1989  237    4   17   36    0  0.91158140E+00 -0.40582880E+00 -0.65745413E-01 -0.97245663E-01 -0.57469297E-01 -0.99359983E+00  0.39945307E+00  0.91214055E+00 -0.91853023E-01
 1989  237    4   19   12    0 -0.32110889E+04  0.35437566E+05  0.24060818E+05  0.65144773E+01  0.23914387E+02 -0.60000801E+01  0.20141375E+05 -0.37516098E+05  0.56605508E+04  0.12522432E+01 -0.19694033E+02 -0.14461589E+02 -0.48030211E+05  0.32466781E+06 -0.13468217E+06  0.75408805E+05 -0.22388456E+06 -0.26466622E+06 1989  237    4   19   12    0  0.91079634E+00 -0.40475148E+00 -0.81401825E-01 -0.10520868E+00 -0.36885284E-01 -0.99376595E+00  0.39922565E+00  0.91368258E+00 -0.76178364E-01
 1989  237    4   20   47 1000 -0.25609514E+04  0.37714773E+05  0.23475611E+05  0.70275273E+01  0.23527935E+02 -0.61876607E+01  0.20253836E+05 -0.39392109E+05  0.42701943E+04  0.10933287E+01 -0.19392168E+02 -0.14501556E+02 -0.44232965E+05  0.32519500E+06 -0.13471089E+06  0.75034148E+05 -0.22407062E+06 -0.26461522E+06 1989  237    4   20   47 1000  0.91057658E+00 -0.40301609E+00 -0.91806337E-01 -0.10646392E+00 -0.14064118E-01 -0.99421710E+00  0.39939433E+00  0.91508478E+00 -0.55713117E-01
 1989  237    4   22   24    0 -0.18622587E+04  0.39955086E+05  0.22873520E+05  0.75263009E+01  0.23146080E+02 -0.63523021E+01  0.20351777E+05 -0.41239941E+05  0.28766946E+04  0.94951767E+00 -0.19107208E+02 -0.14527644E+02 -0.40429953E+05  0.32567788E+06 -0.13473942E+06  0.74659398E+05 -0.22425641E+06 -0.26456388E+06 1989  237    4   22   24    0  0.91092068E+00 -0.40072110E+00 -0.98213464E-01 -0.10240120E+00  0.11009555E-01 -0.99468225E+00  0.39967144E+00  0.91613394E+00 -0.31005500E-01
 1989  237    4   24    0    0 -0.11163269E+04  0.42158980E+05  0.22256613E+05  0.80118380E+01  0.22769279E+02 -0.64968152E+01  0.20436578E+05 -0.43061211E+05  0.14812590E+04  0.81928366E+00 -0.18838577E+02 -0.14542228E+02 -0.36621672E+05  0.32611638E+06 -0.13476773E+06  0.74284523E+05 -0.22444183E+06 -0.26451216E+06 1989  237    4   24    0    0  0.91181302E+00 -0.39810061E+00 -0.10056274E+00 -0.93479007E-01  0.37219319E-01 -0.99492538E+00  0.39982325E+00  0.91658640E+00 -0.32769926E-02
 1989  237    4   25   35 1000 -0.32438043E+03  0.44326949E+05  0.21626697E+05  0.84850960E+01  0.22397705E+02 -0.66236982E+01  0.20509469E+05 -0.44857445E+05  0.84894043E+02  0.70122588E+00 -0.18585558E+02 -0.14547320E+02 -0.32808648E+05  0.32651041E+06 -0.13479586E+06  0.73909516E+05 -0.22462695E+06 -0.26446003E+06 1989  237    4   25   35 1000  0.91338032E+00 -0.39543837E+00 -0.96773937E-01 -0.78336075E-01  0.62553048E-01 -0.99496269E+00  0.39949989E+00  0.91636002E+00  0.26157634E-01
 1989  237    4   27   12    0  0.51244446E+03  0.46459500E+05  0.20985357E+05  0.89469442E+01  0.22031294E+02 -0.67351508E+01  0.20571559E+05 -0.46630109E+05 -0.13115732E+04  0.59407139E+00 -0.18347343E+02 -0.14544618E+02 -0.28991396E+05  0.32685991E+06 -0.13482383E+06  0.73534422E+05 -0.22481177E+06 -0.26440756E+06 1989  237    4   27   12    0  0.91534156E+00 -0.39329839E+00 -0.86408094E-01 -0.57610855E-01  0.84469348E-01 -0.99475920E+00  0.39853603E+00  0.91552246E+00  0.54660037E-01
 1989  237    4   28   47 1000  0.13930907E+04  0.48557113E+05  0.20333980E+05  0.93981676E+01  0.21669855E+02 -0.68331037E+01  0.20623842E+05 -0.48380578E+05 -0.27074653E+04  0.49667329E+00 -0.18123075E+02 -0.14535547E+02 -0.25170424E+05  0.32716491E+06 -0.13485158E+06  0.73159234E+05 -0.22499627E+06 -0.26435472E+06 1989  237    4   28   47 1000  0.91736478E+00 -0.39161378E+00 -0.71279213E-01 -0.33771738E-01  0.10185214E+00 -0.99422616E+00  0.39661258E+00  0.91447514E+00  0.80210090E-01
 1989  237    4   30   24    0  0.23165728E+04  0.50620258E+05  0.19673781E+05  0.98394690E+01  0.21313091E+02 -0.69192414E+01  0.20667199E+05 -0.50110156E+05 -0.41022290E+04  0.40800464E+00 -0.17911901E+02 -0.14521297E+02 -0.21346258E+05  0.32742531E+06 -0.13487914E+06  0.72783953E+05 -0.22518045E+06 -0.26430147E+06 1989  237    4   30   24    0  0.91920829E+00 -0.39056408E+00 -0.50156236E-01 -0.61253756E-02  0.11317615E+00 -0.99355602E+00  0.39372379E+00  0.91359222E+00  0.10164011E+00
 1989  237    4   32    0    0  0.32819741E+04  0.52649371E+05  0.19005816E+05  0.10271477E+02  0.20960634E+02 -0.69950333E+01  0.20702430E+05 -0.51820062E+05 -0.54954238E+04  0.32714894E+00 -0.17712973E+02 -0.14502863E+02 -0.17519408E+05  0.32764109E+06 -0.13490652E+06  0.72408578E+05 -0.22536430E+06 -0.26424788E+06 1989  237    4   32    0    0  0.91994625E+00 -0.39112282E+00 -0.26869640E-01  0.20915911E-01  0.11740410E+00 -0.99286395E+00  0.39148635E+00  0.91281945E+00  0.11618615E+00
 1989  237    4   33   36    0  0.42884233E+04  0.54644840E+05  0.18331021E+05  0.10694743E+02  0.20612080E+02 -0.70617566E+01  0.20730238E+05 -0.53511426E+05 -0.68866812E+04  0.25329190E+00 -0.17525467E+02 -0.14481073E+02 -0.13690414E+05  0.32781219E+06 -0.13493370E+06  0.72033070E+05 -0.22554783E+06 -0.26419391E+06 1989  237    4   33   36    0  0.92020118E+00 -0.39143363E+00 -0.30715168E-02  0.46208948E-01  0.11641525E+00 -0.99212509E+00  0.38870871E+00  0.91281277E+00  0.12521319E+00
 1989  237    4   35   12    0  0.53351006E+04  0.56607008E+05  0.17650213E+05  0.11109759E+02  0.20267002E+02 -0.71205225E+01  0.20751262E+05 -0.55185297E+05 -0.82757070E+04  0.18571049E+00 -0.17348600E+02 -0.14456617E+02 -0.98597871E+04  0.32793866E+06 -0.13496069E+06  0.71657477E+05 -0.22573103E+06 -0.26413953E+06 1989  237    4   35   12    0  0.92044282E+00 -0.39026520E+00  0.21868959E-01  0.70476487E-01  0.11066754E+00 -0.99135548E+00  0.38447139E+00  0.91402715E+00  0.12936766E+00
 1989  237    4   36   47 1000  0.64212437E+04  0.58536199E+05  0.16964105E+05  0.11516959E+02  0.19924982E+02 -0.71722970E+01  0.20766074E+05 -0.56842668E+05 -0.96622812E+04  0.12376262E+00 -0.17181639E+02 -0.14430068E+02 -0.60280386E+04  0.32802044E+06 -0.13498750E+06  0.71281789E+05 -0.22591394E+06 -0.26408481E+06 1989  237    4   36   47 1000  0.91985631E+00 -0.38969564E+00  0.44741198E-01  0.90989858E-01  0.10103245E+00 -0.99071360E+00  0.38155642E+00  0.91538513E+00  0.12839368E+00
 1989  237    4   38   24    0  0.75461177E+04  0.60432684E+05  0.16273329E+05  0.11916728E+02  0.19585590E+02 -0.72179203E+01  0.20775188E+05 -0.58484461E+05 -0.11046225E+05  0.66879332E-01 -0.17023895E+02 -0.14401900E+02 -0.21957163E+04  0.32805750E+06 -0.13501412E+06  0.70905977E+05 -0.22609653E+06 -0.26402972E+06 1989  237    4   38   24    0  0.91879785E+00 -0.38924295E+00  0.65578550E-01  0.10756376E+00  0.87044984E-01 -0.99038041E+00  0.37979028E+00  0.91701317E+00  0.12184518E+00
 1989  237    4   40    0    0  0.87090244E+04  0.62296699E+05  0.15578440E+05  0.12309401E+02  0.19248415E+02 -0.72581220E+01  0.20779061E+05 -0.60111527E+05 -0.12427403E+05  0.14555987E-01 -0.16874725E+02 -0.14372509E+02  0.16366689E+04  0.32804991E+06 -0.13504053E+06  0.70530070E+05 -0.22627881E+06 -0.26397425E+06 1989  237    4   40    0    0  0.91779774E+00 -0.38812932E+00  0.83684862E-01  0.12085500E+00  0.72320580E-01 -0.99003232E+00  0.37820840E+00  0.91876304E+00  0.11328302E+00
 1989  237    4   41   36    0  0.99093008E+04  0.64128434E+05  0.14879926E+05  0.12695272E+02  0.18913071E+02 -0.72935410E+01  0.20778113E+05 -0.61724660E+05 -0.13805716E+05 -0.33655174E-01 -0.16733522E+02 -0.14342221E+02  0.54686255E+04  0.32799762E+06 -0.13506678E+06  0.70154070E+05 -0.22646075E+06 -0.26391841E+06 1989  237    4   41   36    0  0.91637635E+00 -0.38714281E+00  0.10185795E+00  0.13364670E+00  0.56020372E-01 -0.98944443E+00  0.37735018E+00  0.92031640E+00  0.10307610E+00
 1989  237    4   43   12    0  0.11146306E+05  0.65928031E+05  0.14178219E+05  0.13074602E+02  0.18579187E+02 -0.73247328E+01  0.20772719E+05 -0.63324598E+05 -0.15181087E+05 -0.78151762E-01 -0.16599731E+02 -0.14311308E+02  0.92996123E+04  0.32790066E+06 -0.13509284E+06  0.69777977E+05 -0.22664238E+06 -0.26386222E+06 1989  237    4   43   12    0  0.91564471E+00 -0.38505256E+00  0.11545271E+00  0.14065044E+00  0.37824102E-01 -0.98933655E+00  0.37657970E+00  0.92211920E+00  0.88791251E-01
 1989  237    4   44   47 1000  0.12419427E+05  0.67695641E+05  0.13473693E+05  0.13447619E+02  0.18246412E+02 -0.73521824E+01  0.20763217E+05 -0.64912020E+05 -0.16553477E+05 -0.11928754E+00 -0.16472839E+02 -0.14279993E+02  0.13129122E+05  0.32775897E+06 -0.13511869E+06  0.69401789E+05 -0.22682369E+06 -0.26380562E+06 1989  237    4   44   47 1000  0.91457742E+00 -0.38334823E+00  0.12881187E+00  0.14753413E+00  0.19706465E-01 -0.98886067E+00  0.37653956E+00  0.92339367E+00  0.74580044E-01
 1989  237    4   46   24    0  0.13728062E+05  0.69431352E+05  0.12766696E+05  0.13814520E+02  0.17914423E+02 -0.73763156E+01  0.20749912E+05 -0.66487586E+05 -0.17922850E+05 -0.15737697E+00 -0.16352379E+02 -0.14248461E+02  0.16956621E+05  0.32757266E+06 -0.13514434E+06  0.69025500E+05 -0.22700466E+06 -0.26374866E+06 1989  237    4   46   24    0  0.91464370E+00 -0.37986362E+00  0.13831359E+00  0.15063918E+00  0.27547544E-02 -0.98858500E+00  0.37514645E+00  0.92503846E+00  0.59741955E-01
 1989  237    4   48    0    0  0.15071627E+05  0.71135219E+05  0.12057533E+05  0.14175475E+02  0.17582905E+02 -0.73975043E+01  0.20733088E+05 -0.68051875E+05 -0.19289182E+05 -0.19270034E+00 -0.16237904E+02 -0.14216864E+02  0.20781572E+05  0.32734175E+06 -0.13516981E+06  0.68649125E+05 -0.22718533E+06 -0.26369134E+06 1989  237    4   48    0    0  0.91422546E+00 -0.37749475E+00  0.14727339E+00  0.15346843E+00 -0.13800981E-01 -0.98805720E+00  0.37501892E+00  0.92590886E+00  0.45316316E-01
 1989  237    4   49   36    0  0.16449564E+05  0.72807266E+05  0.11346464E+05  0.14530638E+02  0.17251583E+02 -0.74160752E+01  0.20712994E+05 -0.69605430E+05 -0.20652484E+05 -0.22550823E+00 -0.16129009E+02 -0.14185327E+02  0.24603484E+05  0.32706625E+06 -0.13519509E+06  0.68272625E+05 -0.22736567E+06 -0.26363366E+06 1989  237    4   49   36    0  0.91355252E+00 -0.37617132E+00  0.15465124E+00  0.15463135E+00 -0.30450772E-01 -0.98750287E+00  0.37617952E+00  0.92604965E+00  0.30349497E-01
 1989  237    4   51   11 1000  0.17861326E+05  0.74447539E+05  0.10633725E+05  0.14880137E+02  0.16920198E+02 -0.74323149E+01  0.20689863E+05 -0.71148797E+05 -0.22012768E+05 -0.25602490E+00 -0.16025343E+02 -0.14153951E+02  0.28421828E+05  0.32674622E+06 -0.13522019E+06  0.67896031E+05 -0.22754567E+06 -0.26357559E+06 1989  237    4   51   11 1000  0.91376942E+00 -0.37387213E+00  0.15888792E+00  0.15360907E+00 -0.44086132E-01 -0.98714775E+00  0.37607181E+00  0.92643195E+00  0.17145604E-01
 1989  237    4   52   48    0  0.19306371E+05  0.76055969E+05  0.99195273E+04  0.15224089E+02  0.16588509E+02 -0.74464774E+01  0.20663904E+05 -0.72682445E+05 -0.23370049E+05 -0.28445041E+00 -0.15926551E+02 -0.14122819E+02  0.32236074E+05  0.32638166E+06 -0.13524508E+06  0.67519344E+05 -0.22772539E+06 -0.26351712E+06 1989  237    4   52   48    0  0.91387773E+00 -0.37375510E+00  0.15853903E+00  0.15375993E+00 -0.42779516E-01 -0.98718172E+00  0.37574646E+00  0.92654032E+00  0.18373318E-01
 1989  237    4   54   24    0  0.20784172E+05  0.77632516E+05  0.92040615E+04  0.15562588E+02  0.16256289E+02 -0.74587855E+01  0.20635311E+05 -0.74206812E+05 -0.24724355E+05 -0.31096417E+00 -0.15832308E+02 -0.14092000E+02  0.36045719E+05  0.32597262E+06 -0.13526980E+06  0.67142562E+05 -0.22790480E+06 -0.26345831E+06 1989  237    4   54   24    0  0.91395134E+00 -0.37341005E+00  0.15892798E+00  0.15412784E+00 -0.42889941E-01 -0.98711962E+00  0.37541679E+00  0.92667443E+00  0.18353581E-01
 1989  237    4   56    0    0  0.22294211E+05  0.79177164E+05  0.84874951E+04  0.15895716E+02  0.15923341E+02 -0.74694376E+01  0.20604256E+05 -0.75722375E+05 -0.26075721E+05 -0.33572805E+00 -0.15742330E+02 -0.14061546E+02  0.39850254E+05  0.32551925E+06 -0.13529433E+06  0.66765719E+05 -0.22808386E+06 -0.26339912E+06 1989  237    4   56    0    0  0.91400790E+00 -0.37304831E+00  0.15945013E+00  0.15454216E+00 -0.43240584E-01 -0.98703951E+00  0.37510806E+00  0.92680377E+00  0.18129442E-01
 1989  237    4   57   36    0  0.23835986E+05  0.80689781E+05  0.77699756E+04  0.16223549E+02  0.15589478E+02 -0.74786062E+01  0.20570902E+05 -0.77229484E+05 -0.27424188E+05 -0.35888758E+00 -0.15656348E+02 -0.14031500E+02  0.43649168E+05  0.32502153E+06 -0.13531864E+06  0.66388742E+05 -0.22826258E+06 -0.26333956E+06 1989  237    4   57   36    0  0.91413862E+00 -0.37265348E+00  0.15962484E+00  0.15460658E+00 -0.43527272E-01 -0.98701686E+00  0.37476331E+00  0.92694920E+00  0.17824721E-01
 1989  237    4   59   11 1000  0.25408980E+05  0.82170305E+05  0.70516401E+04  0.16546144E+02  0.15254530E+02 -0.74864483E+01  0.20535396E+05 -0.78728531E+05 -0.28769793E+05 -0.38057363E+00 -0.15574115E+02 -0.14001896E+02  0.47441918E+05  0.32447956E+06 -0.13534277E+06  0.66011680E+05 -0.22844097E+06 -0.26327962E+06 1989  237    4   59   11 1000  0.91412920E+00 -0.37266195E+00  0.15965858E+00  0.15454718E+00 -0.43764681E-01 -0.98701560E+00  0.37481055E+00  0.92693460E+00  0.17587274E-01
 1989  237    5    0   48    0  0.27012684E+05  0.83618602E+05  0.63326123E+04  0.16863550E+02  0.14918346E+02 -0.74930997E+01  0.20497875E+05 -0.80219844E+05 -0.30112572E+05 -0.40090430E+00 -0.15495400E+02 -0.13972758E+02  0.51227980E+05  0.32389338E+06 -0.13536673E+06  0.65634555E+05 -0.22861906E+06 -0.26321931E+06 1989  237    5    0   48    0  0.91408253E+00 -0.37276417E+00  0.15968783E+00  0.15448330E+00 -0.44005744E-01 -0.98701489E+00  0.37495100E+00  0.92688203E+00  0.17360970E-01
 1989  237    5    2   24    0  0.28646613E+05  0.85034555E+05  0.56129990E+04  0.17175816E+02  0.14580787E+02 -0.74986835E+01  0.20458461E+05 -0.81703766E+05 -0.31452576E+05 -0.41998675E+00 -0.15419992E+02 -0.13944108E+02  0.55006871E+05  0.32326309E+06 -0.13539048E+06  0.65257316E+05 -0.22879684E+06 -0.26315866E+06 1989  237    5    2   24    0  0.91404825E+00 -0.37288409E+00  0.15960237E+00  0.15436228E+00 -0.44082940E-01 -0.98703039E+00  0.37508366E+00  0.92683017E+00  0.17265290E-01
 1989  237    5    4    0    0  0.30310277E+05  0.86418070E+05  0.48928979E+04  0.17482977E+02  0.14241727E+02 -0.75033078E+01  0.20417271E+05 -0.83180586E+05 -0.32789852E+05 -0.43791777E+00 -0.15347695E+02 -0.13915956E+02  0.58778066E+05  0.32258881E+06 -0.13541405E+06  0.64879980E+05 -0.22897431E+06 -0.26309762E+06 1989  237    5    4    0    0  0.91400176E+00 -0.37304196E+00  0.15950036E+00  0.15429738E+00 -0.43979030E-01 -0.98704517E+00  0.37522390E+00  0.92677152E+00  0.17362464E-01
 1989  237    5    5   36    0  0.32003182E+05  0.87768961E+05  0.41723950E+04  0.17785048E+02  0.13901052E+02 -0.75070710E+01  0.20374414E+05 -0.84650602E+05 -0.34124453E+05 -0.45478526E+00 -0.15278326E+02 -0.13888314E+02  0.62541043E+05  0.32187062E+06 -0.13543742E+06  0.64502555E+05 -0.22915144E+06 -0.26303622E+06 1989  237    5    5   36    0  0.91396010E+00 -0.37320763E+00  0.15935245E+00  0.15422523E+00 -0.43770868E-01 -0.98706573E+00  0.37535545E+00  0.92671472E+00  0.17553207E-01
 1989  237    5    7   11 1000  0.33724840E+05  0.89087039E+05  0.34515681E+04  0.18082047E+02  0.13558661E+02 -0.75100594E+01  0.20329986E+05 -0.86114086E+05 -0.35456422E+05 -0.47066909E+00 -0.15211717E+02 -0.13861187E+02  0.66295273E+05  0.32110862E+06 -0.13546058E+06  0.64125035E+05 -0.22932822E+06 -0.26297444E+06 1989  237    5    7   11 1000  0.91392130E+00 -0.37338179E+00  0.15916675E+00  0.15411234E+00 -0.43563411E-01 -0.98709255E+00  0.37549621E+00  0.92665440E+00  0.17729200E-01
 1989  237    5    8   48    0  0.35474770E+05  0.90372141E+05  0.27304880E+04  0.18374002E+02  0.13214461E+02 -0.75123506E+01  0.20284076E+05 -0.87571328E+05 -0.36785812E+05 -0.48564187E+00 -0.15147711E+02 -0.13834577E+02  0.70040289E+05  0.32030291E+06 -0.13548358E+06  0.63747426E+05 -0.22950472E+06 -0.26291228E+06 1989  237    5    8   48    0  0.91388214E+00 -0.37357312E+00  0.15894288E+00  0.15400475E+00 -0.43241952E-01 -0.98712349E+00  0.37563577E+00  0.92659235E+00  0.18013995E-01
 1989  237    5   10   24    0  0.37252492E+05  0.91624125E+05  0.20092148E+04  0.18660925E+02  0.12868372E+02 -0.75140142E+01  0.20236770E+05 -0.89022539E+05 -0.38112684E+05 -0.49976987E+00 -0.15086162E+02 -0.13808483E+02  0.73775609E+05  0.31945353E+06 -0.13550639E+06  0.63369723E+05 -0.22968086E+06 -0.26284972E+06 1989  237    5   10   24    0  0.91352177E+00 -0.37424266E+00  0.15943763E+00  0.15467103E+00 -0.42952571E-01 -0.98703188E+00  0.37623766E+00  0.92633551E+00  0.18646378E-01
 1989  237    5   12    0    0  0.39057523E+05  0.92842797E+05  0.12878096E+04  0.18942812E+02  0.12520323E+02 -0.75151124E+01  0.20188145E+05 -0.90467945E+05 -0.39437070E+05 -0.51311344E+00 -0.15026936E+02 -0.13782905E+02  0.77500680E+05  0.31856069E+06 -0.13552897E+06  0.62991934E+05 -0.22985667E+06 -0.26278681E+06 1989  237    5   12    0    0  0.91368496E+00 -0.37399518E+00  0.15908395E+00  0.15438938E+00 -0.42691723E-01 -0.98708731E+00  0.37595743E+00  0.92644757E+00  0.18734105E-01
 1989  237    5   13   36    0  0.40889359E+05  0.94027961E+05  0.56632770E+03  0.19219660E+02  0.12170251E+02 -0.75157008E+01  0.20138275E+05 -0.91907781E+05 -0.40759020E+05 -0.52572769E+00 -0.14969907E+02 -0.13757836E+02  0.81215008E+05  0.31762447E+06 -0.13555138E+06  0.62614059E+05 -0.23003220E+06 -0.26272356E+06 1989  237    5   13   36    0  0.91434747E+00 -0.37271604E+00  0.15827674E+00  0.15346196E+00 -0.42761367E-01 -0.98722899E+00  0.37472418E+00  0.92695975E+00  0.18098980E-01
 1989  237    5   15   11 1000  0.42747531E+05  0.95179438E+05 -0.15518829E+03  0.19491474E+02  0.11818100E+02 -0.75158315E+01  0.20087227E+05 -0.93342242E+05 -0.42078586E+05 -0.53766322E+00 -0.14914957E+02 -0.13733272E+02  0.84918078E+05  0.31664503E+06 -0.13557359E+06  0.62236094E+05 -0.23020739E+06 -0.26265991E+06 1989  237    5   15   11 1000  0.91410941E+00 -0.37310517E+00  0.15873420E+00  0.15384270E+00 -0.43061398E-01 -0.98715663E+00  0.37514850E+00  0.92678928E+00  0.18036671E-01
 1989  237    5   16   48    0  0.44631559E+05  0.96296969E+05 -0.87669672E+03  0.19758253E+02  0.11463823E+02 -0.75155482E+01  0.20035064E+05 -0.94771516E+05 -0.43395820E+05 -0.54896641E+00 -0.14861978E+02 -0.13709207E+02  0.88609367E+05  0.31562250E+06 -0.13559566E+06  0.61858039E+05 -0.23038223E+06 -0.26259588E+06 1989  237    5   16   48    0  0.91388035E+00 -0.37350246E+00  0.15911837E+00  0.15416761E+00 -0.43304276E-01 -0.98709524E+00  0.37557304E+00  0.92661786E+00  0.18007055E-01
 1989  237    5   18   24    0  0.46540949E+05  0.97380406E+05 -0.15981598E+04  0.20019981E+02  0.11107379E+02 -0.75148921E+01  0.19981846E+05 -0.96195797E+05 -0.44710766E+05 -0.55967969E+00 -0.14810866E+02 -0.13685631E+02  0.92288406E+05  0.31455700E+06 -0.13561750E+06  0.61479902E+05 -0.23055677E+06 -0.26253150E+06 1989  237    5   18   24    0  0.91380215E+00 -0.37388882E+00  0.15866002E+00  0.15355346E+00 -0.43617465E-01 -0.98717725E+00  0.37601489E+00  0.92644739E+00  0.17554194E-01
 1989  237    5   20    0    0  0.48475227E+05  0.98429531E+05 -0.23195435E+04  0.20276651E+02  0.10748735E+02 -0.75139012E+01  0.19927623E+05 -0.97615258E+05 -0.46023473E+05 -0.56984210E+00 -0.14761528E+02 -0.13662539E+02  0.95954680E+05  0.31344869E+06 -0.13563912E+06  0.61101672E+05 -0.23073098E+06 -0.26246675E+06 1989  237    5   20    0    0  0.91358089E+00 -0.37373400E+00  0.16028982E+00  0.15524966E+00 -0.43768335E-01 -0.98690522E+00  0.37585565E+00  0.92650270E+00  0.18036164E-01
 1989  237    5   21   36    0  0.50433902E+05  0.99444094E+05 -0.30408174E+04  0.20528246E+02  0.10387862E+02 -0.75126071E+01  0.19872451E+05 -0.99030070E+05 -0.47333984E+05 -0.57948953E+00 -0.14713874E+02 -0.13639920E+02  0.99607711E+05  0.31229775E+06 -0.13566059E+06  0.60723359E+05 -0.23090484E+06 -0.26240162E+06 1989  237    5   21   36    0  0.91451687E+00 -0.37325069E+00  0.15602201E+00  0.15059689E+00 -0.43851003E-01 -0.98762226E+00  0.37547240E+00  0.92669368E+00  0.16107909E-01
 1989  237    5   23   12    0  0.52416496E+05  0.10042391E+06 -0.37619561E+04  0.20774755E+02  0.10024736E+02 -0.75110412E+01  0.19816375E+05 -0.10044039E+06 -0.48642355E+05 -0.58865523E+00 -0.14667819E+02 -0.13617765E+02  0.10324700E+06  0.31110425E+06 -0.13568188E+06  0.60344961E+05 -0.23107841E+06 -0.26233616E+06 1989  237    5   23   12    0  0.91397625E+00 -0.37309217E+00  0.15953004E+00  0.15377590E+00 -0.45347922E-01 -0.98706466E+00  0.37550047E+00  0.92668539E+00  0.15925676E-01
 1989  237    5   24   47 1000  0.54422508E+05  0.10136876E+06 -0.44829336E+04  0.21016167E+02  0.96593437E+01 -0.75092306E+01  0.19759443E+05 -0.10184634E+06 -0.49948621E+05 -0.59736949E+00 -0.14623287E+02 -0.13596066E+02  0.10687204E+06  0.30986841E+06 -0.13570297E+06  0.59966473E+05 -0.23125166E+06 -0.26227031E+06 1989  237    5   24   47 1000  0.91408491E+00 -0.37345132E+00  0.15806027E+00  0.15343150E+00 -0.42297747E-01 -0.98725367E+00  0.37537676E+00  0.92668498E+00  0.18635467E-01
 1989  237    5   26   24    0  0.56451441E+05  0.10227844E+06 -0.52037231E+04  0.21252451E+02  0.92916737E+01 -0.75071998E+01  0.19701695E+05 -0.10324809E+06 -0.51252816E+05 -0.60566068E+00 -0.14580205E+02 -0.13574811E+02  0.11048234E+06  0.30859044E+06 -0.13572384E+06  0.59587902E+05 -0.23142456E+06 -0.26220406E+06 1989  237    5   26   24    0  0.91408819E+00 -0.37311298E+00  0.15883771E+00  0.15396653E+00 -0.43032050E-01 -0.98713857E+00  0.37514934E+00  0.92678744E+00  0.18111832E-01
 1989  237    5   28    0    0  0.58502812E+05  0.10315271E+06 -0.59243076E+04  0.21483591E+02  0.89217176E+01 -0.75049710E+01  0.19643170E+05 -0.10464577E+06 -0.52554996E+05 -0.61355478E+00 -0.14538503E+02 -0.13553990E+02  0.11407757E+06  0.30727041E+06 -0.13574453E+06  0.59209250E+05 -0.23159712E+06 -0.26213745E+06 1989  237    5   28    0    0  0.91416818E+00 -0.37269133E+00  0.15936640E+00  0.15432811E+00 -0.43527745E-01 -0.98706037E+00  0.37480572E+00  0.92693394E+00  0.17725062E-01
 1989  237    5   29   35 1000  0.60576121E+05  0.10399133E+06 -0.66446689E+04  0.21709574E+02  0.85494738E+01 -0.75025644E+01  0.19583906E+05 -0.10603953E+06 -0.53855195E+05 -0.62107563E+00 -0.14498116E+02 -0.13533596E+02  0.11765708E+06  0.30590853E+06 -0.13576502E+06  0.58830512E+05 -0.23176938E+06 -0.26207048E+06 1989  237    5   29   35 1000  0.91407138E+00 -0.37281787E+00  0.15962586E+00  0.15486562E+00 -0.42897895E-01 -0.98700380E+00  0.37482023E+00  0.92691243E+00  0.18524926E-01
 1989  237    5   31   12    0  0.62670879E+05  0.10479413E+06 -0.73647925E+04  0.21930370E+02  0.81749420E+01 -0.74999995E+01  0.19523936E+05 -0.10742947E+06 -0.55153457E+05 -0.62824577E+00 -0.14458985E+02 -0.13513617E+02  0.12122024E+06  0.30450512E+06 -0.13578533E+06  0.58451695E+05 -0.23194131E+06 -0.26200314E+06 1989  237    5   31   12    0  0.91425490E+00 -0.37294057E+00  0.15828207E+00  0.15354732E+00 -0.42576268E-01 -0.98722363E+00  0.37491480E+00  0.92687786E+00  0.18338457E-01
 1989  237    5   32   47 1000  0.64786555E+05  0.10556087E+06 -0.80846636E+04  0.22145954E+02  0.77981296E+01 -0.74972925E+01  0.19463293E+05 -0.10881570E+06 -0.56449816E+05 -0.63508594E+00 -0.14421052E+02 -0.13494041E+02  0.12476671E+06  0.30306025E+06 -0.13580545E+06  0.58072793E+05 -0.23211291E+06 -0.26193541E+06 1989  237    5   32   47 1000  0.91406840E+00 -0.37303564E+00  0.15913340E+00  0.15429571E+00 -0.43003689E-01 -0.98708838E+00  0.37506250E+00  0.92681986E+00  0.18249489E-01
 1989  237    5   34   24    0  0.66922688E+05  0.10629129E+06 -0.88042666E+04  0.22356304E+02  0.74190450E+01 -0.74944582E+01  0.19402008E+05 -0.11019832E+06 -0.57744320E+05 -0.64161527E+00 -0.14384264E+02 -0.13474862E+02  0.12829602E+06  0.30157416E+06 -0.13582539E+06  0.57693812E+05 -0.23228414E+06 -0.26186731E+06 1989  237    5   34   24    0  0.91422826E+00 -0.37281179E+00  0.15873897E+00  0.15326929E+00 -0.44476319E-01 -0.98718309E+00  0.37509364E+00  0.92684042E+00  0.16479094E-01
 1989  237    5   36    0    0  0.69078805E+05  0.10698525E+06 -0.95235967E+04  0.22561398E+02  0.70376987E+01 -0.74915104E+01  0.19340111E+05 -0.11157749E+06 -0.59037008E+05 -0.64785171E+00 -0.14348569E+02 -0.13456069E+02  0.13180773E+06  0.30004700E+06 -0.13584514E+06  0.57314742E+05 -0.23245508E+06 -0.26179888E+06 1989  237    5   36    0    0  0.91487539E+00 -0.37176746E+00  0.15745424E+00  0.14950866E+00 -0.50303213E-01 -0.98747998E+00  0.37503338E+00  0.92696196E+00  0.95612779E-02
 1989  237    5   37   36    0  0.71254336E+05  0.10764248E+06 -0.10242640E+05  0.22761213E+02  0.66541085E+01 -0.74884620E+01  0.19277629E+05 -0.11295329E+06 -0.60327910E+05 -0.65381193E+00 -0.14313921E+02 -0.13437652E+02  0.13530130E+06  0.29847900E+06 -0.13586467E+06  0.56935594E+05 -0.23262570E+06 -0.26173006E+06 1989  237    5   37   36    0  0.91423941E+00 -0.37261161E+00  0.15914500E+00  0.15394315E+00 -0.43884557E-01 -0.98710471E+00  0.37479070E+00  0.92694920E+00  0.17240018E-01
 1989  237    5   39   12    0  0.73448781E+05  0.10826278E+06 -0.10961381E+05  0.22955723E+02  0.62682958E+01 -0.74853249E+01  0.19214588E+05 -0.11432580E+06 -0.61617055E+05 -0.65951133E+00 -0.14280273E+02 -0.13419600E+02  0.13877625E+06  0.29687044E+06 -0.13588402E+06  0.56556367E+05 -0.23279598E+06 -0.26166088E+06 1989  237    5   39   12    0  0.91428715E+00 -0.37270939E+00  0.15864062E+00  0.15352184E+00 -0.43584570E-01 -0.98718363E+00  0.37484688E+00  0.92692405E+00  0.17370220E-01
 1989  237    5   40   47 1000  0.75661664E+05  0.10884591E+06 -0.11679818E+05  0.23144901E+02  0.58802810E+01 -0.74821091E+01  0.19151012E+05 -0.11569515E+06 -0.62904480E+05 -0.66496414E+00 -0.14247584E+02 -0.13401905E+02  0.14223214E+06  0.29522147E+06 -0.13590317E+06  0.56177062E+05 -0.23296595E+06 -0.26159131E+06 1989  237    5   40   47 1000  0.91398221E+00 -0.37326479E+00  0.15909158E+00  0.15435787E+00 -0.42750612E-01 -0.98708969E+00  0.37524706E+00  0.92673939E+00  0.18543065E-01
 1989  237    5   42   24    0  0.77892445E+05  0.10939170E+06 -0.12397943E+05  0.23328716E+02  0.54900885E+01 -0.74788241E+01  0.19086924E+05 -0.11706138E+06 -0.64190227E+05 -0.67018402E+00 -0.14215815E+02 -0.13384560E+02  0.14566850E+06  0.29353234E+06 -0.13592214E+06  0.55797676E+05 -0.23313558E+06 -0.26152136E+06 1989  237    5   42   24    0  0.91375637E+00 -0.37364334E+00  0.15950012E+00  0.15479940E+00 -0.42770151E-01 -0.98701978E+00  0.37561518E+00  0.92658591E+00  0.18758282E-01
 1989  237    5   44    0    0  0.80140602E+05  0.10989993E+06 -0.13115749E+05  0.23507143E+02  0.50977449E+01 -0.74754791E+01  0.19022344E+05 -0.11842461E+06 -0.65474309E+05 -0.67518342E+00 -0.14184925E+02 -0.13367553E+02  0.14908486E+06  0.29180328E+06 -0.13594092E+06  0.55418211E+05 -0.23330486E+06 -0.26145105E+06 1989  237    5   44    0    0  0.91379225E+00 -0.37391573E+00  0.15865368E+00  0.15375184E+00 -0.43113105E-01 -0.98716855E+00  0.37595791E+00  0.92646015E+00  0.18093817E-01
 1989  237    5   45   36    0  0.82405633E+05  0.11037038E+06 -0.13833231E+05  0.23680161E+02  0.47032804E+01 -0.74720817E+01  0.18957293E+05 -0.11978493E+06 -0.66756773E+05 -0.67997414E+00 -0.14154880E+02 -0.13350876E+02  0.15248073E+06  0.29003450E+06 -0.13595952E+06  0.55038668E+05 -0.23347381E+06 -0.26138039E+06 1989  237    5   45   36    0  0.91264659E+00 -0.37680915E+00  0.15840250E+00  0.15324286E+00 -0.43843888E-01 -0.98721546E+00  0.37893680E+00  0.92525274E+00  0.17729357E-01
 1989  237    5   47   12    0  0.84687031E+05  0.11080288E+06 -0.14550386E+05  0.23847740E+02  0.43067274E+01 -0.74686389E+01  0.18891795E+05 -0.12114238E+06 -0.68037672E+05 -0.68456715E+00 -0.14125645E+02 -0.13334521E+02  0.15585570E+06  0.28822625E+06 -0.13597792E+06  0.54659051E+05 -0.23364247E+06 -0.26130936E+06 1989  237    5   47   12    0  0.61965811E+00 -0.76864558E+00  0.15877005E+00  0.11432862E+00 -0.11173352E+00 -0.98713964E+00  0.77650046E+00  0.62984097E+00  0.18641651E-01
 1989  237    5   48   48    0  0.86984250E+05  0.11119723E+06 -0.15267211E+05  0.24009848E+02  0.39081182E+01 -0.74651580E+01  0.18825863E+05 -0.12249705E+06 -0.69317008E+05 -0.68897277E+00 -0.14097189E+02 -0.13318480E+02  0.15920931E+06  0.28637881E+06 -0.13599609E+06  0.54279352E+05 -0.23381078E+06 -0.26123795E+06 1989  237    5   48   48    0  0.17180425E+00 -0.97230029E+00  0.15847892E+00  0.45956135E-01 -0.15278539E+00 -0.98719037E+00  0.98405868E+00  0.17688647E+00  0.18434137E-01
 1989  237    5   50   24    0  0.89296742E+05  0.11155320E+06 -0.15983700E+05  0.24166464E+02  0.35074906E+01 -0.74616442E+01  0.18759516E+05 -0.12384904E+06 -0.70594820E+05 -0.69320059E+00 -0.14069481E+02 -0.13302745E+02  0.16254108E+06  0.28449241E+06 -0.13601409E+06  0.53899574E+05 -0.23397875E+06 -0.26116620E+06 1989  237    5   50   24    0 -0.31862432E+00 -0.93451935E+00  0.15859458E+00 -0.34383118E-01 -0.15580988E+00 -0.98718846E+00  0.94725728E+00 -0.31999525E+00  0.17513156E-01
 1989  237    5   52    0    0  0.91624008E+05  0.11187061E+06 -0.16699848E+05  0.24317562E+02  0.31048863E+01 -0.74581037E+01  0.18692773E+05 -0.12519843E+06 -0.71871148E+05 -0.69725960E+00 -0.14042490E+02 -0.13287306E+02  0.16585055E+06  0.28256731E+06 -0.13603194E+06  0.53519723E+05 -0.23414641E+06 -0.26109403E+06 1989  237    5   52    0    0 -0.73011935E+00 -0.66473496E+00  0.15828213E+00 -0.10500109E+00 -0.11974490E+00 -0.98723650E+00  0.67520410E+00 -0.73742020E+00  0.17630100E-01
 1989  237    5   53   36    0  0.93965547E+05  0.11214927E+06 -0.17415658E+05  0.24463137E+02  0.27003281E+01 -0.74545555E+01  0.18625641E+05 -0.12654525E+06 -0.73146016E+05 -0.70118535E+00 -0.14016196E+02 -0.13272165E+02  0.16913725E+06  0.28060378E+06 -0.13604956E+06  0.53139801E+05 -0.23431372E+06 -0.26102150E+06 1989  237    5   53   36    0 -0.96015459E+00 -0.23009320E+00  0.15861993E+00 -0.15017554E+00 -0.53875148E-01 -0.98719049E+00  0.23569147E+00 -0.97167629E+00  0.17174423E-01
 1989  237    5   55   11 1000  0.96320766E+05  0.11238898E+06 -0.18131127E+05  0.24603132E+02  0.22938731E+01 -0.74509892E+01  0.18558139E+05 -0.12788955E+06 -0.74419406E+05 -0.70495802E+00 -0.13990566E+02 -0.13257307E+02  0.17240077E+06  0.27860206E+06 -0.13606697E+06  0.52759801E+05 -0.23448069E+06 -0.26094862E+06 1989  237    5   55   11 1000 -0.98730797E+00 -0.14803410E-02  0.15881047E+00 -0.15876058E+00 -0.17542183E-01 -0.98716140E+00  0.42472407E-02 -0.99984515E+00  0.17084777E-01
 1989  237    5   56   48    0  0.98689141E+05  0.11258960E+06 -0.18846248E+05  0.24737514E+02  0.18855789E+01 -0.74473958E+01  0.18490289E+05 -0.12923144E+06 -0.75691398E+05 -0.70855939E+00 -0.13965572E+02 -0.13242716E+02  0.17564069E+06  0.27656244E+06 -0.13608422E+06  0.52379723E+05 -0.23464733E+06 -0.26087538E+06 1989  237    5   56   48    0 -0.98724967E+00  0.19021109E-02  0.15916800E+00 -0.15917677E+00 -0.17513156E-01 -0.98709482E+00  0.90996921E-03 -0.99984485E+00  0.17592669E-01
 1989  237    5   58   24    0  0.10106389E+06  0.11277091E+06 -0.19561197E+05  0.24869137E+02  0.14763830E+01 -0.74437966E+01  0.18422270E+05 -0.13057219E+06 -0.76962711E+05 -0.71209115E+00 -0.13940888E+02 -0.13228259E+02  0.17886888E+06  0.27450425E+06 -0.13610141E+06  0.51999613E+05 -0.23481383E+06 -0.26080194E+06 1989  237    5   58   24    0  0.46943218E+00  0.86833215E+00  0.16010246E+00  0.63155055E-01  0.14783861E+00 -0.98699301E+00 -0.88070703E+00  0.47343752E+00  0.14560640E-01
 1989  237    6    0    0    0  0.10346329E+06  0.11287287E+06 -0.20275453E+05  0.24989386E+02  0.10636169E+01 -0.74401851E+01  0.18353586E+05 -0.13190819E+06 -0.78231258E+05 -0.71535528E+00 -0.13917412E+02 -0.13214334E+02  0.18204789E+06  0.27237069E+06 -0.13611812E+06  0.51619352E+05 -0.23497967E+06 -0.26072780E+06 1989  237    6    0    0    0 -0.98695701E+00 -0.96701831E-03  0.16098112E+00 -0.16095206E+00 -0.14001250E-01 -0.98686284E+00  0.32082498E-02 -0.99990153E+00  0.13662994E-01
 1989  237    6    1   36    0  0.10586798E+06  0.11295511E+06 -0.20989541E+05  0.25106829E+02  0.65004206E+00 -0.74365740E+01  0.18284758E+05 -0.13324314E+06 -0.79499188E+05 -0.71856254E+00 -0.13894200E+02 -0.13200527E+02  0.18521433E+06  0.27021906E+06 -0.13613478E+06  0.51239055E+05 -0.23514533E+06 -0.26065345E+06 1989  237    6    1   36    0 -0.98688573E+00 -0.27541444E-02  0.16139698E+00 -0.16134712E+00 -0.13305962E-01 -0.98680806E+00  0.48653707E-02 -0.99990773E+00  0.12687266E-01
 1989  237    6    3   11 1000  0.10828366E+06  0.11299760E+06 -0.21703279E+05  0.25218567E+02  0.23480579E+00 -0.74329629E+01  0.18215627E+05 -0.13457589E+06 -0.80765812E+05 -0.72165060E+00 -0.13871542E+02 -0.13186969E+02  0.18835538E+06  0.26803069E+06 -0.13615125E+06  0.50858684E+05 -0.23531067E+06 -0.26057873E+06 1989  237    6    3   11 1000 -0.98690218E+00 -0.30184463E-02  0.16129190E+00 -0.16124731E+00 -0.11581957E-01 -0.98684621E+00  0.48468336E-02 -0.99992847E+00  0.10943711E-01
 1989  237    6    4   48    0  0.11070977E+06  0.11300016E+06 -0.22416672E+05  0.25324581E+02 -0.18203826E+00 -0.74293547E+01  0.18146203E+05 -0.13590647E+06 -0.82031117E+05 -0.72462511E+00 -0.13849416E+02 -0.13173653E+02  0.19147062E+06  0.26580588E+06 -0.13616753E+06  0.50478246E+05 -0.23547567E+06 -0.26050364E+06 1989  237    6    4   48    0 -0.98695743E+00 -0.26417896E-02  0.16095954E+00 -0.16092864E+00 -0.93652606E-02 -0.98692179E+00  0.41146874E-02 -0.99995273E+00  0.88182688E-02
 1989  237    6    6   24    0  0.11314577E+06  0.11296262E+06 -0.23129717E+05  0.25424850E+02 -0.60043943E+00 -0.74257522E+01  0.18076500E+05 -0.13723498E+06 -0.83295133E+05 -0.72749114E+00 -0.13827803E+02 -0.13160573E+02  0.19455964E+06  0.26354491E+06 -0.13618361E+06  0.50097738E+05 -0.23564033E+06 -0.26042820E+06 1989  237    6    6   24    0 -0.98698831E+00 -0.36888346E-02  0.16074969E+00 -0.16071859E+00 -0.75765848E-02 -0.98697132E+00  0.48587322E-02 -0.99996459E+00  0.68854094E-02
 1989  237    6    8    0    0  0.11559115E+06  0.11288482E+06 -0.23842414E+05  0.25519352E+02 -0.10203434E+01 -0.74221568E+01  0.18006529E+05 -0.13856144E+06 -0.84557906E+05 -0.73025370E+00 -0.13806686E+02 -0.13147722E+02  0.19762205E+06  0.26124809E+06 -0.13619952E+06  0.49717156E+05 -0.23580467E+06 -0.26035239E+06 1989  237    6    8    0    0 -0.98697990E+00 -0.40417537E-02  0.16079313E+00 -0.16076919E+00 -0.56746602E-02 -0.98697585E+00  0.49015656E-02 -0.99997580E+00  0.49511194E-02
 1989  237    6    9   36    0  0.11804530E+06  0.11276665E+06 -0.24554770E+05  0.25608063E+02 -0.14416956E+01 -0.74185705E+01  0.17936297E+05 -0.13988589E+06 -0.85819492E+05 -0.73291743E+00 -0.13786049E+02 -0.13135097E+02  0.20065741E+06  0.25891577E+06 -0.13621523E+06  0.49336504E+05 -0.23596866E+06 -0.26027619E+06 1989  237    6    9   36    0 -0.98695636E+00 -0.35733357E-02  0.16094837E+00 -0.16093546E+00 -0.36419034E-02 -0.98695821E+00  0.41128695E-02 -0.99998689E+00  0.30191541E-02
 1989  237    6   11   11 1000  0.12050768E+06  0.11260798E+06 -0.25266779E+05  0.25690950E+02 -0.18644392E+01 -0.74149966E+01  0.17865812E+05 -0.14120838E+06 -0.87079891E+05 -0.73548675E+00 -0.13765876E+02 -0.13122689E+02  0.20366530E+06  0.25654823E+06 -0.13623077E+06  0.48955785E+05 -0.23613231E+06 -0.26019962E+06 1989  237    6   11   11 1000 -0.98695701E+00 -0.40812641E-02  0.16093245E+00 -0.16092332E+00 -0.24780631E-02 -0.98696381E+00  0.44268668E-02 -0.99998868E+00  0.17889738E-02
 1989  237    6   12   48    0  0.12297777E+06  0.11240866E+06 -0.25978445E+05  0.25768011E+02 -0.22885168E+01 -0.74114351E+01  0.17795086E+05 -0.14252892E+06 -0.88339070E+05 -0.73796582E+00 -0.13746150E+02 -0.13110495E+02  0.20664531E+06  0.25414578E+06 -0.13624608E+06  0.48574996E+05 -0.23629566E+06 -0.26012269E+06 1989  237    6   12   48    0 -0.98701537E+00 -0.40266067E-02  0.16057533E+00 -0.16057444E+00 -0.54627657E-03 -0.98702347E+00  0.40620640E-02 -0.99999166E+00 -0.10752678E-03
 1989  237    6   14   24    0  0.12545498E+06  0.11216854E+06 -0.26689777E+05  0.25839220E+02 -0.27138724E+01 -0.74078879E+01  0.17724125E+05 -0.14384764E+06 -0.89597102E+05 -0.74035853E+00 -0.13726856E+02 -0.13098509E+02  0.20959709E+06  0.25170878E+06 -0.13626120E+06  0.48194137E+05 -0.23645866E+06 -0.26004541E+06 1989  237    6   14   24    0 -0.98686850E+00 -0.40693209E-02  0.16147473E+00 -0.16148202E+00  0.15290976E-02 -0.98687458E+00  0.37690103E-02 -0.99999064E+00 -0.21660328E-02
 1989  237    6   16    0    0  0.12793873E+06  0.11188752E+06 -0.27400768E+05  0.25904547E+02 -0.31404443E+01 -0.74043565E+01  0.17652938E+05 -0.14516453E+06 -0.90854008E+05 -0.74266869E+00 -0.13707981E+02 -0.13086725E+02  0.21252020E+06  0.24923752E+06 -0.13627614E+06  0.47813207E+05 -0.23662131E+06 -0.25996775E+06 1989  237    6   16    0    0 -0.98705500E+00 -0.40148273E-02  0.16033179E+00 -0.16034633E+00  0.36051869E-02 -0.98705429E+00  0.33848435E-02 -0.99998558E+00 -0.42020679E-02
 1989  237    6   17   36    0  0.13042845E+06  0.11156554E+06 -0.28111414E+05  0.25963974E+02 -0.35681691E+01 -0.74008417E+01  0.17581533E+05 -0.14647961E+06 -0.92109781E+05 -0.74489975E+00 -0.13689512E+02 -0.13075140E+02  0.21541422E+06  0.24673239E+06 -0.13629086E+06  0.47432211E+05 -0.23678366E+06 -0.25988972E+06 1989  237    6   17   36    0 -0.98701882E+00 -0.44044554E-02  0.16054401E+00 -0.16056733E+00  0.55791736E-02 -0.98700923E+00  0.34515485E-02 -0.99997479E+00 -0.62138438E-02
 1989  237    6   19   12    0  0.13292362E+06  0.11120242E+06 -0.28821727E+05  0.26017481E+02 -0.39969885E+01 -0.73973460E+01  0.17509920E+05 -0.14779291E+06 -0.93364422E+05 -0.74705517E+00 -0.13671435E+02 -0.13063748E+02  0.21827875E+06  0.24419375E+06 -0.13630542E+06  0.47051152E+05 -0.23694566E+06 -0.25981133E+06 1989  237    6   19   12    0 -0.98701388E+00 -0.48672855E-02  0.16056129E+00 -0.16059500E+00  0.75849891E-02 -0.98699141E+00  0.35861358E-02 -0.99995953E+00 -0.82678795E-02
 1989  237    6   20   47 1000  0.13542362E+06  0.11079809E+06 -0.29531705E+05  0.26065062E+02 -0.44268398E+01 -0.73938689E+01  0.17438104E+05 -0.14910450E+06 -0.94617984E+05 -0.74913800E+00 -0.13653738E+02 -0.13052545E+02  0.22111347E+06  0.24162184E+06 -0.13631980E+06  0.46670023E+05 -0.23710730E+06 -0.25973258E+06 1989  237    6   20   47 1000 -0.98701227E+00 -0.54006651E-02  0.16055411E+00 -0.16059992E+00  0.95211267E-02 -0.98697382E+00  0.38016662E-02 -0.99994022E+00 -0.10264635E-01
 1989  237    6   22   24    0  0.13792791E+06  0.11035245E+06 -0.30241352E+05  0.26106689E+02 -0.48576598E+01 -0.73904119E+01  0.17366088E+05 -0.15041442E+06 -0.95870508E+05 -0.75115132E+00 -0.13636409E+02 -0.13041525E+02  0.22391794E+06  0.23901711E+06 -0.13633395E+06  0.46288832E+05 -0.23726864E+06 -0.25965345E+06 1989  237    6   22   24    0 -0.98688066E+00 -0.59428737E-02  0.16134229E+00 -0.16140151E+00  0.11397421E-01 -0.98682308E+00  0.40256828E-02 -0.99991745E+00 -0.12207031E-01
 1989  237    6   24    0    0  0.14043589E+06  0.10986539E+06 -0.30950662E+05  0.26142344E+02 -0.52893848E+01 -0.73869762E+01  0.17293883E+05 -0.15172272E+06 -0.97121969E+05 -0.75309807E+00 -0.13619437E+02 -0.13030685E+02  0.22669177E+06  0.23637988E+06 -0.13634791E+06  0.45907574E+05 -0.23742964E+06 -0.25957395E+06 1989  237    6   24    0    0 -0.98693603E+00 -0.64437687E-02  0.16098362E+00 -0.16105723E+00  0.13283491E-01 -0.98685575E+00  0.42206720E-02 -0.99989110E+00 -0.14147580E-01
 1989  237    6   25   35 1000  0.14294705E+06  0.10933688E+06 -0.31659646E+05  0.26172016E+02 -0.57219505E+01 -0.73835616E+01  0.17221494E+05 -0.15302939E+06 -0.98372398E+05 -0.75498086E+00 -0.13602810E+02 -0.13020021E+02  0.22943464E+06  0.23371048E+06 -0.13636169E+06  0.45526254E+05 -0.23759030E+06 -0.25949408E+06 1989  237    6   25   35 1000 -0.98699868E+00 -0.45762286E-02  0.16066352E+00 -0.16066369E+00 -0.33307076E-03 -0.98700923E+00  0.45703128E-02 -0.99998963E+00 -0.40626526E-03
 1989  237    6   27   12    0  0.14546075E+06  0.10876675E+06 -0.32368312E+05  0.26195684E+02 -0.61552935E+01 -0.73801718E+01  0.17148928E+05 -0.15433448E+06 -0.99621836E+05 -0.75680393E+00 -0.13586517E+02 -0.13009530E+02  0.23214614E+06  0.23100930E+06 -0.13637528E+06  0.45144859E+05 -0.23775064E+06 -0.25941384E+06 1989  237    6   27   12    0 -0.98695749E+00  0.10061339E-02  0.16097791E+00 -0.16097644E+00 -0.13745070E-01 -0.98686266E+00  0.12197345E-02 -0.99990505E+00  0.13727844E-01
 1989  237    6   28   47 1000  0.14797559E+06  0.10817612E+06 -0.33076824E+05  0.26216391E+02 -0.65890050E+01 -0.73767958E+01  0.17076270E+05 -0.15563881E+06 -0.10087078E+06 -0.75859910E+00 -0.13570388E+02 -0.12999125E+02  0.23484211E+06  0.22829252E+06 -0.13638878E+06  0.44763434E+05 -0.23791083E+06 -0.25933347E+06 1989  237    6   28   47 1000  0.46978492E+00  0.86780679E+00  0.16190583E+00  0.61863363E-01  0.15059030E+00 -0.98665881E+00 -0.88061064E+00  0.47353345E+00  0.17059624E-01
 1989  237    6   30   24    0  0.15049355E+06  0.10750158E+06 -0.33784664E+05  0.26224970E+02 -0.70240355E+01 -0.73734579E+01  0.17003283E+05 -0.15694003E+06 -0.10211770E+06 -0.76027423E+00 -0.13554899E+02 -0.12989045E+02  0.23747359E+06  0.22551311E+06 -0.13640191E+06  0.44381895E+05 -0.23807030E+06 -0.25925231E+06 1989  237    6   30   24    0 -0.98717135E+00 -0.14279634E-02  0.15965807E+00 -0.15962653E+00 -0.12969971E-01 -0.98709232E+00  0.34802929E-02 -0.99991488E+00  0.12575686E-01
 1989  237    6   32    0    0  0.15301145E+06  0.10680637E+06 -0.34492355E+05  0.26230549E+02 -0.74593010E+01 -0.73701353E+01  0.16930219E+05 -0.15824055E+06 -0.10336416E+06 -0.76192594E+00 -0.13539554E+02 -0.12979043E+02  0.24008883E+06  0.22271883E+06 -0.13641491E+06  0.44000316E+05 -0.23822959E+06 -0.25917097E+06 1989  237    6   32    0    0 -0.98707783E+00 -0.17735809E-02  0.16023186E+00 -0.16019125E+00 -0.14160156E-01 -0.98698443E+00  0.40194169E-02 -0.99989820E+00  0.13693154E-01
 1989  237    6   33   36    0  0.15552961E+06  0.10606934E+06 -0.35199727E+05  0.26230070E+02 -0.78950725E+01 -0.73668370E+01  0.16856994E+05 -0.15953961E+06 -0.10460969E+06 -0.76352543E+00 -0.13524506E+02 -0.12969196E+02  0.24267123E+06  0.21989427E+06 -0.13642772E+06  0.43618680E+05 -0.23838856E+06 -0.25908931E+06 1989  237    6   33   36    0 -0.98690140E+00 -0.77920407E-03  0.16132262E+00 -0.16129339E+00 -0.14877796E-01 -0.98679435E+00  0.31690523E-02 -0.99988908E+00  0.14557362E-01
 1989  237    6   35   12    0  0.15804745E+06  0.10529051E+06 -0.35906785E+05  0.26223534E+02 -0.83312817E+01 -0.73635626E+01  0.16783619E+05 -0.16083725E+06 -0.10585427E+06 -0.76507485E+00 -0.13509747E+02 -0.12959502E+02  0.24522050E+06  0.21703983E+06 -0.13644034E+06  0.43236980E+05 -0.23854722E+06 -0.25900728E+06 1989  237    6   35   12    0 -0.98680556E+00 -0.12014732E-02  0.16190539E+00 -0.16187239E+00 -0.14187634E-01 -0.98670983E+00  0.34825802E-02 -0.99989873E+00  0.13806164E-01
 1989  237    6   36   47 1000  0.16056434E+06  0.10446977E+06 -0.36613531E+05  0.26210915E+02 -0.87678595E+01 -0.73603129E+01  0.16710102E+05 -0.16213348E+06 -0.10709792E+06 -0.76657599E+00 -0.13495267E+02 -0.12949957E+02  0.24773625E+06  0.21415589E+06 -0.13645278E+06  0.42855219E+05 -0.23870553E+06 -0.25892483E+06 1989  237    6   36   47 1000 -0.98687792E+00 -0.15482232E-02  0.16146070E+00 -0.16142508E+00 -0.13625264E-01 -0.98679107E+00  0.37277415E-02 -0.99990606E+00  0.13196826E-01
 1989  237    6   38   24    0  0.16307973E+06  0.10360708E+06 -0.37319965E+05  0.26192202E+02 -0.92047358E+01 -0.73570886E+01  0.16636439E+05 -0.16342836E+06 -0.10834063E+06 -0.76803064E+00 -0.13481060E+02 -0.12940558E+02  0.25021816E+06  0.21124281E+06 -0.13646503E+06  0.42473395E+05 -0.23886350E+06 -0.25884205E+06 1989  237    6   38   24    0 -0.98699105E+00 -0.17946288E-02  0.16076502E+00 -0.16072860E+00 -0.13017416E-01 -0.98691285E+00  0.38638934E-02 -0.99991369E+00  0.12559712E-01
 1989  237    6   40    0    0  0.16559303E+06  0.10270246E+06 -0.38026090E+05  0.26167393E+02 -0.96418409E+01 -0.73538890E+01  0.16562643E+05 -0.16472188E+06 -0.10958247E+06 -0.76944077E+00 -0.13467118E+02 -0.12931301E+02  0.25266588E+06  0.20830102E+06 -0.13647706E+06  0.42091516E+05 -0.23902116E+06 -0.25875889E+06 1989  237    6   40    0    0 -0.98711872E+00 -0.16530380E-02  0.15998089E+00 -0.15994361E+00 -0.13734877E-01 -0.98703057E+00  0.38289130E-02 -0.99990433E+00  0.13293505E-01
 1989  237    6   41   36    0  0.16810367E+06  0.10175584E+06 -0.38731914E+05  0.26136478E+02 -0.10079105E+02 -0.73507152E+01  0.16488709E+05 -0.16601406E+06 -0.11082347E+06 -0.77080786E+00 -0.13453433E+02 -0.12922184E+02  0.25507908E+06  0.20533088E+06 -0.13648889E+06  0.41709570E+05 -0.23917845E+06 -0.25867536E+06 1989  237    6   41   36    0 -0.98708522E+00 -0.21537393E-02  0.16018143E+00 -0.16013533E+00 -0.14232218E-01 -0.98699248E+00  0.44054687E-02 -0.99989641E+00  0.13703585E-01
 1989  237    6   43   12    0  0.17061108E+06  0.10076724E+06 -0.39437434E+05  0.26099453E+02 -0.10516457E+02 -0.73475661E+01  0.16414646E+05 -0.16730494E+06 -0.11206356E+06 -0.77213353E+00 -0.13439999E+02 -0.12913203E+02  0.25745748E+06  0.20233286E+06 -0.13650058E+06  0.41327566E+05 -0.23933542E+06 -0.25859148E+06 1989  237    6   43   12    0 -0.98702008E+00 -0.24015531E-02  0.16057894E+00 -0.16052699E+00 -0.14744461E-01 -0.98692131E+00  0.47378018E-02 -0.99988848E+00  0.14167547E-01
 1989  237    6   44   47 1000  0.17311461E+06  0.99736688E+05 -0.40142648E+05  0.26056311E+02 -0.10953821E+02 -0.73444428E+01  0.16340461E+05 -0.16859455E+06 -0.11330278E+06 -0.77341938E+00 -0.13426807E+02 -0.12904355E+02  0.25980069E+06  0.19930734E+06 -0.13651208E+06  0.40945512E+05 -0.23949205E+06 -0.25850727E+06 1989  237    6   44   47 1000 -0.98694843E+00 -0.23248047E-02  0.16101959E+00 -0.16096714E+00 -0.15074968E-01 -0.98684472E+00  0.47215968E-02 -0.99988371E+00  0.14504135E-01
 1989  237    6   46   24    0  0.17561369E+06  0.98664133E+05 -0.40847566E+05  0.26007032E+02 -0.11391128E+02 -0.73413458E+01  0.16266151E+05 -0.16988292E+06 -0.11454118E+06 -0.77466679E+00 -0.13413853E+02 -0.12895637E+02  0.26210841E+06  0.19625470E+06 -0.13652333E+06  0.40563395E+05 -0.23964833E+06 -0.25842266E+06 1989  237    6   46   24    0 -0.98687524E+00 -0.22689477E-02  0.16146861E+00 -0.16141838E+00 -0.14763892E-01 -0.98677570E+00  0.46228617E-02 -0.99988854E+00  0.14203966E-01
 1989  237    6   48    0    0  0.17810775E+06  0.97549570E+05 -0.41552188E+05  0.25951622E+02 -0.11828305E+02 -0.73382735E+01  0.16191725E+05 -0.17117003E+06 -0.11577877E+06 -0.77587718E+00 -0.13401129E+02 -0.12887047E+02  0.26438034E+06  0.19317539E+06 -0.13653439E+06  0.40181223E+05 -0.23980427E+06 -0.25833769E+06 1989  237    6   48    0    0 -0.98682714E+00 -0.21650046E-02  0.16176385E+00 -0.16171288E+00 -0.15240192E-01 -0.98672032E+00  0.46015903E-02 -0.99988163E+00  0.14689505E-01
 1989  237    6   49   36    0  0.18059617E+06  0.96393078E+05 -0.42256516E+05  0.25890083E+02 -0.12265280E+02 -0.73352265E+01  0.16117185E+05 -0.17245594E+06 -0.11701551E+06 -0.77705193E+00 -0.13388628E+02 -0.12878581E+02  0.26661619E+06  0.19006983E+06 -0.13654530E+06  0.39798988E+05 -0.23995986E+06 -0.25825234E+06 1989  237    6   49   36    0 -0.98682767E+00 -0.20424575E-02  0.16176219E+00 -0.16171464E+00 -0.14876604E-01 -0.98672545E+00  0.44218153E-02 -0.99988723E+00  0.14350355E-01
 1989  237    6   51   11 1000  0.18307841E+06  0.95194648E+05 -0.42960551E+05  0.25822405E+02 -0.12701980E+02 -0.73322058E+01  0.16042534E+05 -0.17374064E+06 -0.11825144E+06 -0.77819216E+00 -0.13376348E+02 -0.12870237E+02  0.26881559E+06  0.18693842E+06 -0.13655602E+06  0.39416703E+05 -0.24011514E+06 -0.25816662E+06 1989  237    6   51   11 1000 -0.98684365E+00 -0.20864978E-02  0.16166398E+00 -0.16161659E+00 -0.14702320E-01 -0.98674411E+00  0.44356883E-02 -0.99988979E+00  0.14171720E-01
 1989  237    6   52   48    0  0.18555389E+06  0.93954312E+05 -0.43664297E+05  0.25748575E+02 -0.13138330E+02 -0.73292103E+01  0.15967773E+05 -0.17502419E+06 -0.11948659E+06 -0.77929926E+00 -0.13364279E+02 -0.12862014E+02  0.27097834E+06  0.18378158E+06 -0.13656652E+06  0.39034363E+05 -0.24027006E+06 -0.25808056E+06 1989  237    6   52   48    0 -0.98686039E+00 -0.18757731E-02  0.16156474E+00 -0.16152102E+00 -0.14538169E-01 -0.98676217E+00  0.41997880E-02 -0.99989265E+00  0.14044225E-01
 1989  237    6   54   24    0  0.18802197E+06  0.92672125E+05 -0.44367762E+05  0.25668606E+02 -0.13574259E+02 -0.73262405E+01  0.15892909E+05 -0.17630659E+06 -0.12072097E+06 -0.78037435E+00 -0.13352417E+02 -0.12853907E+02  0.27310406E+06  0.18059975E+06 -0.13657683E+06  0.38651965E+05 -0.24042466E+06 -0.25799411E+06 1989  237    6   54   24    0 -0.98686057E+00 -0.17098263E-02  0.16156510E+00 -0.16152453E+00 -0.14337718E-01 -0.98676461E+00  0.40036812E-02 -0.99989587E+00  0.13873339E-01
 1989  237    6   56    0    0  0.19048208E+06  0.91348094E+05 -0.45070941E+05  0.25582493E+02 -0.14009690E+02 -0.73232961E+01  0.15817942E+05 -0.17758788E+06 -0.12195456E+06 -0.78141850E+00 -0.13340757E+02 -0.12845914E+02  0.27519253E+06  0.17739341E+06 -0.13658695E+06  0.38269508E+05 -0.24057891E+06 -0.25790733E+06 1989  237    6   56    0    0 -0.98688400E+00 -0.17909333E-02  0.16142108E+00 -0.16137964E+00 -0.14281273E-01 -0.98678917E+00  0.40725842E-02 -0.99989647E+00  0.13805091E-01
 1989  237    6   57   36    0  0.19293364E+06  0.89982289E+05 -0.45773836E+05  0.25490238E+02 -0.14444550E+02 -0.73203773E+01  0.15742878E+05 -0.17886803E+06 -0.12318737E+06 -0.78243279E+00 -0.13329294E+02 -0.12838034E+02  0.27724341E+06  0.17416294E+06 -0.13659689E+06  0.37887004E+05 -0.24073281E+06 -0.25782017E+06 1989  237    6   57   36    0 -0.98690921E+00 -0.17281547E-02  0.16126759E+00 -0.16122675E+00 -0.14350712E-01 -0.98681313E+00  0.40196776E-02 -0.99989563E+00  0.13884306E-01
 1989  237    6   59   11 1000  0.19537600E+06  0.88574758E+05 -0.46476453E+05  0.25391844E+02 -0.14878763E+02 -0.73174844E+01  0.15667717E+05 -0.18014708E+06 -0.12441946E+06 -0.78341824E+00 -0.13318023E+02 -0.12830264E+02  0.27925644E+06  0.17090880E+06 -0.13660664E+06  0.37504445E+05 -0.24088641E+06 -0.25773264E+06 1989  237    6   59   11 1000 -0.98694164E+00 -0.16254857E-02  0.16107002E+00 -0.16103029E+00 -0.14430761E-01 -0.98684406E+00  0.39284751E-02 -0.99989462E+00  0.13980687E-01
 1989  237    7    0   48    0  0.19780866E+06  0.87125578E+05 -0.47178793E+05  0.25287298E+02 -0.15312255E+02 -0.73146157E+01  0.15592462E+05 -0.18142508E+06 -0.12565080E+06 -0.78437591E+00 -0.13306938E+02 -0.12822601E+02  0.28123134E+06  0.16763145E+06 -0.13661616E+06  0.37121832E+05 -0.24103966E+06 -0.25764477E+06 1989  237    7    0   48    0 -0.98696679E+00 -0.15109703E-02  0.16091692E+00 -0.16087852E+00 -0.14510632E-01 -0.98686773E+00  0.38261637E-02 -0.99989378E+00  0.14078796E-01
 1989  237    7    2   24    0  0.20023098E+06  0.85634805E+05 -0.47880859E+05  0.25176619E+02 -0.15744950E+02 -0.73117723E+01  0.15517116E+05 -0.18270200E+06 -0.12688138E+06 -0.78530663E+00 -0.13296035E+02 -0.12815043E+02  0.28316784E+06  0.16433131E+06 -0.13662550E+06  0.36739172E+05 -0.24119253E+06 -0.25755652E+06 1989  237    7    2   24    0 -0.98698986E+00 -0.16185120E-02  0.16077463E+00 -0.16073439E+00 -0.14603376E-01 -0.98688966E+00  0.39451569E-02 -0.99989218E+00  0.14153302E-01
 1989  237    7    4    0    0  0.20264238E+06  0.84102570E+05 -0.48582652E+05  0.25059814E+02 -0.16176771E+02 -0.73089538E+01  0.15441684E+05 -0.18397794E+06 -0.12811129E+06 -0.78621137E+00 -0.13285311E+02 -0.12807589E+02  0.28506572E+06  0.16100881E+06 -0.13663466E+06  0.36356453E+05 -0.24134508E+06 -0.25746791E+06 1989  237    7    4    0    0 -0.98700643E+00 -0.13772026E-02  0.16067505E+00 -0.16063783E+00 -0.14710128E-01 -0.98690391E+00  0.37227347E-02 -0.99989092E+00  0.14298022E-01
 1989  237    7    5   36    0  0.20504225E+06  0.82528922E+05 -0.49284176E+05  0.24936874E+02 -0.16607643E+02 -0.73061600E+01  0.15366165E+05 -0.18525283E+06 -0.12934047E+06 -0.78709096E+00 -0.13274760E+02 -0.12800236E+02  0.28692472E+06  0.15766444E+06 -0.13664362E+06  0.35973688E+05 -0.24149730E+06 -0.25737894E+06 1989  237    7    5   36    0 -0.98703837E+00 -0.15147477E-02  0.16047728E+00 -0.16043691E+00 -0.15018284E-01 -0.98693198E+00  0.39050579E-02 -0.99988616E+00  0.14580727E-01
 1989  237    7    7   11 1000  0.20743005E+06  0.80913922E+05 -0.49985438E+05  0.24807810E+02 -0.17037502E+02 -0.73033915E+01  0.15290562E+05 -0.18652670E+06 -0.13056894E+06 -0.78794628E+00 -0.13264379E+02 -0.12792982E+02  0.28874453E+06  0.15429864E+06 -0.13665241E+06  0.35590867E+05 -0.24164914E+06 -0.25728959E+06 1989  237    7    7   11 1000 -0.98707044E+00 -0.17263517E-02  0.16027808E+00 -0.16023424E+00 -0.15116274E-01 -0.98696339E+00  0.41266605E-02 -0.99988431E+00  0.14644325E-01
 1989  237    7    8   48    0  0.20980516E+06  0.79257734E+05 -0.50686434E+05  0.24672625E+02 -0.17466267E+02 -0.73006473E+01  0.15214880E+05 -0.18779958E+06 -0.13179672E+06 -0.78877807E+00 -0.13254162E+02 -0.12785825E+02  0.29052494E+06  0.15091184E+06 -0.13666100E+06  0.35207996E+05 -0.24180067E+06 -0.25719991E+06 1989  237    7    8   48    0 -0.98710203E+00 -0.16364753E-02  0.16008401E+00 -0.16004182E+00 -0.15039325E-01 -0.98699570E+00  0.40227547E-02 -0.99988556E+00  0.14583468E-01
 1989  237    7   10   24    0  0.21216698E+06  0.77560438E+05 -0.51387164E+05  0.24531336E+02 -0.17893856E+02 -0.72979269E+01  0.15139118E+05 -0.18907148E+06 -0.13302381E+06 -0.78958714E+00 -0.13244106E+02 -0.12778764E+02  0.29226569E+06  0.14750453E+06 -0.13666938E+06  0.34825078E+05 -0.24195189E+06 -0.25710984E+06 1989  237    7   10   24    0 -0.98707700E+00 -0.17023087E-02  0.16023761E+00 -0.16019486E+00 -0.14940500E-01 -0.98697227E+00  0.40741563E-02 -0.99988693E+00  0.14474690E-01
 1989  237    7   12    0    0  0.21451498E+06  0.75822133E+05 -0.52087637E+05  0.24383953E+02 -0.18320185E+02 -0.72952309E+01  0.15063279E+05 -0.19034244E+06 -0.13425023E+06 -0.79037416E+00 -0.13234208E+02 -0.12771795E+02  0.29396656E+06  0.14407720E+06 -0.13667756E+06  0.34442113E+05 -0.24210273E+06 -0.25701939E+06 1989  237    7   12    0    0 -0.98705363E+00 -0.17943308E-02  0.16038045E+00 -0.16033623E+00 -0.14968753E-01 -0.98694891E+00  0.41715950E-02 -0.99988633E+00  0.14487207E-01
 1989  237    7   13   36    0  0.21684853E+06  0.74042992E+05 -0.52787848E+05  0.24230473E+02 -0.18745193E+02 -0.72925587E+01  0.14987367E+05 -0.19161247E+06 -0.13547602E+06 -0.79113990E+00 -0.13224464E+02 -0.12764918E+02  0.29562731E+06  0.14063028E+06 -0.13668556E+06  0.34059094E+05 -0.24225323E+06 -0.25692858E+06 1989  237    7   13   36    0 -0.98702824E+00 -0.20323768E-02  0.16053368E+00 -0.16048554E+00 -0.15072107E-01 -0.98692322E+00  0.44254065E-02 -0.99988443E+00  0.14550626E-01
 1989  237    7   15   11 1000  0.21916705E+06  0.72223102E+05 -0.53487805E+05  0.24070913E+02 -0.19168804E+02 -0.72899108E+01  0.14911382E+05 -0.19288155E+06 -0.13670111E+06 -0.79188508E+00 -0.13214870E+02 -0.12758132E+02  0.29724775E+06  0.13716423E+06 -0.13669338E+06  0.33676031E+05 -0.24240341E+06 -0.25683742E+06 1989  237    7   15   11 1000 -0.98700422E+00 -0.23904741E-02  0.16067657E+00 -0.16062333E+00 -0.15049934E-01 -0.98690099E+00  0.47773272E-02 -0.99988383E+00  0.14470279E-01
 1989  237    7   16   48    0  0.22146992E+06  0.70362617E+05 -0.54187512E+05  0.23905289E+02 -0.19590935E+02 -0.72872872E+01  0.14835327E+05 -0.19414973E+06 -0.13792558E+06 -0.79261041E+00 -0.13205422E+02 -0.12751433E+02  0.29882762E+06  0.13367956E+06 -0.13670100E+06  0.33292922E+05 -0.24255322E+06 -0.25674592E+06 1989  237    7   16   48    0 -0.98696429E+00 -0.25249347E-02  0.16091961E+00 -0.16086313E+00 -0.15305340E-01 -0.98685801E+00  0.49546733E-02 -0.99987954E+00  0.14699519E-01
 1989  237    7   18   24    0  0.22375664E+06  0.68461695E+05 -0.54886965E+05  0.23733604E+02 -0.20011509E+02 -0.72846861E+01  0.14759201E+05 -0.19541702E+06 -0.13914941E+06 -0.79331630E+00 -0.13196118E+02 -0.12744821E+02  0.30036672E+06  0.13017675E+06 -0.13670839E+06  0.32909762E+05 -0.24270269E+06 -0.25665405E+06 1989  237    7   18   24    0 -0.98691702E+00 -0.19587353E-02  0.16121721E+00 -0.16117021E+00 -0.15034437E-01 -0.98681217E+00  0.43567121E-02 -0.99988514E+00  0.14522195E-01
 1989  237    7   20    0    0  0.22602659E+06  0.66520484E+05 -0.55586172E+05  0.23555880E+02 -0.20430452E+02 -0.72821083E+01  0.14683009E+05 -0.19668339E+06 -0.14037259E+06 -0.79400343E+00 -0.13186954E+02 -0.12738294E+02  0.30186484E+06  0.12665623E+06 -0.13671561E+06  0.32526555E+05 -0.24285184E+06 -0.25656180E+06 1989  237    7   20    0    0 -0.98686856E+00 -0.18075407E-02  0.16151537E+00 -0.16147132E+00 -0.14853895E-01 -0.98676568E+00  0.41827708E-02 -0.99988818E+00  0.14367223E-01
 1989  237    7   21   36    0  0.22827920E+06  0.64539133E+05 -0.56285137E+05  0.23372126E+02 -0.20847692E+02 -0.72795534E+01  0.14606752E+05 -0.19794892E+06 -0.14159516E+06 -0.79467249E+00 -0.13177927E+02 -0.12731849E+02  0.30332178E+06  0.12311846E+06 -0.13672267E+06  0.32143303E+05 -0.24300066E+06 -0.25646919E+06 1989  237    7   21   36    0 -0.98682845E+00 -0.12304634E-02  0.16176587E+00 -0.16173069E+00 -0.14694452E-01 -0.98672557E+00  0.35911873E-02 -0.99989128E+00  0.14301896E-01
 1989  237    7   23   12    0  0.23051388E+06  0.62517801E+05 -0.56983848E+05  0.23182354E+02 -0.21263153E+02 -0.72770214E+01  0.14530432E+05 -0.19921356E+06 -0.14281709E+06 -0.79532391E+00 -0.13169034E+02 -0.12725486E+02  0.30473731E+06  0.11956396E+06 -0.13672952E+06  0.31760008E+05 -0.24314909E+06 -0.25637625E+06 1989  237    7   23   12    0 -0.98686159E+00 -0.99629164E-03  0.16156489E+00 -0.16153334E+00 -0.14610946E-01 -0.98675919E+00  0.33437312E-02 -0.99989283E+00  0.14258325E-01
 1989  237    7   24   47 1000  0.23273002E+06  0.60456672E+05 -0.57682320E+05  0.22986586E+02 -0.21676752E+02 -0.72745128E+01  0.14454050E+05 -0.20047734E+06 -0.14403844E+06 -0.79595834E+00 -0.13160272E+02 -0.12719202E+02  0.30611128E+06  0.11599325E+06 -0.13673614E+06  0.31376668E+05 -0.24329719E+06 -0.25628291E+06 1989  237    7   24   47 1000 -0.98694152E+00 -0.17883331E-02  0.16106910E+00 -0.16102579E+00 -0.14748991E-01 -0.98684001E+00  0.41404068E-02 -0.99988961E+00  0.14268339E-01
 1989  237    7   26   24    0  0.23492709E+06  0.58355930E+05 -0.58380555E+05  0.22784843E+02 -0.22088411E+02 -0.72720261E+01  0.14377608E+05 -0.20174030E+06 -0.14525919E+06 -0.79657620E+00 -0.13151637E+02 -0.12712998E+02  0.30744350E+06  0.11240676E+06 -0.13674261E+06  0.30993281E+05 -0.24344495E+06 -0.25618922E+06 1989  237    7   26   24    0 -0.98703939E+00 -0.80496818E-03  0.16047627E+00 -0.16044769E+00 -0.14576256E-01 -0.98693681E+00  0.31336024E-02 -0.99989349E+00  0.14258206E-01
 1989  237    7   28    0    0  0.23710452E+06  0.56215766E+05 -0.59078551E+05  0.22577135E+02 -0.22498064E+02 -0.72695613E+01  0.14301108E+05 -0.20300245E+06 -0.14647933E+06 -0.79717803E+00 -0.13143127E+02 -0.12706871E+02  0.30873378E+06  0.10880499E+06 -0.13674889E+06  0.30609852E+05 -0.24359239E+06 -0.25609519E+06 1989  237    7   28    0    0 -0.98711878E+00 -0.10652691E-02  0.15998571E+00 -0.15995309E+00 -0.14687657E-01 -0.98701537E+00  0.34012645E-02 -0.99989164E+00  0.14328182E-01
 1989  237    7   29   35 1000  0.23926170E+06  0.54036375E+05 -0.59776309E+05  0.22363476E+02 -0.22905626E+02 -0.72671189E+01  0.14224551E+05 -0.20426380E+06 -0.14769889E+06 -0.79776430E+00 -0.13134741E+02 -0.12700819E+02  0.30998194E+06  0.10518845E+06 -0.13675495E+06  0.30226379E+05 -0.24373945E+06 -0.25600078E+06 1989  237    7   29   35 1000 -0.98706973E+00 -0.13688952E-02  0.16028579E+00 -0.16024826E+00 -0.14832318E-01 -0.98696542E+00  0.37284791E-02 -0.99988919E+00  0.14421344E-01
 1989  237    7   31   12    0  0.24139811E+06  0.51817961E+05 -0.60473836E+05  0.22143904E+02 -0.23311022E+02 -0.72646980E+01  0.14147939E+05 -0.20552434E+06 -0.14891789E+06 -0.79833555E+00 -0.13126473E+02 -0.12694841E+02  0.31118781E+06  0.10155760E+06 -0.13676083E+06  0.29842865E+05 -0.24388620E+06 -0.25590598E+06 1989  237    7   31   12    0 -0.98698193E+00 -0.16271770E-02  0.16082293E+00 -0.16078082E+00 -0.15033960E-01 -0.98687565E+00  0.40236264E-02 -0.99988568E+00  0.14576614E-01
 1989  237    7   32   47 1000  0.24351316E+06  0.49560719E+05 -0.61171137E+05  0.21918427E+02 -0.23714182E+02 -0.72622991E+01  0.14071272E+05 -0.20678409E+06 -0.15013633E+06 -0.79889214E+00 -0.13118324E+02 -0.12688937E+02  0.31235125E+06  0.97912945E+05 -0.13676652E+06  0.29459307E+05 -0.24403261E+06 -0.25581083E+06 1989  237    7   32   47 1000 -0.98693067E+00 -0.22593588E-02  0.16112965E+00 -0.16107795E+00 -0.15110910E-01 -0.98682612E+00  0.46644211E-02 -0.99988341E+00  0.14549732E-01
 1989  237    7   34   24    0  0.24560628E+06  0.47264891E+05 -0.61868203E+05  0.21687067E+02 -0.24115030E+02 -0.72599216E+01  0.13994551E+05 -0.20804306E+06 -0.15135417E+06 -0.79943454E+00 -0.13110289E+02 -0.12683105E+02  0.31347206E+06  0.94254992E+05 -0.13677202E+06  0.29075707E+05 -0.24417864E+06 -0.25571536E+06 1989  237    7   34   24    0 -0.98685086E+00 -0.24425462E-02  0.16161506E+00 -0.16156086E+00 -0.15070677E-01 -0.98674780E+00  0.48458427E-02 -0.99988359E+00  0.14478087E-01
 1989  237    7   36    0    0  0.24767689E+06  0.44930703E+05 -0.62565043E+05  0.21449856E+02 -0.24513489E+02 -0.72575660E+01  0.13917779E+05 -0.20930128E+06 -0.15257148E+06 -0.79996318E+00 -0.13102365E+02 -0.12677342E+02  0.31455016E+06  0.90584242E+05 -0.13677731E+06  0.28692066E+05 -0.24432436E+06 -0.25561952E+06 1989  237    7   36    0    0 -0.98682642E+00 -0.25055408E-02  0.16176328E+00 -0.16170880E+00 -0.14934897E-01 -0.98672551E+00  0.48881918E-02 -0.99988532E+00  0.14332950E-01
 1989  237    7   37   36    0  0.24972444E+06  0.42558383E+05 -0.63261656E+05  0.21206802E+02 -0.24909481E+02 -0.72552309E+01  0.13840958E+05 -0.21055872E+06 -0.15378823E+06 -0.80047840E+00 -0.13094553E+02 -0.12671649E+02  0.31558531E+06  0.86901180E+05 -0.13678241E+06  0.28308387E+05 -0.24446972E+06 -0.25552330E+06 1989  237    7   37   36    0 -0.98685920E+00 -0.24467483E-02  0.16156426E+00 -0.16151142E+00 -0.14779150E-01 -0.98676020E+00  0.48021302E-02 -0.99988776E+00  0.14189780E-01
 1989  237    7   39   12    0  0.25174839E+06  0.40148168E+05 -0.63958047E+05  0.20957941E+02 -0.25302933E+02 -0.72529163E+01  0.13764089E+05 -0.21181542E+06 -0.15500441E+06 -0.80098069E+00 -0.13086847E+02 -0.12666023E+02  0.31657738E+06  0.83206320E+05 -0.13678731E+06  0.27924668E+05 -0.24461472E+06 -0.25542672E+06 1989  237    7   39   12    0 -0.98691595E+00 -0.18874183E-02  0.16122453E+00 -0.16118103E+00 -0.14456511E-01 -0.98681897E+00  0.41932911E-02 -0.99989378E+00  0.13963103E-01
 1989  237    7   40   47 1000  0.25374819E+06  0.37700309E+05 -0.64654215E+05  0.20703299E+02 -0.25693768E+02 -0.72506232E+01  0.13687171E+05 -0.21307142E+06 -0.15622009E+06 -0.80147034E+00 -0.13079247E+02 -0.12660465E+02  0.31752634E+06  0.79500141E+05 -0.13679203E+06  0.27540910E+05 -0.24475938E+06 -0.25532978E+06 1989  237    7   40   47 1000 -0.98697352E+00 -0.19048378E-02  0.16087142E+00 -0.16082850E+00 -0.14269829E-01 -0.98687917E+00  0.41754469E-02 -0.99989641E+00  0.13777554E-01
 1989  237    7   42   24    0  0.25572325E+06  0.35215059E+05 -0.65350148E+05  0.20442904E+02 -0.26081907E+02 -0.72483501E+01  0.13610207E+05 -0.21432667E+06 -0.15743525E+06 -0.80194771E+00 -0.13071752E+02 -0.12654973E+02  0.31843200E+06  0.75783156E+05 -0.13679656E+06  0.27157111E+05 -0.24490369E+06 -0.25523247E+06 1989  237    7   42   24    0 -0.98702234E+00 -0.16918480E-02  0.16057405E+00 -0.16053504E+00 -0.14028370E-01 -0.98693043E+00  0.39223209E-02 -0.99990016E+00  0.13574660E-01
 1989  237    7   44    0    0  0.25767303E+06  0.32692676E+05 -0.66045867E+05  0.20176779E+02 -0.26467287E+02 -0.72460971E+01  0.13533199E+05 -0.21558119E+06 -0.15864988E+06 -0.80241317E+00 -0.13064356E+02 -0.12649545E+02  0.31929419E+06  0.72055898E+05 -0.13680091E+06  0.26773273E+05 -0.24504766E+06 -0.25513481E+06 1989  237    7   44    0    0 -0.98710215E+00 -0.14903918E-02  0.16008475E+00 -0.16004963E+00 -0.13731480E-01 -0.98701346E+00  0.36692396E-02 -0.99990463E+00  0.13315797E-01
 1989  237    7   45   36    0  0.25959700E+06  0.30133422E+05 -0.66741398E+05  0.19904945E+02 -0.26849829E+02 -0.72438655E+01  0.13456146E+05 -0.21683503E+06 -0.15986397E+06 -0.80286711E+00 -0.13057059E+02 -0.12644180E+02  0.32011284E+06  0.68318836E+05 -0.13680506E+06  0.26389396E+05 -0.24519131E+06 -0.25503681E+06 1989  237    7   45   36    0 -0.98706985E+00 -0.17725900E-02  0.16028091E+00 -0.16024175E+00 -0.13802648E-01 -0.98698127E+00  0.39618164E-02 -0.99990314E+00  0.13340116E-01
 1989  237    7   47   12    0  0.26149462E+06  0.27537582E+05 -0.67436711E+05  0.19627445E+02 -0.27229446E+02 -0.72416530E+01  0.13379047E+05 -0.21808816E+06 -0.16107756E+06 -0.80330992E+00 -0.13049859E+02 -0.12638878E+02  0.32088788E+06  0.64572488E+05 -0.13680900E+06  0.26005484E+05 -0.24533458E+06 -0.25493844E+06 1989  237    7   47   12    0 -0.98703754E+00 -0.18692538E-02  0.16047835E+00 -0.16043723E+00 -0.13963044E-01 -0.98694730E+00  0.40856227E-02 -0.99990076E+00  0.13482273E-01
 1989  237    7   48   48    0  0.26336534E+06  0.24905455E+05 -0.68131805E+05  0.19344307E+02 -0.27606081E+02 -0.72394595E+01  0.13301908E+05 -0.21934059E+06 -0.16229066E+06 -0.80374163E+00 -0.13042755E+02 -0.12633636E+02  0.32161909E+06  0.60817379E+05 -0.13681275E+06  0.25621537E+05 -0.24547752E+06 -0.25483967E+06 1989  237    7   48   48    0 -0.98700494E+00 -0.18309578E-02  0.16067953E+00 -0.16063842E+00 -0.14079571E-01 -0.98691308E+00  0.40693134E-02 -0.99989933E+00  0.13602734E-01
 1989  237    7   50   24    0  0.26520856E+06  0.22237318E+05 -0.68826680E+05  0.19055561E+02 -0.27979652E+02 -0.72372866E+01  0.13224730E+05 -0.22059238E+06 -0.16350320E+06 -0.80416268E+00 -0.13035744E+02 -0.12628455E+02  0.32230647E+06  0.57054004E+05 -0.13681634E+06  0.25237553E+05 -0.24562011E+06 -0.25474058E+06 1989  237    7   50   24    0 -0.98695588E+00 -0.22029951E-02  0.16097569E+00 -0.16092795E+00 -0.14431894E-01 -0.98686075E+00  0.44972599E-02 -0.99989361E+00  0.13889492E-01
 1989  237    7   52    0    0  0.26702381E+06  0.19533469E+05 -0.69521336E+05  0.18761232E+02 -0.28350082E+02 -0.72351322E+01  0.13147512E+05 -0.22184347E+06 -0.16471530E+06 -0.80457348E+00 -0.13028825E+02 -0.12623334E+02  0.32294991E+06  0.53282879E+05 -0.13681972E+06  0.24853533E+05 -0.24576236E+06 -0.25464114E+06 1989  237    7   52    0    0 -0.98689038E+00 -0.24867654E-02  0.16137287E+00 -0.16131912E+00 -0.14850855E-01 -0.98679060E+00  0.48504546E-02 -0.99988675E+00  0.14255106E-01
 1989  237    7   53   36    0  0.26881053E+06  0.16794211E+05 -0.70215805E+05  0.18461357E+02 -0.28717308E+02 -0.72329969E+01  0.13070253E+05 -0.22309389E+06 -0.16592689E+06 -0.80497414E+00 -0.13021996E+02 -0.12618271E+02  0.32354928E+06  0.49504516E+05 -0.13682286E+06  0.24469479E+05 -0.24590427E+06 -0.25454133E+06 1989  237    7   53   36    0 -0.98683327E+00 -0.23987070E-02  0.16172294E+00 -0.16166866E+00 -0.15216649E-01 -0.98672789E+00  0.48277751E-02 -0.99988151E+00  0.14628828E-01
 1989  237    7   55   11 1000  0.27056822E+06  0.14019857E+05 -0.70910078E+05  0.18155979E+02 -0.29081251E+02 -0.72308807E+01  0.12992956E+05 -0.22434367E+06 -0.16713798E+06 -0.80536509E+00 -0.13015253E+02 -0.12613265E+02  0.32410456E+06  0.45719430E+05 -0.13682583E+06  0.24085389E+05 -0.24604580E+06 -0.25444114E+06 1989  237    7   55   11 1000 -0.98682654E+00 -0.23858100E-02  0.16176422E+00 -0.16170986E+00 -0.15270948E-01 -0.98672020E+00  0.48244298E-02 -0.99988061E+00  0.14684021E-01
 1989  237    7   56   48    0  0.27229631E+06  0.11210726E+05 -0.71604141E+05  0.17845125E+02 -0.29441837E+02 -0.72287836E+01  0.12915622E+05 -0.22559283E+06 -0.16834864E+06 -0.80574656E+00 -0.13008596E+02 -0.12608315E+02  0.32461559E+06  0.41928137E+05 -0.13682861E+06  0.23701266E+05 -0.24618700E+06 -0.25434061E+06 1989  237    7   56   48    0 -0.98686653E+00 -0.24108216E-02  0.16151980E+00 -0.16146713E+00 -0.14851153E-01 -0.98676634E+00  0.47776774E-02 -0.99988681E+00  0.14266849E-01
 1989  237    7   58   24    0  0.27399431E+06  0.83671240E+04 -0.72297984E+05  0.17528831E+02 -0.29798998E+02 -0.72267046E+01  0.12838252E+05 -0.22684136E+06 -0.16955883E+06 -0.80611867E+00 -0.13002026E+02 -0.12603420E+02  0.32508238E+06  0.38131125E+05 -0.13683123E+06  0.23317105E+05 -0.24632788E+06 -0.25423972E+06 1989  237    7   58   24    0 -0.98692369E+00 -0.23478419E-02  0.16117117E+00 -0.16112074E+00 -0.14572501E-01 -0.98682708E+00  0.46655834E-02 -0.99989104E+00  0.14003634E-01
 1989  237    8    0    0    0  0.27566169E+06  0.54894038E+04 -0.72991680E+05  0.17207134E+02 -0.30152666E+02 -0.72246442E+01  0.12760847E+05 -0.22808923E+06 -0.17076852E+06 -0.80648184E+00 -0.12995538E+02 -0.12598580E+02  0.32550484E+06  0.34328938E+05 -0.13683364E+06  0.22932914E+05 -0.24646838E+06 -0.25413847E+06 1989  237    8    0    0    0 -0.98695654E+00 -0.22677183E-02  0.16097099E+00 -0.16092229E+00 -0.14440179E-01 -0.98686159E+00  0.45623854E-02 -0.99989331E+00  0.13887107E-01
 1989  237    8    1   36    0  0.27729788E+06  0.25779194E+04 -0.73685141E+05  0.16880075E+02 -0.30502760E+02 -0.72226024E+01  0.12683407E+05 -0.22933648E+06 -0.17197773E+06 -0.80683625E+00 -0.12989130E+02 -0.12593795E+02  0.32588291E+06  0.30522111E+05 -0.13683583E+06  0.22548691E+05 -0.24660853E+06 -0.25403684E+06 1989  237    8    1   36    0 -0.98698103E+00 -0.26659667E-02  0.16081467E+00 -0.16076012E+00 -0.14514506E-01 -0.98688680E+00  0.49651638E-02 -0.99989116E+00  0.13897121E-01
 1989  237    8    3   11 1000  0.27890247E+06 -0.36700098E+03 -0.74378391E+05  0.16547693E+02 -0.30849207E+02 -0.72205782E+01  0.12605935E+05 -0.23058312E+06 -0.17318650E+06 -0.80718213E+00 -0.12982802E+02 -0.12589062E+02  0.32621656E+06  0.26711145E+05 -0.13683786E+06  0.22164438E+05 -0.24674834E+06 -0.25393488E+06 1989  237    8    3   11 1000 -0.98702055E+00 -0.23066849E-02  0.16057742E+00 -0.16052830E+00 -0.14422536E-01 -0.98692584E+00  0.45924559E-02 -0.99989331E+00  0.13865054E-01
 1989  237    8    4   48    0  0.28047488E+06 -0.33450012E+04 -0.75071484E+05  0.16210022E+02 -0.31191944E+02 -0.72185721E+01  0.12528431E+05 -0.23182919E+06 -0.17439484E+06 -0.80751967E+00 -0.12976553E+02 -0.12584381E+02  0.32650569E+06  0.22896543E+05 -0.13683970E+06  0.21780154E+05 -0.24688781E+06 -0.25383256E+06 1989  237    8    4   48    0 -0.98702013E+00 -0.24203360E-02  0.16057824E+00 -0.16052684E+00 -0.14572263E-01 -0.98692393E+00  0.47286898E-02 -0.99989092E+00  0.13994634E-01
 1989  237    8    6   24    0  0.28201466E+06 -0.63557246E+04 -0.75764391E+05  0.15867114E+02 -0.31530897E+02 -0.72165842E+01  0.12450893E+05 -0.23307466E+06 -0.17560272E+06 -0.80784917E+00 -0.12970381E+02 -0.12579751E+02  0.32675031E+06  0.19078834E+05 -0.13684133E+06  0.21395840E+05 -0.24702694E+06 -0.25372986E+06 1989  237    8    6   24    0 -0.98698771E+00 -0.24818704E-02  0.16077667E+00 -0.16072190E+00 -0.15088618E-01 -0.98688442E+00  0.48752278E-02 -0.99988317E+00  0.14493465E-01
 1989  237    8    8    0    0  0.28352122E+06 -0.93988037E+04 -0.76457078E+05  0.15518999E+02 -0.31865997E+02 -0.72146144E+01  0.12373322E+05 -0.23431952E+06 -0.17681016E+06 -0.80817074E+00 -0.12964284E+02 -0.12575172E+02  0.32695038E+06  0.15258541E+05 -0.13684277E+06  0.21011492E+05 -0.24716570E+06 -0.25362680E+06 1989  237    8    8    0    0 -0.98697114E+00 -0.24389550E-02  0.16087899E+00 -0.16082421E+00 -0.15213192E-01 -0.98686588E+00  0.48544109E-02 -0.99988139E+00  0.14622867E-01
 1989  237    8    9   36    0  0.28499412E+06 -0.12473864E+05 -0.77149578E+05  0.15165722E+02 -0.32197174E+02 -0.72126613E+01  0.12295723E+05 -0.23556380E+06 -0.17801716E+06 -0.80848461E+00 -0.12958261E+02 -0.12570644E+02  0.32710588E+06  0.11436179E+05 -0.13684402E+06  0.20627117E+05 -0.24730414E+06 -0.25352339E+06 1989  237    8    9   36    0 -0.98689085E+00 -0.22001043E-02  0.16137408E+00 -0.16132352E+00 -0.15052080E-01 -0.98678678E+00  0.46000630E-02 -0.99988431E+00  0.14499962E-01
 1989  237    8   11   11 1000  0.28643288E+06 -0.15580544E+05 -0.77841922E+05  0.14807325E+02 -0.32524357E+02 -0.72107258E+01  0.12218093E+05 -0.23680748E+06 -0.17922372E+06 -0.80879104E+00 -0.12952311E+02 -0.12566164E+02  0.32721675E+06  0.76122466E+04 -0.13684503E+06  0.20242709E+05 -0.24744220E+06 -0.25341964E+06 1989  237    8   11   11 1000 -0.98681039E+00 -0.24878830E-02  0.16186121E+00 -0.16180775E+00 -0.14782071E-01 -0.98671162E+00  0.48474818E-02 -0.99988776E+00  0.14184713E-01
 1989  237    8   12   48    0  0.28783697E+06 -0.18718438E+05 -0.78534047E+05  0.14443854E+02 -0.32847481E+02 -0.72088075E+01  0.12140435E+05 -0.23805061E+06 -0.18042988E+06 -0.80909026E+00 -0.12946430E+02 -0.12561732E+02  0.32728300E+06  0.37872886E+04 -0.13684591E+06  0.19858273E+05 -0.24757992E+06 -0.25331555E+06 1989  237    8   12   48    0 -0.98685944E+00 -0.25266930E-02  0.16156162E+00 -0.16150907E+00 -0.14485776E-01 -0.98676491E+00  0.48335940E-02 -0.99989188E+00  0.13887346E-01
 1989  237    8   14   24    0  0.28920591E+06 -0.21887137E+05 -0.79225984E+05  0.14075359E+02 -0.33166473E+02 -0.72069073E+01  0.12062748E+05 -0.23929320E+06 -0.18163559E+06 -0.80938238E+00 -0.12940620E+02 -0.12557349E+02  0.32730462E+06 -0.38161621E+02 -0.13684659E+06  0.19473812E+05 -0.24771730E+06 -0.25321108E+06 1989  237    8   14   24    0 -0.98692459E+00 -0.22985935E-02  0.16116604E+00 -0.16111828E+00 -0.14138341E-01 -0.98683387E+00  0.45469552E-02 -0.99989742E+00  0.13583124E-01
 1989  237    8   16    0    0  0.29053925E+06 -0.25086258E+05 -0.79917766E+05  0.13701880E+02 -0.33481266E+02 -0.72050238E+01  0.11985035E+05 -0.24053523E+06 -0.18284088E+06 -0.80966765E+00 -0.12934879E+02 -0.12553013E+02  0.32728162E+06 -0.38636021E+04 -0.13684706E+06  0.19089324E+05 -0.24785433E+06 -0.25310622E+06 1989  237    8   16    0    0 -0.98701274E+00 -0.21849424E-02  0.16062713E+00 -0.16058239E+00 -0.13812482E-01 -0.98692584E+00  0.43750405E-02 -0.99990225E+00  0.13282239E-01
 1989  237    8   17   36    0  0.29183650E+06 -0.28315396E+05 -0.80609359E+05  0.13323466E+02 -0.33791798E+02 -0.72031565E+01  0.11907293E+05 -0.24177670E+06 -0.18404573E+06 -0.80994606E+00 -0.12929206E+02 -0.12548722E+02  0.32721403E+06 -0.76885132E+04 -0.13684734E+06  0.18704809E+05 -0.24799102E+06 -0.25300103E+06 1989  237    8   17   36    0 -0.98708606E+00 -0.20020679E-02  0.16017827E+00 -0.16013741E+00 -0.13474762E-01 -0.98700285E+00  0.41344240E-02 -0.99990720E+00  0.12980282E-01
 1989  237    8   19   12    0  0.29309722E+06 -0.31574139E+05 -0.81300766E+05  0.12940166E+02 -0.34098003E+02 -0.72013063E+01  0.11829523E+05 -0.24301762E+06 -0.18525020E+06 -0.81021792E+00 -0.12923599E+02 -0.12544477E+02  0.32710175E+06 -0.11512377E+05 -0.13684744E+06  0.18320266E+05 -0.24812731E+06 -0.25289550E+06 1989  237    8   19   12    0 -0.98709297E+00 -0.19101948E-02  0.16013689E+00 -0.16009730E+00 -0.13460398E-01 -0.98700947E+00  0.40408745E-02 -0.99990749E+00  0.12980759E-01
 1989  237    8   20   47 1000  0.29432088E+06 -0.34862066E+05 -0.81992008E+05  0.12552025E+02 -0.34399803E+02 -0.71994729E+01  0.11751730E+05 -0.24425803E+06 -0.18645427E+06 -0.81048346E+00 -0.12918056E+02 -0.12540277E+02  0.32694491E+06 -0.15334666E+05 -0.13684731E+06  0.17935699E+05 -0.24826328E+06 -0.25278959E+06 1989  237    8   20   47 1000 -0.98705345E+00 -0.17905980E-02  0.16038179E+00 -0.16034263E+00 -0.13740599E-01 -0.98696566E+00  0.39709881E-02 -0.99990392E+00  0.13275445E-01
 1989  237    8   22   24    0  0.29550706E+06 -0.38178750E+05 -0.82683070E+05  0.12159094E+02 -0.34697132E+02 -0.71976557E+01  0.11673911E+05 -0.24549791E+06 -0.18765795E+06 -0.81074268E+00 -0.12912577E+02 -0.12536121E+02  0.32674347E+06 -0.19154867E+05 -0.13684700E+06  0.17551105E+05 -0.24839891E+06 -0.25268331E+06 1989  237    8   22   24    0 -0.98700511E+00 -0.17931163E-02  0.16067874E+00 -0.16063845E+00 -0.14003515E-01 -0.98691404E+00  0.40197298E-02 -0.99990046E+00  0.13533592E-01
 1989  237    8   24    0    0  0.29665528E+06 -0.41523785E+05 -0.83373953E+05  0.11761422E+02 -0.34989948E+02 -0.71958551E+01  0.11596067E+05 -0.24673725E+06 -0.18886123E+06 -0.81099594E+00 -0.12907161E+02 -0.12532010E+02  0.32649750E+06 -0.22972482E+05 -0.13684653E+06  0.17166484E+05 -0.24853416E+06 -0.25257672E+06 1989  237    8   24    0    0 -0.98697263E+00 -0.17827377E-02  0.16087842E+00 -0.16083704E+00 -0.14305830E-01 -0.98687738E+00  0.40608644E-02 -0.99989611E+00  0.13832867E-01
 1989  237    8   25   35 1000  0.29776509E+06 -0.44896703E+05 -0.84064672E+05  0.11359062E+02 -0.35278160E+02 -0.71940708E+01  0.11518199E+05 -0.24797606E+06 -0.19006411E+06 -0.81124324E+00 -0.12901806E+02 -0.12527942E+02  0.32620697E+06 -0.26786967E+05 -0.13684584E+06  0.16781840E+05 -0.24866906E+06 -0.25246973E+06 1989  237    8   25   35 1000 -0.98692483E+00 -0.14478043E-02  0.16117463E+00 -0.16113719E+00 -0.14485598E-01 -0.98682576E+00  0.37634522E-02 -0.99989408E+00  0.14063060E-01
 1989  237    8   27   12    0  0.29883609E+06 -0.48297051E+05 -0.84755234E+05  0.10952068E+02 -0.35561710E+02 -0.71923032E+01  0.11440309E+05 -0.24921441E+06 -0.19126661E+06 -0.81148475E+00 -0.12896511E+02 -0.12523915E+02  0.32587197E+06 -0.30597787E+05 -0.13684497E+06  0.16397174E+05 -0.24880366E+06 -0.25236239E+06 1989  237    8   27   12    0 -0.98687625E+00 -0.14060214E-02  0.16147219E+00 -0.16143396E+00 -0.14841080E-01 -0.98677188E+00  0.37838444E-02 -0.99988884E+00  0.14419198E-01
 1989  237    8   28   47 1000  0.29986778E+06 -0.51724395E+05 -0.85445602E+05  0.10540490E+02 -0.35840546E+02 -0.71905513E+01  0.11362396E+05 -0.25045225E+06 -0.19246870E+06 -0.81172067E+00 -0.12891275E+02 -0.12519933E+02  0.32549253E+06 -0.34404438E+05 -0.13684389E+06  0.16012485E+05 -0.24893789E+06 -0.25225473E+06 1989  237    8   28   47 1000 -0.98683691E+00 -0.10541901E-02  0.16171512E+00 -0.16168135E+00 -0.15015543E-01 -0.98672879E+00  0.34684539E-02 -0.99988681E+00  0.14647603E-01
 1989  237    8   30   24    0  0.30085969E+06 -0.55178273E+05 -0.86135789E+05  0.10124383E+02 -0.36114590E+02 -0.71888156E+01  0.11284461E+05 -0.25168956E+06 -0.19367042E+06 -0.81195122E+00 -0.12886097E+02 -0.12515990E+02  0.32506875E+06 -0.38206406E+05 -0.13684261E+06  0.15627773E+05 -0.24907177E+06 -0.25214670E+06 1989  237    8   30   24    0 -0.98683727E+00 -0.91022998E-03  0.16171382E+00 -0.16168261E+00 -0.14886498E-01 -0.98673058E+00  0.33055171E-02 -0.99988878E+00  0.14543474E-01
 1989  237    8   32    0    0  0.30181150E+06 -0.58658230E+05 -0.86825852E+05  0.97038002E+01 -0.36383785E+02 -0.71870961E+01  0.11206502E+05 -0.25292636E+06 -0.19487177E+06 -0.81217641E+00 -0.12880977E+02 -0.12512089E+02  0.32460056E+06 -0.42003188E+05 -0.13684114E+06  0.15243039E+05 -0.24920527E+06 -0.25203830E+06 1989  237    8   32    0    0 -0.98695523E+00 -0.18345267E-02  0.16098443E+00 -0.16094293E+00 -0.14160097E-01 -0.98686224E+00  0.40899888E-02 -0.99989808E+00  0.13680279E-01
 1989  237    8   33   36    0  0.30272269E+06 -0.62163797E+05 -0.87515758E+05  0.92787962E+01 -0.36648071E+02 -0.71853933E+01  0.11128522E+05 -0.25416267E+06 -0.19607272E+06 -0.81239647E+00 -0.12875911E+02 -0.12508229E+02  0.32408816E+06 -0.45794250E+05 -0.13683948E+06  0.14858283E+05 -0.24933842E+06 -0.25192953E+06 1989  237    8   33   36    0 -0.98682791E+00 -0.18721372E-02  0.16176277E+00 -0.16171844E+00 -0.14695883E-01 -0.98672760E+00  0.42245463E-02 -0.99989027E+00  0.14199734E-01
 1989  237    8   35   12    0  0.30359288E+06 -0.65694484E+05 -0.88205477E+05  0.88494291E+01 -0.36907379E+02 -0.71837058E+01  0.11050522E+05 -0.25539852E+06 -0.19727334E+06 -0.81261146E+00 -0.12870900E+02 -0.12504409E+02  0.32353153E+06 -0.49579082E+05 -0.13683764E+06  0.14473508E+05 -0.24947123E+06 -0.25182044E+06 1989  237    8   35   12    0 -0.98666233E+00 -0.43321103E-02  0.16272280E+00 -0.16271567E+00 -0.19503236E-02 -0.98667109E+00  0.45917332E-02 -0.99998873E+00  0.12194514E-02
 1989  237    8   36   47 1000  0.30442166E+06 -0.69249844E+05 -0.88895008E+05  0.84157524E+01 -0.37161663E+02 -0.71820340E+01  0.10972501E+05 -0.25663389E+06 -0.19847359E+06 -0.81282163E+00 -0.12865944E+02 -0.12500628E+02  0.32293081E+06 -0.53357191E+05 -0.13683561E+06  0.14088711E+05 -0.24960370E+06 -0.25171097E+06 1989  237    8   36   47 1000 -0.98626071E+00 -0.85434392E-02  0.16497535E+00 -0.16511928E+00  0.20470202E-01 -0.98606116E+00  0.50472692E-02 -0.99975407E+00 -0.21599591E-01
 1989  237    8   38   24    0  0.30520859E+06 -0.72829383E+05 -0.89584383E+05  0.79778256E+01 -0.37410847E+02 -0.71803780E+01  0.10894459E+05 -0.25786880E+06 -0.19967348E+06 -0.81302708E+00 -0.12861040E+02 -0.12496885E+02  0.32228603E+06 -0.57128039E+05 -0.13683339E+06  0.13703892E+05 -0.24973583E+06 -0.25160112E+06 1989  237    8   38   24    0 -0.98570877E+00 -0.12668565E-01  0.16798156E+00 -0.16838542E+00  0.44710100E-01 -0.98470676E+00  0.49643591E-02 -0.99891979E+00 -0.46204269E-01
 1989  237    8   40    0    0  0.30595325E+06 -0.76432586E+05 -0.90273633E+05  0.75357103E+01 -0.37654881E+02 -0.71787386E+01  0.10816398E+05 -0.25910323E+06 -0.20087302E+06 -0.81322795E+00 -0.12856188E+02 -0.12493181E+02  0.32159734E+06 -0.60891105E+05 -0.13683098E+06  0.13319056E+05 -0.24986756E+06 -0.25149097E+06 1989  237    8   40    0    0 -0.98520339E+00 -0.17107867E-01  0.17053330E+00 -0.17132132E+00  0.70282936E-01 -0.98270518E+00  0.48264414E-02 -0.99738050E+00 -0.72173715E-01
 1989  237    8   41   36    0  0.30665528E+06 -0.80058938E+05 -0.90962727E+05  0.70894628E+01 -0.37893703E+02 -0.71771140E+01  0.10738320E+05 -0.26033720E+06 -0.20207219E+06 -0.81342435E+00 -0.12851385E+02 -0.12489516E+02  0.32086478E+06 -0.64645875E+05 -0.13682836E+06  0.12934202E+05 -0.24999897E+06 -0.25138047E+06 1989  237    8   41   36    0 -0.98482692E+00 -0.21757387E-01  0.17217042E+00 -0.17347801E+00  0.96967399E-01 -0.98005253E+00  0.46284869E-02 -0.99504989E+00 -0.99270344E-01
 1989  237    8   43   12    0  0.30731431E+06 -0.83707984E+05 -0.91651664E+05  0.66391435E+01 -0.38127243E+02 -0.71755052E+01  0.10660223E+05 -0.26157070E+06 -0.20327100E+06 -0.81361645E+00 -0.12846633E+02 -0.12485888E+02  0.32008847E+06 -0.68391836E+05 -0.13682555E+06  0.12549329E+05 -0.25013003E+06 -0.25126958E+06 1989  237    8   43   12    0 -0.98430055E+00 -0.26688434E-01  0.17447092E+00 -0.17644796E+00  0.12470895E+00 -0.97637802E+00  0.42999387E-02 -0.99183440E+00 -0.12746006E+00
 1989  237    8   44   47 1000  0.30792988E+06 -0.87379211E+05 -0.92340445E+05  0.61848130E+01 -0.38355461E+02 -0.71739120E+01  0.10582105E+05 -0.26280372E+06 -0.20446947E+06 -0.81380439E+00 -0.12841929E+02 -0.12482296E+02  0.31926850E+06 -0.72128516E+05 -0.13682255E+06  0.12164438E+05 -0.25026072E+06 -0.25115833E+06 1989  237    8   44   47 1000 -0.98362446E+00 -0.31883284E-01  0.17738770E+00 -0.18019149E+00  0.15355843E+00 -0.97157133E+00  0.37375167E-02 -0.98762518E+00 -0.15678883E+00
 1989  237    8   46   24    0  0.30850162E+06 -0.91072055E+05 -0.93029039E+05  0.57265325E+01 -0.38578297E+02 -0.71723347E+01  0.10503972E+05 -0.26403631E+06 -0.20566759E+06 -0.81398827E+00 -0.12837273E+02 -0.12478742E+02  0.31840494E+06 -0.75855406E+05 -0.13681931E+06  0.11779530E+05 -0.25039106E+06 -0.25104673E+06 1989  237    8   46   24    0 -0.98327690E+00 -0.37273295E-01  0.17826167E+00 -0.18208636E+00  0.18332899E+00 -0.96604109E+00  0.33270121E-02 -0.98234487E+00 -0.18704993E+00
 1989  237    8   48    0    0  0.30902925E+06 -0.94786023E+05 -0.93717508E+05  0.52643642E+01 -0.38795689E+02 -0.71707721E+01  0.10425821E+05 -0.26526847E+06 -0.20686538E+06 -0.81416833E+00 -0.12832663E+02 -0.12475223E+02  0.31749800E+06 -0.79571984E+05 -0.13681594E+06  0.11394604E+05 -0.25052106E+06 -0.25093480E+06 1989  237    8   48    0    0 -0.98270094E+00 -0.42965300E-01  0.18014672E+00 -0.18518111E+00  0.21424270E+00 -0.95906615E+00  0.26114434E-02 -0.97583497E+00 -0.21849293E+00
 1989  237    8   49   36    0  0.30951228E+06 -0.98520625E+05 -0.94405852E+05  0.47983694E+01 -0.39007584E+02 -0.71692247E+01  0.10347653E+05 -0.26650019E+06 -0.20806284E+06 -0.81434464E+00 -0.12828098E+02 -0.12471739E+02  0.31654778E+06 -0.83277734E+05 -0.13681238E+06  0.11009662E+05 -0.25065067E+06 -0.25082248E+06 1989  237    8   49   36    0 -0.98211282E+00 -0.48909321E-01  0.18183029E+00 -0.18828493E+00  0.24598688E+00 -0.95080990E+00  0.17756149E-02 -0.96803850E+00 -0.25079554E+00
 1989  237    8   51   11 1000  0.30995044E+06 -0.10227533E+06 -0.95094008E+05  0.43286133E+01 -0.39213936E+02 -0.71676927E+01  0.10269467E+05 -0.26773147E+06 -0.20925997E+06 -0.81451738E+00 -0.12823579E+02 -0.12468288E+02  0.31555431E+06 -0.86972172E+05 -0.13680859E+06  0.10624705E+05 -0.25077995E+06 -0.25070981E+06 1989  237    8   51   11 1000 -0.98152786E+00 -0.55612557E-01  0.18305823E+00 -0.19131461E+00  0.27859765E+00 -0.94116002E+00  0.13407394E-02 -0.95879644E+00 -0.28409082E+00
 1989  237    8   52   48    0  0.31034328E+06 -0.10604956E+06 -0.95782039E+05  0.38551631E+01 -0.39414669E+02 -0.71661754E+01  0.10191264E+05 -0.26896231E+06 -0.21045675E+06 -0.81468666E+00 -0.12819101E+02 -0.12464873E+02  0.31451784E+06 -0.90654766E+05 -0.13680462E+06  0.10239734E+05 -0.25090889E+06 -0.25059681E+06 1989  237    8   52   48    0 -0.98100907E+00 -0.62530756E-01  0.18360570E+00 -0.19395968E+00  0.31191993E+00 -0.93009973E+00  0.88954717E-03 -0.94804841E+00 -0.31812477E+00
 1989  237    8   54   24    0  0.31069050E+06 -0.10984280E+06 -0.96469914E+05  0.33780818E+01 -0.39609741E+02 -0.71646719E+01  0.10113047E+05 -0.27019275E+06 -0.21165322E+06 -0.81485260E+00 -0.12814668E+02 -0.12461491E+02  0.31343850E+06 -0.94325016E+05 -0.13680047E+06  0.98547480E+04 -0.25103748E+06 -0.25048347E+06 1989  237    8   54   24    0 -0.98404545E+00 -0.65556780E-01  0.16539928E+00 -0.17780368E+00  0.32911843E+00 -0.92739797E+00  0.63612685E-02 -0.94201022E+00 -0.33552372E+00
 1989  237    8   56    0    0  0.31099175E+06 -0.11365446E+06 -0.97157633E+05  0.28974347E+01 -0.39799107E+02 -0.71631827E+01  0.10034814E+05 -0.27142275E+06 -0.21284938E+06 -0.81501549E+00 -0.12810277E+02 -0.12458141E+02  0.31231641E+06 -0.97982453E+05 -0.13679612E+06  0.94697480E+04 -0.25116570E+06 -0.25036975E+06 1989  237    8   56    0    0 -0.98676771E+00 -0.66447206E-01  0.14789966E+00 -0.16159725E+00  0.32842863E+00 -0.93060243E+00  0.13261452E-01 -0.94218862E+00 -0.33482045E+00
 1989  237    8   57   36    0  0.31124669E+06 -0.11748403E+06 -0.97845258E+05  0.24132934E+01 -0.39982700E+02 -0.71617122E+01  0.99565645E+04 -0.27265231E+06 -0.21404519E+06 -0.81517380E+00 -0.12805927E+02 -0.12454829E+02  0.31115172E+06 -0.10162657E+06 -0.13679156E+06  0.90847363E+04 -0.25129355E+06 -0.25025566E+06 1989  237    8   57   36    0 -0.98691583E+00 -0.25833428E-01  0.15915340E+00 -0.16065627E+00  0.73897839E-01 -0.98424023E+00  0.13665237E-01 -0.99693125E+00 -0.77081025E-01
 1989  237    8   59   11 1000  0.31145500E+06 -0.12133094E+06 -0.98532727E+05  0.19257203E+01 -0.40160484E+02 -0.71602550E+01  0.98783008E+04 -0.27388150E+06 -0.21524067E+06 -0.81532925E+00 -0.12801619E+02 -0.12451550E+02  0.30994459E+06 -0.10525688E+06 -0.13678681E+06  0.86997109E+04 -0.25142106E+06 -0.25014125E+06 1989  237    8   59   11 1000 -0.98676157E+00 -0.11605419E-01  0.16176201E+00 -0.16157089E+00 -0.15860677E-01 -0.98673368E+00  0.14017120E-01 -0.99980688E+00  0.13775647E-01
 1989  237    9    0   48    0  0.31161634E+06 -0.12519462E+06 -0.99220031E+05  0.14347789E+01 -0.40332401E+02 -0.71588063E+01  0.98000205E+04 -0.27511025E+06 -0.21643586E+06 -0.81548333E+00 -0.12797348E+02 -0.12448293E+02  0.30869519E+06 -0.10887283E+06 -0.13678188E+06  0.83146738E+04 -0.25154825E+06 -0.25002648E+06 1989  237    9    0   48    0 -0.98682088E+00 -0.11373401E-01  0.16141626E+00 -0.16122457E+00 -0.16134322E-01 -0.98678589E+00  0.13827465E-01 -0.99980515E+00  0.14088094E-01
 1989  237    9    2   24    0  0.31175447E+06 -0.12906644E+06 -0.99907281E+05  0.94219756E+00 -0.40501408E+02 -0.71573634E+01  0.97217314E+04 -0.27633875E+06 -0.21763086E+06 -0.81563604E+00 -0.12793097E+02 -0.12445050E+02  0.30742500E+06 -0.11248158E+06 -0.13677681E+06  0.79296304E+04 -0.25167525E+06 -0.24991155E+06 1989  237    9    2   24    0 -0.98663062E+00 -0.10783315E-01  0.16261533E+00 -0.16243584E+00 -0.15838921E-01 -0.98659211E+00  0.13214402E-01 -0.99981660E+00  0.13875902E-01
 1989  237    9    4    0    0  0.31179678E+06 -0.13297017E+06 -0.10059423E+06  0.44307536E+00 -0.40658432E+02 -0.71559463E+01  0.96434180E+04 -0.27756653E+06 -0.21882534E+06 -0.81578350E+00 -0.12788921E+02 -0.12441867E+02  0.30607016E+06 -0.11605992E+06 -0.13677142E+06  0.75445601E+04 -0.25180150E+06 -0.24979589E+06 1989  237    9    4    0    0 -0.98666579E+00 -0.99442974E-02  0.16245541E+00 -0.16228169E+00 -0.16318440E-01 -0.98660970E+00  0.12462184E-01 -0.99981761E+00  0.14487445E-01
 1989  237    9    5   36    0  0.31181534E+06 -0.13688081E+06 -0.10128113E+06 -0.57542175E-01 -0.40812447E+02 -0.71545334E+01  0.95650977E+04 -0.27879406E+06 -0.22001962E+06 -0.81592983E+00 -0.12784766E+02 -0.12438696E+02  0.30469494E+06 -0.11963002E+06 -0.13676592E+06  0.71594878E+04 -0.25192759E+06 -0.24968005E+06 1989  237    9    5   36    0 -0.98672634E+00 -0.10105826E-01  0.16207689E+00 -0.16190422E+00 -0.16050577E-01 -0.98667604E+00  0.12572624E-01 -0.99982017E+00  0.14201462E-01
 1989  237    9    7   11 1000  0.31178566E+06 -0.14080595E+06 -0.10196788E+06 -0.56124437E+00 -0.40960403E+02 -0.71531315E+01  0.94867617E+04 -0.28002122E+06 -0.22121358E+06 -0.81607372E+00 -0.12780647E+02 -0.12435553E+02  0.30327816E+06 -0.12318387E+06 -0.13676023E+06  0.67744058E+04 -0.25205334E+06 -0.24956386E+06 1989  237    9    7   11 1000 -0.98679101E+00 -0.10267824E-01  0.16167274E+00 -0.16150118E+00 -0.15782952E-01 -0.98674637E+00  0.12683436E-01 -0.99982280E+00  0.13916492E-01
 1989  237    9    8   48    0  0.31170750E+06 -0.14474500E+06 -0.10265454E+06 -0.10679592E+01 -0.41102257E+02 -0.71517406E+01  0.94084102E+04 -0.28124797E+06 -0.22240723E+06 -0.81621522E+00 -0.12776566E+02 -0.12432435E+02  0.30182003E+06 -0.12672093E+06 -0.13675433E+06  0.63893154E+04 -0.25217872E+06 -0.24944733E+06 1989  237    9    8   48    0 -0.98685080E+00 -0.10429621E-01  0.16129693E+00 -0.16112658E+00 -0.15515089E-01 -0.98681182E+00  0.12794614E-01 -0.99982530E+00  0.13630688E-01
 1989  237    9   10   24    0  0.31158053E+06 -0.14869738E+06 -0.10334104E+06 -0.15776150E+01 -0.41237953E+02 -0.71503596E+01  0.93300469E+04 -0.28247428E+06 -0.22360058E+06 -0.81635439E+00 -0.12772521E+02 -0.12429343E+02  0.30032069E+06 -0.13024077E+06 -0.13674823E+06  0.60042158E+04 -0.25230373E+06 -0.24933041E+06 1989  237    9   10   24    0 -0.98690504E+00 -0.10582544E-01  0.16095480E+00 -0.16078512E+00 -0.15303969E-01 -0.98687077E+00  0.12906857E-01 -0.99982691E+00  0.13402104E-01
 1989  237    9   12    0    0  0.31140447E+06 -0.15266250E+06 -0.10402738E+06 -0.20901392E+01 -0.41367455E+02 -0.71489873E+01  0.92516719E+04 -0.28370025E+06 -0.22479364E+06 -0.81649131E+00 -0.12768513E+02 -0.12426275E+02  0.29878041E+06 -0.13374291E+06 -0.13674195E+06  0.56191064E+04 -0.25242839E+06 -0.24921319E+06 1989  237    9   12    0    0 -0.98678601E+00 -0.10801360E-01  0.16166815E+00 -0.16149889E+00 -0.15046597E-01 -0.98675823E+00  0.13090886E-01 -0.99982846E+00  0.13103485E-01
 1989  237    9   13   36    0  0.31117912E+06 -0.15663973E+06 -0.10471362E+06 -0.26054575E+01 -0.41490715E+02 -0.71476240E+01  0.91732812E+04 -0.28492584E+06 -0.22598642E+06 -0.81662595E+00 -0.12764541E+02 -0.12423232E+02  0.29719934E+06 -0.13722688E+06 -0.13673548E+06  0.52339893E+04 -0.25255270E+06 -0.24909559E+06 1989  237    9   13   36    0 -0.98666412E+00 -0.10981955E-01  0.16239847E+00 -0.16222715E+00 -0.15021443E-01 -0.98663908E+00  0.13274685E-01 -0.99982685E+00  0.13039470E-01
 1989  237    9   15   11 1000  0.31090416E+06 -0.16062850E+06 -0.10539976E+06 -0.31234989E+01 -0.41607689E+02 -0.71462688E+01  0.90948779E+04 -0.28615106E+06 -0.22717892E+06 -0.81675828E+00 -0.12760604E+02 -0.12420212E+02  0.29557775E+06 -0.14069219E+06 -0.13672880E+06  0.48488643E+04 -0.25267667E+06 -0.24897766E+06 1989  237    9   15   11 1000 -0.98688221E+00 -0.11001863E-01  0.16106659E+00 -0.16089189E+00 -0.15260220E-01 -0.98685402E+00  0.13315149E-01 -0.99982303E+00  0.13289928E-01
 1989  237    9   16   48    0  0.31057931E+06 -0.16462819E+06 -0.10608573E+06 -0.36441858E+01 -0.41718338E+02 -0.71449218E+01  0.90164639E+04 -0.28737591E+06 -0.22837111E+06 -0.81688833E+00 -0.12756705E+02 -0.12417215E+02  0.29391581E+06 -0.14413838E+06 -0.13672192E+06  0.44637314E+04 -0.25280027E+06 -0.24885938E+06 1989  237    9   16   48    0 -0.98688567E+00 -0.11103347E-01  0.16103855E+00 -0.16085909E+00 -0.15512526E-01 -0.98685545E+00  0.13455525E-01 -0.99981809E+00  0.13523102E-01
 1989  237    9   18   24    0  0.31020438E+06 -0.16863820E+06 -0.10677157E+06 -0.41674395E+01 -0.41822620E+02 -0.71435823E+01  0.89380361E+04 -0.28860034E+06 -0.22956302E+06 -0.81701612E+00 -0.12752842E+02 -0.12414241E+02  0.29221375E+06 -0.14756494E+06 -0.13671489E+06  0.40785947E+04 -0.25292352E+06 -0.24874070E+06 1989  237    9   18   24    0 -0.98686039E+00 -0.11213683E-01  0.16118577E+00 -0.16100138E+00 -0.15766799E-01 -0.98682821E+00  0.13607360E-01 -0.99981290E+00  0.13754249E-01
 1989  237    9   20    0    0  0.30977909E+06 -0.17265794E+06 -0.10745729E+06 -0.46931868E+01 -0.41920490E+02 -0.71422501E+01  0.88595967E+04 -0.28982444E+06 -0.23075467E+06 -0.81714165E+00 -0.12749014E+02 -0.12411288E+02  0.29047188E+06 -0.15097145E+06 -0.13670762E+06  0.36934539E+04 -0.25304638E+06 -0.24862170E+06 1989  237    9   20    0    0 -0.98680216E+00 -0.11343263E-01  0.16153279E+00 -0.16134268E+00 -0.16052365E-01 -0.98676795E+00  0.13786167E-01 -0.99980688E+00  0.14010549E-01
 1989  237    9   21   36    0  0.30930322E+06 -0.17668675E+06 -0.10814288E+06 -0.52213516E+01 -0.42011909E+02 -0.71409245E+01  0.87811445E+04 -0.29104816E+06 -0.23194602E+06 -0.81726480E+00 -0.12745222E+02 -0.12408358E+02  0.28869031E+06 -0.15435742E+06 -0.13670016E+06  0.33083062E+04 -0.25316891E+06 -0.24850236E+06 1989  237    9   21   36    0 -0.98674357E+00 -0.11473484E-01  0.16188104E+00 -0.16168508E+00 -0.16339600E-01 -0.98670709E+00  0.13966039E-01 -0.99980068E+00  0.14267921E-01
 1989  237    9   23   12    0  0.30877653E+06 -0.18072403E+06 -0.10882834E+06 -0.57518563E+01 -0.42096844E+02 -0.71396055E+01  0.87026816E+04 -0.29227150E+06 -0.23313708E+06 -0.81738567E+00 -0.12741465E+02 -0.12405449E+02  0.28686938E+06 -0.15772239E+06 -0.13669253E+06  0.29231536E+04 -0.25329109E+06 -0.24838267E+06 1989  237    9   23   12    0 -0.98667324E+00 -0.11455804E-01  0.16231042E+00 -0.16211063E+00 -0.16630650E-01 -0.98663247E+00  0.14002010E-01 -0.99979615E+00  0.14551938E-01
 1989  237    9   24   47 1000  0.30819881E+06 -0.18476914E+06 -0.10951369E+06 -0.62846231E+01 -0.42175259E+02 -0.71382942E+01  0.86242070E+04 -0.29349450E+06 -0.23432786E+06 -0.81750417E+00 -0.12737744E+02 -0.12402562E+02  0.28500931E+06 -0.16106591E+06 -0.13668472E+06  0.25379968E+04 -0.25341291E+06 -0.24826261E+06 1989  237    9   24   47 1000 -0.98686337E+00 -0.10489039E-01  0.16121635E+00 -0.16104165E+00 -0.15790939E-01 -0.98682123E+00  0.12896568E-01 -0.99982041E+00  0.13894320E-01
 1989  237    9   26   24    0  0.30756978E+06 -0.18882145E+06 -0.11019891E+06 -0.68195739E+01 -0.42247108E+02 -0.71369886E+01  0.85457207E+04 -0.29471716E+06 -0.23551836E+06 -0.81762034E+00 -0.12734058E+02 -0.12399695E+02  0.28311034E+06 -0.16438756E+06 -0.13667669E+06  0.21528367E+04 -0.25353438E+06 -0.24814220E+06 1989  237    9   26   24    0 -0.98674500E+00 -0.10229520E-01  0.16195573E+00 -0.16179335E+00 -0.15096486E-01 -0.98670924E+00  0.12538537E-01 -0.99983382E+00  0.13241589E-01
 1989  237    9   28    0    0  0.30688934E+06 -0.19288036E+06 -0.11088401E+06 -0.73566332E+01 -0.42312359E+02 -0.71356897E+01  0.84672246E+04 -0.29593947E+06 -0.23670858E+06 -0.81773412E+00 -0.12730408E+02 -0.12396850E+02  0.28117272E+06 -0.16768688E+06 -0.13666847E+06  0.17676714E+04 -0.25365550E+06 -0.24802144E+06 1989  237    9   28    0    0 -0.98668563E+00 -0.10519557E-01  0.16229841E+00 -0.16213185E+00 -0.15122712E-01 -0.98665321E+00  0.12833551E-01 -0.99983031E+00  0.13215840E-01
 1989  237    9   29   35 1000  0.30615725E+06 -0.19694523E+06 -0.11156898E+06 -0.78957171E+01 -0.42370979E+02 -0.71343975E+01  0.83887158E+04 -0.29716141E+06 -0.23789855E+06 -0.81784546E+00 -0.12726792E+02 -0.12394026E+02  0.27919672E+06 -0.17096338E+06 -0.13666006E+06  0.13825037E+04 -0.25377623E+06 -0.24790034E+06 1989  237    9   29   35 1000 -0.98669189E+00 -0.10759391E-01  0.16224477E+00 -0.16207066E+00 -0.15457332E-01 -0.98665810E+00  0.13123713E-01 -0.99982268E+00  0.13507903E-01
 1989  237    9   31   12    0  0.30537331E+06 -0.20101539E+06 -0.11225379E+06 -0.84367456E+01 -0.42422932E+02 -0.71331115E+01  0.83101963E+04 -0.29838300E+06 -0.23908827E+06 -0.81795448E+00 -0.12723211E+02 -0.12391222E+02  0.27718262E+06 -0.17421661E+06 -0.13665147E+06  0.99733588E+03 -0.25389661E+06 -0.24777891E+06 1989  237    9   31   12    0 -0.98669869E+00 -0.10971002E-01  0.16218951E+00 -0.16200776E+00 -0.15815318E-01 -0.98666286E+00  0.13389774E-01 -0.99981487E+00  0.13827741E-01
 1989  237    9   32   47 1000  0.30453734E+06 -0.20509020E+06 -0.11293851E+06 -0.89796391E+01 -0.42468185E+02 -0.71318321E+01  0.82316689E+04 -0.29960428E+06 -0.24027767E+06 -0.81806111E+00 -0.12719664E+02 -0.12388439E+02  0.27513072E+06 -0.17744616E+06 -0.13664269E+06  0.61216681E+03 -0.25401664E+06 -0.24765712E+06 1989  237    9   32   47 1000 -0.98675269E+00 -0.11172011E-01  0.16184658E+00 -0.16165718E+00 -0.16173303E-01 -0.98671448E+00  0.13641201E-01 -0.99980694E+00  0.14153183E-01
 1989  237    9   34   24    0  0.30364916E+06 -0.20916905E+06 -0.11362310E+06 -0.95243187E+01 -0.42506710E+02 -0.71305590E+01  0.81531299E+04 -0.30082522E+06 -0.24146683E+06 -0.81816542E+00 -0.12716151E+02 -0.12385677E+02  0.27304122E+06 -0.18065156E+06 -0.13663372E+06  0.22699687E+03 -0.25413630E+06 -0.24753497E+06 1989  237    9   34   24    0 -0.98689008E+00 -0.11321865E-01  0.16099632E+00 -0.16079965E+00 -0.16550541E-01 -0.98684829E+00  0.13837546E-01 -0.99979901E+00  0.14513016E-01
 1989  237    9   36    0    0  0.30270862E+06 -0.21325130E+06 -0.11430756E+06 -0.10070703E+02 -0.42538464E+02 -0.71292925E+01  0.80745811E+04 -0.30204578E+06 -0.24265573E+06 -0.81826735E+00 -0.12712671E+02 -0.12382936E+02  0.27091444E+06 -0.18383241E+06 -0.13662453E+06 -0.15817328E+03 -0.25425558E+06 -0.24741247E+06 1989  237    9   36    0    0 -0.98685592E+00 -0.11472292E-01  0.16119458E+00 -0.16099378E+00 -0.16688049E-01 -0.98681432E+00  0.14011040E-01 -0.99979490E+00  0.14621675E-01
 1989  237    9   37   36    0  0.30171553E+06 -0.21733625E+06 -0.11499194E+06 -0.10618709E+02 -0.42563431E+02 -0.71280332E+01  0.79960244E+04 -0.30326603E+06 -0.24384436E+06 -0.81836694E+00 -0.12709226E+02 -0.12380215E+02  0.26875069E+06 -0.18698825E+06 -0.13661516E+06 -0.54334332E+03 -0.25437455E+06 -0.24728961E+06 1989  237    9   37   36    0 -0.98680675E+00 -0.11256754E-01  0.16151071E+00 -0.16131474E+00 -0.16565681E-01 -0.98676401E+00  0.13783298E-01 -0.99979943E+00  0.14531314E-01
 1989  237    9   39   12    0  0.30066978E+06 -0.22142327E+06 -0.11567616E+06 -0.11168256E+02 -0.42581577E+02 -0.71267805E+01  0.79174556E+04 -0.30448597E+06 -0.24503272E+06 -0.81846428E+00 -0.12705812E+02 -0.12377515E+02  0.26655025E+06 -0.19011866E+06 -0.13660558E+06 -0.92851263E+03 -0.25449312E+06 -0.24716642E+06 1989  237    9   39   12    0 -0.98676747E+00 -0.11022404E-01  0.16176674E+00 -0.16157627E+00 -0.16409457E-01 -0.98672384E+00  0.13530575E-01 -0.99980468E+00  0.14411390E-01
 1989  237    9   40   47 1000  0.29957119E+06 -0.22551169E+06 -0.11636026E+06 -0.11719265E+02 -0.42592861E+02 -0.71255350E+01  0.78388774E+04 -0.30570556E+06 -0.24622083E+06 -0.81855935E+00 -0.12702430E+02 -0.12374835E+02  0.26431344E+06 -0.19322323E+06 -0.13659583E+06 -0.13136826E+04 -0.25461134E+06 -0.24704289E+06 1989  237    9   40   47 1000 -0.98671794E+00 -0.10811366E-01  0.16208269E+00 -0.16189727E+00 -0.16257107E-01 -0.98667371E+00  0.13302281E-01 -0.99980938E+00  0.14290810E-01
 1989  237    9   42   24    0  0.29841962E+06 -0.22960088E+06 -0.11704426E+06 -0.12271649E+02 -0.42597267E+02 -0.71242962E+01  0.77602910E+04 -0.30692484E+06 -0.24740867E+06 -0.81865221E+00 -0.12699080E+02 -0.12372175E+02  0.26204055E+06 -0.19630155E+06 -0.13658589E+06 -0.16988507E+04 -0.25472922E+06 -0.24691898E+06 1989  237    9   42   24    0 -0.98666900E+00 -0.10595597E-01  0.16239464E+00 -0.16221395E+00 -0.16132832E-01 -0.98662370E+00  0.13073757E-01 -0.99981374E+00  0.14199018E-01
 1989  237    9   44    0    0  0.29721497E+06 -0.23369016E+06 -0.11772813E+06 -0.12825322E+02 -0.42594765E+02 -0.71230645E+01  0.76816968E+04 -0.30814378E+06 -0.24859630E+06 -0.81874287E+00 -0.12695762E+02 -0.12369536E+02  0.25973184E+06 -0.19935316E+06 -0.13657573E+06 -0.20840144E+04 -0.25484675E+06 -0.24679473E+06 1989  237    9   44    0    0 -0.98679954E+00 -0.10288283E-01  0.16161951E+00 -0.16144499E+00 -0.15994608E-01 -0.98675221E+00  0.12737043E-01 -0.99981922E+00  0.14122665E-01
 1989  237    9   45   36    0  0.29595716E+06 -0.23777886E+06 -0.11841188E+06 -0.13380205E+02 -0.42585331E+02 -0.71218395E+01  0.76030933E+04 -0.30936241E+06 -0.24978364E+06 -0.81883132E+00 -0.12692474E+02 -0.12366917E+02  0.25738767E+06 -0.20237764E+06 -0.13656539E+06 -0.24691750E+04 -0.25496391E+06 -0.24667012E+06 1989  237    9   45   36    0 -0.98686779E+00 -0.10013647E-01  0.16121940E+00 -0.16105007E+00 -0.15891075E-01 -0.98681843E+00  0.12443610E-01 -0.99982363E+00  0.14069796E-01
 1989  237    9   47   12    0  0.29464597E+06 -0.24186633E+06 -0.11909554E+06 -0.13936212E+02 -0.42568935E+02 -0.71206217E+01  0.75244800E+04 -0.31058075E+06 -0.25097073E+06 -0.81891769E+00 -0.12689218E+02 -0.12364317E+02  0.25500838E+06 -0.20537459E+06 -0.13655486E+06 -0.28543325E+04 -0.25508069E+06 -0.24654519E+06 1989  237    9   47   12    0 -0.98682529E+00 -0.10090418E-01  0.16147465E+00 -0.16130553E+00 -0.15786469E-01 -0.98677832E+00  0.12506135E-01 -0.99982452E+00  0.13951004E-01
 1989  237    9   48   48    0  0.29328134E+06 -0.24595188E+06 -0.11977906E+06 -0.14493259E+02 -0.42545563E+02 -0.71194115E+01  0.74458608E+04 -0.31179875E+06 -0.25215759E+06 -0.81900197E+00 -0.12685990E+02 -0.12361738E+02  0.25259423E+06 -0.20834364E+06 -0.13654414E+06 -0.32394858E+04 -0.25519711E+06 -0.24641991E+06 1989  237    9   48   48    0 -0.98677713E+00 -0.10214679E-01  0.16176082E+00 -0.16159046E+00 -0.15746713E-01 -0.98673230E+00  0.12626372E-01 -0.99982393E+00  0.13888061E-01
 1989  237    9   50   24    0  0.29186322E+06 -0.25003481E+06 -0.12046247E+06 -0.15051263E+02 -0.42515182E+02 -0.71182084E+01  0.73672339E+04 -0.31301644E+06 -0.25334419E+06 -0.81908423E+00 -0.12682793E+02 -0.12359179E+02  0.25014561E+06 -0.21128433E+06 -0.13653323E+06 -0.36246343E+04 -0.25531320E+06 -0.24629428E+06 1989  237    9   50   24    0 -0.98673886E+00 -0.10305837E-01  0.16198827E+00 -0.16181721E+00 -0.15702546E-01 -0.98669589E+00  0.12712374E-01 -0.99982369E+00  0.13826847E-01
 1989  237    9   52    0    0  0.29039147E+06 -0.25411452E+06 -0.12114575E+06 -0.15610136E+02 -0.42477783E+02 -0.71170120E+01  0.72885972E+04 -0.31423384E+06 -0.25453053E+06 -0.81916451E+00 -0.12679625E+02 -0.12356638E+02  0.24766283E+06 -0.21419630E+06 -0.13652214E+06 -0.40097764E+04 -0.25542892E+06 -0.24616831E+06 1989  237    9   52    0    0 -0.98674262E+00 -0.10405809E-01  0.16195935E+00 -0.16178745E+00 -0.15660107E-01 -0.98670137E+00  0.12803726E-01 -0.99982321E+00  0.13768852E-01
 1989  237    9   53   36    0  0.28886603E+06 -0.25819031E+06 -0.12182891E+06 -0.16169792E+02 -0.42433334E+02 -0.71158233E+01  0.72099521E+04 -0.31545094E+06 -0.25571667E+06 -0.81924284E+00 -0.12676485E+02 -0.12354117E+02  0.24514619E+06 -0.21707916E+06 -0.13651086E+06 -0.43949155E+04 -0.25554427E+06 -0.24604200E+06 1989  237    9   53   36    0 -0.98676020E+00 -0.10529213E-01  0.16184407E+00 -0.16167098E+00 -0.15621305E-01 -0.98672128E+00  0.12917638E-01 -0.99982268E+00  0.13712585E-01
 1989  237    9   55   11 1000  0.28728684E+06 -0.26226150E+06 -0.12251198E+06 -0.16730148E+02 -0.42381813E+02 -0.71146421E+01  0.71313013E+04 -0.31666772E+06 -0.25690255E+06 -0.81931919E+00 -0.12673374E+02 -0.12351616E+02  0.24259608E+06 -0.21993248E+06 -0.13649934E+06 -0.47800503E+04 -0.25565927E+06 -0.24591530E+06 1989  237    9   55   11 1000 -0.98677850E+00 -0.10596685E-01  0.16172814E+00 -0.16155472E+00 -0.15573919E-01 -0.98674101E+00  0.12974940E-01 -0.99982262E+00  0.13656259E-01
 1989  237    9   56   48    0  0.28565381E+06 -0.26632741E+06 -0.12319495E+06 -0.17291126E+02 -0.42323212E+02 -0.71134677E+01  0.70526431E+04 -0.31788422E+06 -0.25808817E+06 -0.81939375E+00 -0.12670290E+02 -0.12349133E+02  0.24001283E+06 -0.22275592E+06 -0.13648766E+06 -0.51651753E+04 -0.25577389E+06 -0.24578827E+06 1989  237    9   56   48    0 -0.98680544E+00 -0.10719955E-01  0.16155531E+00 -0.16138072E+00 -0.15535712E-01 -0.98676997E+00  0.13088003E-01 -0.99982184E+00  0.13600707E-01
 1989  237    9   58   24    0  0.28396691E+06 -0.27038738E+06 -0.12387779E+06 -0.17852631E+02 -0.42257507E+02 -0.71123009E+01  0.69739771E+04 -0.31910044E+06 -0.25927358E+06 -0.81946641E+00 -0.12667234E+02 -0.12346670E+02  0.23739678E+06 -0.22554903E+06 -0.13647578E+06 -0.55502925E+04 -0.25588817E+06 -0.24566089E+06 1989  237    9   58   24    0 -0.98682791E+00 -0.10787733E-01  0.16141379E+00 -0.16123891E+00 -0.15487731E-01 -0.98679399E+00  0.13145223E-01 -0.99982208E+00  0.13544619E-01
 1989  237   10    0    0    0  0.28222612E+06 -0.27444066E+06 -0.12456051E+06 -0.18414568E+02 -0.42184689E+02 -0.71111407E+01  0.68953052E+04 -0.32031634E+06 -0.26045875E+06 -0.81953728E+00 -0.12664205E+02 -0.12344226E+02  0.23474828E+06 -0.22831145E+06 -0.13646372E+06 -0.59354019E+04 -0.25600209E+06 -0.24553317E+06 1989  237   10    0    0    0 -0.95810676E+00  0.23586914E+00  0.16247198E+00 -0.16098413E+00  0.25686204E-01 -0.98662275E+00 -0.23688713E+00 -0.97144532E+00  0.13361216E-01
 1989  237   10    1   36    0  0.28043134E+06 -0.27848659E+06 -0.12524313E+06 -0.18976856E+02 -0.42104733E+02 -0.71099882E+01  0.68166274E+04 -0.32153197E+06 -0.26164369E+06 -0.81960648E+00 -0.12661203E+02 -0.12341800E+02  0.23206770E+06 -0.23104284E+06 -0.13645147E+06 -0.63205029E+04 -0.25611562E+06 -0.24540514E+06 1989  237   10    1   36    0 -0.72535700E+00  0.66913146E+00  0.16161755E+00 -0.12832421E+00  0.99227428E-01 -0.98675573E+00 -0.67630613E+00 -0.73648959E+00  0.13890505E-01
 1989  237   10    3   11 1000  0.27858256E+06 -0.28252453E+06 -0.12592562E+06 -0.19539412E+02 -0.42017620E+02 -0.71088428E+01  0.67379434E+04 -0.32274728E+06 -0.26282838E+06 -0.81967390E+00 -0.12658227E+02 -0.12339392E+02  0.22935544E+06 -0.23374280E+06 -0.13643900E+06 -0.67055967E+04 -0.25622881E+06 -0.24527673E+06 1989  237   10    3   11 1000 -0.31236029E+00  0.93611479E+00  0.16161764E+00 -0.64501882E-01  0.14883786E+00 -0.98675573E+00 -0.94777143E+00 -0.31864795E+00  0.13890147E-01
 1989  237   10    4   48    0  0.27667978E+06 -0.28655375E+06 -0.12660800E+06 -0.20102150E+02 -0.41923351E+02 -0.71077046E+01  0.66592520E+04 -0.32396231E+06 -0.26401281E+06 -0.81973970E+00 -0.12655276E+02 -0.12337002E+02  0.22661183E+06 -0.23641097E+06 -0.13642634E+06 -0.70906807E+04 -0.25634166E+06 -0.24514794E+06 1989  237   10    4   48    0  0.17820153E+00  0.97062874E+00  0.16162935E+00  0.15335411E-01  0.16149893E+00 -0.98675370E+00 -0.98387456E+00  0.17831969E+00  0.13894349E-01
 1989  237   10    6   24    0  0.27472297E+06 -0.29057356E+06 -0.12729029E+06 -0.20664982E+02 -0.41821899E+02 -0.71065736E+01  0.65805522E+04 -0.32517706E+06 -0.26519703E+06 -0.81980383E+00 -0.12652351E+02 -0.12334631E+02  0.22383722E+06 -0.23904702E+06 -0.13641350E+06 -0.74757549E+04 -0.25645412E+06 -0.24501884E+06 1989  237   10    6   24    0  0.62448144E+00  0.76397514E+00  0.16237205E+00  0.91542453E-01  0.13486555E+00 -0.98662615E+00 -0.77565634E+00  0.63099372E+00  0.14284864E-01
 1989  237   10    8    0    0  0.27271206E+06 -0.29458331E+06 -0.12797248E+06 -0.21227789E+02 -0.41713242E+02 -0.71054487E+01  0.65018569E+04 -0.32639159E+06 -0.26638106E+06 -0.81983984E+00 -0.12649447E+02 -0.12332286E+02  0.22103200E+06 -0.24165053E+06 -0.13640047E+06 -0.78608193E+04 -0.25656622E+06 -0.24488941E+06 1989  237   10    8    0    0  0.79533118E+00  0.58400077E+00  0.16245450E+00  0.12239991E+00  0.10775907E+00 -0.98661351E+00 -0.59368902E+00  0.80456889E+00  0.14222525E-01
 1989  237   10    9   36    0  0.27064719E+06 -0.29858231E+06 -0.12865454E+06 -0.21790508E+02 -0.41597397E+02 -0.71043320E+01  0.64231572E+04 -0.32760581E+06 -0.26756488E+06 -0.81987500E+00 -0.12646569E+02 -0.12329958E+02  0.21819659E+06 -0.24422117E+06 -0.13638725E+06 -0.82458701E+04 -0.25667792E+06 -0.24475962E+06 1989  237   10    9   36    0  0.79541510E+00  0.58411437E+00  0.16163270E+00  0.12193036E+00  0.10701044E+00 -0.98675311E+00 -0.59367305E+00  0.80458629E+00  0.13896443E-01
 1989  237   10   11   11 1000  0.26852834E+06 -0.30256981E+06 -0.12933651E+06 -0.22353077E+02 -0.41474358E+02 -0.71032224E+01  0.63444463E+04 -0.32881975E+06 -0.26874844E+06 -0.81993443E+00 -0.12643718E+02 -0.12327640E+02  0.21533134E+06 -0.24675858E+06 -0.13637384E+06 -0.86309092E+04 -0.25678930E+06 -0.24462950E+06 1989  237   10   11   11 1000  0.79652339E+00  0.58262414E+00  0.16155410E+00  0.12130624E+00  0.10777076E+00 -0.98674732E+00 -0.59231359E+00  0.80556482E+00  0.15165981E-01
 1989  237   10   12   48    0  0.26635544E+06 -0.30654512E+06 -0.13001838E+06 -0.22915382E+02 -0.41344101E+02 -0.71021199E+01  0.62657314E+04 -0.33003338E+06 -0.26993178E+06 -0.81999242E+00 -0.12640891E+02 -0.12325338E+02  0.21243666E+06 -0.24926242E+06 -0.13636023E+06 -0.90159385E+04 -0.25690033E+06 -0.24449898E+06 1989  237   10   12   48    0  0.79698956E+00  0.58217466E+00  0.16087377E+00  0.11943933E+00  0.10917966E+00 -0.98682016E+00 -0.59206587E+00  0.80570000E+00  0.17480504E-01
 1989  237   10   14   24    0  0.26412859E+06 -0.31050759E+06 -0.13070013E+06 -0.23477339E+02 -0.41206623E+02 -0.71010246E+01  0.61870088E+04 -0.33124675E+06 -0.27111491E+06 -0.82004899E+00 -0.12638089E+02 -0.12323054E+02  0.20951294E+06 -0.25173238E+06 -0.13634642E+06 -0.94009541E+04 -0.25701098E+06 -0.24436814E+06 1989  237   10   14   24    0  0.79664528E+00  0.58287156E+00  0.16005321E+00  0.11795966E+00  0.10978314E+00 -0.98693120E+00 -0.59282529E+00  0.80511391E+00  0.18702891E-01
 1989  237   10   16    0    0  0.26184781E+06 -0.31445653E+06 -0.13138175E+06 -0.24038851E+02 -0.41061909E+02 -0.70999360E+01  0.61082803E+04 -0.33245988E+06 -0.27229781E+06 -0.82010406E+00 -0.12635310E+02 -0.12320787E+02  0.20656053E+06 -0.25416809E+06 -0.13633242E+06 -0.97859541E+04 -0.25712127E+06 -0.24423698E+06 1989  237   10   16    0    0  0.79686528E+00  0.58241916E+00  0.16060379E+00  0.11881009E+00  0.10957167E+00 -0.98685265E+00 -0.59235960E+00  0.80546999E+00  0.18116593E-01
 1989  237   10   17   36    0  0.25951312E+06 -0.31839125E+06 -0.13206328E+06 -0.24599836E+02 -0.40909962E+02 -0.70988541E+01  0.60295479E+04 -0.33367275E+06 -0.27348050E+06 -0.82015783E+00 -0.12632553E+02 -0.12318538E+02  0.20357989E+06 -0.25656923E+06 -0.13631823E+06 -0.10170939E+05 -0.25723120E+06 -0.24410548E+06 1989  237   10   17   36    0  0.79623413E+00  0.58325982E+00  0.16068412E+00  0.11958349E+00  0.10862555E+00 -0.98686397E+00 -0.59305245E+00  0.80498981E+00  0.16743124E-01
 1989  237   10   19   12    0  0.25712464E+06 -0.32231103E+06 -0.13274472E+06 -0.25160198E+02 -0.40750782E+02 -0.70977788E+01  0.59508110E+04 -0.33488534E+06 -0.27466297E+06 -0.82021016E+00 -0.12629821E+02 -0.12316304E+02  0.20057138E+06 -0.25893548E+06 -0.13630386E+06 -0.10555916E+05 -0.25734075E+06 -0.24397361E+06 1989  237   10   19   12    0  0.79687214E+00  0.58247304E+00  0.16037418E+00  0.11900851E+00  0.10891312E+00 -0.98690170E+00 -0.59231055E+00  0.80552036E+00  0.17470572E-01
 1989  237   10   20   47 1000  0.25468239E+06 -0.32621522E+06 -0.13342608E+06 -0.25719856E+02 -0.40584358E+02 -0.70967107E+01  0.58720684E+04 -0.33609769E+06 -0.27584522E+06 -0.82026118E+00 -0.12627110E+02 -0.12314087E+02  0.19753541E+06 -0.26126652E+06 -0.13628930E+06 -0.10940877E+05 -0.25744997E+06 -0.24384139E+06 1989  237   10   20   47 1000  0.79673386E+00  0.58277917E+00  0.15994903E+00  0.11811970E+00  0.10939414E+00 -0.98695534E+00 -0.59267449E+00  0.80523378E+00  0.18320329E-01
 1989  237   10   22   24    0  0.25218645E+06 -0.33010303E+06 -0.13410733E+06 -0.26278719E+02 -0.40410690E+02 -0.70956497E+01  0.57933203E+04 -0.33730972E+06 -0.27702725E+06 -0.82031089E+00 -0.12624421E+02 -0.12311886E+02  0.19447242E+06 -0.26356200E+06 -0.13627452E+06 -0.11325820E+05 -0.25755881E+06 -0.24370884E+06 1989  237   10   22   24    0  0.79655147E+00  0.58299029E+00  0.16008797E+00  0.11792879E+00  0.10987896E+00 -0.98692423E+00 -0.59295750E+00  0.80501491E+00  0.18772904E-01
 1989  237   10   24    0    0  0.24963692E+06 -0.33397381E+06 -0.13478844E+06 -0.26836679E+02 -0.40229774E+02 -0.70945950E+01  0.57145684E+04 -0.33852153E+06 -0.27820909E+06 -0.82035941E+00 -0.12621755E+02 -0.12309701E+02  0.19138286E+06 -0.26582159E+06 -0.13625958E+06 -0.11710748E+05 -0.25766728E+06 -0.24357597E+06 1989  237   10   24    0    0  0.79632193E+00  0.58311951E+00  0.16075753E+00  0.11843833E+00  0.11030841E+00 -0.98681527E+00 -0.59316409E+00  0.80486256E+00  0.18777322E-01
 1989  237   10   25   35 1000  0.24703384E+06 -0.33782688E+06 -0.13546947E+06 -0.27393663E+02 -0.40041618E+02 -0.70935473E+01  0.56358125E+04 -0.33973309E+06 -0.27939072E+06 -0.82040656E+00 -0.12619109E+02 -0.12307532E+02  0.18826706E+06 -0.26804506E+06 -0.13624445E+06 -0.12095658E+05 -0.25777541E+06 -0.24344272E+06 1989  237   10   25   35 1000  0.79609829E+00  0.58326697E+00  0.16132861E+00  0.11896080E+00  0.11055385E+00 -0.98672497E+00 -0.59335959E+00  0.80472195E+00  0.18625814E-01
 1989  237   10   27   12    0  0.24437734E+06 -0.34166156E+06 -0.13615041E+06 -0.27949587E+02 -0.39846218E+02 -0.70925059E+01  0.55570508E+04 -0.34094441E+06 -0.28057212E+06 -0.82045257E+00 -0.12616486E+02 -0.12305379E+02  0.18512550E+06 -0.27023206E+06 -0.13622911E+06 -0.12480553E+05 -0.25788316E+06 -0.24330912E+06 1989  237   10   27   12    0  0.79603732E+00  0.58324832E+00  0.16169803E+00  0.11955522E+00  0.11036949E+00 -0.98667377E+00 -0.59332234E+00  0.80476087E+00  0.18127851E-01
 1989  237   10   28   47 1000  0.24166758E+06 -0.34547712E+06 -0.13683122E+06 -0.28504349E+02 -0.39643581E+02 -0.70914712E+01  0.54782852E+04 -0.34215547E+06 -0.28175334E+06 -0.82049739E+00 -0.12613883E+02 -0.12303242E+02  0.18195862E+06 -0.27238231E+06 -0.13621358E+06 -0.12865430E+05 -0.25799052E+06 -0.24317522E+06 1989  237   10   28   47 1000  0.79629707E+00  0.58288467E+00  0.16172966E+00  0.11961010E+00  0.11036202E+00 -0.98666793E+00 -0.59296238E+00  0.80502528E+00  0.18162057E-01
 1989  237   10   30   24    0  0.23890458E+06 -0.34927288E+06 -0.13751194E+06 -0.29057859E+02 -0.39433704E+02 -0.70904431E+01  0.53995156E+04 -0.34336628E+06 -0.28293438E+06 -0.82054102E+00 -0.12611300E+02 -0.12301120E+02  0.17876681E+06 -0.27449550E+06 -0.13619784E+06 -0.13250287E+05 -0.25809755E+06 -0.24304097E+06 1989  237   10   30   24    0  0.79661804E+00  0.58250678E+00  0.16151105E+00  0.11947338E+00  0.11019422E+00 -0.98670340E+00 -0.59255892E+00  0.80532181E+00  0.18188655E-01
 1989  237   10   32    0    0  0.23608850E+06 -0.35304816E+06 -0.13819259E+06 -0.29610027E+02 -0.39216595E+02 -0.70894213E+01  0.53207422E+04 -0.34457684E+06 -0.28411519E+06 -0.82058352E+00 -0.12608739E+02 -0.12299013E+02  0.17555052E+06 -0.27657131E+06 -0.13618194E+06 -0.13635124E+05 -0.25820420E+06 -0.24290633E+06 1989  237   10   32    0    0  0.79686970E+00  0.58221352E+00  0.16132624E+00  0.11932194E+00  0.11010005E+00 -0.98673218E+00 -0.59225082E+00  0.80554670E+00  0.18264536E-01
 1989  237   10   33   36    0  0.23321945E+06 -0.35680228E+06 -0.13887312E+06 -0.30160769E+02 -0.38992256E+02 -0.70884061E+01  0.52419644E+04 -0.34578716E+06 -0.28529578E+06 -0.82062489E+00 -0.12606198E+02 -0.12296921E+02  0.17231016E+06 -0.27860950E+06 -0.13616581E+06 -0.14019946E+05 -0.25831048E+06 -0.24277136E+06 1989  237   10   33   36    0  0.79640800E+00  0.58292973E+00  0.16101986E+00  0.11887209E+00  0.11016829E+00 -0.98677880E+00 -0.59296197E+00  0.80501920E+00  0.18444836E-01
 1989  237   10   35   12    0  0.23029764E+06 -0.36053447E+06 -0.13955358E+06 -0.30710001E+02 -0.38760696E+02 -0.70873971E+01  0.51631807E+04 -0.34699722E+06 -0.28647619E+06 -0.82066518E+00 -0.12603677E+02 -0.12294845E+02  0.16904619E+06 -0.28060984E+06 -0.13614950E+06 -0.14404749E+05 -0.25841642E+06 -0.24263608E+06 1989  237   10   35   12    0  0.79693252E+00  0.58226931E+00  0.16081420E+00  0.11872324E+00  0.11004984E+00 -0.98680997E+00 -0.59228671E+00  0.80551326E+00  0.18573388E-01
 1989  237   10   36   47 1000  0.22732322E+06 -0.36424409E+06 -0.14023392E+06 -0.31257618E+02 -0.38521927E+02 -0.70863943E+01  0.50843955E+04 -0.34820706E+06 -0.28765641E+06 -0.82070440E+00 -0.12601175E+02 -0.12292782E+02  0.16575905E+06 -0.28257194E+06 -0.13613303E+06 -0.14789528E+05 -0.25852198E+06 -0.24250045E+06 1989  237   10   36   47 1000  0.79682684E+00  0.58248329E+00  0.16056281E+00  0.11849619E+00  0.10992707E+00 -0.98685092E+00 -0.59247434E+00  0.80537528E+00  0.18570781E-01
 1989  237   10   38   24    0  0.22429627E+06 -0.36793044E+06 -0.14091417E+06 -0.31803526E+02 -0.38275951E+02 -0.70853977E+01  0.50056064E+04 -0.34941666E+06 -0.28883641E+06 -0.82074255E+00 -0.12598694E+02 -0.12290734E+02  0.16244922E+06 -0.28449562E+06 -0.13611634E+06 -0.15174286E+05 -0.25862716E+06 -0.24236448E+06 1989  237   10   38   24    0  0.79663008E+00  0.58282411E+00  0.16030109E+00  0.11814836E+00  0.10994582E+00 -0.98689049E+00 -0.59280807E+00  0.80512601E+00  0.18726438E-01
 1989  237   10   40    0    0  0.22121697E+06 -0.37159284E+06 -0.14159431E+06 -0.32347649E+02 -0.38022778E+02 -0.70844073E+01  0.49268135E+04 -0.35062600E+06 -0.29001622E+06 -0.82077968E+00 -0.12596231E+02 -0.12288701E+02  0.15911711E+06 -0.28638062E+06 -0.13609944E+06 -0.15559022E+05 -0.25873200E+06 -0.24222816E+06 1989  237   10   40    0    0  0.79655623E+00  0.58298957E+00  0.16006698E+00  0.11787651E+00  0.10991459E+00 -0.98692656E+00 -0.59296161E+00  0.80501056E+00  0.18832359E-01
 1989  237   10   41   36    0  0.21808558E+06 -0.37523059E+06 -0.14227434E+06 -0.32889893E+02 -0.37762432E+02 -0.70834236E+01  0.48480166E+04 -0.35183512E+06 -0.29119584E+06 -0.82081580E+00 -0.12593787E+02 -0.12286682E+02  0.15576320E+06 -0.28822662E+06 -0.13608238E+06 -0.15943739E+05 -0.25883647E+06 -0.24209147E+06 1989  237   10   41   36    0  0.79622626E+00  0.58334005E+00  0.16043103E+00  0.11837512E+00  0.10983661E+00 -0.98687547E+00 -0.59330523E+00  0.80476719E+00  0.18401850E-01
 1989  237   10   43   12    0  0.21490222E+06 -0.37884300E+06 -0.14295431E+06 -0.33430161E+02 -0.37494915E+02 -0.70824456E+01  0.47692158E+04 -0.35304403E+06 -0.29237525E+06 -0.82085097E+00 -0.12591363E+02 -0.12284678E+02  0.15238792E+06 -0.29003344E+06 -0.13606512E+06 -0.16328432E+05 -0.25894056E+06 -0.24195447E+06 1989  237   10   43   12    0  0.79604834E+00  0.58347934E+00  0.16080764E+00  0.11889595E+00  0.10975808E+00 -0.98682165E+00 -0.59343994E+00  0.80467701E+00  0.17999407E-01
 1989  237   10   44   47 1000  0.21166705E+06 -0.38242938E+06 -0.14363419E+06 -0.33968369E+02 -0.37220234E+02 -0.70814738E+01  0.46904131E+04 -0.35425269E+06 -0.29355447E+06 -0.82088518E+00 -0.12588956E+02 -0.12282687E+02  0.14899170E+06 -0.29180075E+06 -0.13604766E+06 -0.16713102E+05 -0.25904431E+06 -0.24181712E+06 1989  237   10   44   47 1000  0.79612815E+00  0.58323717E+00  0.16129035E+00  0.11957785E+00  0.10965381E+00 -0.98675084E+00 -0.59319586E+00  0.80486679E+00  0.17556231E-01
 1989  237   10   46   24    0  0.20838033E+06 -0.38598906E+06 -0.14431398E+06 -0.34504429E+02 -0.36938412E+02 -0.70805078E+01  0.46116060E+04 -0.35546109E+06 -0.29473353E+06 -0.82091844E+00 -0.12586568E+02 -0.12280710E+02  0.14557506E+06 -0.29352838E+06 -0.13603003E+06 -0.17097750E+05 -0.25914769E+06 -0.24167944E+06 1989  237   10   46   24    0  0.79609090E+00  0.58332074E+00  0.16117224E+00  0.11952183E+00  0.10952809E+00 -0.98677170E+00 -0.59325719E+00  0.80482340E+00  0.17474756E-01
 1989  237   10   48    0    0  0.20504227E+06 -0.38952138E+06 -0.14499367E+06 -0.35038250E+02 -0.36649460E+02 -0.70795479E+01  0.45327969E+04 -0.35666931E+06 -0.29591241E+06 -0.82095081E+00 -0.12584198E+02 -0.12278748E+02  0.14213845E+06 -0.29521606E+06 -0.13601220E+06 -0.17482373E+05 -0.25925067E+06 -0.24154141E+06 1989  237   10   48    0    0  0.79631460E+00  0.58308733E+00  0.16090998E+00  0.11930940E+00  0.10938367E+00 -0.98681331E+00 -0.59299934E+00  0.80501199E+00  0.17536022E-01
 1989  237   10   49   36    0  0.20165308E+06 -0.39302556E+06 -0.14567327E+06 -0.35569740E+02 -0.36353409E+02 -0.70785942E+01  0.44539844E+04 -0.35787728E+06 -0.29709106E+06 -0.82098216E+00 -0.12581846E+02 -0.12276797E+02  0.13868231E+06 -0.29686356E+06 -0.13599417E+06 -0.17866971E+05 -0.25935333E+06 -0.24140302E+06 1989  237   10   49   36    0  0.79659724E+00  0.58277738E+00  0.16063426E+00  0.11906268E+00  0.10926625E+00 -0.98685610E+00 -0.59266931E+00  0.80525243E+00  0.17654169E-01
 1989  237   10   51   11 1000  0.19821297E+06 -0.39650097E+06 -0.14635277E+06 -0.36098804E+02 -0.36050262E+02 -0.70776458E+01  0.43751680E+04 -0.35908500E+06 -0.29826953E+06 -0.82101268E+00 -0.12579512E+02 -0.12274861E+02  0.13520714E+06 -0.29847066E+06 -0.13597595E+06 -0.18251545E+05 -0.25945561E+06 -0.24126433E+06 1989  237   10   51   11 1000  0.79676414E+00  0.58261615E+00  0.16039187E+00  0.11889292E+00  0.10909490E+00 -0.98689562E+00 -0.59247917E+00  0.80539244E+00  0.17653976E-01
 1989  237   10   52   48    0  0.19472219E+06 -0.39994697E+06 -0.14703217E+06 -0.36625351E+02 -0.35740036E+02 -0.70767031E+01  0.42963496E+04 -0.36029253E+06 -0.29944781E+06 -0.82104236E+00 -0.12577195E+02 -0.12272939E+02  0.13171341E+06 -0.30003716E+06 -0.13595752E+06 -0.18636092E+05 -0.25955752E+06 -0.24112527E+06 1989  237   10   52   48    0  0.79632580E+00  0.58328676E+00  0.16013083E+00  0.11849409E+00  0.10917246E+00 -0.98693490E+00 -0.59314799E+00  0.80489624E+00  0.17820805E-01
 1989  237   10   54   24    0  0.19118097E+06 -0.40336281E+06 -0.14771147E+06 -0.37149303E+02 -0.35422752E+02 -0.70757666E+01  0.42175273E+04 -0.36149984E+06 -0.30062594E+06 -0.82107121E+00 -0.12574896E+02 -0.12271029E+02  0.12820156E+06 -0.30156281E+06 -0.13593889E+06 -0.19020611E+05 -0.25965905E+06 -0.24098586E+06 1989  237   10   54   24    0  0.79631191E+00  0.58338475E+00  0.15984268E+00  0.11828616E+00  0.10896640E+00 -0.98698264E+00 -0.59320813E+00  0.80485314E+00  0.17764889E-01
 1989  237   10   56    0    0  0.18758959E+06 -0.40674788E+06 -0.14839069E+06 -0.37670570E+02 -0.35098446E+02 -0.70748358E+01  0.41387031E+04 -0.36270694E+06 -0.30180388E+06 -0.82109916E+00 -0.12572614E+02 -0.12269132E+02  0.12467209E+06 -0.30304744E+06 -0.13592011E+06 -0.19405104E+05 -0.25976020E+06 -0.24084614E+06 1989  237   10   56    0    0  0.79682785E+00  0.58276230E+00  0.15954137E+00  0.11808830E+00  0.10875119E+00 -0.98703003E+00 -0.59255421E+00  0.80533302E+00  0.17838564E-01
 1989  237   10   57   36    0  0.18394831E+06 -0.41010147E+06 -0.14906984E+06 -0.38189049E+02 -0.34767124E+02 -0.70739102E+01  0.40598779E+04 -0.36391381E+06 -0.30298162E+06 -0.82112634E+00 -0.12570348E+02 -0.12267248E+02  0.12112546E+06 -0.30449081E+06 -0.13590114E+06 -0.19789570E+05 -0.25986100E+06 -0.24070608E+06 1989  237   10   57   36    0  0.79659623E+00  0.58306146E+00  0.15960491E+00  0.11814900E+00  0.10876453E+00 -0.98702133E+00 -0.59285343E+00  0.80511463E+00  0.17753292E-01
 1989  237   10   59   11 1000  0.18025739E+06 -0.41342297E+06 -0.14974892E+06 -0.38704662E+02 -0.34428806E+02 -0.70729909E+01  0.39810493E+04 -0.36512044E+06 -0.30415919E+06 -0.82115269E+00 -0.12568099E+02 -0.12265377E+02  0.11756219E+06 -0.30589275E+06 -0.13588195E+06 -0.20174010E+05 -0.25996147E+06 -0.24056566E+06 1989  237   10   59   11 1000  0.79642296E+00  0.58317280E+00  0.16006288E+00  0.11872628E+00  0.10874720E+00 -0.98695409E+00 -0.59297109E+00  0.80503643E+00  0.17370831E-01
 1989  237   11    0   48    0  0.17651709E+06 -0.41671166E+06 -0.15042786E+06 -0.39217323E+02 -0.34083530E+02 -0.70720768E+01  0.39022173E+04 -0.36632684E+06 -0.30533656E+06 -0.82117826E+00 -0.12565866E+02 -0.12263518E+02  0.11398274E+06 -0.30725306E+06 -0.13586258E+06 -0.20558420E+05 -0.26006156E+06 -0.24042491E+06 1989  237   11    0   48    0  0.79618526E+00  0.58338070E+00  0.16048704E+00  0.11918774E+00  0.10882686E+00 -0.98688954E+00 -0.59319758E+00  0.80487496E+00  0.17114516E-01
 1989  237   11    2   24    0  0.17272772E+06 -0.41996678E+06 -0.15110673E+06 -0.39726936E+02 -0.33731319E+02 -0.70711679E+01  0.38233828E+04 -0.36753306E+06 -0.30651378E+06 -0.82120305E+00 -0.12563651E+02 -0.12261672E+02  0.11038759E+06 -0.30857156E+06 -0.13584302E+06 -0.20942801E+05 -0.26016125E+06 -0.24028381E+06 1989  237   11    2   24    0  0.79595506E+00  0.58357948E+00  0.16090481E+00  0.11959845E+00  0.10896513E+00 -0.98682457E+00 -0.59342360E+00  0.80471212E+00  0.16936142E-01
 1989  237   11    4    0    0  0.16888961E+06 -0.42318781E+06 -0.15178555E+06 -0.40233410E+02 -0.33372196E+02 -0.70702648E+01  0.37445464E+04 -0.36873909E+06 -0.30769081E+06 -0.82122701E+00 -0.12561452E+02 -0.12259839E+02  0.10677723E+06 -0.30984806E+06 -0.13582325E+06 -0.21327152E+05 -0.26026059E+06 -0.24014238E+06 1989  237   11    4    0    0  0.79589778E+00  0.58369780E+00  0.16076040E+00  0.11932583E+00  0.10908785E+00 -0.98684418E+00 -0.59355569E+00  0.80460978E+00  0.17172560E-01
 1989  237   11    5   36    0  0.16500303E+06 -0.42637403E+06 -0.15246423E+06 -0.40736660E+02 -0.33006187E+02 -0.70693669E+01  0.36657075E+04 -0.36994491E+06 -0.30886766E+06 -0.82125032E+00 -0.12559268E+02 -0.12258018E+02  0.10315215E+06 -0.31108238E+06 -0.13580331E+06 -0.21711475E+05 -0.26035956E+06 -0.24000059E+06 1989  237   11    5   36    0  0.79590911E+00  0.58371711E+00  0.16063380E+00  0.11912216E+00  0.10915042E+00 -0.98686182E+00 -0.59358132E+00  0.80458724E+00  0.17340168E-01
 1989  237   11    7   11 1000  0.16106830E+06 -0.42952475E+06 -0.15314283E+06 -0.41236595E+02 -0.32633316E+02 -0.70684743E+01  0.35868665E+04 -0.37115047E+06 -0.31004434E+06 -0.82127291E+00 -0.12557099E+02 -0.12256207E+02  0.99512891E+05 -0.31227434E+06 -0.13578316E+06 -0.22095766E+05 -0.26045814E+06 -0.23985850E+06 1989  237   11    7   11 1000  0.79594666E+00  0.58372498E+00  0.16041875E+00  0.11882499E+00  0.10919151E+00 -0.98689300E+00 -0.59359044E+00  0.80457586E+00  0.17549507E-01
 1989  237   11    8   48    0  0.15708572E+06 -0.43263938E+06 -0.15382136E+06 -0.41733139E+02 -0.32253628E+02 -0.70675869E+01  0.35080234E+04 -0.37235584E+06 -0.31122088E+06 -0.82129478E+00 -0.12554948E+02 -0.12254411E+02  0.95859883E+05 -0.31342381E+06 -0.13576281E+06 -0.22480023E+05 -0.26055639E+06 -0.23971605E+06 1989  237   11    8   48    0  0.79616255E+00  0.58345914E+00  0.16031429E+00  0.11866462E+00  0.10924317E+00 -0.98690659E+00 -0.59333289E+00  0.80476171E+00  0.17739370E-01
 1989  237   11   10   24    0  0.15305564E+06 -0.43571722E+06 -0.15449983E+06 -0.42226192E+02 -0.31867140E+02 -0.70667048E+01  0.34291782E+04 -0.37356103E+06 -0.31239722E+06 -0.82131594E+00 -0.12552811E+02 -0.12252625E+02  0.92193625E+05 -0.31453059E+06 -0.13574231E+06 -0.22864250E+05 -0.26065427E+06 -0.23957327E+06 1989  237   11   10   24    0  0.79633301E+00  0.58327651E+00  0.16013280E+00  0.11839329E+00  0.10931301E+00 -0.98693150E+00 -0.59315854E+00  0.80488461E+00  0.17993551E-01
 1989  237   11   12    0    0  0.14897839E+06 -0.43875769E+06 -0.15517820E+06 -0.42715675E+02 -0.31473883E+02 -0.70658283E+01  0.33503306E+04 -0.37476600E+06 -0.31357338E+06 -0.82133645E+00 -0.12550689E+02 -0.12250852E+02  0.88514641E+05 -0.31559459E+06 -0.13572162E+06 -0.23248447E+05 -0.26075177E+06 -0.23943014E+06 1989  237   11   12    0    0  0.79653478E+00  0.58307207E+00  0.15987231E+00  0.11802991E+00  0.10937567E+00 -0.98696798E+00 -0.59295964E+00  0.80502409E+00  0.18301599E-01
 1989  237   11   13   36    0  0.14485433E+06 -0.44176006E+06 -0.15585648E+06 -0.43201500E+02 -0.31073898E+02 -0.70649571E+01  0.32714810E+04 -0.37597075E+06 -0.31474934E+06 -0.82135618E+00 -0.12548582E+02 -0.12249089E+02  0.84823406E+05 -0.31661562E+06 -0.13570072E+06 -0.23632611E+05 -0.26084892E+06 -0.23928667E+06 1989  237   11   13   36    0  0.79666126E+00  0.58289003E+00  0.15990719E+00  0.11805698E+00  0.10940471E+00 -0.98696160E+00 -0.59278464E+00  0.80515218E+00  0.18344283E-01
 1989  237   11   15   11 1000  0.14068383E+06 -0.44472369E+06 -0.15653467E+06 -0.43683563E+02 -0.30667223E+02 -0.70640907E+01  0.31926299E+04 -0.37717531E+06 -0.31592516E+06 -0.82137531E+00 -0.12546491E+02 -0.12247338E+02  0.81120445E+05 -0.31759356E+06 -0.13567962E+06 -0.24016742E+05 -0.26094570E+06 -0.23914289E+06 1989  237   11   15   11 1000  0.79671770E+00  0.58280593E+00  0.15993203E+00  0.11807150E+00  0.10942990E+00 -0.98695707E+00 -0.59270579E+00  0.80520952E+00  0.18371962E-01
 1989  237   11   16   48    0  0.13646723E+06 -0.44764794E+06 -0.15721277E+06 -0.44161797E+02 -0.30253881E+02 -0.70632291E+01  0.31137771E+04 -0.37837969E+06 -0.31710084E+06 -0.82139385E+00 -0.12544414E+02 -0.12245599E+02  0.77406266E+05 -0.31852822E+06 -0.13565834E+06 -0.24400838E+05 -0.26104206E+06 -0.23899875E+06 1989  237   11   16   48    0  0.79689503E+00  0.58251601E+00  0.16010518E+00  0.11825700E+00  0.10948048E+00 -0.98692930E+00 -0.59243047E+00  0.80541241E+00  0.18357851E-01
 1989  237   11   18   24    0  0.13220492E+06 -0.45053219E+06 -0.15789080E+06 -0.44636120E+02 -0.29833910E+02 -0.70623732E+01  0.30349224E+04 -0.37958384E+06 -0.31827634E+06 -0.82141167E+00 -0.12542351E+02 -0.12243871E+02  0.73681375E+05 -0.31941953E+06 -0.13563684E+06 -0.24784898E+05 -0.26113809E+06 -0.23885428E+06 1989  237   11   18   24    0  0.79695547E+00  0.58239877E+00  0.16022994E+00  0.11842929E+00  0.10946071E+00 -0.98691076E+00 -0.59231454E+00  0.80549985E+00  0.18262237E-01
 1989  237   11   20    0    0  0.12789723E+06 -0.45337581E+06 -0.15856873E+06 -0.45106426E+02 -0.29407362E+02 -0.70615220E+01  0.29560662E+04 -0.38078781E+06 -0.31945166E+06 -0.82142889E+00 -0.12540303E+02 -0.12242154E+02  0.69946242E+05 -0.32026734E+06 -0.13561516E+06 -0.25168924E+05 -0.26123378E+06 -0.23870947E+06 1989  237   11   20    0    0  0.79637331E+00  0.58313465E+00  0.16044852E+00  0.11850892E+00  0.10969242E+00 -0.98687553E+00 -0.59308124E+00  0.80493581E+00  0.18249471E-01
 1989  237   11   21   36    0  0.12354459E+06 -0.45617819E+06 -0.15924661E+06 -0.45572632E+02 -0.28974260E+02 -0.70606756E+01  0.28772085E+04 -0.38199159E+06 -0.32062681E+06 -0.82144552E+00 -0.12538269E+02 -0.12240449E+02  0.66201406E+05 -0.32107159E+06 -0.13559330E+06 -0.25552914E+05 -0.26132906E+06 -0.23856431E+06 1989  237   11   21   36    0  0.79683489E+00  0.58248180E+00  0.16052765E+00  0.11871105E+00  0.10957575E+00 -0.98686421E+00 -0.59242034E+00  0.80542421E+00  0.18166754E-01
 1989  237   11   23   12    0  0.11914741E+06 -0.45893866E+06 -0.15992439E+06 -0.46034668E+02 -0.28534645E+02 -0.70598340E+01  0.27983489E+04 -0.38319516E+06 -0.32180181E+06 -0.82146156E+00 -0.12536250E+02 -0.12238754E+02  0.62447367E+05 -0.32183209E+06 -0.13557123E+06 -0.25936865E+05 -0.26142397E+06 -0.23841884E+06 1989  237   11   23   12    0  0.79666013E+00  0.58268267E+00  0.16066656E+00  0.11882180E+00  0.10965151E+00 -0.98684251E+00 -0.59263325E+00  0.80526865E+00  0.18119581E-01
 1989  237   11   24   47 1000  0.11470605E+06 -0.46165662E+06 -0.16060208E+06 -0.46492447E+02 -0.28088556E+02 -0.70589976E+01  0.27194875E+04 -0.38439853E+06 -0.32297666E+06 -0.82147700E+00 -0.12534245E+02 -0.12237070E+02  0.58684594E+05 -0.32254881E+06 -0.13554898E+06 -0.26320785E+05 -0.26151853E+06 -0.23827303E+06 1989  237   11   24   47 1000  0.79650956E+00  0.58284461E+00  0.16082573E+00  0.11894771E+00  0.10974224E+00 -0.98681724E+00 -0.59281045E+00  0.80513906E+00  0.18082727E-01
 1989  237   11   26   24    0  0.11022095E+06 -0.46433147E+06 -0.16127970E+06 -0.46945885E+02 -0.27636036E+02 -0.70581660E+01  0.26406248E+04 -0.38560172E+06 -0.32415134E+06 -0.82149184E+00 -0.12532253E+02 -0.12235396E+02  0.54913637E+05 -0.32322156E+06 -0.13552658E+06 -0.26704668E+05 -0.26161270E+06 -0.23812686E+06 1989  237   11   26   24    0  0.79636472E+00  0.58300376E+00  0.16096583E+00  0.11902097E+00  0.10987237E+00 -0.98679388E+00 -0.59299016E+00  0.80500603E+00  0.18108796E-01
 1989  237   11   28    0    0  0.10569256E+06 -0.46696256E+06 -0.16195723E+06 -0.47394886E+02 -0.27177141E+02 -0.70573392E+01  0.25617610E+04 -0.38680472E+06 -0.32532588E+06 -0.82150614E+00 -0.12530275E+02 -0.12233734E+02  0.51135027E+05 -0.32385031E+06 -0.13550395E+06 -0.27088510E+05 -0.26170652E+06 -0.23798036E+06 1989  237   11   28    0    0  0.79613912E+00  0.58325803E+00  0.16116014E+00  0.11917770E+00  0.10997681E+00 -0.98676330E+00 -0.59326148E+00  0.80480760E+00  0.18045485E-01
 1989  237   11   29   35 1000  0.10112130E+06 -0.46954928E+06 -0.16263470E+06 -0.47839371E+02 -0.26711899E+02 -0.70565171E+01  0.24828958E+04 -0.38800753E+06 -0.32650022E+06 -0.82151991E+00 -0.12528311E+02 -0.12232082E+02  0.47349254E+05 -0.32443497E+06 -0.13548111E+06 -0.27472314E+05 -0.26179998E+06 -0.23783352E+06 1989  237   11   29   35 1000  0.79613411E+00  0.58324850E+00  0.16121875E+00  0.11932543E+00  0.10987532E+00 -0.98675680E+00 -0.59323835E+00  0.80482829E+00  0.17879106E-01
 1989  237   11   31   12    0  0.96507578E+05 -0.47209103E+06 -0.16331211E+06 -0.48279263E+02 -0.26240355E+02 -0.70556998E+01  0.24040293E+04 -0.38921016E+06 -0.32767441E+06 -0.82153308E+00 -0.12526360E+02 -0.12230441E+02  0.43556836E+05 -0.32497544E+06 -0.13545811E+06 -0.27856080E+05 -0.26189308E+06 -0.23768636E+06 1989  237   11   31   12    0  0.79605013E+00  0.58332276E+00  0.16136539E+00  0.11946471E+00  0.10993023E+00 -0.98673379E+00 -0.59332323E+00  0.80476701E+00  0.17823491E-01
 1989  237   11   32   47 1000  0.91851828E+05 -0.47458722E+06 -0.16398942E+06 -0.48714478E+02 -0.25762564E+02 -0.70548873E+01  0.23251616E+04 -0.39041259E+06 -0.32884847E+06 -0.82154578E+00 -0.12524422E+02 -0.12228810E+02  0.39758285E+05 -0.32547162E+06 -0.13543492E+06 -0.28239807E+05 -0.26198577E+06 -0.23753889E+06 1989  237   11   32   47 1000  0.79618323E+00  0.58313233E+00  0.16139670E+00  0.11949168E+00  0.10995333E+00 -0.98672795E+00 -0.59313905E+00  0.80490184E+00  0.17863534E-01
 1989  237   11   34   24    0  0.87154547E+05 -0.47703725E+06 -0.16466664E+06 -0.49144928E+02 -0.25278561E+02 -0.70540791E+01  0.22462927E+04 -0.39161484E+06 -0.33002238E+06 -0.82155788E+00 -0.12522497E+02 -0.12227189E+02  0.35954117E+05 -0.32592353E+06 -0.13541152E+06 -0.28623492E+05 -0.26207809E+06 -0.23739108E+06 1989  237   11   34   24    0  0.79631716E+00  0.58298087E+00  0.16128372E+00  0.11931570E+00  0.11000797E+00 -0.98674315E+00 -0.59299487E+00  0.80500406E+00  0.18042479E-01
 1989  237   11   36    0    0  0.82416172E+05 -0.47944050E+06 -0.16534380E+06 -0.49570538E+02 -0.24788410E+02 -0.70532756E+01  0.21674229E+04 -0.39281694E+06 -0.33119609E+06 -0.82156950E+00 -0.12520586E+02 -0.12225577E+02  0.32144850E+05 -0.32633103E+06 -0.13538792E+06 -0.29007139E+05 -0.26217009E+06 -0.23724288E+06 1989  237   11   36    0    0  0.79645026E+00  0.58284962E+00  0.16110091E+00  0.11913961E+00  0.10994437E+00 -0.98677158E+00 -0.59285152E+00  0.80510789E+00  0.18124741E-01
 1989  237   11   37   36    0  0.77637156E+05 -0.48179644E+06 -0.16602089E+06 -0.49991222E+02 -0.24292147E+02 -0.70524764E+01  0.20885513E+04 -0.39401881E+06 -0.33236966E+06 -0.82158059E+00 -0.12518687E+02 -0.12223977E+02  0.28330979E+05 -0.32669406E+06 -0.13536412E+06 -0.29390746E+05 -0.26226169E+06 -0.23709438E+06 1989  237   11   37   36    0  0.79660654E+00  0.58267987E+00  0.16094141E+00  0.11896928E+00  0.10991372E+00 -0.98679543E+00 -0.59267551E+00  0.80523479E+00  0.18236980E-01
 1989  237   11   39   12    0  0.72817984E+05 -0.48410444E+06 -0.16669789E+06 -0.50406906E+02 -0.23789816E+02 -0.70516820E+01  0.20096786E+04 -0.39522050E+06 -0.33354312E+06 -0.82159120E+00 -0.12516802E+02 -0.12222386E+02  0.24513045E+05 -0.32701262E+06 -0.13534019E+06 -0.29774312E+05 -0.26235291E+06 -0.23694553E+06 1989  237   11   39   12    0  0.79672611E+00  0.58256102E+00  0.16077942E+00  0.11879101E+00  0.10988779E+00 -0.98681974E+00 -0.59255046E+00  0.80532432E+00  0.18347453E-01
 1989  237   11   40   47 1000  0.67959188E+05 -0.48636391E+06 -0.16737480E+06 -0.50817497E+02 -0.23281479E+02 -0.70508928E+01  0.19308054E+04 -0.39642203E+06 -0.33471641E+06 -0.82160133E+00 -0.12514928E+02 -0.12220805E+02  0.20691586E+05 -0.32728662E+06 -0.13531606E+06 -0.30157834E+05 -0.26244378E+06 -0.23679634E+06 1989  237   11   40   47 1000  0.79635870E+00  0.58311057E+00  0.16060877E+00  0.11871311E+00  0.10968564E+00 -0.98685175E+00 -0.59306008E+00  0.80495423E+00  0.18126253E-01
 1989  237   11   42   24    0  0.63061238E+05 -0.48857428E+06 -0.16805164E+06 -0.51222923E+02 -0.22767181E+02 -0.70501070E+01  0.18519314E+04 -0.39762338E+06 -0.33588950E+06 -0.82161099E+00 -0.12513067E+02 -0.12219234E+02  0.16867109E+05 -0.32751606E+06 -0.13529169E+06 -0.30541312E+05 -0.26253428E+06 -0.23664684E+06 1989  237   11   42   24    0  0.79695535E+00  0.58235091E+00  0.16040479E+00  0.11832650E+00  0.10989675E+00 -0.98687470E+00 -0.59233528E+00  0.80547512E+00  0.18675253E-01
 1989  237   11   44    0    0  0.58124598E+05 -0.49073500E+06 -0.16872842E+06 -0.51623104E+02 -0.22246988E+02 -0.70493255E+01  0.17730564E+04 -0.39882453E+06 -0.33706247E+06 -0.82162017E+00 -0.12511218E+02 -0.12217672E+02  0.13040113E+05 -0.32770088E+06 -0.13526712E+06 -0.30924750E+05 -0.26262441E+06 -0.23649700E+06 1989  237   11   44    0    0  0.79696256E+00  0.58238184E+00  0.16025716E+00  0.11812507E+00  0.10992099E+00 -0.98689616E+00 -0.59236598E+00  0.80544949E+00  0.18809032E-01
 1989  237   11   45   36    0  0.53149789E+05 -0.49284550E+06 -0.16940511E+06 -0.52017960E+02 -0.21720943E+02 -0.70485487E+01  0.16941805E+04 -0.40002553E+06 -0.33823528E+06 -0.82162887E+00 -0.12509382E+02 -0.12216121E+02  0.92111299E+04 -0.32784106E+06 -0.13524241E+06 -0.31308141E+05 -0.26271416E+06 -0.23634683E+06 1989  237   11   45   36    0  0.79688501E+00  0.58249044E+00  0.16024758E+00  0.11811110E+00  0.10991947E+00 -0.98689795E+00 -0.59247297E+00  0.80537117E+00  0.18794600E-01
 1989  237   11   47   12    0  0.48137336E+05 -0.49490525E+06 -0.17008173E+06 -0.52407417E+02 -0.21189100E+02 -0.70477762E+01  0.16153040E+04 -0.40122634E+06 -0.33940797E+06 -0.82163715E+00 -0.12507558E+02 -0.12214578E+02  0.53806826E+04 -0.32793656E+06 -0.13521750E+06 -0.31691488E+05 -0.26280353E+06 -0.23619633E+06 1989  237   11   47   12    0  0.79680860E+00  0.58257914E+00  0.16030502E+00  0.11819719E+00  0.10989579E+00 -0.98689026E+00 -0.59255850E+00  0.80531019E+00  0.18706705E-01
 1989  237   11   48   48    0  0.43087754E+05 -0.49691362E+06 -0.17075830E+06 -0.52791401E+02 -0.20651520E+02 -0.70470080E+01  0.15364265E+04 -0.40242697E+06 -0.34058050E+06 -0.82164496E+00 -0.12505746E+02 -0.12213044E+02  0.15492860E+04 -0.32798738E+06 -0.13519241E+06 -0.32074793E+05 -0.26289250E+06 -0.23604548E+06 1989  237   11   48   48    0  0.79664630E+00  0.58275676E+00  0.16046557E+00  0.11836749E+00  0.10992755E+00 -0.98686630E+00 -0.59274256E+00  0.80517727E+00  0.18593915E-01
 1989  237   11   50   24    0  0.38001547E+05 -0.49887016E+06 -0.17143477E+06 -0.53169830E+02 -0.20108253E+02 -0.70462446E+01  0.14575480E+04 -0.40362744E+06 -0.34175291E+06 -0.82165235E+00 -0.12503945E+02 -0.12211520E+02 -0.22825598E+04 -0.32799350E+06 -0.13516709E+06 -0.32458053E+05 -0.26298112E+06 -0.23589433E+06 1989  237   11   50   24    0  0.79660046E+00  0.58279145E+00  0.16056798E+00  0.11845943E+00  0.10997373E+00 -0.98685014E+00 -0.59278601E+00  0.80514598E+00  0.18567979E-01
 1989  237   11   52    0    0  0.32879285E+05 -0.50077428E+06 -0.17211117E+06 -0.53542625E+02 -0.19559359E+02 -0.70454850E+01  0.13786686E+04 -0.40482775E+06 -0.34292512E+06 -0.82165927E+00 -0.12502156E+02 -0.12210007E+02 -0.61143101E+04 -0.32795497E+06 -0.13514159E+06 -0.32841266E+05 -0.26306941E+06 -0.23574283E+06 1989  237   11   52    0    0  0.79638821E+00  0.58307171E+00  0.16060276E+00  0.11851817E+00  0.10994158E+00 -0.98684663E+00 -0.59305930E+00  0.80494732E+00  0.18451579E-01
 1989  237   11   53   36    0  0.27721533E+05 -0.50262541E+06 -0.17278752E+06 -0.53909706E+02 -0.19004896E+02 -0.70447292E+01  0.12997891E+04 -0.40602788E+06 -0.34409719E+06 -0.82166582E+00 -0.12500380E+02 -0.12208501E+02 -0.99454268E+04 -0.32787178E+06 -0.13511594E+06 -0.33224434E+05 -0.26315731E+06 -0.23559097E+06 1989  237   11   53   36    0  0.79640293E+00  0.58300805E+00  0.16076128E+00  0.11872558E+00  0.10992919E+00 -0.98682314E+00 -0.59299815E+00  0.80499524E+00  0.18329967E-01
 1989  237   11   55   11 1000  0.22528820E+05 -0.50442303E+06 -0.17346377E+06 -0.54271008E+02 -0.18444925E+02 -0.70439782E+01  0.12209091E+04 -0.40722781E+06 -0.34526912E+06 -0.82167196E+00 -0.12498614E+02 -0.12207005E+02 -0.13775410E+05 -0.32774384E+06 -0.13509005E+06 -0.33607551E+05 -0.26324481E+06 -0.23543878E+06 1989  237   11   55   11 1000  0.79629338E+00  0.58312303E+00  0.16088694E+00  0.11890711E+00  0.10988979E+00 -0.98680568E+00 -0.59310889E+00  0.80491734E+00  0.18167052E-01
 1989  237   11   56   48    0  0.17301699E+05 -0.50616659E+06 -0.17413995E+06 -0.54626446E+02 -0.17879517E+02 -0.70432310E+01  0.11420283E+04 -0.40842759E+06 -0.34644094E+06 -0.82167768E+00 -0.12496861E+02 -0.12205518E+02 -0.17603742E+05 -0.32757125E+06 -0.13506395E+06 -0.33990625E+05 -0.26333197E+06 -0.23528628E+06 1989  237   11   56   48    0  0.79611123E+00  0.58334911E+00  0.16096886E+00  0.11901689E+00  0.10987008E+00 -0.98679459E+00 -0.59333140E+00  0.80475616E+00  0.18040411E-01
 1989  237   11   58   24    0  0.12040741E+05 -0.50785569E+06 -0.17481608E+06 -0.54975956E+02 -0.17308720E+02 -0.70424876E+01  0.10631471E+04 -0.40962722E+06 -0.34761262E+06 -0.82168299E+00 -0.12495117E+02 -0.12204039E+02 -0.21429896E+05 -0.32735403E+06 -0.13503770E+06 -0.34373645E+05 -0.26341875E+06 -0.23513347E+06 1989  237   11   58   24    0  0.79603016E+00  0.58341289E+00  0.16113842E+00  0.11915836E+00  0.10996078E+00 -0.98676741E+00 -0.59341168E+00  0.80469751E+00  0.18013570E-01
 1989  237   12    0    0    0  0.67465195E+04 -0.50948975E+06 -0.17549211E+06 -0.55319469E+02 -0.16732599E+02 -0.70417485E+01  0.98426538E+03 -0.41082666E+06 -0.34878412E+06 -0.82168794E+00 -0.12493385E+02 -0.12202569E+02 -0.25253355E+05 -0.32709222E+06 -0.13501127E+06 -0.34756621E+05 -0.26350516E+06 -0.23498028E+06 1989  237   12    0    0    0  0.79593551E+00  0.58352327E+00  0.16120590E+00  0.11934316E+00  0.10981946E+00 -0.98676085E+00 -0.59350145E+00  0.80463672E+00  0.17769676E-01
 1989  237   12    1   36    0  0.14196130E+04 -0.51106819E+06 -0.17616808E+06 -0.55656902E+02 -0.16151226E+02 -0.70410137E+01  0.90538318E+03 -0.41202594E+06 -0.34995550E+06 -0.82169247E+00 -0.12491665E+02 -0.12201108E+02 -0.29073602E+05 -0.32678584E+06 -0.13498464E+06 -0.35139551E+05 -0.26359119E+06 -0.23482678E+06 1989  237   12    1   36    0  0.79603362E+00  0.58334601E+00  0.16136269E+00  0.11956662E+00  0.10978657E+00 -0.98673737E+00 -0.59332478E+00  0.80476969E+00  0.17645083E-01
 1989  237   12    3   11 1000 -0.39394219E+04 -0.51259059E+06 -0.17684398E+06 -0.55988178E+02 -0.15564652E+02 -0.70402827E+01  0.82650018E+03 -0.41322506E+06 -0.35112675E+06 -0.82169658E+00 -0.12489955E+02 -0.12199656E+02 -0.32890137E+05 -0.32643488E+06 -0.13495783E+06 -0.35522430E+05 -0.26367684E+06 -0.23467295E+06 1989  237   12    3   11 1000  0.79611403E+00  0.58326852E+00  0.16124666E+00  0.11943543E+00  0.10977233E+00 -0.98675501E+00 -0.59324348E+00  0.80482793E+00  0.17728377E-01
 1989  237   12    4   48    0 -0.93299619E+04 -0.51405644E+06 -0.17751984E+06 -0.56313244E+02 -0.14972946E+02 -0.70395555E+01  0.74761688E+03 -0.41442403E+06 -0.35229784E+06 -0.82170039E+00 -0.12488256E+02 -0.12198213E+02 -0.36702418E+05 -0.32603944E+06 -0.13493080E+06 -0.35905258E+05 -0.26376216E+06 -0.23451880E+06 1989  237   12    4   48    0  0.79615742E+00  0.58326942E+00  0.16102888E+00  0.11928476E+00  0.10961043E+00 -0.98679119E+00 -0.59321553E+00  0.80484933E+00  0.17692000E-01
 1989  237   12    6   24    0 -0.14751377E+05 -0.51546525E+06 -0.17819558E+06 -0.56632015E+02 -0.14376181E+02 -0.70388331E+01  0.66873358E+03 -0.41562281E+06 -0.35346881E+06 -0.82170385E+00 -0.12486568E+02 -0.12196777E+02 -0.40509910E+05 -0.32559953E+06 -0.13490358E+06 -0.36288031E+05 -0.26384709E+06 -0.23436430E+06 1989  237   12    6   24    0  0.79621702E+00  0.58323222E+00  0.16086861E+00  0.11909325E+00  0.10960218E+00 -0.98681521E+00 -0.59317398E+00  0.80487740E+00  0.17808102E-01
 1989  237   12    8    0    0 -0.20203090E+05 -0.51681653E+06 -0.17887127E+06 -0.56944420E+02 -0.13774418E+02 -0.70381141E+01  0.58984985E+03 -0.41682144E+06 -0.35463962E+06 -0.82170689E+00 -0.12484891E+02 -0.12195351E+02 -0.44312113E+05 -0.32511525E+06 -0.13487617E+06 -0.36670754E+05 -0.26393159E+06 -0.23420945E+06 1989  237   12    8    0    0  0.79629058E+00  0.58320409E+00  0.16060655E+00  0.11880282E+00  0.10955663E+00 -0.98685527E+00 -0.59313351E+00  0.80490398E+00  0.17952632E-01
 1989  237   12    9   36    0 -0.25684488E+05 -0.51810978E+06 -0.17954689E+06 -0.57250401E+02 -0.13167727E+02 -0.70373988E+01  0.51096597E+03 -0.41801991E+06 -0.35581031E+06 -0.82170963E+00 -0.12483224E+02 -0.12193932E+02 -0.48108516E+05 -0.32458669E+06 -0.13484861E+06 -0.37053430E+05 -0.26401575E+06 -0.23405430E+06 1989  237   12    9   36    0  0.79636580E+00  0.58315384E+00  0.16041581E+00  0.11861748E+00  0.10948925E+00 -0.98688495E+00 -0.59306955E+00  0.80494952E+00  0.18021256E-01
 1989  237   12   11   11 1000 -0.31194947E+05 -0.51934456E+06 -0.18022245E+06 -0.57549881E+02 -0.12556178E+02 -0.70366874E+01  0.43208182E+03 -0.41921822E+06 -0.35698088E+06 -0.82171202E+00 -0.12481567E+02 -0.12192522E+02 -0.51898598E+05 -0.32401381E+06 -0.13482084E+06 -0.37436051E+05 -0.26409956E+06 -0.23389883E+06 1989  237   12   11   11 1000  0.79636037E+00  0.58311051E+00  0.16060013E+00  0.11870800E+00  0.10967800E+00 -0.98685318E+00 -0.59305876E+00  0.80495518E+00  0.18123340E-01
 1989  237   12   12   48    0 -0.36733840E+05 -0.52052041E+06 -0.18089795E+06 -0.57842793E+02 -0.11939840E+02 -0.70359797E+01  0.35319754E+03 -0.42041634E+06 -0.35815128E+06 -0.82171410E+00 -0.12479921E+02 -0.12191120E+02 -0.55681844E+05 -0.32339678E+06 -0.13479288E+06 -0.37818617E+05 -0.26418300E+06 -0.23374300E+06 1989  237   12   12   48    0  0.79658008E+00  0.58297813E+00  0.15998973E+00  0.11815186E+00  0.10941128E+00 -0.98694950E+00 -0.59287465E+00  0.80508739E+00  0.18274900E-01
 1989  237   12   14   24    0 -0.42300535E+05 -0.52163684E+06 -0.18157336E+06 -0.58129066E+02 -0.11318784E+02 -0.70352755E+01  0.27431308E+03 -0.42161434E+06 -0.35932153E+06 -0.82171577E+00 -0.12478286E+02 -0.12189726E+02 -0.59457738E+05 -0.32273569E+06 -0.13476472E+06 -0.38201133E+05 -0.26426606E+06 -0.23358684E+06 1989  237   12   14   24    0  0.79656243E+00  0.58298373E+00  0.16005686E+00  0.11835143E+00  0.10925296E+00 -0.98694313E+00 -0.59285849E+00  0.80510473E+00  0.18029850E-01
 1989  237   12   16    0    0 -0.47894426E+05 -0.52269347E+06 -0.18224872E+06 -0.58408649E+02 -0.10693076E+02 -0.70345750E+01  0.19542799E+03 -0.42281219E+06 -0.36049169E+06 -0.82171720E+00 -0.12476661E+02 -0.12188341E+02 -0.63225793E+05 -0.32203056E+06 -0.13473634E+06 -0.38583594E+05 -0.26434875E+06 -0.23343038E+06 1989  237   12   16    0    0  0.79657441E+00  0.58298349E+00  0.15999882E+00  0.11835566E+00  0.10914966E+00 -0.98695409E+00 -0.59284174E+00  0.80511904E+00  0.17946437E-01
 1989  237   12   17   36    0 -0.53514828E+05 -0.52368981E+06 -0.18292400E+06 -0.58681473E+02 -0.10062795E+02 -0.70338788E+01  0.11654279E+03 -0.42400991E+06 -0.36166172E+06 -0.82171828E+00 -0.12475045E+02 -0.12186963E+02 -0.66985461E+05 -0.32128153E+06 -0.13470778E+06 -0.38966004E+05 -0.26443106E+06 -0.23327359E+06 1989  237   12   17   36    0  0.79667640E+00  0.58282244E+00  0.16007775E+00  0.11847976E+00  0.10911991E+00 -0.98694247E+00 -0.59267986E+00  0.80523962E+00  0.17880596E-01
 1989  237   12   19   12    0 -0.59161062E+05 -0.52462538E+06 -0.18359922E+06 -0.58947456E+02 -0.94280157E+01 -0.70331860E+01  0.37657906E+02 -0.42520744E+06 -0.36283159E+06 -0.82171899E+00 -0.12473439E+02 -0.12185594E+02 -0.70736219E+05 -0.32048869E+06 -0.13467906E+06 -0.39348355E+05 -0.26451300E+06 -0.23311647E+06 1989  237   12   19   12    0  0.79669416E+00  0.58277607E+00  0.16015740E+00  0.11858602E+00  0.10911123E+00 -0.98693055E+00 -0.59263456E+00  0.80527431E+00  0.17819192E-01
 1989  237   12   20   47 1000 -0.64832473E+05 -0.52549981E+06 -0.18427438E+06 -0.59206543E+02 -0.87888098E+01 -0.70324965E+01 -0.41227036E+02 -0.42640481E+06 -0.36400134E+06 -0.82171947E+00 -0.12471843E+02 -0.12184231E+02 -0.74477586E+05 -0.31965216E+06 -0.13465016E+06 -0.39730648E+05 -0.26459456E+06 -0.23295898E+06 1989  237   12   20   47 1000  0.79667288E+00  0.58280408E+00  0.16016173E+00  0.11873630E+00  0.10891338E+00 -0.98693442E+00 -0.59263313E+00  0.80528092E+00  0.17568342E-01
 1989  237   12   22   24    0 -0.70528438E+05 -0.52631269E+06 -0.18494947E+06 -0.59458679E+02 -0.81452503E+01 -0.70318108E+01 -0.12011200E+03 -0.42760203E+06 -0.36517097E+06 -0.82171959E+00 -0.12470257E+02 -0.12182877E+02 -0.78209070E+05 -0.31877197E+06 -0.13462106E+06 -0.40112887E+05 -0.26467575E+06 -0.23280120E+06 1989  237   12   22   24    0  0.79678810E+00  0.58269966E+00  0.15996830E+00  0.11850086E+00  0.10891150E+00 -0.98696297E+00 -0.59252536E+00  0.80535668E+00  0.17728984E-01
 1989  237   12   24    0    0 -0.76248305E+05 -0.52706356E+06 -0.18562450E+06 -0.59703796E+02 -0.74974155E+01 -0.70311289E+01 -0.19899698E+03 -0.42879906E+06 -0.36634047E+06 -0.82171941E+00 -0.12468681E+02 -0.12181531E+02 -0.81930148E+05 -0.31784834E+06 -0.13459175E+06 -0.40495070E+05 -0.26475656E+06 -0.23264308E+06 1989  237   12   24    0    0  0.79680645E+00  0.58276606E+00  0.15963534E+00  0.11819795E+00  0.10876025E+00 -0.98701602E+00 -0.59256136E+00  0.80532914E+00  0.17779116E-01
 1989  237   12   25   35 1000 -0.81991359E+05 -0.52775206E+06 -0.18629944E+06 -0.59941833E+02 -0.68453813E+01 -0.70304508E+01 -0.27788187E+03 -0.42999597E+06 -0.36750981E+06 -0.82171899E+00 -0.12467114E+02 -0.12180192E+02 -0.85640281E+05 -0.31688134E+06 -0.13456225E+06 -0.40877195E+05 -0.26483697E+06 -0.23248461E+06 1989  237   12   25   35 1000  0.79630351E+00  0.58348978E+00  0.15950063E+00  0.11798985E+00  0.10878924E+00 -0.98703766E+00 -0.59327829E+00  0.80480099E+00  0.17783374E-01
 1989  237   12   27   12    0 -0.87756898E+05 -0.52837775E+06 -0.18697431E+06 -0.60172737E+02 -0.61892242E+01 -0.70297761E+01 -0.35676666E+03 -0.43119275E+06 -0.36867903E+06 -0.82171822E+00 -0.12465557E+02 -0.12178861E+02 -0.89339008E+05 -0.31587116E+06 -0.13453259E+06 -0.41259266E+05 -0.26491706E+06 -0.23232583E+06 1989  237   12   27   12    0  0.79683679E+00  0.58273304E+00  0.15960340E+00  0.11810407E+00  0.10883514E+00 -0.98701888E+00 -0.59253895E+00  0.80534285E+00  0.17900690E-01
 1989  237   12   28   47 1000 -0.93544281E+05 -0.52894025E+06 -0.18764916E+06 -0.60396439E+02 -0.55290198E+01 -0.70291047E+01 -0.43565186E+03 -0.43238941E+06 -0.36984816E+06 -0.82171720E+00 -0.12464009E+02 -0.12177537E+02 -0.93025836E+05 -0.31481784E+06 -0.13450270E+06 -0.41641277E+05 -0.26499678E+06 -0.23216673E+06 1989  237   12   28   47 1000  0.79670841E+00  0.58289224E+00  0.15966351E+00  0.11818099E+00  0.10882601E+00 -0.98701072E+00 -0.59269643E+00  0.80522883E+00  0.17815817E-01
 1989  237   12   30   24    0 -0.99352812E+05 -0.52943919E+06 -0.18832394E+06 -0.60612877E+02 -0.48648505E+01 -0.70284371E+01 -0.51453699E+03 -0.43358588E+06 -0.37101716E+06 -0.82171595E+00 -0.12462470E+02 -0.12176221E+02 -0.96700227E+05 -0.31372156E+06 -0.13447264E+06 -0.42023227E+05 -0.26507609E+06 -0.23200731E+06 1989  237   12   30   24    0  0.79649872E+00  0.58309621E+00  0.15996462E+00  0.11844598E+00  0.10896522E+00 -0.98696357E+00 -0.59292531E+00  0.80506235E+00  0.17725252E-01
 1989  237   12   32    0    0 -0.10518174E+06 -0.52987419E+06 -0.18899862E+06 -0.60821995E+02 -0.41967998E+01 -0.70277729E+01 -0.59342163E+03 -0.43478222E+06 -0.37218600E+06 -0.82171434E+00 -0.12460940E+02 -0.12174912E+02 -0.10036170E+06 -0.31258250E+06 -0.13444239E+06 -0.42405121E+05 -0.26515503E+06 -0.23184756E+06 1989  237   12   32    0    0  0.79621238E+00  0.58330697E+00  0.16062123E+00  0.11915016E+00  0.10910625E+00 -0.98686332E+00 -0.59316897E+00  0.80489069E+00  0.17370634E-01
 1989  237   12   33   36    0 -0.11103039E+06 -0.53024488E+06 -0.18967325E+06 -0.61023743E+02 -0.35249443E+01 -0.70271125E+01 -0.67230603E+03 -0.43597838E+06 -0.37335472E+06 -0.82171249E+00 -0.12459420E+02 -0.12173611E+02 -0.10400971E+06 -0.31140078E+06 -0.13441195E+06 -0.42786953E+05 -0.26523359E+06 -0.23168747E+06 1989  237   12   33   36    0  0.79602712E+00  0.58341610E+00  0.16114144E+00  0.11967108E+00  0.10927036E+00 -0.98678213E+00 -0.59331256E+00  0.80478925E+00  0.17164137E-01
 1989  237   12   35   12    0 -0.11689806E+06 -0.53055088E+06 -0.19034781E+06 -0.61218063E+02 -0.28493659E+01 -0.70264549E+01 -0.75119019E+03 -0.43717441E+06 -0.37452334E+06 -0.82171041E+00 -0.12457910E+02 -0.12172317E+02 -0.10764383E+06 -0.31017656E+06 -0.13438133E+06 -0.43168723E+05 -0.26531181E+06 -0.23152706E+06 1989  237   12   35   12    0  0.79592884E+00  0.58360684E+00  0.16093621E+00  0.11934192E+00  0.10936483E+00 -0.98681140E+00 -0.59351063E+00  0.80463803E+00  0.17397862E-01
 1989  237   12   36   47 1000 -0.12278402E+06 -0.53079181E+06 -0.19102231E+06 -0.61404896E+02 -0.21701460E+01 -0.70258007E+01 -0.83007410E+03 -0.43837031E+06 -0.37569181E+06 -0.82170808E+00 -0.12456408E+02 -0.12171029E+02 -0.11126352E+06 -0.30891003E+06 -0.13435052E+06 -0.43550434E+05 -0.26538966E+06 -0.23136631E+06 1989  237   12   36   47 1000  0.79594809E+00  0.58367443E+00  0.16059558E+00  0.11883458E+00  0.10947749E+00 -0.98686022E+00 -0.59358662E+00  0.80457371E+00  0.17777678E-01
 1989  237   12   38   24    0 -0.12868752E+06 -0.53096744E+06 -0.19169678E+06 -0.61584187E+02 -0.14873681E+01 -0.70251498E+01 -0.90895789E+03 -0.43956603E+06 -0.37686016E+06 -0.82170546E+00 -0.12454915E+02 -0.12169749E+02 -0.11486832E+06 -0.30760131E+06 -0.13431952E+06 -0.43932082E+05 -0.26546709E+06 -0.23120525E+06 1989  237   12   38   24    0  0.79602194E+00  0.58364564E+00  0.16033392E+00  0.11844121E+00  0.10957208E+00 -0.98689699E+00 -0.59356624E+00  0.80458176E+00  0.18094081E-01
 1989  237   12   40    0    0 -0.13460789E+06 -0.53107731E+06 -0.19237116E+06 -0.61755882E+02 -0.80111587E+00 -0.70245023E+01 -0.98784143E+03 -0.44076162E+06 -0.37802841E+06 -0.82170260E+00 -0.12453430E+02 -0.12168476E+02 -0.11845773E+06 -0.30625062E+06 -0.13428833E+06 -0.44313672E+05 -0.26554416E+06 -0.23104386E+06 1989  237   12   40    0    0  0.79605329E+00  0.58365875E+00  0.16013068E+00  0.11803867E+00  0.10977577E+00 -0.98692262E+00 -0.59360445E+00  0.80454445E+00  0.18493064E-01
 1989  237   12   41   36    0 -0.14054442E+06 -0.53112112E+06 -0.19304547E+06 -0.61919933E+02 -0.11146939E+00 -0.70238581E+01 -0.10667251E+04 -0.44195709E+06 -0.37919653E+06 -0.82169950E+00 -0.12451955E+02 -0.12167211E+02 -0.12203125E+06 -0.30485812E+06 -0.13425695E+06 -0.44695195E+05 -0.26562088E+06 -0.23088214E+06 1989  237   12   41   36    0  0.79610598E+00  0.58362287E+00  0.15999909E+00  0.11785084E+00  0.10981058E+00 -0.98694116E+00 -0.59357101E+00  0.80456573E+00  0.18640406E-01
 1989  237   12   43   12    0 -0.14649634E+06 -0.53109856E+06 -0.19371975E+06 -0.62076294E+02  0.58148229E+00 -0.70232172E+01 -0.11456084E+04 -0.44315241E+06 -0.38036450E+06 -0.82169616E+00 -0.12450488E+02 -0.12165952E+02 -0.12558839E+06 -0.30342403E+06 -0.13422536E+06 -0.45076660E+05 -0.26569722E+06 -0.23072011E+06 1989  237   12   43   12    0  0.79596829E+00  0.58371866E+00  0.16033427E+00  0.11813389E+00  0.10998638E+00 -0.98688769E+00 -0.59369940E+00  0.80447221E+00  0.18588711E-01
 1989  237   12   44   47 1000 -0.15246286E+06 -0.53100938E+06 -0.19439394E+06 -0.62224903E+02  0.12776499E+01 -0.70225797E+01 -0.12244910E+04 -0.44434759E+06 -0.38153234E+06 -0.82169259E+00 -0.12449030E+02 -0.12164701E+02 -0.12912867E+06 -0.30194850E+06 -0.13419356E+06 -0.45458059E+05 -0.26577312E+06 -0.23055773E+06 1989  237   12   44   47 1000  0.79608488E+00  0.58347487E+00  0.16064264E+00  0.11850716E+00  0.11000802E+00 -0.98684061E+00 -0.59346867E+00  0.80464613E+00  0.18429760E-01
 1989  237   12   46   24    0 -0.15844325E+06 -0.53085319E+06 -0.19506806E+06 -0.62365711E+02  0.19769502E+01 -0.70219450E+01 -0.13033732E+04 -0.44554262E+06 -0.38270009E+06 -0.82168877E+00 -0.12447579E+02 -0.12163455E+02 -0.13265162E+06 -0.30043175E+06 -0.13416162E+06 -0.45839391E+05 -0.26584872E+06 -0.23039505E+06 1989  237   12   46   24    0  0.79615974E+00  0.58327502E+00  0.16099624E+00  0.11888643E+00  0.11009578E+00 -0.98678517E+00 -0.59329212E+00  0.80477893E+00  0.18310357E-01
 1989  237   12   48    0    0 -0.16443681E+06 -0.53062969E+06 -0.19574216E+06 -0.62498669E+02  0.26792970E+01 -0.70213137E+01 -0.13822550E+04 -0.44673750E+06 -0.38386775E+06 -0.82168472E+00 -0.12446138E+02 -0.12162217E+02 -0.13615678E+06 -0.29887397E+06 -0.13412950E+06 -0.46220660E+05 -0.26592394E+06 -0.23023205E+06 1989  237   12   48    0    0  0.79623538E+00  0.58306766E+00  0.16137348E+00  0.11929974E+00  0.11017722E+00 -0.98672628E+00 -0.59310776E+00  0.80491817E+00  0.18167187E-01
 1989  237   12   49   36    0 -0.17044275E+06 -0.53033869E+06 -0.19641616E+06 -0.62623734E+02  0.33846023E+01 -0.70206857E+01 -0.14611364E+04 -0.44793228E+06 -0.38503528E+06 -0.82168049E+00 -0.12444706E+02 -0.12160985E+02 -0.13964359E+06 -0.29727538E+06 -0.13409716E+06 -0.46601863E+05 -0.26599875E+06 -0.23006869E+06 1989  237   12   49   36    0  0.79635912E+00  0.58310461E+00  0.16062817E+00  0.11873570E+00  0.10968781E+00 -0.98684877E+00 -0.59305501E+00  0.80495816E+00  0.18115554E-01
 1989  237   12   51   11 1000 -0.17646030E+06 -0.52997975E+06 -0.19709009E+06 -0.62740860E+02  0.40927773E+01 -0.70200610E+01 -0.15400173E+04 -0.44912691E+06 -0.38620266E+06 -0.82167602E+00 -0.12443281E+02 -0.12159760E+02 -0.14311167E+06 -0.29563616E+06 -0.13406462E+06 -0.46983000E+05 -0.26607319E+06 -0.22990500E+06 1989  237   12   51   11 1000  0.79649758E+00  0.58265424E+00  0.16157259E+00  0.11946297E+00  0.11030631E+00 -0.98669207E+00 -0.59272271E+00  0.80519974E+00  0.18253107E-01
 1989  237   12   52   48    0 -0.18248872E+06 -0.52955275E+06 -0.19776400E+06 -0.62849998E+02  0.48037324E+01 -0.70194397E+01 -0.16188979E+04 -0.45032138E+06 -0.38736994E+06 -0.82167131E+00 -0.12441864E+02 -0.12158543E+02 -0.14656053E+06 -0.29395656E+06 -0.13403191E+06 -0.47364074E+05 -0.26614728E+06 -0.22974100E+06 1989  237   12   52   48    0  0.79669780E+00  0.58248401E+00  0.16119859E+00  0.11899681E+00  0.11031676E+00 -0.98674709E+00 -0.59254730E+00  0.80532140E+00  0.18575385E-01
 1989  237   12   54   24    0 -0.18852727E+06 -0.52905738E+06 -0.19843784E+06 -0.62951103E+02  0.55173821E+01 -0.70188208E+01 -0.16977784E+04 -0.45151575E+06 -0.38853709E+06 -0.82166636E+00 -0.12440456E+02 -0.12157331E+02 -0.14998967E+06 -0.29223684E+06 -0.13399900E+06 -0.47745082E+05 -0.26622100E+06 -0.22957669E+06 1989  237   12   54   24    0  0.79684865E+00  0.58238900E+00  0.16079658E+00  0.11861821E+00  0.11015841E+00 -0.98681051E+00 -0.59242064E+00  0.80541188E+00  0.18697646E-01
 1989  237   12   56    0    0 -0.19457511E+06 -0.52849331E+06 -0.19911162E+06 -0.63044128E+02  0.62336326E+01 -0.70182052E+01 -0.17766584E+04 -0.45270997E+06 -0.38970412E+06 -0.82166129E+00 -0.12439056E+02 -0.12156126E+02 -0.15339862E+06 -0.29047719E+06 -0.13396594E+06 -0.48126023E+05 -0.26629431E+06 -0.22941203E+06 1989  237   12   56    0    0  0.79701805E+00  0.58225495E+00  0.16044159E+00  0.11824594E+00  0.11007208E+00 -0.98686481E+00 -0.59226704E+00  0.80552053E+00  0.18880147E-01
 1989  237   12   57   36    0 -0.20063148E+06 -0.52786044E+06 -0.19978534E+06 -0.63129032E+02  0.69523888E+01 -0.70175929E+01 -0.18555376E+04 -0.45390403E+06 -0.39087106E+06 -0.82165599E+00 -0.12437664E+02 -0.12154927E+02 -0.15678694E+06 -0.28867788E+06 -0.13393269E+06 -0.48506891E+05 -0.26636725E+06 -0.22924706E+06 1989  237   12   57   36    0  0.79696625E+00  0.58242238E+00  0.16009074E+00  0.11793348E+00  0.10989965E+00 -0.98692137E+00 -0.59239894E+00  0.80542308E+00  0.18899210E-01
 1989  237   12   59   11 1000 -0.20669564E+06 -0.52715838E+06 -0.20045900E+06 -0.63205784E+02  0.76735630E+01 -0.70169835E+01 -0.19344163E+04 -0.45509797E+06 -0.39203788E+06 -0.82165045E+00 -0.12436279E+02 -0.12153735E+02 -0.16015416E+06 -0.28683909E+06 -0.13389922E+06 -0.48887691E+05 -0.26643981E+06 -0.22908177E+06 1989  237   12   59   11 1000  0.79692668E+00  0.58239532E+00  0.16038555E+00  0.11833529E+00  0.10985070E+00 -0.98687875E+00 -0.59237200E+00  0.80544925E+00  0.18625043E-01
 1989  237   13    0   48    0 -0.21276672E+06 -0.52638700E+06 -0.20113259E+06 -0.63274334E+02  0.83970633E+01 -0.70163770E+01 -0.20132943E+04 -0.45629178E+06 -0.39320459E+06 -0.82164472E+00 -0.12434904E+02 -0.12152550E+02 -0.16349980E+06 -0.28496112E+06 -0.13386556E+06 -0.49268426E+05 -0.26651203E+06 -0.22891617E+06 1989  237   13    0   48    0  0.79683888E+00  0.58246541E+00  0.16056724E+00  0.11877272E+00  0.10955919E+00 -0.98685861E+00 -0.59240264E+00  0.80543828E+00  0.18120021E-01
 1989  237   13    2   24    0 -0.21884402E+06 -0.52554606E+06 -0.20180612E+06 -0.63334641E+02  0.91227961E+01 -0.70157733E+01 -0.20921719E+04 -0.45748547E+06 -0.39437119E+06 -0.82163882E+00 -0.12433536E+02 -0.12151370E+02 -0.16682344E+06 -0.28304419E+06 -0.13383170E+06 -0.49649086E+05 -0.26658384E+06 -0.22875023E+06 1989  237   13    2   24    0  0.79674995E+00  0.58252555E+00  0.16079077E+00  0.11921866E+00  0.10932712E+00 -0.98683059E+00 -0.59243274E+00  0.80542636E+00  0.17658461E-01
 1989  237   13    4    0    0 -0.22492670E+06 -0.52463538E+06 -0.20247962E+06 -0.63386665E+02  0.98506680E+01 -0.70151730E+01 -0.21710488E+04 -0.45867903E+06 -0.39553766E+06 -0.82163274E+00 -0.12432175E+02 -0.12150196E+02 -0.17012461E+06 -0.28108859E+06 -0.13379767E+06 -0.50029680E+05 -0.26665528E+06 -0.22858398E+06 1989  237   13    4    0    0  0.79664528E+00  0.58258474E+00  0.16109516E+00  0.11970495E+00  0.10917640E+00 -0.98678839E+00 -0.59247559E+00  0.80540407E+00  0.17236587E-01
 1989  237   13    5   36    0 -0.23101397E+06 -0.52365469E+06 -0.20315306E+06 -0.63430370E+02  0.10580586E+02 -0.70145755E+01 -0.22499250E+04 -0.45987247E+06 -0.39670403E+06 -0.82162648E+00 -0.12430821E+02 -0.12149030E+02 -0.17340288E+06 -0.27909456E+06 -0.13376342E+06 -0.50410199E+05 -0.26672634E+06 -0.22841742E+06 1989  237   13    5   36    0  0.79649812E+00  0.58279628E+00  0.16105668E+00  0.11977248E+00  0.10901221E+00 -0.98679829E+00 -0.59265947E+00  0.80527318E+00  0.17025061E-01
 1989  237   13    7   11 1000 -0.23710505E+06 -0.52260381E+06 -0.20382644E+06 -0.63465721E+02  0.11312460E+02 -0.70139813E+01 -0.23288013E+04 -0.46106575E+06 -0.39787028E+06 -0.82161999E+00 -0.12429476E+02 -0.12147868E+02 -0.17665781E+06 -0.27706238E+06 -0.13372898E+06 -0.50790652E+05 -0.26679703E+06 -0.22825052E+06 1989  237   13    7   11 1000  0.79650307E+00  0.58290565E+00  0.16063525E+00  0.11930913E+00  0.10892837E+00 -0.98686367E+00 -0.59274614E+00  0.80520529E+00  0.17215822E-01
 1989  237   13    8   48    0 -0.24319917E+06 -0.52148262E+06 -0.20449977E+06 -0.63492683E+02  0.12046189E+02 -0.70133896E+01 -0.24076768E+04 -0.46225891E+06 -0.39903644E+06 -0.82161337E+00 -0.12428138E+02 -0.12146713E+02 -0.17988892E+06 -0.27499231E+06 -0.13369439E+06 -0.51171031E+05 -0.26686734E+06 -0.22808328E+06 1989  237   13    8   48    0  0.79650313E+00  0.58302915E+00  0.16018590E+00  0.11885396E+00  0.10878588E+00 -0.98693424E+00 -0.59283745E+00  0.80513507E+00  0.17352965E-01
 1989  237   13   10   24    0 -0.24929542E+06 -0.52029091E+06 -0.20517302E+06 -0.63511227E+02  0.12781675E+02 -0.70128007E+01 -0.24865513E+04 -0.46345197E+06 -0.40020247E+06 -0.82160652E+00 -0.12426807E+02 -0.12145565E+02 -0.18309573E+06 -0.27288466E+06 -0.13365961E+06 -0.51551340E+05 -0.26693728E+06 -0.22791572E+06 1989  237   13   10   24    0  0.79650927E+00  0.58311510E+00  0.15984276E+00  0.11844632E+00  0.10875897E+00 -0.98698634E+00 -0.59291101E+00  0.80507654E+00  0.17559696E-01
 1989  237   13   12    0    0 -0.25539306E+06 -0.51902847E+06 -0.20584623E+06 -0.63521309E+02  0.13518826E+02 -0.70122151E+01 -0.25654250E+04 -0.46464488E+06 -0.40136838E+06 -0.82159954E+00 -0.12425484E+02 -0.12144422E+02 -0.18627789E+06 -0.27073969E+06 -0.13362464E+06 -0.51931578E+05 -0.26700684E+06 -0.22774784E+06 1989  237   13   12    0    0  0.79646981E+00  0.58325613E+00  0.15952501E+00  0.11803074E+00  0.10878346E+00 -0.98703343E+00 -0.59304690E+00  0.80497116E+00  0.17800596E-01
 1989  237   13   13   36    0 -0.26149125E+06 -0.51769525E+06 -0.20651934E+06 -0.63522892E+02  0.14257545E+02 -0.70116324E+01 -0.26442981E+04 -0.46583766E+06 -0.40253419E+06 -0.82159233E+00 -0.12424169E+02 -0.12143285E+02 -0.18943495E+06 -0.26855769E+06 -0.13358948E+06 -0.52311738E+05 -0.26707603E+06 -0.22757966E+06 1989  237   13   13   36    0  0.79638201E+00  0.58335906E+00  0.15958685E+00  0.11801608E+00  0.10890345E+00 -0.98702192E+00 -0.59316772E+00  0.80488026E+00  0.17882980E-01
 1989  237   13   15   11 1000 -0.26758916E+06 -0.51629103E+06 -0.20719241E+06 -0.63515961E+02  0.14997735E+02 -0.70110521E+01 -0.27231704E+04 -0.46703031E+06 -0.40369988E+06 -0.82158500E+00 -0.12422860E+02 -0.12142155E+02 -0.19256644E+06 -0.26633894E+06 -0.13355414E+06 -0.52691824E+05 -0.26714484E+06 -0.22741116E+06 1989  237   13   15   11 1000  0.79629874E+00  0.58337522E+00  0.15994228E+00  0.11840868E+00  0.10896784E+00 -0.98696780E+00 -0.59320116E+00  0.80485988E+00  0.17694246E-01
 1989  237   13   16   48    0 -0.27368597E+06 -0.51481562E+06 -0.20786547E+06 -0.63500477E+02  0.15739293E+02 -0.70104747E+01 -0.28020422E+04 -0.46822284E+06 -0.40486547E+06 -0.82157755E+00 -0.12421558E+02 -0.12141030E+02 -0.19567195E+06 -0.26408378E+06 -0.13351861E+06 -0.53071836E+05 -0.26721328E+06 -0.22724234E+06 1989  237   13   16   48    0  0.79618269E+00  0.58345550E+00  0.16022727E+00  0.11879273E+00  0.10892324E+00 -0.98692656E+00 -0.59328020E+00  0.80480766E+00  0.17412536E-01
 1989  237   13   18   24    0 -0.27978094E+06 -0.51326903E+06 -0.20853847E+06 -0.63476406E+02  0.16482132E+02 -0.70099001E+01 -0.28809131E+04 -0.46941525E+06 -0.40603094E+06 -0.82156986E+00 -0.12420264E+02 -0.12139911E+02 -0.19875106E+06 -0.26179252E+06 -0.13348284E+06 -0.53451773E+05 -0.26728134E+06 -0.22707317E+06 1989  237   13   18   24    0  0.79602915E+00  0.58356059E+00  0.16060700E+00  0.11917040E+00  0.10904557E+00 -0.98686755E+00 -0.59341049E+00  0.80471492E+00  0.17260309E-01
 1989  237   13   20    0    0 -0.28587319E+06 -0.51165103E+06 -0.20921139E+06 -0.63443741E+02  0.17226156E+02 -0.70093279E+01 -0.29597837E+04 -0.47060753E+06 -0.40719634E+06 -0.82156205E+00 -0.12418978E+02 -0.12138797E+02 -0.20180338E+06 -0.25946539E+06 -0.13344691E+06 -0.53831637E+05 -0.26734900E+06 -0.22690370E+06 1989  237   13   20    0    0  0.79596454E+00  0.58357310E+00  0.16088206E+00  0.11950764E+00  0.10905029E+00 -0.98682618E+00 -0.59342945E+00  0.80470526E+00  0.17058708E-01
 1989  237   13   21   36    0 -0.29196191E+06 -0.50996156E+06 -0.20988423E+06 -0.63402431E+02  0.17971247E+02 -0.70087585E+01 -0.30386538E+04 -0.47179969E+06 -0.40836162E+06 -0.82155406E+00 -0.12417698E+02 -0.12137690E+02 -0.20482850E+06 -0.25710273E+06 -0.13341081E+06 -0.54211426E+05 -0.26741631E+06 -0.22673389E+06 1989  237   13   21   36    0  0.79587573E+00  0.58366615E+00  0.16098380E+00  0.11954437E+00  0.10916822E+00 -0.98680878E+00 -0.59354115E+00  0.80462182E+00  0.17110340E-01
 1989  237   13   23   12    0 -0.29804622E+06 -0.50820050E+06 -0.21055705E+06 -0.63352459E+02  0.18717316E+02 -0.70081925E+01 -0.31175225E+04 -0.47299172E+06 -0.40952678E+06 -0.82154596E+00 -0.12416425E+02 -0.12136588E+02 -0.20782594E+06 -0.25470491E+06 -0.13337453E+06 -0.54591137E+05 -0.26748322E+06 -0.22656377E+06 1989  237   13   23   12    0  0.79595852E+00  0.58359802E+00  0.16082066E+00  0.11935435E+00  0.10915394E+00 -0.98683327E+00 -0.59346819E+00  0.80467302E+00  0.17227046E-01
 1989  237   13   24   47 1000 -0.30412531E+06 -0.50636781E+06 -0.21122983E+06 -0.63293808E+02  0.19464272E+02 -0.70076289E+01 -0.31963904E+04 -0.47418366E+06 -0.41069184E+06 -0.82153767E+00 -0.12415159E+02 -0.12135491E+02 -0.21079531E+06 -0.25227223E+06 -0.13333803E+06 -0.54970770E+05 -0.26754975E+06 -0.22639336E+06 1989  237   13   24   47 1000  0.79612947E+00  0.58343744E+00  0.16055788E+00  0.11898077E+00  0.10922470E+00 -0.98687065E+00 -0.59331405E+00  0.80478001E+00  0.17539162E-01
 1989  237   13   26   24    0 -0.31019834E+06 -0.50446334E+06 -0.21190255E+06 -0.63226444E+02  0.20212004E+02 -0.70070677E+01 -0.32752576E+04 -0.47537544E+06 -0.41185678E+06 -0.82152921E+00 -0.12413900E+02 -0.12134400E+02 -0.21373625E+06 -0.24980500E+06 -0.13330134E+06 -0.55350324E+05 -0.26761594E+06 -0.22622259E+06 1989  237   13   26   24    0  0.79624110E+00  0.58337295E+00  0.16023828E+00  0.11859614E+00  0.10921146E+00 -0.98691833E+00 -0.59324133E+00  0.80482852E+00  0.17772883E-01
 1989  237   13   28    0    0 -0.31626450E+06 -0.50248706E+06 -0.21257520E+06 -0.63150349E+02  0.20960413E+02 -0.70065093E+01 -0.33541238E+04 -0.47656709E+06 -0.41302162E+06 -0.82152063E+00 -0.12412648E+02 -0.12133316E+02 -0.21664831E+06 -0.24730355E+06 -0.13326450E+06 -0.55729805E+05 -0.26768172E+06 -0.22605150E+06 1989  237   13   28    0    0  0.79636896E+00  0.58328223E+00  0.15993249E+00  0.11811271E+00  0.10935652E+00 -0.98696029E+00 -0.59316605E+00  0.80487454E+00  0.18195104E-01
 1989  237   13   29   35 1000 -0.32232291E+06 -0.50043894E+06 -0.21324780E+06 -0.63065498E+02  0.21709402E+02 -0.70059538E+01 -0.34329893E+04 -0.47775866E+06 -0.41418638E+06 -0.82151192E+00 -0.12411403E+02 -0.12132236E+02 -0.21953112E+06 -0.24476827E+06 -0.13322747E+06 -0.56109203E+05 -0.26774712E+06 -0.22588012E+06 1989  237   13   29   35 1000  0.79654717E+00  0.58309168E+00  0.15973982E+00  0.11794995E+00  0.10926071E+00 -0.98699039E+00 -0.59295917E+00  0.80502564E+00  0.18255685E-01
 1989  237   13   31   12    0 -0.32837275E+06 -0.49831884E+06 -0.21392033E+06 -0.62971878E+02  0.22458872E+02 -0.70054007E+01 -0.35118538E+04 -0.47895009E+06 -0.41535103E+06 -0.82150310E+00 -0.12410164E+02 -0.12131162E+02 -0.22238427E+06 -0.24219945E+06 -0.13319022E+06 -0.56488520E+05 -0.26781219E+06 -0.22570844E+06 1989  237   13   31   12    0  0.79641938E+00  0.58319026E+00  0.16001612E+00  0.11823148E+00  0.10933940E+00 -0.98694795E+00 -0.59307450E+00  0.80494350E+00  0.18128563E-01
 1989  237   13   32   47 1000 -0.33441325E+06 -0.49612681E+06 -0.21459280E+06 -0.62869469E+02  0.23208717E+02 -0.70048499E+01 -0.35907180E+04 -0.48014141E+06 -0.41651559E+06 -0.82149416E+00 -0.12408932E+02 -0.12130093E+02 -0.22520739E+06 -0.23959744E+06 -0.13315278E+06 -0.56867762E+05 -0.26787684E+06 -0.22553641E+06 1989  237   13   32   47 1000  0.79644871E+00  0.58305585E+00  0.16036022E+00  0.11869308E+00  0.10929680E+00 -0.98689723E+00 -0.59294307E+00  0.80504668E+00  0.17844621E-01
 1989  237   13   34   24    0 -0.34044347E+06 -0.49386278E+06 -0.21526523E+06 -0.62758247E+02  0.23958830E+02 -0.70043020E+01 -0.36695813E+04 -0.48133259E+06 -0.41768003E+06 -0.82148504E+00 -0.12407706E+02 -0.12129029E+02 -0.22800011E+06 -0.23696258E+06 -0.13311519E+06 -0.57246926E+05 -0.26794112E+06 -0.22536406E+06 1989  237   13   34   24    0  0.79656702E+00  0.58279693E+00  0.16071370E+00  0.11912689E+00  0.10931203E+00 -0.98684335E+00 -0.59269720E+00  0.80523205E+00  0.17647564E-01
 1989  237   13   36    0    0 -0.34646256E+06 -0.49152672E+06 -0.21593764E+06 -0.62638203E+02  0.24709114E+02 -0.70037570E+01 -0.37484434E+04 -0.48252369E+06 -0.41884434E+06 -0.82147574E+00 -0.12406487E+02 -0.12127973E+02 -0.23076200E+06 -0.23429527E+06 -0.13307736E+06 -0.57626004E+05 -0.26800503E+06 -0.22519139E+06 1989  237   13   36    0    0  0.79653609E+00  0.58275443E+00  0.16102090E+00  0.11948442E+00  0.10934494E+00 -0.98679644E+00 -0.59266675E+00  0.80525833E+00  0.17467123E-01
 1989  237   13   37   36    0 -0.35246972E+06 -0.48911862E+06 -0.21660998E+06 -0.62509312E+02  0.25459465E+02 -0.70032144E+01 -0.38273044E+04 -0.48371466E+06 -0.42000856E+06 -0.82146639E+00 -0.12405274E+02 -0.12126920E+02 -0.23349270E+06 -0.23159583E+06 -0.13303936E+06 -0.58005000E+05 -0.26806850E+06 -0.22501839E+06 1989  237   13   37   36    0  0.79655302E+00  0.58268797E+00  0.16117722E+00  0.11968882E+00  0.10933268E+00 -0.98677301E+00 -0.59260267E+00  0.80530810E+00  0.17348032E-01
 1989  237   13   39   12    0 -0.35846406E+06 -0.48663853E+06 -0.21728227E+06 -0.62371571E+02  0.26209778E+02 -0.70026741E+01 -0.39061648E+04 -0.48490550E+06 -0.42117272E+06 -0.82145685E+00 -0.12404069E+02 -0.12125873E+02 -0.23619186E+06 -0.22886466E+06 -0.13300120E+06 -0.58383918E+05 -0.26813166E+06 -0.22484508E+06 1989  237   13   39   12    0  0.79661709E+00  0.58262342E+00  0.16109441E+00  0.11955202E+00  0.10938162E+00 -0.98678422E+00 -0.59254432E+00  0.80534828E+00  0.17481465E-01
 1989  237   13   40   47 1000 -0.36444475E+06 -0.48408634E+06 -0.21795448E+06 -0.62224964E+02  0.26959959E+02 -0.70021362E+01 -0.39850242E+04 -0.48609625E+06 -0.42233675E+06 -0.82144725E+00 -0.12402869E+02 -0.12124830E+02 -0.23885908E+06 -0.22610211E+06 -0.13296286E+06 -0.58762750E+05 -0.26819444E+06 -0.22467148E+06 1989  237   13   40   47 1000  0.79677987E+00  0.58248913E+00  0.16077416E+00  0.11917752E+00  0.10935639E+00 -0.98683232E+00 -0.59240073E+00  0.80544871E+00  0.17713346E-01
 1989  237   13   42   24    0 -0.37041094E+06 -0.48146219E+06 -0.21862667E+06 -0.62069489E+02  0.27709896E+02 -0.70016007E+01 -0.40638818E+04 -0.48728688E+06 -0.42350066E+06 -0.82143748E+00 -0.12401675E+02 -0.12123793E+02 -0.24149403E+06 -0.22330856E+06 -0.13292430E+06 -0.59141500E+05 -0.26825681E+06 -0.22449755E+06 1989  237   13   42   24    0  0.79686999E+00  0.58246595E+00  0.16041115E+00  0.11873135E+00  0.10935253E+00 -0.98688650E+00 -0.59236908E+00  0.80546606E+00  0.17982773E-01
 1989  237   13   44    0    0 -0.37636178E+06 -0.47876609E+06 -0.21929880E+06 -0.61905113E+02  0.28459488E+02 -0.70010681E+01 -0.41427378E+04 -0.48847738E+06 -0.42466450E+06 -0.82142758E+00 -0.12400489E+02 -0.12122761E+02 -0.24409633E+06 -0.22048439E+06 -0.13288555E+06 -0.59520164E+05 -0.26831881E+06 -0.22432330E+06 1989  237   13   44    0    0  0.79693079E+00  0.58244908E+00  0.16017073E+00  0.11843602E+00  0.10935000E+00 -0.98692232E+00 -0.59234661E+00  0.80547863E+00  0.18161438E-01
 1989  237   13   45   36    0 -0.38229647E+06 -0.47599800E+06 -0.21997086E+06 -0.61731834E+02  0.29208633E+02 -0.70005383E+01 -0.42215938E+04 -0.48966775E+06 -0.42582825E+06 -0.82141763E+00 -0.12399308E+02 -0.12121735E+02 -0.24666562E+06 -0.21762992E+06 -0.13284664E+06 -0.59898750E+05 -0.26838044E+06 -0.22414872E+06 1989  237   13   45   36    0  0.79683769E+00  0.58266312E+00  0.15985486E+00  0.11801189E+00  0.10938652E+00 -0.98696899E+00 -0.59255642E+00  0.80531877E+00  0.18402129E-01
 1989  237   13   47   12    0 -0.38821409E+06 -0.47315803E+06 -0.22064289E+06 -0.61549652E+02  0.29957230E+02 -0.70000105E+01 -0.43004492E+04 -0.49085806E+06 -0.42699188E+06 -0.82140750E+00 -0.12398134E+02 -0.12120713E+02 -0.24920158E+06 -0.21474559E+06 -0.13280752E+06 -0.60277250E+05 -0.26844169E+06 -0.22397384E+06 1989  237   13   47   12    0  0.79671282E+00  0.58281118E+00  0.15993762E+00  0.11809106E+00  0.10941258E+00 -0.98695666E+00 -0.59270853E+00  0.80520815E+00  0.18345613E-01
 1989  237   13   48   48    0 -0.39411372E+06 -0.47024622E+06 -0.22131486E+06 -0.61358559E+02  0.30705164E+02 -0.69994850E+01 -0.43793047E+04 -0.49204822E+06 -0.42815541E+06 -0.82139724E+00 -0.12396966E+02 -0.12119697E+02 -0.25170381E+06 -0.21183180E+06 -0.13276820E+06 -0.60655664E+05 -0.26850256E+06 -0.22379866E+06 1989  237   13   48   48    0  0.79649311E+00  0.58303255E+00  0.16022360E+00  0.11845453E+00  0.10939166E+00 -0.98691535E+00 -0.59293091E+00  0.80505061E+00  0.18066868E-01
 1989  237   13   50   24    0 -0.39999462E+06 -0.46726262E+06 -0.22198680E+06 -0.61158546E+02  0.31452335E+02 -0.69989619E+01 -0.44581582E+04 -0.49323825E+06 -0.42931884E+06 -0.82138693E+00 -0.12395803E+02 -0.12118685E+02 -0.25417202E+06 -0.20888895E+06 -0.13272873E+06 -0.61033992E+05 -0.26856306E+06 -0.22362312E+06 1989  237   13   50   24    0  0.79634631E+00  0.58314145E+00  0.16055690E+00  0.11887980E+00  0.10937098E+00 -0.98686653E+00 -0.59304303E+00  0.80497450E+00  0.17773435E-01
 1989  237   13   52    0    0 -0.40585588E+06 -0.46420741E+06 -0.22265867E+06 -0.60949608E+02  0.32198643E+02 -0.69984417E+01 -0.45370098E+04 -0.49442819E+06 -0.43048219E+06 -0.82137650E+00 -0.12394647E+02 -0.12117678E+02 -0.25660584E+06 -0.20591742E+06 -0.13268903E+06 -0.61412234E+05 -0.26862319E+06 -0.22344728E+06 1989  237   13   52    0    0  0.79620433E+00  0.58323479E+00  0.16092201E+00  0.11935981E+00  0.10933013E+00 -0.98681313E+00 -0.59313738E+00  0.80491251E+00  0.17434321E-01
 1989  237   13   53   36    0 -0.41169662E+06 -0.46108056E+06 -0.22333048E+06 -0.60731735E+02  0.32943974E+02 -0.69979239E+01 -0.46158613E+04 -0.49561803E+06 -0.43164544E+06 -0.82136595E+00 -0.12393497E+02 -0.12116676E+02 -0.25900495E+06 -0.20291758E+06 -0.13264916E+06 -0.61790387E+05 -0.26868294E+06 -0.22327116E+06 1989  237   13   53   36    0  0.79602200E+00  0.58341873E+00  0.16115767E+00  0.11957908E+00  0.10942239E+00 -0.98677641E+00 -0.59333807E+00  0.80476671E+00  0.17337963E-01
 1989  237   13   55   11 1000 -0.41751606E+06 -0.45788222E+06 -0.22400227E+06 -0.60504936E+02  0.33688229E+02 -0.69974079E+01 -0.46947129E+04 -0.49680775E+06 -0.43280859E+06 -0.82135528E+00 -0.12392352E+02 -0.12115680E+02 -0.26136903E+06 -0.19988988E+06 -0.13260912E+06 -0.62168453E+05 -0.26874231E+06 -0.22309470E+06 1989  237   13   55   11 1000  0.79596657E+00  0.58355510E+00  0.16093789E+00  0.11935994E+00  0.10934521E+00 -0.98681152E+00 -0.59345663E+00  0.80467832E+00  0.17382037E-01
 1989  237   13   56   48    0 -0.42331331E+06 -0.45461244E+06 -0.22467398E+06 -0.60269211E+02  0.34431305E+02 -0.69968944E+01 -0.47735625E+04 -0.49799734E+06 -0.43397166E+06 -0.82134449E+00 -0.12391213E+02 -0.12114688E+02 -0.26369775E+06 -0.19683472E+06 -0.13256891E+06 -0.62546434E+05 -0.26880125E+06 -0.22291792E+06 1989  237   13   56   48    0  0.79601550E+00  0.58356661E+00  0.16065258E+00  0.11896126E+00  0.10940560E+00 -0.98685288E+00 -0.59347069E+00  0.80466163E+00  0.17666738E-01
 1989  237   13   58   24    0 -0.42908750E+06 -0.45127141E+06 -0.22534567E+06 -0.60024551E+02  0.35173096E+02 -0.69963832E+01 -0.48524106E+04 -0.49918688E+06 -0.43513462E+06 -0.82133365E+00 -0.12390081E+02 -0.12113701E+02 -0.26599081E+06 -0.19375247E+06 -0.13252847E+06 -0.62924328E+05 -0.26885984E+06 -0.22274083E+06 1989  237   13   58   24    0  0.79608148E+00  0.58357435E+00  0.16029751E+00  0.11852086E+00  0.10940561E+00 -0.98690587E+00 -0.59347039E+00  0.80465609E+00  0.17930057E-01
 1989  237   14    0    0    0 -0.43483775E+06 -0.44785922E+06 -0.22601731E+06 -0.59770966E+02  0.35913494E+02 -0.69958744E+01 -0.49312588E+04 -0.50037628E+06 -0.43629750E+06 -0.82132268E+00 -0.12388954E+02 -0.12112719E+02 -0.26824784E+06 -0.19064356E+06 -0.13248784E+06 -0.63302133E+05 -0.26891806E+06 -0.22256342E+06 1989  237   14    0    0    0  0.79627061E+00  0.58344102E+00  0.15984249E+00  0.11799425E+00  0.10935987E+00 -0.98697400E+00 -0.59332150E+00  0.80475891E+00  0.18237375E-01
 1989  237   14    1   36    0 -0.44056325E+06 -0.44437606E+06 -0.22668888E+06 -0.59508453E+02  0.36652397E+02 -0.69953680E+01 -0.50101064E+04 -0.50156556E+06 -0.43746028E+06 -0.82131165E+00 -0.12387834E+02 -0.12111741E+02 -0.27046856E+06 -0.18750848E+06 -0.13244706E+06 -0.63679848E+05 -0.26897591E+06 -0.22238570E+06 1989  237   14    1   36    0  0.79642081E+00  0.58326375E+00  0.15974092E+00  0.11792710E+00  0.10928683E+00 -0.98699015E+00 -0.59313315E+00  0.80489737E+00  0.18255688E-01
 1989  237   14    3   11 1000 -0.44626309E+06 -0.44082206E+06 -0.22736039E+06 -0.59237022E+02  0.37389687E+02 -0.69948635E+01 -0.50889521E+04 -0.50275475E+06 -0.43862297E+06 -0.82130051E+00 -0.12386719E+02 -0.12110768E+02 -0.27265269E+06 -0.18434764E+06 -0.13240606E+06 -0.64057469E+05 -0.26903338E+06 -0.22220767E+06 1989  237   14    3   11 1000  0.79651713E+00  0.58312261E+00  0.15977636E+00  0.11799309E+00  0.10926236E+00 -0.98698497E+00 -0.59299076E+00  0.80500293E+00  0.18224906E-01
 1989  237   14    4   48    0 -0.45193647E+06 -0.43719731E+06 -0.22803189E+06 -0.58956673E+02  0.38125271E+02 -0.69943614E+01 -0.51677959E+04 -0.50394381E+06 -0.43978553E+06 -0.82128924E+00 -0.12385609E+02 -0.12109800E+02 -0.27479991E+06 -0.18116139E+06 -0.13236488E+06 -0.64435000E+05 -0.26909044E+06 -0.22202931E+06 1989  237   14    4   48    0  0.79659820E+00  0.58300036E+00  0.15981901E+00  0.11806577E+00  0.10924014E+00 -0.98697883E+00 -0.59286761E+00  0.80509460E+00  0.18188115E-01
 1989  237   14    6   24    0 -0.45758247E+06 -0.43350206E+06 -0.22870333E+06 -0.58667412E+02  0.38859043E+02 -0.69938617E+01 -0.52466396E+04 -0.50513278E+06 -0.44094803E+06 -0.82127786E+00 -0.12384505E+02 -0.12108836E+02 -0.27690991E+06 -0.17795019E+06 -0.13232353E+06 -0.64812445E+05 -0.26914716E+06 -0.22185066E+06 1989  237   14    6   24    0  0.79661804E+00  0.58299160E+00  0.15975162E+00  0.11801419E+00  0.10919715E+00 -0.98698968E+00 -0.59285116E+00  0.80510670E+00  0.18187147E-01
 1989  237   14    8    0    0 -0.46320028E+06 -0.42973647E+06 -0.22937470E+06 -0.58369247E+02  0.39590885E+02 -0.69933643E+01 -0.53254814E+04 -0.50632162E+06 -0.44211044E+06 -0.82126647E+00 -0.12383407E+02 -0.12107878E+02 -0.27898247E+06 -0.17471450E+06 -0.13228200E+06 -0.65189797E+05 -0.26920350E+06 -0.22167169E+06 1989  237   14    8    0    0  0.79663473E+00  0.58296633E+00  0.15976107E+00  0.11807406E+00  0.10913263E+00 -0.98698974E+00 -0.59281689E+00  0.80513382E+00  0.18105652E-01
 1989  237   14    9   36    0 -0.46878906E+06 -0.42590066E+06 -0.23004605E+06 -0.58062187E+02  0.40320705E+02 -0.69928694E+01 -0.54043213E+04 -0.50751038E+06 -0.44327272E+06 -0.82125497E+00 -0.12382314E+02 -0.12106923E+02 -0.28101725E+06 -0.17145473E+06 -0.13224027E+06 -0.65567047E+05 -0.26925944E+06 -0.22149241E+06 1989  237   14    9   36    0  0.79662532E+00  0.58299518E+00  0.15970255E+00  0.11807220E+00  0.10903566E+00 -0.98700064E+00 -0.59282988E+00  0.80512601E+00  0.18025026E-01
 1989  237   14   11   11 1000 -0.47434794E+06 -0.42199491E+06 -0.23071734E+06 -0.57746254E+02  0.41048397E+02 -0.69923763E+01 -0.54831616E+04 -0.50869903E+06 -0.44443494E+06 -0.82124329E+00 -0.12381227E+02 -0.12105973E+02 -0.28301397E+06 -0.16817134E+06 -0.13219833E+06 -0.65944203E+05 -0.26931500E+06 -0.22131281E+06 1989  237   14   11   11 1000  0.79660451E+00  0.58302367E+00  0.15970191E+00  0.11806805E+00  0.10903914E+00 -0.98700070E+00 -0.59285855E+00  0.80510485E+00  0.18024616E-01
 1989  237   14   12   48    0 -0.47987609E+06 -0.41801941E+06 -0.23138859E+06 -0.57421448E+02  0.41773849E+02 -0.69918852E+01 -0.55620020E+04 -0.50988756E+06 -0.44559709E+06 -0.82123160E+00 -0.12380144E+02 -0.12105028E+02 -0.28497234E+06 -0.16486478E+06 -0.13215620E+06 -0.66321266E+05 -0.26937019E+06 -0.22113291E+06 1989  237   14   12   48    0  0.79661518E+00  0.58302522E+00  0.15964305E+00  0.11807044E+00  0.10893676E+00 -0.98701173E+00 -0.59284371E+00  0.80511767E+00  0.17942641E-01
 1989  237   14   14   24    0 -0.48537262E+06 -0.41397441E+06 -0.23205981E+06 -0.57087776E+02  0.42496952E+02 -0.69913964E+01 -0.56408398E+04 -0.51107600E+06 -0.44675912E+06 -0.82121980E+00 -0.12379067E+02 -0.12104087E+02 -0.28689212E+06 -0.16153548E+06 -0.13211392E+06 -0.66698234E+05 -0.26942497E+06 -0.22095267E+06 1989  237   14   14   24    0  0.79663068E+00  0.58301914E+00  0.15958785E+00  0.11807710E+00  0.10883509E+00 -0.98702216E+00 -0.59282154E+00  0.80513573E+00  0.17860163E-01
 1989  237   14   16    0    0 -0.49083666E+06 -0.40986009E+06 -0.23273097E+06 -0.56745262E+02  0.43217606E+02 -0.69909101E+01 -0.57196758E+04 -0.51226434E+06 -0.44792106E+06 -0.82120794E+00 -0.12377996E+02 -0.12103150E+02 -0.28877303E+06 -0.15818391E+06 -0.13207145E+06 -0.67075141E+05 -0.26947938E+06 -0.22077214E+06 1989  237   14   16    0    0  0.79659450E+00  0.58298141E+00  0.15990654E+00  0.11847812E+00  0.10882810E+00 -0.98697495E+00 -0.59279037E+00  0.80516410E+00  0.17621331E-01
 1989  237   14   17   36    0 -0.49626741E+06 -0.40567672E+06 -0.23340206E+06 -0.56393921E+02  0.43935703E+02 -0.69904261E+01 -0.57985117E+04 -0.51345259E+06 -0.44908294E+06 -0.82119602E+00 -0.12376931E+02 -0.12102219E+02 -0.29061488E+06 -0.15481048E+06 -0.13202880E+06 -0.67451922E+05 -0.26953341E+06 -0.22059130E+06 1989  237   14   17   36    0  0.79656798E+00  0.58295476E+00  0.16013509E+00  0.11888255E+00  0.10866437E+00 -0.98694426E+00 -0.59274483E+00  0.80520540E+00  0.17255418E-01
 1989  237   14   19   12    0 -0.50166403E+06 -0.40142453E+06 -0.23407312E+06 -0.56033760E+02  0.44651134E+02 -0.69899440E+01 -0.58773452E+04 -0.51464072E+06 -0.45024469E+06 -0.82118398E+00 -0.12375871E+02 -0.12101291E+02 -0.29241731E+06 -0.15141570E+06 -0.13198595E+06 -0.67828609E+05 -0.26958706E+06 -0.22041014E+06 1989  237   14   19   12    0  0.79655051E+00  0.58287394E+00  0.16051555E+00  0.11923274E+00  0.10883183E+00 -0.98688364E+00 -0.59269792E+00  0.80524135E+00  0.17192379E-01
 1989  237   14   20   47 1000 -0.50702559E+06 -0.39710378E+06 -0.23474412E+06 -0.55664806E+02  0.45363796E+02 -0.69894638E+01 -0.59561772E+04 -0.51582875E+06 -0.45140638E+06 -0.82117194E+00 -0.12374816E+02 -0.12100368E+02 -0.29418012E+06 -0.14800002E+06 -0.13194292E+06 -0.68205234E+05 -0.26964034E+06 -0.22022867E+06 1989  237   14   20   47 1000  0.79654795E+00  0.58279693E+00  0.16080832E+00  0.11969382E+00  0.10870104E+00 -0.98684216E+00 -0.59260857E+00  0.80531478E+00  0.16828395E-01
 1989  237   14   22   24    0 -0.51235134E+06 -0.39271478E+06 -0.23541506E+06 -0.55287083E+02  0.46073586E+02 -0.69889860E+01 -0.60350093E+04 -0.51701669E+06 -0.45256797E+06 -0.82115978E+00 -0.12373766E+02 -0.12099449E+02 -0.29590309E+06 -0.14456386E+06 -0.13189970E+06 -0.68581734E+05 -0.26969325E+06 -0.22004689E+06 1989  237   14   22   24    0  0.79652923E+00  0.58281636E+00  0.16083011E+00  0.11968851E+00  0.10874420E+00 -0.98683804E+00 -0.59263468E+00  0.80529481E+00  0.16861521E-01
 1989  237   14   24    0    0 -0.51764044E+06 -0.38825778E+06 -0.23608600E+06 -0.54900604E+02  0.46780392E+02 -0.69885101E+01 -0.61138394E+04 -0.51820453E+06 -0.45372947E+06 -0.82114750E+00 -0.12372721E+02 -0.12098534E+02 -0.29758600E+06 -0.14110770E+06 -0.13185627E+06 -0.68958141E+05 -0.26974578E+06 -0.21986478E+06 1989  237   14   24    0    0  0.79658395E+00  0.58280838E+00  0.16058840E+00  0.11939186E+00  0.10874076E+00 -0.98687440E+00 -0.59262115E+00  0.80530113E+00  0.17038576E-01
 1989  237   14   25   35 1000 -0.52289200E+06 -0.38373303E+06 -0.23675688E+06 -0.54505375E+02  0.47484131E+02 -0.69880362E+01 -0.61926699E+04 -0.51939225E+06 -0.45489094E+06 -0.82113516E+00 -0.12371681E+02 -0.12097624E+02 -0.29922853E+06 -0.13763200E+06 -0.13181264E+06 -0.69334453E+05 -0.26979794E+06 -0.21968238E+06 1989  237   14   25   35 1000  0.79662377E+00  0.58283877E+00  0.16027972E+00  0.11899133E+00  0.10876419E+00 -0.98692024E+00 -0.59264809E+00  0.80527592E+00  0.17291386E-01
 1989  237   14   27   12    0 -0.52810525E+06 -0.37914088E+06 -0.23742769E+06 -0.54101437E+02  0.48184673E+02 -0.69875646E+01 -0.62714985E+04 -0.52057988E+06 -0.45605225E+06 -0.82112277E+00 -0.12370647E+02 -0.12096718E+02 -0.30083053E+06 -0.13413728E+06 -0.13176884E+06 -0.69710672E+05 -0.26984969E+06 -0.21949966E+06 1989  237   14   27   12    0  0.79674405E+00  0.58275276E+00  0.15999453E+00  0.11860862E+00  0.10880733E+00 -0.98696148E+00 -0.59256309E+00  0.80533230E+00  0.17572090E-01
 1989  237   14   28   47 1000 -0.53327919E+06 -0.37448169E+06 -0.23809847E+06 -0.53688820E+02  0.48881912E+02 -0.69870949E+01 -0.63503247E+04 -0.52176741E+06 -0.45721347E+06 -0.82111031E+00 -0.12369617E+02 -0.12095816E+02 -0.30239178E+06 -0.13062398E+06 -0.13172491E+06 -0.70086797E+05 -0.26990106E+06 -0.21931666E+06 1989  237   14   28   47 1000  0.79685307E+00  0.58269477E+00  0.15966268E+00  0.11822182E+00  0.10877651E+00 -0.98701131E+00 -0.59249383E+00  0.80537856E+00  0.17791681E-01
 1989  237   14   30   24    0 -0.53841319E+06 -0.36975569E+06 -0.23876922E+06 -0.53267532E+02  0.49575756E+02 -0.69866271E+01 -0.64291509E+04 -0.52295484E+06 -0.45837462E+06 -0.82109779E+00 -0.12368593E+02 -0.12094917E+02 -0.30391203E+06 -0.12709256E+06 -0.13168078E+06 -0.70462797E+05 -0.26995203E+06 -0.21913334E+06 1989  237   14   30   24    0  0.79689300E+00  0.58267379E+00  0.15954028E+00  0.11802970E+00  0.10883237E+00 -0.98702812E+00 -0.59247851E+00  0.80538619E+00  0.17954942E-01
 1989  237   14   32    0    0 -0.54350625E+06 -0.36496325E+06 -0.23943994E+06 -0.52837612E+02  0.50266090E+02 -0.69861622E+01 -0.65079751E+04 -0.52414219E+06 -0.45953569E+06 -0.82108521E+00 -0.12367574E+02 -0.12094024E+02 -0.30539109E+06 -0.12354352E+06 -0.13163644E+06 -0.70838703E+05 -0.27000266E+06 -0.21894969E+06 1989  237   14   32    0    0  0.79691124E+00  0.58261621E+00  0.15965840E+00  0.11818545E+00  0.10882159E+00 -0.98701072E+00 -0.59242272E+00  0.80542922E+00  0.17864395E-01
 1989  237   14   33   36    0 -0.54855769E+06 -0.36010472E+06 -0.24011059E+06 -0.52399086E+02  0.50952820E+02 -0.69856987E+01 -0.65867993E+04 -0.52532944E+06 -0.46069666E+06 -0.82107258E+00 -0.12366559E+02 -0.12093135E+02 -0.30682875E+06 -0.11997734E+06 -0.13159191E+06 -0.71214516E+05 -0.27005288E+06 -0.21876573E+06 1989  237   14   33   36    0  0.79689252E+00  0.58254862E+00  0.15999892E+00  0.11864617E+00  0.10877116E+00 -0.98696101E+00 -0.59235597E+00  0.80548501E+00  0.17561775E-01
 1989  237   14   35   12    0 -0.55356662E+06 -0.35518044E+06 -0.24078119E+06 -0.51951973E+02  0.51635838E+02 -0.69852371E+01 -0.66656216E+04 -0.52651656E+06 -0.46185756E+06 -0.82105982E+00 -0.12365550E+02 -0.12092249E+02 -0.30822475E+06 -0.11639449E+06 -0.13154719E+06 -0.71590234E+05 -0.27010272E+06 -0.21858148E+06 1989  237   14   35   12    0  0.79686952E+00  0.58251107E+00  0.16025005E+00  0.11905132E+00  0.10864456E+00 -0.98692614E+00 -0.59230566E+00  0.80552918E+00  0.17226834E-01
 1989  237   14   36   47 1000 -0.55853225E+06 -0.35019078E+06 -0.24145175E+06 -0.51496311E+02  0.52315029E+02 -0.69847775E+01 -0.67444419E+04 -0.52770362E+06 -0.46301838E+06 -0.82104701E+00 -0.12364545E+02 -0.12091368E+02 -0.30957903E+06 -0.11279549E+06 -0.13150228E+06 -0.71965859E+05 -0.27015219E+06 -0.21839692E+06 1989  237   14   36   47 1000  0.79680759E+00  0.58250117E+00  0.16059294E+00  0.11944774E+00  0.10868329E+00 -0.98687392E+00 -0.59230900E+00  0.80553108E+00  0.17021224E-01
 1989  237   14   38   24    0 -0.56345369E+06 -0.34513606E+06 -0.24212225E+06 -0.51032124E+02  0.52990311E+02 -0.69843197E+01 -0.68232627E+04 -0.52889056E+06 -0.46417909E+06 -0.82103413E+00 -0.12363545E+02 -0.12090490E+02 -0.31089134E+06 -0.10918079E+06 -0.13145719E+06 -0.72341359E+05 -0.27020128E+06 -0.21821205E+06 1989  237   14   38   24    0  0.79677445E+00  0.58248800E+00  0.16080476E+00  0.11974069E+00  0.10864215E+00 -0.98684293E+00 -0.59229439E+00  0.80554610E+00  0.16815770E-01
 1989  237   14   40    0    0 -0.56833019E+06 -0.34001672E+06 -0.24279272E+06 -0.50559464E+02  0.53661560E+02 -0.69838643E+01 -0.69020815E+04 -0.53007744E+06 -0.46533975E+06 -0.82102126E+00 -0.12362550E+02 -0.12089617E+02 -0.31216147E+06 -0.10555084E+06 -0.13141194E+06 -0.72716766E+05 -0.27025000E+06 -0.21802686E+06 1989  237   14   40    0    0  0.79682970E+00  0.58250052E+00  0.16048518E+00  0.11934417E+00  0.10864262E+00 -0.98689091E+00 -0.59230006E+00  0.80553699E+00  0.17051615E-01
 1989  237   14   41   36    0 -0.57316088E+06 -0.33483316E+06 -0.24346316E+06 -0.50078350E+02  0.54328682E+02 -0.69834108E+01 -0.69808979E+04 -0.53126419E+06 -0.46650031E+06 -0.82100827E+00 -0.12361561E+02 -0.12088748E+02 -0.31338925E+06 -0.10190620E+06 -0.13136650E+06 -0.73092078E+05 -0.27029831E+06 -0.21784139E+06 1989  237   14   41   36    0  0.79686248E+00  0.58254778E+00  0.16015095E+00  0.11899754E+00  0.10854936E+00 -0.98694307E+00 -0.59232575E+00  0.80551547E+00  0.17177168E-01
 1989  237   14   43   12    0 -0.57794494E+06 -0.32958575E+06 -0.24413353E+06 -0.49588814E+02  0.54991566E+02 -0.69829588E+01 -0.70597144E+04 -0.53245081E+06 -0.46766078E+06 -0.82099527E+00 -0.12360576E+02 -0.12087883E+02 -0.31457456E+06 -0.98247375E+05 -0.13132083E+06 -0.73467266E+05 -0.27034628E+06 -0.21765556E+06 1989  237   14   43   12    0  0.79673833E+00  0.58277994E+00  0.15992452E+00  0.11856318E+00  0.10875022E+00 -0.98697329E+00 -0.59258002E+00  0.80532050E+00  0.17549220E-01
 1989  237   14   44   47 1000 -0.58268162E+06 -0.32427491E+06 -0.24480388E+06 -0.49090893E+02  0.55650112E+02 -0.69825091E+01 -0.71385308E+04 -0.53363738E+06 -0.46882119E+06 -0.82098216E+00 -0.12359594E+02 -0.12087021E+02 -0.31571716E+06 -0.94574805E+05 -0.13127498E+06 -0.73842359E+05 -0.27039388E+06 -0.21746944E+06 1989  237   14   44   47 1000  0.79665327E+00  0.58298331E+00  0.15960597E+00  0.11813717E+00  0.10878523E+00 -0.98702049E+00 -0.59277928E+00  0.80516851E+00  0.17792109E-01
 1989  237   14   46   24    0 -0.58737006E+06 -0.31890109E+06 -0.24547419E+06 -0.48584625E+02  0.56304222E+02 -0.69820614E+01 -0.72173452E+04 -0.53482388E+06 -0.46998150E+06 -0.82096905E+00 -0.12358619E+02 -0.12086164E+02 -0.31681697E+06 -0.90889016E+05 -0.13122898E+06 -0.74217352E+05 -0.27044106E+06 -0.21728303E+06 1989  237   14   46   24    0  0.79650819E+00  0.58319902E+00  0.15954217E+00  0.11794986E+00  0.10892430E+00 -0.98702759E+00 -0.59301150E+00  0.80499345E+00  0.17970871E-01
 1989  237   14   48    0    0 -0.59200956E+06 -0.31346466E+06 -0.24614444E+06 -0.48070065E+02  0.56953796E+02 -0.69816151E+01 -0.72961577E+04 -0.53601025E+06 -0.47114172E+06 -0.82095581E+00 -0.12357647E+02 -0.12085310E+02 -0.31787378E+06 -0.87190516E+05 -0.13118280E+06 -0.74592258E+05 -0.27048781E+06 -0.21709634E+06 1989  237   14   48    0    0  0.79634172E+00  0.58338428E+00  0.15969531E+00  0.11802088E+00  0.10907844E+00 -0.98700202E+00 -0.59322077E+00  0.80483830E+00  0.18012188E-01
 1989  237   14   49   36    0 -0.59659925E+06 -0.30796612E+06 -0.24681462E+06 -0.47547237E+02  0.57598728E+02 -0.69811711E+01 -0.73749678E+04 -0.53719650E+06 -0.47230188E+06 -0.82094258E+00 -0.12356680E+02 -0.12084460E+02 -0.31888744E+06 -0.83479766E+05 -0.13113642E+06 -0.74967070E+05 -0.27053422E+06 -0.21690934E+06 1989  237   14   49   36    0  0.79613179E+00  0.58357406E+00  0.16004859E+00  0.11844049E+00  0.10909614E+00 -0.98694986E+00 -0.59341896E+00  0.80469841E+00  0.17736096E-01
 1989  237   14   51   11 1000 -0.60113838E+06 -0.30240588E+06 -0.24748481E+06 -0.47016178E+02  0.58238914E+02 -0.69807291E+01 -0.74537769E+04 -0.53838275E+06 -0.47346197E+06 -0.82092929E+00 -0.12355718E+02 -0.12083613E+02 -0.31985788E+06 -0.79757281E+05 -0.13108986E+06 -0.75341758E+05 -0.27058028E+06 -0.21672200E+06 1989  237   14   51   11 1000  0.79599488E+00  0.58367825E+00  0.16034956E+00  0.11876720E+00  0.10915527E+00 -0.98690397E+00 -0.59353739E+00  0.80461472E+00  0.17565202E-01
 1989  237   14   52   48    0 -0.60562612E+06 -0.29678438E+06 -0.24815498E+06 -0.46476944E+02  0.58874256E+02 -0.69802885E+01 -0.75325859E+04 -0.53956888E+06 -0.47462197E+06 -0.82091594E+00 -0.12354760E+02 -0.12082771E+02 -0.32078491E+06 -0.76023555E+05 -0.13104311E+06 -0.75716328E+05 -0.27062594E+06 -0.21653436E+06 1989  237   14   52   48    0  0.79599154E+00  0.58355701E+00  0.16080639E+00  0.11927642E+00  0.10923713E+00 -0.98683345E+00 -0.59343958E+00  0.80469155E+00  0.17347232E-01
 1989  237   14   54   24    0 -0.61006169E+06 -0.29110216E+06 -0.24882508E+06 -0.45929573E+02  0.59504642E+02 -0.69798498E+01 -0.76113926E+04 -0.54075488E+06 -0.47578184E+06 -0.82090253E+00 -0.12353806E+02 -0.12081933E+02 -0.32166841E+06 -0.72279125E+05 -0.13099617E+06 -0.76090789E+05 -0.27067119E+06 -0.21634642E+06 1989  237   14   54   24    0  0.79613203E+00  0.58329999E+00  0.16104375E+00  0.11961007E+00  0.10919302E+00 -0.98679805E+00 -0.59318411E+00  0.80488384E+00  0.17163515E-01
 1989  237   14   56    0    0 -0.61444438E+06 -0.28535966E+06 -0.24949511E+06 -0.45374107E+02  0.60129993E+02 -0.69794130E+01 -0.76901992E+04 -0.54194075E+06 -0.47694166E+06 -0.82088906E+00 -0.12352858E+02 -0.12081098E+02 -0.32250822E+06 -0.68524523E+05 -0.13094904E+06 -0.76465164E+05 -0.27071609E+06 -0.21615817E+06 1989  237   14   56    0    0  0.79627156E+00  0.58310455E+00  0.16106142E+00  0.11958979E+00  0.10925728E+00 -0.98679340E+00 -0.59300083E+00  0.80501676E+00  0.17265111E-01
 1989  237   14   57   36    0 -0.61877331E+06 -0.27955738E+06 -0.25016511E+06 -0.44810589E+02  0.60750191E+02 -0.69789782E+01 -0.77690039E+04 -0.54312662E+06 -0.47810141E+06 -0.82087559E+00 -0.12351913E+02 -0.12080267E+02 -0.32330428E+06 -0.64760238E+05 -0.13090176E+06 -0.76839414E+05 -0.27076062E+06 -0.21596964E+06 1989  237   14   57   36    0  0.79648781E+00  0.58291292E+00  0.16068569E+00  0.11912513E+00  0.10926303E+00 -0.98684889E+00 -0.59280401E+00  0.80515474E+00  0.17587088E-01
 1989  237   14   59   11 1000 -0.62304769E+06 -0.27369578E+06 -0.25083508E+06 -0.44239079E+02  0.61365139E+02 -0.69785452E+01 -0.78478066E+04 -0.54431238E+06 -0.47926106E+06 -0.82086200E+00 -0.12350974E+02 -0.12079439E+02 -0.32405647E+06 -0.60986754E+05 -0.13085426E+06 -0.77213539E+05 -0.27080475E+06 -0.21578077E+06 1989  237   14   59   11 1000  0.79672968E+00  0.58265102E+00  0.16043541E+00  0.11881270E+00  0.10927589E+00 -0.98688513E+00 -0.59254134E+00  0.80534250E+00  0.17837010E-01
 1989  237   15    0   48    0 -0.62726688E+06 -0.26777544E+06 -0.25150497E+06 -0.43659618E+02  0.61974747E+02 -0.69781141E+01 -0.79266094E+04 -0.54549800E+06 -0.48042066E+06 -0.82084841E+00 -0.12350039E+02 -0.12078615E+02 -0.32476466E+06 -0.57204578E+05 -0.13080657E+06 -0.77587570E+05 -0.27084850E+06 -0.21559158E+06 1989  237   15    0   48    0  0.79634827E+00  0.58325982E+00  0.16011688E+00  0.11827667E+00  0.10944492E+00 -0.98693085E+00 -0.59316111E+00  0.80487883E+00  0.18170234E-01
 1989  237   15    2   24    0 -0.63143012E+06 -0.26179681E+06 -0.25217484E+06 -0.43072254E+02  0.62578899E+02 -0.69776850E+01 -0.80054102E+04 -0.54668350E+06 -0.48158019E+06 -0.82083476E+00 -0.12349107E+02 -0.12077795E+02 -0.32542875E+06 -0.53414234E+05 -0.13075873E+06 -0.77961508E+05 -0.27089188E+06 -0.21540212E+06 1989  237   15    2   24    0  0.79696345E+00  0.58249056E+00  0.15985705E+00  0.11804818E+00  0.10934765E+00 -0.98696899E+00 -0.59238011E+00  0.80544889E+00  0.18384151E-01
 1989  237   15    4    0    0 -0.63553656E+06 -0.25576047E+06 -0.25284470E+06 -0.42477039E+02  0.63177517E+02 -0.69772573E+01 -0.80842095E+04 -0.54786900E+06 -0.48273962E+06 -0.82082111E+00 -0.12348181E+02 -0.12076979E+02 -0.32604872E+06 -0.49616219E+05 -0.13071069E+06 -0.78335320E+05 -0.27093484E+06 -0.21521238E+06 1989  237   15    4    0    0  0.79687518E+00  0.58259511E+00  0.15991548E+00  0.11802961E+00  0.10946710E+00 -0.98695797E+00 -0.59250236E+00  0.80535704E+00  0.18468145E-01
 1989  237   15    5   36    0 -0.63958550E+06 -0.24966688E+06 -0.25351448E+06 -0.41874023E+02  0.63770493E+02 -0.69768310E+01 -0.81630068E+04 -0.54905438E+06 -0.48389897E+06 -0.82080740E+00 -0.12347259E+02 -0.12076166E+02 -0.32662438E+06 -0.45811066E+05 -0.13066247E+06 -0.78709008E+05 -0.27097741E+06 -0.21502228E+06 1989  237   15    5   36    0  0.79675299E+00  0.58274913E+00  0.15996349E+00  0.11800550E+00  0.10957474E+00 -0.98694897E+00 -0.59267157E+00  0.80523098E+00  0.18536396E-01
 1989  237   15    7   11 1000 -0.64357612E+06 -0.24351666E+06 -0.25418423E+06 -0.41263271E+02  0.64357727E+02 -0.69764071E+01 -0.82418037E+04 -0.55023969E+06 -0.48505822E+06 -0.82079363E+00 -0.12346340E+02 -0.12075356E+02 -0.32715569E+06 -0.41999309E+05 -0.13061406E+06 -0.79082602E+05 -0.27101962E+06 -0.21483191E+06 1989  237   15    7   11 1000  0.79658765E+00  0.58293331E+00  0.16011550E+00  0.11822279E+00  0.10952827E+00 -0.98692805E+00 -0.59285039E+00  0.80510396E+00  0.18332873E-01
 1989  237   15    8   48    0 -0.64750775E+06 -0.23731039E+06 -0.25485395E+06 -0.40644825E+02  0.64939125E+02 -0.69759851E+01 -0.83206006E+04 -0.55142488E+06 -0.48621741E+06 -0.82077980E+00 -0.12345427E+02 -0.12074551E+02 -0.32764256E+06 -0.38181449E+05 -0.13056547E+06 -0.79456102E+05 -0.27106147E+06 -0.21464125E+06 1989  237   15    8   48    0  0.79640245E+00  0.58309835E+00  0.16043502E+00  0.11859299E+00  0.10955693E+00 -0.98688036E+00 -0.59302509E+00  0.80498046E+00  0.18100031E-01
 1989  237   15   10   24    0 -0.65137969E+06 -0.23104858E+06 -0.25552364E+06 -0.40018745E+02  0.65514587E+02 -0.69755645E+01 -0.83993955E+04 -0.55261000E+06 -0.48737653E+06 -0.82076597E+00 -0.12344517E+02 -0.12073749E+02 -0.32808494E+06 -0.34358000E+05 -0.13051669E+06 -0.79829477E+05 -0.27110294E+06 -0.21445028E+06 1989  237   15   10   24    0  0.79626685E+00  0.58317399E+00  0.16083367E+00  0.11902981E+00  0.10963175E+00 -0.98681957E+00 -0.59311998E+00  0.80491561E+00  0.17881051E-01
 1989  237   15   12    0    0 -0.65519112E+06 -0.22473181E+06 -0.25619327E+06 -0.39385078E+02  0.66084030E+02 -0.69751453E+01 -0.84781885E+04 -0.55379500E+06 -0.48853556E+06 -0.82075208E+00 -0.12343611E+02 -0.12072950E+02 -0.32848278E+06 -0.30529475E+05 -0.13046772E+06 -0.80202727E+05 -0.27114400E+06 -0.21425898E+06 1989  237   15   12    0    0  0.79616410E+00  0.58321005E+00  0.16121083E+00  0.11941743E+00  0.10973868E+00 -0.98676085E+00 -0.59317988E+00  0.80487490E+00  0.17724566E-01
 1989  237   15   13   36    0 -0.65894138E+06 -0.21836064E+06 -0.25686286E+06 -0.38743893E+02  0.66647346E+02 -0.69747281E+01 -0.85569795E+04 -0.55497994E+06 -0.48969453E+06 -0.82073814E+00 -0.12342709E+02 -0.12072155E+02 -0.32883600E+06 -0.26696400E+05 -0.13041855E+06 -0.80575852E+05 -0.27118469E+06 -0.21406739E+06 1989  237   15   13   36    0  0.79600686E+00  0.58338398E+00  0.16135748E+00  0.11958562E+00  0.10975066E+00 -0.98673916E+00 -0.59335691E+00  0.80474710E+00  0.17597940E-01
 1989  237   15   15   11 1000 -0.66262969E+06 -0.21193570E+06 -0.25753242E+06 -0.38095253E+02  0.67204445E+02 -0.69743128E+01 -0.86357686E+04 -0.55616481E+06 -0.49085344E+06 -0.82072419E+00 -0.12341811E+02 -0.12071362E+02 -0.32914453E+06 -0.22859295E+05 -0.13036921E+06 -0.80948883E+05 -0.27122500E+06 -0.21387548E+06 1989  237   15   15   11 1000  0.79609424E+00  0.58332837E+00  0.16112776E+00  0.11929432E+00  0.10976169E+00 -0.98677319E+00 -0.59329844E+00  0.80478603E+00  0.17792892E-01
 1989  237   15   16   48    0 -0.66625544E+06 -0.20545758E+06 -0.25820192E+06 -0.37439209E+02  0.67755226E+02 -0.69738989E+01 -0.87145576E+04 -0.55734962E+06 -0.49201225E+06 -0.82071018E+00 -0.12340919E+02 -0.12070574E+02 -0.32940834E+06 -0.19018656E+05 -0.13031968E+06 -0.81321820E+05 -0.27126491E+06 -0.21368330E+06 1989  237   15   16   48    0  0.79620653E+00  0.58326334E+00  0.16080755E+00  0.11890836E+00  0.10974924E+00 -0.98682106E+00 -0.59322506E+00  0.80483472E+00  0.18028174E-01
 1989  237   15   18   24    0 -0.66981781E+06 -0.19892686E+06 -0.25887139E+06 -0.36775829E+02  0.68299606E+02 -0.69734869E+01 -0.87933457E+04 -0.55853425E+06 -0.49317100E+06 -0.82069612E+00 -0.12340029E+02 -0.12069789E+02 -0.32962744E+06 -0.15175027E+05 -0.13026999E+06 -0.81694633E+05 -0.27130444E+06 -0.21349083E+06 1989  237   15   18   24    0  0.79644012E+00  0.58303589E+00  0.16047569E+00  0.11854903E+00  0.10968734E+00 -0.98687124E+00 -0.59298348E+00  0.80500805E+00  0.18241059E-01
 1989  237   15   20    0    0 -0.67331619E+06 -0.19234423E+06 -0.25954083E+06 -0.36105171E+02  0.68837486E+02 -0.69730763E+01 -0.88721309E+04 -0.55971888E+06 -0.49432966E+06 -0.82068205E+00 -0.12339144E+02 -0.12069008E+02 -0.32980172E+06 -0.11328946E+05 -0.13022012E+06 -0.82067320E+05 -0.27134362E+06 -0.21329805E+06 1989  237   15   20    0    0  0.79656327E+00  0.58293617E+00  0.16022621E+00  0.11816680E+00  0.10979041E+00 -0.98690563E+00 -0.59289432E+00  0.80506617E+00  0.18571325E-01
 1989  237   15   21   36    0 -0.67674981E+06 -0.18571031E+06 -0.26021023E+06 -0.35427303E+02  0.69368774E+02 -0.69726677E+01 -0.89509160E+04 -0.56090338E+06 -0.49548825E+06 -0.82066798E+00 -0.12338263E+02 -0.12068230E+02 -0.32993119E+06 -0.74809136E+04 -0.13017005E+06 -0.82439883E+05 -0.27138241E+06 -0.21310494E+06 1989  237   15   21   36    0  0.79668891E+00  0.58284831E+00  0.15992154E+00  0.11789326E+00  0.10965287E+00 -0.98695368E+00 -0.59278011E+00  0.80514854E+00  0.18645339E-01
 1989  237   15   23   12    0 -0.68011800E+06 -0.17902567E+06 -0.26087958E+06 -0.34742290E+02  0.69893379E+02 -0.69722610E+01 -0.90296992E+04 -0.56208781E+06 -0.49664678E+06 -0.82065386E+00 -0.12337385E+02 -0.12067454E+02 -0.33001581E+06 -0.36314534E+04 -0.13011980E+06 -0.82812312E+05 -0.27142075E+06 -0.21291153E+06 1989  237   15   23   12    0  0.79685307E+00  0.58254266E+00  0.16021650E+00  0.11833753E+00  0.10955738E+00 -0.98691100E+00 -0.59247065E+00  0.80538267E+00  0.18364489E-01
 1989  237   15   24   47 1000 -0.68342006E+06 -0.17229100E+06 -0.26154889E+06 -0.34050190E+02  0.70411201E+02 -0.69718552E+01 -0.91084805E+04 -0.56327219E+06 -0.49780522E+06 -0.82063967E+00 -0.12336513E+02 -0.12066683E+02 -0.33005559E+06  0.21891101E+03 -0.13006936E+06 -0.83184656E+05 -0.27145875E+06 -0.21271784E+06 1989  237   15   24   47 1000  0.79686314E+00  0.58244097E+00  0.16053624E+00  0.11874898E+00  0.10954026E+00 -0.98686355E+00 -0.59237492E+00  0.80545861E+00  0.18124327E-01
 1989  237   15   26   24    0 -0.68665538E+06 -0.16550697E+06 -0.26221819E+06 -0.33351067E+02  0.70922165E+02 -0.69714513E+01 -0.91872617E+04 -0.56445644E+06 -0.49896353E+06 -0.82062548E+00 -0.12335643E+02 -0.12065914E+02 -0.33005050E+06  0.40696541E+04 -0.13001873E+06 -0.83556875E+05 -0.27149638E+06 -0.21252384E+06 1989  237   15   26   24    0  0.79694724E+00  0.58226615E+00  0.16075300E+00  0.11907570E+00  0.10946759E+00 -0.98683226E+00 -0.59219623E+00  0.80559492E+00  0.17906148E-01
 1989  237   15   28    0    0 -0.68982325E+06 -0.15867419E+06 -0.26288744E+06 -0.32645008E+02  0.71426170E+02 -0.69710493E+01 -0.92660400E+04 -0.56564062E+06 -0.50012181E+06 -0.82061124E+00 -0.12334778E+02 -0.12065149E+02 -0.33000056E+06  0.79202568E+04 -0.12996792E+06 -0.83928969E+05 -0.27153362E+06 -0.21232953E+06 1989  237   15   28    0    0  0.79693455E+00  0.58216685E+00  0.16117391E+00  0.11958311E+00  0.10948993E+00 -0.98676842E+00 -0.59211075E+00  0.80566353E+00  0.17638993E-01
 1989  237   15   29   35 1000 -0.69292300E+06 -0.15179331E+06 -0.26355666E+06 -0.31932066E+02  0.71923134E+02 -0.69706492E+01 -0.93448184E+04 -0.56682475E+06 -0.50128006E+06 -0.82059699E+00 -0.12333916E+02 -0.12064387E+02 -0.32990578E+06  0.11770230E+05 -0.12991695E+06 -0.84300969E+05 -0.27157050E+06 -0.21213494E+06 1989  237   15   29   35 1000  0.79691350E+00  0.58216214E+00  0.16129526E+00  0.11977939E+00  0.10942756E+00 -0.98675150E+00 -0.59209949E+00  0.80567545E+00  0.17473273E-01
 1989  237   15   31   12    0 -0.69595400E+06 -0.14486511E+06 -0.26422581E+06 -0.31212315E+02  0.72412971E+02 -0.69702501E+01 -0.94235957E+04 -0.56800875E+06 -0.50243822E+06 -0.82058269E+00 -0.12333058E+02 -0.12063629E+02 -0.32976612E+06  0.15619022E+05 -0.12986579E+06 -0.84672844E+05 -0.27160697E+06 -0.21194005E+06 1989  237   15   31   12    0  0.79633480E+00  0.58301330E+00  0.16107863E+00  0.11940448E+00  0.10954110E+00 -0.98678434E+00 -0.59295315E+00  0.80504417E+00  0.17616984E-01
 1989  237   15   32   47 1000 -0.69891556E+06 -0.13789025E+06 -0.26489494E+06 -0.30485830E+02  0.72895576E+02 -0.69698529E+01 -0.95023711E+04 -0.56919269E+06 -0.50359628E+06 -0.82056838E+00 -0.12332205E+02 -0.12062873E+02 -0.32958162E+06  0.19466090E+05 -0.12981445E+06 -0.85044594E+05 -0.27164306E+06 -0.21174486E+06 1989  237   15   32   47 1000  0.79693907E+00  0.58227634E+00  0.16075614E+00  0.11912289E+00  0.10940820E+00 -0.98683316E+00 -0.59219760E+00  0.80559558E+00  0.17829221E-01
 1989  237   15   34   24    0 -0.70180706E+06 -0.13086939E+06 -0.26556403E+06 -0.29752686E+02  0.73370880E+02 -0.69694571E+01 -0.95811445E+04 -0.57037650E+06 -0.50475428E+06 -0.82055408E+00 -0.12331354E+02 -0.12062120E+02 -0.32935231E+06  0.23310930E+05 -0.12976291E+06 -0.85416219E+05 -0.27167878E+06 -0.21154936E+06 1989  237   15   34   24    0  0.79680341E+00  0.58256185E+00  0.16039376E+00  0.11862971E+00  0.10945787E+00 -0.98688710E+00 -0.59247905E+00  0.80538237E+00  0.18107247E-01
 1989  237   15   36    0    0 -0.70462788E+06 -0.12380330E+06 -0.26623306E+06 -0.29012949E+02  0.73838791E+02 -0.69690628E+01 -0.96599180E+04 -0.57156031E+06 -0.50591222E+06 -0.82053971E+00 -0.12330508E+02 -0.12061372E+02 -0.32907822E+06  0.27153023E+05 -0.12971120E+06 -0.85787719E+05 -0.27171409E+06 -0.21135358E+06 1989  237   15   36    0    0  0.79635936E+00  0.58311057E+00  0.16060480E+00  0.11872989E+00  0.10965616E+00 -0.98685294E+00 -0.59305573E+00  0.80495816E+00  0.18093046E-01
 1989  237   15   37   36    0 -0.70737738E+06 -0.11669264E+06 -0.26690206E+06 -0.28266699E+02  0.74299210E+02 -0.69686704E+01 -0.97386895E+04 -0.57274400E+06 -0.50707006E+06 -0.82052529E+00 -0.12329665E+02 -0.12060626E+02 -0.32875938E+06  0.30991852E+05 -0.12965928E+06 -0.86159094E+05 -0.27174903E+06 -0.21115748E+06 1989  237   15   37   36    0  0.79661542E+00  0.58296573E+00  0.15985896E+00  0.11797868E+00  0.10942689E+00 -0.98696852E+00 -0.59286171E+00  0.80509424E+00  0.18393613E-01
 1989  237   15   39   12    0 -0.71005488E+06 -0.10953812E+06 -0.26757103E+06 -0.27514017E+02  0.74752075E+02 -0.69682794E+01 -0.98174590E+04 -0.57392756E+06 -0.50822784E+06 -0.82051086E+00 -0.12328826E+02 -0.12059883E+02 -0.32839581E+06  0.34826891E+05 -0.12960719E+06 -0.86530344E+05 -0.27178359E+06 -0.21096111E+06 1989  237   15   39   12    0  0.79633862E+00  0.58334321E+00  0.15986060E+00  0.11792107E+00  0.10949325E+00 -0.98696804E+00 -0.59324473E+00  0.80481172E+00  0.18405240E-01
 1989  237   15   40   47 1000 -0.71265981E+06 -0.10234048E+06 -0.26823997E+06 -0.26754972E+02  0.75197289E+02 -0.69678898E+01 -0.98962266E+04 -0.57511112E+06 -0.50938556E+06 -0.82049644E+00 -0.12327991E+02 -0.12059144E+02 -0.32798756E+06  0.38657613E+05 -0.12955491E+06 -0.86901500E+05 -0.27181775E+06 -0.21076441E+06 1989  237   15   40   47 1000  0.79617769E+00  0.58357894E+00  0.15980192E+00  0.11788636E+00  0.10943265E+00 -0.98697889E+00 -0.59346765E+00  0.80464911E+00  0.18331837E-01
 1989  237   15   42   24    0 -0.71519162E+06 -0.95100453E+05 -0.26890888E+06 -0.25989632E+02  0.75634766E+02 -0.69675016E+01 -0.99749932E+04 -0.57629456E+06 -0.51054322E+06 -0.82048196E+00 -0.12327159E+02 -0.12058408E+02 -0.32753472E+06  0.42483535E+05 -0.12950247E+06 -0.87272531E+05 -0.27185153E+06 -0.21056741E+06 1989  237   15   42   24    0  0.79601526E+00  0.58379400E+00  0.15982598E+00  0.11795619E+00  0.10937034E+00 -0.98697746E+00 -0.59367174E+00  0.80450153E+00  0.18198352E-01
 1989  237   15   44    0    0 -0.71764969E+06 -0.87818812E+05 -0.26957772E+06 -0.25218088E+02  0.76064445E+02 -0.69671154E+01 -0.10053759E+05 -0.57747794E+06 -0.51170078E+06 -0.82046747E+00 -0.12326331E+02 -0.12057673E+02 -0.32703731E+06  0.46304102E+05 -0.12944984E+06 -0.87643406E+05 -0.27188494E+06 -0.21037016E+06 1989  237   15   44    0    0  0.79595107E+00  0.58383715E+00  0.15998788E+00  0.11819430E+00  0.10931803E+00 -0.98695481E+00 -0.59371042E+00  0.80447733E+00  0.18005583E-01
 1989  237   15   45   36    0 -0.72003331E+06 -0.80496312E+05 -0.27024653E+06 -0.24440430E+02  0.76486214E+02 -0.69667306E+01 -0.10132524E+05 -0.57866125E+06 -0.51285828E+06 -0.82045299E+00 -0.12325507E+02 -0.12056943E+02 -0.32649541E+06  0.50118785E+05 -0.12939699E+06 -0.88014188E+05 -0.27191797E+06 -0.21017259E+06 1989  237   15   45   36    0  0.79598957E+00  0.58371341E+00  0.16024800E+00  0.11856589E+00  0.10925622E+00 -0.98691708E+00 -0.59358484E+00  0.80457550E+00  0.17758332E-01
 1989  237   15   47   12    0 -0.72234200E+06 -0.73133727E+05 -0.27091534E+06 -0.23656723E+02  0.76900009E+02 -0.69663472E+01 -0.10211288E+05 -0.57984444E+06 -0.51401572E+06 -0.82043844E+00 -0.12324687E+02 -0.12056216E+02 -0.32590906E+06  0.53927094E+05 -0.12934399E+06 -0.88384844E+05 -0.27195059E+06 -0.20997472E+06 1989  237   15   47   12    0  0.79604638E+00  0.58358592E+00  0.16042969E+00  0.11888571E+00  0.10913262E+00 -0.98689228E+00 -0.59344447E+00  0.80468482E+00  0.17494593E-01
 1989  237   15   48   48    0 -0.72457519E+06 -0.65731812E+05 -0.27158409E+06 -0.22867058E+02  0.77305748E+02 -0.69659653E+01 -0.10290048E+05 -0.58102756E+06 -0.51517306E+06 -0.82042390E+00 -0.12323870E+02 -0.12055491E+02 -0.32527838E+06  0.57728496E+05 -0.12929084E+06 -0.88755336E+05 -0.27198288E+06 -0.20977656E+06 1989  237   15   48   48    0  0.79605001E+00  0.58350265E+00  0.16071343E+00  0.11929432E+00  0.10905854E+00 -0.98685104E+00 -0.59335738E+00  0.80475515E+00  0.17207518E-01
 1989  237   15   50   24    0 -0.72673231E+06 -0.58291328E+05 -0.27225281E+06 -0.22071518E+02  0.77703354E+02 -0.69655848E+01 -0.10368808E+05 -0.58221062E+06 -0.51633034E+06 -0.82040930E+00 -0.12323056E+02 -0.12054770E+02 -0.32460344E+06  0.61522477E+05 -0.12923746E+06 -0.89125742E+05 -0.27201475E+06 -0.20957808E+06 1989  237   15   50   24    0  0.79606700E+00  0.58341116E+00  0.16096216E+00  0.11960262E+00  0.10906198E+00 -0.98681343E+00 -0.59327281E+00  0.80482101E+00  0.17043147E-01
 1989  237   15   52    0    0 -0.72881275E+06 -0.50813059E+05 -0.27292150E+06 -0.21270172E+02  0.78092735E+02 -0.69652061E+01 -0.10447567E+05 -0.58339356E+06 -0.51748756E+06 -0.82039469E+00 -0.12322246E+02 -0.12054051E+02 -0.32388431E+06  0.65308504E+05 -0.12918390E+06 -0.89496023E+05 -0.27204622E+06 -0.20937930E+06 1989  237   15   52    0    0  0.79618347E+00  0.58329976E+00  0.16078995E+00  0.11952598E+00  0.10888018E+00 -0.98684281E+00 -0.59313196E+00  0.80492646E+00  0.16969122E-01
 1989  237   15   53   36    0 -0.73081600E+06 -0.43297805E+05 -0.27359012E+06 -0.20463121E+02  0.78473831E+02 -0.69648290E+01 -0.10526323E+05 -0.58457650E+06 -0.51864472E+06 -0.82038009E+00 -0.12321439E+02 -0.12053336E+02 -0.32312106E+06  0.69086086E+05 -0.12913018E+06 -0.89866148E+05 -0.27207734E+06 -0.20918023E+06 1989  237   15   53   36    0  0.79632044E+00  0.58312255E+00  0.16075419E+00  0.11955430E+00  0.10878784E+00 -0.98684955E+00 -0.59294230E+00  0.80506730E+00  0.16915172E-01
 1989  237   15   55   11 1000 -0.73274150E+06 -0.35746328E+05 -0.27425872E+06 -0.19650454E+02  0.78846565E+02 -0.69644527E+01 -0.10605079E+05 -0.58575931E+06 -0.51980181E+06 -0.82036543E+00 -0.12320636E+02 -0.12052624E+02 -0.32231381E+06  0.72854758E+05 -0.12907627E+06 -0.90236180E+05 -0.27210806E+06 -0.20898089E+06 1989  237   15   55   11 1000  0.79642451E+00  0.58300894E+00  0.16065089E+00  0.11947495E+00  0.10872588E+00 -0.98686600E+00 -0.59281856E+00  0.80515796E+00  0.16936976E-01
 1989  237   15   56   48    0 -0.73458869E+06 -0.28159475E+05 -0.27492728E+06 -0.18832237E+02  0.79210846E+02 -0.69640779E+01 -0.10683836E+05 -0.58694206E+06 -0.52095884E+06 -0.82035077E+00 -0.12319837E+02 -0.12051914E+02 -0.32146272E+06  0.76613945E+05 -0.12902217E+06 -0.90606086E+05 -0.27213838E+06 -0.20878127E+06 1989  237   15   56   48    0  0.79647768E+00  0.58293617E+00  0.16065101E+00  0.11948559E+00  0.10871418E+00 -0.98686594E+00 -0.59274495E+00  0.80521214E+00  0.16935945E-01
 1989  237   15   58   24    0 -0.73635712E+06 -0.20538098E+05 -0.27559581E+06 -0.18008579E+02  0.79566620E+02 -0.69637051E+01 -0.10762588E+05 -0.58812475E+06 -0.52211578E+06 -0.82033610E+00 -0.12319040E+02 -0.12051208E+02 -0.32056784E+06  0.80363148E+05 -0.12896789E+06 -0.90975836E+05 -0.27216834E+06 -0.20858133E+06 1989  237   15   58   24    0  0.79660153E+00  0.58278912E+00  0.16057020E+00  0.11941040E+00  0.10868549E+00 -0.98687822E+00 -0.59259355E+00  0.80532247E+00  0.16987953E-01
 1989  237   16    0    0    0 -0.73804619E+06 -0.12882978E+05 -0.27626431E+06 -0.17179565E+02  0.79913795E+02 -0.69633336E+01 -0.10841338E+05 -0.58930731E+06 -0.52327266E+06 -0.82032144E+00 -0.12318248E+02 -0.12050504E+02 -0.31962931E+06  0.84101883E+05 -0.12891345E+06 -0.91345461E+05 -0.27219791E+06 -0.20838106E+06 1989  237   16    0    0    0  0.79664087E+00  0.58275098E+00  0.16051401E+00  0.11931670E+00  0.10871972E+00 -0.98688579E+00 -0.59255970E+00  0.80534554E+00  0.17078653E-01
 1989  237   16    1   36    0 -0.73965538E+06 -0.51949453E+04 -0.27693278E+06 -0.16345285E+02  0.80252296E+02 -0.69629636E+01 -0.10920088E+05 -0.59048981E+06 -0.52442950E+06 -0.82030678E+00 -0.12317459E+02 -0.12049803E+02 -0.31864725E+06  0.87829602E+05 -0.12885883E+06 -0.91714961E+05 -0.27222709E+06 -0.20818053E+06 1989  237   16    1   36    0  0.79676831E+00  0.58257425E+00  0.16052292E+00  0.11934219E+00  0.10870628E+00 -0.98688424E+00 -0.59238315E+00  0.80547523E+00  0.17088033E-01
 1989  237   16    3   11 1000 -0.74118431E+06  0.25251621E+04 -0.27760122E+06 -0.15505826E+02  0.80582062E+02 -0.69625950E+01 -0.10998838E+05 -0.59167225E+06 -0.52558625E+06 -0.82029206E+00 -0.12316672E+02 -0.12049105E+02 -0.31762178E+06  0.91545828E+05 -0.12880398E+06 -0.92084336E+05 -0.27225591E+06 -0.20797972E+06 1989  237   16    3   11 1000  0.79681724E+00  0.58255440E+00  0.16035226E+00  0.11914973E+00  0.10868134E+00 -0.98691022E+00 -0.59235620E+00  0.80549288E+00  0.17187979E-01
 1989  237   16    4   48    0 -0.74263238E+06  0.10276508E+05 -0.27826962E+06 -0.14661277E+02  0.80903023E+02 -0.69622273E+01 -0.11077586E+05 -0.59285462E+06 -0.52674294E+06 -0.82027733E+00 -0.12315889E+02 -0.12048409E+02 -0.31655303E+06  0.95250008E+05 -0.12874898E+06 -0.92453586E+05 -0.27228431E+06 -0.20777862E+06 1989  237   16    4   48    0  0.79687536E+00  0.58246547E+00  0.16038634E+00  0.11916059E+00  0.10872714E+00 -0.98690391E+00 -0.59227574E+00  0.80555105E+00  0.17235059E-01
 1989  237   16    6   24    0 -0.74399912E+06  0.18058242E+05 -0.27893797E+06 -0.13811734E+02  0.81215111E+02 -0.69618616E+01 -0.11156332E+05 -0.59403694E+06 -0.52789956E+06 -0.82026255E+00 -0.12315110E+02 -0.12047717E+02 -0.31544119E+06  0.98941695E+05 -0.12869382E+06 -0.92822711E+05 -0.27231234E+06 -0.20757722E+06 1989  237   16    6   24    0  0.79687130E+00  0.58248723E+00  0.16032705E+00  0.11911459E+00  0.10868897E+00 -0.98691356E+00 -0.59229028E+00  0.80554044E+00  0.17228380E-01
 1989  237   16    8    0    0 -0.74528406E+06  0.25869547E+05 -0.27960628E+06 -0.12957287E+02  0.81518250E+02 -0.69614973E+01 -0.11235076E+05 -0.59521912E+06 -0.52905612E+06 -0.82024777E+00 -0.12314335E+02 -0.12047027E+02 -0.31428634E+06  0.10262039E+06 -0.12863845E+06 -0.93191711E+05 -0.27234000E+06 -0.20737550E+06 1989  237   16    8    0    0  0.79679555E+00  0.58261240E+00  0.16024923E+00  0.11904177E+00  0.10865255E+00 -0.98692638E+00 -0.59240699E+00  0.80545479E+00  0.17218668E-01
 1989  237   16    9   36    0 -0.74648675E+06  0.33709520E+05 -0.28027456E+06 -0.12098033E+02  0.81812370E+02 -0.69611340E+01 -0.11313819E+05 -0.59640125E+06 -0.53021256E+06 -0.82023299E+00 -0.12313561E+02 -0.12046340E+02 -0.31308866E+06  0.10628559E+06 -0.12858288E+06 -0.93560555E+05 -0.27236725E+06 -0.20717348E+06 1989  237   16    9   36    0  0.79684895E+00  0.58256149E+00  0.16016869E+00  0.11895101E+00  0.10864208E+00 -0.98693854E+00 -0.59235340E+00  0.80549306E+00  0.17275065E-01
 1989  237   16   11   11 1000 -0.74760675E+06  0.41577250E+05 -0.28094281E+06 -0.11234073E+02  0.82097412E+02 -0.69607725E+01 -0.11392562E+05 -0.59758331E+06 -0.53136900E+06 -0.82021821E+00 -0.12312792E+02 -0.12045656E+02 -0.31184828E+06  0.10993676E+06 -0.12852716E+06 -0.93929273E+05 -0.27239412E+06 -0.20697120E+06 1989  237   16   11   11 1000  0.79685616E+00  0.58255774E+00  0.16014694E+00  0.11885206E+00  0.10874022E+00 -0.98693967E+00 -0.59236372E+00  0.80548251E+00  0.17412126E-01
 1989  237   16   12   48    0 -0.74864356E+06  0.49471910E+05 -0.28161103E+06 -0.10365499E+02  0.82373291E+02 -0.69604120E+01 -0.11471302E+05 -0.59876531E+06 -0.53252531E+06 -0.82020342E+00 -0.12312026E+02 -0.12044975E+02 -0.31056547E+06  0.11357339E+06 -0.12847125E+06 -0.94297867E+05 -0.27242062E+06 -0.20676864E+06 1989  237   16   12   48    0  0.79680389E+00  0.58266693E+00  0.16000931E+00  0.11873819E+00  0.10865916E+00 -0.98696232E+00 -0.59245670E+00  0.80541456E+00  0.17395236E-01
 1989  237   16   14   24    0 -0.74959675E+06  0.57392609E+05 -0.28227922E+06 -0.94924068E+01  0.82639969E+02 -0.69600530E+01 -0.11550040E+05 -0.59994725E+06 -0.53368162E+06 -0.82018864E+00 -0.12311263E+02 -0.12044296E+02 -0.30924028E+06  0.11719502E+06 -0.12841516E+06 -0.94666297E+05 -0.27244672E+06 -0.20656577E+06 1989  237   16   14   24    0  0.79668170E+00  0.58282387E+00  0.16004536E+00  0.11871329E+00  0.10874794E+00 -0.98695540E+00 -0.59262574E+00  0.80528891E+00  0.17448537E-01
 1989  237   16   16    0    0 -0.75046594E+06  0.65338461E+05 -0.28294738E+06 -0.86148968E+01  0.82897362E+02 -0.69596958E+01 -0.11628776E+05 -0.60112906E+06 -0.53483781E+06 -0.82017380E+00 -0.12310503E+02 -0.12043620E+02 -0.30787294E+06  0.12080118E+06 -0.12835888E+06 -0.95034609E+05 -0.27247244E+06 -0.20636258E+06 1989  237   16   16    0    0  0.79673970E+00  0.58276379E+00  0.15997618E+00  0.11862341E+00  0.10875586E+00 -0.98696542E+00 -0.59256601E+00  0.80533135E+00  0.17520685E-01
 1989  237   16   17   36    0 -0.75125069E+06  0.73308555E+05 -0.28361547E+06 -0.77330661E+01  0.83145416E+02 -0.69593396E+01 -0.11707513E+05 -0.60231088E+06 -0.53599400E+06 -0.82015896E+00 -0.12309747E+02 -0.12042948E+02 -0.30646359E+06  0.12439137E+06 -0.12830244E+06 -0.95402797E+05 -0.27249778E+06 -0.20615914E+06 1989  237   16   17   36    0  0.79673439E+00  0.58280557E+00  0.15984988E+00  0.11852027E+00  0.10868187E+00 -0.98698598E+00 -0.59259373E+00  0.80531114E+00  0.17516311E-01
 1989  237   16   19   12    0 -0.75195056E+06  0.81302016E+05 -0.28428353E+06 -0.68470144E+01  0.83384064E+02 -0.69589844E+01 -0.11786246E+05 -0.60349256E+06 -0.53715006E+06 -0.82014412E+00 -0.12308992E+02 -0.12042277E+02 -0.30501250E+06  0.12796508E+06 -0.12824581E+06 -0.95770859E+05 -0.27252275E+06 -0.20595542E+06 1989  237   16   19   12    0  0.79671311E+00  0.58284408E+00  0.15981467E+00  0.11846901E+00  0.10869077E+00 -0.98699099E+00 -0.59263229E+00  0.80528194E+00  0.17546382E-01
 1989  237   16   20   47 1000 -0.75256519E+06  0.89318008E+05 -0.28495159E+06 -0.59568377E+01  0.83613258E+02 -0.69586306E+01 -0.11864979E+05 -0.60467419E+06 -0.53830612E+06 -0.82012928E+00 -0.12308242E+02 -0.12041609E+02 -0.30351975E+06  0.13152184E+06 -0.12818899E+06 -0.96138797E+05 -0.27254731E+06 -0.20575138E+06 1989  237   16   20   47 1000  0.79674751E+00  0.58280343E+00  0.15979217E+00  0.11837421E+00  0.10878324E+00 -0.98699224E+00 -0.59260523E+00  0.80529892E+00  0.17683871E-01
 1989  237   16   22   24    0 -0.75309419E+06  0.97355562E+05 -0.28561962E+06 -0.50626411E+01  0.83832924E+02 -0.69582787E+01 -0.11943712E+05 -0.60585575E+06 -0.53946206E+06 -0.82011443E+00 -0.12307495E+02 -0.12040944E+02 -0.30198562E+06  0.13506116E+06 -0.12813199E+06 -0.96506578E+05 -0.27257150E+06 -0.20554703E+06 1989  237   16   22   24    0  0.79673618E+00  0.58282709E+00  0.15976280E+00  0.11825971E+00  0.10888860E+00 -0.98699445E+00 -0.59264344E+00  0.80526763E+00  0.17830536E-01
 1989  237   16   24    0    0 -0.75353712E+06  0.10541366E+06 -0.28628759E+06 -0.41645331E+01  0.84043007E+02 -0.69579277E+01 -0.12022442E+05 -0.60703725E+06 -0.54061800E+06 -0.82009953E+00 -0.12306751E+02 -0.12040281E+02 -0.30041034E+06  0.13858255E+06 -0.12807480E+06 -0.96874203E+05 -0.27259531E+06 -0.20534241E+06 1989  237   16   24    0    0  0.79668951E+00  0.58289421E+00  0.15975104E+00  0.11820388E+00  0.10894221E+00 -0.98699522E+00 -0.59271735E+00  0.80521178E+00  0.17892759E-01
 1989  237   16   25   35 1000 -0.75389362E+06  0.11349146E+06 -0.28695553E+06 -0.32626109E+01  0.84243462E+02 -0.69575777E+01 -0.12101171E+05 -0.60821862E+06 -0.54177381E+06 -0.82008463E+00 -0.12306010E+02 -0.12039621E+02 -0.29879406E+06  0.14208553E+06 -0.12801746E+06 -0.97241703E+05 -0.27261875E+06 -0.20513750E+06 1989  237   16   25   35 1000  0.79662997E+00  0.58297807E+00  0.15974139E+00  0.11809009E+00  0.10907732E+00 -0.98699391E+00 -0.59281993E+00  0.80513275E+00  0.18050328E-01
 1989  237   16   27   12    0 -0.75416338E+06  0.12158807E+06 -0.28762344E+06 -0.23569779E+01  0.84434212E+02 -0.69572296E+01 -0.12179897E+05 -0.60940000E+06 -0.54292956E+06 -0.82006973E+00 -0.12305272E+02 -0.12038964E+02 -0.29713697E+06  0.14556966E+06 -0.12795993E+06 -0.97609078E+05 -0.27264178E+06 -0.20493231E+06 1989  237   16   27   12    0  0.79664648E+00  0.58296466E+00  0.15970850E+00  0.11809535E+00  0.10901534E+00 -0.98700011E+00 -0.59279680E+00  0.80515087E+00  0.18001281E-01
 1989  237   16   28   47 1000 -0.75434606E+06  0.12970252E+06 -0.28829131E+06 -0.14477391E+01  0.84615204E+02 -0.69568830E+01 -0.12258624E+05 -0.61058125E+06 -0.54408525E+06 -0.82005483E+00 -0.12304538E+02 -0.12038309E+02 -0.29543934E+06  0.14903445E+06 -0.12790220E+06 -0.97976328E+05 -0.27266444E+06 -0.20472684E+06 1989  237   16   28   47 1000  0.79663068E+00  0.58292943E+00  0.15991487E+00  0.11825240E+00  0.10915057E+00 -0.98696631E+00 -0.59278655E+00  0.80515796E+00  0.18019896E-01
 1989  237   16   30   24    0 -0.75444125E+06  0.13783386E+06 -0.28895916E+06 -0.53499866E+00  0.84786392E+02 -0.69565372E+01 -0.12337349E+05 -0.61176244E+06 -0.54524094E+06 -0.82003993E+00 -0.12303805E+02 -0.12037657E+02 -0.29370141E+06  0.15247939E+06 -0.12784430E+06 -0.98343422E+05 -0.27268669E+06 -0.20452105E+06 1989  237   16   30   24    0  0.79647243E+00  0.58306700E+00  0.16020170E+00  0.11857046E+00  0.10919614E+00 -0.98692316E+00 -0.59293568E+00  0.80505222E+00  0.17837204E-01
 1989  237   16   32    0    0 -0.75444869E+06  0.14598117E+06 -0.28962697E+06  0.38113701E+00  0.84947731E+02 -0.69561930E+01 -0.12416071E+05 -0.61294356E+06 -0.54639650E+06 -0.82002503E+00 -0.12303077E+02 -0.12037007E+02 -0.29192338E+06  0.15590403E+06 -0.12778620E+06 -0.98710383E+05 -0.27270856E+06 -0.20431498E+06 1989  237   16   32    0    0  0.79651320E+00  0.58294505E+00  0.16044281E+00  0.11888765E+00  0.10917568E+00 -0.98688722E+00 -0.59281743E+00  0.80514336E+00  0.17654914E-01
 1989  237   16   33   36    0 -0.75436800E+06  0.15414352E+06 -0.29029475E+06  0.13005658E+01  0.85099159E+02 -0.69558501E+01 -0.12494795E+05 -0.61412462E+06 -0.54755206E+06 -0.82001013E+00 -0.12302350E+02 -0.12036360E+02 -0.29010547E+06  0.15930795E+06 -0.12772795E+06 -0.99077234E+05 -0.27273006E+06 -0.20410864E+06 1989  237   16   33   36    0  0.79647559E+00  0.58291227E+00  0.16074811E+00  0.11924064E+00  0.10921115E+00 -0.98684072E+00 -0.59279704E+00  0.80516219E+00  0.17477177E-01
 1989  237   16   35   12    0 -0.75419881E+06  0.16231995E+06 -0.29096250E+06  0.22231760E+01  0.85240608E+02 -0.69555082E+01 -0.12573516E+05 -0.61530562E+06 -0.54870750E+06 -0.81999522E+00 -0.12301627E+02 -0.12035715E+02 -0.28824797E+06  0.16269062E+06 -0.12766952E+06 -0.99443891E+05 -0.27275116E+06 -0.20390202E+06 1989  237   16   35   12    0  0.79631877E+00  0.58307207E+00  0.16094549E+00  0.11945909E+00  0.10924082E+00 -0.98681104E+00 -0.59296376E+00  0.80504251E+00  0.17337255E-01
 1989  237   16   36   47 1000 -0.75394100E+06  0.17050945E+06 -0.29163022E+06  0.31488552E+01  0.85372055E+02 -0.69551673E+01 -0.12652234E+05 -0.61648656E+06 -0.54986288E+06 -0.81998026E+00 -0.12300907E+02 -0.12035073E+02 -0.28635109E+06  0.16605161E+06 -0.12761088E+06 -0.99810422E+05 -0.27277188E+06 -0.20369511E+06 1989  237   16   36   47 1000  0.79635346E+00  0.58298731E+00  0.16108091E+00  0.11956665E+00  0.10932574E+00 -0.98678863E+00 -0.59289551E+00  0.80509233E+00  0.17356094E-01
 1989  237   16   38   24    0 -0.75359419E+06  0.17871105E+06 -0.29229791E+06  0.40774994E+01  0.85493446E+02 -0.69548278E+01 -0.12730951E+05 -0.61766744E+06 -0.55101825E+06 -0.81996536E+00 -0.12300190E+02 -0.12034433E+02 -0.28441512E+06  0.16939050E+06 -0.12755210E+06 -0.10017682E+06 -0.27279222E+06 -0.20348789E+06 1989  237   16   38   24    0  0.79612452E+00  0.58332187E+00  0.16100124E+00  0.11941515E+00  0.10938515E+00 -0.98680043E+00 -0.59323335E+00  0.80484200E+00  0.17426722E-01
 1989  237   16   40    0    0 -0.75315806E+06  0.18692381E+06 -0.29296556E+06  0.50089989E+01  0.85604729E+02 -0.69544897E+01 -0.12809666E+05 -0.61884819E+06 -0.55217350E+06 -0.81995040E+00 -0.12299476E+02 -0.12033796E+02 -0.28244028E+06  0.17270675E+06 -0.12749310E+06 -0.10054307E+06 -0.27281219E+06 -0.20328038E+06 1989  237   16   40    0    0  0.79606342E+00  0.58344865E+00  0.16084406E+00  0.11919945E+00  0.10940889E+00 -0.98682380E+00 -0.59335876E+00  0.80474675E+00  0.17549656E-01
 1989  237   16   41   36    0 -0.75263231E+06  0.19514680E+06 -0.29363316E+06  0.59432430E+01  0.85705856E+02 -0.69541535E+01 -0.12888381E+05 -0.62002894E+06 -0.55332875E+06 -0.81993550E+00 -0.12298764E+02 -0.12033162E+02 -0.28042684E+06  0.17599998E+06 -0.12743391E+06 -0.10090920E+06 -0.27283178E+06 -0.20307259E+06 1989  237   16   41   36    0  0.79603380E+00  0.58348918E+00  0.16084382E+00  0.11919262E+00  0.10941626E+00 -0.98682380E+00 -0.59339988E+00  0.80471647E+00  0.17551433E-01
 1989  237   16   43   12    0 -0.75201688E+06  0.20337898E+06 -0.29430072E+06  0.68801227E+01  0.85796791E+02 -0.69538183E+01 -0.12967094E+05 -0.62120956E+06 -0.55448388E+06 -0.81992054E+00 -0.12298057E+02 -0.12032530E+02 -0.27837509E+06  0.17926973E+06 -0.12737460E+06 -0.10127516E+06 -0.27285097E+06 -0.20286450E+06 1989  237   16   43   12    0  0.79601878E+00  0.58352202E+00  0.16079861E+00  0.11908792E+00  0.10948096E+00 -0.98682922E+00 -0.59344101E+00  0.80468374E+00  0.17658465E-01
 1989  237   16   44   47 1000 -0.75131131E+06  0.21161942E+06 -0.29496828E+06  0.78195252E+01  0.85877472E+02 -0.69534841E+01 -0.13045805E+05 -0.62239012E+06 -0.55563894E+06 -0.81990558E+00 -0.12297351E+02 -0.12031899E+02 -0.27628528E+06  0.18251552E+06 -0.12731510E+06 -0.10164098E+06 -0.27286975E+06 -0.20265612E+06 1989  237   16   44   47 1000  0.79607242E+00  0.58347446E+00  0.16070589E+00  0.11899634E+00  0.10945114E+00 -0.98684365E+00 -0.59338748E+00  0.80472237E+00  0.17699730E-01
 1989  237   16   46   24    0 -0.75051544E+06  0.21986717E+06 -0.29563584E+06  0.87613440E+01  0.85947884E+02 -0.69531507E+01 -0.13124516E+05 -0.62357062E+06 -0.55679400E+06 -0.81989062E+00 -0.12296648E+02 -0.12031272E+02 -0.27415775E+06  0.18573692E+06 -0.12725538E+06 -0.10200666E+06 -0.27288816E+06 -0.20244750E+06 1989  237   16   46   24    0  0.79608130E+00  0.58347434E+00  0.16066177E+00  0.11889707E+00  0.10951151E+00 -0.98684889E+00 -0.59339535E+00  0.80471414E+00  0.17806679E-01
 1989  237   16   48    0    0 -0.74962906E+06  0.22812117E+06 -0.29630331E+06  0.97054625E+01  0.86007957E+02 -0.69528189E+01 -0.13203226E+05 -0.62475106E+06 -0.55794900E+06 -0.81987566E+00 -0.12295948E+02 -0.12030647E+02 -0.27199269E+06  0.18893356E+06 -0.12719550E+06 -0.10237220E+06 -0.27290616E+06 -0.20223859E+06 1989  237   16   48    0    0  0.79603016E+00  0.58355415E+00  0.16062592E+00  0.11883947E+00  0.10952643E+00 -0.98685420E+00 -0.59347564E+00  0.80465424E+00  0.17837074E-01
 1989  237   16   49   36    0 -0.74865188E+06  0.23638039E+06 -0.29697075E+06  0.10651761E+02  0.86057671E+02 -0.69524884E+01 -0.13281933E+05 -0.62593144E+06 -0.55910388E+06 -0.81986070E+00 -0.12295251E+02 -0.12030025E+02 -0.26979047E+06  0.19210492E+06 -0.12713544E+06 -0.10273760E+06 -0.27292381E+06 -0.20202936E+06 1989  237   16   49   36    0  0.79603088E+00  0.58356524E+00  0.16058175E+00  0.11878443E+00  0.10952641E+00 -0.98686075E+00 -0.59348559E+00  0.80464625E+00  0.17867964E-01
 1989  237   16   51   11 1000 -0.74758381E+06  0.24464389E+06 -0.29763819E+06  0.11600132E+02  0.86096977E+02 -0.69521589E+01 -0.13360638E+05 -0.62711175E+06 -0.56025875E+06 -0.81984574E+00 -0.12294557E+02 -0.12029405E+02 -0.26755131E+06  0.19525059E+06 -0.12707519E+06 -0.10310288E+06 -0.27294109E+06 -0.20181986E+06 1989  237   16   51   11 1000  0.79598010E+00  0.58364415E+00  0.16054632E+00  0.11872688E+00  0.10954188E+00 -0.98686600E+00 -0.59356511E+00  0.80458689E+00  0.17898913E-01
 1989  237   16   52   48    0 -0.74642462E+06  0.25291067E+06 -0.29830559E+06  0.12550461E+02  0.86125839E+02 -0.69518304E+01 -0.13439343E+05 -0.62829200E+06 -0.56141350E+06 -0.81983078E+00 -0.12293865E+02 -0.12028787E+02 -0.26527556E+06  0.19837014E+06 -0.12701478E+06 -0.10346798E+06 -0.27295797E+06 -0.20161008E+06 1989  237   16   52   48    0  0.79589784E+00  0.58378446E+00  0.16044407E+00  0.11865273E+00  0.10946527E+00 -0.98688346E+00 -0.59369028E+00  0.80449551E+00  0.17855555E-01
 1989  237   16   54   24    0 -0.74517406E+06  0.26117970E+06 -0.29897294E+06  0.13502633E+02  0.86144234E+02 -0.69515033E+01 -0.13518046E+05 -0.62947219E+06 -0.56256825E+06 -0.81981581E+00 -0.12293177E+02 -0.12028172E+02 -0.26296353E+06  0.20146316E+06 -0.12695418E+06 -0.10383291E+06 -0.27297444E+06 -0.20139998E+06 1989  237   16   54   24    0  0.79593009E+00  0.58376825E+00  0.16034350E+00  0.11850210E+00  0.10950108E+00 -0.98689759E+00 -0.59367716E+00  0.80450249E+00  0.17977446E-01
 1989  237   16   56    0    0 -0.74383206E+06  0.26945000E+06 -0.29964025E+06  0.14456532E+02  0.86152107E+02 -0.69511776E+01 -0.13596747E+05 -0.63065231E+06 -0.56372294E+06 -0.81980085E+00 -0.12292490E+02 -0.12027558E+02 -0.26061555E+06  0.20452922E+06 -0.12689340E+06 -0.10419772E+06 -0.27299053E+06 -0.20118961E+06 1989  237   16   56    0    0  0.79595953E+00  0.58376598E+00  0.16020533E+00  0.11836089E+00  0.10946030E+00 -0.98691905E+00 -0.59366584E+00  0.80450964E+00  0.18030908E-01
 1989  237   16   57   36    0 -0.74239838E+06  0.27772056E+06 -0.30030756E+06  0.15412044E+02  0.86149429E+02 -0.69508529E+01 -0.13675448E+05 -0.63183231E+06 -0.56487756E+06 -0.81978589E+00 -0.12291807E+02 -0.12026948E+02 -0.25823186E+06  0.20756789E+06 -0.12683243E+06 -0.10456241E+06 -0.27300628E+06 -0.20097898E+06 1989  237   16   57   36    0  0.79595512E+00  0.58377892E+00  0.16018009E+00  0.11835794E+00  0.10942141E+00 -0.98692369E+00 -0.59367239E+00  0.80450547E+00  0.17999660E-01
 1989  237   16   59   11 1000 -0.74087288E+06  0.28599038E+06 -0.30097484E+06  0.16369049E+02  0.86136177E+02 -0.69505291E+01 -0.13754146E+05 -0.63301231E+06 -0.56603212E+06 -0.81977093E+00 -0.12291126E+02 -0.12026340E+02 -0.25581280E+06  0.21057878E+06 -0.12677130E+06 -0.10492694E+06 -0.27302162E+06 -0.20076808E+06 1989  237   16   59   11 1000  0.79601598E+00  0.58378130E+00  0.15986946E+00  0.11801802E+00  0.10936005E+00 -0.98697126E+00 -0.59365869E+00  0.80451226E+00  0.18155631E-01
 1989  237   17    0   48    0 -0.73925550E+06  0.29425841E+06 -0.30164206E+06  0.17327438E+02  0.86112312E+02 -0.69502068E+01 -0.13832844E+05 -0.63419225E+06 -0.56718662E+06 -0.81975597E+00 -0.12290448E+02 -0.12025733E+02 -0.25335872E+06  0.21356147E+06 -0.12670999E+06 -0.10529131E+06 -0.27303656E+06 -0.20055684E+06 1989  237   17    0   48    0  0.79617083E+00  0.58360302E+00  0.15974829E+00  0.11789656E+00  0.10932785E+00 -0.98698926E+00 -0.59347486E+00  0.80464590E+00  0.18238869E-01
 1989  237   17    2   24    0 -0.73754600E+06  0.30252362E+06 -0.30230925E+06  0.18287088E+02  0.86077805E+02 -0.69498854E+01 -0.13911541E+05 -0.63537212E+06 -0.56834106E+06 -0.81974095E+00 -0.12289773E+02 -0.12025129E+02 -0.25086998E+06  0.21651556E+06 -0.12664848E+06 -0.10565553E+06 -0.27305112E+06 -0.20034534E+06 1989  237   17    2   24    0  0.79626244E+00  0.58342475E+00  0.15994391E+00  0.11816759E+00  0.10929599E+00 -0.98696047E+00 -0.59329832E+00  0.80477959E+00  0.18086407E-01
 1989  237   17    4    0    0 -0.73574438E+06  0.31078500E+06 -0.30297644E+06  0.19247875E+02  0.86032631E+02 -0.69495649E+01 -0.13990234E+05 -0.63655188E+06 -0.56949544E+06 -0.81972599E+00 -0.12289101E+02 -0.12024528E+02 -0.24834684E+06  0.21944064E+06 -0.12658683E+06 -0.10601959E+06 -0.27306531E+06 -0.20013359E+06 1989  237   17    4    0    0  0.79648805E+00  0.58301592E+00  0.16031028E+00  0.11873099E+00  0.10916286E+00 -0.98690748E+00 -0.59288269E+00  0.80509377E+00  0.17724864E-01
 1989  237   17    5   36    0 -0.73385038E+06  0.31904150E+06 -0.30364359E+06  0.20209690E+02  0.85976761E+02 -0.69492464E+01 -0.14068926E+05 -0.63773162E+06 -0.57064975E+06 -0.81971103E+00 -0.12288431E+02 -0.12023929E+02 -0.24578967E+06  0.22233630E+06 -0.12652498E+06 -0.10638350E+06 -0.27307906E+06 -0.19992156E+06 1989  237   17    5   36    0  0.79658616E+00  0.58271259E+00  0.16092379E+00  0.11956723E+00  0.10907041E+00 -0.98681670E+00 -0.59258258E+00  0.80532581E+00  0.17210659E-01
 1989  237   17    7   11 1000 -0.73186406E+06  0.32729219E+06 -0.30431072E+06  0.21172411E+02  0.85910164E+02 -0.69489288E+01 -0.14147617E+05 -0.63891125E+06 -0.57180400E+06 -0.81969607E+00 -0.12287764E+02 -0.12023332E+02 -0.24319884E+06  0.22520212E+06 -0.12646295E+06 -0.10674728E+06 -0.27309247E+06 -0.19970922E+06 1989  237   17    7   11 1000  0.79665732E+00  0.58258212E+00  0.16104461E+00  0.11973783E+00  0.10904665E+00 -0.98679876E+00 -0.59245265E+00  0.80542350E+00  0.17115712E-01
 1989  237   17    8   48    0 -0.72978525E+06  0.33553591E+06 -0.30497781E+06  0.22135910E+02  0.85832817E+02 -0.69486122E+01 -0.14226309E+05 -0.64009088E+06 -0.57295825E+06 -0.81968111E+00 -0.12287099E+02 -0.12022737E+02 -0.24057469E+06  0.22803778E+06 -0.12640073E+06 -0.10711091E+06 -0.27310550E+06 -0.19949659E+06 1989  237   17    8   48    0  0.79675192E+00  0.58245957E+00  0.16101979E+00  0.11975636E+00  0.10898399E+00 -0.98680341E+00 -0.59232163E+00  0.80552053E+00  0.17079964E-01
 1989  237   17   10   24    0 -0.72761394E+06  0.34377169E+06 -0.30564484E+06  0.23100079E+02  0.85744705E+02 -0.69482965E+01 -0.14304998E+05 -0.64127038E+06 -0.57411238E+06 -0.81966615E+00 -0.12286437E+02 -0.12022144E+02 -0.23791752E+06  0.23084286E+06 -0.12633836E+06 -0.10747437E+06 -0.27311812E+06 -0.19928367E+06 1989  237   17   10   24    0  0.79679859E+00  0.58243418E+00  0.16088070E+00  0.11966245E+00  0.10887840E+00 -0.98682648E+00 -0.59227788E+00  0.80555326E+00  0.17058648E-01
 1989  237   17   12    0    0 -0.72535000E+06  0.35199856E+06 -0.30631184E+06  0.24064810E+02  0.85645805E+02 -0.69479818E+01 -0.14383684E+05 -0.64244988E+06 -0.57526650E+06 -0.81965119E+00 -0.12285777E+02 -0.12021553E+02 -0.23522772E+06  0.23361697E+06 -0.12627579E+06 -0.10783771E+06 -0.27313038E+06 -0.19907048E+06 1989  237   17   12    0    0  0.79687387E+00  0.58238459E+00  0.16068688E+00  0.11947559E+00  0.10880779E+00 -0.98685688E+00 -0.59221423E+00  0.80559856E+00  0.17125353E-01
 1989  237   17   13   36    0 -0.72299344E+06  0.36021544E+06 -0.30697884E+06  0.25029959E+02  0.85536087E+02 -0.69476686E+01 -0.14462369E+05 -0.64362931E+06 -0.57642050E+06 -0.81963623E+00 -0.12285120E+02 -0.12020966E+02 -0.23250567E+06  0.23635973E+06 -0.12621304E+06 -0.10820088E+06 -0.27314225E+06 -0.19885705E+06 1989  237   17   13   36    0  0.79685044E+00  0.58244556E+00  0.16058235E+00  0.11936687E+00  0.10877745E+00 -0.98687339E+00 -0.59226775E+00  0.80555868E+00  0.17154660E-01
 1989  237   17   15   11 1000 -0.72054425E+06  0.36842119E+06 -0.30764581E+06  0.25995407E+02  0.85415527E+02 -0.69473567E+01 -0.14541055E+05 -0.64480862E+06 -0.57757450E+06 -0.81962126E+00 -0.12284466E+02 -0.12020379E+02 -0.22975173E+06  0.23907077E+06 -0.12615013E+06 -0.10856387E+06 -0.27315375E+06 -0.19864333E+06 1989  237   17   15   11 1000  0.79682666E+00  0.58253169E+00  0.16038805E+00  0.11915906E+00  0.10872968E+00 -0.98690379E+00 -0.59234160E+00  0.80550289E+00  0.17224785E-01
 1989  237   17   16   48    0 -0.71800231E+06  0.37661484E+06 -0.30831275E+06  0.26961046E+02  0.85284119E+02 -0.69470458E+01 -0.14619736E+05 -0.64598788E+06 -0.57872844E+06 -0.81960630E+00 -0.12283814E+02 -0.12019795E+02 -0.22696625E+06  0.24174973E+06 -0.12608704E+06 -0.10892674E+06 -0.27316484E+06 -0.19842930E+06 1989  237   17   16   48    0  0.79669690E+00  0.58276820E+00  0.16017215E+00  0.11892809E+00  0.10867153E+00 -0.98693806E+00 -0.59256226E+00  0.80533952E+00  0.17270766E-01
 1989  237   17   18   24    0 -0.71536775E+06  0.38479534E+06 -0.30897966E+06  0.27926752E+02  0.85141853E+02 -0.69467359E+01 -0.14698418E+05 -0.64716706E+06 -0.57988231E+06 -0.81959134E+00 -0.12283165E+02 -0.12019214E+02 -0.22414959E+06  0.24439620E+06 -0.12602376E+06 -0.10928946E+06 -0.27317553E+06 -0.19821498E+06 1989  237   17   18   24    0  0.79657245E+00  0.58296049E+00  0.16009146E+00  0.11879888E+00  0.10870428E+00 -0.98694992E+00 -0.59275544E+00  0.80519593E+00  0.17335773E-01
 1989  237   17   20    0    0 -0.71264038E+06  0.39296172E+06 -0.30964653E+06  0.28892395E+02  0.84988693E+02 -0.69464269E+01 -0.14777100E+05 -0.64834625E+06 -0.58103612E+06 -0.81957644E+00 -0.12282517E+02 -0.12018635E+02 -0.22130220E+06  0.24700984E+06 -0.12596031E+06 -0.10965202E+06 -0.27318588E+06 -0.19800038E+06 1989  237   17   20    0    0  0.79643172E+00  0.58316505E+00  0.16004717E+00  0.11866720E+00  0.10880123E+00 -0.98695511E+00 -0.59297103E+00  0.80503470E+00  0.17450187E-01
 1989  237   17   21   36    0 -0.70982038E+06  0.40111284E+06 -0.31031338E+06  0.29857855E+02  0.84824638E+02 -0.69461188E+01 -0.14855777E+05 -0.64952531E+06 -0.58218988E+06 -0.81956148E+00 -0.12281874E+02 -0.12018057E+02 -0.21842441E+06  0.24959034E+06 -0.12589669E+06 -0.11001443E+06 -0.27319581E+06 -0.19778550E+06 1989  237   17   21   36    0  0.79628819E+00  0.58340508E+00  0.15988728E+00  0.11843248E+00  0.10884213E+00 -0.98697883E+00 -0.59321094E+00  0.80485529E+00  0.17575603E-01
 1989  237   17   23   12    0 -0.70690769E+06  0.40924766E+06 -0.31098019E+06  0.30823017E+02  0.84649673E+02 -0.69458122E+01 -0.14934453E+05 -0.65070438E+06 -0.58334362E+06 -0.81954652E+00 -0.12281232E+02 -0.12017482E+02 -0.21551658E+06  0.25213733E+06 -0.12583288E+06 -0.11037665E+06 -0.27320534E+06 -0.19757038E+06 1989  237   17   23   12    0  0.79628825E+00  0.58342969E+00  0.15979642E+00  0.11833042E+00  0.10882682E+00 -0.98699278E+00 -0.59323102E+00  0.80483949E+00  0.17620035E-01
 1989  237   17   24   47 1000 -0.70390238E+06  0.41736522E+06 -0.31164697E+06  0.31787754E+02  0.84463791E+02 -0.69455066E+01 -0.15013130E+05 -0.65188331E+06 -0.58449725E+06 -0.81953162E+00 -0.12280592E+02 -0.12016909E+02 -0.21257911E+06  0.25465045E+06 -0.12576891E+06 -0.11073874E+06 -0.27321450E+06 -0.19735497E+06 1989  237   17   24   47 1000  0.79611802E+00  0.58371180E+00  0.15961471E+00  0.11809018E+00  0.10883677E+00 -0.98702043E+00 -0.59350735E+00  0.80463356E+00  0.17716285E-01
 1989  237   17   26   24    0 -0.70080450E+06  0.42546444E+06 -0.31231372E+06  0.32751942E+02  0.84266968E+02 -0.69452019E+01 -0.15091804E+05 -0.65306225E+06 -0.58565088E+06 -0.81951666E+00 -0.12279955E+02 -0.12016337E+02 -0.20961244E+06  0.25712931E+06 -0.12570475E+06 -0.11110068E+06 -0.27322328E+06 -0.19713928E+06 1989  237   17   26   24    0  0.79606712E+00  0.58380318E+00  0.15953445E+00  0.11797737E+00  0.10885146E+00 -0.98703229E+00 -0.59359813E+00  0.80456531E+00  0.17777532E-01
 1989  237   17   28    0    0 -0.69761400E+06  0.43354419E+06 -0.31298044E+06  0.33715454E+02  0.84059212E+02 -0.69448986E+01 -0.15170478E+05 -0.65424106E+06 -0.58680444E+06 -0.81950176E+00 -0.12279321E+02 -0.12015768E+02 -0.20661692E+06  0.25957361E+06 -0.12564040E+06 -0.11146243E+06 -0.27323169E+06 -0.19692331E+06 1989  237   17   28    0    0  0.79592621E+00  0.58397853E+00  0.15959525E+00  0.11795092E+00  0.10898285E+00 -0.98702091E+00 -0.59379214E+00  0.80442017E+00  0.17861515E-01
 1989  237   17   29   35 1000 -0.69433112E+06  0.44160347E+06 -0.31364712E+06  0.34678169E+02  0.83840515E+02 -0.69445963E+01 -0.15249149E+05 -0.65541988E+06 -0.58795788E+06 -0.81948680E+00 -0.12278688E+02 -0.12015202E+02 -0.20359298E+06  0.26198302E+06 -0.12557587E+06 -0.11182405E+06 -0.27323972E+06 -0.19670702E+06 1989  237   17   29   35 1000  0.79596555E+00  0.58389676E+00  0.15969756E+00  0.11816344E+00  0.10886983E+00 -0.98700798E+00 -0.59369701E+00  0.80449480E+00  0.17661389E-01
 1989  237   17   31   12    0 -0.69095581E+06  0.44964119E+06 -0.31431378E+06  0.35639969E+02  0.83610863E+02 -0.69442949E+01 -0.15327819E+05 -0.65659856E+06 -0.58911131E+06 -0.81947190E+00 -0.12278059E+02 -0.12014637E+02 -0.20054105E+06  0.26435722E+06 -0.12551115E+06 -0.11218552E+06 -0.27324734E+06 -0.19649048E+06 1989  237   17   31   12    0  0.79598808E+00  0.58381343E+00  0.15989044E+00  0.11837196E+00  0.10891443E+00 -0.98697811E+00 -0.59362543E+00  0.80454928E+00  0.17587446E-01
 1989  237   17   32   47 1000 -0.68748825E+06  0.45765634E+06 -0.31498041E+06  0.36600723E+02  0.83370239E+02 -0.69439945E+01 -0.15406487E+05 -0.65777725E+06 -0.59026469E+06 -0.81945699E+00 -0.12277431E+02 -0.12014074E+02 -0.19746152E+06  0.26669584E+06 -0.12544627E+06 -0.11254683E+06 -0.27325459E+06 -0.19627370E+06 1989  237   17   32   47 1000  0.79610866E+00  0.58361459E+00  0.16001604E+00  0.11855778E+00  0.10888103E+00 -0.98695952E+00 -0.59342664E+00  0.80469805E+00  0.17489094E-01
 1989  237   17   34   24    0 -0.68392856E+06  0.46564788E+06 -0.31564703E+06  0.37560307E+02  0.83118668E+02 -0.69436951E+01 -0.15485153E+05 -0.65895588E+06 -0.59141800E+06 -0.81944209E+00 -0.12276807E+02 -0.12013514E+02 -0.19435481E+06  0.26899862E+06 -0.12538124E+06 -0.11290798E+06 -0.27326144E+06 -0.19605661E+06 1989  237   17   34   24    0  0.79609209E+00  0.58360463E+00  0.16013403E+00  0.11874963E+00  0.10881943E+00 -0.98694319E+00 -0.59341031E+00  0.80471355E+00  0.17327446E-01
 1989  237   17   36    0    0 -0.68027675E+06  0.47361475E+06 -0.31631362E+06  0.38518608E+02  0.82856140E+02 -0.69433970E+01 -0.15563819E+05 -0.66013444E+06 -0.59257131E+06 -0.81942719E+00 -0.12276184E+02 -0.12012955E+02 -0.19122133E+06  0.27126522E+06 -0.12531602E+06 -0.11326895E+06 -0.27326791E+06 -0.19583923E+06 1989  237   17   36    0    0  0.79626298E+00  0.58331621E+00  0.16033629E+00  0.11904660E+00  0.10876714E+00 -0.98691320E+00 -0.59312177E+00  0.80492985E+00  0.17165437E-01
 1989  237   17   37   36    0 -0.67653300E+06  0.48155594E+06 -0.31698016E+06  0.39475498E+02  0.82582634E+02 -0.69431000E+01 -0.15642483E+05 -0.66131288E+06 -0.59372450E+06 -0.81941229E+00 -0.12275563E+02 -0.12012398E+02 -0.18806144E+06  0.27349531E+06 -0.12525061E+06 -0.11362977E+06 -0.27327397E+06 -0.19562161E+06 1989  237   17   37   36    0  0.79626715E+00  0.58324718E+00  0.16056596E+00  0.11925307E+00  0.10887566E+00 -0.98687631E+00 -0.59307450E+00  0.80496520E+00  0.17140079E-01
 1989  237   17   39   12    0 -0.67269744E+06  0.48947031E+06 -0.31764669E+06  0.40430843E+02  0.82298180E+02 -0.69428039E+01 -0.15721148E+05 -0.66249131E+06 -0.59487769E+06 -0.81939739E+00 -0.12274946E+02 -0.12011843E+02 -0.18487562E+06  0.27568862E+06 -0.12518502E+06 -0.11399042E+06 -0.27327966E+06 -0.19540370E+06 1989  237   17   39   12    0  0.79637694E+00  0.58306253E+00  0.16069120E+00  0.11952545E+00  0.10872309E+00 -0.98686010E+00 -0.59287202E+00  0.80511945E+00  0.16893741E-01
 1989  237   17   40   47 1000 -0.66877031E+06  0.49735684E+06 -0.31831319E+06  0.41384518E+02  0.82002769E+02 -0.69425087E+01 -0.15799811E+05 -0.66366969E+06 -0.59603075E+06 -0.81938255E+00 -0.12274330E+02 -0.12011291E+02 -0.18166434E+06  0.27784481E+06 -0.12511927E+06 -0.11435092E+06 -0.27328497E+06 -0.19518550E+06 1989  237   17   40   47 1000  0.79642469E+00  0.58297950E+00  0.16075712E+00  0.11959046E+00  0.10874885E+00 -0.98684943E+00 -0.59279513E+00  0.80517614E+00  0.16891483E-01
 1989  237   17   42   24    0 -0.66475175E+06  0.50521450E+06 -0.31897962E+06  0.42336399E+02  0.81696396E+02 -0.69422145E+01 -0.15878471E+05 -0.66484800E+06 -0.59718381E+06 -0.81936765E+00 -0.12273717E+02 -0.12010739E+02 -0.17842798E+06  0.27996356E+06 -0.12505333E+06 -0.11471127E+06 -0.27328991E+06 -0.19496703E+06 1989  237   17   42   24    0  0.79648352E+00  0.58291799E+00  0.16068786E+00  0.11949915E+00  0.10875843E+00 -0.98685944E+00 -0.59273428E+00  0.80521935E+00  0.16966097E-01
 1989  237   17   44    0    0 -0.66064181E+06  0.51304219E+06 -0.31964606E+06  0.43286373E+02  0.81379082E+02 -0.69419212E+01 -0.15957129E+05 -0.66602625E+06 -0.59833688E+06 -0.81935281E+00 -0.12273107E+02 -0.12010191E+02 -0.17516698E+06  0.28204469E+06 -0.12498720E+06 -0.11507145E+06 -0.27329444E+06 -0.19474828E+06 1989  237   17   44    0    0  0.79671860E+00  0.58260298E+00  0.16066517E+00  0.11944661E+00  0.10880278E+00 -0.98686093E+00 -0.59242892E+00  0.80544132E+00  0.17095257E-01
 1989  237   17   45   36    0 -0.65644081E+06  0.52083891E+06 -0.32031250E+06  0.44234310E+02  0.81050827E+02 -0.69416289E+01 -0.16035785E+05 -0.66720444E+06 -0.59948981E+06 -0.81933790E+00 -0.12272498E+02 -0.12009645E+02 -0.17188177E+06  0.28408781E+06 -0.12492091E+06 -0.11543148E+06 -0.27329859E+06 -0.19452925E+06 1989  237   17   45   36    0  0.79672736E+00  0.58260649E+00  0.16060874E+00  0.11934642E+00  0.10884389E+00 -0.98686850E+00 -0.59243727E+00  0.80543327E+00  0.17186906E-01
 1989  237   17   47   12    0 -0.65214888E+06  0.52860356E+06 -0.32097888E+06  0.45180077E+02  0.80711639E+02 -0.69413376E+01 -0.16114441E+05 -0.66838256E+06 -0.60064269E+06 -0.81932306E+00 -0.12271892E+02 -0.12009100E+02 -0.16857283E+06  0.28609269E+06 -0.12485448E+06 -0.11579132E+06 -0.27330238E+06 -0.19430997E+06 1989  237   17   47   12    0  0.79689181E+00  0.58240992E+00  0.16050574E+00  0.11917683E+00  0.10890812E+00 -0.98688191E+00 -0.59225023E+00  0.80556673E+00  0.17378226E-01
 1989  237   17   48   48    0 -0.64776631E+06  0.53633519E+06 -0.32164522E+06  0.46123566E+02  0.80361526E+02 -0.69410477E+01 -0.16193096E+05 -0.66956062E+06 -0.60179550E+06 -0.81930822E+00 -0.12271288E+02 -0.12008557E+02 -0.16524059E+06  0.28805906E+06 -0.12478785E+06 -0.11615101E+06 -0.27330575E+06 -0.19409041E+06 1989  237   17   48   48    0  0.79630911E+00  0.58324295E+00  0.16037251E+00  0.11885001E+00  0.10909745E+00 -0.98690045E+00 -0.59309894E+00  0.80493820E+00  0.17556868E-01
 1989  237   17   50   24    0 -0.64329325E+06  0.54403269E+06 -0.32231156E+06  0.47064644E+02  0.80000496E+02 -0.69407587E+01 -0.16271748E+05 -0.67073862E+06 -0.60294831E+06 -0.81929338E+00 -0.12270685E+02 -0.12008017E+02 -0.16188545E+06  0.28998659E+06 -0.12472104E+06 -0.11651054E+06 -0.27330875E+06 -0.19387056E+06 1989  237   17   50   24    0  0.79631686E+00  0.58325803E+00  0.16027924E+00  0.11864324E+00  0.10922059E+00 -0.98691165E+00 -0.59312999E+00  0.80491054E+00  0.17774560E-01
 1989  237   17   52    0    0 -0.63872994E+06  0.55169500E+06 -0.32297784E+06  0.48003174E+02  0.79628578E+02 -0.69404702E+01 -0.16350399E+05 -0.67191662E+06 -0.60410106E+06 -0.81927854E+00 -0.12270086E+02 -0.12007478E+02 -0.15850795E+06  0.29187509E+06 -0.12465404E+06 -0.11686991E+06 -0.27331138E+06 -0.19365045E+06 1989  237   17   52    0    0  0.79692382E+00  0.58255768E+00  0.15980999E+00  0.11811446E+00  0.10917567E+00 -0.98698014E+00 -0.59242016E+00  0.80542368E+00  0.18196210E-01
 1989  237   17   53   36    0 -0.63407669E+06  0.55932106E+06 -0.32364412E+06  0.48939034E+02  0.79245766E+02 -0.69401832E+01 -0.16429049E+05 -0.67309450E+06 -0.60525375E+06 -0.81926376E+00 -0.12269488E+02 -0.12006941E+02 -0.15510850E+06  0.29372425E+06 -0.12458684E+06 -0.11722913E+06 -0.27331359E+06 -0.19343008E+06 1989  237   17   53   36    0  0.79679519E+00  0.58273077E+00  0.15981936E+00  0.11808223E+00  0.10922858E+00 -0.98697811E+00 -0.59259933E+00  0.80529124E+00  0.18222667E-01
 1989  237   17   55   11 1000 -0.62933375E+06  0.56690981E+06 -0.32431038E+06  0.49872108E+02  0.78852081E+02 -0.69398971E+01 -0.16507697E+05 -0.67427238E+06 -0.60640644E+06 -0.81924891E+00 -0.12268893E+02 -0.12006406E+02 -0.15168752E+06  0.29553384E+06 -0.12451950E+06 -0.11758816E+06 -0.27331541E+06 -0.19320942E+06 1989  237   17   55   11 1000  0.79663551E+00  0.58288294E+00  0.16006036E+00  0.11835715E+00  0.10925491E+00 -0.98694229E+00 -0.59275919E+00  0.80517757E+00  0.18047985E-01
 1989  237   17   56   48    0 -0.62450138E+06  0.57446025E+06 -0.32497656E+06  0.50802269E+02  0.78447548E+02 -0.69396114E+01 -0.16586344E+05 -0.67545012E+06 -0.60755900E+06 -0.81923413E+00 -0.12268300E+02 -0.12005873E+02 -0.14824555E+06  0.29730359E+06 -0.12445200E+06 -0.11794701E+06 -0.27331688E+06 -0.19298848E+06 1989  237   17   56   48    0  0.79646063E+00  0.58302820E+00  0.16040169E+00  0.11868250E+00  0.10938193E+00 -0.98688912E+00 -0.59292918E+00  0.80505514E+00  0.17923173E-01
 1989  237   17   58   24    0 -0.61957981E+06  0.58197138E+06 -0.32564275E+06  0.51729385E+02  0.78032181E+02 -0.69393272E+01 -0.16664990E+05 -0.67662781E+06 -0.60871156E+06 -0.81921929E+00 -0.12267710E+02 -0.12005341E+02 -0.14478297E+06  0.29903325E+06 -0.12438431E+06 -0.11830570E+06 -0.27331794E+06 -0.19276727E+06 1989  237   17   58   24    0  0.79622436E+00  0.58328766E+00  0.16063121E+00  0.11893959E+00  0.10940938E+00 -0.98685509E+00 -0.59319496E+00  0.80486339E+00  0.17738421E-01
 1989  237   18    0    0    0 -0.61456944E+06  0.58944206E+06 -0.32630894E+06  0.52653339E+02  0.77605995E+02 -0.69390440E+01 -0.16743635E+05 -0.67780550E+06 -0.60986400E+06 -0.81920451E+00 -0.12267120E+02 -0.12004811E+02 -0.14130031E+06  0.30072262E+06 -0.12431644E+06 -0.11866422E+06 -0.27331862E+06 -0.19254580E+06 1989  237   18    0    0    0  0.79603136E+00  0.58346260E+00  0.16095203E+00  0.11930801E+00  0.10944256E+00 -0.98680699E+00 -0.59337991E+00  0.80473220E+00  0.17507955E-01
 1989  237   18    1   36    0 -0.60947050E+06  0.59687138E+06 -0.32697509E+06  0.53574005E+02  0.77169022E+02 -0.69387617E+01 -0.16822277E+05 -0.67898312E+06 -0.61101644E+06 -0.81918973E+00 -0.12266534E+02 -0.12004284E+02 -0.13779805E+06  0.30237144E+06 -0.12424841E+06 -0.11902259E+06 -0.27331894E+06 -0.19232403E+06 1989  237   18    1   36    0  0.79596037E+00  0.58348447E+00  0.16122364E+00  0.11959691E+00  0.10950666E+00 -0.98676491E+00 -0.59341699E+00  0.80470753E+00  0.17380029E-01
 1989  237   18    3   11 1000 -0.60428338E+06  0.60425819E+06 -0.32764119E+06  0.54491253E+02  0.76721275E+02 -0.69384804E+01 -0.16900918E+05 -0.68016069E+06 -0.61216888E+06 -0.81917495E+00 -0.12265950E+02 -0.12003758E+02 -0.13427655E+06  0.30397950E+06 -0.12418018E+06 -0.11938081E+06 -0.27331884E+06 -0.19210200E+06 1989  237   18    3   11 1000  0.79600531E+00  0.58342326E+00  0.16122356E+00  0.11960661E+00  0.10949565E+00 -0.98676491E+00 -0.59335482E+00  0.80475342E+00  0.17377850E-01
 1989  237   18    4   48    0 -0.59900831E+06  0.61160150E+06 -0.32830728E+06  0.55404972E+02  0.76262764E+02 -0.69381995E+01 -0.16979559E+05 -0.68133819E+06 -0.61332119E+06 -0.81916022E+00 -0.12265368E+02 -0.12003234E+02 -0.13073638E+06  0.30554656E+06 -0.12411177E+06 -0.11973884E+06 -0.27331838E+06 -0.19187972E+06 1989  237   18    4   48    0  0.79600871E+00  0.58344042E+00  0.16114379E+00  0.11950518E+00  0.10949840E+00 -0.98677683E+00 -0.59337050E+00  0.80474055E+00  0.17437533E-01
 1989  237   18    6   24    0 -0.59364569E+06  0.61890038E+06 -0.32897334E+06  0.56315025E+02  0.75793541E+02 -0.69379201E+01 -0.17058199E+05 -0.68251569E+06 -0.61447350E+06 -0.81914544E+00 -0.12264788E+02 -0.12002712E+02 -0.12717804E+06  0.30707241E+06 -0.12404321E+06 -0.12009669E+06 -0.27331753E+06 -0.19165716E+06 1989  237   18    6   24    0  0.79611695E+00  0.58328700E+00  0.16116476E+00  0.11952665E+00  0.10951018E+00 -0.98677301E+00 -0.59322107E+00  0.80485022E+00  0.17464578E-01
 1989  237   18    8    0    0 -0.58819588E+06  0.62615356E+06 -0.32963938E+06  0.57221294E+02  0.75313629E+02 -0.69376416E+01 -0.17136836E+05 -0.68369306E+06 -0.61562569E+06 -0.81913072E+00 -0.12264210E+02 -0.12002192E+02 -0.12360193E+06  0.30855681E+06 -0.12397446E+06 -0.12045438E+06 -0.27331628E+06 -0.19143434E+06 1989  237   18    8    0    0  0.79617161E+00  0.58325279E+00  0.16101834E+00  0.11933547E+00  0.10952453E+00 -0.98679453E+00 -0.59318614E+00  0.80487305E+00  0.17597567E-01
 1989  237   18    9   36    0 -0.58265931E+06  0.63336019E+06 -0.33030538E+06  0.58123650E+02  0.74823044E+02 -0.69373636E+01 -0.17215473E+05 -0.68487038E+06 -0.61677788E+06 -0.81911600E+00 -0.12263634E+02 -0.12001673E+02 -0.12000858E+06  0.30999966E+06 -0.12390552E+06 -0.12081191E+06 -0.27331466E+06 -0.19121125E+06 1989  237   18    9   36    0  0.79624742E+00  0.58314967E+00  0.16101730E+00  0.11935015E+00  0.10950668E+00 -0.98679471E+00 -0.59308147E+00  0.80495012E+00  0.17595407E-01
 1989  237   18   11   11 1000 -0.57703631E+06  0.64051925E+06 -0.33097134E+06  0.59021973E+02  0.74321823E+02 -0.69370871E+01 -0.17294107E+05 -0.68604762E+06 -0.61793000E+06 -0.81910127E+00 -0.12263061E+02 -0.12001157E+02 -0.11639848E+06  0.31140062E+06 -0.12383642E+06 -0.12116925E+06 -0.27331259E+06 -0.19098788E+06 1989  237   18   11   11 1000  0.79625320E+00  0.58315718E+00  0.16096149E+00  0.11925089E+00  0.10954726E+00 -0.98680228E+00 -0.59309369E+00  0.80493921E+00  0.17685335E-01
 1989  237   18   12   48    0 -0.57132725E+06  0.64762962E+06 -0.33163728E+06  0.59916126E+02  0.73809998E+02 -0.69368114E+01 -0.17372740E+05 -0.68722488E+06 -0.61908206E+06 -0.81908655E+00 -0.12262488E+02 -0.12000642E+02 -0.11277211E+06  0.31275959E+06 -0.12376717E+06 -0.12152644E+06 -0.27331019E+06 -0.19076420E+06 1989  237   18   12   48    0  0.79632723E+00  0.58307266E+00  0.16090146E+00  0.11921982E+00  0.10949155E+00 -0.98681217E+00 -0.59300053E+00  0.80500799E+00  0.17677274E-01
 1989  237   18   14   24    0 -0.56553256E+06  0.65469038E+06 -0.33230322E+06  0.60806000E+02  0.73287590E+02 -0.69365363E+01 -0.17451371E+05 -0.68840206E+06 -0.62023412E+06 -0.81907183E+00 -0.12261919E+02 -0.12000129E+02 -0.10912995E+06  0.31407634E+06 -0.12369773E+06 -0.12188343E+06 -0.27330741E+06 -0.19054030E+06 1989  237   18   14   24    0  0.79640925E+00  0.58296376E+00  0.16089082E+00  0.11918047E+00  0.10953116E+00 -0.98681259E+00 -0.59289849E+00  0.80508161E+00  0.17753724E-01
 1989  237   18   16    0    0 -0.55965262E+06  0.66170050E+06 -0.33296912E+06  0.61691471E+02  0.72754646E+02 -0.69362621E+01 -0.17530000E+05 -0.68957919E+06 -0.62138612E+06 -0.81905717E+00 -0.12261352E+02 -0.11999618E+02 -0.10547249E+06  0.31535069E+06 -0.12362811E+06 -0.12224024E+06 -0.27330422E+06 -0.19031614E+06 1989  237   18   16    0    0  0.79648495E+00  0.58288503E+00  0.16080002E+00  0.11909512E+00  0.10949713E+00 -0.98682660E+00 -0.59281361E+00  0.80514306E+00  0.17794043E-01
 1989  237   18   17   36    0 -0.55368794E+06  0.66865894E+06 -0.33363497E+06  0.62572414E+02  0.72211205E+02 -0.69359889E+01 -0.17608629E+05 -0.69075625E+06 -0.62253806E+06 -0.81904244E+00 -0.12260786E+02 -0.11999108E+02 -0.10180016E+06  0.31658250E+06 -0.12355833E+06 -0.12259693E+06 -0.27330066E+06 -0.19009167E+06 1989  237   18   17   36    0  0.79654181E+00  0.58282912E+00  0.16072193E+00  0.11900599E+00  0.10948889E+00 -0.98683828E+00 -0.59275532E+00  0.80518472E+00  0.17852306E-01
 1989  237   18   19   12    0 -0.54763881E+06  0.67556475E+06 -0.33430081E+06  0.63448700E+02  0.71657288E+02 -0.69357176E+01 -0.17687256E+05 -0.69193325E+06 -0.62368994E+06 -0.81902778E+00 -0.12260222E+02 -0.11998600E+02 -0.98113539E+05  0.31777156E+06 -0.12348835E+06 -0.12295343E+06 -0.27329672E+06 -0.18986695E+06 1989  237   18   19   12    0  0.79663193E+00  0.58273202E+00  0.16062726E+00  0.11898004E+00  0.10936850E+00 -0.98685473E+00 -0.59263945E+00  0.80527133E+00  0.17792985E-01
 1989  237   18   20   47 1000 -0.54150588E+06  0.68241688E+06 -0.33496662E+06  0.64320213E+02  0.71092941E+02 -0.69354467E+01 -0.17765883E+05 -0.69311019E+06 -0.62484181E+06 -0.81901312E+00 -0.12259661E+02 -0.11998095E+02 -0.94413148E+05  0.31891775E+06 -0.12341820E+06 -0.12330974E+06 -0.27329241E+06 -0.18964198E+06 1989  237   18   20   47 1000  0.79663408E+00  0.58274138E+00  0.16058257E+00  0.11892362E+00  0.10936952E+00 -0.98686147E+00 -0.59264779E+00  0.80526447E+00  0.17825764E-01
 1989  237   18   22   24    0 -0.53528950E+06  0.68921425E+06 -0.33563241E+06  0.65186836E+02  0.70518204E+02 -0.69351759E+01 -0.17844508E+05 -0.69428706E+06 -0.62599362E+06 -0.81899852E+00 -0.12259102E+02 -0.11997590E+02 -0.90699453E+05  0.32002081E+06 -0.12334788E+06 -0.12366590E+06 -0.27328772E+06 -0.18941672E+06 1989  237   18   22   24    0  0.79665655E+00  0.58271098E+00  0.16058119E+00  0.11892703E+00  0.10936372E+00 -0.98686171E+00 -0.59261686E+00  0.80528724E+00  0.17825246E-01
 1989  237   18   24    0    0 -0.52899019E+06  0.69595600E+06 -0.33629819E+06  0.66048431E+02  0.69933121E+02 -0.69349060E+01 -0.17923131E+05 -0.69546394E+06 -0.62714538E+06 -0.81898385E+00 -0.12258544E+02 -0.11997087E+02 -0.86972914E+05  0.32108066E+06 -0.12327738E+06 -0.12402187E+06 -0.27328262E+06 -0.18919119E+06 1989  237   18   24    0    0  0.79676431E+00  0.58258575E+00  0.16050148E+00  0.11884850E+00  0.10934094E+00 -0.98687369E+00 -0.59248793E+00  0.80538100E+00  0.17879520E-01
 1989  237   18   25   35 1000 -0.52260844E+06  0.70264106E+06 -0.33696391E+06  0.66904877E+02  0.69337730E+02 -0.69346375E+01 -0.18001752E+05 -0.69664075E+06 -0.62829706E+06 -0.81896925E+00 -0.12257989E+02 -0.11996587E+02 -0.83234070E+05  0.32209716E+06 -0.12320670E+06 -0.12437765E+06 -0.27327712E+06 -0.18896541E+06 1989  237   18   25   35 1000  0.79690808E+00  0.58242726E+00  0.16036271E+00  0.11877614E+00  0.10921159E+00 -0.98689675E+00 -0.59230900E+00  0.80551314E+00  0.17853156E-01
 1989  237   18   27   12    0 -0.51614466E+06  0.70926850E+06 -0.33762962E+06  0.67756081E+02  0.68732086E+02 -0.69343700E+01 -0.18080371E+05 -0.69781750E+06 -0.62944869E+06 -0.81895465E+00 -0.12257435E+02 -0.11996088E+02 -0.79483453E+05  0.32307016E+06 -0.12313588E+06 -0.12473327E+06 -0.27327122E+06 -0.18873938E+06 1989  237   18   27   12    0  0.79688168E+00  0.58246922E+00  0.16034098E+00  0.11867002E+00  0.10931768E+00 -0.98689771E+00 -0.59236568E+00  0.80546832E+00  0.17991628E-01
 1989  237   18   28   47 1000 -0.50959944E+06  0.71583725E+06 -0.33829531E+06  0.68601891E+02  0.68116211E+02 -0.69341035E+01 -0.18158990E+05 -0.69899419E+06 -0.63060031E+06 -0.81894004E+00 -0.12256884E+02 -0.11995590E+02 -0.75721516E+05  0.32399950E+06 -0.12306488E+06 -0.12508870E+06 -0.27326497E+06 -0.18851306E+06 1989  237   18   28   47 1000  0.79693353E+00  0.58244276E+00  0.16017967E+00  0.11857885E+00  0.10917102E+00 -0.98692489E+00 -0.59231424E+00  0.80550742E+00  0.17936643E-01
 1989  237   18   30   24    0 -0.50297325E+06  0.72234650E+06 -0.33896097E+06  0.69442207E+02  0.67490158E+02 -0.69338374E+01 -0.18237607E+05 -0.70017081E+06 -0.63175188E+06 -0.81892544E+00 -0.12256334E+02 -0.11995094E+02 -0.71948758E+05  0.32488506E+06 -0.12299369E+06 -0.12544395E+06 -0.27325831E+06 -0.18828647E+06 1989  237   18   30   24    0  0.79688346E+00  0.58252323E+00  0.16013585E+00  0.11851148E+00  0.10918577E+00 -0.98693138E+00 -0.59239501E+00  0.80544716E+00  0.17972633E-01
 1989  237   18   32    0    0 -0.49626669E+06  0.72879512E+06 -0.33962662E+06  0.70276901E+02  0.66853989E+02 -0.69335723E+01 -0.18316225E+05 -0.70134738E+06 -0.63290338E+06 -0.81891084E+00 -0.12255787E+02 -0.11994600E+02 -0.68165695E+05  0.32572675E+06 -0.12292234E+06 -0.12579905E+06 -0.27325128E+06 -0.18805961E+06 1989  237   18   32    0    0  0.79685938E+00  0.58255476E+00  0.16014154E+00  0.11851501E+00  0.10918945E+00 -0.98693061E+00 -0.59242684E+00  0.80542397E+00  0.17967150E-01
 1989  237   18   33   36    0 -0.48948028E+06  0.73518219E+06 -0.34029222E+06  0.71105843E+02  0.66207756E+02 -0.69333081E+01 -0.18394840E+05 -0.70252388E+06 -0.63405481E+06 -0.81889623E+00 -0.12255240E+02 -0.11994108E+02 -0.64372910E+05  0.32652441E+06 -0.12285081E+06 -0.12615395E+06 -0.27324388E+06 -0.18783252E+06 1989  237   18   33   36    0  0.79681933E+00  0.58266819E+00  0.15992752E+00  0.11835068E+00  0.10904817E+00 -0.98696589E+00 -0.59251344E+00  0.80536103E+00  0.17932519E-01
 1989  237   18   35   12    0 -0.48261456E+06  0.74150669E+06 -0.34095778E+06  0.71928925E+02  0.65551498E+02 -0.69330444E+01 -0.18473453E+05 -0.70370038E+06 -0.63520619E+06 -0.81888169E+00 -0.12254697E+02 -0.11993618E+02 -0.60570883E+05  0.32727794E+06 -0.12277909E+06 -0.12650870E+06 -0.27323606E+06 -0.18760511E+06 1989  237   18   35   12    0  0.79680139E+00  0.58270931E+00  0.15986717E+00  0.11830015E+00  0.10901376E+00 -0.98697573E+00 -0.59254766E+00  0.80533588E+00  0.17927725E-01
 1989  237   18   36   47 1000 -0.47567009E+06  0.74776769E+06 -0.34162334E+06  0.72746017E+02  0.64885262E+02 -0.69327817E+01 -0.18552064E+05 -0.70487681E+06 -0.63635756E+06 -0.81886715E+00 -0.12254155E+02 -0.11993129E+02 -0.56760074E+05  0.32798722E+06 -0.12270721E+06 -0.12686327E+06 -0.27322788E+06 -0.18737745E+06 1989  237   18   36   47 1000  0.79664129E+00  0.58297789E+00  0.15968622E+00  0.11810873E+00  0.10895921E+00 -0.98700476E+00 -0.59280121E+00  0.80514896E+00  0.17946627E-01
 1989  237   18   38   24    0 -0.46864750E+06  0.75396431E+06 -0.34228888E+06  0.73557022E+02  0.64209114E+02 -0.69325199E+01 -0.18630674E+05 -0.70605319E+06 -0.63750888E+06 -0.81885260E+00 -0.12253615E+02 -0.11992641E+02 -0.52941035E+05  0.32865216E+06 -0.12263515E+06 -0.12721764E+06 -0.27321931E+06 -0.18714955E+06 1989  237   18   38   24    0  0.79666543E+00  0.58295429E+00  0.15965137E+00  0.11811405E+00  0.10889416E+00 -0.98701125E+00 -0.59276748E+00  0.80517477E+00  0.17897122E-01
 1989  237   18   40    0    0 -0.46154738E+06  0.76009556E+06 -0.34295438E+06  0.74361801E+02  0.63523109E+02 -0.69322591E+01 -0.18709283E+05 -0.70722950E+06 -0.63866012E+06 -0.81883812E+00 -0.12253078E+02 -0.11992156E+02 -0.49114285E+05  0.32927266E+06 -0.12256290E+06 -0.12757182E+06 -0.27321038E+06 -0.18692136E+06 1989  237   18   40    0    0  0.79659134E+00  0.58305258E+00  0.15966186E+00  0.11809848E+00  0.10892922E+00 -0.98700923E+00 -0.59287012E+00  0.80509883E+00  0.17914437E-01
 1989  237   18   41   36    0 -0.45437025E+06  0.76616044E+06 -0.34361988E+06  0.75160240E+02  0.62827301E+02 -0.69319992E+01 -0.18787891E+05 -0.70840575E+06 -0.63981138E+06 -0.81882364E+00 -0.12252542E+02 -0.11991673E+02 -0.45280336E+05  0.32984866E+06 -0.12249052E+06 -0.12792582E+06 -0.27320103E+06 -0.18669292E+06 1989  237   18   41   36    0  0.79656267E+00  0.58312607E+00  0.15953735E+00  0.11809511E+00  0.10872170E+00 -0.98703253E+00 -0.59290951E+00  0.80507374E+00  0.17739322E-01
 1989  237   18   43   12    0 -0.44711678E+06  0.77215812E+06 -0.34428534E+06  0.75952240E+02  0.62121738E+02 -0.69317403E+01 -0.18866498E+05 -0.70958200E+06 -0.64096256E+06 -0.81880915E+00 -0.12252007E+02 -0.11991190E+02 -0.41439684E+05  0.33038003E+06 -0.12241796E+06 -0.12827966E+06 -0.27319131E+06 -0.18646422E+06 1989  237   18   43   12    0  0.79649007E+00  0.58315307E+00  0.15979970E+00  0.11838621E+00  0.10876679E+00 -0.98699260E+00 -0.59294868E+00  0.80504799E+00  0.17594386E-01
 1989  237   18   44   47 1000 -0.43978759E+06  0.77808756E+06 -0.34495078E+06  0.76737663E+02  0.61406487E+02 -0.69314818E+01 -0.18945104E+05 -0.71075819E+06 -0.64211369E+06 -0.81879467E+00 -0.12251475E+02 -0.11990709E+02 -0.37592859E+05  0.33086669E+06 -0.12234520E+06 -0.12863332E+06 -0.27318119E+06 -0.18623528E+06 1989  237   18   44   47 1000  0.79640186E+00  0.58322382E+00  0.15998201E+00  0.11862925E+00  0.10874097E+00 -0.98696637E+00 -0.59301883E+00  0.80500031E+00  0.17414100E-01
 1989  237   18   46   24    0 -0.43238334E+06  0.78394788E+06 -0.34561619E+06  0.77516403E+02  0.60681610E+02 -0.69312243E+01 -0.19023707E+05 -0.71193431E+06 -0.64326481E+06 -0.81878018E+00 -0.12250944E+02 -0.11990230E+02 -0.33740410E+05  0.33130866E+06 -0.12227230E+06 -0.12898679E+06 -0.27317069E+06 -0.18600606E+06 1989  237   18   46   24    0  0.79627651E+00  0.58332473E+00  0.16023791E+00  0.11885446E+00  0.10886208E+00 -0.98692590E+00 -0.59314209E+00  0.80491084E+00  0.17353565E-01
 1989  237   18   48    0    0 -0.42490466E+06  0.78973812E+06 -0.34628156E+06  0.78288345E+02  0.59947166E+02 -0.69309678E+01 -0.19102309E+05 -0.71311038E+06 -0.64441581E+06 -0.81876570E+00 -0.12250416E+02 -0.11989752E+02 -0.29882842E+05  0.33170578E+06 -0.12219920E+06 -0.12934007E+06 -0.27315981E+06 -0.18577656E+06 1989  237   18   48    0    0  0.79622048E+00  0.58330923E+00  0.16057245E+00  0.11919497E+00  0.10896324E+00 -0.98687369E+00 -0.59314895E+00  0.80490834E+00  0.17231233E-01
 1989  237   18   49   36    0 -0.41735225E+06  0.79545738E+06 -0.34694694E+06  0.79053375E+02  0.59203228E+02 -0.69307117E+01 -0.19180910E+05 -0.71428638E+06 -0.64556681E+06 -0.81875128E+00 -0.12249888E+02 -0.11989276E+02 -0.26020670E+05  0.33205800E+06 -0.12212592E+06 -0.12969320E+06 -0.27314853E+06 -0.18554681E+06 1989  237   18   49   36    0  0.79612768E+00  0.58335710E+00  0.16085817E+00  0.11943708E+00  0.10911359E+00 -0.98682779E+00 -0.59322476E+00  0.80485326E+00  0.17193887E-01
 1989  237   18   51   11 1000 -0.40972669E+06  0.80110481E+06 -0.34761228E+06  0.79811371E+02  0.58449848E+02 -0.69304566E+01 -0.19259510E+05 -0.71546231E+06 -0.64671775E+06 -0.81873679E+00 -0.12249364E+02 -0.11988802E+02 -0.22154408E+05  0.33236534E+06 -0.12205248E+06 -0.13004613E+06 -0.27313688E+06 -0.18531681E+06 1989  237   18   51   11 1000  0.79598427E+00  0.58351517E+00  0.16099441E+00  0.11950497E+00  0.10924495E+00 -0.98680508E+00 -0.59340352E+00  0.80472088E+00  0.17224304E-01
 1989  237   18   52   48    0 -0.40202869E+06  0.80667944E+06 -0.34827759E+06  0.80562218E+02  0.57687096E+02 -0.69302025E+01 -0.19338107E+05 -0.71663825E+06 -0.64786862E+06 -0.81872243E+00 -0.12248840E+02 -0.11988329E+02 -0.18284590E+05  0.33262769E+06 -0.12197889E+06 -0.13039884E+06 -0.27312484E+06 -0.18508653E+06 1989  237   18   52   48    0  0.79592168E+00  0.58359355E+00  0.16101983E+00  0.11943577E+00  0.10937857E+00 -0.98679864E+00 -0.59350145E+00  0.80464590E+00  0.17354824E-01
 1989  237   18   54   24    0 -0.39425897E+06  0.81218038E+06 -0.34894288E+06  0.81305824E+02  0.56915035E+02 -0.69299493E+01 -0.19416705E+05 -0.71781412E+06 -0.64901950E+06 -0.81870800E+00 -0.12248320E+02 -0.11987858E+02 -0.14411742E+05  0.33284497E+06 -0.12190510E+06 -0.13075141E+06 -0.27311241E+06 -0.18485595E+06 1989  237   18   54   24    0  0.79593372E+00  0.58357072E+00  0.16104279E+00  0.11939231E+00  0.10947698E+00 -0.98679292E+00 -0.59349394E+00  0.80464900E+00  0.17462578E-01
 1989  237   18   56    0    0 -0.38641819E+06  0.81760681E+06 -0.34960812E+06  0.82042061E+02  0.56133736E+02 -0.69296966E+01 -0.19495301E+05 -0.71898994E+06 -0.65017031E+06 -0.81869364E+00 -0.12247800E+02 -0.11987388E+02 -0.10536359E+05  0.33301725E+06 -0.12183116E+06 -0.13110378E+06 -0.27309959E+06 -0.18462517E+06 1989  237   18   56    0    0  0.79608035E+00  0.58335114E+00  0.16111423E+00  0.11936733E+00  0.10963900E+00 -0.98677802E+00 -0.59330243E+00  0.80478621E+00  0.17648380E-01
 1989  237   18   57   36    0 -0.37850706E+06  0.82295781E+06 -0.35027338E+06  0.82770805E+02  0.55343277E+02 -0.69294448E+01 -0.19573895E+05 -0.72016569E+06 -0.65132112E+06 -0.81867927E+00 -0.12247282E+02 -0.11986919E+02 -0.66589805E+04  0.33314444E+06 -0.12175704E+06 -0.13145597E+06 -0.27308641E+06 -0.18439414E+06 1989  237   18   57   36    0  0.79618210E+00  0.58321595E+00  0.16110042E+00  0.11934212E+00  0.10965496E+00 -0.98677927E+00 -0.59317088E+00  0.80488199E+00  0.17703094E-01
 1989  237   18   59   11 1000 -0.37052641E+06  0.82823244E+06 -0.35093859E+06  0.83491966E+02  0.54543724E+02 -0.69291940E+01 -0.19652486E+05 -0.72134138E+06 -0.65247181E+06 -0.81866491E+00 -0.12246766E+02 -0.11986453E+02 -0.27801536E+04  0.33322650E+06 -0.12168273E+06 -0.13180797E+06 -0.27307281E+06 -0.18416280E+06 1989  237   18   59   11 1000  0.79621869E+00  0.58317137E+00  0.16108099E+00  0.11924873E+00  0.10975066E+00 -0.98677993E+00 -0.59314048E+00  0.80490124E+00  0.17843097E-01
 1989  237   19    0   48    0 -0.36247691E+06  0.83342994E+06 -0.35160378E+06  0.84205429E+02  0.53735149E+02 -0.69289436E+01 -0.19731076E+05 -0.72251706E+06 -0.65362250E+06 -0.81865054E+00 -0.12246252E+02 -0.11985989E+02  0.10996049E+04  0.33326350E+06 -0.12160826E+06 -0.13215978E+06 -0.27305881E+06 -0.18393120E+06 1989  237   19    0   48    0  0.79628396E+00  0.58308846E+00  0.16105841E+00  0.11915956E+00  0.10983679E+00 -0.98678118E+00 -0.59307081E+00  0.80494958E+00  0.17980698E-01
 1989  237   19    2   24    0 -0.35435925E+06  0.83854931E+06 -0.35226894E+06  0.84911072E+02  0.52917629E+02 -0.69286942E+01 -0.19809666E+05 -0.72369269E+06 -0.65477319E+06 -0.81863618E+00 -0.12245739E+02 -0.11985525E+02  0.49797769E+04  0.33325531E+06 -0.12153362E+06 -0.13251144E+06 -0.27304447E+06 -0.18369939E+06 1989  237   19    2   24    0  0.79647076E+00  0.58286130E+00  0.16095683E+00  0.11899650E+00  0.10989583E+00 -0.98679417E+00 -0.59285259E+00  0.80510598E+00  0.18170346E-01
 1989  237   19    4    0    0 -0.34617425E+06  0.84358981E+06 -0.35293406E+06  0.85608795E+02  0.52091232E+02 -0.69284458E+01 -0.19888256E+05 -0.72486825E+06 -0.65592375E+06 -0.81862187E+00 -0.12245229E+02 -0.11985063E+02  0.88598516E+04  0.33320200E+06 -0.12145881E+06 -0.13286288E+06 -0.27302972E+06 -0.18346728E+06 1989  237   19    4    0    0  0.79646534E+00  0.58285838E+00  0.16099441E+00  0.11893840E+00  0.11003809E+00 -0.98678535E+00 -0.59287161E+00  0.80508870E+00  0.18317278E-01
 1989  237   19    5   36    0 -0.33792262E+06  0.84855056E+06 -0.35359919E+06  0.86298500E+02  0.51256042E+02 -0.69281979E+01 -0.19966844E+05 -0.72604375E+06 -0.65707431E+06 -0.81860757E+00 -0.12244720E+02 -0.11984602E+02  0.12739293E+05  0.33310353E+06 -0.12138381E+06 -0.13321412E+06 -0.27301459E+06 -0.18323491E+06 1989  237   19    5   36    0  0.79662037E+00  0.58264697E+00  0.16099256E+00  0.11892486E+00  0.11006156E+00 -0.98678434E+00 -0.59266597E+00  0.80523849E+00  0.18386081E-01
 1989  237   19    7   11 1000 -0.32960519E+06  0.85343069E+06 -0.35426428E+06  0.86980064E+02  0.50412132E+02 -0.69279509E+01 -0.20045428E+05 -0.72721919E+06 -0.65822481E+06 -0.81859326E+00 -0.12244212E+02 -0.11984143E+02  0.16617561E+05  0.33296000E+06 -0.12130869E+06 -0.13356519E+06 -0.27299909E+06 -0.18300228E+06 1989  237   19    7   11 1000  0.79673755E+00  0.58249277E+00  0.16097078E+00  0.11884926E+00  0.11013348E+00 -0.98678541E+00 -0.59252369E+00  0.80534017E+00  0.18518642E-01
 1989  237   19    8   48    0 -0.32122269E+06  0.85822944E+06 -0.35492934E+06  0.87653389E+02  0.49559582E+02 -0.69277048E+01 -0.20124012E+05 -0.72839462E+06 -0.65937525E+06 -0.81857896E+00 -0.12243707E+02 -0.11983686E+02  0.20494180E+05  0.33277134E+06 -0.12123338E+06 -0.13391606E+06 -0.27298322E+06 -0.18276941E+06 1989  237   19    8   48    0  0.79684561E+00  0.58234131E+00  0.16098373E+00  0.11881557E+00  0.11020702E+00 -0.98678130E+00 -0.59238505E+00  0.80543965E+00  0.18626761E-01
 1989  237   19   10   24    0 -0.31277594E+06  0.86294588E+06 -0.35559441E+06  0.88318367E+02  0.48698471E+02 -0.69274592E+01 -0.20202598E+05 -0.72957000E+06 -0.66052562E+06 -0.81856471E+00 -0.12243203E+02 -0.11983231E+02  0.24368590E+05  0.33253756E+06 -0.12115787E+06 -0.13426678E+06 -0.27296694E+06 -0.18253628E+06 1989  237   19   10   24    0  0.79687476E+00  0.58233321E+00  0.16086839E+00  0.11867443E+00  0.11020501E+00 -0.98679847E+00 -0.59237409E+00  0.80544573E+00  0.18711530E-01
 1989  237   19   12    0    0 -0.30426581E+06  0.86757925E+06 -0.35625944E+06  0.88974884E+02  0.47828892E+02 -0.69272146E+01 -0.20281178E+05 -0.73074531E+06 -0.66167600E+06 -0.81855047E+00 -0.12242701E+02 -0.11982776E+02  0.28240262E+05  0.33225875E+06 -0.12108221E+06 -0.13461728E+06 -0.27295028E+06 -0.18230291E+06 1989  237   19   12    0    0  0.79696417E+00  0.58223760E+00  0.16077240E+00  0.11864665E+00  0.11008495E+00 -0.98681521E+00 -0.59225953E+00  0.80553138E+00  0.18653218E-01
 1989  237   19   13   36    0 -0.29569306E+06  0.87212875E+06 -0.35692444E+06  0.89622841E+02  0.46950909E+02 -0.69269705E+01 -0.20359758E+05 -0.73192062E+06 -0.66282631E+06 -0.81853622E+00 -0.12242201E+02 -0.11982323E+02  0.32108680E+05  0.33193488E+06 -0.12100637E+06 -0.13496755E+06 -0.27293325E+06 -0.18206928E+06 1989  237   19   13   36    0  0.79639786E+00  0.58305538E+00  0.16061442E+00  0.11846982E+00  0.11002749E+00 -0.98684287E+00 -0.59305602E+00  0.80494750E+00  0.18551189E-01
 1989  237   19   15   11 1000 -0.28705853E+06  0.87659356E+06 -0.35758941E+06  0.90262138E+02  0.46064621E+02 -0.69267273E+01 -0.20438338E+05 -0.73309581E+06 -0.66397662E+06 -0.81852198E+00 -0.12241702E+02 -0.11981872E+02  0.35973309E+05  0.33156606E+06 -0.12093037E+06 -0.13531767E+06 -0.27291581E+06 -0.18183536E+06 1989  237   19   15   11 1000  0.79698724E+00  0.58227265E+00  0.16053087E+00  0.11859474E+00  0.10974737E+00 -0.98685914E+00 -0.59223884E+00  0.80555218E+00  0.18412795E-01
 1989  237   19   16   48    0 -0.27836306E+06  0.88097288E+06 -0.35825434E+06  0.90892670E+02  0.45170109E+02 -0.69264851E+01 -0.20516912E+05 -0.73427100E+06 -0.66512688E+06 -0.81850779E+00 -0.12241204E+02 -0.11981421E+02  0.39833641E+05  0.33115228E+06 -0.12085418E+06 -0.13566761E+06 -0.27289797E+06 -0.18160120E+06 1989  237   19   16   48    0  0.79637945E+00  0.58317006E+00  0.16028909E+00  0.11831804E+00  0.10968190E+00 -0.98689955E+00 -0.59311116E+00  0.80491155E+00  0.18348880E-01
 1989  237   19   18   24    0 -0.26960744E+06  0.88526594E+06 -0.35891928E+06  0.91514336E+02  0.44267456E+02 -0.69262433E+01 -0.20595490E+05 -0.73544612E+06 -0.66627706E+06 -0.81849360E+00 -0.12240709E+02 -0.11980972E+02  0.43689160E+05  0.33069356E+06 -0.12077784E+06 -0.13601736E+06 -0.27287975E+06 -0.18136680E+06 1989  237   19   18   24    0  0.79695433E+00  0.58242893E+00  0.16012636E+00  0.11838406E+00  0.10934667E+00 -0.98692894E+00 -0.59232521E+00  0.80549365E+00  0.18194012E-01
 1989  237   19   20    0    0 -0.26079258E+06  0.88947194E+06 -0.35958419E+06  0.92127029E+02  0.43356758E+02 -0.69260020E+01 -0.20674064E+05 -0.73662119E+06 -0.66742719E+06 -0.81847942E+00 -0.12240215E+02 -0.11980525E+02  0.47539336E+05  0.33019006E+06 -0.12070133E+06 -0.13636692E+06 -0.27286116E+06 -0.18113211E+06 1989  237   19   20    0    0  0.79692364E+00  0.58251578E+00  0.15996325E+00  0.11827464E+00  0.10921749E+00 -0.98695630E+00 -0.59238833E+00  0.80544835E+00  0.18141158E-01
 1989  237   19   21   36    0 -0.25191930E+06  0.89359019E+06 -0.36024909E+06  0.92730667E+02  0.42438095E+02 -0.69257617E+01 -0.20752639E+05 -0.73779625E+06 -0.66857731E+06 -0.81846523E+00 -0.12239723E+02 -0.11980080E+02  0.51383660E+05  0.32964175E+06 -0.12062464E+06 -0.13671627E+06 -0.27284219E+06 -0.18089717E+06 1989  237   19   21   36    0  0.79693097E+00  0.58255941E+00  0.15976802E+00  0.11817487E+00  0.10902283E+00 -0.98698974E+00 -0.59239852E+00  0.80544311E+00  0.18039797E-01
 1989  237   19   23   12    0 -0.24298852E+06  0.89761994E+06 -0.36091397E+06  0.93325142E+02  0.41511562E+02 -0.69255223E+01 -0.20831209E+05 -0.73897131E+06 -0.66972738E+06 -0.81845111E+00 -0.12239233E+02 -0.11979636E+02  0.55221602E+05  0.32904875E+06 -0.12054777E+06 -0.13706542E+06 -0.27282281E+06 -0.18066202E+06 1989  237   19   23   12    0  0.79689479E+00  0.58263087E+00  0.15968785E+00  0.11816962E+00  0.10889223E+00 -0.98700482E+00 -0.59244817E+00  0.80540913E+00  0.17926384E-01
 1989  237   19   24   47 1000 -0.23400116E+06  0.90156025E+06 -0.36157881E+06  0.93910339E+02  0.40577251E+02 -0.69252834E+01 -0.20909779E+05 -0.74014625E+06 -0.67087744E+06 -0.81843698E+00 -0.12238745E+02 -0.11979193E+02  0.59052621E+05  0.32841112E+06 -0.12047073E+06 -0.13741439E+06 -0.27280306E+06 -0.18042659E+06 1989  237   19   24   47 1000  0.79683769E+00  0.58267534E+00  0.15981054E+00  0.11846459E+00  0.10869618E+00 -0.98699105E+00 -0.59246612E+00  0.80540347E+00  0.17586812E-01
 1989  237   19   26   24    0 -0.22495806E+06  0.90541050E+06 -0.36224362E+06  0.94486168E+02  0.39635258E+02 -0.69250455E+01 -0.20988350E+05 -0.74132112E+06 -0.67202738E+06 -0.81842285E+00 -0.12238257E+02 -0.11978751E+02  0.62876223E+05  0.32772891E+06 -0.12039355E+06 -0.13776317E+06 -0.27278294E+06 -0.18019088E+06 1989  237   19   26   24    0  0.79677129E+00  0.58271855E+00  0.15998322E+00  0.11875759E+00  0.10858700E+00 -0.98696786E+00 -0.59249657E+00  0.80538684E+00  0.17316751E-01
 1989  237   19   28    0    0 -0.21586014E+06  0.90916994E+06 -0.36290844E+06  0.95052551E+02  0.38685673E+02 -0.69248085E+01 -0.21066918E+05 -0.74249600E+06 -0.67317731E+06 -0.81840873E+00 -0.12237772E+02 -0.11978312E+02  0.66691859E+05  0.32700225E+06 -0.12031616E+06 -0.13811173E+06 -0.27276244E+06 -0.17995491E+06 1989  237   19   28    0    0  0.79669464E+00  0.58275974E+00  0.16021505E+00  0.11899316E+00  0.10865564E+00 -0.98693192E+00 -0.59255242E+00  0.80534780E+00  0.17220933E-01
 1989  237   19   29   35 1000 -0.20670831E+06  0.91283781E+06 -0.36357322E+06  0.95609375E+02  0.37728592E+02 -0.69245720E+01 -0.21145484E+05 -0.74367075E+06 -0.67432725E+06 -0.81839466E+00 -0.12237288E+02 -0.11977873E+02  0.70499023E+05  0.32623122E+06 -0.12023863E+06 -0.13846011E+06 -0.27274156E+06 -0.17971872E+06 1989  237   19   29   35 1000  0.79652321E+00  0.58289576E+00  0.16057180E+00  0.11926405E+00  0.10888322E+00 -0.98687416E+00 -0.59272832E+00  0.80521864E+00  0.17209500E-01
 1989  237   19   31   12    0 -0.19750348E+06  0.91641356E+06 -0.36423794E+06  0.96156540E+02  0.36764107E+02 -0.69243360E+01 -0.21224049E+05 -0.74484550E+06 -0.67547706E+06 -0.81838053E+00 -0.12236805E+02 -0.11977436E+02  0.74297258E+05  0.32541591E+06 -0.12016091E+06 -0.13880830E+06 -0.27272028E+06 -0.17948228E+06 1989  237   19   31   12    0  0.79657096E+00  0.58275449E+00  0.16084746E+00  0.11958125E+00  0.10892127E+00 -0.98683155E+00 -0.59260023E+00  0.80531573E+00  0.17076991E-01
 1989  237   19   32   47 1000 -0.18824658E+06  0.91989631E+06 -0.36490266E+06  0.96693962E+02  0.35792324E+02 -0.69241009E+01 -0.21302611E+05 -0.74602019E+06 -0.67662688E+06 -0.81836647E+00 -0.12236325E+02 -0.11977000E+02  0.78086023E+05  0.32455641E+06 -0.12008304E+06 -0.13915630E+06 -0.27269856E+06 -0.17924559E+06 1989  237   19   32   47 1000  0.79653239E+00  0.58275139E+00  0.16105032E+00  0.11972935E+00  0.10906181E+00 -0.98679811E+00 -0.59262240E+00  0.80529898E+00  0.17098829E-01
 1989  237   19   34   24    0 -0.17893850E+06  0.92328544E+06 -0.36556738E+06  0.97221558E+02  0.34813328E+02 -0.69238667E+01 -0.21381174E+05 -0.74719488E+06 -0.67777669E+06 -0.81835246E+00 -0.12235847E+02 -0.11976566E+02  0.81864781E+05  0.32365288E+06 -0.12000501E+06 -0.13950411E+06 -0.27267650E+06 -0.17900862E+06 1989  237   19   34   24    0  0.79654318E+00  0.58292198E+00  0.16037786E+00  0.11879593E+00  0.10919181E+00 -0.98689651E+00 -0.59279561E+00  0.80515790E+00  0.17727245E-01
 1989  237   19   36    0    0 -0.16958028E+06  0.92658031E+06 -0.36623206E+06  0.97739220E+02  0.33827221E+02 -0.69236331E+01 -0.21459736E+05 -0.74836950E+06 -0.67892644E+06 -0.81833845E+00 -0.12235369E+02 -0.11976132E+02  0.85633023E+05  0.32270541E+06 -0.11992678E+06 -0.13985170E+06 -0.27265406E+06 -0.17877139E+06 1989  237   19   36    0    0  0.79663444E+00  0.58276534E+00  0.16049360E+00  0.11881459E+00  0.10936706E+00 -0.98687482E+00 -0.59266913E+00  0.80524743E+00  0.17884541E-01
 1989  237   19   37   36    0 -0.16017289E+06  0.92978006E+06 -0.36689672E+06  0.98246864E+02  0.32834114E+02 -0.69234004E+01 -0.21538297E+05 -0.74954412E+06 -0.68007606E+06 -0.81832445E+00 -0.12234893E+02 -0.11975701E+02  0.89390219E+05  0.32171412E+06 -0.11984838E+06 -0.14019909E+06 -0.27263125E+06 -0.17853392E+06 1989  237   19   37   36    0  0.79651278E+00  0.58306491E+00  0.16000913E+00  0.11809301E+00  0.10952054E+00 -0.98694444E+00 -0.59297693E+00  0.80500972E+00  0.18378619E-01
 1989  237   19   39   12    0 -0.15071723E+06  0.93288419E+06 -0.36756134E+06  0.98744392E+02  0.31834114E+02 -0.69231682E+01 -0.21616855E+05 -0.75071862E+06 -0.68122569E+06 -0.81831044E+00 -0.12234419E+02 -0.11975271E+02  0.93135875E+05  0.32067916E+06 -0.11976981E+06 -0.14054628E+06 -0.27260806E+06 -0.17829620E+06 1989  237   19   39   12    0  0.79626250E+00  0.58327377E+00  0.16049211E+00  0.11855315E+00  0.10970025E+00 -0.98686934E+00 -0.59322095E+00  0.80483389E+00  0.18201247E-01
 1989  237   19   40   47 1000 -0.14121430E+06  0.93589200E+06 -0.36822597E+06  0.99231735E+02  0.30827316E+02 -0.69229364E+01 -0.21695412E+05 -0.75189312E+06 -0.68237531E+06 -0.81829643E+00 -0.12233946E+02 -0.11974842E+02  0.96869523E+05  0.31960062E+06 -0.11969109E+06 -0.14089328E+06 -0.27258447E+06 -0.17805827E+06 1989  237   19   40   47 1000  0.79612166E+00  0.58332473E+00  0.16100471E+00  0.11913650E+00  0.10976892E+00 -0.98679143E+00 -0.59329313E+00  0.80478758E+00  0.17894149E-01
 1989  237   19   42   24    0 -0.13166509E+06  0.93880281E+06 -0.36889056E+06  0.99708786E+02  0.29813822E+02 -0.69227061E+01 -0.21773967E+05 -0.75306750E+06 -0.68352488E+06 -0.81828243E+00 -0.12233475E+02 -0.11974415E+02  0.10059061E+06  0.31847869E+06 -0.11961222E+06 -0.14124009E+06 -0.27256047E+06 -0.17782005E+06 1989  237   19   42   24    0  0.79603720E+00  0.58330232E+00  0.16150263E+00  0.11968078E+00  0.10986862E+00 -0.98671442E+00 -0.59329689E+00  0.80479020E+00  0.17649435E-01
 1989  237   19   44    0    0 -0.12207058E+06  0.94161606E+06 -0.36955512E+06  0.10017547E+03  0.28793736E+02 -0.69224763E+01 -0.21852521E+05 -0.75424188E+06 -0.68467444E+06 -0.81826848E+00 -0.12233005E+02 -0.11973989E+02  0.10429863E+06  0.31731347E+06 -0.11953316E+06 -0.14158669E+06 -0.27253612E+06 -0.17758158E+06 1989  237   19   44    0    0  0.79597485E+00  0.58338422E+00  0.16151512E+00  0.11960906E+00  0.10998388E+00 -0.98671037E+00 -0.59339529E+00  0.80471522E+00  0.17766360E-01
 1989  237   19   45   36    0 -0.11243176E+06  0.94433106E+06 -0.37021966E+06  0.10063169E+03  0.27767172E+02 -0.69222465E+01 -0.21931074E+05 -0.75541625E+06 -0.68582388E+06 -0.81825459E+00 -0.12232536E+02 -0.11973564E+02  0.10799312E+06  0.31610512E+06 -0.11945390E+06 -0.14193309E+06 -0.27251141E+06 -0.17734286E+06 1989  237   19   45   36    0  0.79606760E+00  0.58330733E+00  0.16133526E+00  0.11932357E+00  0.11007154E+00 -0.98673511E+00 -0.59332824E+00  0.80475891E+00  0.18022083E-01
 1989  237   19   47   12    0 -0.10274959E+06  0.94694719E+06 -0.37088416E+06  0.10107738E+03  0.26734226E+02 -0.69220176E+01 -0.22009625E+05 -0.75659056E+06 -0.68697338E+06 -0.81824064E+00 -0.12232070E+02 -0.11973140E+02  0.11167359E+06  0.31485384E+06 -0.11937449E+06 -0.14227931E+06 -0.27248625E+06 -0.17710384E+06 1989  237   19   47   12    0  0.79603791E+00  0.58339107E+00  0.16117828E+00  0.11901106E+00  0.11022829E+00 -0.98675531E+00 -0.59343064E+00  0.80467671E+00  0.18315915E-01
 1989  237   19   48   48    0 -0.93025141E+05  0.94946381E+06 -0.37154866E+06  0.10151244E+03  0.25695009E+02 -0.69217896E+01 -0.22088178E+05 -0.75776481E+06 -0.68812275E+06 -0.81822675E+00 -0.12231606E+02 -0.11972717E+02  0.11533948E+06  0.31355975E+06 -0.11929493E+06 -0.14262534E+06 -0.27246069E+06 -0.17686462E+06 1989  237   19   48   48    0  0.79615062E+00  0.58328164E+00  0.16101839E+00  0.11882988E+00  0.11020947E+00 -0.98677933E+00 -0.59331596E+00  0.80475867E+00  0.18432058E-01
 1989  237   19   50   24    0 -0.83259508E+05  0.95188044E+06 -0.37221316E+06  0.10193679E+03  0.24649633E+02 -0.69215622E+01 -0.22166727E+05 -0.75893906E+06 -0.68927212E+06 -0.81821287E+00 -0.12231141E+02 -0.11972298E+02  0.11899030E+06  0.31222303E+06 -0.11921521E+06 -0.14297116E+06 -0.27243481E+06 -0.17662516E+06 1989  237   19   50   24    0  0.79615211E+00  0.58331418E+00  0.16089331E+00  0.11862567E+00  0.11027494E+00 -0.98679662E+00 -0.59335488E+00  0.80472612E+00  0.18599592E-01
 1989  237   19   52    0    0 -0.73453656E+05  0.95419638E+06 -0.37287762E+06  0.10235035E+03  0.23598209E+02 -0.69213357E+01 -0.22245273E+05 -0.76011319E+06 -0.69042144E+06 -0.81819898E+00 -0.12230680E+02 -0.11971878E+02  0.12262561E+06  0.31084388E+06 -0.11913530E+06 -0.14331675E+06 -0.27240853E+06 -0.17638544E+06 1989  237   19   52    0    0  0.79642493E+00  0.58296984E+00  0.16079038E+00  0.11847873E+00  0.11031461E+00 -0.98680973E+00 -0.59301782E+00  0.80497015E+00  0.18787775E-01
 1989  237   19   53   36    0 -0.63608648E+05  0.95641106E+06 -0.37354206E+06  0.10275305E+03  0.22540859E+02 -0.69211102E+01 -0.22323820E+05 -0.76128731E+06 -0.69157069E+06 -0.81818509E+00 -0.12230219E+02 -0.11971460E+02  0.12624489E+06  0.30942247E+06 -0.11905523E+06 -0.14366216E+06 -0.27238184E+06 -0.17614550E+06 1989  237   19   53   36    0  0.79653114E+00  0.58287859E+00  0.16059518E+00  0.11825079E+00  0.11029937E+00 -0.98683882E+00 -0.59292072E+00  0.80503833E+00  0.18931042E-01
 1989  237   19   55   11 1000 -0.53725492E+05  0.95852400E+06 -0.37420647E+06  0.10314480E+03  0.21477688E+02 -0.69208851E+01 -0.22402367E+05 -0.76246144E+06 -0.69271994E+06 -0.81817126E+00 -0.12229759E+02 -0.11971043E+02  0.12984760E+06  0.30795900E+06 -0.11897498E+06 -0.14400734E+06 -0.27235478E+06 -0.17590528E+06 1989  237   19   55   11 1000  0.79667872E+00  0.58273685E+00  0.16037770E+00  0.11808023E+00  0.11017075E+00 -0.98687369E+00 -0.59275657E+00  0.80515856E+00  0.18961005E-01
 1989  237   19   56   48    0 -0.43805238E+05  0.96053456E+06 -0.37487084E+06  0.10352553E+03  0.20408802E+02 -0.69206605E+01 -0.22480912E+05 -0.76363544E+06 -0.69386912E+06 -0.81815743E+00 -0.12229302E+02 -0.11970627E+02  0.13343331E+06  0.30645359E+06 -0.11889458E+06 -0.14435233E+06 -0.27232734E+06 -0.17566481E+06 1989  237   19   56   48    0  0.79671562E+00  0.58270198E+00  0.16032064E+00  0.11813615E+00  0.11000013E+00 -0.98688596E+00 -0.59269571E+00  0.80520707E+00  0.18800657E-01
 1989  237   19   58   24    0 -0.33848969E+05  0.96244231E+06 -0.37553522E+06  0.10389516E+03  0.19334326E+02 -0.69204364E+01 -0.22559453E+05 -0.76480944E+06 -0.69501831E+06 -0.81814361E+00 -0.12228846E+02 -0.11970213E+02  0.13700155E+06  0.30490650E+06 -0.11881402E+06 -0.14469714E+06 -0.27229953E+06 -0.17542408E+06 1989  237   19   58   24    0  0.79678595E+00  0.58262885E+00  0.16023737E+00  0.11825365E+00  0.10970320E+00 -0.98690498E+00 -0.59257782E+00  0.80530059E+00  0.18511984E-01
 1989  237   20    0    0    0 -0.23857695E+05  0.96424662E+06 -0.37619959E+06  0.10425362E+03  0.18254360E+02 -0.69202127E+01 -0.22637994E+05 -0.76598338E+06 -0.69616744E+06 -0.81812984E+00 -0.12228391E+02 -0.11969800E+02  0.14055180E+06  0.30331797E+06 -0.11873327E+06 -0.14504173E+06 -0.27227134E+06 -0.17518311E+06 1989  237   20    0    0    0  0.79691339E+00  0.58243662E+00  0.16030213E+00  0.11848539E+00  0.10950463E+00 -0.98689914E+00 -0.59236002E+00  0.80546653E+00  0.18255483E-01
 1989  237   20    1   36    0 -0.13832555E+05  0.96594700E+06 -0.37686394E+06  0.10460081E+03  0.17169031E+02 -0.69199901E+01 -0.22716535E+05 -0.76715725E+06 -0.69731650E+06 -0.81811607E+00 -0.12227938E+02 -0.11969388E+02  0.14408356E+06  0.30168812E+06 -0.11865235E+06 -0.14538611E+06 -0.27224275E+06 -0.17494192E+06 1989  237   20    1   36    0  0.79694378E+00  0.58240432E+00  0.16026795E+00  0.11859743E+00  0.10929582E+00 -0.98690891E+00 -0.59229660E+00  0.80551827E+00  0.18030945E-01
 1989  237   20    3   11 1000 -0.37746782E+04  0.96754294E+06 -0.37752822E+06  0.10493670E+03  0.16078468E+02 -0.69197683E+01 -0.22795072E+05 -0.76833112E+06 -0.69846556E+06 -0.81810230E+00 -0.12227487E+02 -0.11968978E+02  0.14759634E+06  0.30001722E+06 -0.11857126E+06 -0.14573027E+06 -0.27221378E+06 -0.17470045E+06 1989  237   20    3   11 1000  0.79632157E+00  0.58319819E+00  0.16047387E+00  0.11887570E+00  0.10923473E+00 -0.98688209E+00 -0.59307718E+00  0.80495191E+00  0.17657876E-01
 1989  237   20    4   48    0  0.63148975E+04  0.96903388E+06 -0.37819250E+06  0.10526118E+03  0.14982775E+02 -0.69195471E+01 -0.22873609E+05 -0.76950494E+06 -0.69961456E+06 -0.81808853E+00 -0.12227036E+02 -0.11968569E+02  0.15108972E+06  0.29830550E+06 -0.11849001E+06 -0.14607423E+06 -0.27218441E+06 -0.17445873E+06 1989  237   20    4   48    0  0.79684544E+00  0.58233970E+00  0.16099094E+00  0.11980110E+00  0.10887888E+00 -0.98680955E+00 -0.59218693E+00  0.80562145E+00  0.16994696E-01
 1989  237   20    6   24    0  0.16435074E+05  0.97041944E+06 -0.37885678E+06  0.10557421E+03  0.13882071E+02 -0.69193263E+01 -0.22952146E+05 -0.77067869E+06 -0.70076350E+06 -0.81807482E+00 -0.12226587E+02 -0.11968161E+02  0.15456322E+06  0.29655316E+06 -0.11840860E+06 -0.14641802E+06 -0.27215466E+06 -0.17421680E+06 1989  237   20    6   24    0  0.79665601E+00  0.58263159E+00  0.16087240E+00  0.11975628E+00  0.10872979E+00 -0.98683149E+00 -0.59245074E+00  0.80543059E+00  0.16846452E-01
 1989  237   20    8    0    0  0.26584750E+05  0.97169906E+06 -0.37952103E+06  0.10587570E+03  0.12776481E+02 -0.69191065E+01 -0.23030680E+05 -0.77185244E+06 -0.70191244E+06 -0.81806105E+00 -0.12226140E+02 -0.11967754E+02  0.15801634E+06  0.29476041E+06 -0.11832701E+06 -0.14676158E+06 -0.27212453E+06 -0.17397461E+06 1989  237   20    8    0    0  0.79654491E+00  0.58290303E+00  0.16043805E+00  0.11932391E+00  0.10857655E+00 -0.98690069E+00 -0.59268719E+00  0.80525470E+00  0.16931824E-01
 1989  237   20    9   36    0  0.36762812E+05  0.97287238E+06 -0.38018525E+06  0.10616558E+03  0.11666122E+02 -0.69188876E+01 -0.23109211E+05 -0.77302612E+06 -0.70306131E+06 -0.81804740E+00 -0.12225694E+02 -0.11967349E+02  0.16144861E+06  0.29292753E+06 -0.11824526E+06 -0.14710492E+06 -0.27209403E+06 -0.17373216E+06 1989  237   20    9   36    0  0.79645240E+00  0.58310515E+00  0.16016242E+00  0.11884852E+00  0.10875106E+00 -0.98693883E+00 -0.59290695E+00  0.80508482E+00  0.17313849E-01
 1989  237   20   11   11 1000  0.46968145E+05  0.97393881E+06 -0.38084944E+06  0.10644381E+03  0.10551119E+02 -0.69186692E+01 -0.23187742E+05 -0.77419975E+06 -0.70421019E+06 -0.81803370E+00 -0.12225249E+02 -0.11966945E+02  0.16485959E+06  0.29105475E+06 -0.11816334E+06 -0.14744808E+06 -0.27206312E+06 -0.17348947E+06 1989  237   20   11   11 1000  0.79636139E+00  0.58328760E+00  0.15995114E+00  0.11836484E+00  0.10904559E+00 -0.98696452E+00 -0.59312606E+00  0.80491292E+00  0.17798960E-01
 1989  237   20   12   48    0  0.57199680E+05  0.97489800E+06 -0.38151362E+06  0.10671030E+03  0.94315882E+01 -0.69184508E+01 -0.23266273E+05 -0.77537338E+06 -0.70535894E+06 -0.81802005E+00 -0.12224806E+02 -0.11966542E+02  0.16824884E+06  0.28914231E+06 -0.11808128E+06 -0.14779102E+06 -0.27203184E+06 -0.17324656E+06 1989  237   20   12   48    0  0.79622394E+00  0.58356100E+00  0.15963739E+00  0.11793180E+00  0.10909529E+00 -0.98701078E+00 -0.59339666E+00  0.80470783E+00  0.18043887E-01
 1989  237   20   14   24    0  0.67456203E+05  0.97574956E+06 -0.38217778E+06  0.10696500E+03  0.83076582E+01 -0.69182334E+01 -0.23344803E+05 -0.77654694E+06 -0.70650769E+06 -0.81800640E+00 -0.12224364E+02 -0.11966140E+02  0.17161584E+06  0.28719047E+06 -0.11799903E+06 -0.14813373E+06 -0.27200019E+06 -0.17300341E+06 1989  237   20   14   24    0  0.79602760E+00  0.58377206E+00  0.15984482E+00  0.11804964E+00  0.10927612E+00 -0.98697674E+00 -0.59363663E+00  0.80453026E+00  0.18072732E-01
 1989  237   20   16    0    0  0.77736578E+05  0.97649300E+06 -0.38284191E+06  0.10720783E+03  0.71794610E+01 -0.69180169E+01 -0.23423330E+05 -0.77772050E+06 -0.70765644E+06 -0.81799275E+00 -0.12223924E+02 -0.11965739E+02  0.17496012E+06  0.28519950E+06 -0.11791659E+06 -0.14847627E+06 -0.27196812E+06 -0.17275997E+06 1989  237   20   16    0    0  0.79596025E+00  0.58378440E+00  0.16013432E+00  0.11828600E+00  0.10944175E+00 -0.98693013E+00 -0.59367979E+00  0.80449879E+00  0.18057756E-01
 1989  237   20   17   36    0  0.88039688E+05  0.97712788E+06 -0.38350603E+06  0.10743874E+03  0.60471153E+01 -0.69178009E+01 -0.23501857E+05 -0.77889394E+06 -0.70880519E+06 -0.81797916E+00 -0.12223485E+02 -0.11965341E+02  0.17828125E+06  0.28316969E+06 -0.11783403E+06 -0.14881858E+06 -0.27193569E+06 -0.17251631E+06 1989  237   20   17   36    0  0.79594165E+00  0.58372152E+00  0.16045558E+00  0.11858824E+00  0.10957435E+00 -0.98687899E+00 -0.59364432E+00  0.80452633E+00  0.17992295E-01
 1989  237   20   19   12    0  0.98364391E+05  0.97765388E+06 -0.38417012E+06  0.10765768E+03  0.49107471E+01 -0.69175854E+01 -0.23580383E+05 -0.78006738E+06 -0.70995381E+06 -0.81796551E+00 -0.12223047E+02 -0.11964942E+02  0.18157881E+06  0.28110122E+06 -0.11775127E+06 -0.14916066E+06 -0.27190288E+06 -0.17227241E+06 1989  237   20   19   12    0  0.79605103E+00  0.58348346E+00  0.16077903E+00  0.11886303E+00  0.10975445E+00 -0.98682600E+00 -0.59344286E+00  0.80467445E+00  0.18015537E-01
 1989  237   20   20   47 1000  0.10870955E+06  0.97807062E+06 -0.38483422E+06  0.10786458E+03  0.37704830E+01 -0.69173703E+01 -0.23658906E+05 -0.78124081E+06 -0.71110244E+06 -0.81795192E+00 -0.12222611E+02 -0.11964545E+02  0.18485233E+06  0.27899441E+06 -0.11766837E+06 -0.14950256E+06 -0.27186966E+06 -0.17202823E+06 1989  237   20   20   47 1000  0.79613131E+00  0.58329546E+00  0.16106363E+00  0.11914015E+00  0.10986413E+00 -0.98678041E+00 -0.59327966E+00  0.80479586E+00  0.17972369E-01
 1989  237   20   22   24    0  0.11907398E+06  0.97837769E+06 -0.38549828E+06  0.10805938E+03  0.26264510E+01 -0.69171562E+01 -0.23737430E+05 -0.78241412E+06 -0.71225100E+06 -0.81793839E+00 -0.12222177E+02 -0.11964150E+02  0.18810136E+06  0.27684956E+06 -0.11758530E+06 -0.14984425E+06 -0.27183609E+06 -0.17178386E+06 1989  237   20   22   24    0  0.79623514E+00  0.58307391E+00  0.16135219E+00  0.11941409E+00  0.10998599E+00 -0.98673368E+00 -0.59308517E+00  0.80493975E+00  0.17947480E-01
 1989  237   20   24    0    0  0.12945652E+06  0.97857475E+06 -0.38616231E+06  0.10824203E+03  0.14787800E+01 -0.69169426E+01 -0.23815951E+05 -0.78358744E+06 -0.71339950E+06 -0.81792486E+00 -0.12221743E+02 -0.11963756E+02  0.19132547E+06  0.27466697E+06 -0.11750205E+06 -0.15018569E+06 -0.27180212E+06 -0.17153923E+06 1989  237   20   24    0    0  0.79631561E+00  0.58288622E+00  0.16163304E+00  0.11968812E+00  0.11009351E+00 -0.98668855E+00 -0.59292185E+00  0.80506092E+00  0.17904624E-01
 1989  237   20   25   35 1000  0.13985608E+06  0.97866150E+06 -0.38682634E+06  0.10841248E+03  0.32759321E+00 -0.69167299E+01 -0.23894473E+05 -0.78476069E+06 -0.71454806E+06 -0.81791133E+00 -0.12221311E+02 -0.11963363E+02  0.19452422E+06  0.27244688E+06 -0.11741865E+06 -0.15052694E+06 -0.27176778E+06 -0.17129436E+06 1989  237   20   25   35 1000  0.79643834E+00  0.58271444E+00  0.16164725E+00  0.11961380E+00  0.11022475E+00 -0.98668283E+00 -0.59277183E+00  0.80516726E+00  0.18086534E-01
 1989  237   20   27   12    0  0.15027142E+06  0.97863756E+06 -0.38749038E+06  0.10857066E+03 -0.82697374E+00 -0.69165177E+01 -0.23972992E+05 -0.78593394E+06 -0.71569650E+06 -0.81789780E+00 -0.12220881E+02 -0.11962971E+02  0.19769716E+06  0.27018959E+06 -0.11733505E+06 -0.15086800E+06 -0.27173306E+06 -0.17104923E+06 1989  237   20   27   12    0  0.79654312E+00  0.58258730E+00  0.16158871E+00  0.11953411E+00  0.11023930E+00 -0.98669088E+00 -0.59264702E+00  0.80525732E+00  0.18171310E-01
 1989  237   20   28   47 1000  0.16070131E+06  0.97850262E+06 -0.38815434E+06  0.10871654E+03 -0.19847844E+01 -0.69163060E+01 -0.24051510E+05 -0.78710712E+06 -0.71684494E+06 -0.81788427E+00 -0.12220450E+02 -0.11962580E+02  0.20084384E+06  0.26789544E+06 -0.11725130E+06 -0.15120881E+06 -0.27169794E+06 -0.17080386E+06 1989  237   20   28   47 1000  0.79669356E+00  0.58241081E+00  0.16148488E+00  0.11946309E+00  0.11016785E+00 -0.98670751E+00 -0.59245956E+00  0.80539483E+00  0.18193424E-01
 1989  237   20   30   24    0  0.17114459E+06  0.97825638E+06 -0.38881828E+06  0.10885004E+03 -0.31457131E+01 -0.69160953E+01 -0.24130025E+05 -0.78828025E+06 -0.71799338E+06 -0.81787080E+00 -0.12220022E+02 -0.11962190E+02  0.20396389E+06  0.26556469E+06 -0.11716739E+06 -0.15154944E+06 -0.27166244E+06 -0.17055827E+06 1989  237   20   30   24    0  0.79678082E+00  0.58233911E+00  0.16131142E+00  0.11937879E+00  0.10999298E+00 -0.98673713E+00 -0.59235877E+00  0.80547047E+00  0.18121358E-01
 1989  237   20   32    0    0  0.18160009E+06  0.97789856E+06 -0.38948222E+06  0.10897115E+03 -0.43096271E+01 -0.69158845E+01 -0.24208541E+05 -0.78945338E+06 -0.71914169E+06 -0.81785733E+00 -0.12219596E+02 -0.11961802E+02  0.20705686E+06  0.26319769E+06 -0.11708333E+06 -0.15188984E+06 -0.27162656E+06 -0.17031244E+06 1989  237   20   32    0    0  0.79638654E+00  0.58292210E+00  0.16115353E+00  0.11909114E+00  0.11009600E+00 -0.98676050E+00 -0.59294683E+00  0.80503464E+00  0.18258128E-01
 1989  237   20   33   36    0  0.19206662E+06  0.97742881E+06 -0.39014612E+06  0.10907979E+03 -0.54763947E+01 -0.69156752E+01 -0.24287055E+05 -0.79062644E+06 -0.72029000E+06 -0.81784385E+00 -0.12219171E+02 -0.11961414E+02  0.21012234E+06  0.26079472E+06 -0.11699911E+06 -0.15223003E+06 -0.27159031E+06 -0.17006634E+06 1989  237   20   33   36    0  0.79638517E+00  0.58297133E+00  0.16098209E+00  0.11898883E+00  0.10994466E+00 -0.98678976E+00 -0.59296924E+00  0.80501968E+00  0.18191218E-01
 1989  237   20   35   12    0  0.20254297E+06  0.97684700E+06 -0.39081000E+06  0.10917593E+03 -0.66458817E+01 -0.69154663E+01 -0.24365566E+05 -0.79179944E+06 -0.72143831E+06 -0.81783044E+00 -0.12218746E+02 -0.11961028E+02  0.21315988E+06  0.25835616E+06 -0.11691470E+06 -0.15257003E+06 -0.27155366E+06 -0.16982000E+06 1989  237   20   35   12    0  0.79691714E+00  0.58228290E+00  0.16084051E+00  0.11899902E+00  0.10971861E+00 -0.98681355E+00 -0.59225184E+00  0.80554855E+00  0.18145561E-01
 1989  237   20   36   47 1000  0.21302797E+06  0.97615275E+06 -0.39147388E+06  0.10925951E+03 -0.78179545E+01 -0.69152575E+01 -0.24444078E+05 -0.79297238E+06 -0.72258650E+06 -0.81781703E+00 -0.12218324E+02 -0.11960643E+02  0.21616906E+06  0.25588228E+06 -0.11683014E+06 -0.15290977E+06 -0.27151662E+06 -0.16957347E+06 1989  237   20   36   47 1000  0.79683298E+00  0.58245778E+00  0.16062474E+00  0.11882351E+00  0.10958731E+00 -0.98684937E+00 -0.59240049E+00  0.80544001E+00  0.18113118E-01
 1989  237   20   38   24    0  0.22352042E+06  0.97534588E+06 -0.39213775E+06  0.10933051E+03 -0.89924841E+01 -0.69150491E+01 -0.24522588E+05 -0.79414531E+06 -0.72373469E+06 -0.81780362E+00 -0.12217902E+02 -0.11960259E+02  0.21914953E+06  0.25337339E+06 -0.11674538E+06 -0.15324930E+06 -0.27147919E+06 -0.16932669E+06 1989  237   20   38   24    0  0.79677737E+00  0.58256632E+00  0.16050653E+00  0.11876494E+00  0.10946369E+00 -0.98687017E+00 -0.59248692E+00  0.80537832E+00  0.18029731E-01
 1989  237   20   40    0    0  0.23401909E+06  0.97442612E+06 -0.39280159E+06  0.10938887E+03 -0.10169329E+02 -0.69148417E+01 -0.24601096E+05 -0.79531825E+06 -0.72488288E+06 -0.81779021E+00 -0.12217482E+02 -0.11959876E+02  0.22210084E+06  0.25082986E+06 -0.11666048E+06 -0.15358861E+06 -0.27144138E+06 -0.16907962E+06 1989  237   20   40    0    0  0.79664147E+00  0.58281827E+00  0.16026698E+00  0.11853325E+00  0.10936598E+00 -0.98690885E+00 -0.59271622E+00  0.80520934E+00  0.18042147E-01
 1989  237   20   41   36    0  0.24452272E+06  0.97339331E+06 -0.39346541E+06  0.10943456E+03 -0.11348347E+02 -0.69146352E+01 -0.24679604E+05 -0.79649112E+06 -0.72603100E+06 -0.81777686E+00 -0.12217064E+02 -0.11959495E+02  0.22502261E+06  0.24825202E+06 -0.11657541E+06 -0.15392770E+06 -0.27140319E+06 -0.16883234E+06 1989  237   20   41   36    0  0.79654253E+00  0.58298516E+00  0.16015093E+00  0.11840853E+00  0.10933362E+00 -0.98692739E+00 -0.59287393E+00  0.80509281E+00  0.18058460E-01
 1989  237   20   43   12    0  0.25503012E+06  0.97224719E+06 -0.39412919E+06  0.10946753E+03 -0.12529407E+02 -0.69144292E+01 -0.24758109E+05 -0.79766394E+06 -0.72717912E+06 -0.81776345E+00 -0.12216646E+02 -0.11959115E+02  0.22791439E+06  0.24564025E+06 -0.11649020E+06 -0.15426661E+06 -0.27136462E+06 -0.16858483E+06 1989  237   20   43   12    0  0.79646981E+00  0.58314437E+00  0.15993355E+00  0.11829275E+00  0.10911928E+00 -0.98696500E+00 -0.59299487E+00  0.80500668E+00  0.17928481E-01
 1989  237   20   44   47 1000  0.26554003E+06  0.97098756E+06 -0.39479297E+06  0.10948775E+03 -0.13712374E+02 -0.69142232E+01 -0.24836613E+05 -0.79883669E+06 -0.72832719E+06 -0.81775016E+00 -0.12216230E+02 -0.11958735E+02  0.23077583E+06  0.24299486E+06 -0.11640482E+06 -0.15460530E+06 -0.27132569E+06 -0.16833708E+06 1989  237   20   44   47 1000  0.79631388E+00  0.58339483E+00  0.15979597E+00  0.11815771E+00  0.10906162E+00 -0.98698753E+00 -0.59323096E+00  0.80483299E+00  0.17914671E-01
 1989  237   20   46   24    0  0.27605131E+06  0.96961438E+06 -0.39545675E+06  0.10949519E+03 -0.14897108E+02 -0.69140182E+01 -0.24915117E+05 -0.80000944E+06 -0.72947519E+06 -0.81773680E+00 -0.12215816E+02 -0.11958358E+02  0.23360656E+06  0.24031619E+06 -0.11631925E+06 -0.15494377E+06 -0.27128638E+06 -0.16808908E+06 1989  237   20   46   24    0  0.79615676E+00  0.58363545E+00  0.15970033E+00  0.11807790E+00  0.10900013E+00 -0.98700386E+00 -0.59345782E+00  0.80466682E+00  0.17866746E-01
 1989  237   20   48    0    0  0.28656269E+06  0.96812731E+06 -0.39612047E+06  0.10948980E+03 -0.16083466E+02 -0.69138136E+01 -0.24993619E+05 -0.80118212E+06 -0.73062319E+06 -0.81772351E+00 -0.12215402E+02 -0.11957980E+02  0.23640616E+06  0.23760461E+06 -0.11623353E+06 -0.15528202E+06 -0.27124666E+06 -0.16784086E+06 1989  237   20   48    0    0  0.79606938E+00  0.58378875E+00  0.15957583E+00  0.11800513E+00  0.10888387E+00 -0.98702538E+00 -0.59358954E+00  0.80457139E+00  0.17789055E-01
 1989  237   20   49   36    0  0.29707291E+06  0.96652625E+06 -0.39678416E+06  0.10947155E+03 -0.17271315E+02 -0.69136095E+01 -0.25072119E+05 -0.80235481E+06 -0.73177112E+06 -0.81771022E+00 -0.12214990E+02 -0.11957604E+02  0.23917420E+06  0.23486052E+06 -0.11614766E+06 -0.15562002E+06 -0.27120656E+06 -0.16759242E+06 1989  237   20   49   36    0  0.79597384E+00  0.58389992E+00  0.15964444E+00  0.11818926E+00  0.10874541E+00 -0.98701859E+00 -0.59368074E+00  0.80450928E+00  0.17547805E-01
 1989  237   20   51   11 1000  0.30758084E+06  0.96481112E+06 -0.39744784E+06  0.10944042E+03 -0.18460531E+02 -0.69134064E+01 -0.25150619E+05 -0.80352738E+06 -0.73291900E+06 -0.81769699E+00 -0.12214578E+02 -0.11957230E+02  0.24191041E+06  0.23208423E+06 -0.11606159E+06 -0.15595780E+06 -0.27116609E+06 -0.16734370E+06 1989  237   20   51   11 1000  0.79592371E+00  0.58390820E+00  0.15986449E+00  0.11838485E+00  0.10884984E+00 -0.98698372E+00 -0.59370905E+00  0.80448931E+00  0.17510265E-01
 1989  237   20   52   48    0  0.31808519E+06  0.96298181E+06 -0.39811153E+06  0.10939638E+03 -0.19650961E+02 -0.69132037E+01 -0.25229119E+05 -0.80470000E+06 -0.73406688E+06 -0.81768370E+00 -0.12214168E+02 -0.11956856E+02  0.24461438E+06  0.22927612E+06 -0.11597538E+06 -0.15629539E+06 -0.27112519E+06 -0.16709477E+06 1989  237   20   52   48    0  0.79598427E+00  0.58375996E+00  0.16010450E+00  0.11860229E+00  0.10896397E+00 -0.98694503E+00 -0.59358454E+00  0.80458140E+00  0.17498348E-01
 1989  237   20   54   24    0  0.32858456E+06  0.96103812E+06 -0.39877519E+06  0.10933939E+03 -0.20842453E+02 -0.69130015E+01 -0.25307615E+05 -0.80587256E+06 -0.73521475E+06 -0.81767046E+00 -0.12213759E+02 -0.11956484E+02  0.24728570E+06  0.22643659E+06 -0.11588899E+06 -0.15663277E+06 -0.27108394E+06 -0.16684559E+06 1989  237   20   54   24    0  0.79607373E+00  0.58359975E+00  0.16024278E+00  0.11882676E+00  0.10889779E+00 -0.98692524E+00 -0.59341943E+00  0.80470657E+00  0.17343391E-01
 1989  237   20   56    0    0  0.33907788E+06  0.95898000E+06 -0.39943884E+06  0.10926943E+03 -0.22034872E+02 -0.69127998E+01 -0.25386111E+05 -0.80704506E+06 -0.73636256E+06 -0.81765723E+00 -0.12213352E+02 -0.11956112E+02  0.24992403E+06  0.22356603E+06 -0.11580246E+06 -0.15696989E+06 -0.27104231E+06 -0.16659619E+06 1989  237   20   56    0    0  0.79619592E+00  0.58334601E+00  0.16055937E+00  0.11921412E+00  0.10891387E+00 -0.98687679E+00 -0.59317780E+00  0.80488831E+00  0.17173689E-01
 1989  237   20   57   36    0  0.34956388E+06  0.95680744E+06 -0.40010247E+06  0.10918647E+03 -0.23228085E+02 -0.69125991E+01 -0.25464605E+05 -0.80821750E+06 -0.73751031E+06 -0.81764406E+00 -0.12212946E+02 -0.11955742E+02  0.25252902E+06  0.22066483E+06 -0.11571577E+06 -0.15730678E+06 -0.27100031E+06 -0.16634653E+06 1989  237   20   57   36    0  0.79640067E+00  0.58302176E+00  0.16072242E+00  0.11940768E+00  0.10893710E+00 -0.98685086E+00 -0.59286416E+00  0.80512011E+00  0.17140292E-01
 1989  237   20   59   11 1000  0.36004125E+06  0.95452025E+06 -0.40076606E+06  0.10909049E+03 -0.24421946E+02 -0.69123988E+01 -0.25543098E+05 -0.80938994E+06 -0.73865806E+06 -0.81763089E+00 -0.12212542E+02 -0.11955372E+02  0.25510031E+06  0.21773333E+06 -0.11562890E+06 -0.15764347E+06 -0.27095794E+06 -0.16609662E+06 1989  237   20   59   11 1000  0.79649431E+00  0.58281827E+00  0.16099562E+00  0.11973207E+00  0.10896350E+00 -0.98680860E+00 -0.59267277E+00  0.80526382E+00  0.17006785E-01
 1989  237   21    0   48    0  0.37050878E+06  0.95211838E+06 -0.40142966E+06  0.10898147E+03 -0.25616306E+02 -0.69121990E+01 -0.25621590E+05 -0.81056231E+06 -0.73980575E+06 -0.81761771E+00 -0.12212137E+02 -0.11955004E+02  0.25763756E+06  0.21477194E+06 -0.11554187E+06 -0.15797994E+06 -0.27091519E+06 -0.16584653E+06 1989  237   21    0   48    0  0.79668093E+00  0.58257002E+00  0.16097167E+00  0.11966859E+00  0.10901840E+00 -0.98681027E+00 -0.59243488E+00  0.80543607E+00  0.17137557E-01
 1989  237   21    2   24    0  0.38096525E+06  0.94960188E+06 -0.40209322E+06  0.10885938E+03 -0.26811035E+02 -0.69119997E+01 -0.25700078E+05 -0.81173469E+06 -0.74095338E+06 -0.81760454E+00 -0.12211735E+02 -0.11954637E+02  0.26014039E+06  0.21178105E+06 -0.11545468E+06 -0.15831619E+06 -0.27087203E+06 -0.16559619E+06 1989  237   21    2   24    0  0.79681063E+00  0.58241433E+00  0.16089261E+00  0.11959469E+00  0.10899124E+00 -0.98682219E+00 -0.59227526E+00  0.80555230E+00  0.17191704E-01
 1989  237   21    4    0    0  0.39140941E+06  0.94697062E+06 -0.40275675E+06  0.10872421E+03 -0.28005997E+02 -0.69118009E+01 -0.25778570E+05 -0.81290700E+06 -0.74210100E+06 -0.81759143E+00 -0.12211333E+02 -0.11954270E+02  0.26260847E+06  0.20876105E+06 -0.11536733E+06 -0.15865222E+06 -0.27082847E+06 -0.16534559E+06 1989  237   21    4    0    0  0.79680037E+00  0.58243477E+00  0.16086915E+00  0.11948974E+00  0.10909376E+00 -0.98682356E+00 -0.59231019E+00  0.80552363E+00  0.17330967E-01
 1989  237   21    5   36    0  0.40183994E+06  0.94422469E+06 -0.40342025E+06  0.10857595E+03 -0.29201033E+02 -0.69116025E+01 -0.25857059E+05 -0.81407925E+06 -0.74324862E+06 -0.81757826E+00 -0.12210934E+02 -0.11953906E+02  0.26504147E+06  0.20571238E+06 -0.11527980E+06 -0.15898803E+06 -0.27078456E+06 -0.16509477E+06 1989  237   21    5   36    0  0.79683578E+00  0.58238912E+00  0.16085939E+00  0.11939605E+00  0.10920639E+00 -0.98682249E+00 -0.59228152E+00  0.80554140E+00  0.17484598E-01
 1989  237   21    7   11 1000  0.41225559E+06  0.94136406E+06 -0.40408375E+06  0.10841457E+03 -0.30395992E+02 -0.69114046E+01 -0.25935545E+05 -0.81525150E+06 -0.74439619E+06 -0.81756520E+00 -0.12210535E+02 -0.11953542E+02  0.26743906E+06  0.20263542E+06 -0.11519211E+06 -0.15932359E+06 -0.27074028E+06 -0.16484373E+06 1989  237   21    7   11 1000  0.79684389E+00  0.58239424E+00  0.16080090E+00  0.11929308E+00  0.10924779E+00 -0.98683035E+00 -0.59229136E+00  0.80553210E+00  0.17577831E-01
 1989  237   21    8   48    0  0.42265512E+06  0.93838869E+06 -0.40474725E+06  0.10824004E+03 -0.31590746E+02 -0.69112077E+01 -0.26014031E+05 -0.81642369E+06 -0.74554369E+06 -0.81755209E+00 -0.12210137E+02 -0.11953179E+02  0.26980091E+06  0.19953061E+06 -0.11510427E+06 -0.15965894E+06 -0.27069556E+06 -0.16459248E+06 1989  237   21    8   48    0  0.79686940E+00  0.58240616E+00  0.16063115E+00  0.11909659E+00  0.10922869E+00 -0.98685616E+00 -0.59229660E+00  0.80552602E+00  0.17678406E-01
 1989  237   21   10   24    0  0.43303722E+06  0.93529862E+06 -0.40541072E+06  0.10805238E+03 -0.32785149E+02 -0.69110112E+01 -0.26092516E+05 -0.81759581E+06 -0.74669119E+06 -0.81753904E+00 -0.12209741E+02 -0.11952817E+02  0.27212669E+06  0.19639833E+06 -0.11501627E+06 -0.15999409E+06 -0.27065050E+06 -0.16434098E+06 1989  237   21   10   24    0  0.79686916E+00  0.58243477E+00  0.16052869E+00  0.11899360E+00  0.10919510E+00 -0.98687232E+00 -0.59231770E+00  0.80550992E+00  0.17708197E-01
 1989  237   21   12    0    0  0.44340069E+06  0.93209400E+06 -0.40607416E+06  0.10785155E+03 -0.33979050E+02 -0.69108152E+01 -0.26170998E+05 -0.81876794E+06 -0.74783869E+06 -0.81752598E+00 -0.12209346E+02 -0.11952456E+02  0.27441606E+06  0.19323906E+06 -0.11492811E+06 -0.16032900E+06 -0.27060506E+06 -0.16408923E+06 1989  237   21   12    0    0  0.79685897E+00  0.58245468E+00  0.16050652E+00  0.11888957E+00  0.10929848E+00 -0.98687339E+00 -0.59235221E+00  0.80548143E+00  0.17847702E-01
 1989  237   21   13   36    0  0.45374428E+06  0.92877469E+06 -0.40673759E+06  0.10763758E+03 -0.35172314E+02 -0.69106197E+01 -0.26249479E+05 -0.81994000E+06 -0.74898606E+06 -0.81751293E+00 -0.12208951E+02 -0.11952097E+02  0.27666875E+06  0.19005316E+06 -0.11483976E+06 -0.16066366E+06 -0.27055922E+06 -0.16383723E+06 1989  237   21   13   36    0  0.79686248E+00  0.58247197E+00  0.16042666E+00  0.11878815E+00  0.10930132E+00 -0.98688537E+00 -0.59236783E+00  0.80546868E+00  0.17907370E-01
 1989  237   21   15   11 1000  0.46406669E+06  0.92534094E+06 -0.40740100E+06  0.10741042E+03 -0.36364788E+02 -0.69104247E+01 -0.26327959E+05 -0.82111206E+06 -0.75013344E+06 -0.81749994E+00 -0.12208558E+02 -0.11951738E+02  0.27888444E+06  0.18684105E+06 -0.11475126E+06 -0.16099808E+06 -0.27051300E+06 -0.16358502E+06 1989  237   21   15   11 1000  0.79686528E+00  0.58249021E+00  0.16034617E+00  0.11868574E+00  0.10930429E+00 -0.98689729E+00 -0.59238452E+00  0.80545503E+00  0.17967533E-01
 1989  237   21   16   48    0  0.47436672E+06  0.92179269E+06 -0.40806438E+06  0.10717008E+03 -0.37556339E+02 -0.69102306E+01 -0.26406439E+05 -0.82228406E+06 -0.75128081E+06 -0.81748694E+00 -0.12208167E+02 -0.11951381E+02  0.28106284E+06  0.18360320E+06 -0.11466260E+06 -0.16133230E+06 -0.27046641E+06 -0.16333256E+06 1989  237   21   16   48    0  0.79681230E+00  0.58260405E+00  0.16019675E+00  0.11852701E+00  0.10926424E+00 -0.98692089E+00 -0.59248781E+00  0.80537826E+00  0.18008787E-01
 1989  237   21   18   24    0  0.48464300E+06  0.91813006E+06 -0.40872775E+06  0.10691656E+03 -0.38746811E+02 -0.69100370E+01 -0.26484918E+05 -0.82345600E+06 -0.75242812E+06 -0.81747395E+00 -0.12207776E+02 -0.11951024E+02  0.28320362E+06  0.18034002E+06 -0.11457379E+06 -0.16166630E+06 -0.27041944E+06 -0.16307991E+06 1989  237   21   18   24    0  0.79679888E+00  0.58263671E+00  0.16014372E+00  0.11841129E+00  0.10933095E+00 -0.98692727E+00 -0.59252876E+00  0.80534542E+00  0.18124025E-01
 1989  237   21   20    0    0  0.49489428E+06  0.91435331E+06 -0.40939112E+06  0.10664984E+03 -0.39936054E+02 -0.69098439E+01 -0.26563395E+05 -0.82462794E+06 -0.75357538E+06 -0.81746101E+00 -0.12207387E+02 -0.11950668E+02  0.28530647E+06  0.17705194E+06 -0.11448482E+06 -0.16200008E+06 -0.27037209E+06 -0.16282703E+06 1989  237   21   20    0    0  0.79675114E+00  0.58273369E+00  0.16002867E+00  0.11825456E+00  0.10934667E+00 -0.98694438E+00 -0.59262437E+00  0.80527312E+00  0.18211167E-01
 1989  237   21   21   36    0  0.50511931E+06  0.91046238E+06 -0.41005447E+06  0.10636993E+03 -0.41123932E+02 -0.69096513E+01 -0.26641871E+05 -0.82579981E+06 -0.75472262E+06 -0.81744808E+00 -0.12206999E+02 -0.11950315E+02  0.28737112E+06  0.17373945E+06 -0.11439569E+06 -0.16233361E+06 -0.27032434E+06 -0.16257391E+06 1989  237   21   21   36    0  0.79678077E+00  0.58269364E+00  0.16002727E+00  0.11825947E+00  0.10933915E+00 -0.98694468E+00 -0.59258360E+00  0.80530316E+00  0.18210296E-01
 1989  237   21   23   12    0  0.51531684E+06  0.90645756E+06 -0.41071778E+06  0.10607684E+03 -0.42310291E+02 -0.69094591E+01 -0.26720346E+05 -0.82697169E+06 -0.75586988E+06 -0.81743515E+00 -0.12206612E+02 -0.11949961E+02  0.28939731E+06  0.17040298E+06 -0.11430641E+06 -0.16266692E+06 -0.27027622E+06 -0.16232053E+06 1989  237   21   23   12    0  0.79680783E+00  0.58269948E+00  0.15987094E+00  0.11806478E+00  0.10934028E+00 -0.98696780E+00 -0.59258592E+00  0.80529881E+00  0.18326901E-01
 1989  237   21   24   47 1000  0.52548562E+06  0.90233888E+06 -0.41138106E+06  0.10577055E+03 -0.43494984E+02 -0.69092674E+01 -0.26798818E+05 -0.82814350E+06 -0.75701706E+06 -0.81742221E+00 -0.12206225E+02 -0.11949608E+02  0.29138478E+06  0.16704295E+06 -0.11421694E+06 -0.16300002E+06 -0.27022772E+06 -0.16206694E+06 1989  237   21   24   47 1000  0.79677224E+00  0.58270168E+00  0.16003999E+00  0.11831832E+00  0.10928020E+00 -0.98694414E+00 -0.59258318E+00  0.80530530E+00  0.18127125E-01
 1989  237   21   26   24    0  0.53562438E+06  0.89810662E+06 -0.41204434E+06  0.10545107E+03 -0.44677868E+02 -0.69090762E+01 -0.26877289E+05 -0.82931525E+06 -0.75816419E+06 -0.81740928E+00 -0.12205840E+02 -0.11949256E+02  0.29333322E+06  0.16365981E+06 -0.11412731E+06 -0.16333286E+06 -0.27017881E+06 -0.16181312E+06 1989  237   21   26   24    0  0.79669446E+00  0.58274496E+00  0.16026913E+00  0.11855188E+00  0.10934695E+00 -0.98690861E+00 -0.59264094E+00  0.80526489E+00  0.18030614E-01
 1989  237   21   28    0    0  0.54573181E+06  0.89376088E+06 -0.41270762E+06  0.10511842E+03 -0.45858807E+02 -0.69088855E+01 -0.26955760E+05 -0.83048700E+06 -0.75931131E+06 -0.81739640E+00 -0.12205457E+02 -0.11948906E+02  0.29524234E+06  0.16025400E+06 -0.11403753E+06 -0.16366548E+06 -0.27012956E+06 -0.16155909E+06 1989  237   21   28    0    0  0.79663199E+00  0.58279264E+00  0.16040675E+00  0.11874418E+00  0.10931545E+00 -0.98688906E+00 -0.59268665E+00  0.80523473E+00  0.17880954E-01
 1989  237   21   29   35 1000  0.55580669E+06  0.88930175E+06 -0.41337088E+06  0.10477258E+03 -0.47037651E+02 -0.69086952E+01 -0.27034230E+05 -0.83165875E+06 -0.76045838E+06 -0.81738353E+00 -0.12205074E+02 -0.11948556E+02  0.29711194E+06  0.15682600E+06 -0.11394759E+06 -0.16399786E+06 -0.27007991E+06 -0.16130483E+06 1989  237   21   29   35 1000  0.79656518E+00  0.58282733E+00  0.16061191E+00  0.11903708E+00  0.10926157E+00 -0.98685974E+00 -0.59271753E+00  0.80521685E+00  0.17655894E-01
 1989  237   21   31   12    0  0.56584781E+06  0.88472962E+06 -0.41403409E+06  0.10441358E+03 -0.48214245E+02 -0.69085059E+01 -0.27112699E+05 -0.83283044E+06 -0.76160544E+06 -0.81737071E+00 -0.12204693E+02 -0.11948208E+02  0.29894169E+06  0.15337623E+06 -0.11385749E+06 -0.16433002E+06 -0.27002988E+06 -0.16105033E+06 1989  237   21   31   12    0  0.79652834E+00  0.58281779E+00  0.16082896E+00  0.11933643E+00  0.10922059E+00 -0.98682809E+00 -0.59270686E+00  0.80522931E+00  0.17445914E-01
 1989  237   21   32   47 1000  0.57585375E+06  0.88004469E+06 -0.41469728E+06  0.10404142E+03 -0.49388443E+02 -0.69083171E+01 -0.27191166E+05 -0.83400206E+06 -0.76275244E+06 -0.81735790E+00 -0.12204313E+02 -0.11947860E+02  0.30073138E+06  0.14990527E+06 -0.11376721E+06 -0.16466195E+06 -0.26997950E+06 -0.16079561E+06 1989  237   21   32   47 1000  0.79651672E+00  0.58279902E+00  0.16095434E+00  0.11953962E+00  0.10915622E+00 -0.98681062E+00 -0.59268141E+00  0.80525166E+00  0.17277174E-01
 1989  237   21   34   24    0  0.58582331E+06  0.87524712E+06 -0.41536047E+06  0.10365612E+03 -0.50560104E+02 -0.69081287E+01 -0.27269633E+05 -0.83517362E+06 -0.76389944E+06 -0.81734508E+00 -0.12203934E+02 -0.11947514E+02  0.30248084E+06  0.14641334E+06 -0.11367677E+06 -0.16499362E+06 -0.26992872E+06 -0.16054064E+06 1989  237   21   34   24    0  0.79643500E+00  0.58286780E+00  0.16110982E+00  0.11972217E+00  0.10916746E+00 -0.98678720E+00 -0.59275442E+00  0.80520034E+00  0.17162576E-01
 1989  237   21   36    0    0  0.59575525E+06  0.87033725E+06 -0.41602366E+06  0.10325768E+03 -0.51729073E+02 -0.69079409E+01 -0.27348098E+05 -0.83634519E+06 -0.76504638E+06 -0.81733227E+00 -0.12203556E+02 -0.11947168E+02  0.30418972E+06  0.14290106E+06 -0.11358618E+06 -0.16532506E+06 -0.26987753E+06 -0.16028545E+06 1989  237   21   36    0    0  0.79642940E+00  0.58291316E+00  0.16097325E+00  0.11961983E+00  0.10907493E+00 -0.98680985E+00 -0.59278262E+00  0.80518007E+00  0.17142512E-01
 1989  237   21   37   36    0  0.60564831E+06  0.86531525E+06 -0.41668681E+06  0.10284612E+03 -0.52895210E+02 -0.69077530E+01 -0.27426561E+05 -0.83751675E+06 -0.76619325E+06 -0.81731945E+00 -0.12203178E+02 -0.11946824E+02  0.30585778E+06  0.13936906E+06 -0.11349543E+06 -0.16565628E+06 -0.26982597E+06 -0.16003008E+06 1989  237   21   37   36    0  0.79638022E+00  0.58300281E+00  0.16089319E+00  0.11950649E+00  0.10909106E+00 -0.98682189E+00 -0.59287184E+00  0.80511308E+00  0.17205343E-01
 1989  237   21   39   12    0  0.61550131E+06  0.86018150E+06 -0.41734994E+06  0.10242146E+03 -0.54058372E+02 -0.69075661E+01 -0.27505021E+05 -0.83868819E+06 -0.76734012E+06 -0.81730670E+00 -0.12202803E+02 -0.11946480E+02  0.30748478E+06  0.13581769E+06 -0.11340452E+06 -0.16598728E+06 -0.26977403E+06 -0.15977445E+06 1989  237   21   39   12    0  0.79630423E+00  0.58313823E+00  0.16077803E+00  0.11938828E+00  0.10905289E+00 -0.98684043E+00 -0.59299767E+00  0.80502009E+00  0.17219406E-01
 1989  237   21   40   47 1000  0.62531281E+06  0.85493619E+06 -0.41801306E+06  0.10198370E+03 -0.55218403E+02 -0.69073796E+01 -0.27583482E+05 -0.83985962E+06 -0.76848700E+06 -0.81729394E+00 -0.12202428E+02 -0.11946137E+02  0.30907053E+06  0.13224738E+06 -0.11331345E+06 -0.16631803E+06 -0.26972172E+06 -0.15951856E+06 1989  237   21   40   47 1000  0.79635453E+00  0.58309752E+00  0.16067582E+00  0.11929843E+00  0.10900433E+00 -0.98685664E+00 -0.59294802E+00  0.80505615E+00  0.17243478E-01
 1989  237   21   42   24    0  0.63508175E+06  0.84957962E+06 -0.41867619E+06  0.10153287E+03 -0.56375175E+02 -0.69071937E+01 -0.27661941E+05 -0.84103106E+06 -0.76963381E+06 -0.81728125E+00 -0.12202054E+02 -0.11945796E+02  0.31061488E+06  0.12865859E+06 -0.11322223E+06 -0.16664856E+06 -0.26966900E+06 -0.15926247E+06 1989  237   21   42   24    0  0.79630637E+00  0.58318561E+00  0.16059487E+00  0.11918466E+00  0.10901943E+00 -0.98686868E+00 -0.59303558E+00  0.80499023E+00  0.17306097E-01
 1989  237   21   44    0    0  0.64480675E+06  0.84411225E+06 -0.41933925E+06  0.10106900E+03 -0.57528519E+02 -0.69070086E+01 -0.27740398E+05 -0.84220244E+06 -0.77078062E+06 -0.81726855E+00 -0.12201682E+02 -0.11945456E+02  0.31211750E+06  0.12505187E+06 -0.11313086E+06 -0.16697884E+06 -0.26961594E+06 -0.15900616E+06 1989  237   21   44    0    0  0.79629576E+00  0.58327144E+00  0.16033599E+00  0.11899175E+00  0.10884269E+00 -0.98691148E+00 -0.59308863E+00  0.80495197E+00  0.17266482E-01
 1989  237   21   45   36    0  0.65448662E+06  0.83853425E+06 -0.42000231E+06  0.10059212E+03 -0.58678291E+02 -0.69068236E+01 -0.27818855E+05 -0.84337375E+06 -0.77192738E+06 -0.81725585E+00 -0.12201310E+02 -0.11945115E+02  0.31357828E+06  0.12142770E+06 -0.11303933E+06 -0.16730888E+06 -0.26956250E+06 -0.15874962E+06 1989  237   21   45   36    0  0.79636073E+00  0.58320057E+00  0.16027045E+00  0.11899827E+00  0.10872607E+00 -0.98692352E+00 -0.59299994E+00  0.80501908E+00  0.17185308E-01
 1989  237   21   47   12    0  0.66412000E+06  0.83284612E+06 -0.42066538E+06  0.10010223E+03 -0.59824356E+02 -0.69066391E+01 -0.27897312E+05 -0.84454506E+06 -0.77307406E+06 -0.81724316E+00 -0.12200940E+02 -0.11944777E+02  0.31499694E+06  0.11778653E+06 -0.11294760E+06 -0.16763872E+06 -0.26950869E+06 -0.15849288E+06 1989  237   21   47   12    0  0.79624391E+00  0.58338237E+00  0.16018966E+00  0.11887166E+00  0.10875548E+00 -0.98693556E+00 -0.59318233E+00  0.80488342E+00  0.17248254E-01
 1989  237   21   48   48    0  0.67370575E+06  0.82704812E+06 -0.42132841E+06  0.99599358E+02 -0.60966560E+02 -0.69064550E+01 -0.27975768E+05 -0.84571638E+06 -0.77422075E+06 -0.81723046E+00 -0.12200570E+02 -0.11944439E+02  0.31637331E+06  0.11412890E+06 -0.11285573E+06 -0.16796831E+06 -0.26945447E+06 -0.15823591E+06 1989  237   21   48   48    0  0.79634362E+00  0.58326876E+00  0.16010800E+00  0.11879057E+00  0.10873239E+00 -0.98694789E+00 -0.59306479E+00  0.80496883E+00  0.17301541E-01
 1989  237   21   50   24    0  0.68324262E+06  0.82114062E+06 -0.42199141E+06  0.99083542E+02 -0.62104763E+02 -0.69062715E+01 -0.28054221E+05 -0.84688762E+06 -0.77536738E+06 -0.81721783E+00 -0.12200202E+02 -0.11944102E+02  0.31770722E+06  0.11045524E+06 -0.11276370E+06 -0.16829764E+06 -0.26939988E+06 -0.15797872E+06 1989  237   21   50   24    0  0.79627281E+00  0.58338755E+00  0.16002752E+00  0.11867356E+00  0.10875142E+00 -0.98695993E+00 -0.59318334E+00  0.80488026E+00  0.17363116E-01
 1989  237   21   52    0    0  0.69272938E+06  0.81512412E+06 -0.42265441E+06  0.98554802E+02 -0.63238815E+02 -0.69060888E+01 -0.28132674E+05 -0.84805881E+06 -0.77651400E+06 -0.81720519E+00 -0.12199835E+02 -0.11943766E+02  0.31899844E+06  0.10676609E+06 -0.11267151E+06 -0.16862673E+06 -0.26934491E+06 -0.15772127E+06 1989  237   21   52    0    0  0.79627526E+00  0.58340567E+00  0.15994890E+00  0.11857207E+00  0.10875628E+00 -0.98697150E+00 -0.59320021E+00  0.80486643E+00  0.17424338E-01
 1989  237   21   53   36    0  0.70216475E+06  0.80899900E+06 -0.42331738E+06  0.98013184E+02 -0.64368576E+02 -0.69059067E+01 -0.28211125E+05 -0.84923000E+06 -0.77766056E+06 -0.81719261E+00 -0.12199469E+02 -0.11943431E+02  0.32024684E+06  0.10306191E+06 -0.11257916E+06 -0.16895558E+06 -0.26928953E+06 -0.15746361E+06 1989  237   21   53   36    0  0.79627860E+00  0.58342338E+00  0.15986760E+00  0.11847067E+00  0.10875644E+00 -0.98698366E+00 -0.59321600E+00  0.80485356E+00  0.17481849E-01
 1989  237   21   55   11 1000  0.71154744E+06  0.80276556E+06 -0.42398031E+06  0.97458717E+02 -0.65493889E+02 -0.69057245E+01 -0.28289574E+05 -0.85040112E+06 -0.77880712E+06 -0.81718004E+00 -0.12199104E+02 -0.11943097E+02  0.32145225E+06  0.99343195E+05 -0.11248666E+06 -0.16928420E+06 -0.26923381E+06 -0.15720577E+06 1989  237   21   55   11 1000  0.79628414E+00  0.58345860E+00  0.15971074E+00  0.11827157E+00  0.10876143E+00 -0.98700696E+00 -0.59324813E+00  0.80482727E+00  0.17598424E-01
 1989  237   21   56   48    0  0.72087644E+06  0.79642425E+06 -0.42464325E+06  0.96891418E+02 -0.66614616E+02 -0.69055429E+01 -0.28368023E+05 -0.85157219E+06 -0.77995369E+06 -0.81716746E+00 -0.12198740E+02 -0.11942764E+02  0.32261447E+06  0.95610469E+05 -0.11239400E+06 -0.16961261E+06 -0.26917769E+06 -0.15694767E+06 1989  237   21   56   48    0  0.79623818E+00  0.58352214E+00  0.15970784E+00  0.11825798E+00  0.10877272E+00 -0.98700738E+00 -0.59331250E+00  0.80477977E+00  0.17602842E-01
 1989  237   21   58   24    0  0.73015031E+06  0.78997562E+06 -0.42530619E+06  0.96311333E+02 -0.67730606E+02 -0.69053621E+01 -0.28446471E+05 -0.85274325E+06 -0.78110012E+06 -0.81715488E+00 -0.12198378E+02 -0.11942431E+02  0.32373334E+06  0.91864219E+05 -0.11230119E+06 -0.16994077E+06 -0.26912119E+06 -0.15668936E+06 1989  237   21   58   24    0  0.79611325E+00  0.58371377E+00  0.15963061E+00  0.11813122E+00  0.10880774E+00 -0.98701864E+00 -0.59350538E+00  0.80463600E+00  0.17668460E-01
 1989  237   22    0    0    0  0.73936781E+06  0.78342012E+06 -0.42596909E+06  0.95718506E+02 -0.68841728E+02 -0.69051819E+01 -0.28524916E+05 -0.85391431E+06 -0.78224662E+06 -0.81714231E+00 -0.12198015E+02 -0.11942101E+02  0.32480872E+06  0.88104961E+05 -0.11220822E+06 -0.17026867E+06 -0.26906431E+06 -0.15643083E+06 1989  237   22    0    0    0  0.79603446E+00  0.58384359E+00  0.15954906E+00  0.11801262E+00  0.10882668E+00 -0.98703080E+00 -0.59363478E+00  0.80453926E+00  0.17728880E-01
 1989  237   22    1   36    0  0.74852781E+06  0.77675819E+06 -0.42663197E+06  0.95112968E+02 -0.69947830E+02 -0.69050016E+01 -0.28603361E+05 -0.85508525E+06 -0.78339306E+06 -0.81712979E+00 -0.12197655E+02 -0.11941770E+02  0.32584041E+06  0.84333203E+05 -0.11211506E+06 -0.17059636E+06 -0.26900706E+06 -0.15617205E+06 1989  237   22    1   36    0  0.79594350E+00  0.58392954E+00  0.15968767E+00  0.11809629E+00  0.10894296E+00 -0.98700798E+00 -0.59373999E+00  0.80446112E+00  0.17752528E-01
 1989  237   22    3   11 1000  0.75762906E+06  0.76999031E+06 -0.42729484E+06  0.94494766E+02 -0.71048759E+02 -0.69048219E+01 -0.28681805E+05 -0.85625619E+06 -0.78453944E+06 -0.81711727E+00 -0.12197294E+02 -0.11941441E+02  0.32682831E+06  0.80549453E+05 -0.11202175E+06 -0.17092380E+06 -0.26894944E+06 -0.15591306E+06 1989  237   22    3   11 1000  0.79598850E+00  0.58385730E+00  0.15972835E+00  0.11822057E+00  0.10884570E+00 -0.98700392E+00 -0.59365511E+00  0.80452681E+00  0.17616007E-01
 1989  237   22    4   48    0  0.76667038E+06  0.76311700E+06 -0.42795772E+06  0.93863937E+02 -0.72144386E+02 -0.69046431E+01 -0.28760246E+05 -0.85742712E+06 -0.78568581E+06 -0.81710482E+00 -0.12196936E+02 -0.11941112E+02  0.32777231E+06  0.76754180E+05 -0.11192831E+06 -0.17125098E+06 -0.26889144E+06 -0.15565388E+06 1989  237   22    4   48    0  0.79632962E+00  0.58306032E+00  0.16093431E+00  0.11918719E+00  0.10959163E+00 -0.98680496E+00 -0.59300387E+00  0.80500329E+00  0.17777752E-01
 1989  237   22    6   24    0  0.77565056E+06  0.75613881E+06 -0.42862056E+06  0.93220520E+02 -0.73234550E+02 -0.69044647E+01 -0.28838688E+05 -0.85859806E+06 -0.78683212E+06 -0.81709236E+00 -0.12196578E+02 -0.11940784E+02  0.32867222E+06  0.72947938E+05 -0.11183471E+06 -0.17157791E+06 -0.26883303E+06 -0.15539447E+06 1989  237   22    6   24    0  0.79591680E+00  0.58378196E+00  0.16035999E+00  0.11880293E+00  0.10912063E+00 -0.98690355E+00 -0.59363502E+00  0.80454421E+00  0.17495949E-01
 1989  237   22    8    0    0  0.78456831E+06  0.74905619E+06 -0.42928338E+06  0.92564568E+02 -0.74319122E+02 -0.69042864E+01 -0.28917129E+05 -0.85976888E+06 -0.78797844E+06 -0.81707990E+00 -0.12196221E+02 -0.11940457E+02  0.32952794E+06  0.69131227E+05 -0.11174093E+06 -0.17190459E+06 -0.26877425E+06 -0.15513484E+06 1989  237   22    8    0    0  0.79598230E+00  0.58368665E+00  0.16038056E+00  0.11891551E+00  0.10900596E+00 -0.98690259E+00 -0.59352434E+00  0.80462885E+00  0.17357416E-01
 1989  237   22    9   36    0  0.79342256E+06  0.74186969E+06 -0.42994619E+06  0.91896126E+02 -0.75397957E+02 -0.69041085E+01 -0.28995570E+05 -0.86093969E+06 -0.78912469E+06 -0.81706744E+00 -0.12195865E+02 -0.11940132E+02  0.33033934E+06  0.65304559E+05 -0.11164699E+06 -0.17223106E+06 -0.26871512E+06 -0.15487500E+06 1989  237   22    9   36    0  0.79618907E+00  0.58344853E+00  0.16022135E+00  0.11875717E+00  0.10896172E+00 -0.98692662E+00 -0.59327888E+00  0.80480760E+00  0.17465439E-01
 1989  237   22   11   11 1000  0.80221206E+06  0.73457994E+06 -0.43060897E+06  0.91215233E+02 -0.76470917E+02 -0.69039316E+01 -0.29074008E+05 -0.86211050E+06 -0.79027094E+06 -0.81705499E+00 -0.12195511E+02 -0.11939807E+02  0.33110631E+06  0.61468453E+05 -0.11155293E+06 -0.17255728E+06 -0.26865559E+06 -0.15461494E+06 1989  237   22   11   11 1000  0.79629135E+00  0.58333045E+00  0.16014302E+00  0.11867882E+00  0.10894068E+00 -0.98693836E+00 -0.59315729E+00  0.80489600E+00  0.17519556E-01
 1989  237   22   12   48    0  0.81093550E+06  0.72718744E+06 -0.43127172E+06  0.90521957E+02 -0.77537842E+02 -0.69037552E+01 -0.29152445E+05 -0.86328125E+06 -0.79141712E+06 -0.81704259E+00 -0.12195157E+02 -0.11939483E+02  0.33182878E+06  0.57623414E+05 -0.11145871E+06 -0.17288325E+06 -0.26859569E+06 -0.15435462E+06 1989  237   22   12   48    0  0.79644448E+00  0.58314383E+00  0.16006073E+00  0.11860582E+00  0.10890808E+00 -0.98695076E+00 -0.59296620E+00  0.80503559E+00  0.17574981E-01
 1989  237   22   14   24    0  0.81959181E+06  0.71969281E+06 -0.43193447E+06  0.89816345E+02 -0.78598602E+02 -0.69035788E+01 -0.29230881E+05 -0.86445200E+06 -0.79256331E+06 -0.81703019E+00 -0.12194804E+02 -0.11939159E+02  0.33250656E+06  0.53769961E+05 -0.11136430E+06 -0.17320900E+06 -0.26853538E+06 -0.15409412E+06 1989  237   22   14   24    0  0.79653287E+00  0.58302945E+00  0.16003786E+00  0.11852260E+00  0.10898685E+00 -0.98695201E+00 -0.59286410E+00  0.80510777E+00  0.17709456E-01
 1989  237   22   16    0    0  0.82817981E+06  0.71209675E+06 -0.43259722E+06  0.89098442E+02 -0.79653046E+02 -0.69034028E+01 -0.29309314E+05 -0.86562269E+06 -0.79370944E+06 -0.81701779E+00 -0.12194452E+02 -0.11938837E+02  0.33313962E+06  0.49908613E+05 -0.11126973E+06 -0.17353447E+06 -0.26847469E+06 -0.15383339E+06 1989  237   22   16    0    0  0.79673755E+00  0.58277190E+00  0.15995716E+00  0.11846396E+00  0.10894030E+00 -0.98696417E+00 -0.59260076E+00  0.80530053E+00  0.17759368E-01
 1989  237   22   17   36    0  0.83669831E+06  0.70439969E+06 -0.43325994E+06  0.88368309E+02 -0.80701050E+02 -0.69032278E+01 -0.29387748E+05 -0.86679331E+06 -0.79485556E+06 -0.81700546E+00 -0.12194102E+02 -0.11938516E+02  0.33372781E+06  0.46039895E+05 -0.11117502E+06 -0.17385969E+06 -0.26841366E+06 -0.15357242E+06 1989  237   22   17   36    0  0.79683048E+00  0.58268279E+00  0.15981945E+00  0.11838166E+00  0.10882366E+00 -0.98698699E+00 -0.59249246E+00  0.80538082E+00  0.17735060E-01
 1989  237   22   19   12    0  0.84514612E+06  0.69660238E+06 -0.43392262E+06  0.87625999E+02 -0.81742470E+02 -0.69030533E+01 -0.29466180E+05 -0.86796394E+06 -0.79600162E+06 -0.81699312E+00 -0.12193752E+02 -0.11938195E+02  0.33427109E+06  0.42164324E+05 -0.11108014E+06 -0.17418469E+06 -0.26835225E+06 -0.15331127E+06 1989  237   22   19   12    0  0.79685962E+00  0.58268464E+00  0.15966693E+00  0.11818559E+00  0.10883325E+00 -0.98700941E+00 -0.59249222E+00  0.80537820E+00  0.17859902E-01
 1989  237   22   20   47 1000  0.85352212E+06  0.68870538E+06 -0.43458531E+06  0.86871574E+02 -0.82777153E+02 -0.69028788E+01 -0.29544609E+05 -0.86913456E+06 -0.79714769E+06 -0.81698078E+00 -0.12193403E+02 -0.11937876E+02  0.33476941E+06  0.38282418E+05 -0.11098511E+06 -0.17450944E+06 -0.26829044E+06 -0.15304989E+06 1989  237   22   20   47 1000  0.79631734E+00  0.58342659E+00  0.15966347E+00  0.11807114E+00  0.10895513E+00 -0.98700970E+00 -0.59324384E+00  0.80482441E+00  0.17877035E-01
 1989  237   22   22   24    0  0.86182512E+06  0.68070938E+06 -0.43524800E+06  0.86105095E+02 -0.83804970E+02 -0.69027047E+01 -0.29623039E+05 -0.87030506E+06 -0.79829369E+06 -0.81696850E+00 -0.12193055E+02 -0.11937557E+02  0.33522262E+06  0.34394684E+05 -0.11088992E+06 -0.17483392E+06 -0.26822825E+06 -0.15278830E+06 1989  237   22   22   24    0  0.79672217E+00  0.58282959E+00  0.15982310E+00  0.11836521E+00  0.10884660E+00 -0.98698640E+00 -0.59264106E+00  0.80527151E+00  0.17733749E-01
 1989  237   22   24    0    0  0.87005400E+06  0.67261500E+06 -0.43591066E+06  0.85326614E+02 -0.84825783E+02 -0.69025316E+01 -0.29701467E+05 -0.87147556E+06 -0.79943975E+06 -0.81695616E+00 -0.12192709E+02 -0.11937240E+02  0.33563075E+06  0.30501664E+05 -0.11079460E+06 -0.17515820E+06 -0.26816569E+06 -0.15252652E+06 1989  237   22   24    0    0  0.79652852E+00  0.58303475E+00  0.16003960E+00  0.11852558E+00  0.10898551E+00 -0.98695177E+00 -0.59286922E+00  0.80510408E+00  0.17705534E-01
 1989  237   22   25   35 1000  0.87820750E+06  0.66442300E+06 -0.43657328E+06  0.84536201E+02 -0.85839447E+02 -0.69023585E+01 -0.29779895E+05 -0.87264606E+06 -0.80058569E+06 -0.81694394E+00 -0.12192363E+02 -0.11936922E+02  0.33599366E+06  0.26603900E+05 -0.11069910E+06 -0.17548223E+06 -0.26810275E+06 -0.15226452E+06 1989  237   22   25   35 1000  0.79627603E+00  0.58334500E+00  0.16016544E+00  0.11878030E+00  0.10884007E+00 -0.98693717E+00 -0.59315735E+00  0.80489898E+00  0.17376840E-01
 1989  237   22   27   12    0  0.88628450E+06  0.65613406E+06 -0.43723591E+06  0.83733932E+02 -0.86845825E+02 -0.69021859E+01 -0.29858320E+05 -0.87381656E+06 -0.80173162E+06 -0.81693166E+00 -0.12192018E+02 -0.11936606E+02  0.33631128E+06  0.22701900E+05 -0.11060345E+06 -0.17580598E+06 -0.26803944E+06 -0.15200225E+06 1989  237   22   27   12    0  0.79603183E+00  0.58362758E+00  0.16034956E+00  0.11903515E+00  0.10879374E+00 -0.98691165E+00 -0.59343392E+00  0.80470037E+00  0.17131064E-01
 1989  237   22   28   47 1000  0.89428400E+06  0.64774888E+06 -0.43789850E+06  0.82919853E+02 -0.87844780E+02 -0.69020143E+01 -0.29936744E+05 -0.87498694E+06 -0.80287750E+06 -0.81691945E+00 -0.12191673E+02 -0.11936291E+02  0.33658362E+06  0.18796184E+05 -0.11050766E+06 -0.17612948E+06 -0.26797572E+06 -0.15173978E+06 1989  237   22   28   47 1000  0.79584962E+00  0.58381069E+00  0.16058786E+00  0.11930311E+00  0.10882459E+00 -0.98687589E+00 -0.59362465E+00  0.80456340E+00  0.16957588E-01
 1989  237   22   30   24    0  0.90220475E+06  0.63926812E+06 -0.43856106E+06  0.82094048E+02 -0.88836182E+02 -0.69018426E+01 -0.30015168E+05 -0.87615731E+06 -0.80402338E+06 -0.81690723E+00 -0.12191331E+02 -0.11935976E+02  0.33681062E+06  0.14887284E+05 -0.11041170E+06 -0.17645273E+06 -0.26791166E+06 -0.15147712E+06 1989  237   22   30   24    0  0.79583472E+00  0.58376604E+00  0.16082402E+00  0.11960310E+00  0.10881650E+00 -0.98684049E+00 -0.59358424E+00  0.80459690E+00  0.16779739E-01
 1989  237   22   32    0    0  0.91004569E+06  0.63069256E+06 -0.43922362E+06  0.81256577E+02 -0.89819893E+02 -0.69016714E+01 -0.30093590E+05 -0.87732769E+06 -0.80516925E+06 -0.81689501E+00 -0.12190989E+02 -0.11935662E+02  0.33699225E+06  0.10975724E+05 -0.11031557E+06 -0.17677577E+06 -0.26784722E+06 -0.15121425E+06 1989  237   22   32    0    0  0.79596180E+00  0.58359218E+00  0.16082555E+00  0.11963007E+00  0.10878852E+00 -0.98684025E+00 -0.59340829E+00  0.80472672E+00  0.16776331E-01
 1989  237   22   33   36    0  0.91780562E+06  0.62202300E+06 -0.43988619E+06  0.80407509E+02 -0.90795761E+02 -0.69015007E+01 -0.30172012E+05 -0.87849800E+06 -0.80631500E+06 -0.81688279E+00 -0.12190648E+02 -0.11935349E+02  0.33712847E+06  0.70620264E+04 -0.11021928E+06 -0.17709855E+06 -0.26778238E+06 -0.15095116E+06 1989  237   22   33   36    0  0.79604918E+00  0.58347964E+00  0.16080162E+00  0.11954501E+00  0.10886764E+00 -0.98684186E+00 -0.59330821E+00  0.80479771E+00  0.16911920E-01
 1989  237   22   35   12    0  0.92548356E+06  0.61326000E+06 -0.44054872E+06  0.79546921E+02 -0.91763680E+02 -0.69013305E+01 -0.30250432E+05 -0.87966825E+06 -0.80746081E+06 -0.81687063E+00 -0.12190308E+02 -0.11935038E+02  0.33721925E+06  0.31467063E+04 -0.11012284E+06 -0.17742105E+06 -0.26771716E+06 -0.15068784E+06 1989  237   22   35   12    0  0.79617780E+00  0.58330399E+00  0.16080290E+00  0.11957389E+00  0.10883681E+00 -0.98684180E+00 -0.59312999E+00  0.80492926E+00  0.16905524E-01
 1989  237   22   36   47 1000  0.93307831E+06  0.60440456E+06 -0.44121125E+06  0.78674881E+02 -0.92723495E+02 -0.69011607E+01 -0.30328852E+05 -0.88083850E+06 -0.80860656E+06 -0.81685847E+00 -0.12189969E+02 -0.11934727E+02  0.33726456E+06 -0.76969299E+03 -0.11002625E+06 -0.17774333E+06 -0.26765159E+06 -0.15042431E+06 1989  237   22   36   47 1000  0.79618520E+00  0.58319581E+00  0.16115825E+00  0.11988199E+00  0.10902031E+00 -0.98678410E+00 -0.59305787E+00  0.80498278E+00  0.16885694E-01
 1989  237   22   38   24    0  0.94058881E+06  0.59545738E+06 -0.44187375E+06  0.77791473E+02 -0.93675072E+02 -0.69009910E+01 -0.30407270E+05 -0.88200875E+06 -0.80975225E+06 -0.81684631E+00 -0.12189631E+02 -0.11934417E+02  0.33726441E+06 -0.46866274E+04 -0.10992950E+06 -0.17806536E+06 -0.26758562E+06 -0.15016059E+06 1989  237   22   38   24    0  0.79616773E+00  0.58321738E+00  0.16116580E+00  0.11966752E+00  0.10932322E+00 -0.98677665E+00 -0.59312451E+00  0.80492598E+00  0.17247438E-01
 1989  237   22   40    0    0  0.94801394E+06  0.58641925E+06 -0.44253622E+06  0.76896782E+02 -0.94618286E+02 -0.69008222E+01 -0.30485688E+05 -0.88317894E+06 -0.81089794E+06 -0.81683421E+00 -0.12189293E+02 -0.11934107E+02  0.33721878E+06 -0.86035850E+04 -0.10983262E+06 -0.17838709E+06 -0.26751928E+06 -0.14989664E+06 1989  237   22   40    0    0  0.79634017E+00  0.58313560E+00  0.16060928E+00  0.11898950E+00  0.10931043E+00 -0.98686004E+00 -0.59302950E+00  0.80498707E+00  0.17661288E-01
 1989  237   22   41   36    0  0.95535262E+06  0.57729094E+06 -0.44319869E+06  0.75990868E+02 -0.95553009E+02 -0.69006538E+01 -0.30564104E+05 -0.88434906E+06 -0.81204362E+06 -0.81682211E+00 -0.12188956E+02 -0.11933799E+02  0.33712775E+06 -0.12520040E+05 -0.10973559E+06 -0.17870859E+06 -0.26745259E+06 -0.14963248E+06 1989  237   22   41   36    0  0.79656726E+00  0.58299100E+00  0.16000657E+00  0.11811867E+00  0.10948419E+00 -0.98694539E+00 -0.59289843E+00  0.80506814E+00  0.18349402E-01
 1989  237   22   43   12    0  0.96260375E+06  0.56807331E+06 -0.44386116E+06  0.75073822E+02 -0.96479103E+02 -0.69004855E+01 -0.30642518E+05 -0.88551919E+06 -0.81318925E+06 -0.81681001E+00 -0.12188622E+02 -0.11933491E+02  0.33699119E+06 -0.16435463E+05 -0.10963837E+06 -0.17902984E+06 -0.26738550E+06 -0.14936814E+06 1989  237   22   43   12    0  0.79662842E+00  0.58294493E+00  0.15987000E+00  0.11788152E+00  0.10957824E+00 -0.98696333E+00 -0.59286356E+00  0.80508870E+00  0.18574711E-01
 1989  237   22   44   47 1000  0.96976638E+06  0.55876725E+06 -0.44452359E+06  0.74145721E+02 -0.97396431E+02 -0.69003181E+01 -0.30720930E+05 -0.88668931E+06 -0.81433481E+06 -0.81679791E+00 -0.12188287E+02 -0.11933184E+02  0.33680916E+06 -0.20349328E+05 -0.10954099E+06 -0.17935088E+06 -0.26731797E+06 -0.14910358E+06 1989  237   22   44   47 1000  0.79666126E+00  0.58275652E+00  0.16039209E+00  0.11855796E+00  0.10954522E+00 -0.98688591E+00 -0.59268439E+00  0.80522954E+00  0.18180024E-01
 1989  237   22   46   24    0  0.97683938E+06  0.54937356E+06 -0.44518600E+06  0.73206650E+02 -0.98304878E+02 -0.69001508E+01 -0.30799342E+05 -0.88785938E+06 -0.81548044E+06 -0.81678587E+00 -0.12187953E+02 -0.11932878E+02  0.33658169E+06 -0.24261107E+05 -0.10944349E+06 -0.17967166E+06 -0.26725012E+06 -0.14883877E+06 1989  237   22   46   24    0  0.79671639E+00  0.58254910E+00  0.16087149E+00  0.11918364E+00  0.10950975E+00 -0.98681450E+00 -0.59248489E+00  0.80538452E+00  0.17817892E-01
 1989  237   22   48    0    0  0.98382175E+06  0.53989300E+06 -0.44584841E+06  0.72256691E+02 -0.99204308E+02 -0.68999839E+01 -0.30877754E+05 -0.88902938E+06 -0.81662594E+06 -0.81677383E+00 -0.12187620E+02 -0.11932572E+02  0.33630888E+06 -0.28170293E+05 -0.10934584E+06 -0.17999216E+06 -0.26718191E+06 -0.14857377E+06 1989  237   22   48    0    0  0.79673189E+00  0.58237398E+00  0.16142771E+00  0.11979783E+00  0.10961771E+00 -0.98672813E+00 -0.59234011E+00  0.80549645E+00  0.17568793E-01
 1989  237   22   49   36    0  0.99071238E+06  0.53032650E+06 -0.44651084E+06  0.71295929E+02 -0.10009459E+03 -0.68998179E+01 -0.30956164E+05 -0.89019944E+06 -0.81777144E+06 -0.81676179E+00 -0.12187288E+02 -0.11932268E+02  0.33599066E+06 -0.32076340E+05 -0.10924799E+06 -0.18031241E+06 -0.26711331E+06 -0.14830858E+06 1989  237   22   49   36    0  0.79687768E+00  0.58219719E+00  0.16134603E+00  0.11982560E+00  0.10944883E+00 -0.98674357E+00 -0.59213841E+00  0.80564725E+00  0.17455190E-01
 1989  237   22   51   11 1000  0.99751025E+06  0.52067506E+06 -0.44717322E+06  0.70324463E+02 -0.10097559E+03 -0.68996520E+01 -0.31034572E+05 -0.89136938E+06 -0.81891694E+06 -0.81674981E+00 -0.12186957E+02 -0.11931964E+02  0.33562706E+06 -0.35978699E+05 -0.10914998E+06 -0.18063238E+06 -0.26704434E+06 -0.14804316E+06 1989  237   22   51   11 1000  0.79690069E+00  0.58217543E+00  0.16131084E+00  0.11972836E+00  0.10952272E+00 -0.98674715E+00 -0.59212708E+00  0.80565286E+00  0.17575826E-01
 1989  237   22   52   48    0  0.10042143E+07  0.51093953E+06 -0.44783556E+06  0.69342377E+02 -0.10184720E+03 -0.68994865E+01 -0.31112979E+05 -0.89253925E+06 -0.82006244E+06 -0.81673783E+00 -0.12186627E+02 -0.11931662E+02  0.33521819E+06 -0.39876863E+05 -0.10905186E+06 -0.18095209E+06 -0.26697497E+06 -0.14777753E+06 1989  237   22   52   48    0  0.79688895E+00  0.58223230E+00  0.16116261E+00  0.11952141E+00  0.10955241E+00 -0.98676884E+00 -0.59218448E+00  0.80560768E+00  0.17711867E-01
 1989  237   22   54   24    0  0.10108236E+07  0.50112075E+06 -0.44849791E+06  0.68349762E+02 -0.10270927E+03 -0.68993216E+01 -0.31191385E+05 -0.89370919E+06 -0.82120781E+06 -0.81672585E+00 -0.12186298E+02 -0.11931359E+02  0.33476409E+06 -0.43770312E+05 -0.10895358E+06 -0.18127158E+06 -0.26690525E+06 -0.14751169E+06 1989  237   22   54   24    0  0.79690439E+00  0.58223987E+00  0.16106011E+00  0.11932039E+00  0.10965295E+00 -0.98678213E+00 -0.59220457E+00  0.80558866E+00  0.17909847E-01
 1989  237   22   56    0    0  0.10173371E+07  0.49121969E+06 -0.44916022E+06  0.67346695E+02 -0.10356170E+03 -0.68991566E+01 -0.31269789E+05 -0.89487906E+06 -0.82235319E+06 -0.81671387E+00 -0.12185970E+02 -0.11931058E+02  0.33426475E+06 -0.47658512E+05 -0.10885514E+06 -0.18159083E+06 -0.26683516E+06 -0.14724566E+06 1989  237   22   56    0    0  0.79693335E+00  0.58227158E+00  0.16080116E+00  0.11906661E+00  0.10956073E+00 -0.98682290E+00 -0.59221643E+00  0.80557817E+00  0.17983478E-01
 1989  237   22   57   36    0  0.10237539E+07  0.48123725E+06 -0.44982253E+06  0.66333290E+02 -0.10440436E+03 -0.68989921E+01 -0.31348193E+05 -0.89604888E+06 -0.82349856E+06 -0.81670189E+00 -0.12185643E+02 -0.11930758E+02  0.33372028E+06 -0.51540949E+05 -0.10875655E+06 -0.18190980E+06 -0.26676466E+06 -0.14697941E+06 1989  237   22   57   36    0  0.79696256E+00  0.58225805E+00  0.16070659E+00  0.11892386E+00  0.10959627E+00 -0.98683631E+00 -0.59220618E+00  0.80558324E+00  0.18099762E-01
 1989  237   22   59   11 1000  0.10300728E+07  0.47117441E+06 -0.45048484E+06  0.65309631E+02 -0.10523711E+03 -0.68988285E+01 -0.31426598E+05 -0.89721869E+06 -0.82464394E+06 -0.81668997E+00 -0.12185317E+02 -0.11930458E+02  0.33313078E+06 -0.55417094E+05 -0.10865780E+06 -0.18222848E+06 -0.26669378E+06 -0.14671294E+06 1989  237   22   59   11 1000  0.79691255E+00  0.58237970E+00  0.16051278E+00  0.11870879E+00  0.10955773E+00 -0.98686641E+00 -0.59231639E+00  0.80550045E+00  0.18174347E-01
 1989  237   23    0   48    0  0.10362930E+07  0.46103200E+06 -0.45114712E+06  0.64275810E+02 -0.10605986E+03 -0.68986654E+01 -0.31504998E+05 -0.89838850E+06 -0.82578925E+06 -0.81667805E+00 -0.12184992E+02 -0.11930160E+02  0.33249625E+06 -0.59286445E+05 -0.10855888E+06 -0.18254695E+06 -0.26662250E+06 -0.14644628E+06 1989  237   23    0   48    0  0.79696840E+00  0.58232224E+00  0.16044389E+00  0.11861776E+00  0.10956763E+00 -0.98687625E+00 -0.59225941E+00  0.80554068E+00  0.18248182E-01
 1989  237   23    2   24    0  0.10424134E+07  0.45081112E+06 -0.45180938E+06  0.63231941E+02 -0.10687246E+03 -0.68985023E+01 -0.31583398E+05 -0.89955825E+06 -0.82693456E+06 -0.81666619E+00 -0.12184667E+02 -0.11929861E+02  0.33181681E+06 -0.63148461E+05 -0.10845982E+06 -0.18286517E+06 -0.26655091E+06 -0.14617941E+06 1989  237   23    2   24    0  0.79697347E+00  0.58234698E+00  0.16032889E+00  0.11847061E+00  0.10957322E+00 -0.98689336E+00 -0.59228206E+00  0.80552202E+00  0.18335946E-01
 1989  237   23    4    0    0  0.10484328E+07  0.44051278E+06 -0.45247162E+06  0.62178120E+02 -0.10767479E+03 -0.68983397E+01 -0.31661799E+05 -0.90072794E+06 -0.82807981E+06 -0.81665432E+00 -0.12184343E+02 -0.11929564E+02  0.33109256E+06 -0.67002578E+05 -0.10836063E+06 -0.18318311E+06 -0.26647894E+06 -0.14591230E+06 1989  237   23    4    0    0  0.79693276E+00  0.58245242E+00  0.16014834E+00  0.11820206E+00  0.10963029E+00 -0.98691922E+00 -0.59239054E+00  0.80543810E+00  0.18520910E-01
 1989  237   23    5   36    0  0.10543505E+07  0.43013794E+06 -0.45313388E+06  0.61114433E+02 -0.10846674E+03 -0.68981776E+01 -0.31740195E+05 -0.90189762E+06 -0.82922500E+06 -0.81664246E+00 -0.12184020E+02 -0.11929267E+02  0.33032359E+06 -0.70848320E+05 -0.10826129E+06 -0.18350080E+06 -0.26640656E+06 -0.14564502E+06 1989  237   23    5   36    0  0.79696876E+00  0.58239305E+00  0.16018511E+00  0.11821330E+00  0.10967916E+00 -0.98691243E+00 -0.59233993E+00  0.80547434E+00  0.18564254E-01
 1989  237   23    7   11 1000  0.10601662E+07  0.41968753E+06 -0.45379609E+06  0.60040997E+02 -0.10924820E+03 -0.68980160E+01 -0.31818592E+05 -0.90306725E+06 -0.83037019E+06 -0.81663060E+00 -0.12183699E+02 -0.11928971E+02  0.32950994E+06 -0.74685180E+05 -0.10816176E+06 -0.18381820E+06 -0.26633381E+06 -0.14537755E+06 1989  237   23    7   11 1000  0.79686856E+00  0.58251792E+00  0.16023007E+00  0.11839750E+00  0.10949967E+00 -0.98691034E+00 -0.59243798E+00  0.80540848E+00  0.18288184E-01
 1989  237   23    8   48    0  0.10658784E+07  0.40916262E+06 -0.45445828E+06  0.58957912E+02 -0.11001904E+03 -0.68978548E+01 -0.31896988E+05 -0.90423688E+06 -0.83151531E+06 -0.81661874E+00 -0.12183377E+02 -0.11928677E+02  0.32865181E+06 -0.78512633E+05 -0.10806210E+06 -0.18413534E+06 -0.26626069E+06 -0.14510986E+06 1989  237   23    8   48    0  0.79680818E+00  0.58254671E+00  0.16042492E+00  0.11863479E+00  0.10950407E+00 -0.98688126E+00 -0.59247160E+00  0.80538702E+00  0.18143460E-01
 1989  237   23   10   24    0  0.10714860E+07  0.39856425E+06 -0.45512047E+06  0.57865276E+02 -0.11077914E+03 -0.68976936E+01 -0.31975383E+05 -0.90540644E+06 -0.83266044E+06 -0.81660694E+00 -0.12183057E+02 -0.11928383E+02  0.32774922E+06 -0.82330148E+05 -0.10796228E+06 -0.18445225E+06 -0.26618719E+06 -0.14484195E+06 1989  237   23   10   24    0  0.79674858E+00  0.58257210E+00  0.16062881E+00  0.11888322E+00  0.10950868E+00 -0.98685092E+00 -0.59250200E+00  0.80536813E+00  0.17992850E-01
 1989  237   23   12    0    0  0.10769881E+07  0.38789344E+06 -0.45578266E+06  0.56763203E+02 -0.11152840E+03 -0.68975329E+01 -0.32053777E+05 -0.90657600E+06 -0.83380556E+06 -0.81659514E+00 -0.12182737E+02 -0.11928089E+02  0.32680231E+06 -0.86137219E+05 -0.10786231E+06 -0.18476891E+06 -0.26611331E+06 -0.14457386E+06 1989  237   23   12    0    0  0.79673159E+00  0.58256710E+00  0.16073066E+00  0.11908436E+00  0.10940687E+00 -0.98683798E+00 -0.59248435E+00  0.80538547E+00  0.17793279E-01
 1989  237   23   13   36    0  0.10823844E+07  0.37715109E+06 -0.45644481E+06  0.55651794E+02 -0.11226670E+03 -0.68973732E+01 -0.32132170E+05 -0.90774556E+06 -0.83495069E+06 -0.81658340E+00 -0.12182419E+02 -0.11927796E+02  0.32581122E+06 -0.89933367E+05 -0.10776219E+06 -0.18508531E+06 -0.26603906E+06 -0.14430555E+06 1989  237   23   13   36    0  0.79662675E+00  0.58265483E+00  0.16093323E+00  0.11932227E+00  0.10942140E+00 -0.98680764E+00 -0.59257770E+00  0.80532008E+00  0.17644327E-01
 1989  237   23   15   11 1000  0.10876735E+07  0.36633847E+06 -0.45710694E+06  0.54531162E+02 -0.11299393E+03 -0.68972139E+01 -0.32210562E+05 -0.90891506E+06 -0.83609575E+06 -0.81657165E+00 -0.12182101E+02 -0.11927505E+02  0.32477609E+06 -0.93718008E+05 -0.10766191E+06 -0.18540144E+06 -0.26596444E+06 -0.14403705E+06 1989  237   23   15   11 1000  0.79663491E+00  0.58262718E+00  0.16099226E+00  0.11947346E+00  0.10931629E+00 -0.98680091E+00 -0.59253609E+00  0.80535430E+00  0.17476711E-01
 1989  237   23   16   48    0  0.10928541E+07  0.35545666E+06 -0.45776906E+06  0.53401424E+02 -0.11370997E+03 -0.68970547E+01 -0.32288953E+05 -0.91008450E+06 -0.83724081E+06 -0.81655991E+00 -0.12181785E+02 -0.11927214E+02  0.32369697E+06 -0.97490656E+05 -0.10756150E+06 -0.18571728E+06 -0.26588944E+06 -0.14376834E+06 1989  237   23   16   48    0  0.79658139E+00  0.58264685E+00  0.16118579E+00  0.11971052E+00  0.10931908E+00 -0.98677194E+00 -0.59256023E+00  0.80533969E+00  0.17332584E-01
 1989  237   23   18   24    0  0.10979258E+07  0.34450656E+06 -0.45843119E+06  0.52262688E+02 -0.11441470E+03 -0.68968954E+01 -0.32367342E+05 -0.91125394E+06 -0.83838575E+06 -0.81654817E+00 -0.12181469E+02 -0.11926924E+02  0.32257409E+06 -0.10125084E+06 -0.10746090E+06 -0.18603288E+06 -0.26581409E+06 -0.14349941E+06 1989  237   23   18   24    0  0.79654521E+00  0.58272237E+00  0.16109179E+00  0.11965607E+00  0.10923213E+00 -0.98678815E+00 -0.59261990E+00  0.80529690E+00  0.17282061E-01
 1989  237   23   20    0    0  0.11028879E+07  0.33348941E+06 -0.45909328E+06  0.51115059E+02 -0.11510803E+03 -0.68967366E+01 -0.32445729E+05 -0.91242338E+06 -0.83953075E+06 -0.81653643E+00 -0.12181153E+02 -0.11926634E+02  0.32140759E+06 -0.10499798E+06 -0.10736015E+06 -0.18634822E+06 -0.26573834E+06 -0.14323028E+06 1989  237   23   20    0    0  0.79652083E+00  0.58278751E+00  0.16097665E+00  0.11954886E+00  0.10918175E+00 -0.98680669E+00 -0.59267437E+00  0.80525655E+00  0.17293967E-01
 1989  237   23   21   36    0  0.11077394E+07  0.32240622E+06 -0.45975534E+06  0.49958652E+02 -0.11578985E+03 -0.68965788E+01 -0.32524115E+05 -0.91359275E+06 -0.84067569E+06 -0.81652474E+00 -0.12180840E+02 -0.11926345E+02  0.32019759E+06 -0.10873162E+06 -0.10725927E+06 -0.18666328E+06 -0.26566222E+06 -0.14296097E+06 1989  237   23   21   36    0  0.79657578E+00  0.58276296E+00  0.16079357E+00  0.11935596E+00  0.10913651E+00 -0.98683512E+00 -0.59263933E+00  0.80528057E+00  0.17379280E-01
 1989  237   23   23   12    0  0.11124795E+07  0.31125812E+06 -0.46041741E+06  0.48793598E+02 -0.11646004E+03 -0.68964214E+01 -0.32602502E+05 -0.91476206E+06 -0.84182062E+06 -0.81651306E+00 -0.12180526E+02 -0.11926057E+02  0.31894428E+06 -0.11245125E+06 -0.10715824E+06 -0.18697808E+06 -0.26558572E+06 -0.14269144E+06 1989  237   23   23   12    0  0.79654300E+00  0.58283925E+00  0.16067860E+00  0.11924699E+00  0.10908821E+00 -0.98685354E+00 -0.59270513E+00  0.80523175E+00  0.17391622E-01
 1989  237   23   24   47 1000  0.11171076E+07  0.30004631E+06 -0.46107947E+06  0.47619999E+02 -0.11711849E+03 -0.68962641E+01 -0.32680887E+05 -0.91593138E+06 -0.84296550E+06 -0.81650138E+00 -0.12180213E+02 -0.11925769E+02  0.31764775E+06 -0.11615638E+06 -0.10705705E+06 -0.18729264E+06 -0.26550884E+06 -0.14242172E+06 1989  237   23   24   47 1000  0.79654354E+00  0.58289301E+00  0.16048166E+00  0.11909799E+00  0.10895725E+00 -0.98688608E+00 -0.59273458E+00  0.80521065E+00  0.17367810E-01
 1989  237   23   26   24    0  0.11216228E+07  0.28877175E+06 -0.46174150E+06  0.46437962E+02 -0.11776512E+03 -0.68961072E+01 -0.32759270E+05 -0.91710069E+06 -0.84411031E+06 -0.81648976E+00 -0.12179901E+02 -0.11925483E+02  0.31630819E+06 -0.11984653E+06 -0.10695574E+06 -0.18760692E+06 -0.26543159E+06 -0.14215181E+06 1989  237   23   26   24    0  0.79652262E+00  0.58294612E+00  0.16039236E+00  0.11893709E+00  0.10902358E+00 -0.98689806E+00 -0.59279495E+00  0.80516315E+00  0.17505817E-01
 1989  237   23   28    0    0  0.11260238E+07  0.27743569E+06 -0.46240350E+06  0.45247627E+02 -0.11839981E+03 -0.68959508E+01 -0.32837652E+05 -0.91826994E+06 -0.84525519E+06 -0.81647813E+00 -0.12179590E+02 -0.11925197E+02  0.31492584E+06 -0.12352113E+06 -0.10685427E+06 -0.18792092E+06 -0.26535397E+06 -0.14188167E+06 1989  237   23   28    0    0  0.79650646E+00  0.58302534E+00  0.16018459E+00  0.11883071E+00  0.10881557E+00 -0.98693395E+00 -0.59283805E+00  0.80513394E+00  0.17390992E-01
 1989  237   23   29   35 1000  0.11303099E+07  0.26603931E+06 -0.46306550E+06  0.44049122E+02 -0.11902245E+03 -0.68957944E+01 -0.32916035E+05 -0.91943912E+06 -0.84640000E+06 -0.81646651E+00 -0.12179280E+02 -0.11924911E+02  0.31350088E+06 -0.12717970E+06 -0.10675261E+06 -0.18823467E+06 -0.26527597E+06 -0.14161133E+06 1989  237   23   29   35 1000  0.79657865E+00  0.58297133E+00  0.16002211E+00  0.11869854E+00  0.10872361E+00 -0.98695993E+00 -0.59276748E+00  0.80518556E+00  0.17409071E-01
 1989  237   23   31   12    0  0.11344804E+07  0.25458375E+06 -0.46372750E+06  0.42842552E+02 -0.11963295E+03 -0.68956385E+01 -0.32994418E+05 -0.92060831E+06 -0.84754475E+06 -0.81645489E+00 -0.12178971E+02 -0.11924627E+02  0.31203344E+06 -0.13082177E+06 -0.10665080E+06 -0.18854817E+06 -0.26519759E+06 -0.14134080E+06 1989  237   23   31   12    0  0.79652965E+00  0.58307570E+00  0.15988538E+00  0.11852913E+00  0.10871980E+00 -0.98698074E+00 -0.59286714E+00  0.80511039E+00  0.17487098E-01
 1989  237   23   32   47 1000  0.11385355E+07  0.24307019E+06 -0.46438947E+06  0.41628040E+02 -0.12023120E+03 -0.68954835E+01 -0.33072797E+05 -0.92177750E+06 -0.84868950E+06 -0.81644326E+00 -0.12178662E+02 -0.11924343E+02  0.31052369E+06 -0.13444686E+06 -0.10654886E+06 -0.18886139E+06 -0.26511881E+06 -0.14107008E+06 1989  237   23   32   47 1000  0.79655796E+00  0.58309323E+00  0.15968008E+00  0.11833075E+00  0.10864304E+00 -0.98701292E+00 -0.59286869E+00  0.80510801E+00  0.17542627E-01
 1989  237   23   34   24    0  0.11424735E+07  0.23149980E+06 -0.46505144E+06  0.40405724E+02 -0.12081711E+03 -0.68953285E+01 -0.33151172E+05 -0.92294669E+06 -0.84983425E+06 -0.81643170E+00 -0.12178354E+02 -0.11924061E+02  0.30897188E+06 -0.13805442E+06 -0.10644680E+06 -0.18917433E+06 -0.26503972E+06 -0.14079917E+06 1989  237   23   34   24    0  0.79658157E+00  0.58308583E+00  0.15958893E+00  0.11823364E+00  0.10862176E+00 -0.98702687E+00 -0.59285623E+00  0.80511624E+00  0.17585732E-01
 1989  237   23   36    0    0  0.11462930E+07  0.21987375E+06 -0.46571338E+06  0.39175720E+02 -0.12139058E+03 -0.68951740E+01 -0.33229547E+05 -0.92411575E+06 -0.85097894E+06 -0.81642014E+00 -0.12178048E+02 -0.11923779E+02  0.30737822E+06 -0.14164406E+06 -0.10634458E+06 -0.18948702E+06 -0.26496025E+06 -0.14052805E+06 1989  237   23   36    0    0  0.79654980E+00  0.58314425E+00  0.15953453E+00  0.11808197E+00  0.10873410E+00 -0.98703271E+00 -0.59292930E+00  0.80505878E+00  0.17753299E-01
 1989  237   23   37   36    0  0.11499946E+07  0.20819325E+06 -0.46637528E+06  0.37938148E+02 -0.12195152E+03 -0.68950200E+01 -0.33307926E+05 -0.92528481E+06 -0.85212356E+06 -0.81640863E+00 -0.12177742E+02 -0.11923496E+02  0.30574288E+06 -0.14521522E+06 -0.10624216E+06 -0.18979944E+06 -0.26488038E+06 -0.14025673E+06 1989  237   23   37   36    0  0.79650742E+00  0.58314490E+00  0.15974414E+00  0.11822332E+00  0.10889480E+00 -0.98699814E+00 -0.59295815E+00  0.80503672E+00  0.17794188E-01
 1989  237   23   39   12    0  0.11535771E+07  0.19645945E+06 -0.46703722E+06  0.36693142E+02 -0.12249982E+03 -0.68948660E+01 -0.33386301E+05 -0.92645394E+06 -0.85326825E+06 -0.81639713E+00 -0.12177437E+02 -0.11923216E+02  0.30406609E+06 -0.14876742E+06 -0.10613960E+06 -0.19011159E+06 -0.26480012E+06 -0.13998523E+06 1989  237   23   39   12    0  0.79650009E+00  0.58308256E+00  0.16000748E+00  0.11852710E+00  0.10892773E+00 -0.98695803E+00 -0.59290719E+00  0.80507731E+00  0.17649855E-01
 1989  237   23   40   47 1000  0.11570391E+07  0.18467359E+06 -0.46769912E+06  0.35440834E+02 -0.12303539E+03 -0.68947124E+01 -0.33464672E+05 -0.92762294E+06 -0.85441288E+06 -0.81638563E+00 -0.12177133E+02 -0.11922935E+02  0.30234809E+06 -0.15230022E+06 -0.10603691E+06 -0.19042347E+06 -0.26471950E+06 -0.13971350E+06 1989  237   23   40   47 1000  0.79639870E+00  0.58316118E+00  0.16022550E+00  0.11871050E+00  0.10904258E+00 -0.98692328E+00 -0.59300673E+00  0.80500478E+00  0.17614011E-01
 1989  237   23   42   24    0  0.11603812E+07  0.17283700E+06 -0.46836100E+06  0.34181351E+02 -0.12355815E+03 -0.68945594E+01 -0.33543047E+05 -0.92879194E+06 -0.85555744E+06 -0.81637412E+00 -0.12176828E+02 -0.11922656E+02  0.30058909E+06 -0.15581309E+06 -0.10593410E+06 -0.19073509E+06 -0.26463853E+06 -0.13944156E+06 1989  237   23   42   24    0  0.79640061E+00  0.58309853E+00  0.16044438E+00  0.11891660E+00  0.10913338E+00 -0.98688847E+00 -0.59296304E+00  0.80503792E+00  0.17573804E-01
 1989  237   23   44    0    0  0.11636022E+07  0.16095089E+06 -0.46902288E+06  0.32914833E+02 -0.12406799E+03 -0.68944068E+01 -0.33621418E+05 -0.92996088E+06 -0.85670200E+06 -0.81636262E+00 -0.12176526E+02 -0.11922378E+02  0.29878931E+06 -0.15930558E+06 -0.10583113E+06 -0.19104644E+06 -0.26455719E+06 -0.13916944E+06 1989  237   23   44    0    0  0.79629982E+00  0.58316028E+00  0.16071917E+00  0.11920132E+00  0.10920678E+00 -0.98684597E+00 -0.59304094E+00  0.80498326E+00  0.17447852E-01
 1989  237   23   45   36    0  0.11667008E+07  0.14901644E+06 -0.46968472E+06  0.31641407E+02 -0.12456483E+03 -0.68942547E+01 -0.33699785E+05 -0.93112981E+06 -0.85784650E+06 -0.81635118E+00 -0.12176224E+02 -0.11922099E+02  0.29694903E+06 -0.16277725E+06 -0.10572797E+06 -0.19135750E+06 -0.26447544E+06 -0.13889716E+06 1989  237   23   45   36    0  0.79630125E+00  0.58309811E+00  0.16093838E+00  0.11940818E+00  0.10929713E+00 -0.98681092E+00 -0.59299767E+00  0.80501598E+00  0.17406758E-01
 1989  237   23   47   12    0  0.11696768E+07  0.13703491E+06 -0.47034656E+06  0.30361200E+02 -0.12504858E+03 -0.68941031E+01 -0.33778156E+05 -0.93229869E+06 -0.85899106E+06 -0.81633973E+00 -0.12175922E+02 -0.11921823E+02  0.29506841E+06 -0.16622758E+06 -0.10562469E+06 -0.19166831E+06 -0.26439331E+06 -0.13862466E+06 1989  237   23   47   12    0  0.79627866E+00  0.58304739E+00  0.16123214E+00  0.11970541E+00  0.10938944E+00 -0.98676467E+00 -0.59296775E+00  0.80504012E+00  0.17310537E-01
 1989  237   23   48   48    0  0.11725298E+07  0.12500753E+06 -0.47100841E+06  0.29074350E+02 -0.12551916E+03 -0.68939514E+01 -0.33856523E+05 -0.93346756E+06 -0.86013550E+06 -0.81632829E+00 -0.12175622E+02 -0.11921546E+02  0.29314778E+06 -0.16965608E+06 -0.10552125E+06 -0.19197884E+06 -0.26431081E+06 -0.13835194E+06 1989  237   23   48   48    0  0.79623830E+00  0.58311862E+00  0.16117473E+00  0.11954950E+00  0.10950200E+00 -0.98677117E+00 -0.59305358E+00  0.80497330E+00  0.17478153E-01
 1989  237   23   50   24    0  0.11752588E+07  0.11293565E+06 -0.47167022E+06  0.27781002E+02 -0.12597647E+03 -0.68938003E+01 -0.33934891E+05 -0.93463644E+06 -0.86127994E+06 -0.81631690E+00 -0.12175323E+02 -0.11921269E+02  0.29118738E+06 -0.17306238E+06 -0.10541766E+06 -0.19228908E+06 -0.26422797E+06 -0.13807906E+06 1989  237   23   50   24    0  0.79619926E+00  0.58320618E+00  0.16105065E+00  0.11933678E+00  0.10957880E+00 -0.98678833E+00 -0.59314877E+00  0.80489939E+00  0.17648611E-01
 1989  237   23   52    0    0  0.11778638E+07  0.10082045E+06 -0.47233200E+06  0.26481276E+02 -0.12642044E+03 -0.68936496E+01 -0.34013258E+05 -0.93580525E+06 -0.86242444E+06 -0.81630552E+00 -0.12175024E+02 -0.11920995E+02  0.28918738E+06 -0.17644595E+06 -0.10531394E+06 -0.19259908E+06 -0.26414475E+06 -0.13780600E+06 1989  237   23   52    0    0  0.79616261E+00  0.58326131E+00  0.16103256E+00  0.11921597E+00  0.10971035E+00 -0.98678833E+00 -0.59322238E+00  0.80484158E+00  0.17813232E-01
 1989  237   23   53   36    0  0.11803438E+07  0.88663273E+05 -0.47299381E+06  0.25175320E+02 -0.12685098E+03 -0.68934989E+01 -0.34091621E+05 -0.93697400E+06 -0.86356881E+06 -0.81629413E+00 -0.12174726E+02 -0.11920720E+02  0.28714809E+06 -0.17980638E+06 -0.10521006E+06 -0.19290883E+06 -0.26406116E+06 -0.13753270E+06 1989  237   23   53   36    0  0.79627556E+00  0.58312660E+00  0.16096207E+00  0.11909156E+00  0.10976566E+00 -0.98679721E+00 -0.59309578E+00  0.80493164E+00  0.17958265E-01
 1989  237   23   55   11 1000  0.11826976E+07  0.76465477E+05 -0.47365556E+06  0.23863281E+02 -0.12726800E+03 -0.68933487E+01 -0.34169984E+05 -0.93814275E+06 -0.86471319E+06 -0.81628275E+00 -0.12174428E+02 -0.11920446E+02  0.28506988E+06 -0.18314314E+06 -0.10510602E+06 -0.19321830E+06 -0.26397719E+06 -0.13725920E+06 1989  237   23   55   11 1000  0.79625654E+00  0.58318669E+00  0.16083761E+00  0.11894108E+00  0.10975821E+00 -0.98681617E+00 -0.59315133E+00  0.80488908E+00  0.18030833E-01
 1989  237   23   56   48    0  0.11849251E+07  0.64228297E+05 -0.47431731E+06  0.22545286E+02 -0.12767144E+03 -0.68931990E+01 -0.34248348E+05 -0.93931150E+06 -0.86585756E+06 -0.81627136E+00 -0.12174131E+02 -0.11920174E+02  0.28295294E+06 -0.18645583E+06 -0.10500184E+06 -0.19352745E+06 -0.26389284E+06 -0.13698552E+06 1989  237   23   56   48    0  0.79623294E+00  0.58325320E+00  0.16071407E+00  0.11877696E+00  0.10977067E+00 -0.98683465E+00 -0.59321606E+00  0.80483925E+00  0.18125974E-01
 1989  237   23   58   24    0  0.11870256E+07  0.51953039E+05 -0.47497906E+06  0.21221478E+02 -0.12806120E+03 -0.68930497E+01 -0.34326707E+05 -0.94048025E+06 -0.86700188E+06 -0.81626004E+00 -0.12173836E+02 -0.11919901E+02  0.28079753E+06 -0.18974397E+06 -0.10489752E+06 -0.19383636E+06 -0.26380812E+06 -0.13671167E+06 1989  237   23   58   24    0  0.79621434E+00  0.58325851E+00  0.16078633E+00  0.11882250E+00  0.10983016E+00 -0.98682249E+00 -0.59323180E+00  0.80482721E+00  0.18144093E-01
 1989  238    0    0    0    0  0.11889991E+07  0.39641020E+05 -0.47564078E+06  0.19892010E+02 -0.12843723E+03 -0.68929009E+01 -0.34405066E+05 -0.94164888E+06 -0.86814619E+06 -0.81624871E+00 -0.12173541E+02 -0.11919629E+02  0.27860397E+06 -0.19300714E+06 -0.10479305E+06 -0.19414498E+06 -0.26372303E+06 -0.13643761E+06 1989  238    0    0    0    0  0.79620522E+00  0.58320278E+00  0.16103347E+00  0.11913778E+00  0.10982011E+00 -0.98678553E+00 -0.59318078E+00  0.80486894E+00  0.17957870E-01
 1989  238    0    1   36    0  0.11908450E+07  0.27293566E+05 -0.47630247E+06  0.18557013E+02 -0.12879941E+03 -0.68927522E+01 -0.34483426E+05 -0.94281750E+06 -0.86929044E+06 -0.81623745E+00 -0.12173246E+02 -0.11919358E+02  0.27637256E+06 -0.19624492E+06 -0.10468843E+06 -0.19445333E+06 -0.26363756E+06 -0.13616336E+06 1989  238    0    1   36    0  0.79626852E+00  0.58303994E+00  0.16130987E+00  0.11950536E+00  0.10979217E+00 -0.98674423E+00 -0.59302187E+00  0.80499071E+00  0.17747641E-01
 1989  238    0    3   11 1000  0.11925620E+07  0.14912008E+05 -0.47696416E+06  0.17216629E+02 -0.12914771E+03 -0.68926039E+01 -0.34561785E+05 -0.94398612E+06 -0.87043469E+06 -0.81622618E+00 -0.12172953E+02 -0.11919087E+02  0.27410353E+06 -0.19945684E+06 -0.10458365E+06 -0.19476142E+06 -0.26355175E+06 -0.13588892E+06 1989  238    0    3   11 1000  0.79621303E+00  0.58306593E+00  0.16149010E+00  0.11969508E+00  0.10983689E+00 -0.98671627E+00 -0.59305823E+00  0.80496585E+00  0.17663442E-01
 1989  238    0    4   48    0  0.11941499E+07  0.24976189E+04 -0.47762588E+06  0.15871015E+02 -0.12948203E+03 -0.68924561E+01 -0.34640145E+05 -0.94515475E+06 -0.87157894E+06 -0.81621492E+00 -0.12172660E+02 -0.11918818E+02  0.27179722E+06 -0.20264245E+06 -0.10447870E+06 -0.19506923E+06 -0.26346550E+06 -0.13561430E+06 1989  238    0    4   48    0  0.79620844E+00  0.58306932E+00  0.16150047E+00  0.11958858E+00  0.10999876E+00 -0.98671114E+00 -0.59308577E+00  0.80494130E+00  0.17853495E-01
 1989  238    0    6   24    0  0.11956089E+07 -0.99481895E+04 -0.47828756E+06  0.14520308E+02 -0.12980232E+03 -0.68923087E+01 -0.34718500E+05 -0.94632331E+06 -0.87272312E+06 -0.81620365E+00 -0.12172368E+02 -0.11918550E+02  0.26945394E+06 -0.20580134E+06 -0.10437364E+06 -0.19537675E+06 -0.26337891E+06 -0.13533947E+06 1989  238    0    6   24    0  0.79629517E+00  0.58303934E+00  0.16118115E+00  0.11919798E+00  0.10999295E+00 -0.98675913E+00 -0.59304810E+00  0.80496389E+00  0.18089738E-01
 1989  238    0    8    0    0  0.11969379E+07 -0.22424006E+05 -0.47894922E+06  0.13164658E+02 -0.13010849E+03 -0.68921618E+01 -0.34796855E+05 -0.94749181E+06 -0.87386725E+06 -0.81619239E+00 -0.12172076E+02 -0.11918281E+02  0.26707403E+06 -0.20893309E+06 -0.10426845E+06 -0.19568400E+06 -0.26329197E+06 -0.13506444E+06 1989  238    0    8    0    0  0.79629159E+00  0.58308327E+00  0.16104016E+00  0.11894745E+00  0.11009426E+00 -0.98677802E+00 -0.59310329E+00  0.80491817E+00  0.18310867E-01
 1989  238    0    9   36    0  0.11981362E+07 -0.34928535E+05 -0.47961084E+06  0.11804213E+02 -0.13040048E+03 -0.68920150E+01 -0.34875211E+05 -0.94866031E+06 -0.87501138E+06 -0.81618118E+00 -0.12171786E+02 -0.11918014E+02  0.26465781E+06 -0.21203727E+06 -0.10416311E+06 -0.19599097E+06 -0.26320466E+06 -0.13478922E+06 1989  238    0    9   36    0  0.79634941E+00  0.58311605E+00  0.16063441E+00  0.11880167E+00  0.10960837E+00 -0.98684967E+00 -0.59305471E+00  0.80496073E+00  0.18011414E-01
 1989  238    0   11   11 1000  0.11992042E+07 -0.47460414E+05 -0.48027247E+06  0.10439119E+02 -0.13067824E+03 -0.68918691E+01 -0.34953562E+05 -0.94982881E+06 -0.87615550E+06 -0.81616998E+00 -0.12171496E+02 -0.11917747E+02  0.26220550E+06 -0.21511341E+06 -0.10405758E+06 -0.19629769E+06 -0.26311697E+06 -0.13451381E+06 1989  238    0   11   11 1000  0.79647857E+00  0.58289742E+00  0.16078694E+00  0.11862704E+00  0.11011033E+00 -0.98681474E+00 -0.59291607E+00  0.80505049E+00  0.18553123E-01
 1989  238    0   12   48    0  0.12001406E+07 -0.60018262E+05 -0.48093409E+06  0.90695276E+01 -0.13094168E+03 -0.68917232E+01 -0.35031914E+05 -0.95099725E+06 -0.87729962E+06 -0.81615877E+00 -0.12171207E+02 -0.11917480E+02  0.25971750E+06 -0.21816116E+06 -0.10395192E+06 -0.19660412E+06 -0.26302891E+06 -0.13423825E+06 1989  238    0   12   48    0  0.79648328E+00  0.58289355E+00  0.16077760E+00  0.11857110E+00  0.11017070E+00 -0.98681474E+00 -0.59292090E+00  0.80504501E+00  0.18634792E-01
 1989  238    0   14   24    0  0.12009450E+07 -0.72600688E+05 -0.48159569E+06  0.76955867E+01 -0.13119075E+03 -0.68915772E+01 -0.35110266E+05 -0.95216569E+06 -0.87844369E+06 -0.81614757E+00 -0.12170919E+02 -0.11917214E+02  0.25719416E+06 -0.22118006E+06 -0.10384613E+06 -0.19691025E+06 -0.26294047E+06 -0.13396250E+06 1989  238    0   14   24    0  0.79626739E+00  0.58316994E+00  0.16084468E+00  0.11853534E+00  0.11032125E+00 -0.98680222E+00 -0.59321797E+00  0.80482423E+00  0.18718962E-01
 1989  238    0   16    0    0  0.12016180E+07 -0.85206375E+05 -0.48225725E+06  0.63174486E+01 -0.13142538E+03 -0.68914318E+01 -0.35188613E+05 -0.95333406E+06 -0.87958769E+06 -0.81613642E+00 -0.12170631E+02 -0.11916949E+02  0.25463578E+06 -0.22416973E+06 -0.10374016E+06 -0.19721612E+06 -0.26285166E+06 -0.13368653E+06 1989  238    0   16    0    0  0.79616171E+00  0.58334219E+00  0.16074346E+00  0.11845767E+00  0.11024977E+00 -0.98681957E+00 -0.59337538E+00  0.80470926E+00  0.18675301E-01
 1989  238    0   17   36    0  0.12021584E+07 -0.97833953E+05 -0.48291881E+06  0.49352589E+01 -0.13164551E+03 -0.68912868E+01 -0.35266961E+05 -0.95450250E+06 -0.88073169E+06 -0.81612527E+00 -0.12170344E+02 -0.11916685E+02  0.25204267E+06 -0.22712975E+06 -0.10363407E+06 -0.19752172E+06 -0.26276250E+06 -0.13341038E+06 1989  238    0   17   36    0  0.79605037E+00  0.58349347E+00  0.16074555E+00  0.11848274E+00  0.11021335E+00 -0.98682058E+00 -0.59351969E+00  0.80460453E+00  0.18601470E-01
 1989  238    0   19   12    0  0.12025658E+07 -0.11048193E+06 -0.48358038E+06  0.35491767E+01 -0.13185109E+03 -0.68911419E+01 -0.35345309E+05 -0.95567081E+06 -0.88187569E+06 -0.81611413E+00 -0.12170058E+02 -0.11916422E+02  0.24941522E+06 -0.23005975E+06 -0.10352785E+06 -0.19782703E+06 -0.26267297E+06 -0.13313403E+06 1989  238    0   19   12    0  0.79599941E+00  0.58352667E+00  0.16087756E+00  0.11881207E+00  0.10998753E+00 -0.98680615E+00 -0.59352219E+00  0.80461133E+00  0.18219993E-01
 1989  238    0   20   47 1000  0.12028398E+07 -0.12314890E+06 -0.48424194E+06  0.21593618E+01 -0.13204205E+03 -0.68909974E+01 -0.35423656E+05 -0.95683912E+06 -0.88301969E+06 -0.81610304E+00 -0.12169773E+02 -0.11916159E+02  0.24675378E+06 -0.23295928E+06 -0.10342148E+06 -0.19813205E+06 -0.26258300E+06 -0.13285748E+06 1989  238    0   20   47 1000  0.79628432E+00  0.58318877E+00  0.16069260E+00  0.11878739E+00  0.10972288E+00 -0.98683864E+00 -0.59314489E+00  0.80489236E+00  0.18095136E-01
 1989  238    0   22   24    0  0.12029801E+07 -0.13583350E+06 -0.48490347E+06  0.76596236E+00 -0.13221834E+03 -0.68908534E+01 -0.35502004E+05 -0.95800744E+06 -0.88416362E+06 -0.81609190E+00 -0.12169489E+02 -0.11915895E+02  0.24405870E+06 -0.23582795E+06 -0.10331495E+06 -0.19843680E+06 -0.26249272E+06 -0.13258077E+06 1989  238    0   22   24    0  0.79648894E+00  0.58297884E+00  0.16044030E+00  0.11873147E+00  0.10938227E+00 -0.98688322E+00 -0.59288132E+00  0.80509084E+00  0.17903827E-01
 1989  238    0   24    0    0  0.12029865E+07 -0.14853431E+06 -0.48556497E+06 -0.63086647E+00 -0.13237993E+03 -0.68907099E+01 -0.35580348E+05 -0.95917569E+06 -0.88530750E+06 -0.81608087E+00 -0.12169205E+02 -0.11915634E+02  0.24133030E+06 -0.23866542E+06 -0.10320825E+06 -0.19874130E+06 -0.26240206E+06 -0.13230386E+06 1989  238    0   24    0    0  0.79676634E+00  0.58269107E+00  0.16010751E+00  0.11858776E+00  0.10902810E+00 -0.98693961E+00 -0.59253716E+00  0.80534708E+00  0.17769884E-01
 1989  238    0   25   35 1000  0.12028584E+07 -0.16124994E+06 -0.48622647E+06 -0.20309701E+01 -0.13252673E+03 -0.68905668E+01 -0.35658691E+05 -0.96034388E+06 -0.88645138E+06 -0.81606978E+00 -0.12168921E+02 -0.11915373E+02  0.23856897E+06 -0.24147125E+06 -0.10310144E+06 -0.19904548E+06 -0.26231103E+06 -0.13202677E+06 1989  238    0   25   35 1000  0.79689455E+00  0.58260769E+00  0.15977277E+00  0.11841239E+00  0.10870589E+00 -0.98699629E+00 -0.59239984E+00  0.80545104E+00  0.17639164E-01
 1989  238    0   27   12    0  0.12025964E+07 -0.17397894E+06 -0.48688797E+06 -0.34341917E+01 -0.13265871E+03 -0.68904238E+01 -0.35737031E+05 -0.96151206E+06 -0.88759525E+06 -0.81605875E+00 -0.12168639E+02 -0.11915112E+02  0.23577508E+06 -0.24424509E+06 -0.10299447E+06 -0.19934939E+06 -0.26221966E+06 -0.13174948E+06 1989  238    0   27   12    0  0.79683053E+00  0.58276999E+00  0.15949982E+00  0.11819750E+00  0.10853247E+00 -0.98704106E+00 -0.59252882E+00  0.80535692E+00  0.17600019E-01
 1989  238    0   28   47 1000  0.12021992E+07 -0.18671991E+06 -0.48754944E+06 -0.48403740E+01 -0.13277580E+03 -0.68902812E+01 -0.35815371E+05 -0.96268025E+06 -0.88873912E+06 -0.81604773E+00 -0.12168357E+02 -0.11914853E+02  0.23294902E+06 -0.24698653E+06 -0.10288734E+06 -0.19965305E+06 -0.26212791E+06 -0.13147202E+06 1989  238    0   28   47 1000  0.79671186E+00  0.58291650E+00  0.15955807E+00  0.11817484E+00  0.10865604E+00 -0.98703021E+00 -0.59269315E+00  0.80523425E+00  0.17681509E-01
 1989  238    0   30   24    0  0.12016671E+07 -0.19947147E+06 -0.48821091E+06 -0.62493668E+01 -0.13287798E+03 -0.68901391E+01 -0.35893711E+05 -0.96384844E+06 -0.88988294E+06 -0.81603670E+00 -0.12168077E+02 -0.11914594E+02  0.23009111E+06 -0.24969528E+06 -0.10278009E+06 -0.19995639E+06 -0.26203575E+06 -0.13119436E+06 1989  238    0   30   24    0  0.79659086E+00  0.58302259E+00  0.15977465E+00  0.11835158E+00  0.10877652E+00 -0.98699582E+00 -0.59282053E+00  0.80514133E+00  0.17648727E-01
 1989  238    0   32    0    0  0.12009995E+07 -0.21223209E+06 -0.48887238E+06 -0.76610036E+01 -0.13296519E+03 -0.68899970E+01 -0.35972051E+05 -0.96501656E+06 -0.89102675E+06 -0.81602567E+00 -0.12167796E+02 -0.11914335E+02  0.22720178E+06 -0.25237091E+06 -0.10267268E+06 -0.20025945E+06 -0.26194320E+06 -0.13091654E+06 1989  238    0   32    0    0  0.79633486E+00  0.58328092E+00  0.16010703E+00  0.11850031E+00  0.10912417E+00 -0.98693955E+00 -0.59313452E+00  0.80490708E+00  0.17780416E-01
 1989  238    0   33   36    0  0.12001959E+07 -0.22500034E+06 -0.48953378E+06 -0.90751190E+01 -0.13303741E+03 -0.68898554E+01 -0.36050391E+05 -0.96618462E+06 -0.89217050E+06 -0.81601465E+00 -0.12167516E+02 -0.11914077E+02  0.22428144E+06 -0.25501300E+06 -0.10256512E+06 -0.20056222E+06 -0.26185033E+06 -0.13063854E+06 1989  238    0   33   36    0  0.79628956E+00  0.58328313E+00  0.16032426E+00  0.11869384E+00  0.10922681E+00 -0.98690492E+00 -0.59315664E+00  0.80489153E+00  0.17744057E-01
 1989  238    0   35   12    0  0.11992568E+07 -0.23777480E+06 -0.49019519E+06 -0.10491559E+02 -0.13309457E+03 -0.68897142E+01 -0.36128727E+05 -0.96735269E+06 -0.89331425E+06 -0.81600368E+00 -0.12167237E+02 -0.11913819E+02  0.22133041E+06 -0.25762128E+06 -0.10245743E+06 -0.20086472E+06 -0.26175708E+06 -0.13036032E+06 1989  238    0   35   12    0  0.79609090E+00  0.58349425E+00  0.16054183E+00  0.11885528E+00  0.10936586E+00 -0.98686999E+00 -0.59339082E+00  0.80471945E+00  0.17713789E-01
 1989  238    0   36   47 1000  0.11981816E+07 -0.25055398E+06 -0.49085659E+06 -0.11910165E+02 -0.13313663E+03 -0.68895731E+01 -0.36207062E+05 -0.96852075E+06 -0.89445794E+06 -0.81599271E+00 -0.12166959E+02 -0.11913563E+02  0.21834909E+06 -0.26019538E+06 -0.10234959E+06 -0.20116694E+06 -0.26166348E+06 -0.13008195E+06 1989  238    0   36   47 1000  0.79597521E+00  0.58357620E+00  0.16081713E+00  0.11903438E+00  0.10958262E+00 -0.98682439E+00 -0.59351003E+00  0.80463064E+00  0.17759416E-01
 1989  238    0   38   24    0  0.11969700E+07 -0.26333650E+06 -0.49151797E+06 -0.13330775E+02 -0.13316354E+03 -0.68894324E+01 -0.36285398E+05 -0.96968875E+06 -0.89560162E+06 -0.81598175E+00 -0.12166681E+02 -0.11913307E+02  0.21533791E+06 -0.26273491E+06 -0.10224159E+06 -0.20146888E+06 -0.26156952E+06 -0.12980338E+06 1989  238    0   38   24    0  0.79596585E+00  0.58351338E+00  0.16109182E+00  0.11923611E+00  0.10977321E+00 -0.98677891E+00 -0.59348226E+00  0.80465025E+00  0.17799854E-01
 1989  238    0   40    0    0  0.11956219E+07 -0.27612088E+06 -0.49217934E+06 -0.14753228E+02 -0.13317531E+03 -0.68892922E+01 -0.36363730E+05 -0.97085675E+06 -0.89674531E+06 -0.81597084E+00 -0.12166405E+02 -0.11913052E+02  0.21229723E+06 -0.26523953E+06 -0.10213346E+06 -0.20177053E+06 -0.26147514E+06 -0.12952459E+06 1989  238    0   40    0    0  0.79609346E+00  0.58325696E+00  0.16138943E+00  0.11956917E+00  0.10983137E+00 -0.98673218E+00 -0.59324402E+00  0.80482823E+00  0.17696492E-01
 1989  238    0   41   36    0  0.11941372E+07 -0.28890566E+06 -0.49284072E+06 -0.16177357E+02 -0.13317188E+03 -0.68891521E+01 -0.36442062E+05 -0.97202469E+06 -0.89788894E+06 -0.81595993E+00 -0.12166128E+02 -0.11912797E+02  0.20922753E+06 -0.26770894E+06 -0.10202521E+06 -0.20207191E+06 -0.26138041E+06 -0.12924566E+06 1989  238    0   41   36    0  0.79618692E+00  0.58309817E+00  0.16150285E+00  0.11958782E+00  0.11000276E+00 -0.98671085E+00 -0.59311503E+00  0.80491990E+00  0.17851330E-01
 1989  238    0   43   12    0  0.11925156E+07 -0.30168944E+06 -0.49350209E+06 -0.17603010E+02 -0.13315318E+03 -0.68890123E+01 -0.36520398E+05 -0.97319262E+06 -0.89903256E+06 -0.81594902E+00 -0.12165853E+02 -0.11912543E+02  0.20612916E+06 -0.27014278E+06 -0.10191680E+06 -0.20237300E+06 -0.26128531E+06 -0.12896656E+06 1989  238    0   43   12    0  0.79638380E+00  0.58284169E+00  0.16145775E+00  0.11942638E+00  0.11015567E+00 -0.98671329E+00 -0.59288317E+00  0.80508471E+00  0.18119529E-01
 1989  238    0   44   47 1000  0.11907575E+07 -0.31447066E+06 -0.49416344E+06 -0.19030029E+02 -0.13311923E+03 -0.68888731E+01 -0.36598727E+05 -0.97436056E+06 -0.90017612E+06 -0.81593817E+00 -0.12165578E+02 -0.11912290E+02  0.20300250E+06 -0.27254072E+06 -0.10180823E+06 -0.20267378E+06 -0.26118984E+06 -0.12868724E+06 1989  238    0   44   47 1000  0.79662496E+00  0.58253980E+00  0.16135724E+00  0.11927445E+00  0.11020435E+00 -0.98672622E+00 -0.59258956E+00  0.80529648E+00  0.18309437E-01
 1989  238    0   46   24    0  0.11888624E+07 -0.32724784E+06 -0.49482475E+06 -0.20458231E+02 -0.13306999E+03 -0.68887343E+01 -0.36677055E+05 -0.97552844E+06 -0.90131969E+06 -0.81592727E+00 -0.12165303E+02 -0.11912036E+02  0.19984803E+06 -0.27490241E+06 -0.10169955E+06 -0.20297427E+06 -0.26109403E+06 -0.12840774E+06 1989  238    0   46   24    0  0.79678530E+00  0.58229023E+00  0.16146617E+00  0.11930566E+00  0.11035487E+00 -0.98670566E+00 -0.59236759E+00  0.80545640E+00  0.18458616E-01
 1989  238    0   48    0    0  0.11868298E+07 -0.34001956E+06 -0.49548606E+06 -0.21887453E+02 -0.13300540E+03 -0.68885961E+01 -0.36755383E+05 -0.97669625E+06 -0.90246325E+06 -0.81591642E+00 -0.12165030E+02 -0.11911784E+02  0.19666616E+06 -0.27722753E+06 -0.10159070E+06 -0.20327448E+06 -0.26099783E+06 -0.12812809E+06 1989  238    0   48    0    0  0.79692298E+00  0.58219284E+00  0.16113685E+00  0.11913298E+00  0.11003882E+00 -0.98676169E+00 -0.59221697E+00  0.80556989E+00  0.18334080E-01
 1989  238    0   49   36    0  0.11846596E+07 -0.35278434E+06 -0.49614738E+06 -0.23317543E+02 -0.13292548E+03 -0.68884578E+01 -0.36833711E+05 -0.97786406E+06 -0.90360681E+06 -0.81590557E+00 -0.12164758E+02 -0.11911532E+02  0.19345731E+06 -0.27951581E+06 -0.10148170E+06 -0.20357442E+06 -0.26090127E+06 -0.12784824E+06 1989  238    0   49   36    0  0.79640281E+00  0.58296299E+00  0.16092472E+00  0.11881986E+00  0.11007780E+00 -0.98679519E+00 -0.59297931E+00  0.80500746E+00  0.18398691E-01
 1989  238    0   51   11 1000  0.11823526E+07 -0.36554075E+06 -0.49680866E+06 -0.24748327E+02 -0.13283015E+03 -0.68883195E+01 -0.36912039E+05 -0.97903188E+06 -0.90475025E+06 -0.81589478E+00 -0.12164485E+02 -0.11911281E+02  0.19022191E+06 -0.28176691E+06 -0.10137258E+06 -0.20387408E+06 -0.26080433E+06 -0.12756820E+06 1989  238    0   51   11 1000  0.79699761E+00  0.58217323E+00  0.16083947E+00  0.11884326E+00  0.10993291E+00 -0.98680854E+00 -0.59217501E+00  0.80559862E+00  0.18428914E-01
 1989  238    0   52   48    0  0.11799084E+07 -0.37828725E+06 -0.49746991E+06 -0.26179644E+02 -0.13271945E+03 -0.68881817E+01 -0.36990363E+05 -0.98019969E+06 -0.90589375E+06 -0.81588393E+00 -0.12164214E+02 -0.11911031E+02  0.18696034E+06 -0.28398050E+06 -0.10126329E+06 -0.20417345E+06 -0.26070702E+06 -0.12728802E+06 1989  238    0   52   48    0  0.79696393E+00  0.58229470E+00  0.16056652E+00  0.11863372E+00  0.10975359E+00 -0.98685372E+00 -0.59226239E+00  0.80553532E+00  0.18389862E-01
 1989  238    0   54   24    0  0.11773262E+07 -0.39102238E+06 -0.49813116E+06 -0.27611332E+02 -0.13259331E+03 -0.68880444E+01 -0.37068688E+05 -0.98136744E+06 -0.90703719E+06 -0.81587315E+00 -0.12163943E+02 -0.11910781E+02  0.18367311E+06 -0.28615628E+06 -0.10115385E+06 -0.20447255E+06 -0.26060936E+06 -0.12700764E+06 1989  238    0   54   24    0  0.79696703E+00  0.58231300E+00  0.16048476E+00  0.11853094E+00  0.10975496E+00 -0.98686594E+00 -0.59227884E+00  0.80552191E+00  0.18448997E-01
 1989  238    0   56    0    0  0.11746066E+07 -0.40374472E+06 -0.49879241E+06 -0.29043226E+02 -0.13245172E+03 -0.68879075E+01 -0.37147012E+05 -0.98253519E+06 -0.90818062E+06 -0.81586236E+00 -0.12163673E+02 -0.11910531E+02  0.18036061E+06 -0.28829403E+06 -0.10104429E+06 -0.20477133E+06 -0.26051131E+06 -0.12672708E+06 1989  238    0   56    0    0  0.79691952E+00  0.58240986E+00  0.16036916E+00  0.11852096E+00  0.10957017E+00 -0.98688769E+00 -0.59234476E+00  0.80547702E+00  0.18290840E-01
 1989  238    0   57   36    0  0.11717495E+07 -0.41645269E+06 -0.49945366E+06 -0.30475155E+02 -0.13229468E+03 -0.68877711E+01 -0.37225332E+05 -0.98370288E+06 -0.90932400E+06 -0.81585157E+00 -0.12163404E+02 -0.11910283E+02  0.17702327E+06 -0.29039338E+06 -0.10093460E+06 -0.20506980E+06 -0.26041291E+06 -0.12644632E+06 1989  238    0   57   36    0  0.79692364E+00  0.58246410E+00  0.16015099E+00  0.11831780E+00  0.10947691E+00 -0.98692232E+00 -0.59237963E+00  0.80545038E+00  0.18328875E-01
 1989  238    0   59   11 1000  0.11687554E+07 -0.42914478E+06 -0.50011488E+06 -0.31906939E+02 -0.13212216E+03 -0.68876348E+01 -0.37303652E+05 -0.98487056E+06 -0.91046738E+06 -0.81584084E+00 -0.12163135E+02 -0.11910035E+02  0.17366159E+06 -0.29245403E+06 -0.10082476E+06 -0.20536797E+06 -0.26031412E+06 -0.12616538E+06 1989  238    0   59   11 1000  0.79688656E+00  0.58255225E+00  0.16001412E+00  0.11820966E+00  0.10939001E+00 -0.98694485E+00 -0.59245098E+00  0.80539840E+00  0.18308118E-01
 1989  238    1    0   48    0  0.11656238E+07 -0.44181962E+06 -0.50077606E+06 -0.33338425E+02 -0.13193414E+03 -0.68874984E+01 -0.37381973E+05 -0.98603819E+06 -0.91161075E+06 -0.81583011E+00 -0.12162867E+02 -0.11909787E+02  0.17027603E+06 -0.29447569E+06 -0.10071476E+06 -0.20566591E+06 -0.26021497E+06 -0.12588429E+06 1989  238    1    0   48    0  0.79695195E+00  0.58247864E+00  0.15995742E+00  0.11822689E+00  0.10927398E+00 -0.98695576E+00 -0.59235984E+00  0.80546749E+00  0.18221471E-01
 1989  238    1    2   24    0  0.11623541E+07 -0.45447566E+06 -0.50143725E+06 -0.34769444E+02 -0.13173064E+03 -0.68873625E+01 -0.37460293E+05 -0.98720581E+06 -0.91275406E+06 -0.81581938E+00 -0.12162600E+02 -0.11909540E+02  0.16686695E+06 -0.29645816E+06 -0.10060462E+06 -0.20596356E+06 -0.26011547E+06 -0.12560304E+06 1989  238    1    2   24    0  0.79676658E+00  0.58271360E+00  0.16002384E+00  0.11849217E+00  0.10901628E+00 -0.98695236E+00 -0.59255582E+00  0.80533236E+00  0.17813534E-01
 1989  238    1    4    0    0  0.11589475E+07 -0.46711138E+06 -0.50209844E+06 -0.36199825E+02 -0.13151160E+03 -0.68872271E+01 -0.37538613E+05 -0.98837344E+06 -0.91389738E+06 -0.81580865E+00 -0.12162333E+02 -0.11909294E+02  0.16343486E+06 -0.29840116E+06 -0.10049434E+06 -0.20626091E+06 -0.26001559E+06 -0.12532160E+06 1989  238    1    4    0    0  0.79675972E+00  0.58267993E+00  0.16018127E+00  0.11869504E+00  0.10900684E+00 -0.98692906E+00 -0.59252459E+00  0.80535805E+00  0.17691050E-01
 1989  238    1    5   36    0  0.11554039E+07 -0.47972534E+06 -0.50275962E+06 -0.37629406E+02 -0.13127704E+03 -0.68870921E+01 -0.37616930E+05 -0.98954100E+06 -0.91504062E+06 -0.81579798E+00 -0.12162066E+02 -0.11909048E+02  0.15998025E+06 -0.30030434E+06 -0.10038394E+06 -0.20655794E+06 -0.25991533E+06 -0.12503994E+06 1989  238    1    5   36    0  0.79665744E+00  0.58278608E+00  0.16030437E+00  0.11897984E+00  0.10882321E+00 -0.98691505E+00 -0.59260517E+00  0.80530614E+00  0.17355021E-01
 1989  238    1    7   11 1000  0.11517232E+07 -0.49231606E+06 -0.50342078E+06 -0.39058010E+02 -0.13102696E+03 -0.68869576E+01 -0.37695246E+05 -0.99070856E+06 -0.91618388E+06 -0.81578726E+00 -0.12161801E+02 -0.11908803E+02  0.15650353E+06 -0.30216753E+06 -0.10027341E+06 -0.20685469E+06 -0.25981473E+06 -0.12475812E+06 1989  238    1    7   11 1000  0.79661095E+00  0.58283710E+00  0.16034909E+00  0.11917435E+00  0.10863227E+00 -0.98691261E+00 -0.59262836E+00  0.80529499E+00  0.17078418E-01
 1989  238    1    8   48    0  0.11479051E+07 -0.50488206E+06 -0.50408194E+06 -0.40485481E+02 -0.13076134E+03 -0.68868232E+01 -0.37773559E+05 -0.99187606E+06 -0.91732712E+06 -0.81577665E+00 -0.12161536E+02 -0.11908559E+02  0.15300516E+06 -0.30399041E+06 -0.10016269E+06 -0.20715116E+06 -0.25971377E+06 -0.12447616E+06 1989  238    1    8   48    0  0.79651672E+00  0.58291602E+00  0.16053052E+00  0.11945918E+00  0.10854794E+00 -0.98688745E+00 -0.59269774E+00  0.80524921E+00  0.16825587E-01
 1989  238    1   10   24    0  0.11439500E+07 -0.51742181E+06 -0.50474306E+06 -0.41911648E+02 -0.13048019E+03 -0.68866887E+01 -0.37851875E+05 -0.99304356E+06 -0.91847038E+06 -0.81576598E+00 -0.12161272E+02 -0.11908315E+02  0.14948562E+06 -0.30577275E+06 -0.10005184E+06 -0.20744730E+06 -0.25961242E+06 -0.12419399E+06 1989  238    1   10   24    0  0.79652089E+00  0.58285320E+00  0.16073774E+00  0.11965106E+00  0.10863821E+00 -0.98685431E+00 -0.59265345E+00  0.80528247E+00  0.16793586E-01
 1989  238    1   12    0    0  0.11398584E+07 -0.52993375E+06 -0.50540419E+06 -0.43336327E+02 -0.13018350E+03 -0.68865547E+01 -0.37930191E+05 -0.99421100E+06 -0.91961356E+06 -0.81575537E+00 -0.12161009E+02 -0.11908071E+02  0.14594542E+06 -0.30751428E+06 -0.99940867E+05 -0.20774317E+06 -0.25951072E+06 -0.12391165E+06 1989  238    1   12    0    0  0.79668599E+00  0.58294511E+00  0.15958196E+00  0.11806113E+00  0.10884960E+00 -0.98702246E+00 -0.59275031E+00  0.80518740E+00  0.17895799E-01
 1989  238    1   13   36    0  0.11356298E+07 -0.54241650E+06 -0.50606528E+06 -0.44759354E+02 -0.12987126E+03 -0.68864212E+01 -0.38008500E+05 -0.99537844E+06 -0.92075669E+06 -0.81574476E+00 -0.12160746E+02 -0.11907828E+02  0.14238500E+06 -0.30921481E+06 -0.99829742E+05 -0.20803877E+06 -0.25940866E+06 -0.12362915E+06 1989  238    1   13   36    0  0.79663491E+00  0.58303410E+00  0.15951182E+00  0.11796014E+00  0.10886536E+00 -0.98703277E+00 -0.59283912E+00  0.80512083E+00  0.17951157E-01
 1989  238    1   15   11 1000  0.11312646E+07 -0.55486856E+06 -0.50672638E+06 -0.46180565E+02 -0.12954349E+03 -0.68862882E+01 -0.38086812E+05 -0.99654588E+06 -0.92189981E+06 -0.81573415E+00 -0.12160483E+02 -0.11907586E+02  0.13880484E+06 -0.31087409E+06 -0.99718492E+05 -0.20833405E+06 -0.25930622E+06 -0.12334646E+06 1989  238    1   15   11 1000  0.79653394E+00  0.58298779E+00  0.16018401E+00  0.11865196E+00  0.10905858E+00 -0.98692858E+00 -0.59283674E+00  0.80512822E+00  0.17696206E-01
 1989  238    1   16   48    0  0.11267630E+07 -0.56728838E+06 -0.50738747E+06 -0.47599792E+02 -0.12920020E+03 -0.68861551E+01 -0.38165121E+05 -0.99771325E+06 -0.92304294E+06 -0.81572354E+00 -0.12160222E+02 -0.11907344E+02  0.13520541E+06 -0.31249194E+06 -0.99607086E+05 -0.20862905E+06 -0.25920341E+06 -0.12306359E+06 1989  238    1   16   48    0  0.79643303E+00  0.58303130E+00  0.16052729E+00  0.11914141E+00  0.10897002E+00 -0.98687935E+00 -0.59287417E+00  0.80510867E+00  0.17324161E-01
 1989  238    1   18   24    0  0.11221254E+07 -0.57967444E+06 -0.50804853E+06 -0.49016865E+02 -0.12884135E+03 -0.68860226E+01 -0.38243430E+05 -0.99888062E+06 -0.92418606E+06 -0.81571293E+00 -0.12159961E+02 -0.11907104E+02  0.13158719E+06 -0.31406803E+06 -0.99495523E+05 -0.20892377E+06 -0.25910022E+06 -0.12278055E+06 1989  238    1   18   24    0  0.79633975E+00  0.58302748E+00  0.16100353E+00  0.11972961E+00  0.10897280E+00 -0.98680800E+00 -0.59288108E+00  0.80511129E+00  0.16973730E-01
 1989  238    1   20    0    0  0.11173518E+07 -0.59202538E+06 -0.50870956E+06 -0.50431610E+02 -0.12846701E+03 -0.68858905E+01 -0.38321738E+05 -0.10000480E+07 -0.92532912E+06 -0.81570238E+00 -0.12159700E+02 -0.11906863E+02  0.12795067E+06 -0.31560219E+06 -0.99383836E+05 -0.20921817E+06 -0.25899669E+06 -0.12249736E+06 1989  238    1   20    0    0  0.79629010E+00  0.58311790E+00  0.16092144E+00  0.11961560E+00  0.10898624E+00 -0.98682028E+00 -0.59297073E+00  0.80504388E+00  0.17034687E-01
 1989  238    1   21   36    0  0.11124421E+07 -0.60433962E+06 -0.50937059E+06 -0.51843864E+02 -0.12807716E+03 -0.68857584E+01 -0.38400047E+05 -0.10012153E+07 -0.92647219E+06 -0.81569183E+00 -0.12159441E+02 -0.11906623E+02  0.12429632E+06 -0.31709422E+06 -0.99272016E+05 -0.20951227E+06 -0.25889277E+06 -0.12221398E+06 1989  238    1   21   36    0  0.79633647E+00  0.58306670E+00  0.16087714E+00  0.11942127E+00  0.10917731E+00 -0.98682261E+00 -0.59294748E+00  0.80505502E+00  0.17311305E-01
 1989  238    1   23   12    0  0.11073975E+07 -0.61661575E+06 -0.51003162E+06 -0.53253456E+02 -0.12767180E+03 -0.68856268E+01 -0.38478352E+05 -0.10023826E+07 -0.92761519E+06 -0.81568128E+00 -0.12159182E+02 -0.11906384E+02  0.12062466E+06 -0.31854391E+06 -0.99160047E+05 -0.20980606E+06 -0.25878848E+06 -0.12193042E+06 1989  238    1   23   12    0  0.79634655E+00  0.58311903E+00  0.16063809E+00  0.11911729E+00  0.10918607E+00 -0.98685849E+00 -0.59299541E+00  0.80501592E+00  0.17490387E-01
 1989  238    1   24   47 1000  0.11022179E+07 -0.62885219E+06 -0.51069262E+06 -0.54660210E+02 -0.12725095E+03 -0.68854952E+01 -0.38556656E+05 -0.10035498E+07 -0.92875819E+06 -0.81567079E+00 -0.12158923E+02 -0.11906145E+02  0.11693615E+06 -0.31995106E+06 -0.99047953E+05 -0.21009959E+06 -0.25868386E+06 -0.12164670E+06 1989  238    1   24   47 1000  0.79635298E+00  0.58315384E+00  0.16047941E+00  0.11891459E+00  0.10919295E+00 -0.98688209E+00 -0.59302729E+00  0.80498981E+00  0.17610632E-01
 1989  238    1   26   24    0  0.10969032E+07 -0.64104744E+06 -0.51135362E+06 -0.56063953E+02 -0.12681465E+03 -0.68853641E+01 -0.38634961E+05 -0.10047171E+07 -0.92990119E+06 -0.81566030E+00 -0.12158666E+02 -0.11905907E+02  0.11323130E+06 -0.32131547E+06 -0.98935734E+05 -0.21039281E+06 -0.25857886E+06 -0.12136282E+06 1989  238    1   26   24    0  0.79637605E+00  0.58315092E+00  0.16037580E+00  0.11871366E+00  0.10929155E+00 -0.98689538E+00 -0.59303665E+00  0.80497855E+00  0.17809212E-01
 1989  238    1   28    0    0  0.10914536E+07 -0.65320006E+06 -0.51201462E+06 -0.57464523E+02 -0.12636289E+03 -0.68852334E+01 -0.38713262E+05 -0.10058843E+07 -0.93104412E+06 -0.81564981E+00 -0.12158408E+02 -0.11905668E+02  0.10951064E+06 -0.32263697E+06 -0.98823328E+05 -0.21068572E+06 -0.25847347E+06 -0.12107876E+06 1989  238    1   28    0    0  0.79632378E+00  0.58330321E+00  0.16008104E+00  0.11839813E+00  0.10921843E+00 -0.98694146E+00 -0.59316981E+00  0.80487818E+00  0.17911237E-01
 1989  238    1   29   35 1000  0.10858701E+07 -0.66530856E+06 -0.51267559E+06 -0.58861752E+02 -0.12589571E+03 -0.68851027E+01 -0.38791562E+05 -0.10070515E+07 -0.93218706E+06 -0.81563932E+00 -0.12158152E+02 -0.11905432E+02  0.10577461E+06 -0.32391534E+06 -0.98710797E+05 -0.21097834E+06 -0.25836775E+06 -0.12079451E+06 1989  238    1   29   35 1000  0.79628783E+00  0.58338028E+00  0.15997884E+00  0.11818634E+00  0.10933091E+00 -0.98695433E+00 -0.59326029E+00  0.80480695E+00  0.18111289E-01
 1989  238    1   31   12    0  0.10801525E+07 -0.67737150E+06 -0.51333656E+06 -0.60255466E+02 -0.12541310E+03 -0.68849726E+01 -0.38869863E+05 -0.10082187E+07 -0.93332994E+06 -0.81562883E+00 -0.12157896E+02 -0.11905195E+02  0.10202374E+06 -0.32515041E+06 -0.98598133E+05 -0.21127069E+06 -0.25826169E+06 -0.12051010E+06 1989  238    1   31   12    0  0.79627842E+00  0.58342040E+00  0.15987922E+00  0.11798353E+00  0.10943700E+00 -0.98696679E+00 -0.59331328E+00  0.80476338E+00  0.18308330E-01
 1989  238    1   32   47 1000  0.10743009E+07 -0.68938738E+06 -0.51399753E+06 -0.61645496E+02 -0.12491511E+03 -0.68848429E+01 -0.38948164E+05 -0.10093858E+07 -0.93447281E+06 -0.81561840E+00 -0.12157640E+02 -0.11904959E+02  0.98258531E+05 -0.32634203E+06 -0.98485320E+05 -0.21156272E+06 -0.25815522E+06 -0.12022554E+06 1989  238    1   32   47 1000  0.79622447E+00  0.58348179E+00  0.15992415E+00  0.11817667E+00  0.10924824E+00 -0.98696458E+00 -0.59334731E+00  0.80474460E+00  0.18032193E-01
 1989  238    1   34   24    0  0.10683162E+07 -0.70135469E+06 -0.51465847E+06 -0.63031670E+02 -0.12440176E+03 -0.68847132E+01 -0.39026465E+05 -0.10105529E+07 -0.93561569E+06 -0.81560796E+00 -0.12157386E+02 -0.11904723E+02  0.94479445E+05 -0.32749003E+06 -0.98372383E+05 -0.21185445E+06 -0.25804838E+06 -0.11994078E+06 1989  238    1   34   24    0  0.79623681E+00  0.58342695E+00  0.16006222E+00  0.11828151E+00  0.10934013E+00 -0.98694187E+00 -0.59330976E+00  0.80477184E+00  0.18051997E-01
 1989  238    1   36    0    0  0.10621991E+07 -0.71327206E+06 -0.51531938E+06 -0.64413841E+02 -0.12387305E+03 -0.68845835E+01 -0.39104762E+05 -0.10117201E+07 -0.93675856E+06 -0.81559753E+00 -0.12157132E+02 -0.11904489E+02  0.90687039E+05 -0.32859428E+06 -0.98259320E+05 -0.21214589E+06 -0.25794117E+06 -0.11965588E+06 1989  238    1   36    0    0  0.79619449E+00  0.58347881E+00  0.16008435E+00  0.11837672E+00  0.10924639E+00 -0.98694092E+00 -0.59334767E+00  0.80474705E+00  0.17911080E-01
 1989  238    1   37   36    0  0.10559495E+07 -0.72513794E+06 -0.51598028E+06 -0.65791809E+02 -0.12332905E+03 -0.68844543E+01 -0.39183059E+05 -0.10128871E+07 -0.93790138E+06 -0.81558716E+00 -0.12156878E+02 -0.11904254E+02  0.86881789E+05 -0.32965456E+06 -0.98146102E+05 -0.21243702E+06 -0.25783364E+06 -0.11937081E+06 1989  238    1   37   36    0  0.79601723E+00  0.58367693E+00  0.16024341E+00  0.11854042E+00  0.10928442E+00 -0.98691702E+00 -0.59355271E+00  0.80459821E+00  0.17802987E-01
 1989  238    1   39   12    0  0.10495676E+07 -0.73695075E+06 -0.51664119E+06 -0.67165405E+02 -0.12276977E+03 -0.68843255E+01 -0.39261355E+05 -0.10140542E+07 -0.93904419E+06 -0.81557673E+00 -0.12156625E+02 -0.11904020E+02  0.83064227E+05 -0.33067072E+06 -0.98032727E+05 -0.21272786E+06 -0.25772573E+06 -0.11908552E+06 1989  238    1   39   12    0  0.79606241E+00  0.58357167E+00  0.16040243E+00  0.11875446E+00  0.10926541E+00 -0.98689342E+00 -0.59344941E+00  0.80467713E+00  0.17680358E-01
 1989  238    1   40   47 1000  0.10430540E+07 -0.74870919E+06 -0.51730206E+06 -0.68534477E+02 -0.12219523E+03 -0.68841972E+01 -0.39339648E+05 -0.10152212E+07 -0.94018694E+06 -0.81556636E+00 -0.12156373E+02 -0.11903787E+02  0.79234844E+05 -0.33164266E+06 -0.97919219E+05 -0.21301839E+06 -0.25761745E+06 -0.11880009E+06 1989  238    1   40   47 1000  0.79600632E+00  0.58362603E+00  0.16048293E+00  0.11884658E+00  0.10927375E+00 -0.98688138E+00 -0.59350616E+00  0.80463660E+00  0.17620634E-01
 1989  238    1   42   24    0  0.10364092E+07 -0.76041175E+06 -0.51796294E+06 -0.69898857E+02 -0.12160548E+03 -0.68840694E+01 -0.39417941E+05 -0.10163882E+07 -0.94132969E+06 -0.81555599E+00 -0.12156121E+02 -0.11903554E+02  0.75394164E+05 -0.33257028E+06 -0.97805594E+05 -0.21330864E+06 -0.25750883E+06 -0.11851452E+06 1989  238    1   42   24    0  0.79599130E+00  0.58361799E+00  0.16058654E+00  0.11904798E+00  0.10917512E+00 -0.98686802E+00 -0.59348595E+00  0.80465579E+00  0.17423879E-01
 1989  238    1   44    0    0  0.10296336E+07 -0.77205694E+06 -0.51862381E+06 -0.71258369E+02 -0.12100056E+03 -0.68839417E+01 -0.39496234E+05 -0.10175552E+07 -0.94247244E+06 -0.81554568E+00 -0.12155869E+02 -0.11903322E+02  0.71542703E+05 -0.33345334E+06 -0.97691844E+05 -0.21359858E+06 -0.25739981E+06 -0.11822877E+06 1989  238    1   44    0    0  0.79590964E+00  0.58368587E+00  0.16074480E+00  0.11923364E+00  0.10918707E+00 -0.98684424E+00 -0.59355825E+00  0.80460495E+00  0.17308045E-01
 1989  238    1   45   36    0  0.10227278E+07 -0.78364338E+06 -0.51928469E+06 -0.72612839E+02 -0.12038050E+03 -0.68838139E+01 -0.39574527E+05 -0.10187221E+07 -0.94361512E+06 -0.81553531E+00 -0.12155620E+02 -0.11903090E+02  0.67680992E+05 -0.33429178E+06 -0.97577938E+05 -0.21388819E+06 -0.25729044E+06 -0.11794284E+06 1989  238    1   45   36    0  0.79589850E+00  0.58369452E+00  0.16076797E+00  0.11933552E+00  0.10908762E+00 -0.98684293E+00 -0.59355259E+00  0.80461210E+00  0.17167196E-01
 1989  238    1   47   12    0  0.10156921E+07 -0.79516950E+06 -0.51994553E+06 -0.73962112E+02 -0.11974533E+03 -0.68836865E+01 -0.39652816E+05 -0.10198891E+07 -0.94475781E+06 -0.81552500E+00 -0.12155370E+02 -0.11902860E+02  0.63809551E+05 -0.33508550E+06 -0.97463875E+05 -0.21417753E+06 -0.25718069E+06 -0.11765674E+06 1989  238    1   47   12    0  0.79597622E+00  0.58352947E+00  0.16098216E+00  0.11955465E+00  0.10915636E+00 -0.98680878E+00 -0.59340423E+00  0.80472243E+00  0.17122198E-01
 1989  238    1   48   48    0  0.10085272E+07 -0.80663400E+06 -0.52060634E+06 -0.75306015E+02 -0.11909509E+03 -0.68835597E+01 -0.39731109E+05 -0.10210560E+07 -0.94590050E+06 -0.81551468E+00 -0.12155120E+02 -0.11902629E+02  0.59928848E+05 -0.33583441E+06 -0.97349688E+05 -0.21446656E+06 -0.25707059E+06 -0.11737048E+06 1989  238    1   48   48    0  0.79612595E+00  0.58332533E+00  0.16098154E+00  0.11958654E+00  0.10911943E+00 -0.98680902E+00 -0.59319693E+00  0.80487549E+00  0.17114960E-01
 1989  238    1   50   24    0  0.10012335E+07 -0.81803538E+06 -0.52126716E+06 -0.76644379E+02 -0.11842986E+03 -0.68834329E+01 -0.39809398E+05 -0.10222229E+07 -0.94704319E+06 -0.81550437E+00 -0.12154871E+02 -0.11902399E+02  0.56039414E+05 -0.33653831E+06 -0.97235367E+05 -0.21475528E+06 -0.25696016E+06 -0.11708408E+06 1989  238    1   50   24    0  0.79622769E+00  0.58320862E+00  0.16090114E+00  0.11950445E+00  0.10909976E+00 -0.98682112E+00 -0.59307683E+00  0.80496269E+00  0.17172225E-01
 1989  238    1   52    0    0  0.99381162E+06 -0.82937206E+06 -0.52192797E+06 -0.77977036E+02 -0.11774963E+03 -0.68833060E+01 -0.39887688E+05 -0.10233897E+07 -0.94818575E+06 -0.81549412E+00 -0.12154623E+02 -0.11902169E+02  0.52141812E+05 -0.33719716E+06 -0.97120930E+05 -0.21504369E+06 -0.25684933E+06 -0.11679748E+06 1989  238    1   52    0    0  0.79635370E+00  0.58309704E+00  0.16068181E+00  0.11932699E+00  0.10897563E+00 -0.98685628E+00 -0.59294343E+00  0.80506033E+00  0.17203931E-01
 1989  238    1   53   36    0  0.98626206E+06 -0.84064281E+06 -0.52258875E+06 -0.79303818E+02 -0.11705449E+03 -0.68831797E+01 -0.39965973E+05 -0.10245565E+07 -0.94932838E+06 -0.81548387E+00 -0.12154376E+02 -0.11901940E+02  0.48236543E+05 -0.33781084E+06 -0.97006336E+05 -0.21533181E+06 -0.25673814E+06 -0.11651073E+06 1989  238    1   53   36    0  0.79648757E+00  0.58295834E+00  0.16052157E+00  0.11915109E+00  0.10894990E+00 -0.98688036E+00 -0.59279895E+00  0.80516428E+00  0.17317131E-01
 1989  238    1   55   11 1000  0.97858550E+06 -0.85184606E+06 -0.52324953E+06 -0.80624557E+02 -0.11634447E+03 -0.68830538E+01 -0.40044258E+05 -0.10257233E+07 -0.95047094E+06 -0.81547362E+00 -0.12154129E+02 -0.11901711E+02  0.44324129E+05 -0.33837928E+06 -0.96891586E+05 -0.21561966E+06 -0.25662661E+06 -0.11622382E+06 1989  238    1   55   11 1000  0.79661715E+00  0.58284730E+00  0.16028160E+00  0.11887209E+00  0.10892907E+00 -0.98691630E+00 -0.59268087E+00  0.80524743E+00  0.17490484E-01
 1989  238    1   56   48    0  0.97078238E+06 -0.86298044E+06 -0.52391031E+06 -0.81939095E+02 -0.11561964E+03 -0.68829284E+01 -0.40122543E+05 -0.10268901E+07 -0.95161350E+06 -0.81546336E+00 -0.12153883E+02 -0.11901484E+02  0.40405090E+05 -0.33890241E+06 -0.96776711E+05 -0.21590716E+06 -0.25651470E+06 -0.11593676E+06 1989  238    1   56   48    0  0.79678679E+00  0.58269256E+00  0.16000068E+00  0.11869867E+00  0.10869741E+00 -0.98696280E+00 -0.59248751E+00  0.80539083E+00  0.17443825E-01
 1989  238    1   58   24    0  0.96285344E+06 -0.87404456E+06 -0.52457106E+06 -0.83247261E+02 -0.11488002E+03 -0.68828034E+01 -0.40200828E+05 -0.10280569E+07 -0.95275600E+06 -0.81545311E+00 -0.12153637E+02 -0.11901257E+02  0.36479961E+05 -0.33938012E+06 -0.96661711E+05 -0.21619433E+06 -0.25640242E+06 -0.11564951E+06 1989  238    1   58   24    0  0.79630905E+00  0.58347452E+00  0.15952863E+00  0.11799175E+00  0.10883422E+00 -0.98703253E+00 -0.59327048E+00  0.80480599E+00  0.17820485E-01
 1989  238    2    0    0    0  0.95479912E+06 -0.88503688E+06 -0.52523181E+06 -0.84548897E+02 -0.11412569E+03 -0.68826785E+01 -0.40279109E+05 -0.10292236E+07 -0.95389856E+06 -0.81544292E+00 -0.12153391E+02 -0.11901030E+02  0.32549258E+05 -0.33981238E+06 -0.96546586E+05 -0.21648123E+06 -0.25628980E+06 -0.11536210E+06 1989  238    2    0    0    0  0.79682612E+00  0.58277798E+00  0.15949275E+00  0.11820483E+00  0.10851027E+00 -0.98704261E+00 -0.59253335E+00  0.80535418E+00  0.17576624E-01
 1989  238    2    1   36    0  0.94662019E+06 -0.89595619E+06 -0.52589256E+06 -0.85843842E+02 -0.11335669E+03 -0.68825536E+01 -0.40357391E+05 -0.10303903E+07 -0.95504100E+06 -0.81543273E+00 -0.12153147E+02 -0.11900804E+02  0.28613490E+05 -0.34019909E+06 -0.96431297E+05 -0.21676783E+06 -0.25617678E+06 -0.11507453E+06 1989  238    2    1   36    0  0.79665232E+00  0.58293366E+00  0.15979165E+00  0.11847496E+00  0.10864070E+00 -0.98699588E+00 -0.59271300E+00  0.80522388E+00  0.17485820E-01
 1989  238    2    3   11 1000  0.93831725E+06 -0.90680100E+06 -0.52655325E+06 -0.87131912E+02 -0.11257308E+03 -0.68824291E+01 -0.40435672E+05 -0.10315571E+07 -0.95618350E+06 -0.81542253E+00 -0.12152903E+02 -0.11900578E+02  0.24673211E+05 -0.34054019E+06 -0.96315859E+05 -0.21705411E+06 -0.25606344E+06 -0.11478678E+06 1989  238    2    3   11 1000  0.79644114E+00  0.58315629E+00  0.16003235E+00  0.11873727E+00  0.10868153E+00 -0.98695987E+00 -0.59294444E+00  0.80505723E+00  0.17316073E-01
 1989  238    2    4   48    0  0.92989106E+06 -0.91756981E+06 -0.52721400E+06 -0.88412949E+02 -0.11177493E+03 -0.68823047E+01 -0.40513953E+05 -0.10327237E+07 -0.95732594E+06 -0.81541240E+00 -0.12152658E+02 -0.11900352E+02  0.20728965E+05 -0.34083562E+06 -0.96200297E+05 -0.21734011E+06 -0.25594975E+06 -0.11449891E+06 1989  238    2    4   48    0  0.79627925E+00  0.58331162E+00  0.16027178E+00  0.11900984E+00  0.10870875E+00 -0.98692411E+00 -0.59310722E+00  0.80494100E+00  0.17142717E-01
 1989  238    2    6   24    0  0.92134225E+06 -0.92826125E+06 -0.52787469E+06 -0.89686798E+02 -0.11096231E+03 -0.68821807E+01 -0.40592234E+05 -0.10338903E+07 -0.95846838E+06 -0.81540227E+00 -0.12152416E+02 -0.11900127E+02  0.16781260E+05 -0.34108541E+06 -0.96084609E+05 -0.21762580E+06 -0.25583566E+06 -0.11421088E+06 1989  238    2    6   24    0  0.79619461E+00  0.58335119E+00  0.16054769E+00  0.11919637E+00  0.10891819E+00 -0.98687845E+00 -0.59318328E+00  0.80488402E+00  0.17186742E-01
 1989  238    2    8    0    0  0.91267144E+06 -0.93887406E+06 -0.52853538E+06 -0.90953285E+02 -0.11013525E+03 -0.68820572E+01 -0.40670512E+05 -0.10350569E+07 -0.95961075E+06 -0.81539214E+00 -0.12152174E+02 -0.11899903E+02  0.12830629E+05 -0.34128944E+06 -0.95968797E+05 -0.21791117E+06 -0.25572122E+06 -0.11392266E+06 1989  238    2    8    0    0  0.79601121E+00  0.58354497E+00  0.16075331E+00  0.11956508E+00  0.10875693E+00 -0.98685169E+00 -0.59335530E+00  0.80476534E+00  0.16800128E-01
 1989  238    2    9   36    0  0.90387944E+06 -0.94940675E+06 -0.52919600E+06 -0.92212250E+02 -0.10929385E+03 -0.68819337E+01 -0.40748789E+05 -0.10362235E+07 -0.96075312E+06 -0.81538200E+00 -0.12151932E+02 -0.11899679E+02  0.88775996E+04 -0.34144769E+06 -0.95852859E+05 -0.21819622E+06 -0.25560642E+06 -0.11363427E+06 1989  238    2    9   36    0  0.79591662E+00  0.58367383E+00  0.16075377E+00  0.11954542E+00  0.10877983E+00 -0.98685151E+00 -0.59348619E+00  0.80466884E+00  0.16804148E-01
 1989  238    2   11   11 1000  0.89496694E+06 -0.95985800E+06 -0.52985669E+06 -0.93463547E+02 -0.10843815E+03 -0.68818107E+01 -0.40827062E+05 -0.10373901E+07 -0.96189550E+06 -0.81537187E+00 -0.12151690E+02 -0.11899455E+02  0.49227012E+04 -0.34156016E+06 -0.95736758E+05 -0.21848097E+06 -0.25549127E+06 -0.11334574E+06 1989  238    2   11   11 1000  0.79596472E+00  0.58356160E+00  0.16092274E+00  0.11955386E+00  0.10905645E+00 -0.98681992E+00 -0.59341991E+00  0.80471271E+00  0.17038058E-01
 1989  238    2   12   48    0  0.88593475E+06 -0.97022644E+06 -0.53051731E+06 -0.94707001E+02 -0.10756824E+03 -0.68816876E+01 -0.40905340E+05 -0.10385566E+07 -0.96303781E+06 -0.81536174E+00 -0.12151450E+02 -0.11899233E+02  0.96646606E+03 -0.34162681E+06 -0.95620539E+05 -0.21876544E+06 -0.25537573E+06 -0.11305702E+06 1989  238    2   12   48    0  0.79595369E+00  0.58365202E+00  0.16064882E+00  0.11934741E+00  0.10887267E+00 -0.98686522E+00 -0.59347612E+00  0.80467206E+00  0.17000269E-01
 1989  238    2   14   24    0  0.87678344E+06 -0.98051069E+06 -0.53117794E+06 -0.95942467E+02 -0.10668418E+03 -0.68815651E+01 -0.40983613E+05 -0.10397232E+07 -0.96418012E+06 -0.81535167E+00 -0.12151210E+02 -0.11899011E+02 -0.29905962E+04 -0.34164766E+06 -0.95504195E+05 -0.21904956E+06 -0.25525986E+06 -0.11276815E+06 1989  238    2   14   24    0  0.79597014E+00  0.58365750E+00  0.16054757E+00  0.11914834E+00  0.10897211E+00 -0.98687834E+00 -0.59349412E+00  0.80465466E+00  0.17196730E-01
 1989  238    2   16    0    0  0.86751394E+06 -0.99070938E+06 -0.53183856E+06 -0.97169762E+02 -0.10578603E+03 -0.68814430E+01 -0.41061887E+05 -0.10408897E+07 -0.96532244E+06 -0.81534159E+00 -0.12150970E+02 -0.11898788E+02 -0.69479336E+04 -0.34162262E+06 -0.95387695E+05 -0.21933338E+06 -0.25514362E+06 -0.11247914E+06 1989  238    2   16    0    0  0.79597241E+00  0.58367634E+00  0.16046771E+00  0.11904684E+00  0.10897478E+00 -0.98689026E+00 -0.59351140E+00  0.80464059E+00  0.17256096E-01
 1989  238    2   17   36    0  0.85812712E+06 -0.10008212E+07 -0.53249919E+06 -0.98388733E+02 -0.10487389E+03 -0.68813210E+01 -0.41140160E+05 -0.10420562E+07 -0.96646469E+06 -0.81533152E+00 -0.12150731E+02 -0.11898567E+02 -0.10904995E+05 -0.34155175E+06 -0.95271039E+05 -0.21961691E+06 -0.25502700E+06 -0.11218998E+06 1989  238    2   17   36    0  0.79607224E+00  0.58356261E+00  0.16038594E+00  0.11896425E+00  0.10895344E+00 -0.98690253E+00 -0.59339404E+00  0.80472594E+00  0.17311726E-01
 1989  238    2   19   12    0  0.84862362E+06 -0.10108448E+07 -0.53315981E+06 -0.99599228E+02 -0.10394784E+03 -0.68811989E+01 -0.41218430E+05 -0.10432227E+07 -0.96760694E+06 -0.81532151E+00 -0.12150493E+02 -0.11898347E+02 -0.14861270E+05 -0.34143503E+06 -0.95154250E+05 -0.21990012E+06 -0.25491003E+06 -0.11190064E+06 1989  238    2   19   12    0  0.79604816E+00  0.58365446E+00  0.16017054E+00  0.11875674E+00  0.10886937E+00 -0.98693675E+00 -0.59346777E+00  0.80467063E+00  0.17352369E-01
 1989  238    2   20   47 1000  0.83900438E+06 -0.10207787E+07 -0.53382038E+06 -0.10080109E+03 -0.10300793E+03 -0.68810773E+01 -0.41296699E+05 -0.10443891E+07 -0.96874919E+06 -0.81531149E+00 -0.12150255E+02 -0.11898127E+02 -0.18816229E+05 -0.34127250E+06 -0.95037375E+05 -0.22018302E+06 -0.25479272E+06 -0.11161114E+06 1989  238    2   20   47 1000  0.79608357E+00  0.58361274E+00  0.16014732E+00  0.11866044E+00  0.10896251E+00 -0.98693812E+00 -0.59343970E+00  0.80468833E+00  0.17491512E-01
 1989  238    2   22   24    0  0.82927012E+06 -0.10306218E+07 -0.53448094E+06 -0.10199416E+03 -0.10205425E+03 -0.68809562E+01 -0.41374969E+05 -0.10455555E+07 -0.96989138E+06 -0.81530148E+00 -0.12150018E+02 -0.11897906E+02 -0.22769338E+05 -0.34106416E+06 -0.94920344E+05 -0.22046561E+06 -0.25467506E+06 -0.11132148E+06 1989  238    2   22   24    0  0.79616261E+00  0.58356500E+00  0.15992945E+00  0.11847463E+00  0.10885000E+00 -0.98697299E+00 -0.59337109E+00  0.80473834E+00  0.17524675E-01
 1989  238    2   24    0    0  0.81942181E+06 -0.10403726E+07 -0.53514156E+06 -0.10317827E+03 -0.10108688E+03 -0.68808355E+01 -0.41453238E+05 -0.10467219E+07 -0.97103356E+06 -0.81529146E+00 -0.12149781E+02 -0.11897687E+02 -0.26720066E+05 -0.34081000E+06 -0.94803156E+05 -0.22074789E+06 -0.25455702E+06 -0.11103167E+06 1989  238    2   24    0    0  0.79616362E+00  0.58350277E+00  0.16015042E+00  0.11868455E+00  0.10893899E+00 -0.98693788E+00 -0.59332758E+00  0.80477130E+00  0.17480507E-01
 1989  238    2   25   35 1000  0.80946025E+06 -0.10500299E+07 -0.53580206E+06 -0.10435327E+03 -0.10010592E+03 -0.68807149E+01 -0.41531508E+05 -0.10478882E+07 -0.97217575E+06 -0.81528145E+00 -0.12149545E+02 -0.11897469E+02 -0.30667889E+05 -0.34051009E+06 -0.94685844E+05 -0.22102986E+06 -0.25443861E+06 -0.11074173E+06 1989  238    2   25   35 1000  0.79603404E+00  0.58358443E+00  0.16049561E+00  0.11917007E+00  0.10885787E+00 -0.98688823E+00 -0.59340382E+00  0.80472296E+00  0.17108779E-01
 1989  238    2   27   12    0  0.79938619E+06 -0.10595921E+07 -0.53646262E+06 -0.10551903E+03 -0.99111420E+02 -0.68805943E+01 -0.41609773E+05 -0.10490545E+07 -0.97331788E+06 -0.81527150E+00 -0.12149308E+02 -0.11897250E+02 -0.34612293E+05 -0.34016447E+06 -0.94568406E+05 -0.22131152E+06 -0.25431986E+06 -0.11045163E+06 1989  238    2   27   12    0  0.79596668E+00  0.58356798E+00  0.16089007E+00  0.11966038E+00  0.10885683E+00 -0.98682916E+00 -0.59339583E+00  0.80473518E+00  0.16816456E-01
 1989  238    2   28   47 1000  0.78920075E+06 -0.10690584E+07 -0.53712312E+06 -0.10667536E+03 -0.98103500E+02 -0.68804741E+01 -0.41688039E+05 -0.10502206E+07 -0.97446000E+06 -0.81526148E+00 -0.12149074E+02 -0.11897032E+02 -0.38552723E+05 -0.33977309E+06 -0.94450836E+05 -0.22159286E+06 -0.25420073E+06 -0.11016135E+06 1989  238    2   28   47 1000  0.79595667E+00  0.58358753E+00  0.16086805E+00  0.11955449E+00  0.10896264E+00 -0.98683023E+00 -0.59343046E+00  0.80470657E+00  0.16959023E-01
 1989  238    2   30   24    0  0.77890481E+06 -0.10784276E+07 -0.53778362E+06 -0.10782213E+03 -0.97082245E+02 -0.68803544E+01 -0.41766305E+05 -0.10513866E+07 -0.97560212E+06 -0.81525153E+00 -0.12148839E+02 -0.11896814E+02 -0.42488633E+05 -0.33933612E+06 -0.94333148E+05 -0.22187389E+06 -0.25408127E+06 -0.10987091E+06 1989  238    2   30   24    0  0.79597610E+00  0.58361191E+00  0.16068375E+00  0.11925203E+00  0.10906213E+00 -0.98685580E+00 -0.59346533E+00  0.80467540E+00  0.17213952E-01
 1989  238    2   32    0    0  0.76849925E+06 -0.10876978E+07 -0.53844419E+06 -0.10895917E+03 -0.96047729E+02 -0.68802347E+01 -0.41844566E+05 -0.10525531E+07 -0.97674425E+06 -0.81524163E+00 -0.12148604E+02 -0.11896598E+02 -0.46419516E+05 -0.33885356E+06 -0.94215305E+05 -0.22215461E+06 -0.25396144E+06 -0.10958031E+06 1989  238    2   32    0    0  0.79607189E+00  0.58356297E+00  0.16038617E+00  0.11896427E+00  0.10895380E+00 -0.98690248E+00 -0.59339440E+00  0.80472565E+00  0.17311919E-01
 1989  238    2   33   36    0  0.75798500E+06 -0.10968680E+07 -0.53910469E+06 -0.11008634E+03 -0.95000053E+02 -0.68801150E+01 -0.41922828E+05 -0.10537196E+07 -0.97788631E+06 -0.81523168E+00 -0.12148372E+02 -0.11896381E+02 -0.50344844E+05 -0.33832544E+06 -0.94097336E+05 -0.22243497E+06 -0.25384125E+06 -0.10928956E+06 1989  238    2   33   36    0  0.79602170E+00  0.58370197E+00  0.16012973E+00  0.11854836E+00  0.10908161E+00 -0.98693842E+00 -0.59354514E+00  0.80460745E+00  0.17634422E-01
 1989  238    2   35   12    0  0.74736300E+06 -0.11059371E+07 -0.53976512E+06 -0.11120349E+03 -0.93939308E+02 -0.68799958E+01 -0.42001090E+05 -0.10548856E+07 -0.97902831E+06 -0.81522179E+00 -0.12148138E+02 -0.11896166E+02 -0.54264090E+05 -0.33775188E+06 -0.93979242E+05 -0.22271503E+06 -0.25372069E+06 -0.10899869E+06 1989  238    2   35   12    0  0.79620886E+00  0.58351386E+00  0.15988512E+00  0.11827978E+00  0.10904162E+00 -0.98697507E+00 -0.59334773E+00  0.80474937E+00  0.17802019E-01
 1989  238    2   36   47 1000  0.73663431E+06 -0.11149042E+07 -0.54042562E+06 -0.11231046E+03 -0.92865601E+02 -0.68798771E+01 -0.42079352E+05 -0.10560516E+07 -0.98017031E+06 -0.81521189E+00 -0.12147905E+02 -0.11895950E+02 -0.58176723E+05 -0.33713291E+06 -0.93860992E+05 -0.22299481E+06 -0.25359978E+06 -0.10870766E+06 1989  238    2   36   47 1000  0.79609078E+00  0.58371860E+00  0.15972584E+00  0.11805059E+00  0.10907701E+00 -0.98699868E+00 -0.59355181E+00  0.80459619E+00  0.17926898E-01
 1989  238    2   38   24    0  0.72579981E+06 -0.11237674E+07 -0.54108612E+06 -0.11340710E+03 -0.91779015E+02 -0.68797588E+01 -0.42157613E+05 -0.10572176E+07 -0.98131231E+06 -0.81520200E+00 -0.12147674E+02 -0.11895736E+02 -0.62082223E+05 -0.33646859E+06 -0.93742617E+05 -0.22327428E+06 -0.25347853E+06 -0.10841644E+06 1989  238    2   38   24    0  0.79616332E+00  0.58361864E+00  0.15972884E+00  0.11806774E+00  0.10906249E+00 -0.98699814E+00 -0.59345102E+00  0.80467051E+00  0.17925028E-01
 1989  238    2   40    0    0  0.71486044E+06 -0.11325250E+07 -0.54174656E+06 -0.11449329E+03 -0.90679649E+02 -0.68796406E+01 -0.42235871E+05 -0.10583841E+07 -0.98245431E+06 -0.81519216E+00 -0.12147443E+02 -0.11895521E+02 -0.65980078E+05 -0.33575906E+06 -0.93624109E+05 -0.22355344E+06 -0.25335689E+06 -0.10812509E+06 1989  238    2   40    0    0  0.79614210E+00  0.58363235E+00  0.15978542E+00  0.11806342E+00  0.10916297E+00 -0.98698765E+00 -0.59348053E+00  0.80464703E+00  0.18003609E-01
 1989  238    2   41   36    0  0.70381738E+06 -0.11411772E+07 -0.54240700E+06 -0.11556886E+03 -0.89567596E+02 -0.68795223E+01 -0.42314129E+05 -0.10595506E+07 -0.98359631E+06 -0.81518227E+00 -0.12147212E+02 -0.11895307E+02 -0.69869742E+05 -0.33500438E+06 -0.93505484E+05 -0.22383228E+06 -0.25323492E+06 -0.10783359E+06 1989  238    2   41   36    0  0.79620439E+00  0.58354092E+00  0.15980774E+00  0.11817904E+00  0.10904704E+00 -0.98698652E+00 -0.59337360E+00  0.80472898E+00  0.17861426E-01
 1989  238    2   43   12    0  0.69267156E+06 -0.11497219E+07 -0.54306744E+06 -0.11663365E+03 -0.88442986E+02 -0.68794045E+01 -0.42392387E+05 -0.10607166E+07 -0.98473825E+06 -0.81517243E+00 -0.12146982E+02 -0.11895094E+02 -0.73750664E+05 -0.33420466E+06 -0.93386734E+05 -0.22411078E+06 -0.25311258E+06 -0.10754190E+06 1989  238    2   43   12    0  0.79615194E+00  0.58362800E+00  0.15975173E+00  0.11816996E+00  0.10896197E+00 -0.98699707E+00 -0.59344596E+00  0.80467743E+00  0.17782986E-01
 1989  238    2   44   47 1000  0.68142406E+06 -0.11581579E+07 -0.54372788E+06 -0.11768754E+03 -0.87305901E+02 -0.68792868E+01 -0.42470641E+05 -0.10618826E+07 -0.98588012E+06 -0.81516260E+00 -0.12146752E+02 -0.11894880E+02 -0.77622367E+05 -0.33335997E+06 -0.93267859E+05 -0.22438895E+06 -0.25298986E+06 -0.10725009E+06 1989  238    2   44   47 1000  0.79615384E+00  0.58356613E+00  0.15996799E+00  0.11837316E+00  0.10905230E+00 -0.98696280E+00 -0.59340286E+00  0.80471003E+00  0.17743856E-01
 1989  238    2   46   24    0  0.67007594E+06 -0.11664845E+07 -0.54438825E+06 -0.11873037E+03 -0.86156448E+02 -0.68791695E+01 -0.42548895E+05 -0.10630486E+07 -0.98702200E+06 -0.81515276E+00 -0.12146523E+02 -0.11894668E+02 -0.81484344E+05 -0.33247041E+06 -0.93148828E+05 -0.22466686E+06 -0.25286683E+06 -0.10695814E+06 1989  238    2   46   24    0  0.79615343E+00  0.58356589E+00  0.15997037E+00  0.11837497E+00  0.10905375E+00 -0.98696238E+00 -0.59340298E+00  0.80470997E+00  0.17743923E-01
 1989  238    2   48    0    0  0.65862819E+06 -0.11746996E+07 -0.54504862E+06 -0.11976201E+03 -0.84994743E+02 -0.68790526E+01 -0.42627148E+05 -0.10642146E+07 -0.98816388E+06 -0.81514299E+00 -0.12146294E+02 -0.11894456E+02 -0.85336039E+05 -0.33153616E+06 -0.93029672E+05 -0.22494442E+06 -0.25274341E+06 -0.10666605E+06 1989  238    2   48    0    0  0.79616016E+00  0.58352941E+00  0.16006929E+00  0.11857945E+00  0.10894405E+00 -0.98694986E+00 -0.59335291E+00  0.80475122E+00  0.17542306E-01
 1989  238    2   49   36    0  0.64708200E+06 -0.11828026E+07 -0.54570900E+06 -0.12078230E+03 -0.83820885E+02 -0.68789358E+01 -0.42705402E+05 -0.10653806E+07 -0.98930575E+06 -0.81513321E+00 -0.12146066E+02 -0.11894244E+02 -0.89176953E+05 -0.33055728E+06 -0.92910383E+05 -0.22522164E+06 -0.25261962E+06 -0.10637377E+06 1989  238    2   49   36    0  0.79610467E+00  0.58358353E+00  0.16014868E+00  0.11867012E+00  0.10895264E+00 -0.98693806E+00 -0.59340942E+00  0.80471092E+00  0.17483782E-01
 1989  238    2   51   11 1000  0.63543838E+06 -0.11907928E+07 -0.54636938E+06 -0.12179111E+03 -0.82634987E+02 -0.68788195E+01 -0.42783656E+05 -0.10665466E+07 -0.99044762E+06 -0.81512344E+00 -0.12145838E+02 -0.11894033E+02 -0.93006539E+05 -0.32953391E+06 -0.92790945E+05 -0.22549858E+06 -0.25249553E+06 -0.10608136E+06 1989  238    2   51   11 1000  0.79607457E+00  0.58364022E+00  0.16009176E+00  0.11866567E+00  0.10886092E+00 -0.98694879E+00 -0.59345073E+00  0.80468220E+00  0.17403360E-01
 1989  238    2   52   48    0  0.62369844E+06 -0.11986682E+07 -0.54702975E+06 -0.12278831E+03 -0.81437172E+02 -0.68787031E+01 -0.42861910E+05 -0.10677126E+07 -0.99158944E+06 -0.81511366E+00 -0.12145610E+02 -0.11893823E+02 -0.96824336E+05 -0.32846616E+06 -0.92671383E+05 -0.22577520E+06 -0.25237106E+06 -0.10578880E+06 1989  238    2   52   48    0  0.79606152E+00  0.58365178E+00  0.16011524E+00  0.11876552E+00  0.10876474E+00 -0.98694736E+00 -0.59344846E+00  0.80468684E+00  0.17265711E-01
 1989  238    2   54   24    0  0.61186331E+06 -0.12064284E+07 -0.54769012E+06 -0.12377375E+03 -0.80227539E+02 -0.68785868E+01 -0.42940160E+05 -0.10688786E+07 -0.99273125E+06 -0.81510389E+00 -0.12145384E+02 -0.11893612E+02 -0.10062981E+06 -0.32735422E+06 -0.92551695E+05 -0.22605148E+06 -0.25224622E+06 -0.10549607E+06 1989  238    2   54   24    0  0.79605848E+00  0.58363426E+00  0.16019350E+00  0.11886722E+00  0.10875887E+00 -0.98693568E+00 -0.59343195E+00  0.80470031E+00  0.17203443E-01
 1989  238    2   56    0    0  0.59993425E+06 -0.12140719E+07 -0.54835044E+06 -0.12474728E+03 -0.79006203E+02 -0.68784709E+01 -0.43018410E+05 -0.10700446E+07 -0.99387300E+06 -0.81509417E+00 -0.12145158E+02 -0.11893402E+02 -0.10442242E+06 -0.32619822E+06 -0.92431883E+05 -0.22632744E+06 -0.25212102E+06 -0.10520323E+06 1989  238    2   56    0    0  0.79598010E+00  0.58371907E+00  0.16027473E+00  0.11895318E+00  0.10877589E+00 -0.98692358E+00 -0.59352005E+00  0.80463660E+00  0.17148208E-01
 1989  238    2   57   36    0  0.58791225E+06 -0.12215974E+07 -0.54901075E+06 -0.12570878E+03 -0.77773293E+02 -0.68783555E+01 -0.43096656E+05 -0.10712106E+07 -0.99501475E+06 -0.81508440E+00 -0.12144932E+02 -0.11893193E+02 -0.10820169E+06 -0.32499825E+06 -0.92311945E+05 -0.22660309E+06 -0.25199548E+06 -0.10491023E+06 1989  238    2   57   36    0  0.79608166E+00  0.58355904E+00  0.16035306E+00  0.11907533E+00  0.10874772E+00 -0.98691195E+00 -0.59335935E+00  0.80475646E+00  0.17084599E-01
 1989  238    2   59   11 1000  0.57579856E+06 -0.12290039E+07 -0.54967106E+06 -0.12665811E+03 -0.76528931E+02 -0.68782401E+01 -0.43174906E+05 -0.10723766E+07 -0.99615650E+06 -0.81507468E+00 -0.12144707E+02 -0.11892984E+02 -0.11196707E+06 -0.32375450E+06 -0.92191883E+05 -0.22687844E+06 -0.25186958E+06 -0.10461707E+06 1989  238    2   59   11 1000  0.79603952E+00  0.58360004E+00  0.16041261E+00  0.11906815E+00  0.10885609E+00 -0.98690081E+00 -0.59341723E+00  0.80471194E+00  0.17165564E-01
 1989  238    3    0   48    0  0.56359431E+06 -0.12362904E+07 -0.55033138E+06 -0.12759515E+03 -0.75273216E+02 -0.68781247E+01 -0.43253152E+05 -0.10735426E+07 -0.99729819E+06 -0.81506503E+00 -0.12144482E+02 -0.11892776E+02 -0.11571807E+06 -0.32246716E+06 -0.92071688E+05 -0.22715344E+06 -0.25174330E+06 -0.10432376E+06 1989  238    3    0   48    0  0.79608262E+00  0.58348793E+00  0.16060704E+00  0.11917956E+00  0.10903601E+00 -0.98686749E+00 -0.59333718E+00  0.80476898E+00  0.17261855E-01
 1989  238    3    2   24    0  0.55130069E+06 -0.12434559E+07 -0.55099169E+06 -0.12851974E+03 -0.74006287E+02 -0.68780098E+01 -0.43331398E+05 -0.10747081E+07 -0.99843994E+06 -0.81505531E+00 -0.12144258E+02 -0.11892569E+02 -0.11945420E+06 -0.32113638E+06 -0.91951344E+05 -0.22742812E+06 -0.25161670E+06 -0.10403028E+06 1989  238    3    2   24    0  0.79602873E+00  0.58354902E+00  0.16065121E+00  0.11937134E+00  0.10884785E+00 -0.98686504E+00 -0.59337062E+00  0.80475008E+00  0.16986981E-01
 1989  238    3    4    0    0  0.53891894E+06 -0.12504994E+07 -0.55165200E+06 -0.12943176E+03 -0.72728256E+02 -0.68778954E+01 -0.43409641E+05 -0.10758736E+07 -0.99958156E+06 -0.81504565E+00 -0.12144033E+02 -0.11892361E+02 -0.12317495E+06 -0.31976234E+06 -0.91830875E+05 -0.22770250E+06 -0.25148973E+06 -0.10373669E+06 1989  238    3    4    0    0  0.79599190E+00  0.58354539E+00  0.16084673E+00  0.11946586E+00  0.10904858E+00 -0.98683143E+00 -0.59340107E+00  0.80472553E+00  0.17088033E-01
 1989  238    3    5   36    0  0.52645019E+06 -0.12574194E+07 -0.55231225E+06 -0.13033109E+03 -0.71439240E+02 -0.68777809E+01 -0.43487887E+05 -0.10770396E+07 -0.10007232E+07 -0.81503600E+00 -0.12143810E+02 -0.11892154E+02 -0.12687986E+06 -0.31834516E+06 -0.91710281E+05 -0.22797655E+06 -0.25136241E+06 -0.10344297E+06 1989  238    3    5   36    0  0.79604030E+00  0.58345711E+00  0.16092739E+00  0.11957842E+00  0.10903465E+00 -0.98681933E+00 -0.59331346E+00  0.80479139E+00  0.17027099E-01
 1989  238    3    7   11 1000  0.51389572E+06 -0.12642154E+07 -0.55297250E+06 -0.13121756E+03 -0.70139389E+02 -0.68776670E+01 -0.43566129E+05 -0.10782056E+07 -0.10018649E+07 -0.81502634E+00 -0.12143588E+02 -0.11891947E+02 -0.13056840E+06 -0.31688509E+06 -0.91589562E+05 -0.22825030E+06 -0.25123475E+06 -0.10314906E+06 1989  238    3    7   11 1000  0.79599595E+00  0.58350122E+00  0.16098639E+00  0.11957090E+00  0.10914248E+00 -0.98680830E+00 -0.59337431E+00  0.80474472E+00  0.17107207E-01
 1989  238    3    8   48    0  0.50125678E+06 -0.12708859E+07 -0.55363275E+06 -0.13209109E+03 -0.68828819E+02 -0.68775535E+01 -0.43644371E+05 -0.10793716E+07 -0.10030065E+07 -0.81501669E+00 -0.12143366E+02 -0.11891741E+02 -0.13424000E+06 -0.31538231E+06 -0.91468711E+05 -0.22852370E+06 -0.25110672E+06 -0.10285499E+06 1989  238    3    8   48    0  0.79601896E+00  0.58348620E+00  0.16092752E+00  0.11957440E+00  0.10903932E+00 -0.98681927E+00 -0.59334290E+00  0.80476964E+00  0.17027356E-01
 1989  238    3   10   24    0  0.48853466E+06 -0.12774299E+07 -0.55429300E+06 -0.13295154E+03 -0.67507668E+02 -0.68774400E+01 -0.43722613E+05 -0.10805371E+07 -0.10041481E+07 -0.81500709E+00 -0.12143144E+02 -0.11891536E+02 -0.13789427E+06 -0.31383703E+06 -0.91347711E+05 -0.22879677E+06 -0.25097834E+06 -0.10256080E+06 1989  238    3   10   24    0  0.79604644E+00  0.58349323E+00  0.16076650E+00  0.11937422E+00  0.10903978E+00 -0.98684353E+00 -0.59334648E+00  0.80476457E+00  0.17146688E-01
 1989  238    3   12    0    0  0.47573056E+06 -0.12838468E+07 -0.55495325E+06 -0.13379875E+03 -0.66176048E+02 -0.68773265E+01 -0.43800852E+05 -0.10817026E+07 -0.10052897E+07 -0.81499749E+00 -0.12142922E+02 -0.11891331E+02 -0.14153064E+06 -0.31224941E+06 -0.91226617E+05 -0.22906952E+06 -0.25084958E+06 -0.10226649E+06 1989  238    3   12    0    0  0.79614073E+00  0.58341479E+00  0.16058488E+00  0.11908758E+00  0.10912618E+00 -0.98686862E+00 -0.59327775E+00  0.80480975E+00  0.17402362E-01
 1989  238    3   13   36    0  0.46284575E+06 -0.12901358E+07 -0.55561344E+06 -0.13463266E+03 -0.64834106E+02 -0.68772130E+01 -0.43879090E+05 -0.10828686E+07 -0.10064312E+07 -0.81498790E+00 -0.12142702E+02 -0.11891126E+02 -0.14514866E+06 -0.31061966E+06 -0.91105398E+05 -0.22934195E+06 -0.25072048E+06 -0.10197202E+06 1989  238    3   13   36    0  0.79612195E+00  0.58350635E+00  0.16034414E+00  0.11877711E+00  0.10913906E+00 -0.98690462E+00 -0.59336489E+00  0.80474162E+00  0.17580803E-01
 1989  238    3   15   11 1000  0.44988159E+06 -0.12962951E+07 -0.55627362E+06 -0.13545309E+03 -0.63481972E+02 -0.68771000E+01 -0.43957328E+05 -0.10840341E+07 -0.10075728E+07 -0.81497830E+00 -0.12142482E+02 -0.11890922E+02 -0.14874786E+06 -0.30894797E+06 -0.90984023E+05 -0.22961408E+06 -0.25059105E+06 -0.10167740E+06 1989  238    3   15   11 1000  0.79620415E+00  0.58346021E+00  0.16010374E+00  0.11848630E+00  0.10913097E+00 -0.98694050E+00 -0.59331274E+00  0.80477619E+00  0.17758500E-01
 1989  238    3   16   48    0  0.43683925E+06 -0.13023240E+07 -0.55693381E+06 -0.13625993E+03 -0.62119778E+02 -0.68769875E+01 -0.44035566E+05 -0.10851996E+07 -0.10087143E+07 -0.81496871E+00 -0.12142262E+02 -0.11890718E+02 -0.15232777E+06 -0.30723466E+06 -0.90862523E+05 -0.22988588E+06 -0.25046123E+06 -0.10138265E+06 1989  238    3   16   48    0  0.79624408E+00  0.58347112E+00  0.15986581E+00  0.11818998E+00  0.10913262E+00 -0.98697591E+00 -0.59331846E+00  0.80476809E+00  0.17935775E-01
 1989  238    3   18   24    0  0.42372006E+06 -0.13082220E+07 -0.55759400E+06 -0.13705309E+03 -0.60747646E+02 -0.68768749E+01 -0.44113805E+05 -0.10863656E+07 -0.10098558E+07 -0.81495917E+00 -0.12142043E+02 -0.11890514E+02 -0.15588784E+06 -0.30547988E+06 -0.90740898E+05 -0.23015734E+06 -0.25033108E+06 -0.10108777E+06 1989  238    3   18   24    0  0.79626334E+00  0.58350384E+00  0.15964955E+00  0.11799148E+00  0.10903682E+00 -0.98701018E+00 -0.59333187E+00  0.80475730E+00  0.17973538E-01
 1989  238    3   20    0    0  0.41052538E+06 -0.13139874E+07 -0.55825419E+06 -0.13783241E+03 -0.59365738E+02 -0.68767629E+01 -0.44192039E+05 -0.10875311E+07 -0.10109972E+07 -0.81494963E+00 -0.12141825E+02 -0.11890311E+02 -0.15942762E+06 -0.30368384E+06 -0.90619141E+05 -0.23042847E+06 -0.25020056E+06 -0.10079273E+06 1989  238    3   20    0    0  0.79624623E+00  0.58348978E+00  0.15978718E+00  0.11809036E+00  0.10913477E+00 -0.98698753E+00 -0.59333539E+00  0.80475432E+00  0.17993648E-01
 1989  238    3   21   36    0  0.39725666E+06 -0.13196198E+07 -0.55891438E+06 -0.13859781E+03 -0.57974194E+02 -0.68766513E+01 -0.44270273E+05 -0.10886968E+07 -0.10121387E+07 -0.81494009E+00 -0.12141606E+02 -0.11890108E+02 -0.16294661E+06 -0.30184684E+06 -0.90497266E+05 -0.23069928E+06 -0.25006969E+06 -0.10049755E+06 1989  238    3   21   36    0  0.79623407E+00  0.58349991E+00  0.15980977E+00  0.11819014E+00  0.10903694E+00 -0.98698640E+00 -0.59333163E+00  0.80476010E+00  0.17855000E-01
 1989  238    3   23   12    0  0.38391509E+06 -0.13251181E+07 -0.55957450E+06 -0.13934915E+03 -0.56573147E+02 -0.68765397E+01 -0.44348508E+05 -0.10898621E+07 -0.10132801E+07 -0.81493056E+00 -0.12141388E+02 -0.11889907E+02 -0.16644436E+06 -0.29996909E+06 -0.90375266E+05 -0.23096978E+06 -0.24993847E+06 -0.10020220E+06 1989  238    3   23   12    0  0.79626638E+00  0.58344018E+00  0.15986755E+00  0.11819886E+00  0.10912460E+00 -0.98697567E+00 -0.59328675E+00  0.80479157E+00  0.17930292E-01
 1989  238    3   24   47 1000  0.37050209E+06 -0.13304815E+07 -0.56023469E+06 -0.14008630E+03 -0.55162739E+02 -0.68764281E+01 -0.44426738E+05 -0.10910278E+07 -0.10144216E+07 -0.81492102E+00 -0.12141171E+02 -0.11889705E+02 -0.16992044E+06 -0.29805081E+06 -0.90253109E+05 -0.23123994E+06 -0.24980691E+06 -0.99906734E+05 1989  238    3   24   47 1000  0.79623193E+00  0.58348167E+00  0.15988766E+00  0.11829233E+00  0.10903000E+00 -0.98697490E+00 -0.59331429E+00  0.80477434E+00  0.17791763E-01
 1989  238    3   26   24    0  0.35701900E+06 -0.13357089E+07 -0.56089481E+06 -0.14080917E+03 -0.53743107E+02 -0.68763165E+01 -0.44504973E+05 -0.10921938E+07 -0.10155630E+07 -0.81491154E+00 -0.12140954E+02 -0.11889503E+02 -0.17337431E+06 -0.29609228E+06 -0.90130828E+05 -0.23150977E+06 -0.24967500E+06 -0.99611133E+05 1989  238    3   26   24    0  0.79628360E+00  0.58341020E+00  0.15989058E+00  0.11830515E+00  0.10902018E+00 -0.98697442E+00 -0.59324223E+00  0.80482739E+00  0.17790556E-01
 1989  238    3   28    0    0  0.34346719E+06 -0.13407998E+07 -0.56155494E+06 -0.14151767E+03 -0.52314404E+02 -0.68762054E+01 -0.44583203E+05 -0.10933591E+07 -0.10167044E+07 -0.81490207E+00 -0.12140738E+02 -0.11889303E+02 -0.17680555E+06 -0.29409372E+06 -0.90008453E+05 -0.23177927E+06 -0.24954275E+06 -0.99315383E+05 1989  238    3   28    0    0  0.79628026E+00  0.58339345E+00  0.15996888E+00  0.11840691E+00  0.10901445E+00 -0.98696291E+00 -0.59322655E+00  0.80484045E+00  0.17728247E-01
 1989  238    3   29   35 1000  0.32984812E+06 -0.13457531E+07 -0.56221500E+06 -0.14221164E+03 -0.50876778E+02 -0.68760948E+01 -0.44661434E+05 -0.10945248E+07 -0.10178458E+07 -0.81489259E+00 -0.12140522E+02 -0.11889103E+02 -0.18021367E+06 -0.29205547E+06 -0.89885953E+05 -0.23204845E+06 -0.24941011E+06 -0.99019477E+05 1989  238    3   29   35 1000  0.79623878E+00  0.58344400E+00  0.15999065E+00  0.11850058E+00  0.10892206E+00 -0.98696184E+00 -0.59326351E+00  0.80481625E+00  0.17589517E-01
 1989  238    3   31   12    0  0.31616303E+06 -0.13505675E+07 -0.56287512E+06 -0.14289099E+03 -0.49430355E+02 -0.68759842E+01 -0.44739664E+05 -0.10956902E+07 -0.10189871E+07 -0.81488311E+00 -0.12140306E+02 -0.11888903E+02 -0.18359820E+06 -0.28997772E+06 -0.89763289E+05 -0.23231733E+06 -0.24927714E+06 -0.98723445E+05 1989  238    3   31   12    0  0.79620415E+00  0.58348501E+00  0.16001335E+00  0.11859582E+00  0.10882959E+00 -0.98696053E+00 -0.59329093E+00  0.80479896E+00  0.17451696E-01
 1989  238    3   32   47 1000  0.30241341E+06 -0.13552429E+07 -0.56353519E+06 -0.14355565E+03 -0.47975296E+02 -0.68758740E+01 -0.44817891E+05 -0.10968552E+07 -0.10201284E+07 -0.81487370E+00 -0.12140092E+02 -0.11888703E+02 -0.18695875E+06 -0.28786078E+06 -0.89640508E+05 -0.23258586E+06 -0.24914383E+06 -0.98427281E+05 1989  238    3   32   47 1000  0.79625398E+00  0.58339542E+00  0.16009215E+00  0.11870873E+00  0.10881221E+00 -0.98694897E+00 -0.59320140E+00  0.80486631E+00  0.17388042E-01
 1989  238    3   34   24    0  0.28860075E+06 -0.13597786E+07 -0.56419525E+06 -0.14420544E+03 -0.46511772E+02 -0.68757639E+01 -0.44896121E+05 -0.10980208E+07 -0.10212697E+07 -0.81486428E+00 -0.12139877E+02 -0.11888504E+02 -0.19029480E+06 -0.28570494E+06 -0.89517633E+05 -0.23285405E+06 -0.24901014E+06 -0.98130969E+05 1989  238    3   34   24    0  0.79616088E+00  0.58351630E+00  0.16011503E+00  0.11879160E+00  0.10873392E+00 -0.98694760E+00 -0.59330988E+00  0.80478925E+00  0.17252881E-01
 1989  238    3   36    0    0  0.27472647E+06 -0.13641735E+07 -0.56485531E+06 -0.14484032E+03 -0.45039917E+02 -0.68756537E+01 -0.44974348E+05 -0.10991862E+07 -0.10224110E+07 -0.81485486E+00 -0.12139663E+02 -0.11888306E+02 -0.19360589E+06 -0.28351047E+06 -0.89394602E+05 -0.23312192E+06 -0.24887611E+06 -0.97834531E+05 1989  238    3   36    0    0  0.79620802E+00  0.58343011E+00  0.16019382E+00  0.11890398E+00  0.10871698E+00 -0.98693585E+00 -0.59322393E+00  0.80485392E+00  0.17189182E-01
 1989  238    3   37   36    0  0.26079194E+06 -0.13684264E+07 -0.56551538E+06 -0.14546016E+03 -0.43559883E+02 -0.68755445E+01 -0.45052570E+05 -0.11003518E+07 -0.10235522E+07 -0.81484544E+00 -0.12139449E+02 -0.11888107E+02 -0.19689166E+06 -0.28127762E+06 -0.89271445E+05 -0.23338947E+06 -0.24874172E+06 -0.97537938E+05 1989  238    3   37   36    0  0.79626548E+00  0.58331382E+00  0.16033195E+00  0.11901838E+00  0.10879815E+00 -0.98691320E+00 -0.59312391E+00  0.80492735E+00  0.17207127E-01
 1989  238    3   39   12    0  0.24679864E+06 -0.13725366E+07 -0.56617544E+06 -0.14606487E+03 -0.42071827E+02 -0.68754354E+01 -0.45130797E+05 -0.11015172E+07 -0.10246935E+07 -0.81483603E+00 -0.12139236E+02 -0.11887910E+02 -0.20015156E+06 -0.27900675E+06 -0.89148195E+05 -0.23365669E+06 -0.24860697E+06 -0.97241188E+05 1989  238    3   39   12    0  0.79625428E+00  0.58332276E+00  0.16035485E+00  0.11911851E+00  0.10870048E+00 -0.98691189E+00 -0.59311879E+00  0.80493402E+00  0.17068673E-01
 1989  238    3   40   47 1000  0.23274802E+06 -0.13765034E+07 -0.56683550E+06 -0.14665431E+03 -0.40575897E+02 -0.68753262E+01 -0.45209020E+05 -0.11026822E+07 -0.10258348E+07 -0.81482667E+00 -0.12139024E+02 -0.11887712E+02 -0.20338519E+06 -0.27669812E+06 -0.89024781E+05 -0.23392356E+06 -0.24847188E+06 -0.96944344E+05 1989  238    3   40   47 1000  0.79621542E+00  0.58332253E+00  0.16054897E+00  0.11921105E+00  0.10890149E+00 -0.98687851E+00 -0.59315246E+00  0.80490708E+00  0.17170563E-01
 1989  238    3   42   24    0  0.21864153E+06 -0.13803268E+07 -0.56749550E+06 -0.14722844E+03 -0.39072262E+02 -0.68752174E+01 -0.45287242E+05 -0.11038478E+07 -0.10269759E+07 -0.81481725E+00 -0.12138812E+02 -0.11887515E+02 -0.20659214E+06 -0.27435203E+06 -0.88901250E+05 -0.23419009E+06 -0.24833644E+06 -0.96647375E+05 1989  238    3   42   24    0  0.79620510E+00  0.58333015E+00  0.16057193E+00  0.11931120E+00  0.10880382E+00 -0.98687726E+00 -0.59314609E+00  0.80491477E+00  0.17032340E-01
 1989  238    3   44    0    0  0.20448059E+06 -0.13840055E+07 -0.56815556E+06 -0.14778712E+03 -0.37561062E+02 -0.68751087E+01 -0.45365465E+05 -0.11050132E+07 -0.10281172E+07 -0.81480789E+00 -0.12138600E+02 -0.11887319E+02 -0.20977200E+06 -0.27196881E+06 -0.88777594E+05 -0.23445631E+06 -0.24820066E+06 -0.96350211E+05 1989  238    3   44    0    0  0.79624230E+00  0.58326340E+00  0.16063049E+00  0.11932108E+00  0.10889137E+00 -0.98686635E+00 -0.59309423E+00  0.80495131E+00  0.17108288E-01
 1989  238    3   45   36    0  0.19026678E+06 -0.13875384E+07 -0.56881556E+06 -0.14833029E+03 -0.36042461E+02 -0.68750000E+01 -0.45443684E+05 -0.11061782E+07 -0.10292583E+07 -0.81479853E+00 -0.12138390E+02 -0.11887123E+02 -0.21292425E+06 -0.26954878E+06 -0.88653812E+05 -0.23472222E+06 -0.24806452E+06 -0.96052930E+05 1989  238    3   45   36    0  0.79623544E+00  0.58322889E+00  0.16079007E+00  0.11952426E+00  0.10888530E+00 -0.98684245E+00 -0.59306264E+00  0.80497712E+00  0.16988341E-01
 1989  238    3   47   12    0  0.17600164E+06 -0.13909251E+07 -0.56947556E+06 -0.14885783E+03 -0.34516628E+02 -0.68748918E+01 -0.45521906E+05 -0.11073438E+07 -0.10303995E+07 -0.81478924E+00 -0.12138179E+02 -0.11886928E+02 -0.21604852E+06 -0.26709225E+06 -0.88529938E+05 -0.23498778E+06 -0.24792805E+06 -0.95755523E+05 1989  238    3   47   12    0  0.79622388E+00  0.58323830E+00  0.16081245E+00  0.11962251E+00  0.10878924E+00 -0.98684108E+00 -0.59305823E+00  0.80498326E+00  0.16852152E-01
 1989  238    3   48   48    0  0.16168659E+06 -0.13941654E+07 -0.57013550E+06 -0.14936966E+03 -0.32983719E+02 -0.68747840E+01 -0.45600125E+05 -0.11085092E+07 -0.10315406E+07 -0.81477994E+00 -0.12137968E+02 -0.11886732E+02 -0.21914438E+06 -0.26459956E+06 -0.88405906E+05 -0.23525298E+06 -0.24779123E+06 -0.95457992E+05 1989  238    3   48   48    0  0.79620266E+00  0.58326697E+00  0.16081350E+00  0.11961827E+00  0.10879567E+00 -0.98684090E+00 -0.59308755E+00  0.80496162E+00  0.16854025E-01
 1989  238    3   50   24    0  0.14732320E+06 -0.13972581E+07 -0.57079550E+06 -0.14986568E+03 -0.31443905E+02 -0.68746762E+01 -0.45678344E+05 -0.11096742E+07 -0.10326818E+07 -0.81477058E+00 -0.12137758E+02 -0.11886537E+02 -0.22221141E+06 -0.26207097E+06 -0.88281750E+05 -0.23551789E+06 -0.24765405E+06 -0.95160328E+05 1989  238    3   50   24    0  0.79616851E+00  0.58328313E+00  0.16092469E+00  0.11960779E+00  0.10899649E+00 -0.98682010E+00 -0.59313565E+00  0.80492282E+00  0.17014366E-01
 1989  238    3   52    0    0  0.13291294E+06 -0.14002024E+07 -0.57145544E+06 -0.15034581E+03 -0.29897341E+02 -0.68745685E+01 -0.45756559E+05 -0.11108392E+07 -0.10338228E+07 -0.81476128E+00 -0.12137549E+02 -0.11886342E+02 -0.22524919E+06 -0.25950689E+06 -0.88157461E+05 -0.23578245E+06 -0.24751652E+06 -0.94862516E+05 1989  238    3   52    0    0  0.79621840E+00  0.58331823E+00  0.16054906E+00  0.11921132E+00  0.10890136E+00 -0.98687845E+00 -0.59314823E+00  0.80491012E+00  0.17171137E-01
 1989  238    3   53   36    0  0.11845735E+06 -0.14029976E+07 -0.57211538E+06 -0.15080997E+03 -0.28344177E+02 -0.68744612E+01 -0.45834777E+05 -0.11120042E+07 -0.10349639E+07 -0.81475204E+00 -0.12137341E+02 -0.11886148E+02 -0.22825733E+06 -0.25690764E+06 -0.88033055E+05 -0.23604667E+06 -0.24737862E+06 -0.94564578E+05 1989  238    3   53   36    0  0.79628521E+00  0.58325559E+00  0.16044591E+00  0.11901937E+00  0.10899068E+00 -0.98689187E+00 -0.59309727E+00  0.80494344E+00  0.17368946E-01
 1989  238    3   55   11 1000  0.10395800E+06 -0.14056440E+07 -0.57277531E+06 -0.15125804E+03 -0.26784592E+02 -0.68743539E+01 -0.45912992E+05 -0.11131698E+07 -0.10361050E+07 -0.81474274E+00 -0.12137132E+02 -0.11885955E+02 -0.23123541E+06 -0.25427353E+06 -0.87908523E+05 -0.23631058E+06 -0.24724038E+06 -0.94266484E+05 1989  238    3   55   11 1000  0.79630876E+00  0.58330476E+00  0.16015019E+00  0.11871952E+00  0.10889836E+00 -0.98693818E+00 -0.59312582E+00  0.80492038E+00  0.17467041E-01
 1989  238    3   56   48    0  0.89416320E+05 -0.14081402E+07 -0.57343531E+06 -0.15168999E+03 -0.25218752E+02 -0.68742466E+01 -0.45991207E+05 -0.11143352E+07 -0.10372460E+07 -0.81473345E+00 -0.12136924E+02 -0.11885761E+02 -0.23418302E+06 -0.25160495E+06 -0.87783867E+05 -0.23657417E+06 -0.24710178E+06 -0.93968266E+05 1989  238    3   56   48    0  0.79636973E+00  0.58328748E+00  0.15990931E+00  0.11842600E+00  0.10889219E+00 -0.98697400E+00 -0.59310246E+00  0.80493367E+00  0.17642036E-01
 1989  238    3   58   24    0  0.74833945E+05 -0.14104860E+07 -0.57409525E+06 -0.15210570E+03 -0.23646826E+02 -0.68741403E+01 -0.46069422E+05 -0.11155002E+07 -0.10383870E+07 -0.81472421E+00 -0.12136716E+02 -0.11885569E+02 -0.23709977E+06 -0.24890225E+06 -0.87659117E+05 -0.23683741E+06 -0.24696288E+06 -0.93669914E+05 1989  238    3   58   24    0  0.79645109E+00  0.58322048E+00  0.15974867E+00  0.11823718E+00  0.10888080E+00 -0.98699796E+00 -0.59303099E+00  0.80498374E+00  0.17759878E-01
 1989  238    4    0    0    0  0.60212516E+05 -0.14126808E+07 -0.57475512E+06 -0.15250511E+03 -0.22068979E+02 -0.68740339E+01 -0.46147637E+05 -0.11166652E+07 -0.10395280E+07 -0.81471497E+00 -0.12136509E+02 -0.11885377E+02 -0.23998527E+06 -0.24616578E+06 -0.87534203E+05 -0.23710028E+06 -0.24682359E+06 -0.93371445E+05 1989  238    4    0    0    0  0.79646313E+00  0.58320969E+00  0.15972771E+00  0.11814095E+00  0.10897652E+00 -0.98699886E+00 -0.59303391E+00  0.80497855E+00  0.17894827E-01
