##L_SHORT#######1989 233 19 55 59.923 status LS
#      #
#      #
#CUP_A#
  103.726 103.726 294.45 103.726 365.394 103.726 128.717 103.726 806.328 1982.15 103.726 487.261 103.726 159.73 698.251 750.346
#CUP_B#
  103.726 103.726 103.726 198.215 103.726 103.726 103.726 103.726 626.811 453.431 103.726 103.726 103.726 103.726 103.726 103.726
#CUP_C#
  103.726 103.726 103.726 103.726 103.726 103.726 191.21 103.726 392.655 2054.762 138.32 421.95 177.935 213.003 159.73 228.895
#CUP_D#
  103.726 103.726 103.726 103.726 103.726 103.726 103.726 103.726 103.726 103.726 103.726 138.32 128.717 177.935 103.726 103.726
##L_LONG########1989 233 19 56 12.163 status LL
#      #
#      #
#CUP_A#
  5.055 48.767 124.274 65.032 111.559 3.055 3.055 25.52 778.492 2131.838 83.657 487.673 229.089 966.06 1076.166 1242.737
#CUP_B#
  3.055 32.829 28.429 3.055 3.055 3.055 3.055 3.055 778.492 698.842 3.055 3.055 3.055 3.055 3.055 3.055
#CUP_C#
  3.055 3.055 11.565 40.738 15.422 50.554 14.877 25.52 392.988 2290.889 100.145 453.815 246.181 198.383 237.481 305.495
#CUP_D#
  29.47 12.427 3.283 3.055 3.055 3.055 3.055 3.055 96.606 80.701 107.617 56.316 3.055 3.055 3.055 3.055
##ELECTR_SHORT##1989 233 19 56 31.003 status ES
# E1: 1989 233 19 56 06.883;   E2: 1989 233 19 56 54.883   #
#      #
  103.726 103.726 103.726 103.726 103.726 143.388 103.726 103.726 133.432 103.726 213.003 103.726 103.726 103.726 103.726 103.726 103.726 103.726 103.726 133.432 143.388 184.453 213.003 184.453 133.432 103.726 103.726 103.726
##L_SHORT#######1989 233 19 56 47.923 status LS
#      #
#      #
#CUP_A#
  392.655 103.726 352.482 103.726 274.007 103.726 274.007 103.726 604.66 2054.762 103.726 931.132 103.726 562.68 316.418 1241.685
#CUP_B#
  111.464 103.726 198.215 103.726 103.726 103.726 103.726 177.935 750.346 191.21 103.726 103.726 103.726 103.726 103.726 103.726
#CUP_C#
  103.726 103.726 103.726 103.726 103.726 103.726 184.453 103.726 505.111 2372.802 103.726 505.111 115.548 284.045 103.726 294.45
#CUP_D#
  103.726 103.726 103.726 103.726 103.726 103.726 103.726 154.085 103.726 165.581 103.726 103.726 119.781 103.726 128.717 103.726
##ELECTR_LONG###1989 233 19 56 53.923 status EL
# E1: 1989 233 19 57 17.443;   E2: 1989 233 19 56 29.443   #
#      #
  3.055 3.055 9.661 3.055 28.429 56.316 3.055 42.231 26.455 9.319 3.055 3.055 30.549 36.57 32.829 52.406 25.52 3.055 3.055 3.055 3.055 3.055 107.617 80.701 138.438 184.61 836.574 698.842
##L_LONG########1989 233 19 57 00.162 status LL
#      #
#      #
#CUP_A#
  264.548 69.884 107.617 3.055 23.748 3.055 16.572 138.438 807.01 1913.723 89.899 487.673 154.216 966.06 1076.166 1288.262
#CUP_B#
  48.767 3.055 40.738 3.055 133.545 36.57 3.055 3.055 966.06 524.058 3.055 3.055 3.055 3.055 3.055 3.055
#CUP_C#
  58.379 3.055 22.099 3.055 3.055 4.704 3.055 8.07 470.44 2290.889 77.849 422.308 274.239 205.65 294.699 305.495
#CUP_D#
  3.055 28.429 40.738 19.137 3.055 3.055 3.055 19.137 12.883 3.055 3.055 17.809 50.554 3.055 3.055 3.055
##L_SHORT#######1989 233 19 57 35.923 status LS
#      #
#      #
#CUP_A#
  103.726 254.983 103.726 316.418 103.726 228.895 103.726 103.726 649.773 1912.104 171.647 316.418 294.45 103.726 965.243 626.811
#CUP_B#
  103.726 103.726 159.73 103.726 213.003 103.726 103.726 103.726 649.773 523.614 103.726 103.726 103.726 103.726 103.726 103.726
#CUP_C#
  103.726 103.726 103.726 103.726 103.726 191.21 103.726 103.726 505.111 2459.725 154.085 378.779 328.01 159.73 103.726 254.983
#CUP_D#
  103.726 103.726 103.726 103.726 103.726 103.726 103.726 103.726 103.726 159.73 103.726 184.453 103.726 128.717 103.726 103.726
##L_LONG########1989 233 19 57 48.163 status LL
#      #
#      #
#CUP_A#
  7.51 171.792 75.098 3.055 3.055 3.055 3.055 86.722 698.842 2131.838 3.055 437.778 143.509 1001.45 1115.589 1288.262
#CUP_B#
  3.055 3.055 3.055 3.055 67.415 67.415 3.055 3.055 698.842 807.01 3.055 3.055 3.055 3.055 3.055 3.055
#CUP_C#
  3.055 34.031 3.055 3.055 8.672 3.055 3.055 67.415 392.988 2374.811 154.216 407.384 220.993 213.184 274.239 264.548
#CUP_D#
  19.137 43.778 31.669 3.055 3.055 3.055 12.883 25.52 3.055 3.055 29.47 56.316 10.762 3.055 3.055 3.055
##ELECTR_SHORT##1989 233 19 58 07.003 status ES
# E1: 1989 233 19 57 42.883;   E2: 1989 233 19 58 30.883   #
#      #
  103.726 107.525 103.726 103.726 103.726 103.726 103.726 103.726 205.476 103.726 138.32 103.726 115.548 103.726 103.726 103.726 103.726 103.726 103.726 128.717 184.453 220.806 205.476 128.717 119.781 103.726 103.726 103.726
##L_SHORT#######1989 233 19 58 23.922 status LS
#      #
#      #
#CUP_A#
  103.726 378.779 103.726 103.726 171.647 103.726 316.418 103.726 1037.257 1433.876 365.394 103.726 274.007 103.726 777.833 673.576
#CUP_B#
  392.655 103.726 274.007 103.726 143.388 103.726 103.726 103.726 542.796 562.68 103.726 103.726 103.726 103.726 103.726 103.726
#CUP_C#
  103.726 103.726 128.717 103.726 128.717 103.726 228.895 103.726 340.025 2459.725 103.726 437.408 220.806 184.453 159.73 254.983
#CUP_D#
  103.726 103.726 103.726 103.726 103.726 237.28 103.726 305.236 103.726 103.726 103.726 103.726 103.726 103.726 103.726 103.726
##ELECTR_LONG###1989 233 19 58 29.923 status EL
# E1: 1989 233 19 58 53.442;   E2: 1989 233 19 58 05.443   #
#      #
  3.055 3.055 3.055 3.055 24.618 30.549 30.549 6.273 39.299 22.099 17.179 28.429 18.461 29.47 43.778 17.179 3.055 54.326 3.055 3.055 3.055 17.179 80.701 103.814 80.701 165.722 867.22 698.842
##L_LONG########1989 233 19 58 36.163 status LL
#      #
#      #
#CUP_A#
  62.734 119.882 264.548 8.99 8.366 3.055 36.57 184.61 650.323 2056.502 23.748 255.199 453.815 1001.45 1115.589 1335.455
#CUP_B#
  3.055 3.055 3.055 23.748 3.055 28.429 3.055 3.055 807.01 807.01 3.055 3.055 3.055 3.055 3.055 3.055
#CUP_C#
  3.055 3.055 3.055 3.055 3.528 30.549 3.055 20.565 352.78 2290.889 72.444 437.778 165.722 205.65 246.181 305.495
#CUP_D#
  3.055 21.318 42.231 17.179 3.055 3.055 3.055 28.429 7.51 3.055 7.51 35.278 42.231 3.055 3.055 3.055
##L_SHORT#######1989 233 19 59 11.923 status LS
#      #
#      #
#CUP_A#
  470.042 103.726 305.236 103.726 159.73 103.726 103.726 103.726 723.83 1982.15 103.726 470.042 103.726 213.003 777.833 806.328
#CUP_B#
  103.726 133.432 103.726 103.726 103.726 103.726 103.726 103.726 806.328 365.394 103.726 103.726 103.726 103.726 103.726 103.726
#CUP_C#
  103.726 103.726 103.726 103.726 103.726 103.726 103.726 103.726 328.01 2459.725 103.726 505.111 103.726 103.726 213.003 305.236
#CUP_D#
  103.726 148.64 103.726 103.726 103.726 103.726 103.726 103.726 103.726 128.717 103.726 143.388 103.726 274.007 103.726 103.726
##L_LONG########1989 233 19 59 24.163 status LL
#      #
#      #
#CUP_A#
  22.099 56.316 11.565 3.055 119.882 34.031 3.055 3.055 583.787 2056.502 107.617 524.058 470.44 1038.136 1115.589 1335.455
#CUP_B#
  3.055 86.722 67.415 28.429 3.055 3.055 3.055 3.055 836.574 778.492 3.055 3.055 3.055 3.055 3.055 3.055
#CUP_C#
  3.055 3.055 16.572 3.055 50.554 42.231 17.179 50.554 294.699 2374.811 148.766 422.308 229.089 191.372 305.495 305.495
#CUP_D#
  14.351 17.809 32.829 3.055 3.055 11.565 25.52 3.055 3.055 7.244 25.52 54.326 3.055 3.055 3.055 3.055
##ELECTR_SHORT##1989 233 19 59 43.003 status ES
# E1: 1989 233 19 59 18.883;   E2: 1989 233 20 00 06.883   #
#      #
  103.726 138.32 103.726 119.781 103.726 103.726 191.21 103.726 103.726 103.726 103.726 103.726 103.726 103.726 103.726 103.726 103.726 103.726 138.32 133.432 220.806 133.432 254.983 103.726 119.781 103.726 103.726 103.726
##L_SHORT#######1989 233 19 59 59.923 status LS
#      #
#      #
#CUP_A#
  103.726 103.726 103.726 103.726 111.464 103.726 103.726 103.726 523.614 1982.15 103.726 523.614 103.726 487.261 340.025 931.132
#CUP_B#
  316.418 103.726 103.726 103.726 103.726 103.726 103.726 103.726 604.66 437.408 103.726 103.726 103.726 103.726 103.726 103.726
#CUP_C#
  103.726 119.781 103.726 103.726 220.806 103.726 124.169 103.726 316.418 2372.802 103.726 523.614 165.581 328.01 107.525 392.655
#CUP_D#
  103.726 103.726 205.476 103.726 103.726 103.726 103.726 294.45 103.726 138.32 103.726 165.581 148.64 103.726 103.726 103.726
##ELECTR_LONG###1989 233 20 00 05.923 status EL
# E1: 1989 233 20 00 29.443;   E2: 1989 233 19 59 41.443   #
#      #
  16.572 3.055 35.278 19.838 3.055 15.422 17.179 8.672 16.572 11.156 42.231 3.055 3.055 42.231 39.299 43.778 19.137 86.722 3.055 3.055 17.809 12.883 4.538 36.57 67.415 143.509 898.988 698.842
##L_LONG########1989 233 20 00 12.163 status LL
#      #
#      #
#CUP_A#
  274.239 3.055 159.865 3.055 77.849 3.055 3.055 154.216 563.157 2056.502 47.044 392.988 284.285 1038.136 1076.166 1335.455
#CUP_B#
  42.231 20.565 48.767 103.814 3.055 43.778 3.055 3.055 836.574 650.323 3.055 3.055 3.055 3.055 3.055 3.055
#CUP_C#
  54.326 3.055 54.326 3.055 30.549 3.055 3.055 67.415 340.313 2374.811 100.145 422.308 184.61 205.65 264.548 305.495
#CUP_D#
  35.278 69.884 18.461 3.055 3.055 3.055 3.055 3.055 22.099 124.274 103.814 60.517 48.767 3.055 3.055 3.055
##L_SHORT#######1989 233 20 00 47.923 status LS
#      #
#      #
#CUP_A#
  124.169 103.726 340.025 103.726 220.806 103.726 316.418 103.726 898.228 1779.35 133.432 421.95 103.726 103.726 965.243 649.773
#CUP_B#
  103.726 103.726 103.726 103.726 103.726 103.726 103.726 103.726 673.576 274.007 103.726 103.726 103.726 103.726 103.726 103.726
#CUP_C#
  103.726 103.726 103.726 103.726 103.726 103.726 103.726 103.726 505.111 2288.951 103.726 470.042 154.085 184.453 245.972 103.726
#CUP_D#
  103.726 198.215 103.726 103.726 103.726 213.003 103.726 103.726 103.726 103.726 103.726 103.726 103.726 103.726 103.726 103.726
##L_LONG########1989 233 20 01 00.162 status LL
#      #
#      #
#CUP_A#
  96.606 191.372 246.181 3.055 72.444 20.565 86.722 67.415 650.323 1780.857 9.319 543.255 198.383 1076.166 1001.45 1288.262
#CUP_B#
  3.055 47.044 143.509 3.055 115.646 3.055 3.055 3.055 931.921 563.157 3.055 3.055 3.055 3.055 3.055 3.055
#CUP_C#
  3.055 34.031 36.57 3.055 3.055 4.074 42.231 47.044 352.78 2209.933 60.517 422.308 246.181 229.089 305.495 305.495
#CUP_D#
  37.91 67.415 31.669 3.055 3.055 3.055 3.055 32.829 28.429 86.722 111.559 119.882 3.055 3.055 3.055 3.055
##ELECTR_SHORT##1989 233 20 01 19.003 status ES
# E1: 1989 233 20 00 54.883;   E2: 1989 233 20 01 42.883   #
#      #
  103.726 103.726 103.726 103.726 103.726 103.726 103.726 103.726 143.388 103.726 103.726 103.726 103.726 103.726 103.726 103.726 103.726 103.726 115.548 103.726 103.726 103.726 294.45 103.726 237.28 213.003 421.95 626.811
##L_SHORT#######1989 233 20 01 35.923 status LS
#      #
#      #
#CUP_A#
  103.726 205.476 103.726 103.726 103.726 103.726 103.726 124.169 407.039 1912.104 103.726 1075.255 177.935 154.085 254.983 898.228
#CUP_B#
  264.324 103.726 453.431 103.726 103.726 103.726 103.726 103.726 604.66 228.895 103.726 103.726 103.726 103.726 103.726 103.726
#CUP_C#
  103.726 165.581 103.726 103.726 103.726 103.726 103.726 103.726 407.039 2372.802 171.647 505.111 103.726 392.655 124.169 453.431
#CUP_D#
  103.726 103.726 115.548 103.726 103.726 103.726 103.726 138.32 103.726 103.726 103.726 103.726 184.453 228.895 284.045 103.726
##ELECTR_LONG###1989 233 20 01 41.923 status EL
# E1: 1989 233 20 02 05.443;   E2: 1989 233 20 01 17.443   #
#      #
  3.055 3.055 12.427 3.055 3.403 58.379 45.382 4.223 40.738 3.055 3.055 3.055 9.661 37.91 3.055 39.299 3.055 3.055 3.055 3.055 26.455 54.326 42.231 128.826 111.559 115.646 807.01 750.981
##L_LONG########1989 233 20 01 48.163 status LL
#      #
#      #
#CUP_A#
  284.285 3.055 392.988 50.554 148.766 25.52 3.055 115.646 524.058 2209.933 119.882 470.44 246.181 1038.136 1038.136 1335.455
#CUP_B#
  96.606 4.877 58.379 3.055 10.381 13.355 3.055 3.055 836.574 605.172 3.055 3.055 3.055 3.055 3.055 3.055
#CUP_C#
  20.565 60.517 12.883 10.014 12.427 39.299 3.055 29.47 284.285 2374.811 119.882 379.1 237.481 205.65 246.181 305.495
#CUP_D#
  89.899 50.554 3.055 39.299 3.055 62.734 3.055 3.055 67.415 17.179 3.055 37.91 58.379 3.055 3.055 3.055
##L_SHORT#######1989 233 20 02 23.922 status LS
#      #
#      #
#CUP_A#
  392.655 103.726 352.482 103.726 148.64 103.726 115.548 103.726 604.66 2054.762 103.726 542.796 103.726 237.28 835.866 750.346
#CUP_B#
  103.726 143.388 103.726 103.726 103.726 103.726 103.726 103.726 542.796 523.614 103.726 103.726 103.726 103.726 103.726 103.726
#CUP_C#
  111.464 103.726 103.726 103.726 103.726 103.726 103.726 103.726 254.983 2459.725 103.726 378.779 213.003 115.548 191.21 254.983
#CUP_D#
  103.726 103.726 103.726 103.726 115.548 103.726 103.726 103.726 103.726 177.935 103.726 103.726 119.781 154.085 103.726 103.726
##L_LONG########1989 233 20 02 36.163 status LL
#      #
#      #
#CUP_A#
  34.031 3.055 75.098 16.572 93.192 65.032 3.055 3.055 650.323 2131.838 165.722 605.172 255.199 1038.136 1076.166 294.699
#CUP_B#
  39.299 42.231 50.554 3.055 3.055 6.741 3.055 3.055 750.981 605.172 3.055 3.055 3.055 3.055 3.055 3.055
#CUP_C#
  6.741 3.055 30.549 3.055 6.988 27.424 40.738 50.554 365.703 2374.811 89.899 453.815 246.181 213.184 274.239 305.495
#CUP_D#
  3.93 3.055 3.055 24.618 58.379 72.444 54.326 16.572 40.738 3.055 3.055 12.883 3.055 3.055 3.055 3.055
##ELECTR_SHORT##1989 233 20 02 55.003 status ES
# E1: 1989 233 20 02 30.883;   E2: 1989 233 20 03 18.883   #
#      #
  103.726 103.726 103.726 171.647 103.726 103.726 107.525 103.726 103.726 103.726 103.726 103.726 103.726 103.726 103.726 103.726 103.726 103.726 103.726 103.726 103.726 103.726 103.726 103.726 103.726 111.464 111.464 392.655
##L_SHORT#######1989 233 20 03 11.923 status LS
#      #
#      #
#CUP_A#
  103.726 184.453 103.726 103.726 220.806 103.726 421.95 103.726 898.228 1433.876 352.482 191.21 103.726 148.64 806.328 542.796
#CUP_B#
  340.025 103.726 328.01 103.726 103.726 103.726 103.726 148.64 352.482 562.68 103.726 103.726 103.726 103.726 103.726 103.726
#CUP_C#
  103.726 103.726 103.726 103.726 124.169 103.726 184.453 103.726 470.042 2208.063 154.085 505.111 103.726 254.983 103.726 254.983
#CUP_D#
  220.806 103.726 103.726 103.726 103.726 103.726 103.726 143.388 103.726 133.432 103.726 103.726 103.726 171.647 103.726 103.726
##ELECTR_LONG###1989 233 20 03 17.923 status EL
# E1: 1989 233 20 03 41.443;   E2: 1989 233 20 02 53.442   #
#      #
  3.055 3.055 3.055 3.055 37.91 22.909 3.055 34.031 42.231 7.785 77.849 58.379 25.52 60.517 29.47 3.055 3.055 39.299 12.427 3.055 45.382 54.326 54.326 37.91 80.701 50.554 867.22 750.981
##L_LONG########1989 233 20 03 24.163 status LL
#      #
#      #
#CUP_A#
  470.44 43.778 165.722 58.379 77.849 220.993 15.422 115.646 627.342 1913.723 171.792 583.787 294.699 1038.136 1038.136 1384.376
#CUP_B#
  75.098 3.055 205.65 3.055 65.032 3.055 3.055 24.618 807.01 650.323 3.055 3.055 3.055 3.055 3.055 3.055
#CUP_C#
  3.055 3.055 3.055 3.055 17.809 20.565 45.382 21.318 328.287 2374.811 75.098 392.988 237.481 171.792 305.495 305.495
#CUP_D#
  3.055 3.055 3.055 56.316 3.055 52.406 3.055 19.137 107.617 3.055 3.055 48.767 3.055 3.055 3.055 3.055
##M_LONG########1989 233 20 03 58.723 status ML
#      #
#      #
#CUP_A#
  23.421 49.858 23.421 71.447 23.421 23.421 23.421 23.421 23.421 23.421 106.135 23.421 59.684 23.421 23.421 38.758 23.421 85.528 44.757 23.421 23.421 23.421 23.421 23.421 24.279 34.792 23.421 23.421 23.421 23.421 23.421 41.65 23.421 38.758 26.091 23.421 23.421 23.421 23.421 23.421 23.421 23.421 23.421 23.421 23.421 23.421 23.421 68.922 41.65 23.421 29.064 23.421 23.421 23.421 23.421 23.421 23.421 498.581 23.421 82.506 23.421 23.421 23.421 23.421 23.421 23.421 27.046 23.421 23.421 23.421 71.447 555.406 1140.54 618.708 122.563 23.421 23.421 23.421 23.421 23.421 23.421 23.421 23.421 23.421 23.421 23.421 23.421 32.377 23.421 23.421 188.739 76.778 61.871 32.377 34.792 26.091 43.175 85.528 30.129 49.858 31.233 44.757 31.233 33.563 23.421 68.922 41.65 535.779 71.447 53.578 280.373 127.053 242.793 131.708 169.428 157.665 114.054 127.053 270.465 188.739 37.388 64.137 188.739 416.496 131.708 23.421 290.644 195.653
#CUP_B#
  41.65 23.421 23.421 23.421 23.421 28.037 23.421 152.093 23.421 106.135 23.421 23.421 23.421 49.858 51.685 23.421 79.59 23.421 23.421 23.421 23.421 23.421 29.064 23.421 23.421 23.421 23.421 23.421 23.421 23.421 23.421 23.421 23.421 41.65 23.421 33.563 38.758 23.421 23.421 23.421 23.421 23.421 23.421 23.421 27.046 23.421 23.421 23.421 23.421 23.421 23.421 23.421 23.421 23.421 23.421 23.421 23.421 23.421 33.563 23.421 23.421 23.421 23.421 23.421 23.421 23.421 23.421 23.421 23.421 23.421 195.653 886.616 952.765 188.739 23.421 23.421 23.421 23.421 23.421 23.421 23.421 23.421 23.421 23.421 23.421 23.421 23.421 23.421 23.421 23.421 23.421 23.421 23.421 23.421 23.421 23.421 23.421 23.421 23.421 23.421 23.421 23.421 23.421 23.421 23.421 23.421 23.421 23.421 447.57 23.421 23.421 23.421 23.421 23.421 23.421 23.421 23.421 23.421 23.421 23.421 23.421 23.421 23.421 23.421 23.421 23.421 23.421 23.421
#CUP_C#
  23.421 23.421 23.421 23.421 33.563 61.871 23.421 23.421 102.385 43.175 23.421 23.421 23.421 23.421 23.421 36.067 23.421 37.388 23.421 23.421 23.421 23.421 23.421 23.421 23.421 23.421 23.421 23.421 23.421 23.421 23.421 48.096 23.421 23.421 23.421 71.447 23.421 23.421 23.421 23.421 23.421 23.421 23.421 23.421 23.421 51.685 23.421 23.421 23.421 23.421 23.421 23.421 36.067 23.421 23.421 23.421 23.421 82.506 53.578 23.421 23.421 23.421 23.421 34.792 23.421 23.421 55.541 23.421 23.421 48.096 59.684 280.373 987.667 952.765 251.687 23.421 23.421 23.421 23.421 23.421 23.421 36.067 33.563 29.064 23.421 23.421 23.421 23.421 23.421 23.421 102.385 157.665 23.421 36.067 23.421 36.067 23.421 23.421 51.685 43.175 23.421 27.046 26.091 23.421 23.421 53.578 23.421 59.684 46.397 28.037 88.662 59.684 34.792 51.685 24.279 32.377 49.858 23.421 66.487 23.421 49.858 23.421 102.385 46.397 41.65 66.487 23.421 71.447
#CUP_D#
  43.175 49.858 23.421 23.421 23.421 23.421 23.421 136.532 31.233 28.037 23.421 23.421 23.421 23.421 31.233 23.421 23.421 23.421 25.169 43.175 23.421 23.421 23.421 23.421 23.421 23.421 23.421 28.037 51.685 46.397 43.175 40.178 23.421 23.421 23.421 23.421 23.421 23.421 43.175 59.684 79.59 44.757 71.447 51.685 23.421 23.421 33.563 23.421 53.578 23.421 23.421 23.421 23.421 25.169 23.421 23.421 23.421 23.421 23.421 23.421 23.421 23.421 23.421 30.129 23.421 23.421 23.421 23.421 31.233 41.65 23.421 23.421 23.421 33.563 23.421 23.421 23.421 23.421 28.037 23.421 23.421 23.421 23.421 23.421 23.421 23.421 23.421 23.421 23.421 23.421 23.421 23.421 29.064 23.421 23.421 23.421 23.421 23.421 23.421 23.421 23.421 23.421 41.65 23.421 23.421 23.421 23.421 23.421 48.096 23.421 23.421 23.421 23.421 27.046 32.377 23.421 23.421 23.421 23.421 30.129 23.421 23.421 23.421 23.421 28.037 23.421 23.421 23.421
##L_LONG########1989 233 20 06 03.521 status LL
#      #
#      #
#CUP_A#
  3.055 3.055 3.055 13.844 3.055 3.055 3.055 3.055 674.146 1913.723 18.461 524.058 453.815 1038.136 1076.166 1242.737
#CUP_B#
  3.055 133.545 3.055 39.299 9.661 52.406 3.055 3.055 650.323 605.172 3.055 3.055 3.055 3.055 3.055 3.055
#CUP_C#
  40.738 3.055 3.055 3.055 36.57 19.838 6.273 47.044 379.1 2209.933 11.565 422.308 191.372 246.181 305.495 305.495
#CUP_D#
  5.632 3.055 3.055 13.844 14.351 3.055 3.055 37.91 111.559 56.316 31.669 3.055 13.355 3.055 3.055 3.055
##L_SHORT#######1989 233 20 06 23.921 status LS
#      #
#      #
#CUP_A#
  103.726 284.045 103.726 103.726 154.085 103.726 723.83 103.726 1334.325 1433.876 274.007 143.388 220.806 103.726 1287.172 542.796
#CUP_B#
  103.726 103.726 274.007 103.726 103.726 220.806 103.726 103.726 437.408 392.655 103.726 103.726 103.726 103.726 103.726 103.726
#CUP_C#
  103.726 138.32 103.726 103.726 165.581 103.726 103.726 103.726 523.614 2288.951 171.647 316.418 328.01 124.169 154.085 284.045
#CUP_D#
  274.007 103.726 103.726 103.726 119.781 103.726 103.726 205.476 103.726 184.453 103.726 103.726 103.726 103.726 103.726 103.726
##L_LONG########1989 233 20 06 36.162 status LL
#      #
#      #
#CUP_A#
  103.814 80.701 42.231 86.722 111.559 3.055 3.055 133.545 807.01 1983.829 58.379 422.308 184.61 966.06 1115.589 1384.376
#CUP_B#
  3.055 56.316 124.274 3.055 3.055 45.382 3.055 3.055 674.146 605.172 3.055 3.055 3.055 3.055 3.055 3.055
#CUP_C#
  3.055 3.055 16.572 3.055 3.055 3.055 3.055 69.884 352.78 2290.889 133.545 407.384 213.184 255.199 246.181 274.239
#CUP_D#
  3.055 3.055 3.055 3.055 36.57 37.91 3.055 3.055 3.055 19.137 29.47 3.055 3.055 3.055 3.055 3.055
##ELECTR_SHORT##1989 233 20 06 55.002 status ES
# E1: 1989 233 20 06 30.882;   E2: 1989 233 20 07 18.882   #
#      #
  103.726 103.726 138.32 103.726 103.726 103.726 103.726 103.726 103.726 103.726 103.726 103.726 103.726 103.726 103.726 103.726 103.726 103.726 103.726 103.726 103.726 103.726 103.726 103.726 103.726 103.726 103.726 103.726
##L_SHORT#######1989 233 20 07 11.922 status LS
#      #
#      #
#CUP_A#
  191.21 103.726 352.482 103.726 274.007 103.726 453.431 103.726 723.83 1779.35 103.726 626.811 103.726 352.482 583.293 931.132
#CUP_B#
  191.21 103.726 352.482 103.726 103.726 103.726 103.726 119.781 523.614 542.796 103.726 103.726 103.726 103.726 103.726 103.726
#CUP_C#
  103.726 124.169 103.726 103.726 294.45 103.726 245.972 103.726 453.431 2288.951 103.726 583.293 103.726 264.324 103.726 421.95
#CUP_D#
  103.726 103.726 103.726 103.726 103.726 103.726 103.726 103.726 103.726 148.64 103.726 119.781 103.726 103.726 103.726 103.726
##ELECTR_LONG###1989 233 20 07 17.922 status EL
# E1: 1989 233 20 07 41.442;   E2: 1989 233 20 06 53.441   #
#      #
  3.055 31.669 3.055 3.055 31.669 3.055 36.57 7.785 42.231 67.415 37.91 27.424 22.099 21.318 3.055 30.549 3.055 20.565 14.351 3.055 56.316 65.032 30.549 19.137 111.559 128.826 836.574 724.443
##L_LONG########1989 233 20 07 24.162 status LL
#      #
#      #
#CUP_A#
  154.216 3.055 11.988 246.181 42.231 86.722 50.554 3.055 867.22 2056.502 25.52 563.157 470.44 1038.136 1038.136 1198.82
#CUP_B#
  115.646 54.326 72.444 3.055 47.044 3.055 10.762 3.055 836.574 627.342 3.055 3.055 3.055 3.055 3.055 3.055
#CUP_C#
  30.549 5.838 3.055 42.231 4.704 13.355 3.055 3.055 470.44 2209.933 83.657 422.308 213.184 205.65 305.495 305.495
#CUP_D#
  40.738 18.461 3.055 3.055 12.883 15.422 3.055 3.055 3.055 21.318 54.326 17.179 3.055 3.055 3.055 3.055
##L_SHORT#######1989 233 20 07 59.922 status LS
#      #
#      #
#CUP_A#
  103.726 103.726 274.007 103.726 523.614 103.726 245.972 103.726 806.328 1597.3 274.007 274.007 143.388 103.726 723.83 487.261
#CUP_B#
  103.726 103.726 103.726 184.453 103.726 154.085 103.726 103.726 673.576 365.394 103.726 103.726 103.726 103.726 103.726 103.726
#CUP_C#
  103.726 103.726 115.548 103.726 103.726 103.726 103.726 103.726 205.476 2130.034 254.983 470.042 171.647 154.085 103.726 245.972
#CUP_D#
  103.726 103.726 103.726 103.726 103.726 103.726 103.726 103.726 103.726 103.726 103.726 148.64 228.895 103.726 103.726 103.726
##L_LONG########1989 233 20 08 12.162 status LL
#      #
#      #
#CUP_A#
  229.089 107.617 96.606 3.055 3.055 128.826 148.766 29.47 470.44 1983.829 3.055 543.255 453.815 966.06 1115.589 1242.737
#CUP_B#
  54.326 3.055 62.734 3.055 3.055 3.055 3.055 3.055 778.492 724.443 3.055 3.055 3.055 3.055 3.055 3.055
#CUP_C#
  3.055 40.738 80.701 3.055 3.055 3.055 72.444 37.91 379.1 2290.889 83.657 392.988 274.239 237.481 246.181 305.495
#CUP_D#
  23.748 3.055 3.055 4.704 19.137 19.137 3.055 69.884 16.572 8.07 37.91 3.055 3.055 3.055 3.055 3.055
##ELECTR_SHORT##1989 233 20 08 31.002 status ES
# E1: 1989 233 20 08 06.882;   E2: 1989 233 20 08 54.882   #
#      #
  103.726 103.726 103.726 103.726 103.726 103.726 103.726 103.726 103.726 103.726 103.726 103.726 103.726 103.726 103.726 103.726 103.726 103.726 103.726 103.726 143.388 177.935 284.045 159.73 138.32 103.726 154.085 103.726
##L_SHORT#######1989 233 20 08 47.922 status LS
#      #
#      #
#CUP_A#
  103.726 103.726 103.726 103.726 103.726 103.726 165.581 103.726 562.68 1844.533 103.726 407.039 103.726 103.726 673.576 1075.255
#CUP_B#
  421.95 103.726 470.042 103.726 103.726 103.726 103.726 103.726 392.655 378.779 103.726 103.726 103.726 103.726 103.726 103.726
#CUP_C#
  103.726 159.73 103.726 103.726 184.453 103.726 205.476 103.726 365.394 2372.802 103.726 523.614 124.169 245.972 103.726 378.779
#CUP_D#
  103.726 103.726 103.726 103.726 103.726 103.726 103.726 154.085 103.726 177.935 103.726 103.726 115.548 103.726 103.726 103.726
##ELECTR_LONG###1989 233 20 08 53.922 status EL
# E1: 1989 233 20 09 17.442;   E2: 1989 233 20 08 29.442   #
#      #
  3.055 17.179 3.055 3.055 24.618 3.055 35.278 29.47 27.424 3.055 43.778 22.909 56.316 3.055 3.055 22.099 4.877 3.055 3.055 3.055 3.055 40.738 54.326 39.299 67.415 133.545 778.492 650.323
##L_LONG########1989 233 20 09 00.161 status LL
#      #
#      #
#CUP_A#
  178.086 8.07 143.509 191.372 3.055 124.274 3.055 3.055 807.01 1983.829 20.565 674.146 237.481 966.06 1038.136 1335.455
#CUP_B#
  107.617 3.055 124.274 58.379 69.884 3.055 6.052 3.055 724.443 750.981 3.055 3.055 3.055 3.055 3.055 3.055
#CUP_C#
  14.351 10.381 3.055 27.424 28.429 3.055 24.618 52.406 328.287 2290.889 67.415 437.778 205.65 264.548 305.495 305.495
#CUP_D#
  3.055 54.326 3.055 3.055 3.055 3.055 43.778 3.93 27.424 111.559 62.734 30.549 3.055 3.055 3.055 3.055
##L_SHORT#######1989 233 20 09 35.922 status LS
#      #
#      #
#CUP_A#
  103.726 103.726 159.73 103.726 138.32 103.726 103.726 103.726 649.773 1844.533 294.45 103.726 171.647 103.726 931.132 583.293
#CUP_B#
  103.726 103.726 103.726 124.169 103.726 103.726 103.726 103.726 437.408 487.261 103.726 103.726 103.726 103.726 103.726 103.726
#CUP_C#
  107.525 103.726 103.726 103.726 103.726 103.726 107.525 103.726 365.394 2288.951 103.726 305.236 264.324 148.64 143.388 184.453
#CUP_D#
  103.726 103.726 119.781 103.726 103.726 133.432 103.726 103.726 103.726 103.726 103.726 103.726 115.548 103.726 103.726 103.726
##L_LONG########1989 233 20 09 48.162 status LL
#      #
#      #
#CUP_A#
  191.372 21.318 3.055 67.415 6.052 36.57 40.738 3.055 505.538 1983.829 3.055 437.778 246.181 1001.45 1038.136 1335.455
#CUP_B#
  3.055 3.055 119.882 19.838 3.055 3.055 3.055 3.055 698.842 750.981 3.055 3.055 3.055 3.055 3.055 3.055
#CUP_C#
  5.632 3.055 3.055 3.055 22.099 12.883 6.273 39.299 328.287 2209.933 83.657 422.308 165.722 264.548 305.495 305.495
#CUP_D#
  3.657 23.748 24.618 3.055 3.055 3.055 12.427 22.099 3.055 3.055 5.632 35.278 3.055 3.055 3.055 3.055
##ELECTR_SHORT##1989 233 20 10 07.002 status ES
# E1: 1989 233 20 09 42.882;   E2: 1989 233 20 10 30.882   #
#      #
  103.726 111.464 103.726 103.726 103.726 220.806 154.085 103.726 103.726 103.726 184.453 103.726 103.726 103.726 103.726 103.726 103.726 103.726 103.726 138.32 159.73 184.453 213.003 177.935 138.32 103.726 103.726 103.726
##L_SHORT#######1989 233 20 10 23.921 status LS
#      #
#      #
#CUP_A#
  171.647 103.726 340.025 103.726 470.042 103.726 213.003 103.726 604.66 1912.104 103.726 1114.645 103.726 165.581 365.394 931.132
#CUP_B#
  542.796 103.726 470.042 103.726 103.726 103.726 103.726 198.215 205.476 806.328 103.726 103.726 103.726 103.726 103.726 103.726
#CUP_C#
  103.726 103.726 103.726 103.726 237.28 103.726 220.806 103.726 407.039 2372.802 103.726 284.045 103.726 294.45 103.726 352.482
#CUP_D#
  103.726 103.726 103.726 103.726 103.726 103.726 103.726 213.003 103.726 177.935 103.726 159.73 392.655 198.215 284.045 103.726
##ELECTR_LONG###1989 233 20 10 29.922 status EL
# E1: 1989 233 20 10 53.441;   E2: 1989 233 20 10 05.442   #
#      #
  13.355 43.778 6.273 10.381 58.379 3.055 3.055 52.406 67.415 42.231 54.326 3.657 67.415 11.565 12.427 3.055 3.055 3.055 4.223 3.055 3.055 115.646 111.559 107.617 107.617 165.722 778.492 674.146
##L_LONG########1989 233 20 10 36.162 status LL
#      #
#      #
#CUP_A#
  294.699 8.99 3.055 119.882 3.055 159.865 26.455 3.055 605.172 1983.829 3.055 583.787 437.778 966.06 931.921 1288.262
#CUP_B#
  72.444 3.055 165.722 52.406 72.444 3.055 3.055 3.055 605.172 898.988 3.055 3.055 3.055 3.055 3.055 3.055
#CUP_C#
  3.055 3.055 3.055 3.055 3.055 56.316 9.661 45.382 284.285 2290.889 107.617 422.308 264.548 198.383 255.199 305.495
#CUP_D#
  3.055 25.52 25.52 29.47 3.055 3.055 3.055 8.99 40.738 3.055 3.055 3.055 3.055 20.565 3.055 3.055
##L_SHORT#######1989 233 20 11 11.922 status LS
#      #
#      #
#CUP_A#
  103.726 103.726 284.045 103.726 103.726 103.726 103.726 148.64 392.655 2130.034 103.726 505.111 103.726 254.983 649.773 777.833
#CUP_B#
  103.726 103.726 103.726 103.726 103.726 103.726 103.726 103.726 470.042 562.68 103.726 103.726 103.726 103.726 103.726 103.726
#CUP_C#
  148.64 103.726 103.726 103.726 103.726 119.781 103.726 103.726 213.003 2288.951 103.726 407.039 103.726 220.806 128.717 284.045
#CUP_D#
  103.726 103.726 103.726 103.726 103.726 103.726 103.726 103.726 115.548 103.726 103.726 103.726 205.476 213.003 103.726 103.726
##L_LONG########1989 233 20 11 24.162 status LL
#      #
#      #
#CUP_A#
  148.766 133.545 3.055 39.299 3.055 3.055 69.884 89.899 674.146 2056.502 45.382 453.815 171.792 931.921 1076.166 1335.455
#CUP_B#
  65.032 3.055 52.406 96.606 3.055 3.055 3.055 3.055 605.172 836.574 3.055 3.055 3.055 3.055 3.055 3.055
#CUP_C#
  36.57 12.427 3.055 3.055 14.877 3.055 56.316 3.055 365.703 2290.889 96.606 453.815 198.383 255.199 246.181 305.495
#CUP_D#
  9.661 36.57 32.829 3.055 3.055 3.055 13.355 36.57 7.51 3.055 19.137 35.278 45.382 3.055 3.055 3.055
##ELECTR_SHORT##1989 233 20 11 43.002 status ES
# E1: 1989 233 20 11 18.882;   E2: 1989 233 20 12 06.882   #
#      #
  103.726 198.215 103.726 103.726 103.726 138.32 103.726 103.726 198.215 143.388 103.726 103.726 103.726 103.726 103.726 103.726 103.726 103.726 143.388 119.781 198.215 213.003 274.007 138.32 128.717 103.726 103.726 103.726
##L_SHORT#######1989 233 20 11 59.922 status LS
#      #
#      #
#CUP_A#
  103.726 470.042 103.726 103.726 237.28 103.726 138.32 103.726 750.346 1597.3 437.408 103.726 165.581 103.726 723.83 931.132
#CUP_B#
  698.251 103.726 562.68 103.726 177.935 103.726 103.726 133.432 228.895 723.83 103.726 103.726 103.726 103.726 103.726 103.726
#CUP_C#
  103.726 103.726 103.726 103.726 177.935 103.726 103.726 103.726 264.324 2208.063 103.726 470.042 103.726 340.025 103.726 352.482
#CUP_D#
  103.726 103.726 103.726 103.726 103.726 103.726 103.726 124.169 103.726 191.21 103.726 103.726 103.726 103.726 154.085 103.726
##ELECTR_LONG###1989 233 20 12 05.922 status EL
# E1: 1989 233 20 12 29.442;   E2: 1989 233 20 11 41.442   #
#      #
  3.055 32.829 16.572 3.055 3.055 11.988 3.055 75.098 16.572 3.055 43.778 17.179 10.014 31.669 3.055 19.137 3.055 3.055 8.99 3.055 3.055 24.618 96.606 100.145 65.032 93.192 807.01 698.842
##L_LONG########1989 233 20 12 12.162 status LL
#      #
#      #
#CUP_A#
  294.699 3.055 3.055 237.481 75.098 205.65 27.424 3.055 724.443 2131.838 35.278 583.787 543.255 1076.166 1001.45 1242.737
#CUP_B#
  72.444 3.055 198.383 3.055 32.829 3.055 3.055 3.055 674.146 807.01 3.055 3.055 3.055 3.055 3.055 3.055
#CUP_C#
  3.055 3.055 3.055 39.299 3.055 103.814 7.785 36.57 365.703 2290.889 133.545 453.815 198.383 264.548 274.239 294.699
#CUP_D#
  3.055 30.549 19.137 3.055 3.055 3.055 25.52 67.415 3.055 27.424 23.748 3.055 3.055 3.055 3.055 3.055
##L_SHORT#######1989 233 20 12 47.922 status LS
#      #
#      #
#CUP_A#
  103.726 340.025 103.726 159.73 103.726 254.983 103.726 220.806 198.215 2130.034 103.726 352.482 103.726 198.215 583.293 965.243
#CUP_B#
  148.64 103.726 254.983 103.726 133.432 103.726 115.548 103.726 673.576 352.482 103.726 103.726 103.726 103.726 103.726 103.726
#CUP_C#
  103.726 103.726 103.726 103.726 103.726 103.726 103.726 103.726 316.418 2288.951 205.476 365.394 213.003 143.388 171.647 177.935
#CUP_D#
  103.726 103.726 103.726 103.726 103.726 103.726 103.726 103.726 103.726 103.726 148.64 119.781 159.73 184.453 103.726 103.726
##L_LONG########1989 233 20 13 00.161 status LL
#      #
#      #
#CUP_A#
  62.734 25.52 3.055 3.055 62.734 3.055 8.366 3.055 563.157 2056.502 3.055 543.255 198.383 966.06 1038.136 1242.737
#CUP_B#
  3.055 4.074 8.99 3.055 3.055 20.565 3.055 3.055 674.146 778.492 3.055 3.055 3.055 3.055 3.055 3.055
#CUP_C#
  3.055 3.055 12.427 3.055 3.055 22.909 31.669 26.455 365.703 2290.889 72.444 407.384 237.481 237.481 305.495 305.495
#CUP_D#
  18.461 47.044 43.778 3.055 3.055 3.055 19.838 15.987 107.617 83.657 93.192 3.055 3.055 3.055 3.055 3.055
##ELECTR_SHORT##1989 233 20 13 19.002 status ES
# E1: 1989 233 20 12 54.882;   E2: 1989 233 20 13 42.882   #
#      #
  103.726 103.726 103.726 103.726 103.726 103.726 103.726 103.726 107.525 103.726 103.726 103.726 138.32 103.726 103.726 103.726 523.614 103.726 365.394 103.726 604.66 103.726 103.726 103.726 453.431 103.726 305.236 453.431
##L_SHORT#######1989 233 20 13 35.922 status LS
#      #
#      #
#CUP_A#
  103.726 103.726 103.726 103.726 103.726 103.726 103.726 103.726 437.408 2208.063 103.726 562.68 103.726 365.394 392.655 1334.325
#CUP_B#
  340.025 103.726 505.111 103.726 171.647 103.726 103.726 138.32 453.431 421.95 103.726 103.726 103.726 103.726 103.726 103.726
#CUP_C#
  103.726 103.726 103.726 103.726 228.895 103.726 171.647 103.726 316.418 2208.063 103.726 523.614 103.726 254.983 103.726 392.655
#CUP_D#
  103.726 103.726 115.548 103.726 103.726 103.726 103.726 103.726 103.726 103.726 103.726 103.726 103.726 107.525 107.525 103.726
##ELECTR_LONG###1989 233 20 13 41.922 status EL
# E1: 1989 233 20 14 05.442;   E2: 1989 233 20 13 17.442   #
#      #
  3.055 42.231 22.909 25.52 34.031 7.51 77.849 86.722 77.849 22.099 80.701 27.424 3.055 35.278 24.618 12.883 3.055 3.055 3.055 3.055 3.055 93.192 100.145 119.882 77.849 107.617 778.492 674.146
##L_LONG########1989 233 20 13 48.162 status LL
#      #
#      #
#CUP_A#
  86.722 34.031 19.137 237.481 119.882 5.055 86.722 3.055 605.172 2131.838 107.617 563.157 284.285 966.06 1038.136 1288.262
#CUP_B#
  83.657 119.882 159.865 3.055 56.316 29.47 3.055 3.055 674.146 650.323 3.055 3.055 3.055 3.055 3.055 3.055
#CUP_C#
  13.844 4.223 3.055 3.055 6.273 42.231 48.767 22.909 328.287 2290.889 83.657 365.703 229.089 246.181 294.699 305.495
#CUP_D#
  124.274 119.882 3.055 3.055 3.055 23.748 69.884 229.089 184.61 124.274 3.055 3.055 3.055 3.055 3.055 3.055
##L_SHORT#######1989 233 20 14 23.921 status LS
#      #
#      #
#CUP_A#
  294.45 103.726 284.045 103.726 103.726 103.726 103.726 103.726 542.796 1912.104 103.726 487.261 103.726 284.045 604.66 723.83
#CUP_B#
  103.726 154.085 103.726 103.726 103.726 103.726 103.726 103.726 542.796 407.039 103.726 103.726 103.726 103.726 103.726 103.726
#CUP_C#
  103.726 103.726 103.726 103.726 103.726 103.726 103.726 103.726 352.482 2372.802 103.726 437.408 254.983 328.01 103.726 237.28
#CUP_D#
  115.548 103.726 103.726 103.726 103.726 103.726 103.726 111.464 103.726 103.726 138.32 103.726 103.726 103.726 103.726 103.726
##L_LONG########1989 233 20 14 36.162 status LL
#      #
#      #
#CUP_A#
  165.722 138.438 3.055 3.055 65.032 20.565 19.838 36.57 650.323 1913.723 8.99 524.058 184.61 966.06 1076.166 1198.82
#CUP_B#
  3.055 115.646 60.517 12.427 3.055 3.055 3.055 3.055 724.443 724.443 3.055 3.055 3.055 3.055 3.055 3.055
#CUP_C#
  3.055 3.055 3.055 3.055 3.055 37.91 72.444 19.137 392.988 2209.933 133.545 470.44 274.239 237.481 264.548 305.495
#CUP_D#
  6.988 37.91 6.273 3.055 3.055 3.055 6.503 3.055 56.316 52.406 19.137 3.055 3.055 3.055 3.055 3.055
##ELECTR_SHORT##1989 233 20 14 55.002 status ES
# E1: 1989 233 20 14 30.882;   E2: 1989 233 20 15 18.882   #
#      #
  103.726 103.726 103.726 103.726 103.726 107.525 103.726 103.726 103.726 103.726 103.726 159.73 103.726 103.726 103.726 103.726 103.726 103.726 340.025 562.68 103.726 103.726 103.726 750.346 103.726 103.726 159.73 1655.814
##L_SHORT#######1989 233 20 15 11.922 status LS
#      #
#      #
#CUP_A#
  103.726 103.726 274.007 103.726 562.68 103.726 421.95 103.726 965.243 1655.814 340.025 154.085 103.726 103.726 723.83 835.866
#CUP_B#
  378.779 103.726 305.236 103.726 103.726 103.726 103.726 128.717 378.779 698.251 103.726 103.726 103.726 103.726 103.726 103.726
#CUP_C#
  103.726 103.726 124.169 103.726 111.464 103.726 245.972 103.726 421.95 2208.063 124.169 487.261 138.32 316.418 103.726 191.21
#CUP_D#
  103.726 103.726 103.726 103.726 103.726 148.64 103.726 103.726 103.726 165.581 103.726 115.548 103.726 191.21 177.935 103.726
##ELECTR_LONG###1989 233 20 15 17.922 status EL
# E1: 1989 233 20 15 41.442;   E2: 1989 233 20 14 53.441   #
#      #
  22.909 3.055 3.055 6.988 3.055 28.429 42.231 32.829 28.429 28.429 32.829 3.055 31.669 75.098 96.606 3.055 37.91 3.055 3.055 3.055 3.055 35.278 32.829 67.415 100.145 154.216 778.492 750.981
##L_LONG########1989 233 20 15 24.162 status LL
#      #
#      #
#CUP_A#
  178.086 205.65 9.661 148.766 3.055 3.055 133.545 148.766 650.323 2209.933 19.137 422.308 107.617 966.06 1076.166 1288.262
#CUP_B#
  77.849 3.055 62.734 3.055 165.722 3.055 3.791 3.055 674.146 931.921 3.055 3.055 3.055 3.055 3.055 3.055
#CUP_C#
  3.055 40.738 3.055 3.055 3.055 34.031 3.055 45.382 407.384 2461.808 103.814 470.44 246.181 220.993 305.495 305.495
#CUP_D#
  16.572 80.701 124.274 178.086 191.372 143.509 93.192 77.849 3.055 3.055 21.318 28.429 3.055 3.055 3.055 3.055
##M_LONG########1989 233 20 15 58.722 status ML
#      #
#      #
#CUP_A#
  74.065 106.135 23.421 23.421 23.421 23.421 33.563 447.57 23.421 28.037 23.421 23.421 23.421 23.421 23.421 30.129 23.421 23.421 23.421 23.421 23.421 23.421 23.421 23.421 23.421 44.757 23.421 23.421 23.421 23.421 23.421 46.397 23.421 23.421 23.421 23.421 23.421 23.421 23.421 33.563 29.064 23.421 23.421 23.421 23.421 23.421 23.421 23.421 23.421 23.421 30.129 23.421 23.421 23.421 23.421 23.421 26.091 146.719 23.421 127.053 23.421 48.096 23.421 23.421 23.421 23.421 28.037 43.175 23.421 23.421 66.487 535.779 1140.54 740.646 131.708 24.279 23.421 23.421 23.421 23.421 23.421 23.421 23.421 23.421 23.421 23.421 23.421 23.421 23.421 23.421 169.428 141.534 85.528 23.421 37.388 23.421 53.578 23.421 66.487 79.59 33.563 23.421 23.421 23.421 23.421 23.421 49.858 188.739 23.421 23.421 280.373 195.653 217.952 131.708 127.053 169.428 85.528 68.922 195.653 152.093 106.135 79.59 202.82 447.57 122.563 23.421 260.907 260.907
#CUP_B#
  23.421 23.421 23.421 23.421 23.421 23.421 23.421 23.421 431.753 23.421 23.421 23.421 29.064 23.421 23.421 23.421 23.421 23.421 23.421 23.421 23.421 23.421 23.421 23.421 23.421 23.421 27.046 23.421 23.421 23.421 23.421 23.421 23.421 23.421 23.421 33.563 23.421 23.421 23.421 23.421 23.421 23.421 23.421 44.757 23.421 48.096 23.421 51.685 23.421 23.421 23.421 23.421 23.421 23.421 23.421 23.421 23.421 23.421 188.739 23.421 23.421 23.421 23.421 23.421 23.421 23.421 23.421 23.421 23.421 44.757 114.054 825.06 1140.54 347.925 23.421 23.421 23.421 23.421 23.421 23.421 23.421 23.421 23.421 23.421 23.421 23.421 23.421 23.421 23.421 23.421 23.421 23.421 23.421 23.421 23.421 23.421 23.421 23.421 23.421 23.421 23.421 23.421 23.421 23.421 23.421 23.421 23.421 23.421 23.421 23.421 23.421 23.421 23.421 23.421 23.421 23.421 23.421 23.421 23.421 23.421 23.421 23.421 23.421 23.421 23.421 23.421 23.421 23.421
#CUP_C#
  51.685 23.421 23.421 23.421 23.421 30.129 23.421 131.708 114.054 23.421 23.421 23.421 23.421 23.421 23.421 43.175 23.421 23.421 23.421 23.421 23.421 23.421 31.233 23.421 23.421 23.421 23.421 30.129 23.421 32.377 23.421 23.421 36.067 51.685 23.421 41.65 23.421 23.421 37.388 23.421 23.421 27.046 43.175 23.421 23.421 23.421 23.421 23.421 91.91 29.064 23.421 23.421 23.421 23.421 23.421 23.421 23.421 23.421 23.421 23.421 23.421 23.421 23.421 36.067 23.421 23.421 57.575 23.421 27.046 23.421 61.871 323.769 1023.848 1061.355 323.769 23.421 23.421 38.758 23.421 23.421 23.421 32.377 23.421 23.421 23.421 23.421 23.421 23.421 31.233 44.757 91.91 169.428 88.662 23.421 23.421 23.421 23.421 40.178 23.421 57.575 23.421 23.421 55.541 23.421 23.421 40.178 23.421 202.82 32.377 98.767 23.421 66.487 23.421 51.685 23.421 46.397 23.421 44.757 34.792 23.421 23.421 23.421 85.528 71.447 59.684 88.662 28.037 23.421
#CUP_D#
  44.757 23.421 23.421 25.169 44.757 23.421 23.421 23.421 102.385 23.421 23.421 23.421 79.59 59.684 23.421 23.421 23.421 23.421 23.421 23.421 85.528 141.534 53.578 23.421 23.421 23.421 23.421 23.421 23.421 55.541 23.421 55.541 27.046 23.421 28.037 23.421 23.421 23.421 23.421 23.421 23.421 23.421 46.397 37.388 23.421 23.421 23.421 24.279 23.421 27.046 44.757 23.421 23.421 23.421 34.792 23.421 23.421 23.421 23.421 23.421 23.421 23.421 23.421 24.279 23.421 23.421 23.421 23.421 34.792 41.65 23.421 23.421 23.421 23.421 23.421 23.421 23.421 28.037 79.59 23.421 23.421 23.421 23.421 23.421 23.421 23.421 23.421 23.421 55.541 33.563 23.421 23.421 23.421 23.421 36.067 23.421 71.447 49.858 34.792 23.421 23.421 23.421 34.792 23.421 26.091 57.575 71.447 23.421 51.685 38.758 23.421 23.421 23.421 23.421 37.388 23.421 23.421 23.421 23.421 32.377 23.421 23.421 23.421 23.421 23.421 23.421 23.421 23.421
##L_SHORT#######1989 233 20 18 23.921 status LS
#      #
#      #
#CUP_A#
  103.726 407.039 103.726 220.806 103.726 103.726 542.796 103.726 1075.255 1486.403 407.039 103.726 562.68 103.726 1241.685 407.039
#CUP_B#
  103.726 220.806 124.169 103.726 103.726 103.726 103.726 103.726 340.025 649.773 103.726 103.726 103.726 103.726 103.726 103.726
#CUP_C#
  103.726 143.388 103.726 103.726 103.726 115.548 103.726 103.726 407.039 2372.802 171.647 305.236 392.655 103.726 191.21 128.717
#CUP_D#
  138.32 103.726 103.726 103.726 103.726 103.726 103.726 103.726 103.726 103.726 103.726 103.726 103.726 103.726 103.726 103.726
##L_LONG########1989 233 20 18 36.162 status LL
#      #
#      #
#CUP_A#
  128.826 80.701 3.055 138.438 143.509 25.52 3.055 83.657 898.988 2131.838 3.055 470.44 274.239 1001.45 1001.45 1335.455
#CUP_B#
  45.382 80.701 47.044 3.055 3.055 27.424 3.055 3.055 674.146 750.981 3.055 3.055 3.055 3.055 3.055 3.055
#CUP_C#
  14.877 7.785 11.156 15.422 27.424 3.055 5.241 13.844 365.703 2290.889 96.606 422.308 143.509 178.086 246.181 305.495
#CUP_D#
  3.055 3.055 3.055 3.055 23.748 42.231 3.055 3.055 3.055 17.179 48.767 3.055 3.055 3.055 3.055 3.055
##ELECTR_SHORT##1989 233 20 18 55.002 status ES
# E1: 1989 233 20 18 30.882;   E2: 1989 233 20 19 18.881   #
#      #
  103.726 103.726 103.726 133.432 103.726 103.726 103.726 103.726 103.726 103.726 103.726 103.726 103.726 103.726 205.476 254.983 103.726 103.726 103.726 103.726 103.726 103.726 103.726 103.726 103.726 103.726 103.726 103.726
##L_SHORT#######1989 233 20 19 11.921 status LS
#      #
#      #
#CUP_A#
  245.972 103.726 237.28 103.726 437.408 103.726 328.01 103.726 777.833 1912.104 103.726 1655.814 103.726 228.895 673.576 965.243
#CUP_B#
  284.045 103.726 378.779 103.726 103.726 103.726 103.726 143.388 562.68 649.773 103.726 103.726 103.726 103.726 103.726 103.726
#CUP_C#
  103.726 103.726 103.726 103.726 103.726 103.726 205.476 103.726 328.01 2459.725 103.726 392.655 103.726 352.482 154.085 542.796
#CUP_D#
  103.726 103.726 165.581 103.726 103.726 103.726 103.726 154.085 103.726 103.726 103.726 103.726 177.935 103.726 103.726 103.726
##ELECTR_LONG###1989 233 20 19 17.921 status EL
# E1: 1989 233 20 19 41.441;   E2: 1989 233 20 18 53.441   #
#      #
  3.055 3.055 3.055 9.319 35.278 24.618 52.406 58.379 3.055 5.433 19.137 35.278 65.032 3.055 32.829 5.838 3.055 3.055 3.055 3.055 3.055 29.47 45.382 93.192 75.098 111.559 807.01 698.842
##L_LONG########1989 233 20 19 24.161 status LL
#      #
#      #
#CUP_A#
  229.089 96.606 3.055 103.814 213.184 36.57 37.91 3.055 583.787 2056.502 154.216 583.787 220.993 966.06 1076.166 1242.737
#CUP_B#
  36.57 138.438 3.055 80.701 37.91 62.734 3.055 3.055 867.22 836.574 3.055 3.055 3.055 3.055 3.055 3.055
#CUP_C#
  36.57 36.57 3.055 54.326 6.052 27.424 62.734 3.055 379.1 2290.889 60.517 453.815 237.481 220.993 284.285 305.495
#CUP_D#
  25.52 20.565 3.055 3.055 6.988 25.52 32.829 3.055 3.055 3.055 13.355 37.91 8.99 3.055 3.055 3.055
##L_SHORT#######1989 233 20 19 59.921 status LS
#      #
#      #
#CUP_A#
  103.726 148.64 103.726 103.726 103.726 148.64 103.726 103.726 626.811 1912.104 284.045 205.476 213.003 154.085 866.486 898.228
#CUP_B#
  103.726 103.726 119.781 103.726 103.726 103.726 111.464 103.726 866.486 523.614 103.726 103.726 103.726 103.726 103.726 103.726
#CUP_C#
  103.726 103.726 103.726 103.726 103.726 103.726 103.726 103.726 437.408 2372.802 124.169 505.111 103.726 159.73 138.32 213.003
#CUP_D#
  103.726 191.21 103.726 103.726 103.726 103.726 103.726 103.726 103.726 115.548 119.781 148.64 103.726 107.525 103.726 103.726
##L_LONG########1989 233 20 20 12.161 status LL
#      #
#      #
#CUP_A#
  143.509 184.61 15.422 12.883 10.381 3.055 3.055 56.316 836.574 1983.829 3.055 583.787 213.184 1001.45 1001.45 1242.737
#CUP_B#
  8.99 77.849 9.661 3.055 40.738 42.231 3.055 3.055 807.01 674.146 3.055 3.055 3.055 3.055 3.055 3.055
#CUP_C#
  3.055 3.055 21.318 39.299 3.055 3.055 13.355 52.406 453.815 2290.889 75.098 422.308 229.089 184.61 274.239 305.495
#CUP_D#
  13.355 3.055 3.055 3.055 8.672 40.738 3.055 3.055 3.055 23.748 34.031 3.055 3.055 3.055 3.055 3.055
##ELECTR_SHORT##1989 233 20 20 31.001 status ES
# E1: 1989 233 20 20 06.881;   E2: 1989 233 20 20 54.881   #
#      #
  213.003 103.726 103.726 103.726 103.726 103.726 103.726 103.726 103.726 103.726 103.726 103.726 103.726 103.726 103.726 124.169 294.45 103.726 103.726 103.726 352.482 103.726 177.935 103.726 237.28 237.28 103.726 698.251
##L_SHORT#######1989 233 20 20 47.921 status LS
#      #
#      #
#CUP_A#
  103.726 198.215 103.726 103.726 407.039 103.726 562.68 103.726 1287.172 1241.685 328.01 103.726 407.039 103.726 1114.645 723.83
#CUP_B#
  407.039 103.726 407.039 103.726 103.726 119.781 103.726 213.003 583.293 392.655 103.726 103.726 103.726 103.726 103.726 103.726
#CUP_C#
  103.726 103.726 103.726 103.726 274.007 103.726 220.806 103.726 437.408 2288.951 103.726 505.111 148.64 237.28 228.895 107.525
#CUP_D#
  103.726 103.726 128.717 103.726 103.726 119.781 103.726 119.781 103.726 294.45 103.726 119.781 103.726 154.085 103.726 103.726
##ELECTR_LONG###1989 233 20 20 53.921 status EL
# E1: 1989 233 20 21 17.441;   E2: 1989 233 20 20 29.441   #
#      #
  3.055 3.403 3.055 9.319 31.669 11.156 31.669 3.055 52.406 27.424 3.055 8.99 9.319 3.055 15.422 31.669 3.055 3.055 3.055 3.055 3.055 75.098 86.722 36.57 72.444 96.606 807.01 698.842
##L_LONG########1989 233 20 21 00.160 status LL
#      #
#      #
#CUP_A#
  274.239 340.313 58.379 3.055 119.882 77.849 103.814 72.444 674.146 1780.857 56.316 674.146 487.673 1001.45 1001.45 1242.737
#CUP_B#
  4.877 159.865 3.055 60.517 3.055 36.57 3.055 3.055 1001.45 674.146 3.055 3.055 3.055 3.055 3.055 3.055
#CUP_C#
  15.422 31.669 18.461 3.055 20.565 3.055 25.52 54.326 365.703 2374.811 32.829 470.44 237.481 205.65 246.181 305.495
#CUP_D#
  3.055 60.517 3.055 5.838 7.51 20.565 107.617 10.762 36.57 36.57 3.055 31.669 3.055 3.055 3.055 3.055
##L_SHORT#######1989 233 20 21 35.921 status LS
#      #
#      #
#CUP_A#
  103.726 103.726 165.581 103.726 103.726 103.726 103.726 103.726 806.328 1844.533 128.717 316.418 284.045 103.726 835.866 698.251
#CUP_B#
  103.726 103.726 103.726 103.726 103.726 103.726 103.726 103.726 604.66 365.394 103.726 103.726 103.726 103.726 103.726 103.726
#CUP_C#
  103.726 103.726 103.726 103.726 103.726 103.726 103.726 103.726 328.01 2288.951 165.581 392.655 177.935 177.935 184.453 205.476
#CUP_D#
  103.726 103.726 103.726 103.726 103.726 103.726 103.726 115.548 103.726 143.388 103.726 103.726 103.726 213.003 103.726 103.726
##L_LONG########1989 233 20 21 48.161 status LL
#      #
#      #
#CUP_A#
  115.646 128.826 3.055 3.055 16.572 67.415 3.055 8.07 778.492 1913.723 3.055 437.778 237.481 966.06 1001.45 1242.737
#CUP_B#
  54.326 3.055 3.055 29.47 69.884 3.055 3.055 3.055 898.988 750.981 3.055 3.055 3.055 3.055 3.055 3.055
#CUP_C#
  3.055 6.741 3.167 3.055 3.055 50.554 24.618 48.767 379.1 2290.889 128.826 365.703 213.184 237.481 294.699 305.495
#CUP_D#
  3.055 3.055 17.809 19.137 3.055 3.055 65.032 65.032 34.031 28.429 48.767 27.424 3.055 3.055 3.055 3.055
##ELECTR_SHORT##1989 233 20 22 07.001 status ES
# E1: 1989 233 20 21 42.881;   E2: 1989 233 20 22 30.881   #
#      #
  103.726 103.726 103.726 103.726 103.726 103.726 148.64 103.726 103.726 103.726 159.73 103.726 103.726 103.726 165.581 103.726 103.726 103.726 103.726 124.169 133.432 184.453 213.003 177.935 119.781 103.726 103.726 103.726
##L_SHORT#######1989 233 20 22 23.921 status LS
#      #
#      #
#CUP_A#
  103.726 103.726 128.717 103.726 328.01 103.726 103.726 103.726 505.111 2054.762 103.726 407.039 103.726 542.796 421.95 1155.477
#CUP_B#
  392.655 103.726 340.025 103.726 103.726 103.726 103.726 103.726 673.576 245.972 103.726 103.726 103.726 103.726 103.726 103.726
#CUP_C#
  103.726 103.726 171.647 103.726 103.726 103.726 133.432 103.726 392.655 2372.802 103.726 505.111 103.726 264.324 103.726 316.418
#CUP_D#
  177.935 103.726 228.895 103.726 103.726 103.726 103.726 220.806 103.726 198.215 103.726 111.464 103.726 237.28 103.726 103.726
##ELECTR_LONG###1989 233 20 22 29.921 status EL
# E1: 1989 233 20 22 53.441;   E2: 1989 233 20 22 05.441   #
#      #
  3.055 3.055 4.877 31.669 3.055 75.098 58.379 23.748 45.382 47.044 10.381 48.767 3.055 28.429 3.055 32.829 3.055 3.055 3.055 3.055 67.415 103.814 3.055 28.429 14.877 77.849 778.492 674.146
##L_LONG########1989 233 20 22 36.161 status LL
#      #
#      #
#CUP_A#
  24.618 165.722 25.52 25.52 48.767 5.838 3.055 3.055 931.921 1983.829 3.055 543.255 453.815 1038.136 966.06 1288.262
#CUP_B#
  3.055 103.814 75.098 3.055 3.055 83.657 3.055 3.055 1001.45 627.342 3.055 3.055 3.055 3.055 3.055 3.055
#CUP_C#
  3.055 12.883 3.055 22.099 3.055 3.055 34.031 27.424 392.988 2374.811 103.814 453.815 229.089 220.993 294.699 305.495
#CUP_D#
  3.055 17.809 29.47 25.52 3.055 3.055 4.223 15.422 40.738 4.223 3.055 3.055 5.838 18.461 3.055 3.055
##L_SHORT#######1989 233 20 23 11.921 status LS
#      #
#      #
#CUP_A#
  103.726 148.64 103.726 340.025 103.726 254.983 103.726 103.726 604.66 1982.15 103.726 378.779 220.806 103.726 866.486 965.243
#CUP_B#
  103.726 103.726 198.215 103.726 128.717 103.726 103.726 103.726 750.346 305.236 103.726 103.726 103.726 103.726 103.726 103.726
#CUP_C#
  103.726 103.726 103.726 103.726 103.726 103.726 103.726 103.726 470.042 2372.802 103.726 305.236 165.581 133.432 107.525 228.895
#CUP_D#
  103.726 103.726 103.726 103.726 103.726 103.726 103.726 103.726 103.726 103.726 103.726 133.432 124.169 103.726 128.717 103.726
##L_LONG########1989 233 20 23 24.161 status LL
#      #
#      #
#CUP_A#
  3.055 154.216 103.814 6.503 67.415 3.055 3.055 3.055 807.01 2056.502 3.055 543.255 284.285 898.988 1156.456 1198.82
#CUP_B#
  3.055 80.701 103.814 3.055 3.055 48.767 3.055 3.055 931.921 543.255 3.055 3.055 3.055 3.055 3.055 3.055
#CUP_C#
  32.829 43.778 7.244 3.055 3.055 5.433 67.415 16.572 392.988 2290.889 93.192 470.44 178.086 220.993 246.181 305.495
#CUP_D#
  3.055 12.883 47.044 19.838 3.055 3.055 3.055 36.57 34.031 3.055 3.055 3.055 13.844 19.838 3.055 3.055
##ELECTR_SHORT##1989 233 20 23 43.001 status ES
# E1: 1989 233 20 23 18.881;   E2: 1989 233 20 24 06.881   #
#      #
  103.726 103.726 103.726 103.726 103.726 115.548 103.726 159.73 124.169 103.726 103.726 103.726 103.726 103.726 103.726 103.726 103.726 103.726 111.464 154.085 165.581 213.003 220.806 184.453 107.525 103.726 103.726 103.726
##L_SHORT#######1989 233 20 23 59.921 status LS
#      #
#      #
#CUP_A#
  103.726 294.45 103.726 245.972 103.726 143.388 103.726 103.726 723.83 1779.35 103.726 340.025 103.726 171.647 626.811 1000.602
#CUP_B#
  198.215 103.726 254.983 103.726 103.726 103.726 103.726 103.726 583.293 365.394 103.726 103.726 103.726 103.726 103.726 103.726
#CUP_C#
  103.726 103.726 103.726 103.726 103.726 103.726 103.726 103.726 542.796 2208.063 103.726 328.01 103.726 328.01 103.726 328.01
#CUP_D#
  237.28 103.726 213.003 103.726 103.726 103.726 103.726 133.432 103.726 177.935 103.726 159.73 111.464 103.726 148.64 103.726
##ELECTR_LONG###1989 233 20 24 05.921 status EL
# E1: 1989 233 20 24 29.441;   E2: 1989 233 20 23 41.441   #
#      #
  3.055 4.223 3.055 3.055 29.47 26.455 47.044 3.055 80.701 36.57 26.455 54.326 3.055 30.549 21.318 15.987 3.055 3.055 3.055 3.055 27.424 124.274 96.606 72.444 89.899 96.606 778.492 674.146
##L_LONG########1989 233 20 24 12.161 status LL
#      #
#      #
#CUP_A#
  13.355 148.766 35.278 3.055 115.646 22.909 3.055 3.055 836.574 2056.502 3.055 563.157 505.538 1038.136 1076.166 1242.737
#CUP_B#
  24.618 159.865 9.319 48.767 3.055 103.814 23.748 3.055 898.988 698.842 3.055 3.055 3.055 3.055 3.055 3.055
#CUP_C#
  3.055 3.055 75.098 62.734 13.355 19.137 22.909 77.849 365.703 2374.811 86.722 407.384 198.383 184.61 284.285 274.239
#CUP_D#
  3.055 12.427 34.031 20.565 3.055 3.055 3.055 21.318 42.231 3.055 3.055 3.055 5.838 19.838 3.055 3.055
##L_SHORT#######1989 233 20 24 47.921 status LS
#      #
#      #
#CUP_A#
  103.726 437.408 103.726 115.548 103.726 103.726 103.726 103.726 523.614 1912.104 103.726 103.726 421.95 103.726 866.486 835.866
#CUP_B#
  154.085 103.726 143.388 103.726 103.726 103.726 103.726 103.726 777.833 352.482 103.726 103.726 103.726 103.726 103.726 103.726
#CUP_C#
  103.726 111.464 103.726 103.726 103.726 103.726 103.726 103.726 470.042 2372.802 154.085 392.655 220.806 103.726 128.717 213.003
#CUP_D#
  103.726 103.726 103.726 103.726 103.726 103.726 103.726 103.726 111.464 143.388 103.726 103.726 103.726 184.453 103.726 103.726
##L_LONG########1989 233 20 25 00.160 status LL
#      #
#      #
#CUP_A#
  3.055 3.055 3.055 13.355 19.838 75.098 3.055 3.055 627.342 2131.838 20.565 563.157 264.548 1038.136 1076.166 1242.737
#CUP_B#
  6.503 100.145 19.137 36.57 3.055 15.422 3.055 3.055 807.01 724.443 3.055 3.055 3.055 3.055 3.055 3.055
#CUP_C#
  3.055 15.987 34.031 3.055 56.316 62.734 3.055 3.055 294.699 2374.811 77.849 422.308 229.089 237.481 294.699 305.495
#CUP_D#
  3.055 13.844 23.748 3.055 3.055 3.055 29.47 65.032 3.657 3.055 3.055 3.055 8.366 3.055 3.055 3.055
##ELECTR_SHORT##1989 233 20 25 19.001 status ES
# E1: 1989 233 20 24 54.881;   E2: 1989 233 20 25 42.881   #
#      #
  103.726 103.726 103.726 103.726 143.388 103.726 103.726 103.726 154.085 103.726 128.717 103.726 103.726 103.726 103.726 103.726 133.432 103.726 284.045 103.726 274.007 177.935 365.394 103.726 103.726 103.726 103.726 103.726
##L_SHORT#######1989 233 20 25 35.921 status LS
#      #
#      #
#CUP_A#
  103.726 294.45 103.726 128.717 103.726 103.726 365.394 103.726 965.243 1597.3 284.045 103.726 407.039 103.726 965.243 898.228
#CUP_B#
  274.007 103.726 407.039 103.726 103.726 159.73 103.726 103.726 453.431 562.68 103.726 103.726 103.726 103.726 103.726 103.726
#CUP_C#
  103.726 103.726 103.726 103.726 165.581 103.726 198.215 103.726 378.779 2459.725 103.726 470.042 138.32 138.32 103.726 264.324
#CUP_D#
  103.726 103.726 228.895 103.726 103.726 103.726 103.726 328.01 103.726 284.045 103.726 264.324 103.726 177.935 103.726 103.726
##ELECTR_LONG###1989 233 20 25 41.921 status EL
# E1: 1989 233 20 26 05.441;   E2: 1989 233 20 25 17.441   #
#      #
  3.055 3.055 3.055 3.055 18.461 3.055 3.055 80.701 69.884 32.829 15.422 35.278 25.52 65.032 40.738 39.299 3.055 3.055 11.565 3.055 32.829 28.429 58.379 24.618 11.565 83.657 778.492 750.981
##L_LONG########1989 233 20 25 48.161 status LL
#      #
#      #
#CUP_A#
  3.055 220.993 119.882 13.844 75.098 14.351 3.055 56.316 807.01 1983.829 3.055 487.673 255.199 1001.45 1076.166 1198.82
#CUP_B#
  3.055 159.865 3.055 133.545 56.316 148.766 40.738 3.055 778.492 750.981 3.055 3.055 3.055 3.055 3.055 3.055
#CUP_C#
  3.055 3.055 21.318 3.055 8.99 5.055 3.055 18.461 379.1 2374.811 93.192 453.815 198.383 220.993 229.089 305.495
#CUP_D#
  54.326 8.07 3.055 3.055 3.055 3.055 100.145 43.778 77.849 119.882 45.382 3.055 3.055 3.055 3.055 3.055
##L_SHORT#######1989 233 20 26 23.921 status LS
#      #
#      #
#CUP_A#
  138.32 103.726 103.726 103.726 103.726 133.432 103.726 365.394 378.779 2208.063 103.726 505.111 103.726 254.983 562.68 1075.255
#CUP_B#
  103.726 103.726 103.726 103.726 103.726 103.726 103.726 103.726 750.346 487.261 103.726 103.726 103.726 103.726 103.726 103.726
#CUP_C#
  103.726 103.726 107.525 103.726 103.726 103.726 103.726 133.432 245.972 2459.725 133.432 470.042 237.28 103.726 220.806 228.895
#CUP_D#
  103.726 103.726 103.726 103.726 154.085 103.726 103.726 103.726 148.64 143.388 103.726 119.781 103.726 138.32 103.726 103.726
##L_LONG########1989 233 20 26 36.161 status LL
#      #
#      #
#CUP_A#
  3.055 40.738 45.382 18.461 3.055 69.884 3.055 3.055 750.981 2209.933 3.055 563.157 437.778 1038.136 1076.166 1242.737
#CUP_B#
  3.055 128.826 32.829 3.055 50.554 9.661 3.055 3.055 750.981 778.492 3.055 3.055 3.055 3.055 3.055 3.055
#CUP_C#
  3.055 16.572 3.055 32.829 3.055 3.055 3.055 29.47 365.703 2374.811 111.559 437.778 229.089 246.181 284.285 294.699
#CUP_D#
  48.767 47.044 3.055 3.055 3.055 3.055 119.882 184.61 86.722 60.517 29.47 3.055 3.055 3.055 3.055 3.055
##ELECTR_SHORT##1989 233 20 26 55.001 status ES
# E1: 1989 233 20 26 30.881;   E2: 1989 233 20 27 18.881   #
#      #
  103.726 103.726 103.726 103.726 103.726 103.726 103.726 103.726 177.935 103.726 177.935 103.726 133.432 103.726 103.726 103.726 138.32 191.21 237.28 103.726 148.64 115.548 143.388 103.726 103.726 103.726 184.453 723.83
##L_SHORT#######1989 233 20 27 11.921 status LS
#      #
#      #
#CUP_A#
  103.726 407.039 103.726 328.01 103.726 119.781 103.726 103.726 723.83 2130.034 165.581 177.935 165.581 103.726 698.251 1197.806
#CUP_B#
  328.01 103.726 305.236 103.726 177.935 103.726 103.726 103.726 698.251 470.042 103.726 103.726 103.726 103.726 103.726 103.726
#CUP_C#
  103.726 103.726 103.726 103.726 191.21 103.726 159.73 103.726 453.431 2459.725 103.726 604.66 205.476 171.647 103.726 198.215
#CUP_D#
  237.28 103.726 328.01 103.726 103.726 103.726 103.726 103.726 103.726 378.779 103.726 171.647 103.726 148.64 103.726 103.726
##ELECTR_LONG###1989 233 20 27 17.921 status EL
# E1: 1989 233 20 27 41.441;   E2: 1989 233 20 26 53.441   #
#      #
  7.244 48.767 11.156 7.51 18.461 3.055 26.455 3.055 86.722 3.055 24.618 10.762 12.427 17.809 3.055 3.055 3.055 3.055 3.055 10.762 56.316 25.52 83.657 24.618 58.379 62.734 778.492 750.981
##L_LONG########1989 233 20 27 24.161 status LL
#      #
#      #
#CUP_A#
  35.278 165.722 83.657 3.055 3.055 27.424 18.461 3.055 778.492 1983.829 18.461 453.815 246.181 1038.136 1115.589 1242.737
#CUP_B#
  77.849 56.316 12.427 115.646 39.299 3.055 3.055 3.055 778.492 750.981 3.055 3.055 3.055 3.055 3.055 3.055
#CUP_C#
  103.814 3.055 6.988 22.099 3.055 29.47 3.055 3.055 379.1 2461.808 69.884 437.778 220.993 220.993 305.495 284.285
#CUP_D#
  62.734 3.055 96.606 3.055 3.055 12.883 3.055 50.554 72.444 20.565 12.883 25.52 3.055 3.055 3.055 3.055
##M_LONG########1989 233 20 27 58.721 status ML
#      #
#      #
#CUP_A#
  23.421 61.871 23.421 23.421 175.635 23.421 23.421 290.644 23.421 23.421 23.421 23.421 48.096 23.421 23.421 23.421 23.421 23.421 23.421 66.487 23.421 23.421 23.421 23.421 23.421 43.175 23.421 31.233 23.421 23.421 23.421 23.421 23.421 23.421 23.421 23.421 23.421 23.421 23.421 23.421 23.421 38.758 23.421 23.421 27.046 23.421 23.421 23.421 23.421 23.421 23.421 23.421 23.421 59.684 23.421 23.421 41.65 48.096 23.421 49.858 95.276 34.792 23.421 23.421 23.421 23.421 23.421 23.421 23.421 23.421 131.708 575.752 1270.532 767.778 74.065 23.421 23.421 23.421 23.421 23.421 23.421 23.421 23.421 23.421 23.421 23.421 23.421 23.421 23.421 55.541 110.024 127.053 88.662 26.091 23.421 23.421 23.421 23.421 33.563 64.137 23.421 23.421 28.037 23.421 23.421 40.178 23.421 23.421 23.421 23.421 323.769 175.635 195.653 118.232 127.053 163.441 131.708 79.59 251.687 188.739 106.135 27.046 146.719 387.579 91.91 23.421 217.952 163.441
#CUP_B#
  55.541 27.046 23.421 23.421 23.421 152.093 23.421 886.616 202.82 23.421 23.421 23.421 38.758 23.421 23.421 23.421 23.421 48.096 23.421 23.421 51.685 23.421 23.421 23.421 23.421 23.421 23.421 23.421 23.421 23.421 30.129 23.421 27.046 23.421 23.421 23.421 23.421 23.421 23.421 23.421 23.421 23.421 23.421 23.421 23.421 23.421 25.169 23.421 23.421 23.421 23.421 23.421 23.421 23.421 23.421 23.421 23.421 23.421 23.421 23.421 23.421 23.421 23.421 23.421 23.421 23.421 23.421 23.421 23.421 23.421 195.653 825.06 1100.236 360.671 23.421 23.421 23.421 23.421 23.421 23.421 23.421 23.421 23.421 23.421 23.421 23.421 23.421 23.421 23.421 23.421 23.421 23.421 23.421 23.421 23.421 23.421 23.421 23.421 23.421 23.421 23.421 23.421 23.421 23.421 23.421 23.421 23.421 152.093 23.421 23.421 23.421 23.421 23.421 23.421 23.421 23.421 23.421 23.421 23.421 23.421 23.421 23.421 23.421 23.421 23.421 23.421 23.421 23.421
#CUP_C#
  23.421 23.421 23.421 36.067 23.421 51.685 23.421 127.053 118.232 23.421 23.421 23.421 59.684 48.096 23.421 23.421 23.421 23.421 55.541 41.65 27.046 23.421 23.421 23.421 23.421 23.421 23.421 23.421 44.757 23.421 23.421 23.421 23.421 23.421 23.421 23.421 23.421 44.757 23.421 23.421 44.757 23.421 23.421 23.421 23.421 23.421 23.421 95.276 23.421 23.421 23.421 23.421 23.421 40.178 40.178 23.421 23.421 280.373 46.397 23.421 29.064 23.421 23.421 41.65 23.421 23.421 23.421 23.421 23.421 23.421 110.024 242.793 1023.848 1100.236 347.925 23.421 23.421 23.421 23.421 23.421 23.421 23.421 23.421 23.421 28.037 23.421 49.858 23.421 23.421 57.575 110.024 118.232 98.767 28.037 37.388 61.871 23.421 23.421 49.858 23.421 30.129 23.421 24.279 23.421 23.421 26.091 44.757 23.421 23.421 23.421 25.169 23.421 31.233 64.137 24.279 53.578 61.871 37.388 61.871 23.421 43.175 23.421 53.578 85.528 23.421 64.137 23.421 61.871
#CUP_D#
  31.233 23.421 23.421 23.421 23.421 64.137 23.421 23.421 23.421 44.757 23.421 23.421 23.421 23.421 23.421 51.685 82.506 110.024 95.276 23.421 23.421 23.421 23.421 23.421 25.169 110.024 95.276 44.757 23.421 23.421 23.421 23.421 23.421 55.541 59.684 23.421 51.685 23.421 23.421 23.421 23.421 23.421 38.758 36.067 59.684 23.421 27.046 23.421 23.421 23.421 23.421 41.65 30.129 27.046 23.421 23.421 23.421 23.421 23.421 23.421 23.421 23.421 23.421 23.421 23.421 23.421 23.421 46.397 79.59 23.421 23.421 23.421 23.421 23.421 23.421 64.137 82.506 23.421 76.778 44.757 31.233 23.421 23.421 23.421 23.421 41.65 38.758 23.421 23.421 23.421 23.421 23.421 23.421 23.421 23.421 23.421 23.421 23.421 31.233 23.421 36.067 23.421 23.421 30.129 49.858 23.421 43.175 23.421 23.421 23.421 23.421 23.421 23.421 23.421 32.377 23.421 23.421 23.421 23.421 23.421 27.046 23.421 23.421 23.421 27.046 23.421 23.421 23.421
##L_LONG########1989 233 20 30 03.520 status LL
#      #
#      #
#CUP_A#
  3.055 35.278 3.055 3.055 3.055 3.055 3.055 3.055 724.443 2131.838 3.055 563.157 453.815 1001.45 1038.136 1242.737
#CUP_B#
  3.055 34.031 3.055 6.741 28.429 3.055 3.055 3.055 698.842 807.01 3.055 3.055 3.055 3.055 3.055 3.055
#CUP_C#
  19.137 6.741 3.055 3.055 3.055 133.545 42.231 54.326 407.384 2374.811 93.192 453.815 237.481 220.993 264.548 305.495
#CUP_D#
  3.055 3.055 3.055 22.099 54.326 47.044 28.429 37.91 58.379 3.055 29.47 3.055 3.055 3.055 3.055 3.055
##L_SHORT#######1989 233 20 30 23.921 status LS
#      #
#      #
#CUP_A#
  103.726 407.039 103.726 378.779 103.726 103.726 220.806 103.726 1241.685 1597.3 316.418 103.726 583.293 103.726 1433.876 392.655
#CUP_B#
  103.726 254.983 274.007 205.476 103.726 103.726 103.726 205.476 723.83 392.655 103.726 103.726 103.726 103.726 103.726 103.726
#CUP_C#
  103.726 103.726 103.726 111.464 103.726 103.726 103.726 138.32 421.95 2288.951 119.781 328.01 177.935 103.726 220.806 316.418
#CUP_D#
  154.085 103.726 103.726 103.726 103.726 103.726 103.726 103.726 103.726 103.726 103.726 103.726 103.726 103.726 103.726 103.726
##L_LONG########1989 233 20 30 36.161 status LL
#      #
#      #
#CUP_A#
  184.61 133.545 4.877 19.838 138.438 86.722 3.055 3.055 867.22 2209.933 128.826 392.988 237.481 931.921 1115.589 1242.737
#CUP_B#
  3.055 62.734 93.192 3.055 3.055 3.055 3.055 3.055 778.492 724.443 3.055 3.055 3.055 3.055 3.055 3.055
#CUP_C#
  3.055 32.829 10.381 3.055 25.52 3.055 8.07 31.669 437.778 2374.811 159.865 470.44 191.372 213.184 229.089 305.495
#CUP_D#
  16.572 3.055 3.055 3.055 24.618 43.778 6.503 3.055 3.055 17.809 35.278 3.055 3.055 3.055 3.055 3.055
##ELECTR_SHORT##1989 233 20 30 55.001 status ES
# E1: 1989 233 20 30 30.881;   E2: 1989 233 20 31 18.881   #
#      #
  103.726 103.726 107.525 103.726 103.726 103.726 103.726 103.726 103.726 103.726 103.726 103.726 103.726 103.726 103.726 103.726 103.726 103.726 103.726 103.726 103.726 103.726 103.726 103.726 103.726 103.726 103.726 103.726
##L_SHORT#######1989 233 20 31 11.921 status LS
#      #
#      #
#CUP_A#
  103.726 604.66 103.726 103.726 103.726 103.726 274.007 103.726 1197.806 1383.205 542.796 103.726 316.418 103.726 1075.255 604.66
#CUP_B#
  220.806 103.726 177.935 103.726 103.726 103.726 103.726 103.726 626.811 604.66 103.726 103.726 103.726 103.726 103.726 103.726
#CUP_C#
  103.726 165.581 103.726 103.726 103.726 103.726 220.806 103.726 505.111 2288.951 220.806 407.039 159.73 191.21 133.432 177.935
#CUP_D#
  284.045 103.726 159.73 103.726 103.726 184.453 103.726 103.726 103.726 392.655 103.726 220.806 103.726 138.32 103.726 103.726
##ELECTR_LONG###1989 233 20 31 17.921 status EL
# E1: 1989 233 20 31 41.441;   E2: 1989 233 20 30 53.441   #
#      #
  3.055 36.57 3.055 3.055 36.57 22.099 56.316 10.381 31.669 23.748 67.415 69.884 11.156 36.57 27.424 24.618 3.055 3.055 3.055 3.055 3.055 43.778 77.849 80.701 58.379 86.722 778.492 698.842
##L_LONG########1989 233 20 31 24.161 status LL
#      #
#      #
#CUP_A#
  60.517 138.438 69.884 3.055 133.545 83.657 3.055 3.055 867.22 2209.933 67.415 505.538 213.184 1001.45 1115.589 1335.455
#CUP_B#
  3.055 154.216 11.565 3.055 39.299 27.424 3.055 3.055 807.01 750.981 3.055 3.055 3.055 3.055 3.055 3.055
#CUP_C#
  3.055 3.055 3.055 3.055 58.379 35.278 3.055 17.179 487.673 2374.811 69.884 392.988 274.239 198.383 255.199 305.495
#CUP_D#
  36.57 3.055 3.055 3.055 3.055 26.455 34.031 3.055 3.055 3.055 17.179 36.57 3.055 3.055 3.055 3.055
##L_SHORT#######1989 233 20 31 59.920 status LS
#      #
#      #
#CUP_A#
  421.95 103.726 103.726 103.726 103.726 165.581 103.726 143.388 340.025 2459.725 103.726 835.866 103.726 294.45 284.045 1383.205
#CUP_B#
  103.726 103.726 103.726 111.464 103.726 103.726 103.726 103.726 698.251 421.95 103.726 103.726 103.726 103.726 103.726 103.726
#CUP_C#
  103.726 103.726 103.726 103.726 103.726 103.726 103.726 103.726 305.236 2372.802 103.726 453.431 228.895 103.726 103.726 294.45
#CUP_D#
  103.726 103.726 103.726 103.726 103.726 103.726 103.726 103.726 103.726 103.726 119.781 124.169 133.432 103.726 103.726 103.726
##L_LONG########1989 233 20 32 12.160 status LL
#      #
#      #
#CUP_A#
  52.406 3.055 54.326 34.031 13.844 3.055 3.055 3.055 724.443 2131.838 3.055 563.157 284.285 867.22 1076.166 1242.737
#CUP_B#
  54.326 72.444 24.618 3.055 3.055 3.055 3.055 3.055 778.492 966.06 3.055 3.055 3.055 3.055 3.055 3.055
#CUP_C#
  9.661 3.055 56.316 3.055 10.762 3.055 37.91 3.055 392.988 2461.808 75.098 437.778 220.993 178.086 264.548 305.495
#CUP_D#
  30.549 3.055 3.055 3.055 21.318 35.278 6.052 3.055 3.055 4.223 18.461 4.877 3.055 3.055 3.055 3.055
##ELECTR_SHORT##1989 233 20 32 31.000 status ES
# E1: 1989 233 20 32 06.880;   E2: 1989 233 20 32 54.880   #
#      #
  103.726 103.726 103.726 103.726 103.726 103.726 103.726 103.726 103.726 103.726 103.726 103.726 103.726 103.726 103.726 103.726 103.726 103.726 103.726 103.726 103.726 103.726 103.726 103.726 103.726 103.726 103.726 103.726
##L_SHORT#######1989 233 20 32 47.920 status LS
#      #
#      #
#CUP_A#
  103.726 103.726 103.726 103.726 148.64 103.726 103.726 103.726 866.486 1844.533 103.726 365.394 103.726 352.482 649.773 777.833
#CUP_B#
  103.726 103.726 103.726 103.726 103.726 103.726 103.726 103.726 806.328 421.95 103.726 103.726 103.726 103.726 103.726 103.726
#CUP_C#
  103.726 103.726 103.726 103.726 103.726 103.726 107.525 103.726 437.408 2372.802 111.464 523.614 148.64 184.453 103.726 294.45
#CUP_D#
  119.781 103.726 115.548 103.726 103.726 103.726 103.726 205.476 103.726 328.01 103.726 213.003 103.726 128.717 103.726 103.726
##ELECTR_LONG###1989 233 20 32 53.920 status EL
# E1: 1989 233 20 33 17.440;   E2: 1989 233 20 32 29.440   #
#      #
  3.055 14.877 22.909 3.055 3.055 43.778 14.351 34.031 37.91 3.055 3.055 3.167 27.424 5.838 3.055 34.031 3.055 3.055 3.055 3.055 3.055 42.231 96.606 69.884 69.884 154.216 807.01 750.981
##L_LONG########1989 233 20 33 00.159 status LL
#      #
#      #
#CUP_A#
  3.055 165.722 111.559 3.055 3.055 56.316 35.278 3.055 898.988 2056.502 45.382 563.157 205.65 931.921 1156.456 1288.262
#CUP_B#
  14.877 119.882 3.055 77.849 60.517 3.055 29.47 3.055 750.981 674.146 3.055 3.055 3.055 3.055 3.055 3.055
#CUP_C#
  56.316 3.055 75.098 3.055 47.044 3.055 3.055 39.299 470.44 2209.933 103.814 470.44 237.481 178.086 305.495 305.495
#CUP_D#
  42.231 12.427 3.055 3.055 5.055 17.809 23.748 3.055 3.055 6.052 11.565 12.883 3.055 3.055 3.055 3.055
##L_SHORT#######1989 233 20 33 35.920 status LS
#      #
#      #
#CUP_A#
  103.726 220.806 103.726 119.781 103.726 103.726 245.972 103.726 1000.602 1597.3 352.482 103.726 365.394 103.726 1037.257 626.811
#CUP_B#
  115.548 103.726 103.726 103.726 103.726 103.726 103.726 103.726 470.042 487.261 103.726 103.726 103.726 103.726 103.726 103.726
#CUP_C#
  103.726 103.726 103.726 103.726 103.726 103.726 103.726 103.726 437.408 2288.951 143.388 328.01 213.003 103.726 171.647 165.581
#CUP_D#
  103.726 103.726 103.726 103.726 103.726 103.726 103.726 119.781 103.726 138.32 103.726 103.726 111.464 148.64 103.726 103.726
##L_LONG########1989 233 20 33 48.160 status LL
#      #
#      #
#CUP_A#
  50.554 3.055 154.216 133.545 107.617 3.055 3.055 60.517 966.06 2131.838 48.767 543.255 264.548 898.988 1076.166 1242.737
#CUP_B#
  138.438 43.778 72.444 3.055 3.055 86.722 3.055 3.055 836.574 724.443 3.055 3.055 3.055 3.055 3.055 3.055
#CUP_C#
  3.055 40.738 3.055 30.549 3.055 3.403 29.47 21.318 453.815 2374.811 133.545 505.538 213.184 237.481 274.239 305.495
#CUP_D#
  3.055 3.055 3.055 36.57 48.767 65.032 62.734 54.326 3.055 34.031 16.572 3.055 13.355 3.055 3.055 3.055
##ELECTR_SHORT##1989 233 20 34 07.000 status ES
# E1: 1989 233 20 33 42.880;   E2: 1989 233 20 34 30.880   #
#      #
  103.726 103.726 103.726 103.726 103.726 103.726 103.726 103.726 103.726 103.726 103.726 103.726 103.726 103.726 103.726 103.726 103.726 103.726 107.525 103.726 171.647 191.21 294.45 159.73 128.717 103.726 119.781 103.726
##L_SHORT#######1989 233 20 34 23.919 status LS
#      #
#      #
#CUP_A#
  103.726 103.726 103.726 103.726 103.726 103.726 103.726 103.726 898.228 1844.533 103.726 453.431 103.726 437.408 626.811 931.132
#CUP_B#
  103.726 254.983 103.726 148.64 103.726 148.64 103.726 103.726 723.83 316.418 103.726 103.726 103.726 103.726 103.726 103.726
#CUP_C#
  103.726 103.726 103.726 103.726 103.726 103.726 111.464 103.726 505.111 2372.802 103.726 470.042 103.726 284.045 103.726 352.482
#CUP_D#
  245.972 103.726 352.482 103.726 103.726 103.726 103.726 128.717 103.726 305.236 103.726 171.647 103.726 284.045 103.726 103.726
##ELECTR_LONG###1989 233 20 34 29.920 status EL
# E1: 1989 233 20 34 53.440;   E2: 1989 233 20 34 05.440   #
#      #
  3.055 3.055 9.319 24.618 29.47 8.366 45.382 18.461 75.098 3.055 30.549 4.704 13.355 7.785 28.429 50.554 3.055 3.055 25.52 18.461 3.528 62.734 77.849 107.617 80.701 115.646 724.443 724.443
##L_LONG########1989 233 20 34 36.160 status LL
#      #
#      #
#CUP_A#
  60.517 56.316 29.47 9.319 3.055 3.055 67.415 62.734 836.574 1913.723 34.031 524.058 229.089 966.06 1076.166 1242.737
#CUP_B#
  3.055 3.055 34.031 24.618 111.559 6.273 3.055 3.055 807.01 807.01 3.055 3.055 3.055 3.055 3.055 3.055
#CUP_C#
  67.415 3.055 6.988 3.055 3.055 62.734 3.055 14.351 505.538 2209.933 124.274 437.778 213.184 255.199 305.495 284.285
#CUP_D#
  5.241 4.704 22.909 3.055 3.055 3.055 30.549 58.379 56.316 30.549 3.055 3.055 3.055 3.055 3.055 5.838
##L_SHORT#######1989 233 20 35 11.920 status LS
#      #
#      #
#CUP_A#
  274.007 103.726 421.95 103.726 274.007 103.726 159.73 103.726 898.228 1779.35 103.726 378.779 103.726 191.21 673.576 562.68
#CUP_B#
  103.726 103.726 103.726 103.726 103.726 103.726 103.726 103.726 698.251 604.66 103.726 103.726 103.726 103.726 103.726 103.726
#CUP_C#
  103.726 103.726 103.726 103.726 103.726 103.726 103.726 103.726 542.796 2288.951 107.525 407.039 191.21 237.28 171.647 274.007
#CUP_D#
  103.726 103.726 103.726 103.726 103.726 103.726 103.726 103.726 103.726 103.726 103.726 177.935 103.726 184.453 103.726 103.726
##L_LONG########1989 233 20 35 24.160 status LL
#      #
#      #
#CUP_A#
  3.055 8.366 103.814 178.086 80.701 3.055 3.055 58.379 1001.45 2131.838 39.299 453.815 274.239 1001.45 1115.589 1242.737
#CUP_B#
  29.47 21.318 100.145 10.762 20.565 18.461 3.055 3.055 724.443 778.492 3.055 3.055 3.055 3.055 3.055 3.055
#CUP_C#
  3.055 11.565 15.422 3.055 3.055 3.055 34.031 3.055 487.673 2290.889 111.559 437.778 191.372 191.372 274.239 305.495
#CUP_D#
  3.055 14.877 32.829 3.055 3.055 3.055 15.422 37.91 42.231 3.055 3.055 3.055 21.318 3.055 3.055 3.055
##ELECTR_SHORT##1989 233 20 35 43.000 status ES
# E1: 1989 233 20 35 18.880;   E2: 1989 233 20 36 06.880   #
#      #
  103.726 103.726 103.726 103.726 103.726 103.726 103.726 103.726 103.726 103.726 143.388 103.726 103.726 103.726 103.726 103.726 103.726 103.726 103.726 103.726 115.548 159.73 228.895 220.806 171.647 124.169 115.548 103.726
##L_SHORT#######1989 233 20 35 59.920 status LS
#      #
#      #
#CUP_A#
  103.726 523.614 103.726 505.111 103.726 470.042 103.726 103.726 898.228 1844.533 198.215 171.647 103.726 103.726 965.243 866.486
#CUP_B#
  103.726 143.388 103.726 165.581 103.726 103.726 103.726 103.726 750.346 213.003 103.726 103.726 103.726 103.726 103.726 103.726
#CUP_C#
  103.726 103.726 103.726 103.726 103.726 103.726 103.726 103.726 407.039 2372.802 103.726 505.111 103.726 198.215 119.781 294.45
#CUP_D#
  305.236 103.726 352.482 103.726 103.726 103.726 103.726 103.726 103.726 328.01 103.726 284.045 103.726 352.482 103.726 103.726
##ELECTR_LONG###1989 233 20 36 05.920 status EL
# E1: 1989 233 20 36 29.440;   E2: 1989 233 20 35 41.440   #
#      #
  3.055 20.565 3.055 3.055 3.055 36.57 25.52 9.319 32.829 3.055 19.137 13.844 47.044 58.379 3.055 8.07 3.055 3.055 10.014 89.899 48.767 54.326 58.379 29.47 37.91 62.734 750.981 750.981
##L_LONG########1989 233 20 36 12.160 status LL
#      #
#      #
#CUP_A#
  9.319 3.055 3.055 3.055 69.884 3.055 54.326 3.055 836.574 1913.723 40.738 650.323 255.199 1001.45 1076.166 1335.455
#CUP_B#
  3.055 191.372 27.424 3.055 40.738 32.829 3.055 3.055 966.06 807.01 3.055 3.055 3.055 3.055 3.055 3.055
#CUP_C#
  22.099 3.055 3.055 40.738 10.762 32.829 3.055 3.055 487.673 2209.933 56.316 453.815 237.481 184.61 255.199 305.495
#CUP_D#
  3.055 3.055 17.809 30.549 3.055 3.055 3.055 8.366 42.231 43.778 3.055 3.055 3.055 17.179 8.07 3.055
##L_SHORT#######1989 233 20 36 47.920 status LS
#      #
#      #
#CUP_A#
  103.726 103.726 103.726 103.726 148.64 103.726 103.726 103.726 965.243 1597.3 165.581 1000.602 184.453 103.726 777.833 453.431
#CUP_B#
  103.726 103.726 119.781 103.726 103.726 103.726 103.726 103.726 542.796 626.811 103.726 103.726 103.726 103.726 103.726 103.726
#CUP_C#
  103.726 103.726 103.726 103.726 103.726 103.726 103.726 103.726 453.431 2288.951 138.32 453.431 103.726 143.388 245.972 421.95
#CUP_D#
  115.548 103.726 107.525 103.726 103.726 111.464 103.726 103.726 124.169 143.388 103.726 103.726 165.581 274.007 103.726 103.726
##L_LONG########1989 233 20 37 00.159 status LL
#      #
#      #
#CUP_A#
  3.055 4.538 58.379 124.274 43.778 3.055 3.055 36.57 966.06 2056.502 12.883 487.673 220.993 966.06 1115.589 1288.262
#CUP_B#
  19.137 40.738 48.767 3.055 6.988 22.099 3.055 3.055 836.574 836.574 3.055 3.055 3.055 3.055 3.055 3.055
#CUP_C#
  8.366 3.055 37.91 14.877 10.014 3.055 72.444 3.055 437.778 2290.889 111.559 437.778 133.545 205.65 255.199 305.495
#CUP_D#
  3.791 25.52 34.031 6.273 3.055 3.055 4.538 30.549 35.278 3.055 3.055 3.055 30.549 10.014 3.055 3.055
##ELECTR_SHORT##1989 233 20 37 19.000 status ES
# E1: 1989 233 20 36 54.880;   E2: 1989 233 20 37 42.880   #
#      #
  103.726 103.726 103.726 103.726 103.726 103.726 103.726 228.895 103.726 103.726 103.726 138.32 103.726 103.726 103.726 103.726 103.726 103.726 103.726 103.726 148.64 245.972 205.476 115.548 103.726 107.525 103.726 103.726
##L_SHORT#######1989 233 20 37 35.920 status LS
#      #
#      #
#CUP_A#
  103.726 103.726 103.726 103.726 128.717 103.726 171.647 103.726 1197.806 1597.3 198.215 340.025 103.726 138.32 806.328 604.66
#CUP_B#
  103.726 328.01 103.726 328.01 103.726 213.003 103.726 103.726 777.833 305.236 103.726 103.726 103.726 103.726 103.726 103.726
#CUP_C#
  103.726 103.726 103.726 103.726 111.464 103.726 103.726 103.726 604.66 2288.951 103.726 523.614 103.726 284.045 154.085 191.21
#CUP_D#
  453.431 103.726 328.01 103.726 103.726 103.726 103.726 115.548 103.726 284.045 103.726 316.418 103.726 316.418 103.726 103.726
##ELECTR_LONG###1989 233 20 37 41.920 status EL
# E1: 1989 233 20 38 05.440;   E2: 1989 233 20 37 17.440   #
#      #
  3.055 15.422 15.987 39.299 23.748 15.422 29.47 25.52 29.47 3.055 22.099 3.055 3.055 31.669 8.672 3.055 3.055 3.055 3.055 19.137 43.778 56.316 83.657 115.646 52.406 96.606 674.146 724.443
##L_LONG########1989 233 20 37 48.160 status LL
#      #
#      #
#CUP_A#
  3.055 42.231 5.838 43.778 13.355 23.748 3.055 39.299 966.06 1983.829 111.559 524.058 143.509 966.06 1076.166 1198.82
#CUP_B#
  191.372 19.838 48.767 3.055 10.014 138.438 3.055 3.055 778.492 724.443 3.055 3.055 3.055 3.055 3.055 3.055
#CUP_C#
  25.52 5.632 3.055 8.366 9.319 39.299 30.549 37.91 505.538 2290.889 65.032 407.384 246.181 229.089 305.495 305.495
#CUP_D#
  3.055 19.137 34.031 20.565 3.055 3.055 4.877 47.044 36.57 3.055 3.055 5.838 19.838 3.055 3.055 3.055
##L_SHORT#######1989 233 20 38 23.919 status LS
#      #
#      #
#CUP_A#
  316.418 103.726 305.236 103.726 103.726 103.726 103.726 165.581 505.111 2208.063 103.726 673.576 103.726 542.796 453.431 1241.685
#CUP_B#
  103.726 103.726 103.726 103.726 103.726 103.726 103.726 103.726 626.811 487.261 103.726 103.726 103.726 103.726 103.726 103.726
#CUP_C#
  103.726 103.726 103.726 103.726 159.73 119.781 103.726 103.726 392.655 2288.951 103.726 453.431 103.726 159.73 148.64 264.324
#CUP_D#
  103.726 103.726 115.548 103.726 103.726 111.464 111.464 103.726 103.726 103.726 103.726 103.726 103.726 128.717 111.464 103.726
##L_LONG########1989 233 20 38 36.160 status LL
#      #
#      #
#CUP_A#
  96.606 5.838 3.055 30.549 3.167 3.055 3.055 3.055 898.988 1913.723 11.156 487.673 264.548 1038.136 1076.166 1242.737
#CUP_B#
  39.299 3.055 72.444 60.517 20.565 3.055 3.055 3.055 867.22 674.146 3.055 3.055 3.055 3.055 3.055 3.055
#CUP_C#
  3.055 3.055 3.055 19.137 3.055 3.791 40.738 32.829 524.058 2290.889 133.545 392.988 198.383 198.383 246.181 305.495
#CUP_D#
  67.415 7.244 3.055 3.055 3.055 3.055 65.032 52.406 31.669 42.231 3.055 3.055 3.055 3.055 3.055 3.055
##ELECTR_SHORT##1989 233 20 38 55.000 status ES
# E1: 1989 233 20 38 30.880;   E2: 1989 233 20 39 18.880   #
#      #
  103.726 103.726 103.726 103.726 103.726 103.726 103.726 103.726 205.476 103.726 107.525 103.726 103.726 103.726 103.726 103.726 103.726 103.726 103.726 103.726 138.32 103.726 177.935 103.726 316.418 103.726 274.007 284.045
##L_SHORT#######1989 233 20 39 11.920 status LS
#      #
#      #
#CUP_A#
  103.726 604.66 103.726 542.796 103.726 305.236 103.726 103.726 898.228 1486.403 437.408 103.726 453.431 103.726 1197.806 487.261
#CUP_B#
  103.726 177.935 103.726 274.007 103.726 171.647 103.726 103.726 649.773 365.394 103.726 103.726 103.726 103.726 103.726 103.726
#CUP_C#
  103.726 103.726 103.726 103.726 103.726 103.726 103.726 103.726 392.655 2372.802 115.548 470.042 148.64 205.476 133.432 171.647
#CUP_D#
  264.324 103.726 294.45 103.726 184.453 103.726 103.726 107.525 103.726 284.045 103.726 198.215 103.726 340.025 103.726 103.726
##ELECTR_LONG###1989 233 20 39 17.920 status EL
# E1: 1989 233 20 39 41.440;   E2: 1989 233 20 38 53.440   #
#      #
  3.055 30.549 43.778 6.503 3.055 27.424 11.156 58.379 42.231 3.055 3.055 16.572 30.549 15.987 6.741 45.382 3.055 3.055 3.055 15.987 54.326 75.098 83.657 28.429 43.778 119.882 750.981 750.981
##L_LONG########1989 233 20 39 24.160 status LL
#      #
#      #
#CUP_A#
  3.055 213.184 47.044 3.055 3.055 154.216 111.559 65.032 724.443 1913.723 56.316 524.058 213.184 931.921 1001.45 1288.262
#CUP_B#
  128.826 54.326 154.216 39.299 3.055 3.055 9.319 3.055 807.01 674.146 3.055 3.055 3.055 3.055 3.055 3.055
#CUP_C#
  3.055 4.704 7.244 29.47 3.055 10.762 56.316 69.884 422.308 2290.889 100.145 392.988 220.993 229.089 294.699 294.699
#CUP_D#
  3.055 47.044 3.055 3.055 3.055 3.055 89.899 111.559 96.606 45.382 3.055 3.055 3.055 3.055 3.055 3.055
##M_LONG########1989 233 20 39 58.720 status ML
#      #
#      #
#CUP_A#
  23.421 61.871 36.067 23.421 23.421 23.421 23.421 210.25 95.276 23.421 23.421 23.421 23.421 23.421 23.421 64.137 23.421 23.421 23.421 23.421 23.421 23.421 23.421 24.279 23.421 36.067 23.421 23.421 23.421 23.421 23.421 44.757 23.421 23.421 23.421 23.421 26.091 23.421 23.421 23.421 23.421 23.421 23.421 23.421 23.421 23.421 23.421 23.421 23.421 23.421 23.421 23.421 59.684 23.421 23.421 23.421 23.421 498.581 23.421 23.421 23.421 74.065 66.487 102.385 76.778 23.421 23.421 23.421 23.421 23.421 102.385 714.473 1140.54 641.373 82.506 23.421 23.421 23.421 23.421 23.421 23.421 23.421 23.421 23.421 23.421 23.421 23.421 23.421 23.421 98.767 118.232 95.276 64.137 23.421 23.421 23.421 31.233 31.233 23.421 51.685 23.421 23.421 23.421 23.421 23.421 66.487 23.421 95.276 23.421 23.421 290.644 188.739 225.936 106.135 131.708 188.739 106.135 102.385 225.936 188.739 41.65 59.684 163.441 360.671 152.093 23.421 225.936 217.952
#CUP_B#
  37.388 44.757 23.421 23.421 23.421 68.922 23.421 23.421 1182.322 23.421 23.421 23.421 59.684 23.421 23.421 23.421 23.421 23.421 23.421 23.421 23.421 23.421 31.233 23.421 23.421 43.175 23.421 23.421 40.178 82.506 28.037 23.421 23.421 44.757 23.421 23.421 23.421 38.758 23.421 23.421 23.421 23.421 23.421 23.421 23.421 23.421 23.421 23.421 23.421 25.169 23.421 23.421 23.421 23.421 23.421 23.421 28.037 23.421 1820.689 23.421 41.65 23.421 23.421 23.421 23.421 23.421 23.421 23.421 23.421 23.421 234.213 919.096 1023.848 270.465 23.421 23.421 23.421 23.421 23.421 23.421 23.421 23.421 23.421 23.421 23.421 23.421 23.421 23.421 23.421 23.421 23.421 23.421 23.421 23.421 23.421 23.421 23.421 23.421 23.421 23.421 23.421 23.421 23.421 23.421 23.421 23.421 23.421 23.421 23.421 23.421 23.421 23.421 23.421 23.421 23.421 23.421 23.421 23.421 23.421 23.421 23.421 23.421 23.421 23.421 23.421 23.421 23.421 23.421
#CUP_C#
  23.421 23.421 23.421 28.037 23.421 23.421 23.421 27.046 37.388 37.388 23.421 23.421 51.685 23.421 76.778 23.421 23.421 23.421 23.421 44.757 32.377 23.421 23.421 23.421 23.421 23.421 23.421 23.421 23.421 41.65 27.046 23.421 23.421 29.064 23.421 46.397 44.757 23.421 23.421 66.487 23.421 23.421 23.421 26.091 23.421 24.279 23.421 23.421 23.421 40.178 34.792 23.421 23.421 23.421 23.421 23.421 23.421 23.421 59.684 23.421 27.046 23.421 23.421 23.421 23.421 23.421 32.377 23.421 23.421 57.575 51.685 335.63 1023.848 952.765 242.793 68.922 23.421 23.421 23.421 23.421 23.421 32.377 28.037 23.421 37.388 30.129 55.541 23.421 29.064 48.096 91.91 131.708 68.922 23.421 40.178 57.575 23.421 23.421 49.858 23.421 26.091 23.421 23.421 23.421 33.563 23.421 23.421 43.175 106.135 122.563 23.421 23.421 23.421 59.684 23.421 23.421 23.421 23.421 82.506 23.421 82.506 25.169 23.421 68.922 23.421 38.758 23.421 40.178
#CUP_D#
  23.421 23.421 23.421 32.377 23.421 23.421 38.758 23.421 23.421 23.421 23.421 64.137 36.067 66.487 23.421 23.421 40.178 23.421 23.421 23.421 23.421 64.137 23.421 23.421 23.421 23.421 23.421 23.421 23.421 66.487 23.421 32.377 43.175 23.421 23.421 23.421 23.421 48.096 23.421 23.421 23.421 23.421 46.397 29.064 23.421 37.388 23.421 23.421 23.421 23.421 23.421 23.421 33.563 23.421 23.421 33.563 23.421 23.421 23.421 66.487 53.578 23.421 23.421 23.421 23.421 23.421 23.421 40.178 95.276 71.447 23.421 23.421 23.421 23.421 23.421 23.421 53.578 36.067 23.421 23.421 23.421 23.421 23.421 31.233 24.279 23.421 49.858 51.685 23.421 23.421 23.421 23.421 23.421 33.563 79.59 26.091 23.421 23.421 23.421 23.421 27.046 85.528 55.541 25.169 46.397 33.563 23.421 23.421 23.421 46.397 23.421 23.421 23.421 23.421 23.421 23.421 23.421 57.575 23.421 23.421 23.421 23.421 23.421 23.421 23.421 23.421 43.175 23.421
##L_LONG########1989 233 20 42 03.519 status LL
#      #
#      #
#CUP_A#
  3.055 14.351 3.055 3.055 3.055 3.055 3.055 3.055 867.22 1983.829 30.549 583.787 284.285 1001.45 1076.166 1242.737
#CUP_B#
  3.055 65.032 3.055 3.055 32.829 3.055 3.055 3.055 836.574 505.538 3.055 3.055 3.055 3.055 3.055 3.055
#CUP_C#
  3.055 3.055 3.055 3.055 3.055 48.767 3.055 43.778 437.778 2290.889 111.559 470.44 220.993 220.993 284.285 305.495
#CUP_D#
  4.074 3.055 3.055 45.382 14.351 10.381 4.538 32.829 3.055 3.055 20.565 3.055 3.055 3.055 3.055 3.055
##L_SHORT#######1989 233 20 42 23.919 status LS
#      #
#      #
#CUP_A#
  103.726 294.45 103.726 378.779 103.726 103.726 103.726 103.726 1000.602 1540.854 274.007 103.726 542.796 103.726 1241.685 673.576
#CUP_B#
  103.726 103.726 177.935 254.983 103.726 154.085 103.726 103.726 806.328 392.655 103.726 103.726 103.726 103.726 103.726 103.726
#CUP_C#
  103.726 245.972 103.726 103.726 103.726 103.726 103.726 143.388 378.779 2459.725 103.726 365.394 284.045 133.432 119.781 220.806
#CUP_D#
  103.726 103.726 115.548 103.726 103.726 103.726 103.726 103.726 103.726 103.726 103.726 103.726 103.726 103.726 103.726 103.726
##L_LONG########1989 233 20 42 36.160 status LL
#      #
#      #
#CUP_A#
  191.372 198.383 86.722 3.055 13.844 107.617 111.559 52.406 724.443 1913.723 3.055 524.058 294.699 966.06 1115.589 1288.262
#CUP_B#
  62.734 67.415 29.47 13.355 28.429 10.381 3.055 3.055 931.921 650.323 3.055 3.055 3.055 3.055 3.055 3.055
#CUP_C#
  3.055 67.415 26.455 17.809 3.055 3.055 17.809 65.032 437.778 2290.889 93.192 437.778 205.65 198.383 274.239 305.495
#CUP_D#
  31.669 3.055 3.055 3.055 30.549 30.549 3.055 3.055 3.055 30.549 50.554 15.422 3.055 3.055 3.055 3.055
##ELECTR_SHORT##1989 233 20 42 55.000 status ES
# E1: 1989 233 20 42 30.880;   E2: 1989 233 20 43 18.880   #
#      #
  103.726 103.726 103.726 103.726 103.726 103.726 103.726 103.726 103.726 103.726 103.726 103.726 103.726 171.647 103.726 103.726 103.726 103.726 103.726 103.726 103.726 103.726 103.726 103.726 103.726 103.726 103.726 103.726
##L_SHORT#######1989 233 20 43 11.920 status LS
#      #
#      #
#CUP_A#
  103.726 103.726 103.726 205.476 103.726 103.726 103.726 103.726 898.228 1844.533 148.64 115.548 264.324 103.726 1155.477 562.68
#CUP_B#
  103.726 254.983 103.726 649.773 103.726 453.431 103.726 103.726 777.833 220.806 103.726 103.726 103.726 103.726 103.726 103.726
#CUP_C#
  103.726 103.726 103.726 103.726 103.726 103.726 103.726 103.726 237.28 2459.725 103.726 505.111 103.726 198.215 103.726 165.581
#CUP_D#
  274.007 103.726 220.806 103.726 171.647 103.726 103.726 103.726 103.726 245.972 103.726 143.388 103.726 237.28 103.726 103.726
##ELECTR_LONG###1989 233 20 43 17.920 status EL
# E1: 1989 233 20 43 41.440;   E2: 1989 233 20 42 53.440   #
#      #
  3.055 10.014 10.014 23.748 6.741 20.565 5.632 3.055 13.355 22.099 17.179 8.99 17.179 39.299 13.844 10.381 3.055 3.055 3.055 34.031 40.738 96.606 69.884 103.814 60.517 143.509 674.146 778.492
##L_LONG########1989 233 20 43 24.160 status LL
#      #
#      #
#CUP_A#
  213.184 143.509 3.055 3.055 128.826 119.882 100.145 3.055 650.323 1983.829 67.415 605.172 246.181 966.06 1115.589 1198.82
#CUP_B#
  100.145 32.829 103.814 3.055 3.055 52.406 3.055 3.055 1001.45 650.323 3.055 3.055 3.055 3.055 3.055 3.055
#CUP_C#
  50.554 3.055 30.549 3.055 3.055 107.617 48.767 15.987 392.988 2374.811 107.617 437.778 284.285 165.722 220.993 305.495
#CUP_D#
  32.829 3.055 3.055 3.055 10.381 52.406 20.565 3.055 3.055 14.877 22.909 3.055 18.461 13.355 3.055 3.055
##L_SHORT#######1989 233 20 43 59.920 status LS
#      #
#      #
#CUP_A#
  103.726 103.726 103.726 103.726 103.726 103.726 103.726 103.726 777.833 1655.814 103.726 254.983 305.236 103.726 931.132 723.83
#CUP_B#
  103.726 103.726 115.548 103.726 103.726 103.726 103.726 103.726 777.833 237.28 103.726 103.726 103.726 103.726 103.726 103.726
#CUP_C#
  103.726 103.726 103.726 103.726 103.726 103.726 115.548 103.726 340.025 2288.951 115.548 505.111 264.324 154.085 220.806 205.476
#CUP_D#
  115.548 103.726 103.726 103.726 103.726 103.726 103.726 103.726 103.726 103.726 103.726 103.726 103.726 103.726 103.726 103.726
##L_LONG########1989 233 20 44 12.160 status LL
#      #
#      #
#CUP_A#
  154.216 103.814 3.055 3.055 10.014 93.192 72.444 6.503 807.01 1983.829 3.055 524.058 178.086 898.988 1076.166 1198.82
#CUP_B#
  3.055 15.422 3.055 20.565 3.055 15.987 3.055 3.055 1001.45 583.787 3.055 3.055 3.055 3.055 3.055 3.055
#CUP_C#
  24.618 43.778 47.044 3.055 3.055 3.055 37.91 69.884 437.778 2290.889 133.545 437.778 178.086 184.61 294.699 305.495
#CUP_D#
  14.877 3.055 3.055 3.055 24.618 40.738 10.762 3.055 3.055 6.273 29.47 24.618 3.055 3.055 3.055 3.055
##ELECTR_SHORT##1989 233 20 44 31.000 status ES
# E1: 1989 233 20 44 06.880;   E2: 1989 233 20 44 54.880   #
#      #
  103.726 103.726 103.726 103.726 103.726 103.726 103.726 103.726 103.726 103.726 103.726 103.726 103.726 103.726 103.726 103.726 103.726 103.726 103.726 103.726 103.726 103.726 103.726 103.726 103.726 103.726 103.726 103.726
##L_SHORT#######1989 233 20 44 47.920 status LS
#      #
#      #
#CUP_A#
  103.726 205.476 103.726 453.431 103.726 562.68 103.726 437.408 437.408 2288.951 103.726 407.039 103.726 542.796 421.95 1037.257
#CUP_B#
  103.726 103.726 103.726 523.614 103.726 191.21 103.726 103.726 931.132 237.28 103.726 103.726 103.726 103.726 103.726 103.726
#CUP_C#
  119.781 103.726 103.726 103.726 103.726 103.726 103.726 245.972 184.453 2549.832 103.726 649.773 103.726 264.324 143.388 264.324
#CUP_D#
  165.581 103.726 177.935 103.726 103.726 103.726 103.726 148.64 103.726 159.73 103.726 191.21 103.726 264.324 103.726 103.726
##ELECTR_LONG###1989 233 20 44 53.920 status EL
# E1: 1989 233 20 45 17.440;   E2: 1989 233 20 44 29.440   #
#      #
  3.055 3.055 3.055 35.278 32.829 31.669 30.549 3.055 31.669 3.055 32.829 54.326 5.433 3.055 19.137 3.055 3.055 3.055 21.318 3.055 3.055 67.415 86.722 72.444 115.646 86.722 724.443 750.981
##L_LONG########1989 233 20 45 00.159 status LL
#      #
#      #
#CUP_A#
  93.192 159.865 3.055 20.565 107.617 56.316 10.381 3.055 698.842 2131.838 26.455 543.255 237.481 966.06 1038.136 1198.82
#CUP_B#
  3.055 93.192 42.231 4.538 35.278 3.055 3.055 3.055 836.574 698.842 3.055 3.055 3.055 3.055 3.055 3.055
#CUP_C#
  3.055 3.055 22.099 3.055 3.055 27.424 50.554 27.424 340.313 2374.811 65.032 407.384 220.993 264.548 305.495 305.495
#CUP_D#
  30.549 10.014 3.055 3.055 3.055 19.838 42.231 6.988 3.055 3.055 5.838 37.91 28.429 3.055 3.055 3.055
##L_SHORT#######1989 233 20 45 35.919 status LS
#      #
#      #
#CUP_A#
  103.726 198.215 103.726 328.01 103.726 103.726 264.324 128.717 177.935 2459.725 128.717 1197.806 103.726 103.726 487.261 777.833
#CUP_B#
  103.726 103.726 213.003 103.726 111.464 274.007 583.293 378.779 806.328 421.95 103.726 103.726 103.726 103.726 103.726 103.726
#CUP_C#
  103.726 128.717 103.726 103.726 103.726 103.726 103.726 154.085 171.647 2459.725 103.726 264.324 103.726 294.45 103.726 305.236
#CUP_D#
  103.726 107.525 103.726 103.726 103.726 103.726 103.726 103.726 103.726 119.781 103.726 103.726 453.431 220.806 228.895 103.726
##L_LONG########1989 233 20 45 48.159 status LL
#      #
#      #
#CUP_A#
  75.098 7.785 3.055 3.055 124.274 42.231 3.055 3.055 563.157 2374.811 3.055 605.172 284.285 931.921 1076.166 1198.82
#CUP_B#
  72.444 171.792 45.382 3.055 3.055 3.055 3.055 3.055 724.443 898.988 3.055 3.055 3.055 3.055 3.055 3.055
#CUP_C#
  3.055 11.156 6.741 11.565 3.055 3.055 9.661 40.738 274.239 2551.991 86.722 470.44 213.184 171.792 274.239 305.495
#CUP_D#
  24.618 3.055 3.055 3.055 5.838 42.231 31.669 3.055 3.055 8.99 19.137 3.055 3.055 3.055 3.055 3.055
##ELECTR_SHORT##1989 233 20 46 06.999 status ES
# E1: 1989 233 20 45 42.879;   E2: 1989 233 20 46 30.879   #
#      #
  171.647 111.464 124.169 103.726 103.726 103.726 103.726 103.726 103.726 103.726 103.726 103.726 103.726 103.726 103.726 103.726 407.039 103.726 103.726 103.726 191.21 103.726 103.726 103.726 245.972 294.45 138.32 898.228
##L_SHORT#######1989 233 20 46 23.918 status LS
#      #
#      #
#CUP_A#
  103.726 103.726 103.726 103.726 124.169 103.726 103.726 103.726 673.576 2130.034 103.726 228.895 103.726 103.726 1000.602 698.251
#CUP_B#
  103.726 191.21 103.726 626.811 103.726 392.655 103.726 198.215 562.68 626.811 103.726 103.726 103.726 103.726 103.726 103.726
#CUP_C#
  103.726 103.726 103.726 103.726 103.726 103.726 103.726 107.525 184.453 2643.239 103.726 604.66 103.726 245.972 124.169 274.007
#CUP_D#
  154.085 103.726 103.726 103.726 103.726 128.717 103.726 103.726 103.726 284.045 103.726 124.169 220.806 213.003 115.548 103.726
##ELECTR_LONG###1989 233 20 46 29.919 status EL
# E1: 1989 233 20 46 53.439;   E2: 1989 233 20 46 05.439   #
#      #
  3.055 3.055 3.055 18.461 5.838 29.47 3.055 27.424 19.838 10.762 29.47 11.988 29.47 26.455 24.618 3.055 3.055 20.565 48.767 18.461 45.382 3.055 36.57 52.406 36.57 148.766 778.492 807.01
##L_LONG########1989 233 20 46 36.159 status LL
#      #
#      #
#CUP_A#
  229.089 159.865 3.055 93.192 379.1 154.216 3.055 3.055 674.146 2374.811 138.438 524.058 284.285 1001.45 294.699 1288.262
#CUP_B#
  93.192 3.055 80.701 17.179 3.055 52.406 13.355 8.07 724.443 931.921 3.055 3.055 3.055 3.055 3.055 3.055
#CUP_C#
  3.055 43.778 3.055 3.055 48.767 3.055 45.382 36.57 352.78 2551.991 159.865 453.815 184.61 205.65 305.495 284.285
#CUP_D#
  22.909 3.055 3.055 3.93 27.424 77.849 47.044 3.055 15.987 11.156 3.055 39.299 34.031 3.055 3.055 3.055
##L_SHORT#######1989 233 20 47 11.919 status LS
#      #
#      #
#CUP_A#
  103.726 103.726 103.726 103.726 103.726 103.726 103.726 103.726 523.614 1912.104 228.895 237.28 124.169 103.726 931.132 806.328
#CUP_B#
  103.726 103.726 103.726 103.726 103.726 103.726 103.726 119.781 294.45 723.83 103.726 103.726 103.726 103.726 103.726 103.726
#CUP_C#
  103.726 103.726 103.726 103.726 103.726 103.726 103.726 103.726 421.95 2459.725 103.726 316.418 220.806 205.476 128.717 177.935
#CUP_D#
  103.726 103.726 103.726 103.726 103.726 154.085 103.726 103.726 103.726 103.726 154.085 103.726 143.388 103.726 103.726 103.726
##L_LONG########1989 233 20 47 24.159 status LL
#      #
#      #
#CUP_A#
  124.274 138.438 3.055 3.055 3.055 3.055 56.316 5.241 750.981 2209.933 52.406 524.058 148.766 931.921 1001.45 1156.456
#CUP_B#
  22.099 3.055 107.617 69.884 65.032 40.738 3.055 3.055 724.443 807.01 3.055 3.055 3.055 3.055 3.055 3.055
#CUP_C#
  3.055 45.382 75.098 24.618 3.055 29.47 32.829 36.57 392.988 2374.811 60.517 407.384 255.199 229.089 305.495 305.495
#CUP_D#
  3.055 3.167 22.909 7.785 3.055 3.055 14.351 56.316 19.137 3.055 3.055 3.055 3.055 3.055 3.055 3.055
##ELECTR_SHORT##1989 233 20 47 42.999 status ES
# E1: 1989 233 20 47 18.879;   E2: 1989 233 20 48 06.879   #
#      #
  103.726 103.726 103.726 103.726 103.726 103.726 228.895 103.726 103.726 103.726 154.085 103.726 103.726 103.726 177.935 103.726 103.726 103.726 103.726 103.726 103.726 148.64 213.003 177.935 128.717 103.726 107.525 103.726
##L_SHORT#######1989 233 20 47 59.919 status LS
#      #
#      #
#CUP_A#
  143.388 103.726 274.007 103.726 421.95 103.726 220.806 103.726 1075.255 1779.35 138.32 245.972 103.726 254.983 866.486 505.111
#CUP_B#
  294.45 103.726 103.726 604.66 103.726 562.68 103.726 237.28 523.614 583.293 103.726 103.726 103.726 103.726 103.726 103.726
#CUP_C#
  103.726 103.726 228.895 103.726 128.717 103.726 103.726 103.726 392.655 2459.725 103.726 562.68 103.726 274.007 133.432 148.64
#CUP_D#
  103.726 103.726 103.726 103.726 103.726 198.215 103.726 103.726 103.726 143.388 103.726 103.726 128.717 124.169 177.935 103.726
##ELECTR_LONG###1989 233 20 48 05.919 status EL
# E1: 1989 233 20 48 29.439;   E2: 1989 233 20 47 41.439   #
#      #
  7.51 3.055 19.838 3.055 48.767 3.055 3.055 3.055 58.379 3.055 22.099 39.299 29.47 30.549 19.137 50.554 40.738 3.055 56.316 56.316 3.055 31.669 13.355 32.829 39.299 111.559 724.443 750.981
##L_LONG########1989 233 20 48 12.159 status LL
#      #
#      #
#CUP_A#
  246.181 379.1 22.909 32.829 138.438 148.766 96.606 30.549 867.22 1983.829 3.055 543.255 255.199 1038.136 1038.136 1288.262
#CUP_B#
  3.055 119.882 119.882 3.055 72.444 42.231 3.055 3.055 966.06 836.574 3.055 3.055 3.055 3.055 3.055 3.055
#CUP_C#
  3.055 3.055 77.849 3.055 3.055 40.738 72.444 5.433 453.815 2374.811 100.145 453.815 246.181 229.089 305.495 305.495
#CUP_D#
  3.055 7.244 30.549 22.909 3.055 3.055 3.055 22.099 36.57 3.055 3.055 3.055 9.661 6.503 3.055 3.055
##L_SHORT#######1989 233 20 48 47.919 status LS
#      #
#      #
#CUP_A#
  148.64 103.726 184.453 103.726 103.726 103.726 103.726 103.726 523.614 2054.762 103.726 562.68 103.726 340.025 604.66 835.866
#CUP_B#
  103.726 103.726 138.32 103.726 103.726 103.726 103.726 103.726 626.811 562.68 103.726 103.726 103.726 103.726 103.726 103.726
#CUP_C#
  103.726 103.726 103.726 103.726 103.726 103.726 103.726 103.726 470.042 2288.951 103.726 365.394 245.972 143.388 213.003 213.003
#CUP_D#
  103.726 103.726 103.726 103.726 103.726 103.726 103.726 103.726 103.726 103.726 103.726 103.726 103.726 198.215 103.726 103.726
##L_LONG########1989 233 20 49 00.159 status LL
#      #
#      #
#CUP_A#
  115.646 77.849 8.672 3.055 27.424 12.427 3.055 3.055 807.01 1983.829 42.231 563.157 191.372 966.06 1038.136 1198.82
#CUP_B#
  3.055 103.814 3.055 12.883 58.379 18.461 3.055 3.055 750.981 750.981 3.055 3.055 3.055 3.055 3.055 3.055
#CUP_C#
  3.055 5.241 30.549 56.316 24.618 3.055 3.055 36.57 437.778 2209.933 50.554 407.384 246.181 213.184 294.699 305.495
#CUP_D#
  3.055 17.179 37.91 17.809 3.055 3.055 3.055 27.424 47.044 3.055 3.055 3.055 3.055 19.137 3.055 3.055
##ELECTR_SHORT##1989 233 20 49 18.999 status ES
# E1: 1989 233 20 48 54.879;   E2: 1989 233 20 49 42.879   #
#      #
  103.726 103.726 103.726 103.726 103.726 103.726 133.432 103.726 138.32 103.726 103.726 107.525 103.726 103.726 103.726 103.726 103.726 103.726 103.726 148.64 191.21 213.003 228.895 143.388 103.726 103.726 103.726 103.726
##L_SHORT#######1989 233 20 49 35.919 status LS
#      #
#      #
#CUP_A#
  470.042 103.726 365.394 103.726 103.726 103.726 103.726 103.726 604.66 2130.034 103.726 806.328 103.726 777.833 437.408 1155.477
#CUP_B#
  133.432 213.003 103.726 437.408 103.726 378.779 103.726 103.726 649.773 198.215 103.726 103.726 103.726 103.726 103.726 103.726
#CUP_C#
  124.169 103.726 177.935 103.726 103.726 103.726 103.726 103.726 453.431 2459.725 103.726 583.293 103.726 254.983 103.726 254.983
#CUP_D#
  103.726 103.726 115.548 103.726 103.726 115.548 103.726 237.28 103.726 103.726 103.726 124.169 115.548 103.726 148.64 103.726
##ELECTR_LONG###1989 233 20 49 41.919 status EL
# E1: 1989 233 20 50 05.439;   E2: 1989 233 20 49 17.439   #
#      #
  3.055 8.366 3.055 27.424 3.055 6.741 58.379 29.47 13.844 7.785 3.055 22.909 3.055 22.909 28.429 19.137 12.883 8.07 3.055 3.055 37.91 39.299 6.273 11.156 75.098 115.646 627.342 778.492
##L_LONG########1989 233 20 49 48.159 status LL
#      #
#      #
#CUP_A#
  294.699 237.481 25.52 43.778 128.826 29.47 3.055 16.572 966.06 2056.502 43.778 524.058 191.372 931.921 1156.456 255.199
#CUP_B#
  3.055 124.274 86.722 3.055 72.444 103.814 3.055 3.055 807.01 778.492 3.055 3.055 3.055 3.055 3.055 3.055
#CUP_C#
  21.318 3.055 6.988 19.838 3.055 5.055 62.734 26.455 437.778 2131.838 77.849 422.308 264.548 213.184 284.285 305.495
#CUP_D#
  3.055 13.355 32.829 12.883 3.055 3.055 3.055 23.748 45.382 3.055 3.055 3.055 19.137 3.055 3.055 3.055
##L_SHORT#######1989 233 20 50 23.918 status LS
#      #
#      #
#CUP_A#
  378.779 103.726 365.394 103.726 205.476 103.726 103.726 103.726 777.833 1779.35 103.726 626.811 103.726 184.453 777.833 806.328
#CUP_B#
  103.726 103.726 103.726 103.726 103.726 103.726 103.726 103.726 777.833 365.394 103.726 103.726 103.726 103.726 103.726 103.726
#CUP_C#
  138.32 103.726 103.726 103.726 103.726 103.726 115.548 103.726 723.83 2130.034 119.781 437.408 191.21 165.581 103.726 228.895
#CUP_D#
  103.726 103.726 103.726 103.726 103.726 103.726 103.726 103.726 103.726 103.726 103.726 103.726 103.726 107.525 103.726 103.726
##L_LONG########1989 233 20 50 36.159 status LL
#      #
#      #
#CUP_A#
  17.809 10.762 56.316 56.316 18.461 3.055 3.055 3.055 898.988 2209.933 34.031 627.342 264.548 898.988 1156.456 1242.737
#CUP_B#
  11.988 28.429 3.055 3.055 31.669 72.444 3.055 3.055 898.988 750.981 3.055 3.055 3.055 3.055 3.055 3.055
#CUP_C#
  3.055 28.429 3.055 3.055 11.988 3.167 29.47 58.379 583.787 2290.889 138.438 470.44 191.372 229.089 274.239 305.495
#CUP_D#
  3.055 21.318 45.382 3.055 3.055 3.055 17.809 52.406 18.461 3.055 3.055 8.366 3.055 3.055 3.055 3.055
##ELECTR_SHORT##1989 233 20 50 54.999 status ES
# E1: 1989 233 20 50 30.879;   E2: 1989 233 20 51 18.879   #
#      #
  103.726 103.726 103.726 103.726 103.726 103.726 103.726 103.726 103.726 103.726 103.726 103.726 154.085 103.726 103.726 103.726 148.64 103.726 184.453 103.726 228.895 103.726 274.007 103.726 159.73 103.726 103.726 103.726
##L_SHORT#######1989 233 20 51 11.919 status LS
#      #
#      #
#CUP_A#
  470.042 103.726 626.811 103.726 421.95 103.726 143.388 103.726 649.773 2130.034 103.726 649.773 103.726 777.833 523.614 1000.602
#CUP_B#
  191.21 171.647 103.726 583.293 103.726 421.95 103.726 103.726 523.614 604.66 103.726 103.726 103.726 103.726 103.726 103.726
#CUP_C#
  103.726 103.726 264.324 103.726 103.726 103.726 103.726 103.726 470.042 2372.802 103.726 505.111 103.726 159.73 103.726 274.007
#CUP_D#
  103.726 103.726 103.726 103.726 103.726 128.717 103.726 220.806 103.726 159.73 103.726 138.32 198.215 103.726 107.525 103.726
##ELECTR_LONG###1989 233 20 51 17.919 status EL
# E1: 1989 233 20 51 41.439;   E2: 1989 233 20 50 53.439   #
#      #
  3.055 3.055 11.988 16.572 10.762 12.427 3.055 34.031 42.231 80.701 26.455 28.429 30.549 67.415 22.099 14.351 3.055 3.055 3.055 3.055 80.701 52.406 50.554 80.701 89.899 143.509 627.342 807.01
##L_LONG########1989 233 20 51 24.159 status LL
#      #
#      #
#CUP_A#
  138.438 205.65 3.055 34.031 294.699 143.509 3.055 3.055 778.492 2209.933 115.646 505.538 284.285 1001.45 1076.166 1288.262
#CUP_B#
  3.055 154.216 89.899 3.055 3.055 21.318 3.055 3.055 750.981 836.574 3.055 3.055 3.055 3.055 3.055 3.055
#CUP_C#
  69.884 3.055 40.738 22.909 3.055 27.424 35.278 3.055 487.673 2290.889 103.814 422.308 213.184 205.65 284.285 305.495
#CUP_D#
  65.032 5.838 3.055 3.055 3.055 58.379 89.899 107.617 115.646 47.044 3.055 3.055 3.055 3.055 3.055 3.055
##M_LONG########1989 233 20 51 58.719 status ML
#      #
#      #
#CUP_A#
  41.65 61.871 23.421 23.421 23.421 23.421 98.767 23.421 210.25 95.276 23.421 23.421 57.575 43.175 23.421 23.421 23.421 23.421 23.421 23.421 23.421 23.421 23.421 23.421 23.421 23.421 64.137 33.563 30.129 23.421 23.421 23.421 23.421 23.421 23.421 23.421 23.421 23.421 23.421 23.421 23.421 23.421 23.421 23.421 23.421 23.421 23.421 23.421 23.421 23.421 23.421 23.421 41.65 23.421 23.421 23.421 23.421 157.665 26.091 23.421 23.421 36.067 59.684 23.421 23.421 23.421 23.421 23.421 23.421 23.421 41.65 516.845 1182.322 689.224 106.135 23.421 23.421 23.421 23.421 23.421 23.421 23.421 23.421 25.169 23.421 23.421 23.421 34.792 55.541 76.778 122.563 136.532 37.388 33.563 23.421 23.421 79.59 71.447 23.421 37.388 23.421 23.421 23.421 23.421 48.096 48.096 23.421 98.767 23.421 127.053 290.644 163.441 195.653 114.054 82.506 122.563 157.665 102.385 234.213 175.635 102.385 95.276 202.82 447.57 68.922 23.421 202.82 210.25
#CUP_B#
  37.388 27.046 23.421 23.421 36.067 68.922 23.421 23.421 110.024 23.421 23.421 23.421 23.421 23.421 23.421 23.421 32.377 23.421 23.421 23.421 23.421 23.421 23.421 23.421 23.421 23.421 55.541 23.421 36.067 23.421 23.421 23.421 23.421 32.377 23.421 23.421 23.421 23.421 23.421 23.421 27.046 23.421 23.421 23.421 23.421 23.421 23.421 23.421 23.421 23.421 23.421 23.421 23.421 23.421 23.421 23.421 23.421 23.421 740.646 23.421 23.421 23.421 23.421 23.421 23.421 23.421 23.421 23.421 23.421 23.421 163.441 767.778 1061.355 323.769 23.421 23.421 23.421 23.421 23.421 23.421 23.421 23.421 23.421 23.421 23.421 23.421 23.421 23.421 23.421 23.421 23.421 23.421 23.421 23.421 23.421 23.421 23.421 23.421 23.421 23.421 23.421 23.421 23.421 23.421 23.421 23.421 23.421 23.421 23.421 23.421 23.421 23.421 23.421 23.421 23.421 23.421 23.421 23.421 23.421 23.421 23.421 23.421 23.421 23.421 23.421 23.421 23.421 23.421
#CUP_C#
  23.421 37.388 37.388 23.421 23.421 26.091 23.421 23.421 23.421 71.447 23.421 23.421 23.421 23.421 23.421 23.421 23.421 23.421 40.178 23.421 23.421 23.421 23.421 25.169 23.421 23.421 53.578 37.388 23.421 23.421 23.421 23.421 23.421 23.421 23.421 23.421 23.421 26.091 55.541 23.421 23.421 23.421 32.377 23.421 34.792 32.377 36.067 23.421 46.397 23.421 23.421 23.421 23.421 23.421 23.421 27.046 36.067 37.388 24.279 36.067 23.421 23.421 23.421 23.421 23.421 23.421 23.421 23.421 23.421 23.421 68.922 301.291 1023.848 952.765 251.687 33.563 23.421 23.421 23.421 23.421 23.421 23.421 23.421 23.421 23.421 23.421 57.575 23.421 71.447 26.091 146.719 146.719 26.091 23.421 23.421 36.067 79.59 32.377 32.377 23.421 23.421 23.421 23.421 23.421 71.447 23.421 23.421 146.719 23.421 34.792 23.421 68.922 23.421 32.377 28.037 71.447 23.421 23.421 34.792 59.684 49.858 44.757 71.447 91.91 44.757 53.578 23.421 82.506
#CUP_D#
  23.421 23.421 23.421 23.421 23.421 64.137 23.421 23.421 30.129 23.421 23.421 95.276 82.506 40.178 23.421 23.421 23.421 23.421 23.421 74.065 106.135 23.421 23.421 23.421 23.421 23.421 23.421 118.232 127.053 44.757 23.421 23.421 23.421 23.421 23.421 41.65 102.385 23.421 25.169 23.421 23.421 23.421 43.175 26.091 46.397 33.563 24.279 23.421 23.421 23.421 23.421 23.421 28.037 23.421 25.169 29.064 23.421 23.421 23.421 23.421 23.421 38.758 44.757 23.421 23.421 23.421 23.421 23.421 23.421 23.421 23.421 79.59 23.421 23.421 23.421 23.421 23.421 23.421 23.421 38.758 23.421 43.175 23.421 23.421 23.421 32.377 32.377 23.421 23.421 23.421 23.421 23.421 23.421 31.233 23.421 23.421 23.421 23.421 23.421 24.279 24.279 23.421 28.037 88.662 23.421 23.421 23.421 23.421 323.769 182.069 23.421 23.421 23.421 23.421 23.421 29.064 195.653 118.232 23.421 23.421 23.421 23.421 23.421 23.421 131.708 95.276 23.421 23.421
##L_LONG########1989 233 20 54 03.518 status LL
#      #
#      #
#CUP_A#
  3.055 3.055 36.57 3.055 3.055 3.055 3.055 8.07 674.146 1983.829 31.669 583.787 453.815 1001.45 1076.166 1288.262
#CUP_B#
  48.767 3.055 3.055 3.055 31.669 3.055 3.055 3.055 674.146 627.342 3.055 3.055 3.055 3.055 3.055 3.055
#CUP_C#
  13.844 50.554 3.055 34.031 3.055 3.055 20.565 58.379 453.815 2209.933 60.517 470.44 255.199 264.548 274.239 305.495
#CUP_D#
  3.055 36.57 60.517 96.606 107.617 4.538 6.273 3.055 3.055 47.044 12.883 35.278 28.429 3.055 3.055 3.055
##L_SHORT#######1989 233 20 54 23.918 status LS
#      #
#      #
#CUP_A#
  103.726 154.085 103.726 378.779 103.726 103.726 165.581 103.726 965.243 1433.876 264.324 191.21 437.408 103.726 1075.255 806.328
#CUP_B#
  103.726 205.476 626.811 103.726 103.726 103.726 103.726 294.45 505.111 392.655 103.726 103.726 103.726 103.726 103.726 103.726
#CUP_C#
  103.726 143.388 103.726 103.726 103.726 103.726 103.726 103.726 340.025 2288.951 103.726 365.394 340.025 103.726 220.806 154.085
#CUP_D#
  103.726 103.726 103.726 103.726 103.726 103.726 103.726 103.726 103.726 103.726 115.548 103.726 103.726 115.548 103.726 103.726
##L_LONG########1989 233 20 54 36.159 status LL
#      #
#      #
#CUP_A#
  154.216 191.372 93.192 3.055 17.179 65.032 138.438 3.055 627.342 1846.095 17.179 605.172 487.673 1001.45 1115.589 1242.737
#CUP_B#
  3.055 72.444 107.617 124.274 28.429 3.055 3.055 3.055 898.988 563.157 3.055 3.055 3.055 3.055 3.055 3.055
#CUP_C#
  3.055 3.055 20.565 35.278 7.51 54.326 28.429 19.137 453.815 2131.838 128.826 422.308 255.199 246.181 284.285 305.495
#CUP_D#
  20.565 3.055 3.055 3.055 25.52 26.455 3.055 3.055 25.52 30.549 3.055 6.988 67.415 14.351 3.055 3.055
##ELECTR_SHORT##1989 233 20 54 54.999 status ES
# E1: 1989 233 20 54 30.879;   E2: 1989 233 20 55 18.879   #
#      #
  103.726 103.726 138.32 103.726 103.726 103.726 103.726 103.726 103.726 103.726 103.726 103.726 103.726 111.464 159.73 103.726 103.726 103.726 103.726 103.726 103.726 103.726 103.726 103.726 103.726 103.726 103.726 103.726
##ELECTR_LONG###1989 233 20 55 17.919 status EL
# E1: 1989 233 20 55 41.439;   E2: 1989 233 20 54 53.439   #
#      #
  3.055 3.055 25.52 3.055 22.909 23.748 3.055 9.661 10.014 48.767 48.767 54.326 40.738 7.244 20.565 11.988 32.829 3.055 3.055 3.055 6.503 48.767 3.055 3.055 3.055 3.055 3.055 3.055
##L_LONG########1989 233 20 55 24.159 status LL
#      #
#      #
#CUP_A#
  45.382 25.52 80.701 60.517 3.055 3.055 3.055 3.055 807.01 2131.838 67.415 543.255 284.285 1001.45 1115.589 1198.82
#CUP_B#
  12.427 103.814 3.055 67.415 37.91 75.098 3.055 3.055 836.574 583.787 3.055 3.055 3.055 3.055 3.055 3.055
#CUP_C#
  48.767 3.055 39.299 3.055 3.055 6.273 3.055 8.366 352.78 2290.889 96.606 437.778 198.383 255.199 274.239 305.495
#CUP_D#
  8.99 3.055 3054.95 4.223 34.031 29.47 3.055 3.055 15.422 16.572 18.461 3.055 3.055 3.055 3.055 3.055
##L_SHORT#######1989 233 20 55 59.919 status LS
#      #
#      #
#CUP_A#
  103.726 111.464 103.726 264.324 103.726 316.418 103.726 103.726 583.293 1912.104 103.726 340.025 103.726 103.726 835.866 1114.645
#CUP_B#
  103.726 103.726 148.64 103.726 119.781 103.726 103.726 103.726 750.346 305.236 103.726 103.726 103.726 103.726 103.726 103.726
#CUP_C#
  103.726 103.726 103.726 103.726 103.726 103.726 103.726 103.726 352.482 2459.725 103.726 453.431 205.476 128.717 107.525 184.453
#CUP_D#
  103.726 103.726 103.726 103.726 103.726 103.726 103.726 103.726 103.726 103.726 103.726 103.726 103.726 115.548 103.726 103.726
##L_LONG########1989 233 20 56 12.159 status LL
#      #
#      #
#CUP_A#
  111.559 52.406 3.055 3.055 3.055 3.055 75.098 29.47 750.981 1913.723 3.055 563.157 229.089 966.06 1156.456 1288.262
#CUP_B#
  77.849 93.192 3.055 3.055 3.055 65.032 3.055 3.055 966.06 650.323 3.055 3.055 3.055 3.055 3.055 3.055
#CUP_C#
  3.055 35.278 3.055 45.382 52.406 3.055 35.278 54.326 453.815 2290.889 143.509 365.703 165.722 184.61 274.239 305.495
#CUP_D#
  17.809 3.055 3.055 3.055 31.669 29.47 3.055 3.055 10.381 43.778 3.055 3.055 3.055 3.055 3.055 3.055
##L_SHORT#######1989 233 20 57 35.919 status LS
#      #
#      #
#CUP_A#
  103.726 213.003 103.726 124.169 103.726 103.726 103.726 103.726 649.773 2288.951 103.726 177.935 316.418 103.726 777.833 898.228
#CUP_B#
  274.007 103.726 177.935 103.726 103.726 103.726 103.726 103.726 835.866 470.042 103.726 103.726 103.726 103.726 103.726 103.726
#CUP_C#
  103.726 103.726 103.726 103.726 103.726 103.726 103.726 103.726 437.408 2549.832 124.169 437.408 245.972 103.726 171.647 274.007
#CUP_D#
  103.726 103.726 124.169 103.726 103.726 103.726 103.726 103.726 103.726 103.726 103.726 103.726 103.726 103.726 103.726 103.726
##L_LONG########1989 233 20 57 48.158 status LL
#      #
#      #
#CUP_A#
  8.99 67.415 56.316 40.738 34.031 14.877 3.055 3.055 674.146 2209.933 20.565 627.342 524.058 966.06 1115.589 1288.262
#CUP_B#
  86.722 77.849 39.299 3.055 15.422 3.055 3.055 3.055 966.06 698.842 3.055 3.055 3.055 3.055 3.055 3.055
#CUP_C#
  3.055 3.055 39.299 3.055 3.055 3.055 60.517 3.055 365.703 2461.808 119.882 422.308 191.372 205.65 255.199 305.495
#CUP_D#
  10.762 3.055 3.055 3.055 25.52 52.406 3.055 3.055 3.055 7.244 30.549 3.055 3.055 3.055 3.055 3.055
##ELECTR_SHORT##1989 233 20 58 06.998 status ES
# E1: 1989 233 20 57 42.878;   E2: 1989 233 20 58 30.878   #
#      #
  103.726 103.726 107.525 103.726 103.726 103.726 103.726 103.726 103.726 103.726 103.726 103.726 103.726 103.726 103.726 205.476 103.726 103.726 103.726 103.726 103.726 103.726 103.726 103.726 103.726 103.726 103.726 103.726
##L_SHORT#######1989 233 20 58 23.918 status LS
#      #
#      #
#CUP_A#
  103.726 103.726 177.935 103.726 198.215 103.726 103.726 103.726 866.486 1844.533 191.21 154.085 159.73 103.726 835.866 673.576
#CUP_B#
  421.95 103.726 103.726 191.21 103.726 254.983 103.726 138.32 583.293 698.251 103.726 103.726 103.726 103.726 103.726 103.726
#CUP_C#
  103.726 103.726 154.085 103.726 103.726 103.726 103.726 103.726 352.482 2643.239 103.726 542.796 133.432 198.215 220.806 245.972
#CUP_D#
  103.726 103.726 103.726 103.726 103.726 159.73 103.726 184.453 103.726 254.983 103.726 138.32 191.21 103.726 103.726 103.726
##ELECTR_LONG###1989 233 20 58 29.918 status EL
# E1: 1989 233 20 58 53.438;   E2: 1989 233 20 58 05.438   #
#      #
  3.055 3.055 65.032 19.137 17.809 37.91 16.572 3.055 40.738 3.055 3.055 22.909 19.137 42.231 31.669 3.055 23.748 3.055 3.055 3.055 3.055 15.422 80.701 58.379 100.145 178.086 605.172 750.981
##L_LONG########1989 233 20 58 36.158 status LL
#      #
#      #
#CUP_A#
  100.145 154.216 56.316 62.734 3.055 72.444 128.826 107.617 674.146 2131.838 3.055 563.157 543.255 1038.136 1115.589 1198.82
#CUP_B#
  47.044 34.031 93.192 3.055 103.814 29.47 3.055 3.055 966.06 836.574 3.055 3.055 3.055 3.055 3.055 3.055
#CUP_C#
  3.055 3.055 3.055 3.055 3.055 83.657 39.299 3.055 365.703 2551.991 115.646 505.538 171.792 255.199 246.181 305.495
#CUP_D#
  47.044 9.661 3.055 3.055 3.055 36.57 19.137 3.055 3.055 18.461 19.838 4.538 3.055 3.055 3.055 3.055
##L_SHORT#######1989 233 20 59 11.918 status LS
#      #
#      #
#CUP_A#
  103.726 128.717 103.726 184.453 103.726 421.95 103.726 143.388 604.66 2208.063 103.726 542.796 103.726 274.007 866.486 1000.602
#CUP_B#
  103.726 103.726 154.085 103.726 138.32 103.726 103.726 103.726 750.346 487.261 103.726 103.726 103.726 103.726 103.726 103.726
#CUP_C#
  103.726 103.726 103.726 103.726 103.726 115.548 103.726 138.32 378.779 2643.239 103.726 437.408 264.324 213.003 177.935 274.007
#CUP_D#
  103.726 103.726 133.432 103.726 103.726 103.726 103.726 103.726 103.726 103.726 103.726 103.726 103.726 103.726 103.726 103.726
##L_LONG########1989 233 20 59 24.158 status LL
#      #
#      #
#CUP_A#
  43.778 3.055 3.055 3.055 58.379 13.844 8.07 3.055 750.981 2209.933 3.055 627.342 284.285 1038.136 1115.589 1288.262
#CUP_B#
  3.055 80.701 47.044 12.427 3.055 3.055 3.055 3.055 931.921 836.574 3.055 3.055 3.055 3.055 3.055 3.055
#CUP_C#
  24.618 3.055 3.055 3.055 3.055 3.055 60.517 28.429 365.703 2551.991 119.882 543.255 171.792 213.184 305.495 305.495
#CUP_D#
  3.055 3.055 3.055 8.99 43.778 24.618 54.326 3.055 3.055 4.877 3.055 4.378 28.429 3.055 3.055 3.055
##ELECTR_SHORT##1989 233 20 59 42.998 status ES
# E1: 1989 233 20 59 18.878;   E2: 1989 233 21 00 06.878   #
#      #
  103.726 103.726 103.726 103.726 103.726 103.726 103.726 103.726 103.726 103.726 103.726 103.726 103.726 103.726 103.726 111.464 103.726 103.726 103.726 103.726 103.726 124.169 254.983 159.73 177.935 171.647 198.215 103.726
##L_SHORT#######1989 233 20 59 59.918 status LS
#      #
#      #
#CUP_A#
  103.726 103.726 103.726 274.007 103.726 198.215 103.726 103.726 750.346 2130.034 103.726 184.453 103.726 119.781 698.251 931.132
#CUP_B#
  421.95 103.726 228.895 103.726 103.726 220.806 103.726 103.726 470.042 673.576 103.726 103.726 103.726 103.726 103.726 103.726
#CUP_C#
  103.726 103.726 115.548 103.726 103.726 103.726 103.726 103.726 245.972 2740.069 103.726 542.796 107.525 148.64 103.726 294.45
#CUP_D#
  103.726 103.726 138.32 103.726 103.726 124.169 103.726 111.464 103.726 205.476 103.726 103.726 119.781 148.64 103.726 103.726
##ELECTR_LONG###1989 233 21 00 05.918 status EL
# E1: 1989 233 21 00 29.438;   E2: 1989 233 20 59 41.438   #
#      #
  3.055 3.055 12.883 3.055 11.988 6.052 54.326 50.554 5.838 47.044 12.883 3.055 3.055 3.055 10.381 40.738 3.055 3.055 3.055 3.055 15.422 32.829 103.814 52.406 69.884 96.606 650.323 778.492
##L_LONG########1989 233 21 00 12.158 status LL
#      #
#      #
#CUP_A#
  100.145 165.722 40.738 43.778 143.509 148.766 4.877 3.055 836.574 2209.933 111.559 543.255 246.181 1001.45 1076.166 1242.737
#CUP_B#
  3.055 103.814 3.055 32.829 3.055 3.055 3.055 3.055 750.981 836.574 3.055 3.055 3.055 3.055 3.055 3.055
#CUP_C#
  3.055 3.055 27.424 3.055 11.988 19.838 39.299 3.055 407.384 2551.991 138.438 453.815 246.181 255.199 246.181 305.495
#CUP_D#
  3.055 3.055 22.909 15.422 3.055 3.055 28.429 67.415 21.318 3.055 3.055 3.055 3.055 3.055 3.055 3.055
##L_SHORT#######1989 233 21 00 47.918 status LS
#      #
#      #
#CUP_A#
  103.726 103.726 103.726 103.726 103.726 103.726 103.726 103.726 931.132 1779.35 103.726 159.73 119.781 103.726 965.243 698.251
#CUP_B#
  103.726 159.73 103.726 103.726 103.726 103.726 103.726 103.726 723.83 673.576 103.726 103.726 103.726 103.726 103.726 103.726
#CUP_C#
  103.726 103.726 103.726 103.726 103.726 103.726 103.726 103.726 505.111 2549.832 103.726 378.779 245.972 103.726 237.28 205.476
#CUP_D#
  103.726 103.726 159.73 103.726 103.726 103.726 103.726 119.781 103.726 103.726 103.726 205.476 103.726 133.432 103.726 103.726
##L_LONG########1989 233 21 01 00.157 status LL
#      #
#      #
#CUP_A#
  205.65 171.792 4.378 3.055 3.055 42.231 111.559 8.366 778.492 2131.838 24.618 543.255 205.65 1001.45 1115.589 1198.82
#CUP_B#
  3.055 80.701 43.778 54.326 17.809 3.055 3.055 3.055 807.01 836.574 3.055 3.055 3.055 3.055 3.055 3.055
#CUP_C#
  3.055 10.762 16.572 3.055 3.055 3.055 20.565 48.767 352.78 2461.808 124.274 407.384 191.372 255.199 305.495 305.495
#CUP_D#
  9.661 22.909 29.47 3.055 3.055 3.055 11.565 48.767 3.055 3.055 3.055 13.355 3.055 3.055 3.055 3.055
##ELECTR_SHORT##1989 233 21 01 18.998 status ES
# E1: 1989 233 21 00 54.878;   E2: 1989 233 21 01 42.878   #
#      #
  103.726 103.726 103.726 103.726 103.726 103.726 103.726 103.726 115.548 165.581 103.726 103.726 103.726 103.726 103.726 103.726 103.726 103.726 103.726 148.64 198.215 220.806 184.453 154.085 138.32 103.726 103.726 103.726
##L_SHORT#######1989 233 21 01 35.918 status LS
#      #
#      #
#CUP_A#
  213.003 103.726 305.236 103.726 177.935 103.726 177.935 103.726 1114.645 1779.35 124.169 107.525 103.726 103.726 1037.257 626.811
#CUP_B#
  392.655 103.726 103.726 228.895 103.726 421.95 103.726 392.655 340.025 806.328 103.726 103.726 103.726 103.726 103.726 103.726
#CUP_C#
  103.726 103.726 103.726 103.726 107.525 103.726 213.003 103.726 407.039 2549.832 103.726 523.614 103.726 264.324 119.781 264.324
#CUP_D#
  103.726 103.726 177.935 103.726 103.726 103.726 103.726 184.453 103.726 220.806 103.726 220.806 103.726 103.726 103.726 103.726
##ELECTR_LONG###1989 233 21 01 41.917 status EL
# E1: 1989 233 21 02 05.437;   E2: 1989 233 21 01 17.437   #
#      #
  3.055 3.055 3.055 3.055 3.055 3.055 54.326 3.055 24.618 35.278 50.554 56.316 6.988 3.055 25.52 47.044 3.055 3.055 3.055 5.433 72.444 86.722 77.849 3.055 86.722 83.657 674.146 778.492
##L_LONG########1989 233 21 01 48.157 status LL
#      #
#      #
#CUP_A#
  213.184 294.699 83.657 138.438 119.882 16.572 3.528 60.517 931.921 2209.933 13.844 294.699 213.184 966.06 1156.456 1242.737
#CUP_B#
  37.91 178.086 3.055 28.429 30.549 14.351 3.055 3.055 724.443 836.574 3.055 3.055 3.055 3.055 3.055 3.055
#CUP_C#
  19.838 4.074 77.849 3.055 3.055 3.055 30.549 3.055 392.988 2461.808 47.044 422.308 198.383 237.481 305.495 305.495
#CUP_D#
  3.055 42.231 47.044 3.055 3.055 3.055 23.748 11.988 3.055 17.809 17.179 3.055 3.055 3.055 3.055 3.055
##L_SHORT#######1989 233 21 02 23.918 status LS
#      #
#      #
#CUP_A#
  316.418 103.726 228.895 103.726 103.726 103.726 103.726 294.45 437.408 2208.063 103.726 1716.471 103.726 264.324 777.833 1155.477
#CUP_B#
  103.726 103.726 103.726 148.64 103.726 103.726 115.548 103.726 835.866 274.007 103.726 103.726 103.726 103.726 103.726 103.726
#CUP_C#
  103.726 103.726 103.726 103.726 103.726 103.726 103.726 103.726 274.007 2549.832 103.726 583.293 103.726 165.581 316.418 407.039
#CUP_D#
  198.215 103.726 103.726 103.726 103.726 124.169 103.726 103.726 103.726 103.726 103.726 103.726 103.726 294.45 103.726 103.726
##L_LONG########1989 233 21 02 36.158 status LL
#      #
#      #
#CUP_A#
  30.549 103.814 36.57 72.444 30.549 58.379 3.055 3.055 724.443 2131.838 86.722 524.058 524.058 1001.45 1076.166 1242.737
#CUP_B#
  32.829 58.379 3.055 3.055 6.503 3.055 3.055 3.055 836.574 698.842 3.055 3.055 3.055 3.055 3.055 3.055
#CUP_C#
  3.055 15.422 30.549 3.055 3.055 47.044 3.055 54.326 379.1 2374.811 93.192 453.815 213.184 128.826 305.495 305.495
#CUP_D#
  17.179 50.554 20.565 3.055 3.055 3.055 15.987 28.429 3.055 3.055 18.461 31.669 3.055 3.055 3.055 3.055
##ELECTR_SHORT##1989 233 21 02 54.998 status ES
# E1: 1989 233 21 02 30.878;   E2: 1989 233 21 03 18.878   #
#      #
  103.726 103.726 143.388 115.548 103.726 103.726 111.464 103.726 133.432 103.726 103.726 103.726 103.726 103.726 103.726 103.726 103.726 103.726 103.726 103.726 165.581 228.895 198.215 148.64 107.525 103.726 103.726 103.726
##L_SHORT#######1989 233 21 03 11.918 status LS
#      #
#      #
#CUP_A#
  437.408 103.726 264.324 103.726 305.236 103.726 165.581 103.726 806.328 2130.034 103.726 220.806 103.726 133.432 750.346 931.132
#CUP_B#
  378.779 103.726 103.726 294.45 103.726 542.796 103.726 453.431 453.431 437.408 103.726 103.726 103.726 103.726 103.726 103.726
#CUP_C#
  103.726 103.726 165.581 103.726 191.21 103.726 115.548 103.726 305.236 2459.725 103.726 542.796 103.726 274.007 103.726 213.003
#CUP_D#
  103.726 103.726 103.726 103.726 103.726 103.726 133.432 103.726 103.726 213.003 103.726 103.726 133.432 154.085 103.726 103.726
##ELECTR_LONG###1989 233 21 03 17.918 status EL
# E1: 1989 233 21 03 41.438;   E2: 1989 233 21 02 53.438   #
#      #
  4.538 7.244 3.055 3.055 3.055 6.503 3.055 3.055 25.52 10.014 43.778 35.278 13.844 3.055 14.351 3.055 3.055 3.055 3.055 3.528 93.192 83.657 26.455 54.326 65.032 128.826 627.342 778.492
##L_LONG########1989 233 21 03 24.158 status LL
#      #
#      #
#CUP_A#
  198.383 100.145 35.278 39.299 255.199 159.865 3.055 3.055 778.492 2131.838 54.326 583.787 487.673 1001.45 1076.166 1242.737
#CUP_B#
  3.055 159.865 3.791 4.877 3.055 62.734 3.055 3.055 931.921 724.443 3.055 3.055 3.055 3.055 3.055 3.055
#CUP_C#
  25.52 3.055 3.055 3.055 3.055 40.738 3.055 3.055 352.78 2461.808 107.617 453.815 213.184 220.993 255.199 305.495
#CUP_D#
  3.055 15.987 30.549 3.055 3.055 3.055 23.748 47.044 15.987 3.055 3.055 3.283 4.877 3.055 3.055 3.055
##M_LONG########1989 233 21 03 58.718 status ML
#      #
#      #
#CUP_A#
  23.421 23.421 26.091 59.684 23.421 23.421 23.421 23.421 23.421 61.871 23.421 23.421 23.421 23.421 23.421 23.421 23.421 23.421 23.421 23.421 23.421 23.421 23.421 23.421 23.421 29.064 23.421 32.377 26.091 23.421 23.421 23.421 23.421 23.421 23.421 23.421 23.421 28.037 23.421 23.421 23.421 23.421 23.421 23.421 23.421 41.65 23.421 23.421 23.421 23.421 23.421 23.421 36.067 23.421 23.421 23.421 23.421 127.053 34.792 88.662 23.421 71.447 23.421 31.233 23.421 23.421 23.421 23.421 23.421 23.421 29.064 575.752 1225.634 689.224 131.708 23.421 23.421 23.421 23.421 23.421 23.421 23.421 23.421 23.421 23.421 23.421 23.421 23.421 23.421 29.064 188.739 118.232 23.421 23.421 30.129 23.421 23.421 64.137 23.421 74.065 23.421 23.421 23.421 23.421 23.421 53.578 23.421 225.936 23.421 23.421 280.373 195.653 202.82 68.922 53.578 146.719 98.767 74.065 251.687 217.952 64.137 74.065 169.428 360.671 61.871 23.421 195.653 210.25
#CUP_B#
  23.421 23.421 23.421 23.421 36.067 23.421 23.421 23.421 37.388 23.421 23.421 23.421 37.388 23.421 23.421 23.421 23.421 23.421 44.757 23.421 23.421 23.421 23.421 23.421 23.421 23.421 23.421 23.421 23.421 23.421 23.421 59.684 23.421 23.421 23.421 23.421 23.421 23.421 23.421 23.421 23.421 23.421 23.421 23.421 34.792 57.575 23.421 23.421 23.421 23.421 23.421 23.421 23.421 23.421 23.421 23.421 48.096 195.653 48.096 23.421 23.421 23.421 23.421 23.421 23.421 23.421 23.421 23.421 23.421 23.421 157.665 952.765 1061.355 280.373 23.421 23.421 23.421 23.421 23.421 23.421 23.421 23.421 23.421 23.421 23.421 23.421 23.421 23.421 23.421 23.421 23.421 23.421 23.421 23.421 23.421 23.421 23.421 23.421 23.421 23.421 23.421 23.421 23.421 23.421 23.421 23.421 23.421 23.421 23.421 23.421 23.421 23.421 23.421 23.421 23.421 23.421 23.421 23.421 23.421 23.421 23.421 23.421 23.421 23.421 23.421 23.421 23.421 23.421
#CUP_C#
  23.421 23.421 49.858 23.421 23.421 23.421 23.421 23.421 23.421 23.421 23.421 23.421 33.563 23.421 23.421 23.421 23.421 23.421 23.421 25.169 23.421 23.421 23.421 23.421 23.421 23.421 23.421 23.421 32.377 23.421 23.421 23.421 61.871 23.421 23.421 23.421 23.421 46.397 23.421 41.65 23.421 32.377 23.421 23.421 23.421 23.421 23.421 23.421 23.421 23.421 23.421 33.563 23.421 23.421 23.421 23.421 23.421 23.421 23.421 82.506 23.421 23.421 32.377 23.421 23.421 23.421 23.421 23.421 23.421 23.421 36.067 270.465 1061.355 1061.355 251.687 71.447 33.563 23.421 23.421 40.178 23.421 38.758 27.046 64.137 57.575 23.421 46.397 23.421 23.421 23.421 85.528 157.665 41.65 23.421 34.792 23.421 28.037 30.129 40.178 37.388 23.421 24.279 76.778 23.421 23.421 51.685 27.046 23.421 40.178 34.792 23.421 23.421 41.65 23.421 23.421 79.59 23.421 55.541 23.421 23.421 74.065 23.421 23.421 102.385 23.421 23.421 23.421 76.778
#CUP_D#
  41.65 26.091 23.421 23.421 23.421 23.421 23.421 95.276 23.421 23.421 23.421 29.064 23.421 23.421 27.046 61.871 23.421 23.421 23.421 23.421 23.421 23.421 51.685 91.91 36.067 23.421 23.421 23.421 23.421 23.421 23.421 64.137 53.578 23.421 23.421 23.421 23.421 23.421 23.421 23.421 29.064 23.421 23.421 23.421 23.421 23.421 23.421 23.421 23.421 23.421 23.421 23.421 23.421 23.421 23.421 23.421 34.792 23.421 23.421 23.421 23.421 68.922 23.421 74.065 26.091 76.778 23.421 23.421 23.421 41.65 24.279 71.447 71.447 79.59 23.421 23.421 23.421 23.421 23.421 48.096 79.59 110.024 23.421 23.421 23.421 23.421 23.421 23.421 23.421 40.178 23.421 23.421 23.421 23.421 23.421 23.421 23.421 23.421 53.578 44.757 48.096 95.276 23.421 23.421 23.421 23.421 57.575 23.421 23.421 23.421 23.421 23.421 41.65 23.421 23.421 23.421 23.421 23.421 23.421 23.421 23.421 23.421 23.421 23.421 23.421 23.421 23.421 23.421
##L_LONG########1989 233 21 06 03.517 status LL
#      #
#      #
#CUP_A#
  43.778 3.055 3.055 3.055 3.055 3.055 3.055 3.055 674.146 2290.889 67.415 563.157 237.481 1038.136 1038.136 1288.262
#CUP_B#
  3.055 107.617 48.767 13.355 3.055 19.838 3.055 3.055 836.574 724.443 3.055 3.055 3.055 3.055 3.055 3.055
#CUP_C#
  3.055 3.055 9.661 3.055 3.055 3.055 35.278 28.429 284.285 2461.808 143.509 470.44 255.199 229.089 305.495 316.686
#CUP_D#
  19.137 35.278 3.055 5.433 27.424 17.809 29.47 3.055 3.055 42.231 3.055 39.299 34.031 3.055 3.055 3.055
##L_SHORT#######1989 233 21 06 23.918 status LS
#      #
#      #
#CUP_A#
  103.726 103.726 103.726 284.045 103.726 103.726 245.972 103.726 1037.257 1779.35 159.73 103.726 407.039 103.726 1197.806 562.68
#CUP_B#
  103.726 103.726 111.464 213.003 103.726 159.73 103.726 103.726 698.251 437.408 103.726 103.726 103.726 103.726 103.726 103.726
#CUP_C#
  103.726 138.32 103.726 103.726 103.726 103.726 148.64 103.726 254.983 2459.725 103.726 352.482 284.045 103.726 177.935 264.324
#CUP_D#
  103.726 103.726 103.726 103.726 103.726 103.726 103.726 103.726 103.726 103.726 103.726 103.726 103.726 103.726 103.726 103.726
##L_LONG########1989 233 21 06 36.158 status LL
#      #
#      #
#CUP_A#
  213.184 3.055 15.987 138.438 119.882 3.055 3.055 14.877 836.574 2209.933 29.47 422.308 165.722 966.06 1115.589 1288.262
#CUP_B#
  3.055 67.415 34.031 3.055 13.844 29.47 12.883 3.055 778.492 674.146 3.055 3.055 3.055 3.055 3.055 3.055
#CUP_C#
  30.549 3.055 3.055 45.382 8.672 3.055 3.055 42.231 392.988 2551.991 103.814 422.308 237.481 246.181 274.239 305.495
#CUP_D#
  3.055 17.809 39.299 111.559 69.884 24.618 3.055 3.055 3.055 3.055 56.316 58.379 56.316 3.055 3.055 3.055
##ELECTR_SHORT##1989 233 21 06 54.998 status ES
# E1: 1989 233 21 06 30.878;   E2: 1989 233 21 07 18.878   #
#      #
  177.935 103.726 103.726 103.726 103.726 103.726 103.726 103.726 103.726 103.726 103.726 103.726 103.726 103.726 103.726 103.726 103.726 103.726 103.726 103.726 103.726 103.726 103.726 284.045 107.525 352.482 103.726 1197.806
##L_SHORT#######1989 233 21 07 11.918 status LS
#      #
#      #
#CUP_A#
  177.935 103.726 103.726 198.215 103.726 365.394 103.726 274.007 365.394 2288.951 103.726 1197.806 171.647 328.01 806.328 1037.257
#CUP_B#
  103.726 220.806 103.726 340.025 103.726 191.21 103.726 103.726 777.833 352.482 103.726 103.726 103.726 103.726 103.726 103.726
#CUP_C#
  103.726 103.726 103.726 103.726 103.726 103.726 103.726 103.726 305.236 2459.725 103.726 542.796 103.726 213.003 177.935 523.614
#CUP_D#
  103.726 103.726 407.039 103.726 103.726 103.726 103.726 103.726 103.726 198.215 103.726 284.045 103.726 421.95 103.726 103.726
##ELECTR_LONG###1989 233 21 07 17.918 status EL
# E1: 1989 233 21 07 41.438;   E2: 1989 233 21 06 53.438   #
#      #
  3.055 34.031 15.422 65.032 3.055 3.055 62.734 22.909 24.618 3.055 3.055 30.549 10.014 13.844 3.055 6.741 3.055 3.055 3.055 25.52 10.014 8.672 48.767 86.722 96.606 86.722 698.842 750.981
##L_LONG########1989 233 21 07 24.158 status LL
#      #
#      #
#CUP_A#
  6.741 133.545 35.278 30.549 6.988 32.829 3.055 3.055 674.146 2290.889 47.044 605.172 284.285 931.921 1076.166 1288.262
#CUP_B#
  89.899 3.055 15.987 3.055 133.545 3.055 3.055 3.055 836.574 724.443 3.055 3.055 3.055 3.055 3.055 3.055
#CUP_C#
  35.278 48.767 3.055 3.055 3.055 34.031 3.055 5.838 379.1 2461.808 148.766 487.673 246.181 198.383 305.495 305.495
#CUP_D#
  22.909 3.055 6.741 3.055 47.044 89.899 83.657 124.274 37.91 3.055 3.055 3.055 3.055 3.055 3.055 3.055
##L_SHORT#######1989 233 21 07 59.918 status LS
#      #
#      #
#CUP_A#
  254.983 103.726 119.781 103.726 165.581 103.726 154.085 103.726 352.482 2208.063 103.726 365.394 103.726 124.169 866.486 835.866
#CUP_B#
  103.726 103.726 103.726 103.726 103.726 103.726 103.726 103.726 698.251 198.215 103.726 103.726 103.726 103.726 103.726 103.726
#CUP_C#
  103.726 103.726 103.726 103.726 103.726 103.726 103.726 103.726 392.655 2459.725 103.726 523.614 103.726 128.717 184.453 213.003
#CUP_D#
  103.726 103.726 213.003 133.432 103.726 103.726 103.726 103.726 103.726 103.726 103.726 103.726 213.003 103.726 103.726 103.726
##L_LONG########1989 233 21 08 12.158 status LL
#      #
#      #
#CUP_A#
  171.792 45.382 3.055 40.738 111.559 43.778 8.07 8.366 698.842 2209.933 3.055 563.157 487.673 1001.45 1076.166 1288.262
#CUP_B#
  58.379 56.316 56.316 8.672 3.055 3.055 8.366 3.055 750.981 807.01 3.055 3.055 3.055 3.055 3.055 3.055
#CUP_C#
  72.444 4.223 3.055 14.877 3.055 3.055 58.379 3.055 365.703 2461.808 107.617 453.815 191.372 246.181 294.699 305.495
#CUP_D#
  3.055 3.055 3.055 3.528 39.299 15.987 3.055 3.055 6.273 23.748 3.055 3.055 3.055 6.052 3.055 3.055
##ELECTR_SHORT##1989 233 21 08 30.998 status ES
# E1: 1989 233 21 08 06.878;   E2: 1989 233 21 08 54.878   #
#      #
  103.726 103.726 103.726 103.726 103.726 103.726 103.726 103.726 103.726 103.726 103.726 171.647 103.726 103.726 103.726 103.726 103.726 103.726 103.726 103.726 103.726 103.726 103.726 103.726 103.726 103.726 103.726 103.726
##L_SHORT#######1989 233 21 08 47.918 status LS
#      #
#      #
#CUP_A#
  103.726 159.73 103.726 220.806 103.726 103.726 103.726 103.726 1000.602 1655.814 487.261 103.726 305.236 103.726 1114.645 505.111
#CUP_B#
  103.726 103.726 103.726 165.581 103.726 220.806 103.726 103.726 562.68 604.66 103.726 103.726 103.726 103.726 103.726 103.726
#CUP_C#
  103.726 103.726 103.726 103.726 103.726 103.726 103.726 103.726 378.779 2459.725 111.464 365.394 171.647 184.453 171.647 264.324
#CUP_D#
  213.003 103.726 264.324 103.726 103.726 103.726 103.726 213.003 103.726 316.418 103.726 340.025 103.726 365.394 103.726 103.726
##ELECTR_LONG###1989 233 21 08 53.918 status EL
# E1: 1989 233 21 09 17.437;   E2: 1989 233 21 08 29.438   #
#      #
  3.055 52.406 8.07 3.055 22.099 3.055 20.565 3.055 27.424 3.055 42.231 3.055 31.669 100.145 3.055 3.055 10.381 3.055 3.055 3.055 42.231 22.099 36.57 65.032 47.044 100.145 750.981 778.492
##L_LONG########1989 233 21 09 00.157 status LL
#      #
#      #
#CUP_A#
  62.734 54.326 3.055 3.055 39.299 43.778 3.055 3.055 698.842 2209.933 93.192 583.787 470.44 1038.136 1076.166 1288.262
#CUP_B#
  89.899 3.055 111.559 60.517 22.099 3.055 12.883 3.055 898.988 867.22 3.055 3.055 3.055 3.055 3.055 3.055
#CUP_C#
  3.055 3.055 3.055 3.055 3.055 80.701 12.883 3.055 365.703 2461.808 128.826 487.673 205.65 220.993 294.699 305.495
#CUP_D#
  19.838 3.055 3.055 3.055 28.429 45.382 3.055 3.055 3.055 29.47 26.455 3.055 3.055 3.055 5.838 3.055
##L_SHORT#######1989 233 21 09 35.918 status LS
#      #
#      #
#CUP_A#
  177.935 103.726 284.045 103.726 177.935 103.726 103.726 103.726 583.293 2130.034 119.781 264.324 103.726 245.972 806.328 698.251
#CUP_B#
  103.726 103.726 103.726 198.215 103.726 171.647 103.726 103.726 583.293 698.251 103.726 103.726 103.726 103.726 103.726 103.726
#CUP_C#
  103.726 103.726 103.726 103.726 103.726 103.726 103.726 103.726 378.779 2459.725 103.726 542.796 103.726 103.726 103.726 254.983
#CUP_D#
  103.726 103.726 103.726 103.726 103.726 103.726 103.726 124.169 103.726 103.726 103.726 171.647 103.726 143.388 103.726 103.726
##L_LONG########1989 233 21 09 48.157 status LL
#      #
#      #
#CUP_A#
  138.438 3.055 3.055 32.829 62.734 62.734 3.055 3.055 583.787 2131.838 3.055 583.787 437.778 1038.136 1156.456 1384.376
#CUP_B#
  3.055 45.382 93.192 3.055 3.055 3.055 3.055 3.055 807.01 867.22 3.055 3.055 3.055 3.055 3.055 3.055
#CUP_C#
  3.055 3.055 3.055 19.838 18.461 34.031 30.549 10.381 328.287 2461.808 154.216 487.673 205.65 198.383 305.495 305.495
#CUP_D#
  3.055 3.055 3.055 3.055 42.231 14.351 3.055 3.055 26.455 29.47 3.055 3.055 11.156 3.528 3.403 3.055
##ELECTR_SHORT##1989 233 21 10 06.998 status ES
# E1: 1989 233 21 09 42.878;   E2: 1989 233 21 10 30.878   #
#      #
  103.726 103.726 103.726 103.726 103.726 103.726 103.726 103.726 103.726 103.726 103.726 171.647 103.726 159.73 103.726 103.726 103.726 103.726 103.726 103.726 103.726 103.726 103.726 103.726 103.726 103.726 103.726 103.726
##L_SHORT#######1989 233 21 10 23.918 status LS
#      #
#      #
#CUP_A#
  103.726 111.464 103.726 133.432 103.726 103.726 264.324 103.726 1000.602 1655.814 220.806 111.464 421.95 103.726 1037.257 750.346
#CUP_B#
  103.726 103.726 328.01 103.726 103.726 103.726 103.726 124.169 649.773 421.95 103.726 103.726 103.726 103.726 103.726 103.726
#CUP_C#
  103.726 154.085 103.726 103.726 148.64 103.726 159.73 103.726 505.111 2372.802 133.432 523.614 184.453 138.32 154.085 294.45
#CUP_D#
  284.045 103.726 284.045 103.726 103.726 103.726 103.726 274.007 103.726 378.779 103.726 378.779 103.726 177.935 103.726 103.726
##ELECTR_LONG###1989 233 21 10 29.918 status EL
# E1: 1989 233 21 10 53.438;   E2: 1989 233 21 10 05.437   #
#      #
  3.055 3.055 39.299 3.055 42.231 3.055 3.055 23.748 56.316 32.829 3.657 20.565 28.429 16.572 3.055 22.909 3.055 3.055 3.055 23.748 3.055 45.382 65.032 75.098 28.429 62.734 807.01 778.492
##L_LONG########1989 233 21 10 36.158 status LL
#      #
#      #
#CUP_A#
  83.657 10.381 39.299 3.055 13.355 100.145 52.406 3.055 724.443 2131.838 31.669 583.787 470.44 1038.136 1115.589 1335.455
#CUP_B#
  3.055 107.617 138.438 3.055 67.415 3.055 3.055 3.055 867.22 674.146 3.055 3.055 3.055 3.055 3.055 3.055
#CUP_C#
  3.055 26.455 34.031 45.382 10.014 14.877 3.055 3.055 470.44 2290.889 133.545 453.815 165.722 220.993 284.285 305.495
#CUP_D#
  35.278 3.055 3.055 3.055 21.318 34.031 11.156 3.055 3.055 5.632 26.455 3.055 3.055 3.055 3.055 3.055
##L_SHORT#######1989 233 21 11 11.917 status LS
#      #
#      #
#CUP_A#
  103.726 103.726 103.726 103.726 103.726 103.726 103.726 103.726 898.228 1779.35 198.215 237.28 138.32 103.726 931.132 698.251
#CUP_B#
  103.726 103.726 103.726 103.726 103.726 103.726 103.726 103.726 673.576 365.394 103.726 103.726 103.726 103.726 103.726 103.726
#CUP_C#
  103.726 103.726 103.726 103.726 103.726 103.726 103.726 103.726 470.042 2549.832 103.726 470.042 245.972 205.476 103.726 213.003
#CUP_D#
  103.726 103.726 103.726 103.726 103.726 103.726 103.726 213.003 103.726 103.726 103.726 103.726 205.476 177.935 103.726 103.726
##L_LONG########1989 233 21 11 24.157 status LL
#      #
#      #
#CUP_A#
  96.606 3.055 3.055 96.606 107.617 36.57 3.055 17.809 750.981 2056.502 72.444 583.787 487.673 1001.45 1038.136 1335.455
#CUP_B#
  3.055 60.517 133.545 9.661 3.055 3.055 3.055 3.055 966.06 605.172 3.055 3.055 3.055 3.055 3.055 3.055
#CUP_C#
  3.055 3.055 3.055 65.032 56.316 25.52 27.424 39.299 453.815 2374.811 138.438 487.673 255.199 255.199 264.548 305.495
#CUP_D#
  3.055 3.055 3.055 3.055 24.618 10.762 3.055 3.055 19.137 39.299 13.844 3.055 3.055 3.055 3.055 3.055
##ELECTR_SHORT##1989 233 21 11 42.997 status ES
# E1: 1989 233 21 11 18.877;   E2: 1989 233 21 12 06.877   #
#      #
  111.464 103.726 133.432 103.726 103.726 103.726 103.726 103.726 103.726 103.726 103.726 103.726 115.548 103.726 191.21 103.726 328.01 103.726 103.726 177.935 103.726 103.726 103.726 124.169 198.215 191.21 103.726 777.833
##L_SHORT#######1989 233 21 11 59.917 status LS
#      #
#      #
#CUP_A#
  103.726 103.726 103.726 107.525 103.726 103.726 103.726 103.726 866.486 1844.533 103.726 1155.477 103.726 103.726 777.833 835.866
#CUP_B#
  103.726 103.726 365.394 103.726 103.726 103.726 103.726 103.726 698.251 328.01 103.726 103.726 103.726 103.726 103.726 103.726
#CUP_C#
  103.726 103.726 103.726 103.726 103.726 103.726 154.085 103.726 505.111 2549.832 103.726 604.66 103.726 294.45 184.453 340.025
#CUP_D#
  191.21 103.726 228.895 103.726 103.726 103.726 103.726 138.32 103.726 198.215 103.726 103.726 198.215 264.324 191.21 103.726
##ELECTR_LONG###1989 233 21 12 05.917 status EL
# E1: 1989 233 21 12 29.437;   E2: 1989 233 21 11 41.437   #
#      #
  3.055 32.829 3.055 3.055 3.055 34.031 54.326 5.433 36.57 32.829 3.055 6.052 14.351 11.156 16.572 17.809 3.055 3.055 3.055 3.055 27.424 83.657 124.274 96.606 58.379 89.899 698.842 750.981
##L_LONG########1989 233 21 12 12.157 status LL
#      #
#      #
#CUP_A#
  65.032 198.383 69.884 3.055 100.145 15.987 3.055 3.055 836.574 2209.933 77.849 524.058 213.184 1001.45 1115.589 1288.262
#CUP_B#
  24.618 3.055 159.865 37.91 75.098 93.192 3.055 18.461 867.22 605.172 3.055 3.055 3.055 3.055 3.055 3.055
#CUP_C#
  14.877 50.554 3.055 8.366 5.433 72.444 17.809 39.299 487.673 2290.889 119.882 453.815 205.65 220.993 305.495 305.495
#CUP_D#
  3.055 3.055 3.055 3.055 26.455 86.722 31.669 62.734 3.055 3.055 9.319 3.055 15.422 3.055 3.055 3.055
##L_SHORT#######1989 233 21 12 47.917 status LS
#      #
#      #
#CUP_A#
  352.482 103.726 407.039 103.726 220.806 103.726 103.726 103.726 505.111 1982.15 103.726 542.796 103.726 392.655 626.811 806.328
#CUP_B#
  103.726 103.726 103.726 111.464 103.726 103.726 103.726 103.726 750.346 264.324 103.726 103.726 103.726 103.726 103.726 103.726
#CUP_C#
  159.73 103.726 213.003 103.726 103.726 103.726 103.726 103.726 316.418 2372.802 103.726 453.431 177.935 159.73 103.726 237.28
#CUP_D#
  103.726 103.726 103.726 103.726 103.726 119.781 103.726 103.726 103.726 103.726 103.726 213.003 143.388 143.388 103.726 103.726
##L_LONG########1989 233 21 13 00.156 status LL
#      #
#      #
#CUP_A#
  18.461 3.055 47.044 56.316 3.055 52.406 27.424 40.738 750.981 1983.829 77.849 543.255 437.778 1038.136 1038.136 1288.262
#CUP_B#
  3.055 72.444 89.899 3.055 3.055 3.055 3.055 3.055 1038.136 563.157 3.055 3.055 3.055 3.055 3.055 3.055
#CUP_C#
  3.055 3.055 3.055 21.318 20.565 14.877 27.424 3.055 422.308 2209.933 75.098 487.673 274.239 274.239 305.495 305.495
#CUP_D#
  54.326 13.355 3.055 3.055 3.055 3.055 3.055 93.192 128.826 107.617 80.701 56.316 3.055 3.055 3.055 3.055
##ELECTR_SHORT##1989 233 21 13 18.997 status ES
# E1: 1989 233 21 12 54.877;   E2: 1989 233 21 13 42.877   #
#      #
  103.726 103.726 103.726 103.726 103.726 103.726 254.983 103.726 148.64 103.726 133.432 103.726 103.726 103.726 133.432 103.726 103.726 107.525 111.464 165.581 159.73 184.453 220.806 154.085 133.432 103.726 103.726 103.726
##L_SHORT#######1989 233 21 13 35.917 status LS
#      #
#      #
#CUP_A#
  103.726 220.806 103.726 264.324 103.726 103.726 103.726 103.726 931.132 1844.533 124.169 378.779 103.726 264.324 583.293 1037.257
#CUP_B#
  103.726 103.726 133.432 103.726 103.726 103.726 103.726 103.726 866.486 115.548 103.726 103.726 103.726 103.726 103.726 103.726
#CUP_C#
  103.726 103.726 103.726 103.726 103.726 103.726 107.525 103.726 316.418 2288.951 213.003 487.261 111.464 228.895 133.432 305.236
#CUP_D#
  103.726 103.726 228.895 103.726 103.726 133.432 103.726 254.983 103.726 115.548 103.726 133.432 191.21 103.726 103.726 103.726
##ELECTR_LONG###1989 233 21 13 41.916 status EL
# E1: 1989 233 21 14 05.436;   E2: 1989 233 21 13 17.436   #
#      #
  3.055 27.424 26.455 20.565 17.809 6.052 34.031 4.877 14.351 3.055 3.055 3.055 6.503 6.273 18.461 42.231 3.055 3.055 3.055 3.055 18.461 103.814 128.826 143.509 111.559 89.899 750.981 674.146
##L_LONG########1989 233 21 13 48.156 status LL
#      #
#      #
#CUP_A#
  60.517 148.766 17.809 27.424 143.509 21.318 3.055 3.055 898.988 2131.838 3.055 487.673 255.199 1001.45 1115.589 1288.262
#CUP_B#
  3.055 133.545 3.055 37.91 3.055 80.701 3.167 3.055 966.06 605.172 3.055 3.055 3.055 3.055 3.055 3.055
#CUP_C#
  4.223 3.055 16.572 3.055 12.427 3.055 19.137 56.316 422.308 2290.889 115.646 437.778 205.65 220.993 274.239 305.495
#CUP_D#
  3.055 36.57 43.778 4.877 3.055 3.055 25.52 22.909 3.055 3.055 16.572 39.299 3.055 3.055 3.055 3.055
##L_SHORT#######1989 233 21 14 23.917 status LS
#      #
#      #
#CUP_A#
  184.453 103.726 111.464 103.726 103.726 365.394 103.726 254.983 378.779 1982.15 103.726 673.576 103.726 487.261 750.346 1114.645
#CUP_B#
  103.726 103.726 154.085 103.726 154.085 103.726 138.32 103.726 931.132 103.726 103.726 103.726 103.726 103.726 103.726 103.726
#CUP_C#
  103.726 103.726 103.726 103.726 103.726 103.726 103.726 103.726 470.042 2459.725 148.64 523.614 143.388 159.73 220.806 205.476
#CUP_D#
  103.726 103.726 103.726 107.525 103.726 103.726 103.726 103.726 148.64 103.726 103.726 103.726 103.726 124.169 103.726 103.726
##L_LONG########1989 233 21 14 36.157 status LL
#      #
#      #
#CUP_A#
  3.055 31.669 43.778 37.91 3.055 19.137 3.055 3.055 836.574 2056.502 86.722 583.787 284.285 1001.45 1076.166 1288.262
#CUP_B#
  60.517 89.899 3.055 3.055 3.055 7.51 7.51 3.055 1198.82 453.815 3.055 3.055 3.055 3.055 3.055 3.055
#CUP_C#
  11.988 47.044 18.461 27.424 3.791 26.455 5.632 30.549 487.673 2290.889 119.882 487.673 191.372 213.184 284.285 305.495
#CUP_D#
  14.877 34.031 15.422 3.055 3.055 3.055 22.099 22.099 3.055 3.055 24.618 37.91 3.055 3.055 3.055 3.055
##ELECTR_SHORT##1989 233 21 14 54.997 status ES
# E1: 1989 233 21 14 30.877;   E2: 1989 233 21 15 18.877   #
#      #
  103.726 103.726 103.726 103.726 103.726 103.726 103.726 103.726 119.781 103.726 103.726 103.726 103.726 103.726 103.726 103.726 103.726 138.32 165.581 205.476 237.28 191.21 154.085 103.726 103.726 103.726 103.726 103.726
##L_SHORT#######1989 233 21 15 11.917 status LS
#      #
#      #
#CUP_A#
  103.726 340.025 103.726 205.476 103.726 103.726 103.726 103.726 1075.255 1540.854 437.408 103.726 133.432 103.726 1037.257 866.486
#CUP_B#
  254.983 103.726 316.418 103.726 107.525 103.726 103.726 103.726 931.132 228.895 103.726 103.726 103.726 103.726 103.726 103.726
#CUP_C#
  103.726 103.726 103.726 103.726 103.726 103.726 128.717 103.726 453.431 2288.951 103.726 392.655 138.32 198.215 154.085 184.453
#CUP_D#
  103.726 103.726 165.581 138.32 103.726 154.085 103.726 378.779 103.726 237.28 103.726 103.726 103.726 103.726 128.717 103.726
##ELECTR_LONG###1989 233 21 15 17.917 status EL
# E1: 1989 233 21 15 41.437;   E2: 1989 233 21 14 53.437   #
#      #
  3.055 3.055 3.055 3.055 3.055 23.748 7.785 3.055 34.031 3.055 26.455 3.055 17.179 19.137 20.565 3.055 3.055 3.055 3.055 3.055 3.055 100.145 100.145 62.734 128.826 93.192 698.842 674.146
##L_LONG########1989 233 21 15 24.157 status LL
#      #
#      #
#CUP_A#
  47.044 107.617 40.738 8.07 178.086 100.145 3.055 3.055 931.921 2131.838 72.444 505.538 524.058 1001.45 1156.456 1242.737
#CUP_B#
  69.884 111.559 3.657 3.055 96.606 3.055 3.055 3.055 1038.136 437.778 3.055 3.055 3.055 3.055 3.055 3.055
#CUP_C#
  3.055 3.055 28.429 9.661 35.278 45.382 5.241 17.179 487.673 2290.889 119.882 470.44 229.089 213.184 264.548 305.495
#CUP_D#
  3.528 25.52 43.778 3.055 3.055 3.055 10.014 24.618 3.055 3.055 19.838 39.299 21.318 3.055 3.055 3.055
##M_LONG########1989 233 21 15 58.717 status ML
#      #
#      #
#CUP_A#
  127.053 23.421 23.421 23.421 41.65 82.506 34.792 234.213 195.653 23.421 79.59 64.137 23.421 23.421 23.421 41.65 44.757 34.792 23.421 23.421 23.421 23.421 31.233 38.758 23.421 23.421 23.421 23.421 23.421 23.421 37.388 23.421 23.421 26.091 23.421 23.421 23.421 23.421 36.067 23.421 23.421 23.421 23.421 23.421 23.421 32.377 23.421 23.421 23.421 23.421 23.421 23.421 23.421 23.421 387.579 152.093 23.421 23.421 23.421 40.178 23.421 23.421 23.421 40.178 23.421 23.421 23.421 23.421 23.421 23.421 91.91 555.406 1182.322 714.473 88.662 23.421 23.421 23.421 23.421 23.421 23.421 23.421 23.421 23.421 23.421 23.421 49.858 23.421 23.421 23.421 188.739 98.767 79.59 28.037 46.397 23.421 34.792 23.421 61.871 44.757 23.421 49.858 23.421 23.421 23.421 23.421 53.578 535.779 29.064 23.421 301.291 234.213 217.952 98.767 61.871 169.428 43.175 195.653 234.213 195.653 110.024 157.665 217.952 360.671 136.532 23.421 175.635 217.952
#CUP_B#
  23.421 23.421 23.421 23.421 23.421 23.421 23.421 23.421 280.373 23.421 23.421 23.421 41.65 68.922 23.421 23.421 48.096 23.421 23.421 23.421 23.421 59.684 23.421 23.421 23.421 23.421 23.421 74.065 23.421 23.421 23.421 23.421 23.421 23.421 23.421 23.421 23.421 23.421 23.421 23.421 23.421 26.091 23.421 23.421 23.421 23.421 23.421 23.421 23.421 23.421 23.421 68.922 55.541 23.421 23.421 23.421 23.421 447.57 767.778 23.421 23.421 23.421 23.421 23.421 23.421 23.421 23.421 23.421 23.421 23.421 195.653 919.096 1023.848 195.653 23.421 23.421 23.421 23.421 23.421 23.421 23.421 23.421 23.421 23.421 23.421 23.421 23.421 23.421 23.421 23.421 23.421 23.421 23.421 23.421 23.421 23.421 23.421 23.421 23.421 23.421 23.421 23.421 23.421 23.421 23.421 23.421 23.421 23.421 217.952 23.421 23.421 23.421 23.421 23.421 23.421 23.421 23.421 23.421 23.421 23.421 23.421 23.421 23.421 23.421 23.421 23.421 23.421 23.421
#CUP_C#
  64.137 23.421 23.421 23.421 23.421 23.421 24.279 23.421 95.276 53.578 66.487 49.858 23.421 23.421 23.421 23.421 23.421 23.421 23.421 23.421 23.421 23.421 23.421 37.388 23.421 43.175 34.792 23.421 23.421 23.421 23.421 23.421 23.421 23.421 23.421 23.421 23.421 30.129 23.421 26.091 27.046 23.421 23.421 23.421 37.388 23.421 23.421 29.064 23.421 23.421 23.421 29.064 23.421 23.421 23.421 23.421 41.65 23.421 23.421 31.233 23.421 23.421 23.421 23.421 23.421 23.421 53.578 51.685 23.421 32.377 23.421 290.644 987.667 1061.355 335.63 71.447 23.421 23.421 37.388 37.388 23.421 23.421 23.421 23.421 23.421 23.421 23.421 23.421 55.541 23.421 95.276 131.708 68.922 25.169 31.233 36.067 28.037 25.169 49.858 23.421 23.421 23.421 41.65 61.871 48.096 23.421 25.169 23.421 23.421 66.487 23.421 30.129 61.871 23.421 38.758 29.064 64.137 33.563 37.388 23.421 59.684 26.091 76.778 57.575 23.421 64.137 37.388 88.662
#CUP_D#
  23.421 23.421 23.421 23.421 23.421 26.091 23.421 23.421 23.421 23.421 26.091 37.388 23.421 23.421 23.421 23.421 23.421 23.421 23.421 23.421 30.129 33.563 23.421 23.421 23.421 23.421 23.421 23.421 23.421 40.178 23.421 34.792 25.169 71.447 27.046 28.037 23.421 23.421 23.421 23.421 37.388 38.758 28.037 31.233 59.684 23.421 23.421 23.421 23.421 23.421 23.421 30.129 36.067 23.421 23.421 23.421 55.541 141.534 23.421 23.421 40.178 23.421 23.421 23.421 48.096 27.046 23.421 23.421 23.421 23.421 23.421 34.792 74.065 66.487 23.421 23.421 23.421 23.421 23.421 23.421 40.178 40.178 23.421 53.578 59.684 23.421 23.421 23.421 23.421 23.421 33.563 23.421 23.421 55.541 23.421 25.169 31.233 23.421 23.421 23.421 30.129 23.421 23.421 51.685 46.397 23.421 23.421 23.421 23.421 23.421 23.421 23.421 71.447 114.054 29.064 23.421 23.421 23.421 23.421 23.421 23.421 48.096 79.59 110.024 23.421 23.421 23.421 23.421
##L_LONG########1989 233 21 18 03.517 status LL
#      #
#      #
#CUP_A#
  3.055 3.055 3.055 3.055 3.055 3.055 3.055 3.055 807.01 2131.838 9.661 524.058 284.285 1001.45 1038.136 1288.262
#CUP_B#
  3.055 16.572 3.055 48.767 3.055 3.055 3.055 3.055 966.06 524.058 3.055 3.055 3.055 3.055 3.055 3.055
#CUP_C#
  52.406 14.877 3.055 3.055 10.014 3.055 18.461 21.318 407.384 2374.811 89.899 470.44 198.383 220.993 305.495 305.495
#CUP_D#
  3.055 17.809 28.429 72.444 21.318 12.427 3.055 3.055 3.055 3.055 26.455 52.406 45.382 3.055 3.055 3.055
##L_SHORT#######1989 233 21 18 23.917 status LS
#      #
#      #
#CUP_A#
  103.726 264.324 103.726 245.972 103.726 103.726 604.66 103.726 1287.172 1383.205 274.007 213.003 378.779 103.726 1075.255 649.773
#CUP_B#
  103.726 264.324 148.64 103.726 103.726 103.726 103.726 103.726 626.811 111.464 103.726 103.726 103.726 103.726 103.726 103.726
#CUP_C#
  103.726 103.726 103.726 184.453 103.726 103.726 103.726 103.726 392.655 2459.725 148.64 340.025 305.236 184.453 213.003 103.726
#CUP_D#
  111.464 103.726 103.726 103.726 103.726 103.726 103.726 103.726 103.726 103.726 103.726 103.726 103.726 103.726 103.726 103.726
##L_LONG########1989 233 21 18 36.157 status LL
#      #
#      #
#CUP_A#
  138.438 75.098 17.179 107.617 103.814 3.055 3.055 96.606 931.921 1983.829 3.055 453.815 246.181 966.06 1115.589 1335.455
#CUP_B#
  3.055 191.372 32.829 3.055 3.055 103.814 3.055 3.055 867.22 453.815 3.055 3.055 3.055 3.055 3.055 3.055
#CUP_C#
  3.055 3.055 10.381 52.406 37.91 3.055 39.299 43.778 437.778 2374.811 77.849 453.815 213.184 274.239 305.495 305.495
#CUP_D#
  19.137 96.606 27.424 3.055 3.055 27.424 3.055 3.055 24.618 3.055 75.098 42.231 20.565 3.055 3.055 3.055
##ELECTR_SHORT##1989 233 21 18 54.997 status ES
# E1: 1989 233 21 18 30.877;   E2: 1989 233 21 19 18.877   #
#      #
  103.726 103.726 103.726 103.726 103.726 103.726 103.726 103.726 103.726 103.726 103.726 103.726 103.726 103.726 103.726 103.726 103.726 103.726 103.726 171.647 103.726 103.726 103.726 254.983 103.726 103.726 103.726 750.346
##L_SHORT#######1989 233 21 19 11.917 status LS
#      #
#      #
#CUP_A#
  103.726 103.726 352.482 103.726 583.293 103.726 407.039 103.726 965.243 1716.471 305.236 407.039 103.726 228.895 626.811 806.328
#CUP_B#
  254.983 103.726 328.01 103.726 103.726 103.726 103.726 103.726 835.866 237.28 103.726 103.726 103.726 103.726 103.726 103.726
#CUP_C#
  103.726 103.726 103.726 103.726 154.085 103.726 220.806 103.726 470.042 2549.832 107.525 542.796 103.726 264.324 237.28 378.779
#CUP_D#
  103.726 103.726 133.432 103.726 103.726 220.806 103.726 340.025 103.726 148.64 103.726 119.781 220.806 103.726 103.726 103.726
##ELECTR_LONG###1989 233 21 19 17.917 status EL
# E1: 1989 233 21 19 41.437;   E2: 1989 233 21 18 53.437   #
#      #
  3.055 3.055 3.055 6.273 19.137 15.422 42.231 12.883 22.099 3.055 23.748 111.559 9.319 3.055 77.849 3.055 4.877 3.055 3.055 3.055 4.877 28.429 14.877 96.606 124.274 165.722 807.01 698.842
##L_LONG########1989 233 21 19 24.157 status LL
#      #
#      #
#CUP_A#
  52.406 246.181 93.192 220.993 43.778 3.055 56.316 154.216 778.492 2056.502 39.299 505.538 178.086 931.921 1076.166 1335.455
#CUP_B#
  107.617 52.406 3.055 7.785 34.031 3.055 3.055 3.055 966.06 505.538 3.055 3.055 3.055 3.055 3.055 3.055
#CUP_C#
  3.055 75.098 14.877 7.244 3.055 3.055 3.055 40.738 470.44 2374.811 48.767 524.058 191.372 213.184 274.239 305.495
#CUP_D#
  3.055 36.57 8.672 13.844 77.849 86.722 50.554 21.318 3.055 3.055 3.055 60.517 3.055 3.055 3.055 3.055
##L_SHORT#######1989 233 21 19 59.917 status LS
#      #
#      #
#CUP_A#
  254.983 103.726 103.726 103.726 103.726 124.169 103.726 103.726 392.655 2288.951 103.726 626.811 103.726 228.895 523.614 1241.685
#CUP_B#
  103.726 103.726 103.726 103.726 103.726 103.726 103.726 103.726 898.228 103.726 103.726 103.726 103.726 103.726 103.726 103.726
#CUP_C#
  103.726 103.726 103.726 103.726 124.169 103.726 103.726 103.726 294.45 2459.725 103.726 505.111 165.581 228.895 111.464 284.045
#CUP_D#
  103.726 103.726 103.726 103.726 103.726 103.726 220.806 103.726 103.726 103.726 103.726 103.726 103.726 103.726 103.726 103.726
##L_LONG########1989 233 21 20 12.157 status LL
#      #
#      #
#CUP_A#
  213.184 128.826 43.778 26.455 22.099 3.055 3.055 67.415 867.22 2056.502 40.738 605.172 274.239 966.06 1076.166 1288.262
#CUP_B#
  3.055 62.734 3.055 60.517 3.055 56.316 3.055 3.055 1001.45 453.815 3.055 3.055 3.055 3.055 3.055 3.055
#CUP_C#
  17.179 26.455 67.415 3.055 3.055 72.444 62.734 65.032 352.78 2374.811 100.145 407.384 184.61 237.481 274.239 305.495
#CUP_D#
  3.055 3.055 11.988 3.055 3.055 28.429 58.379 58.379 143.509 143.509 72.444 8.07 3.055 3.055 3.055 3.055
##ELECTR_SHORT##1989 233 21 20 30.997 status ES
# E1: 1989 233 21 20 06.877;   E2: 1989 233 21 20 54.877   #
#      #
  103.726 103.726 103.726 103.726 103.726 103.726 103.726 103.726 177.935 103.726 103.726 103.726 103.726 103.726 103.726 103.726 103.726 103.726 103.726 103.726 103.726 103.726 103.726 103.726 103.726 103.726 103.726 103.726
##L_SHORT#######1989 233 21 20 47.917 status LS
#      #
#      #
#CUP_A#
  103.726 274.007 103.726 115.548 103.726 103.726 103.726 103.726 931.132 1540.854 316.418 245.972 103.726 103.726 898.228 965.243
#CUP_B#
  284.045 103.726 421.95 103.726 213.003 103.726 103.726 103.726 866.486 264.324 103.726 103.726 103.726 103.726 103.726 103.726
#CUP_C#
  103.726 107.525 103.726 103.726 103.726 103.726 133.432 103.726 437.408 2372.802 103.726 583.293 171.647 245.972 198.215 184.453
#CUP_D#
  103.726 103.726 148.64 220.806 103.726 103.726 103.726 294.45 103.726 103.726 103.726 103.726 378.779 103.726 154.085 103.726
##ELECTR_LONG###1989 233 21 20 53.917 status EL
# E1: 1989 233 21 21 17.436;   E2: 1989 233 21 20 29.437   #
#      #
  3.055 3.055 47.044 3.055 32.829 8.99 36.57 3.055 31.669 47.044 62.734 7.244 3.055 7.244 45.382 3.055 3.055 3.055 3.055 3.055 3.055 30.549 138.438 143.509 111.559 124.274 807.01 674.146
##L_LONG########1989 233 21 21 00.156 status LL
#      #
#      #
#CUP_A#
  365.703 133.545 3.055 100.145 3.055 3.055 213.184 75.098 698.842 1913.723 96.606 505.538 437.778 1076.166 1156.456 1288.262
#CUP_B#
  89.899 42.231 43.778 96.606 3.055 3.055 3.055 3.055 1038.136 524.058 3.055 3.055 3.055 3.055 3.055 3.055
#CUP_C#
  3.055 25.52 5.055 3.055 3.055 29.47 56.316 48.767 470.44 2290.889 83.657 453.815 264.548 264.548 305.495 305.495
#CUP_D#
  14.351 3.055 3.055 3.055 29.47 12.427 3.055 3.055 23.748 36.57 3.055 3.055 11.988 4.074 3.055 3.055
##L_SHORT#######1989 233 21 21 35.917 status LS
#      #
#      #
#CUP_A#
  103.726 103.726 103.726 103.726 171.647 103.726 148.64 103.726 965.243 1540.854 365.394 1000.602 103.726 115.548 1075.255 806.328
#CUP_B#
  213.003 103.726 103.726 103.726 103.726 103.726 103.726 103.726 866.486 245.972 103.726 103.726 103.726 103.726 103.726 103.726
#CUP_C#
  103.726 103.726 103.726 103.726 103.726 103.726 103.726 103.726 437.408 2372.802 171.647 340.025 103.726 365.394 264.324 143.388
#CUP_D#
  103.726 103.726 103.726 103.726 103.726 177.935 103.726 103.726 103.726 103.726 103.726 103.726 284.045 205.476 103.726 103.726
##L_LONG########1989 233 21 21 48.156 status LL
#      #
#      #
#CUP_A#
  23.748 191.372 52.406 43.778 3.055 6.503 3.055 128.826 867.22 1846.095 3.055 524.058 437.778 966.06 1115.589 1242.737
#CUP_B#
  143.509 12.883 3.055 3.055 115.646 31.669 3.055 3.055 1038.136 453.815 3.055 3.055 3.055 3.055 3.055 3.055
#CUP_C#
  3.055 26.455 3.055 3.055 3.055 3.055 31.669 24.618 392.988 2374.811 67.415 453.815 229.089 191.372 255.199 305.495
#CUP_D#
  3.055 3.055 3.055 12.883 23.748 3.055 3.055 13.355 37.91 21.318 3.055 3.055 14.351 3.055 3.055 3.055
##ELECTR_SHORT##1989 233 21 22 06.997 status ES
# E1: 1989 233 21 21 42.877;   E2: 1989 233 21 22 30.877   #
#      #
  103.726 103.726 103.726 103.726 103.726 103.726 103.726 103.726 103.726 103.726 103.726 103.726 103.726 103.726 103.726 103.726 103.726 103.726 103.726 103.726 103.726 103.726 103.726 103.726 103.726 103.726 103.726 103.726
##L_SHORT#######1989 233 21 22 23.917 status LS
#      #
#      #
#CUP_A#
  184.453 103.726 365.394 103.726 523.614 103.726 523.614 103.726 1037.257 1716.471 103.726 523.614 103.726 103.726 723.83 866.486
#CUP_B#
  220.806 103.726 274.007 103.726 103.726 103.726 103.726 148.64 965.243 159.73 103.726 103.726 103.726 103.726 103.726 103.726
#CUP_C#
  103.726 103.726 103.726 103.726 133.432 103.726 165.581 103.726 378.779 2459.725 103.726 505.111 103.726 154.085 103.726 191.21
#CUP_D#
  103.726 103.726 103.726 115.548 103.726 128.717 103.726 284.045 103.726 191.21 103.726 103.726 177.935 103.726 177.935 103.726
##ELECTR_LONG###1989 233 21 22 29.917 status EL
# E1: 1989 233 21 22 53.437;   E2: 1989 233 21 22 05.436   #
#      #
  3.055 22.099 9.319 3.055 21.318 52.406 58.379 30.549 31.669 31.669 52.406 40.738 23.748 3.055 45.382 3.055 3.055 3.055 3.055 3.055 3.055 17.809 93.192 128.826 115.646 107.617 807.01 698.842
##L_LONG########1989 233 21 22 36.157 status LL
#      #
#      #
#CUP_A#
  184.61 100.145 65.032 178.086 17.809 3.055 115.646 107.617 698.842 2056.502 83.657 437.778 198.383 1001.45 1076.166 1335.455
#CUP_B#
  138.438 47.044 47.044 22.909 10.014 3.055 3.055 3.055 1038.136 422.308 3.055 3.055 3.055 3.055 3.055 3.055
#CUP_C#
  69.884 3.055 35.278 69.884 12.883 3.055 15.987 3.055 392.988 2374.811 128.826 422.308 255.199 220.993 274.239 305.495
#CUP_D#
  14.351 3.055 3.055 3.055 34.031 34.031 3.055 3.055 3.055 22.909 32.829 3.055 3.055 3.055 15.422 3.055
##L_SHORT#######1989 233 21 23 11.917 status LS
#      #
#      #
#CUP_A#
  103.726 103.726 103.726 264.324 103.726 294.45 103.726 237.28 365.394 2054.762 103.726 523.614 103.726 365.394 698.251 1114.645
#CUP_B#
  103.726 103.726 103.726 103.726 177.935 103.726 103.726 103.726 1037.257 103.726 103.726 103.726 103.726 103.726 103.726 103.726
#CUP_C#
  165.581 103.726 103.726 103.726 103.726 103.726 103.726 103.726 378.779 2372.802 103.726 487.261 103.726 154.085 103.726 237.28
#CUP_D#
  103.726 103.726 115.548 103.726 103.726 103.726 124.169 103.726 103.726 103.726 103.726 103.726 103.726 103.726 103.726 103.726
##L_LONG########1989 233 21 23 24.157 status LL
#      #
#      #
#CUP_A#
  75.098 23.748 3.055 3.055 52.406 3.055 3.055 15.987 750.981 1913.723 52.406 563.157 274.239 1038.136 1115.589 1288.262
#CUP_B#
  45.382 40.738 30.549 3.055 3.055 3.055 3.055 3.055 1115.589 453.815 3.055 3.055 3.055 3.055 3.055 3.055
#CUP_C#
  3.055 35.278 17.809 3.055 3.055 3.055 23.748 34.031 392.988 2374.811 111.559 437.778 264.548 229.089 274.239 305.495
#CUP_D#
  3.055 3.055 3.055 13.355 31.669 3.055 3.055 3.93 31.669 39.299 3.055 3.055 3.055 5.055 3.055 3.055
##ELECTR_SHORT##1989 233 21 23 42.997 status ES
# E1: 1989 233 21 23 18.877;   E2: 1989 233 21 24 06.876   #
#      #
  103.726 103.726 103.726 103.726 103.726 103.726 103.726 103.726 103.726 103.726 103.726 103.726 103.726 128.717 103.726 103.726 103.726 103.726 103.726 103.726 103.726 103.726 103.726 103.726 103.726 103.726 103.726 103.726
##L_SHORT#######1989 233 21 23 59.916 status LS
#      #
#      #
#CUP_A#
  103.726 159.73 103.726 103.726 103.726 103.726 148.64 103.726 898.228 1779.35 159.73 487.261 103.726 159.73 723.83 965.243
#CUP_B#
  365.394 103.726 378.779 103.726 103.726 103.726 103.726 103.726 1075.255 115.548 103.726 103.726 103.726 103.726 103.726 103.726
#CUP_C#
  103.726 103.726 103.726 103.726 103.726 103.726 103.726 103.726 421.95 2372.802 103.726 542.796 119.781 103.726 165.581 165.581
#CUP_D#
  103.726 103.726 103.726 103.726 103.726 103.726 103.726 191.21 103.726 103.726 103.726 103.726 352.482 103.726 220.806 103.726
##ELECTR_LONG###1989 233 21 24 05.917 status EL
# E1: 1989 233 21 24 29.436;   E2: 1989 233 21 23 41.437   #
#      #
  3.055 3.055 3.055 3.055 62.734 3.055 54.326 30.549 34.031 11.156 24.618 22.909 75.098 3.055 37.91 42.231 8.99 3.055 3.055 10.762 3.055 19.838 80.701 115.646 65.032 115.646 750.981 724.443
##L_LONG########1989 233 21 24 12.156 status LL
#      #
#      #
#CUP_A#
  379.1 83.657 34.031 111.559 3.055 52.406 19.838 3.055 898.988 2056.502 3.055 524.058 220.993 1001.45 1001.45 1288.262
#CUP_B#
  54.326 22.909 3.055 67.415 3.055 50.554 3.055 3.055 1242.737 407.384 3.055 3.055 3.055 3.055 3.055 3.055
#CUP_C#
  20.565 9.319 8.07 3.055 7.51 3.055 86.722 58.379 407.384 2461.808 128.826 379.1 229.089 246.181 284.285 305.495
#CUP_D#
  28.429 4.877 3.055 3.055 26.455 14.877 3.055 3.055 6.988 40.738 47.044 3.055 3.055 20.565 12.883 3.055
##L_SHORT#######1989 233 21 24 47.916 status LS
#      #
#      #
#CUP_A#
  103.726 305.236 103.726 103.726 103.726 213.003 103.726 103.726 723.83 1540.854 305.236 124.169 378.779 103.726 1000.602 626.811
#CUP_B#
  159.73 103.726 103.726 103.726 154.085 103.726 103.726 103.726 1114.645 245.972 103.726 103.726 103.726 103.726 103.726 103.726
#CUP_C#
  103.726 103.726 103.726 103.726 103.726 103.726 103.726 103.726 316.418 2459.725 107.525 392.655 148.64 103.726 254.983 191.21
#CUP_D#
  115.548 103.726 103.726 103.726 103.726 103.726 103.726 103.726 103.726 103.726 103.726 124.169 103.726 119.781 103.726 103.726
##L_LONG########1989 233 21 25 00.155 status LL
#      #
#      #
#CUP_A#
  213.184 39.299 3.055 42.231 111.559 62.734 28.429 3.055 724.443 1983.829 128.826 583.787 470.44 1038.136 1076.166 1335.455
#CUP_B#
  21.318 15.422 65.032 32.829 3.055 3.055 3.055 3.055 1198.82 352.78 3.055 3.055 3.055 3.055 3.055 3.055
#CUP_C#
  3.055 10.381 9.661 23.748 3.055 43.778 3.055 50.554 316.686 2374.811 111.559 437.778 184.61 294.699 284.285 305.495
#CUP_D#
  3.055 58.379 3.055 3.055 3.055 3.055 13.844 47.044 69.884 60.517 43.778 72.444 17.179 3.055 3.055 3.055
##ELECTR_SHORT##1989 233 21 25 18.996 status ES
# E1: 1989 233 21 24 54.876;   E2: 1989 233 21 25 42.876   #
#      #
  103.726 103.726 103.726 103.726 103.726 103.726 103.726 103.726 103.726 103.726 103.726 103.726 103.726 103.726 103.726 103.726 103.726 103.726 205.476 165.581 124.169 103.726 305.236 107.525 103.726 103.726 119.781 138.32
##L_SHORT#######1989 233 21 25 35.916 status LS
#      #
#      #
#CUP_A#
  103.726 103.726 165.581 103.726 305.236 103.726 228.895 103.726 470.042 2208.063 103.726 562.68 103.726 604.66 191.21 1114.645
#CUP_B#
  378.779 103.726 103.726 103.726 103.726 107.525 103.726 103.726 1383.205 103.726 103.726 103.726 103.726 103.726 103.726 103.726
#CUP_C#
  103.726 103.726 133.432 103.726 103.726 103.726 103.726 103.726 159.73 2459.725 103.726 523.614 220.806 191.21 148.64 365.394
#CUP_D#
  119.781 103.726 103.726 171.647 103.726 115.548 103.726 264.324 103.726 103.726 198.215 103.726 305.236 103.726 103.726 103.726
##ELECTR_LONG###1989 233 21 25 41.915 status EL
# E1: 1989 233 21 26 05.435;   E2: 1989 233 21 25 17.435   #
#      #
  3.055 3.055 3.055 9.661 3.055 8.672 54.326 8.99 8.99 11.988 3.055 26.455 3.055 62.734 3.055 22.099 3.055 25.52 4.074 3.055 3.055 22.909 48.767 32.829 77.849 148.766 807.01 750.981
##L_LONG########1989 233 21 25 48.156 status LL
#      #
#      #
#CUP_A#
  316.686 3.055 198.383 115.646 58.379 138.438 3.055 3.055 966.06 1983.829 58.379 605.172 138.438 966.06 1156.456 1435.09
#CUP_B#
  72.444 3.055 75.098 3.055 115.646 3.055 3.055 3.055 1156.456 365.703 3.055 3.055 3.055 3.055 3.055 3.055
#CUP_C#
  3.055 19.838 13.844 3.055 3.055 14.877 3.055 72.444 392.988 2461.808 124.274 407.384 178.086 198.383 294.699 305.495
#CUP_D#
  3.055 115.646 25.52 18.461 3.055 3.055 3.055 3.055 14.351 34.031 3.055 93.192 83.657 8.99 3.055 3.055
##L_SHORT#######1989 233 21 26 23.915 status LS
#      #
#      #
#CUP_A#
  470.042 103.726 107.525 103.726 133.432 103.726 103.726 103.726 626.811 2208.063 103.726 1197.806 103.726 103.726 284.045 965.243
#CUP_B#
  103.726 103.726 177.935 103.726 103.726 103.726 103.726 103.726 1287.172 103.726 103.726 103.726 103.726 103.726 103.726 103.726
#CUP_C#
  124.169 103.726 103.726 103.726 103.726 103.726 103.726 103.726 328.01 2549.832 103.726 470.042 191.21 159.73 107.525 437.408
#CUP_D#
  103.726 103.726 103.726 107.525 124.169 103.726 103.726 103.726 103.726 103.726 103.726 103.726 487.261 523.614 177.935 103.726
##L_LONG########1989 233 21 26 36.156 status LL
#      #
#      #
#CUP_A#
  165.722 3.055 3.055 10.381 3.055 3.055 72.444 3.055 778.492 1913.723 8.99 543.255 198.383 1038.136 1076.166 1288.262
#CUP_B#
  3.055 133.545 96.606 3.055 19.137 3.055 3.055 3.055 1156.456 422.308 3.055 3.055 3.055 3.055 3.055 3.055
#CUP_C#
  52.406 3.055 3.055 3.055 10.014 9.319 11.156 24.618 392.988 2374.811 26.455 470.44 205.65 191.372 305.495 316.686
#CUP_D#
  20.565 43.778 14.877 3.055 3.055 15.422 23.748 3.055 3.055 3.055 9.661 36.57 3.055 3.055 6.503 3.055
##ELECTR_SHORT##1989 233 21 26 54.996 status ES
# E1: 1989 233 21 26 30.876;   E2: 1989 233 21 27 18.876   #
#      #
  103.726 165.581 103.726 103.726 103.726 184.453 103.726 103.726 103.726 103.726 103.726 103.726 103.726 103.726 115.548 103.726 103.726 103.726 103.726 133.432 165.581 213.003 177.935 111.464 111.464 103.726 103.726 103.726
##L_SHORT#######1989 233 21 27 11.916 status LS
#      #
#      #
#CUP_A#
  103.726 103.726 165.581 103.726 103.726 103.726 103.726 103.726 750.346 1982.15 103.726 835.866 103.726 437.408 453.431 1114.645
#CUP_B#
  228.895 103.726 138.32 103.726 103.726 103.726 103.726 103.726 1000.602 124.169 103.726 103.726 103.726 103.726 103.726 103.726
#CUP_C#
  103.726 103.726 171.647 103.726 220.806 103.726 103.726 103.726 365.394 2459.725 103.726 392.655 133.432 128.717 213.003 213.003
#CUP_D#
  133.432 103.726 103.726 143.388 103.726 143.388 103.726 198.215 103.726 103.726 103.726 103.726 352.482 103.726 124.169 103.726
##ELECTR_LONG###1989 233 21 27 17.916 status EL
# E1: 1989 233 21 27 41.436;   E2: 1989 233 21 26 53.435   #
#      #
  3.055 3.055 15.422 22.099 45.382 48.767 58.379 48.767 3.055 3.055 15.987 4.704 25.52 3.055 5.241 3.055 3.055 48.767 47.044 3.055 3.93 22.909 31.669 4.223 80.701 115.646 778.492 698.842
##L_LONG########1989 233 21 27 24.156 status LL
#      #
#      #
#CUP_A#
  154.216 3.055 198.383 83.657 34.031 100.145 3.055 32.829 1001.45 1846.095 100.145 674.146 178.086 1001.45 1115.589 294.699
#CUP_B#
  80.701 3.055 65.032 3.055 3.055 133.545 3.055 3.055 1335.455 191.372 3.055 3.055 3.055 3.055 3.055 3.055
#CUP_C#
  3.055 3.055 3.055 11.565 11.156 3.055 34.031 45.382 453.815 2374.811 77.849 422.308 213.184 220.993 305.495 305.495
#CUP_D#
  3.055 39.299 37.91 3.055 3.055 3.055 18.461 5.632 3.055 3.055 6.273 40.738 3.055 3.055 3.055 3.055
##M_LONG########1989 233 21 27 58.716 status ML
#      #
#      #
#CUP_A#
  23.421 88.662 23.421 23.421 23.421 23.421 23.421 23.421 23.421 29.064 23.421 23.421 24.279 79.59 23.421 23.421 23.421 23.421 23.421 59.684 23.421 30.129 23.421 23.421 23.421 23.421 23.421 34.792 23.421 26.091 23.421 23.421 23.421 23.421 23.421 28.037 23.421 23.421 23.421 23.421 23.421 23.421 46.397 23.421 23.421 23.421 85.528 23.421 23.421 23.421 23.421 23.421 23.421 23.421 23.421 23.421 23.421 555.406 141.534 23.421 23.421 23.421 23.421 23.421 41.65 23.421 23.421 23.421 23.421 23.421 242.793 886.616 1225.634 498.581 66.487 23.421 23.421 23.421 23.421 23.421 23.421 53.578 23.421 23.421 37.388 23.421 23.421 23.421 23.421 95.276 141.534 59.684 71.447 23.421 23.421 23.421 23.421 23.421 23.421 71.447 41.65 23.421 23.421 23.421 23.421 43.175 23.421 23.421 23.421 37.388 163.441 175.635 217.952 74.065 71.447 188.739 163.441 152.093 202.82 188.739 114.054 71.447 146.719 447.57 118.232 23.421 260.907 280.373
#CUP_B#
  23.421 23.421 23.421 46.397 23.421 23.421 23.421 23.421 53.578 82.506 23.421 23.421 23.421 23.421 23.421 23.421 57.575 23.421 37.388 23.421 23.421 23.421 23.421 23.421 38.758 23.421 23.421 31.233 23.421 23.421 23.421 23.421 23.421 23.421 23.421 41.65 23.421 36.067 23.421 23.421 82.506 25.169 23.421 23.421 23.421 23.421 23.421 23.421 23.421 43.175 23.421 23.421 23.421 23.421 23.421 23.421 29.064 23.421 23.421 102.385 23.421 23.421 23.421 23.421 23.421 23.421 23.421 23.421 23.421 23.421 447.57 1182.322 664.868 64.137 23.421 23.421 23.421 23.421 23.421 23.421 23.421 23.421 23.421 23.421 23.421 23.421 23.421 23.421 23.421 23.421 23.421 23.421 23.421 23.421 23.421 23.421 23.421 23.421 23.421 23.421 23.421 23.421 23.421 23.421 23.421 23.421 23.421 23.421 23.421 23.421 23.421 23.421 23.421 23.421 23.421 23.421 23.421 23.421 23.421 23.421 23.421 23.421 23.421 23.421 23.421 23.421 23.421 23.421
#CUP_C#
  36.067 23.421 23.421 23.421 23.421 33.563 23.421 98.767 23.421 23.421 23.421 23.421 23.421 23.421 23.421 23.421 23.421 43.175 36.067 23.421 43.175 29.064 23.421 23.421 41.65 23.421 36.067 28.037 23.421 23.421 23.421 23.421 23.421 24.279 25.169 23.421 23.421 23.421 23.421 23.421 23.421 23.421 38.758 23.421 23.421 23.421 23.421 23.421 26.091 40.178 23.421 23.421 23.421 23.421 23.421 23.421 23.421 23.421 23.421 23.421 23.421 23.421 23.421 23.421 23.421 23.421 23.421 23.421 23.421 23.421 76.778 463.965 1225.634 855.285 182.069 36.067 23.421 23.421 23.421 48.096 23.421 23.421 23.421 26.091 51.685 23.421 79.59 23.421 64.137 51.685 157.665 136.532 33.563 23.421 44.757 24.279 43.175 23.421 23.421 23.421 23.421 23.421 23.421 23.421 23.421 44.757 23.421 210.25 23.421 23.421 44.757 44.757 23.421 23.421 68.922 43.175 106.135 23.421 33.563 23.421 41.65 34.792 91.91 152.093 49.858 141.534 23.421 26.091
#CUP_D#
  23.421 38.758 23.421 23.421 23.421 23.421 23.421 23.421 23.421 28.037 29.064 23.421 23.421 23.421 23.421 36.067 23.421 23.421 23.421 23.421 32.377 23.421 23.421 23.421 38.758 23.421 23.421 23.421 29.064 23.421 23.421 23.421 23.421 23.421 23.421 23.421 23.421 23.421 59.684 30.129 36.067 23.421 23.421 36.067 23.421 23.421 26.091 23.421 38.758 26.091 23.421 23.421 23.421 57.575 23.421 23.421 23.421 23.421 23.421 23.421 36.067 23.421 23.421 23.421 23.421 37.388 23.421 23.421 23.421 23.421 32.377 23.421 23.421 25.169 44.757 23.421 23.421 29.064 23.421 23.421 23.421 23.421 23.421 23.421 23.421 27.046 23.421 23.421 23.421 23.421 23.421 23.421 23.421 24.279 23.421 23.421 46.397 36.067 38.758 23.421 30.129 23.421 24.279 23.421 23.421 23.421 23.421 210.25 76.778 23.421 27.046 23.421 23.421 23.421 24.279 82.506 23.421 34.792 64.137 29.064 23.421 23.421 23.421 23.421 23.421 26.091 29.064 23.421
##L_LONG########1989 233 21 30 03.515 status LL
#      #
#      #
#CUP_A#
  17.809 8.366 3.055 3.055 3.055 3.055 3.055 3.055 1038.136 1846.095 48.767 583.787 453.815 1038.136 1076.166 1335.455
#CUP_B#
  3.055 171.792 3.055 96.606 3.055 3.055 3.055 3.055 1335.455 154.216 3.055 3.055 3.055 3.055 3.055 3.055
#CUP_C#
  16.572 3.055 4.704 31.669 25.52 24.618 31.669 32.829 605.172 2209.933 89.899 407.384 274.239 159.865 305.495 305.495
#CUP_D#
  58.379 3.055 3.055 3.055 3.055 3.055 42.231 3.055 45.382 86.722 77.849 3.055 3.055 3.055 3.055 3.055
##L_SHORT#######1989 233 21 30 23.915 status LS
#      #
#      #
#CUP_A#
  103.726 103.726 103.726 103.726 328.01 103.726 649.773 103.726 1597.3 1540.854 103.726 542.796 103.726 213.003 965.243 750.346
#CUP_B#
  103.726 103.726 437.408 103.726 103.726 103.726 103.726 138.32 1197.806 103.726 103.726 103.726 103.726 103.726 103.726 103.726
#CUP_C#
  103.726 237.28 103.726 103.726 103.726 103.726 228.895 103.726 673.576 2459.725 254.983 407.039 191.21 111.464 177.935 245.972
#CUP_D#
  453.431 103.726 103.726 103.726 165.581 148.64 103.726 103.726 103.726 103.726 103.726 103.726 103.726 103.726 103.726 103.726
##L_LONG########1989 233 21 30 36.156 status LL
#      #
#      #
#CUP_A#
  205.65 191.372 3.055 60.517 246.181 60.517 3.055 3.055 1001.45 1983.829 124.274 470.44 470.44 1038.136 1115.589 1335.455
#CUP_B#
  3.055 3.055 107.617 42.231 47.044 3.055 3.055 3.055 1242.737 154.216 3.055 3.055 3.055 3.055 3.055 3.055
#CUP_C#
  3.055 19.838 37.91 67.415 3.055 3.055 62.734 3.055 563.157 2290.889 119.882 453.815 191.372 237.481 284.285 305.495
#CUP_D#
  133.545 171.792 103.814 27.424 24.618 3.055 3.055 3.055 3.055 3.055 96.606 165.722 124.274 27.424 3.055 3.055
##ELECTR_SHORT##1989 233 21 30 54.996 status ES
# E1: 1989 233 21 30 30.876;   E2: 1989 233 21 31 18.876   #
#      #
  103.726 103.726 103.726 103.726 103.726 103.726 103.726 103.726 245.972 103.726 103.726 103.726 103.726 103.726 111.464 103.726 103.726 103.726 159.73 103.726 103.726 143.388 119.781 264.324 103.726 237.28 562.68 898.228
##L_SHORT#######1989 233 21 31 11.916 status LS
#      #
#      #
#CUP_A#
  124.169 103.726 213.003 103.726 421.95 103.726 437.408 103.726 1114.645 1655.814 103.726 866.486 103.726 407.039 542.796 806.328
#CUP_B#
  103.726 184.453 103.726 103.726 103.726 103.726 103.726 103.726 1486.403 103.726 103.726 103.726 103.726 103.726 103.726 103.726
#CUP_C#
  103.726 103.726 111.464 103.726 148.64 103.726 103.726 103.726 487.261 2372.802 115.548 487.261 191.21 213.003 119.781 254.983
#CUP_D#
  237.28 103.726 143.388 103.726 103.726 103.726 103.726 103.726 115.548 103.726 103.726 103.726 274.007 103.726 103.726 103.726
##ELECTR_LONG###1989 233 21 31 17.916 status EL
# E1: 1989 233 21 31 41.436;   E2: 1989 233 21 30 53.435   #
#      #
  3.055 3.055 6.988 27.424 40.738 3.055 3.055 19.137 77.849 6.503 22.909 83.657 3.055 22.909 89.899 3.055 47.044 72.444 13.355 3.055 14.877 19.838 3.055 29.47 47.044 119.882 807.01 750.981
##L_LONG########1989 233 21 31 24.156 status LL
#      #
#      #
#CUP_A#
  284.285 3.055 274.239 115.646 159.865 32.829 3.055 111.559 1115.589 1846.095 159.865 487.673 178.086 966.06 1198.82 1384.376
#CUP_B#
  89.899 3.055 154.216 3.055 42.231 20.565 3.055 3.055 1435.09 143.509 3.055 3.055 3.055 3.055 3.055 3.055
#CUP_C#
  3.055 3.055 13.355 52.406 18.461 3.055 3.055 89.899 583.787 2290.889 124.274 422.308 264.548 246.181 305.495 305.495
#CUP_D#
  3.055 19.137 8.99 3.055 3.055 32.829 30.549 3.055 24.618 3.055 12.427 65.032 3.055 3.055 3.055 3.055
##L_SHORT#######1989 233 21 31 59.916 status LS
#      #
#      #
#CUP_A#
  111.464 103.726 284.045 103.726 437.408 103.726 191.21 103.726 1075.255 1597.3 198.215 316.418 103.726 138.32 604.66 604.66
#CUP_B#
  128.717 154.085 103.726 171.647 103.726 103.726 103.726 103.726 1241.685 103.726 103.726 103.726 103.726 103.726 103.726 103.726
#CUP_C#
  103.726 103.726 103.726 103.726 138.32 103.726 128.717 103.726 523.614 2208.063 159.73 421.95 165.581 177.935 171.647 143.388
#CUP_D#
  103.726 159.73 103.726 103.726 103.726 103.726 103.726 103.726 103.726 103.726 103.726 103.726 119.781 103.726 103.726 103.726
##L_LONG########1989 233 21 32 12.156 status LL
#      #
#      #
#CUP_A#
  3.055 274.239 124.274 3.055 5.433 69.884 133.545 128.826 898.988 1780.857 69.884 543.255 284.285 1038.136 1242.737 1435.09
#CUP_B#
  3.055 72.444 47.044 9.319 3.055 3.055 3.055 3.055 1335.455 246.181 3.055 3.055 3.055 3.055 3.055 3.055
#CUP_C#
  3.055 58.379 50.554 14.351 3.055 3.055 27.424 12.427 524.058 2290.889 54.326 487.673 213.184 205.65 284.285 305.495
#CUP_D#
  3.055 3.055 3.055 3.055 52.406 80.701 115.646 56.316 115.646 19.838 3.055 3.055 3.055 3.055 3.055 3.055
##ELECTR_SHORT##1989 233 21 32 30.996 status ES
# E1: 1989 233 21 32 06.876;   E2: 1989 233 21 32 54.876   #
#      #
  107.525 103.726 103.726 115.548 103.726 103.726 103.726 103.726 103.726 103.726 103.726 103.726 103.726 103.726 103.726 103.726 103.726 103.726 103.726 103.726 213.003 103.726 148.64 103.726 407.039 274.007 378.779 626.811
##L_SHORT#######1989 233 21 32 47.916 status LS
#      #
#      #
#CUP_A#
  103.726 103.726 143.388 103.726 171.647 103.726 365.394 103.726 931.132 1844.533 103.726 777.833 103.726 254.983 673.576 1000.602
#CUP_B#
  103.726 191.21 103.726 103.726 103.726 103.726 103.726 103.726 1486.403 103.726 103.726 103.726 103.726 103.726 103.726 103.726
#CUP_C#
  103.726 103.726 171.647 103.726 103.726 103.726 103.726 103.726 673.576 2288.951 103.726 407.039 159.73 184.453 245.972 392.655
#CUP_D#
  103.726 103.726 128.717 184.453 103.726 103.726 103.726 245.972 103.726 103.726 103.726 103.726 264.324 103.726 103.726 103.726
##ELECTR_LONG###1989 233 21 32 53.916 status EL
# E1: 1989 233 21 33 17.435;   E2: 1989 233 21 32 29.436   #
#      #
  3.055 8.366 18.461 15.422 3.055 3.055 14.877 54.326 27.424 3.055 48.767 37.91 18.461 3.791 5.838 9.319 3.055 3.055 3.055 3.055 3.055 3.055 50.554 69.884 115.646 154.216 807.01 750.981
##L_LONG########1989 233 21 33 00.155 status LL
#      #
#      #
#CUP_A#
  470.44 3.055 198.383 3.055 205.65 26.455 107.617 133.545 966.06 1913.723 37.91 543.255 264.548 1038.136 1242.737 1242.737
#CUP_B#
  3.055 83.657 128.826 3.055 124.274 39.299 3.055 3.055 1335.455 328.287 3.055 3.055 3.055 3.055 3.055 3.055
#CUP_C#
  42.231 3.055 22.099 3.055 12.883 3.055 3.055 3.055 583.787 2290.889 83.657 524.058 138.438 264.548 264.548 305.495
#CUP_D#
  119.882 29.47 3.055 10.762 3.055 67.415 3.055 3.055 89.899 8.07 111.559 89.899 50.554 3.055 3.055 3.055
##L_SHORT#######1989 233 21 33 35.916 status LS
#      #
#      #
#CUP_A#
  124.169 103.726 245.972 103.726 198.215 103.726 264.324 103.726 1334.325 1597.3 165.581 407.039 133.432 103.726 1075.255 542.796
#CUP_B#
  103.726 103.726 103.726 103.726 103.726 103.726 103.726 103.726 1114.645 154.085 103.726 103.726 103.726 103.726 103.726 103.726
#CUP_C#
  124.169 103.726 103.726 103.726 103.726 103.726 103.726 103.726 583.293 2459.725 103.726 437.408 143.388 191.21 143.388 143.388
#CUP_D#
  103.726 103.726 103.726 103.726 111.464 103.726 103.726 103.726 103.726 103.726 103.726 148.64 133.432 165.581 103.726 103.726
##L_LONG########1989 233 21 33 48.156 status LL
#      #
#      #
#CUP_A#
  3.055 143.509 184.61 69.884 3.055 3.055 3.055 115.646 1115.589 1913.723 32.829 422.308 246.181 1001.45 1115.589 1335.455
#CUP_B#
  3.055 45.382 67.415 3.055 65.032 16.572 3.055 3.055 1288.262 407.384 3.055 3.055 3.055 3.055 3.055 3.055
#CUP_C#
  3.055 3.055 3.055 22.909 14.351 9.319 54.326 77.849 605.172 2374.811 111.559 505.538 274.239 165.722 305.495 305.495
#CUP_D#
  3.055 3.055 25.52 31.669 3.055 3.055 3.055 32.829 14.351 35.278 83.657 89.899 3.055 3.055 3.055 3.055
##ELECTR_SHORT##1989 233 21 34 06.996 status ES
# E1: 1989 233 21 33 42.876;   E2: 1989 233 21 34 30.876   #
#      #
  103.726 103.726 103.726 103.726 111.464 103.726 103.726 103.726 103.726 103.726 103.726 103.726 103.726 103.726 103.726 103.726 103.726 103.726 103.726 103.726 103.726 103.726 103.726 103.726 103.726 103.726 103.726 103.726
##L_SHORT#######1989 233 21 34 23.915 status LS
#      #
#      #
#CUP_A#
  103.726 171.647 103.726 103.726 103.726 103.726 103.726 254.983 698.251 2288.951 103.726 562.68 103.726 487.261 365.394 1197.806
#CUP_B#
  103.726 103.726 111.464 103.726 107.525 103.726 340.025 103.726 1540.854 103.726 103.726 103.726 103.726 103.726 103.726 103.726
#CUP_C#
  103.726 103.726 103.726 103.726 103.726 103.726 103.726 115.548 437.408 2549.832 103.726 487.261 213.003 184.453 213.003 198.215
#CUP_D#
  205.476 103.726 103.726 119.781 103.726 103.726 103.726 107.525 103.726 103.726 103.726 103.726 274.007 103.726 103.726 103.726
##ELECTR_LONG###1989 233 21 34 29.915 status EL
# E1: 1989 233 21 34 53.435;   E2: 1989 233 21 34 05.435   #
#      #
  3.055 3.055 9.319 28.429 3.055 19.137 22.099 3.403 39.299 19.137 56.316 36.57 12.427 13.844 24.618 3.055 18.461 52.406 3.055 17.179 3.055 52.406 37.91 45.382 47.044 103.814 867.22 724.443
##L_LONG########1989 233 21 34 36.156 status LL
#      #
#      #
#CUP_A#
  89.899 3.055 58.379 3.055 119.882 22.909 3.055 124.274 807.01 2131.838 58.379 583.787 524.058 1076.166 1115.589 1288.262
#CUP_B#
  3.055 3.055 3.055 11.988 3.055 15.987 3.055 3.055 1156.456 487.673 3.055 3.055 3.055 3.055 3.055 3.055
#CUP_C#
  15.987 3.055 3.055 3.055 3.055 22.909 3.055 19.137 453.815 2551.991 107.617 487.673 229.089 305.495 294.699 305.495
#CUP_D#
  16.572 3.055 3.055 10.381 24.618 9.319 3.055 3.055 25.52 30.549 3.055 3.055 3.055 17.809 3.055 3.055
##L_SHORT#######1989 233 21 35 11.916 status LS
#      #
#      #
#CUP_A#
  103.726 220.806 103.726 328.01 103.726 103.726 103.726 103.726 866.486 2372.802 103.726 407.039 184.453 103.726 866.486 1037.257
#CUP_B#
  103.726 103.726 138.32 103.726 165.581 103.726 103.726 103.726 1114.645 470.042 103.726 103.726 103.726 103.726 103.726 103.726
#CUP_C#
  103.726 103.726 103.726 103.726 103.726 103.726 103.726 138.32 421.95 2840.446 107.525 604.66 184.453 133.432 305.236 264.324
#CUP_D#
  103.726 103.726 103.726 103.726 171.647 103.726 103.726 103.726 103.726 103.726 103.726 111.464 103.726 274.007 103.726 103.726
##L_LONG########1989 233 21 35 24.156 status LL
#      #
#      #
#CUP_A#
  3.055 133.545 34.031 25.52 72.444 3.055 16.572 19.838 1001.45 2374.811 67.415 627.342 274.239 1076.166 1076.166 1335.455
#CUP_B#
  3.055 5.433 56.316 3.055 3.055 3.055 3.055 3.055 1076.166 750.981 3.055 3.055 3.055 3.055 3.055 3.055
#CUP_C#
  19.838 3.055 45.382 11.156 3.055 3.055 23.748 40.738 487.673 2742.39 93.192 524.058 198.383 213.184 274.239 305.495
#CUP_D#
  3.055 3.055 9.319 14.351 3.055 3.055 3.055 30.549 47.044 3.055 3.055 10.381 19.137 3.055 3.055 3.055
##ELECTR_SHORT##1989 233 21 35 42.996 status ES
# E1: 1989 233 21 35 18.876;   E2: 1989 233 21 36 06.876   #
#      #
  103.726 103.726 103.726 103.726 103.726 103.726 103.726 103.726 103.726 103.726 103.726 143.388 103.726 103.726 103.726 103.726 103.726 103.726 103.726 103.726 103.726 103.726 103.726 103.726 103.726 103.726 103.726 103.726
##L_SHORT#######1989 233 21 35 59.916 status LS
#      #
#      #
#CUP_A#
  103.726 177.935 103.726 103.726 254.983 103.726 264.324 103.726 1287.172 1779.35 352.482 294.45 198.215 103.726 1075.255 562.68
#CUP_B#
  103.726 103.726 103.726 103.726 103.726 103.726 177.935 103.726 1241.685 437.408 103.726 103.726 103.726 103.726 103.726 103.726
#CUP_C#
  103.726 103.726 103.726 103.726 103.726 103.726 103.726 103.726 487.261 2740.069 115.548 487.261 254.983 103.726 198.215 213.003
#CUP_D#
  103.726 103.726 103.726 198.215 103.726 103.726 103.726 119.781 103.726 103.726 103.726 103.726 143.388 103.726 103.726 103.726
##ELECTR_LONG###1989 233 21 36 05.916 status EL
# E1: 1989 233 21 36 29.436;   E2: 1989 233 21 35 41.436   #
#      #
  13.355 14.877 3.055 3.055 13.355 56.316 26.455 52.406 3.055 56.316 3.055 30.549 30.549 12.427 32.829 36.57 3.055 30.549 3.055 3.055 10.762 25.52 31.669 40.738 89.899 148.766 836.574 750.981
##L_LONG########1989 233 21 36 12.156 status LL
#      #
#      #
#CUP_A#
  264.548 128.826 86.722 3.055 119.882 148.766 17.179 67.415 867.22 2374.811 165.722 750.981 583.787 1001.45 1076.166 1288.262
#CUP_B#
  3.055 72.444 96.606 8.672 86.722 3.055 3.055 3.055 1198.82 867.22 3.055 3.055 3.055 3.055 3.055 3.055
#CUP_C#
  3.055 26.455 52.406 3.055 3.055 29.47 3.055 4.538 543.255 2742.39 154.216 563.157 255.199 178.086 284.285 305.495
#CUP_D#
  36.57 3.055 3.055 3.055 15.422 32.829 3.055 3.055 17.809 42.231 27.424 3.055 3.055 12.427 4.704 3.055
##L_SHORT#######1989 233 21 36 47.915 status LS
#      #
#      #
#CUP_A#
  392.655 103.726 328.01 103.726 128.717 103.726 128.717 103.726 583.293 2840.446 103.726 866.486 103.726 237.28 487.261 1114.645
#CUP_B#
  103.726 171.647 103.726 103.726 103.726 103.726 103.726 103.726 777.833 750.346 103.726 103.726 103.726 103.726 103.726 103.726
#CUP_C#
  111.464 103.726 103.726 103.726 103.726 103.726 103.726 103.726 407.039 3052.365 103.726 542.796 138.32 205.476 143.388 328.01
#CUP_D#
  220.806 103.726 103.726 103.726 133.432 103.726 103.726 103.726 103.726 103.726 103.726 103.726 103.726 124.169 103.726 103.726
##L_LONG########1989 233 21 37 00.154 status LL
#      #
#      #
#CUP_A#
  19.137 60.517 3.055 3.055 83.657 3.055 75.098 3.055 867.22 2209.933 3.055 650.323 487.673 1076.166 1156.456 1335.455
#CUP_B#
  3.055 45.382 32.829 3.055 3.055 15.987 3.055 3.055 1038.136 867.22 3.055 3.055 3.055 3.055 3.055 3.055
#CUP_C#
  3.055 3.055 39.299 3.055 3.055 19.838 50.554 3.055 524.058 2742.39 75.098 543.255 237.481 198.383 305.495 305.495
#CUP_D#
  3.055 3.055 5.241 12.427 19.137 3.055 3.055 8.366 22.909 3.055 3.055 20.565 56.316 5.838 3.055 3.055
##ELECTR_SHORT##1989 233 21 37 18.995 status ES
# E1: 1989 233 21 36 54.875;   E2: 1989 233 21 37 42.875   #
#      #
  103.726 103.726 159.73 103.726 103.726 103.726 103.726 103.726 103.726 103.726 103.726 103.726 177.935 103.726 103.726 103.726 177.935 103.726 274.007 103.726 119.781 103.726 365.394 103.726 154.085 245.972 505.111 898.228
##L_SHORT#######1989 233 21 37 35.915 status LS
#      #
#      #
#CUP_A#
  103.726 103.726 103.726 103.726 237.28 103.726 171.647 103.726 1155.477 2130.034 205.476 365.394 165.581 143.388 965.243 649.773
#CUP_B#
  103.726 103.726 103.726 103.726 103.726 103.726 165.581 103.726 965.243 835.866 103.726 103.726 103.726 103.726 103.726 103.726
#CUP_C#
  103.726 103.726 111.464 103.726 138.32 103.726 103.726 103.726 583.293 2643.239 274.007 542.796 103.726 228.895 154.085 205.476
#CUP_D#
  198.215 103.726 103.726 274.007 103.726 138.32 103.726 103.726 103.726 103.726 103.726 103.726 365.394 103.726 103.726 103.726
##ELECTR_LONG###1989 233 21 37 41.914 status EL
# E1: 1989 233 21 38 05.434;   E2: 1989 233 21 37 17.434   #
#      #
  3.055 3.055 27.424 24.618 45.382 29.47 47.044 3.055 17.179 3.055 80.701 4.538 17.179 67.415 15.422 3.055 69.884 52.406 30.549 4.877 40.738 37.91 40.738 30.549 60.517 115.646 807.01 750.981
##L_LONG########1989 233 21 37 48.155 status LL
#      #
#      #
#CUP_A#
  86.722 80.701 246.181 86.722 115.646 3.055 3.055 143.509 1038.136 2461.808 100.145 524.058 524.058 1038.136 1076.166 1335.455
#CUP_B#
  143.509 3.055 119.882 3.055 37.91 29.47 3.055 3.055 931.921 966.06 3.055 3.055 3.055 3.055 3.055 3.055
#CUP_C#
  3.055 3.055 3.055 107.617 3.055 3.055 5.838 19.137 583.787 2742.39 159.865 543.255 255.199 229.089 294.699 305.495
#CUP_D#
  96.606 13.355 60.517 3.055 3.055 12.883 3.055 9.319 25.52 3.055 39.299 80.701 48.767 3.055 3.055 3.055
##L_SHORT#######1989 233 21 38 23.914 status LS
#      #
#      #
#CUP_A#
  103.726 103.726 245.972 103.726 274.007 103.726 191.21 103.726 1114.645 2054.762 115.548 365.394 128.717 124.169 898.228 649.773
#CUP_B#
  103.726 103.726 103.726 103.726 103.726 103.726 103.726 103.726 723.83 777.833 103.726 103.726 103.726 103.726 103.726 103.726
#CUP_C#
  103.726 103.726 103.726 103.726 103.726 103.726 103.726 103.726 583.293 2840.446 143.388 523.614 213.003 128.717 191.21 274.007
#CUP_D#
  103.726 103.726 103.726 103.726 148.64 103.726 103.726 103.726 154.085 103.726 103.726 103.726 111.464 119.781 138.32 103.726
##L_LONG########1989 233 21 38 36.155 status LL
#      #
#      #
#CUP_A#
  3.055 178.086 72.444 69.884 3.055 3.055 154.216 69.884 1038.136 2131.838 3.055 698.842 470.44 1038.136 1038.136 1335.455
#CUP_B#
  54.326 100.145 3.055 7.785 34.031 3.055 3.055 3.055 1156.456 778.492 3.055 3.055 3.055 3.055 3.055 3.055
#CUP_C#
  3.055 21.318 23.748 6.273 3.055 3.055 72.444 62.734 674.146 2645.478 65.032 563.157 246.181 171.792 305.495 305.495
#CUP_D#
  83.657 103.814 72.444 13.355 3.055 3.055 3.055 3.055 3.055 19.838 5.055 26.455 21.318 19.838 3.055 3.055
##ELECTR_SHORT##1989 233 21 38 54.995 status ES
# E1: 1989 233 21 38 30.875;   E2: 1989 233 21 39 18.875   #
#      #
  103.726 103.726 103.726 103.726 103.726 103.726 154.085 103.726 103.726 103.726 111.464 103.726 103.726 103.726 103.726 103.726 103.726 103.726 138.32 205.476 228.895 165.581 115.548 103.726 103.726 103.726 103.726 103.726
##L_SHORT#######1989 233 21 39 11.915 status LS
#      #
#      #
#CUP_A#
  103.726 103.726 264.324 103.726 470.042 103.726 352.482 103.726 1114.645 1844.533 220.806 421.95 103.726 254.983 673.576 835.866
#CUP_B#
  103.726 133.432 103.726 103.726 119.781 103.726 245.972 103.726 1037.257 626.811 103.726 103.726 103.726 103.726 103.726 103.726
#CUP_C#
  103.726 103.726 165.581 103.726 103.726 103.726 103.726 103.726 604.66 2643.239 159.73 437.408 159.73 171.647 115.548 237.28
#CUP_D#
  143.388 103.726 103.726 177.935 103.726 154.085 103.726 103.726 237.28 103.726 103.726 103.726 245.972 171.647 103.726 103.726
##ELECTR_LONG###1989 233 21 39 17.915 status EL
# E1: 1989 233 21 39 41.435;   E2: 1989 233 21 38 53.434   #
#      #
  7.785 3.055 3.055 69.884 50.554 45.382 6.741 24.618 4.877 43.778 3.055 15.422 3.055 30.549 24.618 50.554 4.074 60.517 3.055 56.316 3.055 43.778 72.444 30.549 26.455 128.826 807.01 698.842
##L_LONG########1989 233 21 39 24.155 status LL
#      #
#      #
#CUP_A#
  3.055 3.055 124.274 86.722 3.055 3.055 3.055 171.792 1076.166 2131.838 43.778 487.673 178.086 931.921 1038.136 1288.262
#CUP_B#
  124.274 3.055 83.657 3.055 52.406 12.883 3.055 3.055 1115.589 778.492 3.055 3.055 3.055 3.055 3.055 3.055
#CUP_C#
  3.055 3.055 3.055 3.055 19.137 3.055 58.379 39.299 583.787 2645.478 83.657 583.787 284.285 229.089 305.495 305.495
#CUP_D#
  12.883 32.829 15.987 3.055 3.055 19.838 27.424 3.055 3.055 3.055 29.47 29.47 3.055 3.055 13.844 3.055
##M_LONG########1989 233 21 39 58.715 status ML
#      #
#      #
#CUP_A#
  29.064 71.447 23.421 23.421 64.137 23.421 34.792 23.421 36.067 23.421 23.421 152.093 76.778 23.421 23.421 23.421 23.421 30.129 37.388 28.037 23.421 23.421 23.421 23.421 44.757 36.067 24.279 23.421 23.421 23.421 23.421 23.421 30.129 23.421 23.421 23.421 23.421 23.421 23.421 23.421 34.792 23.421 23.421 61.871 23.421 26.091 23.421 34.792 23.421 46.397 29.064 23.421 23.421 23.421 23.421 40.178 23.421 23.421 23.421 23.421 23.421 23.421 26.091 23.421 23.421 23.421 23.421 23.421 23.421 23.421 127.053 795.904 1520.935 618.708 76.778 23.421 23.421 23.421 23.421 43.175 30.129 23.421 23.421 23.421 23.421 23.421 23.421 23.421 23.421 23.421 131.708 152.093 23.421 23.421 23.421 23.421 29.064 59.684 23.421 23.421 23.421 23.421 23.421 23.421 23.421 40.178 23.421 23.421 53.578 23.421 127.053 163.441 251.687 51.685 110.024 234.213 118.232 122.563 210.25 188.739 23.421 49.858 175.635 416.496 136.532 23.421 182.069 217.952
#CUP_B#
  23.421 23.421 23.421 36.067 23.421 23.421 23.421 136.532 31.233 26.091 23.421 29.064 41.65 23.421 23.421 55.541 23.421 23.421 23.421 23.421 44.757 23.421 23.421 23.421 41.65 23.421 23.421 23.421 23.421 53.578 36.067 23.421 23.421 23.421 23.421 23.421 23.421 31.233 23.421 23.421 57.575 23.421 23.421 23.421 23.421 23.421 27.046 23.421 23.421 25.169 23.421 23.421 23.421 23.421 23.421 23.421 23.421 24.279 71.447 59.684 23.421 23.421 23.421 23.421 23.421 23.421 23.421 23.421 23.421 23.421 290.644 1182.322 1225.634 234.213 23.421 23.421 23.421 23.421 23.421 23.421 23.421 23.421 23.421 23.421 23.421 23.421 23.421 23.421 23.421 23.421 23.421 23.421 23.421 23.421 23.421 23.421 23.421 23.421 23.421 23.421 23.421 23.421 23.421 23.421 23.421 23.421 23.421 23.421 114.054 23.421 23.421 23.421 23.421 23.421 23.421 23.421 23.421 23.421 23.421 23.421 23.421 23.421 23.421 23.421 23.421 23.421 23.421 23.421
#CUP_C#
  25.169 23.421 23.421 23.421 59.684 23.421 23.421 36.067 114.054 53.578 23.421 48.096 23.421 23.421 23.421 23.421 23.421 23.421 23.421 23.421 23.421 23.421 36.067 23.421 36.067 23.421 23.421 23.421 23.421 23.421 23.421 55.541 48.096 27.046 23.421 23.421 23.421 23.421 27.046 23.421 23.421 23.421 23.421 23.421 23.421 28.037 23.421 23.421 23.421 55.541 48.096 23.421 57.575 23.421 23.421 23.421 23.421 64.137 23.421 33.563 23.421 23.421 26.091 23.421 23.421 23.421 24.279 36.067 23.421 23.421 74.065 480.962 1365.324 987.667 188.739 37.388 23.421 23.421 23.421 23.421 23.421 30.129 23.421 23.421 23.421 23.421 23.421 32.377 23.421 23.421 88.662 127.053 53.578 51.685 41.65 23.421 23.421 23.421 43.175 23.421 23.421 23.421 40.178 23.421 23.421 49.858 57.575 23.421 23.421 23.421 23.421 36.067 98.767 61.871 23.421 37.388 23.421 23.421 46.397 23.421 102.385 23.421 41.65 122.563 40.178 79.59 23.421 64.137
#CUP_D#
  23.421 23.421 23.421 28.037 23.421 23.421 23.421 217.952 23.421 23.421 23.421 23.421 23.421 23.421 23.421 37.388 31.233 23.421 23.421 23.421 23.421 23.421 23.421 23.421 23.421 23.421 23.421 23.421 23.421 28.037 23.421 23.421 23.421 33.563 23.421 23.421 23.421 37.388 23.421 23.421 24.279 23.421 28.037 46.397 23.421 23.421 23.421 23.421 23.421 23.421 23.421 68.922 23.421 30.129 23.421 23.421 49.858 23.421 23.421 25.169 36.067 23.421 23.421 23.421 23.421 31.233 23.421 23.421 23.421 27.046 30.129 23.421 23.421 23.421 23.421 23.421 23.421 23.421 32.377 23.421 23.421 23.421 36.067 23.421 23.421 23.421 23.421 23.421 23.421 23.421 32.377 23.421 34.792 23.421 23.421 23.421 23.421 23.421 23.421 55.541 23.421 23.421 23.421 46.397 23.421 43.175 49.858 34.792 23.421 23.421 25.169 23.421 23.421 23.421 23.421 46.397 23.421 23.421 23.421 23.421 23.421 23.421 23.421 23.421 37.388 23.421 23.421 30.129
##L_LONG########1989 233 21 42 03.514 status LL
#      #
#      #
#CUP_A#
  8.366 3.055 6.988 3.055 3.055 3.055 3.055 3.055 966.06 2209.933 9.319 650.323 505.538 1001.45 1115.589 1335.455
#CUP_B#
  3.055 60.517 3.055 13.355 3.055 3.167 3.055 3.055 1001.45 698.842 3.055 3.055 3.055 3.055 3.055 3.055
#CUP_C#
  37.91 3.055 3.055 3.055 36.57 35.278 3.055 24.618 627.342 2551.991 83.657 543.255 284.285 246.181 305.495 305.495
#CUP_D#
  3.055 3.055 3.055 3.055 8.07 13.844 9.661 21.318 37.91 69.884 42.231 75.098 3.657 3.055 3.055 3.055
##L_SHORT#######1989 233 21 42 23.914 status LS
#      #
#      #
#CUP_A#
  305.236 103.726 562.68 103.726 453.431 103.726 750.346 103.726 1241.685 2288.951 103.726 931.132 103.726 542.796 835.866 777.833
#CUP_B#
  177.935 103.726 133.432 103.726 103.726 352.482 103.726 103.726 835.866 649.773 103.726 103.726 103.726 103.726 103.726 103.726
#CUP_C#
  103.726 103.726 103.726 103.726 103.726 103.726 103.726 103.726 723.83 2840.446 103.726 453.431 205.476 228.895 103.726 294.45
#CUP_D#
  103.726 103.726 103.726 220.806 103.726 103.726 103.726 103.726 128.717 103.726 124.169 103.726 245.972 103.726 143.388 103.726
##L_LONG########1989 233 21 42 36.155 status LL
#      #
#      #
#CUP_A#
  133.545 72.444 178.086 52.406 3.055 67.415 4.704 133.545 1001.45 2131.838 3.055 505.538 543.255 1001.45 1156.456 1335.455
#CUP_B#
  75.098 3.055 3.055 5.838 3.055 3.055 3.055 3.055 1384.376 605.172 3.055 3.055 3.055 3.055 3.055 3.055
#CUP_C#
  22.909 17.809 45.382 3.055 3.055 3.055 86.722 75.098 674.146 2551.991 115.646 543.255 165.722 198.383 305.495 305.495
#CUP_D#
  40.738 107.617 3.055 17.809 35.278 29.47 3.055 3.055 3.055 3.055 3.055 18.461 67.415 3.055 3.055 3.055
##ELECTR_SHORT##1989 233 21 42 54.995 status ES
# E1: 1989 233 21 42 30.875;   E2: 1989 233 21 43 18.875   #
#      #
  103.726 103.726 103.726 103.726 103.726 103.726 103.726 184.453 103.726 103.726 103.726 103.726 103.726 103.726 103.726 103.726 205.476 124.169 284.045 103.726 421.95 103.726 103.726 103.726 305.236 103.726 352.482 103.726
##L_SHORT#######1989 233 21 43 11.915 status LS
#      #
#      #
#CUP_A#
  103.726 103.726 103.726 103.726 103.726 103.726 103.726 119.781 542.796 2459.725 103.726 673.576 103.726 159.73 673.576 1075.255
#CUP_B#
  103.726 103.726 148.64 103.726 254.983 103.726 148.64 103.726 1155.477 437.408 103.726 103.726 103.726 103.726 103.726 103.726
#CUP_C#
  103.726 103.726 103.726 103.726 103.726 103.726 103.726 103.726 505.111 2643.239 133.432 453.431 245.972 148.64 237.28 365.394
#CUP_D#
  103.726 103.726 103.726 177.935 103.726 316.418 103.726 103.726 103.726 103.726 205.476 103.726 119.781 184.453 103.726 103.726
##ELECTR_LONG###1989 233 21 43 17.915 status EL
# E1: 1989 233 21 43 41.435;   E2: 1989 233 21 42 53.434   #
#      #
  3.055 3.055 3.055 4.538 52.406 3.055 56.316 37.91 3.055 75.098 19.838 3.055 39.299 40.738 50.554 32.829 3.055 3.055 3.055 3.055 36.57 111.559 50.554 138.438 100.145 75.098 750.981 724.443
##L_LONG########1989 233 21 43 24.155 status LL
#      #
#      #
#CUP_A#
  284.285 3.055 191.372 54.326 77.849 12.883 3.055 83.657 966.06 2374.811 93.192 650.323 505.538 1001.45 1001.45 1242.737
#CUP_B#
  86.722 3.055 5.433 124.274 3.055 3.055 3.055 3.055 1384.376 698.842 3.055 3.055 3.055 3.055 3.055 3.055
#CUP_C#
  34.031 3.055 37.91 3.055 25.52 3.055 52.406 72.444 605.172 2742.39 69.884 470.44 284.285 246.181 305.495 305.495
#CUP_D#
  86.722 191.372 103.814 65.032 69.884 3.055 3.055 3.055 3.055 3.055 6.273 100.145 119.882 119.882 43.778 3.055
##L_SHORT#######1989 233 21 43 59.915 status LS
#      #
#      #
#CUP_A#
  103.726 103.726 103.726 103.726 103.726 165.581 103.726 505.111 698.251 2643.239 103.726 777.833 103.726 421.95 470.042 1075.255
#CUP_B#
  115.548 103.726 103.726 103.726 103.726 103.726 103.726 103.726 1486.403 365.394 103.726 103.726 103.726 103.726 103.726 103.726
#CUP_C#
  103.726 103.726 103.726 103.726 103.726 103.726 103.726 103.726 583.293 2944.5 220.806 723.83 184.453 191.21 184.453 254.983
#CUP_D#
  103.726 115.548 103.726 103.726 103.726 119.781 103.726 103.726 103.726 103.726 103.726 103.726 133.432 124.169 103.726 103.726
##L_LONG########1989 233 21 44 12.155 status LL
#      #
#      #
#CUP_A#
  37.91 86.722 3.055 119.882 3.055 13.355 3.055 3.055 1038.136 2290.889 56.316 698.842 284.285 1038.136 1115.589 1384.376
#CUP_B#
  21.318 7.244 77.849 3.055 37.91 17.179 3.055 3.055 1384.376 583.787 3.055 3.055 3.055 3.055 3.055 3.055
#CUP_C#
  3.055 11.988 3.055 32.829 3.055 40.738 3.055 3.055 627.342 2645.478 86.722 563.157 264.548 205.65 274.239 305.495
#CUP_D#
  45.382 128.826 50.554 65.032 24.618 40.738 30.549 3.055 3.055 5.433 3.055 20.565 43.778 3.055 3.055 3.055
##ELECTR_SHORT##1989 233 21 44 30.995 status ES
# E1: 1989 233 21 44 06.875;   E2: 1989 233 21 44 54.875   #
#      #
  103.726 103.726 103.726 103.726 103.726 103.726 103.726 103.726 103.726 103.726 213.003 103.726 103.726 103.726 103.726 103.726 154.085 103.726 103.726 103.726 103.726 103.726 103.726 124.169 191.21 505.111 143.388 1037.257
##L_SHORT#######1989 233 21 44 47.915 status LS
#      #
#      #
#CUP_A#
  103.726 103.726 103.726 103.726 103.726 103.726 103.726 213.003 723.83 2288.951 103.726 750.346 103.726 264.324 750.346 931.132
#CUP_B#
  103.726 103.726 148.64 103.726 378.779 103.726 294.45 103.726 1334.325 407.039 103.726 103.726 103.726 103.726 103.726 103.726
#CUP_C#
  103.726 103.726 103.726 103.726 103.726 103.726 103.726 103.726 698.251 2459.725 154.085 421.95 103.726 171.647 103.726 340.025
#CUP_D#
  103.726 103.726 103.726 392.655 103.726 205.476 103.726 103.726 159.73 103.726 198.215 103.726 154.085 220.806 103.726 103.726
##ELECTR_LONG###1989 233 21 44 53.915 status EL
# E1: 1989 233 21 45 17.434;   E2: 1989 233 21 44 29.435   #
#      #
  3.055 3.055 3.055 42.231 27.424 15.987 10.381 47.044 36.57 3.055 14.351 37.91 60.517 14.877 43.778 42.231 30.549 3.055 17.179 15.422 56.316 43.778 65.032 75.098 93.192 138.438 807.01 750.981
##L_LONG########1989 233 21 45 00.154 status LL
#      #
#      #
#CUP_A#
  205.65 3.055 11.156 103.814 35.278 93.192 3.055 3.055 1115.589 2374.811 43.778 674.146 487.673 1001.45 1156.456 1335.455
#CUP_B#
  42.231 3.055 83.657 3.055 47.044 3.055 3.055 3.055 1542.159 674.146 3.055 3.055 3.055 3.055 3.055 3.055
#CUP_C#
  96.606 3.055 26.455 83.657 3.528 56.316 3.055 43.778 724.443 2645.478 111.559 543.255 246.181 229.089 220.993 305.495
#CUP_D#
  3.055 32.829 3.055 37.91 50.554 93.192 9.319 75.098 15.422 26.455 31.669 3.055 3.055 3.055 3.055 3.055
##L_SHORT#######1989 233 21 45 35.915 status LS
#      #
#      #
#CUP_A#
  103.726 103.726 103.726 103.726 103.726 103.726 103.726 274.007 542.796 2288.951 103.726 505.111 103.726 487.261 470.042 1037.257
#CUP_B#
  103.726 103.726 119.781 103.726 103.726 103.726 103.726 103.726 1334.325 148.64 103.726 103.726 103.726 103.726 103.726 103.726
#CUP_C#
  103.726 103.726 103.726 103.726 103.726 103.726 103.726 115.548 604.66 2740.069 103.726 604.66 148.64 154.085 103.726 213.003
#CUP_D#
  103.726 103.726 103.726 103.726 103.726 103.726 103.726 103.726 103.726 103.726 103.726 103.726 103.726 154.085 103.726 103.726
##L_LONG########1989 233 21 45 48.155 status LL
#      #
#      #
#CUP_A#
  67.415 77.849 45.382 111.559 3.055 6.741 3.055 32.829 1001.45 2461.808 111.559 650.323 274.239 966.06 1115.589 1384.376
#CUP_B#
  3.055 3.055 83.657 3.055 26.455 15.422 3.055 3.055 1242.737 627.342 3.055 3.055 3.055 3.055 3.055 3.055
#CUP_C#
  3.055 3.055 6.988 45.382 3.055 23.748 20.565 29.47 543.255 2742.39 83.657 524.058 264.548 246.181 264.548 305.495
#CUP_D#
  3.055 19.838 3.055 3.055 6.988 3.055 11.565 3.055 40.738 45.382 42.231 75.098 3.055 3.055 3.055 3.055
##ELECTR_SHORT##1989 233 21 46 06.995 status ES
# E1: 1989 233 21 45 42.875;   E2: 1989 233 21 46 30.875   #
#      #
  103.726 103.726 103.726 103.726 103.726 103.726 103.726 103.726 103.726 103.726 103.726 103.726 103.726 103.726 107.525 103.726 103.726 103.726 103.726 103.726 103.726 103.726 103.726 103.726 103.726 103.726 103.726 159.73
##L_SHORT#######1989 233 21 46 23.914 status LS
#      #
#      #
#CUP_A#
  103.726 103.726 103.726 103.726 103.726 159.73 103.726 245.972 562.68 2208.063 103.726 777.833 103.726 228.895 542.796 1197.806
#CUP_B#
  103.726 103.726 198.215 103.726 305.236 103.726 254.983 103.726 1334.325 103.726 103.726 103.726 103.726 103.726 103.726 103.726
#CUP_C#
  103.726 103.726 103.726 103.726 103.726 103.726 103.726 103.726 487.261 2459.725 143.388 542.796 213.003 228.895 128.717 274.007
#CUP_D#
  165.581 103.726 103.726 274.007 103.726 103.726 103.726 103.726 198.215 103.726 177.935 103.726 191.21 184.453 103.726 103.726
##ELECTR_LONG###1989 233 21 46 29.914 status EL
# E1: 1989 233 21 46 53.434;   E2: 1989 233 21 46 05.434   #
#      #
  3.055 3.055 11.156 31.669 10.381 40.738 30.549 18.461 36.57 3.055 45.382 3.055 37.91 45.382 35.278 18.461 28.429 3.055 23.748 3.055 69.884 89.899 42.231 115.646 69.884 111.559 836.574 750.981
##L_LONG########1989 233 21 46 36.155 status LL
#      #
#      #
#CUP_A#
  213.184 3.055 143.509 3.055 124.274 11.156 29.47 10.381 1156.456 1780.857 3.055 605.172 505.538 966.06 1076.166 1288.262
#CUP_B#
  69.884 3.055 237.481 3.791 58.379 3.055 3.055 3.055 1717.925 3.055 3.055 3.055 3.055 3.055 3.055 3.055
#CUP_C#
  43.778 3.055 3.055 8.366 10.381 3.055 28.429 3.055 698.842 2209.933 100.145 505.538 237.481 237.481 305.495 305.495
#CUP_D#
  3.055 3.055 3.055 19.137 8.366 3.055 3.055 28.429 36.57 3.055 14.877 43.778 4.877 3.055 3.055 3.055
##L_SHORT#######1989 233 21 47 11.915 status LS
#      #
#      #
#CUP_A#
  103.726 107.525 103.726 103.726 103.726 159.73 103.726 228.895 965.243 1982.15 107.525 470.042 205.476 148.64 806.328 931.132
#CUP_B#
  228.895 103.726 103.726 103.726 111.464 103.726 119.781 103.726 1597.3 103.726 103.726 103.726 103.726 103.726 103.726 103.726
#CUP_C#
  103.726 103.726 103.726 103.726 103.726 103.726 103.726 103.726 723.83 2549.832 177.935 583.293 128.717 171.647 305.236 220.806
#CUP_D#
  148.64 103.726 103.726 103.726 103.726 103.726 103.726 103.726 103.726 111.464 103.726 103.726 154.085 154.085 103.726 103.726
##L_LONG########1989 233 21 47 24.155 status LL
#      #
#      #
#CUP_A#
  115.646 3.055 103.814 14.877 62.734 3.055 3.055 96.606 1076.166 2056.502 3.055 650.323 487.673 931.921 1076.166 1384.376
#CUP_B#
  48.767 22.099 37.91 3.055 80.701 29.47 3.055 3.055 1435.09 422.308 3.055 3.055 3.055 3.055 3.055 3.055
#CUP_C#
  3.055 10.381 3.93 13.844 3.055 3.055 26.455 39.299 605.172 2290.889 83.657 524.058 246.181 213.184 305.495 305.495
#CUP_D#
  3.055 3.055 13.355 35.278 3.055 3.055 3.055 17.179 31.669 3.055 3.055 24.618 39.299 3.055 3.055 3.055
##ELECTR_SHORT##1989 233 21 47 42.995 status ES
# E1: 1989 233 21 47 18.875;   E2: 1989 233 21 48 06.875   #
#      #
  103.726 103.726 103.726 103.726 103.726 103.726 103.726 103.726 103.726 103.726 103.726 103.726 103.726 103.726 103.726 103.726 103.726 103.726 103.726 103.726 103.726 103.726 103.726 103.726 103.726 103.726 103.726 103.726
##L_SHORT#######1989 233 21 47 59.915 status LS
#      #
#      #
#CUP_A#
  103.726 103.726 328.01 103.726 365.394 103.726 316.418 103.726 1114.645 1912.104 103.726 437.408 220.806 103.726 1155.477 698.251
#CUP_B#
  103.726 103.726 107.525 103.726 171.647 103.726 103.726 103.726 1155.477 604.66 103.726 103.726 103.726 103.726 103.726 103.726
#CUP_C#
  115.548 103.726 111.464 103.726 103.726 103.726 103.726 103.726 562.68 2459.725 124.169 487.261 177.935 133.432 115.548 365.394
#CUP_D#
  107.525 115.548 103.726 352.482 103.726 124.169 103.726 103.726 165.581 103.726 143.388 103.726 103.726 245.972 103.726 103.726
##ELECTR_LONG###1989 233 21 48 05.915 status EL
# E1: 1989 233 21 48 29.435;   E2: 1989 233 21 47 41.435   #
#      #
  3.055 3.055 29.47 48.767 3.055 3.055 32.829 9.319 18.461 3.055 35.278 67.415 13.355 27.424 11.988 3.055 7.244 69.884 7.51 3.055 24.618 60.517 124.274 100.145 80.701 96.606 807.01 750.981
##L_LONG########1989 233 21 48 12.155 status LL
#      #
#      #
#CUP_A#
  119.882 305.495 26.455 72.444 89.899 148.766 93.192 31.669 807.01 2374.811 284.285 650.323 470.44 1115.589 1076.166 264.548
#CUP_B#
  3.055 3.055 80.701 100.145 3.055 32.829 3.055 22.909 898.988 1038.136 3.055 3.055 3.055 3.055 3.055 3.055
#CUP_C#
  3.055 3.055 54.326 3.055 56.316 24.618 32.829 3.055 470.44 2645.478 103.814 563.157 274.239 294.699 305.495 305.495
#CUP_D#
  3.93 3.055 3.403 4.704 42.231 3.055 3.055 3.055 37.91 10.381 3.055 3.055 13.355 15.422 3.055 3.055
##L_SHORT#######1989 233 21 48 47.915 status LS
#      #
#      #
#CUP_A#
  103.726 254.983 103.726 328.01 103.726 316.418 103.726 437.408 245.972 2740.069 103.726 487.261 124.169 119.781 604.66 1155.477
#CUP_B#
  198.215 103.726 154.085 103.726 138.32 103.726 103.726 103.726 898.228 866.486 103.726 103.726 103.726 103.726 103.726 103.726
#CUP_C#
  103.726 103.726 103.726 103.726 138.32 103.726 103.726 111.464 378.779 2840.446 191.21 542.796 213.003 254.983 103.726 284.045
#CUP_D#
  103.726 103.726 103.726 103.726 103.726 103.726 103.726 103.726 103.726 124.169 103.726 103.726 115.548 103.726 103.726 103.726
##L_LONG########1989 233 21 49 00.154 status LL
#      #
#      #
#CUP_A#
  3.055 3.055 83.657 3.055 40.738 22.099 3.055 15.422 627.342 2645.478 60.517 724.443 274.239 966.06 1198.82 1384.376
#CUP_B#
  86.722 62.734 80.701 3.055 3.055 36.57 20.565 3.055 807.01 1198.82 3.055 3.055 3.055 3.055 3.055 3.055
#CUP_C#
  3.055 40.738 34.031 3.055 29.47 14.351 47.044 6.503 392.988 2842.851 115.646 543.255 229.089 237.481 305.495 305.495
#CUP_D#
  3.055 3.055 3.528 23.748 6.741 3.055 3.055 6.741 23.748 3.055 3.055 3.055 20.565 21.318 3.055 3.055
##ELECTR_SHORT##1989 233 21 49 18.995 status ES
# E1: 1989 233 21 48 54.875;   E2: 1989 233 21 49 42.874   #
#      #
  103.726 103.726 103.726 103.726 133.432 103.726 103.726 103.726 103.726 103.726 138.32 103.726 138.32 184.453 103.726 103.726 103.726 103.726 103.726 103.726 103.726 103.726 103.726 103.726 103.726 103.726 103.726 103.726
##L_SHORT#######1989 233 21 49 35.914 status LS
#      #
#      #
#CUP_A#
  184.453 103.726 294.45 103.726 107.525 103.726 103.726 184.453 237.28 2944.5 103.726 898.228 103.726 107.525 806.328 965.243
#CUP_B#
  103.726 103.726 191.21 103.726 264.324 103.726 103.726 103.726 649.773 965.243 103.726 103.726 103.726 103.726 103.726 103.726
#CUP_C#
  103.726 103.726 111.464 103.726 103.726 103.726 103.726 103.726 365.394 2840.446 115.548 583.293 103.726 237.28 103.726 328.01
#CUP_D#
  103.726 103.726 103.726 228.895 103.726 103.726 103.726 103.726 340.025 103.726 103.726 103.726 205.476 177.935 103.726 103.726
##ELECTR_LONG###1989 233 21 49 41.914 status EL
# E1: 1989 233 21 50 05.433;   E2: 1989 233 21 49 17.434   #
#      #
  3.055 3.055 3.055 19.137 3.055 3.055 42.231 8.07 32.829 11.156 3.055 35.278 3.055 80.701 50.554 3.055 3.055 3.055 3.055 19.838 75.098 39.299 119.882 50.554 47.044 86.722 778.492 724.443
##L_LONG########1989 233 21 49 48.154 status LL
#      #
#      #
#CUP_A#
  58.379 133.545 83.657 28.429 3.055 3.055 14.877 3.055 867.22 2290.889 107.617 583.787 213.184 966.06 1038.136 1335.455
#CUP_B#
  54.326 34.031 3.055 47.044 3.055 14.877 30.549 3.055 966.06 836.574 3.055 3.055 3.055 3.055 3.055 3.055
#CUP_C#
  3.055 3.055 60.517 3.055 3.055 3.403 3.055 12.883 379.1 2742.39 77.849 524.058 165.722 178.086 305.495 305.495
#CUP_D#
  3.055 3.055 14.351 14.351 52.406 3.055 3.055 3.055 5.838 3.055 3.055 3.055 31.669 45.382 3.055 3.055
##L_SHORT#######1989 233 21 50 23.914 status LS
#      #
#      #
#CUP_A#
  103.726 103.726 103.726 103.726 340.025 103.726 421.95 103.726 365.394 2549.832 328.01 103.726 328.01 103.726 931.132 542.796
#CUP_B#
  159.73 103.726 103.726 133.432 103.726 103.726 103.726 103.726 931.132 866.486 103.726 103.726 103.726 103.726 103.726 103.726
#CUP_C#
  103.726 103.726 103.726 103.726 294.45 103.726 254.983 124.169 407.039 2944.5 228.895 542.796 213.003 237.28 159.73 103.726
#CUP_D#
  103.726 184.453 103.726 103.726 103.726 103.726 103.726 103.726 103.726 103.726 103.726 103.726 103.726 184.453 103.726 103.726
##L_LONG########1989 233 21 50 36.154 status LL
#      #
#      #
#CUP_A#
  284.285 83.657 80.701 3.055 220.993 72.444 96.606 3.055 563.157 2842.851 96.606 778.492 255.199 1001.45 1156.456 1435.09
#CUP_B#
  60.517 27.424 58.379 3.055 6.052 3.055 3.055 3.055 750.981 1288.262 3.055 3.055 3.055 3.055 3.055 3.055
#CUP_C#
  3.055 22.909 3.055 3.055 3.055 27.424 56.316 7.244 407.384 2946.993 100.145 583.787 229.089 237.481 255.199 305.495
#CUP_D#
  27.424 11.565 3.055 3.055 3.055 22.909 3.055 8.672 3.055 3.055 56.316 24.618 42.231 3.055 3.055 3.055
##ELECTR_SHORT##1989 233 21 50 54.994 status ES
# E1: 1989 233 21 50 30.874;   E2: 1989 233 21 51 18.874   #
#      #
  103.726 103.726 107.525 103.726 103.726 103.726 103.726 103.726 103.726 103.726 103.726 103.726 103.726 103.726 103.726 103.726 154.085 103.726 154.085 184.453 237.28 115.548 103.726 103.726 103.726 103.726 103.726 103.726
##L_SHORT#######1989 233 21 51 11.914 status LS
#      #
#      #
#CUP_A#
  103.726 103.726 470.042 103.726 340.025 103.726 103.726 103.726 750.346 2208.063 103.726 505.111 103.726 103.726 1197.806 604.66
#CUP_B#
  103.726 103.726 103.726 103.726 159.73 103.726 103.726 103.726 177.935 1197.806 103.726 103.726 103.726 103.726 103.726 103.726
#CUP_C#
  103.726 103.726 103.726 103.726 103.726 103.726 128.717 103.726 487.261 2643.239 191.21 437.408 148.64 191.21 171.647 205.476
#CUP_D#
  103.726 103.726 103.726 254.983 103.726 103.726 103.726 103.726 245.972 103.726 103.726 103.726 103.726 274.007 103.726 103.726
##ELECTR_LONG###1989 233 21 51 17.914 status EL
# E1: 1989 233 21 51 41.434;   E2: 1989 233 21 50 53.434   #
#      #
  10.014 3.055 3.055 3.055 14.351 21.318 37.91 30.549 43.778 3.055 45.382 22.099 3.055 36.57 3.055 48.767 29.47 3.055 14.351 54.326 42.231 47.044 115.646 3.055 115.646 86.722 867.22 750.981
##L_LONG########1989 233 21 51 24.154 status LL
#      #
#      #
#CUP_A#
  274.239 178.086 3.055 86.722 184.61 143.509 69.884 3.055 966.06 2290.889 294.699 605.172 237.481 1038.136 1115.589 1335.455
#CUP_B#
  3.055 96.606 60.517 52.406 3.055 3.055 3.055 3.055 1288.262 470.44 3.055 3.055 3.055 3.055 3.055 3.055
#CUP_C#
  6.503 3.055 43.778 28.429 3.055 43.778 3.055 3.055 453.815 2645.478 138.438 583.787 237.481 213.184 294.699 305.495
#CUP_D#
  47.044 28.429 54.326 23.748 80.701 3.055 3.055 3.055 3.055 3.055 3.055 28.429 3.055 39.299 3.055 3.055
##M_LONG########1989 233 21 51 58.714 status ML
#      #
#      #
#CUP_A#
  23.421 23.421 23.421 136.532 49.858 23.421 23.421 202.82 23.421 182.069 23.421 23.421 23.421 23.421 23.421 66.487 51.685 23.421 23.421 23.421 23.421 23.421 34.792 37.388 23.421 23.421 23.421 23.421 23.421 23.421 34.792 23.421 23.421 23.421 23.421 23.421 31.233 31.233 23.421 23.421 23.421 23.421 23.421 30.129 23.421 32.377 23.421 23.421 23.421 23.421 23.421 23.421 23.421 23.421 23.421 23.421 23.421 53.578 23.421 23.421 23.421 66.487 23.421 23.421 23.421 23.421 23.421 23.421 23.421 23.421 146.719 689.224 1520.935 919.096 136.532 23.421 23.421 23.421 23.421 23.421 23.421 23.421 23.421 23.421 23.421 23.421 23.421 23.421 23.421 30.129 169.428 114.054 23.421 23.421 23.421 53.578 41.65 48.096 79.59 27.046 23.421 23.421 23.421 23.421 37.388 23.421 64.137 23.421 23.421 23.421 175.635 175.635 195.653 136.532 122.563 182.069 71.447 122.563 152.093 182.069 91.91 43.175 175.635 387.579 131.708 23.421 163.441 182.069
#CUP_B#
  23.421 66.487 43.175 23.421 55.541 23.421 23.421 202.82 48.096 23.421 23.421 23.421 23.421 23.421 23.421 23.421 23.421 23.421 23.421 23.421 23.421 23.421 23.421 23.421 23.421 23.421 23.421 29.064 23.421 23.421 23.421 23.421 23.421 51.685 23.421 23.421 23.421 23.421 23.421 23.421 66.487 23.421 43.175 23.421 23.421 23.421 23.421 23.421 23.421 23.421 23.421 23.421 23.421 23.421 23.421 23.421 23.421 23.421 118.232 23.421 23.421 23.421 23.421 23.421 23.421 23.421 23.421 23.421 23.421 23.421 260.907 1182.322 1225.634 260.907 23.421 23.421 23.421 23.421 23.421 23.421 23.421 23.421 23.421 23.421 23.421 23.421 23.421 23.421 23.421 23.421 23.421 23.421 23.421 23.421 23.421 23.421 23.421 23.421 23.421 23.421 23.421 23.421 23.421 23.421 23.421 23.421 23.421 23.421 23.421 23.421 23.421 23.421 23.421 23.421 23.421 23.421 23.421 23.421 23.421 23.421 23.421 23.421 23.421 23.421 23.421 23.421 23.421 23.421
#CUP_C#
  23.421 24.279 23.421 32.377 57.575 23.421 23.421 33.563 23.421 61.871 23.421 27.046 23.421 23.421 23.421 23.421 37.388 37.388 23.421 29.064 23.421 23.421 23.421 23.421 23.421 23.421 23.421 23.421 23.421 23.421 40.178 30.129 23.421 23.421 23.421 23.421 23.421 23.421 23.421 23.421 55.541 23.421 23.421 23.421 23.421 23.421 23.421 32.377 53.578 23.421 23.421 23.421 40.178 23.421 38.758 33.563 23.421 23.421 23.421 91.91 23.421 74.065 23.421 32.377 23.421 23.421 53.578 23.421 23.421 26.091 48.096 401.778 1415.34 1270.532 260.907 23.421 55.541 23.421 23.421 23.421 23.421 23.421 23.421 34.792 23.421 57.575 23.421 53.578 23.421 23.421 64.137 157.665 91.91 23.421 23.421 23.421 36.067 43.175 48.096 23.421 23.421 23.421 85.528 23.421 23.421 23.421 23.421 122.563 23.421 23.421 23.421 23.421 23.421 23.421 24.279 23.421 26.091 23.421 43.175 23.421 27.046 23.421 79.59 91.91 37.388 76.778 23.421 23.421
#CUP_D#
  23.421 23.421 23.421 23.421 23.421 23.421 23.421 127.053 33.563 41.65 30.129 23.421 23.421 23.421 23.421 28.037 23.421 23.421 23.421 23.421 44.757 23.421 23.421 23.421 23.421 23.421 23.421 23.421 23.421 44.757 23.421 23.421 23.421 23.421 23.421 37.388 23.421 23.421 23.421 23.421 23.421 23.421 64.137 31.233 23.421 37.388 23.421 51.685 23.421 30.129 23.421 23.421 23.421 23.421 23.421 23.421 23.421 217.952 23.421 23.421 23.421 23.421 23.421 23.421 23.421 44.757 37.388 23.421 23.421 23.421 24.279 23.421 23.421 23.421 23.421 23.421 23.421 23.421 36.067 74.065 23.421 23.421 23.421 23.421 23.421 23.421 23.421 23.421 23.421 23.421 76.778 23.421 44.757 30.129 36.067 33.563 23.421 23.421 23.421 34.792 23.421 23.421 40.178 23.421 29.064 46.397 26.091 23.421 23.421 40.178 31.233 23.421 23.421 23.421 23.421 30.129 23.421 23.421 23.421 23.421 36.067 23.421 23.421 23.421 23.421 23.421 23.421 23.421
##L_LONG########1989 233 21 54 03.513 status LL
#      #
#      #
#CUP_A#
  3.055 26.455 10.762 3.055 3.055 3.055 3.055 3.055 487.673 2742.39 28.429 627.342 437.778 1038.136 1076.166 1335.455
#CUP_B#
  3.055 80.701 3.055 3.055 3.055 3.055 3.055 3.055 583.787 1242.737 3.055 3.055 3.055 3.055 3.055 3.055
#CUP_C#
  27.424 3.055 42.231 26.455 3.055 3.055 37.91 75.098 328.287 2842.851 96.606 543.255 198.383 205.65 305.495 305.495
#CUP_D#
  7.51 3.055 58.379 14.877 3.055 52.406 39.299 3.055 3.055 3.055 12.883 3.055 32.829 3.055 3.055 3.055
##L_SHORT#######1989 233 21 54 23.914 status LS
#      #
#      #
#CUP_A#
  470.042 103.726 562.68 103.726 421.95 103.726 437.408 103.726 562.68 2840.446 103.726 1075.255 103.726 523.614 806.328 835.866
#CUP_B#
  115.548 103.726 107.525 103.726 103.726 274.007 103.726 133.432 103.726 1155.477 103.726 103.726 103.726 103.726 103.726 103.726
#CUP_C#
  103.726 103.726 103.726 103.726 115.548 103.726 103.726 103.726 340.025 3164.182 103.726 583.293 165.581 294.45 159.73 159.73
#CUP_D#
  103.726 103.726 103.726 103.726 103.726 103.726 138.32 103.726 103.726 133.432 107.525 103.726 103.726 213.003 159.73 154.085
##L_LONG########1989 233 21 54 36.154 status LL
#      #
#      #
#CUP_A#
  3.055 35.278 138.438 80.701 17.179 3.055 3.055 34.031 563.157 2842.851 29.47 605.172 237.481 931.921 1076.166 1384.376
#CUP_B#
  3.055 3.055 5.838 3.055 3.055 40.738 3.055 3.055 543.255 1242.737 3.055 3.055 3.055 3.055 3.055 3.055
#CUP_C#
  3.055 3.055 35.278 67.415 10.014 32.829 6.741 48.767 316.686 2946.993 100.145 524.058 264.548 229.089 284.285 305.495
#CUP_D#
  37.91 34.031 3.055 3.055 9.319 27.424 3.055 3.055 3.055 17.809 20.565 3.055 12.883 23.748 3.055 3.055
##ELECTR_SHORT##1989 233 21 54 54.994 status ES
# E1: 1989 233 21 54 30.874;   E2: 1989 233 21 55 18.874   #
#      #
  103.726 103.726 103.726 103.726 124.169 143.388 103.726 103.726 103.726 103.726 103.726 103.726 103.726 103.726 103.726 103.726 103.726 159.73 138.32 245.972 143.388 133.432 103.726 103.726 103.726 103.726 103.726 103.726
##L_SHORT#######1989 233 21 55 11.914 status LS
#      #
#      #
#CUP_A#
  103.726 103.726 103.726 103.726 103.726 184.453 103.726 143.388 305.236 2740.069 154.085 220.806 542.796 103.726 1155.477 673.576
#CUP_B#
  177.935 103.726 124.169 103.726 184.453 103.726 103.726 103.726 487.261 1197.806 103.726 103.726 103.726 103.726 103.726 103.726
#CUP_C#
  154.085 103.726 103.726 103.726 103.726 143.388 103.726 103.726 191.21 2944.5 198.215 505.111 316.418 220.806 177.935 294.45
#CUP_D#
  103.726 103.726 103.726 177.935 103.726 103.726 103.726 103.726 198.215 103.726 103.726 107.525 103.726 294.45 103.726 103.726
##ELECTR_LONG###1989 233 21 55 17.914 status EL
# E1: 1989 233 21 55 41.434;   E2: 1989 233 21 54 53.434   #
#      #
  3.055 3.055 3.055 16.572 6.988 19.838 3.055 3.055 29.47 40.738 50.554 42.231 60.517 10.014 4.538 3.055 3.055 3.055 3.055 15.422 60.517 89.899 89.899 65.032 96.606 143.509 867.22 724.443
##L_LONG########1989 233 21 55 24.154 status LL
#      #
#      #
#CUP_A#
  124.274 22.909 159.865 154.216 124.274 119.882 12.427 3.055 698.842 2742.39 191.372 563.157 524.058 1076.166 1076.166 284.285
#CUP_B#
  3.055 83.657 72.444 56.316 3.055 60.517 3.055 3.055 807.01 1115.589 3.055 3.055 3.055 3.055 3.055 3.055
#CUP_C#
  3.055 3.055 50.554 3.657 30.549 62.734 3.055 3.055 379.1 2842.851 103.814 505.538 220.993 159.865 274.239 305.495
#CUP_D#
  83.657 24.618 67.415 28.429 138.438 11.988 19.137 16.572 3.055 3.055 3.055 3.055 3.055 3.055 3.055 3.055
##L_SHORT#######1989 233 21 55 59.914 status LS
#      #
#      #
#CUP_A#
  254.983 103.726 103.726 103.726 103.726 274.007 103.726 523.614 103.726 2944.5 103.726 1155.477 103.726 103.726 103.726 835.866
#CUP_B#
  103.726 159.73 103.726 103.726 103.726 103.726 165.581 103.726 583.293 1114.645 103.726 103.726 103.726 103.726 103.726 103.726
#CUP_C#
  103.726 103.726 103.726 103.726 103.726 103.726 103.726 103.726 407.039 2840.446 103.726 523.614 103.726 228.895 103.726 365.394
#CUP_D#
  103.726 103.726 103.726 103.726 103.726 103.726 103.726 103.726 103.726 103.726 103.726 107.525 542.796 626.811 143.388 148.64
##L_LONG########1989 233 21 56 12.154 status LL
#      #
#      #
#CUP_A#
  3.055 62.734 3.055 5.433 3.055 3.055 21.318 3.055 583.787 2645.478 124.274 650.323 284.285 1115.589 1156.456 1288.262
#CUP_B#
  178.086 3.055 96.606 3.055 39.299 3.055 10.014 3.055 627.342 1335.455 3.055 3.055 3.055 3.055 3.055 3.055
#CUP_C#
  3.055 48.767 3.055 11.988 3.055 31.669 6.988 67.415 392.988 2842.851 138.438 543.255 220.993 191.372 274.239 305.495
#CUP_D#
  93.192 77.849 42.231 69.884 52.406 3.055 3.055 3.055 3.055 3.055 3.055 67.415 8.672 20.565 3.055 3.055
##ELECTR_SHORT##1989 233 21 56 30.994 status ES
# E1: 1989 233 21 56 06.874;   E2: 1989 233 21 56 54.874   #
#      #
  103.726 103.726 103.726 103.726 205.476 103.726 103.726 103.726 128.717 103.726 133.432 103.726 103.726 138.32 103.726 103.726 103.726 103.726 103.726 159.73 103.726 191.21 103.726 392.655 103.726 103.726 392.655 1000.602
##L_SHORT#######1989 233 21 56 47.914 status LS
#      #
#      #
#CUP_A#
  177.935 103.726 103.726 103.726 103.726 365.394 103.726 421.95 305.236 2549.832 103.726 407.039 159.73 103.726 1155.477 723.83
#CUP_B#
  284.045 103.726 103.726 103.726 103.726 103.726 103.726 103.726 505.111 1000.602 103.726 103.726 103.726 103.726 103.726 103.726
#CUP_C#
  191.21 103.726 107.525 103.726 103.726 103.726 103.726 133.432 340.025 2740.069 103.726 562.68 228.895 148.64 115.548 328.01
#CUP_D#
  103.726 103.726 103.726 171.647 103.726 103.726 103.726 103.726 143.388 103.726 103.726 107.525 103.726 421.95 103.726 103.726
##ELECTR_LONG###1989 233 21 56 53.914 status EL
# E1: 1989 233 21 57 17.433;   E2: 1989 233 21 56 29.434   #
#      #
  3.055 48.767 3.055 3.055 17.179 30.549 3.055 32.829 3.055 4.378 3.055 3.055 3.055 67.415 3.055 31.669 3.055 3.055 3.055 16.572 3.055 93.192 93.192 119.882 103.814 138.438 836.574 750.981
##L_LONG########1989 233 21 57 00.153 status LL
#      #
#      #
#CUP_A#
  32.829 305.495 86.722 184.61 3.055 171.792 3.055 133.545 698.842 2742.39 22.909 563.157 294.699 898.988 1076.166 1384.376
#CUP_B#
  83.657 16.572 3.055 23.748 3.055 191.372 3.055 3.055 750.981 1242.737 3.055 3.055 3.055 3.055 3.055 3.055
#CUP_C#
  37.91 3.055 89.899 3.055 3.055 3.791 86.722 8.366 437.778 2742.39 111.559 470.44 284.285 205.65 305.495 305.495
#CUP_D#
  184.61 31.669 83.657 10.762 40.738 3.055 32.829 34.031 10.014 30.549 22.099 52.406 10.014 3.055 3.055 3.055
##L_SHORT#######1989 233 21 57 35.914 status LS
#      #
#      #
#CUP_A#
  103.726 191.21 103.726 103.726 177.935 103.726 184.453 103.726 835.866 2288.951 453.431 128.717 421.95 103.726 1000.602 470.042
#CUP_B#
  154.085 103.726 103.726 103.726 103.726 103.726 103.726 103.726 487.261 1075.255 103.726 103.726 103.726 103.726 103.726 103.726
#CUP_C#
  103.726 103.726 103.726 103.726 103.726 103.726 103.726 115.548 340.025 2840.446 143.388 305.236 316.418 138.32 264.324 245.972
#CUP_D#
  103.726 103.726 103.726 103.726 103.726 103.726 103.726 103.726 103.726 103.726 103.726 198.215 103.726 143.388 103.726 103.726
##L_LONG########1989 233 21 57 48.154 status LL
#      #
#      #
#CUP_A#
  107.617 274.239 20.565 48.767 7.244 115.646 80.701 45.382 583.787 2645.478 75.098 674.146 524.058 1001.45 1076.166 1335.455
#CUP_B#
  4.704 3.055 72.444 56.316 3.055 3.055 3.055 3.055 778.492 1242.737 3.055 3.055 3.055 3.055 3.055 3.055
#CUP_C#
  3.055 45.382 29.47 31.669 3.055 50.554 40.738 23.748 379.1 2842.851 62.734 524.058 255.199 246.181 305.495 305.495
#CUP_D#
  3.055 3.055 3.055 3.055 3.055 3.657 86.722 133.545 96.606 96.606 72.444 3.055 3.055 3.055 3.055 3.055
##ELECTR_SHORT##1989 233 21 58 06.994 status ES
# E1: 1989 233 21 57 42.874;   E2: 1989 233 21 58 30.874   #
#      #
  103.726 103.726 103.726 177.935 103.726 103.726 103.726 103.726 103.726 103.726 111.464 103.726 103.726 111.464 103.726 165.581 103.726 103.726 103.726 103.726 103.726 103.726 103.726 103.726 245.972 191.21 378.779 365.394
##L_SHORT#######1989 233 21 58 23.914 status LS
#      #
#      #
#CUP_A#
  523.614 103.726 437.408 103.726 103.726 159.73 103.726 103.726 562.68 2549.832 154.085 305.236 198.215 103.726 1114.645 604.66
#CUP_B#
  103.726 165.581 103.726 184.453 103.726 103.726 103.726 103.726 583.293 1197.806 103.726 103.726 103.726 103.726 103.726 103.726
#CUP_C#
  148.64 103.726 245.972 103.726 103.726 103.726 103.726 103.726 365.394 2840.446 159.73 542.796 228.895 177.935 198.215 328.01
#CUP_D#
  103.726 103.726 103.726 103.726 103.726 103.726 220.806 103.726 228.895 103.726 103.726 103.726 103.726 254.983 103.726 103.726
##ELECTR_LONG###1989 233 21 58 29.914 status EL
# E1: 1989 233 21 58 53.434;   E2: 1989 233 21 58 05.433   #
#      #
  3.055 47.044 3.055 18.461 19.137 3.055 6.988 43.778 3.055 20.565 12.883 3.055 58.379 26.455 12.427 3.055 3.055 77.849 3.055 45.382 3.055 69.884 3.055 52.406 107.617 96.606 807.01 778.492
##L_LONG########1989 233 21 58 36.154 status LL
#      #
#      #
#CUP_A#
  3.055 184.61 3.055 246.181 96.606 205.65 6.988 47.044 274.239 2946.993 3.055 750.981 205.65 966.06 1156.456 1435.09
#CUP_B#
  3.055 54.326 103.814 3.055 3.055 50.554 3.055 3.055 807.01 1198.82 3.055 3.055 3.055 3.055 3.055 3.055
#CUP_C#
  14.351 37.91 3.055 3.055 35.278 26.455 36.57 7.785 437.778 2842.851 124.274 487.673 255.199 229.089 294.699 305.495
#CUP_D#
  77.849 28.429 56.316 50.554 3.055 5.055 3.055 3.055 8.366 12.883 50.554 8.99 86.722 3.055 3.055 3.055
##L_SHORT#######1989 233 21 59 11.914 status LS
#      #
#      #
#CUP_A#
  103.726 103.726 274.007 103.726 352.482 103.726 213.003 103.726 835.866 2288.951 305.236 294.45 115.548 111.464 931.132 470.042
#CUP_B#
  171.647 103.726 103.726 103.726 103.726 103.726 103.726 103.726 583.293 965.243 103.726 103.726 103.726 103.726 103.726 103.726
#CUP_C#
  103.726 103.726 103.726 103.726 103.726 103.726 107.525 103.726 407.039 2840.446 138.32 453.431 254.983 220.806 148.64 111.464
#CUP_D#
  103.726 124.169 103.726 103.726 103.726 103.726 103.726 103.726 103.726 103.726 138.32 103.726 198.215 184.453 103.726 103.726
##L_LONG########1989 233 21 59 24.154 status LL
#      #
#      #
#CUP_A#
  103.814 246.181 6.741 31.669 9.661 133.545 100.145 45.382 583.787 2645.478 77.849 650.323 543.255 1001.45 1076.166 1435.09
#CUP_B#
  3.055 32.829 35.278 75.098 12.883 3.055 3.055 3.055 867.22 1156.456 3.055 3.055 3.055 3.055 3.055 3.055
#CUP_C#
  3.055 29.47 3.055 3.055 3.055 43.778 47.044 3.055 407.384 2842.851 103.814 505.538 246.181 178.086 294.699 305.495
#CUP_D#
  3.055 3.055 18.461 28.429 3.055 3.055 3.055 18.461 35.278 3.055 3.055 18.461 14.877 3.055 3.055 3.055
##ELECTR_SHORT##1989 233 21 59 42.994 status ES
# E1: 1989 233 21 59 18.874;   E2: 1989 233 22 00 06.874   #
#      #
  115.548 103.726 103.726 103.726 103.726 103.726 103.726 103.726 103.726 103.726 191.21 103.726 103.726 254.983 103.726 103.726 103.726 103.726 103.726 103.726 103.726 103.726 103.726 103.726 103.726 103.726 103.726 103.726
##L_SHORT#######1989 233 21 59 59.914 status LS
#      #
#      #
#CUP_A#
  103.726 103.726 103.726 103.726 103.726 365.394 103.726 305.236 562.68 2459.725 407.039 119.781 453.431 103.726 1037.257 777.833
#CUP_B#
  103.726 103.726 103.726 103.726 103.726 103.726 103.726 103.726 750.346 1075.255 103.726 103.726 103.726 103.726 103.726 103.726
#CUP_C#
  171.647 103.726 138.32 103.726 103.726 128.717 103.726 143.388 437.408 2944.5 228.895 378.779 328.01 198.215 159.73 284.045
#CUP_D#
  103.726 143.388 103.726 103.726 103.726 103.726 103.726 103.726 124.169 103.726 103.726 103.726 103.726 365.394 103.726 103.726
##ELECTR_LONG###1989 233 22 00 05.914 status EL
# E1: 1989 233 22 00 29.434;   E2: 1989 233 21 59 41.434   #
#      #
  3.055 20.565 3.055 20.565 19.838 25.52 17.179 3.055 18.461 22.909 31.669 45.382 3.055 3.055 3.528 50.554 26.455 5.632 3.055 67.415 3.055 67.415 93.192 100.145 83.657 115.646 807.01 750.981
##L_LONG########1989 233 22 00 12.154 status LL
#      #
#      #
#CUP_A#
  65.032 264.548 8.366 54.326 3.055 191.372 3.055 138.438 674.146 2551.991 3.055 605.172 505.538 931.921 1156.456 1384.376
#CUP_B#
  3.055 29.47 111.559 3.055 28.429 3.055 3.055 3.055 966.06 1076.166 3.055 3.055 3.055 3.055 3.055 3.055
#CUP_C#
  3.055 72.444 11.988 3.055 3.055 48.767 3.055 27.424 470.44 2842.851 40.738 543.255 220.993 264.548 220.993 305.495
#CUP_D#
  12.883 3.055 6.741 5.241 48.767 3.055 3.055 3.055 36.57 17.179 3.055 3.055 19.137 19.137 3.055 3.055
##L_SHORT#######1989 233 22 00 47.914 status LS
#      #
#      #
#CUP_A#
  103.726 103.726 103.726 103.726 103.726 124.169 103.726 103.726 898.228 2130.034 213.003 245.972 237.28 103.726 965.243 723.83
#CUP_B#
  107.525 103.726 198.215 103.726 148.64 103.726 103.726 103.726 965.243 723.83 103.726 103.726 103.726 103.726 103.726 103.726
#CUP_C#
  143.388 103.726 103.726 103.726 103.726 103.726 103.726 103.726 649.773 2840.446 159.73 562.68 264.324 124.169 111.464 177.935
#CUP_D#
  119.781 115.548 103.726 103.726 103.726 103.726 103.726 103.726 103.726 103.726 103.726 103.726 103.726 115.548 103.726 103.726
##L_LONG########1989 233 22 01 00.153 status LL
#      #
#      #
#CUP_A#
  11.156 3.055 3.055 77.849 54.326 65.032 3.055 42.231 966.06 2461.808 178.086 750.981 284.285 1076.166 1038.136 1335.455
#CUP_B#
  67.415 3.055 143.509 3.055 3.055 48.767 3.055 3.055 1335.455 807.01 3.055 3.055 3.055 3.055 3.055 3.055
#CUP_C#
  7.51 3.055 3.055 28.429 3.055 3.055 30.549 15.422 605.172 2742.39 133.545 524.058 284.285 220.993 284.285 305.495
#CUP_D#
  3.055 3.055 19.137 25.52 3.055 3.055 3.055 21.318 37.91 3.055 3.055 3.791 28.429 5.055 3.055 3.055
##ELECTR_SHORT##1989 233 22 01 18.994 status ES
# E1: 1989 233 22 00 54.874;   E2: 1989 233 22 01 42.874   #
#      #
  103.726 103.726 103.726 103.726 103.726 103.726 103.726 103.726 103.726 103.726 184.453 138.32 103.726 165.581 103.726 103.726 103.726 103.726 103.726 103.726 103.726 103.726 103.726 103.726 103.726 103.726 103.726 103.726
##L_SHORT#######1989 233 22 01 35.914 status LS
#      #
#      #
#CUP_A#
  352.482 103.726 470.042 103.726 184.453 103.726 103.726 103.726 542.796 2288.951 245.972 177.935 220.806 103.726 898.228 698.251
#CUP_B#
  171.647 159.73 103.726 294.45 103.726 103.726 103.726 103.726 750.346 1000.602 103.726 103.726 103.726 103.726 103.726 103.726
#CUP_C#
  103.726 103.726 171.647 103.726 103.726 103.726 103.726 103.726 505.111 2840.446 115.548 421.95 254.983 148.64 103.726 254.983
#CUP_D#
  103.726 103.726 103.726 103.726 103.726 103.726 128.717 103.726 284.045 103.726 103.726 184.453 103.726 264.324 103.726 103.726
##ELECTR_LONG###1989 233 22 01 41.913 status EL
# E1: 1989 233 22 02 05.433;   E2: 1989 233 22 01 17.433   #
#      #
  3.055 3.055 3.055 42.231 3.055 45.382 35.278 3.055 21.318 3.055 15.422 11.156 3.055 40.738 3.055 3.055 3.055 14.351 3.055 43.778 3.055 103.814 67.415 62.734 3.055 124.274 807.01 750.981
##L_LONG########1989 233 22 01 48.154 status LL
#      #
#      #
#CUP_A#
  3.055 264.548 96.606 143.509 3.055 128.826 28.429 220.993 724.443 2374.811 3.055 605.172 505.538 867.22 1115.589 1335.455
#CUP_B#
  3.055 119.882 45.382 3.055 80.701 28.429 3.055 3.055 1115.589 807.01 3.055 3.055 3.055 3.055 3.055 3.055
#CUP_C#
  3.055 3.055 3.055 43.778 3.528 3.055 80.701 27.424 453.815 2645.478 100.145 543.255 213.184 229.089 255.199 305.495
#CUP_D#
  22.909 3.055 6.052 3.055 45.382 3.055 3.055 3.055 32.829 13.355 3.055 3.055 28.429 30.549 3.055 3.055
##L_SHORT#######1989 233 22 02 23.912 status LS
#      #
#      #
#CUP_A#
  294.45 103.726 254.983 103.726 103.726 103.726 103.726 103.726 470.042 2643.239 103.726 723.83 103.726 274.007 604.66 835.866
#CUP_B#
  103.726 103.726 103.726 184.453 103.726 103.726 103.726 103.726 750.346 931.132 103.726 103.726 103.726 103.726 103.726 103.726
#CUP_C#
  103.726 103.726 103.726 103.726 103.726 103.726 103.726 103.726 487.261 3052.365 103.726 604.66 138.32 237.28 103.726 128.717
#CUP_D#
  103.726 103.726 103.726 103.726 103.726 103.726 103.726 103.726 133.432 103.726 103.726 103.726 264.324 148.64 103.726 103.726
##L_LONG########1989 233 22 02 36.153 status LL
#      #
#      #
#CUP_A#
  43.778 39.299 3.055 3.055 3.055 62.734 3.055 35.278 724.443 2374.811 56.316 605.172 437.778 931.921 1038.136 1435.09
#CUP_B#
  138.438 3.055 128.826 36.57 3.055 28.429 3.055 3.055 1115.589 724.443 3.055 3.055 3.055 3.055 3.055 3.055
#CUP_C#
  3.055 4.378 3.055 28.429 6.988 3.055 69.884 3.055 543.255 2645.478 119.882 543.255 205.65 229.089 340.313 305.495
#CUP_D#
  3.055 3.055 31.669 39.299 31.669 3.055 3.055 17.809 22.909 3.055 3.055 3.055 37.91 3.055 3.055 3.055
##ELECTR_SHORT##1989 233 22 02 54.993 status ES
# E1: 1989 233 22 02 30.873;   E2: 1989 233 22 03 18.873   #
#      #
  103.726 103.726 103.726 103.726 103.726 119.781 103.726 103.726 103.726 103.726 103.726 103.726 103.726 103.726 111.464 103.726 237.28 103.726 165.581 103.726 103.726 103.726 220.806 103.726 177.935 103.726 583.293 1000.602
##L_SHORT#######1989 233 22 03 11.913 status LS
#      #
#      #
#CUP_A#
  470.042 103.726 103.726 103.726 103.726 392.655 103.726 305.236 562.68 2549.832 107.525 437.408 103.726 103.726 626.811 898.228
#CUP_B#
  103.726 294.45 103.726 198.215 103.726 103.726 177.935 103.726 1197.806 523.614 103.726 103.726 103.726 103.726 103.726 103.726
#CUP_C#
  159.73 103.726 103.726 103.726 103.726 103.726 103.726 103.726 505.111 2740.069 165.581 392.655 159.73 220.806 128.717 274.007
#CUP_D#
  103.726 148.64 103.726 103.726 220.806 103.726 133.432 103.726 103.726 103.726 103.726 191.21 103.726 328.01 103.726 103.726
##ELECTR_LONG###1989 233 22 03 17.913 status EL
# E1: 1989 233 22 03 41.433;   E2: 1989 233 22 02 53.433   #
#      #
  3.055 17.809 3.055 3.055 17.179 75.098 13.844 29.47 27.424 69.884 16.572 5.838 31.669 3.055 3.055 3.055 67.415 3.055 3.055 3.055 3.055 86.722 119.882 100.145 133.545 159.865 898.988 698.842
##L_LONG########1989 233 22 03 24.153 status LL
#      #
#      #
#CUP_A#
  93.192 165.722 60.517 184.61 3.055 124.274 3.055 133.545 931.921 2374.811 12.883 674.146 246.181 931.921 1115.589 1435.09
#CUP_B#
  3.055 124.274 30.549 3.055 36.57 3.055 3.055 3.055 1115.589 778.492 3.055 3.055 3.055 3.055 3.055 3.055
#CUP_C#
  6.273 3.055 42.231 3.055 11.988 52.406 27.424 31.669 605.172 2551.991 159.865 583.787 246.181 213.184 305.495 305.495
#CUP_D#
  143.509 83.657 50.554 62.734 3.055 15.987 3.055 65.032 13.844 3.055 23.748 32.829 65.032 3.055 3.055 3.055
##M_LONG########1989 233 22 03 58.713 status ML
#      #
#      #
#CUP_A#
  23.421 23.421 106.135 91.91 23.421 23.421 23.421 480.962 23.421 64.137 23.421 23.421 40.178 23.421 23.421 102.385 23.421 23.421 23.421 33.563 49.858 24.279 23.421 23.421 23.421 23.421 23.421 48.096 23.421 23.421 23.421 23.421 23.421 23.421 23.421 82.506 23.421 23.421 23.421 23.421 23.421 71.447 23.421 23.421 23.421 23.421 23.421 23.421 23.421 23.421 23.421 23.421 23.421 23.421 301.291 55.541 23.421 122.563 85.528 64.137 23.421 30.129 23.421 23.421 25.169 29.064 23.421 23.421 23.421 23.421 91.91 825.06 1467.188 618.708 71.447 23.421 44.757 23.421 23.421 23.421 49.858 23.421 23.421 23.421 23.421 23.421 23.421 23.421 23.421 68.922 188.739 110.024 29.064 38.758 59.684 23.421 79.59 23.421 38.758 61.871 23.421 23.421 23.421 23.421 30.129 41.65 26.091 23.421 23.421 23.421 131.708 195.653 175.635 122.563 76.778 188.739 59.684 114.054 175.635 251.687 102.385 127.053 169.428 360.671 136.532 23.421 146.719 195.653
#CUP_B#
  59.684 23.421 23.421 23.421 23.421 23.421 23.421 23.421 555.406 23.421 23.421 49.858 36.067 23.421 23.421 23.421 23.421 33.563 23.421 23.421 30.129 23.421 23.421 23.421 23.421 23.421 23.421 23.421 64.137 23.421 44.757 57.575 23.421 23.421 23.421 24.279 23.421 23.421 23.421 23.421 23.421 23.421 23.421 23.421 23.421 30.129 23.421 23.421 23.421 23.421 23.421 23.421 23.421 23.421 23.421 23.421 23.421 23.421 127.053 23.421 23.421 23.421 23.421 23.421 23.421 23.421 23.421 23.421 23.421 23.421 270.465 1225.634 1061.355 146.719 23.421 23.421 23.421 23.421 23.421 23.421 23.421 23.421 23.421 23.421 23.421 23.421 23.421 23.421 23.421 23.421 23.421 23.421 23.421 23.421 23.421 23.421 23.421 23.421 23.421 23.421 23.421 23.421 23.421 23.421 23.421 23.421 23.421 23.421 23.421 23.421 23.421 23.421 23.421 23.421 23.421 23.421 23.421 23.421 23.421 23.421 23.421 23.421 23.421 23.421 23.421 23.421 23.421 23.421
#CUP_C#
  23.421 23.421 23.421 25.169 23.421 37.388 23.421 23.421 23.421 44.757 23.421 23.421 23.421 23.421 23.421 23.421 23.421 23.421 23.421 31.233 37.388 23.421 23.421 23.421 23.421 23.421 23.421 29.064 23.421 61.871 23.421 23.421 23.421 68.922 23.421 23.421 48.096 23.421 23.421 23.421 23.421 23.421 23.421 23.421 34.792 34.792 23.421 23.421 23.421 23.421 23.421 23.421 23.421 23.421 23.421 23.421 51.685 23.421 23.421 23.421 23.421 23.421 36.067 23.421 38.758 23.421 23.421 23.421 23.421 23.421 79.59 463.965 1365.324 886.616 152.093 25.169 23.421 23.421 23.421 23.421 23.421 23.421 23.421 23.421 23.421 23.421 29.064 23.421 23.421 23.421 195.653 157.665 57.575 23.421 74.065 23.421 29.064 23.421 23.421 23.421 23.421 23.421 23.421 23.421 44.757 26.091 23.421 23.421 23.421 71.447 51.685 66.487 23.421 66.487 82.506 44.757 51.685 31.233 23.421 23.421 88.662 23.421 43.175 66.487 27.046 76.778 23.421 23.421
#CUP_D#
  23.421 23.421 23.421 23.421 23.421 61.871 49.858 23.421 23.421 23.421 28.037 23.421 23.421 23.421 76.778 98.767 98.767 48.096 38.758 23.421 23.421 23.421 23.421 23.421 23.421 23.421 66.487 32.377 91.91 82.506 57.575 23.421 41.65 23.421 23.421 23.421 23.421 23.421 23.421 37.388 23.421 23.421 23.421 26.091 41.65 23.421 44.757 23.421 23.421 23.421 23.421 23.421 23.421 23.421 23.421 27.046 88.662 118.232 23.421 23.421 23.421 23.421 23.421 23.421 23.421 36.067 23.421 23.421 23.421 34.792 24.279 23.421 23.421 23.421 23.421 23.421 23.421 23.421 24.279 23.421 34.792 95.276 88.662 23.421 23.421 34.792 23.421 23.421 23.421 23.421 23.421 23.421 29.064 37.388 53.578 23.421 59.684 57.575 46.397 37.388 23.421 23.421 23.421 23.421 23.421 23.421 23.421 23.421 23.421 23.421 23.421 23.421 23.421 23.421 23.421 32.377 25.169 23.421 23.421 23.421 33.563 23.421 23.421 23.421 23.421 23.421 23.421 23.421
##L_LONG########1989 233 22 06 03.512 status LL
#      #
#      #
#CUP_A#
  3.055 23.748 3.055 3.055 3.055 18.461 3.055 3.055 1001.45 2131.838 3.055 605.172 220.993 1038.136 1038.136 1288.262
#CUP_B#
  3.055 103.814 3.055 3.055 3.055 3.055 3.055 3.055 1115.589 524.058 3.055 3.055 3.055 3.055 3.055 3.055
#CUP_C#
  3.055 3.055 10.762 3.055 3.055 3.055 69.884 12.427 605.172 2374.811 103.814 487.673 237.481 191.372 305.495 294.699
#CUP_D#
  3.055 3.055 65.032 50.554 3.055 3.055 3.055 9.661 3.055 3.055 10.014 22.099 3.055 15.422 3.055 3.055
##L_SHORT#######1989 233 22 06 23.912 status LS
#      #
#      #
#CUP_A#
  437.408 103.726 421.95 103.726 205.476 103.726 340.025 103.726 1287.172 1912.104 103.726 626.811 103.726 365.394 898.228 898.228
#CUP_B#
  103.726 103.726 133.432 378.779 103.726 103.726 103.726 284.045 866.486 220.806 103.726 103.726 103.726 103.726 103.726 103.726
#CUP_C#
  103.726 103.726 103.726 103.726 103.726 103.726 124.169 103.726 487.261 2459.725 111.464 470.042 264.324 103.726 165.581 198.215
#CUP_D#
  103.726 103.726 103.726 103.726 103.726 103.726 103.726 103.726 103.726 103.726 103.726 128.717 103.726 171.647 103.726 133.432
##L_LONG########1989 233 22 06 36.153 status LL
#      #
#      #
#CUP_A#
  28.429 124.274 171.792 29.47 3.055 3.055 111.559 45.382 1001.45 1913.723 45.382 505.538 294.699 931.921 1076.166 1435.09
#CUP_B#
  54.326 111.559 65.032 3.055 11.156 3.055 3.055 3.055 1156.456 407.384 3.055 3.055 3.055 3.055 3.055 3.055
#CUP_C#
  3.055 25.52 52.406 11.156 45.382 3.055 3.055 47.044 543.255 2374.811 80.701 524.058 148.766 246.181 305.495 274.239
#CUP_D#
  21.318 30.549 3.055 3.055 19.137 50.554 23.748 3.055 3.055 29.47 22.099 3.055 3.055 3.055 3.055 3.055
##ELECTR_SHORT##1989 233 22 06 54.993 status ES
# E1: 1989 233 22 06 30.873;   E2: 1989 233 22 07 18.873   #
#      #
  103.726 103.726 103.726 159.73 103.726 154.085 159.73 133.432 103.726 103.726 103.726 103.726 103.726 103.726 103.726 103.726 103.726 103.726 154.085 171.647 205.476 133.432 177.935 103.726 103.726 103.726 103.726 103.726
##L_SHORT#######1989 233 22 07 11.913 status LS
#      #
#      #
#CUP_A#
  698.251 103.726 103.726 103.726 103.726 103.726 103.726 103.726 626.811 2130.034 103.726 505.111 103.726 171.647 604.66 1155.477
#CUP_B#
  103.726 523.614 103.726 133.432 103.726 103.726 103.726 103.726 1075.255 205.476 103.726 103.726 103.726 103.726 103.726 103.726
#CUP_C#
  316.418 103.726 103.726 103.726 103.726 198.215 103.726 103.726 505.111 2372.802 165.581 407.039 171.647 284.045 148.64 254.983
#CUP_D#
  103.726 103.726 103.726 103.726 148.64 103.726 115.548 103.726 205.476 133.432 103.726 159.73 103.726 264.324 103.726 103.726
##ELECTR_LONG###1989 233 22 07 17.913 status EL
# E1: 1989 233 22 07 41.433;   E2: 1989 233 22 06 53.433   #
#      #
  3.055 3.055 6.273 22.909 19.838 42.231 3.055 12.427 3.055 24.618 42.231 7.51 48.767 48.767 3.055 3.055 111.559 3.055 20.565 3.055 4.378 6.988 77.849 21.318 143.509 119.882 898.988 778.492
##L_LONG########1989 233 22 07 24.153 status LL
#      #
#      #
#CUP_A#
  8.99 205.65 128.826 3.055 22.909 6.988 89.899 39.299 931.921 2056.502 24.618 563.157 220.993 1038.136 1038.136 1384.376
#CUP_B#
  3.055 148.766 9.319 47.044 54.326 56.316 3.055 3.055 1198.82 453.815 3.055 3.055 3.055 3.055 3.055 3.055
#CUP_C#
  3.055 3.055 43.778 3.055 50.554 5.055 8.99 11.988 470.44 2461.808 86.722 437.778 191.372 184.61 264.548 305.495
#CUP_D#
  65.032 17.809 5.241 3.055 3.055 43.778 3.055 3.055 3.055 29.47 34.031 3.055 25.52 23.748 3.055 3.055
##L_SHORT#######1989 233 22 07 59.913 status LS
#      #
#      #
#CUP_A#
  103.726 103.726 103.726 103.726 103.726 245.972 103.726 284.045 316.418 2372.802 103.726 698.251 103.726 487.261 264.324 1241.685
#CUP_B#
  103.726 103.726 103.726 103.726 103.726 103.726 103.726 103.726 1155.477 103.726 103.726 103.726 103.726 103.726 103.726 103.726
#CUP_C#
  119.781 103.726 103.726 103.726 103.726 103.726 103.726 103.726 340.025 2459.725 103.726 407.039 103.726 191.21 103.726 274.007
#CUP_D#
  103.726 103.726 103.726 103.726 103.726 103.726 103.726 103.726 103.726 171.647 107.525 205.476 103.726 228.895 103.726 103.726
##L_LONG########1989 233 22 08 12.153 status LL
#      #
#      #
#CUP_A#
  17.179 3.055 3.055 21.318 52.406 3.055 3.055 3.055 724.443 2209.933 8.672 650.323 255.199 1038.136 1115.589 1335.455
#CUP_B#
  3.055 3.055 34.031 3.055 3.055 3.055 3.055 3.055 1115.589 524.058 3.055 3.055 3.055 3.055 3.055 3.055
#CUP_C#
  3.055 39.299 13.844 22.099 3.055 39.299 3.055 67.415 422.308 2461.808 124.274 453.815 255.199 205.65 246.181 305.495
#CUP_D#
  3.055 111.559 3.055 77.849 86.722 93.192 18.461 35.278 3.055 3.055 3.055 3.055 3.055 3.055 3.055 3.055
##ELECTR_SHORT##1989 233 22 08 30.993 status ES
# E1: 1989 233 22 08 06.873;   E2: 1989 233 22 08 54.873   #
#      #
  103.726 103.726 103.726 103.726 103.726 103.726 103.726 103.726 103.726 103.726 124.169 103.726 177.935 103.726 103.726 103.726 103.726 159.73 103.726 103.726 103.726 148.64 103.726 103.726 148.64 103.726 119.781 154.085
##L_SHORT#######1989 233 22 08 47.913 status LS
#      #
#      #
#CUP_A#
  305.236 103.726 103.726 191.21 103.726 604.66 103.726 191.21 470.042 2054.762 103.726 453.431 154.085 103.726 284.045 898.228
#CUP_B#
  103.726 294.45 103.726 165.581 165.581 103.726 213.003 103.726 931.132 352.482 103.726 103.726 103.726 103.726 103.726 103.726
#CUP_C#
  264.324 103.726 103.726 115.548 103.726 154.085 103.726 103.726 328.01 2372.802 159.73 392.655 198.215 328.01 119.781 254.983
#CUP_D#
  103.726 103.726 103.726 103.726 107.525 103.726 103.726 103.726 103.726 148.64 103.726 148.64 103.726 421.95 103.726 103.726
##ELECTR_LONG###1989 233 22 08 53.913 status EL
# E1: 1989 233 22 09 17.432;   E2: 1989 233 22 08 29.433   #
#      #
  3.055 26.455 3.055 25.52 20.565 30.549 8.07 19.838 39.299 3.055 3.055 17.179 52.406 11.565 27.424 3.283 11.565 3.055 3.055 3.055 15.422 13.844 47.044 119.882 143.509 220.993 898.988 778.492
##L_LONG########1989 233 22 09 00.152 status LL
#      #
#      #
#CUP_A#
  3.055 294.699 26.455 96.606 124.274 27.424 35.278 3.055 807.01 2131.838 128.826 505.538 470.44 1115.589 966.06 1335.455
#CUP_B#
  72.444 111.559 115.646 3.055 83.657 3.055 3.055 3.055 1001.45 583.787 3.055 3.055 3.055 3.055 3.055 3.055
#CUP_C#
  3.055 3.055 124.274 3.055 3.055 39.299 3.055 3.055 470.44 2461.808 75.098 470.44 184.61 171.792 264.548 305.495
#CUP_D#
  184.61 52.406 30.549 143.509 13.844 67.415 3.055 11.156 3.055 3.055 3.055 10.381 22.909 3.055 3.055 3.055
##L_SHORT#######1989 233 22 09 35.913 status LS
#      #
#      #
#CUP_A#
  103.726 184.453 103.726 305.236 103.726 191.21 103.726 103.726 453.431 1982.15 220.806 352.482 124.169 148.64 835.866 931.132
#CUP_B#
  111.464 103.726 171.647 103.726 171.647 103.726 103.726 103.726 604.66 505.111 103.726 103.726 103.726 103.726 103.726 103.726
#CUP_C#
  103.726 103.726 103.726 103.726 103.726 103.726 103.726 103.726 392.655 2459.725 103.726 487.261 228.895 154.085 154.085 316.418
#CUP_D#
  184.453 103.726 103.726 103.726 103.726 103.726 103.726 103.726 103.726 103.726 103.726 103.726 103.726 237.28 103.726 103.726
##L_LONG########1989 233 22 09 48.153 status LL
#      #
#      #
#CUP_A#
  148.766 93.192 107.617 36.57 3.055 3.055 43.778 3.055 867.22 2209.933 13.844 470.44 284.285 1038.136 1115.589 1335.455
#CUP_B#
  62.734 3.055 72.444 3.055 3.93 54.326 3.055 3.055 898.988 724.443 3.055 3.055 3.055 3.055 3.055 3.055
#CUP_C#
  3.055 11.565 30.549 3.055 19.137 12.883 3.055 30.549 453.815 2374.811 60.517 470.44 229.089 184.61 274.239 305.495
#CUP_D#
  3.055 52.406 3.055 26.455 8.672 52.406 3.055 32.829 47.044 30.549 8.366 58.379 3.055 3.055 3.055 3.055
##ELECTR_SHORT##1989 233 22 10 06.993 status ES
# E1: 1989 233 22 09 42.873;   E2: 1989 233 22 10 30.873   #
#      #
  103.726 103.726 103.726 103.726 103.726 103.726 103.726 103.726 103.726 103.726 103.726 103.726 103.726 103.726 103.726 103.726 305.236 103.726 103.726 103.726 103.726 103.726 103.726 103.726 103.726 103.726 294.45 365.394
##L_SHORT#######1989 233 22 10 23.912 status LS
#      #
#      #
#CUP_A#
  103.726 103.726 103.726 103.726 103.726 103.726 103.726 103.726 965.243 1655.814 626.811 103.726 542.796 103.726 835.866 698.251
#CUP_B#
  103.726 316.418 103.726 264.324 103.726 103.726 103.726 103.726 626.811 673.576 103.726 103.726 103.726 103.726 103.726 103.726
#CUP_C#
  115.548 103.726 103.726 103.726 103.726 103.726 103.726 103.726 392.655 2459.725 245.972 407.039 340.025 191.21 159.73 198.215
#CUP_D#
  103.726 103.726 103.726 103.726 103.726 103.726 128.717 103.726 103.726 177.935 103.726 228.895 103.726 115.548 103.726 103.726
##ELECTR_LONG###1989 233 22 10 29.913 status EL
# E1: 1989 233 22 10 53.433;   E2: 1989 233 22 10 05.432   #
#      #
  3.055 3.055 3.055 37.91 3.055 36.57 40.738 19.838 3.055 35.278 3.93 43.778 3.055 32.829 39.299 36.57 65.032 3.055 83.657 3.055 28.429 3.055 111.559 67.415 107.617 171.792 898.988 724.443
##L_LONG########1989 233 22 10 36.153 status LL
#      #
#      #
#CUP_A#
  69.884 453.815 43.778 93.192 96.606 198.383 154.216 3.055 605.172 2209.933 159.865 674.146 505.538 1038.136 1038.136 1542.159
#CUP_B#
  29.47 148.766 14.877 47.044 83.657 3.055 3.055 3.055 898.988 931.921 3.055 3.055 3.055 3.055 3.055 3.055
#CUP_C#
  3.055 5.838 83.657 12.427 3.055 10.381 3.657 25.52 294.699 2551.991 103.814 487.673 229.089 229.089 274.239 305.495
#CUP_D#
  184.61 75.098 13.355 148.766 3.055 47.044 3.055 11.988 3.055 32.829 3.055 34.031 30.549 28.429 3.055 3.055
##L_SHORT#######1989 233 22 11 11.913 status LS
#      #
#      #
#CUP_A#
  103.726 148.64 103.726 103.726 103.726 128.717 103.726 103.726 673.576 1982.15 138.32 407.039 191.21 103.726 931.132 723.83
#CUP_B#
  107.525 103.726 148.64 103.726 103.726 103.726 103.726 103.726 750.346 505.111 103.726 103.726 103.726 103.726 103.726 103.726
#CUP_C#
  103.726 103.726 103.726 103.726 103.726 103.726 103.726 103.726 316.418 2549.832 171.647 523.614 148.64 198.215 159.73 138.32
#CUP_D#
  103.726 103.726 159.73 103.726 111.464 103.726 103.726 103.726 103.726 103.726 103.726 103.726 103.726 228.895 107.525 103.726
##L_LONG########1989 233 22 11 24.153 status LL
#      #
#      #
#CUP_A#
  80.701 47.044 3.055 3.055 9.661 43.778 96.606 3.055 698.842 2131.838 32.829 524.058 284.285 1076.166 1076.166 1384.376
#CUP_B#
  60.517 3.055 3.055 3.055 3.055 13.355 3.055 3.055 966.06 505.538 3.055 3.055 3.055 3.055 3.055 3.055
#CUP_C#
  11.565 12.427 28.429 3.055 3.055 3.055 75.098 18.461 453.815 2374.811 107.617 470.44 237.481 229.089 305.495 305.495
#CUP_D#
  12.427 56.316 17.179 75.098 3.055 30.549 3.055 3.055 3.055 3.055 3.055 47.044 25.52 3.055 3.055 3.055
##ELECTR_SHORT##1989 233 22 11 42.993 status ES
# E1: 1989 233 22 11 18.873;   E2: 1989 233 22 12 06.873   #
#      #
  103.726 103.726 103.726 148.64 198.215 103.726 103.726 103.726 103.726 103.726 103.726 103.726 103.726 103.726 103.726 103.726 103.726 103.726 103.726 103.726 103.726 103.726 103.726 103.726 103.726 103.726 103.726 103.726
##L_SHORT#######1989 233 22 11 59.913 status LS
#      #
#      #
#CUP_A#
  103.726 103.726 103.726 103.726 103.726 228.895 103.726 103.726 1037.257 2130.034 583.293 119.781 470.042 103.726 898.228 898.228
#CUP_B#
  103.726 184.453 103.726 245.972 103.726 103.726 148.64 103.726 777.833 965.243 103.726 103.726 103.726 103.726 103.726 103.726
#CUP_C#
  133.432 103.726 103.726 103.726 103.726 154.085 103.726 103.726 562.68 2740.069 165.581 453.431 228.895 138.32 143.388 220.806
#CUP_D#
  103.726 103.726 103.726 103.726 171.647 103.726 103.726 103.726 103.726 264.324 103.726 205.476 103.726 284.045 103.726 103.726
##ELECTR_LONG###1989 233 22 12 05.913 status EL
# E1: 1989 233 22 12 29.433;   E2: 1989 233 22 11 41.433   #
#      #
  3.055 15.422 3.055 26.455 18.461 19.137 58.379 34.031 52.406 3.055 25.52 24.618 65.032 3.055 8.99 50.554 5.838 3.055 9.319 3.055 6.988 30.549 111.559 52.406 128.826 128.826 867.22 724.443
##L_LONG########1989 233 22 12 12.153 status LL
#      #
#      #
#CUP_A#
  3.055 191.372 96.606 100.145 138.438 3.055 3.055 3.055 836.574 2290.889 154.216 487.673 255.199 1038.136 1001.45 1384.376
#CUP_B#
  36.57 178.086 50.554 3.055 32.829 11.988 3.055 3.055 898.988 750.981 3.055 3.055 3.055 3.055 3.055 3.055
#CUP_C#
  3.055 3.055 47.044 3.055 36.57 3.055 39.299 22.099 407.384 2461.808 133.545 437.778 229.089 205.65 305.495 305.495
#CUP_D#
  31.669 3.055 3.055 27.424 20.565 3.055 3.055 10.014 13.844 5.838 3.055 14.351 29.47 8.366 3.055 3.055
##L_SHORT#######1989 233 22 12 47.913 status LS
#      #
#      #
#CUP_A#
  103.726 284.045 103.726 128.717 103.726 103.726 103.726 103.726 965.243 1716.471 421.95 177.935 213.003 103.726 1037.257 407.039
#CUP_B#
  103.726 103.726 191.21 103.726 103.726 103.726 103.726 103.726 965.243 604.66 103.726 103.726 103.726 103.726 103.726 103.726
#CUP_C#
  103.726 103.726 103.726 103.726 103.726 103.726 103.726 103.726 487.261 2549.832 143.388 421.95 220.806 103.726 237.28 245.972
#CUP_D#
  103.726 103.726 103.726 103.726 103.726 103.726 103.726 103.726 103.726 103.726 103.726 205.476 103.726 128.717 159.73 103.726
##L_LONG########1989 233 22 13 00.152 status LL
#      #
#      #
#CUP_A#
  119.882 154.216 3.055 56.316 40.738 50.554 67.415 50.554 650.323 2290.889 148.766 698.842 524.058 1076.166 1038.136 1384.376
#CUP_B#
  9.661 14.877 3.055 100.145 14.877 3.055 3.055 3.055 1156.456 867.22 3.055 3.055 3.055 3.055 3.055 3.055
#CUP_C#
  3.055 43.778 8.99 3.055 3.055 3.055 13.355 28.429 487.673 2645.478 124.274 563.157 264.548 229.089 264.548 274.239
#CUP_D#
  3.055 3.055 3.055 32.829 3.055 3.055 3.055 26.455 32.829 3.055 3.055 17.179 30.549 3.055 3.055 3.055
##ELECTR_SHORT##1989 233 22 13 18.993 status ES
# E1: 1989 233 22 12 54.873;   E2: 1989 233 22 13 42.873   #
#      #
  103.726 103.726 103.726 103.726 103.726 103.726 103.726 103.726 103.726 103.726 103.726 103.726 103.726 124.169 103.726 148.64 103.726 103.726 103.726 103.726 103.726 103.726 103.726 103.726 103.726 103.726 103.726 111.464
##L_SHORT#######1989 233 22 13 35.913 status LS
#      #
#      #
#CUP_A#
  103.726 143.388 103.726 274.007 103.726 103.726 103.726 103.726 1000.602 1716.471 562.68 103.726 487.261 103.726 866.486 673.576
#CUP_B#
  103.726 254.983 103.726 340.025 103.726 103.726 103.726 103.726 866.486 523.614 103.726 103.726 103.726 103.726 103.726 103.726
#CUP_C#
  191.21 103.726 103.726 103.726 103.726 143.388 103.726 103.726 562.68 2459.725 228.895 392.655 213.003 184.453 191.21 220.806
#CUP_D#
  103.726 103.726 103.726 103.726 148.64 103.726 103.726 103.726 103.726 103.726 103.726 103.726 103.726 103.726 103.726 103.726
##ELECTR_LONG###1989 233 22 13 41.912 status EL
# E1: 1989 233 22 14 05.432;   E2: 1989 233 22 13 17.432   #
#      #
  3.055 42.231 21.318 26.455 37.91 37.91 18.461 56.316 19.838 65.032 31.669 3.055 3.055 23.748 3.055 3.055 83.657 3.055 42.231 3.055 3.055 67.415 65.032 26.455 107.617 100.145 836.574 698.842
##L_LONG########1989 233 22 13 48.153 status LL
#      #
#      #
#CUP_A#
  3.055 198.383 159.865 24.618 42.231 75.098 119.882 86.722 836.574 2131.838 14.877 605.172 505.538 1076.166 1038.136 1487.662
#CUP_B#
  80.701 96.606 96.606 25.52 58.379 3.055 3.055 3.055 1198.82 627.342 3.055 3.055 3.055 3.055 3.055 3.055
#CUP_C#
  14.351 17.179 3.055 3.055 40.738 3.167 36.57 80.701 524.058 2645.478 128.826 505.538 246.181 229.089 305.495 305.495
#CUP_D#
  3.055 3.055 3.055 21.318 29.47 3.055 3.055 3.055 20.565 32.829 3.055 3.055 6.503 28.429 3.055 3.055
##L_SHORT#######1989 233 22 14 23.912 status LS
#      #
#      #
#CUP_A#
  305.236 103.726 128.717 103.726 103.726 103.726 103.726 103.726 806.328 2372.802 103.726 750.346 103.726 184.453 626.811 965.243
#CUP_B#
  103.726 103.726 103.726 103.726 159.73 103.726 103.726 103.726 1241.685 328.01 103.726 103.726 103.726 103.726 103.726 103.726
#CUP_C#
  119.781 103.726 103.726 103.726 103.726 103.726 103.726 103.726 453.431 2840.446 103.726 604.66 177.935 184.453 103.726 294.45
#CUP_D#
  103.726 103.726 103.726 103.726 103.726 103.726 103.726 103.726 103.726 103.726 103.726 103.726 103.726 115.548 103.726 103.726
##L_LONG########1989 233 22 14 36.153 status LL
#      #
#      #
#CUP_A#
  96.606 3.055 3.055 3.055 83.657 43.778 26.455 3.055 1001.45 2209.933 119.882 605.172 543.255 1038.136 1076.166 1335.455
#CUP_B#
  3.055 80.701 143.509 7.244 10.381 3.055 3.055 3.055 1242.737 750.981 3.055 3.055 3.055 3.055 3.055 3.055
#CUP_C#
  52.406 3.055 3.055 27.424 17.179 10.381 27.424 14.877 524.058 2551.991 60.517 605.172 229.089 246.181 305.495 305.495
#CUP_D#
  3.055 3.055 3.055 30.549 3.055 3.055 3.055 11.988 31.669 3.055 3.055 9.319 36.57 12.427 3.055 3.055
##ELECTR_SHORT##1989 233 22 14 54.993 status ES
# E1: 1989 233 22 14 30.873;   E2: 1989 233 22 15 18.872   #
#      #
  103.726 103.726 103.726 103.726 138.32 103.726 103.726 103.726 103.726 103.726 103.726 103.726 138.32 128.717 103.726 103.726 103.726 103.726 103.726 103.726 103.726 103.726 103.726 103.726 103.726 103.726 103.726 111.464
##L_SHORT#######1989 233 22 15 11.912 status LS
#      #
#      #
#CUP_A#
  103.726 245.972 103.726 294.45 103.726 274.007 103.726 128.717 931.132 1779.35 352.482 103.726 328.01 124.169 505.111 1037.257
#CUP_B#
  103.726 421.95 103.726 171.647 133.432 103.726 305.236 103.726 1334.325 305.236 103.726 103.726 103.726 103.726 103.726 103.726
#CUP_C#
  237.28 103.726 103.726 191.21 103.726 124.169 103.726 103.726 673.576 2372.802 294.45 523.614 245.972 191.21 103.726 254.983
#CUP_D#
  103.726 103.726 103.726 103.726 154.085 103.726 103.726 138.32 103.726 254.983 103.726 177.935 103.726 213.003 103.726 103.726
##ELECTR_LONG###1989 233 22 15 17.913 status EL
# E1: 1989 233 22 15 41.432;   E2: 1989 233 22 14 53.433   #
#      #
  3.055 22.909 69.884 42.231 45.382 3.055 3.055 3.055 86.722 34.031 14.877 3.055 72.444 3.055 56.316 3.055 23.748 3.055 100.145 3.055 3.055 3.055 103.814 32.829 96.606 93.192 898.988 627.342
##L_LONG########1989 233 22 15 24.152 status LL
#      #
#      #
#CUP_A#
  25.52 80.701 3.055 103.814 60.517 75.098 3.055 47.044 966.06 2209.933 50.554 724.443 274.239 1038.136 1076.166 1335.455
#CUP_B#
  58.379 205.65 19.137 58.379 6.503 3.055 3.055 3.055 1335.455 524.058 3.055 3.055 3.055 3.055 3.055 3.055
#CUP_C#
  43.778 3.055 58.379 3.055 3.055 3.055 3.055 3.055 627.342 2461.808 124.274 563.157 237.481 191.372 274.239 305.495
#CUP_D#
  8.366 3.055 11.156 17.809 48.767 3.055 3.055 3.055 23.748 3.055 3.055 3.055 17.179 26.455 3.055 3.055
##M_LONG########1989 233 22 15 58.712 status ML
#      #
#      #
#CUP_A#
  23.421 59.684 106.135 26.091 23.421 23.421 88.662 234.213 175.635 23.421 23.421 23.421 91.91 71.447 23.421 23.421 23.421 66.487 23.421 53.578 23.421 23.421 23.421 34.792 66.487 26.091 23.421 23.421 23.421 27.046 23.421 31.233 53.578 23.421 23.421 23.421 43.175 23.421 23.421 23.421 23.421 23.421 23.421 23.421 23.421 30.129 23.421 36.067 23.421 23.421 23.421 23.421 23.421 23.421 23.421 23.421 23.421 118.232 23.421 76.778 23.421 85.528 23.421 23.421 23.421 51.685 23.421 23.421 23.421 23.421 136.532 740.646 1467.188 714.473 106.135 23.421 23.421 25.169 23.421 30.129 36.067 23.421 23.421 23.421 37.388 23.421 23.421 25.169 51.685 110.024 175.635 141.534 23.421 23.421 53.578 37.388 68.922 44.757 23.421 68.922 23.421 23.421 29.064 23.421 23.421 25.169 59.684 23.421 23.421 23.421 141.534 182.069 188.739 163.441 85.528 127.053 23.421 157.665 251.687 251.687 118.232 79.59 141.534 416.496 106.135 23.421 251.687 242.793
#CUP_B#
  57.575 23.421 23.421 27.046 23.421 33.563 23.421 23.421 1023.848 23.421 23.421 23.421 23.421 61.871 66.487 23.421 79.59 23.421 23.421 23.421 46.397 23.421 37.388 23.421 23.421 37.388 23.421 23.421 23.421 23.421 23.421 23.421 23.421 23.421 31.233 23.421 23.421 37.388 23.421 23.421 31.233 23.421 23.421 23.421 23.421 23.421 23.421 23.421 23.421 23.421 41.65 23.421 23.421 23.421 23.421 23.421 23.421 23.421 23.421 23.421 23.421 23.421 23.421 23.421 23.421 23.421 23.421 23.421 23.421 23.421 301.291 1182.322 1182.322 217.952 23.421 23.421 23.421 23.421 23.421 23.421 23.421 23.421 23.421 23.421 23.421 23.421 23.421 23.421 23.421 23.421 23.421 23.421 23.421 23.421 23.421 23.421 23.421 23.421 23.421 23.421 23.421 23.421 23.421 23.421 23.421 23.421 23.421 23.421 641.373 23.421 23.421 23.421 23.421 23.421 23.421 23.421 23.421 23.421 23.421 23.421 23.421 23.421 23.421 23.421 23.421 23.421 23.421 23.421
#CUP_C#
  23.421 23.421 23.421 23.421 25.169 23.421 23.421 23.421 23.421 23.421 23.421 23.421 37.388 23.421 23.421 23.421 23.421 23.421 23.421 23.421 28.037 23.421 28.037 23.421 23.421 23.421 23.421 23.421 23.421 29.064 23.421 23.421 23.421 23.421 23.421 23.421 23.421 23.421 23.421 23.421 33.563 23.421 23.421 23.421 29.064 25.169 29.064 23.421 23.421 23.421 23.421 23.421 23.421 23.421 23.421 23.421 23.421 23.421 23.421 57.575 40.178 23.421 37.388 23.421 23.421 23.421 23.421 23.421 23.421 27.046 59.684 416.496 1317.076 1061.355 242.793 23.421 23.421 23.421 23.421 23.421 37.388 23.421 23.421 55.541 23.421 23.421 23.421 23.421 37.388 23.421 163.441 146.719 38.758 23.421 26.091 24.279 55.541 53.578 23.421 57.575 32.377 23.421 82.506 23.421 41.65 55.541 41.65 68.922 23.421 106.135 24.279 37.388 23.421 23.421 23.421 46.397 49.858 37.388 23.421 36.067 46.397 23.421 74.065 66.487 23.421 23.421 23.421 61.871
#CUP_D#
  23.421 27.046 23.421 23.421 23.421 23.421 23.421 23.421 23.421 23.421 23.421 46.397 23.421 76.778 40.178 23.421 23.421 23.421 23.421 23.421 23.421 23.421 23.421 23.421 23.421 23.421 68.922 23.421 23.421 23.421 40.178 53.578 23.421 23.421 23.421 23.421 23.421 23.421 23.421 23.421 23.421 23.421 23.421 23.421 23.421 46.397 28.037 23.421 23.421 23.421 23.421 23.421 37.388 23.421 24.279 28.037 49.858 23.421 23.421 23.421 23.421 23.421 23.421 23.421 31.233 34.792 33.563 98.767 88.662 59.684 23.421 23.421 23.421 23.421 23.421 23.421 23.421 23.421 23.421 23.421 37.388 44.757 76.778 23.421 23.421 23.421 23.421 23.421 23.421 23.421 23.421 23.421 23.421 24.279 68.922 33.563 23.421 61.871 46.397 23.421 23.421 23.421 23.421 23.421 23.421 23.421 23.421 23.421 33.563 74.065 28.037 23.421 23.421 23.421 23.421 25.169 23.421 23.421 23.421 29.064 23.421 23.421 23.421 23.421 25.169 23.421 23.421 23.421
##L_LONG########1989 233 22 18 03.511 status LL
#      #
#      #
#CUP_A#
  36.57 22.909 3.055 3.055 3.055 3.055 3.055 3.055 898.988 2290.889 6.988 583.787 171.792 1001.45 1038.136 1335.455
#CUP_B#
  3.055 89.899 5.055 56.316 21.318 20.565 3.055 3.055 1156.456 674.146 3.055 3.055 3.055 3.055 3.055 3.055
#CUP_C#
  3.055 3.055 11.988 30.549 37.91 18.461 28.429 18.461 563.157 2551.991 148.766 524.058 237.481 246.181 246.181 305.495
#CUP_D#
  3.055 37.91 75.098 69.884 65.032 47.044 8.366 20.565 7.785 14.351 3.055 27.424 3.283 3.055 3.055 3.055
##L_SHORT#######1989 233 22 18 23.911 status LS
#      #
#      #
#CUP_A#
  392.655 103.726 392.655 103.726 103.726 103.726 274.007 103.726 1075.255 2054.762 107.525 1716.471 294.45 103.726 723.83 562.68
#CUP_B#
  103.726 228.895 138.32 228.895 103.726 154.085 103.726 103.726 931.132 316.418 103.726 103.726 103.726 103.726 103.726 103.726
#CUP_C#
  107.525 103.726 103.726 103.726 103.726 103.726 103.726 103.726 487.261 2643.239 115.548 562.68 103.726 254.983 228.895 103.726
#CUP_D#
  103.726 103.726 103.726 103.726 103.726 103.726 103.726 103.726 103.726 103.726 103.726 103.726 103.726 392.655 103.726 103.726
##L_LONG########1989 233 22 18 36.152 status LL
#      #
#      #
#CUP_A#
  43.778 205.65 86.722 25.52 3.055 52.406 52.406 100.145 807.01 2290.889 3.055 698.842 255.199 931.921 1156.456 1384.376
#CUP_B#
  13.844 3.055 86.722 3.055 32.829 3.055 3.055 3.055 1156.456 778.492 3.055 3.055 3.055 3.055 3.055 3.055
#CUP_C#
  3.055 3.055 39.299 47.044 3.055 19.137 50.554 56.316 524.058 2645.478 124.274 583.787 165.722 294.699 255.199 305.495
#CUP_D#
  22.099 22.909 3.055 3.055 18.461 36.57 20.565 3.055 3.055 15.987 23.748 3.055 3.055 3.055 12.883 3.055
##ELECTR_SHORT##1989 233 22 18 54.992 status ES
# E1: 1989 233 22 18 30.872;   E2: 1989 233 22 19 18.872   #
#      #
  103.726 103.726 103.726 103.726 103.726 103.726 138.32 103.726 103.726 103.726 103.726 103.726 103.726 103.726 103.726 103.726 103.726 177.935 184.453 213.003 159.73 143.388 103.726 103.726 103.726 103.726 103.726 103.726
##L_SHORT#######1989 233 22 19 11.912 status LS
#      #
#      #
#CUP_A#
  103.726 103.726 103.726 487.261 103.726 365.394 103.726 103.726 1075.255 2054.762 103.726 523.614 103.726 198.215 604.66 1075.255
#CUP_B#
  103.726 437.408 103.726 103.726 148.64 103.726 305.236 103.726 1334.325 542.796 103.726 103.726 103.726 103.726 103.726 103.726
#CUP_C#
  165.581 103.726 103.726 213.003 103.726 148.64 103.726 103.726 835.866 2549.832 115.548 583.293 115.548 245.972 159.73 284.045
#CUP_D#
  103.726 103.726 103.726 103.726 177.935 103.726 103.726 103.726 103.726 177.935 103.726 220.806 115.548 237.28 128.717 103.726
##ELECTR_LONG###1989 233 22 19 17.912 status EL
# E1: 1989 233 22 19 41.432;   E2: 1989 233 22 18 53.432   #
#      #
  3.055 3.055 3.055 4.538 25.52 31.669 17.809 3.055 15.422 24.618 3.055 6.503 9.661 29.47 3.055 3.055 48.767 3.055 45.382 3.055 3.055 3.055 86.722 15.987 143.509 107.617 867.22 724.443
##L_LONG########1989 233 22 19 24.152 status LL
#      #
#      #
#CUP_A#
  3.055 45.382 50.554 11.988 86.722 3.055 3.055 3.055 1115.589 2290.889 80.701 698.842 437.778 1076.166 1076.166 1288.262
#CUP_B#
  3.055 213.184 3.055 34.031 22.909 27.424 3.055 13.355 1156.456 836.574 3.055 3.055 3.055 3.055 3.055 3.055
#CUP_C#
  3.055 3.055 62.734 3.055 62.734 3.055 8.672 6.741 650.323 2551.991 115.646 543.255 205.65 264.548 274.239 305.495
#CUP_D#
  19.137 26.455 3.055 3.055 6.741 30.549 34.031 3.055 3.055 22.909 32.829 3.055 3.055 3.055 3.055 3.055
##L_SHORT#######1989 233 22 19 59.912 status LS
#      #
#      #
#CUP_A#
  103.726 159.73 103.726 103.726 103.726 254.983 103.726 254.983 723.83 2372.802 103.726 437.408 143.388 407.039 437.408 1075.255
#CUP_B#
  143.388 103.726 103.726 103.726 115.548 103.726 103.726 103.726 1197.806 470.042 103.726 103.726 103.726 103.726 103.726 103.726
#CUP_C#
  103.726 103.726 103.726 103.726 103.726 103.726 103.726 154.085 542.796 2459.725 205.476 523.614 213.003 119.781 119.781 365.394
#CUP_D#
  103.726 103.726 103.726 103.726 103.726 103.726 103.726 103.726 103.726 103.726 103.726 103.726 115.548 124.169 103.726 103.726
##L_LONG########1989 233 22 20 12.151 status LL
#      #
#      #
#CUP_A#
  15.422 3.055 22.099 7.51 50.554 3.055 3.055 3.055 1115.589 2209.933 27.424 674.146 294.699 966.06 1115.589 1384.376
#CUP_B#
  3.055 3.055 4.074 3.055 11.156 3.055 3.055 3.055 1384.376 674.146 3.055 3.055 3.055 3.055 3.055 3.055
#CUP_C#
  17.179 3.055 35.278 3.055 3.055 3.055 40.738 8.366 674.146 2551.991 100.145 505.538 220.993 255.199 255.199 305.495
#CUP_D#
  31.669 42.231 3.055 3.055 22.099 31.669 3.055 3.055 3.283 18.461 3.055 3.055 24.618 31.669 3.055 3.055
##ELECTR_SHORT##1989 233 22 20 30.992 status ES
# E1: 1989 233 22 20 06.871;   E2: 1989 233 22 20 54.872   #
#      #
  103.726 103.726 103.726 177.935 103.726 103.726 103.726 103.726 103.726 103.726 103.726 103.726 103.726 103.726 103.726 103.726 103.726 245.972 205.476 294.45 154.085 143.388 138.32 103.726 103.726 103.726 103.726 103.726
##L_SHORT#######1989 233 22 20 47.912 status LS
#      #
#      #
#CUP_A#
  453.431 103.726 103.726 148.64 103.726 220.806 103.726 103.726 1155.477 2130.034 103.726 723.83 103.726 421.95 562.68 1075.255
#CUP_B#
  103.726 505.111 103.726 103.726 305.236 103.726 103.726 103.726 1155.477 505.111 103.726 103.726 103.726 103.726 103.726 103.726
#CUP_C#
  143.388 103.726 103.726 103.726 103.726 103.726 103.726 103.726 777.833 2643.239 124.169 542.796 148.64 254.983 138.32 191.21
#CUP_D#
  103.726 103.726 103.726 103.726 103.726 103.726 128.717 124.169 103.726 154.085 103.726 103.726 103.726 133.432 103.726 103.726
##ELECTR_LONG###1989 233 22 20 53.912 status EL
# E1: 1989 233 22 21 17.432;   E2: 1989 233 22 20 29.432   #
#      #
  3.283 58.379 29.47 3.055 62.734 3.055 47.044 37.91 3.055 40.738 3.055 30.549 28.429 19.137 20.565 96.606 72.444 3.055 3.055 3.055 3.055 42.231 37.91 80.701 178.086 107.617 867.22 698.842
##L_LONG########1989 233 22 21 00.152 status LL
#      #
#      #
#CUP_A#
  3.055 255.199 52.406 27.424 35.278 3.055 80.701 8.99 1156.456 2131.838 119.882 563.157 453.815 898.988 1076.166 1384.376
#CUP_B#
  3.055 220.993 3.055 47.044 9.319 18.461 3.055 3.055 1242.737 674.146 3.055 3.055 3.055 3.055 3.055 3.055
#CUP_C#
  31.669 3.055 5.055 3.055 36.57 3.055 7.244 3.055 605.172 2551.991 83.657 524.058 198.383 294.699 294.699 294.699
#CUP_D#
  103.814 3.055 62.734 107.617 37.91 148.766 24.618 43.778 3.055 3.055 3.055 3.055 7.785 3.055 3.055 3.055
##L_SHORT#######1989 233 22 21 35.912 status LS
#      #
#      #
#CUP_A#
  103.726 453.431 103.726 264.324 103.726 103.726 103.726 103.726 965.243 2130.034 392.655 103.726 583.293 103.726 931.132 806.328
#CUP_B#
  237.28 103.726 213.003 103.726 103.726 103.726 103.726 103.726 1197.806 378.779 103.726 103.726 103.726 103.726 103.726 103.726
#CUP_C#
  103.726 103.726 103.726 103.726 103.726 103.726 103.726 103.726 421.95 2643.239 111.464 487.261 213.003 148.64 133.432 191.21
#CUP_D#
  115.548 103.726 103.726 103.726 103.726 103.726 103.726 103.726 103.726 103.726 103.726 103.726 103.726 254.983 103.726 103.726
##L_LONG########1989 233 22 21 48.152 status LL
#      #
#      #
#CUP_A#
  103.814 3.055 48.767 45.382 143.509 56.316 3.055 3.055 1038.136 2461.808 36.57 674.146 453.815 1038.136 1115.589 1335.455
#CUP_B#
  3.055 133.545 17.809 3.055 4.704 27.424 3.055 3.055 1335.455 674.146 3.055 3.055 3.055 3.055 3.055 3.055
#CUP_C#
  3.055 3.055 3.055 35.278 39.299 3.055 40.738 36.57 605.172 2742.39 115.646 583.787 246.181 229.089 274.239 305.495
#CUP_D#
  184.61 143.509 124.274 111.559 86.722 14.351 3.055 3.055 3.055 3.055 3.055 3.055 22.099 45.382 3.055 3.055
##ELECTR_SHORT##1989 233 22 22 06.992 status ES
# E1: 1989 233 22 21 42.872;   E2: 1989 233 22 22 30.872   #
#      #
  103.726 103.726 103.726 103.726 154.085 103.726 103.726 103.726 103.726 103.726 154.085 103.726 103.726 103.726 103.726 103.726 103.726 103.726 103.726 274.007 103.726 254.983 198.215 245.972 228.895 103.726 103.726 835.866
##L_SHORT#######1989 233 22 22 23.911 status LS
#      #
#      #
#CUP_A#
  505.111 103.726 103.726 103.726 103.726 103.726 191.21 103.726 1287.172 1912.104 254.983 487.261 103.726 228.895 750.346 835.866
#CUP_B#
  103.726 505.111 103.726 103.726 191.21 103.726 103.726 103.726 965.243 562.68 103.726 103.726 103.726 103.726 103.726 103.726
#CUP_C#
  264.324 103.726 103.726 228.895 103.726 103.726 103.726 103.726 649.773 2549.832 165.581 523.614 228.895 237.28 115.548 220.806
#CUP_D#
  103.726 103.726 103.726 103.726 103.726 103.726 103.726 154.085 103.726 316.418 103.726 237.28 128.717 103.726 103.726 103.726
##ELECTR_LONG###1989 233 22 22 29.912 status EL
# E1: 1989 233 22 22 53.432;   E2: 1989 233 22 22 05.431   #
#      #
  3.055 3.055 3.055 42.231 58.379 25.52 4.074 26.455 86.722 3.055 4.074 3.055 18.461 19.137 8.07 10.762 15.422 3.055 3.055 3.055 4.223 32.829 72.444 115.646 148.766 143.509 931.921 750.981
##L_LONG########1989 233 22 22 36.152 status LL
#      #
#      #
#CUP_A#
  3.055 470.44 171.792 3.055 255.199 3.055 407.384 128.826 898.988 2374.811 20.565 627.342 246.181 1001.45 1198.82 1288.262
#CUP_B#
  3.055 198.383 3.055 62.734 124.274 10.014 3.055 3.055 1242.737 836.574 3.055 3.055 3.055 3.055 3.055 3.055
#CUP_C#
  3.055 56.316 24.618 36.57 3.055 43.778 69.884 54.326 407.384 2742.39 107.617 563.157 328.287 237.481 305.495 305.495
#CUP_D#
  255.199 159.865 3.055 159.865 3.055 42.231 3.055 8.366 77.849 3.055 3.055 3.055 67.415 3.055 3.055 3.055
##L_SHORT#######1989 233 22 23 11.912 status LS
#      #
#      #
#CUP_A#
  103.726 171.647 103.726 103.726 103.726 148.64 103.726 254.983 626.811 2288.951 103.726 453.431 103.726 228.895 453.431 1037.257
#CUP_B#
  245.972 133.432 103.726 103.726 103.726 103.726 103.726 103.726 1241.685 352.482 103.726 103.726 103.726 103.726 103.726 103.726
#CUP_C#
  111.464 103.726 103.726 103.726 103.726 103.726 103.726 103.726 487.261 2643.239 220.806 487.261 213.003 171.647 228.895 294.45
#CUP_D#
  103.726 103.726 165.581 103.726 103.726 103.726 103.726 103.726 133.432 103.726 103.726 103.726 115.548 245.972 103.726 103.726
##L_LONG########1989 233 22 23 24.152 status LL
#      #
#      #
#CUP_A#
  93.192 3.055 124.274 29.47 8.99 6.988 3.055 19.838 807.01 2461.808 3.055 778.492 165.722 966.06 1115.589 1384.376
#CUP_B#
  45.382 3.055 3.055 3.055 32.829 3.055 3.055 3.055 1242.737 724.443 3.055 3.055 3.055 3.055 3.055 3.055
#CUP_C#
  3.055 3.055 3.055 11.988 3.055 22.099 17.179 3.055 524.058 2742.39 111.559 563.157 255.199 264.548 284.285 305.495
#CUP_D#
  3.055 56.316 22.099 3.055 93.192 3.055 27.424 3.055 3.055 3.055 3.055 3.055 69.884 3.055 3.055 3.055
##ELECTR_SHORT##1989 233 22 23 42.992 status ES
# E1: 1989 233 22 23 18.872;   E2: 1989 233 22 24 06.871   #
#      #
  103.726 103.726 103.726 133.432 107.525 103.726 103.726 103.726 103.726 103.726 103.726 103.726 103.726 103.726 103.726 103.726 103.726 103.726 103.726 103.726 103.726 103.726 103.726 103.726 154.085 154.085 154.085 470.042
##L_SHORT#######1989 233 22 23 59.912 status LS
#      #
#      #
#CUP_A#
  284.045 103.726 103.726 191.21 103.726 103.726 177.935 103.726 1433.876 1716.471 365.394 421.95 177.935 138.32 806.328 806.328
#CUP_B#
  103.726 562.68 103.726 103.726 165.581 103.726 103.726 103.726 1037.257 407.039 103.726 103.726 103.726 103.726 103.726 103.726
#CUP_C#
  220.806 103.726 103.726 103.726 103.726 103.726 103.726 103.726 723.83 2459.725 177.935 604.66 133.432 107.525 177.935 154.085
#CUP_D#
  103.726 103.726 103.726 103.726 143.388 103.726 103.726 191.21 103.726 220.806 103.726 171.647 115.548 154.085 103.726 103.726
##ELECTR_LONG###1989 233 22 24 05.912 status EL
# E1: 1989 233 22 24 29.432;   E2: 1989 233 22 23 41.432   #
#      #
  3.055 3.055 3.055 21.318 3.055 3.055 28.429 10.014 3.055 29.47 3.055 19.838 54.326 17.809 7.244 5.838 52.406 3.055 3.055 3.055 3.055 36.57 14.877 60.517 67.415 103.814 867.22 750.981
##L_LONG########1989 233 22 24 12.151 status LL
#      #
#      #
#CUP_A#
  39.299 184.61 237.481 3.055 107.617 3.055 213.184 128.826 966.06 2374.811 3.055 674.146 143.509 1115.589 1115.589 1288.262
#CUP_B#
  12.427 246.181 3.055 3.657 115.646 30.549 3.055 3.055 1288.262 698.842 3.055 3.055 3.055 3.055 3.055 3.055
#CUP_C#
  3.055 43.778 56.316 3.055 3.055 3.055 45.382 42.231 543.255 2742.39 111.559 563.157 246.181 255.199 305.495 284.285
#CUP_D#
  96.606 128.826 3.055 143.509 43.778 3.055 83.657 3.055 56.316 3.055 56.316 31.669 40.738 3.055 3.055 3.055
##L_SHORT#######1989 233 22 24 47.912 status LS
#      #
#      #
#CUP_A#
  103.726 103.726 264.324 103.726 237.28 103.726 103.726 103.726 806.328 2208.063 103.726 352.482 103.726 294.45 649.773 750.346
#CUP_B#
  103.726 205.476 103.726 119.781 103.726 103.726 103.726 103.726 1197.806 316.418 103.726 103.726 103.726 103.726 103.726 103.726
#CUP_C#
  103.726 103.726 103.726 103.726 103.726 111.464 128.717 103.726 542.796 2643.239 103.726 437.408 198.215 165.581 143.388 220.806
#CUP_D#
  103.726 103.726 103.726 103.726 103.726 103.726 103.726 103.726 103.726 103.726 103.726 103.726 103.726 124.169 103.726 103.726
##L_LONG########1989 233 22 25 00.152 status LL
#      #
#      #
#CUP_A#
  58.379 3.055 80.701 138.438 67.415 3.055 3.055 3.055 931.921 2551.991 80.701 698.842 198.383 1001.45 1115.589 1435.09
#CUP_B#
  3.055 3.055 86.722 14.351 17.809 3.055 3.055 3.055 1242.737 867.22 3.055 3.055 3.055 3.055 3.055 3.055
#CUP_C#
  3.055 3.055 3.055 6.741 3.055 23.748 3.055 3.055 505.538 2842.851 83.657 563.157 237.481 237.481 284.285 305.495
#CUP_D#
  3.055 3.055 8.672 17.809 3.055 3.055 14.877 42.231 29.47 3.055 67.415 77.849 34.031 3.055 3.055 3.055
##ELECTR_SHORT##1989 233 22 25 18.992 status ES
# E1: 1989 233 22 24 54.872;   E2: 1989 233 22 25 42.872   #
#      #
  103.726 103.726 103.726 103.726 103.726 103.726 103.726 103.726 103.726 103.726 115.548 103.726 103.726 103.726 103.726 138.32 103.726 103.726 103.726 103.726 103.726 103.726 103.726 103.726 103.726 103.726 103.726 103.726
##L_SHORT#######1989 233 22 25 35.912 status LS
#      #
#      #
#CUP_A#
  103.726 378.779 103.726 649.773 103.726 165.581 103.726 103.726 1197.806 1779.35 562.68 213.003 254.983 103.726 965.243 723.83
#CUP_B#
  103.726 365.394 103.726 103.726 352.482 103.726 103.726 103.726 898.228 777.833 103.726 103.726 103.726 103.726 103.726 103.726
#CUP_C#
  103.726 103.726 103.726 254.983 103.726 103.726 103.726 103.726 604.66 2549.832 220.806 505.111 220.806 171.647 177.935 294.45
#CUP_D#
  103.726 103.726 103.726 103.726 237.28 103.726 103.726 228.895 103.726 305.236 103.726 154.085 198.215 213.003 138.32 103.726
##ELECTR_LONG###1989 233 22 25 41.912 status EL
# E1: 1989 233 22 26 05.431;   E2: 1989 233 22 25 17.432   #
#      #
  5.632 3.055 27.424 35.278 45.382 28.429 60.517 13.844 10.381 6.741 3.055 69.884 18.461 7.51 3.055 62.734 77.849 3.055 3.403 3.055 3.055 35.278 10.014 100.145 54.326 86.722 836.574 750.981
##L_LONG########1989 233 22 25 48.152 status LL
#      #
#      #
#CUP_A#
  3.055 67.415 352.78 62.734 62.734 178.086 42.231 165.722 836.574 2374.811 3.055 650.323 198.383 1076.166 1076.166 1242.737
#CUP_B#
  3.055 148.766 48.767 3.055 138.438 20.565 3.055 3.055 1288.262 778.492 3.055 3.055 3.055 3.055 3.055 3.055
#CUP_C#
  3.055 6.273 75.098 3.055 3.055 14.877 28.429 47.044 505.538 2742.39 67.415 524.058 165.722 205.65 305.495 305.495
#CUP_D#
  8.672 3.055 3.055 30.549 24.618 3.055 3.055 3.055 43.778 9.319 3.055 3.055 28.429 25.52 3.055 3.055
##L_SHORT#######1989 233 22 26 23.911 status LS
#      #
#      #
#CUP_A#
  103.726 103.726 103.726 103.726 103.726 103.726 103.726 159.73 673.576 2459.725 103.726 453.431 103.726 407.039 470.042 1000.602
#CUP_B#
  103.726 103.726 103.726 103.726 111.464 103.726 103.726 103.726 1241.685 305.236 103.726 103.726 103.726 103.726 103.726 103.726
#CUP_C#
  103.726 103.726 103.726 103.726 103.726 103.726 103.726 103.726 542.796 2740.069 103.726 487.261 228.895 124.169 143.388 352.482
#CUP_D#
  103.726 103.726 103.726 103.726 103.726 103.726 103.726 103.726 103.726 103.726 103.726 103.726 115.548 103.726 103.726 103.726
##L_LONG########1989 233 22 26 36.152 status LL
#      #
#      #
#CUP_A#
  96.606 72.444 60.517 3.055 3.055 3.055 3.055 45.382 1115.589 2290.889 3.055 650.323 178.086 1076.166 1156.456 1242.737
#CUP_B#
  50.554 3.055 29.47 22.099 3.055 15.987 3.055 3.055 1335.455 650.323 3.055 3.055 3.055 3.055 3.055 3.055
#CUP_C#
  3.055 3.055 3.055 3.283 3.055 37.91 20.565 22.909 605.172 2551.991 69.884 543.255 213.184 213.184 264.548 305.495
#CUP_D#
  3.055 3.055 18.461 22.909 3.055 3.055 3.055 18.461 37.91 3.055 3.055 6.503 36.57 3.283 3.055 3.055
##ELECTR_SHORT##1989 233 22 26 54.992 status ES
# E1: 1989 233 22 26 30.872;   E2: 1989 233 22 27 18.872   #
#      #
  103.726 103.726 103.726 103.726 103.726 103.726 103.726 103.726 103.726 103.726 103.726 103.726 103.726 213.003 103.726 103.726 103.726 103.726 103.726 103.726 103.726 103.726 103.726 103.726 103.726 103.726 103.726 115.548
##L_SHORT#######1989 233 22 27 11.912 status LS
#      #
#      #
#CUP_A#
  138.32 159.73 103.726 470.042 103.726 392.655 103.726 103.726 777.833 2130.034 103.726 1716.471 1075.255 154.085 523.614 1383.205
#CUP_B#
  103.726 470.042 103.726 103.726 365.394 103.726 274.007 103.726 1075.255 437.408 103.726 103.726 103.726 103.726 103.726 103.726
#CUP_C#
  228.895 103.726 103.726 228.895 103.726 103.726 103.726 103.726 523.614 2643.239 103.726 604.66 103.726 245.972 138.32 365.394
#CUP_D#
  103.726 103.726 103.726 103.726 103.726 103.726 103.726 154.085 103.726 103.726 103.726 103.726 237.28 220.806 274.007 103.726
##ELECTR_LONG###1989 233 22 27 17.912 status EL
# E1: 1989 233 22 27 41.432;   E2: 1989 233 22 26 53.432   #
#      #
  9.319 39.299 3.055 3.055 6.988 3.055 18.461 13.355 24.618 35.278 40.738 15.422 8.99 3.055 26.455 29.47 21.318 3.055 75.098 35.278 3.055 143.509 34.031 154.216 3.055 111.559 898.988 724.443
##L_LONG########1989 233 22 27 24.152 status LL
#      #
#      #
#CUP_A#
  65.032 42.231 264.548 3.055 60.517 15.422 3.055 67.415 966.06 2374.811 36.57 605.172 198.383 1038.136 1115.589 1242.737
#CUP_B#
  3.055 133.545 31.669 3.055 77.849 3.055 3.055 3.055 1335.455 698.842 3.055 3.055 3.055 3.055 3.055 3.055
#CUP_C#
  3.055 48.767 40.738 3.055 40.738 6.741 69.884 77.849 505.538 2645.478 69.884 543.255 246.181 246.181 284.285 305.495
#CUP_D#
  5.055 3.055 3.055 29.47 5.055 3.055 3.055 3.055 48.767 3.055 3.055 12.427 34.031 3.055 3.055 3.055
##M_LONG########1989 233 22 27 58.711 status ML
#      #
#      #
#CUP_A#
  23.421 23.421 79.59 46.397 23.421 23.421 23.421 498.581 68.922 82.506 23.421 23.421 23.421 66.487 82.506 23.421 23.421 23.421 23.421 23.421 23.421 23.421 23.421 23.421 23.421 30.129 23.421 82.506 33.563 23.421 23.421 23.421 23.421 23.421 43.175 23.421 23.421 23.421 23.421 23.421 29.064 27.046 23.421 23.421 49.858 23.421 23.421 23.421 23.421 23.421 23.421 23.421 23.421 23.421 23.421 23.421 43.175 312.328 23.421 59.684 23.421 23.421 23.421 23.421 23.421 55.541 23.421 23.421 23.421 23.421 217.952 1061.355 1467.188 498.581 71.447 23.421 23.421 23.421 23.421 23.421 23.421 23.421 23.421 30.129 26.091 23.421 23.421 23.421 23.421 61.871 175.635 71.447 28.037 44.757 31.233 23.421 49.858 23.421 48.096 88.662 55.541 23.421 23.421 23.421 23.421 41.65 23.421 202.82 23.421 106.135 260.907 182.069 169.428 169.428 152.093 182.069 23.421 79.59 260.907 242.793 91.91 141.534 88.662 373.883 66.487 23.421 260.907 270.465
#CUP_B#
  110.024 23.421 23.421 23.421 44.757 71.447 23.421 23.421 431.753 23.421 23.421 23.421 23.421 23.421 23.421 23.421 23.421 48.096 33.563 23.421 36.067 23.421 23.421 23.421 41.65 23.421 23.421 23.421 29.064 23.421 23.421 23.421 23.421 23.421 23.421 23.421 23.421 23.421 23.421 23.421 23.421 23.421 23.421 23.421 23.421 23.421 33.563 23.421 23.421 23.421 23.421 23.421 23.421 23.421 23.421 23.421 23.421 23.421 1023.848 23.421 23.421 23.421 23.421 23.421 23.421 23.421 23.421 23.421 23.421 23.421 335.63 1317.076 1100.236 169.428 23.421 23.421 23.421 23.421 23.421 23.421 23.421 23.421 23.421 23.421 23.421 23.421 23.421 23.421 23.421 23.421 23.421 23.421 23.421 23.421 23.421 23.421 23.421 23.421 23.421 23.421 23.421 23.421 23.421 23.421 23.421 23.421 23.421 23.421 88.662 23.421 23.421 23.421 23.421 23.421 23.421 23.421 23.421 23.421 23.421 23.421 23.421 23.421 23.421 23.421 23.421 23.421 23.421 23.421
#CUP_C#
  23.421 23.421 23.421 23.421 23.421 23.421 23.421 23.421 23.421 23.421 23.421 23.421 23.421 23.421 23.421 23.421 23.421 23.421 23.421 23.421 23.421 34.792 23.421 32.377 29.064 23.421 23.421 44.757 23.421 23.421 23.421 23.421 33.563 23.421 29.064 28.037 23.421 23.421 23.421 23.421 51.685 23.421 23.421 23.421 23.421 23.421 23.421 23.421 37.388 23.421 23.421 38.758 23.421 23.421 23.421 23.421 23.421 26.091 23.421 23.421 23.421 23.421 23.421 41.65 23.421 23.421 23.421 59.684 23.421 23.421 122.563 664.868 1520.935 825.06 136.532 31.233 23.421 23.421 23.421 23.421 23.421 23.421 23.421 23.421 71.447 23.421 23.421 41.65 23.421 51.685 127.053 68.922 68.922 34.792 31.233 23.421 23.421 23.421 38.758 24.279 64.137 25.169 48.096 23.421 57.575 43.175 23.421 118.232 23.421 110.024 40.178 127.053 23.421 82.506 23.421 23.421 23.421 23.421 71.447 23.421 82.506 23.421 66.487 64.137 23.421 23.421 23.421 74.065
#CUP_D#
  23.421 23.421 23.421 23.421 49.858 23.421 23.421 23.421 33.563 23.421 23.421 23.421 23.421 23.421 23.421 23.421 23.421 29.064 30.129 23.421 23.421 23.421 23.421 23.421 23.421 23.421 31.233 23.421 23.421 23.421 76.778 82.506 102.385 48.096 23.421 23.421 25.169 23.421 23.421 23.421 23.421 23.421 23.421 23.421 23.421 57.575 51.685 23.421 43.175 23.421 23.421 23.421 23.421 23.421 23.421 23.421 23.421 23.421 23.421 23.421 23.421 23.421 23.421 23.421 51.685 23.421 41.65 57.575 38.758 23.421 23.421 23.421 23.421 23.421 23.421 23.421 23.421 23.421 53.578 53.578 23.421 23.421 23.421 23.421 23.421 23.421 23.421 23.421 24.279 28.037 23.421 23.421 51.685 23.421 23.421 23.421 55.541 23.421 40.178 23.421 23.421 23.421 40.178 23.421 23.421 23.421 31.233 23.421 23.421 23.421 23.421 23.421 23.421 23.421 66.487 23.421 71.447 82.506 23.421 23.421 23.421 23.421 23.421 23.421 23.421 23.421 23.421 23.421
##L_LONG########1989 233 22 30 03.510 status LL
#      #
#      #
#CUP_A#
  10.014 75.098 3.055 3.055 3.055 3.055 3.055 3.055 931.921 1913.723 3.93 605.172 453.815 1001.45 1076.166 1384.376
#CUP_B#
  3.055 148.766 3.055 77.849 3.055 3.055 3.055 3.055 898.988 583.787 3.055 3.055 3.055 3.055 3.055 3.055
#CUP_C#
  3.055 3.055 3.055 3.055 3.055 3.791 22.099 62.734 583.787 2209.933 67.415 505.538 237.481 246.181 255.199 305.495
#CUP_D#
  45.382 34.031 83.657 3.055 22.909 28.429 3.055 3.055 3.055 3.055 42.231 28.429 4.378 3.055 3.055 3.055
##L_SHORT#######1989 233 22 30 23.911 status LS
#      #
#      #
#CUP_A#
  284.045 103.726 213.003 103.726 254.983 103.726 340.025 103.726 1037.257 1486.403 103.726 698.251 103.726 421.95 835.866 750.346
#CUP_B#
  103.726 328.01 103.726 124.169 103.726 284.045 103.726 103.726 777.833 191.21 103.726 103.726 103.726 103.726 103.726 103.726
#CUP_C#
  184.453 103.726 103.726 159.73 103.726 103.726 103.726 103.726 626.811 2372.802 148.64 365.394 274.007 148.64 198.215 198.215
#CUP_D#
  103.726 103.726 103.726 103.726 103.726 103.726 103.726 103.726 103.726 103.726 103.726 103.726 103.726 124.169 107.525 103.726
##L_LONG########1989 233 22 30 36.151 status LL
#      #
#      #
#CUP_A#
  171.792 89.899 28.429 3.055 3.055 72.444 128.826 15.987 724.443 1846.095 43.778 627.342 470.44 966.06 1156.456 1435.09
#CUP_B#
  54.326 45.382 26.455 3.055 12.883 3.055 3.055 3.055 1038.136 422.308 3.055 3.055 3.055 3.055 3.055 3.055
#CUP_C#
  3.055 31.669 19.838 11.988 3.055 39.299 39.299 3.055 437.778 2131.838 77.849 470.44 264.548 237.481 274.239 305.495
#CUP_D#
  6.503 28.429 3.055 3.055 34.031 58.379 15.422 3.055 3.055 22.909 3.791 3.055 3.055 3.055 3.055 3.055
##ELECTR_SHORT##1989 233 22 30 54.991 status ES
# E1: 1989 233 22 30 30.871;   E2: 1989 233 22 31 18.871   #
#      #
  103.726 254.983 103.726 171.647 103.726 228.895 103.726 165.581 103.726 119.781 103.726 103.726 103.726 103.726 103.726 103.726 103.726 159.73 143.388 228.895 184.453 191.21 111.464 103.726 103.726 103.726 103.726 103.726
##L_SHORT#######1989 233 22 31 11.911 status LS
#      #
#      #
#CUP_A#
  103.726 245.972 103.726 365.394 103.726 103.726 154.085 103.726 1241.685 1597.3 205.476 523.614 103.726 103.726 583.293 898.228
#CUP_B#
  103.726 487.261 103.726 103.726 407.039 103.726 133.432 103.726 898.228 254.983 103.726 103.726 103.726 103.726 103.726 103.726
#CUP_C#
  111.464 103.726 103.726 228.895 103.726 103.726 103.726 103.726 626.811 2288.951 143.388 470.042 107.525 198.215 148.64 274.007
#CUP_D#
  115.548 103.726 103.726 103.726 154.085 103.726 103.726 138.32 103.726 171.647 103.726 103.726 154.085 103.726 294.45 103.726
##ELECTR_LONG###1989 233 22 31 17.911 status EL
# E1: 1989 233 22 31 41.431;   E2: 1989 233 22 30 53.431   #
#      #
  3.055 19.838 14.351 40.738 9.319 29.47 75.098 3.055 62.734 3.055 27.424 3.055 30.549 50.554 3.055 27.424 138.438 24.618 3.055 19.838 3.055 31.669 3.055 39.299 25.52 111.559 867.22 698.842
##L_LONG########1989 233 22 31 24.151 status LL
#      #
#      #
#CUP_A#
  36.57 93.192 294.699 3.055 165.722 72.444 35.278 60.517 836.574 1657.216 3.055 543.255 119.882 1001.45 1076.166 1335.455
#CUP_B#
  3.055 128.826 128.826 42.231 25.52 7.51 3.055 3.055 1001.45 407.384 3.055 3.055 3.055 3.055 3.055 3.055
#CUP_C#
  25.52 14.351 13.844 3.055 27.424 43.778 28.429 30.549 543.255 2056.502 100.145 407.384 305.495 246.181 305.495 305.495
#CUP_D#
  21.318 14.351 6.273 3.055 3.055 24.618 47.044 3.055 3.055 3.055 30.549 3.055 3.055 3.055 3.055 3.055
##L_SHORT#######1989 233 22 31 59.911 status LS
#      #
#      #
#CUP_A#
  103.726 103.726 165.581 103.726 378.779 103.726 103.726 103.726 1037.257 1287.172 294.45 103.726 340.025 103.726 866.486 523.614
#CUP_B#
  237.28 103.726 124.169 103.726 103.726 103.726 103.726 103.726 1037.257 103.726 103.726 103.726 103.726 103.726 103.726 103.726
#CUP_C#
  103.726 103.726 103.726 103.726 103.726 103.726 103.726 103.726 562.68 2130.034 143.388 378.779 159.73 177.935 177.935 245.972
#CUP_D#
  103.726 103.726 103.726 103.726 115.548 103.726 103.726 103.726 103.726 103.726 103.726 103.726 103.726 198.215 103.726 103.726
##L_LONG########1989 233 22 32 12.151 status LL
#      #
#      #
#CUP_A#
  3.055 119.882 93.192 86.722 3.055 5.838 3.055 133.545 898.988 1717.925 3.055 437.778 284.285 1001.45 1156.456 1384.376
#CUP_B#
  60.517 7.51 3.055 3.055 96.606 3.055 3.055 3.055 1156.456 237.481 3.055 3.055 3.055 3.055 3.055 3.055
#CUP_C#
  3.055 3.055 3.055 27.424 3.055 5.055 34.031 72.444 524.058 1983.829 93.192 487.673 213.184 213.184 294.699 305.495
#CUP_D#
  30.549 36.57 3.055 3.055 27.424 35.278 17.809 3.055 3.055 11.988 3.055 3.055 3.055 3.055 3.055 3.055
##ELECTR_SHORT##1989 233 22 32 30.991 status ES
# E1: 1989 233 22 32 06.871;   E2: 1989 233 22 32 54.871   #
#      #
  103.726 103.726 103.726 133.432 103.726 128.717 103.726 103.726 148.64 103.726 103.726 103.726 103.726 103.726 103.726 103.726 103.726 154.085 228.895 198.215 171.647 133.432 103.726 103.726 103.726 103.726 103.726 103.726
##L_SHORT#######1989 233 22 32 47.911 status LS
#      #
#      #
#CUP_A#
  103.726 177.935 103.726 103.726 103.726 103.726 213.003 103.726 1486.403 1241.685 421.95 294.45 213.003 103.726 806.328 626.811
#CUP_B#
  103.726 437.408 103.726 103.726 284.045 103.726 103.726 103.726 866.486 294.45 103.726 103.726 103.726 103.726 103.726 103.726
#CUP_C#
  103.726 103.726 103.726 133.432 103.726 103.726 103.726 103.726 673.576 2130.034 154.085 505.111 148.64 198.215 119.781 191.21
#CUP_D#
  103.726 103.726 115.548 103.726 143.388 103.726 103.726 220.806 103.726 154.085 103.726 159.73 245.972 103.726 148.64 103.726
##ELECTR_LONG###1989 233 22 32 53.911 status EL
# E1: 1989 233 22 33 17.431;   E2: 1989 233 22 32 29.431   #
#      #
  3.055 3.055 14.351 3.055 67.415 58.379 52.406 3.055 60.517 29.47 72.444 58.379 21.318 17.179 42.231 26.455 47.044 54.326 3.055 20.565 3.055 34.031 24.618 36.57 124.274 159.865 898.988 807.01
##L_LONG########1989 233 22 33 00.150 status LL
#      #
#      #
#CUP_A#
  3.055 246.181 284.285 3.055 65.032 3.055 111.559 124.274 898.988 1846.095 3.055 487.673 264.548 966.06 1156.456 1335.455
#CUP_B#
  3.055 14.877 58.379 14.877 4.538 3.055 3.055 3.055 1076.166 365.703 3.055 3.055 3.055 3.055 3.055 3.055
#CUP_C#
  3.055 3.055 47.044 3.055 56.316 3.055 18.461 50.554 437.778 2209.933 75.098 470.44 198.383 246.181 305.495 305.495
#CUP_D#
  48.767 10.381 3.055 3.055 3.055 77.849 3.055 3.055 17.179 8.672 3.055 3.055 9.661 3.055 3.055 3.055
##L_SHORT#######1989 233 22 33 35.911 status LS
#      #
#      #
#CUP_A#
  453.431 103.726 305.236 103.726 103.726 103.726 103.726 103.726 698.251 1779.35 103.726 626.811 103.726 453.431 562.68 965.243
#CUP_B#
  103.726 171.647 103.726 184.453 103.726 103.726 103.726 103.726 806.328 184.453 103.726 103.726 103.726 103.726 103.726 103.726
#CUP_C#
  143.388 103.726 165.581 103.726 103.726 103.726 103.726 103.726 542.796 2288.951 103.726 421.95 245.972 119.781 103.726 228.895
#CUP_D#
  103.726 103.726 103.726 103.726 133.432 103.726 103.726 103.726 115.548 103.726 103.726 103.726 119.781 254.983 154.085 103.726
##L_LONG########1989 233 22 33 48.150 status LL
#      #
#      #
#CUP_A#
  165.722 67.415 3.055 3.055 3.055 103.814 3.055 86.722 867.22 1717.925 3.055 524.058 246.181 1001.45 1076.166 1384.376
#CUP_B#
  3.055 37.91 62.734 3.055 3.055 3.055 3.055 3.055 1001.45 407.384 3.055 3.055 3.055 3.055 3.055 3.055
#CUP_C#
  58.379 58.379 52.406 3.055 3.055 7.244 8.672 23.748 505.538 2131.838 124.274 422.308 184.61 191.372 255.199 305.495
#CUP_D#
  30.549 17.179 31.669 3.055 107.617 3.055 11.988 5.433 3.055 3.055 3.055 3.055 3.055 3.055 3.055 3.055
##ELECTR_SHORT##1989 233 22 34 06.991 status ES
# E1: 1989 233 22 33 42.871;   E2: 1989 233 22 34 30.871   #
#      #
  103.726 103.726 103.726 103.726 103.726 103.726 154.085 103.726 103.726 103.726 111.464 103.726 103.726 103.726 103.726 103.726 103.726 191.21 103.726 103.726 191.21 103.726 124.169 103.726 177.935 103.726 154.085 177.935
##L_SHORT#######1989 233 22 34 23.911 status LS
#      #
#      #
#CUP_A#
  115.548 103.726 103.726 103.726 103.726 103.726 198.215 103.726 1075.255 1540.854 220.806 407.039 103.726 487.261 604.66 723.83
#CUP_B#
  103.726 487.261 103.726 103.726 365.394 103.726 159.73 103.726 626.811 583.293 103.726 103.726 103.726 103.726 103.726 103.726
#CUP_C#
  128.717 103.726 103.726 159.73 103.726 103.726 184.453 103.726 583.293 2130.034 103.726 487.261 103.726 213.003 143.388 245.972
#CUP_D#
  103.726 103.726 171.647 103.726 107.525 103.726 103.726 103.726 103.726 165.581 103.726 103.726 245.972 205.476 159.73 103.726
##ELECTR_LONG###1989 233 22 34 29.911 status EL
# E1: 1989 233 22 34 53.431;   E2: 1989 233 22 34 05.431   #
#      #
  3.055 3.055 8.07 54.326 48.767 36.57 52.406 3.055 18.461 11.565 3.055 43.778 75.098 4.378 75.098 62.734 3.055 58.379 3.055 3.055 3.055 14.877 107.617 39.299 80.701 119.882 931.921 750.981
##L_LONG########1989 233 22 34 36.151 status LL
#      #
#      #
#CUP_A#
  3.055 264.548 274.239 3.055 103.814 3.055 67.415 96.606 966.06 1983.829 3.055 605.172 165.722 966.06 1076.166 1384.376
#CUP_B#
  3.055 171.792 3.055 107.617 40.738 5.055 3.055 3.055 1001.45 563.157 3.055 3.055 3.055 3.055 3.055 3.055
#CUP_C#
  3.055 12.427 7.785 3.055 65.032 18.461 36.57 36.57 487.673 2290.889 100.145 392.988 184.61 229.089 305.495 305.495
#CUP_D#
  171.792 72.444 31.669 178.086 30.549 28.429 62.734 3.055 17.179 3.055 3.055 3.055 20.565 3.055 3.055 3.055
##L_SHORT#######1989 233 22 35 11.911 status LS
#      #
#      #
#CUP_A#
  103.726 103.726 103.726 115.548 103.726 237.28 103.726 254.983 284.045 2288.951 103.726 698.251 103.726 470.042 562.68 1197.806
#CUP_B#
  103.726 171.647 107.525 103.726 103.726 103.726 103.726 103.726 931.132 184.453 103.726 103.726 103.726 103.726 103.726 103.726
#CUP_C#
  103.726 103.726 103.726 103.726 103.726 103.726 103.726 103.726 365.394 2372.802 103.726 542.796 103.726 213.003 213.003 328.01
#CUP_D#
  103.726 103.726 103.726 103.726 103.726 103.726 103.726 143.388 103.726 103.726 103.726 103.726 103.726 191.21 103.726 103.726
##L_LONG########1989 233 22 35 24.151 status LL
#      #
#      #
#CUP_A#
  60.517 26.455 89.899 83.657 3.055 47.044 3.055 3.055 807.01 2056.502 54.326 583.787 294.699 1076.166 1115.589 1384.376
#CUP_B#
  18.461 103.814 154.216 3.055 3.055 58.379 3.055 3.055 931.921 605.172 3.055 3.055 3.055 3.055 3.055 3.055
#CUP_C#
  35.278 3.055 45.382 3.055 30.549 3.055 3.055 96.606 453.815 2374.811 138.438 392.988 255.199 154.216 294.699 305.495
#CUP_D#
  3.055 3.055 27.424 7.785 30.549 3.055 18.461 27.424 3.055 75.098 3.055 3.283 3.055 3.055 3.055 3.055
##ELECTR_SHORT##1989 233 22 35 42.991 status ES
# E1: 1989 233 22 35 18.871;   E2: 1989 233 22 36 06.871   #
#      #
  103.726 103.726 103.726 128.717 103.726 103.726 103.726 103.726 103.726 103.726 165.581 103.726 103.726 103.726 103.726 103.726 103.726 103.726 103.726 133.432 148.64 103.726 103.726 103.726 124.169 264.324 103.726 316.418
##L_SHORT#######1989 233 22 35 59.911 status LS
#      #
#      #
#CUP_A#
  103.726 604.66 103.726 378.779 103.726 103.726 103.726 103.726 723.83 1912.104 103.726 284.045 103.726 352.482 470.042 1114.645
#CUP_B#
  103.726 228.895 103.726 103.726 437.408 103.726 205.476 103.726 698.251 523.614 103.726 103.726 103.726 103.726 103.726 103.726
#CUP_C#
  103.726 103.726 103.726 103.726 103.726 103.726 165.581 103.726 470.042 2372.802 103.726 421.95 177.935 274.007 115.548 294.45
#CUP_D#
  115.548 103.726 191.21 103.726 171.647 103.726 103.726 103.726 103.726 165.581 103.726 103.726 245.972 111.464 171.647 103.726
##ELECTR_LONG###1989 233 22 36 05.911 status EL
# E1: 1989 233 22 36 29.431;   E2: 1989 233 22 35 41.431   #
#      #
  60.517 34.031 56.316 3.055 37.91 40.738 13.355 89.899 8.366 60.517 3.055 30.549 52.406 39.299 3.055 3.055 3.055 3.055 3.055 3.055 12.883 8.99 77.849 72.444 128.826 143.509 898.988 724.443
##L_LONG########1989 233 22 36 12.151 status LL
#      #
#      #
#CUP_A#
  60.517 178.086 255.199 19.137 37.91 23.748 3.055 119.882 605.172 2209.933 30.549 505.538 213.184 1115.589 966.06 1435.09
#CUP_B#
  3.055 48.767 3.055 72.444 47.044 27.424 3.055 3.055 778.492 674.146 3.055 3.055 3.055 3.055 3.055 3.055
#CUP_C#
  3.055 22.099 86.722 3.055 13.355 3.055 3.055 67.415 340.313 2374.811 143.509 437.778 191.372 198.383 274.239 305.495
#CUP_D#
  86.722 148.766 3.055 48.767 171.792 19.838 13.355 65.032 42.231 83.657 34.031 191.372 32.829 58.379 3.055 3.055
##L_SHORT#######1989 233 22 36 47.911 status LS
#      #
#      #
#CUP_A#
  103.726 352.482 103.726 213.003 103.726 103.726 138.32 103.726 866.486 1540.854 205.476 103.726 392.655 103.726 1075.255 649.773
#CUP_B#
  191.21 103.726 103.726 103.726 115.548 103.726 103.726 103.726 673.576 470.042 103.726 103.726 103.726 103.726 103.726 103.726
#CUP_C#
  103.726 103.726 103.726 103.726 103.726 103.726 103.726 103.726 437.408 2372.802 119.781 328.01 184.453 165.581 184.453 245.972
#CUP_D#
  103.726 119.781 103.726 103.726 103.726 103.726 103.726 103.726 103.726 103.726 103.726 119.781 103.726 103.726 103.726 103.726
##L_LONG########1989 233 22 37 00.150 status LL
#      #
#      #
#CUP_A#
  3.055 148.766 42.231 133.545 3.055 3.055 3.055 69.884 778.492 2056.502 58.379 407.384 437.778 966.06 1001.45 1335.455
#CUP_B#
  6.273 56.316 3.055 3.055 72.444 100.145 3.055 3.055 674.146 627.342 3.055 3.055 3.055 3.055 3.055 3.055
#CUP_C#
  3.055 3.055 8.99 3.055 14.351 7.785 3.055 17.179 392.988 2290.889 27.424 437.778 255.199 237.481 305.495 305.495
#CUP_D#
  23.748 3.055 8.07 3.055 3.055 24.618 3.055 31.669 3.055 111.559 47.044 34.031 77.849 3.055 3.055 3.055
##ELECTR_SHORT##1989 233 22 37 18.991 status ES
# E1: 1989 233 22 36 54.871;   E2: 1989 233 22 37 42.871   #
#      #
  103.726 103.726 103.726 103.726 103.726 103.726 103.726 103.726 103.726 103.726 103.726 103.726 103.726 103.726 103.726 103.726 103.726 103.726 103.726 103.726 103.726 103.726 103.726 103.726 103.726 103.726 103.726 143.388
##L_SHORT#######1989 233 22 37 35.911 status LS
#      #
#      #
#CUP_A#
  103.726 583.293 103.726 228.895 103.726 103.726 103.726 103.726 931.132 1383.205 328.01 133.432 148.64 103.726 750.346 806.328
#CUP_B#
  103.726 305.236 103.726 103.726 487.261 103.726 284.045 103.726 542.796 487.261 103.726 103.726 103.726 103.726 103.726 103.726
#CUP_C#
  103.726 103.726 103.726 245.972 103.726 103.726 165.581 103.726 542.796 2130.034 177.935 407.039 124.169 316.418 119.781 213.003
#CUP_D#
  103.726 103.726 103.726 103.726 103.726 103.726 103.726 103.726 103.726 294.45 103.726 128.717 237.28 103.726 159.73 103.726
##ELECTR_LONG###1989 233 22 37 41.911 status EL
# E1: 1989 233 22 38 05.431;   E2: 1989 233 22 37 17.431   #
#      #
  3.055 3.055 13.844 56.316 65.032 9.661 35.278 28.429 58.379 39.299 39.299 37.91 3.055 25.52 8.366 3.055 3.055 12.883 3.055 3.055 52.406 50.554 103.814 72.444 133.545 72.444 931.921 724.443
##L_LONG########1989 233 22 37 48.150 status LL
#      #
#      #
#CUP_A#
  47.044 3.055 392.988 171.792 31.669 80.701 3.055 159.865 836.574 1983.829 75.098 284.285 191.372 1038.136 966.06 1487.662
#CUP_B#
  11.156 39.299 22.099 3.055 26.455 3.055 3.055 3.055 867.22 524.058 3.055 3.055 3.055 3.055 3.055 3.055
#CUP_C#
  3.055 3.055 26.455 3.055 3.055 4.538 36.57 48.767 392.988 2209.933 75.098 407.384 255.199 198.383 213.184 305.495
#CUP_D#
  7.51 3.055 3.055 40.738 3.055 3.055 3.055 3.055 23.748 3.055 3.055 62.734 17.809 14.351 3.055 3.055
##L_SHORT#######1989 233 22 38 23.911 status LS
#      #
#      #
#CUP_A#
  103.726 245.972 103.726 124.169 103.726 294.45 103.726 138.32 421.95 1912.104 154.085 220.806 128.717 154.085 898.228 777.833
#CUP_B#
  103.726 103.726 119.781 103.726 103.726 103.726 103.726 103.726 649.773 284.045 103.726 103.726 103.726 103.726 103.726 103.726
#CUP_C#
  103.726 103.726 103.726 103.726 103.726 115.548 103.726 103.726 392.655 2372.802 148.64 437.408 205.476 124.169 213.003 316.418
#CUP_D#
  103.726 103.726 103.726 103.726 103.726 103.726 103.726 103.726 103.726 107.525 103.726 103.726 159.73 254.983 103.726 103.726
##L_LONG########1989 233 22 38 36.151 status LL
#      #
#      #
#CUP_A#
  3.055 65.032 3.055 19.137 39.299 69.884 3.055 3.055 650.323 1983.829 124.274 487.673 524.058 1001.45 1115.589 1435.09
#CUP_B#
  3.055 148.766 133.545 29.47 3.055 3.055 3.055 3.055 750.981 605.172 3.055 3.055 3.055 3.055 3.055 3.055
#CUP_C#
  3.055 25.52 3.055 3.055 3.055 45.382 62.734 7.51 352.78 2131.838 111.559 379.1 246.181 205.65 274.239 305.495
#CUP_D#
  3.055 3.055 15.422 28.429 3.055 3.055 3.055 23.748 20.565 3.055 3.055 14.351 42.231 3.055 3.055 3.055
##ELECTR_SHORT##1989 233 22 38 54.991 status ES
# E1: 1989 233 22 38 30.871;   E2: 1989 233 22 39 18.871   #
#      #
  103.726 103.726 103.726 103.726 103.726 103.726 103.726 103.726 107.525 103.726 103.726 103.726 103.726 119.781 103.726 103.726 103.726 103.726 103.726 103.726 103.726 103.726 103.726 103.726 103.726 103.726 103.726 119.781
##L_SHORT#######1989 233 22 39 11.911 status LS
#      #
#      #
#CUP_A#
  103.726 264.324 103.726 103.726 103.726 103.726 213.003 103.726 1075.255 1486.403 213.003 378.779 103.726 340.025 673.576 723.83
#CUP_B#
  103.726 340.025 111.464 103.726 274.007 103.726 103.726 103.726 437.408 583.293 103.726 103.726 103.726 103.726 103.726 103.726
#CUP_C#
  119.781 103.726 103.726 124.169 103.726 103.726 103.726 103.726 604.66 2054.762 107.525 365.394 165.581 254.983 111.464 352.482
#CUP_D#
  103.726 103.726 103.726 103.726 115.548 103.726 103.726 107.525 103.726 245.972 103.726 103.726 191.21 103.726 133.432 103.726
##ELECTR_LONG###1989 233 22 39 17.911 status EL
# E1: 1989 233 22 39 41.431;   E2: 1989 233 22 38 53.431   #
#      #
  3.055 21.318 35.278 3.055 43.778 43.778 7.785 50.554 19.137 5.838 52.406 34.031 65.032 7.51 72.444 3.055 3.055 103.814 3.055 34.031 3.055 35.278 83.657 56.316 25.52 115.646 898.988 698.842
##L_LONG########1989 233 22 39 24.151 status LL
#      #
#      #
#CUP_A#
  103.814 75.098 171.792 3.055 246.181 229.089 3.055 80.701 246.181 2209.933 86.722 605.172 274.239 1038.136 966.06 1384.376
#CUP_B#
  32.829 69.884 3.055 83.657 16.572 3.055 3.055 3.055 898.988 563.157 3.055 3.055 3.055 3.055 3.055 3.055
#CUP_C#
  3.055 69.884 62.734 3.055 5.055 27.424 29.47 67.415 340.313 2290.889 107.617 352.78 246.181 237.481 255.199 305.495
#CUP_D#
  3.055 3.055 3.055 35.278 17.809 3.055 3.055 3.055 34.031 14.877 3.055 3.055 17.809 42.231 3.055 3.055
##M_LONG########1989 233 22 39 58.710 status ML
#      #
#      #
#CUP_A#
  23.421 40.178 61.871 23.421 23.421 23.421 74.065 347.925 23.421 23.421 23.421 74.065 79.59 23.421 23.421 23.421 23.421 71.447 79.59 57.575 23.421 23.421 23.421 23.421 49.858 23.421 23.421 23.421 23.421 23.421 23.421 32.377 23.421 23.421 23.421 23.421 23.421 23.421 23.421 23.421 24.279 23.421 23.421 23.421 32.377 49.858 27.046 23.421 23.421 23.421 23.421 23.421 23.421 31.233 51.685 23.421 23.421 431.753 23.421 23.421 31.233 23.421 23.421 28.037 23.421 23.421 23.421 23.421 23.421 24.279 106.135 618.708 1270.532 740.646 136.532 23.421 23.421 23.421 23.421 23.421 24.279 33.563 23.421 23.421 23.421 23.421 23.421 23.421 23.421 37.388 169.428 91.91 44.757 23.421 76.778 38.758 48.096 24.279 23.421 23.421 49.858 23.421 23.421 23.421 23.421 29.064 23.421 141.534 88.662 51.685 260.907 169.428 217.952 98.767 106.135 234.213 127.053 157.665 251.687 217.952 74.065 91.91 202.82 323.769 114.054 23.421 169.428 195.653
#CUP_B#
  23.421 23.421 23.421 23.421 61.871 23.421 23.421 23.421 987.667 23.421 23.421 23.421 23.421 37.388 23.421 61.871 55.541 23.421 29.064 23.421 23.421 27.046 23.421 23.421 23.421 23.421 26.091 23.421 23.421 34.792 23.421 41.65 23.421 23.421 23.421 23.421 23.421 23.421 30.129 23.421 23.421 55.541 23.421 23.421 23.421 23.421 23.421 23.421 23.421 23.421 23.421 23.421 23.421 23.421 23.421 23.421 23.421 23.421 82.506 53.578 23.421 23.421 23.421 23.421 23.421 23.421 23.421 23.421 23.421 23.421 251.687 886.616 1023.848 234.213 23.421 23.421 23.421 23.421 23.421 23.421 23.421 23.421 23.421 23.421 23.421 23.421 23.421 23.421 23.421 23.421 23.421 23.421 23.421 23.421 23.421 23.421 23.421 23.421 23.421 23.421 23.421 23.421 23.421 23.421 23.421 23.421 23.421 23.421 23.421 23.421 23.421 23.421 23.421 23.421 23.421 23.421 23.421 23.421 23.421 23.421 23.421 23.421 23.421 23.421 23.421 23.421 23.421 23.421
#CUP_C#
  23.421 23.421 46.397 32.377 23.421 23.421 43.175 23.421 23.421 23.421 23.421 32.377 36.067 23.421 23.421 23.421 23.421 23.421 23.421 23.421 53.578 26.091 23.421 23.421 49.858 33.563 23.421 23.421 23.421 23.421 66.487 23.421 23.421 31.233 23.421 51.685 23.421 23.421 23.421 23.421 23.421 23.421 33.563 23.421 48.096 25.169 23.421 23.421 23.421 23.421 23.421 23.421 23.421 51.685 23.421 23.421 46.397 23.421 23.421 23.421 23.421 23.421 31.233 23.421 23.421 23.421 23.421 37.388 23.421 23.421 23.421 280.373 1100.236 1023.848 335.63 110.024 23.421 23.421 23.421 23.421 23.421 30.129 23.421 23.421 23.421 23.421 23.421 23.421 38.758 41.65 95.276 182.069 23.421 23.421 23.421 79.59 23.421 23.421 23.421 23.421 23.421 23.421 23.421 23.421 23.421 23.421 23.421 23.421 23.421 27.046 23.421 118.232 61.871 44.757 23.421 71.447 44.757 48.096 23.421 30.129 40.178 48.096 55.541 102.385 23.421 40.178 23.421 66.487
#CUP_D#
  48.096 28.037 23.421 23.421 23.421 38.758 51.685 106.135 37.388 23.421 23.421 23.421 23.421 30.129 23.421 23.421 23.421 23.421 33.563 23.421 23.421 23.421 23.421 31.233 23.421 23.421 23.421 32.377 23.421 23.421 23.421 28.037 23.421 23.421 23.421 38.758 23.421 23.421 36.067 23.421 23.421 23.421 23.421 23.421 23.421 23.421 38.758 33.563 23.421 23.421 23.421 23.421 23.421 48.096 23.421 23.421 30.129 23.421 66.487 23.421 23.421 23.421 23.421 29.064 23.421 23.421 23.421 46.397 23.421 23.421 23.421 24.279 23.421 23.421 23.421 23.421 23.421 23.421 23.421 49.858 32.377 59.684 66.487 79.59 23.421 23.421 23.421 23.421 23.421 23.421 23.421 23.421 23.421 23.421 40.178 30.129 37.388 51.685 27.046 23.421 23.421 23.421 23.421 23.421 23.421 23.421 23.421 23.421 74.065 23.421 23.421 23.421 23.421 24.279 48.096 23.421 23.421 23.421 34.792 23.421 23.421 23.421 23.421 23.421 23.421 23.421 23.421 23.421
##L_LONG########1989 233 22 42 03.510 status LL
#      #
#      #
#CUP_A#
  3.055 27.424 3.055 3.055 3.055 3.055 3.055 3.055 724.443 2131.838 3.055 583.787 213.184 1038.136 1038.136 1288.262
#CUP_B#
  3.055 6.988 3.055 50.554 3.055 3.055 3.055 3.055 931.921 543.255 3.055 3.055 3.055 3.055 3.055 3.055
#CUP_C#
  3.055 27.424 15.987 6.052 5.433 3.055 3.055 17.809 470.44 2374.811 165.722 505.538 198.383 205.65 274.239 305.495
#CUP_D#
  3.055 10.381 3.055 18.461 3.055 3.055 3.528 3.055 3.055 83.657 10.762 52.406 3.055 3.055 3.055 3.055
##L_SHORT#######1989 233 22 42 23.910 status LS
#      #
#      #
#CUP_A#
  103.726 103.726 107.525 103.726 154.085 103.726 523.614 103.726 965.243 1655.814 103.726 583.293 103.726 340.025 777.833 750.346
#CUP_B#
  103.726 184.453 103.726 119.781 103.726 213.003 103.726 103.726 750.346 245.972 103.726 103.726 103.726 103.726 103.726 103.726
#CUP_C#
  103.726 103.726 103.726 191.21 103.726 103.726 103.726 103.726 562.68 2549.832 171.647 392.655 165.581 103.726 103.726 205.476
#CUP_D#
  103.726 103.726 103.726 103.726 103.726 103.726 103.726 103.726 103.726 103.726 103.726 103.726 103.726 103.726 103.726 103.726
##L_LONG########1989 233 22 42 36.150 status LL
#      #
#      #
#CUP_A#
  198.383 205.65 65.032 3.055 3.055 89.899 93.192 25.52 583.787 2131.838 13.844 674.146 470.44 1038.136 1115.589 1435.09
#CUP_B#
  3.055 3.055 148.766 3.055 3.055 3.055 3.055 3.055 1115.589 487.673 3.055 3.055 3.055 3.055 3.055 3.055
#CUP_C#
  3.055 10.381 50.554 15.422 3.055 15.422 43.778 54.326 453.815 2374.811 133.545 505.538 205.65 294.699 305.495 274.239
#CUP_D#
  12.883 45.382 3.055 3.055 60.517 21.318 3.93 3.055 3.055 3.055 3.055 10.381 3.055 3.055 3.055 3.055
##ELECTR_SHORT##1989 233 22 42 54.990 status ES
# E1: 1989 233 22 42 30.870;   E2: 1989 233 22 43 18.870   #
#      #
  103.726 103.726 103.726 119.781 103.726 103.726 103.726 103.726 103.726 103.726 143.388 103.726 177.935 103.726 103.726 103.726 103.726 115.548 177.935 237.28 220.806 115.548 103.726 103.726 103.726 103.726 103.726 103.726
##L_SHORT#######1989 233 22 43 11.910 status LS
#      #
#      #
#CUP_A#
  103.726 305.236 103.726 305.236 103.726 103.726 237.28 103.726 835.866 2054.762 205.476 649.773 103.726 103.726 806.328 723.83
#CUP_B#
  103.726 437.408 103.726 103.726 421.95 103.726 103.726 103.726 723.83 487.261 103.726 103.726 103.726 103.726 103.726 103.726
#CUP_C#
  103.726 107.525 103.726 171.647 103.726 103.726 103.726 103.726 562.68 2459.725 115.548 626.811 103.726 184.453 159.73 264.324
#CUP_D#
  213.003 103.726 103.726 103.726 205.476 103.726 103.726 103.726 103.726 264.324 103.726 103.726 198.215 103.726 284.045 103.726
##ELECTR_LONG###1989 233 22 43 17.910 status EL
# E1: 1989 233 22 43 41.430;   E2: 1989 233 22 42 53.430   #
#      #
  3.055 3.055 39.299 48.767 27.424 3.055 3.055 26.455 3.055 40.738 13.355 48.767 19.838 3.055 15.422 29.47 3.055 93.192 6.052 3.055 3.055 3.055 72.444 28.429 93.192 89.899 898.988 724.443
##L_LONG########1989 233 22 43 24.150 status LL
#      #
#      #
#CUP_A#
  54.326 148.766 65.032 3.055 148.766 30.549 124.274 3.055 583.787 2290.889 45.382 674.146 237.481 1001.45 1198.82 1384.376
#CUP_B#
  3.055 191.372 54.326 3.055 86.722 3.055 3.055 3.055 778.492 931.921 3.055 3.055 3.055 3.055 3.055 3.055
#CUP_C#
  13.844 3.055 17.179 3.055 19.137 12.883 67.415 3.055 340.313 2551.991 138.438 505.538 255.199 184.61 305.495 305.495
#CUP_D#
  21.318 23.748 3.055 3.055 3.055 40.738 24.618 3.055 3.055 7.785 40.738 3.055 3.055 3.055 18.461 3.055
##L_SHORT#######1989 233 22 43 59.910 status LS
#      #
#      #
#CUP_A#
  111.464 103.726 143.388 103.726 103.726 103.726 103.726 119.781 487.261 2288.951 103.726 487.261 103.726 365.394 673.576 866.486
#CUP_B#
  103.726 103.726 103.726 103.726 103.726 103.726 103.726 103.726 898.228 487.261 103.726 103.726 103.726 103.726 103.726 103.726
#CUP_C#
  103.726 103.726 103.726 103.726 103.726 119.781 103.726 103.726 365.394 2643.239 103.726 437.408 103.726 237.28 119.781 103.726
#CUP_D#
  103.726 103.726 103.726 103.726 103.726 103.726 103.726 103.726 103.726 103.726 115.548 103.726 103.726 191.21 103.726 103.726
##L_LONG########1989 233 22 44 12.150 status LL
#      #
#      #
#CUP_A#
  25.52 159.865 3.055 3.055 3.055 3.055 27.424 35.278 627.342 2551.991 3.055 543.255 470.44 966.06 1156.456 1384.376
#CUP_B#
  3.055 3.055 60.517 3.055 3.055 8.366 3.055 3.055 966.06 778.492 3.055 3.055 3.055 3.055 3.055 3.055
#CUP_C#
  3.055 3.055 16.572 3.055 3.055 23.748 45.382 100.145 328.287 2645.478 115.646 563.157 229.089 229.089 220.993 305.495
#CUP_D#
  36.57 29.47 3.055 3.055 19.137 47.044 5.241 3.055 3.055 15.987 25.52 3.055 3.055 3.055 3.055 3.055
##ELECTR_SHORT##1989 233 22 44 30.990 status ES
# E1: 1989 233 22 44 06.870;   E2: 1989 233 22 44 54.870   #
#      #
  103.726 103.726 103.726 148.64 103.726 103.726 103.726 103.726 198.215 103.726 103.726 103.726 103.726 103.726 103.726 103.726 103.726 124.169 177.935 245.972 220.806 154.085 103.726 103.726 103.726 103.726 103.726 103.726
##L_SHORT#######1989 233 22 44 47.910 status LS
#      #
#      #
#CUP_A#
  103.726 505.111 103.726 562.68 103.726 213.003 103.726 103.726 487.261 2372.802 103.726 806.328 103.726 220.806 698.251 898.228
#CUP_B#
  103.726 365.394 103.726 103.726 626.811 103.726 103.726 103.726 806.328 487.261 103.726 103.726 103.726 103.726 103.726 103.726
#CUP_C#
  103.726 133.432 103.726 264.324 103.726 103.726 103.726 103.726 407.039 2643.239 103.726 673.576 198.215 228.895 124.169 143.388
#CUP_D#
  213.003 103.726 159.73 103.726 148.64 103.726 103.726 103.726 124.169 171.647 103.726 103.726 365.394 171.647 198.215 103.726
##ELECTR_LONG###1989 233 22 44 53.910 status EL
# E1: 1989 233 22 45 17.430;   E2: 1989 233 22 44 29.430   #
#      #
  10.762 3.055 19.838 18.461 34.031 22.099 13.355 4.877 28.429 34.031 9.661 50.554 72.444 28.429 23.748 8.99 21.318 67.415 3.055 3.055 45.382 3.055 72.444 14.877 75.098 100.145 931.921 750.981
##L_LONG########1989 233 22 45 00.149 status LL
#      #
#      #
#CUP_A#
  3.055 143.509 128.826 3.055 103.814 3.055 3.055 3.055 543.255 2645.478 67.415 750.981 453.815 1115.589 1156.456 1335.455
#CUP_B#
  17.179 198.383 65.032 7.785 47.044 3.055 3.055 3.055 750.981 966.06 3.055 3.055 3.055 3.055 3.055 3.055
#CUP_C#
  3.055 3.055 3.055 45.382 3.055 3.055 50.554 43.778 316.686 2645.478 133.545 605.172 198.383 237.481 294.699 284.285
#CUP_D#
  32.829 26.455 3.055 3.055 3.055 43.778 34.031 3.055 3.055 3.055 43.778 3.055 3.055 3.055 6.273 3.055
##L_SHORT#######1989 233 22 45 35.910 status LS
#      #
#      #
#CUP_A#
  103.726 103.726 128.717 103.726 254.983 103.726 103.726 103.726 316.418 2459.725 103.726 407.039 159.73 220.806 583.293 723.83
#CUP_B#
  103.726 111.464 103.726 103.726 103.726 103.726 103.726 103.726 698.251 649.773 103.726 103.726 103.726 103.726 103.726 103.726
#CUP_C#
  103.726 103.726 103.726 103.726 154.085 103.726 115.548 103.726 154.085 2740.069 103.726 470.042 124.169 184.453 103.726 220.806
#CUP_D#
  103.726 103.726 115.548 103.726 171.647 103.726 103.726 103.726 103.726 103.726 103.726 103.726 159.73 103.726 103.726 103.726
##L_LONG########1989 233 22 45 48.149 status LL
#      #
#      #
#CUP_A#
  18.461 25.52 3.055 3.055 124.274 30.549 3.055 3.055 422.308 2645.478 77.849 750.981 563.157 966.06 1115.589 1384.376
#CUP_B#
  27.424 62.734 35.278 3.055 3.055 3.055 3.055 3.055 898.988 898.988 3.055 3.055 3.055 3.055 3.055 3.055
#CUP_C#
  13.355 3.055 3.055 3.055 5.838 25.52 42.231 3.055 246.181 2742.39 119.882 605.172 284.285 237.481 305.495 294.699
#CUP_D#
  40.738 40.738 3.055 3.055 17.809 47.044 3.055 3.055 3.055 3.055 10.762 3.055 3.055 23.748 3.055 3.055
##ELECTR_SHORT##1989 233 22 46 06.990 status ES
# E1: 1989 233 22 45 42.870;   E2: 1989 233 22 46 30.870   #
#      #
  103.726 103.726 148.64 103.726 103.726 103.726 220.806 103.726 138.32 103.726 184.453 103.726 103.726 103.726 103.726 103.726 103.726 165.581 124.169 245.972 184.453 138.32 103.726 103.726 103.726 103.726 103.726 103.726
##L_SHORT#######1989 233 22 46 23.910 status LS
#      #
#      #
#CUP_A#
  213.003 103.726 103.726 103.726 103.726 103.726 103.726 103.726 562.68 2459.725 103.726 965.243 103.726 542.796 523.614 931.132
#CUP_B#
  103.726 487.261 103.726 103.726 421.95 103.726 103.726 103.726 723.83 649.773 103.726 103.726 103.726 103.726 103.726 103.726
#CUP_C#
  107.525 103.726 103.726 245.972 103.726 103.726 184.453 103.726 542.796 2740.069 103.726 723.83 103.726 254.983 128.717 228.895
#CUP_D#
  138.32 103.726 103.726 103.726 205.476 103.726 103.726 103.726 103.726 184.453 103.726 103.726 228.895 177.935 274.007 103.726
##ELECTR_LONG###1989 233 22 46 29.910 status EL
# E1: 1989 233 22 46 53.430;   E2: 1989 233 22 46 05.430   #
#      #
  3.055 3.055 15.422 22.909 67.415 28.429 3.055 22.909 36.57 3.055 34.031 21.318 54.326 5.241 13.844 3.055 3.055 47.044 3.055 3.055 3.055 3.055 65.032 15.987 93.192 133.545 1001.45 724.443
##L_LONG########1989 233 22 46 36.150 status LL
#      #
#      #
#CUP_A#
  7.51 128.826 89.899 3.055 86.722 3.055 60.517 35.278 627.342 2290.889 3.055 674.146 165.722 1076.166 1115.589 1288.262
#CUP_B#
  3.055 213.184 69.884 14.351 198.383 3.055 3.055 3.055 867.22 807.01 3.055 3.055 3.055 3.055 3.055 3.055
#CUP_C#
  28.429 3.055 28.429 15.987 3.055 3.055 39.299 3.055 379.1 2461.808 178.086 470.44 237.481 213.184 305.495 305.495
#CUP_D#
  54.326 3.055 3.055 43.778 17.179 69.884 23.748 3.055 80.701 10.381 37.91 3.055 3.055 3.055 3.055 3.055
##L_SHORT#######1989 233 22 47 11.910 status LS
#      #
#      #
#CUP_A#
  220.806 103.726 284.045 103.726 138.32 103.726 103.726 103.726 294.45 2740.069 103.726 583.293 103.726 421.95 523.614 835.866
#CUP_B#
  111.464 103.726 103.726 228.895 103.726 103.726 103.726 103.726 866.486 392.655 103.726 103.726 103.726 103.726 103.726 103.726
#CUP_C#
  103.726 103.726 103.726 103.726 103.726 103.726 103.726 198.215 205.476 2740.069 107.525 523.614 392.655 103.726 111.464 294.45
#CUP_D#
  103.726 103.726 128.717 103.726 103.726 103.726 119.781 103.726 103.726 103.726 177.935 103.726 115.548 107.525 103.726 103.726
##L_LONG########1989 233 22 47 24.150 status LL
#      #
#      #
#CUP_A#
  35.278 10.762 3.055 48.767 119.882 13.844 42.231 3.055 605.172 2374.811 39.299 778.492 213.184 1001.45 1038.136 1335.455
#CUP_B#
  111.559 4.704 178.086 3.055 47.044 3.055 3.055 3.055 807.01 807.01 3.055 3.055 3.055 3.055 3.055 3.055
#CUP_C#
  3.055 14.351 3.055 42.231 3.055 75.098 3.055 22.909 422.308 2461.808 107.617 524.058 213.184 184.61 294.699 305.495
#CUP_D#
  103.814 42.231 58.379 111.559 8.99 128.826 7.51 3.055 48.767 3.055 3.055 3.055 3.055 3.055 3.055 3.055
##ELECTR_SHORT##1989 233 22 47 42.990 status ES
# E1: 1989 233 22 47 18.870;   E2: 1989 233 22 48 06.870   #
#      #
  103.726 103.726 103.726 103.726 115.548 171.647 103.726 103.726 103.726 103.726 133.432 103.726 103.726 103.726 124.169 103.726 103.726 103.726 103.726 254.983 205.476 103.726 171.647 177.935 191.21 103.726 148.64 649.773
##L_SHORT#######1989 233 22 47 59.910 status LS
#      #
#      #
#CUP_A#
  133.432 115.548 103.726 103.726 103.726 103.726 119.781 103.726 835.866 2054.762 103.726 673.576 103.726 237.28 931.132 626.811
#CUP_B#
  103.726 453.431 103.726 103.726 365.394 103.726 103.726 103.726 626.811 673.576 103.726 103.726 103.726 103.726 103.726 103.726
#CUP_C#
  103.726 103.726 103.726 198.215 103.726 103.726 245.972 103.726 523.614 2643.239 103.726 626.811 148.64 143.388 128.717 205.476
#CUP_D#
  184.453 103.726 103.726 103.726 184.453 103.726 103.726 103.726 103.726 205.476 103.726 103.726 294.45 198.215 264.324 103.726
##ELECTR_LONG###1989 233 22 48 05.910 status EL
# E1: 1989 233 22 48 29.430;   E2: 1989 233 22 47 41.430   #
#      #
  3.055 23.748 3.055 3.055 30.549 8.99 10.381 3.055 45.382 40.738 54.326 45.382 56.316 24.618 47.044 6.052 3.055 3.055 3.055 3.055 3.055 3.055 34.031 3.055 148.766 124.274 931.921 724.443
##L_LONG########1989 233 22 48 12.150 status LL
#      #
#      #
#CUP_A#
  89.899 115.646 3.055 148.766 159.865 7.51 89.899 3.055 750.981 2551.991 165.722 724.443 220.993 1076.166 1076.166 1288.262
#CUP_B#
  39.299 220.993 30.549 3.055 47.044 3.055 3.055 12.427 1001.45 778.492 3.055 3.055 3.055 3.055 3.055 3.055
#CUP_C#
  3.055 3.055 36.57 3.055 24.618 3.055 29.47 3.055 422.308 2742.39 133.545 487.673 213.184 191.372 305.495 305.495
#CUP_D#
  198.383 83.657 3.055 138.438 3.055 15.422 65.032 22.909 62.734 3.055 48.767 10.381 43.778 3.055 3.055 3.055
##L_SHORT#######1989 233 22 48 47.910 status LS
#      #
#      #
#CUP_A#
  103.726 470.042 103.726 213.003 103.726 284.045 103.726 328.01 294.45 2459.725 128.717 392.655 165.581 128.717 562.68 931.132
#CUP_B#
  103.726 103.726 103.726 103.726 205.476 103.726 119.781 103.726 931.132 437.408 103.726 103.726 103.726 103.726 103.726 103.726
#CUP_C#
  103.726 103.726 103.726 103.726 103.726 103.726 103.726 103.726 340.025 2740.069 103.726 562.68 103.726 237.28 220.806 228.895
#CUP_D#
  103.726 103.726 103.726 103.726 103.726 103.726 103.726 103.726 103.726 103.726 103.726 103.726 103.726 133.432 103.726 103.726
##L_LONG########1989 233 22 49 00.149 status LL
#      #
#      #
#CUP_A#
  3.055 86.722 65.032 28.429 52.406 30.549 3.055 3.055 605.172 2645.478 14.877 674.146 220.993 1115.589 1001.45 1335.455
#CUP_B#
  5.433 45.382 14.877 3.055 22.909 3.055 3.055 3.055 1001.45 698.842 3.055 3.055 3.055 3.055 3.055 3.055
#CUP_C#
  3.055 45.382 3.055 3.055 3.055 6.741 3.055 18.461 392.988 2645.478 89.899 487.673 184.61 205.65 284.285 305.495
#CUP_D#
  148.766 96.606 3.055 62.734 17.179 3.055 3.055 3.055 75.098 50.554 77.849 12.427 58.379 3.055 3.055 3.055
##ELECTR_SHORT##1989 233 22 49 18.990 status ES
# E1: 1989 233 22 48 54.870;   E2: 1989 233 22 49 42.870   #
#      #
  245.972 103.726 103.726 148.64 103.726 103.726 103.726 103.726 103.726 103.726 103.726 103.726 103.726 103.726 103.726 103.726 103.726 103.726 103.726 103.726 352.482 103.726 328.01 103.726 237.28 213.003 316.418 453.431
##L_SHORT#######1989 233 22 49 35.910 status LS
#      #
#      #
#CUP_A#
  133.432 103.726 103.726 245.972 103.726 103.726 103.726 103.726 604.66 2372.802 103.726 866.486 103.726 437.408 673.576 931.132
#CUP_B#
  103.726 583.293 103.726 103.726 407.039 103.726 103.726 103.726 673.576 542.796 103.726 103.726 103.726 103.726 103.726 103.726
#CUP_C#
  103.726 128.717 103.726 264.324 103.726 103.726 103.726 103.726 470.042 2740.069 103.726 604.66 148.64 205.476 205.476 294.45
#CUP_D#
  198.215 103.726 171.647 103.726 103.726 103.726 103.726 115.548 103.726 228.895 103.726 103.726 191.21 103.726 245.972 103.726
##ELECTR_LONG###1989 233 22 49 41.910 status EL
# E1: 1989 233 22 50 05.430;   E2: 1989 233 22 49 17.430   #
#      #
  3.055 35.278 3.055 16.572 35.278 31.669 39.299 60.517 34.031 15.422 3.055 14.877 47.044 3.055 32.829 17.809 3.055 48.767 3.055 3.055 23.748 3.055 93.192 32.829 107.617 65.032 867.22 674.146
##L_LONG########1989 233 22 49 48.149 status LL
#      #
#      #
#CUP_A#
  89.899 133.545 3.055 56.316 3.055 83.657 86.722 3.055 778.492 2374.811 21.318 605.172 453.815 1038.136 1076.166 1335.455
#CUP_B#
  3.055 191.372 43.778 3.055 23.748 19.137 3.055 3.055 1001.45 836.574 3.055 3.055 3.055 3.055 3.055 3.055
#CUP_C#
  3.055 12.427 58.379 3.055 62.734 3.055 56.316 23.748 407.384 2645.478 154.216 437.778 220.993 191.372 294.699 305.495
#CUP_D#
  198.383 77.849 36.57 36.57 3.055 3.055 3.055 3.055 3.055 3.055 18.461 56.316 48.767 3.055 3.055 3.055
##L_SHORT#######1989 233 22 50 23.910 status LS
#      #
#      #
#CUP_A#
  103.726 220.806 103.726 103.726 103.726 103.726 103.726 103.726 777.833 2054.762 352.482 305.236 453.431 103.726 1000.602 698.251
#CUP_B#
  111.464 103.726 103.726 154.085 103.726 103.726 103.726 103.726 1075.255 542.796 103.726 103.726 103.726 103.726 103.726 103.726
#CUP_C#
  103.726 103.726 103.726 103.726 103.726 103.726 103.726 103.726 437.408 2549.832 103.726 505.111 198.215 111.464 184.453 213.003
#CUP_D#
  103.726 103.726 103.726 103.726 103.726 103.726 103.726 103.726 103.726 103.726 103.726 103.726 133.432 294.45 103.726 103.726
##L_LONG########1989 233 22 50 36.150 status LL
#      #
#      #
#CUP_A#
  5.433 3.055 42.231 42.231 165.722 42.231 3.055 3.055 698.842 2461.808 65.032 674.146 237.481 1001.45 1001.45 1384.376
#CUP_B#
  3.055 12.883 96.606 3.055 52.406 3.055 3.055 3.055 1038.136 724.443 3.055 3.055 3.055 3.055 3.055 3.055
#CUP_C#
  18.461 3.055 6.273 3.055 3.055 45.382 48.767 29.47 487.673 2551.991 159.865 543.255 255.199 178.086 284.285 305.495
#CUP_D#
  3.055 3.055 17.809 39.299 3.055 3.055 3.055 15.987 19.838 3.055 3.055 17.809 19.838 3.055 3.055 3.055
##ELECTR_SHORT##1989 233 22 50 54.990 status ES
# E1: 1989 233 22 50 30.870;   E2: 1989 233 22 51 18.870   #
#      #
  103.726 103.726 103.726 103.726 103.726 103.726 103.726 103.726 119.781 103.726 143.388 103.726 191.21 103.726 177.935 103.726 103.726 103.726 103.726 103.726 103.726 103.726 103.726 103.726 103.726 103.726 103.726 143.388
##L_SHORT#######1989 233 22 51 11.910 status LS
#      #
#      #
#CUP_A#
  165.581 103.726 103.726 352.482 103.726 103.726 103.726 103.726 505.111 2549.832 103.726 1075.255 103.726 723.83 328.01 1197.806
#CUP_B#
  103.726 523.614 245.972 103.726 453.431 103.726 103.726 103.726 1000.602 542.796 103.726 103.726 103.726 103.726 103.726 103.726
#CUP_C#
  103.726 133.432 103.726 213.003 103.726 103.726 103.726 103.726 487.261 2643.239 103.726 626.811 103.726 213.003 103.726 328.01
#CUP_D#
  103.726 103.726 254.983 103.726 115.548 103.726 103.726 103.726 103.726 119.781 103.726 103.726 305.236 198.215 103.726 103.726
##ELECTR_LONG###1989 233 22 51 17.910 status EL
# E1: 1989 233 22 51 41.430;   E2: 1989 233 22 50 53.430   #
#      #
  3.055 3.055 29.47 17.809 40.738 40.738 27.424 48.767 75.098 35.278 21.318 25.52 31.669 36.57 42.231 3.055 3.055 67.415 4.877 3.055 45.382 3.055 89.899 40.738 13.844 128.826 867.22 698.842
##L_LONG########1989 233 22 51 24.150 status LL
#      #
#      #
#CUP_A#
  3.055 60.517 3.055 42.231 6.503 9.661 3.055 3.055 724.443 2374.811 36.57 583.787 487.673 1001.45 1076.166 1384.376
#CUP_B#
  72.444 220.993 26.455 3.055 111.559 11.988 3.055 3.055 1001.45 807.01 3.055 3.055 3.055 3.055 3.055 3.055
#CUP_C#
  3.055 3.055 52.406 29.47 30.549 3.055 7.785 54.326 563.157 2461.808 205.65 470.44 246.181 213.184 284.285 305.495
#CUP_D#
  3.055 3.055 3.657 20.565 22.909 3.055 3.055 11.156 32.829 3.055 3.055 11.565 36.57 3.055 3.055 3.055
##M_LONG########1989 233 22 51 58.710 status ML
#      #
#      #
#CUP_A#
  74.065 23.421 23.421 23.421 23.421 59.684 23.421 188.739 23.421 23.421 95.276 23.421 131.708 28.037 23.421 23.421 23.421 23.421 23.421 23.421 23.421 23.421 23.421 27.046 23.421 23.421 23.421 23.421 23.421 38.758 23.421 23.421 23.421 23.421 23.421 23.421 23.421 23.421 23.421 23.421 23.421 23.421 23.421 23.421 23.421 36.067 38.758 23.421 23.421 23.421 31.233 23.421 41.65 38.758 37.388 23.421 23.421 23.421 127.053 23.421 38.758 23.421 23.421 30.129 23.421 55.541 23.421 23.421 23.421 74.065 79.59 714.473 1467.188 825.06 157.665 23.421 36.067 23.421 23.421 23.421 23.421 23.421 23.421 23.421 64.137 23.421 23.421 41.65 23.421 33.563 195.653 169.428 48.096 33.563 46.397 28.037 53.578 23.421 66.487 44.757 23.421 23.421 23.421 23.421 23.421 27.046 55.541 664.868 82.506 23.421 270.465 127.053 242.793 66.487 82.506 152.093 95.276 74.065 217.952 175.635 48.096 152.093 202.82 360.671 152.093 23.421 202.82 217.952
#CUP_B#
  61.871 23.421 46.397 23.421 23.421 23.421 23.421 23.421 188.739 23.421 23.421 23.421 23.421 23.421 23.421 23.421 51.685 53.578 23.421 23.421 23.421 23.421 32.377 23.421 24.279 33.563 23.421 23.421 23.421 24.279 23.421 23.421 23.421 44.757 23.421 23.421 32.377 25.169 23.421 23.421 23.421 23.421 23.421 23.421 33.563 23.421 23.421 23.421 23.421 23.421 23.421 23.421 23.421 46.397 23.421 23.421 23.421 23.421 290.644 23.421 23.421 23.421 23.421 23.421 23.421 23.421 23.421 23.421 23.421 23.421 280.373 1270.532 1182.322 251.687 23.421 23.421 23.421 23.421 23.421 23.421 23.421 23.421 23.421 23.421 23.421 23.421 23.421 23.421 23.421 23.421 23.421 23.421 23.421 23.421 23.421 23.421 23.421 23.421 23.421 23.421 23.421 23.421 23.421 23.421 23.421 23.421 23.421 23.421 23.421 23.421 23.421 23.421 23.421 23.421 23.421 23.421 23.421 23.421 23.421 23.421 23.421 23.421 23.421 23.421 23.421 23.421 23.421 23.421
#CUP_C#
  23.421 23.421 23.421 30.129 23.421 23.421 27.046 127.053 23.421 23.421 23.421 23.421 23.421 23.421 38.758 23.421 23.421 23.421 23.421 51.685 23.421 23.421 23.421 23.421 23.421 23.421 23.421 23.421 23.421 23.421 30.129 23.421 23.421 61.871 23.421 23.421 23.421 23.421 23.421 23.421 23.421 55.541 23.421 23.421 23.421 23.421 24.279 23.421 23.421 23.421 23.421 29.064 32.377 30.129 23.421 30.129 23.421 23.421 79.59 24.279 29.064 23.421 23.421 48.096 25.169 23.421 23.421 23.421 23.421 23.421 68.922 535.779 1467.188 952.765 163.441 26.091 23.421 23.421 23.421 23.421 24.279 36.067 23.421 23.421 23.421 57.575 51.685 23.421 23.421 98.767 169.428 169.428 95.276 23.421 32.377 51.685 102.385 23.421 24.279 23.421 23.421 23.421 23.421 33.563 23.421 23.421 48.096 28.037 23.421 26.091 23.421 23.421 46.397 48.096 36.067 23.421 23.421 25.169 48.096 23.421 49.858 23.421 46.397 118.232 23.421 34.792 23.421 85.528
#CUP_D#
  23.421 25.169 23.421 27.046 29.064 23.421 23.421 23.421 23.421 23.421 23.421 23.421 34.792 33.563 23.421 23.421 23.421 24.279 23.421 23.421 23.421 23.421 31.233 23.421 23.421 23.421 31.233 23.421 23.421 23.421 23.421 23.421 23.421 23.421 23.421 23.421 23.421 23.421 23.421 23.421 57.575 23.421 40.178 48.096 41.65 23.421 23.421 23.421 23.421 30.129 23.421 23.421 24.279 23.421 38.758 23.421 23.421 23.421 64.137 23.421 23.421 23.421 23.421 34.792 23.421 23.421 23.421 23.421 27.046 23.421 23.421 23.421 28.037 23.421 23.421 23.421 25.169 29.064 23.421 23.421 29.064 23.421 23.421 23.421 23.421 23.421 23.421 23.421 23.421 23.421 23.421 23.421 23.421 23.421 23.421 28.037 23.421 23.421 23.421 23.421 23.421 23.421 46.397 23.421 24.279 38.758 23.421 23.421 71.447 23.421 23.421 23.421 23.421 23.421 23.421 23.421 23.421 23.421 29.064 23.421 23.421 23.421 37.388 23.421 23.421 23.421 23.421 23.421
##L_LONG########1989 233 22 54 03.508 status LL
#      #
#      #
#CUP_A#
  3.055 6.052 3.055 4.538 3.055 3.055 7.785 3.055 931.921 2645.478 42.231 724.443 284.285 1001.45 1076.166 1384.376
#CUP_B#
  3.055 124.274 3.055 72.444 3.055 3.055 3.055 3.055 1335.455 898.988 3.055 3.055 3.055 3.055 3.055 3.055
#CUP_C#
  3.055 54.326 19.137 3.055 3.055 29.47 48.767 37.91 698.842 2742.39 86.722 583.787 205.65 178.086 294.699 305.495
#CUP_D#
  3.055 3.055 3.055 75.098 48.767 3.055 45.382 9.661 3.055 8.07 56.316 26.455 3.055 3.055 3.055 3.055
##L_SHORT#######1989 233 22 54 23.908 status LS
#      #
#      #
#CUP_A#
  103.726 103.726 103.726 103.726 284.045 103.726 487.261 103.726 1197.806 2372.802 103.726 698.251 103.726 505.111 673.576 777.833
#CUP_B#
  103.726 103.726 103.726 437.408 103.726 103.726 103.726 103.726 1241.685 649.773 103.726 103.726 103.726 103.726 103.726 103.726
#CUP_C#
  103.726 103.726 103.726 115.548 103.726 103.726 103.726 103.726 698.251 2840.446 111.464 583.293 274.007 205.476 171.647 407.039
#CUP_D#
  103.726 103.726 103.726 103.726 103.726 103.726 103.726 103.726 103.726 103.726 103.726 103.726 103.726 103.726 119.781 103.726
##L_LONG########1989 233 22 54 36.149 status LL
#      #
#      #
#CUP_A#
  165.722 184.61 198.383 3.055 15.422 171.792 103.814 56.316 836.574 2551.991 39.299 778.492 487.673 1076.166 1115.589 1542.159
#CUP_B#
  3.055 3.055 178.086 3.055 5.433 12.883 3.055 3.055 1435.09 750.981 3.055 3.055 3.055 3.055 3.055 3.055
#CUP_C#
  3.055 3.055 32.829 3.055 3.055 20.565 20.565 89.899 867.22 2551.991 138.438 650.323 213.184 213.184 294.699 305.495
#CUP_D#
  3.055 72.444 16.572 3.055 93.192 4.378 43.778 3.055 3.055 3.055 3.055 39.299 3.055 3.055 3.055 3.055
##ELECTR_SHORT##1989 233 22 54 54.989 status ES
# E1: 1989 233 22 54 30.869;   E2: 1989 233 22 55 18.869   #
#      #
  103.726 103.726 103.726 103.726 103.726 103.726 103.726 103.726 103.726 103.726 103.726 103.726 103.726 103.726 103.726 103.726 103.726 103.726 171.647 205.476 294.45 107.525 103.726 103.726 103.726 103.726 103.726 103.726
##L_SHORT#######1989 233 22 55 11.909 status LS
#      #
#      #
#CUP_A#
  103.726 154.085 103.726 165.581 103.726 103.726 316.418 103.726 965.243 2288.951 103.726 777.833 103.726 103.726 1075.255 698.251
#CUP_B#
  103.726 487.261 103.726 103.726 437.408 103.726 103.726 107.525 965.243 523.614 103.726 103.726 103.726 103.726 103.726 103.726
#CUP_C#
  103.726 171.647 103.726 159.73 103.726 103.726 154.085 103.726 649.773 2643.239 103.726 542.796 103.726 171.647 138.32 184.453
#CUP_D#
  128.717 103.726 103.726 103.726 128.717 103.726 103.726 138.32 103.726 103.726 103.726 103.726 340.025 103.726 103.726 103.726
##ELECTR_LONG###1989 233 22 55 17.909 status EL
# E1: 1989 233 22 55 41.429;   E2: 1989 233 22 54 53.428   #
#      #
  3.055 42.231 72.444 3.055 5.433 3.055 3.055 3.055 9.661 48.767 15.987 3.055 47.044 26.455 30.549 3.055 3.055 62.734 47.044 3.055 39.299 3.055 36.57 128.826 58.379 124.274 931.921 724.443
##L_LONG########1989 233 22 55 24.149 status LL
#      #
#      #
#CUP_A#
  32.829 58.379 7.51 3.055 165.722 34.031 3.055 3.055 836.574 2946.993 165.722 836.574 284.285 1001.45 1115.589 1384.376
#CUP_B#
  3.055 274.239 93.192 3.055 171.792 3.055 3.055 19.838 1335.455 1115.589 3.055 3.055 3.055 3.055 3.055 3.055
#CUP_C#
  43.778 3.055 19.137 3.055 17.809 3.055 36.57 67.415 650.323 3054.95 107.617 605.172 213.184 220.993 274.239 284.285
#CUP_D#
  47.044 40.738 30.549 20.565 31.669 47.044 3.055 3.055 3.055 3.055 3.055 3.055 7.244 3.055 3.055 3.055
##L_SHORT#######1989 233 22 55 59.909 status LS
#      #
#      #
#CUP_A#
  103.726 228.895 103.726 103.726 103.726 103.726 103.726 254.983 583.293 2840.446 119.781 542.796 171.647 213.003 583.293 1000.602
#CUP_B#
  171.647 103.726 103.726 103.726 103.726 103.726 103.726 103.726 1383.205 604.66 103.726 103.726 103.726 103.726 103.726 103.726
#CUP_C#
  103.726 103.726 103.726 103.726 103.726 103.726 103.726 115.548 562.68 2944.5 103.726 487.261 254.983 245.972 191.21 228.895
#CUP_D#
  171.647 103.726 111.464 103.726 103.726 103.726 103.726 103.726 103.726 103.726 159.73 103.726 284.045 154.085 103.726 103.726
##L_LONG########1989 233 22 56 12.149 status LL
#      #
#      #
#CUP_A#
  3.055 115.646 27.424 24.618 3.055 3.055 3.055 3.055 674.146 3054.95 67.415 724.443 284.285 966.06 1038.136 1435.09
#CUP_B#
  3.055 27.424 19.137 3.055 12.427 3.055 29.47 3.055 1242.737 1076.166 3.055 3.055 3.055 3.055 3.055 3.055
#CUP_C#
  3.055 3.055 3.055 12.427 3.055 3.055 42.231 17.179 453.815 3166.862 165.722 583.787 255.199 237.481 220.993 305.495
#CUP_D#
  31.669 34.031 3.055 3.055 17.809 50.554 12.883 3.055 6.741 32.829 13.844 3.055 3.055 3.055 3.055 3.055
##ELECTR_SHORT##1989 233 22 56 30.989 status ES
# E1: 1989 233 22 56 06.869;   E2: 1989 233 22 56 54.869   #
#      #
  103.726 103.726 103.726 111.464 103.726 103.726 103.726 103.726 103.726 115.548 103.726 103.726 103.726 103.726 103.726 103.726 103.726 103.726 143.388 205.476 205.476 143.388 103.726 103.726 103.726 103.726 103.726 103.726
##L_SHORT#######1989 233 22 56 47.909 status LS
#      #
#      #
#CUP_A#
  103.726 542.796 103.726 365.394 103.726 103.726 205.476 103.726 965.243 2372.802 220.806 487.261 103.726 103.726 965.243 604.66
#CUP_B#
  103.726 220.806 184.453 103.726 562.68 103.726 103.726 103.726 1037.257 1037.257 103.726 103.726 103.726 103.726 103.726 103.726
#CUP_C#
  103.726 159.73 103.726 220.806 103.726 103.726 191.21 103.726 777.833 3052.365 103.726 673.576 148.64 171.647 228.895 165.581
#CUP_D#
  184.453 103.726 103.726 103.726 124.169 103.726 103.726 103.726 103.726 220.806 103.726 103.726 352.482 103.726 124.169 103.726
##ELECTR_LONG###1989 233 22 56 53.909 status EL
# E1: 1989 233 22 57 17.429;   E2: 1989 233 22 56 29.429   #
#      #
  3.055 45.382 31.669 15.422 24.618 48.767 45.382 58.379 13.355 3.055 24.618 28.429 15.987 4.704 37.91 3.055 3.055 72.444 72.444 3.055 29.47 3.055 67.415 31.669 19.838 107.617 931.921 674.146
##L_LONG########1989 233 22 57 00.148 status LL
#      #
#      #
#CUP_A#
  3.055 148.766 72.444 198.383 124.274 3.055 3.055 36.57 1038.136 2645.478 86.722 605.172 205.65 966.06 1115.589 1384.376
#CUP_B#
  39.299 143.509 48.767 3.055 93.192 3.055 3.055 3.055 1335.455 867.22 3.055 3.055 3.055 3.055 3.055 3.055
#CUP_C#
  8.672 3.055 14.877 21.318 4.538 3.055 35.278 50.554 807.01 2645.478 115.646 583.787 246.181 198.383 246.181 305.495
#CUP_D#
  19.137 25.52 18.461 3.055 3.055 25.52 28.429 3.055 3.055 3.055 16.572 3.055 3.055 3.055 3.055 3.055
##L_SHORT#######1989 233 22 57 35.909 status LS
#      #
#      #
#CUP_A#
  128.717 103.726 103.726 103.726 103.726 365.394 103.726 294.45 542.796 2944.5 103.726 806.328 103.726 453.431 487.261 1114.645
#CUP_B#
  103.726 103.726 103.726 103.726 103.726 103.726 148.64 103.726 1597.3 453.431 103.726 103.726 103.726 103.726 103.726 103.726
#CUP_C#
  103.726 103.726 103.726 103.726 133.432 103.726 103.726 103.726 649.773 2840.446 103.726 453.431 171.647 148.64 103.726 284.045
#CUP_D#
  138.32 103.726 103.726 103.726 124.169 103.726 103.726 103.726 103.726 103.726 128.717 103.726 103.726 119.781 103.726 103.726
##L_LONG########1989 233 22 57 48.149 status LL
#      #
#      #
#CUP_A#
  3.055 3.055 3.055 3.055 58.379 3.055 3.055 3.055 867.22 2742.39 75.098 650.323 274.239 1001.45 1076.166 1435.09
#CUP_B#
  26.455 107.617 69.884 3.055 3.055 3.055 3.055 3.055 1487.662 778.492 3.055 3.055 3.055 3.055 3.055 3.055
#CUP_C#
  3.055 35.278 39.299 3.055 3.055 5.241 17.179 8.366 674.146 2842.851 143.509 605.172 229.089 213.184 255.199 305.495
#CUP_D#
  17.179 17.809 3.055 3.055 19.838 50.554 3.055 3.055 3.055 27.424 3.055 3.055 3.055 3.055 3.055 3.055
##ELECTR_SHORT##1989 233 22 58 06.989 status ES
# E1: 1989 233 22 57 42.869;   E2: 1989 233 22 58 30.869   #
#      #
  103.726 103.726 103.726 159.73 103.726 103.726 103.726 103.726 103.726 154.085 103.726 103.726 103.726 103.726 103.726 103.726 103.726 154.085 205.476 177.935 220.806 103.726 133.432 103.726 103.726 103.726 103.726 103.726
##L_SHORT#######1989 233 22 58 23.908 status LS
#      #
#      #
#CUP_A#
  103.726 205.476 103.726 103.726 205.476 103.726 228.895 103.726 1155.477 2208.063 128.717 523.614 103.726 237.28 723.83 673.576
#CUP_B#
  103.726 294.45 103.726 103.726 352.482 103.726 103.726 128.717 1155.477 777.833 103.726 103.726 103.726 103.726 103.726 103.726
#CUP_C#
  103.726 103.726 103.726 107.525 103.726 103.726 198.215 103.726 866.486 2840.446 103.726 649.773 103.726 143.388 205.476 143.388
#CUP_D#
  184.453 103.726 205.476 103.726 103.726 103.726 103.726 103.726 103.726 103.726 103.726 103.726 352.482 103.726 205.476 103.726
##ELECTR_LONG###1989 233 22 58 29.909 status EL
# E1: 1989 233 22 58 53.428;   E2: 1989 233 22 58 05.429   #
#      #
  5.241 45.382 52.406 23.748 16.572 6.052 14.877 35.278 3.055 36.57 25.52 67.415 3.055 62.734 3.055 3.055 3.055 72.444 89.899 3.055 52.406 3.055 45.382 50.554 7.785 128.826 966.06 698.842
##L_LONG########1989 233 22 58 36.149 status LL
#      #
#      #
#CUP_A#
  3.055 246.181 133.545 50.554 21.318 3.055 15.422 96.606 1115.589 2551.991 3.055 650.323 274.239 966.06 1156.456 1288.262
#CUP_B#
  3.055 171.792 45.382 3.055 165.722 12.427 3.055 3.055 1542.159 836.574 3.055 3.055 3.055 3.055 3.055 3.055
#CUP_C#
  3.055 3.055 19.137 3.055 21.318 3.055 62.734 26.455 778.492 2742.39 89.899 563.157 220.993 191.372 284.285 305.495
#CUP_D#
  45.382 39.299 3.055 11.565 29.47 58.379 3.055 3.055 3.055 3.055 3.055 3.055 7.244 3.055 3.055 3.055
##L_SHORT#######1989 233 22 59 11.909 status LS
#      #
#      #
#CUP_A#
  103.726 143.388 103.726 103.726 103.726 103.726 103.726 103.726 1000.602 2372.802 245.972 264.324 352.482 103.726 1000.602 562.68
#CUP_B#
  103.726 103.726 198.215 103.726 103.726 103.726 103.726 103.726 1433.876 604.66 103.726 103.726 103.726 103.726 103.726 103.726
#CUP_C#
  103.726 103.726 103.726 103.726 103.726 103.726 103.726 103.726 673.576 2740.069 191.21 487.261 245.972 103.726 191.21 328.01
#CUP_D#
  294.45 103.726 177.935 103.726 103.726 103.726 103.726 103.726 103.726 103.726 103.726 103.726 115.548 254.983 165.581 103.726
##L_LONG########1989 233 22 59 24.149 status LL
#      #
#      #
#CUP_A#
  3.055 6.741 47.044 89.899 36.57 3.055 3.055 32.829 1001.45 2551.991 37.91 650.323 154.216 1076.166 1076.166 1384.376
#CUP_B#
  67.415 62.734 3.055 3.055 3.055 52.406 3.055 3.055 1335.455 698.842 3.055 3.055 3.055 3.055 3.055 3.055
#CUP_C#
  3.055 22.909 11.156 20.565 9.661 56.316 40.738 37.91 724.443 2645.478 124.274 524.058 237.481 220.993 264.548 305.495
#CUP_D#
  58.379 47.044 24.618 103.814 83.657 107.617 22.909 3.055 3.055 3.055 3.055 3.055 3.055 3.055 3.055 3.055
##ELECTR_SHORT##1989 233 22 59 42.989 status ES
# E1: 1989 233 22 59 18.869;   E2: 1989 233 23 00 06.869   #
#      #
  103.726 103.726 103.726 103.726 103.726 103.726 107.525 103.726 111.464 103.726 103.726 103.726 154.085 103.726 103.726 103.726 184.453 103.726 103.726 103.726 523.614 103.726 103.726 103.726 340.025 103.726 245.972 103.726
##L_SHORT#######1989 233 22 59 59.909 status LS
#      #
#      #
#CUP_A#
  103.726 340.025 103.726 228.895 103.726 103.726 103.726 103.726 487.261 2944.5 103.726 898.228 103.726 562.68 254.983 1241.685
#CUP_B#
  103.726 228.895 103.726 103.726 392.655 103.726 119.781 103.726 1241.685 626.811 103.726 103.726 103.726 103.726 103.726 103.726
#CUP_C#
  103.726 115.548 103.726 103.726 103.726 103.726 103.726 103.726 649.773 2944.5 103.726 626.811 103.726 254.983 159.73 328.01
#CUP_D#
  159.73 103.726 245.972 103.726 103.726 103.726 103.726 103.726 103.726 103.726 138.32 103.726 316.418 177.935 237.28 103.726
##ELECTR_LONG###1989 233 23 00 05.909 status EL
# E1: 1989 233 23 00 29.429;   E2: 1989 233 22 59 41.429   #
#      #
  3.055 3.055 22.099 3.055 3.055 50.554 43.778 15.422 3.055 29.47 25.52 77.849 3.055 19.137 3.055 5.241 3.055 4.538 60.517 3.055 12.427 3.055 24.618 72.444 75.098 93.192 931.921 650.323
##L_LONG########1989 233 23 00 12.149 status LL
#      #
#      #
#CUP_A#
  3.055 246.181 3.055 72.444 80.701 3.055 3.055 19.838 966.06 2645.478 24.618 750.981 437.778 1001.45 1038.136 1435.09
#CUP_B#
  86.722 213.184 65.032 3.055 26.455 3.055 3.055 3.055 1335.455 807.01 3.055 3.055 3.055 3.055 3.055 3.055
#CUP_C#
  3.055 3.055 45.382 3.055 27.424 3.055 40.738 6.273 698.842 2645.478 154.216 470.44 205.65 229.089 294.699 305.495
#CUP_D#
  154.216 93.192 52.406 165.722 75.098 34.031 3.055 3.055 3.055 3.055 3.055 3.055 21.318 3.055 3.055 3.055
##L_SHORT#######1989 233 23 00 47.909 status LS
#      #
#      #
#CUP_A#
  177.935 103.726 352.482 103.726 103.726 103.726 111.464 103.726 835.866 2643.239 103.726 835.866 103.726 352.482 698.251 898.228
#CUP_B#
  103.726 184.453 103.726 103.726 103.726 103.726 103.726 103.726 1383.205 392.655 103.726 103.726 103.726 103.726 103.726 103.726
#CUP_C#
  103.726 103.726 124.169 103.726 103.726 103.726 103.726 103.726 626.811 2840.446 103.726 673.576 213.003 264.324 165.581 171.647
#CUP_D#
  103.726 103.726 103.726 119.781 103.726 103.726 103.726 128.717 115.548 103.726 103.726 103.726 103.726 128.717 103.726 103.726
##L_LONG########1989 233 23 01 00.148 status LL
#      #
#      #
#CUP_A#
  3.055 24.618 3.283 10.014 171.792 3.055 3.055 3.055 1038.136 2645.478 62.734 724.443 284.285 1038.136 1115.589 1384.376
#CUP_B#
  3.055 115.646 48.767 40.738 3.055 3.055 3.055 3.055 1435.09 724.443 3.055 3.055 3.055 3.055 3.055 3.055
#CUP_C#
  3.055 3.055 3.055 3.055 21.318 3.055 80.701 3.055 724.443 2742.39 124.274 583.787 237.481 246.181 220.993 305.495
#CUP_D#
  21.318 3.055 3.055 72.444 3.055 3.055 31.669 8.672 47.044 3.055 8.07 3.055 3.055 3.055 3.055 3.055
##ELECTR_SHORT##1989 233 23 01 18.989 status ES
# E1: 1989 233 23 00 54.869;   E2: 1989 233 23 01 42.869   #
#      #
  103.726 103.726 103.726 103.726 103.726 103.726 103.726 103.726 103.726 103.726 103.726 103.726 103.726 103.726 103.726 103.726 103.726 103.726 103.726 103.726 103.726 103.726 103.726 103.726 177.935 103.726 274.007 453.431
##L_SHORT#######1989 233 23 01 35.909 status LS
#      #
#      #
#CUP_A#
  103.726 177.935 103.726 103.726 437.408 103.726 437.408 103.726 1037.257 2288.951 103.726 698.251 103.726 470.042 542.796 965.243
#CUP_B#
  103.726 237.28 103.726 103.726 294.45 103.726 103.726 103.726 1114.645 562.68 103.726 103.726 103.726 103.726 103.726 103.726
#CUP_C#
  103.726 228.895 103.726 133.432 103.726 103.726 124.169 103.726 898.228 2549.832 115.548 604.66 103.726 213.003 177.935 228.895
#CUP_D#
  103.726 103.726 103.726 103.726 138.32 103.726 103.726 184.453 103.726 128.717 103.726 103.726 316.418 154.085 184.453 103.726
##ELECTR_LONG###1989 233 23 01 41.909 status EL
# E1: 1989 233 23 02 05.429;   E2: 1989 233 23 01 17.429   #
#      #
  3.055 10.762 19.137 22.099 15.422 3.055 5.838 17.809 20.565 12.427 3.055 3.055 52.406 43.778 7.785 60.517 3.055 3.055 35.278 3.055 15.987 24.618 9.319 111.559 42.231 148.766 867.22 650.323
##L_LONG########1989 233 23 01 48.149 status LL
#      #
#      #
#CUP_A#
  3.055 237.481 205.65 13.844 100.145 3.055 111.559 198.383 931.921 2551.991 11.988 750.981 229.089 1038.136 1156.456 1435.09
#CUP_B#
  3.055 220.993 47.044 3.055 93.192 3.055 3.055 3.055 1384.376 698.842 3.055 3.055 3.055 3.055 3.055 3.055
#CUP_C#
  3.055 3.055 11.156 3.055 3.055 3.055 19.137 31.669 778.492 2645.478 107.617 563.157 213.184 178.086 294.699 305.495
#CUP_D#
  124.274 119.882 12.883 191.372 93.192 3.055 69.884 3.055 3.055 3.055 3.055 3.055 3.055 3.055 3.055 3.055
##L_SHORT#######1989 233 23 02 23.908 status LS
#      #
#      #
#CUP_A#
  103.726 103.726 103.726 103.726 103.726 103.726 159.73 103.726 1155.477 1982.15 213.003 407.039 148.64 154.085 931.132 604.66
#CUP_B#
  103.726 177.935 165.581 103.726 103.726 103.726 103.726 103.726 1334.325 340.025 103.726 103.726 103.726 103.726 103.726 103.726
#CUP_C#
  103.726 103.726 119.781 103.726 103.726 103.726 103.726 103.726 777.833 2459.725 138.32 626.811 284.045 128.717 213.003 284.045
#CUP_D#
  103.726 103.726 103.726 103.726 103.726 103.726 103.726 103.726 103.726 103.726 103.726 103.726 103.726 205.476 184.453 103.726
##L_LONG########1989 233 23 02 36.149 status LL
#      #
#      #
#CUP_A#
  3.055 171.792 128.826 3.055 43.778 5.838 171.792 62.734 966.06 2374.811 3.055 750.981 274.239 966.06 1001.45 1487.662
#CUP_B#
  3.055 72.444 20.565 43.778 3.055 36.57 3.055 3.055 1542.159 627.342 3.055 3.055 3.055 3.055 3.055 3.055
#CUP_C#
  30.549 6.741 48.767 8.99 3.055 9.319 65.032 18.461 750.981 2551.991 96.606 563.157 205.65 255.199 274.239 305.495
#CUP_D#
  115.646 115.646 72.444 37.91 86.722 3.055 3.055 3.055 3.055 3.055 3.055 3.055 29.47 3.055 3.055 3.055
##ELECTR_SHORT##1989 233 23 02 54.989 status ES
# E1: 1989 233 23 02 30.869;   E2: 1989 233 23 03 18.869   #
#      #
  103.726 103.726 103.726 103.726 103.726 103.726 103.726 103.726 159.73 103.726 103.726 103.726 103.726 103.726 171.647 103.726 103.726 103.726 103.726 103.726 103.726 103.726 103.726 103.726 103.726 103.726 103.726 103.726
##L_SHORT#######1989 233 23 03 11.909 status LS
#      #
#      #
#CUP_A#
  103.726 453.431 103.726 284.045 103.726 103.726 143.388 103.726 1037.257 2208.063 177.935 421.95 171.647 228.895 777.833 723.83
#CUP_B#
  103.726 254.983 184.453 103.726 378.779 103.726 103.726 184.453 1287.172 523.614 103.726 103.726 103.726 103.726 103.726 103.726
#CUP_C#
  103.726 138.32 103.726 133.432 103.726 103.726 133.432 103.726 835.866 2549.832 177.935 604.66 115.548 133.432 165.581 177.935
#CUP_D#
  107.525 103.726 119.781 103.726 103.726 103.726 103.726 177.935 103.726 103.726 103.726 103.726 305.236 191.21 103.726 103.726
##ELECTR_LONG###1989 233 23 03 17.909 status EL
# E1: 1989 233 23 03 41.429;   E2: 1989 233 23 02 53.428   #
#      #
  3.055 3.791 3.055 34.031 54.326 9.319 3.055 3.055 3.528 31.669 26.455 3.657 26.455 5.055 3.055 23.748 3.055 3.055 42.231 3.055 42.231 15.987 54.326 128.826 75.098 165.722 898.988 698.842
##L_LONG########1989 233 23 03 24.149 status LL
#      #
#      #
#CUP_A#
  5.241 86.722 305.495 35.278 29.47 72.444 3.055 128.826 898.988 2374.811 3.055 627.342 205.65 931.921 1076.166 1435.09
#CUP_B#
  143.509 69.884 3.055 3.055 165.722 3.055 3.055 3.055 1487.662 505.538 3.055 3.055 3.055 3.055 3.055 3.055
#CUP_C#
  3.055 3.055 62.734 3.055 3.055 3.055 3.055 47.044 650.323 2551.991 45.382 543.255 305.495 220.993 274.239 305.495
#CUP_D#
  3.055 3.055 3.055 40.738 19.137 3.055 3.055 3.055 42.231 3.055 3.055 3.055 11.156 3.055 3.055 3.055
##M_LONG########1989 233 23 03 58.709 status ML
#      #
#      #
#CUP_A#
  23.421 49.858 23.421 23.421 68.922 23.421 38.758 175.635 23.421 23.421 23.421 131.708 23.421 23.421 34.792 23.421 23.421 36.067 23.421 23.421 23.421 23.421 95.276 43.175 23.421 23.421 23.421 23.421 23.421 25.169 23.421 95.276 23.421 23.421 23.421 28.037 23.421 23.421 23.421 23.421 23.421 23.421 23.421 23.421 23.421 23.421 23.421 23.421 23.421 23.421 23.421 23.421 23.421 29.064 30.129 23.421 23.421 23.421 23.421 188.739 23.421 41.65 28.037 23.421 23.421 23.421 23.421 23.421 23.421 23.421 127.053 886.616 1576.651 641.373 64.137 23.421 23.421 23.421 44.757 23.421 23.421 23.421 23.421 23.421 23.421 23.421 23.421 23.421 44.757 95.276 188.739 98.767 88.662 29.064 32.377 33.563 37.388 88.662 23.421 46.397 23.421 23.421 23.421 23.421 23.421 43.175 23.421 23.421 23.421 41.65 152.093 195.653 195.653 127.053 114.054 122.563 88.662 91.91 242.793 251.687 82.506 79.59 152.093 360.671 157.665 23.421 182.069 175.635
#CUP_B#
  36.067 23.421 25.169 23.421 23.421 23.421 23.421 23.421 260.907 23.421 23.421 23.421 23.421 23.421 23.421 23.421 23.421 23.421 30.129 24.279 23.421 23.421 23.421 23.421 23.421 64.137 23.421 23.421 23.421 23.421 23.421 23.421 23.421 23.421 23.421 37.388 23.421 23.421 23.421 48.096 23.421 57.575 64.137 23.421 23.421 23.421 23.421 30.129 23.421 23.421 23.421 23.421 23.421 23.421 23.421 23.421 23.421 498.581 23.421 23.421 23.421 23.421 23.421 23.421 23.421 23.421 23.421 23.421 23.421 23.421 447.57 1467.188 1023.848 79.59 23.421 23.421 23.421 23.421 23.421 23.421 23.421 23.421 23.421 23.421 23.421 23.421 23.421 23.421 23.421 23.421 23.421 23.421 23.421 23.421 23.421 23.421 23.421 23.421 23.421 23.421 23.421 23.421 23.421 23.421 23.421 23.421 23.421 23.421 195.653 23.421 23.421 23.421 23.421 23.421 23.421 23.421 23.421 23.421 23.421 23.421 23.421 23.421 23.421 23.421 23.421 23.421 23.421 23.421
#CUP_C#
  23.421 23.421 23.421 23.421 32.377 40.178 23.421 46.397 118.232 23.421 23.421 23.421 23.421 23.421 23.421 23.421 23.421 23.421 23.421 23.421 23.421 23.421 23.421 23.421 23.421 23.421 23.421 23.421 23.421 23.421 23.421 23.421 46.397 23.421 23.421 23.421 23.421 38.758 23.421 23.421 23.421 23.421 23.421 23.421 23.421 23.421 23.421 23.421 23.421 23.421 23.421 23.421 23.421 40.178 23.421 23.421 33.563 23.421 68.922 23.421 23.421 23.421 29.064 40.178 23.421 23.421 23.421 23.421 44.757 23.421 91.91 618.708 1467.188 919.096 141.534 23.421 23.421 23.421 24.279 28.037 23.421 23.421 23.421 23.421 23.421 23.421 53.578 23.421 23.421 79.59 146.719 110.024 33.563 23.421 26.091 23.421 41.65 46.397 23.421 38.758 23.421 23.421 23.421 23.421 23.421 23.421 34.792 74.065 23.421 79.59 23.421 46.397 23.421 23.421 23.421 23.421 40.178 23.421 43.175 23.421 76.778 23.421 79.59 102.385 32.377 66.487 23.421 34.792
#CUP_D#
  30.129 82.506 23.421 23.421 23.421 38.758 29.064 23.421 23.421 23.421 23.421 23.421 23.421 33.563 23.421 23.421 23.421 23.421 31.233 23.421 23.421 23.421 23.421 23.421 23.421 23.421 27.046 23.421 23.421 23.421 27.046 23.421 23.421 23.421 61.871 23.421 23.421 23.421 23.421 23.421 38.758 23.421 23.421 23.421 23.421 23.421 23.421 23.421 23.421 27.046 23.421 30.129 23.421 23.421 23.421 23.421 23.421 23.421 57.575 23.421 23.421 23.421 23.421 33.563 23.421 23.421 23.421 23.421 26.091 23.421 23.421 23.421 36.067 23.421 23.421 23.421 26.091 37.388 23.421 23.421 23.421 36.067 23.421 23.421 23.421 23.421 23.421 32.377 49.858 36.067 23.421 23.421 23.421 23.421 23.421 23.421 36.067 23.421 23.421 23.421 33.563 23.421 27.046 23.421 23.421 23.421 23.421 95.276 41.65 23.421 23.421 23.421 23.421 28.037 23.421 23.421 23.421 23.421 29.064 23.421 23.421 23.421 25.169 23.421 23.421 23.421 23.421 31.233
##L_LONG########1989 233 23 06 03.508 status LL
#      #
#      #
#CUP_A#
  3.055 3.055 3.055 3.055 3.055 3.055 3.055 3.055 1038.136 2290.889 3.055 650.323 165.722 1115.589 1038.136 1384.376
#CUP_B#
  3.055 133.545 3.055 20.565 3.055 31.669 3.055 3.055 1657.216 328.287 3.055 3.055 3.055 3.055 3.055 3.055
#CUP_C#
  13.844 8.07 3.055 3.055 3.055 8.99 65.032 3.055 698.842 2461.808 93.192 524.058 274.239 220.993 274.239 305.495
#CUP_D#
  8.366 17.179 3.055 3.055 3.055 22.099 3.055 6.741 67.415 93.192 26.455 52.406 14.351 3.055 3.055 3.055
##L_SHORT#######1989 233 23 06 23.908 status LS
#      #
#      #
#CUP_A#
  103.726 103.726 103.726 103.726 205.476 103.726 562.68 103.726 1540.854 1982.15 103.726 583.293 103.726 365.394 542.796 698.251
#CUP_B#
  103.726 103.726 103.726 316.418 103.726 103.726 103.726 103.726 1716.471 154.085 103.726 103.726 103.726 103.726 103.726 103.726
#CUP_C#
  103.726 103.726 103.726 103.726 103.726 103.726 213.003 103.726 777.833 2643.239 198.215 562.68 264.324 171.647 213.003 340.025
#CUP_D#
  103.726 103.726 103.726 103.726 103.726 103.726 103.726 103.726 103.726 103.726 103.726 103.726 103.726 103.726 138.32 103.726
##L_LONG########1989 233 23 06 36.149 status LL
#      #
#      #
#CUP_A#
  89.899 379.1 3.055 3.055 128.826 83.657 107.617 3.055 867.22 2461.808 77.849 778.492 470.44 1001.45 1076.166 1384.376
#CUP_B#
  154.216 3.055 191.372 3.055 48.767 3.055 3.055 3.055 1717.925 379.1 3.055 3.055 3.055 3.055 3.055 3.055
#CUP_C#
  3.055 34.031 3.055 37.91 3.055 19.137 40.738 39.299 627.342 2645.478 115.646 563.157 284.285 294.699 264.548 305.495
#CUP_D#
  3.055 3.055 32.829 47.044 3.055 3.055 3.055 42.231 32.829 3.055 3.055 3.055 29.47 3.055 3.055 3.055
##ELECTR_SHORT##1989 233 23 06 54.989 status ES
# E1: 1989 233 23 06 30.869;   E2: 1989 233 23 07 18.868   #
#      #
  103.726 103.726 103.726 103.726 103.726 103.726 103.726 103.726 103.726 103.726 103.726 103.726 103.726 103.726 177.935 103.726 103.726 103.726 103.726 103.726 328.01 128.717 294.45 103.726 103.726 103.726 392.655 523.614
##L_SHORT#######1989 233 23 07 11.908 status LS
#      #
#      #
#CUP_A#
  103.726 228.895 103.726 407.039 103.726 103.726 103.726 103.726 723.83 2549.832 103.726 931.132 103.726 487.261 378.779 1000.602
#CUP_B#
  103.726 294.45 115.548 103.726 407.039 103.726 103.726 103.726 1433.876 213.003 103.726 103.726 103.726 103.726 103.726 103.726
#CUP_C#
  103.726 184.453 103.726 328.01 103.726 103.726 177.935 103.726 750.346 2643.239 103.726 673.576 138.32 213.003 213.003 378.779
#CUP_D#
  228.895 103.726 148.64 103.726 205.476 103.726 103.726 103.726 103.726 115.548 103.726 103.726 328.01 103.726 264.324 103.726
##ELECTR_LONG###1989 233 23 07 17.908 status EL
# E1: 1989 233 23 07 41.428;   E2: 1989 233 23 06 53.428   #
#      #
  3.055 56.316 25.52 3.055 56.316 60.517 52.406 17.179 29.47 3.055 45.382 3.055 26.455 14.351 22.099 22.099 3.055 69.884 80.701 3.055 9.319 3.055 3.055 56.316 36.57 159.865 966.06 724.443
##L_LONG########1989 233 23 07 24.148 status LL
#      #
#      #
#CUP_A#
  3.055 165.722 165.722 3.055 191.372 40.738 3.055 58.379 867.22 2551.991 93.192 750.981 294.699 1001.45 1115.589 1435.09
#CUP_B#
  3.055 229.089 3.055 3.055 43.778 11.156 3.055 3.055 1717.925 422.308 3.055 3.055 3.055 3.055 3.055 3.055
#CUP_C#
  3.055 3.055 60.517 22.909 22.099 15.422 54.326 47.044 724.443 2645.478 89.899 563.157 198.383 205.65 264.548 274.239
#CUP_D#
  184.61 138.438 13.844 67.415 21.318 3.055 3.055 16.572 3.055 3.055 3.055 62.734 29.47 52.406 3.055 3.055
##L_SHORT#######1989 233 23 07 59.908 status LS
#      #
#      #
#CUP_A#
  111.464 103.726 103.726 103.726 103.726 107.525 103.726 254.983 649.773 2643.239 103.726 673.576 103.726 421.95 453.431 1000.602
#CUP_B#
  138.32 103.726 138.32 103.726 103.726 103.726 103.726 103.726 1655.814 103.726 103.726 103.726 103.726 103.726 103.726 103.726
#CUP_C#
  103.726 103.726 103.726 103.726 103.726 103.726 103.726 103.726 626.811 2643.239 103.726 604.66 228.895 138.32 198.215 198.215
#CUP_D#
  103.726 103.726 103.726 103.726 103.726 111.464 103.726 103.726 119.781 103.726 103.726 103.726 128.717 245.972 103.726 103.726
##L_LONG########1989 233 23 08 12.148 status LL
#      #
#      #
#CUP_A#
  72.444 148.766 100.145 43.778 11.565 3.055 3.055 13.844 1115.589 2551.991 25.52 778.492 284.285 966.06 1115.589 1487.662
#CUP_B#
  3.055 3.055 22.099 3.055 3.055 3.055 3.055 3.055 1780.857 470.44 3.055 3.055 3.055 3.055 3.055 3.055
#CUP_C#
  10.014 3.055 3.055 19.137 3.055 3.055 3.055 30.549 867.22 2551.991 133.545 605.172 191.372 213.184 294.699 305.495
#CUP_D#
  27.424 67.415 3.055 26.455 60.517 21.318 3.055 3.055 8.99 16.572 3.055 4.704 22.099 3.055 3.055 3.055
##ELECTR_SHORT##1989 233 23 08 30.988 status ES
# E1: 1989 233 23 08 06.868;   E2: 1989 233 23 08 54.868   #
#      #
  148.64 103.726 103.726 103.726 103.726 103.726 171.647 128.717 133.432 103.726 103.726 103.726 103.726 103.726 103.726 103.726 103.726 103.726 165.581 228.895 198.215 159.73 119.781 103.726 103.726 103.726 103.726 103.726
##L_SHORT#######1989 233 23 08 47.908 status LS
#      #
#      #
#CUP_A#
  103.726 583.293 103.726 604.66 103.726 198.215 103.726 103.726 965.243 2643.239 103.726 866.486 103.726 205.476 723.83 965.243
#CUP_B#
  103.726 274.007 328.01 103.726 542.796 103.726 103.726 103.726 1486.403 562.68 103.726 103.726 103.726 103.726 103.726 103.726
#CUP_C#
  103.726 177.935 103.726 138.32 103.726 103.726 171.647 103.726 866.486 2840.446 103.726 777.833 177.935 159.73 254.983 264.324
#CUP_D#
  103.726 103.726 103.726 103.726 128.717 103.726 103.726 103.726 103.726 245.972 103.726 103.726 328.01 154.085 198.215 103.726
##ELECTR_LONG###1989 233 23 08 53.908 status EL
# E1: 1989 233 23 09 17.428;   E2: 1989 233 23 08 29.428   #
#      #
  5.433 24.618 47.044 32.829 89.899 50.554 3.055 3.055 3.055 3.055 47.044 3.055 47.044 3.055 19.838 39.299 3.055 50.554 115.646 3.055 3.055 40.738 3.055 77.849 48.767 138.438 931.921 674.146
##L_LONG########1989 233 23 09 00.147 status LL
#      #
#      #
#CUP_A#
  138.438 3.283 305.495 220.993 23.748 128.826 6.503 3.055 1001.45 2742.39 128.826 750.981 524.058 966.06 1198.82 1335.455
#CUP_B#
  3.055 93.192 3.055 93.192 80.701 3.055 3.055 3.055 1598.653 778.492 3.055 3.055 3.055 3.055 3.055 3.055
#CUP_C#
  3.055 3.055 80.701 3.055 3.055 3.055 3.055 8.672 724.443 2842.851 111.559 605.172 274.239 220.993 284.285 305.495
#CUP_D#
  29.47 24.618 3.055 3.055 4.877 6.741 39.299 3.055 3.055 12.427 17.179 3.055 3.055 3.055 15.422 3.055
##L_SHORT#######1989 233 23 09 35.908 status LS
#      #
#      #
#CUP_A#
  205.476 103.726 264.324 103.726 407.039 103.726 103.726 103.726 698.251 2643.239 103.726 649.773 115.548 505.111 649.773 806.328
#CUP_B#
  103.726 103.726 103.726 165.581 103.726 103.726 103.726 103.726 1383.205 487.261 103.726 103.726 103.726 103.726 103.726 103.726
#CUP_C#
  148.64 103.726 103.726 103.726 171.647 103.726 103.726 103.726 649.773 2840.446 103.726 437.408 159.73 184.453 159.73 245.972
#CUP_D#
  103.726 103.726 103.726 103.726 103.726 111.464 103.726 103.726 103.726 103.726 103.726 103.726 148.64 128.717 143.388 103.726
##L_LONG########1989 233 23 09 48.148 status LL
#      #
#      #
#CUP_A#
  22.909 3.055 40.738 69.884 128.826 25.52 3.055 3.055 807.01 2946.993 48.767 807.01 264.548 966.06 1076.166 1487.662
#CUP_B#
  3.055 111.559 8.07 14.877 3.055 3.055 3.055 3.055 1335.455 778.492 3.055 3.055 3.055 3.055 3.055 3.055
#CUP_C#
  3.055 3.055 21.318 14.351 3.055 3.055 3.055 48.767 650.323 2842.851 100.145 605.172 237.481 205.65 284.285 305.495
#CUP_D#
  27.424 23.748 3.055 3.055 15.987 56.316 7.785 3.055 3.055 23.748 14.877 3.055 3.055 3.791 3.055 3.055
##ELECTR_SHORT##1989 233 23 10 06.988 status ES
# E1: 1989 233 23 09 42.868;   E2: 1989 233 23 10 30.868   #
#      #
  103.726 103.726 103.726 103.726 159.73 128.717 103.726 103.726 103.726 103.726 103.726 103.726 103.726 103.726 103.726 103.726 103.726 143.388 198.215 213.003 205.476 138.32 103.726 103.726 103.726 103.726 103.726 103.726
##L_SHORT#######1989 233 23 10 23.908 status LS
#      #
#      #
#CUP_A#
  159.73 103.726 128.717 103.726 177.935 103.726 316.418 103.726 835.866 2840.446 103.726 1155.477 103.726 453.431 505.111 806.328
#CUP_B#
  103.726 352.482 103.726 103.726 352.482 103.726 103.726 103.726 965.243 649.773 103.726 103.726 103.726 103.726 103.726 103.726
#CUP_C#
  103.726 111.464 103.726 128.717 103.726 103.726 159.73 103.726 626.811 3052.365 103.726 723.83 205.476 111.464 220.806 115.548
#CUP_D#
  107.525 103.726 107.525 103.726 103.726 103.726 103.726 103.726 103.726 184.453 103.726 103.726 340.025 103.726 205.476 103.726
##ELECTR_LONG###1989 233 23 10 29.908 status EL
# E1: 1989 233 23 10 53.427;   E2: 1989 233 23 10 05.428   #
#      #
  9.661 24.618 40.738 3.055 75.098 48.767 40.738 3.055 3.055 27.424 37.91 27.424 42.231 24.618 14.877 12.427 3.055 11.565 107.617 3.055 3.055 34.031 3.055 69.884 43.778 115.646 898.988 698.842
##L_LONG########1989 233 23 10 36.148 status LL
#      #
#      #
#CUP_A#
  124.274 3.055 184.61 178.086 60.517 178.086 3.055 3.055 807.01 2842.851 115.646 698.842 524.058 931.921 1115.589 1435.09
#CUP_B#
  3.055 115.646 3.055 22.909 7.785 3.055 43.778 3.055 1384.376 867.22 3.055 3.055 3.055 3.055 3.055 3.055
#CUP_C#
  3.055 3.055 40.738 3.055 15.987 62.734 45.382 36.57 563.157 2842.851 111.559 563.157 205.65 229.089 305.495 305.495
#CUP_D#
  32.829 32.829 3.055 3.055 10.014 26.455 30.549 3.055 3.055 28.429 19.838 3.055 3.055 8.366 3.055 3.055
##L_SHORT#######1989 233 23 11 11.908 status LS
#      #
#      #
#CUP_A#
  143.388 103.726 365.394 103.726 352.482 103.726 128.717 103.726 750.346 2740.069 103.726 562.68 103.726 305.236 777.833 649.773
#CUP_B#
  103.726 103.726 103.726 154.085 103.726 111.464 103.726 103.726 1037.257 750.346 103.726 103.726 103.726 103.726 103.726 103.726
#CUP_C#
  103.726 103.726 103.726 103.726 177.935 103.726 103.726 103.726 421.95 3052.365 103.726 583.293 103.726 177.935 148.64 177.935
#CUP_D#
  103.726 103.726 103.726 103.726 103.726 103.726 103.726 103.726 103.726 103.726 103.726 103.726 245.972 264.324 103.726 103.726
##L_LONG########1989 233 23 11 24.148 status LL
#      #
#      #
#CUP_A#
  3.055 72.444 100.145 60.517 37.91 3.055 3.055 28.429 724.443 3054.95 15.422 674.146 294.699 966.06 1001.45 1487.662
#CUP_B#
  19.137 93.192 3.055 3.055 4.877 3.055 3.055 3.055 1115.589 1038.136 3.055 3.055 3.055 3.055 3.055 3.055
#CUP_C#
  3.055 3.055 14.351 3.055 3.055 22.099 3.055 8.672 487.673 3054.95 119.882 563.157 229.089 191.372 284.285 284.285
#CUP_D#
  37.91 28.429 3.055 17.809 13.355 28.429 3.055 3.055 24.618 28.429 3.055 14.877 3.055 4.704 3.055 3.055
##ELECTR_SHORT##1989 233 23 11 42.988 status ES
# E1: 1989 233 23 11 18.868;   E2: 1989 233 23 12 06.868   #
#      #
  103.726 103.726 103.726 103.726 103.726 103.726 103.726 177.935 103.726 103.726 103.726 103.726 103.726 103.726 103.726 103.726 103.726 245.972 213.003 245.972 128.717 111.464 103.726 103.726 103.726 103.726 103.726 103.726
##L_SHORT#######1989 233 23 11 59.908 status LS
#      #
#      #
#CUP_A#
  220.806 103.726 103.726 103.726 245.972 103.726 115.548 103.726 649.773 2840.446 103.726 965.243 103.726 583.293 583.293 806.328
#CUP_B#
  103.726 294.45 103.726 103.726 378.779 103.726 103.726 103.726 777.833 898.228 103.726 103.726 103.726 103.726 103.726 103.726
#CUP_C#
  103.726 103.726 103.726 124.169 103.726 103.726 103.726 103.726 562.68 2944.5 103.726 673.576 143.388 213.003 205.476 220.806
#CUP_D#
  119.781 103.726 103.726 103.726 205.476 103.726 103.726 103.726 103.726 103.726 103.726 103.726 316.418 103.726 184.453 103.726
##ELECTR_LONG###1989 233 23 12 05.908 status EL
# E1: 1989 233 23 12 29.428;   E2: 1989 233 23 11 41.428   #
#      #
  3.055 25.52 3.055 52.406 27.424 3.055 96.606 50.554 30.549 8.99 50.554 34.031 31.669 3.055 11.565 13.355 3.055 58.379 93.192 3.055 3.055 43.778 31.669 89.899 14.877 86.722 931.921 650.323
##L_LONG########1989 233 23 12 12.148 status LL
#      #
#      #
#CUP_A#
  184.61 3.055 72.444 119.882 124.274 154.216 3.055 3.055 674.146 2842.851 171.792 674.146 505.538 931.921 1156.456 1288.262
#CUP_B#
  143.509 184.61 3.055 62.734 3.055 3.055 3.055 3.055 1156.456 931.921 3.055 3.055 3.055 3.055 3.055 3.055
#CUP_C#
  3.055 3.055 23.748 3.055 6.988 23.748 36.57 3.055 524.058 2946.993 89.899 563.157 237.481 205.65 305.495 305.495
#CUP_D#
  93.192 40.738 3.055 30.549 128.826 72.444 22.099 148.766 4.223 28.429 10.762 3.055 3.055 3.055 3.055 3.055
##L_SHORT#######1989 233 23 12 47.908 status LS
#      #
#      #
#CUP_A#
  103.726 103.726 274.007 103.726 274.007 103.726 184.453 103.726 806.328 2459.725 103.726 505.111 148.64 305.236 835.866 626.811
#CUP_B#
  103.726 103.726 128.717 107.525 103.726 103.726 103.726 103.726 1197.806 562.68 103.726 103.726 103.726 103.726 103.726 103.726
#CUP_C#
  103.726 103.726 198.215 103.726 103.726 103.726 103.726 103.726 626.811 2840.446 103.726 523.614 228.895 191.21 213.003 148.64
#CUP_D#
  103.726 103.726 103.726 103.726 148.64 103.726 119.781 103.726 103.726 115.548 103.726 103.726 143.388 154.085 124.169 103.726
##L_LONG########1989 233 23 13 00.147 status LL
#      #
#      #
#CUP_A#
  3.055 133.545 96.606 75.098 7.51 3.055 3.055 60.517 836.574 2842.851 42.231 627.342 198.383 931.921 966.06 1435.09
#CUP_B#
  50.554 3.055 3.055 3.055 107.617 27.424 3.055 3.055 1288.262 750.981 3.055 3.055 3.055 3.055 3.055 3.055
#CUP_C#
  3.055 3.055 3.055 3.055 3.055 3.055 32.829 8.07 605.172 2742.39 148.766 605.172 220.993 198.383 294.699 305.495
#CUP_D#
  119.882 75.098 48.767 77.849 69.884 3.055 11.565 3.055 27.424 27.424 3.055 3.055 3.055 3.055 3.055 3.055
##ELECTR_SHORT##1989 233 23 13 18.988 status ES
# E1: 1989 233 23 12 54.868;   E2: 1989 233 23 13 42.868   #
#      #
  103.726 103.726 103.726 103.726 184.453 103.726 103.726 103.726 284.045 191.21 119.781 103.726 124.169 103.726 103.726 103.726 103.726 103.726 103.726 103.726 154.085 103.726 191.21 237.28 165.581 148.64 191.21 673.576
##L_SHORT#######1989 233 23 13 35.908 status LS
#      #
#      #
#CUP_A#
  198.215 103.726 159.73 103.726 254.983 103.726 213.003 103.726 806.328 2549.832 103.726 965.243 103.726 583.293 487.261 698.251
#CUP_B#
  103.726 365.394 103.726 103.726 340.025 103.726 103.726 115.548 1037.257 604.66 103.726 103.726 103.726 103.726 103.726 103.726
#CUP_C#
  154.085 191.21 103.726 165.581 103.726 103.726 220.806 103.726 835.866 2740.069 103.726 698.251 115.548 237.28 177.935 228.895
#CUP_D#
  205.476 103.726 119.781 103.726 284.045 103.726 103.726 103.726 103.726 103.726 103.726 103.726 294.45 198.215 171.647 103.726
##ELECTR_LONG###1989 233 23 13 41.908 status EL
# E1: 1989 233 23 14 05.428;   E2: 1989 233 23 13 17.428   #
#      #
  3.055 17.179 39.299 13.844 3.055 3.055 32.829 56.316 27.424 3.055 25.52 27.424 15.987 24.618 3.055 3.055 3.055 3.055 54.326 3.055 10.014 42.231 3.055 89.899 3.657 178.086 931.921 650.323
##L_LONG########1989 233 23 13 48.148 status LL
#      #
#      #
#CUP_A#
  86.722 3.055 58.379 138.438 80.701 213.184 27.424 3.055 867.22 2551.991 220.993 674.146 453.815 966.06 1115.589 1288.262
#CUP_B#
  138.438 124.274 3.055 128.826 65.032 3.055 3.055 3.055 1598.653 470.44 3.055 3.055 3.055 3.055 3.055 3.055
#CUP_C#
  3.055 40.738 23.748 3.055 13.355 13.844 47.044 12.883 605.172 2645.478 154.216 583.787 237.481 213.184 246.181 305.495
#CUP_D#
  89.899 198.383 159.865 8.07 119.882 111.559 3.055 103.814 3.055 23.748 3.055 3.055 22.099 3.055 3.055 3.055
##L_SHORT#######1989 233 23 14 23.908 status LS
#      #
#      #
#CUP_A#
  103.726 103.726 159.73 103.726 352.482 103.726 220.806 103.726 1037.257 2372.802 228.895 365.394 198.215 103.726 750.346 649.773
#CUP_B#
  220.806 103.726 103.726 154.085 103.726 107.525 103.726 103.726 1383.205 365.394 103.726 103.726 103.726 103.726 103.726 103.726
#CUP_C#
  103.726 103.726 103.726 103.726 103.726 103.726 148.64 103.726 698.251 2740.069 220.806 542.796 124.169 171.647 103.726 103.726
#CUP_D#
  103.726 103.726 103.726 103.726 103.726 103.726 103.726 103.726 103.726 103.726 138.32 103.726 228.895 154.085 103.726 103.726
##L_LONG########1989 233 23 14 36.148 status LL
#      #
#      #
#CUP_A#
  62.734 264.548 77.849 3.055 25.52 124.274 3.055 124.274 750.981 2645.478 50.554 674.146 487.673 1038.136 1115.589 1384.376
#CUP_B#
  9.319 75.098 52.406 93.192 62.734 3.055 3.055 3.055 1657.216 650.323 3.055 3.055 3.055 3.055 3.055 3.055
#CUP_C#
  3.055 3.055 45.382 3.055 3.055 29.47 25.52 65.032 750.981 2742.39 119.882 605.172 274.239 274.239 284.285 305.495
#CUP_D#
  72.444 143.509 86.722 22.909 37.91 3.055 3.055 3.055 3.055 35.278 19.137 27.424 40.738 56.316 3.055 3.055
##ELECTR_SHORT##1989 233 23 14 54.988 status ES
# E1: 1989 233 23 14 30.868;   E2: 1989 233 23 15 18.868   #
#      #
  138.32 103.726 103.726 103.726 191.21 103.726 103.726 103.726 103.726 103.726 103.726 103.726 103.726 103.726 111.464 103.726 103.726 103.726 103.726 103.726 103.726 103.726 103.726 103.726 103.726 103.726 184.453 237.28
##L_SHORT#######1989 233 23 15 11.908 status LS
#      #
#      #
#CUP_A#
  103.726 523.614 103.726 220.806 103.726 103.726 133.432 103.726 750.346 2549.832 103.726 649.773 103.726 378.779 835.866 698.251
#CUP_B#
  103.726 264.324 228.895 103.726 437.408 103.726 103.726 103.726 1075.255 723.83 103.726 103.726 103.726 103.726 103.726 103.726
#CUP_C#
  103.726 103.726 103.726 148.64 103.726 103.726 154.085 103.726 604.66 2944.5 103.726 698.251 111.464 177.935 220.806 177.935
#CUP_D#
  103.726 103.726 103.726 103.726 103.726 103.726 103.726 177.935 103.726 154.085 103.726 103.726 294.45 143.388 119.781 103.726
##ELECTR_LONG###1989 233 23 15 17.908 status EL
# E1: 1989 233 23 15 41.428;   E2: 1989 233 23 14 53.427   #
#      #
  15.987 22.909 31.669 3.055 36.57 45.382 25.52 37.91 21.318 28.429 67.415 3.055 42.231 3.055 23.748 3.055 3.055 3.055 3.055 3.055 3.055 77.849 19.838 143.509 86.722 178.086 966.06 674.146
##L_LONG########1989 233 23 15 24.148 status LL
#      #
#      #
#CUP_A#
  37.91 69.884 47.044 3.055 93.192 143.509 3.403 25.52 778.492 2742.39 115.646 650.323 583.787 966.06 1156.456 1384.376
#CUP_B#
  3.055 54.326 10.014 138.438 3.055 3.055 3.055 3.055 1542.159 724.443 3.055 3.055 3.055 3.055 3.055 3.055
#CUP_C#
  3.055 93.192 56.316 3.055 50.554 6.052 28.429 80.701 605.172 2842.851 54.326 583.787 205.65 237.481 220.993 305.495
#CUP_D#
  11.565 3.055 24.618 48.767 3.055 3.055 17.179 15.987 3.055 77.849 35.278 62.734 72.444 3.055 3.055 3.055
##M_LONG########1989 233 23 15 58.708 status ML
#      #
#      #
#CUP_A#
  23.421 68.922 23.421 23.421 23.421 23.421 23.421 146.719 23.421 182.069 31.233 23.421 23.421 23.421 23.421 23.421 23.421 23.421 23.421 23.421 23.421 23.421 53.578 41.65 23.421 23.421 23.421 23.421 23.421 23.421 23.421 23.421 23.421 23.421 23.421 37.388 23.421 23.421 23.421 51.685 23.421 30.129 23.421 23.421 23.421 23.421 23.421 23.421 23.421 23.421 23.421 23.421 23.421 23.421 23.421 23.421 23.421 301.291 23.421 66.487 23.421 23.421 23.421 23.421 23.421 40.178 23.421 23.421 31.233 74.065 88.662 641.373 1634.409 987.667 127.053 23.421 23.421 23.421 23.421 23.421 23.421 23.421 23.421 23.421 23.421 23.421 23.421 23.421 23.421 79.59 210.25 163.441 88.662 23.421 23.421 61.871 79.59 110.024 55.541 25.169 23.421 23.421 46.397 23.421 23.421 49.858 23.421 516.845 23.421 114.054 312.328 182.069 195.653 122.563 146.719 131.708 23.421 68.922 225.936 210.25 61.871 88.662 136.532 431.753 122.563 23.421 312.328 280.373
#CUP_B#
  82.506 23.421 23.421 23.421 23.421 23.421 23.421 26.091 234.213 57.575 23.421 36.067 26.091 23.421 26.091 23.421 23.421 23.421 23.421 23.421 23.421 23.421 23.421 23.421 23.421 55.541 23.421 23.421 23.421 33.563 23.421 23.421 23.421 59.684 49.858 44.757 23.421 23.421 23.421 34.792 23.421 59.684 23.421 23.421 23.421 23.421 23.421 23.421 40.178 23.421 23.421 23.421 23.421 23.421 23.421 23.421 23.421 23.421 23.421 23.421 23.421 23.421 23.421 23.421 23.421 23.421 23.421 23.421 23.421 23.421 335.63 1317.076 1270.532 260.907 23.421 23.421 23.421 23.421 23.421 23.421 23.421 23.421 23.421 23.421 23.421 23.421 23.421 23.421 23.421 23.421 23.421 23.421 23.421 23.421 23.421 23.421 23.421 23.421 23.421 23.421 23.421 23.421 23.421 23.421 23.421 23.421 23.421 23.421 23.421 23.421 23.421 23.421 23.421 23.421 23.421 23.421 23.421 23.421 23.421 23.421 23.421 23.421 23.421 23.421 23.421 23.421 23.421 23.421
#CUP_C#
  34.792 59.684 23.421 23.421 23.421 44.757 23.421 23.421 114.054 25.169 23.421 26.091 41.65 23.421 23.421 23.421 24.279 23.421 23.421 28.037 23.421 23.421 28.037 23.421 23.421 23.421 34.792 23.421 37.388 23.421 23.421 23.421 23.421 23.421 23.421 28.037 23.421 40.178 23.421 23.421 23.421 23.421 26.091 23.421 23.421 23.421 23.421 23.421 23.421 23.421 40.178 30.129 44.757 23.421 23.421 43.175 23.421 76.778 66.487 46.397 23.421 57.575 23.421 23.421 23.421 26.091 41.65 23.421 38.758 23.421 23.421 416.496 1520.935 1182.322 225.936 49.858 28.037 23.421 23.421 23.421 23.421 23.421 23.421 23.421 23.421 23.421 23.421 23.421 23.421 48.096 122.563 202.82 23.421 43.175 38.758 68.922 23.421 27.046 61.871 23.421 40.178 53.578 23.421 31.233 23.421 23.421 23.421 23.421 40.178 41.65 27.046 57.575 23.421 43.175 23.421 23.421 51.685 43.175 23.421 23.421 27.046 28.037 59.684 23.421 23.421 88.662 23.421 28.037
#CUP_D#
  23.421 59.684 23.421 23.421 23.421 23.421 57.575 270.465 23.421 23.421 23.421 23.421 23.421 33.563 23.421 23.421 23.421 34.792 23.421 23.421 23.421 23.421 28.037 23.421 23.421 23.421 27.046 23.421 23.421 23.421 37.388 23.421 23.421 23.421 28.037 23.421 23.421 23.421 66.487 23.421 23.421 23.421 23.421 40.178 23.421 23.421 40.178 23.421 23.421 23.421 29.064 23.421 23.421 23.421 23.421 23.421 23.421 23.421 36.067 23.421 23.421 23.421 23.421 36.067 23.421 23.421 23.421 23.421 23.421 23.421 23.421 23.421 31.233 23.421 23.421 23.421 36.067 23.421 23.421 23.421 23.421 23.421 23.421 23.421 23.421 23.421 23.421 23.421 23.421 44.757 23.421 61.871 23.421 29.064 23.421 23.421 36.067 23.421 23.421 23.421 23.421 44.757 23.421 23.421 23.421 71.447 23.421 23.421 44.757 23.421 23.421 23.421 24.279 31.233 23.421 23.421 23.421 26.091 23.421 23.421 23.421 23.421 40.178 23.421 23.421 23.421 23.421 23.421
##L_LONG########1989 233 23 18 03.507 status LL
#      #
#      #
#CUP_A#
  14.351 3.055 3.055 3.055 3.055 3.055 3.055 3.055 867.22 2742.39 21.318 698.842 294.699 1038.136 1038.136 1384.376
#CUP_B#
  3.055 77.849 3.055 18.461 17.809 3.055 3.055 3.055 1542.159 750.981 3.055 3.055 3.055 3.055 3.055 3.055
#CUP_C#
  3.055 7.244 48.767 3.055 5.433 21.318 26.455 45.382 627.342 2842.851 128.826 627.342 205.65 294.699 229.089 294.699
#CUP_D#
  17.809 3.055 3.055 3.055 3.055 10.381 15.422 22.099 37.91 89.899 3.055 75.098 3.055 3.055 3.055 3.055
##L_SHORT#######1989 233 23 18 23.908 status LS
#      #
#      #
#CUP_A#
  103.726 103.726 103.726 103.726 103.726 103.726 723.83 103.726 1334.325 2372.802 103.726 673.576 103.726 171.647 723.83 487.261
#CUP_B#
  103.726 470.042 103.726 103.726 103.726 111.464 103.726 103.726 965.243 806.328 103.726 103.726 103.726 103.726 103.726 103.726
#CUP_C#
  103.726 103.726 103.726 103.726 103.726 103.726 103.726 103.726 649.773 2840.446 103.726 453.431 254.983 143.388 165.581 159.73
#CUP_D#
  103.726 103.726 103.726 103.726 103.726 184.453 103.726 165.581 103.726 103.726 103.726 103.726 103.726 103.726 103.726 103.726
##L_LONG########1989 233 23 18 36.148 status LL
#      #
#      #
#CUP_A#
  237.481 205.65 3.055 19.838 205.65 107.617 58.379 3.055 807.01 3054.95 86.722 836.574 470.44 966.06 1115.589 1435.09
#CUP_B#
  96.606 11.156 43.778 48.767 3.055 3.055 3.055 3.055 1288.262 898.988 3.055 3.055 3.055 3.055 3.055 3.055
#CUP_C#
  3.055 86.722 3.055 3.055 3.055 14.877 26.455 29.47 605.172 2946.993 165.722 627.342 213.184 255.199 305.495 305.495
#CUP_D#
  3.055 3.055 31.669 43.778 3.055 3.055 3.055 25.52 26.455 3.055 3.055 11.565 39.299 3.055 3.055 3.055
##ELECTR_SHORT##1989 233 23 18 54.988 status ES
# E1: 1989 233 23 18 30.868;   E2: 1989 233 23 19 18.868   #
#      #
  103.726 103.726 119.781 103.726 103.726 103.726 103.726 103.726 103.726 103.726 133.432 103.726 159.73 171.647 205.476 103.726 103.726 103.726 103.726 103.726 103.726 103.726 103.726 103.726 103.726 103.726 103.726 107.525
##L_SHORT#######1989 233 23 19 11.908 status LS
#      #
#      #
#CUP_A#
  103.726 562.68 103.726 673.576 103.726 103.726 103.726 103.726 649.773 2944.5 103.726 777.833 154.085 159.73 835.866 777.833
#CUP_B#
  103.726 305.236 294.45 103.726 562.68 103.726 103.726 103.726 1000.602 898.228 103.726 103.726 103.726 103.726 103.726 103.726
#CUP_C#
  103.726 237.28 103.726 159.73 103.726 103.726 177.935 103.726 505.111 3164.182 103.726 649.773 115.548 148.64 171.647 378.779
#CUP_D#
  103.726 103.726 103.726 103.726 205.476 103.726 103.726 148.64 115.548 237.28 103.726 103.726 274.007 111.464 184.453 103.726
##ELECTR_LONG###1989 233 23 19 17.908 status EL
# E1: 1989 233 23 19 41.428;   E2: 1989 233 23 18 53.427   #
#      #
  11.988 3.055 28.429 26.455 29.47 40.738 5.241 7.51 3.055 13.355 18.461 19.838 19.137 13.355 45.382 3.055 3.055 3.055 119.882 3.055 3.055 143.509 22.099 103.814 72.444 115.646 931.921 698.842
##L_LONG########1989 233 23 19 24.148 status LL
#      #
#      #
#CUP_A#
  198.383 115.646 264.548 133.545 11.988 89.899 21.318 75.098 778.492 2842.851 45.382 650.323 294.699 867.22 1242.737 1335.455
#CUP_B#
  72.444 75.098 3.055 17.179 34.031 48.767 3.055 3.055 1156.456 1115.589 3.055 3.055 3.055 3.055 3.055 3.055
#CUP_C#
  3.055 143.509 3.055 3.055 3.055 3.055 43.778 3.055 583.787 2946.993 133.545 627.342 220.993 191.372 305.495 305.495
#CUP_D#
  3.055 3.055 12.427 34.031 13.844 3.055 3.055 3.055 19.137 3.055 3.055 3.055 52.406 3.055 3.055 3.055
##L_SHORT#######1989 233 23 19 59.907 status LS
#      #
#      #
#CUP_A#
  103.726 245.972 103.726 103.726 103.726 103.726 205.476 103.726 835.866 2549.832 523.614 103.726 407.039 103.726 1037.257 487.261
#CUP_B#
  205.476 103.726 124.169 103.726 103.726 103.726 103.726 103.726 898.228 1114.645 103.726 103.726 103.726 103.726 103.726 103.726
#CUP_C#
  103.726 103.726 128.717 103.726 103.726 103.726 103.726 103.726 407.039 3052.365 119.781 649.773 220.806 103.726 237.28 177.935
#CUP_D#
  103.726 103.726 103.726 103.726 103.726 103.726 103.726 103.726 103.726 103.726 103.726 165.581 184.453 294.45 103.726 103.726
##L_LONG########1989 233 23 20 12.147 status LL
#      #
#      #
#CUP_A#
  3.055 191.372 229.089 22.909 3.055 80.701 32.829 111.559 583.787 2946.993 5.241 605.172 246.181 931.921 1115.589 1384.376
#CUP_B#
  20.565 3.055 3.283 3.055 3.055 3.055 3.055 3.055 1076.166 1198.82 3.055 3.055 3.055 3.055 3.055 3.055
#CUP_C#
  3.055 54.326 62.734 3.055 3.055 3.055 43.778 72.444 505.538 3054.95 77.849 627.342 274.239 220.993 305.495 305.495
#CUP_D#
  3.055 67.415 3.283 11.988 3.055 3.055 11.565 15.987 3.055 13.844 65.032 48.767 10.014 3.055 3.055 3.055
##ELECTR_SHORT##1989 233 23 20 30.987 status ES
# E1: 1989 233 23 20 06.867;   E2: 1989 233 23 20 54.867   #
#      #
  103.726 103.726 133.432 103.726 103.726 103.726 103.726 103.726 103.726 103.726 103.726 103.726 103.726 103.726 103.726 103.726 103.726 103.726 103.726 171.647 191.21 213.003 115.548 103.726 103.726 103.726 103.726 103.726
##L_SHORT#######1989 233 23 20 47.907 status LS
#      #
#      #
#CUP_A#
  103.726 365.394 103.726 340.025 103.726 103.726 352.482 103.726 806.328 2549.832 103.726 523.614 159.73 103.726 1037.257 583.293
#CUP_B#
  103.726 213.003 316.418 103.726 421.95 103.726 103.726 103.726 777.833 1000.602 103.726 103.726 103.726 103.726 103.726 103.726
#CUP_C#
  103.726 184.453 103.726 177.935 103.726 103.726 294.45 103.726 542.796 2944.5 103.726 562.68 198.215 103.726 340.025 133.432
#CUP_D#
  198.215 103.726 103.726 103.726 103.726 103.726 103.726 128.717 103.726 213.003 103.726 103.726 254.983 148.64 198.215 103.726
##ELECTR_LONG###1989 233 23 20 53.907 status EL
# E1: 1989 233 23 21 17.427;   E2: 1989 233 23 20 29.427   #
#      #
  3.055 40.738 3.283 20.565 27.424 83.657 10.014 29.47 3.055 13.844 25.52 24.618 9.661 37.91 3.055 10.762 3.055 27.424 3.055 3.055 32.829 8.366 29.47 50.554 32.829 83.657 898.988 698.842
##L_LONG########1989 233 23 21 00.146 status LL
#      #
#      #
#CUP_A#
  159.865 3.055 83.657 184.61 89.899 100.145 43.778 3.055 807.01 2946.993 138.438 627.342 453.815 1038.136 1115.589 1288.262
#CUP_B#
  54.326 37.91 67.415 77.849 3.055 96.606 3.055 3.055 1038.136 1076.166 3.055 3.055 3.055 3.055 3.055 3.055
#CUP_C#
  48.767 8.672 3.055 3.055 17.179 3.055 89.899 22.909 583.787 2946.993 171.792 583.787 305.495 171.792 237.481 305.495
#CUP_D#
  22.909 42.231 3.055 3.055 50.554 13.355 7.785 3.055 3.055 35.278 22.909 3.055 96.606 3.055 3.055 3.055
##L_SHORT#######1989 233 23 21 35.907 status LS
#      #
#      #
#CUP_A#
  115.548 103.726 213.003 103.726 407.039 103.726 213.003 103.726 723.83 3164.182 103.726 626.811 171.647 340.025 523.614 866.486
#CUP_B#
  103.726 103.726 103.726 103.726 103.726 103.726 103.726 103.726 1000.602 965.243 103.726 103.726 103.726 103.726 103.726 103.726
#CUP_C#
  103.726 103.726 103.726 103.726 133.432 103.726 103.726 103.726 470.042 3052.365 191.21 626.811 228.895 148.64 103.726 213.003
#CUP_D#
  103.726 103.726 103.726 103.726 103.726 103.726 103.726 103.726 103.726 103.726 103.726 103.726 177.935 213.003 171.647 103.726
##L_LONG########1989 233 23 21 48.147 status LL
#      #
#      #
#CUP_A#
  69.884 34.031 133.545 119.882 3.055 3.055 3.055 138.438 778.492 3054.95 19.137 583.787 255.199 966.06 1156.456 1384.376
#CUP_B#
  45.382 25.52 3.055 3.055 11.988 56.316 3.055 3.055 931.921 1242.737 3.055 3.055 3.055 3.055 3.055 3.055
#CUP_C#
  3.055 24.618 54.326 43.778 3.055 3.055 3.93 54.326 583.787 2946.993 143.509 505.538 229.089 255.199 220.993 305.495
#CUP_D#
  25.52 32.829 3.055 3.055 30.549 45.382 5.632 3.055 3.055 35.278 6.503 3.055 3.055 3.528 3.055 3.055
##ELECTR_SHORT##1989 233 23 22 06.987 status ES
# E1: 1989 233 23 21 42.867;   E2: 1989 233 23 22 30.867   #
#      #
  103.726 103.726 119.781 111.464 103.726 115.548 103.726 103.726 138.32 103.726 148.64 103.726 103.726 103.726 103.726 103.726 103.726 103.726 119.781 191.21 213.003 177.935 128.717 103.726 103.726 103.726 103.726 103.726
##L_SHORT#######1989 233 23 22 23.907 status LS
#      #
#      #
#CUP_A#
  237.28 103.726 103.726 103.726 103.726 103.726 103.726 103.726 365.394 3052.365 103.726 1075.255 103.726 421.95 542.796 866.486
#CUP_B#
  103.726 437.408 184.453 103.726 453.431 103.726 103.726 143.388 806.328 1000.602 103.726 103.726 103.726 103.726 103.726 103.726
#CUP_C#
  103.726 103.726 103.726 103.726 133.432 103.726 148.64 103.726 649.773 3052.365 103.726 750.346 103.726 159.73 143.388 274.007
#CUP_D#
  138.32 103.726 103.726 103.726 103.726 103.726 103.726 107.525 103.726 119.781 119.781 103.726 328.01 165.581 103.726 103.726
##ELECTR_LONG###1989 233 23 22 29.907 status EL
# E1: 1989 233 23 22 53.427;   E2: 1989 233 23 22 05.427   #
#      #
  3.055 31.669 19.137 6.741 58.379 17.179 24.618 3.055 32.829 31.669 17.179 15.987 36.57 31.669 3.055 48.767 3.055 60.517 96.606 3.055 80.701 29.47 3.055 75.098 3.055 133.545 867.22 724.443
##L_LONG########1989 233 23 22 36.147 status LL
#      #
#      #
#CUP_A#
  229.089 56.316 119.882 255.199 3.055 62.734 154.216 3.055 867.22 2842.851 20.565 650.323 255.199 1001.45 1115.589 1288.262
#CUP_B#
  124.274 3.055 60.517 37.91 3.055 47.044 3.055 3.055 1076.166 1288.262 3.055 3.055 3.055 3.055 3.055 3.055
#CUP_C#
  3.055 77.849 3.055 23.748 3.055 3.055 62.734 3.055 627.342 2842.851 72.444 627.342 246.181 246.181 284.285 305.495
#CUP_D#
  19.838 40.738 14.351 3.055 8.672 14.877 30.549 3.055 3.055 7.785 27.424 3.055 3.055 3.055 3.055 3.055
##L_SHORT#######1989 233 23 23 11.907 status LS
#      #
#      #
#CUP_A#
  103.726 205.476 103.726 103.726 103.726 103.726 103.726 103.726 898.228 2372.802 487.261 245.972 340.025 103.726 1037.257 583.293
#CUP_B#
  103.726 103.726 177.935 103.726 103.726 103.726 103.726 103.726 1000.602 866.486 103.726 103.726 103.726 103.726 103.726 103.726
#CUP_C#
  103.726 103.726 103.726 103.726 103.726 103.726 103.726 124.169 583.293 2740.069 148.64 542.796 340.025 198.215 237.28 184.453
#CUP_D#
  103.726 103.726 103.726 103.726 103.726 103.726 103.726 103.726 111.464 103.726 103.726 103.726 103.726 143.388 103.726 103.726
##L_LONG########1989 233 23 23 24.147 status LL
#      #
#      #
#CUP_A#
  52.406 45.382 103.814 77.849 3.055 10.762 3.055 115.646 807.01 2645.478 3.055 627.342 437.778 898.988 1076.166 1435.09
#CUP_B#
  3.167 34.031 3.055 3.055 3.055 3.657 3.055 3.055 1156.456 1038.136 3.055 3.055 3.055 3.055 3.055 3.055
#CUP_C#
  3.055 3.055 22.909 3.055 3.055 3.055 31.669 67.415 605.172 2742.39 103.814 627.342 246.181 246.181 255.199 305.495
#CUP_D#
  24.618 13.355 3.055 3.055 25.52 43.778 3.055 3.055 11.156 32.829 3.055 3.055 3.055 19.137 3.055 3.055
##ELECTR_SHORT##1989 233 23 23 42.987 status ES
# E1: 1989 233 23 23 18.867;   E2: 1989 233 23 24 06.867   #
#      #
  103.726 103.726 107.525 191.21 103.726 205.476 133.432 103.726 103.726 103.726 103.726 103.726 103.726 103.726 103.726 103.726 103.726 138.32 198.215 138.32 220.806 103.726 111.464 103.726 103.726 103.726 103.726 103.726
##L_SHORT#######1989 233 23 23 59.907 status LS
#      #
#      #
#CUP_A#
  103.726 328.01 103.726 103.726 294.45 103.726 284.045 103.726 673.576 2643.239 103.726 604.66 103.726 264.324 777.833 604.66
#CUP_B#
  103.726 264.324 103.726 103.726 316.418 103.726 103.726 103.726 698.251 1155.477 103.726 103.726 103.726 103.726 103.726 103.726
#CUP_C#
  103.726 133.432 103.726 103.726 103.726 103.726 264.324 103.726 604.66 2944.5 124.169 604.66 154.085 177.935 165.581 133.432
#CUP_D#
  103.726 103.726 103.726 103.726 103.726 103.726 103.726 103.726 103.726 103.726 103.726 103.726 284.045 119.781 103.726 103.726
##ELECTR_LONG###1989 233 23 24 05.907 status EL
# E1: 1989 233 23 24 29.427;   E2: 1989 233 23 23 41.427   #
#      #
  3.055 107.617 34.031 56.316 80.701 17.179 3.055 14.351 45.382 47.044 25.52 52.406 58.379 8.366 39.299 3.055 3.055 58.379 86.722 3.055 111.559 10.381 3.403 72.444 3.055 103.814 931.921 650.323
##L_LONG########1989 233 23 24 12.147 status LL
#      #
#      #
#CUP_A#
  220.993 159.865 111.559 191.372 8.672 154.216 124.274 3.055 650.323 2842.851 115.646 750.981 524.058 966.06 1076.166 1335.455
#CUP_B#
  3.055 13.355 8.672 77.849 4.704 25.52 3.055 3.055 1001.45 1288.262 3.055 3.055 3.055 3.055 3.055 3.055
#CUP_C#
  3.055 29.47 3.055 3.055 3.055 25.52 31.669 35.278 563.157 2946.993 138.438 605.172 284.285 191.372 274.239 305.495
#CUP_D#
  39.299 58.379 3.055 3.055 72.444 31.669 3.055 3.055 3.055 3.055 3.055 3.055 3.055 3.055 3.055 3.055
##L_SHORT#######1989 233 23 24 47.907 status LS
#      #
#      #
#CUP_A#
  103.726 143.388 103.726 294.45 103.726 213.003 103.726 103.726 698.251 2840.446 103.726 392.655 328.01 103.726 965.243 649.773
#CUP_B#
  143.388 103.726 191.21 103.726 103.726 103.726 103.726 103.726 1000.602 965.243 103.726 103.726 103.726 103.726 103.726 103.726
#CUP_C#
  103.726 103.726 103.726 107.525 103.726 103.726 103.726 138.32 604.66 3052.365 115.548 562.68 305.236 103.726 205.476 316.418
#CUP_D#
  184.453 103.726 198.215 103.726 165.581 103.726 103.726 103.726 115.548 103.726 119.781 103.726 103.726 237.28 103.726 103.726
##L_LONG########1989 233 23 25 00.146 status LL
#      #
#      #
#CUP_A#
  3.055 54.326 133.545 100.145 3.055 3.055 3.055 77.849 867.22 2946.993 3.055 605.172 294.699 1001.45 1076.166 1435.09
#CUP_B#
  37.91 89.899 24.618 3.055 58.379 42.231 3.055 3.055 1115.589 1242.737 3.055 3.055 3.055 3.055 3.055 3.055
#CUP_C#
  3.055 3.055 89.899 3.055 3.055 3.055 3.055 15.987 605.172 2946.993 96.606 605.172 237.481 205.65 305.495 305.495
#CUP_D#
  20.565 72.444 3.055 58.379 100.145 8.672 32.829 23.748 3.055 16.572 14.877 3.055 3.055 3.055 3.055 3.055
##ELECTR_SHORT##1989 233 23 25 18.987 status ES
# E1: 1989 233 23 24 54.867;   E2: 1989 233 23 25 42.867   #
#      #
  103.726 103.726 103.726 103.726 103.726 103.726 138.32 107.525 143.388 103.726 103.726 103.726 128.717 103.726 103.726 103.726 111.464 103.726 103.726 103.726 228.895 103.726 171.647 103.726 365.394 103.726 274.007 103.726
##L_SHORT#######1989 233 23 25 35.907 status LS
#      #
#      #
#CUP_A#
  103.726 649.773 103.726 274.007 103.726 103.726 128.717 103.726 777.833 2840.446 103.726 562.68 254.983 171.647 777.833 673.576
#CUP_B#
  103.726 103.726 213.003 103.726 437.408 103.726 103.726 103.726 777.833 1000.602 103.726 103.726 103.726 103.726 103.726 103.726
#CUP_C#
  103.726 220.806 103.726 133.432 103.726 103.726 165.581 103.726 604.66 3164.182 103.726 777.833 220.806 103.726 191.21 171.647
#CUP_D#
  237.28 103.726 191.21 103.726 124.169 103.726 103.726 103.726 103.726 103.726 103.726 103.726 328.01 103.726 143.388 103.726
##ELECTR_LONG###1989 233 23 25 41.907 status EL
# E1: 1989 233 23 26 05.427;   E2: 1989 233 23 25 17.427   #
#      #
  3.055 43.778 23.748 3.055 9.661 3.055 11.988 39.299 65.032 15.422 3.055 69.884 6.988 19.838 32.829 3.528 3.055 27.424 67.415 3.055 37.91 30.549 34.031 62.734 77.849 100.145 898.988 674.146
##L_LONG########1989 233 23 25 48.147 status LL
#      #
#      #
#CUP_A#
  191.372 205.65 93.192 198.383 3.055 65.032 69.884 24.618 750.981 2742.39 39.299 750.981 453.815 1001.45 1001.45 1384.376
#CUP_B#
  143.509 3.055 96.606 86.722 3.055 100.145 3.055 3.055 1115.589 1242.737 3.055 3.055 3.055 3.055 3.055 3.055
#CUP_C#
  3.055 89.899 3.055 3.055 3.055 3.055 86.722 3.055 583.787 2946.993 184.61 583.787 264.548 213.184 294.699 305.495
#CUP_D#
  133.545 119.882 159.865 29.47 184.61 178.086 10.762 47.044 47.044 3.055 3.055 3.055 3.055 3.055 3.055 3.055
##L_SHORT#######1989 233 23 26 23.907 status LS
#      #
#      #
#CUP_A#
  284.045 103.726 103.726 103.726 103.726 103.726 103.726 165.581 542.796 2944.5 103.726 777.833 103.726 171.647 750.346 1075.255
#CUP_B#
  103.726 103.726 103.726 103.726 133.432 103.726 103.726 103.726 1114.645 673.576 103.726 103.726 103.726 103.726 103.726 103.726
#CUP_C#
  103.726 103.726 103.726 103.726 103.726 103.726 103.726 103.726 542.796 3052.365 103.726 626.811 254.983 184.453 198.215 254.983
#CUP_D#
  128.717 103.726 119.781 103.726 103.726 103.726 103.726 103.726 148.64 119.781 119.781 103.726 148.64 124.169 138.32 103.726
##L_LONG########1989 233 23 26 36.147 status LL
#      #
#      #
#CUP_A#
  25.52 11.988 67.415 3.055 77.849 100.145 3.055 3.055 724.443 2842.851 75.098 674.146 487.673 1038.136 1115.589 1335.455
#CUP_B#
  3.055 32.829 75.098 56.316 4.223 3.055 3.055 3.055 1288.262 931.921 3.055 3.055 3.055 3.055 3.055 3.055
#CUP_C#
  30.549 3.055 3.055 3.055 3.055 3.055 48.767 3.055 543.255 2842.851 154.216 563.157 213.184 255.199 305.495 305.495
#CUP_D#
  12.883 58.379 103.814 14.877 69.884 27.424 3.055 3.055 15.422 36.57 3.055 3.055 6.741 3.055 3.055 3.055
##ELECTR_SHORT##1989 233 23 26 54.987 status ES
# E1: 1989 233 23 26 30.867;   E2: 1989 233 23 27 18.867   #
#      #
  103.726 103.726 103.726 103.726 103.726 103.726 119.781 103.726 103.726 103.726 103.726 103.726 103.726 103.726 115.548 103.726 103.726 103.726 103.726 103.726 103.726 103.726 103.726 115.548 133.432 264.324 213.003 392.655
##L_SHORT#######1989 233 23 27 11.907 status LS
#      #
#      #
#CUP_A#
  103.726 583.293 103.726 103.726 340.025 103.726 305.236 103.726 723.83 2643.239 103.726 523.614 103.726 352.482 583.293 673.576
#CUP_B#
  103.726 103.726 111.464 103.726 148.64 103.726 103.726 103.726 1155.477 604.66 103.726 103.726 103.726 103.726 103.726 103.726
#CUP_C#
  103.726 205.476 103.726 103.726 103.726 103.726 171.647 103.726 583.293 2944.5 103.726 649.773 220.806 128.717 103.726 154.085
#CUP_D#
  143.388 103.726 103.726 103.726 124.169 103.726 103.726 107.525 107.525 103.726 103.726 103.726 294.45 220.806 128.717 103.726
##ELECTR_LONG###1989 233 23 27 17.907 status EL
# E1: 1989 233 23 27 41.427;   E2: 1989 233 23 26 53.427   #
#      #
  3.055 20.565 3.055 36.57 35.278 19.137 39.299 22.909 48.767 60.517 3.055 5.433 17.179 62.734 35.278 22.099 3.055 3.055 4.704 3.055 15.987 29.47 28.429 83.657 60.517 100.145 898.988 650.323
##L_LONG########1989 233 23 27 24.147 status LL
#      #
#      #
#CUP_A#
  305.495 178.086 67.415 178.086 3.055 191.372 86.722 3.055 778.492 2645.478 52.406 836.574 191.372 1115.589 1001.45 1435.09
#CUP_B#
  3.055 54.326 86.722 35.278 3.055 25.52 3.055 3.055 1384.376 605.172 3.055 3.055 3.055 3.055 3.055 3.055
#CUP_C#
  3.055 77.849 3.055 14.351 20.565 45.382 75.098 3.055 583.787 2742.39 191.372 563.157 255.199 229.089 246.181 305.495
#CUP_D#
  14.877 148.766 124.274 3.055 80.701 93.192 3.055 30.549 77.849 3.055 100.145 11.565 86.722 13.355 3.055 3.055
##M_LONG########1989 233 23 27 58.707 status ML
#      #
#      #
#CUP_A#
  106.135 23.421 23.421 61.871 102.385 23.421 23.421 312.328 23.421 163.441 23.421 23.421 23.421 46.397 66.487 36.067 23.421 23.421 40.178 32.377 55.541 23.421 23.421 23.421 23.421 23.421 49.858 23.421 23.421 25.169 23.421 23.421 71.447 23.421 23.421 23.421 23.421 23.421 23.421 23.421 23.421 23.421 23.421 23.421 23.421 23.421 23.421 23.421 23.421 23.421 23.421 23.421 23.421 23.421 41.65 23.421 23.421 23.421 23.421 23.421 23.421 23.421 23.421 23.421 23.421 23.421 23.421 23.421 23.421 23.421 68.922 689.224 1576.651 919.096 131.708 23.421 23.421 23.421 23.421 23.421 23.421 23.421 23.421 23.421 23.421 23.421 23.421 23.421 23.421 49.858 110.024 152.093 98.767 23.421 57.575 23.421 66.487 23.421 74.065 68.922 37.388 23.421 23.421 23.421 23.421 25.169 23.421 260.907 23.421 163.441 195.653 152.093 175.635 95.276 131.708 182.069 131.708 95.276 260.907 251.687 79.59 136.532 157.665 401.778 51.685 23.421 260.907 210.25
#CUP_B#
  23.421 37.388 23.421 23.421 23.421 23.421 40.178 23.421 23.421 23.421 23.421 23.421 23.421 23.421 23.421 23.421 27.046 23.421 23.421 23.421 23.421 23.421 23.421 23.421 23.421 23.421 23.421 23.421 31.233 33.563 23.421 23.421 23.421 23.421 23.421 23.421 23.421 23.421 23.421 23.421 28.037 23.421 26.091 23.421 23.421 23.421 23.421 23.421 26.091 23.421 23.421 23.421 23.421 23.421 23.421 23.421 23.421 30.129 217.952 59.684 23.421 23.421 23.421 23.421 23.421 23.421 23.421 23.421 23.421 23.421 280.373 1415.34 1225.634 169.428 23.421 23.421 23.421 23.421 23.421 23.421 23.421 23.421 23.421 23.421 23.421 23.421 23.421 23.421 23.421 23.421 23.421 23.421 23.421 23.421 23.421 23.421 23.421 23.421 23.421 23.421 23.421 23.421 23.421 23.421 23.421 23.421 23.421 23.421 23.421 23.421 23.421 23.421 23.421 23.421 23.421 23.421 23.421 23.421 23.421 23.421 23.421 23.421 23.421 23.421 23.421 23.421 23.421 23.421
#CUP_C#
  29.064 23.421 23.421 23.421 43.175 48.096 23.421 55.541 102.385 88.662 33.563 23.421 23.421 34.792 23.421 23.421 23.421 23.421 23.421 23.421 23.421 23.421 23.421 23.421 23.421 23.421 24.279 23.421 23.421 23.421 30.129 23.421 23.421 23.421 23.421 23.421 23.421 30.129 23.421 23.421 23.421 23.421 23.421 23.421 23.421 23.421 23.421 23.421 24.279 23.421 29.064 23.421 23.421 23.421 23.421 23.421 23.421 23.421 23.421 30.129 23.421 23.421 23.421 23.421 25.169 23.421 23.421 64.137 23.421 23.421 57.575 480.962 1415.34 1225.634 251.687 23.421 23.421 23.421 30.129 23.421 23.421 23.421 23.421 23.421 23.421 23.421 23.421 23.421 23.421 53.578 188.739 157.665 68.922 23.421 53.578 23.421 23.421 31.233 51.685 31.233 49.858 64.137 23.421 23.421 23.421 23.421 23.421 210.25 41.65 44.757 82.506 55.541 23.421 23.421 23.421 55.541 23.421 34.792 66.487 23.421 79.59 23.421 71.447 46.397 23.421 88.662 23.421 82.506
#CUP_D#
  48.096 23.421 23.421 23.421 23.421 51.685 23.421 23.421 106.135 23.421 23.421 85.528 76.778 118.232 71.447 91.91 24.279 23.421 24.279 23.421 23.421 23.421 23.421 23.421 23.421 23.421 23.421 44.757 55.541 23.421 61.871 23.421 23.421 23.421 37.388 23.421 23.421 23.421 23.421 23.421 23.421 24.279 23.421 36.067 33.563 23.421 27.046 23.421 23.421 23.421 55.541 29.064 38.758 23.421 27.046 41.65 23.421 23.421 23.421 23.421 23.421 23.421 24.279 41.65 23.421 23.421 23.421 26.091 23.421 23.421 23.421 23.421 32.377 23.421 23.421 23.421 59.684 23.421 23.421 36.067 49.858 23.421 23.421 23.421 23.421 23.421 23.421 26.091 23.421 23.421 102.385 40.178 24.279 38.758 27.046 48.096 23.421 23.421 23.421 23.421 23.421 23.421 68.922 23.421 34.792 23.421 23.421 23.421 49.858 23.421 23.421 23.421 23.421 33.563 23.421 23.421 23.421 23.421 23.421 23.421 23.421 23.421 36.067 23.421 23.421 23.421 24.279 23.421
##L_LONG########1989 233 23 30 03.506 status LL
#      #
#      #
#CUP_A#
  12.883 12.883 3.055 3.055 3.055 3.055 3.055 3.055 674.146 2842.851 3.055 750.981 264.548 1001.45 1115.589 1384.376
#CUP_B#
  3.055 60.517 3.055 31.669 9.319 58.379 3.055 3.055 1435.09 867.22 3.055 3.055 3.055 3.055 3.055 3.055
#CUP_C#
  21.318 3.055 30.549 8.07 3.055 52.406 22.099 47.044 487.673 3054.95 154.216 605.172 274.239 205.65 294.699 294.699
#CUP_D#
  29.47 3.055 3.055 28.429 3.055 23.748 30.549 3.055 34.031 39.299 75.098 69.884 3.055 3.055 3.055 3.055
##L_SHORT#######1989 233 23 30 23.907 status LS
#      #
#      #
#CUP_A#
  103.726 103.726 103.726 103.726 103.726 103.726 626.811 103.726 1287.172 2643.239 103.726 777.833 103.726 220.806 835.866 523.614
#CUP_B#
  103.726 274.007 328.01 103.726 103.726 103.726 103.726 103.726 723.83 866.486 103.726 103.726 103.726 103.726 103.726 103.726
#CUP_C#
  128.717 115.548 103.726 103.726 103.726 103.726 103.726 103.726 505.111 3164.182 103.726 453.431 340.025 198.215 205.476 228.895
#CUP_D#
  103.726 103.726 103.726 103.726 103.726 103.726 103.726 228.895 103.726 103.726 103.726 103.726 103.726 103.726 103.726 103.726
##L_LONG########1989 233 23 30 36.147 status LL
#      #
#      #
#CUP_A#
  191.372 198.383 4.538 3.055 213.184 65.032 86.722 3.055 650.323 2946.993 111.559 807.01 437.778 966.06 1076.166 1487.662
#CUP_B#
  3.055 56.316 43.778 3.055 3.055 3.055 3.055 3.055 1288.262 1001.45 3.055 3.055 3.055 3.055 3.055 3.055
#CUP_C#
  3.055 69.884 3.055 3.055 3.055 3.055 26.455 40.738 487.673 3054.95 124.274 583.787 229.089 205.65 237.481 305.495
#CUP_D#
  3.055 3.055 28.429 39.299 3.055 3.055 3.055 29.47 11.565 3.055 3.055 14.877 12.883 3.055 3.055 3.055
##ELECTR_SHORT##1989 233 23 30 54.987 status ES
# E1: 1989 233 23 30 30.867;   E2: 1989 233 23 31 18.867   #
#      #
  103.726 103.726 103.726 103.726 103.726 103.726 103.726 103.726 103.726 103.726 103.726 103.726 148.64 171.647 103.726 103.726 103.726 103.726 103.726 103.726 103.726 103.726 103.726 103.726 103.726 103.726 103.726 103.726
##L_SHORT#######1989 233 23 31 11.907 status LS
#      #
#      #
#CUP_A#
  103.726 487.261 103.726 698.251 103.726 159.73 103.726 103.726 352.482 3052.365 103.726 777.833 115.548 103.726 835.866 965.243
#CUP_B#
  103.726 143.388 328.01 103.726 470.042 103.726 103.726 103.726 1287.172 835.866 103.726 103.726 103.726 103.726 103.726 103.726
#CUP_C#
  103.726 328.01 103.726 191.21 103.726 103.726 133.432 103.726 407.039 3400.255 103.726 673.576 191.21 103.726 220.806 305.236
#CUP_D#
  103.726 103.726 154.085 115.548 103.726 111.464 103.726 103.726 103.726 133.432 103.726 103.726 184.453 115.548 103.726 103.726
##ELECTR_LONG###1989 233 23 31 17.907 status EL
# E1: 1989 233 23 31 41.427;   E2: 1989 233 23 30 53.427   #
#      #
  3.055 3.055 3.055 3.528 3.055 19.137 37.91 54.326 3.055 20.565 12.427 30.549 36.57 62.734 3.055 3.055 32.829 3.055 111.559 47.044 3.055 128.826 3.055 47.044 107.617 148.766 867.22 605.172
##L_LONG########1989 233 23 31 24.147 status LL
#      #
#      #
#CUP_A#
  305.495 3.055 80.701 305.495 31.669 3.055 45.382 3.055 778.492 3054.95 58.379 836.574 274.239 1115.589 1115.589 1435.09
#CUP_B#
  143.509 124.274 96.606 37.91 21.318 3.055 3.055 3.055 1198.82 1115.589 3.055 3.055 3.055 3.055 3.055 3.055
#CUP_C#
  3.055 36.57 3.055 75.098 3.055 21.318 3.055 6.273 422.308 3166.862 107.617 605.172 220.993 246.181 237.481 305.495
#CUP_D#
  3.055 3.055 3.055 13.844 43.778 3.055 3.055 3.055 26.455 3.055 3.055 3.055 24.618 4.704 3.055 3.055
##L_SHORT#######1989 233 23 31 59.907 status LS
#      #
#      #
#CUP_A#
  103.726 274.007 103.726 316.418 103.726 107.525 103.726 159.73 340.025 2944.5 103.726 470.042 177.935 213.003 649.773 965.243
#CUP_B#
  103.726 103.726 103.726 107.525 103.726 103.726 103.726 103.726 931.132 1000.602 103.726 103.726 103.726 103.726 103.726 103.726
#CUP_C#
  103.726 103.726 103.726 103.726 103.726 103.726 103.726 103.726 305.236 3400.255 103.726 562.68 165.581 107.525 138.32 220.806
#CUP_D#
  103.726 103.726 165.581 103.726 103.726 103.726 103.726 103.726 103.726 103.726 103.726 159.73 220.806 284.045 103.726 103.726
##L_LONG########1989 233 23 32 12.147 status LL
#      #
#      #
#CUP_A#
  3.055 14.351 75.098 28.429 21.318 14.877 3.055 3.055 543.255 3166.862 40.738 836.574 470.44 931.921 1156.456 1435.09
#CUP_B#
  3.055 31.669 5.433 3.055 3.055 14.877 3.055 3.055 898.988 1487.662 3.055 3.055 3.055 3.055 3.055 3.055
#CUP_C#
  3.055 28.429 3.055 3.055 3.055 28.429 21.318 43.778 316.686 3282.873 171.792 583.787 213.184 246.181 305.495 305.495
#CUP_D#
  3.055 3.055 22.909 58.379 3.055 3.055 6.273 20.565 22.909 3.055 3.055 8.366 3.055 3.055 3.055 3.055
##ELECTR_SHORT##1989 233 23 32 30.987 status ES
# E1: 1989 233 23 32 06.867;   E2: 1989 233 23 32 54.866   #
#      #
  103.726 103.726 103.726 103.726 103.726 103.726 103.726 103.726 128.717 103.726 159.73 103.726 220.806 103.726 103.726 103.726 103.726 103.726 103.726 103.726 245.972 103.726 305.236 103.726 228.895 205.476 604.66 698.251
##L_SHORT#######1989 233 23 32 47.906 status LS
#      #
#      #
#CUP_A#
  103.726 103.726 103.726 103.726 171.647 103.726 171.647 103.726 673.576 3052.365 103.726 965.243 103.726 305.236 806.328 583.293
#CUP_B#
  103.726 245.972 264.324 103.726 352.482 103.726 103.726 103.726 523.614 1383.205 103.726 103.726 103.726 103.726 103.726 103.726
#CUP_C#
  103.726 107.525 103.726 154.085 103.726 103.726 284.045 103.726 392.655 3400.255 103.726 673.576 103.726 159.73 107.525 365.394
#CUP_D#
  205.476 103.726 274.007 103.726 205.476 103.726 103.726 103.726 103.726 103.726 165.581 103.726 284.045 103.726 184.453 103.726
##ELECTR_LONG###1989 233 23 32 53.907 status EL
# E1: 1989 233 23 33 17.426;   E2: 1989 233 23 32 29.427   #
#      #
  3.055 22.099 5.838 42.231 16.572 83.657 17.179 5.632 12.427 3.055 3.055 29.47 65.032 42.231 32.829 22.909 3.055 67.415 119.882 3.055 3.055 15.987 28.429 80.701 86.722 154.216 898.988 674.146
##L_LONG########1989 233 23 33 00.145 status LL
#      #
#      #
#CUP_A#
  148.766 4.704 93.192 138.438 29.47 148.766 154.216 3.055 698.842 3054.95 77.849 836.574 264.548 1115.589 1115.589 1435.09
#CUP_B#
  3.055 198.383 39.299 96.606 19.838 13.844 3.055 3.055 1001.45 1335.455 3.055 3.055 3.055 3.055 3.055 3.055
#CUP_C#
  3.055 45.382 3.055 11.565 3.055 16.572 77.849 50.554 352.78 3282.873 103.814 583.787 178.086 246.181 284.285 305.495
#CUP_D#
  119.882 264.548 274.239 3.055 50.554 75.098 3.055 3.055 54.326 3.055 22.909 34.031 58.379 54.326 3.055 3.055
##L_SHORT#######1989 233 23 33 35.906 status LS
#      #
#      #
#CUP_A#
  103.726 103.726 115.548 103.726 103.726 103.726 103.726 103.726 626.811 2840.446 274.007 245.972 237.28 103.726 898.228 583.293
#CUP_B#
  198.215 103.726 119.781 103.726 103.726 103.726 103.726 103.726 835.866 1075.255 103.726 103.726 103.726 103.726 103.726 103.726
#CUP_C#
  103.726 103.726 103.726 103.726 237.28 103.726 103.726 103.726 352.482 3280.096 115.548 673.576 305.236 165.581 198.215 220.806
#CUP_D#
  103.726 103.726 103.726 103.726 103.726 103.726 103.726 103.726 103.726 103.726 103.726 103.726 107.525 237.28 148.64 103.726
##L_LONG########1989 233 23 33 48.146 status LL
#      #
#      #
#CUP_A#
  93.192 3.055 3.055 3.055 103.814 107.617 3.055 3.055 563.157 3166.862 72.444 724.443 563.157 931.921 1198.82 1435.09
#CUP_B#
  15.422 128.826 86.722 3.055 3.055 3.055 3.055 3.055 931.921 1335.455 3.055 3.055 3.055 3.055 3.055 3.055
#CUP_C#
  3.055 28.429 3.055 6.503 3.055 67.415 22.099 27.424 365.703 3166.862 96.606 650.323 237.481 220.993 274.239 305.495
#CUP_D#
  3.055 96.606 3.055 62.734 103.814 37.91 39.299 31.669 25.52 52.406 3.055 3.055 3.055 3.055 3.055 3.055
##ELECTR_SHORT##1989 233 23 34 06.986 status ES
# E1: 1989 233 23 33 42.866;   E2: 1989 233 23 34 30.866   #
#      #
  103.726 103.726 103.726 103.726 103.726 103.726 103.726 143.388 119.781 103.726 128.717 103.726 103.726 103.726 103.726 103.726 103.726 148.64 191.21 205.476 205.476 133.432 103.726 103.726 103.726 103.726 103.726 103.726
##L_SHORT#######1989 233 23 34 23.905 status LS
#      #
#      #
#CUP_A#
  103.726 103.726 103.726 103.726 103.726 103.726 365.394 103.726 750.346 2740.069 103.726 583.293 103.726 107.525 898.228 562.68
#CUP_B#
  103.726 264.324 284.045 103.726 365.394 103.726 103.726 103.726 673.576 1241.685 103.726 103.726 103.726 103.726 103.726 103.726
#CUP_C#
  103.726 284.045 103.726 103.726 103.726 103.726 220.806 103.726 453.431 3280.096 103.726 673.576 264.324 133.432 154.085 154.085
#CUP_D#
  184.453 103.726 138.32 103.726 103.726 103.726 103.726 171.647 103.726 103.726 103.726 103.726 365.394 165.581 177.935 103.726
##ELECTR_LONG###1989 233 23 34 29.906 status EL
# E1: 1989 233 23 34 53.426;   E2: 1989 233 23 34 05.426   #
#      #
  8.672 37.91 3.055 14.351 31.669 15.987 35.278 9.319 14.351 7.785 39.299 3.055 15.422 19.137 3.055 56.316 3.055 31.669 52.406 3.055 3.055 34.031 3.055 65.032 19.838 107.617 898.988 627.342
##L_LONG########1989 233 23 34 36.146 status LL
#      #
#      #
#CUP_A#
  191.372 3.055 35.278 246.181 17.809 124.274 67.415 3.055 674.146 2842.851 138.438 750.981 453.815 966.06 1198.82 1384.376
#CUP_B#
  3.055 143.509 39.299 19.838 6.273 35.278 3.055 3.055 1156.456 1115.589 3.055 3.055 3.055 3.055 3.055 3.055
#CUP_C#
  19.838 65.032 3.055 47.044 10.014 30.549 32.829 11.988 392.988 3054.95 143.509 583.787 237.481 246.181 220.993 305.495
#CUP_D#
  15.987 32.829 3.055 3.055 22.099 29.47 16.572 3.055 3.055 30.549 37.91 3.055 3.055 3.055 3.055 3.055
##L_SHORT#######1989 233 23 35 11.906 status LS
#      #
#      #
#CUP_A#
  103.726 103.726 254.983 103.726 128.717 103.726 103.726 103.726 649.773 2643.239 220.806 392.655 103.726 177.935 777.833 698.251
#CUP_B#
  138.32 103.726 103.726 213.003 103.726 103.726 103.726 103.726 898.228 931.132 103.726 103.726 103.726 103.726 103.726 103.726
#CUP_C#
  103.726 103.726 103.726 103.726 103.726 103.726 103.726 103.726 340.025 3052.365 177.935 523.614 103.726 171.647 171.647 228.895
#CUP_D#
  103.726 119.781 103.726 103.726 103.726 103.726 103.726 103.726 103.726 103.726 103.726 103.726 103.726 148.64 103.726 103.726
##L_LONG########1989 233 23 35 24.146 status LL
#      #
#      #
#CUP_A#
  77.849 3.055 3.055 50.554 50.554 89.899 3.055 3.055 674.146 2842.851 96.606 724.443 543.255 966.06 1156.456 1384.376
#CUP_B#
  3.055 22.099 77.849 3.055 3.055 3.055 72.444 3.055 1156.456 966.06 3.055 3.055 3.055 3.055 3.055 3.055
#CUP_C#
  3.055 10.014 36.57 48.767 3.055 35.278 3.055 3.055 470.44 2842.851 128.826 543.255 264.548 198.383 284.285 305.495
#CUP_D#
  25.52 23.748 3.055 3.055 23.748 43.778 4.378 3.055 4.223 32.829 10.762 3.055 3.055 3.055 3.055 3.055
##ELECTR_SHORT##1989 233 23 35 42.986 status ES
# E1: 1989 233 23 35 18.866;   E2: 1989 233 23 36 06.866   #
#      #
  103.726 103.726 103.726 128.717 103.726 237.28 103.726 103.726 103.726 103.726 103.726 103.726 103.726 103.726 103.726 103.726 103.726 115.548 177.935 220.806 191.21 124.169 103.726 103.726 103.726 103.726 103.726 103.726
##L_SHORT#######1989 233 23 35 59.906 status LS
#      #
#      #
#CUP_A#
  103.726 365.394 103.726 103.726 264.324 103.726 340.025 103.726 1000.602 2208.063 103.726 626.811 111.464 103.726 1075.255 470.042
#CUP_B#
  103.726 191.21 407.039 103.726 274.007 103.726 103.726 305.236 931.132 698.251 103.726 103.726 103.726 103.726 103.726 103.726
#CUP_C#
  103.726 165.581 103.726 103.726 103.726 103.726 254.983 103.726 649.773 2740.069 103.726 583.293 184.453 228.895 316.418 138.32
#CUP_D#
  245.972 103.726 143.388 103.726 143.388 103.726 103.726 103.726 103.726 103.726 213.003 103.726 274.007 124.169 148.64 103.726
##ELECTR_LONG###1989 233 23 36 05.906 status EL
# E1: 1989 233 23 36 29.426;   E2: 1989 233 23 35 41.426   #
#      #
  3.055 3.055 3.055 50.554 3.055 9.319 52.406 3.055 32.829 13.844 22.099 4.074 22.099 58.379 7.244 3.055 3.055 50.554 93.192 3.055 29.47 10.381 3.055 60.517 3.055 65.032 966.06 698.842
##L_LONG########1989 233 23 36 12.146 status LL
#      #
#      #
#CUP_A#
  111.559 96.606 178.086 305.495 3.055 32.829 159.865 36.57 931.921 2742.39 3.055 674.146 220.993 1001.45 1115.589 1335.455
#CUP_B#
  58.379 93.192 3.055 19.838 36.57 36.57 10.014 3.055 1384.376 898.988 3.055 3.055 3.055 3.055 3.055 3.055
#CUP_C#
  5.838 93.192 3.055 9.661 3.055 22.099 19.137 47.044 605.172 2946.993 119.882 583.787 229.089 237.481 246.181 305.495
#CUP_D#
  21.318 39.299 3.055 3.055 3.791 19.838 28.429 3.055 3.055 8.99 52.406 3.055 3.055 3.055 3.055 3.055
##L_SHORT#######1989 233 23 36 47.906 status LS
#      #
#      #
#CUP_A#
  205.476 103.726 294.45 103.726 165.581 103.726 103.726 328.01 505.111 2944.5 103.726 723.83 103.726 487.261 305.236 1000.602
#CUP_B#
  103.726 103.726 115.548 133.432 103.726 103.726 103.726 103.726 1334.325 542.796 103.726 103.726 103.726 103.726 103.726 103.726
#CUP_C#
  103.726 103.726 103.726 103.726 103.726 103.726 103.726 103.726 505.111 2944.5 103.726 583.293 103.726 171.647 143.388 284.045
#CUP_D#
  103.726 103.726 103.726 103.726 103.726 103.726 103.726 103.726 103.726 103.726 103.726 103.726 138.32 264.324 205.476 103.726
##L_LONG########1989 233 23 37 00.145 status LL
#      #
#      #
#CUP_A#
  138.438 47.044 54.326 3.055 3.055 5.632 3.055 111.559 836.574 2742.39 3.055 605.172 264.548 1001.45 1156.456 1288.262
#CUP_B#
  11.565 20.565 34.031 52.406 30.549 24.618 3.055 3.055 1335.455 836.574 3.055 3.055 3.055 3.055 3.055 3.055
#CUP_C#
  3.055 3.055 3.055 3.055 3.055 28.429 15.422 54.326 563.157 2842.851 77.849 627.342 255.199 178.086 274.239 305.495
#CUP_D#
  15.987 37.91 3.055 3.791 43.778 36.57 3.055 3.055 16.572 21.318 3.055 3.055 3.055 3.055 3.055 3.055
##ELECTR_SHORT##1989 233 23 37 18.986 status ES
# E1: 1989 233 23 36 54.866;   E2: 1989 233 23 37 42.866   #
#      #
  103.726 103.726 103.726 128.717 103.726 220.806 103.726 103.726 103.726 103.726 103.726 103.726 103.726 103.726 103.726 103.726 103.726 111.464 191.21 294.45 237.28 148.64 148.64 103.726 103.726 103.726 103.726 103.726
##L_SHORT#######1989 233 23 37 35.906 status LS
#      #
#      #
#CUP_A#
  103.726 407.039 103.726 562.68 103.726 148.64 103.726 103.726 505.111 2840.446 103.726 931.132 103.726 328.01 562.68 1075.255
#CUP_B#
  103.726 103.726 421.95 103.726 421.95 103.726 103.726 103.726 1155.477 365.394 103.726 103.726 103.726 103.726 103.726 103.726
#CUP_C#
  103.726 115.548 103.726 138.32 103.726 103.726 184.453 103.726 626.811 2944.5 103.726 698.251 191.21 237.28 254.983 264.324
#CUP_D#
  205.476 103.726 198.215 103.726 316.418 119.781 103.726 103.726 159.73 103.726 165.581 103.726 328.01 103.726 245.972 103.726
##ELECTR_LONG###1989 233 23 37 41.906 status EL
# E1: 1989 233 23 38 05.426;   E2: 1989 233 23 37 17.426   #
#      #
  3.055 24.618 67.415 15.987 34.031 22.909 4.074 30.549 22.099 52.406 75.098 54.326 22.099 3.055 25.52 30.549 3.055 15.987 83.657 3.055 3.055 18.461 3.055 34.031 67.415 89.899 966.06 674.146
##L_LONG########1989 233 23 37 48.146 status LL
#      #
#      #
#CUP_A#
  229.089 12.883 3.055 159.865 3.055 50.554 39.299 3.055 931.921 2551.991 8.07 724.443 264.548 1115.589 1001.45 1435.09
#CUP_B#
  62.734 103.814 14.877 3.055 3.055 3.055 4.877 3.055 1384.376 778.492 3.055 3.055 3.055 3.055 3.055 3.055
#CUP_C#
  3.055 21.318 16.572 50.554 3.055 3.055 3.055 4.074 674.146 2842.851 191.372 505.538 198.383 220.993 274.239 305.495
#CUP_D#
  62.734 103.814 3.055 3.055 165.722 159.865 4.877 107.617 93.192 10.762 23.748 10.762 3.055 3.055 3.055 3.055
##L_SHORT#######1989 233 23 38 23.905 status LS
#      #
#      #
#CUP_A#
  103.726 421.95 103.726 159.73 103.726 111.464 103.726 103.726 604.66 2459.725 103.726 213.003 294.45 103.726 723.83 835.866
#CUP_B#
  111.464 103.726 305.236 103.726 103.726 103.726 103.726 103.726 1197.806 523.614 103.726 103.726 103.726 103.726 103.726 103.726
#CUP_C#
  103.726 103.726 103.726 103.726 103.726 103.726 103.726 103.726 523.614 2740.069 184.453 487.261 198.215 165.581 124.169 213.003
#CUP_D#
  103.726 103.726 103.726 103.726 103.726 103.726 103.726 103.726 138.32 103.726 128.717 103.726 171.647 103.726 103.726 103.726
##L_LONG########1989 233 23 38 36.146 status LL
#      #
#      #
#CUP_A#
  143.509 86.722 3.055 3.055 29.47 72.444 32.829 83.657 867.22 2551.991 3.055 627.342 264.548 898.988 1115.589 1384.376
#CUP_B#
  3.055 3.055 205.65 3.055 3.055 3.055 3.055 3.055 1435.09 724.443 3.055 3.055 3.055 3.055 3.055 3.055
#CUP_C#
  39.299 26.455 11.565 24.618 3.055 47.044 15.422 37.91 650.323 2842.851 86.722 524.058 264.548 205.65 274.239 305.495
#CUP_D#
  36.57 56.316 31.669 43.778 72.444 3.403 47.044 9.319 3.055 22.099 3.055 5.241 3.055 3.055 3.055 3.055
##ELECTR_SHORT##1989 233 23 38 54.986 status ES
# E1: 1989 233 23 38 30.866;   E2: 1989 233 23 39 18.866   #
#      #
  103.726 103.726 107.525 103.726 103.726 103.726 103.726 103.726 128.717 103.726 103.726 107.525 103.726 103.726 103.726 103.726 103.726 103.726 103.726 143.388 305.236 103.726 228.895 133.432 103.726 138.32 254.983 673.576
##L_SHORT#######1989 233 23 39 11.906 status LS
#      #
#      #
#CUP_A#
  103.726 103.726 103.726 103.726 352.482 103.726 392.655 103.726 931.132 2372.802 103.726 723.83 103.726 228.895 898.228 673.576
#CUP_B#
  103.726 352.482 228.895 103.726 213.003 103.726 103.726 198.215 1114.645 505.111 103.726 103.726 103.726 103.726 103.726 103.726
#CUP_C#
  103.726 103.726 103.726 103.726 103.726 103.726 245.972 103.726 649.773 2740.069 103.726 649.773 124.169 274.007 133.432 205.476
#CUP_D#
  294.45 103.726 264.324 103.726 198.215 103.726 103.726 103.726 103.726 107.525 128.717 103.726 365.394 191.21 198.215 103.726
##ELECTR_LONG###1989 233 23 39 17.906 status EL
# E1: 1989 233 23 39 41.426;   E2: 1989 233 23 38 53.426   #
#      #
  3.055 3.055 62.734 42.231 14.877 19.137 52.406 43.778 20.565 9.661 28.429 13.844 36.57 3.055 8.07 3.055 3.055 3.055 52.406 3.055 3.055 115.646 19.137 60.517 124.274 111.559 931.921 674.146
##L_LONG########1989 233 23 39 24.146 status LL
#      #
#      #
#CUP_A#
  93.192 3.055 143.509 237.481 22.909 3.055 100.145 3.055 1076.166 2645.478 28.429 650.323 154.216 1001.45 966.06 1487.662
#CUP_B#
  3.055 165.722 3.055 19.137 3.055 15.987 3.055 3.055 1384.376 627.342 3.055 3.055 3.055 3.055 3.055 3.055
#CUP_C#
  3.055 83.657 9.661 29.47 3.055 3.055 3.055 30.549 583.787 2742.39 32.829 543.255 274.239 191.372 255.199 305.495
#CUP_D#
  37.91 198.383 198.383 3.055 89.899 103.814 3.055 28.429 80.701 54.326 40.738 65.032 8.99 3.055 3.055 3.055
##M_LONG########1989 233 23 39 58.706 status ML
#      #
#      #
#CUP_A#
  169.428 23.421 23.421 23.421 23.421 48.096 114.054 210.25 64.137 57.575 23.421 23.421 122.563 23.421 23.421 23.421 23.421 23.421 24.279 71.447 24.279 23.421 23.421 23.421 23.421 23.421 53.578 44.757 23.421 23.421 23.421 23.421 23.421 29.064 23.421 23.421 23.421 23.421 23.421 23.421 23.421 23.421 23.421 23.421 23.421 23.421 23.421 23.421 23.421 23.421 23.421 23.421 23.421 37.388 23.421 23.421 23.421 131.708 23.421 152.093 23.421 23.421 31.233 23.421 23.421 23.421 23.421 23.421 27.046 37.388 82.506 618.708 1520.935 952.765 118.232 23.421 23.421 23.421 23.421 23.421 23.421 23.421 23.421 23.421 23.421 23.421 23.421 23.421 23.421 53.578 98.767 136.532 79.59 30.129 57.575 23.421 40.178 23.421 51.685 51.685 23.421 23.421 23.421 23.421 23.421 49.858 23.421 347.925 175.635 23.421 323.769 136.532 217.952 82.506 141.534 146.719 114.054 118.232 169.428 242.793 82.506 110.024 152.093 360.671 102.385 23.421 195.653 225.936
#CUP_B#
  23.421 23.421 23.421 71.447 23.421 23.421 23.421 23.421 33.563 23.421 79.59 23.421 29.064 23.421 23.421 23.421 23.421 23.421 23.421 23.421 23.421 23.421 59.684 23.421 26.091 23.421 48.096 23.421 23.421 23.421 23.421 23.421 38.758 23.421 32.377 23.421 23.421 23.421 27.046 32.377 25.169 23.421 23.421 23.421 25.169 23.421 23.421 23.421 23.421 23.421 23.421 23.421 37.388 32.377 23.421 41.65 23.421 195.653 23.421 23.421 23.421 23.421 23.421 23.421 23.421 23.421 23.421 23.421 23.421 23.421 431.753 1317.076 1061.355 152.093 23.421 23.421 23.421 23.421 23.421 23.421 23.421 23.421 23.421 23.421 23.421 23.421 23.421 23.421 23.421 23.421 23.421 23.421 23.421 23.421 23.421 23.421 23.421 23.421 23.421 23.421 23.421 23.421 23.421 23.421 23.421 23.421 23.421 23.421 23.421 23.421 23.421 23.421 23.421 23.421 23.421 23.421 23.421 23.421 23.421 23.421 23.421 23.421 23.421 23.421 23.421 23.421 23.421 23.421
#CUP_C#
  23.421 51.685 23.421 23.421 23.421 23.421 23.421 242.793 23.421 48.096 23.421 23.421 66.487 23.421 23.421 36.067 24.279 23.421 23.421 23.421 46.397 36.067 41.65 23.421 23.421 23.421 25.169 23.421 30.129 30.129 23.421 23.421 23.421 28.037 23.421 23.421 23.421 23.421 23.421 23.421 23.421 23.421 23.421 23.421 23.421 23.421 41.65 23.421 23.421 23.421 23.421 23.421 37.388 23.421 23.421 23.421 30.129 260.907 23.421 23.421 31.233 23.421 23.421 23.421 25.169 23.421 23.421 23.421 71.447 23.421 82.506 387.579 1317.076 1270.532 280.373 23.421 23.421 23.421 23.421 23.421 23.421 23.421 23.421 23.421 23.421 23.421 23.421 23.421 43.175 23.421 88.662 169.428 118.232 31.233 23.421 30.129 23.421 23.421 59.684 37.388 28.037 49.858 23.421 23.421 23.421 23.421 23.421 23.421 146.719 79.59 41.65 31.233 23.421 82.506 85.528 74.065 23.421 27.046 23.421 23.421 44.757 23.421 48.096 71.447 23.421 88.662 23.421 23.421
#CUP_D#
  23.421 23.421 23.421 38.758 23.421 23.421 23.421 360.671 182.069 23.421 49.858 71.447 23.421 23.421 23.421 23.421 23.421 23.421 23.421 23.421 27.046 68.922 48.096 43.175 61.871 43.175 23.421 23.421 23.421 23.421 23.421 23.421 23.421 23.421 48.096 23.421 23.421 40.178 34.792 34.792 23.421 30.129 29.064 31.233 23.421 27.046 23.421 23.421 23.421 23.421 23.421 23.421 23.421 23.421 23.421 23.421 23.421 195.653 23.421 23.421 23.421 23.421 26.091 23.421 23.421 23.421 23.421 23.421 23.421 23.421 23.421 23.421 24.279 24.279 36.067 23.421 23.421 23.421 23.421 23.421 23.421 23.421 23.421 23.421 23.421 23.421 23.421 23.421 64.137 23.421 34.792 29.064 23.421 43.175 40.178 23.421 23.421 23.421 23.421 23.421 23.421 23.421 23.421 23.421 33.563 23.421 23.421 163.441 23.421 23.421 23.421 23.421 28.037 32.377 23.421 23.421 23.421 32.377 23.421 23.421 23.421 23.421 23.421 23.421 23.421 23.421 23.421 23.421
##L_LONG########1989 233 23 42 03.505 status LL
#      #
#      #
#CUP_A#
  22.099 3.055 17.809 3.055 3.055 3.055 3.055 3.055 750.981 2645.478 47.044 543.255 205.65 1001.45 1115.589 1384.376
#CUP_B#
  3.055 107.617 3.657 107.617 17.809 3.055 3.055 3.055 1487.662 453.815 3.055 3.055 3.055 3.055 3.055 3.055
#CUP_C#
  34.031 3.055 31.669 3.055 9.661 29.47 19.838 42.231 470.44 2742.39 96.606 543.255 246.181 198.383 255.199 305.495
#CUP_D#
  19.137 13.355 3.055 30.549 6.741 3.055 3.055 3.055 3.403 21.318 48.767 69.884 3.055 3.055 3.055 3.055
##L_SHORT#######1989 233 23 42 23.905 status LS
#      #
#      #
#CUP_A#
  103.726 103.726 103.726 103.726 184.453 103.726 649.773 103.726 1114.645 2459.725 103.726 777.833 103.726 198.215 649.773 340.025
#CUP_B#
  103.726 237.28 220.806 316.418 103.726 103.726 103.726 138.32 1287.172 470.042 103.726 103.726 103.726 103.726 103.726 103.726
#CUP_C#
  103.726 148.64 103.726 103.726 103.726 103.726 198.215 103.726 604.66 2840.446 103.726 437.408 228.895 124.169 103.726 316.418
#CUP_D#
  103.726 103.726 103.726 103.726 103.726 228.895 103.726 103.726 103.726 103.726 103.726 103.726 103.726 103.726 103.726 103.726
##L_LONG########1989 233 23 42 36.146 status LL
#      #
#      #
#CUP_A#
  229.089 171.792 3.055 77.849 178.086 77.849 3.055 3.055 807.01 2742.39 72.444 724.443 407.384 966.06 1076.166 1487.662
#CUP_B#
  3.055 3.055 111.559 26.455 3.055 3.055 26.455 3.055 1542.159 487.673 3.055 3.055 3.055 3.055 3.055 3.055
#CUP_C#
  35.278 54.326 3.055 3.055 3.055 48.767 15.987 54.326 392.988 2842.851 56.316 563.157 229.089 246.181 264.548 305.495
#CUP_D#
  3.055 3.055 27.424 31.669 3.055 3.055 3.055 30.549 6.503 3.055 3.055 14.351 6.988 3.055 3.055 3.055
##ELECTR_SHORT##1989 233 23 42 54.986 status ES
# E1: 1989 233 23 42 30.866;   E2: 1989 233 23 43 18.866   #
#      #
  103.726 103.726 103.726 103.726 103.726 103.726 103.726 103.726 103.726 103.726 103.726 103.726 159.73 103.726 148.64 103.726 103.726 103.726 103.726 103.726 103.726 103.726 103.726 103.726 103.726 103.726 103.726 133.432
##L_SHORT#######1989 233 23 43 11.906 status LS
#      #
#      #
#CUP_A#
  103.726 103.726 103.726 103.726 103.726 115.548 133.432 103.726 378.779 3052.365 103.726 965.243 103.726 487.261 583.293 1241.685
#CUP_B#
  103.726 305.236 254.983 103.726 453.431 103.726 103.726 103.726 1433.876 103.726 103.726 103.726 103.726 103.726 103.726 103.726
#CUP_C#
  133.432 119.781 103.726 103.726 154.085 103.726 237.28 103.726 505.111 3052.365 103.726 649.773 103.726 103.726 154.085 352.482
#CUP_D#
  171.647 103.726 316.418 133.432 352.482 103.726 103.726 103.726 103.726 103.726 103.726 103.726 245.972 103.726 205.476 103.726
##ELECTR_LONG###1989 233 23 43 17.906 status EL
# E1: 1989 233 23 43 41.426;   E2: 1989 233 23 42 53.426   #
#      #
  3.055 9.661 11.988 3.055 3.055 3.055 21.318 42.231 60.517 3.055 35.278 43.778 25.52 19.137 12.883 35.278 138.438 3.055 77.849 67.415 3.055 86.722 86.722 4.538 124.274 93.192 931.921 674.146
##L_LONG########1989 233 23 43 24.146 status LL
#      #
#      #
#CUP_A#
  13.355 3.055 138.438 69.884 3.055 80.701 3.055 3.055 778.492 2742.39 58.379 627.342 470.44 966.06 1198.82 1335.455
#CUP_B#
  198.383 3.055 191.372 3.055 54.326 34.031 3.055 3.055 1598.653 543.255 3.055 3.055 3.055 3.055 3.055 3.055
#CUP_C#
  5.838 3.055 3.055 43.778 3.055 54.326 27.424 89.899 422.308 3054.95 86.722 505.538 229.089 220.993 246.181 305.495
#CUP_D#
  3.055 3.055 3.055 26.455 31.669 3.055 3.055 3.055 29.47 22.099 3.055 3.055 19.137 21.318 3.055 3.055
##L_SHORT#######1989 233 23 43 59.906 status LS
#      #
#      #
#CUP_A#
  103.726 107.525 103.726 103.726 103.726 103.726 103.726 340.025 294.45 2944.5 103.726 673.576 103.726 264.324 523.614 1000.602
#CUP_B#
  103.726 103.726 133.432 138.32 103.726 103.726 103.726 103.726 1334.325 505.111 103.726 103.726 103.726 103.726 103.726 103.726
#CUP_C#
  103.726 103.726 103.726 103.726 103.726 154.085 103.726 103.726 328.01 3164.182 103.726 505.111 128.717 237.28 103.726 254.983
#CUP_D#
  103.726 103.726 103.726 103.726 103.726 103.726 103.726 103.726 103.726 115.548 103.726 198.215 191.21 284.045 103.726 103.726
##L_LONG########1989 233 23 44 12.146 status LL
#      #
#      #
#CUP_A#
  100.145 3.055 12.883 50.554 26.455 52.406 3.055 3.055 605.172 2946.993 22.909 650.323 487.673 966.06 1156.456 1435.09
#CUP_B#
  77.849 45.382 3.055 3.055 4.378 6.503 3.055 3.055 1156.456 836.574 3.055 3.055 3.055 3.055 3.055 3.055
#CUP_C#
  3.055 8.672 3.055 8.672 3.055 3.055 10.381 58.379 365.703 3054.95 103.814 563.157 274.239 213.184 294.699 305.495
#CUP_D#
  3.055 3.055 11.988 35.278 3.055 3.055 3.055 31.669 29.47 3.055 3.055 18.461 39.299 3.055 3.055 3.055
##ELECTR_SHORT##1989 233 23 44 30.986 status ES
# E1: 1989 233 23 44 06.866;   E2: 1989 233 23 44 54.866   #
#      #
  103.726 103.726 103.726 103.726 103.726 103.726 103.726 103.726 103.726 103.726 103.726 103.726 103.726 103.726 103.726 103.726 103.726 103.726 103.726 103.726 103.726 103.726 103.726 103.726 103.726 103.726 103.726 103.726
##L_SHORT#######1989 233 23 44 47.906 status LS
#      #
#      #
#CUP_A#
  103.726 159.73 103.726 159.73 103.726 103.726 107.525 103.726 294.45 2944.5 103.726 898.228 103.726 421.95 583.293 898.228
#CUP_B#
  103.726 191.21 237.28 103.726 378.779 103.726 103.726 103.726 866.486 698.251 103.726 103.726 103.726 103.726 103.726 103.726
#CUP_C#
  103.726 103.726 103.726 154.085 103.726 103.726 124.169 103.726 328.01 3280.096 103.726 649.773 165.581 154.085 119.781 154.085
#CUP_D#
  148.64 103.726 107.525 171.647 228.895 103.726 103.726 103.726 103.726 103.726 124.169 103.726 305.236 184.453 103.726 103.726
##ELECTR_LONG###1989 233 23 44 53.906 status EL
# E1: 1989 233 23 45 17.426;   E2: 1989 233 23 44 29.426   #
#      #
  6.273 34.031 56.316 32.829 30.549 28.429 14.877 3.055 3.055 62.734 11.988 25.52 19.838 3.055 19.137 50.554 3.055 3.055 107.617 3.055 3.055 58.379 42.231 56.316 80.701 128.826 898.988 698.842
##L_LONG########1989 233 23 45 00.145 status LL
#      #
#      #
#CUP_A#
  246.181 29.47 50.554 274.239 40.738 3.055 93.192 3.055 750.981 3054.95 5.838 778.492 246.181 1001.45 1038.136 1435.09
#CUP_B#
  32.829 103.814 3.055 103.814 3.055 47.044 3.055 3.055 1335.455 778.492 3.055 3.055 3.055 3.055 3.055 3.055
#CUP_C#
  17.179 22.909 22.099 40.738 3.055 3.055 18.461 3.055 392.988 3166.862 143.509 543.255 191.372 246.181 305.495 305.495
#CUP_D#
  3.055 3.055 14.877 40.738 43.778 3.055 3.055 13.355 26.455 3.055 3.055 3.055 21.318 3.055 3.055 3.055
##L_SHORT#######1989 233 23 45 35.905 status LS
#      #
#      #
#CUP_A#
  103.726 103.726 103.726 103.726 165.581 103.726 119.781 103.726 898.228 2372.802 352.482 191.21 264.324 103.726 931.132 523.614
#CUP_B#
  154.085 103.726 119.781 107.525 103.726 103.726 103.726 103.726 1486.403 487.261 103.726 103.726 103.726 103.726 103.726 103.726
#CUP_C#
  103.726 103.726 103.726 103.726 103.726 103.726 103.726 103.726 523.614 2944.5 205.476 523.614 191.21 184.453 159.73 237.28
#CUP_D#
  103.726 103.726 103.726 103.726 103.726 103.726 103.726 103.726 103.726 103.726 103.726 103.726 245.972 254.983 103.726 103.726
##L_LONG########1989 233 23 45 48.145 status LL
#      #
#      #
#CUP_A#
  3.055 47.044 205.65 138.438 23.748 27.424 3.055 47.044 1076.166 2645.478 19.137 524.058 237.481 931.921 1076.166 1384.376
#CUP_B#
  18.461 22.909 34.031 3.055 3.055 3.055 3.055 3.055 1657.216 470.44 3.055 3.055 3.055 3.055 3.055 3.055
#CUP_C#
  3.055 3.055 3.055 3.055 3.055 3.055 45.382 54.326 627.342 2842.851 128.826 505.538 255.199 220.993 305.495 305.495
#CUP_D#
  13.355 77.849 36.57 10.014 107.617 3.055 3.055 34.031 3.055 3.055 3.93 42.231 3.055 3.055 3.055 3.055
##ELECTR_SHORT##1989 233 23 46 06.985 status ES
# E1: 1989 233 23 45 42.865;   E2: 1989 233 23 46 30.865   #
#      #
  103.726 103.726 103.726 103.726 103.726 103.726 103.726 103.726 103.726 103.726 103.726 103.726 103.726 133.432 103.726 103.726 103.726 103.726 103.726 184.453 148.64 198.215 159.73 171.647 103.726 103.726 103.726 103.726
##L_SHORT#######1989 233 23 46 23.904 status LS
#      #
#      #
#CUP_A#
  103.726 562.68 103.726 365.394 103.726 103.726 421.95 103.726 1155.477 2130.034 103.726 274.007 138.32 103.726 1114.645 562.68
#CUP_B#
  103.726 103.726 328.01 103.726 470.042 103.726 103.726 191.21 1486.403 138.32 103.726 103.726 103.726 103.726 103.726 103.726
#CUP_C#
  103.726 184.453 103.726 274.007 103.726 103.726 191.21 103.726 806.328 2740.069 103.726 505.111 103.726 111.464 392.655 274.007
#CUP_D#
  284.045 103.726 103.726 148.64 237.28 143.388 103.726 103.726 103.726 143.388 133.432 103.726 305.236 254.983 237.28 103.726
##ELECTR_LONG###1989 233 23 46 29.905 status EL
# E1: 1989 233 23 46 53.425;   E2: 1989 233 23 46 05.425   #
#      #
  3.055 7.244 58.379 67.415 3.055 3.055 72.444 47.044 17.809 3.055 3.055 7.244 3.055 8.99 30.549 29.47 65.032 3.055 15.987 17.809 3.055 138.438 43.778 19.137 119.882 89.899 931.921 674.146
##L_LONG########1989 233 23 46 36.145 status LL
#      #
#      #
#CUP_A#
  128.826 3.055 83.657 198.383 27.424 40.738 12.883 3.055 1156.456 2461.808 100.145 674.146 198.383 1001.45 1076.166 1384.376
#CUP_B#
  3.055 178.086 75.098 10.762 3.055 4.538 3.055 3.055 1846.095 198.383 3.055 3.055 3.055 3.055 3.055 3.055
#CUP_C#
  8.99 26.455 3.055 14.877 28.429 36.57 7.785 3.055 724.443 2645.478 107.617 524.058 229.089 205.65 284.285 305.495
#CUP_D#
  30.549 34.031 3.055 3.055 30.549 11.565 12.427 3.055 3.055 54.326 22.099 3.055 77.849 3.055 3.055 3.055
##L_SHORT#######1989 233 23 47 11.905 status LS
#      #
#      #
#CUP_A#
  103.726 198.215 103.726 392.655 103.726 340.025 103.726 407.039 649.773 2459.725 103.726 392.655 184.453 254.983 562.68 1000.602
#CUP_B#
  103.726 103.726 284.045 103.726 165.581 103.726 138.32 103.726 1716.471 103.726 103.726 103.726 103.726 103.726 103.726 103.726
#CUP_C#
  103.726 103.726 103.726 103.726 103.726 103.726 103.726 103.726 626.811 2740.069 103.726 487.261 254.983 154.085 103.726 228.895
#CUP_D#
  103.726 103.726 103.726 103.726 103.726 103.726 103.726 103.726 103.726 103.726 103.726 119.781 103.726 191.21 103.726 103.726
##L_LONG########1989 233 23 47 24.145 status LL
#      #
#      #
#CUP_A#
  80.701 3.055 40.738 119.882 3.055 34.031 3.055 3.055 1115.589 2374.811 86.722 650.323 284.285 1001.45 1115.589 1384.376
#CUP_B#
  42.231 15.422 56.316 5.433 3.055 5.433 3.055 3.055 1846.095 220.993 3.055 3.055 3.055 3.055 3.055 3.055
#CUP_C#
  3.055 3.055 42.231 18.461 29.47 3.055 50.554 47.044 750.981 2461.808 111.559 543.255 229.089 198.383 264.548 305.495
#CUP_D#
  21.318 32.829 3.055 3.055 24.618 47.044 13.844 3.055 3.055 34.031 25.52 3.055 3.055 11.156 3.055 3.055
##ELECTR_SHORT##1989 233 23 47 42.985 status ES
# E1: 1989 233 23 47 18.865;   E2: 1989 233 23 48 06.865   #
#      #
  103.726 103.726 103.726 103.726 103.726 119.781 103.726 103.726 103.726 103.726 103.726 103.726 103.726 103.726 103.726 103.726 103.726 103.726 171.647 205.476 220.806 138.32 103.726 103.726 103.726 103.726 103.726 103.726
##L_SHORT#######1989 233 23 47 59.905 status LS
#      #
#      #
#CUP_A#
  103.726 470.042 103.726 453.431 103.726 103.726 154.085 103.726 931.132 2208.063 103.726 604.66 103.726 205.476 750.346 866.486
#CUP_B#
  103.726 115.548 284.045 103.726 421.95 103.726 103.726 103.726 1597.3 103.726 103.726 103.726 103.726 103.726 103.726 103.726
#CUP_C#
  103.726 159.73 103.726 177.935 103.726 103.726 184.453 103.726 750.346 2740.069 103.726 673.576 220.806 103.726 228.895 305.236
#CUP_D#
  294.45 103.726 177.935 103.726 220.806 103.726 103.726 103.726 103.726 103.726 245.972 103.726 365.394 213.003 165.581 103.726
##ELECTR_LONG###1989 233 23 48 05.905 status EL
# E1: 1989 233 23 48 29.425;   E2: 1989 233 23 47 41.425   #
#      #
  3.055 65.032 3.055 52.406 34.031 3.055 3.055 8.07 8.672 3.055 3.055 3.055 42.231 14.351 4.877 3.055 28.429 3.055 93.192 48.767 3.055 42.231 19.838 17.809 83.657 72.444 898.988 724.443
##L_LONG########1989 233 23 48 12.144 status LL
#      #
#      #
#CUP_A#
  305.495 83.657 24.618 264.548 3.055 3.055 86.722 3.055 1156.456 2374.811 42.231 563.157 220.993 1076.166 1076.166 1435.09
#CUP_B#
  111.559 80.701 7.51 39.299 3.055 26.455 3.055 3.055 1717.925 407.384 3.055 3.055 3.055 3.055 3.055 3.055
#CUP_C#
  3.055 72.444 8.07 40.738 3.055 21.318 39.299 3.055 698.842 2645.478 69.884 470.44 138.438 184.61 305.495 305.495
#CUP_D#
  22.099 45.382 3.055 3.055 10.381 22.909 29.47 3.055 3.055 6.503 14.351 3.055 3.055 3.055 16.572 3.055
##L_SHORT#######1989 233 23 48 47.905 status LS
#      #
#      #
#CUP_A#
  205.476 103.726 294.45 103.726 407.039 103.726 205.476 103.726 835.866 2288.951 103.726 316.418 103.726 328.01 649.773 750.346
#CUP_B#
  103.726 103.726 148.64 103.726 103.726 115.548 103.726 103.726 1540.854 103.726 103.726 103.726 103.726 103.726 103.726 103.726
#CUP_C#
  103.726 103.726 264.324 103.726 103.726 103.726 103.726 103.726 698.251 2549.832 124.169 523.614 205.476 184.453 191.21 184.453
#CUP_D#
  103.726 103.726 124.169 103.726 191.21 103.726 111.464 103.726 103.726 103.726 103.726 103.726 103.726 138.32 133.432 103.726
##L_LONG########1989 233 23 49 00.145 status LL
#      #
#      #
#CUP_A#
  48.767 75.098 62.734 119.882 3.055 6.273 12.883 143.509 1115.589 2290.889 3.055 563.157 220.993 931.921 1115.589 1384.376
#CUP_B#
  62.734 3.055 58.379 3.055 16.572 5.241 3.055 3.055 1717.925 255.199 3.055 3.055 3.055 3.055 3.055 3.055
#CUP_C#
  3.055 3.055 3.055 27.424 14.351 3.403 39.299 35.278 627.342 2645.478 119.882 505.538 264.548 220.993 274.239 305.495
#CUP_D#
  12.883 19.838 3.055 3.055 31.669 37.91 3.055 3.055 4.378 39.299 3.055 3.055 3.055 18.461 3.055 3.055
##ELECTR_SHORT##1989 233 23 49 18.985 status ES
# E1: 1989 233 23 48 54.865;   E2: 1989 233 23 49 42.865   #
#      #
  103.726 103.726 103.726 138.32 103.726 103.726 103.726 103.726 103.726 103.726 103.726 103.726 103.726 103.726 115.548 103.726 133.432 148.64 237.28 184.453 213.003 103.726 103.726 103.726 103.726 103.726 103.726 103.726
##L_SHORT#######1989 233 23 49 35.905 status LS
#      #
#      #
#CUP_A#
  103.726 407.039 103.726 453.431 103.726 103.726 148.64 103.726 965.243 2372.802 103.726 294.45 103.726 103.726 1114.645 750.346
#CUP_B#
  103.726 103.726 340.025 103.726 407.039 103.726 103.726 111.464 1383.205 205.476 103.726 103.726 103.726 103.726 103.726 103.726
#CUP_C#
  103.726 245.972 103.726 305.236 103.726 103.726 103.726 103.726 583.293 2840.446 103.726 583.293 198.215 133.432 305.236 198.215
#CUP_D#
  213.003 103.726 171.647 133.432 228.895 103.726 103.726 103.726 103.726 103.726 111.464 103.726 305.236 284.045 128.717 103.726
##ELECTR_LONG###1989 233 23 49 41.905 status EL
# E1: 1989 233 23 50 05.425;   E2: 1989 233 23 49 17.425   #
#      #
  3.055 37.91 39.299 69.884 21.318 30.549 72.444 3.055 3.055 60.517 27.424 3.055 35.278 39.299 10.762 26.455 69.884 3.055 80.701 93.192 3.055 9.661 86.722 7.244 138.438 32.829 898.988 674.146
##L_LONG########1989 233 23 49 48.145 status LL
#      #
#      #
#CUP_A#
  171.792 83.657 65.032 43.778 9.319 124.274 36.57 3.055 698.842 2551.991 80.701 650.323 284.285 1001.45 1115.589 1384.376
#CUP_B#
  83.657 56.316 60.517 165.722 3.055 52.406 3.055 3.055 1435.09 650.323 3.055 3.055 3.055 3.055 3.055 3.055
#CUP_C#
  24.618 43.778 3.055 18.461 3.055 9.661 42.231 60.517 453.815 2842.851 178.086 563.157 220.993 220.993 305.495 274.239
#CUP_D#
  32.829 50.554 3.055 3.055 37.91 34.031 4.538 3.055 3.055 19.838 3.055 3.055 3.055 3.528 3.055 3.055
##L_SHORT#######1989 233 23 50 23.904 status LS
#      #
#      #
#CUP_A#
  103.726 184.453 103.726 103.726 103.726 103.726 103.726 103.726 470.042 2549.832 165.581 171.647 294.45 103.726 866.486 673.576
#CUP_B#
  198.215 103.726 103.726 103.726 103.726 103.726 103.726 103.726 1241.685 487.261 103.726 103.726 103.726 103.726 103.726 103.726
#CUP_C#
  103.726 103.726 103.726 103.726 103.726 103.726 103.726 184.453 305.236 2944.5 124.169 365.394 264.324 177.935 184.453 245.972
#CUP_D#
  103.726 103.726 165.581 103.726 103.726 103.726 103.726 103.726 103.726 103.726 103.726 103.726 154.085 198.215 103.726 103.726
##L_LONG########1989 233 23 50 36.145 status LL
#      #
#      #
#CUP_A#
  171.792 19.137 3.055 3.055 3.055 119.882 62.734 50.554 650.323 2645.478 30.549 674.146 453.815 931.921 1156.456 1335.455
#CUP_B#
  3.055 3.055 23.748 3.055 3.055 3.055 3.055 3.055 1542.159 583.787 3.055 3.055 3.055 3.055 3.055 3.055
#CUP_C#
  3.055 3.055 56.316 3.055 3.055 31.669 58.379 100.145 316.686 2946.993 148.766 505.538 237.481 191.372 246.181 305.495
#CUP_D#
  36.57 83.657 54.326 75.098 119.882 65.032 3.055 45.382 3.055 3.055 7.51 3.055 3.055 3.055 3.055 3.055
##ELECTR_SHORT##1989 233 23 50 54.985 status ES
# E1: 1989 233 23 50 30.865;   E2: 1989 233 23 51 18.865   #
#      #
  103.726 103.726 103.726 103.726 103.726 103.726 103.726 103.726 245.972 103.726 133.432 103.726 111.464 103.726 103.726 103.726 103.726 103.726 103.726 103.726 245.972 133.432 103.726 103.726 124.169 103.726 103.726 103.726
##L_SHORT#######1989 233 23 51 11.905 status LS
#      #
#      #
#CUP_A#
  103.726 103.726 103.726 103.726 220.806 103.726 542.796 103.726 866.486 2643.239 103.726 673.576 103.726 159.73 723.83 931.132
#CUP_B#
  103.726 316.418 191.21 103.726 284.045 103.726 103.726 103.726 1486.403 103.726 103.726 103.726 103.726 103.726 103.726 103.726
#CUP_C#
  103.726 205.476 103.726 143.388 103.726 103.726 198.215 103.726 421.95 3052.365 103.726 626.811 103.726 133.432 245.972 328.01
#CUP_D#
  305.236 103.726 328.01 103.726 392.655 103.726 103.726 103.726 103.726 103.726 191.21 103.726 228.895 111.464 245.972 133.432
##ELECTR_LONG###1989 233 23 51 17.905 status EL
# E1: 1989 233 23 51 41.425;   E2: 1989 233 23 50 53.425   #
#      #
  3.055 72.444 54.326 58.379 31.669 3.657 3.055 28.429 7.51 52.406 27.424 9.319 3.055 5.241 3.055 3.055 111.559 3.055 37.91 56.316 3.055 72.444 40.738 31.669 100.145 56.316 931.921 750.981
##L_LONG########1989 233 23 51 24.145 status LL
#      #
#      #
#CUP_A#
  83.657 75.098 3.055 3.055 86.722 47.044 8.99 3.055 931.921 2645.478 171.792 674.146 294.699 966.06 1115.589 1435.09
#CUP_B#
  40.738 86.722 56.316 67.415 3.055 50.554 3.055 3.055 1846.095 316.686 3.055 3.055 3.055 3.055 3.055 3.055
#CUP_C#
  3.055 3.055 3.055 3.055 3.055 22.909 26.455 26.455 407.384 3054.95 184.61 524.058 237.481 220.993 305.495 274.239
#CUP_D#
  77.849 62.734 22.909 48.767 42.231 23.748 58.379 3.055 3.055 18.461 3.055 3.055 3.055 3.055 3.055 3.055
##M_LONG########1989 233 23 51 58.705 status ML
#      #
#      #
#CUP_A#
  64.137 136.532 23.421 23.421 23.421 23.421 27.046 23.421 23.421 23.421 23.421 23.421 43.175 23.421 23.421 23.421 23.421 23.421 23.421 23.421 23.421 23.421 23.421 23.421 23.421 23.421 23.421 24.279 23.421 23.421 23.421 23.421 23.421 33.563 27.046 31.233 23.421 23.421 23.421 23.421 23.421 23.421 23.421 23.421 23.421 23.421 23.421 28.037 23.421 23.421 23.421 23.421 23.421 23.421 23.421 23.421 23.421 260.907 23.421 55.541 110.024 23.421 23.421 66.487 23.421 23.421 74.065 29.064 23.421 37.388 57.575 416.496 1415.34 1270.532 312.328 23.421 23.421 23.421 23.421 23.421 23.421 23.421 23.421 74.065 23.421 23.421 23.421 23.421 23.421 23.421 98.767 169.428 122.563 23.421 29.064 23.421 59.684 85.528 74.065 23.421 23.421 23.421 23.421 23.421 23.421 36.067 23.421 23.421 23.421 27.046 242.793 163.441 163.441 114.054 152.093 127.053 88.662 88.662 290.644 182.069 66.487 122.563 146.719 431.753 141.534 23.421 301.291 169.428
#CUP_B#
  23.421 23.421 23.421 23.421 23.421 28.037 23.421 23.421 23.421 91.91 23.421 23.421 23.421 23.421 23.421 25.169 23.421 23.421 23.421 23.421 23.421 23.421 23.421 23.421 23.421 23.421 23.421 23.421 28.037 66.487 40.178 23.421 51.685 33.563 32.377 23.421 23.421 23.421 64.137 23.421 23.421 23.421 23.421 23.421 23.421 95.276 23.421 23.421 23.421 23.421 23.421 51.685 23.421 23.421 23.421 23.421 23.421 23.421 23.421 23.421 23.421 23.421 23.421 23.421 23.421 23.421 23.421 23.421 23.421 23.421 290.644 1270.532 1270.532 323.769 23.421 23.421 23.421 23.421 23.421 23.421 23.421 23.421 23.421 23.421 23.421 23.421 23.421 23.421 23.421 23.421 23.421 23.421 23.421 23.421 23.421 23.421 23.421 23.421 23.421 23.421 23.421 23.421 23.421 23.421 23.421 23.421 23.421 23.421 23.421 23.421 23.421 23.421 23.421 23.421 23.421 23.421 23.421 23.421 23.421 23.421 23.421 23.421 23.421 23.421 23.421 23.421 23.421 23.421
#CUP_C#
  23.421 23.421 23.421 27.046 23.421 31.233 23.421 23.421 34.792 23.421 23.421 23.421 23.421 23.421 23.421 23.421 23.421 23.421 23.421 23.421 23.421 48.096 23.421 26.091 23.421 23.421 23.421 23.421 23.421 23.421 23.421 23.421 23.421 33.563 51.685 23.421 23.421 23.421 41.65 23.421 23.421 49.858 26.091 23.421 34.792 36.067 23.421 23.421 41.65 55.541 23.421 23.421 23.421 23.421 23.421 64.137 23.421 23.421 23.421 76.778 23.421 66.487 23.421 23.421 23.421 23.421 23.421 23.421 23.421 23.421 31.233 202.82 1023.848 1467.188 596.844 71.447 44.757 23.421 23.421 23.421 23.421 23.421 23.421 23.421 23.421 29.064 23.421 32.377 48.096 23.421 102.385 169.428 152.093 25.169 23.421 48.096 23.421 24.279 32.377 23.421 23.421 46.397 23.421 29.064 82.506 34.792 64.137 131.708 25.169 68.922 23.421 57.575 91.91 23.421 23.421 49.858 29.064 23.421 23.421 23.421 41.65 23.421 23.421 106.135 23.421 74.065 23.421 66.487
#CUP_D#
  66.487 23.421 23.421 34.792 23.421 24.279 23.421 23.421 64.137 23.421 23.421 23.421 23.421 23.421 23.421 23.421 23.421 23.421 23.421 26.091 36.067 23.421 23.421 23.421 23.421 23.421 23.421 53.578 23.421 25.169 23.421 23.421 23.421 53.578 23.421 44.757 30.129 23.421 30.129 49.858 23.421 23.421 23.421 23.421 23.421 23.421 41.65 33.563 23.421 23.421 43.175 23.421 29.064 23.421 23.421 23.421 23.421 23.421 23.421 23.421 66.487 118.232 102.385 91.91 131.708 37.388 23.421 23.421 23.421 23.421 23.421 23.421 23.421 23.421 23.421 29.064 49.858 43.175 141.534 43.175 33.563 95.276 30.129 23.421 23.421 23.421 23.421 23.421 23.421 23.421 27.046 23.421 29.064 25.169 31.233 23.421 23.421 23.421 59.684 23.421 23.421 23.421 23.421 51.685 23.421 23.421 28.037 23.421 23.421 23.421 23.421 23.421 31.233 38.758 23.421 23.421 23.421 23.421 23.421 23.421 23.421 23.421 23.421 23.421 23.421 23.421 23.421 23.421
##L_LONG########1989 233 23 54 03.504 status LL
#      #
#      #
#CUP_A#
  3.055 3.055 3.055 3.055 3.055 12.883 3.055 3.055 583.787 3054.95 34.031 650.323 453.815 1001.45 1038.136 1384.376
#CUP_B#
  3.055 42.231 3.055 47.044 3.055 6.273 3.055 3.055 1076.166 966.06 3.055 3.055 3.055 3.055 3.055 3.055
#CUP_C#
  3.055 3.055 3.055 39.299 3.055 4.538 20.565 11.156 340.313 3166.862 119.882 563.157 264.548 237.481 305.495 305.495
#CUP_D#
  3.055 36.57 3.055 22.909 43.778 3.055 5.055 28.429 23.748 19.838 60.517 3.055 11.988 3.055 3.055 3.055
##L_SHORT#######1989 233 23 54 23.904 status LS
#      #
#      #
#CUP_A#
  103.726 103.726 103.726 103.726 143.388 103.726 604.66 103.726 898.228 2944.5 103.726 898.228 103.726 328.01 723.83 365.394
#CUP_B#
  103.726 421.95 171.647 103.726 103.726 103.726 103.726 103.726 562.68 1241.685 103.726 103.726 103.726 103.726 103.726 103.726
#CUP_C#
  107.525 133.432 103.726 103.726 103.726 103.726 103.726 103.726 453.431 3400.255 103.726 523.614 294.45 148.64 198.215 294.45
#CUP_D#
  103.726 103.726 103.726 103.726 103.726 143.388 103.726 165.581 103.726 103.726 103.726 103.726 103.726 103.726 103.726 103.726
##L_LONG########1989 233 23 54 36.145 status LL
#      #
#      #
#CUP_A#
  264.548 159.865 3.055 31.669 124.274 86.722 35.278 3.055 422.308 3282.873 107.617 724.443 505.538 966.06 1156.456 1435.09
#CUP_B#
  4.074 25.52 43.778 3.055 3.055 3.055 3.055 3.055 836.574 1384.376 3.055 3.055 3.055 3.055 3.055 3.055
#CUP_C#
  14.351 42.231 3.055 3.055 3.055 12.883 16.572 3.055 284.285 3282.873 154.216 524.058 220.993 220.993 305.495 305.495
#CUP_D#
  3.055 3.055 13.355 23.748 3.055 3.055 3.055 24.618 23.748 3.055 3.055 19.838 37.91 3.055 3.055 3.055
##ELECTR_SHORT##1989 233 23 54 54.985 status ES
# E1: 1989 233 23 54 30.865;   E2: 1989 233 23 55 18.865   #
#      #
  103.726 103.726 103.726 103.726 103.726 103.726 103.726 103.726 103.726 103.726 103.726 103.726 103.726 103.726 103.726 103.726 103.726 103.726 103.726 103.726 103.726 103.726 103.726 103.726 103.726 103.726 103.726 184.453
##L_SHORT#######1989 233 23 55 11.905 status LS
#      #
#      #
#CUP_A#
  103.726 407.039 103.726 505.111 103.726 198.215 107.525 103.726 284.045 3280.096 103.726 505.111 103.726 103.726 898.228 931.132
#CUP_B#
  103.726 103.726 274.007 103.726 604.66 103.726 103.726 103.726 487.261 1383.205 103.726 103.726 103.726 103.726 103.726 103.726
#CUP_C#
  103.726 171.647 103.726 213.003 103.726 103.726 143.388 103.726 284.045 3400.255 103.726 626.811 228.895 103.726 245.972 154.085
#CUP_D#
  205.476 103.726 245.972 191.21 284.045 191.21 103.726 107.525 103.726 103.726 103.726 103.726 294.45 205.476 103.726 103.726
##ELECTR_LONG###1989 233 23 55 17.905 status EL
# E1: 1989 233 23 55 41.425;   E2: 1989 233 23 54 53.425   #
#      #
  3.055 19.838 58.379 50.554 36.57 3.055 3.055 48.767 50.554 6.503 3.055 3.055 48.767 4.877 6.273 3.055 133.545 3.055 83.657 54.326 3.055 86.722 138.438 29.47 119.882 96.606 966.06 583.787
##L_LONG########1989 233 23 55 24.145 status LL
#      #
#      #
#CUP_A#
  67.415 15.987 100.145 52.406 3.055 10.014 3.055 3.055 543.255 3166.862 124.274 627.342 284.285 966.06 1115.589 1335.455
#CUP_B#
  143.509 138.438 34.031 3.055 54.326 83.657 3.055 3.055 674.146 1435.09 3.055 3.055 3.055 3.055 3.055 3.055
#CUP_C#
  10.014 58.379 6.052 35.278 3.055 48.767 3.055 42.231 316.686 3054.95 111.559 524.058 205.65 220.993 305.495 305.495
#CUP_D#
  3.055 3.055 3.055 34.031 3.055 3.055 3.055 14.351 24.618 3.055 3.055 23.748 30.549 3.055 3.055 3.055
##L_SHORT#######1989 233 23 55 59.905 status LS
#      #
#      #
#CUP_A#
  245.972 103.726 205.476 103.726 103.726 138.32 103.726 228.895 107.525 3052.365 103.726 750.346 103.726 604.66 365.394 1114.645
#CUP_B#
  103.726 103.726 103.726 133.432 103.726 103.726 103.726 103.726 698.251 835.866 103.726 103.726 103.726 103.726 103.726 103.726
#CUP_C#
  103.726 103.726 103.726 103.726 103.726 103.726 103.726 103.726 274.007 2944.5 103.726 604.66 107.525 245.972 128.717 284.045
#CUP_D#
  103.726 103.726 148.64 103.726 103.726 103.726 103.726 103.726 103.726 103.726 103.726 198.215 213.003 198.215 103.726 103.726
##L_LONG########1989 233 23 56 12.144 status LL
#      #
#      #
#CUP_A#
  48.767 52.406 39.299 31.669 13.355 3.055 3.055 3.055 650.323 2842.851 31.669 674.146 264.548 966.06 1076.166 1435.09
#CUP_B#
  3.055 3.055 100.145 3.055 3.528 42.231 3.055 3.055 966.06 1076.166 3.055 3.055 3.055 3.055 3.055 3.055
#CUP_C#
  3.055 31.669 11.565 3.055 3.055 19.838 3.055 29.47 437.778 2946.993 124.274 505.538 178.086 213.184 305.495 284.285
#CUP_D#
  3.055 3.055 19.137 35.278 3.055 3.055 4.877 31.669 3.055 3.055 3.055 19.137 30.549 3.055 3.055 3.055
##ELECTR_SHORT##1989 233 23 56 30.985 status ES
# E1: 1989 233 23 56 06.865;   E2: 1989 233 23 56 54.865   #
#      #
  103.726 103.726 103.726 103.726 103.726 103.726 103.726 103.726 103.726 103.726 103.726 103.726 103.726 133.432 103.726 103.726 103.726 103.726 103.726 103.726 103.726 103.726 103.726 103.726 103.726 103.726 103.726 133.432
##L_SHORT#######1989 233 23 56 47.905 status LS
#      #
#      #
#CUP_A#
  103.726 103.726 103.726 103.726 103.726 103.726 148.64 103.726 220.806 3164.182 103.726 835.866 103.726 328.01 673.576 1037.257
#CUP_B#
  103.726 154.085 340.025 103.726 437.408 103.726 103.726 103.726 806.328 777.833 103.726 103.726 103.726 103.726 103.726 103.726
#CUP_C#
  103.726 171.647 103.726 138.32 103.726 103.726 103.726 103.726 523.614 3052.365 103.726 626.811 191.21 159.73 198.215 352.482
#CUP_D#
  124.169 103.726 154.085 148.64 340.025 264.324 103.726 128.717 103.726 103.726 103.726 103.726 198.215 264.324 103.726 107.525
##ELECTR_LONG###1989 233 23 56 53.905 status EL
# E1: 1989 233 23 57 17.425;   E2: 1989 233 23 56 29.425   #
#      #
  3.055 3.055 42.231 3.055 36.57 3.055 24.618 50.554 32.829 48.767 3.055 14.877 3.055 21.318 3.055 19.838 58.379 3.055 48.767 36.57 3.055 124.274 69.884 27.424 119.882 111.559 931.921 650.323
##L_LONG########1989 233 23 57 00.145 status LL
#      #
#      #
#CUP_A#
  21.318 3.055 17.179 3.055 42.231 3.055 3.055 3.055 563.157 2742.39 56.316 627.342 274.239 1001.45 1076.166 1384.376
#CUP_B#
  124.274 60.517 43.778 32.829 3.055 65.032 3.055 3.055 867.22 1115.589 3.055 3.055 3.055 3.055 3.055 3.055
#CUP_C#
  3.055 19.137 30.549 27.424 7.244 12.883 50.554 3.055 437.778 2842.851 96.606 505.538 255.199 237.481 274.239 305.495
#CUP_D#
  3.055 3.055 3.055 21.318 25.52 3.055 3.055 8.07 37.91 3.055 3.055 3.055 22.099 5.433 3.055 3.055
##L_SHORT#######1989 233 23 57 35.905 status LS
#      #
#      #
#CUP_A#
  103.726 103.726 103.726 103.726 103.726 124.169 103.726 274.007 138.32 2944.5 103.726 470.042 103.726 505.111 437.408 1000.602
#CUP_B#
  103.726 103.726 103.726 245.972 103.726 103.726 103.726 103.726 931.132 698.251 103.726 103.726 103.726 103.726 103.726 103.726
#CUP_C#
  103.726 103.726 103.726 103.726 103.726 103.726 103.726 245.972 184.453 2840.446 103.726 470.042 148.64 177.935 103.726 254.983
#CUP_D#
  103.726 103.726 103.726 103.726 103.726 103.726 103.726 103.726 103.726 103.726 103.726 103.726 220.806 274.007 103.726 103.726
##L_LONG########1989 233 23 57 48.145 status LL
#      #
#      #
#CUP_A#
  36.57 11.988 47.044 47.044 3.055 8.366 3.055 3.055 583.787 2946.993 26.455 650.323 470.44 931.921 1038.136 1384.376
#CUP_B#
  3.055 58.379 3.055 77.849 3.055 13.355 3.055 3.055 807.01 966.06 3.055 3.055 3.055 3.055 3.055 3.055
#CUP_C#
  3.055 13.844 3.055 3.055 20.565 3.055 16.572 31.669 352.78 2842.851 103.814 437.778 205.65 237.481 284.285 305.495
#CUP_D#
  3.055 3.055 16.572 52.406 3.055 3.055 6.052 39.299 19.838 3.055 3.055 3.055 8.99 3.055 3.055 3.055
##ELECTR_SHORT##1989 233 23 58 06.985 status ES
# E1: 1989 233 23 57 42.865;   E2: 1989 233 23 58 30.864   #
#      #
  115.548 165.581 103.726 103.726 103.726 103.726 103.726 103.726 103.726 103.726 103.726 103.726 103.726 103.726 119.781 103.726 138.32 103.726 103.726 103.726 103.726 103.726 103.726 103.726 103.726 133.432 698.251 931.132
##L_SHORT#######1989 233 23 58 23.904 status LS
#      #
#      #
#CUP_A#
  103.726 220.806 103.726 264.324 103.726 177.935 103.726 119.781 159.73 3280.096 103.726 750.346 103.726 237.28 750.346 1000.602
#CUP_B#
  103.726 294.45 328.01 103.726 453.431 103.726 103.726 103.726 750.346 806.328 103.726 103.726 103.726 103.726 103.726 103.726
#CUP_C#
  103.726 245.972 103.726 220.806 103.726 103.726 213.003 103.726 392.655 3052.365 103.726 626.811 177.935 115.548 103.726 237.28
#CUP_D#
  171.647 103.726 254.983 103.726 340.025 184.453 103.726 115.548 103.726 103.726 103.726 103.726 133.432 133.432 165.581 103.726
##ELECTR_LONG###1989 233 23 58 29.905 status EL
# E1: 1989 233 23 58 53.424;   E2: 1989 233 23 58 05.425   #
#      #
  3.055 60.517 3.055 48.767 48.767 56.316 3.055 3.055 4.223 21.318 23.748 3.055 3.055 39.299 29.47 20.565 124.274 3.055 43.778 62.734 3.055 24.618 17.809 3.055 75.098 93.192 931.921 627.342
##L_LONG########1989 233 23 58 36.144 status LL
#      #
#      #
#CUP_A#
  3.055 42.231 10.014 3.055 3.055 8.366 3.055 3.055 524.058 2742.39 18.461 650.323 246.181 1038.136 1001.45 1335.455
#CUP_B#
  3.055 191.372 40.738 133.545 3.055 60.517 3.055 3.055 1038.136 1038.136 3.055 3.055 3.055 3.055 3.055 3.055
#CUP_C#
  3.055 31.669 3.055 31.669 3.055 31.669 89.899 11.988 379.1 2842.851 100.145 505.538 198.383 220.993 294.699 305.495
#CUP_D#
  107.617 3.055 30.549 48.767 39.299 3.055 31.669 3.055 3.055 3.055 3.055 3.055 19.137 3.055 3.055 3.055
##L_SHORT#######1989 233 23 59 11.904 status LS
#      #
#      #
#CUP_A#
  103.726 245.972 103.726 103.726 138.32 103.726 103.726 103.726 698.251 2459.725 328.01 115.548 407.039 103.726 866.486 806.328
#CUP_B#
  103.726 103.726 103.726 103.726 103.726 103.726 103.726 103.726 835.866 649.773 103.726 103.726 103.726 103.726 103.726 103.726
#CUP_C#
  103.726 103.726 103.726 103.726 103.726 103.726 103.726 154.085 340.025 2740.069 228.895 470.042 124.169 119.781 198.215 305.236
#CUP_D#
  103.726 103.726 103.726 103.726 103.726 103.726 103.726 103.726 103.726 128.717 103.726 103.726 119.781 220.806 103.726 103.726
##L_LONG########1989 233 23 59 24.144 status LL
#      #
#      #
#CUP_A#
  143.509 3.055 3.055 143.509 62.734 62.734 3.055 3.055 627.342 2742.39 143.509 724.443 284.285 931.921 1076.166 1435.09
#CUP_B#
  100.145 52.406 34.031 3.055 3.055 3.055 3.055 3.055 1115.589 807.01 3.055 3.055 3.055 3.055 3.055 3.055
#CUP_C#
  16.572 6.988 31.669 20.565 3.055 50.554 3.055 48.767 470.44 2742.39 93.192 563.157 264.548 237.481 264.548 305.495
#CUP_D#
  23.748 62.734 3.055 3.055 58.379 32.829 3.055 3.055 3.055 3.055 3.055 3.055 3.055 3.055 3.055 3.055
##ELECTR_SHORT##1989 233 23 59 42.984 status ES
# E1: 1989 233 23 59 18.864;   E2: 1989 234 00 00 06.864   #
#      #
  103.726 103.726 103.726 103.726 111.464 103.726 103.726 103.726 103.726 103.726 159.73 103.726 124.169 103.726 177.935 103.726 107.525 165.581 133.432 220.806 171.647 148.64 103.726 103.726 103.726 103.726 103.726 103.726
##L_SHORT#######1989 233 23 59 59.904 status LS
#      #
#      #
#CUP_A#
  103.726 365.394 103.726 165.581 184.453 103.726 604.66 103.726 835.866 2288.951 103.726 245.972 133.432 103.726 1197.806 542.796
#CUP_B#
  103.726 143.388 453.431 103.726 453.431 103.726 103.726 128.717 777.833 562.68 103.726 103.726 103.726 103.726 103.726 103.726
#CUP_C#
  103.726 205.476 103.726 245.972 103.726 103.726 103.726 103.726 470.042 2944.5 103.726 487.261 274.007 103.726 294.45 143.388
#CUP_D#
  340.025 103.726 143.388 103.726 294.45 128.717 103.726 124.169 124.169 103.726 237.28 103.726 378.779 159.73 177.935 103.726
##ELECTR_LONG###1989 234 00 00 05.904 status EL
# E1: 1989 234 00 00 29.424;   E2: 1989 233 23 59 41.424   #
#      #
  3.055 3.055 50.554 22.099 10.014 6.503 11.156 26.455 52.406 18.461 3.055 3.791 3.055 31.669 17.809 39.299 119.882 3.055 3.055 39.299 3.055 21.318 45.382 29.47 159.865 96.606 931.921 698.842